t,heave,pitch,roll,thrust,rpm
0.0167,1.51228,-3.421,-0.000,0.0,NaN
0.0333,1.49470,-3.376,0.000,0.0,NaN
0.0500,1.47653,-3.335,-0.000,0.0,NaN
0.0667,1.45788,-3.349,-0.000,0.0,NaN
0.0833,1.43882,-3.435,0.000,0.0,NaN
0.1000,1.41933,-3.531,-0.000,0.0,NaN
0.1167,1.39938,-3.586,0.000,0.0,NaN
0.1333,1.37896,-3.601,0.000,0.0,NaN
0.1500,1.35808,-3.594,-0.000,0.0,NaN
0.1667,1.33674,-3.624,-0.000,0.0,NaN
0.1833,1.31493,-3.696,-0.000,0.0,NaN
0.2000,1.29271,-3.793,0.000,0.0,NaN
0.2167,1.27007,-3.888,-0.000,0.0,NaN
0.2333,1.24700,-3.971,-0.000,0.0,NaN
0.2500,1.22346,-4.044,0.000,0.0,NaN
0.2667,1.19946,-4.099,0.000,0.0,NaN
0.2833,1.17509,-4.168,0.000,0.0,NaN
0.3000,1.15037,-4.285,0.000,0.0,NaN
0.3167,1.12530,-4.486,-0.000,0.0,NaN
0.3333,1.09979,-4.769,0.000,0.0,NaN
0.3500,1.07382,-5.119,-0.000,0.0,NaN
0.3667,1.04737,-5.528,0.000,0.0,NaN
0.3833,1.02039,-6.010,0.000,0.0,NaN
0.4000,0.99277,-6.593,-0.000,0.0,NaN
0.4167,0.96440,-7.292,-0.000,0.0,NaN
0.4333,0.93520,-8.119,-0.000,0.0,NaN
0.4500,0.90511,-9.078,0.000,0.0,NaN
0.4667,0.87406,-10.170,-0.000,0.0,NaN
0.4833,0.84195,-11.393,-0.000,0.0,NaN
0.5000,0.80863,-12.730,-0.000,0.0,NaN
0.5167,0.77394,-14.199,0.000,0.0,NaN
0.5333,0.73774,-15.819,0.000,0.0,NaN
0.5500,0.69986,-17.597,0.000,0.0,NaN
0.5667,0.66140,-19.478,0.011,0.0,NaN
0.5833,0.62606,-21.424,0.063,0.0,NaN
0.6000,0.59560,-23.402,0.095,0.0,NaN
0.6167,0.56842,-25.387,0.043,0.0,NaN
0.6333,0.54294,-27.414,0.010,0.0,NaN
0.6500,0.51812,-29.468,0.023,0.0,NaN
0.6667,0.49303,-31.584,0.012,0.0,NaN
0.6833,0.46719,-33.773,-0.017,0.0,NaN
0.7000,0.44040,-36.016,-0.021,0.0,NaN
0.7167,0.41268,-38.274,-0.023,0.0,NaN
0.7333,0.38397,-40.529,-0.043,0.0,NaN
0.7500,0.35416,-42.788,-0.062,0.0,NaN
0.7667,0.32329,-45.064,-0.069,0.0,NaN
0.7833,0.29138,-47.358,-0.079,0.0,NaN
0.8000,0.25843,-49.650,-0.094,0.0,NaN
0.8167,0.22396,-51.951,-0.102,0.0,NaN
0.8333,0.18748,-54.258,-0.103,0.0,NaN
0.8500,0.14891,-56.574,-0.116,0.0,NaN
0.8667,0.10829,-58.892,-0.126,0.0,NaN
0.8833,0.06580,-61.216,-0.132,0.0,NaN
0.9000,0.02169,-63.568,-0.135,0.0,NaN
0.9167,-0.02371,-65.957,-0.141,0.0,NaN
0.9333,-0.07007,-68.388,-0.151,0.0,NaN
0.9500,-0.11687,-70.814,-0.146,0.0,NaN
0.9667,-0.16380,-73.215,-0.136,0.0,NaN
0.9833,-0.21239,-75.624,-0.140,0.0,NaN
1.0000,-0.26352,-78.138,-0.147,0.0,NaN
1.0167,-0.31535,-80.691,-0.138,0.0,NaN
1.0333,-0.36541,-83.053,-0.124,0.0,NaN
1.0500,-0.41252,-85.091,-0.110,0.0,NaN
1.0667,-0.45568,-86.841,-0.094,0.0,NaN
1.0833,-0.49431,-88.433,-0.072,0.0,NaN
1.1000,-0.52761,-89.948,-0.051,0.0,NaN
1.1167,-0.55405,-88.365,-0.023,0.0,NaN
1.1333,-0.57214,-86.689,-0.004,0.0,NaN
1.1500,-0.58098,-85.182,0.019,0.0,NaN
1.1667,-0.58019,-83.965,0.043,0.0,NaN
1.1833,-0.56989,-82.977,0.066,0.0,NaN
1.2000,-0.55038,-82.185,0.086,0.0,NaN
1.2167,-0.52216,-81.521,0.107,0.0,NaN
1.2333,-0.48620,-80.876,0.123,0.0,NaN
1.2500,-0.44395,-80.243,0.137,0.0,NaN
1.2667,-0.39712,-79.721,0.144,0.0,NaN
1.2833,-0.34716,-79.417,0.146,0.0,NaN
1.3000,-0.29494,-79.267,0.140,0.0,NaN
1.3167,-0.24078,-79.163,0.128,0.0,NaN
1.3333,-0.18485,-79.050,0.113,0.0,NaN
1.3500,-0.12752,-78.913,0.093,0.0,NaN
1.3667,-0.06934,-78.776,0.081,0.0,NaN
1.3833,-0.01108,-78.768,0.074,0.0,NaN
1.4000,0.04610,-78.935,0.072,0.0,NaN
1.4167,0.10115,-79.175,0.077,0.0,NaN
1.4333,0.15350,-79.380,0.080,0.0,NaN
1.4500,0.20303,-79.517,0.077,0.0,NaN
1.4667,0.24964,-79.555,0.058,0.0,NaN
1.4833,0.29322,-79.533,0.038,0.0,NaN
1.5000,0.33378,-79.572,0.015,0.0,NaN
1.5167,0.37144,-79.737,-0.014,0.0,NaN
1.5333,0.40634,-79.961,-0.034,0.0,NaN
1.5500,0.43860,-80.172,-0.050,0.0,NaN
1.5667,0.46824,-80.317,-0.055,0.0,NaN
1.5833,0.49519,-80.356,-0.066,0.0,NaN
1.6000,0.51934,-80.345,-0.079,0.0,NaN
1.6167,0.54068,-80.410,-0.087,0.0,NaN
1.6333,0.55930,-80.585,-0.102,0.0,NaN
1.6500,0.57527,-80.794,-0.132,0.0,NaN
1.6667,0.58862,-80.990,-0.154,0.0,NaN
1.6833,0.59940,-81.136,-0.173,0.0,NaN
1.7000,0.60766,-81.194,-0.188,0.0,NaN
1.7167,0.61341,-81.215,-0.194,0.0,NaN
1.7333,0.61669,-81.298,-0.199,0.0,NaN
1.7500,0.61749,-81.458,-0.192,0.0,NaN
1.7667,0.61583,-81.652,-0.190,0.0,NaN
1.7833,0.61170,-81.857,-0.192,0.0,NaN
1.8000,0.60511,-82.007,-0.212,0.0,NaN
1.8167,0.59605,-82.071,-0.229,0.0,NaN
1.8333,0.58453,-82.112,-0.252,0.0,NaN
1.8500,0.57057,-82.205,-0.283,0.0,NaN
1.8667,0.55415,-82.362,-0.308,0.0,NaN
1.8833,0.53530,-82.550,-0.320,0.0,NaN
1.9000,0.51404,-82.743,-0.330,0.0,NaN
1.9167,0.49037,-82.887,-0.339,0.0,NaN
1.9333,0.46441,-82.963,-0.339,0.0,NaN
1.9500,0.43644,-83.018,-0.341,0.0,NaN
1.9667,0.40667,-83.103,-0.347,0.0,NaN
1.9833,0.37524,-83.234,-0.361,0.0,NaN
2.0000,0.34220,-83.398,-0.378,0.0,NaN
2.0167,0.30765,-83.561,-0.392,0.0,NaN
2.0333,0.27166,-83.668,-0.409,0.0,NaN
2.0500,0.23434,-83.702,-0.422,0.0,NaN
2.0667,0.19585,-83.707,-0.431,0.0,NaN
2.0833,0.15653,-83.736,-0.436,0.0,NaN
2.1000,0.11692,-83.803,-0.444,0.0,NaN
2.1167,0.07748,-83.892,-0.455,0.0,NaN
2.1333,0.03845,-83.961,-0.468,0.0,NaN
2.1500,0.00002,-83.978,-0.479,0.0,NaN
2.1667,-0.03737,-83.937,-0.493,0.0,NaN
2.1833,-0.07306,-83.885,-0.496,0.0,NaN
2.2000,-0.10632,-83.890,-0.476,0.0,NaN
2.2167,-0.13638,-83.987,-0.429,0.0,NaN
2.2333,-0.16265,-84.165,-0.348,0.0,NaN
2.2500,-0.18488,-84.397,-0.236,0.0,NaN
2.2667,-0.20287,-84.666,-0.111,0.0,NaN
2.2833,-0.21652,-84.953,0.014,0.0,NaN
2.3000,-0.22579,-85.274,0.123,0.0,NaN
2.3167,-0.23070,-85.657,0.210,0.0,NaN
2.3333,-0.23125,-86.108,0.275,0.0,NaN
2.3500,-0.22749,-86.624,0.326,0.0,NaN
2.3667,-0.21945,-87.197,0.375,0.0,NaN
2.3833,-0.20723,-87.803,0.427,0.0,NaN
2.4000,-0.19106,-88.419,0.485,0.0,NaN
2.4167,-0.17136,-89.020,0.545,0.0,NaN
2.4333,-0.14889,-89.398,0.597,0.0,NaN
2.4500,-0.12464,-89.052,0.633,0.0,NaN
2.4667,-0.09972,-88.359,0.638,0.0,NaN
2.4833,-0.07501,-87.601,0.608,0.0,NaN
2.5000,-0.05108,-86.845,0.541,0.0,NaN
2.5167,-0.02816,-86.108,0.450,0.0,NaN
2.5333,-0.00627,-85.391,0.352,0.0,NaN
2.5500,0.01464,-84.675,0.264,0.0,NaN
2.5667,0.03459,-83.949,0.204,0.0,NaN
2.5833,0.05358,-83.217,0.177,0.0,NaN
2.6000,0.07160,-82.482,0.159,0.0,NaN
2.6167,0.08863,-81.748,0.139,0.0,NaN
2.6333,0.10459,-81.037,0.107,0.0,NaN
2.6500,0.11942,-80.371,0.042,0.0,NaN
2.6667,0.13302,-79.720,-0.044,0.0,NaN
2.6833,0.14531,-79.051,-0.124,0.0,NaN
2.7000,0.15624,-78.363,-0.187,0.0,NaN
2.7167,0.16578,-77.677,-0.230,0.0,NaN
2.7333,0.17390,-77.016,-0.236,0.0,NaN
2.7500,0.18057,-76.379,-0.224,0.0,NaN
2.7667,0.18576,-75.759,-0.211,0.0,NaN
2.7833,0.18947,-75.152,-0.213,0.0,NaN
2.8000,0.19167,-74.538,-0.240,0.0,NaN
2.8167,0.19237,-73.904,-0.303,0.0,NaN
2.8333,0.19157,-73.273,-0.399,0.0,NaN
2.8500,0.18926,-72.662,-0.508,0.0,NaN
2.8667,0.18547,-72.063,-0.607,0.0,NaN
2.8833,0.18021,-71.482,-0.683,0.0,NaN
2.9000,0.17353,-70.915,-0.720,0.0,NaN
2.9167,0.16545,-70.341,-0.730,0.0,NaN
2.9333,0.15605,-69.749,-0.721,0.0,NaN
2.9500,0.14536,-69.154,-0.715,0.0,NaN
2.9667,0.13347,-68.576,-0.728,0.0,NaN
2.9833,0.12045,-68.017,-0.767,0.0,NaN
3.0000,0.10639,-67.465,-0.820,0.0,NaN
3.0167,0.09137,-66.905,-0.880,0.0,NaN
3.0333,0.07544,-66.343,-0.943,0.0,NaN
3.0500,0.05856,-65.777,-0.989,0.0,NaN
3.0667,0.04082,-65.210,-1.018,0.0,NaN
3.0833,0.02234,-64.655,-1.035,0.0,NaN
3.1000,0.00331,-64.109,-1.053,0.0,NaN
3.1167,-0.01627,-63.584,-1.084,0.0,NaN
3.1333,-0.03639,-63.064,-1.126,0.0,NaN
3.1500,-0.05696,-62.539,-1.179,0.0,NaN
3.1667,-0.07788,-62.010,-1.246,0.0,NaN
3.1833,-0.09908,-61.481,-1.316,0.0,NaN
3.2000,-0.12050,-60.956,-1.365,0.0,NaN
3.2167,-0.14202,-60.442,-1.390,0.0,NaN
3.2333,-0.16355,-59.948,-1.395,0.0,NaN
3.2500,-0.18497,-59.461,-1.388,0.0,NaN
3.2667,-0.20617,-58.973,-1.383,0.0,NaN
3.2833,-0.22701,-58.486,-1.394,0.0,NaN
3.3000,-0.24732,-57.992,-1.428,0.0,NaN
3.3167,-0.26695,-57.503,-1.481,0.0,NaN
3.3333,-0.28573,-57.036,-1.543,0.0,NaN
3.3500,-0.30356,-56.601,-1.604,0.0,NaN
3.3667,-0.32035,-56.186,-1.654,0.0,NaN
3.3833,-0.33610,-55.778,-1.682,0.0,NaN
3.4000,-0.35079,-55.376,-1.688,0.0,NaN
3.4167,-0.36439,-54.980,-1.672,0.0,NaN
3.4333,-0.37685,-54.598,-1.640,0.0,NaN
3.4500,-0.38812,-54.231,-1.599,0.0,NaN
3.4667,-0.39813,-53.876,-1.553,0.0,NaN
3.4833,-0.40686,-53.529,-1.495,0.0,NaN
3.5000,-0.41430,-53.186,-1.418,0.0,NaN
3.5167,-0.42047,-52.842,-1.315,0.0,NaN
3.5333,-0.42543,-52.497,-1.186,0.0,NaN
3.5500,-0.42921,-52.157,-1.031,0.0,NaN
3.5667,-0.43186,-51.827,-0.858,0.0,NaN
3.5833,-0.43342,-51.505,-0.681,0.0,NaN
3.6000,-0.43396,-51.190,-0.515,0.0,NaN
3.6167,-0.43355,-50.878,-0.368,0.0,NaN
3.6333,-0.43226,-50.567,-0.240,0.0,NaN
3.6500,-0.43013,-50.259,-0.130,0.0,NaN
3.6667,-0.42721,-49.956,-0.029,0.0,NaN
3.6833,-0.42355,-49.660,0.073,0.0,NaN
3.7000,-0.41918,-49.374,0.183,0.0,NaN
3.7167,-0.41413,-49.097,0.302,0.0,NaN
3.7333,-0.40846,-48.825,0.427,0.0,NaN
3.7500,-0.40221,-48.555,0.552,0.0,NaN
3.7667,-0.39544,-48.285,0.670,0.0,NaN
3.7833,-0.38819,-48.018,0.775,0.0,NaN
3.8000,-0.38050,-47.760,0.869,0.0,NaN
3.8167,-0.37242,-47.509,0.958,0.0,NaN
3.8333,-0.36395,-47.266,1.048,0.0,NaN
3.8500,-0.35510,-47.025,1.148,0.0,NaN
3.8667,-0.34590,-46.784,1.260,0.0,NaN
3.8833,-0.33635,-46.543,1.381,0.0,NaN
3.9000,-0.32647,-46.304,1.504,0.0,NaN
3.9167,-0.31625,-46.072,1.620,0.0,NaN
3.9333,-0.30572,-45.848,1.726,0.0,NaN
3.9500,-0.29487,-45.631,1.818,0.0,NaN
3.9667,-0.28373,-45.418,1.900,0.0,NaN
3.9833,-0.27230,-45.204,1.978,0.0,NaN
4.0000,-0.26059,-44.989,2.060,0.0,NaN
4.0167,-0.24861,-44.777,2.151,0.0,NaN
4.0333,-0.23637,-44.572,2.253,0.0,NaN
4.0500,-0.22388,-44.372,2.366,0.0,NaN
4.0667,-0.21118,-44.176,2.481,0.0,NaN
4.0833,-0.19832,-43.982,2.593,0.0,NaN
4.1000,-0.18536,-43.789,2.693,0.0,NaN
4.1167,-0.17242,-43.599,2.782,0.0,NaN
4.1333,-0.15960,-43.416,2.860,0.0,NaN
4.1500,-0.14704,-43.240,2.934,0.0,NaN
4.1667,-0.13488,-43.070,3.011,0.0,NaN
4.1833,-0.12327,-42.903,3.094,0.0,NaN
4.2000,-0.11233,-42.738,3.185,0.0,NaN
4.2167,-0.10218,-42.572,3.278,0.0,NaN
4.2333,-0.09292,-42.404,3.370,0.0,NaN
4.2500,-0.08461,-42.238,3.458,0.0,NaN
4.2667,-0.07733,-42.075,3.538,0.0,NaN
4.2833,-0.07111,-41.914,3.612,0.0,NaN
4.3000,-0.06599,-41.753,3.684,0.0,NaN
4.3167,-0.06201,-41.587,3.759,0.0,NaN
4.3333,-0.05916,-41.417,3.841,0.0,NaN
4.3500,-0.05748,-41.243,3.931,0.0,NaN
4.3667,-0.05694,-41.066,4.029,0.0,NaN
4.3833,-0.05756,-40.887,4.129,0.0,NaN
4.4000,-0.05930,-40.709,4.224,0.0,NaN
4.4167,-0.06213,-40.532,4.309,0.0,NaN
4.4333,-0.06601,-40.356,4.382,0.0,NaN
4.4500,-0.07090,-40.180,4.445,0.0,NaN
4.4667,-0.07673,-40.005,4.504,0.0,NaN
4.4833,-0.08342,-39.831,4.565,0.0,NaN
4.5000,-0.09089,-39.663,4.633,0.0,NaN
4.5167,-0.09906,-39.499,4.709,0.0,NaN
4.5333,-0.10783,-39.341,4.795,0.0,NaN
4.5500,-0.11712,-39.189,4.883,0.0,NaN
4.5667,-0.12683,-39.043,4.970,0.0,NaN
4.5833,-0.13689,-38.904,5.053,0.0,NaN
4.6000,-0.14722,-38.775,5.129,0.0,NaN
4.6167,-0.15771,-38.657,5.199,0.0,NaN
4.6333,-0.16826,-38.550,5.262,0.0,NaN
4.6500,-0.17878,-38.451,5.319,0.0,NaN
4.6667,-0.18917,-38.358,5.371,0.0,NaN
4.6833,-0.19934,-38.270,5.412,0.0,NaN
4.7000,-0.20922,-38.189,5.440,0.0,NaN
4.7167,-0.21875,-38.116,5.446,0.0,NaN
4.7333,-0.22789,-38.052,5.424,0.0,NaN
4.7500,-0.23660,-37.995,5.371,0.0,NaN
4.7667,-0.24487,-37.944,5.287,0.0,NaN
4.7833,-0.25269,-37.898,5.176,0.0,NaN
4.8000,-0.26008,-37.855,5.048,0.0,NaN
4.8167,-0.26705,-37.816,4.907,0.0,NaN
4.8333,-0.27362,-37.780,4.760,0.0,NaN
4.8500,-0.27982,-37.747,4.608,0.0,NaN
4.8667,-0.28566,-37.718,4.451,0.0,NaN
4.8833,-0.29117,-37.693,4.289,0.0,NaN
4.9000,-0.29636,-37.675,4.119,0.0,NaN
4.9167,-0.30123,-37.664,3.943,0.0,NaN
4.9333,-0.30580,-37.660,3.763,0.0,NaN
4.9500,-0.31006,-37.663,3.583,0.0,NaN
4.9667,-0.31402,-37.672,3.407,0.0,NaN
4.9833,-0.31767,-37.690,3.241,0.0,NaN
5.0000,-0.32101,-37.715,3.086,0.0,NaN
5.0167,-0.32404,-37.748,2.940,0.0,NaN
5.0333,-0.32676,-37.789,2.800,0.0,NaN
5.0500,-0.32914,-37.839,2.661,0.0,NaN
5.0667,-0.33120,-37.899,2.519,0.0,NaN
5.0833,-0.33291,-37.969,2.374,0.0,NaN
5.1000,-0.33428,-38.048,2.227,0.0,NaN
5.1167,-0.33532,-38.137,2.082,0.0,NaN
5.1333,-0.33602,-38.235,1.942,0.0,NaN
5.1500,-0.33640,-38.340,1.809,0.0,NaN
5.1667,-0.33649,-38.454,1.684,0.0,NaN
5.1833,-0.33629,-38.575,1.564,0.0,NaN
5.2000,-0.33584,-38.705,1.446,0.0,NaN
5.2167,-0.33516,-38.842,1.327,0.0,NaN
5.2333,-0.33429,-38.987,1.205,0.0,NaN
5.2500,-0.33324,-39.139,1.079,0.0,NaN
5.2667,-0.33207,-39.295,0.953,0.0,NaN
5.2833,-0.33080,-39.456,0.829,0.0,NaN
5.3000,-0.32947,-39.621,0.710,0.0,NaN
5.3167,-0.32811,-39.791,0.598,0.0,NaN
5.3333,-0.32677,-39.964,0.492,0.0,NaN
5.3500,-0.32545,-40.140,0.388,0.0,NaN
5.3667,-0.32421,-40.317,0.284,0.0,NaN
5.3833,-0.32306,-40.496,0.176,0.0,NaN
5.4000,-0.32204,-40.677,0.062,0.0,NaN
5.4167,-0.32115,-40.858,-0.055,0.0,NaN
5.4333,-0.32043,-41.041,-0.172,0.0,NaN
5.4500,-0.31988,-41.224,-0.285,0.0,NaN
5.4667,-0.31954,-41.407,-0.392,0.0,NaN
5.4833,-0.31940,-41.590,-0.492,0.0,NaN
5.5000,-0.31948,-41.773,-0.585,0.0,NaN
5.5167,-0.31979,-41.956,-0.675,0.0,NaN
5.5333,-0.32035,-42.139,-0.764,0.0,NaN
5.5500,-0.32115,-42.322,-0.856,0.0,NaN
5.5667,-0.32221,-42.505,-0.951,0.0,NaN
5.5833,-0.32352,-42.688,-1.049,0.0,NaN
5.6000,-0.32511,-42.871,-1.147,0.0,NaN
5.6167,-0.32696,-43.054,-1.242,0.0,NaN
5.6333,-0.32909,-43.237,-1.333,0.0,NaN
5.6500,-0.33151,-43.421,-1.419,0.0,NaN
5.6667,-0.33421,-43.605,-1.502,0.0,NaN
5.6833,-0.33720,-43.789,-1.587,0.0,NaN
5.7000,-0.34050,-43.973,-1.675,0.0,NaN
5.7167,-0.34409,-44.158,-1.767,0.0,NaN
5.7333,-0.34799,-44.343,-1.863,0.0,NaN
5.7500,-0.35220,-44.528,-1.959,0.0,NaN
5.7667,-0.35672,-44.713,-2.051,0.0,NaN
5.7833,-0.36154,-44.900,-2.137,0.0,NaN
5.8000,-0.36663,-45.088,-2.215,0.0,NaN
5.8167,-0.37199,-45.277,-2.283,0.0,NaN
5.8333,-0.37754,-45.467,-2.342,0.0,NaN
5.8500,-0.38325,-45.657,-2.391,0.0,NaN
5.8667,-0.38903,-45.846,-2.431,0.0,NaN
5.8833,-0.39482,-46.036,-2.457,0.0,NaN
5.9000,-0.40053,-46.225,-2.466,0.0,NaN
5.9167,-0.40611,-46.415,-2.452,0.0,NaN
5.9333,-0.41149,-46.605,-2.409,0.0,NaN
5.9500,-0.41664,-46.797,-2.335,0.0,NaN
5.9667,-0.42150,-46.990,-2.230,0.0,NaN
5.9833,-0.42606,-47.184,-2.097,0.0,NaN
6.0000,-0.43031,-47.379,-1.944,0.0,NaN
6.0167,-0.43423,-47.575,-1.775,0.0,NaN
6.0333,-0.43783,-47.772,-1.596,0.0,NaN
6.0500,-0.44111,-47.970,-1.410,0.0,NaN
6.0667,-0.44409,-48.169,-1.221,0.0,NaN
6.0833,-0.44678,-48.372,-1.029,0.0,NaN
6.1000,-0.44919,-48.577,-0.836,0.0,NaN
6.1167,-0.45133,-48.785,-0.642,0.0,NaN
6.1333,-0.45321,-48.996,-0.451,0.0,NaN
6.1500,-0.45484,-49.209,-0.266,0.0,NaN
6.1667,-0.45620,-49.426,-0.091,0.0,NaN
6.1833,-0.45728,-49.645,0.073,0.0,NaN
6.2000,-0.45806,-49.867,0.224,0.0,NaN
6.2167,-0.45852,-50.091,0.366,0.0,NaN
6.2333,-0.45860,-50.316,0.501,0.0,NaN
6.2500,-0.45825,-50.541,0.630,0.0,NaN
6.2667,-0.45742,-50.764,0.753,0.0,NaN
6.2833,-0.45608,-50.985,0.868,0.0,NaN
6.3000,-0.45421,-51.204,0.968,0.0,NaN
6.3167,-0.45184,-51.421,1.049,0.0,NaN
6.3333,-0.44898,-51.636,1.103,0.0,NaN
6.3500,-0.44572,-51.847,1.128,0.0,NaN
6.3667,-0.44212,-52.057,1.125,0.0,NaN
6.3833,-0.43826,-52.264,1.096,0.0,NaN
6.4000,-0.43423,-52.469,1.049,0.0,NaN
6.4167,-0.43012,-52.672,0.988,0.0,NaN
6.4333,-0.42602,-52.874,0.920,0.0,NaN
6.4500,-0.42201,-53.074,0.850,0.0,NaN
6.4667,-0.41817,-53.273,0.779,0.0,NaN
6.4833,-0.41457,-53.473,0.708,0.0,NaN
6.5000,-0.41129,-53.672,0.638,0.0,NaN
6.5167,-0.40836,-53.871,0.571,0.0,NaN
6.5333,-0.40583,-54.070,0.506,0.0,NaN
6.5500,-0.40372,-54.271,0.447,0.0,NaN
6.5667,-0.40207,-54.473,0.395,0.0,NaN
6.5833,-0.40088,-54.677,0.349,0.0,NaN
6.6000,-0.40016,-54.883,0.309,0.0,NaN
6.6167,-0.39992,-55.090,0.270,0.0,NaN
6.6333,-0.40014,-55.297,0.226,0.0,NaN
6.6500,-0.40081,-55.507,0.173,0.0,NaN
6.6667,-0.40193,-55.718,0.110,0.0,NaN
6.6833,-0.40347,-55.931,0.038,0.0,NaN
6.7000,-0.40540,-56.145,-0.040,0.0,NaN
6.7167,-0.40767,-56.359,-0.115,0.0,NaN
6.7333,-0.41025,-56.572,-0.183,0.0,NaN
6.7500,-0.41305,-56.784,-0.238,0.0,NaN
6.7667,-0.41602,-56.995,-0.278,0.0,NaN
6.7833,-0.41906,-57.204,-0.304,0.0,NaN
6.8000,-0.42208,-57.411,-0.317,0.0,NaN
6.8167,-0.42496,-57.612,-0.322,0.0,NaN
6.8333,-0.42762,-57.808,-0.320,0.0,NaN
6.8500,-0.42994,-57.997,-0.313,0.0,NaN
6.8667,-0.43186,-58.177,-0.298,0.0,NaN
6.8833,-0.43329,-58.350,-0.275,0.0,NaN
6.9000,-0.43419,-58.514,-0.241,0.0,NaN
6.9167,-0.43451,-58.669,-0.197,0.0,NaN
6.9333,-0.43423,-58.813,-0.143,0.0,NaN
6.9500,-0.43334,-58.947,-0.084,0.0,NaN
6.9667,-0.43185,-59.070,-0.025,0.0,NaN
6.9833,-0.42978,-59.184,0.032,0.0,NaN
7.0000,-0.42718,-59.287,0.084,0.0,NaN
7.0167,-0.42408,-59.382,0.130,0.0,NaN
7.0333,-0.42056,-59.469,0.171,0.0,NaN
7.0500,-0.41669,-59.548,0.207,0.0,NaN
7.0667,-0.41255,-59.620,0.237,0.0,NaN
7.0833,-0.40824,-59.686,0.261,0.0,NaN
7.1000,-0.40384,-59.748,0.275,0.0,NaN
7.1167,-0.39946,-59.807,0.276,0.0,NaN
7.1333,-0.39518,-59.863,0.262,0.0,NaN
7.1500,-0.39108,-59.919,0.233,0.0,NaN
7.1667,-0.38725,-59.974,0.194,0.0,NaN
7.1833,-0.38375,-60.029,0.148,0.0,NaN
7.2000,-0.38063,-60.085,0.102,0.0,NaN
7.2167,-0.37795,-60.141,0.063,0.0,NaN
7.2333,-0.37575,-60.199,0.033,0.0,NaN
7.2500,-0.37405,-60.259,0.014,0.0,NaN
7.2667,-0.37288,-60.322,0.002,0.0,NaN
7.2833,-0.37225,-60.387,-0.006,0.0,NaN
7.3000,-0.37217,-60.455,-0.015,0.0,NaN
7.3167,-0.37263,-60.524,-0.028,0.0,NaN
7.3333,-0.37362,-60.595,-0.046,0.0,NaN
7.3500,-0.37512,-60.667,-0.069,0.0,NaN
7.3667,-0.37710,-60.742,-0.095,0.0,NaN
7.3833,-0.37951,-60.817,-0.120,0.0,NaN
7.4000,-0.38230,-60.893,-0.142,0.0,NaN
7.4167,-0.38541,-60.968,-0.161,0.0,NaN
7.4333,-0.38876,-61.042,-0.174,0.0,NaN
7.4500,-0.39228,-61.113,-0.183,0.0,NaN
7.4667,-0.39588,-61.181,-0.185,0.0,NaN
7.4833,-0.39947,-61.246,-0.180,0.0,NaN
7.5000,-0.40295,-61.305,-0.166,0.0,NaN
7.5167,-0.40623,-61.357,-0.142,0.0,NaN
7.5333,-0.40921,-61.402,-0.107,0.0,NaN
7.5500,-0.41181,-61.438,-0.064,0.0,NaN
7.5667,-0.41397,-61.465,-0.015,0.0,NaN
7.5833,-0.41563,-61.481,0.033,0.0,NaN
7.6000,-0.41674,-61.487,0.075,0.0,NaN
7.6167,-0.41728,-61.481,0.108,0.0,NaN
7.6333,-0.41723,-61.465,0.127,0.0,NaN
7.6500,-0.41662,-61.437,0.135,0.0,NaN
7.6667,-0.41546,-61.399,0.134,0.0,NaN
7.6833,-0.41382,-61.350,0.127,0.0,NaN
7.7000,-0.41173,-61.292,0.118,0.0,NaN
7.7167,-0.40929,-61.226,0.110,0.0,NaN
7.7333,-0.40658,-61.153,0.102,0.0,NaN
7.7500,-0.40368,-61.073,0.094,0.0,NaN
7.7667,-0.40071,-60.988,0.083,0.0,NaN
7.7833,-0.39776,-60.900,0.069,0.0,NaN
7.8000,-0.39492,-60.808,0.051,0.0,NaN
7.8167,-0.39228,-60.715,0.029,0.0,NaN
7.8333,-0.38992,-60.621,0.004,0.0,NaN
7.8500,-0.38792,-60.528,-0.022,0.0,NaN
7.8667,-0.38634,-60.435,-0.047,0.0,NaN
7.8833,-0.38521,-60.343,-0.072,0.0,NaN
7.9000,-0.38458,-60.253,-0.095,0.0,NaN
7.9167,-0.38448,-60.164,-0.117,0.0,NaN
7.9333,-0.38491,-60.078,-0.139,0.0,NaN
7.9500,-0.38590,-59.993,-0.158,0.0,NaN
7.9667,-0.38743,-59.911,-0.173,0.0,NaN
7.9833,-0.38950,-59.830,-0.182,0.0,NaN
8.0000,-0.39207,-59.751,-0.182,0.0,NaN
8.0167,-0.39512,-59.674,-0.172,0.0,NaN
8.0333,-0.39860,-59.597,-0.154,0.0,NaN
8.0500,-0.40246,-59.520,-0.129,0.0,NaN
8.0667,-0.40662,-59.444,-0.101,0.0,NaN
8.0833,-0.41102,-59.366,-0.074,0.0,NaN
8.1000,-0.41557,-59.286,-0.050,0.0,NaN
8.1167,-0.42017,-59.202,-0.030,0.0,NaN
8.1333,-0.42475,-59.115,-0.012,0.0,NaN
8.1500,-0.42921,-59.023,0.005,0.0,NaN
8.1667,-0.43345,-58.925,0.022,0.0,NaN
8.1833,-0.43739,-58.819,0.042,0.0,NaN
8.2000,-0.44093,-58.706,0.063,0.0,NaN
8.2167,-0.44402,-58.585,0.083,0.0,NaN
8.2333,-0.44658,-58.454,0.101,0.0,NaN
8.2500,-0.44859,-58.314,0.113,0.0,NaN
8.2667,-0.45005,-58.165,0.118,0.0,NaN
8.2833,-0.45092,-58.007,0.115,0.0,NaN
8.3000,-0.45121,-57.842,0.104,0.0,NaN
8.3167,-0.45094,-57.668,0.088,0.0,NaN
8.3333,-0.45017,-57.485,0.068,0.0,NaN
8.3500,-0.44897,-57.295,0.046,0.0,NaN
8.3667,-0.44741,-57.098,0.023,0.0,NaN
8.3833,-0.44560,-56.896,-0.002,0.0,NaN
8.4000,-0.44362,-56.690,-0.027,0.0,NaN
8.4167,-0.44157,-56.481,-0.051,0.0,NaN
8.4333,-0.43956,-56.270,-0.074,0.0,NaN
8.4500,-0.43768,-56.058,-0.093,0.0,NaN
8.4667,-0.43602,-55.846,-0.106,0.0,NaN
8.4833,-0.43465,-55.633,-0.111,0.0,NaN
8.5000,-0.43364,-55.422,-0.110,0.0,NaN
8.5167,-0.43306,-55.214,-0.102,0.0,NaN
8.5333,-0.43292,-55.008,-0.092,0.0,NaN
8.5500,-0.43328,-54.805,-0.082,0.0,NaN
8.5667,-0.43414,-54.604,-0.075,0.0,NaN
8.5833,-0.43550,-54.406,-0.072,0.0,NaN
8.6000,-0.43737,-54.212,-0.072,0.0,NaN
8.6167,-0.43975,-54.021,-0.073,0.0,NaN
8.6333,-0.44259,-53.833,-0.074,0.0,NaN
8.6500,-0.44583,-53.649,-0.071,0.0,NaN
8.6667,-0.44941,-53.470,-0.063,0.0,NaN
8.6833,-0.45327,-53.294,-0.049,0.0,NaN
8.7000,-0.45732,-53.121,-0.031,0.0,NaN
8.7167,-0.46149,-52.950,-0.010,0.0,NaN
8.7333,-0.46568,-52.783,0.011,0.0,NaN
8.7500,-0.46981,-52.618,0.031,0.0,NaN
8.7667,-0.47377,-52.456,0.048,0.0,NaN
8.7833,-0.47749,-52.294,0.062,0.0,NaN
8.8000,-0.48088,-52.134,0.072,0.0,NaN
8.8167,-0.48386,-51.975,0.079,0.0,NaN
8.8333,-0.48641,-51.816,0.081,0.0,NaN
8.8500,-0.48852,-51.659,0.079,0.0,NaN
8.8667,-0.49015,-51.503,0.071,0.0,NaN
8.8833,-0.49121,-51.350,0.059,0.0,NaN
8.9000,-0.49168,-51.200,0.042,0.0,NaN
8.9167,-0.49157,-51.051,0.023,0.0,NaN
8.9333,-0.49089,-50.903,0.004,0.0,NaN
8.9500,-0.48970,-50.756,-0.012,0.0,NaN
8.9667,-0.48806,-50.612,-0.023,0.0,NaN
8.9833,-0.48602,-50.472,-0.030,0.0,NaN
9.0000,-0.48367,-50.337,-0.031,0.0,NaN
9.0167,-0.48110,-50.206,-0.031,0.0,NaN
9.0333,-0.47840,-50.082,-0.029,0.0,NaN
9.0500,-0.47565,-49.963,-0.030,0.0,NaN
9.0667,-0.47294,-49.850,-0.034,0.0,NaN
9.0833,-0.47034,-49.742,-0.041,0.0,NaN
9.1000,-0.46795,-49.641,-0.052,0.0,NaN
9.1167,-0.46581,-49.548,-0.063,0.0,NaN
9.1333,-0.46398,-49.462,-0.075,0.0,NaN
9.1500,-0.46252,-49.384,-0.084,0.0,NaN
9.1667,-0.46146,-49.313,-0.090,0.0,NaN
9.1833,-0.46083,-49.249,-0.093,0.0,NaN
9.2000,-0.46064,-49.192,-0.094,0.0,NaN
9.2167,-0.46089,-49.142,-0.092,0.0,NaN
9.2333,-0.46159,-49.100,-0.089,0.0,NaN
9.2500,-0.46271,-49.067,-0.084,0.0,NaN
9.2667,-0.46424,-49.042,-0.077,0.0,NaN
9.2833,-0.46614,-49.024,-0.069,0.0,NaN
9.3000,-0.46837,-49.014,-0.060,0.0,NaN
9.3167,-0.47086,-49.011,-0.050,0.0,NaN
9.3333,-0.47356,-49.016,-0.042,0.0,NaN
9.3500,-0.47641,-49.030,-0.036,0.0,NaN
9.3667,-0.47933,-49.053,-0.032,0.0,NaN
9.3833,-0.48223,-49.084,-0.031,0.0,NaN
9.4000,-0.48505,-49.122,-0.031,0.0,NaN
9.4167,-0.48771,-49.167,-0.031,0.0,NaN
9.4333,-0.49013,-49.220,-0.028,0.0,NaN
9.4500,-0.49225,-49.279,-0.023,0.0,NaN
9.4667,-0.49400,-49.345,-0.014,0.0,NaN
9.4833,-0.49533,-49.418,-0.002,0.0,NaN
9.5000,-0.49621,-49.497,0.012,0.0,NaN
9.5167,-0.49659,-49.581,0.026,0.0,NaN
9.5333,-0.49648,-49.669,0.037,0.0,NaN
9.5500,-0.49588,-49.761,0.045,0.0,NaN
9.5667,-0.49481,-49.858,0.049,0.0,NaN
9.5833,-0.49330,-49.960,0.049,0.0,NaN
9.6000,-0.49140,-50.065,0.046,0.0,NaN
9.6167,-0.48917,-50.174,0.042,0.0,NaN
9.6333,-0.48669,-50.284,0.036,0.0,NaN
9.6500,-0.48403,-50.398,0.030,0.0,NaN
9.6667,-0.48127,-50.513,0.023,0.0,NaN
9.6833,-0.47850,-50.631,0.016,0.0,NaN
9.7000,-0.47579,-50.751,0.008,0.0,NaN
9.7167,-0.47323,-50.874,0.001,0.0,NaN
9.7333,-0.47087,-50.997,-0.006,0.0,NaN
9.7500,-0.46877,-51.123,-0.012,0.0,NaN
9.7667,-0.46699,-51.249,-0.015,0.0,NaN
9.7833,-0.46557,-51.377,-0.018,0.0,NaN
9.8000,-0.46453,-51.506,-0.020,0.0,NaN
9.8167,-0.46389,-51.637,-0.021,0.0,NaN
9.8333,-0.46365,-51.768,-0.025,0.0,NaN
9.8500,-0.46383,-51.901,-0.028,0.0,NaN
9.8667,-0.46439,-52.034,-0.035,0.0,NaN
9.8833,-0.46531,-52.167,-0.042,0.0,NaN
9.9000,-0.46655,-52.300,-0.047,0.0,NaN
9.9167,-0.46808,-52.433,-0.048,0.0,NaN
9.9333,-0.46984,-52.565,-0.046,0.0,NaN
9.9500,-0.47177,-52.695,-0.041,0.0,NaN
9.9667,-0.47380,-52.823,-0.032,0.0,NaN
9.9833,-0.47585,-52.948,-0.019,0.0,NaN
10.0000,-0.47786,-53.069,-0.006,0.0,NaN
10.0167,-0.47973,-53.185,0.006,0.0,NaN
10.0333,-0.48140,-53.296,0.018,0.0,NaN
10.0500,-0.48280,-53.403,0.026,0.0,NaN
10.0667,-0.48387,-53.504,0.032,0.0,NaN
10.0833,-0.48456,-53.598,0.034,0.0,NaN
10.1000,-0.48484,-53.685,0.035,0.0,NaN
10.1167,-0.48468,-53.765,0.035,0.0,NaN
10.1333,-0.48408,-53.838,0.033,0.0,NaN
10.1500,-0.48306,-53.905,0.029,0.0,NaN
10.1667,-0.48163,-53.964,0.023,0.0,NaN
10.1833,-0.47985,-54.017,0.017,0.0,NaN
10.2000,-0.47776,-54.064,0.010,0.0,NaN
10.2167,-0.47542,-54.104,0.003,0.0,NaN
10.2333,-0.47291,-54.138,-0.002,0.0,NaN
10.2500,-0.47029,-54.168,-0.005,0.0,NaN
10.2667,-0.46766,-54.193,-0.007,0.0,NaN
10.2833,-0.46509,-54.215,-0.008,0.0,NaN
10.3000,-0.46266,-54.233,-0.009,0.0,NaN
10.3167,-0.46044,-54.248,-0.012,0.0,NaN
10.3333,-0.45849,-54.261,-0.016,0.0,NaN
10.3500,-0.45687,-54.271,-0.022,0.0,NaN
10.3667,-0.45563,-54.280,-0.028,0.0,NaN
10.3833,-0.45481,-54.287,-0.034,0.0,NaN
10.4000,-0.45442,-54.293,-0.038,0.0,NaN
10.4167,-0.45449,-54.298,-0.040,0.0,NaN
10.4333,-0.45501,-54.302,-0.038,0.0,NaN
10.4500,-0.45597,-54.304,-0.032,0.0,NaN
10.4667,-0.45734,-54.304,-0.025,0.0,NaN
10.4833,-0.45909,-54.302,-0.016,0.0,NaN
10.5000,-0.46117,-54.299,-0.007,0.0,NaN
10.5167,-0.46351,-54.294,0.002,0.0,NaN
10.5333,-0.46606,-54.285,0.010,0.0,NaN
10.5500,-0.46874,-54.274,0.018,0.0,NaN
10.5667,-0.47146,-54.259,0.024,0.0,NaN
10.5833,-0.47415,-54.239,0.028,0.0,NaN
10.6000,-0.47673,-54.215,0.032,0.0,NaN
10.6167,-0.47913,-54.185,0.033,0.0,NaN
10.6333,-0.48128,-54.151,0.032,0.0,NaN
10.6500,-0.48313,-54.110,0.029,0.0,NaN
10.6667,-0.48461,-54.063,0.024,0.0,NaN
10.6833,-0.48571,-54.009,0.017,0.0,NaN
10.7000,-0.48639,-53.949,0.010,0.0,NaN
10.7167,-0.48666,-53.882,0.003,0.0,NaN
10.7333,-0.48651,-53.809,-0.003,0.0,NaN
10.7500,-0.48598,-53.730,-0.007,0.0,NaN
10.7667,-0.48509,-53.645,-0.011,0.0,NaN
10.7833,-0.48389,-53.555,-0.014,0.0,NaN
10.8000,-0.48244,-53.460,-0.017,0.0,NaN
10.8167,-0.48080,-53.361,-0.021,0.0,NaN
10.8333,-0.47904,-53.258,-0.024,0.0,NaN
10.8500,-0.47724,-53.153,-0.027,0.0,NaN
10.8667,-0.47547,-53.046,-0.028,0.0,NaN
10.8833,-0.47379,-52.938,-0.028,0.0,NaN
10.9000,-0.47229,-52.829,-0.025,0.0,NaN
10.9167,-0.47102,-52.719,-0.020,0.0,NaN
10.9333,-0.47004,-52.610,-0.014,0.0,NaN
10.9500,-0.46939,-52.501,-0.008,0.0,NaN
10.9667,-0.46911,-52.393,-0.001,0.0,NaN
10.9833,-0.46921,-52.287,0.004,0.0,NaN
11.0000,-0.46972,-52.183,0.009,0.0,NaN
11.0167,-0.47066,-52.080,0.012,0.0,NaN
11.0333,-0.47210,-51.981,0.014,0.0,NaN
11.0500,-0.47396,-51.886,0.015,0.0,NaN
11.0667,-0.47614,-51.793,0.016,0.0,NaN
11.0833,-0.47859,-51.702,0.016,0.0,NaN
11.1000,-0.48125,-51.612,0.016,0.0,NaN
11.1167,-0.48404,-51.523,0.015,0.0,NaN
11.1333,-0.48690,-51.436,0.013,0.0,NaN
11.1500,-0.48973,-51.349,0.011,0.0,NaN
11.1667,-0.49247,-51.265,0.008,0.0,NaN
11.1833,-0.49504,-51.182,0.006,0.0,NaN
11.2000,-0.49735,-51.101,0.005,0.0,NaN
11.2167,-0.49935,-51.021,0.004,0.0,NaN
11.2333,-0.50098,-50.941,0.004,0.0,NaN
11.2500,-0.50221,-50.861,0.003,0.0,NaN
11.2667,-0.50299,-50.784,0.001,0.0,NaN
11.2833,-0.50333,-50.708,-0.002,0.0,NaN
11.3000,-0.50320,-50.635,-0.007,0.0,NaN
11.3167,-0.50266,-50.564,-0.012,0.0,NaN
11.3333,-0.50171,-50.493,-0.017,0.0,NaN
11.3500,-0.50040,-50.424,-0.020,0.0,NaN
11.3667,-0.49877,-50.358,-0.023,0.0,NaN
11.3833,-0.49688,-50.296,-0.024,0.0,NaN
11.4000,-0.49480,-50.238,-0.022,0.0,NaN
11.4167,-0.49262,-50.184,-0.019,0.0,NaN
11.4333,-0.49039,-50.136,-0.015,0.0,NaN
11.4500,-0.48821,-50.092,-0.009,0.0,NaN
11.4667,-0.48614,-50.052,-0.004,0.0,NaN
11.4833,-0.48425,-50.016,0.001,0.0,NaN
11.5000,-0.48260,-49.986,0.005,0.0,NaN
11.5167,-0.48125,-49.962,0.009,0.0,NaN
11.5333,-0.48023,-49.945,0.013,0.0,NaN
11.5500,-0.47957,-49.933,0.015,0.0,NaN
11.5667,-0.47931,-49.926,0.017,0.0,NaN
11.5833,-0.47944,-49.924,0.017,0.0,NaN
11.6000,-0.47998,-49.927,0.015,0.0,NaN
11.6167,-0.48089,-49.936,0.013,0.0,NaN
11.6333,-0.48217,-49.951,0.011,0.0,NaN
11.6500,-0.48376,-49.972,0.009,0.0,NaN
11.6667,-0.48564,-49.998,0.007,0.0,NaN
11.6833,-0.48773,-50.028,0.006,0.0,NaN
11.7000,-0.48999,-50.063,0.006,0.0,NaN
11.7167,-0.49233,-50.101,0.007,0.0,NaN
11.7333,-0.49468,-50.144,0.007,0.0,NaN
11.7500,-0.49697,-50.191,0.007,0.0,NaN
11.7667,-0.49913,-50.242,0.006,0.0,NaN
11.7833,-0.50108,-50.297,0.003,0.0,NaN
11.8000,-0.50275,-50.352,-0.000,0.0,NaN
11.8167,-0.50410,-50.410,-0.004,0.0,NaN
11.8333,-0.50508,-50.468,-0.007,0.0,NaN
11.8500,-0.50566,-50.529,-0.010,0.0,NaN
11.8667,-0.50580,-50.591,-0.012,0.0,NaN
11.8833,-0.50552,-50.654,-0.012,0.0,NaN
11.9000,-0.50480,-50.717,-0.012,0.0,NaN
11.9167,-0.50369,-50.781,-0.011,0.0,NaN
11.9333,-0.50221,-50.844,-0.010,0.0,NaN
11.9500,-0.50041,-50.907,-0.008,0.0,NaN
11.9667,-0.49835,-50.969,-0.006,0.0,NaN
11.9833,-0.49610,-51.033,-0.004,0.0,NaN
12.0000,-0.49373,-51.097,-0.001,0.0,NaN
12.0167,-0.49131,-51.160,0.001,0.0,NaN
12.0333,-0.48892,-51.223,0.003,0.0,NaN
12.0500,-0.48663,-51.286,0.005,0.0,NaN
12.0667,-0.48452,-51.349,0.006,0.0,NaN
12.0833,-0.48264,-51.412,0.006,0.0,NaN
12.1000,-0.48105,-51.475,0.006,0.0,NaN
12.1167,-0.47979,-51.540,0.005,0.0,NaN
12.1333,-0.47890,-51.604,0.005,0.0,NaN
12.1500,-0.47840,-51.668,0.005,0.0,NaN
12.1667,-0.47830,-51.732,0.006,0.0,NaN
12.1833,-0.47860,-51.795,0.007,0.0,NaN
12.2000,-0.47928,-51.859,0.009,0.0,NaN
12.2167,-0.48032,-51.922,0.010,0.0,NaN
12.2333,-0.48169,-51.985,0.010,0.0,NaN
12.2500,-0.48334,-52.046,0.008,0.0,NaN
12.2667,-0.48520,-52.105,0.006,0.0,NaN
12.2833,-0.48722,-52.161,0.002,0.0,NaN
12.3000,-0.48933,-52.215,-0.002,0.0,NaN
12.3167,-0.49145,-52.267,-0.006,0.0,NaN
12.3333,-0.49352,-52.315,-0.009,0.0,NaN
12.3500,-0.49546,-52.360,-0.012,0.0,NaN
12.3667,-0.49721,-52.400,-0.013,0.0,NaN
12.3833,-0.49871,-52.434,-0.013,0.0,NaN
12.4000,-0.49990,-52.463,-0.012,0.0,NaN
12.4167,-0.50076,-52.487,-0.010,0.0,NaN
12.4333,-0.50124,-52.505,-0.008,0.0,NaN
12.4500,-0.50134,-52.518,-0.005,0.0,NaN
12.4667,-0.50105,-52.525,-0.002,0.0,NaN
12.4833,-0.50038,-52.527,0.002,0.0,NaN
12.5000,-0.49936,-52.522,0.005,0.0,NaN
12.5167,-0.49803,-52.512,0.007,0.0,NaN
12.5333,-0.49643,-52.497,0.009,0.0,NaN
12.5500,-0.49462,-52.477,0.009,0.0,NaN
12.5667,-0.49266,-52.454,0.008,0.0,NaN
12.5833,-0.49063,-52.426,0.007,0.0,NaN
12.6000,-0.48859,-52.396,0.004,0.0,NaN
12.6167,-0.48661,-52.362,0.002,0.0,NaN
12.6333,-0.48476,-52.326,0.001,0.0,NaN
12.6500,-0.48311,-52.288,0.000,0.0,NaN
12.6667,-0.48171,-52.249,0.000,0.0,NaN
12.6833,-0.48061,-52.208,0.001,0.0,NaN
12.7000,-0.47986,-52.168,0.002,0.0,NaN
12.7167,-0.47947,-52.126,0.003,0.0,NaN
12.7333,-0.47948,-52.084,0.003,0.0,NaN
12.7500,-0.47989,-52.042,0.002,0.0,NaN
12.7667,-0.48068,-51.999,0.001,0.0,NaN
12.7833,-0.48185,-51.956,-0.001,0.0,NaN
12.8000,-0.48337,-51.913,-0.003,0.0,NaN
12.8167,-0.48519,-51.871,-0.004,0.0,NaN
12.8333,-0.48726,-51.828,-0.006,0.0,NaN
12.8500,-0.48952,-51.784,-0.007,0.0,NaN
12.8667,-0.49191,-51.739,-0.007,0.0,NaN
12.8833,-0.49435,-51.693,-0.008,0.0,NaN
12.9000,-0.49678,-51.647,-0.007,0.0,NaN
12.9167,-0.49911,-51.600,-0.007,0.0,NaN
12.9333,-0.50128,-51.552,-0.005,0.0,NaN
12.9500,-0.50324,-51.503,-0.004,0.0,NaN
12.9667,-0.50493,-51.452,-0.001,0.0,NaN
12.9833,-0.50631,-51.400,0.001,0.0,NaN
13.0000,-0.50735,-51.347,0.003,0.0,NaN
13.0167,-0.50800,-51.294,0.005,0.0,NaN
13.0333,-0.50825,-51.239,0.006,0.0,NaN
13.0500,-0.50810,-51.183,0.006,0.0,NaN
13.0667,-0.50758,-51.126,0.005,0.0,NaN
13.0833,-0.50669,-51.067,0.005,0.0,NaN
13.1000,-0.50547,-51.006,0.004,0.0,NaN
13.1167,-0.50397,-50.946,0.003,0.0,NaN
13.1333,-0.50225,-50.887,0.002,0.0,NaN
13.1500,-0.50036,-50.830,0.002,0.0,NaN
13.1667,-0.49839,-50.775,0.002,0.0,NaN
13.1833,-0.49639,-50.721,0.002,0.0,NaN
13.2000,-0.49445,-50.668,0.001,0.0,NaN
13.2167,-0.49262,-50.618,0.000,0.0,NaN
13.2333,-0.49098,-50.570,-0.001,0.0,NaN
13.2500,-0.48958,-50.525,-0.003,0.0,NaN
13.2667,-0.48846,-50.485,-0.004,0.0,NaN
13.2833,-0.48768,-50.450,-0.005,0.0,NaN
13.3000,-0.48726,-50.417,-0.006,0.0,NaN
13.3167,-0.48721,-50.388,-0.007,0.0,NaN
13.3333,-0.48754,-50.361,-0.007,0.0,NaN
13.3500,-0.48824,-50.339,-0.007,0.0,NaN
13.3667,-0.48929,-50.322,-0.006,0.0,NaN
13.3833,-0.49067,-50.309,-0.005,0.0,NaN
13.4000,-0.49233,-50.300,-0.003,0.0,NaN
13.4167,-0.49422,-50.295,-0.001,0.0,NaN
13.4333,-0.49628,-50.293,0.001,0.0,NaN
13.4500,-0.49844,-50.294,0.003,0.0,NaN
13.4667,-0.50064,-50.298,0.005,0.0,NaN
13.4833,-0.50281,-50.306,0.006,0.0,NaN
13.5000,-0.50487,-50.318,0.006,0.0,NaN
13.5167,-0.50677,-50.332,0.006,0.0,NaN
13.5333,-0.50844,-50.348,0.005,0.0,NaN
13.5500,-0.50982,-50.366,0.004,0.0,NaN
13.5667,-0.51089,-50.384,0.002,0.0,NaN
13.5833,-0.51159,-50.404,0.000,0.0,NaN
13.6000,-0.51192,-50.427,-0.001,0.0,NaN
13.6167,-0.51186,-50.450,-0.001,0.0,NaN
13.6333,-0.51141,-50.475,-0.001,0.0,NaN
13.6500,-0.51058,-50.500,-0.001,0.0,NaN
13.6667,-0.50942,-50.526,-0.001,0.0,NaN
13.6833,-0.50794,-50.553,-0.000,0.0,NaN
13.7000,-0.50622,-50.580,-0.000,0.0,NaN
13.7167,-0.50429,-50.609,-0.000,0.0,NaN
13.7333,-0.50222,-50.640,-0.001,0.0,NaN
13.7500,-0.50009,-50.672,-0.001,0.0,NaN
13.7667,-0.49796,-50.704,-0.001,0.0,NaN
13.7833,-0.49589,-50.738,-0.002,0.0,NaN
13.8000,-0.49397,-50.772,-0.002,0.0,NaN
13.8167,-0.49224,-50.809,-0.003,0.0,NaN
13.8333,-0.49076,-50.847,-0.003,0.0,NaN
13.8500,-0.48959,-50.887,-0.004,0.0,NaN
13.8667,-0.48874,-50.928,-0.004,0.0,NaN
13.8833,-0.48826,-50.970,-0.004,0.0,NaN
13.9000,-0.48815,-51.014,-0.003,0.0,NaN
13.9167,-0.48841,-51.058,-0.001,0.0,NaN
13.9333,-0.48904,-51.103,0.000,0.0,NaN
13.9500,-0.49002,-51.149,0.002,0.0,NaN
13.9667,-0.49131,-51.196,0.004,0.0,NaN
13.9833,-0.49287,-51.243,0.004,0.0,NaN
14.0000,-0.49464,-51.289,0.005,0.0,NaN
14.0167,-0.49657,-51.335,0.005,0.0,NaN
14.0333,-0.49858,-51.379,0.004,0.0,NaN
14.0500,-0.50062,-51.423,0.004,0.0,NaN
14.0667,-0.50260,-51.465,0.003,0.0,NaN
14.0833,-0.50446,-51.505,0.002,0.0,NaN
14.1000,-0.50615,-51.543,0.001,0.0,NaN
14.1167,-0.50759,-51.577,0.001,0.0,NaN
14.1333,-0.50875,-51.608,0.000,0.0,NaN
14.1500,-0.50958,-51.635,-0.000,0.0,NaN
14.1667,-0.51007,-51.658,-0.001,0.0,NaN
14.1833,-0.51018,-51.679,-0.002,0.0,NaN
14.2000,-0.50992,-51.695,-0.003,0.0,NaN
14.2167,-0.50929,-51.708,-0.004,0.0,NaN
14.2333,-0.50832,-51.716,-0.004,0.0,NaN
14.2500,-0.50705,-51.720,-0.004,0.0,NaN
14.2667,-0.50550,-51.721,-0.004,0.0,NaN
14.2833,-0.50375,-51.719,-0.004,0.0,NaN
14.3000,-0.50184,-51.714,-0.003,0.0,NaN
14.3167,-0.49985,-51.706,-0.002,0.0,NaN
14.3333,-0.49784,-51.696,-0.002,0.0,NaN
14.3500,-0.49587,-51.684,-0.001,0.0,NaN
14.3667,-0.49403,-51.670,0.000,0.0,NaN
14.3833,-0.49236,-51.654,0.001,0.0,NaN
14.4000,-0.49093,-51.638,0.003,0.0,NaN
14.4167,-0.48978,-51.620,0.004,0.0,NaN
14.4333,-0.48896,-51.603,0.004,0.0,NaN
14.4500,-0.48849,-51.585,0.005,0.0,NaN
14.4667,-0.48840,-51.566,0.005,0.0,NaN
14.4833,-0.48868,-51.547,0.004,0.0,NaN
14.5000,-0.48933,-51.527,0.002,0.0,NaN
14.5167,-0.49035,-51.508,0.001,0.0,NaN
14.5333,-0.49169,-51.489,-0.000,0.0,NaN
14.5500,-0.49333,-51.469,-0.001,0.0,NaN
14.5667,-0.49520,-51.450,-0.002,0.0,NaN
14.5833,-0.49725,-51.429,-0.002,0.0,NaN
14.6000,-0.49941,-51.408,-0.002,0.0,NaN
14.6167,-0.50161,-51.385,-0.002,0.0,NaN
14.6333,-0.50379,-51.362,-0.001,0.0,NaN
14.6500,-0.50587,-51.338,-0.001,0.0,NaN
14.6667,-0.50782,-51.313,-0.001,0.0,NaN
14.6833,-0.50958,-51.287,-0.001,0.0,NaN
14.7000,-0.51111,-51.259,-0.001,0.0,NaN
14.7167,-0.51236,-51.231,-0.001,0.0,NaN
14.7333,-0.51329,-51.201,-0.001,0.0,NaN
14.7500,-0.51385,-51.171,-0.001,0.0,NaN
14.7667,-0.51403,-51.139,-0.001,0.0,NaN
14.7833,-0.51383,-51.105,-0.002,0.0,NaN
14.8000,-0.51325,-51.069,-0.002,0.0,NaN
14.8167,-0.51232,-51.031,-0.003,0.0,NaN
14.8333,-0.51108,-50.992,-0.003,0.0,NaN
14.8500,-0.50956,-50.953,-0.002,0.0,NaN
14.8667,-0.50783,-50.914,-0.002,0.0,NaN
14.8833,-0.50595,-50.875,-0.000,0.0,NaN
14.9000,-0.50398,-50.837,0.001,0.0,NaN
14.9167,-0.50199,-50.798,0.002,0.0,NaN
14.9333,-0.50005,-50.761,0.003,0.0,NaN
14.9500,-0.49823,-50.724,0.003,0.0,NaN
14.9667,-0.49660,-50.691,0.003,0.0,NaN
14.9833,-0.49520,-50.659,0.003,0.0,NaN
15.0000,-0.49410,-50.630,0.003,0.0,NaN
15.0167,-0.49331,-50.603,0.002,0.0,NaN
15.0333,-0.49289,-50.578,0.001,0.0,NaN
15.0500,-0.49283,-50.556,0.000,0.0,NaN
15.0667,-0.49315,-50.537,-0.000,0.0,NaN
15.0833,-0.49384,-50.520,-0.001,0.0,NaN
15.1000,-0.49488,-50.507,-0.001,0.0,NaN
15.1167,-0.49624,-50.497,-0.001,0.0,NaN
15.1333,-0.49787,-50.489,-0.002,0.0,NaN
15.1500,-0.49973,-50.484,-0.002,0.0,NaN
15.1667,-0.50175,-50.481,-0.002,0.0,NaN
15.1833,-0.50387,-50.479,-0.002,0.0,NaN
15.2000,-0.50602,-50.481,-0.002,0.0,NaN
15.2167,-0.50814,-50.484,-0.002,0.0,NaN
15.2333,-0.51015,-50.490,-0.001,0.0,NaN
15.2500,-0.51199,-50.496,-0.001,0.0,NaN
15.2667,-0.51361,-50.503,-0.001,0.0,NaN
15.2833,-0.51495,-50.510,-0.001,0.0,NaN
15.3000,-0.51599,-50.518,-0.001,0.0,NaN
15.3167,-0.51668,-50.527,-0.000,0.0,NaN
15.3333,-0.51701,-50.537,0.000,0.0,NaN
15.3500,-0.51695,-50.546,0.001,0.0,NaN
15.3667,-0.51652,-50.556,0.001,0.0,NaN
15.3833,-0.51573,-50.565,0.002,0.0,NaN
15.4000,-0.51461,-50.574,0.002,0.0,NaN
15.4167,-0.51319,-50.583,0.002,0.0,NaN
15.4333,-0.51153,-50.593,0.002,0.0,NaN
15.4500,-0.50966,-50.604,0.001,0.0,NaN
15.4667,-0.50767,-50.615,0.001,0.0,NaN
15.4833,-0.50561,-50.627,0.000,0.0,NaN
15.5000,-0.50355,-50.640,-0.001,0.0,NaN
15.5167,-0.50155,-50.654,-0.001,0.0,NaN
15.5333,-0.49970,-50.669,-0.001,0.0,NaN
15.5500,-0.49803,-50.685,-0.001,0.0,NaN
15.5667,-0.49661,-50.703,-0.001,0.0,NaN
15.5833,-0.49548,-50.723,-0.001,0.0,NaN
15.6000,-0.49469,-50.744,-0.001,0.0,NaN
15.6167,-0.49425,-50.767,-0.000,0.0,NaN
15.6333,-0.49418,-50.790,-0.000,0.0,NaN
15.6500,-0.49448,-50.815,0.000,0.0,NaN
15.6667,-0.49514,-50.842,0.000,0.0,NaN
15.6833,-0.49614,-50.870,0.000,0.0,NaN
15.7000,-0.49745,-50.899,0.000,0.0,NaN
15.7167,-0.49902,-50.928,-0.000,0.0,NaN
15.7333,-0.50080,-50.958,-0.001,0.0,NaN
15.7500,-0.50274,-50.987,-0.001,0.0,NaN
15.7667,-0.50476,-51.016,-0.002,0.0,NaN
15.7833,-0.50679,-51.045,-0.002,0.0,NaN
15.8000,-0.50878,-51.073,-0.002,0.0,NaN
15.8167,-0.51065,-51.100,-0.001,0.0,NaN
15.8333,-0.51235,-51.125,-0.001,0.0,NaN
15.8500,-0.51381,-51.148,-0.000,0.0,NaN
15.8667,-0.51501,-51.169,0.001,0.0,NaN
15.8833,-0.51591,-51.188,0.002,0.0,NaN
15.9000,-0.51647,-51.205,0.002,0.0,NaN
15.9167,-0.51668,-51.219,0.002,0.0,NaN
15.9333,-0.51651,-51.231,0.002,0.0,NaN
15.9500,-0.51598,-51.240,0.002,0.0,NaN
15.9667,-0.51510,-51.245,0.001,0.0,NaN
15.9833,-0.51390,-51.247,0.000,0.0,NaN
16.0000,-0.51243,-51.247,-0.000,0.0,NaN
16.0167,-0.51073,-51.245,-0.001,0.0,NaN
16.0333,-0.50886,-51.241,-0.001,0.0,NaN
16.0500,-0.50688,-51.235,-0.001,0.0,NaN
16.0667,-0.50486,-51.228,-0.002,0.0,NaN
16.0833,-0.50288,-51.219,-0.002,0.0,NaN
16.1000,-0.50098,-51.209,-0.002,0.0,NaN
16.1167,-0.49925,-51.198,-0.001,0.0,NaN
16.1333,-0.49773,-51.187,-0.001,0.0,NaN
16.1500,-0.49648,-51.176,-0.000,0.0,NaN
16.1667,-0.49555,-51.165,0.000,0.0,NaN
16.1833,-0.49495,-51.154,0.000,0.0,NaN
16.2000,-0.49472,-51.143,0.001,0.0,NaN
16.2167,-0.49487,-51.132,0.001,0.0,NaN
16.2333,-0.49539,-51.122,0.001,0.0,NaN
16.2500,-0.49627,-51.112,0.000,0.0,NaN
16.2667,-0.49749,-51.102,0.000,0.0,NaN
16.2833,-0.49900,-51.093,0.000,0.0,NaN
16.3000,-0.50077,-51.085,0.000,0.0,NaN
16.3167,-0.50272,-51.076,0.000,0.0,NaN
16.3333,-0.50480,-51.066,0.000,0.0,NaN
16.3500,-0.50694,-51.056,0.000,0.0,NaN
16.3667,-0.50906,-51.045,0.001,0.0,NaN
16.3833,-0.51111,-51.034,0.001,0.0,NaN
16.4000,-0.51304,-51.023,0.000,0.0,NaN
16.4167,-0.51479,-51.010,0.000,0.0,NaN
16.4333,-0.51632,-50.996,-0.000,0.0,NaN
16.4500,-0.51761,-50.982,-0.001,0.0,NaN
16.4667,-0.51859,-50.967,-0.001,0.0,NaN
16.4833,-0.51922,-50.951,-0.001,0.0,NaN
16.5000,-0.51948,-50.934,-0.002,0.0,NaN
16.5167,-0.51934,-50.915,-0.002,0.0,NaN
16.5333,-0.51883,-50.893,-0.002,0.0,NaN
16.5500,-0.51796,-50.870,-0.002,0.0,NaN
16.5667,-0.51677,-50.845,-0.002,0.0,NaN
16.5833,-0.51529,-50.819,-0.001,0.0,NaN
16.6000,-0.51358,-50.793,-0.001,0.0,NaN
16.6167,-0.51170,-50.768,-0.000,0.0,NaN
16.6333,-0.50970,-50.742,0.000,0.0,NaN
16.6500,-0.50767,-50.715,0.001,0.0,NaN
16.6667,-0.50566,-50.689,0.001,0.0,NaN
16.6833,-0.50375,-50.664,0.001,0.0,NaN
16.7000,-0.50200,-50.640,0.001,0.0,NaN
16.7167,-0.50047,-50.618,0.001,0.0,NaN
16.7333,-0.49922,-50.598,0.001,0.0,NaN
16.7500,-0.49827,-50.580,0.000,0.0,NaN
16.7667,-0.49768,-50.564,0.000,0.0,NaN
16.7833,-0.49746,-50.549,0.001,0.0,NaN
16.8000,-0.49761,-50.536,0.001,0.0,NaN
16.8167,-0.49814,-50.526,0.001,0.0,NaN
16.8333,-0.49903,-50.518,0.001,0.0,NaN
16.8500,-0.50026,-50.513,0.001,0.0,NaN
16.8667,-0.50178,-50.510,0.001,0.0,NaN
16.8833,-0.50355,-50.509,0.001,0.0,NaN
16.9000,-0.50551,-50.508,0.001,0.0,NaN
16.9167,-0.50760,-50.509,0.000,0.0,NaN
16.9333,-0.50974,-50.512,-0.000,0.0,NaN
16.9500,-0.51187,-50.516,-0.001,0.0,NaN
16.9667,-0.51393,-50.522,-0.001,0.0,NaN
16.9833,-0.51585,-50.528,-0.002,0.0,NaN
17.0000,-0.51756,-50.534,-0.002,0.0,NaN
17.0167,-0.51904,-50.540,-0.002,0.0,NaN
17.0333,-0.52024,-50.545,-0.002,0.0,NaN
17.0500,-0.52112,-50.551,-0.002,0.0,NaN
17.0667,-0.52165,-50.558,-0.002,0.0,NaN
17.0833,-0.52181,-50.564,-0.001,0.0,NaN
17.1000,-0.52158,-50.569,-0.001,0.0,NaN
17.1167,-0.52099,-50.573,0.000,0.0,NaN
17.1333,-0.52004,-50.575,0.001,0.0,NaN
17.1500,-0.51877,-50.577,0.001,0.0,NaN
17.1667,-0.51723,-50.579,0.001,0.0,NaN
17.1833,-0.51546,-50.581,0.002,0.0,NaN
17.2000,-0.51351,-50.584,0.002,0.0,NaN
17.2167,-0.51147,-50.586,0.001,0.0,NaN
17.2333,-0.50938,-50.588,0.001,0.0,NaN
17.2500,-0.50732,-50.591,0.001,0.0,NaN
17.2667,-0.50536,-50.594,0.001,0.0,NaN
17.2833,-0.50356,-50.599,0.001,0.0,NaN
17.3000,-0.50197,-50.605,0.000,0.0,NaN
17.3167,-0.50066,-50.613,0.000,0.0,NaN
17.3333,-0.49966,-50.622,-0.000,0.0,NaN
17.3500,-0.49900,-50.632,-0.000,0.0,NaN
17.3667,-0.49871,-50.643,-0.000,0.0,NaN
17.3833,-0.49880,-50.656,-0.000,0.0,NaN
17.4000,-0.49926,-50.670,-0.001,0.0,NaN
17.4167,-0.50009,-50.686,-0.001,0.0,NaN
17.4333,-0.50124,-50.703,-0.001,0.0,NaN
17.4500,-0.50270,-50.721,-0.001,0.0,NaN
17.4667,-0.50440,-50.740,-0.001,0.0,NaN
17.4833,-0.50630,-50.758,-0.001,0.0,NaN
17.5000,-0.50832,-50.777,-0.001,0.0,NaN
17.5167,-0.51040,-50.796,-0.001,0.0,NaN
17.5333,-0.51248,-50.815,-0.001,0.0,NaN
17.5500,-0.51448,-50.833,-0.001,0.0,NaN
17.5667,-0.51635,-50.851,-0.000,0.0,NaN
17.5833,-0.51802,-50.866,0.000,0.0,NaN
17.6000,-0.51946,-50.880,0.000,0.0,NaN
17.6167,-0.52063,-50.892,0.001,0.0,NaN
17.6333,-0.52150,-50.904,0.001,0.0,NaN
17.6500,-0.52202,-50.914,0.001,0.0,NaN
17.6667,-0.52218,-50.922,0.000,0.0,NaN
17.6833,-0.52195,-50.928,0.000,0.0,NaN
17.7000,-0.52135,-50.930,-0.000,0.0,NaN
17.7167,-0.52040,-50.929,-0.000,0.0,NaN
17.7333,-0.51914,-50.927,-0.000,0.0,NaN
17.7500,-0.51760,-50.922,-0.000,0.0,NaN
17.7667,-0.51584,-50.917,-0.000,0.0,NaN
17.7833,-0.51391,-50.910,-0.000,0.0,NaN
17.8000,-0.51189,-50.902,0.000,0.0,NaN
17.8167,-0.50982,-50.892,0.000,0.0,NaN
17.8333,-0.50779,-50.882,0.000,0.0,NaN
17.8500,-0.50587,-50.871,0.000,0.0,NaN
17.8667,-0.50411,-50.860,0.000,0.0,NaN
17.8833,-0.50257,-50.849,0.000,0.0,NaN
17.9000,-0.50130,-50.840,0.000,0.0,NaN
17.9167,-0.50036,-50.831,-0.000,0.0,NaN
17.9333,-0.49976,-50.822,-0.000,0.0,NaN
17.9500,-0.49954,-50.813,-0.000,0.0,NaN
17.9667,-0.49970,-50.805,-0.001,0.0,NaN
17.9833,-0.50023,-50.799,-0.001,0.0,NaN
18.0000,-0.50113,-50.793,-0.001,0.0,NaN
18.0167,-0.50236,-50.788,-0.001,0.0,NaN
18.0333,-0.50390,-50.785,-0.001,0.0,NaN
18.0500,-0.50568,-50.781,-0.000,0.0,NaN
18.0667,-0.50765,-50.777,0.000,0.0,NaN
18.0833,-0.50974,-50.774,0.000,0.0,NaN
18.1000,-0.51189,-50.770,0.001,0.0,NaN
18.1167,-0.51403,-50.767,0.001,0.0,NaN
18.1333,-0.51609,-50.763,0.001,0.0,NaN
18.1500,-0.51802,-50.759,0.001,0.0,NaN
18.1667,-0.51976,-50.754,0.001,0.0,NaN
18.1833,-0.52129,-50.748,0.000,0.0,NaN
18.2000,-0.52256,-50.741,-0.000,0.0,NaN
18.2167,-0.52353,-50.734,-0.001,0.0,NaN
18.2333,-0.52415,-50.726,-0.001,0.0,NaN
18.2500,-0.52439,-50.717,-0.001,0.0,NaN
18.2667,-0.52425,-50.706,-0.002,0.0,NaN
18.2833,-0.52372,-50.692,-0.002,0.0,NaN
18.3000,-0.52283,-50.676,-0.002,0.0,NaN
18.3167,-0.52162,-50.659,-0.002,0.0,NaN
18.3333,-0.52012,-50.641,-0.002,0.0,NaN
18.3500,-0.51838,-50.623,-0.001,0.0,NaN
18.3667,-0.51646,-50.605,-0.001,0.0,NaN
18.3833,-0.51443,-50.586,-0.000,0.0,NaN
18.4000,-0.51235,-50.567,0.000,0.0,NaN
18.4167,-0.51029,-50.548,0.001,0.0,NaN
18.4333,-0.50832,-50.530,0.001,0.0,NaN
18.4500,-0.50651,-50.512,0.001,0.0,NaN
18.4667,-0.50490,-50.497,0.001,0.0,NaN
18.4833,-0.50357,-50.483,0.001,0.0,NaN
18.5000,-0.50254,-50.471,0.001,0.0,NaN
18.5167,-0.50187,-50.460,0.001,0.0,NaN
18.5333,-0.50156,-50.451,0.001,0.0,NaN
18.5500,-0.50164,-50.444,0.001,0.0,NaN
18.5667,-0.50209,-50.438,0.001,0.0,NaN
18.5833,-0.50292,-50.435,0.001,0.0,NaN
18.6000,-0.50409,-50.434,0.000,0.0,NaN
18.6167,-0.50556,-50.435,-0.000,0.0,NaN
18.6333,-0.50729,-50.438,-0.001,0.0,NaN
18.6500,-0.50923,-50.441,-0.001,0.0,NaN
18.6667,-0.51130,-50.444,-0.001,0.0,NaN
18.6833,-0.51345,-50.450,-0.001,0.0,NaN
18.7000,-0.51560,-50.457,-0.001,0.0,NaN
18.7167,-0.51769,-50.464,-0.001,0.0,NaN
18.7333,-0.51966,-50.472,-0.001,0.0,NaN
18.7500,-0.52144,-50.478,-0.001,0.0,NaN
18.7667,-0.52299,-50.484,-0.001,0.0,NaN
18.7833,-0.52428,-50.490,-0.001,0.0,NaN
18.8000,-0.52526,-50.496,-0.001,0.0,NaN
18.8167,-0.52591,-50.502,-0.001,0.0,NaN
18.8333,-0.52619,-50.507,-0.000,0.0,NaN
18.8500,-0.52609,-50.511,-0.000,0.0,NaN
18.8667,-0.52560,-50.512,-0.000,0.0,NaN
18.8833,-0.52475,-50.512,-0.000,0.0,NaN
18.9000,-0.52357,-50.510,0.000,0.0,NaN
18.9167,-0.52210,-50.508,0.000,0.0,NaN
18.9333,-0.52038,-50.506,0.000,0.0,NaN
18.9500,-0.51847,-50.503,0.000,0.0,NaN
18.9667,-0.51643,-50.501,0.000,0.0,NaN
18.9833,-0.51432,-50.497,0.001,0.0,NaN
19.0000,-0.51222,-50.494,0.001,0.0,NaN
19.0167,-0.51019,-50.491,0.001,0.0,NaN
19.0333,-0.50829,-50.489,0.001,0.0,NaN
19.0500,-0.50660,-50.488,0.001,0.0,NaN
19.0667,-0.50515,-50.489,0.001,0.0,NaN
19.0833,-0.50401,-50.491,0.001,0.0,NaN
19.1000,-0.50320,-50.494,0.001,0.0,NaN
19.1167,-0.50276,-50.498,0.000,0.0,NaN
19.1333,-0.50270,-50.503,-0.000,0.0,NaN
19.1500,-0.50301,-50.510,-0.000,0.0,NaN
19.1667,-0.50370,-50.519,-0.001,0.0,NaN
19.1833,-0.50474,-50.529,-0.001,0.0,NaN
19.2000,-0.50610,-50.541,-0.001,0.0,NaN
19.2167,-0.50774,-50.553,-0.001,0.0,NaN
19.2333,-0.50959,-50.565,-0.001,0.0,NaN
19.2500,-0.51160,-50.577,-0.001,0.0,NaN
19.2667,-0.51371,-50.590,-0.001,0.0,NaN
19.2833,-0.51584,-50.604,-0.001,0.0,NaN
19.3000,-0.51793,-50.617,-0.001,0.0,NaN
19.3167,-0.51991,-50.630,-0.000,0.0,NaN
19.3333,-0.52173,-50.641,0.000,0.0,NaN
19.3500,-0.52333,-50.650,0.000,0.0,NaN
19.3667,-0.52469,-50.659,0.001,0.0,NaN
19.3833,-0.52576,-50.666,0.001,0.0,NaN
19.4000,-0.52651,-50.673,0.001,0.0,NaN
19.4167,-0.52690,-50.679,0.000,0.0,NaN
19.4333,-0.52691,-50.682,0.000,0.0,NaN
19.4500,-0.52654,-50.682,0.000,0.0,NaN
19.4667,-0.52580,-50.680,-0.000,0.0,NaN
19.4833,-0.52471,-50.675,-0.000,0.0,NaN
19.5000,-0.52333,-50.669,-0.000,0.0,NaN
19.5167,-0.52168,-50.661,-0.000,0.0,NaN
19.5333,-0.51982,-50.653,-0.000,0.0,NaN
19.5500,-0.51782,-50.643,-0.001,0.0,NaN
19.5667,-0.51573,-50.632,-0.000,0.0,NaN
19.5833,-0.51364,-50.621,-0.000,0.0,NaN
19.6000,-0.51159,-50.609,-0.000,0.0,NaN
19.6167,-0.50967,-50.597,-0.000,0.0,NaN
19.6333,-0.50794,-50.585,0.000,0.0,NaN
19.6500,-0.50644,-50.575,0.000,0.0,NaN
19.6667,-0.50523,-50.566,0.000,0.0,NaN
19.6833,-0.50435,-50.558,0.000,0.0,NaN
19.7000,-0.50383,-50.550,0.000,0.0,NaN
19.7167,-0.50369,-50.543,0.000,0.0,NaN
19.7333,-0.50394,-50.537,0.000,0.0,NaN
19.7500,-0.50456,-50.533,0.000,0.0,NaN
19.7667,-0.50554,-50.530,0.000,0.0,NaN
19.7833,-0.50686,-50.529,0.000,0.0,NaN
19.8000,-0.50846,-50.528,-0.000,0.0,NaN
19.8167,-0.51030,-50.528,-0.000,0.0,NaN
19.8333,-0.51231,-50.528,-0.000,0.0,NaN
19.8500,-0.51444,-50.528,-0.000,0.0,NaN
19.8667,-0.51661,-50.529,-0.000,0.0,NaN
19.8833,-0.51875,-50.531,-0.000,0.0,NaN
19.9000,-0.52081,-50.532,-0.000,0.0,NaN
19.9167,-0.52272,-50.532,-0.000,0.0,NaN
19.9333,-0.52444,-50.531,-0.000,0.0,NaN
19.9500,-0.52593,-50.529,-0.000,0.0,NaN
19.9667,-0.52715,-50.527,-0.000,0.0,NaN
19.9833,-0.52807,-50.525,-0.000,0.0,NaN
20.0000,-0.52863,-50.521,-0.001,0.0,NaN
20.0167,-0.52881,-50.517,-0.001,0.0,NaN
20.0333,-0.52861,-50.510,-0.001,0.0,NaN
20.0500,-0.52802,-50.500,-0.001,0.0,NaN
20.0667,-0.52708,-50.488,-0.001,0.0,NaN
20.0833,-0.52582,-50.475,-0.001,0.0,NaN
20.1000,-0.52428,-50.462,-0.001,0.0,NaN
20.1167,-0.52250,-50.448,-0.001,0.0,NaN
20.1333,-0.52054,-50.433,-0.001,0.0,NaN
20.1500,-0.51847,-50.418,-0.000,0.0,NaN
20.1667,-0.51636,-50.403,0.000,0.0,NaN
20.1833,-0.51427,-50.387,0.000,0.0,NaN
20.2000,-0.51228,-50.372,0.001,0.0,NaN
20.2167,-0.51044,-50.359,0.001,0.0,NaN
20.2333,-0.50881,-50.347,0.001,0.0,NaN
20.2500,-0.50744,-50.337,0.001,0.0,NaN
20.2667,-0.50640,-50.328,0.001,0.0,NaN
20.2833,-0.50569,-50.320,0.002,0.0,NaN
20.3000,-0.50536,-50.314,0.001,0.0,NaN
20.3167,-0.50541,-50.309,0.001,0.0,NaN
20.3333,-0.50584,-50.307,0.001,0.0,NaN
20.3500,-0.50665,-50.307,0.000,0.0,NaN
20.3667,-0.50779,-50.309,0.000,0.0,NaN
20.3833,-0.50925,-50.312,-0.000,0.0,NaN
20.4000,-0.51097,-50.316,-0.001,0.0,NaN
20.4167,-0.51290,-50.321,-0.001,0.0,NaN
20.4333,-0.51497,-50.327,-0.001,0.0,NaN
20.4500,-0.51713,-50.334,-0.001,0.0,NaN
20.4667,-0.51929,-50.343,-0.001,0.0,NaN
20.4833,-0.52140,-50.352,-0.001,0.0,NaN
20.5000,-0.52339,-50.360,-0.001,0.0,NaN
20.5167,-0.52521,-50.367,-0.001,0.0,NaN
20.5333,-0.52680,-50.374,-0.001,0.0,NaN
20.5500,-0.52814,-50.380,-0.001,0.0,NaN
20.5667,-0.52920,-50.386,-0.001,0.0,NaN
20.5833,-0.52992,-50.391,-0.000,0.0,NaN
20.6000,-0.53027,-50.396,-0.000,0.0,NaN
20.6167,-0.53025,-50.398,-0.000,0.0,NaN
20.6333,-0.52984,-50.398,0.000,0.0,NaN
20.6500,-0.52906,-50.396,0.000,0.0,NaN
20.6667,-0.52795,-50.393,0.000,0.0,NaN
20.6833,-0.52653,-50.388,0.000,0.0,NaN
20.7000,-0.52485,-50.383,0.000,0.0,NaN
20.7167,-0.52296,-50.377,0.001,0.0,NaN
20.7333,-0.52093,-50.371,0.001,0.0,NaN
20.7500,-0.51882,-50.364,0.001,0.0,NaN
20.7667,-0.51669,-50.357,0.001,0.0,NaN
20.7833,-0.51462,-50.350,0.001,0.0,NaN
20.8000,-0.51266,-50.343,0.001,0.0,NaN
20.8167,-0.51089,-50.338,0.000,0.0,NaN
20.8333,-0.50935,-50.335,0.000,0.0,NaN
20.8500,-0.50810,-50.332,0.000,0.0,NaN
20.8667,-0.50717,-50.331,-0.000,0.0,NaN
20.8833,-0.50661,-50.331,-0.000,0.0,NaN
20.9000,-0.50642,-50.331,-0.000,0.0,NaN
20.9167,-0.50661,-50.334,-0.000,0.0,NaN
20.9333,-0.50718,-50.339,-0.000,0.0,NaN
20.9500,-0.50811,-50.345,-0.000,0.0,NaN
20.9667,-0.50938,-50.352,-0.000,0.0,NaN
20.9833,-0.51094,-50.361,-0.001,0.0,NaN
21.0000,-0.51273,-50.369,-0.001,0.0,NaN
21.0167,-0.51471,-50.378,-0.001,0.0,NaN
21.0333,-0.51681,-50.388,-0.001,0.0,NaN
21.0500,-0.51897,-50.399,-0.001,0.0,NaN
21.0667,-0.52111,-50.410,-0.001,0.0,NaN
21.0833,-0.52317,-50.420,-0.000,0.0,NaN
21.1000,-0.52509,-50.429,-0.000,0.0,NaN
21.1167,-0.52681,-50.437,-0.000,0.0,NaN
21.1333,-0.52831,-50.443,-0.000,0.0,NaN
21.1500,-0.52955,-50.449,-0.000,0.0,NaN
21.1667,-0.53048,-50.455,-0.000,0.0,NaN
21.1833,-0.53107,-50.459,-0.000,0.0,NaN
21.2000,-0.53129,-50.461,-0.000,0.0,NaN
21.2167,-0.53112,-50.461,-0.000,0.0,NaN
21.2333,-0.53058,-50.458,-0.000,0.0,NaN
21.2500,-0.52968,-50.452,-0.000,0.0,NaN
21.2667,-0.52845,-50.445,-0.001,0.0,NaN
21.2833,-0.52693,-50.436,-0.001,0.0,NaN
21.3000,-0.52518,-50.426,-0.001,0.0,NaN
21.3167,-0.52323,-50.416,-0.001,0.0,NaN
21.3333,-0.52117,-50.404,-0.001,0.0,NaN
21.3500,-0.51905,-50.392,-0.000,0.0,NaN
21.3667,-0.51694,-50.379,-0.000,0.0,NaN
21.3833,-0.51491,-50.366,0.000,0.0,NaN
21.4000,-0.51303,-50.353,0.000,0.0,NaN
21.4167,-0.51135,-50.343,0.001,0.0,NaN
21.4333,-0.50992,-50.333,0.001,0.0,NaN
21.4500,-0.50880,-50.324,0.001,0.0,NaN
21.4667,-0.50801,-50.316,0.001,0.0,NaN
21.4833,-0.50760,-50.309,0.001,0.0,NaN
21.5000,-0.50756,-50.304,0.001,0.0,NaN
21.5167,-0.50791,-50.300,0.001,0.0,NaN
21.5333,-0.50863,-50.298,0.000,0.0,NaN
21.5500,-0.50971,-50.298,0.000,0.0,NaN
21.5667,-0.51111,-50.299,-0.000,0.0,NaN
21.5833,-0.51278,-50.300,-0.000,0.0,NaN
21.6000,-0.51467,-50.302,-0.000,0.0,NaN
21.6167,-0.51672,-50.305,-0.000,0.0,NaN
21.6333,-0.51887,-50.309,-0.001,0.0,NaN
21.6500,-0.52105,-50.314,-0.001,0.0,NaN
21.6667,-0.52320,-50.318,-0.001,0.0,NaN
21.6833,-0.52524,-50.322,-0.001,0.0,NaN
21.7000,-0.52712,-50.325,-0.001,0.0,NaN
21.7167,-0.52880,-50.327,-0.001,0.0,NaN
21.7333,-0.53025,-50.328,-0.001,0.0,NaN
21.7500,-0.53143,-50.329,-0.001,0.0,NaN
21.7667,-0.53229,-50.330,-0.001,0.0,NaN
21.7833,-0.53280,-50.329,-0.001,0.0,NaN
21.8000,-0.53293,-50.327,-0.001,0.0,NaN
21.8167,-0.53267,-50.322,-0.001,0.0,NaN
21.8333,-0.53204,-50.314,-0.001,0.0,NaN
21.8500,-0.53106,-50.304,-0.001,0.0,NaN
21.8667,-0.52976,-50.293,-0.001,0.0,NaN
21.8833,-0.52818,-50.282,-0.001,0.0,NaN
21.9000,-0.52637,-50.269,-0.000,0.0,NaN
21.9167,-0.52439,-50.256,0.000,0.0,NaN
21.9333,-0.52231,-50.243,0.000,0.0,NaN
21.9500,-0.52018,-50.228,0.001,0.0,NaN
21.9667,-0.51807,-50.214,0.001,0.0,NaN
21.9833,-0.51606,-50.201,0.001,0.0,NaN
22.0000,-0.51420,-50.189,0.001,0.0,NaN
22.0167,-0.51256,-50.178,0.001,0.0,NaN
22.0333,-0.51118,-50.169,0.001,0.0,NaN
22.0500,-0.51011,-50.161,0.001,0.0,NaN
22.0667,-0.50938,-50.155,0.001,0.0,NaN
22.0833,-0.50902,-50.150,0.001,0.0,NaN
22.1000,-0.50904,-50.147,0.001,0.0,NaN
22.1167,-0.50944,-50.146,0.000,0.0,NaN
22.1333,-0.51022,-50.147,-0.000,0.0,NaN
22.1500,-0.51134,-50.150,-0.000,0.0,NaN
22.1667,-0.51277,-50.154,-0.001,0.0,NaN
22.1833,-0.51447,-50.160,-0.001,0.0,NaN
22.2000,-0.51638,-50.166,-0.001,0.0,NaN
22.2167,-0.51845,-50.173,-0.001,0.0,NaN
22.2333,-0.52060,-50.182,-0.001,0.0,NaN
22.2500,-0.52277,-50.191,-0.001,0.0,NaN
22.2667,-0.52490,-50.200,-0.001,0.0,NaN
22.2833,-0.52692,-50.209,-0.001,0.0,NaN
22.3000,-0.52877,-50.217,-0.001,0.0,NaN
22.3167,-0.53042,-50.224,-0.001,0.0,NaN
22.3333,-0.53182,-50.230,-0.001,0.0,NaN
22.3500,-0.53294,-50.236,-0.001,0.0,NaN
22.3667,-0.53375,-50.241,-0.000,0.0,NaN
22.3833,-0.53419,-50.245,-0.000,0.0,NaN
22.4000,-0.53426,-50.247,-0.000,0.0,NaN
22.4167,-0.53395,-50.247,-0.000,0.0,NaN
22.4333,-0.53326,-50.243,-0.000,0.0,NaN
22.4500,-0.53223,-50.239,-0.000,0.0,NaN
22.4667,-0.53089,-50.232,-0.000,0.0,NaN
22.4833,-0.52927,-50.225,0.000,0.0,NaN
22.5000,-0.52743,-50.217,0.000,0.0,NaN
22.5167,-0.52543,-50.208,0.000,0.0,NaN
22.5333,-0.52333,-50.199,0.000,0.0,NaN
22.5500,-0.52119,-50.189,0.001,0.0,NaN
22.5667,-0.51908,-50.178,0.001,0.0,NaN
22.5833,-0.51707,-50.169,0.001,0.0,NaN
22.6000,-0.51522,-50.161,0.000,0.0,NaN
22.6167,-0.51358,-50.154,0.000,0.0,NaN
22.6333,-0.51221,-50.148,0.000,0.0,NaN
22.6500,-0.51116,-50.144,0.000,0.0,NaN
22.6667,-0.51045,-50.140,0.000,0.0,NaN
22.6833,-0.51011,-50.138,0.000,0.0,NaN
22.7000,-0.51014,-50.138,0.000,0.0,NaN
22.7167,-0.51056,-50.140,-0.000,0.0,NaN
22.7333,-0.51135,-50.144,-0.000,0.0,NaN
22.7500,-0.51248,-50.149,-0.000,0.0,NaN
22.7667,-0.51392,-50.155,-0.001,0.0,NaN
22.7833,-0.51563,-50.162,-0.001,0.0,NaN
22.8000,-0.51754,-50.169,-0.001,0.0,NaN
22.8167,-0.51961,-50.178,-0.001,0.0,NaN
22.8333,-0.52175,-50.187,-0.001,0.0,NaN
22.8500,-0.52392,-50.197,-0.000,0.0,NaN
22.8667,-0.52604,-50.207,-0.000,0.0,NaN
22.8833,-0.52806,-50.216,-0.000,0.0,NaN
22.9000,-0.52990,-50.223,-0.000,0.0,NaN
22.9167,-0.53154,-50.230,-0.000,0.0,NaN
22.9333,-0.53294,-50.235,-0.000,0.0,NaN
22.9500,-0.53406,-50.240,-0.000,0.0,NaN
22.9667,-0.53487,-50.244,-0.000,0.0,NaN
22.9833,-0.53532,-50.247,-0.000,0.0,NaN
23.0000,-0.53539,-50.247,-0.001,0.0,NaN
23.0167,-0.53507,-50.245,-0.001,0.0,NaN
23.0333,-0.53439,-50.239,-0.001,0.0,NaN
23.0500,-0.53337,-50.232,-0.001,0.0,NaN
23.0667,-0.53202,-50.223,-0.001,0.0,NaN
23.0833,-0.53041,-50.213,-0.001,0.0,NaN
23.1000,-0.52858,-50.202,-0.001,0.0,NaN
23.1167,-0.52658,-50.189,-0.001,0.0,NaN
23.1333,-0.52448,-50.176,-0.000,0.0,NaN
23.1500,-0.52235,-50.163,0.000,0.0,NaN
23.1667,-0.52025,-50.149,0.001,0.0,NaN
23.1833,-0.51824,-50.136,0.001,0.0,NaN
23.2000,-0.51639,-50.123,0.001,0.0,NaN
23.2167,-0.51476,-50.113,0.001,0.0,NaN
23.2333,-0.51339,-50.103,0.001,0.0,NaN
23.2500,-0.51234,-50.094,0.001,0.0,NaN
23.2667,-0.51163,-50.087,0.001,0.0,NaN
23.2833,-0.51128,-50.081,0.001,0.0,NaN
23.3000,-0.51132,-50.077,0.001,0.0,NaN
23.3167,-0.51174,-50.075,0.000,0.0,NaN
23.3333,-0.51252,-50.075,0.000,0.0,NaN
23.3500,-0.51365,-50.076,-0.000,0.0,NaN
23.3667,-0.51510,-50.078,-0.000,0.0,NaN
23.3833,-0.51680,-50.082,-0.001,0.0,NaN
23.4000,-0.51872,-50.086,-0.001,0.0,NaN
23.4167,-0.52079,-50.092,-0.001,0.0,NaN
23.4333,-0.52295,-50.098,-0.001,0.0,NaN
23.4500,-0.52513,-50.105,-0.001,0.0,NaN
23.4667,-0.52727,-50.112,-0.001,0.0,NaN
23.4833,-0.52930,-50.118,-0.001,0.0,NaN
23.5000,-0.53117,-50.123,-0.001,0.0,NaN
23.5167,-0.53284,-50.127,-0.001,0.0,NaN
23.5333,-0.53427,-50.130,-0.001,0.0,NaN
23.5500,-0.53544,-50.133,-0.001,0.0,NaN
23.5667,-0.53629,-50.135,-0.001,0.0,NaN
23.5833,-0.53678,-50.136,-0.001,0.0,NaN
23.6000,-0.53690,-50.135,-0.001,0.0,NaN
23.6167,-0.53664,-50.131,-0.001,0.0,NaN
23.6333,-0.53600,-50.124,-0.001,0.0,NaN
23.6500,-0.53502,-50.116,-0.001,0.0,NaN
23.6667,-0.53371,-50.106,-0.001,0.0,NaN
23.6833,-0.53213,-50.095,-0.000,0.0,NaN
23.7000,-0.53032,-50.083,-0.000,0.0,NaN
23.7167,-0.52834,-50.070,0.000,0.0,NaN
23.7333,-0.52625,-50.056,0.000,0.0,NaN
23.7500,-0.52412,-50.042,0.001,0.0,NaN
23.7667,-0.52200,-50.028,0.001,0.0,NaN
23.7833,-0.51997,-50.015,0.001,0.0,NaN
23.8000,-0.51809,-50.003,0.001,0.0,NaN
23.8167,-0.51641,-49.992,0.001,0.0,NaN
23.8333,-0.51499,-49.983,0.001,0.0,NaN
23.8500,-0.51387,-49.975,0.001,0.0,NaN
23.8667,-0.51309,-49.969,0.001,0.0,NaN
23.8833,-0.51268,-49.964,0.001,0.0,NaN
23.9000,-0.51263,-49.961,0.000,0.0,NaN
23.9167,-0.51297,-49.961,0.000,0.0,NaN
23.9333,-0.51368,-49.962,-0.000,0.0,NaN
23.9500,-0.51474,-49.965,-0.001,0.0,NaN
23.9667,-0.51611,-49.970,-0.001,0.0,NaN
23.9833,-0.51776,-49.976,-0.001,0.0,NaN
24.0000,-0.51962,-49.982,-0.001,0.0,NaN
24.0167,-0.52166,-49.990,-0.001,0.0,NaN
24.0333,-0.52380,-49.999,-0.001,0.0,NaN
24.0500,-0.52597,-50.009,-0.001,0.0,NaN
24.0667,-0.52812,-50.019,-0.001,0.0,NaN
24.0833,-0.53018,-50.028,-0.001,0.0,NaN
24.1000,-0.53209,-50.037,-0.000,0.0,NaN
24.1167,-0.53380,-50.044,-0.000,0.0,NaN
24.1333,-0.53529,-50.051,-0.000,0.0,NaN
24.1500,-0.53651,-50.057,-0.000,0.0,NaN
24.1667,-0.53742,-50.062,-0.000,0.0,NaN
24.1833,-0.53800,-50.066,-0.000,0.0,NaN
24.2000,-0.53819,-50.068,-0.000,0.0,NaN
24.2167,-0.53801,-50.067,-0.000,0.0,NaN
24.2333,-0.53746,-50.063,-0.001,0.0,NaN
24.2500,-0.53655,-50.058,-0.001,0.0,NaN
24.2667,-0.53531,-50.051,-0.001,0.0,NaN
24.2833,-0.53379,-50.042,-0.001,0.0,NaN
24.3000,-0.53202,-50.032,-0.000,0.0,NaN
24.3167,-0.53008,-50.022,-0.000,0.0,NaN
24.3333,-0.52800,-50.010,-0.000,0.0,NaN
24.3500,-0.52587,-49.998,0.000,0.0,NaN
24.3667,-0.52374,-49.986,0.001,0.0,NaN
24.3833,-0.52168,-49.974,0.001,0.0,NaN
24.4000,-0.51975,-49.963,0.001,0.0,NaN
24.4167,-0.51801,-49.954,0.001,0.0,NaN
24.4333,-0.51651,-49.946,0.001,0.0,NaN
24.4500,-0.51530,-49.939,0.001,0.0,NaN
24.4667,-0.51442,-49.933,0.001,0.0,NaN
24.4833,-0.51390,-49.929,0.001,0.0,NaN
24.5000,-0.51375,-49.926,0.000,0.0,NaN
24.5167,-0.51397,-49.926,0.000,0.0,NaN
24.5333,-0.51457,-49.928,-0.000,0.0,NaN
24.5500,-0.51552,-49.931,-0.000,0.0,NaN
24.5667,-0.51680,-49.936,-0.001,0.0,NaN
24.5833,-0.51837,-49.942,-0.001,0.0,NaN
24.6000,-0.52017,-49.949,-0.001,0.0,NaN
24.6167,-0.52216,-49.957,-0.001,0.0,NaN
24.6333,-0.52427,-49.966,-0.001,0.0,NaN
24.6500,-0.52644,-49.976,-0.001,0.0,NaN
24.6667,-0.52860,-49.986,-0.000,0.0,NaN
24.6833,-0.53069,-49.995,-0.000,0.0,NaN
24.7000,-0.53265,-50.003,-0.000,0.0,NaN
24.7167,-0.53444,-50.010,-0.000,0.0,NaN
24.7333,-0.53600,-50.017,-0.000,0.0,NaN
24.7500,-0.53731,-50.022,-0.000,0.0,NaN
24.7667,-0.53834,-50.026,-0.000,0.0,NaN
24.7833,-0.53904,-50.030,-0.001,0.0,NaN
24.8000,-0.53938,-50.031,-0.001,0.0,NaN
24.8167,-0.53933,-50.030,-0.001,0.0,NaN
24.8333,-0.53890,-50.026,-0.001,0.0,NaN
24.8500,-0.53812,-50.019,-0.001,0.0,NaN
24.8667,-0.53699,-50.011,-0.001,0.0,NaN
24.8833,-0.53557,-50.001,-0.001,0.0,NaN
24.9000,-0.53389,-49.990,-0.001,0.0,NaN
24.9167,-0.53200,-49.977,-0.001,0.0,NaN
24.9333,-0.52997,-49.964,-0.000,0.0,NaN
24.9500,-0.52785,-49.950,0.000,0.0,NaN
24.9667,-0.52572,-49.935,0.001,0.0,NaN
24.9833,-0.52363,-49.921,0.001,0.0,NaN
25.0000,-0.52165,-49.907,0.001,0.0,NaN
25.0167,-0.51984,-49.895,0.001,0.0,NaN
25.0333,-0.51825,-49.884,0.001,0.0,NaN
25.0500,-0.51694,-49.874,0.001,0.0,NaN
25.0667,-0.51594,-49.865,0.001,0.0,NaN
25.0833,-0.51528,-49.858,0.001,0.0,NaN
25.1000,-0.51499,-49.853,0.001,0.0,NaN
25.1167,-0.51508,-49.850,0.001,0.0,NaN
25.1333,-0.51554,-49.849,0.000,0.0,NaN
25.1500,-0.51636,-49.850,-0.000,0.0,NaN
25.1667,-0.51752,-49.853,-0.000,0.0,NaN
25.1833,-0.51898,-49.856,-0.001,0.0,NaN
25.2000,-0.52070,-49.861,-0.001,0.0,NaN
25.2167,-0.52262,-49.867,-0.001,0.0,NaN
25.2333,-0.52470,-49.874,-0.001,0.0,NaN
25.2500,-0.52685,-49.883,-0.001,0.0,NaN
25.2667,-0.52903,-49.891,-0.001,0.0,NaN
25.2833,-0.53117,-49.900,-0.001,0.0,NaN
25.3000,-0.53320,-49.907,-0.001,0.0,NaN
25.3167,-0.53506,-49.914,-0.001,0.0,NaN
25.3333,-0.53673,-49.919,-0.001,0.0,NaN
25.3500,-0.53817,-49.924,-0.001,0.0,NaN
25.3667,-0.53933,-49.928,-0.000,0.0,NaN
25.3833,-0.54019,-49.931,-0.000,0.0,NaN
25.4000,-0.54069,-49.933,-0.000,0.0,NaN
25.4167,-0.54082,-49.932,-0.001,0.0,NaN
25.4333,-0.54057,-49.929,-0.001,0.0,NaN
25.4500,-0.53994,-49.923,-0.001,0.0,NaN
25.4667,-0.53897,-49.914,-0.001,0.0,NaN
25.4833,-0.53768,-49.905,-0.001,0.0,NaN
25.5000,-0.53611,-49.893,-0.001,0.0,NaN
25.5167,-0.53431,-49.881,-0.000,0.0,NaN
25.5333,-0.53234,-49.868,-0.000,0.0,NaN
25.5500,-0.53025,-49.854,0.000,0.0,NaN
25.5667,-0.52812,-49.839,0.001,0.0,NaN
25.5833,-0.52600,-49.825,0.001,0.0,NaN
25.6000,-0.52396,-49.811,0.001,0.0,NaN
25.6167,-0.52206,-49.798,0.001,0.0,NaN
25.6333,-0.52036,-49.787,0.001,0.0,NaN
25.6500,-0.51890,-49.777,0.001,0.0,NaN
25.6667,-0.51774,-49.768,0.001,0.0,NaN
25.6833,-0.51690,-49.761,0.001,0.0,NaN
25.7000,-0.51642,-49.756,0.001,0.0,NaN
25.7167,-0.51631,-49.753,0.001,0.0,NaN
25.7333,-0.51657,-49.752,0.000,0.0,NaN
25.7500,-0.51720,-49.753,-0.000,0.0,NaN
25.7667,-0.51818,-49.756,-0.000,0.0,NaN
25.7833,-0.51948,-49.761,-0.001,0.0,NaN
25.8000,-0.52107,-49.767,-0.001,0.0,NaN
25.8167,-0.52288,-49.774,-0.001,0.0,NaN
25.8333,-0.52488,-49.782,-0.001,0.0,NaN
25.8500,-0.52699,-49.792,-0.001,0.0,NaN
25.8667,-0.52916,-49.802,-0.001,0.0,NaN
25.8833,-0.53132,-49.812,-0.001,0.0,NaN
25.9000,-0.53341,-49.822,-0.001,0.0,NaN
25.9167,-0.53537,-49.831,-0.000,0.0,NaN
25.9333,-0.53715,-49.839,-0.000,0.0,NaN
25.9500,-0.53871,-49.846,-0.000,0.0,NaN
25.9667,-0.54002,-49.852,-0.000,0.0,NaN
25.9833,-0.54105,-49.857,-0.000,0.0,NaN
26.0000,-0.54175,-49.861,-0.000,0.0,NaN
26.0167,-0.54208,-49.863,-0.000,0.0,NaN
26.0333,-0.54203,-49.863,-0.001,0.0,NaN
26.0500,-0.54161,-49.859,-0.001,0.0,NaN
26.0667,-0.54083,-49.853,-0.001,0.0,NaN
26.0833,-0.53971,-49.845,-0.001,0.0,NaN
26.1000,-0.53829,-49.836,-0.001,0.0,NaN
26.1167,-0.53661,-49.825,-0.001,0.0,NaN
26.1333,-0.53473,-49.814,-0.001,0.0,NaN
26.1500,-0.53270,-49.801,-0.000,0.0,NaN
26.1667,-0.53059,-49.787,0.000,0.0,NaN
26.1833,-0.52845,-49.773,0.000,0.0,NaN
26.2000,-0.52636,-49.759,0.001,0.0,NaN
26.2167,-0.52437,-49.746,0.001,0.0,NaN
26.2333,-0.52255,-49.735,0.001,0.0,NaN
26.2500,-0.52094,-49.725,0.001,0.0,NaN
26.2667,-0.51960,-49.716,0.001,0.0,NaN
26.2833,-0.51857,-49.708,0.001,0.0,NaN
26.3000,-0.51787,-49.702,0.001,0.0,NaN
26.3167,-0.51754,-49.698,0.001,0.0,NaN
26.3333,-0.51758,-49.696,0.001,0.0,NaN
26.3500,-0.51799,-49.696,0.000,0.0,NaN
26.3667,-0.51876,-49.699,-0.000,0.0,NaN
26.3833,-0.51986,-49.703,-0.000,0.0,NaN
26.4000,-0.52128,-49.708,-0.001,0.0,NaN
26.4167,-0.52295,-49.715,-0.001,0.0,NaN
26.4333,-0.52484,-49.722,-0.001,0.0,NaN
26.4500,-0.52688,-49.731,-0.001,0.0,NaN
26.4667,-0.52902,-49.741,-0.001,0.0,NaN
26.4833,-0.53119,-49.751,-0.001,0.0,NaN
26.5000,-0.53333,-49.761,-0.001,0.0,NaN
26.5167,-0.53538,-49.770,-0.001,0.0,NaN
26.5333,-0.53728,-49.778,-0.001,0.0,NaN
26.5500,-0.53898,-49.786,-0.001,0.0,NaN
26.5667,-0.54046,-49.792,-0.001,0.0,NaN
26.5833,-0.54168,-49.797,-0.000,0.0,NaN
26.6000,-0.54259,-49.801,-0.000,0.0,NaN
26.6167,-0.54317,-49.804,-0.001,0.0,NaN
26.6333,-0.54337,-49.804,-0.001,0.0,NaN
26.6500,-0.54320,-49.802,-0.001,0.0,NaN
26.6667,-0.54265,-49.796,-0.001,0.0,NaN
26.6833,-0.54175,-49.789,-0.001,0.0,NaN
26.7000,-0.54053,-49.779,-0.001,0.0,NaN
26.7167,-0.53902,-49.768,-0.001,0.0,NaN
26.7333,-0.53727,-49.756,-0.001,0.0,NaN
26.7500,-0.53533,-49.742,-0.001,0.0,NaN
26.7667,-0.53327,-49.728,-0.000,0.0,NaN
26.7833,-0.53115,-49.713,0.000,0.0,NaN
26.8000,-0.52902,-49.697,0.001,0.0,NaN
26.8167,-0.52696,-49.682,0.001,0.0,NaN
26.8333,-0.52503,-49.668,0.001,0.0,NaN
26.8500,-0.52328,-49.655,0.001,0.0,NaN
26.8667,-0.52176,-49.644,0.001,0.0,NaN
26.8833,-0.52052,-49.634,0.001,0.0,NaN
26.9000,-0.51959,-49.626,0.001,0.0,NaN
26.9167,-0.51902,-49.619,0.001,0.0,NaN
26.9333,-0.51880,-49.615,0.001,0.0,NaN
26.9500,-0.51896,-49.612,0.001,0.0,NaN
26.9667,-0.51948,-49.612,0.000,0.0,NaN
26.9833,-0.52035,-49.614,-0.000,0.0,NaN
27.0000,-0.52156,-49.617,-0.001,0.0,NaN
27.0167,-0.52305,-49.622,-0.001,0.0,NaN
27.0333,-0.52480,-49.629,-0.001,0.0,NaN
27.0500,-0.52673,-49.636,-0.001,0.0,NaN
27.0667,-0.52881,-49.644,-0.001,0.0,NaN
27.0833,-0.53097,-49.654,-0.001,0.0,NaN
27.1000,-0.53314,-49.664,-0.001,0.0,NaN
27.1167,-0.53526,-49.673,-0.001,0.0,NaN
27.1333,-0.53727,-49.681,-0.001,0.0,NaN
27.1500,-0.53913,-49.689,-0.001,0.0,NaN
27.1667,-0.54077,-49.696,-0.001,0.0,NaN
27.1833,-0.54219,-49.701,-0.001,0.0,NaN
27.2000,-0.54333,-49.706,-0.000,0.0,NaN
27.2167,-0.54417,-49.709,-0.000,0.0,NaN
27.2333,-0.54465,-49.711,-0.000,0.0,NaN
27.2500,-0.54475,-49.710,-0.001,0.0,NaN
27.2667,-0.54448,-49.707,-0.001,0.0,NaN
27.2833,-0.54385,-49.700,-0.001,0.0,NaN
27.3000,-0.54287,-49.692,-0.001,0.0,NaN
27.3167,-0.54157,-49.682,-0.001,0.0,NaN
27.3333,-0.54000,-49.670,-0.001,0.0,NaN
27.3500,-0.53820,-49.657,-0.001,0.0,NaN
27.3667,-0.53623,-49.643,-0.000,0.0,NaN
27.3833,-0.53415,-49.628,-0.000,0.0,NaN
27.4000,-0.53202,-49.613,0.000,0.0,NaN
27.4167,-0.52991,-49.597,0.001,0.0,NaN
27.4333,-0.52788,-49.582,0.001,0.0,NaN
27.4500,-0.52598,-49.568,0.001,0.0,NaN
27.4667,-0.52428,-49.556,0.001,0.0,NaN
27.4833,-0.52282,-49.545,0.001,0.0,NaN
27.5000,-0.52165,-49.536,0.001,0.0,NaN
27.5167,-0.52079,-49.528,0.001,0.0,NaN
27.5333,-0.52029,-49.523,0.001,0.0,NaN
27.5500,-0.52015,-49.519,0.001,0.0,NaN
27.5667,-0.52038,-49.518,0.000,0.0,NaN
27.5833,-0.52097,-49.519,0.000,0.0,NaN
27.6000,-0.52191,-49.522,-0.000,0.0,NaN
27.6167,-0.52317,-49.526,-0.001,0.0,NaN
27.6333,-0.52471,-49.532,-0.001,0.0,NaN
27.6500,-0.52649,-49.540,-0.001,0.0,NaN
27.6667,-0.52845,-49.548,-0.001,0.0,NaN
27.6833,-0.53054,-49.558,-0.001,0.0,NaN
27.7000,-0.53270,-49.569,-0.001,0.0,NaN
27.7167,-0.53486,-49.580,-0.001,0.0,NaN
27.7333,-0.53697,-49.590,-0.001,0.0,NaN
27.7500,-0.53895,-49.599,-0.001,0.0,NaN
27.7667,-0.54076,-49.607,-0.001,0.0,NaN
27.7833,-0.54237,-49.615,-0.001,0.0,NaN
27.8000,-0.54373,-49.621,-0.000,0.0,NaN
27.8167,-0.54482,-49.627,-0.000,0.0,NaN
27.8333,-0.54559,-49.631,-0.000,0.0,NaN
27.8500,-0.54601,-49.633,-0.001,0.0,NaN
27.8667,-0.54605,-49.632,-0.001,0.0,NaN
27.8833,-0.54572,-49.628,-0.001,0.0,NaN
27.9000,-0.54502,-49.622,-0.001,0.0,NaN
27.9167,-0.54399,-49.614,-0.001,0.0,NaN
27.9333,-0.54265,-49.604,-0.001,0.0,NaN
27.9500,-0.54104,-49.592,-0.001,0.0,NaN
27.9667,-0.53921,-49.579,-0.001,0.0,NaN
27.9833,-0.53723,-49.565,-0.000,0.0,NaN
28.0000,-0.53514,-49.551,0.000,0.0,NaN
28.0167,-0.53301,-49.535,0.001,0.0,NaN
28.0333,-0.53091,-49.520,0.001,0.0,NaN
28.0500,-0.52889,-49.505,0.001,0.0,NaN
28.0667,-0.52702,-49.492,0.001,0.0,NaN
28.0833,-0.52535,-49.480,0.001,0.0,NaN
28.1000,-0.52394,-49.469,0.001,0.0,NaN
28.1167,-0.52281,-49.460,0.001,0.0,NaN
28.1333,-0.52200,-49.453,0.001,0.0,NaN
28.1500,-0.52155,-49.448,0.001,0.0,NaN
28.1667,-0.52146,-49.444,0.001,0.0,NaN
28.1833,-0.52173,-49.443,0.000,0.0,NaN
28.2000,-0.52236,-49.445,-0.000,0.0,NaN
28.2167,-0.52334,-49.448,-0.000,0.0,NaN
28.2333,-0.52463,-49.453,-0.001,0.0,NaN
28.2500,-0.52620,-49.459,-0.001,0.0,NaN
28.2667,-0.52800,-49.467,-0.001,0.0,NaN
28.2833,-0.52998,-49.476,-0.001,0.0,NaN
28.3000,-0.53207,-49.486,-0.001,0.0,NaN
28.3167,-0.53423,-49.497,-0.001,0.0,NaN
28.3333,-0.53639,-49.507,-0.001,0.0,NaN
28.3500,-0.53848,-49.517,-0.001,0.0,NaN
28.3667,-0.54044,-49.526,-0.001,0.0,NaN
28.3833,-0.54223,-49.535,-0.001,0.0,NaN
28.4000,-0.54382,-49.542,-0.001,0.0,NaN
28.4167,-0.54516,-49.548,-0.001,0.0,NaN
28.4333,-0.54622,-49.553,-0.000,0.0,NaN
28.4500,-0.54696,-49.556,-0.000,0.0,NaN
28.4667,-0.54735,-49.557,-0.001,0.0,NaN
28.4833,-0.54736,-49.556,-0.001,0.0,NaN
28.5000,-0.54700,-49.552,-0.001,0.0,NaN
28.5167,-0.54628,-49.545,-0.001,0.0,NaN
28.5333,-0.54523,-49.535,-0.001,0.0,NaN
28.5500,-0.54387,-49.524,-0.001,0.0,NaN
28.5667,-0.54225,-49.512,-0.001,0.0,NaN
28.5833,-0.54041,-49.498,-0.001,0.0,NaN
28.6000,-0.53842,-49.483,-0.000,0.0,NaN
28.6167,-0.53634,-49.467,0.000,0.0,NaN
28.6333,-0.53422,-49.451,0.001,0.0,NaN
28.6500,-0.53212,-49.435,0.001,0.0,NaN
28.6667,-0.53012,-49.419,0.001,0.0,NaN
28.6833,-0.52827,-49.405,0.001,0.0,NaN
28.7000,-0.52662,-49.392,0.001,0.0,NaN
28.7167,-0.52522,-49.381,0.001,0.0,NaN
28.7333,-0.52411,-49.371,0.001,0.0,NaN
28.7500,-0.52333,-49.363,0.001,0.0,NaN
28.7667,-0.52289,-49.357,0.001,0.0,NaN
28.7833,-0.52282,-49.353,0.001,0.0,NaN
28.8000,-0.52311,-49.352,0.000,0.0,NaN
28.8167,-0.52376,-49.353,-0.000,0.0,NaN
28.8333,-0.52475,-49.355,-0.001,0.0,NaN
28.8500,-0.52605,-49.360,-0.001,0.0,NaN
28.8667,-0.52762,-49.366,-0.001,0.0,NaN
28.8833,-0.52943,-49.373,-0.001,0.0,NaN
28.9000,-0.53141,-49.382,-0.001,0.0,NaN
28.9167,-0.53351,-49.392,-0.001,0.0,NaN
28.9333,-0.53567,-49.402,-0.001,0.0,NaN
28.9500,-0.53782,-49.413,-0.001,0.0,NaN
28.9667,-0.53991,-49.423,-0.001,0.0,NaN
28.9833,-0.54187,-49.432,-0.001,0.0,NaN
29.0000,-0.54365,-49.439,-0.001,0.0,NaN
29.0167,-0.54523,-49.446,-0.001,0.0,NaN
29.0333,-0.54657,-49.452,-0.001,0.0,NaN
29.0500,-0.54763,-49.457,-0.000,0.0,NaN
29.0667,-0.54837,-49.460,-0.000,0.0,NaN
29.0833,-0.54876,-49.461,-0.001,0.0,NaN
29.1000,-0.54877,-49.460,-0.001,0.0,NaN
29.1167,-0.54842,-49.455,-0.001,0.0,NaN
29.1333,-0.54770,-49.448,-0.001,0.0,NaN
29.1500,-0.54666,-49.438,-0.001,0.0,NaN
29.1667,-0.54530,-49.427,-0.001,0.0,NaN
29.1833,-0.54369,-49.414,-0.001,0.0,NaN
29.2000,-0.54187,-49.399,-0.001,0.0,NaN
29.2167,-0.53989,-49.384,-0.000,0.0,NaN
29.2333,-0.53781,-49.368,0.000,0.0,NaN
29.2500,-0.53569,-49.352,0.001,0.0,NaN
29.2667,-0.53360,-49.335,0.001,0.0,NaN
29.2833,-0.53160,-49.319,0.001,0.0,NaN
29.3000,-0.52975,-49.305,0.001,0.0,NaN
29.3167,-0.52809,-49.292,0.001,0.0,NaN
29.3333,-0.52669,-49.280,0.001,0.0,NaN
29.3500,-0.52557,-49.270,0.001,0.0,NaN
29.3667,-0.52477,-49.262,0.001,0.0,NaN
29.3833,-0.52432,-49.256,0.001,0.0,NaN
29.4000,-0.52423,-49.252,0.001,0.0,NaN
29.4167,-0.52450,-49.251,0.000,0.0,NaN
29.4333,-0.52513,-49.252,-0.000,0.0,NaN
29.4500,-0.52610,-49.255,-0.001,0.0,NaN
29.4667,-0.52738,-49.260,-0.001,0.0,NaN
29.4833,-0.52894,-49.267,-0.001,0.0,NaN
29.5000,-0.53072,-49.275,-0.001,0.0,NaN
29.5167,-0.53269,-49.284,-0.001,0.0,NaN
29.5333,-0.53478,-49.294,-0.001,0.0,NaN
29.5500,-0.53693,-49.305,-0.001,0.0,NaN
29.5667,-0.53908,-49.316,-0.001,0.0,NaN
29.5833,-0.54116,-49.327,-0.001,0.0,NaN
29.6000,-0.54313,-49.336,-0.001,0.0,NaN
29.6167,-0.54492,-49.345,-0.001,0.0,NaN
29.6333,-0.54652,-49.352,-0.001,0.0,NaN
29.6500,-0.54787,-49.359,-0.001,0.0,NaN
29.6667,-0.54895,-49.364,-0.000,0.0,NaN
29.6833,-0.54971,-49.368,-0.000,0.0,NaN
29.7000,-0.55013,-49.369,-0.001,0.0,NaN
29.7167,-0.55018,-49.368,-0.001,0.0,NaN
29.7333,-0.54986,-49.364,-0.001,0.0,NaN
29.7500,-0.54918,-49.357,-0.001,0.0,NaN
29.7667,-0.54816,-49.348,-0.001,0.0,NaN
29.7833,-0.54685,-49.337,-0.001,0.0,NaN
29.8000,-0.54526,-49.324,-0.001,0.0,NaN
29.8167,-0.54347,-49.309,-0.001,0.0,NaN
29.8333,-0.54150,-49.294,-0.000,0.0,NaN
29.8500,-0.53944,-49.278,0.000,0.0,NaN
29.8667,-0.53733,-49.261,0.001,0.0,NaN
29.8833,-0.53524,-49.245,0.001,0.0,NaN
29.9000,-0.53323,-49.229,0.001,0.0,NaN
29.9167,-0.53136,-49.214,0.001,0.0,NaN
29.9333,-0.52969,-49.201,0.001,0.0,NaN
29.9500,-0.52825,-49.189,0.001,0.0,NaN
29.9667,-0.52710,-49.178,0.001,0.0,NaN
29.9833,-0.52626,-49.170,0.001,0.0,NaN
30.0000,-0.52577,-49.164,0.001,0.0,NaN
30.0167,-0.52563,-49.160,0.001,0.0,NaN
30.0333,-0.52585,-49.158,0.000,0.0,NaN
30.0500,-0.52643,-49.159,-0.000,0.0,NaN
30.0667,-0.52735,-49.162,-0.001,0.0,NaN
30.0833,-0.52859,-49.167,-0.001,0.0,NaN
30.1000,-0.53010,-49.173,-0.001,0.0,NaN
30.1167,-0.53186,-49.181,-0.001,0.0,NaN
30.1333,-0.53379,-49.190,-0.001,0.0,NaN
30.1500,-0.53586,-49.200,-0.001,0.0,NaN
30.1667,-0.53800,-49.212,-0.001,0.0,NaN
30.1833,-0.54015,-49.223,-0.001,0.0,NaN
30.2000,-0.54224,-49.233,-0.001,0.0,NaN
30.2167,-0.54422,-49.243,-0.001,0.0,NaN
30.2333,-0.54604,-49.252,-0.001,0.0,NaN
30.2500,-0.54767,-49.260,-0.001,0.0,NaN
30.2667,-0.54906,-49.267,-0.001,0.0,NaN
30.2833,-0.55019,-49.272,-0.000,0.0,NaN
30.3000,-0.55101,-49.276,-0.000,0.0,NaN
30.3167,-0.55149,-49.278,-0.001,0.0,NaN
30.3333,-0.55160,-49.277,-0.001,0.0,NaN
30.3500,-0.55135,-49.272,-0.001,0.0,NaN
30.3667,-0.55074,-49.266,-0.001,0.0,NaN
30.3833,-0.54980,-49.256,-0.001,0.0,NaN
30.4000,-0.54854,-49.245,-0.001,0.0,NaN
30.4167,-0.54702,-49.232,-0.001,0.0,NaN
30.4333,-0.54527,-49.217,-0.001,0.0,NaN
30.4500,-0.54334,-49.201,-0.001,0.0,NaN
30.4667,-0.54131,-49.185,0.000,0.0,NaN
30.4833,-0.53921,-49.167,0.001,0.0,NaN
30.5000,-0.53712,-49.150,0.001,0.0,NaN
30.5167,-0.53510,-49.133,0.001,0.0,NaN
30.5333,-0.53320,-49.117,0.001,0.0,NaN
30.5500,-0.53149,-49.103,0.001,0.0,NaN
30.5667,-0.53000,-49.090,0.001,0.0,NaN
30.5833,-0.52879,-49.078,0.001,0.0,NaN
30.6000,-0.52788,-49.069,0.001,0.0,NaN
30.6167,-0.52731,-49.062,0.001,0.0,NaN
30.6333,-0.52710,-49.057,0.001,0.0,NaN
30.6500,-0.52724,-49.054,0.001,0.0,NaN
30.6667,-0.52773,-49.054,0.000,0.0,NaN
30.6833,-0.52857,-49.056,-0.001,0.0,NaN
30.7000,-0.52973,-49.061,-0.001,0.0,NaN
30.7167,-0.53118,-49.066,-0.001,0.0,NaN
30.7333,-0.53288,-49.074,-0.001,0.0,NaN
30.7500,-0.53477,-49.082,-0.001,0.0,NaN
30.7667,-0.53680,-49.092,-0.001,0.0,NaN
30.7833,-0.53892,-49.103,-0.001,0.0,NaN
30.8000,-0.54107,-49.115,-0.001,0.0,NaN
30.8167,-0.54317,-49.125,-0.001,0.0,NaN
30.8333,-0.54519,-49.136,-0.001,0.0,NaN
30.8500,-0.54705,-49.145,-0.001,0.0,NaN
30.8667,-0.54872,-49.153,-0.001,0.0,NaN
30.8833,-0.55018,-49.159,-0.001,0.0,NaN
30.9000,-0.55138,-49.165,-0.000,0.0,NaN
30.9167,-0.55229,-49.169,-0.000,0.0,NaN
30.9333,-0.55287,-49.171,-0.000,0.0,NaN
30.9500,-0.55309,-49.171,-0.001,0.0,NaN
30.9667,-0.55295,-49.167,-0.001,0.0,NaN
30.9833,-0.55245,-49.161,-0.001,0.0,NaN
31.0000,-0.55161,-49.152,-0.001,0.0,NaN
31.0167,-0.55046,-49.140,-0.001,0.0,NaN
31.0333,-0.54902,-49.127,-0.001,0.0,NaN
31.0500,-0.54734,-49.112,-0.001,0.0,NaN
31.0667,-0.54548,-49.096,-0.001,0.0,NaN
31.0833,-0.54348,-49.079,-0.000,0.0,NaN
31.1000,-0.54141,-49.062,0.000,0.0,NaN
31.1167,-0.53932,-49.043,0.001,0.0,NaN
31.1333,-0.53728,-49.026,0.001,0.0,NaN
31.1500,-0.53535,-49.009,0.001,0.0,NaN
31.1667,-0.53357,-48.994,0.001,0.0,NaN
31.1833,-0.53201,-48.980,0.001,0.0,NaN
31.2000,-0.53071,-48.968,0.001,0.0,NaN
31.2167,-0.52970,-48.957,0.001,0.0,NaN
31.2333,-0.52901,-48.949,0.001,0.0,NaN
31.2500,-0.52867,-48.943,0.001,0.0,NaN
31.2667,-0.52868,-48.940,0.001,0.0,NaN
31.2833,-0.52905,-48.939,0.000,0.0,NaN
31.3000,-0.52977,-48.940,-0.000,0.0,NaN
31.3167,-0.53081,-48.944,-0.001,0.0,NaN
31.3333,-0.53215,-48.949,-0.001,0.0,NaN
31.3500,-0.53376,-48.956,-0.001,0.0,NaN
31.3667,-0.53557,-48.965,-0.002,0.0,NaN
31.3833,-0.53755,-48.975,-0.001,0.0,NaN
31.4000,-0.53964,-48.986,-0.001,0.0,NaN
31.4167,-0.54177,-48.997,-0.001,0.0,NaN
31.4333,-0.54389,-49.009,-0.001,0.0,NaN
31.4500,-0.54594,-49.019,-0.001,0.0,NaN
31.4667,-0.54786,-49.029,-0.001,0.0,NaN
31.4833,-0.54960,-49.038,-0.001,0.0,NaN
31.5000,-0.55114,-49.046,-0.001,0.0,NaN
31.5167,-0.55245,-49.052,-0.001,0.0,NaN
31.5333,-0.55348,-49.057,-0.000,0.0,NaN
31.5500,-0.55420,-49.060,-0.000,0.0,NaN
31.5667,-0.55457,-49.061,-0.001,0.0,NaN
31.5833,-0.55458,-49.059,-0.001,0.0,NaN
31.6000,-0.55424,-49.053,-0.001,0.0,NaN
31.6167,-0.55355,-49.045,-0.001,0.0,NaN
31.6333,-0.55253,-49.034,-0.002,0.0,NaN
31.6500,-0.55122,-49.022,-0.001,0.0,NaN
31.6667,-0.54965,-49.007,-0.001,0.0,NaN
31.6833,-0.54788,-48.991,-0.001,0.0,NaN
31.7000,-0.54595,-48.974,-0.000,0.0,NaN
31.7167,-0.54391,-48.956,0.000,0.0,NaN
31.7333,-0.54184,-48.938,0.001,0.0,NaN
31.7500,-0.53978,-48.919,0.001,0.0,NaN
31.7667,-0.53780,-48.901,0.001,0.0,NaN
31.7833,-0.53595,-48.885,0.001,0.0,NaN
31.8000,-0.53430,-48.870,0.001,0.0,NaN
31.8167,-0.53287,-48.856,0.001,0.0,NaN
31.8333,-0.53172,-48.845,0.001,0.0,NaN
31.8500,-0.53088,-48.835,0.001,0.0,NaN
31.8667,-0.53037,-48.828,0.001,0.0,NaN
31.8833,-0.53021,-48.823,0.001,0.0,NaN
31.9000,-0.53041,-48.821,0.000,0.0,NaN
31.9167,-0.53095,-48.821,-0.000,0.0,NaN
31.9333,-0.53183,-48.824,-0.001,0.0,NaN
31.9500,-0.53302,-48.829,-0.001,0.0,NaN
31.9667,-0.53449,-48.835,-0.001,0.0,NaN
31.9833,-0.53620,-48.843,-0.002,0.0,NaN
32.0000,-0.53809,-48.853,-0.002,0.0,NaN
32.0167,-0.54012,-48.863,-0.001,0.0,NaN
32.0333,-0.54222,-48.875,-0.001,0.0,NaN
32.0500,-0.54435,-48.887,-0.001,0.0,NaN
32.0667,-0.54643,-48.898,-0.001,0.0,NaN
32.0833,-0.54841,-48.909,-0.001,0.0,NaN
32.1000,-0.55025,-48.918,-0.001,0.0,NaN
32.1167,-0.55189,-48.927,-0.001,0.0,NaN
32.1333,-0.55333,-48.934,-0.001,0.0,NaN
32.1500,-0.55451,-48.940,-0.000,0.0,NaN
32.1667,-0.55540,-48.944,-0.000,0.0,NaN
32.1833,-0.55597,-48.946,-0.000,0.0,NaN
32.2000,-0.55619,-48.945,-0.001,0.0,NaN
32.2167,-0.55606,-48.941,-0.001,0.0,NaN
32.2333,-0.55557,-48.934,-0.001,0.0,NaN
32.2500,-0.55475,-48.924,-0.002,0.0,NaN
32.2667,-0.55362,-48.912,-0.002,0.0,NaN
32.2833,-0.55221,-48.898,-0.001,0.0,NaN
32.3000,-0.55057,-48.882,-0.001,0.0,NaN
32.3167,-0.54874,-48.864,-0.001,0.0,NaN
32.3333,-0.54678,-48.846,-0.000,0.0,NaN
32.3500,-0.54473,-48.827,0.001,0.0,NaN
32.3667,-0.54267,-48.808,0.001,0.0,NaN
32.3833,-0.54066,-48.788,0.001,0.0,NaN
32.4000,-0.53874,-48.770,0.001,0.0,NaN
32.4167,-0.53697,-48.754,0.001,0.0,NaN
32.4333,-0.53540,-48.738,0.001,0.0,NaN
32.4500,-0.53408,-48.725,0.001,0.0,NaN
32.4667,-0.53305,-48.713,0.001,0.0,NaN
32.4833,-0.53233,-48.704,0.001,0.0,NaN
32.5000,-0.53195,-48.697,0.001,0.0,NaN
32.5167,-0.53191,-48.693,0.001,0.0,NaN
32.5333,-0.53223,-48.691,0.000,0.0,NaN
32.5500,-0.53289,-48.692,-0.000,0.0,NaN
32.5667,-0.53387,-48.695,-0.001,0.0,NaN
32.5833,-0.53515,-48.700,-0.001,0.0,NaN
32.6000,-0.53670,-48.707,-0.002,0.0,NaN
32.6167,-0.53846,-48.715,-0.002,0.0,NaN
32.6333,-0.54039,-48.725,-0.001,0.0,NaN
32.6500,-0.54244,-48.737,-0.001,0.0,NaN
32.6667,-0.54455,-48.748,-0.001,0.0,NaN
32.6833,-0.54665,-48.760,-0.001,0.0,NaN
32.7000,-0.54870,-48.771,-0.001,0.0,NaN
32.7167,-0.55063,-48.782,-0.001,0.0,NaN
32.7333,-0.55241,-48.791,-0.001,0.0,NaN
32.7500,-0.55399,-48.799,-0.001,0.0,NaN
32.7667,-0.55535,-48.806,-0.001,0.0,NaN
32.7833,-0.55646,-48.811,-0.000,0.0,NaN
32.8000,-0.55727,-48.814,-0.000,0.0,NaN
32.8167,-0.55775,-48.815,-0.000,0.0,NaN
32.8333,-0.55788,-48.813,-0.001,0.0,NaN
32.8500,-0.55766,-48.808,-0.001,0.0,NaN
32.8667,-0.55710,-48.799,-0.001,0.0,NaN
32.8833,-0.55622,-48.788,-0.002,0.0,NaN
32.9000,-0.55504,-48.774,-0.002,0.0,NaN
32.9167,-0.55359,-48.759,-0.001,0.0,NaN
32.9333,-0.55192,-48.742,-0.001,0.0,NaN
32.9500,-0.55008,-48.723,-0.001,0.0,NaN
32.9667,-0.54811,-48.703,0.000,0.0,NaN
32.9833,-0.54608,-48.683,0.001,0.0,NaN
33.0000,-0.54405,-48.663,0.001,0.0,NaN
33.0167,-0.54206,-48.643,0.001,0.0,NaN
33.0333,-0.54018,-48.624,0.001,0.0,NaN
33.0500,-0.53846,-48.606,0.001,0.0,NaN
33.0667,-0.53695,-48.591,0.001,0.0,NaN
33.0833,-0.53569,-48.577,0.001,0.0,NaN
33.1000,-0.53472,-48.565,0.001,0.0,NaN
33.1167,-0.53406,-48.555,0.001,0.0,NaN
33.1333,-0.53373,-48.548,0.001,0.0,NaN
33.1500,-0.53375,-48.544,0.001,0.0,NaN
33.1667,-0.53412,-48.542,-0.000,0.0,NaN
33.1833,-0.53482,-48.543,-0.001,0.0,NaN
33.2000,-0.53584,-48.546,-0.001,0.0,NaN
33.2167,-0.53715,-48.551,-0.001,0.0,NaN
33.2333,-0.53871,-48.558,-0.002,0.0,NaN
33.2500,-0.54049,-48.567,-0.002,0.0,NaN
33.2667,-0.54243,-48.578,-0.001,0.0,NaN
33.2833,-0.54447,-48.589,-0.001,0.0,NaN
33.3000,-0.54657,-48.601,-0.001,0.0,NaN
33.3167,-0.54865,-48.613,-0.001,0.0,NaN
33.3333,-0.55068,-48.624,-0.001,0.0,NaN
33.3500,-0.55259,-48.635,-0.001,0.0,NaN
33.3667,-0.55434,-48.644,-0.001,0.0,NaN
33.3833,-0.55590,-48.652,-0.001,0.0,NaN
33.4000,-0.55724,-48.659,-0.000,0.0,NaN
33.4167,-0.55832,-48.664,-0.000,0.0,NaN
33.4333,-0.55912,-48.667,-0.000,0.0,NaN
33.4500,-0.55959,-48.667,-0.000,0.0,NaN
33.4667,-0.55971,-48.664,-0.001,0.0,NaN
33.4833,-0.55949,-48.658,-0.001,0.0,NaN
33.5000,-0.55894,-48.649,-0.002,0.0,NaN
33.5167,-0.55806,-48.637,-0.002,0.0,NaN
33.5333,-0.55690,-48.622,-0.002,0.0,NaN
33.5500,-0.55547,-48.605,-0.001,0.0,NaN
33.5667,-0.55382,-48.587,-0.001,0.0,NaN
33.5833,-0.55200,-48.567,-0.000,0.0,NaN
33.6000,-0.55007,-48.547,0.000,0.0,NaN
33.6167,-0.54806,-48.525,0.001,0.0,NaN
33.6333,-0.54605,-48.503,0.001,0.0,NaN
33.6500,-0.54408,-48.482,0.001,0.0,NaN
33.6667,-0.54222,-48.462,0.001,0.0,NaN
33.6833,-0.54051,-48.443,0.001,0.0,NaN
33.7000,-0.53900,-48.426,0.001,0.0,NaN
33.7167,-0.53774,-48.411,0.001,0.0,NaN
33.7333,-0.53676,-48.398,0.002,0.0,NaN
33.7500,-0.53608,-48.388,0.002,0.0,NaN
33.7667,-0.53574,-48.380,0.001,0.0,NaN
33.7833,-0.53573,-48.375,0.001,0.0,NaN
33.8000,-0.53606,-48.372,-0.000,0.0,NaN
33.8167,-0.53672,-48.373,-0.001,0.0,NaN
33.8333,-0.53770,-48.376,-0.001,0.0,NaN
33.8500,-0.53897,-48.380,-0.001,0.0,NaN
33.8667,-0.54050,-48.387,-0.002,0.0,NaN
33.8833,-0.54224,-48.396,-0.001,0.0,NaN
33.9000,-0.54414,-48.406,-0.001,0.0,NaN
33.9167,-0.54616,-48.417,-0.001,0.0,NaN
33.9333,-0.54823,-48.429,-0.001,0.0,NaN
33.9500,-0.55031,-48.442,-0.001,0.0,NaN
33.9667,-0.55233,-48.453,-0.001,0.0,NaN
33.9833,-0.55425,-48.464,-0.001,0.0,NaN
34.0000,-0.55602,-48.474,-0.001,0.0,NaN
34.0167,-0.55761,-48.482,-0.001,0.0,NaN
34.0333,-0.55899,-48.489,-0.000,0.0,NaN
34.0500,-0.56012,-48.494,-0.000,0.0,NaN
34.0667,-0.56098,-48.496,-0.000,0.0,NaN
34.0833,-0.56153,-48.497,-0.000,0.0,NaN
34.1000,-0.56174,-48.494,-0.001,0.0,NaN
34.1167,-0.56161,-48.488,-0.001,0.0,NaN
34.1333,-0.56116,-48.478,-0.002,0.0,NaN
34.1500,-0.56038,-48.466,-0.002,0.0,NaN
34.1667,-0.55931,-48.450,-0.002,0.0,NaN
34.1833,-0.55798,-48.433,-0.001,0.0,NaN
34.2000,-0.55642,-48.413,-0.001,0.0,NaN
34.2167,-0.55468,-48.392,-0.000,0.0,NaN
34.2333,-0.55280,-48.370,0.000,0.0,NaN
34.2500,-0.55084,-48.347,0.001,0.0,NaN
34.2667,-0.54886,-48.323,0.001,0.0,NaN
34.2833,-0.54690,-48.300,0.001,0.0,NaN
34.3000,-0.54503,-48.278,0.001,0.0,NaN
34.3167,-0.54329,-48.257,0.001,0.0,NaN
34.3333,-0.54173,-48.238,0.001,0.0,NaN
34.3500,-0.54040,-48.220,0.001,0.0,NaN
34.3667,-0.53933,-48.205,0.002,0.0,NaN
34.3833,-0.53855,-48.192,0.002,0.0,NaN
34.4000,-0.53809,-48.182,0.001,0.0,NaN
34.4167,-0.53796,-48.175,0.001,0.0,NaN
34.4333,-0.53816,-48.170,0.000,0.0,NaN
34.4500,-0.53869,-48.169,-0.001,0.0,NaN
34.4667,-0.53954,-48.170,-0.001,0.0,NaN
34.4833,-0.54068,-48.173,-0.001,0.0,NaN
34.5000,-0.54209,-48.179,-0.002,0.0,NaN
34.5167,-0.54373,-48.186,-0.001,0.0,NaN
34.5333,-0.54555,-48.195,-0.001,0.0,NaN
34.5500,-0.54750,-48.206,-0.001,0.0,NaN
34.5667,-0.54954,-48.218,-0.001,0.0,NaN
34.5833,-0.55160,-48.229,-0.001,0.0,NaN
34.6000,-0.55364,-48.241,-0.001,0.0,NaN
34.6167,-0.55560,-48.252,-0.001,0.0,NaN
34.6333,-0.55744,-48.262,-0.001,0.0,NaN
34.6500,-0.55912,-48.270,-0.001,0.0,NaN
34.6667,-0.56060,-48.277,-0.000,0.0,NaN
34.6833,-0.56187,-48.283,-0.000,0.0,NaN
34.7000,-0.56289,-48.286,0.000,0.0,NaN
34.7167,-0.56362,-48.286,-0.000,0.0,NaN
34.7333,-0.56404,-48.284,-0.001,0.0,NaN
34.7500,-0.56413,-48.278,-0.001,0.0,NaN
34.7667,-0.56389,-48.269,-0.002,0.0,NaN
34.7833,-0.56333,-48.256,-0.002,0.0,NaN
34.8000,-0.56248,-48.240,-0.002,0.0,NaN
34.8167,-0.56134,-48.222,-0.002,0.0,NaN
34.8333,-0.55996,-48.201,-0.001,0.0,NaN
34.8500,-0.55838,-48.178,-0.001,0.0,NaN
34.8667,-0.55663,-48.154,0.000,0.0,NaN
34.8833,-0.55477,-48.128,0.001,0.0,NaN
34.9000,-0.55285,-48.102,0.001,0.0,NaN
34.9167,-0.55091,-48.076,0.001,0.0,NaN
34.9333,-0.54902,-48.049,0.001,0.0,NaN
34.9500,-0.54722,-48.025,0.001,0.0,NaN
34.9667,-0.54557,-48.001,0.001,0.0,NaN
34.9833,-0.54410,-47.980,0.001,0.0,NaN
35.0000,-0.54286,-47.960,0.002,0.0,NaN
35.0167,-0.54189,-47.943,0.002,0.0,NaN
35.0333,-0.54120,-47.928,0.002,0.0,NaN
35.0500,-0.54083,-47.916,0.001,0.0,NaN
35.0667,-0.54078,-47.907,0.000,0.0,NaN
35.0833,-0.54105,-47.901,-0.000,0.0,NaN
35.1000,-0.54164,-47.898,-0.001,0.0,NaN
35.1167,-0.54254,-47.898,-0.001,0.0,NaN
35.1333,-0.54372,-47.900,-0.001,0.0,NaN
35.1500,-0.54515,-47.905,-0.001,0.0,NaN
35.1667,-0.54680,-47.911,-0.001,0.0,NaN
35.1833,-0.54863,-47.920,-0.001,0.0,NaN
35.2000,-0.55058,-47.929,-0.001,0.0,NaN
35.2167,-0.55260,-47.940,-0.001,0.0,NaN
35.2333,-0.55465,-47.951,-0.001,0.0,NaN
35.2500,-0.55667,-47.961,-0.001,0.0,NaN
35.2667,-0.55861,-47.971,-0.001,0.0,NaN
35.2833,-0.56044,-47.979,-0.001,0.0,NaN
35.3000,-0.56211,-47.986,-0.001,0.0,NaN
35.3167,-0.56360,-47.991,-0.000,0.0,NaN
35.3333,-0.56487,-47.995,0.000,0.0,NaN
35.3500,-0.56592,-47.996,0.000,0.0,NaN
35.3667,-0.56668,-47.994,-0.000,0.0,NaN
35.3833,-0.56714,-47.989,-0.001,0.0,NaN
35.4000,-0.56729,-47.981,-0.001,0.0,NaN
35.4167,-0.56711,-47.969,-0.002,0.0,NaN
35.4333,-0.56662,-47.953,-0.002,0.0,NaN
35.4500,-0.56584,-47.933,-0.002,0.0,NaN
35.4667,-0.56479,-47.911,-0.002,0.0,NaN
35.4833,-0.56349,-47.886,-0.001,0.0,NaN
35.5000,-0.56199,-47.859,-0.001,0.0,NaN
35.5167,-0.56033,-47.831,-0.000,0.0,NaN
35.5333,-0.55855,-47.801,0.000,0.0,NaN
35.5500,-0.55671,-47.769,0.000,0.0,NaN
35.5667,-0.55484,-47.738,0.000,0.0,NaN
35.5833,-0.55301,-47.706,0.000,0.0,NaN
35.6000,-0.55126,-47.676,0.001,0.0,NaN
35.6167,-0.54963,-47.647,0.001,0.0,NaN
35.6333,-0.54818,-47.619,0.002,0.0,NaN
35.6500,-0.54694,-47.594,0.002,0.0,NaN
35.6667,-0.54594,-47.571,0.002,0.0,NaN
35.6833,-0.54522,-47.550,0.002,0.0,NaN
35.7000,-0.54479,-47.533,0.001,0.0,NaN
35.7167,-0.54467,-47.518,0.000,0.0,NaN
35.7333,-0.54486,-47.507,-0.000,0.0,NaN
35.7500,-0.54536,-47.499,-0.001,0.0,NaN
35.7667,-0.54616,-47.494,-0.001,0.0,NaN
35.7833,-0.54725,-47.491,-0.001,0.0,NaN
35.8000,-0.54859,-47.490,-0.001,0.0,NaN
35.8167,-0.55016,-47.492,-0.001,0.0,NaN
35.8333,-0.55191,-47.496,-0.001,0.0,NaN
35.8500,-0.55381,-47.501,-0.001,0.0,NaN
35.8667,-0.55581,-47.508,-0.001,0.0,NaN
35.8833,-0.55786,-47.514,-0.002,0.0,NaN
35.9000,-0.55991,-47.521,-0.002,0.0,NaN
35.9167,-0.56190,-47.527,-0.002,0.0,NaN
35.9333,-0.56381,-47.531,-0.001,0.0,NaN
35.9500,-0.56559,-47.534,-0.001,0.0,NaN
35.9667,-0.56721,-47.536,0.000,0.0,NaN
35.9833,-0.56864,-47.535,0.000,0.0,NaN
36.0000,-0.56986,-47.533,0.000,0.0,NaN
36.0167,-0.57083,-47.527,-0.000,0.0,NaN
36.0333,-0.57151,-47.519,-0.001,0.0,NaN
36.0500,-0.57189,-47.507,-0.002,0.0,NaN
36.0667,-0.57195,-47.491,-0.002,0.0,NaN
36.0833,-0.57170,-47.472,-0.002,0.0,NaN
36.1000,-0.57115,-47.448,-0.002,0.0,NaN
36.1167,-0.57032,-47.422,-0.002,0.0,NaN
36.1333,-0.56923,-47.392,-0.001,0.0,NaN
36.1500,-0.56792,-47.360,-0.001,0.0,NaN
36.1667,-0.56643,-47.325,-0.001,0.0,NaN
36.1833,-0.56479,-47.289,-0.000,0.0,NaN
36.2000,-0.56305,-47.251,-0.000,0.0,NaN
36.2167,-0.56127,-47.212,-0.000,0.0,NaN
36.2333,-0.55949,-47.173,0.000,0.0,NaN
36.2500,-0.55776,-47.134,0.001,0.0,NaN
36.2667,-0.55613,-47.096,0.001,0.0,NaN
36.2833,-0.55464,-47.060,0.002,0.0,NaN
36.3000,-0.55333,-47.025,0.002,0.0,NaN
36.3167,-0.55225,-46.992,0.003,0.0,NaN
36.3333,-0.55141,-46.961,0.002,0.0,NaN
36.3500,-0.55086,-46.933,0.002,0.0,NaN
36.3667,-0.55059,-46.907,0.001,0.0,NaN
36.3833,-0.55063,-46.885,-0.000,0.0,NaN
36.4000,-0.55098,-46.866,-0.001,0.0,NaN
36.4167,-0.55164,-46.849,-0.001,0.0,NaN
36.4333,-0.55258,-46.835,-0.001,0.0,NaN
36.4500,-0.55380,-46.824,-0.001,0.0,NaN
36.4667,-0.55526,-46.815,-0.001,0.0,NaN
36.4833,-0.55693,-46.807,-0.001,0.0,NaN
36.5000,-0.55878,-46.802,-0.001,0.0,NaN
36.5167,-0.56076,-46.798,-0.002,0.0,NaN
36.5333,-0.56282,-46.795,-0.002,0.0,NaN
36.5500,-0.56492,-46.791,-0.002,0.0,NaN
36.5667,-0.56701,-46.788,-0.002,0.0,NaN
36.5833,-0.56903,-46.783,-0.001,0.0,NaN
36.6000,-0.57096,-46.777,-0.001,0.0,NaN
36.6167,-0.57275,-46.770,-0.000,0.0,NaN
36.6333,-0.57439,-46.761,0.000,0.0,NaN
36.6500,-0.57583,-46.751,0.000,0.0,NaN
36.6667,-0.57706,-46.737,-0.000,0.0,NaN
36.6833,-0.57802,-46.722,-0.001,0.0,NaN
36.7000,-0.57870,-46.703,-0.001,0.0,NaN
36.7167,-0.57907,-46.680,-0.002,0.0,NaN
36.7333,-0.57913,-46.654,-0.002,0.0,NaN
36.7500,-0.57889,-46.623,-0.002,0.0,NaN
36.7667,-0.57835,-46.590,-0.002,0.0,NaN
36.7833,-0.57754,-46.552,-0.001,0.0,NaN
36.8000,-0.57649,-46.512,-0.001,0.0,NaN
36.8167,-0.57522,-46.470,-0.001,0.0,NaN
36.8333,-0.57379,-46.425,-0.001,0.0,NaN
36.8500,-0.57222,-46.379,-0.001,0.0,NaN
36.8667,-0.57056,-46.331,-0.000,0.0,NaN
36.8833,-0.56887,-46.283,0.000,0.0,NaN
36.9000,-0.56719,-46.233,0.001,0.0,NaN
36.9167,-0.56558,-46.185,0.001,0.0,NaN
36.9333,-0.56407,-46.137,0.002,0.0,NaN
36.9500,-0.56270,-46.091,0.002,0.0,NaN
36.9667,-0.56153,-46.046,0.003,0.0,NaN
36.9833,-0.56058,-46.003,0.002,0.0,NaN
37.0000,-0.55989,-45.962,0.002,0.0,NaN
37.0167,-0.55947,-45.924,0.001,0.0,NaN
37.0333,-0.55934,-45.889,0.000,0.0,NaN
37.0500,-0.55952,-45.856,-0.000,0.0,NaN
37.0667,-0.55999,-45.826,-0.001,0.0,NaN
37.0833,-0.56077,-45.799,-0.001,0.0,NaN
37.1000,-0.56182,-45.775,-0.001,0.0,NaN
37.1167,-0.56314,-45.753,-0.001,0.0,NaN
37.1333,-0.56470,-45.733,-0.002,0.0,NaN
37.1500,-0.56646,-45.715,-0.002,0.0,NaN
37.1667,-0.56837,-45.699,-0.002,0.0,NaN
37.1833,-0.57041,-45.684,-0.002,0.0,NaN
37.2000,-0.57252,-45.669,-0.002,0.0,NaN
37.2167,-0.57465,-45.655,-0.002,0.0,NaN
37.2333,-0.57676,-45.640,-0.002,0.0,NaN
37.2500,-0.57880,-45.625,-0.001,0.0,NaN
37.2667,-0.58074,-45.609,-0.000,0.0,NaN
37.2833,-0.58255,-45.591,-0.000,0.0,NaN
37.3000,-0.58419,-45.572,0.000,0.0,NaN
37.3167,-0.58563,-45.552,0.000,0.0,NaN
37.3333,-0.58685,-45.528,-0.000,0.0,NaN
37.3500,-0.58780,-45.502,-0.000,0.0,NaN
37.3667,-0.58846,-45.474,-0.001,0.0,NaN
37.3833,-0.58883,-45.441,-0.001,0.0,NaN
37.4000,-0.58889,-45.405,-0.001,0.0,NaN
37.4167,-0.58866,-45.366,-0.001,0.0,NaN
37.4333,-0.58815,-45.323,-0.001,0.0,NaN
37.4500,-0.58739,-45.277,-0.001,0.0,NaN
37.4667,-0.58639,-45.229,-0.001,0.0,NaN
37.4833,-0.58519,-45.179,-0.001,0.0,NaN
37.5000,-0.58383,-45.126,-0.001,0.0,NaN
37.5167,-0.58235,-45.072,-0.001,0.0,NaN
37.5333,-0.58080,-45.017,-0.000,0.0,NaN
37.5500,-0.57922,-44.961,-0.000,0.0,NaN
37.5667,-0.57766,-44.905,0.000,0.0,NaN
37.5833,-0.57617,-44.849,0.001,0.0,NaN
37.6000,-0.57478,-44.795,0.001,0.0,NaN
37.6167,-0.57354,-44.741,0.001,0.0,NaN
37.6333,-0.57250,-44.690,0.002,0.0,NaN
37.6500,-0.57167,-44.640,0.001,0.0,NaN
37.6667,-0.57109,-44.592,0.001,0.0,NaN
37.6833,-0.57078,-44.547,0.001,0.0,NaN
37.7000,-0.57075,-44.504,0.000,0.0,NaN
37.7167,-0.57101,-44.464,0.000,0.0,NaN
37.7333,-0.57156,-44.427,-0.000,0.0,NaN
37.7500,-0.57239,-44.392,-0.000,0.0,NaN
37.7667,-0.57349,-44.360,-0.001,0.0,NaN
37.7833,-0.57484,-44.331,-0.001,0.0,NaN
37.8000,-0.57641,-44.303,-0.001,0.0,NaN
37.8167,-0.57817,-44.277,-0.002,0.0,NaN
37.8333,-0.58008,-44.254,-0.002,0.0,NaN
37.8500,-0.58209,-44.231,-0.002,0.0,NaN
37.8667,-0.58416,-44.209,-0.002,0.0,NaN
37.8833,-0.58625,-44.187,-0.001,0.0,NaN
37.9000,-0.58831,-44.166,-0.001,0.0,NaN
37.9167,-0.59031,-44.144,-0.001,0.0,NaN
37.9333,-0.59220,-44.121,-0.000,0.0,NaN
37.9500,-0.59395,-44.097,-0.000,0.0,NaN
37.9667,-0.59554,-44.071,-0.000,0.0,NaN
37.9833,-0.59693,-44.045,-0.000,0.0,NaN
38.0000,-0.59809,-44.015,-0.000,0.0,NaN
38.0167,-0.59899,-43.984,-0.001,0.0,NaN
38.0333,-0.59961,-43.950,-0.001,0.0,NaN
38.0500,-0.59995,-43.912,-0.001,0.0,NaN
38.0667,-0.60001,-43.871,-0.000,0.0,NaN
38.0833,-0.59979,-43.828,-0.000,0.0,NaN
38.1000,-0.59931,-43.782,-0.000,0.0,NaN
38.1167,-0.59860,-43.733,-0.000,0.0,NaN
38.1333,-0.59766,-43.682,-0.000,0.0,NaN
38.1500,-0.59655,-43.629,-0.000,0.0,NaN
38.1667,-0.59528,-43.574,-0.000,0.0,NaN
38.1833,-0.59391,-43.518,-0.000,0.0,NaN
38.2000,-0.59248,-43.461,-0.000,0.0,NaN
38.2167,-0.59102,-43.404,0.000,0.0,NaN
38.2333,-0.58958,-43.346,0.000,0.0,NaN
38.2500,-0.58821,-43.290,0.001,0.0,NaN
38.2667,-0.58695,-43.234,0.001,0.0,NaN
38.2833,-0.58583,-43.179,0.001,0.0,NaN
38.3000,-0.58488,-43.126,0.001,0.0,NaN
38.3167,-0.58415,-43.074,0.000,0.0,NaN
38.3333,-0.58365,-43.025,0.000,0.0,NaN
38.3500,-0.58339,-42.978,0.000,0.0,NaN
38.3667,-0.58341,-42.934,0.000,0.0,NaN
38.3833,-0.58369,-42.892,-0.000,0.0,NaN
38.4000,-0.58424,-42.852,-0.000,0.0,NaN
38.4167,-0.58506,-42.816,-0.000,0.0,NaN
38.4333,-0.58612,-42.781,-0.001,0.0,NaN
38.4500,-0.58741,-42.749,-0.001,0.0,NaN
38.4667,-0.58891,-42.718,-0.001,0.0,NaN
38.4833,-0.59057,-42.690,-0.001,0.0,NaN
38.5000,-0.59237,-42.664,-0.001,0.0,NaN
38.5167,-0.59426,-42.638,-0.001,0.0,NaN
38.5333,-0.59621,-42.614,-0.001,0.0,NaN
38.5500,-0.59818,-42.589,-0.001,0.0,NaN
38.5667,-0.60011,-42.566,-0.001,0.0,NaN
38.5833,-0.60198,-42.541,-0.000,0.0,NaN
38.6000,-0.60375,-42.517,-0.000,0.0,NaN
38.6167,-0.60539,-42.491,-0.000,0.0,NaN
38.6333,-0.60687,-42.465,-0.000,0.0,NaN
38.6500,-0.60815,-42.436,-0.000,0.0,NaN
38.6667,-0.60922,-42.406,-0.000,0.0,NaN
38.6833,-0.61005,-42.374,-0.000,0.0,NaN
38.7000,-0.61063,-42.339,-0.000,0.0,NaN
38.7167,-0.61095,-42.301,-0.000,0.0,NaN
38.7333,-0.61101,-42.261,-0.000,0.0,NaN
38.7500,-0.61082,-42.218,-0.000,0.0,NaN
38.7667,-0.61038,-42.173,-0.000,0.0,NaN
38.7833,-0.60973,-42.127,-0.000,0.0,NaN
38.8000,-0.60887,-42.078,-0.000,0.0,NaN
38.8167,-0.60785,-42.027,-0.000,0.0,NaN
38.8333,-0.60669,-41.975,-0.000,0.0,NaN
38.8500,-0.60543,-41.922,-0.000,0.0,NaN
38.8667,-0.60412,-41.869,0.000,0.0,NaN
38.8833,-0.60278,-41.815,0.000,0.0,NaN
38.9000,-0.60146,-41.761,0.000,0.0,NaN
38.9167,-0.60020,-41.708,0.000,0.0,NaN
38.9333,-0.59904,-41.656,0.000,0.0,NaN
38.9500,-0.59800,-41.604,0.000,0.0,NaN
38.9667,-0.59713,-41.554,0.000,0.0,NaN
38.9833,-0.59645,-41.506,0.000,0.0,NaN
39.0000,-0.59599,-41.460,-0.000,0.0,NaN
39.0167,-0.59575,-41.416,-0.000,0.0,NaN
39.0333,-0.59575,-41.374,-0.000,0.0,NaN
39.0500,-0.59600,-41.334,-0.000,0.0,NaN
39.0667,-0.59650,-41.297,-0.000,0.0,NaN
39.0833,-0.59724,-41.261,-0.000,0.0,NaN
39.1000,-0.59821,-41.228,-0.000,0.0,NaN
39.1167,-0.59938,-41.197,-0.000,0.0,NaN
39.1333,-0.60075,-41.168,-0.000,0.0,NaN
39.1500,-0.60227,-41.141,-0.000,0.0,NaN
39.1667,-0.60392,-41.115,-0.000,0.0,NaN
39.1833,-0.60565,-41.090,-0.000,0.0,NaN
39.2000,-0.60743,-41.066,-0.000,0.0,NaN
39.2167,-0.60921,-41.043,-0.000,0.0,NaN
39.2333,-0.61096,-41.020,0.000,0.0,NaN
39.2500,-0.61262,-40.998,0.000,0.0,NaN
39.2667,-0.61417,-40.977,0.000,0.0,NaN
39.2833,-0.61555,-40.955,0.000,0.0,NaN
39.3000,-0.61674,-40.934,0.000,0.0,NaN
39.3167,-0.61769,-40.912,-0.000,0.0,NaN
39.3333,-0.61838,-40.891,-0.000,0.0,NaN
39.3500,-0.61880,-40.869,-0.000,0.0,NaN
39.3667,-0.61892,-40.846,-0.000,0.0,NaN
39.3833,-0.61875,-40.824,-0.000,0.0,NaN
39.4000,-0.61831,-40.801,-0.001,0.0,NaN
39.4167,-0.61759,-40.779,-0.001,0.0,NaN
39.4333,-0.61664,-40.757,-0.001,0.0,NaN
39.4500,-0.61547,-40.735,-0.001,0.0,NaN
39.4667,-0.61413,-40.714,-0.000,0.0,NaN
39.4833,-0.61266,-40.693,-0.000,0.0,NaN
39.5000,-0.61110,-40.673,-0.000,0.0,NaN
39.5167,-0.60950,-40.654,-0.000,0.0,NaN
39.5333,-0.60791,-40.637,0.000,0.0,NaN
39.5500,-0.60637,-40.621,0.000,0.0,NaN
39.5667,-0.60494,-40.606,0.000,0.0,NaN
39.5833,-0.60364,-40.594,0.000,0.0,NaN
39.6000,-0.60252,-40.583,0.000,0.0,NaN
39.6167,-0.60160,-40.575,0.000,0.0,NaN
39.6333,-0.60092,-40.569,0.000,0.0,NaN
39.6500,-0.60048,-40.565,0.000,0.0,NaN
39.6667,-0.60031,-40.564,0.000,0.0,NaN
39.6833,-0.60040,-40.566,-0.000,0.0,NaN
39.7000,-0.60076,-40.570,-0.000,0.0,NaN
39.7167,-0.60137,-40.576,-0.000,0.0,NaN
39.7333,-0.60223,-40.584,-0.000,0.0,NaN
39.7500,-0.60330,-40.595,-0.000,0.0,NaN
39.7667,-0.60456,-40.607,-0.001,0.0,NaN
39.7833,-0.60597,-40.621,-0.001,0.0,NaN
39.8000,-0.60749,-40.637,-0.001,0.0,NaN
39.8167,-0.60908,-40.654,-0.001,0.0,NaN
39.8333,-0.61069,-40.672,-0.001,0.0,NaN
39.8500,-0.61228,-40.691,-0.000,0.0,NaN
39.8667,-0.61381,-40.710,-0.000,0.0,NaN
39.8833,-0.61522,-40.730,-0.000,0.0,NaN
39.9000,-0.61647,-40.750,-0.000,0.0,NaN
39.9167,-0.61754,-40.770,-0.000,0.0,NaN
39.9333,-0.61839,-40.790,0.000,0.0,NaN
39.9500,-0.61899,-40.809,0.000,0.0,NaN
39.9667,-0.61932,-40.828,0.000,0.0,NaN
39.9833,-0.61938,-40.846,0.000,0.0,NaN
40.0000,-0.61917,-40.863,0.000,0.0,NaN
40.0167,-0.61869,-40.880,0.000,0.0,NaN
40.0333,-0.61795,-40.896,0.000,0.0,NaN
40.0500,-0.61699,-40.912,0.000,0.0,NaN
40.0667,-0.61583,-40.926,0.000,0.0,NaN
40.0833,-0.61449,-40.940,0.000,0.0,NaN
40.1000,-0.61303,-40.953,-0.000,0.0,NaN
40.1167,-0.61149,-40.966,-0.000,0.0,NaN
40.1333,-0.60990,-40.979,-0.000,0.0,NaN
40.1500,-0.60832,-40.991,-0.000,0.0,NaN
40.1667,-0.60677,-41.003,-0.000,0.0,NaN
40.1833,-0.60531,-41.015,-0.000,0.0,NaN
40.2000,-0.60397,-41.027,-0.000,0.0,NaN
40.2167,-0.60279,-41.040,-0.000,0.0,NaN
40.2333,-0.60178,-41.054,-0.000,0.0,NaN
40.2500,-0.60098,-41.069,-0.000,0.0,NaN
40.2667,-0.60040,-41.084,-0.000,0.0,NaN
40.2833,-0.60006,-41.101,-0.000,0.0,NaN
40.3000,-0.59996,-41.118,-0.000,0.0,NaN
40.3167,-0.60010,-41.137,0.000,0.0,NaN
40.3333,-0.60048,-41.156,0.000,0.0,NaN
40.3500,-0.60108,-41.176,0.000,0.0,NaN
40.3667,-0.60189,-41.198,0.000,0.0,NaN
40.3833,-0.60289,-41.219,0.000,0.0,NaN
40.4000,-0.60405,-41.241,0.000,0.0,NaN
40.4167,-0.60534,-41.263,0.000,0.0,NaN
40.4333,-0.60672,-41.284,-0.000,0.0,NaN
40.4500,-0.60816,-41.305,-0.000,0.0,NaN
40.4667,-0.60962,-41.325,-0.000,0.0,NaN
40.4833,-0.61106,-41.344,-0.000,0.0,NaN
40.5000,-0.61245,-41.362,-0.000,0.0,NaN
40.5167,-0.61375,-41.379,-0.000,0.0,NaN
40.5333,-0.61494,-41.393,-0.000,0.0,NaN
40.5500,-0.61597,-41.406,-0.000,0.0,NaN
40.5667,-0.61682,-41.417,-0.001,0.0,NaN
40.5833,-0.61747,-41.426,-0.001,0.0,NaN
40.6000,-0.61788,-41.432,-0.001,0.0,NaN
40.6167,-0.61806,-41.435,-0.001,0.0,NaN
40.6333,-0.61799,-41.436,-0.001,0.0,NaN
40.6500,-0.61768,-41.434,-0.001,0.0,NaN
40.6667,-0.61714,-41.430,-0.001,0.0,NaN
40.6833,-0.61638,-41.423,-0.001,0.0,NaN
40.7000,-0.61543,-41.415,-0.001,0.0,NaN
40.7167,-0.61432,-41.404,-0.000,0.0,NaN
40.7333,-0.61307,-41.391,0.000,0.0,NaN
40.7500,-0.61173,-41.376,0.000,0.0,NaN
40.7667,-0.61033,-41.360,0.001,0.0,NaN
40.7833,-0.60891,-41.343,0.001,0.0,NaN
40.8000,-0.60750,-41.324,0.001,0.0,NaN
40.8167,-0.60615,-41.306,0.001,0.0,NaN
40.8333,-0.60490,-41.287,0.001,0.0,NaN
40.8500,-0.60377,-41.268,0.001,0.0,NaN
40.8667,-0.60279,-41.249,0.001,0.0,NaN
40.8833,-0.60200,-41.230,0.000,0.0,NaN
40.9000,-0.60141,-41.212,0.000,0.0,NaN
40.9167,-0.60105,-41.195,-0.000,0.0,NaN
40.9333,-0.60091,-41.179,-0.001,0.0,NaN
40.9500,-0.60102,-41.163,-0.001,0.0,NaN
40.9667,-0.60136,-41.149,-0.001,0.0,NaN
40.9833,-0.60193,-41.135,-0.001,0.0,NaN
41.0000,-0.60273,-41.122,-0.001,0.0,NaN
41.0167,-0.60374,-41.110,-0.001,0.0,NaN
41.0333,-0.60494,-41.098,-0.001,0.0,NaN
41.0500,-0.60630,-41.088,-0.001,0.0,NaN
41.0667,-0.60781,-41.078,-0.001,0.0,NaN
41.0833,-0.60940,-41.069,-0.001,0.0,NaN
41.1000,-0.61105,-41.060,-0.001,0.0,NaN
41.1167,-0.61272,-41.050,-0.001,0.0,NaN
41.1333,-0.61435,-41.040,-0.002,0.0,NaN
41.1500,-0.61591,-41.030,-0.001,0.0,NaN
41.1667,-0.61736,-41.020,-0.001,0.0,NaN
41.1833,-0.61865,-41.009,-0.001,0.0,NaN
41.2000,-0.61976,-40.997,-0.001,0.0,NaN
41.2167,-0.62064,-40.985,-0.001,0.0,NaN
41.2333,-0.62126,-40.971,-0.001,0.0,NaN
41.2500,-0.62159,-40.956,-0.001,0.0,NaN
41.2667,-0.62165,-40.940,-0.001,0.0,NaN
41.2833,-0.62141,-40.922,-0.001,0.0,NaN
41.3000,-0.62090,-40.903,-0.000,0.0,NaN
41.3167,-0.62013,-40.884,0.000,0.0,NaN
41.3333,-0.61912,-40.863,0.001,0.0,NaN
41.3500,-0.61792,-40.842,0.001,0.0,NaN
41.3667,-0.61655,-40.821,0.001,0.0,NaN
41.3833,-0.61505,-40.798,0.001,0.0,NaN
41.4000,-0.61348,-40.776,0.001,0.0,NaN
41.4167,-0.61189,-40.754,0.001,0.0,NaN
41.4333,-0.61031,-40.732,0.001,0.0,NaN
41.4500,-0.60880,-40.711,0.001,0.0,NaN
41.4667,-0.60740,-40.690,0.001,0.0,NaN
41.4833,-0.60614,-40.670,0.000,0.0,NaN
41.5000,-0.60507,-40.652,0.000,0.0,NaN
41.5167,-0.60422,-40.635,0.000,0.0,NaN
41.5333,-0.60361,-40.619,-0.000,0.0,NaN
41.5500,-0.60326,-40.605,-0.001,0.0,NaN
41.5667,-0.60317,-40.592,-0.001,0.0,NaN
41.5833,-0.60336,-40.581,-0.001,0.0,NaN
41.6000,-0.60382,-40.572,-0.001,0.0,NaN
41.6167,-0.60453,-40.565,-0.001,0.0,NaN
41.6333,-0.60549,-40.559,-0.001,0.0,NaN
41.6500,-0.60665,-40.554,-0.001,0.0,NaN
41.6667,-0.60800,-40.551,-0.001,0.0,NaN
41.6833,-0.60950,-40.550,-0.001,0.0,NaN
41.7000,-0.61109,-40.549,-0.000,0.0,NaN
41.7167,-0.61274,-40.550,-0.000,0.0,NaN
41.7333,-0.61440,-40.551,0.000,0.0,NaN
41.7500,-0.61602,-40.553,0.000,0.0,NaN
41.7667,-0.61756,-40.556,0.000,0.0,NaN
41.7833,-0.61898,-40.560,0.001,0.0,NaN
41.8000,-0.62024,-40.564,0.001,0.0,NaN
41.8167,-0.62129,-40.569,0.001,0.0,NaN
41.8333,-0.62211,-40.574,0.000,0.0,NaN
41.8500,-0.62267,-40.579,0.000,0.0,NaN
41.8667,-0.62294,-40.584,-0.000,0.0,NaN
41.8833,-0.62291,-40.589,-0.001,0.0,NaN
41.9000,-0.62260,-40.594,-0.001,0.0,NaN
41.9167,-0.62202,-40.599,-0.001,0.0,NaN
41.9333,-0.62117,-40.603,-0.001,0.0,NaN
41.9500,-0.62009,-40.608,-0.001,0.0,NaN
41.9667,-0.61882,-40.613,-0.001,0.0,NaN
41.9833,-0.61739,-40.617,-0.001,0.0,NaN
42.0000,-0.61585,-40.622,-0.000,0.0,NaN
42.0167,-0.61425,-40.626,-0.000,0.0,NaN
42.0333,-0.61263,-40.631,-0.000,0.0,NaN
42.0500,-0.61104,-40.636,0.000,0.0,NaN
42.0667,-0.60953,-40.642,0.000,0.0,NaN
42.0833,-0.60814,-40.648,0.000,0.0,NaN
42.1000,-0.60691,-40.654,0.001,0.0,NaN
42.1167,-0.60587,-40.662,0.001,0.0,NaN
42.1333,-0.60505,-40.670,0.001,0.0,NaN
42.1500,-0.60447,-40.679,0.001,0.0,NaN
42.1667,-0.60415,-40.689,0.001,0.0,NaN
42.1833,-0.60410,-40.700,0.000,0.0,NaN
42.2000,-0.60431,-40.712,0.000,0.0,NaN
42.2167,-0.60479,-40.725,0.000,0.0,NaN
42.2333,-0.60551,-40.739,-0.000,0.0,NaN
42.2500,-0.60646,-40.753,-0.000,0.0,NaN
42.2667,-0.60761,-40.768,-0.001,0.0,NaN
42.2833,-0.60893,-40.782,-0.001,0.0,NaN
42.3000,-0.61038,-40.798,-0.001,0.0,NaN
42.3167,-0.61193,-40.813,-0.001,0.0,NaN
42.3333,-0.61351,-40.827,-0.001,0.0,NaN
42.3500,-0.61511,-40.841,-0.001,0.0,NaN
42.3667,-0.61666,-40.855,-0.001,0.0,NaN
42.3833,-0.61813,-40.868,-0.001,0.0,NaN
42.4000,-0.61949,-40.880,-0.001,0.0,NaN
42.4167,-0.62069,-40.891,-0.001,0.0,NaN
42.4333,-0.62170,-40.901,-0.001,0.0,NaN
42.4500,-0.62249,-40.911,-0.001,0.0,NaN
42.4667,-0.62303,-40.918,-0.001,0.0,NaN
42.4833,-0.62329,-40.924,-0.001,0.0,NaN
42.5000,-0.62328,-40.928,-0.001,0.0,NaN
42.5167,-0.62298,-40.931,-0.001,0.0,NaN
42.5333,-0.62242,-40.931,-0.000,0.0,NaN
42.5500,-0.62161,-40.931,-0.000,0.0,NaN
42.5667,-0.62058,-40.928,-0.000,0.0,NaN
42.5833,-0.61935,-40.925,0.000,0.0,NaN
42.6000,-0.61797,-40.919,0.000,0.0,NaN
42.6167,-0.61648,-40.913,0.000,0.0,NaN
42.6333,-0.61492,-40.905,0.001,0.0,NaN
42.6500,-0.61334,-40.897,0.001,0.0,NaN
42.6667,-0.61178,-40.887,0.001,0.0,NaN
42.6833,-0.61029,-40.878,0.001,0.0,NaN
42.7000,-0.60892,-40.868,0.000,0.0,NaN
42.7167,-0.60769,-40.857,0.000,0.0,NaN
42.7333,-0.60664,-40.847,0.000,0.0,NaN
42.7500,-0.60581,-40.837,0.000,0.0,NaN
42.7667,-0.60522,-40.828,0.000,0.0,NaN
42.7833,-0.60487,-40.818,-0.000,0.0,NaN
42.8000,-0.60479,-40.810,-0.000,0.0,NaN
42.8167,-0.60497,-40.802,-0.001,0.0,NaN
42.8333,-0.60542,-40.795,-0.001,0.0,NaN
42.8500,-0.60612,-40.788,-0.001,0.0,NaN
42.8667,-0.60705,-40.781,-0.001,0.0,NaN
42.8833,-0.60821,-40.775,-0.001,0.0,NaN
42.9000,-0.60956,-40.770,-0.001,0.0,NaN
42.9167,-0.61106,-40.765,-0.001,0.0,NaN
42.9333,-0.61268,-40.761,-0.001,0.0,NaN
42.9500,-0.61436,-40.757,-0.001,0.0,NaN
42.9667,-0.61606,-40.753,-0.001,0.0,NaN
42.9833,-0.61773,-40.748,-0.001,0.0,NaN
43.0000,-0.61933,-40.744,-0.001,0.0,NaN
43.0167,-0.62082,-40.739,-0.001,0.0,NaN
43.0333,-0.62215,-40.734,-0.001,0.0,NaN
43.0500,-0.62329,-40.729,-0.001,0.0,NaN
43.0667,-0.62419,-40.724,-0.001,0.0,NaN
43.0833,-0.62481,-40.718,-0.001,0.0,NaN
43.1000,-0.62514,-40.711,-0.001,0.0,NaN
43.1167,-0.62517,-40.702,-0.001,0.0,NaN
43.1333,-0.62490,-40.693,-0.001,0.0,NaN
43.1500,-0.62433,-40.683,-0.001,0.0,NaN
43.1667,-0.62349,-40.673,-0.000,0.0,NaN
43.1833,-0.62241,-40.662,0.000,0.0,NaN
43.2000,-0.62111,-40.651,0.000,0.0,NaN
43.2167,-0.61965,-40.639,0.001,0.0,NaN
43.2333,-0.61806,-40.626,0.001,0.0,NaN
43.2500,-0.61640,-40.613,0.002,0.0,NaN
43.2667,-0.61472,-40.601,0.002,0.0,NaN
43.2833,-0.61306,-40.588,0.001,0.0,NaN
43.3000,-0.61148,-40.576,0.001,0.0,NaN
43.3167,-0.61003,-40.564,0.001,0.0,NaN
43.3333,-0.60874,-40.553,0.001,0.0,NaN
43.3500,-0.60765,-40.543,0.000,0.0,NaN
43.3667,-0.60680,-40.533,0.000,0.0,NaN
43.3833,-0.60621,-40.524,-0.000,0.0,NaN
43.4000,-0.60589,-40.517,-0.000,0.0,NaN
43.4167,-0.60586,-40.511,-0.001,0.0,NaN
43.4333,-0.60612,-40.506,-0.001,0.0,NaN
43.4500,-0.60666,-40.502,-0.001,0.0,NaN
43.4667,-0.60746,-40.499,-0.001,0.0,NaN
43.4833,-0.60851,-40.497,-0.001,0.0,NaN
43.5000,-0.60977,-40.496,-0.001,0.0,NaN
43.5167,-0.61122,-40.497,-0.001,0.0,NaN
43.5333,-0.61281,-40.498,-0.001,0.0,NaN
43.5500,-0.61448,-40.499,-0.001,0.0,NaN
43.5667,-0.61620,-40.501,-0.000,0.0,NaN
43.5833,-0.61791,-40.504,-0.000,0.0,NaN
43.6000,-0.61957,-40.507,0.000,0.0,NaN
43.6167,-0.62113,-40.510,0.000,0.0,NaN
43.6333,-0.62255,-40.514,0.000,0.0,NaN
43.6500,-0.62378,-40.518,0.000,0.0,NaN
43.6667,-0.62480,-40.523,0.000,0.0,NaN
43.6833,-0.62555,-40.528,0.000,0.0,NaN
43.7000,-0.62602,-40.532,-0.000,0.0,NaN
43.7167,-0.62619,-40.536,-0.000,0.0,NaN
43.7333,-0.62604,-40.539,-0.001,0.0,NaN
43.7500,-0.62560,-40.542,-0.001,0.0,NaN
43.7667,-0.62488,-40.545,-0.001,0.0,NaN
43.7833,-0.62389,-40.547,-0.001,0.0,NaN
43.8000,-0.62267,-40.549,-0.001,0.0,NaN
43.8167,-0.62127,-40.551,-0.001,0.0,NaN
43.8333,-0.61972,-40.553,-0.001,0.0,NaN
43.8500,-0.61807,-40.554,-0.000,0.0,NaN
43.8667,-0.61638,-40.555,0.000,0.0,NaN
43.8833,-0.61470,-40.556,0.000,0.0,NaN
43.9000,-0.61308,-40.557,0.000,0.0,NaN
43.9167,-0.61156,-40.559,0.001,0.0,NaN
43.9333,-0.61019,-40.560,0.001,0.0,NaN
43.9500,-0.60900,-40.562,0.001,0.0,NaN
43.9667,-0.60804,-40.564,0.001,0.0,NaN
43.9833,-0.60733,-40.567,0.001,0.0,NaN
44.0000,-0.60689,-40.571,0.001,0.0,NaN
44.0167,-0.60673,-40.575,0.001,0.0,NaN
44.0333,-0.60685,-40.580,0.000,0.0,NaN
44.0500,-0.60726,-40.585,0.000,0.0,NaN
44.0667,-0.60794,-40.591,-0.000,0.0,NaN
44.0833,-0.60887,-40.598,-0.000,0.0,NaN
44.1000,-0.61003,-40.605,-0.001,0.0,NaN
44.1167,-0.61139,-40.612,-0.001,0.0,NaN
44.1333,-0.61290,-40.619,-0.001,0.0,NaN
44.1500,-0.61452,-40.626,-0.001,0.0,NaN
44.1667,-0.61621,-40.633,-0.001,0.0,NaN
44.1833,-0.61792,-40.640,-0.001,0.0,NaN
44.2000,-0.61959,-40.646,-0.001,0.0,NaN
44.2167,-0.62119,-40.652,-0.001,0.0,NaN
44.2333,-0.62268,-40.658,-0.001,0.0,NaN
44.2500,-0.62401,-40.664,-0.001,0.0,NaN
44.2667,-0.62514,-40.669,-0.001,0.0,NaN
44.2833,-0.62604,-40.673,-0.001,0.0,NaN
44.3000,-0.62667,-40.677,-0.001,0.0,NaN
44.3167,-0.62700,-40.679,-0.001,0.0,NaN
44.3333,-0.62703,-40.680,-0.001,0.0,NaN
44.3500,-0.62675,-40.680,-0.001,0.0,NaN
44.3667,-0.62618,-40.679,-0.001,0.0,NaN
44.3833,-0.62534,-40.677,-0.001,0.0,NaN
44.4000,-0.62425,-40.673,-0.000,0.0,NaN
44.4167,-0.62295,-40.669,-0.000,0.0,NaN
44.4333,-0.62148,-40.664,0.000,0.0,NaN
44.4500,-0.61988,-40.658,0.001,0.0,NaN
44.4667,-0.61821,-40.651,0.001,0.0,NaN
44.4833,-0.61652,-40.643,0.001,0.0,NaN
44.5000,-0.61485,-40.635,0.001,0.0,NaN
44.5167,-0.61326,-40.627,0.001,0.0,NaN
44.5333,-0.61180,-40.619,0.001,0.0,NaN
44.5500,-0.61050,-40.610,0.001,0.0,NaN
44.5667,-0.60941,-40.602,0.001,0.0,NaN
44.5833,-0.60855,-40.594,0.000,0.0,NaN
44.6000,-0.60795,-40.586,0.000,0.0,NaN
44.6167,-0.60763,-40.578,-0.000,0.0,NaN
44.6333,-0.60760,-40.572,-0.000,0.0,NaN
44.6500,-0.60785,-40.565,-0.001,0.0,NaN
44.6667,-0.60839,-40.560,-0.001,0.0,NaN
44.6833,-0.60920,-40.555,-0.001,0.0,NaN
44.7000,-0.61026,-40.550,-0.001,0.0,NaN
44.7167,-0.61154,-40.545,-0.001,0.0,NaN
44.7333,-0.61302,-40.542,-0.001,0.0,NaN
44.7500,-0.61464,-40.538,-0.001,0.0,NaN
44.7667,-0.61635,-40.536,-0.001,0.0,NaN
44.7833,-0.61811,-40.533,-0.001,0.0,NaN
44.8000,-0.61987,-40.531,-0.001,0.0,NaN
44.8167,-0.62157,-40.528,-0.001,0.0,NaN
44.8333,-0.62318,-40.526,-0.001,0.0,NaN
44.8500,-0.62463,-40.523,-0.001,0.0,NaN
44.8667,-0.62591,-40.521,-0.001,0.0,NaN
44.8833,-0.62695,-40.520,-0.001,0.0,NaN
44.9000,-0.62773,-40.518,-0.001,0.0,NaN
44.9167,-0.62820,-40.515,-0.001,0.0,NaN
44.9333,-0.62836,-40.512,-0.001,0.0,NaN
44.9500,-0.62821,-40.509,-0.001,0.0,NaN
44.9667,-0.62774,-40.504,-0.001,0.0,NaN
44.9833,-0.62697,-40.500,-0.001,0.0,NaN
45.0000,-0.62593,-40.495,-0.000,0.0,NaN
45.0167,-0.62466,-40.490,-0.000,0.0,NaN
45.0333,-0.62319,-40.485,0.000,0.0,NaN
45.0500,-0.62158,-40.479,0.000,0.0,NaN
45.0667,-0.61987,-40.473,0.001,0.0,NaN
45.0833,-0.61812,-40.467,0.001,0.0,NaN
45.1000,-0.61638,-40.461,0.001,0.0,NaN
45.1167,-0.61471,-40.455,0.001,0.0,NaN
45.1333,-0.61315,-40.450,0.001,0.0,NaN
45.1500,-0.61175,-40.445,0.001,0.0,NaN
45.1667,-0.61055,-40.440,0.001,0.0,NaN
45.1833,-0.60960,-40.435,0.001,0.0,NaN
45.2000,-0.60890,-40.432,0.000,0.0,NaN
45.2167,-0.60850,-40.429,0.000,0.0,NaN
45.2333,-0.60839,-40.427,-0.000,0.0,NaN
45.2500,-0.60858,-40.425,-0.000,0.0,NaN
45.2667,-0.60907,-40.425,-0.001,0.0,NaN
45.2833,-0.60984,-40.425,-0.001,0.0,NaN
45.3000,-0.61088,-40.426,-0.001,0.0,NaN
45.3167,-0.61214,-40.427,-0.001,0.0,NaN
45.3333,-0.61361,-40.429,-0.001,0.0,NaN
45.3500,-0.61522,-40.431,-0.001,0.0,NaN
45.3667,-0.61694,-40.434,-0.001,0.0,NaN
45.3833,-0.61871,-40.437,-0.001,0.0,NaN
45.4000,-0.62047,-40.440,-0.000,0.0,NaN
45.4167,-0.62219,-40.443,-0.000,0.0,NaN
45.4333,-0.62381,-40.447,0.000,0.0,NaN
45.4500,-0.62529,-40.450,0.000,0.0,NaN
45.4667,-0.62659,-40.454,0.000,0.0,NaN
45.4833,-0.62767,-40.459,-0.000,0.0,NaN
45.5000,-0.62848,-40.463,-0.000,0.0,NaN
45.5167,-0.62900,-40.467,-0.000,0.0,NaN
45.5333,-0.62920,-40.470,-0.001,0.0,NaN
45.5500,-0.62909,-40.472,-0.001,0.0,NaN
45.5667,-0.62866,-40.475,-0.001,0.0,NaN
45.5833,-0.62794,-40.476,-0.001,0.0,NaN
45.6000,-0.62694,-40.478,-0.001,0.0,NaN
45.6167,-0.62570,-40.479,-0.001,0.0,NaN
45.6333,-0.62426,-40.479,-0.001,0.0,NaN
45.6500,-0.62267,-40.479,-0.000,0.0,NaN
45.6667,-0.62097,-40.479,0.000,0.0,NaN
45.6833,-0.61923,-40.478,0.000,0.0,NaN
45.7000,-0.61749,-40.477,0.001,0.0,NaN
45.7167,-0.61580,-40.476,0.001,0.0,NaN
45.7333,-0.61423,-40.475,0.001,0.0,NaN
45.7500,-0.61281,-40.473,0.001,0.0,NaN
45.7667,-0.61159,-40.472,0.001,0.0,NaN
45.7833,-0.61061,-40.471,0.001,0.0,NaN
45.8000,-0.60988,-40.470,0.001,0.0,NaN
45.8167,-0.60943,-40.470,0.001,0.0,NaN
45.8333,-0.60928,-40.470,0.000,0.0,NaN
45.8500,-0.60944,-40.470,-0.000,0.0,NaN
45.8667,-0.60988,-40.471,-0.000,0.0,NaN
45.8833,-0.61062,-40.472,-0.001,0.0,NaN
45.9000,-0.61161,-40.474,-0.001,0.0,NaN
45.9167,-0.61285,-40.475,-0.001,0.0,NaN
45.9333,-0.61429,-40.477,-0.001,0.0,NaN
45.9500,-0.61589,-40.479,-0.001,0.0,NaN
45.9667,-0.61760,-40.481,-0.001,0.0,NaN
45.9833,-0.61937,-40.483,-0.001,0.0,NaN
46.0000,-0.62115,-40.485,-0.001,0.0,NaN
46.0167,-0.62289,-40.487,-0.001,0.0,NaN
46.0333,-0.62453,-40.489,-0.001,0.0,NaN
46.0500,-0.62605,-40.490,-0.001,0.0,NaN
46.0667,-0.62739,-40.492,-0.001,0.0,NaN
46.0833,-0.62851,-40.494,-0.001,0.0,NaN
46.1000,-0.62937,-40.495,-0.001,0.0,NaN
46.1167,-0.62994,-40.496,-0.001,0.0,NaN
46.1333,-0.63020,-40.496,-0.001,0.0,NaN
46.1500,-0.63013,-40.495,-0.001,0.0,NaN
46.1667,-0.62975,-40.494,-0.001,0.0,NaN
46.1833,-0.62906,-40.491,-0.001,0.0,NaN
46.2000,-0.62809,-40.489,-0.001,0.0,NaN
46.2167,-0.62687,-40.486,-0.000,0.0,NaN
46.2333,-0.62544,-40.482,-0.000,0.0,NaN
46.2500,-0.62384,-40.477,0.000,0.0,NaN
46.2667,-0.62214,-40.472,0.001,0.0,NaN
46.2833,-0.62038,-40.467,0.001,0.0,NaN
46.3000,-0.61861,-40.461,0.001,0.0,NaN
46.3167,-0.61690,-40.454,0.001,0.0,NaN
46.3333,-0.61529,-40.448,0.001,0.0,NaN
46.3500,-0.61383,-40.442,0.001,0.0,NaN
46.3667,-0.61257,-40.436,0.001,0.0,NaN
46.3833,-0.61154,-40.430,0.001,0.0,NaN
46.4000,-0.61077,-40.424,0.001,0.0,NaN
46.4167,-0.61029,-40.418,0.000,0.0,NaN
46.4333,-0.61011,-40.413,-0.000,0.0,NaN
46.4500,-0.61023,-40.408,-0.000,0.0,NaN
46.4667,-0.61065,-40.404,-0.001,0.0,NaN
46.4833,-0.61137,-40.401,-0.001,0.0,NaN
46.5000,-0.61236,-40.397,-0.001,0.0,NaN
46.5167,-0.61360,-40.394,-0.001,0.0,NaN
46.5333,-0.61504,-40.392,-0.001,0.0,NaN
46.5500,-0.61666,-40.390,-0.001,0.0,NaN
46.5667,-0.61840,-40.388,-0.001,0.0,NaN
46.5833,-0.62019,-40.387,-0.001,0.0,NaN
46.6000,-0.62200,-40.386,-0.001,0.0,NaN
46.6167,-0.62377,-40.385,-0.001,0.0,NaN
46.6333,-0.62544,-40.384,-0.000,0.0,NaN
46.6500,-0.62698,-40.383,-0.000,0.0,NaN
46.6667,-0.62834,-40.383,-0.000,0.0,NaN
46.6833,-0.62948,-40.383,-0.000,0.0,NaN
46.7000,-0.63036,-40.384,-0.000,0.0,NaN
46.7167,-0.63093,-40.384,-0.001,0.0,NaN
46.7333,-0.63118,-40.384,-0.001,0.0,NaN
46.7500,-0.63111,-40.383,-0.001,0.0,NaN
46.7667,-0.63071,-40.382,-0.001,0.0,NaN
46.7833,-0.63000,-40.381,-0.001,0.0,NaN
46.8000,-0.62901,-40.380,-0.001,0.0,NaN
46.8167,-0.62776,-40.379,-0.001,0.0,NaN
46.8333,-0.62630,-40.377,-0.000,0.0,NaN
46.8500,-0.62468,-40.375,-0.000,0.0,NaN
46.8667,-0.62295,-40.373,0.000,0.0,NaN
46.8833,-0.62116,-40.371,0.001,0.0,NaN
46.9000,-0.61938,-40.368,0.001,0.0,NaN
46.9167,-0.61765,-40.365,0.001,0.0,NaN
46.9333,-0.61603,-40.363,0.001,0.0,NaN
46.9500,-0.61456,-40.361,0.001,0.0,NaN
46.9667,-0.61330,-40.359,0.001,0.0,NaN
46.9833,-0.61228,-40.357,0.001,0.0,NaN
47.0000,-0.61153,-40.355,0.001,0.0,NaN
47.0167,-0.61107,-40.353,0.000,0.0,NaN
47.0333,-0.61092,-40.353,0.000,0.0,NaN
47.0500,-0.61107,-40.352,-0.000,0.0,NaN
47.0667,-0.61154,-40.353,-0.000,0.0,NaN
47.0833,-0.61229,-40.353,-0.001,0.0,NaN
47.1000,-0.61333,-40.354,-0.001,0.0,NaN
47.1167,-0.61460,-40.355,-0.001,0.0,NaN
47.1333,-0.61608,-40.356,-0.001,0.0,NaN
47.1500,-0.61773,-40.358,-0.001,0.0,NaN
47.1667,-0.61948,-40.360,-0.001,0.0,NaN
47.1833,-0.62128,-40.362,-0.001,0.0,NaN
47.2000,-0.62309,-40.364,-0.001,0.0,NaN
47.2167,-0.62484,-40.366,-0.000,0.0,NaN
47.2333,-0.62650,-40.368,-0.000,0.0,NaN
47.2500,-0.62802,-40.370,-0.000,0.0,NaN
47.2667,-0.62935,-40.373,-0.000,0.0,NaN
47.2833,-0.63046,-40.376,-0.000,0.0,NaN
47.3000,-0.63129,-40.379,-0.000,0.0,NaN
47.3167,-0.63183,-40.381,-0.001,0.0,NaN
47.3333,-0.63204,-40.383,-0.001,0.0,NaN
47.3500,-0.63192,-40.385,-0.001,0.0,NaN
47.3667,-0.63148,-40.386,-0.001,0.0,NaN
47.3833,-0.63074,-40.386,-0.001,0.0,NaN
47.4000,-0.62971,-40.387,-0.001,0.0,NaN
47.4167,-0.62844,-40.387,-0.001,0.0,NaN
47.4333,-0.62696,-40.387,-0.001,0.0,NaN
47.4500,-0.62532,-40.386,-0.000,0.0,NaN
47.4667,-0.62358,-40.384,0.000,0.0,NaN
47.4833,-0.62179,-40.382,0.000,0.0,NaN
47.5000,-0.62001,-40.380,0.001,0.0,NaN
47.5167,-0.61830,-40.378,0.001,0.0,NaN
47.5333,-0.61670,-40.375,0.001,0.0,NaN
47.5500,-0.61526,-40.373,0.001,0.0,NaN
47.5667,-0.61403,-40.370,0.001,0.0,NaN
47.5833,-0.61305,-40.367,0.001,0.0,NaN
47.6000,-0.61233,-40.364,0.001,0.0,NaN
47.6167,-0.61191,-40.362,0.001,0.0,NaN
47.6333,-0.61180,-40.360,0.000,0.0,NaN
47.6500,-0.61200,-40.358,-0.000,0.0,NaN
47.6667,-0.61251,-40.356,-0.000,0.0,NaN
47.6833,-0.61331,-40.355,-0.001,0.0,NaN
47.7000,-0.61438,-40.354,-0.001,0.0,NaN
47.7167,-0.61569,-40.352,-0.001,0.0,NaN
47.7333,-0.61720,-40.351,-0.001,0.0,NaN
47.7500,-0.61887,-40.351,-0.001,0.0,NaN
47.7667,-0.62064,-40.350,-0.001,0.0,NaN
47.7833,-0.62246,-40.350,-0.001,0.0,NaN
47.8000,-0.62428,-40.350,-0.001,0.0,NaN
47.8167,-0.62603,-40.349,-0.001,0.0,NaN
47.8333,-0.62769,-40.349,-0.001,0.0,NaN
47.8500,-0.62919,-40.348,-0.000,0.0,NaN
47.8667,-0.63049,-40.348,-0.000,0.0,NaN
47.8833,-0.63156,-40.349,-0.001,0.0,NaN
47.9000,-0.63236,-40.350,-0.001,0.0,NaN
47.9167,-0.63284,-40.350,-0.001,0.0,NaN
47.9333,-0.63299,-40.350,-0.001,0.0,NaN
47.9500,-0.63282,-40.349,-0.001,0.0,NaN
47.9667,-0.63231,-40.347,-0.001,0.0,NaN
47.9833,-0.63151,-40.346,-0.001,0.0,NaN
48.0000,-0.63042,-40.344,-0.001,0.0,NaN
48.0167,-0.62909,-40.343,-0.001,0.0,NaN
48.0333,-0.62756,-40.340,-0.000,0.0,NaN
48.0500,-0.62588,-40.338,0.000,0.0,NaN
48.0667,-0.62411,-40.335,0.000,0.0,NaN
48.0833,-0.62230,-40.331,0.001,0.0,NaN
48.1000,-0.62051,-40.328,0.001,0.0,NaN
48.1167,-0.61879,-40.324,0.001,0.0,NaN
48.1333,-0.61721,-40.320,0.001,0.0,NaN
48.1500,-0.61579,-40.317,0.001,0.0,NaN
48.1667,-0.61460,-40.313,0.001,0.0,NaN
48.1833,-0.61366,-40.309,0.001,0.0,NaN
48.2000,-0.61301,-40.306,0.001,0.0,NaN
48.2167,-0.61265,-40.302,0.000,0.0,NaN
48.2333,-0.61261,-40.300,-0.000,0.0,NaN
48.2500,-0.61289,-40.297,-0.000,0.0,NaN
48.2667,-0.61347,-40.295,-0.001,0.0,NaN
48.2833,-0.61435,-40.293,-0.001,0.0,NaN
48.3000,-0.61549,-40.291,-0.001,0.0,NaN
48.3167,-0.61687,-40.289,-0.001,0.0,NaN
48.3333,-0.61844,-40.288,-0.001,0.0,NaN
48.3500,-0.62016,-40.287,-0.001,0.0,NaN
48.3667,-0.62196,-40.287,-0.001,0.0,NaN
48.3833,-0.62379,-40.286,-0.001,0.0,NaN
48.4000,-0.62561,-40.286,-0.001,0.0,NaN
48.4167,-0.62735,-40.285,-0.001,0.0,NaN
48.4333,-0.62897,-40.285,-0.000,0.0,NaN
48.4500,-0.63042,-40.286,-0.000,0.0,NaN
48.4667,-0.63167,-40.286,-0.000,0.0,NaN
48.4833,-0.63267,-40.288,-0.000,0.0,NaN
48.5000,-0.63337,-40.289,-0.000,0.0,NaN
48.5167,-0.63376,-40.291,-0.001,0.0,NaN
48.5333,-0.63382,-40.291,-0.001,0.0,NaN
48.5500,-0.63354,-40.292,-0.001,0.0,NaN
48.5667,-0.63294,-40.292,-0.001,0.0,NaN
48.5833,-0.63204,-40.293,-0.001,0.0,NaN
48.6000,-0.63087,-40.293,-0.001,0.0,NaN
48.6167,-0.62947,-40.293,-0.001,0.0,NaN
48.6333,-0.62789,-40.293,-0.000,0.0,NaN
48.6500,-0.62617,-40.293,-0.000,0.0,NaN
48.6667,-0.62438,-40.292,0.000,0.0,NaN
48.6833,-0.62256,-40.290,0.001,0.0,NaN
48.7000,-0.62079,-40.289,0.001,0.0,NaN
48.7167,-0.61910,-40.288,0.001,0.0,NaN
48.7333,-0.61757,-40.286,0.001,0.0,NaN
48.7500,-0.61622,-40.285,0.001,0.0,NaN
48.7667,-0.61510,-40.283,0.001,0.0,NaN
48.7833,-0.61426,-40.282,0.001,0.0,NaN
48.8000,-0.61370,-40.280,0.001,0.0,NaN
48.8167,-0.61345,-40.279,0.000,0.0,NaN
48.8333,-0.61352,-40.278,0.000,0.0,NaN
48.8500,-0.61390,-40.278,-0.000,0.0,NaN
48.8667,-0.61459,-40.277,-0.001,0.0,NaN
48.8833,-0.61557,-40.277,-0.001,0.0,NaN
48.9000,-0.61680,-40.276,-0.001,0.0,NaN
48.9167,-0.61825,-40.276,-0.001,0.0,NaN
48.9333,-0.61988,-40.276,-0.001,0.0,NaN
48.9500,-0.62164,-40.276,-0.001,0.0,NaN
48.9667,-0.62346,-40.276,-0.001,0.0,NaN
48.9833,-0.62530,-40.277,-0.001,0.0,NaN
49.0000,-0.62709,-40.277,-0.001,0.0,NaN
49.0167,-0.62879,-40.277,-0.001,0.0,NaN
49.0333,-0.63036,-40.277,-0.000,0.0,NaN
49.0500,-0.63175,-40.278,-0.000,0.0,NaN
49.0667,-0.63291,-40.280,-0.000,0.0,NaN
49.0833,-0.63381,-40.281,-0.001,0.0,NaN
49.1000,-0.63441,-40.283,-0.001,0.0,NaN
49.1167,-0.63468,-40.284,-0.001,0.0,NaN
49.1333,-0.63461,-40.285,-0.001,0.0,NaN
49.1500,-0.63422,-40.285,-0.001,0.0,NaN
49.1667,-0.63351,-40.285,-0.001,0.0,NaN
49.1833,-0.63251,-40.285,-0.001,0.0,NaN
49.2000,-0.63125,-40.285,-0.001,0.0,NaN
49.2167,-0.62978,-40.285,-0.001,0.0,NaN
49.2333,-0.62814,-40.284,-0.000,0.0,NaN
49.2500,-0.62638,-40.282,0.000,0.0,NaN
49.2667,-0.62457,-40.281,0.001,0.0,NaN
49.2833,-0.62276,-40.279,0.001,0.0,NaN
49.3000,-0.62101,-40.276,0.001,0.0,NaN
49.3167,-0.61937,-40.274,0.001,0.0,NaN
49.3333,-0.61789,-40.272,0.001,0.0,NaN
49.3500,-0.61662,-40.269,0.001,0.0,NaN
49.3667,-0.61560,-40.266,0.001,0.0,NaN
49.3833,-0.61486,-40.263,0.001,0.0,NaN
49.4000,-0.61441,-40.260,0.001,0.0,NaN
49.4167,-0.61428,-40.258,0.000,0.0,NaN
49.4333,-0.61447,-40.255,-0.000,0.0,NaN
49.4500,-0.61497,-40.253,-0.001,0.0,NaN
49.4667,-0.61577,-40.251,-0.001,0.0,NaN
49.4833,-0.61685,-40.249,-0.001,0.0,NaN
49.5000,-0.61818,-40.247,-0.001,0.0,NaN
49.5167,-0.61972,-40.245,-0.001,0.0,NaN
49.5333,-0.62141,-40.243,-0.002,0.0,NaN
49.5500,-0.62320,-40.241,-0.001,0.0,NaN
49.5667,-0.62504,-40.240,-0.001,0.0,NaN
49.5833,-0.62687,-40.239,-0.001,0.0,NaN
49.6000,-0.62864,-40.238,-0.001,0.0,NaN
49.6167,-0.63030,-40.236,-0.001,0.0,NaN
49.6333,-0.63181,-40.236,-0.000,0.0,NaN
49.6500,-0.63311,-40.236,-0.000,0.0,NaN
49.6667,-0.63418,-40.236,-0.000,0.0,NaN
49.6833,-0.63495,-40.237,-0.001,0.0,NaN
49.7000,-0.63542,-40.237,-0.001,0.0,NaN
49.7167,-0.63555,-40.238,-0.001,0.0,NaN
49.7333,-0.63534,-40.238,-0.001,0.0,NaN
49.7500,-0.63481,-40.237,-0.001,0.0,NaN
49.7667,-0.63396,-40.237,-0.001,0.0,NaN
49.7833,-0.63284,-40.237,-0.001,0.0,NaN
49.8000,-0.63148,-40.237,-0.001,0.0,NaN
49.8167,-0.62992,-40.237,-0.000,0.0,NaN
49.8333,-0.62821,-40.236,0.000,0.0,NaN
49.8500,-0.62641,-40.235,0.000,0.0,NaN
49.8667,-0.62459,-40.233,0.001,0.0,NaN
49.8833,-0.62279,-40.231,0.001,0.0,NaN
49.9000,-0.62107,-40.230,0.001,0.0,NaN
49.9167,-0.61949,-40.228,0.001,0.0,NaN
49.9333,-0.61810,-40.226,0.001,0.0,NaN
49.9500,-0.61693,-40.224,0.001,0.0,NaN
49.9667,-0.61603,-40.222,0.001,0.0,NaN
49.9833,-0.61542,-40.220,0.001,0.0,NaN
50.0000,-0.61512,-40.218,0.000,0.0,NaN
50.0167,-0.61513,-40.216,0.000,0.0,NaN
50.0333,-0.61547,-40.215,-0.000,0.0,NaN
50.0500,-0.61612,-40.213,-0.001,0.0,NaN
50.0667,-0.61706,-40.212,-0.001,0.0,NaN
50.0833,-0.61827,-40.210,-0.001,0.0,NaN
50.1000,-0.61971,-40.209,-0.001,0.0,NaN
50.1167,-0.62133,-40.207,-0.001,0.0,NaN
50.1333,-0.62308,-40.207,-0.001,0.0,NaN
50.1500,-0.62491,-40.206,-0.001,0.0,NaN
50.1667,-0.62675,-40.205,-0.001,0.0,NaN
50.1833,-0.62856,-40.205,-0.001,0.0,NaN
50.2000,-0.63029,-40.204,-0.001,0.0,NaN
50.2167,-0.63188,-40.204,-0.000,0.0,NaN
50.2333,-0.63329,-40.204,-0.000,0.0,NaN
50.2500,-0.63448,-40.205,-0.000,0.0,NaN
50.2667,-0.63541,-40.206,-0.000,0.0,NaN
50.2833,-0.63603,-40.208,-0.001,0.0,NaN
50.3000,-0.63633,-40.209,-0.001,0.0,NaN
50.3167,-0.63629,-40.210,-0.001,0.0,NaN
50.3333,-0.63592,-40.211,-0.001,0.0,NaN
50.3500,-0.63523,-40.211,-0.001,0.0,NaN
50.3667,-0.63425,-40.212,-0.001,0.0,NaN
50.3833,-0.63300,-40.213,-0.001,0.0,NaN
50.4000,-0.63153,-40.214,-0.001,0.0,NaN
50.4167,-0.62989,-40.214,-0.000,0.0,NaN
50.4333,-0.62813,-40.214,0.000,0.0,NaN
50.4500,-0.62632,-40.213,0.000,0.0,NaN
50.4667,-0.62450,-40.213,0.001,0.0,NaN
50.4833,-0.62274,-40.212,0.001,0.0,NaN
50.5000,-0.62108,-40.211,0.001,0.0,NaN
50.5167,-0.61959,-40.210,0.001,0.0,NaN
50.5333,-0.61831,-40.208,0.001,0.0,NaN
50.5500,-0.61728,-40.207,0.001,0.0,NaN
50.5667,-0.61652,-40.205,0.001,0.0,NaN
50.5833,-0.61607,-40.203,0.001,0.0,NaN
50.6000,-0.61593,-40.201,0.000,0.0,NaN
50.6167,-0.61612,-40.200,-0.000,0.0,NaN
50.6333,-0.61662,-40.198,-0.000,0.0,NaN
50.6500,-0.61743,-40.197,-0.001,0.0,NaN
50.6667,-0.61851,-40.195,-0.001,0.0,NaN
50.6833,-0.61984,-40.193,-0.001,0.0,NaN
50.7000,-0.62139,-40.191,-0.001,0.0,NaN
50.7167,-0.62308,-40.190,-0.001,0.0,NaN
50.7333,-0.62488,-40.189,-0.001,0.0,NaN
50.7500,-0.62673,-40.188,-0.001,0.0,NaN
50.7667,-0.62856,-40.186,-0.001,0.0,NaN
50.7833,-0.63034,-40.185,-0.001,0.0,NaN
50.8000,-0.63199,-40.184,-0.001,0.0,NaN
50.8167,-0.63349,-40.184,-0.000,0.0,NaN
50.8333,-0.63479,-40.184,-0.000,0.0,NaN
50.8500,-0.63585,-40.184,-0.001,0.0,NaN
50.8667,-0.63662,-40.185,-0.001,0.0,NaN
50.8833,-0.63707,-40.186,-0.001,0.0,NaN
50.9000,-0.63718,-40.187,-0.001,0.0,NaN
50.9167,-0.63696,-40.187,-0.001,0.0,NaN
50.9333,-0.63641,-40.187,-0.001,0.0,NaN
50.9500,-0.63556,-40.188,-0.001,0.0,NaN
50.9667,-0.63442,-40.188,-0.001,0.0,NaN
50.9833,-0.63305,-40.188,-0.001,0.0,NaN
51.0000,-0.63148,-40.188,-0.000,0.0,NaN
51.0167,-0.62976,-40.188,0.000,0.0,NaN
51.0333,-0.62796,-40.187,0.000,0.0,NaN
51.0500,-0.62613,-40.186,0.001,0.0,NaN
51.0667,-0.62434,-40.185,0.001,0.0,NaN
51.0833,-0.62262,-40.184,0.001,0.0,NaN
51.1000,-0.62105,-40.182,0.001,0.0,NaN
51.1167,-0.61967,-40.181,0.001,0.0,NaN
51.1333,-0.61852,-40.179,0.001,0.0,NaN
51.1500,-0.61764,-40.177,0.001,0.0,NaN
51.1667,-0.61705,-40.174,0.001,0.0,NaN
51.1833,-0.61677,-40.172,0.000,0.0,NaN
51.2000,-0.61681,-40.170,0.000,0.0,NaN
51.2167,-0.61718,-40.168,-0.000,0.0,NaN
51.2333,-0.61786,-40.166,-0.001,0.0,NaN
51.2500,-0.61883,-40.163,-0.001,0.0,NaN
51.2667,-0.62006,-40.161,-0.001,0.0,NaN
51.2833,-0.62152,-40.159,-0.001,0.0,NaN
51.3000,-0.62316,-40.156,-0.002,0.0,NaN
51.3167,-0.62493,-40.155,-0.001,0.0,NaN
51.3333,-0.62677,-40.153,-0.001,0.0,NaN
51.3500,-0.62862,-40.151,-0.001,0.0,NaN
51.3667,-0.63042,-40.150,-0.001,0.0,NaN
51.3833,-0.63213,-40.148,-0.001,0.0,NaN
51.4000,-0.63370,-40.147,-0.000,0.0,NaN
51.4167,-0.63509,-40.147,-0.000,0.0,NaN
51.4333,-0.63625,-40.147,-0.000,0.0,NaN
51.4500,-0.63714,-40.148,-0.001,0.0,NaN
51.4667,-0.63772,-40.149,-0.001,0.0,NaN
51.4833,-0.63797,-40.150,-0.001,0.0,NaN
51.5000,-0.63789,-40.150,-0.001,0.0,NaN
51.5167,-0.63747,-40.151,-0.001,0.0,NaN
51.5333,-0.63673,-40.151,-0.001,0.0,NaN
51.5500,-0.63571,-40.152,-0.001,0.0,NaN
51.5667,-0.63442,-40.153,-0.001,0.0,NaN
51.5833,-0.63292,-40.154,-0.001,0.0,NaN
51.6000,-0.63126,-40.155,-0.000,0.0,NaN
51.6167,-0.62948,-40.155,0.000,0.0,NaN
51.6333,-0.62766,-40.155,0.001,0.0,NaN
51.6500,-0.62584,-40.154,0.001,0.0,NaN
51.6667,-0.62409,-40.154,0.001,0.0,NaN
51.6833,-0.62245,-40.153,0.001,0.0,NaN
51.7000,-0.62099,-40.152,0.001,0.0,NaN
51.7167,-0.61975,-40.151,0.001,0.0,NaN
51.7333,-0.61876,-40.150,0.001,0.0,NaN
51.7500,-0.61805,-40.148,0.001,0.0,NaN
51.7667,-0.61766,-40.147,0.001,0.0,NaN
51.7833,-0.61758,-40.145,0.000,0.0,NaN
51.8000,-0.61783,-40.143,-0.000,0.0,NaN
51.8167,-0.61839,-40.142,-0.001,0.0,NaN
51.8333,-0.61926,-40.140,-0.001,0.0,NaN
51.8500,-0.62040,-40.138,-0.001,0.0,NaN
51.8667,-0.62178,-40.136,-0.001,0.0,NaN
51.8833,-0.62336,-40.134,-0.001,0.0,NaN
51.9000,-0.62509,-40.133,-0.001,0.0,NaN
51.9167,-0.62691,-40.131,-0.001,0.0,NaN
51.9333,-0.62876,-40.130,-0.001,0.0,NaN
51.9500,-0.63058,-40.128,-0.001,0.0,NaN
51.9667,-0.63233,-40.127,-0.001,0.0,NaN
51.9833,-0.63396,-40.126,-0.000,0.0,NaN
52.0000,-0.63542,-40.125,-0.000,0.0,NaN
52.0167,-0.63666,-40.125,-0.000,0.0,NaN
52.0333,-0.63765,-40.126,-0.000,0.0,NaN
52.0500,-0.63835,-40.127,-0.001,0.0,NaN
52.0667,-0.63872,-40.129,-0.001,0.0,NaN
52.0833,-0.63875,-40.129,-0.001,0.0,NaN
52.1000,-0.63845,-40.130,-0.001,0.0,NaN
52.1167,-0.63783,-40.131,-0.001,0.0,NaN
52.1333,-0.63690,-40.132,-0.001,0.0,NaN
52.1500,-0.63571,-40.133,-0.001,0.0,NaN
52.1667,-0.63428,-40.134,-0.001,0.0,NaN
52.1833,-0.63267,-40.135,-0.000,0.0,NaN
52.2000,-0.63093,-40.135,0.000,0.0,NaN
52.2167,-0.62912,-40.135,0.000,0.0,NaN
52.2333,-0.62729,-40.135,0.001,0.0,NaN
52.2500,-0.62551,-40.135,0.001,0.0,NaN
52.2667,-0.62383,-40.134,0.001,0.0,NaN
52.2833,-0.62231,-40.133,0.001,0.0,NaN
52.3000,-0.62098,-40.132,0.001,0.0,NaN
52.3167,-0.61990,-40.131,0.001,0.0,NaN
52.3333,-0.61909,-40.129,0.001,0.0,NaN
52.3500,-0.61859,-40.127,0.001,0.0,NaN
52.3667,-0.61840,-40.125,0.000,0.0,NaN
52.3833,-0.61854,-40.123,-0.000,0.0,NaN
52.4000,-0.61899,-40.121,-0.000,0.0,NaN
52.4167,-0.61976,-40.119,-0.001,0.0,NaN
52.4333,-0.62081,-40.117,-0.001,0.0,NaN
52.4500,-0.62211,-40.114,-0.001,0.0,NaN
52.4667,-0.62363,-40.112,-0.001,0.0,NaN
52.4833,-0.62532,-40.109,-0.002,0.0,NaN
52.5000,-0.62711,-40.107,-0.001,0.0,NaN
52.5167,-0.62896,-40.105,-0.001,0.0,NaN
52.5333,-0.63080,-40.103,-0.001,0.0,NaN
52.5500,-0.63258,-40.101,-0.001,0.0,NaN
52.5667,-0.63425,-40.100,-0.001,0.0,NaN
52.5833,-0.63576,-40.098,-0.000,0.0,NaN
52.6000,-0.63708,-40.098,-0.000,0.0,NaN
52.6167,-0.63816,-40.098,-0.000,0.0,NaN
52.6333,-0.63895,-40.099,-0.001,0.0,NaN
52.6500,-0.63943,-40.100,-0.001,0.0,NaN
52.6667,-0.63957,-40.100,-0.001,0.0,NaN
52.6833,-0.63938,-40.101,-0.001,0.0,NaN
52.7000,-0.63886,-40.101,-0.001,0.0,NaN
52.7167,-0.63803,-40.102,-0.001,0.0,NaN
52.7333,-0.63691,-40.103,-0.001,0.0,NaN
52.7500,-0.63555,-40.104,-0.001,0.0,NaN
52.7667,-0.63399,-40.105,-0.000,0.0,NaN
52.7833,-0.63229,-40.106,-0.000,0.0,NaN
52.8000,-0.63049,-40.106,0.000,0.0,NaN
52.8167,-0.62866,-40.106,0.001,0.0,NaN
52.8333,-0.62686,-40.106,0.001,0.0,NaN
52.8500,-0.62515,-40.106,0.001,0.0,NaN
52.8667,-0.62357,-40.105,0.001,0.0,NaN
52.8833,-0.62217,-40.105,0.001,0.0,NaN
52.9000,-0.62101,-40.104,0.001,0.0,NaN
52.9167,-0.62012,-40.102,0.001,0.0,NaN
52.9333,-0.61952,-40.100,0.001,0.0,NaN
52.9500,-0.61923,-40.098,0.000,0.0,NaN
52.9667,-0.61927,-40.097,0.000,0.0,NaN
52.9833,-0.61963,-40.095,-0.000,0.0,NaN
53.0000,-0.62031,-40.093,-0.001,0.0,NaN
53.0167,-0.62128,-40.090,-0.001,0.0,NaN
53.0333,-0.62251,-40.088,-0.001,0.0,NaN
53.0500,-0.62397,-40.085,-0.001,0.0,NaN
53.0667,-0.62561,-40.083,-0.002,0.0,NaN
53.0833,-0.62738,-40.081,-0.002,0.0,NaN
53.1000,-0.62922,-40.078,-0.001,0.0,NaN
53.1167,-0.63106,-40.077,-0.001,0.0,NaN
53.1333,-0.63286,-40.075,-0.001,0.0,NaN
53.1500,-0.63457,-40.073,-0.001,0.0,NaN
53.1667,-0.63613,-40.071,-0.000,0.0,NaN
53.1833,-0.63751,-40.071,-0.000,0.0,NaN
53.2000,-0.63866,-40.071,-0.000,0.0,NaN
53.2167,-0.63954,-40.072,-0.001,0.0,NaN
53.2333,-0.64011,-40.073,-0.001,0.0,NaN
53.2500,-0.64034,-40.074,-0.001,0.0,NaN
53.2667,-0.64025,-40.074,-0.001,0.0,NaN
53.2833,-0.63982,-40.075,-0.001,0.0,NaN
53.3000,-0.63907,-40.076,-0.001,0.0,NaN
53.3167,-0.63804,-40.078,-0.001,0.0,NaN
53.3333,-0.63674,-40.079,-0.001,0.0,NaN
53.3500,-0.63524,-40.081,-0.001,0.0,NaN
53.3667,-0.63357,-40.082,-0.000,0.0,NaN
53.3833,-0.63180,-40.083,0.000,0.0,NaN
53.4000,-0.62998,-40.083,0.001,0.0,NaN
53.4167,-0.62816,-40.084,0.001,0.0,NaN
53.4333,-0.62642,-40.084,0.001,0.0,NaN
53.4500,-0.62480,-40.084,0.001,0.0,NaN
53.4667,-0.62335,-40.083,0.001,0.0,NaN
53.4833,-0.62213,-40.083,0.001,0.0,NaN
53.5000,-0.62116,-40.082,0.001,0.0,NaN
53.5167,-0.62048,-40.080,0.001,0.0,NaN
53.5333,-0.62011,-40.079,0.001,0.0,NaN
53.5500,-0.62006,-40.077,0.000,0.0,NaN
53.5667,-0.62033,-40.075,-0.000,0.0,NaN
53.5833,-0.62092,-40.073,-0.001,0.0,NaN
53.6000,-0.62181,-40.071,-0.001,0.0,NaN
53.6167,-0.62298,-40.068,-0.001,0.0,NaN
53.6333,-0.62438,-40.066,-0.001,0.0,NaN
53.6500,-0.62598,-40.063,-0.002,0.0,NaN
53.6667,-0.62772,-40.061,-0.002,0.0,NaN
53.6833,-0.62954,-40.058,-0.001,0.0,NaN
53.7000,-0.63139,-40.056,-0.001,0.0,NaN
53.7167,-0.63320,-40.054,-0.001,0.0,NaN
53.7333,-0.63494,-40.052,-0.001,0.0,NaN
53.7500,-0.63654,-40.050,-0.000,0.0,NaN
53.7667,-0.63796,-40.049,-0.000,0.0,NaN
53.7833,-0.63917,-40.049,-0.000,0.0,NaN
53.8000,-0.64013,-40.049,-0.001,0.0,NaN
53.8167,-0.64077,-40.050,-0.001,0.0,NaN
53.8333,-0.64110,-40.051,-0.001,0.0,NaN
53.8500,-0.64109,-40.052,-0.001,0.0,NaN
53.8667,-0.64074,-40.053,-0.001,0.0,NaN
53.8833,-0.64008,-40.053,-0.001,0.0,NaN
53.9000,-0.63911,-40.055,-0.001,0.0,NaN
53.9167,-0.63788,-40.056,-0.001,0.0,NaN
53.9333,-0.63643,-40.058,-0.001,0.0,NaN
53.9500,-0.63480,-40.059,-0.000,0.0,NaN
53.9667,-0.63305,-40.060,0.000,0.0,NaN
53.9833,-0.63124,-40.061,0.001,0.0,NaN
54.0000,-0.62942,-40.061,0.001,0.0,NaN
54.0167,-0.62766,-40.061,0.001,0.0,NaN
54.0333,-0.62600,-40.061,0.001,0.0,NaN
54.0500,-0.62451,-40.061,0.001,0.0,NaN
54.0667,-0.62322,-40.061,0.001,0.0,NaN
54.0833,-0.62219,-40.060,0.001,0.0,NaN
54.1000,-0.62143,-40.058,0.001,0.0,NaN
54.1167,-0.62098,-40.056,0.001,0.0,NaN
54.1333,-0.62085,-40.055,0.000,0.0,NaN
54.1500,-0.62105,-40.053,-0.000,0.0,NaN
54.1667,-0.62156,-40.050,-0.001,0.0,NaN
54.1833,-0.62238,-40.048,-0.001,0.0,NaN
54.2000,-0.62348,-40.045,-0.001,0.0,NaN
54.2167,-0.62483,-40.042,-0.001,0.0,NaN
54.2333,-0.62639,-40.039,-0.002,0.0,NaN
54.2500,-0.62809,-40.036,-0.002,0.0,NaN
54.2667,-0.62990,-40.034,-0.001,0.0,NaN
54.2833,-0.63174,-40.031,-0.001,0.0,NaN
54.3000,-0.63357,-40.029,-0.001,0.0,NaN
54.3167,-0.63532,-40.027,-0.001,0.0,NaN
54.3333,-0.63696,-40.025,-0.001,0.0,NaN
54.3500,-0.63843,-40.023,-0.000,0.0,NaN
54.3667,-0.63969,-40.022,-0.000,0.0,NaN
54.3833,-0.64070,-40.023,-0.001,0.0,NaN
54.4000,-0.64143,-40.023,-0.001,0.0,NaN
54.4167,-0.64183,-40.024,-0.001,0.0,NaN
54.4333,-0.64189,-40.025,-0.001,0.0,NaN
54.4500,-0.64162,-40.026,-0.001,0.0,NaN
54.4667,-0.64103,-40.027,-0.001,0.0,NaN
54.4833,-0.64013,-40.028,-0.001,0.0,NaN
54.5000,-0.63897,-40.030,-0.001,0.0,NaN
54.5167,-0.63756,-40.032,-0.001,0.0,NaN
54.5333,-0.63597,-40.033,-0.000,0.0,NaN
54.5500,-0.63425,-40.035,0.000,0.0,NaN
54.5667,-0.63245,-40.036,0.000,0.0,NaN
54.5833,-0.63063,-40.036,0.001,0.0,NaN
54.6000,-0.62885,-40.037,0.001,0.0,NaN
54.6167,-0.62716,-40.037,0.001,0.0,NaN
54.6333,-0.62563,-40.038,0.001,0.0,NaN
54.6500,-0.62430,-40.038,0.001,0.0,NaN
54.6667,-0.62320,-40.037,0.001,0.0,NaN
54.6833,-0.62239,-40.036,0.001,0.0,NaN
54.7000,-0.62187,-40.034,0.001,0.0,NaN
54.7167,-0.62167,-40.033,0.000,0.0,NaN
54.7333,-0.62179,-40.031,-0.000,0.0,NaN
54.7500,-0.62224,-40.029,-0.000,0.0,NaN
54.7667,-0.62299,-40.027,-0.001,0.0,NaN
54.7833,-0.62403,-40.024,-0.001,0.0,NaN
54.8000,-0.62533,-40.021,-0.001,0.0,NaN
54.8167,-0.62684,-40.018,-0.002,0.0,NaN
54.8333,-0.62852,-40.015,-0.002,0.0,NaN
54.8500,-0.63030,-40.012,-0.002,0.0,NaN
54.8667,-0.63214,-40.010,-0.001,0.0,NaN
54.8833,-0.63397,-40.007,-0.001,0.0,NaN
54.9000,-0.63574,-40.005,-0.001,0.0,NaN
54.9167,-0.63741,-40.003,-0.001,0.0,NaN
54.9333,-0.63891,-40.001,-0.000,0.0,NaN
54.9500,-0.64022,-40.000,-0.000,0.0,NaN
54.9667,-0.64129,-40.000,-0.001,0.0,NaN
54.9833,-0.64207,-40.001,-0.001,0.0,NaN
55.0000,-0.64254,-40.002,-0.001,0.0,NaN
55.0167,-0.64268,-40.003,-0.001,0.0,NaN
55.0333,-0.64248,-40.004,-0.001,0.0,NaN
55.0500,-0.64196,-40.005,-0.001,0.0,NaN
55.0667,-0.64112,-40.006,-0.001,0.0,NaN
55.0833,-0.64001,-40.008,-0.001,0.0,NaN
55.1000,-0.63866,-40.010,-0.001,0.0,NaN
55.1167,-0.63711,-40.012,-0.000,0.0,NaN
55.1333,-0.63541,-40.013,-0.000,0.0,NaN
55.1500,-0.63362,-40.015,0.000,0.0,NaN
55.1667,-0.63181,-40.016,0.001,0.0,NaN
55.1833,-0.63002,-40.016,0.001,0.0,NaN
55.2000,-0.62831,-40.017,0.001,0.0,NaN
55.2167,-0.62675,-40.018,0.001,0.0,NaN
55.2333,-0.62537,-40.018,0.001,0.0,NaN
55.2500,-0.62422,-40.017,0.001,0.0,NaN
55.2667,-0.62335,-40.016,0.001,0.0,NaN
55.2833,-0.62277,-40.015,0.001,0.0,NaN
55.3000,-0.62250,-40.013,0.000,0.0,NaN
55.3167,-0.62256,-40.011,0.000,0.0,NaN
55.3333,-0.62294,-40.009,-0.000,0.0,NaN
55.3500,-0.62363,-40.007,-0.001,0.0,NaN
55.3667,-0.62461,-40.004,-0.001,0.0,NaN
55.3833,-0.62586,-40.001,-0.001,0.0,NaN
55.4000,-0.62733,-39.998,-0.002,0.0,NaN
55.4167,-0.62897,-39.995,-0.002,0.0,NaN
55.4333,-0.63074,-39.992,-0.002,0.0,NaN
55.4500,-0.63257,-39.989,-0.001,0.0,NaN
55.4667,-0.63440,-39.986,-0.001,0.0,NaN
55.4833,-0.63618,-39.983,-0.001,0.0,NaN
55.5000,-0.63787,-39.981,-0.001,0.0,NaN
55.5167,-0.63941,-39.979,-0.000,0.0,NaN
55.5333,-0.64075,-39.978,-0.000,0.0,NaN
55.5500,-0.64187,-39.977,-0.001,0.0,NaN
55.5667,-0.64271,-39.978,-0.001,0.0,NaN
55.5833,-0.64324,-39.979,-0.001,0.0,NaN
55.6000,-0.64344,-39.980,-0.001,0.0,NaN
55.6167,-0.64331,-39.980,-0.001,0.0,NaN
55.6333,-0.64285,-39.981,-0.001,0.0,NaN
55.6500,-0.64208,-39.983,-0.001,0.0,NaN
55.6667,-0.64102,-39.984,-0.001,0.0,NaN
55.6833,-0.63972,-39.986,-0.001,0.0,NaN
55.7000,-0.63820,-39.988,-0.001,0.0,NaN
55.7167,-0.63654,-39.990,-0.000,0.0,NaN
55.7333,-0.63477,-39.992,0.000,0.0,NaN
55.7500,-0.63295,-39.993,0.001,0.0,NaN
55.7667,-0.63116,-39.994,0.001,0.0,NaN
55.7833,-0.62943,-39.995,0.001,0.0,NaN
55.8000,-0.62784,-39.995,0.001,0.0,NaN
55.8167,-0.62642,-39.996,0.001,0.0,NaN
55.8333,-0.62523,-39.995,0.001,0.0,NaN
55.8500,-0.62430,-39.995,0.001,0.0,NaN
55.8667,-0.62366,-39.993,0.001,0.0,NaN
55.8833,-0.62334,-39.992,0.001,0.0,NaN
55.9000,-0.62333,-39.990,0.000,0.0,NaN
55.9167,-0.62365,-39.988,-0.000,0.0,NaN
55.9333,-0.62428,-39.986,-0.001,0.0,NaN
55.9500,-0.62521,-39.983,-0.001,0.0,NaN
55.9667,-0.62640,-39.980,-0.001,0.0,NaN
55.9833,-0.62783,-39.977,-0.001,0.0,NaN
56.0000,-0.62945,-39.973,-0.002,0.0,NaN
56.0167,-0.63119,-39.970,-0.002,0.0,NaN
56.0333,-0.63301,-39.967,-0.001,0.0,NaN
56.0500,-0.63485,-39.964,-0.001,0.0,NaN
56.0667,-0.63664,-39.961,-0.001,0.0,NaN
56.0833,-0.63834,-39.959,-0.001,0.0,NaN
56.1000,-0.63991,-39.956,-0.000,0.0,NaN
56.1167,-0.64129,-39.955,-0.000,0.0,NaN
56.1333,-0.64245,-39.954,-0.000,0.0,NaN
56.1500,-0.64334,-39.955,-0.001,0.0,NaN
56.1667,-0.64393,-39.956,-0.001,0.0,NaN
56.1833,-0.64420,-39.957,-0.001,0.0,NaN
56.2000,-0.64413,-39.957,-0.001,0.0,NaN
56.2167,-0.64373,-39.958,-0.001,0.0,NaN
56.2333,-0.64301,-39.960,-0.001,0.0,NaN
56.2500,-0.64201,-39.962,-0.001,0.0,NaN
56.2667,-0.64075,-39.964,-0.001,0.0,NaN
56.2833,-0.63928,-39.966,-0.001,0.0,NaN
56.3000,-0.63764,-39.968,-0.000,0.0,NaN
56.3167,-0.63589,-39.970,0.000,0.0,NaN
56.3333,-0.63408,-39.972,0.001,0.0,NaN
56.3500,-0.63228,-39.973,0.001,0.0,NaN
56.3667,-0.63054,-39.974,0.001,0.0,NaN
56.3833,-0.62893,-39.975,0.001,0.0,NaN
56.4000,-0.62748,-39.975,0.001,0.0,NaN
56.4167,-0.62624,-39.976,0.001,0.0,NaN
56.4333,-0.62527,-39.975,0.001,0.0,NaN
56.4500,-0.62457,-39.974,0.001,0.0,NaN
56.4667,-0.62419,-39.972,0.001,0.0,NaN
56.4833,-0.62412,-39.971,0.000,0.0,NaN
56.5000,-0.62438,-39.969,-0.000,0.0,NaN
56.5167,-0.62496,-39.967,-0.001,0.0,NaN
56.5333,-0.62583,-39.964,-0.001,0.0,NaN
56.5500,-0.62698,-39.961,-0.001,0.0,NaN
56.5667,-0.62837,-39.957,-0.001,0.0,NaN
56.5833,-0.62995,-39.954,-0.002,0.0,NaN
56.6000,-0.63167,-39.950,-0.002,0.0,NaN
56.6167,-0.63347,-39.947,-0.001,0.0,NaN
56.6333,-0.63531,-39.944,-0.001,0.0,NaN
56.6500,-0.63711,-39.941,-0.001,0.0,NaN
56.6667,-0.63883,-39.938,-0.001,0.0,NaN
56.6833,-0.64041,-39.936,-0.001,0.0,NaN
56.7000,-0.64183,-39.934,-0.000,0.0,NaN
56.7167,-0.64303,-39.934,-0.000,0.0,NaN
56.7333,-0.64397,-39.934,-0.001,0.0,NaN
56.7500,-0.64461,-39.934,-0.001,0.0,NaN
56.7667,-0.64494,-39.935,-0.001,0.0,NaN
56.7833,-0.64493,-39.936,-0.001,0.0,NaN
56.8000,-0.64459,-39.937,-0.001,0.0,NaN
56.8167,-0.64393,-39.939,-0.001,0.0,NaN
56.8333,-0.64298,-39.940,-0.001,0.0,NaN
56.8500,-0.64177,-39.943,-0.001,0.0,NaN
56.8667,-0.64033,-39.945,-0.001,0.0,NaN
56.8833,-0.63872,-39.947,-0.000,0.0,NaN
56.9000,-0.63699,-39.949,0.000,0.0,NaN
56.9167,-0.63520,-39.951,0.001,0.0,NaN
56.9333,-0.63340,-39.952,0.001,0.0,NaN
56.9500,-0.63165,-39.954,0.001,0.0,NaN
56.9667,-0.63001,-39.955,0.001,0.0,NaN
56.9833,-0.62853,-39.955,0.001,0.0,NaN
57.0000,-0.62726,-39.956,0.001,0.0,NaN
57.0167,-0.62623,-39.955,0.001,0.0,NaN
57.0333,-0.62549,-39.954,0.001,0.0,NaN
57.0500,-0.62505,-39.953,0.001,0.0,NaN
57.0667,-0.62492,-39.951,0.000,0.0,NaN
57.0833,-0.62512,-39.949,-0.000,0.0,NaN
57.1000,-0.62564,-39.947,-0.001,0.0,NaN
57.1167,-0.62646,-39.944,-0.001,0.0,NaN
57.1333,-0.62756,-39.941,-0.001,0.0,NaN
57.1500,-0.62890,-39.938,-0.001,0.0,NaN
57.1667,-0.63045,-39.934,-0.002,0.0,NaN
57.1833,-0.63215,-39.930,-0.002,0.0,NaN
57.2000,-0.63394,-39.927,-0.002,0.0,NaN
57.2167,-0.63577,-39.924,-0.001,0.0,NaN
57.2333,-0.63757,-39.920,-0.001,0.0,NaN
57.2500,-0.63931,-39.917,-0.001,0.0,NaN
57.2667,-0.64092,-39.915,-0.001,0.0,NaN
57.2833,-0.64236,-39.913,-0.000,0.0,NaN
57.3000,-0.64360,-39.912,-0.000,0.0,NaN
57.3167,-0.64459,-39.912,-0.001,0.0,NaN
57.3333,-0.64529,-39.912,-0.001,0.0,NaN
57.3500,-0.64567,-39.913,-0.001,0.0,NaN
57.3667,-0.64572,-39.914,-0.001,0.0,NaN
57.3833,-0.64544,-39.915,-0.001,0.0,NaN
57.4000,-0.64484,-39.916,-0.001,0.0,NaN
57.4167,-0.64394,-39.918,-0.001,0.0,NaN
57.4333,-0.64277,-39.921,-0.001,0.0,NaN
57.4500,-0.64138,-39.923,-0.001,0.0,NaN
57.4667,-0.63980,-39.926,-0.000,0.0,NaN
57.4833,-0.63809,-39.928,0.000,0.0,NaN
57.5000,-0.63631,-39.930,0.000,0.0,NaN
57.5167,-0.63451,-39.931,0.001,0.0,NaN
57.5333,-0.63275,-39.933,0.001,0.0,NaN
57.5500,-0.63109,-39.934,0.001,0.0,NaN
57.5667,-0.62958,-39.935,0.001,0.0,NaN
57.5833,-0.62827,-39.936,0.001,0.0,NaN
57.6000,-0.62720,-39.936,0.001,0.0,NaN
57.6167,-0.62641,-39.935,0.001,0.0,NaN
57.6333,-0.62591,-39.934,0.001,0.0,NaN
57.6500,-0.62573,-39.932,0.000,0.0,NaN
57.6667,-0.62587,-39.930,-0.000,0.0,NaN
57.6833,-0.62633,-39.928,-0.000,0.0,NaN
57.7000,-0.62710,-39.925,-0.001,0.0,NaN
57.7167,-0.62815,-39.922,-0.001,0.0,NaN
57.7333,-0.62945,-39.919,-0.001,0.0,NaN
57.7500,-0.63096,-39.915,-0.002,0.0,NaN
57.7667,-0.63263,-39.911,-0.002,0.0,NaN
57.7833,-0.63441,-39.907,-0.002,0.0,NaN
57.8000,-0.63623,-39.904,-0.001,0.0,NaN
57.8167,-0.63804,-39.901,-0.001,0.0,NaN
57.8333,-0.63978,-39.898,-0.001,0.0,NaN
57.8500,-0.64141,-39.895,-0.001,0.0,NaN
57.8667,-0.64289,-39.893,-0.000,0.0,NaN
57.8833,-0.64416,-39.891,-0.000,0.0,NaN
57.9000,-0.64520,-39.891,-0.001,0.0,NaN
57.9167,-0.64595,-39.892,-0.001,0.0,NaN
57.9333,-0.64638,-39.892,-0.001,0.0,NaN
57.9500,-0.64649,-39.893,-0.001,0.0,NaN
57.9667,-0.64627,-39.894,-0.001,0.0,NaN
57.9833,-0.64573,-39.896,-0.001,0.0,NaN
58.0000,-0.64489,-39.898,-0.001,0.0,NaN
58.0167,-0.64377,-39.900,-0.001,0.0,NaN
58.0333,-0.64242,-39.903,-0.001,0.0,NaN
58.0500,-0.64088,-39.905,-0.000,0.0,NaN
58.0667,-0.63920,-39.908,-0.000,0.0,NaN
58.0833,-0.63743,-39.910,0.000,0.0,NaN
58.1000,-0.63563,-39.912,0.001,0.0,NaN
58.1167,-0.63387,-39.913,0.001,0.0,NaN
58.1333,-0.63219,-39.915,0.001,0.0,NaN
58.1500,-0.63065,-39.916,0.001,0.0,NaN
58.1667,-0.62931,-39.917,0.001,0.0,NaN
58.1833,-0.62819,-39.917,0.001,0.0,NaN
58.2000,-0.62735,-39.916,0.001,0.0,NaN
58.2167,-0.62679,-39.915,0.001,0.0,NaN
58.2333,-0.62655,-39.914,0.000,0.0,NaN
58.2500,-0.62664,-39.912,-0.000,0.0,NaN
58.2667,-0.62704,-39.910,-0.000,0.0,NaN
58.2833,-0.62775,-39.907,-0.001,0.0,NaN
58.3000,-0.62874,-39.904,-0.001,0.0,NaN
58.3167,-0.63000,-39.900,-0.001,0.0,NaN
58.3333,-0.63147,-39.896,-0.002,0.0,NaN
58.3500,-0.63311,-39.892,-0.002,0.0,NaN
58.3667,-0.63487,-39.889,-0.002,0.0,NaN
58.3833,-0.63668,-39.885,-0.001,0.0,NaN
58.4000,-0.63849,-39.882,-0.001,0.0,NaN
58.4167,-0.64025,-39.878,-0.001,0.0,NaN
58.4333,-0.64190,-39.875,-0.001,0.0,NaN
58.4500,-0.64340,-39.873,-0.001,0.0,NaN
58.4667,-0.64471,-39.871,-0.000,0.0,NaN
58.4833,-0.64579,-39.871,-0.001,0.0,NaN
58.5000,-0.64659,-39.871,-0.001,0.0,NaN
58.5167,-0.64709,-39.872,-0.001,0.0,NaN
58.5333,-0.64726,-39.873,-0.001,0.0,NaN
58.5500,-0.64710,-39.874,-0.001,0.0,NaN
58.5667,-0.64662,-39.875,-0.001,0.0,NaN
58.5833,-0.64584,-39.877,-0.001,0.0,NaN
58.6000,-0.64477,-39.879,-0.001,0.0,NaN
58.6167,-0.64347,-39.882,-0.001,0.0,NaN
58.6333,-0.64196,-39.885,-0.001,0.0,NaN
58.6500,-0.64031,-39.887,-0.000,0.0,NaN
58.6667,-0.63855,-39.890,0.000,0.0,NaN
58.6833,-0.63676,-39.892,0.001,0.0,NaN
58.7000,-0.63499,-39.893,0.001,0.0,NaN
58.7167,-0.63330,-39.895,0.001,0.0,NaN
58.7333,-0.63174,-39.897,0.001,0.0,NaN
58.7500,-0.63035,-39.898,0.001,0.0,NaN
58.7667,-0.62919,-39.898,0.001,0.0,NaN
58.7833,-0.62830,-39.897,0.001,0.0,NaN
58.8000,-0.62769,-39.897,0.001,0.0,NaN
58.8167,-0.62739,-39.895,0.000,0.0,NaN
58.8333,-0.62741,-39.893,0.000,0.0,NaN
58.8500,-0.62775,-39.891,-0.000,0.0,NaN
58.8667,-0.62840,-39.889,-0.001,0.0,NaN
58.8833,-0.62934,-39.886,-0.001,0.0,NaN
58.9000,-0.63054,-39.882,-0.001,0.0,NaN
58.9167,-0.63197,-39.878,-0.002,0.0,NaN
58.9333,-0.63358,-39.874,-0.002,0.0,NaN
58.9500,-0.63531,-39.870,-0.002,0.0,NaN
58.9667,-0.63711,-39.866,-0.001,0.0,NaN
58.9833,-0.63892,-39.863,-0.001,0.0,NaN
59.0000,-0.64069,-39.859,-0.001,0.0,NaN
59.0167,-0.64236,-39.856,-0.001,0.0,NaN
59.0333,-0.64389,-39.853,-0.001,0.0,NaN
59.0500,-0.64524,-39.851,-0.000,0.0,NaN
59.0667,-0.64636,-39.851,-0.001,0.0,NaN
59.0833,-0.64722,-39.851,-0.001,0.0,NaN
59.1000,-0.64778,-39.851,-0.001,0.0,NaN
59.1167,-0.64801,-39.852,-0.001,0.0,NaN
59.1333,-0.64792,-39.853,-0.001,0.0,NaN
59.1500,-0.64750,-39.855,-0.001,0.0,NaN
59.1667,-0.64678,-39.856,-0.001,0.0,NaN
59.1833,-0.64578,-39.859,-0.001,0.0,NaN
59.2000,-0.64452,-39.861,-0.001,0.0,NaN
59.2167,-0.64305,-39.864,-0.001,0.0,NaN
59.2333,-0.64143,-39.867,-0.000,0.0,NaN
59.2500,-0.63970,-39.870,0.000,0.0,NaN
59.2667,-0.63792,-39.872,0.001,0.0,NaN
59.2833,-0.63614,-39.874,0.001,0.0,NaN
59.3000,-0.63444,-39.876,0.001,0.0,NaN
59.3167,-0.63285,-39.878,0.001,0.0,NaN
59.3333,-0.63143,-39.879,0.001,0.0,NaN
59.3500,-0.63022,-39.879,0.001,0.0,NaN
59.3667,-0.62927,-39.879,0.001,0.0,NaN
59.3833,-0.62860,-39.879,0.001,0.0,NaN
59.4000,-0.62824,-39.877,0.001,0.0,NaN
59.4167,-0.62819,-39.876,0.000,0.0,NaN
59.4333,-0.62846,-39.874,-0.000,0.0,NaN
59.4500,-0.62905,-39.871,-0.001,0.0,NaN
59.4667,-0.62993,-39.868,-0.001,0.0,NaN
59.4833,-0.63108,-39.864,-0.001,0.0,NaN
59.5000,-0.63246,-39.860,-0.002,0.0,NaN
59.5167,-0.63403,-39.856,-0.002,0.0,NaN
59.5333,-0.63574,-39.852,-0.002,0.0,NaN
59.5500,-0.63753,-39.848,-0.002,0.0,NaN
59.5667,-0.63933,-39.844,-0.001,0.0,NaN
59.5833,-0.64111,-39.841,-0.001,0.0,NaN
59.6000,-0.64280,-39.837,-0.001,0.0,NaN
59.6167,-0.64436,-39.835,-0.001,0.0,NaN
59.6333,-0.64574,-39.832,-0.000,0.0,NaN
59.6500,-0.64691,-39.831,-0.001,0.0,NaN
59.6667,-0.64783,-39.831,-0.001,0.0,NaN
59.6833,-0.64845,-39.832,-0.001,0.0,NaN
59.7000,-0.64875,-39.833,-0.001,0.0,NaN
59.7167,-0.64873,-39.834,-0.001,0.0,NaN
59.7333,-0.64838,-39.835,-0.001,0.0,NaN
59.7500,-0.64773,-39.837,-0.001,0.0,NaN
59.7667,-0.64678,-39.839,-0.001,0.0,NaN
59.7833,-0.64558,-39.842,-0.001,0.0,NaN
59.8000,-0.64416,-39.845,-0.001,0.0,NaN
59.8167,-0.64258,-39.848,-0.000,0.0,NaN
59.8333,-0.64087,-39.850,0.000,0.0,NaN
59.8500,-0.63910,-39.853,0.001,0.0,NaN
59.8667,-0.63733,-39.855,0.001,0.0,NaN
59.8833,-0.63560,-39.857,0.001,0.0,NaN
59.9000,-0.63399,-39.859,0.001,0.0,NaN
59.9167,-0.63253,-39.860,0.001,0.0,NaN
59.9333,-0.63128,-39.861,0.001,0.0,NaN
59.9500,-0.63027,-39.861,0.001,0.0,NaN
59.9667,-0.62954,-39.861,0.001,0.0,NaN
59.9833,-0.62910,-39.860,0.001,0.0,NaN
60.0000,-0.62899,-39.858,0.000,0.0,NaN
