t,heave,pitch,roll,thrust,rpm
0.0167,1.37913,-3.544,-0.000,0.0,NaN
0.0333,1.35913,-3.524,0.000,0.0,NaN
0.0500,1.33696,-3.486,-0.000,0.0,NaN
0.0667,1.31268,-3.446,-0.000,0.0,NaN
0.0833,1.28634,-3.424,-0.000,0.0,NaN
0.1000,1.25801,-3.417,-0.000,0.0,NaN
0.1167,1.22775,-3.432,0.000,0.0,NaN
0.1333,1.19563,-3.461,0.000,0.0,NaN
0.1500,1.16172,-3.500,-0.000,0.0,NaN
0.1667,1.12606,-3.537,-0.000,0.0,NaN
0.1833,1.08872,-3.562,-0.000,0.0,NaN
0.2000,1.04975,-3.584,0.000,0.0,NaN
0.2167,1.00931,-3.604,0.000,0.0,NaN
0.2333,0.96754,-3.632,-0.000,0.0,NaN
0.2500,0.92454,-3.714,0.000,0.0,NaN
0.2667,0.88038,-3.903,-0.000,0.0,NaN
0.2833,0.83513,-4.263,0.000,0.0,NaN
0.3000,0.78883,-4.851,0.000,0.0,NaN
0.3167,0.74153,-5.703,-0.000,0.0,NaN
0.3333,0.69325,-6.821,0.000,0.0,NaN
0.3500,0.64396,-8.191,0.000,0.0,NaN
0.3667,0.59357,-9.793,-0.000,0.0,NaN
0.3833,0.54195,-11.619,0.000,0.0,NaN
0.4000,0.48894,-13.654,-0.000,0.0,NaN
0.4167,0.43435,-15.857,0.000,0.0,NaN
0.4333,0.37806,-18.184,0.000,0.0,NaN
0.4500,0.32518,-20.459,0.052,0.0,NaN
0.4667,0.28148,-22.683,0.152,0.0,NaN
0.4833,0.24573,-24.893,0.096,0.0,NaN
0.5000,0.21114,-27.210,-0.034,0.0,NaN
0.5167,0.17097,-29.839,-0.008,0.0,NaN
0.5333,0.12310,-32.814,0.087,0.0,NaN
0.5500,0.06800,-35.994,0.065,0.0,NaN
0.5667,0.00270,-39.317,0.117,0.0,NaN
0.5833,-0.07589,-42.637,0.184,0.0,NaN
0.6000,-0.16430,-45.772,0.233,0.0,NaN
0.6167,-0.25875,-48.550,0.069,0.0,NaN
0.6333,-0.35868,-51.067,-0.130,0.0,NaN
0.6500,-0.46231,-53.320,-0.161,0.0,NaN
0.6667,-0.56692,-55.445,-0.107,0.0,NaN
0.6833,-0.67092,-57.649,-0.108,0.0,NaN
0.7000,-0.77257,-60.060,-0.013,0.0,NaN
0.7167,-0.86894,-62.660,0.097,0.0,NaN
0.7333,-0.95791,-65.308,0.048,0.0,NaN
0.7500,-1.03831,-67.828,0.021,0.0,NaN
0.7667,-1.10966,-70.250,0.042,0.0,NaN
0.7833,-1.17173,-72.572,0.017,0.0,NaN
0.8000,-1.22416,-74.790,-0.001,0.0,NaN
0.8167,-1.26657,-76.963,0.029,0.0,NaN
0.8333,-1.29848,-79.075,0.041,0.0,NaN
0.8500,-1.31946,-81.093,0.005,0.0,NaN
0.8667,-1.32922,-83.051,0.024,0.0,NaN
0.8833,-1.32761,-84.973,0.054,0.0,NaN
0.9000,-1.31460,-86.880,0.052,0.0,NaN
0.9167,-1.29050,-88.743,0.073,0.0,NaN
0.9333,-1.25592,-89.461,0.118,0.0,NaN
0.9500,-1.21164,-87.772,0.119,0.0,NaN
0.9667,-1.15853,-86.153,0.119,0.0,NaN
0.9833,-1.09781,-84.586,0.156,0.0,NaN
1.0000,-1.03091,-83.086,0.174,0.0,NaN
1.0167,-0.95896,-81.653,0.153,0.0,NaN
1.0333,-0.88284,-80.270,0.155,0.0,NaN
1.0500,-0.80365,-78.955,0.171,0.0,NaN
1.0667,-0.72233,-77.687,0.180,0.0,NaN
1.0833,-0.63956,-76.438,0.191,0.0,NaN
1.1000,-0.55600,-75.253,0.220,0.0,NaN
1.1167,-0.47275,-74.113,0.230,0.0,NaN
1.1333,-0.39126,-73.025,0.217,0.0,NaN
1.1500,-0.31215,-71.977,0.219,0.0,NaN
1.1667,-0.23542,-70.935,0.227,0.0,NaN
1.1833,-0.16107,-69.896,0.218,0.0,NaN
1.2000,-0.08930,-68.873,0.210,0.0,NaN
1.2167,-0.02085,-67.870,0.223,0.0,NaN
1.2333,0.04370,-66.905,0.227,0.0,NaN
1.2500,0.10442,-65.957,0.232,0.0,NaN
1.2667,0.16158,-65.017,0.255,0.0,NaN
1.2833,0.21532,-64.107,0.273,0.0,NaN
1.3000,0.26565,-63.214,0.278,0.0,NaN
1.3167,0.31260,-62.337,0.277,0.0,NaN
1.3333,0.35640,-61.462,0.272,0.0,NaN
1.3500,0.39726,-60.574,0.272,0.0,NaN
1.3667,0.43532,-59.680,0.277,0.0,NaN
1.3833,0.47064,-58.800,0.283,0.0,NaN
1.4000,0.50331,-57.944,0.295,0.0,NaN
1.4167,0.53341,-57.109,0.297,0.0,NaN
1.4333,0.56099,-56.280,0.283,0.0,NaN
1.4500,0.58608,-55.449,0.278,0.0,NaN
1.4667,0.60870,-54.614,0.288,0.0,NaN
1.4833,0.62885,-53.775,0.302,0.0,NaN
1.5000,0.64655,-52.932,0.315,0.0,NaN
1.5167,0.66179,-52.091,0.326,0.0,NaN
1.5333,0.67457,-51.261,0.335,0.0,NaN
1.5500,0.68490,-50.453,0.347,0.0,NaN
1.5667,0.69277,-49.680,0.361,0.0,NaN
1.5833,0.69819,-48.938,0.375,0.0,NaN
1.6000,0.70116,-48.213,0.384,0.0,NaN
1.6167,0.70167,-47.480,0.388,0.0,NaN
1.6333,0.69973,-46.727,0.398,0.0,NaN
1.6500,0.69534,-45.956,0.411,0.0,NaN
1.6667,0.68850,-45.172,0.422,0.0,NaN
1.6833,0.67921,-44.390,0.433,0.0,NaN
1.7000,0.66748,-43.620,0.441,0.0,NaN
1.7167,0.65330,-42.874,0.433,0.0,NaN
1.7333,0.63668,-42.159,0.424,0.0,NaN
1.7500,0.61763,-41.474,0.423,0.0,NaN
1.7667,0.59630,-40.802,0.428,0.0,NaN
1.7833,0.57301,-40.124,0.438,0.0,NaN
1.8000,0.54822,-39.415,0.453,0.0,NaN
1.8167,0.52249,-38.667,0.463,0.0,NaN
1.8333,0.49645,-37.888,0.467,0.0,NaN
1.8500,0.47072,-37.090,0.471,0.0,NaN
1.8667,0.44591,-36.294,0.474,0.0,NaN
1.8833,0.42262,-35.514,0.473,0.0,NaN
1.9000,0.40133,-34.761,0.475,0.0,NaN
1.9167,0.38230,-34.043,0.490,0.0,NaN
1.9333,0.36561,-33.366,0.517,0.0,NaN
1.9500,0.35038,-32.748,0.569,0.0,NaN
1.9667,0.33581,-32.186,0.681,0.0,NaN
1.9833,0.32029,-31.681,0.775,0.0,NaN
2.0000,0.30350,-31.222,0.808,0.0,NaN
2.0167,0.28585,-30.738,0.777,0.0,NaN
2.0333,0.26774,-30.203,0.728,0.0,NaN
2.0500,0.24941,-29.614,0.711,0.0,NaN
2.0667,0.23098,-29.007,0.767,0.0,NaN
2.0833,0.21272,-28.422,0.844,0.0,NaN
2.1000,0.19496,-27.929,0.935,0.0,NaN
2.1167,0.17799,-27.554,1.012,0.0,NaN
2.1333,0.16218,-27.279,1.020,0.0,NaN
2.1500,0.14768,-27.091,0.973,0.0,NaN
2.1667,0.13403,-26.980,0.889,0.0,NaN
2.1833,0.12106,-26.935,0.812,0.0,NaN
2.2000,0.10875,-26.927,0.766,0.0,NaN
2.2167,0.09675,-26.940,0.722,0.0,NaN
2.2333,0.08513,-26.951,0.654,0.0,NaN
2.2500,0.07398,-26.949,0.586,0.0,NaN
2.2667,0.06339,-26.926,0.529,0.0,NaN
2.2833,0.05342,-26.914,0.461,0.0,NaN
2.3000,0.04410,-26.937,0.385,0.0,NaN
2.3167,0.03549,-27.006,0.321,0.0,NaN
2.3333,0.02766,-27.130,0.264,0.0,NaN
2.3500,0.02068,-27.317,0.215,0.0,NaN
2.3667,0.01466,-27.568,0.179,0.0,NaN
2.3833,0.00966,-27.873,0.165,0.0,NaN
2.4000,0.00576,-28.215,0.140,0.0,NaN
2.4167,0.00300,-28.578,0.090,0.0,NaN
2.4333,0.00138,-28.948,0.043,0.0,NaN
2.4500,0.00088,-29.318,-0.004,0.0,NaN
2.4667,0.00142,-29.698,-0.058,0.0,NaN
2.4833,0.00290,-30.101,-0.098,0.0,NaN
2.5000,0.00523,-30.541,-0.113,0.0,NaN
2.5167,0.00832,-31.021,-0.118,0.0,NaN
2.5333,0.01208,-31.541,-0.111,0.0,NaN
2.5500,0.01645,-32.102,-0.101,0.0,NaN
2.5667,0.02134,-32.697,-0.111,0.0,NaN
2.5833,0.02668,-33.310,-0.134,0.0,NaN
2.6000,0.03238,-33.930,-0.155,0.0,NaN
2.6167,0.03836,-34.546,-0.181,0.0,NaN
2.6333,0.04452,-35.155,-0.217,0.0,NaN
2.6500,0.05080,-35.762,-0.248,0.0,NaN
2.6667,0.05713,-36.376,-0.264,0.0,NaN
2.6833,0.06343,-37.006,-0.273,0.0,NaN
2.7000,0.06962,-37.661,-0.289,0.0,NaN
2.7167,0.07562,-38.338,-0.311,0.0,NaN
2.7333,0.08133,-39.034,-0.332,0.0,NaN
2.7500,0.08668,-39.743,-0.350,0.0,NaN
2.7667,0.09160,-40.456,-0.365,0.0,NaN
2.7833,0.09603,-41.163,-0.380,0.0,NaN
2.8000,0.09994,-41.859,-0.384,0.0,NaN
2.8167,0.10328,-42.545,-0.372,0.0,NaN
2.8333,0.10601,-43.227,-0.353,0.0,NaN
2.8500,0.10809,-43.910,-0.336,0.0,NaN
2.8667,0.10945,-44.602,-0.318,0.0,NaN
2.8833,0.11006,-45.307,-0.300,0.0,NaN
2.9000,0.10987,-46.026,-0.284,0.0,NaN
2.9167,0.10887,-46.751,-0.270,0.0,NaN
2.9333,0.10704,-47.478,-0.258,0.0,NaN
2.9500,0.10439,-48.201,-0.243,0.0,NaN
2.9667,0.10093,-48.915,-0.219,0.0,NaN
2.9833,0.09669,-49.620,-0.192,0.0,NaN
3.0000,0.09168,-50.317,-0.166,0.0,NaN
3.0167,0.08593,-51.012,-0.139,0.0,NaN
3.0333,0.07949,-51.708,-0.108,0.0,NaN
3.0500,0.07238,-52.408,-0.077,0.0,NaN
3.0667,0.06464,-53.113,-0.051,0.0,NaN
3.0833,0.05632,-53.823,-0.024,0.0,NaN
3.1000,0.04745,-54.535,0.008,0.0,NaN
3.1167,0.03811,-55.248,0.040,0.0,NaN
3.1333,0.02833,-55.961,0.071,0.0,NaN
3.1500,0.01818,-56.675,0.101,0.0,NaN
3.1667,0.00771,-57.392,0.129,0.0,NaN
3.1833,-0.00303,-58.112,0.156,0.0,NaN
3.2000,-0.01401,-58.838,0.177,0.0,NaN
3.2167,-0.02517,-59.572,0.191,0.0,NaN
3.2333,-0.03642,-60.313,0.202,0.0,NaN
3.2500,-0.04768,-61.062,0.210,0.0,NaN
3.2667,-0.05882,-61.819,0.216,0.0,NaN
3.2833,-0.06970,-62.582,0.217,0.0,NaN
3.3000,-0.08010,-63.351,0.215,0.0,NaN
3.3167,-0.08981,-64.124,0.213,0.0,NaN
3.3333,-0.09860,-64.901,0.207,0.0,NaN
3.3500,-0.10628,-65.679,0.196,0.0,NaN
3.3667,-0.11265,-66.459,0.182,0.0,NaN
3.3833,-0.11758,-67.239,0.168,0.0,NaN
3.4000,-0.12095,-68.018,0.153,0.0,NaN
3.4167,-0.12269,-68.797,0.137,0.0,NaN
3.4333,-0.12275,-69.573,0.118,0.0,NaN
3.4500,-0.12113,-70.345,0.100,0.0,NaN
3.4667,-0.11785,-71.112,0.081,0.0,NaN
3.4833,-0.11298,-71.873,0.061,0.0,NaN
3.5000,-0.10661,-72.626,0.038,0.0,NaN
3.5167,-0.09886,-73.371,0.013,0.0,NaN
3.5333,-0.08987,-74.108,-0.012,0.0,NaN
3.5500,-0.07979,-74.836,-0.037,0.0,NaN
3.5667,-0.06879,-75.557,-0.063,0.0,NaN
3.5833,-0.05707,-76.271,-0.088,0.0,NaN
3.6000,-0.04483,-76.983,-0.111,0.0,NaN
3.6167,-0.03232,-77.693,-0.130,0.0,NaN
3.6333,-0.01978,-78.403,-0.146,0.0,NaN
3.6500,-0.00746,-79.116,-0.158,0.0,NaN
3.6667,0.00439,-79.830,-0.164,0.0,NaN
3.6833,0.01554,-80.546,-0.164,0.0,NaN
3.7000,0.02578,-81.261,-0.160,0.0,NaN
3.7167,0.03494,-81.974,-0.153,0.0,NaN
3.7333,0.04290,-82.683,-0.144,0.0,NaN
3.7500,0.04956,-83.387,-0.134,0.0,NaN
3.7667,0.05483,-84.085,-0.125,0.0,NaN
3.7833,0.05867,-84.777,-0.119,0.0,NaN
3.8000,0.06104,-85.465,-0.114,0.0,NaN
3.8167,0.06191,-86.150,-0.111,0.0,NaN
3.8333,0.06128,-86.832,-0.110,0.0,NaN
3.8500,0.05914,-87.511,-0.110,0.0,NaN
3.8667,0.05550,-88.187,-0.112,0.0,NaN
3.8833,0.05040,-88.859,-0.115,0.0,NaN
3.9000,0.04385,-89.520,-0.119,0.0,NaN
3.9167,0.03593,-89.766,-0.124,0.0,NaN
3.9333,0.02679,-89.134,-0.131,0.0,NaN
3.9500,0.01660,-88.486,-0.137,0.0,NaN
3.9667,0.00562,-87.842,-0.141,0.0,NaN
3.9833,-0.00585,-87.203,-0.142,0.0,NaN
4.0000,-0.01748,-86.569,-0.139,0.0,NaN
4.0167,-0.02892,-85.943,-0.131,0.0,NaN
4.0333,-0.03980,-85.325,-0.116,0.0,NaN
4.0500,-0.04980,-84.717,-0.095,0.0,NaN
4.0667,-0.05864,-84.121,-0.071,0.0,NaN
4.0833,-0.06610,-83.537,-0.044,0.0,NaN
4.1000,-0.07207,-82.967,-0.016,0.0,NaN
4.1167,-0.07638,-82.410,0.011,0.0,NaN
4.1333,-0.07893,-81.867,0.036,0.0,NaN
4.1500,-0.07974,-81.338,0.058,0.0,NaN
4.1667,-0.07885,-80.821,0.078,0.0,NaN
4.1833,-0.07621,-80.316,0.095,0.0,NaN
4.2000,-0.07186,-79.821,0.109,0.0,NaN
4.2167,-0.06594,-79.337,0.120,0.0,NaN
4.2333,-0.05859,-78.863,0.129,0.0,NaN
4.2500,-0.04996,-78.400,0.134,0.0,NaN
4.2667,-0.04025,-77.952,0.135,0.0,NaN
4.2833,-0.02965,-77.517,0.133,0.0,NaN
4.3000,-0.01839,-77.097,0.126,0.0,NaN
4.3167,-0.00669,-76.689,0.117,0.0,NaN
4.3333,0.00520,-76.291,0.105,0.0,NaN
4.3500,0.01705,-75.905,0.091,0.0,NaN
4.3667,0.02862,-75.525,0.078,0.0,NaN
4.3833,0.03971,-75.149,0.065,0.0,NaN
4.4000,0.05014,-74.775,0.053,0.0,NaN
4.4167,0.05975,-74.401,0.042,0.0,NaN
4.4333,0.06840,-74.024,0.032,0.0,NaN
4.4500,0.07598,-73.646,0.020,0.0,NaN
4.4667,0.08238,-73.266,0.007,0.0,NaN
4.4833,0.08753,-72.885,-0.008,0.0,NaN
4.5000,0.09137,-72.502,-0.026,0.0,NaN
4.5167,0.09385,-72.118,-0.043,0.0,NaN
4.5333,0.09495,-71.734,-0.061,0.0,NaN
4.5500,0.09467,-71.350,-0.077,0.0,NaN
4.5667,0.09302,-70.965,-0.091,0.0,NaN
4.5833,0.09005,-70.577,-0.103,0.0,NaN
4.6000,0.08583,-70.186,-0.112,0.0,NaN
4.6167,0.08046,-69.793,-0.121,0.0,NaN
4.6333,0.07408,-69.396,-0.128,0.0,NaN
4.6500,0.06685,-68.998,-0.134,0.0,NaN
4.6667,0.05895,-68.600,-0.139,0.0,NaN
4.6833,0.05058,-68.203,-0.142,0.0,NaN
4.7000,0.04195,-67.810,-0.142,0.0,NaN
4.7167,0.03328,-67.423,-0.138,0.0,NaN
4.7333,0.02476,-67.043,-0.132,0.0,NaN
4.7500,0.01657,-66.670,-0.122,0.0,NaN
4.7667,0.00887,-66.306,-0.110,0.0,NaN
4.7833,0.00178,-65.949,-0.097,0.0,NaN
4.8000,-0.00458,-65.601,-0.084,0.0,NaN
4.8167,-0.01013,-65.262,-0.070,0.0,NaN
4.8333,-0.01483,-64.932,-0.056,0.0,NaN
4.8500,-0.01872,-64.611,-0.042,0.0,NaN
4.8667,-0.02183,-64.300,-0.028,0.0,NaN
4.8833,-0.02421,-64.000,-0.017,0.0,NaN
4.9000,-0.02595,-63.709,-0.004,0.0,NaN
4.9167,-0.02700,-63.425,0.015,0.0,NaN
4.9333,-0.02722,-63.146,0.033,0.0,NaN
4.9500,-0.02646,-62.873,0.050,0.0,NaN
4.9667,-0.02468,-62.605,0.071,0.0,NaN
4.9833,-0.02189,-62.345,0.091,0.0,NaN
5.0000,-0.01810,-62.095,0.109,0.0,NaN
5.0167,-0.01337,-61.856,0.128,0.0,NaN
5.0333,-0.00776,-61.627,0.147,0.0,NaN
5.0500,-0.00134,-61.409,0.162,0.0,NaN
5.0667,0.00581,-61.200,0.176,0.0,NaN
5.0833,0.01358,-60.998,0.187,0.0,NaN
5.1000,0.02186,-60.802,0.191,0.0,NaN
5.1167,0.03052,-60.613,0.189,0.0,NaN
5.1333,0.03940,-60.429,0.186,0.0,NaN
5.1500,0.04833,-60.251,0.181,0.0,NaN
5.1667,0.05714,-60.081,0.173,0.0,NaN
5.1833,0.06563,-59.917,0.163,0.0,NaN
5.2000,0.07365,-59.760,0.153,0.0,NaN
5.2167,0.08102,-59.606,0.138,0.0,NaN
5.2333,0.08761,-59.454,0.119,0.0,NaN
5.2500,0.09327,-59.303,0.097,0.0,NaN
5.2667,0.09793,-59.152,0.073,0.0,NaN
5.2833,0.10149,-59.002,0.046,0.0,NaN
5.3000,0.10391,-58.852,0.021,0.0,NaN
5.3167,0.10515,-58.703,-0.000,0.0,NaN
5.3333,0.10519,-58.554,-0.018,0.0,NaN
5.3500,0.10402,-58.406,-0.031,0.0,NaN
5.3667,0.10169,-58.258,-0.042,0.0,NaN
5.3833,0.09827,-58.108,-0.053,0.0,NaN
5.4000,0.09385,-57.957,-0.065,0.0,NaN
5.4167,0.08854,-57.804,-0.080,0.0,NaN
5.4333,0.08246,-57.652,-0.096,0.0,NaN
5.4500,0.07576,-57.503,-0.112,0.0,NaN
5.4667,0.06861,-57.359,-0.126,0.0,NaN
5.4833,0.06115,-57.221,-0.137,0.0,NaN
5.5000,0.05356,-57.089,-0.143,0.0,NaN
5.5167,0.04600,-56.963,-0.145,0.0,NaN
5.5333,0.03861,-56.843,-0.144,0.0,NaN
5.5500,0.03152,-56.730,-0.141,0.0,NaN
5.5667,0.02484,-56.623,-0.138,0.0,NaN
5.5833,0.01865,-56.522,-0.135,0.0,NaN
5.6000,0.01303,-56.430,-0.131,0.0,NaN
5.6167,0.00803,-56.347,-0.125,0.0,NaN
5.6333,0.00369,-56.274,-0.115,0.0,NaN
5.6500,0.00003,-56.209,-0.101,0.0,NaN
5.6667,-0.00296,-56.152,-0.083,0.0,NaN
5.6833,-0.00532,-56.100,-0.061,0.0,NaN
5.7000,-0.00701,-56.052,-0.039,0.0,NaN
5.7167,-0.00800,-56.009,-0.017,0.0,NaN
5.7333,-0.00824,-55.971,0.003,0.0,NaN
5.7500,-0.00773,-55.939,0.020,0.0,NaN
5.7667,-0.00647,-55.914,0.036,0.0,NaN
5.7833,-0.00450,-55.898,0.050,0.0,NaN
5.8000,-0.00183,-55.893,0.062,0.0,NaN
5.8167,0.00151,-55.896,0.074,0.0,NaN
5.8333,0.00548,-55.907,0.085,0.0,NaN
5.8500,0.01002,-55.924,0.095,0.0,NaN
5.8667,0.01509,-55.947,0.103,0.0,NaN
5.8833,0.02061,-55.974,0.109,0.0,NaN
5.9000,0.02651,-56.007,0.114,0.0,NaN
5.9167,0.03271,-56.046,0.119,0.0,NaN
5.9333,0.03911,-56.091,0.122,0.0,NaN
5.9500,0.04562,-56.143,0.126,0.0,NaN
5.9667,0.05212,-56.203,0.128,0.0,NaN
5.9833,0.05849,-56.269,0.129,0.0,NaN
6.0000,0.06463,-56.340,0.127,0.0,NaN
6.0167,0.07041,-56.414,0.122,0.0,NaN
6.0333,0.07572,-56.490,0.116,0.0,NaN
6.0500,0.08047,-56.567,0.107,0.0,NaN
6.0667,0.08457,-56.645,0.097,0.0,NaN
6.0833,0.08793,-56.723,0.085,0.0,NaN
6.1000,0.09049,-56.802,0.072,0.0,NaN
6.1167,0.09220,-56.880,0.057,0.0,NaN
6.1333,0.09302,-56.959,0.041,0.0,NaN
6.1500,0.09293,-57.037,0.023,0.0,NaN
6.1667,0.09187,-57.114,0.002,0.0,NaN
6.1833,0.08985,-57.190,-0.020,0.0,NaN
6.2000,0.08696,-57.265,-0.039,0.0,NaN
6.2167,0.08326,-57.340,-0.056,0.0,NaN
6.2333,0.07883,-57.416,-0.069,0.0,NaN
6.2500,0.07376,-57.493,-0.080,0.0,NaN
6.2667,0.06816,-57.571,-0.088,0.0,NaN
6.2833,0.06215,-57.652,-0.095,0.0,NaN
6.3000,0.05585,-57.736,-0.104,0.0,NaN
6.3167,0.04939,-57.821,-0.110,0.0,NaN
6.3333,0.04289,-57.910,-0.114,0.0,NaN
6.3500,0.03649,-58.003,-0.116,0.0,NaN
6.3667,0.03028,-58.100,-0.116,0.0,NaN
6.3833,0.02437,-58.205,-0.113,0.0,NaN
6.4000,0.01885,-58.316,-0.108,0.0,NaN
6.4167,0.01379,-58.433,-0.103,0.0,NaN
6.4333,0.00924,-58.558,-0.098,0.0,NaN
6.4500,0.00525,-58.687,-0.092,0.0,NaN
6.4667,0.00176,-58.821,-0.088,0.0,NaN
6.4833,-0.00124,-58.958,-0.082,0.0,NaN
6.5000,-0.00374,-59.095,-0.075,0.0,NaN
6.5167,-0.00568,-59.234,-0.065,0.0,NaN
6.5333,-0.00699,-59.374,-0.052,0.0,NaN
6.5500,-0.00759,-59.519,-0.037,0.0,NaN
6.5667,-0.00746,-59.671,-0.022,0.0,NaN
6.5833,-0.00660,-59.829,-0.007,0.0,NaN
6.6000,-0.00503,-59.996,0.008,0.0,NaN
6.6167,-0.00277,-60.170,0.024,0.0,NaN
6.6333,0.00015,-60.350,0.039,0.0,NaN
6.6500,0.00369,-60.533,0.053,0.0,NaN
6.6667,0.00779,-60.718,0.068,0.0,NaN
6.6833,0.01240,-60.906,0.081,0.0,NaN
6.7000,0.01744,-61.096,0.091,0.0,NaN
6.7167,0.02283,-61.288,0.098,0.0,NaN
6.7333,0.02849,-61.485,0.103,0.0,NaN
6.7500,0.03429,-61.685,0.106,0.0,NaN
6.7667,0.04013,-61.890,0.107,0.0,NaN
6.7833,0.04589,-62.099,0.107,0.0,NaN
6.8000,0.05144,-62.309,0.106,0.0,NaN
6.8167,0.05665,-62.521,0.104,0.0,NaN
6.8333,0.06141,-62.731,0.099,0.0,NaN
6.8500,0.06560,-62.941,0.092,0.0,NaN
6.8667,0.06913,-63.149,0.083,0.0,NaN
6.8833,0.07190,-63.355,0.072,0.0,NaN
6.9000,0.07386,-63.559,0.061,0.0,NaN
6.9167,0.07493,-63.761,0.051,0.0,NaN
6.9333,0.07510,-63.961,0.043,0.0,NaN
6.9500,0.07434,-64.159,0.036,0.0,NaN
6.9667,0.07266,-64.354,0.030,0.0,NaN
6.9833,0.07009,-64.547,0.023,0.0,NaN
7.0000,0.06670,-64.738,0.013,0.0,NaN
7.0167,0.06255,-64.928,0.002,0.0,NaN
7.0333,0.05774,-65.117,-0.011,0.0,NaN
7.0500,0.05237,-65.305,-0.025,0.0,NaN
7.0667,0.04657,-65.492,-0.038,0.0,NaN
7.0833,0.04046,-65.678,-0.050,0.0,NaN
7.1000,0.03417,-65.863,-0.061,0.0,NaN
7.1167,0.02782,-66.048,-0.069,0.0,NaN
7.1333,0.02152,-66.232,-0.075,0.0,NaN
7.1500,0.01538,-66.418,-0.080,0.0,NaN
7.1667,0.00950,-66.607,-0.085,0.0,NaN
7.1833,0.00393,-66.799,-0.090,0.0,NaN
7.2000,-0.00123,-66.998,-0.093,0.0,NaN
7.2167,-0.00594,-67.201,-0.095,0.0,NaN
7.2333,-0.01014,-67.410,-0.093,0.0,NaN
7.2500,-0.01383,-67.623,-0.089,0.0,NaN
7.2667,-0.01705,-67.839,-0.082,0.0,NaN
7.2833,-0.01981,-68.055,-0.074,0.0,NaN
7.3000,-0.02207,-68.273,-0.064,0.0,NaN
7.3167,-0.02372,-68.492,-0.053,0.0,NaN
7.3333,-0.02469,-68.715,-0.042,0.0,NaN
7.3500,-0.02493,-68.943,-0.031,0.0,NaN
7.3667,-0.02445,-69.179,-0.021,0.0,NaN
7.3833,-0.02327,-69.424,-0.011,0.0,NaN
7.4000,-0.02141,-69.676,-0.002,0.0,NaN
7.4167,-0.01893,-69.935,0.006,0.0,NaN
7.4333,-0.01585,-70.197,0.015,0.0,NaN
7.4500,-0.01226,-70.461,0.025,0.0,NaN
7.4667,-0.00822,-70.726,0.035,0.0,NaN
7.4833,-0.00382,-70.994,0.044,0.0,NaN
7.5000,0.00086,-71.263,0.052,0.0,NaN
7.5167,0.00570,-71.535,0.059,0.0,NaN
7.5333,0.01060,-71.810,0.066,0.0,NaN
7.5500,0.01545,-72.088,0.071,0.0,NaN
7.5667,0.02014,-72.369,0.075,0.0,NaN
7.5833,0.02457,-72.651,0.077,0.0,NaN
7.6000,0.02863,-72.931,0.079,0.0,NaN
7.6167,0.03223,-73.209,0.079,0.0,NaN
7.6333,0.03529,-73.484,0.079,0.0,NaN
7.6500,0.03772,-73.755,0.077,0.0,NaN
7.6667,0.03947,-74.023,0.074,0.0,NaN
7.6833,0.04047,-74.288,0.070,0.0,NaN
7.7000,0.04070,-74.550,0.064,0.0,NaN
7.7167,0.04012,-74.810,0.056,0.0,NaN
7.7333,0.03873,-75.067,0.048,0.0,NaN
7.7500,0.03653,-75.322,0.040,0.0,NaN
7.7667,0.03354,-75.573,0.031,0.0,NaN
7.7833,0.02982,-75.822,0.022,0.0,NaN
7.8000,0.02541,-76.068,0.014,0.0,NaN
7.8167,0.02037,-76.313,0.007,0.0,NaN
7.8333,0.01481,-76.558,-0.000,0.0,NaN
7.8500,0.00881,-76.803,-0.007,0.0,NaN
7.8667,0.00249,-77.048,-0.014,0.0,NaN
7.8833,-0.00402,-77.294,-0.022,0.0,NaN
7.9000,-0.01060,-77.541,-0.029,0.0,NaN
7.9167,-0.01712,-77.791,-0.036,0.0,NaN
7.9333,-0.02344,-78.042,-0.042,0.0,NaN
7.9500,-0.02943,-78.298,-0.047,0.0,NaN
7.9667,-0.03499,-78.558,-0.051,0.0,NaN
7.9833,-0.04001,-78.824,-0.055,0.0,NaN
8.0000,-0.04439,-79.096,-0.056,0.0,NaN
8.0167,-0.04812,-79.375,-0.057,0.0,NaN
8.0333,-0.05122,-79.657,-0.056,0.0,NaN
8.0500,-0.05367,-79.941,-0.055,0.0,NaN
8.0667,-0.05533,-80.227,-0.054,0.0,NaN
8.0833,-0.05607,-80.517,-0.050,0.0,NaN
8.1000,-0.05586,-80.810,-0.045,0.0,NaN
8.1167,-0.05471,-81.107,-0.038,0.0,NaN
8.1333,-0.05265,-81.410,-0.029,0.0,NaN
8.1500,-0.04973,-81.720,-0.019,0.0,NaN
8.1667,-0.04603,-82.035,-0.009,0.0,NaN
8.1833,-0.04165,-82.354,0.001,0.0,NaN
8.2000,-0.03670,-82.675,0.011,0.0,NaN
8.2167,-0.03132,-82.997,0.020,0.0,NaN
8.2333,-0.02567,-83.321,0.029,0.0,NaN
8.2500,-0.01991,-83.643,0.036,0.0,NaN
8.2667,-0.01420,-83.966,0.042,0.0,NaN
8.2833,-0.00872,-84.290,0.046,0.0,NaN
8.3000,-0.00363,-84.613,0.050,0.0,NaN
8.3167,0.00093,-84.937,0.052,0.0,NaN
8.3333,0.00482,-85.261,0.054,0.0,NaN
8.3500,0.00793,-85.583,0.055,0.0,NaN
8.3667,0.01016,-85.902,0.055,0.0,NaN
8.3833,0.01144,-86.216,0.054,0.0,NaN
8.4000,0.01174,-86.527,0.052,0.0,NaN
8.4167,0.01102,-86.834,0.050,0.0,NaN
8.4333,0.00930,-87.138,0.048,0.0,NaN
8.4500,0.00659,-87.439,0.045,0.0,NaN
8.4667,0.00295,-87.739,0.043,0.0,NaN
8.4833,-0.00153,-88.037,0.040,0.0,NaN
8.5000,-0.00675,-88.333,0.037,0.0,NaN
8.5167,-0.01256,-88.628,0.034,0.0,NaN
8.5333,-0.01880,-88.920,0.029,0.0,NaN
8.5500,-0.02527,-89.210,0.023,0.0,NaN
8.5667,-0.03179,-89.498,0.016,0.0,NaN
8.5833,-0.03816,-89.784,0.008,0.0,NaN
8.6000,-0.04418,-89.930,-0.001,0.0,NaN
8.6167,-0.04968,-89.646,-0.010,0.0,NaN
8.6333,-0.05451,-89.363,-0.019,0.0,NaN
8.6500,-0.05854,-89.082,-0.028,0.0,NaN
8.6667,-0.06170,-88.804,-0.035,0.0,NaN
8.6833,-0.06404,-88.529,-0.042,0.0,NaN
8.7000,-0.06548,-88.258,-0.048,0.0,NaN
8.7167,-0.06589,-87.988,-0.052,0.0,NaN
8.7333,-0.06528,-87.720,-0.055,0.0,NaN
8.7500,-0.06372,-87.452,-0.057,0.0,NaN
8.7667,-0.06121,-87.185,-0.057,0.0,NaN
8.7833,-0.05779,-86.917,-0.054,0.0,NaN
8.8000,-0.05359,-86.651,-0.049,0.0,NaN
8.8167,-0.04870,-86.387,-0.042,0.0,NaN
8.8333,-0.04329,-86.128,-0.034,0.0,NaN
8.8500,-0.03750,-85.876,-0.025,0.0,NaN
8.8667,-0.03153,-85.629,-0.016,0.0,NaN
8.8833,-0.02555,-85.390,-0.008,0.0,NaN
8.9000,-0.01974,-85.156,0.001,0.0,NaN
8.9167,-0.01429,-84.928,0.009,0.0,NaN
8.9333,-0.00935,-84.704,0.017,0.0,NaN
8.9500,-0.00506,-84.483,0.024,0.0,NaN
8.9667,-0.00156,-84.267,0.031,0.0,NaN
8.9833,0.00106,-84.056,0.037,0.0,NaN
9.0000,0.00273,-83.852,0.041,0.0,NaN
9.0167,0.00340,-83.654,0.044,0.0,NaN
9.0333,0.00303,-83.464,0.045,0.0,NaN
9.0500,0.00164,-83.281,0.047,0.0,NaN
9.0667,-0.00072,-83.102,0.049,0.0,NaN
9.0833,-0.00400,-82.930,0.051,0.0,NaN
9.1000,-0.00812,-82.763,0.052,0.0,NaN
9.1167,-0.01297,-82.602,0.053,0.0,NaN
9.1333,-0.01841,-82.446,0.052,0.0,NaN
9.1500,-0.02430,-82.296,0.048,0.0,NaN
9.1667,-0.03048,-82.152,0.042,0.0,NaN
9.1833,-0.03680,-82.014,0.034,0.0,NaN
9.2000,-0.04309,-81.882,0.025,0.0,NaN
9.2167,-0.04920,-81.753,0.016,0.0,NaN
9.2333,-0.05500,-81.629,0.006,0.0,NaN
9.2500,-0.06035,-81.508,-0.003,0.0,NaN
9.2667,-0.06515,-81.389,-0.013,0.0,NaN
9.2833,-0.06929,-81.273,-0.023,0.0,NaN
9.3000,-0.07270,-81.159,-0.032,0.0,NaN
9.3167,-0.07533,-81.046,-0.042,0.0,NaN
9.3333,-0.07718,-80.934,-0.051,0.0,NaN
9.3500,-0.07828,-80.825,-0.057,0.0,NaN
9.3667,-0.07859,-80.716,-0.061,0.0,NaN
9.3833,-0.07804,-80.606,-0.064,0.0,NaN
9.4000,-0.07664,-80.495,-0.063,0.0,NaN
9.4167,-0.07442,-80.384,-0.060,0.0,NaN
9.4333,-0.07144,-80.273,-0.055,0.0,NaN
9.4500,-0.06776,-80.164,-0.048,0.0,NaN
9.4667,-0.06349,-80.056,-0.040,0.0,NaN
9.4833,-0.05872,-79.953,-0.031,0.0,NaN
9.5000,-0.05358,-79.855,-0.022,0.0,NaN
9.5167,-0.04820,-79.761,-0.013,0.0,NaN
9.5333,-0.04269,-79.671,-0.005,0.0,NaN
9.5500,-0.03722,-79.586,0.003,0.0,NaN
9.5667,-0.03190,-79.504,0.011,0.0,NaN
9.5833,-0.02688,-79.426,0.019,0.0,NaN
9.6000,-0.02228,-79.353,0.026,0.0,NaN
9.6167,-0.01822,-79.285,0.033,0.0,NaN
9.6333,-0.01478,-79.223,0.040,0.0,NaN
9.6500,-0.01205,-79.168,0.044,0.0,NaN
9.6667,-0.01010,-79.120,0.047,0.0,NaN
9.6833,-0.00898,-79.080,0.049,0.0,NaN
9.7000,-0.00870,-79.048,0.051,0.0,NaN
9.7167,-0.00929,-79.021,0.051,0.0,NaN
9.7333,-0.01074,-79.001,0.050,0.0,NaN
9.7500,-0.01302,-78.986,0.050,0.0,NaN
9.7667,-0.01607,-78.976,0.049,0.0,NaN
9.7833,-0.01982,-78.971,0.047,0.0,NaN
9.8000,-0.02420,-78.971,0.043,0.0,NaN
9.8167,-0.02910,-78.976,0.036,0.0,NaN
9.8333,-0.03439,-78.986,0.027,0.0,NaN
9.8500,-0.03996,-79.001,0.017,0.0,NaN
9.8667,-0.04566,-79.020,0.006,0.0,NaN
9.8833,-0.05136,-79.044,-0.006,0.0,NaN
9.9000,-0.05693,-79.071,-0.017,0.0,NaN
9.9167,-0.06224,-79.100,-0.027,0.0,NaN
9.9333,-0.06717,-79.131,-0.035,0.0,NaN
9.9500,-0.07161,-79.163,-0.042,0.0,NaN
9.9667,-0.07547,-79.195,-0.048,0.0,NaN
9.9833,-0.07868,-79.227,-0.052,0.0,NaN
10.0000,-0.08115,-79.257,-0.054,0.0,NaN
10.0167,-0.08288,-79.286,-0.056,0.0,NaN
10.0333,-0.08393,-79.314,-0.057,0.0,NaN
10.0500,-0.08421,-79.342,-0.055,0.0,NaN
10.0667,-0.08366,-79.367,-0.051,0.0,NaN
10.0833,-0.08229,-79.391,-0.048,0.0,NaN
10.1000,-0.08013,-79.414,-0.043,0.0,NaN
10.1167,-0.07721,-79.438,-0.037,0.0,NaN
10.1333,-0.07361,-79.462,-0.030,0.0,NaN
10.1500,-0.06940,-79.486,-0.024,0.0,NaN
10.1667,-0.06468,-79.510,-0.016,0.0,NaN
10.1833,-0.05956,-79.536,-0.009,0.0,NaN
10.2000,-0.05415,-79.562,-0.002,0.0,NaN
10.2167,-0.04858,-79.589,0.005,0.0,NaN
10.2333,-0.04298,-79.618,0.010,0.0,NaN
10.2500,-0.03747,-79.651,0.016,0.0,NaN
10.2667,-0.03221,-79.687,0.022,0.0,NaN
10.2833,-0.02730,-79.728,0.028,0.0,NaN
10.3000,-0.02286,-79.774,0.035,0.0,NaN
10.3167,-0.01901,-79.825,0.041,0.0,NaN
10.3333,-0.01583,-79.880,0.046,0.0,NaN
10.3500,-0.01338,-79.939,0.050,0.0,NaN
10.3667,-0.01174,-80.002,0.051,0.0,NaN
10.3833,-0.01093,-80.070,0.051,0.0,NaN
10.4000,-0.01099,-80.142,0.048,0.0,NaN
10.4167,-0.01190,-80.219,0.045,0.0,NaN
10.4333,-0.01366,-80.301,0.041,0.0,NaN
10.4500,-0.01621,-80.388,0.036,0.0,NaN
10.4667,-0.01949,-80.479,0.030,0.0,NaN
10.4833,-0.02343,-80.574,0.023,0.0,NaN
10.5000,-0.02792,-80.672,0.015,0.0,NaN
10.5167,-0.03284,-80.773,0.005,0.0,NaN
10.5333,-0.03806,-80.877,-0.005,0.0,NaN
10.5500,-0.04346,-80.982,-0.016,0.0,NaN
10.5667,-0.04890,-81.090,-0.025,0.0,NaN
10.5833,-0.05422,-81.200,-0.033,0.0,NaN
10.6000,-0.05932,-81.310,-0.039,0.0,NaN
10.6167,-0.06405,-81.421,-0.043,0.0,NaN
10.6333,-0.06833,-81.532,-0.044,0.0,NaN
10.6500,-0.07204,-81.642,-0.044,0.0,NaN
10.6667,-0.07511,-81.750,-0.043,0.0,NaN
10.6833,-0.07747,-81.855,-0.041,0.0,NaN
10.7000,-0.07908,-81.959,-0.038,0.0,NaN
10.7167,-0.07997,-82.061,-0.035,0.0,NaN
10.7333,-0.08011,-82.162,-0.032,0.0,NaN
10.7500,-0.07943,-82.261,-0.028,0.0,NaN
10.7667,-0.07794,-82.357,-0.024,0.0,NaN
10.7833,-0.07565,-82.452,-0.019,0.0,NaN
10.8000,-0.07262,-82.545,-0.013,0.0,NaN
10.8167,-0.06891,-82.636,-0.006,0.0,NaN
10.8333,-0.06460,-82.724,0.001,0.0,NaN
10.8500,-0.05978,-82.811,0.008,0.0,NaN
10.8667,-0.05455,-82.899,0.015,0.0,NaN
10.8833,-0.04904,-82.987,0.020,0.0,NaN
10.9000,-0.04338,-83.077,0.024,0.0,NaN
10.9167,-0.03771,-83.169,0.028,0.0,NaN
10.9333,-0.03216,-83.263,0.031,0.0,NaN
10.9500,-0.02689,-83.358,0.034,0.0,NaN
10.9667,-0.02203,-83.455,0.037,0.0,NaN
10.9833,-0.01771,-83.553,0.039,0.0,NaN
11.0000,-0.01406,-83.653,0.040,0.0,NaN
11.0167,-0.01118,-83.755,0.040,0.0,NaN
11.0333,-0.00914,-83.859,0.037,0.0,NaN
11.0500,-0.00800,-83.967,0.032,0.0,NaN
11.0667,-0.00780,-84.078,0.026,0.0,NaN
11.0833,-0.00855,-84.191,0.019,0.0,NaN
11.1000,-0.01022,-84.307,0.012,0.0,NaN
11.1167,-0.01277,-84.423,0.005,0.0,NaN
11.1333,-0.01614,-84.541,-0.001,0.0,NaN
11.1500,-0.02021,-84.660,-0.006,0.0,NaN
11.1667,-0.02489,-84.779,-0.011,0.0,NaN
11.1833,-0.03002,-84.899,-0.015,0.0,NaN
11.2000,-0.03545,-85.020,-0.019,0.0,NaN
11.2167,-0.04103,-85.143,-0.024,0.0,NaN
11.2333,-0.04659,-85.266,-0.028,0.0,NaN
11.2500,-0.05197,-85.390,-0.031,0.0,NaN
11.2667,-0.05704,-85.514,-0.033,0.0,NaN
11.2833,-0.06166,-85.636,-0.033,0.0,NaN
11.3000,-0.06572,-85.756,-0.031,0.0,NaN
11.3167,-0.06912,-85.874,-0.029,0.0,NaN
11.3333,-0.07179,-85.989,-0.025,0.0,NaN
11.3500,-0.07368,-86.101,-0.022,0.0,NaN
11.3667,-0.07483,-86.210,-0.018,0.0,NaN
11.3833,-0.07523,-86.317,-0.016,0.0,NaN
11.4000,-0.07479,-86.422,-0.014,0.0,NaN
11.4167,-0.07349,-86.523,-0.012,0.0,NaN
11.4333,-0.07135,-86.622,-0.009,0.0,NaN
11.4500,-0.06842,-86.718,-0.004,0.0,NaN
11.4667,-0.06474,-86.813,0.002,0.0,NaN
11.4833,-0.06041,-86.903,0.008,0.0,NaN
11.5000,-0.05552,-86.992,0.014,0.0,NaN
11.5167,-0.05020,-87.079,0.020,0.0,NaN
11.5333,-0.04459,-87.166,0.024,0.0,NaN
11.5500,-0.03885,-87.252,0.027,0.0,NaN
11.5667,-0.03314,-87.337,0.028,0.0,NaN
11.5833,-0.02763,-87.422,0.028,0.0,NaN
11.6000,-0.02249,-87.506,0.027,0.0,NaN
11.6167,-0.01787,-87.590,0.026,0.0,NaN
11.6333,-0.01392,-87.673,0.025,0.0,NaN
11.6500,-0.01075,-87.757,0.023,0.0,NaN
11.6667,-0.00845,-87.840,0.021,0.0,NaN
11.6833,-0.00710,-87.924,0.018,0.0,NaN
11.7000,-0.00674,-88.009,0.013,0.0,NaN
11.7167,-0.00738,-88.094,0.008,0.0,NaN
11.7333,-0.00902,-88.178,0.002,0.0,NaN
11.7500,-0.01159,-88.262,-0.003,0.0,NaN
11.7667,-0.01503,-88.346,-0.007,0.0,NaN
11.7833,-0.01924,-88.428,-0.011,0.0,NaN
11.8000,-0.02407,-88.509,-0.012,0.0,NaN
11.8167,-0.02939,-88.589,-0.013,0.0,NaN
11.8333,-0.03503,-88.668,-0.014,0.0,NaN
11.8500,-0.04080,-88.747,-0.014,0.0,NaN
11.8667,-0.04655,-88.824,-0.015,0.0,NaN
11.8833,-0.05209,-88.900,-0.016,0.0,NaN
11.9000,-0.05727,-88.973,-0.017,0.0,NaN
11.9167,-0.06195,-89.043,-0.018,0.0,NaN
11.9333,-0.06601,-89.110,-0.018,0.0,NaN
11.9500,-0.06935,-89.173,-0.017,0.0,NaN
11.9667,-0.07191,-89.232,-0.016,0.0,NaN
11.9833,-0.07367,-89.288,-0.015,0.0,NaN
12.0000,-0.07466,-89.340,-0.014,0.0,NaN
12.0167,-0.07479,-89.390,-0.012,0.0,NaN
12.0333,-0.07401,-89.436,-0.010,0.0,NaN
12.0500,-0.07233,-89.480,-0.008,0.0,NaN
12.0667,-0.06979,-89.520,-0.005,0.0,NaN
12.0833,-0.06644,-89.558,-0.001,0.0,NaN
12.1000,-0.06238,-89.591,0.004,0.0,NaN
12.1167,-0.05770,-89.619,0.008,0.0,NaN
12.1333,-0.05253,-89.644,0.012,0.0,NaN
12.1500,-0.04700,-89.667,0.016,0.0,NaN
12.1667,-0.04128,-89.688,0.019,0.0,NaN
12.1833,-0.03553,-89.707,0.020,0.0,NaN
12.2000,-0.02994,-89.725,0.021,0.0,NaN
12.2167,-0.02466,-89.741,0.021,0.0,NaN
12.2333,-0.01986,-89.757,0.021,0.0,NaN
12.2500,-0.01570,-89.772,0.019,0.0,NaN
12.2667,-0.01229,-89.786,0.017,0.0,NaN
12.2833,-0.00975,-89.798,0.014,0.0,NaN
12.3000,-0.00815,-89.810,0.011,0.0,NaN
12.3167,-0.00754,-89.822,0.007,0.0,NaN
12.3333,-0.00794,-89.833,0.003,0.0,NaN
12.3500,-0.00935,-89.844,-0.001,0.0,NaN
12.3667,-0.01173,-89.854,-0.003,0.0,NaN
12.3833,-0.01501,-89.862,-0.005,0.0,NaN
12.4000,-0.01909,-89.870,-0.006,0.0,NaN
12.4167,-0.02385,-89.876,-0.006,0.0,NaN
12.4333,-0.02914,-89.881,-0.006,0.0,NaN
12.4500,-0.03479,-89.884,-0.006,0.0,NaN
12.4667,-0.04064,-89.887,-0.006,0.0,NaN
12.4833,-0.04650,-89.887,-0.007,0.0,NaN
12.5000,-0.05219,-89.886,-0.007,0.0,NaN
12.5167,-0.05757,-89.883,-0.008,0.0,NaN
12.5333,-0.06249,-89.876,-0.008,0.0,NaN
12.5500,-0.06681,-89.866,-0.009,0.0,NaN
12.5667,-0.07045,-89.852,-0.009,0.0,NaN
12.5833,-0.07330,-89.834,-0.009,0.0,NaN
12.6000,-0.07535,-89.813,-0.009,0.0,NaN
12.6167,-0.07659,-89.788,-0.009,0.0,NaN
12.6333,-0.07693,-89.761,-0.009,0.0,NaN
12.6500,-0.07636,-89.730,-0.009,0.0,NaN
12.6667,-0.07490,-89.698,-0.007,0.0,NaN
12.6833,-0.07257,-89.662,-0.005,0.0,NaN
12.7000,-0.06944,-89.623,-0.002,0.0,NaN
12.7167,-0.06557,-89.580,0.002,0.0,NaN
12.7333,-0.06107,-89.533,0.006,0.0,NaN
12.7500,-0.05605,-89.482,0.010,0.0,NaN
12.7667,-0.05065,-89.430,0.013,0.0,NaN
12.7833,-0.04501,-89.376,0.015,0.0,NaN
12.8000,-0.03930,-89.322,0.016,0.0,NaN
12.8167,-0.03368,-89.267,0.016,0.0,NaN
12.8333,-0.02834,-89.212,0.016,0.0,NaN
12.8500,-0.02344,-89.158,0.015,0.0,NaN
12.8667,-0.01912,-89.102,0.014,0.0,NaN
12.8833,-0.01553,-89.047,0.012,0.0,NaN
12.9000,-0.01277,-88.990,0.010,0.0,NaN
12.9167,-0.01093,-88.934,0.007,0.0,NaN
12.9333,-0.01006,-88.877,0.005,0.0,NaN
12.9500,-0.01021,-88.822,0.002,0.0,NaN
12.9667,-0.01137,-88.767,-0.001,0.0,NaN
12.9833,-0.01351,-88.712,-0.003,0.0,NaN
13.0000,-0.01658,-88.657,-0.004,0.0,NaN
13.0167,-0.02047,-88.603,-0.004,0.0,NaN
13.0333,-0.02507,-88.548,-0.004,0.0,NaN
13.0500,-0.03024,-88.494,-0.003,0.0,NaN
13.0667,-0.03583,-88.439,-0.003,0.0,NaN
13.0833,-0.04165,-88.383,-0.003,0.0,NaN
13.1000,-0.04754,-88.328,-0.003,0.0,NaN
13.1167,-0.05333,-88.272,-0.004,0.0,NaN
13.1333,-0.05886,-88.214,-0.004,0.0,NaN
13.1500,-0.06398,-88.156,-0.005,0.0,NaN
13.1667,-0.06858,-88.094,-0.006,0.0,NaN
13.1833,-0.07254,-88.030,-0.007,0.0,NaN
13.2000,-0.07579,-87.964,-0.007,0.0,NaN
13.2167,-0.07827,-87.896,-0.007,0.0,NaN
13.2333,-0.07994,-87.825,-0.007,0.0,NaN
13.2500,-0.08076,-87.751,-0.006,0.0,NaN
13.2667,-0.08074,-87.675,-0.005,0.0,NaN
13.2833,-0.07986,-87.596,-0.004,0.0,NaN
13.3000,-0.07815,-87.515,-0.001,0.0,NaN
13.3167,-0.07566,-87.430,0.001,0.0,NaN
13.3333,-0.07243,-87.342,0.004,0.0,NaN
13.3500,-0.06854,-87.252,0.006,0.0,NaN
13.3667,-0.06408,-87.159,0.009,0.0,NaN
13.3833,-0.05915,-87.066,0.011,0.0,NaN
13.4000,-0.05388,-86.973,0.012,0.0,NaN
13.4167,-0.04841,-86.880,0.013,0.0,NaN
13.4333,-0.04289,-86.788,0.014,0.0,NaN
13.4500,-0.03748,-86.698,0.013,0.0,NaN
13.4667,-0.03234,-86.608,0.012,0.0,NaN
13.4833,-0.02761,-86.519,0.010,0.0,NaN
13.5000,-0.02345,-86.431,0.008,0.0,NaN
13.5167,-0.01998,-86.344,0.006,0.0,NaN
13.5333,-0.01731,-86.259,0.003,0.0,NaN
13.5500,-0.01552,-86.175,0.001,0.0,NaN
13.5667,-0.01466,-86.093,-0.000,0.0,NaN
13.5833,-0.01477,-86.013,-0.001,0.0,NaN
13.6000,-0.01585,-85.936,-0.002,0.0,NaN
13.6167,-0.01787,-85.860,-0.002,0.0,NaN
13.6333,-0.02078,-85.786,-0.003,0.0,NaN
13.6500,-0.02450,-85.714,-0.003,0.0,NaN
13.6667,-0.02890,-85.643,-0.003,0.0,NaN
13.6833,-0.03387,-85.574,-0.003,0.0,NaN
13.7000,-0.03927,-85.505,-0.004,0.0,NaN
13.7167,-0.04492,-85.438,-0.004,0.0,NaN
13.7333,-0.05069,-85.372,-0.004,0.0,NaN
13.7500,-0.05641,-85.307,-0.004,0.0,NaN
13.7667,-0.06195,-85.241,-0.005,0.0,NaN
13.7833,-0.06718,-85.176,-0.005,0.0,NaN
13.8000,-0.07199,-85.109,-0.005,0.0,NaN
13.8167,-0.07630,-85.041,-0.006,0.0,NaN
13.8333,-0.08001,-84.971,-0.006,0.0,NaN
13.8500,-0.08306,-84.899,-0.005,0.0,NaN
13.8667,-0.08541,-84.825,-0.004,0.0,NaN
13.8833,-0.08702,-84.747,-0.003,0.0,NaN
13.9000,-0.08786,-84.667,-0.001,0.0,NaN
13.9167,-0.08792,-84.583,0.001,0.0,NaN
13.9333,-0.08721,-84.497,0.004,0.0,NaN
13.9500,-0.08574,-84.407,0.006,0.0,NaN
13.9667,-0.08356,-84.314,0.008,0.0,NaN
13.9833,-0.08070,-84.218,0.010,0.0,NaN
14.0000,-0.07724,-84.122,0.011,0.0,NaN
14.0167,-0.07324,-84.024,0.011,0.0,NaN
14.0333,-0.06879,-83.925,0.012,0.0,NaN
14.0500,-0.06401,-83.826,0.011,0.0,NaN
14.0667,-0.05898,-83.727,0.010,0.0,NaN
14.0833,-0.05385,-83.628,0.009,0.0,NaN
14.1000,-0.04872,-83.530,0.008,0.0,NaN
14.1167,-0.04374,-83.433,0.006,0.0,NaN
14.1333,-0.03903,-83.338,0.004,0.0,NaN
14.1500,-0.03471,-83.245,0.002,0.0,NaN
14.1667,-0.03092,-83.154,0.001,0.0,NaN
14.1833,-0.02774,-83.067,-0.001,0.0,NaN
14.2000,-0.02527,-82.983,-0.002,0.0,NaN
14.2167,-0.02358,-82.902,-0.002,0.0,NaN
14.2333,-0.02273,-82.825,-0.003,0.0,NaN
14.2500,-0.02274,-82.750,-0.003,0.0,NaN
14.2667,-0.02361,-82.678,-0.003,0.0,NaN
14.2833,-0.02533,-82.608,-0.003,0.0,NaN
14.3000,-0.02786,-82.541,-0.003,0.0,NaN
14.3167,-0.03113,-82.476,-0.004,0.0,NaN
14.3333,-0.03506,-82.414,-0.004,0.0,NaN
14.3500,-0.03954,-82.354,-0.005,0.0,NaN
14.3667,-0.04447,-82.297,-0.005,0.0,NaN
14.3833,-0.04973,-82.241,-0.006,0.0,NaN
14.4000,-0.05517,-82.188,-0.006,0.0,NaN
14.4167,-0.06069,-82.135,-0.006,0.0,NaN
14.4333,-0.06616,-82.082,-0.006,0.0,NaN
14.4500,-0.07145,-82.030,-0.005,0.0,NaN
14.4667,-0.07646,-81.976,-0.004,0.0,NaN
14.4833,-0.08110,-81.921,-0.002,0.0,NaN
14.5000,-0.08527,-81.864,-0.001,0.0,NaN
14.5167,-0.08890,-81.805,0.001,0.0,NaN
14.5333,-0.09194,-81.743,0.003,0.0,NaN
14.5500,-0.09433,-81.679,0.005,0.0,NaN
14.5667,-0.09603,-81.611,0.007,0.0,NaN
14.5833,-0.09703,-81.540,0.008,0.0,NaN
14.6000,-0.09731,-81.465,0.010,0.0,NaN
14.6167,-0.09687,-81.388,0.011,0.0,NaN
14.6333,-0.09572,-81.307,0.011,0.0,NaN
14.6500,-0.09390,-81.223,0.011,0.0,NaN
14.6667,-0.09144,-81.136,0.010,0.0,NaN
14.6833,-0.08839,-81.047,0.009,0.0,NaN
14.7000,-0.08481,-80.956,0.008,0.0,NaN
14.7167,-0.08079,-80.863,0.007,0.0,NaN
14.7333,-0.07641,-80.768,0.005,0.0,NaN
14.7500,-0.07176,-80.673,0.004,0.0,NaN
14.7667,-0.06695,-80.577,0.003,0.0,NaN
14.7833,-0.06209,-80.482,0.002,0.0,NaN
14.8000,-0.05729,-80.388,0.001,0.0,NaN
14.8167,-0.05267,-80.296,0.000,0.0,NaN
14.8333,-0.04834,-80.205,-0.000,0.0,NaN
14.8500,-0.04441,-80.116,-0.001,0.0,NaN
14.8667,-0.04097,-80.030,-0.001,0.0,NaN
14.8833,-0.03812,-79.947,-0.002,0.0,NaN
14.9000,-0.03592,-79.866,-0.002,0.0,NaN
14.9167,-0.03443,-79.788,-0.003,0.0,NaN
14.9333,-0.03370,-79.714,-0.003,0.0,NaN
14.9500,-0.03375,-79.643,-0.004,0.0,NaN
14.9667,-0.03459,-79.575,-0.005,0.0,NaN
14.9833,-0.03620,-79.510,-0.005,0.0,NaN
15.0000,-0.03855,-79.448,-0.006,0.0,NaN
15.0167,-0.04159,-79.389,-0.006,0.0,NaN
15.0333,-0.04524,-79.333,-0.006,0.0,NaN
15.0500,-0.04941,-79.279,-0.006,0.0,NaN
15.0667,-0.05403,-79.227,-0.005,0.0,NaN
15.0833,-0.05897,-79.176,-0.004,0.0,NaN
15.1000,-0.06413,-79.127,-0.003,0.0,NaN
15.1167,-0.06939,-79.078,-0.001,0.0,NaN
15.1333,-0.07465,-79.029,0.001,0.0,NaN
15.1500,-0.07978,-78.980,0.003,0.0,NaN
15.1667,-0.08470,-78.931,0.004,0.0,NaN
15.1833,-0.08930,-78.879,0.006,0.0,NaN
15.2000,-0.09350,-78.826,0.007,0.0,NaN
15.2167,-0.09723,-78.771,0.008,0.0,NaN
15.2333,-0.10044,-78.713,0.009,0.0,NaN
15.2500,-0.10308,-78.651,0.009,0.0,NaN
15.2667,-0.10511,-78.586,0.009,0.0,NaN
15.2833,-0.10650,-78.518,0.008,0.0,NaN
15.3000,-0.10723,-78.445,0.007,0.0,NaN
15.3167,-0.10731,-78.368,0.007,0.0,NaN
15.3333,-0.10673,-78.288,0.006,0.0,NaN
15.3500,-0.10552,-78.203,0.005,0.0,NaN
15.3667,-0.10369,-78.115,0.005,0.0,NaN
15.3833,-0.10129,-78.024,0.004,0.0,NaN
15.4000,-0.09836,-77.930,0.004,0.0,NaN
15.4167,-0.09497,-77.834,0.004,0.0,NaN
15.4333,-0.09118,-77.736,0.004,0.0,NaN
15.4500,-0.08706,-77.637,0.004,0.0,NaN
15.4667,-0.08271,-77.536,0.004,0.0,NaN
15.4833,-0.07823,-77.434,0.004,0.0,NaN
15.5000,-0.07370,-77.333,0.003,0.0,NaN
15.5167,-0.06924,-77.231,0.003,0.0,NaN
15.5333,-0.06494,-77.131,0.002,0.0,NaN
15.5500,-0.06091,-77.033,0.001,0.0,NaN
15.5667,-0.05725,-76.936,0.000,0.0,NaN
15.5833,-0.05403,-76.843,-0.001,0.0,NaN
15.6000,-0.05135,-76.751,-0.002,0.0,NaN
15.6167,-0.04926,-76.663,-0.003,0.0,NaN
15.6333,-0.04782,-76.578,-0.004,0.0,NaN
15.6500,-0.04707,-76.495,-0.005,0.0,NaN
15.6667,-0.04702,-76.416,-0.005,0.0,NaN
15.6833,-0.04770,-76.339,-0.005,0.0,NaN
15.7000,-0.04908,-76.266,-0.005,0.0,NaN
15.7167,-0.05115,-76.196,-0.004,0.0,NaN
15.7333,-0.05386,-76.128,-0.003,0.0,NaN
15.7500,-0.05715,-76.063,-0.002,0.0,NaN
15.7667,-0.06096,-76.000,-0.001,0.0,NaN
15.7833,-0.06520,-75.939,0.000,0.0,NaN
15.8000,-0.06978,-75.880,0.001,0.0,NaN
15.8167,-0.07459,-75.822,0.002,0.0,NaN
15.8333,-0.07955,-75.765,0.003,0.0,NaN
15.8500,-0.08454,-75.708,0.004,0.0,NaN
15.8667,-0.08947,-75.651,0.004,0.0,NaN
15.8833,-0.09424,-75.594,0.004,0.0,NaN
15.9000,-0.09878,-75.534,0.004,0.0,NaN
15.9167,-0.10300,-75.474,0.004,0.0,NaN
15.9333,-0.10684,-75.410,0.004,0.0,NaN
15.9500,-0.11025,-75.344,0.003,0.0,NaN
15.9667,-0.11316,-75.275,0.003,0.0,NaN
15.9833,-0.11553,-75.202,0.003,0.0,NaN
16.0000,-0.11734,-75.125,0.003,0.0,NaN
16.0167,-0.11855,-75.044,0.004,0.0,NaN
16.0333,-0.11915,-74.959,0.004,0.0,NaN
16.0500,-0.11914,-74.870,0.005,0.0,NaN
16.0667,-0.11851,-74.777,0.005,0.0,NaN
16.0833,-0.11729,-74.681,0.005,0.0,NaN
16.1000,-0.11550,-74.581,0.006,0.0,NaN
16.1167,-0.11319,-74.479,0.006,0.0,NaN
16.1333,-0.11039,-74.374,0.006,0.0,NaN
16.1500,-0.10718,-74.266,0.006,0.0,NaN
16.1667,-0.10361,-74.157,0.005,0.0,NaN
16.1833,-0.09977,-74.046,0.005,0.0,NaN
16.2000,-0.09574,-73.933,0.004,0.0,NaN
16.2167,-0.09160,-73.820,0.003,0.0,NaN
16.2333,-0.08744,-73.706,0.002,0.0,NaN
16.2500,-0.08336,-73.593,0.001,0.0,NaN
16.2667,-0.07944,-73.480,0.000,0.0,NaN
16.2833,-0.07578,-73.369,-0.001,0.0,NaN
16.3000,-0.07245,-73.259,-0.001,0.0,NaN
16.3167,-0.06954,-73.152,-0.001,0.0,NaN
16.3333,-0.06712,-73.047,-0.001,0.0,NaN
16.3500,-0.06523,-72.945,-0.001,0.0,NaN
16.3667,-0.06393,-72.846,-0.001,0.0,NaN
16.3833,-0.06325,-72.749,-0.001,0.0,NaN
16.4000,-0.06322,-72.656,-0.001,0.0,NaN
16.4167,-0.06385,-72.565,-0.000,0.0,NaN
16.4333,-0.06512,-72.477,-0.000,0.0,NaN
16.4500,-0.06701,-72.392,0.000,0.0,NaN
16.4667,-0.06950,-72.309,0.000,0.0,NaN
16.4833,-0.07252,-72.228,-0.000,0.0,NaN
16.5000,-0.07602,-72.150,-0.000,0.0,NaN
16.5167,-0.07992,-72.073,-0.000,0.0,NaN
16.5333,-0.08414,-71.999,-0.001,0.0,NaN
16.5500,-0.08859,-71.926,-0.001,0.0,NaN
16.5667,-0.09317,-71.854,-0.001,0.0,NaN
16.5833,-0.09777,-71.782,-0.001,0.0,NaN
16.6000,-0.10231,-71.711,-0.000,0.0,NaN
16.6167,-0.10667,-71.640,-0.000,0.0,NaN
16.6333,-0.11078,-71.569,0.001,0.0,NaN
16.6500,-0.11455,-71.497,0.001,0.0,NaN
16.6667,-0.11791,-71.426,0.002,0.0,NaN
16.6833,-0.12081,-71.354,0.003,0.0,NaN
16.7000,-0.12318,-71.280,0.004,0.0,NaN
16.7167,-0.12497,-71.206,0.005,0.0,NaN
16.7333,-0.12616,-71.130,0.006,0.0,NaN
16.7500,-0.12673,-71.052,0.006,0.0,NaN
16.7667,-0.12666,-70.973,0.006,0.0,NaN
16.7833,-0.12595,-70.893,0.006,0.0,NaN
16.8000,-0.12464,-70.813,0.006,0.0,NaN
16.8167,-0.12274,-70.733,0.006,0.0,NaN
16.8333,-0.12030,-70.652,0.006,0.0,NaN
16.8500,-0.11737,-70.571,0.006,0.0,NaN
16.8667,-0.11402,-70.490,0.006,0.0,NaN
16.8833,-0.11034,-70.409,0.005,0.0,NaN
16.9000,-0.10639,-70.328,0.004,0.0,NaN
16.9167,-0.10228,-70.248,0.004,0.0,NaN
16.9333,-0.09810,-70.169,0.004,0.0,NaN
16.9500,-0.09395,-70.092,0.004,0.0,NaN
16.9667,-0.08993,-70.017,0.004,0.0,NaN
16.9833,-0.08615,-69.944,0.004,0.0,NaN
17.0000,-0.08268,-69.874,0.004,0.0,NaN
17.0167,-0.07963,-69.805,0.003,0.0,NaN
17.0333,-0.07705,-69.740,0.003,0.0,NaN
17.0500,-0.07502,-69.676,0.002,0.0,NaN
17.0667,-0.07359,-69.616,0.001,0.0,NaN
17.0833,-0.07278,-69.559,0.001,0.0,NaN
17.1000,-0.07264,-69.505,0.000,0.0,NaN
17.1167,-0.07315,-69.454,-0.000,0.0,NaN
17.1333,-0.07432,-69.407,-0.001,0.0,NaN
17.1500,-0.07611,-69.363,-0.002,0.0,NaN
17.1667,-0.07849,-69.322,-0.002,0.0,NaN
17.1833,-0.08139,-69.283,-0.003,0.0,NaN
17.2000,-0.08475,-69.246,-0.004,0.0,NaN
17.2167,-0.08849,-69.213,-0.004,0.0,NaN
17.2333,-0.09253,-69.182,-0.003,0.0,NaN
17.2500,-0.09676,-69.153,-0.003,0.0,NaN
17.2667,-0.10109,-69.128,-0.001,0.0,NaN
17.2833,-0.10541,-69.104,-0.000,0.0,NaN
17.3000,-0.10962,-69.081,0.001,0.0,NaN
17.3167,-0.11362,-69.060,0.001,0.0,NaN
17.3333,-0.11733,-69.040,0.002,0.0,NaN
17.3500,-0.12067,-69.022,0.003,0.0,NaN
17.3667,-0.12357,-69.004,0.004,0.0,NaN
17.3833,-0.12597,-68.987,0.006,0.0,NaN
17.4000,-0.12782,-68.971,0.007,0.0,NaN
17.4167,-0.12910,-68.956,0.008,0.0,NaN
17.4333,-0.12977,-68.941,0.008,0.0,NaN
17.4500,-0.12982,-68.926,0.009,0.0,NaN
17.4667,-0.12926,-68.910,0.009,0.0,NaN
17.4833,-0.12810,-68.895,0.008,0.0,NaN
17.5000,-0.12636,-68.880,0.008,0.0,NaN
17.5167,-0.12409,-68.865,0.008,0.0,NaN
17.5333,-0.12133,-68.852,0.008,0.0,NaN
17.5500,-0.11814,-68.839,0.009,0.0,NaN
17.5667,-0.11460,-68.828,0.008,0.0,NaN
17.5833,-0.11079,-68.817,0.008,0.0,NaN
17.6000,-0.10680,-68.809,0.008,0.0,NaN
17.6167,-0.10271,-68.801,0.007,0.0,NaN
17.6333,-0.09864,-68.795,0.006,0.0,NaN
17.6500,-0.09467,-68.790,0.005,0.0,NaN
17.6667,-0.09091,-68.788,0.004,0.0,NaN
17.6833,-0.08744,-68.787,0.004,0.0,NaN
17.7000,-0.08435,-68.789,0.003,0.0,NaN
17.7167,-0.08172,-68.794,0.002,0.0,NaN
17.7333,-0.07961,-68.802,0.000,0.0,NaN
17.7500,-0.07807,-68.811,-0.001,0.0,NaN
17.7667,-0.07714,-68.824,-0.003,0.0,NaN
17.7833,-0.07685,-68.839,-0.004,0.0,NaN
17.8000,-0.07720,-68.856,-0.005,0.0,NaN
17.8167,-0.07820,-68.876,-0.006,0.0,NaN
17.8333,-0.07981,-68.899,-0.006,0.0,NaN
17.8500,-0.08200,-68.923,-0.007,0.0,NaN
17.8667,-0.08472,-68.951,-0.007,0.0,NaN
17.8833,-0.08790,-68.980,-0.006,0.0,NaN
17.9000,-0.09147,-69.010,-0.006,0.0,NaN
17.9167,-0.09533,-69.043,-0.006,0.0,NaN
17.9333,-0.09940,-69.076,-0.005,0.0,NaN
17.9500,-0.10357,-69.111,-0.004,0.0,NaN
17.9667,-0.10774,-69.147,-0.003,0.0,NaN
17.9833,-0.11183,-69.184,-0.001,0.0,NaN
18.0000,-0.11573,-69.222,0.000,0.0,NaN
18.0167,-0.11936,-69.260,0.001,0.0,NaN
18.0333,-0.12264,-69.299,0.003,0.0,NaN
18.0500,-0.12551,-69.337,0.004,0.0,NaN
18.0667,-0.12791,-69.374,0.005,0.0,NaN
18.0833,-0.12979,-69.410,0.006,0.0,NaN
18.1000,-0.13112,-69.446,0.006,0.0,NaN
18.1167,-0.13187,-69.480,0.007,0.0,NaN
18.1333,-0.13202,-69.513,0.008,0.0,NaN
18.1500,-0.13158,-69.545,0.010,0.0,NaN
18.1667,-0.13054,-69.575,0.011,0.0,NaN
18.1833,-0.12895,-69.605,0.012,0.0,NaN
18.2000,-0.12682,-69.634,0.014,0.0,NaN
18.2167,-0.12420,-69.662,0.015,0.0,NaN
18.2333,-0.12116,-69.689,0.016,0.0,NaN
18.2500,-0.11776,-69.716,0.016,0.0,NaN
18.2667,-0.11408,-69.742,0.016,0.0,NaN
18.2833,-0.11019,-69.767,0.016,0.0,NaN
18.3000,-0.10620,-69.792,0.016,0.0,NaN
18.3167,-0.10218,-69.816,0.015,0.0,NaN
18.3333,-0.09824,-69.841,0.014,0.0,NaN
18.3500,-0.09447,-69.867,0.013,0.0,NaN
18.3667,-0.09095,-69.893,0.011,0.0,NaN
18.3833,-0.08778,-69.920,0.009,0.0,NaN
18.4000,-0.08502,-69.948,0.006,0.0,NaN
18.4167,-0.08275,-69.977,0.003,0.0,NaN
18.4333,-0.08102,-70.007,0.001,0.0,NaN
18.4500,-0.07987,-70.038,-0.002,0.0,NaN
18.4667,-0.07932,-70.070,-0.004,0.0,NaN
18.4833,-0.07940,-70.103,-0.006,0.0,NaN
18.5000,-0.08010,-70.137,-0.008,0.0,NaN
18.5167,-0.08141,-70.173,-0.009,0.0,NaN
18.5333,-0.08329,-70.210,-0.010,0.0,NaN
18.5500,-0.08571,-70.247,-0.010,0.0,NaN
18.5667,-0.08860,-70.285,-0.010,0.0,NaN
18.5833,-0.09189,-70.323,-0.010,0.0,NaN
18.6000,-0.09550,-70.362,-0.010,0.0,NaN
18.6167,-0.09935,-70.400,-0.010,0.0,NaN
18.6333,-0.10335,-70.439,-0.010,0.0,NaN
18.6500,-0.10741,-70.477,-0.009,0.0,NaN
18.6667,-0.11143,-70.515,-0.009,0.0,NaN
18.6833,-0.11534,-70.552,-0.008,0.0,NaN
18.7000,-0.11903,-70.587,-0.006,0.0,NaN
18.7167,-0.12245,-70.621,-0.005,0.0,NaN
18.7333,-0.12550,-70.652,-0.004,0.0,NaN
18.7500,-0.12815,-70.680,-0.003,0.0,NaN
18.7667,-0.13032,-70.707,-0.001,0.0,NaN
18.7833,-0.13198,-70.732,0.000,0.0,NaN
18.8000,-0.13312,-70.755,0.002,0.0,NaN
18.8167,-0.13369,-70.775,0.004,0.0,NaN
18.8333,-0.13368,-70.793,0.007,0.0,NaN
18.8500,-0.13310,-70.807,0.010,0.0,NaN
18.8667,-0.13196,-70.818,0.012,0.0,NaN
18.8833,-0.13028,-70.827,0.015,0.0,NaN
18.9000,-0.12809,-70.834,0.018,0.0,NaN
18.9167,-0.12546,-70.838,0.020,0.0,NaN
18.9333,-0.12242,-70.840,0.022,0.0,NaN
18.9500,-0.11906,-70.841,0.023,0.0,NaN
18.9667,-0.11544,-70.841,0.024,0.0,NaN
18.9833,-0.11165,-70.838,0.024,0.0,NaN
19.0000,-0.10777,-70.834,0.023,0.0,NaN
19.0167,-0.10388,-70.828,0.022,0.0,NaN
19.0333,-0.10007,-70.822,0.021,0.0,NaN
19.0500,-0.09644,-70.815,0.019,0.0,NaN
19.0667,-0.09307,-70.808,0.017,0.0,NaN
19.0833,-0.09003,-70.801,0.015,0.0,NaN
19.1000,-0.08740,-70.795,0.012,0.0,NaN
19.1167,-0.08524,-70.789,0.009,0.0,NaN
19.1333,-0.08360,-70.784,0.006,0.0,NaN
19.1500,-0.08252,-70.779,0.003,0.0,NaN
19.1667,-0.08203,-70.774,-0.001,0.0,NaN
19.1833,-0.08214,-70.770,-0.003,0.0,NaN
19.2000,-0.08285,-70.766,-0.005,0.0,NaN
19.2167,-0.08415,-70.763,-0.007,0.0,NaN
19.2333,-0.08601,-70.761,-0.009,0.0,NaN
19.2500,-0.08839,-70.760,-0.010,0.0,NaN
19.2667,-0.09122,-70.759,-0.012,0.0,NaN
19.2833,-0.09444,-70.758,-0.013,0.0,NaN
19.3000,-0.09798,-70.757,-0.015,0.0,NaN
19.3167,-0.10174,-70.755,-0.016,0.0,NaN
19.3333,-0.10565,-70.752,-0.017,0.0,NaN
19.3500,-0.10963,-70.749,-0.017,0.0,NaN
19.3667,-0.11357,-70.746,-0.017,0.0,NaN
19.3833,-0.11741,-70.742,-0.016,0.0,NaN
19.4000,-0.12106,-70.736,-0.015,0.0,NaN
19.4167,-0.12445,-70.728,-0.013,0.0,NaN
19.4333,-0.12749,-70.718,-0.012,0.0,NaN
19.4500,-0.13015,-70.706,-0.010,0.0,NaN
19.4667,-0.13235,-70.692,-0.008,0.0,NaN
19.4833,-0.13407,-70.675,-0.006,0.0,NaN
19.5000,-0.13527,-70.656,-0.003,0.0,NaN
19.5167,-0.13592,-70.635,0.000,0.0,NaN
19.5333,-0.13602,-70.612,0.004,0.0,NaN
19.5500,-0.13557,-70.586,0.008,0.0,NaN
19.5667,-0.13456,-70.557,0.012,0.0,NaN
19.5833,-0.13304,-70.526,0.015,0.0,NaN
19.6000,-0.13101,-70.493,0.018,0.0,NaN
19.6167,-0.12855,-70.457,0.021,0.0,NaN
19.6333,-0.12568,-70.421,0.023,0.0,NaN
19.6500,-0.12249,-70.382,0.024,0.0,NaN
19.6667,-0.11903,-70.343,0.025,0.0,NaN
19.6833,-0.11539,-70.303,0.025,0.0,NaN
19.7000,-0.11164,-70.261,0.025,0.0,NaN
19.7167,-0.10788,-70.219,0.025,0.0,NaN
19.7333,-0.10418,-70.176,0.025,0.0,NaN
19.7500,-0.10063,-70.133,0.024,0.0,NaN
19.7667,-0.09732,-70.091,0.022,0.0,NaN
19.7833,-0.09432,-70.049,0.021,0.0,NaN
19.8000,-0.09171,-70.008,0.018,0.0,NaN
19.8167,-0.08955,-69.968,0.016,0.0,NaN
19.8333,-0.08790,-69.929,0.013,0.0,NaN
19.8500,-0.08679,-69.891,0.010,0.0,NaN
19.8667,-0.08625,-69.854,0.006,0.0,NaN
19.8833,-0.08631,-69.817,0.003,0.0,NaN
19.9000,-0.08696,-69.782,-0.000,0.0,NaN
19.9167,-0.08819,-69.748,-0.003,0.0,NaN
19.9333,-0.08997,-69.715,-0.006,0.0,NaN
19.9500,-0.09226,-69.684,-0.008,0.0,NaN
19.9667,-0.09501,-69.653,-0.011,0.0,NaN
19.9833,-0.09815,-69.624,-0.013,0.0,NaN
20.0000,-0.10161,-69.595,-0.016,0.0,NaN
20.0167,-0.10531,-69.567,-0.018,0.0,NaN
20.0333,-0.10916,-69.539,-0.019,0.0,NaN
20.0500,-0.11306,-69.511,-0.020,0.0,NaN
20.0667,-0.11694,-69.483,-0.021,0.0,NaN
20.0833,-0.12072,-69.455,-0.020,0.0,NaN
20.1000,-0.12430,-69.427,-0.018,0.0,NaN
20.1167,-0.12761,-69.399,-0.016,0.0,NaN
20.1333,-0.13060,-69.371,-0.014,0.0,NaN
20.1500,-0.13320,-69.342,-0.012,0.0,NaN
20.1667,-0.13536,-69.311,-0.009,0.0,NaN
20.1833,-0.13705,-69.280,-0.007,0.0,NaN
20.2000,-0.13823,-69.246,-0.005,0.0,NaN
20.2167,-0.13889,-69.212,-0.002,0.0,NaN
20.2333,-0.13900,-69.175,0.001,0.0,NaN
20.2500,-0.13858,-69.138,0.005,0.0,NaN
20.2667,-0.13762,-69.099,0.009,0.0,NaN
20.2833,-0.13615,-69.059,0.013,0.0,NaN
20.3000,-0.13421,-69.019,0.017,0.0,NaN
20.3167,-0.13183,-68.978,0.020,0.0,NaN
20.3333,-0.12906,-68.936,0.022,0.0,NaN
20.3500,-0.12596,-68.894,0.023,0.0,NaN
20.3667,-0.12261,-68.852,0.025,0.0,NaN
20.3833,-0.11907,-68.809,0.025,0.0,NaN
20.4000,-0.11542,-68.766,0.026,0.0,NaN
20.4167,-0.11175,-68.723,0.027,0.0,NaN
20.4333,-0.10813,-68.682,0.028,0.0,NaN
20.4500,-0.10466,-68.642,0.028,0.0,NaN
20.4667,-0.10141,-68.603,0.027,0.0,NaN
20.4833,-0.09846,-68.565,0.025,0.0,NaN
20.5000,-0.09588,-68.530,0.023,0.0,NaN
20.5167,-0.09375,-68.495,0.020,0.0,NaN
20.5333,-0.09210,-68.463,0.016,0.0,NaN
20.5500,-0.09099,-68.432,0.012,0.0,NaN
20.5667,-0.09044,-68.402,0.009,0.0,NaN
20.5833,-0.09047,-68.375,0.005,0.0,NaN
20.6000,-0.09108,-68.349,0.002,0.0,NaN
20.6167,-0.09226,-68.325,-0.001,0.0,NaN
20.6333,-0.09398,-68.304,-0.004,0.0,NaN
20.6500,-0.09621,-68.284,-0.007,0.0,NaN
20.6667,-0.09888,-68.266,-0.010,0.0,NaN
20.6833,-0.10193,-68.249,-0.013,0.0,NaN
20.7000,-0.10530,-68.233,-0.015,0.0,NaN
20.7167,-0.10889,-68.219,-0.018,0.0,NaN
20.7333,-0.11263,-68.207,-0.019,0.0,NaN
20.7500,-0.11643,-68.195,-0.020,0.0,NaN
20.7667,-0.12020,-68.185,-0.021,0.0,NaN
20.7833,-0.12387,-68.175,-0.021,0.0,NaN
20.8000,-0.12736,-68.166,-0.020,0.0,NaN
20.8167,-0.13060,-68.157,-0.018,0.0,NaN
20.8333,-0.13352,-68.148,-0.016,0.0,NaN
20.8500,-0.13607,-68.139,-0.015,0.0,NaN
20.8667,-0.13821,-68.129,-0.013,0.0,NaN
20.8833,-0.13991,-68.119,-0.011,0.0,NaN
20.9000,-0.14113,-68.108,-0.009,0.0,NaN
20.9167,-0.14185,-68.096,-0.007,0.0,NaN
20.9333,-0.14205,-68.083,-0.003,0.0,NaN
20.9500,-0.14172,-68.069,0.001,0.0,NaN
20.9667,-0.14089,-68.054,0.006,0.0,NaN
20.9833,-0.13955,-68.038,0.010,0.0,NaN
21.0000,-0.13775,-68.022,0.015,0.0,NaN
21.0167,-0.13551,-68.005,0.019,0.0,NaN
21.0333,-0.13290,-67.988,0.022,0.0,NaN
21.0500,-0.12995,-67.972,0.025,0.0,NaN
21.0667,-0.12674,-67.955,0.026,0.0,NaN
21.0833,-0.12334,-67.937,0.028,0.0,NaN
21.1000,-0.11980,-67.920,0.029,0.0,NaN
21.1167,-0.11622,-67.903,0.030,0.0,NaN
21.1333,-0.11267,-67.887,0.031,0.0,NaN
21.1500,-0.10924,-67.872,0.032,0.0,NaN
21.1667,-0.10599,-67.859,0.031,0.0,NaN
21.1833,-0.10301,-67.848,0.030,0.0,NaN
21.2000,-0.10036,-67.838,0.027,0.0,NaN
21.2167,-0.09812,-67.830,0.024,0.0,NaN
21.2333,-0.09634,-67.824,0.020,0.0,NaN
21.2500,-0.09506,-67.819,0.016,0.0,NaN
21.2667,-0.09431,-67.816,0.011,0.0,NaN
21.2833,-0.09412,-67.814,0.008,0.0,NaN
21.3000,-0.09450,-67.813,0.005,0.0,NaN
21.3167,-0.09543,-67.815,0.002,0.0,NaN
21.3333,-0.09690,-67.819,-0.001,0.0,NaN
21.3500,-0.09888,-67.824,-0.004,0.0,NaN
21.3667,-0.10131,-67.831,-0.007,0.0,NaN
21.3833,-0.10414,-67.839,-0.010,0.0,NaN
21.4000,-0.10729,-67.849,-0.013,0.0,NaN
21.4167,-0.11070,-67.860,-0.016,0.0,NaN
21.4333,-0.11429,-67.871,-0.019,0.0,NaN
21.4500,-0.11797,-67.884,-0.020,0.0,NaN
21.4667,-0.12166,-67.897,-0.021,0.0,NaN
21.4833,-0.12528,-67.911,-0.022,0.0,NaN
21.5000,-0.12877,-67.925,-0.022,0.0,NaN
21.5167,-0.13204,-67.939,-0.021,0.0,NaN
21.5333,-0.13504,-67.952,-0.020,0.0,NaN
21.5500,-0.13771,-67.965,-0.019,0.0,NaN
21.5667,-0.14000,-67.977,-0.018,0.0,NaN
21.5833,-0.14188,-67.988,-0.016,0.0,NaN
21.6000,-0.14333,-67.998,-0.014,0.0,NaN
21.6167,-0.14433,-68.007,-0.012,0.0,NaN
21.6333,-0.14484,-68.014,-0.009,0.0,NaN
21.6500,-0.14484,-68.020,-0.005,0.0,NaN
21.6667,-0.14432,-68.024,-0.000,0.0,NaN
21.6833,-0.14331,-68.027,0.005,0.0,NaN
21.7000,-0.14182,-68.029,0.010,0.0,NaN
21.7167,-0.13989,-68.030,0.015,0.0,NaN
21.7333,-0.13754,-68.029,0.019,0.0,NaN
21.7500,-0.13485,-68.028,0.023,0.0,NaN
21.7667,-0.13185,-68.027,0.025,0.0,NaN
21.7833,-0.12861,-68.024,0.027,0.0,NaN
21.8000,-0.12520,-68.021,0.029,0.0,NaN
21.8167,-0.12170,-68.017,0.030,0.0,NaN
21.8333,-0.11817,-68.012,0.031,0.0,NaN
21.8500,-0.11470,-68.009,0.033,0.0,NaN
21.8667,-0.11135,-68.006,0.033,0.0,NaN
21.8833,-0.10822,-68.004,0.033,0.0,NaN
21.9000,-0.10536,-68.004,0.032,0.0,NaN
21.9167,-0.10285,-68.004,0.029,0.0,NaN
21.9333,-0.10074,-68.006,0.026,0.0,NaN
21.9500,-0.09910,-68.009,0.022,0.0,NaN
21.9667,-0.09795,-68.012,0.018,0.0,NaN
21.9833,-0.09733,-68.016,0.014,0.0,NaN
22.0000,-0.09726,-68.021,0.011,0.0,NaN
22.0167,-0.09774,-68.027,0.008,0.0,NaN
22.0333,-0.09876,-68.034,0.005,0.0,NaN
22.0500,-0.10031,-68.043,0.002,0.0,NaN
22.0667,-0.10234,-68.054,-0.001,0.0,NaN
22.0833,-0.10481,-68.065,-0.005,0.0,NaN
22.1000,-0.10766,-68.077,-0.009,0.0,NaN
22.1167,-0.11081,-68.089,-0.013,0.0,NaN
22.1333,-0.11420,-68.102,-0.017,0.0,NaN
22.1500,-0.11775,-68.115,-0.019,0.0,NaN
22.1667,-0.12138,-68.128,-0.021,0.0,NaN
22.1833,-0.12501,-68.142,-0.023,0.0,NaN
22.2000,-0.12856,-68.155,-0.024,0.0,NaN
22.2167,-0.13198,-68.168,-0.024,0.0,NaN
22.2333,-0.13518,-68.180,-0.023,0.0,NaN
22.2500,-0.13811,-68.191,-0.023,0.0,NaN
22.2667,-0.14071,-68.200,-0.022,0.0,NaN
22.2833,-0.14293,-68.208,-0.021,0.0,NaN
22.3000,-0.14475,-68.215,-0.020,0.0,NaN
22.3167,-0.14616,-68.220,-0.018,0.0,NaN
22.3333,-0.14713,-68.223,-0.015,0.0,NaN
22.3500,-0.14762,-68.225,-0.012,0.0,NaN
22.3667,-0.14760,-68.224,-0.008,0.0,NaN
22.3833,-0.14708,-68.221,-0.003,0.0,NaN
22.4000,-0.14607,-68.217,0.001,0.0,NaN
22.4167,-0.14459,-68.211,0.006,0.0,NaN
22.4333,-0.14267,-68.203,0.011,0.0,NaN
22.4500,-0.14036,-68.194,0.015,0.0,NaN
22.4667,-0.13769,-68.183,0.018,0.0,NaN
22.4833,-0.13473,-68.172,0.021,0.0,NaN
22.5000,-0.13154,-68.159,0.023,0.0,NaN
22.5167,-0.12818,-68.144,0.025,0.0,NaN
22.5333,-0.12473,-68.129,0.027,0.0,NaN
22.5500,-0.12125,-68.113,0.029,0.0,NaN
22.5667,-0.11783,-68.098,0.031,0.0,NaN
22.5833,-0.11453,-68.082,0.032,0.0,NaN
22.6000,-0.11143,-68.068,0.033,0.0,NaN
22.6167,-0.10860,-68.054,0.032,0.0,NaN
22.6333,-0.10610,-68.041,0.030,0.0,NaN
22.6500,-0.10400,-68.029,0.028,0.0,NaN
22.6667,-0.10234,-68.017,0.025,0.0,NaN
22.6833,-0.10117,-68.007,0.021,0.0,NaN
22.7000,-0.10052,-67.996,0.018,0.0,NaN
22.7167,-0.10040,-67.986,0.015,0.0,NaN
22.7333,-0.10081,-67.978,0.013,0.0,NaN
22.7500,-0.10177,-67.970,0.010,0.0,NaN
22.7667,-0.10323,-67.964,0.008,0.0,NaN
22.7833,-0.10518,-67.958,0.004,0.0,NaN
22.8000,-0.10756,-67.954,-0.001,0.0,NaN
22.8167,-0.11032,-67.950,-0.005,0.0,NaN
22.8333,-0.11339,-67.947,-0.010,0.0,NaN
22.8500,-0.11670,-67.944,-0.014,0.0,NaN
22.8667,-0.12018,-67.942,-0.017,0.0,NaN
22.8833,-0.12375,-67.939,-0.019,0.0,NaN
22.9000,-0.12734,-67.936,-0.021,0.0,NaN
22.9167,-0.13087,-67.934,-0.022,0.0,NaN
22.9333,-0.13428,-67.931,-0.022,0.0,NaN
22.9500,-0.13750,-67.927,-0.023,0.0,NaN
22.9667,-0.14047,-67.922,-0.023,0.0,NaN
22.9833,-0.14312,-67.916,-0.023,0.0,NaN
23.0000,-0.14542,-67.908,-0.023,0.0,NaN
23.0167,-0.14732,-67.899,-0.022,0.0,NaN
23.0333,-0.14882,-67.888,-0.020,0.0,NaN
23.0500,-0.14990,-67.875,-0.018,0.0,NaN
23.0667,-0.15049,-67.861,-0.015,0.0,NaN
23.0833,-0.15060,-67.845,-0.011,0.0,NaN
23.1000,-0.15022,-67.826,-0.007,0.0,NaN
23.1167,-0.14936,-67.807,-0.003,0.0,NaN
23.1333,-0.14803,-67.785,0.002,0.0,NaN
23.1500,-0.14626,-67.762,0.006,0.0,NaN
23.1667,-0.14410,-67.737,0.009,0.0,NaN
23.1833,-0.14158,-67.711,0.012,0.0,NaN
23.2000,-0.13877,-67.684,0.015,0.0,NaN
23.2167,-0.13571,-67.655,0.018,0.0,NaN
23.2333,-0.13247,-67.626,0.020,0.0,NaN
23.2500,-0.12913,-67.596,0.023,0.0,NaN
23.2667,-0.12574,-67.566,0.025,0.0,NaN
23.2833,-0.12238,-67.535,0.027,0.0,NaN
23.3000,-0.11913,-67.505,0.029,0.0,NaN
23.3167,-0.11604,-67.476,0.030,0.0,NaN
23.3333,-0.11319,-67.447,0.030,0.0,NaN
23.3500,-0.11064,-67.420,0.029,0.0,NaN
23.3667,-0.10845,-67.394,0.027,0.0,NaN
23.3833,-0.10667,-67.369,0.025,0.0,NaN
23.4000,-0.10535,-67.345,0.023,0.0,NaN
23.4167,-0.10451,-67.322,0.020,0.0,NaN
23.4333,-0.10418,-67.299,0.018,0.0,NaN
23.4500,-0.10438,-67.279,0.016,0.0,NaN
23.4667,-0.10509,-67.259,0.014,0.0,NaN
23.4833,-0.10631,-67.241,0.012,0.0,NaN
23.5000,-0.10800,-67.225,0.009,0.0,NaN
23.5167,-0.11014,-67.209,0.004,0.0,NaN
23.5333,-0.11267,-67.195,0.000,0.0,NaN
23.5500,-0.11553,-67.182,-0.004,0.0,NaN
23.5667,-0.11865,-67.169,-0.008,0.0,NaN
23.5833,-0.12197,-67.158,-0.012,0.0,NaN
23.6000,-0.12542,-67.147,-0.014,0.0,NaN
23.6167,-0.12893,-67.136,-0.016,0.0,NaN
23.6333,-0.13242,-67.126,-0.017,0.0,NaN
23.6500,-0.13584,-67.116,-0.018,0.0,NaN
23.6667,-0.13911,-67.106,-0.019,0.0,NaN
23.6833,-0.14217,-67.094,-0.020,0.0,NaN
23.7000,-0.14496,-67.082,-0.021,0.0,NaN
23.7167,-0.14744,-67.070,-0.021,0.0,NaN
23.7333,-0.14956,-67.055,-0.021,0.0,NaN
23.7500,-0.15129,-67.040,-0.020,0.0,NaN
23.7667,-0.15263,-67.023,-0.018,0.0,NaN
23.7833,-0.15354,-67.005,-0.016,0.0,NaN
23.8000,-0.15399,-66.985,-0.013,0.0,NaN
23.8167,-0.15396,-66.963,-0.009,0.0,NaN
23.8333,-0.15346,-66.939,-0.006,0.0,NaN
23.8500,-0.15249,-66.914,-0.002,0.0,NaN
23.8667,-0.15109,-66.887,0.001,0.0,NaN
23.8833,-0.14928,-66.859,0.005,0.0,NaN
23.9000,-0.14709,-66.830,0.007,0.0,NaN
23.9167,-0.14458,-66.801,0.010,0.0,NaN
23.9333,-0.14179,-66.770,0.013,0.0,NaN
23.9500,-0.13878,-66.738,0.015,0.0,NaN
23.9667,-0.13562,-66.706,0.018,0.0,NaN
23.9833,-0.13237,-66.673,0.021,0.0,NaN
24.0000,-0.12909,-66.641,0.023,0.0,NaN
24.0167,-0.12586,-66.608,0.025,0.0,NaN
24.0333,-0.12273,-66.577,0.026,0.0,NaN
24.0500,-0.11978,-66.547,0.027,0.0,NaN
24.0667,-0.11707,-66.518,0.026,0.0,NaN
24.0833,-0.11465,-66.490,0.025,0.0,NaN
24.1000,-0.11258,-66.463,0.024,0.0,NaN
24.1167,-0.11091,-66.439,0.023,0.0,NaN
24.1333,-0.10967,-66.415,0.021,0.0,NaN
24.1500,-0.10889,-66.392,0.020,0.0,NaN
24.1667,-0.10861,-66.372,0.018,0.0,NaN
24.1833,-0.10881,-66.353,0.017,0.0,NaN
24.2000,-0.10951,-66.336,0.015,0.0,NaN
24.2167,-0.11068,-66.321,0.012,0.0,NaN
24.2333,-0.11232,-66.307,0.009,0.0,NaN
24.2500,-0.11438,-66.295,0.005,0.0,NaN
24.2667,-0.11681,-66.284,0.001,0.0,NaN
24.2833,-0.11955,-66.274,-0.002,0.0,NaN
24.3000,-0.12256,-66.266,-0.005,0.0,NaN
24.3167,-0.12577,-66.258,-0.008,0.0,NaN
24.3333,-0.12910,-66.252,-0.010,0.0,NaN
24.3500,-0.13251,-66.246,-0.012,0.0,NaN
24.3667,-0.13591,-66.242,-0.013,0.0,NaN
24.3833,-0.13926,-66.237,-0.015,0.0,NaN
24.4000,-0.14249,-66.233,-0.016,0.0,NaN
24.4167,-0.14554,-66.227,-0.017,0.0,NaN
24.4333,-0.14836,-66.220,-0.019,0.0,NaN
24.4500,-0.15089,-66.212,-0.019,0.0,NaN
24.4667,-0.15309,-66.201,-0.019,0.0,NaN
24.4833,-0.15493,-66.189,-0.018,0.0,NaN
24.5000,-0.15643,-66.176,-0.016,0.0,NaN
24.5167,-0.15753,-66.162,-0.014,0.0,NaN
24.5333,-0.15821,-66.147,-0.012,0.0,NaN
24.5500,-0.15843,-66.130,-0.010,0.0,NaN
24.5667,-0.15818,-66.112,-0.007,0.0,NaN
24.5833,-0.15748,-66.093,-0.005,0.0,NaN
24.6000,-0.15634,-66.072,-0.002,0.0,NaN
24.6167,-0.15479,-66.048,0.001,0.0,NaN
24.6333,-0.15284,-66.023,0.005,0.0,NaN
24.6500,-0.15055,-65.996,0.008,0.0,NaN
24.6667,-0.14796,-65.969,0.011,0.0,NaN
24.6833,-0.14511,-65.941,0.014,0.0,NaN
24.7000,-0.14208,-65.912,0.016,0.0,NaN
24.7167,-0.13891,-65.883,0.018,0.0,NaN
24.7333,-0.13567,-65.853,0.020,0.0,NaN
24.7500,-0.13244,-65.824,0.022,0.0,NaN
24.7667,-0.12927,-65.796,0.024,0.0,NaN
24.7833,-0.12622,-65.768,0.025,0.0,NaN
24.8000,-0.12337,-65.742,0.025,0.0,NaN
24.8167,-0.12076,-65.716,0.024,0.0,NaN
24.8333,-0.11845,-65.693,0.024,0.0,NaN
24.8500,-0.11650,-65.671,0.022,0.0,NaN
24.8667,-0.11493,-65.650,0.021,0.0,NaN
24.8833,-0.11380,-65.630,0.019,0.0,NaN
24.9000,-0.11312,-65.612,0.018,0.0,NaN
24.9167,-0.11291,-65.596,0.017,0.0,NaN
24.9333,-0.11317,-65.581,0.016,0.0,NaN
24.9500,-0.11392,-65.569,0.014,0.0,NaN
24.9667,-0.11513,-65.559,0.012,0.0,NaN
24.9833,-0.11679,-65.551,0.009,0.0,NaN
25.0000,-0.11886,-65.544,0.005,0.0,NaN
25.0167,-0.12128,-65.539,0.002,0.0,NaN
25.0333,-0.12401,-65.534,-0.002,0.0,NaN
25.0500,-0.12700,-65.531,-0.004,0.0,NaN
25.0667,-0.13019,-65.529,-0.006,0.0,NaN
25.0833,-0.13352,-65.528,-0.008,0.0,NaN
25.1000,-0.13693,-65.527,-0.010,0.0,NaN
25.1167,-0.14036,-65.526,-0.011,0.0,NaN
25.1333,-0.14373,-65.525,-0.013,0.0,NaN
25.1500,-0.14699,-65.523,-0.015,0.0,NaN
25.1667,-0.15008,-65.519,-0.017,0.0,NaN
25.1833,-0.15293,-65.514,-0.018,0.0,NaN
25.2000,-0.15551,-65.509,-0.019,0.0,NaN
25.2167,-0.15776,-65.502,-0.018,0.0,NaN
25.2333,-0.15968,-65.494,-0.017,0.0,NaN
25.2500,-0.16127,-65.484,-0.015,0.0,NaN
25.2667,-0.16251,-65.473,-0.014,0.0,NaN
25.2833,-0.16334,-65.460,-0.012,0.0,NaN
25.3000,-0.16371,-65.445,-0.011,0.0,NaN
25.3167,-0.16362,-65.427,-0.009,0.0,NaN
25.3333,-0.16306,-65.408,-0.007,0.0,NaN
25.3500,-0.16205,-65.388,-0.004,0.0,NaN
25.3667,-0.16061,-65.366,-0.001,0.0,NaN
25.3833,-0.15877,-65.342,0.004,0.0,NaN
25.4000,-0.15657,-65.316,0.008,0.0,NaN
25.4167,-0.15404,-65.290,0.012,0.0,NaN
25.4333,-0.15125,-65.261,0.015,0.0,NaN
25.4500,-0.14824,-65.231,0.017,0.0,NaN
25.4667,-0.14508,-65.199,0.018,0.0,NaN
25.4833,-0.14182,-65.167,0.020,0.0,NaN
25.5000,-0.13853,-65.136,0.022,0.0,NaN
25.5167,-0.13528,-65.105,0.023,0.0,NaN
25.5333,-0.13212,-65.075,0.025,0.0,NaN
25.5500,-0.12913,-65.047,0.026,0.0,NaN
25.5667,-0.12636,-65.020,0.026,0.0,NaN
25.5833,-0.12386,-64.994,0.025,0.0,NaN
25.6000,-0.12169,-64.968,0.023,0.0,NaN
25.6167,-0.11989,-64.944,0.021,0.0,NaN
25.6333,-0.11850,-64.921,0.020,0.0,NaN
25.6500,-0.11755,-64.899,0.018,0.0,NaN
25.6667,-0.11707,-64.880,0.017,0.0,NaN
25.6833,-0.11705,-64.862,0.016,0.0,NaN
25.7000,-0.11752,-64.848,0.015,0.0,NaN
25.7167,-0.11846,-64.835,0.014,0.0,NaN
25.7333,-0.11986,-64.824,0.011,0.0,NaN
25.7500,-0.12170,-64.815,0.008,0.0,NaN
25.7667,-0.12393,-64.807,0.005,0.0,NaN
25.7833,-0.12652,-64.800,0.001,0.0,NaN
25.8000,-0.12940,-64.794,-0.002,0.0,NaN
25.8167,-0.13253,-64.789,-0.004,0.0,NaN
25.8333,-0.13585,-64.784,-0.006,0.0,NaN
25.8500,-0.13929,-64.780,-0.008,0.0,NaN
25.8667,-0.14280,-64.776,-0.010,0.0,NaN
25.8833,-0.14630,-64.772,-0.012,0.0,NaN
25.9000,-0.14973,-64.767,-0.014,0.0,NaN
25.9167,-0.15304,-64.762,-0.016,0.0,NaN
25.9333,-0.15616,-64.755,-0.018,0.0,NaN
25.9500,-0.15903,-64.746,-0.019,0.0,NaN
25.9667,-0.16160,-64.736,-0.019,0.0,NaN
25.9833,-0.16384,-64.725,-0.018,0.0,NaN
26.0000,-0.16575,-64.712,-0.017,0.0,NaN
26.0167,-0.16734,-64.697,-0.015,0.0,NaN
26.0333,-0.16855,-64.681,-0.013,0.0,NaN
26.0500,-0.16933,-64.663,-0.012,0.0,NaN
26.0667,-0.16964,-64.642,-0.011,0.0,NaN
26.0833,-0.16947,-64.619,-0.009,0.0,NaN
26.1000,-0.16882,-64.595,-0.006,0.0,NaN
26.1167,-0.16770,-64.569,-0.003,0.0,NaN
26.1333,-0.16615,-64.541,0.002,0.0,NaN
26.1500,-0.16419,-64.512,0.007,0.0,NaN
26.1667,-0.16186,-64.480,0.011,0.0,NaN
26.1833,-0.15920,-64.448,0.015,0.0,NaN
26.2000,-0.15628,-64.413,0.017,0.0,NaN
26.2167,-0.15315,-64.376,0.019,0.0,NaN
26.2333,-0.14987,-64.339,0.020,0.0,NaN
26.2500,-0.14652,-64.300,0.022,0.0,NaN
26.2667,-0.14315,-64.262,0.024,0.0,NaN
26.2833,-0.13983,-64.224,0.026,0.0,NaN
26.3000,-0.13662,-64.188,0.028,0.0,NaN
26.3167,-0.13360,-64.152,0.029,0.0,NaN
26.3333,-0.13081,-64.117,0.028,0.0,NaN
26.3500,-0.12831,-64.084,0.026,0.0,NaN
26.3667,-0.12616,-64.052,0.024,0.0,NaN
26.3833,-0.12438,-64.021,0.022,0.0,NaN
26.4000,-0.12302,-63.991,0.020,0.0,NaN
26.4167,-0.12211,-63.962,0.018,0.0,NaN
26.4333,-0.12167,-63.936,0.018,0.0,NaN
26.4500,-0.12171,-63.911,0.017,0.0,NaN
26.4667,-0.12224,-63.890,0.017,0.0,NaN
26.4833,-0.12324,-63.870,0.015,0.0,NaN
26.5000,-0.12471,-63.853,0.012,0.0,NaN
26.5167,-0.12661,-63.837,0.008,0.0,NaN
26.5333,-0.12892,-63.823,0.004,0.0,NaN
26.5500,-0.13159,-63.810,0.001,0.0,NaN
26.5667,-0.13456,-63.797,-0.002,0.0,NaN
26.5833,-0.13779,-63.785,-0.005,0.0,NaN
26.6000,-0.14121,-63.773,-0.006,0.0,NaN
26.6167,-0.14477,-63.762,-0.008,0.0,NaN
26.6333,-0.14839,-63.751,-0.010,0.0,NaN
26.6500,-0.15202,-63.739,-0.012,0.0,NaN
26.6667,-0.15557,-63.727,-0.015,0.0,NaN
26.6833,-0.15899,-63.714,-0.017,0.0,NaN
26.7000,-0.16222,-63.700,-0.019,0.0,NaN
26.7167,-0.16518,-63.684,-0.020,0.0,NaN
26.7333,-0.16783,-63.667,-0.019,0.0,NaN
26.7500,-0.17013,-63.648,-0.018,0.0,NaN
26.7667,-0.17208,-63.628,-0.016,0.0,NaN
26.7833,-0.17368,-63.606,-0.014,0.0,NaN
26.8000,-0.17489,-63.582,-0.012,0.0,NaN
26.8167,-0.17564,-63.557,-0.011,0.0,NaN
26.8333,-0.17590,-63.529,-0.010,0.0,NaN
26.8500,-0.17565,-63.499,-0.007,0.0,NaN
26.8667,-0.17492,-63.468,-0.004,0.0,NaN
26.8833,-0.17370,-63.436,-0.000,0.0,NaN
26.9000,-0.17204,-63.401,0.005,0.0,NaN
26.9167,-0.16995,-63.364,0.010,0.0,NaN
26.9333,-0.16749,-63.326,0.014,0.0,NaN
26.9500,-0.16470,-63.287,0.018,0.0,NaN
26.9667,-0.16165,-63.246,0.020,0.0,NaN
26.9833,-0.15839,-63.203,0.022,0.0,NaN
27.0000,-0.15499,-63.160,0.023,0.0,NaN
27.0167,-0.15152,-63.116,0.025,0.0,NaN
27.0333,-0.14805,-63.072,0.027,0.0,NaN
27.0500,-0.14466,-63.028,0.030,0.0,NaN
27.0667,-0.14141,-62.985,0.031,0.0,NaN
27.0833,-0.13836,-62.943,0.031,0.0,NaN
27.1000,-0.13557,-62.902,0.030,0.0,NaN
27.1167,-0.13311,-62.863,0.028,0.0,NaN
27.1333,-0.13102,-62.825,0.026,0.0,NaN
27.1500,-0.12934,-62.787,0.023,0.0,NaN
27.1667,-0.12811,-62.751,0.021,0.0,NaN
27.1833,-0.12735,-62.716,0.019,0.0,NaN
27.2000,-0.12708,-62.684,0.019,0.0,NaN
27.2167,-0.12731,-62.653,0.018,0.0,NaN
27.2333,-0.12803,-62.625,0.017,0.0,NaN
27.2500,-0.12925,-62.599,0.015,0.0,NaN
27.2667,-0.13094,-62.575,0.012,0.0,NaN
27.2833,-0.13308,-62.553,0.008,0.0,NaN
27.3000,-0.13561,-62.532,0.003,0.0,NaN
27.3167,-0.13849,-62.511,-0.000,0.0,NaN
27.3333,-0.14168,-62.492,-0.003,0.0,NaN
27.3500,-0.14510,-62.472,-0.005,0.0,NaN
27.3667,-0.14870,-62.453,-0.007,0.0,NaN
27.3833,-0.15240,-62.434,-0.009,0.0,NaN
27.4000,-0.15614,-62.415,-0.011,0.0,NaN
27.4167,-0.15983,-62.396,-0.014,0.0,NaN
27.4333,-0.16342,-62.376,-0.017,0.0,NaN
27.4500,-0.16683,-62.355,-0.019,0.0,NaN
27.4667,-0.16999,-62.334,-0.020,0.0,NaN
27.4833,-0.17285,-62.311,-0.021,0.0,NaN
27.5000,-0.17536,-62.287,-0.020,0.0,NaN
27.5167,-0.17749,-62.262,-0.019,0.0,NaN
27.5333,-0.17926,-62.235,-0.017,0.0,NaN
27.5500,-0.18063,-62.207,-0.015,0.0,NaN
27.5667,-0.18155,-62.178,-0.013,0.0,NaN
27.5833,-0.18196,-62.146,-0.011,0.0,NaN
27.6000,-0.18186,-62.113,-0.009,0.0,NaN
27.6167,-0.18126,-62.078,-0.005,0.0,NaN
27.6333,-0.18015,-62.042,-0.001,0.0,NaN
27.6500,-0.17858,-62.004,0.004,0.0,NaN
27.6667,-0.17656,-61.965,0.009,0.0,NaN
27.6833,-0.17415,-61.924,0.014,0.0,NaN
27.7000,-0.17138,-61.883,0.018,0.0,NaN
27.7167,-0.16832,-61.841,0.021,0.0,NaN
27.7333,-0.16503,-61.797,0.023,0.0,NaN
27.7500,-0.16158,-61.753,0.024,0.0,NaN
27.7667,-0.15805,-61.708,0.026,0.0,NaN
27.7833,-0.15449,-61.662,0.028,0.0,NaN
27.8000,-0.15100,-61.617,0.030,0.0,NaN
27.8167,-0.14763,-61.573,0.032,0.0,NaN
27.8333,-0.14447,-61.529,0.033,0.0,NaN
27.8500,-0.14157,-61.487,0.032,0.0,NaN
27.8667,-0.13900,-61.446,0.030,0.0,NaN
27.8833,-0.13680,-61.406,0.028,0.0,NaN
27.9000,-0.13502,-61.369,0.025,0.0,NaN
27.9167,-0.13371,-61.332,0.023,0.0,NaN
27.9333,-0.13288,-61.297,0.021,0.0,NaN
27.9500,-0.13256,-61.263,0.021,0.0,NaN
27.9667,-0.13276,-61.231,0.020,0.0,NaN
27.9833,-0.13347,-61.201,0.019,0.0,NaN
28.0000,-0.13469,-61.173,0.017,0.0,NaN
28.0167,-0.13641,-61.147,0.014,0.0,NaN
28.0333,-0.13857,-61.123,0.010,0.0,NaN
28.0500,-0.14115,-61.100,0.005,0.0,NaN
28.0667,-0.14410,-61.079,0.001,0.0,NaN
28.0833,-0.14735,-61.058,-0.002,0.0,NaN
28.1000,-0.15084,-61.038,-0.005,0.0,NaN
28.1167,-0.15450,-61.018,-0.007,0.0,NaN
28.1333,-0.15826,-60.998,-0.009,0.0,NaN
28.1500,-0.16205,-60.978,-0.011,0.0,NaN
28.1667,-0.16578,-60.958,-0.014,0.0,NaN
28.1833,-0.16939,-60.938,-0.016,0.0,NaN
28.2000,-0.17281,-60.918,-0.019,0.0,NaN
28.2167,-0.17596,-60.897,-0.021,0.0,NaN
28.2333,-0.17878,-60.876,-0.022,0.0,NaN
28.2500,-0.18121,-60.854,-0.021,0.0,NaN
28.2667,-0.18323,-60.831,-0.020,0.0,NaN
28.2833,-0.18485,-60.808,-0.018,0.0,NaN
28.3000,-0.18602,-60.785,-0.015,0.0,NaN
28.3167,-0.18668,-60.762,-0.013,0.0,NaN
28.3333,-0.18680,-60.738,-0.011,0.0,NaN
28.3500,-0.18637,-60.714,-0.008,0.0,NaN
28.3667,-0.18541,-60.690,-0.004,0.0,NaN
28.3833,-0.18393,-60.666,-0.000,0.0,NaN
28.4000,-0.18197,-60.641,0.005,0.0,NaN
28.4167,-0.17957,-60.616,0.010,0.0,NaN
28.4333,-0.17679,-60.592,0.015,0.0,NaN
28.4500,-0.17368,-60.567,0.018,0.0,NaN
28.4667,-0.17032,-60.542,0.021,0.0,NaN
28.4833,-0.16678,-60.516,0.023,0.0,NaN
28.5000,-0.16313,-60.490,0.024,0.0,NaN
28.5167,-0.15946,-60.464,0.026,0.0,NaN
28.5333,-0.15585,-60.438,0.029,0.0,NaN
28.5500,-0.15238,-60.412,0.031,0.0,NaN
28.5667,-0.14910,-60.386,0.032,0.0,NaN
28.5833,-0.14610,-60.361,0.033,0.0,NaN
28.6000,-0.14344,-60.337,0.032,0.0,NaN
28.6167,-0.14116,-60.315,0.030,0.0,NaN
28.6333,-0.13933,-60.295,0.027,0.0,NaN
28.6500,-0.13797,-60.276,0.024,0.0,NaN
28.6667,-0.13711,-60.259,0.022,0.0,NaN
28.6833,-0.13678,-60.243,0.021,0.0,NaN
28.7000,-0.13698,-60.228,0.021,0.0,NaN
28.7167,-0.13771,-60.215,0.020,0.0,NaN
28.7333,-0.13897,-60.203,0.019,0.0,NaN
28.7500,-0.14073,-60.193,0.017,0.0,NaN
28.7667,-0.14296,-60.184,0.013,0.0,NaN
28.7833,-0.14560,-60.177,0.009,0.0,NaN
28.8000,-0.14862,-60.171,0.005,0.0,NaN
28.8167,-0.15194,-60.166,0.001,0.0,NaN
28.8333,-0.15549,-60.161,-0.002,0.0,NaN
28.8500,-0.15922,-60.156,-0.004,0.0,NaN
28.8667,-0.16303,-60.151,-0.006,0.0,NaN
28.8833,-0.16685,-60.146,-0.008,0.0,NaN
28.9000,-0.17059,-60.141,-0.010,0.0,NaN
28.9167,-0.17418,-60.136,-0.013,0.0,NaN
28.9333,-0.17753,-60.131,-0.015,0.0,NaN
28.9500,-0.18058,-60.127,-0.018,0.0,NaN
28.9667,-0.18326,-60.122,-0.019,0.0,NaN
28.9833,-0.18553,-60.119,-0.020,0.0,NaN
29.0000,-0.18736,-60.115,-0.019,0.0,NaN
29.0167,-0.18876,-60.112,-0.017,0.0,NaN
29.0333,-0.18967,-60.110,-0.015,0.0,NaN
29.0500,-0.19004,-60.108,-0.013,0.0,NaN
29.0667,-0.18986,-60.106,-0.011,0.0,NaN
29.0833,-0.18912,-60.105,-0.008,0.0,NaN
29.1000,-0.18784,-60.104,-0.006,0.0,NaN
29.1167,-0.18606,-60.103,-0.002,0.0,NaN
29.1333,-0.18381,-60.103,0.003,0.0,NaN
29.1500,-0.18114,-60.102,0.008,0.0,NaN
29.1667,-0.17812,-60.103,0.012,0.0,NaN
29.1833,-0.17480,-60.103,0.016,0.0,NaN
29.2000,-0.17127,-60.103,0.018,0.0,NaN
29.2167,-0.16760,-60.102,0.019,0.0,NaN
29.2333,-0.16388,-60.101,0.021,0.0,NaN
29.2500,-0.16019,-60.101,0.022,0.0,NaN
29.2667,-0.15661,-60.100,0.024,0.0,NaN
29.2833,-0.15321,-60.098,0.026,0.0,NaN
29.3000,-0.15008,-60.097,0.028,0.0,NaN
29.3167,-0.14727,-60.096,0.028,0.0,NaN
29.3333,-0.14485,-60.096,0.027,0.0,NaN
29.3500,-0.14285,-60.097,0.026,0.0,NaN
29.3667,-0.14133,-60.099,0.023,0.0,NaN
29.3833,-0.14031,-60.102,0.021,0.0,NaN
29.4000,-0.13983,-60.106,0.019,0.0,NaN
29.4167,-0.13988,-60.112,0.019,0.0,NaN
29.4333,-0.14047,-60.118,0.019,0.0,NaN
29.4500,-0.14159,-60.126,0.019,0.0,NaN
29.4667,-0.14322,-60.134,0.019,0.0,NaN
29.4833,-0.14534,-60.143,0.017,0.0,NaN
29.5000,-0.14789,-60.152,0.014,0.0,NaN
29.5167,-0.15082,-60.162,0.010,0.0,NaN
29.5333,-0.15408,-60.172,0.006,0.0,NaN
29.5500,-0.15760,-60.183,0.003,0.0,NaN
29.5667,-0.16130,-60.193,0.001,0.0,NaN
29.5833,-0.16510,-60.202,-0.001,0.0,NaN
29.6000,-0.16893,-60.212,-0.003,0.0,NaN
29.6167,-0.17270,-60.220,-0.005,0.0,NaN
29.6333,-0.17633,-60.229,-0.007,0.0,NaN
29.6500,-0.17975,-60.236,-0.009,0.0,NaN
29.6667,-0.18287,-60.244,-0.012,0.0,NaN
29.6833,-0.18564,-60.251,-0.014,0.0,NaN
29.7000,-0.18801,-60.259,-0.016,0.0,NaN
29.7167,-0.18995,-60.266,-0.016,0.0,NaN
29.7333,-0.19146,-60.274,-0.015,0.0,NaN
29.7500,-0.19252,-60.281,-0.013,0.0,NaN
29.7667,-0.19304,-60.289,-0.011,0.0,NaN
29.7833,-0.19302,-60.296,-0.010,0.0,NaN
29.8000,-0.19244,-60.302,-0.008,0.0,NaN
29.8167,-0.19133,-60.309,-0.005,0.0,NaN
29.8333,-0.18970,-60.316,-0.003,0.0,NaN
29.8500,-0.18759,-60.322,0.001,0.0,NaN
29.8667,-0.18505,-60.328,0.005,0.0,NaN
29.8833,-0.18214,-60.334,0.009,0.0,NaN
29.9000,-0.17891,-60.340,0.012,0.0,NaN
29.9167,-0.17544,-60.344,0.014,0.0,NaN
29.9333,-0.17181,-60.348,0.015,0.0,NaN
29.9500,-0.16809,-60.350,0.016,0.0,NaN
29.9667,-0.16438,-60.352,0.017,0.0,NaN
29.9833,-0.16074,-60.353,0.018,0.0,NaN
30.0000,-0.15726,-60.354,0.020,0.0,NaN
30.0167,-0.15401,-60.354,0.022,0.0,NaN
30.0333,-0.15106,-60.353,0.023,0.0,NaN
30.0500,-0.14847,-60.353,0.023,0.0,NaN
30.0667,-0.14629,-60.353,0.021,0.0,NaN
30.0833,-0.14457,-60.354,0.019,0.0,NaN
30.1000,-0.14334,-60.355,0.017,0.0,NaN
30.1167,-0.14263,-60.357,0.016,0.0,NaN
30.1333,-0.14246,-60.359,0.016,0.0,NaN
30.1500,-0.14283,-60.362,0.016,0.0,NaN
30.1667,-0.14373,-60.365,0.017,0.0,NaN
30.1833,-0.14516,-60.369,0.018,0.0,NaN
30.2000,-0.14708,-60.373,0.017,0.0,NaN
30.2167,-0.14945,-60.377,0.015,0.0,NaN
30.2333,-0.15223,-60.381,0.012,0.0,NaN
30.2500,-0.15536,-60.385,0.008,0.0,NaN
30.2667,-0.15878,-60.389,0.004,0.0,NaN
30.2833,-0.16241,-60.393,0.002,0.0,NaN
30.3000,-0.16619,-60.395,-0.000,0.0,NaN
30.3167,-0.17002,-60.397,-0.001,0.0,NaN
30.3333,-0.17384,-60.398,-0.002,0.0,NaN
30.3500,-0.17754,-60.398,-0.004,0.0,NaN
30.3667,-0.18107,-60.397,-0.005,0.0,NaN
30.3833,-0.18435,-60.395,-0.008,0.0,NaN
30.4000,-0.18730,-60.393,-0.010,0.0,NaN
30.4167,-0.18987,-60.390,-0.012,0.0,NaN
30.4333,-0.19203,-60.388,-0.013,0.0,NaN
30.4500,-0.19376,-60.385,-0.012,0.0,NaN
30.4667,-0.19506,-60.382,-0.011,0.0,NaN
30.4833,-0.19586,-60.379,-0.009,0.0,NaN
30.5000,-0.19612,-60.375,-0.007,0.0,NaN
30.5167,-0.19582,-60.370,-0.005,0.0,NaN
30.5333,-0.19498,-60.366,-0.003,0.0,NaN
30.5500,-0.19362,-60.361,-0.001,0.0,NaN
30.5667,-0.19176,-60.356,0.001,0.0,NaN
30.5833,-0.18945,-60.350,0.005,0.0,NaN
30.6000,-0.18673,-60.345,0.008,0.0,NaN
30.6167,-0.18366,-60.339,0.011,0.0,NaN
30.6333,-0.18031,-60.332,0.013,0.0,NaN
30.6500,-0.17675,-60.324,0.014,0.0,NaN
30.6667,-0.17306,-60.315,0.014,0.0,NaN
30.6833,-0.16932,-60.306,0.015,0.0,NaN
30.7000,-0.16562,-60.295,0.016,0.0,NaN
30.7167,-0.16203,-60.283,0.017,0.0,NaN
30.7333,-0.15863,-60.271,0.019,0.0,NaN
30.7500,-0.15550,-60.259,0.021,0.0,NaN
30.7667,-0.15270,-60.245,0.021,0.0,NaN
30.7833,-0.15029,-60.232,0.020,0.0,NaN
30.8000,-0.14832,-60.219,0.018,0.0,NaN
30.8167,-0.14683,-60.207,0.016,0.0,NaN
30.8333,-0.14585,-60.194,0.014,0.0,NaN
30.8500,-0.14541,-60.182,0.014,0.0,NaN
30.8667,-0.14552,-60.171,0.014,0.0,NaN
30.8833,-0.14617,-60.160,0.015,0.0,NaN
30.9000,-0.14735,-60.149,0.016,0.0,NaN
30.9167,-0.14905,-60.138,0.016,0.0,NaN
30.9333,-0.15124,-60.127,0.014,0.0,NaN
30.9500,-0.15385,-60.117,0.011,0.0,NaN
30.9667,-0.15686,-60.106,0.007,0.0,NaN
30.9833,-0.16018,-60.095,0.004,0.0,NaN
31.0000,-0.16376,-60.083,0.001,0.0,NaN
31.0167,-0.16751,-60.071,-0.001,0.0,NaN
31.0333,-0.17135,-60.058,-0.002,0.0,NaN
31.0500,-0.17520,-60.044,-0.003,0.0,NaN
31.0667,-0.17897,-60.030,-0.003,0.0,NaN
31.0833,-0.18259,-60.016,-0.005,0.0,NaN
31.1000,-0.18597,-60.002,-0.006,0.0,NaN
31.1167,-0.18906,-59.988,-0.009,0.0,NaN
31.1333,-0.19178,-59.974,-0.011,0.0,NaN
31.1500,-0.19408,-59.961,-0.012,0.0,NaN
31.1667,-0.19596,-59.948,-0.012,0.0,NaN
31.1833,-0.19741,-59.935,-0.010,0.0,NaN
31.2000,-0.19836,-59.923,-0.008,0.0,NaN
31.2167,-0.19877,-59.911,-0.006,0.0,NaN
31.2333,-0.19862,-59.899,-0.004,0.0,NaN
31.2500,-0.19793,-59.888,-0.003,0.0,NaN
31.2667,-0.19671,-59.877,-0.001,0.0,NaN
31.2833,-0.19498,-59.867,0.001,0.0,NaN
31.3000,-0.19277,-59.857,0.004,0.0,NaN
31.3167,-0.19015,-59.848,0.007,0.0,NaN
31.3333,-0.18715,-59.839,0.009,0.0,NaN
31.3500,-0.18386,-59.830,0.011,0.0,NaN
31.3667,-0.18033,-59.821,0.012,0.0,NaN
31.3833,-0.17665,-59.812,0.013,0.0,NaN
31.4000,-0.17290,-59.802,0.013,0.0,NaN
31.4167,-0.16916,-59.792,0.015,0.0,NaN
31.4333,-0.16552,-59.781,0.016,0.0,NaN
31.4500,-0.16205,-59.770,0.017,0.0,NaN
31.4667,-0.15885,-59.758,0.019,0.0,NaN
31.4833,-0.15596,-59.747,0.019,0.0,NaN
31.5000,-0.15347,-59.735,0.019,0.0,NaN
31.5167,-0.15142,-59.723,0.017,0.0,NaN
31.5333,-0.14987,-59.712,0.016,0.0,NaN
31.5500,-0.14883,-59.701,0.014,0.0,NaN
31.5667,-0.14834,-59.690,0.013,0.0,NaN
31.5833,-0.14842,-59.679,0.013,0.0,NaN
31.6000,-0.14905,-59.668,0.014,0.0,NaN
31.6167,-0.15023,-59.658,0.015,0.0,NaN
31.6333,-0.15195,-59.647,0.015,0.0,NaN
31.6500,-0.15415,-59.636,0.014,0.0,NaN
31.6667,-0.15680,-59.625,0.011,0.0,NaN
31.6833,-0.15984,-59.615,0.008,0.0,NaN
31.7000,-0.16319,-59.604,0.004,0.0,NaN
31.7167,-0.16679,-59.593,0.001,0.0,NaN
31.7333,-0.17056,-59.581,-0.001,0.0,NaN
31.7500,-0.17440,-59.570,-0.002,0.0,NaN
31.7667,-0.17825,-59.559,-0.002,0.0,NaN
31.7833,-0.18200,-59.548,-0.003,0.0,NaN
31.8000,-0.18558,-59.537,-0.003,0.0,NaN
31.8167,-0.18892,-59.527,-0.005,0.0,NaN
31.8333,-0.19195,-59.518,-0.007,0.0,NaN
31.8500,-0.19460,-59.510,-0.009,0.0,NaN
31.8667,-0.19683,-59.502,-0.010,0.0,NaN
31.8833,-0.19863,-59.496,-0.010,0.0,NaN
31.9000,-0.19998,-59.490,-0.009,0.0,NaN
31.9167,-0.20084,-59.486,-0.007,0.0,NaN
31.9333,-0.20115,-59.483,-0.005,0.0,NaN
31.9500,-0.20091,-59.480,-0.004,0.0,NaN
31.9667,-0.20013,-59.478,-0.002,0.0,NaN
31.9833,-0.19882,-59.478,-0.001,0.0,NaN
32.0000,-0.19702,-59.479,0.001,0.0,NaN
32.0167,-0.19475,-59.480,0.004,0.0,NaN
32.0333,-0.19207,-59.482,0.006,0.0,NaN
32.0500,-0.18903,-59.485,0.009,0.0,NaN
32.0667,-0.18570,-59.488,0.010,0.0,NaN
32.0833,-0.18216,-59.492,0.011,0.0,NaN
32.1000,-0.17848,-59.496,0.012,0.0,NaN
32.1167,-0.17474,-59.499,0.012,0.0,NaN
32.1333,-0.17103,-59.502,0.013,0.0,NaN
32.1500,-0.16743,-59.505,0.015,0.0,NaN
32.1667,-0.16402,-59.507,0.016,0.0,NaN
32.1833,-0.16089,-59.509,0.017,0.0,NaN
32.2000,-0.15809,-59.511,0.018,0.0,NaN
32.2167,-0.15570,-59.513,0.017,0.0,NaN
32.2333,-0.15376,-59.514,0.016,0.0,NaN
32.2500,-0.15232,-59.516,0.014,0.0,NaN
32.2667,-0.15141,-59.518,0.013,0.0,NaN
32.2833,-0.15105,-59.519,0.012,0.0,NaN
32.3000,-0.15126,-59.521,0.012,0.0,NaN
32.3167,-0.15203,-59.522,0.013,0.0,NaN
32.3333,-0.15334,-59.523,0.014,0.0,NaN
32.3500,-0.15518,-59.524,0.014,0.0,NaN
32.3667,-0.15749,-59.524,0.013,0.0,NaN
32.3833,-0.16024,-59.524,0.010,0.0,NaN
32.4000,-0.16335,-59.524,0.007,0.0,NaN
32.4167,-0.16677,-59.523,0.004,0.0,NaN
32.4333,-0.17040,-59.522,0.001,0.0,NaN
32.4500,-0.17418,-59.521,-0.000,0.0,NaN
32.4667,-0.17802,-59.520,-0.001,0.0,NaN
32.4833,-0.18183,-59.518,-0.002,0.0,NaN
32.5000,-0.18553,-59.517,-0.002,0.0,NaN
32.5167,-0.18904,-59.516,-0.003,0.0,NaN
32.5333,-0.19229,-59.516,-0.004,0.0,NaN
32.5500,-0.19522,-59.516,-0.006,0.0,NaN
32.5667,-0.19776,-59.517,-0.008,0.0,NaN
32.5833,-0.19989,-59.519,-0.009,0.0,NaN
32.6000,-0.20159,-59.521,-0.009,0.0,NaN
32.6167,-0.20285,-59.525,-0.008,0.0,NaN
32.6333,-0.20362,-59.529,-0.006,0.0,NaN
32.6500,-0.20385,-59.534,-0.004,0.0,NaN
32.6667,-0.20353,-59.539,-0.003,0.0,NaN
32.6833,-0.20269,-59.546,-0.001,0.0,NaN
32.7000,-0.20133,-59.553,0.000,0.0,NaN
32.7167,-0.19948,-59.561,0.002,0.0,NaN
32.7333,-0.19718,-59.569,0.005,0.0,NaN
32.7500,-0.19449,-59.578,0.008,0.0,NaN
32.7667,-0.19144,-59.587,0.010,0.0,NaN
32.7833,-0.18812,-59.597,0.011,0.0,NaN
32.8000,-0.18459,-59.606,0.012,0.0,NaN
32.8167,-0.18093,-59.615,0.012,0.0,NaN
32.8333,-0.17722,-59.623,0.013,0.0,NaN
32.8500,-0.17354,-59.631,0.013,0.0,NaN
32.8667,-0.16997,-59.638,0.015,0.0,NaN
32.8833,-0.16660,-59.644,0.016,0.0,NaN
32.9000,-0.16350,-59.649,0.017,0.0,NaN
32.9167,-0.16074,-59.654,0.017,0.0,NaN
32.9333,-0.15838,-59.658,0.016,0.0,NaN
32.9500,-0.15647,-59.662,0.015,0.0,NaN
32.9667,-0.15505,-59.666,0.013,0.0,NaN
32.9833,-0.15417,-59.668,0.012,0.0,NaN
33.0000,-0.15383,-59.671,0.011,0.0,NaN
33.0167,-0.15405,-59.672,0.012,0.0,NaN
33.0333,-0.15482,-59.674,0.013,0.0,NaN
33.0500,-0.15614,-59.674,0.014,0.0,NaN
33.0667,-0.15797,-59.674,0.014,0.0,NaN
33.0833,-0.16028,-59.673,0.012,0.0,NaN
33.1000,-0.16301,-59.671,0.010,0.0,NaN
33.1167,-0.16610,-59.669,0.006,0.0,NaN
33.1333,-0.16949,-59.666,0.003,0.0,NaN
33.1500,-0.17310,-59.662,0.000,0.0,NaN
33.1667,-0.17685,-59.658,-0.001,0.0,NaN
33.1833,-0.18066,-59.653,-0.002,0.0,NaN
33.2000,-0.18444,-59.648,-0.002,0.0,NaN
33.2167,-0.18811,-59.643,-0.002,0.0,NaN
33.2333,-0.19161,-59.637,-0.003,0.0,NaN
33.2500,-0.19484,-59.632,-0.005,0.0,NaN
33.2667,-0.19776,-59.628,-0.007,0.0,NaN
33.2833,-0.20031,-59.623,-0.008,0.0,NaN
33.3000,-0.20245,-59.620,-0.009,0.0,NaN
33.3167,-0.20419,-59.617,-0.009,0.0,NaN
33.3333,-0.20549,-59.615,-0.007,0.0,NaN
33.3500,-0.20630,-59.613,-0.005,0.0,NaN
33.3667,-0.20659,-59.612,-0.004,0.0,NaN
33.3833,-0.20635,-59.611,-0.002,0.0,NaN
33.4000,-0.20558,-59.611,-0.001,0.0,NaN
33.4167,-0.20430,-59.612,0.000,0.0,NaN
33.4333,-0.20254,-59.613,0.002,0.0,NaN
33.4500,-0.20033,-59.615,0.005,0.0,NaN
33.4667,-0.19772,-59.617,0.008,0.0,NaN
33.4833,-0.19475,-59.620,0.010,0.0,NaN
33.5000,-0.19150,-59.622,0.011,0.0,NaN
33.5167,-0.18802,-59.625,0.012,0.0,NaN
33.5333,-0.18440,-59.627,0.012,0.0,NaN
33.5500,-0.18071,-59.628,0.012,0.0,NaN
33.5667,-0.17703,-59.629,0.013,0.0,NaN
33.5833,-0.17345,-59.629,0.014,0.0,NaN
33.6000,-0.17004,-59.627,0.016,0.0,NaN
33.6167,-0.16688,-59.626,0.017,0.0,NaN
33.6333,-0.16404,-59.623,0.017,0.0,NaN
33.6500,-0.16158,-59.620,0.017,0.0,NaN
33.6667,-0.15956,-59.616,0.015,0.0,NaN
33.6833,-0.15803,-59.612,0.013,0.0,NaN
33.7000,-0.15701,-59.607,0.012,0.0,NaN
33.7167,-0.15654,-59.602,0.011,0.0,NaN
33.7333,-0.15662,-59.595,0.012,0.0,NaN
33.7500,-0.15726,-59.588,0.013,0.0,NaN
33.7667,-0.15844,-59.581,0.014,0.0,NaN
33.7833,-0.16014,-59.572,0.014,0.0,NaN
33.8000,-0.16232,-59.563,0.013,0.0,NaN
33.8167,-0.16494,-59.553,0.010,0.0,NaN
33.8333,-0.16794,-59.542,0.006,0.0,NaN
33.8500,-0.17125,-59.531,0.003,0.0,NaN
33.8667,-0.17479,-59.520,0.000,0.0,NaN
33.8833,-0.17849,-59.507,-0.001,0.0,NaN
33.9000,-0.18226,-59.495,-0.001,0.0,NaN
33.9167,-0.18603,-59.482,-0.002,0.0,NaN
33.9333,-0.18971,-59.469,-0.002,0.0,NaN
33.9500,-0.19322,-59.457,-0.003,0.0,NaN
33.9667,-0.19650,-59.445,-0.004,0.0,NaN
33.9833,-0.19948,-59.433,-0.006,0.0,NaN
34.0000,-0.20211,-59.423,-0.008,0.0,NaN
34.0167,-0.20434,-59.414,-0.009,0.0,NaN
34.0333,-0.20617,-59.405,-0.009,0.0,NaN
34.0500,-0.20758,-59.397,-0.007,0.0,NaN
34.0667,-0.20852,-59.391,-0.005,0.0,NaN
34.0833,-0.20894,-59.385,-0.003,0.0,NaN
34.1000,-0.20885,-59.380,-0.002,0.0,NaN
34.1167,-0.20823,-59.376,-0.001,0.0,NaN
34.1333,-0.20711,-59.374,0.000,0.0,NaN
34.1500,-0.20550,-59.372,0.002,0.0,NaN
34.1667,-0.20344,-59.371,0.004,0.0,NaN
34.1833,-0.20097,-59.370,0.007,0.0,NaN
34.2000,-0.19813,-59.371,0.009,0.0,NaN
34.2167,-0.19499,-59.372,0.010,0.0,NaN
34.2333,-0.19160,-59.374,0.011,0.0,NaN
34.2500,-0.18804,-59.375,0.012,0.0,NaN
34.2667,-0.18439,-59.377,0.012,0.0,NaN
34.2833,-0.18073,-59.378,0.013,0.0,NaN
34.3000,-0.17712,-59.378,0.014,0.0,NaN
34.3167,-0.17367,-59.378,0.015,0.0,NaN
34.3333,-0.17043,-59.377,0.017,0.0,NaN
34.3500,-0.16749,-59.376,0.017,0.0,NaN
34.3667,-0.16491,-59.374,0.017,0.0,NaN
34.3833,-0.16275,-59.372,0.015,0.0,NaN
34.4000,-0.16106,-59.369,0.014,0.0,NaN
34.4167,-0.15988,-59.366,0.012,0.0,NaN
34.4333,-0.15922,-59.362,0.012,0.0,NaN
34.4500,-0.15912,-59.358,0.012,0.0,NaN
34.4667,-0.15958,-59.353,0.013,0.0,NaN
34.4833,-0.16058,-59.347,0.014,0.0,NaN
34.5000,-0.16211,-59.340,0.014,0.0,NaN
34.5167,-0.16414,-59.333,0.013,0.0,NaN
34.5333,-0.16661,-59.325,0.010,0.0,NaN
34.5500,-0.16948,-59.317,0.007,0.0,NaN
34.5667,-0.17267,-59.308,0.004,0.0,NaN
34.5833,-0.17613,-59.299,0.001,0.0,NaN
34.6000,-0.17976,-59.289,-0.000,0.0,NaN
34.6167,-0.18349,-59.279,-0.001,0.0,NaN
34.6333,-0.18724,-59.270,-0.001,0.0,NaN
34.6500,-0.19093,-59.260,-0.001,0.0,NaN
34.6667,-0.19448,-59.251,-0.002,0.0,NaN
34.6833,-0.19781,-59.243,-0.003,0.0,NaN
34.7000,-0.20088,-59.236,-0.005,0.0,NaN
34.7167,-0.20361,-59.229,-0.007,0.0,NaN
34.7333,-0.20596,-59.224,-0.009,0.0,NaN
34.7500,-0.20792,-59.220,-0.009,0.0,NaN
34.7667,-0.20947,-59.217,-0.007,0.0,NaN
34.7833,-0.21059,-59.216,-0.005,0.0,NaN
34.8000,-0.21122,-59.215,-0.003,0.0,NaN
34.8167,-0.21133,-59.216,-0.002,0.0,NaN
34.8333,-0.21094,-59.217,-0.001,0.0,NaN
34.8500,-0.21004,-59.220,-0.000,0.0,NaN
34.8667,-0.20866,-59.224,0.001,0.0,NaN
34.8833,-0.20682,-59.229,0.003,0.0,NaN
34.9000,-0.20456,-59.235,0.006,0.0,NaN
34.9167,-0.20191,-59.242,0.008,0.0,NaN
34.9333,-0.19894,-59.250,0.010,0.0,NaN
34.9500,-0.19570,-59.259,0.012,0.0,NaN
34.9667,-0.19226,-59.267,0.012,0.0,NaN
34.9833,-0.18869,-59.276,0.012,0.0,NaN
35.0000,-0.18506,-59.284,0.013,0.0,NaN
35.0167,-0.18146,-59.292,0.014,0.0,NaN
35.0333,-0.17796,-59.299,0.015,0.0,NaN
35.0500,-0.17464,-59.305,0.017,0.0,NaN
35.0667,-0.17158,-59.311,0.017,0.0,NaN
35.0833,-0.16884,-59.317,0.017,0.0,NaN
35.1000,-0.16648,-59.321,0.016,0.0,NaN
35.1167,-0.16457,-59.326,0.015,0.0,NaN
35.1333,-0.16313,-59.329,0.013,0.0,NaN
35.1500,-0.16221,-59.332,0.012,0.0,NaN
35.1667,-0.16183,-59.334,0.012,0.0,NaN
35.1833,-0.16200,-59.335,0.013,0.0,NaN
35.2000,-0.16271,-59.335,0.014,0.0,NaN
35.2167,-0.16396,-59.334,0.014,0.0,NaN
35.2333,-0.16571,-59.332,0.014,0.0,NaN
35.2500,-0.16793,-59.329,0.011,0.0,NaN
35.2667,-0.17057,-59.326,0.008,0.0,NaN
35.2833,-0.17357,-59.322,0.005,0.0,NaN
35.3000,-0.17687,-59.318,0.002,0.0,NaN
35.3167,-0.18038,-59.312,0.001,0.0,NaN
35.3333,-0.18403,-59.307,-0.000,0.0,NaN
35.3500,-0.18774,-59.301,-0.000,0.0,NaN
35.3667,-0.19144,-59.295,-0.001,0.0,NaN
35.3833,-0.19504,-59.289,-0.001,0.0,NaN
35.4000,-0.19847,-59.284,-0.003,0.0,NaN
35.4167,-0.20167,-59.279,-0.005,0.0,NaN
35.4333,-0.20458,-59.275,-0.007,0.0,NaN
35.4500,-0.20714,-59.272,-0.009,0.0,NaN
35.4667,-0.20933,-59.270,-0.009,0.0,NaN
35.4833,-0.21114,-59.269,-0.008,0.0,NaN
35.5000,-0.21255,-59.270,-0.006,0.0,NaN
35.5167,-0.21351,-59.271,-0.004,0.0,NaN
35.5333,-0.21399,-59.273,-0.002,0.0,NaN
35.5500,-0.21397,-59.276,-0.002,0.0,NaN
35.5667,-0.21345,-59.280,-0.001,0.0,NaN
35.5833,-0.21245,-59.285,-0.000,0.0,NaN
35.6000,-0.21098,-59.291,0.001,0.0,NaN
35.6167,-0.20906,-59.298,0.004,0.0,NaN
35.6333,-0.20675,-59.306,0.008,0.0,NaN
35.6500,-0.20407,-59.314,0.010,0.0,NaN
35.6667,-0.20108,-59.323,0.012,0.0,NaN
35.6833,-0.19784,-59.332,0.013,0.0,NaN
35.7000,-0.19441,-59.342,0.013,0.0,NaN
35.7167,-0.19086,-59.351,0.014,0.0,NaN
35.7333,-0.18727,-59.359,0.014,0.0,NaN
35.7500,-0.18372,-59.367,0.015,0.0,NaN
35.7667,-0.18027,-59.374,0.017,0.0,NaN
35.7833,-0.17702,-59.380,0.018,0.0,NaN
35.8000,-0.17401,-59.385,0.019,0.0,NaN
35.8167,-0.17134,-59.389,0.018,0.0,NaN
35.8333,-0.16905,-59.393,0.017,0.0,NaN
35.8500,-0.16719,-59.396,0.015,0.0,NaN
35.8667,-0.16581,-59.398,0.014,0.0,NaN
35.8833,-0.16494,-59.399,0.013,0.0,NaN
35.9000,-0.16460,-59.399,0.013,0.0,NaN
35.9167,-0.16481,-59.397,0.014,0.0,NaN
35.9333,-0.16555,-59.394,0.015,0.0,NaN
35.9500,-0.16681,-59.391,0.015,0.0,NaN
35.9667,-0.16858,-59.386,0.014,0.0,NaN
35.9833,-0.17080,-59.380,0.011,0.0,NaN
36.0000,-0.17343,-59.373,0.008,0.0,NaN
36.0167,-0.17641,-59.366,0.004,0.0,NaN
36.0333,-0.17968,-59.358,0.002,0.0,NaN
36.0500,-0.18316,-59.349,0.000,0.0,NaN
36.0667,-0.18677,-59.339,-0.000,0.0,NaN
36.0833,-0.19044,-59.329,-0.000,0.0,NaN
36.1000,-0.19409,-59.319,-0.001,0.0,NaN
36.1167,-0.19764,-59.309,-0.002,0.0,NaN
36.1333,-0.20103,-59.299,-0.004,0.0,NaN
36.1500,-0.20420,-59.291,-0.006,0.0,NaN
36.1667,-0.20708,-59.283,-0.008,0.0,NaN
36.1833,-0.20962,-59.275,-0.010,0.0,NaN
36.2000,-0.21181,-59.269,-0.010,0.0,NaN
36.2167,-0.21363,-59.264,-0.008,0.0,NaN
36.2333,-0.21506,-59.260,-0.006,0.0,NaN
36.2500,-0.21606,-59.257,-0.004,0.0,NaN
36.2667,-0.21658,-59.255,-0.003,0.0,NaN
36.2833,-0.21662,-59.253,-0.002,0.0,NaN
36.3000,-0.21618,-59.253,-0.002,0.0,NaN
36.3167,-0.21526,-59.254,-0.001,0.0,NaN
36.3333,-0.21388,-59.256,0.001,0.0,NaN
36.3500,-0.21206,-59.259,0.004,0.0,NaN
36.3667,-0.20985,-59.263,0.008,0.0,NaN
36.3833,-0.20727,-59.267,0.011,0.0,NaN
36.4000,-0.20438,-59.272,0.012,0.0,NaN
36.4167,-0.20122,-59.278,0.013,0.0,NaN
36.4333,-0.19787,-59.284,0.013,0.0,NaN
36.4500,-0.19438,-59.289,0.013,0.0,NaN
36.4667,-0.19083,-59.294,0.014,0.0,NaN
36.4833,-0.18730,-59.299,0.015,0.0,NaN
36.5000,-0.18385,-59.303,0.017,0.0,NaN
36.5167,-0.18056,-59.306,0.019,0.0,NaN
36.5333,-0.17750,-59.308,0.019,0.0,NaN
36.5500,-0.17475,-59.310,0.019,0.0,NaN
36.5667,-0.17235,-59.311,0.018,0.0,NaN
36.5833,-0.17037,-59.311,0.016,0.0,NaN
36.6000,-0.16885,-59.311,0.015,0.0,NaN
36.6167,-0.16783,-59.309,0.014,0.0,NaN
36.6333,-0.16732,-59.306,0.014,0.0,NaN
36.6500,-0.16735,-59.302,0.015,0.0,NaN
36.6667,-0.16791,-59.296,0.016,0.0,NaN
36.6833,-0.16899,-59.290,0.016,0.0,NaN
36.7000,-0.17057,-59.282,0.015,0.0,NaN
36.7167,-0.17263,-59.274,0.012,0.0,NaN
36.7333,-0.17510,-59.265,0.009,0.0,NaN
36.7500,-0.17793,-59.255,0.005,0.0,NaN
36.7667,-0.18107,-59.244,0.003,0.0,NaN
36.7833,-0.18445,-59.233,0.001,0.0,NaN
36.8000,-0.18798,-59.221,0.001,0.0,NaN
36.8167,-0.19159,-59.209,0.000,0.0,NaN
36.8333,-0.19521,-59.197,-0.001,0.0,NaN
36.8500,-0.19877,-59.185,-0.002,0.0,NaN
36.8667,-0.20219,-59.173,-0.004,0.0,NaN
36.8833,-0.20541,-59.163,-0.006,0.0,NaN
36.9000,-0.20837,-59.153,-0.009,0.0,NaN
36.9167,-0.21103,-59.145,-0.010,0.0,NaN
36.9333,-0.21334,-59.138,-0.010,0.0,NaN
36.9500,-0.21530,-59.131,-0.008,0.0,NaN
36.9667,-0.21690,-59.126,-0.006,0.0,NaN
36.9833,-0.21809,-59.123,-0.004,0.0,NaN
37.0000,-0.21884,-59.120,-0.003,0.0,NaN
37.0167,-0.21912,-59.119,-0.003,0.0,NaN
37.0333,-0.21893,-59.118,-0.003,0.0,NaN
37.0500,-0.21827,-59.119,-0.002,0.0,NaN
37.0667,-0.21715,-59.122,-0.001,0.0,NaN
37.0833,-0.21560,-59.125,0.002,0.0,NaN
37.1000,-0.21364,-59.129,0.006,0.0,NaN
37.1167,-0.21131,-59.135,0.009,0.0,NaN
37.1333,-0.20864,-59.141,0.012,0.0,NaN
37.1500,-0.20568,-59.148,0.013,0.0,NaN
37.1667,-0.20249,-59.156,0.013,0.0,NaN
37.1833,-0.19913,-59.163,0.013,0.0,NaN
37.2000,-0.19566,-59.171,0.013,0.0,NaN
37.2167,-0.19216,-59.178,0.014,0.0,NaN
37.2333,-0.18869,-59.185,0.016,0.0,NaN
37.2500,-0.18533,-59.191,0.018,0.0,NaN
37.2667,-0.18215,-59.197,0.020,0.0,NaN
37.2833,-0.17923,-59.202,0.020,0.0,NaN
37.3000,-0.17661,-59.206,0.019,0.0,NaN
37.3167,-0.17437,-59.210,0.017,0.0,NaN
37.3333,-0.17255,-59.213,0.016,0.0,NaN
37.3500,-0.17120,-59.215,0.015,0.0,NaN
37.3667,-0.17033,-59.216,0.015,0.0,NaN
37.3833,-0.16999,-59.216,0.016,0.0,NaN
37.4000,-0.17017,-59.214,0.017,0.0,NaN
37.4167,-0.17087,-59.211,0.017,0.0,NaN
37.4333,-0.17208,-59.207,0.016,0.0,NaN
37.4500,-0.17378,-59.202,0.014,0.0,NaN
37.4667,-0.17593,-59.196,0.011,0.0,NaN
37.4833,-0.17847,-59.189,0.008,0.0,NaN
37.5000,-0.18136,-59.182,0.005,0.0,NaN
37.5167,-0.18452,-59.174,0.003,0.0,NaN
37.5333,-0.18790,-59.165,0.002,0.0,NaN
37.5500,-0.19141,-59.156,0.002,0.0,NaN
37.5667,-0.19499,-59.147,0.001,0.0,NaN
37.5833,-0.19856,-59.138,-0.001,0.0,NaN
37.6000,-0.20204,-59.129,-0.003,0.0,NaN
37.6167,-0.20539,-59.120,-0.005,0.0,NaN
37.6333,-0.20852,-59.113,-0.007,0.0,NaN
37.6500,-0.21140,-59.107,-0.009,0.0,NaN
37.6667,-0.21397,-59.102,-0.009,0.0,NaN
37.6833,-0.21621,-59.097,-0.009,0.0,NaN
37.7000,-0.21811,-59.095,-0.007,0.0,NaN
37.7167,-0.21965,-59.093,-0.005,0.0,NaN
37.7333,-0.22080,-59.093,-0.004,0.0,NaN
37.7500,-0.22152,-59.093,-0.003,0.0,NaN
37.7667,-0.22178,-59.095,-0.003,0.0,NaN
37.7833,-0.22159,-59.098,-0.003,0.0,NaN
37.8000,-0.22095,-59.102,-0.002,0.0,NaN
37.8167,-0.21987,-59.108,-0.000,0.0,NaN
37.8333,-0.21836,-59.114,0.003,0.0,NaN
37.8500,-0.21646,-59.122,0.007,0.0,NaN
37.8667,-0.21419,-59.130,0.010,0.0,NaN
37.8833,-0.21159,-59.140,0.012,0.0,NaN
37.9000,-0.20871,-59.150,0.013,0.0,NaN
37.9167,-0.20559,-59.160,0.013,0.0,NaN
37.9333,-0.20231,-59.171,0.013,0.0,NaN
37.9500,-0.19891,-59.181,0.013,0.0,NaN
37.9667,-0.19546,-59.191,0.015,0.0,NaN
37.9833,-0.19203,-59.201,0.017,0.0,NaN
38.0000,-0.18870,-59.210,0.019,0.0,NaN
38.0167,-0.18554,-59.218,0.020,0.0,NaN
38.0333,-0.18260,-59.226,0.020,0.0,NaN
38.0500,-0.17996,-59.233,0.019,0.0,NaN
38.0667,-0.17767,-59.239,0.017,0.0,NaN
38.0833,-0.17578,-59.244,0.016,0.0,NaN
38.1000,-0.17433,-59.248,0.015,0.0,NaN
38.1167,-0.17337,-59.251,0.016,0.0,NaN
38.1333,-0.17290,-59.252,0.017,0.0,NaN
38.1500,-0.17295,-59.252,0.018,0.0,NaN
38.1667,-0.17351,-59.250,0.018,0.0,NaN
38.1833,-0.17457,-59.247,0.017,0.0,NaN
38.2000,-0.17612,-59.243,0.014,0.0,NaN
38.2167,-0.17812,-59.238,0.011,0.0,NaN
38.2333,-0.18052,-59.232,0.008,0.0,NaN
38.2500,-0.18327,-59.226,0.006,0.0,NaN
38.2667,-0.18631,-59.218,0.004,0.0,NaN
38.2833,-0.18958,-59.209,0.003,0.0,NaN
38.3000,-0.19301,-59.200,0.002,0.0,NaN
38.3167,-0.19652,-59.190,0.001,0.0,NaN
38.3333,-0.20004,-59.181,-0.000,0.0,NaN
38.3500,-0.20351,-59.171,-0.003,0.0,NaN
38.3667,-0.20687,-59.162,-0.005,0.0,NaN
38.3833,-0.21004,-59.154,-0.007,0.0,NaN
38.4000,-0.21298,-59.146,-0.009,0.0,NaN
38.4167,-0.21565,-59.140,-0.009,0.0,NaN
38.4333,-0.21800,-59.135,-0.009,0.0,NaN
38.4500,-0.22003,-59.130,-0.007,0.0,NaN
38.4667,-0.22173,-59.127,-0.006,0.0,NaN
38.4833,-0.22307,-59.125,-0.004,0.0,NaN
38.5000,-0.22401,-59.124,-0.004,0.0,NaN
38.5167,-0.22452,-59.124,-0.004,0.0,NaN
38.5333,-0.22459,-59.126,-0.004,0.0,NaN
38.5500,-0.22423,-59.128,-0.003,0.0,NaN
38.5667,-0.22343,-59.132,-0.001,0.0,NaN
38.5833,-0.22222,-59.136,0.002,0.0,NaN
38.6000,-0.22060,-59.142,0.006,0.0,NaN
38.6167,-0.21861,-59.149,0.009,0.0,NaN
38.6333,-0.21628,-59.156,0.012,0.0,NaN
38.6500,-0.21364,-59.165,0.013,0.0,NaN
38.6667,-0.21074,-59.174,0.013,0.0,NaN
38.6833,-0.20762,-59.183,0.013,0.0,NaN
38.7000,-0.20435,-59.192,0.013,0.0,NaN
38.7167,-0.20099,-59.201,0.015,0.0,NaN
38.7333,-0.19759,-59.209,0.017,0.0,NaN
38.7500,-0.19423,-59.217,0.019,0.0,NaN
38.7667,-0.19097,-59.224,0.021,0.0,NaN
38.7833,-0.18789,-59.231,0.021,0.0,NaN
38.8000,-0.18503,-59.237,0.020,0.0,NaN
38.8167,-0.18247,-59.242,0.019,0.0,NaN
38.8333,-0.18026,-59.247,0.017,0.0,NaN
38.8500,-0.17845,-59.250,0.017,0.0,NaN
38.8667,-0.17708,-59.252,0.017,0.0,NaN
38.8833,-0.17617,-59.252,0.018,0.0,NaN
38.9000,-0.17576,-59.251,0.019,0.0,NaN
38.9167,-0.17585,-59.248,0.019,0.0,NaN
38.9333,-0.17645,-59.244,0.018,0.0,NaN
38.9500,-0.17753,-59.239,0.016,0.0,NaN
38.9667,-0.17909,-59.232,0.014,0.0,NaN
38.9833,-0.18108,-59.225,0.011,0.0,NaN
39.0000,-0.18346,-59.217,0.008,0.0,NaN
39.0167,-0.18618,-59.207,0.006,0.0,NaN
39.0333,-0.18918,-59.197,0.005,0.0,NaN
39.0500,-0.19241,-59.186,0.004,0.0,NaN
39.0667,-0.19578,-59.174,0.003,0.0,NaN
39.0833,-0.19923,-59.162,0.001,0.0,NaN
39.1000,-0.20270,-59.150,-0.001,0.0,NaN
39.1167,-0.20611,-59.138,-0.004,0.0,NaN
39.1333,-0.20941,-59.127,-0.006,0.0,NaN
39.1500,-0.21254,-59.116,-0.008,0.0,NaN
39.1667,-0.21545,-59.107,-0.009,0.0,NaN
39.1833,-0.21810,-59.098,-0.009,0.0,NaN
39.2000,-0.22045,-59.091,-0.008,0.0,NaN
39.2167,-0.22249,-59.085,-0.007,0.0,NaN
39.2333,-0.22422,-59.080,-0.006,0.0,NaN
39.2500,-0.22561,-59.076,-0.005,0.0,NaN
39.2667,-0.22662,-59.073,-0.005,0.0,NaN
39.2833,-0.22722,-59.072,-0.005,0.0,NaN
39.3000,-0.22739,-59.071,-0.004,0.0,NaN
39.3167,-0.22715,-59.072,-0.003,0.0,NaN
39.3333,-0.22650,-59.075,-0.001,0.0,NaN
39.3500,-0.22543,-59.078,0.002,0.0,NaN
39.3667,-0.22398,-59.082,0.005,0.0,NaN
39.3833,-0.22215,-59.088,0.009,0.0,NaN
39.4000,-0.21999,-59.094,0.011,0.0,NaN
39.4167,-0.21751,-59.102,0.012,0.0,NaN
39.4333,-0.21476,-59.110,0.012,0.0,NaN
39.4500,-0.21179,-59.119,0.013,0.0,NaN
39.4667,-0.20864,-59.128,0.014,0.0,NaN
39.4833,-0.20537,-59.136,0.015,0.0,NaN
39.5000,-0.20204,-59.145,0.017,0.0,NaN
39.5167,-0.19871,-59.153,0.019,0.0,NaN
39.5333,-0.19545,-59.161,0.021,0.0,NaN
39.5500,-0.19232,-59.168,0.021,0.0,NaN
39.5667,-0.18938,-59.175,0.021,0.0,NaN
39.5833,-0.18669,-59.181,0.019,0.0,NaN
39.6000,-0.18432,-59.186,0.018,0.0,NaN
39.6167,-0.18230,-59.191,0.018,0.0,NaN
39.6333,-0.18070,-59.193,0.018,0.0,NaN
39.6500,-0.17953,-59.195,0.019,0.0,NaN
39.6667,-0.17884,-59.195,0.020,0.0,NaN
39.6833,-0.17862,-59.193,0.020,0.0,NaN
39.7000,-0.17891,-59.190,0.019,0.0,NaN
39.7167,-0.17967,-59.186,0.018,0.0,NaN
39.7333,-0.18092,-59.181,0.015,0.0,NaN
39.7500,-0.18260,-59.175,0.013,0.0,NaN
39.7667,-0.18470,-59.168,0.010,0.0,NaN
39.7833,-0.18717,-59.160,0.008,0.0,NaN
39.8000,-0.18994,-59.151,0.007,0.0,NaN
39.8167,-0.19297,-59.140,0.005,0.0,NaN
39.8333,-0.19619,-59.129,0.004,0.0,NaN
39.8500,-0.19954,-59.118,0.002,0.0,NaN
39.8667,-0.20295,-59.107,-0.000,0.0,NaN
39.8833,-0.20635,-59.096,-0.003,0.0,NaN
39.9000,-0.20968,-59.085,-0.005,0.0,NaN
39.9167,-0.21289,-59.075,-0.007,0.0,NaN
39.9333,-0.21593,-59.066,-0.008,0.0,NaN
39.9500,-0.21874,-59.058,-0.008,0.0,NaN
39.9667,-0.22129,-59.051,-0.008,0.0,NaN
39.9833,-0.22355,-59.045,-0.008,0.0,NaN
40.0000,-0.22553,-59.040,-0.007,0.0,NaN
40.0167,-0.22721,-59.037,-0.006,0.0,NaN
40.0333,-0.22856,-59.035,-0.005,0.0,NaN
40.0500,-0.22954,-59.034,-0.005,0.0,NaN
40.0667,-0.23012,-59.034,-0.005,0.0,NaN
40.0833,-0.23031,-59.035,-0.004,0.0,NaN
40.1000,-0.23010,-59.038,-0.003,0.0,NaN
40.1167,-0.22948,-59.042,-0.001,0.0,NaN
40.1333,-0.22849,-59.047,0.002,0.0,NaN
40.1500,-0.22711,-59.054,0.006,0.0,NaN
40.1667,-0.22538,-59.061,0.009,0.0,NaN
40.1833,-0.22332,-59.070,0.011,0.0,NaN
40.2000,-0.22095,-59.079,0.012,0.0,NaN
40.2167,-0.21832,-59.090,0.013,0.0,NaN
40.2333,-0.21546,-59.100,0.013,0.0,NaN
40.2500,-0.21242,-59.111,0.014,0.0,NaN
40.2667,-0.20924,-59.122,0.016,0.0,NaN
40.2833,-0.20599,-59.132,0.018,0.0,NaN
40.3000,-0.20272,-59.142,0.020,0.0,NaN
40.3167,-0.19950,-59.153,0.021,0.0,NaN
40.3333,-0.19637,-59.162,0.021,0.0,NaN
40.3500,-0.19341,-59.172,0.021,0.0,NaN
40.3667,-0.19068,-59.180,0.020,0.0,NaN
40.3833,-0.18823,-59.188,0.019,0.0,NaN
40.4000,-0.18611,-59.195,0.019,0.0,NaN
40.4167,-0.18436,-59.200,0.019,0.0,NaN
40.4333,-0.18303,-59.203,0.020,0.0,NaN
40.4500,-0.18215,-59.205,0.020,0.0,NaN
40.4667,-0.18173,-59.206,0.021,0.0,NaN
40.4833,-0.18178,-59.205,0.020,0.0,NaN
40.5000,-0.18232,-59.203,0.019,0.0,NaN
40.5167,-0.18332,-59.200,0.017,0.0,NaN
40.5333,-0.18476,-59.196,0.014,0.0,NaN
40.5500,-0.18663,-59.190,0.012,0.0,NaN
40.5667,-0.18887,-59.184,0.010,0.0,NaN
40.5833,-0.19144,-59.176,0.008,0.0,NaN
40.6000,-0.19429,-59.167,0.007,0.0,NaN
40.6167,-0.19736,-59.157,0.005,0.0,NaN
40.6333,-0.20058,-59.147,0.003,0.0,NaN
40.6500,-0.20389,-59.136,0.001,0.0,NaN
40.6667,-0.20724,-59.125,-0.002,0.0,NaN
40.6833,-0.21056,-59.115,-0.004,0.0,NaN
40.7000,-0.21379,-59.105,-0.006,0.0,NaN
40.7167,-0.21689,-59.096,-0.007,0.0,NaN
40.7333,-0.21980,-59.088,-0.008,0.0,NaN
40.7500,-0.22248,-59.081,-0.008,0.0,NaN
40.7667,-0.22491,-59.075,-0.008,0.0,NaN
40.7833,-0.22708,-59.069,-0.008,0.0,NaN
40.8000,-0.22897,-59.065,-0.007,0.0,NaN
40.8167,-0.23057,-59.063,-0.006,0.0,NaN
40.8333,-0.23185,-59.061,-0.005,0.0,NaN
40.8500,-0.23277,-59.061,-0.005,0.0,NaN
40.8667,-0.23333,-59.061,-0.004,0.0,NaN
40.8833,-0.23350,-59.064,-0.004,0.0,NaN
40.9000,-0.23329,-59.067,-0.002,0.0,NaN
40.9167,-0.23271,-59.071,0.000,0.0,NaN
40.9333,-0.23176,-59.077,0.003,0.0,NaN
40.9500,-0.23046,-59.083,0.006,0.0,NaN
40.9667,-0.22881,-59.091,0.009,0.0,NaN
40.9833,-0.22685,-59.100,0.011,0.0,NaN
41.0000,-0.22459,-59.110,0.012,0.0,NaN
41.0167,-0.22207,-59.120,0.013,0.0,NaN
41.0333,-0.21932,-59.130,0.014,0.0,NaN
41.0500,-0.21638,-59.141,0.015,0.0,NaN
41.0667,-0.21331,-59.152,0.017,0.0,NaN
41.0833,-0.21015,-59.163,0.019,0.0,NaN
41.1000,-0.20695,-59.173,0.021,0.0,NaN
41.1167,-0.20377,-59.184,0.022,0.0,NaN
41.1333,-0.20066,-59.194,0.023,0.0,NaN
41.1500,-0.19770,-59.204,0.022,0.0,NaN
41.1667,-0.19492,-59.213,0.021,0.0,NaN
41.1833,-0.19240,-59.221,0.020,0.0,NaN
41.2000,-0.19017,-59.227,0.020,0.0,NaN
41.2167,-0.18829,-59.232,0.020,0.0,NaN
41.2333,-0.18679,-59.236,0.021,0.0,NaN
41.2500,-0.18572,-59.238,0.022,0.0,NaN
41.2667,-0.18508,-59.238,0.022,0.0,NaN
41.2833,-0.18490,-59.237,0.022,0.0,NaN
41.3000,-0.18518,-59.235,0.020,0.0,NaN
41.3167,-0.18592,-59.232,0.018,0.0,NaN
41.3333,-0.18710,-59.228,0.016,0.0,NaN
41.3500,-0.18871,-59.222,0.014,0.0,NaN
41.3667,-0.19070,-59.215,0.012,0.0,NaN
41.3833,-0.19304,-59.206,0.010,0.0,NaN
41.4000,-0.19567,-59.196,0.008,0.0,NaN
41.4167,-0.19855,-59.185,0.006,0.0,NaN
41.4333,-0.20161,-59.174,0.004,0.0,NaN
41.4500,-0.20480,-59.162,0.002,0.0,NaN
41.4667,-0.20807,-59.149,-0.001,0.0,NaN
41.4833,-0.21134,-59.138,-0.003,0.0,NaN
41.5000,-0.21457,-59.126,-0.005,0.0,NaN
41.5167,-0.21770,-59.115,-0.007,0.0,NaN
41.5333,-0.22069,-59.105,-0.007,0.0,NaN
41.5500,-0.22349,-59.096,-0.008,0.0,NaN
41.5667,-0.22607,-59.087,-0.008,0.0,NaN
41.5833,-0.22841,-59.080,-0.008,0.0,NaN
41.6000,-0.23050,-59.074,-0.008,0.0,NaN
41.6167,-0.23233,-59.068,-0.007,0.0,NaN
41.6333,-0.23389,-59.065,-0.006,0.0,NaN
41.6500,-0.23514,-59.062,-0.005,0.0,NaN
41.6667,-0.23606,-59.060,-0.005,0.0,NaN
41.6833,-0.23663,-59.060,-0.005,0.0,NaN
41.7000,-0.23684,-59.061,-0.004,0.0,NaN
41.7167,-0.23670,-59.064,-0.002,0.0,NaN
41.7333,-0.23620,-59.067,0.000,0.0,NaN
41.7500,-0.23535,-59.072,0.003,0.0,NaN
41.7667,-0.23417,-59.078,0.007,0.0,NaN
41.7833,-0.23266,-59.085,0.009,0.0,NaN
41.8000,-0.23085,-59.093,0.011,0.0,NaN
41.8167,-0.22875,-59.101,0.013,0.0,NaN
41.8333,-0.22639,-59.110,0.014,0.0,NaN
41.8500,-0.22380,-59.120,0.015,0.0,NaN
41.8667,-0.22102,-59.130,0.016,0.0,NaN
41.8833,-0.21808,-59.141,0.018,0.0,NaN
41.9000,-0.21503,-59.151,0.020,0.0,NaN
41.9167,-0.21192,-59.162,0.022,0.0,NaN
41.9333,-0.20880,-59.172,0.023,0.0,NaN
41.9500,-0.20571,-59.183,0.024,0.0,NaN
41.9667,-0.20273,-59.193,0.023,0.0,NaN
41.9833,-0.19989,-59.202,0.022,0.0,NaN
42.0000,-0.19726,-59.210,0.022,0.0,NaN
42.0167,-0.19489,-59.217,0.022,0.0,NaN
42.0333,-0.19282,-59.223,0.022,0.0,NaN
42.0500,-0.19109,-59.227,0.023,0.0,NaN
42.0667,-0.18974,-59.230,0.024,0.0,NaN
42.0833,-0.18880,-59.232,0.024,0.0,NaN
42.1000,-0.18829,-59.232,0.024,0.0,NaN
42.1167,-0.18823,-59.231,0.023,0.0,NaN
42.1333,-0.18861,-59.228,0.021,0.0,NaN
42.1500,-0.18943,-59.225,0.019,0.0,NaN
42.1667,-0.19067,-59.220,0.016,0.0,NaN
42.1833,-0.19231,-59.213,0.014,0.0,NaN
42.2000,-0.19432,-59.205,0.013,0.0,NaN
42.2167,-0.19665,-59.196,0.011,0.0,NaN
42.2333,-0.19926,-59.185,0.009,0.0,NaN
42.2500,-0.20209,-59.174,0.006,0.0,NaN
42.2667,-0.20510,-59.162,0.003,0.0,NaN
42.2833,-0.20823,-59.150,0.001,0.0,NaN
42.3000,-0.21142,-59.138,-0.002,0.0,NaN
42.3167,-0.21461,-59.126,-0.004,0.0,NaN
42.3333,-0.21777,-59.115,-0.006,0.0,NaN
42.3500,-0.22083,-59.104,-0.007,0.0,NaN
42.3667,-0.22375,-59.094,-0.007,0.0,NaN
42.3833,-0.22650,-59.085,-0.008,0.0,NaN
42.4000,-0.22904,-59.076,-0.008,0.0,NaN
42.4167,-0.23137,-59.069,-0.008,0.0,NaN
42.4333,-0.23347,-59.062,-0.008,0.0,NaN
42.4500,-0.23533,-59.057,-0.008,0.0,NaN
42.4667,-0.23694,-59.053,-0.007,0.0,NaN
42.4833,-0.23827,-59.051,-0.006,0.0,NaN
42.5000,-0.23930,-59.050,-0.006,0.0,NaN
42.5167,-0.24000,-59.050,-0.005,0.0,NaN
42.5333,-0.24038,-59.052,-0.005,0.0,NaN
42.5500,-0.24042,-59.055,-0.003,0.0,NaN
42.5667,-0.24014,-59.059,-0.001,0.0,NaN
42.5833,-0.23953,-59.064,0.002,0.0,NaN
42.6000,-0.23860,-59.070,0.006,0.0,NaN
42.6167,-0.23737,-59.077,0.009,0.0,NaN
42.6333,-0.23583,-59.085,0.011,0.0,NaN
42.6500,-0.23402,-59.094,0.013,0.0,NaN
42.6667,-0.23194,-59.104,0.014,0.0,NaN
42.6833,-0.22962,-59.114,0.015,0.0,NaN
42.7000,-0.22710,-59.126,0.016,0.0,NaN
42.7167,-0.22439,-59.137,0.018,0.0,NaN
42.7333,-0.22153,-59.149,0.021,0.0,NaN
42.7500,-0.21857,-59.161,0.023,0.0,NaN
42.7667,-0.21555,-59.174,0.025,0.0,NaN
42.7833,-0.21251,-59.186,0.025,0.0,NaN
42.8000,-0.20951,-59.198,0.025,0.0,NaN
42.8167,-0.20659,-59.209,0.024,0.0,NaN
42.8333,-0.20381,-59.219,0.023,0.0,NaN
42.8500,-0.20121,-59.229,0.023,0.0,NaN
42.8667,-0.19885,-59.237,0.023,0.0,NaN
42.8833,-0.19677,-59.244,0.025,0.0,NaN
42.9000,-0.19501,-59.250,0.026,0.0,NaN
42.9167,-0.19360,-59.255,0.027,0.0,NaN
42.9333,-0.19258,-59.258,0.027,0.0,NaN
42.9500,-0.19196,-59.260,0.027,0.0,NaN
42.9667,-0.19177,-59.260,0.025,0.0,NaN
42.9833,-0.19200,-59.259,0.023,0.0,NaN
43.0000,-0.19265,-59.257,0.021,0.0,NaN
43.0167,-0.19372,-59.253,0.019,0.0,NaN
43.0333,-0.19517,-59.247,0.017,0.0,NaN
43.0500,-0.19699,-59.240,0.015,0.0,NaN
43.0667,-0.19914,-59.232,0.013,0.0,NaN
43.0833,-0.20157,-59.223,0.010,0.0,NaN
43.1000,-0.20424,-59.212,0.007,0.0,NaN
43.1167,-0.20709,-59.201,0.004,0.0,NaN
43.1333,-0.21009,-59.190,0.001,0.0,NaN
43.1500,-0.21317,-59.178,-0.002,0.0,NaN
43.1667,-0.21628,-59.167,-0.004,0.0,NaN
43.1833,-0.21938,-59.155,-0.005,0.0,NaN
43.2000,-0.22242,-59.145,-0.006,0.0,NaN
43.2167,-0.22535,-59.134,-0.007,0.0,NaN
43.2333,-0.22815,-59.125,-0.008,0.0,NaN
43.2500,-0.23077,-59.116,-0.008,0.0,NaN
43.2667,-0.23321,-59.108,-0.009,0.0,NaN
43.2833,-0.23544,-59.101,-0.009,0.0,NaN
43.3000,-0.23747,-59.095,-0.008,0.0,NaN
43.3167,-0.23927,-59.091,-0.008,0.0,NaN
43.3333,-0.24085,-59.088,-0.007,0.0,NaN
43.3500,-0.24217,-59.086,-0.007,0.0,NaN
43.3667,-0.24321,-59.086,-0.007,0.0,NaN
43.3833,-0.24395,-59.087,-0.007,0.0,NaN
43.4000,-0.24440,-59.089,-0.006,0.0,NaN
43.4167,-0.24454,-59.092,-0.004,0.0,NaN
43.4333,-0.24438,-59.096,-0.001,0.0,NaN
43.4500,-0.24392,-59.102,0.002,0.0,NaN
43.4667,-0.24317,-59.108,0.006,0.0,NaN
43.4833,-0.24214,-59.116,0.009,0.0,NaN
43.5000,-0.24082,-59.124,0.012,0.0,NaN
43.5167,-0.23924,-59.134,0.013,0.0,NaN
43.5333,-0.23741,-59.144,0.014,0.0,NaN
43.5500,-0.23534,-59.155,0.015,0.0,NaN
43.5667,-0.23306,-59.167,0.017,0.0,NaN
43.5833,-0.23059,-59.179,0.020,0.0,NaN
43.6000,-0.22795,-59.192,0.023,0.0,NaN
43.6167,-0.22518,-59.204,0.025,0.0,NaN
43.6333,-0.22231,-59.217,0.027,0.0,NaN
43.6500,-0.21939,-59.231,0.027,0.0,NaN
43.6667,-0.21645,-59.244,0.026,0.0,NaN
43.6833,-0.21354,-59.256,0.025,0.0,NaN
43.7000,-0.21071,-59.268,0.024,0.0,NaN
43.7167,-0.20800,-59.279,0.024,0.0,NaN
43.7333,-0.20545,-59.290,0.025,0.0,NaN
43.7500,-0.20312,-59.299,0.027,0.0,NaN
43.7667,-0.20105,-59.307,0.030,0.0,NaN
43.7833,-0.19927,-59.313,0.031,0.0,NaN
43.8000,-0.19782,-59.318,0.031,0.0,NaN
43.8167,-0.19673,-59.322,0.031,0.0,NaN
43.8333,-0.19601,-59.324,0.029,0.0,NaN
43.8500,-0.19569,-59.325,0.027,0.0,NaN
43.8667,-0.19578,-59.324,0.025,0.0,NaN
43.8833,-0.19627,-59.322,0.024,0.0,NaN
43.9000,-0.19715,-59.318,0.022,0.0,NaN
43.9167,-0.19841,-59.312,0.021,0.0,NaN
43.9333,-0.20003,-59.305,0.018,0.0,NaN
43.9500,-0.20197,-59.297,0.016,0.0,NaN
43.9667,-0.20420,-59.287,0.012,0.0,NaN
43.9833,-0.20667,-59.277,0.008,0.0,NaN
44.0000,-0.20935,-59.265,0.004,0.0,NaN
44.0167,-0.21219,-59.253,0.001,0.0,NaN
44.0333,-0.21513,-59.241,-0.001,0.0,NaN
44.0500,-0.21813,-59.228,-0.003,0.0,NaN
44.0667,-0.22114,-59.216,-0.004,0.0,NaN
44.0833,-0.22413,-59.203,-0.005,0.0,NaN
44.1000,-0.22705,-59.192,-0.006,0.0,NaN
44.1167,-0.22986,-59.180,-0.007,0.0,NaN
44.1333,-0.23254,-59.170,-0.008,0.0,NaN
44.1500,-0.23506,-59.160,-0.009,0.0,NaN
44.1667,-0.23741,-59.152,-0.009,0.0,NaN
44.1833,-0.23958,-59.144,-0.009,0.0,NaN
44.2000,-0.24157,-59.137,-0.009,0.0,NaN
44.2167,-0.24336,-59.132,-0.009,0.0,NaN
44.2333,-0.24494,-59.128,-0.009,0.0,NaN
44.2500,-0.24630,-59.126,-0.009,0.0,NaN
44.2667,-0.24741,-59.125,-0.010,0.0,NaN
44.2833,-0.24825,-59.125,-0.010,0.0,NaN
44.3000,-0.24883,-59.126,-0.008,0.0,NaN
44.3167,-0.24914,-59.129,-0.006,0.0,NaN
44.3333,-0.24917,-59.132,-0.003,0.0,NaN
44.3500,-0.24893,-59.137,0.001,0.0,NaN
44.3667,-0.24843,-59.143,0.005,0.0,NaN
44.3833,-0.24766,-59.150,0.008,0.0,NaN
44.4000,-0.24663,-59.158,0.010,0.0,NaN
44.4167,-0.24536,-59.167,0.012,0.0,NaN
44.4333,-0.24385,-59.177,0.013,0.0,NaN
44.4500,-0.24211,-59.188,0.015,0.0,NaN
44.4667,-0.24016,-59.199,0.018,0.0,NaN
44.4833,-0.23801,-59.212,0.021,0.0,NaN
44.5000,-0.23568,-59.224,0.024,0.0,NaN
44.5167,-0.23320,-59.237,0.026,0.0,NaN
44.5333,-0.23059,-59.251,0.027,0.0,NaN
44.5500,-0.22788,-59.265,0.026,0.0,NaN
44.5667,-0.22509,-59.278,0.025,0.0,NaN
44.5833,-0.22227,-59.292,0.024,0.0,NaN
44.6000,-0.21946,-59.306,0.024,0.0,NaN
44.6167,-0.21668,-59.319,0.025,0.0,NaN
44.6333,-0.21399,-59.331,0.028,0.0,NaN
44.6500,-0.21143,-59.342,0.030,0.0,NaN
44.6667,-0.20904,-59.353,0.033,0.0,NaN
44.6833,-0.20686,-59.362,0.035,0.0,NaN
44.7000,-0.20492,-59.370,0.035,0.0,NaN
44.7167,-0.20327,-59.377,0.035,0.0,NaN
44.7333,-0.20193,-59.382,0.034,0.0,NaN
44.7500,-0.20092,-59.386,0.033,0.0,NaN
44.7667,-0.20028,-59.388,0.032,0.0,NaN
44.7833,-0.20000,-59.388,0.031,0.0,NaN
44.8000,-0.20011,-59.387,0.030,0.0,NaN
44.8167,-0.20059,-59.385,0.029,0.0,NaN
44.8333,-0.20144,-59.380,0.026,0.0,NaN
44.8500,-0.20264,-59.374,0.023,0.0,NaN
44.8667,-0.20418,-59.367,0.019,0.0,NaN
44.8833,-0.20602,-59.358,0.014,0.0,NaN
44.9000,-0.20814,-59.349,0.010,0.0,NaN
44.9167,-0.21049,-59.338,0.006,0.0,NaN
44.9333,-0.21304,-59.326,0.004,0.0,NaN
44.9500,-0.21574,-59.313,0.002,0.0,NaN
44.9667,-0.21855,-59.300,0.001,0.0,NaN
44.9833,-0.22142,-59.287,-0.000,0.0,NaN
45.0000,-0.22432,-59.274,-0.002,0.0,NaN
45.0167,-0.22721,-59.261,-0.003,0.0,NaN
45.0333,-0.23006,-59.248,-0.004,0.0,NaN
45.0500,-0.23282,-59.236,-0.005,0.0,NaN
45.0667,-0.23547,-59.225,-0.006,0.0,NaN
45.0833,-0.23799,-59.214,-0.008,0.0,NaN
45.1000,-0.24037,-59.204,-0.009,0.0,NaN
45.1167,-0.24260,-59.195,-0.010,0.0,NaN
45.1333,-0.24468,-59.188,-0.011,0.0,NaN
45.1500,-0.24660,-59.181,-0.012,0.0,NaN
45.1667,-0.24836,-59.176,-0.012,0.0,NaN
45.1833,-0.24993,-59.172,-0.013,0.0,NaN
45.2000,-0.25129,-59.170,-0.013,0.0,NaN
45.2167,-0.25244,-59.169,-0.013,0.0,NaN
45.2333,-0.25336,-59.170,-0.012,0.0,NaN
45.2500,-0.25404,-59.171,-0.010,0.0,NaN
45.2667,-0.25448,-59.174,-0.007,0.0,NaN
45.2833,-0.25467,-59.178,-0.004,0.0,NaN
45.3000,-0.25463,-59.183,0.000,0.0,NaN
45.3167,-0.25435,-59.190,0.004,0.0,NaN
45.3333,-0.25384,-59.197,0.008,0.0,NaN
45.3500,-0.25309,-59.206,0.011,0.0,NaN
45.3667,-0.25211,-59.216,0.014,0.0,NaN
45.3833,-0.25092,-59.228,0.016,0.0,NaN
45.4000,-0.24952,-59.240,0.018,0.0,NaN
45.4167,-0.24791,-59.253,0.020,0.0,NaN
45.4333,-0.24612,-59.267,0.021,0.0,NaN
45.4500,-0.24414,-59.281,0.022,0.0,NaN
45.4667,-0.24201,-59.296,0.022,0.0,NaN
45.4833,-0.23973,-59.311,0.022,0.0,NaN
45.5000,-0.23733,-59.327,0.022,0.0,NaN
45.5167,-0.23481,-59.343,0.022,0.0,NaN
45.5333,-0.23222,-59.359,0.023,0.0,NaN
45.5500,-0.22957,-59.375,0.024,0.0,NaN
45.5667,-0.22689,-59.391,0.027,0.0,NaN
45.5833,-0.22422,-59.407,0.030,0.0,NaN
45.6000,-0.22158,-59.422,0.032,0.0,NaN
45.6167,-0.21903,-59.436,0.035,0.0,NaN
45.6333,-0.21658,-59.449,0.037,0.0,NaN
45.6500,-0.21429,-59.462,0.039,0.0,NaN
45.6667,-0.21218,-59.473,0.040,0.0,NaN
45.6833,-0.21029,-59.483,0.041,0.0,NaN
45.7000,-0.20865,-59.491,0.041,0.0,NaN
45.7167,-0.20729,-59.498,0.041,0.0,NaN
45.7333,-0.20623,-59.503,0.040,0.0,NaN
45.7500,-0.20550,-59.507,0.039,0.0,NaN
45.7667,-0.20510,-59.509,0.036,0.0,NaN
45.7833,-0.20505,-59.509,0.033,0.0,NaN
45.8000,-0.20534,-59.507,0.029,0.0,NaN
45.8167,-0.20598,-59.504,0.025,0.0,NaN
45.8333,-0.20696,-59.500,0.022,0.0,NaN
45.8500,-0.20825,-59.493,0.019,0.0,NaN
45.8667,-0.20983,-59.485,0.016,0.0,NaN
45.8833,-0.21169,-59.476,0.014,0.0,NaN
45.9000,-0.21378,-59.465,0.012,0.0,NaN
45.9167,-0.21608,-59.454,0.010,0.0,NaN
45.9333,-0.21854,-59.441,0.009,0.0,NaN
45.9500,-0.22114,-59.428,0.008,0.0,NaN
45.9667,-0.22383,-59.414,0.006,0.0,NaN
45.9833,-0.22657,-59.400,0.004,0.0,NaN
46.0000,-0.22934,-59.386,0.003,0.0,NaN
46.0167,-0.23210,-59.372,0.001,0.0,NaN
46.0333,-0.23481,-59.359,-0.002,0.0,NaN
46.0500,-0.23746,-59.346,-0.004,0.0,NaN
46.0667,-0.24003,-59.333,-0.007,0.0,NaN
46.0833,-0.24248,-59.321,-0.009,0.0,NaN
46.1000,-0.24484,-59.310,-0.012,0.0,NaN
46.1167,-0.24707,-59.300,-0.014,0.0,NaN
46.1333,-0.24919,-59.291,-0.016,0.0,NaN
46.1500,-0.25117,-59.283,-0.017,0.0,NaN
46.1667,-0.25302,-59.277,-0.017,0.0,NaN
46.1833,-0.25472,-59.272,-0.017,0.0,NaN
46.2000,-0.25625,-59.268,-0.016,0.0,NaN
46.2167,-0.25761,-59.266,-0.015,0.0,NaN
46.2333,-0.25878,-59.265,-0.012,0.0,NaN
46.2500,-0.25976,-59.265,-0.009,0.0,NaN
46.2667,-0.26053,-59.267,-0.005,0.0,NaN
46.2833,-0.26109,-59.271,-0.001,0.0,NaN
46.3000,-0.26145,-59.275,0.003,0.0,NaN
46.3167,-0.26160,-59.281,0.007,0.0,NaN
46.3333,-0.26154,-59.289,0.010,0.0,NaN
46.3500,-0.26128,-59.297,0.012,0.0,NaN
46.3667,-0.26081,-59.307,0.014,0.0,NaN
46.3833,-0.26015,-59.319,0.014,0.0,NaN
46.4000,-0.25929,-59.331,0.015,0.0,NaN
46.4167,-0.25825,-59.345,0.016,0.0,NaN
46.4333,-0.25702,-59.360,0.017,0.0,NaN
46.4500,-0.25562,-59.376,0.018,0.0,NaN
46.4667,-0.25405,-59.393,0.019,0.0,NaN
46.4833,-0.25232,-59.410,0.020,0.0,NaN
46.5000,-0.25045,-59.429,0.021,0.0,NaN
46.5167,-0.24845,-59.447,0.023,0.0,NaN
46.5333,-0.24632,-59.466,0.025,0.0,NaN
46.5500,-0.24409,-59.486,0.027,0.0,NaN
46.5667,-0.24177,-59.505,0.031,0.0,NaN
46.5833,-0.23938,-59.525,0.035,0.0,NaN
46.6000,-0.23693,-59.544,0.039,0.0,NaN
46.6167,-0.23445,-59.563,0.043,0.0,NaN
46.6333,-0.23196,-59.582,0.046,0.0,NaN
46.6500,-0.22949,-59.600,0.049,0.0,NaN
46.6667,-0.22706,-59.618,0.050,0.0,NaN
46.6833,-0.22470,-59.635,0.051,0.0,NaN
46.7000,-0.22245,-59.650,0.050,0.0,NaN
46.7167,-0.22032,-59.665,0.050,0.0,NaN
46.7333,-0.21837,-59.678,0.049,0.0,NaN
46.7500,-0.21660,-59.689,0.048,0.0,NaN
46.7667,-0.21506,-59.699,0.047,0.0,NaN
46.7833,-0.21375,-59.707,0.045,0.0,NaN
46.8000,-0.21271,-59.714,0.044,0.0,NaN
46.8167,-0.21195,-59.719,0.042,0.0,NaN
46.8333,-0.21149,-59.721,0.040,0.0,NaN
46.8500,-0.21133,-59.722,0.038,0.0,NaN
46.8667,-0.21148,-59.722,0.037,0.0,NaN
46.8833,-0.21194,-59.719,0.035,0.0,NaN
46.9000,-0.21269,-59.714,0.034,0.0,NaN
46.9167,-0.21374,-59.708,0.033,0.0,NaN
46.9333,-0.21505,-59.700,0.031,0.0,NaN
46.9500,-0.21662,-59.690,0.029,0.0,NaN
46.9667,-0.21843,-59.678,0.026,0.0,NaN
46.9833,-0.22043,-59.666,0.023,0.0,NaN
47.0000,-0.22261,-59.652,0.019,0.0,NaN
47.0167,-0.22494,-59.638,0.015,0.0,NaN
47.0333,-0.22737,-59.622,0.011,0.0,NaN
47.0500,-0.22989,-59.606,0.007,0.0,NaN
47.0667,-0.23246,-59.590,0.002,0.0,NaN
47.0833,-0.23505,-59.574,-0.001,0.0,NaN
47.1000,-0.23764,-59.557,-0.005,0.0,NaN
47.1167,-0.24021,-59.541,-0.008,0.0,NaN
47.1333,-0.24273,-59.525,-0.011,0.0,NaN
47.1500,-0.24521,-59.510,-0.013,0.0,NaN
47.1667,-0.24762,-59.495,-0.014,0.0,NaN
47.1833,-0.24995,-59.481,-0.014,0.0,NaN
47.2000,-0.25221,-59.468,-0.014,0.0,NaN
47.2167,-0.25438,-59.455,-0.013,0.0,NaN
47.2333,-0.25645,-59.444,-0.012,0.0,NaN
47.2500,-0.25842,-59.434,-0.011,0.0,NaN
47.2667,-0.26028,-59.426,-0.010,0.0,NaN
47.2833,-0.26202,-59.419,-0.009,0.0,NaN
47.3000,-0.26363,-59.414,-0.007,0.0,NaN
47.3167,-0.26509,-59.410,-0.006,0.0,NaN
47.3333,-0.26640,-59.408,-0.004,0.0,NaN
47.3500,-0.26754,-59.408,-0.002,0.0,NaN
47.3667,-0.26851,-59.409,-0.000,0.0,NaN
47.3833,-0.26931,-59.411,0.002,0.0,NaN
47.4000,-0.26993,-59.415,0.004,0.0,NaN
47.4167,-0.27036,-59.420,0.006,0.0,NaN
47.4333,-0.27061,-59.427,0.009,0.0,NaN
47.4500,-0.27068,-59.435,0.011,0.0,NaN
47.4667,-0.27057,-59.445,0.014,0.0,NaN
47.4833,-0.27028,-59.457,0.017,0.0,NaN
47.5000,-0.26982,-59.470,0.020,0.0,NaN
47.5167,-0.26918,-59.484,0.023,0.0,NaN
47.5333,-0.26837,-59.500,0.026,0.0,NaN
47.5500,-0.26741,-59.517,0.029,0.0,NaN
47.5667,-0.26628,-59.535,0.031,0.0,NaN
47.5833,-0.26501,-59.555,0.034,0.0,NaN
47.6000,-0.26360,-59.575,0.036,0.0,NaN
47.6167,-0.26205,-59.597,0.038,0.0,NaN
47.6333,-0.26039,-59.619,0.040,0.0,NaN
47.6500,-0.25861,-59.642,0.042,0.0,NaN
47.6667,-0.25673,-59.666,0.044,0.0,NaN
47.6833,-0.25476,-59.690,0.047,0.0,NaN
47.7000,-0.25272,-59.715,0.049,0.0,NaN
47.7167,-0.25060,-59.739,0.051,0.0,NaN
47.7333,-0.24843,-59.764,0.054,0.0,NaN
47.7500,-0.24622,-59.788,0.056,0.0,NaN
47.7667,-0.24398,-59.812,0.059,0.0,NaN
47.7833,-0.24174,-59.836,0.062,0.0,NaN
47.8000,-0.23949,-59.859,0.064,0.0,NaN
47.8167,-0.23728,-59.881,0.067,0.0,NaN
47.8333,-0.23510,-59.903,0.069,0.0,NaN
47.8500,-0.23298,-59.923,0.071,0.0,NaN
47.8667,-0.23095,-59.942,0.073,0.0,NaN
47.8833,-0.22903,-59.960,0.074,0.0,NaN
47.9000,-0.22723,-59.976,0.075,0.0,NaN
47.9167,-0.22559,-59.991,0.075,0.0,NaN
47.9333,-0.22411,-60.004,0.075,0.0,NaN
47.9500,-0.22283,-60.016,0.074,0.0,NaN
47.9667,-0.22175,-60.025,0.073,0.0,NaN
47.9833,-0.22089,-60.032,0.072,0.0,NaN
48.0000,-0.22028,-60.037,0.070,0.0,NaN
48.0167,-0.21990,-60.040,0.067,0.0,NaN
48.0333,-0.21978,-60.041,0.065,0.0,NaN
48.0500,-0.21992,-60.040,0.062,0.0,NaN
48.0667,-0.22031,-60.037,0.059,0.0,NaN
48.0833,-0.22095,-60.032,0.055,0.0,NaN
48.1000,-0.22183,-60.025,0.051,0.0,NaN
48.1167,-0.22294,-60.016,0.047,0.0,NaN
48.1333,-0.22427,-60.005,0.043,0.0,NaN
48.1500,-0.22581,-59.992,0.039,0.0,NaN
48.1667,-0.22754,-59.978,0.035,0.0,NaN
48.1833,-0.22945,-59.963,0.030,0.0,NaN
48.2000,-0.23150,-59.947,0.026,0.0,NaN
48.2167,-0.23367,-59.930,0.021,0.0,NaN
48.2333,-0.23593,-59.912,0.017,0.0,NaN
48.2500,-0.23827,-59.893,0.013,0.0,NaN
48.2667,-0.24066,-59.874,0.010,0.0,NaN
48.2833,-0.24308,-59.855,0.007,0.0,NaN
48.3000,-0.24551,-59.836,0.005,0.0,NaN
48.3167,-0.24795,-59.817,0.003,0.0,NaN
48.3333,-0.25037,-59.798,0.000,0.0,NaN
48.3500,-0.25276,-59.779,-0.002,0.0,NaN
48.3667,-0.25512,-59.761,-0.004,0.0,NaN
48.3833,-0.25744,-59.743,-0.005,0.0,NaN
48.4000,-0.25971,-59.726,-0.006,0.0,NaN
48.4167,-0.26191,-59.711,-0.006,0.0,NaN
48.4333,-0.26405,-59.696,-0.006,0.0,NaN
48.4500,-0.26611,-59.683,-0.006,0.0,NaN
48.4667,-0.26808,-59.671,-0.006,0.0,NaN
48.4833,-0.26996,-59.661,-0.006,0.0,NaN
48.5000,-0.27174,-59.652,-0.005,0.0,NaN
48.5167,-0.27340,-59.645,-0.005,0.0,NaN
48.5333,-0.27495,-59.640,-0.004,0.0,NaN
48.5500,-0.27636,-59.636,-0.003,0.0,NaN
48.5667,-0.27763,-59.634,-0.001,0.0,NaN
48.5833,-0.27875,-59.634,0.001,0.0,NaN
48.6000,-0.27972,-59.635,0.004,0.0,NaN
48.6167,-0.28052,-59.638,0.007,0.0,NaN
48.6333,-0.28116,-59.642,0.010,0.0,NaN
48.6500,-0.28164,-59.649,0.013,0.0,NaN
48.6667,-0.28194,-59.657,0.016,0.0,NaN
48.6833,-0.28208,-59.666,0.018,0.0,NaN
48.7000,-0.28205,-59.677,0.020,0.0,NaN
48.7167,-0.28186,-59.690,0.022,0.0,NaN
48.7333,-0.28150,-59.705,0.024,0.0,NaN
48.7500,-0.28098,-59.721,0.026,0.0,NaN
48.7667,-0.28030,-59.738,0.028,0.0,NaN
48.7833,-0.27947,-59.757,0.030,0.0,NaN
48.8000,-0.27850,-59.778,0.031,0.0,NaN
48.8167,-0.27738,-59.800,0.033,0.0,NaN
48.8333,-0.27614,-59.823,0.034,0.0,NaN
48.8500,-0.27477,-59.847,0.035,0.0,NaN
48.8667,-0.27329,-59.873,0.036,0.0,NaN
48.8833,-0.27171,-59.899,0.038,0.0,NaN
48.9000,-0.27004,-59.927,0.040,0.0,NaN
48.9167,-0.26828,-59.955,0.042,0.0,NaN
48.9333,-0.26645,-59.984,0.044,0.0,NaN
48.9500,-0.26457,-60.014,0.047,0.0,NaN
48.9667,-0.26263,-60.043,0.050,0.0,NaN
48.9833,-0.26066,-60.074,0.052,0.0,NaN
49.0000,-0.25867,-60.104,0.055,0.0,NaN
49.0167,-0.25667,-60.134,0.057,0.0,NaN
49.0333,-0.25466,-60.164,0.060,0.0,NaN
49.0500,-0.25267,-60.193,0.062,0.0,NaN
49.0667,-0.25070,-60.222,0.063,0.0,NaN
49.0833,-0.24877,-60.250,0.065,0.0,NaN
49.1000,-0.24688,-60.277,0.067,0.0,NaN
49.1167,-0.24506,-60.303,0.069,0.0,NaN
49.1333,-0.24330,-60.328,0.070,0.0,NaN
49.1500,-0.24163,-60.351,0.072,0.0,NaN
49.1667,-0.24005,-60.373,0.073,0.0,NaN
49.1833,-0.23858,-60.393,0.075,0.0,NaN
49.2000,-0.23723,-60.412,0.076,0.0,NaN
49.2167,-0.23602,-60.428,0.077,0.0,NaN
49.2333,-0.23494,-60.443,0.079,0.0,NaN
49.2500,-0.23403,-60.456,0.080,0.0,NaN
49.2667,-0.23328,-60.467,0.081,0.0,NaN
49.2833,-0.23271,-60.475,0.081,0.0,NaN
49.3000,-0.23231,-60.481,0.082,0.0,NaN
49.3167,-0.23210,-60.485,0.082,0.0,NaN
49.3333,-0.23209,-60.487,0.082,0.0,NaN
49.3500,-0.23226,-60.487,0.081,0.0,NaN
49.3667,-0.23262,-60.484,0.080,0.0,NaN
49.3833,-0.23317,-60.480,0.078,0.0,NaN
49.4000,-0.23390,-60.473,0.075,0.0,NaN
49.4167,-0.23480,-60.464,0.072,0.0,NaN
49.4333,-0.23588,-60.453,0.070,0.0,NaN
49.4500,-0.23712,-60.441,0.067,0.0,NaN
49.4667,-0.23854,-60.427,0.064,0.0,NaN
49.4833,-0.24011,-60.412,0.062,0.0,NaN
49.5000,-0.24183,-60.396,0.059,0.0,NaN
49.5167,-0.24368,-60.378,0.056,0.0,NaN
49.5333,-0.24563,-60.360,0.053,0.0,NaN
49.5500,-0.24769,-60.341,0.051,0.0,NaN
49.5667,-0.24982,-60.321,0.049,0.0,NaN
49.5833,-0.25203,-60.301,0.048,0.0,NaN
49.6000,-0.25428,-60.281,0.048,0.0,NaN
49.6167,-0.25657,-60.260,0.049,0.0,NaN
49.6333,-0.25889,-60.239,0.049,0.0,NaN
49.6500,-0.26122,-60.219,0.049,0.0,NaN
49.6667,-0.26355,-60.199,0.049,0.0,NaN
49.6833,-0.26588,-60.180,0.048,0.0,NaN
49.7000,-0.26819,-60.161,0.047,0.0,NaN
49.7167,-0.27046,-60.143,0.046,0.0,NaN
49.7333,-0.27269,-60.127,0.046,0.0,NaN
49.7500,-0.27487,-60.111,0.045,0.0,NaN
49.7667,-0.27698,-60.097,0.045,0.0,NaN
49.7833,-0.27902,-60.084,0.044,0.0,NaN
49.8000,-0.28098,-60.072,0.044,0.0,NaN
49.8167,-0.28285,-60.062,0.043,0.0,NaN
49.8333,-0.28462,-60.054,0.042,0.0,NaN
49.8500,-0.28629,-60.048,0.042,0.0,NaN
49.8667,-0.28784,-60.043,0.042,0.0,NaN
49.8833,-0.28927,-60.040,0.042,0.0,NaN
49.9000,-0.29055,-60.039,0.044,0.0,NaN
49.9167,-0.29170,-60.040,0.046,0.0,NaN
49.9333,-0.29269,-60.042,0.048,0.0,NaN
49.9500,-0.29353,-60.046,0.049,0.0,NaN
49.9667,-0.29420,-60.052,0.050,0.0,NaN
49.9833,-0.29471,-60.059,0.051,0.0,NaN
50.0000,-0.29506,-60.068,0.051,0.0,NaN
50.0167,-0.29524,-60.079,0.050,0.0,NaN
50.0333,-0.29526,-60.091,0.049,0.0,NaN
50.0500,-0.29511,-60.105,0.048,0.0,NaN
50.0667,-0.29479,-60.121,0.047,0.0,NaN
50.0833,-0.29432,-60.138,0.045,0.0,NaN
50.1000,-0.29369,-60.157,0.042,0.0,NaN
50.1167,-0.29291,-60.178,0.040,0.0,NaN
50.1333,-0.29198,-60.200,0.037,0.0,NaN
50.1500,-0.29092,-60.223,0.034,0.0,NaN
50.1667,-0.28973,-60.248,0.031,0.0,NaN
50.1833,-0.28841,-60.274,0.029,0.0,NaN
50.2000,-0.28699,-60.301,0.027,0.0,NaN
50.2167,-0.28546,-60.330,0.026,0.0,NaN
50.2333,-0.28384,-60.360,0.025,0.0,NaN
50.2500,-0.28215,-60.390,0.024,0.0,NaN
50.2667,-0.28038,-60.422,0.024,0.0,NaN
50.2833,-0.27856,-60.454,0.024,0.0,NaN
50.3000,-0.27670,-60.487,0.023,0.0,NaN
50.3167,-0.27481,-60.521,0.023,0.0,NaN
50.3333,-0.27290,-60.555,0.022,0.0,NaN
50.3500,-0.27099,-60.589,0.021,0.0,NaN
50.3667,-0.26909,-60.623,0.020,0.0,NaN
50.3833,-0.26721,-60.657,0.019,0.0,NaN
50.4000,-0.26536,-60.691,0.017,0.0,NaN
50.4167,-0.26356,-60.724,0.016,0.0,NaN
50.4333,-0.26182,-60.757,0.014,0.0,NaN
50.4500,-0.26015,-60.788,0.013,0.0,NaN
50.4667,-0.25856,-60.819,0.012,0.0,NaN
50.4833,-0.25707,-60.849,0.011,0.0,NaN
50.5000,-0.25567,-60.878,0.011,0.0,NaN
50.5167,-0.25438,-60.905,0.011,0.0,NaN
50.5333,-0.25321,-60.930,0.011,0.0,NaN
50.5500,-0.25217,-60.954,0.011,0.0,NaN
50.5667,-0.25126,-60.976,0.012,0.0,NaN
50.5833,-0.25048,-60.997,0.013,0.0,NaN
50.6000,-0.24985,-61.015,0.014,0.0,NaN
50.6167,-0.24937,-61.031,0.015,0.0,NaN
50.6333,-0.24904,-61.046,0.016,0.0,NaN
50.6500,-0.24886,-61.058,0.017,0.0,NaN
50.6667,-0.24883,-61.068,0.018,0.0,NaN
50.6833,-0.24897,-61.077,0.018,0.0,NaN
50.7000,-0.24926,-61.083,0.018,0.0,NaN
50.7167,-0.24971,-61.087,0.017,0.0,NaN
50.7333,-0.25032,-61.089,0.017,0.0,NaN
50.7500,-0.25108,-61.089,0.016,0.0,NaN
50.7667,-0.25199,-61.087,0.016,0.0,NaN
50.7833,-0.25306,-61.084,0.017,0.0,NaN
50.8000,-0.25430,-61.079,0.017,0.0,NaN
50.8167,-0.25569,-61.073,0.019,0.0,NaN
50.8333,-0.25724,-61.065,0.020,0.0,NaN
50.8500,-0.25893,-61.057,0.022,0.0,NaN
50.8667,-0.26075,-61.047,0.024,0.0,NaN
50.8833,-0.26268,-61.037,0.026,0.0,NaN
50.9000,-0.26471,-61.026,0.029,0.0,NaN
50.9167,-0.26683,-61.015,0.033,0.0,NaN
50.9333,-0.26901,-61.003,0.037,0.0,NaN
50.9500,-0.27125,-60.991,0.042,0.0,NaN
50.9667,-0.27353,-60.980,0.046,0.0,NaN
50.9833,-0.27583,-60.968,0.050,0.0,NaN
51.0000,-0.27815,-60.957,0.052,0.0,NaN
51.0167,-0.28047,-60.946,0.055,0.0,NaN
51.0333,-0.28278,-60.936,0.056,0.0,NaN
51.0500,-0.28505,-60.927,0.058,0.0,NaN
51.0667,-0.28729,-60.919,0.060,0.0,NaN
51.0833,-0.28947,-60.912,0.062,0.0,NaN
51.1000,-0.29158,-60.906,0.064,0.0,NaN
51.1167,-0.29361,-60.901,0.066,0.0,NaN
51.1333,-0.29555,-60.898,0.067,0.0,NaN
51.1500,-0.29739,-60.896,0.068,0.0,NaN
51.1667,-0.29913,-60.896,0.069,0.0,NaN
51.1833,-0.30076,-60.898,0.070,0.0,NaN
51.2000,-0.30226,-60.901,0.072,0.0,NaN
51.2167,-0.30363,-60.906,0.073,0.0,NaN
51.2333,-0.30485,-60.912,0.075,0.0,NaN
51.2500,-0.30592,-60.920,0.078,0.0,NaN
51.2667,-0.30682,-60.930,0.079,0.0,NaN
51.2833,-0.30755,-60.941,0.080,0.0,NaN
51.3000,-0.30812,-60.954,0.081,0.0,NaN
51.3167,-0.30850,-60.968,0.080,0.0,NaN
51.3333,-0.30872,-60.984,0.078,0.0,NaN
51.3500,-0.30875,-61.002,0.075,0.0,NaN
51.3667,-0.30861,-61.021,0.071,0.0,NaN
51.3833,-0.30830,-61.041,0.067,0.0,NaN
51.4000,-0.30782,-61.064,0.063,0.0,NaN
51.4167,-0.30717,-61.087,0.058,0.0,NaN
51.4333,-0.30636,-61.112,0.053,0.0,NaN
51.4500,-0.30540,-61.139,0.048,0.0,NaN
51.4667,-0.30429,-61.167,0.043,0.0,NaN
51.4833,-0.30305,-61.196,0.037,0.0,NaN
51.5000,-0.30168,-61.226,0.032,0.0,NaN
51.5167,-0.30020,-61.257,0.027,0.0,NaN
51.5333,-0.29861,-61.290,0.023,0.0,NaN
51.5500,-0.29693,-61.323,0.019,0.0,NaN
51.5667,-0.29518,-61.358,0.015,0.0,NaN
51.5833,-0.29336,-61.393,0.012,0.0,NaN
51.6000,-0.29149,-61.428,0.009,0.0,NaN
51.6167,-0.28958,-61.464,0.007,0.0,NaN
51.6333,-0.28766,-61.500,0.004,0.0,NaN
51.6500,-0.28573,-61.537,0.001,0.0,NaN
51.6667,-0.28381,-61.573,-0.002,0.0,NaN
51.6833,-0.28191,-61.609,-0.006,0.0,NaN
51.7000,-0.28005,-61.645,-0.009,0.0,NaN
51.7167,-0.27825,-61.680,-0.013,0.0,NaN
51.7333,-0.27651,-61.715,-0.017,0.0,NaN
51.7500,-0.27486,-61.748,-0.021,0.0,NaN
51.7667,-0.27330,-61.781,-0.024,0.0,NaN
51.7833,-0.27184,-61.812,-0.027,0.0,NaN
51.8000,-0.27050,-61.842,-0.029,0.0,NaN
51.8167,-0.26929,-61.870,-0.031,0.0,NaN
51.8333,-0.26821,-61.896,-0.033,0.0,NaN
51.8500,-0.26728,-61.921,-0.035,0.0,NaN
51.8667,-0.26650,-61.944,-0.036,0.0,NaN
51.8833,-0.26588,-61.965,-0.038,0.0,NaN
51.9000,-0.26542,-61.984,-0.039,0.0,NaN
51.9167,-0.26513,-62.001,-0.040,0.0,NaN
51.9333,-0.26501,-62.015,-0.040,0.0,NaN
51.9500,-0.26507,-62.028,-0.041,0.0,NaN
51.9667,-0.26530,-62.038,-0.042,0.0,NaN
51.9833,-0.26570,-62.046,-0.043,0.0,NaN
52.0000,-0.26628,-62.053,-0.044,0.0,NaN
52.0167,-0.26703,-62.057,-0.045,0.0,NaN
52.0333,-0.26795,-62.059,-0.047,0.0,NaN
52.0500,-0.26904,-62.059,-0.049,0.0,NaN
52.0667,-0.27031,-62.058,-0.050,0.0,NaN
52.0833,-0.27174,-62.056,-0.052,0.0,NaN
52.1000,-0.27334,-62.052,-0.053,0.0,NaN
52.1167,-0.27509,-62.047,-0.054,0.0,NaN
52.1333,-0.27696,-62.041,-0.054,0.0,NaN
52.1500,-0.27895,-62.034,-0.053,0.0,NaN
52.1667,-0.28103,-62.027,-0.052,0.0,NaN
52.1833,-0.28318,-62.018,-0.050,0.0,NaN
52.2000,-0.28540,-62.010,-0.047,0.0,NaN
52.2167,-0.28766,-62.001,-0.044,0.0,NaN
52.2333,-0.28996,-61.993,-0.042,0.0,NaN
52.2500,-0.29226,-61.984,-0.039,0.0,NaN
52.2667,-0.29457,-61.976,-0.037,0.0,NaN
52.2833,-0.29685,-61.969,-0.036,0.0,NaN
52.3000,-0.29910,-61.962,-0.035,0.0,NaN
52.3167,-0.30131,-61.957,-0.033,0.0,NaN
52.3333,-0.30344,-61.952,-0.031,0.0,NaN
52.3500,-0.30550,-61.948,-0.029,0.0,NaN
52.3667,-0.30748,-61.945,-0.028,0.0,NaN
52.3833,-0.30935,-61.944,-0.026,0.0,NaN
52.4000,-0.31111,-61.944,-0.025,0.0,NaN
52.4167,-0.31276,-61.945,-0.023,0.0,NaN
52.4333,-0.31427,-61.948,-0.022,0.0,NaN
52.4500,-0.31565,-61.953,-0.019,0.0,NaN
52.4667,-0.31689,-61.959,-0.016,0.0,NaN
52.4833,-0.31796,-61.967,-0.011,0.0,NaN
52.5000,-0.31887,-61.976,-0.005,0.0,NaN
52.5167,-0.31960,-61.987,0.002,0.0,NaN
52.5333,-0.32014,-61.999,0.009,0.0,NaN
52.5500,-0.32051,-62.013,0.016,0.0,NaN
52.5667,-0.32069,-62.029,0.022,0.0,NaN
52.5833,-0.32069,-62.046,0.027,0.0,NaN
52.6000,-0.32050,-62.064,0.031,0.0,NaN
52.6167,-0.32014,-62.084,0.035,0.0,NaN
52.6333,-0.31959,-62.106,0.039,0.0,NaN
52.6500,-0.31888,-62.129,0.042,0.0,NaN
52.6667,-0.31800,-62.153,0.044,0.0,NaN
52.6833,-0.31696,-62.179,0.047,0.0,NaN
52.7000,-0.31577,-62.206,0.048,0.0,NaN
52.7167,-0.31445,-62.234,0.049,0.0,NaN
52.7333,-0.31300,-62.263,0.049,0.0,NaN
52.7500,-0.31144,-62.293,0.049,0.0,NaN
52.7667,-0.30977,-62.324,0.049,0.0,NaN
52.7833,-0.30802,-62.356,0.049,0.0,NaN
52.8000,-0.30619,-62.389,0.049,0.0,NaN
52.8167,-0.30431,-62.422,0.051,0.0,NaN
52.8333,-0.30238,-62.455,0.052,0.0,NaN
52.8500,-0.30044,-62.489,0.054,0.0,NaN
52.8667,-0.29848,-62.523,0.057,0.0,NaN
52.8833,-0.29653,-62.556,0.058,0.0,NaN
52.9000,-0.29461,-62.589,0.060,0.0,NaN
52.9167,-0.29273,-62.622,0.061,0.0,NaN
52.9333,-0.29090,-62.654,0.061,0.0,NaN
52.9500,-0.28915,-62.685,0.061,0.0,NaN
52.9667,-0.28749,-62.715,0.061,0.0,NaN
52.9833,-0.28593,-62.744,0.060,0.0,NaN
53.0000,-0.28448,-62.771,0.059,0.0,NaN
53.0167,-0.28316,-62.797,0.059,0.0,NaN
53.0333,-0.28197,-62.822,0.058,0.0,NaN
53.0500,-0.28094,-62.844,0.058,0.0,NaN
53.0667,-0.28006,-62.865,0.058,0.0,NaN
53.0833,-0.27935,-62.883,0.058,0.0,NaN
53.1000,-0.27881,-62.899,0.059,0.0,NaN
53.1167,-0.27845,-62.914,0.060,0.0,NaN
53.1333,-0.27826,-62.926,0.061,0.0,NaN
53.1500,-0.27826,-62.935,0.062,0.0,NaN
53.1667,-0.27845,-62.943,0.064,0.0,NaN
53.1833,-0.27882,-62.948,0.066,0.0,NaN
53.2000,-0.27937,-62.952,0.069,0.0,NaN
53.2167,-0.28011,-62.953,0.071,0.0,NaN
53.2333,-0.28102,-62.952,0.073,0.0,NaN
53.2500,-0.28212,-62.950,0.075,0.0,NaN
53.2667,-0.28340,-62.945,0.077,0.0,NaN
53.2833,-0.28485,-62.940,0.078,0.0,NaN
53.3000,-0.28647,-62.933,0.078,0.0,NaN
53.3167,-0.28824,-62.925,0.078,0.0,NaN
53.3333,-0.29013,-62.916,0.078,0.0,NaN
53.3500,-0.29213,-62.906,0.078,0.0,NaN
53.3667,-0.29422,-62.895,0.080,0.0,NaN
53.3833,-0.29638,-62.884,0.082,0.0,NaN
53.4000,-0.29860,-62.873,0.085,0.0,NaN
53.4167,-0.30085,-62.861,0.089,0.0,NaN
53.4333,-0.30313,-62.850,0.092,0.0,NaN
53.4500,-0.30541,-62.839,0.095,0.0,NaN
53.4667,-0.30768,-62.828,0.097,0.0,NaN
53.4833,-0.30991,-62.818,0.098,0.0,NaN
53.5000,-0.31210,-62.809,0.100,0.0,NaN
53.5167,-0.31423,-62.801,0.101,0.0,NaN
53.5333,-0.31628,-62.793,0.102,0.0,NaN
53.5500,-0.31825,-62.787,0.103,0.0,NaN
53.5667,-0.32011,-62.783,0.103,0.0,NaN
53.5833,-0.32187,-62.780,0.101,0.0,NaN
53.6000,-0.32352,-62.778,0.098,0.0,NaN
53.6167,-0.32503,-62.778,0.093,0.0,NaN
53.6333,-0.32640,-62.779,0.088,0.0,NaN
53.6500,-0.32762,-62.782,0.082,0.0,NaN
53.6667,-0.32867,-62.787,0.076,0.0,NaN
53.6833,-0.32955,-62.793,0.071,0.0,NaN
53.7000,-0.33025,-62.801,0.066,0.0,NaN
53.7167,-0.33076,-62.811,0.061,0.0,NaN
53.7333,-0.33109,-62.822,0.056,0.0,NaN
53.7500,-0.33123,-62.835,0.050,0.0,NaN
53.7667,-0.33118,-62.849,0.044,0.0,NaN
53.7833,-0.33094,-62.866,0.036,0.0,NaN
53.8000,-0.33053,-62.883,0.029,0.0,NaN
53.8167,-0.32993,-62.903,0.021,0.0,NaN
53.8333,-0.32917,-62.924,0.014,0.0,NaN
53.8500,-0.32824,-62.946,0.006,0.0,NaN
53.8667,-0.32715,-62.969,-0.001,0.0,NaN
53.8833,-0.32592,-62.994,-0.008,0.0,NaN
53.9000,-0.32455,-63.020,-0.015,0.0,NaN
53.9167,-0.32306,-63.048,-0.023,0.0,NaN
53.9333,-0.32146,-63.076,-0.031,0.0,NaN
53.9500,-0.31977,-63.105,-0.038,0.0,NaN
53.9667,-0.31799,-63.135,-0.045,0.0,NaN
53.9833,-0.31615,-63.165,-0.051,0.0,NaN
54.0000,-0.31425,-63.197,-0.055,0.0,NaN
54.0167,-0.31233,-63.228,-0.059,0.0,NaN
54.0333,-0.31038,-63.259,-0.061,0.0,NaN
54.0500,-0.30844,-63.291,-0.063,0.0,NaN
54.0667,-0.30652,-63.322,-0.064,0.0,NaN
54.0833,-0.30463,-63.354,-0.065,0.0,NaN
54.1000,-0.30279,-63.384,-0.066,0.0,NaN
54.1167,-0.30101,-63.414,-0.067,0.0,NaN
54.1333,-0.29932,-63.443,-0.068,0.0,NaN
54.1500,-0.29773,-63.470,-0.069,0.0,NaN
54.1667,-0.29626,-63.497,-0.070,0.0,NaN
54.1833,-0.29490,-63.522,-0.072,0.0,NaN
54.2000,-0.29369,-63.545,-0.074,0.0,NaN
54.2167,-0.29262,-63.567,-0.076,0.0,NaN
54.2333,-0.29171,-63.587,-0.078,0.0,NaN
54.2500,-0.29097,-63.605,-0.080,0.0,NaN
54.2667,-0.29041,-63.621,-0.082,0.0,NaN
54.2833,-0.29002,-63.635,-0.083,0.0,NaN
54.3000,-0.28982,-63.647,-0.085,0.0,NaN
54.3167,-0.28981,-63.657,-0.085,0.0,NaN
54.3333,-0.28998,-63.665,-0.086,0.0,NaN
54.3500,-0.29035,-63.670,-0.086,0.0,NaN
54.3667,-0.29090,-63.674,-0.086,0.0,NaN
54.3833,-0.29164,-63.675,-0.085,0.0,NaN
54.4000,-0.29255,-63.675,-0.084,0.0,NaN
54.4167,-0.29366,-63.673,-0.082,0.0,NaN
54.4333,-0.29495,-63.669,-0.081,0.0,NaN
54.4500,-0.29643,-63.664,-0.079,0.0,NaN
54.4667,-0.29806,-63.658,-0.078,0.0,NaN
54.4833,-0.29984,-63.651,-0.078,0.0,NaN
54.5000,-0.30174,-63.643,-0.078,0.0,NaN
54.5167,-0.30375,-63.634,-0.078,0.0,NaN
54.5333,-0.30584,-63.625,-0.077,0.0,NaN
54.5500,-0.30800,-63.615,-0.076,0.0,NaN
54.5667,-0.31021,-63.605,-0.073,0.0,NaN
54.5833,-0.31246,-63.595,-0.070,0.0,NaN
54.6000,-0.31472,-63.585,-0.067,0.0,NaN
54.6167,-0.31698,-63.576,-0.065,0.0,NaN
54.6333,-0.31922,-63.567,-0.062,0.0,NaN
54.6500,-0.32143,-63.559,-0.059,0.0,NaN
54.6667,-0.32358,-63.552,-0.055,0.0,NaN
54.6833,-0.32567,-63.546,-0.051,0.0,NaN
54.7000,-0.32767,-63.541,-0.045,0.0,NaN
54.7167,-0.32958,-63.537,-0.039,0.0,NaN
54.7333,-0.33139,-63.535,-0.032,0.0,NaN
54.7500,-0.33308,-63.534,-0.025,0.0,NaN
54.7667,-0.33466,-63.535,-0.019,0.0,NaN
54.7833,-0.33610,-63.537,-0.013,0.0,NaN
54.8000,-0.33740,-63.542,-0.008,0.0,NaN
54.8167,-0.33854,-63.548,-0.002,0.0,NaN
54.8333,-0.33952,-63.556,0.004,0.0,NaN
54.8500,-0.34032,-63.566,0.011,0.0,NaN
54.8667,-0.34095,-63.577,0.019,0.0,NaN
54.8833,-0.34138,-63.590,0.027,0.0,NaN
54.9000,-0.34163,-63.606,0.035,0.0,NaN
54.9167,-0.34170,-63.622,0.042,0.0,NaN
54.9333,-0.34157,-63.641,0.049,0.0,NaN
54.9500,-0.34126,-63.662,0.054,0.0,NaN
54.9667,-0.34077,-63.684,0.059,0.0,NaN
54.9833,-0.34010,-63.708,0.063,0.0,NaN
55.0000,-0.33927,-63.734,0.067,0.0,NaN
55.0167,-0.33827,-63.761,0.071,0.0,NaN
55.0333,-0.33712,-63.790,0.074,0.0,NaN
55.0500,-0.33584,-63.820,0.076,0.0,NaN
55.0667,-0.33442,-63.852,0.078,0.0,NaN
55.0833,-0.33289,-63.884,0.077,0.0,NaN
55.1000,-0.33125,-63.918,0.076,0.0,NaN
55.1167,-0.32953,-63.952,0.074,0.0,NaN
55.1333,-0.32774,-63.987,0.072,0.0,NaN
55.1500,-0.32589,-64.023,0.069,0.0,NaN
55.1667,-0.32401,-64.059,0.067,0.0,NaN
55.1833,-0.32210,-64.096,0.065,0.0,NaN
55.2000,-0.32018,-64.132,0.062,0.0,NaN
55.2167,-0.31827,-64.169,0.060,0.0,NaN
55.2333,-0.31640,-64.205,0.058,0.0,NaN
55.2500,-0.31457,-64.240,0.056,0.0,NaN
55.2667,-0.31280,-64.275,0.053,0.0,NaN
55.2833,-0.31112,-64.309,0.051,0.0,NaN
55.3000,-0.30953,-64.342,0.049,0.0,NaN
55.3167,-0.30805,-64.374,0.047,0.0,NaN
55.3333,-0.30669,-64.404,0.045,0.0,NaN
55.3500,-0.30547,-64.432,0.042,0.0,NaN
55.3667,-0.30440,-64.459,0.040,0.0,NaN
55.3833,-0.30350,-64.484,0.037,0.0,NaN
55.4000,-0.30276,-64.507,0.034,0.0,NaN
55.4167,-0.30219,-64.529,0.032,0.0,NaN
55.4333,-0.30181,-64.547,0.029,0.0,NaN
55.4500,-0.30162,-64.564,0.027,0.0,NaN
55.4667,-0.30162,-64.579,0.024,0.0,NaN
55.4833,-0.30181,-64.591,0.022,0.0,NaN
55.5000,-0.30219,-64.601,0.020,0.0,NaN
55.5167,-0.30276,-64.609,0.017,0.0,NaN
55.5333,-0.30352,-64.615,0.016,0.0,NaN
55.5500,-0.30447,-64.619,0.014,0.0,NaN
55.5667,-0.30561,-64.621,0.013,0.0,NaN
55.5833,-0.30694,-64.622,0.013,0.0,NaN
55.6000,-0.30845,-64.621,0.012,0.0,NaN
55.6167,-0.31012,-64.619,0.011,0.0,NaN
55.6333,-0.31194,-64.616,0.010,0.0,NaN
55.6500,-0.31387,-64.612,0.009,0.0,NaN
55.6667,-0.31590,-64.607,0.007,0.0,NaN
55.6833,-0.31802,-64.602,0.007,0.0,NaN
55.7000,-0.32020,-64.596,0.007,0.0,NaN
55.7167,-0.32243,-64.589,0.007,0.0,NaN
55.7333,-0.32469,-64.583,0.007,0.0,NaN
55.7500,-0.32697,-64.577,0.007,0.0,NaN
55.7667,-0.32924,-64.572,0.007,0.0,NaN
55.7833,-0.33149,-64.567,0.006,0.0,NaN
55.8000,-0.33370,-64.563,0.004,0.0,NaN
55.8167,-0.33585,-64.560,0.003,0.0,NaN
55.8333,-0.33794,-64.559,0.003,0.0,NaN
55.8500,-0.33994,-64.558,0.003,0.0,NaN
55.8667,-0.34184,-64.559,0.003,0.0,NaN
55.8833,-0.34364,-64.561,0.004,0.0,NaN
55.9000,-0.34532,-64.566,0.004,0.0,NaN
55.9167,-0.34688,-64.572,0.004,0.0,NaN
55.9333,-0.34830,-64.580,0.004,0.0,NaN
55.9500,-0.34957,-64.590,0.004,0.0,NaN
55.9667,-0.35069,-64.602,0.004,0.0,NaN
55.9833,-0.35164,-64.616,0.004,0.0,NaN
56.0000,-0.35241,-64.632,0.006,0.0,NaN
56.0167,-0.35299,-64.650,0.007,0.0,NaN
56.0333,-0.35339,-64.670,0.009,0.0,NaN
56.0500,-0.35360,-64.692,0.011,0.0,NaN
56.0667,-0.35362,-64.716,0.012,0.0,NaN
56.0833,-0.35346,-64.742,0.013,0.0,NaN
56.1000,-0.35311,-64.771,0.013,0.0,NaN
56.1167,-0.35258,-64.801,0.013,0.0,NaN
56.1333,-0.35188,-64.833,0.013,0.0,NaN
56.1500,-0.35101,-64.867,0.013,0.0,NaN
56.1667,-0.34998,-64.903,0.014,0.0,NaN
56.1833,-0.34881,-64.940,0.014,0.0,NaN
56.2000,-0.34750,-64.979,0.014,0.0,NaN
56.2167,-0.34607,-65.019,0.014,0.0,NaN
56.2333,-0.34453,-65.060,0.014,0.0,NaN
56.2500,-0.34290,-65.102,0.013,0.0,NaN
56.2667,-0.34119,-65.145,0.012,0.0,NaN
56.2833,-0.33941,-65.189,0.011,0.0,NaN
56.3000,-0.33759,-65.234,0.010,0.0,NaN
56.3167,-0.33574,-65.279,0.010,0.0,NaN
56.3333,-0.33387,-65.324,0.011,0.0,NaN
56.3500,-0.33201,-65.369,0.011,0.0,NaN
56.3667,-0.33017,-65.413,0.012,0.0,NaN
56.3833,-0.32838,-65.458,0.012,0.0,NaN
56.4000,-0.32664,-65.501,0.012,0.0,NaN
56.4167,-0.32497,-65.544,0.012,0.0,NaN
56.4333,-0.32339,-65.586,0.012,0.0,NaN
56.4500,-0.32192,-65.626,0.012,0.0,NaN
56.4667,-0.32057,-65.665,0.012,0.0,NaN
56.4833,-0.31935,-65.702,0.011,0.0,NaN
56.5000,-0.31828,-65.738,0.011,0.0,NaN
56.5167,-0.31736,-65.771,0.011,0.0,NaN
56.5333,-0.31661,-65.803,0.011,0.0,NaN
56.5500,-0.31604,-65.832,0.011,0.0,NaN
56.5667,-0.31565,-65.859,0.011,0.0,NaN
56.5833,-0.31545,-65.884,0.011,0.0,NaN
56.6000,-0.31544,-65.907,0.011,0.0,NaN
56.6167,-0.31562,-65.927,0.011,0.0,NaN
56.6333,-0.31600,-65.945,0.011,0.0,NaN
56.6500,-0.31657,-65.960,0.012,0.0,NaN
56.6667,-0.31732,-65.973,0.013,0.0,NaN
56.6833,-0.31828,-65.984,0.014,0.0,NaN
56.7000,-0.31943,-65.994,0.015,0.0,NaN
56.7167,-0.32077,-66.001,0.016,0.0,NaN
56.7333,-0.32229,-66.007,0.017,0.0,NaN
56.7500,-0.32397,-66.012,0.018,0.0,NaN
56.7667,-0.32580,-66.015,0.019,0.0,NaN
56.7833,-0.32774,-66.017,0.019,0.0,NaN
56.8000,-0.32978,-66.019,0.020,0.0,NaN
56.8167,-0.33191,-66.019,0.021,0.0,NaN
56.8333,-0.33411,-66.019,0.023,0.0,NaN
56.8500,-0.33636,-66.019,0.025,0.0,NaN
56.8667,-0.33865,-66.018,0.026,0.0,NaN
56.8833,-0.34094,-66.018,0.027,0.0,NaN
56.9000,-0.34324,-66.018,0.028,0.0,NaN
56.9167,-0.34551,-66.019,0.028,0.0,NaN
56.9333,-0.34775,-66.021,0.029,0.0,NaN
56.9500,-0.34993,-66.024,0.029,0.0,NaN
56.9667,-0.35205,-66.028,0.029,0.0,NaN
56.9833,-0.35408,-66.033,0.029,0.0,NaN
57.0000,-0.35601,-66.039,0.029,0.0,NaN
57.0167,-0.35783,-66.047,0.029,0.0,NaN
57.0333,-0.35953,-66.057,0.028,0.0,NaN
57.0500,-0.36111,-66.069,0.027,0.0,NaN
57.0667,-0.36256,-66.083,0.025,0.0,NaN
57.0833,-0.36386,-66.100,0.023,0.0,NaN
57.1000,-0.36501,-66.118,0.021,0.0,NaN
57.1167,-0.36600,-66.139,0.020,0.0,NaN
57.1333,-0.36681,-66.162,0.019,0.0,NaN
57.1500,-0.36743,-66.187,0.018,0.0,NaN
57.1667,-0.36788,-66.214,0.017,0.0,NaN
57.1833,-0.36813,-66.244,0.016,0.0,NaN
57.2000,-0.36820,-66.275,0.014,0.0,NaN
57.2167,-0.36809,-66.309,0.013,0.0,NaN
57.2333,-0.36780,-66.345,0.011,0.0,NaN
57.2500,-0.36733,-66.383,0.009,0.0,NaN
57.2667,-0.36669,-66.423,0.007,0.0,NaN
57.2833,-0.36589,-66.466,0.005,0.0,NaN
57.3000,-0.36493,-66.509,0.003,0.0,NaN
57.3167,-0.36383,-66.555,0.001,0.0,NaN
57.3333,-0.36259,-66.602,-0.001,0.0,NaN
57.3500,-0.36124,-66.651,-0.003,0.0,NaN
57.3667,-0.35977,-66.700,-0.005,0.0,NaN
57.3833,-0.35821,-66.751,-0.007,0.0,NaN
57.4000,-0.35658,-66.803,-0.009,0.0,NaN
57.4167,-0.35488,-66.855,-0.011,0.0,NaN
57.4333,-0.35313,-66.908,-0.012,0.0,NaN
57.4500,-0.35136,-66.961,-0.013,0.0,NaN
57.4667,-0.34957,-67.014,-0.013,0.0,NaN
57.4833,-0.34779,-67.067,-0.013,0.0,NaN
57.5000,-0.34604,-67.120,-0.012,0.0,NaN
57.5167,-0.34432,-67.172,-0.011,0.0,NaN
57.5333,-0.34266,-67.223,-0.011,0.0,NaN
57.5500,-0.34107,-67.273,-0.010,0.0,NaN
57.5667,-0.33957,-67.322,-0.010,0.0,NaN
57.5833,-0.33817,-67.369,-0.010,0.0,NaN
57.6000,-0.33689,-67.415,-0.009,0.0,NaN
57.6167,-0.33574,-67.458,-0.009,0.0,NaN
57.6333,-0.33474,-67.500,-0.008,0.0,NaN
57.6500,-0.33389,-67.540,-0.008,0.0,NaN
57.6667,-0.33321,-67.577,-0.007,0.0,NaN
57.6833,-0.33270,-67.613,-0.007,0.0,NaN
57.7000,-0.33237,-67.645,-0.006,0.0,NaN
57.7167,-0.33222,-67.675,-0.006,0.0,NaN
57.7333,-0.33227,-67.703,-0.005,0.0,NaN
57.7500,-0.33250,-67.728,-0.005,0.0,NaN
57.7667,-0.33292,-67.751,-0.004,0.0,NaN
57.7833,-0.33353,-67.771,-0.002,0.0,NaN
57.8000,-0.33433,-67.789,-0.001,0.0,NaN
57.8167,-0.33533,-67.804,0.001,0.0,NaN
57.8333,-0.33652,-67.818,0.003,0.0,NaN
57.8500,-0.33790,-67.829,0.005,0.0,NaN
57.8667,-0.33945,-67.839,0.007,0.0,NaN
57.8833,-0.34115,-67.848,0.009,0.0,NaN
57.9000,-0.34299,-67.854,0.011,0.0,NaN
57.9167,-0.34495,-67.860,0.013,0.0,NaN
57.9333,-0.34700,-67.864,0.014,0.0,NaN
57.9500,-0.34914,-67.867,0.017,0.0,NaN
57.9667,-0.35134,-67.870,0.019,0.0,NaN
57.9833,-0.35359,-67.872,0.021,0.0,NaN
58.0000,-0.35588,-67.874,0.023,0.0,NaN
58.0167,-0.35819,-67.876,0.025,0.0,NaN
58.0333,-0.36049,-67.879,0.026,0.0,NaN
58.0500,-0.36278,-67.882,0.026,0.0,NaN
58.0667,-0.36504,-67.886,0.027,0.0,NaN
58.0833,-0.36725,-67.890,0.028,0.0,NaN
58.1000,-0.36939,-67.896,0.029,0.0,NaN
58.1167,-0.37146,-67.903,0.030,0.0,NaN
58.1333,-0.37343,-67.911,0.030,0.0,NaN
58.1500,-0.37530,-67.921,0.030,0.0,NaN
58.1667,-0.37705,-67.933,0.030,0.0,NaN
58.1833,-0.37869,-67.947,0.028,0.0,NaN
58.2000,-0.38021,-67.963,0.027,0.0,NaN
58.2167,-0.38160,-67.981,0.026,0.0,NaN
58.2333,-0.38286,-68.002,0.025,0.0,NaN
58.2500,-0.38397,-68.025,0.024,0.0,NaN
58.2667,-0.38492,-68.051,0.023,0.0,NaN
58.2833,-0.38570,-68.078,0.021,0.0,NaN
58.3000,-0.38632,-68.108,0.020,0.0,NaN
58.3167,-0.38677,-68.141,0.018,0.0,NaN
58.3333,-0.38705,-68.176,0.016,0.0,NaN
58.3500,-0.38716,-68.213,0.014,0.0,NaN
58.3667,-0.38710,-68.252,0.012,0.0,NaN
58.3833,-0.38688,-68.294,0.010,0.0,NaN
58.4000,-0.38649,-68.338,0.007,0.0,NaN
58.4167,-0.38596,-68.384,0.005,0.0,NaN
58.4333,-0.38527,-68.432,0.003,0.0,NaN
58.4500,-0.38444,-68.482,0.001,0.0,NaN
58.4667,-0.38349,-68.534,-0.002,0.0,NaN
58.4833,-0.38240,-68.588,-0.004,0.0,NaN
58.5000,-0.38121,-68.643,-0.006,0.0,NaN
58.5167,-0.37992,-68.699,-0.008,0.0,NaN
58.5333,-0.37853,-68.756,-0.010,0.0,NaN
58.5500,-0.37708,-68.815,-0.012,0.0,NaN
58.5667,-0.37556,-68.874,-0.013,0.0,NaN
58.5833,-0.37399,-68.933,-0.015,0.0,NaN
58.6000,-0.37240,-68.993,-0.015,0.0,NaN
58.6167,-0.37078,-69.053,-0.016,0.0,NaN
58.6333,-0.36917,-69.113,-0.015,0.0,NaN
58.6500,-0.36757,-69.172,-0.015,0.0,NaN
58.6667,-0.36600,-69.231,-0.014,0.0,NaN
58.6833,-0.36447,-69.289,-0.014,0.0,NaN
58.7000,-0.36301,-69.346,-0.013,0.0,NaN
58.7167,-0.36161,-69.401,-0.013,0.0,NaN
58.7333,-0.36031,-69.455,-0.012,0.0,NaN
58.7500,-0.35910,-69.508,-0.012,0.0,NaN
58.7667,-0.35800,-69.559,-0.011,0.0,NaN
58.7833,-0.35703,-69.607,-0.010,0.0,NaN
58.8000,-0.35619,-69.654,-0.009,0.0,NaN
58.8167,-0.35550,-69.699,-0.008,0.0,NaN
58.8333,-0.35495,-69.741,-0.007,0.0,NaN
58.8500,-0.35456,-69.781,-0.006,0.0,NaN
58.8667,-0.35434,-69.818,-0.004,0.0,NaN
58.8833,-0.35429,-69.853,-0.003,0.0,NaN
58.9000,-0.35441,-69.885,-0.002,0.0,NaN
58.9167,-0.35470,-69.915,-0.001,0.0,NaN
58.9333,-0.35517,-69.942,0.001,0.0,NaN
58.9500,-0.35580,-69.966,0.003,0.0,NaN
58.9667,-0.35662,-69.989,0.005,0.0,NaN
58.9833,-0.35761,-70.008,0.007,0.0,NaN
59.0000,-0.35879,-70.026,0.010,0.0,NaN
59.0167,-0.36013,-70.042,0.012,0.0,NaN
59.0333,-0.36164,-70.056,0.014,0.0,NaN
59.0500,-0.36329,-70.068,0.015,0.0,NaN
59.0667,-0.36507,-70.079,0.017,0.0,NaN
59.0833,-0.36696,-70.088,0.018,0.0,NaN
59.1000,-0.36895,-70.096,0.020,0.0,NaN
59.1167,-0.37103,-70.103,0.023,0.0,NaN
59.1333,-0.37319,-70.109,0.025,0.0,NaN
59.1500,-0.37540,-70.115,0.027,0.0,NaN
59.1667,-0.37766,-70.120,0.029,0.0,NaN
59.1833,-0.37995,-70.125,0.030,0.0,NaN
59.2000,-0.38227,-70.130,0.031,0.0,NaN
59.2167,-0.38458,-70.135,0.031,0.0,NaN
59.2333,-0.38689,-70.141,0.031,0.0,NaN
59.2500,-0.38918,-70.148,0.031,0.0,NaN
59.2667,-0.39144,-70.156,0.031,0.0,NaN
59.2833,-0.39364,-70.165,0.031,0.0,NaN
59.3000,-0.39579,-70.175,0.031,0.0,NaN
59.3167,-0.39787,-70.187,0.030,0.0,NaN
59.3333,-0.39986,-70.201,0.028,0.0,NaN
59.3500,-0.40176,-70.216,0.026,0.0,NaN
59.3667,-0.40356,-70.234,0.023,0.0,NaN
59.3833,-0.40525,-70.254,0.020,0.0,NaN
59.4000,-0.40682,-70.277,0.018,0.0,NaN
59.4167,-0.40828,-70.302,0.016,0.0,NaN
59.4333,-0.40961,-70.330,0.014,0.0,NaN
59.4500,-0.41081,-70.361,0.012,0.0,NaN
59.4667,-0.41186,-70.394,0.010,0.0,NaN
59.4833,-0.41277,-70.431,0.007,0.0,NaN
59.5000,-0.41351,-70.470,0.004,0.0,NaN
59.5167,-0.41409,-70.512,0.001,0.0,NaN
59.5333,-0.41451,-70.557,-0.002,0.0,NaN
59.5500,-0.41475,-70.605,-0.004,0.0,NaN
59.5667,-0.41483,-70.655,-0.006,0.0,NaN
59.5833,-0.41475,-70.708,-0.007,0.0,NaN
59.6000,-0.41451,-70.764,-0.009,0.0,NaN
59.6167,-0.41412,-70.822,-0.010,0.0,NaN
59.6333,-0.41359,-70.883,-0.012,0.0,NaN
59.6500,-0.41291,-70.946,-0.014,0.0,NaN
59.6667,-0.41211,-71.011,-0.016,0.0,NaN
59.6833,-0.41119,-71.079,-0.017,0.0,NaN
59.7000,-0.41017,-71.148,-0.017,0.0,NaN
59.7167,-0.40905,-71.218,-0.017,0.0,NaN
59.7333,-0.40785,-71.291,-0.017,0.0,NaN
59.7500,-0.40658,-71.364,-0.016,0.0,NaN
59.7667,-0.40527,-71.438,-0.015,0.0,NaN
59.7833,-0.40392,-71.513,-0.015,0.0,NaN
59.8000,-0.40254,-71.589,-0.014,0.0,NaN
59.8167,-0.40116,-71.665,-0.012,0.0,NaN
59.8333,-0.39979,-71.741,-0.010,0.0,NaN
59.8500,-0.39844,-71.817,-0.008,0.0,NaN
59.8667,-0.39713,-71.893,-0.005,0.0,NaN
59.8833,-0.39587,-71.967,-0.002,0.0,NaN
59.9000,-0.39468,-72.041,0.000,0.0,NaN
59.9167,-0.39356,-72.114,0.002,0.0,NaN
59.9333,-0.39254,-72.186,0.004,0.0,NaN
59.9500,-0.39162,-72.256,0.006,0.0,NaN
59.9667,-0.39081,-72.324,0.007,0.0,NaN
59.9833,-0.39012,-72.391,0.009,0.0,NaN
60.0000,-0.38956,-72.456,0.011,0.0,NaN
