t,heave,pitch,roll,thrust,rpm
0.0167,1.40093,-0.507,0.000,0.0,NaN
0.0333,1.38172,-0.491,-0.000,0.0,NaN
0.0500,1.36087,-0.477,0.000,0.0,NaN
0.0667,1.33840,-0.473,-0.000,0.0,NaN
0.0833,1.31437,-0.491,-0.000,0.0,NaN
0.1000,1.28881,-0.537,-0.000,0.0,NaN
0.1167,1.26176,-0.601,0.000,0.0,NaN
0.1333,1.23324,-0.677,0.000,0.0,NaN
0.1500,1.20326,-0.748,0.000,0.0,NaN
0.1667,1.17185,-0.803,0.000,0.0,NaN
0.1833,1.13902,-0.847,-0.000,0.0,NaN
0.2000,1.10480,-0.888,0.000,0.0,NaN
0.2167,1.06923,-0.945,0.000,0.0,NaN
0.2333,1.03238,-1.039,-0.000,0.0,NaN
0.2500,0.99435,-1.180,0.000,0.0,NaN
0.2667,0.95519,-1.387,0.000,0.0,NaN
0.2833,0.91495,-1.674,-0.000,0.0,NaN
0.3000,0.87369,-2.044,-0.000,0.0,NaN
0.3167,0.83143,-2.507,-0.000,0.0,NaN
0.3333,0.78817,-3.079,-0.000,0.0,NaN
0.3500,0.74387,-3.781,-0.000,0.0,NaN
0.3667,0.69848,-4.621,0.000,0.0,NaN
0.3833,0.65200,-5.589,0.000,0.0,NaN
0.4000,0.61090,-6.531,0.139,0.0,NaN
0.4167,0.58077,-7.560,0.375,0.0,NaN
0.4333,0.55161,-8.562,-0.009,0.0,NaN
0.4500,0.52213,-9.574,-0.200,0.0,NaN
0.4667,0.49291,-10.800,0.059,0.0,NaN
0.4833,0.46407,-12.021,0.156,0.0,NaN
0.5000,0.43500,-13.436,-0.036,0.0,NaN
0.5167,0.40549,-15.111,-0.023,0.0,NaN
0.5333,0.37533,-16.907,0.103,0.0,NaN
0.5500,0.34456,-18.662,0.042,0.0,NaN
0.5667,0.31285,-20.538,-0.062,0.0,NaN
0.5833,0.27982,-22.444,-0.001,0.0,NaN
0.6000,0.24560,-24.273,0.103,0.0,NaN
0.6167,0.21031,-26.171,0.033,0.0,NaN
0.6333,0.17380,-28.131,-0.067,0.0,NaN
0.6500,0.13606,-30.135,-0.021,0.0,NaN
0.6667,0.09734,-32.196,0.046,0.0,NaN
0.6833,0.05787,-34.366,0.008,0.0,NaN
0.7000,0.01785,-36.601,-0.060,0.0,NaN
0.7167,-0.02281,-38.779,-0.057,0.0,NaN
0.7333,-0.06469,-40.920,-0.045,0.0,NaN
0.7500,-0.10820,-43.059,-0.077,0.0,NaN
0.7667,-0.15348,-45.218,-0.110,0.0,NaN
0.7833,-0.20054,-47.434,-0.126,0.0,NaN
0.8000,-0.24941,-49.760,-0.147,0.0,NaN
0.8167,-0.29995,-52.208,-0.172,0.0,NaN
0.8333,-0.35167,-54.725,-0.173,0.0,NaN
0.8500,-0.40419,-57.288,-0.164,0.0,NaN
0.8667,-0.45899,-59.874,-0.178,0.0,NaN
0.8833,-0.51723,-62.459,-0.195,0.0,NaN
0.9000,-0.57829,-65.011,-0.177,0.0,NaN
0.9167,-0.63955,-67.462,-0.145,0.0,NaN
0.9333,-0.69866,-69.697,-0.135,0.0,NaN
0.9500,-0.75440,-71.659,-0.129,0.0,NaN
0.9667,-0.80524,-73.356,-0.107,0.0,NaN
0.9833,-0.84913,-74.796,-0.080,0.0,NaN
1.0000,-0.88426,-76.032,-0.060,0.0,NaN
1.0167,-0.90944,-77.114,-0.040,0.0,NaN
1.0333,-0.92396,-78.019,-0.017,0.0,NaN
1.0500,-0.92744,-78.719,0.008,0.0,NaN
1.0667,-0.91965,-79.191,0.032,0.0,NaN
1.0833,-0.90058,-79.431,0.050,0.0,NaN
1.1000,-0.87055,-79.461,0.069,0.0,NaN
1.1167,-0.83026,-79.295,0.089,0.0,NaN
1.1333,-0.78075,-78.952,0.104,0.0,NaN
1.1500,-0.72346,-78.454,0.115,0.0,NaN
1.1667,-0.66035,-77.835,0.124,0.0,NaN
1.1833,-0.59322,-77.135,0.129,0.0,NaN
1.2000,-0.52318,-76.362,0.126,0.0,NaN
1.2167,-0.45077,-75.502,0.121,0.0,NaN
1.2333,-0.37671,-74.556,0.116,0.0,NaN
1.2500,-0.30217,-73.543,0.112,0.0,NaN
1.2667,-0.22852,-72.471,0.107,0.0,NaN
1.2833,-0.15665,-71.370,0.102,0.0,NaN
1.3000,-0.08675,-70.285,0.098,0.0,NaN
1.3167,-0.01892,-69.233,0.092,0.0,NaN
1.3333,0.04684,-68.233,0.083,0.0,NaN
1.3500,0.11054,-67.282,0.071,0.0,NaN
1.3667,0.17220,-66.334,0.062,0.0,NaN
1.3833,0.23163,-65.346,0.053,0.0,NaN
1.4000,0.28871,-64.317,0.041,0.0,NaN
1.4167,0.34340,-63.265,0.031,0.0,NaN
1.4333,0.39568,-62.210,0.026,0.0,NaN
1.4500,0.44555,-61.163,0.020,0.0,NaN
1.4667,0.49294,-60.138,0.011,0.0,NaN
1.4833,0.53787,-59.143,-0.001,0.0,NaN
1.5000,0.58030,-58.176,-0.013,0.0,NaN
1.5167,0.62016,-57.227,-0.025,0.0,NaN
1.5333,0.65744,-56.281,-0.035,0.0,NaN
1.5500,0.69218,-55.322,-0.046,0.0,NaN
1.5667,0.72444,-54.338,-0.058,0.0,NaN
1.5833,0.75423,-53.340,-0.071,0.0,NaN
1.6000,0.78148,-52.351,-0.081,0.0,NaN
1.6167,0.80611,-51.385,-0.086,0.0,NaN
1.6333,0.82806,-50.456,-0.090,0.0,NaN
1.6500,0.84728,-49.561,-0.098,0.0,NaN
1.6667,0.86378,-48.694,-0.110,0.0,NaN
1.6833,0.87757,-47.837,-0.121,0.0,NaN
1.7000,0.88864,-46.969,-0.128,0.0,NaN
1.7167,0.89700,-46.071,-0.136,0.0,NaN
1.7333,0.90265,-45.148,-0.145,0.0,NaN
1.7500,0.90560,-44.230,-0.157,0.0,NaN
1.7667,0.90584,-43.349,-0.169,0.0,NaN
1.7833,0.90339,-42.515,-0.177,0.0,NaN
1.8000,0.89823,-41.722,-0.182,0.0,NaN
1.8167,0.89038,-40.947,-0.186,0.0,NaN
1.8333,0.87985,-40.165,-0.192,0.0,NaN
1.8500,0.86667,-39.358,-0.200,0.0,NaN
1.8667,0.85087,-38.526,-0.208,0.0,NaN
1.8833,0.83251,-37.684,-0.213,0.0,NaN
1.9000,0.81169,-36.852,-0.218,0.0,NaN
1.9167,0.78852,-36.048,-0.224,0.0,NaN
1.9333,0.76318,-35.278,-0.230,0.0,NaN
1.9500,0.73591,-34.526,-0.232,0.0,NaN
1.9667,0.70705,-33.760,-0.231,0.0,NaN
1.9833,0.67704,-32.948,-0.228,0.0,NaN
2.0000,0.64631,-32.078,-0.223,0.0,NaN
2.0167,0.61538,-31.158,-0.217,0.0,NaN
2.0333,0.58473,-30.200,-0.209,0.0,NaN
2.0500,0.55481,-29.218,-0.201,0.0,NaN
2.0667,0.52596,-28.217,-0.194,0.0,NaN
2.0833,0.49761,-27.219,-0.171,0.0,NaN
2.1000,0.46923,-26.215,-0.170,0.0,NaN
2.1167,0.43966,-25.235,-0.266,0.0,NaN
2.1333,0.40968,-24.255,-0.247,0.0,NaN
2.1500,0.38023,-23.269,-0.160,0.0,NaN
2.1667,0.35225,-22.280,-0.134,0.0,NaN
2.1833,0.32648,-21.329,-0.135,0.0,NaN
2.2000,0.30341,-20.459,-0.105,0.0,NaN
2.2167,0.28330,-19.697,-0.085,0.0,NaN
2.2333,0.26624,-19.048,-0.086,0.0,NaN
2.2500,0.25127,-18.503,-0.047,0.0,NaN
2.2667,0.23695,-18.041,0.039,0.0,NaN
2.2833,0.22227,-17.629,0.071,0.0,NaN
2.3000,0.20769,-17.181,0.044,0.0,NaN
2.3167,0.19359,-16.652,0.060,0.0,NaN
2.3333,0.18010,-16.076,0.162,0.0,NaN
2.3500,0.16724,-15.560,0.255,0.0,NaN
2.3667,0.15523,-15.145,0.243,0.0,NaN
2.3833,0.14441,-14.866,0.213,0.0,NaN
2.4000,0.13502,-14.713,0.265,0.0,NaN
2.4167,0.12698,-14.628,0.356,0.0,NaN
2.4333,0.11999,-14.596,0.406,0.0,NaN
2.4500,0.11380,-14.562,0.408,0.0,NaN
2.4667,0.10829,-14.511,0.416,0.0,NaN
2.4833,0.10338,-14.457,0.449,0.0,NaN
2.5000,0.09901,-14.395,0.504,0.0,NaN
2.5167,0.09516,-14.348,0.563,0.0,NaN
2.5333,0.09184,-14.339,0.592,0.0,NaN
2.5500,0.08903,-14.378,0.586,0.0,NaN
2.5667,0.08674,-14.471,0.592,0.0,NaN
2.5833,0.08498,-14.595,0.651,0.0,NaN
2.6000,0.08375,-14.732,0.721,0.0,NaN
2.6167,0.08306,-14.857,0.742,0.0,NaN
2.6333,0.08289,-14.960,0.728,0.0,NaN
2.6500,0.08325,-15.042,0.742,0.0,NaN
2.6667,0.08410,-15.121,0.799,0.0,NaN
2.6833,0.08542,-15.235,0.854,0.0,NaN
2.7000,0.08716,-15.406,0.874,0.0,NaN
2.7167,0.08929,-15.633,0.872,0.0,NaN
2.7333,0.09177,-15.895,0.883,0.0,NaN
2.7500,0.09458,-16.155,0.921,0.0,NaN
2.7667,0.09768,-16.380,0.970,0.0,NaN
2.7833,0.10103,-16.559,1.000,0.0,NaN
2.8000,0.10460,-16.708,1.002,0.0,NaN
2.8167,0.10833,-16.868,1.005,0.0,NaN
2.8333,0.11218,-17.071,1.037,0.0,NaN
2.8500,0.11609,-17.327,1.088,0.0,NaN
2.8667,0.12003,-17.624,1.120,0.0,NaN
2.8833,0.12395,-17.931,1.121,0.0,NaN
2.9000,0.12781,-18.211,1.122,0.0,NaN
2.9167,0.13158,-18.439,1.152,0.0,NaN
2.9333,0.13522,-18.625,1.195,0.0,NaN
2.9500,0.13868,-18.797,1.223,0.0,NaN
2.9667,0.14194,-18.987,1.229,0.0,NaN
2.9833,0.14495,-19.215,1.233,0.0,NaN
3.0000,0.14770,-19.478,1.258,0.0,NaN
3.0167,0.15017,-19.757,1.297,0.0,NaN
3.0333,0.15233,-20.023,1.328,0.0,NaN
3.0500,0.15416,-20.255,1.338,0.0,NaN
3.0667,0.15565,-20.450,1.342,0.0,NaN
3.0833,0.15676,-20.622,1.361,0.0,NaN
3.1000,0.15750,-20.788,1.397,0.0,NaN
3.1167,0.15783,-20.966,1.427,0.0,NaN
3.1333,0.15776,-21.164,1.438,0.0,NaN
3.1500,0.15727,-21.380,1.441,0.0,NaN
3.1667,0.15636,-21.601,1.458,0.0,NaN
3.1833,0.15503,-21.810,1.492,0.0,NaN
3.2000,0.15328,-21.998,1.521,0.0,NaN
3.2167,0.15112,-22.163,1.534,0.0,NaN
3.2333,0.14853,-22.309,1.540,0.0,NaN
3.2500,0.14554,-22.445,1.555,0.0,NaN
3.2667,0.14214,-22.582,1.584,0.0,NaN
3.2833,0.13836,-22.731,1.613,0.0,NaN
3.3000,0.13422,-22.896,1.627,0.0,NaN
3.3167,0.12973,-23.072,1.632,0.0,NaN
3.3333,0.12493,-23.248,1.644,0.0,NaN
3.3500,0.11986,-23.409,1.669,0.0,NaN
3.3667,0.11454,-23.547,1.697,0.0,NaN
3.3833,0.10903,-23.659,1.713,0.0,NaN
3.4000,0.10336,-23.759,1.719,0.0,NaN
3.4167,0.09757,-23.862,1.729,0.0,NaN
3.4333,0.09172,-23.985,1.751,0.0,NaN
3.4500,0.08585,-24.130,1.777,0.0,NaN
3.4667,0.08002,-24.290,1.792,0.0,NaN
3.4833,0.07427,-24.449,1.797,0.0,NaN
3.5000,0.06865,-24.590,1.805,0.0,NaN
3.5167,0.06321,-24.703,1.823,0.0,NaN
3.5333,0.05797,-24.794,1.846,0.0,NaN
3.5500,0.05296,-24.881,1.862,0.0,NaN
3.5667,0.04822,-24.982,1.869,0.0,NaN
3.5833,0.04376,-25.108,1.877,0.0,NaN
3.6000,0.03962,-25.256,1.895,0.0,NaN
3.6167,0.03580,-25.412,1.917,0.0,NaN
3.6333,0.03233,-25.558,1.934,0.0,NaN
3.6500,0.02920,-25.683,1.942,0.0,NaN
3.6667,0.02643,-25.786,1.949,0.0,NaN
3.6833,0.02402,-25.880,1.964,0.0,NaN
3.7000,0.02197,-25.979,1.985,0.0,NaN
3.7167,0.02029,-26.094,2.003,0.0,NaN
3.7333,0.01897,-26.228,2.013,0.0,NaN
3.7500,0.01802,-26.376,2.022,0.0,NaN
3.7667,0.01744,-26.524,2.038,0.0,NaN
3.7833,0.01723,-26.661,2.060,0.0,NaN
3.8000,0.01738,-26.782,2.080,0.0,NaN
3.8167,0.01790,-26.892,2.092,0.0,NaN
3.8333,0.01877,-26.997,2.103,0.0,NaN
3.8500,0.02000,-27.107,2.118,0.0,NaN
3.8667,0.02156,-27.227,2.139,0.0,NaN
3.8833,0.02346,-27.357,2.158,0.0,NaN
3.9000,0.02567,-27.494,2.172,0.0,NaN
3.9167,0.02819,-27.631,2.182,0.0,NaN
3.9333,0.03100,-27.760,2.198,0.0,NaN
3.9500,0.03406,-27.879,2.219,0.0,NaN
3.9667,0.03737,-27.987,2.239,0.0,NaN
3.9833,0.04090,-28.087,2.254,0.0,NaN
4.0000,0.04462,-28.185,2.265,0.0,NaN
4.0167,0.04851,-28.286,2.279,0.0,NaN
4.0333,0.05253,-28.394,2.299,0.0,NaN
4.0500,0.05666,-28.507,2.318,0.0,NaN
4.0667,0.06087,-28.621,2.333,0.0,NaN
4.0833,0.06513,-28.727,2.344,0.0,NaN
4.1000,0.06940,-28.819,2.357,0.0,NaN
4.1167,0.07367,-28.894,2.376,0.0,NaN
4.1333,0.07789,-28.955,2.395,0.0,NaN
4.1500,0.08205,-29.012,2.411,0.0,NaN
4.1667,0.08612,-29.072,2.423,0.0,NaN
4.1833,0.09007,-29.139,2.436,0.0,NaN
4.2000,0.09388,-29.212,2.453,0.0,NaN
4.2167,0.09753,-29.282,2.472,0.0,NaN
4.2333,0.10100,-29.340,2.487,0.0,NaN
4.2500,0.10427,-29.380,2.499,0.0,NaN
4.2667,0.10733,-29.402,2.512,0.0,NaN
4.2833,0.11016,-29.416,2.529,0.0,NaN
4.3000,0.11274,-29.428,2.548,0.0,NaN
4.3167,0.11506,-29.448,2.564,0.0,NaN
4.3333,0.11711,-29.475,2.578,0.0,NaN
4.3500,0.11887,-29.505,2.592,0.0,NaN
4.3667,0.12034,-29.527,2.609,0.0,NaN
4.3833,0.12150,-29.537,2.627,0.0,NaN
4.4000,0.12236,-29.530,2.644,0.0,NaN
4.4167,0.12290,-29.513,2.657,0.0,NaN
4.4333,0.12312,-29.491,2.670,0.0,NaN
4.4500,0.12302,-29.471,2.686,0.0,NaN
4.4667,0.12260,-29.457,2.704,0.0,NaN
4.4833,0.12187,-29.447,2.721,0.0,NaN
4.5000,0.12084,-29.434,2.735,0.0,NaN
4.5167,0.11950,-29.415,2.750,0.0,NaN
4.5333,0.11789,-29.385,2.766,0.0,NaN
4.5500,0.11600,-29.344,2.785,0.0,NaN
4.5667,0.11385,-29.296,2.803,0.0,NaN
4.5833,0.11144,-29.246,2.818,0.0,NaN
4.6000,0.10880,-29.196,2.833,0.0,NaN
4.6167,0.10594,-29.149,2.850,0.0,NaN
4.6333,0.10288,-29.102,2.869,0.0,NaN
4.6500,0.09964,-29.054,2.888,0.0,NaN
4.6667,0.09625,-29.002,2.905,0.0,NaN
4.6833,0.09272,-28.942,2.922,0.0,NaN
4.7000,0.08909,-28.875,2.940,0.0,NaN
4.7167,0.08538,-28.801,2.960,0.0,NaN
4.7333,0.08160,-28.723,2.981,0.0,NaN
4.7500,0.07779,-28.645,3.000,0.0,NaN
4.7667,0.07398,-28.570,3.018,0.0,NaN
4.7833,0.07019,-28.498,3.037,0.0,NaN
4.8000,0.06645,-28.428,3.057,0.0,NaN
4.8167,0.06280,-28.356,3.079,0.0,NaN
4.8333,0.05924,-28.280,3.099,0.0,NaN
4.8500,0.05582,-28.197,3.118,0.0,NaN
4.8667,0.05254,-28.109,3.138,0.0,NaN
4.8833,0.04944,-28.019,3.159,0.0,NaN
4.9000,0.04652,-27.933,3.182,0.0,NaN
4.9167,0.04379,-27.853,3.203,0.0,NaN
4.9333,0.04125,-27.780,3.223,0.0,NaN
4.9500,0.03893,-27.709,3.244,0.0,NaN
4.9667,0.03683,-27.636,3.266,0.0,NaN
4.9833,0.03497,-27.555,3.289,0.0,NaN
5.0000,0.03336,-27.468,3.311,0.0,NaN
5.0167,0.03202,-27.378,3.331,0.0,NaN
5.0333,0.03095,-27.290,3.352,0.0,NaN
5.0500,0.03017,-27.210,3.375,0.0,NaN
5.0667,0.02967,-27.137,3.400,0.0,NaN
5.0833,0.02946,-27.069,3.423,0.0,NaN
5.1000,0.02955,-27.001,3.446,0.0,NaN
5.1167,0.02993,-26.930,3.468,0.0,NaN
5.1333,0.03061,-26.854,3.492,0.0,NaN
5.1500,0.03158,-26.775,3.517,0.0,NaN
5.1667,0.03283,-26.696,3.542,0.0,NaN
5.1833,0.03437,-26.620,3.565,0.0,NaN
5.2000,0.03618,-26.550,3.589,0.0,NaN
5.2167,0.03826,-26.486,3.613,0.0,NaN
5.2333,0.04060,-26.423,3.639,0.0,NaN
5.2500,0.04319,-26.360,3.665,0.0,NaN
5.2667,0.04601,-26.294,3.689,0.0,NaN
5.2833,0.04905,-26.225,3.714,0.0,NaN
5.3000,0.05229,-26.154,3.739,0.0,NaN
5.3167,0.05572,-26.083,3.765,0.0,NaN
5.3333,0.05931,-26.013,3.791,0.0,NaN
5.3500,0.06305,-25.945,3.816,0.0,NaN
5.3667,0.06690,-25.880,3.840,0.0,NaN
5.3833,0.07085,-25.816,3.864,0.0,NaN
5.4000,0.07487,-25.751,3.890,0.0,NaN
5.4167,0.07892,-25.684,3.915,0.0,NaN
5.4333,0.08298,-25.613,3.939,0.0,NaN
5.4500,0.08702,-25.538,3.962,0.0,NaN
5.4667,0.09101,-25.460,3.986,0.0,NaN
5.4833,0.09491,-25.380,4.010,0.0,NaN
5.5000,0.09869,-25.302,4.034,0.0,NaN
5.5167,0.10234,-25.226,4.057,0.0,NaN
5.5333,0.10581,-25.150,4.080,0.0,NaN
5.5500,0.10909,-25.073,4.102,0.0,NaN
5.5667,0.11215,-24.993,4.125,0.0,NaN
5.5833,0.11497,-24.906,4.148,0.0,NaN
5.6000,0.11754,-24.814,4.171,0.0,NaN
5.6167,0.11982,-24.719,4.193,0.0,NaN
5.6333,0.12182,-24.624,4.215,0.0,NaN
5.6500,0.12352,-24.530,4.237,0.0,NaN
5.6667,0.12490,-24.438,4.260,0.0,NaN
5.6833,0.12596,-24.346,4.283,0.0,NaN
5.7000,0.12670,-24.252,4.305,0.0,NaN
5.7167,0.12711,-24.152,4.327,0.0,NaN
5.7333,0.12721,-24.047,4.349,0.0,NaN
5.7500,0.12698,-23.938,4.373,0.0,NaN
5.7667,0.12644,-23.828,4.395,0.0,NaN
5.7833,0.12561,-23.719,4.418,0.0,NaN
5.8000,0.12449,-23.613,4.440,0.0,NaN
5.8167,0.12309,-23.509,4.464,0.0,NaN
5.8333,0.12141,-23.406,4.487,0.0,NaN
5.8500,0.11948,-23.300,4.510,0.0,NaN
5.8667,0.11731,-23.190,4.533,0.0,NaN
5.8833,0.11493,-23.077,4.555,0.0,NaN
5.9000,0.11235,-22.962,4.577,0.0,NaN
5.9167,0.10961,-22.849,4.599,0.0,NaN
5.9333,0.10673,-22.739,4.621,0.0,NaN
5.9500,0.10373,-22.632,4.643,0.0,NaN
5.9667,0.10066,-22.529,4.664,0.0,NaN
5.9833,0.09754,-22.427,4.686,0.0,NaN
6.0000,0.09439,-22.326,4.707,0.0,NaN
6.0167,0.09126,-22.225,4.728,0.0,NaN
6.0333,0.08816,-22.125,4.749,0.0,NaN
6.0500,0.08513,-22.027,4.770,0.0,NaN
6.0667,0.08219,-21.933,4.791,0.0,NaN
6.0833,0.07937,-21.843,4.812,0.0,NaN
6.1000,0.07670,-21.758,4.832,0.0,NaN
6.1167,0.07419,-21.678,4.853,0.0,NaN
6.1333,0.07187,-21.602,4.873,0.0,NaN
6.1500,0.06975,-21.529,4.893,0.0,NaN
6.1667,0.06785,-21.460,4.914,0.0,NaN
6.1833,0.06619,-21.392,4.935,0.0,NaN
6.2000,0.06477,-21.327,4.955,0.0,NaN
6.2167,0.06361,-21.266,4.976,0.0,NaN
6.2333,0.06272,-21.209,4.996,0.0,NaN
6.2500,0.06210,-21.159,5.017,0.0,NaN
6.2667,0.06175,-21.115,5.038,0.0,NaN
6.2833,0.06168,-21.075,5.059,0.0,NaN
6.3000,0.06189,-21.039,5.080,0.0,NaN
6.3167,0.06237,-21.004,5.101,0.0,NaN
6.3333,0.06313,-20.972,5.122,0.0,NaN
6.3500,0.06416,-20.942,5.143,0.0,NaN
6.3667,0.06544,-20.916,5.165,0.0,NaN
6.3833,0.06698,-20.895,5.186,0.0,NaN
6.4000,0.06876,-20.879,5.208,0.0,NaN
6.4167,0.07075,-20.869,5.229,0.0,NaN
6.4333,0.07296,-20.862,5.251,0.0,NaN
6.4500,0.07536,-20.857,5.273,0.0,NaN
6.4667,0.07793,-20.853,5.295,0.0,NaN
6.4833,0.08064,-20.849,5.317,0.0,NaN
6.5000,0.08349,-20.847,5.339,0.0,NaN
6.5167,0.08644,-20.848,5.361,0.0,NaN
6.5333,0.08946,-20.852,5.383,0.0,NaN
6.5500,0.09254,-20.860,5.405,0.0,NaN
6.5667,0.09565,-20.870,5.427,0.0,NaN
6.5833,0.09876,-20.881,5.449,0.0,NaN
6.6000,0.10186,-20.892,5.471,0.0,NaN
6.6167,0.10491,-20.901,5.493,0.0,NaN
6.6333,0.10789,-20.910,5.515,0.0,NaN
6.6500,0.11079,-20.920,5.538,0.0,NaN
6.6667,0.11357,-20.930,5.560,0.0,NaN
6.6833,0.11622,-20.942,5.582,0.0,NaN
6.7000,0.11872,-20.954,5.605,0.0,NaN
6.7167,0.12105,-20.967,5.628,0.0,NaN
6.7333,0.12319,-20.978,5.651,0.0,NaN
6.7500,0.12513,-20.987,5.674,0.0,NaN
6.7667,0.12686,-20.995,5.698,0.0,NaN
6.7833,0.12837,-21.000,5.722,0.0,NaN
6.8000,0.12964,-21.005,5.746,0.0,NaN
6.8167,0.13066,-21.008,5.770,0.0,NaN
6.8333,0.13144,-21.012,5.795,0.0,NaN
6.8500,0.13196,-21.014,5.820,0.0,NaN
6.8667,0.13222,-21.016,5.845,0.0,NaN
6.8833,0.13223,-21.017,5.870,0.0,NaN
6.9000,0.13197,-21.016,5.896,0.0,NaN
6.9167,0.13146,-21.012,5.922,0.0,NaN
6.9333,0.13070,-21.006,5.948,0.0,NaN
6.9500,0.12969,-20.999,5.975,0.0,NaN
6.9667,0.12844,-20.991,6.001,0.0,NaN
6.9833,0.12697,-20.983,6.028,0.0,NaN
7.0000,0.12527,-20.975,6.055,0.0,NaN
7.0167,0.12338,-20.967,6.083,0.0,NaN
7.0333,0.12129,-20.959,6.110,0.0,NaN
7.0500,0.11903,-20.950,6.137,0.0,NaN
7.0667,0.11662,-20.939,6.165,0.0,NaN
7.0833,0.11406,-20.928,6.192,0.0,NaN
7.1000,0.11139,-20.916,6.220,0.0,NaN
7.1167,0.10862,-20.906,6.248,0.0,NaN
7.1333,0.10578,-20.898,6.276,0.0,NaN
7.1500,0.10287,-20.892,6.303,0.0,NaN
7.1667,0.09994,-20.888,6.331,0.0,NaN
7.1833,0.09700,-20.885,6.359,0.0,NaN
7.2000,0.09406,-20.882,6.386,0.0,NaN
7.2167,0.09116,-20.880,6.414,0.0,NaN
7.2333,0.08831,-20.880,6.442,0.0,NaN
7.2500,0.08554,-20.882,6.469,0.0,NaN
7.2667,0.08286,-20.887,6.496,0.0,NaN
7.2833,0.08029,-20.895,6.524,0.0,NaN
7.3000,0.07786,-20.906,6.552,0.0,NaN
7.3167,0.07557,-20.920,6.579,0.0,NaN
7.3333,0.07345,-20.936,6.606,0.0,NaN
7.3500,0.07152,-20.954,6.634,0.0,NaN
7.3667,0.06977,-20.974,6.662,0.0,NaN
7.3833,0.06823,-20.997,6.689,0.0,NaN
7.4000,0.06690,-21.023,6.717,0.0,NaN
7.4167,0.06579,-21.053,6.744,0.0,NaN
7.4333,0.06491,-21.086,6.772,0.0,NaN
7.4500,0.06425,-21.122,6.800,0.0,NaN
7.4667,0.06384,-21.161,6.828,0.0,NaN
7.4833,0.06366,-21.202,6.855,0.0,NaN
7.5000,0.06371,-21.246,6.884,0.0,NaN
7.5167,0.06399,-21.292,6.912,0.0,NaN
7.5333,0.06450,-21.340,6.940,0.0,NaN
7.5500,0.06522,-21.391,6.969,0.0,NaN
7.5667,0.06616,-21.444,6.998,0.0,NaN
7.5833,0.06729,-21.500,7.026,0.0,NaN
7.6000,0.06861,-21.558,7.055,0.0,NaN
7.6167,0.07011,-21.618,7.085,0.0,NaN
7.6333,0.07176,-21.679,7.114,0.0,NaN
7.6500,0.07356,-21.741,7.143,0.0,NaN
7.6667,0.07549,-21.803,7.173,0.0,NaN
7.6833,0.07752,-21.866,7.202,0.0,NaN
7.7000,0.07965,-21.930,7.232,0.0,NaN
7.7167,0.08184,-21.994,7.262,0.0,NaN
7.7333,0.08409,-22.059,7.292,0.0,NaN
7.7500,0.08638,-22.124,7.322,0.0,NaN
7.7667,0.08868,-22.190,7.353,0.0,NaN
7.7833,0.09098,-22.254,7.383,0.0,NaN
7.8000,0.09325,-22.317,7.413,0.0,NaN
7.8167,0.09549,-22.379,7.444,0.0,NaN
7.8333,0.09766,-22.440,7.474,0.0,NaN
7.8500,0.09976,-22.499,7.505,0.0,NaN
7.8667,0.10176,-22.558,7.535,0.0,NaN
7.8833,0.10366,-22.616,7.566,0.0,NaN
7.9000,0.10543,-22.672,7.597,0.0,NaN
7.9167,0.10706,-22.727,7.628,0.0,NaN
7.9333,0.10855,-22.779,7.659,0.0,NaN
7.9500,0.10987,-22.829,7.691,0.0,NaN
7.9667,0.11101,-22.877,7.722,0.0,NaN
7.9833,0.11198,-22.922,7.754,0.0,NaN
8.0000,0.11276,-22.966,7.786,0.0,NaN
8.0167,0.11334,-23.007,7.817,0.0,NaN
8.0333,0.11373,-23.047,7.850,0.0,NaN
8.0500,0.11391,-23.085,7.882,0.0,NaN
8.0667,0.11389,-23.120,7.914,0.0,NaN
8.0833,0.11366,-23.153,7.947,0.0,NaN
8.1000,0.11323,-23.184,7.980,0.0,NaN
8.1167,0.11260,-23.212,8.013,0.0,NaN
8.1333,0.11177,-23.238,8.046,0.0,NaN
8.1500,0.11075,-23.262,8.079,0.0,NaN
8.1667,0.10954,-23.284,8.112,0.0,NaN
8.1833,0.10816,-23.304,8.146,0.0,NaN
8.2000,0.10660,-23.323,8.179,0.0,NaN
8.2167,0.10490,-23.340,8.213,0.0,NaN
8.2333,0.10304,-23.355,8.247,0.0,NaN
8.2500,0.10106,-23.368,8.281,0.0,NaN
8.2667,0.09896,-23.380,8.315,0.0,NaN
8.2833,0.09676,-23.390,8.350,0.0,NaN
8.3000,0.09447,-23.400,8.384,0.0,NaN
8.3167,0.09212,-23.409,8.419,0.0,NaN
8.3333,0.08970,-23.417,8.454,0.0,NaN
8.3500,0.08723,-23.425,8.488,0.0,NaN
8.3667,0.08474,-23.432,8.523,0.0,NaN
8.3833,0.08222,-23.438,8.559,0.0,NaN
8.4000,0.07971,-23.443,8.594,0.0,NaN
8.4167,0.07721,-23.447,8.629,0.0,NaN
8.4333,0.07475,-23.451,8.665,0.0,NaN
8.4500,0.07232,-23.455,8.701,0.0,NaN
8.4667,0.06996,-23.460,8.737,0.0,NaN
8.4833,0.06768,-23.465,8.773,0.0,NaN
8.5000,0.06548,-23.471,8.810,0.0,NaN
8.5167,0.06339,-23.477,8.847,0.0,NaN
8.5333,0.06141,-23.482,8.884,0.0,NaN
8.5500,0.05956,-23.489,8.922,0.0,NaN
8.5667,0.05785,-23.495,8.960,0.0,NaN
8.5833,0.05629,-23.503,8.999,0.0,NaN
8.6000,0.05488,-23.512,9.037,0.0,NaN
8.6167,0.05364,-23.522,9.077,0.0,NaN
8.6333,0.05258,-23.533,9.117,0.0,NaN
8.6500,0.05169,-23.545,9.157,0.0,NaN
8.6667,0.05098,-23.558,9.198,0.0,NaN
8.6833,0.05046,-23.572,9.239,0.0,NaN
8.7000,0.05013,-23.587,9.281,0.0,NaN
8.7167,0.04999,-23.602,9.323,0.0,NaN
8.7333,0.05004,-23.619,9.366,0.0,NaN
8.7500,0.05027,-23.637,9.409,0.0,NaN
8.7667,0.05069,-23.656,9.453,0.0,NaN
8.7833,0.05129,-23.675,9.497,0.0,NaN
8.8000,0.05207,-23.696,9.542,0.0,NaN
8.8167,0.05301,-23.718,9.587,0.0,NaN
8.8333,0.05411,-23.740,9.632,0.0,NaN
8.8500,0.05537,-23.762,9.678,0.0,NaN
8.8667,0.05676,-23.784,9.725,0.0,NaN
8.8833,0.05828,-23.807,9.772,0.0,NaN
8.9000,0.05992,-23.830,9.819,0.0,NaN
8.9167,0.06166,-23.853,9.867,0.0,NaN
8.9333,0.06349,-23.876,9.915,0.0,NaN
8.9500,0.06541,-23.899,9.963,0.0,NaN
8.9667,0.06738,-23.922,10.012,0.0,NaN
8.9833,0.06941,-23.944,10.061,0.0,NaN
9.0000,0.07147,-23.965,10.110,0.0,NaN
9.0167,0.07356,-23.985,10.160,0.0,NaN
9.0333,0.07566,-24.004,10.211,0.0,NaN
9.0500,0.07775,-24.022,10.261,0.0,NaN
9.0667,0.07982,-24.040,10.312,0.0,NaN
9.0833,0.08185,-24.056,10.363,0.0,NaN
9.1000,0.08385,-24.071,10.415,0.0,NaN
9.1167,0.08578,-24.084,10.466,0.0,NaN
9.1333,0.08765,-24.096,10.518,0.0,NaN
9.1500,0.08943,-24.106,10.571,0.0,NaN
9.1667,0.09112,-24.114,10.623,0.0,NaN
9.1833,0.09271,-24.120,10.676,0.0,NaN
9.2000,0.09419,-24.125,10.730,0.0,NaN
9.2167,0.09556,-24.128,10.783,0.0,NaN
9.2333,0.09679,-24.130,10.837,0.0,NaN
9.2500,0.09789,-24.129,10.891,0.0,NaN
9.2667,0.09885,-24.127,10.946,0.0,NaN
9.2833,0.09967,-24.122,11.001,0.0,NaN
9.3000,0.10033,-24.115,11.056,0.0,NaN
9.3167,0.10084,-24.106,11.111,0.0,NaN
9.3333,0.10119,-24.095,11.167,0.0,NaN
9.3500,0.10139,-24.082,11.223,0.0,NaN
9.3667,0.10143,-24.067,11.280,0.0,NaN
9.3833,0.10130,-24.051,11.337,0.0,NaN
9.4000,0.10102,-24.032,11.394,0.0,NaN
9.4167,0.10059,-24.011,11.451,0.0,NaN
9.4333,0.10001,-23.989,11.509,0.0,NaN
9.4500,0.09928,-23.964,11.567,0.0,NaN
9.4667,0.09843,-23.938,11.624,0.0,NaN
9.4833,0.09745,-23.909,11.680,0.0,NaN
9.5000,0.09637,-23.880,11.734,0.0,NaN
9.5167,0.09519,-23.849,11.786,0.0,NaN
9.5333,0.09394,-23.817,11.835,0.0,NaN
9.5500,0.09262,-23.784,11.880,0.0,NaN
9.5667,0.09125,-23.750,11.921,0.0,NaN
9.5833,0.08985,-23.716,11.956,0.0,NaN
9.6000,0.08843,-23.680,11.985,0.0,NaN
9.6167,0.08701,-23.644,12.008,0.0,NaN
9.6333,0.08561,-23.608,12.024,0.0,NaN
9.6500,0.08422,-23.571,12.032,0.0,NaN
9.6667,0.08287,-23.534,12.034,0.0,NaN
9.6833,0.08157,-23.498,12.028,0.0,NaN
9.7000,0.08032,-23.462,12.015,0.0,NaN
9.7167,0.07913,-23.426,11.995,0.0,NaN
9.7333,0.07801,-23.390,11.968,0.0,NaN
9.7500,0.07696,-23.354,11.935,0.0,NaN
9.7667,0.07599,-23.318,11.896,0.0,NaN
9.7833,0.07509,-23.283,11.852,0.0,NaN
9.8000,0.07427,-23.249,11.803,0.0,NaN
9.8167,0.07354,-23.215,11.750,0.0,NaN
9.8333,0.07288,-23.182,11.694,0.0,NaN
9.8500,0.07230,-23.150,11.636,0.0,NaN
9.8667,0.07179,-23.118,11.576,0.0,NaN
9.8833,0.07136,-23.087,11.515,0.0,NaN
9.9000,0.07100,-23.056,11.454,0.0,NaN
9.9167,0.07071,-23.026,11.393,0.0,NaN
9.9333,0.07048,-22.997,11.332,0.0,NaN
9.9500,0.07032,-22.968,11.273,0.0,NaN
9.9667,0.07022,-22.941,11.215,0.0,NaN
9.9833,0.07018,-22.915,11.159,0.0,NaN
10.0000,0.07019,-22.889,11.105,0.0,NaN
10.0167,0.07027,-22.863,11.053,0.0,NaN
10.0333,0.07040,-22.838,11.002,0.0,NaN
10.0500,0.07060,-22.814,10.954,0.0,NaN
10.0667,0.07085,-22.791,10.908,0.0,NaN
10.0833,0.07116,-22.769,10.863,0.0,NaN
10.1000,0.07152,-22.748,10.820,0.0,NaN
10.1167,0.07195,-22.727,10.778,0.0,NaN
10.1333,0.07243,-22.708,10.738,0.0,NaN
10.1500,0.07296,-22.689,10.699,0.0,NaN
10.1667,0.07354,-22.671,10.661,0.0,NaN
10.1833,0.07417,-22.653,10.625,0.0,NaN
10.2000,0.07484,-22.636,10.590,0.0,NaN
10.2167,0.07556,-22.620,10.556,0.0,NaN
10.2333,0.07631,-22.604,10.524,0.0,NaN
10.2500,0.07710,-22.589,10.492,0.0,NaN
10.2667,0.07791,-22.574,10.462,0.0,NaN
10.2833,0.07875,-22.560,10.433,0.0,NaN
10.3000,0.07961,-22.547,10.405,0.0,NaN
10.3167,0.08049,-22.534,10.378,0.0,NaN
10.3333,0.08137,-22.521,10.352,0.0,NaN
10.3500,0.08226,-22.507,10.327,0.0,NaN
10.3667,0.08315,-22.495,10.303,0.0,NaN
10.3833,0.08404,-22.482,10.280,0.0,NaN
10.4000,0.08491,-22.469,10.259,0.0,NaN
10.4167,0.08577,-22.457,10.238,0.0,NaN
10.4333,0.08661,-22.445,10.218,0.0,NaN
10.4500,0.08743,-22.433,10.199,0.0,NaN
10.4667,0.08821,-22.421,10.181,0.0,NaN
10.4833,0.08897,-22.408,10.164,0.0,NaN
10.5000,0.08968,-22.395,10.147,0.0,NaN
10.5167,0.09035,-22.382,10.132,0.0,NaN
10.5333,0.09098,-22.369,10.118,0.0,NaN
10.5500,0.09155,-22.355,10.104,0.0,NaN
10.5667,0.09208,-22.342,10.091,0.0,NaN
10.5833,0.09255,-22.328,10.079,0.0,NaN
10.6000,0.09295,-22.314,10.068,0.0,NaN
10.6167,0.09330,-22.299,10.058,0.0,NaN
10.6333,0.09359,-22.284,10.049,0.0,NaN
10.6500,0.09381,-22.269,10.040,0.0,NaN
10.6667,0.09397,-22.253,10.032,0.0,NaN
10.6833,0.09407,-22.237,10.025,0.0,NaN
10.7000,0.09410,-22.221,10.019,0.0,NaN
10.7167,0.09406,-22.205,10.014,0.0,NaN
10.7333,0.09396,-22.189,10.009,0.0,NaN
10.7500,0.09380,-22.172,10.005,0.0,NaN
10.7667,0.09358,-22.155,10.002,0.0,NaN
10.7833,0.09330,-22.137,10.000,0.0,NaN
10.8000,0.09296,-22.120,9.999,0.0,NaN
10.8167,0.09257,-22.102,9.998,0.0,NaN
10.8333,0.09213,-22.085,9.998,0.0,NaN
10.8500,0.09164,-22.067,9.999,0.0,NaN
10.8667,0.09111,-22.050,10.000,0.0,NaN
10.8833,0.09054,-22.033,10.003,0.0,NaN
10.9000,0.08994,-22.016,10.005,0.0,NaN
10.9167,0.08931,-21.999,10.009,0.0,NaN
10.9333,0.08865,-21.982,10.013,0.0,NaN
10.9500,0.08797,-21.966,10.018,0.0,NaN
10.9667,0.08727,-21.950,10.024,0.0,NaN
10.9833,0.08657,-21.935,10.030,0.0,NaN
11.0000,0.08586,-21.920,10.037,0.0,NaN
11.0167,0.08514,-21.906,10.044,0.0,NaN
11.0333,0.08444,-21.893,10.053,0.0,NaN
11.0500,0.08374,-21.880,10.061,0.0,NaN
11.0667,0.08305,-21.868,10.071,0.0,NaN
11.0833,0.08238,-21.857,10.081,0.0,NaN
11.1000,0.08174,-21.847,10.092,0.0,NaN
11.1167,0.08112,-21.837,10.103,0.0,NaN
11.1333,0.08054,-21.829,10.114,0.0,NaN
11.1500,0.07998,-21.821,10.127,0.0,NaN
11.1667,0.07947,-21.815,10.140,0.0,NaN
11.1833,0.07900,-21.810,10.153,0.0,NaN
11.2000,0.07857,-21.806,10.167,0.0,NaN
11.2167,0.07819,-21.802,10.182,0.0,NaN
11.2333,0.07785,-21.800,10.197,0.0,NaN
11.2500,0.07757,-21.799,10.213,0.0,NaN
11.2667,0.07734,-21.799,10.230,0.0,NaN
11.2833,0.07716,-21.800,10.246,0.0,NaN
11.3000,0.07704,-21.803,10.264,0.0,NaN
11.3167,0.07697,-21.806,10.282,0.0,NaN
11.3333,0.07695,-21.811,10.301,0.0,NaN
11.3500,0.07699,-21.817,10.320,0.0,NaN
11.3667,0.07708,-21.824,10.340,0.0,NaN
11.3833,0.07723,-21.831,10.360,0.0,NaN
11.4000,0.07742,-21.840,10.381,0.0,NaN
11.4167,0.07767,-21.850,10.402,0.0,NaN
11.4333,0.07795,-21.860,10.424,0.0,NaN
11.4500,0.07829,-21.872,10.447,0.0,NaN
11.4667,0.07866,-21.885,10.470,0.0,NaN
11.4833,0.07908,-21.898,10.493,0.0,NaN
11.5000,0.07952,-21.912,10.517,0.0,NaN
11.5167,0.08000,-21.927,10.542,0.0,NaN
11.5333,0.08051,-21.942,10.567,0.0,NaN
11.5500,0.08104,-21.958,10.593,0.0,NaN
11.5667,0.08159,-21.975,10.619,0.0,NaN
11.5833,0.08215,-21.992,10.646,0.0,NaN
11.6000,0.08273,-22.009,10.673,0.0,NaN
11.6167,0.08331,-22.027,10.701,0.0,NaN
11.6333,0.08389,-22.045,10.729,0.0,NaN
11.6500,0.08447,-22.063,10.758,0.0,NaN
11.6667,0.08504,-22.081,10.787,0.0,NaN
11.6833,0.08561,-22.100,10.817,0.0,NaN
11.7000,0.08615,-22.118,10.847,0.0,NaN
11.7167,0.08667,-22.136,10.878,0.0,NaN
11.7333,0.08717,-22.155,10.910,0.0,NaN
11.7500,0.08765,-22.173,10.942,0.0,NaN
11.7667,0.08808,-22.191,10.974,0.0,NaN
11.7833,0.08849,-22.209,11.007,0.0,NaN
11.8000,0.08885,-22.226,11.041,0.0,NaN
11.8167,0.08917,-22.243,11.075,0.0,NaN
11.8333,0.08944,-22.260,11.110,0.0,NaN
11.8500,0.08967,-22.276,11.145,0.0,NaN
11.8667,0.08984,-22.292,11.180,0.0,NaN
11.8833,0.08997,-22.308,11.217,0.0,NaN
11.9000,0.09004,-22.323,11.253,0.0,NaN
11.9167,0.09005,-22.337,11.291,0.0,NaN
11.9333,0.09001,-22.351,11.328,0.0,NaN
11.9500,0.08992,-22.365,11.367,0.0,NaN
11.9667,0.08977,-22.378,11.405,0.0,NaN
11.9833,0.08957,-22.390,11.444,0.0,NaN
12.0000,0.08932,-22.402,11.483,0.0,NaN
12.0167,0.08901,-22.413,11.522,0.0,NaN
12.0333,0.08867,-22.424,11.560,0.0,NaN
12.0500,0.08829,-22.435,11.597,0.0,NaN
12.0667,0.08787,-22.445,11.633,0.0,NaN
12.0833,0.08743,-22.454,11.668,0.0,NaN
12.1000,0.08696,-22.463,11.700,0.0,NaN
12.1167,0.08647,-22.472,11.730,0.0,NaN
12.1333,0.08597,-22.481,11.758,0.0,NaN
12.1500,0.08547,-22.489,11.782,0.0,NaN
12.1667,0.08497,-22.497,11.802,0.0,NaN
12.1833,0.08447,-22.505,11.819,0.0,NaN
12.2000,0.08399,-22.513,11.832,0.0,NaN
12.2167,0.08352,-22.521,11.840,0.0,NaN
12.2333,0.08307,-22.529,11.844,0.0,NaN
12.2500,0.08263,-22.536,11.844,0.0,NaN
12.2667,0.08223,-22.544,11.839,0.0,NaN
12.2833,0.08185,-22.552,11.830,0.0,NaN
12.3000,0.08149,-22.559,11.817,0.0,NaN
12.3167,0.08116,-22.567,11.800,0.0,NaN
12.3333,0.08086,-22.574,11.780,0.0,NaN
12.3500,0.08059,-22.582,11.756,0.0,NaN
12.3667,0.08034,-22.590,11.729,0.0,NaN
12.3833,0.08011,-22.598,11.699,0.0,NaN
12.4000,0.07990,-22.606,11.667,0.0,NaN
12.4167,0.07972,-22.614,11.634,0.0,NaN
12.4333,0.07954,-22.622,11.598,0.0,NaN
12.4500,0.07939,-22.630,11.562,0.0,NaN
12.4667,0.07924,-22.638,11.525,0.0,NaN
12.4833,0.07910,-22.646,11.488,0.0,NaN
12.5000,0.07896,-22.654,11.450,0.0,NaN
12.5167,0.07883,-22.662,11.413,0.0,NaN
12.5333,0.07870,-22.670,11.376,0.0,NaN
12.5500,0.07857,-22.679,11.341,0.0,NaN
12.5667,0.07844,-22.687,11.306,0.0,NaN
12.5833,0.07831,-22.695,11.272,0.0,NaN
12.6000,0.07817,-22.703,11.240,0.0,NaN
12.6167,0.07803,-22.712,11.208,0.0,NaN
12.6333,0.07788,-22.720,11.178,0.0,NaN
12.6500,0.07773,-22.728,11.150,0.0,NaN
12.6667,0.07758,-22.737,11.123,0.0,NaN
12.6833,0.07742,-22.745,11.097,0.0,NaN
12.7000,0.07726,-22.754,11.073,0.0,NaN
12.7167,0.07709,-22.763,11.050,0.0,NaN
12.7333,0.07693,-22.771,11.028,0.0,NaN
12.7500,0.07676,-22.780,11.007,0.0,NaN
12.7667,0.07659,-22.789,10.988,0.0,NaN
12.7833,0.07642,-22.797,10.970,0.0,NaN
12.8000,0.07626,-22.806,10.953,0.0,NaN
12.8167,0.07609,-22.815,10.937,0.0,NaN
12.8333,0.07593,-22.824,10.922,0.0,NaN
12.8500,0.07577,-22.833,10.909,0.0,NaN
12.8667,0.07561,-22.842,10.896,0.0,NaN
12.8833,0.07546,-22.851,10.885,0.0,NaN
12.9000,0.07531,-22.860,10.875,0.0,NaN
12.9167,0.07516,-22.870,10.865,0.0,NaN
12.9333,0.07502,-22.879,10.857,0.0,NaN
12.9500,0.07489,-22.888,10.850,0.0,NaN
12.9667,0.07476,-22.898,10.844,0.0,NaN
12.9833,0.07464,-22.907,10.839,0.0,NaN
13.0000,0.07452,-22.917,10.834,0.0,NaN
13.0167,0.07441,-22.926,10.831,0.0,NaN
13.0333,0.07431,-22.936,10.829,0.0,NaN
13.0500,0.07421,-22.946,10.827,0.0,NaN
13.0667,0.07412,-22.955,10.827,0.0,NaN
13.0833,0.07404,-22.965,10.828,0.0,NaN
13.1000,0.07396,-22.975,10.829,0.0,NaN
13.1167,0.07389,-22.985,10.832,0.0,NaN
13.1333,0.07383,-22.994,10.835,0.0,NaN
13.1500,0.07377,-23.004,10.839,0.0,NaN
13.1667,0.07372,-23.014,10.844,0.0,NaN
13.1833,0.07368,-23.024,10.850,0.0,NaN
13.2000,0.07364,-23.034,10.857,0.0,NaN
13.2167,0.07361,-23.044,10.865,0.0,NaN
13.2333,0.07358,-23.053,10.873,0.0,NaN
13.2500,0.07356,-23.063,10.883,0.0,NaN
13.2667,0.07354,-23.073,10.893,0.0,NaN
13.2833,0.07353,-23.082,10.904,0.0,NaN
13.3000,0.07352,-23.092,10.916,0.0,NaN
13.3167,0.07351,-23.101,10.929,0.0,NaN
13.3333,0.07351,-23.111,10.943,0.0,NaN
13.3500,0.07351,-23.120,10.957,0.0,NaN
13.3667,0.07350,-23.129,10.973,0.0,NaN
13.3833,0.07350,-23.138,10.989,0.0,NaN
13.4000,0.07350,-23.148,11.006,0.0,NaN
13.4167,0.07351,-23.156,11.023,0.0,NaN
13.4333,0.07350,-23.165,11.042,0.0,NaN
13.4500,0.07350,-23.174,11.061,0.0,NaN
13.4667,0.07350,-23.182,11.081,0.0,NaN
13.4833,0.07349,-23.190,11.102,0.0,NaN
13.5000,0.07349,-23.199,11.124,0.0,NaN
13.5167,0.07348,-23.207,11.146,0.0,NaN
13.5333,0.07347,-23.214,11.169,0.0,NaN
13.5500,0.07345,-23.222,11.192,0.0,NaN
13.5667,0.07344,-23.229,11.216,0.0,NaN
13.5833,0.07342,-23.237,11.240,0.0,NaN
13.6000,0.07341,-23.244,11.264,0.0,NaN
13.6167,0.07339,-23.250,11.288,0.0,NaN
13.6333,0.07338,-23.257,11.312,0.0,NaN
13.6500,0.07337,-23.263,11.336,0.0,NaN
13.6667,0.07336,-23.269,11.359,0.0,NaN
13.6833,0.07336,-23.275,11.381,0.0,NaN
13.7000,0.07337,-23.281,11.403,0.0,NaN
13.7167,0.07339,-23.287,11.424,0.0,NaN
13.7333,0.07341,-23.292,11.443,0.0,NaN
13.7500,0.07345,-23.297,11.461,0.0,NaN
13.7667,0.07349,-23.302,11.477,0.0,NaN
13.7833,0.07355,-23.307,11.492,0.0,NaN
13.8000,0.07362,-23.311,11.504,0.0,NaN
13.8167,0.07370,-23.315,11.515,0.0,NaN
13.8333,0.07380,-23.319,11.524,0.0,NaN
13.8500,0.07391,-23.323,11.530,0.0,NaN
13.8667,0.07403,-23.326,11.535,0.0,NaN
13.8833,0.07417,-23.330,11.537,0.0,NaN
13.9000,0.07431,-23.333,11.537,0.0,NaN
13.9167,0.07446,-23.335,11.535,0.0,NaN
13.9333,0.07462,-23.338,11.531,0.0,NaN
13.9500,0.07478,-23.340,11.526,0.0,NaN
13.9667,0.07495,-23.341,11.518,0.0,NaN
13.9833,0.07512,-23.343,11.509,0.0,NaN
14.0000,0.07528,-23.344,11.498,0.0,NaN
14.0167,0.07545,-23.345,11.486,0.0,NaN
14.0333,0.07560,-23.345,11.473,0.0,NaN
14.0500,0.07575,-23.345,11.458,0.0,NaN
14.0667,0.07589,-23.345,11.443,0.0,NaN
14.0833,0.07601,-23.344,11.427,0.0,NaN
14.1000,0.07612,-23.343,11.411,0.0,NaN
14.1167,0.07621,-23.341,11.395,0.0,NaN
14.1333,0.07628,-23.340,11.378,0.0,NaN
14.1500,0.07633,-23.337,11.361,0.0,NaN
14.1667,0.07636,-23.335,11.344,0.0,NaN
14.1833,0.07636,-23.332,11.328,0.0,NaN
14.2000,0.07634,-23.328,11.312,0.0,NaN
14.2167,0.07629,-23.324,11.296,0.0,NaN
14.2333,0.07621,-23.320,11.281,0.0,NaN
14.2500,0.07611,-23.316,11.267,0.0,NaN
14.2667,0.07599,-23.311,11.253,0.0,NaN
14.2833,0.07583,-23.305,11.240,0.0,NaN
14.3000,0.07565,-23.300,11.227,0.0,NaN
14.3167,0.07545,-23.294,11.216,0.0,NaN
14.3333,0.07522,-23.288,11.205,0.0,NaN
14.3500,0.07498,-23.282,11.195,0.0,NaN
14.3667,0.07471,-23.276,11.186,0.0,NaN
14.3833,0.07442,-23.269,11.178,0.0,NaN
14.4000,0.07412,-23.262,11.171,0.0,NaN
14.4167,0.07380,-23.255,11.165,0.0,NaN
14.4333,0.07346,-23.248,11.159,0.0,NaN
14.4500,0.07312,-23.242,11.154,0.0,NaN
14.4667,0.07277,-23.235,11.151,0.0,NaN
14.4833,0.07241,-23.228,11.148,0.0,NaN
14.5000,0.07205,-23.221,11.146,0.0,NaN
14.5167,0.07169,-23.214,11.145,0.0,NaN
14.5333,0.07133,-23.207,11.144,0.0,NaN
14.5500,0.07098,-23.200,11.144,0.0,NaN
14.5667,0.07063,-23.194,11.145,0.0,NaN
14.5833,0.07029,-23.187,11.147,0.0,NaN
14.6000,0.06996,-23.181,11.150,0.0,NaN
14.6167,0.06964,-23.175,11.153,0.0,NaN
14.6333,0.06934,-23.169,11.157,0.0,NaN
14.6500,0.06906,-23.164,11.161,0.0,NaN
14.6667,0.06880,-23.159,11.166,0.0,NaN
14.6833,0.06855,-23.154,11.172,0.0,NaN
14.7000,0.06834,-23.149,11.178,0.0,NaN
14.7167,0.06815,-23.145,11.184,0.0,NaN
14.7333,0.06798,-23.141,11.191,0.0,NaN
14.7500,0.06785,-23.138,11.198,0.0,NaN
14.7667,0.06774,-23.135,11.205,0.0,NaN
14.7833,0.06767,-23.132,11.212,0.0,NaN
14.8000,0.06763,-23.129,11.220,0.0,NaN
14.8167,0.06762,-23.127,11.228,0.0,NaN
14.8333,0.06764,-23.126,11.236,0.0,NaN
14.8500,0.06769,-23.124,11.243,0.0,NaN
14.8667,0.06778,-23.123,11.251,0.0,NaN
14.8833,0.06791,-23.123,11.259,0.0,NaN
14.9000,0.06806,-23.122,11.266,0.0,NaN
14.9167,0.06825,-23.122,11.274,0.0,NaN
14.9333,0.06846,-23.123,11.281,0.0,NaN
14.9500,0.06871,-23.123,11.287,0.0,NaN
14.9667,0.06898,-23.124,11.294,0.0,NaN
14.9833,0.06928,-23.125,11.300,0.0,NaN
15.0000,0.06960,-23.127,11.306,0.0,NaN
15.0167,0.06995,-23.128,11.312,0.0,NaN
15.0333,0.07031,-23.130,11.317,0.0,NaN
15.0500,0.07070,-23.132,11.322,0.0,NaN
15.0667,0.07109,-23.134,11.326,0.0,NaN
15.0833,0.07150,-23.136,11.330,0.0,NaN
15.1000,0.07192,-23.138,11.334,0.0,NaN
15.1167,0.07234,-23.141,11.338,0.0,NaN
15.1333,0.07277,-23.143,11.341,0.0,NaN
15.1500,0.07319,-23.145,11.344,0.0,NaN
15.1667,0.07362,-23.147,11.346,0.0,NaN
15.1833,0.07403,-23.149,11.349,0.0,NaN
15.2000,0.07444,-23.151,11.351,0.0,NaN
15.2167,0.07483,-23.153,11.353,0.0,NaN
15.2333,0.07521,-23.154,11.354,0.0,NaN
15.2500,0.07558,-23.156,11.356,0.0,NaN
15.2667,0.07592,-23.157,11.357,0.0,NaN
15.2833,0.07624,-23.158,11.358,0.0,NaN
15.3000,0.07653,-23.159,11.359,0.0,NaN
15.3167,0.07679,-23.159,11.360,0.0,NaN
15.3333,0.07703,-23.159,11.361,0.0,NaN
15.3500,0.07724,-23.159,11.362,0.0,NaN
15.3667,0.07741,-23.159,11.362,0.0,NaN
15.3833,0.07755,-23.158,11.363,0.0,NaN
15.4000,0.07765,-23.157,11.364,0.0,NaN
15.4167,0.07772,-23.155,11.364,0.0,NaN
15.4333,0.07775,-23.153,11.365,0.0,NaN
15.4500,0.07775,-23.151,11.365,0.0,NaN
15.4667,0.07771,-23.149,11.366,0.0,NaN
15.4833,0.07763,-23.146,11.366,0.0,NaN
15.5000,0.07752,-23.143,11.366,0.0,NaN
15.5167,0.07738,-23.140,11.367,0.0,NaN
15.5333,0.07720,-23.136,11.367,0.0,NaN
15.5500,0.07698,-23.132,11.367,0.0,NaN
15.5667,0.07674,-23.128,11.367,0.0,NaN
15.5833,0.07647,-23.124,11.366,0.0,NaN
15.6000,0.07617,-23.120,11.366,0.0,NaN
15.6167,0.07585,-23.115,11.365,0.0,NaN
15.6333,0.07550,-23.110,11.364,0.0,NaN
15.6500,0.07514,-23.106,11.363,0.0,NaN
15.6667,0.07475,-23.101,11.362,0.0,NaN
15.6833,0.07436,-23.096,11.361,0.0,NaN
15.7000,0.07395,-23.091,11.359,0.0,NaN
15.7167,0.07353,-23.086,11.357,0.0,NaN
15.7333,0.07311,-23.081,11.354,0.0,NaN
15.7500,0.07268,-23.077,11.352,0.0,NaN
15.7667,0.07225,-23.072,11.349,0.0,NaN
15.7833,0.07183,-23.068,11.345,0.0,NaN
15.8000,0.07141,-23.064,11.342,0.0,NaN
15.8167,0.07100,-23.060,11.337,0.0,NaN
15.8333,0.07060,-23.056,11.333,0.0,NaN
15.8500,0.07021,-23.053,11.328,0.0,NaN
15.8667,0.06984,-23.050,11.323,0.0,NaN
15.8833,0.06948,-23.047,11.318,0.0,NaN
15.9000,0.06915,-23.045,11.312,0.0,NaN
15.9167,0.06884,-23.042,11.306,0.0,NaN
15.9333,0.06855,-23.041,11.300,0.0,NaN
15.9500,0.06828,-23.039,11.293,0.0,NaN
15.9667,0.06804,-23.038,11.286,0.0,NaN
15.9833,0.06783,-23.038,11.279,0.0,NaN
16.0000,0.06764,-23.038,11.272,0.0,NaN
16.0167,0.06748,-23.038,11.265,0.0,NaN
16.0333,0.06736,-23.039,11.258,0.0,NaN
16.0500,0.06726,-23.040,11.251,0.0,NaN
16.0667,0.06719,-23.042,11.244,0.0,NaN
16.0833,0.06715,-23.044,11.237,0.0,NaN
16.1000,0.06714,-23.046,11.230,0.0,NaN
16.1167,0.06715,-23.049,11.224,0.0,NaN
16.1333,0.06720,-23.053,11.217,0.0,NaN
16.1500,0.06727,-23.056,11.211,0.0,NaN
16.1667,0.06736,-23.060,11.205,0.0,NaN
16.1833,0.06748,-23.065,11.199,0.0,NaN
16.2000,0.06762,-23.070,11.194,0.0,NaN
16.2167,0.06779,-23.075,11.190,0.0,NaN
16.2333,0.06797,-23.080,11.185,0.0,NaN
16.2500,0.06817,-23.086,11.181,0.0,NaN
16.2667,0.06838,-23.092,11.178,0.0,NaN
16.2833,0.06861,-23.099,11.175,0.0,NaN
16.3000,0.06885,-23.105,11.173,0.0,NaN
16.3167,0.06910,-23.112,11.171,0.0,NaN
16.3333,0.06936,-23.119,11.170,0.0,NaN
16.3500,0.06962,-23.126,11.170,0.0,NaN
16.3667,0.06988,-23.133,11.170,0.0,NaN
16.3833,0.07014,-23.140,11.171,0.0,NaN
16.4000,0.07041,-23.148,11.172,0.0,NaN
16.4167,0.07066,-23.155,11.174,0.0,NaN
16.4333,0.07092,-23.163,11.176,0.0,NaN
16.4500,0.07116,-23.170,11.180,0.0,NaN
16.4667,0.07140,-23.178,11.183,0.0,NaN
16.4833,0.07162,-23.185,11.188,0.0,NaN
16.5000,0.07183,-23.192,11.192,0.0,NaN
16.5167,0.07202,-23.200,11.198,0.0,NaN
16.5333,0.07220,-23.207,11.204,0.0,NaN
16.5500,0.07236,-23.214,11.210,0.0,NaN
16.5667,0.07250,-23.220,11.217,0.0,NaN
16.5833,0.07262,-23.227,11.224,0.0,NaN
16.6000,0.07272,-23.234,11.232,0.0,NaN
16.6167,0.07280,-23.240,11.240,0.0,NaN
16.6333,0.07285,-23.246,11.248,0.0,NaN
16.6500,0.07288,-23.252,11.257,0.0,NaN
16.6667,0.07289,-23.258,11.265,0.0,NaN
16.6833,0.07288,-23.264,11.274,0.0,NaN
16.7000,0.07285,-23.269,11.283,0.0,NaN
16.7167,0.07279,-23.274,11.292,0.0,NaN
16.7333,0.07271,-23.279,11.301,0.0,NaN
16.7500,0.07261,-23.284,11.310,0.0,NaN
16.7667,0.07250,-23.288,11.318,0.0,NaN
16.7833,0.07236,-23.292,11.326,0.0,NaN
16.8000,0.07221,-23.297,11.334,0.0,NaN
16.8167,0.07204,-23.301,11.341,0.0,NaN
16.8333,0.07185,-23.304,11.348,0.0,NaN
16.8500,0.07166,-23.308,11.355,0.0,NaN
16.8667,0.07145,-23.311,11.360,0.0,NaN
16.8833,0.07123,-23.315,11.365,0.0,NaN
16.9000,0.07101,-23.318,11.369,0.0,NaN
16.9167,0.07077,-23.321,11.373,0.0,NaN
16.9333,0.07054,-23.324,11.375,0.0,NaN
16.9500,0.07030,-23.327,11.377,0.0,NaN
16.9667,0.07006,-23.330,11.377,0.0,NaN
16.9833,0.06982,-23.333,11.377,0.0,NaN
17.0000,0.06958,-23.335,11.375,0.0,NaN
17.0167,0.06935,-23.338,11.373,0.0,NaN
17.0333,0.06912,-23.341,11.370,0.0,NaN
17.0500,0.06889,-23.343,11.366,0.0,NaN
17.0667,0.06868,-23.346,11.360,0.0,NaN
17.0833,0.06847,-23.349,11.354,0.0,NaN
17.1000,0.06827,-23.351,11.348,0.0,NaN
17.1167,0.06808,-23.354,11.340,0.0,NaN
17.1333,0.06789,-23.357,11.332,0.0,NaN
17.1500,0.06772,-23.360,11.323,0.0,NaN
17.1667,0.06756,-23.363,11.313,0.0,NaN
17.1833,0.06741,-23.366,11.303,0.0,NaN
17.2000,0.06727,-23.369,11.293,0.0,NaN
17.2167,0.06714,-23.372,11.282,0.0,NaN
17.2333,0.06702,-23.375,11.271,0.0,NaN
17.2500,0.06691,-23.378,11.260,0.0,NaN
17.2667,0.06682,-23.381,11.248,0.0,NaN
17.2833,0.06673,-23.385,11.237,0.0,NaN
17.3000,0.06665,-23.388,11.226,0.0,NaN
17.3167,0.06658,-23.392,11.215,0.0,NaN
17.3333,0.06652,-23.395,11.204,0.0,NaN
17.3500,0.06647,-23.399,11.194,0.0,NaN
17.3667,0.06642,-23.403,11.183,0.0,NaN
17.3833,0.06639,-23.406,11.174,0.0,NaN
17.4000,0.06635,-23.410,11.164,0.0,NaN
17.4167,0.06633,-23.414,11.155,0.0,NaN
17.4333,0.06631,-23.418,11.147,0.0,NaN
17.4500,0.06630,-23.422,11.139,0.0,NaN
17.4667,0.06629,-23.426,11.132,0.0,NaN
17.4833,0.06628,-23.430,11.126,0.0,NaN
17.5000,0.06628,-23.434,11.120,0.0,NaN
17.5167,0.06628,-23.438,11.115,0.0,NaN
17.5333,0.06628,-23.442,11.110,0.0,NaN
17.5500,0.06628,-23.447,11.107,0.0,NaN
17.5667,0.06629,-23.451,11.103,0.0,NaN
17.5833,0.06629,-23.455,11.101,0.0,NaN
17.6000,0.06630,-23.459,11.099,0.0,NaN
17.6167,0.06631,-23.464,11.098,0.0,NaN
17.6333,0.06632,-23.468,11.098,0.0,NaN
17.6500,0.06632,-23.472,11.099,0.0,NaN
17.6667,0.06633,-23.476,11.100,0.0,NaN
17.6833,0.06633,-23.481,11.102,0.0,NaN
17.7000,0.06634,-23.485,11.104,0.0,NaN
17.7167,0.06634,-23.489,11.107,0.0,NaN
17.7333,0.06634,-23.493,11.111,0.0,NaN
17.7500,0.06634,-23.497,11.115,0.0,NaN
17.7667,0.06633,-23.501,11.120,0.0,NaN
17.7833,0.06633,-23.505,11.126,0.0,NaN
17.8000,0.06632,-23.509,11.132,0.0,NaN
17.8167,0.06631,-23.513,11.138,0.0,NaN
17.8333,0.06630,-23.517,11.145,0.0,NaN
17.8500,0.06629,-23.521,11.152,0.0,NaN
17.8667,0.06627,-23.525,11.160,0.0,NaN
17.8833,0.06625,-23.529,11.167,0.0,NaN
17.9000,0.06624,-23.532,11.176,0.0,NaN
17.9167,0.06622,-23.536,11.184,0.0,NaN
17.9333,0.06620,-23.539,11.192,0.0,NaN
17.9500,0.06618,-23.543,11.201,0.0,NaN
17.9667,0.06617,-23.546,11.209,0.0,NaN
17.9833,0.06615,-23.550,11.217,0.0,NaN
18.0000,0.06613,-23.553,11.226,0.0,NaN
18.0167,0.06612,-23.556,11.234,0.0,NaN
18.0333,0.06611,-23.559,11.241,0.0,NaN
18.0500,0.06610,-23.562,11.249,0.0,NaN
18.0667,0.06609,-23.565,11.256,0.0,NaN
18.0833,0.06608,-23.568,11.263,0.0,NaN
18.1000,0.06608,-23.571,11.269,0.0,NaN
18.1167,0.06608,-23.574,11.275,0.0,NaN
18.1333,0.06609,-23.576,11.280,0.0,NaN
18.1500,0.06610,-23.579,11.284,0.0,NaN
18.1667,0.06611,-23.581,11.288,0.0,NaN
18.1833,0.06613,-23.584,11.291,0.0,NaN
18.2000,0.06615,-23.586,11.294,0.0,NaN
18.2167,0.06617,-23.588,11.296,0.0,NaN
18.2333,0.06620,-23.590,11.297,0.0,NaN
18.2500,0.06623,-23.593,11.297,0.0,NaN
18.2667,0.06626,-23.594,11.297,0.0,NaN
18.2833,0.06629,-23.596,11.296,0.0,NaN
18.3000,0.06633,-23.598,11.294,0.0,NaN
18.3167,0.06636,-23.600,11.292,0.0,NaN
18.3333,0.06640,-23.601,11.289,0.0,NaN
18.3500,0.06643,-23.602,11.285,0.0,NaN
18.3667,0.06646,-23.604,11.281,0.0,NaN
18.3833,0.06650,-23.605,11.277,0.0,NaN
18.4000,0.06652,-23.606,11.272,0.0,NaN
18.4167,0.06655,-23.607,11.267,0.0,NaN
18.4333,0.06657,-23.607,11.261,0.0,NaN
18.4500,0.06658,-23.608,11.255,0.0,NaN
18.4667,0.06659,-23.609,11.249,0.0,NaN
18.4833,0.06659,-23.609,11.243,0.0,NaN
18.5000,0.06659,-23.609,11.236,0.0,NaN
18.5167,0.06658,-23.609,11.230,0.0,NaN
18.5333,0.06656,-23.609,11.223,0.0,NaN
18.5500,0.06653,-23.609,11.217,0.0,NaN
18.5667,0.06649,-23.609,11.210,0.0,NaN
18.5833,0.06644,-23.608,11.204,0.0,NaN
18.6000,0.06639,-23.608,11.198,0.0,NaN
18.6167,0.06632,-23.607,11.192,0.0,NaN
18.6333,0.06625,-23.606,11.186,0.0,NaN
18.6500,0.06616,-23.606,11.181,0.0,NaN
18.6667,0.06607,-23.605,11.176,0.0,NaN
18.6833,0.06597,-23.604,11.171,0.0,NaN
18.7000,0.06586,-23.603,11.166,0.0,NaN
18.7167,0.06574,-23.601,11.162,0.0,NaN
18.7333,0.06562,-23.600,11.158,0.0,NaN
18.7500,0.06548,-23.599,11.155,0.0,NaN
18.7667,0.06535,-23.598,11.151,0.0,NaN
18.7833,0.06520,-23.596,11.149,0.0,NaN
18.8000,0.06505,-23.595,11.146,0.0,NaN
18.8167,0.06490,-23.593,11.144,0.0,NaN
18.8333,0.06475,-23.592,11.143,0.0,NaN
18.8500,0.06459,-23.591,11.141,0.0,NaN
18.8667,0.06443,-23.589,11.140,0.0,NaN
18.8833,0.06427,-23.588,11.140,0.0,NaN
18.9000,0.06412,-23.587,11.140,0.0,NaN
18.9167,0.06396,-23.586,11.140,0.0,NaN
18.9333,0.06381,-23.584,11.140,0.0,NaN
18.9500,0.06367,-23.583,11.141,0.0,NaN
18.9667,0.06352,-23.582,11.142,0.0,NaN
18.9833,0.06339,-23.581,11.143,0.0,NaN
19.0000,0.06326,-23.581,11.145,0.0,NaN
19.0167,0.06314,-23.580,11.146,0.0,NaN
19.0333,0.06303,-23.579,11.148,0.0,NaN
19.0500,0.06292,-23.579,11.150,0.0,NaN
19.0667,0.06283,-23.579,11.153,0.0,NaN
19.0833,0.06275,-23.578,11.155,0.0,NaN
19.1000,0.06268,-23.578,11.158,0.0,NaN
19.1167,0.06262,-23.578,11.160,0.0,NaN
19.1333,0.06258,-23.579,11.163,0.0,NaN
19.1500,0.06255,-23.579,11.165,0.0,NaN
19.1667,0.06253,-23.579,11.168,0.0,NaN
19.1833,0.06252,-23.580,11.171,0.0,NaN
19.2000,0.06253,-23.581,11.173,0.0,NaN
19.2167,0.06255,-23.582,11.176,0.0,NaN
19.2333,0.06259,-23.583,11.178,0.0,NaN
19.2500,0.06263,-23.584,11.181,0.0,NaN
19.2667,0.06269,-23.585,11.183,0.0,NaN
19.2833,0.06276,-23.586,11.185,0.0,NaN
19.3000,0.06284,-23.588,11.187,0.0,NaN
19.3167,0.06294,-23.589,11.189,0.0,NaN
19.3333,0.06304,-23.591,11.191,0.0,NaN
19.3500,0.06315,-23.593,11.193,0.0,NaN
19.3667,0.06327,-23.594,11.194,0.0,NaN
19.3833,0.06340,-23.596,11.196,0.0,NaN
19.4000,0.06353,-23.598,11.197,0.0,NaN
19.4167,0.06367,-23.600,11.198,0.0,NaN
19.4333,0.06382,-23.602,11.199,0.0,NaN
19.4500,0.06396,-23.604,11.200,0.0,NaN
19.4667,0.06411,-23.606,11.201,0.0,NaN
19.4833,0.06425,-23.608,11.202,0.0,NaN
19.5000,0.06440,-23.610,11.202,0.0,NaN
19.5167,0.06454,-23.612,11.203,0.0,NaN
19.5333,0.06468,-23.614,11.203,0.0,NaN
19.5500,0.06482,-23.616,11.204,0.0,NaN
19.5667,0.06495,-23.618,11.204,0.0,NaN
19.5833,0.06507,-23.620,11.204,0.0,NaN
19.6000,0.06518,-23.621,11.204,0.0,NaN
19.6167,0.06529,-23.623,11.205,0.0,NaN
19.6333,0.06538,-23.624,11.205,0.0,NaN
19.6500,0.06546,-23.626,11.205,0.0,NaN
19.6667,0.06554,-23.627,11.205,0.0,NaN
19.6833,0.06559,-23.628,11.205,0.0,NaN
19.7000,0.06564,-23.629,11.205,0.0,NaN
19.7167,0.06567,-23.630,11.205,0.0,NaN
19.7333,0.06569,-23.631,11.205,0.0,NaN
19.7500,0.06570,-23.632,11.205,0.0,NaN
19.7667,0.06569,-23.633,11.205,0.0,NaN
19.7833,0.06566,-23.633,11.205,0.0,NaN
19.8000,0.06562,-23.634,11.205,0.0,NaN
19.8167,0.06557,-23.634,11.205,0.0,NaN
19.8333,0.06550,-23.634,11.205,0.0,NaN
19.8500,0.06542,-23.634,11.205,0.0,NaN
19.8667,0.06532,-23.634,11.205,0.0,NaN
19.8833,0.06522,-23.634,11.205,0.0,NaN
19.9000,0.06510,-23.634,11.205,0.0,NaN
19.9167,0.06496,-23.634,11.205,0.0,NaN
19.9333,0.06482,-23.633,11.204,0.0,NaN
19.9500,0.06467,-23.633,11.204,0.0,NaN
19.9667,0.06451,-23.633,11.204,0.0,NaN
19.9833,0.06434,-23.632,11.203,0.0,NaN
20.0000,0.06417,-23.632,11.202,0.0,NaN
20.0167,0.06399,-23.631,11.202,0.0,NaN
20.0333,0.06380,-23.631,11.201,0.0,NaN
20.0500,0.06362,-23.630,11.200,0.0,NaN
20.0667,0.06343,-23.630,11.199,0.0,NaN
20.0833,0.06324,-23.630,11.197,0.0,NaN
20.1000,0.06305,-23.629,11.196,0.0,NaN
20.1167,0.06286,-23.629,11.194,0.0,NaN
20.1333,0.06267,-23.629,11.193,0.0,NaN
20.1500,0.06249,-23.629,11.191,0.0,NaN
20.1667,0.06232,-23.629,11.189,0.0,NaN
20.1833,0.06215,-23.629,11.186,0.0,NaN
20.2000,0.06198,-23.629,11.184,0.0,NaN
20.2167,0.06183,-23.629,11.182,0.0,NaN
20.2333,0.06168,-23.630,11.179,0.0,NaN
20.2500,0.06155,-23.631,11.176,0.0,NaN
20.2667,0.06142,-23.631,11.173,0.0,NaN
20.2833,0.06130,-23.632,11.170,0.0,NaN
20.3000,0.06120,-23.633,11.167,0.0,NaN
20.3167,0.06110,-23.634,11.164,0.0,NaN
20.3333,0.06102,-23.636,11.161,0.0,NaN
20.3500,0.06095,-23.637,11.158,0.0,NaN
20.3667,0.06089,-23.639,11.155,0.0,NaN
20.3833,0.06085,-23.640,11.151,0.0,NaN
20.4000,0.06082,-23.642,11.148,0.0,NaN
20.4167,0.06079,-23.644,11.145,0.0,NaN
20.4333,0.06078,-23.647,11.142,0.0,NaN
20.4500,0.06079,-23.649,11.139,0.0,NaN
20.4667,0.06080,-23.652,11.136,0.0,NaN
20.4833,0.06082,-23.654,11.133,0.0,NaN
20.5000,0.06085,-23.657,11.130,0.0,NaN
20.5167,0.06090,-23.660,11.128,0.0,NaN
20.5333,0.06095,-23.663,11.125,0.0,NaN
20.5500,0.06100,-23.666,11.123,0.0,NaN
20.5667,0.06107,-23.669,11.121,0.0,NaN
20.5833,0.06114,-23.673,11.119,0.0,NaN
20.6000,0.06122,-23.676,11.118,0.0,NaN
20.6167,0.06130,-23.680,11.117,0.0,NaN
20.6333,0.06138,-23.683,11.116,0.0,NaN
20.6500,0.06147,-23.687,11.115,0.0,NaN
20.6667,0.06155,-23.690,11.114,0.0,NaN
20.6833,0.06164,-23.694,11.114,0.0,NaN
20.7000,0.06173,-23.698,11.114,0.0,NaN
20.7167,0.06182,-23.702,11.115,0.0,NaN
20.7333,0.06190,-23.705,11.116,0.0,NaN
20.7500,0.06198,-23.709,11.117,0.0,NaN
20.7667,0.06206,-23.713,11.118,0.0,NaN
20.7833,0.06213,-23.717,11.119,0.0,NaN
20.8000,0.06220,-23.720,11.121,0.0,NaN
20.8167,0.06226,-23.724,11.123,0.0,NaN
20.8333,0.06232,-23.728,11.126,0.0,NaN
20.8500,0.06236,-23.731,11.128,0.0,NaN
20.8667,0.06240,-23.735,11.131,0.0,NaN
20.8833,0.06244,-23.738,11.134,0.0,NaN
20.9000,0.06246,-23.742,11.137,0.0,NaN
20.9167,0.06248,-23.745,11.140,0.0,NaN
20.9333,0.06248,-23.748,11.143,0.0,NaN
20.9500,0.06248,-23.751,11.147,0.0,NaN
20.9667,0.06247,-23.754,11.151,0.0,NaN
20.9833,0.06245,-23.757,11.154,0.0,NaN
21.0000,0.06242,-23.760,11.158,0.0,NaN
21.0167,0.06238,-23.763,11.161,0.0,NaN
21.0333,0.06234,-23.766,11.165,0.0,NaN
21.0500,0.06229,-23.769,11.169,0.0,NaN
21.0667,0.06223,-23.771,11.172,0.0,NaN
21.0833,0.06216,-23.774,11.175,0.0,NaN
21.1000,0.06209,-23.776,11.178,0.0,NaN
21.1167,0.06201,-23.779,11.181,0.0,NaN
21.1333,0.06192,-23.781,11.184,0.0,NaN
21.1500,0.06183,-23.783,11.186,0.0,NaN
21.1667,0.06174,-23.785,11.189,0.0,NaN
21.1833,0.06164,-23.788,11.190,0.0,NaN
21.2000,0.06154,-23.790,11.192,0.0,NaN
21.2167,0.06144,-23.792,11.193,0.0,NaN
21.2333,0.06134,-23.794,11.194,0.0,NaN
21.2500,0.06123,-23.796,11.195,0.0,NaN
21.2667,0.06113,-23.797,11.195,0.0,NaN
21.2833,0.06102,-23.799,11.194,0.0,NaN
21.3000,0.06092,-23.801,11.194,0.0,NaN
21.3167,0.06082,-23.803,11.193,0.0,NaN
21.3333,0.06072,-23.805,11.191,0.0,NaN
21.3500,0.06062,-23.807,11.189,0.0,NaN
21.3667,0.06053,-23.808,11.187,0.0,NaN
21.3833,0.06044,-23.810,11.184,0.0,NaN
21.4000,0.06035,-23.812,11.182,0.0,NaN
21.4167,0.06026,-23.814,11.178,0.0,NaN
21.4333,0.06018,-23.816,11.175,0.0,NaN
21.4500,0.06011,-23.817,11.171,0.0,NaN
21.4667,0.06004,-23.819,11.167,0.0,NaN
21.4833,0.05997,-23.821,11.163,0.0,NaN
21.5000,0.05991,-23.823,11.158,0.0,NaN
21.5167,0.05985,-23.824,11.154,0.0,NaN
21.5333,0.05979,-23.826,11.149,0.0,NaN
21.5500,0.05974,-23.828,11.144,0.0,NaN
21.5667,0.05970,-23.830,11.139,0.0,NaN
21.5833,0.05965,-23.832,11.134,0.0,NaN
21.6000,0.05961,-23.834,11.129,0.0,NaN
21.6167,0.05958,-23.835,11.124,0.0,NaN
21.6333,0.05954,-23.837,11.120,0.0,NaN
21.6500,0.05951,-23.839,11.115,0.0,NaN
21.6667,0.05949,-23.841,11.110,0.0,NaN
21.6833,0.05946,-23.843,11.106,0.0,NaN
21.7000,0.05944,-23.845,11.102,0.0,NaN
21.7167,0.05942,-23.847,11.098,0.0,NaN
21.7333,0.05940,-23.849,11.094,0.0,NaN
21.7500,0.05938,-23.851,11.091,0.0,NaN
21.7667,0.05936,-23.853,11.087,0.0,NaN
21.7833,0.05934,-23.854,11.084,0.0,NaN
21.8000,0.05933,-23.856,11.082,0.0,NaN
21.8167,0.05931,-23.858,11.079,0.0,NaN
21.8333,0.05929,-23.860,11.077,0.0,NaN
21.8500,0.05928,-23.862,11.076,0.0,NaN
21.8667,0.05926,-23.864,11.074,0.0,NaN
21.8833,0.05924,-23.866,11.073,0.0,NaN
21.9000,0.05922,-23.868,11.073,0.0,NaN
21.9167,0.05920,-23.870,11.072,0.0,NaN
21.9333,0.05918,-23.872,11.072,0.0,NaN
21.9500,0.05916,-23.874,11.073,0.0,NaN
21.9667,0.05914,-23.875,11.073,0.0,NaN
21.9833,0.05912,-23.877,11.074,0.0,NaN
22.0000,0.05910,-23.879,11.075,0.0,NaN
22.0167,0.05907,-23.881,11.077,0.0,NaN
22.0333,0.05905,-23.883,11.079,0.0,NaN
22.0500,0.05902,-23.885,11.081,0.0,NaN
22.0667,0.05900,-23.886,11.083,0.0,NaN
22.0833,0.05897,-23.888,11.086,0.0,NaN
22.1000,0.05894,-23.890,11.088,0.0,NaN
22.1167,0.05892,-23.892,11.091,0.0,NaN
22.1333,0.05889,-23.894,11.094,0.0,NaN
22.1500,0.05887,-23.895,11.097,0.0,NaN
22.1667,0.05884,-23.897,11.101,0.0,NaN
22.1833,0.05882,-23.899,11.104,0.0,NaN
22.2000,0.05879,-23.900,11.107,0.0,NaN
22.2167,0.05877,-23.902,11.111,0.0,NaN
22.2333,0.05875,-23.904,11.114,0.0,NaN
22.2500,0.05873,-23.905,11.117,0.0,NaN
22.2667,0.05871,-23.907,11.121,0.0,NaN
22.2833,0.05869,-23.908,11.124,0.0,NaN
22.3000,0.05868,-23.910,11.127,0.0,NaN
22.3167,0.05867,-23.911,11.130,0.0,NaN
22.3333,0.05866,-23.913,11.133,0.0,NaN
22.3500,0.05865,-23.914,11.135,0.0,NaN
22.3667,0.05865,-23.916,11.138,0.0,NaN
22.3833,0.05865,-23.917,11.140,0.0,NaN
22.4000,0.05865,-23.919,11.142,0.0,NaN
22.4167,0.05865,-23.920,11.143,0.0,NaN
22.4333,0.05865,-23.922,11.145,0.0,NaN
22.4500,0.05866,-23.923,11.146,0.0,NaN
22.4667,0.05867,-23.924,11.147,0.0,NaN
22.4833,0.05868,-23.925,11.148,0.0,NaN
22.5000,0.05869,-23.927,11.148,0.0,NaN
22.5167,0.05870,-23.928,11.148,0.0,NaN
22.5333,0.05872,-23.929,11.148,0.0,NaN
22.5500,0.05873,-23.930,11.147,0.0,NaN
22.5667,0.05875,-23.931,11.147,0.0,NaN
22.5833,0.05876,-23.932,11.146,0.0,NaN
22.6000,0.05878,-23.933,11.144,0.0,NaN
22.6167,0.05879,-23.934,11.143,0.0,NaN
22.6333,0.05881,-23.935,11.141,0.0,NaN
22.6500,0.05882,-23.936,11.139,0.0,NaN
22.6667,0.05883,-23.937,11.137,0.0,NaN
22.6833,0.05883,-23.937,11.135,0.0,NaN
22.7000,0.05884,-23.938,11.133,0.0,NaN
22.7167,0.05884,-23.939,11.130,0.0,NaN
22.7333,0.05884,-23.939,11.128,0.0,NaN
22.7500,0.05883,-23.940,11.125,0.0,NaN
22.7667,0.05882,-23.940,11.123,0.0,NaN
22.7833,0.05881,-23.941,11.120,0.0,NaN
22.8000,0.05879,-23.941,11.117,0.0,NaN
22.8167,0.05877,-23.941,11.114,0.0,NaN
22.8333,0.05874,-23.941,11.112,0.0,NaN
22.8500,0.05871,-23.942,11.109,0.0,NaN
22.8667,0.05867,-23.942,11.107,0.0,NaN
22.8833,0.05863,-23.942,11.104,0.0,NaN
22.9000,0.05858,-23.942,11.101,0.0,NaN
22.9167,0.05853,-23.942,11.099,0.0,NaN
22.9333,0.05847,-23.942,11.097,0.0,NaN
22.9500,0.05841,-23.942,11.095,0.0,NaN
22.9667,0.05834,-23.942,11.093,0.0,NaN
22.9833,0.05827,-23.942,11.091,0.0,NaN
23.0000,0.05819,-23.942,11.089,0.0,NaN
23.0167,0.05812,-23.942,11.087,0.0,NaN
23.0333,0.05803,-23.941,11.086,0.0,NaN
23.0500,0.05795,-23.941,11.085,0.0,NaN
23.0667,0.05786,-23.941,11.083,0.0,NaN
23.0833,0.05777,-23.941,11.082,0.0,NaN
23.1000,0.05768,-23.941,11.081,0.0,NaN
23.1167,0.05759,-23.941,11.081,0.0,NaN
23.1333,0.05750,-23.941,11.080,0.0,NaN
23.1500,0.05741,-23.941,11.080,0.0,NaN
23.1667,0.05732,-23.940,11.079,0.0,NaN
23.1833,0.05723,-23.940,11.079,0.0,NaN
23.2000,0.05714,-23.940,11.079,0.0,NaN
23.2167,0.05706,-23.941,11.079,0.0,NaN
23.2333,0.05698,-23.941,11.079,0.0,NaN
23.2500,0.05690,-23.941,11.079,0.0,NaN
23.2667,0.05682,-23.941,11.079,0.0,NaN
23.2833,0.05675,-23.941,11.080,0.0,NaN
23.3000,0.05669,-23.942,11.080,0.0,NaN
23.3167,0.05663,-23.942,11.081,0.0,NaN
23.3333,0.05657,-23.942,11.081,0.0,NaN
23.3500,0.05652,-23.943,11.082,0.0,NaN
23.3667,0.05648,-23.944,11.082,0.0,NaN
23.3833,0.05644,-23.944,11.083,0.0,NaN
23.4000,0.05641,-23.945,11.083,0.0,NaN
23.4167,0.05639,-23.946,11.084,0.0,NaN
23.4333,0.05637,-23.947,11.085,0.0,NaN
23.4500,0.05636,-23.947,11.085,0.0,NaN
23.4667,0.05636,-23.948,11.086,0.0,NaN
23.4833,0.05636,-23.949,11.086,0.0,NaN
23.5000,0.05637,-23.951,11.087,0.0,NaN
23.5167,0.05638,-23.952,11.087,0.0,NaN
23.5333,0.05641,-23.953,11.088,0.0,NaN
23.5500,0.05643,-23.954,11.088,0.0,NaN
23.5667,0.05646,-23.956,11.089,0.0,NaN
23.5833,0.05650,-23.957,11.089,0.0,NaN
23.6000,0.05654,-23.958,11.089,0.0,NaN
23.6167,0.05658,-23.960,11.090,0.0,NaN
23.6333,0.05663,-23.961,11.090,0.0,NaN
23.6500,0.05668,-23.963,11.090,0.0,NaN
23.6667,0.05674,-23.964,11.091,0.0,NaN
23.6833,0.05679,-23.966,11.091,0.0,NaN
23.7000,0.05685,-23.968,11.091,0.0,NaN
23.7167,0.05690,-23.969,11.091,0.0,NaN
23.7333,0.05696,-23.971,11.092,0.0,NaN
23.7500,0.05701,-23.972,11.092,0.0,NaN
23.7667,0.05706,-23.974,11.092,0.0,NaN
23.7833,0.05711,-23.976,11.092,0.0,NaN
23.8000,0.05716,-23.977,11.092,0.0,NaN
23.8167,0.05721,-23.979,11.092,0.0,NaN
23.8333,0.05725,-23.980,11.093,0.0,NaN
23.8500,0.05729,-23.982,11.093,0.0,NaN
23.8667,0.05732,-23.983,11.093,0.0,NaN
23.8833,0.05735,-23.985,11.093,0.0,NaN
23.9000,0.05737,-23.986,11.093,0.0,NaN
23.9167,0.05738,-23.987,11.093,0.0,NaN
23.9333,0.05739,-23.989,11.094,0.0,NaN
23.9500,0.05740,-23.990,11.094,0.0,NaN
23.9667,0.05739,-23.991,11.094,0.0,NaN
23.9833,0.05738,-23.992,11.094,0.0,NaN
24.0000,0.05736,-23.993,11.095,0.0,NaN
24.0167,0.05734,-23.995,11.095,0.0,NaN
24.0333,0.05731,-23.996,11.095,0.0,NaN
24.0500,0.05727,-23.997,11.095,0.0,NaN
24.0667,0.05723,-23.998,11.095,0.0,NaN
24.0833,0.05718,-23.998,11.095,0.0,NaN
24.1000,0.05712,-23.999,11.095,0.0,NaN
24.1167,0.05706,-24.000,11.096,0.0,NaN
24.1333,0.05699,-24.001,11.096,0.0,NaN
24.1500,0.05691,-24.002,11.096,0.0,NaN
24.1667,0.05684,-24.003,11.095,0.0,NaN
24.1833,0.05675,-24.003,11.095,0.0,NaN
24.2000,0.05667,-24.004,11.095,0.0,NaN
24.2167,0.05658,-24.005,11.095,0.0,NaN
24.2333,0.05648,-24.005,11.094,0.0,NaN
24.2500,0.05639,-24.006,11.094,0.0,NaN
24.2667,0.05629,-24.007,11.093,0.0,NaN
24.2833,0.05619,-24.008,11.093,0.0,NaN
24.3000,0.05610,-24.008,11.092,0.0,NaN
24.3167,0.05600,-24.009,11.091,0.0,NaN
24.3333,0.05590,-24.010,11.090,0.0,NaN
24.3500,0.05580,-24.010,11.089,0.0,NaN
24.3667,0.05571,-24.011,11.088,0.0,NaN
24.3833,0.05562,-24.012,11.087,0.0,NaN
24.4000,0.05553,-24.013,11.086,0.0,NaN
24.4167,0.05544,-24.014,11.084,0.0,NaN
24.4333,0.05536,-24.015,11.083,0.0,NaN
24.4500,0.05528,-24.016,11.081,0.0,NaN
24.4667,0.05521,-24.017,11.080,0.0,NaN
24.4833,0.05514,-24.018,11.078,0.0,NaN
24.5000,0.05507,-24.019,11.076,0.0,NaN
24.5167,0.05501,-24.020,11.074,0.0,NaN
24.5333,0.05496,-24.021,11.072,0.0,NaN
24.5500,0.05491,-24.022,11.071,0.0,NaN
24.5667,0.05487,-24.024,11.069,0.0,NaN
24.5833,0.05483,-24.025,11.067,0.0,NaN
24.6000,0.05480,-24.026,11.065,0.0,NaN
24.6167,0.05477,-24.028,11.063,0.0,NaN
24.6333,0.05475,-24.029,11.061,0.0,NaN
24.6500,0.05473,-24.031,11.059,0.0,NaN
24.6667,0.05472,-24.032,11.057,0.0,NaN
24.6833,0.05472,-24.034,11.055,0.0,NaN
24.7000,0.05471,-24.036,11.053,0.0,NaN
24.7167,0.05472,-24.038,11.052,0.0,NaN
24.7333,0.05472,-24.039,11.050,0.0,NaN
24.7500,0.05473,-24.041,11.049,0.0,NaN
24.7667,0.05475,-24.043,11.047,0.0,NaN
24.7833,0.05476,-24.045,11.046,0.0,NaN
24.8000,0.05478,-24.047,11.045,0.0,NaN
24.8167,0.05480,-24.049,11.044,0.0,NaN
24.8333,0.05483,-24.051,11.043,0.0,NaN
24.8500,0.05485,-24.053,11.042,0.0,NaN
24.8667,0.05488,-24.055,11.041,0.0,NaN
24.8833,0.05490,-24.057,11.041,0.0,NaN
24.9000,0.05492,-24.059,11.041,0.0,NaN
24.9167,0.05495,-24.061,11.041,0.0,NaN
24.9333,0.05497,-24.063,11.041,0.0,NaN
24.9500,0.05499,-24.065,11.041,0.0,NaN
24.9667,0.05501,-24.067,11.041,0.0,NaN
24.9833,0.05503,-24.069,11.042,0.0,NaN
25.0000,0.05505,-24.070,11.042,0.0,NaN
25.0167,0.05506,-24.072,11.043,0.0,NaN
25.0333,0.05507,-24.074,11.044,0.0,NaN
25.0500,0.05508,-24.076,11.045,0.0,NaN
25.0667,0.05508,-24.078,11.046,0.0,NaN
25.0833,0.05508,-24.080,11.048,0.0,NaN
25.1000,0.05508,-24.082,11.049,0.0,NaN
25.1167,0.05507,-24.084,11.051,0.0,NaN
25.1333,0.05506,-24.085,11.052,0.0,NaN
25.1500,0.05504,-24.087,11.054,0.0,NaN
25.1667,0.05503,-24.089,11.055,0.0,NaN
25.1833,0.05500,-24.090,11.057,0.0,NaN
25.2000,0.05498,-24.092,11.059,0.0,NaN
25.2167,0.05495,-24.093,11.061,0.0,NaN
25.2333,0.05492,-24.095,11.062,0.0,NaN
25.2500,0.05488,-24.096,11.064,0.0,NaN
25.2667,0.05485,-24.098,11.066,0.0,NaN
25.2833,0.05480,-24.099,11.067,0.0,NaN
25.3000,0.05476,-24.101,11.069,0.0,NaN
25.3167,0.05472,-24.102,11.070,0.0,NaN
25.3333,0.05467,-24.103,11.071,0.0,NaN
25.3500,0.05462,-24.105,11.073,0.0,NaN
25.3667,0.05457,-24.106,11.074,0.0,NaN
25.3833,0.05452,-24.107,11.075,0.0,NaN
25.4000,0.05447,-24.108,11.075,0.0,NaN
25.4167,0.05442,-24.109,11.076,0.0,NaN
25.4333,0.05437,-24.111,11.076,0.0,NaN
25.4500,0.05432,-24.112,11.077,0.0,NaN
25.4667,0.05427,-24.113,11.077,0.0,NaN
25.4833,0.05422,-24.114,11.077,0.0,NaN
25.5000,0.05417,-24.115,11.076,0.0,NaN
25.5167,0.05412,-24.116,11.076,0.0,NaN
25.5333,0.05408,-24.117,11.075,0.0,NaN
25.5500,0.05403,-24.118,11.074,0.0,NaN
25.5667,0.05399,-24.119,11.073,0.0,NaN
25.5833,0.05395,-24.120,11.072,0.0,NaN
25.6000,0.05391,-24.121,11.071,0.0,NaN
25.6167,0.05387,-24.122,11.069,0.0,NaN
25.6333,0.05384,-24.123,11.067,0.0,NaN
25.6500,0.05380,-24.124,11.066,0.0,NaN
25.6667,0.05377,-24.125,11.064,0.0,NaN
25.6833,0.05374,-24.126,11.062,0.0,NaN
25.7000,0.05371,-24.127,11.059,0.0,NaN
25.7167,0.05368,-24.128,11.057,0.0,NaN
25.7333,0.05366,-24.129,11.055,0.0,NaN
25.7500,0.05363,-24.129,11.052,0.0,NaN
25.7667,0.05361,-24.130,11.050,0.0,NaN
25.7833,0.05359,-24.131,11.048,0.0,NaN
25.8000,0.05357,-24.132,11.045,0.0,NaN
25.8167,0.05355,-24.133,11.043,0.0,NaN
25.8333,0.05353,-24.134,11.040,0.0,NaN
25.8500,0.05351,-24.135,11.038,0.0,NaN
25.8667,0.05349,-24.136,11.036,0.0,NaN
25.8833,0.05347,-24.137,11.034,0.0,NaN
25.9000,0.05346,-24.137,11.032,0.0,NaN
25.9167,0.05344,-24.138,11.030,0.0,NaN
25.9333,0.05342,-24.139,11.028,0.0,NaN
25.9500,0.05340,-24.140,11.026,0.0,NaN
25.9667,0.05338,-24.141,11.024,0.0,NaN
25.9833,0.05336,-24.142,11.023,0.0,NaN
26.0000,0.05334,-24.143,11.021,0.0,NaN
26.0167,0.05332,-24.143,11.020,0.0,NaN
26.0333,0.05329,-24.144,11.019,0.0,NaN
26.0500,0.05327,-24.145,11.018,0.0,NaN
26.0667,0.05324,-24.146,11.017,0.0,NaN
26.0833,0.05322,-24.147,11.017,0.0,NaN
26.1000,0.05319,-24.147,11.016,0.0,NaN
26.1167,0.05316,-24.148,11.016,0.0,NaN
26.1333,0.05313,-24.149,11.016,0.0,NaN
26.1500,0.05311,-24.150,11.016,0.0,NaN
26.1667,0.05307,-24.151,11.016,0.0,NaN
26.1833,0.05304,-24.152,11.016,0.0,NaN
26.2000,0.05301,-24.152,11.017,0.0,NaN
26.2167,0.05298,-24.153,11.017,0.0,NaN
26.2333,0.05295,-24.154,11.018,0.0,NaN
26.2500,0.05291,-24.155,11.019,0.0,NaN
26.2667,0.05288,-24.156,11.020,0.0,NaN
26.2833,0.05285,-24.156,11.021,0.0,NaN
26.3000,0.05282,-24.157,11.022,0.0,NaN
26.3167,0.05278,-24.158,11.023,0.0,NaN
26.3333,0.05275,-24.159,11.024,0.0,NaN
26.3500,0.05272,-24.160,11.026,0.0,NaN
26.3667,0.05269,-24.160,11.027,0.0,NaN
26.3833,0.05266,-24.161,11.028,0.0,NaN
26.4000,0.05264,-24.162,11.030,0.0,NaN
26.4167,0.05261,-24.163,11.031,0.0,NaN
26.4333,0.05259,-24.164,11.032,0.0,NaN
26.4500,0.05257,-24.165,11.034,0.0,NaN
26.4667,0.05255,-24.166,11.035,0.0,NaN
26.4833,0.05253,-24.167,11.036,0.0,NaN
26.5000,0.05251,-24.167,11.037,0.0,NaN
26.5167,0.05250,-24.168,11.038,0.0,NaN
26.5333,0.05248,-24.169,11.039,0.0,NaN
26.5500,0.05247,-24.170,11.040,0.0,NaN
26.5667,0.05247,-24.171,11.041,0.0,NaN
26.5833,0.05246,-24.172,11.041,0.0,NaN
26.6000,0.05245,-24.173,11.042,0.0,NaN
26.6167,0.05245,-24.174,11.043,0.0,NaN
26.6333,0.05245,-24.175,11.043,0.0,NaN
26.6500,0.05245,-24.176,11.043,0.0,NaN
26.6667,0.05245,-24.177,11.043,0.0,NaN
26.6833,0.05246,-24.178,11.043,0.0,NaN
26.7000,0.05246,-24.178,11.043,0.0,NaN
26.7167,0.05247,-24.179,11.043,0.0,NaN
26.7333,0.05247,-24.180,11.043,0.0,NaN
26.7500,0.05248,-24.181,11.042,0.0,NaN
26.7667,0.05248,-24.182,11.042,0.0,NaN
26.7833,0.05249,-24.183,11.041,0.0,NaN
26.8000,0.05249,-24.184,11.040,0.0,NaN
26.8167,0.05250,-24.185,11.040,0.0,NaN
26.8333,0.05250,-24.185,11.039,0.0,NaN
26.8500,0.05250,-24.186,11.038,0.0,NaN
26.8667,0.05251,-24.187,11.037,0.0,NaN
26.8833,0.05250,-24.188,11.036,0.0,NaN
26.9000,0.05250,-24.189,11.035,0.0,NaN
26.9167,0.05250,-24.189,11.034,0.0,NaN
26.9333,0.05249,-24.190,11.032,0.0,NaN
26.9500,0.05248,-24.191,11.031,0.0,NaN
26.9667,0.05247,-24.192,11.030,0.0,NaN
26.9833,0.05245,-24.192,11.029,0.0,NaN
27.0000,0.05243,-24.193,11.028,0.0,NaN
27.0167,0.05241,-24.193,11.026,0.0,NaN
27.0333,0.05239,-24.194,11.025,0.0,NaN
27.0500,0.05236,-24.195,11.024,0.0,NaN
27.0667,0.05233,-24.195,11.023,0.0,NaN
27.0833,0.05230,-24.196,11.022,0.0,NaN
27.1000,0.05226,-24.196,11.021,0.0,NaN
27.1167,0.05222,-24.197,11.020,0.0,NaN
27.1333,0.05218,-24.197,11.019,0.0,NaN
27.1500,0.05213,-24.198,11.018,0.0,NaN
27.1667,0.05208,-24.199,11.017,0.0,NaN
27.1833,0.05203,-24.199,11.016,0.0,NaN
27.2000,0.05198,-24.200,11.015,0.0,NaN
27.2167,0.05192,-24.200,11.015,0.0,NaN
27.2333,0.05186,-24.201,11.014,0.0,NaN
27.2500,0.05181,-24.201,11.013,0.0,NaN
27.2667,0.05175,-24.202,11.013,0.0,NaN
27.2833,0.05169,-24.202,11.012,0.0,NaN
27.3000,0.05163,-24.203,11.012,0.0,NaN
27.3167,0.05156,-24.203,11.011,0.0,NaN
27.3333,0.05150,-24.204,11.011,0.0,NaN
27.3500,0.05144,-24.204,11.010,0.0,NaN
27.3667,0.05138,-24.205,11.010,0.0,NaN
27.3833,0.05132,-24.205,11.010,0.0,NaN
27.4000,0.05126,-24.206,11.010,0.0,NaN
27.4167,0.05121,-24.207,11.009,0.0,NaN
27.4333,0.05115,-24.207,11.009,0.0,NaN
27.4500,0.05110,-24.208,11.009,0.0,NaN
27.4667,0.05105,-24.209,11.009,0.0,NaN
27.4833,0.05100,-24.210,11.008,0.0,NaN
27.5000,0.05096,-24.211,11.008,0.0,NaN
27.5167,0.05092,-24.211,11.008,0.0,NaN
27.5333,0.05088,-24.212,11.008,0.0,NaN
27.5500,0.05085,-24.213,11.008,0.0,NaN
27.5667,0.05082,-24.214,11.008,0.0,NaN
27.5833,0.05079,-24.215,11.007,0.0,NaN
27.6000,0.05076,-24.216,11.007,0.0,NaN
27.6167,0.05074,-24.217,11.007,0.0,NaN
27.6333,0.05073,-24.218,11.007,0.0,NaN
27.6500,0.05072,-24.219,11.007,0.0,NaN
27.6667,0.05071,-24.221,11.006,0.0,NaN
27.6833,0.05070,-24.222,11.006,0.0,NaN
27.7000,0.05070,-24.223,11.006,0.0,NaN
27.7167,0.05070,-24.224,11.006,0.0,NaN
27.7333,0.05070,-24.225,11.005,0.0,NaN
27.7500,0.05071,-24.227,11.005,0.0,NaN
27.7667,0.05071,-24.228,11.005,0.0,NaN
27.7833,0.05072,-24.229,11.005,0.0,NaN
27.8000,0.05074,-24.231,11.004,0.0,NaN
27.8167,0.05075,-24.232,11.004,0.0,NaN
27.8333,0.05076,-24.233,11.004,0.0,NaN
27.8500,0.05078,-24.235,11.004,0.0,NaN
27.8667,0.05080,-24.236,11.004,0.0,NaN
27.8833,0.05081,-24.238,11.003,0.0,NaN
27.9000,0.05083,-24.239,11.003,0.0,NaN
27.9167,0.05085,-24.240,11.003,0.0,NaN
27.9333,0.05086,-24.242,11.003,0.0,NaN
27.9500,0.05088,-24.243,11.003,0.0,NaN
27.9667,0.05089,-24.245,11.003,0.0,NaN
27.9833,0.05090,-24.246,11.003,0.0,NaN
28.0000,0.05091,-24.247,11.003,0.0,NaN
28.0167,0.05092,-24.249,11.003,0.0,NaN
28.0333,0.05092,-24.250,11.003,0.0,NaN
28.0500,0.05093,-24.251,11.003,0.0,NaN
28.0667,0.05093,-24.253,11.003,0.0,NaN
28.0833,0.05092,-24.254,11.003,0.0,NaN
28.1000,0.05092,-24.255,11.003,0.0,NaN
28.1167,0.05091,-24.256,11.003,0.0,NaN
28.1333,0.05089,-24.258,11.004,0.0,NaN
28.1500,0.05088,-24.259,11.004,0.0,NaN
28.1667,0.05086,-24.260,11.004,0.0,NaN
28.1833,0.05083,-24.261,11.004,0.0,NaN
28.2000,0.05081,-24.262,11.004,0.0,NaN
28.2167,0.05078,-24.263,11.005,0.0,NaN
28.2333,0.05074,-24.264,11.005,0.0,NaN
28.2500,0.05070,-24.265,11.005,0.0,NaN
28.2667,0.05067,-24.266,11.005,0.0,NaN
28.2833,0.05062,-24.267,11.005,0.0,NaN
28.3000,0.05058,-24.268,11.005,0.0,NaN
28.3167,0.05053,-24.269,11.005,0.0,NaN
28.3333,0.05048,-24.270,11.005,0.0,NaN
28.3500,0.05043,-24.271,11.005,0.0,NaN
28.3667,0.05038,-24.272,11.005,0.0,NaN
28.3833,0.05032,-24.273,11.005,0.0,NaN
28.4000,0.05027,-24.274,11.005,0.0,NaN
28.4167,0.05021,-24.274,11.005,0.0,NaN
28.4333,0.05015,-24.275,11.005,0.0,NaN
28.4500,0.05010,-24.276,11.004,0.0,NaN
28.4667,0.05004,-24.277,11.004,0.0,NaN
28.4833,0.04998,-24.278,11.004,0.0,NaN
28.5000,0.04993,-24.279,11.003,0.0,NaN
28.5167,0.04987,-24.279,11.002,0.0,NaN
28.5333,0.04982,-24.280,11.002,0.0,NaN
28.5500,0.04977,-24.281,11.001,0.0,NaN
28.5667,0.04972,-24.282,11.000,0.0,NaN
28.5833,0.04967,-24.283,10.999,0.0,NaN
28.6000,0.04962,-24.284,10.998,0.0,NaN
28.6167,0.04958,-24.285,10.998,0.0,NaN
28.6333,0.04953,-24.285,10.996,0.0,NaN
28.6500,0.04949,-24.286,10.995,0.0,NaN
28.6667,0.04946,-24.287,10.994,0.0,NaN
28.6833,0.04942,-24.288,10.993,0.0,NaN
28.7000,0.04939,-24.289,10.992,0.0,NaN
28.7167,0.04936,-24.290,10.991,0.0,NaN
28.7333,0.04933,-24.291,10.989,0.0,NaN
28.7500,0.04931,-24.292,10.988,0.0,NaN
28.7667,0.04929,-24.293,10.987,0.0,NaN
28.7833,0.04927,-24.294,10.986,0.0,NaN
28.8000,0.04925,-24.295,10.984,0.0,NaN
28.8167,0.04924,-24.296,10.983,0.0,NaN
28.8333,0.04922,-24.297,10.982,0.0,NaN
28.8500,0.04921,-24.298,10.981,0.0,NaN
28.8667,0.04921,-24.299,10.979,0.0,NaN
28.8833,0.04920,-24.300,10.978,0.0,NaN
28.9000,0.04919,-24.301,10.977,0.0,NaN
28.9167,0.04919,-24.302,10.976,0.0,NaN
28.9333,0.04919,-24.304,10.975,0.0,NaN
28.9500,0.04919,-24.305,10.974,0.0,NaN
28.9667,0.04918,-24.306,10.973,0.0,NaN
28.9833,0.04918,-24.307,10.973,0.0,NaN
29.0000,0.04918,-24.308,10.972,0.0,NaN
29.0167,0.04918,-24.309,10.971,0.0,NaN
29.0333,0.04918,-24.310,10.971,0.0,NaN
29.0500,0.04918,-24.311,10.970,0.0,NaN
29.0667,0.04918,-24.312,10.970,0.0,NaN
29.0833,0.04917,-24.314,10.970,0.0,NaN
29.1000,0.04917,-24.315,10.970,0.0,NaN
29.1167,0.04917,-24.316,10.970,0.0,NaN
29.1333,0.04916,-24.317,10.970,0.0,NaN
29.1500,0.04915,-24.318,10.970,0.0,NaN
29.1667,0.04914,-24.319,10.970,0.0,NaN
29.1833,0.04913,-24.320,10.970,0.0,NaN
29.2000,0.04912,-24.321,10.971,0.0,NaN
29.2167,0.04911,-24.322,10.971,0.0,NaN
29.2333,0.04909,-24.323,10.972,0.0,NaN
29.2500,0.04907,-24.324,10.972,0.0,NaN
29.2667,0.04906,-24.325,10.973,0.0,NaN
29.2833,0.04904,-24.326,10.974,0.0,NaN
29.3000,0.04901,-24.327,10.974,0.0,NaN
29.3167,0.04899,-24.328,10.975,0.0,NaN
29.3333,0.04897,-24.329,10.976,0.0,NaN
29.3500,0.04894,-24.330,10.977,0.0,NaN
29.3667,0.04891,-24.331,10.978,0.0,NaN
29.3833,0.04888,-24.332,10.978,0.0,NaN
29.4000,0.04886,-24.332,10.979,0.0,NaN
29.4167,0.04883,-24.333,10.980,0.0,NaN
29.4333,0.04879,-24.334,10.981,0.0,NaN
29.4500,0.04876,-24.335,10.981,0.0,NaN
29.4667,0.04873,-24.336,10.982,0.0,NaN
29.4833,0.04870,-24.337,10.983,0.0,NaN
29.5000,0.04867,-24.337,10.983,0.0,NaN
29.5167,0.04863,-24.338,10.984,0.0,NaN
29.5333,0.04860,-24.339,10.984,0.0,NaN
29.5500,0.04857,-24.340,10.984,0.0,NaN
29.5667,0.04854,-24.341,10.985,0.0,NaN
29.5833,0.04851,-24.341,10.985,0.0,NaN
29.6000,0.04848,-24.342,10.985,0.0,NaN
29.6167,0.04845,-24.343,10.985,0.0,NaN
29.6333,0.04842,-24.344,10.985,0.0,NaN
29.6500,0.04839,-24.344,10.985,0.0,NaN
29.6667,0.04837,-24.345,10.984,0.0,NaN
29.6833,0.04834,-24.346,10.984,0.0,NaN
29.7000,0.04832,-24.346,10.983,0.0,NaN
29.7167,0.04829,-24.347,10.983,0.0,NaN
29.7333,0.04827,-24.348,10.982,0.0,NaN
29.7500,0.04825,-24.349,10.981,0.0,NaN
29.7667,0.04823,-24.349,10.981,0.0,NaN
29.7833,0.04821,-24.350,10.980,0.0,NaN
29.8000,0.04819,-24.351,10.979,0.0,NaN
29.8167,0.04817,-24.352,10.978,0.0,NaN
29.8333,0.04815,-24.352,10.977,0.0,NaN
29.8500,0.04814,-24.353,10.976,0.0,NaN
29.8667,0.04812,-24.354,10.974,0.0,NaN
29.8833,0.04811,-24.354,10.973,0.0,NaN
29.9000,0.04809,-24.355,10.972,0.0,NaN
29.9167,0.04808,-24.356,10.971,0.0,NaN
29.9333,0.04806,-24.356,10.969,0.0,NaN
29.9500,0.04805,-24.357,10.968,0.0,NaN
29.9667,0.04803,-24.358,10.967,0.0,NaN
29.9833,0.04802,-24.359,10.966,0.0,NaN
30.0000,0.04800,-24.359,10.964,0.0,NaN
30.0167,0.04798,-24.360,10.963,0.0,NaN
30.0333,0.04797,-24.361,10.962,0.0,NaN
30.0500,0.04795,-24.361,10.961,0.0,NaN
30.0667,0.04793,-24.362,10.960,0.0,NaN
30.0833,0.04791,-24.363,10.959,0.0,NaN
30.1000,0.04789,-24.363,10.958,0.0,NaN
30.1167,0.04787,-24.364,10.957,0.0,NaN
30.1333,0.04785,-24.365,10.956,0.0,NaN
30.1500,0.04782,-24.365,10.955,0.0,NaN
30.1667,0.04780,-24.366,10.954,0.0,NaN
30.1833,0.04777,-24.367,10.954,0.0,NaN
30.2000,0.04775,-24.367,10.953,0.0,NaN
30.2167,0.04772,-24.368,10.953,0.0,NaN
30.2333,0.04769,-24.369,10.952,0.0,NaN
30.2500,0.04766,-24.369,10.952,0.0,NaN
30.2667,0.04763,-24.370,10.951,0.0,NaN
30.2833,0.04760,-24.371,10.951,0.0,NaN
30.3000,0.04757,-24.371,10.951,0.0,NaN
30.3167,0.04753,-24.372,10.951,0.0,NaN
30.3333,0.04750,-24.373,10.951,0.0,NaN
30.3500,0.04747,-24.374,10.951,0.0,NaN
30.3667,0.04743,-24.374,10.951,0.0,NaN
30.3833,0.04740,-24.375,10.951,0.0,NaN
30.4000,0.04736,-24.376,10.952,0.0,NaN
30.4167,0.04733,-24.376,10.952,0.0,NaN
30.4333,0.04730,-24.377,10.952,0.0,NaN
30.4500,0.04726,-24.378,10.952,0.0,NaN
30.4667,0.04723,-24.379,10.953,0.0,NaN
30.4833,0.04720,-24.379,10.953,0.0,NaN
30.5000,0.04717,-24.380,10.953,0.0,NaN
30.5167,0.04714,-24.381,10.954,0.0,NaN
30.5333,0.04711,-24.382,10.954,0.0,NaN
30.5500,0.04708,-24.383,10.955,0.0,NaN
30.5667,0.04706,-24.383,10.955,0.0,NaN
30.5833,0.04703,-24.384,10.955,0.0,NaN
30.6000,0.04701,-24.385,10.956,0.0,NaN
30.6167,0.04698,-24.386,10.956,0.0,NaN
30.6333,0.04696,-24.387,10.956,0.0,NaN
30.6500,0.04695,-24.388,10.957,0.0,NaN
30.6667,0.04693,-24.389,10.957,0.0,NaN
30.6833,0.04691,-24.389,10.957,0.0,NaN
30.7000,0.04690,-24.390,10.957,0.0,NaN
30.7167,0.04689,-24.391,10.957,0.0,NaN
30.7333,0.04688,-24.392,10.957,0.0,NaN
30.7500,0.04687,-24.393,10.957,0.0,NaN
30.7667,0.04686,-24.394,10.957,0.0,NaN
30.7833,0.04685,-24.395,10.957,0.0,NaN
30.8000,0.04685,-24.396,10.957,0.0,NaN
30.8167,0.04684,-24.397,10.957,0.0,NaN
30.8333,0.04684,-24.398,10.956,0.0,NaN
30.8500,0.04683,-24.399,10.956,0.0,NaN
30.8667,0.04683,-24.400,10.956,0.0,NaN
30.8833,0.04683,-24.401,10.956,0.0,NaN
30.9000,0.04683,-24.402,10.955,0.0,NaN
30.9167,0.04682,-24.403,10.955,0.0,NaN
30.9333,0.04682,-24.404,10.954,0.0,NaN
30.9500,0.04682,-24.405,10.954,0.0,NaN
30.9667,0.04681,-24.406,10.953,0.0,NaN
30.9833,0.04681,-24.407,10.953,0.0,NaN
31.0000,0.04681,-24.408,10.952,0.0,NaN
31.0167,0.04680,-24.409,10.952,0.0,NaN
31.0333,0.04679,-24.410,10.951,0.0,NaN
31.0500,0.04678,-24.411,10.950,0.0,NaN
31.0667,0.04677,-24.411,10.950,0.0,NaN
31.0833,0.04676,-24.412,10.949,0.0,NaN
31.1000,0.04675,-24.413,10.949,0.0,NaN
31.1167,0.04673,-24.414,10.948,0.0,NaN
31.1333,0.04672,-24.415,10.948,0.0,NaN
31.1500,0.04670,-24.416,10.947,0.0,NaN
31.1667,0.04668,-24.417,10.946,0.0,NaN
31.1833,0.04665,-24.418,10.946,0.0,NaN
31.2000,0.04663,-24.418,10.945,0.0,NaN
31.2167,0.04660,-24.419,10.945,0.0,NaN
31.2333,0.04657,-24.420,10.944,0.0,NaN
31.2500,0.04654,-24.421,10.944,0.0,NaN
31.2667,0.04651,-24.422,10.943,0.0,NaN
31.2833,0.04648,-24.422,10.943,0.0,NaN
31.3000,0.04644,-24.423,10.942,0.0,NaN
31.3167,0.04640,-24.424,10.942,0.0,NaN
31.3333,0.04636,-24.425,10.942,0.0,NaN
31.3500,0.04632,-24.425,10.941,0.0,NaN
31.3667,0.04628,-24.426,10.941,0.0,NaN
31.3833,0.04624,-24.427,10.941,0.0,NaN
31.4000,0.04619,-24.428,10.940,0.0,NaN
31.4167,0.04615,-24.428,10.940,0.0,NaN
31.4333,0.04611,-24.429,10.940,0.0,NaN
31.4500,0.04606,-24.430,10.939,0.0,NaN
31.4667,0.04602,-24.431,10.939,0.0,NaN
31.4833,0.04597,-24.431,10.939,0.0,NaN
31.5000,0.04593,-24.432,10.938,0.0,NaN
31.5167,0.04589,-24.433,10.938,0.0,NaN
31.5333,0.04584,-24.434,10.938,0.0,NaN
31.5500,0.04580,-24.434,10.937,0.0,NaN
31.5667,0.04576,-24.435,10.937,0.0,NaN
31.5833,0.04572,-24.436,10.937,0.0,NaN
31.6000,0.04568,-24.437,10.936,0.0,NaN
31.6167,0.04565,-24.438,10.936,0.0,NaN
31.6333,0.04561,-24.438,10.935,0.0,NaN
31.6500,0.04558,-24.439,10.935,0.0,NaN
31.6667,0.04555,-24.440,10.935,0.0,NaN
31.6833,0.04552,-24.441,10.934,0.0,NaN
31.7000,0.04549,-24.442,10.934,0.0,NaN
31.7167,0.04547,-24.443,10.933,0.0,NaN
31.7333,0.04545,-24.444,10.933,0.0,NaN
31.7500,0.04542,-24.445,10.933,0.0,NaN
31.7667,0.04541,-24.446,10.932,0.0,NaN
31.7833,0.04539,-24.446,10.932,0.0,NaN
31.8000,0.04537,-24.447,10.931,0.0,NaN
31.8167,0.04536,-24.448,10.931,0.0,NaN
31.8333,0.04535,-24.449,10.930,0.0,NaN
31.8500,0.04534,-24.450,10.930,0.0,NaN
31.8667,0.04533,-24.451,10.929,0.0,NaN
31.8833,0.04533,-24.452,10.929,0.0,NaN
31.9000,0.04532,-24.453,10.928,0.0,NaN
31.9167,0.04532,-24.454,10.928,0.0,NaN
31.9333,0.04532,-24.456,10.927,0.0,NaN
31.9500,0.04531,-24.457,10.927,0.0,NaN
31.9667,0.04531,-24.458,10.927,0.0,NaN
31.9833,0.04531,-24.459,10.926,0.0,NaN
32.0000,0.04531,-24.460,10.926,0.0,NaN
32.0167,0.04531,-24.461,10.926,0.0,NaN
32.0333,0.04531,-24.462,10.925,0.0,NaN
32.0500,0.04531,-24.463,10.925,0.0,NaN
32.0667,0.04530,-24.464,10.925,0.0,NaN
32.0833,0.04530,-24.465,10.925,0.0,NaN
32.1000,0.04530,-24.466,10.924,0.0,NaN
32.1167,0.04529,-24.467,10.924,0.0,NaN
32.1333,0.04529,-24.468,10.924,0.0,NaN
32.1500,0.04528,-24.469,10.924,0.0,NaN
32.1667,0.04527,-24.470,10.924,0.0,NaN
32.1833,0.04527,-24.471,10.924,0.0,NaN
32.2000,0.04525,-24.472,10.924,0.0,NaN
32.2167,0.04524,-24.473,10.924,0.0,NaN
32.2333,0.04523,-24.474,10.924,0.0,NaN
32.2500,0.04521,-24.475,10.924,0.0,NaN
32.2667,0.04519,-24.475,10.924,0.0,NaN
32.2833,0.04517,-24.476,10.924,0.0,NaN
32.3000,0.04515,-24.477,10.924,0.0,NaN
32.3167,0.04513,-24.478,10.924,0.0,NaN
32.3333,0.04510,-24.479,10.924,0.0,NaN
32.3500,0.04508,-24.480,10.925,0.0,NaN
32.3667,0.04505,-24.481,10.925,0.0,NaN
32.3833,0.04502,-24.481,10.925,0.0,NaN
32.4000,0.04499,-24.482,10.925,0.0,NaN
32.4167,0.04496,-24.483,10.925,0.0,NaN
32.4333,0.04492,-24.484,10.925,0.0,NaN
32.4500,0.04489,-24.484,10.925,0.0,NaN
32.4667,0.04485,-24.485,10.925,0.0,NaN
32.4833,0.04482,-24.486,10.925,0.0,NaN
32.5000,0.04478,-24.487,10.925,0.0,NaN
32.5167,0.04474,-24.487,10.925,0.0,NaN
32.5333,0.04471,-24.488,10.925,0.0,NaN
32.5500,0.04467,-24.489,10.925,0.0,NaN
32.5667,0.04463,-24.489,10.925,0.0,NaN
32.5833,0.04459,-24.490,10.925,0.0,NaN
32.6000,0.04456,-24.491,10.925,0.0,NaN
32.6167,0.04452,-24.492,10.924,0.0,NaN
32.6333,0.04448,-24.492,10.924,0.0,NaN
32.6500,0.04445,-24.493,10.924,0.0,NaN
32.6667,0.04442,-24.494,10.923,0.0,NaN
32.6833,0.04438,-24.494,10.923,0.0,NaN
32.7000,0.04435,-24.495,10.922,0.0,NaN
32.7167,0.04432,-24.496,10.922,0.0,NaN
32.7333,0.04429,-24.496,10.921,0.0,NaN
32.7500,0.04426,-24.497,10.920,0.0,NaN
32.7667,0.04423,-24.498,10.920,0.0,NaN
32.7833,0.04421,-24.498,10.919,0.0,NaN
32.8000,0.04418,-24.499,10.918,0.0,NaN
32.8167,0.04416,-24.500,10.917,0.0,NaN
32.8333,0.04414,-24.501,10.917,0.0,NaN
32.8500,0.04412,-24.501,10.916,0.0,NaN
32.8667,0.04410,-24.502,10.915,0.0,NaN
32.8833,0.04408,-24.503,10.914,0.0,NaN
32.9000,0.04406,-24.504,10.913,0.0,NaN
32.9167,0.04405,-24.504,10.912,0.0,NaN
32.9333,0.04403,-24.505,10.911,0.0,NaN
32.9500,0.04402,-24.506,10.911,0.0,NaN
32.9667,0.04400,-24.507,10.910,0.0,NaN
32.9833,0.04399,-24.507,10.909,0.0,NaN
33.0000,0.04398,-24.508,10.908,0.0,NaN
33.0167,0.04397,-24.509,10.907,0.0,NaN
33.0333,0.04396,-24.510,10.906,0.0,NaN
33.0500,0.04394,-24.511,10.906,0.0,NaN
33.0667,0.04393,-24.511,10.905,0.0,NaN
33.0833,0.04392,-24.512,10.904,0.0,NaN
33.1000,0.04391,-24.513,10.904,0.0,NaN
33.1167,0.04390,-24.514,10.903,0.0,NaN
33.1333,0.04389,-24.514,10.903,0.0,NaN
33.1500,0.04388,-24.515,10.902,0.0,NaN
33.1667,0.04386,-24.516,10.902,0.0,NaN
33.1833,0.04385,-24.517,10.901,0.0,NaN
33.2000,0.04384,-24.518,10.901,0.0,NaN
33.2167,0.04382,-24.518,10.901,0.0,NaN
33.2333,0.04381,-24.519,10.900,0.0,NaN
33.2500,0.04379,-24.520,10.900,0.0,NaN
33.2667,0.04377,-24.521,10.900,0.0,NaN
33.2833,0.04375,-24.521,10.900,0.0,NaN
33.3000,0.04373,-24.522,10.900,0.0,NaN
33.3167,0.04371,-24.523,10.900,0.0,NaN
33.3333,0.04369,-24.524,10.900,0.0,NaN
33.3500,0.04367,-24.525,10.900,0.0,NaN
33.3667,0.04365,-24.525,10.900,0.0,NaN
33.3833,0.04363,-24.526,10.901,0.0,NaN
33.4000,0.04360,-24.527,10.901,0.0,NaN
33.4167,0.04358,-24.528,10.901,0.0,NaN
33.4333,0.04355,-24.528,10.901,0.0,NaN
33.4500,0.04352,-24.529,10.901,0.0,NaN
33.4667,0.04350,-24.530,10.902,0.0,NaN
33.4833,0.04347,-24.531,10.902,0.0,NaN
33.5000,0.04344,-24.531,10.902,0.0,NaN
33.5167,0.04342,-24.532,10.903,0.0,NaN
33.5333,0.04339,-24.533,10.903,0.0,NaN
33.5500,0.04336,-24.534,10.903,0.0,NaN
33.5667,0.04333,-24.534,10.903,0.0,NaN
33.5833,0.04331,-24.535,10.904,0.0,NaN
33.6000,0.04328,-24.536,10.904,0.0,NaN
33.6167,0.04325,-24.537,10.904,0.0,NaN
33.6333,0.04323,-24.537,10.904,0.0,NaN
33.6500,0.04320,-24.538,10.904,0.0,NaN
33.6667,0.04318,-24.539,10.904,0.0,NaN
33.6833,0.04315,-24.540,10.904,0.0,NaN
33.7000,0.04313,-24.540,10.904,0.0,NaN
33.7167,0.04310,-24.541,10.904,0.0,NaN
33.7333,0.04308,-24.542,10.904,0.0,NaN
33.7500,0.04306,-24.543,10.904,0.0,NaN
33.7667,0.04304,-24.543,10.904,0.0,NaN
33.7833,0.04302,-24.544,10.904,0.0,NaN
33.8000,0.04300,-24.545,10.903,0.0,NaN
33.8167,0.04298,-24.546,10.903,0.0,NaN
33.8333,0.04297,-24.546,10.903,0.0,NaN
33.8500,0.04295,-24.547,10.902,0.0,NaN
33.8667,0.04293,-24.548,10.902,0.0,NaN
33.8833,0.04292,-24.549,10.901,0.0,NaN
33.9000,0.04290,-24.550,10.901,0.0,NaN
33.9167,0.04289,-24.550,10.900,0.0,NaN
33.9333,0.04287,-24.551,10.899,0.0,NaN
33.9500,0.04286,-24.552,10.899,0.0,NaN
33.9667,0.04285,-24.553,10.898,0.0,NaN
33.9833,0.04283,-24.553,10.897,0.0,NaN
34.0000,0.04282,-24.554,10.897,0.0,NaN
34.0167,0.04281,-24.555,10.896,0.0,NaN
34.0333,0.04279,-24.556,10.895,0.0,NaN
34.0500,0.04278,-24.557,10.894,0.0,NaN
34.0667,0.04276,-24.557,10.894,0.0,NaN
34.0833,0.04275,-24.558,10.893,0.0,NaN
34.1000,0.04273,-24.559,10.892,0.0,NaN
34.1167,0.04272,-24.560,10.891,0.0,NaN
34.1333,0.04270,-24.560,10.891,0.0,NaN
34.1500,0.04268,-24.561,10.890,0.0,NaN
34.1667,0.04267,-24.562,10.889,0.0,NaN
34.1833,0.04265,-24.563,10.889,0.0,NaN
34.2000,0.04263,-24.563,10.888,0.0,NaN
34.2167,0.04261,-24.564,10.887,0.0,NaN
34.2333,0.04259,-24.565,10.887,0.0,NaN
34.2500,0.04256,-24.566,10.886,0.0,NaN
34.2667,0.04254,-24.566,10.886,0.0,NaN
34.2833,0.04251,-24.567,10.885,0.0,NaN
34.3000,0.04249,-24.568,10.885,0.0,NaN
34.3167,0.04246,-24.569,10.884,0.0,NaN
34.3333,0.04243,-24.569,10.884,0.0,NaN
34.3500,0.04241,-24.570,10.884,0.0,NaN
34.3667,0.04238,-24.571,10.883,0.0,NaN
34.3833,0.04235,-24.572,10.883,0.0,NaN
34.4000,0.04232,-24.572,10.883,0.0,NaN
34.4167,0.04229,-24.573,10.883,0.0,NaN
34.4333,0.04225,-24.574,10.882,0.0,NaN
34.4500,0.04222,-24.575,10.882,0.0,NaN
34.4667,0.04219,-24.575,10.882,0.0,NaN
34.4833,0.04216,-24.576,10.882,0.0,NaN
34.5000,0.04213,-24.577,10.882,0.0,NaN
34.5167,0.04209,-24.577,10.882,0.0,NaN
34.5333,0.04206,-24.578,10.882,0.0,NaN
34.5500,0.04203,-24.579,10.882,0.0,NaN
34.5667,0.04200,-24.580,10.881,0.0,NaN
34.5833,0.04197,-24.581,10.881,0.0,NaN
34.6000,0.04194,-24.581,10.881,0.0,NaN
34.6167,0.04191,-24.582,10.881,0.0,NaN
34.6333,0.04188,-24.583,10.881,0.0,NaN
34.6500,0.04185,-24.584,10.881,0.0,NaN
34.6667,0.04183,-24.584,10.881,0.0,NaN
34.6833,0.04180,-24.585,10.881,0.0,NaN
34.7000,0.04178,-24.586,10.881,0.0,NaN
34.7167,0.04175,-24.587,10.881,0.0,NaN
34.7333,0.04173,-24.588,10.881,0.0,NaN
34.7500,0.04171,-24.589,10.881,0.0,NaN
34.7667,0.04169,-24.589,10.881,0.0,NaN
34.7833,0.04167,-24.590,10.880,0.0,NaN
34.8000,0.04165,-24.591,10.880,0.0,NaN
34.8167,0.04164,-24.592,10.880,0.0,NaN
34.8333,0.04162,-24.593,10.880,0.0,NaN
34.8500,0.04161,-24.594,10.880,0.0,NaN
34.8667,0.04160,-24.595,10.879,0.0,NaN
34.8833,0.04158,-24.596,10.879,0.0,NaN
34.9000,0.04157,-24.596,10.879,0.0,NaN
34.9167,0.04156,-24.597,10.879,0.0,NaN
34.9333,0.04155,-24.598,10.878,0.0,NaN
34.9500,0.04154,-24.599,10.878,0.0,NaN
34.9667,0.04153,-24.600,10.878,0.0,NaN
34.9833,0.04153,-24.601,10.877,0.0,NaN
35.0000,0.04152,-24.602,10.877,0.0,NaN
35.0167,0.04151,-24.603,10.877,0.0,NaN
35.0333,0.04150,-24.604,10.876,0.0,NaN
35.0500,0.04149,-24.604,10.876,0.0,NaN
35.0667,0.04148,-24.605,10.875,0.0,NaN
35.0833,0.04148,-24.606,10.875,0.0,NaN
35.1000,0.04147,-24.607,10.875,0.0,NaN
35.1167,0.04146,-24.608,10.874,0.0,NaN
35.1333,0.04145,-24.609,10.874,0.0,NaN
35.1500,0.04144,-24.610,10.874,0.0,NaN
35.1667,0.04142,-24.611,10.873,0.0,NaN
35.1833,0.04141,-24.611,10.873,0.0,NaN
35.2000,0.04140,-24.612,10.872,0.0,NaN
35.2167,0.04138,-24.613,10.872,0.0,NaN
35.2333,0.04137,-24.614,10.872,0.0,NaN
35.2500,0.04135,-24.615,10.871,0.0,NaN
35.2667,0.04133,-24.615,10.871,0.0,NaN
35.2833,0.04131,-24.616,10.871,0.0,NaN
35.3000,0.04129,-24.617,10.871,0.0,NaN
35.3167,0.04127,-24.618,10.870,0.0,NaN
35.3333,0.04124,-24.619,10.870,0.0,NaN
35.3500,0.04122,-24.619,10.870,0.0,NaN
35.3667,0.04119,-24.620,10.870,0.0,NaN
35.3833,0.04116,-24.621,10.869,0.0,NaN
35.4000,0.04113,-24.622,10.869,0.0,NaN
35.4167,0.04110,-24.622,10.869,0.0,NaN
35.4333,0.04107,-24.623,10.869,0.0,NaN
35.4500,0.04104,-24.624,10.868,0.0,NaN
35.4667,0.04101,-24.624,10.868,0.0,NaN
35.4833,0.04098,-24.625,10.868,0.0,NaN
35.5000,0.04094,-24.626,10.868,0.0,NaN
35.5167,0.04091,-24.626,10.867,0.0,NaN
35.5333,0.04088,-24.627,10.867,0.0,NaN
35.5500,0.04084,-24.628,10.867,0.0,NaN
35.5667,0.04081,-24.629,10.867,0.0,NaN
35.5833,0.04077,-24.629,10.867,0.0,NaN
35.6000,0.04074,-24.630,10.866,0.0,NaN
35.6167,0.04071,-24.631,10.866,0.0,NaN
35.6333,0.04067,-24.631,10.866,0.0,NaN
35.6500,0.04064,-24.632,10.865,0.0,NaN
35.6667,0.04061,-24.633,10.865,0.0,NaN
35.6833,0.04058,-24.633,10.865,0.0,NaN
35.7000,0.04055,-24.634,10.864,0.0,NaN
35.7167,0.04052,-24.635,10.864,0.0,NaN
35.7333,0.04049,-24.635,10.864,0.0,NaN
35.7500,0.04046,-24.636,10.863,0.0,NaN
35.7667,0.04044,-24.637,10.863,0.0,NaN
35.7833,0.04041,-24.638,10.862,0.0,NaN
35.8000,0.04039,-24.638,10.862,0.0,NaN
35.8167,0.04036,-24.639,10.862,0.0,NaN
35.8333,0.04034,-24.640,10.861,0.0,NaN
35.8500,0.04032,-24.641,10.861,0.0,NaN
35.8667,0.04030,-24.641,10.860,0.0,NaN
35.8833,0.04028,-24.642,10.860,0.0,NaN
35.9000,0.04027,-24.643,10.859,0.0,NaN
35.9167,0.04025,-24.644,10.859,0.0,NaN
35.9333,0.04023,-24.644,10.858,0.0,NaN
35.9500,0.04022,-24.645,10.858,0.0,NaN
35.9667,0.04021,-24.646,10.857,0.0,NaN
35.9833,0.04019,-24.647,10.857,0.0,NaN
36.0000,0.04018,-24.648,10.856,0.0,NaN
36.0167,0.04017,-24.648,10.856,0.0,NaN
36.0333,0.04016,-24.649,10.855,0.0,NaN
36.0500,0.04015,-24.650,10.855,0.0,NaN
36.0667,0.04014,-24.651,10.854,0.0,NaN
36.0833,0.04013,-24.652,10.854,0.0,NaN
36.1000,0.04012,-24.652,10.853,0.0,NaN
36.1167,0.04011,-24.653,10.853,0.0,NaN
36.1333,0.04010,-24.654,10.853,0.0,NaN
36.1500,0.04009,-24.655,10.852,0.0,NaN
36.1667,0.04008,-24.656,10.852,0.0,NaN
36.1833,0.04007,-24.656,10.852,0.0,NaN
36.2000,0.04006,-24.657,10.851,0.0,NaN
36.2167,0.04005,-24.658,10.851,0.0,NaN
36.2333,0.04004,-24.659,10.851,0.0,NaN
36.2500,0.04002,-24.660,10.851,0.0,NaN
36.2667,0.04001,-24.660,10.850,0.0,NaN
36.2833,0.03999,-24.661,10.850,0.0,NaN
36.3000,0.03998,-24.662,10.850,0.0,NaN
36.3167,0.03996,-24.663,10.850,0.0,NaN
36.3333,0.03994,-24.663,10.850,0.0,NaN
36.3500,0.03992,-24.664,10.850,0.0,NaN
36.3667,0.03990,-24.665,10.850,0.0,NaN
36.3833,0.03988,-24.666,10.850,0.0,NaN
36.4000,0.03986,-24.666,10.850,0.0,NaN
36.4167,0.03984,-24.667,10.850,0.0,NaN
36.4333,0.03982,-24.668,10.850,0.0,NaN
36.4500,0.03979,-24.669,10.850,0.0,NaN
36.4667,0.03977,-24.669,10.850,0.0,NaN
36.4833,0.03974,-24.670,10.850,0.0,NaN
36.5000,0.03971,-24.671,10.850,0.0,NaN
36.5167,0.03969,-24.672,10.850,0.0,NaN
36.5333,0.03966,-24.672,10.850,0.0,NaN
36.5500,0.03963,-24.673,10.850,0.0,NaN
36.5667,0.03960,-24.674,10.850,0.0,NaN
36.5833,0.03957,-24.674,10.850,0.0,NaN
36.6000,0.03954,-24.675,10.850,0.0,NaN
36.6167,0.03952,-24.676,10.850,0.0,NaN
36.6333,0.03949,-24.676,10.850,0.0,NaN
36.6500,0.03946,-24.677,10.850,0.0,NaN
36.6667,0.03943,-24.678,10.850,0.0,NaN
36.6833,0.03940,-24.678,10.849,0.0,NaN
36.7000,0.03937,-24.679,10.849,0.0,NaN
36.7167,0.03935,-24.680,10.849,0.0,NaN
36.7333,0.03932,-24.681,10.849,0.0,NaN
36.7500,0.03929,-24.681,10.848,0.0,NaN
36.7667,0.03927,-24.682,10.848,0.0,NaN
36.7833,0.03924,-24.683,10.848,0.0,NaN
36.8000,0.03922,-24.683,10.848,0.0,NaN
36.8167,0.03919,-24.684,10.847,0.0,NaN
36.8333,0.03917,-24.685,10.847,0.0,NaN
36.8500,0.03915,-24.685,10.846,0.0,NaN
36.8667,0.03912,-24.686,10.846,0.0,NaN
36.8833,0.03910,-24.687,10.845,0.0,NaN
36.9000,0.03908,-24.688,10.845,0.0,NaN
36.9167,0.03906,-24.688,10.844,0.0,NaN
36.9333,0.03904,-24.689,10.844,0.0,NaN
36.9500,0.03903,-24.690,10.843,0.0,NaN
36.9667,0.03901,-24.690,10.842,0.0,NaN
36.9833,0.03899,-24.691,10.842,0.0,NaN
37.0000,0.03898,-24.692,10.841,0.0,NaN
37.0167,0.03896,-24.693,10.841,0.0,NaN
37.0333,0.03894,-24.693,10.840,0.0,NaN
37.0500,0.03893,-24.694,10.839,0.0,NaN
37.0667,0.03891,-24.695,10.839,0.0,NaN
37.0833,0.03890,-24.696,10.838,0.0,NaN
37.1000,0.03888,-24.696,10.837,0.0,NaN
37.1167,0.03887,-24.697,10.837,0.0,NaN
37.1333,0.03885,-24.698,10.836,0.0,NaN
37.1500,0.03884,-24.699,10.836,0.0,NaN
37.1667,0.03882,-24.699,10.835,0.0,NaN
37.1833,0.03881,-24.700,10.835,0.0,NaN
37.2000,0.03879,-24.701,10.834,0.0,NaN
37.2167,0.03878,-24.702,10.834,0.0,NaN
37.2333,0.03876,-24.702,10.833,0.0,NaN
37.2500,0.03874,-24.703,10.833,0.0,NaN
37.2667,0.03873,-24.704,10.832,0.0,NaN
37.2833,0.03871,-24.705,10.832,0.0,NaN
37.3000,0.03869,-24.705,10.831,0.0,NaN
37.3167,0.03867,-24.706,10.831,0.0,NaN
37.3333,0.03865,-24.707,10.831,0.0,NaN
37.3500,0.03863,-24.707,10.830,0.0,NaN
37.3667,0.03861,-24.708,10.830,0.0,NaN
37.3833,0.03859,-24.709,10.830,0.0,NaN
37.4000,0.03856,-24.710,10.830,0.0,NaN
37.4167,0.03854,-24.710,10.830,0.0,NaN
37.4333,0.03852,-24.711,10.830,0.0,NaN
37.4500,0.03849,-24.712,10.829,0.0,NaN
37.4667,0.03847,-24.713,10.829,0.0,NaN
37.4833,0.03844,-24.713,10.829,0.0,NaN
37.5000,0.03842,-24.714,10.829,0.0,NaN
37.5167,0.03839,-24.715,10.829,0.0,NaN
37.5333,0.03836,-24.716,10.829,0.0,NaN
37.5500,0.03834,-24.716,10.829,0.0,NaN
37.5667,0.03831,-24.717,10.829,0.0,NaN
37.5833,0.03829,-24.718,10.829,0.0,NaN
37.6000,0.03826,-24.719,10.829,0.0,NaN
37.6167,0.03823,-24.719,10.829,0.0,NaN
37.6333,0.03821,-24.720,10.829,0.0,NaN
37.6500,0.03818,-24.721,10.829,0.0,NaN
37.6667,0.03815,-24.722,10.829,0.0,NaN
37.6833,0.03813,-24.722,10.829,0.0,NaN
37.7000,0.03810,-24.723,10.829,0.0,NaN
37.7167,0.03808,-24.724,10.829,0.0,NaN
37.7333,0.03806,-24.725,10.829,0.0,NaN
37.7500,0.03803,-24.725,10.829,0.0,NaN
37.7667,0.03801,-24.726,10.829,0.0,NaN
37.7833,0.03799,-24.727,10.829,0.0,NaN
37.8000,0.03797,-24.728,10.828,0.0,NaN
37.8167,0.03794,-24.728,10.828,0.0,NaN
37.8333,0.03792,-24.729,10.828,0.0,NaN
37.8500,0.03790,-24.730,10.828,0.0,NaN
37.8667,0.03789,-24.731,10.828,0.0,NaN
37.8833,0.03787,-24.732,10.827,0.0,NaN
37.9000,0.03785,-24.732,10.827,0.0,NaN
37.9167,0.03783,-24.733,10.827,0.0,NaN
37.9333,0.03782,-24.734,10.826,0.0,NaN
37.9500,0.03780,-24.735,10.826,0.0,NaN
37.9667,0.03779,-24.735,10.826,0.0,NaN
37.9833,0.03777,-24.736,10.825,0.0,NaN
38.0000,0.03776,-24.737,10.825,0.0,NaN
38.0167,0.03774,-24.738,10.824,0.0,NaN
38.0333,0.03773,-24.739,10.824,0.0,NaN
38.0500,0.03771,-24.739,10.823,0.0,NaN
38.0667,0.03770,-24.740,10.823,0.0,NaN
38.0833,0.03769,-24.741,10.822,0.0,NaN
38.1000,0.03767,-24.742,10.822,0.0,NaN
38.1167,0.03766,-24.743,10.822,0.0,NaN
38.1333,0.03764,-24.743,10.821,0.0,NaN
38.1500,0.03763,-24.744,10.821,0.0,NaN
38.1667,0.03762,-24.745,10.820,0.0,NaN
38.1833,0.03760,-24.746,10.820,0.0,NaN
38.2000,0.03758,-24.746,10.819,0.0,NaN
38.2167,0.03757,-24.747,10.819,0.0,NaN
38.2333,0.03755,-24.748,10.818,0.0,NaN
38.2500,0.03753,-24.749,10.818,0.0,NaN
38.2667,0.03752,-24.749,10.817,0.0,NaN
38.2833,0.03750,-24.750,10.817,0.0,NaN
38.3000,0.03748,-24.751,10.816,0.0,NaN
38.3167,0.03746,-24.752,10.816,0.0,NaN
38.3333,0.03744,-24.752,10.816,0.0,NaN
38.3500,0.03742,-24.753,10.815,0.0,NaN
38.3667,0.03739,-24.754,10.815,0.0,NaN
38.3833,0.03737,-24.755,10.814,0.0,NaN
38.4000,0.03735,-24.755,10.814,0.0,NaN
38.4167,0.03732,-24.756,10.814,0.0,NaN
38.4333,0.03730,-24.757,10.813,0.0,NaN
38.4500,0.03727,-24.757,10.813,0.0,NaN
38.4667,0.03724,-24.758,10.813,0.0,NaN
38.4833,0.03722,-24.759,10.813,0.0,NaN
38.5000,0.03719,-24.760,10.812,0.0,NaN
38.5167,0.03716,-24.760,10.812,0.0,NaN
38.5333,0.03713,-24.761,10.812,0.0,NaN
38.5500,0.03710,-24.762,10.812,0.0,NaN
38.5667,0.03707,-24.762,10.811,0.0,NaN
38.5833,0.03704,-24.763,10.811,0.0,NaN
38.6000,0.03702,-24.764,10.811,0.0,NaN
38.6167,0.03699,-24.764,10.811,0.0,NaN
38.6333,0.03696,-24.765,10.811,0.0,NaN
38.6500,0.03693,-24.766,10.810,0.0,NaN
38.6667,0.03690,-24.766,10.810,0.0,NaN
38.6833,0.03687,-24.767,10.810,0.0,NaN
38.7000,0.03685,-24.768,10.810,0.0,NaN
38.7167,0.03682,-24.769,10.810,0.0,NaN
38.7333,0.03679,-24.769,10.809,0.0,NaN
38.7500,0.03677,-24.770,10.809,0.0,NaN
38.7667,0.03674,-24.771,10.809,0.0,NaN
38.7833,0.03672,-24.772,10.809,0.0,NaN
38.8000,0.03669,-24.772,10.809,0.0,NaN
38.8167,0.03667,-24.773,10.808,0.0,NaN
38.8333,0.03665,-24.774,10.808,0.0,NaN
38.8500,0.03663,-24.774,10.808,0.0,NaN
38.8667,0.03661,-24.775,10.807,0.0,NaN
38.8833,0.03659,-24.776,10.807,0.0,NaN
38.9000,0.03657,-24.777,10.807,0.0,NaN
38.9167,0.03655,-24.777,10.807,0.0,NaN
38.9333,0.03653,-24.778,10.806,0.0,NaN
38.9500,0.03652,-24.779,10.806,0.0,NaN
38.9667,0.03650,-24.780,10.806,0.0,NaN
38.9833,0.03649,-24.781,10.805,0.0,NaN
39.0000,0.03647,-24.781,10.805,0.0,NaN
39.0167,0.03646,-24.782,10.805,0.0,NaN
39.0333,0.03644,-24.783,10.804,0.0,NaN
39.0500,0.03643,-24.784,10.804,0.0,NaN
39.0667,0.03642,-24.784,10.803,0.0,NaN
39.0833,0.03641,-24.785,10.803,0.0,NaN
39.1000,0.03639,-24.786,10.803,0.0,NaN
39.1167,0.03638,-24.787,10.802,0.0,NaN
39.1333,0.03637,-24.788,10.802,0.0,NaN
39.1500,0.03636,-24.788,10.802,0.0,NaN
39.1667,0.03635,-24.789,10.801,0.0,NaN
39.1833,0.03633,-24.790,10.801,0.0,NaN
39.2000,0.03632,-24.791,10.801,0.0,NaN
39.2167,0.03631,-24.791,10.800,0.0,NaN
39.2333,0.03629,-24.792,10.800,0.0,NaN
39.2500,0.03628,-24.793,10.800,0.0,NaN
39.2667,0.03626,-24.794,10.799,0.0,NaN
39.2833,0.03625,-24.794,10.799,0.0,NaN
39.3000,0.03623,-24.795,10.799,0.0,NaN
39.3167,0.03622,-24.796,10.798,0.0,NaN
39.3333,0.03620,-24.797,10.798,0.0,NaN
39.3500,0.03618,-24.797,10.798,0.0,NaN
39.3667,0.03616,-24.798,10.798,0.0,NaN
39.3833,0.03614,-24.799,10.797,0.0,NaN
39.4000,0.03612,-24.800,10.797,0.0,NaN
39.4167,0.03610,-24.800,10.797,0.0,NaN
39.4333,0.03608,-24.801,10.797,0.0,NaN
39.4500,0.03605,-24.802,10.797,0.0,NaN
39.4667,0.03603,-24.802,10.796,0.0,NaN
39.4833,0.03601,-24.803,10.796,0.0,NaN
39.5000,0.03598,-24.804,10.796,0.0,NaN
39.5167,0.03596,-24.805,10.796,0.0,NaN
39.5333,0.03593,-24.805,10.796,0.0,NaN
39.5500,0.03590,-24.806,10.796,0.0,NaN
39.5667,0.03588,-24.807,10.795,0.0,NaN
39.5833,0.03585,-24.807,10.795,0.0,NaN
39.6000,0.03582,-24.808,10.795,0.0,NaN
39.6167,0.03579,-24.809,10.795,0.0,NaN
39.6333,0.03576,-24.809,10.795,0.0,NaN
39.6500,0.03574,-24.810,10.794,0.0,NaN
39.6667,0.03571,-24.811,10.794,0.0,NaN
39.6833,0.03568,-24.811,10.794,0.0,NaN
39.7000,0.03565,-24.812,10.794,0.0,NaN
39.7167,0.03562,-24.813,10.794,0.0,NaN
39.7333,0.03560,-24.813,10.793,0.0,NaN
39.7500,0.03557,-24.814,10.793,0.0,NaN
39.7667,0.03554,-24.815,10.793,0.0,NaN
39.7833,0.03552,-24.815,10.792,0.0,NaN
39.8000,0.03549,-24.816,10.792,0.0,NaN
39.8167,0.03546,-24.817,10.792,0.0,NaN
39.8333,0.03544,-24.817,10.792,0.0,NaN
39.8500,0.03542,-24.818,10.791,0.0,NaN
39.8667,0.03539,-24.819,10.791,0.0,NaN
39.8833,0.03537,-24.820,10.790,0.0,NaN
39.9000,0.03535,-24.820,10.790,0.0,NaN
39.9167,0.03533,-24.821,10.790,0.0,NaN
39.9333,0.03531,-24.822,10.789,0.0,NaN
39.9500,0.03529,-24.822,10.789,0.0,NaN
39.9667,0.03527,-24.823,10.788,0.0,NaN
39.9833,0.03525,-24.824,10.788,0.0,NaN
40.0000,0.03523,-24.825,10.787,0.0,NaN
40.0167,0.03521,-24.825,10.787,0.0,NaN
40.0333,0.03520,-24.826,10.786,0.0,NaN
40.0500,0.03518,-24.827,10.786,0.0,NaN
40.0667,0.03516,-24.827,10.785,0.0,NaN
40.0833,0.03515,-24.828,10.785,0.0,NaN
40.1000,0.03513,-24.829,10.784,0.0,NaN
40.1167,0.03512,-24.830,10.784,0.0,NaN
40.1333,0.03511,-24.830,10.784,0.0,NaN
40.1500,0.03509,-24.831,10.783,0.0,NaN
40.1667,0.03508,-24.832,10.783,0.0,NaN
40.1833,0.03506,-24.833,10.782,0.0,NaN
40.2000,0.03505,-24.833,10.782,0.0,NaN
40.2167,0.03503,-24.834,10.781,0.0,NaN
40.2333,0.03502,-24.835,10.781,0.0,NaN
40.2500,0.03500,-24.836,10.781,0.0,NaN
40.2667,0.03499,-24.836,10.780,0.0,NaN
40.2833,0.03497,-24.837,10.780,0.0,NaN
40.3000,0.03496,-24.838,10.780,0.0,NaN
40.3167,0.03494,-24.839,10.779,0.0,NaN
40.3333,0.03492,-24.839,10.779,0.0,NaN
40.3500,0.03491,-24.840,10.779,0.0,NaN
40.3667,0.03489,-24.841,10.778,0.0,NaN
40.3833,0.03487,-24.842,10.778,0.0,NaN
40.4000,0.03485,-24.842,10.778,0.0,NaN
40.4167,0.03483,-24.843,10.778,0.0,NaN
40.4333,0.03481,-24.844,10.778,0.0,NaN
40.4500,0.03479,-24.845,10.777,0.0,NaN
40.4667,0.03477,-24.845,10.777,0.0,NaN
40.4833,0.03475,-24.846,10.777,0.0,NaN
40.5000,0.03472,-24.847,10.777,0.0,NaN
40.5167,0.03470,-24.847,10.777,0.0,NaN
40.5333,0.03468,-24.848,10.777,0.0,NaN
40.5500,0.03465,-24.849,10.777,0.0,NaN
40.5667,0.03463,-24.850,10.776,0.0,NaN
40.5833,0.03460,-24.850,10.776,0.0,NaN
40.6000,0.03458,-24.851,10.776,0.0,NaN
40.6167,0.03455,-24.852,10.776,0.0,NaN
40.6333,0.03453,-24.852,10.776,0.0,NaN
40.6500,0.03450,-24.853,10.776,0.0,NaN
40.6667,0.03448,-24.854,10.776,0.0,NaN
40.6833,0.03445,-24.855,10.776,0.0,NaN
40.7000,0.03443,-24.855,10.776,0.0,NaN
40.7167,0.03440,-24.856,10.776,0.0,NaN
40.7333,0.03438,-24.857,10.775,0.0,NaN
40.7500,0.03435,-24.857,10.775,0.0,NaN
40.7667,0.03433,-24.858,10.775,0.0,NaN
40.7833,0.03430,-24.859,10.775,0.0,NaN
40.8000,0.03428,-24.860,10.775,0.0,NaN
40.8167,0.03425,-24.860,10.775,0.0,NaN
40.8333,0.03423,-24.861,10.774,0.0,NaN
40.8500,0.03421,-24.862,10.774,0.0,NaN
40.8667,0.03418,-24.863,10.774,0.0,NaN
40.8833,0.03416,-24.863,10.774,0.0,NaN
40.9000,0.03414,-24.864,10.773,0.0,NaN
40.9167,0.03412,-24.865,10.773,0.0,NaN
40.9333,0.03410,-24.865,10.773,0.0,NaN
40.9500,0.03408,-24.866,10.772,0.0,NaN
40.9667,0.03406,-24.867,10.772,0.0,NaN
40.9833,0.03404,-24.868,10.771,0.0,NaN
41.0000,0.03402,-24.868,10.771,0.0,NaN
41.0167,0.03400,-24.869,10.771,0.0,NaN
41.0333,0.03399,-24.870,10.770,0.0,NaN
41.0500,0.03397,-24.871,10.770,0.0,NaN
41.0667,0.03395,-24.871,10.769,0.0,NaN
41.0833,0.03393,-24.872,10.769,0.0,NaN
41.1000,0.03392,-24.873,10.768,0.0,NaN
41.1167,0.03390,-24.874,10.768,0.0,NaN
41.1333,0.03389,-24.874,10.767,0.0,NaN
41.1500,0.03387,-24.875,10.767,0.0,NaN
41.1667,0.03385,-24.876,10.766,0.0,NaN
41.1833,0.03384,-24.877,10.766,0.0,NaN
41.2000,0.03382,-24.877,10.765,0.0,NaN
41.2167,0.03381,-24.878,10.765,0.0,NaN
41.2333,0.03379,-24.879,10.764,0.0,NaN
41.2500,0.03377,-24.879,10.764,0.0,NaN
41.2667,0.03376,-24.880,10.764,0.0,NaN
41.2833,0.03374,-24.881,10.763,0.0,NaN
41.3000,0.03372,-24.882,10.763,0.0,NaN
41.3167,0.03370,-24.882,10.762,0.0,NaN
41.3333,0.03368,-24.883,10.762,0.0,NaN
41.3500,0.03366,-24.884,10.761,0.0,NaN
41.3667,0.03365,-24.885,10.761,0.0,NaN
41.3833,0.03363,-24.885,10.761,0.0,NaN
41.4000,0.03361,-24.886,10.760,0.0,NaN
41.4167,0.03358,-24.887,10.760,0.0,NaN
41.4333,0.03356,-24.888,10.760,0.0,NaN
41.4500,0.03354,-24.888,10.759,0.0,NaN
41.4667,0.03352,-24.889,10.759,0.0,NaN
41.4833,0.03350,-24.890,10.759,0.0,NaN
41.5000,0.03347,-24.890,10.759,0.0,NaN
41.5167,0.03345,-24.891,10.758,0.0,NaN
41.5333,0.03343,-24.892,10.758,0.0,NaN
41.5500,0.03340,-24.893,10.758,0.0,NaN
41.5667,0.03338,-24.893,10.758,0.0,NaN
41.5833,0.03335,-24.894,10.758,0.0,NaN
41.6000,0.03333,-24.895,10.757,0.0,NaN
41.6167,0.03330,-24.895,10.757,0.0,NaN
41.6333,0.03327,-24.896,10.757,0.0,NaN
41.6500,0.03325,-24.897,10.757,0.0,NaN
41.6667,0.03322,-24.897,10.757,0.0,NaN
41.6833,0.03320,-24.898,10.757,0.0,NaN
41.7000,0.03317,-24.899,10.756,0.0,NaN
41.7167,0.03315,-24.900,10.756,0.0,NaN
41.7333,0.03312,-24.900,10.756,0.0,NaN
41.7500,0.03310,-24.901,10.756,0.0,NaN
41.7667,0.03307,-24.902,10.756,0.0,NaN
41.7833,0.03305,-24.902,10.756,0.0,NaN
41.8000,0.03302,-24.903,10.755,0.0,NaN
41.8167,0.03300,-24.904,10.755,0.0,NaN
41.8333,0.03298,-24.905,10.755,0.0,NaN
41.8500,0.03295,-24.905,10.755,0.0,NaN
41.8667,0.03293,-24.906,10.755,0.0,NaN
41.8833,0.03291,-24.907,10.754,0.0,NaN
41.9000,0.03289,-24.908,10.754,0.0,NaN
41.9167,0.03287,-24.908,10.754,0.0,NaN
41.9333,0.03285,-24.909,10.754,0.0,NaN
41.9500,0.03283,-24.910,10.753,0.0,NaN
41.9667,0.03281,-24.911,10.753,0.0,NaN
41.9833,0.03279,-24.911,10.753,0.0,NaN
42.0000,0.03277,-24.912,10.752,0.0,NaN
42.0167,0.03276,-24.913,10.752,0.0,NaN
42.0333,0.03274,-24.914,10.752,0.0,NaN
42.0500,0.03272,-24.914,10.751,0.0,NaN
42.0667,0.03271,-24.915,10.751,0.0,NaN
42.0833,0.03269,-24.916,10.751,0.0,NaN
42.1000,0.03267,-24.917,10.750,0.0,NaN
42.1167,0.03266,-24.917,10.750,0.0,NaN
42.1333,0.03264,-24.918,10.750,0.0,NaN
42.1500,0.03263,-24.919,10.749,0.0,NaN
42.1667,0.03261,-24.920,10.749,0.0,NaN
42.1833,0.03260,-24.920,10.748,0.0,NaN
42.2000,0.03258,-24.921,10.748,0.0,NaN
42.2167,0.03257,-24.922,10.748,0.0,NaN
42.2333,0.03255,-24.923,10.747,0.0,NaN
42.2500,0.03254,-24.923,10.747,0.0,NaN
42.2667,0.03252,-24.924,10.746,0.0,NaN
42.2833,0.03251,-24.925,10.746,0.0,NaN
42.3000,0.03249,-24.925,10.746,0.0,NaN
42.3167,0.03247,-24.926,10.745,0.0,NaN
42.3333,0.03246,-24.927,10.745,0.0,NaN
42.3500,0.03244,-24.928,10.745,0.0,NaN
42.3667,0.03242,-24.928,10.744,0.0,NaN
42.3833,0.03240,-24.929,10.744,0.0,NaN
42.4000,0.03238,-24.930,10.744,0.0,NaN
42.4167,0.03236,-24.931,10.743,0.0,NaN
42.4333,0.03234,-24.931,10.743,0.0,NaN
42.4500,0.03232,-24.932,10.743,0.0,NaN
42.4667,0.03230,-24.933,10.742,0.0,NaN
42.4833,0.03228,-24.933,10.742,0.0,NaN
42.5000,0.03225,-24.934,10.742,0.0,NaN
42.5167,0.03223,-24.935,10.742,0.0,NaN
42.5333,0.03221,-24.936,10.741,0.0,NaN
42.5500,0.03218,-24.936,10.741,0.0,NaN
42.5667,0.03216,-24.937,10.741,0.0,NaN
42.5833,0.03213,-24.938,10.741,0.0,NaN
42.6000,0.03211,-24.938,10.740,0.0,NaN
42.6167,0.03208,-24.939,10.740,0.0,NaN
42.6333,0.03206,-24.940,10.740,0.0,NaN
42.6500,0.03203,-24.940,10.740,0.0,NaN
42.6667,0.03200,-24.941,10.739,0.0,NaN
42.6833,0.03198,-24.942,10.739,0.0,NaN
42.7000,0.03195,-24.942,10.739,0.0,NaN
42.7167,0.03192,-24.943,10.739,0.0,NaN
42.7333,0.03190,-24.944,10.738,0.0,NaN
42.7500,0.03187,-24.944,10.738,0.0,NaN
42.7667,0.03185,-24.945,10.738,0.0,NaN
42.7833,0.03182,-24.946,10.738,0.0,NaN
42.8000,0.03179,-24.947,10.737,0.0,NaN
42.8167,0.03177,-24.947,10.737,0.0,NaN
42.8333,0.03174,-24.948,10.737,0.0,NaN
42.8500,0.03172,-24.949,10.737,0.0,NaN
42.8667,0.03170,-24.949,10.736,0.0,NaN
42.8833,0.03167,-24.950,10.736,0.0,NaN
42.9000,0.03165,-24.951,10.736,0.0,NaN
42.9167,0.03163,-24.951,10.735,0.0,NaN
42.9333,0.03161,-24.952,10.735,0.0,NaN
42.9500,0.03158,-24.953,10.735,0.0,NaN
42.9667,0.03156,-24.954,10.734,0.0,NaN
42.9833,0.03154,-24.954,10.734,0.0,NaN
43.0000,0.03152,-24.955,10.734,0.0,NaN
43.0167,0.03150,-24.956,10.733,0.0,NaN
43.0333,0.03149,-24.956,10.733,0.0,NaN
43.0500,0.03147,-24.957,10.733,0.0,NaN
43.0667,0.03145,-24.958,10.732,0.0,NaN
43.0833,0.03143,-24.959,10.732,0.0,NaN
43.1000,0.03142,-24.959,10.732,0.0,NaN
43.1167,0.03140,-24.960,10.731,0.0,NaN
43.1333,0.03138,-24.961,10.731,0.0,NaN
43.1500,0.03137,-24.962,10.730,0.0,NaN
43.1667,0.03135,-24.962,10.730,0.0,NaN
43.1833,0.03134,-24.963,10.730,0.0,NaN
43.2000,0.03132,-24.964,10.729,0.0,NaN
43.2167,0.03131,-24.965,10.729,0.0,NaN
43.2333,0.03129,-24.965,10.728,0.0,NaN
43.2500,0.03128,-24.966,10.728,0.0,NaN
43.2667,0.03126,-24.967,10.728,0.0,NaN
43.2833,0.03124,-24.968,10.727,0.0,NaN
43.3000,0.03123,-24.968,10.727,0.0,NaN
43.3167,0.03121,-24.969,10.727,0.0,NaN
43.3333,0.03120,-24.970,10.726,0.0,NaN
43.3500,0.03118,-24.971,10.726,0.0,NaN
43.3667,0.03116,-24.971,10.726,0.0,NaN
43.3833,0.03115,-24.972,10.725,0.0,NaN
43.4000,0.03113,-24.973,10.725,0.0,NaN
43.4167,0.03111,-24.974,10.725,0.0,NaN
43.4333,0.03109,-24.974,10.725,0.0,NaN
43.4500,0.03107,-24.975,10.724,0.0,NaN
43.4667,0.03105,-24.976,10.724,0.0,NaN
43.4833,0.03103,-24.976,10.724,0.0,NaN
43.5000,0.03101,-24.977,10.724,0.0,NaN
43.5167,0.03099,-24.978,10.723,0.0,NaN
43.5333,0.03097,-24.979,10.723,0.0,NaN
43.5500,0.03095,-24.979,10.723,0.0,NaN
43.5667,0.03092,-24.980,10.723,0.0,NaN
43.5833,0.03090,-24.981,10.723,0.0,NaN
43.6000,0.03088,-24.982,10.722,0.0,NaN
43.6167,0.03085,-24.982,10.722,0.0,NaN
43.6333,0.03083,-24.983,10.722,0.0,NaN
43.6500,0.03080,-24.984,10.722,0.0,NaN
43.6667,0.03078,-24.984,10.722,0.0,NaN
43.6833,0.03075,-24.985,10.721,0.0,NaN
43.7000,0.03073,-24.986,10.721,0.0,NaN
43.7167,0.03070,-24.986,10.721,0.0,NaN
43.7333,0.03068,-24.987,10.721,0.0,NaN
43.7500,0.03065,-24.988,10.721,0.0,NaN
43.7667,0.03063,-24.989,10.720,0.0,NaN
43.7833,0.03060,-24.989,10.720,0.0,NaN
43.8000,0.03058,-24.990,10.720,0.0,NaN
43.8167,0.03055,-24.991,10.720,0.0,NaN
43.8333,0.03053,-24.991,10.720,0.0,NaN
43.8500,0.03050,-24.992,10.719,0.0,NaN
43.8667,0.03048,-24.993,10.719,0.0,NaN
43.8833,0.03045,-24.994,10.719,0.0,NaN
43.9000,0.03043,-24.994,10.718,0.0,NaN
43.9167,0.03041,-24.995,10.718,0.0,NaN
43.9333,0.03038,-24.996,10.718,0.0,NaN
43.9500,0.03036,-24.996,10.718,0.0,NaN
43.9667,0.03034,-24.997,10.717,0.0,NaN
43.9833,0.03032,-24.998,10.717,0.0,NaN
44.0000,0.03030,-24.999,10.716,0.0,NaN
44.0167,0.03028,-24.999,10.716,0.0,NaN
44.0333,0.03026,-25.000,10.716,0.0,NaN
44.0500,0.03024,-25.001,10.715,0.0,NaN
44.0667,0.03022,-25.001,10.715,0.0,NaN
44.0833,0.03020,-25.002,10.715,0.0,NaN
44.1000,0.03018,-25.003,10.714,0.0,NaN
44.1167,0.03016,-25.004,10.714,0.0,NaN
44.1333,0.03014,-25.004,10.713,0.0,NaN
44.1500,0.03013,-25.005,10.713,0.0,NaN
44.1667,0.03011,-25.006,10.712,0.0,NaN
44.1833,0.03009,-25.007,10.712,0.0,NaN
44.2000,0.03007,-25.007,10.712,0.0,NaN
44.2167,0.03006,-25.008,10.711,0.0,NaN
44.2333,0.03004,-25.009,10.711,0.0,NaN
44.2500,0.03002,-25.010,10.710,0.0,NaN
44.2667,0.03001,-25.010,10.710,0.0,NaN
44.2833,0.02999,-25.011,10.709,0.0,NaN
44.3000,0.02997,-25.012,10.709,0.0,NaN
44.3167,0.02996,-25.013,10.709,0.0,NaN
44.3333,0.02994,-25.013,10.708,0.0,NaN
44.3500,0.02992,-25.014,10.708,0.0,NaN
44.3667,0.02990,-25.015,10.707,0.0,NaN
44.3833,0.02989,-25.015,10.707,0.0,NaN
44.4000,0.02987,-25.016,10.707,0.0,NaN
44.4167,0.02985,-25.017,10.706,0.0,NaN
44.4333,0.02983,-25.018,10.706,0.0,NaN
44.4500,0.02981,-25.018,10.706,0.0,NaN
44.4667,0.02979,-25.019,10.705,0.0,NaN
44.4833,0.02977,-25.020,10.705,0.0,NaN
44.5000,0.02975,-25.021,10.705,0.0,NaN
44.5167,0.02973,-25.021,10.705,0.0,NaN
44.5333,0.02971,-25.022,10.704,0.0,NaN
44.5500,0.02969,-25.023,10.704,0.0,NaN
44.5667,0.02967,-25.024,10.704,0.0,NaN
44.5833,0.02964,-25.024,10.704,0.0,NaN
44.6000,0.02962,-25.025,10.703,0.0,NaN
44.6167,0.02960,-25.026,10.703,0.0,NaN
44.6333,0.02957,-25.026,10.703,0.0,NaN
44.6500,0.02955,-25.027,10.703,0.0,NaN
44.6667,0.02953,-25.028,10.703,0.0,NaN
44.6833,0.02950,-25.029,10.702,0.0,NaN
44.7000,0.02948,-25.029,10.702,0.0,NaN
44.7167,0.02945,-25.030,10.702,0.0,NaN
44.7333,0.02943,-25.031,10.702,0.0,NaN
44.7500,0.02940,-25.031,10.702,0.0,NaN
44.7667,0.02938,-25.032,10.701,0.0,NaN
44.7833,0.02936,-25.033,10.701,0.0,NaN
44.8000,0.02933,-25.034,10.701,0.0,NaN
44.8167,0.02931,-25.034,10.701,0.0,NaN
44.8333,0.02928,-25.035,10.701,0.0,NaN
44.8500,0.02926,-25.036,10.701,0.0,NaN
44.8667,0.02924,-25.036,10.700,0.0,NaN
44.8833,0.02921,-25.037,10.700,0.0,NaN
44.9000,0.02919,-25.038,10.700,0.0,NaN
44.9167,0.02917,-25.039,10.700,0.0,NaN
44.9333,0.02914,-25.039,10.699,0.0,NaN
44.9500,0.02912,-25.040,10.699,0.0,NaN
44.9667,0.02910,-25.041,10.699,0.0,NaN
44.9833,0.02908,-25.042,10.699,0.0,NaN
45.0000,0.02906,-25.042,10.698,0.0,NaN
45.0167,0.02904,-25.043,10.698,0.0,NaN
45.0333,0.02902,-25.044,10.698,0.0,NaN
45.0500,0.02900,-25.045,10.697,0.0,NaN
45.0667,0.02898,-25.045,10.697,0.0,NaN
45.0833,0.02896,-25.046,10.697,0.0,NaN
45.1000,0.02894,-25.047,10.696,0.0,NaN
45.1167,0.02892,-25.047,10.696,0.0,NaN
45.1333,0.02890,-25.048,10.696,0.0,NaN
45.1500,0.02889,-25.049,10.695,0.0,NaN
45.1667,0.02887,-25.050,10.695,0.0,NaN
45.1833,0.02885,-25.050,10.694,0.0,NaN
45.2000,0.02883,-25.051,10.694,0.0,NaN
45.2167,0.02882,-25.052,10.694,0.0,NaN
45.2333,0.02880,-25.053,10.693,0.0,NaN
45.2500,0.02878,-25.053,10.693,0.0,NaN
45.2667,0.02876,-25.054,10.692,0.0,NaN
45.2833,0.02875,-25.055,10.692,0.0,NaN
45.3000,0.02873,-25.056,10.692,0.0,NaN
45.3167,0.02871,-25.056,10.691,0.0,NaN
45.3333,0.02870,-25.057,10.691,0.0,NaN
45.3500,0.02868,-25.058,10.690,0.0,NaN
45.3667,0.02866,-25.059,10.690,0.0,NaN
45.3833,0.02864,-25.059,10.690,0.0,NaN
45.4000,0.02862,-25.060,10.689,0.0,NaN
45.4167,0.02861,-25.061,10.689,0.0,NaN
45.4333,0.02859,-25.062,10.688,0.0,NaN
45.4500,0.02857,-25.062,10.688,0.0,NaN
45.4667,0.02855,-25.063,10.688,0.0,NaN
45.4833,0.02853,-25.064,10.687,0.0,NaN
45.5000,0.02851,-25.064,10.687,0.0,NaN
45.5167,0.02849,-25.065,10.687,0.0,NaN
45.5333,0.02846,-25.066,10.686,0.0,NaN
45.5500,0.02844,-25.067,10.686,0.0,NaN
45.5667,0.02842,-25.067,10.686,0.0,NaN
45.5833,0.02840,-25.068,10.686,0.0,NaN
45.6000,0.02838,-25.069,10.685,0.0,NaN
45.6167,0.02835,-25.069,10.685,0.0,NaN
45.6333,0.02833,-25.070,10.685,0.0,NaN
45.6500,0.02830,-25.071,10.685,0.0,NaN
45.6667,0.02828,-25.072,10.684,0.0,NaN
45.6833,0.02826,-25.072,10.684,0.0,NaN
45.7000,0.02823,-25.073,10.684,0.0,NaN
45.7167,0.02821,-25.074,10.684,0.0,NaN
45.7333,0.02818,-25.074,10.683,0.0,NaN
45.7500,0.02816,-25.075,10.683,0.0,NaN
45.7667,0.02813,-25.076,10.683,0.0,NaN
45.7833,0.02811,-25.077,10.683,0.0,NaN
45.8000,0.02808,-25.077,10.682,0.0,NaN
45.8167,0.02806,-25.078,10.682,0.0,NaN
45.8333,0.02803,-25.079,10.682,0.0,NaN
45.8500,0.02801,-25.079,10.682,0.0,NaN
45.8667,0.02798,-25.080,10.681,0.0,NaN
45.8833,0.02796,-25.081,10.681,0.0,NaN
45.9000,0.02794,-25.082,10.681,0.0,NaN
45.9167,0.02791,-25.082,10.681,0.0,NaN
45.9333,0.02789,-25.083,10.680,0.0,NaN
45.9500,0.02787,-25.084,10.680,0.0,NaN
45.9667,0.02784,-25.084,10.680,0.0,NaN
45.9833,0.02782,-25.085,10.680,0.0,NaN
46.0000,0.02780,-25.086,10.679,0.0,NaN
46.0167,0.02778,-25.087,10.679,0.0,NaN
46.0333,0.02776,-25.087,10.679,0.0,NaN
46.0500,0.02774,-25.088,10.678,0.0,NaN
46.0667,0.02772,-25.089,10.678,0.0,NaN
46.0833,0.02770,-25.090,10.678,0.0,NaN
46.1000,0.02768,-25.090,10.677,0.0,NaN
46.1167,0.02766,-25.091,10.677,0.0,NaN
46.1333,0.02764,-25.092,10.677,0.0,NaN
46.1500,0.02762,-25.093,10.676,0.0,NaN
46.1667,0.02761,-25.093,10.676,0.0,NaN
46.1833,0.02759,-25.094,10.676,0.0,NaN
46.2000,0.02757,-25.095,10.675,0.0,NaN
46.2167,0.02755,-25.096,10.675,0.0,NaN
46.2333,0.02754,-25.096,10.675,0.0,NaN
46.2500,0.02752,-25.097,10.674,0.0,NaN
46.2667,0.02750,-25.098,10.674,0.0,NaN
46.2833,0.02749,-25.099,10.673,0.0,NaN
46.3000,0.02747,-25.099,10.673,0.0,NaN
46.3167,0.02745,-25.100,10.673,0.0,NaN
46.3333,0.02743,-25.101,10.672,0.0,NaN
46.3500,0.02742,-25.102,10.672,0.0,NaN
46.3667,0.02740,-25.102,10.672,0.0,NaN
46.3833,0.02738,-25.103,10.671,0.0,NaN
46.4000,0.02737,-25.104,10.671,0.0,NaN
46.4167,0.02735,-25.105,10.671,0.0,NaN
46.4333,0.02733,-25.105,10.670,0.0,NaN
46.4500,0.02731,-25.106,10.670,0.0,NaN
46.4667,0.02729,-25.107,10.670,0.0,NaN
46.4833,0.02727,-25.108,10.669,0.0,NaN
46.5000,0.02726,-25.108,10.669,0.0,NaN
46.5167,0.02724,-25.109,10.669,0.0,NaN
46.5333,0.02722,-25.110,10.668,0.0,NaN
46.5500,0.02719,-25.110,10.668,0.0,NaN
46.5667,0.02717,-25.111,10.668,0.0,NaN
46.5833,0.02715,-25.112,10.668,0.0,NaN
46.6000,0.02713,-25.113,10.667,0.0,NaN
46.6167,0.02711,-25.113,10.667,0.0,NaN
46.6333,0.02709,-25.114,10.667,0.0,NaN
46.6500,0.02706,-25.115,10.666,0.0,NaN
46.6667,0.02704,-25.116,10.666,0.0,NaN
46.6833,0.02702,-25.116,10.666,0.0,NaN
46.7000,0.02699,-25.117,10.666,0.0,NaN
46.7167,0.02697,-25.118,10.665,0.0,NaN
46.7333,0.02695,-25.118,10.665,0.0,NaN
46.7500,0.02692,-25.119,10.665,0.0,NaN
46.7667,0.02690,-25.120,10.665,0.0,NaN
46.7833,0.02687,-25.121,10.665,0.0,NaN
46.8000,0.02685,-25.121,10.664,0.0,NaN
46.8167,0.02682,-25.122,10.664,0.0,NaN
46.8333,0.02680,-25.123,10.664,0.0,NaN
46.8500,0.02677,-25.123,10.664,0.0,NaN
46.8667,0.02675,-25.124,10.663,0.0,NaN
46.8833,0.02672,-25.125,10.663,0.0,NaN
46.9000,0.02670,-25.126,10.663,0.0,NaN
46.9167,0.02668,-25.126,10.662,0.0,NaN
46.9333,0.02665,-25.127,10.662,0.0,NaN
46.9500,0.02663,-25.128,10.662,0.0,NaN
46.9667,0.02661,-25.128,10.662,0.0,NaN
46.9833,0.02658,-25.129,10.661,0.0,NaN
47.0000,0.02656,-25.130,10.661,0.0,NaN
47.0167,0.02654,-25.130,10.661,0.0,NaN
47.0333,0.02652,-25.131,10.660,0.0,NaN
47.0500,0.02649,-25.132,10.660,0.0,NaN
47.0667,0.02647,-25.133,10.660,0.0,NaN
47.0833,0.02645,-25.133,10.659,0.0,NaN
47.1000,0.02643,-25.134,10.659,0.0,NaN
47.1167,0.02641,-25.135,10.659,0.0,NaN
47.1333,0.02639,-25.136,10.658,0.0,NaN
47.1500,0.02637,-25.136,10.658,0.0,NaN
47.1667,0.02635,-25.137,10.658,0.0,NaN
47.1833,0.02633,-25.138,10.657,0.0,NaN
47.2000,0.02632,-25.138,10.657,0.0,NaN
47.2167,0.02630,-25.139,10.656,0.0,NaN
47.2333,0.02628,-25.140,10.656,0.0,NaN
47.2500,0.02626,-25.141,10.656,0.0,NaN
47.2667,0.02624,-25.141,10.655,0.0,NaN
47.2833,0.02623,-25.142,10.655,0.0,NaN
47.3000,0.02621,-25.143,10.655,0.0,NaN
47.3167,0.02619,-25.144,10.654,0.0,NaN
47.3333,0.02617,-25.144,10.654,0.0,NaN
47.3500,0.02616,-25.145,10.653,0.0,NaN
47.3667,0.02614,-25.146,10.653,0.0,NaN
47.3833,0.02612,-25.147,10.653,0.0,NaN
47.4000,0.02611,-25.147,10.652,0.0,NaN
47.4167,0.02609,-25.148,10.652,0.0,NaN
47.4333,0.02607,-25.149,10.652,0.0,NaN
47.4500,0.02605,-25.149,10.651,0.0,NaN
47.4667,0.02603,-25.150,10.651,0.0,NaN
47.4833,0.02602,-25.151,10.651,0.0,NaN
47.5000,0.02600,-25.152,10.650,0.0,NaN
47.5167,0.02598,-25.152,10.650,0.0,NaN
47.5333,0.02596,-25.153,10.650,0.0,NaN
47.5500,0.02594,-25.154,10.649,0.0,NaN
47.5667,0.02592,-25.155,10.649,0.0,NaN
47.5833,0.02590,-25.155,10.649,0.0,NaN
47.6000,0.02588,-25.156,10.648,0.0,NaN
47.6167,0.02586,-25.157,10.648,0.0,NaN
47.6333,0.02584,-25.157,10.648,0.0,NaN
47.6500,0.02582,-25.158,10.648,0.0,NaN
47.6667,0.02579,-25.159,10.647,0.0,NaN
47.6833,0.02577,-25.160,10.647,0.0,NaN
47.7000,0.02575,-25.160,10.647,0.0,NaN
47.7167,0.02573,-25.161,10.647,0.0,NaN
47.7333,0.02570,-25.162,10.647,0.0,NaN
47.7500,0.02568,-25.162,10.646,0.0,NaN
47.7667,0.02566,-25.163,10.646,0.0,NaN
47.7833,0.02563,-25.164,10.646,0.0,NaN
47.8000,0.02561,-25.164,10.646,0.0,NaN
47.8167,0.02559,-25.165,10.645,0.0,NaN
47.8333,0.02556,-25.166,10.645,0.0,NaN
47.8500,0.02554,-25.167,10.645,0.0,NaN
47.8667,0.02551,-25.167,10.645,0.0,NaN
47.8833,0.02549,-25.168,10.645,0.0,NaN
47.9000,0.02547,-25.169,10.644,0.0,NaN
47.9167,0.02544,-25.169,10.644,0.0,NaN
47.9333,0.02542,-25.170,10.644,0.0,NaN
47.9500,0.02540,-25.171,10.644,0.0,NaN
47.9667,0.02537,-25.171,10.643,0.0,NaN
47.9833,0.02535,-25.172,10.643,0.0,NaN
48.0000,0.02533,-25.173,10.643,0.0,NaN
48.0167,0.02531,-25.173,10.643,0.0,NaN
48.0333,0.02528,-25.174,10.642,0.0,NaN
48.0500,0.02526,-25.175,10.642,0.0,NaN
48.0667,0.02524,-25.176,10.642,0.0,NaN
48.0833,0.02522,-25.176,10.641,0.0,NaN
48.1000,0.02520,-25.177,10.641,0.0,NaN
48.1167,0.02518,-25.178,10.641,0.0,NaN
48.1333,0.02516,-25.178,10.640,0.0,NaN
48.1500,0.02514,-25.179,10.640,0.0,NaN
48.1667,0.02512,-25.180,10.640,0.0,NaN
48.1833,0.02510,-25.180,10.639,0.0,NaN
48.2000,0.02508,-25.181,10.639,0.0,NaN
48.2167,0.02506,-25.182,10.639,0.0,NaN
48.2333,0.02504,-25.183,10.638,0.0,NaN
48.2500,0.02502,-25.183,10.638,0.0,NaN
48.2667,0.02501,-25.184,10.637,0.0,NaN
48.2833,0.02499,-25.185,10.637,0.0,NaN
48.3000,0.02497,-25.185,10.637,0.0,NaN
48.3167,0.02495,-25.186,10.636,0.0,NaN
48.3333,0.02493,-25.187,10.636,0.0,NaN
48.3500,0.02492,-25.188,10.636,0.0,NaN
48.3667,0.02490,-25.188,10.635,0.0,NaN
48.3833,0.02488,-25.189,10.635,0.0,NaN
48.4000,0.02486,-25.190,10.634,0.0,NaN
48.4167,0.02485,-25.190,10.634,0.0,NaN
48.4333,0.02483,-25.191,10.634,0.0,NaN
48.4500,0.02481,-25.192,10.633,0.0,NaN
48.4667,0.02479,-25.193,10.633,0.0,NaN
48.4833,0.02477,-25.193,10.633,0.0,NaN
48.5000,0.02476,-25.194,10.632,0.0,NaN
48.5167,0.02474,-25.195,10.632,0.0,NaN
48.5333,0.02472,-25.195,10.631,0.0,NaN
48.5500,0.02470,-25.196,10.631,0.0,NaN
48.5667,0.02468,-25.197,10.631,0.0,NaN
48.5833,0.02466,-25.197,10.631,0.0,NaN
48.6000,0.02464,-25.198,10.630,0.0,NaN
48.6167,0.02462,-25.199,10.630,0.0,NaN
48.6333,0.02460,-25.200,10.630,0.0,NaN
48.6500,0.02458,-25.200,10.629,0.0,NaN
48.6667,0.02455,-25.201,10.629,0.0,NaN
48.6833,0.02453,-25.202,10.629,0.0,NaN
48.7000,0.02451,-25.202,10.628,0.0,NaN
48.7167,0.02449,-25.203,10.628,0.0,NaN
48.7333,0.02447,-25.204,10.628,0.0,NaN
48.7500,0.02444,-25.204,10.628,0.0,NaN
48.7667,0.02442,-25.205,10.627,0.0,NaN
48.7833,0.02440,-25.206,10.627,0.0,NaN
48.8000,0.02437,-25.206,10.627,0.0,NaN
48.8167,0.02435,-25.207,10.627,0.0,NaN
48.8333,0.02433,-25.208,10.627,0.0,NaN
48.8500,0.02430,-25.209,10.626,0.0,NaN
48.8667,0.02428,-25.209,10.626,0.0,NaN
48.8833,0.02426,-25.210,10.626,0.0,NaN
48.9000,0.02423,-25.211,10.626,0.0,NaN
48.9167,0.02421,-25.211,10.625,0.0,NaN
48.9333,0.02419,-25.212,10.625,0.0,NaN
48.9500,0.02416,-25.213,10.625,0.0,NaN
48.9667,0.02414,-25.213,10.625,0.0,NaN
48.9833,0.02412,-25.214,10.624,0.0,NaN
49.0000,0.02409,-25.215,10.624,0.0,NaN
49.0167,0.02407,-25.215,10.624,0.0,NaN
49.0333,0.02405,-25.216,10.624,0.0,NaN
49.0500,0.02403,-25.217,10.623,0.0,NaN
49.0667,0.02401,-25.217,10.623,0.0,NaN
49.0833,0.02398,-25.218,10.623,0.0,NaN
49.1000,0.02396,-25.219,10.622,0.0,NaN
49.1167,0.02394,-25.220,10.622,0.0,NaN
49.1333,0.02392,-25.220,10.622,0.0,NaN
49.1500,0.02390,-25.221,10.622,0.0,NaN
49.1667,0.02388,-25.222,10.621,0.0,NaN
49.1833,0.02386,-25.222,10.621,0.0,NaN
49.2000,0.02384,-25.223,10.621,0.0,NaN
49.2167,0.02382,-25.224,10.620,0.0,NaN
49.2333,0.02381,-25.224,10.620,0.0,NaN
49.2500,0.02379,-25.225,10.620,0.0,NaN
49.2667,0.02377,-25.226,10.619,0.0,NaN
49.2833,0.02375,-25.227,10.619,0.0,NaN
49.3000,0.02373,-25.227,10.619,0.0,NaN
49.3167,0.02372,-25.228,10.618,0.0,NaN
49.3333,0.02370,-25.229,10.618,0.0,NaN
49.3500,0.02368,-25.229,10.617,0.0,NaN
49.3667,0.02366,-25.230,10.617,0.0,NaN
49.3833,0.02365,-25.231,10.617,0.0,NaN
49.4000,0.02363,-25.232,10.616,0.0,NaN
49.4167,0.02361,-25.232,10.616,0.0,NaN
49.4333,0.02359,-25.233,10.616,0.0,NaN
49.4500,0.02358,-25.234,10.615,0.0,NaN
49.4667,0.02356,-25.234,10.615,0.0,NaN
49.4833,0.02354,-25.235,10.615,0.0,NaN
49.5000,0.02352,-25.236,10.614,0.0,NaN
49.5167,0.02350,-25.237,10.614,0.0,NaN
49.5333,0.02348,-25.237,10.614,0.0,NaN
49.5500,0.02347,-25.238,10.613,0.0,NaN
49.5667,0.02345,-25.239,10.613,0.0,NaN
49.5833,0.02343,-25.239,10.613,0.0,NaN
49.6000,0.02341,-25.240,10.612,0.0,NaN
49.6167,0.02339,-25.241,10.612,0.0,NaN
49.6333,0.02337,-25.241,10.612,0.0,NaN
49.6500,0.02335,-25.242,10.611,0.0,NaN
49.6667,0.02333,-25.243,10.611,0.0,NaN
49.6833,0.02331,-25.244,10.611,0.0,NaN
49.7000,0.02328,-25.244,10.610,0.0,NaN
49.7167,0.02326,-25.245,10.610,0.0,NaN
49.7333,0.02324,-25.246,10.610,0.0,NaN
49.7500,0.02322,-25.246,10.610,0.0,NaN
49.7667,0.02320,-25.247,10.609,0.0,NaN
49.7833,0.02317,-25.248,10.609,0.0,NaN
49.8000,0.02315,-25.248,10.609,0.0,NaN
49.8167,0.02313,-25.249,10.609,0.0,NaN
49.8333,0.02310,-25.250,10.608,0.0,NaN
49.8500,0.02308,-25.250,10.608,0.0,NaN
49.8667,0.02306,-25.251,10.608,0.0,NaN
49.8833,0.02303,-25.252,10.608,0.0,NaN
49.9000,0.02301,-25.252,10.607,0.0,NaN
49.9167,0.02299,-25.253,10.607,0.0,NaN
49.9333,0.02296,-25.254,10.607,0.0,NaN
49.9500,0.02294,-25.254,10.607,0.0,NaN
49.9667,0.02292,-25.255,10.606,0.0,NaN
49.9833,0.02289,-25.256,10.606,0.0,NaN
50.0000,0.02287,-25.257,10.606,0.0,NaN
50.0167,0.02285,-25.257,10.605,0.0,NaN
50.0333,0.02282,-25.258,10.605,0.0,NaN
50.0500,0.02280,-25.259,10.605,0.0,NaN
50.0667,0.02278,-25.259,10.605,0.0,NaN
50.0833,0.02276,-25.260,10.604,0.0,NaN
50.1000,0.02273,-25.261,10.604,0.0,NaN
50.1167,0.02271,-25.261,10.604,0.0,NaN
50.1333,0.02269,-25.262,10.603,0.0,NaN
50.1500,0.02267,-25.263,10.603,0.0,NaN
50.1667,0.02265,-25.263,10.603,0.0,NaN
50.1833,0.02263,-25.264,10.602,0.0,NaN
50.2000,0.02261,-25.265,10.602,0.0,NaN
50.2167,0.02259,-25.265,10.602,0.0,NaN
50.2333,0.02257,-25.266,10.601,0.0,NaN
50.2500,0.02255,-25.267,10.601,0.0,NaN
50.2667,0.02253,-25.268,10.601,0.0,NaN
50.2833,0.02251,-25.268,10.600,0.0,NaN
50.3000,0.02250,-25.269,10.600,0.0,NaN
50.3167,0.02248,-25.270,10.600,0.0,NaN
50.3333,0.02246,-25.270,10.599,0.0,NaN
50.3500,0.02244,-25.271,10.599,0.0,NaN
50.3667,0.02242,-25.272,10.599,0.0,NaN
50.3833,0.02241,-25.272,10.598,0.0,NaN
50.4000,0.02239,-25.273,10.598,0.0,NaN
50.4167,0.02237,-25.274,10.598,0.0,NaN
50.4333,0.02235,-25.275,10.597,0.0,NaN
50.4500,0.02234,-25.275,10.597,0.0,NaN
50.4667,0.02232,-25.276,10.597,0.0,NaN
50.4833,0.02230,-25.277,10.596,0.0,NaN
50.5000,0.02228,-25.277,10.596,0.0,NaN
50.5167,0.02227,-25.278,10.596,0.0,NaN
50.5333,0.02225,-25.279,10.595,0.0,NaN
50.5500,0.02223,-25.280,10.595,0.0,NaN
50.5667,0.02221,-25.280,10.595,0.0,NaN
50.5833,0.02219,-25.281,10.594,0.0,NaN
50.6000,0.02217,-25.282,10.594,0.0,NaN
50.6167,0.02215,-25.282,10.594,0.0,NaN
50.6333,0.02214,-25.283,10.593,0.0,NaN
50.6500,0.02212,-25.284,10.593,0.0,NaN
50.6667,0.02210,-25.284,10.593,0.0,NaN
50.6833,0.02208,-25.285,10.592,0.0,NaN
50.7000,0.02205,-25.286,10.592,0.0,NaN
50.7167,0.02203,-25.286,10.592,0.0,NaN
50.7333,0.02201,-25.287,10.592,0.0,NaN
50.7500,0.02199,-25.288,10.591,0.0,NaN
50.7667,0.02197,-25.288,10.591,0.0,NaN
50.7833,0.02195,-25.289,10.591,0.0,NaN
50.8000,0.02193,-25.290,10.591,0.0,NaN
50.8167,0.02190,-25.291,10.590,0.0,NaN
50.8333,0.02188,-25.291,10.590,0.0,NaN
50.8500,0.02186,-25.292,10.590,0.0,NaN
50.8667,0.02184,-25.293,10.590,0.0,NaN
50.8833,0.02181,-25.293,10.589,0.0,NaN
50.9000,0.02179,-25.294,10.589,0.0,NaN
50.9167,0.02177,-25.295,10.589,0.0,NaN
50.9333,0.02174,-25.295,10.589,0.0,NaN
50.9500,0.02172,-25.296,10.588,0.0,NaN
50.9667,0.02170,-25.297,10.588,0.0,NaN
50.9833,0.02167,-25.297,10.588,0.0,NaN
51.0000,0.02165,-25.298,10.588,0.0,NaN
51.0167,0.02163,-25.299,10.587,0.0,NaN
51.0333,0.02161,-25.299,10.587,0.0,NaN
51.0500,0.02158,-25.300,10.587,0.0,NaN
51.0667,0.02156,-25.301,10.586,0.0,NaN
51.0833,0.02154,-25.301,10.586,0.0,NaN
51.1000,0.02152,-25.302,10.586,0.0,NaN
51.1167,0.02149,-25.303,10.586,0.0,NaN
51.1333,0.02147,-25.303,10.585,0.0,NaN
51.1500,0.02145,-25.304,10.585,0.0,NaN
51.1667,0.02143,-25.305,10.585,0.0,NaN
51.1833,0.02141,-25.305,10.584,0.0,NaN
51.2000,0.02139,-25.306,10.584,0.0,NaN
51.2167,0.02137,-25.307,10.584,0.0,NaN
51.2333,0.02135,-25.307,10.583,0.0,NaN
51.2500,0.02133,-25.308,10.583,0.0,NaN
51.2667,0.02131,-25.309,10.583,0.0,NaN
51.2833,0.02129,-25.309,10.582,0.0,NaN
51.3000,0.02127,-25.310,10.582,0.0,NaN
51.3167,0.02125,-25.311,10.582,0.0,NaN
51.3333,0.02123,-25.311,10.581,0.0,NaN
51.3500,0.02121,-25.312,10.581,0.0,NaN
51.3667,0.02120,-25.313,10.581,0.0,NaN
51.3833,0.02118,-25.314,10.580,0.0,NaN
51.4000,0.02116,-25.314,10.580,0.0,NaN
51.4167,0.02114,-25.315,10.580,0.0,NaN
51.4333,0.02112,-25.316,10.579,0.0,NaN
51.4500,0.02111,-25.316,10.579,0.0,NaN
51.4667,0.02109,-25.317,10.578,0.0,NaN
51.4833,0.02107,-25.318,10.578,0.0,NaN
51.5000,0.02105,-25.318,10.578,0.0,NaN
51.5167,0.02103,-25.319,10.577,0.0,NaN
51.5333,0.02102,-25.320,10.577,0.0,NaN
51.5500,0.02100,-25.320,10.577,0.0,NaN
51.5667,0.02098,-25.321,10.576,0.0,NaN
51.5833,0.02096,-25.322,10.576,0.0,NaN
51.6000,0.02094,-25.322,10.576,0.0,NaN
51.6167,0.02092,-25.323,10.575,0.0,NaN
51.6333,0.02090,-25.324,10.575,0.0,NaN
51.6500,0.02089,-25.325,10.575,0.0,NaN
51.6667,0.02087,-25.325,10.574,0.0,NaN
51.6833,0.02085,-25.326,10.574,0.0,NaN
51.7000,0.02083,-25.327,10.574,0.0,NaN
51.7167,0.02081,-25.327,10.573,0.0,NaN
51.7333,0.02079,-25.328,10.573,0.0,NaN
51.7500,0.02076,-25.329,10.573,0.0,NaN
51.7667,0.02074,-25.329,10.573,0.0,NaN
51.7833,0.02072,-25.330,10.572,0.0,NaN
51.8000,0.02070,-25.331,10.572,0.0,NaN
51.8167,0.02068,-25.331,10.572,0.0,NaN
51.8333,0.02066,-25.332,10.571,0.0,NaN
51.8500,0.02064,-25.333,10.571,0.0,NaN
51.8667,0.02061,-25.333,10.571,0.0,NaN
51.8833,0.02059,-25.334,10.571,0.0,NaN
51.9000,0.02057,-25.335,10.570,0.0,NaN
51.9167,0.02055,-25.335,10.570,0.0,NaN
51.9333,0.02052,-25.336,10.570,0.0,NaN
51.9500,0.02050,-25.337,10.570,0.0,NaN
51.9667,0.02048,-25.337,10.569,0.0,NaN
51.9833,0.02045,-25.338,10.569,0.0,NaN
52.0000,0.02043,-25.339,10.569,0.0,NaN
52.0167,0.02041,-25.339,10.569,0.0,NaN
52.0333,0.02039,-25.340,10.568,0.0,NaN
52.0500,0.02036,-25.341,10.568,0.0,NaN
52.0667,0.02034,-25.341,10.568,0.0,NaN
52.0833,0.02032,-25.342,10.568,0.0,NaN
52.1000,0.02030,-25.343,10.567,0.0,NaN
52.1167,0.02027,-25.343,10.567,0.0,NaN
52.1333,0.02025,-25.344,10.567,0.0,NaN
52.1500,0.02023,-25.345,10.567,0.0,NaN
52.1667,0.02021,-25.345,10.566,0.0,NaN
52.1833,0.02019,-25.346,10.566,0.0,NaN
52.2000,0.02017,-25.347,10.566,0.0,NaN
52.2167,0.02015,-25.347,10.565,0.0,NaN
52.2333,0.02013,-25.348,10.565,0.0,NaN
52.2500,0.02011,-25.349,10.565,0.0,NaN
52.2667,0.02009,-25.349,10.564,0.0,NaN
52.2833,0.02007,-25.350,10.564,0.0,NaN
52.3000,0.02005,-25.351,10.564,0.0,NaN
52.3167,0.02003,-25.351,10.564,0.0,NaN
52.3333,0.02001,-25.352,10.563,0.0,NaN
52.3500,0.01999,-25.353,10.563,0.0,NaN
52.3667,0.01997,-25.354,10.562,0.0,NaN
52.3833,0.01995,-25.354,10.562,0.0,NaN
52.4000,0.01993,-25.355,10.562,0.0,NaN
52.4167,0.01992,-25.356,10.561,0.0,NaN
52.4333,0.01990,-25.356,10.561,0.0,NaN
52.4500,0.01988,-25.357,10.561,0.0,NaN
52.4667,0.01986,-25.358,10.560,0.0,NaN
52.4833,0.01984,-25.358,10.560,0.0,NaN
52.5000,0.01983,-25.359,10.560,0.0,NaN
52.5167,0.01981,-25.360,10.559,0.0,NaN
52.5333,0.01979,-25.360,10.559,0.0,NaN
52.5500,0.01977,-25.361,10.559,0.0,NaN
52.5667,0.01975,-25.362,10.558,0.0,NaN
52.5833,0.01974,-25.362,10.558,0.0,NaN
52.6000,0.01972,-25.363,10.558,0.0,NaN
52.6167,0.01970,-25.364,10.557,0.0,NaN
52.6333,0.01968,-25.364,10.557,0.0,NaN
52.6500,0.01966,-25.365,10.557,0.0,NaN
52.6667,0.01964,-25.366,10.556,0.0,NaN
52.6833,0.01962,-25.367,10.556,0.0,NaN
52.7000,0.01960,-25.367,10.556,0.0,NaN
52.7167,0.01958,-25.368,10.555,0.0,NaN
52.7333,0.01956,-25.369,10.555,0.0,NaN
52.7500,0.01954,-25.369,10.555,0.0,NaN
52.7667,0.01952,-25.370,10.554,0.0,NaN
52.7833,0.01950,-25.371,10.554,0.0,NaN
52.8000,0.01948,-25.371,10.554,0.0,NaN
52.8167,0.01946,-25.372,10.553,0.0,NaN
52.8333,0.01944,-25.373,10.553,0.0,NaN
52.8500,0.01942,-25.373,10.553,0.0,NaN
52.8667,0.01939,-25.374,10.553,0.0,NaN
52.8833,0.01937,-25.375,10.552,0.0,NaN
52.9000,0.01935,-25.375,10.552,0.0,NaN
52.9167,0.01933,-25.376,10.552,0.0,NaN
52.9333,0.01930,-25.377,10.552,0.0,NaN
52.9500,0.01928,-25.377,10.551,0.0,NaN
52.9667,0.01926,-25.378,10.551,0.0,NaN
52.9833,0.01924,-25.379,10.551,0.0,NaN
53.0000,0.01921,-25.379,10.550,0.0,NaN
53.0167,0.01919,-25.380,10.550,0.0,NaN
53.0333,0.01917,-25.381,10.550,0.0,NaN
53.0500,0.01915,-25.381,10.550,0.0,NaN
53.0667,0.01912,-25.382,10.549,0.0,NaN
53.0833,0.01910,-25.383,10.549,0.0,NaN
53.1000,0.01908,-25.383,10.549,0.0,NaN
53.1167,0.01906,-25.384,10.549,0.0,NaN
53.1333,0.01903,-25.385,10.548,0.0,NaN
53.1500,0.01901,-25.385,10.548,0.0,NaN
53.1667,0.01899,-25.386,10.548,0.0,NaN
53.1833,0.01897,-25.387,10.548,0.0,NaN
53.2000,0.01895,-25.387,10.547,0.0,NaN
53.2167,0.01892,-25.388,10.547,0.0,NaN
53.2333,0.01890,-25.389,10.547,0.0,NaN
53.2500,0.01888,-25.389,10.546,0.0,NaN
53.2667,0.01886,-25.390,10.546,0.0,NaN
53.2833,0.01884,-25.391,10.546,0.0,NaN
53.3000,0.01882,-25.391,10.545,0.0,NaN
53.3167,0.01880,-25.392,10.545,0.0,NaN
53.3333,0.01878,-25.393,10.545,0.0,NaN
53.3500,0.01876,-25.393,10.544,0.0,NaN
53.3667,0.01874,-25.394,10.544,0.0,NaN
53.3833,0.01873,-25.395,10.544,0.0,NaN
53.4000,0.01871,-25.395,10.543,0.0,NaN
53.4167,0.01869,-25.396,10.543,0.0,NaN
53.4333,0.01867,-25.397,10.543,0.0,NaN
53.4500,0.01865,-25.397,10.542,0.0,NaN
53.4667,0.01863,-25.398,10.542,0.0,NaN
53.4833,0.01862,-25.399,10.542,0.0,NaN
53.5000,0.01860,-25.400,10.541,0.0,NaN
53.5167,0.01858,-25.400,10.541,0.0,NaN
53.5333,0.01856,-25.401,10.541,0.0,NaN
53.5500,0.01854,-25.402,10.540,0.0,NaN
53.5667,0.01853,-25.402,10.540,0.0,NaN
53.5833,0.01851,-25.403,10.540,0.0,NaN
53.6000,0.01849,-25.404,10.539,0.0,NaN
53.6167,0.01847,-25.404,10.539,0.0,NaN
53.6333,0.01845,-25.405,10.539,0.0,NaN
53.6500,0.01843,-25.406,10.538,0.0,NaN
53.6667,0.01842,-25.406,10.538,0.0,NaN
53.6833,0.01840,-25.407,10.538,0.0,NaN
53.7000,0.01838,-25.408,10.537,0.0,NaN
53.7167,0.01836,-25.408,10.537,0.0,NaN
53.7333,0.01834,-25.409,10.537,0.0,NaN
53.7500,0.01832,-25.410,10.536,0.0,NaN
53.7667,0.01830,-25.410,10.536,0.0,NaN
53.7833,0.01828,-25.411,10.536,0.0,NaN
53.8000,0.01826,-25.412,10.535,0.0,NaN
53.8167,0.01824,-25.412,10.535,0.0,NaN
53.8333,0.01822,-25.413,10.535,0.0,NaN
53.8500,0.01820,-25.414,10.535,0.0,NaN
53.8667,0.01818,-25.414,10.534,0.0,NaN
53.8833,0.01815,-25.415,10.534,0.0,NaN
53.9000,0.01813,-25.416,10.534,0.0,NaN
53.9167,0.01811,-25.416,10.533,0.0,NaN
53.9333,0.01809,-25.417,10.533,0.0,NaN
53.9500,0.01807,-25.418,10.533,0.0,NaN
53.9667,0.01804,-25.418,10.533,0.0,NaN
53.9833,0.01802,-25.419,10.532,0.0,NaN
54.0000,0.01800,-25.420,10.532,0.0,NaN
54.0167,0.01798,-25.420,10.532,0.0,NaN
54.0333,0.01795,-25.421,10.532,0.0,NaN
54.0500,0.01793,-25.422,10.531,0.0,NaN
54.0667,0.01791,-25.422,10.531,0.0,NaN
54.0833,0.01789,-25.423,10.531,0.0,NaN
54.1000,0.01786,-25.424,10.531,0.0,NaN
54.1167,0.01784,-25.424,10.530,0.0,NaN
54.1333,0.01782,-25.425,10.530,0.0,NaN
54.1500,0.01780,-25.426,10.530,0.0,NaN
54.1667,0.01777,-25.426,10.529,0.0,NaN
54.1833,0.01775,-25.427,10.529,0.0,NaN
54.2000,0.01773,-25.428,10.529,0.0,NaN
54.2167,0.01771,-25.428,10.529,0.0,NaN
54.2333,0.01769,-25.429,10.528,0.0,NaN
54.2500,0.01767,-25.430,10.528,0.0,NaN
54.2667,0.01764,-25.430,10.528,0.0,NaN
54.2833,0.01762,-25.431,10.527,0.0,NaN
54.3000,0.01760,-25.432,10.527,0.0,NaN
54.3167,0.01758,-25.432,10.527,0.0,NaN
54.3333,0.01756,-25.433,10.526,0.0,NaN
54.3500,0.01754,-25.434,10.526,0.0,NaN
54.3667,0.01752,-25.434,10.526,0.0,NaN
54.3833,0.01750,-25.435,10.525,0.0,NaN
54.4000,0.01748,-25.436,10.525,0.0,NaN
54.4167,0.01746,-25.436,10.525,0.0,NaN
54.4333,0.01745,-25.437,10.524,0.0,NaN
54.4500,0.01743,-25.438,10.524,0.0,NaN
54.4667,0.01741,-25.438,10.524,0.0,NaN
54.4833,0.01739,-25.439,10.523,0.0,NaN
54.5000,0.01737,-25.440,10.523,0.0,NaN
54.5167,0.01735,-25.440,10.523,0.0,NaN
54.5333,0.01733,-25.441,10.522,0.0,NaN
54.5500,0.01732,-25.442,10.522,0.0,NaN
54.5667,0.01730,-25.442,10.522,0.0,NaN
54.5833,0.01728,-25.443,10.521,0.0,NaN
54.6000,0.01726,-25.444,10.521,0.0,NaN
54.6167,0.01724,-25.444,10.521,0.0,NaN
54.6333,0.01723,-25.445,10.520,0.0,NaN
54.6500,0.01721,-25.446,10.520,0.0,NaN
54.6667,0.01719,-25.446,10.519,0.0,NaN
54.6833,0.01717,-25.447,10.519,0.0,NaN
54.7000,0.01715,-25.448,10.519,0.0,NaN
54.7167,0.01713,-25.448,10.518,0.0,NaN
54.7333,0.01711,-25.449,10.518,0.0,NaN
54.7500,0.01709,-25.450,10.518,0.0,NaN
54.7667,0.01707,-25.450,10.518,0.0,NaN
54.7833,0.01706,-25.451,10.517,0.0,NaN
54.8000,0.01704,-25.452,10.517,0.0,NaN
54.8167,0.01702,-25.452,10.517,0.0,NaN
54.8333,0.01700,-25.453,10.516,0.0,NaN
54.8500,0.01697,-25.454,10.516,0.0,NaN
54.8667,0.01695,-25.454,10.516,0.0,NaN
54.8833,0.01693,-25.455,10.515,0.0,NaN
54.9000,0.01691,-25.456,10.515,0.0,NaN
54.9167,0.01689,-25.456,10.515,0.0,NaN
54.9333,0.01687,-25.457,10.515,0.0,NaN
54.9500,0.01685,-25.458,10.514,0.0,NaN
54.9667,0.01683,-25.458,10.514,0.0,NaN
54.9833,0.01680,-25.459,10.514,0.0,NaN
55.0000,0.01678,-25.460,10.514,0.0,NaN
55.0167,0.01676,-25.460,10.513,0.0,NaN
55.0333,0.01674,-25.461,10.513,0.0,NaN
55.0500,0.01672,-25.462,10.513,0.0,NaN
55.0667,0.01669,-25.462,10.512,0.0,NaN
55.0833,0.01667,-25.463,10.512,0.0,NaN
55.1000,0.01665,-25.464,10.512,0.0,NaN
55.1167,0.01663,-25.464,10.512,0.0,NaN
55.1333,0.01660,-25.465,10.511,0.0,NaN
55.1500,0.01658,-25.466,10.511,0.0,NaN
55.1667,0.01656,-25.466,10.511,0.0,NaN
55.1833,0.01654,-25.467,10.511,0.0,NaN
55.2000,0.01651,-25.468,10.510,0.0,NaN
55.2167,0.01649,-25.468,10.510,0.0,NaN
55.2333,0.01647,-25.469,10.510,0.0,NaN
55.2500,0.01645,-25.470,10.509,0.0,NaN
55.2667,0.01643,-25.470,10.509,0.0,NaN
55.2833,0.01641,-25.471,10.509,0.0,NaN
55.3000,0.01638,-25.472,10.509,0.0,NaN
55.3167,0.01636,-25.472,10.508,0.0,NaN
55.3333,0.01634,-25.473,10.508,0.0,NaN
55.3500,0.01632,-25.474,10.508,0.0,NaN
55.3667,0.01630,-25.474,10.507,0.0,NaN
55.3833,0.01628,-25.475,10.507,0.0,NaN
55.4000,0.01626,-25.476,10.507,0.0,NaN
55.4167,0.01624,-25.476,10.506,0.0,NaN
55.4333,0.01622,-25.477,10.506,0.0,NaN
55.4500,0.01620,-25.478,10.506,0.0,NaN
55.4667,0.01618,-25.478,10.505,0.0,NaN
55.4833,0.01617,-25.479,10.505,0.0,NaN
55.5000,0.01615,-25.480,10.505,0.0,NaN
55.5167,0.01613,-25.480,10.504,0.0,NaN
55.5333,0.01611,-25.481,10.504,0.0,NaN
55.5500,0.01609,-25.482,10.504,0.0,NaN
55.5667,0.01607,-25.482,10.503,0.0,NaN
55.5833,0.01605,-25.483,10.503,0.0,NaN
55.6000,0.01604,-25.484,10.503,0.0,NaN
55.6167,0.01602,-25.484,10.502,0.0,NaN
55.6333,0.01600,-25.485,10.502,0.0,NaN
55.6500,0.01598,-25.486,10.502,0.0,NaN
55.6667,0.01596,-25.486,10.501,0.0,NaN
55.6833,0.01594,-25.487,10.501,0.0,NaN
55.7000,0.01593,-25.488,10.500,0.0,NaN
55.7167,0.01591,-25.489,10.500,0.0,NaN
55.7333,0.01589,-25.489,10.500,0.0,NaN
55.7500,0.01587,-25.490,10.499,0.0,NaN
55.7667,0.01585,-25.491,10.499,0.0,NaN
55.7833,0.01583,-25.491,10.499,0.0,NaN
55.8000,0.01581,-25.492,10.498,0.0,NaN
55.8167,0.01579,-25.493,10.498,0.0,NaN
55.8333,0.01577,-25.493,10.498,0.0,NaN
55.8500,0.01575,-25.494,10.498,0.0,NaN
55.8667,0.01573,-25.495,10.497,0.0,NaN
55.8833,0.01571,-25.495,10.497,0.0,NaN
55.9000,0.01569,-25.496,10.497,0.0,NaN
55.9167,0.01567,-25.497,10.496,0.0,NaN
55.9333,0.01565,-25.497,10.496,0.0,NaN
55.9500,0.01563,-25.498,10.496,0.0,NaN
55.9667,0.01561,-25.499,10.495,0.0,NaN
55.9833,0.01558,-25.499,10.495,0.0,NaN
56.0000,0.01556,-25.500,10.495,0.0,NaN
56.0167,0.01554,-25.501,10.495,0.0,NaN
56.0333,0.01552,-25.501,10.494,0.0,NaN
56.0500,0.01550,-25.502,10.494,0.0,NaN
56.0667,0.01547,-25.502,10.494,0.0,NaN
56.0833,0.01545,-25.503,10.494,0.0,NaN
56.1000,0.01543,-25.504,10.493,0.0,NaN
56.1167,0.01541,-25.504,10.493,0.0,NaN
56.1333,0.01538,-25.505,10.493,0.0,NaN
56.1500,0.01536,-25.506,10.492,0.0,NaN
56.1667,0.01534,-25.506,10.492,0.0,NaN
56.1833,0.01532,-25.507,10.492,0.0,NaN
56.2000,0.01530,-25.508,10.492,0.0,NaN
56.2167,0.01527,-25.508,10.491,0.0,NaN
56.2333,0.01525,-25.509,10.491,0.0,NaN
56.2500,0.01523,-25.510,10.491,0.0,NaN
56.2667,0.01521,-25.510,10.490,0.0,NaN
56.2833,0.01519,-25.511,10.490,0.0,NaN
56.3000,0.01516,-25.512,10.490,0.0,NaN
56.3167,0.01514,-25.512,10.490,0.0,NaN
56.3333,0.01512,-25.513,10.489,0.0,NaN
56.3500,0.01510,-25.514,10.489,0.0,NaN
56.3667,0.01508,-25.514,10.489,0.0,NaN
56.3833,0.01506,-25.515,10.488,0.0,NaN
56.4000,0.01504,-25.516,10.488,0.0,NaN
56.4167,0.01502,-25.516,10.488,0.0,NaN
56.4333,0.01500,-25.517,10.487,0.0,NaN
56.4500,0.01498,-25.518,10.487,0.0,NaN
56.4667,0.01496,-25.518,10.487,0.0,NaN
56.4833,0.01494,-25.519,10.486,0.0,NaN
56.5000,0.01492,-25.520,10.486,0.0,NaN
56.5167,0.01490,-25.520,10.486,0.0,NaN
56.5333,0.01488,-25.521,10.485,0.0,NaN
56.5500,0.01486,-25.522,10.485,0.0,NaN
56.5667,0.01485,-25.522,10.485,0.0,NaN
56.5833,0.01483,-25.523,10.484,0.0,NaN
56.6000,0.01481,-25.524,10.484,0.0,NaN
56.6167,0.01479,-25.524,10.484,0.0,NaN
56.6333,0.01477,-25.525,10.483,0.0,NaN
56.6500,0.01475,-25.526,10.483,0.0,NaN
56.6667,0.01473,-25.526,10.483,0.0,NaN
56.6833,0.01472,-25.527,10.482,0.0,NaN
56.7000,0.01470,-25.528,10.482,0.0,NaN
56.7167,0.01468,-25.529,10.482,0.0,NaN
56.7333,0.01466,-25.529,10.481,0.0,NaN
56.7500,0.01464,-25.530,10.481,0.0,NaN
56.7667,0.01462,-25.531,10.481,0.0,NaN
56.7833,0.01460,-25.531,10.480,0.0,NaN
56.8000,0.01458,-25.532,10.480,0.0,NaN
56.8167,0.01457,-25.533,10.480,0.0,NaN
56.8333,0.01455,-25.533,10.479,0.0,NaN
56.8500,0.01453,-25.534,10.479,0.0,NaN
56.8667,0.01451,-25.535,10.479,0.0,NaN
56.8833,0.01449,-25.535,10.478,0.0,NaN
56.9000,0.01447,-25.536,10.478,0.0,NaN
56.9167,0.01445,-25.537,10.478,0.0,NaN
56.9333,0.01443,-25.537,10.477,0.0,NaN
56.9500,0.01441,-25.538,10.477,0.0,NaN
56.9667,0.01438,-25.539,10.477,0.0,NaN
56.9833,0.01436,-25.539,10.477,0.0,NaN
57.0000,0.01434,-25.540,10.476,0.0,NaN
57.0167,0.01432,-25.541,10.476,0.0,NaN
57.0333,0.01430,-25.541,10.476,0.0,NaN
57.0500,0.01428,-25.542,10.475,0.0,NaN
57.0667,0.01426,-25.542,10.475,0.0,NaN
57.0833,0.01423,-25.543,10.475,0.0,NaN
57.1000,0.01421,-25.544,10.475,0.0,NaN
57.1167,0.01419,-25.544,10.474,0.0,NaN
57.1333,0.01417,-25.545,10.474,0.0,NaN
57.1500,0.01415,-25.546,10.474,0.0,NaN
57.1667,0.01412,-25.546,10.473,0.0,NaN
57.1833,0.01410,-25.547,10.473,0.0,NaN
57.2000,0.01408,-25.548,10.473,0.0,NaN
57.2167,0.01406,-25.548,10.473,0.0,NaN
57.2333,0.01403,-25.549,10.472,0.0,NaN
57.2500,0.01401,-25.550,10.472,0.0,NaN
57.2667,0.01399,-25.550,10.472,0.0,NaN
57.2833,0.01397,-25.551,10.471,0.0,NaN
57.3000,0.01395,-25.552,10.471,0.0,NaN
57.3167,0.01392,-25.552,10.471,0.0,NaN
57.3333,0.01390,-25.553,10.471,0.0,NaN
57.3500,0.01388,-25.554,10.470,0.0,NaN
57.3667,0.01386,-25.554,10.470,0.0,NaN
57.3833,0.01384,-25.555,10.470,0.0,NaN
57.4000,0.01382,-25.556,10.469,0.0,NaN
57.4167,0.01380,-25.556,10.469,0.0,NaN
57.4333,0.01378,-25.557,10.469,0.0,NaN
57.4500,0.01376,-25.558,10.468,0.0,NaN
57.4667,0.01374,-25.558,10.468,0.0,NaN
57.4833,0.01372,-25.559,10.468,0.0,NaN
57.5000,0.01370,-25.559,10.467,0.0,NaN
57.5167,0.01368,-25.560,10.467,0.0,NaN
57.5333,0.01366,-25.561,10.467,0.0,NaN
57.5500,0.01364,-25.561,10.466,0.0,NaN
57.5667,0.01362,-25.562,10.466,0.0,NaN
57.5833,0.01360,-25.563,10.466,0.0,NaN
57.6000,0.01358,-25.563,10.465,0.0,NaN
57.6167,0.01357,-25.564,10.465,0.0,NaN
57.6333,0.01355,-25.565,10.465,0.0,NaN
57.6500,0.01353,-25.565,10.464,0.0,NaN
57.6667,0.01351,-25.566,10.464,0.0,NaN
57.6833,0.01349,-25.567,10.464,0.0,NaN
57.7000,0.01347,-25.567,10.463,0.0,NaN
57.7167,0.01346,-25.568,10.463,0.0,NaN
57.7333,0.01344,-25.569,10.463,0.0,NaN
57.7500,0.01342,-25.569,10.462,0.0,NaN
57.7667,0.01340,-25.570,10.462,0.0,NaN
57.7833,0.01338,-25.571,10.462,0.0,NaN
57.8000,0.01336,-25.571,10.461,0.0,NaN
57.8167,0.01335,-25.572,10.461,0.0,NaN
57.8333,0.01333,-25.573,10.461,0.0,NaN
57.8500,0.01331,-25.573,10.460,0.0,NaN
57.8667,0.01329,-25.574,10.460,0.0,NaN
57.8833,0.01327,-25.574,10.460,0.0,NaN
57.9000,0.01325,-25.575,10.459,0.0,NaN
57.9167,0.01323,-25.576,10.459,0.0,NaN
57.9333,0.01321,-25.576,10.459,0.0,NaN
57.9500,0.01319,-25.577,10.459,0.0,NaN
57.9667,0.01317,-25.578,10.458,0.0,NaN
57.9833,0.01315,-25.578,10.458,0.0,NaN
58.0000,0.01313,-25.579,10.458,0.0,NaN
58.0167,0.01311,-25.579,10.457,0.0,NaN
58.0333,0.01309,-25.580,10.457,0.0,NaN
58.0500,0.01307,-25.581,10.457,0.0,NaN
58.0667,0.01305,-25.581,10.457,0.0,NaN
58.0833,0.01303,-25.582,10.456,0.0,NaN
58.1000,0.01301,-25.583,10.456,0.0,NaN
58.1167,0.01298,-25.583,10.456,0.0,NaN
58.1333,0.01296,-25.584,10.455,0.0,NaN
58.1500,0.01294,-25.584,10.455,0.0,NaN
58.1667,0.01292,-25.585,10.455,0.0,NaN
58.1833,0.01290,-25.586,10.455,0.0,NaN
58.2000,0.01288,-25.586,10.454,0.0,NaN
58.2167,0.01285,-25.587,10.454,0.0,NaN
58.2333,0.01283,-25.587,10.454,0.0,NaN
58.2500,0.01281,-25.588,10.454,0.0,NaN
58.2667,0.01279,-25.589,10.453,0.0,NaN
58.2833,0.01277,-25.589,10.453,0.0,NaN
58.3000,0.01275,-25.590,10.453,0.0,NaN
58.3167,0.01272,-25.590,10.452,0.0,NaN
58.3333,0.01270,-25.591,10.452,0.0,NaN
58.3500,0.01268,-25.592,10.452,0.0,NaN
58.3667,0.01266,-25.592,10.452,0.0,NaN
58.3833,0.01264,-25.593,10.451,0.0,NaN
58.4000,0.01262,-25.593,10.451,0.0,NaN
58.4167,0.01260,-25.594,10.451,0.0,NaN
58.4333,0.01258,-25.595,10.450,0.0,NaN
58.4500,0.01256,-25.595,10.450,0.0,NaN
58.4667,0.01254,-25.596,10.450,0.0,NaN
58.4833,0.01252,-25.596,10.450,0.0,NaN
58.5000,0.01250,-25.597,10.449,0.0,NaN
58.5167,0.01248,-25.598,10.449,0.0,NaN
58.5333,0.01246,-25.598,10.449,0.0,NaN
58.5500,0.01244,-25.599,10.448,0.0,NaN
58.5667,0.01242,-25.600,10.448,0.0,NaN
58.5833,0.01240,-25.600,10.448,0.0,NaN
58.6000,0.01238,-25.601,10.447,0.0,NaN
58.6167,0.01236,-25.601,10.447,0.0,NaN
58.6333,0.01234,-25.602,10.447,0.0,NaN
58.6500,0.01233,-25.603,10.446,0.0,NaN
58.6667,0.01231,-25.603,10.446,0.0,NaN
58.6833,0.01229,-25.604,10.446,0.0,NaN
58.7000,0.01227,-25.604,10.445,0.0,NaN
58.7167,0.01225,-25.605,10.445,0.0,NaN
58.7333,0.01223,-25.606,10.445,0.0,NaN
58.7500,0.01222,-25.606,10.444,0.0,NaN
58.7667,0.01220,-25.607,10.444,0.0,NaN
58.7833,0.01218,-25.607,10.444,0.0,NaN
58.8000,0.01216,-25.608,10.443,0.0,NaN
58.8167,0.01214,-25.609,10.443,0.0,NaN
58.8333,0.01213,-25.609,10.443,0.0,NaN
58.8500,0.01211,-25.610,10.442,0.0,NaN
58.8667,0.01209,-25.610,10.442,0.0,NaN
58.8833,0.01207,-25.611,10.442,0.0,NaN
58.9000,0.01205,-25.612,10.441,0.0,NaN
58.9167,0.01203,-25.612,10.441,0.0,NaN
58.9333,0.01201,-25.613,10.441,0.0,NaN
58.9500,0.01200,-25.613,10.440,0.0,NaN
58.9667,0.01198,-25.614,10.440,0.0,NaN
58.9833,0.01196,-25.614,10.440,0.0,NaN
59.0000,0.01194,-25.615,10.439,0.0,NaN
59.0167,0.01192,-25.616,10.439,0.0,NaN
59.0333,0.01190,-25.616,10.439,0.0,NaN
59.0500,0.01188,-25.617,10.439,0.0,NaN
59.0667,0.01186,-25.617,10.438,0.0,NaN
59.0833,0.01184,-25.618,10.438,0.0,NaN
59.1000,0.01182,-25.619,10.438,0.0,NaN
59.1167,0.01179,-25.619,10.437,0.0,NaN
59.1333,0.01177,-25.620,10.437,0.0,NaN
59.1500,0.01175,-25.620,10.437,0.0,NaN
59.1667,0.01173,-25.621,10.437,0.0,NaN
59.1833,0.01171,-25.621,10.436,0.0,NaN
59.2000,0.01169,-25.622,10.436,0.0,NaN
59.2167,0.01167,-25.623,10.436,0.0,NaN
59.2333,0.01165,-25.623,10.436,0.0,NaN
59.2500,0.01163,-25.624,10.435,0.0,NaN
59.2667,0.01160,-25.624,10.435,0.0,NaN
59.2833,0.01158,-25.625,10.435,0.0,NaN
59.3000,0.01156,-25.626,10.435,0.0,NaN
59.3167,0.01154,-25.626,10.434,0.0,NaN
59.3333,0.01152,-25.627,10.434,0.0,NaN
59.3500,0.01150,-25.627,10.434,0.0,NaN
59.3667,0.01148,-25.628,10.433,0.0,NaN
59.3833,0.01145,-25.628,10.433,0.0,NaN
59.4000,0.01143,-25.629,10.433,0.0,NaN
59.4167,0.01141,-25.630,10.433,0.0,NaN
59.4333,0.01139,-25.630,10.432,0.0,NaN
59.4500,0.01137,-25.631,10.432,0.0,NaN
59.4667,0.01135,-25.631,10.432,0.0,NaN
59.4833,0.01133,-25.632,10.431,0.0,NaN
59.5000,0.01131,-25.632,10.431,0.0,NaN
59.5167,0.01129,-25.633,10.431,0.0,NaN
59.5333,0.01127,-25.634,10.431,0.0,NaN
59.5500,0.01125,-25.634,10.430,0.0,NaN
59.5667,0.01123,-25.635,10.430,0.0,NaN
59.5833,0.01121,-25.635,10.430,0.0,NaN
59.6000,0.01119,-25.636,10.429,0.0,NaN
59.6167,0.01118,-25.637,10.429,0.0,NaN
59.6333,0.01116,-25.637,10.429,0.0,NaN
59.6500,0.01114,-25.638,10.428,0.0,NaN
59.6667,0.01112,-25.638,10.428,0.0,NaN
59.6833,0.01110,-25.639,10.428,0.0,NaN
59.7000,0.01108,-25.640,10.427,0.0,NaN
59.7167,0.01106,-25.640,10.427,0.0,NaN
59.7333,0.01105,-25.641,10.427,0.0,NaN
59.7500,0.01103,-25.641,10.426,0.0,NaN
59.7667,0.01101,-25.642,10.426,0.0,NaN
59.7833,0.01099,-25.642,10.426,0.0,NaN
59.8000,0.01097,-25.643,10.425,0.0,NaN
59.8167,0.01096,-25.644,10.425,0.0,NaN
59.8333,0.01094,-25.644,10.425,0.0,NaN
59.8500,0.01092,-25.645,10.424,0.0,NaN
59.8667,0.01090,-25.645,10.424,0.0,NaN
59.8833,0.01088,-25.646,10.424,0.0,NaN
59.9000,0.01087,-25.647,10.423,0.0,NaN
59.9167,0.01085,-25.647,10.423,0.0,NaN
59.9333,0.01083,-25.648,10.423,0.0,NaN
59.9500,0.01081,-25.648,10.422,0.0,NaN
59.9667,0.01079,-25.649,10.422,0.0,NaN
59.9833,0.01077,-25.650,10.422,0.0,NaN
60.0000,0.01075,-25.650,10.422,0.0,NaN
