t,heave,pitch,roll,vy,gs,thrust,running,propDepth,buoy,drag,crashed
0.0167,1.5928,-0.507,0.000,-1.576,24.997,0.0,1,-1.521,0,0,0
0.0333,1.5659,-0.488,0.000,-1.650,24.994,0.0,1,-1.493,0,0,0
0.0500,1.5378,-0.473,-0.000,-1.722,24.991,0.0,1,-1.464,0,0,0
0.0667,1.5085,-0.471,-0.000,-1.793,24.988,0.0,1,-1.433,0,0,0
0.0833,1.4781,-0.500,0.000,-1.860,24.986,0.0,1,-1.402,0,0,0
0.1000,1.4465,-0.567,-0.000,-1.926,24.984,0.0,1,-1.369,0,0,0
0.1167,1.4139,-0.660,0.000,-1.991,24.983,0.0,1,-1.336,0,0,0
0.1333,1.3801,-0.769,0.000,-2.055,24.982,0.0,1,-1.302,0,0,0
0.1500,1.3454,-0.869,-0.000,-2.119,24.980,0.0,1,-1.265,0,0,0
0.1667,1.3095,-0.945,-0.000,-2.184,24.979,0.0,1,-1.227,0,0,0
0.1833,1.2725,-1.007,0.000,-2.248,24.978,0.0,1,-1.188,0,0,0
0.2000,1.2346,-1.063,0.000,-2.310,24.978,0.0,1,-1.147,0,0,0
0.2167,1.1955,-1.138,0.000,-2.372,24.977,0.0,1,-1.105,0,0,0
0.2333,1.1555,-1.250,-0.000,-2.434,24.978,0.0,1,-1.062,0,0,0
0.2500,1.1144,-1.400,-0.000,-2.495,24.978,0.0,1,-1.018,0,0,0
0.2667,1.0723,-1.576,0.000,-2.554,24.958,0.0,1,-0.974,0,2360,0
0.2833,1.0293,-1.762,-0.000,-2.608,24.880,0.0,1,-0.927,0,5474,0
0.3000,0.9854,-1.952,-0.000,-2.655,24.744,0.0,1,-0.878,0,8505,0
0.3167,0.9408,-2.168,-0.000,-2.700,24.553,0.0,1,-0.825,0,11389,0
0.3333,0.8954,-2.471,-0.000,-2.743,24.309,0.0,1,-0.769,0,14110,0
0.3500,0.8494,-2.915,-0.000,-2.786,24.018,0.0,1,-0.709,0,16337,0
0.3667,0.8025,-3.535,0.000,-2.832,23.697,0.0,1,-0.647,0,17587,0
0.3833,0.7549,-4.343,0.000,-2.883,23.355,0.0,1,-0.581,0,18633,0
0.4000,0.7064,-5.332,-0.000,-2.940,22.996,0.0,1,-0.511,0,19522,0
0.4167,0.6570,-6.465,0.000,-2.914,22.629,0.0,1,-0.438,0,22418,0
0.4333,0.6143,-7.547,0.160,-2.181,22.308,0.0,1,-0.374,0,23885,0
0.4500,0.5848,-8.677,0.386,-1.515,21.979,0.0,1,-0.320,0,22913,0
0.4667,0.5585,-9.781,0.089,-1.631,21.581,0.0,1,-0.271,33,21185,0
0.4833,0.5305,-10.925,-0.216,-1.719,21.198,0.0,1,-0.213,317,20460,0
0.5000,0.5014,-12.389,0.006,-1.764,20.852,0.0,1,-0.149,916,19290,0
0.5167,0.4717,-13.879,0.183,-1.815,20.517,0.0,1,-0.088,1594,18831,0
0.5333,0.4409,-15.488,0.000,-1.880,20.184,0.0,1,-0.016,2135,18055,0
0.5500,0.4089,-17.326,-0.029,-1.957,19.862,0.0,1,0.053,2646,17268,0
0.5667,0.3756,-19.305,0.117,-2.040,19.546,0.0,1,0.125,3045,16935,0
0.5833,0.3409,-21.262,0.086,-2.118,19.243,0.0,1,0.201,3529,16474,0
0.6000,0.3049,-23.374,-0.037,-2.217,18.941,0.0,1,0.280,4024,15767,0
0.6167,0.2671,-25.595,0.006,-2.314,18.649,0.0,1,0.363,4872,15450,0
0.6333,0.2278,-27.731,0.135,-2.394,18.368,0.0,1,0.445,5562,15609,0
0.6500,0.1872,-29.911,0.096,-2.488,18.078,0.0,1,0.530,5912,14904,0
0.6667,0.1448,-32.146,-0.022,-2.591,17.788,0.0,1,0.619,6814,14262,0
0.6833,0.1009,-34.396,0.007,-2.677,17.504,0.0,1,0.707,7971,14159,0
0.7000,0.0558,-36.701,0.088,-2.729,17.226,0.0,1,0.794,9240,14250,0
0.7167,0.0098,-39.133,0.069,-2.789,16.883,0.0,1,0.880,9708,20236,0
0.7333,-0.0375,-41.663,-0.018,-2.893,16.424,0.0,1,0.968,10042,26392,0
0.7500,-0.0868,-44.165,-0.049,-3.034,15.854,0.0,1,1.058,11120,32410,0
0.7667,-0.1387,-46.647,-0.049,-3.188,15.180,0.0,1,1.150,12677,37616,0
0.7833,-0.1932,-49.175,-0.076,-3.350,14.408,0.0,1,1.243,13137,42863,0
0.8000,-0.2504,-51.758,-0.105,-3.509,13.549,0.0,1,1.338,13559,47630,0
0.8167,-0.3100,-54.409,-0.115,-3.634,12.635,0.0,1,1.432,15107,50494,0
0.8333,-0.3713,-57.179,-0.119,-3.727,11.646,0.0,1,1.526,17075,59133,0
0.8500,-0.4352,-60.076,-0.120,-3.960,10.366,0.0,1,1.622,18206,77285,0
0.8667,-0.5036,-63.092,-0.097,-4.245,8.838,0.0,1,1.719,23256,90228,0
0.8833,-0.5761,-66.177,-0.057,-4.421,7.267,0.0,1,1.815,28871,83290,0
0.9000,-0.6498,-69.154,-0.035,-4.399,5.913,0.0,1,1.907,31551,68581,0
0.9167,-0.7219,-71.798,-0.031,-4.245,4.761,0.0,1,1.995,32672,61656,0
0.9333,-0.7907,-73.993,-0.029,-3.976,3.730,0.0,1,2.077,37878,53884,0
0.9500,-0.8535,-75.783,-0.010,-3.544,2.828,0.0,1,2.153,43483,43571,0
0.9667,-0.9080,-77.244,-0.001,-2.987,2.092,0.0,1,2.218,46268,35150,0
0.9833,-0.9526,-78.501,0.005,-2.359,1.517,0.0,1,2.268,47325,26582,0
1.0000,-0.9863,-79.639,0.017,-1.681,1.118,0.0,1,2.304,47955,17332,0
1.0167,-1.0084,-80.591,0.036,-0.973,0.859,0.0,1,2.328,48453,11490,0
1.0333,-1.0185,-81.334,0.047,-0.251,0.675,0.0,1,2.342,48702,8689,0
1.0500,-1.0166,-81.856,0.056,0.479,0.533,0.0,1,2.342,48740,6619,0
1.0667,-1.0025,-82.140,0.066,1.207,0.425,0.0,1,2.329,48615,5536,0
1.0833,-0.9764,-82.184,0.069,1.911,0.324,0.0,1,2.301,48285,5947,0
1.1000,-0.9389,-81.995,0.070,2.568,0.223,0.0,1,2.263,47633,6184,0
1.1167,-0.8910,-81.613,0.069,3.162,0.141,0.0,1,2.215,46635,5608,0
1.1333,-0.8338,-81.074,0.069,3.684,0.081,0.0,1,2.157,45035,5665,0
1.1500,-0.7687,-80.410,0.070,4.117,0.030,0.0,1,2.090,42300,6493,0
1.1667,-0.6972,-79.629,0.073,4.435,0.041,0.0,1,2.014,37053,7317,0
1.1833,-0.6216,-78.705,0.074,4.616,0.092,0.0,1,1.935,31833,8015,0
1.2000,-0.5438,-77.638,0.073,4.717,0.144,0.0,1,1.853,30031,8653,0
1.2167,-0.4645,-76.472,0.072,4.789,0.190,0.0,1,1.771,28826,8914,0
1.2333,-0.3844,-75.257,0.064,4.818,0.230,0.0,1,1.685,25249,8929,0
1.2500,-0.3043,-74.011,0.050,4.777,0.256,0.0,1,1.597,19837,8221,0
1.2667,-0.2256,-72.733,0.036,4.652,0.255,0.0,1,1.510,14575,6531,0
1.2833,-0.1493,-71.430,0.020,4.505,0.221,0.0,1,1.427,12606,4842,0
1.3000,-0.0755,-70.139,0.002,4.352,0.161,0.0,1,1.346,10947,3731,0
1.3167,-0.0043,-68.875,-0.012,4.205,0.099,0.0,1,1.267,10136,3559,0
1.3333,0.0646,-67.651,-0.023,4.061,0.045,0.0,1,1.188,9331,3443,0
1.3500,0.1311,-66.467,-0.035,3.922,0.021,0.0,1,1.110,8555,3352,0
1.3667,0.1953,-65.280,-0.047,3.773,0.063,0.0,1,1.036,7102,3193,0
1.3833,0.2569,-64.065,-0.057,3.618,0.108,0.0,1,0.964,6249,3019,0
1.4000,0.3158,-62.843,-0.068,3.460,0.150,0.0,1,0.894,5384,2762,0
1.4167,0.3722,-61.624,-0.082,3.303,0.187,0.0,1,0.825,4759,2422,0
1.4333,0.4259,-60.396,-0.097,3.146,0.221,0.0,1,0.758,3995,2140,0
1.4500,0.4770,-59.157,-0.115,2.989,0.252,0.0,1,0.694,3401,1742,0
1.4667,0.5255,-57.929,-0.133,2.835,0.275,0.0,1,0.633,2578,1284,0
1.4833,0.5715,-56.737,-0.152,2.677,0.290,0.0,1,0.574,1526,899,0
1.5000,0.6147,-55.591,-0.171,2.515,0.300,0.0,1,0.517,975,619,0
1.5167,0.6553,-54.469,-0.188,2.355,0.305,0.0,1,0.460,917,443,0
1.5333,0.6932,-53.338,-0.201,2.199,0.308,0.0,1,0.407,916,317,0
1.5500,0.7286,-52.189,-0.215,2.046,0.310,0.0,1,0.357,783,214,0
1.5667,0.7614,-51.031,-0.228,1.889,0.310,0.0,1,0.310,426,144,0
1.5833,0.7915,-49.877,-0.241,1.728,0.309,0.0,1,0.264,61,101,0
1.6000,0.8189,-48.737,-0.254,1.563,0.308,0.0,1,0.220,0,72,0
1.6167,0.8436,-47.619,-0.267,1.399,0.307,0.0,1,0.180,0,55,0
1.6333,0.8655,-46.528,-0.281,1.235,0.306,0.0,1,0.142,0,49,0
1.6500,0.8847,-45.468,-0.297,1.072,0.305,0.0,1,0.107,0,49,0
1.6667,0.9012,-44.437,-0.315,0.909,0.304,0.0,1,0.073,0,47,0
1.6833,0.9150,-43.418,-0.332,0.746,0.304,0.0,1,0.042,0,44,0
1.7000,0.9261,-42.386,-0.346,0.584,0.303,0.0,1,0.013,0,40,0
1.7167,0.9344,-41.329,-0.356,0.421,0.303,0.0,1,-0.012,0,37,0
1.7333,0.9401,-40.266,-0.366,0.259,0.303,0.0,1,-0.034,0,34,0
1.7500,0.9431,-39.227,-0.378,0.097,0.303,0.0,1,-0.054,0,34,0
1.7667,0.9433,-38.227,-0.390,-0.065,0.303,0.0,1,-0.071,0,34,0
1.7833,0.9409,-37.254,-0.401,-0.227,0.303,0.0,1,-0.087,0,33,0
1.8000,0.9357,-36.300,-0.412,-0.388,0.304,0.0,1,-0.099,0,32,0
1.8167,0.9279,-35.361,-0.424,-0.550,0.304,0.0,1,-0.109,0,35,0
1.8333,0.9174,-34.428,-0.437,-0.711,0.304,0.0,1,-0.116,0,48,0
1.8500,0.9042,-33.491,-0.451,-0.871,0.305,0.0,1,-0.121,0,74,0
1.8667,0.8884,-32.542,-0.465,-1.030,0.307,0.0,1,-0.122,0,124,0
1.8833,0.8699,-31.590,-0.477,-1.186,0.310,0.0,1,-0.121,0,216,0
1.9000,0.8488,-30.649,-0.486,-1.337,0.316,0.0,1,-0.117,0,368,0
1.9167,0.8253,-29.735,-0.493,-1.481,0.325,0.0,1,-0.111,0,604,0
1.9333,0.7995,-28.850,-0.500,-1.614,0.340,0.0,1,-0.103,0,968,0
1.9500,0.7716,-27.977,-0.504,-1.728,0.364,0.0,1,-0.094,0,1450,0
1.9667,0.7420,-27.090,-0.506,-1.820,0.397,0.0,1,-0.083,0,1983,0
1.9833,0.7111,-26.170,-0.505,-1.886,0.440,0.0,1,-0.071,5,2609,0
2.0000,0.6793,-25.212,-0.500,-1.915,0.497,0.0,1,-0.059,0,3391,0
2.0167,0.6475,-24.216,-0.490,-1.902,0.569,0.0,1,-0.047,12,4174,0
2.0333,0.6162,-23.176,-0.479,-1.847,0.651,0.0,1,-0.037,311,4690,0
2.0500,0.5861,-22.090,-0.472,-1.758,0.739,0.0,1,-0.029,577,4959,0
2.0667,0.5577,-20.969,-0.464,-1.660,0.823,0.0,1,-0.023,771,2952,0
2.0833,0.5305,-19.848,-0.432,-1.607,0.884,0.0,1,-0.020,945,3801,0
2.1000,0.5028,-18.738,-0.486,-1.695,0.895,0.0,1,-0.016,1181,1585,0
2.1167,0.4744,-17.653,-0.565,-1.693,0.933,0.0,1,-0.011,1490,3072,0
2.1333,0.4470,-16.572,-0.495,-1.593,0.996,0.0,1,-0.006,1809,4293,0
2.1500,0.4217,-15.481,-0.408,-1.424,1.076,0.0,1,-0.002,2105,4836,0
2.1667,0.3997,-14.426,-0.403,-1.215,1.161,0.0,1,0.000,2451,4905,0
2.1833,0.3813,-13.478,-0.390,-0.995,1.243,0.0,1,0.000,2763,4661,0
2.2000,0.3665,-12.679,-0.343,-0.820,1.308,0.0,1,-0.002,3010,2678,0
2.2167,0.3534,-12.039,-0.318,-0.795,1.334,0.0,1,-0.006,3247,823,0
2.2333,0.3401,-11.557,-0.303,-0.790,1.356,0.0,1,-0.010,3649,1925,0
2.2500,0.3273,-11.109,-0.243,-0.735,1.388,0.0,1,-0.013,4072,2312,0
2.2667,0.3157,-10.586,-0.162,-0.668,1.422,0.0,1,-0.014,4404,1927,0
2.2833,0.3049,-9.988,-0.138,-0.636,1.444,0.0,1,-0.013,4709,1348,0
2.3000,0.2944,-9.450,-0.113,-0.614,1.463,0.0,1,-0.011,5001,1312,0
2.3167,0.2845,-9.014,-0.047,-0.571,1.485,0.0,1,-0.007,5301,1577,0
2.3333,0.2755,-8.729,0.016,-0.504,1.510,0.0,1,-0.004,5610,1747,0
2.3500,0.2678,-8.621,0.041,-0.421,1.538,0.0,1,-0.001,5969,1722,0
2.3667,0.2614,-8.589,0.065,-0.358,1.559,0.0,1,0.003,6311,1164,0
2.3833,0.2556,-8.632,0.122,-0.345,1.567,0.0,1,0.006,6554,373,0
2.4000,0.2497,-8.709,0.185,-0.364,1.567,0.0,1,0.010,6754,274,0
2.4167,0.2435,-8.767,0.223,-0.382,1.567,0.0,1,0.015,6951,251,0
2.4333,0.2370,-8.795,0.253,-0.396,1.567,0.0,1,0.021,7170,243,0
2.4500,0.2303,-8.806,0.297,-0.408,1.566,0.0,1,0.029,7357,219,0
2.4667,0.2234,-8.799,0.349,-0.422,1.564,0.0,1,0.038,7529,138,0
2.4833,0.2163,-8.799,0.396,-0.435,1.562,0.0,1,0.048,7725,130,0
2.5000,0.2089,-8.831,0.444,-0.444,1.560,0.0,1,0.058,7912,126,0
2.5167,0.2015,-8.923,0.487,-0.449,1.558,0.0,1,0.067,8082,131,0
2.5333,0.1940,-9.081,0.516,-0.452,1.556,0.0,1,0.076,8241,137,0
2.5500,0.1864,-9.282,0.545,-0.451,1.553,0.0,1,0.085,8412,128,0
2.5667,0.1790,-9.498,0.597,-0.447,1.551,0.0,1,0.095,8596,122,0
2.5833,0.1716,-9.706,0.654,-0.439,1.549,0.0,1,0.106,8770,121,0
2.6000,0.1643,-9.891,0.688,-0.429,1.547,0.0,1,0.118,8926,114,0
2.6167,0.1573,-10.049,0.710,-0.417,1.545,0.0,1,0.131,9065,106,0
2.6333,0.1504,-10.217,0.742,-0.402,1.544,0.0,1,0.145,9179,104,0
2.6500,0.1439,-10.437,0.789,-0.386,1.542,0.0,1,0.158,9270,105,0
2.6667,0.1376,-10.728,0.836,-0.368,1.540,0.0,1,0.171,9358,101,0
2.6833,0.1316,-11.097,0.872,-0.348,1.538,0.0,1,0.183,9469,97,0
2.7000,0.1260,-11.519,0.898,-0.326,1.536,0.0,1,0.194,9592,98,0
2.7167,0.1208,-11.952,0.924,-0.302,1.535,0.0,1,0.206,9692,101,0
2.7333,0.1160,-12.356,0.957,-0.277,1.533,0.0,1,0.219,9748,95,0
2.7500,0.1115,-12.709,0.996,-0.252,1.531,0.0,1,0.233,9750,84,0
2.7667,0.1075,-13.034,1.033,-0.228,1.529,0.0,1,0.247,9699,82,0
2.7833,0.1039,-13.380,1.061,-0.205,1.528,0.0,1,0.261,9611,86,0
2.8000,0.1007,-13.786,1.083,-0.184,1.526,0.0,1,0.274,9517,87,0
2.8167,0.0978,-14.265,1.111,-0.165,1.524,0.0,1,0.287,9446,85,0
2.8333,0.0952,-14.799,1.149,-0.147,1.523,0.0,1,0.298,9391,84,0
2.8500,0.0929,-15.352,1.184,-0.130,1.521,0.0,1,0.310,9332,85,0
2.8667,0.0909,-15.878,1.209,-0.114,1.519,0.0,1,0.321,9263,82,0
2.8833,0.0891,-16.353,1.230,-0.100,1.518,0.0,1,0.334,9188,79,0
2.9000,0.0875,-16.784,1.257,-0.087,1.516,0.0,1,0.346,9110,78,0
2.9167,0.0862,-17.203,1.285,-0.077,1.515,0.0,1,0.359,9026,79,0
2.9333,0.0850,-17.649,1.312,-0.067,1.513,0.0,1,0.372,8948,77,0
2.9500,0.0839,-18.143,1.335,-0.059,1.511,0.0,1,0.384,8888,76,0
2.9667,0.0830,-18.685,1.357,-0.052,1.510,0.0,1,0.395,8844,79,0
2.9833,0.0822,-19.254,1.381,-0.046,1.508,0.0,1,0.406,8799,82,0
3.0000,0.0814,-19.812,1.408,-0.041,1.506,0.0,1,0.416,8747,80,0
3.0167,0.0808,-20.332,1.434,-0.037,1.505,0.0,1,0.427,8689,75,0
3.0333,0.0802,-20.810,1.456,-0.034,1.503,0.0,1,0.438,8628,76,0
3.0500,0.0797,-21.264,1.475,-0.032,1.501,0.0,1,0.450,8572,78,0
3.0667,0.0791,-21.715,1.497,-0.031,1.500,0.0,1,0.462,8533,78,0
3.0833,0.0786,-22.179,1.521,-0.031,1.498,0.0,1,0.473,8508,76,0
3.1000,0.0781,-22.669,1.543,-0.031,1.496,0.0,1,0.484,8489,76,0
3.1167,0.0776,-23.182,1.559,-0.032,1.494,0.0,1,0.494,8467,79,0
3.1333,0.0770,-23.704,1.574,-0.033,1.493,0.0,1,0.504,8438,80,0
3.1500,0.0765,-24.216,1.593,-0.034,1.491,0.0,1,0.513,8406,78,0
3.1667,0.0759,-24.704,1.616,-0.037,1.489,0.0,1,0.523,8371,78,0
3.1833,0.0752,-25.164,1.637,-0.040,1.487,0.0,1,0.534,8334,79,0
3.2000,0.0746,-25.599,1.655,-0.043,1.485,0.0,1,0.544,8297,78,0
3.2167,0.0738,-26.021,1.669,-0.048,1.484,0.0,1,0.555,8263,77,0
3.2333,0.0730,-26.445,1.687,-0.052,1.482,0.0,1,0.565,8230,79,0
3.2500,0.0720,-26.882,1.708,-0.058,1.480,0.0,1,0.575,8197,81,0
3.2667,0.0710,-27.336,1.727,-0.064,1.478,0.0,1,0.584,8166,81,0
3.2833,0.0699,-27.801,1.742,-0.071,1.476,0.0,1,0.593,8143,80,0
3.3000,0.0687,-28.263,1.752,-0.078,1.475,0.0,1,0.603,8126,81,0
3.3167,0.0673,-28.705,1.764,-0.085,1.473,0.0,1,0.612,8113,82,0
3.3333,0.0658,-29.115,1.780,-0.092,1.471,0.0,1,0.621,8099,82,0
3.3500,0.0642,-29.490,1.799,-0.100,1.469,0.0,1,0.631,8085,80,0
3.3667,0.0625,-29.842,1.815,-0.108,1.467,0.0,1,0.641,8074,81,0
3.3833,0.0607,-30.195,1.828,-0.116,1.465,0.0,1,0.651,8072,83,0
3.4000,0.0587,-30.566,1.841,-0.124,1.463,0.0,1,0.660,8082,84,0
3.4167,0.0565,-30.958,1.857,-0.131,1.461,0.0,1,0.669,8110,84,0
3.4333,0.0543,-31.362,1.875,-0.138,1.459,0.0,1,0.678,8152,84,0
3.4500,0.0519,-31.756,1.889,-0.143,1.457,0.0,1,0.686,8205,85,0
3.4667,0.0495,-32.120,1.900,-0.148,1.455,0.0,1,0.695,8265,85,0
3.4833,0.0470,-32.443,1.910,-0.151,1.453,0.0,1,0.704,8333,85,0
3.5000,0.0445,-32.731,1.922,-0.154,1.451,0.0,1,0.713,8405,86,0
3.5167,0.0419,-33.003,1.937,-0.154,1.449,0.0,1,0.722,8480,87,0
3.5333,0.0393,-33.281,1.952,-0.153,1.447,0.0,1,0.731,8556,87,0
3.5500,0.0368,-33.577,1.964,-0.151,1.445,0.0,1,0.738,8633,88,0
3.5667,0.0343,-33.889,1.976,-0.147,1.443,0.0,1,0.746,8707,90,0
3.5833,0.0319,-34.200,1.990,-0.142,1.441,0.0,1,0.753,8777,92,0
3.6000,0.0296,-34.487,2.006,-0.136,1.439,0.0,1,0.759,8840,92,0
3.6167,0.0274,-34.734,2.020,-0.128,1.437,0.0,1,0.766,8897,93,0
3.6333,0.0253,-34.943,2.033,-0.120,1.435,0.0,1,0.772,8947,95,0
3.6500,0.0234,-35.126,2.044,-0.110,1.433,0.0,1,0.779,8990,99,0
3.6667,0.0216,-35.302,2.056,-0.100,1.431,0.0,1,0.784,9027,103,0
3.6833,0.0201,-35.483,2.069,-0.089,1.428,0.0,1,0.789,9058,106,0
3.7000,0.0187,-35.674,2.083,-0.078,1.426,0.0,1,0.794,9083,110,0
3.7167,0.0175,-35.868,2.095,-0.066,1.424,0.0,1,0.798,9101,115,0
3.7333,0.0165,-36.049,2.108,-0.054,1.421,0.0,1,0.801,9114,118,0
3.7500,0.0157,-36.204,2.123,-0.042,1.418,0.0,1,0.804,9122,121,0
3.7667,0.0151,-36.327,2.139,-0.030,1.416,0.0,1,0.807,9126,123,0
3.7833,0.0147,-36.423,2.155,-0.018,1.413,0.0,1,0.809,9127,125,0
3.8000,0.0145,-36.500,2.170,-0.005,1.410,0.0,1,0.812,9126,127,0
3.8167,0.0145,-36.570,2.183,0.007,1.408,0.0,1,0.813,9123,130,0
3.8333,0.0147,-36.641,2.197,0.019,1.405,0.0,1,0.815,9120,134,0
3.8500,0.0151,-36.714,2.213,0.031,1.402,0.0,1,0.815,9114,137,0
3.8667,0.0157,-36.783,2.228,0.043,1.399,0.0,1,0.815,9106,138,0
3.8833,0.0165,-36.841,2.242,0.054,1.396,0.0,1,0.815,9097,139,0
3.9000,0.0175,-36.881,2.256,0.066,1.393,0.0,1,0.814,9086,140,0
3.9167,0.0187,-36.899,2.272,0.077,1.390,0.0,1,0.813,9075,140,0
3.9333,0.0201,-36.894,2.291,0.088,1.387,0.0,1,0.812,9063,139,0
3.9500,0.0217,-36.870,2.311,0.098,1.385,0.0,1,0.810,9050,138,0
3.9667,0.0234,-36.834,2.329,0.109,1.382,0.0,1,0.808,9035,139,0
3.9833,0.0253,-36.795,2.346,0.119,1.379,0.0,1,0.806,9018,139,0
4.0000,0.0274,-36.758,2.363,0.129,1.376,0.0,1,0.803,8998,139,0
4.0167,0.0296,-36.722,2.382,0.139,1.373,0.0,1,0.799,8974,137,0
4.0333,0.0320,-36.680,2.401,0.148,1.370,0.0,1,0.796,8946,135,0
4.0500,0.0345,-36.625,2.419,0.156,1.367,0.0,1,0.792,8915,132,0
4.0667,0.0372,-36.548,2.436,0.164,1.365,0.0,1,0.787,8879,128,0
4.0833,0.0400,-36.446,2.454,0.171,1.362,0.0,1,0.783,8839,125,0
4.1000,0.0429,-36.324,2.474,0.178,1.359,0.0,1,0.778,8794,123,0
4.1167,0.0459,-36.193,2.496,0.183,1.357,0.0,1,0.773,8743,121,0
4.1333,0.0490,-36.063,2.517,0.188,1.354,0.0,1,0.768,8685,119,0
4.1500,0.0521,-35.940,2.537,0.191,1.352,0.0,1,0.762,8621,117,0
4.1667,0.0553,-35.823,2.557,0.193,1.350,0.0,1,0.756,8551,116,0
4.1833,0.0586,-35.702,2.578,0.194,1.347,0.0,1,0.750,8477,115,0
4.2000,0.0618,-35.565,2.599,0.194,1.345,0.0,1,0.744,8401,113,0
4.2167,0.0650,-35.406,2.620,0.192,1.342,0.0,1,0.738,8322,112,0
4.2333,0.0682,-35.226,2.639,0.188,1.340,0.0,1,0.732,8243,112,0
4.2500,0.0713,-35.033,2.658,0.183,1.338,0.0,1,0.726,8162,113,0
4.2667,0.0743,-34.841,2.679,0.177,1.335,0.0,1,0.719,8080,113,0
4.2833,0.0772,-34.657,2.700,0.169,1.333,0.0,1,0.713,7999,113,0
4.3000,0.0799,-34.483,2.721,0.160,1.331,0.0,1,0.707,7919,114,0
4.3167,0.0825,-34.313,2.743,0.149,1.329,0.0,1,0.700,7843,114,0
4.3333,0.0849,-34.138,2.763,0.136,1.326,0.0,1,0.694,7770,114,0
4.3500,0.0870,-33.947,2.785,0.123,1.324,0.0,1,0.688,7702,113,0
4.3667,0.0889,-33.740,2.806,0.108,1.322,0.0,1,0.682,7640,113,0
4.3833,0.0906,-33.521,2.827,0.093,1.319,0.0,1,0.677,7585,112,0
4.4000,0.0920,-33.299,2.847,0.076,1.317,0.0,1,0.672,7538,114,0
4.4167,0.0931,-33.081,2.867,0.059,1.315,0.0,1,0.667,7498,121,0
4.4333,0.0940,-32.873,2.887,0.041,1.313,0.0,1,0.662,7465,131,0
4.4500,0.0945,-32.673,2.907,0.023,1.311,0.0,1,0.657,7437,141,0
4.4667,0.0948,-32.473,2.928,0.005,1.310,0.0,1,0.652,7414,150,0
4.4833,0.0947,-32.268,2.949,-0.013,1.308,0.0,1,0.648,7396,158,0
4.5000,0.0943,-32.053,2.970,-0.031,1.307,0.0,1,0.644,7383,166,0
4.5167,0.0937,-31.828,2.992,-0.049,1.306,0.0,1,0.641,7376,177,0
4.5333,0.0927,-31.598,3.014,-0.066,1.305,0.0,1,0.637,7375,192,0
4.5500,0.0915,-31.367,3.036,-0.083,1.305,0.0,1,0.634,7378,210,0
4.5667,0.0899,-31.140,3.057,-0.099,1.305,0.0,1,0.632,7387,230,0
4.5833,0.0882,-30.919,3.078,-0.114,1.305,0.0,1,0.629,7400,252,0
4.6000,0.0861,-30.704,3.099,-0.131,1.304,0.0,1,0.627,7418,188,0
4.6167,0.0838,-30.492,3.122,-0.147,1.303,0.0,1,0.624,7443,200,0
4.6333,0.0812,-30.278,3.145,-0.162,1.303,0.0,1,0.622,7475,212,0
4.6500,0.0784,-30.060,3.168,-0.176,1.302,0.0,1,0.621,7514,225,0
4.6667,0.0754,-29.834,3.191,-0.189,1.302,0.0,1,0.619,7561,236,0
4.6833,0.0721,-29.602,3.215,-0.200,1.302,0.0,1,0.618,7618,247,0
4.7000,0.0687,-29.369,3.241,-0.210,1.303,0.0,1,0.617,7685,259,0
4.7167,0.0652,-29.139,3.268,-0.217,1.303,0.0,1,0.616,7761,273,0
4.7333,0.0615,-28.918,3.293,-0.223,1.304,0.0,1,0.616,7844,290,0
4.7500,0.0577,-28.707,3.319,-0.227,1.305,0.0,1,0.615,7935,307,0
4.7667,0.0539,-28.504,3.345,-0.228,1.307,0.0,1,0.614,8030,319,0
4.7833,0.0501,-28.305,3.371,-0.227,1.308,0.0,1,0.614,8128,324,0
4.8000,0.0464,-28.104,3.398,-0.224,1.310,0.0,1,0.613,8224,322,0
4.8167,0.0427,-27.900,3.425,-0.223,1.310,0.0,1,0.613,8318,138,0
4.8333,0.0390,-27.695,3.450,-0.223,1.308,0.0,1,0.613,8409,143,0
4.8500,0.0352,-27.495,3.477,-0.221,1.306,0.0,1,0.612,8495,149,0
4.8667,0.0316,-27.300,3.504,-0.218,1.304,0.0,1,0.612,8576,155,0
4.8833,0.0280,-27.112,3.533,-0.212,1.303,0.0,1,0.612,8652,160,0
4.9000,0.0245,-26.933,3.561,-0.206,1.301,0.0,1,0.611,8720,165,0
4.9167,0.0212,-26.761,3.588,-0.198,1.300,0.0,1,0.611,8780,169,0
4.9333,0.0179,-26.593,3.614,-0.189,1.299,0.0,1,0.610,8837,171,0
4.9500,0.0149,-26.427,3.641,-0.178,1.298,0.0,1,0.610,8889,170,0
4.9667,0.0120,-26.262,3.670,-0.167,1.297,0.0,1,0.609,8939,167,0
4.9833,0.0093,-26.099,3.698,-0.155,1.295,0.0,1,0.609,8985,163,0
5.0000,0.0068,-25.941,3.724,-0.142,1.294,0.0,1,0.608,9029,159,0
5.0167,0.0046,-25.792,3.751,-0.129,1.293,0.0,1,0.607,9071,157,0
5.0333,0.0025,-25.655,3.780,-0.115,1.292,0.0,1,0.606,9112,154,0
5.0500,0.0008,-25.528,3.810,-0.100,1.290,0.0,1,0.605,9151,150,0
5.0667,-0.0008,-25.409,3.840,-0.085,1.289,0.0,1,0.604,9186,145,0
5.0833,-0.0021,-25.294,3.868,-0.069,1.288,0.0,1,0.603,9218,137,0
5.1000,-0.0031,-25.180,3.897,-0.053,1.286,0.0,1,0.601,9246,129,0
5.1167,-0.0038,-25.068,3.927,-0.037,1.284,0.0,1,0.599,9268,121,0
5.1333,-0.0043,-24.960,3.957,-0.020,1.283,0.0,1,0.598,9285,115,0
5.1500,-0.0045,-24.860,3.987,-0.004,1.281,0.0,1,0.596,9297,111,0
5.1667,-0.0044,-24.770,4.016,0.013,1.279,0.0,1,0.594,9305,107,0
5.1833,-0.0040,-24.692,4.045,0.029,1.277,0.0,1,0.592,9309,104,0
5.2000,-0.0034,-24.624,4.075,0.046,1.275,0.0,1,0.589,9307,101,0
5.2167,-0.0025,-24.561,4.106,0.062,1.273,0.0,1,0.587,9301,98,0
5.2333,-0.0013,-24.500,4.138,0.078,1.271,0.0,1,0.584,9288,98,0
5.2500,0.0001,-24.441,4.168,0.094,1.269,0.0,1,0.581,9268,97,0
5.2667,0.0018,-24.386,4.198,0.109,1.268,0.0,1,0.578,9242,96,0
5.2833,0.0037,-24.336,4.230,0.123,1.266,0.0,1,0.575,9211,95,0
5.3000,0.0059,-24.294,4.262,0.137,1.264,0.0,1,0.572,9177,94,0
5.3167,0.0083,-24.263,4.295,0.151,1.262,0.0,1,0.569,9139,94,0
5.3333,0.0109,-24.239,4.326,0.163,1.260,0.0,1,0.566,9098,93,0
5.3500,0.0137,-24.222,4.357,0.175,1.258,0.0,1,0.562,9054,92,0
5.3667,0.0167,-24.209,4.389,0.185,1.256,0.0,1,0.558,9006,91,0
5.3833,0.0199,-24.198,4.422,0.195,1.255,0.0,1,0.555,8956,91,0
5.4000,0.0232,-24.189,4.456,0.204,1.253,0.0,1,0.551,8902,90,0
5.4167,0.0267,-24.182,4.489,0.211,1.251,0.0,1,0.547,8845,89,0
5.4333,0.0303,-24.180,4.522,0.218,1.249,0.0,1,0.544,8783,88,0
5.4500,0.0339,-24.183,4.555,0.223,1.247,0.0,1,0.540,8717,88,0
5.4667,0.0377,-24.192,4.590,0.227,1.246,0.0,1,0.536,8648,87,0
5.4833,0.0415,-24.206,4.625,0.230,1.244,0.0,1,0.532,8576,87,0
5.5000,0.0454,-24.223,4.660,0.231,1.242,0.0,1,0.529,8501,86,0
5.5167,0.0492,-24.243,4.693,0.231,1.240,0.0,1,0.525,8424,86,0
5.5333,0.0531,-24.263,4.727,0.229,1.239,0.0,1,0.521,8343,85,0
5.5500,0.0568,-24.284,4.762,0.226,1.237,0.0,1,0.518,8260,84,0
5.5667,0.0606,-24.306,4.796,0.221,1.235,0.0,1,0.514,8175,84,0
5.5833,0.0642,-24.328,4.830,0.215,1.234,0.0,1,0.511,8088,83,0
5.6000,0.0677,-24.353,4.864,0.207,1.232,0.0,1,0.508,8001,83,0
5.6167,0.0711,-24.380,4.898,0.197,1.230,0.0,1,0.505,7916,82,0
5.6333,0.0743,-24.411,4.932,0.186,1.229,0.0,1,0.502,7835,82,0
5.6500,0.0773,-24.444,4.966,0.173,1.227,0.0,1,0.499,7756,81,0
5.6667,0.0801,-24.478,4.999,0.159,1.225,0.0,1,0.497,7682,81,0
5.6833,0.0826,-24.510,5.032,0.144,1.224,0.0,1,0.495,7613,80,0
5.7000,0.0848,-24.541,5.064,0.127,1.222,0.0,1,0.493,7550,80,0
5.7167,0.0868,-24.570,5.096,0.109,1.220,0.0,1,0.491,7493,79,0
5.7333,0.0885,-24.599,5.129,0.091,1.219,0.0,1,0.490,7443,79,0
5.7500,0.0898,-24.628,5.160,0.071,1.217,0.0,1,0.489,7402,78,0
5.7667,0.0908,-24.660,5.191,0.051,1.216,0.0,1,0.489,7369,78,0
5.7833,0.0915,-24.695,5.222,0.030,1.214,0.0,1,0.489,7345,78,0
5.8000,0.0918,-24.731,5.253,0.009,1.213,0.0,1,0.489,7330,78,0
5.8167,0.0918,-24.765,5.284,-0.012,1.211,0.0,1,0.489,7324,78,0
5.8333,0.0914,-24.798,5.315,-0.033,1.210,0.0,1,0.490,7327,77,0
5.8500,0.0907,-24.827,5.345,-0.054,1.208,0.0,1,0.491,7337,77,0
5.8667,0.0896,-24.855,5.375,-0.075,1.206,0.0,1,0.493,7356,78,0
5.8833,0.0882,-24.883,5.405,-0.095,1.205,0.0,1,0.495,7382,78,0
5.9000,0.0864,-24.913,5.434,-0.115,1.203,0.0,1,0.497,7417,80,0
5.9167,0.0844,-24.946,5.463,-0.133,1.202,0.0,1,0.500,7460,82,0
5.9333,0.0820,-24.980,5.492,-0.151,1.200,0.0,1,0.503,7510,83,0
5.9500,0.0793,-25.015,5.520,-0.168,1.199,0.0,1,0.506,7567,85,0
5.9667,0.0764,-25.049,5.548,-0.183,1.198,0.0,1,0.509,7628,88,0
5.9833,0.0732,-25.081,5.576,-0.198,1.196,0.0,1,0.513,7692,90,0
6.0000,0.0698,-25.111,5.604,-0.211,1.195,0.0,1,0.517,7760,92,0
6.0167,0.0662,-25.142,5.632,-0.222,1.193,0.0,1,0.521,7829,94,0
6.0333,0.0624,-25.175,5.660,-0.232,1.192,0.0,1,0.525,7898,97,0
6.0500,0.0585,-25.211,5.687,-0.241,1.191,0.0,1,0.530,7970,103,0
6.0667,0.0544,-25.250,5.715,-0.249,1.189,0.0,1,0.535,8044,105,0
6.0833,0.0502,-25.291,5.743,-0.254,1.188,0.0,1,0.539,8118,107,0
6.1000,0.0459,-25.334,5.771,-0.259,1.187,0.0,1,0.544,8190,109,0
6.1167,0.0416,-25.377,5.798,-0.262,1.185,0.0,1,0.549,8260,110,0
6.1333,0.0372,-25.421,5.826,-0.264,1.184,0.0,1,0.555,8329,111,0
6.1500,0.0328,-25.466,5.855,-0.264,1.183,0.0,1,0.560,8400,111,0
6.1667,0.0284,-25.514,5.884,-0.263,1.182,0.0,1,0.565,8472,111,0
6.1833,0.0240,-25.565,5.913,-0.261,1.180,0.0,1,0.570,8547,110,0
6.2000,0.0197,-25.620,5.943,-0.257,1.179,0.0,1,0.576,8623,109,0
6.2167,0.0155,-25.678,5.973,-0.252,1.178,0.0,1,0.581,8700,107,0
6.2333,0.0113,-25.740,6.003,-0.246,1.177,0.0,1,0.586,8777,105,0
6.2500,0.0073,-25.806,6.034,-0.238,1.175,0.0,1,0.591,8855,102,0
6.2667,0.0034,-25.874,6.065,-0.229,1.174,0.0,1,0.596,8933,99,0
6.2833,-0.0003,-25.944,6.095,-0.218,1.173,0.0,1,0.601,9010,95,0
6.3000,-0.0039,-26.016,6.126,-0.206,1.172,0.0,1,0.606,9084,92,0
6.3167,-0.0072,-26.090,6.157,-0.193,1.170,0.0,1,0.611,9156,88,0
6.3333,-0.0103,-26.168,6.188,-0.178,1.169,0.0,1,0.616,9225,84,0
6.3500,-0.0131,-26.249,6.219,-0.163,1.167,0.0,1,0.620,9291,80,0
6.3667,-0.0157,-26.335,6.250,-0.146,1.166,0.0,1,0.624,9352,78,0
6.3833,-0.0180,-26.423,6.280,-0.128,1.165,0.0,1,0.628,9408,76,0
6.4000,-0.0200,-26.515,6.311,-0.109,1.163,0.0,1,0.631,9458,74,0
6.4167,-0.0216,-26.608,6.342,-0.089,1.162,0.0,1,0.635,9500,72,0
6.4333,-0.0229,-26.702,6.371,-0.069,1.161,0.0,1,0.638,9534,70,0
6.4500,-0.0239,-26.797,6.401,-0.048,1.159,0.0,1,0.641,9559,69,0
6.4667,-0.0245,-26.894,6.430,-0.027,1.158,0.0,1,0.643,9575,68,0
6.4833,-0.0248,-26.992,6.458,-0.006,1.156,0.0,1,0.645,9580,68,0
6.5000,-0.0247,-27.093,6.487,0.015,1.155,0.0,1,0.647,9576,67,0
6.5167,-0.0243,-27.197,6.515,0.036,1.154,0.0,1,0.648,9562,67,0
6.5333,-0.0235,-27.303,6.542,0.057,1.152,0.0,1,0.649,9538,67,0
6.5500,-0.0224,-27.409,6.570,0.077,1.151,0.0,1,0.650,9506,67,0
6.5667,-0.0209,-27.515,6.597,0.096,1.149,0.0,1,0.651,9464,67,0
6.5833,-0.0192,-27.619,6.624,0.115,1.148,0.0,1,0.651,9415,66,0
6.6000,-0.0171,-27.723,6.651,0.132,1.147,0.0,1,0.651,9357,66,0
6.6167,-0.0148,-27.827,6.677,0.148,1.145,0.0,1,0.650,9292,66,0
6.6333,-0.0122,-27.931,6.703,0.163,1.144,0.0,1,0.650,9220,66,0
6.6500,-0.0094,-28.036,6.728,0.176,1.142,0.0,1,0.649,9141,66,0
6.6667,-0.0063,-28.142,6.753,0.188,1.141,0.0,1,0.648,9058,66,0
6.6833,-0.0031,-28.247,6.778,0.199,1.140,0.0,1,0.646,8972,66,0
6.7000,0.0003,-28.351,6.803,0.207,1.138,0.0,1,0.645,8884,66,0
6.7167,0.0038,-28.453,6.828,0.214,1.137,0.0,1,0.643,8796,66,0
6.7333,0.0074,-28.552,6.852,0.219,1.135,0.0,1,0.641,8708,66,0
6.7500,0.0111,-28.649,6.877,0.223,1.134,0.0,1,0.640,8620,66,0
6.7667,0.0148,-28.745,6.901,0.225,1.133,0.0,1,0.638,8532,66,0
6.7833,0.0186,-28.839,6.925,0.225,1.131,0.0,1,0.636,8442,66,0
6.8000,0.0223,-28.933,6.949,0.223,1.130,0.0,1,0.634,8351,66,0
6.8167,0.0260,-29.026,6.973,0.220,1.128,0.0,1,0.632,8259,66,0
6.8333,0.0296,-29.117,6.996,0.215,1.127,0.0,1,0.629,8169,65,0
6.8500,0.0332,-29.205,7.020,0.209,1.126,0.0,1,0.628,8081,65,0
6.8667,0.0366,-29.290,7.042,0.200,1.124,0.0,1,0.626,7998,65,0
6.8833,0.0398,-29.372,7.065,0.191,1.123,0.0,1,0.624,7919,65,0
6.9000,0.0429,-29.452,7.088,0.180,1.122,0.0,1,0.622,7846,64,0
6.9167,0.0458,-29.528,7.111,0.167,1.120,0.0,1,0.621,7780,64,0
6.9333,0.0485,-29.603,7.134,0.154,1.119,0.0,1,0.619,7721,64,0
6.9500,0.0509,-29.675,7.156,0.139,1.117,0.0,1,0.618,7669,64,0
6.9667,0.0531,-29.745,7.179,0.124,1.116,0.0,1,0.617,7623,63,0
6.9833,0.0550,-29.813,7.202,0.108,1.115,0.0,1,0.616,7581,63,0
7.0000,0.0567,-29.877,7.225,0.091,1.113,0.0,1,0.616,7544,63,0
7.0167,0.0581,-29.939,7.248,0.073,1.112,0.0,1,0.616,7512,63,0
7.0333,0.0591,-29.996,7.271,0.055,1.111,0.0,1,0.616,7486,63,0
7.0500,0.0599,-30.051,7.295,0.037,1.109,0.0,1,0.616,7466,63,0
7.0667,0.0603,-30.103,7.318,0.018,1.108,0.0,1,0.616,7453,63,0
7.0833,0.0605,-30.151,7.341,-0.001,1.107,0.0,1,0.617,7445,63,0
7.1000,0.0603,-30.198,7.365,-0.020,1.106,0.0,1,0.618,7445,63,0
7.1167,0.0598,-30.242,7.389,-0.039,1.104,0.0,1,0.619,7451,63,0
7.1333,0.0590,-30.283,7.414,-0.057,1.103,0.0,1,0.620,7464,64,0
7.1500,0.0579,-30.322,7.439,-0.075,1.102,0.0,1,0.622,7484,64,0
7.1667,0.0565,-30.357,7.464,-0.093,1.100,0.0,1,0.624,7510,66,0
7.1833,0.0548,-30.388,7.489,-0.110,1.099,0.0,1,0.626,7542,70,0
7.2000,0.0528,-30.416,7.514,-0.126,1.098,0.0,1,0.629,7581,74,0
7.2167,0.0506,-30.441,7.539,-0.142,1.097,0.0,1,0.631,7626,79,0
7.2333,0.0481,-30.464,7.565,-0.156,1.096,0.0,1,0.634,7676,85,0
7.2500,0.0454,-30.485,7.591,-0.169,1.095,0.0,1,0.637,7733,91,0
7.2667,0.0425,-30.504,7.616,-0.181,1.094,0.0,1,0.640,7795,97,0
7.2833,0.0394,-30.520,7.642,-0.192,1.093,0.0,1,0.643,7861,103,0
7.3000,0.0361,-30.534,7.668,-0.201,1.092,0.0,1,0.647,7931,109,0
7.3167,0.0327,-30.545,7.694,-0.208,1.091,0.0,1,0.650,8006,115,0
7.3333,0.0292,-30.552,7.720,-0.214,1.091,0.0,1,0.654,8085,120,0
7.3500,0.0255,-30.557,7.746,-0.219,1.090,0.0,1,0.657,8167,124,0
7.3667,0.0219,-30.560,7.772,-0.221,1.089,0.0,1,0.661,8252,128,0
7.3833,0.0182,-30.561,7.798,-0.222,1.089,0.0,1,0.665,8339,131,0
7.4000,0.0145,-30.560,7.823,-0.222,1.088,0.0,1,0.668,8427,134,0
7.4167,0.0108,-30.558,7.848,-0.219,1.088,0.0,1,0.672,8514,134,0
7.4333,0.0072,-30.553,7.873,-0.215,1.087,0.0,1,0.675,8599,134,0
7.4500,0.0036,-30.546,7.897,-0.209,1.087,0.0,1,0.678,8682,133,0
7.4667,0.0002,-30.537,7.922,-0.202,1.086,0.0,1,0.681,8761,130,0
7.4833,-0.0031,-30.525,7.945,-0.194,1.086,0.0,1,0.684,8838,127,0
7.5000,-0.0062,-30.510,7.969,-0.184,1.085,0.0,1,0.687,8911,123,0
7.5167,-0.0092,-30.494,7.993,-0.173,1.085,0.0,1,0.690,8980,119,0
7.5333,-0.0120,-30.477,8.016,-0.161,1.084,0.0,1,0.692,9046,114,0
7.5500,-0.0145,-30.457,8.039,-0.147,1.083,0.0,1,0.694,9107,108,0
7.5667,-0.0169,-30.435,8.061,-0.133,1.082,0.0,1,0.696,9164,103,0
7.5833,-0.0190,-30.412,8.084,-0.118,1.081,0.0,1,0.697,9216,97,0
7.6000,-0.0208,-30.385,8.106,-0.102,1.080,0.0,1,0.698,9262,92,0
7.6167,-0.0224,-30.356,8.128,-0.086,1.079,0.0,1,0.699,9301,87,0
7.6333,-0.0237,-30.325,8.149,-0.069,1.078,0.0,1,0.700,9333,82,0
7.6500,-0.0247,-30.292,8.171,-0.051,1.077,0.0,1,0.700,9358,78,0
7.6667,-0.0254,-30.256,8.192,-0.034,1.075,0.0,1,0.700,9375,75,0
7.6833,-0.0258,-30.219,8.213,-0.016,1.074,0.0,1,0.700,9384,73,0
7.7000,-0.0259,-30.180,8.234,0.002,1.072,0.0,1,0.699,9386,72,0
7.7167,-0.0257,-30.140,8.254,0.020,1.071,0.0,1,0.698,9379,72,0
7.7333,-0.0252,-30.097,8.274,0.037,1.070,0.0,1,0.696,9365,72,0
7.7500,-0.0244,-30.052,8.294,0.055,1.068,0.0,1,0.695,9343,72,0
7.7667,-0.0234,-30.006,8.314,0.071,1.067,0.0,1,0.692,9313,72,0
7.7833,-0.0221,-29.957,8.333,0.087,1.065,0.0,1,0.690,9276,72,0
7.8000,-0.0205,-29.907,8.352,0.102,1.064,0.0,1,0.687,9231,72,0
7.8167,-0.0187,-29.855,8.371,0.116,1.062,0.0,1,0.684,9180,72,0
7.8333,-0.0166,-29.803,8.389,0.129,1.061,0.0,1,0.681,9122,71,0
7.8500,-0.0144,-29.749,8.407,0.141,1.059,0.0,1,0.678,9059,71,0
7.8667,-0.0119,-29.693,8.425,0.152,1.058,0.0,1,0.674,8992,70,0
7.8833,-0.0093,-29.637,8.443,0.162,1.057,0.0,1,0.670,8920,70,0
7.9000,-0.0065,-29.579,8.460,0.170,1.055,0.0,1,0.666,8846,70,0
7.9167,-0.0037,-29.519,8.477,0.176,1.054,0.0,1,0.662,8770,69,0
7.9333,-0.0007,-29.458,8.494,0.181,1.052,0.0,1,0.658,8693,69,0
7.9500,0.0024,-29.396,8.510,0.185,1.051,0.0,1,0.654,8616,68,0
7.9667,0.0055,-29.333,8.527,0.187,1.050,0.0,1,0.649,8539,68,0
7.9833,0.0086,-29.270,8.543,0.188,1.048,0.0,1,0.645,8462,68,0
8.0000,0.0117,-29.206,8.559,0.187,1.047,0.0,1,0.640,8385,67,0
8.0167,0.0148,-29.141,8.574,0.185,1.045,0.0,1,0.636,8309,67,0
8.0333,0.0179,-29.076,8.590,0.182,1.044,0.0,1,0.631,8233,67,0
8.0500,0.0209,-29.010,8.606,0.177,1.043,0.0,1,0.627,8159,66,0
8.0667,0.0238,-28.943,8.621,0.170,1.041,0.0,1,0.623,8086,66,0
8.0833,0.0265,-28.875,8.637,0.163,1.040,0.0,1,0.618,8016,66,0
8.1000,0.0292,-28.808,8.652,0.154,1.039,0.0,1,0.614,7950,66,0
8.1167,0.0317,-28.740,8.668,0.144,1.037,0.0,1,0.610,7888,65,0
8.1333,0.0340,-28.672,8.684,0.132,1.036,0.0,1,0.607,7831,65,0
8.1500,0.0361,-28.605,8.699,0.120,1.035,0.0,1,0.603,7779,65,0
8.1667,0.0380,-28.537,8.715,0.107,1.034,0.0,1,0.600,7733,64,0
8.1833,0.0396,-28.470,8.730,0.093,1.032,0.0,1,0.597,7692,64,0
8.2000,0.0411,-28.403,8.746,0.079,1.031,0.0,1,0.594,7658,64,0
8.2167,0.0422,-28.335,8.762,0.064,1.030,0.0,1,0.591,7629,64,0
8.2333,0.0432,-28.268,8.778,0.048,1.028,0.0,1,0.589,7606,63,0
8.2500,0.0438,-28.201,8.795,0.032,1.027,0.0,1,0.587,7588,63,0
8.2667,0.0442,-28.134,8.811,0.016,1.026,0.0,1,0.585,7577,63,0
8.2833,0.0444,-28.069,8.828,-0.000,1.025,0.0,1,0.583,7571,65,0
8.3000,0.0442,-28.003,8.845,-0.016,1.024,0.0,1,0.582,7570,67,0
8.3167,0.0438,-27.939,8.862,-0.032,1.022,0.0,1,0.581,7575,70,0
8.3333,0.0432,-27.875,8.879,-0.048,1.021,0.0,1,0.580,7585,73,0
8.3500,0.0422,-27.812,8.896,-0.063,1.020,0.0,1,0.580,7600,78,0
8.3667,0.0411,-27.750,8.914,-0.078,1.019,0.0,1,0.580,7620,83,0
8.3833,0.0396,-27.688,8.932,-0.093,1.019,0.0,1,0.580,7646,88,0
8.4000,0.0380,-27.628,8.951,-0.106,1.018,0.0,1,0.580,7677,94,0
8.4167,0.0361,-27.570,8.969,-0.119,1.017,0.0,1,0.581,7713,101,0
8.4333,0.0340,-27.512,8.988,-0.131,1.017,0.0,1,0.582,7755,107,0
8.4500,0.0317,-27.457,9.008,-0.141,1.016,0.0,1,0.583,7803,113,0
8.4667,0.0293,-27.404,9.027,-0.151,1.016,0.0,1,0.584,7857,119,0
8.4833,0.0267,-27.352,9.047,-0.159,1.016,0.0,1,0.586,7916,125,0
8.5000,0.0240,-27.302,9.067,-0.166,1.015,0.0,1,0.587,7982,130,0
8.5167,0.0212,-27.255,9.088,-0.172,1.015,0.0,1,0.589,8052,133,0
8.5333,0.0183,-27.209,9.109,-0.176,1.015,0.0,1,0.591,8126,136,0
8.5500,0.0153,-27.167,9.129,-0.179,1.015,0.0,1,0.593,8202,138,0
8.5667,0.0123,-27.127,9.151,-0.180,1.015,0.0,1,0.595,8282,138,0
8.5833,0.0093,-27.090,9.172,-0.180,1.015,0.0,1,0.597,8362,93,0
8.6000,0.0063,-27.056,9.193,-0.180,1.014,0.0,1,0.599,8443,93,0
8.6167,0.0033,-27.026,9.215,-0.178,1.013,0.0,1,0.601,8524,93,0
8.6333,0.0004,-26.998,9.236,-0.175,1.012,0.0,1,0.604,8604,92,0
8.6500,-0.0025,-26.971,9.258,-0.170,1.011,0.0,1,0.606,8681,89,0
8.6667,-0.0053,-26.946,9.279,-0.164,1.010,0.0,1,0.608,8756,87,0
8.6833,-0.0080,-26.923,9.300,-0.157,1.009,0.0,1,0.610,8828,84,0
8.7000,-0.0105,-26.903,9.321,-0.148,1.008,0.0,1,0.612,8896,81,0
8.7167,-0.0129,-26.888,9.342,-0.138,1.007,0.0,1,0.614,8961,78,0
8.7333,-0.0151,-26.876,9.363,-0.127,1.006,0.0,1,0.616,9021,75,0
8.7500,-0.0171,-26.868,9.384,-0.115,1.005,0.0,1,0.618,9076,71,0
8.7667,-0.0190,-26.863,9.404,-0.103,1.004,0.0,1,0.620,9125,68,0
8.7833,-0.0206,-26.859,9.424,-0.089,1.003,0.0,1,0.621,9168,64,0
8.8000,-0.0219,-26.859,9.443,-0.075,1.002,0.0,1,0.622,9204,61,0
8.8167,-0.0230,-26.861,9.463,-0.060,1.001,0.0,1,0.623,9233,59,0
8.8333,-0.0239,-26.866,9.482,-0.044,1.000,0.0,1,0.624,9255,57,0
8.8500,-0.0245,-26.874,9.501,-0.029,0.998,0.0,1,0.625,9270,56,0
8.8667,-0.0249,-26.886,9.519,-0.013,0.997,0.0,1,0.625,9278,56,0
8.8833,-0.0249,-26.901,9.538,0.003,0.996,0.0,1,0.626,9278,56,0
8.9000,-0.0248,-26.919,9.556,0.018,0.995,0.0,1,0.626,9271,56,0
8.9167,-0.0243,-26.939,9.574,0.034,0.994,0.0,1,0.625,9256,55,0
8.9333,-0.0236,-26.963,9.591,0.049,0.993,0.0,1,0.625,9235,55,0
8.9500,-0.0227,-26.988,9.608,0.063,0.992,0.0,1,0.625,9206,55,0
8.9667,-0.0215,-27.016,9.625,0.077,0.991,0.0,1,0.624,9171,55,0
8.9833,-0.0201,-27.047,9.641,0.090,0.989,0.0,1,0.623,9130,55,0
9.0000,-0.0185,-27.079,9.658,0.103,0.988,0.0,1,0.622,9083,55,0
9.0167,-0.0167,-27.114,9.674,0.114,0.987,0.0,1,0.621,9031,55,0
9.0333,-0.0147,-27.151,9.690,0.124,0.986,0.0,1,0.619,8973,54,0
9.0500,-0.0126,-27.190,9.706,0.133,0.985,0.0,1,0.618,8910,54,0
9.0667,-0.0103,-27.231,9.722,0.141,0.984,0.0,1,0.616,8844,54,0
9.0833,-0.0079,-27.274,9.738,0.148,0.983,0.0,1,0.615,8774,54,0
9.1000,-0.0054,-27.318,9.753,0.153,0.982,0.0,1,0.613,8700,54,0
9.1167,-0.0028,-27.362,9.769,0.157,0.980,0.0,1,0.611,8625,53,0
9.1333,-0.0001,-27.408,9.785,0.159,0.979,0.0,1,0.609,8547,53,0
9.1500,0.0025,-27.454,9.800,0.160,0.978,0.0,1,0.607,8469,53,0
9.1667,0.0052,-27.502,9.816,0.159,0.977,0.0,1,0.606,8391,53,0
9.1833,0.0078,-27.550,9.832,0.157,0.976,0.0,1,0.604,8313,52,0
9.2000,0.0104,-27.600,9.848,0.154,0.975,0.0,1,0.602,8237,52,0
9.2167,0.0129,-27.650,9.864,0.149,0.974,0.0,1,0.601,8164,52,0
9.2333,0.0154,-27.700,9.880,0.143,0.973,0.0,1,0.599,8094,51,0
9.2500,0.0177,-27.749,9.896,0.135,0.972,0.0,1,0.598,8027,51,0
9.2667,0.0199,-27.798,9.912,0.126,0.971,0.0,1,0.596,7965,51,0
9.2833,0.0219,-27.847,9.929,0.116,0.970,0.0,1,0.595,7908,50,0
9.3000,0.0237,-27.895,9.945,0.106,0.969,0.0,1,0.594,7857,50,0
9.3167,0.0254,-27.944,9.962,0.094,0.968,0.0,1,0.593,7811,50,0
9.3333,0.0269,-27.992,9.979,0.081,0.967,0.0,1,0.593,7771,50,0
9.3500,0.0281,-28.041,9.996,0.068,0.966,0.0,1,0.592,7738,49,0
9.3667,0.0291,-28.089,10.013,0.055,0.965,0.0,1,0.592,7710,49,0
9.3833,0.0299,-28.136,10.030,0.040,0.964,0.0,1,0.592,7689,49,0
9.4000,0.0305,-28.181,10.047,0.026,0.963,0.0,1,0.592,7673,49,0
9.4167,0.0308,-28.226,10.065,0.011,0.962,0.0,1,0.593,7663,49,0
9.4333,0.0309,-28.270,10.083,-0.004,0.961,0.0,1,0.594,7658,49,0
9.4500,0.0307,-28.314,10.101,-0.018,0.960,0.0,1,0.595,7660,49,0
9.4667,0.0302,-28.358,10.119,-0.033,0.959,0.0,1,0.596,7667,49,0
9.4833,0.0296,-28.401,10.137,-0.048,0.958,0.0,1,0.597,7680,50,0
9.5000,0.0287,-28.443,10.156,-0.062,0.957,0.0,1,0.599,7698,50,0
9.5167,0.0275,-28.485,10.174,-0.075,0.956,0.0,1,0.601,7722,51,0
9.5333,0.0261,-28.525,10.193,-0.089,0.955,0.0,1,0.603,7751,53,0
9.5500,0.0246,-28.564,10.212,-0.101,0.954,0.0,1,0.605,7785,56,0
9.5667,0.0228,-28.602,10.231,-0.113,0.953,0.0,1,0.607,7826,59,0
9.5833,0.0208,-28.639,10.250,-0.124,0.952,0.0,1,0.610,7873,63,0
9.6000,0.0187,-28.676,10.269,-0.133,0.951,0.0,1,0.613,7926,67,0
9.6167,0.0164,-28.712,10.288,-0.142,0.950,0.0,1,0.616,7985,71,0
9.6333,0.0139,-28.747,10.307,-0.149,0.949,0.0,1,0.619,8050,74,0
9.6500,0.0114,-28.781,10.325,-0.155,0.949,0.0,1,0.622,8120,78,0
9.6667,0.0088,-28.814,10.342,-0.160,0.948,0.0,1,0.625,8194,81,0
9.6833,0.0061,-28.846,10.358,-0.163,0.947,0.0,1,0.628,8271,83,0
9.7000,0.0034,-28.878,10.372,-0.164,0.947,0.0,1,0.632,8350,85,0
9.7167,0.0006,-28.908,10.384,-0.164,0.946,0.0,1,0.635,8429,86,0
9.7333,-0.0021,-28.938,10.393,-0.163,0.945,0.0,1,0.638,8508,86,0
9.7500,-0.0048,-28.967,10.399,-0.160,0.945,0.0,1,0.642,8586,86,0
9.7667,-0.0074,-28.995,10.402,-0.156,0.944,0.0,1,0.645,8662,85,0
9.7833,-0.0100,-29.024,10.401,-0.150,0.943,0.0,1,0.648,8734,84,0
9.8000,-0.0124,-29.051,10.395,-0.143,0.942,0.0,1,0.651,8803,82,0
9.8167,-0.0148,-29.078,10.386,-0.135,0.941,0.0,1,0.654,8866,80,0
9.8333,-0.0169,-29.105,10.371,-0.126,0.941,0.0,1,0.657,8923,78,0
9.8500,-0.0190,-29.131,10.352,-0.116,0.940,0.0,1,0.659,8973,76,0
9.8667,-0.0208,-29.156,10.329,-0.106,0.939,0.0,1,0.662,9017,74,0
9.8833,-0.0225,-29.181,10.301,-0.094,0.937,0.0,1,0.664,9053,72,0
9.9000,-0.0240,-29.206,10.269,-0.083,0.936,0.0,1,0.666,9083,70,0
9.9167,-0.0252,-29.230,10.233,-0.071,0.935,0.0,1,0.668,9106,69,0
9.9333,-0.0263,-29.254,10.193,-0.058,0.934,0.0,1,0.670,9121,69,0
9.9500,-0.0272,-29.278,10.151,-0.046,0.933,0.0,1,0.671,9129,68,0
9.9667,-0.0278,-29.301,10.106,-0.033,0.931,0.0,1,0.673,9130,68,0
9.9833,-0.0283,-29.324,10.059,-0.021,0.930,0.0,1,0.674,9125,68,0
10.0000,-0.0285,-29.346,10.010,-0.009,0.929,0.0,1,0.675,9113,68,0
10.0167,-0.0286,-29.367,9.960,0.003,0.927,0.0,1,0.676,9096,68,0
10.0333,-0.0284,-29.388,9.909,0.015,0.926,0.0,1,0.676,9074,67,0
10.0500,-0.0281,-29.408,9.859,0.026,0.925,0.0,1,0.677,9047,66,0
10.0667,-0.0276,-29.428,9.808,0.036,0.923,0.0,1,0.677,9018,65,0
10.0833,-0.0269,-29.448,9.759,0.046,0.922,0.0,1,0.677,8985,63,0
10.1000,-0.0260,-29.467,9.710,0.056,0.921,0.0,1,0.676,8951,62,0
10.1167,-0.0250,-29.485,9.662,0.064,0.919,0.0,1,0.676,8915,61,0
10.1333,-0.0239,-29.502,9.616,0.072,0.918,0.0,1,0.676,8878,59,0
10.1500,-0.0226,-29.518,9.570,0.080,0.917,0.0,1,0.675,8839,58,0
10.1667,-0.0212,-29.533,9.526,0.087,0.916,0.0,1,0.674,8798,56,0
10.1833,-0.0197,-29.548,9.482,0.092,0.915,0.0,1,0.673,8754,55,0
10.2000,-0.0182,-29.561,9.439,0.098,0.914,0.0,1,0.672,8708,54,0
10.2167,-0.0165,-29.574,9.397,0.102,0.913,0.0,1,0.671,8660,53,0
10.2333,-0.0148,-29.586,9.355,0.105,0.911,0.0,1,0.670,8610,51,0
10.2500,-0.0130,-29.597,9.314,0.108,0.910,0.0,1,0.668,8559,50,0
10.2667,-0.0112,-29.607,9.273,0.109,0.909,0.0,1,0.667,8508,50,0
10.2833,-0.0094,-29.615,9.232,0.110,0.908,0.0,1,0.665,8457,49,0
10.3000,-0.0075,-29.623,9.192,0.109,0.907,0.0,1,0.664,8406,48,0
10.3167,-0.0057,-29.629,9.152,0.108,0.906,0.0,1,0.663,8356,47,0
10.3333,-0.0040,-29.634,9.113,0.106,0.905,0.0,1,0.661,8308,47,0
10.3500,-0.0022,-29.637,9.074,0.102,0.904,0.0,1,0.660,8261,47,0
10.3667,-0.0005,-29.640,9.035,0.098,0.903,0.0,1,0.658,8216,46,0
10.3833,0.0011,-29.642,8.997,0.094,0.902,0.0,1,0.657,8173,46,0
10.4000,0.0026,-29.642,8.958,0.088,0.902,0.0,1,0.656,8133,46,0
10.4167,0.0040,-29.642,8.921,0.082,0.901,0.0,1,0.654,8095,46,0
10.4333,0.0053,-29.640,8.883,0.075,0.900,0.0,1,0.653,8061,46,0
10.4500,0.0065,-29.637,8.846,0.067,0.899,0.0,1,0.652,8029,46,0
10.4667,0.0075,-29.632,8.809,0.059,0.898,0.0,1,0.651,8001,45,0
10.4833,0.0084,-29.627,8.772,0.051,0.897,0.0,1,0.650,7975,45,0
10.5000,0.0092,-29.621,8.735,0.042,0.896,0.0,1,0.650,7953,45,0
10.5167,0.0098,-29.614,8.699,0.032,0.895,0.0,1,0.649,7935,45,0
10.5333,0.0103,-29.606,8.663,0.023,0.894,0.0,1,0.649,7920,45,0
10.5500,0.0106,-29.598,8.628,0.013,0.893,0.0,1,0.649,7909,45,0
10.5667,0.0107,-29.589,8.592,0.003,0.892,0.0,1,0.648,7901,45,0
10.5833,0.0107,-29.579,8.557,-0.008,0.891,0.0,1,0.649,7897,44,0
10.6000,0.0104,-29.568,8.522,-0.018,0.890,0.0,1,0.649,7897,45,0
10.6167,0.0101,-29.556,8.488,-0.028,0.889,0.0,1,0.649,7901,46,0
10.6333,0.0095,-29.543,8.453,-0.038,0.889,0.0,1,0.650,7909,47,0
10.6500,0.0088,-29.530,8.419,-0.047,0.888,0.0,1,0.650,7920,48,0
10.6667,0.0079,-29.517,8.385,-0.057,0.887,0.0,1,0.651,7935,50,0
10.6833,0.0069,-29.504,8.352,-0.066,0.886,0.0,1,0.652,7954,52,0
10.7000,0.0058,-29.490,8.318,-0.074,0.885,0.0,1,0.653,7976,54,0
10.7167,0.0044,-29.475,8.285,-0.082,0.885,0.0,1,0.654,8002,57,0
10.7333,0.0030,-29.460,8.253,-0.089,0.884,0.0,1,0.656,8031,59,0
10.7500,0.0015,-29.445,8.220,-0.096,0.883,0.0,1,0.657,8063,61,0
10.7667,-0.0002,-29.430,8.188,-0.102,0.883,0.0,1,0.659,8098,64,0
10.7833,-0.0019,-29.414,8.156,-0.107,0.882,0.0,1,0.660,8137,66,0
10.8000,-0.0038,-29.399,8.125,-0.112,0.882,0.0,1,0.662,8178,68,0
10.8167,-0.0057,-29.384,8.093,-0.115,0.881,0.0,1,0.664,8223,70,0
10.8333,-0.0076,-29.369,8.062,-0.118,0.881,0.0,1,0.666,8269,71,0
10.8500,-0.0096,-29.355,8.031,-0.120,0.880,0.0,1,0.668,8318,72,0
10.8667,-0.0116,-29.340,8.001,-0.120,0.880,0.0,1,0.669,8369,72,0
10.8833,-0.0136,-29.326,7.970,-0.120,0.879,0.0,1,0.671,8420,72,0
10.9000,-0.0156,-29.312,7.940,-0.119,0.879,0.0,1,0.673,8472,72,0
10.9167,-0.0176,-29.298,7.910,-0.117,0.879,0.0,1,0.675,8523,71,0
10.9333,-0.0195,-29.285,7.881,-0.114,0.878,0.0,1,0.677,8575,70,0
10.9500,-0.0213,-29.273,7.851,-0.110,0.877,0.0,1,0.679,8624,51,0
10.9667,-0.0232,-29.261,7.822,-0.106,0.877,0.0,1,0.681,8673,51,0
10.9833,-0.0249,-29.250,7.793,-0.101,0.876,0.0,1,0.682,8719,50,0
11.0000,-0.0265,-29.239,7.764,-0.095,0.875,0.0,1,0.684,8763,49,0
11.0167,-0.0280,-29.228,7.735,-0.088,0.874,0.0,1,0.685,8804,49,0
11.0333,-0.0294,-29.217,7.707,-0.080,0.873,0.0,1,0.687,8841,48,0
11.0500,-0.0307,-29.206,7.678,-0.072,0.872,0.0,1,0.688,8874,47,0
11.0667,-0.0318,-29.196,7.650,-0.064,0.871,0.0,1,0.689,8904,46,0
11.0833,-0.0328,-29.187,7.621,-0.054,0.870,0.0,1,0.690,8929,46,0
11.1000,-0.0336,-29.179,7.593,-0.045,0.870,0.0,1,0.691,8950,45,0
11.1167,-0.0343,-29.171,7.565,-0.035,0.869,0.0,1,0.691,8966,45,0
11.1333,-0.0348,-29.165,7.537,-0.025,0.868,0.0,1,0.692,8978,44,0
11.1500,-0.0351,-29.158,7.510,-0.015,0.867,0.0,1,0.692,8984,44,0
11.1667,-0.0353,-29.152,7.482,-0.004,0.866,0.0,1,0.692,8986,44,0
11.1833,-0.0353,-29.146,7.454,0.006,0.865,0.0,1,0.693,8983,44,0
11.2000,-0.0351,-29.140,7.427,0.016,0.864,0.0,1,0.692,8975,44,0
11.2167,-0.0347,-29.136,7.399,0.026,0.863,0.0,1,0.692,8962,44,0
11.2333,-0.0342,-29.132,7.372,0.036,0.862,0.0,1,0.692,8944,44,0
11.2500,-0.0335,-29.129,7.345,0.045,0.862,0.0,1,0.691,8922,43,0
11.2667,-0.0327,-29.127,7.318,0.054,0.861,0.0,1,0.690,8896,43,0
11.2833,-0.0318,-29.125,7.291,0.062,0.860,0.0,1,0.690,8865,43,0
11.3000,-0.0306,-29.124,7.264,0.070,0.859,0.0,1,0.689,8831,43,0
11.3167,-0.0294,-29.123,7.237,0.077,0.858,0.0,1,0.687,8792,43,0
11.3333,-0.0281,-29.122,7.211,0.083,0.857,0.0,1,0.686,8751,42,0
11.3500,-0.0267,-29.122,7.184,0.088,0.856,0.0,1,0.685,8706,42,0
11.3667,-0.0252,-29.123,7.158,0.093,0.855,0.0,1,0.684,8659,42,0
11.3833,-0.0236,-29.124,7.132,0.096,0.855,0.0,1,0.682,8610,42,0
11.4000,-0.0220,-29.126,7.105,0.099,0.854,0.0,1,0.681,8560,41,0
11.4167,-0.0203,-29.129,7.080,0.100,0.853,0.0,1,0.679,8508,41,0
11.4333,-0.0186,-29.132,7.054,0.101,0.852,0.0,1,0.678,8456,41,0
11.4500,-0.0169,-29.136,7.028,0.101,0.851,0.0,1,0.676,8404,41,0
11.4667,-0.0153,-29.140,7.003,0.099,0.850,0.0,1,0.675,8353,41,0
11.4833,-0.0136,-29.144,6.978,0.097,0.849,0.0,1,0.673,8303,40,0
11.5000,-0.0120,-29.148,6.952,0.094,0.849,0.0,1,0.672,8255,40,0
11.5167,-0.0105,-29.153,6.928,0.090,0.848,0.0,1,0.671,8208,40,0
11.5333,-0.0090,-29.159,6.903,0.085,0.847,0.0,1,0.670,8164,40,0
11.5500,-0.0077,-29.165,6.878,0.079,0.846,0.0,1,0.669,8123,40,0
11.5667,-0.0064,-29.172,6.854,0.073,0.845,0.0,1,0.668,8085,39,0
11.5833,-0.0052,-29.180,6.829,0.066,0.844,0.0,1,0.667,8051,39,0
11.6000,-0.0042,-29.187,6.805,0.058,0.844,0.0,1,0.666,8020,39,0
11.6167,-0.0033,-29.195,6.781,0.050,0.843,0.0,1,0.665,7993,39,0
11.6333,-0.0025,-29.204,6.757,0.041,0.842,0.0,1,0.665,7969,39,0
11.6500,-0.0019,-29.212,6.733,0.032,0.841,0.0,1,0.665,7950,39,0
11.6667,-0.0015,-29.222,6.710,0.023,0.840,0.0,1,0.664,7934,38,0
11.6833,-0.0012,-29.232,6.686,0.013,0.840,0.0,1,0.664,7923,38,0
11.7000,-0.0010,-29.242,6.663,0.003,0.839,0.0,1,0.665,7916,38,0
11.7167,-0.0011,-29.254,6.640,-0.006,0.838,0.0,1,0.665,7913,38,0
11.7333,-0.0012,-29.265,6.617,-0.016,0.837,0.0,1,0.666,7914,38,0
11.7500,-0.0016,-29.278,6.594,-0.026,0.836,0.0,1,0.666,7919,38,0
11.7667,-0.0021,-29.290,6.571,-0.036,0.836,0.0,1,0.667,7928,38,0
11.7833,-0.0028,-29.303,6.548,-0.045,0.835,0.0,1,0.668,7941,38,0
11.8000,-0.0036,-29.316,6.525,-0.054,0.834,0.0,1,0.669,7959,39,0
11.8167,-0.0046,-29.330,6.503,-0.063,0.834,0.0,1,0.671,7980,40,0
11.8333,-0.0057,-29.344,6.480,-0.071,0.833,0.0,1,0.672,8006,41,0
11.8500,-0.0070,-29.359,6.458,-0.079,0.832,0.0,1,0.674,8035,43,0
11.8667,-0.0083,-29.375,6.435,-0.086,0.832,0.0,1,0.676,8068,44,0
11.8833,-0.0098,-29.391,6.413,-0.092,0.831,0.0,1,0.678,8105,40,0
11.9000,-0.0114,-29.407,6.391,-0.098,0.830,0.0,1,0.680,8145,40,0
11.9167,-0.0131,-29.424,6.369,-0.103,0.829,0.0,1,0.682,8187,41,0
11.9333,-0.0148,-29.441,6.348,-0.107,0.829,0.0,1,0.684,8233,41,0
11.9500,-0.0166,-29.458,6.326,-0.110,0.828,0.0,1,0.686,8280,41,0
11.9667,-0.0185,-29.475,6.304,-0.112,0.827,0.0,1,0.689,8330,41,0
11.9833,-0.0203,-29.493,6.283,-0.113,0.826,0.0,1,0.691,8380,42,0
12.0000,-0.0222,-29.510,6.262,-0.114,0.826,0.0,1,0.693,8432,42,0
12.0167,-0.0241,-29.529,6.240,-0.113,0.825,0.0,1,0.696,8483,42,0
12.0333,-0.0260,-29.547,6.219,-0.112,0.824,0.0,1,0.698,8534,42,0
12.0500,-0.0278,-29.566,6.198,-0.109,0.823,0.0,1,0.701,8585,41,0
12.0667,-0.0296,-29.585,6.178,-0.106,0.823,0.0,1,0.703,8634,41,0
12.0833,-0.0314,-29.603,6.157,-0.101,0.822,0.0,1,0.705,8680,41,0
12.1000,-0.0330,-29.622,6.136,-0.096,0.821,0.0,1,0.707,8725,40,0
12.1167,-0.0346,-29.641,6.116,-0.090,0.820,0.0,1,0.709,8766,40,0
12.1333,-0.0360,-29.659,6.095,-0.083,0.820,0.0,1,0.711,8804,40,0
12.1500,-0.0373,-29.678,6.075,-0.076,0.819,0.0,1,0.713,8839,39,0
12.1667,-0.0385,-29.697,6.055,-0.068,0.818,0.0,1,0.715,8870,39,0
12.1833,-0.0396,-29.716,6.035,-0.059,0.817,0.0,1,0.716,8897,38,0
12.2000,-0.0405,-29.735,6.015,-0.050,0.817,0.0,1,0.718,8920,38,0
12.2167,-0.0413,-29.754,5.995,-0.041,0.816,0.0,1,0.719,8939,38,0
12.2333,-0.0419,-29.772,5.975,-0.031,0.815,0.0,1,0.720,8953,38,0
12.2500,-0.0423,-29.790,5.956,-0.022,0.814,0.0,1,0.721,8963,38,0
12.2667,-0.0426,-29.808,5.936,-0.012,0.813,0.0,1,0.722,8968,38,0
12.2833,-0.0427,-29.826,5.917,-0.002,0.813,0.0,1,0.722,8969,38,0
12.3000,-0.0426,-29.844,5.897,0.008,0.812,0.0,1,0.723,8965,38,0
12.3167,-0.0424,-29.861,5.878,0.018,0.811,0.0,1,0.723,8956,38,0
12.3333,-0.0420,-29.879,5.859,0.028,0.810,0.0,1,0.723,8944,38,0
12.3500,-0.0415,-29.896,5.840,0.037,0.810,0.0,1,0.723,8926,38,0
12.3667,-0.0408,-29.912,5.821,0.046,0.809,0.0,1,0.722,8905,38,0
12.3833,-0.0400,-29.928,5.802,0.054,0.808,0.0,1,0.722,8879,38,0
12.4000,-0.0390,-29.944,5.784,0.062,0.807,0.0,1,0.722,8850,38,0
12.4167,-0.0379,-29.960,5.765,0.070,0.806,0.0,1,0.721,8817,38,0
12.4333,-0.0367,-29.975,5.747,0.076,0.806,0.0,1,0.720,8781,37,0
12.4500,-0.0354,-29.990,5.729,0.082,0.805,0.0,1,0.719,8742,37,0
12.4667,-0.0339,-30.005,5.711,0.088,0.804,0.0,1,0.718,8700,37,0
12.4833,-0.0324,-30.019,5.693,0.092,0.803,0.0,1,0.717,8656,37,0
12.5000,-0.0309,-30.033,5.675,0.095,0.803,0.0,1,0.716,8610,37,0
12.5167,-0.0293,-30.047,5.657,0.098,0.802,0.0,1,0.714,8562,37,0
12.5333,-0.0276,-30.060,5.640,0.100,0.801,0.0,1,0.713,8514,36,0
12.5500,-0.0259,-30.072,5.622,0.101,0.800,0.0,1,0.712,8464,36,0
12.5667,-0.0243,-30.085,5.605,0.100,0.799,0.0,1,0.710,8415,36,0
12.5833,-0.0226,-30.097,5.587,0.099,0.799,0.0,1,0.709,8366,36,0
12.6000,-0.0210,-30.108,5.570,0.097,0.798,0.0,1,0.708,8318,36,0
12.6167,-0.0193,-30.120,5.552,0.095,0.797,0.0,1,0.707,8271,36,0
12.6333,-0.0178,-30.131,5.535,0.091,0.796,0.0,1,0.705,8226,35,0
12.6500,-0.0163,-30.142,5.518,0.086,0.796,0.0,1,0.704,8183,35,0
12.6667,-0.0149,-30.152,5.500,0.081,0.795,0.0,1,0.703,8142,35,0
12.6833,-0.0136,-30.163,5.483,0.075,0.794,0.0,1,0.702,8104,35,0
12.7000,-0.0124,-30.173,5.466,0.068,0.794,0.0,1,0.701,8067,35,0
12.7167,-0.0114,-30.183,5.448,0.061,0.793,0.0,1,0.700,8034,35,0
12.7333,-0.0104,-30.193,5.431,0.053,0.792,0.0,1,0.700,8005,34,0
12.7500,-0.0096,-30.203,5.413,0.044,0.791,0.0,1,0.699,7979,34,0
12.7667,-0.0089,-30.213,5.396,0.035,0.791,0.0,1,0.699,7956,34,0
12.7833,-0.0084,-30.223,5.378,0.026,0.790,0.0,1,0.699,7939,34,0
12.8000,-0.0081,-30.232,5.360,0.017,0.789,0.0,1,0.699,7925,34,0
12.8167,-0.0079,-30.242,5.343,0.007,0.789,0.0,1,0.699,7916,34,0
12.8333,-0.0078,-30.251,5.325,-0.003,0.788,0.0,1,0.699,7911,34,0
12.8500,-0.0080,-30.260,5.307,-0.013,0.787,0.0,1,0.699,7912,34,0
12.8667,-0.0083,-30.269,5.289,-0.023,0.786,0.0,1,0.700,7916,34,0
12.8833,-0.0087,-30.279,5.271,-0.032,0.786,0.0,1,0.701,7926,33,0
12.9000,-0.0094,-30.288,5.253,-0.042,0.785,0.0,1,0.702,7940,34,0
12.9167,-0.0101,-30.297,5.234,-0.051,0.784,0.0,1,0.703,7958,35,0
12.9333,-0.0111,-30.306,5.216,-0.060,0.784,0.0,1,0.704,7981,36,0
12.9500,-0.0121,-30.314,5.198,-0.068,0.783,0.0,1,0.705,8008,37,0
12.9667,-0.0133,-30.323,5.179,-0.075,0.783,0.0,1,0.707,8038,39,0
12.9833,-0.0146,-30.332,5.161,-0.082,0.782,0.0,1,0.708,8072,40,0
13.0000,-0.0160,-30.340,5.143,-0.088,0.781,0.0,1,0.710,8109,42,0
13.0167,-0.0176,-30.349,5.124,-0.094,0.781,0.0,1,0.712,8148,36,0
13.0333,-0.0192,-30.357,5.106,-0.099,0.780,0.0,1,0.714,8190,36,0
13.0500,-0.0208,-30.366,5.087,-0.103,0.780,0.0,1,0.716,8234,36,0
13.0667,-0.0226,-30.374,5.069,-0.106,0.779,0.0,1,0.718,8278,37,0
13.0833,-0.0244,-30.382,5.050,-0.108,0.778,0.0,1,0.720,8324,37,0
13.1000,-0.0262,-30.390,5.032,-0.110,0.777,0.0,1,0.722,8371,37,0
13.1167,-0.0280,-30.397,5.014,-0.110,0.777,0.0,1,0.724,8418,37,0
13.1333,-0.0299,-30.404,4.995,-0.110,0.776,0.0,1,0.726,8465,38,0
13.1500,-0.0317,-30.410,4.977,-0.109,0.775,0.0,1,0.728,8511,38,0
13.1667,-0.0335,-30.416,4.959,-0.107,0.775,0.0,1,0.730,8558,38,0
13.1833,-0.0352,-30.422,4.941,-0.104,0.774,0.0,1,0.732,8603,38,0
13.2000,-0.0369,-30.428,4.923,-0.100,0.773,0.0,1,0.734,8647,37,0
13.2167,-0.0386,-30.433,4.905,-0.096,0.773,0.0,1,0.736,8689,37,0
13.2333,-0.0401,-30.437,4.888,-0.090,0.772,0.0,1,0.737,8728,37,0
13.2500,-0.0416,-30.442,4.870,-0.084,0.771,0.0,1,0.739,8766,37,0
13.2667,-0.0429,-30.445,4.853,-0.078,0.771,0.0,1,0.741,8800,37,0
13.2833,-0.0441,-30.448,4.836,-0.070,0.770,0.0,1,0.742,8831,36,0
13.3000,-0.0453,-30.451,4.819,-0.062,0.769,0.0,1,0.743,8858,36,0
13.3167,-0.0462,-30.453,4.802,-0.054,0.769,0.0,1,0.744,8882,36,0
13.3333,-0.0471,-30.455,4.785,-0.045,0.768,0.0,1,0.745,8902,36,0
13.3500,-0.0477,-30.457,4.769,-0.036,0.767,0.0,1,0.746,8918,36,0
13.3667,-0.0483,-30.458,4.752,-0.027,0.766,0.0,1,0.747,8930,36,0
13.3833,-0.0486,-30.458,4.736,-0.018,0.766,0.0,1,0.747,8938,36,0
13.4000,-0.0489,-30.458,4.720,-0.008,0.765,0.0,1,0.748,8942,36,0
13.4167,-0.0489,-30.458,4.704,0.001,0.764,0.0,1,0.748,8941,36,0
13.4333,-0.0488,-30.457,4.689,0.011,0.764,0.0,1,0.748,8936,36,0
13.4500,-0.0486,-30.456,4.673,0.020,0.763,0.0,1,0.747,8927,36,0
13.4667,-0.0482,-30.454,4.658,0.029,0.762,0.0,1,0.747,8914,36,0
13.4833,-0.0476,-30.452,4.643,0.038,0.761,0.0,1,0.747,8897,35,0
13.5000,-0.0469,-30.450,4.628,0.046,0.761,0.0,1,0.746,8876,35,0
13.5167,-0.0461,-30.447,4.614,0.054,0.760,0.0,1,0.745,8851,35,0
13.5333,-0.0451,-30.444,4.599,0.062,0.759,0.0,1,0.744,8823,35,0
13.5500,-0.0440,-30.440,4.585,0.068,0.758,0.0,1,0.743,8791,35,0
13.5667,-0.0428,-30.436,4.571,0.075,0.758,0.0,1,0.742,8756,35,0
13.5833,-0.0415,-30.432,4.557,0.080,0.757,0.0,1,0.741,8718,35,0
13.6000,-0.0401,-30.427,4.543,0.085,0.756,0.0,1,0.739,8678,34,0
13.6167,-0.0387,-30.422,4.529,0.089,0.756,0.0,1,0.738,8636,34,0
13.6333,-0.0372,-30.418,4.516,0.092,0.755,0.0,1,0.736,8591,34,0
13.6500,-0.0356,-30.412,4.502,0.095,0.754,0.0,1,0.735,8546,34,0
13.6667,-0.0340,-30.407,4.489,0.096,0.753,0.0,1,0.733,8499,34,0
13.6833,-0.0324,-30.402,4.475,0.097,0.753,0.0,1,0.731,8452,33,0
13.7000,-0.0308,-30.396,4.462,0.096,0.752,0.0,1,0.730,8405,33,0
13.7167,-0.0292,-30.391,4.449,0.095,0.751,0.0,1,0.728,8358,33,0
13.7333,-0.0276,-30.385,4.435,0.093,0.751,0.0,1,0.726,8312,33,0
13.7500,-0.0261,-30.379,4.422,0.090,0.750,0.0,1,0.725,8267,32,0
13.7667,-0.0246,-30.374,4.409,0.086,0.749,0.0,1,0.723,8224,32,0
13.7833,-0.0232,-30.369,4.396,0.082,0.749,0.0,1,0.722,8182,32,0
13.8000,-0.0219,-30.364,4.382,0.077,0.748,0.0,1,0.721,8141,32,0
13.8167,-0.0207,-30.360,4.369,0.071,0.747,0.0,1,0.719,8103,32,0
13.8333,-0.0196,-30.355,4.356,0.064,0.747,0.0,1,0.718,8067,32,0
13.8500,-0.0186,-30.351,4.342,0.056,0.746,0.0,1,0.717,8035,31,0
13.8667,-0.0177,-30.347,4.329,0.049,0.745,0.0,1,0.716,8006,31,0
13.8833,-0.0170,-30.344,4.315,0.040,0.745,0.0,1,0.716,7981,31,0
13.9000,-0.0164,-30.341,4.301,0.031,0.744,0.0,1,0.715,7960,31,0
13.9167,-0.0159,-30.339,4.288,0.022,0.743,0.0,1,0.715,7943,31,0
13.9333,-0.0156,-30.337,4.274,0.013,0.743,0.0,1,0.714,7930,31,0
13.9500,-0.0155,-30.335,4.260,0.003,0.742,0.0,1,0.714,7923,31,0
13.9667,-0.0155,-30.334,4.246,-0.007,0.742,0.0,1,0.714,7920,31,0
13.9833,-0.0157,-30.334,4.232,-0.016,0.741,0.0,1,0.715,7921,31,0
14.0000,-0.0161,-30.333,4.219,-0.026,0.740,0.0,1,0.715,7928,31,0
14.0167,-0.0166,-30.334,4.204,-0.035,0.740,0.0,1,0.716,7939,31,0
14.0333,-0.0173,-30.334,4.190,-0.045,0.739,0.0,1,0.716,7954,31,0
14.0500,-0.0181,-30.336,4.176,-0.053,0.738,0.0,1,0.717,7974,31,0
14.0667,-0.0190,-30.338,4.162,-0.062,0.738,0.0,1,0.718,7998,31,0
14.0833,-0.0201,-30.340,4.147,-0.070,0.737,0.0,1,0.720,8026,31,0
14.1000,-0.0214,-30.343,4.133,-0.077,0.737,0.0,1,0.721,8057,31,0
14.1167,-0.0227,-30.346,4.119,-0.084,0.736,0.0,1,0.723,8092,31,0
14.1333,-0.0241,-30.350,4.104,-0.090,0.735,0.0,1,0.724,8129,31,0
14.1500,-0.0257,-30.354,4.090,-0.095,0.735,0.0,1,0.726,8168,31,0
14.1667,-0.0273,-30.358,4.075,-0.099,0.734,0.0,1,0.728,8210,32,0
14.1833,-0.0290,-30.363,4.061,-0.103,0.734,0.0,1,0.730,8254,32,0
14.2000,-0.0307,-30.368,4.046,-0.106,0.733,0.0,1,0.731,8299,32,0
14.2167,-0.0325,-30.373,4.032,-0.108,0.732,0.0,1,0.733,8345,32,0
14.2333,-0.0343,-30.379,4.018,-0.109,0.732,0.0,1,0.735,8391,32,0
14.2500,-0.0361,-30.385,4.003,-0.109,0.731,0.0,1,0.737,8439,32,0
14.2667,-0.0379,-30.391,3.989,-0.108,0.731,0.0,1,0.739,8486,32,0
14.2833,-0.0397,-30.397,3.975,-0.107,0.730,0.0,1,0.741,8533,33,0
14.3000,-0.0415,-30.403,3.961,-0.104,0.729,0.0,1,0.743,8579,33,0
14.3167,-0.0432,-30.409,3.947,-0.101,0.729,0.0,1,0.745,8623,33,0
14.3333,-0.0448,-30.415,3.933,-0.097,0.728,0.0,1,0.747,8666,32,0
14.3500,-0.0464,-30.421,3.920,-0.092,0.728,0.0,1,0.749,8706,32,0
14.3667,-0.0479,-30.428,3.906,-0.086,0.727,0.0,1,0.751,8744,32,0
14.3833,-0.0493,-30.434,3.893,-0.080,0.726,0.0,1,0.752,8778,32,0
14.4000,-0.0506,-30.440,3.880,-0.073,0.726,0.0,1,0.754,8809,32,0
14.4167,-0.0517,-30.445,3.867,-0.066,0.725,0.0,1,0.755,8837,32,0
14.4333,-0.0528,-30.451,3.854,-0.058,0.725,0.0,1,0.756,8862,32,0
14.4500,-0.0536,-30.456,3.842,-0.049,0.724,0.0,1,0.757,8882,32,0
14.4667,-0.0544,-30.461,3.830,-0.041,0.723,0.0,1,0.758,8899,32,0
14.4833,-0.0550,-30.466,3.817,-0.032,0.723,0.0,1,0.759,8913,32,0
14.5000,-0.0555,-30.471,3.805,-0.023,0.722,0.0,1,0.760,8922,32,0
14.5167,-0.0558,-30.476,3.794,-0.014,0.721,0.0,1,0.760,8927,32,0
14.5333,-0.0559,-30.480,3.782,-0.004,0.721,0.0,1,0.760,8929,32,0
14.5500,-0.0559,-30.485,3.771,0.005,0.720,0.0,1,0.761,8926,32,0
14.5667,-0.0557,-30.489,3.760,0.014,0.719,0.0,1,0.761,8920,32,0
14.5833,-0.0554,-30.492,3.749,0.023,0.719,0.0,1,0.760,8910,32,0
14.6000,-0.0550,-30.496,3.738,0.032,0.718,0.0,1,0.760,8896,32,0
14.6167,-0.0544,-30.499,3.727,0.040,0.717,0.0,1,0.760,8878,32,0
14.6333,-0.0536,-30.503,3.717,0.048,0.717,0.0,1,0.759,8857,32,0
14.6500,-0.0527,-30.506,3.707,0.056,0.716,0.0,1,0.758,8833,31,0
14.6667,-0.0518,-30.509,3.697,0.063,0.716,0.0,1,0.757,8805,31,0
14.6833,-0.0506,-30.511,3.687,0.070,0.715,0.0,1,0.756,8774,31,0
14.7000,-0.0494,-30.514,3.678,0.076,0.714,0.0,1,0.755,8740,31,0
14.7167,-0.0481,-30.516,3.668,0.081,0.714,0.0,1,0.754,8703,31,0
14.7333,-0.0467,-30.519,3.659,0.085,0.713,0.0,1,0.753,8664,31,0
14.7500,-0.0453,-30.521,3.650,0.089,0.712,0.0,1,0.751,8623,30,0
14.7667,-0.0438,-30.523,3.641,0.092,0.712,0.0,1,0.750,8579,30,0
14.7833,-0.0422,-30.526,3.632,0.094,0.711,0.0,1,0.748,8535,30,0
14.8000,-0.0406,-30.528,3.623,0.096,0.710,0.0,1,0.747,8489,30,0
14.8167,-0.0390,-30.531,3.614,0.096,0.710,0.0,1,0.745,8443,30,0
14.8333,-0.0374,-30.533,3.605,0.096,0.709,0.0,1,0.744,8397,29,0
14.8500,-0.0359,-30.536,3.597,0.094,0.709,0.0,1,0.742,8351,29,0
14.8667,-0.0343,-30.539,3.588,0.092,0.708,0.0,1,0.741,8306,29,0
14.8833,-0.0328,-30.542,3.579,0.089,0.707,0.0,1,0.740,8261,29,0
14.9000,-0.0313,-30.546,3.571,0.085,0.707,0.0,1,0.738,8218,29,0
14.9167,-0.0300,-30.550,3.562,0.081,0.706,0.0,1,0.737,8176,28,0
14.9333,-0.0287,-30.554,3.553,0.075,0.706,0.0,1,0.736,8136,28,0
14.9500,-0.0275,-30.559,3.545,0.069,0.705,0.0,1,0.735,8098,28,0
14.9667,-0.0264,-30.564,3.536,0.062,0.704,0.0,1,0.734,8063,28,0
14.9833,-0.0254,-30.570,3.527,0.055,0.704,0.0,1,0.733,8032,28,0
15.0000,-0.0245,-30.576,3.518,0.047,0.703,0.0,1,0.732,8004,28,0
15.0167,-0.0238,-30.582,3.509,0.038,0.703,0.0,1,0.732,7980,27,0
15.0333,-0.0233,-30.589,3.500,0.030,0.702,0.0,1,0.731,7960,27,0
15.0500,-0.0229,-30.596,3.491,0.020,0.702,0.0,1,0.731,7944,27,0
15.0667,-0.0226,-30.604,3.481,0.011,0.701,0.0,1,0.731,7933,27,0
15.0833,-0.0225,-30.613,3.472,0.001,0.700,0.0,1,0.731,7927,27,0
15.1000,-0.0225,-30.622,3.463,-0.008,0.700,0.0,1,0.732,7925,27,0
15.1167,-0.0228,-30.631,3.453,-0.018,0.699,0.0,1,0.732,7928,27,0
15.1333,-0.0231,-30.641,3.443,-0.027,0.699,0.0,1,0.733,7935,27,0
15.1500,-0.0237,-30.651,3.434,-0.036,0.698,0.0,1,0.733,7947,27,0
15.1667,-0.0244,-30.662,3.424,-0.045,0.698,0.0,1,0.734,7964,27,0
15.1833,-0.0252,-30.673,3.414,-0.054,0.697,0.0,1,0.735,7985,27,0
15.2000,-0.0262,-30.684,3.404,-0.062,0.697,0.0,1,0.737,8011,27,0
15.2167,-0.0273,-30.696,3.394,-0.070,0.696,0.0,1,0.738,8040,27,0
15.2333,-0.0285,-30.709,3.384,-0.077,0.695,0.0,1,0.740,8072,27,0
15.2500,-0.0298,-30.721,3.374,-0.083,0.695,0.0,1,0.741,8108,27,0
15.2667,-0.0312,-30.734,3.364,-0.089,0.694,0.0,1,0.743,8147,28,0
15.2833,-0.0328,-30.747,3.354,-0.094,0.694,0.0,1,0.745,8187,28,0
15.3000,-0.0344,-30.761,3.343,-0.098,0.693,0.0,1,0.747,8230,28,0
15.3167,-0.0360,-30.775,3.333,-0.101,0.693,0.0,1,0.749,8274,28,0
15.3333,-0.0377,-30.788,3.323,-0.104,0.692,0.0,1,0.751,8319,28,0
15.3500,-0.0395,-30.802,3.313,-0.105,0.692,0.0,1,0.753,8364,28,0
15.3667,-0.0413,-30.817,3.303,-0.106,0.691,0.0,1,0.755,8409,29,0
15.3833,-0.0430,-30.831,3.292,-0.106,0.691,0.0,1,0.757,8454,29,0
15.4000,-0.0448,-30.845,3.282,-0.105,0.690,0.0,1,0.759,8497,29,0
15.4167,-0.0465,-30.859,3.273,-0.103,0.690,0.0,1,0.761,8540,29,0
15.4333,-0.0482,-30.873,3.263,-0.101,0.689,0.0,1,0.763,8581,29,0
15.4500,-0.0499,-30.887,3.253,-0.098,0.688,0.0,1,0.765,8621,29,0
15.4667,-0.0515,-30.901,3.244,-0.094,0.688,0.0,1,0.767,8658,29,0
15.4833,-0.0530,-30.914,3.235,-0.089,0.687,0.0,1,0.769,8694,29,0
15.5000,-0.0544,-30.927,3.226,-0.084,0.687,0.0,1,0.771,8727,29,0
15.5167,-0.0558,-30.941,3.217,-0.078,0.686,0.0,1,0.772,8757,29,0
15.5333,-0.0570,-30.954,3.208,-0.071,0.686,0.0,1,0.774,8785,29,0
15.5500,-0.0582,-30.966,3.200,-0.064,0.685,0.0,1,0.775,8809,29,0
15.5667,-0.0592,-30.979,3.191,-0.057,0.685,0.0,1,0.777,8831,29,0
15.5833,-0.0601,-30.991,3.183,-0.049,0.684,0.0,1,0.778,8849,29,0
15.6000,-0.0608,-31.003,3.175,-0.041,0.683,0.0,1,0.779,8864,29,0
15.6167,-0.0614,-31.014,3.168,-0.033,0.683,0.0,1,0.780,8876,29,0
15.6333,-0.0619,-31.025,3.160,-0.025,0.682,0.0,1,0.781,8885,30,0
15.6500,-0.0623,-31.036,3.153,-0.016,0.682,0.0,1,0.781,8890,30,0
15.6667,-0.0625,-31.047,3.146,-0.008,0.681,0.0,1,0.782,8892,30,0
15.6833,-0.0625,-31.057,3.140,0.001,0.680,0.0,1,0.782,8891,30,0
15.7000,-0.0624,-31.067,3.133,0.009,0.680,0.0,1,0.782,8887,30,0
15.7167,-0.0622,-31.077,3.127,0.018,0.679,0.0,1,0.782,8879,30,0
15.7333,-0.0618,-31.086,3.121,0.026,0.678,0.0,1,0.782,8868,30,0
15.7500,-0.0613,-31.095,3.116,0.034,0.678,0.0,1,0.782,8854,30,0
15.7667,-0.0607,-31.104,3.110,0.042,0.677,0.0,1,0.781,8838,30,0
15.7833,-0.0599,-31.112,3.105,0.049,0.677,0.0,1,0.781,8818,30,0
15.8000,-0.0591,-31.121,3.100,0.056,0.676,0.0,1,0.780,8795,30,0
15.8167,-0.0581,-31.128,3.095,0.062,0.675,0.0,1,0.779,8770,30,0
15.8333,-0.0570,-31.136,3.091,0.068,0.675,0.0,1,0.778,8742,30,0
15.8500,-0.0558,-31.144,3.086,0.073,0.674,0.0,1,0.777,8712,29,0
15.8667,-0.0546,-31.151,3.082,0.078,0.674,0.0,1,0.776,8679,29,0
15.8833,-0.0532,-31.158,3.078,0.082,0.673,0.0,1,0.775,8645,29,0
15.9000,-0.0518,-31.165,3.074,0.086,0.672,0.0,1,0.774,8609,29,0
15.9167,-0.0504,-31.171,3.070,0.088,0.672,0.0,1,0.772,8571,29,0
15.9333,-0.0489,-31.178,3.066,0.090,0.671,0.0,1,0.771,8532,28,0
15.9500,-0.0474,-31.184,3.063,0.092,0.671,0.0,1,0.770,8491,28,0
15.9667,-0.0458,-31.191,3.059,0.092,0.670,0.0,1,0.768,8450,28,0
15.9833,-0.0443,-31.197,3.056,0.092,0.669,0.0,1,0.767,8408,28,0
16.0000,-0.0428,-31.203,3.052,0.091,0.669,0.0,1,0.765,8366,27,0
16.0167,-0.0413,-31.209,3.049,0.089,0.668,0.0,1,0.764,8323,27,0
16.0333,-0.0398,-31.216,3.045,0.086,0.668,0.0,1,0.763,8281,27,0
16.0500,-0.0384,-31.222,3.041,0.083,0.667,0.0,1,0.761,8239,27,0
16.0667,-0.0370,-31.228,3.038,0.079,0.667,0.0,1,0.760,8198,26,0
16.0833,-0.0358,-31.234,3.034,0.074,0.666,0.0,1,0.759,8159,26,0
16.1000,-0.0346,-31.241,3.030,0.068,0.665,0.0,1,0.758,8122,26,0
16.1167,-0.0335,-31.247,3.027,0.062,0.665,0.0,1,0.757,8087,26,0
16.1333,-0.0325,-31.253,3.023,0.055,0.664,0.0,1,0.756,8055,26,0
16.1500,-0.0317,-31.260,3.019,0.047,0.664,0.0,1,0.756,8027,26,0
16.1667,-0.0310,-31.266,3.015,0.039,0.663,0.0,1,0.755,8002,25,0
16.1833,-0.0304,-31.273,3.010,0.031,0.663,0.0,1,0.755,7981,25,0
16.2000,-0.0300,-31.279,3.006,0.022,0.662,0.0,1,0.754,7964,25,0
16.2167,-0.0297,-31.286,3.002,0.013,0.662,0.0,1,0.754,7952,25,0
16.2333,-0.0295,-31.293,2.997,0.004,0.661,0.0,1,0.754,7944,25,0
16.2500,-0.0295,-31.299,2.993,-0.006,0.661,0.0,1,0.754,7941,25,0
16.2667,-0.0297,-31.306,2.988,-0.015,0.660,0.0,1,0.755,7942,25,0
16.2833,-0.0300,-31.313,2.983,-0.024,0.660,0.0,1,0.755,7948,25,0
16.3000,-0.0305,-31.320,2.978,-0.033,0.659,0.0,1,0.756,7959,25,0
16.3167,-0.0311,-31.327,2.973,-0.042,0.659,0.0,1,0.757,7974,25,0
16.3333,-0.0319,-31.334,2.968,-0.050,0.658,0.0,1,0.757,7993,25,0
16.3500,-0.0328,-31.341,2.963,-0.058,0.658,0.0,1,0.759,8016,25,0
16.3667,-0.0339,-31.348,2.957,-0.066,0.657,0.0,1,0.760,8043,25,0
16.3833,-0.0350,-31.355,2.952,-0.073,0.657,0.0,1,0.761,8073,25,0
16.4000,-0.0363,-31.362,2.946,-0.079,0.656,0.0,1,0.763,8106,26,0
16.4167,-0.0377,-31.370,2.941,-0.085,0.656,0.0,1,0.764,8142,26,0
16.4333,-0.0391,-31.377,2.935,-0.090,0.655,0.0,1,0.766,8179,26,0
16.4500,-0.0407,-31.385,2.930,-0.095,0.655,0.0,1,0.767,8219,26,0
16.4667,-0.0423,-31.392,2.924,-0.098,0.654,0.0,1,0.769,8259,26,0
16.4833,-0.0439,-31.400,2.918,-0.101,0.654,0.0,1,0.771,8300,27,0
16.5000,-0.0456,-31.407,2.913,-0.103,0.653,0.0,1,0.773,8341,27,0
16.5167,-0.0474,-31.415,2.907,-0.104,0.653,0.0,1,0.775,8382,27,0
16.5333,-0.0491,-31.423,2.902,-0.105,0.652,0.0,1,0.777,8422,27,0
16.5500,-0.0508,-31.431,2.896,-0.104,0.652,0.0,1,0.779,8462,27,0
16.5667,-0.0526,-31.439,2.891,-0.103,0.651,0.0,1,0.781,8501,28,0
16.5833,-0.0543,-31.447,2.886,-0.102,0.651,0.0,1,0.783,8538,28,0
16.6000,-0.0560,-31.454,2.881,-0.099,0.650,0.0,1,0.784,8574,28,0
16.6167,-0.0576,-31.462,2.876,-0.096,0.650,0.0,1,0.786,8609,28,0
16.6333,-0.0592,-31.470,2.871,-0.092,0.649,0.0,1,0.788,8641,28,0
16.6500,-0.0607,-31.478,2.867,-0.088,0.648,0.0,1,0.790,8671,28,0
16.6667,-0.0621,-31.486,2.862,-0.083,0.648,0.0,1,0.791,8699,28,0
16.6833,-0.0634,-31.494,2.858,-0.078,0.647,0.0,1,0.793,8725,28,0
16.7000,-0.0647,-31.502,2.854,-0.072,0.647,0.0,1,0.794,8749,28,0
16.7167,-0.0658,-31.510,2.851,-0.066,0.646,0.0,1,0.796,8770,28,0
16.7333,-0.0669,-31.517,2.847,-0.060,0.646,0.0,1,0.797,8789,28,0
16.7500,-0.0678,-31.525,2.844,-0.053,0.645,0.0,1,0.798,8805,28,0
16.7667,-0.0687,-31.533,2.841,-0.046,0.645,0.0,1,0.799,8819,28,0
16.7833,-0.0693,-31.540,2.838,-0.038,0.644,0.0,1,0.800,8830,28,0
16.8000,-0.0699,-31.548,2.836,-0.031,0.644,0.0,1,0.800,8839,29,0
16.8167,-0.0704,-31.555,2.834,-0.023,0.643,0.0,1,0.801,8845,29,0
16.8333,-0.0707,-31.563,2.832,-0.015,0.642,0.0,1,0.802,8848,29,0
16.8500,-0.0709,-31.570,2.830,-0.008,0.642,0.0,1,0.802,8849,29,0
16.8667,-0.0709,-31.578,2.829,0.000,0.641,0.0,1,0.802,8848,29,0
16.8833,-0.0709,-31.585,2.827,0.008,0.641,0.0,1,0.802,8844,29,0
16.9000,-0.0707,-31.592,2.826,0.015,0.640,0.0,1,0.802,8837,29,0
16.9167,-0.0704,-31.600,2.826,0.023,0.639,0.0,1,0.802,8828,29,0
16.9333,-0.0699,-31.607,2.825,0.030,0.639,0.0,1,0.802,8816,29,0
16.9500,-0.0694,-31.614,2.825,0.037,0.638,0.0,1,0.801,8802,29,0
16.9667,-0.0687,-31.621,2.825,0.044,0.638,0.0,1,0.801,8786,29,0
16.9833,-0.0679,-31.629,2.825,0.050,0.637,0.0,1,0.800,8767,29,0
17.0000,-0.0670,-31.636,2.826,0.056,0.636,0.0,1,0.799,8746,29,0
17.0167,-0.0660,-31.643,2.826,0.061,0.636,0.0,1,0.798,8724,29,0
17.0333,-0.0650,-31.650,2.827,0.066,0.635,0.0,1,0.797,8699,29,0
17.0500,-0.0638,-31.658,2.828,0.071,0.635,0.0,1,0.796,8672,29,0
17.0667,-0.0626,-31.665,2.829,0.075,0.634,0.0,1,0.795,8643,29,0
17.0833,-0.0613,-31.672,2.831,0.079,0.633,0.0,1,0.794,8614,28,0
17.1000,-0.0600,-31.680,2.832,0.081,0.633,0.0,1,0.793,8582,28,0
17.1167,-0.0586,-31.687,2.834,0.084,0.632,0.0,1,0.792,8549,28,0
17.1333,-0.0572,-31.695,2.836,0.085,0.632,0.0,1,0.791,8515,28,0
17.1500,-0.0558,-31.702,2.838,0.086,0.631,0.0,1,0.789,8480,27,0
17.1667,-0.0543,-31.710,2.840,0.087,0.631,0.0,1,0.788,8443,27,0
17.1833,-0.0529,-31.718,2.842,0.086,0.630,0.0,1,0.787,8407,27,0
17.2000,-0.0515,-31.725,2.844,0.085,0.629,0.0,1,0.785,8369,27,0
17.2167,-0.0501,-31.733,2.846,0.083,0.629,0.0,1,0.784,8332,26,0
17.2333,-0.0487,-31.741,2.848,0.081,0.628,0.0,1,0.783,8295,26,0
17.2500,-0.0474,-31.749,2.850,0.078,0.628,0.0,1,0.782,8258,26,0
17.2667,-0.0461,-31.757,2.852,0.074,0.627,0.0,1,0.780,8222,26,0
17.2833,-0.0449,-31.766,2.854,0.069,0.627,0.0,1,0.779,8187,25,0
17.3000,-0.0438,-31.774,2.856,0.064,0.626,0.0,1,0.778,8154,25,0
17.3167,-0.0428,-31.782,2.858,0.059,0.626,0.0,1,0.778,8123,25,0
17.3333,-0.0418,-31.790,2.860,0.052,0.625,0.0,1,0.777,8094,25,0
17.3500,-0.0410,-31.799,2.861,0.046,0.625,0.0,1,0.776,8068,24,0
17.3667,-0.0403,-31.807,2.863,0.038,0.624,0.0,1,0.776,8045,24,0
17.3833,-0.0397,-31.815,2.865,0.031,0.624,0.0,1,0.775,8026,24,0
17.4000,-0.0393,-31.823,2.866,0.023,0.623,0.0,1,0.775,8009,24,0
17.4167,-0.0390,-31.832,2.867,0.015,0.623,0.0,1,0.775,7997,24,0
17.4333,-0.0388,-31.840,2.869,0.006,0.622,0.0,1,0.775,7988,24,0
17.4500,-0.0388,-31.848,2.870,-0.002,0.622,0.0,1,0.775,7983,24,0
17.4667,-0.0389,-31.856,2.871,-0.011,0.621,0.0,1,0.775,7982,24,0
17.4833,-0.0391,-31.865,2.872,-0.019,0.621,0.0,1,0.775,7985,24,0
17.5000,-0.0395,-31.873,2.873,-0.028,0.620,0.0,1,0.776,7992,23,0
17.5167,-0.0401,-31.881,2.873,-0.036,0.620,0.0,1,0.777,8002,23,0
17.5333,-0.0407,-31.889,2.874,-0.044,0.619,0.0,1,0.777,8017,24,0
17.5500,-0.0415,-31.897,2.875,-0.052,0.619,0.0,1,0.778,8034,24,0
17.5667,-0.0424,-31.905,2.875,-0.059,0.618,0.0,1,0.779,8055,24,0
17.5833,-0.0435,-31.914,2.876,-0.066,0.618,0.0,1,0.781,8080,24,0
17.6000,-0.0446,-31.922,2.876,-0.072,0.617,0.0,1,0.782,8106,24,0
17.6167,-0.0459,-31.930,2.876,-0.078,0.617,0.0,1,0.783,8136,24,0
17.6333,-0.0472,-31.939,2.877,-0.083,0.616,0.0,1,0.785,8167,24,0
17.6500,-0.0486,-31.948,2.877,-0.088,0.616,0.0,1,0.787,8199,24,0
17.6667,-0.0501,-31.956,2.877,-0.092,0.615,0.0,1,0.788,8233,25,0
17.6833,-0.0517,-31.965,2.878,-0.095,0.615,0.0,1,0.790,8268,25,0
17.7000,-0.0533,-31.974,2.878,-0.098,0.615,0.0,1,0.792,8303,25,0
17.7167,-0.0550,-31.984,2.879,-0.100,0.614,0.0,1,0.794,8338,25,0
17.7333,-0.0566,-31.993,2.879,-0.101,0.614,0.0,1,0.795,8373,25,0
17.7500,-0.0583,-32.003,2.880,-0.102,0.613,0.0,1,0.797,8408,26,0
17.7667,-0.0600,-32.013,2.880,-0.102,0.613,0.0,1,0.799,8442,26,0
17.7833,-0.0617,-32.023,2.881,-0.102,0.612,0.0,1,0.801,8475,26,0
17.8000,-0.0634,-32.034,2.882,-0.100,0.612,0.0,1,0.803,8508,26,0
17.8167,-0.0651,-32.044,2.883,-0.099,0.611,0.0,1,0.805,8539,26,0
17.8333,-0.0667,-32.055,2.885,-0.096,0.611,0.0,1,0.807,8569,26,0
17.8500,-0.0683,-32.066,2.886,-0.093,0.610,0.0,1,0.808,8598,26,0
17.8667,-0.0698,-32.078,2.888,-0.090,0.610,0.0,1,0.810,8625,27,0
17.8833,-0.0713,-32.090,2.890,-0.086,0.609,0.0,1,0.812,8650,27,0
17.9000,-0.0727,-32.102,2.892,-0.082,0.609,0.0,1,0.813,8674,27,0
17.9167,-0.0740,-32.114,2.894,-0.077,0.608,0.0,1,0.815,8695,27,0
17.9333,-0.0753,-32.127,2.897,-0.072,0.608,0.0,1,0.817,8715,27,0
17.9500,-0.0764,-32.140,2.899,-0.066,0.607,0.0,1,0.818,8734,27,0
17.9667,-0.0775,-32.153,2.902,-0.061,0.607,0.0,1,0.819,8750,27,0
17.9833,-0.0784,-32.166,2.906,-0.055,0.606,0.0,1,0.820,8764,27,0
18.0000,-0.0793,-32.180,2.909,-0.048,0.606,0.0,1,0.821,8777,27,0
18.0167,-0.0800,-32.194,2.913,-0.042,0.605,0.0,1,0.822,8787,27,0
18.0333,-0.0807,-32.209,2.917,-0.035,0.604,0.0,1,0.823,8795,27,0
18.0500,-0.0812,-32.223,2.922,-0.028,0.604,0.0,1,0.824,8802,27,0
18.0667,-0.0816,-32.239,2.926,-0.021,0.603,0.0,1,0.825,8806,27,0
18.0833,-0.0819,-32.254,2.931,-0.014,0.603,0.0,1,0.825,8808,28,0
18.1000,-0.0821,-32.269,2.936,-0.007,0.602,0.0,1,0.826,8808,28,0
18.1167,-0.0822,-32.285,2.941,-0.000,0.602,0.0,1,0.826,8806,28,0
18.1333,-0.0821,-32.302,2.947,0.006,0.601,0.0,1,0.826,8802,28,0
18.1500,-0.0820,-32.318,2.953,0.013,0.600,0.0,1,0.827,8795,28,0
18.1667,-0.0817,-32.335,2.959,0.020,0.600,0.0,1,0.827,8787,28,0
18.1833,-0.0813,-32.353,2.965,0.026,0.599,0.0,1,0.826,8777,28,0
18.2000,-0.0808,-32.370,2.971,0.032,0.599,0.0,1,0.826,8764,28,0
18.2167,-0.0802,-32.388,2.978,0.038,0.598,0.0,1,0.826,8750,28,0
18.2333,-0.0795,-32.406,2.985,0.044,0.598,0.0,1,0.826,8735,28,0
18.2500,-0.0787,-32.425,2.992,0.049,0.597,0.0,1,0.825,8717,28,0
18.2667,-0.0779,-32.443,3.000,0.054,0.596,0.0,1,0.825,8698,28,0
18.2833,-0.0769,-32.463,3.007,0.059,0.596,0.0,1,0.824,8676,28,0
18.3000,-0.0759,-32.482,3.015,0.063,0.595,0.0,1,0.823,8654,28,0
18.3167,-0.0748,-32.502,3.023,0.067,0.595,0.0,1,0.822,8630,28,0
18.3333,-0.0737,-32.522,3.031,0.070,0.594,0.0,1,0.822,8605,28,0
18.3500,-0.0725,-32.542,3.039,0.073,0.594,0.0,1,0.821,8578,28,0
18.3667,-0.0713,-32.563,3.047,0.075,0.593,0.0,1,0.820,8550,28,0
18.3833,-0.0700,-32.584,3.056,0.077,0.592,0.0,1,0.819,8521,28,0
18.4000,-0.0687,-32.605,3.065,0.078,0.592,0.0,1,0.818,8491,27,0
18.4167,-0.0674,-32.626,3.073,0.078,0.591,0.0,1,0.817,8461,27,0
18.4333,-0.0661,-32.648,3.082,0.078,0.591,0.0,1,0.816,8429,27,0
18.4500,-0.0648,-32.670,3.091,0.078,0.590,0.0,1,0.815,8397,27,0
18.4667,-0.0635,-32.692,3.100,0.076,0.590,0.0,1,0.814,8366,27,0
18.4833,-0.0623,-32.715,3.109,0.075,0.589,0.0,1,0.813,8334,26,0
18.5000,-0.0611,-32.737,3.118,0.072,0.588,0.0,1,0.813,8302,26,0
18.5167,-0.0599,-32.760,3.127,0.069,0.588,0.0,1,0.812,8270,26,0
18.5333,-0.0587,-32.782,3.136,0.066,0.587,0.0,1,0.811,8240,26,0
18.5500,-0.0577,-32.805,3.145,0.062,0.587,0.0,1,0.810,8210,26,0
18.5667,-0.0567,-32.828,3.154,0.057,0.586,0.0,1,0.810,8181,25,0
18.5833,-0.0558,-32.851,3.163,0.052,0.586,0.0,1,0.809,8154,25,0
18.6000,-0.0550,-32.873,3.171,0.046,0.585,0.0,1,0.809,8129,25,0
18.6167,-0.0543,-32.896,3.180,0.040,0.585,0.0,1,0.808,8106,25,0
18.6333,-0.0537,-32.919,3.189,0.033,0.584,0.0,1,0.808,8086,24,0
18.6500,-0.0532,-32.941,3.197,0.026,0.584,0.0,1,0.808,8068,24,0
18.6667,-0.0528,-32.963,3.206,0.019,0.583,0.0,1,0.808,8053,24,0
18.6833,-0.0525,-32.985,3.214,0.012,0.583,0.0,1,0.808,8040,24,0
18.7000,-0.0524,-33.007,3.223,0.004,0.582,0.0,1,0.808,8031,24,0
18.7167,-0.0524,-33.029,3.231,-0.003,0.582,0.0,1,0.809,8026,24,0
18.7333,-0.0525,-33.051,3.239,-0.011,0.581,0.0,1,0.809,8023,24,0
18.7500,-0.0528,-33.072,3.247,-0.019,0.581,0.0,1,0.810,8024,24,0
18.7667,-0.0531,-33.093,3.255,-0.027,0.580,0.0,1,0.811,8028,24,0
18.7833,-0.0536,-33.114,3.263,-0.034,0.580,0.0,1,0.811,8035,23,0
18.8000,-0.0543,-33.135,3.271,-0.042,0.579,0.0,1,0.812,8045,23,0
18.8167,-0.0550,-33.156,3.279,-0.049,0.579,0.0,1,0.813,8059,23,0
18.8333,-0.0559,-33.177,3.287,-0.056,0.578,0.0,1,0.815,8075,24,0
18.8500,-0.0569,-33.197,3.294,-0.063,0.578,0.0,1,0.816,8094,24,0
18.8667,-0.0580,-33.218,3.302,-0.069,0.578,0.0,1,0.817,8115,25,0
18.8833,-0.0592,-33.238,3.309,-0.074,0.577,0.0,1,0.819,8138,26,0
18.9000,-0.0605,-33.259,3.317,-0.080,0.577,0.0,1,0.821,8163,26,0
18.9167,-0.0618,-33.279,3.325,-0.084,0.576,0.0,1,0.822,8190,27,0
18.9333,-0.0633,-33.300,3.332,-0.089,0.576,0.0,1,0.824,8218,24,0
18.9500,-0.0648,-33.321,3.340,-0.092,0.575,0.0,1,0.826,8247,24,0
18.9667,-0.0664,-33.343,3.347,-0.096,0.575,0.0,1,0.828,8277,24,0
18.9833,-0.0680,-33.364,3.355,-0.098,0.575,0.0,1,0.830,8308,24,0
19.0000,-0.0696,-33.386,3.363,-0.100,0.574,0.0,1,0.832,8339,24,0
19.0167,-0.0713,-33.408,3.370,-0.102,0.574,0.0,1,0.834,8371,24,0
19.0333,-0.0730,-33.430,3.378,-0.103,0.573,0.0,1,0.836,8402,25,0
19.0500,-0.0747,-33.453,3.386,-0.103,0.573,0.0,1,0.838,8433,25,0
19.0667,-0.0765,-33.476,3.394,-0.103,0.572,0.0,1,0.840,8464,25,0
19.0833,-0.0782,-33.500,3.402,-0.102,0.572,0.0,1,0.842,8494,25,0
19.1000,-0.0798,-33.524,3.411,-0.100,0.571,0.0,1,0.845,8523,25,0
19.1167,-0.0815,-33.548,3.419,-0.098,0.571,0.0,1,0.847,8551,25,0
19.1333,-0.0831,-33.573,3.428,-0.096,0.570,0.0,1,0.849,8578,25,0
19.1500,-0.0847,-33.599,3.437,-0.093,0.570,0.0,1,0.851,8603,25,0
19.1667,-0.0862,-33.625,3.446,-0.089,0.569,0.0,1,0.853,8627,26,0
19.1833,-0.0877,-33.652,3.455,-0.086,0.569,0.0,1,0.855,8649,26,0
19.2000,-0.0890,-33.679,3.464,-0.081,0.568,0.0,1,0.856,8669,26,0
19.2167,-0.0904,-33.707,3.474,-0.077,0.568,0.0,1,0.858,8687,26,0
19.2333,-0.0916,-33.736,3.484,-0.072,0.567,0.0,1,0.860,8704,26,0
19.2500,-0.0928,-33.765,3.494,-0.067,0.567,0.0,1,0.861,8719,26,0
19.2667,-0.0938,-33.794,3.505,-0.061,0.566,0.0,1,0.863,8733,26,0
19.2833,-0.0948,-33.825,3.515,-0.056,0.565,0.0,1,0.865,8744,27,0
19.3000,-0.0957,-33.856,3.526,-0.050,0.565,0.0,1,0.866,8754,27,0
19.3167,-0.0964,-33.887,3.538,-0.044,0.564,0.0,1,0.867,8762,27,0
19.3333,-0.0971,-33.919,3.549,-0.037,0.564,0.0,1,0.868,8768,27,0
19.3500,-0.0977,-33.952,3.561,-0.031,0.563,0.0,1,0.870,8773,27,0
19.3667,-0.0982,-33.986,3.573,-0.025,0.563,0.0,1,0.871,8776,28,0
19.3833,-0.0985,-34.020,3.586,-0.019,0.562,0.0,1,0.872,8777,28,0
19.4000,-0.0988,-34.054,3.599,-0.012,0.562,0.0,1,0.872,8777,28,0
19.4167,-0.0989,-34.090,3.612,-0.006,0.561,0.0,1,0.873,8774,28,0
19.4333,-0.0990,-34.126,3.625,0.000,0.560,0.0,1,0.874,8770,28,0
19.4500,-0.0989,-34.163,3.638,0.006,0.560,0.0,1,0.874,8765,29,0
19.4667,-0.0988,-34.200,3.652,0.012,0.559,0.0,1,0.875,8758,29,0
19.4833,-0.0985,-34.238,3.666,0.018,0.559,0.0,1,0.875,8749,29,0
19.5000,-0.0982,-34.276,3.681,0.024,0.558,0.0,1,0.875,8739,29,0
19.5167,-0.0977,-34.316,3.695,0.029,0.558,0.0,1,0.876,8727,29,0
19.5333,-0.0972,-34.355,3.710,0.035,0.557,0.0,1,0.876,8714,29,0
19.5500,-0.0966,-34.396,3.725,0.039,0.556,0.0,1,0.876,8699,29,0
19.5667,-0.0959,-34.437,3.740,0.044,0.556,0.0,1,0.876,8682,30,0
19.5833,-0.0951,-34.479,3.756,0.048,0.555,0.0,1,0.876,8664,30,0
19.6000,-0.0943,-34.521,3.772,0.052,0.555,0.0,1,0.875,8644,30,0
19.6167,-0.0934,-34.564,3.787,0.056,0.554,0.0,1,0.875,8622,30,0
19.6333,-0.0924,-34.607,3.803,0.059,0.553,0.0,1,0.875,8599,30,0
19.6500,-0.0914,-34.651,3.819,0.061,0.553,0.0,1,0.875,8574,30,0
19.6667,-0.0904,-34.695,3.835,0.063,0.552,0.0,1,0.874,8549,30,0
19.6833,-0.0893,-34.740,3.852,0.065,0.551,0.0,1,0.874,8522,30,0
19.7000,-0.0882,-34.785,3.868,0.066,0.551,0.0,1,0.874,8494,30,0
19.7167,-0.0871,-34.831,3.884,0.067,0.550,0.0,1,0.873,8465,29,0
19.7333,-0.0860,-34.877,3.901,0.067,0.550,0.0,1,0.873,8435,29,0
19.7500,-0.0849,-34.923,3.917,0.066,0.549,0.0,1,0.873,8405,29,0
19.7667,-0.0838,-34.969,3.933,0.065,0.548,0.0,1,0.872,8375,29,0
19.7833,-0.0827,-35.016,3.950,0.063,0.548,0.0,1,0.872,8344,29,0
19.8000,-0.0817,-35.063,3.966,0.061,0.547,0.0,1,0.872,8314,29,0
19.8167,-0.0807,-35.110,3.982,0.058,0.547,0.0,1,0.871,8284,29,0
19.8333,-0.0797,-35.157,3.998,0.055,0.546,0.0,1,0.871,8254,28,0
19.8500,-0.0788,-35.204,4.014,0.051,0.546,0.0,1,0.871,8225,28,0
19.8667,-0.0780,-35.251,4.030,0.047,0.545,0.0,1,0.871,8198,28,0
19.8833,-0.0773,-35.297,4.046,0.042,0.544,0.0,1,0.871,8171,28,0
19.9000,-0.0766,-35.344,4.062,0.036,0.544,0.0,1,0.871,8147,27,0
19.9167,-0.0761,-35.390,4.077,0.030,0.543,0.0,1,0.871,8124,27,0
19.9333,-0.0756,-35.436,4.092,0.024,0.543,0.0,1,0.872,8104,27,0
19.9500,-0.0753,-35.482,4.108,0.018,0.542,0.0,1,0.872,8086,27,0
19.9667,-0.0750,-35.528,4.123,0.011,0.542,0.0,1,0.873,8071,27,0
19.9833,-0.0749,-35.573,4.137,0.004,0.541,0.0,1,0.873,8059,26,0
20.0000,-0.0749,-35.617,4.152,-0.004,0.540,0.0,1,0.874,8050,26,0
20.0167,-0.0751,-35.662,4.166,-0.011,0.540,0.0,1,0.875,8044,26,0
20.0333,-0.0753,-35.706,4.181,-0.019,0.539,0.0,1,0.876,8041,26,0
20.0500,-0.0757,-35.749,4.195,-0.026,0.539,0.0,1,0.877,8041,26,0
20.0667,-0.0762,-35.792,4.209,-0.034,0.538,0.0,1,0.878,8044,26,0
20.0833,-0.0768,-35.835,4.222,-0.041,0.538,0.0,1,0.879,8050,26,0
20.1000,-0.0776,-35.877,4.236,-0.048,0.537,0.0,1,0.881,8060,26,0
20.1167,-0.0784,-35.919,4.249,-0.056,0.537,0.0,1,0.882,8072,26,0
20.1333,-0.0794,-35.960,4.263,-0.062,0.536,0.0,1,0.884,8087,26,0
20.1500,-0.0805,-36.001,4.276,-0.069,0.536,0.0,1,0.886,8105,27,0
20.1667,-0.0817,-36.042,4.289,-0.075,0.535,0.0,1,0.888,8125,27,0
20.1833,-0.0830,-36.083,4.302,-0.080,0.535,0.0,1,0.890,8147,28,0
20.2000,-0.0844,-36.124,4.314,-0.086,0.534,0.0,1,0.892,8172,28,0
20.2167,-0.0858,-36.164,4.327,-0.090,0.534,0.0,1,0.894,8198,29,0
20.2333,-0.0874,-36.205,4.340,-0.094,0.533,0.0,1,0.896,8226,30,0
20.2500,-0.0890,-36.245,4.352,-0.098,0.533,0.0,1,0.898,8255,30,0
20.2667,-0.0906,-36.286,4.365,-0.101,0.532,0.0,1,0.901,8286,31,0
20.2833,-0.0923,-36.327,4.377,-0.103,0.532,0.0,1,0.903,8317,31,0
20.3000,-0.0941,-36.368,4.390,-0.105,0.532,0.0,1,0.905,8349,32,0
20.3167,-0.0959,-36.409,4.402,-0.106,0.531,0.0,1,0.908,8381,32,0
20.3333,-0.0976,-36.451,4.415,-0.107,0.531,0.0,1,0.910,8413,32,0
20.3500,-0.0994,-36.493,4.427,-0.107,0.530,0.0,1,0.913,8444,32,0
20.3667,-0.1012,-36.535,4.440,-0.107,0.530,0.0,1,0.915,8475,32,0
20.3833,-0.1030,-36.578,4.453,-0.105,0.529,0.0,1,0.918,8505,32,0
20.4000,-0.1047,-36.621,4.466,-0.104,0.529,0.0,1,0.920,8534,32,0
20.4167,-0.1064,-36.665,4.478,-0.102,0.528,0.0,1,0.923,8562,32,0
20.4333,-0.1081,-36.709,4.491,-0.099,0.528,0.0,1,0.925,8589,32,0
20.4500,-0.1097,-36.753,4.504,-0.096,0.527,0.0,1,0.927,8615,32,0
20.4667,-0.1113,-36.799,4.518,-0.092,0.527,0.0,1,0.930,8640,31,0
20.4833,-0.1128,-36.844,4.531,-0.088,0.526,0.0,1,0.932,8665,31,0
20.5000,-0.1142,-36.891,4.545,-0.083,0.526,0.0,1,0.934,8688,31,0
20.5167,-0.1156,-36.937,4.559,-0.078,0.525,0.0,1,0.936,8710,30,0
20.5333,-0.1168,-36.984,4.573,-0.073,0.525,0.0,1,0.938,8730,30,0
20.5500,-0.1180,-37.032,4.587,-0.067,0.524,0.0,1,0.940,8749,30,0
20.5667,-0.1191,-37.080,4.601,-0.061,0.524,0.0,1,0.942,8765,30,0
20.5833,-0.1200,-37.129,4.616,-0.055,0.523,0.0,1,0.944,8781,30,0
20.6000,-0.1209,-37.178,4.630,-0.049,0.522,0.0,1,0.945,8794,30,0
20.6167,-0.1217,-37.228,4.645,-0.042,0.522,0.0,1,0.947,8805,30,0
20.6333,-0.1223,-37.278,4.660,-0.035,0.521,0.0,1,0.948,8814,31,0
20.6500,-0.1228,-37.328,4.676,-0.028,0.521,0.0,1,0.950,8820,31,0
20.6667,-0.1232,-37.379,4.691,-0.021,0.520,0.0,1,0.951,8825,31,0
20.6833,-0.1235,-37.430,4.707,-0.014,0.519,0.0,1,0.952,8827,31,0
20.7000,-0.1237,-37.481,4.723,-0.006,0.519,0.0,1,0.953,8827,32,0
20.7167,-0.1237,-37.533,4.739,0.001,0.518,0.0,1,0.954,8824,32,0
20.7333,-0.1237,-37.585,4.755,0.008,0.517,0.0,1,0.955,8819,32,0
20.7500,-0.1235,-37.637,4.771,0.015,0.517,0.0,1,0.955,8812,33,0
20.7667,-0.1232,-37.690,4.787,0.022,0.516,0.0,1,0.956,8802,33,0
20.7833,-0.1227,-37.742,4.804,0.028,0.515,0.0,1,0.956,8789,33,0
20.8000,-0.1222,-37.795,4.820,0.034,0.515,0.0,1,0.957,8775,34,0
20.8167,-0.1216,-37.848,4.837,0.040,0.514,0.0,1,0.957,8757,34,0
20.8333,-0.1209,-37.901,4.853,0.046,0.513,0.0,1,0.957,8738,34,0
20.8500,-0.1201,-37.954,4.870,0.051,0.513,0.0,1,0.957,8716,35,0
20.8667,-0.1192,-38.007,4.887,0.056,0.512,0.0,1,0.957,8692,35,0
20.8833,-0.1182,-38.060,4.903,0.060,0.511,0.0,1,0.957,8666,35,0
20.9000,-0.1172,-38.113,4.920,0.064,0.510,0.0,1,0.957,8638,35,0
20.9167,-0.1161,-38.166,4.936,0.067,0.510,0.0,1,0.956,8608,35,0
20.9333,-0.1149,-38.219,4.953,0.070,0.509,0.0,1,0.956,8577,35,0
20.9500,-0.1137,-38.271,4.969,0.072,0.508,0.0,1,0.956,8544,35,0
20.9667,-0.1125,-38.324,4.985,0.073,0.508,0.0,1,0.955,8509,35,0
20.9833,-0.1113,-38.376,5.002,0.074,0.507,0.0,1,0.955,8474,35,0
21.0000,-0.1101,-38.427,5.017,0.074,0.506,0.0,1,0.954,8437,35,0
21.0167,-0.1088,-38.478,5.033,0.073,0.505,0.0,1,0.954,8400,35,0
21.0333,-0.1076,-38.529,5.049,0.072,0.505,0.0,1,0.953,8362,35,0
21.0500,-0.1064,-38.579,5.064,0.070,0.504,0.0,1,0.953,8325,35,0
21.0667,-0.1053,-38.628,5.079,0.067,0.503,0.0,1,0.953,8289,35,0
21.0833,-0.1042,-38.677,5.094,0.064,0.503,0.0,1,0.952,8253,34,0
21.1000,-0.1032,-38.725,5.109,0.060,0.502,0.0,1,0.952,8219,34,0
21.1167,-0.1022,-38.772,5.123,0.055,0.501,0.0,1,0.952,8186,34,0
21.1333,-0.1014,-38.818,5.137,0.050,0.501,0.0,1,0.952,8155,33,0
21.1500,-0.1006,-38.863,5.151,0.044,0.500,0.0,1,0.952,8127,33,0
21.1667,-0.0999,-38.907,5.164,0.038,0.499,0.0,1,0.952,8101,33,0
21.1833,-0.0993,-38.949,5.177,0.031,0.499,0.0,1,0.952,8078,32,0
21.2000,-0.0989,-38.991,5.190,0.024,0.498,0.0,1,0.952,8058,32,0
21.2167,-0.0985,-39.032,5.203,0.016,0.497,0.0,1,0.952,8042,32,0
21.2333,-0.0983,-39.071,5.215,0.008,0.497,0.0,1,0.953,8029,31,0
21.2500,-0.0983,-39.109,5.227,0.000,0.496,0.0,1,0.953,8020,31,0
21.2667,-0.0983,-39.145,5.239,-0.008,0.495,0.0,1,0.954,8014,31,0
21.2833,-0.0985,-39.181,5.250,-0.016,0.495,0.0,1,0.954,8013,30,0
21.3000,-0.0989,-39.215,5.261,-0.024,0.494,0.0,1,0.955,8016,30,0
21.3167,-0.0993,-39.247,5.272,-0.032,0.493,0.0,1,0.956,8022,30,0
21.3333,-0.0999,-39.279,5.282,-0.040,0.493,0.0,1,0.957,8032,30,0
21.3500,-0.1006,-39.309,5.292,-0.047,0.492,0.0,1,0.959,8046,30,0
21.3667,-0.1015,-39.338,5.302,-0.055,0.492,0.0,1,0.960,8064,30,0
21.3833,-0.1025,-39.366,5.311,-0.061,0.491,0.0,1,0.961,8085,31,0
21.4000,-0.1035,-39.392,5.321,-0.068,0.491,0.0,1,0.963,8109,31,0
21.4167,-0.1047,-39.417,5.329,-0.074,0.490,0.0,1,0.964,8137,32,0
21.4333,-0.1060,-39.441,5.338,-0.079,0.489,0.0,1,0.966,8167,32,0
21.4500,-0.1074,-39.464,5.347,-0.084,0.489,0.0,1,0.968,8199,33,0
21.4667,-0.1088,-39.486,5.355,-0.088,0.488,0.0,1,0.969,8234,34,0
21.4833,-0.1103,-39.507,5.363,-0.091,0.488,0.0,1,0.971,8270,34,0
21.5000,-0.1118,-39.527,5.370,-0.094,0.487,0.0,1,0.973,8308,35,0
21.5167,-0.1134,-39.547,5.378,-0.096,0.487,0.0,1,0.975,8346,36,0
21.5333,-0.1150,-39.565,5.385,-0.097,0.486,0.0,1,0.977,8385,36,0
21.5500,-0.1166,-39.582,5.392,-0.098,0.486,0.0,1,0.979,8425,36,0
21.5667,-0.1183,-39.599,5.399,-0.097,0.485,0.0,1,0.981,8465,37,0
21.5833,-0.1199,-39.615,5.406,-0.096,0.485,0.0,1,0.982,8504,37,0
21.6000,-0.1215,-39.631,5.412,-0.094,0.484,0.0,1,0.984,8543,37,0
21.6167,-0.1230,-39.646,5.419,-0.092,0.484,0.0,1,0.986,8580,37,0
21.6333,-0.1245,-39.660,5.425,-0.089,0.483,0.0,1,0.988,8616,36,0
21.6500,-0.1260,-39.674,5.431,-0.085,0.483,0.0,1,0.989,8650,36,0
21.6667,-0.1274,-39.687,5.437,-0.081,0.482,0.0,1,0.991,8682,36,0
21.6833,-0.1287,-39.699,5.443,-0.076,0.482,0.0,1,0.992,8712,35,0
21.7000,-0.1299,-39.711,5.449,-0.070,0.481,0.0,1,0.994,8739,35,0
21.7167,-0.1310,-39.723,5.455,-0.064,0.481,0.0,1,0.995,8763,35,0
21.7333,-0.1320,-39.733,5.461,-0.058,0.480,0.0,1,0.996,8785,34,0
21.7500,-0.1329,-39.744,5.466,-0.051,0.479,0.0,1,0.997,8804,34,0
21.7667,-0.1337,-39.753,5.472,-0.044,0.479,0.0,1,0.998,8820,34,0
21.7833,-0.1344,-39.763,5.478,-0.037,0.478,0.0,1,0.999,8833,34,0
21.8000,-0.1349,-39.771,5.483,-0.029,0.477,0.0,1,1.000,8843,34,0
21.8167,-0.1353,-39.779,5.489,-0.022,0.477,0.0,1,1.000,8850,34,0
21.8333,-0.1356,-39.787,5.494,-0.014,0.476,0.0,1,1.001,8854,35,0
21.8500,-0.1358,-39.794,5.500,-0.006,0.475,0.0,1,1.001,8855,35,0
21.8667,-0.1358,-39.800,5.506,0.002,0.475,0.0,1,1.001,8853,35,0
21.8833,-0.1358,-39.806,5.511,0.009,0.474,0.0,1,1.001,8848,36,0
21.9000,-0.1355,-39.812,5.517,0.017,0.473,0.0,1,1.001,8840,36,0
21.9167,-0.1352,-39.817,5.523,0.024,0.473,0.0,1,1.001,8829,37,0
21.9333,-0.1347,-39.821,5.528,0.031,0.472,0.0,1,1.000,8815,37,0
21.9500,-0.1342,-39.825,5.534,0.038,0.471,0.0,1,1.000,8798,37,0
21.9667,-0.1335,-39.829,5.539,0.044,0.470,0.0,1,0.999,8778,37,0
21.9833,-0.1327,-39.832,5.545,0.050,0.470,0.0,1,0.998,8756,38,0
22.0000,-0.1318,-39.834,5.550,0.056,0.469,0.0,1,0.997,8732,38,0
22.0167,-0.1308,-39.836,5.556,0.061,0.468,0.0,1,0.996,8705,38,0
22.0333,-0.1298,-39.838,5.561,0.065,0.467,0.0,1,0.995,8675,38,0
22.0500,-0.1287,-39.839,5.566,0.069,0.467,0.0,1,0.994,8644,38,0
22.0667,-0.1275,-39.839,5.571,0.072,0.466,0.0,1,0.993,8611,38,0
22.0833,-0.1263,-39.839,5.576,0.075,0.465,0.0,1,0.992,8576,38,0
22.1000,-0.1250,-39.839,5.581,0.077,0.464,0.0,1,0.990,8540,38,0
22.1167,-0.1237,-39.838,5.586,0.078,0.464,0.0,1,0.989,8502,38,0
22.1333,-0.1224,-39.836,5.590,0.079,0.463,0.0,1,0.988,8464,38,0
22.1500,-0.1211,-39.834,5.595,0.079,0.462,0.0,1,0.986,8425,38,0
22.1667,-0.1197,-39.832,5.599,0.078,0.461,0.0,1,0.985,8387,37,0
22.1833,-0.1185,-39.828,5.603,0.076,0.461,0.0,1,0.984,8348,37,0
22.2000,-0.1172,-39.825,5.607,0.074,0.460,0.0,1,0.982,8310,37,0
22.2167,-0.1160,-39.820,5.610,0.071,0.459,0.0,1,0.981,8274,36,0
22.2333,-0.1148,-39.815,5.614,0.067,0.458,0.0,1,0.980,8238,36,0
22.2500,-0.1138,-39.810,5.617,0.063,0.458,0.0,1,0.978,8205,36,0
22.2667,-0.1127,-39.803,5.620,0.058,0.457,0.0,1,0.977,8173,35,0
22.2833,-0.1118,-39.796,5.623,0.053,0.456,0.0,1,0.976,8144,35,0
22.3000,-0.1110,-39.789,5.625,0.047,0.456,0.0,1,0.975,8118,34,0
22.3167,-0.1103,-39.780,5.627,0.040,0.455,0.0,1,0.974,8094,34,0
22.3333,-0.1097,-39.771,5.629,0.033,0.454,0.0,1,0.974,8074,33,0
22.3500,-0.1092,-39.761,5.631,0.026,0.454,0.0,1,0.973,8057,33,0
22.3667,-0.1088,-39.751,5.633,0.019,0.453,0.0,1,0.972,8043,32,0
22.3833,-0.1085,-39.740,5.634,0.011,0.452,0.0,1,0.972,8033,32,0
22.4000,-0.1084,-39.728,5.635,0.003,0.452,0.0,1,0.972,8026,31,0
22.4167,-0.1084,-39.715,5.636,-0.005,0.451,0.0,1,0.971,8023,31,0
22.4333,-0.1086,-39.702,5.637,-0.012,0.451,0.0,1,0.971,8024,30,0
22.4500,-0.1088,-39.688,5.637,-0.020,0.450,0.0,1,0.971,8029,30,0
22.4667,-0.1092,-39.674,5.637,-0.028,0.449,0.0,1,0.971,8037,30,0
22.4833,-0.1098,-39.659,5.637,-0.035,0.449,0.0,1,0.972,8048,31,0
22.5000,-0.1104,-39.644,5.637,-0.043,0.448,0.0,1,0.972,8063,31,0
22.5167,-0.1112,-39.628,5.637,-0.049,0.448,0.0,1,0.973,8081,32,0
22.5333,-0.1121,-39.611,5.636,-0.056,0.447,0.0,1,0.973,8102,32,0
22.5500,-0.1131,-39.595,5.635,-0.062,0.447,0.0,1,0.974,8126,33,0
22.5667,-0.1141,-39.578,5.635,-0.067,0.446,0.0,1,0.975,8152,34,0
22.5833,-0.1153,-39.561,5.634,-0.072,0.446,0.0,1,0.976,8180,34,0
22.6000,-0.1165,-39.543,5.632,-0.077,0.445,0.0,1,0.977,8211,35,0
22.6167,-0.1179,-39.526,5.631,-0.080,0.445,0.0,1,0.978,8243,36,0
22.6333,-0.1192,-39.509,5.630,-0.084,0.445,0.0,1,0.979,8276,36,0
22.6500,-0.1206,-39.491,5.628,-0.086,0.444,0.0,1,0.980,8310,37,0
22.6667,-0.1221,-39.474,5.627,-0.088,0.444,0.0,1,0.981,8344,37,0
22.6833,-0.1236,-39.457,5.625,-0.089,0.444,0.0,1,0.982,8379,38,0
22.7000,-0.1251,-39.440,5.624,-0.090,0.443,0.0,1,0.983,8413,38,0
22.7167,-0.1266,-39.423,5.622,-0.089,0.443,0.0,1,0.985,8447,37,0
22.7333,-0.1280,-39.407,5.620,-0.089,0.442,0.0,1,0.986,8480,37,0
22.7500,-0.1295,-39.390,5.619,-0.087,0.442,0.0,1,0.987,8513,37,0
22.7667,-0.1309,-39.374,5.617,-0.085,0.442,0.0,1,0.988,8544,37,0
22.7833,-0.1323,-39.359,5.616,-0.083,0.441,0.0,1,0.989,8574,36,0
22.8000,-0.1337,-39.344,5.615,-0.080,0.441,0.0,1,0.990,8603,36,0
22.8167,-0.1350,-39.329,5.613,-0.076,0.441,0.0,1,0.991,8630,35,0
22.8333,-0.1362,-39.314,5.612,-0.072,0.440,0.0,1,0.992,8655,35,0
22.8500,-0.1374,-39.300,5.611,-0.068,0.440,0.0,1,0.993,8679,34,0
22.8667,-0.1385,-39.286,5.611,-0.063,0.439,0.0,1,0.994,8700,33,0
22.8833,-0.1395,-39.273,5.610,-0.057,0.439,0.0,1,0.995,8719,33,0
22.9000,-0.1404,-39.260,5.610,-0.052,0.438,0.0,1,0.996,8737,32,0
22.9167,-0.1412,-39.248,5.610,-0.046,0.438,0.0,1,0.996,8751,32,0
22.9333,-0.1419,-39.236,5.610,-0.040,0.437,0.0,1,0.997,8764,31,0
22.9500,-0.1425,-39.224,5.610,-0.034,0.437,0.0,1,0.997,8774,31,0
22.9667,-0.1430,-39.213,5.610,-0.027,0.436,0.0,1,0.998,8782,30,0
22.9833,-0.1434,-39.202,5.611,-0.021,0.436,0.0,1,0.998,8788,30,0
23.0000,-0.1437,-39.192,5.612,-0.014,0.435,0.0,1,0.998,8791,30,0
23.0167,-0.1439,-39.182,5.613,-0.008,0.434,0.0,1,0.998,8791,30,0
23.0333,-0.1440,-39.172,5.614,-0.001,0.434,0.0,1,0.998,8790,30,0
23.0500,-0.1440,-39.163,5.616,0.006,0.433,0.0,1,0.998,8786,30,0
23.0667,-0.1438,-39.155,5.618,0.012,0.433,0.0,1,0.997,8779,31,0
23.0833,-0.1436,-39.147,5.620,0.018,0.432,0.0,1,0.997,8771,31,0
23.1000,-0.1432,-39.139,5.622,0.024,0.431,0.0,1,0.996,8760,31,0
23.1167,-0.1427,-39.132,5.625,0.030,0.431,0.0,1,0.996,8747,31,0
23.1333,-0.1422,-39.125,5.628,0.036,0.430,0.0,1,0.995,8732,31,0
23.1500,-0.1416,-39.119,5.631,0.041,0.430,0.0,1,0.994,8715,31,0
23.1667,-0.1408,-39.113,5.634,0.046,0.429,0.0,1,0.993,8696,32,0
23.1833,-0.1400,-39.108,5.637,0.050,0.428,0.0,1,0.993,8675,32,0
23.2000,-0.1392,-39.103,5.641,0.054,0.428,0.0,1,0.992,8652,32,0
23.2167,-0.1382,-39.099,5.644,0.058,0.427,0.0,1,0.991,8628,32,0
23.2333,-0.1372,-39.095,5.648,0.061,0.426,0.0,1,0.989,8603,32,0
23.2500,-0.1362,-39.092,5.652,0.064,0.426,0.0,1,0.988,8576,32,0
23.2667,-0.1351,-39.090,5.656,0.066,0.425,0.0,1,0.987,8549,32,0
23.2833,-0.1340,-39.088,5.661,0.068,0.425,0.0,1,0.986,8520,31,0
23.3000,-0.1329,-39.086,5.665,0.069,0.424,0.0,1,0.985,8491,31,0
23.3167,-0.1317,-39.085,5.669,0.069,0.423,0.0,1,0.984,8461,31,0
23.3333,-0.1306,-39.084,5.674,0.069,0.423,0.0,1,0.982,8431,31,0
23.3500,-0.1294,-39.084,5.678,0.069,0.422,0.0,1,0.981,8401,31,0
23.3667,-0.1283,-39.085,5.683,0.067,0.422,0.0,1,0.980,8371,30,0
23.3833,-0.1272,-39.086,5.687,0.066,0.421,0.0,1,0.979,8341,30,0
23.4000,-0.1261,-39.087,5.692,0.063,0.420,0.0,1,0.978,8312,30,0
23.4167,-0.1251,-39.089,5.696,0.061,0.420,0.0,1,0.977,8284,29,0
23.4333,-0.1241,-39.091,5.701,0.057,0.419,0.0,1,0.976,8256,29,0
23.4500,-0.1232,-39.094,5.705,0.053,0.419,0.0,1,0.975,8230,29,0
23.4667,-0.1223,-39.097,5.710,0.049,0.418,0.0,1,0.974,8206,28,0
23.4833,-0.1215,-39.100,5.714,0.044,0.417,0.0,1,0.973,8183,28,0
23.5000,-0.1208,-39.104,5.718,0.039,0.417,0.0,1,0.973,8163,27,0
23.5167,-0.1202,-39.109,5.723,0.034,0.416,0.0,1,0.972,8144,27,0
23.5333,-0.1197,-39.113,5.727,0.028,0.416,0.0,1,0.972,8127,26,0
23.5500,-0.1193,-39.118,5.731,0.022,0.415,0.0,1,0.971,8113,26,0
23.5667,-0.1190,-39.123,5.735,0.016,0.415,0.0,1,0.971,8102,26,0
23.5833,-0.1188,-39.129,5.739,0.009,0.414,0.0,1,0.971,8093,25,0
23.6000,-0.1187,-39.135,5.742,0.002,0.414,0.0,1,0.971,8086,25,0
23.6167,-0.1187,-39.141,5.746,-0.004,0.413,0.0,1,0.971,8083,24,0
23.6333,-0.1188,-39.148,5.750,-0.011,0.413,0.0,1,0.971,8082,24,0
23.6500,-0.1191,-39.155,5.753,-0.018,0.412,0.0,1,0.972,8084,24,0
23.6667,-0.1194,-39.162,5.756,-0.024,0.412,0.0,1,0.972,8089,23,0
23.6833,-0.1199,-39.169,5.760,-0.031,0.411,0.0,1,0.973,8096,23,0
23.7000,-0.1205,-39.177,5.763,-0.037,0.411,0.0,1,0.973,8107,23,0
23.7167,-0.1211,-39.185,5.766,-0.043,0.411,0.0,1,0.974,8119,24,0
23.7333,-0.1219,-39.193,5.769,-0.049,0.410,0.0,1,0.975,8134,24,0
23.7500,-0.1228,-39.202,5.772,-0.055,0.410,0.0,1,0.976,8152,24,0
23.7667,-0.1237,-39.211,5.775,-0.060,0.409,0.0,1,0.977,8171,25,0
23.7833,-0.1248,-39.221,5.778,-0.065,0.409,0.0,1,0.978,8193,25,0
23.8000,-0.1259,-39.231,5.780,-0.069,0.409,0.0,1,0.980,8216,25,0
23.8167,-0.1270,-39.241,5.783,-0.073,0.408,0.0,1,0.981,8241,26,0
23.8333,-0.1283,-39.251,5.786,-0.076,0.408,0.0,1,0.982,8267,26,0
23.8500,-0.1296,-39.262,5.789,-0.079,0.407,0.0,1,0.984,8294,27,0
23.8667,-0.1309,-39.274,5.792,-0.081,0.407,0.0,1,0.985,8323,27,0
23.8833,-0.1323,-39.286,5.795,-0.083,0.407,0.0,1,0.987,8351,27,0
23.9000,-0.1337,-39.298,5.797,-0.084,0.406,0.0,1,0.989,8380,27,0
23.9167,-0.1351,-39.311,5.800,-0.085,0.406,0.0,1,0.990,8409,28,0
23.9333,-0.1365,-39.324,5.804,-0.085,0.406,0.0,1,0.992,8438,28,0
23.9500,-0.1379,-39.338,5.807,-0.084,0.405,0.0,1,0.993,8467,28,0
23.9667,-0.1393,-39.352,5.810,-0.083,0.405,0.0,1,0.995,8496,27,0
23.9833,-0.1406,-39.366,5.814,-0.082,0.405,0.0,1,0.997,8524,27,0
24.0000,-0.1420,-39.381,5.817,-0.080,0.404,0.0,1,0.998,8551,27,0
24.0167,-0.1433,-39.396,5.821,-0.077,0.404,0.0,1,1.000,8577,27,0
24.0333,-0.1446,-39.412,5.825,-0.074,0.404,0.0,1,1.001,8602,26,0
24.0500,-0.1458,-39.428,5.829,-0.071,0.403,0.0,1,1.003,8626,26,0
24.0667,-0.1469,-39.444,5.833,-0.067,0.403,0.0,1,1.004,8648,25,0
24.0833,-0.1480,-39.461,5.838,-0.062,0.402,0.0,1,1.005,8668,25,0
24.1000,-0.1490,-39.478,5.843,-0.058,0.402,0.0,1,1.007,8687,25,0
24.1167,-0.1499,-39.495,5.848,-0.053,0.402,0.0,1,1.008,8704,24,0
24.1333,-0.1507,-39.512,5.853,-0.048,0.401,0.0,1,1.009,8719,24,0
24.1500,-0.1515,-39.530,5.859,-0.042,0.401,0.0,1,1.010,8732,24,0
24.1667,-0.1522,-39.548,5.864,-0.037,0.400,0.0,1,1.011,8743,24,0
24.1833,-0.1527,-39.566,5.870,-0.031,0.400,0.0,1,1.012,8752,24,0
24.2000,-0.1532,-39.585,5.877,-0.025,0.399,0.0,1,1.013,8759,24,0
24.2167,-0.1535,-39.603,5.883,-0.019,0.399,0.0,1,1.013,8763,24,0
24.2333,-0.1538,-39.622,5.890,-0.013,0.398,0.0,1,1.014,8766,24,0
24.2500,-0.1540,-39.641,5.897,-0.006,0.398,0.0,1,1.014,8767,25,0
24.2667,-0.1540,-39.660,5.904,-0.000,0.397,0.0,1,1.015,8765,25,0
24.2833,-0.1540,-39.680,5.912,0.006,0.397,0.0,1,1.015,8762,25,0
24.3000,-0.1538,-39.699,5.919,0.012,0.396,0.0,1,1.015,8756,25,0
24.3167,-0.1536,-39.719,5.927,0.018,0.396,0.0,1,1.015,8749,26,0
24.3333,-0.1532,-39.738,5.935,0.023,0.395,0.0,1,1.015,8739,26,0
24.3500,-0.1528,-39.758,5.944,0.029,0.395,0.0,1,1.015,8727,26,0
24.3667,-0.1523,-39.778,5.953,0.034,0.394,0.0,1,1.015,8714,26,0
24.3833,-0.1517,-39.798,5.961,0.039,0.394,0.0,1,1.014,8698,27,0
24.4000,-0.1510,-39.818,5.970,0.044,0.393,0.0,1,1.014,8681,27,0
24.4167,-0.1502,-39.839,5.979,0.048,0.393,0.0,1,1.013,8662,27,0
24.4333,-0.1494,-39.859,5.989,0.052,0.392,0.0,1,1.013,8641,27,0
24.4500,-0.1485,-39.879,5.998,0.055,0.392,0.0,1,1.012,8619,27,0
24.4667,-0.1475,-39.900,6.008,0.058,0.391,0.0,1,1.012,8595,27,0
24.4833,-0.1465,-39.920,6.017,0.061,0.391,0.0,1,1.011,8570,27,0
24.5000,-0.1455,-39.941,6.027,0.063,0.390,0.0,1,1.010,8544,27,0
24.5167,-0.1444,-39.962,6.037,0.065,0.390,0.0,1,1.009,8517,27,0
24.5333,-0.1434,-39.982,6.047,0.066,0.389,0.0,1,1.009,8489,27,0
24.5500,-0.1423,-40.003,6.057,0.066,0.388,0.0,1,1.008,8460,27,0
24.5667,-0.1412,-40.023,6.067,0.066,0.388,0.0,1,1.007,8431,27,0
24.5833,-0.1401,-40.044,6.076,0.066,0.387,0.0,1,1.006,8402,27,0
24.6000,-0.1390,-40.064,6.086,0.064,0.387,0.0,1,1.005,8373,27,0
24.6167,-0.1379,-40.085,6.096,0.063,0.386,0.0,1,1.005,8344,27,0
24.6333,-0.1369,-40.105,6.106,0.061,0.386,0.0,1,1.004,8316,26,0
24.6500,-0.1359,-40.126,6.115,0.058,0.385,0.0,1,1.003,8289,26,0
24.6667,-0.1350,-40.146,6.125,0.055,0.385,0.0,1,1.002,8263,26,0
24.6833,-0.1341,-40.166,6.134,0.051,0.384,0.0,1,1.002,8238,25,0
24.7000,-0.1333,-40.185,6.143,0.047,0.384,0.0,1,1.001,8214,25,0
24.7167,-0.1325,-40.205,6.152,0.042,0.383,0.0,1,1.001,8192,25,0
24.7333,-0.1318,-40.225,6.161,0.037,0.383,0.0,1,1.000,8172,25,0
24.7500,-0.1313,-40.244,6.170,0.032,0.382,0.0,1,1.000,8154,24,0
24.7667,-0.1308,-40.263,6.179,0.027,0.382,0.0,1,1.000,8137,24,0
24.7833,-0.1304,-40.281,6.187,0.021,0.381,0.0,1,1.000,8123,23,0
24.8000,-0.1301,-40.300,6.195,0.015,0.381,0.0,1,1.000,8112,23,0
24.8167,-0.1299,-40.318,6.203,0.008,0.380,0.0,1,1.000,8103,23,0
24.8333,-0.1298,-40.336,6.211,0.002,0.380,0.0,1,1.000,8097,22,0
24.8500,-0.1298,-40.353,6.219,-0.005,0.380,0.0,1,1.000,8093,22,0
24.8667,-0.1300,-40.371,6.226,-0.011,0.379,0.0,1,1.001,8092,22,0
24.8833,-0.1302,-40.388,6.233,-0.018,0.379,0.0,1,1.001,8094,22,0
24.9000,-0.1306,-40.404,6.241,-0.024,0.378,0.0,1,1.002,8099,21,0
24.9167,-0.1310,-40.420,6.247,-0.030,0.378,0.0,1,1.002,8107,21,0
24.9333,-0.1316,-40.436,6.254,-0.037,0.377,0.0,1,1.003,8117,21,0
24.9500,-0.1322,-40.452,6.260,-0.042,0.377,0.0,1,1.004,8129,21,0
24.9667,-0.1330,-40.467,6.267,-0.048,0.377,0.0,1,1.005,8144,22,0
24.9833,-0.1338,-40.482,6.273,-0.053,0.376,0.0,1,1.006,8161,22,0
25.0000,-0.1348,-40.497,6.279,-0.058,0.376,0.0,1,1.007,8180,22,0
25.0167,-0.1358,-40.511,6.285,-0.063,0.375,0.0,1,1.009,8200,23,0
25.0333,-0.1369,-40.525,6.291,-0.067,0.375,0.0,1,1.010,8223,23,0
25.0500,-0.1380,-40.539,6.296,-0.071,0.375,0.0,1,1.011,8247,24,0
25.0667,-0.1392,-40.552,6.302,-0.074,0.374,0.0,1,1.013,8272,24,0
25.0833,-0.1405,-40.566,6.307,-0.077,0.374,0.0,1,1.014,8298,25,0
25.1000,-0.1418,-40.578,6.313,-0.079,0.374,0.0,1,1.016,8325,25,0
25.1167,-0.1431,-40.591,6.318,-0.081,0.373,0.0,1,1.017,8353,25,0
25.1333,-0.1445,-40.604,6.324,-0.082,0.373,0.0,1,1.019,8381,26,0
25.1500,-0.1459,-40.616,6.329,-0.083,0.373,0.0,1,1.020,8409,26,0
25.1667,-0.1472,-40.628,6.335,-0.083,0.372,0.0,1,1.022,8437,26,0
25.1833,-0.1486,-40.640,6.340,-0.082,0.372,0.0,1,1.023,8464,26,0
25.2000,-0.1500,-40.651,6.346,-0.081,0.372,0.0,1,1.025,8491,26,0
25.2167,-0.1513,-40.663,6.351,-0.080,0.372,0.0,1,1.026,8517,26,0
25.2333,-0.1526,-40.674,6.357,-0.078,0.371,0.0,1,1.028,8542,26,0
25.2500,-0.1539,-40.685,6.363,-0.076,0.371,0.0,1,1.029,8566,26,0
25.2667,-0.1551,-40.696,6.369,-0.073,0.371,0.0,1,1.031,8588,25,0
25.2833,-0.1563,-40.706,6.376,-0.070,0.370,0.0,1,1.032,8610,25,0
25.3000,-0.1575,-40.717,6.382,-0.066,0.370,0.0,1,1.033,8629,25,0
25.3167,-0.1585,-40.727,6.389,-0.062,0.369,0.0,1,1.034,8647,24,0
25.3333,-0.1595,-40.737,6.396,-0.058,0.369,0.0,1,1.036,8663,24,0
25.3500,-0.1605,-40.747,6.403,-0.054,0.369,0.0,1,1.037,8678,24,0
25.3667,-0.1613,-40.757,6.410,-0.049,0.368,0.0,1,1.038,8691,23,0
25.3833,-0.1621,-40.767,6.418,-0.044,0.368,0.0,1,1.038,8702,23,0
25.4000,-0.1628,-40.776,6.426,-0.039,0.367,0.0,1,1.039,8711,23,0
25.4167,-0.1634,-40.785,6.434,-0.034,0.367,0.0,1,1.040,8719,23,0
25.4333,-0.1639,-40.795,6.442,-0.028,0.367,0.0,1,1.041,8725,23,0
25.4500,-0.1643,-40.804,6.451,-0.023,0.366,0.0,1,1.041,8729,23,0
25.4667,-0.1647,-40.812,6.460,-0.017,0.366,0.0,1,1.042,8731,23,0
25.4833,-0.1649,-40.821,6.470,-0.012,0.365,0.0,1,1.042,8732,23,0
25.5000,-0.1650,-40.830,6.479,-0.006,0.365,0.0,1,1.042,8731,24,0
25.5167,-0.1651,-40.838,6.489,-0.001,0.364,0.0,1,1.042,8729,24,0
25.5333,-0.1651,-40.846,6.499,0.005,0.364,0.0,1,1.042,8724,24,0
25.5500,-0.1649,-40.854,6.510,0.010,0.363,0.0,1,1.042,8718,24,0
25.5667,-0.1647,-40.862,6.520,0.015,0.363,0.0,1,1.042,8711,25,0
25.5833,-0.1644,-40.870,6.532,0.020,0.362,0.0,1,1.042,8702,25,0
25.6000,-0.1641,-40.878,6.543,0.025,0.362,0.0,1,1.042,8691,25,0
25.6167,-0.1636,-40.885,6.554,0.030,0.361,0.0,1,1.041,8679,25,0
25.6333,-0.1631,-40.893,6.566,0.034,0.361,0.0,1,1.041,8666,26,0
25.6500,-0.1625,-40.900,6.578,0.038,0.360,0.0,1,1.040,8651,26,0
25.6667,-0.1618,-40.907,6.591,0.042,0.360,0.0,1,1.040,8635,26,0
25.6833,-0.1611,-40.914,6.603,0.045,0.359,0.0,1,1.039,8617,26,0
25.7000,-0.1603,-40.921,6.616,0.048,0.359,0.0,1,1.038,8599,26,0
25.7167,-0.1595,-40.927,6.629,0.051,0.358,0.0,1,1.037,8579,26,0
25.7333,-0.1586,-40.933,6.642,0.053,0.358,0.0,1,1.036,8558,26,0
25.7500,-0.1577,-40.940,6.655,0.055,0.357,0.0,1,1.036,8536,26,0
25.7667,-0.1568,-40.946,6.669,0.057,0.357,0.0,1,1.035,8513,26,0
25.7833,-0.1558,-40.952,6.682,0.058,0.356,0.0,1,1.034,8490,26,0
25.8000,-0.1549,-40.957,6.696,0.058,0.356,0.0,1,1.033,8466,26,0
25.8167,-0.1539,-40.963,6.709,0.059,0.355,0.0,1,1.032,8442,26,0
25.8333,-0.1529,-40.968,6.723,0.058,0.355,0.0,1,1.031,8417,26,0
25.8500,-0.1519,-40.973,6.737,0.058,0.354,0.0,1,1.030,8392,26,0
25.8667,-0.1510,-40.978,6.751,0.056,0.354,0.0,1,1.029,8367,26,0
25.8833,-0.1501,-40.982,6.765,0.055,0.353,0.0,1,1.028,8343,26,0
25.9000,-0.1492,-40.986,6.779,0.052,0.353,0.0,1,1.027,8319,25,0
25.9167,-0.1483,-40.990,6.792,0.050,0.352,0.0,1,1.026,8296,25,0
25.9333,-0.1475,-40.994,6.806,0.047,0.352,0.0,1,1.025,8274,25,0
25.9500,-0.1468,-40.997,6.820,0.044,0.351,0.0,1,1.025,8253,25,0
25.9667,-0.1461,-41.000,6.834,0.040,0.351,0.0,1,1.024,8233,24,0
25.9833,-0.1454,-41.003,6.847,0.036,0.350,0.0,1,1.023,8214,24,0
26.0000,-0.1449,-41.006,6.861,0.031,0.350,0.0,1,1.023,8197,24,0
26.0167,-0.1444,-41.008,6.874,0.026,0.349,0.0,1,1.022,8182,23,0
26.0333,-0.1440,-41.010,6.888,0.021,0.349,0.0,1,1.022,8168,23,0
26.0500,-0.1437,-41.012,6.901,0.016,0.349,0.0,1,1.021,8157,23,0
26.0667,-0.1435,-41.013,6.914,0.011,0.348,0.0,1,1.021,8147,22,0
26.0833,-0.1433,-41.014,6.927,0.005,0.348,0.0,1,1.021,8140,22,0
26.1000,-0.1433,-41.015,6.940,-0.001,0.347,0.0,1,1.021,8134,22,0
26.1167,-0.1434,-41.015,6.953,-0.006,0.347,0.0,1,1.021,8131,21,0
26.1333,-0.1435,-41.016,6.966,-0.012,0.346,0.0,1,1.021,8130,21,0
26.1500,-0.1438,-41.015,6.978,-0.018,0.346,0.0,1,1.021,8132,21,0
26.1667,-0.1441,-41.015,6.991,-0.024,0.346,0.0,1,1.021,8135,21,0
26.1833,-0.1446,-41.014,7.003,-0.029,0.345,0.0,1,1.022,8141,21,0
26.2000,-0.1451,-41.014,7.016,-0.035,0.345,0.0,1,1.022,8149,21,0
26.2167,-0.1457,-41.012,7.028,-0.040,0.344,0.0,1,1.023,8159,21,0
26.2333,-0.1464,-41.011,7.040,-0.045,0.344,0.0,1,1.023,8170,22,0
26.2500,-0.1472,-41.010,7.052,-0.050,0.344,0.0,1,1.024,8184,22,0
26.2667,-0.1481,-41.008,7.064,-0.055,0.343,0.0,1,1.025,8199,22,0
26.2833,-0.1491,-41.006,7.077,-0.059,0.343,0.0,1,1.026,8215,23,0
26.3000,-0.1501,-41.004,7.089,-0.063,0.343,0.0,1,1.026,8233,23,0
26.3167,-0.1512,-41.002,7.101,-0.066,0.342,0.0,1,1.027,8252,24,0
26.3333,-0.1523,-41.000,7.113,-0.069,0.342,0.0,1,1.028,8272,24,0
26.3500,-0.1535,-40.997,7.125,-0.072,0.342,0.0,1,1.030,8293,25,0
26.3667,-0.1547,-40.995,7.138,-0.075,0.342,0.0,1,1.031,8314,25,0
26.3833,-0.1560,-40.993,7.150,-0.077,0.341,0.0,1,1.032,8335,26,0
26.4000,-0.1572,-40.990,7.163,-0.078,0.341,0.0,1,1.033,8357,26,0
26.4167,-0.1586,-40.988,7.175,-0.079,0.341,0.0,1,1.034,8379,26,0
26.4333,-0.1599,-40.985,7.188,-0.080,0.340,0.0,1,1.035,8402,26,0
26.4500,-0.1612,-40.983,7.201,-0.080,0.340,0.0,1,1.037,8424,27,0
26.4667,-0.1625,-40.981,7.215,-0.080,0.340,0.0,1,1.038,8447,27,0
26.4833,-0.1639,-40.979,7.228,-0.079,0.340,0.0,1,1.039,8470,27,0
26.5000,-0.1652,-40.977,7.242,-0.078,0.339,0.0,1,1.040,8494,26,0
26.5167,-0.1665,-40.975,7.255,-0.077,0.339,0.0,1,1.041,8517,26,0
26.5333,-0.1678,-40.973,7.269,-0.075,0.339,0.0,1,1.043,8540,26,0
26.5500,-0.1690,-40.971,7.283,-0.073,0.339,0.0,1,1.044,8563,26,0
26.5667,-0.1702,-40.970,7.296,-0.070,0.338,0.0,1,1.045,8586,25,0
26.5833,-0.1713,-40.969,7.309,-0.067,0.338,0.0,1,1.046,8608,25,0
26.6000,-0.1724,-40.967,7.322,-0.063,0.338,0.0,1,1.047,8629,25,0
26.6167,-0.1734,-40.966,7.334,-0.059,0.337,0.0,1,1.048,8649,24,0
26.6333,-0.1744,-40.966,7.345,-0.055,0.337,0.0,1,1.049,8667,24,0
26.6500,-0.1753,-40.965,7.355,-0.050,0.337,0.0,1,1.050,8684,24,0
26.6667,-0.1761,-40.964,7.364,-0.046,0.336,0.0,1,1.050,8699,23,0
26.6833,-0.1768,-40.964,7.371,-0.040,0.336,0.0,1,1.051,8712,23,0
26.7000,-0.1774,-40.964,7.378,-0.035,0.335,0.0,1,1.052,8724,23,0
26.7167,-0.1779,-40.964,7.383,-0.030,0.335,0.0,1,1.052,8733,23,0
26.7333,-0.1784,-40.964,7.386,-0.024,0.335,0.0,1,1.053,8740,24,0
26.7500,-0.1787,-40.965,7.388,-0.018,0.334,0.0,1,1.053,8744,24,0
26.7667,-0.1790,-40.965,7.388,-0.013,0.334,0.0,1,1.053,8747,24,0
26.7833,-0.1792,-40.966,7.387,-0.007,0.333,0.0,1,1.053,8747,25,0
26.8000,-0.1792,-40.967,7.384,-0.001,0.333,0.0,1,1.053,8744,25,0
26.8167,-0.1792,-40.968,7.379,0.004,0.332,0.0,1,1.053,8740,26,0
26.8333,-0.1791,-40.969,7.373,0.010,0.332,0.0,1,1.053,8733,27,0
26.8500,-0.1789,-40.971,7.366,0.015,0.331,0.0,1,1.053,8724,27,0
26.8667,-0.1786,-40.973,7.358,0.020,0.331,0.0,1,1.053,8714,28,0
26.8833,-0.1782,-40.975,7.348,0.025,0.330,0.0,1,1.053,8701,28,0
26.9000,-0.1777,-40.977,7.337,0.030,0.330,0.0,1,1.052,8687,28,0
26.9167,-0.1772,-40.979,7.326,0.034,0.329,0.0,1,1.052,8671,29,0
26.9333,-0.1766,-40.982,7.314,0.038,0.328,0.0,1,1.051,8653,29,0
26.9500,-0.1759,-40.985,7.301,0.042,0.328,0.0,1,1.051,8635,29,0
26.9667,-0.1752,-40.988,7.288,0.045,0.327,0.0,1,1.050,8615,29,0
26.9833,-0.1744,-40.992,7.275,0.048,0.327,0.0,1,1.050,8594,29,0
27.0000,-0.1736,-40.995,7.262,0.051,0.326,0.0,1,1.049,8573,29,0
27.0167,-0.1727,-40.999,7.249,0.053,0.326,0.0,1,1.048,8551,29,0
27.0333,-0.1718,-41.004,7.236,0.055,0.325,0.0,1,1.047,8529,29,0
27.0500,-0.1709,-41.008,7.223,0.056,0.325,0.0,1,1.047,8507,28,0
27.0667,-0.1700,-41.013,7.211,0.057,0.324,0.0,1,1.046,8484,28,0
27.0833,-0.1690,-41.018,7.199,0.057,0.323,0.0,1,1.045,8462,28,0
27.1000,-0.1681,-41.024,7.188,0.057,0.323,0.0,1,1.044,8440,27,0
27.1167,-0.1671,-41.029,7.177,0.057,0.322,0.0,1,1.043,8418,27,0
27.1333,-0.1662,-41.035,7.167,0.056,0.322,0.0,1,1.043,8396,26,0
27.1500,-0.1653,-41.041,7.157,0.055,0.321,0.0,1,1.042,8375,26,0
27.1667,-0.1643,-41.047,7.148,0.053,0.321,0.0,1,1.041,8355,25,0
27.1833,-0.1635,-41.054,7.140,0.051,0.320,0.0,1,1.040,8335,25,0
27.2000,-0.1626,-41.061,7.132,0.049,0.320,0.0,1,1.040,8316,25,0
27.2167,-0.1618,-41.068,7.124,0.047,0.319,0.0,1,1.039,8298,24,0
27.2333,-0.1611,-41.075,7.117,0.044,0.319,0.0,1,1.039,8280,24,0
27.2500,-0.1604,-41.082,7.111,0.040,0.318,0.0,1,1.038,8264,23,0
27.2667,-0.1597,-41.090,7.105,0.037,0.318,0.0,1,1.037,8248,23,0
27.2833,-0.1592,-41.098,7.099,0.033,0.318,0.0,1,1.037,8234,22,0
27.3000,-0.1586,-41.106,7.094,0.029,0.317,0.0,1,1.037,8221,22,0
27.3167,-0.1582,-41.114,7.089,0.025,0.317,0.0,1,1.036,8209,21,0
27.3333,-0.1578,-41.122,7.084,0.020,0.316,0.0,1,1.036,8199,21,0
27.3500,-0.1575,-41.130,7.080,0.016,0.316,0.0,1,1.036,8189,21,0
27.3667,-0.1573,-41.139,7.076,0.011,0.316,0.0,1,1.036,8182,20,0
27.3833,-0.1572,-41.148,7.073,0.006,0.315,0.0,1,1.036,8176,20,0
27.4000,-0.1571,-41.156,7.070,0.001,0.315,0.0,1,1.036,8171,19,0
27.4167,-0.1571,-41.165,7.067,-0.004,0.314,0.0,1,1.036,8169,19,0
27.4333,-0.1573,-41.174,7.064,-0.009,0.314,0.0,1,1.037,8168,19,0
27.4500,-0.1575,-41.183,7.062,-0.014,0.314,0.0,1,1.037,8168,18,0
27.4667,-0.1577,-41.193,7.060,-0.020,0.313,0.0,1,1.037,8170,18,0
27.4833,-0.1581,-41.202,7.058,-0.025,0.313,0.0,1,1.038,8174,18,0
27.5000,-0.1586,-41.212,7.057,-0.029,0.313,0.0,1,1.039,8179,18,0
27.5167,-0.1591,-41.221,7.056,-0.034,0.312,0.0,1,1.039,8186,18,0
27.5333,-0.1597,-41.231,7.055,-0.039,0.312,0.0,1,1.040,8194,18,0
27.5500,-0.1604,-41.241,7.054,-0.043,0.312,0.0,1,1.041,8204,18,0
27.5667,-0.1611,-41.251,7.054,-0.047,0.311,0.0,1,1.042,8215,18,0
27.5833,-0.1620,-41.262,7.054,-0.051,0.311,0.0,1,1.043,8227,18,0
27.6000,-0.1628,-41.272,7.054,-0.055,0.311,0.0,1,1.044,8240,19,0
27.6167,-0.1638,-41.283,7.055,-0.059,0.310,0.0,1,1.045,8255,19,0
27.6333,-0.1648,-41.294,7.056,-0.062,0.310,0.0,1,1.046,8270,19,0
27.6500,-0.1659,-41.305,7.057,-0.065,0.310,0.0,1,1.047,8286,20,0
27.6667,-0.1670,-41.317,7.059,-0.067,0.310,0.0,1,1.049,8304,20,0
27.6833,-0.1681,-41.328,7.061,-0.069,0.309,0.0,1,1.050,8321,20,0
27.7000,-0.1693,-41.340,7.063,-0.071,0.309,0.0,1,1.051,8340,20,0
27.7167,-0.1705,-41.353,7.066,-0.073,0.309,0.0,1,1.053,8358,21,0
27.7333,-0.1717,-41.365,7.069,-0.074,0.309,0.0,1,1.054,8378,21,0
27.7500,-0.1729,-41.378,7.072,-0.075,0.308,0.0,1,1.056,8397,21,0
27.7667,-0.1742,-41.391,7.076,-0.075,0.308,0.0,1,1.057,8417,21,0
27.7833,-0.1754,-41.405,7.080,-0.075,0.308,0.0,1,1.059,8436,21,0
27.8000,-0.1767,-41.419,7.085,-0.075,0.308,0.0,1,1.060,8456,21,0
27.8167,-0.1779,-41.433,7.089,-0.074,0.307,0.0,1,1.062,8476,21,0
27.8333,-0.1792,-41.447,7.094,-0.073,0.307,0.0,1,1.063,8495,21,0
27.8500,-0.1804,-41.462,7.099,-0.072,0.307,0.0,1,1.064,8514,21,0
27.8667,-0.1816,-41.478,7.103,-0.070,0.307,0.0,1,1.066,8533,20,0
27.8833,-0.1827,-41.493,7.108,-0.068,0.306,0.0,1,1.067,8551,20,0
27.9000,-0.1838,-41.510,7.112,-0.065,0.306,0.0,1,1.069,8568,20,0
27.9167,-0.1849,-41.526,7.116,-0.063,0.306,0.0,1,1.070,8585,20,0
27.9333,-0.1859,-41.543,7.120,-0.060,0.306,0.0,1,1.071,8601,19,0
27.9500,-0.1869,-41.560,7.123,-0.056,0.305,0.0,1,1.072,8615,19,0
27.9667,-0.1878,-41.578,7.125,-0.053,0.305,0.0,1,1.074,8629,19,0
27.9833,-0.1886,-41.596,7.127,-0.049,0.305,0.0,1,1.075,8642,19,0
28.0000,-0.1894,-41.614,7.127,-0.045,0.304,0.0,1,1.076,8653,19,0
28.0167,-0.1901,-41.633,7.127,-0.041,0.304,0.0,1,1.077,8662,19,0
28.0333,-0.1908,-41.652,7.126,-0.037,0.304,0.0,1,1.078,8670,19,0
28.0500,-0.1914,-41.672,7.124,-0.032,0.303,0.0,1,1.079,8677,19,0
28.0667,-0.1919,-41.692,7.121,-0.027,0.303,0.0,1,1.080,8682,19,0
28.0833,-0.1923,-41.712,7.117,-0.023,0.303,0.0,1,1.080,8686,20,0
28.1000,-0.1926,-41.733,7.111,-0.018,0.302,0.0,1,1.081,8687,20,0
28.1167,-0.1929,-41.754,7.105,-0.014,0.302,0.0,1,1.082,8688,20,0
28.1333,-0.1931,-41.775,7.097,-0.009,0.301,0.0,1,1.082,8686,21,0
28.1500,-0.1932,-41.797,7.089,-0.004,0.301,0.0,1,1.083,8684,21,0
28.1667,-0.1932,-41.819,7.080,0.000,0.301,0.0,1,1.083,8679,22,0
28.1833,-0.1932,-41.842,7.069,0.005,0.300,0.0,1,1.084,8673,22,0
28.2000,-0.1930,-41.865,7.058,0.009,0.300,0.0,1,1.084,8666,22,0
28.2167,-0.1929,-41.888,7.047,0.013,0.299,0.0,1,1.084,8658,23,0
28.2333,-0.1926,-41.912,7.035,0.017,0.299,0.0,1,1.085,8648,23,0
28.2500,-0.1923,-41.937,7.022,0.021,0.298,0.0,1,1.085,8638,23,0
28.2667,-0.1919,-41.961,7.009,0.024,0.298,0.0,1,1.085,8626,23,0
28.2833,-0.1915,-41.986,6.996,0.028,0.298,0.0,1,1.085,8614,23,0
28.3000,-0.1910,-42.011,6.983,0.031,0.297,0.0,1,1.085,8600,24,0
28.3167,-0.1905,-42.037,6.969,0.033,0.297,0.0,1,1.085,8586,24,0
28.3333,-0.1899,-42.063,6.956,0.036,0.296,0.0,1,1.085,8571,24,0
28.3500,-0.1893,-42.090,6.943,0.038,0.296,0.0,1,1.085,8556,24,0
28.3667,-0.1886,-42.116,6.930,0.040,0.295,0.0,1,1.084,8540,23,0
28.3833,-0.1879,-42.143,6.917,0.042,0.295,0.0,1,1.084,8525,23,0
28.4000,-0.1872,-42.171,6.905,0.043,0.294,0.0,1,1.084,8508,23,0
28.4167,-0.1865,-42.198,6.894,0.044,0.294,0.0,1,1.084,8492,23,0
28.4333,-0.1858,-42.226,6.882,0.045,0.293,0.0,1,1.084,8476,23,0
28.4500,-0.1850,-42.255,6.872,0.045,0.293,0.0,1,1.083,8459,23,0
28.4667,-0.1842,-42.283,6.862,0.045,0.293,0.0,1,1.083,8443,22,0
28.4833,-0.1835,-42.312,6.852,0.045,0.292,0.0,1,1.083,8426,22,0
28.5000,-0.1827,-42.341,6.843,0.045,0.292,0.0,1,1.083,8410,22,0
28.5167,-0.1820,-42.370,6.835,0.044,0.291,0.0,1,1.083,8394,22,0
28.5333,-0.1813,-42.399,6.827,0.043,0.291,0.0,1,1.082,8378,21,0
28.5500,-0.1806,-42.428,6.820,0.042,0.290,0.0,1,1.082,8363,21,0
28.5667,-0.1799,-42.457,6.814,0.040,0.290,0.0,1,1.082,8348,21,0
28.5833,-0.1792,-42.487,6.808,0.038,0.290,0.0,1,1.082,8333,20,0
28.6000,-0.1786,-42.516,6.802,0.036,0.289,0.0,1,1.082,8319,20,0
28.6167,-0.1781,-42.546,6.798,0.033,0.289,0.0,1,1.082,8306,20,0
28.6333,-0.1775,-42.575,6.793,0.031,0.288,0.0,1,1.082,8293,19,0
28.6500,-0.1770,-42.604,6.789,0.028,0.288,0.0,1,1.082,8281,19,0
28.6667,-0.1766,-42.634,6.786,0.025,0.288,0.0,1,1.082,8270,19,0
28.6833,-0.1762,-42.663,6.783,0.021,0.287,0.0,1,1.082,8259,19,0
28.7000,-0.1759,-42.692,6.781,0.018,0.287,0.0,1,1.082,8249,18,0
28.7167,-0.1756,-42.721,6.779,0.014,0.287,0.0,1,1.082,8241,18,0
28.7333,-0.1754,-42.750,6.777,0.010,0.286,0.0,1,1.082,8233,18,0
28.7500,-0.1753,-42.778,6.776,0.006,0.286,0.0,1,1.083,8226,17,0
28.7667,-0.1752,-42.807,6.775,0.002,0.286,0.0,1,1.083,8221,17,0
28.7833,-0.1752,-42.835,6.775,-0.002,0.285,0.0,1,1.084,8216,17,0
28.8000,-0.1753,-42.863,6.775,-0.006,0.285,0.0,1,1.084,8213,17,0
28.8167,-0.1754,-42.891,6.775,-0.010,0.285,0.0,1,1.085,8210,16,0
28.8333,-0.1756,-42.919,6.776,-0.015,0.284,0.0,1,1.085,8209,16,0
28.8500,-0.1759,-42.946,6.777,-0.019,0.284,0.0,1,1.086,8209,16,0
28.8667,-0.1762,-42.973,6.779,-0.023,0.284,0.0,1,1.087,8210,16,0
28.8833,-0.1767,-43.000,6.780,-0.027,0.283,0.0,1,1.088,8212,16,0
28.9000,-0.1772,-43.027,6.783,-0.032,0.283,0.0,1,1.089,8216,16,0
28.9167,-0.1777,-43.054,6.785,-0.036,0.283,0.0,1,1.090,8220,16,0
28.9333,-0.1784,-43.080,6.788,-0.040,0.283,0.0,1,1.091,8226,16,0
28.9500,-0.1790,-43.106,6.791,-0.044,0.282,0.0,1,1.092,8232,16,0
28.9667,-0.1798,-43.132,6.794,-0.047,0.282,0.0,1,1.093,8240,16,0
28.9833,-0.1806,-43.158,6.798,-0.051,0.282,0.0,1,1.094,8249,16,0
29.0000,-0.1815,-43.184,6.802,-0.054,0.281,0.0,1,1.095,8258,16,0
29.0167,-0.1824,-43.209,6.806,-0.057,0.281,0.0,1,1.097,8269,16,0
29.0333,-0.1834,-43.235,6.811,-0.060,0.281,0.0,1,1.098,8281,17,0
29.0500,-0.1844,-43.260,6.815,-0.063,0.281,0.0,1,1.100,8293,17,0
29.0667,-0.1855,-43.286,6.820,-0.066,0.280,0.0,1,1.101,8307,17,0
29.0833,-0.1866,-43.311,6.824,-0.068,0.280,0.0,1,1.103,8321,17,0
29.1000,-0.1878,-43.337,6.829,-0.070,0.280,0.0,1,1.104,8336,18,0
29.1167,-0.1889,-43.362,6.833,-0.071,0.280,0.0,1,1.106,8351,18,0
29.1333,-0.1901,-43.388,6.838,-0.073,0.279,0.0,1,1.107,8367,18,0
29.1500,-0.1914,-43.413,6.841,-0.074,0.279,0.0,1,1.109,8384,18,0
29.1667,-0.1926,-43.439,6.845,-0.074,0.279,0.0,1,1.110,8401,18,0
29.1833,-0.1938,-43.465,6.848,-0.075,0.279,0.0,1,1.112,8418,18,0
29.2000,-0.1951,-43.491,6.850,-0.075,0.278,0.0,1,1.114,8435,18,0
29.2167,-0.1963,-43.518,6.851,-0.075,0.278,0.0,1,1.115,8452,19,0
29.2333,-0.1976,-43.544,6.851,-0.074,0.278,0.0,1,1.117,8469,19,0
29.2500,-0.1988,-43.571,6.850,-0.073,0.278,0.0,1,1.119,8485,19,0
29.2667,-0.2000,-43.599,6.848,-0.072,0.278,0.0,1,1.121,8501,19,0
29.2833,-0.2012,-43.626,6.844,-0.071,0.277,0.0,1,1.122,8516,19,0
29.3000,-0.2024,-43.654,6.839,-0.069,0.277,0.0,1,1.124,8530,19,0
29.3167,-0.2035,-43.683,6.833,-0.067,0.277,0.0,1,1.125,8543,19,0
29.3333,-0.2046,-43.711,6.825,-0.065,0.276,0.0,1,1.127,8555,19,0
29.3500,-0.2057,-43.741,6.815,-0.062,0.276,0.0,1,1.129,8565,19,0
29.3667,-0.2067,-43.771,6.804,-0.060,0.276,0.0,1,1.130,8575,19,0
29.3833,-0.2077,-43.801,6.791,-0.057,0.276,0.0,1,1.132,8583,19,0
29.4000,-0.2086,-43.832,6.776,-0.054,0.275,0.0,1,1.133,8589,19,0
29.4167,-0.2095,-43.863,6.760,-0.051,0.275,0.0,1,1.135,8594,19,0
29.4333,-0.2103,-43.895,6.742,-0.048,0.275,0.0,1,1.136,8598,20,0
29.4500,-0.2111,-43.928,6.723,-0.045,0.274,0.0,1,1.138,8600,20,0
29.4667,-0.2118,-43.961,6.703,-0.042,0.274,0.0,1,1.139,8601,20,0
29.4833,-0.2125,-43.995,6.681,-0.039,0.273,0.0,1,1.140,8601,20,0
29.5000,-0.2131,-44.030,6.658,-0.036,0.273,0.0,1,1.142,8600,20,0
29.5167,-0.2137,-44.065,6.634,-0.033,0.273,0.0,1,1.143,8597,21,0
29.5333,-0.2142,-44.101,6.609,-0.030,0.272,0.0,1,1.144,8594,21,0
29.5500,-0.2147,-44.138,6.583,-0.028,0.272,0.0,1,1.145,8590,21,0
29.5667,-0.2152,-44.176,6.557,-0.025,0.271,0.0,1,1.147,8585,21,0
29.5833,-0.2156,-44.214,6.530,-0.022,0.271,0.0,1,1.148,8579,21,0
29.6000,-0.2159,-44.254,6.503,-0.020,0.271,0.0,1,1.149,8573,21,0
29.6167,-0.2162,-44.294,6.476,-0.017,0.270,0.0,1,1.150,8566,21,0
29.6333,-0.2165,-44.335,6.449,-0.015,0.270,0.0,1,1.151,8559,21,0
29.6500,-0.2167,-44.377,6.422,-0.013,0.269,0.0,1,1.152,8552,21,0
29.6667,-0.2169,-44.420,6.395,-0.011,0.269,0.0,1,1.153,8544,21,0
29.6833,-0.2171,-44.464,6.368,-0.009,0.269,0.0,1,1.154,8536,21,0
29.7000,-0.2172,-44.508,6.342,-0.007,0.268,0.0,1,1.155,8528,21,0
29.7167,-0.2173,-44.554,6.316,-0.006,0.268,0.0,1,1.156,8520,21,0
29.7333,-0.2174,-44.600,6.291,-0.005,0.267,0.0,1,1.157,8512,20,0
29.7500,-0.2175,-44.648,6.267,-0.003,0.267,0.0,1,1.158,8504,20,0
29.7667,-0.2175,-44.696,6.243,-0.002,0.267,0.0,1,1.159,8496,20,0
29.7833,-0.2176,-44.746,6.219,-0.001,0.266,0.0,1,1.160,8488,20,0
29.8000,-0.2176,-44.796,6.197,-0.000,0.266,0.0,1,1.161,8480,20,0
29.8167,-0.2176,-44.847,6.175,0.000,0.265,0.0,1,1.162,8472,19,0
29.8333,-0.2176,-44.900,6.154,0.001,0.265,0.0,1,1.163,8464,19,0
29.8500,-0.2176,-44.953,6.133,0.001,0.265,0.0,1,1.164,8456,19,0
29.8667,-0.2175,-45.007,6.114,0.001,0.264,0.0,1,1.165,8448,19,0
29.8833,-0.2175,-45.062,6.094,0.001,0.264,0.0,1,1.165,8440,18,0
29.9000,-0.2175,-45.117,6.076,0.001,0.263,0.0,1,1.166,8432,18,0
29.9167,-0.2175,-45.174,6.058,0.001,0.263,0.0,1,1.167,8423,18,0
29.9333,-0.2175,-45.231,6.041,0.001,0.263,0.0,1,1.168,8415,18,0
29.9500,-0.2174,-45.290,6.024,0.000,0.262,0.0,1,1.169,8407,18,0
29.9667,-0.2175,-45.349,6.009,-0.001,0.262,0.0,1,1.170,8398,17,0
29.9833,-0.2175,-45.409,5.993,-0.001,0.262,0.0,1,1.171,8390,17,0
30.0000,-0.2175,-45.470,5.978,-0.002,0.261,0.0,1,1.172,8382,17,0
30.0167,-0.2176,-45.531,5.964,-0.004,0.261,0.0,1,1.174,8374,17,0
30.0333,-0.2176,-45.594,5.951,-0.005,0.261,0.0,1,1.175,8366,17,0
30.0500,-0.2177,-45.657,5.938,-0.006,0.260,0.0,1,1.176,8358,17,0
30.0667,-0.2178,-45.721,5.925,-0.008,0.260,0.0,1,1.177,8350,16,0
30.0833,-0.2180,-45.785,5.913,-0.010,0.260,0.0,1,1.178,8343,16,0
30.1000,-0.2182,-45.851,5.901,-0.012,0.259,0.0,1,1.179,8335,16,0
30.1167,-0.2184,-45.917,5.890,-0.014,0.259,0.0,1,1.181,8328,16,0
30.1333,-0.2186,-45.984,5.879,-0.016,0.259,0.0,1,1.182,8322,16,0
30.1500,-0.2189,-46.051,5.869,-0.018,0.259,0.0,1,1.183,8315,16,0
30.1667,-0.2192,-46.119,5.859,-0.020,0.258,0.0,1,1.185,8309,16,0
30.1833,-0.2196,-46.188,5.850,-0.023,0.258,0.0,1,1.186,8304,15,0
30.2000,-0.2200,-46.258,5.841,-0.025,0.258,0.0,1,1.188,8299,15,0
30.2167,-0.2204,-46.328,5.832,-0.028,0.257,0.0,1,1.189,8294,15,0
30.2333,-0.2209,-46.399,5.824,-0.031,0.257,0.0,1,1.191,8290,15,0
30.2500,-0.2214,-46.470,5.816,-0.034,0.257,0.0,1,1.193,8286,15,0
30.2667,-0.2220,-46.543,5.808,-0.036,0.256,0.0,1,1.194,8283,15,0
30.2833,-0.2227,-46.616,5.801,-0.039,0.256,0.0,1,1.196,8281,15,0
30.3000,-0.2233,-46.690,5.794,-0.042,0.256,0.0,1,1.198,8279,15,0
30.3167,-0.2241,-46.764,5.787,-0.045,0.256,0.0,1,1.200,8277,15,0
30.3333,-0.2248,-46.839,5.781,-0.048,0.255,0.0,1,1.202,8277,15,0
30.3500,-0.2257,-46.915,5.775,-0.051,0.255,0.0,1,1.204,8277,15,0
30.3667,-0.2266,-46.992,5.769,-0.054,0.255,0.0,1,1.206,8278,15,0
30.3833,-0.2275,-47.070,5.763,-0.057,0.255,0.0,1,1.208,8279,15,0
30.4000,-0.2285,-47.148,5.758,-0.060,0.254,0.0,1,1.210,8282,15,0
30.4167,-0.2295,-47.228,5.753,-0.063,0.254,0.0,1,1.213,8285,15,0
30.4333,-0.2305,-47.308,5.748,-0.066,0.254,0.0,1,1.215,8289,15,0
30.4500,-0.2317,-47.389,5.743,-0.068,0.254,0.0,1,1.217,8294,15,0
30.4667,-0.2328,-47.471,5.739,-0.071,0.253,0.0,1,1.220,8300,16,0
30.4833,-0.2340,-47.554,5.734,-0.073,0.253,0.0,1,1.222,8307,16,0
30.5000,-0.2353,-47.639,5.730,-0.076,0.253,0.0,1,1.225,8315,16,0
30.5167,-0.2365,-47.724,5.725,-0.078,0.253,0.0,1,1.227,8323,16,0
30.5333,-0.2379,-47.810,5.721,-0.080,0.252,0.0,1,1.230,8333,16,0
30.5500,-0.2392,-47.897,5.716,-0.082,0.252,0.0,1,1.232,8344,16,0
30.5667,-0.2406,-47.986,5.711,-0.083,0.252,0.0,1,1.235,8356,16,0
30.5833,-0.2420,-48.076,5.705,-0.084,0.252,0.0,1,1.238,8368,16,0
30.6000,-0.2434,-48.167,5.700,-0.086,0.251,0.0,1,1.241,8381,17,0
30.6167,-0.2448,-48.259,5.693,-0.086,0.251,0.0,1,1.244,8395,17,0
30.6333,-0.2463,-48.352,5.686,-0.087,0.251,0.0,1,1.246,8409,17,0
30.6500,-0.2477,-48.447,5.678,-0.087,0.251,0.0,1,1.249,8424,17,0
30.6667,-0.2492,-48.543,5.669,-0.087,0.250,0.0,1,1.252,8440,17,0
30.6833,-0.2506,-48.641,5.659,-0.087,0.250,0.0,1,1.255,8456,18,0
30.7000,-0.2521,-48.740,5.647,-0.086,0.250,0.0,1,1.258,8473,18,0
30.7167,-0.2535,-48.840,5.634,-0.086,0.249,0.0,1,1.261,8491,18,0
30.7333,-0.2549,-48.942,5.620,-0.084,0.249,0.0,1,1.264,8508,18,0
30.7500,-0.2563,-49.046,5.604,-0.083,0.249,0.0,1,1.267,8525,19,0
30.7667,-0.2577,-49.151,5.586,-0.081,0.249,0.0,1,1.270,8542,19,0
30.7833,-0.2590,-49.257,5.566,-0.079,0.248,0.0,1,1.273,8557,19,0
30.8000,-0.2603,-49.365,5.544,-0.076,0.248,0.0,1,1.276,8572,20,0
30.8167,-0.2616,-49.475,5.520,-0.074,0.248,0.0,1,1.279,8586,20,0
30.8333,-0.2628,-49.586,5.494,-0.071,0.247,0.0,1,1.282,8598,21,0
30.8500,-0.2639,-49.698,5.466,-0.068,0.247,0.0,1,1.285,8609,22,0
30.8667,-0.2650,-49.813,5.436,-0.064,0.246,0.0,1,1.288,8619,22,0
30.8833,-0.2661,-49.928,5.403,-0.061,0.246,0.0,1,1.291,8627,23,0
30.9000,-0.2670,-50.046,5.369,-0.057,0.246,0.0,1,1.293,8632,24,0
30.9167,-0.2680,-50.165,5.333,-0.054,0.245,0.0,1,1.296,8636,24,0
30.9333,-0.2688,-50.285,5.295,-0.050,0.245,0.0,1,1.299,8638,25,0
30.9500,-0.2696,-50.408,5.256,-0.046,0.244,0.0,1,1.302,8639,26,0
30.9667,-0.2704,-50.531,5.215,-0.043,0.244,0.0,1,1.304,8638,26,0
30.9833,-0.2711,-50.657,5.173,-0.039,0.243,0.0,1,1.307,8635,27,0
31.0000,-0.2717,-50.784,5.130,-0.036,0.243,0.0,1,1.310,8632,27,0
31.0167,-0.2723,-50.912,5.086,-0.032,0.242,0.0,1,1.312,8627,28,0
31.0333,-0.2728,-51.043,5.041,-0.029,0.242,0.0,1,1.315,8622,28,0
31.0500,-0.2732,-51.175,4.995,-0.026,0.241,0.0,1,1.317,8615,28,0
31.0667,-0.2736,-51.308,4.950,-0.023,0.240,0.0,1,1.320,8608,28,0
31.0833,-0.2740,-51.443,4.904,-0.020,0.240,0.0,1,1.322,8600,28,0
31.1000,-0.2743,-51.579,4.857,-0.017,0.239,0.0,1,1.325,8591,29,0
31.1167,-0.2745,-51.717,4.811,-0.014,0.239,0.0,1,1.327,8582,28,0
31.1333,-0.2748,-51.856,4.765,-0.012,0.238,0.0,1,1.329,8572,28,0
31.1500,-0.2749,-51.997,4.719,-0.010,0.238,0.0,1,1.332,8562,28,0
31.1667,-0.2751,-52.139,4.673,-0.008,0.237,0.0,1,1.334,8551,28,0
31.1833,-0.2752,-52.282,4.627,-0.006,0.237,0.0,1,1.336,8539,28,0
31.2000,-0.2753,-52.427,4.582,-0.004,0.236,0.0,1,1.339,8526,28,0
31.2167,-0.2753,-52.572,4.536,-0.003,0.235,0.0,1,1.341,8513,28,0
31.2333,-0.2754,-52.719,4.491,-0.002,0.235,0.0,1,1.343,8498,27,0
31.2500,-0.2754,-52.867,4.446,-0.001,0.234,0.0,1,1.345,8483,27,0
31.2667,-0.2754,-53.015,4.401,-0.001,0.234,0.0,1,1.348,8467,27,0
31.2833,-0.2754,-53.165,4.356,-0.000,0.233,0.0,1,1.350,8451,27,0
31.3000,-0.2754,-53.315,4.311,-0.000,0.233,0.0,1,1.352,8435,26,0
31.3167,-0.2754,-53.465,4.267,-0.001,0.232,0.0,1,1.354,8418,26,0
31.3333,-0.2755,-53.616,4.222,-0.002,0.232,0.0,1,1.356,8401,26,0
31.3500,-0.2755,-53.767,4.177,-0.003,0.231,0.0,1,1.359,8385,26,0
31.3667,-0.2756,-53.919,4.133,-0.004,0.231,0.0,1,1.361,8370,25,0
31.3833,-0.2756,-54.071,4.088,-0.005,0.230,0.0,1,1.363,8355,25,0
31.4000,-0.2757,-54.222,4.043,-0.007,0.230,0.0,1,1.366,8342,25,0
31.4167,-0.2759,-54.374,3.999,-0.009,0.229,0.0,1,1.368,8330,25,0
31.4333,-0.2761,-54.525,3.954,-0.012,0.229,0.0,1,1.370,8319,24,0
31.4500,-0.2763,-54.676,3.909,-0.014,0.228,0.0,1,1.373,8310,24,0
31.4667,-0.2765,-54.827,3.864,-0.017,0.228,0.0,1,1.375,8303,24,0
31.4833,-0.2768,-54.977,3.819,-0.019,0.227,0.0,1,1.377,8298,24,0
31.5000,-0.2772,-55.126,3.775,-0.022,0.227,0.0,1,1.380,8296,23,0
31.5167,-0.2776,-55.275,3.730,-0.025,0.226,0.0,1,1.382,8295,23,0
31.5333,-0.2780,-55.423,3.685,-0.028,0.226,0.0,1,1.385,8297,23,0
31.5500,-0.2785,-55.570,3.639,-0.030,0.225,0.0,1,1.387,8301,23,0
31.5667,-0.2790,-55.716,3.594,-0.033,0.225,0.0,1,1.390,8307,23,0
31.5833,-0.2796,-55.860,3.549,-0.035,0.224,0.0,1,1.392,8315,23,0
31.6000,-0.2802,-56.003,3.504,-0.038,0.224,0.0,1,1.395,8326,23,0
31.6167,-0.2808,-56.145,3.458,-0.040,0.223,0.0,1,1.398,8339,23,0
31.6333,-0.2815,-56.286,3.413,-0.041,0.223,0.0,1,1.400,8353,23,0
31.6500,-0.2822,-56.425,3.367,-0.043,0.223,0.0,1,1.403,8370,22,0
31.6667,-0.2829,-56.562,3.321,-0.044,0.222,0.0,1,1.406,8388,22,0
31.6833,-0.2837,-56.698,3.276,-0.045,0.222,0.0,1,1.408,8407,22,0
31.7000,-0.2844,-56.832,3.230,-0.045,0.221,0.0,1,1.411,8427,22,0
31.7167,-0.2852,-56.964,3.184,-0.045,0.221,0.0,1,1.413,8447,22,0
31.7333,-0.2859,-57.094,3.138,-0.045,0.220,0.0,1,1.416,8468,22,0
31.7500,-0.2867,-57.222,3.092,-0.044,0.220,0.0,1,1.418,8489,22,0
31.7667,-0.2874,-57.348,3.046,-0.043,0.219,0.0,1,1.421,8510,23,0
31.7833,-0.2881,-57.472,2.999,-0.041,0.219,0.0,1,1.423,8530,23,0
31.8000,-0.2888,-57.594,2.953,-0.039,0.218,0.0,1,1.426,8550,23,0
31.8167,-0.2894,-57.713,2.907,-0.037,0.218,0.0,1,1.428,8568,23,0
31.8333,-0.2900,-57.830,2.860,-0.035,0.218,0.0,1,1.430,8585,24,0
31.8500,-0.2905,-57.944,2.814,-0.032,0.217,0.0,1,1.432,8600,24,0
31.8667,-0.2910,-58.056,2.767,-0.029,0.217,0.0,1,1.434,8613,24,0
31.8833,-0.2915,-58.166,2.721,-0.025,0.216,0.0,1,1.436,8624,25,0
31.9000,-0.2919,-58.272,2.675,-0.022,0.216,0.0,1,1.438,8632,25,0
31.9167,-0.2922,-58.377,2.628,-0.018,0.215,0.0,1,1.440,8638,25,0
31.9333,-0.2925,-58.478,2.582,-0.014,0.215,0.0,1,1.442,8642,26,0
31.9500,-0.2927,-58.576,2.535,-0.010,0.214,0.0,1,1.443,8643,26,0
31.9667,-0.2928,-58.672,2.489,-0.007,0.214,0.0,1,1.445,8642,26,0
31.9833,-0.2929,-58.765,2.442,-0.003,0.213,0.0,1,1.446,8638,27,0
32.0000,-0.2929,-58.854,2.396,0.001,0.212,0.0,1,1.447,8632,27,0
32.0167,-0.2929,-58.941,2.350,0.004,0.212,0.0,1,1.448,8623,27,0
32.0333,-0.2928,-59.024,2.303,0.008,0.211,0.0,1,1.449,8612,27,0
32.0500,-0.2926,-59.104,2.257,0.011,0.211,0.0,1,1.450,8599,27,0
32.0667,-0.2924,-59.181,2.211,0.013,0.210,0.0,1,1.451,8584,27,0
32.0833,-0.2922,-59.255,2.165,0.016,0.210,0.0,1,1.452,8567,27,0
32.1000,-0.2919,-59.325,2.119,0.018,0.209,0.0,1,1.453,8549,27,0
32.1167,-0.2916,-59.392,2.073,0.020,0.209,0.0,1,1.454,8530,27,0
32.1333,-0.2912,-59.456,2.028,0.021,0.208,0.0,1,1.454,8510,27,0
32.1500,-0.2909,-59.516,1.982,0.022,0.208,0.0,1,1.455,8489,27,0
32.1667,-0.2905,-59.572,1.937,0.023,0.207,0.0,1,1.455,8467,27,0
32.1833,-0.2901,-59.625,1.891,0.023,0.207,0.0,1,1.456,8446,26,0
32.2000,-0.2897,-59.674,1.846,0.023,0.206,0.0,1,1.456,8425,26,0
32.2167,-0.2893,-59.720,1.801,0.023,0.206,0.0,1,1.456,8404,26,0
32.2333,-0.2890,-59.762,1.756,0.022,0.205,0.0,1,1.457,8383,26,0
32.2500,-0.2886,-59.801,1.711,0.020,0.205,0.0,1,1.457,8364,25,0
32.2667,-0.2883,-59.835,1.666,0.019,0.204,0.0,1,1.457,8346,25,0
32.2833,-0.2880,-59.867,1.622,0.017,0.204,0.0,1,1.458,8329,25,0
32.3000,-0.2877,-59.894,1.577,0.015,0.203,0.0,1,1.458,8313,24,0
32.3167,-0.2875,-59.918,1.533,0.012,0.203,0.0,1,1.458,8299,24,0
32.3333,-0.2873,-59.938,1.489,0.009,0.202,0.0,1,1.459,8287,24,0
32.3500,-0.2872,-59.954,1.445,0.006,0.202,0.0,1,1.459,8277,24,0
32.3667,-0.2871,-59.967,1.401,0.003,0.202,0.0,1,1.459,8270,23,0
32.3833,-0.2871,-59.976,1.358,0.000,0.201,0.0,1,1.459,8264,23,0
32.4000,-0.2871,-59.982,1.314,-0.003,0.201,0.0,1,1.460,8260,23,0
32.4167,-0.2872,-59.984,1.271,-0.007,0.200,0.0,1,1.460,8259,23,0
32.4333,-0.2873,-59.983,1.228,-0.010,0.200,0.0,1,1.461,8260,22,0
32.4500,-0.2875,-59.978,1.185,-0.013,0.199,0.0,1,1.461,8264,22,0
32.4667,-0.2878,-59.969,1.142,-0.016,0.199,0.0,1,1.461,8270,22,0
32.4833,-0.2881,-59.958,1.100,-0.019,0.199,0.0,1,1.462,8278,22,0
32.5000,-0.2884,-59.942,1.058,-0.022,0.198,0.0,1,1.462,8288,23,0
32.5167,-0.2888,-59.924,1.016,-0.025,0.198,0.0,1,1.463,8300,23,0
32.5333,-0.2892,-59.903,0.974,-0.027,0.197,0.0,1,1.463,8314,23,0
32.5500,-0.2897,-59.878,0.932,-0.029,0.197,0.0,1,1.463,8330,23,0
32.5667,-0.2902,-59.850,0.891,-0.031,0.197,0.0,1,1.464,8347,23,0
32.5833,-0.2907,-59.819,0.849,-0.032,0.196,0.0,1,1.464,8366,24,0
32.6000,-0.2913,-59.786,0.808,-0.033,0.196,0.0,1,1.465,8386,24,0
32.6167,-0.2918,-59.749,0.768,-0.034,0.196,0.0,1,1.465,8406,24,0
32.6333,-0.2924,-59.710,0.727,-0.034,0.195,0.0,1,1.466,8428,25,0
32.6500,-0.2930,-59.668,0.687,-0.034,0.195,0.0,1,1.466,8450,25,0
32.6667,-0.2935,-59.624,0.647,-0.033,0.195,0.0,1,1.466,8471,25,0
32.6833,-0.2941,-59.577,0.607,-0.032,0.194,0.0,1,1.467,8493,25,0
32.7000,-0.2946,-59.528,0.567,-0.031,0.194,0.0,1,1.467,8514,25,0
32.7167,-0.2951,-59.477,0.528,-0.029,0.194,0.0,1,1.467,8534,25,0
32.7333,-0.2956,-59.423,0.488,-0.027,0.194,0.0,1,1.467,8553,25,0
32.7500,-0.2960,-59.367,0.449,-0.025,0.193,0.0,1,1.467,8571,25,0
32.7667,-0.2964,-59.310,0.411,-0.022,0.193,0.0,1,1.467,8587,25,0
32.7833,-0.2967,-59.250,0.372,-0.019,0.193,0.0,1,1.467,8601,25,0
32.8000,-0.2970,-59.189,0.334,-0.015,0.192,0.0,1,1.467,8613,25,0
32.8167,-0.2972,-59.126,0.296,-0.012,0.192,0.0,1,1.467,8623,25,0
32.8333,-0.2974,-59.062,0.259,-0.008,0.192,0.0,1,1.466,8630,24,0
32.8500,-0.2975,-58.996,0.221,-0.004,0.191,0.0,1,1.466,8635,24,0
32.8667,-0.2975,-58.928,0.184,-0.000,0.191,0.0,1,1.465,8637,24,0
32.8833,-0.2975,-58.860,0.147,0.004,0.191,0.0,1,1.465,8636,24,0
32.9000,-0.2974,-58.790,0.111,0.007,0.190,0.0,1,1.464,8632,23,0
32.9167,-0.2973,-58.719,0.074,0.011,0.190,0.0,1,1.463,8626,23,0
32.9333,-0.2971,-58.647,0.038,0.015,0.189,0.0,1,1.463,8617,23,0
32.9500,-0.2968,-58.574,0.003,0.018,0.189,0.0,1,1.462,8605,23,0
32.9667,-0.2964,-58.500,-0.033,0.021,0.189,0.0,1,1.461,8591,23,0
32.9833,-0.2961,-58.425,-0.068,0.024,0.188,0.0,1,1.460,8575,22,0
33.0000,-0.2956,-58.350,-0.103,0.027,0.188,0.0,1,1.459,8557,22,0
33.0167,-0.2952,-58.273,-0.137,0.029,0.188,0.0,1,1.457,8537,22,0
33.0333,-0.2947,-58.197,-0.171,0.030,0.187,0.0,1,1.456,8515,22,0
33.0500,-0.2942,-58.119,-0.205,0.032,0.187,0.0,1,1.455,8492,22,0
33.0667,-0.2936,-58.042,-0.239,0.033,0.186,0.0,1,1.454,8468,21,0
33.0833,-0.2931,-57.964,-0.272,0.033,0.186,0.0,1,1.453,8444,21,0
33.1000,-0.2925,-57.885,-0.305,0.033,0.186,0.0,1,1.451,8420,21,0
33.1167,-0.2920,-57.807,-0.337,0.033,0.185,0.0,1,1.450,8395,21,0
33.1333,-0.2915,-57.728,-0.369,0.032,0.185,0.0,1,1.449,8372,21,0
33.1500,-0.2909,-57.649,-0.401,0.030,0.185,0.0,1,1.448,8349,21,0
33.1667,-0.2905,-57.570,-0.433,0.028,0.184,0.0,1,1.446,8327,21,0
33.1833,-0.2900,-57.491,-0.464,0.026,0.184,0.0,1,1.445,8307,21,0
33.2000,-0.2896,-57.412,-0.494,0.024,0.184,0.0,1,1.444,8288,21,0
33.2167,-0.2892,-57.334,-0.525,0.021,0.183,0.0,1,1.443,8272,21,0
33.2333,-0.2889,-57.255,-0.555,0.018,0.183,0.0,1,1.442,8258,21,0
33.2500,-0.2886,-57.177,-0.584,0.014,0.183,0.0,1,1.441,8246,21,0
33.2667,-0.2884,-57.100,-0.614,0.011,0.182,0.0,1,1.440,8237,21,0
33.2833,-0.2883,-57.022,-0.643,0.007,0.182,0.0,1,1.439,8230,21,0
33.3000,-0.2882,-56.946,-0.671,0.003,0.182,0.0,1,1.438,8227,21,0
33.3167,-0.2882,-56.870,-0.699,-0.001,0.182,0.0,1,1.437,8226,21,0
33.3333,-0.2882,-56.794,-0.727,-0.005,0.181,0.0,1,1.437,8229,21,0
33.3500,-0.2883,-56.720,-0.754,-0.008,0.181,0.0,1,1.436,8234,21,0
33.3667,-0.2885,-56.646,-0.781,-0.012,0.181,0.0,1,1.436,8241,22,0
33.3833,-0.2887,-56.574,-0.808,-0.015,0.181,0.0,1,1.435,8252,22,0
33.4000,-0.2890,-56.502,-0.834,-0.019,0.180,0.0,1,1.435,8264,22,0
33.4167,-0.2893,-56.432,-0.860,-0.021,0.180,0.0,1,1.434,8280,22,0
33.4333,-0.2897,-56.363,-0.885,-0.024,0.180,0.0,1,1.434,8297,22,0
33.4500,-0.2901,-56.296,-0.910,-0.026,0.180,0.0,1,1.434,8315,22,0
33.4667,-0.2906,-56.229,-0.935,-0.028,0.180,0.0,1,1.434,8336,22,0
33.4833,-0.2911,-56.165,-0.959,-0.030,0.180,0.0,1,1.433,8357,22,0
33.5000,-0.2916,-56.102,-0.983,-0.031,0.179,0.0,1,1.433,8380,22,0
33.5167,-0.2921,-56.041,-1.006,-0.031,0.179,0.0,1,1.433,8403,22,0
33.5333,-0.2926,-55.981,-1.029,-0.032,0.179,0.0,1,1.433,8426,21,0
33.5500,-0.2931,-55.924,-1.052,-0.031,0.179,0.0,1,1.433,8449,21,0
33.5667,-0.2937,-55.868,-1.074,-0.031,0.179,0.0,1,1.433,8471,21,0
33.5833,-0.2942,-55.815,-1.096,-0.030,0.179,0.0,1,1.433,8493,20,0
33.6000,-0.2946,-55.763,-1.117,-0.028,0.178,0.0,1,1.433,8514,20,0
33.6167,-0.2951,-55.714,-1.138,-0.026,0.178,0.0,1,1.433,8533,19,0
33.6333,-0.2955,-55.667,-1.158,-0.024,0.178,0.0,1,1.433,8551,18,0
33.6500,-0.2959,-55.622,-1.178,-0.022,0.178,0.0,1,1.433,8567,18,0
33.6667,-0.2962,-55.580,-1.198,-0.019,0.178,0.0,1,1.433,8581,17,0
33.6833,-0.2965,-55.540,-1.217,-0.016,0.177,0.0,1,1.433,8592,17,0
33.7000,-0.2968,-55.502,-1.236,-0.013,0.177,0.0,1,1.433,8602,16,0
33.7167,-0.2970,-55.467,-1.254,-0.009,0.177,0.0,1,1.433,8608,16,0
33.7333,-0.2971,-55.435,-1.272,-0.006,0.177,0.0,1,1.432,8613,15,0
33.7500,-0.2972,-55.405,-1.290,-0.003,0.176,0.0,1,1.432,8614,15,0
33.7667,-0.2972,-55.377,-1.307,0.001,0.176,0.0,1,1.432,8613,15,0
33.7833,-0.2971,-55.352,-1.324,0.004,0.176,0.0,1,1.432,8610,14,0
33.8000,-0.2970,-55.329,-1.340,0.008,0.176,0.0,1,1.431,8604,14,0
33.8167,-0.2969,-55.309,-1.356,0.011,0.175,0.0,1,1.431,8595,14,0
33.8333,-0.2967,-55.292,-1.371,0.014,0.175,0.0,1,1.431,8584,14,0
33.8500,-0.2964,-55.277,-1.386,0.016,0.175,0.0,1,1.430,8572,14,0
33.8667,-0.2961,-55.264,-1.401,0.019,0.175,0.0,1,1.430,8557,14,0
33.8833,-0.2958,-55.254,-1.415,0.021,0.174,0.0,1,1.430,8540,14,0
33.9000,-0.2954,-55.247,-1.429,0.023,0.174,0.0,1,1.429,8522,14,0
33.9167,-0.2950,-55.242,-1.442,0.024,0.174,0.0,1,1.429,8502,14,0
33.9333,-0.2946,-55.239,-1.455,0.026,0.174,0.0,1,1.429,8481,13,0
33.9500,-0.2942,-55.239,-1.468,0.026,0.173,0.0,1,1.428,8460,13,0
33.9667,-0.2937,-55.241,-1.480,0.026,0.173,0.0,1,1.428,8438,13,0
33.9833,-0.2933,-55.245,-1.491,0.026,0.173,0.0,1,1.427,8416,13,0
34.0000,-0.2929,-55.251,-1.503,0.026,0.173,0.0,1,1.427,8394,13,0
34.0167,-0.2924,-55.260,-1.514,0.025,0.172,0.0,1,1.427,8372,13,0
34.0333,-0.2920,-55.271,-1.524,0.023,0.172,0.0,1,1.427,8351,13,0
34.0500,-0.2917,-55.284,-1.534,0.022,0.172,0.0,1,1.427,8331,12,0
34.0667,-0.2913,-55.299,-1.544,0.020,0.172,0.0,1,1.426,8313,12,0
34.0833,-0.2910,-55.317,-1.553,0.017,0.171,0.0,1,1.426,8295,12,0
34.1000,-0.2907,-55.336,-1.562,0.014,0.171,0.0,1,1.426,8280,12,0
34.1167,-0.2905,-55.357,-1.571,0.011,0.171,0.0,1,1.427,8266,12,0
34.1333,-0.2904,-55.380,-1.579,0.008,0.171,0.0,1,1.427,8254,12,0
34.1500,-0.2902,-55.404,-1.586,0.005,0.171,0.0,1,1.427,8245,11,0
34.1667,-0.2902,-55.431,-1.594,0.001,0.170,0.0,1,1.427,8238,11,0
34.1833,-0.2902,-55.459,-1.601,-0.003,0.170,0.0,1,1.428,8234,11,0
34.2000,-0.2903,-55.489,-1.607,-0.006,0.170,0.0,1,1.428,8232,11,0
34.2167,-0.2904,-55.521,-1.613,-0.010,0.170,0.0,1,1.429,8233,11,0
34.2333,-0.2906,-55.554,-1.619,-0.014,0.170,0.0,1,1.429,8236,11,0
34.2500,-0.2909,-55.589,-1.625,-0.017,0.169,0.0,1,1.430,8242,10,0
34.2667,-0.2912,-55.626,-1.630,-0.021,0.169,0.0,1,1.431,8251,10,0
34.2833,-0.2916,-55.664,-1.634,-0.024,0.169,0.0,1,1.432,8262,10,0
34.3000,-0.2920,-55.703,-1.639,-0.027,0.169,0.0,1,1.433,8275,10,0
34.3167,-0.2925,-55.744,-1.643,-0.030,0.169,0.0,1,1.434,8291,10,0
34.3333,-0.2930,-55.787,-1.646,-0.032,0.168,0.0,1,1.435,8308,10,0
34.3500,-0.2936,-55.831,-1.649,-0.035,0.168,0.0,1,1.436,8327,10,0
34.3667,-0.2942,-55.876,-1.652,-0.036,0.168,0.0,1,1.437,8347,10,0
34.3833,-0.2948,-55.922,-1.654,-0.038,0.168,0.0,1,1.438,8369,10,0
34.4000,-0.2954,-55.970,-1.656,-0.039,0.168,0.0,1,1.439,8392,9,0
34.4167,-0.2961,-56.019,-1.658,-0.039,0.168,0.0,1,1.441,8415,9,0
34.4333,-0.2967,-56.070,-1.659,-0.039,0.167,0.0,1,1.442,8438,9,0
34.4500,-0.2974,-56.122,-1.660,-0.039,0.167,0.0,1,1.443,8462,9,0
34.4667,-0.2980,-56.175,-1.661,-0.038,0.167,0.0,1,1.444,8485,9,0
34.4833,-0.2986,-56.229,-1.661,-0.037,0.167,0.0,1,1.446,8507,10,0
34.5000,-0.2992,-56.284,-1.661,-0.035,0.167,0.0,1,1.447,8528,10,0
34.5167,-0.2998,-56.340,-1.660,-0.033,0.166,0.0,1,1.448,8548,10,0
34.5333,-0.3003,-56.398,-1.660,-0.030,0.166,0.0,1,1.449,8566,10,0
34.5500,-0.3008,-56.456,-1.658,-0.028,0.166,0.0,1,1.451,8582,10,0
34.5667,-0.3012,-56.516,-1.657,-0.025,0.166,0.0,1,1.452,8597,10,0
34.5833,-0.3016,-56.576,-1.655,-0.021,0.166,0.0,1,1.453,8608,10,0
34.6000,-0.3019,-56.638,-1.653,-0.018,0.166,0.0,1,1.454,8618,10,0
34.6167,-0.3022,-56.700,-1.650,-0.014,0.165,0.0,1,1.455,8625,10,0
34.6333,-0.3024,-56.763,-1.647,-0.011,0.165,0.0,1,1.456,8629,10,0
34.6500,-0.3026,-56.826,-1.644,-0.007,0.165,0.0,1,1.457,8630,11,0
34.6667,-0.3027,-56.891,-1.640,-0.003,0.165,0.0,1,1.458,8628,11,0
34.6833,-0.3027,-56.955,-1.636,0.000,0.165,0.0,1,1.458,8624,11,0
34.7000,-0.3026,-57.021,-1.632,0.004,0.164,0.0,1,1.459,8616,11,0
34.7167,-0.3025,-57.087,-1.627,0.007,0.164,0.0,1,1.460,8607,11,0
34.7333,-0.3024,-57.153,-1.622,0.010,0.164,0.0,1,1.460,8594,11,0
34.7500,-0.3022,-57.219,-1.617,0.013,0.164,0.0,1,1.461,8580,11,0
34.7667,-0.3020,-57.286,-1.612,0.016,0.163,0.0,1,1.461,8563,12,0
34.7833,-0.3017,-57.353,-1.606,0.018,0.163,0.0,1,1.462,8544,12,0
34.8000,-0.3014,-57.420,-1.600,0.020,0.163,0.0,1,1.462,8524,12,0
34.8167,-0.3010,-57.487,-1.594,0.022,0.163,0.0,1,1.463,8502,12,0
34.8333,-0.3006,-57.553,-1.587,0.023,0.163,0.0,1,1.463,8479,12,0
34.8500,-0.3003,-57.620,-1.580,0.023,0.162,0.0,1,1.463,8456,12,0
34.8667,-0.2999,-57.686,-1.573,0.023,0.162,0.0,1,1.464,8432,12,0
34.8833,-0.2995,-57.751,-1.565,0.023,0.162,0.0,1,1.464,8408,12,0
34.9000,-0.2991,-57.817,-1.557,0.022,0.162,0.0,1,1.464,8385,12,0
34.9167,-0.2987,-57.881,-1.549,0.021,0.161,0.0,1,1.465,8362,12,0
34.9333,-0.2984,-57.945,-1.541,0.020,0.161,0.0,1,1.465,8340,12,0
34.9500,-0.2981,-58.009,-1.533,0.018,0.161,0.0,1,1.465,8320,12,0
34.9667,-0.2978,-58.071,-1.524,0.015,0.161,0.0,1,1.466,8301,12,0
34.9833,-0.2976,-58.133,-1.515,0.013,0.160,0.0,1,1.466,8284,12,0
35.0000,-0.2974,-58.194,-1.506,0.010,0.160,0.0,1,1.466,8269,12,0
35.0167,-0.2973,-58.253,-1.496,0.006,0.160,0.0,1,1.467,8256,12,0
35.0333,-0.2972,-58.312,-1.487,0.003,0.160,0.0,1,1.468,8246,12,0
35.0500,-0.2972,-58.370,-1.477,-0.001,0.160,0.0,1,1.468,8239,12,0
35.0667,-0.2972,-58.426,-1.467,-0.004,0.159,0.0,1,1.469,8234,11,0
35.0833,-0.2973,-58.481,-1.456,-0.008,0.159,0.0,1,1.469,8232,11,0
35.1000,-0.2975,-58.535,-1.446,-0.012,0.159,0.0,1,1.470,8233,11,0
35.1167,-0.2977,-58.588,-1.435,-0.016,0.159,0.0,1,1.471,8237,11,0
35.1333,-0.2980,-58.639,-1.424,-0.019,0.159,0.0,1,1.472,8243,11,0
35.1500,-0.2983,-58.689,-1.413,-0.023,0.158,0.0,1,1.472,8252,11,0
35.1667,-0.2987,-58.738,-1.402,-0.026,0.158,0.0,1,1.473,8264,11,0
35.1833,-0.2992,-58.785,-1.391,-0.029,0.158,0.0,1,1.474,8278,11,0
35.2000,-0.2997,-58.831,-1.379,-0.032,0.158,0.0,1,1.475,8294,11,0
35.2167,-0.3002,-58.875,-1.367,-0.034,0.157,0.0,1,1.476,8312,11,0
35.2333,-0.3008,-58.919,-1.355,-0.036,0.157,0.0,1,1.477,8332,11,0
35.2500,-0.3014,-58.960,-1.343,-0.038,0.157,0.0,1,1.478,8353,11,0
35.2667,-0.3021,-59.001,-1.331,-0.039,0.157,0.0,1,1.479,8375,11,0
35.2833,-0.3027,-59.040,-1.318,-0.040,0.157,0.0,1,1.480,8398,11,0
35.3000,-0.3034,-59.077,-1.306,-0.040,0.156,0.0,1,1.481,8421,11,0
35.3167,-0.3041,-59.114,-1.293,-0.040,0.156,0.0,1,1.482,8445,12,0
35.3333,-0.3047,-59.149,-1.280,-0.039,0.156,0.0,1,1.483,8468,12,0
35.3500,-0.3054,-59.182,-1.267,-0.039,0.156,0.0,1,1.484,8491,12,0
35.3667,-0.3060,-59.215,-1.254,-0.037,0.156,0.0,1,1.485,8513,12,0
35.3833,-0.3066,-59.246,-1.241,-0.035,0.155,0.0,1,1.486,8534,12,0
35.4000,-0.3072,-59.276,-1.227,-0.033,0.155,0.0,1,1.487,8553,12,0
35.4167,-0.3077,-59.304,-1.214,-0.031,0.155,0.0,1,1.488,8571,12,0
35.4333,-0.3082,-59.332,-1.200,-0.028,0.155,0.0,1,1.488,8587,13,0
35.4500,-0.3087,-59.358,-1.186,-0.025,0.155,0.0,1,1.489,8601,13,0
35.4667,-0.3090,-59.383,-1.172,-0.022,0.154,0.0,1,1.489,8613,13,0
35.4833,-0.3094,-59.407,-1.158,-0.018,0.154,0.0,1,1.490,8622,13,0
35.5000,-0.3096,-59.430,-1.144,-0.014,0.154,0.0,1,1.490,8629,13,0
35.5167,-0.3098,-59.451,-1.130,-0.011,0.154,0.0,1,1.491,8634,13,0
35.5333,-0.3100,-59.471,-1.115,-0.007,0.153,0.0,1,1.491,8636,14,0
35.5500,-0.3101,-59.491,-1.101,-0.003,0.153,0.0,1,1.491,8635,14,0
35.5667,-0.3101,-59.509,-1.086,0.001,0.153,0.0,1,1.491,8632,14,0
35.5833,-0.3100,-59.525,-1.072,0.005,0.153,0.0,1,1.491,8626,14,0
35.6000,-0.3099,-59.541,-1.057,0.008,0.152,0.0,1,1.491,8618,14,0
35.6167,-0.3098,-59.556,-1.042,0.011,0.152,0.0,1,1.491,8607,14,0
35.6333,-0.3096,-59.569,-1.028,0.015,0.152,0.0,1,1.491,8594,15,0
35.6500,-0.3093,-59.581,-1.013,0.017,0.151,0.0,1,1.491,8579,15,0
35.6667,-0.3090,-59.592,-0.998,0.020,0.151,0.0,1,1.491,8562,15,0
35.6833,-0.3086,-59.602,-0.983,0.022,0.151,0.0,1,1.490,8544,15,0
35.7000,-0.3082,-59.611,-0.968,0.024,0.151,0.0,1,1.490,8524,15,0
35.7167,-0.3078,-59.618,-0.952,0.026,0.150,0.0,1,1.490,8503,15,0
35.7333,-0.3074,-59.624,-0.937,0.027,0.150,0.0,1,1.489,8482,15,0
35.7500,-0.3069,-59.629,-0.922,0.027,0.150,0.0,1,1.489,8459,15,0
35.7667,-0.3065,-59.632,-0.907,0.028,0.150,0.0,1,1.488,8436,15,0
35.7833,-0.3060,-59.634,-0.892,0.027,0.149,0.0,1,1.488,8414,15,0
35.8000,-0.3056,-59.635,-0.876,0.027,0.149,0.0,1,1.487,8391,15,0
35.8167,-0.3051,-59.635,-0.861,0.026,0.149,0.0,1,1.487,8369,15,0
35.8333,-0.3047,-59.633,-0.845,0.024,0.148,0.0,1,1.486,8348,14,0
35.8500,-0.3043,-59.630,-0.830,0.023,0.148,0.0,1,1.485,8329,14,0
35.8667,-0.3039,-59.625,-0.815,0.020,0.148,0.0,1,1.485,8310,14,0
35.8833,-0.3036,-59.620,-0.799,0.018,0.148,0.0,1,1.485,8293,14,0
35.9000,-0.3033,-59.612,-0.784,0.015,0.147,0.0,1,1.484,8279,14,0
35.9167,-0.3031,-59.604,-0.768,0.012,0.147,0.0,1,1.484,8266,14,0
35.9333,-0.3029,-59.594,-0.753,0.009,0.147,0.0,1,1.483,8255,13,0
35.9500,-0.3028,-59.583,-0.737,0.005,0.147,0.0,1,1.483,8247,13,0
35.9667,-0.3028,-59.570,-0.722,0.002,0.146,0.0,1,1.483,8242,13,0
35.9833,-0.3028,-59.557,-0.706,-0.002,0.146,0.0,1,1.482,8239,13,0
36.0000,-0.3028,-59.542,-0.691,-0.005,0.146,0.0,1,1.482,8238,13,0
36.0167,-0.3029,-59.526,-0.675,-0.009,0.146,0.0,1,1.482,8241,13,0
36.0333,-0.3031,-59.508,-0.660,-0.013,0.146,0.0,1,1.482,8246,13,0
36.0500,-0.3034,-59.490,-0.644,-0.016,0.145,0.0,1,1.482,8253,13,0
36.0667,-0.3037,-59.470,-0.629,-0.019,0.145,0.0,1,1.482,8263,13,0
36.0833,-0.3040,-59.450,-0.613,-0.022,0.145,0.0,1,1.482,8276,13,0
36.1000,-0.3044,-59.428,-0.598,-0.025,0.145,0.0,1,1.482,8290,13,0
36.1167,-0.3048,-59.406,-0.582,-0.027,0.145,0.0,1,1.482,8307,14,0
36.1333,-0.3053,-59.383,-0.567,-0.030,0.144,0.0,1,1.482,8325,14,0
36.1500,-0.3058,-59.359,-0.551,-0.031,0.144,0.0,1,1.482,8345,14,0
36.1667,-0.3063,-59.334,-0.536,-0.033,0.144,0.0,1,1.483,8366,14,0
36.1833,-0.3069,-59.308,-0.520,-0.034,0.144,0.0,1,1.483,8388,14,0
36.2000,-0.3075,-59.282,-0.505,-0.034,0.144,0.0,1,1.483,8411,14,0
36.2167,-0.3080,-59.256,-0.490,-0.034,0.144,0.0,1,1.483,8434,14,0
36.2333,-0.3086,-59.229,-0.474,-0.034,0.143,0.0,1,1.483,8457,14,0
36.2500,-0.3092,-59.202,-0.459,-0.033,0.143,0.0,1,1.484,8479,14,0
36.2667,-0.3097,-59.174,-0.444,-0.032,0.143,0.0,1,1.484,8501,14,0
36.2833,-0.3102,-59.146,-0.428,-0.030,0.143,0.0,1,1.484,8523,14,0
36.3000,-0.3107,-59.118,-0.413,-0.028,0.143,0.0,1,1.484,8542,14,0
36.3167,-0.3112,-59.090,-0.398,-0.026,0.143,0.0,1,1.484,8561,14,0
36.3333,-0.3116,-59.062,-0.383,-0.023,0.142,0.0,1,1.484,8578,14,0
36.3500,-0.3119,-59.033,-0.368,-0.020,0.142,0.0,1,1.484,8592,13,0
36.3667,-0.3123,-59.005,-0.353,-0.017,0.142,0.0,1,1.484,8605,13,0
36.3833,-0.3125,-58.977,-0.338,-0.014,0.142,0.0,1,1.484,8615,13,0
36.4000,-0.3127,-58.949,-0.323,-0.010,0.142,0.0,1,1.484,8623,13,0
36.4167,-0.3129,-58.922,-0.308,-0.007,0.142,0.0,1,1.483,8628,13,0
36.4333,-0.3129,-58.894,-0.293,-0.003,0.141,0.0,1,1.483,8631,13,0
36.4500,-0.3129,-58.867,-0.279,0.001,0.141,0.0,1,1.483,8631,12,0
36.4667,-0.3129,-58.841,-0.264,0.005,0.141,0.0,1,1.482,8628,12,0
36.4833,-0.3128,-58.814,-0.250,0.008,0.141,0.0,1,1.482,8623,12,0
36.5000,-0.3126,-58.788,-0.235,0.012,0.140,0.0,1,1.481,8615,12,0
36.5167,-0.3124,-58.762,-0.221,0.015,0.140,0.0,1,1.481,8604,12,0
36.5333,-0.3121,-58.737,-0.206,0.018,0.140,0.0,1,1.480,8591,12,0
36.5500,-0.3118,-58.712,-0.192,0.021,0.140,0.0,1,1.479,8576,12,0
36.5667,-0.3114,-58.688,-0.178,0.024,0.140,0.0,1,1.479,8558,12,0
36.5833,-0.3110,-58.664,-0.164,0.026,0.139,0.0,1,1.478,8539,12,0
36.6000,-0.3105,-58.640,-0.150,0.028,0.139,0.0,1,1.477,8519,12,0
36.6167,-0.3101,-58.617,-0.136,0.029,0.139,0.0,1,1.476,8497,12,0
36.6333,-0.3096,-58.595,-0.122,0.030,0.139,0.0,1,1.475,8474,12,0
36.6500,-0.3091,-58.572,-0.108,0.031,0.138,0.0,1,1.475,8450,12,0
36.6667,-0.3085,-58.551,-0.094,0.031,0.138,0.0,1,1.474,8426,12,0
36.6833,-0.3080,-58.529,-0.081,0.030,0.138,0.0,1,1.473,8401,12,0
36.7000,-0.3075,-58.508,-0.067,0.030,0.138,0.0,1,1.472,8378,12,0
36.7167,-0.3071,-58.488,-0.054,0.028,0.138,0.0,1,1.471,8354,11,0
36.7333,-0.3066,-58.467,-0.041,0.027,0.137,0.0,1,1.471,8332,11,0
36.7500,-0.3062,-58.448,-0.028,0.024,0.137,0.0,1,1.470,8311,11,0
36.7667,-0.3058,-58.428,-0.015,0.022,0.137,0.0,1,1.469,8291,11,0
36.7833,-0.3054,-58.409,-0.002,0.019,0.137,0.0,1,1.468,8274,11,0
36.8000,-0.3051,-58.391,0.011,0.016,0.137,0.0,1,1.468,8258,11,0
36.8167,-0.3049,-58.373,0.024,0.013,0.136,0.0,1,1.467,8245,10,0
36.8333,-0.3047,-58.355,0.037,0.009,0.136,0.0,1,1.467,8234,10,0
36.8500,-0.3046,-58.338,0.049,0.005,0.136,0.0,1,1.467,8226,10,0
36.8667,-0.3046,-58.321,0.061,0.001,0.136,0.0,1,1.466,8221,10,0
36.8833,-0.3046,-58.304,0.074,-0.003,0.136,0.0,1,1.466,8219,10,0
36.9000,-0.3046,-58.288,0.086,-0.007,0.136,0.0,1,1.466,8220,10,0
36.9167,-0.3048,-58.273,0.098,-0.011,0.135,0.0,1,1.466,8223,10,0
36.9333,-0.3050,-58.258,0.110,-0.014,0.135,0.0,1,1.466,8230,10,0
36.9500,-0.3053,-58.244,0.121,-0.018,0.135,0.0,1,1.466,8239,10,0
36.9667,-0.3056,-58.230,0.133,-0.022,0.135,0.0,1,1.466,8251,10,0
36.9833,-0.3060,-58.217,0.145,-0.025,0.135,0.0,1,1.466,8266,10,0
37.0000,-0.3064,-58.204,0.156,-0.028,0.135,0.0,1,1.466,8282,10,0
37.0167,-0.3069,-58.193,0.167,-0.030,0.135,0.0,1,1.467,8301,10,0
37.0333,-0.3074,-58.182,0.178,-0.032,0.134,0.0,1,1.467,8321,10,0
37.0500,-0.3080,-58.171,0.189,-0.034,0.134,0.0,1,1.467,8343,10,0
37.0667,-0.3086,-58.162,0.200,-0.036,0.134,0.0,1,1.468,8366,10,0
37.0833,-0.3092,-58.153,0.211,-0.036,0.134,0.0,1,1.468,8390,10,0
37.1000,-0.3098,-58.146,0.221,-0.037,0.134,0.0,1,1.469,8414,10,0
37.1167,-0.3104,-58.139,0.232,-0.037,0.134,0.0,1,1.469,8439,10,0
37.1333,-0.3110,-58.133,0.242,-0.036,0.134,0.0,1,1.470,8463,10,0
37.1500,-0.3116,-58.128,0.252,-0.036,0.134,0.0,1,1.470,8487,10,0
37.1667,-0.3122,-58.124,0.262,-0.034,0.133,0.0,1,1.471,8509,10,0
37.1833,-0.3127,-58.122,0.272,-0.032,0.133,0.0,1,1.471,8531,9,0
37.2000,-0.3133,-58.120,0.281,-0.030,0.133,0.0,1,1.471,8551,9,0
37.2167,-0.3138,-58.120,0.291,-0.028,0.133,0.0,1,1.472,8569,9,0
37.2333,-0.3142,-58.121,0.300,-0.025,0.133,0.0,1,1.472,8585,9,0
37.2500,-0.3146,-58.122,0.310,-0.022,0.133,0.0,1,1.473,8599,9,0
37.2667,-0.3149,-58.126,0.319,-0.019,0.133,0.0,1,1.473,8611,9,0
37.2833,-0.3152,-58.130,0.328,-0.015,0.132,0.0,1,1.473,8620,9,0
37.3000,-0.3154,-58.135,0.336,-0.011,0.132,0.0,1,1.474,8627,9,0
37.3167,-0.3156,-58.142,0.345,-0.008,0.132,0.0,1,1.474,8630,9,0
37.3333,-0.3157,-58.150,0.353,-0.004,0.132,0.0,1,1.474,8632,9,0
37.3500,-0.3157,-58.159,0.362,-0.000,0.132,0.0,1,1.474,8630,9,0
37.3667,-0.3157,-58.169,0.370,0.004,0.132,0.0,1,1.474,8625,9,0
37.3833,-0.3156,-58.181,0.378,0.007,0.132,0.0,1,1.474,8618,9,0
37.4000,-0.3155,-58.193,0.386,0.011,0.131,0.0,1,1.474,8609,9,0
37.4167,-0.3152,-58.207,0.394,0.014,0.131,0.0,1,1.474,8596,9,0
37.4333,-0.3150,-58.222,0.401,0.017,0.131,0.0,1,1.474,8582,9,0
37.4500,-0.3147,-58.238,0.408,0.019,0.131,0.0,1,1.474,8565,9,0
37.4667,-0.3143,-58.254,0.416,0.022,0.131,0.0,1,1.473,8547,9,0
37.4833,-0.3140,-58.272,0.423,0.024,0.131,0.0,1,1.473,8527,9,0
37.5000,-0.3136,-58.291,0.430,0.025,0.130,0.0,1,1.473,8505,9,0
37.5167,-0.3131,-58.311,0.436,0.026,0.130,0.0,1,1.473,8482,9,0
37.5333,-0.3127,-58.331,0.443,0.027,0.130,0.0,1,1.472,8459,9,0
37.5500,-0.3122,-58.352,0.450,0.027,0.130,0.0,1,1.472,8435,9,0
37.5667,-0.3118,-58.374,0.456,0.027,0.130,0.0,1,1.472,8411,9,0
37.5833,-0.3113,-58.397,0.462,0.027,0.130,0.0,1,1.472,8387,9,0
37.6000,-0.3109,-58.420,0.468,0.025,0.129,0.0,1,1.471,8363,9,0
37.6167,-0.3105,-58.444,0.474,0.024,0.129,0.0,1,1.471,8340,9,0
37.6333,-0.3101,-58.468,0.479,0.022,0.129,0.0,1,1.471,8319,9,0
37.6500,-0.3097,-58.493,0.485,0.020,0.129,0.0,1,1.471,8299,9,0
37.6667,-0.3094,-58.518,0.490,0.017,0.129,0.0,1,1.471,8281,8,0
37.6833,-0.3092,-58.544,0.495,0.014,0.129,0.0,1,1.471,8264,8,0
37.7000,-0.3090,-58.570,0.500,0.011,0.128,0.0,1,1.471,8250,8,0
37.7167,-0.3088,-58.596,0.505,0.007,0.128,0.0,1,1.471,8238,8,0
37.7333,-0.3087,-58.623,0.510,0.003,0.128,0.0,1,1.471,8229,8,0
37.7500,-0.3087,-58.650,0.515,-0.001,0.128,0.0,1,1.472,8223,8,0
37.7667,-0.3088,-58.677,0.519,-0.004,0.128,0.0,1,1.472,8220,8,0
37.7833,-0.3089,-58.704,0.523,-0.008,0.128,0.0,1,1.472,8219,8,0
37.8000,-0.3090,-58.731,0.527,-0.012,0.128,0.0,1,1.473,8221,7,0
37.8167,-0.3093,-58.759,0.531,-0.016,0.127,0.0,1,1.473,8226,7,0
37.8333,-0.3096,-58.786,0.535,-0.020,0.127,0.0,1,1.474,8234,7,0
37.8500,-0.3099,-58.814,0.539,-0.024,0.127,0.0,1,1.474,8244,7,0
37.8667,-0.3104,-58.842,0.542,-0.027,0.127,0.0,1,1.475,8257,7,0
37.8833,-0.3108,-58.870,0.545,-0.030,0.127,0.0,1,1.476,8272,7,0
37.9000,-0.3114,-58.898,0.549,-0.033,0.127,0.0,1,1.477,8289,7,0
37.9167,-0.3119,-58.926,0.552,-0.035,0.127,0.0,1,1.478,8308,7,0
37.9333,-0.3126,-58.954,0.555,-0.037,0.127,0.0,1,1.479,8329,7,0
37.9500,-0.3132,-58.983,0.557,-0.039,0.126,0.0,1,1.479,8351,7,0
37.9667,-0.3139,-59.012,0.560,-0.040,0.126,0.0,1,1.480,8373,7,0
37.9833,-0.3145,-59.040,0.562,-0.041,0.126,0.0,1,1.481,8396,7,0
38.0000,-0.3152,-59.069,0.565,-0.042,0.126,0.0,1,1.482,8420,7,0
38.0167,-0.3159,-59.099,0.567,-0.041,0.126,0.0,1,1.483,8443,7,0
38.0333,-0.3166,-59.128,0.569,-0.041,0.126,0.0,1,1.484,8466,7,0
38.0500,-0.3173,-59.158,0.571,-0.040,0.126,0.0,1,1.485,8488,7,0
38.0667,-0.3179,-59.188,0.572,-0.039,0.126,0.0,1,1.486,8510,7,0
38.0833,-0.3186,-59.218,0.574,-0.037,0.125,0.0,1,1.487,8530,7,0
38.1000,-0.3192,-59.248,0.575,-0.035,0.125,0.0,1,1.488,8549,7,0
38.1167,-0.3197,-59.279,0.577,-0.032,0.125,0.0,1,1.489,8566,7,0
38.1333,-0.3202,-59.310,0.578,-0.030,0.125,0.0,1,1.490,8581,7,0
38.1500,-0.3207,-59.342,0.579,-0.027,0.125,0.0,1,1.491,8594,7,0
38.1667,-0.3211,-59.373,0.580,-0.024,0.125,0.0,1,1.492,8605,8,0
38.1833,-0.3215,-59.405,0.581,-0.020,0.125,0.0,1,1.492,8613,8,0
38.2000,-0.3218,-59.437,0.581,-0.017,0.125,0.0,1,1.493,8619,8,0
38.2167,-0.3221,-59.470,0.582,-0.013,0.124,0.0,1,1.494,8623,8,0
38.2333,-0.3222,-59.503,0.582,-0.009,0.124,0.0,1,1.494,8625,8,0
38.2500,-0.3224,-59.536,0.583,-0.006,0.124,0.0,1,1.495,8623,8,0
38.2667,-0.3224,-59.569,0.583,-0.002,0.124,0.0,1,1.495,8620,8,0
38.2833,-0.3224,-59.603,0.583,0.001,0.124,0.0,1,1.495,8614,8,0
38.3000,-0.3224,-59.637,0.583,0.005,0.124,0.0,1,1.496,8606,9,0
38.3167,-0.3223,-59.671,0.582,0.008,0.123,0.0,1,1.496,8596,9,0
38.3333,-0.3221,-59.705,0.582,0.011,0.123,0.0,1,1.496,8584,9,0
38.3500,-0.3219,-59.739,0.582,0.014,0.123,0.0,1,1.496,8570,9,0
38.3667,-0.3217,-59.773,0.581,0.016,0.123,0.0,1,1.496,8554,9,0
38.3833,-0.3214,-59.807,0.581,0.018,0.123,0.0,1,1.497,8537,9,0
38.4000,-0.3211,-59.841,0.580,0.020,0.123,0.0,1,1.497,8518,9,0
38.4167,-0.3207,-59.875,0.579,0.021,0.122,0.0,1,1.497,8499,9,0
38.4333,-0.3204,-59.909,0.578,0.022,0.122,0.0,1,1.497,8478,9,0
38.4500,-0.3200,-59.943,0.577,0.023,0.122,0.0,1,1.497,8457,9,0
38.4667,-0.3196,-59.976,0.576,0.023,0.122,0.0,1,1.497,8436,9,0
38.4833,-0.3192,-60.010,0.574,0.023,0.122,0.0,1,1.497,8415,9,0
38.5000,-0.3188,-60.042,0.573,0.023,0.122,0.0,1,1.496,8393,9,0
38.5167,-0.3184,-60.075,0.571,0.022,0.121,0.0,1,1.496,8373,9,0
38.5333,-0.3181,-60.107,0.570,0.020,0.121,0.0,1,1.496,8353,9,0
38.5500,-0.3178,-60.138,0.568,0.019,0.121,0.0,1,1.496,8334,9,0
38.5667,-0.3175,-60.169,0.566,0.017,0.121,0.0,1,1.497,8316,9,0
38.5833,-0.3172,-60.199,0.564,0.014,0.121,0.0,1,1.497,8300,9,0
38.6000,-0.3170,-60.229,0.562,0.012,0.120,0.0,1,1.497,8285,9,0
38.6167,-0.3168,-60.258,0.560,0.009,0.120,0.0,1,1.497,8272,9,0
38.6333,-0.3167,-60.286,0.558,0.006,0.120,0.0,1,1.497,8262,9,0
38.6500,-0.3166,-60.314,0.556,0.002,0.120,0.0,1,1.497,8253,9,0
38.6667,-0.3166,-60.341,0.554,-0.001,0.120,0.0,1,1.498,8246,8,0
38.6833,-0.3167,-60.367,0.551,-0.005,0.120,0.0,1,1.498,8242,8,0
38.7000,-0.3168,-60.392,0.549,-0.008,0.120,0.0,1,1.498,8240,8,0
38.7167,-0.3170,-60.417,0.546,-0.012,0.119,0.0,1,1.499,8241,8,0
38.7333,-0.3172,-60.441,0.543,-0.015,0.119,0.0,1,1.499,8243,8,0
38.7500,-0.3175,-60.464,0.541,-0.019,0.119,0.0,1,1.500,8248,8,0
38.7667,-0.3178,-60.486,0.538,-0.022,0.119,0.0,1,1.500,8256,8,0
38.7833,-0.3182,-60.508,0.535,-0.025,0.119,0.0,1,1.501,8265,8,0
38.8000,-0.3187,-60.529,0.532,-0.028,0.119,0.0,1,1.502,8276,8,0
38.8167,-0.3192,-60.549,0.529,-0.031,0.119,0.0,1,1.502,8289,8,0
38.8333,-0.3197,-60.569,0.526,-0.034,0.118,0.0,1,1.503,8303,8,0
38.8500,-0.3203,-60.588,0.522,-0.036,0.118,0.0,1,1.504,8319,8,0
38.8667,-0.3209,-60.606,0.519,-0.038,0.118,0.0,1,1.505,8336,8,0
38.8833,-0.3216,-60.624,0.516,-0.039,0.118,0.0,1,1.506,8354,8,0
38.9000,-0.3222,-60.641,0.512,-0.041,0.118,0.0,1,1.507,8373,8,0
38.9167,-0.3229,-60.658,0.509,-0.042,0.118,0.0,1,1.507,8392,8,0
38.9333,-0.3236,-60.675,0.505,-0.042,0.118,0.0,1,1.508,8411,8,0
38.9500,-0.3243,-60.691,0.502,-0.042,0.118,0.0,1,1.509,8431,8,0
38.9667,-0.3250,-60.707,0.498,-0.042,0.117,0.0,1,1.510,8450,8,0
38.9833,-0.3257,-60.722,0.494,-0.041,0.117,0.0,1,1.511,8469,8,0
39.0000,-0.3264,-60.738,0.490,-0.040,0.117,0.0,1,1.512,8487,8,0
39.0167,-0.3270,-60.753,0.486,-0.039,0.117,0.0,1,1.513,8504,8,0
39.0333,-0.3277,-60.768,0.482,-0.038,0.117,0.0,1,1.514,8520,8,0
39.0500,-0.3283,-60.783,0.478,-0.036,0.117,0.0,1,1.514,8536,8,0
39.0667,-0.3289,-60.798,0.474,-0.034,0.117,0.0,1,1.515,8549,8,0
39.0833,-0.3294,-60.813,0.470,-0.031,0.116,0.0,1,1.516,8562,8,0
39.1000,-0.3299,-60.828,0.466,-0.029,0.116,0.0,1,1.516,8573,8,0
39.1167,-0.3304,-60.843,0.462,-0.026,0.116,0.0,1,1.517,8582,8,0
39.1333,-0.3308,-60.858,0.458,-0.023,0.116,0.0,1,1.518,8590,8,0
39.1500,-0.3311,-60.874,0.454,-0.020,0.116,0.0,1,1.518,8596,9,0
39.1667,-0.3314,-60.889,0.449,-0.017,0.116,0.0,1,1.519,8600,9,0
39.1833,-0.3317,-60.905,0.445,-0.013,0.116,0.0,1,1.519,8603,9,0
39.2000,-0.3319,-60.921,0.441,-0.010,0.115,0.0,1,1.520,8604,9,0
39.2167,-0.3320,-60.937,0.436,-0.007,0.115,0.0,1,1.520,8603,9,0
39.2333,-0.3321,-60.953,0.432,-0.004,0.115,0.0,1,1.520,8600,9,0
39.2500,-0.3321,-60.970,0.427,-0.001,0.115,0.0,1,1.520,8596,9,0
39.2667,-0.3321,-60.986,0.423,0.003,0.115,0.0,1,1.521,8590,10,0
39.2833,-0.3320,-61.003,0.418,0.005,0.115,0.0,1,1.521,8582,10,0
39.3000,-0.3319,-61.020,0.414,0.008,0.114,0.0,1,1.521,8574,10,0
39.3167,-0.3318,-61.038,0.409,0.011,0.114,0.0,1,1.521,8563,10,0
39.3333,-0.3316,-61.055,0.404,0.013,0.114,0.0,1,1.521,8552,10,0
39.3500,-0.3313,-61.072,0.400,0.015,0.114,0.0,1,1.521,8539,10,0
39.3667,-0.3311,-61.090,0.395,0.017,0.114,0.0,1,1.521,8525,10,0
39.3833,-0.3308,-61.108,0.390,0.019,0.113,0.0,1,1.521,8510,10,0
39.4000,-0.3305,-61.125,0.386,0.020,0.113,0.0,1,1.521,8494,10,0
39.4167,-0.3301,-61.143,0.381,0.021,0.113,0.0,1,1.520,8478,10,0
39.4333,-0.3298,-61.160,0.376,0.022,0.113,0.0,1,1.520,8462,10,0
39.4500,-0.3294,-61.178,0.371,0.022,0.113,0.0,1,1.520,8445,10,0
39.4667,-0.3290,-61.195,0.366,0.022,0.112,0.0,1,1.520,8427,10,0
39.4833,-0.3287,-61.212,0.362,0.022,0.112,0.0,1,1.520,8410,10,0
39.5000,-0.3283,-61.229,0.357,0.021,0.112,0.0,1,1.520,8393,10,0
39.5167,-0.3280,-61.246,0.352,0.020,0.112,0.0,1,1.519,8377,10,0
39.5333,-0.3276,-61.262,0.347,0.019,0.112,0.0,1,1.519,8361,10,0
39.5500,-0.3273,-61.278,0.342,0.018,0.112,0.0,1,1.519,8346,10,0
39.5667,-0.3270,-61.293,0.337,0.016,0.111,0.0,1,1.519,8332,10,0
39.5833,-0.3268,-61.309,0.332,0.014,0.111,0.0,1,1.519,8318,10,0
39.6000,-0.3266,-61.323,0.327,0.011,0.111,0.0,1,1.519,8306,9,0
39.6167,-0.3264,-61.338,0.322,0.009,0.111,0.0,1,1.519,8295,9,0
39.6333,-0.3263,-61.352,0.318,0.006,0.111,0.0,1,1.519,8286,9,0
39.6500,-0.3262,-61.365,0.313,0.003,0.110,0.0,1,1.519,8278,9,0
39.6667,-0.3262,-61.378,0.308,0.000,0.110,0.0,1,1.519,8272,9,0
39.6833,-0.3262,-61.391,0.303,-0.003,0.110,0.0,1,1.519,8267,9,0
39.7000,-0.3263,-61.403,0.298,-0.006,0.110,0.0,1,1.520,8264,9,0
39.7167,-0.3264,-61.414,0.293,-0.009,0.110,0.0,1,1.520,8263,8,0
39.7333,-0.3266,-61.425,0.288,-0.012,0.110,0.0,1,1.520,8264,8,0
39.7500,-0.3268,-61.436,0.283,-0.015,0.110,0.0,1,1.521,8266,8,0
39.7667,-0.3271,-61.446,0.278,-0.018,0.109,0.0,1,1.521,8270,8,0
39.7833,-0.3274,-61.456,0.273,-0.021,0.109,0.0,1,1.521,8275,8,0
39.8000,-0.3278,-61.465,0.268,-0.024,0.109,0.0,1,1.522,8282,8,0
39.8167,-0.3282,-61.474,0.263,-0.027,0.109,0.0,1,1.523,8291,8,0
39.8333,-0.3287,-61.483,0.258,-0.029,0.109,0.0,1,1.523,8301,8,0
39.8500,-0.3292,-61.491,0.253,-0.032,0.109,0.0,1,1.524,8312,8,0
39.8667,-0.3297,-61.499,0.248,-0.034,0.109,0.0,1,1.524,8324,8,0
39.8833,-0.3303,-61.508,0.243,-0.036,0.108,0.0,1,1.525,8337,8,0
39.9000,-0.3309,-61.515,0.238,-0.037,0.108,0.0,1,1.526,8351,8,0
39.9167,-0.3315,-61.523,0.233,-0.038,0.108,0.0,1,1.527,8366,8,0
39.9333,-0.3322,-61.531,0.228,-0.039,0.108,0.0,1,1.527,8382,8,0
39.9500,-0.3328,-61.539,0.223,-0.040,0.108,0.0,1,1.528,8398,8,0
39.9667,-0.3335,-61.547,0.218,-0.041,0.108,0.0,1,1.529,8415,8,0
39.9833,-0.3342,-61.555,0.213,-0.041,0.108,0.0,1,1.530,8432,8,0
40.0000,-0.3349,-61.563,0.208,-0.040,0.108,0.0,1,1.530,8448,8,0