t,heave,pitch,roll,vy,gs,thrust,running,propDepth,buoy,drag,crashed
0.0167,1.7042,-3.417,-0.000,-1.507,22.016,670.1,1,-1.621,0,0,0
0.0333,1.6790,-3.359,-0.000,-1.516,22.032,670.1,1,-1.593,0,0,0
0.0500,1.6537,-3.306,-0.000,-1.522,22.049,670.0,1,-1.565,0,0,0
0.0667,1.6283,-3.318,0.000,-1.520,22.067,669.9,1,-1.540,0,0,0
0.0833,1.6030,-3.409,0.000,-1.518,22.086,669.8,1,-1.515,0,0,0
0.1000,1.5777,-3.507,0.000,-1.520,22.103,669.7,1,-1.491,0,0,0
0.1167,1.5523,-3.552,-0.000,-1.523,22.121,669.6,1,-1.465,0,0,0
0.1333,1.5269,-3.549,-0.000,-1.527,22.138,669.5,1,-1.438,0,0,0
0.1500,1.5014,-3.521,0.000,-1.531,22.155,669.4,1,-1.410,0,0,0
0.1667,1.4759,-3.532,-0.000,-1.536,22.172,669.3,1,-1.383,0,0,0
0.1833,1.4503,-3.586,-0.000,-1.539,22.190,669.2,1,-1.357,0,0,0
0.2000,1.4246,-3.666,-0.000,-1.541,22.208,669.1,1,-1.331,0,0,0
0.2167,1.3989,-3.742,0.000,-1.544,22.226,669.0,1,-1.304,0,0,0
0.2333,1.3731,-3.799,0.000,-1.550,22.244,668.9,1,-1.277,0,0,0
0.2500,1.3472,-3.841,0.000,-1.558,22.261,668.8,1,-1.250,0,0,0
0.2667,1.3212,-3.857,-0.000,-1.564,22.278,668.7,1,-1.222,0,0,0
0.2833,1.2951,-3.880,0.000,-1.569,22.296,668.7,1,-1.194,0,0,0
0.3000,1.2689,-3.926,-0.000,-1.573,22.314,668.6,1,-1.166,0,0,0
0.3167,1.2426,-4.005,0.000,-1.581,22.332,668.5,1,-1.139,0,0,0
0.3333,1.2162,-4.096,0.000,-1.590,22.339,668.4,1,-1.111,0,950,0
0.3500,1.1897,-4.171,0.000,-1.594,22.302,668.6,1,-1.083,0,2266,0
0.3667,1.1631,-4.229,-0.000,-1.595,22.224,669.0,1,-1.054,0,3186,0
0.3833,1.1365,-4.303,0.000,-1.595,22.111,669.6,1,-1.023,0,4198,0
0.4000,1.1099,-4.453,0.000,-1.601,21.964,670.4,1,-0.990,0,5200,0
0.4167,1.0831,-4.706,-0.000,-1.611,21.784,671.3,1,-0.955,0,6202,0
0.4333,1.0561,-5.067,0.000,-1.625,21.572,672.5,1,-0.918,0,6997,0
0.4500,1.0289,-5.521,0.000,-1.642,21.330,673.7,1,-0.880,0,7875,0
0.4667,1.0014,-6.052,-0.000,-1.664,21.060,675.1,1,-0.839,0,8665,0
0.4833,0.9734,-6.656,0.000,-1.694,20.765,676.6,1,-0.794,0,9389,0
0.5000,0.9448,-7.347,0.000,-1.734,20.447,678.2,1,-0.744,0,10060,0
0.5167,0.9155,-8.154,-0.000,-1.783,20.107,679.9,1,-0.691,0,10585,0
0.5333,0.8854,-9.104,-0.000,-1.837,19.746,681.6,1,-0.635,0,11174,0
0.5500,0.8543,-10.219,0.000,-1.895,19.366,683.5,1,-0.575,0,11691,0
0.5667,0.8222,-11.493,-0.000,-1.960,18.969,685.4,1,-0.512,0,12104,0
0.5833,0.7889,-12.878,-0.000,-2.034,18.559,687.4,1,-0.443,0,12346,0
0.6000,0.7543,-14.365,0.000,-2.121,18.138,689.3,1,-0.368,0,12557,0
0.6167,0.7181,-15.978,-0.000,-2.221,17.716,691.3,1,-0.287,0,12262,0
0.6333,0.6802,-17.738,0.000,-2.292,17.315,693.2,1,-0.201,0,13279,0
0.6500,0.6433,-19.585,0.029,-2.118,16.987,695.1,1,-0.116,0,14386,0
0.6667,0.6105,-21.525,0.089,-1.812,16.720,697.1,1,-0.037,0,15022,0
0.6833,0.5823,-23.481,0.082,-1.605,16.452,699.0,1,0.037,61,13902,0
0.7000,0.5565,-25.449,0.022,-1.504,16.176,700.8,1,0.111,267,13387,0
0.7167,0.5318,-27.426,0.015,-1.462,15.904,702.4,1,0.185,493,12547,0
0.7333,0.5074,-29.422,0.025,-1.484,15.629,704.0,1,0.260,609,11966,0
0.7500,0.4822,-31.484,-0.001,-1.539,15.360,705.5,1,0.334,624,11549,0
0.7667,0.4559,-33.625,-0.021,-1.611,15.098,706.9,1,0.408,685,11262,0
0.7833,0.4285,-35.819,-0.018,-1.684,14.843,708.4,1,0.482,837,11084,0
0.8000,0.3998,-38.020,-0.028,-1.755,14.592,709.7,1,0.558,1004,10828,0
0.8167,0.3699,-40.212,-0.052,-1.830,14.344,711.0,1,0.636,1426,10471,0
0.8333,0.3388,-42.399,-0.067,-1.905,14.098,712.3,1,0.713,1959,10110,0
0.8500,0.3064,-44.593,-0.075,-1.979,13.852,713.5,1,0.789,2280,9808,0
0.8667,0.2723,-46.807,-0.086,-2.114,13.556,714.7,1,0.864,2361,8037,0
0.8833,0.2359,-49.022,-0.090,-2.252,13.259,715.8,1,0.940,2388,7878,0
0.9000,0.1973,-51.248,-0.100,-2.384,12.952,716.8,1,1.018,2635,9430,0
0.9167,0.1564,-53.490,-0.100,-2.521,12.581,717.9,1,1.096,3229,11759,0
0.9333,0.1132,-55.729,-0.107,-2.655,12.135,719.0,1,1.175,3797,13870,0
0.9500,0.0679,-57.978,-0.116,-2.791,11.615,720.0,1,1.253,4193,13801,0
0.9667,0.0201,-60.227,-0.142,-2.941,11.008,721.0,1,1.332,4428,15282,0
0.9833,-0.0301,-62.504,-0.142,-3.072,10.366,722.0,1,1.412,4757,16174,0
1.0000,-0.0821,-64.817,-0.131,-3.171,9.705,722.9,1,1.493,5194,16888,0
1.0167,-0.1356,-67.150,-0.133,-3.238,9.034,723.7,1,1.572,5336,17053,0
1.0333,-0.1899,-69.476,-0.135,-3.286,8.340,724.5,1,1.650,5758,21644,0
1.0500,-0.2462,-71.784,-0.129,-3.484,7.233,725.1,1,1.727,6115,34583,0
1.0667,-0.3061,-74.168,-0.132,-3.686,5.917,725.6,1,1.805,9431,36831,0
1.0833,-0.3681,-76.590,-0.130,-3.722,4.679,726.2,1,1.882,12440,33123,0
1.1000,-0.4297,-78.844,-0.114,-3.659,3.539,726.6,1,1.958,13101,31330,0
1.1167,-0.4896,-80.794,-0.101,-3.514,2.496,727.0,1,2.030,13606,23897,0
1.1333,-0.5463,-82.436,-0.091,-3.285,1.743,727.4,1,2.095,14303,18462,0
1.1500,-0.5985,-83.893,-0.071,-2.960,1.156,727.7,1,2.153,17115,13786,0
1.1667,-0.6440,-85.241,-0.055,-2.487,0.753,728.1,1,2.201,20159,8903,0
1.1833,-0.6807,-86.598,-0.039,-1.915,0.526,728.4,1,2.241,21740,4790,0
1.2000,-0.7077,-87.951,-0.018,-1.325,0.412,728.6,1,2.272,21783,2123,0
1.2167,-0.7248,-89.133,-0.000,-0.737,0.358,728.8,1,2.291,21751,1317,0
1.2333,-0.7321,-89.959,0.019,-0.152,0.312,728.8,1,2.299,21722,1628,0
1.2500,-0.7297,-89.288,0.040,0.424,0.249,728.8,1,2.295,21686,2201,0
1.2667,-0.7179,-88.775,0.060,0.986,0.171,728.8,1,2.281,21655,2616,0
1.2833,-0.6968,-88.389,0.079,1.532,0.098,728.8,1,2.260,21624,1752,0
1.3000,-0.6668,-88.029,0.095,2.055,0.060,728.8,1,2.231,21601,1044,0
1.3167,-0.6284,-87.707,0.109,2.546,0.049,728.8,1,2.194,21511,374,0
1.3333,-0.5822,-87.532,0.118,2.981,0.055,728.8,1,2.147,20155,206,0
1.3500,-0.5296,-87.572,0.125,3.294,0.061,728.8,1,2.094,16474,382,0
1.3667,-0.4732,-87.783,0.128,3.451,0.059,728.8,1,2.036,13046,762,0
1.3833,-0.4151,-88.056,0.127,3.518,0.040,728.8,1,1.977,12191,1253,0
1.4000,-0.3560,-88.331,0.120,3.572,0.019,728.8,1,1.918,12163,900,0
1.4167,-0.2960,-88.577,0.105,3.629,0.015,728.8,1,1.860,12138,406,0
1.4333,-0.2350,-88.799,0.090,3.685,0.021,728.8,1,1.799,12093,285,0
1.4500,-0.1732,-89.109,0.076,3.722,0.033,728.8,1,1.738,10744,353,0
1.4667,-0.1115,-89.565,0.063,3.655,0.044,728.8,1,1.675,6701,571,0
1.4833,-0.0520,-89.868,0.055,3.479,0.046,728.8,1,1.614,4025,788,0
1.5000,0.0042,-89.336,0.050,3.277,0.047,728.8,1,1.557,3676,665,0
1.5167,0.0573,-88.840,0.050,3.098,0.054,728.8,1,1.504,3665,393,0
1.5333,0.1076,-88.426,0.041,2.940,0.070,728.8,1,1.455,3563,247,0
1.5500,0.1553,-88.103,0.029,2.782,0.087,728.8,1,1.407,2980,249,0
1.5667,0.2002,-87.775,0.018,2.608,0.104,728.8,1,1.361,2136,246,0
1.5833,0.2421,-87.365,0.003,2.420,0.121,728.8,1,1.319,1614,229,0
1.6000,0.2808,-86.888,-0.013,2.230,0.138,728.8,1,1.279,1439,206,0
1.6167,0.3164,-86.409,-0.025,2.047,0.155,728.8,1,1.243,1405,173,0
1.6333,0.3491,-85.969,-0.035,1.873,0.170,728.8,1,1.210,1401,146,0
1.6500,0.3789,-85.606,-0.044,1.707,0.185,728.8,1,1.180,1397,126,0
1.6667,0.4060,-85.320,-0.058,1.547,0.200,728.8,1,1.151,1379,113,0
1.6833,0.4304,-85.027,-0.071,1.389,0.214,728.8,1,1.125,1268,94,0
1.7000,0.4522,-84.661,-0.082,1.231,0.229,728.8,1,1.103,1095,75,0
1.7167,0.4714,-84.240,-0.100,1.071,0.243,728.8,1,1.083,883,59,0
1.7333,0.4879,-83.822,-0.121,0.907,0.258,728.8,1,1.066,716,45,0
1.7500,0.5016,-83.439,-0.137,0.739,0.272,728.8,1,1.051,541,33,0
1.7667,0.5124,-83.121,-0.151,0.569,0.286,728.8,1,1.039,441,22,0
1.7833,0.5205,-82.862,-0.163,0.400,0.300,728.8,1,1.029,441,13,0
1.8000,0.5257,-82.593,-0.170,0.233,0.314,728.8,1,1.023,441,10,0
1.8167,0.5282,-82.266,-0.171,0.066,0.329,728.8,1,1.019,441,10,0
1.8333,0.5279,-81.901,-0.167,-0.100,0.345,728.8,1,1.019,441,14,0
1.8500,0.5248,-81.532,-0.167,-0.266,0.361,728.7,1,1.021,441,24,0
1.8667,0.5190,-81.189,-0.172,-0.431,0.376,728.7,1,1.025,441,48,0
1.8833,0.5104,-80.907,-0.181,-0.596,0.392,728.7,1,1.032,441,78,0
1.9000,0.4991,-80.668,-0.195,-0.759,0.408,728.7,1,1.042,446,135,0
1.9167,0.4851,-80.413,-0.211,-0.919,0.425,728.6,1,1.055,555,196,0
1.9333,0.4685,-80.108,-0.231,-1.072,0.443,728.6,1,1.070,703,259,0
1.9500,0.4494,-79.772,-0.247,-1.219,0.463,728.6,1,1.088,843,318,0
1.9667,0.4279,-79.427,-0.261,-1.358,0.484,728.5,1,1.108,1004,421,0
1.9833,0.4041,-79.104,-0.272,-1.490,0.508,728.5,1,1.129,1141,580,0
2.0000,0.3782,-78.828,-0.281,-1.613,0.536,728.4,1,1.154,1273,787,0
2.0167,0.3504,-78.580,-0.286,-1.728,0.569,728.4,1,1.181,1359,1016,0
2.0333,0.3206,-78.318,-0.288,-1.838,0.606,728.3,1,1.209,1381,1184,0
2.0500,0.2891,-78.018,-0.292,-1.941,0.648,728.3,1,1.239,1535,1248,0
2.0667,0.2560,-77.687,-0.299,-2.035,0.698,728.2,1,1.270,1782,1440,0
2.0833,0.2213,-77.343,-0.306,-2.118,0.754,728.2,1,1.302,2033,1728,0
2.1000,0.1854,-77.018,-0.313,-2.187,0.817,728.1,1,1.336,2254,2023,0
2.1167,0.1485,-76.730,-0.321,-2.243,0.890,728.1,1,1.372,2519,2407,0
2.1333,0.1107,-76.466,-0.326,-2.285,0.971,728.1,1,1.408,2771,2754,0
2.1500,0.0724,-76.190,-0.332,-2.314,1.058,728.0,1,1.444,3008,3011,0
2.1667,0.0336,-75.881,-0.338,-2.333,1.148,728.0,1,1.481,3224,3220,0
2.1833,-0.0053,-75.538,-0.346,-2.339,1.242,728.0,1,1.517,3550,3498,0
2.2000,-0.0444,-75.192,-0.355,-2.348,1.287,728.0,1,1.554,3922,2192,0
2.2167,-0.0835,-74.866,-0.362,-2.343,1.334,728.0,1,1.591,4226,2475,0
2.2333,-0.1224,-74.580,-0.373,-2.331,1.373,728.0,1,1.629,4379,820,0
2.2500,-0.1613,-74.331,-0.393,-2.332,1.359,728.0,1,1.665,4600,945,0
2.2667,-0.2001,-74.084,-0.403,-2.321,1.346,728.0,1,1.701,4921,1104,0
2.2833,-0.2386,-73.823,-0.400,-2.297,1.335,728.0,1,1.737,5475,1270,0
2.3000,-0.2765,-73.523,-0.403,-2.245,1.322,728.0,1,1.773,6630,1561,0
2.3167,-0.3131,-73.221,-0.405,-2.149,1.305,728.1,1,1.808,7943,1730,0
2.3333,-0.3478,-72.930,-0.390,-2.000,1.288,728.2,1,1.841,9546,1813,0
2.3500,-0.3795,-72.642,-0.358,-1.799,1.273,728.3,1,1.870,11078,1760,0
2.3667,-0.4074,-72.332,-0.316,-1.555,1.259,728.4,1,1.895,12114,1759,0
2.3833,-0.4311,-71.960,-0.256,-1.291,1.238,728.5,1,1.914,12554,1952,0
2.4000,-0.4504,-71.523,-0.176,-1.026,1.201,728.6,1,1.930,12711,2339,0
2.4167,-0.4653,-71.030,-0.087,-0.771,1.148,728.7,1,1.941,12703,2638,0
2.4333,-0.4761,-70.510,-0.001,-0.523,1.085,728.7,1,1.947,12723,2641,0
2.4500,-0.4827,-69.975,0.080,-0.278,1.022,728.8,1,1.948,12747,2514,0
2.4667,-0.4853,-69.415,0.152,-0.034,0.959,728.8,1,1.945,12751,2470,0
2.4833,-0.4838,-68.820,0.211,0.205,0.892,728.8,1,1.937,12724,2586,0
2.5000,-0.4785,-68.172,0.259,0.435,0.817,728.8,1,1.924,12638,2803,0
2.5167,-0.4693,-67.479,0.304,0.655,0.736,728.8,1,1.908,12433,2961,0
2.5333,-0.4567,-66.756,0.348,0.859,0.652,728.8,1,1.888,12102,2947,0
2.5500,-0.4408,-66.013,0.386,1.043,0.573,728.8,1,1.863,11437,2794,0
2.5667,-0.4220,-65.247,0.413,1.198,0.503,728.8,1,1.835,10453,2601,0
2.5833,-0.4010,-64.465,0.425,1.315,0.442,728.8,1,1.805,9122,2407,0
2.6000,-0.3784,-63.684,0.416,1.385,0.390,728.8,1,1.773,7905,2196,0
2.6167,-0.3551,-62.911,0.388,1.413,0.348,728.8,1,1.740,6600,1881,0
2.6333,-0.3315,-62.155,0.343,1.412,0.320,728.8,1,1.707,5750,1469,0
2.6500,-0.3081,-61.422,0.294,1.402,0.307,728.8,1,1.674,5437,1007,0
2.6667,-0.2848,-60.708,0.251,1.395,0.309,728.8,1,1.641,5238,588,0
2.6833,-0.2616,-60.009,0.225,1.390,0.324,728.8,1,1.609,5064,351,0
2.7000,-0.2384,-59.324,0.219,1.383,0.342,728.8,1,1.576,4863,326,0
2.7167,-0.2155,-58.656,0.229,1.369,0.360,728.8,1,1.544,4648,323,0
2.7333,-0.1928,-57.999,0.251,1.349,0.378,728.8,1,1.511,4397,318,0
2.7500,-0.1706,-57.345,0.275,1.321,0.395,728.8,1,1.479,4217,309,0
2.7667,-0.1488,-56.690,0.290,1.287,0.412,728.8,1,1.448,4008,299,0
2.7833,-0.1277,-56.038,0.288,1.246,0.429,728.8,1,1.417,3737,286,0
2.8000,-0.1074,-55.400,0.275,1.197,0.446,728.8,1,1.387,3441,268,0
2.8167,-0.0879,-54.769,0.257,1.139,0.463,728.8,1,1.357,3228,253,0
2.8333,-0.0694,-54.146,0.243,1.075,0.479,728.8,1,1.329,3045,231,0
2.8500,-0.0521,-53.533,0.239,1.007,0.496,728.8,1,1.301,2917,212,0
2.8667,-0.0359,-52.928,0.245,0.938,0.513,728.8,1,1.275,2859,194,0
2.8833,-0.0209,-52.327,0.259,0.868,0.530,728.8,1,1.250,2847,177,0
2.9000,-0.0070,-51.730,0.273,0.799,0.547,728.8,1,1.227,2839,167,0
2.9167,0.0057,-51.141,0.283,0.730,0.565,728.8,1,1.204,2828,156,0
2.9333,0.0173,-50.561,0.283,0.662,0.583,728.8,1,1.182,2818,148,0
2.9500,0.0278,-49.992,0.272,0.594,0.602,728.8,1,1.162,2808,142,0
2.9667,0.0371,-49.433,0.253,0.526,0.621,728.8,1,1.142,2799,137,0
2.9833,0.0453,-48.880,0.234,0.459,0.641,728.8,1,1.124,2789,132,0
3.0000,0.0524,-48.327,0.220,0.392,0.661,728.8,1,1.107,2777,127,0
3.0167,0.0584,-47.777,0.218,0.325,0.681,728.8,1,1.091,2757,124,0
3.0333,0.0632,-47.234,0.229,0.258,0.702,728.8,1,1.076,2735,123,0
3.0500,0.0669,-46.703,0.250,0.190,0.723,728.8,1,1.062,2707,125,0
3.0667,0.0695,-46.178,0.272,0.122,0.745,728.8,1,1.050,2681,130,0
3.0833,0.0710,-45.659,0.289,0.054,0.767,728.8,1,1.038,2655,138,0
3.1000,0.0713,-45.144,0.294,-0.014,0.790,728.8,1,1.028,2629,148,0
3.1167,0.0705,-44.632,0.288,-0.082,0.813,728.7,1,1.019,2611,159,0
3.1333,0.0686,-44.125,0.274,-0.149,0.837,728.7,1,1.011,2595,178,0
3.1500,0.0655,-43.620,0.260,-0.216,0.861,728.7,1,1.004,2588,205,0
3.1667,0.0614,-43.123,0.251,-0.282,0.887,728.7,1,0.998,2590,239,0
3.1833,0.0561,-42.632,0.250,-0.346,0.913,728.7,1,0.994,2596,272,0
3.2000,0.0499,-42.147,0.257,-0.408,0.940,728.7,1,0.990,2608,319,0
3.2167,0.0425,-41.663,0.270,-0.468,0.969,728.7,1,0.988,2621,373,0
3.2333,0.0343,-41.178,0.284,-0.526,0.999,728.6,1,0.986,2631,436,0
3.2500,0.0250,-40.695,0.295,-0.581,1.031,728.6,1,0.985,2632,498,0
3.2667,0.0149,-40.214,0.300,-0.633,1.066,728.6,1,0.986,2630,584,0
3.2833,0.0039,-39.740,0.298,-0.681,1.103,728.6,1,0.987,2623,683,0
3.3000,-0.0078,-39.273,0.292,-0.725,1.143,728.6,1,0.989,2709,785,0
3.3167,-0.0202,-38.809,0.286,-0.761,1.186,728.6,1,0.991,2862,885,0
3.3333,-0.0331,-38.351,0.283,-0.787,1.231,728.5,1,0.994,3019,960,0
3.3500,-0.0464,-37.901,0.288,-0.803,1.279,728.5,1,0.998,3221,1044,0
3.3667,-0.0598,-37.463,0.298,-0.809,1.329,728.5,1,1.002,3412,1114,0
3.3833,-0.0733,-37.042,0.311,-0.807,1.380,728.5,1,1.007,3573,1172,0
3.4000,-0.0867,-36.644,0.321,-0.798,1.432,728.5,1,1.012,3687,1210,0
3.4167,-0.0999,-36.269,0.326,-0.784,1.484,728.5,1,1.017,3780,1242,0
3.4333,-0.1128,-35.914,0.324,-0.767,1.536,728.5,1,1.021,3867,1256,0
3.4500,-0.1254,-35.577,0.318,-0.747,1.587,728.4,1,1.027,3966,1250,0
3.4667,-0.1377,-35.256,0.311,-0.724,1.636,728.4,1,1.032,4051,1235,0
3.4833,-0.1495,-34.952,0.308,-0.699,1.684,728.4,1,1.037,4148,1210,0
3.5000,-0.1610,-34.668,0.309,-0.672,1.730,728.4,1,1.042,4236,1187,0
3.5167,-0.1719,-34.405,0.317,-0.645,1.774,728.4,1,1.047,4323,1162,0
3.5333,-0.1825,-34.160,0.329,-0.616,1.816,728.4,1,1.052,4405,1128,0
3.5500,-0.1925,-33.933,0.343,-0.587,1.855,728.4,1,1.057,4481,1094,0
3.5667,-0.2020,-33.720,0.355,-0.557,1.892,728.4,1,1.061,4598,1045,0
3.5833,-0.2110,-33.521,0.362,-0.526,1.926,728.4,1,1.066,4726,990,0
3.6000,-0.2195,-33.337,0.363,-0.494,1.957,728.4,1,1.070,4865,934,0
3.6167,-0.2275,-33.169,0.358,-0.460,1.985,728.4,1,1.074,4983,889,0
3.6333,-0.2349,-33.019,0.351,-0.425,2.010,728.4,1,1.078,5122,836,0
3.6500,-0.2416,-32.888,0.345,-0.389,2.033,728.4,1,1.082,5250,783,0
3.6667,-0.2478,-32.774,0.345,-0.352,2.053,728.4,1,1.085,5364,730,0
3.6833,-0.2534,-32.675,0.349,-0.315,2.070,728.4,1,1.089,5446,686,0
3.7000,-0.2583,-32.592,0.358,-0.278,2.085,728.4,1,1.092,5528,637,0
3.7167,-0.2626,-32.523,0.368,-0.242,2.097,728.4,1,1.094,5592,596,0
3.7333,-0.2663,-32.470,0.375,-0.206,2.108,728.4,1,1.097,5640,564,0
3.7500,-0.2695,-32.433,0.379,-0.171,2.117,728.4,1,1.099,5676,540,0
3.7667,-0.2720,-32.410,0.379,-0.137,2.124,728.4,1,1.101,5699,525,0
3.7833,-0.2740,-32.402,0.378,-0.104,2.131,728.4,1,1.103,5718,513,0
3.8000,-0.2755,-32.407,0.376,-0.071,2.136,728.4,1,1.104,5726,505,0
3.8167,-0.2764,-32.423,0.376,-0.040,2.141,728.4,1,1.106,5724,514,0
3.8333,-0.2768,-32.452,0.379,-0.009,2.145,728.4,1,1.107,5715,519,0
3.8500,-0.2767,-32.492,0.386,0.020,2.149,728.4,1,1.108,5696,524,0
3.8667,-0.2762,-32.545,0.394,0.048,2.153,728.4,1,1.108,5668,528,0
3.8833,-0.2751,-32.611,0.402,0.074,2.157,728.4,1,1.109,5632,532,0
3.9000,-0.2737,-32.689,0.406,0.099,2.160,728.4,1,1.109,5596,535,0
3.9167,-0.2719,-32.778,0.406,0.121,2.163,728.4,1,1.109,5546,537,0
3.9333,-0.2697,-32.875,0.402,0.141,2.166,728.4,1,1.109,5489,539,0
3.9500,-0.2672,-32.980,0.395,0.159,2.169,728.5,1,1.109,5426,541,0
3.9667,-0.2644,-33.095,0.389,0.174,2.171,728.5,1,1.109,5354,542,0
3.9833,-0.2614,-33.218,0.387,0.186,2.174,728.5,1,1.109,5289,542,0
4.0000,-0.2582,-33.349,0.391,0.196,2.176,728.5,1,1.108,5206,542,0
4.0167,-0.2549,-33.487,0.398,0.202,2.178,728.5,1,1.108,5117,542,0
4.0333,-0.2515,-33.630,0.407,0.205,2.180,728.5,1,1.108,5024,541,0
4.0500,-0.2481,-33.776,0.414,0.204,2.182,728.5,1,1.108,4946,540,0
4.0667,-0.2447,-33.926,0.418,0.201,2.185,728.5,1,1.108,4852,538,0
4.0833,-0.2414,-34.078,0.419,0.194,2.187,728.5,1,1.108,4761,536,0
4.1000,-0.2382,-34.233,0.416,0.185,2.189,728.5,1,1.108,4673,533,0
4.1167,-0.2353,-34.390,0.411,0.172,2.191,728.5,1,1.109,4604,532,0
4.1333,-0.2325,-34.547,0.407,0.157,2.193,728.5,1,1.110,4529,530,0
4.1500,-0.2300,-34.704,0.404,0.140,2.195,728.5,1,1.111,4461,528,0
4.1667,-0.2278,-34.860,0.405,0.121,2.198,728.5,1,1.112,4401,526,0
4.1833,-0.2260,-35.015,0.408,0.100,2.200,728.4,1,1.114,4351,524,0
4.2000,-0.2245,-35.168,0.412,0.078,2.203,728.4,1,1.116,4315,523,0
4.2167,-0.2234,-35.320,0.416,0.055,2.205,728.4,1,1.118,4279,522,0
4.2333,-0.2227,-35.471,0.418,0.031,2.208,728.4,1,1.120,4252,522,0
4.2500,-0.2224,-35.620,0.416,0.006,2.210,728.4,1,1.123,4233,522,0
4.2667,-0.2225,-35.767,0.411,-0.019,2.213,728.4,1,1.127,4221,522,0
4.2833,-0.2230,-35.912,0.407,-0.044,2.215,728.4,1,1.131,4213,523,0
4.3000,-0.2239,-36.055,0.405,-0.069,2.218,728.4,1,1.135,4210,524,0
4.3167,-0.2253,-36.196,0.406,-0.094,2.221,728.4,1,1.139,4212,526,0
4.3333,-0.2271,-36.335,0.409,-0.118,2.223,728.4,1,1.144,4217,528,0
4.3500,-0.2293,-36.473,0.414,-0.143,2.225,728.4,1,1.149,4227,531,0
4.3667,-0.2318,-36.610,0.418,-0.166,2.228,728.4,1,1.155,4240,532,0
4.3833,-0.2348,-36.744,0.420,-0.189,2.230,728.4,1,1.161,4257,535,0
4.4000,-0.2381,-36.877,0.419,-0.211,2.233,728.4,1,1.167,4276,543,0
4.4167,-0.2418,-37.008,0.414,-0.233,2.235,728.4,1,1.174,4294,550,0
4.4333,-0.2459,-37.137,0.408,-0.253,2.237,728.4,1,1.180,4319,561,0
4.4500,-0.2503,-37.265,0.403,-0.272,2.240,728.4,1,1.188,4346,574,0
4.4667,-0.2549,-37.393,0.399,-0.289,2.242,728.4,1,1.195,4374,587,0
4.4833,-0.2599,-37.519,0.399,-0.306,2.245,728.3,1,1.203,4399,598,0
4.5000,-0.2651,-37.645,0.402,-0.321,2.247,728.3,1,1.211,4428,612,0
4.5167,-0.2706,-37.770,0.407,-0.336,2.249,728.3,1,1.219,4456,626,0
4.5333,-0.2763,-37.895,0.412,-0.349,2.252,728.3,1,1.227,4482,640,0
4.5500,-0.2822,-38.020,0.415,-0.361,2.254,728.3,1,1.236,4501,652,0
4.5667,-0.2884,-38.146,0.414,-0.372,2.256,728.3,1,1.245,4520,667,0
4.5833,-0.2946,-38.274,0.410,-0.383,2.259,728.3,1,1.254,4541,681,0
4.6000,-0.3011,-38.404,0.405,-0.393,2.261,728.3,1,1.263,4565,694,0
4.6167,-0.3077,-38.536,0.401,-0.402,2.262,728.3,1,1.273,4592,707,0
4.6333,-0.3145,-38.670,0.398,-0.410,2.264,728.3,1,1.282,4618,717,0
4.6500,-0.3214,-38.808,0.397,-0.417,2.266,728.3,1,1.292,4661,728,0
4.6667,-0.3284,-38.950,0.399,-0.423,2.267,728.3,1,1.302,4716,739,0
4.6833,-0.3355,-39.097,0.401,-0.427,2.267,728.3,1,1.313,4781,747,0
4.7000,-0.3426,-39.250,0.402,-0.428,2.268,728.3,1,1.323,4842,753,0
4.7167,-0.3498,-39.410,0.402,-0.428,2.267,728.3,1,1.334,4921,760,0
4.7333,-0.3569,-39.576,0.399,-0.426,2.267,728.3,1,1.344,5006,764,0
4.7500,-0.3639,-39.749,0.395,-0.421,2.265,728.3,1,1.355,5092,767,0
4.7667,-0.3709,-39.931,0.391,-0.414,2.263,728.3,1,1.366,5164,769,0
4.7833,-0.3777,-40.122,0.387,-0.405,2.260,728.3,1,1.377,5248,770,0
4.8000,-0.3844,-40.322,0.386,-0.393,2.256,728.4,1,1.387,5328,771,0
4.8167,-0.3908,-40.532,0.387,-0.381,2.251,728.4,1,1.398,5402,772,0
4.8333,-0.3970,-40.752,0.390,-0.366,2.245,728.4,1,1.409,5469,774,0
4.8500,-0.4030,-40.981,0.393,-0.350,2.239,728.4,1,1.420,5519,776,0
4.8667,-0.4087,-41.221,0.394,-0.333,2.232,728.4,1,1.431,5577,779,0
4.8833,-0.4141,-41.472,0.391,-0.315,2.224,728.4,1,1.441,5634,784,0
4.9000,-0.4192,-41.733,0.386,-0.296,2.215,728.4,1,1.452,5688,792,0
4.9167,-0.4240,-42.004,0.379,-0.276,2.206,728.4,1,1.462,5730,802,0
4.9333,-0.4284,-42.285,0.372,-0.254,2.196,728.4,1,1.472,5774,813,0
4.9500,-0.4324,-42.576,0.367,-0.232,2.186,728.5,1,1.482,5811,824,0
4.9667,-0.4361,-42.877,0.365,-0.209,2.175,728.5,1,1.492,5838,847,0
4.9833,-0.4394,-43.186,0.365,-0.187,2.163,728.5,1,1.501,5854,874,0
5.0000,-0.4424,-43.505,0.367,-0.167,2.149,728.5,1,1.510,5863,915,0
5.0167,-0.4450,-43.833,0.370,-0.148,2.133,728.5,1,1.520,5862,965,0
5.0333,-0.4473,-44.168,0.374,-0.131,2.116,728.5,1,1.528,5851,1021,0
5.0500,-0.4493,-44.511,0.378,-0.117,2.096,728.5,1,1.537,5833,1076,0
5.0667,-0.4512,-44.860,0.385,-0.107,2.075,728.5,1,1.546,5813,1119,0
5.0833,-0.4529,-45.216,0.395,-0.099,2.052,728.6,1,1.554,5780,1166,0
5.1000,-0.4545,-45.576,0.412,-0.094,2.027,728.6,1,1.563,5745,1208,0
5.1167,-0.4561,-45.941,0.436,-0.092,2.001,728.6,1,1.571,5720,1245,0
5.1333,-0.4576,-46.309,0.470,-0.091,1.973,728.6,1,1.579,5707,1272,0
5.1500,-0.4591,-46.680,0.512,-0.093,1.945,728.6,1,1.588,5710,1300,0
5.1667,-0.4607,-47.053,0.560,-0.094,1.915,728.6,1,1.596,5731,1325,0
5.1833,-0.4623,-47.428,0.612,-0.096,1.885,728.6,1,1.604,5774,1349,0
5.2000,-0.4639,-47.801,0.665,-0.096,1.854,728.6,1,1.613,5828,1369,0
5.2167,-0.4654,-48.173,0.717,-0.095,1.822,728.6,1,1.621,5906,1396,0
5.2333,-0.4670,-48.542,0.764,-0.092,1.789,728.6,1,1.629,5993,1425,0
5.2500,-0.4685,-48.908,0.805,-0.087,1.755,728.7,1,1.637,6084,1454,0
5.2667,-0.4699,-49.269,0.839,-0.080,1.720,728.7,1,1.645,6171,1482,0
5.2833,-0.4711,-49.624,0.863,-0.071,1.684,728.7,1,1.652,6236,1507,0
5.3000,-0.4722,-49.972,0.875,-0.061,1.647,728.7,1,1.660,6301,1538,0
5.3167,-0.4732,-50.311,0.873,-0.050,1.609,728.7,1,1.667,6347,1567,0
5.3333,-0.4739,-50.642,0.853,-0.038,1.570,728.7,1,1.673,6375,1591,0
5.3500,-0.4744,-50.964,0.815,-0.027,1.531,728.7,1,1.680,6386,1606,0
5.3667,-0.4748,-51.276,0.758,-0.016,1.491,728.7,1,1.685,6391,1617,0
5.3833,-0.4750,-51.579,0.681,-0.005,1.451,728.7,1,1.691,6389,1620,0
5.4000,-0.4750,-51.871,0.587,0.006,1.411,728.7,1,1.696,6378,1613,0
5.4167,-0.4748,-52.152,0.478,0.017,1.372,728.7,1,1.701,6363,1602,0
5.4333,-0.4744,-52.422,0.360,0.027,1.333,728.8,1,1.706,6338,1579,0
5.4500,-0.4738,-52.681,0.235,0.038,1.295,728.8,1,1.710,6318,1550,0
5.4667,-0.4731,-52.929,0.107,0.049,1.259,728.8,1,1.713,6303,1517,0
5.4833,-0.4722,-53.167,-0.021,0.061,1.224,728.8,1,1.717,6298,1482,0
5.5000,-0.4711,-53.395,-0.146,0.074,1.190,728.8,1,1.720,6297,1453,0
5.5167,-0.4697,-53.611,-0.267,0.088,1.157,728.8,1,1.723,6295,1420,0
5.5333,-0.4681,-53.817,-0.381,0.102,1.125,728.8,1,1.725,6291,1387,0
5.5500,-0.4663,-54.012,-0.484,0.117,1.095,728.8,1,1.726,6274,1356,0
5.5667,-0.4642,-54.195,-0.574,0.132,1.065,728.8,1,1.727,6251,1330,0
5.5833,-0.4619,-54.368,-0.649,0.147,1.037,728.8,1,1.728,6204,1298,0
5.6000,-0.4593,-54.530,-0.707,0.161,1.010,728.8,1,1.728,6137,1265,0
5.6167,-0.4565,-54.681,-0.746,0.173,0.985,728.8,1,1.728,6048,1229,0
5.6333,-0.4536,-54.823,-0.769,0.183,0.960,728.8,1,1.727,5959,1195,0
5.6500,-0.4505,-54.955,-0.775,0.190,0.938,728.8,1,1.726,5836,1150,0
5.6667,-0.4473,-55.078,-0.767,0.194,0.917,728.8,1,1.725,5698,1102,0
5.6833,-0.4440,-55.192,-0.746,0.195,0.897,728.8,1,1.724,5548,1051,0
5.7000,-0.4408,-55.298,-0.713,0.191,0.880,728.8,1,1.722,5389,998,0
5.7167,-0.4376,-55.397,-0.670,0.184,0.864,728.8,1,1.720,5255,953,0
5.7333,-0.4347,-55.490,-0.617,0.174,0.851,728.8,1,1.719,5098,897,0
5.7500,-0.4319,-55.577,-0.555,0.159,0.839,728.8,1,1.717,4949,842,0
5.7667,-0.4294,-55.659,-0.486,0.141,0.830,728.8,1,1.716,4814,791,0
5.7833,-0.4272,-55.736,-0.412,0.121,0.822,728.8,1,1.714,4714,752,0
5.8000,-0.4254,-55.810,-0.335,0.098,0.816,728.8,1,1.713,4612,708,0
5.8167,-0.4239,-55.881,-0.258,0.073,0.811,728.8,1,1.713,4529,668,0
5.8333,-0.4229,-55.948,-0.182,0.047,0.808,728.8,1,1.713,4468,632,0
5.8500,-0.4224,-56.014,-0.110,0.020,0.805,728.8,1,1.713,4435,606,0
5.8667,-0.4223,-56.076,-0.041,-0.006,0.804,728.8,1,1.713,4420,580,0
5.8833,-0.4226,-56.137,0.026,-0.032,0.804,728.8,1,1.714,4433,559,0
5.9000,-0.4233,-56.195,0.091,-0.057,0.804,728.8,1,1.716,4467,544,0
5.9167,-0.4245,-56.250,0.154,-0.080,0.805,728.8,1,1.718,4528,533,0
5.9333,-0.4260,-56.303,0.216,-0.099,0.806,728.8,1,1.720,4596,528,0
5.9500,-0.4278,-56.353,0.274,-0.116,0.808,728.8,1,1.722,4691,527,0
5.9667,-0.4298,-56.398,0.328,-0.129,0.809,728.8,1,1.725,4799,531,0
5.9833,-0.4321,-56.439,0.374,-0.138,0.811,728.8,1,1.728,4914,541,0
6.0000,-0.4344,-56.475,0.411,-0.144,0.812,728.8,1,1.730,5014,551,0
6.0167,-0.4368,-56.506,0.437,-0.146,0.813,728.8,1,1.733,5133,567,0
6.0333,-0.4393,-56.531,0.451,-0.144,0.813,728.8,1,1.736,5248,585,0
6.0500,-0.4416,-56.550,0.453,-0.139,0.813,728.8,1,1.739,5356,604,0
6.0667,-0.4439,-56.562,0.443,-0.131,0.812,728.8,1,1.741,5438,620,0
6.0833,-0.4460,-56.568,0.421,-0.121,0.810,728.8,1,1.743,5526,640,0
6.1000,-0.4479,-56.566,0.388,-0.108,0.808,728.8,1,1.745,5599,657,0
6.1167,-0.4496,-56.556,0.345,-0.093,0.805,728.8,1,1.747,5657,672,0
6.1333,-0.4510,-56.539,0.293,-0.077,0.801,728.8,1,1.748,5703,684,0
6.1500,-0.4521,-56.515,0.234,-0.060,0.798,728.8,1,1.749,5731,693,0
6.1667,-0.4530,-56.483,0.168,-0.043,0.794,728.8,1,1.750,5749,701,0
6.1833,-0.4536,-56.443,0.101,-0.025,0.789,728.8,1,1.750,5751,708,0
6.2000,-0.4538,-56.396,0.033,-0.008,0.784,728.8,1,1.750,5737,714,0
6.2167,-0.4538,-56.342,-0.030,0.008,0.780,728.8,1,1.749,5713,717,0
6.2333,-0.4536,-56.282,-0.086,0.023,0.775,728.8,1,1.748,5672,719,0
6.2500,-0.4531,-56.215,-0.134,0.036,0.770,728.8,1,1.747,5617,720,0
6.2667,-0.4524,-56.142,-0.173,0.047,0.765,728.8,1,1.745,5550,718,0
6.2833,-0.4515,-56.064,-0.202,0.055,0.760,728.8,1,1.743,5488,715,0
6.3000,-0.4506,-55.981,-0.223,0.061,0.756,728.8,1,1.741,5405,709,0
6.3167,-0.4495,-55.894,-0.236,0.065,0.752,728.8,1,1.739,5316,700,0
6.3333,-0.4484,-55.803,-0.242,0.065,0.748,728.8,1,1.736,5225,687,0
6.3500,-0.4474,-55.709,-0.243,0.063,0.745,728.8,1,1.734,5132,672,0
6.3667,-0.4463,-55.612,-0.239,0.058,0.742,728.8,1,1.731,5056,658,0
6.3833,-0.4454,-55.513,-0.229,0.051,0.740,728.8,1,1.728,4968,639,0
6.4000,-0.4447,-55.413,-0.215,0.041,0.739,728.8,1,1.726,4886,619,0
6.4167,-0.4441,-55.311,-0.197,0.030,0.739,728.8,1,1.724,4813,599,0
6.4333,-0.4437,-55.209,-0.176,0.016,0.739,728.8,1,1.722,4760,582,0
6.4500,-0.4435,-55.106,-0.152,0.002,0.740,728.8,1,1.720,4708,563,0
6.4667,-0.4436,-55.003,-0.127,-0.014,0.742,728.8,1,1.718,4669,547,0
6.4833,-0.4440,-54.900,-0.101,-0.030,0.745,728.8,1,1.717,4644,532,0
6.5000,-0.4446,-54.798,-0.076,-0.046,0.748,728.8,1,1.716,4634,522,0
6.5167,-0.4455,-54.696,-0.051,-0.062,0.752,728.8,1,1.715,4635,512,0
6.5333,-0.4467,-54.595,-0.026,-0.077,0.757,728.8,1,1.715,4651,504,0
6.5500,-0.4481,-54.494,-0.001,-0.091,0.762,728.8,1,1.714,4682,500,0
6.5667,-0.4497,-54.394,0.023,-0.103,0.767,728.8,1,1.714,4726,499,0
6.5833,-0.4515,-54.294,0.046,-0.114,0.773,728.8,1,1.714,4771,500,0
6.6000,-0.4535,-54.194,0.067,-0.122,0.778,728.8,1,1.715,4835,503,0
6.6167,-0.4556,-54.095,0.085,-0.128,0.784,728.8,1,1.715,4906,508,0
6.6333,-0.4577,-53.995,0.100,-0.132,0.789,728.8,1,1.716,4983,515,0
6.6500,-0.4599,-53.896,0.110,-0.133,0.795,728.8,1,1.716,5050,523,0
6.6667,-0.4621,-53.796,0.115,-0.131,0.800,728.8,1,1.717,5131,533,0
6.6833,-0.4643,-53.695,0.117,-0.128,0.804,728.8,1,1.717,5210,545,0
6.7000,-0.4664,-53.594,0.115,-0.122,0.809,728.8,1,1.718,5284,558,0
6.7167,-0.4683,-53.492,0.112,-0.114,0.812,728.8,1,1.718,5341,568,0
6.7333,-0.4702,-53.389,0.106,-0.104,0.815,728.8,1,1.718,5402,581,0
6.7500,-0.4718,-53.284,0.098,-0.093,0.818,728.8,1,1.718,5452,595,0
6.7667,-0.4732,-53.178,0.089,-0.081,0.820,728.8,1,1.718,5492,607,0
6.7833,-0.4745,-53.072,0.077,-0.068,0.821,728.8,1,1.718,5520,619,0
6.8000,-0.4755,-52.963,0.064,-0.055,0.822,728.8,1,1.717,5533,627,0
6.8167,-0.4763,-52.854,0.049,-0.043,0.822,728.8,1,1.716,5539,636,0
6.8333,-0.4769,-52.744,0.034,-0.030,0.822,728.8,1,1.715,5533,644,0
6.8500,-0.4773,-52.633,0.018,-0.019,0.822,728.8,1,1.713,5516,649,0
6.8667,-0.4776,-52.521,0.003,-0.008,0.821,728.8,1,1.712,5493,653,0
6.8833,-0.4776,-52.409,-0.011,0.001,0.820,728.8,1,1.710,5458,655,0
6.9000,-0.4775,-52.297,-0.023,0.009,0.820,728.8,1,1.708,5416,654,0
6.9167,-0.4773,-52.185,-0.033,0.015,0.819,728.8,1,1.706,5368,652,0
6.9333,-0.4770,-52.073,-0.041,0.020,0.818,728.8,1,1.704,5325,648,0
6.9500,-0.4767,-51.962,-0.047,0.023,0.817,728.8,1,1.701,5272,642,0
6.9667,-0.4763,-51.852,-0.052,0.024,0.817,728.8,1,1.699,5217,635,0
6.9833,-0.4759,-51.743,-0.055,0.024,0.816,728.8,1,1.697,5164,626,0
7.0000,-0.4755,-51.636,-0.057,0.022,0.817,728.8,1,1.695,5112,616,0
7.0167,-0.4752,-51.531,-0.058,0.018,0.817,728.8,1,1.693,5073,607,0
7.0333,-0.4749,-51.429,-0.056,0.014,0.818,728.8,1,1.691,5030,597,0
7.0500,-0.4747,-51.328,-0.053,0.009,0.819,728.8,1,1.689,4993,587,0
7.0667,-0.4746,-51.231,-0.049,0.002,0.821,728.8,1,1.687,4963,577,0
7.0833,-0.4746,-51.136,-0.045,-0.005,0.823,728.8,1,1.685,4943,569,0
7.1000,-0.4748,-51.045,-0.040,-0.012,0.826,728.8,1,1.684,4926,560,0
7.1167,-0.4750,-50.956,-0.036,-0.019,0.829,728.8,1,1.683,4916,552,0
7.1333,-0.4754,-50.872,-0.032,-0.026,0.832,728.8,1,1.682,4915,546,0
7.1500,-0.4759,-50.790,-0.029,-0.033,0.835,728.8,1,1.681,4920,542,0
7.1667,-0.4765,-50.712,-0.026,-0.040,0.839,728.8,1,1.680,4932,538,0
7.1833,-0.4772,-50.638,-0.022,-0.046,0.842,728.8,1,1.679,4951,535,0
7.2000,-0.4781,-50.568,-0.018,-0.051,0.846,728.8,1,1.679,4977,534,0
7.2167,-0.4789,-50.501,-0.013,-0.055,0.850,728.8,1,1.679,5007,533,0
7.2333,-0.4799,-50.439,-0.008,-0.058,0.854,728.8,1,1.678,5036,534,0
7.2500,-0.4808,-50.380,-0.002,-0.059,0.857,728.8,1,1.678,5073,537,0
7.2667,-0.4818,-50.326,0.003,-0.060,0.861,728.8,1,1.678,5113,540,0
7.2833,-0.4828,-50.275,0.008,-0.059,0.864,728.8,1,1.678,5153,544,0
7.3000,-0.4838,-50.228,0.012,-0.058,0.867,728.8,1,1.679,5187,549,0
7.3167,-0.4847,-50.185,0.015,-0.055,0.870,728.8,1,1.679,5227,554,0
7.3333,-0.4856,-50.146,0.018,-0.051,0.873,728.8,1,1.679,5264,561,0
7.3500,-0.4864,-50.111,0.020,-0.046,0.875,728.8,1,1.679,5297,568,0
7.3667,-0.4872,-50.081,0.021,-0.041,0.877,728.8,1,1.679,5322,574,0
7.3833,-0.4878,-50.053,0.023,-0.035,0.879,728.8,1,1.680,5347,581,0
7.4000,-0.4883,-50.030,0.023,-0.028,0.880,728.8,1,1.680,5367,589,0
7.4167,-0.4887,-50.011,0.024,-0.022,0.881,728.8,1,1.680,5380,596,0
7.4333,-0.4890,-49.995,0.023,-0.015,0.881,728.8,1,1.680,5387,603,0
7.4500,-0.4892,-49.983,0.022,-0.009,0.881,728.8,1,1.680,5389,608,0
7.4667,-0.4893,-49.975,0.020,-0.002,0.881,728.8,1,1.680,5385,614,0
7.4833,-0.4893,-49.970,0.018,0.003,0.881,728.8,1,1.680,5375,619,0
7.5000,-0.4892,-49.969,0.015,0.008,0.881,728.8,1,1.679,5361,623,0
7.5167,-0.4890,-49.971,0.013,0.013,0.880,728.8,1,1.679,5345,625,0
7.5333,-0.4888,-49.977,0.012,0.016,0.879,728.8,1,1.679,5324,627,0
7.5500,-0.4885,-49.986,0.010,0.019,0.879,728.8,1,1.679,5299,628,0
7.5667,-0.4882,-49.998,0.009,0.021,0.878,728.8,1,1.679,5272,627,0
7.5833,-0.4878,-50.014,0.007,0.022,0.877,728.8,1,1.679,5249,626,0
7.6000,-0.4874,-50.032,0.005,0.022,0.877,728.8,1,1.679,5221,624,0
7.6167,-0.4871,-50.054,0.002,0.021,0.876,728.8,1,1.679,5194,621,0
7.6333,-0.4868,-50.078,-0.000,0.019,0.875,728.8,1,1.679,5168,618,0
7.6500,-0.4865,-50.105,-0.003,0.017,0.875,728.8,1,1.679,5145,615,0
7.6667,-0.4862,-50.134,-0.006,0.013,0.874,728.8,1,1.679,5127,612,0
7.6833,-0.4860,-50.166,-0.007,0.010,0.874,728.8,1,1.680,5110,608,0
7.7000,-0.4859,-50.200,-0.008,0.006,0.874,728.8,1,1.680,5097,604,0
7.7167,-0.4858,-50.236,-0.009,0.002,0.874,728.8,1,1.681,5088,601,0
7.7333,-0.4858,-50.275,-0.009,-0.003,0.874,728.8,1,1.682,5084,599,0
7.7500,-0.4859,-50.315,-0.009,-0.007,0.874,728.8,1,1.682,5083,597,0
7.7667,-0.4861,-50.356,-0.009,-0.012,0.874,728.8,1,1.683,5087,595,0
7.7833,-0.4863,-50.399,-0.008,-0.016,0.875,728.8,1,1.684,5096,594,0
7.8000,-0.4866,-50.443,-0.009,-0.019,0.875,728.8,1,1.685,5106,594,0
7.8167,-0.4869,-50.488,-0.009,-0.022,0.875,728.8,1,1.686,5122,595,0
7.8333,-0.4873,-50.534,-0.008,-0.025,0.875,728.8,1,1.688,5141,596,0
7.8500,-0.4878,-50.580,-0.008,-0.027,0.875,728.8,1,1.689,5162,599,0
7.8667,-0.4882,-50.627,-0.007,-0.028,0.875,728.8,1,1.690,5186,602,0
7.8833,-0.4887,-50.674,-0.006,-0.029,0.875,728.8,1,1.691,5207,605,0
7.9000,-0.4892,-50.721,-0.005,-0.029,0.875,728.8,1,1.693,5232,610,0
7.9167,-0.4897,-50.768,-0.004,-0.028,0.874,728.8,1,1.694,5257,615,0
7.9333,-0.4901,-50.814,-0.003,-0.026,0.874,728.8,1,1.695,5281,620,0
7.9500,-0.4905,-50.860,-0.002,-0.024,0.873,728.8,1,1.696,5300,625,0
7.9667,-0.4909,-50.905,-0.002,-0.021,0.872,728.8,1,1.698,5320,631,0
7.9833,-0.4912,-50.948,-0.001,-0.018,0.870,728.8,1,1.699,5337,637,0
8.0000,-0.4915,-50.991,0.000,-0.015,0.869,728.8,1,1.700,5352,642,0
8.0167,-0.4917,-51.033,0.002,-0.011,0.867,728.8,1,1.701,5361,647,0
8.0333,-0.4919,-51.073,0.003,-0.007,0.865,728.8,1,1.701,5368,652,0
8.0500,-0.4919,-51.111,0.004,-0.003,0.863,728.8,1,1.702,5371,657,0
8.0667,-0.4920,-51.148,0.005,0.001,0.861,728.8,1,1.703,5370,661,0
8.0833,-0.4919,-51.183,0.006,0.004,0.859,728.8,1,1.703,5365,663,0
8.1000,-0.4918,-51.216,0.006,0.007,0.856,728.8,1,1.704,5358,665,0
8.1167,-0.4917,-51.248,0.005,0.010,0.854,728.8,1,1.704,5347,667,0
8.1333,-0.4915,-51.277,0.004,0.013,0.851,728.8,1,1.705,5332,667,0
8.1500,-0.4913,-51.305,0.003,0.015,0.849,728.8,1,1.705,5315,667,0
8.1667,-0.4910,-51.330,0.003,0.016,0.847,728.8,1,1.705,5300,666,0
8.1833,-0.4907,-51.354,0.002,0.017,0.844,728.8,1,1.705,5280,664,0
8.2000,-0.4905,-51.376,0.002,0.017,0.842,728.8,1,1.705,5260,661,0
8.2167,-0.4902,-51.396,0.002,0.016,0.840,728.8,1,1.705,5239,657,0
8.2333,-0.4899,-51.414,0.002,0.015,0.838,728.8,1,1.705,5222,654,0
8.2500,-0.4897,-51.430,0.002,0.014,0.836,728.8,1,1.705,5202,650,0
8.2667,-0.4895,-51.444,0.001,0.012,0.834,728.8,1,1.705,5184,645,0
8.2833,-0.4893,-51.456,0.001,0.009,0.833,728.8,1,1.705,5168,640,0
8.3000,-0.4892,-51.467,0.000,0.006,0.831,728.8,1,1.705,5155,635,0
8.3167,-0.4891,-51.476,-0.000,0.003,0.830,728.8,1,1.706,5145,631,0
8.3333,-0.4891,-51.483,-0.001,0.000,0.829,728.8,1,1.706,5137,627,0
8.3500,-0.4891,-51.488,-0.001,-0.003,0.829,728.8,1,1.706,5131,623,0
8.3667,-0.4892,-51.492,-0.001,-0.006,0.828,728.8,1,1.706,5128,619,0
8.3833,-0.4893,-51.494,-0.001,-0.010,0.827,728.8,1,1.706,5128,616,0
8.4000,-0.4895,-51.495,-0.001,-0.013,0.827,728.8,1,1.706,5131,613,0
8.4167,-0.4897,-51.494,-0.002,-0.015,0.827,728.8,1,1.707,5136,610,0
8.4333,-0.4900,-51.491,-0.002,-0.018,0.827,728.8,1,1.707,5144,609,0
8.4500,-0.4903,-51.486,-0.002,-0.020,0.827,728.8,1,1.707,5152,608,0
8.4667,-0.4907,-51.481,-0.003,-0.022,0.827,728.8,1,1.707,5163,607,0
8.4833,-0.4910,-51.473,-0.002,-0.023,0.827,728.8,1,1.707,5176,607,0
8.5000,-0.4914,-51.464,-0.002,-0.024,0.827,728.8,1,1.708,5189,607,0
8.5167,-0.4918,-51.454,-0.001,-0.024,0.827,728.8,1,1.708,5203,608,0
8.5333,-0.4922,-51.442,-0.000,-0.024,0.827,728.8,1,1.708,5215,609,0
8.5500,-0.4926,-51.428,0.000,-0.023,0.827,728.8,1,1.708,5228,611,0
8.5667,-0.4930,-51.413,0.000,-0.022,0.826,728.8,1,1.708,5240,613,0
8.5833,-0.4933,-51.397,0.000,-0.021,0.826,728.8,1,1.709,5251,614,0
8.6000,-0.4937,-51.379,0.000,-0.019,0.826,728.8,1,1.709,5259,616,0
8.6167,-0.4940,-51.361,0.000,-0.018,0.826,728.8,1,1.709,5267,618,0
8.6333,-0.4943,-51.341,-0.000,-0.016,0.826,728.8,1,1.708,5273,620,0
8.6500,-0.4945,-51.319,-0.000,-0.014,0.825,728.8,1,1.708,5276,622,0
8.6667,-0.4947,-51.297,0.000,-0.011,0.825,728.8,1,1.708,5278,623,0
8.6833,-0.4949,-51.274,0.000,-0.009,0.824,728.8,1,1.708,5277,624,0
8.7000,-0.4950,-51.250,0.001,-0.007,0.824,728.8,1,1.708,5275,625,0
8.7167,-0.4951,-51.225,0.001,-0.006,0.823,728.8,1,1.707,5270,625,0
8.7333,-0.4952,-51.199,0.001,-0.004,0.823,728.8,1,1.707,5264,626,0
8.7500,-0.4953,-51.173,0.001,-0.003,0.822,728.8,1,1.707,5257,625,0
8.7667,-0.4953,-51.147,0.001,-0.002,0.822,728.8,1,1.706,5248,624,0
8.7833,-0.4953,-51.120,0.001,-0.001,0.822,728.8,1,1.706,5238,623,0
8.8000,-0.4953,-51.093,0.001,-0.000,0.821,728.8,1,1.705,5227,622,0
8.8167,-0.4953,-51.065,0.001,-0.000,0.821,728.8,1,1.705,5218,620,0
8.8333,-0.4953,-51.038,0.001,-0.001,0.821,728.8,1,1.704,5207,618,0
8.8500,-0.4954,-51.011,0.001,-0.001,0.821,728.8,1,1.704,5197,616,0
8.8667,-0.4954,-50.984,0.001,-0.002,0.820,728.8,1,1.703,5187,613,0
8.8833,-0.4954,-50.957,0.000,-0.003,0.821,728.8,1,1.703,5180,611,0
8.9000,-0.4955,-50.931,-0.000,-0.004,0.821,728.8,1,1.703,5172,609,0
8.9167,-0.4955,-50.905,-0.000,-0.005,0.821,728.8,1,1.702,5165,606,0
8.9333,-0.4956,-50.879,-0.001,-0.007,0.821,728.8,1,1.702,5161,604,0
8.9500,-0.4958,-50.855,-0.001,-0.008,0.822,728.8,1,1.702,5158,602,0
8.9667,-0.4959,-50.831,-0.001,-0.010,0.822,728.8,1,1.701,5156,600,0
8.9833,-0.4961,-50.807,-0.001,-0.011,0.823,728.8,1,1.701,5156,599,0
9.0000,-0.4963,-50.785,-0.000,-0.013,0.823,728.8,1,1.701,5158,597,0
9.0167,-0.4965,-50.763,0.000,-0.014,0.824,728.8,1,1.701,5161,596,0
9.0333,-0.4968,-50.743,0.000,-0.015,0.825,728.8,1,1.701,5165,595,0
9.0500,-0.4970,-50.723,0.000,-0.016,0.825,728.8,1,1.701,5171,595,0
9.0667,-0.4973,-50.704,0.000,-0.017,0.826,728.8,1,1.701,5178,595,0
9.0833,-0.4976,-50.686,-0.000,-0.017,0.827,728.8,1,1.701,5186,595,0
9.1000,-0.4979,-50.669,-0.000,-0.018,0.827,728.8,1,1.701,5193,596,0
9.1167,-0.4982,-50.653,-0.001,-0.018,0.828,728.8,1,1.701,5201,597,0
9.1333,-0.4985,-50.639,-0.001,-0.017,0.829,728.8,1,1.701,5210,598,0
9.1500,-0.4988,-50.625,-0.001,-0.017,0.829,728.8,1,1.701,5218,599,0
9.1667,-0.4990,-50.612,-0.000,-0.016,0.830,728.8,1,1.701,5226,601,0
9.1833,-0.4993,-50.601,-0.000,-0.015,0.830,728.8,1,1.701,5233,602,0
9.2000,-0.4996,-50.590,-0.000,-0.014,0.831,728.8,1,1.701,5239,604,0
9.2167,-0.4998,-50.580,-0.000,-0.013,0.831,728.8,1,1.701,5245,606,0
9.2333,-0.5000,-50.572,-0.000,-0.012,0.831,728.8,1,1.701,5250,608,0
9.2500,-0.5002,-50.564,-0.000,-0.011,0.831,728.8,1,1.701,5252,609,0
9.2667,-0.5003,-50.558,-0.000,-0.009,0.831,728.8,1,1.701,5255,611,0
9.2833,-0.5005,-50.552,0.000,-0.008,0.831,728.8,1,1.701,5256,613,0
9.3000,-0.5006,-50.548,0.000,-0.006,0.831,728.8,1,1.701,5256,614,0
9.3167,-0.5007,-50.544,0.000,-0.005,0.831,728.8,1,1.701,5255,615,0
9.3333,-0.5008,-50.541,0.000,-0.004,0.831,728.8,1,1.701,5253,616,0
9.3500,-0.5008,-50.540,0.000,-0.003,0.831,728.8,1,1.701,5250,617,0
9.3667,-0.5009,-50.539,0.000,-0.002,0.830,728.8,1,1.701,5246,618,0
9.3833,-0.5009,-50.539,0.000,-0.002,0.830,728.8,1,1.701,5241,618,0
9.4000,-0.5009,-50.540,-0.000,-0.001,0.830,728.8,1,1.701,5237,618,0
9.4167,-0.5010,-50.542,-0.000,-0.001,0.830,728.8,1,1.701,5232,618,0
9.4333,-0.5010,-50.544,-0.001,-0.001,0.829,728.8,1,1.701,5226,618,0
9.4500,-0.5010,-50.548,-0.000,-0.001,0.829,728.8,1,1.702,5221,617,0
9.4667,-0.5010,-50.552,-0.000,-0.001,0.829,728.8,1,1.702,5217,617,0
9.4833,-0.5010,-50.557,-0.000,-0.001,0.829,728.8,1,1.702,5212,616,0
9.5000,-0.5010,-50.563,0.000,-0.002,0.828,728.8,1,1.702,5208,616,0
9.5167,-0.5011,-50.569,0.000,-0.003,0.828,728.8,1,1.702,5205,615,0
9.5333,-0.5011,-50.576,0.000,-0.003,0.828,728.8,1,1.702,5202,615,0
9.5500,-0.5012,-50.583,0.000,-0.004,0.828,728.8,1,1.702,5200,614,0
9.5667,-0.5013,-50.591,0.000,-0.005,0.828,728.8,1,1.703,5199,613,0
9.5833,-0.5013,-50.600,-0.000,-0.006,0.828,728.8,1,1.703,5199,613,0
9.6000,-0.5014,-50.609,-0.000,-0.006,0.827,728.8,1,1.703,5200,613,0
9.6167,-0.5016,-50.618,-0.000,-0.007,0.827,728.8,1,1.703,5201,613,0
9.6333,-0.5017,-50.628,-0.000,-0.008,0.827,728.8,1,1.704,5204,612,0
9.6500,-0.5018,-50.638,-0.000,-0.008,0.827,728.8,1,1.704,5207,613,0
9.6667,-0.5020,-50.648,-0.000,-0.009,0.827,728.8,1,1.704,5210,613,0
9.6833,-0.5021,-50.658,-0.000,-0.009,0.827,728.8,1,1.705,5213,613,0
9.7000,-0.5023,-50.668,-0.000,-0.009,0.827,728.8,1,1.705,5218,614,0
9.7167,-0.5024,-50.679,-0.000,-0.009,0.826,728.8,1,1.705,5222,615,0
9.7333,-0.5026,-50.689,-0.000,-0.009,0.826,728.8,1,1.706,5227,616,0
9.7500,-0.5027,-50.699,-0.000,-0.009,0.826,728.8,1,1.706,5231,616,0
9.7667,-0.5029,-50.709,-0.000,-0.009,0.826,728.8,1,1.706,5235,617,0
9.7833,-0.5030,-50.719,-0.000,-0.009,0.825,728.8,1,1.707,5239,618,0
9.8000,-0.5032,-50.729,0.000,-0.008,0.825,728.8,1,1.707,5243,620,0
9.8167,-0.5033,-50.738,0.000,-0.008,0.825,728.8,1,1.707,5246,621,0
9.8333,-0.5034,-50.747,0.000,-0.007,0.824,728.8,1,1.707,5248,622,0
9.8500,-0.5035,-50.756,0.000,-0.006,0.824,728.8,1,1.708,5250,623,0
9.8667,-0.5036,-50.764,-0.000,-0.006,0.823,728.8,1,1.708,5251,624,0
9.8833,-0.5037,-50.772,-0.000,-0.005,0.823,728.8,1,1.708,5251,624,0
9.9000,-0.5038,-50.780,-0.000,-0.004,0.822,728.8,1,1.708,5251,625,0
9.9167,-0.5039,-50.787,-0.000,-0.004,0.822,728.8,1,1.709,5250,626,0
9.9333,-0.5039,-50.793,-0.000,-0.003,0.821,728.8,1,1.709,5248,626,0
9.9500,-0.5040,-50.799,-0.000,-0.003,0.820,728.8,1,1.709,5246,626,0
9.9667,-0.5040,-50.804,-0.000,-0.002,0.820,728.8,1,1.709,5244,626,0
9.9833,-0.5041,-50.809,0.000,-0.002,0.819,728.8,1,1.709,5241,626,0
10.0000,-0.5041,-50.814,0.000,-0.002,0.818,728.8,1,1.709,5238,626,0
10.0167,-0.5041,-50.817,0.000,-0.002,0.818,728.8,1,1.709,5234,626,0
10.0333,-0.5041,-50.820,0.000,-0.002,0.817,728.8,1,1.709,5230,625,0
10.0500,-0.5042,-50.823,-0.000,-0.002,0.817,728.8,1,1.710,5227,625,0
10.0667,-0.5042,-50.825,-0.000,-0.002,0.816,728.8,1,1.710,5224,624,0
10.0833,-0.5042,-50.827,-0.000,-0.002,0.816,728.8,1,1.710,5220,623,0
10.1000,-0.5043,-50.828,-0.000,-0.003,0.815,728.8,1,1.710,5217,622,0
10.1167,-0.5043,-50.828,-0.000,-0.003,0.815,728.8,1,1.710,5215,622,0
10.1333,-0.5044,-50.828,-0.000,-0.004,0.815,728.8,1,1.710,5213,621,0
10.1500,-0.5045,-50.827,-0.000,-0.004,0.814,728.8,1,1.710,5211,620,0
10.1667,-0.5045,-50.826,-0.000,-0.005,0.814,728.8,1,1.710,5209,619,0
10.1833,-0.5046,-50.824,-0.000,-0.005,0.814,728.8,1,1.710,5209,618,0
10.2000,-0.5047,-50.822,-0.000,-0.006,0.813,728.8,1,1.710,5208,617,0
10.2167,-0.5048,-50.820,-0.000,-0.007,0.813,728.8,1,1.710,5208,617,0
10.2333,-0.5049,-50.817,-0.000,-0.007,0.813,728.8,1,1.710,5209,616,0
10.2500,-0.5051,-50.813,-0.000,-0.008,0.813,728.8,1,1.710,5210,616,0
10.2667,-0.5052,-50.809,-0.000,-0.008,0.813,728.8,1,1.710,5211,615,0
10.2833,-0.5053,-50.805,0.000,-0.008,0.813,728.8,1,1.710,5213,615,0
10.3000,-0.5055,-50.800,0.000,-0.009,0.812,728.8,1,1.710,5215,615,0
10.3167,-0.5056,-50.795,0.000,-0.009,0.812,728.8,1,1.710,5217,615,0
10.3333,-0.5058,-50.789,-0.000,-0.009,0.812,728.8,1,1.711,5219,615,0
10.3500,-0.5059,-50.783,-0.000,-0.009,0.812,728.8,1,1.711,5221,615,0
10.3667,-0.5061,-50.777,-0.000,-0.009,0.812,728.8,1,1.711,5224,615,0
10.3833,-0.5062,-50.770,-0.000,-0.009,0.812,728.8,1,1.711,5226,615,0
10.4000,-0.5063,-50.763,-0.000,-0.009,0.812,728.8,1,1.711,5228,615,0
10.4167,-0.5065,-50.756,-0.000,-0.008,0.812,728.8,1,1.711,5229,616,0
10.4333,-0.5066,-50.748,-0.000,-0.008,0.812,728.8,1,1.711,5231,616,0
10.4500,-0.5068,-50.741,-0.000,-0.008,0.812,728.8,1,1.711,5232,616,0
10.4667,-0.5069,-50.733,-0.000,-0.007,0.812,728.8,1,1.711,5233,617,0
10.4833,-0.5070,-50.725,0.000,-0.007,0.811,728.8,1,1.711,5233,617,0
10.5000,-0.5071,-50.716,0.000,-0.007,0.811,728.8,1,1.711,5233,617,0
10.5167,-0.5072,-50.708,-0.000,-0.006,0.811,728.8,1,1.711,5233,617,0
10.5333,-0.5073,-50.700,-0.000,-0.006,0.811,728.8,1,1.711,5233,617,0
10.5500,-0.5074,-50.691,-0.000,-0.006,0.811,728.8,1,1.710,5232,617,0
10.5667,-0.5075,-50.682,-0.000,-0.005,0.811,728.8,1,1.710,5231,617,0
10.5833,-0.5076,-50.674,-0.000,-0.005,0.811,728.8,1,1.710,5229,617,0
10.6000,-0.5077,-50.665,-0.000,-0.005,0.810,728.8,1,1.710,5228,617,0
10.6167,-0.5078,-50.656,-0.000,-0.005,0.810,728.8,1,1.710,5227,617,0
10.6333,-0.5078,-50.648,-0.000,-0.005,0.810,728.8,1,1.710,5225,617,0
10.6500,-0.5079,-50.639,-0.000,-0.005,0.810,728.8,1,1.710,5223,616,0
10.6667,-0.5080,-50.631,-0.000,-0.005,0.810,728.8,1,1.710,5221,616,0
10.6833,-0.5081,-50.623,-0.000,-0.005,0.810,728.8,1,1.710,5220,615,0
10.7000,-0.5082,-50.615,-0.000,-0.005,0.810,728.8,1,1.710,5219,615,0
10.7167,-0.5083,-50.607,-0.000,-0.005,0.810,728.8,1,1.710,5217,615,0
10.7333,-0.5083,-50.599,-0.000,-0.005,0.810,728.8,1,1.710,5216,614,0
10.7500,-0.5084,-50.592,-0.000,-0.006,0.810,728.8,1,1.710,5215,614,0
10.7667,-0.5085,-50.585,-0.000,-0.006,0.810,728.8,1,1.710,5215,614,0
10.7833,-0.5086,-50.578,-0.000,-0.006,0.810,728.8,1,1.710,5214,613,0
10.8000,-0.5087,-50.571,-0.000,-0.006,0.810,728.8,1,1.710,5214,613,0
10.8167,-0.5088,-50.565,-0.000,-0.007,0.810,728.8,1,1.710,5215,613,0
10.8333,-0.5090,-50.559,-0.000,-0.007,0.810,728.8,1,1.710,5215,613,0
10.8500,-0.5091,-50.553,-0.000,-0.007,0.810,728.8,1,1.710,5216,612,0
10.8667,-0.5092,-50.547,-0.000,-0.007,0.810,728.8,1,1.710,5217,612,0
10.8833,-0.5093,-50.542,-0.000,-0.007,0.810,728.8,1,1.710,5218,612,0
10.9000,-0.5094,-50.537,-0.000,-0.007,0.810,728.8,1,1.710,5219,613,0
10.9167,-0.5096,-50.533,-0.000,-0.007,0.810,728.8,1,1.710,5221,613,0
10.9333,-0.5097,-50.528,-0.000,-0.007,0.810,728.8,1,1.710,5222,613,0
10.9500,-0.5098,-50.524,-0.000,-0.007,0.810,728.8,1,1.710,5224,613,0
10.9667,-0.5099,-50.521,-0.000,-0.007,0.810,728.8,1,1.710,5225,613,0
10.9833,-0.5100,-50.517,-0.000,-0.007,0.811,728.8,1,1.710,5227,614,0
11.0000,-0.5102,-50.514,-0.000,-0.007,0.811,728.8,1,1.710,5228,614,0
11.0167,-0.5103,-50.511,-0.000,-0.007,0.810,728.8,1,1.710,5229,615,0
11.0333,-0.5104,-50.509,-0.000,-0.007,0.810,728.8,1,1.710,5231,615,0
11.0500,-0.5105,-50.507,-0.000,-0.006,0.810,728.8,1,1.710,5231,615,0
11.0667,-0.5106,-50.505,-0.000,-0.006,0.810,728.8,1,1.710,5232,616,0
11.0833,-0.5107,-50.503,-0.000,-0.006,0.810,728.8,1,1.711,5233,616,0
11.1000,-0.5108,-50.501,-0.000,-0.006,0.810,728.8,1,1.711,5233,617,0
11.1167,-0.5109,-50.500,-0.000,-0.005,0.810,728.8,1,1.711,5234,617,0
11.1333,-0.5110,-50.499,-0.000,-0.005,0.810,728.8,1,1.711,5234,617,0
11.1500,-0.5111,-50.498,-0.000,-0.005,0.810,728.8,1,1.711,5234,617,0
11.1667,-0.5111,-50.498,-0.000,-0.005,0.810,728.8,1,1.711,5233,618,0
11.1833,-0.5112,-50.497,-0.000,-0.005,0.810,728.8,1,1.711,5233,618,0
11.2000,-0.5113,-50.497,-0.000,-0.004,0.809,728.8,1,1.711,5232,618,0
11.2167,-0.5114,-50.497,-0.000,-0.004,0.809,728.8,1,1.711,5232,618,0
11.2333,-0.5114,-50.497,-0.000,-0.004,0.809,728.8,1,1.711,5231,618,0
11.2500,-0.5115,-50.497,-0.000,-0.004,0.809,728.8,1,1.711,5230,618,0
11.2667,-0.5116,-50.498,-0.000,-0.004,0.809,728.8,1,1.711,5229,618,0
11.2833,-0.5116,-50.498,-0.000,-0.004,0.809,728.8,1,1.711,5229,618,0
11.3000,-0.5117,-50.499,-0.000,-0.004,0.808,728.8,1,1.711,5228,618,0
11.3167,-0.5118,-50.500,-0.000,-0.004,0.808,728.8,1,1.712,5227,618,0
11.3333,-0.5118,-50.500,-0.000,-0.004,0.808,728.8,1,1.712,5226,618,0
11.3500,-0.5119,-50.501,-0.000,-0.004,0.808,728.8,1,1.712,5226,618,0
11.3667,-0.5120,-50.502,-0.000,-0.004,0.808,728.8,1,1.712,5226,618,0
11.3833,-0.5121,-50.503,-0.000,-0.004,0.808,728.8,1,1.712,5225,618,0
11.4000,-0.5121,-50.504,-0.000,-0.005,0.807,728.8,1,1.712,5225,618,0
11.4167,-0.5122,-50.505,-0.000,-0.005,0.807,728.8,1,1.712,5225,618,0
11.4333,-0.5123,-50.506,-0.000,-0.005,0.807,728.8,1,1.712,5225,618,0
11.4500,-0.5124,-50.507,-0.000,-0.005,0.807,728.8,1,1.712,5225,618,0
11.4667,-0.5125,-50.509,-0.000,-0.005,0.807,728.8,1,1.712,5226,618,0
11.4833,-0.5125,-50.510,-0.000,-0.005,0.807,728.8,1,1.712,5226,618,0
11.5000,-0.5126,-50.511,-0.000,-0.005,0.807,728.8,1,1.713,5226,618,0
11.5167,-0.5127,-50.512,-0.000,-0.005,0.806,728.8,1,1.713,5227,618,0
11.5333,-0.5128,-50.512,-0.000,-0.005,0.806,728.8,1,1.713,5228,618,0
11.5500,-0.5129,-50.513,-0.000,-0.005,0.806,728.8,1,1.713,5228,618,0
11.5667,-0.5130,-50.514,-0.000,-0.005,0.806,728.8,1,1.713,5229,618,0
11.5833,-0.5131,-50.515,-0.000,-0.005,0.806,728.8,1,1.713,5230,618,0
11.6000,-0.5132,-50.515,-0.000,-0.005,0.806,728.8,1,1.713,5230,618,0
11.6167,-0.5133,-50.515,-0.000,-0.005,0.806,728.8,1,1.713,5231,619,0
11.6333,-0.5133,-50.516,-0.000,-0.005,0.805,728.8,1,1.713,5231,619,0
11.6500,-0.5134,-50.516,-0.000,-0.005,0.805,728.8,1,1.713,5232,619,0
11.6667,-0.5135,-50.516,-0.000,-0.005,0.805,728.8,1,1.714,5232,619,0
11.6833,-0.5136,-50.516,-0.000,-0.005,0.805,728.8,1,1.714,5233,619,0
11.7000,-0.5137,-50.515,-0.000,-0.005,0.805,728.8,1,1.714,5233,619,0
11.7167,-0.5138,-50.515,-0.000,-0.005,0.804,728.8,1,1.714,5233,619,0
11.7333,-0.5138,-50.514,-0.000,-0.005,0.804,728.8,1,1.714,5233,620,0
11.7500,-0.5139,-50.513,-0.000,-0.005,0.804,728.8,1,1.714,5233,620,0
11.7667,-0.5140,-50.512,-0.000,-0.005,0.804,728.8,1,1.714,5232,620,0
11.7833,-0.5141,-50.511,-0.000,-0.004,0.804,728.8,1,1.714,5232,620,0
11.8000,-0.5141,-50.510,-0.000,-0.004,0.804,728.8,1,1.714,5232,620,0
11.8167,-0.5142,-50.508,-0.000,-0.004,0.803,728.8,1,1.714,5231,620,0
11.8333,-0.5143,-50.507,-0.000,-0.004,0.803,728.8,1,1.714,5231,620,0
11.8500,-0.5144,-50.505,-0.000,-0.004,0.803,728.8,1,1.714,5230,620,0
11.8667,-0.5144,-50.503,-0.000,-0.004,0.803,728.8,1,1.714,5230,619,0
11.8833,-0.5145,-50.501,-0.000,-0.004,0.803,728.8,1,1.714,5229,619,0
11.9000,-0.5146,-50.499,-0.000,-0.004,0.802,728.8,1,1.714,5229,619,0
11.9167,-0.5146,-50.496,-0.000,-0.004,0.802,728.8,1,1.714,5228,619,0
11.9333,-0.5147,-50.494,-0.000,-0.004,0.802,728.8,1,1.714,5228,619,0
11.9500,-0.5148,-50.491,-0.000,-0.005,0.802,728.8,1,1.714,5227,619,0
11.9667,-0.5149,-50.488,-0.000,-0.005,0.802,728.8,1,1.714,5227,619,0
11.9833,-0.5149,-50.485,-0.000,-0.005,0.802,728.8,1,1.714,5227,618,0
12.0000,-0.5150,-50.482,-0.000,-0.005,0.802,728.8,1,1.715,5226,618,0
12.0167,-0.5151,-50.479,-0.000,-0.005,0.802,728.8,1,1.715,5226,618,0
12.0333,-0.5152,-50.476,-0.000,-0.005,0.801,728.8,1,1.715,5226,618,0
12.0500,-0.5153,-50.473,-0.000,-0.005,0.801,728.8,1,1.715,5226,618,0
12.0667,-0.5154,-50.469,-0.000,-0.005,0.801,728.8,1,1.715,5226,618,0
12.0833,-0.5154,-50.466,-0.000,-0.005,0.801,728.8,1,1.715,5226,618,0
12.1000,-0.5155,-50.462,-0.000,-0.005,0.801,728.8,1,1.715,5226,618,0
12.1167,-0.5156,-50.458,-0.000,-0.005,0.801,728.8,1,1.715,5227,617,0
12.1333,-0.5157,-50.455,-0.000,-0.005,0.801,728.8,1,1.715,5227,617,0
12.1500,-0.5158,-50.451,-0.000,-0.005,0.801,728.8,1,1.715,5227,617,0
12.1667,-0.5159,-50.447,-0.000,-0.005,0.801,728.8,1,1.715,5228,617,0
12.1833,-0.5160,-50.443,-0.000,-0.005,0.801,728.8,1,1.715,5228,617,0
12.2000,-0.5161,-50.439,-0.000,-0.005,0.801,728.8,1,1.715,5228,617,0
12.2167,-0.5162,-50.435,-0.000,-0.005,0.801,728.8,1,1.715,5229,617,0
12.2333,-0.5162,-50.432,-0.000,-0.005,0.801,728.8,1,1.715,5229,617,0
12.2500,-0.5163,-50.428,-0.000,-0.005,0.801,728.8,1,1.715,5230,618,0
12.2667,-0.5164,-50.424,-0.000,-0.005,0.801,728.8,1,1.715,5230,618,0
12.2833,-0.5165,-50.420,-0.000,-0.005,0.800,728.8,1,1.715,5230,618,0
12.3000,-0.5166,-50.416,-0.000,-0.005,0.800,728.8,1,1.715,5230,618,0
12.3167,-0.5167,-50.412,-0.000,-0.005,0.800,728.8,1,1.715,5231,618,0
12.3333,-0.5168,-50.408,-0.000,-0.005,0.800,728.8,1,1.715,5231,618,0
12.3500,-0.5169,-50.404,-0.000,-0.005,0.800,728.8,1,1.715,5231,618,0
12.3667,-0.5169,-50.400,-0.000,-0.005,0.800,728.8,1,1.715,5231,618,0
12.3833,-0.5170,-50.396,-0.000,-0.005,0.800,728.8,1,1.715,5231,618,0
12.4000,-0.5171,-50.392,-0.000,-0.005,0.800,728.8,1,1.715,5231,618,0
12.4167,-0.5172,-50.389,-0.000,-0.005,0.800,728.8,1,1.715,5231,618,0
12.4333,-0.5173,-50.385,-0.000,-0.005,0.800,728.8,1,1.715,5231,618,0
12.4500,-0.5173,-50.381,-0.000,-0.005,0.800,728.8,1,1.715,5231,618,0
12.4667,-0.5174,-50.378,-0.000,-0.005,0.800,728.8,1,1.715,5230,618,0
12.4833,-0.5175,-50.374,-0.000,-0.005,0.800,728.8,1,1.715,5230,618,0
12.5000,-0.5176,-50.371,-0.000,-0.005,0.800,728.8,1,1.715,5230,618,0
12.5167,-0.5176,-50.367,-0.000,-0.005,0.800,728.8,1,1.715,5230,618,0
12.5333,-0.5177,-50.364,-0.000,-0.005,0.800,728.8,1,1.715,5230,618,0
12.5500,-0.5178,-50.360,-0.000,-0.005,0.799,728.8,1,1.715,5230,618,0
12.5667,-0.5179,-50.357,-0.000,-0.005,0.799,728.8,1,1.715,5230,618,0
12.5833,-0.5180,-50.354,-0.000,-0.005,0.799,728.8,1,1.715,5229,618,0
12.6000,-0.5180,-50.351,-0.000,-0.005,0.799,728.8,1,1.715,5229,618,0
12.6167,-0.5181,-50.348,-0.000,-0.005,0.799,728.8,1,1.715,5229,618,0
12.6333,-0.5182,-50.345,-0.000,-0.005,0.799,728.8,1,1.715,5229,618,0
12.6500,-0.5183,-50.342,-0.000,-0.005,0.799,728.8,1,1.715,5229,618,0
12.6667,-0.5183,-50.340,-0.000,-0.005,0.799,728.8,1,1.715,5229,618,0
12.6833,-0.5184,-50.337,-0.000,-0.005,0.799,728.8,1,1.715,5230,618,0
12.7000,-0.5185,-50.335,-0.000,-0.005,0.799,728.8,1,1.715,5230,618,0
12.7167,-0.5186,-50.332,-0.000,-0.005,0.799,728.8,1,1.715,5230,618,0
12.7333,-0.5187,-50.330,-0.000,-0.005,0.799,728.8,1,1.716,5230,618,0
12.7500,-0.5187,-50.327,-0.000,-0.005,0.799,728.8,1,1.716,5230,618,0
12.7667,-0.5188,-50.325,-0.000,-0.005,0.799,728.8,1,1.716,5231,618,0
12.7833,-0.5189,-50.323,-0.000,-0.005,0.799,728.8,1,1.716,5231,618,0
12.8000,-0.5190,-50.321,-0.000,-0.005,0.799,728.8,1,1.716,5231,618,0
12.8167,-0.5190,-50.319,-0.000,-0.005,0.799,728.8,1,1.716,5231,618,0
12.8333,-0.5191,-50.317,-0.000,-0.005,0.799,728.8,1,1.716,5232,618,0
12.8500,-0.5192,-50.315,-0.000,-0.005,0.799,728.8,1,1.716,5232,618,0
12.8667,-0.5193,-50.313,-0.000,-0.005,0.798,728.8,1,1.716,5232,619,0
12.8833,-0.5194,-50.311,-0.000,-0.005,0.798,728.8,1,1.716,5232,619,0
12.9000,-0.5194,-50.310,-0.000,-0.005,0.798,728.8,1,1.716,5232,619,0
12.9167,-0.5195,-50.308,-0.000,-0.005,0.798,728.8,1,1.716,5233,619,0
12.9333,-0.5196,-50.306,-0.000,-0.004,0.798,728.8,1,1.716,5233,619,0
12.9500,-0.5197,-50.305,-0.000,-0.004,0.798,728.8,1,1.716,5233,619,0
12.9667,-0.5197,-50.303,-0.000,-0.004,0.798,728.8,1,1.716,5233,619,0
12.9833,-0.5198,-50.301,-0.000,-0.004,0.798,728.8,1,1.716,5233,619,0
13.0000,-0.5199,-50.300,-0.000,-0.004,0.798,728.8,1,1.716,5233,619,0
13.0167,-0.5199,-50.298,-0.000,-0.004,0.798,728.8,1,1.716,5233,619,0
13.0333,-0.5200,-50.297,-0.000,-0.004,0.798,728.8,1,1.716,5233,619,0
13.0500,-0.5201,-50.295,-0.000,-0.004,0.798,728.8,1,1.716,5233,619,0
13.0667,-0.5202,-50.294,-0.000,-0.004,0.797,728.8,1,1.716,5233,619,0
13.0833,-0.5202,-50.292,-0.000,-0.004,0.797,728.8,1,1.716,5233,619,0
13.1000,-0.5203,-50.291,-0.000,-0.004,0.797,728.8,1,1.716,5233,620,0
13.1167,-0.5204,-50.289,-0.000,-0.004,0.797,728.8,1,1.717,5233,620,0
13.1333,-0.5204,-50.288,-0.000,-0.004,0.797,728.8,1,1.717,5233,620,0
13.1500,-0.5205,-50.286,-0.000,-0.004,0.797,728.8,1,1.717,5233,620,0
13.1667,-0.5206,-50.285,-0.000,-0.004,0.797,728.8,1,1.717,5233,620,0
13.1833,-0.5206,-50.283,-0.000,-0.004,0.797,728.8,1,1.717,5232,620,0
13.2000,-0.5207,-50.282,-0.000,-0.004,0.797,728.8,1,1.717,5232,620,0
13.2167,-0.5208,-50.280,-0.000,-0.004,0.797,728.8,1,1.717,5232,620,0
13.2333,-0.5208,-50.278,-0.000,-0.004,0.797,728.8,1,1.717,5232,620,0
13.2500,-0.5209,-50.277,-0.000,-0.004,0.796,728.8,1,1.717,5232,620,0
13.2667,-0.5210,-50.275,-0.000,-0.004,0.796,728.8,1,1.717,5232,620,0
13.2833,-0.5210,-50.274,-0.000,-0.004,0.796,728.8,1,1.717,5232,620,0
13.3000,-0.5211,-50.272,-0.000,-0.004,0.796,728.8,1,1.717,5232,620,0
13.3167,-0.5212,-50.270,-0.000,-0.004,0.796,728.8,1,1.717,5232,620,0
13.3333,-0.5213,-50.268,-0.000,-0.004,0.796,728.8,1,1.717,5232,620,0
13.3500,-0.5213,-50.267,-0.000,-0.004,0.796,728.8,1,1.717,5232,620,0
13.3667,-0.5214,-50.265,-0.000,-0.004,0.796,728.8,1,1.717,5232,620,0
13.3833,-0.5215,-50.263,-0.000,-0.004,0.796,728.8,1,1.717,5232,620,0
13.4000,-0.5215,-50.261,-0.000,-0.004,0.796,728.8,1,1.717,5232,620,0
13.4167,-0.5216,-50.259,-0.000,-0.004,0.796,728.8,1,1.717,5233,620,0
13.4333,-0.5217,-50.257,-0.000,-0.004,0.796,728.8,1,1.717,5233,620,0
13.4500,-0.5217,-50.255,-0.000,-0.004,0.796,728.8,1,1.717,5233,620,0
13.4667,-0.5218,-50.253,-0.000,-0.004,0.795,728.8,1,1.717,5233,620,0
13.4833,-0.5219,-50.251,-0.000,-0.004,0.795,728.8,1,1.717,5233,620,0
13.5000,-0.5220,-50.249,-0.000,-0.004,0.795,728.8,1,1.717,5233,620,0
13.5167,-0.5220,-50.246,-0.000,-0.004,0.795,728.8,1,1.717,5233,620,0
13.5333,-0.5221,-50.244,-0.000,-0.004,0.795,728.8,1,1.717,5233,620,0
13.5500,-0.5222,-50.242,-0.000,-0.004,0.795,728.8,1,1.718,5233,620,0
13.5667,-0.5222,-50.239,-0.000,-0.004,0.795,728.8,1,1.718,5233,620,0
13.5833,-0.5223,-50.237,-0.000,-0.004,0.795,728.8,1,1.718,5233,620,0
13.6000,-0.5224,-50.235,-0.000,-0.004,0.795,728.8,1,1.718,5234,620,0
13.6167,-0.5225,-50.232,-0.000,-0.004,0.795,728.8,1,1.718,5234,620,0
13.6333,-0.5225,-50.230,-0.000,-0.004,0.795,728.8,1,1.718,5234,620,0
13.6500,-0.5226,-50.227,-0.000,-0.004,0.795,728.8,1,1.718,5234,620,0
13.6667,-0.5227,-50.225,-0.000,-0.004,0.795,728.8,1,1.718,5234,620,0
13.6833,-0.5227,-50.222,-0.000,-0.004,0.795,728.8,1,1.718,5234,620,0
13.7000,-0.5228,-50.219,-0.000,-0.004,0.794,728.8,1,1.718,5233,620,0
13.7167,-0.5229,-50.217,-0.000,-0.004,0.794,728.8,1,1.718,5233,620,0
13.7333,-0.5229,-50.214,-0.000,-0.004,0.794,728.8,1,1.718,5233,620,0
13.7500,-0.5230,-50.211,-0.000,-0.004,0.794,728.8,1,1.718,5233,620,0
13.7667,-0.5231,-50.208,-0.000,-0.004,0.794,728.8,1,1.718,5233,620,0
13.7833,-0.5231,-50.206,-0.000,-0.004,0.794,728.8,1,1.718,5233,620,0
13.8000,-0.5232,-50.203,-0.000,-0.004,0.794,728.8,1,1.718,5233,620,0
13.8167,-0.5233,-50.200,-0.000,-0.004,0.794,728.8,1,1.718,5233,620,0
13.8333,-0.5233,-50.197,-0.000,-0.004,0.794,728.8,1,1.718,5233,620,0
13.8500,-0.5234,-50.194,-0.000,-0.004,0.794,728.8,1,1.718,5233,620,0
13.8667,-0.5235,-50.191,-0.000,-0.004,0.794,728.8,1,1.718,5233,620,0
13.8833,-0.5236,-50.188,-0.000,-0.004,0.794,728.8,1,1.718,5233,620,0
13.9000,-0.5236,-50.185,-0.000,-0.004,0.794,728.8,1,1.718,5233,620,0
13.9167,-0.5237,-50.182,-0.000,-0.004,0.794,728.8,1,1.718,5233,620,0
13.9333,-0.5238,-50.180,-0.000,-0.004,0.794,728.8,1,1.718,5233,620,0
13.9500,-0.5238,-50.177,-0.000,-0.004,0.794,728.8,1,1.718,5233,620,0
13.9667,-0.5239,-50.174,-0.000,-0.004,0.794,728.8,1,1.718,5233,620,0
13.9833,-0.5240,-50.171,-0.000,-0.004,0.794,728.8,1,1.718,5233,620,0
14.0000,-0.5240,-50.168,-0.000,-0.004,0.793,728.8,1,1.718,5233,620,0
14.0167,-0.5241,-50.165,-0.000,-0.004,0.793,728.8,1,1.718,5234,620,0
14.0333,-0.5242,-50.162,-0.000,-0.004,0.793,728.8,1,1.718,5234,620,0
14.0500,-0.5242,-50.159,-0.000,-0.004,0.793,728.8,1,1.718,5234,620,0
14.0667,-0.5243,-50.156,-0.000,-0.004,0.793,728.8,1,1.718,5234,620,0
14.0833,-0.5244,-50.153,-0.000,-0.004,0.793,728.8,1,1.718,5234,620,0
14.1000,-0.5245,-50.150,-0.000,-0.004,0.793,728.8,1,1.718,5234,620,0
14.1167,-0.5245,-50.147,-0.000,-0.004,0.793,728.8,1,1.718,5234,620,0
14.1333,-0.5246,-50.144,-0.000,-0.004,0.793,728.8,1,1.718,5234,620,0
14.1500,-0.5247,-50.142,-0.000,-0.004,0.793,728.8,1,1.718,5234,620,0
14.1667,-0.5247,-50.139,-0.000,-0.004,0.793,728.8,1,1.718,5234,620,0
14.1833,-0.5248,-50.136,-0.000,-0.004,0.793,728.8,1,1.718,5234,620,0
14.2000,-0.5249,-50.133,-0.000,-0.004,0.793,728.8,1,1.718,5235,620,0
14.2167,-0.5249,-50.130,-0.000,-0.004,0.793,728.8,1,1.718,5235,620,0
14.2333,-0.5250,-50.127,-0.000,-0.004,0.793,728.8,1,1.718,5235,620,0
14.2500,-0.5251,-50.125,-0.000,-0.004,0.793,728.8,1,1.718,5235,620,0
14.2667,-0.5251,-50.122,-0.000,-0.004,0.793,728.8,1,1.718,5235,620,0
14.2833,-0.5252,-50.119,-0.000,-0.004,0.793,728.8,1,1.718,5235,620,0
14.3000,-0.5253,-50.116,-0.000,-0.004,0.793,728.8,1,1.718,5235,620,0
14.3167,-0.5253,-50.114,-0.000,-0.004,0.793,728.8,1,1.718,5235,620,0
14.3333,-0.5254,-50.111,-0.000,-0.004,0.793,728.8,1,1.718,5235,620,0
14.3500,-0.5255,-50.108,-0.000,-0.004,0.793,728.8,1,1.718,5235,620,0
14.3667,-0.5255,-50.105,-0.000,-0.004,0.793,728.8,1,1.719,5235,620,0
14.3833,-0.5256,-50.103,-0.000,-0.004,0.793,728.8,1,1.719,5235,620,0
14.4000,-0.5257,-50.100,-0.000,-0.004,0.793,728.8,1,1.719,5235,620,0
14.4167,-0.5257,-50.098,-0.000,-0.004,0.792,728.8,1,1.719,5235,620,0
14.4333,-0.5258,-50.095,-0.000,-0.004,0.792,728.8,1,1.719,5235,620,0
14.4500,-0.5259,-50.092,-0.000,-0.004,0.792,728.8,1,1.719,5235,620,0
14.4667,-0.5259,-50.090,-0.000,-0.004,0.792,728.8,1,1.719,5235,620,0
14.4833,-0.5260,-50.087,-0.000,-0.004,0.792,728.8,1,1.719,5235,620,0
14.5000,-0.5261,-50.085,-0.000,-0.004,0.792,728.8,1,1.719,5235,620,0
14.5167,-0.5261,-50.082,-0.000,-0.004,0.792,728.8,1,1.719,5235,620,0
14.5333,-0.5262,-50.080,-0.000,-0.004,0.792,728.8,1,1.719,5235,620,0
14.5500,-0.5263,-50.077,-0.000,-0.004,0.792,728.8,1,1.719,5235,620,0
14.5667,-0.5263,-50.075,-0.000,-0.004,0.792,728.8,1,1.719,5235,620,0
14.5833,-0.5264,-50.072,-0.000,-0.004,0.792,728.8,1,1.719,5235,620,0
14.6000,-0.5265,-50.070,-0.000,-0.004,0.792,728.8,1,1.719,5235,620,0
14.6167,-0.5265,-50.067,-0.000,-0.004,0.792,728.8,1,1.719,5235,621,0
14.6333,-0.5266,-50.065,-0.000,-0.004,0.792,728.8,1,1.719,5235,621,0
14.6500,-0.5267,-50.062,-0.000,-0.004,0.792,728.8,1,1.719,5236,621,0
14.6667,-0.5267,-50.060,-0.000,-0.004,0.792,728.8,1,1.719,5236,621,0
14.6833,-0.5268,-50.057,-0.000,-0.004,0.792,728.8,1,1.719,5236,621,0
14.7000,-0.5269,-50.055,-0.000,-0.004,0.792,728.8,1,1.719,5236,621,0
14.7167,-0.5269,-50.052,-0.000,-0.004,0.792,728.8,1,1.719,5236,621,0
14.7333,-0.5270,-50.050,-0.000,-0.004,0.792,728.8,1,1.719,5236,621,0
14.7500,-0.5271,-50.048,-0.000,-0.004,0.792,728.8,1,1.719,5236,621,0
14.7667,-0.5271,-50.045,-0.000,-0.004,0.792,728.8,1,1.719,5236,621,0
14.7833,-0.5272,-50.043,-0.000,-0.004,0.792,728.8,1,1.719,5236,621,0
14.8000,-0.5272,-50.040,-0.000,-0.004,0.792,728.8,1,1.719,5236,621,0
14.8167,-0.5273,-50.038,-0.000,-0.004,0.792,728.8,1,1.719,5236,621,0
14.8333,-0.5274,-50.035,-0.000,-0.004,0.791,728.8,1,1.719,5236,621,0
14.8500,-0.5274,-50.033,-0.000,-0.004,0.791,728.8,1,1.719,5236,621,0
14.8667,-0.5275,-50.031,-0.000,-0.004,0.791,728.8,1,1.719,5236,621,0
14.8833,-0.5276,-50.028,-0.000,-0.004,0.791,728.8,1,1.719,5236,621,0
14.9000,-0.5276,-50.026,-0.000,-0.004,0.791,728.8,1,1.719,5236,621,0
14.9167,-0.5277,-50.023,-0.000,-0.004,0.791,728.8,1,1.719,5236,621,0
14.9333,-0.5278,-50.021,-0.000,-0.004,0.791,728.8,1,1.719,5236,621,0
14.9500,-0.5278,-50.018,-0.000,-0.004,0.791,728.8,1,1.719,5236,621,0
14.9667,-0.5279,-50.016,-0.000,-0.004,0.791,728.8,1,1.719,5236,621,0
14.9833,-0.5280,-50.013,-0.000,-0.004,0.791,728.8,1,1.719,5236,621,0
15.0000,-0.5280,-50.011,-0.000,-0.004,0.791,728.8,1,1.719,5237,621,0
15.0167,-0.5281,-50.008,-0.000,-0.004,0.791,728.8,1,1.719,5237,621,0
15.0333,-0.5281,-50.006,-0.000,-0.004,0.791,728.8,1,1.719,5237,621,0
15.0500,-0.5282,-50.003,-0.000,-0.004,0.791,728.8,1,1.719,5237,621,0
15.0667,-0.5283,-50.001,-0.000,-0.004,0.791,728.8,1,1.719,5237,621,0
15.0833,-0.5283,-49.998,-0.000,-0.004,0.791,728.8,1,1.719,5237,621,0
15.1000,-0.5284,-49.995,-0.000,-0.004,0.791,728.8,1,1.719,5237,621,0
15.1167,-0.5285,-49.993,-0.000,-0.004,0.791,728.8,1,1.719,5237,621,0
15.1333,-0.5285,-49.990,-0.000,-0.004,0.791,728.8,1,1.719,5237,621,0
15.1500,-0.5286,-49.987,-0.000,-0.004,0.791,728.8,1,1.719,5237,621,0
15.1667,-0.5287,-49.985,-0.000,-0.004,0.791,728.8,1,1.720,5237,621,0
15.1833,-0.5287,-49.982,-0.000,-0.004,0.791,728.8,1,1.720,5237,621,0
15.2000,-0.5288,-49.979,-0.000,-0.004,0.791,728.8,1,1.720,5237,621,0
15.2167,-0.5288,-49.977,-0.000,-0.004,0.791,728.8,1,1.720,5237,621,0
15.2333,-0.5289,-49.974,-0.000,-0.004,0.791,728.8,1,1.720,5237,621,0
15.2500,-0.5290,-49.971,-0.000,-0.004,0.790,728.8,1,1.720,5237,621,0
15.2667,-0.5290,-49.969,-0.000,-0.004,0.790,728.8,1,1.720,5237,621,0
15.2833,-0.5291,-49.966,-0.000,-0.004,0.790,728.8,1,1.720,5237,621,0
15.3000,-0.5292,-49.963,-0.000,-0.004,0.790,728.8,1,1.720,5237,621,0
15.3167,-0.5292,-49.960,-0.000,-0.004,0.790,728.8,1,1.720,5237,621,0
15.3333,-0.5293,-49.958,-0.000,-0.004,0.790,728.8,1,1.720,5237,621,0
15.3500,-0.5294,-49.955,-0.000,-0.004,0.790,728.8,1,1.720,5237,621,0
15.3667,-0.5294,-49.952,-0.000,-0.004,0.790,728.8,1,1.720,5237,621,0
15.3833,-0.5295,-49.949,-0.000,-0.004,0.790,728.8,1,1.720,5237,621,0
15.4000,-0.5295,-49.946,-0.000,-0.004,0.790,728.8,1,1.720,5237,621,0
15.4167,-0.5296,-49.943,-0.000,-0.004,0.790,728.8,1,1.720,5237,621,0
15.4333,-0.5297,-49.941,-0.000,-0.004,0.790,728.8,1,1.720,5237,621,0
15.4500,-0.5297,-49.938,-0.000,-0.004,0.790,728.8,1,1.720,5237,621,0
15.4667,-0.5298,-49.935,-0.000,-0.004,0.790,728.8,1,1.720,5237,621,0
15.4833,-0.5299,-49.932,-0.000,-0.004,0.790,728.8,1,1.720,5238,622,0
15.5000,-0.5299,-49.929,-0.000,-0.004,0.790,728.8,1,1.720,5238,622,0
15.5167,-0.5300,-49.926,-0.000,-0.004,0.790,728.8,1,1.720,5238,622,0
15.5333,-0.5301,-49.923,-0.000,-0.004,0.790,728.8,1,1.720,5238,622,0
15.5500,-0.5301,-49.920,-0.000,-0.004,0.790,728.8,1,1.720,5238,622,0
15.5667,-0.5302,-49.917,-0.000,-0.004,0.790,728.8,1,1.720,5238,622,0
15.5833,-0.5302,-49.914,-0.000,-0.004,0.790,728.8,1,1.720,5238,622,0
15.6000,-0.5303,-49.911,-0.000,-0.004,0.790,728.8,1,1.720,5238,622,0
15.6167,-0.5304,-49.908,-0.000,-0.004,0.790,728.8,1,1.720,5238,622,0
15.6333,-0.5304,-49.905,-0.000,-0.004,0.790,728.8,1,1.720,5238,622,0
15.6500,-0.5305,-49.902,-0.000,-0.004,0.790,728.8,1,1.720,5238,622,0
15.6667,-0.5306,-49.899,-0.000,-0.004,0.790,728.8,1,1.720,5238,622,0
15.6833,-0.5306,-49.896,-0.000,-0.004,0.790,728.8,1,1.720,5238,622,0
15.7000,-0.5307,-49.893,-0.000,-0.004,0.790,728.8,1,1.720,5238,622,0
15.7167,-0.5307,-49.890,-0.000,-0.004,0.790,728.8,1,1.720,5238,622,0
15.7333,-0.5308,-49.887,-0.000,-0.004,0.790,728.8,1,1.720,5238,622,0
15.7500,-0.5309,-49.884,-0.000,-0.004,0.790,728.8,1,1.720,5238,622,0
15.7667,-0.5309,-49.881,-0.000,-0.004,0.790,728.8,1,1.720,5238,622,0
15.7833,-0.5310,-49.878,-0.000,-0.004,0.790,728.8,1,1.720,5238,622,0
15.8000,-0.5311,-49.875,-0.000,-0.004,0.790,728.8,1,1.720,5238,622,0
15.8167,-0.5311,-49.872,-0.000,-0.004,0.790,728.8,1,1.720,5238,622,0
15.8333,-0.5312,-49.869,-0.000,-0.004,0.790,728.8,1,1.720,5238,622,0
15.8500,-0.5312,-49.866,-0.000,-0.004,0.790,728.8,1,1.720,5238,622,0
15.8667,-0.5313,-49.864,-0.000,-0.004,0.790,728.8,1,1.720,5238,622,0
15.8833,-0.5314,-49.861,-0.000,-0.004,0.789,728.8,1,1.720,5238,622,0
15.9000,-0.5314,-49.858,-0.000,-0.004,0.789,728.8,1,1.720,5238,622,0
15.9167,-0.5315,-49.855,-0.000,-0.004,0.789,728.8,1,1.720,5238,622,0
15.9333,-0.5316,-49.852,-0.000,-0.004,0.789,728.8,1,1.720,5239,622,0
15.9500,-0.5316,-49.849,-0.000,-0.004,0.789,728.8,1,1.720,5239,622,0
15.9667,-0.5317,-49.846,-0.000,-0.004,0.789,728.8,1,1.720,5239,622,0
15.9833,-0.5317,-49.843,-0.000,-0.004,0.789,728.8,1,1.720,5239,622,0
16.0000,-0.5318,-49.840,-0.000,-0.004,0.789,728.8,1,1.720,5239,622,0
16.0167,-0.5319,-49.837,-0.000,-0.004,0.789,728.8,1,1.720,5239,622,0
16.0333,-0.5319,-49.834,-0.000,-0.004,0.789,728.8,1,1.720,5239,622,0
16.0500,-0.5320,-49.831,-0.000,-0.004,0.789,728.8,1,1.720,5239,622,0
16.0667,-0.5320,-49.828,-0.000,-0.004,0.789,728.8,1,1.720,5239,622,0
16.0833,-0.5321,-49.825,-0.000,-0.004,0.789,728.8,1,1.720,5239,622,0
16.1000,-0.5322,-49.822,-0.000,-0.004,0.789,728.8,1,1.720,5239,622,0
16.1167,-0.5322,-49.819,-0.000,-0.004,0.789,728.8,1,1.720,5239,622,0
16.1333,-0.5323,-49.816,-0.000,-0.004,0.789,728.8,1,1.720,5239,622,0
16.1500,-0.5323,-49.814,-0.000,-0.004,0.789,728.8,1,1.720,5239,622,0
16.1667,-0.5324,-49.811,-0.000,-0.004,0.789,728.8,1,1.720,5239,622,0
16.1833,-0.5325,-49.808,-0.000,-0.004,0.789,728.8,1,1.720,5239,622,0
16.2000,-0.5325,-49.805,-0.000,-0.004,0.789,728.8,1,1.720,5239,622,0
16.2167,-0.5326,-49.802,-0.000,-0.004,0.789,728.8,1,1.720,5239,622,0
16.2333,-0.5327,-49.799,-0.000,-0.004,0.789,728.8,1,1.720,5239,622,0
16.2500,-0.5327,-49.796,-0.000,-0.004,0.789,728.8,1,1.720,5239,622,0
16.2667,-0.5328,-49.793,-0.000,-0.004,0.789,728.8,1,1.720,5240,622,0
16.2833,-0.5328,-49.791,-0.000,-0.004,0.789,728.8,1,1.720,5240,622,0
16.3000,-0.5329,-49.788,-0.000,-0.004,0.789,728.8,1,1.720,5240,622,0
16.3167,-0.5330,-49.785,-0.000,-0.004,0.789,728.8,1,1.720,5240,622,0
16.3333,-0.5330,-49.782,-0.000,-0.004,0.789,728.8,1,1.720,5240,623,0
16.3500,-0.5331,-49.779,-0.000,-0.004,0.789,728.8,1,1.720,5240,623,0
16.3667,-0.5331,-49.776,-0.000,-0.004,0.789,728.8,1,1.720,5240,623,0
16.3833,-0.5332,-49.773,-0.000,-0.004,0.789,728.8,1,1.720,5240,623,0
16.4000,-0.5333,-49.771,-0.000,-0.004,0.789,728.8,1,1.720,5240,623,0
16.4167,-0.5333,-49.768,-0.000,-0.004,0.789,728.8,1,1.720,5240,623,0
16.4333,-0.5334,-49.765,-0.000,-0.004,0.789,728.8,1,1.720,5240,623,0
16.4500,-0.5334,-49.762,-0.000,-0.004,0.789,728.8,1,1.720,5240,623,0
16.4667,-0.5335,-49.759,-0.000,-0.004,0.789,728.8,1,1.720,5240,623,0
16.4833,-0.5335,-49.757,-0.000,-0.004,0.789,728.8,1,1.720,5240,623,0
16.5000,-0.5336,-49.754,-0.000,-0.004,0.789,728.8,1,1.720,5240,623,0
16.5167,-0.5337,-49.751,-0.000,-0.004,0.789,728.8,1,1.720,5240,623,0
16.5333,-0.5337,-49.748,-0.000,-0.004,0.789,728.8,1,1.720,5240,623,0
16.5500,-0.5338,-49.745,-0.000,-0.004,0.789,728.8,1,1.720,5240,623,0
16.5667,-0.5338,-49.742,-0.000,-0.004,0.789,728.8,1,1.720,5240,623,0
16.5833,-0.5339,-49.740,-0.000,-0.004,0.789,728.8,1,1.720,5240,623,0
16.6000,-0.5340,-49.737,-0.000,-0.004,0.789,728.8,1,1.720,5240,623,0
16.6167,-0.5340,-49.734,-0.000,-0.004,0.789,728.8,1,1.720,5240,623,0
16.6333,-0.5341,-49.731,-0.000,-0.004,0.789,728.8,1,1.720,5240,623,0
16.6500,-0.5341,-49.728,-0.000,-0.004,0.789,728.8,1,1.720,5240,623,0
16.6667,-0.5342,-49.725,-0.000,-0.004,0.789,728.8,1,1.720,5240,623,0
16.6833,-0.5343,-49.723,-0.000,-0.004,0.789,728.8,1,1.720,5240,623,0
16.7000,-0.5343,-49.720,-0.000,-0.004,0.789,728.8,1,1.720,5240,623,0
16.7167,-0.5344,-49.717,-0.000,-0.004,0.789,728.8,1,1.721,5241,623,0
16.7333,-0.5344,-49.714,-0.000,-0.004,0.789,728.8,1,1.721,5241,623,0
16.7500,-0.5345,-49.711,-0.000,-0.004,0.789,728.8,1,1.721,5241,623,0
16.7667,-0.5345,-49.708,-0.000,-0.004,0.789,728.8,1,1.721,5241,623,0
16.7833,-0.5346,-49.705,-0.000,-0.004,0.789,728.8,1,1.721,5241,623,0
16.8000,-0.5347,-49.703,-0.000,-0.004,0.789,728.8,1,1.721,5241,623,0
16.8167,-0.5347,-49.700,-0.000,-0.004,0.788,728.8,1,1.721,5241,623,0
16.8333,-0.5348,-49.697,-0.000,-0.004,0.788,728.8,1,1.721,5241,623,0
16.8500,-0.5348,-49.694,-0.000,-0.004,0.788,728.8,1,1.721,5241,623,0
16.8667,-0.5349,-49.691,-0.000,-0.003,0.788,728.8,1,1.721,5241,623,0
16.8833,-0.5350,-49.688,-0.000,-0.003,0.788,728.8,1,1.721,5241,623,0
16.9000,-0.5350,-49.685,-0.000,-0.003,0.788,728.8,1,1.721,5241,623,0
16.9167,-0.5351,-49.682,-0.000,-0.003,0.788,728.8,1,1.721,5241,623,0
16.9333,-0.5351,-49.679,-0.000,-0.003,0.788,728.8,1,1.721,5241,623,0
16.9500,-0.5352,-49.677,-0.000,-0.003,0.788,728.8,1,1.721,5241,623,0
16.9667,-0.5352,-49.674,-0.000,-0.003,0.788,728.8,1,1.721,5241,623,0
16.9833,-0.5353,-49.671,-0.000,-0.003,0.788,728.8,1,1.721,5241,623,0
17.0000,-0.5354,-49.668,-0.000,-0.003,0.788,728.8,1,1.721,5241,623,0
17.0167,-0.5354,-49.665,-0.000,-0.003,0.788,728.8,1,1.721,5241,623,0
17.0333,-0.5355,-49.662,-0.000,-0.003,0.788,728.8,1,1.721,5241,623,0
17.0500,-0.5355,-49.659,-0.000,-0.003,0.788,728.8,1,1.721,5241,623,0
17.0667,-0.5356,-49.656,-0.000,-0.003,0.788,728.8,1,1.721,5241,623,0
17.0833,-0.5357,-49.653,-0.000,-0.003,0.788,728.8,1,1.721,5241,623,0
17.1000,-0.5357,-49.650,-0.000,-0.003,0.788,728.8,1,1.721,5241,623,0
17.1167,-0.5358,-49.647,-0.000,-0.003,0.788,728.8,1,1.721,5241,623,0
17.1333,-0.5358,-49.644,-0.000,-0.003,0.788,728.8,1,1.721,5241,623,0
17.1500,-0.5359,-49.641,-0.000,-0.003,0.788,728.8,1,1.721,5241,623,0
17.1667,-0.5359,-49.638,-0.000,-0.003,0.788,728.8,1,1.721,5242,623,0
17.1833,-0.5360,-49.635,-0.000,-0.003,0.788,728.8,1,1.721,5242,624,0
17.2000,-0.5361,-49.632,-0.000,-0.003,0.788,728.8,1,1.721,5242,624,0
17.2167,-0.5361,-49.629,-0.000,-0.003,0.788,728.8,1,1.721,5242,624,0
17.2333,-0.5362,-49.626,-0.000,-0.003,0.788,728.8,1,1.721,5242,624,0
17.2500,-0.5362,-49.623,-0.000,-0.003,0.788,728.8,1,1.721,5242,624,0
17.2667,-0.5363,-49.620,-0.000,-0.003,0.788,728.8,1,1.721,5242,624,0
17.2833,-0.5363,-49.617,-0.000,-0.003,0.788,728.8,1,1.721,5242,624,0
17.3000,-0.5364,-49.614,-0.000,-0.003,0.788,728.8,1,1.721,5242,624,0
17.3167,-0.5365,-49.611,-0.000,-0.003,0.788,728.8,1,1.721,5242,624,0
17.3333,-0.5365,-49.608,-0.000,-0.003,0.788,728.8,1,1.721,5242,624,0
17.3500,-0.5366,-49.605,-0.000,-0.003,0.788,728.8,1,1.721,5242,624,0
17.3667,-0.5366,-49.602,-0.000,-0.003,0.788,728.8,1,1.721,5242,624,0
17.3833,-0.5367,-49.599,-0.000,-0.003,0.788,728.8,1,1.721,5242,624,0
17.4000,-0.5367,-49.596,-0.000,-0.003,0.788,728.8,1,1.721,5242,624,0
17.4167,-0.5368,-49.593,-0.000,-0.003,0.788,728.8,1,1.721,5242,624,0
17.4333,-0.5369,-49.590,-0.000,-0.003,0.788,728.8,1,1.721,5242,624,0
17.4500,-0.5369,-49.586,-0.000,-0.003,0.788,728.8,1,1.721,5242,624,0
17.4667,-0.5370,-49.583,-0.000,-0.003,0.788,728.8,1,1.721,5242,624,0
17.4833,-0.5370,-49.580,-0.000,-0.003,0.788,728.8,1,1.721,5242,624,0
17.5000,-0.5371,-49.577,-0.000,-0.003,0.788,728.8,1,1.721,5242,624,0
17.5167,-0.5372,-49.574,-0.000,-0.003,0.788,728.8,1,1.721,5242,624,0
17.5333,-0.5372,-49.571,-0.000,-0.003,0.788,728.8,1,1.721,5242,624,0
17.5500,-0.5373,-49.568,-0.000,-0.003,0.788,728.8,1,1.721,5242,624,0
17.5667,-0.5373,-49.565,-0.000,-0.003,0.788,728.8,1,1.721,5242,624,0
17.5833,-0.5374,-49.562,-0.000,-0.003,0.788,728.8,1,1.721,5243,624,0
17.6000,-0.5374,-49.559,-0.000,-0.003,0.788,728.8,1,1.721,5243,624,0
17.6167,-0.5375,-49.556,-0.000,-0.003,0.788,728.8,1,1.721,5243,624,0
17.6333,-0.5376,-49.552,-0.000,-0.003,0.788,728.8,1,1.721,5243,624,0
17.6500,-0.5376,-49.549,-0.000,-0.003,0.788,728.8,1,1.721,5243,624,0
17.6667,-0.5377,-49.546,-0.000,-0.003,0.788,728.8,1,1.721,5243,624,0
17.6833,-0.5377,-49.543,-0.000,-0.003,0.788,728.8,1,1.721,5243,624,0
17.7000,-0.5378,-49.540,-0.000,-0.003,0.788,728.8,1,1.721,5243,624,0
17.7167,-0.5378,-49.537,-0.000,-0.003,0.788,728.8,1,1.721,5243,624,0
17.7333,-0.5379,-49.534,-0.000,-0.003,0.788,728.8,1,1.721,5243,624,0
17.7500,-0.5380,-49.531,-0.000,-0.003,0.788,728.8,1,1.721,5243,624,0
17.7667,-0.5380,-49.527,-0.000,-0.003,0.788,728.8,1,1.721,5243,624,0
17.7833,-0.5381,-49.524,-0.000,-0.003,0.788,728.8,1,1.721,5243,624,0
17.8000,-0.5381,-49.521,-0.000,-0.003,0.788,728.8,1,1.721,5243,624,0
17.8167,-0.5382,-49.518,-0.000,-0.003,0.788,728.8,1,1.721,5243,624,0
17.8333,-0.5382,-49.515,-0.000,-0.003,0.788,728.8,1,1.721,5243,624,0
17.8500,-0.5383,-49.512,-0.000,-0.003,0.788,728.8,1,1.721,5243,624,0
17.8667,-0.5384,-49.509,-0.000,-0.003,0.788,728.8,1,1.721,5243,624,0
17.8833,-0.5384,-49.505,-0.000,-0.003,0.788,728.8,1,1.721,5243,624,0
17.9000,-0.5385,-49.502,-0.000,-0.003,0.788,728.8,1,1.721,5243,624,0
17.9167,-0.5385,-49.499,-0.000,-0.003,0.788,728.8,1,1.721,5243,624,0
17.9333,-0.5386,-49.496,-0.000,-0.003,0.788,728.8,1,1.721,5243,624,0
17.9500,-0.5386,-49.493,-0.000,-0.003,0.788,728.8,1,1.721,5243,624,0
17.9667,-0.5387,-49.490,-0.000,-0.003,0.788,728.8,1,1.721,5243,624,0
17.9833,-0.5388,-49.487,-0.000,-0.003,0.788,728.8,1,1.721,5243,624,0
18.0000,-0.5388,-49.483,-0.000,-0.003,0.788,728.8,1,1.721,5243,624,0
18.0167,-0.5389,-49.480,-0.000,-0.003,0.788,728.8,1,1.721,5244,624,0
18.0333,-0.5389,-49.477,-0.000,-0.003,0.788,728.8,1,1.721,5244,625,0
18.0500,-0.5390,-49.474,-0.000,-0.003,0.788,728.8,1,1.721,5244,625,0
18.0667,-0.5390,-49.471,-0.000,-0.003,0.788,728.8,1,1.721,5244,625,0
18.0833,-0.5391,-49.467,-0.000,-0.003,0.788,728.8,1,1.721,5244,625,0
18.1000,-0.5392,-49.464,-0.000,-0.003,0.788,728.8,1,1.721,5244,625,0
18.1167,-0.5392,-49.461,-0.000,-0.003,0.788,728.8,1,1.721,5244,625,0
18.1333,-0.5393,-49.458,-0.000,-0.003,0.788,728.8,1,1.721,5244,625,0
18.1500,-0.5393,-49.455,-0.000,-0.003,0.788,728.8,1,1.721,5244,625,0
18.1667,-0.5394,-49.452,-0.000,-0.003,0.788,728.8,1,1.721,5244,625,0
18.1833,-0.5394,-49.448,-0.000,-0.003,0.788,728.8,1,1.721,5244,625,0
18.2000,-0.5395,-49.445,-0.000,-0.003,0.788,728.8,1,1.721,5244,625,0
18.2167,-0.5396,-49.442,-0.000,-0.003,0.788,728.8,1,1.721,5244,625,0
18.2333,-0.5396,-49.439,-0.000,-0.003,0.788,728.8,1,1.721,5244,625,0
18.2500,-0.5397,-49.436,-0.000,-0.003,0.788,728.8,1,1.721,5244,625,0
18.2667,-0.5397,-49.432,-0.000,-0.003,0.788,728.8,1,1.721,5244,625,0
18.2833,-0.5398,-49.429,-0.000,-0.003,0.788,728.8,1,1.721,5244,625,0
18.3000,-0.5398,-49.426,-0.000,-0.003,0.788,728.8,1,1.721,5244,625,0
18.3167,-0.5399,-49.423,-0.000,-0.003,0.788,728.8,1,1.721,5244,625,0
18.3333,-0.5400,-49.419,-0.000,-0.003,0.788,728.8,1,1.721,5244,625,0
18.3500,-0.5400,-49.416,-0.000,-0.003,0.788,728.8,1,1.721,5244,625,0
18.3667,-0.5401,-49.413,-0.000,-0.003,0.788,728.8,1,1.721,5244,625,0
18.3833,-0.5401,-49.410,-0.000,-0.003,0.788,728.8,1,1.721,5244,625,0
18.4000,-0.5402,-49.406,-0.000,-0.003,0.788,728.8,1,1.721,5244,625,0
18.4167,-0.5402,-49.403,-0.000,-0.003,0.788,728.8,1,1.721,5244,625,0
18.4333,-0.5403,-49.400,-0.000,-0.003,0.788,728.8,1,1.721,5245,625,0
18.4500,-0.5403,-49.397,-0.000,-0.003,0.788,728.8,1,1.721,5245,625,0
18.4667,-0.5404,-49.393,-0.000,-0.003,0.788,728.8,1,1.721,5245,625,0
18.4833,-0.5405,-49.390,-0.000,-0.003,0.788,728.8,1,1.721,5245,625,0
18.5000,-0.5405,-49.387,-0.000,-0.003,0.788,728.8,1,1.721,5245,625,0
18.5167,-0.5406,-49.384,-0.000,-0.003,0.788,728.8,1,1.721,5245,625,0
18.5333,-0.5406,-49.380,-0.000,-0.003,0.788,728.8,1,1.721,5245,625,0
18.5500,-0.5407,-49.377,-0.000,-0.003,0.788,728.8,1,1.721,5245,625,0
18.5667,-0.5407,-49.374,-0.000,-0.003,0.788,728.8,1,1.721,5245,625,0
18.5833,-0.5408,-49.370,-0.000,-0.003,0.788,728.8,1,1.721,5245,625,0
18.6000,-0.5409,-49.367,-0.000,-0.003,0.788,728.8,1,1.721,5245,625,0
18.6167,-0.5409,-49.364,-0.000,-0.003,0.788,728.8,1,1.721,5245,625,0
18.6333,-0.5410,-49.360,-0.000,-0.003,0.788,728.8,1,1.721,5245,625,0
18.6500,-0.5410,-49.357,-0.000,-0.003,0.788,728.8,1,1.721,5245,625,0
18.6667,-0.5411,-49.354,-0.000,-0.003,0.788,728.8,1,1.721,5245,625,0
18.6833,-0.5411,-49.350,-0.000,-0.003,0.788,728.8,1,1.721,5245,625,0
18.7000,-0.5412,-49.347,-0.000,-0.003,0.788,728.8,1,1.721,5245,625,0
18.7167,-0.5413,-49.344,-0.000,-0.003,0.788,728.8,1,1.721,5245,625,0
18.7333,-0.5413,-49.340,-0.000,-0.003,0.788,728.8,1,1.721,5245,625,0
18.7500,-0.5414,-49.337,-0.000,-0.003,0.788,728.8,1,1.721,5245,625,0
18.7667,-0.5414,-49.334,-0.000,-0.003,0.788,728.8,1,1.721,5245,625,0
18.7833,-0.5415,-49.330,-0.000,-0.003,0.788,728.8,1,1.721,5245,625,0
18.8000,-0.5415,-49.327,-0.000,-0.003,0.788,728.8,1,1.721,5245,625,0
18.8167,-0.5416,-49.324,-0.000,-0.003,0.788,728.8,1,1.721,5245,625,0
18.8333,-0.5417,-49.320,-0.000,-0.003,0.788,728.8,1,1.721,5245,625,0
18.8500,-0.5417,-49.317,-0.000,-0.003,0.788,728.8,1,1.721,5245,626,0
18.8667,-0.5418,-49.313,-0.000,-0.003,0.788,728.8,1,1.721,5246,626,0
18.8833,-0.5418,-49.310,-0.000,-0.003,0.788,728.8,1,1.721,5246,626,0
18.9000,-0.5419,-49.306,-0.000,-0.003,0.788,728.8,1,1.721,5246,626,0
18.9167,-0.5419,-49.303,-0.000,-0.003,0.788,728.8,1,1.721,5246,626,0
18.9333,-0.5420,-49.300,-0.000,-0.003,0.788,728.8,1,1.721,5246,626,0
18.9500,-0.5421,-49.296,-0.000,-0.003,0.788,728.8,1,1.721,5246,626,0
18.9667,-0.5421,-49.293,-0.000,-0.003,0.788,728.8,1,1.721,5246,626,0
18.9833,-0.5422,-49.289,-0.000,-0.003,0.788,728.8,1,1.721,5246,626,0
19.0000,-0.5422,-49.286,-0.000,-0.003,0.788,728.8,1,1.721,5246,626,0
19.0167,-0.5423,-49.282,-0.000,-0.003,0.788,728.8,1,1.721,5246,626,0
19.0333,-0.5423,-49.279,-0.000,-0.003,0.788,728.8,1,1.721,5246,626,0
19.0500,-0.5424,-49.275,-0.000,-0.003,0.788,728.8,1,1.721,5246,626,0
19.0667,-0.5425,-49.272,-0.000,-0.003,0.788,728.8,1,1.721,5246,626,0
19.0833,-0.5425,-49.268,-0.000,-0.003,0.788,728.8,1,1.721,5246,626,0
19.1000,-0.5426,-49.265,-0.000,-0.003,0.788,728.8,1,1.721,5246,626,0
19.1167,-0.5426,-49.261,-0.000,-0.003,0.788,728.8,1,1.721,5246,626,0
19.1333,-0.5427,-49.258,-0.000,-0.003,0.788,728.8,1,1.721,5246,626,0
19.1500,-0.5427,-49.254,-0.000,-0.003,0.788,728.8,1,1.721,5246,626,0
19.1667,-0.5428,-49.251,-0.000,-0.003,0.788,728.8,1,1.721,5246,626,0
19.1833,-0.5429,-49.247,-0.000,-0.003,0.788,728.8,1,1.721,5246,626,0
19.2000,-0.5429,-49.244,-0.000,-0.003,0.788,728.8,1,1.721,5246,626,0
19.2167,-0.5430,-49.240,-0.000,-0.003,0.788,728.8,1,1.721,5246,626,0
19.2333,-0.5430,-49.237,-0.000,-0.003,0.789,728.8,1,1.721,5246,626,0
19.2500,-0.5431,-49.233,-0.000,-0.003,0.789,728.8,1,1.721,5246,626,0
19.2667,-0.5431,-49.229,-0.000,-0.003,0.789,728.8,1,1.721,5246,626,0
19.2833,-0.5432,-49.226,-0.000,-0.003,0.789,728.8,1,1.721,5247,626,0
19.3000,-0.5433,-49.222,-0.000,-0.003,0.789,728.8,1,1.721,5247,626,0
19.3167,-0.5433,-49.219,-0.000,-0.003,0.789,728.8,1,1.721,5247,626,0
19.3333,-0.5434,-49.215,-0.000,-0.003,0.789,728.8,1,1.721,5247,626,0
19.3500,-0.5434,-49.211,-0.000,-0.003,0.789,728.8,1,1.721,5247,626,0
19.3667,-0.5435,-49.208,-0.000,-0.003,0.789,728.8,1,1.721,5247,626,0
19.3833,-0.5436,-49.204,-0.000,-0.003,0.789,728.8,1,1.721,5247,626,0
19.4000,-0.5436,-49.200,-0.000,-0.003,0.789,728.8,1,1.721,5247,626,0
19.4167,-0.5437,-49.197,-0.000,-0.003,0.789,728.8,1,1.721,5247,626,0
19.4333,-0.5437,-49.193,-0.000,-0.003,0.789,728.8,1,1.721,5247,626,0
19.4500,-0.5438,-49.189,-0.000,-0.003,0.789,728.8,1,1.721,5247,626,0
19.4667,-0.5438,-49.186,-0.000,-0.003,0.789,728.8,1,1.721,5247,626,0
19.4833,-0.5439,-49.182,-0.000,-0.003,0.789,728.8,1,1.721,5247,626,0
19.5000,-0.5440,-49.178,-0.000,-0.003,0.789,728.8,1,1.721,5247,626,0
19.5167,-0.5440,-49.175,-0.000,-0.003,0.789,728.8,1,1.721,5247,626,0
19.5333,-0.5441,-49.171,-0.000,-0.004,0.789,728.8,1,1.721,5247,626,0
19.5500,-0.5441,-49.167,-0.000,-0.004,0.789,728.8,1,1.721,5247,626,0
19.5667,-0.5442,-49.164,-0.000,-0.004,0.789,728.8,1,1.720,5247,626,0
19.5833,-0.5443,-49.160,-0.000,-0.004,0.789,728.8,1,1.720,5247,626,0
19.6000,-0.5443,-49.156,-0.000,-0.004,0.789,728.8,1,1.720,5247,626,0
19.6167,-0.5444,-49.152,-0.000,-0.004,0.789,728.8,1,1.720,5247,626,0
19.6333,-0.5444,-49.149,-0.000,-0.004,0.789,728.8,1,1.720,5247,627,0
19.6500,-0.5445,-49.145,-0.000,-0.004,0.789,728.8,1,1.720,5247,627,0
19.6667,-0.5445,-49.141,-0.000,-0.004,0.789,728.8,1,1.720,5247,627,0
19.6833,-0.5446,-49.137,-0.000,-0.004,0.789,728.8,1,1.720,5247,627,0
19.7000,-0.5447,-49.134,-0.000,-0.004,0.789,728.8,1,1.720,5248,627,0
19.7167,-0.5447,-49.130,-0.000,-0.004,0.789,728.8,1,1.720,5248,627,0
19.7333,-0.5448,-49.126,-0.000,-0.004,0.789,728.8,1,1.720,5248,627,0
19.7500,-0.5448,-49.122,-0.000,-0.004,0.789,728.8,1,1.720,5248,627,0
19.7667,-0.5449,-49.118,-0.000,-0.004,0.789,728.8,1,1.720,5248,627,0
19.7833,-0.5450,-49.114,-0.000,-0.004,0.789,728.8,1,1.720,5248,627,0
19.8000,-0.5450,-49.111,-0.000,-0.004,0.789,728.8,1,1.720,5248,627,0
19.8167,-0.5451,-49.107,-0.000,-0.004,0.789,728.8,1,1.720,5248,627,0
19.8333,-0.5451,-49.103,-0.000,-0.004,0.789,728.8,1,1.720,5248,627,0
19.8500,-0.5452,-49.099,-0.000,-0.004,0.789,728.8,1,1.720,5248,627,0
19.8667,-0.5453,-49.095,-0.000,-0.004,0.789,728.8,1,1.720,5248,627,0
19.8833,-0.5453,-49.091,-0.000,-0.004,0.789,728.8,1,1.720,5248,627,0
19.9000,-0.5454,-49.087,-0.000,-0.004,0.789,728.8,1,1.720,5248,627,0
19.9167,-0.5454,-49.083,-0.000,-0.004,0.789,728.8,1,1.720,5248,627,0
19.9333,-0.5455,-49.080,-0.000,-0.004,0.789,728.8,1,1.720,5248,627,0
19.9500,-0.5455,-49.076,-0.000,-0.004,0.789,728.8,1,1.720,5248,627,0
19.9667,-0.5456,-49.072,-0.000,-0.004,0.789,728.8,1,1.720,5248,627,0
19.9833,-0.5457,-49.068,-0.000,-0.004,0.789,728.8,1,1.720,5248,627,0
20.0000,-0.5457,-49.064,-0.000,-0.004,0.789,728.8,1,1.720,5248,627,0
20.0167,-0.5458,-49.060,-0.000,-0.004,0.789,728.8,1,1.720,5248,627,0
20.0333,-0.5458,-49.056,-0.000,-0.004,0.789,728.8,1,1.720,5248,627,0
20.0500,-0.5459,-49.052,-0.000,-0.004,0.789,728.8,1,1.720,5248,627,0
20.0667,-0.5460,-49.048,-0.000,-0.004,0.790,728.8,1,1.720,5248,627,0
20.0833,-0.5460,-49.044,-0.000,-0.004,0.790,728.8,1,1.720,5248,627,0
20.1000,-0.5461,-49.040,-0.000,-0.004,0.790,728.8,1,1.720,5249,627,0
20.1167,-0.5461,-49.036,-0.000,-0.004,0.790,728.8,1,1.720,5249,627,0
20.1333,-0.5462,-49.032,-0.000,-0.004,0.790,728.8,1,1.720,5249,627,0
20.1500,-0.5463,-49.028,-0.000,-0.004,0.790,728.8,1,1.720,5249,627,0
20.1667,-0.5463,-49.024,-0.000,-0.004,0.790,728.8,1,1.720,5249,627,0
20.1833,-0.5464,-49.020,-0.000,-0.004,0.790,728.8,1,1.720,5249,627,0
20.2000,-0.5464,-49.015,-0.000,-0.004,0.790,728.8,1,1.720,5249,627,0
20.2167,-0.5465,-49.011,-0.000,-0.004,0.790,728.8,1,1.720,5249,627,0
20.2333,-0.5466,-49.007,-0.000,-0.004,0.790,728.8,1,1.720,5249,627,0
20.2500,-0.5466,-49.003,-0.000,-0.004,0.790,728.8,1,1.720,5249,627,0
20.2667,-0.5467,-48.999,-0.000,-0.004,0.790,728.8,1,1.720,5249,627,0
20.2833,-0.5468,-48.995,-0.000,-0.004,0.790,728.8,1,1.720,5249,627,0
20.3000,-0.5468,-48.991,-0.000,-0.004,0.790,728.8,1,1.720,5249,627,0
20.3167,-0.5469,-48.986,-0.000,-0.004,0.790,728.8,1,1.720,5249,627,0
20.3333,-0.5469,-48.982,-0.000,-0.004,0.790,728.8,1,1.720,5249,627,0
20.3500,-0.5470,-48.978,-0.000,-0.004,0.790,728.8,1,1.720,5249,627,0
20.3667,-0.5471,-48.974,-0.000,-0.004,0.790,728.8,1,1.720,5249,627,0
20.3833,-0.5471,-48.970,-0.000,-0.004,0.790,728.8,1,1.720,5249,627,0
20.4000,-0.5472,-48.965,-0.000,-0.004,0.790,728.8,1,1.720,5249,628,0
20.4167,-0.5472,-48.961,-0.000,-0.004,0.790,728.8,1,1.720,5249,628,0
20.4333,-0.5473,-48.957,-0.000,-0.004,0.790,728.8,1,1.720,5249,628,0
20.4500,-0.5474,-48.953,-0.000,-0.004,0.790,728.8,1,1.720,5249,628,0
20.4667,-0.5474,-48.948,-0.000,-0.004,0.790,728.8,1,1.720,5249,628,0
20.4833,-0.5475,-48.944,-0.000,-0.004,0.790,728.8,1,1.720,5249,628,0
20.5000,-0.5476,-48.940,-0.000,-0.004,0.790,728.8,1,1.720,5249,628,0
20.5167,-0.5476,-48.935,-0.000,-0.004,0.790,728.8,1,1.720,5250,628,0
20.5333,-0.5477,-48.931,-0.000,-0.004,0.790,728.8,1,1.720,5250,628,0
20.5500,-0.5477,-48.927,-0.000,-0.004,0.790,728.8,1,1.720,5250,628,0
20.5667,-0.5478,-48.922,-0.000,-0.004,0.790,728.8,1,1.720,5250,628,0
20.5833,-0.5479,-48.918,-0.000,-0.004,0.790,728.8,1,1.720,5250,628,0
20.6000,-0.5479,-48.914,-0.000,-0.004,0.790,728.8,1,1.720,5250,628,0
20.6167,-0.5480,-48.909,-0.000,-0.004,0.791,728.8,1,1.720,5250,628,0
20.6333,-0.5481,-48.905,-0.000,-0.004,0.791,728.8,1,1.720,5250,628,0
20.6500,-0.5481,-48.900,-0.000,-0.004,0.791,728.8,1,1.720,5250,628,0
20.6667,-0.5482,-48.896,-0.000,-0.004,0.791,728.8,1,1.720,5250,628,0
20.6833,-0.5482,-48.891,-0.000,-0.004,0.791,728.8,1,1.720,5250,628,0
20.7000,-0.5483,-48.887,-0.000,-0.004,0.791,728.8,1,1.720,5250,628,0
20.7167,-0.5484,-48.882,-0.000,-0.004,0.791,728.8,1,1.720,5250,628,0
20.7333,-0.5484,-48.878,-0.000,-0.004,0.791,728.8,1,1.720,5250,628,0
20.7500,-0.5485,-48.873,-0.000,-0.004,0.791,728.8,1,1.720,5250,628,0
20.7667,-0.5486,-48.869,-0.000,-0.004,0.791,728.8,1,1.720,5250,628,0
20.7833,-0.5486,-48.864,-0.000,-0.004,0.791,728.8,1,1.720,5250,628,0
20.8000,-0.5487,-48.859,-0.000,-0.004,0.791,728.8,1,1.720,5250,628,0
20.8167,-0.5488,-48.855,-0.000,-0.004,0.791,728.8,1,1.720,5250,628,0
20.8333,-0.5488,-48.850,-0.000,-0.004,0.791,728.8,1,1.719,5250,628,0
20.8500,-0.5489,-48.846,-0.000,-0.004,0.791,728.8,1,1.719,5250,628,0
20.8667,-0.5489,-48.841,-0.000,-0.004,0.791,728.8,1,1.719,5250,628,0
20.8833,-0.5490,-48.836,-0.000,-0.004,0.791,728.8,1,1.719,5250,628,0
20.9000,-0.5491,-48.832,-0.000,-0.004,0.791,728.8,1,1.719,5250,628,0
20.9167,-0.5491,-48.827,-0.000,-0.004,0.791,728.8,1,1.719,5251,628,0
20.9333,-0.5492,-48.822,-0.000,-0.004,0.791,728.8,1,1.719,5251,628,0
20.9500,-0.5493,-48.817,-0.000,-0.004,0.791,728.8,1,1.719,5251,628,0
20.9667,-0.5493,-48.813,-0.000,-0.004,0.791,728.8,1,1.719,5251,628,0
20.9833,-0.5494,-48.808,-0.000,-0.004,0.791,728.8,1,1.719,5251,628,0
21.0000,-0.5495,-48.803,-0.000,-0.004,0.791,728.8,1,1.719,5251,628,0
21.0167,-0.5495,-48.798,-0.000,-0.004,0.792,728.8,1,1.719,5251,628,0
21.0333,-0.5496,-48.793,-0.000,-0.004,0.792,728.8,1,1.719,5251,628,0
21.0500,-0.5497,-48.788,-0.000,-0.004,0.792,728.8,1,1.719,5251,628,0
21.0667,-0.5497,-48.783,-0.000,-0.004,0.792,728.8,1,1.719,5251,628,0
21.0833,-0.5498,-48.779,-0.000,-0.004,0.792,728.8,1,1.719,5251,628,0
21.1000,-0.5499,-48.774,-0.000,-0.004,0.792,728.8,1,1.719,5251,628,0
21.1167,-0.5499,-48.769,-0.000,-0.004,0.792,728.8,1,1.719,5251,629,0
21.1333,-0.5500,-48.764,-0.000,-0.004,0.792,728.8,1,1.719,5251,629,0
21.1500,-0.5501,-48.759,-0.000,-0.004,0.792,728.8,1,1.719,5251,629,0
21.1667,-0.5501,-48.754,-0.000,-0.004,0.792,728.8,1,1.719,5251,629,0
21.1833,-0.5502,-48.749,-0.000,-0.004,0.792,728.8,1,1.719,5251,629,0
21.2000,-0.5503,-48.744,-0.000,-0.004,0.792,728.8,1,1.719,5251,629,0
21.2167,-0.5503,-48.738,-0.000,-0.004,0.792,728.8,1,1.719,5251,629,0
21.2333,-0.5504,-48.733,-0.000,-0.004,0.792,728.8,1,1.719,5251,629,0
21.2500,-0.5505,-48.728,-0.000,-0.004,0.792,728.8,1,1.719,5251,629,0
21.2667,-0.5505,-48.723,-0.000,-0.004,0.792,728.8,1,1.719,5251,629,0
21.2833,-0.5506,-48.718,-0.000,-0.004,0.792,728.8,1,1.719,5251,629,0
21.3000,-0.5507,-48.713,-0.000,-0.004,0.792,728.8,1,1.719,5251,629,0
21.3167,-0.5507,-48.707,-0.000,-0.004,0.792,728.8,1,1.719,5251,629,0
21.3333,-0.5508,-48.702,-0.000,-0.004,0.792,728.8,1,1.719,5252,629,0
21.3500,-0.5509,-48.697,-0.000,-0.004,0.793,728.8,1,1.719,5252,629,0
21.3667,-0.5510,-48.692,-0.000,-0.004,0.793,728.8,1,1.719,5252,629,0
21.3833,-0.5510,-48.686,-0.000,-0.004,0.793,728.8,1,1.719,5252,629,0
21.4000,-0.5511,-48.681,-0.000,-0.004,0.793,728.8,1,1.719,5252,629,0
21.4167,-0.5512,-48.676,-0.000,-0.004,0.793,728.8,1,1.719,5252,629,0
21.4333,-0.5512,-48.670,-0.000,-0.004,0.793,728.8,1,1.719,5252,629,0
21.4500,-0.5513,-48.665,-0.000,-0.004,0.793,728.8,1,1.719,5252,629,0
21.4667,-0.5514,-48.659,-0.000,-0.004,0.793,728.8,1,1.719,5252,629,0
21.4833,-0.5514,-48.654,-0.000,-0.004,0.793,728.8,1,1.719,5252,629,0
21.5000,-0.5515,-48.648,-0.000,-0.004,0.793,728.8,1,1.719,5252,629,0
21.5167,-0.5516,-48.643,-0.000,-0.004,0.793,728.8,1,1.719,5252,629,0
21.5333,-0.5517,-48.637,-0.000,-0.004,0.793,728.8,1,1.718,5252,629,0
21.5500,-0.5517,-48.632,-0.000,-0.004,0.793,728.8,1,1.718,5252,629,0
21.5667,-0.5518,-48.626,-0.000,-0.004,0.793,728.8,1,1.718,5252,629,0
21.5833,-0.5519,-48.620,-0.000,-0.004,0.793,728.8,1,1.718,5252,629,0
21.6000,-0.5519,-48.615,-0.000,-0.004,0.793,728.8,1,1.718,5252,629,0
21.6167,-0.5520,-48.609,-0.000,-0.004,0.794,728.8,1,1.718,5252,629,0
21.6333,-0.5521,-48.603,-0.000,-0.004,0.794,728.8,1,1.718,5252,629,0
21.6500,-0.5522,-48.597,-0.000,-0.004,0.794,728.8,1,1.718,5252,629,0
21.6667,-0.5522,-48.591,-0.000,-0.004,0.794,728.8,1,1.718,5252,629,0
21.6833,-0.5523,-48.586,-0.000,-0.004,0.794,728.8,1,1.718,5252,629,0
21.7000,-0.5524,-48.580,-0.000,-0.004,0.794,728.8,1,1.718,5252,629,0
21.7167,-0.5525,-48.574,-0.000,-0.004,0.794,728.8,1,1.718,5252,629,0
21.7333,-0.5525,-48.568,-0.000,-0.005,0.794,728.8,1,1.718,5252,629,0
21.7500,-0.5526,-48.562,-0.000,-0.005,0.794,728.8,1,1.718,5252,629,0
21.7667,-0.5527,-48.556,-0.000,-0.005,0.794,728.8,1,1.718,5252,629,0
21.7833,-0.5528,-48.550,-0.000,-0.005,0.794,728.8,1,1.718,5253,629,0
21.8000,-0.5528,-48.544,-0.000,-0.005,0.794,728.8,1,1.718,5253,629,0
21.8167,-0.5529,-48.537,-0.000,-0.005,0.794,728.8,1,1.718,5253,629,0
21.8333,-0.5530,-48.531,-0.000,-0.005,0.794,728.8,1,1.718,5253,630,0
21.8500,-0.5531,-48.525,-0.000,-0.005,0.795,728.8,1,1.718,5253,630,0
21.8667,-0.5532,-48.519,-0.000,-0.005,0.795,728.8,1,1.718,5253,630,0
21.8833,-0.5532,-48.513,-0.000,-0.005,0.795,728.8,1,1.718,5253,630,0
21.9000,-0.5533,-48.506,-0.000,-0.005,0.795,728.8,1,1.718,5253,630,0
21.9167,-0.5534,-48.500,-0.000,-0.005,0.795,728.8,1,1.718,5253,630,0
21.9333,-0.5535,-48.493,-0.000,-0.005,0.795,728.8,1,1.718,5253,630,0
21.9500,-0.5535,-48.487,-0.000,-0.005,0.795,728.8,1,1.718,5253,630,0
21.9667,-0.5536,-48.480,-0.000,-0.005,0.795,728.8,1,1.718,5253,630,0
21.9833,-0.5537,-48.474,-0.000,-0.005,0.795,728.8,1,1.718,5253,630,0
22.0000,-0.5538,-48.467,-0.000,-0.005,0.795,728.8,1,1.718,5253,630,0
22.0167,-0.5539,-48.461,-0.000,-0.005,0.795,728.8,1,1.717,5253,630,0
22.0333,-0.5539,-48.454,-0.000,-0.005,0.795,728.8,1,1.717,5253,630,0
22.0500,-0.5540,-48.447,-0.000,-0.005,0.795,728.8,1,1.717,5253,630,0
22.0667,-0.5541,-48.440,-0.000,-0.005,0.796,728.8,1,1.717,5253,630,0
22.0833,-0.5542,-48.434,-0.000,-0.005,0.796,728.8,1,1.717,5253,630,0
22.1000,-0.5543,-48.427,-0.000,-0.005,0.796,728.8,1,1.717,5253,630,0
22.1167,-0.5544,-48.420,-0.000,-0.005,0.796,728.8,1,1.717,5253,630,0
22.1333,-0.5544,-48.413,-0.000,-0.005,0.796,728.8,1,1.717,5253,630,0
22.1500,-0.5545,-48.406,-0.000,-0.005,0.796,728.8,1,1.717,5253,630,0
22.1667,-0.5546,-48.399,-0.000,-0.005,0.796,728.8,1,1.717,5253,630,0
22.1833,-0.5547,-48.392,-0.000,-0.005,0.796,728.8,1,1.717,5253,630,0
22.2000,-0.5548,-48.384,-0.000,-0.005,0.796,728.8,1,1.717,5253,630,0
22.2167,-0.5549,-48.377,-0.000,-0.005,0.796,728.8,1,1.717,5253,630,0
22.2333,-0.5550,-48.370,-0.000,-0.005,0.797,728.8,1,1.717,5253,630,0
22.2500,-0.5550,-48.362,-0.000,-0.005,0.797,728.8,1,1.717,5253,630,0
22.2667,-0.5551,-48.355,-0.000,-0.005,0.797,728.8,1,1.717,5253,630,0
22.2833,-0.5552,-48.347,-0.000,-0.005,0.797,728.8,1,1.717,5253,630,0
22.3000,-0.5553,-48.340,-0.000,-0.005,0.797,728.8,1,1.717,5253,630,0
22.3167,-0.5554,-48.332,-0.000,-0.005,0.797,728.8,1,1.717,5253,630,0
22.3333,-0.5555,-48.325,-0.000,-0.005,0.797,728.8,1,1.717,5253,630,0
22.3500,-0.5556,-48.317,-0.000,-0.005,0.797,728.8,1,1.717,5253,630,0
22.3667,-0.5557,-48.309,-0.000,-0.005,0.797,728.8,1,1.717,5253,630,0
22.3833,-0.5558,-48.301,-0.000,-0.006,0.797,728.8,1,1.716,5253,630,0
22.4000,-0.5559,-48.293,-0.000,-0.006,0.798,728.8,1,1.716,5253,630,0
22.4167,-0.5559,-48.285,-0.000,-0.006,0.798,728.8,1,1.716,5253,630,0
22.4333,-0.5560,-48.277,-0.000,-0.006,0.798,728.8,1,1.716,5253,630,0
22.4500,-0.5561,-48.269,-0.000,-0.006,0.798,728.8,1,1.716,5253,630,0
22.4667,-0.5562,-48.260,-0.000,-0.006,0.798,728.8,1,1.716,5253,630,0
22.4833,-0.5563,-48.252,-0.000,-0.006,0.798,728.8,1,1.716,5253,630,0
22.5000,-0.5564,-48.244,-0.000,-0.006,0.798,728.8,1,1.716,5253,630,0
22.5167,-0.5565,-48.235,-0.000,-0.006,0.798,728.8,1,1.716,5253,630,0
22.5333,-0.5566,-48.227,-0.000,-0.006,0.799,728.8,1,1.716,5253,630,0
22.5500,-0.5567,-48.218,-0.000,-0.006,0.799,728.8,1,1.716,5253,630,0
22.5667,-0.5568,-48.209,-0.000,-0.006,0.799,728.8,1,1.716,5253,630,0
22.5833,-0.5569,-48.200,-0.000,-0.006,0.799,728.8,1,1.716,5253,630,0
22.6000,-0.5570,-48.191,-0.000,-0.006,0.799,728.8,1,1.716,5253,630,0
22.6167,-0.5571,-48.182,-0.000,-0.006,0.799,728.8,1,1.716,5253,630,0
22.6333,-0.5572,-48.173,-0.000,-0.006,0.799,728.8,1,1.716,5253,630,0
22.6500,-0.5573,-48.164,-0.000,-0.006,0.800,728.8,1,1.716,5253,630,0
22.6667,-0.5574,-48.154,-0.000,-0.006,0.800,728.8,1,1.715,5253,630,0
22.6833,-0.5575,-48.145,-0.000,-0.006,0.800,728.8,1,1.715,5253,630,0
22.7000,-0.5576,-48.135,-0.000,-0.006,0.800,728.8,1,1.715,5253,630,0
22.7167,-0.5578,-48.126,-0.000,-0.007,0.800,728.8,1,1.715,5253,630,0
22.7333,-0.5579,-48.116,-0.000,-0.007,0.800,728.8,1,1.715,5253,630,0
22.7500,-0.5580,-48.106,-0.000,-0.007,0.800,728.8,1,1.715,5253,630,0
22.7667,-0.5581,-48.096,-0.000,-0.007,0.801,728.8,1,1.715,5253,630,0
22.7833,-0.5582,-48.086,-0.000,-0.007,0.801,728.8,1,1.715,5253,630,0
22.8000,-0.5583,-48.075,-0.000,-0.007,0.801,728.8,1,1.715,5253,631,0
22.8167,-0.5584,-48.065,-0.000,-0.007,0.801,728.8,1,1.715,5253,631,0
22.8333,-0.5585,-48.055,-0.000,-0.007,0.801,728.8,1,1.715,5253,631,0
22.8500,-0.5587,-48.044,-0.000,-0.007,0.801,728.8,1,1.715,5253,631,0
22.8667,-0.5588,-48.033,-0.000,-0.007,0.802,728.8,1,1.715,5253,631,0
22.8833,-0.5589,-48.022,-0.000,-0.007,0.802,728.8,1,1.715,5253,631,0
22.9000,-0.5590,-48.011,-0.000,-0.007,0.802,728.8,1,1.714,5253,631,0
22.9167,-0.5592,-48.000,-0.000,-0.007,0.802,728.8,1,1.714,5252,631,0
22.9333,-0.5593,-47.988,-0.000,-0.008,0.802,728.8,1,1.714,5252,631,0
22.9500,-0.5594,-47.977,-0.000,-0.008,0.803,728.8,1,1.714,5252,631,0
22.9667,-0.5595,-47.965,-0.000,-0.008,0.803,728.8,1,1.714,5252,631,0
22.9833,-0.5597,-47.953,-0.000,-0.008,0.803,728.8,1,1.714,5252,631,0
23.0000,-0.5598,-47.941,-0.000,-0.008,0.803,728.8,1,1.714,5252,631,0
23.0167,-0.5599,-47.928,-0.000,-0.008,0.803,728.8,1,1.714,5252,631,0
23.0333,-0.5601,-47.916,-0.000,-0.008,0.804,728.8,1,1.714,5252,631,0
23.0500,-0.5602,-47.903,-0.000,-0.008,0.804,728.8,1,1.714,5252,631,0
23.0667,-0.5603,-47.890,-0.000,-0.008,0.804,728.8,1,1.714,5252,631,0
23.0833,-0.5605,-47.877,-0.000,-0.009,0.804,728.8,1,1.713,5252,631,0
23.1000,-0.5606,-47.864,-0.000,-0.009,0.805,728.8,1,1.713,5252,631,0
23.1167,-0.5608,-47.850,-0.000,-0.009,0.805,728.8,1,1.713,5252,631,0
23.1333,-0.5609,-47.837,-0.000,-0.009,0.805,728.8,1,1.713,5252,631,0
23.1500,-0.5611,-47.823,-0.000,-0.009,0.805,728.8,1,1.713,5252,631,0
23.1667,-0.5612,-47.809,-0.000,-0.009,0.805,728.8,1,1.713,5252,631,0
23.1833,-0.5614,-47.794,-0.000,-0.009,0.806,728.8,1,1.713,5252,631,0
23.2000,-0.5615,-47.780,-0.000,-0.009,0.806,728.8,1,1.713,5252,631,0
23.2167,-0.5617,-47.765,-0.000,-0.009,0.806,728.8,1,1.713,5252,631,0
23.2333,-0.5618,-47.749,-0.000,-0.009,0.807,728.8,1,1.712,5252,631,0
23.2500,-0.5620,-47.734,-0.000,-0.010,0.807,728.8,1,1.712,5252,631,0
23.2667,-0.5622,-47.718,-0.000,-0.010,0.807,728.8,1,1.712,5252,631,0
23.2833,-0.5623,-47.703,-0.000,-0.010,0.807,728.8,1,1.712,5252,631,0
23.3000,-0.5625,-47.687,-0.000,-0.010,0.808,728.8,1,1.712,5253,631,0
23.3167,-0.5627,-47.670,-0.000,-0.010,0.808,728.8,1,1.712,5253,631,0
23.3333,-0.5628,-47.654,-0.000,-0.010,0.808,728.8,1,1.712,5253,631,0
23.3500,-0.5630,-47.637,-0.000,-0.010,0.808,728.8,1,1.712,5253,631,0
23.3667,-0.5632,-47.619,-0.000,-0.010,0.809,728.8,1,1.711,5253,631,0
23.3833,-0.5633,-47.602,-0.000,-0.010,0.809,728.8,1,1.711,5252,631,0
23.4000,-0.5635,-47.584,-0.000,-0.010,0.809,728.8,1,1.711,5252,631,0
23.4167,-0.5637,-47.566,-0.000,-0.011,0.810,728.8,1,1.711,5252,632,0
23.4333,-0.5639,-47.548,-0.000,-0.011,0.810,728.8,1,1.711,5252,632,0
23.4500,-0.5640,-47.530,-0.000,-0.011,0.810,728.8,1,1.711,5252,632,0
23.4667,-0.5642,-47.511,-0.000,-0.011,0.811,728.8,1,1.710,5252,632,0
23.4833,-0.5644,-47.492,-0.000,-0.011,0.811,728.8,1,1.710,5252,632,0
23.5000,-0.5646,-47.473,-0.000,-0.011,0.811,728.8,1,1.710,5252,632,0
23.5167,-0.5648,-47.453,-0.000,-0.011,0.812,728.8,1,1.710,5252,632,0
23.5333,-0.5650,-47.434,-0.000,-0.011,0.812,728.8,1,1.710,5252,632,0
23.5500,-0.5651,-47.414,-0.000,-0.011,0.812,728.8,1,1.710,5252,632,0
23.5667,-0.5653,-47.393,-0.000,-0.012,0.813,728.8,1,1.709,5252,632,0
23.5833,-0.5655,-47.373,-0.000,-0.012,0.813,728.8,1,1.709,5252,632,0
23.6000,-0.5657,-47.352,-0.000,-0.012,0.814,728.8,1,1.709,5252,632,0
23.6167,-0.5659,-47.331,-0.000,-0.012,0.814,728.8,1,1.709,5252,632,0
23.6333,-0.5661,-47.309,-0.000,-0.012,0.814,728.8,1,1.709,5252,632,0
23.6500,-0.5663,-47.288,-0.000,-0.012,0.815,728.8,1,1.708,5252,632,0
23.6667,-0.5665,-47.266,-0.000,-0.012,0.815,728.8,1,1.708,5252,632,0
23.6833,-0.5667,-47.244,-0.000,-0.012,0.816,728.8,1,1.708,5252,632,0
23.7000,-0.5669,-47.222,-0.000,-0.013,0.816,728.8,1,1.708,5252,632,0
23.7167,-0.5671,-47.199,-0.000,-0.013,0.816,728.8,1,1.708,5252,632,0
23.7333,-0.5674,-47.176,-0.000,-0.013,0.817,728.8,1,1.707,5252,632,0
23.7500,-0.5676,-47.153,-0.000,-0.013,0.817,728.8,1,1.707,5252,632,0
23.7667,-0.5678,-47.130,-0.000,-0.013,0.818,728.8,1,1.707,5252,632,0
23.7833,-0.5680,-47.106,-0.000,-0.013,0.818,728.8,1,1.707,5252,632,0
23.8000,-0.5682,-47.082,-0.000,-0.013,0.819,728.8,1,1.706,5252,632,0
23.8167,-0.5684,-47.058,-0.000,-0.013,0.819,728.8,1,1.706,5252,632,0
23.8333,-0.5687,-47.033,-0.000,-0.013,0.820,728.8,1,1.706,5252,633,0
23.8500,-0.5689,-47.009,-0.000,-0.014,0.820,728.8,1,1.706,5252,633,0
23.8667,-0.5691,-46.984,-0.000,-0.014,0.821,728.8,1,1.706,5252,633,0
23.8833,-0.5694,-46.959,-0.000,-0.014,0.821,728.8,1,1.705,5253,633,0
23.9000,-0.5696,-46.934,-0.000,-0.014,0.822,728.8,1,1.705,5253,633,0
23.9167,-0.5698,-46.908,-0.000,-0.014,0.822,728.8,1,1.705,5253,633,0
23.9333,-0.5701,-46.882,-0.000,-0.014,0.823,728.8,1,1.705,5253,633,0
23.9500,-0.5703,-46.856,-0.000,-0.014,0.823,728.8,1,1.704,5253,633,0
23.9667,-0.5705,-46.830,-0.000,-0.014,0.824,728.8,1,1.704,5253,633,0
23.9833,-0.5708,-46.803,-0.000,-0.014,0.824,728.8,1,1.704,5253,633,0
24.0000,-0.5710,-46.776,-0.000,-0.015,0.825,728.8,1,1.703,5254,633,0
24.0167,-0.5713,-46.749,-0.000,-0.015,0.825,728.8,1,1.703,5254,634,0
24.0333,-0.5715,-46.722,-0.000,-0.015,0.826,728.8,1,1.703,5254,634,0
24.0500,-0.5717,-46.695,-0.000,-0.015,0.826,728.8,1,1.703,5254,634,0
24.0667,-0.5720,-46.667,-0.000,-0.015,0.827,728.8,1,1.702,5254,634,0
24.0833,-0.5722,-46.639,-0.000,-0.015,0.827,728.8,1,1.702,5254,634,0
24.1000,-0.5725,-46.611,-0.000,-0.015,0.828,728.8,1,1.702,5255,634,0
24.1167,-0.5727,-46.582,-0.000,-0.015,0.828,728.8,1,1.702,5255,634,0
24.1333,-0.5730,-46.554,-0.000,-0.015,0.829,728.8,1,1.701,5255,634,0
24.1500,-0.5732,-46.525,-0.000,-0.015,0.829,728.8,1,1.701,5255,634,0
24.1667,-0.5735,-46.496,-0.000,-0.015,0.830,728.8,1,1.701,5255,635,0
24.1833,-0.5738,-46.467,-0.000,-0.015,0.831,728.8,1,1.700,5255,635,0
24.2000,-0.5740,-46.437,-0.000,-0.016,0.831,728.8,1,1.700,5255,635,0
24.2167,-0.5743,-46.408,-0.000,-0.016,0.832,728.8,1,1.700,5255,635,0
24.2333,-0.5745,-46.378,-0.000,-0.016,0.832,728.8,1,1.700,5256,635,0
24.2500,-0.5748,-46.348,-0.000,-0.016,0.833,728.8,1,1.699,5256,635,0
24.2667,-0.5751,-46.317,-0.000,-0.016,0.834,728.8,1,1.699,5256,635,0
24.2833,-0.5753,-46.287,-0.000,-0.016,0.834,728.8,1,1.699,5256,635,0
24.3000,-0.5756,-46.256,-0.000,-0.016,0.835,728.8,1,1.698,5256,635,0
24.3167,-0.5759,-46.225,-0.000,-0.016,0.835,728.8,1,1.698,5256,636,0
24.3333,-0.5761,-46.194,-0.000,-0.016,0.836,728.8,1,1.698,5256,636,0
24.3500,-0.5764,-46.163,-0.000,-0.016,0.837,728.8,1,1.697,5257,636,0
24.3667,-0.5767,-46.132,-0.000,-0.016,0.837,728.8,1,1.697,5257,636,0
24.3833,-0.5769,-46.100,-0.000,-0.016,0.838,728.8,1,1.697,5257,636,0
24.4000,-0.5772,-46.068,-0.000,-0.016,0.839,728.8,1,1.696,5257,636,0
24.4167,-0.5775,-46.036,-0.000,-0.017,0.839,728.8,1,1.696,5257,636,0
24.4333,-0.5778,-46.004,-0.000,-0.017,0.840,728.8,1,1.696,5258,636,0
24.4500,-0.5780,-45.972,-0.000,-0.017,0.840,728.8,1,1.695,5258,637,0
24.4667,-0.5783,-45.940,-0.000,-0.017,0.841,728.8,1,1.695,5258,637,0
24.4833,-0.5786,-45.907,-0.000,-0.017,0.842,728.8,1,1.695,5258,637,0
24.5000,-0.5789,-45.874,-0.000,-0.017,0.842,728.8,1,1.694,5258,637,0
24.5167,-0.5792,-45.841,-0.000,-0.017,0.843,728.8,1,1.694,5259,637,0
24.5333,-0.5795,-45.808,-0.000,-0.017,0.844,728.8,1,1.694,5259,637,0
24.5500,-0.5797,-45.775,-0.000,-0.017,0.844,728.8,1,1.693,5259,637,0
24.5667,-0.5800,-45.741,-0.000,-0.017,0.845,728.8,1,1.693,5259,638,0
24.5833,-0.5803,-45.708,-0.000,-0.017,0.846,728.8,1,1.693,5260,638,0
24.6000,-0.5806,-45.674,-0.000,-0.017,0.847,728.8,1,1.692,5260,638,0
24.6167,-0.5809,-45.640,-0.000,-0.017,0.847,728.8,1,1.692,5260,638,0
24.6333,-0.5812,-45.606,-0.000,-0.017,0.848,728.8,1,1.691,5260,638,0
24.6500,-0.5815,-45.572,-0.000,-0.017,0.849,728.8,1,1.691,5261,638,0
24.6667,-0.5818,-45.538,-0.000,-0.017,0.849,728.8,1,1.691,5261,639,0
24.6833,-0.5821,-45.503,-0.000,-0.018,0.850,728.8,1,1.690,5261,639,0
24.7000,-0.5823,-45.469,-0.000,-0.018,0.851,728.8,1,1.690,5262,639,0
24.7167,-0.5826,-45.434,-0.000,-0.018,0.851,728.8,1,1.690,5262,639,0
24.7333,-0.5829,-45.399,-0.000,-0.018,0.852,728.8,1,1.689,5262,639,0
24.7500,-0.5832,-45.364,-0.000,-0.018,0.853,728.8,1,1.689,5262,639,0
24.7667,-0.5835,-45.329,-0.000,-0.018,0.854,728.8,1,1.688,5263,639,0
24.7833,-0.5838,-45.294,-0.000,-0.018,0.854,728.8,1,1.688,5263,640,0
24.8000,-0.5841,-45.259,-0.000,-0.018,0.855,728.8,1,1.688,5263,640,0
24.8167,-0.5844,-45.223,-0.000,-0.018,0.856,728.8,1,1.687,5264,640,0
24.8333,-0.5847,-45.188,-0.000,-0.018,0.857,728.8,1,1.687,5264,640,0
24.8500,-0.5850,-45.152,-0.000,-0.018,0.857,728.8,1,1.687,5264,640,0
24.8667,-0.5853,-45.116,-0.000,-0.018,0.858,728.8,1,1.686,5264,640,0
24.8833,-0.5856,-45.080,-0.000,-0.018,0.859,728.8,1,1.686,5265,641,0
24.9000,-0.5859,-45.044,-0.000,-0.018,0.859,728.8,1,1.685,5265,641,0
24.9167,-0.5862,-45.008,-0.000,-0.018,0.860,728.8,1,1.685,5265,641,0
24.9333,-0.5865,-44.972,-0.000,-0.018,0.861,728.8,1,1.685,5265,641,0
24.9500,-0.5868,-44.936,-0.000,-0.018,0.862,728.8,1,1.684,5266,641,0
24.9667,-0.5871,-44.899,-0.000,-0.018,0.863,728.8,1,1.684,5266,641,0
24.9833,-0.5874,-44.863,-0.000,-0.018,0.863,728.8,1,1.683,5266,642,0
25.0000,-0.5877,-44.826,-0.000,-0.018,0.864,728.8,1,1.683,5267,642,0
25.0167,-0.5880,-44.790,-0.000,-0.018,0.865,728.8,1,1.683,5267,642,0
25.0333,-0.5883,-44.753,-0.000,-0.018,0.866,728.8,1,1.682,5267,642,0
25.0500,-0.5886,-44.716,-0.000,-0.018,0.866,728.8,1,1.682,5268,642,0
25.0667,-0.5889,-44.679,-0.000,-0.018,0.867,728.8,1,1.681,5268,642,0
25.0833,-0.5892,-44.642,-0.000,-0.018,0.868,728.8,1,1.681,5268,643,0
25.1000,-0.5895,-44.605,-0.000,-0.018,0.869,728.8,1,1.680,5268,643,0
25.1167,-0.5899,-44.568,-0.000,-0.018,0.869,728.8,1,1.680,5269,643,0
25.1333,-0.5902,-44.530,-0.000,-0.018,0.870,728.8,1,1.680,5269,643,0
25.1500,-0.5905,-44.493,-0.000,-0.018,0.871,728.8,1,1.679,5269,643,0
25.1667,-0.5908,-44.456,-0.000,-0.018,0.872,728.8,1,1.679,5270,643,0
25.1833,-0.5911,-44.418,-0.000,-0.018,0.873,728.8,1,1.678,5270,644,0
25.2000,-0.5914,-44.381,-0.000,-0.018,0.873,728.8,1,1.678,5270,644,0
25.2167,-0.5917,-44.343,-0.000,-0.018,0.874,728.8,1,1.677,5271,644,0
25.2333,-0.5920,-44.305,-0.000,-0.019,0.875,728.8,1,1.677,5271,644,0
25.2500,-0.5923,-44.268,-0.000,-0.019,0.876,728.8,1,1.677,5271,644,0
25.2667,-0.5926,-44.230,-0.000,-0.019,0.877,728.8,1,1.676,5272,644,0
25.2833,-0.5929,-44.192,-0.000,-0.019,0.877,728.8,1,1.676,5272,645,0
25.3000,-0.5932,-44.154,-0.000,-0.019,0.878,728.8,1,1.675,5272,645,0
25.3167,-0.5936,-44.116,-0.000,-0.019,0.879,728.8,1,1.675,5273,645,0
25.3333,-0.5939,-44.078,-0.000,-0.019,0.880,728.8,1,1.674,5273,645,0
25.3500,-0.5942,-44.040,-0.000,-0.019,0.881,728.8,1,1.674,5273,645,0
25.3667,-0.5945,-44.002,-0.000,-0.019,0.882,728.8,1,1.674,5274,645,0
25.3833,-0.5948,-43.964,-0.000,-0.019,0.882,728.8,1,1.673,5274,646,0
25.4000,-0.5951,-43.925,-0.000,-0.019,0.883,728.8,1,1.673,5275,646,0
25.4167,-0.5954,-43.887,-0.000,-0.019,0.884,728.8,1,1.672,5275,646,0
25.4333,-0.5957,-43.849,-0.000,-0.019,0.885,728.8,1,1.672,5275,646,0
25.4500,-0.5960,-43.811,-0.000,-0.019,0.886,728.8,1,1.671,5276,646,0
25.4667,-0.5963,-43.772,-0.000,-0.019,0.886,728.8,1,1.671,5276,646,0
25.4833,-0.5966,-43.734,-0.000,-0.019,0.887,728.8,1,1.670,5276,647,0
25.5000,-0.5970,-43.695,-0.000,-0.019,0.888,728.8,1,1.670,5277,647,0
25.5167,-0.5973,-43.657,-0.000,-0.019,0.889,728.8,1,1.670,5277,647,0
25.5333,-0.5976,-43.618,-0.000,-0.019,0.890,728.8,1,1.669,5277,647,0
25.5500,-0.5979,-43.580,-0.000,-0.019,0.891,728.8,1,1.669,5278,647,0
25.5667,-0.5982,-43.541,-0.000,-0.019,0.891,728.8,1,1.668,5278,647,0
25.5833,-0.5985,-43.503,-0.000,-0.019,0.892,728.8,1,1.668,5278,648,0
25.6000,-0.5988,-43.464,-0.000,-0.019,0.893,728.8,1,1.667,5279,648,0
25.6167,-0.5991,-43.425,-0.000,-0.019,0.894,728.8,1,1.667,5279,648,0
25.6333,-0.5994,-43.387,-0.000,-0.019,0.895,728.8,1,1.666,5280,648,0
25.6500,-0.5997,-43.348,-0.000,-0.019,0.896,728.8,1,1.666,5280,648,0
25.6667,-0.6001,-43.309,-0.000,-0.019,0.897,728.8,1,1.665,5280,648,0
25.6833,-0.6004,-43.271,-0.000,-0.019,0.897,728.8,1,1.665,5281,649,0
25.7000,-0.6007,-43.232,-0.000,-0.019,0.898,728.8,1,1.664,5281,649,0
25.7167,-0.6010,-43.193,-0.000,-0.019,0.899,728.8,1,1.664,5281,649,0
25.7333,-0.6013,-43.154,-0.000,-0.019,0.900,728.8,1,1.664,5282,649,0
25.7500,-0.6016,-43.115,-0.000,-0.019,0.901,728.8,1,1.663,5282,649,0
25.7667,-0.6019,-43.077,-0.000,-0.019,0.902,728.8,1,1.663,5282,649,0
25.7833,-0.6022,-43.038,-0.000,-0.018,0.903,728.8,1,1.662,5283,650,0
25.8000,-0.6025,-42.999,-0.000,-0.018,0.903,728.8,1,1.662,5283,650,0
25.8167,-0.6028,-42.960,-0.000,-0.018,0.904,728.8,1,1.661,5284,650,0
25.8333,-0.6031,-42.921,-0.000,-0.018,0.905,728.8,1,1.661,5284,650,0
25.8500,-0.6034,-42.883,-0.000,-0.018,0.906,728.8,1,1.660,5284,650,0
25.8667,-0.6038,-42.844,-0.000,-0.018,0.907,728.8,1,1.660,5285,650,0
25.8833,-0.6041,-42.805,-0.000,-0.018,0.908,728.8,1,1.659,5285,651,0
25.9000,-0.6044,-42.766,-0.000,-0.018,0.909,728.8,1,1.659,5285,651,0
25.9167,-0.6047,-42.727,-0.000,-0.018,0.909,728.8,1,1.658,5286,651,0
25.9333,-0.6050,-42.688,-0.000,-0.018,0.910,728.8,1,1.658,5286,651,0
25.9500,-0.6053,-42.649,-0.000,-0.018,0.911,728.8,1,1.657,5287,651,0
25.9667,-0.6056,-42.611,-0.000,-0.018,0.912,728.8,1,1.657,5287,651,0
25.9833,-0.6059,-42.572,-0.000,-0.018,0.913,728.8,1,1.656,5287,652,0
26.0000,-0.6062,-42.533,-0.000,-0.018,0.914,728.8,1,1.656,5288,652,0
26.0167,-0.6065,-42.494,-0.000,-0.018,0.915,728.8,1,1.656,5288,652,0
26.0333,-0.6068,-42.455,-0.000,-0.018,0.916,728.8,1,1.655,5289,650,0
26.0500,-0.6071,-42.416,-0.000,-0.018,0.916,728.8,1,1.655,5289,650,0
26.0667,-0.6074,-42.378,-0.000,-0.018,0.917,728.8,1,1.654,5289,650,0
26.0833,-0.6077,-42.339,-0.000,-0.018,0.918,728.8,1,1.654,5290,650,0
26.1000,-0.6080,-42.300,-0.000,-0.018,0.919,728.8,1,1.653,5290,650,0
26.1167,-0.6084,-42.261,-0.000,-0.018,0.920,728.8,1,1.653,5291,651,0
26.1333,-0.6087,-42.222,-0.000,-0.018,0.920,728.8,1,1.652,5292,651,0
26.1500,-0.6090,-42.183,-0.000,-0.018,0.921,728.8,1,1.652,5293,651,0
26.1667,-0.6093,-42.144,-0.000,-0.018,0.922,728.8,1,1.651,5294,651,0
26.1833,-0.6096,-42.105,-0.000,-0.018,0.923,728.8,1,1.651,5296,651,0
26.2000,-0.6099,-42.066,-0.000,-0.018,0.924,728.8,1,1.650,5297,651,0
26.2167,-0.6102,-42.027,-0.000,-0.018,0.925,728.8,1,1.650,5298,651,0
26.2333,-0.6105,-41.988,-0.000,-0.018,0.925,728.8,1,1.649,5300,652,0
26.2500,-0.6108,-41.949,-0.000,-0.018,0.926,728.8,1,1.649,5302,652,0
26.2667,-0.6111,-41.910,-0.000,-0.017,0.927,728.8,1,1.648,5303,652,0
26.2833,-0.6113,-41.872,-0.000,-0.017,0.928,728.8,1,1.648,5305,653,0
26.3000,-0.6116,-41.833,-0.000,-0.017,0.929,728.8,1,1.647,5306,653,0
26.3167,-0.6119,-41.795,-0.000,-0.016,0.930,728.8,1,1.647,5308,653,0
26.3333,-0.6122,-41.756,-0.001,-0.016,0.930,728.8,1,1.646,5309,654,0
26.3500,-0.6124,-41.718,-0.001,-0.016,0.931,728.8,1,1.646,5311,654,0
26.3667,-0.6127,-41.680,-0.001,-0.015,0.932,728.8,1,1.645,5312,654,0
26.3833,-0.6129,-41.642,-0.001,-0.015,0.933,728.8,1,1.645,5313,655,0
26.4000,-0.6132,-41.605,-0.001,-0.014,0.933,728.8,1,1.644,5314,655,0
26.4167,-0.6134,-41.568,-0.001,-0.014,0.934,728.8,1,1.644,5315,655,0
26.4333,-0.6137,-41.531,-0.001,-0.014,0.935,728.8,1,1.643,5316,655,0
26.4500,-0.6139,-41.494,-0.001,-0.013,0.936,728.8,1,1.643,5317,656,0
26.4667,-0.6141,-41.458,-0.001,-0.013,0.936,728.8,1,1.642,5318,656,0
26.4833,-0.6143,-41.422,-0.001,-0.012,0.937,728.8,1,1.641,5320,656,0
26.5000,-0.6145,-41.387,-0.001,-0.012,0.938,728.8,1,1.641,5321,656,0
26.5167,-0.6147,-41.352,-0.001,-0.011,0.938,728.8,1,1.640,5322,657,0
26.5333,-0.6149,-41.317,-0.001,-0.011,0.939,728.8,1,1.640,5324,657,0
26.5500,-0.6151,-41.284,-0.001,-0.010,0.940,728.8,1,1.639,5325,657,0
26.5667,-0.6152,-41.251,-0.001,-0.010,0.940,728.8,1,1.639,5326,657,0
26.5833,-0.6154,-41.218,-0.001,-0.009,0.941,728.8,1,1.638,5327,658,0
26.6000,-0.6155,-41.187,-0.001,-0.009,0.941,728.8,1,1.638,5329,658,0
26.6167,-0.6157,-41.156,-0.001,-0.008,0.942,728.8,1,1.637,5330,658,0
26.6333,-0.6158,-41.127,-0.001,-0.008,0.943,728.8,1,1.637,5331,658,0
26.6500,-0.6159,-41.098,-0.001,-0.007,0.943,728.8,1,1.636,5331,658,0
26.6667,-0.6160,-41.070,-0.001,-0.006,0.944,728.8,1,1.636,5332,658,0
26.6833,-0.6161,-41.043,-0.001,-0.006,0.944,728.8,1,1.636,5332,659,0
26.7000,-0.6162,-41.017,-0.001,-0.005,0.945,728.8,1,1.635,5332,659,0
26.7167,-0.6163,-40.993,-0.001,-0.005,0.945,728.8,1,1.635,5332,659,0
26.7333,-0.6164,-40.970,-0.001,-0.005,0.946,728.8,1,1.634,5332,659,0
26.7500,-0.6165,-40.948,-0.001,-0.004,0.946,728.8,1,1.634,5332,659,0
26.7667,-0.6165,-40.927,-0.001,-0.004,0.947,728.8,1,1.634,5332,659,0
26.7833,-0.6166,-40.907,-0.001,-0.004,0.947,728.8,1,1.633,5331,659,0
26.8000,-0.6167,-40.889,-0.001,-0.003,0.948,728.8,1,1.633,5331,659,0
26.8167,-0.6167,-40.872,-0.001,-0.003,0.948,728.8,1,1.633,5330,659,0
26.8333,-0.6168,-40.857,-0.001,-0.003,0.949,728.8,1,1.632,5330,659,0
26.8500,-0.6168,-40.843,-0.001,-0.003,0.949,728.8,1,1.632,5329,659,0
26.8667,-0.6168,-40.830,-0.001,-0.003,0.950,728.8,1,1.632,5329,659,0
26.8833,-0.6169,-40.819,-0.001,-0.002,0.950,728.8,1,1.632,5328,659,0
26.9000,-0.6169,-40.809,-0.001,-0.002,0.950,728.8,1,1.631,5328,659,0
26.9167,-0.6170,-40.801,-0.001,-0.002,0.951,728.8,1,1.631,5328,659,0
26.9333,-0.6170,-40.794,-0.001,-0.002,0.951,728.8,1,1.631,5327,659,0
26.9500,-0.6170,-40.788,-0.001,-0.002,0.952,728.8,1,1.631,5327,660,0
26.9667,-0.6171,-40.784,-0.001,-0.002,0.952,728.8,1,1.631,5327,660,0
26.9833,-0.6171,-40.781,-0.001,-0.003,0.952,728.8,1,1.631,5327,660,0
27.0000,-0.6172,-40.780,-0.001,-0.003,0.953,728.8,1,1.631,5328,660,0
27.0167,-0.6172,-40.779,-0.001,-0.003,0.953,728.8,1,1.631,5328,660,0
27.0333,-0.6173,-40.780,-0.001,-0.003,0.953,728.8,1,1.631,5329,661,0
27.0500,-0.6173,-40.782,-0.001,-0.003,0.954,728.8,1,1.631,5330,661,0
27.0667,-0.6174,-40.786,-0.001,-0.003,0.954,728.8,1,1.631,5331,662,0
27.0833,-0.6174,-40.790,-0.001,-0.003,0.954,728.8,1,1.632,5332,662,0
27.1000,-0.6175,-40.796,-0.001,-0.003,0.954,728.8,1,1.632,5333,663,0
27.1167,-0.6175,-40.802,-0.001,-0.003,0.955,728.8,1,1.632,5335,663,0
27.1333,-0.6176,-40.809,-0.001,-0.003,0.955,728.8,1,1.632,5336,664,0
27.1500,-0.6176,-40.817,-0.001,-0.003,0.955,728.8,1,1.632,5338,665,0
27.1667,-0.6177,-40.826,-0.001,-0.003,0.955,728.8,1,1.633,5339,665,0
27.1833,-0.6177,-40.836,-0.001,-0.003,0.955,728.8,1,1.633,5341,666,0
27.2000,-0.6178,-40.846,-0.001,-0.003,0.955,728.8,1,1.633,5343,667,0
27.2167,-0.6178,-40.857,-0.001,-0.003,0.955,728.8,1,1.633,5345,668,0
27.2333,-0.6179,-40.869,-0.001,-0.003,0.955,728.8,1,1.634,5346,669,0
27.2500,-0.6179,-40.881,-0.001,-0.003,0.955,728.8,1,1.634,5348,669,0
27.2667,-0.6180,-40.893,-0.001,-0.003,0.955,728.8,1,1.634,5350,670,0
27.2833,-0.6180,-40.906,-0.001,-0.003,0.955,728.8,1,1.635,5351,671,0
27.3000,-0.6181,-40.919,-0.001,-0.002,0.955,728.8,1,1.635,5352,672,0
27.3167,-0.6181,-40.932,-0.001,-0.002,0.954,728.8,1,1.635,5354,673,0
27.3333,-0.6181,-40.946,-0.001,-0.002,0.954,728.8,1,1.636,5355,674,0
27.3500,-0.6182,-40.959,-0.001,-0.002,0.954,728.8,1,1.636,5356,674,0
27.3667,-0.6182,-40.973,-0.001,-0.002,0.954,728.8,1,1.636,5357,675,0
27.3833,-0.6182,-40.986,-0.001,-0.001,0.953,728.8,1,1.636,5358,676,0
27.4000,-0.6182,-40.999,-0.001,-0.001,0.953,728.8,1,1.637,5358,676,0
27.4167,-0.6183,-41.013,-0.001,-0.001,0.953,728.8,1,1.637,5359,677,0
27.4333,-0.6183,-41.026,-0.001,-0.001,0.952,728.8,1,1.637,5359,678,0
27.4500,-0.6183,-41.038,-0.001,-0.001,0.952,728.8,1,1.638,5359,678,0
27.4667,-0.6183,-41.051,-0.001,-0.001,0.952,728.8,1,1.638,5359,678,0
27.4833,-0.6183,-41.063,-0.001,-0.000,0.951,728.8,1,1.638,5359,679,0
27.5000,-0.6183,-41.075,-0.001,-0.000,0.951,728.8,1,1.638,5359,679,0
27.5167,-0.6183,-41.086,-0.001,-0.000,0.950,728.8,1,1.639,5359,679,0
27.5333,-0.6183,-41.097,-0.001,-0.000,0.950,728.8,1,1.639,5358,680,0
27.5500,-0.6183,-41.107,-0.001,-0.000,0.949,728.8,1,1.639,5358,680,0
27.5667,-0.6183,-41.117,-0.001,-0.000,0.949,728.8,1,1.639,5357,680,0
27.5833,-0.6183,-41.126,-0.001,0.000,0.948,728.8,1,1.639,5356,680,0
27.6000,-0.6183,-41.135,-0.001,0.000,0.948,728.8,1,1.640,5356,680,0
27.6167,-0.6183,-41.143,-0.001,0.000,0.947,728.8,1,1.640,5355,679,0
27.6333,-0.6183,-41.151,-0.001,-0.000,0.947,728.8,1,1.640,5354,679,0
27.6500,-0.6183,-41.158,-0.001,-0.000,0.947,728.8,1,1.640,5353,679,0
27.6667,-0.6183,-41.164,-0.001,-0.000,0.946,728.8,1,1.640,5352,679,0
27.6833,-0.6183,-41.169,-0.001,-0.000,0.946,728.8,1,1.640,5351,679,0
27.7000,-0.6183,-41.174,-0.001,-0.000,0.945,728.8,1,1.640,5350,678,0
27.7167,-0.6183,-41.179,-0.001,-0.000,0.945,728.8,1,1.641,5349,678,0
27.7333,-0.6183,-41.182,-0.001,-0.001,0.945,728.8,1,1.641,5348,678,0
27.7500,-0.6184,-41.185,-0.001,-0.001,0.944,728.8,1,1.641,5347,677,0
27.7667,-0.6184,-41.188,-0.001,-0.001,0.944,728.8,1,1.641,5346,677,0
27.7833,-0.6184,-41.189,-0.001,-0.001,0.944,728.8,1,1.641,5345,676,0
27.8000,-0.6184,-41.190,-0.001,-0.001,0.943,728.8,1,1.641,5345,676,0
27.8167,-0.6184,-41.191,-0.001,-0.001,0.943,728.8,1,1.641,5344,676,0
27.8333,-0.6184,-41.191,-0.001,-0.001,0.943,728.8,1,1.641,5343,675,0
27.8500,-0.6185,-41.190,-0.001,-0.001,0.943,728.8,1,1.641,5343,675,0
27.8667,-0.6185,-41.188,-0.001,-0.002,0.942,728.8,1,1.641,5342,674,0
27.8833,-0.6185,-41.186,-0.001,-0.002,0.942,728.8,1,1.641,5341,674,0
27.9000,-0.6185,-41.183,-0.001,-0.002,0.942,728.8,1,1.641,5341,673,0
27.9167,-0.6186,-41.180,-0.001,-0.002,0.942,728.8,1,1.641,5340,673,0
27.9333,-0.6186,-41.176,-0.001,-0.002,0.942,728.8,1,1.641,5340,672,0
27.9500,-0.6186,-41.172,-0.001,-0.002,0.942,728.8,1,1.641,5340,672,0
27.9667,-0.6187,-41.167,-0.001,-0.002,0.941,728.8,1,1.641,5339,672,0
27.9833,-0.6187,-41.162,-0.001,-0.002,0.941,728.8,1,1.641,5339,671,0
28.0000,-0.6188,-41.156,-0.001,-0.003,0.941,728.8,1,1.640,5339,671,0
28.0167,-0.6188,-41.149,-0.001,-0.003,0.941,728.8,1,1.640,5338,671,0
28.0333,-0.6189,-41.143,-0.001,-0.003,0.941,728.8,1,1.640,5338,670,0
28.0500,-0.6189,-41.136,-0.001,-0.003,0.941,728.8,1,1.640,5338,670,0
28.0667,-0.6190,-41.128,-0.001,-0.003,0.941,728.8,1,1.640,5338,670,0
28.0833,-0.6190,-41.120,-0.001,-0.003,0.941,728.8,1,1.640,5338,669,0
28.1000,-0.6190,-41.112,-0.001,-0.003,0.941,728.8,1,1.640,5338,669,0
28.1167,-0.6191,-41.104,-0.001,-0.003,0.941,728.8,1,1.640,5337,669,0
28.1333,-0.6191,-41.095,-0.001,-0.003,0.941,728.8,1,1.640,5337,669,0
28.1500,-0.6192,-41.086,-0.001,-0.003,0.941,728.8,1,1.639,5337,668,0
28.1667,-0.6192,-41.077,-0.001,-0.003,0.941,728.8,1,1.639,5337,668,0
28.1833,-0.6193,-41.067,-0.001,-0.003,0.941,728.8,1,1.639,5337,668,0
28.2000,-0.6193,-41.058,-0.001,-0.003,0.942,728.8,1,1.639,5337,668,0
28.2167,-0.6194,-41.048,-0.001,-0.003,0.942,728.8,1,1.639,5337,667,0
28.2333,-0.6194,-41.039,-0.001,-0.003,0.942,728.8,1,1.639,5337,667,0
28.2500,-0.6195,-41.029,-0.001,-0.003,0.942,728.8,1,1.639,5337,667,0
28.2667,-0.6195,-41.019,-0.001,-0.003,0.942,728.8,1,1.638,5337,667,0
28.2833,-0.6196,-41.009,-0.001,-0.003,0.942,728.8,1,1.638,5337,667,0
28.3000,-0.6196,-41.000,-0.001,-0.003,0.942,728.8,1,1.638,5337,667,0
28.3167,-0.6197,-40.990,-0.001,-0.003,0.942,728.8,1,1.638,5337,666,0
28.3333,-0.6197,-40.981,-0.001,-0.003,0.943,728.8,1,1.638,5337,666,0
28.3500,-0.6198,-40.971,-0.001,-0.003,0.943,728.8,1,1.638,5337,666,0
28.3667,-0.6198,-40.962,-0.001,-0.003,0.943,728.8,1,1.638,5336,666,0
28.3833,-0.6199,-40.953,-0.001,-0.003,0.943,728.8,1,1.637,5336,666,0
28.4000,-0.6199,-40.944,-0.001,-0.003,0.943,728.8,1,1.637,5336,666,0
28.4167,-0.6200,-40.935,-0.001,-0.003,0.943,728.8,1,1.637,5336,666,0
28.4333,-0.6200,-40.926,-0.001,-0.003,0.944,728.8,1,1.637,5336,666,0
28.4500,-0.6201,-40.918,-0.001,-0.003,0.944,728.8,1,1.637,5336,666,0
28.4667,-0.6201,-40.910,-0.001,-0.003,0.944,728.8,1,1.637,5336,666,0
28.4833,-0.6201,-40.902,-0.001,-0.003,0.944,728.8,1,1.637,5336,666,0
28.5000,-0.6202,-40.895,-0.001,-0.003,0.944,728.8,1,1.637,5337,666,0
28.5167,-0.6202,-40.888,-0.001,-0.003,0.944,728.8,1,1.636,5337,666,0
28.5333,-0.6203,-40.881,-0.001,-0.003,0.945,728.8,1,1.636,5337,666,0
28.5500,-0.6203,-40.875,-0.001,-0.003,0.945,728.8,1,1.636,5337,666,0
28.5667,-0.6204,-40.869,-0.001,-0.003,0.945,728.8,1,1.636,5337,666,0
28.5833,-0.6204,-40.863,-0.001,-0.003,0.945,728.8,1,1.636,5337,666,0
28.6000,-0.6204,-40.858,-0.001,-0.003,0.945,728.8,1,1.636,5337,666,0
28.6167,-0.6205,-40.853,-0.001,-0.003,0.946,728.8,1,1.636,5338,666,0
28.6333,-0.6205,-40.848,-0.001,-0.003,0.946,728.8,1,1.636,5338,666,0
28.6500,-0.6206,-40.844,-0.001,-0.003,0.946,728.8,1,1.636,5338,666,0
28.6667,-0.6206,-40.840,-0.001,-0.003,0.946,728.8,1,1.636,5338,666,0
28.6833,-0.6207,-40.837,-0.001,-0.003,0.946,728.8,1,1.636,5339,666,0
28.7000,-0.6207,-40.833,-0.001,-0.003,0.946,728.8,1,1.636,5339,666,0
28.7167,-0.6207,-40.831,-0.001,-0.003,0.946,728.8,1,1.636,5339,667,0
28.7333,-0.6208,-40.828,-0.001,-0.003,0.947,728.8,1,1.636,5340,667,0
28.7500,-0.6208,-40.826,-0.001,-0.002,0.947,728.8,1,1.636,5340,667,0
28.7667,-0.6209,-40.825,-0.001,-0.002,0.947,728.8,1,1.636,5340,667,0
28.7833,-0.6209,-40.823,-0.001,-0.002,0.947,728.8,1,1.636,5341,667,0
28.8000,-0.6210,-40.822,-0.001,-0.002,0.947,728.8,1,1.636,5341,667,0
28.8167,-0.6210,-40.822,-0.001,-0.002,0.947,728.8,1,1.636,5341,668,0
28.8333,-0.6210,-40.821,-0.001,-0.002,0.947,728.8,1,1.636,5342,668,0
28.8500,-0.6211,-40.821,-0.001,-0.002,0.947,728.8,1,1.636,5342,668,0
28.8667,-0.6211,-40.822,-0.001,-0.002,0.947,728.8,1,1.636,5343,668,0
28.8833,-0.6212,-40.822,-0.001,-0.002,0.947,728.8,1,1.636,5343,669,0
28.9000,-0.6212,-40.823,-0.001,-0.002,0.947,728.8,1,1.636,5343,669,0
28.9167,-0.6212,-40.824,-0.001,-0.002,0.947,728.8,1,1.636,5344,669,0
28.9333,-0.6213,-40.825,-0.001,-0.002,0.947,728.8,1,1.636,5344,669,0
28.9500,-0.6213,-40.826,-0.001,-0.002,0.948,728.8,1,1.636,5344,669,0
28.9667,-0.6213,-40.828,-0.001,-0.002,0.948,728.8,1,1.636,5345,670,0
28.9833,-0.6214,-40.830,-0.001,-0.002,0.948,728.8,1,1.636,5345,670,0
29.0000,-0.6214,-40.832,-0.001,-0.002,0.947,728.8,1,1.636,5345,670,0
29.0167,-0.6215,-40.834,-0.001,-0.002,0.947,728.8,1,1.637,5346,670,0
29.0333,-0.6215,-40.836,-0.001,-0.002,0.947,728.8,1,1.637,5346,671,0
29.0500,-0.6215,-40.838,-0.001,-0.002,0.947,728.8,1,1.637,5346,671,0
29.0667,-0.6216,-40.840,-0.001,-0.002,0.947,728.8,1,1.637,5347,671,0
29.0833,-0.6216,-40.843,-0.001,-0.002,0.947,728.8,1,1.637,5347,671,0
29.1000,-0.6216,-40.845,-0.001,-0.002,0.947,728.8,1,1.637,5347,671,0
29.1167,-0.6217,-40.847,-0.001,-0.002,0.947,728.8,1,1.637,5347,672,0
29.1333,-0.6217,-40.850,-0.001,-0.002,0.947,728.8,1,1.637,5347,672,0
29.1500,-0.6217,-40.852,-0.001,-0.002,0.947,728.8,1,1.637,5348,672,0
29.1667,-0.6218,-40.854,-0.001,-0.002,0.947,728.8,1,1.637,5348,672,0
29.1833,-0.6218,-40.857,-0.001,-0.002,0.947,728.8,1,1.637,5348,672,0
29.2000,-0.6218,-40.859,-0.001,-0.002,0.947,728.8,1,1.637,5348,672,0
29.2167,-0.6219,-40.861,-0.001,-0.002,0.947,728.8,1,1.637,5348,672,0
29.2333,-0.6219,-40.863,-0.001,-0.002,0.947,728.8,1,1.638,5348,673,0
29.2500,-0.6219,-40.865,-0.001,-0.002,0.946,728.8,1,1.638,5348,673,0
29.2667,-0.6220,-40.867,-0.001,-0.002,0.946,728.8,1,1.638,5348,673,0
29.2833,-0.6220,-40.868,-0.001,-0.002,0.946,728.8,1,1.638,5348,673,0
29.3000,-0.6220,-40.870,-0.001,-0.002,0.946,728.8,1,1.638,5348,673,0
29.3167,-0.6221,-40.871,-0.001,-0.002,0.946,728.8,1,1.638,5348,673,0
29.3333,-0.6221,-40.873,-0.001,-0.002,0.946,728.8,1,1.638,5348,673,0
29.3500,-0.6221,-40.874,-0.001,-0.002,0.946,728.8,1,1.638,5348,673,0
29.3667,-0.6221,-40.875,-0.001,-0.002,0.946,728.8,1,1.638,5348,673,0
29.3833,-0.6222,-40.875,-0.001,-0.002,0.946,728.8,1,1.638,5348,673,0
29.4000,-0.6222,-40.876,-0.001,-0.002,0.945,728.8,1,1.638,5348,673,0
29.4167,-0.6222,-40.876,-0.001,-0.002,0.945,728.8,1,1.638,5348,673,0
29.4333,-0.6223,-40.877,-0.001,-0.002,0.945,728.8,1,1.638,5348,673,0
29.4500,-0.6223,-40.877,-0.001,-0.002,0.945,728.8,1,1.638,5348,673,0
29.4667,-0.6223,-40.876,-0.001,-0.002,0.945,728.8,1,1.638,5348,673,0
29.4833,-0.6224,-40.876,-0.001,-0.002,0.945,728.8,1,1.638,5348,673,0
29.5000,-0.6224,-40.875,-0.001,-0.002,0.945,728.8,1,1.638,5348,673,0
29.5167,-0.6224,-40.875,-0.001,-0.002,0.945,728.8,1,1.638,5347,673,0
29.5333,-0.6225,-40.874,-0.001,-0.002,0.945,728.8,1,1.638,5347,673,0
29.5500,-0.6225,-40.872,-0.001,-0.002,0.944,728.8,1,1.638,5347,673,0
29.5667,-0.6225,-40.871,-0.001,-0.002,0.944,728.8,1,1.638,5347,672,0
29.5833,-0.6226,-40.870,-0.001,-0.002,0.944,728.8,1,1.638,5347,672,0
29.6000,-0.6226,-40.868,-0.001,-0.002,0.944,728.8,1,1.638,5347,672,0
29.6167,-0.6226,-40.866,-0.001,-0.002,0.944,728.8,1,1.638,5347,672,0
29.6333,-0.6226,-40.864,-0.001,-0.002,0.944,728.8,1,1.638,5346,672,0
29.6500,-0.6227,-40.862,-0.001,-0.002,0.944,728.8,1,1.638,5346,672,0
29.6667,-0.6227,-40.859,-0.001,-0.002,0.944,728.8,1,1.638,5346,672,0
29.6833,-0.6227,-40.857,-0.001,-0.002,0.944,728.8,1,1.638,5346,672,0
29.7000,-0.6228,-40.854,-0.001,-0.002,0.944,728.8,1,1.638,5346,672,0
29.7167,-0.6228,-40.851,-0.001,-0.002,0.944,728.8,1,1.638,5346,672,0
29.7333,-0.6228,-40.848,-0.001,-0.002,0.944,728.8,1,1.638,5346,671,0
29.7500,-0.6229,-40.845,-0.001,-0.002,0.944,728.8,1,1.638,5346,671,0
29.7667,-0.6229,-40.842,-0.001,-0.002,0.944,728.8,1,1.638,5345,671,0
29.7833,-0.6229,-40.839,-0.001,-0.002,0.944,728.8,1,1.638,5345,671,0
29.8000,-0.6230,-40.836,-0.001,-0.002,0.944,728.8,1,1.638,5345,671,0
29.8167,-0.6230,-40.833,-0.001,-0.002,0.944,728.8,1,1.638,5345,671,0
29.8333,-0.6230,-40.829,-0.001,-0.002,0.944,728.8,1,1.638,5345,671,0
29.8500,-0.6231,-40.826,-0.001,-0.002,0.944,728.8,1,1.638,5345,671,0
29.8667,-0.6231,-40.822,-0.001,-0.002,0.944,728.8,1,1.638,5345,671,0
29.8833,-0.6231,-40.819,-0.001,-0.002,0.944,728.8,1,1.638,5345,671,0
29.9000,-0.6232,-40.815,-0.001,-0.002,0.944,728.8,1,1.638,5345,671,0
29.9167,-0.6232,-40.811,-0.001,-0.002,0.944,728.8,1,1.638,5345,670,0
29.9333,-0.6232,-40.808,-0.001,-0.002,0.944,728.8,1,1.638,5345,670,0
29.9500,-0.6233,-40.804,-0.001,-0.002,0.944,728.8,1,1.638,5345,670,0
29.9667,-0.6233,-40.801,-0.001,-0.002,0.944,728.8,1,1.638,5345,670,0
29.9833,-0.6233,-40.797,-0.001,-0.002,0.944,728.8,1,1.638,5345,670,0
30.0000,-0.6234,-40.793,-0.001,-0.002,0.944,728.8,1,1.638,5345,670,0
30.0167,-0.6234,-40.790,-0.001,-0.002,0.944,728.8,1,1.638,5344,670,0
30.0333,-0.6234,-40.787,-0.001,-0.002,0.944,728.8,1,1.638,5344,670,0
30.0500,-0.6235,-40.783,-0.001,-0.002,0.944,728.8,1,1.637,5344,670,0
30.0667,-0.6235,-40.780,-0.001,-0.002,0.944,728.8,1,1.637,5345,670,0
30.0833,-0.6235,-40.777,-0.001,-0.002,0.944,728.8,1,1.637,5345,670,0
30.1000,-0.6236,-40.773,-0.001,-0.002,0.944,728.8,1,1.637,5345,670,0
30.1167,-0.6236,-40.770,-0.001,-0.002,0.944,728.8,1,1.637,5345,670,0
30.1333,-0.6236,-40.767,-0.001,-0.002,0.944,728.8,1,1.637,5345,670,0
30.1500,-0.6237,-40.764,-0.001,-0.002,0.944,728.8,1,1.637,5345,670,0
30.1667,-0.6237,-40.762,-0.001,-0.002,0.944,728.8,1,1.637,5345,670,0
30.1833,-0.6238,-40.759,-0.001,-0.002,0.944,728.8,1,1.637,5345,670,0
30.2000,-0.6238,-40.756,-0.001,-0.002,0.944,728.8,1,1.637,5345,670,0
30.2167,-0.6238,-40.754,-0.001,-0.002,0.944,728.8,1,1.637,5345,670,0
30.2333,-0.6239,-40.751,-0.001,-0.002,0.944,728.8,1,1.637,5345,670,0
30.2500,-0.6239,-40.749,-0.001,-0.002,0.944,728.8,1,1.637,5345,670,0
30.2667,-0.6239,-40.747,-0.001,-0.002,0.944,728.8,1,1.637,5345,670,0
30.2833,-0.6240,-40.745,-0.001,-0.002,0.944,728.8,1,1.637,5345,670,0
30.3000,-0.6240,-40.743,-0.001,-0.002,0.944,728.8,1,1.637,5345,670,0
30.3167,-0.6240,-40.741,-0.001,-0.002,0.944,728.8,1,1.637,5345,670,0
30.3333,-0.6241,-40.739,-0.001,-0.002,0.944,728.8,1,1.637,5346,670,0
30.3500,-0.6241,-40.738,-0.001,-0.002,0.944,728.8,1,1.637,5346,670,0
30.3667,-0.6241,-40.736,-0.001,-0.002,0.944,728.8,1,1.637,5346,670,0
30.3833,-0.6242,-40.735,-0.001,-0.002,0.945,728.8,1,1.637,5346,670,0
30.4000,-0.6242,-40.734,-0.001,-0.002,0.945,728.8,1,1.637,5346,670,0
30.4167,-0.6242,-40.732,-0.001,-0.002,0.945,728.8,1,1.637,5346,670,0
30.4333,-0.6243,-40.731,-0.001,-0.002,0.945,728.8,1,1.637,5346,670,0
30.4500,-0.6243,-40.730,-0.001,-0.002,0.945,728.8,1,1.637,5346,671,0
30.4667,-0.6243,-40.729,-0.001,-0.002,0.945,728.8,1,1.637,5347,671,0
30.4833,-0.6244,-40.729,-0.001,-0.002,0.945,728.8,1,1.637,5347,671,0
30.5000,-0.6244,-40.728,-0.001,-0.002,0.945,728.8,1,1.637,5347,671,0
30.5167,-0.6244,-40.727,-0.001,-0.002,0.945,728.8,1,1.637,5347,671,0
30.5333,-0.6245,-40.727,-0.001,-0.002,0.945,728.8,1,1.637,5347,671,0
30.5500,-0.6245,-40.726,-0.001,-0.002,0.945,728.8,1,1.637,5347,671,0
30.5667,-0.6246,-40.726,-0.001,-0.002,0.945,728.8,1,1.637,5347,671,0
30.5833,-0.6246,-40.725,-0.001,-0.002,0.945,728.8,1,1.637,5348,671,0
30.6000,-0.6246,-40.725,-0.001,-0.002,0.945,728.8,1,1.637,5348,671,0
30.6167,-0.6247,-40.725,-0.001,-0.002,0.945,728.8,1,1.637,5348,671,0
30.6333,-0.6247,-40.724,-0.001,-0.002,0.945,728.8,1,1.637,5348,671,0
30.6500,-0.6247,-40.724,-0.001,-0.002,0.945,728.8,1,1.638,5348,671,0
30.6667,-0.6248,-40.724,-0.001,-0.002,0.944,728.8,1,1.638,5348,672,0
30.6833,-0.6248,-40.724,-0.001,-0.002,0.944,728.8,1,1.638,5348,672,0
30.7000,-0.6248,-40.724,-0.001,-0.002,0.944,728.8,1,1.638,5348,672,0
30.7167,-0.6249,-40.723,-0.001,-0.002,0.944,728.8,1,1.638,5348,672,0
30.7333,-0.6249,-40.723,-0.001,-0.002,0.944,728.8,1,1.638,5349,672,0
30.7500,-0.6249,-40.723,-0.001,-0.002,0.944,728.8,1,1.638,5349,672,0
30.7667,-0.6250,-40.723,-0.001,-0.002,0.944,728.8,1,1.638,5349,672,0
30.7833,-0.6250,-40.723,-0.001,-0.002,0.944,728.8,1,1.638,5349,672,0
30.8000,-0.6250,-40.723,-0.001,-0.002,0.944,728.8,1,1.638,5349,672,0
30.8167,-0.6251,-40.722,-0.001,-0.002,0.944,728.8,1,1.638,5349,672,0
30.8333,-0.6251,-40.722,-0.001,-0.002,0.944,728.8,1,1.638,5349,672,0
30.8500,-0.6251,-40.722,-0.001,-0.002,0.944,728.8,1,1.638,5349,672,0
30.8667,-0.6252,-40.722,-0.001,-0.002,0.944,728.8,1,1.638,5349,672,0
30.8833,-0.6252,-40.721,-0.001,-0.002,0.944,728.8,1,1.638,5349,672,0
30.9000,-0.6252,-40.721,-0.001,-0.002,0.944,728.8,1,1.638,5349,672,0
30.9167,-0.6253,-40.720,-0.001,-0.002,0.944,728.8,1,1.638,5349,672,0
30.9333,-0.6253,-40.720,-0.001,-0.002,0.944,728.8,1,1.638,5349,672,0
30.9500,-0.6253,-40.720,-0.001,-0.002,0.944,728.8,1,1.638,5349,672,0
30.9667,-0.6254,-40.719,-0.001,-0.002,0.944,728.8,1,1.638,5349,672,0
30.9833,-0.6254,-40.718,-0.001,-0.002,0.944,728.8,1,1.638,5349,672,0
31.0000,-0.6254,-40.718,-0.001,-0.002,0.944,728.8,1,1.638,5349,672,0
31.0167,-0.6254,-40.717,-0.001,-0.002,0.944,728.8,1,1.638,5349,672,0
31.0333,-0.6255,-40.716,-0.001,-0.002,0.944,728.8,1,1.638,5349,672,0
31.0500,-0.6255,-40.715,-0.001,-0.002,0.944,728.8,1,1.638,5349,672,0
31.0667,-0.6255,-40.715,-0.001,-0.002,0.943,728.8,1,1.638,5349,672,0
31.0833,-0.6256,-40.714,-0.001,-0.002,0.943,728.8,1,1.638,5349,672,0
31.1000,-0.6256,-40.713,-0.001,-0.002,0.943,728.8,1,1.638,5349,672,0
31.1167,-0.6256,-40.711,-0.001,-0.002,0.943,728.8,1,1.638,5349,672,0
31.1333,-0.6257,-40.710,-0.001,-0.002,0.943,728.8,1,1.638,5349,672,0
31.1500,-0.6257,-40.709,-0.001,-0.002,0.943,728.8,1,1.638,5349,672,0
31.1667,-0.6257,-40.708,-0.001,-0.002,0.943,728.8,1,1.638,5349,672,0
31.1833,-0.6258,-40.707,-0.001,-0.002,0.943,728.8,1,1.638,5349,672,0
31.2000,-0.6258,-40.705,-0.001,-0.002,0.943,728.8,1,1.638,5349,672,0
31.2167,-0.6258,-40.704,-0.001,-0.002,0.943,728.8,1,1.638,5349,672,0
31.2333,-0.6259,-40.702,-0.001,-0.002,0.943,728.8,1,1.638,5349,672,0
31.2500,-0.6259,-40.701,-0.001,-0.002,0.943,728.8,1,1.638,5349,672,0
31.2667,-0.6259,-40.699,-0.001,-0.002,0.943,728.8,1,1.638,5349,672,0
31.2833,-0.6260,-40.698,-0.001,-0.002,0.943,728.8,1,1.638,5349,672,0
31.3000,-0.6260,-40.696,-0.001,-0.002,0.943,728.8,1,1.638,5349,672,0
31.3167,-0.6260,-40.695,-0.001,-0.002,0.943,728.8,1,1.638,5349,672,0
31.3333,-0.6260,-40.693,-0.001,-0.002,0.943,728.8,1,1.638,5349,672,0
31.3500,-0.6261,-40.691,-0.001,-0.002,0.943,728.8,1,1.638,5349,672,0
31.3667,-0.6261,-40.690,-0.001,-0.002,0.943,728.8,1,1.638,5349,672,0
31.3833,-0.6261,-40.688,-0.001,-0.002,0.943,728.8,1,1.638,5349,672,0
31.4000,-0.6262,-40.686,-0.001,-0.002,0.943,728.8,1,1.638,5349,672,0
31.4167,-0.6262,-40.684,-0.001,-0.002,0.943,728.8,1,1.638,5349,672,0
31.4333,-0.6262,-40.682,-0.001,-0.002,0.943,728.8,1,1.638,5349,672,0
31.4500,-0.6263,-40.681,-0.001,-0.002,0.943,728.8,1,1.638,5349,672,0
31.4667,-0.6263,-40.679,-0.001,-0.002,0.943,728.8,1,1.638,5349,672,0
31.4833,-0.6263,-40.677,-0.001,-0.002,0.943,728.8,1,1.638,5349,672,0
31.5000,-0.6264,-40.675,-0.001,-0.002,0.943,728.8,1,1.638,5349,672,0
31.5167,-0.6264,-40.673,-0.001,-0.002,0.943,728.8,1,1.638,5349,672,0
31.5333,-0.6264,-40.671,-0.001,-0.002,0.943,728.8,1,1.638,5349,672,0
31.5500,-0.6265,-40.670,-0.001,-0.002,0.943,728.8,1,1.638,5349,672,0
31.5667,-0.6265,-40.668,-0.001,-0.002,0.943,728.8,1,1.638,5349,672,0
31.5833,-0.6265,-40.666,-0.001,-0.002,0.943,728.8,1,1.638,5349,672,0
31.6000,-0.6265,-40.664,-0.001,-0.002,0.943,728.8,1,1.638,5349,672,0
31.6167,-0.6266,-40.662,-0.001,-0.002,0.943,728.8,1,1.638,5349,672,0
31.6333,-0.6266,-40.661,-0.001,-0.002,0.943,728.8,1,1.638,5349,672,0
31.6500,-0.6266,-40.659,-0.001,-0.002,0.943,728.8,1,1.638,5349,672,0
31.6667,-0.6267,-40.657,-0.001,-0.002,0.943,728.8,1,1.638,5349,672,0
31.6833,-0.6267,-40.656,-0.001,-0.002,0.943,728.8,1,1.638,5349,672,0
31.7000,-0.6267,-40.654,-0.001,-0.002,0.943,728.8,1,1.638,5349,672,0
31.7167,-0.6268,-40.652,-0.001,-0.002,0.943,728.8,1,1.638,5349,672,0
31.7333,-0.6268,-40.651,-0.001,-0.002,0.943,728.8,1,1.638,5349,672,0
31.7500,-0.6268,-40.649,-0.001,-0.002,0.943,728.8,1,1.638,5349,672,0
31.7667,-0.6269,-40.648,-0.001,-0.002,0.942,728.8,1,1.638,5349,672,0
31.7833,-0.6269,-40.646,-0.001,-0.002,0.942,728.8,1,1.638,5349,672,0
31.8000,-0.6269,-40.645,-0.001,-0.002,0.942,728.8,1,1.638,5349,672,0
31.8167,-0.6270,-40.643,-0.001,-0.002,0.942,728.8,1,1.638,5350,672,0
31.8333,-0.6270,-40.642,-0.001,-0.002,0.942,728.8,1,1.638,5350,672,0
31.8500,-0.6270,-40.641,-0.001,-0.002,0.942,728.8,1,1.638,5350,672,0
31.8667,-0.6271,-40.639,-0.001,-0.002,0.942,728.8,1,1.638,5350,672,0
31.8833,-0.6271,-40.638,-0.001,-0.002,0.942,728.8,1,1.638,5350,672,0
31.9000,-0.6271,-40.637,-0.001,-0.002,0.942,728.8,1,1.638,5350,672,0
31.9167,-0.6272,-40.636,-0.001,-0.002,0.942,728.8,1,1.638,5350,672,0
31.9333,-0.6272,-40.635,-0.001,-0.002,0.942,728.8,1,1.638,5350,672,0
31.9500,-0.6272,-40.634,-0.001,-0.002,0.942,728.8,1,1.638,5350,672,0
31.9667,-0.6273,-40.632,-0.001,-0.002,0.942,728.8,1,1.638,5350,672,0
31.9833,-0.6273,-40.631,-0.001,-0.002,0.942,728.8,1,1.638,5350,672,0
32.0000,-0.6273,-40.630,-0.001,-0.002,0.942,728.8,1,1.638,5350,672,0
32.0167,-0.6274,-40.629,-0.001,-0.002,0.942,728.8,1,1.638,5350,672,0
32.0333,-0.6274,-40.628,-0.001,-0.002,0.942,728.8,1,1.638,5350,672,0
32.0500,-0.6274,-40.627,-0.001,-0.002,0.942,728.8,1,1.638,5350,672,0
32.0667,-0.6274,-40.627,-0.001,-0.002,0.942,728.8,1,1.638,5350,672,0
32.0833,-0.6275,-40.626,-0.001,-0.002,0.942,728.8,1,1.638,5350,672,0
32.1000,-0.6275,-40.625,-0.001,-0.002,0.942,728.8,1,1.638,5351,672,0
32.1167,-0.6275,-40.624,-0.001,-0.002,0.942,728.8,1,1.638,5351,672,0
32.1333,-0.6276,-40.623,-0.001,-0.002,0.942,728.8,1,1.638,5351,672,0
32.1500,-0.6276,-40.622,-0.001,-0.002,0.942,728.8,1,1.638,5351,672,0
32.1667,-0.6276,-40.622,-0.001,-0.002,0.942,728.8,1,1.638,5351,672,0
32.1833,-0.6277,-40.621,-0.001,-0.002,0.942,728.8,1,1.638,5351,672,0
32.2000,-0.6277,-40.620,-0.001,-0.002,0.942,728.8,1,1.638,5351,672,0
32.2167,-0.6277,-40.619,-0.001,-0.002,0.942,728.8,1,1.638,5351,672,0
32.2333,-0.6278,-40.618,-0.001,-0.002,0.942,728.8,1,1.638,5351,672,0
32.2500,-0.6278,-40.618,-0.001,-0.002,0.942,728.8,1,1.638,5351,672,0
32.2667,-0.6278,-40.617,-0.001,-0.002,0.942,728.8,1,1.638,5351,673,0
32.2833,-0.6279,-40.616,-0.001,-0.002,0.942,728.8,1,1.638,5351,673,0
32.3000,-0.6279,-40.615,-0.001,-0.002,0.942,728.8,1,1.638,5351,673,0
32.3167,-0.6279,-40.615,-0.001,-0.002,0.942,728.8,1,1.638,5351,673,0
32.3333,-0.6280,-40.614,-0.001,-0.002,0.942,728.8,1,1.638,5351,673,0
32.3500,-0.6280,-40.613,-0.001,-0.002,0.942,728.8,1,1.638,5351,673,0
32.3667,-0.6280,-40.612,-0.001,-0.002,0.942,728.8,1,1.639,5351,673,0
32.3833,-0.6281,-40.612,-0.001,-0.002,0.942,728.8,1,1.639,5351,673,0
32.4000,-0.6281,-40.611,-0.001,-0.002,0.942,728.8,1,1.639,5352,673,0
32.4167,-0.6281,-40.610,-0.001,-0.002,0.942,728.8,1,1.639,5352,673,0
32.4333,-0.6282,-40.609,-0.001,-0.002,0.942,728.8,1,1.639,5352,673,0
32.4500,-0.6282,-40.608,-0.001,-0.002,0.942,728.8,1,1.639,5352,673,0
32.4667,-0.6282,-40.608,-0.001,-0.002,0.942,728.8,1,1.639,5352,673,0
32.4833,-0.6282,-40.607,-0.001,-0.002,0.942,728.8,1,1.639,5352,673,0
32.5000,-0.6283,-40.606,-0.001,-0.002,0.942,728.8,1,1.639,5352,673,0
32.5167,-0.6283,-40.605,-0.001,-0.002,0.942,728.8,1,1.639,5352,673,0
32.5333,-0.6283,-40.604,-0.001,-0.002,0.942,728.8,1,1.639,5352,673,0
32.5500,-0.6284,-40.603,-0.001,-0.002,0.942,728.8,1,1.639,5352,673,0
32.5667,-0.6284,-40.602,-0.001,-0.002,0.941,728.8,1,1.639,5352,673,0
32.5833,-0.6284,-40.601,-0.001,-0.002,0.941,728.8,1,1.639,5352,673,0
32.6000,-0.6285,-40.600,-0.001,-0.002,0.941,728.8,1,1.639,5352,673,0
32.6167,-0.6285,-40.599,-0.001,-0.002,0.941,728.8,1,1.639,5352,673,0
32.6333,-0.6285,-40.598,-0.001,-0.002,0.941,728.8,1,1.639,5352,673,0
32.6500,-0.6286,-40.597,-0.001,-0.002,0.941,728.8,1,1.639,5352,673,0
32.6667,-0.6286,-40.596,-0.001,-0.002,0.941,728.8,1,1.639,5352,673,0
32.6833,-0.6286,-40.595,-0.001,-0.002,0.941,728.8,1,1.639,5352,673,0
32.7000,-0.6286,-40.594,-0.001,-0.002,0.941,728.8,1,1.639,5352,673,0
32.7167,-0.6287,-40.593,-0.001,-0.002,0.941,728.8,1,1.639,5352,673,0
32.7333,-0.6287,-40.592,-0.001,-0.002,0.941,728.8,1,1.639,5352,673,0
32.7500,-0.6287,-40.591,-0.001,-0.002,0.941,728.8,1,1.639,5352,673,0
32.7667,-0.6288,-40.590,-0.001,-0.002,0.941,728.8,1,1.639,5352,673,0
32.7833,-0.6288,-40.589,-0.001,-0.002,0.941,728.8,1,1.639,5352,673,0
32.8000,-0.6288,-40.588,-0.001,-0.002,0.941,728.8,1,1.639,5352,673,0
32.8167,-0.6289,-40.586,-0.001,-0.002,0.941,728.8,1,1.639,5352,673,0
32.8333,-0.6289,-40.585,-0.001,-0.002,0.941,728.8,1,1.639,5352,673,0
32.8500,-0.6289,-40.584,-0.001,-0.002,0.941,728.8,1,1.639,5352,673,0
32.8667,-0.6290,-40.583,-0.001,-0.002,0.941,728.8,1,1.639,5352,673,0
32.8833,-0.6290,-40.582,-0.001,-0.002,0.941,728.8,1,1.639,5352,673,0
32.9000,-0.6290,-40.580,-0.001,-0.002,0.941,728.8,1,1.639,5352,673,0
32.9167,-0.6290,-40.579,-0.001,-0.002,0.941,728.8,1,1.639,5352,673,0
32.9333,-0.6291,-40.578,-0.001,-0.002,0.941,728.8,1,1.639,5352,673,0
32.9500,-0.6291,-40.577,-0.001,-0.002,0.941,728.8,1,1.639,5352,673,0
32.9667,-0.6291,-40.576,-0.001,-0.002,0.941,728.8,1,1.639,5352,673,0
32.9833,-0.6292,-40.574,-0.001,-0.002,0.941,728.8,1,1.639,5352,673,0
33.0000,-0.6292,-40.573,-0.001,-0.002,0.941,728.8,1,1.639,5352,673,0
33.0167,-0.6292,-40.572,-0.001,-0.002,0.941,728.8,1,1.639,5352,673,0
33.0333,-0.6293,-40.571,-0.001,-0.002,0.941,728.8,1,1.639,5352,673,0
33.0500,-0.6293,-40.569,-0.001,-0.002,0.941,728.8,1,1.639,5352,673,0
33.0667,-0.6293,-40.568,-0.001,-0.002,0.941,728.8,1,1.639,5352,673,0
33.0833,-0.6294,-40.567,-0.001,-0.002,0.941,728.8,1,1.639,5352,673,0
33.1000,-0.6294,-40.566,-0.001,-0.002,0.941,728.8,1,1.639,5352,673,0
33.1167,-0.6294,-40.565,-0.001,-0.002,0.941,728.8,1,1.639,5352,673,0
33.1333,-0.6294,-40.563,-0.001,-0.002,0.941,728.8,1,1.639,5352,673,0
33.1500,-0.6295,-40.562,-0.001,-0.002,0.941,728.8,1,1.639,5352,673,0
33.1667,-0.6295,-40.561,-0.001,-0.002,0.940,728.8,1,1.639,5352,673,0
33.1833,-0.6295,-40.560,-0.001,-0.002,0.940,728.8,1,1.639,5353,673,0
33.2000,-0.6296,-40.559,-0.001,-0.002,0.940,728.8,1,1.639,5353,673,0
33.2167,-0.6296,-40.558,-0.001,-0.002,0.940,728.8,1,1.639,5353,673,0
33.2333,-0.6296,-40.556,-0.001,-0.002,0.940,728.8,1,1.639,5353,673,0
33.2500,-0.6297,-40.555,-0.001,-0.002,0.940,728.8,1,1.639,5353,673,0
33.2667,-0.6297,-40.554,-0.001,-0.002,0.940,728.8,1,1.639,5353,673,0
33.2833,-0.6297,-40.553,-0.001,-0.002,0.940,728.8,1,1.639,5353,673,0
33.3000,-0.6298,-40.552,-0.001,-0.002,0.940,728.8,1,1.639,5353,673,0
33.3167,-0.6298,-40.551,-0.001,-0.002,0.940,728.8,1,1.639,5353,673,0
33.3333,-0.6298,-40.550,-0.001,-0.002,0.940,728.8,1,1.639,5353,673,0
33.3500,-0.6298,-40.549,-0.001,-0.002,0.940,728.8,1,1.639,5353,673,0
33.3667,-0.6299,-40.548,-0.001,-0.002,0.940,728.8,1,1.639,5353,673,0
33.3833,-0.6299,-40.547,-0.001,-0.002,0.940,728.8,1,1.639,5353,673,0
33.4000,-0.6299,-40.546,-0.001,-0.002,0.940,728.8,1,1.639,5353,673,0
33.4167,-0.6300,-40.545,-0.001,-0.002,0.940,728.8,1,1.639,5353,673,0
33.4333,-0.6300,-40.544,-0.001,-0.002,0.940,728.8,1,1.639,5353,673,0
33.4500,-0.6300,-40.543,-0.001,-0.002,0.940,728.8,1,1.639,5353,673,0
33.4667,-0.6301,-40.542,-0.001,-0.002,0.940,728.8,1,1.639,5353,673,0
33.4833,-0.6301,-40.541,-0.001,-0.002,0.940,728.8,1,1.639,5353,673,0
33.5000,-0.6301,-40.540,-0.001,-0.002,0.940,728.8,1,1.639,5353,673,0
33.5167,-0.6302,-40.539,-0.001,-0.002,0.940,728.8,1,1.639,5353,673,0
33.5333,-0.6302,-40.538,-0.001,-0.002,0.940,728.8,1,1.639,5353,673,0
33.5500,-0.6302,-40.537,-0.001,-0.002,0.940,728.8,1,1.639,5353,673,0
33.5667,-0.6303,-40.536,-0.001,-0.002,0.940,728.8,1,1.639,5353,673,0
33.5833,-0.6303,-40.535,-0.001,-0.002,0.940,728.8,1,1.639,5353,673,0
33.6000,-0.6303,-40.534,-0.001,-0.002,0.940,728.8,1,1.639,5353,673,0
33.6167,-0.6303,-40.533,-0.001,-0.002,0.940,728.8,1,1.639,5353,673,0
33.6333,-0.6304,-40.532,-0.001,-0.002,0.940,728.8,1,1.639,5353,673,0
33.6500,-0.6304,-40.532,-0.001,-0.002,0.940,728.8,1,1.639,5354,673,0
33.6667,-0.6304,-40.531,-0.001,-0.002,0.940,728.8,1,1.639,5354,673,0
33.6833,-0.6305,-40.530,-0.001,-0.002,0.940,728.8,1,1.639,5354,673,0
33.7000,-0.6305,-40.529,-0.001,-0.002,0.940,728.8,1,1.639,5354,673,0
33.7167,-0.6305,-40.528,-0.001,-0.002,0.940,728.8,1,1.639,5354,673,0
33.7333,-0.6306,-40.527,-0.001,-0.002,0.940,728.8,1,1.639,5354,673,0
33.7500,-0.6306,-40.526,-0.001,-0.002,0.940,728.8,1,1.639,5354,673,0
33.7667,-0.6306,-40.526,-0.001,-0.002,0.940,728.8,1,1.639,5354,673,0
33.7833,-0.6307,-40.525,-0.001,-0.002,0.940,728.8,1,1.639,5354,673,0
33.8000,-0.6307,-40.524,-0.001,-0.002,0.940,728.8,1,1.639,5354,673,0
33.8167,-0.6307,-40.523,-0.001,-0.002,0.940,728.8,1,1.639,5354,673,0
33.8333,-0.6307,-40.522,-0.001,-0.002,0.940,728.8,1,1.639,5354,673,0
33.8500,-0.6308,-40.521,-0.001,-0.002,0.940,728.8,1,1.639,5354,673,0
33.8667,-0.6308,-40.520,-0.001,-0.002,0.939,728.8,1,1.639,5354,673,0
33.8833,-0.6308,-40.520,-0.001,-0.002,0.939,728.8,1,1.639,5354,673,0
33.9000,-0.6309,-40.519,-0.001,-0.002,0.939,728.8,1,1.639,5354,673,0
33.9167,-0.6309,-40.518,-0.001,-0.002,0.939,728.8,1,1.639,5354,673,0
33.9333,-0.6309,-40.517,-0.001,-0.002,0.939,728.8,1,1.639,5354,673,0
33.9500,-0.6310,-40.516,-0.001,-0.002,0.939,728.8,1,1.639,5354,673,0
33.9667,-0.6310,-40.515,-0.001,-0.002,0.939,728.8,1,1.639,5354,673,0
33.9833,-0.6310,-40.514,-0.001,-0.002,0.939,728.8,1,1.639,5354,673,0
34.0000,-0.6311,-40.514,-0.001,-0.002,0.939,728.8,1,1.639,5354,673,0
34.0167,-0.6311,-40.513,-0.001,-0.002,0.939,728.8,1,1.640,5354,673,0
34.0333,-0.6311,-40.512,-0.001,-0.002,0.939,728.8,1,1.640,5354,674,0
34.0500,-0.6311,-40.511,-0.001,-0.002,0.939,728.8,1,1.640,5354,674,0
34.0667,-0.6312,-40.510,-0.001,-0.002,0.939,728.8,1,1.640,5354,674,0
34.0833,-0.6312,-40.509,-0.001,-0.002,0.939,728.8,1,1.640,5354,674,0
34.1000,-0.6312,-40.508,-0.001,-0.002,0.939,728.8,1,1.640,5354,674,0
34.1167,-0.6313,-40.507,-0.001,-0.002,0.939,728.8,1,1.640,5355,674,0
34.1333,-0.6313,-40.506,-0.001,-0.002,0.939,728.8,1,1.640,5355,674,0
34.1500,-0.6313,-40.505,-0.001,-0.002,0.939,728.8,1,1.640,5355,674,0
34.1667,-0.6314,-40.505,-0.001,-0.002,0.939,728.8,1,1.640,5355,674,0
34.1833,-0.6314,-40.504,-0.001,-0.002,0.939,728.8,1,1.640,5355,674,0
34.2000,-0.6314,-40.503,-0.001,-0.002,0.939,728.8,1,1.640,5355,674,0
34.2167,-0.6314,-40.502,-0.001,-0.002,0.939,728.8,1,1.640,5355,674,0
34.2333,-0.6315,-40.501,-0.001,-0.002,0.939,728.8,1,1.640,5355,674,0
34.2500,-0.6315,-40.500,-0.001,-0.002,0.939,728.8,1,1.640,5355,674,0
34.2667,-0.6315,-40.499,-0.001,-0.002,0.939,728.8,1,1.640,5355,674,0
34.2833,-0.6316,-40.498,-0.001,-0.002,0.939,728.8,1,1.640,5355,674,0
34.3000,-0.6316,-40.497,-0.001,-0.002,0.939,728.8,1,1.640,5355,674,0
34.3167,-0.6316,-40.496,-0.001,-0.002,0.939,728.8,1,1.640,5355,674,0
34.3333,-0.6317,-40.495,-0.001,-0.002,0.939,728.8,1,1.640,5355,674,0
34.3500,-0.6317,-40.494,-0.001,-0.002,0.939,728.8,1,1.640,5355,674,0
34.3667,-0.6317,-40.493,-0.001,-0.002,0.939,728.8,1,1.640,5355,674,0
34.3833,-0.6318,-40.492,-0.001,-0.002,0.939,728.8,1,1.640,5355,674,0
34.4000,-0.6318,-40.491,-0.001,-0.002,0.939,728.8,1,1.640,5355,674,0
34.4167,-0.6318,-40.490,-0.001,-0.002,0.939,728.8,1,1.640,5355,674,0
34.4333,-0.6318,-40.489,-0.001,-0.002,0.938,728.8,1,1.640,5355,674,0
34.4500,-0.6319,-40.488,-0.001,-0.002,0.938,728.8,1,1.640,5355,674,0
34.4667,-0.6319,-40.487,-0.001,-0.002,0.938,728.8,1,1.640,5355,674,0
34.4833,-0.6319,-40.486,-0.001,-0.002,0.938,728.8,1,1.640,5355,674,0
34.5000,-0.6320,-40.485,-0.001,-0.002,0.938,728.8,1,1.640,5355,674,0
34.5167,-0.6320,-40.484,-0.001,-0.002,0.938,728.8,1,1.640,5355,674,0
34.5333,-0.6320,-40.483,-0.001,-0.002,0.938,728.8,1,1.640,5355,674,0
34.5500,-0.6321,-40.482,-0.001,-0.002,0.938,728.8,1,1.640,5355,674,0
34.5667,-0.6321,-40.481,-0.001,-0.002,0.938,728.8,1,1.640,5355,674,0
34.5833,-0.6321,-40.481,-0.001,-0.002,0.938,728.8,1,1.640,5355,674,0
34.6000,-0.6321,-40.480,-0.001,-0.002,0.938,728.8,1,1.640,5355,674,0
34.6167,-0.6322,-40.479,-0.001,-0.002,0.938,728.8,1,1.640,5355,674,0
34.6333,-0.6322,-40.478,-0.001,-0.002,0.938,728.8,1,1.640,5355,674,0
34.6500,-0.6322,-40.477,-0.001,-0.002,0.938,728.8,1,1.640,5355,674,0
34.6667,-0.6323,-40.476,-0.001,-0.002,0.938,728.8,1,1.640,5355,674,0
34.6833,-0.6323,-40.475,-0.001,-0.002,0.938,728.8,1,1.640,5355,674,0
34.7000,-0.6323,-40.474,-0.001,-0.002,0.938,728.8,1,1.640,5355,674,0
34.7167,-0.6324,-40.473,-0.001,-0.002,0.938,728.8,1,1.640,5355,674,0
34.7333,-0.6324,-40.472,-0.001,-0.002,0.938,728.8,1,1.640,5355,674,0
34.7500,-0.6324,-40.471,-0.001,-0.002,0.938,728.8,1,1.640,5355,674,0
34.7667,-0.6324,-40.470,-0.001,-0.002,0.938,728.8,1,1.640,5355,674,0
34.7833,-0.6325,-40.469,-0.001,-0.002,0.938,728.8,1,1.640,5356,674,0
34.8000,-0.6325,-40.468,-0.001,-0.002,0.938,728.8,1,1.640,5356,674,0
34.8167,-0.6325,-40.467,-0.001,-0.002,0.938,728.8,1,1.640,5356,674,0
34.8333,-0.6326,-40.467,-0.001,-0.002,0.938,728.8,1,1.640,5356,674,0
34.8500,-0.6326,-40.466,-0.001,-0.002,0.938,728.8,1,1.640,5356,674,0
34.8667,-0.6326,-40.465,-0.001,-0.002,0.938,728.8,1,1.640,5356,674,0
34.8833,-0.6327,-40.464,-0.001,-0.002,0.938,728.8,1,1.640,5356,674,0
34.9000,-0.6327,-40.463,-0.001,-0.002,0.938,728.8,1,1.640,5356,674,0
34.9167,-0.6327,-40.462,-0.001,-0.002,0.938,728.8,1,1.640,5356,674,0
34.9333,-0.6327,-40.461,-0.001,-0.002,0.938,728.8,1,1.640,5356,674,0
34.9500,-0.6328,-40.460,-0.001,-0.002,0.938,728.8,1,1.640,5356,674,0
34.9667,-0.6328,-40.459,-0.001,-0.002,0.938,728.8,1,1.640,5356,674,0
34.9833,-0.6328,-40.459,-0.001,-0.002,0.938,728.8,1,1.640,5356,674,0
35.0000,-0.6329,-40.458,-0.001,-0.002,0.938,728.8,1,1.640,5356,674,0
35.0167,-0.6329,-40.457,-0.001,-0.002,0.938,728.8,1,1.640,5356,674,0
35.0333,-0.6329,-40.456,-0.001,-0.002,0.937,728.8,1,1.640,5356,674,0
35.0500,-0.6330,-40.455,-0.001,-0.002,0.937,728.8,1,1.640,5356,674,0
35.0667,-0.6330,-40.454,-0.001,-0.002,0.937,728.8,1,1.640,5356,674,0
35.0833,-0.6330,-40.453,-0.001,-0.002,0.937,728.8,1,1.640,5356,674,0
35.1000,-0.6331,-40.453,-0.001,-0.002,0.937,728.8,1,1.640,5356,674,0
35.1167,-0.6331,-40.452,-0.001,-0.002,0.937,728.8,1,1.640,5356,674,0
35.1333,-0.6331,-40.451,-0.001,-0.002,0.937,728.8,1,1.640,5356,674,0
35.1500,-0.6331,-40.450,-0.001,-0.002,0.937,728.8,1,1.640,5356,674,0
35.1667,-0.6332,-40.449,-0.001,-0.002,0.937,728.8,1,1.640,5356,674,0
35.1833,-0.6332,-40.448,-0.001,-0.002,0.937,728.8,1,1.640,5356,674,0
35.2000,-0.6332,-40.448,-0.001,-0.002,0.937,728.8,1,1.640,5356,674,0
35.2167,-0.6333,-40.447,-0.001,-0.002,0.937,728.8,1,1.640,5356,674,0
35.2333,-0.6333,-40.446,-0.001,-0.002,0.937,728.8,1,1.640,5356,674,0
35.2500,-0.6333,-40.445,-0.001,-0.002,0.937,728.8,1,1.640,5356,674,0
35.2667,-0.6334,-40.444,-0.001,-0.002,0.937,728.8,1,1.640,5356,674,0
35.2833,-0.6334,-40.444,-0.001,-0.002,0.937,728.8,1,1.640,5356,674,0
35.3000,-0.6334,-40.443,-0.001,-0.002,0.937,728.8,1,1.640,5357,674,0
35.3167,-0.6334,-40.442,-0.001,-0.002,0.937,728.8,1,1.640,5357,674,0
35.3333,-0.6335,-40.441,-0.001,-0.002,0.937,728.8,1,1.640,5357,674,0
35.3500,-0.6335,-40.440,-0.001,-0.002,0.937,728.8,1,1.640,5357,674,0
35.3667,-0.6335,-40.439,-0.001,-0.002,0.937,728.8,1,1.640,5357,674,0
35.3833,-0.6336,-40.439,-0.001,-0.002,0.937,728.8,1,1.640,5357,674,0
35.4000,-0.6336,-40.438,-0.001,-0.002,0.937,728.8,1,1.640,5357,674,0
35.4167,-0.6336,-40.437,-0.001,-0.002,0.937,728.8,1,1.640,5357,674,0
35.4333,-0.6337,-40.436,-0.001,-0.002,0.937,728.8,1,1.640,5357,674,0
35.4500,-0.6337,-40.435,-0.001,-0.002,0.937,728.8,1,1.641,5357,674,0
35.4667,-0.6337,-40.434,-0.001,-0.002,0.937,728.8,1,1.641,5357,674,0
35.4833,-0.6337,-40.434,-0.001,-0.002,0.937,728.8,1,1.641,5357,674,0
35.5000,-0.6338,-40.433,-0.001,-0.002,0.937,728.8,1,1.641,5357,674,0
35.5167,-0.6338,-40.432,-0.001,-0.002,0.937,728.8,1,1.641,5357,674,0
35.5333,-0.6338,-40.431,-0.001,-0.002,0.937,728.8,1,1.641,5357,674,0
35.5500,-0.6339,-40.430,-0.001,-0.002,0.937,728.8,1,1.641,5357,674,0
35.5667,-0.6339,-40.430,-0.001,-0.002,0.937,728.8,1,1.641,5357,674,0
35.5833,-0.6339,-40.429,-0.001,-0.002,0.937,728.8,1,1.641,5357,674,0
35.6000,-0.6340,-40.428,-0.001,-0.002,0.936,728.8,1,1.641,5357,674,0
35.6167,-0.6340,-40.427,-0.001,-0.002,0.936,728.8,1,1.641,5357,674,0
35.6333,-0.6340,-40.426,-0.001,-0.002,0.936,728.8,1,1.641,5357,674,0
35.6500,-0.6340,-40.425,-0.001,-0.002,0.936,728.8,1,1.641,5357,674,0
35.6667,-0.6341,-40.425,-0.001,-0.002,0.936,728.8,1,1.641,5357,674,0
35.6833,-0.6341,-40.424,-0.001,-0.002,0.936,728.8,1,1.641,5357,674,0
35.7000,-0.6341,-40.423,-0.001,-0.002,0.936,728.8,1,1.641,5357,674,0
35.7167,-0.6342,-40.422,-0.001,-0.002,0.936,728.8,1,1.641,5357,674,0
35.7333,-0.6342,-40.421,-0.001,-0.002,0.936,728.8,1,1.641,5357,674,0
35.7500,-0.6342,-40.420,-0.001,-0.002,0.936,728.8,1,1.641,5357,674,0
35.7667,-0.6343,-40.420,-0.001,-0.002,0.936,728.8,1,1.641,5357,674,0
35.7833,-0.6343,-40.419,-0.001,-0.002,0.936,728.8,1,1.641,5357,674,0
35.8000,-0.6343,-40.418,-0.001,-0.002,0.936,728.8,1,1.641,5357,674,0
35.8167,-0.6343,-40.417,-0.001,-0.002,0.936,728.8,1,1.641,5357,674,0
35.8333,-0.6344,-40.416,-0.001,-0.002,0.936,728.8,1,1.641,5357,674,0
35.8500,-0.6344,-40.415,-0.001,-0.002,0.936,728.8,1,1.641,5357,674,0
35.8667,-0.6344,-40.414,-0.001,-0.002,0.936,728.8,1,1.641,5357,674,0
35.8833,-0.6345,-40.414,-0.001,-0.002,0.936,728.8,1,1.641,5357,674,0
35.9000,-0.6345,-40.413,-0.001,-0.002,0.936,728.8,1,1.641,5357,674,0
35.9167,-0.6345,-40.412,-0.001,-0.002,0.936,728.8,1,1.641,5358,674,0
35.9333,-0.6346,-40.411,-0.001,-0.002,0.936,728.8,1,1.641,5358,674,0
35.9500,-0.6346,-40.410,-0.001,-0.002,0.936,728.8,1,1.641,5358,674,0
35.9667,-0.6346,-40.409,-0.001,-0.002,0.936,728.8,1,1.641,5358,674,0
35.9833,-0.6346,-40.409,-0.001,-0.002,0.936,728.8,1,1.641,5358,674,0
36.0000,-0.6347,-40.408,-0.001,-0.002,0.936,728.8,1,1.641,5358,674,0
36.0167,-0.6347,-40.407,-0.001,-0.002,0.936,728.8,1,1.641,5358,674,0
36.0333,-0.6347,-40.406,-0.001,-0.002,0.936,728.8,1,1.641,5358,674,0
36.0500,-0.6348,-40.405,-0.001,-0.002,0.936,728.8,1,1.641,5358,674,0
36.0667,-0.6348,-40.404,-0.001,-0.002,0.936,728.8,1,1.641,5358,674,0
36.0833,-0.6348,-40.404,-0.001,-0.002,0.936,728.8,1,1.641,5358,674,0
36.1000,-0.6349,-40.403,-0.001,-0.002,0.936,728.8,1,1.641,5358,674,0
36.1167,-0.6349,-40.402,-0.001,-0.002,0.936,728.8,1,1.641,5358,674,0
36.1333,-0.6349,-40.401,-0.001,-0.002,0.936,728.8,1,1.641,5358,674,0
36.1500,-0.6349,-40.400,-0.001,-0.002,0.935,728.8,1,1.641,5358,674,0
36.1667,-0.6350,-40.399,-0.001,-0.002,0.935,728.8,1,1.641,5358,674,0
36.1833,-0.6350,-40.399,-0.001,-0.002,0.935,728.8,1,1.641,5358,674,0
36.2000,-0.6350,-40.398,-0.001,-0.002,0.935,728.8,1,1.641,5358,674,0
36.2167,-0.6351,-40.397,-0.001,-0.002,0.935,728.8,1,1.641,5358,674,0
36.2333,-0.6351,-40.396,-0.001,-0.002,0.935,728.8,1,1.641,5358,675,0
36.2500,-0.6351,-40.395,-0.001,-0.002,0.935,728.8,1,1.641,5358,675,0
36.2667,-0.6352,-40.395,-0.001,-0.002,0.935,728.8,1,1.641,5358,675,0
36.2833,-0.6352,-40.394,-0.001,-0.002,0.935,728.8,1,1.641,5358,675,0
36.3000,-0.6352,-40.393,-0.001,-0.002,0.935,728.8,1,1.641,5358,675,0
36.3167,-0.6352,-40.392,-0.001,-0.002,0.935,728.8,1,1.641,5358,675,0
36.3333,-0.6353,-40.391,-0.001,-0.002,0.935,728.8,1,1.641,5358,675,0
36.3500,-0.6353,-40.391,-0.001,-0.002,0.935,728.8,1,1.641,5358,675,0
36.3667,-0.6353,-40.390,-0.001,-0.002,0.935,728.8,1,1.641,5358,675,0
36.3833,-0.6354,-40.389,-0.001,-0.002,0.935,728.8,1,1.641,5358,675,0
36.4000,-0.6354,-40.388,-0.001,-0.002,0.935,728.8,1,1.641,5358,675,0
36.4167,-0.6354,-40.387,-0.001,-0.002,0.935,728.8,1,1.641,5358,675,0
36.4333,-0.6355,-40.387,-0.001,-0.002,0.935,728.8,1,1.641,5358,675,0
36.4500,-0.6355,-40.386,-0.001,-0.002,0.935,728.8,1,1.641,5358,675,0
36.4667,-0.6355,-40.385,-0.001,-0.002,0.935,728.8,1,1.641,5358,675,0
36.4833,-0.6355,-40.384,-0.001,-0.002,0.935,728.8,1,1.641,5358,675,0
36.5000,-0.6356,-40.383,-0.001,-0.002,0.935,728.8,1,1.641,5358,675,0
36.5167,-0.6356,-40.383,-0.001,-0.002,0.935,728.8,1,1.641,5359,675,0
36.5333,-0.6356,-40.382,-0.001,-0.002,0.935,728.8,1,1.641,5359,675,0
36.5500,-0.6357,-40.381,-0.001,-0.002,0.935,728.8,1,1.641,5359,675,0
36.5667,-0.6357,-40.380,-0.001,-0.002,0.935,728.8,1,1.641,5359,675,0
36.5833,-0.6357,-40.380,-0.001,-0.002,0.935,728.8,1,1.641,5359,675,0
36.6000,-0.6357,-40.379,-0.001,-0.002,0.935,728.8,1,1.641,5359,675,0
36.6167,-0.6358,-40.378,-0.001,-0.002,0.935,728.8,1,1.641,5359,675,0
36.6333,-0.6358,-40.377,-0.001,-0.002,0.935,728.8,1,1.641,5359,675,0
36.6500,-0.6358,-40.376,-0.001,-0.002,0.935,728.8,1,1.641,5359,675,0
36.6667,-0.6359,-40.376,-0.001,-0.002,0.935,728.8,1,1.641,5359,675,0
36.6833,-0.6359,-40.375,-0.001,-0.002,0.934,728.8,1,1.641,5359,675,0
36.7000,-0.6359,-40.374,-0.001,-0.002,0.934,728.8,1,1.641,5359,675,0
36.7167,-0.6360,-40.373,-0.001,-0.002,0.934,728.8,1,1.641,5359,675,0
36.7333,-0.6360,-40.373,-0.001,-0.002,0.934,728.8,1,1.642,5359,675,0
36.7500,-0.6360,-40.372,-0.001,-0.002,0.934,728.8,1,1.642,5359,675,0
36.7667,-0.6360,-40.371,-0.001,-0.002,0.934,728.8,1,1.642,5359,675,0
36.7833,-0.6361,-40.370,-0.001,-0.002,0.934,728.8,1,1.642,5359,675,0
36.8000,-0.6361,-40.370,-0.001,-0.002,0.934,728.8,1,1.642,5359,675,0
36.8167,-0.6361,-40.369,-0.001,-0.002,0.934,728.8,1,1.642,5359,675,0
36.8333,-0.6362,-40.368,-0.001,-0.002,0.934,728.8,1,1.642,5359,675,0
36.8500,-0.6362,-40.367,-0.001,-0.002,0.934,728.8,1,1.642,5359,675,0
36.8667,-0.6362,-40.367,-0.001,-0.002,0.934,728.8,1,1.642,5359,675,0
36.8833,-0.6363,-40.366,-0.001,-0.002,0.934,728.8,1,1.642,5359,675,0
36.9000,-0.6363,-40.365,-0.001,-0.002,0.934,728.8,1,1.642,5359,675,0
36.9167,-0.6363,-40.364,-0.001,-0.002,0.934,728.8,1,1.642,5359,675,0
36.9333,-0.6363,-40.364,-0.001,-0.002,0.934,728.8,1,1.642,5359,675,0
36.9500,-0.6364,-40.363,-0.001,-0.002,0.934,728.8,1,1.642,5359,675,0
36.9667,-0.6364,-40.362,-0.001,-0.002,0.934,728.8,1,1.642,5359,675,0
36.9833,-0.6364,-40.361,-0.001,-0.002,0.934,728.8,1,1.642,5359,675,0
37.0000,-0.6365,-40.360,-0.001,-0.002,0.934,728.8,1,1.642,5359,675,0
37.0167,-0.6365,-40.360,-0.001,-0.002,0.934,728.8,1,1.642,5359,675,0
37.0333,-0.6365,-40.359,-0.001,-0.002,0.934,728.8,1,1.642,5359,675,0
37.0500,-0.6366,-40.358,-0.001,-0.002,0.934,728.8,1,1.642,5359,675,0
37.0667,-0.6366,-40.357,-0.001,-0.002,0.934,728.8,1,1.642,5359,675,0
37.0833,-0.6366,-40.357,-0.001,-0.002,0.934,728.8,1,1.642,5359,675,0
37.1000,-0.6366,-40.356,-0.001,-0.002,0.934,728.8,1,1.642,5360,675,0
37.1167,-0.6367,-40.355,-0.001,-0.002,0.934,728.8,1,1.642,5360,675,0
37.1333,-0.6367,-40.354,-0.001,-0.002,0.934,728.8,1,1.642,5360,675,0
37.1500,-0.6367,-40.354,-0.001,-0.002,0.934,728.8,1,1.642,5360,675,0
37.1667,-0.6368,-40.353,-0.001,-0.002,0.934,728.8,1,1.642,5360,675,0
37.1833,-0.6368,-40.352,-0.001,-0.002,0.934,728.8,1,1.642,5360,675,0
37.2000,-0.6368,-40.351,-0.001,-0.002,0.933,728.8,1,1.642,5360,675,0
37.2167,-0.6369,-40.351,-0.001,-0.002,0.933,728.8,1,1.642,5360,675,0
37.2333,-0.6369,-40.350,-0.001,-0.002,0.933,728.8,1,1.642,5360,675,0
37.2500,-0.6369,-40.349,-0.001,-0.002,0.933,728.8,1,1.642,5360,675,0
37.2667,-0.6369,-40.348,-0.001,-0.002,0.933,728.8,1,1.642,5360,675,0
37.2833,-0.6370,-40.348,-0.001,-0.002,0.933,728.8,1,1.642,5360,675,0
37.3000,-0.6370,-40.347,-0.001,-0.002,0.933,728.8,1,1.642,5360,675,0
37.3167,-0.6370,-40.346,-0.001,-0.002,0.933,728.8,1,1.642,5360,675,0
37.3333,-0.6371,-40.345,-0.001,-0.002,0.933,728.8,1,1.642,5360,675,0
37.3500,-0.6371,-40.345,-0.001,-0.002,0.933,728.8,1,1.642,5360,675,0
37.3667,-0.6371,-40.344,-0.001,-0.002,0.933,728.8,1,1.642,5360,675,0
37.3833,-0.6371,-40.343,-0.001,-0.002,0.933,728.8,1,1.642,5360,675,0
37.4000,-0.6372,-40.342,-0.001,-0.002,0.933,728.8,1,1.642,5360,675,0
37.4167,-0.6372,-40.342,-0.001,-0.002,0.933,728.8,1,1.642,5360,675,0
37.4333,-0.6372,-40.341,-0.001,-0.002,0.933,728.8,1,1.642,5360,675,0
37.4500,-0.6373,-40.340,-0.001,-0.002,0.933,728.8,1,1.642,5360,675,0
37.4667,-0.6373,-40.339,-0.001,-0.002,0.933,728.8,1,1.642,5360,675,0
37.4833,-0.6373,-40.339,-0.001,-0.002,0.933,728.8,1,1.642,5360,675,0
37.5000,-0.6374,-40.338,-0.001,-0.002,0.933,728.8,1,1.642,5360,675,0
37.5167,-0.6374,-40.337,-0.001,-0.002,0.933,728.8,1,1.642,5360,675,0
37.5333,-0.6374,-40.336,-0.001,-0.002,0.933,728.8,1,1.642,5360,675,0
37.5500,-0.6374,-40.336,-0.001,-0.002,0.933,728.8,1,1.642,5360,675,0
37.5667,-0.6375,-40.335,-0.001,-0.002,0.933,728.8,1,1.642,5360,675,0
37.5833,-0.6375,-40.334,-0.001,-0.002,0.933,728.8,1,1.642,5360,675,0
37.6000,-0.6375,-40.333,-0.001,-0.002,0.933,728.8,1,1.642,5360,675,0
37.6167,-0.6376,-40.333,-0.001,-0.002,0.933,728.8,1,1.642,5360,675,0
37.6333,-0.6376,-40.332,-0.001,-0.002,0.933,728.8,1,1.642,5360,675,0
37.6500,-0.6376,-40.331,-0.001,-0.002,0.933,728.8,1,1.642,5360,675,0
37.6667,-0.6377,-40.330,-0.001,-0.002,0.933,728.8,1,1.642,5360,675,0
37.6833,-0.6377,-40.330,-0.001,-0.002,0.933,728.8,1,1.642,5360,675,0
37.7000,-0.6377,-40.329,-0.001,-0.002,0.933,728.8,1,1.642,5360,675,0
37.7167,-0.6377,-40.328,-0.001,-0.002,0.932,728.8,1,1.642,5361,675,0
37.7333,-0.6378,-40.327,-0.001,-0.002,0.932,728.8,1,1.642,5361,675,0
37.7500,-0.6378,-40.327,-0.001,-0.002,0.932,728.8,1,1.642,5361,675,0
37.7667,-0.6378,-40.326,-0.001,-0.002,0.932,728.8,1,1.642,5361,675,0
37.7833,-0.6379,-40.325,-0.001,-0.002,0.932,728.8,1,1.642,5361,675,0
37.8000,-0.6379,-40.324,-0.001,-0.002,0.932,728.8,1,1.642,5361,675,0
37.8167,-0.6379,-40.324,-0.001,-0.002,0.932,728.8,1,1.642,5361,675,0
37.8333,-0.6379,-40.323,-0.001,-0.002,0.932,728.8,1,1.642,5361,675,0
37.8500,-0.6380,-40.322,-0.001,-0.002,0.932,728.8,1,1.642,5361,675,0
37.8667,-0.6380,-40.322,-0.001,-0.002,0.932,728.8,1,1.642,5361,675,0
37.8833,-0.6380,-40.321,-0.001,-0.002,0.932,728.8,1,1.642,5361,675,0
37.9000,-0.6381,-40.320,-0.001,-0.002,0.932,728.8,1,1.643,5361,675,0
37.9167,-0.6381,-40.319,-0.001,-0.002,0.932,728.8,1,1.643,5361,675,0
37.9333,-0.6381,-40.319,-0.001,-0.002,0.932,728.8,1,1.643,5361,675,0
37.9500,-0.6382,-40.318,-0.001,-0.002,0.932,728.8,1,1.643,5361,675,0
37.9667,-0.6382,-40.317,-0.001,-0.002,0.932,728.8,1,1.643,5361,675,0
37.9833,-0.6382,-40.317,-0.001,-0.002,0.932,728.8,1,1.643,5361,675,0
38.0000,-0.6382,-40.316,-0.001,-0.002,0.932,728.8,1,1.643,5361,675,0
38.0167,-0.6383,-40.315,-0.001,-0.002,0.932,728.8,1,1.643,5361,675,0
38.0333,-0.6383,-40.314,-0.001,-0.002,0.932,728.8,1,1.643,5361,675,0
38.0500,-0.6383,-40.314,-0.001,-0.002,0.932,728.8,1,1.643,5361,675,0
38.0667,-0.6384,-40.313,-0.001,-0.002,0.932,728.8,1,1.643,5361,675,0
38.0833,-0.6384,-40.312,-0.001,-0.002,0.932,728.8,1,1.643,5361,675,0
38.1000,-0.6384,-40.312,-0.001,-0.002,0.932,728.8,1,1.643,5361,675,0
38.1167,-0.6385,-40.311,-0.001,-0.002,0.932,728.8,1,1.643,5361,675,0
38.1333,-0.6385,-40.310,-0.001,-0.002,0.932,728.8,1,1.643,5361,675,0
38.1500,-0.6385,-40.309,-0.001,-0.002,0.932,728.8,1,1.643,5361,675,0
38.1667,-0.6385,-40.309,-0.001,-0.002,0.932,728.8,1,1.643,5361,675,0
38.1833,-0.6386,-40.308,-0.001,-0.002,0.932,728.8,1,1.643,5361,675,0
38.2000,-0.6386,-40.307,-0.001,-0.002,0.932,728.8,1,1.643,5361,675,0
38.2167,-0.6386,-40.307,-0.001,-0.002,0.932,728.8,1,1.643,5361,675,0
38.2333,-0.6387,-40.306,-0.001,-0.002,0.931,728.8,1,1.643,5361,675,0
38.2500,-0.6387,-40.305,-0.001,-0.002,0.931,728.8,1,1.643,5361,675,0
38.2667,-0.6387,-40.304,-0.001,-0.002,0.931,728.8,1,1.643,5361,675,0
38.2833,-0.6387,-40.304,-0.001,-0.002,0.931,728.8,1,1.643,5361,675,0
38.3000,-0.6388,-40.303,-0.001,-0.002,0.931,728.8,1,1.643,5361,675,0
38.3167,-0.6388,-40.302,-0.001,-0.002,0.931,728.8,1,1.643,5361,675,0
38.3333,-0.6388,-40.302,-0.001,-0.002,0.931,728.8,1,1.643,5362,675,0
38.3500,-0.6389,-40.301,-0.001,-0.002,0.931,728.8,1,1.643,5362,675,0
38.3667,-0.6389,-40.300,-0.001,-0.002,0.931,728.8,1,1.643,5362,675,0
38.3833,-0.6389,-40.300,-0.001,-0.002,0.931,728.8,1,1.643,5362,675,0
38.4000,-0.6390,-40.299,-0.001,-0.002,0.931,728.8,1,1.643,5362,675,0
38.4167,-0.6390,-40.298,-0.001,-0.002,0.931,728.8,1,1.643,5362,676,0
38.4333,-0.6390,-40.297,-0.001,-0.002,0.931,728.8,1,1.643,5362,676,0
38.4500,-0.6390,-40.297,-0.001,-0.002,0.931,728.8,1,1.643,5362,676,0
38.4667,-0.6391,-40.296,-0.001,-0.002,0.931,728.8,1,1.643,5362,676,0
38.4833,-0.6391,-40.295,-0.001,-0.002,0.931,728.8,1,1.643,5362,676,0
38.5000,-0.6391,-40.295,-0.001,-0.002,0.931,728.8,1,1.643,5362,676,0
38.5167,-0.6392,-40.294,-0.001,-0.002,0.931,728.8,1,1.643,5362,676,0
38.5333,-0.6392,-40.293,-0.001,-0.002,0.931,728.8,1,1.643,5362,676,0
38.5500,-0.6392,-40.293,-0.001,-0.002,0.931,728.8,1,1.643,5362,676,0
38.5667,-0.6393,-40.292,-0.001,-0.002,0.931,728.8,1,1.643,5362,676,0
38.5833,-0.6393,-40.291,-0.001,-0.002,0.931,728.8,1,1.643,5362,676,0
38.6000,-0.6393,-40.290,-0.001,-0.002,0.931,728.8,1,1.643,5362,676,0
38.6167,-0.6393,-40.290,-0.001,-0.002,0.931,728.8,1,1.643,5362,676,0
38.6333,-0.6394,-40.289,-0.001,-0.002,0.931,728.8,1,1.643,5362,676,0
38.6500,-0.6394,-40.288,-0.001,-0.002,0.931,728.8,1,1.643,5362,676,0
38.6667,-0.6394,-40.288,-0.001,-0.002,0.931,728.8,1,1.643,5362,676,0
38.6833,-0.6395,-40.287,-0.001,-0.002,0.931,728.8,1,1.643,5362,676,0
38.7000,-0.6395,-40.286,-0.001,-0.002,0.931,728.8,1,1.643,5362,676,0
38.7167,-0.6395,-40.286,-0.001,-0.002,0.931,728.8,1,1.643,5362,676,0
38.7333,-0.6395,-40.285,-0.001,-0.002,0.930,728.8,1,1.643,5362,676,0
38.7500,-0.6396,-40.284,-0.001,-0.002,0.930,728.8,1,1.643,5362,676,0
38.7667,-0.6396,-40.283,-0.001,-0.002,0.930,728.8,1,1.643,5362,676,0
38.7833,-0.6396,-40.283,-0.001,-0.002,0.930,728.8,1,1.643,5362,676,0
38.8000,-0.6397,-40.282,-0.001,-0.002,0.930,728.8,1,1.643,5362,676,0
38.8167,-0.6397,-40.281,-0.001,-0.002,0.930,728.8,1,1.643,5362,676,0
38.8333,-0.6397,-40.281,-0.001,-0.002,0.930,728.8,1,1.643,5362,676,0
38.8500,-0.6398,-40.280,-0.001,-0.002,0.930,728.8,1,1.643,5362,676,0
38.8667,-0.6398,-40.279,-0.001,-0.002,0.930,728.8,1,1.643,5362,676,0
38.8833,-0.6398,-40.279,-0.001,-0.002,0.930,728.8,1,1.643,5362,676,0
38.9000,-0.6398,-40.278,-0.001,-0.002,0.930,728.8,1,1.643,5362,676,0
38.9167,-0.6399,-40.277,-0.001,-0.002,0.930,728.8,1,1.643,5362,676,0
38.9333,-0.6399,-40.277,-0.001,-0.002,0.930,728.8,1,1.643,5362,676,0
38.9500,-0.6399,-40.276,-0.001,-0.002,0.930,728.8,1,1.643,5362,676,0
38.9667,-0.6400,-40.275,-0.001,-0.002,0.930,728.8,1,1.643,5363,676,0
38.9833,-0.6400,-40.275,-0.001,-0.002,0.930,728.8,1,1.643,5363,676,0
39.0000,-0.6400,-40.274,-0.001,-0.002,0.930,728.8,1,1.643,5363,676,0
39.0167,-0.6401,-40.273,-0.001,-0.002,0.930,728.8,1,1.644,5363,676,0
39.0333,-0.6401,-40.272,-0.001,-0.002,0.930,728.8,1,1.644,5363,676,0
39.0500,-0.6401,-40.272,-0.001,-0.002,0.930,728.8,1,1.644,5363,676,0
39.0667,-0.6401,-40.271,-0.001,-0.002,0.930,728.8,1,1.644,5363,676,0
39.0833,-0.6402,-40.270,-0.001,-0.002,0.930,728.8,1,1.644,5363,676,0
39.1000,-0.6402,-40.270,-0.001,-0.002,0.930,728.8,1,1.644,5363,676,0
39.1167,-0.6402,-40.269,-0.001,-0.002,0.930,728.8,1,1.644,5363,676,0
39.1333,-0.6403,-40.268,-0.001,-0.002,0.930,728.8,1,1.644,5363,676,0
39.1500,-0.6403,-40.268,-0.001,-0.002,0.930,728.8,1,1.644,5363,676,0
39.1667,-0.6403,-40.267,-0.001,-0.002,0.930,728.8,1,1.644,5363,676,0
39.1833,-0.6403,-40.266,-0.001,-0.002,0.930,728.8,1,1.644,5363,676,0
39.2000,-0.6404,-40.266,-0.001,-0.002,0.930,728.8,1,1.644,5363,676,0
39.2167,-0.6404,-40.265,-0.001,-0.002,0.929,728.8,1,1.644,5363,676,0
39.2333,-0.6404,-40.264,-0.001,-0.002,0.929,728.8,1,1.644,5363,676,0
39.2500,-0.6405,-40.264,-0.001,-0.002,0.929,728.8,1,1.644,5363,676,0
39.2667,-0.6405,-40.263,-0.001,-0.002,0.929,728.8,1,1.644,5363,676,0
39.2833,-0.6405,-40.262,-0.001,-0.002,0.929,728.8,1,1.644,5363,676,0
39.3000,-0.6406,-40.262,-0.001,-0.002,0.929,728.8,1,1.644,5363,676,0
39.3167,-0.6406,-40.261,-0.001,-0.002,0.929,728.8,1,1.644,5363,676,0
39.3333,-0.6406,-40.260,-0.001,-0.002,0.929,728.8,1,1.644,5363,676,0
39.3500,-0.6406,-40.260,-0.001,-0.002,0.929,728.8,1,1.644,5363,676,0
39.3667,-0.6407,-40.259,-0.001,-0.002,0.929,728.8,1,1.644,5363,676,0
39.3833,-0.6407,-40.258,-0.001,-0.002,0.929,728.8,1,1.644,5363,676,0
39.4000,-0.6407,-40.258,-0.001,-0.002,0.929,728.8,1,1.644,5363,676,0
39.4167,-0.6408,-40.257,-0.001,-0.002,0.929,728.8,1,1.644,5363,676,0
39.4333,-0.6408,-40.256,-0.001,-0.002,0.929,728.8,1,1.644,5363,676,0
39.4500,-0.6408,-40.256,-0.001,-0.002,0.929,728.8,1,1.644,5363,676,0
39.4667,-0.6409,-40.255,-0.001,-0.002,0.929,728.8,1,1.644,5363,676,0
39.4833,-0.6409,-40.254,-0.001,-0.002,0.929,728.8,1,1.644,5363,676,0
39.5000,-0.6409,-40.254,-0.001,-0.002,0.929,728.8,1,1.644,5363,676,0
39.5167,-0.6409,-40.253,-0.001,-0.002,0.929,728.8,1,1.644,5363,676,0
39.5333,-0.6410,-40.252,-0.001,-0.002,0.929,728.8,1,1.644,5363,676,0
39.5500,-0.6410,-40.252,-0.001,-0.002,0.929,728.8,1,1.644,5363,676,0
39.5667,-0.6410,-40.251,-0.001,-0.002,0.929,728.8,1,1.644,5363,676,0
39.5833,-0.6411,-40.250,-0.001,-0.002,0.929,728.8,1,1.644,5363,676,0
39.6000,-0.6411,-40.250,-0.001,-0.002,0.929,728.8,1,1.644,5364,676,0
39.6167,-0.6411,-40.249,-0.001,-0.002,0.929,728.8,1,1.644,5364,676,0
39.6333,-0.6411,-40.248,-0.001,-0.002,0.929,728.8,1,1.644,5364,676,0
39.6500,-0.6412,-40.248,-0.001,-0.002,0.929,728.8,1,1.644,5364,676,0
39.6667,-0.6412,-40.247,-0.001,-0.002,0.929,728.8,1,1.644,5364,676,0
39.6833,-0.6412,-40.246,-0.001,-0.002,0.929,728.8,1,1.644,5364,676,0
39.7000,-0.6413,-40.246,-0.001,-0.002,0.929,728.8,1,1.644,5364,676,0
39.7167,-0.6413,-40.245,-0.001,-0.002,0.928,728.8,1,1.644,5364,676,0
39.7333,-0.6413,-40.244,-0.001,-0.002,0.928,728.8,1,1.644,5364,676,0
39.7500,-0.6414,-40.244,-0.001,-0.002,0.928,728.8,1,1.644,5364,676,0
39.7667,-0.6414,-40.243,-0.001,-0.002,0.928,728.8,1,1.644,5364,676,0
39.7833,-0.6414,-40.243,-0.001,-0.002,0.928,728.8,1,1.644,5364,676,0
39.8000,-0.6414,-40.242,-0.001,-0.002,0.928,728.8,1,1.644,5364,676,0
39.8167,-0.6415,-40.241,-0.001,-0.002,0.928,728.8,1,1.644,5364,676,0
39.8333,-0.6415,-40.241,-0.001,-0.002,0.928,728.8,1,1.644,5364,676,0
39.8500,-0.6415,-40.240,-0.001,-0.002,0.928,728.8,1,1.644,5364,676,0
39.8667,-0.6416,-40.239,-0.001,-0.002,0.928,728.8,1,1.644,5364,676,0
39.8833,-0.6416,-40.239,-0.001,-0.002,0.928,728.8,1,1.644,5364,676,0
39.9000,-0.6416,-40.238,-0.001,-0.002,0.928,728.8,1,1.644,5364,676,0
39.9167,-0.6417,-40.237,-0.001,-0.002,0.928,728.8,1,1.644,5364,676,0
39.9333,-0.6417,-40.237,-0.001,-0.002,0.928,728.8,1,1.644,5364,676,0
39.9500,-0.6417,-40.236,-0.001,-0.002,0.928,728.8,1,1.644,5364,676,0
39.9667,-0.6417,-40.235,-0.001,-0.002,0.928,728.8,1,1.644,5364,676,0
39.9833,-0.6418,-40.235,-0.001,-0.002,0.928,728.8,1,1.644,5364,676,0
40.0000,-0.6418,-40.234,-0.001,-0.002,0.928,728.8,1,1.644,5364,676,0