t,heave,pitch,roll,vy,gs,thrust,running,propDepth,buoy,drag,crashed
0.0167,1.7041,-3.422,-0.000,-1.517,21.993,0.0,1,-1.621,0,0,0
0.0333,1.6787,-3.377,-0.000,-1.537,21.986,0.0,1,-1.593,0,0,0
0.0500,1.6529,-3.339,0.000,-1.551,21.980,0.0,1,-1.565,0,0,0
0.0667,1.6270,-3.362,-0.000,-1.559,21.975,0.0,1,-1.538,0,0,0
0.0833,1.6009,-3.465,-0.000,-1.567,21.971,0.0,1,-1.512,0,0,0
0.1000,1.5747,-3.584,0.000,-1.579,21.966,0.0,1,-1.486,0,0,0
0.1167,1.5483,-3.659,-0.000,-1.593,21.961,0.0,1,-1.459,0,0,0
0.1333,1.5216,-3.690,-0.000,-1.607,21.955,0.0,1,-1.429,0,0,0
0.1500,1.4947,-3.699,0.000,-1.622,21.950,0.0,1,-1.399,0,0,0
0.1667,1.4675,-3.749,-0.000,-1.638,21.945,0.0,1,-1.369,0,0,0
0.1833,1.4401,-3.846,-0.000,-1.653,21.940,0.0,1,-1.340,0,0,0
0.2000,1.4124,-3.970,0.000,-1.667,21.936,0.0,1,-1.311,0,0,0
0.2167,1.3845,-4.093,0.000,-1.682,21.932,0.0,1,-1.281,0,0,0
0.2333,1.3564,-4.203,-0.000,-1.700,21.928,0.0,1,-1.250,0,0,0
0.2500,1.3278,-4.302,-0.000,-1.721,21.923,0.0,1,-1.218,0,0,0
0.2667,1.2990,-4.380,-0.000,-1.742,21.918,0.0,1,-1.186,0,0,0
0.2833,1.2698,-4.464,0.000,-1.761,21.914,0.0,1,-1.153,0,0,0
0.3000,1.2403,-4.573,0.000,-1.780,21.911,0.0,1,-1.121,0,0,0
0.3167,1.2104,-4.718,-0.000,-1.801,21.888,0.0,1,-1.088,0,1251,0
0.3333,1.1802,-4.883,-0.000,-1.821,21.816,0.0,1,-1.054,0,2629,0
0.3500,1.1497,-5.049,0.000,-1.837,21.702,0.0,1,-1.019,0,3807,0
0.3667,1.1190,-5.232,-0.000,-1.852,21.550,0.0,1,-0.981,0,4706,0
0.3833,1.0880,-5.473,-0.000,-1.869,21.362,0.0,1,-0.941,0,5755,0
0.4000,1.0567,-5.816,-0.000,-1.891,21.139,0.0,1,-0.899,0,6788,0
0.4167,1.0249,-6.281,0.000,-1.918,20.883,0.0,1,-0.854,0,7785,0
0.4333,0.9927,-6.867,0.000,-1.948,20.595,0.0,1,-0.806,0,8551,0
0.4500,0.9600,-7.561,0.000,-1.981,20.278,0.0,1,-0.756,0,9374,0
0.4667,0.9266,-8.351,-0.000,-2.019,19.936,0.0,1,-0.701,0,10096,0
0.4833,0.8926,-9.242,-0.000,-2.063,19.570,0.0,1,-0.642,0,10724,0
0.5000,0.8578,-10.268,-0.000,-2.113,19.183,0.0,1,-0.579,0,11283,0
0.5167,0.8221,-11.462,-0.000,-2.171,18.777,0.0,1,-0.510,0,11693,0
0.5333,0.7854,-12.822,0.000,-2.237,18.356,0.0,1,-0.438,0,12104,0
0.5500,0.7475,-14.345,-0.000,-2.310,17.922,0.0,1,-0.360,0,12408,0
0.5667,0.7083,-16.009,-0.000,-2.393,17.487,0.0,1,-0.278,0,11960,0
0.5833,0.6680,-17.783,0.002,-2.388,17.089,0.0,1,-0.191,0,13381,0
0.6000,0.6303,-19.600,0.047,-2.116,16.770,0.0,1,-0.105,0,14820,0
0.6167,0.5983,-21.501,0.110,-1.742,16.511,0.0,1,-0.026,0,14731,0
0.6333,0.5713,-23.436,0.073,-1.531,16.233,0.0,1,0.048,119,13489,0
0.6500,0.5467,-25.431,0.006,-1.425,15.947,0.0,1,0.121,304,13000,0
0.6667,0.5234,-27.459,0.013,-1.386,15.662,0.0,1,0.194,517,12018,0
0.6833,0.5002,-29.521,0.020,-1.410,15.375,0.0,1,0.267,623,11315,0
0.7000,0.4762,-31.651,-0.015,-1.463,15.096,0.0,1,0.341,630,10913,0
0.7167,0.4513,-33.851,-0.029,-1.526,14.825,0.0,1,0.416,713,10588,0
0.7333,0.4254,-36.097,-0.024,-1.587,14.560,0.0,1,0.491,839,10327,0
0.7500,0.3984,-38.358,-0.039,-1.650,14.297,0.0,1,0.568,1038,9873,0
0.7667,0.3703,-40.634,-0.064,-1.722,14.036,0.0,1,0.644,1472,9460,0
0.7833,0.3410,-42.927,-0.074,-1.790,13.778,0.0,1,0.720,1987,9138,0
0.8000,0.3106,-45.238,-0.081,-1.854,13.524,0.0,1,0.795,2266,8894,0
0.8167,0.2792,-47.546,-0.097,-1.920,13.272,0.0,1,0.870,2367,8630,0
0.8333,0.2462,-49.857,-0.108,-2.037,12.977,0.0,1,0.944,2388,7086,0
0.8500,0.2113,-52.171,-0.109,-2.157,12.668,0.0,1,1.020,2621,8512,0
0.8667,0.1743,-54.509,-0.119,-2.283,12.297,0.0,1,1.094,2981,10242,0
0.8833,0.1351,-56.854,-0.128,-2.408,11.861,0.0,1,1.169,3408,12175,0
0.9000,0.0940,-59.200,-0.137,-2.524,11.367,0.0,1,1.244,3859,13806,0
0.9167,0.0511,-61.562,-0.140,-2.625,10.828,0.0,1,1.319,4144,15233,0
0.9333,0.0066,-63.944,-0.145,-2.709,10.248,0.0,1,1.394,4455,15320,0
0.9500,-0.0392,-66.376,-0.156,-2.780,9.615,0.0,1,1.468,4951,15676,0
0.9667,-0.0859,-68.823,-0.157,-2.815,8.972,0.0,1,1.540,5224,16037,0
0.9833,-0.1329,-71.260,-0.147,-2.824,8.334,0.0,1,1.609,5335,15852,0
1.0000,-0.1803,-73.672,-0.142,-2.896,7.472,0.0,1,1.676,5695,30890,0
1.0167,-0.2300,-76.132,-0.150,-3.064,6.236,0.0,1,1.744,6571,36065,0
1.0333,-0.2820,-78.712,-0.153,-3.150,4.939,0.0,1,1.810,10174,33996,0
1.0500,-0.3340,-81.256,-0.140,-3.065,3.677,0.0,1,1.875,12616,34343,0
1.0667,-0.3838,-83.543,-0.127,-2.904,2.574,0.0,1,1.935,12627,27855,0
1.0833,-0.4304,-85.490,-0.113,-2.676,1.688,0.0,1,1.990,12652,22129,0
1.1000,-0.4728,-87.191,-0.092,-2.413,1.092,0.0,1,2.035,12842,15308,0
1.1167,-0.5105,-88.769,-0.071,-2.104,0.642,0.0,1,2.074,13919,9777,0
1.1333,-0.5424,-89.630,-0.047,-1.704,0.382,0.0,1,2.105,17012,4859,0
1.1500,-0.5667,-87.939,-0.019,-1.204,0.258,0.0,1,2.130,19572,1987,0
1.1667,-0.5820,-86.285,0.003,-0.644,0.206,0.0,1,2.146,20651,909,0
1.1833,-0.5879,-84.862,0.027,-0.059,0.178,0.0,1,2.151,21169,738,0
1.2000,-0.5839,-83.729,0.052,0.526,0.144,0.0,1,2.144,21274,1311,0
1.2167,-0.5704,-82.793,0.075,1.084,0.094,0.0,1,2.125,21013,1729,0
1.2333,-0.5477,-82.043,0.094,1.621,0.043,0.0,1,2.098,20461,1370,0
1.2500,-0.5165,-81.384,0.117,2.106,0.023,0.0,1,2.064,19283,505,0
1.2667,-0.4779,-80.731,0.135,2.508,0.021,0.0,1,2.024,17232,351,0
1.2833,-0.4334,-80.118,0.148,2.805,0.021,0.0,1,1.979,14802,768,0
1.3000,-0.3849,-79.665,0.156,3.007,0.023,0.0,1,1.928,13257,972,0
1.3167,-0.3335,-79.424,0.158,3.145,0.025,0.0,1,1.873,12299,805,0
1.3333,-0.2801,-79.297,0.150,3.260,0.020,0.0,1,1.817,12205,495,0
1.3500,-0.2249,-79.193,0.140,3.366,0.019,0.0,1,1.761,11973,613,0
1.3667,-0.1680,-79.076,0.116,3.454,0.025,0.0,1,1.705,11255,785,0
1.3833,-0.1099,-78.930,0.100,3.510,0.023,0.0,1,1.648,10476,1168,0
1.4000,-0.0512,-78.818,0.087,3.524,0.016,0.0,1,1.589,8974,1517,0
1.4167,0.0072,-78.872,0.081,3.471,0.017,0.0,1,1.531,6519,965,0
1.4333,0.0641,-79.078,0.081,3.349,0.014,0.0,1,1.473,4384,506,0
1.4500,0.1185,-79.315,0.085,3.186,0.021,0.0,1,1.417,3446,466,0
1.4667,0.1702,-79.502,0.089,3.017,0.031,0.0,1,1.366,2744,395,0
1.4833,0.2191,-79.610,0.079,2.842,0.040,0.0,1,1.319,2004,322,0
1.5000,0.2649,-79.617,0.057,2.660,0.048,0.0,1,1.275,1572,274,0
1.5167,0.3077,-79.601,0.037,2.477,0.055,0.0,1,1.233,1471,237,0
1.5333,0.3474,-79.681,0.010,2.301,0.061,0.0,1,1.194,1466,200,0
1.5500,0.3844,-79.878,-0.021,2.133,0.066,0.0,1,1.157,1462,170,0
1.5667,0.4186,-80.104,-0.038,1.973,0.071,0.0,1,1.122,1377,140,0
1.5833,0.4501,-80.300,-0.052,1.816,0.075,0.0,1,1.091,1136,116,0
1.6000,0.4790,-80.413,-0.062,1.655,0.078,0.0,1,1.063,846,96,0
1.6167,0.5052,-80.424,-0.072,1.487,0.080,0.0,1,1.038,443,76,0
1.6333,0.5285,-80.425,-0.087,1.317,0.082,0.0,1,1.015,441,55,0
1.6500,0.5491,-80.529,-0.095,1.153,0.083,0.0,1,0.996,441,39,0
1.6667,0.5669,-80.727,-0.116,0.993,0.084,0.0,1,0.978,441,31,0
1.6833,0.5822,-80.935,-0.146,0.835,0.085,0.0,1,0.963,441,23,0
1.7000,0.5948,-81.122,-0.169,0.681,0.085,0.0,1,0.951,441,15,0
1.7167,0.6048,-81.241,-0.188,0.528,0.086,0.0,1,0.941,441,9,0
1.7333,0.6124,-81.276,-0.201,0.378,0.086,0.0,1,0.934,441,4,0
1.7500,0.6174,-81.308,-0.210,0.229,0.086,0.0,1,0.930,441,1,0
1.7667,0.6200,-81.421,-0.210,0.081,0.086,0.0,1,0.929,441,0,0
1.7833,0.6201,-81.598,-0.202,-0.067,0.085,0.0,1,0.929,441,0,0
1.8000,0.6177,-81.799,-0.204,-0.215,0.085,0.0,1,0.932,441,2,0
1.8167,0.6129,-81.995,-0.211,-0.363,0.085,0.0,1,0.936,441,5,0
1.8333,0.6056,-82.117,-0.232,-0.511,0.086,0.0,1,0.944,441,14,0
1.8500,0.5958,-82.163,-0.251,-0.659,0.086,0.0,1,0.954,442,30,0
1.8667,0.5836,-82.215,-0.279,-0.806,0.088,0.0,1,0.968,441,59,0
1.8833,0.5689,-82.333,-0.312,-0.953,0.090,0.0,1,0.984,441,87,0
1.9000,0.5518,-82.504,-0.334,-1.099,0.093,0.0,1,1.001,441,124,0
1.9167,0.5323,-82.698,-0.345,-1.244,0.098,0.0,1,1.020,441,182,0
1.9333,0.5103,-82.882,-0.356,-1.389,0.105,0.0,1,1.042,441,265,0
1.9500,0.4859,-83.003,-0.362,-1.530,0.116,0.0,1,1.067,578,365,0
1.9667,0.4593,-83.066,-0.364,-1.657,0.130,0.0,1,1.094,1061,489,0
1.9833,0.4308,-83.128,-0.364,-1.767,0.149,0.0,1,1.124,1374,618,0
2.0000,0.4005,-83.229,-0.375,-1.869,0.171,0.0,1,1.155,1449,743,0
2.0167,0.3685,-83.374,-0.392,-1.966,0.198,0.0,1,1.187,1445,926,0
2.0333,0.3349,-83.545,-0.408,-2.059,0.232,0.0,1,1.220,1441,1129,0
2.0500,0.2999,-83.697,-0.424,-2.146,0.275,0.0,1,1.255,1437,1401,0
2.0667,0.2634,-83.780,-0.442,-2.228,0.326,0.0,1,1.292,1433,1656,0
2.0833,0.2256,-83.800,-0.455,-2.302,0.383,0.0,1,1.331,1576,1860,0
2.1000,0.1867,-83.809,-0.463,-2.360,0.446,0.0,1,1.371,2078,2049,0
2.1167,0.1471,-83.852,-0.469,-2.386,0.513,0.0,1,1.410,2924,2327,0
2.1333,0.1074,-83.931,-0.478,-2.381,0.586,0.0,1,1.449,3510,2686,0
2.1500,0.0678,-84.020,-0.489,-2.359,0.662,0.0,1,1.489,3623,3094,0
2.1667,0.0288,-84.077,-0.504,-2.327,0.737,0.0,1,1.528,3851,3478,0
2.1833,-0.0096,-84.074,-0.518,-2.274,0.798,0.0,1,1.567,4650,4068,0
2.2000,-0.0468,-84.023,-0.530,-2.185,0.833,0.0,1,1.605,5966,4539,0
2.2167,-0.0822,-83.980,-0.529,-2.051,0.842,0.0,1,1.640,7446,4658,0
2.2333,-0.1149,-84.011,-0.501,-1.872,0.837,0.0,1,1.673,8951,4330,0
2.2500,-0.1443,-84.134,-0.442,-1.651,0.824,0.0,1,1.703,10052,3866,0
2.2667,-0.1697,-84.325,-0.349,-1.407,0.789,0.0,1,1.728,10909,2551,0
2.2833,-0.1911,-84.566,-0.226,-1.155,0.734,0.0,1,1.749,11392,2301,0
2.3000,-0.2081,-84.837,-0.091,-0.894,0.670,0.0,1,1.767,11649,2170,0
2.3167,-0.2208,-85.129,0.038,-0.631,0.604,0.0,1,1.780,11737,1976,0
2.3333,-0.2291,-85.464,0.150,-0.368,0.542,0.0,1,1.789,11759,1623,0
2.3500,-0.2330,-85.865,0.236,-0.106,0.493,0.0,1,1.794,11743,1158,0
2.3667,-0.2326,-86.331,0.301,0.153,0.458,0.0,1,1.794,11718,799,0
2.3833,-0.2279,-86.859,0.354,0.411,0.432,0.0,1,1.789,11695,648,0
2.4000,-0.2189,-87.439,0.406,0.664,0.410,0.0,1,1.780,11617,531,0
2.4167,-0.2057,-88.044,0.464,0.907,0.392,0.0,1,1.767,11340,448,0
2.4333,-0.1887,-88.649,0.527,1.129,0.377,0.0,1,1.750,10633,312,0
2.4500,-0.1683,-89.199,0.591,1.312,0.366,0.0,1,1.730,9339,187,0
2.4667,-0.1453,-89.323,0.643,1.438,0.359,0.0,1,1.707,7869,132,0
2.4833,-0.1207,-88.794,0.674,1.498,0.353,0.0,1,1.681,6009,105,0
2.5000,-0.0957,-88.072,0.672,1.499,0.348,0.0,1,1.655,4492,95,0
2.5167,-0.0710,-87.313,0.631,1.459,0.343,0.0,1,1.629,3551,88,0
2.5333,-0.0472,-86.562,0.554,1.400,0.338,0.0,1,1.605,3229,83,0
2.5500,-0.0243,-85.831,0.456,1.338,0.334,0.0,1,1.581,3178,81,0
2.5667,-0.0026,-85.114,0.354,1.278,0.330,0.0,1,1.558,3167,80,0
2.5833,0.0183,-84.395,0.268,1.219,0.326,0.0,1,1.535,3155,79,0
2.6000,0.0381,-83.666,0.213,1.162,0.322,0.0,1,1.513,3145,77,0
2.6167,0.0570,-82.934,0.192,1.104,0.318,0.0,1,1.491,3076,72,0
2.6333,0.0749,-82.198,0.173,1.045,0.314,0.0,1,1.471,2934,65,0
2.6500,0.0918,-81.467,0.151,0.982,0.311,0.0,1,1.452,2767,59,0
2.6667,0.1076,-80.765,0.112,0.915,0.308,0.0,1,1.434,2591,56,0
2.6833,0.1222,-80.104,0.036,0.843,0.305,0.0,1,1.416,2432,54,0
2.7000,0.1356,-79.449,-0.055,0.765,0.302,0.0,1,1.398,2258,49,0
2.7167,0.1477,-78.773,-0.135,0.684,0.299,0.0,1,1.383,2130,40,0
2.7333,0.1584,-78.083,-0.198,0.601,0.297,0.0,1,1.368,2040,31,0
2.7500,0.1677,-77.401,-0.234,0.516,0.295,0.0,1,1.356,1972,25,0
2.7667,0.1755,-76.746,-0.235,0.429,0.293,0.0,1,1.344,1900,19,0
2.7833,0.1820,-76.112,-0.220,0.341,0.292,0.0,1,1.334,1839,15,0
2.8000,0.1869,-75.494,-0.208,0.252,0.290,0.0,1,1.324,1791,11,0
2.8167,0.1903,-74.885,-0.215,0.162,0.289,0.0,1,1.316,1760,13,0
2.8333,0.1922,-74.265,-0.250,0.071,0.288,0.0,1,1.310,1735,22,0
2.8500,0.1927,-73.628,-0.323,-0.019,0.286,0.0,1,1.305,1723,39,0
2.8667,0.1916,-73.001,-0.429,-0.110,0.283,0.0,1,1.302,1719,64,0
2.8833,0.1890,-72.393,-0.542,-0.199,0.280,0.0,1,1.299,1724,103,0
2.9000,0.1849,-71.796,-0.642,-0.288,0.275,0.0,1,1.298,1736,148,0
2.9167,0.1794,-71.217,-0.714,-0.375,0.269,0.0,1,1.298,1761,211,0
2.9333,0.1724,-70.646,-0.745,-0.459,0.260,0.0,1,1.300,1800,282,0
2.9500,0.1641,-70.069,-0.750,-0.540,0.248,0.0,1,1.304,1852,352,0
2.9667,0.1544,-69.473,-0.740,-0.618,0.234,0.0,1,1.308,1903,417,0
2.9833,0.1435,-68.880,-0.735,-0.692,0.217,0.0,1,1.314,1971,504,0
3.0000,0.1314,-68.306,-0.755,-0.761,0.197,0.0,1,1.320,2043,625,0
3.0167,0.1181,-67.749,-0.799,-0.826,0.173,0.0,1,1.327,2114,771,0
3.0333,0.1039,-67.193,-0.857,-0.884,0.144,0.0,1,1.336,2166,904,0
3.0500,0.0887,-66.629,-0.921,-0.938,0.110,0.0,1,1.345,2212,1046,0
3.0667,0.0725,-66.066,-0.985,-0.996,0.089,0.0,1,1.355,2279,635,0
3.0833,0.0555,-65.497,-1.029,-1.050,0.066,0.0,1,1.366,2401,705,0
3.1000,0.0376,-64.932,-1.056,-1.096,0.040,0.0,1,1.377,2578,822,0
3.1167,0.0190,-64.378,-1.073,-1.133,0.011,0.0,1,1.389,2765,925,0
3.1333,-0.0002,-63.834,-1.092,-1.164,0.014,0.0,1,1.402,3007,119,0
3.1500,-0.0199,-63.310,-1.127,-1.199,0.018,0.0,1,1.416,3218,176,0
3.1667,-0.0401,-62.787,-1.172,-1.228,0.024,0.0,1,1.430,3351,237,0
3.1833,-0.0608,-62.259,-1.230,-1.251,0.031,0.0,1,1.443,3446,288,0
3.2000,-0.0818,-61.730,-1.304,-1.270,0.041,0.0,1,1.457,3551,353,0
3.2167,-0.1031,-61.200,-1.374,-1.284,0.054,0.0,1,1.472,3647,444,0
3.2333,-0.1246,-60.676,-1.422,-1.292,0.069,0.0,1,1.487,3783,528,0
3.2500,-0.1461,-60.164,-1.443,-1.295,0.087,0.0,1,1.502,3909,596,0
3.2667,-0.1677,-59.672,-1.446,-1.290,0.107,0.0,1,1.517,4081,672,0
3.2833,-0.1891,-59.183,-1.437,-1.278,0.130,0.0,1,1.531,4250,744,0
3.3000,-0.2103,-58.694,-1.434,-1.259,0.155,0.0,1,1.545,4464,819,0
3.3167,-0.2310,-58.206,-1.450,-1.230,0.182,0.0,1,1.559,4761,856,0
3.3333,-0.2512,-57.711,-1.488,-1.191,0.210,0.0,1,1.573,4994,877,0
3.3500,-0.2707,-57.225,-1.545,-1.142,0.238,0.0,1,1.586,5250,893,0
3.3667,-0.2892,-56.764,-1.610,-1.086,0.267,0.0,1,1.598,5444,908,0
3.3833,-0.3068,-56.334,-1.673,-1.024,0.296,0.0,1,1.608,5544,892,0
3.4000,-0.3233,-55.920,-1.722,-0.961,0.323,0.0,1,1.618,5583,851,0
3.4167,-0.3388,-55.512,-1.746,-0.897,0.348,0.0,1,1.627,5669,778,0
3.4333,-0.3532,-55.111,-1.747,-0.832,0.371,0.0,1,1.635,5770,707,0
3.4500,-0.3665,-54.718,-1.726,-0.764,0.391,0.0,1,1.643,5903,658,0
3.4667,-0.3787,-54.339,-1.689,-0.693,0.409,0.0,1,1.649,6029,612,0
3.4833,-0.3896,-53.974,-1.644,-0.619,0.425,0.0,1,1.654,6170,550,0
3.5000,-0.3993,-53.620,-1.592,-0.543,0.437,0.0,1,1.657,6283,509,0
3.5167,-0.4077,-53.273,-1.528,-0.466,0.447,0.0,1,1.659,6353,510,0
3.5333,-0.4148,-52.930,-1.442,-0.390,0.452,0.0,1,1.660,6381,514,0
3.5500,-0.4207,-52.586,-1.331,-0.317,0.454,0.0,1,1.660,6377,491,0
3.5667,-0.4254,-52.242,-1.194,-0.247,0.453,0.0,1,1.659,6357,443,0
3.5833,-0.4289,-51.904,-1.032,-0.179,0.449,0.0,1,1.656,6321,409,0
3.6000,-0.4313,-51.575,-0.853,-0.114,0.445,0.0,1,1.652,6260,393,0
3.6167,-0.4327,-51.255,-0.675,-0.053,0.439,0.0,1,1.648,6188,371,0
3.6333,-0.4331,-50.941,-0.510,0.004,0.432,0.0,1,1.642,6083,332,0
3.6500,-0.4326,-50.630,-0.366,0.057,0.424,0.0,1,1.636,5978,286,0
3.6667,-0.4312,-50.320,-0.242,0.108,0.417,0.0,1,1.629,5884,245,0
3.6833,-0.4290,-50.014,-0.135,0.155,0.410,0.0,1,1.620,5819,217,0
3.7000,-0.4261,-49.713,-0.035,0.200,0.403,0.0,1,1.612,5739,186,0
3.7167,-0.4223,-49.420,0.068,0.243,0.398,0.0,1,1.602,5660,159,0
3.7333,-0.4179,-49.136,0.179,0.285,0.392,0.0,1,1.593,5575,142,0
3.7500,-0.4129,-48.862,0.300,0.323,0.387,0.0,1,1.582,5483,131,0
3.7667,-0.4072,-48.591,0.429,0.359,0.383,0.0,1,1.571,5403,124,0
3.7833,-0.4009,-48.322,0.556,0.391,0.379,0.0,1,1.559,5306,117,0
3.8000,-0.3941,-48.053,0.674,0.421,0.375,0.0,1,1.547,5216,111,0
3.8167,-0.3869,-47.788,0.778,0.448,0.371,0.0,1,1.535,5141,105,0
3.8333,-0.3792,-47.532,0.871,0.473,0.367,0.0,1,1.522,5095,100,0
3.8500,-0.3711,-47.284,0.960,0.496,0.364,0.0,1,1.509,5058,97,0
3.8667,-0.3627,-47.042,1.051,0.519,0.360,0.0,1,1.496,5034,97,0
3.8833,-0.3538,-46.802,1.153,0.541,0.357,0.0,1,1.482,5016,98,0
3.9000,-0.3446,-46.562,1.267,0.562,0.353,0.0,1,1.467,5003,99,0
3.9167,-0.3351,-46.322,1.389,0.582,0.350,0.0,1,1.453,4988,100,0
3.9333,-0.3252,-46.085,1.510,0.602,0.347,0.0,1,1.439,4973,101,0
3.9500,-0.3150,-45.855,1.625,0.621,0.343,0.0,1,1.424,4958,101,0
3.9667,-0.3045,-45.633,1.728,0.640,0.340,0.0,1,1.409,4943,102,0
3.9833,-0.2937,-45.417,1.818,0.658,0.337,0.0,1,1.393,4930,101,0
4.0000,-0.2826,-45.204,1.899,0.676,0.333,0.0,1,1.377,4914,101,0
4.0167,-0.2712,-44.990,1.977,0.692,0.330,0.0,1,1.362,4900,101,0
4.0333,-0.2595,-44.776,2.061,0.709,0.327,0.0,1,1.346,4885,102,0
4.0500,-0.2476,-44.566,2.155,0.724,0.324,0.0,1,1.329,4873,102,0
4.0667,-0.2354,-44.361,2.260,0.739,0.321,0.0,1,1.313,4849,104,0
4.0833,-0.2229,-44.162,2.375,0.753,0.318,0.0,1,1.296,4798,105,0
4.1000,-0.2103,-43.966,2.492,0.764,0.315,0.0,1,1.279,4702,104,0
4.1167,-0.1975,-43.772,2.603,0.772,0.312,0.0,1,1.262,4586,102,0
4.1333,-0.1846,-43.580,2.701,0.774,0.310,0.0,1,1.245,4409,98,0
4.1500,-0.1717,-43.392,2.787,0.769,0.307,0.0,1,1.228,4201,94,0
4.1667,-0.1590,-43.210,2.863,0.757,0.305,0.0,1,1.212,3965,88,0
4.1833,-0.1465,-43.035,2.935,0.737,0.302,0.0,1,1.195,3712,82,0
4.2000,-0.1345,-42.866,3.012,0.708,0.300,0.0,1,1.179,3500,76,0
4.2167,-0.1230,-42.700,3.096,0.672,0.298,0.0,1,1.164,3264,68,0
4.2333,-0.1121,-42.535,3.187,0.628,0.296,0.0,1,1.150,3059,61,0
4.2500,-0.1021,-42.370,3.282,0.579,0.294,0.0,1,1.136,2888,54,0
4.2667,-0.0929,-42.204,3.375,0.524,0.293,0.0,1,1.123,2768,48,0
4.2833,-0.0846,-42.040,3.462,0.465,0.291,0.0,1,1.111,2652,41,0
4.3000,-0.0774,-41.879,3.543,0.403,0.290,0.0,1,1.100,2561,35,0
4.3167,-0.0712,-41.720,3.617,0.339,0.289,0.0,1,1.090,2493,30,0
4.3333,-0.0661,-41.560,3.690,0.272,0.288,0.0,1,1.082,2451,27,0
4.3500,-0.0622,-41.396,3.766,0.205,0.287,0.0,1,1.074,2415,24,0
4.3667,-0.0593,-41.228,3.849,0.137,0.286,0.0,1,1.067,2393,21,0
4.3833,-0.0576,-41.056,3.940,0.068,0.285,0.0,1,1.062,2385,21,0
4.4000,-0.0571,-40.882,4.039,-0.001,0.285,0.0,1,1.058,2391,27,0
4.4167,-0.0577,-40.706,4.138,-0.068,0.285,0.0,1,1.054,2407,37,0
4.4333,-0.0594,-40.531,4.232,-0.134,0.285,0.0,1,1.052,2440,56,0
4.4500,-0.0621,-40.358,4.315,-0.198,0.287,0.0,1,1.051,2488,79,0
4.4667,-0.0660,-40.185,4.386,-0.259,0.289,0.0,1,1.051,2549,106,0
4.4833,-0.0708,-40.013,4.447,-0.317,0.292,0.0,1,1.052,2610,133,0
4.5000,-0.0765,-39.840,4.505,-0.371,0.296,0.0,1,1.054,2695,171,0
4.5167,-0.0831,-39.671,4.566,-0.420,0.302,0.0,1,1.057,2792,214,0
4.5333,-0.0905,-39.506,4.636,-0.464,0.309,0.0,1,1.060,2897,258,0
4.5500,-0.0986,-39.345,4.715,-0.503,0.317,0.0,1,1.065,2988,293,0
4.5667,-0.1073,-39.190,4.802,-0.537,0.327,0.0,1,1.070,3094,392,0
4.5833,-0.1165,-39.041,4.892,-0.566,0.338,0.0,1,1.076,3197,440,0
4.6000,-0.1261,-38.898,4.980,-0.589,0.350,0.0,1,1.082,3299,485,0
4.6167,-0.1361,-38.762,5.062,-0.608,0.363,0.0,1,1.089,3408,526,0
4.6333,-0.1464,-38.637,5.138,-0.622,0.378,0.0,1,1.097,3515,555,0
4.6500,-0.1568,-38.522,5.207,-0.629,0.393,0.0,1,1.104,3663,583,0
4.6667,-0.1673,-38.418,5.270,-0.631,0.408,0.0,1,1.112,3829,599,0
4.6833,-0.1778,-38.322,5.328,-0.627,0.424,0.0,1,1.121,4006,594,0
4.7000,-0.1882,-38.232,5.380,-0.617,0.439,0.0,1,1.129,4151,577,0
4.7167,-0.1983,-38.146,5.423,-0.602,0.454,0.0,1,1.137,4309,548,0
4.7333,-0.2082,-38.068,5.452,-0.584,0.468,0.0,1,1.146,4448,516,0
4.7500,-0.2178,-37.998,5.459,-0.562,0.481,0.0,1,1.154,4565,488,0
4.7667,-0.2270,-37.937,5.438,-0.538,0.493,0.0,1,1.162,4649,462,0
4.7833,-0.2357,-37.883,5.386,-0.512,0.503,0.0,1,1.169,4729,436,0
4.8000,-0.2440,-37.835,5.303,-0.485,0.513,0.0,1,1.177,4795,418,0
4.8167,-0.2519,-37.791,5.195,-0.459,0.520,0.0,1,1.184,4848,407,0
4.8333,-0.2593,-37.751,5.068,-0.433,0.526,0.0,1,1.191,4888,396,0
4.8500,-0.2663,-37.715,4.931,-0.409,0.530,0.0,1,1.198,4909,385,0
4.8667,-0.2729,-37.682,4.786,-0.386,0.533,0.0,1,1.204,4924,369,0
4.8833,-0.2792,-37.652,4.636,-0.363,0.535,0.0,1,1.210,4929,333,0
4.9000,-0.2851,-37.626,4.479,-0.343,0.536,0.0,1,1.216,4926,317,0
4.9167,-0.2906,-37.604,4.316,-0.323,0.536,0.0,1,1.222,4920,299,0
4.9333,-0.2958,-37.589,4.145,-0.304,0.536,0.0,1,1.227,4913,272,0
4.9500,-0.3007,-37.582,3.967,-0.285,0.535,0.0,1,1.232,4908,242,0
4.9667,-0.3053,-37.581,3.785,-0.266,0.534,0.0,1,1.237,4906,213,0
4.9833,-0.3096,-37.588,3.604,-0.247,0.533,0.0,1,1.242,4906,191,0
5.0000,-0.3135,-37.601,3.428,-0.229,0.532,0.0,1,1.247,4905,165,0
5.0167,-0.3172,-37.622,3.261,-0.210,0.531,0.0,1,1.252,4905,139,0
5.0333,-0.3205,-37.650,3.107,-0.192,0.530,0.0,1,1.256,4907,113,0
5.0500,-0.3236,-37.686,2.961,-0.173,0.528,0.0,1,1.261,4914,90,0
5.0667,-0.3263,-37.731,2.821,-0.153,0.527,0.0,1,1.265,4924,74,0
5.0833,-0.3287,-37.784,2.682,-0.134,0.526,0.0,1,1.269,4936,59,0
5.1000,-0.3307,-37.848,2.539,-0.113,0.525,0.0,1,1.273,4944,49,0
5.1167,-0.3325,-37.921,2.393,-0.093,0.523,0.0,1,1.277,4945,42,0
5.1333,-0.3338,-38.004,2.245,-0.072,0.522,0.0,1,1.281,4940,40,0
5.1500,-0.3349,-38.097,2.099,-0.052,0.521,0.0,1,1.284,4926,40,0
5.1667,-0.3356,-38.198,1.959,-0.033,0.520,0.0,1,1.287,4904,39,0
5.1833,-0.3360,-38.306,1.826,-0.014,0.519,0.0,1,1.290,4875,39,0
5.2000,-0.3361,-38.423,1.701,0.003,0.517,0.0,1,1.294,4845,39,0
5.2167,-0.3359,-38.548,1.581,0.019,0.516,0.0,1,1.297,4803,39,0
5.2333,-0.3354,-38.681,1.462,0.033,0.515,0.0,1,1.300,4755,39,0
5.2500,-0.3348,-38.822,1.342,0.046,0.513,0.0,1,1.302,4701,40,0
5.2667,-0.3339,-38.971,1.219,0.057,0.512,0.0,1,1.305,4644,40,0
5.2833,-0.3329,-39.125,1.093,0.066,0.511,0.0,1,1.307,4594,40,0
5.3000,-0.3317,-39.284,0.966,0.072,0.509,0.0,1,1.310,4532,41,0
5.3167,-0.3305,-39.448,0.843,0.077,0.508,0.0,1,1.313,4470,40,0
5.3333,-0.3292,-39.616,0.725,0.079,0.506,0.0,1,1.315,4408,40,0
5.3500,-0.3279,-39.789,0.615,0.080,0.505,0.0,1,1.318,4359,39,0
5.3667,-0.3265,-39.965,0.509,0.078,0.504,0.0,1,1.321,4302,38,0
5.3833,-0.3253,-40.143,0.406,0.075,0.502,0.0,1,1.324,4248,38,0
5.4000,-0.3241,-40.323,0.301,0.070,0.501,0.0,1,1.327,4199,37,0
5.4167,-0.3229,-40.505,0.191,0.063,0.499,0.0,1,1.330,4163,37,0
5.4333,-0.3220,-40.688,0.075,0.055,0.498,0.0,1,1.333,4123,36,0
5.4500,-0.3211,-40.872,-0.043,0.046,0.497,0.0,1,1.336,4087,36,0
5.4667,-0.3204,-41.057,-0.161,0.035,0.496,0.0,1,1.340,4054,35,0
5.4833,-0.3200,-41.242,-0.275,0.024,0.494,0.0,1,1.343,4025,34,0
5.5000,-0.3197,-41.427,-0.382,0.012,0.493,0.0,1,1.347,4004,33,0
5.5167,-0.3196,-41.613,-0.480,-0.001,0.492,0.0,1,1.351,3982,32,0
5.5333,-0.3197,-41.798,-0.573,-0.015,0.491,0.0,1,1.356,3963,30,0
5.5500,-0.3201,-41.983,-0.662,-0.029,0.490,0.0,1,1.360,3946,29,0
5.5667,-0.3207,-42.169,-0.751,-0.044,0.489,0.0,1,1.365,3934,29,0
5.5833,-0.3216,-42.354,-0.842,-0.059,0.488,0.0,1,1.370,3922,28,0
5.6000,-0.3227,-42.539,-0.938,-0.075,0.487,0.0,1,1.375,3910,28,0
5.6167,-0.3240,-42.724,-1.036,-0.091,0.486,0.0,1,1.381,3899,27,0
5.6333,-0.3257,-42.909,-1.134,-0.107,0.485,0.0,1,1.386,3889,27,0
5.6500,-0.3276,-43.094,-1.229,-0.123,0.484,0.0,1,1.392,3879,26,0
5.6667,-0.3298,-43.280,-1.319,-0.140,0.483,0.0,1,1.398,3868,25,0
5.6833,-0.3323,-43.466,-1.405,-0.157,0.482,0.0,1,1.405,3857,24,0
5.7000,-0.3351,-43.652,-1.490,-0.175,0.481,0.0,1,1.412,3846,23,0
5.7167,-0.3381,-43.838,-1.575,-0.193,0.480,0.0,1,1.419,3838,23,0
5.7333,-0.3415,-44.024,-1.665,-0.211,0.479,0.0,1,1.426,3828,24,0
5.7500,-0.3452,-44.211,-1.758,-0.229,0.479,0.0,1,1.434,3819,26,0
5.7667,-0.3491,-44.398,-1.855,-0.248,0.478,0.0,1,1.442,3812,30,0
5.7833,-0.3534,-44.584,-1.951,-0.266,0.478,0.0,1,1.450,3807,33,0
5.8000,-0.3580,-44.772,-2.042,-0.284,0.478,0.0,1,1.459,3812,37,0
5.8167,-0.3629,-44.961,-2.127,-0.302,0.478,0.0,1,1.468,3839,41,0
5.8333,-0.3681,-45.151,-2.203,-0.318,0.478,0.0,1,1.477,3891,45,0
5.8500,-0.3735,-45.342,-2.269,-0.332,0.478,0.0,1,1.486,3956,47,0
5.8667,-0.3791,-45.534,-2.326,-0.342,0.478,0.0,1,1.496,4070,47,0
5.8833,-0.3848,-45.726,-2.375,-0.348,0.478,0.0,1,1.505,4201,47,0
5.9000,-0.3907,-45.917,-2.413,-0.350,0.478,0.0,1,1.515,4341,50,0
5.9167,-0.3965,-46.108,-2.439,-0.347,0.479,0.0,1,1.525,4476,52,0
5.9333,-0.4022,-46.300,-2.447,-0.340,0.478,0.0,1,1.534,4586,58,0
5.9500,-0.4078,-46.491,-2.431,-0.329,0.478,0.0,1,1.543,4717,74,0
5.9667,-0.4131,-46.683,-2.385,-0.315,0.476,0.0,1,1.552,4835,99,0
5.9833,-0.4183,-46.877,-2.308,-0.298,0.473,0.0,1,1.560,4937,132,0
6.0000,-0.4231,-47.072,-2.200,-0.280,0.469,0.0,1,1.568,5006,161,0
6.0167,-0.4276,-47.268,-2.065,-0.260,0.464,0.0,1,1.576,5070,190,0
6.0333,-0.4317,-47.465,-1.908,-0.240,0.457,0.0,1,1.583,5109,212,0
6.0500,-0.4356,-47.663,-1.737,-0.220,0.450,0.0,1,1.590,5124,227,0
6.0667,-0.4391,-47.861,-1.557,-0.201,0.443,0.0,1,1.597,5120,232,0
6.0833,-0.4423,-48.061,-1.370,-0.181,0.435,0.0,1,1.603,5096,230,0
6.1000,-0.4451,-48.263,-1.180,-0.163,0.428,0.0,1,1.609,5058,220,0
6.1167,-0.4477,-48.467,-0.987,-0.146,0.420,0.0,1,1.614,5013,203,0
6.1333,-0.4500,-48.674,-0.793,-0.129,0.414,0.0,1,1.620,4969,185,0
6.1500,-0.4520,-48.883,-0.600,-0.113,0.408,0.0,1,1.625,4940,171,0
6.1667,-0.4538,-49.095,-0.409,-0.098,0.403,0.0,1,1.630,4922,155,0
6.1833,-0.4553,-49.310,-0.225,-0.082,0.398,0.0,1,1.634,4917,142,0
6.2000,-0.4565,-49.527,-0.052,-0.066,0.394,0.0,1,1.639,4920,128,0
6.2167,-0.4575,-49.748,0.110,-0.048,0.390,0.0,1,1.643,4942,116,0
6.2333,-0.4581,-49.970,0.259,-0.029,0.386,0.0,1,1.647,4987,104,0
6.2500,-0.4584,-50.195,0.399,-0.008,0.383,0.0,1,1.651,5065,93,0
6.2667,-0.4583,-50.420,0.532,0.017,0.380,0.0,1,1.654,5163,86,0
6.2833,-0.4578,-50.644,0.659,0.045,0.377,0.0,1,1.657,5233,86,0
6.3000,-0.4568,-50.867,0.781,0.075,0.374,0.0,1,1.660,5296,92,0
6.3167,-0.4553,-51.087,0.893,0.106,0.370,0.0,1,1.662,5324,107,0
6.3333,-0.4533,-51.305,0.989,0.137,0.366,0.0,1,1.664,5312,131,0
6.3500,-0.4508,-51.521,1.065,0.166,0.361,0.0,1,1.665,5260,160,0
6.3667,-0.4478,-51.735,1.114,0.191,0.354,0.0,1,1.665,5188,187,0
6.3833,-0.4444,-51.946,1.133,0.212,0.347,0.0,1,1.665,5075,214,0
6.4000,-0.4407,-52.154,1.123,0.229,0.339,0.0,1,1.665,4940,233,0
6.4167,-0.4368,-52.360,1.090,0.240,0.330,0.0,1,1.665,4793,242,0
6.4333,-0.4327,-52.565,1.038,0.246,0.322,0.0,1,1.664,4664,243,0
6.4500,-0.4286,-52.767,0.975,0.246,0.313,0.0,1,1.663,4505,236,0
6.4667,-0.4246,-52.968,0.905,0.242,0.305,0.0,1,1.663,4345,224,0
6.4833,-0.4206,-53.168,0.834,0.233,0.297,0.0,1,1.662,4189,207,0
6.5000,-0.4168,-53.367,0.763,0.219,0.290,0.0,1,1.662,4067,190,0
6.5167,-0.4133,-53.565,0.693,0.201,0.284,0.0,1,1.662,3940,168,0
6.5333,-0.4102,-53.764,0.625,0.180,0.278,0.0,1,1.662,3834,146,0
6.5500,-0.4073,-53.962,0.558,0.157,0.274,0.0,1,1.663,3750,126,0
6.5667,-0.4049,-54.161,0.495,0.132,0.269,0.0,1,1.664,3686,109,0
6.5833,-0.4030,-54.362,0.438,0.105,0.266,0.0,1,1.665,3646,96,0
6.6000,-0.4014,-54.564,0.387,0.077,0.262,0.0,1,1.667,3610,81,0
6.6167,-0.4004,-54.768,0.344,0.049,0.260,0.0,1,1.670,3588,68,0
6.6333,-0.3998,-54.974,0.304,0.021,0.257,0.0,1,1.673,3580,56,0
6.6500,-0.3997,-55.180,0.264,-0.007,0.256,0.0,1,1.676,3582,49,0
6.6667,-0.4001,-55.388,0.218,-0.035,0.254,0.0,1,1.680,3596,42,0
6.6833,-0.4009,-55.597,0.163,-0.061,0.252,0.0,1,1.684,3619,35,0
6.7000,-0.4021,-55.808,0.098,-0.087,0.251,0.0,1,1.689,3656,30,0
6.7167,-0.4038,-56.021,0.023,-0.111,0.250,0.0,1,1.694,3701,26,0
6.7333,-0.4058,-56.234,-0.055,-0.132,0.249,0.0,1,1.699,3776,23,0
6.7500,-0.4082,-56.447,-0.131,-0.151,0.248,0.0,1,1.705,3869,21,0
6.7667,-0.4108,-56.660,-0.197,-0.166,0.247,0.0,1,1.711,3985,20,0
6.7833,-0.4137,-56.871,-0.249,-0.177,0.247,0.0,1,1.717,4122,19,0
6.8000,-0.4167,-57.081,-0.286,-0.183,0.246,0.0,1,1.724,4256,18,0
6.8167,-0.4197,-57.289,-0.308,-0.182,0.245,0.0,1,1.730,4435,17,0
6.8333,-0.4227,-57.494,-0.319,-0.176,0.245,0.0,1,1.736,4623,17,0
6.8500,-0.4256,-57.693,-0.321,-0.163,0.244,0.0,1,1.742,4807,19,0
6.8667,-0.4281,-57.887,-0.317,-0.145,0.243,0.0,1,1.747,4951,24,0
6.8833,-0.4304,-58.072,-0.308,-0.121,0.242,0.0,1,1.752,5103,35,0
6.9000,-0.4322,-58.250,-0.291,-0.093,0.240,0.0,1,1.757,5230,49,0
6.9167,-0.4334,-58.420,-0.266,-0.062,0.238,0.0,1,1.760,5331,65,0
6.9333,-0.4342,-58.581,-0.230,-0.028,0.236,0.0,1,1.763,5398,79,0
6.9500,-0.4343,-58.732,-0.184,0.008,0.232,0.0,1,1.765,5449,96,0
6.9667,-0.4339,-58.873,-0.129,0.045,0.229,0.0,1,1.767,5466,109,0
6.9833,-0.4328,-59.003,-0.070,0.081,0.225,0.0,1,1.767,5449,119,0
7.0000,-0.4312,-59.123,-0.011,0.116,0.220,0.0,1,1.767,5401,124,0
7.0167,-0.4290,-59.232,0.045,0.149,0.216,0.0,1,1.766,5342,127,0
7.0333,-0.4262,-59.333,0.096,0.180,0.212,0.0,1,1.765,5249,129,0
7.0500,-0.4230,-59.424,0.140,0.206,0.207,0.0,1,1.763,5133,133,0
7.0667,-0.4194,-59.508,0.179,0.228,0.202,0.0,1,1.760,4997,137,0
7.0833,-0.4154,-59.584,0.214,0.245,0.197,0.0,1,1.757,4869,139,0
7.1000,-0.4112,-59.654,0.243,0.257,0.193,0.0,1,1.754,4707,139,0
7.1167,-0.4069,-59.718,0.264,0.263,0.188,0.0,1,1.750,4539,137,0
7.1333,-0.4025,-59.778,0.276,0.264,0.183,0.0,1,1.747,4369,132,0
7.1500,-0.3981,-59.836,0.274,0.259,0.179,0.0,1,1.743,4231,126,0
7.1667,-0.3939,-59.891,0.257,0.249,0.175,0.0,1,1.740,4074,117,0
7.1833,-0.3898,-59.946,0.226,0.234,0.171,0.0,1,1.737,3933,105,0
7.2000,-0.3861,-60.000,0.184,0.215,0.167,0.0,1,1.734,3810,93,0
7.2167,-0.3827,-60.055,0.137,0.192,0.164,0.0,1,1.731,3704,81,0
7.2333,-0.3797,-60.110,0.093,0.167,0.162,0.0,1,1.729,3630,71,0
7.2500,-0.3772,-60.166,0.055,0.139,0.159,0.0,1,1.727,3555,61,0
7.2667,-0.3751,-60.224,0.028,0.109,0.157,0.0,1,1.726,3495,51,0
7.2833,-0.3736,-60.284,0.011,0.077,0.156,0.0,1,1.725,3451,41,0
7.3000,-0.3726,-60.347,0.001,0.045,0.154,0.0,1,1.725,3429,34,0
7.3167,-0.3721,-60.412,-0.007,0.012,0.153,0.0,1,1.726,3420,27,0
7.3333,-0.3722,-60.479,-0.016,-0.021,0.153,0.0,1,1.727,3426,21,0
7.3500,-0.3728,-60.548,-0.029,-0.053,0.152,0.0,1,1.729,3452,16,0
7.3667,-0.3739,-60.619,-0.049,-0.084,0.151,0.0,1,1.731,3487,13,0
7.3833,-0.3756,-60.692,-0.073,-0.113,0.151,0.0,1,1.734,3544,10,0
7.4000,-0.3777,-60.766,-0.099,-0.140,0.151,0.0,1,1.737,3619,9,0
7.4167,-0.3802,-60.841,-0.124,-0.163,0.151,0.0,1,1.740,3715,9,0
7.4333,-0.3831,-60.916,-0.146,-0.183,0.151,0.0,1,1.744,3831,10,0
7.4500,-0.3863,-60.990,-0.163,-0.199,0.151,0.0,1,1.748,3943,11,0
7.4667,-0.3897,-61.062,-0.176,-0.210,0.151,0.0,1,1.753,4089,13,0
7.4833,-0.3933,-61.132,-0.183,-0.216,0.151,0.0,1,1.757,4247,14,0
7.5000,-0.3969,-61.199,-0.183,-0.217,0.151,0.0,1,1.762,4413,16,0
7.5167,-0.4005,-61.261,-0.177,-0.212,0.151,0.0,1,1.766,4557,17,0
7.5333,-0.4039,-61.318,-0.160,-0.201,0.151,0.0,1,1.770,4727,18,0
7.5500,-0.4072,-61.368,-0.134,-0.184,0.151,0.0,1,1.774,4887,18,0
7.5667,-0.4100,-61.410,-0.097,-0.163,0.151,0.0,1,1.778,5030,19,0
7.5833,-0.4125,-61.443,-0.052,-0.137,0.151,0.0,1,1.780,5134,20,0
7.6000,-0.4146,-61.466,-0.003,-0.107,0.150,0.0,1,1.783,5237,22,0
7.6167,-0.4161,-61.479,0.044,-0.075,0.150,0.0,1,1.784,5312,25,0
7.6333,-0.4170,-61.481,0.084,-0.040,0.149,0.0,1,1.785,5354,30,0
7.6500,-0.4174,-61.472,0.114,-0.005,0.148,0.0,1,1.785,5360,36,0
7.6667,-0.4172,-61.451,0.130,0.029,0.146,0.0,1,1.785,5338,42,0
7.6833,-0.4164,-61.420,0.135,0.062,0.145,0.0,1,1.784,5284,48,0
7.7000,-0.4151,-61.378,0.132,0.093,0.143,0.0,1,1.782,5201,55,0
7.7167,-0.4134,-61.326,0.124,0.120,0.141,0.0,1,1.779,5090,62,0
7.7333,-0.4112,-61.265,0.114,0.142,0.139,0.0,1,1.776,4978,68,0
7.7500,-0.4087,-61.196,0.106,0.160,0.136,0.0,1,1.773,4823,74,0
7.7667,-0.4059,-61.120,0.098,0.172,0.133,0.0,1,1.769,4653,78,0
7.7833,-0.4029,-61.038,0.090,0.178,0.131,0.0,1,1.765,4477,78,0
7.8000,-0.4000,-60.951,0.080,0.178,0.128,0.0,1,1.761,4330,76,0
7.8167,-0.3970,-60.861,0.066,0.173,0.126,0.0,1,1.757,4160,72,0
7.8333,-0.3942,-60.768,0.047,0.162,0.123,0.0,1,1.753,4000,66,0
7.8500,-0.3917,-60.674,0.024,0.146,0.121,0.0,1,1.749,3854,58,0
7.8667,-0.3894,-60.580,-0.001,0.125,0.119,0.0,1,1.746,3728,49,0
7.8833,-0.3875,-60.486,-0.027,0.101,0.118,0.0,1,1.742,3639,41,0
7.9000,-0.3861,-60.393,-0.052,0.074,0.116,0.0,1,1.740,3553,33,0
7.9167,-0.3851,-60.301,-0.076,0.044,0.115,0.0,1,1.738,3485,26,0
7.9333,-0.3846,-60.210,-0.099,0.013,0.114,0.0,1,1.736,3438,21,0
7.9500,-0.3847,-60.122,-0.122,-0.019,0.114,0.0,1,1.735,3414,18,0
7.9667,-0.3853,-60.035,-0.143,-0.052,0.114,0.0,1,1.734,3401,16,0
7.9833,-0.3864,-59.951,-0.161,-0.085,0.113,0.0,1,1.734,3407,16,0
8.0000,-0.3881,-59.868,-0.175,-0.117,0.114,0.0,1,1.735,3431,18,0
8.0167,-0.3903,-59.788,-0.182,-0.148,0.114,0.0,1,1.736,3467,21,0
8.0333,-0.3930,-59.709,-0.180,-0.177,0.114,0.0,1,1.738,3527,26,0
8.0500,-0.3962,-59.631,-0.168,-0.204,0.115,0.0,1,1.740,3608,32,0
8.0667,-0.3998,-59.553,-0.148,-0.227,0.116,0.0,1,1.742,3710,39,0
8.0833,-0.4038,-59.476,-0.122,-0.247,0.117,0.0,1,1.745,3829,47,0
8.1000,-0.4080,-59.399,-0.094,-0.262,0.119,0.0,1,1.748,3941,53,0
8.1167,-0.4125,-59.320,-0.067,-0.272,0.120,0.0,1,1.752,4087,60,0
8.1333,-0.4171,-59.238,-0.044,-0.277,0.122,0.0,1,1.755,4244,65,0
8.1500,-0.4217,-59.154,-0.024,-0.276,0.124,0.0,1,1.758,4406,68,0
8.1667,-0.4262,-59.065,-0.007,-0.270,0.126,0.0,1,1.761,4544,69,0
8.1833,-0.4307,-58.970,0.009,-0.259,0.128,0.0,1,1.764,4713,67,0
8.2000,-0.4348,-58.870,0.026,-0.241,0.129,0.0,1,1.767,4878,62,0
8.2167,-0.4387,-58.762,0.046,-0.219,0.131,0.0,1,1.769,5029,55,0
8.2333,-0.4421,-58.646,0.067,-0.192,0.132,0.0,1,1.771,5139,49,0
8.2500,-0.4450,-58.521,0.087,-0.161,0.133,0.0,1,1.772,5245,43,0
8.2667,-0.4475,-58.388,0.104,-0.128,0.134,0.0,1,1.773,5320,38,0
8.2833,-0.4493,-58.244,0.115,-0.096,0.137,0.0,1,1.773,5362,36,0
8.3000,-0.4506,-58.093,0.117,-0.060,0.138,0.0,1,1.772,5370,37,0
8.3167,-0.4513,-57.933,0.112,-0.025,0.138,0.0,1,1.770,5350,39,0
8.3333,-0.4514,-57.765,0.100,0.009,0.137,0.0,1,1.768,5292,43,0
8.3500,-0.4510,-57.588,0.083,0.040,0.136,0.0,1,1.765,5199,47,0
8.3667,-0.4501,-57.402,0.063,0.067,0.135,0.0,1,1.761,5076,54,0
8.3833,-0.4488,-57.210,0.040,0.090,0.133,0.0,1,1.757,4954,58,0
8.4000,-0.4471,-57.011,0.016,0.107,0.131,0.0,1,1.752,4792,62,0
8.4167,-0.4453,-56.808,-0.008,0.118,0.129,0.0,1,1.747,4617,62,0
8.4333,-0.4432,-56.600,-0.033,0.123,0.127,0.0,1,1.742,4438,61,0
8.4500,-0.4412,-56.390,-0.057,0.122,0.125,0.0,1,1.737,4290,59,0
8.4667,-0.4392,-56.179,-0.078,0.116,0.123,0.0,1,1.732,4118,57,0
8.4833,-0.4373,-55.967,-0.096,0.104,0.121,0.0,1,1.727,3960,52,0
8.5000,-0.4358,-55.755,-0.107,0.087,0.120,0.0,1,1.722,3821,47,0
8.5167,-0.4345,-55.542,-0.111,0.066,0.119,0.0,1,1.717,3703,42,0
8.5333,-0.4336,-55.332,-0.108,0.042,0.118,0.0,1,1.713,3621,40,0
8.5500,-0.4331,-55.124,-0.100,0.015,0.117,0.0,1,1.710,3544,39,0
8.5667,-0.4331,-54.919,-0.089,-0.014,0.117,0.0,1,1.706,3492,39,0
8.5833,-0.4336,-54.716,-0.080,-0.044,0.117,0.0,1,1.704,3462,41,0
8.6000,-0.4346,-54.517,-0.073,-0.075,0.118,0.0,1,1.701,3454,45,0
8.6167,-0.4361,-54.320,-0.071,-0.105,0.119,0.0,1,1.700,3464,53,0
8.6333,-0.4381,-54.127,-0.072,-0.136,0.118,0.0,1,1.699,3497,63,0
8.6500,-0.4406,-53.937,-0.074,-0.164,0.120,0.0,1,1.698,3553,73,0
8.6667,-0.4436,-53.750,-0.074,-0.189,0.122,0.0,1,1.698,3617,82,0
8.6833,-0.4469,-53.568,-0.071,-0.211,0.125,0.0,1,1.698,3715,94,0
8.7000,-0.4506,-53.389,-0.062,-0.228,0.128,0.0,1,1.699,3834,105,0
8.7167,-0.4545,-53.214,-0.047,-0.241,0.131,0.0,1,1.700,3972,114,0
8.7333,-0.4586,-53.042,-0.028,-0.249,0.135,0.0,1,1.701,4122,119,0
8.7500,-0.4628,-52.873,-0.006,-0.252,0.138,0.0,1,1.703,4255,121,0
8.7667,-0.4670,-52.707,0.015,-0.249,0.142,0.0,1,1.704,4421,120,0
8.7833,-0.4711,-52.543,0.035,-0.241,0.146,0.0,1,1.705,4586,116,0
8.8000,-0.4750,-52.381,0.051,-0.227,0.149,0.0,1,1.707,4744,108,0
8.8167,-0.4786,-52.221,0.064,-0.208,0.152,0.0,1,1.708,4867,99,0
8.8333,-0.4819,-52.061,0.074,-0.185,0.155,0.0,1,1.708,5004,88,0
8.8500,-0.4848,-51.903,0.079,-0.159,0.157,0.0,1,1.708,5124,77,0
8.8667,-0.4872,-51.745,0.081,-0.133,0.161,0.0,1,1.708,5224,67,0
8.8833,-0.4892,-51.589,0.077,-0.104,0.166,0.0,1,1.707,5289,59,0
8.9000,-0.4906,-51.434,0.069,-0.071,0.169,0.0,1,1.706,5344,52,0
8.9167,-0.4915,-51.283,0.055,-0.035,0.169,0.0,1,1.705,5368,49,0
8.9333,-0.4918,-51.134,0.038,-0.000,0.169,0.0,1,1.702,5358,47,0
8.9500,-0.4915,-50.986,0.019,0.034,0.168,0.0,1,1.699,5314,48,0
8.9667,-0.4907,-50.838,0.001,0.066,0.167,0.0,1,1.696,5251,52,0
8.9833,-0.4893,-50.693,-0.014,0.094,0.165,0.0,1,1.692,5149,59,0
9.0000,-0.4876,-50.551,-0.024,0.119,0.163,0.0,1,1.688,5024,65,0
9.0167,-0.4854,-50.413,-0.030,0.138,0.161,0.0,1,1.683,4882,67,0
9.0333,-0.4830,-50.280,-0.030,0.153,0.158,0.0,1,1.679,4755,68,0
9.0500,-0.4803,-50.152,-0.029,0.162,0.156,0.0,1,1.674,4598,69,0
9.0667,-0.4776,-50.031,-0.028,0.166,0.153,0.0,1,1.669,4439,68,0
9.0833,-0.4748,-49.915,-0.029,0.165,0.151,0.0,1,1.664,4284,64,0
9.1000,-0.4722,-49.804,-0.034,0.158,0.149,0.0,1,1.660,4163,59,0
9.1167,-0.4696,-49.699,-0.043,0.148,0.147,0.0,1,1.655,4028,52,0
9.1333,-0.4673,-49.601,-0.054,0.133,0.145,0.0,1,1.651,3907,46,0
9.1500,-0.4652,-49.512,-0.066,0.114,0.144,0.0,1,1.647,3805,40,0
9.1667,-0.4635,-49.430,-0.077,0.093,0.142,0.0,1,1.644,3720,32,0
9.1833,-0.4621,-49.355,-0.086,0.069,0.141,0.0,1,1.641,3664,27,0
9.2000,-0.4612,-49.287,-0.092,0.044,0.141,0.0,1,1.639,3616,21,0
9.2167,-0.4607,-49.226,-0.095,0.017,0.140,0.0,1,1.638,3588,17,0
9.2333,-0.4606,-49.172,-0.095,-0.009,0.139,0.0,1,1.637,3579,15,0
9.2500,-0.4610,-49.126,-0.093,-0.036,0.139,0.0,1,1.636,3587,14,0
9.2667,-0.4618,-49.088,-0.089,-0.062,0.139,0.0,1,1.636,3612,14,0
9.2833,-0.4631,-49.058,-0.084,-0.087,0.139,0.0,1,1.637,3657,15,0
9.3000,-0.4647,-49.036,-0.077,-0.110,0.139,0.0,1,1.638,3720,17,0
9.3167,-0.4667,-49.022,-0.069,-0.130,0.140,0.0,1,1.640,3787,19,0
9.3333,-0.4690,-49.014,-0.060,-0.147,0.140,0.0,1,1.642,3884,21,0
9.3500,-0.4716,-49.015,-0.051,-0.161,0.141,0.0,1,1.645,3996,23,0
9.3667,-0.4744,-49.024,-0.043,-0.170,0.141,0.0,1,1.648,4118,24,0
9.3833,-0.4772,-49.041,-0.037,-0.175,0.142,0.0,1,1.651,4252,24,0
9.4000,-0.4802,-49.067,-0.034,-0.176,0.143,0.0,1,1.654,4369,23,0
9.4167,-0.4831,-49.101,-0.033,-0.172,0.143,0.0,1,1.658,4510,20,0
9.4333,-0.4859,-49.143,-0.033,-0.163,0.144,0.0,1,1.661,4652,16,0
9.4500,-0.4885,-49.191,-0.033,-0.149,0.144,0.0,1,1.665,4786,12,0
9.4667,-0.4908,-49.246,-0.030,-0.132,0.144,0.0,1,1.668,4887,9,0
9.4833,-0.4928,-49.308,-0.023,-0.111,0.144,0.0,1,1.671,4995,6,0
9.5000,-0.4945,-49.377,-0.013,-0.086,0.144,0.0,1,1.674,5088,5,0
9.5167,-0.4957,-49.452,0.001,-0.059,0.144,0.0,1,1.677,5159,7,0
9.5333,-0.4964,-49.533,0.015,-0.030,0.144,0.0,1,1.679,5197,10,0
9.5500,-0.4967,-49.619,0.029,0.000,0.143,0.0,1,1.681,5215,14,0
9.5667,-0.4964,-49.709,0.040,0.030,0.143,0.0,1,1.682,5204,19,0
9.5833,-0.4957,-49.803,0.047,0.059,0.142,0.0,1,1.683,5165,25,0
9.6000,-0.4945,-49.902,0.051,0.086,0.141,0.0,1,1.683,5100,31,0
9.6167,-0.4928,-50.005,0.050,0.110,0.140,0.0,1,1.684,5027,36,0
9.6333,-0.4908,-50.111,0.047,0.130,0.138,0.0,1,1.683,4919,41,0
9.6500,-0.4885,-50.220,0.042,0.147,0.137,0.0,1,1.683,4791,46,0
9.6667,-0.4859,-50.332,0.036,0.159,0.135,0.0,1,1.682,4651,49,0
9.6833,-0.4832,-50.446,0.030,0.166,0.133,0.0,1,1.682,4529,50,0
9.7000,-0.4804,-50.562,0.023,0.168,0.131,0.0,1,1.681,4383,49,0
9.7167,-0.4777,-50.681,0.015,0.165,0.130,0.0,1,1.680,4240,47,0
9.7333,-0.4750,-50.801,0.008,0.157,0.128,0.0,1,1.680,4106,43,0
9.7500,-0.4725,-50.924,0.000,0.146,0.126,0.0,1,1.679,4004,40,0
9.7667,-0.4702,-51.048,-0.006,0.130,0.125,0.0,1,1.679,3895,35,0
9.7833,-0.4681,-51.173,-0.012,0.112,0.124,0.0,1,1.679,3805,29,0
9.8000,-0.4664,-51.300,-0.015,0.091,0.123,0.0,1,1.680,3736,24,0
9.8167,-0.4651,-51.428,-0.018,0.068,0.122,0.0,1,1.681,3689,19,0
9.8333,-0.4642,-51.557,-0.020,0.044,0.122,0.0,1,1.682,3666,15,0
9.8500,-0.4637,-51.687,-0.022,0.020,0.121,0.0,1,1.684,3656,11,0
9.8667,-0.4635,-51.819,-0.025,-0.005,0.121,0.0,1,1.686,3666,8,0
9.8833,-0.4638,-51.952,-0.030,-0.029,0.121,0.0,1,1.688,3697,6,0
9.9000,-0.4645,-52.085,-0.038,-0.051,0.121,0.0,1,1.691,3739,4,0
9.9167,-0.4655,-52.217,-0.044,-0.071,0.120,0.0,1,1.694,3806,3,0
9.9333,-0.4669,-52.349,-0.048,-0.089,0.120,0.0,1,1.698,3892,3,0
9.9500,-0.4685,-52.482,-0.049,-0.103,0.120,0.0,1,1.702,3993,3,0
9.9667,-0.4703,-52.613,-0.046,-0.115,0.120,0.0,1,1.706,4090,2,0
9.9833,-0.4723,-52.742,-0.041,-0.122,0.120,0.0,1,1.710,4218,3,0
10.0000,-0.4743,-52.869,-0.031,-0.124,0.120,0.0,1,1.714,4355,3,0
10.0167,-0.4764,-52.992,-0.017,-0.122,0.120,0.0,1,1.718,4494,3,0
10.0333,-0.4784,-53.111,-0.004,-0.115,0.120,0.0,1,1.722,4628,3,0
10.0500,-0.4802,-53.226,0.009,-0.104,0.120,0.0,1,1.726,4734,3,0
10.0667,-0.4818,-53.335,0.020,-0.089,0.120,0.0,1,1.729,4848,4,0
10.0833,-0.4831,-53.440,0.028,-0.070,0.120,0.0,1,1.732,4948,5,0
10.1000,-0.4841,-53.538,0.033,-0.047,0.120,0.0,1,1.735,5027,7,0
10.1167,-0.4847,-53.630,0.035,-0.022,0.120,0.0,1,1.737,5075,10,0
10.1333,-0.4849,-53.715,0.036,0.004,0.119,0.0,1,1.739,5107,14,0
10.1500,-0.4846,-53.792,0.035,0.030,0.118,0.0,1,1.740,5110,19,0
10.1667,-0.4839,-53.863,0.033,0.056,0.118,0.0,1,1.740,5086,25,0
10.1833,-0.4827,-53.927,0.028,0.080,0.117,0.0,1,1.740,5047,29,0
10.2000,-0.4812,-53.984,0.023,0.103,0.116,0.0,1,1.739,4977,35,0
10.2167,-0.4793,-54.035,0.016,0.122,0.114,0.0,1,1.738,4884,41,0
10.2333,-0.4771,-54.079,0.009,0.138,0.113,0.0,1,1.737,4771,46,0
10.2500,-0.4747,-54.116,0.003,0.149,0.111,0.0,1,1.735,4641,50,0
10.2667,-0.4722,-54.149,-0.002,0.156,0.109,0.0,1,1.733,4526,51,0
10.2833,-0.4695,-54.176,-0.005,0.158,0.107,0.0,1,1.731,4383,50,0
10.3000,-0.4669,-54.200,-0.007,0.156,0.106,0.0,1,1.728,4241,48,0
10.3167,-0.4644,-54.220,-0.009,0.149,0.104,0.0,1,1.726,4102,44,0
10.3333,-0.4620,-54.237,-0.010,0.137,0.103,0.0,1,1.724,3993,40,0
10.3500,-0.4598,-54.250,-0.013,0.121,0.101,0.0,1,1.722,3873,35,0
10.3667,-0.4580,-54.262,-0.017,0.102,0.100,0.0,1,1.721,3770,29,0
10.3833,-0.4565,-54.271,-0.023,0.080,0.099,0.0,1,1.719,3687,23,0
10.4000,-0.4553,-54.278,-0.030,0.055,0.099,0.0,1,1.718,3634,19,0
10.4167,-0.4546,-54.285,-0.036,0.029,0.098,0.0,1,1.718,3591,14,0
10.4333,-0.4544,-54.290,-0.040,0.002,0.098,0.0,1,1.717,3569,10,0
10.4500,-0.4546,-54.294,-0.040,-0.025,0.097,0.0,1,1.718,3572,7,0
10.4667,-0.4552,-54.296,-0.038,-0.052,0.097,0.0,1,1.718,3599,6,0
10.4833,-0.4563,-54.297,-0.032,-0.077,0.097,0.0,1,1.719,3641,6,0
10.5000,-0.4578,-54.296,-0.024,-0.101,0.097,0.0,1,1.721,3711,9,0
10.5167,-0.4597,-54.294,-0.014,-0.121,0.097,0.0,1,1.723,3801,12,0
10.5333,-0.4618,-54.290,-0.005,-0.138,0.098,0.0,1,1.725,3908,15,0
10.5500,-0.4643,-54.283,0.004,-0.151,0.098,0.0,1,1.727,4009,18,0
10.5667,-0.4669,-54.273,0.012,-0.160,0.099,0.0,1,1.730,4142,21,0
10.5833,-0.4696,-54.261,0.019,-0.164,0.099,0.0,1,1.732,4283,23,0
10.6000,-0.4723,-54.244,0.025,-0.163,0.100,0.0,1,1.735,4426,24,0
10.6167,-0.4750,-54.222,0.030,-0.158,0.101,0.0,1,1.737,4541,23,0
10.6333,-0.4775,-54.196,0.033,-0.147,0.101,0.0,1,1.739,4672,22,0
10.6500,-0.4799,-54.165,0.034,-0.133,0.102,0.0,1,1.741,4790,20,0
10.6667,-0.4819,-54.128,0.032,-0.115,0.102,0.0,1,1.742,4892,18,0
10.6833,-0.4837,-54.086,0.029,-0.095,0.103,0.0,1,1.743,4973,15,0
10.7000,-0.4851,-54.036,0.023,-0.071,0.103,0.0,1,1.744,5023,14,0
10.7167,-0.4861,-53.980,0.016,-0.047,0.103,0.0,1,1.744,5058,14,0
10.7333,-0.4866,-53.917,0.009,-0.022,0.103,0.0,1,1.744,5067,15,0
10.7500,-0.4868,-53.848,0.002,0.003,0.103,0.0,1,1.743,5049,17,0
10.7667,-0.4865,-53.773,-0.003,0.027,0.102,0.0,1,1.741,5016,19,0
10.7833,-0.4859,-53.692,-0.008,0.049,0.101,0.0,1,1.739,4955,23,0
10.8000,-0.4849,-53.606,-0.012,0.068,0.101,0.0,1,1.737,4872,27,0
10.8167,-0.4836,-53.514,-0.015,0.084,0.100,0.0,1,1.734,4769,31,0
10.8333,-0.4821,-53.417,-0.018,0.097,0.098,0.0,1,1.731,4672,33,0
10.8500,-0.4804,-53.317,-0.022,0.105,0.097,0.0,1,1.728,4546,35,0
10.8667,-0.4786,-53.213,-0.025,0.108,0.096,0.0,1,1.724,4415,35,0
10.8833,-0.4768,-53.107,-0.028,0.108,0.095,0.0,1,1.721,4282,34,0
10.9000,-0.4751,-53.000,-0.029,0.103,0.094,0.0,1,1.717,4153,32,0
10.9167,-0.4734,-52.891,-0.028,0.093,0.093,0.0,1,1.714,4050,30,0
10.9333,-0.4720,-52.781,-0.025,0.080,0.092,0.0,1,1.710,3938,26,0
10.9500,-0.4708,-52.671,-0.020,0.063,0.091,0.0,1,1.707,3841,22,0
10.9667,-0.4699,-52.562,-0.013,0.044,0.090,0.0,1,1.705,3762,19,0
10.9833,-0.4693,-52.453,-0.006,0.022,0.090,0.0,1,1.702,3711,17,0
11.0000,-0.4692,-52.346,0.000,-0.001,0.089,0.0,1,1.700,3668,16,0
11.0167,-0.4694,-52.240,0.005,-0.025,0.089,0.0,1,1.699,3647,17,0
11.0333,-0.4700,-52.136,0.010,-0.050,0.091,0.0,1,1.697,3647,19,0
11.0500,-0.4711,-52.034,0.013,-0.080,0.096,0.0,1,1.697,3666,23,0
11.0667,-0.4727,-51.936,0.015,-0.106,0.098,0.0,1,1.697,3714,29,0
11.0833,-0.4746,-51.842,0.016,-0.127,0.099,0.0,1,1.697,3787,36,0
11.1000,-0.4769,-51.750,0.017,-0.144,0.100,0.0,1,1.698,3883,41,0
11.1167,-0.4794,-51.660,0.017,-0.157,0.101,0.0,1,1.699,3997,46,0
11.1333,-0.4821,-51.570,0.016,-0.167,0.103,0.0,1,1.700,4102,49,0
11.1500,-0.4849,-51.481,0.015,-0.171,0.104,0.0,1,1.701,4237,51,0
11.1667,-0.4878,-51.394,0.013,-0.171,0.106,0.0,1,1.703,4379,51,0
11.1833,-0.4906,-51.309,0.011,-0.166,0.107,0.0,1,1.704,4524,49,0
11.2000,-0.4933,-51.225,0.009,-0.157,0.109,0.0,1,1.705,4643,46,0
11.2167,-0.4958,-51.143,0.007,-0.143,0.110,0.0,1,1.706,4776,41,0
11.2333,-0.4980,-51.063,0.006,-0.125,0.111,0.0,1,1.707,4890,36,0
11.2500,-0.4999,-50.983,0.005,-0.103,0.112,0.0,1,1.708,4984,29,0
11.2667,-0.5014,-50.903,0.004,-0.079,0.113,0.0,1,1.708,5047,23,0
11.2833,-0.5025,-50.825,0.003,-0.053,0.113,0.0,1,1.708,5101,19,0
11.3000,-0.5032,-50.748,0.000,-0.026,0.113,0.0,1,1.707,5130,18,0
11.3167,-0.5034,-50.674,-0.003,0.002,0.113,0.0,1,1.706,5128,18,0
11.3333,-0.5031,-50.602,-0.008,0.028,0.112,0.0,1,1.705,5098,20,0
11.3500,-0.5025,-50.532,-0.013,0.052,0.111,0.0,1,1.703,5054,22,0
11.3667,-0.5014,-50.462,-0.018,0.075,0.110,0.0,1,1.700,4982,27,0
11.3833,-0.5000,-50.395,-0.022,0.094,0.109,0.0,1,1.698,4890,32,0
11.4000,-0.4983,-50.330,-0.024,0.111,0.108,0.0,1,1.695,4779,37,0
11.4167,-0.4963,-50.270,-0.025,0.123,0.107,0.0,1,1.692,4675,39,0
11.4333,-0.4942,-50.213,-0.023,0.131,0.106,0.0,1,1.689,4541,39,0
11.4500,-0.4920,-50.162,-0.019,0.134,0.104,0.0,1,1.686,4403,38,0
11.4667,-0.4898,-50.116,-0.014,0.132,0.103,0.0,1,1.683,4267,37,0
11.4833,-0.4876,-50.074,-0.009,0.127,0.102,0.0,1,1.680,4158,35,0
11.5000,-0.4856,-50.036,-0.004,0.117,0.100,0.0,1,1.677,4036,31,0
11.5167,-0.4838,-50.002,0.002,0.103,0.099,0.0,1,1.674,3928,27,0
11.5333,-0.4822,-49.974,0.006,0.086,0.099,0.0,1,1.672,3834,23,0
11.5500,-0.4809,-49.953,0.010,0.066,0.098,0.0,1,1.671,3759,17,0
11.5667,-0.4800,-49.939,0.013,0.044,0.097,0.0,1,1.670,3712,13,0
11.5833,-0.4794,-49.930,0.016,0.021,0.097,0.0,1,1.669,3676,10,0
11.6000,-0.4793,-49.925,0.017,-0.003,0.097,0.0,1,1.669,3662,7,0
11.6167,-0.4795,-49.925,0.017,-0.027,0.096,0.0,1,1.669,3668,5,0
11.6333,-0.4802,-49.930,0.015,-0.050,0.096,0.0,1,1.670,3690,4,0
11.6500,-0.4812,-49.942,0.013,-0.072,0.096,0.0,1,1.671,3736,5,0
11.6667,-0.4826,-49.959,0.011,-0.092,0.096,0.0,1,1.672,3804,6,0
11.6833,-0.4843,-49.982,0.009,-0.109,0.096,0.0,1,1.675,3891,7,0
11.7000,-0.4862,-50.010,0.008,-0.123,0.097,0.0,1,1.677,3976,9,0
11.7167,-0.4884,-50.042,0.007,-0.134,0.097,0.0,1,1.680,4091,10,0
11.7333,-0.4906,-50.078,0.007,-0.140,0.097,0.0,1,1.683,4217,11,0
11.7500,-0.4930,-50.118,0.007,-0.142,0.098,0.0,1,1.686,4350,10,0
11.7667,-0.4953,-50.163,0.008,-0.139,0.098,0.0,1,1.689,4486,10,0
11.7833,-0.4976,-50.212,0.007,-0.132,0.098,0.0,1,1.692,4598,8,0
11.8000,-0.4997,-50.265,0.006,-0.120,0.098,0.0,1,1.695,4725,6,0
11.8167,-0.5016,-50.320,0.003,-0.105,0.098,0.0,1,1.698,4838,4,0
11.8333,-0.5032,-50.377,-0.001,-0.086,0.098,0.0,1,1.701,4933,3,0
11.8500,-0.5044,-50.435,-0.005,-0.064,0.098,0.0,1,1.703,4997,2,0
11.8667,-0.5053,-50.495,-0.008,-0.040,0.098,0.0,1,1.705,5055,3,0
11.8833,-0.5058,-50.556,-0.011,-0.015,0.098,0.0,1,1.706,5089,6,0
11.9000,-0.5058,-50.619,-0.013,0.012,0.098,0.0,1,1.708,5096,9,0
11.9167,-0.5054,-50.682,-0.013,0.037,0.097,0.0,1,1.708,5081,13,0
11.9333,-0.5045,-50.746,-0.013,0.062,0.097,0.0,1,1.708,5039,17,0
11.9500,-0.5033,-50.809,-0.012,0.084,0.096,0.0,1,1.708,4974,22,0
11.9667,-0.5017,-50.872,-0.010,0.104,0.095,0.0,1,1.708,4888,27,0
11.9833,-0.4998,-50.935,-0.008,0.121,0.094,0.0,1,1.707,4783,31,0
12.0000,-0.4977,-50.998,-0.006,0.133,0.093,0.0,1,1.706,4684,34,0
12.0167,-0.4954,-51.061,-0.003,0.142,0.092,0.0,1,1.705,4554,36,0
12.0333,-0.4930,-51.125,-0.001,0.145,0.091,0.0,1,1.703,4417,36,0
12.0500,-0.4906,-51.188,0.001,0.145,0.089,0.0,1,1.702,4281,35,0
12.0667,-0.4882,-51.251,0.004,0.139,0.088,0.0,1,1.701,4172,33,0
12.0833,-0.4860,-51.314,0.005,0.130,0.087,0.0,1,1.699,4048,30,0
12.1000,-0.4839,-51.376,0.006,0.117,0.086,0.0,1,1.698,3936,26,0
12.1167,-0.4821,-51.439,0.006,0.100,0.085,0.0,1,1.698,3838,21,0
12.1333,-0.4806,-51.502,0.006,0.080,0.085,0.0,1,1.697,3772,17,0
12.1500,-0.4795,-51.566,0.005,0.059,0.084,0.0,1,1.697,3712,13,0
12.1667,-0.4787,-51.630,0.005,0.035,0.084,0.0,1,1.698,3675,9,0
12.1833,-0.4783,-51.694,0.006,0.011,0.083,0.0,1,1.698,3660,6,0
12.2000,-0.4783,-51.757,0.007,-0.013,0.083,0.0,1,1.699,3668,4,0
12.2167,-0.4787,-51.820,0.008,-0.036,0.083,0.0,1,1.701,3690,3,0
12.2333,-0.4795,-51.883,0.010,-0.058,0.083,0.0,1,1.703,3738,2,0
12.2500,-0.4806,-51.946,0.011,-0.078,0.083,0.0,1,1.705,3808,2,0
12.2667,-0.4821,-52.008,0.010,-0.096,0.083,0.0,1,1.707,3897,2,0
12.2833,-0.4838,-52.068,0.008,-0.110,0.083,0.0,1,1.710,3984,3,0
12.3000,-0.4857,-52.126,0.005,-0.120,0.083,0.0,1,1.713,4098,5,0
12.3167,-0.4878,-52.182,0.002,-0.126,0.084,0.0,1,1.716,4221,6,0
12.3333,-0.4899,-52.234,-0.003,-0.128,0.084,0.0,1,1.719,4349,6,0
12.3500,-0.4920,-52.285,-0.007,-0.126,0.084,0.0,1,1.722,4457,6,0
12.3667,-0.4941,-52.331,-0.010,-0.119,0.084,0.0,1,1.725,4584,6,0
12.3833,-0.4960,-52.374,-0.013,-0.108,0.084,0.0,1,1.728,4701,5,0
12.4000,-0.4977,-52.412,-0.013,-0.094,0.084,0.0,1,1.730,4803,4,0
12.4167,-0.4991,-52.445,-0.013,-0.076,0.084,0.0,1,1.732,4888,3,0
12.4333,-0.5002,-52.472,-0.012,-0.056,0.084,0.0,1,1.734,4943,3,0
12.4500,-0.5010,-52.493,-0.010,-0.034,0.084,0.0,1,1.735,4991,4,0
12.4667,-0.5013,-52.510,-0.008,-0.011,0.084,0.0,1,1.735,5016,6,0
12.4833,-0.5013,-52.521,-0.005,0.012,0.084,0.0,1,1.736,5015,9,0
12.5000,-0.5009,-52.526,-0.001,0.035,0.084,0.0,1,1.735,4994,12,0
12.5167,-0.5002,-52.525,0.002,0.057,0.083,0.0,1,1.734,4948,16,0
12.5333,-0.4991,-52.518,0.005,0.076,0.082,0.0,1,1.733,4880,20,0
12.5500,-0.4976,-52.506,0.008,0.093,0.082,0.0,1,1.732,4794,24,0
12.5667,-0.4960,-52.489,0.009,0.106,0.081,0.0,1,1.730,4710,27,0
12.5833,-0.4941,-52.467,0.009,0.116,0.080,0.0,1,1.727,4596,29,0
12.6000,-0.4921,-52.442,0.008,0.122,0.079,0.0,1,1.725,4473,31,0
12.6167,-0.4901,-52.414,0.007,0.123,0.078,0.0,1,1.722,4345,30,0
12.6333,-0.4880,-52.382,0.004,0.120,0.077,0.0,1,1.720,4218,29,0
12.6500,-0.4861,-52.347,0.002,0.113,0.076,0.0,1,1.717,4117,27,0
12.6667,-0.4843,-52.309,0.001,0.102,0.075,0.0,1,1.715,4003,24,0
12.6833,-0.4827,-52.270,0.001,0.088,0.074,0.0,1,1.712,3900,20,0
12.7000,-0.4814,-52.230,0.001,0.070,0.073,0.0,1,1.710,3812,16,0
12.7167,-0.4804,-52.190,0.002,0.050,0.073,0.0,1,1.709,3753,13,0
12.7333,-0.4797,-52.148,0.003,0.028,0.072,0.0,1,1.707,3701,9,0
12.7500,-0.4795,-52.106,0.003,0.005,0.072,0.0,1,1.706,3671,7,0
12.7667,-0.4796,-52.063,0.003,-0.019,0.072,0.0,1,1.706,3663,6,0
12.7833,-0.4801,-52.020,0.002,-0.043,0.072,0.0,1,1.706,3673,7,0
12.8000,-0.4810,-51.977,0.000,-0.066,0.072,0.0,1,1.706,3705,9,0
12.8167,-0.4823,-51.934,-0.001,-0.087,0.072,0.0,1,1.706,3759,13,0
12.8333,-0.4839,-51.891,-0.003,-0.106,0.073,0.0,1,1.707,3835,17,0
12.8500,-0.4858,-51.848,-0.005,-0.122,0.073,0.0,1,1.708,3929,21,0
12.8667,-0.4879,-51.804,-0.006,-0.134,0.074,0.0,1,1.710,4020,25,0
12.8833,-0.4902,-51.760,-0.007,-0.142,0.075,0.0,1,1.711,4139,28,0
12.9000,-0.4927,-51.715,-0.008,-0.147,0.076,0.0,1,1.713,4266,30,0
12.9167,-0.4951,-51.669,-0.008,-0.146,0.077,0.0,1,1.715,4396,30,0
12.9333,-0.4975,-51.623,-0.008,-0.142,0.078,0.0,1,1.716,4505,30,0
12.9500,-0.4998,-51.575,-0.007,-0.133,0.079,0.0,1,1.718,4630,27,0
12.9667,-0.5019,-51.527,-0.005,-0.121,0.080,0.0,1,1.719,4745,24,0
12.9833,-0.5038,-51.477,-0.003,-0.105,0.081,0.0,1,1.720,4844,20,0
13.0000,-0.5054,-51.425,-0.001,-0.087,0.083,0.0,1,1.721,4913,16,0
13.0167,-0.5067,-51.373,0.001,-0.067,0.084,0.0,1,1.722,4979,13,0
13.0333,-0.5076,-51.320,0.004,-0.045,0.086,0.0,1,1.722,5024,11,0
13.0500,-0.5082,-51.267,0.005,-0.020,0.086,0.0,1,1.721,5047,10,0
13.0667,-0.5083,-51.212,0.006,0.004,0.085,0.0,1,1.720,5044,11,0
13.0833,-0.5081,-51.156,0.006,0.027,0.085,0.0,1,1.719,5022,13,0
13.1000,-0.5074,-51.098,0.006,0.049,0.084,0.0,1,1.717,4975,16,0
13.1167,-0.5064,-51.038,0.005,0.069,0.083,0.0,1,1.715,4906,20,0
13.1333,-0.5051,-50.978,0.004,0.087,0.082,0.0,1,1.713,4818,24,0
13.1500,-0.5036,-50.918,0.003,0.101,0.082,0.0,1,1.710,4733,27,0
13.1667,-0.5018,-50.860,0.002,0.112,0.081,0.0,1,1.708,4618,28,0
13.1833,-0.4999,-50.804,0.002,0.118,0.080,0.0,1,1.705,4494,29,0
13.2000,-0.4979,-50.749,0.002,0.120,0.079,0.0,1,1.702,4365,29,0
13.2167,-0.4959,-50.696,0.002,0.118,0.078,0.0,1,1.699,4259,28,0
13.2333,-0.4939,-50.645,0.001,0.112,0.077,0.0,1,1.696,4135,27,0
13.2500,-0.4922,-50.595,0.000,0.102,0.076,0.0,1,1.693,4021,23,0
13.2667,-0.4906,-50.548,-0.001,0.088,0.075,0.0,1,1.691,3919,19,0
13.2833,-0.4893,-50.506,-0.003,0.071,0.074,0.0,1,1.689,3833,15,0
13.3000,-0.4882,-50.468,-0.005,0.052,0.074,0.0,1,1.687,3775,12,0
13.3167,-0.4875,-50.433,-0.006,0.031,0.074,0.0,1,1.686,3725,9,0
13.3333,-0.4872,-50.402,-0.007,0.008,0.073,0.0,1,1.685,3698,6,0
13.3500,-0.4873,-50.374,-0.007,-0.015,0.073,0.0,1,1.684,3694,5,0
13.3667,-0.4877,-50.349,-0.007,-0.037,0.073,0.0,1,1.685,3707,5,0
13.3833,-0.4885,-50.329,-0.007,-0.059,0.073,0.0,1,1.685,3743,6,0
13.4000,-0.4897,-50.314,-0.006,-0.079,0.073,0.0,1,1.686,3800,8,0
13.4167,-0.4911,-50.303,-0.005,-0.096,0.074,0.0,1,1.687,3878,10,0
13.4333,-0.4928,-50.296,-0.003,-0.111,0.074,0.0,1,1.689,3956,12,0
13.4500,-0.4948,-50.292,-0.001,-0.122,0.074,0.0,1,1.691,4064,14,0
13.4667,-0.4969,-50.291,0.001,-0.129,0.075,0.0,1,1.693,4181,15,0
13.4833,-0.4991,-50.293,0.003,-0.132,0.075,0.0,1,1.695,4304,16,0
13.5000,-0.5013,-50.299,0.005,-0.131,0.076,0.0,1,1.697,4429,15,0
13.5167,-0.5034,-50.309,0.006,-0.126,0.076,0.0,1,1.700,4532,14,0
13.5333,-0.5054,-50.322,0.007,-0.117,0.077,0.0,1,1.702,4651,11,0
13.5500,-0.5073,-50.337,0.006,-0.104,0.077,0.0,1,1.704,4758,8,0
13.5667,-0.5089,-50.354,0.005,-0.088,0.077,0.0,1,1.706,4850,5,0
13.5833,-0.5102,-50.372,0.004,-0.069,0.077,0.0,1,1.708,4912,4,0
13.6000,-0.5111,-50.392,0.002,-0.047,0.077,0.0,1,1.709,4969,2,0
13.6167,-0.5118,-50.413,0.000,-0.025,0.077,0.0,1,1.710,5005,3,0
13.6333,-0.5120,-50.436,-0.001,-0.002,0.077,0.0,1,1.711,5020,5,0
13.6500,-0.5118,-50.461,-0.001,0.022,0.077,0.0,1,1.711,5014,7,0
13.6667,-0.5112,-50.486,-0.001,0.045,0.076,0.0,1,1.711,4985,11,0
13.6833,-0.5103,-50.512,-0.001,0.066,0.076,0.0,1,1.710,4934,15,0
13.7000,-0.5091,-50.538,-0.001,0.085,0.075,0.0,1,1.709,4862,19,0
13.7167,-0.5075,-50.565,-0.000,0.101,0.075,0.0,1,1.708,4773,22,0
13.7333,-0.5057,-50.593,-0.000,0.114,0.074,0.0,1,1.707,4688,24,0
13.7500,-0.5037,-50.623,-0.000,0.123,0.073,0.0,1,1.705,4575,26,0
13.7667,-0.5016,-50.654,-0.001,0.128,0.072,0.0,1,1.704,4453,27,0
13.7833,-0.4995,-50.686,-0.001,0.129,0.071,0.0,1,1.702,4327,27,0
13.8000,-0.4974,-50.719,-0.002,0.125,0.070,0.0,1,1.701,4224,26,0
13.8167,-0.4953,-50.753,-0.002,0.118,0.069,0.0,1,1.699,4105,23,0
13.8333,-0.4935,-50.789,-0.003,0.107,0.069,0.0,1,1.698,3995,20,0
13.8500,-0.4918,-50.825,-0.003,0.093,0.068,0.0,1,1.697,3899,17,0
13.8667,-0.4904,-50.864,-0.004,0.075,0.068,0.0,1,1.696,3830,14,0
13.8833,-0.4893,-50.904,-0.004,0.056,0.067,0.0,1,1.696,3765,10,0
13.9000,-0.4885,-50.946,-0.004,0.034,0.067,0.0,1,1.696,3722,7,0
13.9167,-0.4882,-50.989,-0.004,0.012,0.067,0.0,1,1.696,3701,4,0
13.9333,-0.4882,-51.032,-0.003,-0.011,0.067,0.0,1,1.697,3702,3,0
13.9500,-0.4885,-51.077,-0.001,-0.033,0.066,0.0,1,1.698,3721,2,0
13.9667,-0.4893,-51.122,0.001,-0.054,0.067,0.0,1,1.700,3762,1,0
13.9833,-0.4903,-51.168,0.002,-0.074,0.067,0.0,1,1.701,3826,2,0
14.0000,-0.4917,-51.215,0.004,-0.090,0.067,0.0,1,1.704,3908,3,0
14.0167,-0.4933,-51.262,0.005,-0.104,0.067,0.0,1,1.706,3990,4,0
14.0333,-0.4952,-51.308,0.005,-0.114,0.067,0.0,1,1.709,4101,6,0
14.0500,-0.4971,-51.353,0.005,-0.120,0.067,0.0,1,1.711,4219,7,0
14.0667,-0.4991,-51.397,0.004,-0.122,0.067,0.0,1,1.714,4342,8,0
14.0833,-0.5012,-51.440,0.004,-0.120,0.068,0.0,1,1.717,4445,8,0
14.1000,-0.5031,-51.481,0.003,-0.114,0.068,0.0,1,1.720,4565,7,0
14.1167,-0.5050,-51.520,0.002,-0.104,0.068,0.0,1,1.722,4678,5,0
14.1333,-0.5066,-51.557,0.001,-0.091,0.068,0.0,1,1.724,4778,4,0
14.1500,-0.5080,-51.590,0.001,-0.074,0.068,0.0,1,1.726,4860,3,0
14.1667,-0.5090,-51.619,0.000,-0.055,0.068,0.0,1,1.728,4915,2,0
14.1833,-0.5098,-51.645,-0.000,-0.034,0.068,0.0,1,1.729,4961,2,0
14.2000,-0.5102,-51.667,-0.001,-0.012,0.068,0.0,1,1.730,4986,3,0
14.2167,-0.5102,-51.686,-0.002,0.011,0.068,0.0,1,1.730,4988,6,0
14.2333,-0.5098,-51.701,-0.003,0.033,0.068,0.0,1,1.730,4972,8,0
14.2500,-0.5091,-51.712,-0.004,0.054,0.068,0.0,1,1.730,4932,12,0
14.2667,-0.5080,-51.719,-0.004,0.073,0.067,0.0,1,1.729,4870,15,0
14.2833,-0.5067,-51.722,-0.004,0.089,0.066,0.0,1,1.727,4789,19,0
14.3000,-0.5051,-51.721,-0.004,0.103,0.066,0.0,1,1.726,4710,21,0
14.3167,-0.5033,-51.718,-0.004,0.113,0.065,0.0,1,1.724,4603,24,0
14.3333,-0.5013,-51.712,-0.003,0.119,0.064,0.0,1,1.722,4486,25,0
14.3500,-0.4993,-51.703,-0.002,0.121,0.063,0.0,1,1.720,4363,25,0
14.3667,-0.4973,-51.692,-0.002,0.119,0.062,0.0,1,1.717,4240,24,0
14.3833,-0.4954,-51.679,-0.001,0.113,0.062,0.0,1,1.715,4140,23,0
14.4000,-0.4936,-51.664,0.000,0.103,0.061,0.0,1,1.713,4028,20,0
14.4167,-0.4919,-51.647,0.002,0.090,0.060,0.0,1,1.711,3927,17,0
14.4333,-0.4906,-51.630,0.003,0.073,0.060,0.0,1,1.710,3841,13,0
14.4500,-0.4895,-51.612,0.004,0.054,0.059,0.0,1,1.708,3782,10,0
14.4667,-0.4888,-51.594,0.005,0.033,0.059,0.0,1,1.707,3730,7,0
14.4833,-0.4884,-51.575,0.005,0.011,0.059,0.0,1,1.706,3700,5,0
14.5000,-0.4884,-51.556,0.005,-0.012,0.059,0.0,1,1.706,3693,3,0
14.5167,-0.4888,-51.537,0.004,-0.034,0.059,0.0,1,1.706,3704,3,0
14.5333,-0.4896,-51.517,0.002,-0.056,0.059,0.0,1,1.707,3738,5,0
14.5500,-0.4907,-51.497,0.001,-0.077,0.059,0.0,1,1.707,3793,7,0
14.5667,-0.4921,-51.477,-0.000,-0.095,0.060,0.0,1,1.709,3868,11,0
14.5833,-0.4939,-51.458,-0.001,-0.110,0.060,0.0,1,1.710,3961,14,0
14.6000,-0.4958,-51.438,-0.002,-0.121,0.061,0.0,1,1.711,4049,17,0
14.6167,-0.4979,-51.417,-0.002,-0.129,0.061,0.0,1,1.713,4165,20,0
14.6333,-0.5001,-51.395,-0.002,-0.132,0.062,0.0,1,1.715,4287,21,0
14.6500,-0.5023,-51.372,-0.002,-0.132,0.063,0.0,1,1.717,4410,22,0
14.6667,-0.5044,-51.348,-0.001,-0.127,0.063,0.0,1,1.719,4510,21,0
14.6833,-0.5065,-51.324,-0.001,-0.119,0.064,0.0,1,1.720,4626,19,0
14.7000,-0.5084,-51.298,-0.001,-0.109,0.066,0.0,1,1.722,4732,16,0
14.7167,-0.5101,-51.271,-0.001,-0.095,0.068,0.0,1,1.723,4824,13,0
14.7333,-0.5115,-51.244,-0.001,-0.079,0.070,0.0,1,1.724,4890,10,0
14.7500,-0.5127,-51.215,-0.001,-0.061,0.072,0.0,1,1.725,4952,8,0
14.7667,-0.5135,-51.185,-0.001,-0.039,0.073,0.0,1,1.725,4994,6,0
14.7833,-0.5140,-51.155,-0.001,-0.016,0.073,0.0,1,1.725,5015,6,0
14.8000,-0.5141,-51.122,-0.002,0.007,0.074,0.0,1,1.725,5013,7,0
14.8167,-0.5138,-51.087,-0.002,0.030,0.074,0.0,1,1.724,4993,10,0
14.8333,-0.5131,-51.051,-0.002,0.051,0.073,0.0,1,1.722,4947,14,0
14.8500,-0.5121,-51.013,-0.003,0.071,0.073,0.0,1,1.721,4881,18,0
14.8667,-0.5107,-50.974,-0.003,0.088,0.072,0.0,1,1.719,4797,21,0
14.8833,-0.5091,-50.935,-0.002,0.102,0.071,0.0,1,1.716,4716,23,0
14.9000,-0.5074,-50.896,-0.001,0.112,0.070,0.0,1,1.714,4606,25,0
14.9167,-0.5054,-50.857,-0.000,0.118,0.069,0.0,1,1.711,4486,27,0
14.9333,-0.5035,-50.819,0.001,0.120,0.069,0.0,1,1.709,4360,27,0
14.9500,-0.5015,-50.781,0.002,0.118,0.068,0.0,1,1.706,4256,26,0
14.9667,-0.4996,-50.744,0.003,0.111,0.067,0.0,1,1.703,4135,24,0
14.9833,-0.4978,-50.709,0.004,0.101,0.066,0.0,1,1.701,4022,21,0
15.0000,-0.4962,-50.676,0.004,0.088,0.065,0.0,1,1.699,3921,17,0
15.0167,-0.4949,-50.645,0.003,0.071,0.065,0.0,1,1.697,3836,14,0
15.0333,-0.4939,-50.617,0.002,0.052,0.064,0.0,1,1.695,3778,11,0
15.0500,-0.4932,-50.591,0.002,0.031,0.064,0.0,1,1.694,3729,7,0
15.0667,-0.4928,-50.567,0.001,0.009,0.064,0.0,1,1.693,3702,5,0
15.0833,-0.4929,-50.546,0.000,-0.014,0.064,0.0,1,1.693,3698,4,0
15.1000,-0.4933,-50.528,-0.000,-0.036,0.064,0.0,1,1.693,3712,4,0
15.1167,-0.4941,-50.513,-0.001,-0.058,0.064,0.0,1,1.694,3750,5,0
15.1333,-0.4952,-50.501,-0.001,-0.077,0.064,0.0,1,1.695,3808,7,0
15.1500,-0.4967,-50.492,-0.001,-0.095,0.064,0.0,1,1.696,3887,10,0
15.1667,-0.4984,-50.485,-0.002,-0.109,0.064,0.0,1,1.698,3966,12,0
15.1833,-0.5003,-50.481,-0.002,-0.120,0.065,0.0,1,1.699,4074,14,0
15.2000,-0.5023,-50.478,-0.002,-0.127,0.065,0.0,1,1.702,4190,16,0
15.2167,-0.5045,-50.478,-0.002,-0.129,0.066,0.0,1,1.704,4311,17,0
15.2333,-0.5066,-50.480,-0.002,-0.128,0.066,0.0,1,1.706,4434,16,0
15.2500,-0.5087,-50.485,-0.002,-0.123,0.067,0.0,1,1.708,4534,15,0
15.2667,-0.5107,-50.491,-0.001,-0.114,0.067,0.0,1,1.710,4649,12,0
15.2833,-0.5125,-50.497,-0.001,-0.101,0.068,0.0,1,1.712,4751,9,0
15.3000,-0.5140,-50.505,-0.001,-0.085,0.068,0.0,1,1.714,4838,6,0
15.3167,-0.5153,-50.513,-0.001,-0.067,0.068,0.0,1,1.715,4897,4,0
15.3333,-0.5162,-50.521,-0.000,-0.047,0.069,0.0,1,1.716,4950,3,0
15.3500,-0.5168,-50.531,-0.000,-0.025,0.069,0.0,1,1.717,4985,3,0
15.3667,-0.5171,-50.541,0.000,-0.002,0.069,0.0,1,1.718,4998,4,0
15.3833,-0.5169,-50.551,0.001,0.021,0.069,0.0,1,1.717,4992,6,0
15.4000,-0.5164,-50.560,0.002,0.043,0.068,0.0,1,1.717,4964,10,0
15.4167,-0.5155,-50.569,0.002,0.063,0.068,0.0,1,1.716,4914,13,0
15.4333,-0.5143,-50.579,0.002,0.082,0.067,0.0,1,1.715,4845,17,0
15.4500,-0.5128,-50.588,0.002,0.097,0.067,0.0,1,1.714,4760,20,0
15.4667,-0.5110,-50.599,0.002,0.110,0.066,0.0,1,1.712,4678,22,0
15.4833,-0.5091,-50.610,0.001,0.119,0.065,0.0,1,1.711,4569,24,0
15.5000,-0.5071,-50.622,0.001,0.124,0.064,0.0,1,1.709,4450,25,0
15.5167,-0.5050,-50.634,-0.000,0.124,0.064,0.0,1,1.707,4327,25,0
15.5333,-0.5030,-50.647,-0.001,0.121,0.063,0.0,1,1.705,4226,24,0
15.5500,-0.5010,-50.661,-0.001,0.114,0.062,0.0,1,1.703,4109,22,0
15.5667,-0.4992,-50.676,-0.001,0.103,0.061,0.0,1,1.702,4001,19,0
15.5833,-0.4976,-50.693,-0.001,0.089,0.061,0.0,1,1.700,3906,15,0
15.6000,-0.4963,-50.712,-0.001,0.072,0.060,0.0,1,1.699,3837,12,0
15.6167,-0.4952,-50.732,-0.001,0.053,0.060,0.0,1,1.699,3772,9,0
15.6333,-0.4945,-50.754,-0.001,0.032,0.060,0.0,1,1.698,3729,6,0
15.6500,-0.4942,-50.776,-0.000,0.009,0.059,0.0,1,1.698,3707,4,0
15.6667,-0.4942,-50.801,-0.000,-0.013,0.059,0.0,1,1.699,3709,2,0
15.6833,-0.4946,-50.826,0.000,-0.035,0.059,0.0,1,1.700,3727,1,0
15.7000,-0.4954,-50.853,0.000,-0.056,0.059,0.0,1,1.701,3769,1,0
15.7167,-0.4965,-50.881,0.000,-0.075,0.059,0.0,1,1.703,3831,2,0
15.7333,-0.4979,-50.910,-0.000,-0.091,0.059,0.0,1,1.704,3914,4,0
15.7500,-0.4995,-50.939,-0.000,-0.105,0.060,0.0,1,1.707,3995,6,0
15.7667,-0.5013,-50.969,-0.001,-0.115,0.060,0.0,1,1.709,4103,8,0
15.7833,-0.5033,-50.998,-0.001,-0.121,0.060,0.0,1,1.712,4220,10,0
15.8000,-0.5053,-51.027,-0.002,-0.123,0.060,0.0,1,1.714,4340,10,0
15.8167,-0.5074,-51.055,-0.002,-0.121,0.061,0.0,1,1.717,4441,10,0
15.8333,-0.5093,-51.083,-0.002,-0.115,0.061,0.0,1,1.719,4559,9,0
15.8500,-0.5112,-51.109,-0.001,-0.105,0.061,0.0,1,1.721,4668,7,0
15.8667,-0.5128,-51.134,-0.001,-0.092,0.062,0.0,1,1.723,4766,5,0
15.8833,-0.5142,-51.156,0.000,-0.076,0.062,0.0,1,1.725,4847,3,0
15.9000,-0.5153,-51.176,0.001,-0.059,0.063,0.0,1,1.727,4901,2,0
15.9167,-0.5161,-51.194,0.002,-0.039,0.064,0.0,1,1.728,4949,2,0
15.9333,-0.5166,-51.210,0.002,-0.018,0.065,0.0,1,1.729,4978,3,0
15.9500,-0.5167,-51.224,0.002,0.005,0.065,0.0,1,1.729,4986,4,0
15.9667,-0.5164,-51.234,0.002,0.027,0.064,0.0,1,1.729,4975,7,0
15.9833,-0.5158,-51.242,0.002,0.048,0.064,0.0,1,1.728,4941,10,0
16.0000,-0.5148,-51.246,0.001,0.068,0.064,0.0,1,1.727,4884,14,0
16.0167,-0.5135,-51.247,0.000,0.085,0.063,0.0,1,1.726,4808,18,0
16.0333,-0.5120,-51.246,-0.000,0.099,0.062,0.0,1,1.725,4734,20,0
16.0500,-0.5103,-51.243,-0.001,0.110,0.062,0.0,1,1.723,4634,22,0
16.0667,-0.5083,-51.239,-0.001,0.118,0.061,0.0,1,1.721,4521,24,0
16.0833,-0.5063,-51.232,-0.002,0.121,0.060,0.0,1,1.719,4401,25,0
16.1000,-0.5043,-51.224,-0.002,0.120,0.059,0.0,1,1.716,4277,24,0
16.1167,-0.5024,-51.215,-0.002,0.116,0.059,0.0,1,1.714,4177,23,0
16.1333,-0.5005,-51.204,-0.002,0.107,0.058,0.0,1,1.712,4063,20,0
16.1500,-0.4988,-51.193,-0.001,0.095,0.057,0.0,1,1.710,3959,17,0
16.1667,-0.4974,-51.182,-0.001,0.079,0.057,0.0,1,1.709,3869,14,0
16.1833,-0.4962,-51.170,-0.000,0.061,0.056,0.0,1,1.707,3805,11,0
16.2000,-0.4954,-51.159,0.000,0.041,0.056,0.0,1,1.706,3747,7,0
16.2167,-0.4949,-51.148,0.001,0.019,0.056,0.0,1,1.706,3711,5,0
16.2333,-0.4947,-51.137,0.001,-0.004,0.056,0.0,1,1.705,3698,3,0
16.2500,-0.4950,-51.126,0.001,-0.026,0.056,0.0,1,1.705,3705,2,0
16.2667,-0.4956,-51.115,0.001,-0.048,0.056,0.0,1,1.706,3734,3,0
16.2833,-0.4966,-51.105,0.000,-0.069,0.056,0.0,1,1.707,3783,5,0
16.3000,-0.4979,-51.096,0.000,-0.088,0.057,0.0,1,1.708,3854,8,0
16.3167,-0.4995,-51.087,0.000,-0.103,0.057,0.0,1,1.709,3944,12,0
16.3333,-0.5013,-51.078,0.000,-0.115,0.057,0.0,1,1.711,4030,14,0
16.3500,-0.5033,-51.068,0.000,-0.124,0.058,0.0,1,1.713,4144,17,0
16.3667,-0.5054,-51.058,0.000,-0.128,0.059,0.0,1,1.715,4263,18,0
16.3833,-0.5076,-51.048,0.001,-0.128,0.059,0.0,1,1.717,4384,19,0
16.4000,-0.5097,-51.037,0.001,-0.125,0.060,0.0,1,1.719,4483,18,0
16.4167,-0.5117,-51.026,0.001,-0.118,0.061,0.0,1,1.721,4597,16,0
16.4333,-0.5136,-51.014,0.000,-0.108,0.062,0.0,1,1.722,4704,14,0
16.4500,-0.5153,-51.001,-0.000,-0.096,0.064,0.0,1,1.724,4798,11,0
16.4667,-0.5167,-50.987,-0.000,-0.081,0.066,0.0,1,1.725,4864,8,0
16.4833,-0.5180,-50.973,-0.001,-0.064,0.068,0.0,1,1.726,4929,6,0
16.5000,-0.5188,-50.957,-0.001,-0.043,0.070,0.0,1,1.727,4977,5,0
16.5167,-0.5194,-50.941,-0.002,-0.021,0.070,0.0,1,1.727,5005,4,0
16.5333,-0.5195,-50.924,-0.002,0.003,0.070,0.0,1,1.727,5011,6,0
16.5500,-0.5193,-50.904,-0.002,0.026,0.070,0.0,1,1.726,4997,8,0
16.5667,-0.5187,-50.882,-0.002,0.048,0.069,0.0,1,1.725,4958,12,0
16.5833,-0.5177,-50.858,-0.002,0.068,0.069,0.0,1,1.724,4898,16,0
16.6000,-0.5164,-50.833,-0.001,0.085,0.068,0.0,1,1.722,4820,19,0
16.6167,-0.5149,-50.807,-0.001,0.100,0.068,0.0,1,1.720,4744,22,0
16.6333,-0.5131,-50.782,-0.001,0.111,0.067,0.0,1,1.718,4641,24,0
16.6500,-0.5112,-50.756,-0.000,0.119,0.066,0.0,1,1.715,4526,26,0
16.6667,-0.5092,-50.730,0.000,0.122,0.065,0.0,1,1.713,4402,27,0
16.6833,-0.5071,-50.704,0.001,0.122,0.064,0.0,1,1.710,4297,26,0
16.7000,-0.5051,-50.678,0.001,0.117,0.063,0.0,1,1.708,4175,24,0
16.7167,-0.5033,-50.653,0.001,0.108,0.063,0.0,1,1.705,4060,22,0
16.7333,-0.5016,-50.630,0.001,0.095,0.062,0.0,1,1.703,3954,18,0
16.7500,-0.5001,-50.609,0.001,0.080,0.061,0.0,1,1.702,3862,15,0
16.7667,-0.4989,-50.589,0.000,0.061,0.061,0.0,1,1.700,3798,12,0
16.7833,-0.4981,-50.572,0.000,0.041,0.061,0.0,1,1.699,3740,8,0
16.8000,-0.4976,-50.556,0.000,0.019,0.060,0.0,1,1.698,3704,5,0
16.8167,-0.4975,-50.542,0.001,-0.004,0.060,0.0,1,1.698,3692,3,0
16.8333,-0.4977,-50.530,0.001,-0.027,0.060,0.0,1,1.698,3700,3,0
16.8500,-0.4984,-50.521,0.001,-0.049,0.060,0.0,1,1.698,3729,3,0
16.8667,-0.4993,-50.514,0.001,-0.069,0.060,0.0,1,1.699,3780,5,0
16.8833,-0.5007,-50.510,0.001,-0.088,0.060,0.0,1,1.700,3852,8,0
16.9000,-0.5023,-50.508,0.001,-0.103,0.061,0.0,1,1.702,3927,10,0
16.9167,-0.5041,-50.507,0.001,-0.115,0.061,0.0,1,1.704,4030,13,0
16.9333,-0.5061,-50.507,0.001,-0.124,0.062,0.0,1,1.706,4144,15,0
16.9500,-0.5082,-50.509,0.000,-0.128,0.062,0.0,1,1.708,4264,16,0
16.9667,-0.5103,-50.512,-0.000,-0.129,0.063,0.0,1,1.710,4385,17,0
16.9833,-0.5125,-50.517,-0.001,-0.125,0.063,0.0,1,1.712,4485,16,0
17.0000,-0.5145,-50.523,-0.001,-0.118,0.064,0.0,1,1.715,4602,14,0
17.0167,-0.5164,-50.529,-0.002,-0.106,0.064,0.0,1,1.717,4708,10,0
17.0333,-0.5180,-50.535,-0.002,-0.092,0.065,0.0,1,1.718,4801,7,0
17.0500,-0.5194,-50.541,-0.002,-0.076,0.066,0.0,1,1.720,4865,5,0
17.0667,-0.5205,-50.547,-0.002,-0.058,0.067,0.0,1,1.721,4926,3,0
17.0833,-0.5213,-50.553,-0.002,-0.037,0.068,0.0,1,1.722,4971,3,0
17.1000,-0.5218,-50.560,-0.002,-0.015,0.068,0.0,1,1.723,4997,3,0
17.1167,-0.5218,-50.566,-0.001,0.008,0.068,0.0,1,1.723,5002,5,0
17.1333,-0.5215,-50.571,-0.000,0.031,0.067,0.0,1,1.722,4986,8,0
17.1500,-0.5208,-50.574,0.000,0.052,0.067,0.0,1,1.722,4946,12,0
17.1667,-0.5197,-50.577,0.001,0.072,0.067,0.0,1,1.721,4886,16,0
17.1833,-0.5184,-50.579,0.001,0.089,0.066,0.0,1,1.720,4809,19,0
17.2000,-0.5168,-50.581,0.002,0.104,0.065,0.0,1,1.718,4735,21,0
17.2167,-0.5150,-50.583,0.002,0.115,0.065,0.0,1,1.716,4633,24,0
17.2333,-0.5130,-50.586,0.002,0.122,0.064,0.0,1,1.714,4520,26,0
17.2500,-0.5109,-50.588,0.001,0.125,0.063,0.0,1,1.712,4398,26,0
17.2667,-0.5088,-50.590,0.001,0.125,0.062,0.0,1,1.710,4295,26,0
17.2833,-0.5068,-50.593,0.001,0.120,0.061,0.0,1,1.708,4174,24,0
17.3000,-0.5049,-50.597,0.001,0.111,0.060,0.0,1,1.706,4061,21,0
17.3167,-0.5031,-50.602,0.001,0.099,0.060,0.0,1,1.704,3957,18,0
17.3333,-0.5016,-50.609,0.000,0.083,0.059,0.0,1,1.703,3879,15,0
17.3500,-0.5004,-50.617,0.000,0.065,0.059,0.0,1,1.702,3801,11,0
17.3667,-0.4994,-50.626,-0.000,0.044,0.058,0.0,1,1.701,3743,8,0
17.3833,-0.4989,-50.637,-0.000,0.023,0.058,0.0,1,1.701,3708,5,0
17.4000,-0.4987,-50.648,-0.000,0.000,0.058,0.0,1,1.701,3696,3,0
17.4167,-0.4989,-50.661,-0.001,-0.023,0.058,0.0,1,1.701,3703,2,0
17.4333,-0.4995,-50.676,-0.001,-0.045,0.058,0.0,1,1.702,3732,2,0
17.4500,-0.5004,-50.692,-0.001,-0.065,0.058,0.0,1,1.703,3782,3,0
17.4667,-0.5016,-50.709,-0.001,-0.084,0.058,0.0,1,1.705,3854,5,0
17.4833,-0.5031,-50.727,-0.001,-0.099,0.058,0.0,1,1.707,3928,7,0
17.5000,-0.5049,-50.746,-0.001,-0.112,0.059,0.0,1,1.709,4031,9,0
17.5167,-0.5068,-50.764,-0.001,-0.120,0.059,0.0,1,1.711,4144,11,0
17.5333,-0.5089,-50.783,-0.001,-0.125,0.059,0.0,1,1.713,4263,13,0
17.5500,-0.5110,-50.802,-0.001,-0.125,0.060,0.0,1,1.716,4363,13,0
17.5667,-0.5131,-50.820,-0.001,-0.122,0.060,0.0,1,1.718,4483,13,0
17.5833,-0.5150,-50.839,-0.000,-0.115,0.060,0.0,1,1.721,4598,11,0
17.6000,-0.5168,-50.856,-0.000,-0.104,0.061,0.0,1,1.723,4705,8,0
17.6167,-0.5185,-50.871,0.000,-0.090,0.062,0.0,1,1.725,4797,6,0
17.6333,-0.5198,-50.884,0.001,-0.074,0.063,0.0,1,1.726,4861,4,0
17.6500,-0.5209,-50.896,0.001,-0.057,0.064,0.0,1,1.728,4922,3,0
17.6667,-0.5217,-50.907,0.001,-0.037,0.066,0.0,1,1.729,4967,2,0
17.6833,-0.5221,-50.916,0.001,-0.015,0.066,0.0,1,1.729,4994,3,0
17.7000,-0.5222,-50.924,0.000,0.008,0.066,0.0,1,1.729,4999,5,0
17.7167,-0.5219,-50.928,0.000,0.031,0.066,0.0,1,1.729,4983,8,0
17.7333,-0.5212,-50.929,-0.000,0.052,0.065,0.0,1,1.728,4942,12,0
17.7500,-0.5201,-50.928,-0.000,0.072,0.065,0.0,1,1.727,4880,16,0
17.7667,-0.5188,-50.925,-0.000,0.089,0.064,0.0,1,1.726,4817,18,0
17.7833,-0.5172,-50.920,-0.000,0.103,0.064,0.0,1,1.724,4727,21,0
17.8000,-0.5154,-50.914,-0.000,0.114,0.063,0.0,1,1.722,4624,24,0
17.8167,-0.5134,-50.906,-0.000,0.121,0.062,0.0,1,1.720,4510,26,0
17.8333,-0.5113,-50.898,0.000,0.124,0.061,0.0,1,1.718,4387,26,0
17.8500,-0.5093,-50.888,0.000,0.123,0.060,0.0,1,1.716,4284,26,0
17.8667,-0.5073,-50.877,0.000,0.118,0.059,0.0,1,1.713,4163,24,0
17.8833,-0.5054,-50.866,0.000,0.109,0.059,0.0,1,1.711,4050,21,0
17.9000,-0.5037,-50.855,0.000,0.096,0.058,0.0,1,1.709,3946,17,0
17.9167,-0.5022,-50.844,0.000,0.080,0.057,0.0,1,1.708,3869,15,0
17.9333,-0.5010,-50.835,0.000,0.062,0.057,0.0,1,1.706,3791,11,0
17.9500,-0.5002,-50.826,-0.000,0.041,0.057,0.0,1,1.705,3734,7,0
17.9667,-0.4997,-50.817,-0.000,0.019,0.057,0.0,1,1.705,3700,5,0
17.9833,-0.4996,-50.808,-0.001,-0.004,0.056,0.0,1,1.704,3690,3,0
18.0000,-0.4998,-50.801,-0.001,-0.027,0.056,0.0,1,1.705,3699,2,0
18.0167,-0.5004,-50.794,-0.001,-0.049,0.056,0.0,1,1.705,3729,3,0
18.0333,-0.5014,-50.788,-0.001,-0.070,0.057,0.0,1,1.706,3781,5,0
18.0500,-0.5028,-50.784,-0.001,-0.088,0.057,0.0,1,1.707,3855,8,0
18.0667,-0.5044,-50.780,-0.001,-0.104,0.057,0.0,1,1.709,3931,11,0
18.0833,-0.5062,-50.777,-0.000,-0.116,0.058,0.0,1,1.711,4037,14,0
18.1000,-0.5082,-50.773,0.000,-0.124,0.058,0.0,1,1.713,4151,16,0
18.1167,-0.5103,-50.769,0.001,-0.129,0.059,0.0,1,1.715,4270,18,0
18.1333,-0.5125,-50.766,0.001,-0.129,0.059,0.0,1,1.717,4370,18,0
18.1500,-0.5146,-50.762,0.001,-0.125,0.060,0.0,1,1.719,4489,18,0
18.1667,-0.5167,-50.759,0.001,-0.118,0.061,0.0,1,1.721,4604,16,0
18.1833,-0.5185,-50.754,0.001,-0.108,0.062,0.0,1,1.723,4710,13,0
18.2000,-0.5202,-50.749,0.000,-0.095,0.063,0.0,1,1.724,4788,10,0
18.2167,-0.5217,-50.742,0.000,-0.080,0.065,0.0,1,1.726,4867,7,0
18.2333,-0.5229,-50.735,-0.000,-0.063,0.068,0.0,1,1.727,4931,5,0
18.2500,-0.5238,-50.728,-0.001,-0.043,0.069,0.0,1,1.728,4978,4,0
18.2667,-0.5243,-50.720,-0.001,-0.020,0.070,0.0,1,1.728,5007,4,0
18.2833,-0.5244,-50.711,-0.001,0.003,0.070,0.0,1,1.728,5014,5,0
18.3000,-0.5242,-50.699,-0.002,0.026,0.069,0.0,1,1.727,4999,8,0
18.3167,-0.5236,-50.685,-0.002,0.048,0.069,0.0,1,1.727,4960,12,0
18.3333,-0.5226,-50.669,-0.002,0.069,0.068,0.0,1,1.725,4900,16,0
18.3500,-0.5213,-50.651,-0.002,0.086,0.068,0.0,1,1.724,4838,19,0
18.3667,-0.5197,-50.633,-0.002,0.101,0.067,0.0,1,1.722,4750,22,0
18.3833,-0.5179,-50.615,-0.001,0.113,0.066,0.0,1,1.720,4648,25,0
18.4000,-0.5160,-50.597,-0.001,0.121,0.066,0.0,1,1.717,4533,27,0
18.4167,-0.5139,-50.578,-0.000,0.125,0.065,0.0,1,1.715,4431,28,0
18.4333,-0.5118,-50.559,0.000,0.125,0.064,0.0,1,1.712,4306,27,0
18.4500,-0.5098,-50.540,0.001,0.120,0.063,0.0,1,1.710,4185,25,0
18.4667,-0.5078,-50.522,0.001,0.112,0.062,0.0,1,1.708,4070,22,0
18.4833,-0.5061,-50.505,0.001,0.100,0.061,0.0,1,1.706,3963,19,0
18.5000,-0.5045,-50.490,0.001,0.084,0.061,0.0,1,1.704,3882,16,0
18.5167,-0.5033,-50.477,0.001,0.066,0.060,0.0,1,1.702,3801,12,0
18.5333,-0.5023,-50.466,0.001,0.046,0.060,0.0,1,1.701,3740,9,0
18.5500,-0.5018,-50.456,0.001,0.024,0.060,0.0,1,1.700,3702,6,0
18.5667,-0.5016,-50.447,0.001,0.001,0.059,0.0,1,1.700,3688,4,0
18.5833,-0.5017,-50.440,0.001,-0.022,0.059,0.0,1,1.700,3692,3,0
18.6000,-0.5023,-50.435,0.001,-0.044,0.059,0.0,1,1.701,3718,3,0
18.6167,-0.5032,-50.433,0.001,-0.065,0.059,0.0,1,1.702,3766,4,0
18.6333,-0.5045,-50.433,0.000,-0.084,0.060,0.0,1,1.703,3823,6,0
18.6500,-0.5060,-50.435,-0.000,-0.101,0.060,0.0,1,1.704,3910,9,0
18.6667,-0.5078,-50.437,-0.001,-0.114,0.060,0.0,1,1.706,4013,12,0
18.6833,-0.5098,-50.440,-0.001,-0.123,0.061,0.0,1,1.708,4125,15,0
18.7000,-0.5119,-50.445,-0.001,-0.128,0.061,0.0,1,1.711,4242,16,0
18.7167,-0.5140,-50.451,-0.001,-0.130,0.062,0.0,1,1.713,4343,17,0
18.7333,-0.5162,-50.458,-0.001,-0.127,0.062,0.0,1,1.715,4463,16,0
18.7500,-0.5183,-50.466,-0.001,-0.120,0.063,0.0,1,1.717,4581,14,0
18.7667,-0.5202,-50.473,-0.001,-0.110,0.063,0.0,1,1.719,4689,11,0
18.7833,-0.5219,-50.480,-0.001,-0.097,0.064,0.0,1,1.721,4769,9,0
18.8000,-0.5234,-50.486,-0.001,-0.081,0.065,0.0,1,1.723,4850,6,0
18.8167,-0.5246,-50.491,-0.001,-0.064,0.066,0.0,1,1.724,4915,4,0
18.8333,-0.5255,-50.497,-0.001,-0.044,0.068,0.0,1,1.725,4965,3,0
18.8500,-0.5261,-50.503,-0.001,-0.022,0.068,0.0,1,1.726,4993,3,0
18.8667,-0.5262,-50.508,-0.000,0.001,0.068,0.0,1,1.726,5008,4,0
18.8833,-0.5260,-50.511,-0.000,0.024,0.068,0.0,1,1.726,4997,7,0
18.9000,-0.5254,-50.512,-0.000,0.046,0.068,0.0,1,1.725,4963,11,0
18.9167,-0.5245,-50.511,-0.000,0.066,0.067,0.0,1,1.724,4908,15,0
18.9333,-0.5232,-50.510,0.000,0.085,0.067,0.0,1,1.723,4850,18,0
18.9500,-0.5217,-50.508,0.000,0.100,0.066,0.0,1,1.722,4767,21,0
18.9667,-0.5199,-50.506,0.000,0.113,0.065,0.0,1,1.720,4669,24,0
18.9833,-0.5180,-50.503,0.000,0.121,0.064,0.0,1,1.718,4557,26,0
19.0000,-0.5159,-50.500,0.000,0.126,0.064,0.0,1,1.716,4457,28,0
19.0167,-0.5138,-50.497,0.001,0.127,0.063,0.0,1,1.713,4335,27,0
19.0333,-0.5117,-50.493,0.001,0.123,0.062,0.0,1,1.711,4214,25,0
19.0500,-0.5097,-50.490,0.001,0.116,0.061,0.0,1,1.709,4098,23,0
19.0667,-0.5078,-50.489,0.001,0.105,0.060,0.0,1,1.707,4007,20,0
19.0833,-0.5062,-50.488,0.001,0.091,0.060,0.0,1,1.706,3907,17,0
19.1000,-0.5048,-50.490,0.001,0.073,0.059,0.0,1,1.704,3821,13,0
19.1167,-0.5038,-50.492,0.001,0.054,0.059,0.0,1,1.703,3755,9,0
19.1333,-0.5031,-50.495,0.000,0.032,0.058,0.0,1,1.702,3711,6,0
19.1500,-0.5027,-50.499,0.000,0.009,0.058,0.0,1,1.702,3693,4,0
19.1667,-0.5027,-50.505,-0.000,-0.014,0.058,0.0,1,1.702,3690,2,0
19.1833,-0.5032,-50.512,-0.000,-0.036,0.058,0.0,1,1.703,3710,2,0
19.2000,-0.5040,-50.521,-0.001,-0.058,0.058,0.0,1,1.704,3752,3,0
19.2167,-0.5051,-50.532,-0.001,-0.077,0.058,0.0,1,1.705,3805,4,0
19.2333,-0.5065,-50.544,-0.001,-0.095,0.058,0.0,1,1.707,3887,7,0
19.2500,-0.5082,-50.556,-0.001,-0.109,0.059,0.0,1,1.709,3985,10,0
19.2667,-0.5101,-50.568,-0.001,-0.119,0.059,0.0,1,1.711,4095,12,0
19.2833,-0.5122,-50.580,-0.001,-0.126,0.059,0.0,1,1.713,4191,14,0
19.3000,-0.5143,-50.593,-0.001,-0.128,0.060,0.0,1,1.716,4309,15,0
19.3167,-0.5164,-50.607,-0.001,-0.127,0.060,0.0,1,1.718,4430,15,0
19.3333,-0.5185,-50.620,-0.001,-0.121,0.061,0.0,1,1.720,4549,14,0
19.3500,-0.5204,-50.632,-0.000,-0.112,0.061,0.0,1,1.722,4660,11,0
19.3667,-0.5222,-50.643,0.000,-0.100,0.062,0.0,1,1.724,4742,9,0
19.3833,-0.5237,-50.652,0.000,-0.085,0.063,0.0,1,1.726,4827,6,0
19.4000,-0.5250,-50.660,0.001,-0.069,0.065,0.0,1,1.728,4897,4,0
19.4167,-0.5260,-50.667,0.001,-0.050,0.067,0.0,1,1.729,4953,3,0
19.4333,-0.5267,-50.674,0.001,-0.029,0.068,0.0,1,1.730,4986,3,0
19.4500,-0.5270,-50.679,0.000,-0.006,0.068,0.0,1,1.730,5006,4,0
19.4667,-0.5269,-50.681,0.000,0.017,0.067,0.0,1,1.730,5002,6,0
19.4833,-0.5264,-50.681,0.000,0.039,0.067,0.0,1,1.729,4973,10,0
19.5000,-0.5256,-50.677,-0.000,0.060,0.067,0.0,1,1.728,4934,13,0
19.5167,-0.5244,-50.672,-0.000,0.079,0.066,0.0,1,1.727,4869,17,0
19.5333,-0.5229,-50.665,-0.000,0.096,0.066,0.0,1,1.726,4790,21,0
19.5500,-0.5212,-50.657,-0.000,0.109,0.065,0.0,1,1.724,4694,23,0
19.5667,-0.5193,-50.649,-0.000,0.119,0.064,0.0,1,1.722,4585,26,0
19.5833,-0.5173,-50.639,-0.000,0.125,0.063,0.0,1,1.719,4486,27,0
19.6000,-0.5152,-50.628,-0.000,0.126,0.062,0.0,1,1.717,4363,28,0
19.6167,-0.5131,-50.616,-0.000,0.124,0.061,0.0,1,1.715,4241,26,0
19.6333,-0.5111,-50.603,-0.000,0.118,0.060,0.0,1,1.712,4124,24,0
19.6500,-0.5092,-50.591,-0.000,0.108,0.060,0.0,1,1.710,4031,21,0
19.6667,-0.5075,-50.581,0.000,0.094,0.059,0.0,1,1.708,3927,18,0
19.6833,-0.5061,-50.571,0.000,0.077,0.059,0.0,1,1.707,3837,14,0
19.7000,-0.5050,-50.562,0.000,0.058,0.058,0.0,1,1.706,3766,10,0
19.7167,-0.5042,-50.553,0.000,0.037,0.058,0.0,1,1.705,3723,7,0
19.7333,-0.5038,-50.545,0.000,0.014,0.058,0.0,1,1.704,3693,5,0
19.7500,-0.5037,-50.539,0.000,-0.009,0.058,0.0,1,1.704,3686,3,0
19.7667,-0.5041,-50.533,0.000,-0.032,0.058,0.0,1,1.704,3700,2,0
19.7833,-0.5048,-50.529,0.000,-0.054,0.058,0.0,1,1.705,3736,4,0
19.8000,-0.5059,-50.527,0.000,-0.075,0.058,0.0,1,1.706,3785,5,0
19.8167,-0.5073,-50.526,0.000,-0.093,0.058,0.0,1,1.707,3863,8,0
19.8333,-0.5089,-50.525,-0.000,-0.107,0.058,0.0,1,1.709,3958,12,0
19.8500,-0.5108,-50.525,-0.000,-0.119,0.059,0.0,1,1.711,4065,14,0
19.8667,-0.5129,-50.525,-0.000,-0.127,0.059,0.0,1,1.713,4160,16,0
19.8833,-0.5150,-50.526,-0.000,-0.130,0.060,0.0,1,1.715,4278,18,0
19.9000,-0.5172,-50.527,-0.000,-0.130,0.060,0.0,1,1.717,4398,18,0
19.9167,-0.5193,-50.528,-0.000,-0.125,0.061,0.0,1,1.720,4518,17,0
19.9333,-0.5214,-50.529,-0.000,-0.117,0.062,0.0,1,1.722,4613,15,0
19.9500,-0.5232,-50.529,-0.000,-0.106,0.063,0.0,1,1.723,4716,12,0
19.9667,-0.5249,-50.528,-0.000,-0.093,0.064,0.0,1,1.725,4806,9,0
19.9833,-0.5263,-50.526,-0.000,-0.078,0.066,0.0,1,1.727,4880,6,0
20.0000,-0.5275,-50.524,-0.000,-0.060,0.068,0.0,1,1.728,4941,4,0
20.0167,-0.5283,-50.521,-0.000,-0.039,0.070,0.0,1,1.729,4980,4,0
20.0333,-0.5288,-50.518,-0.001,-0.017,0.070,0.0,1,1.729,5008,4,0
20.0500,-0.5288,-50.513,-0.001,0.007,0.070,0.0,1,1.729,5012,6,0
20.0667,-0.5285,-50.505,-0.001,0.030,0.070,0.0,1,1.728,4992,9,0
20.0833,-0.5278,-50.495,-0.001,0.051,0.069,0.0,1,1.728,4958,12,0
20.1000,-0.5268,-50.483,-0.001,0.071,0.069,0.0,1,1.726,4901,16,0
20.1167,-0.5255,-50.470,-0.001,0.089,0.068,0.0,1,1.725,4828,20,0
20.1333,-0.5239,-50.456,-0.001,0.104,0.067,0.0,1,1.723,4739,23,0
20.1500,-0.5220,-50.442,-0.001,0.115,0.066,0.0,1,1.721,4652,26,0
20.1667,-0.5200,-50.427,-0.001,0.123,0.066,0.0,1,1.718,4538,28,0
20.1833,-0.5179,-50.412,-0.000,0.127,0.065,0.0,1,1.716,4417,29,0
20.2000,-0.5158,-50.397,0.000,0.126,0.064,0.0,1,1.714,4295,28,0
20.2167,-0.5138,-50.381,0.000,0.122,0.063,0.0,1,1.711,4176,26,0
20.2333,-0.5118,-50.367,0.001,0.113,0.062,0.0,1,1.709,4081,23,0
20.2500,-0.5100,-50.353,0.001,0.101,0.061,0.0,1,1.707,3972,20,0
20.2667,-0.5084,-50.342,0.001,0.086,0.061,0.0,1,1.705,3876,16,0
20.2833,-0.5072,-50.332,0.001,0.068,0.060,0.0,1,1.704,3796,12,0
20.3000,-0.5062,-50.324,0.001,0.048,0.060,0.0,1,1.703,3745,9,0
20.3167,-0.5056,-50.316,0.001,0.026,0.060,0.0,1,1.702,3705,6,0
20.3333,-0.5053,-50.311,0.001,0.003,0.059,0.0,1,1.702,3687,4,0
20.3500,-0.5055,-50.307,0.001,-0.020,0.059,0.0,1,1.702,3690,2,0
20.3667,-0.5060,-50.305,0.001,-0.043,0.059,0.0,1,1.702,3710,3,0
20.3833,-0.5069,-50.306,0.000,-0.064,0.059,0.0,1,1.703,3756,4,0
20.4000,-0.5082,-50.308,-0.000,-0.083,0.059,0.0,1,1.704,3824,6,0
20.4167,-0.5097,-50.312,-0.000,-0.100,0.060,0.0,1,1.706,3911,9,0
20.4333,-0.5115,-50.316,-0.001,-0.113,0.060,0.0,1,1.708,4012,12,0
20.4500,-0.5134,-50.321,-0.001,-0.123,0.060,0.0,1,1.710,4103,14,0
20.4667,-0.5155,-50.328,-0.001,-0.129,0.061,0.0,1,1.712,4218,16,0
20.4833,-0.5177,-50.336,-0.001,-0.130,0.061,0.0,1,1.715,4338,17,0
20.5000,-0.5199,-50.344,-0.001,-0.128,0.062,0.0,1,1.717,4459,17,0
20.5167,-0.5220,-50.353,-0.001,-0.122,0.063,0.0,1,1.719,4557,15,0
20.5333,-0.5239,-50.361,-0.001,-0.112,0.063,0.0,1,1.721,4665,12,0
20.5500,-0.5257,-50.368,-0.001,-0.099,0.064,0.0,1,1.723,4761,9,0
20.5667,-0.5272,-50.375,-0.001,-0.085,0.065,0.0,1,1.725,4842,6,0
20.5833,-0.5285,-50.381,-0.001,-0.068,0.067,0.0,1,1.726,4899,5,0
20.6000,-0.5294,-50.387,-0.001,-0.049,0.068,0.0,1,1.727,4955,3,0
20.6167,-0.5301,-50.392,-0.000,-0.027,0.069,0.0,1,1.728,4992,3,0
20.6333,-0.5303,-50.396,-0.000,-0.004,0.069,0.0,1,1.728,5007,4,0
20.6500,-0.5302,-50.398,-0.000,0.019,0.069,0.0,1,1.728,4999,7,0
20.6667,-0.5297,-50.398,0.000,0.041,0.069,0.0,1,1.728,4975,10,0
20.6833,-0.5288,-50.395,0.000,0.062,0.068,0.0,1,1.727,4928,14,0
20.7000,-0.5276,-50.391,0.000,0.081,0.068,0.0,1,1.726,4864,18,0
20.7167,-0.5261,-50.387,0.000,0.097,0.067,0.0,1,1.724,4784,22,0
20.7333,-0.5244,-50.381,0.000,0.111,0.066,0.0,1,1.722,4704,24,0
20.7500,-0.5225,-50.376,0.001,0.120,0.065,0.0,1,1.720,4597,27,0
20.7667,-0.5204,-50.369,0.001,0.126,0.064,0.0,1,1.718,4480,28,0
20.7833,-0.5183,-50.362,0.001,0.128,0.063,0.0,1,1.716,4359,28,0
20.8000,-0.5162,-50.355,0.001,0.126,0.063,0.0,1,1.713,4259,27,0
20.8167,-0.5141,-50.348,0.001,0.120,0.062,0.0,1,1.711,4142,25,0
20.8333,-0.5122,-50.341,0.001,0.110,0.061,0.0,1,1.709,4030,22,0
20.8500,-0.5105,-50.337,0.000,0.096,0.060,0.0,1,1.707,3927,18,0
20.8667,-0.5090,-50.334,0.000,0.080,0.060,0.0,1,1.706,3838,14,0
20.8833,-0.5078,-50.331,0.000,0.061,0.059,0.0,1,1.704,3778,11,0
20.9000,-0.5070,-50.330,-0.000,0.040,0.059,0.0,1,1.704,3726,8,0
20.9167,-0.5065,-50.330,-0.000,0.017,0.059,0.0,1,1.703,3695,5,0
20.9333,-0.5064,-50.331,-0.000,-0.006,0.059,0.0,1,1.703,3686,3,0
20.9500,-0.5067,-50.334,-0.000,-0.029,0.059,0.0,1,1.703,3696,2,0
20.9667,-0.5074,-50.339,-0.000,-0.051,0.059,0.0,1,1.704,3729,3,0
20.9833,-0.5084,-50.346,-0.000,-0.071,0.059,0.0,1,1.705,3785,4,0
21.0000,-0.5098,-50.354,-0.000,-0.090,0.059,0.0,1,1.707,3861,7,0
21.0167,-0.5114,-50.362,-0.001,-0.105,0.059,0.0,1,1.709,3938,9,0
21.0333,-0.5132,-50.370,-0.001,-0.117,0.059,0.0,1,1.711,4040,12,0
21.0500,-0.5153,-50.380,-0.001,-0.125,0.060,0.0,1,1.713,4152,15,0
21.0667,-0.5174,-50.390,-0.001,-0.129,0.060,0.0,1,1.715,4269,16,0
21.0833,-0.5195,-50.401,-0.001,-0.129,0.061,0.0,1,1.718,4390,17,0
21.1000,-0.5217,-50.412,-0.000,-0.125,0.061,0.0,1,1.720,4490,16,0
21.1167,-0.5237,-50.421,-0.000,-0.118,0.062,0.0,1,1.722,4603,14,0
21.1333,-0.5256,-50.430,-0.000,-0.107,0.062,0.0,1,1.724,4706,11,0
21.1500,-0.5273,-50.437,-0.000,-0.094,0.063,0.0,1,1.726,4796,8,0
21.1667,-0.5287,-50.444,-0.000,-0.078,0.065,0.0,1,1.728,4860,6,0
21.1833,-0.5298,-50.450,-0.000,-0.061,0.067,0.0,1,1.729,4924,4,0
21.2000,-0.5307,-50.455,-0.000,-0.041,0.069,0.0,1,1.730,4972,3,0
21.2167,-0.5312,-50.458,-0.000,-0.019,0.069,0.0,1,1.730,5000,3,0
21.2333,-0.5313,-50.460,-0.000,0.004,0.069,0.0,1,1.730,5006,5,0
21.2500,-0.5311,-50.459,-0.000,0.027,0.069,0.0,1,1.730,4993,8,0
21.2667,-0.5304,-50.455,-0.000,0.049,0.068,0.0,1,1.729,4958,12,0
21.2833,-0.5294,-50.449,-0.000,0.069,0.068,0.0,1,1.728,4905,16,0
21.3000,-0.5281,-50.441,-0.001,0.087,0.067,0.0,1,1.727,4833,20,0
21.3167,-0.5265,-50.432,-0.001,0.102,0.067,0.0,1,1.725,4761,23,0
21.3333,-0.5247,-50.422,-0.001,0.114,0.066,0.0,1,1.723,4661,25,0
21.3500,-0.5227,-50.411,-0.001,0.123,0.065,0.0,1,1.721,4549,28,0
21.3667,-0.5207,-50.399,-0.000,0.127,0.064,0.0,1,1.719,4430,29,0
21.3833,-0.5185,-50.386,-0.000,0.127,0.063,0.0,1,1.716,4329,28,0
21.4000,-0.5164,-50.373,-0.000,0.124,0.062,0.0,1,1.714,4210,27,0
21.4167,-0.5144,-50.360,0.000,0.116,0.061,0.0,1,1.712,4094,24,0
21.4333,-0.5126,-50.349,0.000,0.105,0.061,0.0,1,1.710,3985,21,0
21.4500,-0.5110,-50.338,0.001,0.090,0.060,0.0,1,1.708,3903,17,0
21.4667,-0.5096,-50.329,0.001,0.072,0.059,0.0,1,1.706,3819,13,0
21.4833,-0.5086,-50.320,0.001,0.052,0.059,0.0,1,1.705,3754,10,0
21.5000,-0.5079,-50.312,0.001,0.031,0.059,0.0,1,1.704,3710,7,0
21.5167,-0.5076,-50.305,0.001,0.008,0.059,0.0,1,1.704,3688,4,0
21.5333,-0.5076,-50.300,0.001,-0.015,0.059,0.0,1,1.704,3686,3,0
21.5500,-0.5081,-50.297,0.000,-0.038,0.058,0.0,1,1.704,3705,2,0
21.5667,-0.5089,-50.296,0.000,-0.060,0.059,0.0,1,1.705,3747,4,0
21.5833,-0.5101,-50.296,0.000,-0.079,0.059,0.0,1,1.706,3812,6,0
21.6000,-0.5115,-50.297,-0.000,-0.097,0.059,0.0,1,1.708,3880,9,0
21.6167,-0.5133,-50.299,-0.000,-0.111,0.059,0.0,1,1.709,3975,12,0
21.6333,-0.5152,-50.301,-0.000,-0.121,0.060,0.0,1,1.711,4082,15,0
21.6500,-0.5173,-50.304,-0.000,-0.128,0.060,0.0,1,1.714,4196,17,0
21.6667,-0.5195,-50.308,-0.001,-0.131,0.061,0.0,1,1.716,4295,18,0
21.6833,-0.5216,-50.313,-0.001,-0.130,0.061,0.0,1,1.718,4415,18,0
21.7000,-0.5238,-50.317,-0.001,-0.125,0.062,0.0,1,1.720,4532,17,0
21.7167,-0.5258,-50.321,-0.001,-0.116,0.062,0.0,1,1.722,4641,14,0
21.7333,-0.5276,-50.324,-0.001,-0.104,0.063,0.0,1,1.724,4739,11,0
21.7500,-0.5292,-50.325,-0.001,-0.091,0.065,0.0,1,1.726,4810,8,0
21.7667,-0.5306,-50.327,-0.001,-0.075,0.067,0.0,1,1.727,4884,6,0
21.7833,-0.5317,-50.328,-0.001,-0.057,0.069,0.0,1,1.729,4943,4,0
21.8000,-0.5325,-50.328,-0.001,-0.036,0.070,0.0,1,1.729,4984,3,0
21.8167,-0.5329,-50.327,-0.001,-0.014,0.070,0.0,1,1.730,5003,4,0
21.8333,-0.5329,-50.324,-0.001,0.010,0.070,0.0,1,1.730,5006,6,0
21.8500,-0.5326,-50.318,-0.001,0.032,0.070,0.0,1,1.729,4986,9,0
21.8667,-0.5319,-50.310,-0.001,0.054,0.070,0.0,1,1.728,4946,13,0
21.8833,-0.5308,-50.300,-0.001,0.074,0.069,0.0,1,1.727,4898,17,0
21.9000,-0.5294,-50.289,-0.001,0.091,0.068,0.0,1,1.726,4825,21,0
21.9167,-0.5278,-50.277,-0.000,0.106,0.068,0.0,1,1.724,4737,24,0
21.9333,-0.5259,-50.264,-0.000,0.117,0.067,0.0,1,1.722,4634,26,0
21.9500,-0.5239,-50.251,0.000,0.124,0.066,0.0,1,1.719,4521,28,0
21.9667,-0.5218,-50.237,0.000,0.128,0.065,0.0,1,1.717,4422,29,0
21.9833,-0.5197,-50.223,0.001,0.127,0.064,0.0,1,1.714,4302,29,0
22.0000,-0.5176,-50.209,0.001,0.123,0.063,0.0,1,1.712,4183,26,0
22.0167,-0.5156,-50.196,0.001,0.114,0.062,0.0,1,1.710,4070,24,0
22.0333,-0.5138,-50.184,0.001,0.103,0.062,0.0,1,1.708,3981,21,0
22.0500,-0.5122,-50.174,0.001,0.087,0.061,0.0,1,1.706,3885,17,0
22.0667,-0.5109,-50.166,0.001,0.069,0.060,0.0,1,1.705,3806,13,0
22.0833,-0.5099,-50.158,0.001,0.049,0.060,0.0,1,1.703,3745,9,0
22.1000,-0.5093,-50.152,0.001,0.027,0.060,0.0,1,1.703,3711,7,0
22.1167,-0.5090,-50.147,0.001,0.005,0.060,0.0,1,1.702,3689,4,0
22.1333,-0.5091,-50.145,0.000,-0.018,0.060,0.0,1,1.702,3690,3,0
22.1500,-0.5096,-50.145,0.000,-0.041,0.060,0.0,1,1.703,3714,3,0
22.1667,-0.5105,-50.146,-0.000,-0.062,0.060,0.0,1,1.704,3761,4,0
22.1833,-0.5117,-50.150,-0.000,-0.082,0.060,0.0,1,1.705,3816,6,0
22.2000,-0.5132,-50.154,-0.001,-0.098,0.060,0.0,1,1.707,3898,9,0
22.2167,-0.5149,-50.160,-0.001,-0.112,0.060,0.0,1,1.709,3995,12,0
22.2333,-0.5169,-50.166,-0.001,-0.122,0.061,0.0,1,1.711,4102,15,0
22.2500,-0.5190,-50.174,-0.001,-0.128,0.061,0.0,1,1.713,4197,16,0
22.2667,-0.5212,-50.183,-0.001,-0.131,0.062,0.0,1,1.715,4315,18,0
22.2833,-0.5233,-50.192,-0.001,-0.129,0.062,0.0,1,1.718,4434,17,0
22.3000,-0.5254,-50.202,-0.001,-0.123,0.063,0.0,1,1.720,4550,15,0
22.3167,-0.5274,-50.210,-0.001,-0.114,0.063,0.0,1,1.722,4639,13,0
22.3333,-0.5292,-50.218,-0.001,-0.102,0.064,0.0,1,1.724,4736,10,0
22.3500,-0.5308,-50.225,-0.001,-0.088,0.065,0.0,1,1.726,4821,7,0
22.3667,-0.5322,-50.231,-0.001,-0.072,0.067,0.0,1,1.727,4891,5,0
22.3833,-0.5332,-50.237,-0.000,-0.054,0.069,0.0,1,1.728,4947,4,0
22.4000,-0.5339,-50.242,-0.000,-0.033,0.070,0.0,1,1.729,4980,3,0
22.4167,-0.5343,-50.245,-0.000,-0.010,0.070,0.0,1,1.730,5001,4,0
22.4333,-0.5343,-50.246,-0.000,0.013,0.070,0.0,1,1.730,5001,6,0
22.4500,-0.5338,-50.245,-0.000,0.035,0.069,0.0,1,1.729,4978,10,0
22.4667,-0.5331,-50.241,-0.000,0.057,0.069,0.0,1,1.728,4944,13,0
22.4833,-0.5320,-50.236,-0.000,0.076,0.068,0.0,1,1.727,4885,17,0
22.5000,-0.5305,-50.230,-0.000,0.093,0.068,0.0,1,1.726,4810,21,0
22.5167,-0.5289,-50.222,0.000,0.107,0.067,0.0,1,1.724,4720,24,0
22.5333,-0.5270,-50.214,0.000,0.118,0.066,0.0,1,1.722,4635,26,0
22.5500,-0.5249,-50.205,0.000,0.125,0.065,0.0,1,1.719,4524,29,0
22.5667,-0.5228,-50.195,0.000,0.128,0.064,0.0,1,1.717,4406,29,0
22.5833,-0.5207,-50.185,0.001,0.128,0.063,0.0,1,1.715,4286,28,0
22.6000,-0.5186,-50.175,0.001,0.123,0.063,0.0,1,1.713,4168,26,0
22.6167,-0.5166,-50.166,0.001,0.114,0.062,0.0,1,1.710,4075,24,0
22.6333,-0.5148,-50.158,0.000,0.102,0.061,0.0,1,1.708,3970,20,0
22.6500,-0.5132,-50.151,0.000,0.087,0.060,0.0,1,1.707,3876,16,0
22.6667,-0.5119,-50.146,0.000,0.069,0.060,0.0,1,1.705,3799,12,0
22.6833,-0.5110,-50.141,0.000,0.048,0.060,0.0,1,1.704,3749,9,0
22.7000,-0.5103,-50.138,0.000,0.026,0.059,0.0,1,1.704,3709,6,0
22.7167,-0.5101,-50.137,0.000,0.004,0.059,0.0,1,1.703,3690,4,0
22.7333,-0.5102,-50.137,0.000,-0.019,0.059,0.0,1,1.703,3693,2,0
22.7500,-0.5107,-50.140,-0.000,-0.042,0.059,0.0,1,1.704,3713,2,0
22.7667,-0.5116,-50.143,-0.000,-0.063,0.059,0.0,1,1.705,3758,4,0
22.7833,-0.5128,-50.149,-0.000,-0.082,0.059,0.0,1,1.706,3824,6,0
22.8000,-0.5143,-50.155,-0.001,-0.099,0.059,0.0,1,1.708,3907,9,0
22.8167,-0.5161,-50.162,-0.001,-0.112,0.060,0.0,1,1.710,4005,12,0
22.8333,-0.5181,-50.170,-0.001,-0.122,0.060,0.0,1,1.712,4094,14,0
22.8500,-0.5202,-50.179,-0.001,-0.128,0.061,0.0,1,1.714,4207,17,0
22.8667,-0.5223,-50.188,-0.001,-0.130,0.061,0.0,1,1.717,4325,18,0
22.8833,-0.5245,-50.198,-0.000,-0.129,0.062,0.0,1,1.719,4444,17,0
22.9000,-0.5266,-50.208,-0.000,-0.123,0.062,0.0,1,1.721,4539,16,0
22.9167,-0.5286,-50.216,-0.000,-0.114,0.063,0.0,1,1.723,4646,13,0
22.9333,-0.5304,-50.223,-0.000,-0.102,0.063,0.0,1,1.725,4742,10,0
22.9500,-0.5319,-50.230,-0.000,-0.088,0.065,0.0,1,1.727,4825,7,0
22.9667,-0.5333,-50.235,-0.000,-0.072,0.067,0.0,1,1.728,4884,5,0
22.9833,-0.5343,-50.240,-0.000,-0.054,0.069,0.0,1,1.730,4942,4,0
23.0000,-0.5350,-50.244,-0.000,-0.033,0.070,0.0,1,1.730,4982,3,0
23.0167,-0.5354,-50.246,-0.001,-0.010,0.070,0.0,1,1.731,5002,4,0
23.0333,-0.5354,-50.245,-0.001,0.013,0.070,0.0,1,1.731,5000,7,0
23.0500,-0.5350,-50.242,-0.001,0.035,0.070,0.0,1,1.730,4982,9,0
23.0667,-0.5342,-50.236,-0.001,0.057,0.069,0.0,1,1.729,4941,14,0
23.0833,-0.5331,-50.228,-0.001,0.076,0.069,0.0,1,1.728,4881,18,0
23.1000,-0.5317,-50.219,-0.001,0.093,0.068,0.0,1,1.727,4805,21,0
23.1167,-0.5300,-50.208,-0.001,0.107,0.067,0.0,1,1.725,4731,24,0
23.1333,-0.5281,-50.197,-0.001,0.118,0.066,0.0,1,1.723,4630,27,0
23.1500,-0.5261,-50.184,-0.000,0.125,0.065,0.0,1,1.720,4518,29,0
23.1667,-0.5240,-50.171,-0.000,0.128,0.065,0.0,1,1.718,4400,29,0
23.1833,-0.5219,-50.157,0.000,0.127,0.064,0.0,1,1.715,4301,29,0
23.2000,-0.5198,-50.144,0.001,0.123,0.063,0.0,1,1.713,4183,27,0
23.2167,-0.5178,-50.131,0.001,0.114,0.062,0.0,1,1.711,4071,24,0
23.2333,-0.5160,-50.119,0.001,0.102,0.061,0.0,1,1.709,3966,20,0
23.2500,-0.5144,-50.108,0.001,0.087,0.061,0.0,1,1.707,3874,16,0
23.2667,-0.5131,-50.099,0.001,0.069,0.060,0.0,1,1.706,3809,13,0
23.2833,-0.5121,-50.090,0.001,0.048,0.060,0.0,1,1.704,3749,9,0
23.3000,-0.5115,-50.083,0.001,0.027,0.059,0.0,1,1.704,3709,6,0
23.3167,-0.5113,-50.078,0.001,0.004,0.059,0.0,1,1.703,3690,4,0
23.3333,-0.5114,-50.074,0.001,-0.019,0.059,0.0,1,1.703,3692,3,0
23.3500,-0.5119,-50.073,0.000,-0.041,0.059,0.0,1,1.704,3715,3,0
23.3667,-0.5128,-50.073,0.000,-0.063,0.059,0.0,1,1.705,3760,4,0
23.3833,-0.5140,-50.075,-0.000,-0.082,0.059,0.0,1,1.706,3825,7,0
23.4000,-0.5155,-50.077,-0.000,-0.099,0.060,0.0,1,1.708,3894,9,0
23.4167,-0.5173,-50.081,-0.001,-0.112,0.060,0.0,1,1.710,3988,12,0
23.4333,-0.5192,-50.086,-0.001,-0.122,0.060,0.0,1,1.712,4093,15,0
23.4500,-0.5213,-50.091,-0.001,-0.129,0.061,0.0,1,1.714,4206,18,0
23.4667,-0.5235,-50.098,-0.001,-0.131,0.061,0.0,1,1.716,4324,19,0
23.4833,-0.5257,-50.105,-0.001,-0.130,0.062,0.0,1,1.718,4422,18,0
23.5000,-0.5278,-50.111,-0.001,-0.124,0.063,0.0,1,1.721,4536,17,0
23.5167,-0.5298,-50.117,-0.001,-0.115,0.063,0.0,1,1.723,4642,14,0
23.5333,-0.5316,-50.122,-0.001,-0.104,0.064,0.0,1,1.725,4738,11,0
23.5500,-0.5332,-50.126,-0.001,-0.090,0.065,0.0,1,1.727,4808,8,0
23.5667,-0.5346,-50.129,-0.001,-0.074,0.067,0.0,1,1.728,4881,6,0
23.5833,-0.5357,-50.132,-0.001,-0.057,0.069,0.0,1,1.729,4939,4,0
23.6000,-0.5365,-50.134,-0.001,-0.036,0.071,0.0,1,1.730,4981,3,0
23.6167,-0.5369,-50.135,-0.001,-0.013,0.071,0.0,1,1.730,5000,4,0
23.6333,-0.5369,-50.133,-0.001,0.010,0.071,0.0,1,1.730,5003,6,0
23.6500,-0.5366,-50.128,-0.001,0.032,0.070,0.0,1,1.730,4984,9,0
23.6667,-0.5358,-50.121,-0.001,0.054,0.070,0.0,1,1.729,4945,13,0
23.6833,-0.5348,-50.112,-0.001,0.074,0.069,0.0,1,1.728,4886,18,0
23.7000,-0.5334,-50.102,-0.001,0.091,0.069,0.0,1,1.726,4825,21,0
23.7167,-0.5317,-50.090,-0.000,0.105,0.068,0.0,1,1.724,4738,24,0
23.7333,-0.5299,-50.078,-0.000,0.117,0.067,0.0,1,1.722,4638,27,0
23.7500,-0.5279,-50.065,0.000,0.124,0.066,0.0,1,1.720,4529,29,0
23.7667,-0.5258,-50.052,0.000,0.128,0.065,0.0,1,1.718,4432,30,0
23.7833,-0.5236,-50.037,0.001,0.128,0.064,0.0,1,1.715,4314,29,0
23.8000,-0.5215,-50.024,0.001,0.124,0.063,0.0,1,1.713,4197,27,0
23.8167,-0.5195,-50.010,0.001,0.116,0.063,0.0,1,1.711,4084,24,0
23.8333,-0.5177,-49.999,0.001,0.104,0.062,0.0,1,1.708,3997,21,0
23.8500,-0.5161,-49.988,0.001,0.090,0.061,0.0,1,1.707,3901,18,0
23.8667,-0.5147,-49.980,0.001,0.072,0.061,0.0,1,1.705,3821,13,0
23.8833,-0.5137,-49.972,0.001,0.053,0.060,0.0,1,1.704,3759,10,0
23.9000,-0.5130,-49.966,0.001,0.031,0.060,0.0,1,1.703,3716,7,0
23.9167,-0.5126,-49.962,0.001,0.009,0.060,0.0,1,1.703,3697,5,0
23.9333,-0.5127,-49.959,0.000,-0.014,0.060,0.0,1,1.703,3694,3,0
23.9500,-0.5131,-49.959,0.000,-0.037,0.060,0.0,1,1.703,3713,2,0
23.9667,-0.5139,-49.961,-0.000,-0.058,0.060,0.0,1,1.704,3755,4,0
23.9833,-0.5150,-49.965,-0.001,-0.078,0.060,0.0,1,1.705,3805,5,0
24.0000,-0.5165,-49.970,-0.001,-0.095,0.060,0.0,1,1.707,3882,8,0
24.0167,-0.5182,-49.976,-0.001,-0.109,0.060,0.0,1,1.709,3974,11,0
24.0333,-0.5201,-49.983,-0.001,-0.120,0.061,0.0,1,1.711,4076,14,0
24.0500,-0.5222,-49.991,-0.001,-0.127,0.061,0.0,1,1.713,4168,16,0
24.0667,-0.5243,-50.000,-0.001,-0.131,0.062,0.0,1,1.715,4284,18,0
24.0833,-0.5265,-50.010,-0.001,-0.130,0.062,0.0,1,1.718,4401,18,0
24.1000,-0.5287,-50.020,-0.001,-0.126,0.063,0.0,1,1.720,4515,16,0
24.1167,-0.5307,-50.029,-0.001,-0.117,0.063,0.0,1,1.722,4622,14,0
24.1333,-0.5325,-50.037,-0.000,-0.106,0.064,0.0,1,1.724,4704,11,0
24.1500,-0.5342,-50.045,-0.000,-0.093,0.065,0.0,1,1.726,4792,8,0
24.1667,-0.5356,-50.051,-0.000,-0.078,0.067,0.0,1,1.728,4867,6,0
24.1833,-0.5368,-50.057,-0.000,-0.060,0.069,0.0,1,1.729,4928,4,0
24.2000,-0.5376,-50.062,-0.000,-0.040,0.070,0.0,1,1.730,4966,3,0
24.2167,-0.5381,-50.065,-0.000,-0.018,0.070,0.0,1,1.730,4994,4,0
24.2333,-0.5382,-50.067,-0.000,0.005,0.070,0.0,1,1.730,5001,6,0
24.2500,-0.5380,-50.065,-0.000,0.027,0.070,0.0,1,1.730,4987,9,0
24.2667,-0.5373,-50.061,-0.001,0.049,0.070,0.0,1,1.729,4959,12,0
24.2833,-0.5363,-50.055,-0.001,0.069,0.069,0.0,1,1.728,4907,16,0
24.3000,-0.5350,-50.047,-0.001,0.087,0.069,0.0,1,1.727,4838,20,0
24.3167,-0.5334,-50.039,-0.001,0.102,0.068,0.0,1,1.725,4754,23,0
24.3333,-0.5316,-50.029,-0.000,0.114,0.067,0.0,1,1.723,4657,26,0
24.3500,-0.5296,-50.018,-0.000,0.123,0.066,0.0,1,1.721,4568,28,0
24.3667,-0.5275,-50.006,-0.000,0.128,0.065,0.0,1,1.719,4454,30,0
24.3833,-0.5254,-49.994,0.000,0.129,0.064,0.0,1,1.716,4337,29,0
24.4000,-0.5233,-49.982,0.001,0.125,0.063,0.0,1,1.714,4221,28,0
24.4167,-0.5212,-49.970,0.001,0.119,0.063,0.0,1,1.712,4126,25,0
24.4333,-0.5193,-49.959,0.001,0.108,0.062,0.0,1,1.709,4019,22,0
24.4500,-0.5176,-49.950,0.001,0.094,0.061,0.0,1,1.708,3922,18,0
24.4667,-0.5162,-49.942,0.001,0.078,0.061,0.0,1,1.706,3839,14,0
24.4833,-0.5151,-49.936,0.001,0.058,0.060,0.0,1,1.705,3782,11,0
24.5000,-0.5143,-49.930,0.001,0.037,0.060,0.0,1,1.704,3733,8,0
24.5167,-0.5138,-49.926,0.001,0.015,0.060,0.0,1,1.703,3703,5,0
24.5333,-0.5138,-49.925,0.000,-0.007,0.060,0.0,1,1.703,3695,3,0
24.5500,-0.5141,-49.925,0.000,-0.030,0.060,0.0,1,1.704,3709,2,0
24.5667,-0.5148,-49.927,-0.000,-0.052,0.060,0.0,1,1.704,3738,3,0
24.5833,-0.5158,-49.931,-0.000,-0.072,0.060,0.0,1,1.705,3791,5,0
24.6000,-0.5172,-49.936,-0.001,-0.090,0.060,0.0,1,1.707,3864,8,0
24.6167,-0.5188,-49.942,-0.001,-0.105,0.060,0.0,1,1.709,3951,11,0
24.6333,-0.5206,-49.949,-0.001,-0.117,0.060,0.0,1,1.711,4033,13,0
24.6500,-0.5227,-49.957,-0.001,-0.125,0.061,0.0,1,1.713,4141,16,0
24.6667,-0.5248,-49.967,-0.001,-0.130,0.061,0.0,1,1.715,4254,18,0
24.6833,-0.5270,-49.976,-0.001,-0.130,0.062,0.0,1,1.717,4370,18,0
24.7000,-0.5291,-49.986,-0.000,-0.127,0.062,0.0,1,1.720,4466,17,0
24.7167,-0.5312,-49.995,-0.000,-0.120,0.063,0.0,1,1.722,4576,15,0
24.7333,-0.5331,-50.003,-0.000,-0.110,0.063,0.0,1,1.724,4677,12,0
24.7500,-0.5349,-50.010,-0.000,-0.098,0.064,0.0,1,1.726,4768,9,0
24.7667,-0.5364,-50.016,-0.000,-0.083,0.066,0.0,1,1.728,4847,7,0
24.7833,-0.5376,-50.021,-0.000,-0.067,0.068,0.0,1,1.729,4902,5,0
24.8000,-0.5386,-50.026,-0.000,-0.048,0.070,0.0,1,1.730,4955,4,0
24.8167,-0.5392,-50.029,-0.001,-0.026,0.071,0.0,1,1.731,4988,3,0
24.8333,-0.5394,-50.029,-0.001,-0.003,0.071,0.0,1,1.731,5001,5,0
24.8500,-0.5393,-50.028,-0.001,0.019,0.070,0.0,1,1.731,4996,7,0
24.8667,-0.5388,-50.023,-0.001,0.042,0.070,0.0,1,1.730,4969,11,0
24.8833,-0.5379,-50.016,-0.001,0.062,0.070,0.0,1,1.729,4923,15,0
24.9000,-0.5367,-50.007,-0.001,0.081,0.069,0.0,1,1.728,4859,19,0
24.9167,-0.5352,-49.997,-0.001,0.097,0.068,0.0,1,1.726,4793,22,0
24.9333,-0.5335,-49.985,-0.001,0.110,0.068,0.0,1,1.724,4702,25,0
24.9500,-0.5316,-49.972,-0.001,0.120,0.067,0.0,1,1.722,4599,28,0
24.9667,-0.5295,-49.959,-0.000,0.126,0.066,0.0,1,1.720,4487,30,0
24.9833,-0.5274,-49.945,0.000,0.128,0.065,0.0,1,1.717,4371,30,0
25.0000,-0.5253,-49.930,0.001,0.127,0.064,0.0,1,1.715,4274,29,0
25.0167,-0.5232,-49.916,0.001,0.121,0.063,0.0,1,1.713,4160,26,0
25.0333,-0.5212,-49.902,0.001,0.112,0.062,0.0,1,1.710,4051,23,0
25.0500,-0.5195,-49.890,0.001,0.099,0.062,0.0,1,1.708,3951,20,0
25.0667,-0.5179,-49.879,0.001,0.084,0.061,0.0,1,1.707,3878,16,0
25.0833,-0.5167,-49.870,0.001,0.066,0.061,0.0,1,1.705,3804,12,0
25.1000,-0.5158,-49.862,0.001,0.045,0.060,0.0,1,1.704,3748,9,0
25.1167,-0.5152,-49.855,0.001,0.024,0.060,0.0,1,1.703,3713,6,0
25.1333,-0.5150,-49.851,0.001,0.001,0.060,0.0,1,1.703,3699,4,0
25.1500,-0.5152,-49.848,0.001,-0.021,0.060,0.0,1,1.703,3702,3,0
25.1667,-0.5157,-49.847,0.000,-0.044,0.060,0.0,1,1.704,3727,3,0
25.1833,-0.5166,-49.849,-0.000,-0.064,0.060,0.0,1,1.705,3773,4,0
25.2000,-0.5178,-49.852,-0.001,-0.083,0.060,0.0,1,1.706,3839,7,0
25.2167,-0.5194,-49.856,-0.001,-0.099,0.060,0.0,1,1.708,3906,9,0
25.2333,-0.5211,-49.861,-0.001,-0.113,0.060,0.0,1,1.710,3999,13,0
25.2500,-0.5231,-49.867,-0.001,-0.123,0.061,0.0,1,1.712,4103,16,0
25.2667,-0.5252,-49.875,-0.001,-0.129,0.061,0.0,1,1.714,4214,18,0
25.2833,-0.5274,-49.883,-0.001,-0.131,0.062,0.0,1,1.716,4309,19,0
25.3000,-0.5296,-49.891,-0.001,-0.129,0.062,0.0,1,1.719,4424,18,0
25.3167,-0.5317,-49.900,-0.001,-0.124,0.063,0.0,1,1.721,4535,17,0
25.3333,-0.5337,-49.907,-0.001,-0.115,0.063,0.0,1,1.723,4640,14,0
25.3500,-0.5355,-49.913,-0.001,-0.104,0.064,0.0,1,1.725,4720,11,0
25.3667,-0.5371,-49.919,-0.001,-0.090,0.066,0.0,1,1.727,4805,8,0
25.3833,-0.5385,-49.924,-0.001,-0.075,0.068,0.0,1,1.728,4878,6,0
25.4000,-0.5396,-49.927,-0.000,-0.057,0.070,0.0,1,1.729,4936,4,0
25.4167,-0.5404,-49.930,-0.000,-0.036,0.071,0.0,1,1.730,4977,3,0
25.4333,-0.5408,-49.931,-0.000,-0.014,0.071,0.0,1,1.731,4996,4,0
25.4500,-0.5408,-49.930,-0.001,0.009,0.071,0.0,1,1.731,5000,6,0
25.4667,-0.5405,-49.926,-0.001,0.031,0.071,0.0,1,1.730,4982,9,0
25.4833,-0.5398,-49.919,-0.001,0.053,0.070,0.0,1,1.729,4943,13,0
25.5000,-0.5387,-49.911,-0.001,0.073,0.070,0.0,1,1.728,4897,17,0
25.5167,-0.5374,-49.901,-0.001,0.090,0.069,0.0,1,1.727,4826,21,0
25.5333,-0.5358,-49.889,-0.001,0.105,0.068,0.0,1,1.725,4740,24,0
25.5500,-0.5339,-49.877,-0.000,0.116,0.068,0.0,1,1.723,4641,27,0
25.5667,-0.5319,-49.863,-0.000,0.124,0.067,0.0,1,1.720,4551,29,0
25.5833,-0.5298,-49.849,0.000,0.128,0.066,0.0,1,1.718,4438,30,0
25.6000,-0.5277,-49.835,0.001,0.128,0.065,0.0,1,1.716,4322,29,0
25.6167,-0.5256,-49.820,0.001,0.124,0.064,0.0,1,1.713,4208,27,0
25.6333,-0.5235,-49.806,0.001,0.117,0.063,0.0,1,1.711,4098,25,0
25.6500,-0.5217,-49.794,0.001,0.106,0.062,0.0,1,1.709,4011,22,0
25.6667,-0.5200,-49.783,0.001,0.092,0.062,0.0,1,1.707,3917,18,0
25.6833,-0.5186,-49.773,0.001,0.075,0.061,0.0,1,1.705,3837,14,0
25.7000,-0.5175,-49.765,0.001,0.056,0.061,0.0,1,1.704,3774,10,0
25.7167,-0.5168,-49.758,0.001,0.035,0.060,0.0,1,1.703,3736,8,0
25.7333,-0.5164,-49.754,0.001,0.013,0.060,0.0,1,1.703,3708,5,0
25.7500,-0.5163,-49.751,0.000,-0.010,0.060,0.0,1,1.703,3702,3,0
25.7667,-0.5167,-49.750,0.000,-0.032,0.060,0.0,1,1.703,3716,2,0
25.7833,-0.5174,-49.752,-0.000,-0.053,0.060,0.0,1,1.704,3745,3,0
25.8000,-0.5185,-49.756,-0.001,-0.073,0.060,0.0,1,1.705,3799,5,0
25.8167,-0.5198,-49.761,-0.001,-0.091,0.060,0.0,1,1.706,3870,8,0
25.8333,-0.5215,-49.767,-0.001,-0.106,0.061,0.0,1,1.708,3956,11,0
25.8500,-0.5233,-49.774,-0.001,-0.117,0.061,0.0,1,1.710,4054,14,0
25.8667,-0.5254,-49.783,-0.001,-0.125,0.061,0.0,1,1.712,4142,16,0
25.8833,-0.5275,-49.792,-0.001,-0.130,0.062,0.0,1,1.715,4254,18,0
25.9000,-0.5297,-49.803,-0.001,-0.130,0.062,0.0,1,1.717,4368,18,0
25.9167,-0.5318,-49.813,-0.001,-0.127,0.063,0.0,1,1.719,4481,17,0
25.9333,-0.5339,-49.823,-0.001,-0.120,0.063,0.0,1,1.722,4572,15,0
25.9500,-0.5358,-49.831,-0.000,-0.110,0.064,0.0,1,1.724,4673,13,0
25.9667,-0.5376,-49.839,-0.000,-0.098,0.065,0.0,1,1.726,4764,10,0
25.9833,-0.5391,-49.846,-0.000,-0.083,0.067,0.0,1,1.727,4843,7,0
26.0000,-0.5403,-49.852,-0.000,-0.067,0.069,0.0,1,1.729,4898,5,0
26.0167,-0.5413,-49.857,-0.000,-0.048,0.070,0.0,1,1.730,4951,4,0
26.0333,-0.5419,-49.860,-0.000,-0.026,0.071,0.0,1,1.731,4984,3,0
26.0500,-0.5421,-49.862,-0.000,-0.004,0.071,0.0,1,1.731,4998,5,0
26.0667,-0.5420,-49.861,-0.001,0.019,0.071,0.0,1,1.731,4991,8,0
26.0833,-0.5415,-49.857,-0.001,0.041,0.070,0.0,1,1.730,4969,11,0
26.1000,-0.5406,-49.850,-0.001,0.062,0.070,0.0,1,1.729,4924,15,0
26.1167,-0.5395,-49.842,-0.001,0.081,0.069,0.0,1,1.728,4861,19,0
26.1333,-0.5380,-49.832,-0.001,0.097,0.069,0.0,1,1.726,4783,23,0
26.1500,-0.5362,-49.821,-0.001,0.110,0.068,0.0,1,1.724,4707,25,0
26.1667,-0.5343,-49.809,-0.001,0.120,0.067,0.0,1,1.722,4605,28,0
26.1833,-0.5323,-49.796,-0.000,0.126,0.066,0.0,1,1.720,4494,30,0
26.2000,-0.5301,-49.783,0.000,0.128,0.065,0.0,1,1.717,4380,30,0
26.2167,-0.5280,-49.769,0.001,0.127,0.064,0.0,1,1.715,4284,29,0
26.2333,-0.5259,-49.755,0.001,0.122,0.063,0.0,1,1.712,4172,27,0
26.2500,-0.5240,-49.742,0.001,0.113,0.063,0.0,1,1.710,4064,24,0
26.2667,-0.5222,-49.731,0.001,0.101,0.062,0.0,1,1.708,3965,20,0
26.2833,-0.5206,-49.721,0.001,0.085,0.061,0.0,1,1.706,3878,16,0
26.3000,-0.5194,-49.712,0.001,0.068,0.061,0.0,1,1.705,3817,13,0
26.3167,-0.5184,-49.705,0.001,0.048,0.061,0.0,1,1.704,3761,9,0
26.3333,-0.5178,-49.699,0.001,0.026,0.060,0.0,1,1.703,3723,6,0
26.3500,-0.5175,-49.696,0.001,0.004,0.060,0.0,1,1.703,3705,4,0
26.3667,-0.5176,-49.694,0.001,-0.018,0.060,0.0,1,1.703,3707,3,0
26.3833,-0.5181,-49.695,0.000,-0.040,0.060,0.0,1,1.704,3728,3,0
26.4000,-0.5190,-49.698,-0.000,-0.061,0.060,0.0,1,1.704,3770,4,0
26.4167,-0.5202,-49.702,-0.001,-0.080,0.060,0.0,1,1.706,3831,6,0
26.4333,-0.5216,-49.708,-0.001,-0.097,0.060,0.0,1,1.707,3895,9,0
26.4500,-0.5234,-49.714,-0.001,-0.110,0.061,0.0,1,1.709,3984,12,0
26.4667,-0.5253,-49.722,-0.001,-0.121,0.061,0.0,1,1.711,4084,15,0
26.4833,-0.5274,-49.731,-0.001,-0.127,0.062,0.0,1,1.714,4191,17,0
26.5000,-0.5295,-49.741,-0.001,-0.130,0.062,0.0,1,1.716,4304,19,0
26.5167,-0.5317,-49.751,-0.001,-0.130,0.063,0.0,1,1.718,4398,18,0
26.5333,-0.5338,-49.761,-0.001,-0.125,0.063,0.0,1,1.721,4510,17,0
26.5500,-0.5358,-49.770,-0.001,-0.117,0.064,0.0,1,1.723,4616,14,0
26.5667,-0.5377,-49.778,-0.001,-0.106,0.064,0.0,1,1.725,4713,11,0
26.5833,-0.5394,-49.785,-0.001,-0.093,0.066,0.0,1,1.727,4785,9,0
26.6000,-0.5408,-49.791,-0.000,-0.078,0.067,0.0,1,1.728,4860,6,0
26.6167,-0.5419,-49.796,-0.000,-0.061,0.069,0.0,1,1.729,4921,5,0
26.6333,-0.5428,-49.800,-0.000,-0.041,0.071,0.0,1,1.730,4966,4,0
26.6500,-0.5433,-49.802,-0.001,-0.019,0.071,0.0,1,1.731,4989,4,0
26.6667,-0.5434,-49.802,-0.001,0.004,0.071,0.0,1,1.731,4997,5,0
26.6833,-0.5431,-49.799,-0.001,0.027,0.071,0.0,1,1.731,4984,8,0
26.7000,-0.5425,-49.793,-0.001,0.048,0.070,0.0,1,1.730,4951,12,0
26.7167,-0.5415,-49.785,-0.001,0.068,0.070,0.0,1,1.729,4899,17,0
26.7333,-0.5403,-49.775,-0.001,0.086,0.069,0.0,1,1.727,4842,20,0
26.7500,-0.5387,-49.764,-0.001,0.101,0.069,0.0,1,1.726,4760,23,0
26.7667,-0.5369,-49.751,-0.001,0.113,0.068,0.0,1,1.723,4665,26,0
26.7833,-0.5349,-49.737,-0.000,0.122,0.067,0.0,1,1.721,4560,29,0
26.8000,-0.5328,-49.723,-0.000,0.127,0.066,0.0,1,1.719,4466,30,0
26.8167,-0.5307,-49.707,0.000,0.128,0.065,0.0,1,1.716,4351,30,0
26.8333,-0.5286,-49.692,0.001,0.125,0.064,0.0,1,1.714,4238,28,0
26.8500,-0.5266,-49.677,0.001,0.119,0.063,0.0,1,1.712,4128,26,0
26.8667,-0.5246,-49.663,0.001,0.109,0.063,0.0,1,1.710,4041,23,0
26.8833,-0.5229,-49.651,0.001,0.096,0.062,0.0,1,1.708,3945,19,0
26.9000,-0.5215,-49.640,0.001,0.080,0.061,0.0,1,1.706,3862,15,0
26.9167,-0.5203,-49.630,0.001,0.061,0.061,0.0,1,1.705,3795,11,0
26.9333,-0.5195,-49.622,0.001,0.041,0.061,0.0,1,1.704,3747,8,0
26.9500,-0.5190,-49.616,0.001,0.019,0.060,0.0,1,1.703,3720,6,0
26.9667,-0.5188,-49.612,0.001,-0.003,0.060,0.0,1,1.703,3708,3,0
26.9833,-0.5191,-49.610,0.000,-0.025,0.060,0.0,1,1.703,3715,2,0
27.0000,-0.5197,-49.610,0.000,-0.047,0.060,0.0,1,1.704,3744,3,0
27.0167,-0.5206,-49.613,-0.000,-0.067,0.060,0.0,1,1.705,3784,5,0
27.0333,-0.5219,-49.617,-0.001,-0.085,0.060,0.0,1,1.706,3848,7,0
27.0500,-0.5234,-49.622,-0.001,-0.101,0.061,0.0,1,1.708,3927,10,0
27.0667,-0.5252,-49.628,-0.001,-0.114,0.061,0.0,1,1.709,4020,13,0
27.0833,-0.5272,-49.636,-0.001,-0.123,0.061,0.0,1,1.712,4104,16,0
27.1000,-0.5293,-49.645,-0.001,-0.129,0.062,0.0,1,1.714,4212,18,0
27.1167,-0.5315,-49.654,-0.001,-0.131,0.062,0.0,1,1.716,4324,19,0
27.1333,-0.5336,-49.664,-0.001,-0.129,0.063,0.0,1,1.719,4438,18,0
27.1500,-0.5357,-49.673,-0.001,-0.123,0.063,0.0,1,1.721,4548,16,0
27.1667,-0.5377,-49.681,-0.001,-0.114,0.064,0.0,1,1.723,4634,14,0
27.1833,-0.5395,-49.689,-0.001,-0.103,0.065,0.0,1,1.725,4728,11,0
27.2000,-0.5411,-49.695,-0.001,-0.089,0.066,0.0,1,1.727,4811,8,0
27.2167,-0.5425,-49.701,-0.000,-0.074,0.068,0.0,1,1.728,4881,6,0
27.2333,-0.5436,-49.705,-0.000,-0.056,0.070,0.0,1,1.729,4929,4,0
27.2500,-0.5443,-49.708,-0.000,-0.035,0.071,0.0,1,1.730,4970,4,0
27.2667,-0.5447,-49.709,-0.000,-0.013,0.071,0.0,1,1.731,4992,4,0
27.2833,-0.5448,-49.708,-0.001,0.010,0.071,0.0,1,1.731,4993,6,0
27.3000,-0.5444,-49.704,-0.001,0.032,0.071,0.0,1,1.730,4978,9,0
27.3167,-0.5437,-49.697,-0.001,0.053,0.071,0.0,1,1.729,4943,13,0
27.3333,-0.5427,-49.688,-0.001,0.073,0.070,0.0,1,1.728,4888,17,0
27.3500,-0.5413,-49.678,-0.001,0.090,0.070,0.0,1,1.727,4816,21,0
27.3667,-0.5397,-49.666,-0.001,0.104,0.069,0.0,1,1.725,4731,24,0
27.3833,-0.5378,-49.652,-0.001,0.116,0.068,0.0,1,1.723,4650,27,0
27.4000,-0.5358,-49.638,-0.000,0.124,0.067,0.0,1,1.720,4543,29,0
27.4167,-0.5337,-49.623,0.000,0.128,0.066,0.0,1,1.718,4431,30,0
27.4333,-0.5316,-49.608,0.001,0.128,0.065,0.0,1,1.716,4316,30,0
27.4500,-0.5295,-49.592,0.001,0.124,0.064,0.0,1,1.713,4222,28,0
27.4667,-0.5275,-49.577,0.001,0.117,0.063,0.0,1,1.711,4114,25,0
27.4833,-0.5256,-49.564,0.001,0.106,0.063,0.0,1,1.709,4012,22,0
27.5000,-0.5240,-49.552,0.001,0.092,0.062,0.0,1,1.707,3921,18,0
27.5167,-0.5226,-49.541,0.001,0.076,0.062,0.0,1,1.705,3855,15,0
27.5333,-0.5215,-49.532,0.001,0.057,0.061,0.0,1,1.704,3791,11,0
27.5500,-0.5207,-49.525,0.001,0.037,0.061,0.0,1,1.703,3745,8,0
27.5667,-0.5202,-49.520,0.001,0.015,0.061,0.0,1,1.702,3719,5,0
27.5833,-0.5202,-49.517,0.001,-0.007,0.061,0.0,1,1.702,3712,3,0
27.6000,-0.5205,-49.516,0.000,-0.029,0.061,0.0,1,1.703,3721,2,0
27.6167,-0.5212,-49.517,-0.000,-0.050,0.061,0.0,1,1.703,3752,3,0
27.6333,-0.5222,-49.521,-0.000,-0.070,0.061,0.0,1,1.704,3802,5,0
27.6500,-0.5235,-49.526,-0.001,-0.088,0.061,0.0,1,1.706,3870,8,0
27.6667,-0.5251,-49.532,-0.001,-0.103,0.061,0.0,1,1.708,3938,10,0
27.6833,-0.5269,-49.540,-0.001,-0.115,0.061,0.0,1,1.710,4030,14,0
27.7000,-0.5289,-49.549,-0.001,-0.124,0.062,0.0,1,1.712,4132,16,0
27.7167,-0.5310,-49.559,-0.001,-0.129,0.062,0.0,1,1.714,4241,18,0
27.7333,-0.5332,-49.569,-0.001,-0.130,0.063,0.0,1,1.716,4335,19,0
27.7500,-0.5353,-49.580,-0.001,-0.128,0.063,0.0,1,1.719,4447,18,0
27.7667,-0.5374,-49.590,-0.001,-0.122,0.064,0.0,1,1.721,4556,16,0
27.7833,-0.5394,-49.599,-0.001,-0.112,0.064,0.0,1,1.723,4658,13,0
27.8000,-0.5412,-49.607,-0.001,-0.100,0.065,0.0,1,1.725,4749,10,0
27.8167,-0.5427,-49.615,-0.001,-0.087,0.067,0.0,1,1.727,4816,8,0
27.8333,-0.5440,-49.621,-0.000,-0.071,0.069,0.0,1,1.728,4885,6,0
27.8500,-0.5451,-49.626,-0.000,-0.052,0.071,0.0,1,1.730,4938,4,0
27.8667,-0.5458,-49.629,-0.000,-0.032,0.071,0.0,1,1.730,4974,4,0
27.8833,-0.5461,-49.631,-0.001,-0.009,0.071,0.0,1,1.731,4990,4,0
27.9000,-0.5461,-49.630,-0.001,0.013,0.071,0.0,1,1.731,4990,7,0
27.9167,-0.5456,-49.626,-0.001,0.035,0.071,0.0,1,1.730,4969,10,0
27.9333,-0.5449,-49.619,-0.001,0.056,0.071,0.0,1,1.729,4929,14,0
27.9500,-0.5438,-49.610,-0.001,0.075,0.070,0.0,1,1.728,4881,18,0
27.9667,-0.5424,-49.600,-0.001,0.092,0.069,0.0,1,1.726,4809,21,0
27.9833,-0.5407,-49.588,-0.001,0.106,0.069,0.0,1,1.724,4723,25,0
28.0000,-0.5388,-49.575,-0.001,0.117,0.068,0.0,1,1.722,4625,28,0
28.0167,-0.5368,-49.561,-0.000,0.124,0.067,0.0,1,1.720,4517,30,0
28.0333,-0.5347,-49.546,0.000,0.128,0.066,0.0,1,1.718,4423,30,0
28.0500,-0.5326,-49.530,0.001,0.127,0.065,0.0,1,1.715,4309,29,0
28.0667,-0.5305,-49.515,0.001,0.123,0.064,0.0,1,1.713,4197,27,0
28.0833,-0.5285,-49.501,0.001,0.115,0.063,0.0,1,1.711,4091,25,0
28.1000,-0.5267,-49.487,0.001,0.104,0.063,0.0,1,1.708,4008,22,0
28.1167,-0.5251,-49.476,0.001,0.090,0.062,0.0,1,1.707,3918,18,0
28.1333,-0.5237,-49.465,0.001,0.073,0.062,0.0,1,1.705,3842,14,0
28.1500,-0.5226,-49.457,0.001,0.054,0.061,0.0,1,1.704,3783,10,0
28.1667,-0.5219,-49.450,0.001,0.034,0.061,0.0,1,1.703,3747,8,0
28.1833,-0.5215,-49.445,0.001,0.012,0.061,0.0,1,1.702,3721,5,0
28.2000,-0.5215,-49.442,0.001,-0.010,0.061,0.0,1,1.702,3715,3,0
28.2167,-0.5218,-49.442,0.000,-0.032,0.061,0.0,1,1.703,3729,3,0
28.2333,-0.5226,-49.443,-0.000,-0.053,0.061,0.0,1,1.703,3763,4,0
28.2500,-0.5236,-49.447,-0.001,-0.072,0.061,0.0,1,1.705,3807,5,0
28.2667,-0.5250,-49.452,-0.001,-0.090,0.061,0.0,1,1.706,3874,8,0
28.2833,-0.5266,-49.459,-0.001,-0.104,0.061,0.0,1,1.708,3956,11,0
28.3000,-0.5284,-49.467,-0.001,-0.116,0.061,0.0,1,1.710,4049,14,0
28.3167,-0.5304,-49.476,-0.001,-0.124,0.062,0.0,1,1.712,4135,17,0
28.3333,-0.5325,-49.486,-0.001,-0.129,0.062,0.0,1,1.714,4243,19,0
28.3500,-0.5347,-49.497,-0.001,-0.130,0.063,0.0,1,1.717,4355,19,0
28.3667,-0.5369,-49.507,-0.001,-0.127,0.063,0.0,1,1.719,4467,18,0
28.3833,-0.5389,-49.517,-0.001,-0.121,0.064,0.0,1,1.721,4557,16,0
28.4000,-0.5409,-49.526,-0.001,-0.111,0.064,0.0,1,1.723,4658,13,0
28.4167,-0.5426,-49.534,-0.001,-0.099,0.065,0.0,1,1.725,4748,10,0
28.4333,-0.5442,-49.541,-0.001,-0.085,0.067,0.0,1,1.727,4827,8,0
28.4500,-0.5454,-49.547,-0.000,-0.069,0.069,0.0,1,1.729,4893,5,0
28.4667,-0.5464,-49.551,-0.000,-0.051,0.071,0.0,1,1.730,4936,4,0
28.4833,-0.5471,-49.555,-0.000,-0.030,0.072,0.0,1,1.730,4972,4,0
28.5000,-0.5474,-49.555,-0.001,-0.008,0.071,0.0,1,1.731,4989,5,0
28.5167,-0.5474,-49.553,-0.001,0.015,0.071,0.0,1,1.731,4985,7,0
28.5333,-0.5469,-49.549,-0.001,0.037,0.071,0.0,1,1.730,4966,10,0
28.5500,-0.5461,-49.541,-0.001,0.058,0.071,0.0,1,1.729,4926,14,0
28.5667,-0.5450,-49.531,-0.001,0.076,0.070,0.0,1,1.728,4869,18,0
28.5833,-0.5436,-49.520,-0.001,0.093,0.070,0.0,1,1.726,4795,22,0
28.6000,-0.5419,-49.507,-0.001,0.107,0.069,0.0,1,1.724,4723,25,0
28.6167,-0.5401,-49.493,-0.001,0.117,0.068,0.0,1,1.722,4625,27,0
28.6333,-0.5380,-49.478,-0.000,0.124,0.067,0.0,1,1.720,4518,30,0
28.6500,-0.5359,-49.462,0.000,0.127,0.066,0.0,1,1.717,4406,30,0
28.6667,-0.5338,-49.446,0.001,0.127,0.065,0.0,1,1.715,4293,29,0
28.6833,-0.5317,-49.429,0.001,0.122,0.064,0.0,1,1.712,4200,27,0
28.7000,-0.5298,-49.414,0.001,0.115,0.064,0.0,1,1.710,4094,25,0
28.7167,-0.5279,-49.400,0.001,0.103,0.063,0.0,1,1.708,3995,21,0
28.7333,-0.5263,-49.388,0.001,0.089,0.062,0.0,1,1.706,3908,17,0
28.7500,-0.5250,-49.377,0.001,0.072,0.062,0.0,1,1.705,3846,14,0
28.7667,-0.5239,-49.367,0.001,0.053,0.061,0.0,1,1.703,3787,10,0
28.7833,-0.5232,-49.359,0.001,0.033,0.061,0.0,1,1.703,3745,7,0
28.8000,-0.5229,-49.354,0.001,0.011,0.061,0.0,1,1.702,3722,5,0
28.8167,-0.5229,-49.350,0.001,-0.011,0.061,0.0,1,1.702,3718,3,0
28.8333,-0.5232,-49.350,0.000,-0.033,0.061,0.0,1,1.702,3731,3,0
28.8500,-0.5239,-49.351,-0.000,-0.053,0.061,0.0,1,1.703,3764,4,0
28.8667,-0.5250,-49.354,-0.001,-0.073,0.061,0.0,1,1.704,3816,6,0
28.8833,-0.5264,-49.359,-0.001,-0.090,0.061,0.0,1,1.706,3884,9,0
28.9000,-0.5280,-49.365,-0.001,-0.105,0.061,0.0,1,1.708,3952,11,0
28.9167,-0.5298,-49.373,-0.001,-0.116,0.062,0.0,1,1.710,4045,14,0
28.9333,-0.5319,-49.382,-0.001,-0.124,0.062,0.0,1,1.712,4147,17,0
28.9500,-0.5340,-49.392,-0.001,-0.129,0.063,0.0,1,1.714,4256,19,0
28.9667,-0.5361,-49.402,-0.001,-0.130,0.063,0.0,1,1.716,4349,19,0
28.9833,-0.5383,-49.413,-0.001,-0.127,0.064,0.0,1,1.719,4460,18,0
29.0000,-0.5403,-49.422,-0.001,-0.121,0.064,0.0,1,1.721,4567,16,0
29.0167,-0.5423,-49.431,-0.001,-0.111,0.065,0.0,1,1.723,4666,13,0
29.0333,-0.5440,-49.439,-0.001,-0.099,0.066,0.0,1,1.725,4740,11,0
29.0500,-0.5456,-49.446,-0.001,-0.085,0.067,0.0,1,1.727,4819,8,0
29.0667,-0.5468,-49.451,-0.001,-0.069,0.069,0.0,1,1.728,4886,6,0
29.0833,-0.5478,-49.456,-0.000,-0.051,0.071,0.0,1,1.729,4937,4,0
29.1000,-0.5485,-49.459,-0.000,-0.030,0.072,0.0,1,1.730,4971,4,0
29.1167,-0.5488,-49.459,-0.001,-0.008,0.072,0.0,1,1.730,4985,4,0
29.1333,-0.5488,-49.457,-0.001,0.015,0.072,0.0,1,1.730,4983,7,0
29.1500,-0.5483,-49.452,-0.001,0.036,0.071,0.0,1,1.730,4961,10,0
29.1667,-0.5476,-49.444,-0.001,0.057,0.071,0.0,1,1.729,4920,15,0
29.1833,-0.5465,-49.434,-0.001,0.076,0.070,0.0,1,1.727,4872,18,0
29.2000,-0.5450,-49.422,-0.001,0.092,0.070,0.0,1,1.726,4801,22,0
29.2167,-0.5434,-49.409,-0.001,0.106,0.069,0.0,1,1.724,4715,25,0
29.2333,-0.5415,-49.394,-0.001,0.117,0.068,0.0,1,1.722,4618,28,0
29.2500,-0.5395,-49.379,-0.000,0.124,0.067,0.0,1,1.719,4529,29,0
29.2667,-0.5374,-49.363,0.000,0.127,0.066,0.0,1,1.717,4418,30,0
29.2833,-0.5353,-49.346,0.001,0.127,0.065,0.0,1,1.715,4306,29,0
29.3000,-0.5332,-49.330,0.001,0.122,0.065,0.0,1,1.712,4195,27,0
29.3167,-0.5312,-49.314,0.001,0.115,0.064,0.0,1,1.710,4090,25,0
29.3333,-0.5294,-49.300,0.001,0.104,0.063,0.0,1,1.708,4008,22,0
29.3500,-0.5278,-49.287,0.001,0.089,0.063,0.0,1,1.706,3919,18,0
29.3667,-0.5265,-49.276,0.001,0.073,0.062,0.0,1,1.704,3845,14,0
29.3833,-0.5254,-49.266,0.001,0.054,0.062,0.0,1,1.703,3787,10,0
29.4000,-0.5247,-49.258,0.001,0.034,0.061,0.0,1,1.702,3752,8,0
29.4167,-0.5243,-49.253,0.001,0.012,0.061,0.0,1,1.702,3727,5,0
29.4333,-0.5243,-49.250,0.001,-0.010,0.061,0.0,1,1.702,3721,3,0
29.4500,-0.5246,-49.249,0.000,-0.031,0.061,0.0,1,1.702,3735,3,0
29.4667,-0.5253,-49.250,-0.000,-0.052,0.061,0.0,1,1.703,3761,3,0
29.4833,-0.5263,-49.254,-0.001,-0.071,0.061,0.0,1,1.704,3810,5,0
29.5000,-0.5277,-49.259,-0.001,-0.089,0.061,0.0,1,1.705,3876,8,0
29.5167,-0.5293,-49.266,-0.001,-0.103,0.061,0.0,1,1.707,3956,11,0
29.5333,-0.5311,-49.274,-0.001,-0.115,0.062,0.0,1,1.709,4049,15,0
29.5500,-0.5331,-49.283,-0.001,-0.124,0.062,0.0,1,1.711,4133,17,0
29.5667,-0.5352,-49.294,-0.001,-0.129,0.063,0.0,1,1.714,4240,19,0
29.5833,-0.5374,-49.305,-0.001,-0.130,0.063,0.0,1,1.716,4351,19,0
29.6000,-0.5395,-49.316,-0.001,-0.127,0.064,0.0,1,1.718,4462,18,0
29.6167,-0.5416,-49.326,-0.001,-0.121,0.064,0.0,1,1.721,4550,17,0
29.6333,-0.5435,-49.336,-0.001,-0.111,0.065,0.0,1,1.723,4650,14,0
29.6500,-0.5453,-49.344,-0.001,-0.100,0.066,0.0,1,1.725,4739,11,0
29.6667,-0.5468,-49.352,-0.001,-0.086,0.067,0.0,1,1.726,4817,8,0
29.6833,-0.5481,-49.358,-0.001,-0.070,0.069,0.0,1,1.728,4873,6,0
29.7000,-0.5492,-49.363,-0.000,-0.052,0.071,0.0,1,1.729,4926,4,0
29.7167,-0.5499,-49.366,-0.000,-0.032,0.072,0.0,1,1.730,4962,4,0
29.7333,-0.5502,-49.367,-0.001,-0.010,0.072,0.0,1,1.730,4980,4,0
29.7500,-0.5502,-49.366,-0.001,0.012,0.072,0.0,1,1.730,4978,7,0
29.7667,-0.5498,-49.361,-0.001,0.034,0.071,0.0,1,1.730,4962,10,0
29.7833,-0.5490,-49.353,-0.001,0.055,0.071,0.0,1,1.729,4925,14,0
29.8000,-0.5480,-49.344,-0.001,0.074,0.070,0.0,1,1.727,4869,18,0
29.8167,-0.5466,-49.332,-0.001,0.090,0.070,0.0,1,1.726,4799,21,0
29.8333,-0.5450,-49.319,-0.001,0.104,0.069,0.0,1,1.724,4729,24,0
29.8500,-0.5431,-49.304,-0.001,0.115,0.068,0.0,1,1.722,4635,27,0
29.8667,-0.5411,-49.289,-0.000,0.123,0.067,0.0,1,1.719,4531,29,0
29.8833,-0.5391,-49.273,0.000,0.126,0.067,0.0,1,1.717,4421,30,0
29.9000,-0.5370,-49.256,0.001,0.126,0.066,0.0,1,1.715,4328,29,0
29.9167,-0.5349,-49.239,0.001,0.123,0.065,0.0,1,1.712,4218,28,0
29.9333,-0.5329,-49.223,0.001,0.115,0.064,0.0,1,1.710,4112,25,0
29.9500,-0.5310,-49.209,0.001,0.105,0.063,0.0,1,1.708,4013,22,0
29.9667,-0.5294,-49.196,0.001,0.091,0.063,0.0,1,1.706,3924,18,0
29.9833,-0.5280,-49.184,0.001,0.075,0.062,0.0,1,1.704,3861,15,0
30.0000,-0.5269,-49.174,0.001,0.056,0.062,0.0,1,1.703,3800,11,0
30.0167,-0.5262,-49.166,0.001,0.036,0.062,0.0,1,1.702,3756,8,0
30.0333,-0.5257,-49.160,0.001,0.015,0.061,0.0,1,1.702,3731,5,0
30.0500,-0.5257,-49.157,0.001,-0.007,0.061,0.0,1,1.701,3724,3,0
30.0667,-0.5260,-49.156,0.000,-0.028,0.061,0.0,1,1.702,3733,3,0
30.0833,-0.5266,-49.157,-0.000,-0.049,0.061,0.0,1,1.702,3762,3,0
30.1000,-0.5276,-49.161,-0.001,-0.069,0.061,0.0,1,1.703,3810,5,0
30.1167,-0.5289,-49.166,-0.001,-0.086,0.061,0.0,1,1.705,3862,8,0
30.1333,-0.5304,-49.172,-0.001,-0.101,0.062,0.0,1,1.707,3939,11,0
30.1500,-0.5322,-49.180,-0.001,-0.113,0.062,0.0,1,1.709,4029,14,0
30.1667,-0.5342,-49.190,-0.001,-0.122,0.062,0.0,1,1.711,4128,17,0
30.1833,-0.5363,-49.200,-0.001,-0.128,0.063,0.0,1,1.713,4234,19,0
30.2000,-0.5384,-49.211,-0.001,-0.129,0.063,0.0,1,1.715,4326,19,0
30.2167,-0.5406,-49.223,-0.001,-0.127,0.064,0.0,1,1.718,4436,19,0
30.2333,-0.5427,-49.233,-0.001,-0.122,0.064,0.0,1,1.720,4542,17,0
30.2500,-0.5446,-49.243,-0.001,-0.113,0.065,0.0,1,1.722,4641,14,0
30.2667,-0.5464,-49.252,-0.001,-0.102,0.066,0.0,1,1.724,4716,12,0
30.2833,-0.5480,-49.259,-0.001,-0.088,0.067,0.0,1,1.726,4796,9,0
30.3000,-0.5493,-49.265,-0.001,-0.073,0.069,0.0,1,1.727,4864,6,0
30.3167,-0.5504,-49.271,-0.000,-0.056,0.071,0.0,1,1.729,4918,5,0
30.3333,-0.5512,-49.274,-0.000,-0.036,0.072,0.0,1,1.729,4951,4,0
30.3500,-0.5516,-49.275,-0.001,-0.014,0.072,0.0,1,1.730,4973,4,0
30.3667,-0.5516,-49.274,-0.001,0.008,0.072,0.0,1,1.730,4976,6,0
30.3833,-0.5513,-49.269,-0.001,0.030,0.071,0.0,1,1.729,4960,9,0
30.4000,-0.5506,-49.262,-0.001,0.051,0.071,0.0,1,1.729,4925,13,0
30.4167,-0.5496,-49.252,-0.001,0.070,0.071,0.0,1,1.727,4882,17,0
30.4333,-0.5483,-49.240,-0.001,0.087,0.070,0.0,1,1.726,4816,20,0
30.4500,-0.5467,-49.227,-0.001,0.101,0.069,0.0,1,1.724,4736,24,0
30.4667,-0.5450,-49.212,-0.001,0.113,0.069,0.0,1,1.722,4644,27,0
30.4833,-0.5430,-49.196,-0.000,0.121,0.068,0.0,1,1.720,4560,29,0
30.5000,-0.5409,-49.179,0.000,0.125,0.067,0.0,1,1.717,4452,30,0
30.5167,-0.5388,-49.162,0.001,0.126,0.066,0.0,1,1.715,4341,30,0
30.5333,-0.5368,-49.144,0.001,0.123,0.065,0.0,1,1.712,4232,28,0
30.5500,-0.5348,-49.127,0.001,0.117,0.064,0.0,1,1.710,4143,26,0
30.5667,-0.5329,-49.112,0.001,0.107,0.064,0.0,1,1.708,4043,23,0
30.5833,-0.5312,-49.098,0.001,0.094,0.063,0.0,1,1.706,3952,19,0
30.6000,-0.5298,-49.085,0.001,0.078,0.062,0.0,1,1.704,3873,15,0
30.6167,-0.5286,-49.074,0.001,0.061,0.062,0.0,1,1.703,3811,11,0
30.6333,-0.5278,-49.065,0.001,0.041,0.062,0.0,1,1.702,3771,9,0
30.6500,-0.5273,-49.058,0.001,0.020,0.062,0.0,1,1.701,3740,6,0
30.6667,-0.5271,-49.054,0.001,-0.002,0.061,0.0,1,1.701,3727,4,0
30.6833,-0.5273,-49.052,0.000,-0.023,0.061,0.0,1,1.701,3734,3,0
30.7000,-0.5279,-49.052,-0.000,-0.044,0.061,0.0,1,1.702,3754,3,0
30.7167,-0.5288,-49.055,-0.001,-0.064,0.061,0.0,1,1.703,3796,5,0
30.7333,-0.5300,-49.059,-0.001,-0.082,0.061,0.0,1,1.704,3855,7,0
30.7500,-0.5315,-49.065,-0.001,-0.097,0.062,0.0,1,1.706,3930,10,0
30.7667,-0.5332,-49.073,-0.001,-0.110,0.062,0.0,1,1.708,4001,13,0
30.7833,-0.5352,-49.082,-0.001,-0.120,0.062,0.0,1,1.710,4097,16,0
30.8000,-0.5372,-49.092,-0.001,-0.126,0.063,0.0,1,1.712,4200,18,0
30.8167,-0.5394,-49.103,-0.001,-0.129,0.063,0.0,1,1.714,4309,19,0
30.8333,-0.5415,-49.114,-0.001,-0.128,0.064,0.0,1,1.717,4418,19,0
30.8500,-0.5436,-49.125,-0.001,-0.123,0.064,0.0,1,1.719,4506,18,0
30.8667,-0.5456,-49.135,-0.001,-0.115,0.065,0.0,1,1.721,4607,15,0
30.8833,-0.5474,-49.144,-0.001,-0.105,0.065,0.0,1,1.723,4698,12,0
30.9000,-0.5491,-49.152,-0.001,-0.092,0.067,0.0,1,1.725,4779,9,0
30.9167,-0.5505,-49.158,-0.001,-0.077,0.068,0.0,1,1.727,4838,7,0
30.9333,-0.5516,-49.164,-0.000,-0.061,0.070,0.0,1,1.728,4896,5,0
30.9500,-0.5525,-49.167,-0.000,-0.042,0.072,0.0,1,1.729,4939,4,0
30.9667,-0.5530,-49.169,-0.000,-0.020,0.072,0.0,1,1.729,4965,4,0
30.9833,-0.5531,-49.168,-0.001,0.001,0.072,0.0,1,1.729,4972,5,0
31.0000,-0.5529,-49.164,-0.001,0.023,0.072,0.0,1,1.729,4963,8,0
31.0167,-0.5524,-49.157,-0.001,0.044,0.071,0.0,1,1.728,4935,12,0
31.0333,-0.5515,-49.148,-0.001,0.064,0.071,0.0,1,1.727,4889,16,0
31.0500,-0.5503,-49.136,-0.001,0.081,0.070,0.0,1,1.726,4827,20,0
31.0667,-0.5488,-49.122,-0.001,0.096,0.070,0.0,1,1.724,4765,22,0
31.0833,-0.5471,-49.107,-0.001,0.109,0.069,0.0,1,1.722,4679,26,0
31.1000,-0.5452,-49.091,-0.001,0.118,0.068,0.0,1,1.720,4581,28,0
31.1167,-0.5431,-49.074,-0.000,0.124,0.067,0.0,1,1.718,4476,30,0
31.1333,-0.5411,-49.056,0.001,0.126,0.066,0.0,1,1.715,4385,30,0
31.1500,-0.5390,-49.038,0.001,0.124,0.066,0.0,1,1.713,4276,28,0
31.1667,-0.5369,-49.020,0.001,0.119,0.065,0.0,1,1.710,4170,26,0
31.1833,-0.5350,-49.003,0.001,0.110,0.064,0.0,1,1.708,4069,23,0
31.2000,-0.5333,-48.988,0.001,0.098,0.063,0.0,1,1.706,3991,21,0
31.2167,-0.5318,-48.975,0.001,0.084,0.063,0.0,1,1.704,3907,17,0
31.2333,-0.5305,-48.963,0.001,0.067,0.062,0.0,1,1.703,3838,13,0
31.2500,-0.5296,-48.953,0.001,0.048,0.062,0.0,1,1.702,3786,10,0
31.2667,-0.5289,-48.945,0.001,0.027,0.062,0.0,1,1.701,3750,7,0
31.2833,-0.5287,-48.939,0.001,0.006,0.062,0.0,1,1.701,3735,4,0
31.3000,-0.5287,-48.936,0.001,-0.015,0.062,0.0,1,1.701,3733,3,0
31.3167,-0.5292,-48.936,0.000,-0.036,0.062,0.0,1,1.701,3751,3,0
31.3333,-0.5300,-48.938,-0.000,-0.057,0.062,0.0,1,1.702,3787,4,0
31.3500,-0.5311,-48.942,-0.001,-0.075,0.062,0.0,1,1.703,3831,6,0
31.3667,-0.5325,-48.948,-0.001,-0.092,0.062,0.0,1,1.705,3899,9,0
31.3833,-0.5341,-48.955,-0.001,-0.105,0.062,0.0,1,1.706,3980,12,0
31.4000,-0.5359,-48.964,-0.001,-0.116,0.062,0.0,1,1.708,4072,15,0
31.4167,-0.5380,-48.974,-0.001,-0.124,0.063,0.0,1,1.711,4155,17,0
31.4333,-0.5401,-48.985,-0.001,-0.128,0.063,0.0,1,1.713,4260,19,0
31.4500,-0.5422,-48.997,-0.001,-0.128,0.064,0.0,1,1.715,4368,19,0
31.4667,-0.5443,-49.008,-0.001,-0.125,0.064,0.0,1,1.718,4475,18,0
31.4833,-0.5463,-49.019,-0.001,-0.118,0.065,0.0,1,1.720,4576,16,0
31.5000,-0.5482,-49.028,-0.001,-0.109,0.065,0.0,1,1.722,4654,14,0
31.5167,-0.5499,-49.037,-0.001,-0.097,0.066,0.0,1,1.724,4739,11,0
31.5333,-0.5514,-49.044,-0.001,-0.083,0.068,0.0,1,1.726,4813,8,0
31.5500,-0.5527,-49.051,-0.000,-0.068,0.070,0.0,1,1.727,4875,6,0
31.5667,-0.5537,-49.055,-0.000,-0.050,0.072,0.0,1,1.728,4915,5,0
31.5833,-0.5543,-49.058,-0.000,-0.029,0.072,0.0,1,1.729,4948,4,0
31.6000,-0.5546,-49.058,-0.001,-0.008,0.072,0.0,1,1.729,4964,5,0
31.6167,-0.5546,-49.055,-0.001,0.014,0.072,0.0,1,1.729,4961,7,0
31.6333,-0.5542,-49.049,-0.001,0.035,0.072,0.0,1,1.728,4945,10,0
31.6500,-0.5534,-49.041,-0.001,0.055,0.071,0.0,1,1.727,4908,14,0
31.6667,-0.5524,-49.030,-0.002,0.073,0.071,0.0,1,1.726,4855,18,0
31.6833,-0.5510,-49.017,-0.001,0.089,0.070,0.0,1,1.725,4787,21,0
31.7000,-0.5494,-49.002,-0.001,0.103,0.070,0.0,1,1.723,4707,24,0
31.7167,-0.5476,-48.985,-0.001,0.113,0.069,0.0,1,1.720,4630,27,0
31.7333,-0.5456,-48.968,-0.000,0.121,0.068,0.0,1,1.718,4530,29,0
31.7500,-0.5436,-48.950,0.000,0.124,0.067,0.0,1,1.716,4424,30,0
31.7667,-0.5415,-48.932,0.001,0.124,0.066,0.0,1,1.713,4316,29,0
31.7833,-0.5395,-48.913,0.001,0.121,0.065,0.0,1,1.711,4227,27,0
31.8000,-0.5375,-48.896,0.001,0.114,0.065,0.0,1,1.709,4124,25,0
31.8167,-0.5357,-48.879,0.001,0.104,0.064,0.0,1,1.707,4028,22,0
31.8333,-0.5341,-48.865,0.001,0.091,0.063,0.0,1,1.705,3941,18,0
31.8500,-0.5327,-48.851,0.001,0.075,0.063,0.0,1,1.703,3878,15,0
31.8667,-0.5316,-48.840,0.001,0.057,0.062,0.0,1,1.702,3817,11,0
31.8833,-0.5308,-48.831,0.001,0.037,0.062,0.0,1,1.701,3773,8,0
31.9000,-0.5303,-48.824,0.001,0.017,0.062,0.0,1,1.700,3745,5,0
31.9167,-0.5302,-48.820,0.001,-0.005,0.062,0.0,1,1.700,3737,3,0
31.9333,-0.5305,-48.818,0.000,-0.026,0.062,0.0,1,1.700,3744,3,0
31.9500,-0.5311,-48.819,-0.000,-0.046,0.062,0.0,1,1.701,3769,3,0
31.9667,-0.5320,-48.822,-0.001,-0.066,0.062,0.0,1,1.702,3813,5,0
31.9833,-0.5333,-48.827,-0.001,-0.083,0.062,0.0,1,1.703,3874,8,0
32.0000,-0.5348,-48.833,-0.001,-0.098,0.062,0.0,1,1.705,3935,10,0
32.0167,-0.5365,-48.842,-0.001,-0.110,0.062,0.0,1,1.707,4021,14,0
32.0333,-0.5385,-48.851,-0.001,-0.120,0.063,0.0,1,1.709,4115,17,0
32.0500,-0.5405,-48.862,-0.001,-0.125,0.063,0.0,1,1.711,4217,19,0
32.0667,-0.5426,-48.874,-0.001,-0.128,0.064,0.0,1,1.713,4305,19,0
32.0833,-0.5448,-48.886,-0.001,-0.126,0.064,0.0,1,1.716,4412,19,0
32.1000,-0.5468,-48.897,-0.001,-0.122,0.065,0.0,1,1.718,4515,17,0
32.1167,-0.5488,-48.908,-0.001,-0.113,0.065,0.0,1,1.720,4611,15,0
32.1333,-0.5506,-48.917,-0.001,-0.103,0.066,0.0,1,1.722,4699,12,0
32.1500,-0.5522,-48.925,-0.001,-0.091,0.067,0.0,1,1.724,4765,9,0
32.1667,-0.5536,-48.932,-0.001,-0.076,0.069,0.0,1,1.726,4833,7,0
32.1833,-0.5547,-48.938,-0.000,-0.060,0.071,0.0,1,1.727,4888,5,0
32.2000,-0.5556,-48.942,-0.000,-0.041,0.072,0.0,1,1.728,4928,4,0
32.2167,-0.5561,-48.943,-0.000,-0.020,0.072,0.0,1,1.728,4949,4,0
32.2333,-0.5562,-48.942,-0.001,0.001,0.072,0.0,1,1.728,4958,5,0
32.2500,-0.5560,-48.937,-0.001,0.022,0.072,0.0,1,1.728,4948,8,0
32.2667,-0.5555,-48.930,-0.001,0.043,0.072,0.0,1,1.728,4921,12,0
32.2833,-0.5546,-48.919,-0.002,0.062,0.071,0.0,1,1.726,4885,15,0
32.3000,-0.5534,-48.907,-0.002,0.079,0.071,0.0,1,1.725,4828,19,0
32.3167,-0.5520,-48.892,-0.001,0.094,0.070,0.0,1,1.723,4757,22,0
32.3333,-0.5503,-48.876,-0.001,0.107,0.069,0.0,1,1.721,4673,25,0
32.3500,-0.5485,-48.858,-0.001,0.116,0.069,0.0,1,1.719,4579,28,0
32.3667,-0.5465,-48.840,0.000,0.122,0.068,0.0,1,1.717,4494,29,0
32.3833,-0.5444,-48.821,0.001,0.124,0.067,0.0,1,1.714,4389,29,0
32.4000,-0.5424,-48.801,0.001,0.123,0.066,0.0,1,1.712,4283,28,0
32.4167,-0.5404,-48.782,0.001,0.118,0.065,0.0,1,1.709,4179,26,0
32.4333,-0.5385,-48.764,0.001,0.110,0.064,0.0,1,1.707,4096,24,0
32.4500,-0.5367,-48.748,0.001,0.099,0.064,0.0,1,1.705,4003,21,0
32.4667,-0.5352,-48.733,0.001,0.085,0.063,0.0,1,1.703,3921,17,0
32.4833,-0.5339,-48.720,0.001,0.068,0.063,0.0,1,1.702,3853,13,0
32.5000,-0.5329,-48.708,0.001,0.050,0.062,0.0,1,1.701,3808,10,0
32.5167,-0.5323,-48.699,0.001,0.030,0.062,0.0,1,1.700,3769,7,0
32.5333,-0.5319,-48.693,0.001,0.009,0.062,0.0,1,1.699,3747,5,0
32.5500,-0.5320,-48.689,0.001,-0.012,0.062,0.0,1,1.699,3744,3,0
32.5667,-0.5323,-48.688,0.000,-0.033,0.062,0.0,1,1.700,3759,3,0
32.5833,-0.5331,-48.689,-0.001,-0.053,0.062,0.0,1,1.700,3786,4,0
32.6000,-0.5341,-48.693,-0.001,-0.071,0.062,0.0,1,1.702,3834,6,0
32.6167,-0.5354,-48.698,-0.001,-0.088,0.062,0.0,1,1.703,3897,9,0
32.6333,-0.5370,-48.705,-0.002,-0.102,0.062,0.0,1,1.705,3975,12,0
32.6500,-0.5388,-48.714,-0.002,-0.113,0.063,0.0,1,1.707,4048,14,0
32.6667,-0.5408,-48.724,-0.001,-0.121,0.063,0.0,1,1.709,4143,17,0
32.6833,-0.5428,-48.735,-0.001,-0.126,0.063,0.0,1,1.711,4245,19,0
32.7000,-0.5449,-48.747,-0.001,-0.127,0.064,0.0,1,1.714,4349,19,0
32.7167,-0.5470,-48.759,-0.001,-0.125,0.064,0.0,1,1.716,4436,19,0
32.7333,-0.5491,-48.770,-0.001,-0.119,0.065,0.0,1,1.718,4536,17,0
32.7500,-0.5510,-48.780,-0.001,-0.110,0.065,0.0,1,1.720,4629,14,0
32.7667,-0.5527,-48.790,-0.001,-0.099,0.066,0.0,1,1.722,4713,11,0
32.7833,-0.5543,-48.797,-0.001,-0.087,0.068,0.0,1,1.724,4787,9,0
32.8000,-0.5556,-48.804,-0.000,-0.072,0.069,0.0,1,1.725,4839,7,0
32.8167,-0.5567,-48.809,-0.000,-0.055,0.071,0.0,1,1.727,4890,5,0
32.8333,-0.5574,-48.812,-0.000,-0.036,0.072,0.0,1,1.727,4926,4,0
32.8500,-0.5578,-48.812,-0.000,-0.015,0.072,0.0,1,1.728,4946,4,0
32.8667,-0.5579,-48.809,-0.001,0.006,0.072,0.0,1,1.728,4949,6,0
32.8833,-0.5576,-48.803,-0.001,0.027,0.072,0.0,1,1.727,4936,9,0
32.9000,-0.5570,-48.795,-0.002,0.047,0.072,0.0,1,1.727,4906,12,0
32.9167,-0.5561,-48.783,-0.002,0.065,0.071,0.0,1,1.725,4860,16,0
32.9333,-0.5549,-48.769,-0.002,0.082,0.071,0.0,1,1.724,4810,19,0
32.9500,-0.5534,-48.753,-0.001,0.096,0.070,0.0,1,1.722,4738,22,0
32.9667,-0.5517,-48.735,-0.001,0.108,0.069,0.0,1,1.720,4655,25,0
32.9833,-0.5498,-48.717,-0.000,0.116,0.069,0.0,1,1.718,4561,28,0
33.0000,-0.5478,-48.697,0.000,0.121,0.068,0.0,1,1.715,4460,29,0
33.0167,-0.5458,-48.677,0.001,0.123,0.067,0.0,1,1.713,4374,29,0
33.0333,-0.5438,-48.656,0.001,0.121,0.066,0.0,1,1.711,4270,28,0
33.0500,-0.5418,-48.636,0.001,0.116,0.065,0.0,1,1.708,4169,26,0
33.0667,-0.5399,-48.617,0.001,0.107,0.065,0.0,1,1.706,4072,23,0
33.0833,-0.5382,-48.600,0.001,0.095,0.064,0.0,1,1.704,3998,20,0
33.1000,-0.5368,-48.585,0.001,0.081,0.063,0.0,1,1.702,3918,16,0
33.1167,-0.5355,-48.571,0.001,0.065,0.063,0.0,1,1.701,3853,13,0
33.1333,-0.5346,-48.559,0.001,0.046,0.063,0.0,1,1.700,3802,9,0
33.1500,-0.5340,-48.550,0.001,0.027,0.062,0.0,1,1.699,3773,7,0
33.1667,-0.5337,-48.543,0.001,0.006,0.062,0.0,1,1.698,3753,4,0
33.1833,-0.5338,-48.539,0.001,-0.015,0.062,0.0,1,1.698,3752,3,0
33.2000,-0.5342,-48.538,-0.000,-0.035,0.062,0.0,1,1.699,3768,3,0
33.2167,-0.5350,-48.540,-0.001,-0.055,0.062,0.0,1,1.700,3803,4,0
33.2333,-0.5361,-48.543,-0.001,-0.073,0.062,0.0,1,1.701,3845,6,0
33.2500,-0.5374,-48.549,-0.001,-0.089,0.062,0.0,1,1.702,3909,9,0
33.2667,-0.5390,-48.556,-0.002,-0.103,0.063,0.0,1,1.704,3985,12,0
33.2833,-0.5408,-48.565,-0.002,-0.113,0.063,0.0,1,1.706,4073,15,0
33.3000,-0.5428,-48.576,-0.001,-0.121,0.063,0.0,1,1.708,4152,17,0
33.3167,-0.5448,-48.587,-0.001,-0.125,0.064,0.0,1,1.711,4252,19,0
33.3333,-0.5469,-48.599,-0.001,-0.126,0.064,0.0,1,1.713,4354,19,0
33.3500,-0.5490,-48.611,-0.001,-0.123,0.065,0.0,1,1.715,4455,18,0
33.3667,-0.5510,-48.622,-0.001,-0.118,0.065,0.0,1,1.717,4536,17,0
33.3833,-0.5529,-48.633,-0.001,-0.109,0.066,0.0,1,1.720,4627,14,0
33.4000,-0.5547,-48.642,-0.001,-0.098,0.067,0.0,1,1.721,4709,11,0
33.4167,-0.5562,-48.650,-0.001,-0.085,0.068,0.0,1,1.723,4781,9,0
33.4333,-0.5575,-48.656,-0.000,-0.071,0.070,0.0,1,1.725,4841,6,0
33.4500,-0.5585,-48.661,-0.000,-0.054,0.072,0.0,1,1.726,4881,5,0
33.4667,-0.5593,-48.663,-0.000,-0.035,0.073,0.0,1,1.726,4916,4,0
33.4833,-0.5597,-48.663,-0.000,-0.015,0.073,0.0,1,1.727,4936,4,0
33.5000,-0.5598,-48.660,-0.001,0.006,0.072,0.0,1,1.727,4938,6,0
33.5167,-0.5595,-48.653,-0.001,0.026,0.072,0.0,1,1.726,4927,8,0
33.5333,-0.5589,-48.643,-0.002,0.046,0.072,0.0,1,1.726,4898,12,0
33.5500,-0.5580,-48.631,-0.002,0.064,0.071,0.0,1,1.725,4854,16,0
33.5667,-0.5567,-48.616,-0.002,0.081,0.071,0.0,1,1.723,4795,19,0
33.5833,-0.5553,-48.599,-0.001,0.095,0.070,0.0,1,1.721,4736,22,0
33.6000,-0.5536,-48.580,-0.001,0.106,0.070,0.0,1,1.719,4655,25,0
33.6167,-0.5518,-48.560,-0.000,0.114,0.069,0.0,1,1.717,4564,27,0
33.6333,-0.5498,-48.539,0.000,0.119,0.068,0.0,1,1.715,4467,29,0
33.6500,-0.5478,-48.518,0.001,0.121,0.067,0.0,1,1.712,4365,29,0
33.6667,-0.5458,-48.496,0.001,0.120,0.066,0.0,1,1.710,4281,28,0
33.6833,-0.5438,-48.475,0.001,0.115,0.066,0.0,1,1.707,4181,26,0
33.7000,-0.5420,-48.455,0.001,0.106,0.065,0.0,1,1.705,4086,23,0
33.7167,-0.5403,-48.436,0.001,0.095,0.064,0.0,1,1.703,3998,20,0
33.7333,-0.5388,-48.420,0.001,0.081,0.064,0.0,1,1.701,3933,16,0
33.7500,-0.5376,-48.405,0.001,0.065,0.063,0.0,1,1.700,3867,13,0
33.7667,-0.5367,-48.392,0.002,0.047,0.063,0.0,1,1.699,3816,10,0
33.7833,-0.5360,-48.382,0.002,0.028,0.063,0.0,1,1.698,3781,7,0
33.8000,-0.5357,-48.375,0.001,0.008,0.063,0.0,1,1.697,3764,5,0
33.8167,-0.5358,-48.370,0.000,-0.013,0.063,0.0,1,1.697,3760,3,0
33.8333,-0.5362,-48.368,-0.000,-0.033,0.062,0.0,1,1.698,3774,3,0
33.8500,-0.5369,-48.369,-0.001,-0.052,0.062,0.0,1,1.698,3805,4,0
33.8667,-0.5379,-48.372,-0.001,-0.070,0.063,0.0,1,1.700,3853,6,0
33.8833,-0.5392,-48.377,-0.001,-0.086,0.063,0.0,1,1.701,3904,8,0
33.9000,-0.5408,-48.384,-0.002,-0.100,0.063,0.0,1,1.703,3977,12,0
33.9167,-0.5426,-48.393,-0.001,-0.111,0.063,0.0,1,1.705,4061,15,0
33.9333,-0.5445,-48.403,-0.001,-0.119,0.064,0.0,1,1.707,4153,17,0
33.9500,-0.5465,-48.415,-0.001,-0.124,0.064,0.0,1,1.709,4234,19,0
33.9667,-0.5486,-48.427,-0.001,-0.125,0.064,0.0,1,1.711,4334,19,0
33.9833,-0.5507,-48.439,-0.001,-0.123,0.065,0.0,1,1.714,4433,19,0
34.0000,-0.5527,-48.451,-0.001,-0.118,0.065,0.0,1,1.716,4528,17,0
34.0167,-0.5546,-48.461,-0.001,-0.110,0.066,0.0,1,1.718,4602,15,0
34.0333,-0.5563,-48.471,-0.001,-0.100,0.067,0.0,1,1.720,4684,12,0
34.0500,-0.5579,-48.479,-0.001,-0.088,0.068,0.0,1,1.722,4756,9,0
34.0667,-0.5592,-48.485,-0.000,-0.074,0.070,0.0,1,1.723,4818,7,0
34.0833,-0.5603,-48.490,-0.000,-0.058,0.072,0.0,1,1.724,4867,5,0
34.1000,-0.5611,-48.492,-0.000,-0.040,0.073,0.0,1,1.725,4897,4,0
34.1167,-0.5616,-48.492,-0.000,-0.020,0.073,0.0,1,1.726,4920,4,0
34.1333,-0.5618,-48.489,-0.001,0.000,0.073,0.0,1,1.726,4927,5,0
34.1500,-0.5616,-48.482,-0.001,0.020,0.073,0.0,1,1.726,4917,8,0
34.1667,-0.5611,-48.472,-0.002,0.040,0.072,0.0,1,1.725,4897,11,0
34.1833,-0.5603,-48.459,-0.002,0.058,0.072,0.0,1,1.724,4858,15,0
34.2000,-0.5592,-48.443,-0.002,0.075,0.071,0.0,1,1.722,4805,18,0
34.2167,-0.5578,-48.425,-0.001,0.089,0.071,0.0,1,1.721,4740,21,0
34.2333,-0.5562,-48.406,-0.001,0.101,0.070,0.0,1,1.719,4676,24,0
34.2500,-0.5545,-48.384,-0.000,0.110,0.069,0.0,1,1.716,4591,26,0
34.2667,-0.5526,-48.362,0.000,0.116,0.069,0.0,1,1.714,4498,28,0
34.2833,-0.5506,-48.339,0.001,0.119,0.068,0.0,1,1.712,4401,28,0
34.3000,-0.5486,-48.315,0.001,0.119,0.067,0.0,1,1.709,4302,27,0
34.3167,-0.5467,-48.292,0.001,0.115,0.066,0.0,1,1.707,4220,26,0
34.3333,-0.5448,-48.270,0.001,0.108,0.066,0.0,1,1.705,4126,24,0
34.3500,-0.5431,-48.249,0.001,0.098,0.065,0.0,1,1.703,4038,21,0
34.3667,-0.5416,-48.230,0.001,0.085,0.064,0.0,1,1.701,3958,17,0
34.3833,-0.5403,-48.213,0.001,0.070,0.064,0.0,1,1.699,3901,14,0
34.4000,-0.5392,-48.198,0.002,0.053,0.064,0.0,1,1.698,3845,11,0
34.4167,-0.5385,-48.185,0.002,0.035,0.063,0.0,1,1.697,3804,8,0
34.4333,-0.5381,-48.175,0.001,0.015,0.063,0.0,1,1.696,3779,5,0
34.4500,-0.5380,-48.168,0.001,-0.005,0.063,0.0,1,1.696,3771,4,0
34.4667,-0.5383,-48.164,-0.000,-0.025,0.063,0.0,1,1.696,3777,3,0
34.4833,-0.5388,-48.163,-0.001,-0.044,0.063,0.0,1,1.697,3800,4,0
34.5000,-0.5397,-48.165,-0.001,-0.062,0.063,0.0,1,1.698,3839,5,0
34.5167,-0.5409,-48.168,-0.001,-0.079,0.063,0.0,1,1.699,3894,8,0
34.5333,-0.5424,-48.174,-0.002,-0.094,0.063,0.0,1,1.700,3950,10,0
34.5500,-0.5440,-48.182,-0.001,-0.106,0.063,0.0,1,1.702,4026,13,0
34.5667,-0.5459,-48.191,-0.001,-0.115,0.064,0.0,1,1.704,4112,16,0
34.5833,-0.5478,-48.202,-0.001,-0.121,0.064,0.0,1,1.706,4204,18,0
34.6000,-0.5499,-48.214,-0.001,-0.124,0.065,0.0,1,1.709,4284,19,0
34.6167,-0.5519,-48.226,-0.001,-0.123,0.065,0.0,1,1.711,4381,19,0
34.6333,-0.5540,-48.237,-0.001,-0.120,0.066,0.0,1,1.713,4475,18,0
34.6500,-0.5559,-48.248,-0.001,-0.113,0.066,0.0,1,1.715,4564,16,0
34.6667,-0.5577,-48.258,-0.001,-0.105,0.067,0.0,1,1.718,4633,14,0
34.6833,-0.5594,-48.266,-0.001,-0.094,0.068,0.0,1,1.719,4707,11,0
34.7000,-0.5609,-48.273,-0.000,-0.081,0.069,0.0,1,1.721,4772,8,0
34.7167,-0.5621,-48.278,0.000,-0.067,0.071,0.0,1,1.722,4826,6,0
34.7333,-0.5631,-48.280,0.000,-0.051,0.073,0.0,1,1.723,4868,5,0
34.7500,-0.5638,-48.281,-0.000,-0.032,0.073,0.0,1,1.724,4892,4,0
34.7667,-0.5641,-48.278,-0.001,-0.013,0.073,0.0,1,1.724,4908,5,0
34.7833,-0.5642,-48.272,-0.001,0.007,0.073,0.0,1,1.724,4909,6,0
34.8000,-0.5639,-48.262,-0.002,0.026,0.073,0.0,1,1.724,4894,9,0
34.8167,-0.5633,-48.249,-0.002,0.045,0.073,0.0,1,1.723,4870,12,0
34.8333,-0.5624,-48.232,-0.002,0.062,0.072,0.0,1,1.722,4828,15,0
34.8500,-0.5612,-48.213,-0.002,0.078,0.072,0.0,1,1.720,4773,19,0
34.8667,-0.5598,-48.192,-0.001,0.091,0.071,0.0,1,1.718,4706,22,0
34.8833,-0.5582,-48.169,-0.001,0.102,0.071,0.0,1,1.716,4643,24,0
34.9000,-0.5565,-48.144,0.000,0.110,0.070,0.0,1,1.714,4559,26,0
34.9167,-0.5546,-48.119,0.001,0.115,0.069,0.0,1,1.712,4468,28,0
34.9333,-0.5527,-48.092,0.001,0.116,0.068,0.0,1,1.709,4373,27,0
34.9500,-0.5507,-48.065,0.001,0.115,0.067,0.0,1,1.707,4279,26,0
34.9667,-0.5488,-48.039,0.001,0.111,0.067,0.0,1,1.704,4201,25,0
34.9833,-0.5471,-48.015,0.001,0.103,0.066,0.0,1,1.702,4111,23,0
35.0000,-0.5454,-47.991,0.001,0.093,0.065,0.0,1,1.700,4028,19,0
35.0167,-0.5440,-47.970,0.001,0.080,0.065,0.0,1,1.698,3954,16,0
35.0333,-0.5428,-47.950,0.002,0.065,0.064,0.0,1,1.697,3901,13,0
35.0500,-0.5418,-47.933,0.002,0.048,0.064,0.0,1,1.695,3850,10,0
35.0667,-0.5412,-47.919,0.002,0.030,0.064,0.0,1,1.695,3813,7,0
35.0833,-0.5409,-47.907,0.001,0.011,0.064,0.0,1,1.694,3792,5,0
35.1000,-0.5409,-47.899,0.000,-0.009,0.064,0.0,1,1.694,3786,4,0
35.1167,-0.5412,-47.893,-0.000,-0.028,0.064,0.0,1,1.694,3795,3,0
35.1333,-0.5418,-47.891,-0.001,-0.047,0.064,0.0,1,1.695,3819,4,0
35.1500,-0.5427,-47.891,-0.001,-0.065,0.064,0.0,1,1.696,3859,6,0
35.1667,-0.5440,-47.893,-0.001,-0.081,0.064,0.0,1,1.697,3913,8,0
35.1833,-0.5454,-47.898,-0.001,-0.095,0.064,0.0,1,1.698,3968,11,0
35.2000,-0.5471,-47.904,-0.001,-0.106,0.064,0.0,1,1.700,4042,14,0
35.2167,-0.5489,-47.913,-0.001,-0.115,0.064,0.0,1,1.702,4125,17,0
35.2333,-0.5509,-47.923,-0.001,-0.120,0.065,0.0,1,1.704,4214,19,0
35.2500,-0.5529,-47.933,-0.001,-0.123,0.065,0.0,1,1.707,4290,19,0
35.2667,-0.5550,-47.944,-0.001,-0.122,0.066,0.0,1,1.709,4382,19,0
35.2833,-0.5570,-47.954,-0.001,-0.119,0.066,0.0,1,1.711,4471,18,0
35.3000,-0.5589,-47.964,-0.001,-0.113,0.067,0.0,1,1.713,4555,16,0
35.3167,-0.5607,-47.972,-0.001,-0.104,0.067,0.0,1,1.715,4621,14,0
35.3333,-0.5624,-47.979,-0.001,-0.094,0.069,0.0,1,1.717,4692,12,0
35.3500,-0.5639,-47.984,-0.000,-0.082,0.070,0.0,1,1.719,4755,9,0
35.3667,-0.5651,-47.987,0.000,-0.068,0.072,0.0,1,1.720,4808,7,0
35.3833,-0.5661,-47.987,0.000,-0.053,0.074,0.0,1,1.721,4850,6,0
35.4000,-0.5669,-47.985,-0.000,-0.035,0.075,0.0,1,1.722,4875,5,0
35.4167,-0.5673,-47.980,-0.001,-0.016,0.075,0.0,1,1.722,4892,5,0
35.4333,-0.5674,-47.971,-0.002,0.003,0.074,0.0,1,1.722,4894,6,0
35.4500,-0.5672,-47.958,-0.002,0.022,0.074,0.0,1,1.721,4881,9,0
35.4667,-0.5666,-47.942,-0.002,0.040,0.074,0.0,1,1.721,4859,11,0
35.4833,-0.5658,-47.922,-0.002,0.057,0.074,0.0,1,1.719,4819,15,0
35.5000,-0.5647,-47.899,-0.002,0.072,0.073,0.0,1,1.718,4767,18,0
35.5167,-0.5634,-47.874,-0.001,0.086,0.072,0.0,1,1.716,4704,21,0
35.5333,-0.5619,-47.847,-0.000,0.096,0.072,0.0,1,1.714,4644,23,0
35.5500,-0.5602,-47.818,0.000,0.104,0.071,0.0,1,1.712,4564,25,0
35.5667,-0.5584,-47.787,0.000,0.110,0.070,0.0,1,1.709,4478,27,0
35.5833,-0.5566,-47.756,0.000,0.112,0.070,0.0,1,1.707,4388,27,0
35.6000,-0.5547,-47.724,0.000,0.111,0.069,0.0,1,1.705,4299,26,0
35.6167,-0.5529,-47.692,0.000,0.107,0.068,0.0,1,1.702,4225,25,0
35.6333,-0.5512,-47.662,0.001,0.101,0.067,0.0,1,1.700,4139,23,0
35.6500,-0.5496,-47.633,0.001,0.092,0.067,0.0,1,1.698,4058,20,0
35.6667,-0.5481,-47.606,0.002,0.080,0.066,0.0,1,1.696,3985,16,0
35.6833,-0.5469,-47.580,0.002,0.066,0.066,0.0,1,1.694,3933,14,0
35.7000,-0.5459,-47.557,0.002,0.050,0.065,0.0,1,1.693,3881,11,0
35.7167,-0.5453,-47.537,0.002,0.033,0.065,0.0,1,1.692,3842,8,0
35.7333,-0.5449,-47.520,0.001,0.015,0.065,0.0,1,1.691,3817,6,0
35.7500,-0.5448,-47.505,0.000,-0.004,0.065,0.0,1,1.690,3807,4,0
35.7667,-0.5450,-47.494,-0.000,-0.023,0.065,0.0,1,1.690,3809,4,0
35.7833,-0.5455,-47.486,-0.001,-0.041,0.065,0.0,1,1.691,3827,4,0
35.8000,-0.5464,-47.481,-0.001,-0.059,0.065,0.0,1,1.692,3859,6,0
35.8167,-0.5475,-47.479,-0.001,-0.075,0.065,0.0,1,1.693,3905,8,0
35.8333,-0.5489,-47.478,-0.001,-0.089,0.065,0.0,1,1.694,3951,11,0
35.8500,-0.5505,-47.480,-0.001,-0.101,0.065,0.0,1,1.696,4017,14,0
35.8667,-0.5522,-47.484,-0.001,-0.111,0.066,0.0,1,1.698,4091,17,0
35.8833,-0.5541,-47.489,-0.001,-0.118,0.066,0.0,1,1.700,4172,19,0
35.9000,-0.5562,-47.496,-0.001,-0.122,0.067,0.0,1,1.702,4243,21,0
35.9167,-0.5582,-47.502,-0.002,-0.123,0.067,0.0,1,1.704,4331,21,0
35.9333,-0.5602,-47.509,-0.002,-0.122,0.068,0.0,1,1.706,4418,20,0
35.9500,-0.5622,-47.514,-0.002,-0.117,0.068,0.0,1,1.708,4502,19,0
35.9667,-0.5641,-47.518,-0.001,-0.110,0.069,0.0,1,1.710,4569,17,0
35.9833,-0.5659,-47.521,-0.000,-0.101,0.070,0.0,1,1.712,4644,15,0
36.0000,-0.5675,-47.522,0.000,-0.091,0.071,0.0,1,1.714,4712,12,0
36.0167,-0.5689,-47.521,0.000,-0.079,0.073,0.0,1,1.715,4770,10,0
36.0333,-0.5701,-47.518,0.000,-0.065,0.075,0.0,1,1.716,4818,8,0
36.0500,-0.5711,-47.512,-0.000,-0.048,0.077,0.0,1,1.717,4849,6,0
36.0667,-0.5717,-47.503,-0.001,-0.030,0.077,0.0,1,1.718,4874,5,0
36.0833,-0.5721,-47.491,-0.002,-0.011,0.077,0.0,1,1.718,4885,6,0
36.1000,-0.5721,-47.475,-0.002,0.007,0.077,0.0,1,1.717,4881,7,0
36.1167,-0.5718,-47.455,-0.002,0.026,0.076,0.0,1,1.717,4867,9,0
36.1333,-0.5712,-47.431,-0.002,0.043,0.076,0.0,1,1.716,4836,13,0
36.1500,-0.5704,-47.403,-0.002,0.059,0.076,0.0,1,1.714,4792,16,0
36.1667,-0.5693,-47.373,-0.001,0.074,0.075,0.0,1,1.713,4736,19,0
36.1833,-0.5679,-47.340,-0.001,0.086,0.074,0.0,1,1.711,4682,21,0
36.2000,-0.5664,-47.306,-0.001,0.095,0.074,0.0,1,1.709,4608,24,0
36.2167,-0.5648,-47.269,-0.000,0.102,0.073,0.0,1,1.706,4527,26,0
36.2333,-0.5630,-47.231,-0.000,0.106,0.072,0.0,1,1.704,4440,26,0
36.2500,-0.5612,-47.192,-0.000,0.107,0.072,0.0,1,1.701,4351,26,0
36.2667,-0.5595,-47.152,0.000,0.106,0.071,0.0,1,1.699,4278,25,0
36.2833,-0.5577,-47.113,0.001,0.101,0.070,0.0,1,1.696,4192,24,0
36.3000,-0.5561,-47.075,0.001,0.093,0.069,0.0,1,1.694,4109,21,0
36.3167,-0.5546,-47.039,0.002,0.083,0.069,0.0,1,1.692,4033,18,0
36.3333,-0.5534,-47.004,0.002,0.071,0.068,0.0,1,1.690,3977,16,0
36.3500,-0.5523,-46.970,0.002,0.056,0.068,0.0,1,1.688,3919,13,0
36.3667,-0.5515,-46.940,0.002,0.040,0.068,0.0,1,1.687,3873,10,0
36.3833,-0.5510,-46.911,0.001,0.023,0.067,0.0,1,1.686,3840,7,0
36.4000,-0.5507,-46.886,0.001,0.005,0.067,0.0,1,1.685,3823,5,0
36.4167,-0.5508,-46.864,-0.000,-0.014,0.067,0.0,1,1.685,3814,5,0
36.4333,-0.5512,-46.845,-0.001,-0.032,0.067,0.0,1,1.685,3821,5,0
36.4500,-0.5519,-46.828,-0.001,-0.050,0.067,0.0,1,1.685,3842,7,0
36.4667,-0.5529,-46.814,-0.001,-0.067,0.067,0.0,1,1.686,3877,9,0
36.4833,-0.5541,-46.803,-0.001,-0.082,0.067,0.0,1,1.687,3915,11,0
36.5000,-0.5556,-46.794,-0.001,-0.096,0.068,0.0,1,1.688,3972,15,0
36.5167,-0.5573,-46.786,-0.001,-0.107,0.068,0.0,1,1.690,4038,19,0
36.5333,-0.5592,-46.781,-0.002,-0.116,0.069,0.0,1,1.691,4113,22,0
36.5500,-0.5611,-46.777,-0.002,-0.122,0.069,0.0,1,1.693,4181,24,0
36.5667,-0.5632,-46.773,-0.002,-0.126,0.070,0.0,1,1.695,4266,25,0
36.5833,-0.5653,-46.770,-0.002,-0.126,0.070,0.0,1,1.697,4353,25,0
36.6000,-0.5674,-46.766,-0.002,-0.124,0.071,0.0,1,1.699,4438,25,0
36.6167,-0.5694,-46.761,-0.001,-0.118,0.072,0.0,1,1.701,4507,23,0
36.6333,-0.5713,-46.755,-0.001,-0.111,0.073,0.0,1,1.703,4585,21,0
36.6500,-0.5731,-46.747,-0.000,-0.102,0.074,0.0,1,1.705,4657,18,0
36.6667,-0.5747,-46.738,0.000,-0.092,0.076,0.0,1,1.706,4721,15,0
36.6833,-0.5762,-46.727,0.000,-0.079,0.078,0.0,1,1.708,4776,12,0
36.7000,-0.5774,-46.713,-0.000,-0.065,0.080,0.0,1,1.709,4814,10,0
36.7167,-0.5783,-46.697,-0.001,-0.048,0.081,0.0,1,1.709,4849,8,0
36.7333,-0.5790,-46.677,-0.001,-0.030,0.081,0.0,1,1.709,4870,7,0
36.7500,-0.5793,-46.654,-0.002,-0.011,0.081,0.0,1,1.709,4877,7,0
36.7667,-0.5793,-46.627,-0.002,0.007,0.081,0.0,1,1.709,4872,8,0
36.7833,-0.5791,-46.596,-0.002,0.025,0.081,0.0,1,1.708,4852,10,0
36.8000,-0.5785,-46.562,-0.002,0.042,0.080,0.0,1,1.707,4818,14,0
36.8167,-0.5777,-46.524,-0.001,0.057,0.080,0.0,1,1.705,4772,17,0
36.8333,-0.5766,-46.483,-0.001,0.071,0.079,0.0,1,1.703,4725,19,0
36.8500,-0.5753,-46.440,-0.001,0.082,0.079,0.0,1,1.701,4660,22,0
36.8667,-0.5738,-46.396,-0.001,0.091,0.078,0.0,1,1.699,4585,24,0
36.8833,-0.5723,-46.349,-0.001,0.098,0.077,0.0,1,1.696,4503,26,0
36.9000,-0.5706,-46.301,-0.000,0.101,0.076,0.0,1,1.694,4418,26,0
36.9167,-0.5689,-46.252,0.000,0.101,0.076,0.0,1,1.691,4345,26,0
36.9333,-0.5672,-46.202,0.001,0.099,0.075,0.0,1,1.689,4259,25,0
36.9500,-0.5656,-46.154,0.001,0.094,0.074,0.0,1,1.686,4175,23,0
36.9667,-0.5641,-46.106,0.002,0.086,0.074,0.0,1,1.684,4095,20,0
36.9833,-0.5628,-46.059,0.002,0.075,0.073,0.0,1,1.681,4034,18,0
37.0000,-0.5616,-46.015,0.002,0.063,0.072,0.0,1,1.679,3968,15,0
37.0167,-0.5607,-45.972,0.002,0.048,0.072,0.0,1,1.678,3914,12,0
37.0333,-0.5601,-45.931,0.002,0.032,0.072,0.0,1,1.676,3872,9,0
37.0500,-0.5597,-45.893,0.001,0.015,0.072,0.0,1,1.675,3846,7,0
37.0667,-0.5596,-45.857,0.000,-0.003,0.071,0.0,1,1.674,3827,6,0
37.0833,-0.5598,-45.825,-0.000,-0.021,0.071,0.0,1,1.674,3822,7,0
37.1000,-0.5603,-45.795,-0.001,-0.039,0.071,0.0,1,1.674,3832,8,0
37.1167,-0.5611,-45.768,-0.001,-0.057,0.072,0.0,1,1.674,3855,10,0
37.1333,-0.5622,-45.744,-0.001,-0.073,0.072,0.0,1,1.675,3885,13,0
37.1500,-0.5635,-45.721,-0.001,-0.088,0.072,0.0,1,1.676,3932,16,0
37.1667,-0.5651,-45.701,-0.002,-0.101,0.073,0.0,1,1.677,3990,20,0
37.1833,-0.5669,-45.683,-0.002,-0.112,0.073,0.0,1,1.678,4057,24,0
37.2000,-0.5688,-45.667,-0.002,-0.120,0.074,0.0,1,1.680,4119,27,0
37.2167,-0.5709,-45.652,-0.002,-0.125,0.074,0.0,1,1.682,4199,30,0
37.2333,-0.5730,-45.638,-0.002,-0.128,0.075,0.0,1,1.684,4283,31,0
37.2500,-0.5751,-45.623,-0.002,-0.128,0.076,0.0,1,1.685,4367,31,0
37.2667,-0.5772,-45.608,-0.001,-0.125,0.077,0.0,1,1.687,4436,30,0
37.2833,-0.5792,-45.593,-0.001,-0.119,0.078,0.0,1,1.689,4516,28,0
37.3000,-0.5812,-45.576,-0.000,-0.112,0.079,0.0,1,1.691,4592,25,0
37.3167,-0.5830,-45.558,0.000,-0.103,0.081,0.0,1,1.692,4661,22,0
37.3333,-0.5846,-45.539,0.000,-0.092,0.083,0.0,1,1.693,4722,18,0
37.3500,-0.5860,-45.518,0.000,-0.079,0.085,0.0,1,1.694,4765,16,0
37.3667,-0.5872,-45.494,-0.000,-0.064,0.086,0.0,1,1.695,4808,13,0
37.3833,-0.5881,-45.468,-0.001,-0.047,0.086,0.0,1,1.696,4838,11,0
37.4000,-0.5888,-45.438,-0.001,-0.029,0.087,0.0,1,1.696,4856,9,0
37.4167,-0.5891,-45.406,-0.001,-0.011,0.086,0.0,1,1.695,4860,9,0
37.4333,-0.5891,-45.369,-0.001,0.007,0.086,0.0,1,1.695,4852,10,0
37.4500,-0.5889,-45.329,-0.001,0.024,0.086,0.0,1,1.694,4829,12,0
37.4667,-0.5883,-45.286,-0.001,0.040,0.086,0.0,1,1.692,4794,14,0
37.4833,-0.5876,-45.240,-0.001,0.055,0.085,0.0,1,1.691,4756,17,0
37.5000,-0.5865,-45.191,-0.001,0.067,0.085,0.0,1,1.689,4701,20,0
37.5167,-0.5853,-45.140,-0.001,0.078,0.084,0.0,1,1.686,4636,22,0
37.5333,-0.5839,-45.088,-0.001,0.086,0.083,0.0,1,1.684,4563,25,0
37.5500,-0.5825,-45.033,-0.001,0.092,0.083,0.0,1,1.681,4483,26,0
37.5667,-0.5809,-44.978,-0.000,0.094,0.082,0.0,1,1.679,4414,26,0
37.5833,-0.5793,-44.922,-0.000,0.094,0.081,0.0,1,1.676,4331,26,0
37.6000,-0.5778,-44.866,0.000,0.092,0.080,0.0,1,1.673,4248,24,0
37.6167,-0.5763,-44.810,0.001,0.086,0.080,0.0,1,1.671,4168,22,0
37.6333,-0.5749,-44.755,0.001,0.078,0.079,0.0,1,1.668,4104,20,0
37.6500,-0.5737,-44.702,0.001,0.068,0.078,0.0,1,1.666,4034,18,0
37.6667,-0.5727,-44.650,0.001,0.055,0.078,0.0,1,1.664,3973,15,0
37.6833,-0.5719,-44.601,0.001,0.041,0.077,0.0,1,1.662,3923,12,0
37.7000,-0.5713,-44.553,0.001,0.025,0.077,0.0,1,1.661,3890,10,0
37.7167,-0.5710,-44.508,0.001,0.009,0.077,0.0,1,1.660,3861,8,0
37.7333,-0.5710,-44.465,0.000,-0.009,0.077,0.0,1,1.659,3845,8,0
37.7500,-0.5713,-44.425,0.000,-0.026,0.077,0.0,1,1.658,3843,9,0
37.7667,-0.5719,-44.389,-0.000,-0.043,0.077,0.0,1,1.658,3854,11,0
37.7833,-0.5728,-44.354,-0.000,-0.060,0.077,0.0,1,1.658,3874,13,0
37.8000,-0.5739,-44.322,-0.001,-0.075,0.077,0.0,1,1.659,3909,16,0
37.8167,-0.5753,-44.292,-0.001,-0.089,0.078,0.0,1,1.660,3956,20,0
37.8333,-0.5769,-44.265,-0.001,-0.101,0.078,0.0,1,1.661,4012,25,0
37.8500,-0.5786,-44.240,-0.002,-0.111,0.079,0.0,1,1.662,4066,28,0
37.8667,-0.5805,-44.216,-0.002,-0.118,0.080,0.0,1,1.664,4138,31,0
37.8833,-0.5826,-44.193,-0.002,-0.123,0.081,0.0,1,1.665,4215,34,0
37.9000,-0.5846,-44.171,-0.001,-0.125,0.082,0.0,1,1.667,4295,34,0
37.9167,-0.5867,-44.149,-0.001,-0.125,0.083,0.0,1,1.668,4362,34,0
37.9333,-0.5888,-44.127,-0.001,-0.122,0.083,0.0,1,1.670,4440,33,0
37.9500,-0.5908,-44.105,-0.001,-0.116,0.085,0.0,1,1.672,4516,31,0
37.9667,-0.5926,-44.082,-0.000,-0.109,0.086,0.0,1,1.673,4587,28,0
37.9833,-0.5944,-44.058,-0.000,-0.100,0.088,0.0,1,1.674,4652,24,0
38.0000,-0.5960,-44.033,-0.000,-0.088,0.089,0.0,1,1.676,4700,21,0
38.0167,-0.5973,-44.005,-0.000,-0.075,0.091,0.0,1,1.676,4748,18,0
38.0333,-0.5985,-43.976,-0.000,-0.060,0.091,0.0,1,1.677,4786,15,0
38.0500,-0.5993,-43.944,-0.001,-0.044,0.092,0.0,1,1.677,4813,12,0
38.0667,-0.5999,-43.909,-0.001,-0.027,0.092,0.0,1,1.677,4826,11,0
38.0833,-0.6002,-43.871,-0.001,-0.010,0.092,0.0,1,1.677,4829,10,0
38.1000,-0.6003,-43.831,-0.000,0.006,0.092,0.0,1,1.676,4819,11,0
38.1167,-0.6000,-43.787,-0.000,0.023,0.091,0.0,1,1.675,4796,13,0
38.1333,-0.5995,-43.740,-0.000,0.037,0.091,0.0,1,1.673,4768,14,0
38.1500,-0.5988,-43.691,-0.000,0.051,0.090,0.0,1,1.672,4725,17,0
38.1667,-0.5978,-43.640,-0.000,0.063,0.090,0.0,1,1.670,4672,20,0
38.1833,-0.5967,-43.587,-0.000,0.072,0.089,0.0,1,1.667,4610,22,0
38.2000,-0.5954,-43.532,-0.000,0.080,0.089,0.0,1,1.665,4541,24,0
38.2167,-0.5940,-43.475,-0.000,0.085,0.088,0.0,1,1.662,4479,25,0
38.2333,-0.5926,-43.418,0.000,0.087,0.087,0.0,1,1.660,4402,25,0
38.2500,-0.5912,-43.361,0.000,0.087,0.086,0.0,1,1.657,4324,25,0
38.2667,-0.5897,-43.304,0.000,0.084,0.085,0.0,1,1.655,4247,24,0
38.2833,-0.5884,-43.247,0.001,0.079,0.085,0.0,1,1.652,4185,22,0
38.3000,-0.5871,-43.191,0.001,0.071,0.084,0.0,1,1.650,4114,20,0
38.3167,-0.5860,-43.137,0.001,0.061,0.084,0.0,1,1.648,4049,17,0
38.3333,-0.5851,-43.084,0.001,0.049,0.083,0.0,1,1.646,3994,14,0
38.3500,-0.5844,-43.033,0.000,0.036,0.083,0.0,1,1.644,3955,12,0
38.3667,-0.5839,-42.984,0.000,0.021,0.082,0.0,1,1.642,3918,10,0
38.3833,-0.5837,-42.937,0.000,0.006,0.082,0.0,1,1.641,3892,9,0
38.4000,-0.5837,-42.893,0.000,-0.010,0.082,0.0,1,1.640,3878,9,0
38.4167,-0.5840,-42.851,-0.000,-0.027,0.082,0.0,1,1.640,3877,10,0
38.4333,-0.5846,-42.812,-0.000,-0.043,0.082,0.0,1,1.640,3886,12,0
38.4500,-0.5854,-42.775,-0.000,-0.058,0.083,0.0,1,1.640,3909,15,0
38.4667,-0.5865,-42.741,-0.001,-0.072,0.083,0.0,1,1.640,3942,18,0
38.4833,-0.5878,-42.709,-0.001,-0.085,0.083,0.0,1,1.641,3986,22,0
38.5000,-0.5893,-42.679,-0.001,-0.096,0.084,0.0,1,1.642,4030,25,0
38.5167,-0.5910,-42.651,-0.001,-0.105,0.085,0.0,1,1.643,4090,29,0
38.5333,-0.5928,-42.624,-0.001,-0.112,0.085,0.0,1,1.644,4157,32,0
38.5500,-0.5947,-42.599,-0.001,-0.116,0.086,0.0,1,1.646,4228,33,0
38.5667,-0.5967,-42.574,-0.001,-0.118,0.087,0.0,1,1.647,4290,34,0
38.5833,-0.5986,-42.550,-0.001,-0.117,0.088,0.0,1,1.649,4364,34,0
38.6000,-0.6006,-42.526,-0.000,-0.114,0.089,0.0,1,1.650,4436,33,0
38.6167,-0.6024,-42.502,-0.000,-0.109,0.090,0.0,1,1.651,4506,30,0
38.6333,-0.6042,-42.477,-0.000,-0.102,0.091,0.0,1,1.653,4572,27,0
38.6500,-0.6058,-42.452,-0.000,-0.093,0.093,0.0,1,1.654,4622,24,0
38.6667,-0.6073,-42.425,-0.000,-0.082,0.094,0.0,1,1.655,4674,12,0
38.6833,-0.6085,-42.397,-0.000,-0.070,0.094,0.0,1,1.655,4718,10,0
38.7000,-0.6096,-42.366,-0.000,-0.056,0.095,0.0,1,1.656,4753,9,0
38.7167,-0.6104,-42.334,-0.000,-0.041,0.095,0.0,1,1.656,4774,8,0
38.7333,-0.6109,-42.298,-0.000,-0.026,0.095,0.0,1,1.656,4789,8,0
38.7500,-0.6112,-42.260,-0.000,-0.010,0.094,0.0,1,1.655,4792,9,0
38.7667,-0.6113,-42.220,-0.000,0.005,0.094,0.0,1,1.655,4782,10,0
38.7833,-0.6110,-42.177,-0.000,0.020,0.094,0.0,1,1.653,4766,12,0
38.8000,-0.6106,-42.132,-0.000,0.034,0.094,0.0,1,1.652,4737,14,0
38.8167,-0.6099,-42.085,-0.000,0.047,0.093,0.0,1,1.650,4697,16,0
38.8333,-0.6090,-42.036,-0.000,0.058,0.093,0.0,1,1.649,4647,19,0
38.8500,-0.6080,-41.986,-0.000,0.067,0.092,0.0,1,1.646,4590,21,0
38.8667,-0.6068,-41.934,-0.000,0.073,0.091,0.0,1,1.644,4536,22,0
38.8833,-0.6056,-41.881,-0.000,0.078,0.091,0.0,1,1.642,4468,23,0
38.9000,-0.6042,-41.827,0.000,0.080,0.090,0.0,1,1.639,4398,24,0
38.9167,-0.6029,-41.774,0.000,0.080,0.089,0.0,1,1.637,4326,23,0
38.9333,-0.6016,-41.720,0.000,0.078,0.088,0.0,1,1.635,4266,22,0
38.9500,-0.6003,-41.667,0.000,0.073,0.088,0.0,1,1.632,4197,21,0
38.9667,-0.5992,-41.615,0.000,0.066,0.087,0.0,1,1.630,4133,19,0
38.9833,-0.5982,-41.564,0.000,0.057,0.087,0.0,1,1.628,4074,16,0
39.0000,-0.5973,-41.514,0.000,0.046,0.086,0.0,1,1.626,4031,14,0
39.0167,-0.5966,-41.466,0.000,0.034,0.086,0.0,1,1.624,3988,12,0
39.0333,-0.5962,-41.420,-0.000,0.020,0.086,0.0,1,1.623,3954,10,0
39.0500,-0.5960,-41.377,-0.000,0.006,0.085,0.0,1,1.622,3930,8,0
39.0667,-0.5960,-41.335,-0.000,-0.009,0.085,0.0,1,1.621,3918,8,0
39.0833,-0.5963,-41.296,-0.000,-0.024,0.085,0.0,1,1.620,3917,7,0
39.1000,-0.5968,-41.259,-0.000,-0.039,0.085,0.0,1,1.620,3926,8,0
39.1167,-0.5976,-41.224,-0.000,-0.053,0.085,0.0,1,1.620,3948,9,0
39.1333,-0.5985,-41.191,-0.000,-0.066,0.085,0.0,1,1.621,3980,10,0
39.1500,-0.5997,-41.161,-0.000,-0.078,0.085,0.0,1,1.621,4015,11,0
39.1667,-0.6011,-41.132,-0.000,-0.088,0.086,0.0,1,1.622,4066,13,0
39.1833,-0.6027,-41.105,-0.000,-0.096,0.086,0.0,1,1.623,4125,15,0
39.2000,-0.6043,-41.079,-0.000,-0.102,0.086,0.0,1,1.624,4193,16,0
39.2167,-0.6061,-41.054,-0.000,-0.106,0.087,0.0,1,1.625,4254,17,0
39.2333,-0.6078,-41.031,-0.000,-0.107,0.087,0.0,1,1.627,4331,17,0
39.2500,-0.6096,-41.008,-0.000,-0.105,0.088,0.0,1,1.628,4410,17,0
39.2667,-0.6113,-40.986,0.000,-0.102,0.089,0.0,1,1.629,4490,16,0
39.2833,-0.6130,-40.964,0.000,-0.095,0.089,0.0,1,1.631,4568,14,0
39.3000,-0.6145,-40.943,0.000,-0.087,0.090,0.0,1,1.632,4629,12,0
39.3167,-0.6158,-40.922,0.000,-0.075,0.091,0.0,1,1.633,4695,10,0
39.3333,-0.6170,-40.901,-0.000,-0.062,0.091,0.0,1,1.633,4752,8,0
39.3500,-0.6179,-40.881,-0.000,-0.047,0.091,0.0,1,1.634,4797,7,0
39.3667,-0.6185,-40.860,-0.000,-0.030,0.091,0.0,1,1.634,4823,6,0
39.3833,-0.6189,-40.839,-0.000,-0.013,0.091,0.0,1,1.634,4842,7,0
39.4000,-0.6190,-40.817,-0.000,0.004,0.091,0.0,1,1.634,4845,8,0
39.4167,-0.6187,-40.796,-0.000,0.021,0.091,0.0,1,1.633,4833,10,0
39.4333,-0.6182,-40.774,-0.001,0.038,0.091,0.0,1,1.632,4810,13,0
39.4500,-0.6175,-40.753,-0.001,0.053,0.090,0.0,1,1.631,4771,16,0
39.4667,-0.6165,-40.732,-0.001,0.066,0.090,0.0,1,1.629,4718,19,0
39.4833,-0.6153,-40.712,-0.001,0.077,0.089,0.0,1,1.628,4653,21,0
39.5000,-0.6139,-40.692,-0.000,0.086,0.088,0.0,1,1.626,4580,24,0
39.5167,-0.6124,-40.673,-0.000,0.092,0.087,0.0,1,1.624,4513,25,0
39.5333,-0.6109,-40.655,-0.000,0.096,0.087,0.0,1,1.622,4430,25,0
39.5500,-0.6093,-40.638,-0.000,0.096,0.086,0.0,1,1.620,4345,25,0
39.5667,-0.6077,-40.622,0.000,0.094,0.085,0.0,1,1.618,4261,24,0
39.5833,-0.6062,-40.608,0.000,0.089,0.084,0.0,1,1.616,4194,22,0
39.6000,-0.6047,-40.595,0.000,0.081,0.084,0.0,1,1.614,4119,20,0
39.6167,-0.6035,-40.585,0.000,0.071,0.083,0.0,1,1.613,4052,17,0
39.6333,-0.6024,-40.576,0.000,0.059,0.083,0.0,1,1.612,3995,14,0
39.6500,-0.6015,-40.570,0.000,0.046,0.082,0.0,1,1.611,3956,12,0
39.6667,-0.6009,-40.566,0.000,0.031,0.082,0.0,1,1.610,3920,9,0
39.6833,-0.6005,-40.564,0.000,0.016,0.082,0.0,1,1.609,3898,7,0
39.7000,-0.6003,-40.565,0.000,-0.000,0.081,0.0,1,1.609,3889,5,0
39.7167,-0.6005,-40.568,-0.000,-0.016,0.081,0.0,1,1.610,3893,4,0
39.7333,-0.6009,-40.574,-0.000,-0.032,0.081,0.0,1,1.610,3908,3,0
39.7500,-0.6015,-40.582,-0.000,-0.046,0.081,0.0,1,1.611,3937,3,0
39.7667,-0.6024,-40.592,-0.000,-0.060,0.081,0.0,1,1.612,3979,4,0
39.7833,-0.6035,-40.604,-0.000,-0.072,0.081,0.0,1,1.613,4032,4,0
39.8000,-0.6048,-40.619,-0.001,-0.082,0.081,0.0,1,1.615,4085,5,0
39.8167,-0.6062,-40.634,-0.001,-0.089,0.081,0.0,1,1.617,4155,6,0
39.8333,-0.6078,-40.651,-0.001,-0.094,0.081,0.0,1,1.619,4232,7,0
39.8500,-0.6094,-40.670,-0.001,-0.096,0.082,0.0,1,1.621,4313,7,0
39.8667,-0.6110,-40.689,-0.000,-0.096,0.082,0.0,1,1.623,4382,7,0
39.8833,-0.6126,-40.709,-0.000,-0.093,0.082,0.0,1,1.625,4464,6,0
39.9000,-0.6141,-40.729,-0.000,-0.087,0.082,0.0,1,1.627,4543,5,0
39.9167,-0.6154,-40.750,-0.000,-0.078,0.082,0.0,1,1.629,4616,4,0
39.9333,-0.6167,-40.771,-0.000,-0.068,0.082,0.0,1,1.630,4680,3,0
39.9500,-0.6177,-40.792,-0.000,-0.055,0.082,0.0,1,1.632,4726,3,0
39.9667,-0.6185,-40.812,0.000,-0.041,0.082,0.0,1,1.633,4770,3,0
39.9833,-0.6190,-40.832,0.000,-0.025,0.082,0.0,1,1.634,4800,3,0
40.0000,-0.6193,-40.851,0.000,-0.009,0.082,0.0,1,1.635,4817,4,0