t,heave,pitch,roll,vy,gs,thrust,running,propDepth,buoy,drag,crashed
0.0167,2.0075,-0.511,0.000,-2.421,15.002,0.0,1,-2.073,0,0,0
0.0333,1.9662,-0.515,-0.000,-2.541,15.005,0.0,1,-2.031,0,0,0
0.0500,1.9228,-0.526,-0.000,-2.659,15.008,0.0,1,-1.987,0,0,0
0.0667,1.8775,-0.539,-0.000,-2.776,15.011,0.0,1,-1.941,0,0,0
0.0833,1.8303,-0.560,-0.000,-2.890,15.015,0.0,1,-1.893,0,0,0
0.1000,1.7812,-0.591,-0.000,-3.003,15.020,0.0,1,-1.843,0,0,0
0.1167,1.7302,-0.634,-0.000,-3.115,15.025,0.0,1,-1.792,0,0,0
0.1333,1.6773,-0.692,-0.000,-3.225,15.030,0.0,1,-1.738,0,0,0
0.1500,1.6227,-0.755,0.000,-3.335,15.036,0.0,1,-1.682,0,0,0
0.1667,1.5662,-0.822,0.000,-3.444,15.042,0.0,1,-1.623,0,0,0
0.1833,1.5082,-0.889,0.000,-3.427,15.047,0.0,1,-1.563,,0,0
0.2000,1.4550,-0.920,0.000,-2.942,15.039,0.0,1,-1.504,,0,0
0.2167,1.4109,-0.846,0.000,-2.321,15.012,0.0,1,-1.457,,0,0
0.2333,1.3755,-0.675,0.000,-1.962,14.972,0.0,1,-1.425,,0,0
0.2500,1.3455,-0.567,0.000,-1.641,14.915,0.0,1,-1.409,,0,0
0.2667,1.3204,-0.354,0.000,-1.408,14.858,0.0,1,-1.400,,0,0
0.2833,1.2981,0.112,0.000,-1.281,14.806,0.0,1,-1.390,,0,0
0.3000,1.2774,0.763,0.000,-1.200,14.757,0.0,1,-1.382,,0,0
0.3167,1.2581,1.540,0.000,-1.119,14.706,0.0,1,-1.374,,0,0
0.3333,1.2402,2.442,0.000,-1.029,14.653,0.0,1,-1.370,,0,0
0.3500,1.2239,3.331,0.000,-0.920,14.596,0.0,1,-1.372,,0,0
0.3667,1.2097,4.096,0.000,-0.779,14.534,0.0,1,-1.378,,0,0
0.3833,1.1979,4.776,0.000,-0.641,14.467,0.0,1,-1.388,,0,0
0.4000,1.1881,5.439,0.000,-0.549,14.405,0.0,1,-1.398,,0,0
0.4167,1.1796,6.148,0.000,-0.475,14.347,0.0,1,-1.409,,0,0
0.4333,1.1725,7.005,-0.000,-0.360,14.282,0.0,1,-1.424,,0,0
0.4500,1.1678,8.037,-0.000,-0.212,14.209,0.0,1,-1.443,,0,0
0.4667,1.1654,9.119,-0.000,-0.083,14.137,0.0,1,-1.463,,0,0
0.4833,1.1648,10.190,-0.000,0.016,14.069,0.0,1,-1.483,,0,0
0.5000,1.1659,11.229,-0.000,0.118,13.998,0.0,1,-1.505,,0,0
0.5167,1.1688,12.132,-0.000,0.231,13.922,0.0,1,-1.529,,0,0
0.5333,1.1738,12.903,-0.000,0.360,13.840,0.0,1,-1.556,,0,0
0.5500,1.1809,13.661,-0.000,0.495,13.753,0.0,1,-1.586,,0,0
0.5667,1.1902,14.464,-0.000,0.622,13.665,0.0,1,-1.616,,0,0
0.5833,1.2015,15.310,-0.000,0.728,13.579,0.0,1,-1.647,,0,0
0.6000,1.2145,16.213,-0.000,0.832,13.492,0.0,1,-1.679,,0,0
0.6167,1.2293,17.142,-0.000,0.946,13.398,0.0,1,-1.713,,0,0
0.6333,1.2460,18.027,-0.000,1.054,13.303,0.0,1,-1.747,,0,0
0.6500,1.2644,18.818,-0.000,1.147,13.210,0.0,1,-1.782,,0,0
0.6667,1.2842,19.506,-0.000,1.224,13.121,0.0,1,-1.817,,0,0
0.6833,1.3051,20.099,-0.000,1.291,13.033,0.0,1,-1.854,,0,0
0.7000,1.3272,20.639,-0.000,1.356,12.944,0.0,1,-1.891,,0,0
0.7167,1.3503,21.173,-0.000,1.407,12.857,0.0,1,-1.929,,0,0
0.7333,1.3741,21.724,-0.000,1.446,12.774,0.0,1,-1.966,,0,0
0.7500,1.3984,22.293,-0.000,1.470,12.696,0.0,1,-2.002,,0,0
0.7667,1.4230,22.858,-0.000,1.477,12.624,0.0,1,-2.036,,0,0
0.7833,1.4475,23.373,-0.000,1.468,12.557,0.0,1,-2.070,,0,0
0.8000,1.4719,23.812,-0.000,1.452,12.493,0.0,1,-2.103,,0,0
0.8167,1.4959,24.180,-0.000,1.424,12.432,0.0,1,-2.136,,0,0
0.8333,1.5192,24.470,-0.000,1.381,12.375,0.0,1,-2.168,,0,0
0.8500,1.5418,24.701,-0.000,1.322,12.325,0.0,1,-2.198,,0,0
0.8667,1.5632,24.922,-0.000,1.243,12.278,0.0,1,-2.226,,0,0
0.8833,1.5832,25.163,-0.000,1.153,12.235,0.0,1,-2.253,,0,0
0.9000,1.6015,25.418,-0.000,1.051,12.197,0.0,1,-2.276,,0,0
0.9167,1.6181,25.682,-0.000,0.940,12.164,0.0,1,-2.296,,0,0
0.9333,1.6328,25.946,-0.000,0.821,12.135,0.0,1,-2.314,,0,0
0.9500,1.6455,26.172,-0.000,0.698,12.108,0.0,1,-2.330,,0,0
0.9667,1.6560,26.330,-0.000,0.571,12.082,0.0,1,-2.345,,0,0
0.9833,1.6645,26.427,-0.000,0.442,12.059,0.0,1,-2.358,,0,0
1.0000,1.6707,26.492,-0.000,0.311,12.036,0.0,1,-2.368,,0,0
1.0167,1.6748,26.553,-0.000,0.179,12.013,0.0,1,-2.374,,0,0
1.0333,1.6767,26.637,-0.000,0.046,11.991,0.0,1,-2.378,,0,0
1.0500,1.6763,26.759,-0.000,-0.086,11.969,0.0,1,-2.379,,0,0
1.0667,1.6738,26.909,-0.000,-0.217,11.946,0.0,1,-2.378,,0,0
1.0833,1.6691,27.056,-0.000,-0.346,11.922,0.0,1,-2.375,,0,0
1.1000,1.6623,27.161,-0.000,-0.473,11.898,0.0,1,-2.369,,0,0
1.1167,1.6533,27.202,-0.000,-0.596,11.871,0.0,1,-2.362,,0,0
1.1333,1.6424,27.187,-0.000,-0.716,11.843,0.0,1,-2.351,,0,0
1.1500,1.6295,27.140,-0.000,-0.828,11.811,0.0,1,-2.339,,0,0
1.1667,1.6149,27.089,-0.000,-0.926,11.770,0.0,1,-2.324,,0,0
1.1833,1.5989,27.063,-0.000,-0.981,11.705,0.0,1,-2.307,,0,0
1.2000,1.5824,27.061,-0.000,-0.990,11.611,0.0,1,-2.287,,0,0
1.2167,1.5659,27.001,-0.000,-0.985,11.511,0.0,1,-2.263,,0,0
1.2333,1.5496,26.751,-0.000,-0.980,11.412,0.0,1,-2.235,,0,0
1.2500,1.5333,26.191,-0.000,-0.969,11.313,0.0,1,-2.205,,0,0
1.2667,1.5173,25.305,-0.000,-0.947,11.211,0.0,1,-2.172,,0,0
1.2833,1.5017,24.181,-0.000,-0.924,11.111,0.0,1,-2.138,,0,0
1.3000,1.4865,22.956,-0.000,-0.903,11.015,0.0,1,-2.103,,0,0
1.3167,1.4716,21.753,-0.000,-0.896,10.930,0.0,1,-2.066,,0,0
1.3333,1.4566,20.635,-0.000,-0.904,10.854,0.0,1,-2.027,,0,0
1.3500,1.4413,19.606,-0.000,-0.925,10.787,0.0,1,-1.985,,0,0
1.3667,1.4257,18.605,-0.000,-0.947,10.725,0.0,1,-1.943,,0,0
1.3833,1.4099,17.563,-0.000,-0.954,10.664,0.0,1,-1.900,,0,0
1.4000,1.3941,16.434,-0.000,-0.941,10.604,0.0,1,-1.856,,0,0
1.4167,1.3785,15.213,-0.000,-0.924,10.549,0.0,1,-1.813,,0,0
1.4333,1.3634,13.924,-0.000,-0.894,10.494,0.0,1,-1.770,,0,0
1.4500,1.3487,12.625,-0.000,-0.868,10.445,0.0,1,-1.728,,0,0
1.4667,1.3346,11.376,-0.000,-0.820,10.395,0.0,1,-1.687,,0,0
1.4833,1.3214,10.205,-0.000,-0.761,10.347,0.0,1,-1.647,,0,0
1.5000,1.3093,9.114,-0.000,-0.688,10.299,0.0,1,-1.608,,0,0
1.5167,1.2985,8.086,-0.000,-0.612,10.254,0.0,1,-1.569,,0,0
1.5333,1.2890,7.088,-0.000,-0.526,10.209,0.0,1,-1.533,,0,0
1.5500,1.2809,6.106,-0.000,-0.446,10.166,0.0,1,-1.501,,0,0
1.5667,1.2741,5.139,-0.000,-0.369,10.123,0.0,1,-1.473,,0,0
1.5833,1.2685,4.219,-0.000,-0.304,10.081,0.0,1,-1.449,,0,0
1.6000,1.2639,3.384,-0.000,-0.254,10.040,0.0,1,-1.427,,0,0
1.6167,1.2600,2.673,-0.000,-0.215,9.999,0.0,1,-1.408,,0,0
1.6333,1.2567,2.096,-0.000,-0.188,9.959,0.0,1,-1.390,,0,0
1.6500,1.2537,1.642,-0.000,-0.168,9.919,0.0,1,-1.374,,0,0
1.6667,1.2511,1.285,-0.000,-0.150,9.879,0.0,1,-1.360,,0,0
1.6833,1.2486,0.986,-0.000,-0.140,9.839,0.0,1,-1.348,,0,0
1.7000,1.2464,0.714,-0.000,-0.132,9.799,0.0,1,-1.339,,0,0
1.7167,1.2441,0.466,-0.000,-0.140,9.763,0.0,1,-1.332,,0,0
1.7333,1.2417,0.251,-0.000,-0.150,9.726,0.0,1,-1.327,,0,0
1.7500,1.2391,0.092,-0.000,-0.164,9.690,0.0,1,-1.322,,0,0
1.7667,1.2362,0.020,-0.000,-0.183,9.655,0.0,1,-1.318,,0,0
1.7833,1.2330,0.045,-0.000,-0.201,9.619,0.0,1,-1.315,,0,0
1.8000,1.2295,0.161,-0.000,-0.219,9.582,0.0,1,-1.313,,0,0
1.8167,1.2257,0.350,-0.000,-0.236,9.546,0.0,1,-1.311,,0,0
1.8333,1.2216,0.575,-0.000,-0.255,9.510,0.0,1,-1.311,,0,0
1.8500,1.2172,0.808,-0.000,-0.274,9.475,0.0,1,-1.313,,0,0
1.8667,1.2124,1.044,-0.000,-0.295,9.439,0.0,1,-1.315,,0,0
1.8833,1.2074,1.293,-0.000,-0.316,9.404,0.0,1,-1.318,,0,0
1.9000,1.2019,1.575,-0.000,-0.338,9.369,0.0,1,-1.320,,0,0
1.9167,1.1961,1.917,-0.000,-0.359,9.334,0.0,1,-1.323,,0,0
1.9333,1.1900,2.339,-0.000,-0.372,9.297,0.0,1,-1.327,,0,0
1.9500,1.1837,2.831,-0.000,-0.382,9.260,0.0,1,-1.331,,0,0
1.9667,1.1773,3.368,-0.000,-0.390,9.222,0.0,1,-1.335,,0,0
1.9833,1.1707,3.917,-0.000,-0.398,9.185,0.0,1,-1.341,,0,0
2.0000,1.1640,4.453,-0.000,-0.404,9.148,0.0,1,-1.347,,0,0
2.0167,1.1572,4.976,-0.000,-0.409,9.110,0.0,1,-1.354,,0,0
2.0333,1.1504,5.494,-0.000,-0.413,9.073,0.0,1,-1.361,,0,0
2.0500,1.1435,6.038,-0.000,-0.408,9.032,0.0,1,-1.369,,0,0
2.0667,1.1368,6.626,-0.000,-0.399,8.990,0.0,1,-1.376,,0,0
2.0833,1.1302,7.267,-0.000,-0.388,8.948,0.0,1,-1.385,,0,0
2.1000,1.1239,7.945,-0.000,-0.374,8.904,0.0,1,-1.394,,0,0
2.1167,1.1178,8.638,-0.000,-0.356,8.859,0.0,1,-1.403,,0,0
2.1333,1.1120,9.322,-0.000,-0.338,8.813,0.0,1,-1.412,,0,0
2.1500,1.1066,9.978,-0.000,-0.312,8.764,0.0,1,-1.423,,0,0
2.1667,1.1017,10.609,-0.000,-0.283,8.713,0.0,1,-1.433,,0,0
2.1833,1.0972,11.234,-0.000,-0.253,8.660,0.0,1,-1.445,,0,0
2.2000,1.0932,11.869,-0.000,-0.221,8.605,0.0,1,-1.457,,0,0
2.2167,1.0898,12.527,-0.000,-0.189,8.549,0.0,1,-1.469,,0,0
2.2333,1.0869,13.210,-0.000,-0.159,8.492,0.0,1,-1.482,,0,0
2.2500,1.0846,13.906,-0.000,-0.121,8.431,0.0,1,-1.495,,0,0
2.2667,1.0835,14.591,-0.000,0.002,8.342,0.0,1,-1.508,,0,0
2.2833,1.0847,15.242,-0.000,0.129,8.249,0.0,1,-1.520,,0,0
2.3000,1.0877,15.759,-0.000,0.235,8.163,0.0,1,-1.529,,0,0
2.3167,1.0923,16.039,-0.000,0.314,8.085,0.0,1,-1.538,,0,0
2.3333,1.0981,16.015,-0.000,0.378,8.010,0.0,1,-1.545,,0,0
2.3500,1.1050,15.787,-0.000,0.439,7.936,0.0,1,-1.552,,0,0
2.3667,1.1127,15.460,-0.000,0.492,7.866,0.0,1,-1.559,,0,0
2.3833,1.1213,15.147,-0.000,0.524,7.804,0.0,1,-1.565,,0,0
2.4000,1.1301,14.893,0.000,0.528,7.749,0.0,1,-1.569,,0,0
2.4167,1.1388,14.705,-0.000,0.521,7.699,0.0,1,-1.571,,0,0
2.4333,1.1474,14.562,-0.000,0.509,7.652,0.0,1,-1.572,,0,0
2.4500,1.1557,14.375,-0.000,0.491,7.607,0.0,1,-1.572,,0,0
2.4667,1.1637,14.089,-0.000,0.467,7.564,0.0,1,-1.572,,0,0
2.4833,1.1713,13.688,-0.000,0.438,7.522,0.0,1,-1.571,,0,0
2.5000,1.1783,13.193,-0.000,0.402,7.482,0.0,1,-1.569,,0,0
2.5167,1.1846,12.661,-0.000,0.359,7.445,0.0,1,-1.567,,0,0
2.5333,1.1902,12.151,-0.000,0.314,7.410,0.0,1,-1.564,,0,0
2.5500,1.1951,11.713,-0.000,0.272,7.374,0.0,1,-1.560,,0,0
2.5667,1.1993,11.352,-0.000,0.231,7.339,0.0,1,-1.554,,0,0
2.5833,1.2028,11.032,-0.000,0.186,7.306,0.0,1,-1.546,,0,0
2.6000,1.2055,10.708,-0.000,0.137,7.274,0.0,1,-1.537,,0,0
2.6167,1.2074,10.341,-0.000,0.090,7.242,0.0,1,-1.529,,0,0
2.6333,1.2085,9.911,-0.000,0.047,7.211,0.0,1,-1.520,,0,0
2.6500,1.2089,9.428,-0.000,0.004,7.181,0.0,1,-1.512,,0,0
2.6667,1.2086,8.940,-0.000,-0.037,7.153,0.0,1,-1.504,,0,0
2.6833,1.2077,8.498,-0.000,-0.075,7.125,0.0,1,-1.495,,0,0
2.7000,1.2062,8.136,-0.000,-0.111,7.098,0.0,1,-1.485,,0,0
2.7167,1.2040,7.859,-0.000,-0.143,7.070,0.0,1,-1.475,,0,0
2.7333,1.2014,7.646,-0.000,-0.169,7.042,0.0,1,-1.464,,0,0
2.7500,1.1984,7.465,-0.000,-0.193,7.014,0.0,1,-1.454,,0,0
2.7667,1.1950,7.271,-0.000,-0.215,6.986,0.0,1,-1.444,,0,0
2.7833,1.1912,7.037,-0.000,-0.235,6.957,0.0,1,-1.436,,0,0
2.8000,1.1872,6.778,-0.000,-0.252,6.928,0.0,1,-1.428,,0,0
2.8167,1.1828,6.528,-0.000,-0.273,6.901,0.0,1,-1.420,,0,0
2.8333,1.1781,6.322,-0.000,-0.289,6.872,0.0,1,-1.413,,0,0
2.8500,1.1732,6.192,-0.000,-0.302,6.842,0.0,1,-1.405,,0,0
2.8667,1.1681,6.152,-0.000,-0.313,6.813,0.0,1,-1.397,,0,0
2.8833,1.1628,6.182,-0.000,-0.321,6.782,0.0,1,-1.390,,0,0
2.9000,1.1574,6.238,-0.000,-0.326,6.752,0.0,1,-1.384,,0,0
2.9167,1.1519,6.287,-0.000,-0.329,6.720,0.0,1,-1.378,,0,0
2.9333,1.1464,6.314,-0.000,-0.330,6.689,0.0,1,-1.374,,0,0
2.9500,1.1409,6.324,-0.000,-0.332,6.657,0.0,1,-1.371,,0,0
2.9667,1.1354,6.345,-0.000,-0.333,6.624,0.0,1,-1.368,,0,0
2.9833,1.1298,6.417,-0.000,-0.333,6.591,0.0,1,-1.366,,0,0
3.0000,1.1243,6.563,-0.000,-0.331,6.558,0.0,1,-1.364,,0,0
3.0167,1.1188,6.787,-0.000,-0.327,6.524,0.0,1,-1.362,,0,0
3.0333,1.1134,7.065,-0.000,-0.320,6.489,0.0,1,-1.362,,0,0
3.0500,1.1082,7.362,-0.000,-0.300,6.451,0.0,1,-1.362,,0,0
3.0667,1.1035,7.646,-0.000,-0.263,6.411,0.0,1,-1.362,,0,0
3.0833,1.0996,7.889,-0.000,-0.208,6.369,0.0,1,-1.363,,0,0
3.1000,1.0967,8.071,-0.000,-0.139,6.325,0.0,1,-1.364,,0,0
3.1167,1.0950,8.186,-0.000,-0.067,6.281,0.0,1,-1.365,,0,0
3.1333,1.0943,8.241,-0.000,-0.023,6.237,0.0,1,-1.367,,0,0
3.1500,1.0942,8.243,-0.000,0.010,6.194,0.0,1,-1.368,,0,0
3.1667,1.0946,8.216,-0.000,0.041,6.152,0.0,1,-1.370,,0,0
3.1833,1.0955,8.194,-0.000,0.071,6.110,0.0,1,-1.371,,0,0
3.2000,1.0970,8.196,-0.000,0.102,6.070,0.0,1,-1.372,,0,0
3.2167,1.0989,8.212,-0.000,0.133,6.031,0.0,1,-1.374,,0,0
3.2333,1.1014,8.218,-0.000,0.164,5.994,0.0,1,-1.374,,0,0
3.2500,1.1044,8.182,-0.000,0.192,5.957,0.0,1,-1.375,,0,0
3.2667,1.1078,8.094,-0.000,0.218,5.921,0.0,1,-1.376,,0,0
3.2833,1.1116,7.948,-0.000,0.238,5.886,0.0,1,-1.377,,0,0
3.3000,1.1157,7.757,-0.000,0.254,5.853,0.0,1,-1.378,,0,0
3.3167,1.1201,7.554,-0.000,0.268,5.820,0.0,1,-1.379,,0,0
3.3333,1.1247,7.360,-0.000,0.282,5.788,0.0,1,-1.380,,0,0
3.3500,1.1295,7.180,-0.000,0.295,5.758,0.0,1,-1.381,,0,0
3.3667,1.1345,7.008,-0.000,0.302,5.728,0.0,1,-1.380,,0,0
3.3833,1.1395,6.828,-0.000,0.305,5.699,0.0,1,-1.380,,0,0
3.4000,1.1446,6.622,-0.000,0.301,5.670,0.0,1,-1.379,,0,0
3.4167,1.1495,6.380,-0.000,0.289,5.641,0.0,1,-1.379,,0,0
3.4333,1.1542,6.112,-0.000,0.270,5.614,0.0,1,-1.378,,0,0
3.4500,1.1585,5.841,-0.000,0.245,5.587,0.0,1,-1.377,,0,0
3.4667,1.1623,5.590,-0.000,0.216,5.560,0.0,1,-1.377,,0,0
3.4833,1.1657,5.376,-0.000,0.186,5.535,0.0,1,-1.376,,0,0
3.5000,1.1685,5.207,-0.000,0.153,5.510,0.0,1,-1.374,,0,0
3.5167,1.1708,5.079,-0.000,0.118,5.486,0.0,1,-1.372,,0,0
3.5333,1.1724,4.977,-0.000,0.083,5.463,0.0,1,-1.370,,0,0
3.5500,1.1735,4.884,-0.000,0.048,5.440,0.0,1,-1.368,,0,0
3.5667,1.1740,4.793,-0.000,0.010,5.418,0.0,1,-1.366,,0,0
3.5833,1.1738,4.706,-0.000,-0.028,5.397,0.0,1,-1.365,,0,0
3.6000,1.1731,4.629,-0.000,-0.065,5.376,0.0,1,-1.363,,0,0
3.6167,1.1717,4.575,-0.000,-0.099,5.355,0.0,1,-1.362,,0,0
3.6333,1.1698,4.558,-0.000,-0.131,5.333,0.0,1,-1.360,,0,0
3.6500,1.1674,4.583,-0.000,-0.158,5.311,0.0,1,-1.357,,0,0
3.6667,1.1645,4.647,-0.000,-0.178,5.289,0.0,1,-1.355,,0,0
3.6833,1.1615,4.736,-0.000,-0.191,5.266,0.0,1,-1.353,,0,0
3.7000,1.1582,4.835,-0.000,-0.199,5.242,0.0,1,-1.351,,0,0
3.7167,1.1549,4.928,-0.000,-0.202,5.219,0.0,1,-1.349,,0,0
3.7333,1.1515,5.005,-0.000,-0.199,5.194,0.0,1,-1.348,,0,0
3.7500,1.1482,5.064,-0.000,-0.192,5.169,0.0,1,-1.347,,0,0
3.7667,1.1452,5.116,-0.000,-0.178,5.143,0.0,1,-1.346,,0,0
3.7833,1.1423,5.168,-0.000,-0.162,5.116,0.0,1,-1.344,,0,0
3.8000,1.1397,5.220,-0.000,-0.149,5.088,0.0,1,-1.342,,0,0
3.8167,1.1374,5.268,-0.000,-0.136,5.060,0.0,1,-1.341,,0,0
3.8333,1.1352,5.310,-0.000,-0.117,5.032,0.0,1,-1.339,,0,0
3.8500,1.1335,5.342,-0.000,-0.092,5.005,0.0,1,-1.338,,0,0
3.8667,1.1322,5.361,-0.000,-0.062,4.978,0.0,1,-1.337,,0,0
3.8833,1.1315,5.362,-0.000,-0.030,4.951,0.0,1,-1.336,,0,0
3.9000,1.1312,5.341,-0.000,0.003,4.926,0.0,1,-1.336,,0,0
3.9167,1.1316,5.297,-0.000,0.038,4.900,0.0,1,-1.335,,0,0
3.9333,1.1325,5.234,-0.000,0.072,4.876,0.0,1,-1.334,,0,0
3.9500,1.1340,5.153,-0.000,0.108,4.852,0.0,1,-1.334,,0,0
3.9667,1.1361,5.056,-0.000,0.143,4.829,0.0,1,-1.333,,0,0
3.9833,1.1388,4.943,-0.000,0.177,4.807,0.0,1,-1.333,,0,0
4.0000,1.1420,4.809,-0.000,0.208,4.785,0.0,1,-1.333,,0,0
4.0167,1.1457,4.651,-0.000,0.234,4.763,0.0,1,-1.333,,0,0
4.0333,1.1497,4.471,-0.000,0.254,4.743,0.0,1,-1.333,,0,0
4.0500,1.1541,4.276,-0.000,0.269,4.722,0.0,1,-1.333,,0,0
4.0667,1.1587,4.073,-0.000,0.276,4.702,0.0,1,-1.334,,0,0
4.0833,1.1633,3.873,-0.000,0.276,4.682,0.0,1,-1.334,,0,0
4.1000,1.1678,3.685,-0.000,0.269,4.664,0.0,1,-1.334,,0,0
4.1167,1.1722,3.513,-0.000,0.254,4.646,0.0,1,-1.334,,0,0
4.1333,1.1762,3.356,-0.000,0.234,4.630,0.0,1,-1.335,,0,0
4.1500,1.1799,3.216,-0.000,0.209,4.613,0.0,1,-1.335,,0,0
4.1667,1.1832,3.096,-0.000,0.179,4.596,0.0,1,-1.336,,0,0
4.1833,1.1859,2.998,-0.000,0.146,4.580,0.0,1,-1.336,,0,0
4.2000,1.1880,2.925,-0.000,0.111,4.564,0.0,1,-1.337,,0,0
4.2167,1.1896,2.876,-0.000,0.075,4.548,0.0,1,-1.337,,0,0
4.2333,1.1905,2.853,-0.000,0.039,4.532,0.0,1,-1.337,,0,0
4.2500,1.1909,2.851,-0.000,0.002,4.516,0.0,1,-1.338,,0,0
4.2667,1.1906,2.868,-0.000,-0.035,4.500,0.0,1,-1.338,,0,0
4.2833,1.1897,2.903,-0.000,-0.070,4.484,0.0,1,-1.338,,0,0
4.3000,1.1883,2.958,-0.000,-0.103,4.468,0.0,1,-1.338,,0,0
4.3167,1.1863,3.034,-0.000,-0.132,4.453,0.0,1,-1.337,,0,0
4.3333,1.1839,3.133,-0.000,-0.158,4.437,0.0,1,-1.337,,0,0
4.3500,1.1811,3.251,-0.000,-0.176,4.420,0.0,1,-1.337,,0,0
4.3667,1.1780,3.385,-0.000,-0.186,4.404,0.0,1,-1.337,,0,0
4.3833,1.1749,3.526,-0.000,-0.188,4.387,0.0,1,-1.336,,0,0
4.4000,1.1718,3.659,-0.000,-0.184,4.370,0.0,1,-1.336,,0,0
4.4167,1.1688,3.774,-0.000,-0.174,4.353,0.0,1,-1.335,,0,0
4.4333,1.1660,3.861,-0.000,-0.161,4.335,0.0,1,-1.334,,0,0
4.4500,1.1635,3.921,-0.000,-0.146,4.316,0.0,1,-1.333,,0,0
4.4667,1.1611,3.960,-0.000,-0.134,4.297,0.0,1,-1.332,,0,0
4.4833,1.1590,3.985,0.000,-0.117,4.278,0.0,1,-1.331,,0,0
4.5000,1.1573,4.008,0.000,-0.093,4.259,0.0,1,-1.331,,0,0
4.5167,1.1560,4.038,0.000,-0.062,4.240,0.0,1,-1.330,,0,0
4.5333,1.1552,4.069,0.000,-0.028,4.222,0.0,1,-1.329,,0,0
4.5500,1.1551,4.085,0.000,0.009,4.205,0.0,1,-1.328,,0,0
4.5667,1.1555,4.068,0.000,0.046,4.188,0.0,1,-1.328,,0,0
4.5833,1.1566,4.009,0.000,0.082,4.171,0.0,1,-1.327,,0,0
4.6000,1.1583,3.909,0.000,0.116,4.155,0.0,1,-1.327,,0,0
4.6167,1.1605,3.777,0.000,0.147,4.140,0.0,1,-1.327,,0,0
4.6333,1.1631,3.629,0.000,0.174,4.125,0.0,1,-1.327,,0,0
4.6500,1.1662,3.482,0.000,0.198,4.112,0.0,1,-1.327,,0,0
4.6667,1.1697,3.343,0.000,0.217,4.099,0.0,1,-1.327,,0,0
4.6833,1.1734,3.212,0.000,0.230,4.086,0.0,1,-1.328,,0,0
4.7000,1.1773,3.083,0.000,0.237,4.074,0.0,1,-1.328,,0,0
4.7167,1.1813,2.950,0.000,0.237,4.062,0.0,1,-1.328,,0,0
4.7333,1.1852,2.810,0.000,0.231,4.049,0.0,1,-1.329,,0,0
4.7500,1.1889,2.665,0.000,0.217,4.037,0.0,1,-1.330,,0,0
4.7667,1.1924,2.525,0.000,0.199,4.025,0.0,1,-1.331,,0,0
4.7833,1.1956,2.402,0.000,0.177,4.013,0.0,1,-1.332,,0,0
4.8000,1.1983,2.304,0.000,0.153,4.001,0.0,1,-1.332,,0,0
4.8167,1.2006,2.236,0.000,0.125,3.989,0.0,1,-1.333,,0,0
4.8333,1.2025,2.195,0.000,0.095,3.978,0.0,1,-1.333,,0,0
4.8500,1.2038,2.176,0.000,0.064,3.966,0.0,1,-1.333,,0,0
4.8667,1.2046,2.168,0.000,0.031,3.954,0.0,1,-1.334,,0,0
4.8833,1.2048,2.166,0.000,-0.002,3.942,0.0,1,-1.334,,0,0
4.9000,1.2045,2.170,0.000,-0.035,3.929,0.0,1,-1.334,,0,0
4.9167,1.2037,2.184,0.000,-0.067,3.917,0.0,1,-1.334,,0,0
4.9333,1.2023,2.215,0.000,-0.097,3.905,0.0,1,-1.334,,0,0
4.9500,1.2004,2.271,0.000,-0.124,3.893,0.0,1,-1.334,,0,0
4.9667,1.1982,2.355,0.000,-0.147,3.881,0.0,1,-1.333,,0,0
4.9833,1.1956,2.463,0.000,-0.165,3.869,0.0,1,-1.332,,0,0
5.0000,1.1927,2.584,0.000,-0.177,3.857,0.0,1,-1.332,,0,0
5.0167,1.1897,2.708,0.000,-0.182,3.845,0.0,1,-1.331,,0,0
5.0333,1.1867,2.824,0.000,-0.178,3.832,0.0,1,-1.330,,0,0
5.0500,1.1838,2.923,0.000,-0.170,3.819,0.0,1,-1.329,,0,0
5.0667,1.1811,2.998,0.000,-0.157,3.807,0.0,1,-1.329,,0,0
5.0833,1.1786,3.051,0.000,-0.141,3.794,0.0,1,-1.328,,0,0
5.1000,1.1764,3.085,0.000,-0.123,3.782,0.0,1,-1.327,,0,0
5.1167,1.1745,3.110,0.000,-0.107,3.769,0.0,1,-1.325,,0,0
5.1333,1.1729,3.132,0.000,-0.088,3.757,0.0,1,-1.325,,0,0
5.1500,1.1716,3.156,0.000,-0.065,3.745,0.0,1,-1.324,,0,0
5.1667,1.1707,3.182,0.000,-0.039,3.734,0.0,1,-1.323,,0,0
5.1833,1.1703,3.205,0.000,-0.012,3.723,0.0,1,-1.323,,0,0
5.2000,1.1703,3.212,0.000,0.016,3.712,0.0,1,-1.323,,0,0
5.2167,1.1708,3.196,0.000,0.043,3.702,0.0,1,-1.323,,0,0
5.2333,1.1717,3.154,0.000,0.068,3.691,0.0,1,-1.323,,0,0
5.2500,1.1731,3.091,0.000,0.092,3.681,0.0,1,-1.323,,0,0
5.2667,1.1748,3.017,0.000,0.115,3.671,0.0,1,-1.323,,0,0
5.2833,1.1769,2.940,0.000,0.135,3.662,0.0,1,-1.324,,0,0
5.3000,1.1793,2.866,0.000,0.152,3.652,0.0,1,-1.325,,0,0
5.3167,1.1820,2.793,0.000,0.166,3.643,0.0,1,-1.326,,0,0
5.3333,1.1848,2.717,0.000,0.176,3.634,0.0,1,-1.326,,0,0
5.3500,1.1878,2.634,0.000,0.181,3.625,0.0,1,-1.327,,0,0
5.3667,1.1908,2.543,-0.000,0.181,3.616,0.0,1,-1.328,,0,0
5.3833,1.1938,2.447,-0.000,0.177,3.608,0.0,1,-1.329,,0,0
5.4000,1.1967,2.352,-0.000,0.170,3.599,0.0,1,-1.330,,0,0
5.4167,1.1994,2.266,-0.000,0.159,3.590,0.0,1,-1.331,,0,0
5.4333,1.2020,2.194,-0.000,0.145,3.582,0.0,1,-1.332,,0,0
5.4500,1.2043,2.135,-0.000,0.129,3.573,0.0,1,-1.333,,0,0
5.4667,1.2062,2.088,-0.000,0.110,3.564,0.0,1,-1.334,,0,0
5.4833,1.2079,2.049,-0.000,0.089,3.556,0.0,1,-1.334,,0,0
5.5000,1.2092,2.018,-0.000,0.066,3.547,0.0,1,-1.335,,0,0
5.5167,1.2101,1.993,-0.000,0.042,3.538,0.0,1,-1.335,,0,0
5.5333,1.2106,1.975,-0.000,0.018,3.529,0.0,1,-1.335,,0,0
5.5500,1.2107,1.966,-0.000,-0.007,3.521,0.0,1,-1.335,,0,0
5.5667,1.2104,1.970,-0.000,-0.031,3.512,0.0,1,-1.335,,0,0
5.5833,1.2096,1.988,-0.000,-0.055,3.503,0.0,1,-1.335,,0,0
5.6000,1.2085,2.019,-0.000,-0.076,3.494,0.0,1,-1.335,,0,0
5.6167,1.2071,2.064,-0.000,-0.096,3.485,0.0,1,-1.334,,0,0
5.6333,1.2054,2.120,-0.000,-0.112,3.476,0.0,1,-1.333,,0,0
5.6500,1.2034,2.184,-0.000,-0.126,3.467,0.0,1,-1.332,,0,0
5.6667,1.2012,2.252,-0.000,-0.136,3.458,0.0,1,-1.332,,0,0
5.6833,1.1989,2.320,-0.000,-0.142,3.449,0.0,1,-1.331,,0,0
5.7000,1.1965,2.386,-0.000,-0.143,3.440,0.0,1,-1.330,,0,0
5.7167,1.1941,2.451,-0.000,-0.140,3.431,0.0,1,-1.330,,0,0
5.7333,1.1918,2.512,-0.000,-0.130,3.423,0.0,1,-1.329,,0,0
5.7500,1.1898,2.570,-0.000,-0.119,3.414,0.0,1,-1.328,,0,0
5.7667,1.1879,2.618,-0.000,-0.105,3.405,0.0,1,-1.326,,0,0
5.7833,1.1863,2.655,-0.000,-0.090,3.396,0.0,1,-1.325,,0,0
5.8000,1.1849,2.676,-0.000,-0.074,3.388,0.0,1,-1.325,,0,0
5.8167,1.1838,2.685,-0.000,-0.056,3.379,0.0,1,-1.324,,0,0
5.8333,1.1830,2.683,-0.000,-0.037,3.371,0.0,1,-1.324,,0,0
5.8500,1.1826,2.676,-0.000,-0.018,3.363,0.0,1,-1.323,,0,0
5.8667,1.1825,2.668,-0.000,0.002,3.355,0.0,1,-1.323,,0,0
5.8833,1.1826,2.658,-0.000,0.021,3.348,0.0,1,-1.323,,0,0
5.9000,1.1832,2.645,-0.000,0.041,3.340,0.0,1,-1.323,,0,0
5.9167,1.1840,2.624,-0.000,0.059,3.333,0.0,1,-1.323,,0,0
5.9333,1.1851,2.593,-0.000,0.076,3.326,0.0,1,-1.323,,0,0
5.9500,1.1865,2.547,-0.000,0.090,3.319,0.0,1,-1.323,,0,0
5.9667,1.1881,2.490,-0.000,0.102,3.312,0.0,1,-1.324,,0,0
5.9833,1.1899,2.426,-0.000,0.111,3.306,0.0,1,-1.325,,0,0
6.0000,1.1918,2.361,-0.000,0.119,3.299,0.0,1,-1.325,,0,0
6.0167,1.1938,2.301,-0.000,0.123,3.293,0.0,1,-1.326,,0,0
6.0333,1.1959,2.247,-0.000,0.126,3.286,0.0,1,-1.327,,0,0
6.0500,1.1980,2.199,-0.000,0.126,3.280,0.0,1,-1.327,,0,0
6.0667,1.2001,2.151,-0.000,0.124,3.274,0.0,1,-1.328,,0,0
6.0833,1.2021,2.100,-0.000,0.118,3.268,0.0,1,-1.329,,0,0
6.1000,1.2040,2.044,-0.000,0.110,3.262,0.0,1,-1.329,,0,0
6.1167,1.2058,1.985,-0.000,0.100,3.256,0.0,1,-1.330,,0,0
6.1333,1.2074,1.928,-0.000,0.088,3.250,0.0,1,-1.331,,0,0
6.1500,1.2087,1.880,-0.000,0.075,3.244,0.0,1,-1.331,,0,0
6.1667,1.2099,1.843,-0.000,0.060,3.237,0.0,1,-1.331,,0,0
6.1833,1.2107,1.820,-0.000,0.045,3.231,0.0,1,-1.331,,0,0
6.2000,1.2114,1.806,-0.000,0.029,3.225,0.0,1,-1.332,,0,0
6.2167,1.2117,1.798,-0.000,0.013,3.219,0.0,1,-1.331,,0,0
6.2333,1.2118,1.790,-0.000,-0.003,3.213,0.0,1,-1.331,,0,0
6.2500,1.2116,1.781,-0.000,-0.020,3.207,0.0,1,-1.331,,0,0
6.2667,1.2111,1.774,-0.000,-0.036,3.200,0.0,1,-1.331,,0,0
6.2833,1.2104,1.775,-0.000,-0.051,3.194,0.0,1,-1.330,,0,0
6.3000,1.2094,1.786,-0.000,-0.065,3.188,0.0,1,-1.329,,0,0
6.3167,1.2082,1.809,-0.000,-0.077,3.181,0.0,1,-1.329,,0,0
6.3333,1.2069,1.844,-0.000,-0.087,3.175,0.0,1,-1.328,,0,0
6.3500,1.2054,1.886,-0.000,-0.095,3.169,0.0,1,-1.327,,0,0
6.3667,1.2037,1.929,-0.000,-0.101,3.162,0.0,1,-1.326,,0,0
6.3833,1.2020,1.970,-0.000,-0.105,3.156,0.0,1,-1.325,,0,0
6.4000,1.2002,2.009,0.000,-0.106,3.150,0.0,1,-1.325,,0,0
6.4167,1.1985,2.045,0.000,-0.105,3.144,0.0,1,-1.324,,0,0
6.4333,1.1967,2.083,0.000,-0.102,3.138,0.0,1,-1.323,,0,0
6.4500,1.1951,2.124,0.000,-0.097,3.132,0.0,1,-1.323,,0,0
6.4667,1.1935,2.168,0.000,-0.089,3.125,0.0,1,-1.322,,0,0
6.4833,1.1921,2.212,0.000,-0.079,3.120,0.0,1,-1.321,,0,0
6.5000,1.1909,2.254,0.000,-0.068,3.114,0.0,1,-1.321,,0,0
6.5167,1.1899,2.289,0.000,-0.055,3.108,0.0,1,-1.321,,0,0
6.5333,1.1891,2.315,0.000,-0.042,3.102,0.0,1,-1.320,,0,0
6.5500,1.1885,2.331,0.000,-0.027,3.096,0.0,1,-1.320,,0,0
6.5667,1.1882,2.339,0.000,-0.013,3.090,0.0,1,-1.320,,0,0
6.5833,1.1881,2.341,0.000,0.002,3.085,0.0,1,-1.320,,0,0
6.6000,1.1882,2.341,0.000,0.016,3.079,0.0,1,-1.321,,0,0
6.6167,1.1886,2.338,0.000,0.030,3.074,0.0,1,-1.321,,0,0
6.6333,1.1892,2.333,0.000,0.044,3.069,0.0,1,-1.321,,0,0
6.6500,1.1901,2.324,0.000,0.057,3.063,0.0,1,-1.322,,0,0
6.6667,1.1911,2.310,0.000,0.068,3.058,0.0,1,-1.322,,0,0
6.6833,1.1923,2.287,0.000,0.078,3.053,0.0,1,-1.323,,0,0
6.7000,1.1937,2.258,0.000,0.086,3.048,0.0,1,-1.324,,0,0
6.7167,1.1952,2.222,0.000,0.092,3.043,0.0,1,-1.325,,0,0
6.7333,1.1968,2.183,0.000,0.097,3.039,0.0,1,-1.326,,0,0
6.7500,1.1984,2.143,0.000,0.100,3.034,0.0,1,-1.326,,0,0
6.7667,1.2001,2.105,0.000,0.101,3.029,0.0,1,-1.327,,0,0
6.7833,1.2018,2.069,0.000,0.100,3.025,0.0,1,-1.328,,0,0
6.8000,1.2034,2.034,0.000,0.098,3.020,0.0,1,-1.329,,0,0
6.8167,1.2050,1.999,0.000,0.094,3.015,0.0,1,-1.329,,0,0
6.8333,1.2065,1.963,0.000,0.088,3.011,0.0,1,-1.330,,0,0
6.8500,1.2080,1.924,0.000,0.081,3.006,0.0,1,-1.331,,0,0
6.8667,1.2092,1.884,0.000,0.072,3.002,0.0,1,-1.331,,0,0
6.8833,1.2103,1.846,0.000,0.062,2.997,0.0,1,-1.331,,0,0
6.9000,1.2113,1.812,0.000,0.051,2.992,0.0,1,-1.332,,0,0
6.9167,1.2120,1.786,0.000,0.039,2.988,0.0,1,-1.332,,0,0
6.9333,1.2126,1.766,0.000,0.027,2.983,0.0,1,-1.332,,0,0
6.9500,1.2129,1.751,0.000,0.015,2.979,0.0,1,-1.332,,0,0
6.9667,1.2131,1.740,0.000,0.003,2.974,0.0,1,-1.331,,0,0
6.9833,1.2130,1.730,0.000,-0.010,2.969,0.0,1,-1.331,,0,0
7.0000,1.2128,1.720,0.000,-0.022,2.965,0.0,1,-1.331,,0,0
7.0167,1.2123,1.713,0.000,-0.034,2.960,0.0,1,-1.330,,0,0
7.0333,1.2116,1.710,0.000,-0.044,2.955,0.0,1,-1.329,,0,0
7.0500,1.2108,1.714,0.000,-0.054,2.950,0.0,1,-1.329,,0,0
7.0667,1.2098,1.725,0.000,-0.063,2.946,0.0,1,-1.328,,0,0
7.0833,1.2087,1.742,0.000,-0.070,2.941,0.0,1,-1.327,,0,0
7.1000,1.2075,1.764,-0.000,-0.075,2.936,0.0,1,-1.326,,0,0
7.1167,1.2062,1.787,-0.000,-0.080,2.931,0.0,1,-1.325,,0,0
7.1333,1.2049,1.810,-0.000,-0.082,2.927,0.0,1,-1.325,,0,0
7.1500,1.2035,1.832,-0.000,-0.084,2.922,0.0,1,-1.324,,0,0
7.1667,1.2021,1.853,-0.000,-0.083,2.917,0.0,1,-1.323,,0,0
7.1833,1.2007,1.876,-0.000,-0.081,2.913,0.0,1,-1.322,,0,0
7.2000,1.1994,1.902,-0.000,-0.078,2.908,0.0,1,-1.322,,0,0
7.2167,1.1981,1.932,-0.000,-0.073,2.903,0.0,1,-1.321,,0,0
7.2333,1.1970,1.963,-0.000,-0.067,2.899,0.0,1,-1.320,,0,0
7.2500,1.1959,1.993,-0.000,-0.060,2.894,0.0,1,-1.320,,0,0
7.2667,1.1950,2.020,-0.000,-0.052,2.889,0.0,1,-1.319,,0,0
7.2833,1.1942,2.042,-0.000,-0.043,2.885,0.0,1,-1.319,,0,0
7.3000,1.1936,2.060,-0.000,-0.033,2.880,0.0,1,-1.319,,0,0
7.3167,1.1931,2.075,-0.000,-0.023,2.876,0.0,1,-1.319,,0,0
7.3333,1.1928,2.089,-0.000,-0.013,2.872,0.0,1,-1.319,,0,0
7.3500,1.1927,2.102,-0.000,-0.003,2.867,0.0,1,-1.319,,0,0
7.3667,1.1927,2.115,-0.000,0.008,2.863,0.0,1,-1.320,,0,0
7.3833,1.1929,2.124,-0.000,0.018,2.859,0.0,1,-1.320,,0,0
7.4000,1.1933,2.130,-0.000,0.027,2.854,0.0,1,-1.320,,0,0
7.4167,1.1938,2.130,-0.000,0.036,2.850,0.0,1,-1.321,,0,0
7.4333,1.1945,2.126,-0.000,0.044,2.846,0.0,1,-1.322,,0,0
7.4500,1.1953,2.118,-0.000,0.051,2.842,0.0,1,-1.322,,0,0
7.4667,1.1962,2.106,-0.000,0.058,2.838,0.0,1,-1.323,,0,0
7.4833,1.1972,2.092,-0.000,0.063,2.834,0.0,1,-1.324,,0,0
7.5000,1.1983,2.077,-0.000,0.067,2.830,0.0,1,-1.325,,0,0
7.5167,1.1994,2.061,-0.000,0.070,2.826,0.0,1,-1.325,,0,0
7.5333,1.2006,2.044,-0.000,0.071,2.822,0.0,1,-1.326,,0,0
7.5500,1.2018,2.025,-0.000,0.072,2.818,0.0,1,-1.327,,0,0
7.5667,1.2030,2.004,-0.000,0.071,2.815,0.0,1,-1.327,,0,0
7.5833,1.2042,1.981,-0.000,0.069,2.811,0.0,1,-1.328,,0,0
7.6000,1.2053,1.956,-0.000,0.066,2.807,0.0,1,-1.329,,0,0
7.6167,1.2064,1.931,-0.000,0.061,2.803,0.0,1,-1.329,,0,0
7.6333,1.2073,1.906,-0.000,0.056,2.800,0.0,1,-1.330,,0,0
7.6500,1.2082,1.883,-0.000,0.050,2.796,0.0,1,-1.330,,0,0
7.6667,1.2090,1.863,-0.000,0.043,2.792,0.0,1,-1.330,,0,0
7.6833,1.2097,1.844,-0.000,0.036,2.788,0.0,1,-1.330,,0,0
7.7000,1.2102,1.827,-0.000,0.028,2.785,0.0,1,-1.330,,0,0
7.7167,1.2106,1.810,-0.000,0.019,2.781,0.0,1,-1.330,,0,0
7.7333,1.2108,1.794,-0.000,0.011,2.777,0.0,1,-1.330,,0,0
7.7500,1.2109,1.779,-0.000,0.002,2.773,0.0,1,-1.330,,0,0
7.7667,1.2109,1.766,-0.000,-0.006,2.770,0.0,1,-1.330,,0,0
7.7833,1.2107,1.756,-0.000,-0.014,2.766,0.0,1,-1.329,,0,0
7.8000,1.2104,1.749,-0.000,-0.022,2.762,0.0,1,-1.329,,0,0
7.8167,1.2100,1.746,-0.000,-0.030,2.758,0.0,1,-1.328,,0,0
7.8333,1.2094,1.746,-0.000,-0.036,2.755,0.0,1,-1.328,,0,0
7.8500,1.2088,1.749,-0.000,-0.042,2.751,0.0,1,-1.327,,0,0
7.8667,1.2080,1.753,-0.000,-0.048,2.747,0.0,1,-1.326,,0,0
7.8833,1.2072,1.757,-0.000,-0.052,2.743,0.0,1,-1.326,,0,0
7.9000,1.2063,1.763,-0.000,-0.055,2.739,0.0,1,-1.325,,0,0
7.9167,1.2054,1.770,-0.000,-0.058,2.735,0.0,1,-1.324,,0,0
7.9333,1.2044,1.780,-0.000,-0.059,2.732,0.0,1,-1.324,,0,0
7.9500,1.2034,1.792,-0.000,-0.059,2.728,0.0,1,-1.323,,0,0
7.9667,1.2024,1.807,-0.000,-0.059,2.724,0.0,1,-1.322,,0,0
7.9833,1.2014,1.823,-0.000,-0.057,2.720,0.0,1,-1.322,,0,0
8.0000,1.2005,1.839,-0.000,-0.055,2.716,0.0,1,-1.321,,0,0
8.0167,1.1996,1.854,-0.000,-0.052,2.712,0.0,1,-1.320,,0,0
8.0333,1.1988,1.869,-0.000,-0.048,2.708,0.0,1,-1.320,,0,0
8.0500,1.1980,1.883,-0.000,-0.043,2.705,0.0,1,-1.319,,0,0
8.0667,1.1974,1.896,-0.000,-0.037,2.701,0.0,1,-1.319,,0,0
8.0833,1.1968,1.910,-0.000,-0.032,2.697,0.0,1,-1.319,,0,0
8.1000,1.1963,1.924,-0.000,-0.025,2.693,0.0,1,-1.319,,0,0
8.1167,1.1960,1.937,-0.000,-0.019,2.689,0.0,1,-1.319,,0,0
8.1333,1.1957,1.949,-0.000,-0.012,2.686,0.0,1,-1.319,,0,0
8.1500,1.1955,1.959,-0.000,-0.006,2.682,0.0,1,-1.319,,0,0
8.1667,1.1955,1.968,-0.000,0.001,2.678,0.0,1,-1.319,,0,0
8.1833,1.1956,1.974,-0.000,0.007,2.675,0.0,1,-1.319,,0,0
8.2000,1.1957,1.978,-0.000,0.013,2.671,0.0,1,-1.319,,0,0
8.2167,1.1960,1.982,-0.000,0.019,2.667,0.0,1,-1.320,,0,0
8.2333,1.1964,1.984,-0.000,0.025,2.664,0.0,1,-1.320,,0,0
8.2500,1.1968,1.985,-0.000,0.030,2.660,0.0,1,-1.321,,0,0
8.2667,1.1974,1.984,-0.000,0.034,2.657,0.0,1,-1.321,,0,0
8.2833,1.1980,1.982,-0.000,0.038,2.653,0.0,1,-1.322,,0,0
8.3000,1.1986,1.977,-0.000,0.041,2.650,0.0,1,-1.322,,0,0
8.3167,1.1993,1.971,-0.000,0.043,2.646,0.0,1,-1.323,,0,0
8.3333,1.2001,1.963,-0.000,0.044,2.643,0.0,1,-1.323,,0,0
8.3500,1.2008,1.955,-0.000,0.045,2.639,0.0,1,-1.324,,0,0
8.3667,1.2015,1.945,-0.000,0.045,2.636,0.0,1,-1.325,,0,0
8.3833,1.2023,1.935,-0.000,0.044,2.632,0.0,1,-1.325,,0,0
8.4000,1.2030,1.925,-0.000,0.043,2.629,0.0,1,-1.326,,0,0
8.4167,1.2037,1.914,-0.000,0.040,2.626,0.0,1,-1.326,,0,0
8.4333,1.2044,1.903,-0.000,0.038,2.622,0.0,1,-1.326,,0,0
8.4500,1.2050,1.892,-0.000,0.034,2.619,0.0,1,-1.327,,0,0
8.4667,1.2055,1.881,-0.000,0.030,2.616,0.0,1,-1.327,,0,0
8.4833,1.2060,1.869,-0.000,0.026,2.612,0.0,1,-1.327,,0,0
8.5000,1.2064,1.858,-0.000,0.021,2.609,0.0,1,-1.327,,0,0
8.5167,1.2067,1.848,-0.000,0.016,2.606,0.0,1,-1.327,,0,0
8.5333,1.2069,1.838,-0.000,0.011,2.602,0.0,1,-1.327,,0,0
8.5500,1.2070,1.830,-0.000,0.006,2.599,0.0,1,-1.327,,0,0
8.5667,1.2071,1.823,-0.000,0.000,2.596,0.0,1,-1.327,,0,0
8.5833,1.2070,1.817,-0.000,-0.005,2.592,0.0,1,-1.327,,0,0
8.6000,1.2069,1.812,-0.000,-0.010,2.589,0.0,1,-1.327,,0,0
8.6167,1.2067,1.808,-0.000,-0.015,2.586,0.0,1,-1.327,,0,0
8.6333,1.2064,1.805,-0.000,-0.020,2.582,0.0,1,-1.326,,0,0
8.6500,1.2060,1.803,-0.000,-0.024,2.579,0.0,1,-1.326,,0,0
8.6667,1.2056,1.802,-0.000,-0.028,2.576,0.0,1,-1.325,,0,0
8.6833,1.2051,1.802,-0.000,-0.031,2.572,0.0,1,-1.325,,0,0
8.7000,1.2046,1.804,-0.000,-0.033,2.569,0.0,1,-1.324,,0,0
8.7167,1.2040,1.807,-0.000,-0.036,2.565,0.0,1,-1.324,,0,0
8.7333,1.2034,1.812,-0.000,-0.037,2.562,0.0,1,-1.323,,0,0
8.7500,1.2028,1.817,-0.000,-0.038,2.559,0.0,1,-1.323,,0,0
8.7667,1.2021,1.822,-0.000,-0.038,2.555,0.0,1,-1.322,,0,0
8.7833,1.2015,1.827,-0.000,-0.038,2.552,0.0,1,-1.322,,0,0
8.8000,1.2009,1.833,-0.000,-0.037,2.548,0.0,1,-1.321,,0,0
8.8167,1.2003,1.840,-0.000,-0.035,2.545,0.0,1,-1.321,,0,0
8.8333,1.1997,1.846,-0.000,-0.033,2.542,0.0,1,-1.320,,0,0
8.8500,1.1992,1.854,-0.000,-0.031,2.538,0.0,1,-1.320,,0,0
8.8667,1.1987,1.861,-0.000,-0.028,2.535,0.0,1,-1.320,,0,0
8.8833,1.1982,1.868,-0.000,-0.025,2.531,0.0,1,-1.319,,0,0
8.9000,1.1979,1.875,-0.000,-0.021,2.528,0.0,1,-1.319,,0,0
8.9167,1.1975,1.881,-0.000,-0.017,2.525,0.0,1,-1.319,,0,0
8.9333,1.1973,1.886,-0.000,-0.013,2.521,0.0,1,-1.319,,0,0
8.9500,1.1971,1.890,-0.000,-0.009,2.518,0.0,1,-1.319,,0,0
8.9667,1.1970,1.895,-0.000,-0.005,2.515,0.0,1,-1.319,,0,0
8.9833,1.1969,1.899,-0.000,-0.000,2.511,0.0,1,-1.319,,0,0
9.0000,1.1970,1.902,-0.000,0.004,2.508,0.0,1,-1.319,,0,0
9.0167,1.1971,1.904,-0.000,0.008,2.505,0.0,1,-1.319,,0,0
9.0333,1.1972,1.906,-0.000,0.011,2.502,0.0,1,-1.319,,0,0
9.0500,1.1974,1.906,-0.000,0.015,2.499,0.0,1,-1.319,,0,0
9.0667,1.1977,1.905,-0.000,0.018,2.495,0.0,1,-1.320,,0,0
9.0833,1.1980,1.904,-0.000,0.021,2.492,0.0,1,-1.320,,0,0
9.1000,1.1984,1.902,-0.000,0.023,2.489,0.0,1,-1.320,,0,0
9.1167,1.1988,1.899,-0.000,0.025,2.486,0.0,1,-1.321,,0,0
9.1333,1.1992,1.896,-0.000,0.027,2.483,0.0,1,-1.321,,0,0
9.1500,1.1997,1.892,-0.000,0.028,2.480,0.0,1,-1.321,,0,0
9.1667,1.2002,1.888,-0.000,0.028,2.476,0.0,1,-1.322,,0,0
9.1833,1.2006,1.882,-0.000,0.028,2.473,0.0,1,-1.322,,0,0
9.2000,1.2011,1.877,-0.000,0.028,2.470,0.0,1,-1.322,,0,0
9.2167,1.2016,1.871,-0.000,0.027,2.467,0.0,1,-1.323,,0,0
9.2333,1.2020,1.864,-0.000,0.026,2.464,0.0,1,-1.323,,0,0
9.2500,1.2024,1.858,-0.000,0.024,2.461,0.0,1,-1.323,,0,0
9.2667,1.2028,1.853,-0.000,0.022,2.458,0.0,1,-1.324,,0,0
9.2833,1.2032,1.847,-0.000,0.020,2.455,0.0,1,-1.324,,0,0
9.3000,1.2035,1.841,-0.000,0.017,2.452,0.0,1,-1.324,,0,0
9.3167,1.2037,1.836,-0.000,0.014,2.449,0.0,1,-1.324,,0,0
9.3333,1.2039,1.831,-0.000,0.011,2.446,0.0,1,-1.324,,0,0
9.3500,1.2041,1.826,-0.000,0.007,2.443,0.0,1,-1.324,,0,0
9.3667,1.2042,1.822,-0.000,0.004,2.440,0.0,1,-1.324,,0,0
9.3833,1.2042,1.818,-0.000,0.001,2.437,0.0,1,-1.324,,0,0
9.4000,1.2042,1.815,-0.000,-0.003,2.434,0.0,1,-1.324,,0,0
9.4167,1.2041,1.813,-0.000,-0.006,2.431,0.0,1,-1.324,,0,0
9.4333,1.2040,1.811,-0.000,-0.009,2.428,0.0,1,-1.324,,0,0
9.4500,1.2038,1.810,-0.000,-0.012,2.425,0.0,1,-1.324,,0,0
9.4667,1.2036,1.810,-0.000,-0.015,2.422,0.0,1,-1.323,,0,0
9.4833,1.2033,1.811,-0.000,-0.017,2.419,0.0,1,-1.323,,0,0
9.5000,1.2030,1.811,-0.000,-0.019,2.416,0.0,1,-1.323,,0,0
9.5167,1.2027,1.813,-0.000,-0.021,2.413,0.0,1,-1.323,,0,0
9.5333,1.2023,1.815,-0.000,-0.022,2.410,0.0,1,-1.322,,0,0
9.5500,1.2020,1.817,-0.000,-0.023,2.407,0.0,1,-1.322,,0,0
9.5667,1.2016,1.820,-0.000,-0.024,2.404,0.0,1,-1.322,,0,0
9.5833,1.2012,1.824,-0.000,-0.024,2.401,0.0,1,-1.321,,0,0
9.6000,1.2008,1.828,-0.000,-0.024,2.398,0.0,1,-1.321,,0,0
9.6167,1.2004,1.832,-0.000,-0.024,2.395,0.0,1,-1.321,,0,0
9.6333,1.2000,1.835,-0.000,-0.023,2.392,0.0,1,-1.320,,0,0
9.6500,1.1996,1.839,-0.000,-0.022,2.389,0.0,1,-1.320,,0,0
9.6667,1.1992,1.843,-0.000,-0.020,2.386,0.0,1,-1.320,,0,0
9.6833,1.1989,1.847,-0.000,-0.018,2.383,0.0,1,-1.320,,0,0
9.7000,1.1986,1.850,-0.000,-0.016,2.380,0.0,1,-1.319,,0,0
9.7167,1.1984,1.853,-0.000,-0.014,2.377,0.0,1,-1.319,,0,0
9.7333,1.1982,1.856,-0.000,-0.012,2.374,0.0,1,-1.319,,0,0
9.7500,1.1980,1.859,-0.000,-0.009,2.371,0.0,1,-1.319,,0,0
9.7667,1.1979,1.862,-0.000,-0.006,2.368,0.0,1,-1.319,,0,0
9.7833,1.1978,1.863,-0.000,-0.004,2.365,0.0,1,-1.319,,0,0
9.8000,1.1977,1.864,-0.000,-0.001,2.362,0.0,1,-1.319,,0,0
9.8167,1.1977,1.865,-0.000,0.002,2.359,0.0,1,-1.319,,0,0
9.8333,1.1978,1.864,-0.000,0.004,2.356,0.0,1,-1.319,,0,0
9.8500,1.1979,1.864,-0.000,0.007,2.353,0.0,1,-1.319,,0,0
9.8667,1.1980,1.863,-0.000,0.009,2.350,0.0,1,-1.319,,0,0
9.8833,1.1982,1.862,-0.000,0.011,2.348,0.0,1,-1.319,,0,0
9.9000,1.1984,1.860,-0.000,0.013,2.345,0.0,1,-1.319,,0,0
9.9167,1.1986,1.857,-0.000,0.014,2.342,0.0,1,-1.319,,0,0
9.9333,1.1988,1.854,-0.000,0.016,2.339,0.0,1,-1.320,,0,0
9.9500,1.1991,1.851,-0.000,0.017,2.336,0.0,1,-1.320,,0,0
9.9667,1.1994,1.847,-0.000,0.017,2.333,0.0,1,-1.320,,0,0
9.9833,1.1997,1.843,-0.000,0.018,2.331,0.0,1,-1.320,,0,0
10.0000,1.2000,1.839,-0.000,0.018,2.328,0.0,1,-1.320,,0,0
10.0167,1.2003,1.835,-0.000,0.018,2.325,0.0,1,-1.321,,0,0
10.0333,1.2006,1.831,-0.000,0.017,2.322,0.0,1,-1.321,,0,0
10.0500,1.2008,1.827,-0.000,0.016,2.319,0.0,1,-1.321,,0,0
10.0667,1.2011,1.822,-0.000,0.015,2.317,0.0,1,-1.321,,0,0
10.0833,1.2013,1.818,-0.000,0.014,2.314,0.0,1,-1.321,,0,0
10.1000,1.2016,1.814,-0.000,0.012,2.311,0.0,1,-1.321,,0,0
10.1167,1.2017,1.810,-0.000,0.011,2.308,0.0,1,-1.322,,0,0
10.1333,1.2019,1.807,-0.000,0.009,2.306,0.0,1,-1.322,,0,0
10.1500,1.2020,1.804,-0.000,0.007,2.303,0.0,1,-1.322,,0,0
10.1667,1.2021,1.802,-0.000,0.005,2.300,0.0,1,-1.322,,0,0
10.1833,1.2022,1.799,-0.000,0.003,2.298,0.0,1,-1.322,,0,0
10.2000,1.2022,1.798,-0.000,0.000,2.295,0.0,1,-1.322,,0,0
10.2167,1.2022,1.797,-0.000,-0.002,2.292,0.0,1,-1.322,,0,0
10.2333,1.2022,1.796,-0.000,-0.004,2.289,0.0,1,-1.322,,0,0
10.2500,1.2021,1.795,-0.000,-0.006,2.287,0.0,1,-1.322,,0,0
10.2667,1.2020,1.796,-0.000,-0.008,2.284,0.0,1,-1.321,,0,0
10.2833,1.2018,1.796,-0.000,-0.009,2.281,0.0,1,-1.321,,0,0
10.3000,1.2017,1.797,-0.000,-0.011,2.278,0.0,1,-1.321,,0,0
10.3167,1.2015,1.799,-0.000,-0.012,2.276,0.0,1,-1.321,,0,0
10.3333,1.2012,1.801,-0.000,-0.013,2.273,0.0,1,-1.321,,0,0
10.3500,1.2010,1.803,-0.000,-0.014,2.270,0.0,1,-1.321,,0,0
10.3667,1.2008,1.806,-0.000,-0.015,2.268,0.0,1,-1.320,,0,0
10.3833,1.2005,1.809,-0.000,-0.016,2.265,0.0,1,-1.320,,0,0
10.4000,1.2002,1.811,-0.000,-0.016,2.262,0.0,1,-1.320,,0,0
10.4167,1.2000,1.814,-0.000,-0.016,2.260,0.0,1,-1.320,,0,0
10.4333,1.1997,1.817,-0.000,-0.015,2.257,0.0,1,-1.320,,0,0
10.4500,1.1995,1.821,-0.000,-0.015,2.254,0.0,1,-1.319,,0,0
10.4667,1.1992,1.824,-0.000,-0.014,2.251,0.0,1,-1.319,,0,0
10.4833,1.1990,1.827,-0.000,-0.013,2.249,0.0,1,-1.319,,0,0
10.5000,1.1988,1.830,-0.000,-0.012,2.246,0.0,1,-1.319,,0,0
10.5167,1.1986,1.832,-0.000,-0.011,2.243,0.0,1,-1.319,,0,0
10.5333,1.1985,1.835,-0.000,-0.009,2.241,0.0,1,-1.319,,0,0
10.5500,1.1983,1.836,-0.000,-0.008,2.238,0.0,1,-1.319,,0,0
10.5667,1.1982,1.838,-0.000,-0.006,2.235,0.0,1,-1.319,,0,0
10.5833,1.1981,1.839,-0.000,-0.004,2.233,0.0,1,-1.319,,0,0
10.6000,1.1981,1.840,-0.000,-0.002,2.230,0.0,1,-1.319,,0,0
10.6167,1.1980,1.841,-0.000,-0.001,2.227,0.0,1,-1.319,,0,0
10.6333,1.1980,1.841,-0.000,0.001,2.225,0.0,1,-1.319,,0,0
10.6500,1.1981,1.841,-0.000,0.003,2.222,0.0,1,-1.319,,0,0
10.6667,1.1981,1.840,-0.000,0.004,2.220,0.0,1,-1.319,,0,0
10.6833,1.1982,1.839,-0.000,0.006,2.217,0.0,1,-1.319,,0,0
10.7000,1.1983,1.837,-0.000,0.007,2.214,0.0,1,-1.319,,0,0
10.7167,1.1984,1.835,-0.000,0.008,2.212,0.0,1,-1.319,,0,0
10.7333,1.1986,1.833,-0.000,0.009,2.209,0.0,1,-1.319,,0,0
10.7500,1.1988,1.830,-0.000,0.010,2.207,0.0,1,-1.319,,0,0
10.7667,1.1989,1.827,-0.000,0.011,2.204,0.0,1,-1.319,,0,0
10.7833,1.1991,1.824,-0.000,0.011,2.202,0.0,1,-1.319,,0,0
10.8000,1.1993,1.821,-0.000,0.011,2.199,0.0,1,-1.319,,0,0
10.8167,1.1995,1.817,-0.000,0.011,2.197,0.0,1,-1.319,,0,0
10.8333,1.1997,1.814,-0.000,0.011,2.194,0.0,1,-1.320,,0,0
10.8500,1.1999,1.810,-0.000,0.011,2.191,0.0,1,-1.320,,0,0
10.8667,1.2000,1.807,-0.000,0.010,2.189,0.0,1,-1.320,,0,0
10.8833,1.2002,1.803,-0.000,0.010,2.186,0.0,1,-1.320,,0,0
10.9000,1.2003,1.800,-0.000,0.009,2.184,0.0,1,-1.320,,0,0
10.9167,1.2005,1.797,-0.000,0.008,2.181,0.0,1,-1.320,,0,0
10.9333,1.2006,1.794,-0.000,0.007,2.179,0.0,1,-1.320,,0,0
10.9500,1.2007,1.791,-0.000,0.005,2.177,0.0,1,-1.320,,0,0
10.9667,1.2008,1.789,-0.000,0.004,2.174,0.0,1,-1.320,,0,0
10.9833,1.2008,1.787,-0.000,0.003,2.172,0.0,1,-1.320,,0,0
11.0000,1.2009,1.785,-0.000,0.001,2.169,0.0,1,-1.320,,0,0
11.0167,1.2009,1.783,-0.000,-0.000,2.167,0.0,1,-1.320,,0,0
11.0333,1.2009,1.782,-0.000,-0.002,2.164,0.0,1,-1.320,,0,0
11.0500,1.2008,1.782,-0.000,-0.003,2.162,0.0,1,-1.320,,0,0
11.0667,1.2008,1.781,-0.000,-0.004,2.159,0.0,1,-1.320,,0,0
11.0833,1.2007,1.782,-0.000,-0.006,2.157,0.0,1,-1.320,,0,0
11.1000,1.2006,1.782,-0.000,-0.007,2.154,0.0,1,-1.320,,0,0
11.1167,1.2004,1.783,-0.000,-0.008,2.152,0.0,1,-1.320,,0,0
11.1333,1.2003,1.784,-0.000,-0.009,2.149,0.0,1,-1.319,,0,0
11.1500,1.2002,1.785,-0.000,-0.009,2.147,0.0,1,-1.319,,0,0
11.1667,1.2000,1.787,-0.000,-0.010,2.144,0.0,1,-1.319,,0,0
11.1833,1.1998,1.789,-0.000,-0.010,2.142,0.0,1,-1.319,,0,0
11.2000,1.1997,1.791,-0.000,-0.011,2.140,0.0,1,-1.319,,0,0
11.2167,1.1995,1.793,-0.000,-0.011,2.137,0.0,1,-1.319,,0,0
11.2333,1.1993,1.795,-0.000,-0.011,2.135,0.0,1,-1.319,,0,0
11.2500,1.1991,1.798,-0.000,-0.010,2.132,0.0,1,-1.319,,0,0
11.2667,1.1990,1.800,-0.000,-0.010,2.130,0.0,1,-1.318,,0,0
11.2833,1.1988,1.802,-0.000,-0.009,2.127,0.0,1,-1.318,,0,0
11.3000,1.1987,1.804,-0.000,-0.009,2.125,0.0,1,-1.318,,0,0
11.3167,1.1985,1.807,-0.000,-0.008,2.123,0.0,1,-1.318,,0,0
11.3333,1.1984,1.809,-0.000,-0.007,2.120,0.0,1,-1.318,,0,0
11.3500,1.1983,1.810,-0.000,-0.006,2.118,0.0,1,-1.318,,0,0
11.3667,1.1982,1.812,-0.000,-0.005,2.115,0.0,1,-1.318,,0,0
11.3833,1.1981,1.813,-0.000,-0.004,2.113,0.0,1,-1.318,,0,0
11.4000,1.1981,1.815,-0.000,-0.003,2.111,0.0,1,-1.318,,0,0
11.4167,1.1980,1.815,-0.000,-0.001,2.108,0.0,1,-1.318,,0,0
11.4333,1.1980,1.816,-0.000,-0.000,2.106,0.0,1,-1.318,,0,0
11.4500,1.1980,1.816,-0.000,0.001,2.103,0.0,1,-1.318,,0,0
11.4667,1.1981,1.816,-0.000,0.002,2.101,0.0,1,-1.318,,0,0
11.4833,1.1981,1.815,-0.000,0.003,2.099,0.0,1,-1.318,,0,0
11.5000,1.1982,1.815,-0.000,0.004,2.096,0.0,1,-1.318,,0,0
11.5167,1.1982,1.814,-0.000,0.005,2.094,0.0,1,-1.318,,0,0
11.5333,1.1983,1.812,-0.000,0.006,2.092,0.0,1,-1.318,,0,0
11.5500,1.1984,1.811,-0.000,0.006,2.089,0.0,1,-1.318,,0,0
11.5667,1.1985,1.809,-0.000,0.007,2.087,0.0,1,-1.318,,0,0
11.5833,1.1986,1.807,-0.000,0.007,2.085,0.0,1,-1.318,,0,0
11.6000,1.1988,1.805,-0.000,0.007,2.082,0.0,1,-1.318,,0,0
11.6167,1.1989,1.802,-0.000,0.008,2.080,0.0,1,-1.318,,0,0
11.6333,1.1990,1.800,-0.000,0.008,2.078,0.0,1,-1.319,,0,0
11.6500,1.1991,1.797,-0.000,0.007,2.076,0.0,1,-1.319,,0,0
11.6667,1.1993,1.795,-0.000,0.007,2.073,0.0,1,-1.319,,0,0
11.6833,1.1994,1.792,-0.000,0.007,2.071,0.0,1,-1.319,,0,0
11.7000,1.1995,1.790,-0.000,0.006,2.069,0.0,1,-1.319,,0,0
11.7167,1.1996,1.787,-0.000,0.006,2.066,0.0,1,-1.319,,0,0
11.7333,1.1997,1.785,-0.000,0.005,2.064,0.0,1,-1.319,,0,0
11.7500,1.1998,1.783,-0.000,0.004,2.062,0.0,1,-1.319,,0,0
11.7667,1.1998,1.781,-0.000,0.003,2.060,0.0,1,-1.319,,0,0
11.7833,1.1999,1.779,-0.000,0.002,2.057,0.0,1,-1.319,,0,0
11.8000,1.1999,1.777,-0.000,0.001,2.055,0.0,1,-1.319,,0,0
11.8167,1.1999,1.775,-0.000,0.000,2.053,0.0,1,-1.319,,0,0
11.8333,1.1999,1.774,-0.000,-0.001,2.051,0.0,1,-1.319,,0,0
11.8500,1.1999,1.773,-0.000,-0.001,2.048,0.0,1,-1.319,,0,0
11.8667,1.1999,1.773,-0.000,-0.002,2.046,0.0,1,-1.319,,0,0
11.8833,1.1998,1.772,-0.000,-0.003,2.044,0.0,1,-1.319,,0,0
11.9000,1.1998,1.772,-0.000,-0.004,2.042,0.0,1,-1.319,,0,0
11.9167,1.1997,1.772,-0.000,-0.005,2.039,0.0,1,-1.319,,0,0
11.9333,1.1996,1.772,-0.000,-0.006,2.037,0.0,1,-1.318,,0,0
11.9500,1.1995,1.773,-0.000,-0.006,2.035,0.0,1,-1.318,,0,0
11.9667,1.1994,1.773,-0.000,-0.007,2.033,0.0,1,-1.318,,0,0
11.9833,1.1993,1.774,-0.000,-0.007,2.030,0.0,1,-1.318,,0,0
12.0000,1.1992,1.775,-0.000,-0.007,2.028,0.0,1,-1.318,,0,0
12.0167,1.1990,1.777,-0.000,-0.007,2.026,0.0,1,-1.318,,0,0
12.0333,1.1989,1.778,-0.000,-0.008,2.024,0.0,1,-1.318,,0,0
12.0500,1.1988,1.779,-0.000,-0.007,2.022,0.0,1,-1.318,,0,0
12.0667,1.1987,1.781,-0.000,-0.007,2.019,0.0,1,-1.318,,0,0
12.0833,1.1985,1.782,-0.000,-0.007,2.017,0.0,1,-1.318,,0,0
12.1000,1.1984,1.784,-0.000,-0.007,2.015,0.0,1,-1.318,,0,0
12.1167,1.1983,1.785,-0.000,-0.006,2.013,0.0,1,-1.317,,0,0
12.1333,1.1982,1.787,-0.000,-0.006,2.011,0.0,1,-1.317,,0,0
12.1500,1.1981,1.788,-0.000,-0.005,2.008,0.0,1,-1.317,,0,0
12.1667,1.1981,1.789,-0.000,-0.004,2.006,0.0,1,-1.317,,0,0
12.1833,1.1980,1.790,-0.000,-0.003,2.004,0.0,1,-1.317,,0,0
12.2000,1.1979,1.791,-0.000,-0.003,2.002,0.0,1,-1.317,,0,0
12.2167,1.1979,1.792,-0.000,-0.002,2.000,0.0,1,-1.317,,0,0
12.2333,1.1979,1.793,-0.000,-0.001,1.998,0.0,1,-1.317,,0,0
12.2500,1.1979,1.793,-0.000,-0.000,1.995,0.0,1,-1.317,,0,0
12.2667,1.1979,1.793,-0.000,0.001,1.993,0.0,1,-1.317,,0,0
12.2833,1.1979,1.793,-0.000,0.001,1.991,0.0,1,-1.317,,0,0
12.3000,1.1979,1.793,-0.000,0.002,1.989,0.0,1,-1.317,,0,0
12.3167,1.1980,1.792,-0.000,0.003,1.987,0.0,1,-1.317,,0,0
12.3333,1.1980,1.792,-0.000,0.003,1.985,0.0,1,-1.317,,0,0
12.3500,1.1981,1.791,-0.000,0.004,1.983,0.0,1,-1.317,,0,0
12.3667,1.1981,1.790,-0.000,0.004,1.980,0.0,1,-1.317,,0,0
12.3833,1.1982,1.789,-0.000,0.005,1.978,0.0,1,-1.317,,0,0
12.4000,1.1983,1.787,-0.000,0.005,1.976,0.0,1,-1.317,,0,0
12.4167,1.1984,1.786,-0.000,0.005,1.974,0.0,1,-1.318,,0,0
12.4333,1.1985,1.784,-0.000,0.005,1.972,0.0,1,-1.318,,0,0
12.4500,1.1986,1.783,-0.000,0.005,1.970,0.0,1,-1.318,,0,0
12.4667,1.1986,1.781,-0.000,0.005,1.968,0.0,1,-1.318,,0,0
12.4833,1.1987,1.779,-0.000,0.005,1.966,0.0,1,-1.318,,0,0
12.5000,1.1988,1.777,-0.000,0.005,1.964,0.0,1,-1.318,,0,0
12.5167,1.1989,1.776,-0.000,0.004,1.962,0.0,1,-1.318,,0,0
12.5333,1.1990,1.774,-0.000,0.004,1.960,0.0,1,-1.318,,0,0
12.5500,1.1990,1.772,-0.000,0.003,1.957,0.0,1,-1.318,,0,0
12.5667,1.1991,1.771,-0.000,0.003,1.955,0.0,1,-1.318,,0,0
12.5833,1.1991,1.769,-0.000,0.002,1.953,0.0,1,-1.318,,0,0
12.6000,1.1991,1.768,-0.000,0.002,1.951,0.0,1,-1.318,,0,0
12.6167,1.1992,1.767,-0.000,0.001,1.949,0.0,1,-1.318,,0,0
12.6333,1.1992,1.766,-0.000,0.000,1.947,0.0,1,-1.318,,0,0
12.6500,1.1992,1.765,-0.000,-0.000,1.945,0.0,1,-1.318,,0,0
12.6667,1.1992,1.764,-0.000,-0.001,1.943,0.0,1,-1.318,,0,0
12.6833,1.1991,1.764,-0.000,-0.002,1.941,0.0,1,-1.318,,0,0
12.7000,1.1991,1.763,-0.000,-0.002,1.939,0.0,1,-1.318,,0,0
12.7167,1.1991,1.763,-0.000,-0.003,1.937,0.0,1,-1.318,,0,0
12.7333,1.1990,1.763,-0.000,-0.004,1.935,0.0,1,-1.318,,0,0
12.7500,1.1989,1.763,-0.000,-0.004,1.933,0.0,1,-1.318,,0,0
12.7667,1.1989,1.763,-0.000,-0.004,1.931,0.0,1,-1.317,,0,0
12.7833,1.1988,1.764,-0.000,-0.005,1.929,0.0,1,-1.317,,0,0
12.8000,1.1987,1.764,-0.000,-0.005,1.927,0.0,1,-1.317,,0,0
12.8167,1.1986,1.765,-0.000,-0.005,1.925,0.0,1,-1.317,,0,0
12.8333,1.1985,1.765,-0.000,-0.005,1.923,0.0,1,-1.317,,0,0
12.8500,1.1984,1.766,-0.000,-0.005,1.921,0.0,1,-1.317,,0,0
12.8667,1.1983,1.767,-0.000,-0.005,1.919,0.0,1,-1.317,,0,0
12.8833,1.1983,1.768,-0.000,-0.005,1.917,0.0,1,-1.317,,0,0
12.9000,1.1982,1.769,-0.000,-0.005,1.915,0.0,1,-1.317,,0,0
12.9167,1.1981,1.770,-0.000,-0.005,1.913,0.0,1,-1.317,,0,0
12.9333,1.1980,1.771,-0.000,-0.004,1.911,0.0,1,-1.317,,0,0
12.9500,1.1979,1.771,-0.000,-0.004,1.909,0.0,1,-1.317,,0,0
12.9667,1.1979,1.772,-0.000,-0.004,1.907,0.0,1,-1.317,,0,0
12.9833,1.1978,1.773,-0.000,-0.003,1.905,0.0,1,-1.317,,0,0
13.0000,1.1978,1.773,-0.000,-0.003,1.903,0.0,1,-1.317,,0,0
13.0167,1.1977,1.774,-0.000,-0.002,1.901,0.0,1,-1.317,,0,0
13.0333,1.1977,1.774,-0.000,-0.001,1.899,0.0,1,-1.317,,0,0
13.0500,1.1977,1.775,-0.000,-0.001,1.897,0.0,1,-1.317,,0,0
13.0667,1.1977,1.775,-0.000,-0.000,1.895,0.0,1,-1.317,,0,0
13.0833,1.1977,1.775,-0.000,0.000,1.893,0.0,1,-1.317,,0,0
13.1000,1.1977,1.775,-0.000,0.001,1.891,0.0,1,-1.317,,0,0
13.1167,1.1977,1.774,-0.000,0.001,1.889,0.0,1,-1.317,,0,0
13.1333,1.1977,1.774,-0.000,0.002,1.887,0.0,1,-1.317,,0,0
13.1500,1.1978,1.773,-0.000,0.002,1.885,0.0,1,-1.317,,0,0
13.1667,1.1978,1.773,-0.000,0.003,1.883,0.0,1,-1.317,,0,0
13.1833,1.1979,1.772,-0.000,0.003,1.881,0.0,1,-1.317,,0,0
13.2000,1.1979,1.771,-0.000,0.003,1.879,0.0,1,-1.317,,0,0
13.2167,1.1980,1.770,-0.000,0.003,1.877,0.0,1,-1.317,,0,0
13.2333,1.1980,1.769,-0.000,0.004,1.875,0.0,1,-1.317,,0,0
13.2500,1.1981,1.768,-0.000,0.004,1.874,0.0,1,-1.317,,0,0
13.2667,1.1981,1.767,-0.000,0.004,1.872,0.0,1,-1.317,,0,0
13.2833,1.1982,1.766,-0.000,0.004,1.870,0.0,1,-1.317,,0,0
13.3000,1.1983,1.764,-0.000,0.003,1.868,0.0,1,-1.317,,0,0
13.3167,1.1983,1.763,-0.000,0.003,1.866,0.0,1,-1.317,,0,0
13.3333,1.1984,1.762,-0.000,0.003,1.864,0.0,1,-1.317,,0,0
13.3500,1.1984,1.761,-0.000,0.003,1.862,0.0,1,-1.317,,0,0
13.3667,1.1985,1.760,-0.000,0.002,1.860,0.0,1,-1.317,,0,0
13.3833,1.1985,1.759,-0.000,0.002,1.858,0.0,1,-1.317,,0,0
13.4000,1.1985,1.758,-0.000,0.002,1.856,0.0,1,-1.317,,0,0
13.4167,1.1986,1.757,-0.000,0.001,1.855,0.0,1,-1.317,,0,0
13.4333,1.1986,1.756,-0.000,0.001,1.853,0.0,1,-1.317,,0,0
13.4500,1.1986,1.755,-0.000,0.000,1.851,0.0,1,-1.317,,0,0
13.4667,1.1986,1.755,-0.000,-0.000,1.849,0.0,1,-1.317,,0,0
13.4833,1.1986,1.754,-0.000,-0.001,1.847,0.0,1,-1.317,,0,0
13.5000,1.1985,1.754,-0.000,-0.001,1.845,0.0,1,-1.317,,0,0
13.5167,1.1985,1.754,-0.000,-0.002,1.843,0.0,1,-1.317,,0,0
13.5333,1.1985,1.753,-0.000,-0.002,1.842,0.0,1,-1.317,,0,0
13.5500,1.1984,1.753,-0.000,-0.003,1.840,0.0,1,-1.317,,0,0
13.5667,1.1984,1.753,-0.000,-0.003,1.838,0.0,1,-1.317,,0,0
13.5833,1.1983,1.754,-0.000,-0.003,1.836,0.0,1,-1.317,,0,0
13.6000,1.1983,1.754,-0.000,-0.003,1.834,0.0,1,-1.317,,0,0
13.6167,1.1982,1.754,-0.000,-0.004,1.832,0.0,1,-1.317,,0,0
13.6333,1.1982,1.755,-0.000,-0.004,1.830,0.0,1,-1.317,,0,0
13.6500,1.1981,1.755,-0.000,-0.004,1.829,0.0,1,-1.317,,0,0
13.6667,1.1980,1.755,-0.000,-0.004,1.827,0.0,1,-1.316,,0,0
13.6833,1.1980,1.756,-0.000,-0.004,1.825,0.0,1,-1.316,,0,0
13.7000,1.1979,1.757,-0.000,-0.004,1.823,0.0,1,-1.316,,0,0
13.7167,1.1978,1.757,-0.000,-0.004,1.821,0.0,1,-1.316,,0,0
13.7333,1.1978,1.758,-0.000,-0.003,1.819,0.0,1,-1.316,,0,0
13.7500,1.1977,1.758,-0.000,-0.003,1.818,0.0,1,-1.316,,0,0
13.7667,1.1977,1.759,-0.000,-0.003,1.816,0.0,1,-1.316,,0,0
13.7833,1.1976,1.759,-0.000,-0.003,1.814,0.0,1,-1.316,,0,0
13.8000,1.1976,1.759,-0.000,-0.002,1.812,0.0,1,-1.316,,0,0
13.8167,1.1975,1.760,-0.000,-0.002,1.810,0.0,1,-1.316,,0,0
13.8333,1.1975,1.760,-0.000,-0.002,1.808,0.0,1,-1.316,,0,0
13.8500,1.1975,1.760,-0.000,-0.001,1.807,0.0,1,-1.316,,0,0
13.8667,1.1975,1.760,-0.000,-0.001,1.805,0.0,1,-1.316,,0,0
13.8833,1.1975,1.760,-0.000,-0.000,1.803,0.0,1,-1.316,,0,0
13.9000,1.1975,1.760,-0.000,0.000,1.801,0.0,1,-1.316,,0,0
13.9167,1.1975,1.760,-0.000,0.000,1.799,0.0,1,-1.316,,0,0
13.9333,1.1975,1.760,-0.000,0.001,1.798,0.0,1,-1.316,,0,0
13.9500,1.1975,1.760,-0.000,0.001,1.796,0.0,1,-1.316,,0,0
13.9667,1.1975,1.759,-0.000,0.002,1.794,0.0,1,-1.316,,0,0
13.9833,1.1976,1.759,-0.000,0.002,1.792,0.0,1,-1.316,,0,0
14.0000,1.1976,1.760,-0.000,0.002,1.791,0.0,1,-1.316,,0,0
14.0167,1.1976,1.760,-0.000,0.002,1.789,0.0,1,-1.316,,0,0
14.0333,1.1977,1.759,-0.000,0.002,1.787,0.0,1,-1.316,,0,0
14.0500,1.1977,1.759,-0.000,0.002,1.785,0.0,1,-1.316,,0,0
14.0667,1.1977,1.758,-0.000,0.003,1.784,0.0,1,-1.316,,0,0
14.0833,1.1978,1.757,-0.000,0.003,1.782,0.0,1,-1.316,,0,0
14.1000,1.1978,1.756,-0.000,0.003,1.780,0.0,1,-1.316,,0,0
14.1167,1.1979,1.755,-0.000,0.002,1.778,0.0,1,-1.316,,0,0
14.1333,1.1979,1.755,-0.000,0.002,1.777,0.0,1,-1.316,,0,0
14.1500,1.1979,1.754,-0.000,0.002,1.775,0.0,1,-1.316,,0,0
14.1667,1.1980,1.754,-0.000,0.002,1.773,0.0,1,-1.316,,0,0
14.1833,1.1980,1.753,-0.000,0.002,1.771,0.0,1,-1.316,,0,0
14.2000,1.1980,1.752,-0.000,0.001,1.770,0.0,1,-1.316,,0,0
14.2167,1.1981,1.751,-0.000,0.001,1.768,0.0,1,-1.316,,0,0
14.2333,1.1981,1.750,-0.000,0.001,1.766,0.0,1,-1.316,,0,0
14.2500,1.1981,1.749,-0.000,0.000,1.764,0.0,1,-1.316,,0,0
14.2667,1.1981,1.748,-0.000,0.000,1.763,0.0,1,-1.316,,0,0
14.2833,1.1981,1.747,-0.000,-0.000,1.761,0.0,1,-1.316,,0,0
14.3000,1.1981,1.747,-0.000,-0.001,1.759,0.0,1,-1.316,,0,0
14.3167,1.1981,1.746,-0.000,-0.001,1.758,0.0,1,-1.316,,0,0
14.3333,1.1981,1.746,-0.000,-0.001,1.756,0.0,1,-1.316,,0,0
14.3500,1.1980,1.746,-0.000,-0.002,1.754,0.0,1,-1.316,,0,0
14.3667,1.1980,1.745,-0.000,-0.002,1.752,0.0,1,-1.316,,0,0
14.3833,1.1980,1.745,-0.000,-0.002,1.751,0.0,1,-1.316,,0,0
14.4000,1.1979,1.744,-0.000,-0.002,1.749,0.0,1,-1.316,,0,0
14.4167,1.1979,1.744,-0.000,-0.003,1.747,0.0,1,-1.316,,0,0
14.4333,1.1978,1.744,-0.000,-0.003,1.746,0.0,1,-1.316,,0,0
14.4500,1.1978,1.744,-0.000,-0.003,1.744,0.0,1,-1.316,,0,0
14.4667,1.1978,1.744,-0.000,-0.003,1.742,0.0,1,-1.316,,0,0
14.4833,1.1977,1.744,-0.000,-0.003,1.741,0.0,1,-1.316,,0,0
14.5000,1.1977,1.744,-0.000,-0.003,1.739,0.0,1,-1.316,,0,0
14.5167,1.1976,1.744,-0.000,-0.003,1.737,0.0,1,-1.316,,0,0
14.5333,1.1976,1.744,-0.000,-0.003,1.735,0.0,1,-1.316,,0,0
14.5500,1.1975,1.744,-0.000,-0.003,1.734,0.0,1,-1.316,,0,0
14.5667,1.1975,1.744,-0.000,-0.003,1.732,0.0,1,-1.316,,0,0
14.5833,1.1974,1.744,-0.000,-0.002,1.730,0.0,1,-1.316,,0,0
14.6000,1.1974,1.745,-0.000,-0.002,1.729,0.0,1,-1.316,,0,0
14.6167,1.1974,1.745,-0.000,-0.002,1.727,0.0,1,-1.316,,0,0
14.6333,1.1973,1.745,-0.000,-0.002,1.725,0.0,1,-1.315,,0,0
14.6500,1.1973,1.745,-0.000,-0.001,1.724,0.0,1,-1.315,,0,0
14.6667,1.1973,1.745,-0.000,-0.001,1.722,0.0,1,-1.315,,0,0
14.6833,1.1973,1.745,-0.000,-0.001,1.720,0.0,1,-1.315,,0,0
14.7000,1.1973,1.745,-0.000,-0.000,1.719,0.0,1,-1.315,,0,0
14.7167,1.1972,1.745,-0.000,-0.000,1.717,0.0,1,-1.315,,0,0
14.7333,1.1972,1.745,-0.000,0.000,1.716,0.0,1,-1.315,,0,0
14.7500,1.1972,1.745,-0.000,0.000,1.714,0.0,1,-1.315,,0,0
14.7667,1.1973,1.745,-0.000,0.001,1.712,0.0,1,-1.315,,0,0
14.7833,1.1973,1.745,-0.000,0.001,1.711,0.0,1,-1.315,,0,0
14.8000,1.1973,1.745,-0.000,0.001,1.709,0.0,1,-1.315,,0,0
14.8167,1.1973,1.745,-0.000,0.001,1.707,0.0,1,-1.315,,0,0
14.8333,1.1973,1.745,-0.000,0.001,1.706,0.0,1,-1.315,,0,0
14.8500,1.1974,1.745,-0.000,0.002,1.704,0.0,1,-1.316,,0,0
14.8667,1.1974,1.745,-0.000,0.002,1.702,0.0,1,-1.316,,0,0
14.8833,1.1974,1.745,-0.000,0.002,1.701,0.0,1,-1.316,,0,0
14.9000,1.1974,1.744,-0.000,0.002,1.699,0.0,1,-1.316,,0,0
14.9167,1.1975,1.744,-0.000,0.002,1.698,0.0,1,-1.316,,0,0
14.9333,1.1975,1.744,-0.000,0.002,1.696,0.0,1,-1.316,,0,0
14.9500,1.1975,1.743,-0.000,0.002,1.694,0.0,1,-1.316,,0,0
14.9667,1.1976,1.743,-0.000,0.002,1.693,0.0,1,-1.316,,0,0
14.9833,1.1976,1.743,-0.000,0.001,1.691,0.0,1,-1.316,,0,0
15.0000,1.1976,1.742,-0.000,0.001,1.690,0.0,1,-1.316,,0,0
15.0167,1.1976,1.742,-0.000,0.001,1.688,0.0,1,-1.316,,0,0
15.0333,1.1976,1.741,-0.000,0.001,1.686,0.0,1,-1.316,,0,0
15.0500,1.1977,1.741,-0.000,0.001,1.685,0.0,1,-1.316,,0,0
15.0667,1.1977,1.740,-0.000,0.001,1.683,0.0,1,-1.316,,0,0
15.0833,1.1977,1.740,-0.000,0.000,1.682,0.0,1,-1.316,,0,0
15.1000,1.1977,1.739,-0.000,0.000,1.680,0.0,1,-1.316,,0,0
15.1167,1.1977,1.739,-0.000,-0.000,1.679,0.0,1,-1.316,,0,0
15.1333,1.1977,1.738,-0.000,-0.000,1.677,0.0,1,-1.316,,0,0
15.1500,1.1977,1.738,-0.000,-0.001,1.675,0.0,1,-1.316,,0,0
15.1667,1.1976,1.738,-0.000,-0.001,1.674,0.0,1,-1.316,,0,0
15.1833,1.1976,1.737,-0.000,-0.001,1.672,0.0,1,-1.316,,0,0
15.2000,1.1976,1.737,-0.000,-0.001,1.671,0.0,1,-1.316,,0,0
15.2167,1.1976,1.737,-0.000,-0.002,1.669,0.0,1,-1.316,,0,0
15.2333,1.1976,1.736,-0.000,-0.002,1.668,0.0,1,-1.316,,0,0
15.2500,1.1975,1.736,-0.000,-0.002,1.666,0.0,1,-1.315,,0,0
15.2667,1.1975,1.736,-0.000,-0.002,1.664,0.0,1,-1.315,,0,0
15.2833,1.1975,1.736,-0.000,-0.002,1.663,0.0,1,-1.315,,0,0
15.3000,1.1974,1.736,-0.000,-0.002,1.661,0.0,1,-1.315,,0,0
15.3167,1.1974,1.736,-0.000,-0.002,1.660,0.0,1,-1.315,,0,0
15.3333,1.1973,1.736,-0.000,-0.002,1.658,0.0,1,-1.315,,0,0
15.3500,1.1973,1.735,-0.000,-0.002,1.657,0.0,1,-1.315,,0,0
15.3667,1.1973,1.735,-0.000,-0.002,1.655,0.0,1,-1.315,,0,0
15.3833,1.1972,1.735,-0.000,-0.002,1.654,0.0,1,-1.315,,0,0
15.4000,1.1972,1.735,-0.000,-0.002,1.652,0.0,1,-1.315,,0,0
15.4167,1.1972,1.735,-0.000,-0.002,1.650,0.0,1,-1.315,,0,0
15.4333,1.1972,1.735,-0.000,-0.002,1.649,0.0,1,-1.315,,0,0
15.4500,1.1971,1.735,-0.000,-0.001,1.647,0.0,1,-1.315,,0,0
15.4667,1.1971,1.735,-0.000,-0.001,1.646,0.0,1,-1.315,,0,0
15.4833,1.1971,1.735,-0.000,-0.001,1.644,0.0,1,-1.315,,0,0
15.5000,1.1971,1.735,-0.000,-0.001,1.643,0.0,1,-1.315,,0,0
15.5167,1.1971,1.735,-0.000,-0.001,1.641,0.0,1,-1.315,,0,0
15.5333,1.1970,1.734,-0.000,-0.000,1.640,0.0,1,-1.315,,0,0
15.5500,1.1970,1.734,-0.000,-0.000,1.638,0.0,1,-1.315,,0,0
15.5667,1.1970,1.734,-0.000,-0.000,1.637,0.0,1,-1.315,,0,0
15.5833,1.1970,1.734,-0.000,0.000,1.635,0.0,1,-1.315,,0,0
15.6000,1.1970,1.734,-0.000,0.000,1.634,0.0,1,-1.315,,0,0
15.6167,1.1971,1.733,-0.000,0.001,1.632,0.0,1,-1.315,,0,0
15.6333,1.1971,1.733,-0.000,0.001,1.631,0.0,1,-1.315,,0,0
15.6500,1.1971,1.733,-0.000,0.001,1.629,0.0,1,-1.315,,0,0
15.6667,1.1971,1.732,-0.000,0.001,1.628,0.0,1,-1.315,,0,0
15.6833,1.1971,1.732,-0.000,0.001,1.626,0.0,1,-1.315,,0,0
15.7000,1.1971,1.732,-0.000,0.001,1.625,0.0,1,-1.315,,0,0
15.7167,1.1971,1.731,-0.000,0.001,1.623,0.0,1,-1.315,,0,0
15.7333,1.1972,1.731,-0.000,0.001,1.622,0.0,1,-1.315,,0,0
15.7500,1.1972,1.731,-0.000,0.001,1.620,0.0,1,-1.315,,0,0
15.7667,1.1972,1.730,-0.000,0.001,1.619,0.0,1,-1.315,,0,0
15.7833,1.1972,1.730,-0.000,0.001,1.617,0.0,1,-1.315,,0,0
15.8000,1.1972,1.730,-0.000,0.001,1.616,0.0,1,-1.315,,0,0
15.8167,1.1973,1.729,-0.000,0.001,1.614,0.0,1,-1.315,,0,0
15.8333,1.1973,1.729,-0.000,0.001,1.613,0.0,1,-1.315,,0,0
15.8500,1.1973,1.729,-0.000,0.001,1.611,0.0,1,-1.315,,0,0
15.8667,1.1973,1.729,-0.000,0.001,1.610,0.0,1,-1.315,,0,0
15.8833,1.1973,1.728,-0.000,0.000,1.609,0.0,1,-1.315,,0,0
15.9000,1.1973,1.728,-0.000,0.000,1.607,0.0,1,-1.315,,0,0
15.9167,1.1973,1.728,-0.000,0.000,1.606,0.0,1,-1.315,,0,0
15.9333,1.1973,1.728,-0.000,-0.000,1.604,0.0,1,-1.315,,0,0
15.9500,1.1973,1.728,-0.000,-0.000,1.603,0.0,1,-1.315,,0,0
15.9667,1.1973,1.728,-0.000,-0.000,1.601,0.0,1,-1.315,,0,0
15.9833,1.1973,1.728,-0.000,-0.001,1.600,0.0,1,-1.315,,0,0
16.0000,1.1973,1.728,-0.000,-0.001,1.598,0.0,1,-1.315,,0,0
16.0167,1.1973,1.728,-0.000,-0.001,1.597,0.0,1,-1.315,,0,0
16.0333,1.1973,1.728,-0.000,-0.001,1.595,0.0,1,-1.315,,0,0
16.0500,1.1972,1.728,-0.000,-0.001,1.594,0.0,1,-1.315,,0,0
16.0667,1.1972,1.728,-0.000,-0.001,1.593,0.0,1,-1.315,,0,0
16.0833,1.1972,1.728,-0.000,-0.001,1.591,0.0,1,-1.315,,0,0
16.1000,1.1972,1.728,-0.000,-0.001,1.590,0.0,1,-1.315,,0,0
16.1167,1.1971,1.728,-0.000,-0.001,1.588,0.0,1,-1.315,,0,0
16.1333,1.1971,1.728,-0.000,-0.002,1.587,0.0,1,-1.315,,0,0
16.1500,1.1971,1.728,-0.000,-0.002,1.585,0.0,1,-1.315,,0,0
16.1667,1.1971,1.728,-0.000,-0.002,1.584,0.0,1,-1.315,,0,0
16.1833,1.1970,1.728,-0.000,-0.001,1.583,0.0,1,-1.315,,0,0
16.2000,1.1970,1.728,-0.000,-0.001,1.581,0.0,1,-1.315,,0,0
16.2167,1.1970,1.728,-0.000,-0.001,1.580,0.0,1,-1.315,,0,0
16.2333,1.1970,1.728,-0.000,-0.001,1.578,0.0,1,-1.315,,0,0
16.2500,1.1970,1.728,-0.000,-0.001,1.577,0.0,1,-1.315,,0,0
16.2667,1.1969,1.728,-0.000,-0.001,1.575,0.0,1,-1.315,,0,0
16.2833,1.1969,1.728,-0.000,-0.001,1.574,0.0,1,-1.315,,0,0
16.3000,1.1969,1.728,-0.000,-0.001,1.573,0.0,1,-1.315,,0,0
16.3167,1.1969,1.728,-0.000,-0.001,1.571,0.0,1,-1.315,,0,0
16.3333,1.1969,1.728,-0.000,-0.001,1.570,0.0,1,-1.315,,0,0
16.3500,1.1969,1.727,-0.000,-0.000,1.568,0.0,1,-1.315,,0,0
16.3667,1.1969,1.727,-0.000,-0.000,1.567,0.0,1,-1.315,,0,0
16.3833,1.1969,1.727,-0.000,-0.000,1.566,0.0,1,-1.315,,0,0
16.4000,1.1969,1.726,-0.000,0.000,1.564,0.0,1,-1.315,,0,0
16.4167,1.1969,1.726,-0.000,0.000,1.563,0.0,1,-1.315,,0,0
16.4333,1.1969,1.726,-0.000,0.000,1.561,0.0,1,-1.315,,0,0
16.4500,1.1969,1.725,-0.000,0.000,1.560,0.0,1,-1.315,,0,0
16.4667,1.1969,1.725,-0.000,0.000,1.559,0.0,1,-1.315,,0,0
16.4833,1.1969,1.725,-0.000,0.001,1.557,0.0,1,-1.315,,0,0
16.5000,1.1969,1.724,-0.000,0.001,1.556,0.0,1,-1.315,,0,0
16.5167,1.1969,1.724,-0.000,0.001,1.555,0.0,1,-1.315,,0,0
16.5333,1.1969,1.723,-0.000,0.001,1.553,0.0,1,-1.315,,0,0
16.5500,1.1969,1.723,-0.000,0.001,1.552,0.0,1,-1.315,,0,0
16.5667,1.1969,1.722,-0.000,0.001,1.550,0.0,1,-1.315,,0,0
16.5833,1.1970,1.722,-0.000,0.001,1.549,0.0,1,-1.315,,0,0
16.6000,1.1970,1.721,-0.000,0.001,1.548,0.0,1,-1.315,,0,0
16.6167,1.1970,1.721,-0.000,0.001,1.546,0.0,1,-1.315,,0,0
16.6333,1.1970,1.721,-0.000,0.001,1.545,0.0,1,-1.315,,0,0
16.6500,1.1970,1.720,-0.000,0.000,1.544,0.0,1,-1.315,,0,0
16.6667,1.1970,1.720,-0.000,0.000,1.542,0.0,1,-1.315,,0,0
16.6833,1.1970,1.720,-0.000,0.000,1.541,0.0,1,-1.315,,0,0
16.7000,1.1970,1.719,-0.000,0.000,1.540,0.0,1,-1.315,,0,0
16.7167,1.1970,1.719,-0.000,0.000,1.538,0.0,1,-1.315,,0,0
16.7333,1.1970,1.719,-0.000,-0.000,1.537,0.0,1,-1.315,,0,0
16.7500,1.1970,1.719,-0.000,-0.000,1.536,0.0,1,-1.315,,0,0
16.7667,1.1970,1.719,-0.000,-0.000,1.534,0.0,1,-1.315,,0,0
16.7833,1.1970,1.719,-0.000,-0.000,1.533,0.0,1,-1.315,,0,0
16.8000,1.1970,1.718,-0.000,-0.001,1.531,0.0,1,-1.315,,0,0
16.8167,1.1970,1.718,-0.000,-0.001,1.530,0.0,1,-1.315,,0,0
16.8333,1.1970,1.718,-0.000,-0.001,1.529,0.0,1,-1.314,,0,0
16.8500,1.1970,1.718,-0.000,-0.001,1.527,0.0,1,-1.314,,0,0
16.8667,1.1969,1.719,-0.000,-0.001,1.526,0.0,1,-1.314,,0,0
16.8833,1.1969,1.719,-0.000,-0.001,1.525,0.0,1,-1.314,,0,0
16.9000,1.1969,1.719,-0.000,-0.001,1.523,0.0,1,-1.314,,0,0
16.9167,1.1969,1.719,-0.000,-0.001,1.522,0.0,1,-1.314,,0,0
16.9333,1.1969,1.719,-0.000,-0.001,1.521,0.0,1,-1.314,,0,0
16.9500,1.1969,1.719,-0.000,-0.001,1.519,0.0,1,-1.314,,0,0
16.9667,1.1968,1.719,-0.000,-0.001,1.518,0.0,1,-1.314,,0,0
16.9833,1.1968,1.719,-0.000,-0.001,1.517,0.0,1,-1.314,,0,0
17.0000,1.1968,1.719,-0.000,-0.001,1.516,0.0,1,-1.314,,0,0
17.0167,1.1968,1.719,-0.000,-0.001,1.514,0.0,1,-1.314,,0,0
17.0333,1.1968,1.719,-0.000,-0.001,1.513,0.0,1,-1.314,,0,0
17.0500,1.1968,1.719,-0.000,-0.001,1.512,0.0,1,-1.314,,0,0
17.0667,1.1967,1.719,-0.000,-0.001,1.510,0.0,1,-1.314,,0,0
17.0833,1.1967,1.719,-0.000,-0.001,1.509,0.0,1,-1.314,,0,0
17.1000,1.1967,1.719,-0.000,-0.001,1.508,0.0,1,-1.314,,0,0
17.1167,1.1967,1.719,-0.000,-0.001,1.506,0.0,1,-1.314,,0,0
17.1333,1.1967,1.718,-0.000,-0.001,1.505,0.0,1,-1.314,,0,0
17.1500,1.1967,1.718,-0.000,-0.000,1.504,0.0,1,-1.314,,0,0
17.1667,1.1967,1.718,-0.000,-0.000,1.502,0.0,1,-1.314,,0,0
17.1833,1.1967,1.718,-0.000,-0.000,1.501,0.0,1,-1.314,,0,0
17.2000,1.1967,1.718,-0.000,-0.000,1.500,0.0,1,-1.314,,0,0
17.2167,1.1967,1.718,-0.000,-0.000,1.499,0.0,1,-1.314,,0,0
17.2333,1.1967,1.718,-0.000,0.000,1.497,0.0,1,-1.314,,0,0
17.2500,1.1967,1.718,-0.000,0.000,1.496,0.0,1,-1.314,,0,0
17.2667,1.1967,1.717,-0.000,0.000,1.495,0.0,1,-1.314,,0,0
17.2833,1.1967,1.717,-0.000,0.000,1.493,0.0,1,-1.314,,0,0
17.3000,1.1967,1.717,-0.000,0.000,1.492,0.0,1,-1.314,,0,0
17.3167,1.1967,1.717,-0.000,0.000,1.491,0.0,1,-1.314,,0,0
17.3333,1.1967,1.716,-0.000,0.000,1.490,0.0,1,-1.314,,0,0
17.3500,1.1967,1.716,-0.000,0.000,1.488,0.0,1,-1.314,,0,0
17.3667,1.1967,1.716,-0.000,0.000,1.487,0.0,1,-1.314,,0,0
17.3833,1.1967,1.716,-0.000,0.000,1.486,0.0,1,-1.314,,0,0
17.4000,1.1967,1.715,-0.000,0.000,1.484,0.0,1,-1.314,,0,0
17.4167,1.1967,1.715,-0.000,0.000,1.483,0.0,1,-1.314,,0,0
17.4333,1.1967,1.715,-0.000,0.000,1.482,0.0,1,-1.314,,0,0
17.4500,1.1968,1.715,-0.000,0.000,1.481,0.0,1,-1.314,,0,0
17.4667,1.1968,1.714,-0.000,0.000,1.479,0.0,1,-1.314,,0,0
17.4833,1.1968,1.714,-0.000,0.000,1.478,0.0,1,-1.314,,0,0
17.5000,1.1968,1.714,-0.000,0.000,1.477,0.0,1,-1.314,,0,0
17.5167,1.1968,1.714,-0.000,0.000,1.476,0.0,1,-1.314,,0,0
17.5333,1.1968,1.713,-0.000,0.000,1.474,0.0,1,-1.314,,0,0
17.5500,1.1968,1.713,-0.000,-0.000,1.473,0.0,1,-1.314,,0,0
17.5667,1.1968,1.713,-0.000,-0.000,1.472,0.0,1,-1.314,,0,0
17.5833,1.1968,1.713,-0.000,-0.000,1.471,0.0,1,-1.314,,0,0
17.6000,1.1968,1.713,-0.000,-0.000,1.469,0.0,1,-1.314,,0,0
17.6167,1.1968,1.712,-0.000,-0.000,1.468,0.0,1,-1.314,,0,0
17.6333,1.1967,1.712,-0.000,-0.000,1.467,0.0,1,-1.314,,0,0
17.6500,1.1967,1.712,-0.000,-0.001,1.466,0.0,1,-1.314,,0,0
17.6667,1.1967,1.712,-0.000,-0.001,1.464,0.0,1,-1.314,,0,0
17.6833,1.1967,1.712,-0.000,-0.001,1.463,0.0,1,-1.314,,0,0
17.7000,1.1967,1.712,-0.000,-0.001,1.462,0.0,1,-1.314,,0,0
17.7167,1.1967,1.712,-0.000,-0.001,1.461,0.0,1,-1.314,,0,0
17.7333,1.1967,1.712,-0.000,-0.001,1.460,0.0,1,-1.314,,0,0
17.7500,1.1967,1.712,-0.000,-0.001,1.458,0.0,1,-1.314,,0,0
17.7667,1.1967,1.712,-0.000,-0.001,1.457,0.0,1,-1.314,,0,0
17.7833,1.1966,1.712,-0.000,-0.001,1.456,0.0,1,-1.314,,0,0
17.8000,1.1966,1.712,-0.000,-0.001,1.455,0.0,1,-1.314,,0,0
17.8167,1.1966,1.712,-0.000,-0.001,1.453,0.0,1,-1.314,,0,0
17.8333,1.1966,1.712,-0.000,-0.001,1.452,0.0,1,-1.314,,0,0
17.8500,1.1966,1.712,-0.000,-0.001,1.451,0.0,1,-1.314,,0,0
17.8667,1.1966,1.712,-0.000,-0.001,1.450,0.0,1,-1.314,,0,0
17.8833,1.1966,1.712,-0.000,-0.001,1.448,0.0,1,-1.314,,0,0
17.9000,1.1965,1.712,-0.000,-0.001,1.447,0.0,1,-1.314,,0,0
17.9167,1.1965,1.712,-0.000,-0.001,1.446,0.0,1,-1.314,,0,0
17.9333,1.1965,1.712,-0.000,-0.001,1.445,0.0,1,-1.314,,0,0
17.9500,1.1965,1.712,-0.000,-0.000,1.444,0.0,1,-1.314,,0,0
17.9667,1.1965,1.711,-0.000,-0.000,1.442,0.0,1,-1.314,,0,0
17.9833,1.1965,1.711,-0.000,-0.000,1.441,0.0,1,-1.314,,0,0
18.0000,1.1965,1.711,0.000,-0.000,1.440,0.0,1,-1.314,,0,0
18.0167,1.1965,1.711,0.000,-0.000,1.439,0.0,1,-1.314,,0,0
18.0333,1.1965,1.711,0.000,-0.000,1.438,0.0,1,-1.314,,0,0
18.0500,1.1965,1.711,0.000,-0.000,1.436,0.0,1,-1.314,,0,0
18.0667,1.1965,1.710,0.000,0.000,1.435,0.0,1,-1.314,,0,0
18.0833,1.1965,1.710,0.000,0.000,1.434,0.0,1,-1.314,,0,0
18.1000,1.1965,1.710,0.000,0.000,1.433,0.0,1,-1.314,,0,0
18.1167,1.1965,1.710,0.000,0.000,1.432,0.0,1,-1.314,,0,0
18.1333,1.1965,1.710,0.000,0.000,1.430,0.0,1,-1.314,,0,0
18.1500,1.1965,1.709,0.000,0.000,1.429,0.0,1,-1.314,,0,0
18.1667,1.1965,1.709,0.000,0.000,1.428,0.0,1,-1.314,,0,0
18.1833,1.1965,1.709,0.000,0.000,1.427,0.0,1,-1.314,,0,0
18.2000,1.1965,1.709,0.000,0.000,1.426,0.0,1,-1.314,,0,0
18.2167,1.1965,1.708,0.000,0.000,1.425,0.0,1,-1.314,,0,0
18.2333,1.1965,1.708,0.000,0.000,1.423,0.0,1,-1.314,,0,0
18.2500,1.1965,1.708,0.000,0.000,1.422,0.0,1,-1.314,,0,0
18.2667,1.1965,1.708,0.000,0.000,1.421,0.0,1,-1.314,,0,0
18.2833,1.1965,1.707,0.000,0.000,1.420,0.0,1,-1.314,,0,0
18.3000,1.1966,1.707,0.000,0.000,1.419,0.0,1,-1.314,,0,0
18.3167,1.1966,1.707,0.000,0.000,1.418,0.0,1,-1.314,,0,0
18.3333,1.1966,1.707,0.000,0.000,1.416,0.0,1,-1.314,,0,0
18.3500,1.1966,1.707,0.000,-0.000,1.415,0.0,1,-1.314,,0,0
18.3667,1.1966,1.706,0.000,-0.000,1.414,0.0,1,-1.314,,0,0
18.3833,1.1966,1.706,0.000,-0.000,1.413,0.0,1,-1.314,,0,0
18.4000,1.1965,1.706,0.000,-0.000,1.412,0.0,1,-1.314,,0,0
18.4167,1.1965,1.706,0.000,-0.000,1.411,0.0,1,-1.314,,0,0
18.4333,1.1965,1.706,0.000,-0.000,1.409,0.0,1,-1.314,,0,0
18.4500,1.1965,1.706,0.000,-0.000,1.408,0.0,1,-1.314,,0,0
18.4667,1.1965,1.706,0.000,-0.000,1.407,0.0,1,-1.314,,0,0
18.4833,1.1965,1.706,0.000,-0.000,1.406,0.0,1,-1.314,,0,0
18.5000,1.1965,1.706,0.000,-0.001,1.405,0.0,1,-1.314,,0,0
18.5167,1.1965,1.706,0.000,-0.001,1.404,0.0,1,-1.314,,0,0
18.5333,1.1965,1.706,0.000,-0.001,1.402,0.0,1,-1.314,,0,0
18.5500,1.1965,1.705,0.000,-0.001,1.401,0.0,1,-1.314,,0,0
18.5667,1.1965,1.705,0.000,-0.001,1.400,0.0,1,-1.314,,0,0
18.5833,1.1965,1.705,0.000,-0.001,1.399,0.0,1,-1.314,,0,0
18.6000,1.1964,1.705,0.000,-0.001,1.398,0.0,1,-1.314,,0,0
18.6167,1.1964,1.705,0.000,-0.001,1.397,0.0,1,-1.314,,0,0
18.6333,1.1964,1.705,0.000,-0.001,1.396,0.0,1,-1.314,,0,0
18.6500,1.1964,1.705,0.000,-0.001,1.394,0.0,1,-1.314,,0,0
18.6667,1.1964,1.705,0.000,-0.001,1.393,0.0,1,-1.314,,0,0
18.6833,1.1964,1.705,0.000,-0.001,1.392,0.0,1,-1.314,,0,0
18.7000,1.1964,1.705,0.000,-0.001,1.391,0.0,1,-1.314,,0,0
18.7167,1.1964,1.705,0.000,-0.001,1.390,0.0,1,-1.314,,0,0
18.7333,1.1964,1.705,0.000,-0.000,1.389,0.0,1,-1.314,,0,0
18.7500,1.1964,1.705,0.000,-0.000,1.388,0.0,1,-1.314,,0,0
18.7667,1.1964,1.705,0.000,-0.000,1.387,0.0,1,-1.314,,0,0
18.7833,1.1963,1.705,0.000,-0.000,1.385,0.0,1,-1.314,,0,0
18.8000,1.1963,1.705,0.000,-0.000,1.384,0.0,1,-1.314,,0,0
18.8167,1.1963,1.705,0.000,-0.000,1.383,0.0,1,-1.314,,0,0
18.8333,1.1963,1.705,0.000,-0.000,1.382,0.0,1,-1.314,,0,0
18.8500,1.1963,1.705,0.000,-0.000,1.381,0.0,1,-1.314,,0,0
18.8667,1.1963,1.704,0.000,-0.000,1.380,0.0,1,-1.314,,0,0
18.8833,1.1963,1.704,0.000,0.000,1.379,0.0,1,-1.314,,0,0
18.9000,1.1963,1.704,0.000,0.000,1.378,0.0,1,-1.314,,0,0
18.9167,1.1963,1.704,0.000,0.000,1.377,0.0,1,-1.313,,0,0
18.9333,1.1963,1.704,0.000,0.000,1.375,0.0,1,-1.313,,0,0
18.9500,1.1963,1.703,-0.000,0.000,1.374,0.0,1,-1.313,,0,0
18.9667,1.1963,1.703,-0.000,0.000,1.373,0.0,1,-1.313,,0,0
18.9833,1.1963,1.703,-0.000,0.000,1.372,0.0,1,-1.313,,0,0
19.0000,1.1963,1.703,-0.000,0.000,1.371,0.0,1,-1.313,,0,0
19.0167,1.1964,1.703,-0.000,0.000,1.370,0.0,1,-1.313,,0,0
19.0333,1.1964,1.702,-0.000,0.000,1.369,0.0,1,-1.313,,0,0
19.0500,1.1964,1.702,-0.000,0.000,1.368,0.0,1,-1.313,,0,0
19.0667,1.1964,1.702,-0.000,0.000,1.367,0.0,1,-1.313,,0,0
19.0833,1.1964,1.702,-0.000,0.000,1.366,0.0,1,-1.313,,0,0
19.1000,1.1964,1.702,-0.000,0.000,1.364,0.0,1,-1.313,,0,0
19.1167,1.1964,1.701,-0.000,0.000,1.363,0.0,1,-1.313,,0,0
19.1333,1.1964,1.701,-0.000,0.000,1.362,0.0,1,-1.313,,0,0
19.1500,1.1964,1.701,-0.000,-0.000,1.361,0.0,1,-1.313,,0,0
19.1667,1.1964,1.701,-0.000,-0.000,1.360,0.0,1,-1.313,,0,0
19.1833,1.1964,1.701,-0.000,-0.000,1.359,0.0,1,-1.313,,0,0
19.2000,1.1964,1.700,-0.000,-0.000,1.358,0.0,1,-1.313,,0,0
19.2167,1.1964,1.700,-0.000,-0.000,1.357,0.0,1,-1.313,,0,0
19.2333,1.1964,1.700,-0.000,-0.000,1.356,0.0,1,-1.313,,0,0
19.2500,1.1964,1.700,-0.000,-0.000,1.355,0.0,1,-1.313,,0,0
19.2667,1.1963,1.700,-0.000,-0.000,1.354,0.0,1,-1.313,,0,0
19.2833,1.1963,1.700,-0.000,-0.000,1.352,0.0,1,-1.313,,0,0
19.3000,1.1963,1.700,-0.000,-0.000,1.351,0.0,1,-1.313,,0,0
19.3167,1.1963,1.700,-0.000,-0.000,1.350,0.0,1,-1.313,,0,0
19.3333,1.1963,1.700,-0.000,-0.000,1.349,0.0,1,-1.313,,0,0
19.3500,1.1963,1.700,-0.000,-0.000,1.348,0.0,1,-1.313,,0,0
19.3667,1.1963,1.700,-0.000,-0.001,1.347,0.0,1,-1.313,,0,0
19.3833,1.1963,1.700,-0.000,-0.001,1.346,0.0,1,-1.313,,0,0
19.4000,1.1963,1.700,-0.000,-0.001,1.345,0.0,1,-1.313,,0,0
19.4167,1.1963,1.699,-0.000,-0.001,1.344,0.0,1,-1.313,,0,0
19.4333,1.1963,1.699,-0.000,-0.001,1.343,0.0,1,-1.313,,0,0
19.4500,1.1963,1.699,-0.000,-0.001,1.342,0.0,1,-1.313,,0,0
19.4667,1.1963,1.699,-0.000,-0.001,1.341,0.0,1,-1.313,,0,0
19.4833,1.1962,1.699,-0.000,-0.000,1.340,0.0,1,-1.313,,0,0
19.5000,1.1962,1.699,-0.000,-0.000,1.339,0.0,1,-1.313,,0,0
19.5167,1.1962,1.699,-0.000,-0.000,1.338,0.0,1,-1.313,,0,0
19.5333,1.1962,1.699,-0.000,-0.000,1.337,0.0,1,-1.313,,0,0
19.5500,1.1962,1.699,-0.000,-0.000,1.335,0.0,1,-1.313,,0,0
19.5667,1.1962,1.699,-0.000,-0.000,1.334,0.0,1,-1.313,,0,0
19.5833,1.1962,1.699,-0.000,-0.000,1.333,0.0,1,-1.313,,0,0
19.6000,1.1962,1.699,-0.000,-0.000,1.332,0.0,1,-1.313,,0,0
19.6167,1.1962,1.699,-0.000,-0.000,1.331,0.0,1,-1.313,,0,0
19.6333,1.1962,1.699,-0.000,-0.000,1.330,0.0,1,-1.313,,0,0
19.6500,1.1962,1.699,-0.000,-0.000,1.329,0.0,1,-1.313,,0,0
19.6667,1.1962,1.699,-0.000,-0.000,1.328,0.0,1,-1.313,,0,0
19.6833,1.1962,1.699,-0.000,-0.000,1.327,0.0,1,-1.313,,0,0
19.7000,1.1962,1.698,-0.000,-0.000,1.326,0.0,1,-1.313,,0,0
19.7167,1.1962,1.698,-0.000,0.000,1.325,0.0,1,-1.313,,0,0
19.7333,1.1962,1.698,-0.000,0.000,1.324,0.0,1,-1.313,,0,0
19.7500,1.1962,1.698,-0.000,0.000,1.323,0.0,1,-1.313,,0,0
19.7667,1.1962,1.698,-0.000,0.000,1.322,0.0,1,-1.313,,0,0
19.7833,1.1962,1.698,-0.000,0.000,1.321,0.0,1,-1.313,,0,0
19.8000,1.1962,1.697,-0.000,0.000,1.320,0.0,1,-1.313,,0,0
19.8167,1.1962,1.697,-0.000,0.000,1.319,0.0,1,-1.313,,0,0
19.8333,1.1962,1.697,-0.000,0.000,1.318,0.0,1,-1.313,,0,0
19.8500,1.1962,1.697,-0.000,0.000,1.317,0.0,1,-1.313,,0,0
19.8667,1.1962,1.697,-0.000,0.000,1.316,0.0,1,-1.313,,0,0
19.8833,1.1962,1.697,-0.000,0.000,1.315,0.0,1,-1.313,,0,0
19.9000,1.1962,1.696,-0.000,0.000,1.314,0.0,1,-1.313,,0,0
19.9167,1.1962,1.696,-0.000,0.000,1.313,0.0,1,-1.313,,0,0
19.9333,1.1962,1.696,-0.000,0.000,1.312,0.0,1,-1.313,,0,0
19.9500,1.1962,1.696,-0.000,-0.000,1.311,0.0,1,-1.313,,0,0
19.9667,1.1962,1.696,-0.000,-0.000,1.310,0.0,1,-1.313,,0,0
19.9833,1.1962,1.696,-0.000,-0.000,1.309,0.0,1,-1.313,,0,0
20.0000,1.1962,1.695,-0.000,-0.000,1.308,0.0,1,-1.313,,0,0
20.0167,1.1962,1.695,-0.000,-0.000,1.307,0.0,1,-1.313,,0,0
20.0333,1.1962,1.695,-0.000,-0.000,1.306,0.0,1,-1.313,,0,0
20.0500,1.1962,1.695,-0.000,-0.000,1.305,0.0,1,-1.313,,0,0
20.0667,1.1962,1.695,-0.000,-0.000,1.304,0.0,1,-1.313,,0,0
20.0833,1.1962,1.695,-0.000,-0.000,1.303,0.0,1,-1.313,,0,0
20.1000,1.1962,1.695,-0.000,-0.000,1.302,0.0,1,-1.313,,0,0
20.1167,1.1962,1.695,-0.000,-0.000,1.301,0.0,1,-1.313,,0,0
20.1333,1.1962,1.695,-0.000,-0.000,1.300,0.0,1,-1.313,,0,0
20.1500,1.1962,1.694,-0.000,-0.000,1.299,0.0,1,-1.313,,0,0
20.1667,1.1962,1.694,0.000,-0.000,1.298,0.0,1,-1.313,,0,0
20.1833,1.1961,1.694,0.000,-0.000,1.297,0.0,1,-1.313,,0,0
20.2000,1.1961,1.694,0.000,-0.000,1.296,0.0,1,-1.313,,0,0
20.2167,1.1961,1.694,0.000,-0.000,1.295,0.0,1,-1.313,,0,0
20.2333,1.1961,1.694,0.000,-0.000,1.294,0.0,1,-1.313,,0,0
20.2500,1.1961,1.694,0.000,-0.000,1.293,0.0,1,-1.313,,0,0
20.2667,1.1961,1.694,0.000,-0.000,1.292,0.0,1,-1.313,,0,0
20.2833,1.1961,1.694,0.000,-0.000,1.291,0.0,1,-1.313,,0,0
20.3000,1.1961,1.694,0.000,-0.000,1.290,0.0,1,-1.313,,0,0
20.3167,1.1961,1.694,0.000,-0.000,1.289,0.0,1,-1.313,,0,0
20.3333,1.1961,1.694,0.000,-0.000,1.288,0.0,1,-1.313,,0,0
20.3500,1.1961,1.694,0.000,-0.000,1.287,0.0,1,-1.313,,0,0
20.3667,1.1961,1.694,0.000,-0.000,1.286,0.0,1,-1.313,,0,0
20.3833,1.1961,1.694,0.000,-0.000,1.285,0.0,1,-1.313,,0,0
20.4000,1.1961,1.694,0.000,-0.000,1.284,0.0,1,-1.313,,0,0
20.4167,1.1961,1.694,0.000,-0.000,1.283,0.0,1,-1.313,,0,0
20.4333,1.1961,1.694,0.000,-0.000,1.282,0.0,1,-1.313,,0,0
20.4500,1.1961,1.693,0.000,-0.000,1.281,0.0,1,-1.313,,0,0
20.4667,1.1961,1.693,0.000,-0.000,1.280,0.0,1,-1.313,,0,0
20.4833,1.1960,1.693,0.000,-0.000,1.279,0.0,1,-1.313,,0,0
20.5000,1.1960,1.693,0.000,-0.000,1.278,0.0,1,-1.313,,0,0
20.5167,1.1960,1.693,0.000,-0.000,1.277,0.0,1,-1.313,,0,0
20.5333,1.1960,1.693,0.000,-0.000,1.276,0.0,1,-1.313,,0,0
20.5500,1.1960,1.693,0.000,0.000,1.275,0.0,1,-1.313,,0,0
20.5667,1.1960,1.693,0.000,0.000,1.274,0.0,1,-1.313,,0,0
20.5833,1.1960,1.693,0.000,0.000,1.273,0.0,1,-1.313,,0,0
20.6000,1.1960,1.692,0.000,0.000,1.272,0.0,1,-1.313,,0,0
20.6167,1.1960,1.692,0.000,0.000,1.271,0.0,1,-1.313,,0,0
20.6333,1.1960,1.692,0.000,0.000,1.270,0.0,1,-1.313,,0,0
20.6500,1.1961,1.692,0.000,0.000,1.269,0.0,1,-1.313,,0,0
20.6667,1.1961,1.692,0.000,0.000,1.268,0.0,1,-1.313,,0,0
20.6833,1.1961,1.692,0.000,0.000,1.267,0.0,1,-1.313,,0,0
20.7000,1.1961,1.692,0.000,0.000,1.266,0.0,1,-1.313,,0,0
20.7167,1.1961,1.691,0.000,0.000,1.265,0.0,1,-1.313,,0,0
20.7333,1.1961,1.691,0.000,0.000,1.264,0.0,1,-1.313,,0,0
20.7500,1.1961,1.691,0.000,-0.000,1.263,0.0,1,-1.313,,0,0
20.7667,1.1961,1.691,0.000,-0.000,1.262,0.0,1,-1.313,,0,0
20.7833,1.1961,1.691,0.000,-0.000,1.262,0.0,1,-1.313,,0,0
20.8000,1.1961,1.691,0.000,-0.000,1.261,0.0,1,-1.313,,0,0
20.8167,1.1961,1.691,0.000,-0.000,1.260,0.0,1,-1.313,,0,0
20.8333,1.1960,1.690,0.000,-0.000,1.259,0.0,1,-1.313,,0,0
20.8500,1.1960,1.690,-0.000,-0.000,1.258,0.0,1,-1.313,,0,0
20.8667,1.1960,1.690,-0.000,-0.000,1.257,0.0,1,-1.313,,0,0
20.8833,1.1960,1.690,-0.000,-0.000,1.256,0.0,1,-1.313,,0,0
20.9000,1.1960,1.690,-0.000,-0.000,1.255,0.0,1,-1.313,,0,0
20.9167,1.1960,1.690,-0.000,-0.000,1.254,0.0,1,-1.313,,0,0
20.9333,1.1960,1.690,-0.000,-0.000,1.253,0.0,1,-1.313,,0,0
20.9500,1.1960,1.690,-0.000,-0.000,1.252,0.0,1,-1.313,,0,0
20.9667,1.1960,1.690,-0.000,-0.000,1.251,0.0,1,-1.313,,0,0
20.9833,1.1960,1.690,-0.000,-0.000,1.250,0.0,1,-1.313,,0,0
21.0000,1.1960,1.690,-0.000,-0.000,1.249,0.0,1,-1.313,,0,0
21.0167,1.1960,1.690,-0.000,-0.000,1.248,0.0,1,-1.313,,0,0
21.0333,1.1960,1.690,-0.000,-0.000,1.247,0.0,1,-1.313,,0,0
21.0500,1.1960,1.689,-0.000,-0.000,1.247,0.0,1,-1.313,,0,0
21.0667,1.1960,1.689,-0.000,-0.000,1.246,0.0,1,-1.313,,0,0
21.0833,1.1960,1.689,-0.000,-0.000,1.245,0.0,1,-1.313,,0,0
21.1000,1.1960,1.689,-0.000,-0.000,1.244,0.0,1,-1.313,,0,0
21.1167,1.1960,1.689,-0.000,-0.000,1.243,0.0,1,-1.313,,0,0
21.1333,1.1960,1.689,-0.000,-0.000,1.242,0.0,1,-1.313,,0,0
21.1500,1.1960,1.689,-0.000,-0.000,1.241,0.0,1,-1.313,,0,0
21.1667,1.1960,1.689,-0.000,-0.000,1.240,0.0,1,-1.313,,0,0
21.1833,1.1959,1.689,-0.000,-0.000,1.239,0.0,1,-1.313,,0,0
21.2000,1.1959,1.689,-0.000,-0.000,1.238,0.0,1,-1.313,,0,0
21.2167,1.1959,1.689,-0.000,-0.000,1.237,0.0,1,-1.313,,0,0
21.2333,1.1959,1.689,-0.000,-0.000,1.236,0.0,1,-1.313,,0,0
21.2500,1.1959,1.689,-0.000,-0.000,1.235,0.0,1,-1.313,,0,0
21.2667,1.1959,1.689,-0.000,-0.000,1.235,0.0,1,-1.313,,0,0
21.2833,1.1959,1.689,-0.000,-0.000,1.234,0.0,1,-1.313,,0,0
21.3000,1.1959,1.688,-0.000,-0.000,1.233,0.0,1,-1.313,,0,0
21.3167,1.1959,1.688,-0.000,-0.000,1.232,0.0,1,-1.313,,0,0
21.3333,1.1959,1.688,-0.000,-0.000,1.231,0.0,1,-1.313,,0,0
21.3500,1.1959,1.688,-0.000,-0.000,1.230,0.0,1,-1.313,,0,0
21.3667,1.1959,1.688,-0.000,-0.000,1.229,0.0,1,-1.313,,0,0
21.3833,1.1959,1.688,-0.000,-0.000,1.228,0.0,1,-1.313,,0,0
21.4000,1.1959,1.688,-0.000,0.000,1.227,0.0,1,-1.313,,0,0
21.4167,1.1959,1.688,-0.000,0.000,1.226,0.0,1,-1.313,,0,0
21.4333,1.1959,1.688,-0.000,0.000,1.225,0.0,1,-1.313,,0,0
21.4500,1.1959,1.687,-0.000,0.000,1.225,0.0,1,-1.313,,0,0
21.4667,1.1959,1.687,-0.000,0.000,1.224,0.0,1,-1.313,,0,0
21.4833,1.1959,1.687,-0.000,0.000,1.223,0.0,1,-1.313,,0,0
21.5000,1.1959,1.687,-0.000,0.000,1.222,0.0,1,-1.313,,0,0
21.5167,1.1959,1.687,-0.000,0.000,1.221,0.0,1,-1.313,,0,0
21.5333,1.1959,1.687,-0.000,0.000,1.220,0.0,1,-1.313,,0,0
21.5500,1.1959,1.687,-0.000,-0.000,1.219,0.0,1,-1.313,,0,0
21.5667,1.1959,1.687,-0.000,-0.000,1.218,0.0,1,-1.313,,0,0
21.5833,1.1959,1.686,-0.000,-0.000,1.217,0.0,1,-1.313,,0,0
21.6000,1.1959,1.686,-0.000,-0.000,1.216,0.0,1,-1.313,,0,0
21.6167,1.1959,1.686,-0.000,-0.000,1.216,0.0,1,-1.313,,0,0
21.6333,1.1959,1.686,-0.000,-0.000,1.215,0.0,1,-1.313,,0,0
21.6500,1.1959,1.686,-0.000,-0.000,1.214,0.0,1,-1.313,,0,0
21.6667,1.1959,1.686,-0.000,-0.000,1.213,0.0,1,-1.313,,0,0
21.6833,1.1959,1.686,-0.000,-0.000,1.212,0.0,1,-1.313,,0,0
21.7000,1.1959,1.686,-0.000,-0.000,1.211,0.0,1,-1.313,,0,0
21.7167,1.1959,1.686,-0.000,-0.000,1.210,0.0,1,-1.313,,0,0
21.7333,1.1959,1.686,-0.000,-0.000,1.209,0.0,1,-1.313,,0,0
21.7500,1.1959,1.686,-0.000,-0.000,1.209,0.0,1,-1.313,,0,0
21.7667,1.1959,1.685,-0.000,-0.000,1.208,0.0,1,-1.313,,0,0
21.7833,1.1959,1.685,-0.000,-0.000,1.207,0.0,1,-1.313,,0,0
21.8000,1.1959,1.685,-0.000,-0.000,1.206,0.0,1,-1.313,,0,0
21.8167,1.1959,1.685,-0.000,-0.000,1.205,0.0,1,-1.313,,0,0
21.8333,1.1959,1.685,-0.000,-0.000,1.204,0.0,1,-1.313,,0,0
21.8500,1.1959,1.685,-0.000,-0.000,1.203,0.0,1,-1.313,,0,0
21.8667,1.1959,1.685,-0.000,-0.000,1.202,0.0,1,-1.313,,0,0
21.8833,1.1959,1.685,-0.000,-0.000,1.202,0.0,1,-1.313,,0,0
21.9000,1.1959,1.685,-0.000,-0.000,1.201,0.0,1,-1.313,,0,0
21.9167,1.1959,1.685,-0.000,-0.000,1.200,0.0,1,-1.313,,0,0
21.9333,1.1958,1.685,-0.000,-0.000,1.199,0.0,1,-1.313,,0,0
21.9500,1.1958,1.685,-0.000,-0.000,1.198,0.0,1,-1.313,,0,0
21.9667,1.1958,1.685,-0.000,-0.000,1.197,0.0,1,-1.313,,0,0
21.9833,1.1958,1.685,-0.000,-0.000,1.196,0.0,1,-1.313,,0,0
22.0000,1.1958,1.685,-0.000,-0.000,1.195,0.0,1,-1.313,,0,0
22.0167,1.1958,1.685,-0.000,-0.000,1.195,0.0,1,-1.313,,0,0
22.0333,1.1958,1.685,-0.000,-0.000,1.194,0.0,1,-1.313,,0,0
22.0500,1.1958,1.684,-0.000,-0.000,1.193,0.0,1,-1.313,,0,0
22.0667,1.1958,1.684,-0.000,-0.000,1.192,0.0,1,-1.313,,0,0
22.0833,1.1958,1.684,-0.000,-0.000,1.191,0.0,1,-1.313,,0,0
22.1000,1.1958,1.684,-0.000,-0.000,1.190,0.0,1,-1.312,,0,0
22.1167,1.1958,1.684,-0.000,-0.000,1.189,0.0,1,-1.312,,0,0
22.1333,1.1958,1.684,-0.000,-0.000,1.189,0.0,1,-1.312,,0,0
22.1500,1.1958,1.684,-0.000,-0.000,1.188,0.0,1,-1.312,,0,0
22.1667,1.1958,1.684,-0.000,-0.000,1.187,0.0,1,-1.312,,0,0
22.1833,1.1958,1.684,-0.000,-0.000,1.186,0.0,1,-1.312,,0,0
22.2000,1.1958,1.684,-0.000,-0.000,1.185,0.0,1,-1.312,,0,0
22.2167,1.1958,1.684,-0.000,-0.000,1.184,0.0,1,-1.312,,0,0
22.2333,1.1958,1.683,-0.000,-0.000,1.183,0.0,1,-1.312,,0,0
22.2500,1.1958,1.683,-0.000,-0.000,1.183,0.0,1,-1.312,,0,0
22.2667,1.1958,1.683,-0.000,-0.000,1.182,0.0,1,-1.312,,0,0
22.2833,1.1958,1.683,-0.000,0.000,1.181,0.0,1,-1.312,,0,0
22.3000,1.1958,1.683,-0.000,-0.000,1.180,0.0,1,-1.312,,0,0
22.3167,1.1958,1.683,-0.000,-0.000,1.179,0.0,1,-1.312,,0,0
22.3333,1.1958,1.683,-0.000,-0.000,1.178,0.0,1,-1.312,,0,0
22.3500,1.1958,1.683,-0.000,-0.000,1.178,0.0,1,-1.312,,0,0
22.3667,1.1958,1.683,-0.000,-0.000,1.177,0.0,1,-1.312,,0,0
22.3833,1.1958,1.682,-0.000,-0.000,1.176,0.0,1,-1.312,,0,0
22.4000,1.1958,1.682,-0.000,-0.000,1.175,0.0,1,-1.312,,0,0
22.4167,1.1958,1.682,-0.000,-0.000,1.174,0.0,1,-1.312,,0,0
22.4333,1.1958,1.682,-0.000,-0.000,1.173,0.0,1,-1.312,,0,0
22.4500,1.1958,1.682,-0.000,-0.000,1.173,0.0,1,-1.312,,0,0
22.4667,1.1958,1.682,-0.000,-0.000,1.172,0.0,1,-1.312,,0,0
22.4833,1.1958,1.682,-0.000,-0.000,1.171,0.0,1,-1.312,,0,0
22.5000,1.1958,1.682,-0.000,-0.000,1.170,0.0,1,-1.312,,0,0
22.5167,1.1958,1.682,-0.000,-0.000,1.169,0.0,1,-1.312,,0,0
22.5333,1.1958,1.682,-0.000,-0.000,1.168,0.0,1,-1.312,,0,0
22.5500,1.1958,1.682,-0.000,-0.000,1.168,0.0,1,-1.312,,0,0
22.5667,1.1958,1.681,-0.000,-0.000,1.167,0.0,1,-1.312,,0,0
22.5833,1.1958,1.681,-0.000,-0.000,1.166,0.0,1,-1.312,,0,0
22.6000,1.1958,1.681,-0.000,-0.000,1.165,0.0,1,-1.312,,0,0
22.6167,1.1958,1.681,-0.000,-0.000,1.164,0.0,1,-1.312,,0,0
22.6333,1.1958,1.681,-0.000,-0.000,1.163,0.0,1,-1.312,,0,0
22.6500,1.1958,1.681,-0.000,-0.000,1.163,0.0,1,-1.312,,0,0
22.6667,1.1958,1.681,-0.000,-0.000,1.162,0.0,1,-1.312,,0,0
22.6833,1.1958,1.681,-0.000,-0.000,1.161,0.0,1,-1.312,,0,0
22.7000,1.1957,1.681,-0.000,-0.000,1.160,0.0,1,-1.312,,0,0
22.7167,1.1957,1.681,-0.000,-0.000,1.159,0.0,1,-1.312,,0,0
22.7333,1.1957,1.681,-0.000,-0.000,1.159,0.0,1,-1.312,,0,0
22.7500,1.1957,1.681,-0.000,-0.000,1.158,0.0,1,-1.312,,0,0
22.7667,1.1957,1.681,-0.000,-0.000,1.157,0.0,1,-1.312,,0,0
22.7833,1.1957,1.681,-0.000,-0.000,1.156,0.0,1,-1.312,,0,0
22.8000,1.1957,1.681,-0.000,-0.000,1.155,0.0,1,-1.312,,0,0
22.8167,1.1957,1.681,-0.000,-0.000,1.154,0.0,1,-1.312,,0,0
22.8333,1.1957,1.681,-0.000,-0.000,1.154,0.0,1,-1.312,,0,0
22.8500,1.1957,1.681,-0.000,-0.000,1.153,0.0,1,-1.312,,0,0
22.8667,1.1957,1.681,-0.000,-0.000,1.152,0.0,1,-1.312,,0,0
22.8833,1.1957,1.680,-0.000,-0.000,1.151,0.0,1,-1.312,,0,0
22.9000,1.1957,1.680,-0.000,-0.000,1.150,0.0,1,-1.312,,0,0
22.9167,1.1957,1.680,-0.000,-0.000,1.150,0.0,1,-1.312,,0,0
22.9333,1.1957,1.680,-0.000,-0.000,1.149,0.0,1,-1.312,,0,0
22.9500,1.1957,1.680,-0.000,-0.000,1.148,0.0,1,-1.312,,0,0
22.9667,1.1957,1.680,-0.000,-0.000,1.147,0.0,1,-1.312,,0,0
22.9833,1.1957,1.680,-0.000,-0.000,1.146,0.0,1,-1.312,,0,0
23.0000,1.1957,1.680,-0.000,-0.000,1.146,0.0,1,-1.312,,0,0
23.0167,1.1957,1.680,-0.000,-0.000,1.145,0.0,1,-1.312,,0,0
23.0333,1.1957,1.680,-0.000,-0.000,1.144,0.0,1,-1.312,,0,0
23.0500,1.1957,1.680,-0.000,-0.000,1.143,0.0,1,-1.312,,0,0
23.0667,1.1957,1.679,-0.000,-0.000,1.142,0.0,1,-1.312,,0,0
23.0833,1.1957,1.679,-0.000,-0.000,1.142,0.0,1,-1.312,,0,0
23.1000,1.1957,1.679,-0.000,-0.000,1.141,0.0,1,-1.312,,0,0
23.1167,1.1957,1.679,-0.000,-0.000,1.140,0.0,1,-1.312,,0,0
23.1333,1.1957,1.679,-0.000,-0.000,1.139,0.0,1,-1.312,,0,0
23.1500,1.1957,1.679,-0.000,-0.000,1.138,0.0,1,-1.312,,0,0
23.1667,1.1957,1.679,-0.000,-0.000,1.138,0.0,1,-1.312,,0,0
23.1833,1.1957,1.679,-0.000,-0.000,1.137,0.0,1,-1.312,,0,0
23.2000,1.1957,1.679,-0.000,-0.000,1.136,0.0,1,-1.312,,0,0
23.2167,1.1957,1.679,-0.000,-0.000,1.135,0.0,1,-1.312,,0,0
23.2333,1.1957,1.678,-0.000,-0.000,1.134,0.0,1,-1.312,,0,0
23.2500,1.1957,1.678,-0.000,-0.000,1.134,0.0,1,-1.312,,0,0
23.2667,1.1957,1.678,-0.000,-0.000,1.133,0.0,1,-1.312,,0,0
23.2833,1.1957,1.678,-0.000,-0.000,1.132,0.0,1,-1.312,,0,0
23.3000,1.1957,1.678,-0.000,-0.000,1.131,0.0,1,-1.312,,0,0
23.3167,1.1957,1.678,-0.000,-0.000,1.131,0.0,1,-1.312,,0,0
23.3333,1.1957,1.678,-0.000,-0.000,1.130,0.0,1,-1.312,,0,0
23.3500,1.1957,1.678,-0.000,-0.000,1.129,0.0,1,-1.312,,0,0
23.3667,1.1957,1.678,-0.000,-0.000,1.128,0.0,1,-1.312,,0,0
23.3833,1.1957,1.678,-0.000,-0.000,1.127,0.0,1,-1.312,,0,0
23.4000,1.1957,1.678,-0.000,-0.000,1.127,0.0,1,-1.312,,0,0
23.4167,1.1957,1.678,-0.000,-0.000,1.126,0.0,1,-1.312,,0,0
23.4333,1.1957,1.678,-0.000,-0.000,1.125,0.0,1,-1.312,,0,0
23.4500,1.1957,1.678,-0.000,-0.000,1.124,0.0,1,-1.312,,0,0
23.4667,1.1957,1.678,-0.000,-0.000,1.124,0.0,1,-1.312,,0,0
23.4833,1.1957,1.677,-0.000,-0.000,1.123,0.0,1,-1.312,,0,0
23.5000,1.1956,1.677,-0.000,-0.000,1.122,0.0,1,-1.312,,0,0
23.5167,1.1956,1.677,-0.000,-0.000,1.121,0.0,1,-1.312,,0,0
23.5333,1.1956,1.677,-0.000,-0.000,1.120,0.0,1,-1.312,,0,0
23.5500,1.1956,1.677,-0.000,-0.000,1.120,0.0,1,-1.312,,0,0
23.5667,1.1956,1.677,-0.000,-0.000,1.119,0.0,1,-1.312,,0,0
23.5833,1.1956,1.677,-0.000,-0.000,1.118,0.0,1,-1.312,,0,0
23.6000,1.1956,1.677,-0.000,-0.000,1.117,0.0,1,-1.312,,0,0
23.6167,1.1956,1.677,-0.000,-0.000,1.117,0.0,1,-1.312,,0,0
23.6333,1.1956,1.677,-0.000,-0.000,1.116,0.0,1,-1.312,,0,0
23.6500,1.1956,1.677,-0.000,-0.000,1.115,0.0,1,-1.312,,0,0
23.6667,1.1956,1.677,-0.000,-0.000,1.114,0.0,1,-1.312,,0,0
23.6833,1.1956,1.677,-0.000,-0.000,1.114,0.0,1,-1.312,,0,0
23.7000,1.1956,1.677,-0.000,-0.000,1.113,0.0,1,-1.312,,0,0
23.7167,1.1956,1.677,-0.000,-0.000,1.112,0.0,1,-1.312,,0,0
23.7333,1.1956,1.677,-0.000,-0.000,1.111,0.0,1,-1.312,,0,0
23.7500,1.1956,1.677,-0.000,-0.000,1.111,0.0,1,-1.312,,0,0
23.7667,1.1956,1.677,-0.000,-0.000,1.110,0.0,1,-1.312,,0,0
23.7833,1.1956,1.676,-0.000,-0.000,1.109,0.0,1,-1.312,,0,0
23.8000,1.1956,1.676,-0.000,-0.000,1.108,0.0,1,-1.312,,0,0
23.8167,1.1956,1.676,-0.000,-0.000,1.108,0.0,1,-1.312,,0,0
23.8333,1.1956,1.676,-0.000,-0.000,1.107,0.0,1,-1.312,,0,0
23.8500,1.1956,1.676,-0.000,-0.000,1.106,0.0,1,-1.312,,0,0
23.8667,1.1956,1.676,-0.000,-0.000,1.105,0.0,1,-1.312,,0,0
23.8833,1.1956,1.676,-0.000,-0.000,1.105,0.0,1,-1.312,,0,0
23.9000,1.1956,1.676,-0.000,-0.000,1.104,0.0,1,-1.312,,0,0
23.9167,1.1956,1.676,-0.000,-0.000,1.103,0.0,1,-1.312,,0,0
23.9333,1.1956,1.676,-0.000,-0.000,1.102,0.0,1,-1.312,,0,0
23.9500,1.1956,1.676,-0.000,-0.000,1.102,0.0,1,-1.312,,0,0
23.9667,1.1956,1.675,-0.000,-0.000,1.101,0.0,1,-1.312,,0,0
23.9833,1.1956,1.675,-0.000,-0.000,1.100,0.0,1,-1.312,,0,0
24.0000,1.1956,1.675,-0.000,-0.000,1.099,0.0,1,-1.312,,0,0
24.0167,1.1956,1.675,-0.000,-0.000,1.099,0.0,1,-1.312,,0,0
24.0333,1.1956,1.675,-0.000,-0.000,1.098,0.0,1,-1.312,,0,0
24.0500,1.1956,1.675,-0.000,-0.000,1.097,0.0,1,-1.312,,0,0
24.0667,1.1956,1.675,-0.000,-0.000,1.096,0.0,1,-1.312,,0,0
24.0833,1.1956,1.675,-0.000,-0.000,1.096,0.0,1,-1.312,,0,0
24.1000,1.1956,1.675,-0.000,-0.000,1.095,0.0,1,-1.312,,0,0
24.1167,1.1956,1.675,-0.000,-0.000,1.094,0.0,1,-1.312,,0,0
24.1333,1.1956,1.675,-0.000,-0.000,1.093,0.0,1,-1.312,,0,0
24.1500,1.1956,1.675,-0.000,-0.000,1.093,0.0,1,-1.312,,0,0
24.1667,1.1956,1.675,-0.000,-0.000,1.092,0.0,1,-1.312,,0,0
24.1833,1.1956,1.674,-0.000,-0.000,1.091,0.0,1,-1.312,,0,0
24.2000,1.1956,1.674,-0.000,-0.000,1.090,0.0,1,-1.312,,0,0
24.2167,1.1956,1.674,-0.000,-0.000,1.090,0.0,1,-1.312,,0,0
24.2333,1.1956,1.674,-0.000,-0.000,1.089,0.0,1,-1.312,,0,0
24.2500,1.1956,1.674,-0.000,-0.000,1.088,0.0,1,-1.312,,0,0
24.2667,1.1956,1.674,-0.000,-0.000,1.088,0.0,1,-1.312,,0,0
24.2833,1.1956,1.674,-0.000,-0.000,1.087,0.0,1,-1.312,,0,0
24.3000,1.1956,1.674,-0.000,-0.000,1.086,0.0,1,-1.312,,0,0
24.3167,1.1956,1.674,-0.000,-0.000,1.085,0.0,1,-1.312,,0,0
24.3333,1.1956,1.674,-0.000,-0.000,1.085,0.0,1,-1.312,,0,0
24.3500,1.1955,1.674,-0.000,-0.000,1.084,0.0,1,-1.312,,0,0
24.3667,1.1955,1.674,-0.000,-0.000,1.083,0.0,1,-1.312,,0,0
24.3833,1.1955,1.674,-0.000,-0.000,1.082,0.0,1,-1.312,,0,0
24.4000,1.1955,1.674,-0.000,-0.000,1.082,0.0,1,-1.312,,0,0
24.4167,1.1955,1.674,-0.000,-0.000,1.081,0.0,1,-1.312,,0,0
24.4333,1.1955,1.674,-0.000,-0.000,1.080,0.0,1,-1.312,,0,0
24.4500,1.1955,1.674,-0.000,-0.000,1.080,0.0,1,-1.312,,0,0
24.4667,1.1955,1.674,-0.000,-0.000,1.079,0.0,1,-1.312,,0,0
24.4833,1.1955,1.674,-0.000,-0.000,1.078,0.0,1,-1.312,,0,0
24.5000,1.1955,1.673,-0.000,-0.000,1.077,0.0,1,-1.312,,0,0
24.5167,1.1955,1.673,-0.000,-0.000,1.077,0.0,1,-1.312,,0,0
24.5333,1.1955,1.673,-0.000,-0.000,1.076,0.0,1,-1.312,,0,0
24.5500,1.1955,1.673,-0.000,-0.000,1.075,0.0,1,-1.312,,0,0
24.5667,1.1955,1.673,-0.000,-0.000,1.075,0.0,1,-1.312,,0,0
24.5833,1.1955,1.673,-0.000,-0.000,1.074,0.0,1,-1.312,,0,0
24.6000,1.1955,1.673,-0.000,-0.000,1.073,0.0,1,-1.312,,0,0
24.6167,1.1955,1.673,-0.000,-0.000,1.072,0.0,1,-1.312,,0,0
24.6333,1.1955,1.673,-0.000,-0.000,1.072,0.0,1,-1.312,,0,0
24.6500,1.1955,1.673,-0.000,-0.000,1.071,0.0,1,-1.312,,0,0
24.6667,1.1955,1.673,-0.000,-0.000,1.070,0.0,1,-1.312,,0,0
24.6833,1.1955,1.673,-0.000,-0.000,1.070,0.0,1,-1.312,,0,0
24.7000,1.1955,1.673,-0.000,-0.000,1.069,0.0,1,-1.312,,0,0
24.7167,1.1955,1.673,-0.000,-0.000,1.068,0.0,1,-1.312,,0,0
24.7333,1.1955,1.673,-0.000,-0.000,1.067,0.0,1,-1.312,,0,0
24.7500,1.1955,1.672,-0.000,-0.000,1.067,0.0,1,-1.312,,0,0
24.7667,1.1955,1.672,-0.000,-0.000,1.066,0.0,1,-1.312,,0,0
24.7833,1.1955,1.672,-0.000,-0.000,1.065,0.0,1,-1.312,,0,0
24.8000,1.1955,1.672,-0.000,-0.000,1.065,0.0,1,-1.312,,0,0
24.8167,1.1955,1.672,-0.000,-0.000,1.064,0.0,1,-1.312,,0,0
24.8333,1.1955,1.672,-0.000,-0.000,1.063,0.0,1,-1.312,,0,0
24.8500,1.1955,1.672,-0.000,-0.000,1.062,0.0,1,-1.312,,0,0
24.8667,1.1955,1.672,-0.000,-0.000,1.062,0.0,1,-1.312,,0,0
24.8833,1.1955,1.672,-0.000,-0.000,1.061,0.0,1,-1.312,,0,0
24.9000,1.1955,1.672,-0.000,-0.000,1.060,0.0,1,-1.312,,0,0
24.9167,1.1955,1.672,-0.000,-0.000,1.060,0.0,1,-1.312,,0,0
24.9333,1.1955,1.672,-0.000,-0.000,1.059,0.0,1,-1.312,,0,0
24.9500,1.1955,1.672,-0.000,-0.000,1.058,0.0,1,-1.312,,0,0
24.9667,1.1955,1.671,-0.000,-0.000,1.058,0.0,1,-1.312,,0,0
24.9833,1.1955,1.671,-0.000,-0.000,1.057,0.0,1,-1.312,,0,0
25.0000,1.1955,1.671,-0.000,-0.000,1.056,0.0,1,-1.312,,0,0
25.0167,1.1955,1.671,-0.000,-0.000,1.056,0.0,1,-1.312,,0,0
25.0333,1.1955,1.671,-0.000,-0.000,1.055,0.0,1,-1.312,,0,0
25.0500,1.1955,1.671,-0.000,-0.000,1.054,0.0,1,-1.312,,0,0
25.0667,1.1955,1.671,-0.000,-0.000,1.053,0.0,1,-1.312,,0,0
25.0833,1.1955,1.671,-0.000,-0.000,1.053,0.0,1,-1.312,,0,0
25.1000,1.1955,1.671,-0.000,-0.000,1.052,0.0,1,-1.312,,0,0
25.1167,1.1955,1.671,-0.000,-0.000,1.051,0.0,1,-1.312,,0,0
25.1333,1.1955,1.671,-0.000,-0.000,1.051,0.0,1,-1.312,,0,0
25.1500,1.1955,1.671,-0.000,-0.000,1.050,0.0,1,-1.312,,0,0
25.1667,1.1955,1.671,-0.000,-0.000,1.049,0.0,1,-1.312,,0,0
25.1833,1.1955,1.671,-0.000,-0.000,1.049,0.0,1,-1.312,,0,0
25.2000,1.1955,1.671,-0.000,-0.000,1.048,0.0,1,-1.312,,0,0
25.2167,1.1955,1.671,-0.000,-0.000,1.047,0.0,1,-1.312,,0,0
25.2333,1.1955,1.671,-0.000,-0.000,1.047,0.0,1,-1.312,,0,0
25.2500,1.1955,1.671,-0.000,-0.000,1.046,0.0,1,-1.312,,0,0
25.2667,1.1955,1.671,-0.000,-0.000,1.045,0.0,1,-1.312,,0,0
25.2833,1.1954,1.671,-0.000,-0.000,1.045,0.0,1,-1.312,,0,0
25.3000,1.1954,1.670,-0.000,-0.000,1.044,0.0,1,-1.312,,0,0
25.3167,1.1954,1.670,-0.000,-0.000,1.043,0.0,1,-1.312,,0,0
25.3333,1.1954,1.670,-0.000,-0.000,1.043,0.0,1,-1.312,,0,0
25.3500,1.1954,1.670,-0.000,-0.000,1.042,0.0,1,-1.312,,0,0
25.3667,1.1954,1.670,-0.000,-0.000,1.041,0.0,1,-1.312,,0,0
25.3833,1.1954,1.670,-0.000,-0.000,1.040,0.0,1,-1.312,,0,0
25.4000,1.1954,1.670,-0.000,-0.000,1.040,0.0,1,-1.312,,0,0
25.4167,1.1954,1.670,-0.000,-0.000,1.039,0.0,1,-1.312,,0,0
25.4333,1.1954,1.670,-0.000,-0.000,1.038,0.0,1,-1.312,,0,0
25.4500,1.1954,1.670,-0.000,-0.000,1.038,0.0,1,-1.312,,0,0
25.4667,1.1954,1.670,-0.000,-0.000,1.037,0.0,1,-1.312,,0,0
25.4833,1.1954,1.670,-0.000,-0.000,1.036,0.0,1,-1.312,,0,0
25.5000,1.1954,1.670,-0.000,-0.000,1.036,0.0,1,-1.312,,0,0
25.5167,1.1954,1.670,-0.000,-0.000,1.035,0.0,1,-1.312,,0,0
25.5333,1.1954,1.670,-0.000,-0.000,1.034,0.0,1,-1.312,,0,0
25.5500,1.1954,1.670,-0.000,-0.000,1.034,0.0,1,-1.312,,0,0
25.5667,1.1954,1.669,-0.000,-0.000,1.033,0.0,1,-1.312,,0,0
25.5833,1.1954,1.669,-0.000,-0.000,1.032,0.0,1,-1.312,,0,0
25.6000,1.1954,1.669,-0.000,-0.000,1.032,0.0,1,-1.312,,0,0
25.6167,1.1954,1.669,-0.000,-0.000,1.031,0.0,1,-1.312,,0,0
25.6333,1.1954,1.669,-0.000,-0.000,1.030,0.0,1,-1.312,,0,0
25.6500,1.1954,1.669,-0.000,-0.000,1.030,0.0,1,-1.312,,0,0
25.6667,1.1954,1.669,-0.000,-0.000,1.029,0.0,1,-1.312,,0,0
25.6833,1.1954,1.669,-0.000,-0.000,1.028,0.0,1,-1.312,,0,0
25.7000,1.1954,1.669,-0.000,-0.000,1.028,0.0,1,-1.312,,0,0
25.7167,1.1954,1.669,-0.000,-0.000,1.027,0.0,1,-1.312,,0,0
25.7333,1.1954,1.669,-0.000,-0.000,1.026,0.0,1,-1.312,,0,0
25.7500,1.1954,1.669,-0.000,-0.000,1.026,0.0,1,-1.312,,0,0
25.7667,1.1954,1.669,-0.000,-0.000,1.025,0.0,1,-1.312,,0,0
25.7833,1.1954,1.669,-0.000,-0.000,1.025,0.0,1,-1.312,,0,0
25.8000,1.1954,1.669,-0.000,-0.000,1.024,0.0,1,-1.312,,0,0
25.8167,1.1954,1.668,-0.000,-0.000,1.023,0.0,1,-1.312,,0,0
25.8333,1.1954,1.668,-0.000,-0.000,1.023,0.0,1,-1.312,,0,0
25.8500,1.1954,1.668,-0.000,-0.000,1.022,0.0,1,-1.312,,0,0
25.8667,1.1954,1.668,-0.000,-0.000,1.021,0.0,1,-1.312,,0,0
25.8833,1.1954,1.668,-0.000,-0.000,1.021,0.0,1,-1.312,,0,0
25.9000,1.1954,1.668,-0.000,-0.000,1.020,0.0,1,-1.312,,0,0
25.9167,1.1954,1.668,-0.000,-0.000,1.019,0.0,1,-1.312,,0,0
25.9333,1.1954,1.668,-0.000,-0.000,1.019,0.0,1,-1.312,,0,0
25.9500,1.1954,1.668,-0.000,-0.000,1.018,0.0,1,-1.312,,0,0
25.9667,1.1954,1.668,-0.000,-0.000,1.017,0.0,1,-1.312,,0,0
25.9833,1.1954,1.668,-0.000,-0.000,1.017,0.0,1,-1.312,,0,0
26.0000,1.1954,1.668,-0.000,-0.000,1.016,0.0,1,-1.312,,0,0
26.0167,1.1954,1.668,-0.000,-0.000,1.015,0.0,1,-1.312,,0,0
26.0333,1.1954,1.668,-0.000,-0.000,1.015,0.0,1,-1.312,,0,0
26.0500,1.1954,1.668,-0.000,-0.000,1.014,0.0,1,-1.312,,0,0
26.0667,1.1954,1.668,-0.000,-0.000,1.013,0.0,1,-1.312,,0,0
26.0833,1.1954,1.668,-0.000,-0.000,1.013,0.0,1,-1.312,,0,0
26.1000,1.1954,1.668,-0.000,-0.000,1.012,0.0,1,-1.312,,0,0
26.1167,1.1954,1.668,-0.000,-0.000,1.012,0.0,1,-1.312,,0,0
26.1333,1.1954,1.668,-0.000,-0.000,1.011,0.0,1,-1.312,,0,0
26.1500,1.1954,1.668,-0.000,-0.000,1.010,0.0,1,-1.312,,0,0
26.1667,1.1954,1.667,-0.000,-0.000,1.010,0.0,1,-1.312,,0,0
26.1833,1.1954,1.667,-0.000,-0.000,1.009,0.0,1,-1.312,,0,0
26.2000,1.1954,1.667,-0.000,-0.000,1.008,0.0,1,-1.312,,0,0
26.2167,1.1954,1.667,-0.000,-0.000,1.008,0.0,1,-1.312,,0,0
26.2333,1.1954,1.667,-0.000,-0.000,1.007,0.0,1,-1.312,,0,0
26.2500,1.1954,1.667,-0.000,-0.000,1.006,0.0,1,-1.312,,0,0
26.2667,1.1954,1.667,-0.000,-0.000,1.006,0.0,1,-1.312,,0,0
26.2833,1.1954,1.667,-0.000,-0.000,1.005,0.0,1,-1.312,,0,0
26.3000,1.1954,1.667,-0.000,-0.000,1.005,0.0,1,-1.312,,0,0
26.3167,1.1954,1.667,-0.000,-0.000,1.004,0.0,1,-1.312,,0,0
26.3333,1.1954,1.667,-0.000,-0.000,1.003,0.0,1,-1.312,,0,0
26.3500,1.1954,1.667,-0.000,-0.000,1.003,0.0,1,-1.312,,0,0
26.3667,1.1954,1.667,-0.000,-0.000,1.002,0.0,1,-1.312,,0,0
26.3833,1.1954,1.667,-0.000,-0.000,1.001,0.0,1,-1.312,,0,0
26.4000,1.1954,1.667,-0.000,-0.000,1.001,0.0,1,-1.312,,0,0
26.4167,1.1953,1.667,-0.000,-0.000,1.000,0.0,1,-1.312,,0,0
26.4333,1.1953,1.667,-0.000,-0.000,0.999,0.0,1,-1.312,,0,0
26.4500,1.1953,1.666,-0.000,-0.000,0.999,0.0,1,-1.312,,0,0
26.4667,1.1953,1.666,-0.000,-0.000,0.998,0.0,1,-1.312,,0,0
26.4833,1.1953,1.666,-0.000,-0.000,0.998,0.0,1,-1.312,,0,0
26.5000,1.1953,1.666,-0.000,-0.000,0.997,0.0,1,-1.312,,0,0
26.5167,1.1953,1.666,-0.000,-0.000,0.996,0.0,1,-1.312,,0,0
26.5333,1.1953,1.666,-0.000,-0.000,0.996,0.0,1,-1.312,,0,0
26.5500,1.1953,1.666,-0.000,-0.000,0.995,0.0,1,-1.312,,0,0
26.5667,1.1953,1.666,-0.000,-0.000,0.994,0.0,1,-1.312,,0,0
26.5833,1.1953,1.666,-0.000,-0.000,0.994,0.0,1,-1.312,,0,0
26.6000,1.1953,1.666,-0.000,-0.000,0.993,0.0,1,-1.312,,0,0
26.6167,1.1953,1.666,-0.000,-0.000,0.993,0.0,1,-1.312,,0,0
26.6333,1.1953,1.666,-0.000,-0.000,0.992,0.0,1,-1.312,,0,0
26.6500,1.1953,1.666,-0.000,-0.000,0.991,0.0,1,-1.312,,0,0
26.6667,1.1953,1.666,-0.000,-0.000,0.991,0.0,1,-1.312,,0,0
26.6833,1.1953,1.666,-0.000,-0.000,0.990,0.0,1,-1.312,,0,0
26.7000,1.1953,1.666,-0.000,-0.000,0.990,0.0,1,-1.312,,0,0
26.7167,1.1953,1.666,-0.000,-0.000,0.989,0.0,1,-1.312,,0,0
26.7333,1.1953,1.666,-0.000,-0.000,0.988,0.0,1,-1.312,,0,0
26.7500,1.1953,1.666,-0.000,-0.000,0.988,0.0,1,-1.312,,0,0
26.7667,1.1953,1.665,-0.000,-0.000,0.987,0.0,1,-1.312,,0,0
26.7833,1.1953,1.665,-0.000,-0.000,0.986,0.0,1,-1.312,,0,0
26.8000,1.1953,1.665,-0.000,-0.000,0.986,0.0,1,-1.312,,0,0
26.8167,1.1953,1.665,-0.000,-0.000,0.985,0.0,1,-1.312,,0,0
26.8333,1.1953,1.665,-0.000,-0.000,0.985,0.0,1,-1.312,,0,0
26.8500,1.1953,1.665,-0.000,-0.000,0.984,0.0,1,-1.312,,0,0
26.8667,1.1953,1.665,-0.000,-0.000,0.983,0.0,1,-1.312,,0,0
26.8833,1.1953,1.665,-0.000,-0.000,0.983,0.0,1,-1.312,,0,0
26.9000,1.1953,1.665,-0.000,-0.000,0.982,0.0,1,-1.312,,0,0
26.9167,1.1953,1.665,-0.000,-0.000,0.982,0.0,1,-1.312,,0,0
26.9333,1.1953,1.665,-0.000,-0.000,0.981,0.0,1,-1.312,,0,0
26.9500,1.1953,1.665,-0.000,-0.000,0.980,0.0,1,-1.312,,0,0
26.9667,1.1953,1.665,-0.000,-0.000,0.980,0.0,1,-1.312,,0,0
26.9833,1.1953,1.665,-0.000,-0.000,0.979,0.0,1,-1.312,,0,0
27.0000,1.1953,1.665,-0.000,-0.000,0.978,0.0,1,-1.312,,0,0
27.0167,1.1953,1.665,-0.000,-0.000,0.978,0.0,1,-1.312,,0,0
27.0333,1.1953,1.665,-0.000,-0.000,0.977,0.0,1,-1.312,,0,0
27.0500,1.1953,1.665,-0.000,-0.000,0.977,0.0,1,-1.312,,0,0
27.0667,1.1953,1.665,-0.000,-0.000,0.976,0.0,1,-1.311,,0,0
27.0833,1.1953,1.665,-0.000,-0.000,0.975,0.0,1,-1.311,,0,0
27.1000,1.1953,1.665,-0.000,-0.000,0.975,0.0,1,-1.311,,0,0
27.1167,1.1953,1.664,-0.000,-0.000,0.974,0.0,1,-1.311,,0,0
27.1333,1.1953,1.664,-0.000,-0.000,0.974,0.0,1,-1.311,,0,0
27.1500,1.1953,1.664,-0.000,-0.000,0.973,0.0,1,-1.311,,0,0
27.1667,1.1953,1.664,-0.000,-0.000,0.972,0.0,1,-1.311,,0,0
27.1833,1.1953,1.664,-0.000,-0.000,0.972,0.0,1,-1.311,,0,0
27.2000,1.1953,1.664,-0.000,-0.000,0.971,0.0,1,-1.311,,0,0
27.2167,1.1953,1.664,-0.000,-0.000,0.971,0.0,1,-1.311,,0,0
27.2333,1.1953,1.664,-0.000,-0.000,0.970,0.0,1,-1.311,,0,0
27.2500,1.1953,1.664,-0.000,-0.000,0.969,0.0,1,-1.311,,0,0
27.2667,1.1953,1.664,-0.000,-0.000,0.969,0.0,1,-1.311,,0,0
27.2833,1.1953,1.664,-0.000,-0.000,0.968,0.0,1,-1.311,,0,0
27.3000,1.1953,1.664,-0.000,-0.000,0.968,0.0,1,-1.311,,0,0
27.3167,1.1953,1.664,-0.000,-0.000,0.967,0.0,1,-1.311,,0,0
27.3333,1.1953,1.664,-0.000,-0.000,0.967,0.0,1,-1.311,,0,0
27.3500,1.1953,1.664,-0.000,-0.000,0.966,0.0,1,-1.311,,0,0
27.3667,1.1953,1.664,-0.000,-0.000,0.965,0.0,1,-1.311,,0,0
27.3833,1.1953,1.664,-0.000,-0.000,0.965,0.0,1,-1.311,,0,0
27.4000,1.1953,1.664,-0.000,-0.000,0.964,0.0,1,-1.311,,0,0
27.4167,1.1953,1.663,-0.000,-0.000,0.964,0.0,1,-1.311,,0,0
27.4333,1.1953,1.663,-0.000,-0.000,0.963,0.0,1,-1.311,,0,0
27.4500,1.1953,1.663,-0.000,-0.000,0.962,0.0,1,-1.311,,0,0
27.4667,1.1953,1.663,-0.000,-0.000,0.962,0.0,1,-1.311,,0,0
27.4833,1.1953,1.663,-0.000,-0.000,0.961,0.0,1,-1.311,,0,0
27.5000,1.1953,1.663,-0.000,-0.000,0.961,0.0,1,-1.311,,0,0
27.5167,1.1953,1.663,-0.000,-0.000,0.960,0.0,1,-1.311,,0,0
27.5333,1.1953,1.663,-0.000,-0.000,0.959,0.0,1,-1.311,,0,0
27.5500,1.1953,1.663,-0.000,-0.000,0.959,0.0,1,-1.311,,0,0
27.5667,1.1953,1.663,-0.000,-0.000,0.958,0.0,1,-1.311,,0,0
27.5833,1.1953,1.663,-0.000,-0.000,0.958,0.0,1,-1.311,,0,0
27.6000,1.1953,1.663,-0.000,-0.000,0.957,0.0,1,-1.311,,0,0
27.6167,1.1952,1.663,-0.000,-0.000,0.957,0.0,1,-1.311,,0,0
27.6333,1.1952,1.663,-0.000,-0.000,0.956,0.0,1,-1.311,,0,0
27.6500,1.1952,1.663,-0.000,-0.000,0.955,0.0,1,-1.311,,0,0
27.6667,1.1952,1.663,-0.000,-0.000,0.955,0.0,1,-1.311,,0,0
27.6833,1.1952,1.663,-0.000,-0.000,0.954,0.0,1,-1.311,,0,0
27.7000,1.1952,1.663,-0.000,-0.000,0.954,0.0,1,-1.311,,0,0
27.7167,1.1952,1.663,-0.000,-0.000,0.953,0.0,1,-1.311,,0,0
27.7333,1.1952,1.663,-0.000,-0.000,0.952,0.0,1,-1.311,,0,0
27.7500,1.1952,1.663,-0.000,-0.000,0.952,0.0,1,-1.311,,0,0
27.7667,1.1952,1.663,-0.000,-0.000,0.951,0.0,1,-1.311,,0,0
27.7833,1.1952,1.663,-0.000,-0.000,0.951,0.0,1,-1.311,,0,0
27.8000,1.1952,1.662,-0.000,-0.000,0.950,0.0,1,-1.311,,0,0
27.8167,1.1952,1.662,-0.000,-0.000,0.950,0.0,1,-1.311,,0,0
27.8333,1.1952,1.662,-0.000,-0.000,0.949,0.0,1,-1.311,,0,0
27.8500,1.1952,1.662,-0.000,-0.000,0.948,0.0,1,-1.311,,0,0
27.8667,1.1952,1.662,-0.000,-0.000,0.948,0.0,1,-1.311,,0,0
27.8833,1.1952,1.662,-0.000,-0.000,0.947,0.0,1,-1.311,,0,0
27.9000,1.1952,1.662,-0.000,-0.000,0.947,0.0,1,-1.311,,0,0
27.9167,1.1952,1.662,-0.000,-0.000,0.946,0.0,1,-1.311,,0,0
27.9333,1.1952,1.662,-0.000,-0.000,0.946,0.0,1,-1.311,,0,0
27.9500,1.1952,1.662,-0.000,-0.000,0.945,0.0,1,-1.311,,0,0
27.9667,1.1952,1.662,-0.000,-0.000,0.944,0.0,1,-1.311,,0,0
27.9833,1.1952,1.662,-0.000,-0.000,0.944,0.0,1,-1.311,,0,0
28.0000,1.1952,1.662,-0.000,-0.000,0.943,0.0,1,-1.311,,0,0
28.0167,1.1952,1.662,-0.000,-0.000,0.943,0.0,1,-1.311,,0,0
28.0333,1.1952,1.662,-0.000,-0.000,0.942,0.0,1,-1.311,,0,0
28.0500,1.1952,1.662,-0.000,-0.000,0.942,0.0,1,-1.311,,0,0
28.0667,1.1952,1.662,-0.000,-0.000,0.941,0.0,1,-1.311,,0,0
28.0833,1.1952,1.662,-0.000,-0.000,0.941,0.0,1,-1.311,,0,0
28.1000,1.1952,1.662,-0.000,-0.000,0.940,0.0,1,-1.311,,0,0
28.1167,1.1952,1.661,-0.000,-0.000,0.939,0.0,1,-1.311,,0,0
28.1333,1.1952,1.661,-0.000,-0.000,0.939,0.0,1,-1.311,,0,0
28.1500,1.1952,1.661,-0.000,-0.000,0.938,0.0,1,-1.311,,0,0
28.1667,1.1952,1.661,-0.000,-0.000,0.938,0.0,1,-1.311,,0,0
28.1833,1.1952,1.661,-0.000,-0.000,0.937,0.0,1,-1.311,,0,0
28.2000,1.1952,1.661,-0.000,-0.000,0.937,0.0,1,-1.311,,0,0
28.2167,1.1952,1.661,-0.000,-0.000,0.936,0.0,1,-1.311,,0,0
28.2333,1.1952,1.661,-0.000,-0.000,0.935,0.0,1,-1.311,,0,0
28.2500,1.1952,1.661,-0.000,-0.000,0.935,0.0,1,-1.311,,0,0
28.2667,1.1952,1.661,-0.000,-0.000,0.934,0.0,1,-1.311,,0,0
28.2833,1.1952,1.661,-0.000,-0.000,0.934,0.0,1,-1.311,,0,0
28.3000,1.1952,1.661,-0.000,-0.000,0.933,0.0,1,-1.311,,0,0
28.3167,1.1952,1.661,-0.000,-0.000,0.933,0.0,1,-1.311,,0,0
28.3333,1.1952,1.661,-0.000,-0.000,0.932,0.0,1,-1.311,,0,0
28.3500,1.1952,1.661,-0.000,-0.000,0.932,0.0,1,-1.311,,0,0
28.3667,1.1952,1.661,-0.000,-0.000,0.931,0.0,1,-1.311,,0,0
28.3833,1.1952,1.661,-0.000,-0.000,0.930,0.0,1,-1.311,,0,0
28.4000,1.1952,1.661,-0.000,-0.000,0.930,0.0,1,-1.311,,0,0
28.4167,1.1952,1.661,-0.000,-0.000,0.929,0.0,1,-1.311,,0,0
28.4333,1.1952,1.661,-0.000,-0.000,0.929,0.0,1,-1.311,,0,0
28.4500,1.1952,1.661,-0.000,-0.000,0.928,0.0,1,-1.311,,0,0
28.4667,1.1952,1.661,-0.000,-0.000,0.928,0.0,1,-1.311,,0,0
28.4833,1.1952,1.661,-0.000,-0.000,0.927,0.0,1,-1.311,,0,0
28.5000,1.1952,1.661,-0.000,-0.000,0.927,0.0,1,-1.311,,0,0
28.5167,1.1952,1.660,-0.000,-0.000,0.926,0.0,1,-1.311,,0,0
28.5333,1.1952,1.660,-0.000,-0.000,0.925,0.0,1,-1.311,,0,0
28.5500,1.1952,1.660,-0.000,-0.000,0.925,0.0,1,-1.311,,0,0
28.5667,1.1952,1.660,-0.000,-0.000,0.924,0.0,1,-1.311,,0,0
28.5833,1.1952,1.660,-0.000,-0.000,0.924,0.0,1,-1.311,,0,0
28.6000,1.1952,1.660,-0.000,-0.000,0.923,0.0,1,-1.311,,0,0
28.6167,1.1952,1.660,-0.000,-0.000,0.923,0.0,1,-1.311,,0,0
28.6333,1.1952,1.660,-0.000,-0.000,0.922,0.0,1,-1.311,,0,0
28.6500,1.1952,1.660,-0.000,-0.000,0.922,0.0,1,-1.311,,0,0
28.6667,1.1952,1.660,-0.000,-0.000,0.921,0.0,1,-1.311,,0,0
28.6833,1.1952,1.660,-0.000,-0.000,0.921,0.0,1,-1.311,,0,0
28.7000,1.1952,1.660,-0.000,-0.000,0.920,0.0,1,-1.311,,0,0
28.7167,1.1952,1.660,-0.000,-0.000,0.919,0.0,1,-1.311,,0,0
28.7333,1.1952,1.660,-0.000,-0.000,0.919,0.0,1,-1.311,,0,0
28.7500,1.1952,1.660,-0.000,-0.000,0.918,0.0,1,-1.311,,0,0
28.7667,1.1952,1.660,-0.000,-0.000,0.918,0.0,1,-1.311,,0,0
28.7833,1.1952,1.660,-0.000,-0.000,0.917,0.0,1,-1.311,,0,0
28.8000,1.1952,1.660,-0.000,-0.000,0.917,0.0,1,-1.311,,0,0
28.8167,1.1952,1.660,-0.000,-0.000,0.916,0.0,1,-1.311,,0,0
28.8333,1.1952,1.660,-0.000,-0.000,0.916,0.0,1,-1.311,,0,0
28.8500,1.1952,1.660,-0.000,-0.000,0.915,0.0,1,-1.311,,0,0
28.8667,1.1952,1.660,-0.000,-0.000,0.915,0.0,1,-1.311,,0,0
28.8833,1.1952,1.659,-0.000,-0.000,0.914,0.0,1,-1.311,,0,0
28.9000,1.1952,1.659,-0.000,-0.000,0.914,0.0,1,-1.311,,0,0
28.9167,1.1952,1.659,-0.000,-0.000,0.913,0.0,1,-1.311,,0,0
28.9333,1.1952,1.659,-0.000,-0.000,0.912,0.0,1,-1.311,,0,0
28.9500,1.1952,1.659,-0.000,-0.000,0.912,0.0,1,-1.311,,0,0
28.9667,1.1952,1.659,-0.000,-0.000,0.911,0.0,1,-1.311,,0,0
28.9833,1.1952,1.659,-0.000,-0.000,0.911,0.0,1,-1.311,,0,0
29.0000,1.1952,1.659,-0.000,-0.000,0.910,0.0,1,-1.311,,0,0
29.0167,1.1951,1.659,-0.000,-0.000,0.910,0.0,1,-1.311,,0,0
29.0333,1.1951,1.659,-0.000,-0.000,0.909,0.0,1,-1.311,,0,0
29.0500,1.1951,1.659,-0.000,-0.000,0.909,0.0,1,-1.311,,0,0
29.0667,1.1951,1.659,-0.000,-0.000,0.908,0.0,1,-1.311,,0,0
29.0833,1.1951,1.659,-0.000,-0.000,0.908,0.0,1,-1.311,,0,0
29.1000,1.1951,1.659,-0.000,-0.000,0.907,0.0,1,-1.311,,0,0
29.1167,1.1951,1.659,-0.000,-0.000,0.907,0.0,1,-1.311,,0,0
29.1333,1.1951,1.659,-0.000,-0.000,0.906,0.0,1,-1.311,,0,0
29.1500,1.1951,1.659,-0.000,-0.000,0.906,0.0,1,-1.311,,0,0
29.1667,1.1951,1.659,-0.000,-0.000,0.905,0.0,1,-1.311,,0,0
29.1833,1.1951,1.659,-0.000,-0.000,0.905,0.0,1,-1.311,,0,0
29.2000,1.1951,1.659,-0.000,-0.000,0.904,0.0,1,-1.311,,0,0
29.2167,1.1951,1.659,-0.000,-0.000,0.903,0.0,1,-1.311,,0,0
29.2333,1.1951,1.659,-0.000,-0.000,0.903,0.0,1,-1.311,,0,0
29.2500,1.1951,1.659,-0.000,-0.000,0.902,0.0,1,-1.311,,0,0
29.2667,1.1951,1.659,-0.000,-0.000,0.902,0.0,1,-1.311,,0,0
29.2833,1.1951,1.658,-0.000,-0.000,0.901,0.0,1,-1.311,,0,0
29.3000,1.1951,1.658,-0.000,-0.000,0.901,0.0,1,-1.311,,0,0
29.3167,1.1951,1.658,-0.000,-0.000,0.900,0.0,1,-1.311,,0,0
29.3333,1.1951,1.658,-0.000,-0.000,0.900,0.0,1,-1.311,,0,0
29.3500,1.1951,1.658,-0.000,-0.000,0.899,0.0,1,-1.311,,0,0
29.3667,1.1951,1.658,-0.000,-0.000,0.899,0.0,1,-1.311,,0,0
29.3833,1.1951,1.658,-0.000,-0.000,0.898,0.0,1,-1.311,,0,0
29.4000,1.1951,1.658,-0.000,-0.000,0.898,0.0,1,-1.311,,0,0
29.4167,1.1951,1.658,-0.000,-0.000,0.897,0.0,1,-1.311,,0,0
29.4333,1.1951,1.658,-0.000,-0.000,0.897,0.0,1,-1.311,,0,0
29.4500,1.1951,1.658,-0.000,-0.000,0.896,0.0,1,-1.311,,0,0
29.4667,1.1951,1.658,-0.000,-0.000,0.896,0.0,1,-1.311,,0,0
29.4833,1.1951,1.658,-0.000,-0.000,0.895,0.0,1,-1.311,,0,0
29.5000,1.1951,1.658,-0.000,-0.000,0.895,0.0,1,-1.311,,0,0
29.5167,1.1951,1.658,-0.000,-0.000,0.894,0.0,1,-1.311,,0,0
29.5333,1.1951,1.658,-0.000,-0.000,0.894,0.0,1,-1.311,,0,0
29.5500,1.1951,1.658,-0.000,-0.000,0.893,0.0,1,-1.311,,0,0
29.5667,1.1951,1.658,-0.000,-0.000,0.893,0.0,1,-1.311,,0,0
29.5833,1.1951,1.658,-0.000,-0.000,0.892,0.0,1,-1.311,,0,0
29.6000,1.1951,1.658,-0.000,-0.000,0.892,0.0,1,-1.311,,0,0
29.6167,1.1951,1.658,-0.000,-0.000,0.891,0.0,1,-1.311,,0,0
29.6333,1.1951,1.658,-0.000,-0.000,0.890,0.0,1,-1.311,,0,0
29.6500,1.1951,1.658,-0.000,-0.000,0.890,0.0,1,-1.311,,0,0
29.6667,1.1951,1.658,-0.000,-0.000,0.889,0.0,1,-1.311,,0,0
29.6833,1.1951,1.657,-0.000,-0.000,0.889,0.0,1,-1.311,,0,0
29.7000,1.1951,1.657,-0.000,-0.000,0.888,0.0,1,-1.311,,0,0
29.7167,1.1951,1.657,-0.000,-0.000,0.888,0.0,1,-1.311,,0,0
29.7333,1.1951,1.657,-0.000,-0.000,0.887,0.0,1,-1.311,,0,0
29.7500,1.1951,1.657,-0.000,-0.000,0.887,0.0,1,-1.311,,0,0
29.7667,1.1951,1.657,-0.000,-0.000,0.886,0.0,1,-1.311,,0,0
29.7833,1.1951,1.657,-0.000,-0.000,0.886,0.0,1,-1.311,,0,0
29.8000,1.1951,1.657,-0.000,-0.000,0.885,0.0,1,-1.311,,0,0
29.8167,1.1951,1.657,-0.000,-0.000,0.885,0.0,1,-1.311,,0,0
29.8333,1.1951,1.657,-0.000,-0.000,0.884,0.0,1,-1.311,,0,0
29.8500,1.1951,1.657,-0.000,-0.000,0.884,0.0,1,-1.311,,0,0
29.8667,1.1951,1.657,-0.000,-0.000,0.883,0.0,1,-1.311,,0,0
29.8833,1.1951,1.657,-0.000,-0.000,0.883,0.0,1,-1.311,,0,0
29.9000,1.1951,1.657,-0.000,-0.000,0.882,0.0,1,-1.311,,0,0
29.9167,1.1951,1.657,-0.000,-0.000,0.882,0.0,1,-1.311,,0,0
29.9333,1.1951,1.657,-0.000,-0.000,0.881,0.0,1,-1.311,,0,0
29.9500,1.1951,1.657,-0.000,-0.000,0.881,0.0,1,-1.311,,0,0
29.9667,1.1951,1.657,-0.000,-0.000,0.880,0.0,1,-1.311,,0,0
29.9833,1.1951,1.657,-0.000,-0.000,0.880,0.0,1,-1.311,,0,0
30.0000,1.1951,1.657,-0.000,-0.000,0.879,0.0,1,-1.311,,0,0
30.0167,1.1951,1.657,-0.000,-0.000,0.879,0.0,1,-1.311,,0,0
30.0333,1.1951,1.657,-0.000,-0.000,0.878,0.0,1,-1.311,,0,0
30.0500,1.1951,1.657,-0.000,-0.000,0.878,0.0,1,-1.311,,0,0
30.0667,1.1951,1.657,-0.000,-0.000,0.877,0.0,1,-1.311,,0,0
30.0833,1.1951,1.657,-0.000,-0.000,0.877,0.0,1,-1.311,,0,0
30.1000,1.1951,1.657,-0.000,-0.000,0.876,0.0,1,-1.311,,0,0
30.1167,1.1951,1.656,-0.000,-0.000,0.876,0.0,1,-1.311,,0,0
30.1333,1.1951,1.656,-0.000,-0.000,0.875,0.0,1,-1.311,,0,0
30.1500,1.1951,1.656,-0.000,-0.000,0.875,0.0,1,-1.311,,0,0
30.1667,1.1951,1.656,-0.000,-0.000,0.874,0.0,1,-1.311,,0,0
30.1833,1.1951,1.656,-0.000,-0.000,0.874,0.0,1,-1.311,,0,0
30.2000,1.1951,1.656,-0.000,-0.000,0.873,0.0,1,-1.311,,0,0
30.2167,1.1951,1.656,-0.000,-0.000,0.873,0.0,1,-1.311,,0,0
30.2333,1.1951,1.656,-0.000,-0.000,0.872,0.0,1,-1.311,,0,0
30.2500,1.1951,1.656,-0.000,-0.000,0.872,0.0,1,-1.311,,0,0
30.2667,1.1951,1.656,-0.000,-0.000,0.871,0.0,1,-1.311,,0,0
30.2833,1.1951,1.656,-0.000,-0.000,0.871,0.0,1,-1.311,,0,0
30.3000,1.1951,1.656,-0.000,-0.000,0.870,0.0,1,-1.311,,0,0
30.3167,1.1951,1.656,-0.000,-0.000,0.870,0.0,1,-1.311,,0,0
30.3333,1.1951,1.656,-0.000,-0.000,0.869,0.0,1,-1.311,,0,0
30.3500,1.1951,1.656,-0.000,-0.000,0.869,0.0,1,-1.311,,0,0
30.3667,1.1951,1.656,-0.000,-0.000,0.868,0.0,1,-1.311,,0,0
30.3833,1.1951,1.656,-0.000,-0.000,0.868,0.0,1,-1.311,,0,0
30.4000,1.1951,1.656,-0.000,-0.000,0.867,0.0,1,-1.311,,0,0
30.4167,1.1951,1.656,-0.000,-0.000,0.867,0.0,1,-1.311,,0,0
30.4333,1.1951,1.656,-0.000,-0.000,0.866,0.0,1,-1.311,,0,0
30.4500,1.1951,1.656,-0.000,-0.000,0.866,0.0,1,-1.311,,0,0
30.4667,1.1951,1.656,-0.000,-0.000,0.865,0.0,1,-1.311,,0,0
30.4833,1.1951,1.656,-0.000,-0.000,0.865,0.0,1,-1.311,,0,0
30.5000,1.1951,1.656,-0.000,-0.000,0.865,0.0,1,-1.311,,0,0
30.5167,1.1951,1.656,-0.000,-0.000,0.864,0.0,1,-1.311,,0,0
30.5333,1.1951,1.656,-0.000,-0.000,0.864,0.0,1,-1.311,,0,0
30.5500,1.1950,1.655,-0.000,-0.000,0.863,0.0,1,-1.311,,0,0
30.5667,1.1950,1.655,-0.000,-0.000,0.863,0.0,1,-1.311,,0,0
30.5833,1.1950,1.655,-0.000,-0.000,0.862,0.0,1,-1.311,,0,0
30.6000,1.1950,1.655,-0.000,-0.000,0.862,0.0,1,-1.311,,0,0
30.6167,1.1950,1.655,-0.000,-0.000,0.861,0.0,1,-1.311,,0,0
30.6333,1.1950,1.655,-0.000,-0.000,0.861,0.0,1,-1.311,,0,0
30.6500,1.1950,1.655,-0.000,-0.000,0.860,0.0,1,-1.311,,0,0
30.6667,1.1950,1.655,-0.000,-0.000,0.860,0.0,1,-1.311,,0,0
30.6833,1.1950,1.655,-0.000,-0.000,0.859,0.0,1,-1.311,,0,0
30.7000,1.1950,1.655,-0.000,-0.000,0.859,0.0,1,-1.311,,0,0
30.7167,1.1950,1.655,-0.000,-0.000,0.858,0.0,1,-1.311,,0,0
30.7333,1.1950,1.655,-0.000,-0.000,0.858,0.0,1,-1.311,,0,0
30.7500,1.1950,1.655,-0.000,-0.000,0.857,0.0,1,-1.311,,0,0
30.7667,1.1950,1.655,-0.000,-0.000,0.857,0.0,1,-1.311,,0,0
30.7833,1.1950,1.655,-0.000,-0.000,0.856,0.0,1,-1.311,,0,0
30.8000,1.1950,1.655,-0.000,-0.000,0.856,0.0,1,-1.311,,0,0
30.8167,1.1950,1.655,-0.000,-0.000,0.855,0.0,1,-1.311,,0,0
30.8333,1.1950,1.655,-0.000,-0.000,0.855,0.0,1,-1.311,,0,0
30.8500,1.1950,1.655,-0.000,-0.000,0.854,0.0,1,-1.311,,0,0
30.8667,1.1950,1.655,-0.000,-0.000,0.854,0.0,1,-1.311,,0,0
30.8833,1.1950,1.655,-0.000,-0.000,0.853,0.0,1,-1.311,,0,0
30.9000,1.1950,1.655,-0.000,-0.000,0.853,0.0,1,-1.311,,0,0
30.9167,1.1950,1.655,-0.000,-0.000,0.852,0.0,1,-1.311,,0,0
30.9333,1.1950,1.655,-0.000,-0.000,0.852,0.0,1,-1.311,,0,0
30.9500,1.1950,1.655,-0.000,-0.000,0.852,0.0,1,-1.311,,0,0
30.9667,1.1950,1.655,-0.000,-0.000,0.851,0.0,1,-1.311,,0,0
30.9833,1.1950,1.655,-0.000,-0.000,0.851,0.0,1,-1.311,,0,0
31.0000,1.1950,1.655,-0.000,-0.000,0.850,0.0,1,-1.311,,0,0
31.0167,1.1950,1.655,-0.000,-0.000,0.850,0.0,1,-1.311,,0,0
31.0333,1.1950,1.654,-0.000,-0.000,0.849,0.0,1,-1.311,,0,0
31.0500,1.1950,1.654,-0.000,-0.000,0.849,0.0,1,-1.311,,0,0
31.0667,1.1950,1.654,-0.000,-0.000,0.848,0.0,1,-1.311,,0,0
31.0833,1.1950,1.654,-0.000,-0.000,0.848,0.0,1,-1.311,,0,0
31.1000,1.1950,1.654,-0.000,-0.000,0.847,0.0,1,-1.311,,0,0
31.1167,1.1950,1.654,-0.000,-0.000,0.847,0.0,1,-1.311,,0,0
31.1333,1.1950,1.654,-0.000,-0.000,0.846,0.0,1,-1.311,,0,0
31.1500,1.1950,1.654,-0.000,-0.000,0.846,0.0,1,-1.311,,0,0
31.1667,1.1950,1.654,-0.000,-0.000,0.845,0.0,1,-1.311,,0,0
31.1833,1.1950,1.654,-0.000,-0.000,0.845,0.0,1,-1.311,,0,0
31.2000,1.1950,1.654,-0.000,-0.000,0.844,0.0,1,-1.311,,0,0
31.2167,1.1950,1.654,-0.000,-0.000,0.844,0.0,1,-1.311,,0,0
31.2333,1.1950,1.654,-0.000,-0.000,0.844,0.0,1,-1.311,,0,0
31.2500,1.1950,1.654,-0.000,-0.000,0.843,0.0,1,-1.311,,0,0
31.2667,1.1950,1.654,-0.000,-0.000,0.843,0.0,1,-1.311,,0,0
31.2833,1.1950,1.654,-0.000,-0.000,0.842,0.0,1,-1.311,,0,0
31.3000,1.1950,1.654,-0.000,-0.000,0.842,0.0,1,-1.311,,0,0
31.3167,1.1950,1.654,-0.000,-0.000,0.841,0.0,1,-1.311,,0,0
31.3333,1.1950,1.654,-0.000,-0.000,0.841,0.0,1,-1.311,,0,0
31.3500,1.1950,1.654,-0.000,-0.000,0.840,0.0,1,-1.311,,0,0
31.3667,1.1950,1.654,-0.000,-0.000,0.840,0.0,1,-1.311,,0,0
31.3833,1.1950,1.654,-0.000,-0.000,0.839,0.0,1,-1.311,,0,0
31.4000,1.1950,1.654,-0.000,-0.000,0.839,0.0,1,-1.311,,0,0
31.4167,1.1950,1.654,-0.000,-0.000,0.838,0.0,1,-1.311,,0,0
31.4333,1.1950,1.654,-0.000,-0.000,0.838,0.0,1,-1.311,,0,0
31.4500,1.1950,1.654,-0.000,-0.000,0.838,0.0,1,-1.311,,0,0
31.4667,1.1950,1.654,-0.000,-0.000,0.837,0.0,1,-1.311,,0,0
31.4833,1.1950,1.653,-0.000,-0.000,0.837,0.0,1,-1.311,,0,0
31.5000,1.1950,1.653,-0.000,-0.000,0.836,0.0,1,-1.311,,0,0
31.5167,1.1950,1.653,-0.000,-0.000,0.836,0.0,1,-1.311,,0,0
31.5333,1.1950,1.653,-0.000,-0.000,0.835,0.0,1,-1.311,,0,0
31.5500,1.1950,1.653,-0.000,-0.000,0.835,0.0,1,-1.311,,0,0
31.5667,1.1950,1.653,-0.000,-0.000,0.834,0.0,1,-1.311,,0,0
31.5833,1.1950,1.653,-0.000,-0.000,0.834,0.0,1,-1.311,,0,0
31.6000,1.1950,1.653,-0.000,-0.000,0.833,0.0,1,-1.311,,0,0
31.6167,1.1950,1.653,-0.000,-0.000,0.833,0.0,1,-1.311,,0,0
31.6333,1.1950,1.653,-0.000,-0.000,0.833,0.0,1,-1.311,,0,0
31.6500,1.1950,1.653,-0.000,-0.000,0.832,0.0,1,-1.311,,0,0
31.6667,1.1950,1.653,-0.000,-0.000,0.832,0.0,1,-1.311,,0,0
31.6833,1.1950,1.653,-0.000,-0.000,0.831,0.0,1,-1.311,,0,0
31.7000,1.1950,1.653,-0.000,-0.000,0.831,0.0,1,-1.311,,0,0
31.7167,1.1950,1.653,-0.000,-0.000,0.830,0.0,1,-1.311,,0,0
31.7333,1.1950,1.653,-0.000,-0.000,0.830,0.0,1,-1.311,,0,0
31.7500,1.1950,1.653,-0.000,-0.000,0.829,0.0,1,-1.311,,0,0
31.7667,1.1950,1.653,-0.000,-0.000,0.829,0.0,1,-1.311,,0,0
31.7833,1.1950,1.653,-0.000,-0.000,0.828,0.0,1,-1.311,,0,0
31.8000,1.1950,1.653,-0.000,-0.000,0.828,0.0,1,-1.311,,0,0
31.8167,1.1950,1.653,-0.000,-0.000,0.828,0.0,1,-1.311,,0,0
31.8333,1.1950,1.653,-0.000,-0.000,0.827,0.0,1,-1.311,,0,0
31.8500,1.1950,1.653,-0.000,-0.000,0.827,0.0,1,-1.311,,0,0
31.8667,1.1950,1.653,-0.000,-0.000,0.826,0.0,1,-1.311,,0,0
31.8833,1.1950,1.653,-0.000,-0.000,0.826,0.0,1,-1.311,,0,0
31.9000,1.1950,1.653,-0.000,-0.000,0.825,0.0,1,-1.311,,0,0
31.9167,1.1950,1.653,-0.000,-0.000,0.825,0.0,1,-1.311,,0,0
31.9333,1.1950,1.653,-0.000,-0.000,0.824,0.0,1,-1.311,,0,0
31.9500,1.1950,1.653,-0.000,-0.000,0.824,0.0,1,-1.311,,0,0
31.9667,1.1950,1.653,-0.000,-0.000,0.823,0.0,1,-1.311,,0,0
31.9833,1.1950,1.653,-0.000,-0.000,0.823,0.0,1,-1.311,,0,0
32.0000,1.1950,1.652,-0.000,-0.000,0.823,0.0,1,-1.311,,0,0
32.0167,1.1950,1.652,-0.000,-0.000,0.822,0.0,1,-1.311,,0,0
32.0333,1.1950,1.652,-0.000,-0.000,0.822,0.0,1,-1.311,,0,0
32.0500,1.1950,1.652,-0.000,-0.000,0.821,0.0,1,-1.311,,0,0
32.0667,1.1950,1.652,-0.000,-0.000,0.821,0.0,1,-1.311,,0,0
32.0833,1.1950,1.652,-0.000,-0.000,0.820,0.0,1,-1.311,,0,0
32.1000,1.1950,1.652,-0.000,-0.000,0.820,0.0,1,-1.311,,0,0
32.1167,1.1950,1.652,-0.000,-0.000,0.819,0.0,1,-1.311,,0,0
32.1333,1.1950,1.652,-0.000,-0.000,0.819,0.0,1,-1.311,,0,0
32.1500,1.1950,1.652,-0.000,-0.000,0.819,0.0,1,-1.311,,0,0
32.1667,1.1950,1.652,-0.000,-0.000,0.818,0.0,1,-1.311,,0,0
32.1833,1.1950,1.652,-0.000,-0.000,0.818,0.0,1,-1.311,,0,0
32.2000,1.1950,1.652,-0.000,-0.000,0.817,0.0,1,-1.311,,0,0
32.2167,1.1950,1.652,-0.000,-0.000,0.817,0.0,1,-1.311,,0,0
32.2333,1.1950,1.652,-0.000,-0.000,0.816,0.0,1,-1.311,,0,0
32.2500,1.1950,1.652,-0.000,-0.000,0.816,0.0,1,-1.311,,0,0
32.2667,1.1950,1.652,-0.000,-0.000,0.816,0.0,1,-1.311,,0,0
32.2833,1.1950,1.652,-0.000,-0.000,0.815,0.0,1,-1.311,,0,0
32.3000,1.1950,1.652,-0.000,-0.000,0.815,0.0,1,-1.311,,0,0
32.3167,1.1950,1.652,-0.000,-0.000,0.814,0.0,1,-1.311,,0,0
32.3333,1.1950,1.652,-0.000,-0.000,0.814,0.0,1,-1.311,,0,0
32.3500,1.1950,1.652,-0.000,-0.000,0.813,0.0,1,-1.311,,0,0
32.3667,1.1950,1.652,-0.000,-0.000,0.813,0.0,1,-1.311,,0,0
32.3833,1.1949,1.652,-0.000,-0.000,0.812,0.0,1,-1.311,,0,0
32.4000,1.1949,1.652,-0.000,-0.000,0.812,0.0,1,-1.311,,0,0
32.4167,1.1949,1.652,-0.000,-0.000,0.812,0.0,1,-1.311,,0,0
32.4333,1.1949,1.652,-0.000,-0.000,0.811,0.0,1,-1.311,,0,0
32.4500,1.1949,1.652,-0.000,-0.000,0.811,0.0,1,-1.311,,0,0
32.4667,1.1949,1.652,-0.000,-0.000,0.810,0.0,1,-1.311,,0,0
32.4833,1.1949,1.652,-0.000,-0.000,0.810,0.0,1,-1.311,,0,0
32.5000,1.1949,1.652,-0.000,-0.000,0.809,0.0,1,-1.311,,0,0
32.5167,1.1949,1.651,-0.000,-0.000,0.809,0.0,1,-1.311,,0,0
32.5333,1.1949,1.651,-0.000,-0.000,0.809,0.0,1,-1.311,,0,0
32.5500,1.1949,1.651,-0.000,-0.000,0.808,0.0,1,-1.311,,0,0
32.5667,1.1949,1.651,-0.000,-0.000,0.808,0.0,1,-1.311,,0,0
32.5833,1.1949,1.651,-0.000,-0.000,0.807,0.0,1,-1.311,,0,0
32.6000,1.1949,1.651,-0.000,-0.000,0.807,0.0,1,-1.311,,0,0
32.6167,1.1949,1.651,-0.000,-0.000,0.806,0.0,1,-1.311,,0,0
32.6333,1.1949,1.651,-0.000,-0.000,0.806,0.0,1,-1.311,,0,0
32.6500,1.1949,1.651,-0.000,-0.000,0.806,0.0,1,-1.311,,0,0
32.6667,1.1949,1.651,-0.000,-0.000,0.805,0.0,1,-1.311,,0,0
32.6833,1.1949,1.651,-0.000,-0.000,0.805,0.0,1,-1.311,,0,0
32.7000,1.1949,1.651,-0.000,-0.000,0.804,0.0,1,-1.311,,0,0
32.7167,1.1949,1.651,-0.000,-0.000,0.804,0.0,1,-1.311,,0,0
32.7333,1.1949,1.651,-0.000,-0.000,0.803,0.0,1,-1.311,,0,0
32.7500,1.1949,1.651,-0.000,-0.000,0.803,0.0,1,-1.311,,0,0
32.7667,1.1949,1.651,-0.000,-0.000,0.803,0.0,1,-1.311,,0,0
32.7833,1.1949,1.651,-0.000,-0.000,0.802,0.0,1,-1.311,,0,0
32.8000,1.1949,1.651,-0.000,-0.000,0.802,0.0,1,-1.311,,0,0
32.8167,1.1949,1.651,-0.000,-0.000,0.801,0.0,1,-1.311,,0,0
32.8333,1.1949,1.651,-0.000,-0.000,0.801,0.0,1,-1.311,,0,0
32.8500,1.1949,1.651,-0.000,-0.000,0.800,0.0,1,-1.311,,0,0
32.8667,1.1949,1.651,-0.000,-0.000,0.800,0.0,1,-1.311,,0,0
32.8833,1.1949,1.651,-0.000,-0.000,0.800,0.0,1,-1.311,,0,0
32.9000,1.1949,1.651,-0.000,-0.000,0.799,0.0,1,-1.311,,0,0
32.9167,1.1949,1.651,-0.000,-0.000,0.799,0.0,1,-1.311,,0,0
32.9333,1.1949,1.651,-0.000,-0.000,0.798,0.0,1,-1.311,,0,0
32.9500,1.1949,1.651,-0.000,-0.000,0.798,0.0,1,-1.311,,0,0
32.9667,1.1949,1.651,-0.000,-0.000,0.797,0.0,1,-1.311,,0,0
32.9833,1.1949,1.651,-0.000,-0.000,0.797,0.0,1,-1.311,,0,0
33.0000,1.1949,1.651,-0.000,-0.000,0.797,0.0,1,-1.311,,0,0
33.0167,1.1949,1.651,-0.000,-0.000,0.796,0.0,1,-1.311,,0,0
33.0333,1.1949,1.651,-0.000,-0.000,0.796,0.0,1,-1.311,,0,0
33.0500,1.1949,1.650,-0.000,-0.000,0.795,0.0,1,-1.311,,0,0
33.0667,1.1949,1.650,-0.000,-0.000,0.795,0.0,1,-1.311,,0,0
33.0833,1.1949,1.650,-0.000,-0.000,0.794,0.0,1,-1.311,,0,0
33.1000,1.1949,1.650,-0.000,-0.000,0.794,0.0,1,-1.311,,0,0
33.1167,1.1949,1.650,-0.000,-0.000,0.794,0.0,1,-1.311,,0,0
33.1333,1.1949,1.650,-0.000,-0.000,0.793,0.0,1,-1.311,,0,0
33.1500,1.1949,1.650,-0.000,-0.000,0.793,0.0,1,-1.311,,0,0
33.1667,1.1949,1.650,-0.000,-0.000,0.792,0.0,1,-1.311,,0,0
33.1833,1.1949,1.650,-0.000,-0.000,0.792,0.0,1,-1.311,,0,0
33.2000,1.1949,1.650,-0.000,-0.000,0.792,0.0,1,-1.311,,0,0
33.2167,1.1949,1.650,-0.000,-0.000,0.791,0.0,1,-1.311,,0,0
33.2333,1.1949,1.650,-0.000,-0.000,0.791,0.0,1,-1.311,,0,0
33.2500,1.1949,1.650,-0.000,-0.000,0.790,0.0,1,-1.311,,0,0
33.2667,1.1949,1.650,-0.000,-0.000,0.790,0.0,1,-1.311,,0,0
33.2833,1.1949,1.650,-0.000,-0.000,0.789,0.0,1,-1.311,,0,0
33.3000,1.1949,1.650,-0.000,-0.000,0.789,0.0,1,-1.311,,0,0
33.3167,1.1949,1.650,-0.000,-0.000,0.789,0.0,1,-1.311,,0,0
33.3333,1.1949,1.650,-0.000,-0.000,0.788,0.0,1,-1.311,,0,0
33.3500,1.1949,1.650,-0.000,-0.000,0.788,0.0,1,-1.311,,0,0
33.3667,1.1949,1.650,-0.000,-0.000,0.787,0.0,1,-1.311,,0,0
33.3833,1.1949,1.650,-0.000,-0.000,0.787,0.0,1,-1.311,,0,0
33.4000,1.1949,1.650,-0.000,-0.000,0.787,0.0,1,-1.311,,0,0
33.4167,1.1949,1.650,-0.000,-0.000,0.786,0.0,1,-1.311,,0,0
33.4333,1.1949,1.650,-0.000,-0.000,0.786,0.0,1,-1.311,,0,0
33.4500,1.1949,1.650,-0.000,-0.000,0.785,0.0,1,-1.311,,0,0
33.4667,1.1949,1.650,-0.000,-0.000,0.785,0.0,1,-1.311,,0,0
33.4833,1.1949,1.650,-0.000,-0.000,0.785,0.0,1,-1.311,,0,0
33.5000,1.1949,1.650,-0.000,-0.000,0.784,0.0,1,-1.311,,0,0
33.5167,1.1949,1.650,-0.000,-0.000,0.784,0.0,1,-1.311,,0,0
33.5333,1.1949,1.650,-0.000,-0.000,0.783,0.0,1,-1.311,,0,0
33.5500,1.1949,1.650,-0.000,-0.000,0.783,0.0,1,-1.311,,0,0
33.5667,1.1949,1.650,-0.000,-0.000,0.782,0.0,1,-1.311,,0,0
33.5833,1.1949,1.650,-0.000,-0.000,0.782,0.0,1,-1.311,,0,0
33.6000,1.1949,1.650,-0.000,-0.000,0.782,0.0,1,-1.311,,0,0
33.6167,1.1949,1.649,-0.000,-0.000,0.781,0.0,1,-1.311,,0,0
33.6333,1.1949,1.649,-0.000,-0.000,0.781,0.0,1,-1.311,,0,0
33.6500,1.1949,1.649,-0.000,-0.000,0.780,0.0,1,-1.311,,0,0
33.6667,1.1949,1.649,-0.000,-0.000,0.780,0.0,1,-1.311,,0,0
33.6833,1.1949,1.649,-0.000,-0.000,0.780,0.0,1,-1.311,,0,0
33.7000,1.1949,1.649,-0.000,-0.000,0.779,0.0,1,-1.311,,0,0
33.7167,1.1949,1.649,-0.000,-0.000,0.779,0.0,1,-1.311,,0,0
33.7333,1.1949,1.649,-0.000,-0.000,0.778,0.0,1,-1.311,,0,0
33.7500,1.1949,1.649,-0.000,-0.000,0.778,0.0,1,-1.311,,0,0
33.7667,1.1949,1.649,-0.000,-0.000,0.778,0.0,1,-1.311,,0,0
33.7833,1.1949,1.649,-0.000,-0.000,0.777,0.0,1,-1.311,,0,0
33.8000,1.1949,1.649,-0.000,-0.000,0.777,0.0,1,-1.311,,0,0
33.8167,1.1949,1.649,-0.000,-0.000,0.776,0.0,1,-1.311,,0,0
33.8333,1.1949,1.649,-0.000,-0.000,0.776,0.0,1,-1.311,,0,0
33.8500,1.1949,1.649,-0.000,-0.000,0.776,0.0,1,-1.311,,0,0
33.8667,1.1949,1.649,-0.000,-0.000,0.775,0.0,1,-1.311,,0,0
33.8833,1.1949,1.649,-0.000,-0.000,0.775,0.0,1,-1.311,,0,0
33.9000,1.1949,1.649,-0.000,-0.000,0.774,0.0,1,-1.311,,0,0
33.9167,1.1949,1.649,-0.000,-0.000,0.774,0.0,1,-1.311,,0,0
33.9333,1.1949,1.649,-0.000,-0.000,0.774,0.0,1,-1.311,,0,0
33.9500,1.1949,1.649,-0.000,-0.000,0.773,0.0,1,-1.311,,0,0
33.9667,1.1949,1.649,-0.000,-0.000,0.773,0.0,1,-1.311,,0,0
33.9833,1.1949,1.649,-0.000,-0.000,0.772,0.0,1,-1.311,,0,0
34.0000,1.1949,1.649,-0.000,-0.000,0.772,0.0,1,-1.311,,0,0
34.0167,1.1949,1.649,-0.000,-0.000,0.772,0.0,1,-1.311,,0,0
34.0333,1.1949,1.649,-0.000,-0.000,0.771,0.0,1,-1.311,,0,0
34.0500,1.1949,1.649,-0.000,-0.000,0.771,0.0,1,-1.311,,0,0
34.0667,1.1949,1.649,-0.000,-0.000,0.770,0.0,1,-1.311,,0,0
34.0833,1.1949,1.649,-0.000,-0.000,0.770,0.0,1,-1.311,,0,0
34.1000,1.1949,1.649,-0.000,-0.000,0.770,0.0,1,-1.311,,0,0
34.1167,1.1949,1.649,-0.000,-0.000,0.769,0.0,1,-1.311,,0,0
34.1333,1.1949,1.649,-0.000,-0.000,0.769,0.0,1,-1.311,,0,0
34.1500,1.1949,1.649,-0.000,-0.000,0.768,0.0,1,-1.311,,0,0
34.1667,1.1949,1.649,-0.000,-0.000,0.768,0.0,1,-1.311,,0,0
34.1833,1.1949,1.649,-0.000,-0.000,0.768,0.0,1,-1.311,,0,0
34.2000,1.1949,1.648,-0.000,-0.000,0.767,0.0,1,-1.311,,0,0
34.2167,1.1949,1.648,-0.000,-0.000,0.767,0.0,1,-1.311,,0,0
34.2333,1.1949,1.648,-0.000,-0.000,0.766,0.0,1,-1.311,,0,0
34.2500,1.1949,1.648,-0.000,-0.000,0.766,0.0,1,-1.311,,0,0
34.2667,1.1949,1.648,-0.000,-0.000,0.766,0.0,1,-1.311,,0,0
34.2833,1.1949,1.648,-0.000,-0.000,0.765,0.0,1,-1.311,,0,0
34.3000,1.1949,1.648,-0.000,-0.000,0.765,0.0,1,-1.311,,0,0
34.3167,1.1949,1.648,-0.000,-0.000,0.764,0.0,1,-1.311,,0,0
34.3333,1.1949,1.648,-0.000,-0.000,0.764,0.0,1,-1.311,,0,0
34.3500,1.1949,1.648,-0.000,-0.000,0.764,0.0,1,-1.311,,0,0
34.3667,1.1949,1.648,-0.000,-0.000,0.763,0.0,1,-1.311,,0,0
34.3833,1.1949,1.648,-0.000,-0.000,0.763,0.0,1,-1.311,,0,0
34.4000,1.1949,1.648,-0.000,-0.000,0.763,0.0,1,-1.311,,0,0
34.4167,1.1949,1.648,-0.000,-0.000,0.762,0.0,1,-1.311,,0,0
34.4333,1.1949,1.648,-0.000,-0.000,0.762,0.0,1,-1.311,,0,0
34.4500,1.1949,1.648,-0.000,-0.000,0.761,0.0,1,-1.311,,0,0
34.4667,1.1949,1.648,-0.000,-0.000,0.761,0.0,1,-1.311,,0,0
34.4833,1.1949,1.648,-0.000,-0.000,0.761,0.0,1,-1.311,,0,0
34.5000,1.1949,1.648,-0.000,-0.000,0.760,0.0,1,-1.311,,0,0
34.5167,1.1948,1.648,-0.000,-0.000,0.760,0.0,1,-1.311,,0,0
34.5333,1.1948,1.648,-0.000,-0.000,0.759,0.0,1,-1.311,,0,0
34.5500,1.1948,1.648,-0.000,-0.000,0.759,0.0,1,-1.311,,0,0
34.5667,1.1948,1.648,-0.000,-0.000,0.759,0.0,1,-1.311,,0,0
34.5833,1.1948,1.648,-0.000,-0.000,0.758,0.0,1,-1.311,,0,0
34.6000,1.1948,1.648,-0.000,-0.000,0.758,0.0,1,-1.311,,0,0
34.6167,1.1948,1.648,-0.000,-0.000,0.757,0.0,1,-1.311,,0,0
34.6333,1.1948,1.648,-0.000,-0.000,0.757,0.0,1,-1.311,,0,0
34.6500,1.1948,1.648,-0.000,-0.000,0.757,0.0,1,-1.311,,0,0
34.6667,1.1948,1.648,-0.000,-0.000,0.756,0.0,1,-1.311,,0,0
34.6833,1.1948,1.648,-0.000,-0.000,0.756,0.0,1,-1.311,,0,0
34.7000,1.1948,1.648,-0.000,-0.000,0.756,0.0,1,-1.311,,0,0
34.7167,1.1948,1.648,-0.000,-0.000,0.755,0.0,1,-1.311,,0,0
34.7333,1.1948,1.648,-0.000,-0.000,0.755,0.0,1,-1.311,,0,0
34.7500,1.1948,1.648,-0.000,-0.000,0.754,0.0,1,-1.311,,0,0
34.7667,1.1948,1.648,-0.000,-0.000,0.754,0.0,1,-1.311,,0,0
34.7833,1.1948,1.648,-0.000,-0.000,0.754,0.0,1,-1.311,,0,0
34.8000,1.1948,1.648,-0.000,-0.000,0.753,0.0,1,-1.311,,0,0
34.8167,1.1948,1.647,-0.000,-0.000,0.753,0.0,1,-1.311,,0,0
34.8333,1.1948,1.647,-0.000,-0.000,0.752,0.0,1,-1.311,,0,0
34.8500,1.1948,1.647,-0.000,-0.000,0.752,0.0,1,-1.311,,0,0
34.8667,1.1948,1.647,-0.000,-0.000,0.752,0.0,1,-1.311,,0,0
34.8833,1.1948,1.647,-0.000,-0.000,0.751,0.0,1,-1.311,,0,0
34.9000,1.1948,1.647,-0.000,-0.000,0.751,0.0,1,-1.311,,0,0
34.9167,1.1948,1.647,-0.000,-0.000,0.751,0.0,1,-1.311,,0,0
34.9333,1.1948,1.647,-0.000,-0.000,0.750,0.0,1,-1.311,,0,0
34.9500,1.1948,1.647,-0.000,-0.000,0.750,0.0,1,-1.311,,0,0
34.9667,1.1948,1.647,-0.000,-0.000,0.749,0.0,1,-1.311,,0,0
34.9833,1.1948,1.647,-0.000,-0.000,0.749,0.0,1,-1.311,,0,0
35.0000,1.1948,1.647,-0.000,-0.000,0.749,0.0,1,-1.311,,0,0
35.0167,1.1948,1.647,-0.000,-0.000,0.748,0.0,1,-1.311,,0,0
35.0333,1.1948,1.647,-0.000,-0.000,0.748,0.0,1,-1.311,,0,0
35.0500,1.1948,1.647,-0.000,-0.000,0.748,0.0,1,-1.311,,0,0
35.0667,1.1948,1.647,-0.000,-0.000,0.747,0.0,1,-1.311,,0,0
35.0833,1.1948,1.647,-0.000,-0.000,0.747,0.0,1,-1.311,,0,0
35.1000,1.1948,1.647,-0.000,-0.000,0.746,0.0,1,-1.311,,0,0
35.1167,1.1948,1.647,-0.000,-0.000,0.746,0.0,1,-1.311,,0,0
35.1333,1.1948,1.647,-0.000,-0.000,0.746,0.0,1,-1.311,,0,0
35.1500,1.1948,1.647,-0.000,-0.000,0.745,0.0,1,-1.311,,0,0
35.1667,1.1948,1.647,-0.000,-0.000,0.745,0.0,1,-1.311,,0,0
35.1833,1.1948,1.647,-0.000,-0.000,0.745,0.0,1,-1.311,,0,0
35.2000,1.1948,1.647,-0.000,-0.000,0.744,0.0,1,-1.311,,0,0
35.2167,1.1948,1.647,-0.000,-0.000,0.744,0.0,1,-1.311,,0,0
35.2333,1.1948,1.647,-0.000,-0.000,0.743,0.0,1,-1.311,,0,0
35.2500,1.1948,1.647,-0.000,-0.000,0.743,0.0,1,-1.311,,0,0
35.2667,1.1948,1.647,-0.000,-0.000,0.743,0.0,1,-1.311,,0,0
35.2833,1.1948,1.647,-0.000,-0.000,0.742,0.0,1,-1.311,,0,0
35.3000,1.1948,1.647,-0.000,-0.000,0.742,0.0,1,-1.311,,0,0
35.3167,1.1948,1.647,-0.000,-0.000,0.742,0.0,1,-1.311,,0,0
35.3333,1.1948,1.647,-0.000,-0.000,0.741,0.0,1,-1.311,,0,0
35.3500,1.1948,1.647,-0.000,-0.000,0.741,0.0,1,-1.311,,0,0
35.3667,1.1948,1.647,-0.000,-0.000,0.740,0.0,1,-1.311,,0,0
35.3833,1.1948,1.647,-0.000,-0.000,0.740,0.0,1,-1.311,,0,0
35.4000,1.1948,1.647,-0.000,-0.000,0.740,0.0,1,-1.311,,0,0
35.4167,1.1948,1.647,-0.000,-0.000,0.739,0.0,1,-1.311,,0,0
35.4333,1.1948,1.647,-0.000,-0.000,0.739,0.0,1,-1.311,,0,0
35.4500,1.1948,1.647,-0.000,-0.000,0.739,0.0,1,-1.311,,0,0
35.4667,1.1948,1.646,-0.000,-0.000,0.738,0.0,1,-1.311,,0,0
35.4833,1.1948,1.646,-0.000,-0.000,0.738,0.0,1,-1.311,,0,0
35.5000,1.1948,1.646,-0.000,-0.000,0.737,0.0,1,-1.311,,0,0
35.5167,1.1948,1.646,-0.000,-0.000,0.737,0.0,1,-1.311,,0,0
35.5333,1.1948,1.646,-0.000,-0.000,0.737,0.0,1,-1.311,,0,0
35.5500,1.1948,1.646,-0.000,-0.000,0.736,0.0,1,-1.311,,0,0
35.5667,1.1948,1.646,-0.000,-0.000,0.736,0.0,1,-1.311,,0,0
35.5833,1.1948,1.646,-0.000,-0.000,0.736,0.0,1,-1.311,,0,0
35.6000,1.1948,1.646,-0.000,-0.000,0.735,0.0,1,-1.311,,0,0
35.6167,1.1948,1.646,-0.000,-0.000,0.735,0.0,1,-1.311,,0,0
35.6333,1.1948,1.646,-0.000,-0.000,0.735,0.0,1,-1.311,,0,0
35.6500,1.1948,1.646,-0.000,-0.000,0.734,0.0,1,-1.311,,0,0
35.6667,1.1948,1.646,-0.000,-0.000,0.734,0.0,1,-1.311,,0,0
35.6833,1.1948,1.646,-0.000,-0.000,0.733,0.0,1,-1.311,,0,0
35.7000,1.1948,1.646,-0.000,-0.000,0.733,0.0,1,-1.311,,0,0
35.7167,1.1948,1.646,-0.000,-0.000,0.733,0.0,1,-1.311,,0,0
35.7333,1.1948,1.646,-0.000,-0.000,0.732,0.0,1,-1.311,,0,0
35.7500,1.1948,1.646,-0.000,-0.000,0.732,0.0,1,-1.311,,0,0
35.7667,1.1948,1.646,-0.000,-0.000,0.732,0.0,1,-1.311,,0,0
35.7833,1.1948,1.646,-0.000,-0.000,0.731,0.0,1,-1.311,,0,0
35.8000,1.1948,1.646,-0.000,-0.000,0.731,0.0,1,-1.311,,0,0
35.8167,1.1948,1.646,-0.000,-0.000,0.731,0.0,1,-1.311,,0,0
35.8333,1.1948,1.646,-0.000,-0.000,0.730,0.0,1,-1.311,,0,0
35.8500,1.1948,1.646,-0.000,-0.000,0.730,0.0,1,-1.311,,0,0
35.8667,1.1948,1.646,-0.000,-0.000,0.729,0.0,1,-1.311,,0,0
35.8833,1.1948,1.646,-0.000,-0.000,0.729,0.0,1,-1.311,,0,0
35.9000,1.1948,1.646,-0.000,-0.000,0.729,0.0,1,-1.311,,0,0
35.9167,1.1948,1.646,-0.000,-0.000,0.728,0.0,1,-1.311,,0,0
35.9333,1.1948,1.646,-0.000,-0.000,0.728,0.0,1,-1.311,,0,0
35.9500,1.1948,1.646,-0.000,-0.000,0.728,0.0,1,-1.311,,0,0
35.9667,1.1948,1.646,-0.000,-0.000,0.727,0.0,1,-1.311,,0,0
35.9833,1.1948,1.646,-0.000,-0.000,0.727,0.0,1,-1.311,,0,0
36.0000,1.1948,1.646,-0.000,-0.000,0.727,0.0,1,-1.311,,0,0
36.0167,1.1948,1.646,-0.000,-0.000,0.726,0.0,1,-1.311,,0,0
36.0333,1.1948,1.646,-0.000,-0.000,0.726,0.0,1,-1.311,,0,0
36.0500,1.1948,1.646,-0.000,-0.000,0.725,0.0,1,-1.311,,0,0
36.0667,1.1948,1.646,-0.000,-0.000,0.725,0.0,1,-1.311,,0,0
36.0833,1.1948,1.646,-0.000,-0.000,0.725,0.0,1,-1.311,,0,0
36.1000,1.1948,1.646,-0.000,-0.000,0.724,0.0,1,-1.311,,0,0
36.1167,1.1948,1.646,-0.000,-0.000,0.724,0.0,1,-1.311,,0,0
36.1333,1.1948,1.646,-0.000,-0.000,0.724,0.0,1,-1.311,,0,0
36.1500,1.1948,1.645,-0.000,-0.000,0.723,0.0,1,-1.311,,0,0
36.1667,1.1948,1.645,-0.000,-0.000,0.723,0.0,1,-1.311,,0,0
36.1833,1.1948,1.645,-0.000,-0.000,0.723,0.0,1,-1.311,,0,0
36.2000,1.1948,1.645,-0.000,-0.000,0.722,0.0,1,-1.311,,0,0
36.2167,1.1948,1.645,-0.000,-0.000,0.722,0.0,1,-1.311,,0,0
36.2333,1.1948,1.645,-0.000,-0.000,0.722,0.0,1,-1.311,,0,0
36.2500,1.1948,1.645,-0.000,-0.000,0.721,0.0,1,-1.311,,0,0
36.2667,1.1948,1.645,-0.000,-0.000,0.721,0.0,1,-1.311,,0,0
36.2833,1.1948,1.645,-0.000,-0.000,0.721,0.0,1,-1.311,,0,0
36.3000,1.1948,1.645,-0.000,-0.000,0.720,0.0,1,-1.311,,0,0
36.3167,1.1948,1.645,-0.000,-0.000,0.720,0.0,1,-1.311,,0,0
36.3333,1.1948,1.645,-0.000,-0.000,0.719,0.0,1,-1.311,,0,0
36.3500,1.1948,1.645,-0.000,-0.000,0.719,0.0,1,-1.311,,0,0
36.3667,1.1948,1.645,-0.000,-0.000,0.719,0.0,1,-1.311,,0,0
36.3833,1.1948,1.645,-0.000,-0.000,0.718,0.0,1,-1.311,,0,0
36.4000,1.1948,1.645,-0.000,-0.000,0.718,0.0,1,-1.311,,0,0
36.4167,1.1948,1.645,-0.000,-0.000,0.718,0.0,1,-1.311,,0,0
36.4333,1.1948,1.645,-0.000,-0.000,0.717,0.0,1,-1.311,,0,0
36.4500,1.1948,1.645,-0.000,-0.000,0.717,0.0,1,-1.311,,0,0
36.4667,1.1948,1.645,-0.000,-0.000,0.717,0.0,1,-1.311,,0,0
36.4833,1.1948,1.645,-0.000,-0.000,0.716,0.0,1,-1.311,,0,0
36.5000,1.1948,1.645,-0.000,-0.000,0.716,0.0,1,-1.311,,0,0
36.5167,1.1948,1.645,-0.000,-0.000,0.716,0.0,1,-1.311,,0,0
36.5333,1.1948,1.645,-0.000,-0.000,0.715,0.0,1,-1.311,,0,0
36.5500,1.1948,1.645,-0.000,-0.000,0.715,0.0,1,-1.311,,0,0
36.5667,1.1948,1.645,-0.000,-0.000,0.715,0.0,1,-1.311,,0,0
36.5833,1.1948,1.645,-0.000,-0.000,0.714,0.0,1,-1.311,,0,0
36.6000,1.1948,1.645,-0.000,-0.000,0.714,0.0,1,-1.311,,0,0
36.6167,1.1948,1.645,-0.000,-0.000,0.713,0.0,1,-1.311,,0,0
36.6333,1.1948,1.645,-0.000,-0.000,0.713,0.0,1,-1.311,,0,0
36.6500,1.1948,1.645,-0.000,-0.000,0.713,0.0,1,-1.310,,0,0
36.6667,1.1948,1.645,-0.000,-0.000,0.712,0.0,1,-1.310,,0,0
36.6833,1.1948,1.645,-0.000,-0.000,0.712,0.0,1,-1.310,,0,0
36.7000,1.1948,1.645,-0.000,-0.000,0.712,0.0,1,-1.310,,0,0
36.7167,1.1948,1.645,-0.000,-0.000,0.711,0.0,1,-1.310,,0,0
36.7333,1.1948,1.645,-0.000,-0.000,0.711,0.0,1,-1.310,,0,0
36.7500,1.1948,1.645,-0.000,-0.000,0.711,0.0,1,-1.310,,0,0
36.7667,1.1948,1.645,-0.000,-0.000,0.710,0.0,1,-1.310,,0,0
36.7833,1.1948,1.645,-0.000,-0.000,0.710,0.0,1,-1.310,,0,0
36.8000,1.1948,1.645,-0.000,-0.000,0.710,0.0,1,-1.310,,0,0
36.8167,1.1948,1.645,-0.000,-0.000,0.709,0.0,1,-1.310,,0,0
36.8333,1.1948,1.645,-0.000,-0.000,0.709,0.0,1,-1.310,,0,0
36.8500,1.1948,1.645,-0.000,-0.000,0.709,0.0,1,-1.310,,0,0
36.8667,1.1948,1.644,-0.000,-0.000,0.708,0.0,1,-1.310,,0,0
36.8833,1.1948,1.644,-0.000,-0.000,0.708,0.0,1,-1.310,,0,0
36.9000,1.1948,1.644,-0.000,-0.000,0.708,0.0,1,-1.310,,0,0
36.9167,1.1948,1.644,-0.000,-0.000,0.707,0.0,1,-1.310,,0,0
36.9333,1.1948,1.644,-0.000,-0.000,0.707,0.0,1,-1.310,,0,0
36.9500,1.1948,1.644,-0.000,-0.000,0.707,0.0,1,-1.310,,0,0
36.9667,1.1948,1.644,-0.000,-0.000,0.706,0.0,1,-1.310,,0,0
36.9833,1.1948,1.644,-0.000,-0.000,0.706,0.0,1,-1.310,,0,0
37.0000,1.1948,1.644,-0.000,-0.000,0.706,0.0,1,-1.310,,0,0
37.0167,1.1948,1.644,-0.000,-0.000,0.705,0.0,1,-1.310,,0,0
37.0333,1.1948,1.644,-0.000,-0.000,0.705,0.0,1,-1.310,,0,0
37.0500,1.1948,1.644,-0.000,-0.000,0.705,0.0,1,-1.310,,0,0
37.0667,1.1948,1.644,-0.000,-0.000,0.704,0.0,1,-1.310,,0,0
37.0833,1.1948,1.644,-0.000,-0.000,0.704,0.0,1,-1.310,,0,0
37.1000,1.1948,1.644,-0.000,-0.000,0.704,0.0,1,-1.310,,0,0
37.1167,1.1948,1.644,-0.000,-0.000,0.703,0.0,1,-1.310,,0,0
37.1333,1.1948,1.644,-0.000,-0.000,0.703,0.0,1,-1.310,,0,0
37.1500,1.1947,1.644,-0.000,-0.000,0.703,0.0,1,-1.310,,0,0
37.1667,1.1947,1.644,-0.000,-0.000,0.702,0.0,1,-1.310,,0,0
37.1833,1.1947,1.644,-0.000,-0.000,0.702,0.0,1,-1.310,,0,0
37.2000,1.1947,1.644,-0.000,-0.000,0.702,0.0,1,-1.310,,0,0
37.2167,1.1947,1.644,-0.000,-0.000,0.701,0.0,1,-1.310,,0,0
37.2333,1.1947,1.644,-0.000,-0.000,0.701,0.0,1,-1.310,,0,0
37.2500,1.1947,1.644,-0.000,-0.000,0.700,0.0,1,-1.310,,0,0
37.2667,1.1947,1.644,-0.000,-0.000,0.700,0.0,1,-1.310,,0,0
37.2833,1.1947,1.644,-0.000,-0.000,0.700,0.0,1,-1.310,,0,0
37.3000,1.1947,1.644,-0.000,-0.000,0.699,0.0,1,-1.310,,0,0
37.3167,1.1947,1.644,-0.000,-0.000,0.699,0.0,1,-1.310,,0,0
37.3333,1.1947,1.644,-0.000,-0.000,0.699,0.0,1,-1.310,,0,0
37.3500,1.1947,1.644,-0.000,-0.000,0.698,0.0,1,-1.310,,0,0
37.3667,1.1947,1.644,-0.000,-0.000,0.698,0.0,1,-1.310,,0,0
37.3833,1.1947,1.644,-0.000,-0.000,0.698,0.0,1,-1.310,,0,0
37.4000,1.1947,1.644,-0.000,-0.000,0.697,0.0,1,-1.310,,0,0
37.4167,1.1947,1.644,-0.000,-0.000,0.697,0.0,1,-1.310,,0,0
37.4333,1.1947,1.644,-0.000,-0.000,0.697,0.0,1,-1.310,,0,0
37.4500,1.1947,1.644,-0.000,-0.000,0.696,0.0,1,-1.310,,0,0
37.4667,1.1947,1.644,-0.000,-0.000,0.696,0.0,1,-1.310,,0,0
37.4833,1.1947,1.644,-0.000,-0.000,0.696,0.0,1,-1.310,,0,0
37.5000,1.1947,1.644,-0.000,-0.000,0.695,0.0,1,-1.310,,0,0
37.5167,1.1947,1.644,-0.000,-0.000,0.695,0.0,1,-1.310,,0,0
37.5333,1.1947,1.644,-0.000,-0.000,0.695,0.0,1,-1.310,,0,0
37.5500,1.1947,1.644,-0.000,-0.000,0.694,0.0,1,-1.310,,0,0
37.5667,1.1947,1.644,-0.000,-0.000,0.694,0.0,1,-1.310,,0,0
37.5833,1.1947,1.644,-0.000,-0.000,0.694,0.0,1,-1.310,,0,0
37.6000,1.1947,1.644,-0.000,-0.000,0.693,0.0,1,-1.310,,0,0
37.6167,1.1947,1.644,-0.000,-0.000,0.693,0.0,1,-1.310,,0,0
37.6333,1.1947,1.643,-0.000,-0.000,0.693,0.0,1,-1.310,,0,0
37.6500,1.1947,1.643,-0.000,-0.000,0.692,0.0,1,-1.310,,0,0
37.6667,1.1947,1.643,-0.000,-0.000,0.692,0.0,1,-1.310,,0,0
37.6833,1.1947,1.643,-0.000,-0.000,0.692,0.0,1,-1.310,,0,0
37.7000,1.1947,1.643,-0.000,-0.000,0.692,0.0,1,-1.310,,0,0
37.7167,1.1947,1.643,-0.000,-0.000,0.691,0.0,1,-1.310,,0,0
37.7333,1.1947,1.643,-0.000,-0.000,0.691,0.0,1,-1.310,,0,0
37.7500,1.1947,1.643,-0.000,-0.000,0.691,0.0,1,-1.310,,0,0
37.7667,1.1947,1.643,-0.000,-0.000,0.690,0.0,1,-1.310,,0,0
37.7833,1.1947,1.643,-0.000,-0.000,0.690,0.0,1,-1.310,,0,0
37.8000,1.1947,1.643,-0.000,-0.000,0.690,0.0,1,-1.310,,0,0
37.8167,1.1947,1.643,-0.000,-0.000,0.689,0.0,1,-1.310,,0,0
37.8333,1.1947,1.643,-0.000,-0.000,0.689,0.0,1,-1.310,,0,0
37.8500,1.1947,1.643,-0.000,-0.000,0.689,0.0,1,-1.310,,0,0
37.8667,1.1947,1.643,-0.000,-0.000,0.688,0.0,1,-1.310,,0,0
37.8833,1.1947,1.643,-0.000,-0.000,0.688,0.0,1,-1.310,,0,0
37.9000,1.1947,1.643,-0.000,-0.000,0.688,0.0,1,-1.310,,0,0
37.9167,1.1947,1.643,-0.000,-0.000,0.687,0.0,1,-1.310,,0,0
37.9333,1.1947,1.643,-0.000,-0.000,0.687,0.0,1,-1.310,,0,0
37.9500,1.1947,1.643,-0.000,-0.000,0.687,0.0,1,-1.310,,0,0
37.9667,1.1947,1.643,-0.000,-0.000,0.686,0.0,1,-1.310,,0,0
37.9833,1.1947,1.643,-0.000,-0.000,0.686,0.0,1,-1.310,,0,0
38.0000,1.1947,1.643,-0.000,-0.000,0.686,0.0,1,-1.310,,0,0
38.0167,1.1947,1.643,-0.000,-0.000,0.685,0.0,1,-1.310,,0,0
38.0333,1.1947,1.643,-0.000,-0.000,0.685,0.0,1,-1.310,,0,0
38.0500,1.1947,1.643,-0.000,-0.000,0.685,0.0,1,-1.310,,0,0
38.0667,1.1947,1.643,-0.000,-0.000,0.684,0.0,1,-1.310,,0,0
38.0833,1.1947,1.643,-0.000,-0.000,0.684,0.0,1,-1.310,,0,0
38.1000,1.1947,1.643,-0.000,-0.000,0.684,0.0,1,-1.310,,0,0
38.1167,1.1947,1.643,-0.000,-0.000,0.683,0.0,1,-1.310,,0,0
38.1333,1.1947,1.643,-0.000,-0.000,0.683,0.0,1,-1.310,,0,0
38.1500,1.1947,1.643,-0.000,-0.000,0.683,0.0,1,-1.310,,0,0
38.1667,1.1947,1.643,-0.000,-0.000,0.682,0.0,1,-1.310,,0,0
38.1833,1.1947,1.643,-0.000,-0.000,0.682,0.0,1,-1.310,,0,0
38.2000,1.1947,1.643,-0.000,-0.000,0.682,0.0,1,-1.310,,0,0
38.2167,1.1947,1.643,-0.000,-0.000,0.681,0.0,1,-1.310,,0,0
38.2333,1.1947,1.643,-0.000,-0.000,0.681,0.0,1,-1.310,,0,0
38.2500,1.1947,1.643,-0.000,-0.000,0.681,0.0,1,-1.310,,0,0
38.2667,1.1947,1.643,-0.000,-0.000,0.680,0.0,1,-1.310,,0,0
38.2833,1.1947,1.643,-0.000,-0.000,0.680,0.0,1,-1.310,,0,0
38.3000,1.1947,1.643,-0.000,-0.000,0.680,0.0,1,-1.310,,0,0
38.3167,1.1947,1.643,-0.000,-0.000,0.680,0.0,1,-1.310,,0,0
38.3333,1.1947,1.643,-0.000,-0.000,0.679,0.0,1,-1.310,,0,0
38.3500,1.1947,1.643,-0.000,-0.000,0.679,0.0,1,-1.310,,0,0
38.3667,1.1947,1.643,-0.000,-0.000,0.679,0.0,1,-1.310,,0,0
38.3833,1.1947,1.643,-0.000,-0.000,0.678,0.0,1,-1.310,,0,0
38.4000,1.1947,1.643,-0.000,-0.000,0.678,0.0,1,-1.310,,0,0
38.4167,1.1947,1.643,-0.000,-0.000,0.678,0.0,1,-1.310,,0,0
38.4333,1.1947,1.642,-0.000,-0.000,0.677,0.0,1,-1.310,,0,0
38.4500,1.1947,1.642,-0.000,-0.000,0.677,0.0,1,-1.310,,0,0
38.4667,1.1947,1.642,-0.000,-0.000,0.677,0.0,1,-1.310,,0,0
38.4833,1.1947,1.642,-0.000,-0.000,0.676,0.0,1,-1.310,,0,0
38.5000,1.1947,1.642,-0.000,-0.000,0.676,0.0,1,-1.310,,0,0
38.5167,1.1947,1.642,-0.000,-0.000,0.676,0.0,1,-1.310,,0,0
38.5333,1.1947,1.642,-0.000,-0.000,0.675,0.0,1,-1.310,,0,0
38.5500,1.1947,1.642,-0.000,-0.000,0.675,0.0,1,-1.310,,0,0
38.5667,1.1947,1.642,-0.000,-0.000,0.675,0.0,1,-1.310,,0,0
38.5833,1.1947,1.642,-0.000,-0.000,0.674,0.0,1,-1.310,,0,0
38.6000,1.1947,1.642,-0.000,-0.000,0.674,0.0,1,-1.310,,0,0
38.6167,1.1947,1.642,-0.000,-0.000,0.674,0.0,1,-1.310,,0,0
38.6333,1.1947,1.642,-0.000,-0.000,0.673,0.0,1,-1.310,,0,0
38.6500,1.1947,1.642,-0.000,-0.000,0.673,0.0,1,-1.310,,0,0
38.6667,1.1947,1.642,-0.000,-0.000,0.673,0.0,1,-1.310,,0,0
38.6833,1.1947,1.642,-0.000,-0.000,0.673,0.0,1,-1.310,,0,0
38.7000,1.1947,1.642,-0.000,-0.000,0.672,0.0,1,-1.310,,0,0
38.7167,1.1947,1.642,-0.000,-0.000,0.672,0.0,1,-1.310,,0,0
38.7333,1.1947,1.642,-0.000,-0.000,0.672,0.0,1,-1.310,,0,0
38.7500,1.1947,1.642,-0.000,-0.000,0.671,0.0,1,-1.310,,0,0
38.7667,1.1947,1.642,-0.000,-0.000,0.671,0.0,1,-1.310,,0,0
38.7833,1.1947,1.642,-0.000,-0.000,0.671,0.0,1,-1.310,,0,0
38.8000,1.1947,1.642,-0.000,-0.000,0.670,0.0,1,-1.310,,0,0
38.8167,1.1947,1.642,-0.000,-0.000,0.670,0.0,1,-1.310,,0,0
38.8333,1.1947,1.642,-0.000,-0.000,0.670,0.0,1,-1.310,,0,0
38.8500,1.1947,1.642,-0.000,-0.000,0.669,0.0,1,-1.310,,0,0
38.8667,1.1947,1.642,-0.000,-0.000,0.669,0.0,1,-1.310,,0,0
38.8833,1.1947,1.642,-0.000,-0.000,0.669,0.0,1,-1.310,,0,0
38.9000,1.1947,1.642,-0.000,-0.000,0.668,0.0,1,-1.310,,0,0
38.9167,1.1947,1.642,-0.000,-0.000,0.668,0.0,1,-1.310,,0,0
38.9333,1.1947,1.642,-0.000,-0.000,0.668,0.0,1,-1.310,,0,0
38.9500,1.1947,1.642,-0.000,-0.000,0.668,0.0,1,-1.310,,0,0
38.9667,1.1947,1.642,-0.000,-0.000,0.667,0.0,1,-1.310,,0,0
38.9833,1.1947,1.642,-0.000,-0.000,0.667,0.0,1,-1.310,,0,0
39.0000,1.1947,1.642,-0.000,-0.000,0.667,0.0,1,-1.310,,0,0
39.0167,1.1947,1.642,-0.000,-0.000,0.666,0.0,1,-1.310,,0,0
39.0333,1.1947,1.642,-0.000,-0.000,0.666,0.0,1,-1.310,,0,0
39.0500,1.1947,1.642,-0.000,-0.000,0.666,0.0,1,-1.310,,0,0
39.0667,1.1947,1.642,-0.000,-0.000,0.665,0.0,1,-1.310,,0,0
39.0833,1.1947,1.642,-0.000,-0.000,0.665,0.0,1,-1.310,,0,0
39.1000,1.1947,1.642,-0.000,-0.000,0.665,0.0,1,-1.310,,0,0
39.1167,1.1947,1.642,-0.000,-0.000,0.664,0.0,1,-1.310,,0,0
39.1333,1.1947,1.642,-0.000,-0.000,0.664,0.0,1,-1.310,,0,0
39.1500,1.1947,1.642,-0.000,-0.000,0.664,0.0,1,-1.310,,0,0
39.1667,1.1947,1.642,-0.000,-0.000,0.664,0.0,1,-1.310,,0,0
39.1833,1.1947,1.642,-0.000,-0.000,0.663,0.0,1,-1.310,,0,0
39.2000,1.1947,1.642,-0.000,-0.000,0.663,0.0,1,-1.310,,0,0
39.2167,1.1947,1.642,-0.000,-0.000,0.663,0.0,1,-1.310,,0,0
39.2333,1.1947,1.642,-0.000,-0.000,0.662,0.0,1,-1.310,,0,0
39.2500,1.1947,1.642,-0.000,-0.000,0.662,0.0,1,-1.310,,0,0
39.2667,1.1947,1.641,-0.000,-0.000,0.662,0.0,1,-1.310,,0,0
39.2833,1.1947,1.641,-0.000,-0.000,0.661,0.0,1,-1.310,,0,0
39.3000,1.1947,1.641,-0.000,-0.000,0.661,0.0,1,-1.310,,0,0
39.3167,1.1947,1.641,-0.000,-0.000,0.661,0.0,1,-1.310,,0,0
39.3333,1.1947,1.641,-0.000,-0.000,0.660,0.0,1,-1.310,,0,0
39.3500,1.1947,1.641,-0.000,-0.000,0.660,0.0,1,-1.310,,0,0
39.3667,1.1947,1.641,-0.000,-0.000,0.660,0.0,1,-1.310,,0,0
39.3833,1.1947,1.641,-0.000,-0.000,0.660,0.0,1,-1.310,,0,0
39.4000,1.1947,1.641,-0.000,-0.000,0.659,0.0,1,-1.310,,0,0
39.4167,1.1947,1.641,-0.000,-0.000,0.659,0.0,1,-1.310,,0,0
39.4333,1.1947,1.641,-0.000,-0.000,0.659,0.0,1,-1.310,,0,0
39.4500,1.1947,1.641,-0.000,-0.000,0.658,0.0,1,-1.310,,0,0
39.4667,1.1947,1.641,-0.000,-0.000,0.658,0.0,1,-1.310,,0,0
39.4833,1.1947,1.641,-0.000,-0.000,0.658,0.0,1,-1.310,,0,0
39.5000,1.1947,1.641,-0.000,-0.000,0.657,0.0,1,-1.310,,0,0
39.5167,1.1947,1.641,-0.000,-0.000,0.657,0.0,1,-1.310,,0,0
39.5333,1.1947,1.641,-0.000,-0.000,0.657,0.0,1,-1.310,,0,0
39.5500,1.1947,1.641,-0.000,-0.000,0.657,0.0,1,-1.310,,0,0
39.5667,1.1947,1.641,-0.000,-0.000,0.656,0.0,1,-1.310,,0,0
39.5833,1.1947,1.641,-0.000,-0.000,0.656,0.0,1,-1.310,,0,0
39.6000,1.1947,1.641,-0.000,-0.000,0.656,0.0,1,-1.310,,0,0
39.6167,1.1947,1.641,-0.000,-0.000,0.655,0.0,1,-1.310,,0,0
39.6333,1.1947,1.641,-0.000,-0.000,0.655,0.0,1,-1.310,,0,0
39.6500,1.1947,1.641,-0.000,-0.000,0.655,0.0,1,-1.310,,0,0
39.6667,1.1947,1.641,-0.000,-0.000,0.654,0.0,1,-1.310,,0,0
39.6833,1.1947,1.641,-0.000,-0.000,0.654,0.0,1,-1.310,,0,0
39.7000,1.1947,1.641,-0.000,-0.000,0.654,0.0,1,-1.310,,0,0
39.7167,1.1947,1.641,-0.000,-0.000,0.654,0.0,1,-1.310,,0,0
39.7333,1.1947,1.641,-0.000,-0.000,0.653,0.0,1,-1.310,,0,0
39.7500,1.1947,1.641,-0.000,-0.000,0.653,0.0,1,-1.310,,0,0
39.7667,1.1947,1.641,-0.000,-0.000,0.653,0.0,1,-1.310,,0,0
39.7833,1.1947,1.641,-0.000,-0.000,0.652,0.0,1,-1.310,,0,0
39.8000,1.1947,1.641,-0.000,-0.000,0.652,0.0,1,-1.310,,0,0
39.8167,1.1947,1.641,-0.000,-0.000,0.652,0.0,1,-1.310,,0,0
39.8333,1.1947,1.641,-0.000,-0.000,0.651,0.0,1,-1.310,,0,0
39.8500,1.1947,1.641,-0.000,-0.000,0.651,0.0,1,-1.310,,0,0
39.8667,1.1947,1.641,-0.000,-0.000,0.651,0.0,1,-1.310,,0,0
39.8833,1.1947,1.641,-0.000,-0.000,0.651,0.0,1,-1.310,,0,0
39.9000,1.1947,1.641,-0.000,-0.000,0.650,0.0,1,-1.310,,0,0
39.9167,1.1947,1.641,-0.000,-0.000,0.650,0.0,1,-1.310,,0,0
39.9333,1.1947,1.641,-0.000,-0.000,0.650,0.0,1,-1.310,,0,0
39.9500,1.1947,1.641,-0.000,-0.000,0.649,0.0,1,-1.310,,0,0
39.9667,1.1947,1.641,-0.000,-0.000,0.649,0.0,1,-1.310,,0,0
39.9833,1.1947,1.641,-0.000,-0.000,0.649,0.0,1,-1.310,,0,0
40.0000,1.1947,1.641,-0.000,-0.000,0.649,0.0,1,-1.310,,0,0