  ok   1 archetype cub has a footprint row
  ok   1 cub footprint holds its nodes  (half 5.35/5.4, nose 1.19/1.3, tail 5.49/5.5)
  ok   1 archetype pietenpol has a footprint row
  ok   1 pietenpol footprint holds its nodes  (half 4.40/4.4, nose 0.78/0.9, tail 5.55/5.6)
  ok   1 archetype tigermoth has a footprint row
  ok   1 tigermoth footprint holds its nodes  (half 4.47/4.5, nose 0.80/0.9, tail 5.52/5.6)
  ok   1 archetype stearman has a footprint row
  ok   1 stearman footprint holds its nodes  (half 4.90/4.9, nose 0.88/1, tail 5.39/5.4)
  ok   1 archetype pittsAlike has a footprint row
  ok   1 pittsAlike footprint holds its nodes  (half 3.25/3.3, nose 0.79/0.9, tail 4.31/4.4)
  ok   1 archetype sesqui has a footprint row
  ok   1 sesqui footprint holds its nodes  (half 5.00/5, nose 0.76/0.9, tail 5.54/5.6)
  ok   1 archetype jodel has a footprint row
  ok   1 jodel footprint holds its nodes  (half 4.15/4.2, nose 1.29/1.4, tail 4.49/4.5)
  ok   1 archetype c172 has a footprint row
  ok   1 c172 footprint holds its nodes  (half 5.50/5.5, nose 1.40/1.5, tail 6.10/6.1)
  ok   1 archetype chinook has a footprint row
  ok   1 chinook footprint holds its nodes  (half 4.87/4.9, nose 0.30/0.4, tail 5.19/5.2)
  ok   1 archetype caravan has a footprint row
  ok   1 caravan footprint holds its nodes  (half 7.00/7, nose 2.00/2.1, tail 6.60/6.6)
  ok   1 archetype rv has a footprint row
  ok   1 rv footprint holds its nodes  (half 4.90/4.9, nose 0.79/0.9, tail 5.64/5.7)
  ok   1 archetype savannah has a footprint row
  ok   1 savannah footprint holds its nodes  (half 4.60/4.6, nose 0.76/0.9, tail 5.38/5.4)
  ok   1 archetype ul1 has a footprint row
  ok   1 ul1 footprint holds its nodes  (half 4.70/4.7, nose 0.75/0.9, tail 5.38/5.4)
  ok   1 archetype floatplane has a footprint row
  ok   1 floatplane footprint holds its nodes  (half 5.90/5.9, nose 1.03/1.2, tail 5.76/5.8)
  ok   1 archetype pusherPod has a footprint row
  ok   1 pusherPod footprint holds its nodes  (half 4.60/4.6, nose 0.55/0.6, tail 5.61/5.7)
  ok   1 archetype motorglider has a footprint row
  ok   1 motorglider footprint holds its nodes  (half 6.50/6.5, nose 0.74/0.9, tail 4.92/5)
  ok   1 archetype radial has a footprint row
  ok   1 radial footprint holds its nodes  (half 5.50/5.5, nose 0.79/0.9, tail 5.80/5.8)
  ok   1 archetype etrainer has a footprint row
  ok   1 etrainer footprint holds its nodes  (half 4.50/4.5, nose 0.74/0.9, tail 5.51/5.6)
  ok   1 archetype ttail has a footprint row
  ok   1 ttail footprint holds its nodes  (half 5.50/5.5, nose 0.79/0.9, tail 5.80/5.8)
  ok   1 archetype vtail has a footprint row
  ok   1 vtail footprint holds its nodes  (half 5.50/5.5, nose 0.79/0.9, tail 5.81/5.9)
  ok   1 archetype mw5 has a footprint row
  ok   1 mw5 footprint holds its nodes  (half 4.70/4.7, nose 0.50/0.6, tail 5.51/5.6)
  ok   1 archetype archaeopteryx has a footprint row
  ok   1 archaeopteryx footprint holds its nodes  (half 5.50/5.5, nose 0.50/0.6, tail 5.47/5.5)
  ok   1 archetype da62 has a footprint row
  ok   1 da62 footprint holds its nodes  (half 7.00/7, nose 0.52/0.7, tail 6.05/6.1)
  ok   1 archetype twinBush has a footprint row
  ok   1 twinBush footprint holds its nodes  (half 8.00/8, nose 0.52/0.7, tail 7.05/7.1)
  ok   1 archetype skymaster has a footprint row
  ok   1 skymaster footprint holds its nodes  (half 5.50/5.5, nose 0.79/0.9, tail 5.61/5.7)
  ok   1 archetype p38 has a footprint row
  ok   1 p38 footprint holds its nodes  (half 5.50/5.5, nose 0.51/0.7, tail 5.57/5.6)
  ok   1 archetype beaver has a footprint row
  ok   1 beaver footprint holds its nodes  (half 7.30/7.3, nose 0.89/1, tail 5.90/5.9)
  ok   1 the table was checked against 27 archetypes  (tightest ttail 0.00 m)
  ok   2 Jolene has its parked aeroplanes and its stands  (5 parked, 5 stands)
  ok   2 parked o1 (arch:cub) has a footprint of its own
  ok   2 parked o2 (arch:c172) has a footprint of its own
  ok   2 parked o3 (arch:jodel) has a footprint of its own
  ok   2 parked af_park1 (arch:cub) has a footprint of its own
  ok   2 parked af_park2 (arch:c172) has a footprint of its own
  ok   2 HOME carries its parked aeroplanes  (af_park1 af_park2 o1 o2 o3)
  ok   2 w3 carries its parked aeroplanes  (none)
  ok   2 mn_strip carries its parked aeroplanes  (none)
  ok   2 nv_strip carries its parked aeroplanes  (none)
  ok   2 tw_ski carries its parked aeroplanes  (none)
  ok   3 stock build HOME pattern sound
  ok   3 stock build HOME out[0] clears the parked aeroplanes by 6.5 m  (nearest o1 at 9.47 m, (-137.6, 671.0))
  ok   3 stock build HOME out[1] clears the parked aeroplanes by 6.5 m  (nearest o1 at 9.39 m, (-137.7, 670.9))
  ok   3 stock build HOME way out is clear (as authored or bent)  ({"ok":true,"added":0,"moved":0,"need":6.5,"worst":null})
  ok   4 stock build calibration: the unbent HOME way passes inside the Cub o1's clearance  (o1 at 6.34 m of 8.0)
  ok   3 stock build w3 pattern sound
  ok   3 stock build w3 out[0] clears the parked aeroplanes by 6.5 m  (none near)
  ok   3 stock build w3 out[1] clears the parked aeroplanes by 6.5 m  (none near)
  ok   3 stock build mn_strip pattern sound
  ok   3 stock build mn_strip out[0] clears the parked aeroplanes by 6.5 m  (none near)
  ok   3 stock build mn_strip out[1] clears the parked aeroplanes by 6.5 m  (none near)
  ok   3 stock build nv_strip pattern sound
  ok   3 stock build nv_strip out[0] clears the parked aeroplanes by 6.5 m  (none near)
  ok   3 stock build nv_strip out[1] clears the parked aeroplanes by 6.5 m  (none near)
  ok   3 stock build tw_ski pattern sound
  ok   3 stock build tw_ski out[0] clears the parked aeroplanes by 6.5 m  (none near)
  ok   3 stock build tw_ski out[1] clears the parked aeroplanes by 6.5 m  (none near)
  ok   3 aluminium C172 HOME pattern sound
  ok   3 aluminium C172 HOME out[0] clears the parked aeroplanes by 7.0 m  (nearest o1 at 9.47 m, (-137.6, 671.0))
  ok   3 aluminium C172 HOME out[1] clears the parked aeroplanes by 7.0 m  (nearest o1 at 9.39 m, (-137.7, 670.9))
  ok   3 aluminium C172 HOME way out is clear (as authored or bent)  ({"ok":true,"added":0,"moved":0,"need":7,"worst":null})
  ok   4 aluminium C172 calibration: the unbent HOME way passes inside the Cub o1's clearance  (o1 at 6.34 m of 8.5)
  ok   3 aluminium C172 w3 pattern sound
  ok   3 aluminium C172 w3 out[0] clears the parked aeroplanes by 7.0 m  (none near)
  ok   3 aluminium C172 w3 out[1] clears the parked aeroplanes by 7.0 m  (none near)
  ok   3 aluminium C172 mn_strip pattern sound
  ok   3 aluminium C172 mn_strip out[0] clears the parked aeroplanes by 7.0 m  (none near)
  ok   3 aluminium C172 mn_strip out[1] clears the parked aeroplanes by 7.0 m  (none near)
  ok   3 aluminium C172 nv_strip pattern sound
  ok   3 aluminium C172 nv_strip out[0] clears the parked aeroplanes by 7.0 m  (none near)
  ok   3 aluminium C172 nv_strip out[1] clears the parked aeroplanes by 7.0 m  (none near)
  ok   3 aluminium C172 tw_ski pattern sound
  ok   3 aluminium C172 tw_ski out[0] clears the parked aeroplanes by 7.0 m  (none near)
  ok   3 aluminium C172 tw_ski out[1] clears the parked aeroplanes by 7.0 m  (none near)
  ok   5 stock build taxied 30 m past the parked aeroplanes  (t 28 s, TAXI)
  ok   5 stock build wingtip kept 0.5 m off every parked footprint  (nearest 4.62 m, o1 at (-137.5, 670.4) in TAXI)
  stock build     span 10.0 m: flown, nearest wing to a parked footprint 4.62 m (o1 at (-137.5, 670.4) in TAXI)
  ok   5 aluminium C172 taxied 30 m past the parked aeroplanes  (t 27 s, TAXI)
  ok   5 aluminium C172 wingtip kept 0.5 m off every parked footprint  (nearest 3.92 m, o1 at (-137.7, 671.5) in TAXI)
  aluminium C172  span 11.0 m: flown, nearest wing to a parked footprint 3.92 m (o1 at (-137.7, 671.5) in TAXI)
  ok   6 the widest validated build is the 11 m C172  (stock build 10.00, aluminium C172 11.00, the user's Cub 10.70)
  ok   6 the obstacle set is the shipped one  (billboard 2, item 117, prop 4362, aircraft 5, house 459, car 439, boat 65, outbuilding 63, prop? 6, tree 3738)
  ok   6 Jolene w2 stock build stand keeps 8.00 m  (Infinity m to nothing at (943.0, -900.2))
  ok   6 Jolene w2 stock build route out[0] keeps 8.00 m  (Infinity m to nothing at (943.0, -900.2))
  ok   6 Jolene w2 stock build route out[1] keeps 8.00 m  (Infinity m to nothing at (210.8, 714.6))
  ok   6 Jolene w2 stock build route back[0] keeps 8.00 m  (Infinity m to nothing at (935.3, -912.4))
  ok   6 Jolene w2 stock build route back[1] keeps 8.00 m  (Infinity m to nothing at (210.8, 714.6))
       6 Jolene w2 stock build the roll (reported) Infinity m (nothing)
  ok   6 Jolene w2 aluminium C172 stand keeps 8.50 m  (Infinity m to nothing at (943.0, -900.2))
  ok   6 Jolene w2 aluminium C172 route out[0] keeps 8.50 m  (Infinity m to nothing at (943.0, -900.2))
  ok   6 Jolene w2 aluminium C172 route out[1] keeps 8.50 m  (Infinity m to nothing at (210.8, 714.6))
  ok   6 Jolene w2 aluminium C172 route back[0] keeps 8.50 m  (Infinity m to nothing at (935.3, -912.4))
  ok   6 Jolene w2 aluminium C172 route back[1] keeps 8.50 m  (Infinity m to nothing at (210.8, 714.6))
       6 Jolene w2 aluminium C172 the roll (reported) Infinity m (nothing)
  ok   6 Jolene w2 the user's Cub stand keeps 8.35 m  (Infinity m to nothing at (943.0, -900.2))
  ok   6 Jolene w2 the user's Cub route out[0] keeps 8.35 m  (Infinity m to nothing at (943.0, -900.2))
  ok   6 Jolene w2 the user's Cub route out[1] keeps 8.35 m  (Infinity m to nothing at (210.8, 714.6))
  ok   6 Jolene w2 the user's Cub route back[0] keeps 8.35 m  (Infinity m to nothing at (935.3, -912.4))
  ok   6 Jolene w2 the user's Cub route back[1] keeps 8.35 m  (Infinity m to nothing at (210.8, 714.6))
       6 Jolene w2 the user's Cub the roll (reported) Infinity m (nothing)
  ok   6 Jolene HOME stock build stand keeps 8.00 m  (23.83 m to aircraft ob:o3 at (-154.0, 712.0))
  ok   6 Jolene HOME stock build parked box keeps 3.00 m  (16.23 m to aircraft ob:o3 at (-153.4, 719.6))
  ok   6 Jolene HOME stock build route out[0] keeps 8.00 m  (9.47 m to aircraft ob:o1 at (-137.6, 671.0))
  ok   6 Jolene HOME stock build route out[1] keeps 8.00 m  (9.39 m to aircraft ob:o1 at (-137.7, 670.9))
  ok   6 Jolene HOME stock build route back[0] keeps 8.00 m  (Infinity m to nothing at (-1165.8, -514.9))
  ok   6 Jolene HOME stock build route back[1] keeps 8.00 m  (Infinity m to nothing at (548.1, 975.0))
       6 Jolene HOME stock build the roll (reported) Infinity m (nothing)
  ok   6 Jolene HOME aluminium C172 stand keeps 8.50 m  (23.83 m to aircraft ob:o3 at (-154.0, 712.0))
  ok   6 Jolene HOME aluminium C172 parked box keeps 3.00 m  (15.66 m to aircraft ob:o3 at (-153.1, 720.2))
  ok   6 Jolene HOME aluminium C172 route out[0] keeps 8.50 m  (9.47 m to aircraft ob:o1 at (-137.6, 671.0))
  ok   6 Jolene HOME aluminium C172 route out[1] keeps 8.50 m  (9.39 m to aircraft ob:o1 at (-137.7, 670.9))
  ok   6 Jolene HOME aluminium C172 route back[0] keeps 8.50 m  (Infinity m to nothing at (-1165.8, -514.9))
  ok   6 Jolene HOME aluminium C172 route back[1] keeps 8.50 m  (Infinity m to nothing at (548.1, 975.0))
       6 Jolene HOME aluminium C172 the roll (reported) Infinity m (nothing)
  ok   6 Jolene HOME the user's Cub stand keeps 8.35 m  (23.83 m to aircraft ob:o3 at (-154.0, 712.0))
  ok   6 Jolene HOME the user's Cub parked box keeps 3.00 m  (16.18 m to aircraft ob:o3 at (-152.9, 719.6))
  ok   6 Jolene HOME the user's Cub route out[0] keeps 8.35 m  (9.47 m to aircraft ob:o1 at (-137.6, 671.0))
  ok   6 Jolene HOME the user's Cub route out[1] keeps 8.35 m  (9.39 m to aircraft ob:o1 at (-137.7, 670.9))
  ok   6 Jolene HOME the user's Cub route back[0] keeps 8.35 m  (Infinity m to nothing at (-1165.8, -514.9))
  ok   6 Jolene HOME the user's Cub route back[1] keeps 8.35 m  (Infinity m to nothing at (548.1, 975.0))
       6 Jolene HOME the user's Cub the roll (reported) Infinity m (nothing)
  ok   6 Jolene w3 stock build stand keeps 8.00 m  (16.49 m to item s_strip/shed at (-681.1, -2381.1))
  ok   6 Jolene w3 stock build parked box keeps 3.00 m  (10.19 m to item s_strip/shed at (-674.7, -2376.8))
  ok   6 Jolene w3 stock build route out[0] keeps 8.00 m  (16.49 m to item s_strip/shed at (-681.1, -2381.1))
  ok   6 Jolene w3 stock build route out[1] keeps 8.00 m  (16.49 m to item s_strip/shed at (-681.1, -2381.1))
  ok   6 Jolene w3 stock build route back[0] keeps 8.00 m  (Infinity m to nothing at (-576.6, -2466.6))
  ok   6 Jolene w3 stock build route back[1] keeps 8.00 m  (Infinity m to nothing at (-1026.7, -2346.0))
       6 Jolene w3 stock build the roll (reported) Infinity m (nothing)
  ok   6 Jolene w3 aluminium C172 stand keeps 8.50 m  (16.49 m to item s_strip/shed at (-681.1, -2381.1))
  ok   6 Jolene w3 aluminium C172 parked box keeps 3.00 m  (9.89 m to item s_strip/shed at (-674.2, -2376.7))
  ok   6 Jolene w3 aluminium C172 route out[0] keeps 8.50 m  (16.49 m to item s_strip/shed at (-681.1, -2381.1))
  ok   6 Jolene w3 aluminium C172 route out[1] keeps 8.50 m  (16.49 m to item s_strip/shed at (-681.1, -2381.1))
  ok   6 Jolene w3 aluminium C172 route back[0] keeps 8.50 m  (Infinity m to nothing at (-576.6, -2466.6))
  ok   6 Jolene w3 aluminium C172 route back[1] keeps 8.50 m  (Infinity m to nothing at (-1026.7, -2346.0))
       6 Jolene w3 aluminium C172 the roll (reported) Infinity m (nothing)
  ok   6 Jolene w3 the user's Cub stand keeps 8.35 m  (16.49 m to item s_strip/shed at (-681.1, -2381.1))
  ok   6 Jolene w3 the user's Cub parked box keeps 3.00 m  (10.51 m to item s_strip/shed at (-674.5, -2377.2))
  ok   6 Jolene w3 the user's Cub route out[0] keeps 8.35 m  (16.49 m to item s_strip/shed at (-681.1, -2381.1))
  ok   6 Jolene w3 the user's Cub route out[1] keeps 8.35 m  (16.49 m to item s_strip/shed at (-681.1, -2381.1))
  ok   6 Jolene w3 the user's Cub route back[0] keeps 8.35 m  (Infinity m to nothing at (-576.6, -2466.6))
  ok   6 Jolene w3 the user's Cub route back[1] keeps 8.35 m  (Infinity m to nothing at (-1026.7, -2346.0))
       6 Jolene w3 the user's Cub the roll (reported) Infinity m (nothing)
  ok   6 Jolene SEA stock build stand keeps 8.00 m  (Infinity m to nothing at (874.8, -3164.3))
  ok   6 Jolene SEA stock build route out[0] keeps 8.00 m  (Infinity m to nothing at (874.8, -3164.3))
  ok   6 Jolene SEA stock build route out[1] keeps 8.00 m  (Infinity m to nothing at (-151.3, -4171.8))
  ok   6 Jolene SEA stock build route back[0] keeps 8.00 m  (Infinity m to nothing at (888.9, -3167.4))
  ok   6 Jolene SEA stock build route back[1] keeps 8.00 m  (Infinity m to nothing at (-151.3, -4171.8))
       6 Jolene SEA stock build the roll (reported) Infinity m (nothing)
  ok   6 Jolene SEA aluminium C172 stand keeps 8.50 m  (Infinity m to nothing at (874.8, -3164.3))
  ok   6 Jolene SEA aluminium C172 route out[0] keeps 8.50 m  (Infinity m to nothing at (874.8, -3164.3))
  ok   6 Jolene SEA aluminium C172 route out[1] keeps 8.50 m  (Infinity m to nothing at (-151.3, -4171.8))
  ok   6 Jolene SEA aluminium C172 route back[0] keeps 8.50 m  (Infinity m to nothing at (888.9, -3167.4))
  ok   6 Jolene SEA aluminium C172 route back[1] keeps 8.50 m  (Infinity m to nothing at (-151.3, -4171.8))
       6 Jolene SEA aluminium C172 the roll (reported) Infinity m (nothing)
  ok   6 Jolene SEA the user's Cub stand keeps 8.35 m  (Infinity m to nothing at (874.8, -3164.3))
  ok   6 Jolene SEA the user's Cub route out[0] keeps 8.35 m  (Infinity m to nothing at (874.8, -3164.3))
  ok   6 Jolene SEA the user's Cub route out[1] keeps 8.35 m  (Infinity m to nothing at (-151.3, -4171.8))
  ok   6 Jolene SEA the user's Cub route back[0] keeps 8.35 m  (Infinity m to nothing at (888.9, -3167.4))
  ok   6 Jolene SEA the user's Cub route back[1] keeps 8.35 m  (Infinity m to nothing at (-151.3, -4171.8))
       6 Jolene SEA the user's Cub the roll (reported) Infinity m (nothing)
  ok   6 Jolene mk_sea stock build stand keeps 8.00 m  (Infinity m to nothing at (-4467.6, -8897.1))
  ok   6 Jolene mk_sea stock build route out[0] keeps 8.00 m  (Infinity m to nothing at (-4467.6, -8897.1))
  ok   6 Jolene mk_sea stock build route out[1] keeps 8.00 m  (Infinity m to nothing at (-3478.1, -9940.6))
  ok   6 Jolene mk_sea stock build route back[0] keeps 8.00 m  (Infinity m to nothing at (-4464.3, -8883.0))
  ok   6 Jolene mk_sea stock build route back[1] keeps 8.00 m  (Infinity m to nothing at (-3478.1, -9940.6))
       6 Jolene mk_sea stock build the roll (reported) Infinity m (nothing)
  ok   6 Jolene mk_sea aluminium C172 stand keeps 8.50 m  (Infinity m to nothing at (-4467.6, -8897.1))
  ok   6 Jolene mk_sea aluminium C172 route out[0] keeps 8.50 m  (Infinity m to nothing at (-4467.6, -8897.1))
  ok   6 Jolene mk_sea aluminium C172 route out[1] keeps 8.50 m  (Infinity m to nothing at (-3478.1, -9940.6))
  ok   6 Jolene mk_sea aluminium C172 route back[0] keeps 8.50 m  (Infinity m to nothing at (-4464.3, -8883.0))
  ok   6 Jolene mk_sea aluminium C172 route back[1] keeps 8.50 m  (Infinity m to nothing at (-3478.1, -9940.6))
       6 Jolene mk_sea aluminium C172 the roll (reported) Infinity m (nothing)
  ok   6 Jolene mk_sea the user's Cub stand keeps 8.35 m  (Infinity m to nothing at (-4467.6, -8897.1))
  ok   6 Jolene mk_sea the user's Cub route out[0] keeps 8.35 m  (Infinity m to nothing at (-4467.6, -8897.1))
  ok   6 Jolene mk_sea the user's Cub route out[1] keeps 8.35 m  (Infinity m to nothing at (-3478.1, -9940.6))
  ok   6 Jolene mk_sea the user's Cub route back[0] keeps 8.35 m  (Infinity m to nothing at (-4464.3, -8883.0))
  ok   6 Jolene mk_sea the user's Cub route back[1] keeps 8.35 m  (Infinity m to nothing at (-3478.1, -9940.6))
       6 Jolene mk_sea the user's Cub the roll (reported) Infinity m (nothing)
  ok   6 Jolene mn_strip stock build stand keeps 8.00 m  (10.02 m to item mn_s_mine/airtaxi at (7278.0, -15318.0))
  ok   6 Jolene mn_strip stock build parked box keeps 3.00 m  (4.96 m to item mn_s_mine/airtaxi at (7282.4, -15320.6))
  ok   6 Jolene mn_strip stock build route out[0] keeps 8.00 m  (8.82 m to item mn_s_mine/clinic at (7256.3, -15353.5))
  ok   6 Jolene mn_strip stock build route out[1] keeps 8.00 m  (8.82 m to item mn_s_mine/clinic at (7256.3, -15353.3))
  ok   6 Jolene mn_strip stock build route back[0] keeps 8.00 m  (8.82 m to item mn_s_mine/clinic at (7256.3, -15353.4))
  ok   6 Jolene mn_strip stock build route back[1] keeps 8.00 m  (11.89 m to item mn_s_mine/school at (7243.6, -15499.1))
       6 Jolene mn_strip stock build the roll (reported) 8.83 m (item mn_s_mine/clinic)
  ok   6 Jolene mn_strip aluminium C172 stand keeps 8.50 m  (10.02 m to item mn_s_mine/airtaxi at (7278.0, -15318.0))
  ok   6 Jolene mn_strip aluminium C172 parked box keeps 3.00 m  (4.46 m to item mn_s_mine/airtaxi at (7282.8, -15320.8))
  ok   6 Jolene mn_strip aluminium C172 route out[0] keeps 8.50 m  (8.82 m to item mn_s_mine/clinic at (7256.3, -15353.5))
  ok   6 Jolene mn_strip aluminium C172 route out[1] keeps 8.50 m  (8.82 m to item mn_s_mine/clinic at (7256.3, -15353.3))
  ok   6 Jolene mn_strip aluminium C172 route back[0] keeps 8.50 m  (8.82 m to item mn_s_mine/clinic at (7256.3, -15353.4))
  ok   6 Jolene mn_strip aluminium C172 route back[1] keeps 8.50 m  (11.89 m to item mn_s_mine/school at (7243.6, -15499.1))
       6 Jolene mn_strip aluminium C172 the roll (reported) 8.83 m (item mn_s_mine/clinic)
  ok   6 Jolene mn_strip the user's Cub stand keeps 8.35 m  (10.02 m to item mn_s_mine/airtaxi at (7278.0, -15318.0))
  ok   6 Jolene mn_strip the user's Cub parked box keeps 3.00 m  (4.56 m to item mn_s_mine/airtaxi at (7282.5, -15321.1))
  ok   6 Jolene mn_strip the user's Cub route out[0] keeps 8.35 m  (8.82 m to item mn_s_mine/clinic at (7256.3, -15353.5))
  ok   6 Jolene mn_strip the user's Cub route out[1] keeps 8.35 m  (8.82 m to item mn_s_mine/clinic at (7256.3, -15353.3))
  ok   6 Jolene mn_strip the user's Cub route back[0] keeps 8.35 m  (8.82 m to item mn_s_mine/clinic at (7256.3, -15353.4))
  ok   6 Jolene mn_strip the user's Cub route back[1] keeps 8.35 m  (11.89 m to item mn_s_mine/school at (7243.6, -15499.1))
       6 Jolene mn_strip the user's Cub the roll (reported) 8.83 m (item mn_s_mine/clinic)
  ok   6 Jolene nv_strip stock build stand keeps 8.00 m  (Infinity m to nothing at (10063.8, -11724.4))
  ok   6 Jolene nv_strip stock build parked box keeps 3.00 m  (Infinity m to nothing at (10063.0, -11719.5))
  ok   6 Jolene nv_strip stock build route out[0] keeps 8.00 m  (Infinity m to nothing at (10063.8, -11724.4))
  ok   6 Jolene nv_strip stock build route out[1] keeps 8.00 m  (Infinity m to nothing at (10063.8, -11724.4))
  ok   6 Jolene nv_strip stock build route back[0] keeps 8.00 m  (Infinity m to nothing at (10043.6, -11724.5))
  ok   6 Jolene nv_strip stock build route back[1] keeps 8.00 m  (Infinity m to nothing at (10009.6, -11597.4))
       6 Jolene nv_strip stock build the roll (reported) Infinity m (nothing)
  ok   6 Jolene nv_strip aluminium C172 stand keeps 8.50 m  (Infinity m to nothing at (10063.8, -11724.4))
  ok   6 Jolene nv_strip aluminium C172 parked box keeps 3.00 m  (Infinity m to nothing at (10062.9, -11719.0))
  ok   6 Jolene nv_strip aluminium C172 route out[0] keeps 8.50 m  (Infinity m to nothing at (10063.8, -11724.4))
  ok   6 Jolene nv_strip aluminium C172 route out[1] keeps 8.50 m  (Infinity m to nothing at (10063.8, -11724.4))
  ok   6 Jolene nv_strip aluminium C172 route back[0] keeps 8.50 m  (Infinity m to nothing at (10043.6, -11724.5))
  ok   6 Jolene nv_strip aluminium C172 route back[1] keeps 8.50 m  (Infinity m to nothing at (10009.6, -11597.4))
       6 Jolene nv_strip aluminium C172 the roll (reported) Infinity m (nothing)
  ok   6 Jolene nv_strip the user's Cub stand keeps 8.35 m  (Infinity m to nothing at (10063.8, -11724.4))
  ok   6 Jolene nv_strip the user's Cub parked box keeps 3.00 m  (Infinity m to nothing at (10062.5, -11719.1))
  ok   6 Jolene nv_strip the user's Cub route out[0] keeps 8.35 m  (Infinity m to nothing at (10063.8, -11724.4))
  ok   6 Jolene nv_strip the user's Cub route out[1] keeps 8.35 m  (Infinity m to nothing at (10063.8, -11724.4))
  ok   6 Jolene nv_strip the user's Cub route back[0] keeps 8.35 m  (Infinity m to nothing at (10043.6, -11724.5))
  ok   6 Jolene nv_strip the user's Cub route back[1] keeps 8.35 m  (Infinity m to nothing at (10009.6, -11597.4))
       6 Jolene nv_strip the user's Cub the roll (reported) Infinity m (nothing)
  ok   6 Jolene tw_ski stock build stand keeps 8.00 m  (14.43 m to item tw_s_summit/pilothut at (310.4, -7844.0))
  ok   6 Jolene tw_ski stock build parked box keeps 3.00 m  (7.82 m to item tw_s_summit/station at (307.9, -7851.2))
  ok   6 Jolene tw_ski stock build route out[0] keeps 8.00 m  (11.77 m to prop ob:tw_o19 at (315.0, -7807.9))
  ok   6 Jolene tw_ski stock build route out[1] keeps 8.00 m  (8.96 m to prop ob:tw_o19 at (313.2, -7810.7))
  ok   6 Jolene tw_ski stock build route back[0] keeps 8.00 m  (Infinity m to nothing at (181.1, -7563.0))
  ok   6 Jolene tw_ski stock build route back[1] keeps 8.00 m  (8.96 m to prop ob:tw_o19 at (313.2, -7810.7))
       6 Jolene tw_ski stock build the roll (reported) 11.77 m (prop ob:tw_o19)
  ok   6 Jolene tw_ski aluminium C172 stand keeps 8.50 m  (14.43 m to item tw_s_summit/pilothut at (310.4, -7844.0))
  ok   6 Jolene tw_ski aluminium C172 parked box keeps 3.00 m  (7.24 m to item tw_s_summit/station at (307.9, -7851.8))
  ok   6 Jolene tw_ski aluminium C172 route out[0] keeps 8.50 m  (11.77 m to prop ob:tw_o19 at (315.0, -7807.9))
  ok   6 Jolene tw_ski aluminium C172 route out[1] keeps 8.50 m  (8.96 m to prop ob:tw_o19 at (313.2, -7810.7))
  ok   6 Jolene tw_ski aluminium C172 route back[0] keeps 8.50 m  (Infinity m to nothing at (181.1, -7563.0))
  ok   6 Jolene tw_ski aluminium C172 route back[1] keeps 8.50 m  (8.96 m to prop ob:tw_o19 at (313.2, -7810.7))
       6 Jolene tw_ski aluminium C172 the roll (reported) 11.77 m (prop ob:tw_o19)
  ok   6 Jolene tw_ski the user's Cub stand keeps 8.35 m  (14.43 m to item tw_s_summit/pilothut at (310.4, -7844.0))
  ok   6 Jolene tw_ski the user's Cub parked box keeps 3.00 m  (7.64 m to item tw_s_summit/station at (308.3, -7851.4))
  ok   6 Jolene tw_ski the user's Cub route out[0] keeps 8.35 m  (11.77 m to prop ob:tw_o19 at (315.0, -7807.9))
  ok   6 Jolene tw_ski the user's Cub route out[1] keeps 8.35 m  (8.96 m to prop ob:tw_o19 at (313.2, -7810.7))
  ok   6 Jolene tw_ski the user's Cub route back[0] keeps 8.35 m  (Infinity m to nothing at (181.1, -7563.0))
  ok   6 Jolene tw_ski the user's Cub route back[1] keeps 8.35 m  (8.96 m to prop ob:tw_o19 at (313.2, -7810.7))
       6 Jolene tw_ski the user's Cub the roll (reported) 11.77 m (prop ob:tw_o19)
  ok   6 every Jolene stand was censused  (135 rows, w2 HOME w3 SEA mk_sea mn_strip nv_strip tw_ski)
  Jolene: 135 stand / parked / route rows, Jumbo Mine Street's tightest 0.32 m over its need
  ok   7 seed 0 HOME aluminium C172 stand keeps 8.50 m  (Infinity m to nothing at (-154.0, 712.0))
  ok   7 seed 0 HOME aluminium C172 parked box keeps 3.00 m  (Infinity m to nothing at (-158.0, 708.1))
  ok   7 seed 0 HOME aluminium C172 route out[0] keeps 8.50 m  (Infinity m to nothing at (-154.0, 712.0))
  ok   7 seed 0 HOME aluminium C172 route out[1] keeps 8.50 m  (Infinity m to nothing at (-154.0, 712.0))
  ok   7 seed 0 HOME aluminium C172 route back[0] keeps 8.50 m  (Infinity m to nothing at (3.0, -12.0))
  ok   7 seed 0 HOME aluminium C172 route back[1] keeps 8.50 m  (Infinity m to nothing at (-1043.0, -12.0))
       7 seed 0 HOME aluminium C172 the roll (reported) Infinity m (nothing)
  ok   7 seed 0 M1 aluminium C172 route back[0] keeps 8.50 m  (Infinity m to nothing at (-2403.0, -1488.0))
  ok   7 seed 0 M1 aluminium C172 route back[1] keeps 8.50 m  (Infinity m to nothing at (-1997.0, -1488.0))
       7 seed 0 M1 aluminium C172 the roll (reported) Infinity m (nothing)
  ok   7 seed 0 M2 aluminium C172 route back[0] keeps 8.50 m  (Infinity m to nothing at (1567.0, 1512.0))
  ok   7 seed 0 M2 aluminium C172 route back[1] keeps 8.50 m  (Infinity m to nothing at (2033.0, 1512.0))
       7 seed 0 M2 aluminium C172 the roll (reported) Infinity m (nothing)
  ok   7 seed 0 M3 aluminium C172 route back[0] keeps 8.50 m  (Infinity m to nothing at (-3613.0, 662.0))
  ok   7 seed 0 M3 aluminium C172 route back[1] keeps 8.50 m  (Infinity m to nothing at (-3187.0, 662.0))
       7 seed 0 M3 aluminium C172 the roll (reported) Infinity m (nothing)
  ok   7 seed 0 SEA aluminium C172 stand keeps 8.50 m  (Infinity m to nothing at (0.0, 1285.0))
  ok   7 seed 0 SEA aluminium C172 route out[0] keeps 8.50 m  (Infinity m to nothing at (0.0, 1285.0))
  ok   7 seed 0 SEA aluminium C172 route out[1] keeps 8.50 m  (Infinity m to nothing at (-12.0, 2723.0))
  ok   7 seed 0 SEA aluminium C172 route back[0] keeps 8.50 m  (Infinity m to nothing at (-12.0, 1277.0))
  ok   7 seed 0 SEA aluminium C172 route back[1] keeps 8.50 m  (Infinity m to nothing at (-12.0, 2723.0))
       7 seed 0 SEA aluminium C172 the roll (reported) Infinity m (nothing)
  ok   7 seed 0 A0 aluminium C172 stand keeps 8.50 m  (Infinity m to nothing at (-4540.2, -501.8))
  ok   7 seed 0 A0 aluminium C172 route out[0] keeps 8.50 m  (Infinity m to nothing at (-4540.2, -501.8))
  ok   7 seed 0 A0 aluminium C172 route out[1] keeps 8.50 m  (Infinity m to nothing at (-4872.0, 267.8))
  ok   7 seed 0 A0 aluminium C172 route back[0] keeps 8.50 m  (Infinity m to nothing at (-4548.3, -513.8))
  ok   7 seed 0 A0 aluminium C172 route back[1] keeps 8.50 m  (Infinity m to nothing at (-4872.0, 267.8))
       7 seed 0 A0 aluminium C172 the roll (reported) Infinity m (nothing)
  ok   7 seed 0 A1 aluminium C172 stand keeps 8.50 m  (Infinity m to nothing at (4585.1, -11066.2))
  ok   7 seed 0 A1 aluminium C172 route out[0] keeps 8.50 m  (Infinity m to nothing at (4585.1, -11066.2))
  ok   7 seed 0 A1 aluminium C172 route out[1] keeps 8.50 m  (Infinity m to nothing at (5125.1, -10833.4))
  ok   7 seed 0 A1 aluminium C172 route back[0] keeps 8.50 m  (Infinity m to nothing at (4574.5, -11061.5))
  ok   7 seed 0 A1 aluminium C172 route back[1] keeps 8.50 m  (Infinity m to nothing at (5125.1, -10833.4))
       7 seed 0 A1 aluminium C172 the roll (reported) Infinity m (nothing)
  ok   7 seed 0 A2 aluminium C172 stand keeps 8.50 m  (Infinity m to nothing at (-9797.8, 64.1))
  ok   7 seed 0 A2 aluminium C172 route out[0] keeps 8.50 m  (Infinity m to nothing at (-9797.8, 64.1))
  ok   7 seed 0 A2 aluminium C172 route out[1] keeps 8.50 m  (Infinity m to nothing at (-10344.3, 281.2))
  ok   7 seed 0 A2 aluminium C172 route back[0] keeps 8.50 m  (Infinity m to nothing at (-9793.7, 53.1))
  ok   7 seed 0 A2 aluminium C172 route back[1] keeps 8.50 m  (Infinity m to nothing at (-10344.3, 281.2))
       7 seed 0 A2 aluminium C172 the roll (reported) Infinity m (nothing)
  ok   7 seed 0 A3 aluminium C172 stand keeps 8.50 m  (Infinity m to nothing at (-8637.4, 7159.2))
  ok   7 seed 0 A3 aluminium C172 route out[0] keeps 8.50 m  (Infinity m to nothing at (-8637.4, 7159.2))
  ok   7 seed 0 A3 aluminium C172 route out[1] keeps 8.50 m  (Infinity m to nothing at (-8219.4, 7167.7))
  ok   7 seed 0 A3 aluminium C172 route back[0] keeps 8.50 m  (Infinity m to nothing at (-8645.4, 7167.7))
  ok   7 seed 0 A3 aluminium C172 route back[1] keeps 8.50 m  (Infinity m to nothing at (-8219.4, 7167.7))
       7 seed 0 A3 aluminium C172 the roll (reported) Infinity m (nothing)
  ok   7 seed 0 A4 aluminium C172 stand keeps 8.50 m  (Infinity m to nothing at (-1895.4, 8723.4))
  ok   7 seed 0 A4 aluminium C172 route out[0] keeps 8.50 m  (Infinity m to nothing at (-1895.4, 8723.4))
  ok   7 seed 0 A4 aluminium C172 route out[1] keeps 8.50 m  (Infinity m to nothing at (-2154.7, 8823.7))
  ok   7 seed 0 A4 aluminium C172 route back[0] keeps 8.50 m  (Infinity m to nothing at (-1890.5, 8714.3))
  ok   7 seed 0 A4 aluminium C172 route back[1] keeps 8.50 m  (Infinity m to nothing at (-2154.7, 8823.7))
       7 seed 0 A4 aluminium C172 the roll (reported) Infinity m (nothing)
  ok   7 seed 0 A5 aluminium C172 stand keeps 8.50 m  (Infinity m to nothing at (1713.7, -9268.9))
  ok   7 seed 0 A5 aluminium C172 route out[0] keeps 8.50 m  (Infinity m to nothing at (1713.7, -9268.9))
  ok   7 seed 0 A5 aluminium C172 route out[1] keeps 8.50 m  (Infinity m to nothing at (1814.1, -9009.6))
  ok   7 seed 0 A5 aluminium C172 route back[0] keeps 8.50 m  (Infinity m to nothing at (1704.7, -9273.8))
  ok   7 seed 0 A5 aluminium C172 route back[1] keeps 8.50 m  (Infinity m to nothing at (1814.1, -9009.6))
       7 seed 0 A5 aluminium C172 the roll (reported) Infinity m (nothing)
  ok   7 seed 0 A6 aluminium C172 stand keeps 8.50 m  (Infinity m to nothing at (9060.5, 11241.0))
  ok   7 seed 0 A6 aluminium C172 route out[0] keeps 8.50 m  (Infinity m to nothing at (9060.5, 11241.0))
  ok   7 seed 0 A6 aluminium C172 route out[1] keeps 8.50 m  (Infinity m to nothing at (9054.0, 11519.0))
  ok   7 seed 0 A6 aluminium C172 route back[0] keeps 8.50 m  (Infinity m to nothing at (9054.0, 11233.0))
  ok   7 seed 0 A6 aluminium C172 route back[1] keeps 8.50 m  (Infinity m to nothing at (9054.0, 11519.0))
       7 seed 0 A6 aluminium C172 the roll (reported) Infinity m (nothing)
  ok   7 seed 0 censused  (52 rows, 132 houses)
  ok   7 seed 0 no strip's roll within 8.5 m of a house  (Infinity m)
  ok   7 seed 1 HOME aluminium C172 stand keeps 8.50 m  (Infinity m to nothing at (-154.0, 712.0))
  ok   7 seed 1 HOME aluminium C172 parked box keeps 3.00 m  (Infinity m to nothing at (-158.0, 708.1))
  ok   7 seed 1 HOME aluminium C172 route out[0] keeps 8.50 m  (Infinity m to nothing at (-154.0, 712.0))
  ok   7 seed 1 HOME aluminium C172 route out[1] keeps 8.50 m  (Infinity m to nothing at (-154.0, 712.0))
  ok   7 seed 1 HOME aluminium C172 route back[0] keeps 8.50 m  (Infinity m to nothing at (3.0, -12.0))
  ok   7 seed 1 HOME aluminium C172 route back[1] keeps 8.50 m  (Infinity m to nothing at (-1043.0, -12.0))
       7 seed 1 HOME aluminium C172 the roll (reported) Infinity m (nothing)
  ok   7 seed 1 M1 aluminium C172 route back[0] keeps 8.50 m  (Infinity m to nothing at (-2403.0, -1488.0))
  ok   7 seed 1 M1 aluminium C172 route back[1] keeps 8.50 m  (Infinity m to nothing at (-1997.0, -1488.0))
       7 seed 1 M1 aluminium C172 the roll (reported) Infinity m (nothing)
  ok   7 seed 1 M2 aluminium C172 route back[0] keeps 8.50 m  (Infinity m to nothing at (1567.0, 1512.0))
  ok   7 seed 1 M2 aluminium C172 route back[1] keeps 8.50 m  (Infinity m to nothing at (2033.0, 1512.0))
       7 seed 1 M2 aluminium C172 the roll (reported) Infinity m (nothing)
  ok   7 seed 1 M3 aluminium C172 route back[0] keeps 8.50 m  (Infinity m to nothing at (-3613.0, 662.0))
  ok   7 seed 1 M3 aluminium C172 route back[1] keeps 8.50 m  (Infinity m to nothing at (-3187.0, 662.0))
       7 seed 1 M3 aluminium C172 the roll (reported) Infinity m (nothing)
  ok   7 seed 1 SEA aluminium C172 stand keeps 8.50 m  (Infinity m to nothing at (0.0, 1285.0))
  ok   7 seed 1 SEA aluminium C172 route out[0] keeps 8.50 m  (Infinity m to nothing at (0.0, 1285.0))
  ok   7 seed 1 SEA aluminium C172 route out[1] keeps 8.50 m  (Infinity m to nothing at (-12.0, 2723.0))
  ok   7 seed 1 SEA aluminium C172 route back[0] keeps 8.50 m  (Infinity m to nothing at (-12.0, 1277.0))
  ok   7 seed 1 SEA aluminium C172 route back[1] keeps 8.50 m  (Infinity m to nothing at (-12.0, 2723.0))
       7 seed 1 SEA aluminium C172 the roll (reported) Infinity m (nothing)
  ok   7 seed 1 A0 aluminium C172 stand keeps 8.50 m  (Infinity m to nothing at (-7617.6, -843.1))
  ok   7 seed 1 A0 aluminium C172 route out[0] keeps 8.50 m  (Infinity m to nothing at (-7617.6, -843.1))
  ok   7 seed 1 A0 aluminium C172 route out[1] keeps 8.50 m  (Infinity m to nothing at (-7207.8, -421.3))
  ok   7 seed 1 A0 aluminium C172 route back[0] keeps 8.50 m  (Infinity m to nothing at (-7629.3, -842.8))
  ok   7 seed 1 A0 aluminium C172 route back[1] keeps 8.50 m  (Infinity m to nothing at (-7207.8, -421.3))
       7 seed 1 A0 aluminium C172 the roll (reported) Infinity m (nothing)
  ok   7 seed 1 A1 aluminium C172 stand keeps 8.50 m  (Infinity m to nothing at (5820.5, 87.9))
  ok   7 seed 1 A1 aluminium C172 route out[0] keeps 8.50 m  (Infinity m to nothing at (5820.5, 87.9))
  ok   7 seed 1 A1 aluminium C172 route out[1] keeps 8.50 m  (Infinity m to nothing at (6408.5, 96.4))
  ok   7 seed 1 A1 aluminium C172 route back[0] keeps 8.50 m  (Infinity m to nothing at (5812.5, 96.4))
  ok   7 seed 1 A1 aluminium C172 route back[1] keeps 8.50 m  (Infinity m to nothing at (6408.5, 96.4))
       7 seed 1 A1 aluminium C172 the roll (reported) Infinity m (nothing)
  ok   7 seed 1 A2 aluminium C172 stand keeps 8.50 m  (Infinity m to nothing at (-2326.4, -11451.8))
  ok   7 seed 1 A2 aluminium C172 route out[0] keeps 8.50 m  (Infinity m to nothing at (-2326.4, -11451.8))
  ok   7 seed 1 A2 aluminium C172 route out[1] keeps 8.50 m  (Infinity m to nothing at (-1738.4, -11443.3))
  ok   7 seed 1 A2 aluminium C172 route back[0] keeps 8.50 m  (Infinity m to nothing at (-2334.4, -11443.3))
  ok   7 seed 1 A2 aluminium C172 route back[1] keeps 8.50 m  (Infinity m to nothing at (-1738.4, -11443.3))
       7 seed 1 A2 aluminium C172 the roll (reported) Infinity m (nothing)
  ok   7 seed 1 A3 aluminium C172 stand keeps 8.50 m  (Infinity m to nothing at (-3653.7, -900.9))
  ok   7 seed 1 A3 aluminium C172 route out[0] keeps 8.50 m  (Infinity m to nothing at (-3653.7, -900.9))
  ok   7 seed 1 A3 aluminium C172 route out[1] keeps 8.50 m  (Infinity m to nothing at (-3886.6, -360.9))
  ok   7 seed 1 A3 aluminium C172 route back[0] keeps 8.50 m  (30.96 m to settle reg91 at (-3657.9, -874.3))
  ok   7 seed 1 A3 aluminium C172 route back[1] keeps 8.50 m  (Infinity m to nothing at (-3886.6, -360.9))
       7 seed 1 A3 aluminium C172 the roll (reported) Infinity m (nothing)
  ok   7 seed 1 A4 aluminium C172 stand keeps 8.50 m  (Infinity m to nothing at (-4035.5, -10851.7))
  ok   7 seed 1 A4 aluminium C172 route out[0] keeps 8.50 m  (Infinity m to nothing at (-4035.5, -10851.7))
  ok   7 seed 1 A4 aluminium C172 route out[1] keeps 8.50 m  (Infinity m to nothing at (-4203.3, -10468.7))
  ok   7 seed 1 A4 aluminium C172 route back[0] keeps 8.50 m  (Infinity m to nothing at (-4040.3, -10862.3))
  ok   7 seed 1 A4 aluminium C172 route back[1] keeps 8.50 m  (Infinity m to nothing at (-4203.3, -10468.7))
       7 seed 1 A4 aluminium C172 the roll (reported) Infinity m (nothing)
  ok   7 seed 1 A5 aluminium C172 stand keeps 8.50 m  (Infinity m to nothing at (-712.8, 10701.2))
  ok   7 seed 1 A5 aluminium C172 route out[0] keeps 8.50 m  (Infinity m to nothing at (-712.8, 10701.2))
  ok   7 seed 1 A5 aluminium C172 route out[1] keeps 8.50 m  (Infinity m to nothing at (-914.0, 10893.2))
  ok   7 seed 1 A5 aluminium C172 route back[0] keeps 8.50 m  (Infinity m to nothing at (-711.7, 10691.0))
  ok   7 seed 1 A5 aluminium C172 route back[1] keeps 8.50 m  (Infinity m to nothing at (-914.0, 10893.2))
       7 seed 1 A5 aluminium C172 the roll (reported) Infinity m (nothing)
  ok   7 seed 1 A6 aluminium C172 stand keeps 8.50 m  (Infinity m to nothing at (-3132.6, 6946.0))
  ok   7 seed 1 A6 aluminium C172 route out[0] keeps 8.50 m  (Infinity m to nothing at (-3132.6, 6946.0))
  ok   7 seed 1 A6 aluminium C172 route out[1] keeps 8.50 m  (Infinity m to nothing at (-3391.9, 7046.4))
  ok   7 seed 1 A6 aluminium C172 route back[0] keeps 8.50 m  (Infinity m to nothing at (-3127.7, 6936.9))
  ok   7 seed 1 A6 aluminium C172 route back[1] keeps 8.50 m  (Infinity m to nothing at (-3391.9, 7046.4))
       7 seed 1 A6 aluminium C172 the roll (reported) Infinity m (nothing)
  ok   7 seed 1 A7 aluminium C172 stand keeps 8.50 m  (Infinity m to nothing at (-10991.1, 5043.0))
  ok   7 seed 1 A7 aluminium C172 route out[0] keeps 8.50 m  (Infinity m to nothing at (-10991.1, 5043.0))
  ok   7 seed 1 A7 aluminium C172 route out[1] keeps 8.50 m  (Infinity m to nothing at (-10997.6, 5321.0))
  ok   7 seed 1 A7 aluminium C172 route back[0] keeps 8.50 m  (Infinity m to nothing at (-10997.6, 5035.0))
  ok   7 seed 1 A7 aluminium C172 route back[1] keeps 8.50 m  (Infinity m to nothing at (-10997.6, 5321.0))
       7 seed 1 A7 aluminium C172 the roll (reported) Infinity m (nothing)
  ok   7 seed 1 censused  (57 rows, 126 houses)
  ok   7 seed 1 no strip's roll within 8.5 m of a house  (Infinity m)
  ok   7 seed 6 HOME aluminium C172 stand keeps 8.50 m  (Infinity m to nothing at (-154.0, 712.0))
  ok   7 seed 6 HOME aluminium C172 parked box keeps 3.00 m  (Infinity m to nothing at (-158.0, 708.1))
  ok   7 seed 6 HOME aluminium C172 route out[0] keeps 8.50 m  (Infinity m to nothing at (-154.0, 712.0))
  ok   7 seed 6 HOME aluminium C172 route out[1] keeps 8.50 m  (Infinity m to nothing at (-154.0, 712.0))
  ok   7 seed 6 HOME aluminium C172 route back[0] keeps 8.50 m  (Infinity m to nothing at (3.0, -12.0))
  ok   7 seed 6 HOME aluminium C172 route back[1] keeps 8.50 m  (Infinity m to nothing at (-1043.0, -12.0))
       7 seed 6 HOME aluminium C172 the roll (reported) Infinity m (nothing)
  ok   7 seed 6 M1 aluminium C172 route back[0] keeps 8.50 m  (Infinity m to nothing at (-2403.0, -1488.0))
  ok   7 seed 6 M1 aluminium C172 route back[1] keeps 8.50 m  (Infinity m to nothing at (-1997.0, -1488.0))
       7 seed 6 M1 aluminium C172 the roll (reported) Infinity m (nothing)
  ok   7 seed 6 M2 aluminium C172 route back[0] keeps 8.50 m  (Infinity m to nothing at (1567.0, 1512.0))
  ok   7 seed 6 M2 aluminium C172 route back[1] keeps 8.50 m  (Infinity m to nothing at (2033.0, 1512.0))
       7 seed 6 M2 aluminium C172 the roll (reported) Infinity m (nothing)
  ok   7 seed 6 M3 aluminium C172 route back[0] keeps 8.50 m  (Infinity m to nothing at (-3613.0, 662.0))
  ok   7 seed 6 M3 aluminium C172 route back[1] keeps 8.50 m  (Infinity m to nothing at (-3187.0, 662.0))
       7 seed 6 M3 aluminium C172 the roll (reported) Infinity m (nothing)
  ok   7 seed 6 SEA aluminium C172 stand keeps 8.50 m  (Infinity m to nothing at (0.0, 1285.0))
  ok   7 seed 6 SEA aluminium C172 route out[0] keeps 8.50 m  (Infinity m to nothing at (0.0, 1285.0))
  ok   7 seed 6 SEA aluminium C172 route out[1] keeps 8.50 m  (Infinity m to nothing at (-12.0, 2723.0))
  ok   7 seed 6 SEA aluminium C172 route back[0] keeps 8.50 m  (Infinity m to nothing at (-12.0, 1277.0))
  ok   7 seed 6 SEA aluminium C172 route back[1] keeps 8.50 m  (Infinity m to nothing at (-12.0, 2723.0))
       7 seed 6 SEA aluminium C172 the roll (reported) Infinity m (nothing)
  ok   7 seed 6 A0 aluminium C172 stand keeps 8.50 m  (Infinity m to nothing at (-3918.3, -508.8))
  ok   7 seed 6 A0 aluminium C172 route out[0] keeps 8.50 m  (Infinity m to nothing at (-3918.3, -508.8))
  ok   7 seed 6 A0 aluminium C172 route out[1] keeps 8.50 m  (Infinity m to nothing at (-4151.2, 31.2))
  ok   7 seed 6 A0 aluminium C172 route back[0] keeps 8.50 m  (Infinity m to nothing at (-3923.1, -519.5))
  ok   7 seed 6 A0 aluminium C172 route back[1] keeps 8.50 m  (Infinity m to nothing at (-4151.2, 31.2))
       7 seed 6 A0 aluminium C172 the roll (reported) Infinity m (nothing)
  ok   7 seed 6 A1 aluminium C172 stand keeps 8.50 m  (Infinity m to nothing at (4486.1, 79.0))
  ok   7 seed 6 A1 aluminium C172 route out[0] keeps 8.50 m  (Infinity m to nothing at (4486.1, 79.0))
  ok   7 seed 6 A1 aluminium C172 route out[1] keeps 8.50 m  (Infinity m to nothing at (5074.1, 87.5))
  ok   7 seed 6 A1 aluminium C172 route back[0] keeps 8.50 m  (Infinity m to nothing at (4478.1, 87.5))
  ok   7 seed 6 A1 aluminium C172 route back[1] keeps 8.50 m  (Infinity m to nothing at (5074.1, 87.5))
       7 seed 6 A1 aluminium C172 the roll (reported) 21.39 m (settle reg40)
  ok   7 seed 6 A2 aluminium C172 stand keeps 8.50 m  (Infinity m to nothing at (4367.9, -12020.0))
  ok   7 seed 6 A2 aluminium C172 route out[0] keeps 8.50 m  (Infinity m to nothing at (4367.9, -12020.0))
  ok   7 seed 6 A2 aluminium C172 route out[1] keeps 8.50 m  (Infinity m to nothing at (4777.6, -11598.2))
  ok   7 seed 6 A2 aluminium C172 route back[0] keeps 8.50 m  (Infinity m to nothing at (4356.2, -12019.6))
  ok   7 seed 6 A2 aluminium C172 route back[1] keeps 8.50 m  (Infinity m to nothing at (4777.6, -11598.2))
       7 seed 6 A2 aluminium C172 the roll (reported) Infinity m (nothing)
  ok   7 seed 6 A3 aluminium C172 stand keeps 8.50 m  (Infinity m to nothing at (-6773.4, 345.4))
  ok   7 seed 6 A3 aluminium C172 route out[0] keeps 8.50 m  (Infinity m to nothing at (-6773.4, 345.4))
  ok   7 seed 6 A3 aluminium C172 route out[1] keeps 8.50 m  (Infinity m to nothing at (-6390.4, 513.2))
  ok   7 seed 6 A3 aluminium C172 route back[0] keeps 8.50 m  (Infinity m to nothing at (-6784.0, 350.2))
  ok   7 seed 6 A3 aluminium C172 route back[1] keeps 8.50 m  (Infinity m to nothing at (-6390.4, 513.2))
       7 seed 6 A3 aluminium C172 the roll (reported) Infinity m (nothing)
  ok   7 seed 6 A4 aluminium C172 stand keeps 8.50 m  (Infinity m to nothing at (8976.7, -11684.7))
  ok   7 seed 6 A4 aluminium C172 route out[0] keeps 8.50 m  (Infinity m to nothing at (8976.7, -11684.7))
  ok   7 seed 6 A4 aluminium C172 route out[1] keeps 8.50 m  (Infinity m to nothing at (8808.9, -11301.8))
  ok   7 seed 6 A4 aluminium C172 route back[0] keeps 8.50 m  (Infinity m to nothing at (8971.9, -11695.4))
  ok   7 seed 6 A4 aluminium C172 route back[1] keeps 8.50 m  (Infinity m to nothing at (8808.9, -11301.8))
       7 seed 6 A4 aluminium C172 the roll (reported) Infinity m (nothing)
  ok   7 seed 6 A5 aluminium C172 stand keeps 8.50 m  (Infinity m to nothing at (-8891.1, 6617.4))
  ok   7 seed 6 A5 aluminium C172 route out[0] keeps 8.50 m  (Infinity m to nothing at (-8891.1, 6617.4))
  ok   7 seed 6 A5 aluminium C172 route out[1] keeps 8.50 m  (Infinity m to nothing at (-8636.7, 6729.8))
  ok   7 seed 6 A5 aluminium C172 route back[0] keeps 8.50 m  (Infinity m to nothing at (-8900.9, 6620.3))
  ok   7 seed 6 A5 aluminium C172 route back[1] keeps 8.50 m  (Infinity m to nothing at (-8636.7, 6729.8))
       7 seed 6 A5 aluminium C172 the roll (reported) Infinity m (nothing)
  ok   7 seed 6 A6 aluminium C172 stand keeps 8.50 m  (Infinity m to nothing at (923.3, 10660.6))
  ok   7 seed 6 A6 aluminium C172 route out[0] keeps 8.50 m  (Infinity m to nothing at (923.3, 10660.6))
  ok   7 seed 6 A6 aluminium C172 route out[1] keeps 8.50 m  (Infinity m to nothing at (916.8, 10938.6))
  ok   7 seed 6 A6 aluminium C172 route back[0] keeps 8.50 m  (Infinity m to nothing at (916.8, 10652.6))
  ok   7 seed 6 A6 aluminium C172 route back[1] keeps 8.50 m  (Infinity m to nothing at (916.8, 10938.6))
       7 seed 6 A6 aluminium C172 the roll (reported) Infinity m (nothing)
  ok   7 seed 6 A7 aluminium C172 stand keeps 8.50 m  (Infinity m to nothing at (-1717.7, 6617.3))
  ok   7 seed 6 A7 aluminium C172 route out[0] keeps 8.50 m  (Infinity m to nothing at (-1717.7, 6617.3))
  ok   7 seed 6 A7 aluminium C172 route out[1] keeps 8.50 m  (Infinity m to nothing at (-1918.8, 6809.3))
  ok   7 seed 6 A7 aluminium C172 route back[0] keeps 8.50 m  (Infinity m to nothing at (-1716.6, 6607.1))
  ok   7 seed 6 A7 aluminium C172 route back[1] keeps 8.50 m  (Infinity m to nothing at (-1918.8, 6809.3))
       7 seed 6 A7 aluminium C172 the roll (reported) Infinity m (nothing)
  ok   7 seed 6 censused  (57 rows, 127 houses)
  ok   7 seed 6 no strip's roll within 8.5 m of a house  (21.39 m)
  ok   7 seed 12 HOME aluminium C172 stand keeps 8.50 m  (Infinity m to nothing at (-154.0, 712.0))
  ok   7 seed 12 HOME aluminium C172 parked box keeps 3.00 m  (Infinity m to nothing at (-158.0, 708.1))
  ok   7 seed 12 HOME aluminium C172 route out[0] keeps 8.50 m  (Infinity m to nothing at (-154.0, 712.0))
  ok   7 seed 12 HOME aluminium C172 route out[1] keeps 8.50 m  (Infinity m to nothing at (-154.0, 712.0))
  ok   7 seed 12 HOME aluminium C172 route back[0] keeps 8.50 m  (Infinity m to nothing at (3.0, -12.0))
  ok   7 seed 12 HOME aluminium C172 route back[1] keeps 8.50 m  (Infinity m to nothing at (-1043.0, -12.0))
       7 seed 12 HOME aluminium C172 the roll (reported) Infinity m (nothing)
  ok   7 seed 12 M1 aluminium C172 route back[0] keeps 8.50 m  (Infinity m to nothing at (-2403.0, -1488.0))
  ok   7 seed 12 M1 aluminium C172 route back[1] keeps 8.50 m  (Infinity m to nothing at (-1997.0, -1488.0))
       7 seed 12 M1 aluminium C172 the roll (reported) Infinity m (nothing)
  ok   7 seed 12 M2 aluminium C172 route back[0] keeps 8.50 m  (Infinity m to nothing at (1567.0, 1512.0))
  ok   7 seed 12 M2 aluminium C172 route back[1] keeps 8.50 m  (Infinity m to nothing at (2033.0, 1512.0))
       7 seed 12 M2 aluminium C172 the roll (reported) Infinity m (nothing)
  ok   7 seed 12 M3 aluminium C172 route back[0] keeps 8.50 m  (Infinity m to nothing at (-3613.0, 662.0))
  ok   7 seed 12 M3 aluminium C172 route back[1] keeps 8.50 m  (Infinity m to nothing at (-3187.0, 662.0))
       7 seed 12 M3 aluminium C172 the roll (reported) Infinity m (nothing)
  ok   7 seed 12 SEA aluminium C172 stand keeps 8.50 m  (Infinity m to nothing at (0.0, 1285.0))
  ok   7 seed 12 SEA aluminium C172 route out[0] keeps 8.50 m  (Infinity m to nothing at (0.0, 1285.0))
  ok   7 seed 12 SEA aluminium C172 route out[1] keeps 8.50 m  (Infinity m to nothing at (-12.0, 2723.0))
  ok   7 seed 12 SEA aluminium C172 route back[0] keeps 8.50 m  (Infinity m to nothing at (-12.0, 1277.0))
  ok   7 seed 12 SEA aluminium C172 route back[1] keeps 8.50 m  (Infinity m to nothing at (-12.0, 2723.0))
       7 seed 12 SEA aluminium C172 the roll (reported) Infinity m (nothing)
  ok   7 seed 12 A0 aluminium C172 stand keeps 8.50 m  (Infinity m to nothing at (9218.4, -1021.0))
  ok   7 seed 12 A0 aluminium C172 route out[0] keeps 8.50 m  (Infinity m to nothing at (9218.4, -1021.0))
  ok   7 seed 12 A0 aluminium C172 route out[1] keeps 8.50 m  (Infinity m to nothing at (8671.9, -803.8))
  ok   7 seed 12 A0 aluminium C172 route back[0] keeps 8.50 m  (Infinity m to nothing at (9222.5, -1031.9))
  ok   7 seed 12 A0 aluminium C172 route back[1] keeps 8.50 m  (Infinity m to nothing at (8671.9, -803.8))
       7 seed 12 A0 aluminium C172 the roll (reported) Infinity m (nothing)
  ok   7 seed 12 A1 aluminium C172 stand keeps 8.50 m  (Infinity m to nothing at (-6258.3, -542.0))
  ok   7 seed 12 A1 aluminium C172 route out[0] keeps 8.50 m  (Infinity m to nothing at (-6258.3, -542.0))
  ok   7 seed 12 A1 aluminium C172 route out[1] keeps 8.50 m  (Infinity m to nothing at (-6266.8, -124.0))
  ok   7 seed 12 A1 aluminium C172 route back[0] keeps 8.50 m  (Infinity m to nothing at (-6266.8, -550.0))
  ok   7 seed 12 A1 aluminium C172 route back[1] keeps 8.50 m  (Infinity m to nothing at (-6266.8, -124.0))
       7 seed 12 A1 aluminium C172 the roll (reported) Infinity m (nothing)
  ok   7 seed 12 A2 aluminium C172 stand keeps 8.50 m  (Infinity m to nothing at (-6821.6, 9293.7))
  ok   7 seed 12 A2 aluminium C172 route out[0] keeps 8.50 m  (Infinity m to nothing at (-6821.6, 9293.7))
  ok   7 seed 12 A2 aluminium C172 route out[1] keeps 8.50 m  (Infinity m to nothing at (-7080.9, 9394.1))
  ok   7 seed 12 A2 aluminium C172 route back[0] keeps 8.50 m  (Infinity m to nothing at (-6816.7, 9284.6))
  ok   7 seed 12 A2 aluminium C172 route back[1] keeps 8.50 m  (Infinity m to nothing at (-7080.9, 9394.1))
       7 seed 12 A2 aluminium C172 the roll (reported) Infinity m (nothing)
  ok   7 seed 12 A3 aluminium C172 stand keeps 8.50 m  (Infinity m to nothing at (4761.3, -1051.2))
  ok   7 seed 12 A3 aluminium C172 route out[0] keeps 8.50 m  (Infinity m to nothing at (4761.3, -1051.2))
  ok   7 seed 12 A3 aluminium C172 route out[1] keeps 8.50 m  (Infinity m to nothing at (5039.3, -1044.7))
  ok   7 seed 12 A3 aluminium C172 route back[0] keeps 8.50 m  (Infinity m to nothing at (4753.3, -1044.7))
  ok   7 seed 12 A3 aluminium C172 route back[1] keeps 8.50 m  (Infinity m to nothing at (5039.3, -1044.7))
       7 seed 12 A3 aluminium C172 the roll (reported) Infinity m (nothing)
  ok   7 seed 12 A4 aluminium C172 stand keeps 8.50 m  (Infinity m to nothing at (3830.2, 9879.1))
  ok   7 seed 12 A4 aluminium C172 route out[0] keeps 8.50 m  (Infinity m to nothing at (3830.2, 9879.1))
  ok   7 seed 12 A4 aluminium C172 route out[1] keeps 8.50 m  (Infinity m to nothing at (3717.8, 10133.4))
  ok   7 seed 12 A4 aluminium C172 route back[0] keeps 8.50 m  (Infinity m to nothing at (3827.2, 9869.2))
  ok   7 seed 12 A4 aluminium C172 route back[1] keeps 8.50 m  (Infinity m to nothing at (3717.8, 10133.4))
       7 seed 12 A4 aluminium C172 the roll (reported) Infinity m (nothing)
  ok   7 seed 12 censused  (42 rows, 127 houses)
  ok   7 seed 12 no strip's roll within 8.5 m of a house  (Infinity m)
  ok   7 seed 42 HOME aluminium C172 stand keeps 8.50 m  (Infinity m to nothing at (-154.0, 712.0))
  ok   7 seed 42 HOME aluminium C172 parked box keeps 3.00 m  (Infinity m to nothing at (-158.0, 708.1))
  ok   7 seed 42 HOME aluminium C172 route out[0] keeps 8.50 m  (Infinity m to nothing at (-154.0, 712.0))
  ok   7 seed 42 HOME aluminium C172 route out[1] keeps 8.50 m  (Infinity m to nothing at (-154.0, 712.0))
  ok   7 seed 42 HOME aluminium C172 route back[0] keeps 8.50 m  (Infinity m to nothing at (3.0, -12.0))
  ok   7 seed 42 HOME aluminium C172 route back[1] keeps 8.50 m  (Infinity m to nothing at (-1043.0, -12.0))
       7 seed 42 HOME aluminium C172 the roll (reported) Infinity m (nothing)
  ok   7 seed 42 M1 aluminium C172 route back[0] keeps 8.50 m  (Infinity m to nothing at (-2403.0, -1488.0))
  ok   7 seed 42 M1 aluminium C172 route back[1] keeps 8.50 m  (Infinity m to nothing at (-1997.0, -1488.0))
       7 seed 42 M1 aluminium C172 the roll (reported) Infinity m (nothing)
  ok   7 seed 42 M2 aluminium C172 route back[0] keeps 8.50 m  (Infinity m to nothing at (1567.0, 1512.0))
  ok   7 seed 42 M2 aluminium C172 route back[1] keeps 8.50 m  (Infinity m to nothing at (2033.0, 1512.0))
       7 seed 42 M2 aluminium C172 the roll (reported) Infinity m (nothing)
  ok   7 seed 42 M3 aluminium C172 route back[0] keeps 8.50 m  (Infinity m to nothing at (-3613.0, 662.0))
  ok   7 seed 42 M3 aluminium C172 route back[1] keeps 8.50 m  (Infinity m to nothing at (-3187.0, 662.0))
       7 seed 42 M3 aluminium C172 the roll (reported) Infinity m (nothing)
  ok   7 seed 42 SEA aluminium C172 stand keeps 8.50 m  (Infinity m to nothing at (0.0, 1285.0))
  ok   7 seed 42 SEA aluminium C172 route out[0] keeps 8.50 m  (Infinity m to nothing at (0.0, 1285.0))
  ok   7 seed 42 SEA aluminium C172 route out[1] keeps 8.50 m  (Infinity m to nothing at (-12.0, 2723.0))
  ok   7 seed 42 SEA aluminium C172 route back[0] keeps 8.50 m  (Infinity m to nothing at (-12.0, 1277.0))
  ok   7 seed 42 SEA aluminium C172 route back[1] keeps 8.50 m  (Infinity m to nothing at (-12.0, 2723.0))
       7 seed 42 SEA aluminium C172 the roll (reported) Infinity m (nothing)
  ok   7 seed 42 A0 aluminium C172 stand keeps 8.50 m  (Infinity m to nothing at (4404.9, -273.5))
  ok   7 seed 42 A0 aluminium C172 route out[0] keeps 8.50 m  (Infinity m to nothing at (4404.9, -273.5))
  ok   7 seed 42 A0 aluminium C172 route out[1] keeps 8.50 m  (Infinity m to nothing at (4172.0, 266.5))
  ok   7 seed 42 A0 aluminium C172 route back[0] keeps 8.50 m  (Infinity m to nothing at (4400.1, -284.1))
  ok   7 seed 42 A0 aluminium C172 route back[1] keeps 8.50 m  (Infinity m to nothing at (4172.0, 266.5))
       7 seed 42 A0 aluminium C172 the roll (reported) Infinity m (nothing)
  ok   7 seed 42 A1 aluminium C172 stand keeps 8.50 m  (Infinity m to nothing at (-2650.0, -11245.8))
  ok   7 seed 42 A1 aluminium C172 route out[0] keeps 8.50 m  (Infinity m to nothing at (-2650.0, -11245.8))
  ok   7 seed 42 A1 aluminium C172 route out[1] keeps 8.50 m  (Infinity m to nothing at (-2062.0, -11237.3))
  ok   7 seed 42 A1 aluminium C172 route back[0] keeps 8.50 m  (Infinity m to nothing at (-2658.0, -11237.3))
  ok   7 seed 42 A1 aluminium C172 route back[1] keeps 8.50 m  (Infinity m to nothing at (-2062.0, -11237.3))
       7 seed 42 A1 aluminium C172 the roll (reported) Infinity m (nothing)
  ok   7 seed 42 A2 aluminium C172 stand keeps 8.50 m  (Infinity m to nothing at (-5862.6, -320.4))
  ok   7 seed 42 A2 aluminium C172 route out[0] keeps 8.50 m  (Infinity m to nothing at (-5862.6, -320.4))
  ok   7 seed 42 A2 aluminium C172 route out[1] keeps 8.50 m  (Infinity m to nothing at (-5452.8, 101.3))
  ok   7 seed 42 A2 aluminium C172 route back[0] keeps 8.50 m  (Infinity m to nothing at (-5874.2, -320.1))
  ok   7 seed 42 A2 aluminium C172 route back[1] keeps 8.50 m  (Infinity m to nothing at (-5452.8, 101.3))
       7 seed 42 A2 aluminium C172 the roll (reported) Infinity m (nothing)
  ok   7 seed 42 A3 aluminium C172 stand keeps 8.50 m  (Infinity m to nothing at (6383.3, -10599.2))
  ok   7 seed 42 A3 aluminium C172 route out[0] keeps 8.50 m  (Infinity m to nothing at (6383.3, -10599.2))
  ok   7 seed 42 A3 aluminium C172 route out[1] keeps 8.50 m  (Infinity m to nothing at (6150.4, -10059.2))
  ok   7 seed 42 A3 aluminium C172 route back[0] keeps 8.50 m  (Infinity m to nothing at (6378.5, -10609.8))
  ok   7 seed 42 A3 aluminium C172 route back[1] keeps 8.50 m  (Infinity m to nothing at (6150.4, -10059.2))
       7 seed 42 A3 aluminium C172 the roll (reported) Infinity m (nothing)
  ok   7 seed 42 A4 aluminium C172 stand keeps 8.50 m  (Infinity m to nothing at (10109.3, -11428.8))
  ok   7 seed 42 A4 aluminium C172 route out[0] keeps 8.50 m  (Infinity m to nothing at (10109.3, -11428.8))
  ok   7 seed 42 A4 aluminium C172 route out[1] keeps 8.50 m  (Infinity m to nothing at (9941.5, -11045.9))
  ok   7 seed 42 A4 aluminium C172 route back[0] keeps 8.50 m  (Infinity m to nothing at (10104.5, -11439.5))
  ok   7 seed 42 A4 aluminium C172 route back[1] keeps 8.50 m  (Infinity m to nothing at (9941.5, -11045.9))
       7 seed 42 A4 aluminium C172 the roll (reported) Infinity m (nothing)
  ok   7 seed 42 A5 aluminium C172 stand keeps 8.50 m  (Infinity m to nothing at (-7736.9, 312.9))
  ok   7 seed 42 A5 aluminium C172 route out[0] keeps 8.50 m  (Infinity m to nothing at (-7736.9, 312.9))
  ok   7 seed 42 A5 aluminium C172 route out[1] keeps 8.50 m  (Infinity m to nothing at (-7904.7, 695.8))
  ok   7 seed 42 A5 aluminium C172 route back[0] keeps 8.50 m  (Infinity m to nothing at (-7741.7, 302.2))
  ok   7 seed 42 A5 aluminium C172 route back[1] keeps 8.50 m  (Infinity m to nothing at (-7904.7, 695.8))
       7 seed 42 A5 aluminium C172 the roll (reported) Infinity m (nothing)
  ok   7 seed 42 A6 aluminium C172 stand keeps 8.50 m  (Infinity m to nothing at (5225.5, 5178.2))
  ok   7 seed 42 A6 aluminium C172 route out[0] keeps 8.50 m  (Infinity m to nothing at (5225.5, 5178.2))
  ok   7 seed 42 A6 aluminium C172 route out[1] keeps 8.50 m  (Infinity m to nothing at (5113.1, 5432.6))
  ok   7 seed 42 A6 aluminium C172 route back[0] keeps 8.50 m  (Infinity m to nothing at (5222.5, 5168.3))
  ok   7 seed 42 A6 aluminium C172 route back[1] keeps 8.50 m  (Infinity m to nothing at (5113.1, 5432.6))
       7 seed 42 A6 aluminium C172 the roll (reported) Infinity m (nothing)
  ok   7 seed 42 A7 aluminium C172 stand keeps 8.50 m  (Infinity m to nothing at (-9396.8, 9620.7))
  ok   7 seed 42 A7 aluminium C172 route out[0] keeps 8.50 m  (Infinity m to nothing at (-9396.8, 9620.7))
  ok   7 seed 42 A7 aluminium C172 route out[1] keeps 8.50 m  (Infinity m to nothing at (-9403.3, 9898.7))
  ok   7 seed 42 A7 aluminium C172 route back[0] keeps 8.50 m  (Infinity m to nothing at (-9403.3, 9612.7))
  ok   7 seed 42 A7 aluminium C172 route back[1] keeps 8.50 m  (Infinity m to nothing at (-9403.3, 9898.7))
       7 seed 42 A7 aluminium C172 the roll (reported) Infinity m (nothing)
  ok   7 seed 42 A8 aluminium C172 stand keeps 8.50 m  (Infinity m to nothing at (-11323.0, 6160.6))
  ok   7 seed 42 A8 aluminium C172 route out[0] keeps 8.50 m  (Infinity m to nothing at (-11323.0, 6160.6))
  ok   7 seed 42 A8 aluminium C172 route out[1] keeps 8.50 m  (Infinity m to nothing at (-11068.7, 6272.9))
  ok   7 seed 42 A8 aluminium C172 route back[0] keeps 8.50 m  (Infinity m to nothing at (-11332.9, 6163.5))
  ok   7 seed 42 A8 aluminium C172 route back[1] keeps 8.50 m  (Infinity m to nothing at (-11068.7, 6272.9))
       7 seed 42 A8 aluminium C172 the roll (reported) Infinity m (nothing)
  ok   7 seed 42 censused  (62 rows, 125 houses)
  ok   7 seed 42 no strip's roll within 8.5 m of a house  (Infinity m)
  ok   8 calibration: the old way up the street passes the mill inside 2 m  (1.67 m to item mn_s_mine/mill)
  ok   8 calibration: the old south U-turn passes the clinic inside 2 m  (0.69 m to item mn_s_mine/clinic)
  ok   8 calibration: the old stand stood inside 8.5 m of the air taxi office  (5.84 m)
  ok   9 the mill's obstacles are in the world  (194 obstacles, 0 trunks)
  ok   9 aluminium C172 taxied from the mill and took off  (t 84 s, TAXI>STOP>HOLD>ROLL>LIFTOFF)
  ok   9 aluminium C172 touched nothing  (0 node contacts, 0 trunk hits, crashed false)
  ok   9 aluminium C172 wing kept 1.5 m off every footprint  (1.85 m, item mn_s_mine/house3 at (7277.1, -15198.2) in LIFTOFF, t 84 s)
  aluminium C172  span 11.0 m from the mill: airborne at 84 s, the wing 1.85 m off the nearest footprint (item mn_s_mine/house3 at (7277.1, -15198.2) in LIFTOFF, t 84 s), 0 contacts, 0 trunk hits
  ok   9 the user's Cub taxied from the mill and took off  (t 81 s, TAXI>STOP>HOLD>LINEUP>STOP>HOLD>LINEUP>STOP>HOLD>ROLL>LIFTOFF>CLIMB>CROSSWIND)
  ok   9 the user's Cub touched nothing  (0 node contacts, 0 trunk hits, crashed false)
  ok   9 the user's Cub wing kept 1.5 m off every footprint  (2.74 m, item mn_s_mine/clinic at (7255.5, -15354.1) in TAXI, t 13 s)
  the user's Cub  span 10.7 m from the mill: airborne at 81 s, the wing 2.74 m off the nearest footprint (item mn_s_mine/clinic at (7255.5, -15354.1) in TAXI, t 13 s), 0 contacts, 0 trunk hits
  ok   10 Jolene's eight runways  (w2 HOME w3 SEA mk_sea mn_strip nv_strip tw_ski)
  ok   10 w2 has tie-down spots  (12 (aaaaaaaaaaar); refused: {"field":30,"runway":76,"solid":0,"route":0,"flat":1,"water":0,"overlap":5})
  ok   10 w2 spots are deterministic (the same list on a second call)
  ok   10 HOME has tie-down spots  (12 (saaaaaaaaaaa); refused: {"field":0,"runway":0,"solid":46,"route":11,"flat":0,"water":0,"overlap":8})
  ok   10 HOME spots are deterministic (the same list on a second call)
  ok   10 w3 has tie-down spots  (12 (aaaaaaaaaaaa); refused: {"field":0,"runway":16,"solid":18,"route":7,"flat":4,"water":0,"overlap":16})
  ok   10 w3 spots are deterministic (the same list on a second call)
  ok   10 SEA has tie-down spots  (12 (rrrrrrrrrrrr); refused: {"field":0,"runway":0,"solid":0,"route":0,"flat":0,"water":0,"overlap":1})
  ok   10 SEA spots are deterministic (the same list on a second call)
  ok   10 mk_sea has tie-down spots  (12 (rrrrrrrrrrrr); refused: {"field":0,"runway":0,"solid":0,"route":0,"flat":0,"water":0,"overlap":6})
  ok   10 mk_sea spots are deterministic (the same list on a second call)
  ok   10 mn_strip has no room: every candidate refused by the rules  (0 (); refused: {"field":0,"runway":33,"solid":12,"route":0,"flat":115,"water":0,"overlap":0})
  ok   10 mn_strip spots are deterministic (the same list on a second call)
  ok   10 nv_strip has tie-down spots  (5 (aaaar); refused: {"field":0,"runway":27,"solid":0,"route":0,"flat":106,"water":0,"overlap":2})
  ok   10 nv_strip spots are deterministic (the same list on a second call)
  ok   10 tw_ski has no room: every candidate refused by the rules  (0 (); refused: {"field":0,"runway":45,"solid":10,"route":1,"flat":136,"water":0,"overlap":0})
  ok   10 tw_ski spots are deterministic (the same list on a second call)
  ok   10 the fleet has room on six or more of the eight runways  (6 runways, 65 spots)
  ok   10 HOME: its painted stands (af_m_park) first, then the apron round the stand  (12 saaaaaaaaaaa stand:af_m_park:5 apron:22:0 apron:22:75)
  ok   10 w2 apron:58:75 [cub] inside the field
  ok   10 w2 apron:58:75 [cub] flat  (0.31 m of 0.60)
  ok   10 w2 apron:58:75 [cub] dry
  ok   10 w2 apron:58:75 [cub] clear of solid things  (Infinity m of 3.00 (nothing))
  ok   10 w2 apron:58:75 [cub] clear of stock build's routes  (47.49 m of 8.00)
  ok   10 w2 apron:58:75 [cub] clear of aluminium C172's routes  (47.49 m of 8.50)
  ok   10 w2 apron:58:75 [cub] clear of the user's Cub's routes  (47.49 m of 8.35)
  ok   10 w2 apron:58:75 [pietenpol] inside the field
  ok   10 w2 apron:58:75 [pietenpol] flat  (0.29 m of 0.60)
  ok   10 w2 apron:58:75 [pietenpol] dry
  ok   10 w2 apron:58:75 [pietenpol] clear of solid things  (Infinity m of 3.00 (nothing))
  ok   10 w2 apron:58:75 [pietenpol] clear of stock build's routes  (48.01 m of 8.00)
  ok   10 w2 apron:58:75 [pietenpol] clear of aluminium C172's routes  (48.01 m of 8.50)
  ok   10 w2 apron:58:75 [pietenpol] clear of the user's Cub's routes  (48.01 m of 8.35)
  ok   10 w2 apron:58:75 [tigermoth] inside the field
  ok   10 w2 apron:58:75 [tigermoth] flat  (0.30 m of 0.60)
  ok   10 w2 apron:58:75 [tigermoth] dry
  ok   10 w2 apron:58:75 [tigermoth] clear of solid things  (Infinity m of 3.00 (nothing))
  ok   10 w2 apron:58:75 [tigermoth] clear of stock build's routes  (48.00 m of 8.00)
  ok   10 w2 apron:58:75 [tigermoth] clear of aluminium C172's routes  (48.00 m of 8.50)
  ok   10 w2 apron:58:75 [tigermoth] clear of the user's Cub's routes  (48.00 m of 8.35)
  ok   10 w2 apron:58:75 [stearman] inside the field
  ok   10 w2 apron:58:75 [stearman] flat  (0.29 m of 0.60)
  ok   10 w2 apron:58:75 [stearman] dry
  ok   10 w2 apron:58:75 [stearman] clear of solid things  (Infinity m of 3.00 (nothing))
  ok   10 w2 apron:58:75 [stearman] clear of stock build's routes  (47.85 m of 8.00)
  ok   10 w2 apron:58:75 [stearman] clear of aluminium C172's routes  (47.85 m of 8.50)
  ok   10 w2 apron:58:75 [stearman] clear of the user's Cub's routes  (47.85 m of 8.35)
  ok   10 w2 apron:58:75 [pittsAlike] inside the field
  ok   10 w2 apron:58:75 [pittsAlike] flat  (0.23 m of 0.60)
  ok   10 w2 apron:58:75 [pittsAlike] dry
  ok   10 w2 apron:58:75 [pittsAlike] clear of solid things  (Infinity m of 3.00 (nothing))
  ok   10 w2 apron:58:75 [pittsAlike] clear of stock build's routes  (48.17 m of 8.00)
  ok   10 w2 apron:58:75 [pittsAlike] clear of aluminium C172's routes  (48.17 m of 8.50)
  ok   10 w2 apron:58:75 [pittsAlike] clear of the user's Cub's routes  (48.17 m of 8.35)
  ok   10 w2 apron:58:75 [sesqui] inside the field
  ok   10 w2 apron:58:75 [sesqui] flat  (0.30 m of 0.60)
  ok   10 w2 apron:58:75 [sesqui] dry
  ok   10 w2 apron:58:75 [sesqui] clear of solid things  (Infinity m of 3.00 (nothing))
  ok   10 w2 apron:58:75 [sesqui] clear of stock build's routes  (47.94 m of 8.00)
  ok   10 w2 apron:58:75 [sesqui] clear of aluminium C172's routes  (47.94 m of 8.50)
  ok   10 w2 apron:58:75 [sesqui] clear of the user's Cub's routes  (47.94 m of 8.35)
  ok   10 w2 apron:58:75 [jodel] inside the field
  ok   10 w2 apron:58:75 [jodel] flat  (0.26 m of 0.60)
  ok   10 w2 apron:58:75 [jodel] dry
  ok   10 w2 apron:58:75 [jodel] clear of solid things  (Infinity m of 3.00 (nothing))
  ok   10 w2 apron:58:75 [jodel] clear of stock build's routes  (47.55 m of 8.00)
  ok   10 w2 apron:58:75 [jodel] clear of aluminium C172's routes  (47.55 m of 8.50)
  ok   10 w2 apron:58:75 [jodel] clear of the user's Cub's routes  (47.55 m of 8.35)
  ok   10 w2 apron:58:75 [c172] inside the field
  ok   10 w2 apron:58:75 [c172] flat  (0.35 m of 0.60)
  ok   10 w2 apron:58:75 [c172] dry
  ok   10 w2 apron:58:75 [c172] clear of solid things  (Infinity m of 3.00 (nothing))
  ok   10 w2 apron:58:75 [c172] clear of stock build's routes  (47.28 m of 8.00)
  ok   10 w2 apron:58:75 [c172] clear of aluminium C172's routes  (47.28 m of 8.50)
  ok   10 w2 apron:58:75 [c172] clear of the user's Cub's routes  (47.28 m of 8.35)
  ok   10 w2 apron:58:75 [chinook] inside the field
  ok   10 w2 apron:58:75 [chinook] flat  (0.27 m of 0.60)
  ok   10 w2 apron:58:75 [chinook] dry
  ok   10 w2 apron:58:75 [chinook] clear of solid things  (Infinity m of 3.00 (nothing))
  ok   10 w2 apron:58:75 [chinook] clear of stock build's routes  (48.45 m of 8.00)
  ok   10 w2 apron:58:75 [chinook] clear of aluminium C172's routes  (48.45 m of 8.50)
  ok   10 w2 apron:58:75 [chinook] clear of the user's Cub's routes  (48.45 m of 8.35)
  ok   10 w2 apron:58:75 [caravan] inside the field
  ok   10 w2 apron:58:75 [caravan] flat  (0.41 m of 0.60)
  ok   10 w2 apron:58:75 [caravan] dry
  ok   10 w2 apron:58:75 [caravan] clear of solid things  (Infinity m of 3.00 (nothing))
  ok   10 w2 apron:58:75 [caravan] clear of stock build's routes  (46.54 m of 8.00)
  ok   10 w2 apron:58:75 [caravan] clear of aluminium C172's routes  (46.54 m of 8.50)
  ok   10 w2 apron:58:75 [caravan] clear of the user's Cub's routes  (46.54 m of 8.35)
  ok   10 w2 apron:58:75 [rv] inside the field
  ok   10 w2 apron:58:75 [rv] flat  (0.30 m of 0.60)
  ok   10 w2 apron:58:75 [rv] dry
  ok   10 w2 apron:58:75 [rv] clear of solid things  (Infinity m of 3.00 (nothing))
  ok   10 w2 apron:58:75 [rv] clear of stock build's routes  (47.95 m of 8.00)
  ok   10 w2 apron:58:75 [rv] clear of aluminium C172's routes  (47.95 m of 8.50)
  ok   10 w2 apron:58:75 [rv] clear of the user's Cub's routes  (47.95 m of 8.35)
  ok   10 w2 apron:58:75 [savannah] inside the field
  ok   10 w2 apron:58:75 [savannah] flat  (0.29 m of 0.60)
  ok   10 w2 apron:58:75 [savannah] dry
  ok   10 w2 apron:58:75 [savannah] clear of solid things  (Infinity m of 3.00 (nothing))
  ok   10 w2 apron:58:75 [savannah] clear of stock build's routes  (47.99 m of 8.00)
  ok   10 w2 apron:58:75 [savannah] clear of aluminium C172's routes  (47.99 m of 8.50)
  ok   10 w2 apron:58:75 [savannah] clear of the user's Cub's routes  (47.99 m of 8.35)
  ok   10 w2 apron:58:75 [ul1] inside the field
  ok   10 w2 apron:58:75 [ul1] flat  (0.29 m of 0.60)
  ok   10 w2 apron:58:75 [ul1] dry
  ok   10 w2 apron:58:75 [ul1] clear of solid things  (Infinity m of 3.00 (nothing))
  ok   10 w2 apron:58:75 [ul1] clear of stock build's routes  (47.97 m of 8.00)
  ok   10 w2 apron:58:75 [ul1] clear of aluminium C172's routes  (47.97 m of 8.50)
  ok   10 w2 apron:58:75 [ul1] clear of the user's Cub's routes  (47.97 m of 8.35)
  ok   10 w2 apron:58:75 [floatplane] inside the field
  ok   10 w2 apron:58:75 [floatplane] flat  (0.33 m of 0.60)
  ok   10 w2 apron:58:75 [floatplane] dry
  ok   10 w2 apron:58:75 [floatplane] clear of solid things  (Infinity m of 3.00 (nothing))
  ok   10 w2 apron:58:75 [floatplane] clear of stock build's routes  (47.54 m of 8.00)
  ok   10 w2 apron:58:75 [floatplane] clear of aluminium C172's routes  (47.54 m of 8.50)
  ok   10 w2 apron:58:75 [floatplane] clear of the user's Cub's routes  (47.54 m of 8.35)
  ok   10 w2 apron:58:75 [pusherPod] inside the field
  ok   10 w2 apron:58:75 [pusherPod] flat  (0.29 m of 0.60)
  ok   10 w2 apron:58:75 [pusherPod] dry
  ok   10 w2 apron:58:75 [pusherPod] clear of solid things  (Infinity m of 3.00 (nothing))
  ok   10 w2 apron:58:75 [pusherPod] clear of stock build's routes  (48.28 m of 8.00)
  ok   10 w2 apron:58:75 [pusherPod] clear of aluminium C172's routes  (48.28 m of 8.50)
  ok   10 w2 apron:58:75 [pusherPod] clear of the user's Cub's routes  (48.28 m of 8.35)
  ok   10 w2 apron:58:75 [motorglider] inside the field
  ok   10 w2 apron:58:75 [motorglider] flat  (0.29 m of 0.60)
  ok   10 w2 apron:58:75 [motorglider] dry
  ok   10 w2 apron:58:75 [motorglider] clear of solid things  (Infinity m of 3.00 (nothing))
  ok   10 w2 apron:58:75 [motorglider] clear of stock build's routes  (47.78 m of 8.00)
  ok   10 w2 apron:58:75 [motorglider] clear of aluminium C172's routes  (47.78 m of 8.50)
  ok   10 w2 apron:58:75 [motorglider] clear of the user's Cub's routes  (47.78 m of 8.35)
  ok   10 w2 apron:58:75 [radial] inside the field
  ok   10 w2 apron:58:75 [radial] flat  (0.32 m of 0.60)
  ok   10 w2 apron:58:75 [radial] dry
  ok   10 w2 apron:58:75 [radial] clear of solid things  (Infinity m of 3.00 (nothing))
  ok   10 w2 apron:58:75 [radial] clear of stock build's routes  (47.88 m of 8.00)
  ok   10 w2 apron:58:75 [radial] clear of aluminium C172's routes  (47.88 m of 8.50)
  ok   10 w2 apron:58:75 [radial] clear of the user's Cub's routes  (47.88 m of 8.35)
  ok   10 w2 apron:58:75 [etrainer] inside the field
  ok   10 w2 apron:58:75 [etrainer] flat  (0.30 m of 0.60)
  ok   10 w2 apron:58:75 [etrainer] dry
  ok   10 w2 apron:58:75 [etrainer] clear of solid things  (Infinity m of 3.00 (nothing))
  ok   10 w2 apron:58:75 [etrainer] clear of stock build's routes  (48.00 m of 8.00)
  ok   10 w2 apron:58:75 [etrainer] clear of aluminium C172's routes  (48.00 m of 8.50)
  ok   10 w2 apron:58:75 [etrainer] clear of the user's Cub's routes  (48.00 m of 8.35)
  ok   10 w2 apron:58:75 [ttail] inside the field
  ok   10 w2 apron:58:75 [ttail] flat  (0.32 m of 0.60)
  ok   10 w2 apron:58:75 [ttail] dry
  ok   10 w2 apron:58:75 [ttail] clear of solid things  (Infinity m of 3.00 (nothing))
  ok   10 w2 apron:58:75 [ttail] clear of stock build's routes  (47.88 m of 8.00)
  ok   10 w2 apron:58:75 [ttail] clear of aluminium C172's routes  (47.88 m of 8.50)
  ok   10 w2 apron:58:75 [ttail] clear of the user's Cub's routes  (47.88 m of 8.35)
  ok   10 w2 apron:58:75 [vtail] inside the field
  ok   10 w2 apron:58:75 [vtail] flat  (0.32 m of 0.60)
  ok   10 w2 apron:58:75 [vtail] dry
  ok   10 w2 apron:58:75 [vtail] clear of solid things  (Infinity m of 3.00 (nothing))
  ok   10 w2 apron:58:75 [vtail] clear of stock build's routes  (47.88 m of 8.00)
  ok   10 w2 apron:58:75 [vtail] clear of aluminium C172's routes  (47.88 m of 8.50)
  ok   10 w2 apron:58:75 [vtail] clear of the user's Cub's routes  (47.88 m of 8.35)
  ok   10 w2 apron:58:75 [mw5] inside the field
  ok   10 w2 apron:58:75 [mw5] flat  (0.29 m of 0.60)
  ok   10 w2 apron:58:75 [mw5] dry
  ok   10 w2 apron:58:75 [mw5] clear of solid things  (Infinity m of 3.00 (nothing))
  ok   10 w2 apron:58:75 [mw5] clear of stock build's routes  (48.27 m of 8.00)
  ok   10 w2 apron:58:75 [mw5] clear of aluminium C172's routes  (48.27 m of 8.50)
  ok   10 w2 apron:58:75 [mw5] clear of the user's Cub's routes  (48.27 m of 8.35)
  ok   10 w2 apron:58:75 [archaeopteryx] inside the field
  ok   10 w2 apron:58:75 [archaeopteryx] flat  (0.29 m of 0.60)
  ok   10 w2 apron:58:75 [archaeopteryx] dry
  ok   10 w2 apron:58:75 [archaeopteryx] clear of solid things  (Infinity m of 3.00 (nothing))
  ok   10 w2 apron:58:75 [archaeopteryx] clear of stock build's routes  (48.18 m of 8.00)
  ok   10 w2 apron:58:75 [archaeopteryx] clear of aluminium C172's routes  (48.18 m of 8.50)
  ok   10 w2 apron:58:75 [archaeopteryx] clear of the user's Cub's routes  (48.18 m of 8.35)
  ok   10 w2 apron:58:75 [da62] inside the field
  ok   10 w2 apron:58:75 [da62] flat  (0.34 m of 0.60)
  ok   10 w2 apron:58:75 [da62] dry
  ok   10 w2 apron:58:75 [da62] clear of solid things  (Infinity m of 3.00 (nothing))
  ok   10 w2 apron:58:75 [da62] clear of stock build's routes  (47.93 m of 8.00)
  ok   10 w2 apron:58:75 [da62] clear of aluminium C172's routes  (47.93 m of 8.50)
  ok   10 w2 apron:58:75 [da62] clear of the user's Cub's routes  (47.93 m of 8.35)
  ok   10 w2 apron:58:75 [twinBush] inside the field
  ok   10 w2 apron:58:75 [twinBush] flat  (0.40 m of 0.60)
  ok   10 w2 apron:58:75 [twinBush] dry
  ok   10 w2 apron:58:75 [twinBush] clear of solid things  (Infinity m of 3.00 (nothing))
  ok   10 w2 apron:58:75 [twinBush] clear of stock build's routes  (47.86 m of 8.00)
  ok   10 w2 apron:58:75 [twinBush] clear of aluminium C172's routes  (47.86 m of 8.50)
  ok   10 w2 apron:58:75 [twinBush] clear of the user's Cub's routes  (47.86 m of 8.35)
  ok   10 w2 apron:58:75 [skymaster] inside the field
  ok   10 w2 apron:58:75 [skymaster] flat  (0.31 m of 0.60)
  ok   10 w2 apron:58:75 [skymaster] dry
  ok   10 w2 apron:58:75 [skymaster] clear of solid things  (Infinity m of 3.00 (nothing))
  ok   10 w2 apron:58:75 [skymaster] clear of stock build's routes  (47.88 m of 8.00)
  ok   10 w2 apron:58:75 [skymaster] clear of aluminium C172's routes  (47.88 m of 8.50)
  ok   10 w2 apron:58:75 [skymaster] clear of the user's Cub's routes  (47.88 m of 8.35)
  ok   10 w2 apron:58:75 [p38] inside the field
  ok   10 w2 apron:58:75 [p38] flat  (0.30 m of 0.60)
  ok   10 w2 apron:58:75 [p38] dry
  ok   10 w2 apron:58:75 [p38] clear of solid things  (Infinity m of 3.00 (nothing))
  ok   10 w2 apron:58:75 [p38] clear of stock build's routes  (48.08 m of 8.00)
  ok   10 w2 apron:58:75 [p38] clear of aluminium C172's routes  (48.08 m of 8.50)
  ok   10 w2 apron:58:75 [p38] clear of the user's Cub's routes  (48.08 m of 8.35)
  ok   10 w2 apron:58:75 [beaver] inside the field
  ok   10 w2 apron:58:75 [beaver] flat  (0.34 m of 0.60)
  ok   10 w2 apron:58:75 [beaver] dry
  ok   10 w2 apron:58:75 [beaver] clear of solid things  (Infinity m of 3.00 (nothing))
  ok   10 w2 apron:58:75 [beaver] clear of stock build's routes  (47.61 m of 8.00)
  ok   10 w2 apron:58:75 [beaver] clear of aluminium C172's routes  (47.61 m of 8.50)
  ok   10 w2 apron:58:75 [beaver] clear of the user's Cub's routes  (47.61 m of 8.35)
  ok   10 w2 apron:58:75 [default] inside the field
  ok   10 w2 apron:58:75 [default] flat  (0.38 m of 0.60)
  ok   10 w2 apron:58:75 [default] dry
  ok   10 w2 apron:58:75 [default] clear of solid things  (Infinity m of 3.00 (nothing))
  ok   10 w2 apron:58:75 [default] clear of stock build's routes  (47.13 m of 8.00)
  ok   10 w2 apron:58:75 [default] clear of aluminium C172's routes  (47.13 m of 8.50)
  ok   10 w2 apron:58:75 [default] clear of the user's Cub's routes  (47.13 m of 8.35)
  ok   10 w2 apron:58:105 [cub] inside the field
  ok   10 w2 apron:58:105 [cub] flat  (0.33 m of 0.60)
  ok   10 w2 apron:58:105 [cub] dry
  ok   10 w2 apron:58:105 [cub] clear of solid things  (Infinity m of 3.00 (nothing))
  ok   10 w2 apron:58:105 [cub] clear of stock build's routes  (43.04 m of 8.00)
  ok   10 w2 apron:58:105 [cub] clear of aluminium C172's routes  (43.04 m of 8.50)
  ok   10 w2 apron:58:105 [cub] clear of the user's Cub's routes  (43.04 m of 8.35)
  ok   10 w2 apron:58:105 [pietenpol] inside the field
  ok   10 w2 apron:58:105 [pietenpol] flat  (0.30 m of 0.60)
  ok   10 w2 apron:58:105 [pietenpol] dry
  ok   10 w2 apron:58:105 [pietenpol] clear of solid things  (Infinity m of 3.00 (nothing))
  ok   10 w2 apron:58:105 [pietenpol] clear of stock build's routes  (43.44 m of 8.00)
  ok   10 w2 apron:58:105 [pietenpol] clear of aluminium C172's routes  (43.44 m of 8.50)
  ok   10 w2 apron:58:105 [pietenpol] clear of the user's Cub's routes  (43.44 m of 8.35)
  ok   10 w2 apron:58:105 [tigermoth] inside the field
  ok   10 w2 apron:58:105 [tigermoth] flat  (0.31 m of 0.60)
  ok   10 w2 apron:58:105 [tigermoth] dry
  ok   10 w2 apron:58:105 [tigermoth] clear of solid things  (Infinity m of 3.00 (nothing))
  ok   10 w2 apron:58:105 [tigermoth] clear of stock build's routes  (43.44 m of 8.00)
  ok   10 w2 apron:58:105 [tigermoth] clear of aluminium C172's routes  (43.44 m of 8.50)
  ok   10 w2 apron:58:105 [tigermoth] clear of the user's Cub's routes  (43.44 m of 8.35)
  ok   10 w2 apron:58:105 [stearman] inside the field
  ok   10 w2 apron:58:105 [stearman] flat  (0.31 m of 0.60)
  ok   10 w2 apron:58:105 [stearman] dry
  ok   10 w2 apron:58:105 [stearman] clear of solid things  (Infinity m of 3.00 (nothing))
  ok   10 w2 apron:58:105 [stearman] clear of stock build's routes  (43.34 m of 8.00)
  ok   10 w2 apron:58:105 [stearman] clear of aluminium C172's routes  (43.34 m of 8.50)
  ok   10 w2 apron:58:105 [stearman] clear of the user's Cub's routes  (43.34 m of 8.35)
  ok   10 w2 apron:58:105 [pittsAlike] inside the field
  ok   10 w2 apron:58:105 [pittsAlike] flat  (0.25 m of 0.60)
  ok   10 w2 apron:58:105 [pittsAlike] dry
  ok   10 w2 apron:58:105 [pittsAlike] clear of solid things  (Infinity m of 3.00 (nothing))
  ok   10 w2 apron:58:105 [pittsAlike] clear of stock build's routes  (43.46 m of 8.00)
  ok   10 w2 apron:58:105 [pittsAlike] clear of aluminium C172's routes  (43.46 m of 8.50)
  ok   10 w2 apron:58:105 [pittsAlike] clear of the user's Cub's routes  (43.46 m of 8.35)
  ok   10 w2 apron:58:105 [sesqui] inside the field
  ok   10 w2 apron:58:105 [sesqui] flat  (0.31 m of 0.60)
  ok   10 w2 apron:58:105 [sesqui] dry
  ok   10 w2 apron:58:105 [sesqui] clear of solid things  (Infinity m of 3.00 (nothing))
  ok   10 w2 apron:58:105 [sesqui] clear of stock build's routes  (43.44 m of 8.00)
  ok   10 w2 apron:58:105 [sesqui] clear of aluminium C172's routes  (43.44 m of 8.50)
  ok   10 w2 apron:58:105 [sesqui] clear of the user's Cub's routes  (43.44 m of 8.35)
  ok   10 w2 apron:58:105 [jodel] inside the field
  ok   10 w2 apron:58:105 [jodel] flat  (0.29 m of 0.60)
  ok   10 w2 apron:58:105 [jodel] dry
  ok   10 w2 apron:58:105 [jodel] clear of solid things  (Infinity m of 3.00 (nothing))
  ok   10 w2 apron:58:105 [jodel] clear of stock build's routes  (42.94 m of 8.00)
  ok   10 w2 apron:58:105 [jodel] clear of aluminium C172's routes  (42.94 m of 8.50)
  ok   10 w2 apron:58:105 [jodel] clear of the user's Cub's routes  (42.94 m of 8.35)
  ok   10 w2 apron:58:105 [c172] inside the field
  ok   10 w2 apron:58:105 [c172] flat  (0.36 m of 0.60)
  ok   10 w2 apron:58:105 [c172] dry
  ok   10 w2 apron:58:105 [c172] clear of solid things  (Infinity m of 3.00 (nothing))
  ok   10 w2 apron:58:105 [c172] clear of stock build's routes  (42.84 m of 8.00)
  ok   10 w2 apron:58:105 [c172] clear of aluminium C172's routes  (42.84 m of 8.50)
  ok   10 w2 apron:58:105 [c172] clear of the user's Cub's routes  (42.84 m of 8.35)
  ok   10 w2 apron:58:105 [chinook] inside the field
  ok   10 w2 apron:58:105 [chinook] flat  (0.28 m of 0.60)
  ok   10 w2 apron:58:105 [chinook] dry
  ok   10 w2 apron:58:105 [chinook] clear of solid things  (Infinity m of 3.00 (nothing))
  ok   10 w2 apron:58:105 [chinook] clear of stock build's routes  (43.94 m of 8.00)
  ok   10 w2 apron:58:105 [chinook] clear of aluminium C172's routes  (43.94 m of 8.50)
  ok   10 w2 apron:58:105 [chinook] clear of the user's Cub's routes  (43.94 m of 8.35)
  ok   10 w2 apron:58:105 [caravan] inside the field
  ok   10 w2 apron:58:105 [caravan] flat  (0.42 m of 0.60)
  ok   10 w2 apron:58:105 [caravan] dry
  ok   10 w2 apron:58:105 [caravan] clear of solid things  (Infinity m of 3.00 (nothing))
  ok   10 w2 apron:58:105 [caravan] clear of stock build's routes  (42.24 m of 8.00)
  ok   10 w2 apron:58:105 [caravan] clear of aluminium C172's routes  (42.24 m of 8.50)
  ok   10 w2 apron:58:105 [caravan] clear of the user's Cub's routes  (42.24 m of 8.35)
  ok   10 w2 apron:58:105 [rv] inside the field
  ok   10 w2 apron:58:105 [rv] flat  (0.31 m of 0.60)
  ok   10 w2 apron:58:105 [rv] dry
  ok   10 w2 apron:58:105 [rv] clear of solid things  (Infinity m of 3.00 (nothing))
  ok   10 w2 apron:58:105 [rv] clear of stock build's routes  (43.44 m of 8.00)
  ok   10 w2 apron:58:105 [rv] clear of aluminium C172's routes  (43.44 m of 8.50)
  ok   10 w2 apron:58:105 [rv] clear of the user's Cub's routes  (43.44 m of 8.35)
  ok   10 w2 apron:58:105 [savannah] inside the field
  ok   10 w2 apron:58:105 [savannah] flat  (0.30 m of 0.60)
  ok   10 w2 apron:58:105 [savannah] dry
  ok   10 w2 apron:58:105 [savannah] clear of solid things  (Infinity m of 3.00 (nothing))
  ok   10 w2 apron:58:105 [savannah] clear of stock build's routes  (43.44 m of 8.00)
  ok   10 w2 apron:58:105 [savannah] clear of aluminium C172's routes  (43.44 m of 8.50)
  ok   10 w2 apron:58:105 [savannah] clear of the user's Cub's routes  (43.44 m of 8.35)
  ok   10 w2 apron:58:105 [ul1] inside the field
  ok   10 w2 apron:58:105 [ul1] flat  (0.30 m of 0.60)
  ok   10 w2 apron:58:105 [ul1] dry
  ok   10 w2 apron:58:105 [ul1] clear of solid things  (Infinity m of 3.00 (nothing))
  ok   10 w2 apron:58:105 [ul1] clear of stock build's routes  (43.44 m of 8.00)
  ok   10 w2 apron:58:105 [ul1] clear of aluminium C172's routes  (43.44 m of 8.50)
  ok   10 w2 apron:58:105 [ul1] clear of the user's Cub's routes  (43.44 m of 8.35)
  ok   10 w2 apron:58:105 [floatplane] inside the field
  ok   10 w2 apron:58:105 [floatplane] flat  (0.34 m of 0.60)
  ok   10 w2 apron:58:105 [floatplane] dry
  ok   10 w2 apron:58:105 [floatplane] clear of solid things  (Infinity m of 3.00 (nothing))
  ok   10 w2 apron:58:105 [floatplane] clear of stock build's routes  (43.14 m of 8.00)
  ok   10 w2 apron:58:105 [floatplane] clear of aluminium C172's routes  (43.14 m of 8.50)
  ok   10 w2 apron:58:105 [floatplane] clear of the user's Cub's routes  (43.14 m of 8.35)
  ok   10 w2 apron:58:105 [pusherPod] inside the field
  ok   10 w2 apron:58:105 [pusherPod] flat  (0.30 m of 0.60)
  ok   10 w2 apron:58:105 [pusherPod] dry
  ok   10 w2 apron:58:105 [pusherPod] clear of solid things  (Infinity m of 3.00 (nothing))
  ok   10 w2 apron:58:105 [pusherPod] clear of stock build's routes  (43.74 m of 8.00)
  ok   10 w2 apron:58:105 [pusherPod] clear of aluminium C172's routes  (43.74 m of 8.50)
  ok   10 w2 apron:58:105 [pusherPod] clear of the user's Cub's routes  (43.74 m of 8.35)
  ok   10 w2 apron:58:105 [motorglider] inside the field
  ok   10 w2 apron:58:105 [motorglider] flat  (0.32 m of 0.60)
  ok   10 w2 apron:58:105 [motorglider] dry
  ok   10 w2 apron:58:105 [motorglider] clear of solid things  (Infinity m of 3.00 (nothing))
  ok   10 w2 apron:58:105 [motorglider] clear of stock build's routes  (43.44 m of 8.00)
  ok   10 w2 apron:58:105 [motorglider] clear of aluminium C172's routes  (43.44 m of 8.50)
  ok   10 w2 apron:58:105 [motorglider] clear of the user's Cub's routes  (43.44 m of 8.35)
  ok   10 w2 apron:58:105 [radial] inside the field
  ok   10 w2 apron:58:105 [radial] flat  (0.33 m of 0.60)
  ok   10 w2 apron:58:105 [radial] dry
  ok   10 w2 apron:58:105 [radial] clear of solid things  (Infinity m of 3.00 (nothing))
  ok   10 w2 apron:58:105 [radial] clear of stock build's routes  (43.44 m of 8.00)
  ok   10 w2 apron:58:105 [radial] clear of aluminium C172's routes  (43.44 m of 8.50)
  ok   10 w2 apron:58:105 [radial] clear of the user's Cub's routes  (43.44 m of 8.35)
  ok   10 w2 apron:58:105 [etrainer] inside the field
  ok   10 w2 apron:58:105 [etrainer] flat  (0.31 m of 0.60)
  ok   10 w2 apron:58:105 [etrainer] dry
  ok   10 w2 apron:58:105 [etrainer] clear of solid things  (Infinity m of 3.00 (nothing))
  ok   10 w2 apron:58:105 [etrainer] clear of stock build's routes  (43.44 m of 8.00)
  ok   10 w2 apron:58:105 [etrainer] clear of aluminium C172's routes  (43.44 m of 8.50)
  ok   10 w2 apron:58:105 [etrainer] clear of the user's Cub's routes  (43.44 m of 8.35)
  ok   10 w2 apron:58:105 [ttail] inside the field
  ok   10 w2 apron:58:105 [ttail] flat  (0.33 m of 0.60)
  ok   10 w2 apron:58:105 [ttail] dry
  ok   10 w2 apron:58:105 [ttail] clear of solid things  (Infinity m of 3.00 (nothing))
  ok   10 w2 apron:58:105 [ttail] clear of stock build's routes  (43.44 m of 8.00)
  ok   10 w2 apron:58:105 [ttail] clear of aluminium C172's routes  (43.44 m of 8.50)
  ok   10 w2 apron:58:105 [ttail] clear of the user's Cub's routes  (43.44 m of 8.35)
  ok   10 w2 apron:58:105 [vtail] inside the field
  ok   10 w2 apron:58:105 [vtail] flat  (0.33 m of 0.60)
  ok   10 w2 apron:58:105 [vtail] dry
  ok   10 w2 apron:58:105 [vtail] clear of solid things  (Infinity m of 3.00 (nothing))
  ok   10 w2 apron:58:105 [vtail] clear of stock build's routes  (43.44 m of 8.00)
  ok   10 w2 apron:58:105 [vtail] clear of aluminium C172's routes  (43.44 m of 8.50)
  ok   10 w2 apron:58:105 [vtail] clear of the user's Cub's routes  (43.44 m of 8.35)
  ok   10 w2 apron:58:105 [mw5] inside the field
  ok   10 w2 apron:58:105 [mw5] flat  (0.30 m of 0.60)
  ok   10 w2 apron:58:105 [mw5] dry
  ok   10 w2 apron:58:105 [mw5] clear of solid things  (Infinity m of 3.00 (nothing))
  ok   10 w2 apron:58:105 [mw5] clear of stock build's routes  (43.74 m of 8.00)
  ok   10 w2 apron:58:105 [mw5] clear of aluminium C172's routes  (43.74 m of 8.50)
  ok   10 w2 apron:58:105 [mw5] clear of the user's Cub's routes  (43.74 m of 8.35)
  ok   10 w2 apron:58:105 [archaeopteryx] inside the field
  ok   10 w2 apron:58:105 [archaeopteryx] flat  (0.31 m of 0.60)
  ok   10 w2 apron:58:105 [archaeopteryx] dry
  ok   10 w2 apron:58:105 [archaeopteryx] clear of solid things  (Infinity m of 3.00 (nothing))
  ok   10 w2 apron:58:105 [archaeopteryx] clear of stock build's routes  (43.74 m of 8.00)
  ok   10 w2 apron:58:105 [archaeopteryx] clear of aluminium C172's routes  (43.74 m of 8.50)
  ok   10 w2 apron:58:105 [archaeopteryx] clear of the user's Cub's routes  (43.74 m of 8.35)
  ok   10 w2 apron:58:105 [da62] inside the field
  ok   10 w2 apron:58:105 [da62] flat  (0.35 m of 0.60)
  ok   10 w2 apron:58:105 [da62] dry
  ok   10 w2 apron:58:105 [da62] clear of solid things  (Infinity m of 3.00 (nothing))
  ok   10 w2 apron:58:105 [da62] clear of stock build's routes  (43.64 m of 8.00)
  ok   10 w2 apron:58:105 [da62] clear of aluminium C172's routes  (43.64 m of 8.50)
  ok   10 w2 apron:58:105 [da62] clear of the user's Cub's routes  (43.64 m of 8.35)
  ok   10 w2 apron:58:105 [twinBush] inside the field
  ok   10 w2 apron:58:105 [twinBush] flat  (0.40 m of 0.60)
  ok   10 w2 apron:58:105 [twinBush] dry
  ok   10 w2 apron:58:105 [twinBush] clear of solid things  (Infinity m of 3.00 (nothing))
  ok   10 w2 apron:58:105 [twinBush] clear of stock build's routes  (43.64 m of 8.00)
  ok   10 w2 apron:58:105 [twinBush] clear of aluminium C172's routes  (43.64 m of 8.50)
  ok   10 w2 apron:58:105 [twinBush] clear of the user's Cub's routes  (43.64 m of 8.35)
  ok   10 w2 apron:58:105 [skymaster] inside the field
  ok   10 w2 apron:58:105 [skymaster] flat  (0.32 m of 0.60)
  ok   10 w2 apron:58:105 [skymaster] dry
  ok   10 w2 apron:58:105 [skymaster] clear of solid things  (Infinity m of 3.00 (nothing))
  ok   10 w2 apron:58:105 [skymaster] clear of stock build's routes  (43.44 m of 8.00)
  ok   10 w2 apron:58:105 [skymaster] clear of aluminium C172's routes  (43.44 m of 8.50)
  ok   10 w2 apron:58:105 [skymaster] clear of the user's Cub's routes  (43.44 m of 8.35)
  ok   10 w2 apron:58:105 [p38] inside the field
  ok   10 w2 apron:58:105 [p38] flat  (0.31 m of 0.60)
  ok   10 w2 apron:58:105 [p38] dry
  ok   10 w2 apron:58:105 [p38] clear of solid things  (Infinity m of 3.00 (nothing))
  ok   10 w2 apron:58:105 [p38] clear of stock build's routes  (43.64 m of 8.00)
  ok   10 w2 apron:58:105 [p38] clear of aluminium C172's routes  (43.64 m of 8.50)
  ok   10 w2 apron:58:105 [p38] clear of the user's Cub's routes  (43.64 m of 8.35)
  ok   10 w2 apron:58:105 [beaver] inside the field
  ok   10 w2 apron:58:105 [beaver] flat  (0.36 m of 0.60)
  ok   10 w2 apron:58:105 [beaver] dry
  ok   10 w2 apron:58:105 [beaver] clear of solid things  (Infinity m of 3.00 (nothing))
  ok   10 w2 apron:58:105 [beaver] clear of stock build's routes  (43.34 m of 8.00)
  ok   10 w2 apron:58:105 [beaver] clear of aluminium C172's routes  (43.34 m of 8.50)
  ok   10 w2 apron:58:105 [beaver] clear of the user's Cub's routes  (43.34 m of 8.35)
  ok   10 w2 apron:58:105 [default] inside the field
  ok   10 w2 apron:58:105 [default] flat  (0.38 m of 0.60)
  ok   10 w2 apron:58:105 [default] dry
  ok   10 w2 apron:58:105 [default] clear of solid things  (Infinity m of 3.00 (nothing))
  ok   10 w2 apron:58:105 [default] clear of stock build's routes  (42.74 m of 8.00)
  ok   10 w2 apron:58:105 [default] clear of aluminium C172's routes  (42.74 m of 8.50)
  ok   10 w2 apron:58:105 [default] clear of the user's Cub's routes  (42.74 m of 8.35)
  ok   10 w2 apron:58:255 [cub] inside the field
  ok   10 w2 apron:58:255 [cub] flat  (0.26 m of 0.60)
  ok   10 w2 apron:58:255 [cub] dry
  ok   10 w2 apron:58:255 [cub] clear of solid things  (Infinity m of 3.00 (nothing))
  ok   10 w2 apron:58:255 [cub] clear of stock build's routes  (45.74 m of 8.00)
  ok   10 w2 apron:58:255 [cub] clear of aluminium C172's routes  (45.74 m of 8.50)
  ok   10 w2 apron:58:255 [cub] clear of the user's Cub's routes  (45.74 m of 8.35)
  ok   10 w2 apron:58:255 [pietenpol] inside the field
  ok   10 w2 apron:58:255 [pietenpol] flat  (0.23 m of 0.60)
  ok   10 w2 apron:58:255 [pietenpol] dry
  ok   10 w2 apron:58:255 [pietenpol] clear of solid things  (Infinity m of 3.00 (nothing))
  ok   10 w2 apron:58:255 [pietenpol] clear of stock build's routes  (46.14 m of 8.00)
  ok   10 w2 apron:58:255 [pietenpol] clear of aluminium C172's routes  (46.14 m of 8.50)
  ok   10 w2 apron:58:255 [pietenpol] clear of the user's Cub's routes  (46.14 m of 8.35)
  ok   10 w2 apron:58:255 [tigermoth] inside the field
  ok   10 w2 apron:58:255 [tigermoth] flat  (0.24 m of 0.60)
  ok   10 w2 apron:58:255 [tigermoth] dry
  ok   10 w2 apron:58:255 [tigermoth] clear of solid things  (Infinity m of 3.00 (nothing))
  ok   10 w2 apron:58:255 [tigermoth] clear of stock build's routes  (46.14 m of 8.00)
  ok   10 w2 apron:58:255 [tigermoth] clear of aluminium C172's routes  (46.14 m of 8.50)
  ok   10 w2 apron:58:255 [tigermoth] clear of the user's Cub's routes  (46.14 m of 8.35)
  ok   10 w2 apron:58:255 [stearman] inside the field
  ok   10 w2 apron:58:255 [stearman] flat  (0.24 m of 0.60)
  ok   10 w2 apron:58:255 [stearman] dry
  ok   10 w2 apron:58:255 [stearman] clear of solid things  (Infinity m of 3.00 (nothing))
  ok   10 w2 apron:58:255 [stearman] clear of stock build's routes  (46.04 m of 8.00)
  ok   10 w2 apron:58:255 [stearman] clear of aluminium C172's routes  (46.04 m of 8.50)
  ok   10 w2 apron:58:255 [stearman] clear of the user's Cub's routes  (46.04 m of 8.35)
  ok   10 w2 apron:58:255 [pittsAlike] inside the field
  ok   10 w2 apron:58:255 [pittsAlike] flat  (0.17 m of 0.60)
  ok   10 w2 apron:58:255 [pittsAlike] dry
  ok   10 w2 apron:58:255 [pittsAlike] clear of solid things  (Infinity m of 3.00 (nothing))
  ok   10 w2 apron:58:255 [pittsAlike] clear of stock build's routes  (46.14 m of 8.00)
  ok   10 w2 apron:58:255 [pittsAlike] clear of aluminium C172's routes  (46.14 m of 8.50)
  ok   10 w2 apron:58:255 [pittsAlike] clear of the user's Cub's routes  (46.14 m of 8.35)
  ok   10 w2 apron:58:255 [sesqui] inside the field
  ok   10 w2 apron:58:255 [sesqui] flat  (0.25 m of 0.60)
  ok   10 w2 apron:58:255 [sesqui] dry
  ok   10 w2 apron:58:255 [sesqui] clear of solid things  (Infinity m of 3.00 (nothing))
  ok   10 w2 apron:58:255 [sesqui] clear of stock build's routes  (46.14 m of 8.00)
  ok   10 w2 apron:58:255 [sesqui] clear of aluminium C172's routes  (46.14 m of 8.50)
  ok   10 w2 apron:58:255 [sesqui] clear of the user's Cub's routes  (46.14 m of 8.35)
  ok   10 w2 apron:58:255 [jodel] inside the field
  ok   10 w2 apron:58:255 [jodel] flat  (0.21 m of 0.60)
  ok   10 w2 apron:58:255 [jodel] dry
  ok   10 w2 apron:58:255 [jodel] clear of solid things  (Infinity m of 3.00 (nothing))
  ok   10 w2 apron:58:255 [jodel] clear of stock build's routes  (45.64 m of 8.00)
  ok   10 w2 apron:58:255 [jodel] clear of aluminium C172's routes  (45.64 m of 8.50)
  ok   10 w2 apron:58:255 [jodel] clear of the user's Cub's routes  (45.64 m of 8.35)
  ok   10 w2 apron:58:255 [c172] inside the field
  ok   10 w2 apron:58:255 [c172] flat  (0.28 m of 0.60)
  ok   10 w2 apron:58:255 [c172] dry
  ok   10 w2 apron:58:255 [c172] clear of solid things  (Infinity m of 3.00 (nothing))
  ok   10 w2 apron:58:255 [c172] clear of stock build's routes  (45.54 m of 8.00)
  ok   10 w2 apron:58:255 [c172] clear of aluminium C172's routes  (45.54 m of 8.50)
  ok   10 w2 apron:58:255 [c172] clear of the user's Cub's routes  (45.54 m of 8.35)
  ok   10 w2 apron:58:255 [chinook] inside the field
  ok   10 w2 apron:58:255 [chinook] flat  (0.23 m of 0.60)
  ok   10 w2 apron:58:255 [chinook] dry
  ok   10 w2 apron:58:255 [chinook] clear of solid things  (Infinity m of 3.00 (nothing))
  ok   10 w2 apron:58:255 [chinook] clear of stock build's routes  (46.64 m of 8.00)
  ok   10 w2 apron:58:255 [chinook] clear of aluminium C172's routes  (46.64 m of 8.50)
  ok   10 w2 apron:58:255 [chinook] clear of the user's Cub's routes  (46.64 m of 8.35)
  ok   10 w2 apron:58:255 [caravan] inside the field
  ok   10 w2 apron:58:255 [caravan] flat  (0.34 m of 0.60)
  ok   10 w2 apron:58:255 [caravan] dry
  ok   10 w2 apron:58:255 [caravan] clear of solid things  (Infinity m of 3.00 (nothing))
  ok   10 w2 apron:58:255 [caravan] clear of stock build's routes  (44.94 m of 8.00)
  ok   10 w2 apron:58:255 [caravan] clear of aluminium C172's routes  (44.94 m of 8.50)
  ok   10 w2 apron:58:255 [caravan] clear of the user's Cub's routes  (44.94 m of 8.35)
  ok   10 w2 apron:58:255 [rv] inside the field
  ok   10 w2 apron:58:255 [rv] flat  (0.25 m of 0.60)
  ok   10 w2 apron:58:255 [rv] dry
  ok   10 w2 apron:58:255 [rv] clear of solid things  (Infinity m of 3.00 (nothing))
  ok   10 w2 apron:58:255 [rv] clear of stock build's routes  (46.14 m of 8.00)
  ok   10 w2 apron:58:255 [rv] clear of aluminium C172's routes  (46.14 m of 8.50)
  ok   10 w2 apron:58:255 [rv] clear of the user's Cub's routes  (46.14 m of 8.35)
  ok   10 w2 apron:58:255 [savannah] inside the field
  ok   10 w2 apron:58:255 [savannah] flat  (0.23 m of 0.60)
  ok   10 w2 apron:58:255 [savannah] dry
  ok   10 w2 apron:58:255 [savannah] clear of solid things  (Infinity m of 3.00 (nothing))
  ok   10 w2 apron:58:255 [savannah] clear of stock build's routes  (46.14 m of 8.00)
  ok   10 w2 apron:58:255 [savannah] clear of aluminium C172's routes  (46.14 m of 8.50)
  ok   10 w2 apron:58:255 [savannah] clear of the user's Cub's routes  (46.14 m of 8.35)
  ok   10 w2 apron:58:255 [ul1] inside the field
  ok   10 w2 apron:58:255 [ul1] flat  (0.24 m of 0.60)
  ok   10 w2 apron:58:255 [ul1] dry
  ok   10 w2 apron:58:255 [ul1] clear of solid things  (Infinity m of 3.00 (nothing))
  ok   10 w2 apron:58:255 [ul1] clear of stock build's routes  (46.14 m of 8.00)
  ok   10 w2 apron:58:255 [ul1] clear of aluminium C172's routes  (46.14 m of 8.50)
  ok   10 w2 apron:58:255 [ul1] clear of the user's Cub's routes  (46.14 m of 8.35)
  ok   10 w2 apron:58:255 [floatplane] inside the field
  ok   10 w2 apron:58:255 [floatplane] flat  (0.28 m of 0.60)
  ok   10 w2 apron:58:255 [floatplane] dry
  ok   10 w2 apron:58:255 [floatplane] clear of solid things  (Infinity m of 3.00 (nothing))
  ok   10 w2 apron:58:255 [floatplane] clear of stock build's routes  (45.84 m of 8.00)
  ok   10 w2 apron:58:255 [floatplane] clear of aluminium C172's routes  (45.84 m of 8.50)
  ok   10 w2 apron:58:255 [floatplane] clear of the user's Cub's routes  (45.84 m of 8.35)
  ok   10 w2 apron:58:255 [pusherPod] inside the field
  ok   10 w2 apron:58:255 [pusherPod] flat  (0.24 m of 0.60)
  ok   10 w2 apron:58:255 [pusherPod] dry
  ok   10 w2 apron:58:255 [pusherPod] clear of solid things  (Infinity m of 3.00 (nothing))
  ok   10 w2 apron:58:255 [pusherPod] clear of stock build's routes  (46.44 m of 8.00)
  ok   10 w2 apron:58:255 [pusherPod] clear of aluminium C172's routes  (46.44 m of 8.50)
  ok   10 w2 apron:58:255 [pusherPod] clear of the user's Cub's routes  (46.44 m of 8.35)
  ok   10 w2 apron:58:255 [motorglider] inside the field
  ok   10 w2 apron:58:255 [motorglider] flat  (0.28 m of 0.60)
  ok   10 w2 apron:58:255 [motorglider] dry
  ok   10 w2 apron:58:255 [motorglider] clear of solid things  (Infinity m of 3.00 (nothing))
  ok   10 w2 apron:58:255 [motorglider] clear of stock build's routes  (46.14 m of 8.00)
  ok   10 w2 apron:58:255 [motorglider] clear of aluminium C172's routes  (46.14 m of 8.50)
  ok   10 w2 apron:58:255 [motorglider] clear of the user's Cub's routes  (46.14 m of 8.35)
  ok   10 w2 apron:58:255 [radial] inside the field
  ok   10 w2 apron:58:255 [radial] flat  (0.27 m of 0.60)
  ok   10 w2 apron:58:255 [radial] dry
  ok   10 w2 apron:58:255 [radial] clear of solid things  (Infinity m of 3.00 (nothing))
  ok   10 w2 apron:58:255 [radial] clear of stock build's routes  (46.14 m of 8.00)
  ok   10 w2 apron:58:255 [radial] clear of aluminium C172's routes  (46.14 m of 8.50)
  ok   10 w2 apron:58:255 [radial] clear of the user's Cub's routes  (46.14 m of 8.35)
  ok   10 w2 apron:58:255 [etrainer] inside the field
  ok   10 w2 apron:58:255 [etrainer] flat  (0.24 m of 0.60)
  ok   10 w2 apron:58:255 [etrainer] dry
  ok   10 w2 apron:58:255 [etrainer] clear of solid things  (Infinity m of 3.00 (nothing))
  ok   10 w2 apron:58:255 [etrainer] clear of stock build's routes  (46.14 m of 8.00)
  ok   10 w2 apron:58:255 [etrainer] clear of aluminium C172's routes  (46.14 m of 8.50)
  ok   10 w2 apron:58:255 [etrainer] clear of the user's Cub's routes  (46.14 m of 8.35)
  ok   10 w2 apron:58:255 [ttail] inside the field
  ok   10 w2 apron:58:255 [ttail] flat  (0.27 m of 0.60)
  ok   10 w2 apron:58:255 [ttail] dry
  ok   10 w2 apron:58:255 [ttail] clear of solid things  (Infinity m of 3.00 (nothing))
  ok   10 w2 apron:58:255 [ttail] clear of stock build's routes  (46.14 m of 8.00)
  ok   10 w2 apron:58:255 [ttail] clear of aluminium C172's routes  (46.14 m of 8.50)
  ok   10 w2 apron:58:255 [ttail] clear of the user's Cub's routes  (46.14 m of 8.35)
  ok   10 w2 apron:58:255 [vtail] inside the field
  ok   10 w2 apron:58:255 [vtail] flat  (0.27 m of 0.60)
  ok   10 w2 apron:58:255 [vtail] dry
  ok   10 w2 apron:58:255 [vtail] clear of solid things  (Infinity m of 3.00 (nothing))
  ok   10 w2 apron:58:255 [vtail] clear of stock build's routes  (46.14 m of 8.00)
  ok   10 w2 apron:58:255 [vtail] clear of aluminium C172's routes  (46.14 m of 8.50)
  ok   10 w2 apron:58:255 [vtail] clear of the user's Cub's routes  (46.14 m of 8.35)
  ok   10 w2 apron:58:255 [mw5] inside the field
  ok   10 w2 apron:58:255 [mw5] flat  (0.24 m of 0.60)
  ok   10 w2 apron:58:255 [mw5] dry
  ok   10 w2 apron:58:255 [mw5] clear of solid things  (Infinity m of 3.00 (nothing))
  ok   10 w2 apron:58:255 [mw5] clear of stock build's routes  (46.44 m of 8.00)
  ok   10 w2 apron:58:255 [mw5] clear of aluminium C172's routes  (46.44 m of 8.50)
  ok   10 w2 apron:58:255 [mw5] clear of the user's Cub's routes  (46.44 m of 8.35)
  ok   10 w2 apron:58:255 [archaeopteryx] inside the field
  ok   10 w2 apron:58:255 [archaeopteryx] flat  (0.26 m of 0.60)
  ok   10 w2 apron:58:255 [archaeopteryx] dry
  ok   10 w2 apron:58:255 [archaeopteryx] clear of solid things  (Infinity m of 3.00 (nothing))
  ok   10 w2 apron:58:255 [archaeopteryx] clear of stock build's routes  (46.44 m of 8.00)
  ok   10 w2 apron:58:255 [archaeopteryx] clear of aluminium C172's routes  (46.44 m of 8.50)
  ok   10 w2 apron:58:255 [archaeopteryx] clear of the user's Cub's routes  (46.44 m of 8.35)
  ok   10 w2 apron:58:255 [da62] inside the field
  ok   10 w2 apron:58:255 [da62] flat  (0.31 m of 0.60)
  ok   10 w2 apron:58:255 [da62] dry
  ok   10 w2 apron:58:255 [da62] clear of solid things  (Infinity m of 3.00 (nothing))
  ok   10 w2 apron:58:255 [da62] clear of stock build's routes  (46.34 m of 8.00)
  ok   10 w2 apron:58:255 [da62] clear of aluminium C172's routes  (46.34 m of 8.50)
  ok   10 w2 apron:58:255 [da62] clear of the user's Cub's routes  (46.34 m of 8.35)
  ok   10 w2 apron:58:255 [twinBush] inside the field
  ok   10 w2 apron:58:255 [twinBush] flat  (0.35 m of 0.60)
  ok   10 w2 apron:58:255 [twinBush] dry
  ok   10 w2 apron:58:255 [twinBush] clear of solid things  (Infinity m of 3.00 (nothing))
  ok   10 w2 apron:58:255 [twinBush] clear of stock build's routes  (46.34 m of 8.00)
  ok   10 w2 apron:58:255 [twinBush] clear of aluminium C172's routes  (46.34 m of 8.50)
  ok   10 w2 apron:58:255 [twinBush] clear of the user's Cub's routes  (46.34 m of 8.35)
  ok   10 w2 apron:58:255 [skymaster] inside the field
  ok   10 w2 apron:58:255 [skymaster] flat  (0.27 m of 0.60)
  ok   10 w2 apron:58:255 [skymaster] dry
  ok   10 w2 apron:58:255 [skymaster] clear of solid things  (Infinity m of 3.00 (nothing))
  ok   10 w2 apron:58:255 [skymaster] clear of stock build's routes  (46.14 m of 8.00)
  ok   10 w2 apron:58:255 [skymaster] clear of aluminium C172's routes  (46.14 m of 8.50)
  ok   10 w2 apron:58:255 [skymaster] clear of the user's Cub's routes  (46.14 m of 8.35)
  ok   10 w2 apron:58:255 [p38] inside the field
  ok   10 w2 apron:58:255 [p38] flat  (0.26 m of 0.60)
  ok   10 w2 apron:58:255 [p38] dry
  ok   10 w2 apron:58:255 [p38] clear of solid things  (Infinity m of 3.00 (nothing))
  ok   10 w2 apron:58:255 [p38] clear of stock build's routes  (46.34 m of 8.00)
  ok   10 w2 apron:58:255 [p38] clear of aluminium C172's routes  (46.34 m of 8.50)
  ok   10 w2 apron:58:255 [p38] clear of the user's Cub's routes  (46.34 m of 8.35)
  ok   10 w2 apron:58:255 [beaver] inside the field
  ok   10 w2 apron:58:255 [beaver] flat  (0.32 m of 0.60)
  ok   10 w2 apron:58:255 [beaver] dry
  ok   10 w2 apron:58:255 [beaver] clear of solid things  (Infinity m of 3.00 (nothing))
  ok   10 w2 apron:58:255 [beaver] clear of stock build's routes  (46.04 m of 8.00)
  ok   10 w2 apron:58:255 [beaver] clear of aluminium C172's routes  (46.04 m of 8.50)
  ok   10 w2 apron:58:255 [beaver] clear of the user's Cub's routes  (46.04 m of 8.35)
  ok   10 w2 apron:58:255 [default] inside the field
  ok   10 w2 apron:58:255 [default] flat  (0.31 m of 0.60)
  ok   10 w2 apron:58:255 [default] dry
  ok   10 w2 apron:58:255 [default] clear of solid things  (Infinity m of 3.00 (nothing))
  ok   10 w2 apron:58:255 [default] clear of stock build's routes  (45.44 m of 8.00)
  ok   10 w2 apron:58:255 [default] clear of aluminium C172's routes  (45.44 m of 8.50)
  ok   10 w2 apron:58:255 [default] clear of the user's Cub's routes  (45.44 m of 8.35)
  ok   10 w2 apron:58:285 [cub] inside the field
  ok   10 w2 apron:58:285 [cub] flat  (0.15 m of 0.60)
  ok   10 w2 apron:58:285 [cub] dry
  ok   10 w2 apron:58:285 [cub] clear of solid things  (Infinity m of 3.00 (nothing))
  ok   10 w2 apron:58:285 [cub] clear of stock build's routes  (41.68 m of 8.00)
  ok   10 w2 apron:58:285 [cub] clear of aluminium C172's routes  (41.68 m of 8.50)
  ok   10 w2 apron:58:285 [cub] clear of the user's Cub's routes  (41.68 m of 8.35)
  ok   10 w2 apron:58:285 [pietenpol] inside the field
  ok   10 w2 apron:58:285 [pietenpol] flat  (0.13 m of 0.60)
  ok   10 w2 apron:58:285 [pietenpol] dry
  ok   10 w2 apron:58:285 [pietenpol] clear of solid things  (Infinity m of 3.00 (nothing))
  ok   10 w2 apron:58:285 [pietenpol] clear of stock build's routes  (42.23 m of 8.00)
  ok   10 w2 apron:58:285 [pietenpol] clear of aluminium C172's routes  (42.23 m of 8.50)
  ok   10 w2 apron:58:285 [pietenpol] clear of the user's Cub's routes  (42.23 m of 8.35)
  ok   10 w2 apron:58:285 [tigermoth] inside the field
  ok   10 w2 apron:58:285 [tigermoth] flat  (0.13 m of 0.60)
  ok   10 w2 apron:58:285 [tigermoth] dry
  ok   10 w2 apron:58:285 [tigermoth] clear of solid things  (Infinity m of 3.00 (nothing))
  ok   10 w2 apron:58:285 [tigermoth] clear of stock build's routes  (42.22 m of 8.00)
  ok   10 w2 apron:58:285 [tigermoth] clear of aluminium C172's routes  (42.22 m of 8.50)
  ok   10 w2 apron:58:285 [tigermoth] clear of the user's Cub's routes  (42.22 m of 8.35)
  ok   10 w2 apron:58:285 [stearman] inside the field
  ok   10 w2 apron:58:285 [stearman] flat  (0.14 m of 0.60)
  ok   10 w2 apron:58:285 [stearman] dry
  ok   10 w2 apron:58:285 [stearman] clear of solid things  (Infinity m of 3.00 (nothing))
  ok   10 w2 apron:58:285 [stearman] clear of stock build's routes  (42.05 m of 8.00)
  ok   10 w2 apron:58:285 [stearman] clear of aluminium C172's routes  (42.05 m of 8.50)
  ok   10 w2 apron:58:285 [stearman] clear of the user's Cub's routes  (42.05 m of 8.35)
  ok   10 w2 apron:58:285 [pittsAlike] inside the field
  ok   10 w2 apron:58:285 [pittsAlike] flat  (0.11 m of 0.60)
  ok   10 w2 apron:58:285 [pittsAlike] dry
  ok   10 w2 apron:58:285 [pittsAlike] clear of solid things  (Infinity m of 3.00 (nothing))
  ok   10 w2 apron:58:285 [pittsAlike] clear of stock build's routes  (42.43 m of 8.00)
  ok   10 w2 apron:58:285 [pittsAlike] clear of aluminium C172's routes  (42.43 m of 8.50)
  ok   10 w2 apron:58:285 [pittsAlike] clear of the user's Cub's routes  (42.43 m of 8.35)
  ok   10 w2 apron:58:285 [sesqui] inside the field
  ok   10 w2 apron:58:285 [sesqui] flat  (0.14 m of 0.60)
  ok   10 w2 apron:58:285 [sesqui] dry
  ok   10 w2 apron:58:285 [sesqui] clear of solid things  (Infinity m of 3.00 (nothing))
  ok   10 w2 apron:58:285 [sesqui] clear of stock build's routes  (42.14 m of 8.00)
  ok   10 w2 apron:58:285 [sesqui] clear of aluminium C172's routes  (42.14 m of 8.50)
  ok   10 w2 apron:58:285 [sesqui] clear of the user's Cub's routes  (42.14 m of 8.35)
  ok   10 w2 apron:58:285 [jodel] inside the field
  ok   10 w2 apron:58:285 [jodel] flat  (0.13 m of 0.60)
  ok   10 w2 apron:58:285 [jodel] dry
  ok   10 w2 apron:58:285 [jodel] clear of solid things  (Infinity m of 3.00 (nothing))
  ok   10 w2 apron:58:285 [jodel] clear of stock build's routes  (41.78 m of 8.00)
  ok   10 w2 apron:58:285 [jodel] clear of aluminium C172's routes  (41.78 m of 8.50)
  ok   10 w2 apron:58:285 [jodel] clear of the user's Cub's routes  (41.78 m of 8.35)
  ok   10 w2 apron:58:285 [c172] inside the field
  ok   10 w2 apron:58:285 [c172] flat  (0.16 m of 0.60)
  ok   10 w2 apron:58:285 [c172] dry
  ok   10 w2 apron:58:285 [c172] clear of solid things  (Infinity m of 3.00 (nothing))
  ok   10 w2 apron:58:285 [c172] clear of stock build's routes  (41.47 m of 8.00)
  ok   10 w2 apron:58:285 [c172] clear of aluminium C172's routes  (41.47 m of 8.50)
  ok   10 w2 apron:58:285 [c172] clear of the user's Cub's routes  (41.47 m of 8.35)
  ok   10 w2 apron:58:285 [chinook] inside the field
  ok   10 w2 apron:58:285 [chinook] flat  (0.12 m of 0.60)
  ok   10 w2 apron:58:285 [chinook] dry
  ok   10 w2 apron:58:285 [chinook] clear of solid things  (Infinity m of 3.00 (nothing))
  ok   10 w2 apron:58:285 [chinook] clear of stock build's routes  (42.65 m of 8.00)
  ok   10 w2 apron:58:285 [chinook] clear of aluminium C172's routes  (42.65 m of 8.50)
  ok   10 w2 apron:58:285 [chinook] clear of the user's Cub's routes  (42.65 m of 8.35)
  ok   10 w2 apron:58:285 [caravan] inside the field
  ok   10 w2 apron:58:285 [caravan] flat  (0.19 m of 0.60)
  ok   10 w2 apron:58:285 [caravan] dry
  ok   10 w2 apron:58:285 [caravan] clear of solid things  (Infinity m of 3.00 (nothing))
  ok   10 w2 apron:58:285 [caravan] clear of stock build's routes  (40.66 m of 8.00)
  ok   10 w2 apron:58:285 [caravan] clear of aluminium C172's routes  (40.66 m of 8.50)
  ok   10 w2 apron:58:285 [caravan] clear of the user's Cub's routes  (40.66 m of 8.35)
  ok   10 w2 apron:58:285 [rv] inside the field
  ok   10 w2 apron:58:285 [rv] flat  (0.14 m of 0.60)
  ok   10 w2 apron:58:285 [rv] dry
  ok   10 w2 apron:58:285 [rv] clear of solid things  (Infinity m of 3.00 (nothing))
  ok   10 w2 apron:58:285 [rv] clear of stock build's routes  (42.15 m of 8.00)
  ok   10 w2 apron:58:285 [rv] clear of aluminium C172's routes  (42.15 m of 8.50)
  ok   10 w2 apron:58:285 [rv] clear of the user's Cub's routes  (42.15 m of 8.35)
  ok   10 w2 apron:58:285 [savannah] inside the field
  ok   10 w2 apron:58:285 [savannah] flat  (0.13 m of 0.60)
  ok   10 w2 apron:58:285 [savannah] dry
  ok   10 w2 apron:58:285 [savannah] clear of solid things  (Infinity m of 3.00 (nothing))
  ok   10 w2 apron:58:285 [savannah] clear of stock build's routes  (42.20 m of 8.00)
  ok   10 w2 apron:58:285 [savannah] clear of aluminium C172's routes  (42.20 m of 8.50)
  ok   10 w2 apron:58:285 [savannah] clear of the user's Cub's routes  (42.20 m of 8.35)
  ok   10 w2 apron:58:285 [ul1] inside the field
  ok   10 w2 apron:58:285 [ul1] flat  (0.13 m of 0.60)
  ok   10 w2 apron:58:285 [ul1] dry
  ok   10 w2 apron:58:285 [ul1] clear of solid things  (Infinity m of 3.00 (nothing))
  ok   10 w2 apron:58:285 [ul1] clear of stock build's routes  (42.18 m of 8.00)
  ok   10 w2 apron:58:285 [ul1] clear of aluminium C172's routes  (42.18 m of 8.50)
  ok   10 w2 apron:58:285 [ul1] clear of the user's Cub's routes  (42.18 m of 8.35)
  ok   10 w2 apron:58:285 [floatplane] inside the field
  ok   10 w2 apron:58:285 [floatplane] flat  (0.16 m of 0.60)
  ok   10 w2 apron:58:285 [floatplane] dry
  ok   10 w2 apron:58:285 [floatplane] clear of solid things  (Infinity m of 3.00 (nothing))
  ok   10 w2 apron:58:285 [floatplane] clear of stock build's routes  (41.71 m of 8.00)
  ok   10 w2 apron:58:285 [floatplane] clear of aluminium C172's routes  (41.71 m of 8.50)
  ok   10 w2 apron:58:285 [floatplane] clear of the user's Cub's routes  (41.71 m of 8.35)
  ok   10 w2 apron:58:285 [pusherPod] inside the field
  ok   10 w2 apron:58:285 [pusherPod] flat  (0.13 m of 0.60)
  ok   10 w2 apron:58:285 [pusherPod] dry
  ok   10 w2 apron:58:285 [pusherPod] clear of solid things  (Infinity m of 3.00 (nothing))
  ok   10 w2 apron:58:285 [pusherPod] clear of stock build's routes  (42.50 m of 8.00)
  ok   10 w2 apron:58:285 [pusherPod] clear of aluminium C172's routes  (42.50 m of 8.50)
  ok   10 w2 apron:58:285 [pusherPod] clear of the user's Cub's routes  (42.50 m of 8.35)
  ok   10 w2 apron:58:285 [motorglider] inside the field
  ok   10 w2 apron:58:285 [motorglider] flat  (0.13 m of 0.60)
  ok   10 w2 apron:58:285 [motorglider] dry
  ok   10 w2 apron:58:285 [motorglider] clear of solid things  (Infinity m of 3.00 (nothing))
  ok   10 w2 apron:58:285 [motorglider] clear of stock build's routes  (41.92 m of 8.00)
  ok   10 w2 apron:58:285 [motorglider] clear of aluminium C172's routes  (41.92 m of 8.50)
  ok   10 w2 apron:58:285 [motorglider] clear of the user's Cub's routes  (41.92 m of 8.35)
  ok   10 w2 apron:58:285 [radial] inside the field
  ok   10 w2 apron:58:285 [radial] flat  (0.15 m of 0.60)
  ok   10 w2 apron:58:285 [radial] dry
  ok   10 w2 apron:58:285 [radial] clear of solid things  (Infinity m of 3.00 (nothing))
  ok   10 w2 apron:58:285 [radial] clear of stock build's routes  (42.06 m of 8.00)
  ok   10 w2 apron:58:285 [radial] clear of aluminium C172's routes  (42.06 m of 8.50)
  ok   10 w2 apron:58:285 [radial] clear of the user's Cub's routes  (42.06 m of 8.35)
  ok   10 w2 apron:58:285 [etrainer] inside the field
  ok   10 w2 apron:58:285 [etrainer] flat  (0.13 m of 0.60)
  ok   10 w2 apron:58:285 [etrainer] dry
  ok   10 w2 apron:58:285 [etrainer] clear of solid things  (Infinity m of 3.00 (nothing))
  ok   10 w2 apron:58:285 [etrainer] clear of stock build's routes  (42.22 m of 8.00)
  ok   10 w2 apron:58:285 [etrainer] clear of aluminium C172's routes  (42.22 m of 8.50)
  ok   10 w2 apron:58:285 [etrainer] clear of the user's Cub's routes  (42.22 m of 8.35)
  ok   10 w2 apron:58:285 [ttail] inside the field
  ok   10 w2 apron:58:285 [ttail] flat  (0.15 m of 0.60)
  ok   10 w2 apron:58:285 [ttail] dry
  ok   10 w2 apron:58:285 [ttail] clear of solid things  (Infinity m of 3.00 (nothing))
  ok   10 w2 apron:58:285 [ttail] clear of stock build's routes  (42.06 m of 8.00)
  ok   10 w2 apron:58:285 [ttail] clear of aluminium C172's routes  (42.06 m of 8.50)
  ok   10 w2 apron:58:285 [ttail] clear of the user's Cub's routes  (42.06 m of 8.35)
  ok   10 w2 apron:58:285 [vtail] inside the field
  ok   10 w2 apron:58:285 [vtail] flat  (0.15 m of 0.60)
  ok   10 w2 apron:58:285 [vtail] dry
  ok   10 w2 apron:58:285 [vtail] clear of solid things  (Infinity m of 3.00 (nothing))
  ok   10 w2 apron:58:285 [vtail] clear of stock build's routes  (42.06 m of 8.00)
  ok   10 w2 apron:58:285 [vtail] clear of aluminium C172's routes  (42.06 m of 8.50)
  ok   10 w2 apron:58:285 [vtail] clear of the user's Cub's routes  (42.06 m of 8.35)
  ok   10 w2 apron:58:285 [mw5] inside the field
  ok   10 w2 apron:58:285 [mw5] flat  (0.13 m of 0.60)
  ok   10 w2 apron:58:285 [mw5] dry
  ok   10 w2 apron:58:285 [mw5] clear of solid things  (Infinity m of 3.00 (nothing))
  ok   10 w2 apron:58:285 [mw5] clear of stock build's routes  (42.48 m of 8.00)
  ok   10 w2 apron:58:285 [mw5] clear of aluminium C172's routes  (42.48 m of 8.50)
  ok   10 w2 apron:58:285 [mw5] clear of the user's Cub's routes  (42.48 m of 8.35)
  ok   10 w2 apron:58:285 [archaeopteryx] inside the field
  ok   10 w2 apron:58:285 [archaeopteryx] flat  (0.14 m of 0.60)
  ok   10 w2 apron:58:285 [archaeopteryx] dry
  ok   10 w2 apron:58:285 [archaeopteryx] clear of solid things  (Infinity m of 3.00 (nothing))
  ok   10 w2 apron:58:285 [archaeopteryx] clear of stock build's routes  (42.36 m of 8.00)
  ok   10 w2 apron:58:285 [archaeopteryx] clear of aluminium C172's routes  (42.36 m of 8.50)
  ok   10 w2 apron:58:285 [archaeopteryx] clear of the user's Cub's routes  (42.36 m of 8.35)
  ok   10 w2 apron:58:285 [da62] inside the field
  ok   10 w2 apron:58:285 [da62] flat  (0.15 m of 0.60)
  ok   10 w2 apron:58:285 [da62] dry
  ok   10 w2 apron:58:285 [da62] clear of solid things  (Infinity m of 3.00 (nothing))
  ok   10 w2 apron:58:285 [da62] clear of stock build's routes  (42.05 m of 8.00)
  ok   10 w2 apron:58:285 [da62] clear of aluminium C172's routes  (42.05 m of 8.50)
  ok   10 w2 apron:58:285 [da62] clear of the user's Cub's routes  (42.05 m of 8.35)
  ok   10 w2 apron:58:285 [twinBush] inside the field
  ok   10 w2 apron:58:285 [twinBush] flat  (0.17 m of 0.60)
  ok   10 w2 apron:58:285 [twinBush] dry
  ok   10 w2 apron:58:285 [twinBush] clear of solid things  (Infinity m of 3.00 (nothing))
  ok   10 w2 apron:58:285 [twinBush] clear of stock build's routes  (41.93 m of 8.00)
  ok   10 w2 apron:58:285 [twinBush] clear of aluminium C172's routes  (41.93 m of 8.50)
  ok   10 w2 apron:58:285 [twinBush] clear of the user's Cub's routes  (41.93 m of 8.35)
  ok   10 w2 apron:58:285 [skymaster] inside the field
  ok   10 w2 apron:58:285 [skymaster] flat  (0.15 m of 0.60)
  ok   10 w2 apron:58:285 [skymaster] dry
  ok   10 w2 apron:58:285 [skymaster] clear of solid things  (Infinity m of 3.00 (nothing))
  ok   10 w2 apron:58:285 [skymaster] clear of stock build's routes  (42.06 m of 8.00)
  ok   10 w2 apron:58:285 [skymaster] clear of aluminium C172's routes  (42.06 m of 8.50)
  ok   10 w2 apron:58:285 [skymaster] clear of the user's Cub's routes  (42.06 m of 8.35)
  ok   10 w2 apron:58:285 [p38] inside the field
  ok   10 w2 apron:58:285 [p38] flat  (0.14 m of 0.60)
  ok   10 w2 apron:58:285 [p38] dry
  ok   10 w2 apron:58:285 [p38] clear of solid things  (Infinity m of 3.00 (nothing))
  ok   10 w2 apron:58:285 [p38] clear of stock build's routes  (42.26 m of 8.00)
  ok   10 w2 apron:58:285 [p38] clear of aluminium C172's routes  (42.26 m of 8.50)
  ok   10 w2 apron:58:285 [p38] clear of the user's Cub's routes  (42.26 m of 8.35)
  ok   10 w2 apron:58:285 [beaver] inside the field
  ok   10 w2 apron:58:285 [beaver] flat  (0.15 m of 0.60)
  ok   10 w2 apron:58:285 [beaver] dry
  ok   10 w2 apron:58:285 [beaver] clear of solid things  (Infinity m of 3.00 (nothing))
  ok   10 w2 apron:58:285 [beaver] clear of stock build's routes  (41.71 m of 8.00)
  ok   10 w2 apron:58:285 [beaver] clear of aluminium C172's routes  (41.71 m of 8.50)
  ok   10 w2 apron:58:285 [beaver] clear of the user's Cub's routes  (41.71 m of 8.35)
  ok   10 w2 apron:58:285 [default] inside the field
  ok   10 w2 apron:58:285 [default] flat  (0.18 m of 0.60)
  ok   10 w2 apron:58:285 [default] dry
  ok   10 w2 apron:58:285 [default] clear of solid things  (Infinity m of 3.00 (nothing))
  ok   10 w2 apron:58:285 [default] clear of stock build's routes  (41.30 m of 8.00)
  ok   10 w2 apron:58:285 [default] clear of aluminium C172's routes  (41.30 m of 8.50)
  ok   10 w2 apron:58:285 [default] clear of the user's Cub's routes  (41.30 m of 8.35)
  ok   10 w2 apron:70:60 [cub] inside the field
  ok   10 w2 apron:70:60 [cub] flat  (0.25 m of 0.60)
  ok   10 w2 apron:70:60 [cub] dry
  ok   10 w2 apron:70:60 [cub] clear of solid things  (Infinity m of 3.00 (nothing))
  ok   10 w2 apron:70:60 [cub] clear of stock build's routes  (56.80 m of 8.00)
  ok   10 w2 apron:70:60 [cub] clear of aluminium C172's routes  (56.80 m of 8.50)
  ok   10 w2 apron:70:60 [cub] clear of the user's Cub's routes  (56.80 m of 8.35)
  ok   10 w2 apron:70:60 [pietenpol] inside the field
  ok   10 w2 apron:70:60 [pietenpol] flat  (0.21 m of 0.60)
  ok   10 w2 apron:70:60 [pietenpol] dry
  ok   10 w2 apron:70:60 [pietenpol] clear of solid things  (Infinity m of 3.00 (nothing))
  ok   10 w2 apron:70:60 [pietenpol] clear of stock build's routes  (57.64 m of 8.00)
  ok   10 w2 apron:70:60 [pietenpol] clear of aluminium C172's routes  (57.64 m of 8.50)
  ok   10 w2 apron:70:60 [pietenpol] clear of the user's Cub's routes  (57.64 m of 8.35)
  ok   10 w2 apron:70:60 [tigermoth] inside the field
  ok   10 w2 apron:70:60 [tigermoth] flat  (0.21 m of 0.60)
  ok   10 w2 apron:70:60 [tigermoth] dry
  ok   10 w2 apron:70:60 [tigermoth] clear of solid things  (Infinity m of 3.00 (nothing))
  ok   10 w2 apron:70:60 [tigermoth] clear of stock build's routes  (57.59 m of 8.00)
  ok   10 w2 apron:70:60 [tigermoth] clear of aluminium C172's routes  (57.59 m of 8.50)
  ok   10 w2 apron:70:60 [tigermoth] clear of the user's Cub's routes  (57.59 m of 8.35)
  ok   10 w2 apron:70:60 [stearman] inside the field
  ok   10 w2 apron:70:60 [stearman] flat  (0.22 m of 0.60)
  ok   10 w2 apron:70:60 [stearman] dry
  ok   10 w2 apron:70:60 [stearman] clear of solid things  (Infinity m of 3.00 (nothing))
  ok   10 w2 apron:70:60 [stearman] clear of stock build's routes  (57.31 m of 8.00)
  ok   10 w2 apron:70:60 [stearman] clear of aluminium C172's routes  (57.31 m of 8.50)
  ok   10 w2 apron:70:60 [stearman] clear of the user's Cub's routes  (57.31 m of 8.35)
  ok   10 w2 apron:70:60 [pittsAlike] inside the field
  ok   10 w2 apron:70:60 [pittsAlike] flat  (0.17 m of 0.60)
  ok   10 w2 apron:70:60 [pittsAlike] dry
  ok   10 w2 apron:70:60 [pittsAlike] clear of solid things  (Infinity m of 3.00 (nothing))
  ok   10 w2 apron:70:60 [pittsAlike] clear of stock build's routes  (58.19 m of 8.00)
  ok   10 w2 apron:70:60 [pittsAlike] clear of aluminium C172's routes  (58.19 m of 8.50)
  ok   10 w2 apron:70:60 [pittsAlike] clear of the user's Cub's routes  (58.19 m of 8.35)
  ok   10 w2 apron:70:60 [sesqui] inside the field
  ok   10 w2 apron:70:60 [sesqui] flat  (0.22 m of 0.60)
  ok   10 w2 apron:70:60 [sesqui] dry
  ok   10 w2 apron:70:60 [sesqui] clear of solid things  (Infinity m of 3.00 (nothing))
  ok   10 w2 apron:70:60 [sesqui] clear of stock build's routes  (57.34 m of 8.00)
  ok   10 w2 apron:70:60 [sesqui] clear of aluminium C172's routes  (57.34 m of 8.50)
  ok   10 w2 apron:70:60 [sesqui] clear of the user's Cub's routes  (57.34 m of 8.35)
  ok   10 w2 apron:70:60 [jodel] inside the field
  ok   10 w2 apron:70:60 [jodel] flat  (0.22 m of 0.60)
  ok   10 w2 apron:70:60 [jodel] dry
  ok   10 w2 apron:70:60 [jodel] clear of solid things  (Infinity m of 3.00 (nothing))
  ok   10 w2 apron:70:60 [jodel] clear of stock build's routes  (57.31 m of 8.00)
  ok   10 w2 apron:70:60 [jodel] clear of aluminium C172's routes  (57.31 m of 8.50)
  ok   10 w2 apron:70:60 [jodel] clear of the user's Cub's routes  (57.31 m of 8.35)
  ok   10 w2 apron:70:60 [c172] inside the field
  ok   10 w2 apron:70:60 [c172] flat  (0.27 m of 0.60)
  ok   10 w2 apron:70:60 [c172] dry
  ok   10 w2 apron:70:60 [c172] clear of solid things  (Infinity m of 3.00 (nothing))
  ok   10 w2 apron:70:60 [c172] clear of stock build's routes  (56.57 m of 8.00)
  ok   10 w2 apron:70:60 [c172] clear of aluminium C172's routes  (56.57 m of 8.50)
  ok   10 w2 apron:70:60 [c172] clear of the user's Cub's routes  (56.57 m of 8.35)
  ok   10 w2 apron:70:60 [chinook] inside the field
  ok   10 w2 apron:70:60 [chinook] flat  (0.18 m of 0.60)
  ok   10 w2 apron:70:60 [chinook] dry
  ok   10 w2 apron:70:60 [chinook] clear of solid things  (Infinity m of 3.00 (nothing))
  ok   10 w2 apron:70:60 [chinook] clear of stock build's routes  (57.82 m of 8.00)
  ok   10 w2 apron:70:60 [chinook] clear of aluminium C172's routes  (57.82 m of 8.50)
  ok   10 w2 apron:70:60 [chinook] clear of the user's Cub's routes  (57.82 m of 8.35)
  ok   10 w2 apron:70:60 [caravan] inside the field
  ok   10 w2 apron:70:60 [caravan] flat  (0.34 m of 0.60)
  ok   10 w2 apron:70:60 [caravan] dry
  ok   10 w2 apron:70:60 [caravan] clear of solid things  (Infinity m of 3.00 (nothing))
  ok   10 w2 apron:70:60 [caravan] clear of stock build's routes  (55.30 m of 8.00)
  ok   10 w2 apron:70:60 [caravan] clear of aluminium C172's routes  (55.30 m of 8.50)
  ok   10 w2 apron:70:60 [caravan] clear of the user's Cub's routes  (55.30 m of 8.35)
  ok   10 w2 apron:70:60 [rv] inside the field
  ok   10 w2 apron:70:60 [rv] flat  (0.22 m of 0.60)
  ok   10 w2 apron:70:60 [rv] dry
  ok   10 w2 apron:70:60 [rv] clear of solid things  (Infinity m of 3.00 (nothing))
  ok   10 w2 apron:70:60 [rv] clear of stock build's routes  (57.39 m of 8.00)
  ok   10 w2 apron:70:60 [rv] clear of aluminium C172's routes  (57.39 m of 8.50)
  ok   10 w2 apron:70:60 [rv] clear of the user's Cub's routes  (57.39 m of 8.35)
  ok   10 w2 apron:70:60 [savannah] inside the field
  ok   10 w2 apron:70:60 [savannah] flat  (0.21 m of 0.60)
  ok   10 w2 apron:70:60 [savannah] dry
  ok   10 w2 apron:70:60 [savannah] clear of solid things  (Infinity m of 3.00 (nothing))
  ok   10 w2 apron:70:60 [savannah] clear of stock build's routes  (57.54 m of 8.00)
  ok   10 w2 apron:70:60 [savannah] clear of aluminium C172's routes  (57.54 m of 8.50)
  ok   10 w2 apron:70:60 [savannah] clear of the user's Cub's routes  (57.54 m of 8.35)
  ok   10 w2 apron:70:60 [ul1] inside the field
  ok   10 w2 apron:70:60 [ul1] flat  (0.21 m of 0.60)
  ok   10 w2 apron:70:60 [ul1] dry
  ok   10 w2 apron:70:60 [ul1] clear of solid things  (Infinity m of 3.00 (nothing))
  ok   10 w2 apron:70:60 [ul1] clear of stock build's routes  (57.49 m of 8.00)
  ok   10 w2 apron:70:60 [ul1] clear of aluminium C172's routes  (57.49 m of 8.50)
  ok   10 w2 apron:70:60 [ul1] clear of the user's Cub's routes  (57.49 m of 8.35)
  ok   10 w2 apron:70:60 [floatplane] inside the field
  ok   10 w2 apron:70:60 [floatplane] flat  (0.25 m of 0.60)
  ok   10 w2 apron:70:60 [floatplane] dry
  ok   10 w2 apron:70:60 [floatplane] clear of solid things  (Infinity m of 3.00 (nothing))
  ok   10 w2 apron:70:60 [floatplane] clear of stock build's routes  (56.63 m of 8.00)
  ok   10 w2 apron:70:60 [floatplane] clear of aluminium C172's routes  (56.63 m of 8.50)
  ok   10 w2 apron:70:60 [floatplane] clear of the user's Cub's routes  (56.63 m of 8.35)
  ok   10 w2 apron:70:60 [pusherPod] inside the field
  ok   10 w2 apron:70:60 [pusherPod] flat  (0.20 m of 0.60)
  ok   10 w2 apron:70:60 [pusherPod] dry
  ok   10 w2 apron:70:60 [pusherPod] clear of solid things  (Infinity m of 3.00 (nothing))
  ok   10 w2 apron:70:60 [pusherPod] clear of stock build's routes  (57.80 m of 8.00)
  ok   10 w2 apron:70:60 [pusherPod] clear of aluminium C172's routes  (57.80 m of 8.50)
  ok   10 w2 apron:70:60 [pusherPod] clear of the user's Cub's routes  (57.80 m of 8.35)
  ok   10 w2 apron:70:60 [motorglider] inside the field
  ok   10 w2 apron:70:60 [motorglider] flat  (0.23 m of 0.60)
  ok   10 w2 apron:70:60 [motorglider] dry
  ok   10 w2 apron:70:60 [motorglider] clear of solid things  (Infinity m of 3.00 (nothing))
  ok   10 w2 apron:70:60 [motorglider] clear of stock build's routes  (56.59 m of 8.00)
  ok   10 w2 apron:70:60 [motorglider] clear of aluminium C172's routes  (56.59 m of 8.50)
  ok   10 w2 apron:70:60 [motorglider] clear of the user's Cub's routes  (56.59 m of 8.35)
  ok   10 w2 apron:70:60 [radial] inside the field
  ok   10 w2 apron:70:60 [radial] flat  (0.23 m of 0.60)
  ok   10 w2 apron:70:60 [radial] dry
  ok   10 w2 apron:70:60 [radial] clear of solid things  (Infinity m of 3.00 (nothing))
  ok   10 w2 apron:70:60 [radial] clear of stock build's routes  (57.09 m of 8.00)
  ok   10 w2 apron:70:60 [radial] clear of aluminium C172's routes  (57.09 m of 8.50)
  ok   10 w2 apron:70:60 [radial] clear of the user's Cub's routes  (57.09 m of 8.35)
  ok   10 w2 apron:70:60 [etrainer] inside the field
  ok   10 w2 apron:70:60 [etrainer] flat  (0.21 m of 0.60)
  ok   10 w2 apron:70:60 [etrainer] dry
  ok   10 w2 apron:70:60 [etrainer] clear of solid things  (Infinity m of 3.00 (nothing))
  ok   10 w2 apron:70:60 [etrainer] clear of stock build's routes  (57.59 m of 8.00)
  ok   10 w2 apron:70:60 [etrainer] clear of aluminium C172's routes  (57.59 m of 8.50)
  ok   10 w2 apron:70:60 [etrainer] clear of the user's Cub's routes  (57.59 m of 8.35)
  ok   10 w2 apron:70:60 [ttail] inside the field
  ok   10 w2 apron:70:60 [ttail] flat  (0.23 m of 0.60)
  ok   10 w2 apron:70:60 [ttail] dry
  ok   10 w2 apron:70:60 [ttail] clear of solid things  (Infinity m of 3.00 (nothing))
  ok   10 w2 apron:70:60 [ttail] clear of stock build's routes  (57.09 m of 8.00)
  ok   10 w2 apron:70:60 [ttail] clear of aluminium C172's routes  (57.09 m of 8.50)
  ok   10 w2 apron:70:60 [ttail] clear of the user's Cub's routes  (57.09 m of 8.35)
  ok   10 w2 apron:70:60 [vtail] inside the field
  ok   10 w2 apron:70:60 [vtail] flat  (0.23 m of 0.60)
  ok   10 w2 apron:70:60 [vtail] dry
  ok   10 w2 apron:70:60 [vtail] clear of solid things  (Infinity m of 3.00 (nothing))
  ok   10 w2 apron:70:60 [vtail] clear of stock build's routes  (57.09 m of 8.00)
  ok   10 w2 apron:70:60 [vtail] clear of aluminium C172's routes  (57.09 m of 8.50)
  ok   10 w2 apron:70:60 [vtail] clear of the user's Cub's routes  (57.09 m of 8.35)
  ok   10 w2 apron:70:60 [mw5] inside the field
  ok   10 w2 apron:70:60 [mw5] flat  (0.20 m of 0.60)
  ok   10 w2 apron:70:60 [mw5] dry
  ok   10 w2 apron:70:60 [mw5] clear of solid things  (Infinity m of 3.00 (nothing))
  ok   10 w2 apron:70:60 [mw5] clear of stock build's routes  (57.75 m of 8.00)
  ok   10 w2 apron:70:60 [mw5] clear of aluminium C172's routes  (57.75 m of 8.50)
  ok   10 w2 apron:70:60 [mw5] clear of the user's Cub's routes  (57.75 m of 8.35)
  ok   10 w2 apron:70:60 [archaeopteryx] inside the field
  ok   10 w2 apron:70:60 [archaeopteryx] flat  (0.20 m of 0.60)
  ok   10 w2 apron:70:60 [archaeopteryx] dry
  ok   10 w2 apron:70:60 [archaeopteryx] clear of solid things  (Infinity m of 3.00 (nothing))
  ok   10 w2 apron:70:60 [archaeopteryx] clear of stock build's routes  (57.35 m of 8.00)
  ok   10 w2 apron:70:60 [archaeopteryx] clear of aluminium C172's routes  (57.35 m of 8.50)
  ok   10 w2 apron:70:60 [archaeopteryx] clear of the user's Cub's routes  (57.35 m of 8.35)
  ok   10 w2 apron:70:60 [da62] inside the field
  ok   10 w2 apron:70:60 [da62] flat  (0.24 m of 0.60)
  ok   10 w2 apron:70:60 [da62] dry
  ok   10 w2 apron:70:60 [da62] clear of solid things  (Infinity m of 3.00 (nothing))
  ok   10 w2 apron:70:60 [da62] clear of stock build's routes  (56.51 m of 8.00)
  ok   10 w2 apron:70:60 [da62] clear of aluminium C172's routes  (56.51 m of 8.50)
  ok   10 w2 apron:70:60 [da62] clear of the user's Cub's routes  (56.51 m of 8.35)
  ok   10 w2 apron:70:60 [twinBush] inside the field
  ok   10 w2 apron:70:60 [twinBush] flat  (0.27 m of 0.60)
  ok   10 w2 apron:70:60 [twinBush] dry
  ok   10 w2 apron:70:60 [twinBush] clear of solid things  (Infinity m of 3.00 (nothing))
  ok   10 w2 apron:70:60 [twinBush] clear of stock build's routes  (56.02 m of 8.00)
  ok   10 w2 apron:70:60 [twinBush] clear of aluminium C172's routes  (56.02 m of 8.50)
  ok   10 w2 apron:70:60 [twinBush] clear of the user's Cub's routes  (56.02 m of 8.35)
  ok   10 w2 apron:70:60 [skymaster] inside the field
  ok   10 w2 apron:70:60 [skymaster] flat  (0.23 m of 0.60)
  ok   10 w2 apron:70:60 [skymaster] dry
  ok   10 w2 apron:70:60 [skymaster] clear of solid things  (Infinity m of 3.00 (nothing))
  ok   10 w2 apron:70:60 [skymaster] clear of stock build's routes  (57.09 m of 8.00)
  ok   10 w2 apron:70:60 [skymaster] clear of aluminium C172's routes  (57.09 m of 8.50)
  ok   10 w2 apron:70:60 [skymaster] clear of the user's Cub's routes  (57.09 m of 8.35)
  ok   10 w2 apron:70:60 [p38] inside the field
  ok   10 w2 apron:70:60 [p38] flat  (0.21 m of 0.60)
  ok   10 w2 apron:70:60 [p38] dry
  ok   10 w2 apron:70:60 [p38] clear of solid things  (Infinity m of 3.00 (nothing))
  ok   10 w2 apron:70:60 [p38] clear of stock build's routes  (57.27 m of 8.00)
  ok   10 w2 apron:70:60 [p38] clear of aluminium C172's routes  (57.27 m of 8.50)
  ok   10 w2 apron:70:60 [p38] clear of the user's Cub's routes  (57.27 m of 8.35)
  ok   10 w2 apron:70:60 [beaver] inside the field
  ok   10 w2 apron:70:60 [beaver] flat  (0.26 m of 0.60)
  ok   10 w2 apron:70:60 [beaver] dry
  ok   10 w2 apron:70:60 [beaver] clear of solid things  (Infinity m of 3.00 (nothing))
  ok   10 w2 apron:70:60 [beaver] clear of stock build's routes  (56.10 m of 8.00)
  ok   10 w2 apron:70:60 [beaver] clear of aluminium C172's routes  (56.10 m of 8.50)
  ok   10 w2 apron:70:60 [beaver] clear of the user's Cub's routes  (56.10 m of 8.35)
  ok   10 w2 apron:70:60 [default] inside the field
  ok   10 w2 apron:70:60 [default] flat  (0.29 m of 0.60)
  ok   10 w2 apron:70:60 [default] dry
  ok   10 w2 apron:70:60 [default] clear of solid things  (Infinity m of 3.00 (nothing))
  ok   10 w2 apron:70:60 [default] clear of stock build's routes  (56.24 m of 8.00)
  ok   10 w2 apron:70:60 [default] clear of aluminium C172's routes  (56.24 m of 8.50)
  ok   10 w2 apron:70:60 [default] clear of the user's Cub's routes  (56.24 m of 8.35)
  ok   10 w2 apron:70:75 [cub] inside the field
  ok   10 w2 apron:70:75 [cub] flat  (0.29 m of 0.60)
  ok   10 w2 apron:70:75 [cub] dry
  ok   10 w2 apron:70:75 [cub] clear of solid things  (Infinity m of 3.00 (nothing))
  ok   10 w2 apron:70:75 [cub] clear of stock build's routes  (64.96 m of 8.00)
  ok   10 w2 apron:70:75 [cub] clear of aluminium C172's routes  (64.96 m of 8.50)
  ok   10 w2 apron:70:75 [cub] clear of the user's Cub's routes  (64.96 m of 8.35)
  ok   10 w2 apron:70:75 [pietenpol] inside the field
  ok   10 w2 apron:70:75 [pietenpol] flat  (0.26 m of 0.60)
  ok   10 w2 apron:70:75 [pietenpol] dry
  ok   10 w2 apron:70:75 [pietenpol] clear of solid things  (Infinity m of 3.00 (nothing))
  ok   10 w2 apron:70:75 [pietenpol] clear of stock build's routes  (65.61 m of 8.00)
  ok   10 w2 apron:70:75 [pietenpol] clear of aluminium C172's routes  (65.61 m of 8.50)
  ok   10 w2 apron:70:75 [pietenpol] clear of the user's Cub's routes  (65.61 m of 8.35)
  ok   10 w2 apron:70:75 [tigermoth] inside the field
  ok   10 w2 apron:70:75 [tigermoth] flat  (0.26 m of 0.60)
  ok   10 w2 apron:70:75 [tigermoth] dry
  ok   10 w2 apron:70:75 [tigermoth] clear of solid things  (Infinity m of 3.00 (nothing))
  ok   10 w2 apron:70:75 [tigermoth] clear of stock build's routes  (65.58 m of 8.00)
  ok   10 w2 apron:70:75 [tigermoth] clear of aluminium C172's routes  (65.58 m of 8.50)
  ok   10 w2 apron:70:75 [tigermoth] clear of the user's Cub's routes  (65.58 m of 8.35)
  ok   10 w2 apron:70:75 [stearman] inside the field
  ok   10 w2 apron:70:75 [stearman] flat  (0.27 m of 0.60)
  ok   10 w2 apron:70:75 [stearman] dry
  ok   10 w2 apron:70:75 [stearman] clear of solid things  (Infinity m of 3.00 (nothing))
  ok   10 w2 apron:70:75 [stearman] clear of stock build's routes  (65.38 m of 8.00)
  ok   10 w2 apron:70:75 [stearman] clear of aluminium C172's routes  (65.38 m of 8.50)
  ok   10 w2 apron:70:75 [stearman] clear of the user's Cub's routes  (65.38 m of 8.35)
  ok   10 w2 apron:70:75 [pittsAlike] inside the field
  ok   10 w2 apron:70:75 [pittsAlike] flat  (0.21 m of 0.60)
  ok   10 w2 apron:70:75 [pittsAlike] dry
  ok   10 w2 apron:70:75 [pittsAlike] clear of solid things  (Infinity m of 3.00 (nothing))
  ok   10 w2 apron:70:75 [pittsAlike] clear of stock build's routes  (65.92 m of 8.00)
  ok   10 w2 apron:70:75 [pittsAlike] clear of aluminium C172's routes  (65.92 m of 8.50)
  ok   10 w2 apron:70:75 [pittsAlike] clear of the user's Cub's routes  (65.92 m of 8.35)
  ok   10 w2 apron:70:75 [sesqui] inside the field
  ok   10 w2 apron:70:75 [sesqui] flat  (0.27 m of 0.60)
  ok   10 w2 apron:70:75 [sesqui] dry
  ok   10 w2 apron:70:75 [sesqui] clear of solid things  (Infinity m of 3.00 (nothing))
  ok   10 w2 apron:70:75 [sesqui] clear of stock build's routes  (65.45 m of 8.00)
  ok   10 w2 apron:70:75 [sesqui] clear of aluminium C172's routes  (65.45 m of 8.50)
  ok   10 w2 apron:70:75 [sesqui] clear of the user's Cub's routes  (65.45 m of 8.35)
  ok   10 w2 apron:70:75 [jodel] inside the field
  ok   10 w2 apron:70:75 [jodel] flat  (0.25 m of 0.60)
  ok   10 w2 apron:70:75 [jodel] dry
  ok   10 w2 apron:70:75 [jodel] clear of solid things  (Infinity m of 3.00 (nothing))
  ok   10 w2 apron:70:75 [jodel] clear of stock build's routes  (65.19 m of 8.00)
  ok   10 w2 apron:70:75 [jodel] clear of aluminium C172's routes  (65.19 m of 8.50)
  ok   10 w2 apron:70:75 [jodel] clear of the user's Cub's routes  (65.19 m of 8.35)
  ok   10 w2 apron:70:75 [c172] inside the field
  ok   10 w2 apron:70:75 [c172] flat  (0.31 m of 0.60)
  ok   10 w2 apron:70:75 [c172] dry
  ok   10 w2 apron:70:75 [c172] clear of solid things  (Infinity m of 3.00 (nothing))
  ok   10 w2 apron:70:75 [c172] clear of stock build's routes  (64.74 m of 8.00)
  ok   10 w2 apron:70:75 [c172] clear of aluminium C172's routes  (64.74 m of 8.50)
  ok   10 w2 apron:70:75 [c172] clear of the user's Cub's routes  (64.74 m of 8.35)
  ok   10 w2 apron:70:75 [chinook] inside the field
  ok   10 w2 apron:70:75 [chinook] flat  (0.25 m of 0.60)
  ok   10 w2 apron:70:75 [chinook] dry
  ok   10 w2 apron:70:75 [chinook] clear of solid things  (Infinity m of 3.00 (nothing))
  ok   10 w2 apron:70:75 [chinook] clear of stock build's routes  (65.96 m of 8.00)
  ok   10 w2 apron:70:75 [chinook] clear of aluminium C172's routes  (65.96 m of 8.50)
  ok   10 w2 apron:70:75 [chinook] clear of the user's Cub's routes  (65.96 m of 8.35)
  ok   10 w2 apron:70:75 [caravan] inside the field
  ok   10 w2 apron:70:75 [caravan] flat  (0.38 m of 0.60)
  ok   10 w2 apron:70:75 [caravan] dry
  ok   10 w2 apron:70:75 [caravan] clear of solid things  (Infinity m of 3.00 (nothing))
  ok   10 w2 apron:70:75 [caravan] clear of stock build's routes  (63.77 m of 8.00)
  ok   10 w2 apron:70:75 [caravan] clear of aluminium C172's routes  (63.77 m of 8.50)
  ok   10 w2 apron:70:75 [caravan] clear of the user's Cub's routes  (63.77 m of 8.35)
  ok   10 w2 apron:70:75 [rv] inside the field
  ok   10 w2 apron:70:75 [rv] flat  (0.27 m of 0.60)
  ok   10 w2 apron:70:75 [rv] dry
  ok   10 w2 apron:70:75 [rv] clear of solid things  (Infinity m of 3.00 (nothing))
  ok   10 w2 apron:70:75 [rv] clear of stock build's routes  (65.48 m of 8.00)
  ok   10 w2 apron:70:75 [rv] clear of aluminium C172's routes  (65.48 m of 8.50)
  ok   10 w2 apron:70:75 [rv] clear of the user's Cub's routes  (65.48 m of 8.35)
  ok   10 w2 apron:70:75 [savannah] inside the field
  ok   10 w2 apron:70:75 [savannah] flat  (0.26 m of 0.60)
  ok   10 w2 apron:70:75 [savannah] dry
  ok   10 w2 apron:70:75 [savannah] clear of solid things  (Infinity m of 3.00 (nothing))
  ok   10 w2 apron:70:75 [savannah] clear of stock build's routes  (65.56 m of 8.00)
  ok   10 w2 apron:70:75 [savannah] clear of aluminium C172's routes  (65.56 m of 8.50)
  ok   10 w2 apron:70:75 [savannah] clear of the user's Cub's routes  (65.56 m of 8.35)
  ok   10 w2 apron:70:75 [ul1] inside the field
  ok   10 w2 apron:70:75 [ul1] flat  (0.26 m of 0.60)
  ok   10 w2 apron:70:75 [ul1] dry
  ok   10 w2 apron:70:75 [ul1] clear of solid things  (Infinity m of 3.00 (nothing))
  ok   10 w2 apron:70:75 [ul1] clear of stock build's routes  (65.53 m of 8.00)
  ok   10 w2 apron:70:75 [ul1] clear of aluminium C172's routes  (65.53 m of 8.50)
  ok   10 w2 apron:70:75 [ul1] clear of the user's Cub's routes  (65.53 m of 8.35)
  ok   10 w2 apron:70:75 [floatplane] inside the field
  ok   10 w2 apron:70:75 [floatplane] flat  (0.31 m of 0.60)
  ok   10 w2 apron:70:75 [floatplane] dry
  ok   10 w2 apron:70:75 [floatplane] clear of solid things  (Infinity m of 3.00 (nothing))
  ok   10 w2 apron:70:75 [floatplane] clear of stock build's routes  (64.93 m of 8.00)
  ok   10 w2 apron:70:75 [floatplane] clear of aluminium C172's routes  (64.93 m of 8.50)
  ok   10 w2 apron:70:75 [floatplane] clear of the user's Cub's routes  (64.93 m of 8.35)
  ok   10 w2 apron:70:75 [pusherPod] inside the field
  ok   10 w2 apron:70:75 [pusherPod] flat  (0.25 m of 0.60)
  ok   10 w2 apron:70:75 [pusherPod] dry
  ok   10 w2 apron:70:75 [pusherPod] clear of solid things  (Infinity m of 3.00 (nothing))
  ok   10 w2 apron:70:75 [pusherPod] clear of stock build's routes  (65.85 m of 8.00)
  ok   10 w2 apron:70:75 [pusherPod] clear of aluminium C172's routes  (65.85 m of 8.50)
  ok   10 w2 apron:70:75 [pusherPod] clear of the user's Cub's routes  (65.85 m of 8.35)
  ok   10 w2 apron:70:75 [motorglider] inside the field
  ok   10 w2 apron:70:75 [motorglider] flat  (0.30 m of 0.60)
  ok   10 w2 apron:70:75 [motorglider] dry
  ok   10 w2 apron:70:75 [motorglider] clear of solid things  (Infinity m of 3.00 (nothing))
  ok   10 w2 apron:70:75 [motorglider] clear of stock build's routes  (65.06 m of 8.00)
  ok   10 w2 apron:70:75 [motorglider] clear of aluminium C172's routes  (65.06 m of 8.50)
  ok   10 w2 apron:70:75 [motorglider] clear of the user's Cub's routes  (65.06 m of 8.35)
  ok   10 w2 apron:70:75 [radial] inside the field
  ok   10 w2 apron:70:75 [radial] flat  (0.29 m of 0.60)
  ok   10 w2 apron:70:75 [radial] dry
  ok   10 w2 apron:70:75 [radial] clear of solid things  (Infinity m of 3.00 (nothing))
  ok   10 w2 apron:70:75 [radial] clear of stock build's routes  (65.32 m of 8.00)
  ok   10 w2 apron:70:75 [radial] clear of aluminium C172's routes  (65.32 m of 8.50)
  ok   10 w2 apron:70:75 [radial] clear of the user's Cub's routes  (65.32 m of 8.35)
  ok   10 w2 apron:70:75 [etrainer] inside the field
  ok   10 w2 apron:70:75 [etrainer] flat  (0.26 m of 0.60)
  ok   10 w2 apron:70:75 [etrainer] dry
  ok   10 w2 apron:70:75 [etrainer] clear of solid things  (Infinity m of 3.00 (nothing))
  ok   10 w2 apron:70:75 [etrainer] clear of stock build's routes  (65.58 m of 8.00)
  ok   10 w2 apron:70:75 [etrainer] clear of aluminium C172's routes  (65.58 m of 8.50)
  ok   10 w2 apron:70:75 [etrainer] clear of the user's Cub's routes  (65.58 m of 8.35)
  ok   10 w2 apron:70:75 [ttail] inside the field
  ok   10 w2 apron:70:75 [ttail] flat  (0.29 m of 0.60)
  ok   10 w2 apron:70:75 [ttail] dry
  ok   10 w2 apron:70:75 [ttail] clear of solid things  (Infinity m of 3.00 (nothing))
  ok   10 w2 apron:70:75 [ttail] clear of stock build's routes  (65.32 m of 8.00)
  ok   10 w2 apron:70:75 [ttail] clear of aluminium C172's routes  (65.32 m of 8.50)
  ok   10 w2 apron:70:75 [ttail] clear of the user's Cub's routes  (65.32 m of 8.35)
  ok   10 w2 apron:70:75 [vtail] inside the field
  ok   10 w2 apron:70:75 [vtail] flat  (0.29 m of 0.60)
  ok   10 w2 apron:70:75 [vtail] dry
  ok   10 w2 apron:70:75 [vtail] clear of solid things  (Infinity m of 3.00 (nothing))
  ok   10 w2 apron:70:75 [vtail] clear of stock build's routes  (65.32 m of 8.00)
  ok   10 w2 apron:70:75 [vtail] clear of aluminium C172's routes  (65.32 m of 8.50)
  ok   10 w2 apron:70:75 [vtail] clear of the user's Cub's routes  (65.32 m of 8.35)
  ok   10 w2 apron:70:75 [mw5] inside the field
  ok   10 w2 apron:70:75 [mw5] flat  (0.25 m of 0.60)
  ok   10 w2 apron:70:75 [mw5] dry
  ok   10 w2 apron:70:75 [mw5] clear of solid things  (Infinity m of 3.00 (nothing))
  ok   10 w2 apron:70:75 [mw5] clear of stock build's routes  (65.82 m of 8.00)
  ok   10 w2 apron:70:75 [mw5] clear of aluminium C172's routes  (65.82 m of 8.50)
  ok   10 w2 apron:70:75 [mw5] clear of the user's Cub's routes  (65.82 m of 8.35)
  ok   10 w2 apron:70:75 [archaeopteryx] inside the field
  ok   10 w2 apron:70:75 [archaeopteryx] flat  (0.28 m of 0.60)
  ok   10 w2 apron:70:75 [archaeopteryx] dry
  ok   10 w2 apron:70:75 [archaeopteryx] clear of solid things  (Infinity m of 3.00 (nothing))
  ok   10 w2 apron:70:75 [archaeopteryx] clear of stock build's routes  (65.61 m of 8.00)
  ok   10 w2 apron:70:75 [archaeopteryx] clear of aluminium C172's routes  (65.61 m of 8.50)
  ok   10 w2 apron:70:75 [archaeopteryx] clear of the user's Cub's routes  (65.61 m of 8.35)
  ok   10 w2 apron:70:75 [da62] inside the field
  ok   10 w2 apron:70:75 [da62] flat  (0.33 m of 0.60)
  ok   10 w2 apron:70:75 [da62] dry
  ok   10 w2 apron:70:75 [da62] clear of solid things  (Infinity m of 3.00 (nothing))
  ok   10 w2 apron:70:75 [da62] clear of stock build's routes  (65.13 m of 8.00)
  ok   10 w2 apron:70:75 [da62] clear of aluminium C172's routes  (65.13 m of 8.50)
  ok   10 w2 apron:70:75 [da62] clear of the user's Cub's routes  (65.13 m of 8.35)
  ok   10 w2 apron:70:75 [twinBush] inside the field
  ok   10 w2 apron:70:75 [twinBush] flat  (0.37 m of 0.60)
  ok   10 w2 apron:70:75 [twinBush] dry
  ok   10 w2 apron:70:75 [twinBush] clear of solid things  (Infinity m of 3.00 (nothing))
  ok   10 w2 apron:70:75 [twinBush] clear of stock build's routes  (64.87 m of 8.00)
  ok   10 w2 apron:70:75 [twinBush] clear of aluminium C172's routes  (64.87 m of 8.50)
  ok   10 w2 apron:70:75 [twinBush] clear of the user's Cub's routes  (64.87 m of 8.35)
  ok   10 w2 apron:70:75 [skymaster] inside the field
  ok   10 w2 apron:70:75 [skymaster] flat  (0.29 m of 0.60)
  ok   10 w2 apron:70:75 [skymaster] dry
  ok   10 w2 apron:70:75 [skymaster] clear of solid things  (Infinity m of 3.00 (nothing))
  ok   10 w2 apron:70:75 [skymaster] clear of stock build's routes  (65.32 m of 8.00)
  ok   10 w2 apron:70:75 [skymaster] clear of aluminium C172's routes  (65.32 m of 8.50)
  ok   10 w2 apron:70:75 [skymaster] clear of the user's Cub's routes  (65.32 m of 8.35)
  ok   10 w2 apron:70:75 [p38] inside the field
  ok   10 w2 apron:70:75 [p38] flat  (0.28 m of 0.60)
  ok   10 w2 apron:70:75 [p38] dry
  ok   10 w2 apron:70:75 [p38] clear of solid things  (Infinity m of 3.00 (nothing))
  ok   10 w2 apron:70:75 [p38] clear of stock build's routes  (65.52 m of 8.00)
  ok   10 w2 apron:70:75 [p38] clear of aluminium C172's routes  (65.52 m of 8.50)
  ok   10 w2 apron:70:75 [p38] clear of the user's Cub's routes  (65.52 m of 8.35)
  ok   10 w2 apron:70:75 [beaver] inside the field
  ok   10 w2 apron:70:75 [beaver] flat  (0.34 m of 0.60)
  ok   10 w2 apron:70:75 [beaver] dry
  ok   10 w2 apron:70:75 [beaver] clear of solid things  (Infinity m of 3.00 (nothing))
  ok   10 w2 apron:70:75 [beaver] clear of stock build's routes  (64.76 m of 8.00)
  ok   10 w2 apron:70:75 [beaver] clear of aluminium C172's routes  (64.76 m of 8.50)
  ok   10 w2 apron:70:75 [beaver] clear of the user's Cub's routes  (64.76 m of 8.35)
  ok   10 w2 apron:70:75 [default] inside the field
  ok   10 w2 apron:70:75 [default] flat  (0.34 m of 0.60)
  ok   10 w2 apron:70:75 [default] dry
  ok   10 w2 apron:70:75 [default] clear of solid things  (Infinity m of 3.00 (nothing))
  ok   10 w2 apron:70:75 [default] clear of stock build's routes  (64.52 m of 8.00)
  ok   10 w2 apron:70:75 [default] clear of aluminium C172's routes  (64.52 m of 8.50)
  ok   10 w2 apron:70:75 [default] clear of the user's Cub's routes  (64.52 m of 8.35)
  ok   10 w2 apron:70:90 [cub] inside the field
  ok   10 w2 apron:70:90 [cub] flat  (0.23 m of 0.60)
  ok   10 w2 apron:70:90 [cub] dry
  ok   10 w2 apron:70:90 [cub] clear of solid things  (Infinity m of 3.00 (nothing))
  ok   10 w2 apron:70:90 [cub] clear of stock build's routes  (56.76 m of 8.00)
  ok   10 w2 apron:70:90 [cub] clear of aluminium C172's routes  (56.76 m of 8.50)
  ok   10 w2 apron:70:90 [cub] clear of the user's Cub's routes  (56.76 m of 8.35)
  ok   10 w2 apron:70:90 [pietenpol] inside the field
  ok   10 w2 apron:70:90 [pietenpol] flat  (0.20 m of 0.60)
  ok   10 w2 apron:70:90 [pietenpol] dry
  ok   10 w2 apron:70:90 [pietenpol] clear of solid things  (Infinity m of 3.00 (nothing))
  ok   10 w2 apron:70:90 [pietenpol] clear of stock build's routes  (57.21 m of 8.00)
  ok   10 w2 apron:70:90 [pietenpol] clear of aluminium C172's routes  (57.21 m of 8.50)
  ok   10 w2 apron:70:90 [pietenpol] clear of the user's Cub's routes  (57.21 m of 8.35)
  ok   10 w2 apron:70:90 [tigermoth] inside the field
  ok   10 w2 apron:70:90 [tigermoth] flat  (0.20 m of 0.60)
  ok   10 w2 apron:70:90 [tigermoth] dry
  ok   10 w2 apron:70:90 [tigermoth] clear of solid things  (Infinity m of 3.00 (nothing))
  ok   10 w2 apron:70:90 [tigermoth] clear of stock build's routes  (57.21 m of 8.00)
  ok   10 w2 apron:70:90 [tigermoth] clear of aluminium C172's routes  (57.21 m of 8.50)
  ok   10 w2 apron:70:90 [tigermoth] clear of the user's Cub's routes  (57.21 m of 8.35)
  ok   10 w2 apron:70:90 [stearman] inside the field
  ok   10 w2 apron:70:90 [stearman] flat  (0.21 m of 0.60)
  ok   10 w2 apron:70:90 [stearman] dry
  ok   10 w2 apron:70:90 [stearman] clear of solid things  (Infinity m of 3.00 (nothing))
  ok   10 w2 apron:70:90 [stearman] clear of stock build's routes  (57.08 m of 8.00)
  ok   10 w2 apron:70:90 [stearman] clear of aluminium C172's routes  (57.08 m of 8.50)
  ok   10 w2 apron:70:90 [stearman] clear of the user's Cub's routes  (57.08 m of 8.35)
  ok   10 w2 apron:70:90 [pittsAlike] inside the field
  ok   10 w2 apron:70:90 [pittsAlike] flat  (0.17 m of 0.60)
  ok   10 w2 apron:70:90 [pittsAlike] dry
  ok   10 w2 apron:70:90 [pittsAlike] clear of solid things  (Infinity m of 3.00 (nothing))
  ok   10 w2 apron:70:90 [pittsAlike] clear of stock build's routes  (57.29 m of 8.00)
  ok   10 w2 apron:70:90 [pittsAlike] clear of aluminium C172's routes  (57.29 m of 8.50)
  ok   10 w2 apron:70:90 [pittsAlike] clear of the user's Cub's routes  (57.29 m of 8.35)
  ok   10 w2 apron:70:90 [sesqui] inside the field
  ok   10 w2 apron:70:90 [sesqui] flat  (0.21 m of 0.60)
  ok   10 w2 apron:70:90 [sesqui] dry
  ok   10 w2 apron:70:90 [sesqui] clear of solid things  (Infinity m of 3.00 (nothing))
  ok   10 w2 apron:70:90 [sesqui] clear of stock build's routes  (57.18 m of 8.00)
  ok   10 w2 apron:70:90 [sesqui] clear of aluminium C172's routes  (57.18 m of 8.50)
  ok   10 w2 apron:70:90 [sesqui] clear of the user's Cub's routes  (57.18 m of 8.35)
  ok   10 w2 apron:70:90 [jodel] inside the field
  ok   10 w2 apron:70:90 [jodel] flat  (0.20 m of 0.60)
  ok   10 w2 apron:70:90 [jodel] dry
  ok   10 w2 apron:70:90 [jodel] clear of solid things  (Infinity m of 3.00 (nothing))
  ok   10 w2 apron:70:90 [jodel] clear of stock build's routes  (56.73 m of 8.00)
  ok   10 w2 apron:70:90 [jodel] clear of aluminium C172's routes  (56.73 m of 8.50)
  ok   10 w2 apron:70:90 [jodel] clear of the user's Cub's routes  (56.73 m of 8.35)
  ok   10 w2 apron:70:90 [c172] inside the field
  ok   10 w2 apron:70:90 [c172] flat  (0.24 m of 0.60)
  ok   10 w2 apron:70:90 [c172] dry
  ok   10 w2 apron:70:90 [c172] clear of solid things  (Infinity m of 3.00 (nothing))
  ok   10 w2 apron:70:90 [c172] clear of stock build's routes  (56.55 m of 8.00)
  ok   10 w2 apron:70:90 [c172] clear of aluminium C172's routes  (56.55 m of 8.50)
  ok   10 w2 apron:70:90 [c172] clear of the user's Cub's routes  (56.55 m of 8.35)
  ok   10 w2 apron:70:90 [chinook] inside the field
  ok   10 w2 apron:70:90 [chinook] flat  (0.19 m of 0.60)
  ok   10 w2 apron:70:90 [chinook] dry
  ok   10 w2 apron:70:90 [chinook] clear of solid things  (Infinity m of 3.00 (nothing))
  ok   10 w2 apron:70:90 [chinook] clear of stock build's routes  (57.68 m of 8.00)
  ok   10 w2 apron:70:90 [chinook] clear of aluminium C172's routes  (57.68 m of 8.50)
  ok   10 w2 apron:70:90 [chinook] clear of the user's Cub's routes  (57.68 m of 8.35)
  ok   10 w2 apron:70:90 [caravan] inside the field
  ok   10 w2 apron:70:90 [caravan] flat  (0.27 m of 0.60)
  ok   10 w2 apron:70:90 [caravan] dry
  ok   10 w2 apron:70:90 [caravan] clear of solid things  (Infinity m of 3.00 (nothing))
  ok   10 w2 apron:70:90 [caravan] clear of stock build's routes  (55.91 m of 8.00)
  ok   10 w2 apron:70:90 [caravan] clear of aluminium C172's routes  (55.91 m of 8.50)
  ok   10 w2 apron:70:90 [caravan] clear of the user's Cub's routes  (55.91 m of 8.35)
  ok   10 w2 apron:70:90 [rv] inside the field
  ok   10 w2 apron:70:90 [rv] flat  (0.21 m of 0.60)
  ok   10 w2 apron:70:90 [rv] dry
  ok   10 w2 apron:70:90 [rv] clear of solid things  (Infinity m of 3.00 (nothing))
  ok   10 w2 apron:70:90 [rv] clear of stock build's routes  (57.18 m of 8.00)
  ok   10 w2 apron:70:90 [rv] clear of aluminium C172's routes  (57.18 m of 8.50)
  ok   10 w2 apron:70:90 [rv] clear of the user's Cub's routes  (57.18 m of 8.35)
  ok   10 w2 apron:70:90 [savannah] inside the field
  ok   10 w2 apron:70:90 [savannah] flat  (0.20 m of 0.60)
  ok   10 w2 apron:70:90 [savannah] dry
  ok   10 w2 apron:70:90 [savannah] clear of solid things  (Infinity m of 3.00 (nothing))
  ok   10 w2 apron:70:90 [savannah] clear of stock build's routes  (57.20 m of 8.00)
  ok   10 w2 apron:70:90 [savannah] clear of aluminium C172's routes  (57.20 m of 8.50)
  ok   10 w2 apron:70:90 [savannah] clear of the user's Cub's routes  (57.20 m of 8.35)
  ok   10 w2 apron:70:90 [ul1] inside the field
  ok   10 w2 apron:70:90 [ul1] flat  (0.20 m of 0.60)
  ok   10 w2 apron:70:90 [ul1] dry
  ok   10 w2 apron:70:90 [ul1] clear of solid things  (Infinity m of 3.00 (nothing))
  ok   10 w2 apron:70:90 [ul1] clear of stock build's routes  (57.19 m of 8.00)
  ok   10 w2 apron:70:90 [ul1] clear of aluminium C172's routes  (57.19 m of 8.50)
  ok   10 w2 apron:70:90 [ul1] clear of the user's Cub's routes  (57.19 m of 8.35)
  ok   10 w2 apron:70:90 [floatplane] inside the field
  ok   10 w2 apron:70:90 [floatplane] flat  (0.23 m of 0.60)
  ok   10 w2 apron:70:90 [floatplane] dry
  ok   10 w2 apron:70:90 [floatplane] clear of solid things  (Infinity m of 3.00 (nothing))
  ok   10 w2 apron:70:90 [floatplane] clear of stock build's routes  (56.84 m of 8.00)
  ok   10 w2 apron:70:90 [floatplane] clear of aluminium C172's routes  (56.84 m of 8.50)
  ok   10 w2 apron:70:90 [floatplane] clear of the user's Cub's routes  (56.84 m of 8.35)
  ok   10 w2 apron:70:90 [pusherPod] inside the field
  ok   10 w2 apron:70:90 [pusherPod] flat  (0.20 m of 0.60)
  ok   10 w2 apron:70:90 [pusherPod] dry
  ok   10 w2 apron:70:90 [pusherPod] clear of solid things  (Infinity m of 3.00 (nothing))
  ok   10 w2 apron:70:90 [pusherPod] clear of stock build's routes  (57.50 m of 8.00)
  ok   10 w2 apron:70:90 [pusherPod] clear of aluminium C172's routes  (57.50 m of 8.50)
  ok   10 w2 apron:70:90 [pusherPod] clear of the user's Cub's routes  (57.50 m of 8.35)
  ok   10 w2 apron:70:90 [motorglider] inside the field
  ok   10 w2 apron:70:90 [motorglider] flat  (0.22 m of 0.60)
  ok   10 w2 apron:70:90 [motorglider] dry
  ok   10 w2 apron:70:90 [motorglider] clear of solid things  (Infinity m of 3.00 (nothing))
  ok   10 w2 apron:70:90 [motorglider] clear of stock build's routes  (57.12 m of 8.00)
  ok   10 w2 apron:70:90 [motorglider] clear of aluminium C172's routes  (57.12 m of 8.50)
  ok   10 w2 apron:70:90 [motorglider] clear of the user's Cub's routes  (57.12 m of 8.35)
  ok   10 w2 apron:70:90 [radial] inside the field
  ok   10 w2 apron:70:90 [radial] flat  (0.22 m of 0.60)
  ok   10 w2 apron:70:90 [radial] dry
  ok   10 w2 apron:70:90 [radial] clear of solid things  (Infinity m of 3.00 (nothing))
  ok   10 w2 apron:70:90 [radial] clear of stock build's routes  (57.15 m of 8.00)
  ok   10 w2 apron:70:90 [radial] clear of aluminium C172's routes  (57.15 m of 8.50)
  ok   10 w2 apron:70:90 [radial] clear of the user's Cub's routes  (57.15 m of 8.35)
  ok   10 w2 apron:70:90 [etrainer] inside the field
  ok   10 w2 apron:70:90 [etrainer] flat  (0.20 m of 0.60)
  ok   10 w2 apron:70:90 [etrainer] dry
  ok   10 w2 apron:70:90 [etrainer] clear of solid things  (Infinity m of 3.00 (nothing))
  ok   10 w2 apron:70:90 [etrainer] clear of stock build's routes  (57.21 m of 8.00)
  ok   10 w2 apron:70:90 [etrainer] clear of aluminium C172's routes  (57.21 m of 8.50)
  ok   10 w2 apron:70:90 [etrainer] clear of the user's Cub's routes  (57.21 m of 8.35)
  ok   10 w2 apron:70:90 [ttail] inside the field
  ok   10 w2 apron:70:90 [ttail] flat  (0.22 m of 0.60)
  ok   10 w2 apron:70:90 [ttail] dry
  ok   10 w2 apron:70:90 [ttail] clear of solid things  (Infinity m of 3.00 (nothing))
  ok   10 w2 apron:70:90 [ttail] clear of stock build's routes  (57.15 m of 8.00)
  ok   10 w2 apron:70:90 [ttail] clear of aluminium C172's routes  (57.15 m of 8.50)
  ok   10 w2 apron:70:90 [ttail] clear of the user's Cub's routes  (57.15 m of 8.35)
  ok   10 w2 apron:70:90 [vtail] inside the field
  ok   10 w2 apron:70:90 [vtail] flat  (0.22 m of 0.60)
  ok   10 w2 apron:70:90 [vtail] dry
  ok   10 w2 apron:70:90 [vtail] clear of solid things  (Infinity m of 3.00 (nothing))
  ok   10 w2 apron:70:90 [vtail] clear of stock build's routes  (57.15 m of 8.00)
  ok   10 w2 apron:70:90 [vtail] clear of aluminium C172's routes  (57.15 m of 8.50)
  ok   10 w2 apron:70:90 [vtail] clear of the user's Cub's routes  (57.15 m of 8.35)
  ok   10 w2 apron:70:90 [mw5] inside the field
  ok   10 w2 apron:70:90 [mw5] flat  (0.20 m of 0.60)
  ok   10 w2 apron:70:90 [mw5] dry
  ok   10 w2 apron:70:90 [mw5] clear of solid things  (Infinity m of 3.00 (nothing))
  ok   10 w2 apron:70:90 [mw5] clear of stock build's routes  (57.49 m of 8.00)
  ok   10 w2 apron:70:90 [mw5] clear of aluminium C172's routes  (57.49 m of 8.50)
  ok   10 w2 apron:70:90 [mw5] clear of the user's Cub's routes  (57.49 m of 8.35)
  ok   10 w2 apron:70:90 [archaeopteryx] inside the field
  ok   10 w2 apron:70:90 [archaeopteryx] flat  (0.21 m of 0.60)
  ok   10 w2 apron:70:90 [archaeopteryx] dry
  ok   10 w2 apron:70:90 [archaeopteryx] clear of solid things  (Infinity m of 3.00 (nothing))
  ok   10 w2 apron:70:90 [archaeopteryx] clear of stock build's routes  (57.45 m of 8.00)
  ok   10 w2 apron:70:90 [archaeopteryx] clear of aluminium C172's routes  (57.45 m of 8.50)
  ok   10 w2 apron:70:90 [archaeopteryx] clear of the user's Cub's routes  (57.45 m of 8.35)
  ok   10 w2 apron:70:90 [da62] inside the field
  ok   10 w2 apron:70:90 [da62] flat  (0.24 m of 0.60)
  ok   10 w2 apron:70:90 [da62] dry
  ok   10 w2 apron:70:90 [da62] clear of solid things  (Infinity m of 3.00 (nothing))
  ok   10 w2 apron:70:90 [da62] clear of stock build's routes  (57.31 m of 8.00)
  ok   10 w2 apron:70:90 [da62] clear of aluminium C172's routes  (57.31 m of 8.50)
  ok   10 w2 apron:70:90 [da62] clear of the user's Cub's routes  (57.31 m of 8.35)
  ok   10 w2 apron:70:90 [twinBush] inside the field
  ok   10 w2 apron:70:90 [twinBush] flat  (0.24 m of 0.60)
  ok   10 w2 apron:70:90 [twinBush] dry
  ok   10 w2 apron:70:90 [twinBush] clear of solid things  (Infinity m of 3.00 (nothing))
  ok   10 w2 apron:70:90 [twinBush] clear of stock build's routes  (57.30 m of 8.00)
  ok   10 w2 apron:70:90 [twinBush] clear of aluminium C172's routes  (57.30 m of 8.50)
  ok   10 w2 apron:70:90 [twinBush] clear of the user's Cub's routes  (57.30 m of 8.35)
  ok   10 w2 apron:70:90 [skymaster] inside the field
  ok   10 w2 apron:70:90 [skymaster] flat  (0.22 m of 0.60)
  ok   10 w2 apron:70:90 [skymaster] dry
  ok   10 w2 apron:70:90 [skymaster] clear of solid things  (Infinity m of 3.00 (nothing))
  ok   10 w2 apron:70:90 [skymaster] clear of stock build's routes  (57.15 m of 8.00)
  ok   10 w2 apron:70:90 [skymaster] clear of aluminium C172's routes  (57.15 m of 8.50)
  ok   10 w2 apron:70:90 [skymaster] clear of the user's Cub's routes  (57.15 m of 8.35)
  ok   10 w2 apron:70:90 [p38] inside the field
  ok   10 w2 apron:70:90 [p38] flat  (0.21 m of 0.60)
  ok   10 w2 apron:70:90 [p38] dry
  ok   10 w2 apron:70:90 [p38] clear of solid things  (Infinity m of 3.00 (nothing))
  ok   10 w2 apron:70:90 [p38] clear of stock build's routes  (57.35 m of 8.00)
  ok   10 w2 apron:70:90 [p38] clear of aluminium C172's routes  (57.35 m of 8.50)
  ok   10 w2 apron:70:90 [p38] clear of the user's Cub's routes  (57.35 m of 8.35)
  ok   10 w2 apron:70:90 [beaver] inside the field
  ok   10 w2 apron:70:90 [beaver] flat  (0.24 m of 0.60)
  ok   10 w2 apron:70:90 [beaver] dry
  ok   10 w2 apron:70:90 [beaver] clear of solid things  (Infinity m of 3.00 (nothing))
  ok   10 w2 apron:70:90 [beaver] clear of stock build's routes  (57.00 m of 8.00)
  ok   10 w2 apron:70:90 [beaver] clear of aluminium C172's routes  (57.00 m of 8.50)
  ok   10 w2 apron:70:90 [beaver] clear of the user's Cub's routes  (57.00 m of 8.35)
  ok   10 w2 apron:70:90 [default] inside the field
  ok   10 w2 apron:70:90 [default] flat  (0.26 m of 0.60)
  ok   10 w2 apron:70:90 [default] dry
  ok   10 w2 apron:70:90 [default] clear of solid things  (Infinity m of 3.00 (nothing))
  ok   10 w2 apron:70:90 [default] clear of stock build's routes  (56.43 m of 8.00)
  ok   10 w2 apron:70:90 [default] clear of aluminium C172's routes  (56.43 m of 8.50)
  ok   10 w2 apron:70:90 [default] clear of the user's Cub's routes  (56.43 m of 8.35)
  ok   10 w2 apron:70:105 [cub] inside the field
  ok   10 w2 apron:70:105 [cub] flat  (0.29 m of 0.60)
  ok   10 w2 apron:70:105 [cub] dry
  ok   10 w2 apron:70:105 [cub] clear of solid things  (Infinity m of 3.00 (nothing))
  ok   10 w2 apron:70:105 [cub] clear of stock build's routes  (55.04 m of 8.00)
  ok   10 w2 apron:70:105 [cub] clear of aluminium C172's routes  (55.04 m of 8.50)
  ok   10 w2 apron:70:105 [cub] clear of the user's Cub's routes  (55.04 m of 8.35)
  ok   10 w2 apron:70:105 [pietenpol] inside the field
  ok   10 w2 apron:70:105 [pietenpol] flat  (0.26 m of 0.60)
  ok   10 w2 apron:70:105 [pietenpol] dry
  ok   10 w2 apron:70:105 [pietenpol] clear of solid things  (Infinity m of 3.00 (nothing))
  ok   10 w2 apron:70:105 [pietenpol] clear of stock build's routes  (55.44 m of 8.00)
  ok   10 w2 apron:70:105 [pietenpol] clear of aluminium C172's routes  (55.44 m of 8.50)
  ok   10 w2 apron:70:105 [pietenpol] clear of the user's Cub's routes  (55.44 m of 8.35)
  ok   10 w2 apron:70:105 [tigermoth] inside the field
  ok   10 w2 apron:70:105 [tigermoth] flat  (0.26 m of 0.60)
  ok   10 w2 apron:70:105 [tigermoth] dry
  ok   10 w2 apron:70:105 [tigermoth] clear of solid things  (Infinity m of 3.00 (nothing))
  ok   10 w2 apron:70:105 [tigermoth] clear of stock build's routes  (55.44 m of 8.00)
  ok   10 w2 apron:70:105 [tigermoth] clear of aluminium C172's routes  (55.44 m of 8.50)
  ok   10 w2 apron:70:105 [tigermoth] clear of the user's Cub's routes  (55.44 m of 8.35)
  ok   10 w2 apron:70:105 [stearman] inside the field
  ok   10 w2 apron:70:105 [stearman] flat  (0.27 m of 0.60)
  ok   10 w2 apron:70:105 [stearman] dry
  ok   10 w2 apron:70:105 [stearman] clear of solid things  (Infinity m of 3.00 (nothing))
  ok   10 w2 apron:70:105 [stearman] clear of stock build's routes  (55.34 m of 8.00)
  ok   10 w2 apron:70:105 [stearman] clear of aluminium C172's routes  (55.34 m of 8.50)
  ok   10 w2 apron:70:105 [stearman] clear of the user's Cub's routes  (55.34 m of 8.35)
  ok   10 w2 apron:70:105 [pittsAlike] inside the field
  ok   10 w2 apron:70:105 [pittsAlike] flat  (0.21 m of 0.60)
  ok   10 w2 apron:70:105 [pittsAlike] dry
  ok   10 w2 apron:70:105 [pittsAlike] clear of solid things  (Infinity m of 3.00 (nothing))
  ok   10 w2 apron:70:105 [pittsAlike] clear of stock build's routes  (55.45 m of 8.00)
  ok   10 w2 apron:70:105 [pittsAlike] clear of aluminium C172's routes  (55.45 m of 8.50)
  ok   10 w2 apron:70:105 [pittsAlike] clear of the user's Cub's routes  (55.45 m of 8.35)
  ok   10 w2 apron:70:105 [sesqui] inside the field
  ok   10 w2 apron:70:105 [sesqui] flat  (0.27 m of 0.60)
  ok   10 w2 apron:70:105 [sesqui] dry
  ok   10 w2 apron:70:105 [sesqui] clear of solid things  (Infinity m of 3.00 (nothing))
  ok   10 w2 apron:70:105 [sesqui] clear of stock build's routes  (55.44 m of 8.00)
  ok   10 w2 apron:70:105 [sesqui] clear of aluminium C172's routes  (55.44 m of 8.50)
  ok   10 w2 apron:70:105 [sesqui] clear of the user's Cub's routes  (55.44 m of 8.35)
  ok   10 w2 apron:70:105 [jodel] inside the field
  ok   10 w2 apron:70:105 [jodel] flat  (0.24 m of 0.60)
  ok   10 w2 apron:70:105 [jodel] dry
  ok   10 w2 apron:70:105 [jodel] clear of solid things  (Infinity m of 3.00 (nothing))
  ok   10 w2 apron:70:105 [jodel] clear of stock build's routes  (54.94 m of 8.00)
  ok   10 w2 apron:70:105 [jodel] clear of aluminium C172's routes  (54.94 m of 8.50)
  ok   10 w2 apron:70:105 [jodel] clear of the user's Cub's routes  (54.94 m of 8.35)
  ok   10 w2 apron:70:105 [c172] inside the field
  ok   10 w2 apron:70:105 [c172] flat  (0.31 m of 0.60)
  ok   10 w2 apron:70:105 [c172] dry
  ok   10 w2 apron:70:105 [c172] clear of solid things  (Infinity m of 3.00 (nothing))
  ok   10 w2 apron:70:105 [c172] clear of stock build's routes  (54.84 m of 8.00)
  ok   10 w2 apron:70:105 [c172] clear of aluminium C172's routes  (54.84 m of 8.50)
  ok   10 w2 apron:70:105 [c172] clear of the user's Cub's routes  (54.84 m of 8.35)
  ok   10 w2 apron:70:105 [chinook] inside the field
  ok   10 w2 apron:70:105 [chinook] flat  (0.25 m of 0.60)
  ok   10 w2 apron:70:105 [chinook] dry
  ok   10 w2 apron:70:105 [chinook] clear of solid things  (Infinity m of 3.00 (nothing))
  ok   10 w2 apron:70:105 [chinook] clear of stock build's routes  (55.94 m of 8.00)
  ok   10 w2 apron:70:105 [chinook] clear of aluminium C172's routes  (55.94 m of 8.50)
  ok   10 w2 apron:70:105 [chinook] clear of the user's Cub's routes  (55.94 m of 8.35)
  ok   10 w2 apron:70:105 [caravan] inside the field
  ok   10 w2 apron:70:105 [caravan] flat  (0.37 m of 0.60)
  ok   10 w2 apron:70:105 [caravan] dry
  ok   10 w2 apron:70:105 [caravan] clear of solid things  (Infinity m of 3.00 (nothing))
  ok   10 w2 apron:70:105 [caravan] clear of stock build's routes  (54.24 m of 8.00)
  ok   10 w2 apron:70:105 [caravan] clear of aluminium C172's routes  (54.24 m of 8.50)
  ok   10 w2 apron:70:105 [caravan] clear of the user's Cub's routes  (54.24 m of 8.35)
  ok   10 w2 apron:70:105 [rv] inside the field
  ok   10 w2 apron:70:105 [rv] flat  (0.27 m of 0.60)
  ok   10 w2 apron:70:105 [rv] dry
  ok   10 w2 apron:70:105 [rv] clear of solid things  (Infinity m of 3.00 (nothing))
  ok   10 w2 apron:70:105 [rv] clear of stock build's routes  (55.44 m of 8.00)
  ok   10 w2 apron:70:105 [rv] clear of aluminium C172's routes  (55.44 m of 8.50)
  ok   10 w2 apron:70:105 [rv] clear of the user's Cub's routes  (55.44 m of 8.35)
  ok   10 w2 apron:70:105 [savannah] inside the field
  ok   10 w2 apron:70:105 [savannah] flat  (0.26 m of 0.60)
  ok   10 w2 apron:70:105 [savannah] dry
  ok   10 w2 apron:70:105 [savannah] clear of solid things  (Infinity m of 3.00 (nothing))
  ok   10 w2 apron:70:105 [savannah] clear of stock build's routes  (55.44 m of 8.00)
  ok   10 w2 apron:70:105 [savannah] clear of aluminium C172's routes  (55.44 m of 8.50)
  ok   10 w2 apron:70:105 [savannah] clear of the user's Cub's routes  (55.44 m of 8.35)
  ok   10 w2 apron:70:105 [ul1] inside the field
  ok   10 w2 apron:70:105 [ul1] flat  (0.26 m of 0.60)
  ok   10 w2 apron:70:105 [ul1] dry
  ok   10 w2 apron:70:105 [ul1] clear of solid things  (Infinity m of 3.00 (nothing))
  ok   10 w2 apron:70:105 [ul1] clear of stock build's routes  (55.44 m of 8.00)
  ok   10 w2 apron:70:105 [ul1] clear of aluminium C172's routes  (55.44 m of 8.50)
  ok   10 w2 apron:70:105 [ul1] clear of the user's Cub's routes  (55.44 m of 8.35)
  ok   10 w2 apron:70:105 [floatplane] inside the field
  ok   10 w2 apron:70:105 [floatplane] flat  (0.30 m of 0.60)
  ok   10 w2 apron:70:105 [floatplane] dry
  ok   10 w2 apron:70:105 [floatplane] clear of solid things  (Infinity m of 3.00 (nothing))
  ok   10 w2 apron:70:105 [floatplane] clear of stock build's routes  (55.14 m of 8.00)
  ok   10 w2 apron:70:105 [floatplane] clear of aluminium C172's routes  (55.14 m of 8.50)
  ok   10 w2 apron:70:105 [floatplane] clear of the user's Cub's routes  (55.14 m of 8.35)
  ok   10 w2 apron:70:105 [pusherPod] inside the field
  ok   10 w2 apron:70:105 [pusherPod] flat  (0.26 m of 0.60)
  ok   10 w2 apron:70:105 [pusherPod] dry
  ok   10 w2 apron:70:105 [pusherPod] clear of solid things  (Infinity m of 3.00 (nothing))
  ok   10 w2 apron:70:105 [pusherPod] clear of stock build's routes  (55.74 m of 8.00)
  ok   10 w2 apron:70:105 [pusherPod] clear of aluminium C172's routes  (55.74 m of 8.50)
  ok   10 w2 apron:70:105 [pusherPod] clear of the user's Cub's routes  (55.74 m of 8.35)
  ok   10 w2 apron:70:105 [motorglider] inside the field
  ok   10 w2 apron:70:105 [motorglider] flat  (0.28 m of 0.60)
  ok   10 w2 apron:70:105 [motorglider] dry
  ok   10 w2 apron:70:105 [motorglider] clear of solid things  (Infinity m of 3.00 (nothing))
  ok   10 w2 apron:70:105 [motorglider] clear of stock build's routes  (55.44 m of 8.00)
  ok   10 w2 apron:70:105 [motorglider] clear of aluminium C172's routes  (55.44 m of 8.50)
  ok   10 w2 apron:70:105 [motorglider] clear of the user's Cub's routes  (55.44 m of 8.35)
  ok   10 w2 apron:70:105 [radial] inside the field
  ok   10 w2 apron:70:105 [radial] flat  (0.29 m of 0.60)
  ok   10 w2 apron:70:105 [radial] dry
  ok   10 w2 apron:70:105 [radial] clear of solid things  (Infinity m of 3.00 (nothing))
  ok   10 w2 apron:70:105 [radial] clear of stock build's routes  (55.44 m of 8.00)
  ok   10 w2 apron:70:105 [radial] clear of aluminium C172's routes  (55.44 m of 8.50)
  ok   10 w2 apron:70:105 [radial] clear of the user's Cub's routes  (55.44 m of 8.35)
  ok   10 w2 apron:70:105 [etrainer] inside the field
  ok   10 w2 apron:70:105 [etrainer] flat  (0.26 m of 0.60)
  ok   10 w2 apron:70:105 [etrainer] dry
  ok   10 w2 apron:70:105 [etrainer] clear of solid things  (Infinity m of 3.00 (nothing))
  ok   10 w2 apron:70:105 [etrainer] clear of stock build's routes  (55.44 m of 8.00)
  ok   10 w2 apron:70:105 [etrainer] clear of aluminium C172's routes  (55.44 m of 8.50)
  ok   10 w2 apron:70:105 [etrainer] clear of the user's Cub's routes  (55.44 m of 8.35)
  ok   10 w2 apron:70:105 [ttail] inside the field
  ok   10 w2 apron:70:105 [ttail] flat  (0.29 m of 0.60)
  ok   10 w2 apron:70:105 [ttail] dry
  ok   10 w2 apron:70:105 [ttail] clear of solid things  (Infinity m of 3.00 (nothing))
  ok   10 w2 apron:70:105 [ttail] clear of stock build's routes  (55.44 m of 8.00)
  ok   10 w2 apron:70:105 [ttail] clear of aluminium C172's routes  (55.44 m of 8.50)
  ok   10 w2 apron:70:105 [ttail] clear of the user's Cub's routes  (55.44 m of 8.35)
  ok   10 w2 apron:70:105 [vtail] inside the field
  ok   10 w2 apron:70:105 [vtail] flat  (0.29 m of 0.60)
  ok   10 w2 apron:70:105 [vtail] dry
  ok   10 w2 apron:70:105 [vtail] clear of solid things  (Infinity m of 3.00 (nothing))
  ok   10 w2 apron:70:105 [vtail] clear of stock build's routes  (55.44 m of 8.00)
  ok   10 w2 apron:70:105 [vtail] clear of aluminium C172's routes  (55.44 m of 8.50)
  ok   10 w2 apron:70:105 [vtail] clear of the user's Cub's routes  (55.44 m of 8.35)
  ok   10 w2 apron:70:105 [mw5] inside the field
  ok   10 w2 apron:70:105 [mw5] flat  (0.26 m of 0.60)
  ok   10 w2 apron:70:105 [mw5] dry
  ok   10 w2 apron:70:105 [mw5] clear of solid things  (Infinity m of 3.00 (nothing))
  ok   10 w2 apron:70:105 [mw5] clear of stock build's routes  (55.74 m of 8.00)
  ok   10 w2 apron:70:105 [mw5] clear of aluminium C172's routes  (55.74 m of 8.50)
  ok   10 w2 apron:70:105 [mw5] clear of the user's Cub's routes  (55.74 m of 8.35)
  ok   10 w2 apron:70:105 [archaeopteryx] inside the field
  ok   10 w2 apron:70:105 [archaeopteryx] flat  (0.27 m of 0.60)
  ok   10 w2 apron:70:105 [archaeopteryx] dry
  ok   10 w2 apron:70:105 [archaeopteryx] clear of solid things  (Infinity m of 3.00 (nothing))
  ok   10 w2 apron:70:105 [archaeopteryx] clear of stock build's routes  (55.74 m of 8.00)
  ok   10 w2 apron:70:105 [archaeopteryx] clear of aluminium C172's routes  (55.74 m of 8.50)
  ok   10 w2 apron:70:105 [archaeopteryx] clear of the user's Cub's routes  (55.74 m of 8.35)
  ok   10 w2 apron:70:105 [da62] inside the field
  ok   10 w2 apron:70:105 [da62] flat  (0.32 m of 0.60)
  ok   10 w2 apron:70:105 [da62] dry
  ok   10 w2 apron:70:105 [da62] clear of solid things  (Infinity m of 3.00 (nothing))
  ok   10 w2 apron:70:105 [da62] clear of stock build's routes  (55.64 m of 8.00)
  ok   10 w2 apron:70:105 [da62] clear of aluminium C172's routes  (55.64 m of 8.50)
  ok   10 w2 apron:70:105 [da62] clear of the user's Cub's routes  (55.64 m of 8.35)
  ok   10 w2 apron:70:105 [twinBush] inside the field
  ok   10 w2 apron:70:105 [twinBush] flat  (0.36 m of 0.60)
  ok   10 w2 apron:70:105 [twinBush] dry
  ok   10 w2 apron:70:105 [twinBush] clear of solid things  (Infinity m of 3.00 (nothing))
  ok   10 w2 apron:70:105 [twinBush] clear of stock build's routes  (55.64 m of 8.00)
  ok   10 w2 apron:70:105 [twinBush] clear of aluminium C172's routes  (55.64 m of 8.50)
  ok   10 w2 apron:70:105 [twinBush] clear of the user's Cub's routes  (55.64 m of 8.35)
  ok   10 w2 apron:70:105 [skymaster] inside the field
  ok   10 w2 apron:70:105 [skymaster] flat  (0.29 m of 0.60)
  ok   10 w2 apron:70:105 [skymaster] dry
  ok   10 w2 apron:70:105 [skymaster] clear of solid things  (Infinity m of 3.00 (nothing))
  ok   10 w2 apron:70:105 [skymaster] clear of stock build's routes  (55.44 m of 8.00)
  ok   10 w2 apron:70:105 [skymaster] clear of aluminium C172's routes  (55.44 m of 8.50)
  ok   10 w2 apron:70:105 [skymaster] clear of the user's Cub's routes  (55.44 m of 8.35)
  ok   10 w2 apron:70:105 [p38] inside the field
  ok   10 w2 apron:70:105 [p38] flat  (0.28 m of 0.60)
  ok   10 w2 apron:70:105 [p38] dry
  ok   10 w2 apron:70:105 [p38] clear of solid things  (Infinity m of 3.00 (nothing))
  ok   10 w2 apron:70:105 [p38] clear of stock build's routes  (55.64 m of 8.00)
  ok   10 w2 apron:70:105 [p38] clear of aluminium C172's routes  (55.64 m of 8.50)
  ok   10 w2 apron:70:105 [p38] clear of the user's Cub's routes  (55.64 m of 8.35)
  ok   10 w2 apron:70:105 [beaver] inside the field
  ok   10 w2 apron:70:105 [beaver] flat  (0.33 m of 0.60)
  ok   10 w2 apron:70:105 [beaver] dry
  ok   10 w2 apron:70:105 [beaver] clear of solid things  (Infinity m of 3.00 (nothing))
  ok   10 w2 apron:70:105 [beaver] clear of stock build's routes  (55.34 m of 8.00)
  ok   10 w2 apron:70:105 [beaver] clear of aluminium C172's routes  (55.34 m of 8.50)
  ok   10 w2 apron:70:105 [beaver] clear of the user's Cub's routes  (55.34 m of 8.35)
  ok   10 w2 apron:70:105 [default] inside the field
  ok   10 w2 apron:70:105 [default] flat  (0.34 m of 0.60)
  ok   10 w2 apron:70:105 [default] dry
  ok   10 w2 apron:70:105 [default] clear of solid things  (Infinity m of 3.00 (nothing))
  ok   10 w2 apron:70:105 [default] clear of stock build's routes  (54.74 m of 8.00)
  ok   10 w2 apron:70:105 [default] clear of aluminium C172's routes  (54.74 m of 8.50)
  ok   10 w2 apron:70:105 [default] clear of the user's Cub's routes  (54.74 m of 8.35)
  ok   10 w2 apron:70:270 [cub] inside the field
  ok   10 w2 apron:70:270 [cub] flat  (0.09 m of 0.60)
  ok   10 w2 apron:70:270 [cub] dry
  ok   10 w2 apron:70:270 [cub] clear of solid things  (Infinity m of 3.00 (nothing))
  ok   10 w2 apron:70:270 [cub] clear of stock build's routes  (56.70 m of 8.00)
  ok   10 w2 apron:70:270 [cub] clear of aluminium C172's routes  (56.70 m of 8.50)
  ok   10 w2 apron:70:270 [cub] clear of the user's Cub's routes  (56.70 m of 8.35)
  ok   10 w2 apron:70:270 [pietenpol] inside the field
  ok   10 w2 apron:70:270 [pietenpol] flat  (0.08 m of 0.60)
  ok   10 w2 apron:70:270 [pietenpol] dry
  ok   10 w2 apron:70:270 [pietenpol] clear of solid things  (Infinity m of 3.00 (nothing))
  ok   10 w2 apron:70:270 [pietenpol] clear of stock build's routes  (57.10 m of 8.00)
  ok   10 w2 apron:70:270 [pietenpol] clear of aluminium C172's routes  (57.10 m of 8.50)
  ok   10 w2 apron:70:270 [pietenpol] clear of the user's Cub's routes  (57.10 m of 8.35)
  ok   10 w2 apron:70:270 [tigermoth] inside the field
  ok   10 w2 apron:70:270 [tigermoth] flat  (0.08 m of 0.60)
  ok   10 w2 apron:70:270 [tigermoth] dry
  ok   10 w2 apron:70:270 [tigermoth] clear of solid things  (Infinity m of 3.00 (nothing))
  ok   10 w2 apron:70:270 [tigermoth] clear of stock build's routes  (57.10 m of 8.00)
  ok   10 w2 apron:70:270 [tigermoth] clear of aluminium C172's routes  (57.10 m of 8.50)
  ok   10 w2 apron:70:270 [tigermoth] clear of the user's Cub's routes  (57.10 m of 8.35)
  ok   10 w2 apron:70:270 [stearman] inside the field
  ok   10 w2 apron:70:270 [stearman] flat  (0.09 m of 0.60)
  ok   10 w2 apron:70:270 [stearman] dry
  ok   10 w2 apron:70:270 [stearman] clear of solid things  (Infinity m of 3.00 (nothing))
  ok   10 w2 apron:70:270 [stearman] clear of stock build's routes  (57.00 m of 8.00)
  ok   10 w2 apron:70:270 [stearman] clear of aluminium C172's routes  (57.00 m of 8.50)
  ok   10 w2 apron:70:270 [stearman] clear of the user's Cub's routes  (57.00 m of 8.35)
  ok   10 w2 apron:70:270 [pittsAlike] inside the field
  ok   10 w2 apron:70:270 [pittsAlike] flat  (0.06 m of 0.60)
  ok   10 w2 apron:70:270 [pittsAlike] dry
  ok   10 w2 apron:70:270 [pittsAlike] clear of solid things  (Infinity m of 3.00 (nothing))
  ok   10 w2 apron:70:270 [pittsAlike] clear of stock build's routes  (57.11 m of 8.00)
  ok   10 w2 apron:70:270 [pittsAlike] clear of aluminium C172's routes  (57.11 m of 8.50)
  ok   10 w2 apron:70:270 [pittsAlike] clear of the user's Cub's routes  (57.11 m of 8.35)
  ok   10 w2 apron:70:270 [sesqui] inside the field
  ok   10 w2 apron:70:270 [sesqui] flat  (0.09 m of 0.60)
  ok   10 w2 apron:70:270 [sesqui] dry
  ok   10 w2 apron:70:270 [sesqui] clear of solid things  (Infinity m of 3.00 (nothing))
  ok   10 w2 apron:70:270 [sesqui] clear of stock build's routes  (57.10 m of 8.00)
  ok   10 w2 apron:70:270 [sesqui] clear of aluminium C172's routes  (57.10 m of 8.50)
  ok   10 w2 apron:70:270 [sesqui] clear of the user's Cub's routes  (57.10 m of 8.35)
  ok   10 w2 apron:70:270 [jodel] inside the field
  ok   10 w2 apron:70:270 [jodel] flat  (0.07 m of 0.60)
  ok   10 w2 apron:70:270 [jodel] dry
  ok   10 w2 apron:70:270 [jodel] clear of solid things  (Infinity m of 3.00 (nothing))
  ok   10 w2 apron:70:270 [jodel] clear of stock build's routes  (56.60 m of 8.00)
  ok   10 w2 apron:70:270 [jodel] clear of aluminium C172's routes  (56.60 m of 8.50)
  ok   10 w2 apron:70:270 [jodel] clear of the user's Cub's routes  (56.60 m of 8.35)
  ok   10 w2 apron:70:270 [c172] inside the field
  ok   10 w2 apron:70:270 [c172] flat  (0.09 m of 0.60)
  ok   10 w2 apron:70:270 [c172] dry
  ok   10 w2 apron:70:270 [c172] clear of solid things  (Infinity m of 3.00 (nothing))
  ok   10 w2 apron:70:270 [c172] clear of stock build's routes  (56.50 m of 8.00)
  ok   10 w2 apron:70:270 [c172] clear of aluminium C172's routes  (56.50 m of 8.50)
  ok   10 w2 apron:70:270 [c172] clear of the user's Cub's routes  (56.50 m of 8.35)
  ok   10 w2 apron:70:270 [chinook] inside the field
  ok   10 w2 apron:70:270 [chinook] flat  (0.08 m of 0.60)
  ok   10 w2 apron:70:270 [chinook] dry
  ok   10 w2 apron:70:270 [chinook] clear of solid things  (Infinity m of 3.00 (nothing))
  ok   10 w2 apron:70:270 [chinook] clear of stock build's routes  (57.60 m of 8.00)
  ok   10 w2 apron:70:270 [chinook] clear of aluminium C172's routes  (57.60 m of 8.50)
  ok   10 w2 apron:70:270 [chinook] clear of the user's Cub's routes  (57.60 m of 8.35)
  ok   10 w2 apron:70:270 [caravan] inside the field
  ok   10 w2 apron:70:270 [caravan] flat  (0.10 m of 0.60)
  ok   10 w2 apron:70:270 [caravan] dry
  ok   10 w2 apron:70:270 [caravan] clear of solid things  (Infinity m of 3.00 (nothing))
  ok   10 w2 apron:70:270 [caravan] clear of stock build's routes  (55.90 m of 8.00)
  ok   10 w2 apron:70:270 [caravan] clear of aluminium C172's routes  (55.90 m of 8.50)
  ok   10 w2 apron:70:270 [caravan] clear of the user's Cub's routes  (55.90 m of 8.35)
  ok   10 w2 apron:70:270 [rv] inside the field
  ok   10 w2 apron:70:270 [rv] flat  (0.09 m of 0.60)
  ok   10 w2 apron:70:270 [rv] dry
  ok   10 w2 apron:70:270 [rv] clear of solid things  (Infinity m of 3.00 (nothing))
  ok   10 w2 apron:70:270 [rv] clear of stock build's routes  (57.10 m of 8.00)
  ok   10 w2 apron:70:270 [rv] clear of aluminium C172's routes  (57.10 m of 8.50)
  ok   10 w2 apron:70:270 [rv] clear of the user's Cub's routes  (57.10 m of 8.35)
  ok   10 w2 apron:70:270 [savannah] inside the field
  ok   10 w2 apron:70:270 [savannah] flat  (0.08 m of 0.60)
  ok   10 w2 apron:70:270 [savannah] dry
  ok   10 w2 apron:70:270 [savannah] clear of solid things  (Infinity m of 3.00 (nothing))
  ok   10 w2 apron:70:270 [savannah] clear of stock build's routes  (57.10 m of 8.00)
  ok   10 w2 apron:70:270 [savannah] clear of aluminium C172's routes  (57.10 m of 8.50)
  ok   10 w2 apron:70:270 [savannah] clear of the user's Cub's routes  (57.10 m of 8.35)
  ok   10 w2 apron:70:270 [ul1] inside the field
  ok   10 w2 apron:70:270 [ul1] flat  (0.08 m of 0.60)
  ok   10 w2 apron:70:270 [ul1] dry
  ok   10 w2 apron:70:270 [ul1] clear of solid things  (Infinity m of 3.00 (nothing))
  ok   10 w2 apron:70:270 [ul1] clear of stock build's routes  (57.10 m of 8.00)
  ok   10 w2 apron:70:270 [ul1] clear of aluminium C172's routes  (57.10 m of 8.50)
  ok   10 w2 apron:70:270 [ul1] clear of the user's Cub's routes  (57.10 m of 8.35)
  ok   10 w2 apron:70:270 [floatplane] inside the field
  ok   10 w2 apron:70:270 [floatplane] flat  (0.09 m of 0.60)
  ok   10 w2 apron:70:270 [floatplane] dry
  ok   10 w2 apron:70:270 [floatplane] clear of solid things  (Infinity m of 3.00 (nothing))
  ok   10 w2 apron:70:270 [floatplane] clear of stock build's routes  (56.80 m of 8.00)
  ok   10 w2 apron:70:270 [floatplane] clear of aluminium C172's routes  (56.80 m of 8.50)
  ok   10 w2 apron:70:270 [floatplane] clear of the user's Cub's routes  (56.80 m of 8.35)
  ok   10 w2 apron:70:270 [pusherPod] inside the field
  ok   10 w2 apron:70:270 [pusherPod] flat  (0.08 m of 0.60)
  ok   10 w2 apron:70:270 [pusherPod] dry
  ok   10 w2 apron:70:270 [pusherPod] clear of solid things  (Infinity m of 3.00 (nothing))
  ok   10 w2 apron:70:270 [pusherPod] clear of stock build's routes  (57.40 m of 8.00)
  ok   10 w2 apron:70:270 [pusherPod] clear of aluminium C172's routes  (57.40 m of 8.50)
  ok   10 w2 apron:70:270 [pusherPod] clear of the user's Cub's routes  (57.40 m of 8.35)
  ok   10 w2 apron:70:270 [motorglider] inside the field
  ok   10 w2 apron:70:270 [motorglider] flat  (0.09 m of 0.60)
  ok   10 w2 apron:70:270 [motorglider] dry
  ok   10 w2 apron:70:270 [motorglider] clear of solid things  (Infinity m of 3.00 (nothing))
  ok   10 w2 apron:70:270 [motorglider] clear of stock build's routes  (57.10 m of 8.00)
  ok   10 w2 apron:70:270 [motorglider] clear of aluminium C172's routes  (57.10 m of 8.50)
  ok   10 w2 apron:70:270 [motorglider] clear of the user's Cub's routes  (57.10 m of 8.35)
  ok   10 w2 apron:70:270 [radial] inside the field
  ok   10 w2 apron:70:270 [radial] flat  (0.09 m of 0.60)
  ok   10 w2 apron:70:270 [radial] dry
  ok   10 w2 apron:70:270 [radial] clear of solid things  (Infinity m of 3.00 (nothing))
  ok   10 w2 apron:70:270 [radial] clear of stock build's routes  (57.10 m of 8.00)
  ok   10 w2 apron:70:270 [radial] clear of aluminium C172's routes  (57.10 m of 8.50)
  ok   10 w2 apron:70:270 [radial] clear of the user's Cub's routes  (57.10 m of 8.35)
  ok   10 w2 apron:70:270 [etrainer] inside the field
  ok   10 w2 apron:70:270 [etrainer] flat  (0.08 m of 0.60)
  ok   10 w2 apron:70:270 [etrainer] dry
  ok   10 w2 apron:70:270 [etrainer] clear of solid things  (Infinity m of 3.00 (nothing))
  ok   10 w2 apron:70:270 [etrainer] clear of stock build's routes  (57.10 m of 8.00)
  ok   10 w2 apron:70:270 [etrainer] clear of aluminium C172's routes  (57.10 m of 8.50)
  ok   10 w2 apron:70:270 [etrainer] clear of the user's Cub's routes  (57.10 m of 8.35)
  ok   10 w2 apron:70:270 [ttail] inside the field
  ok   10 w2 apron:70:270 [ttail] flat  (0.09 m of 0.60)
  ok   10 w2 apron:70:270 [ttail] dry
  ok   10 w2 apron:70:270 [ttail] clear of solid things  (Infinity m of 3.00 (nothing))
  ok   10 w2 apron:70:270 [ttail] clear of stock build's routes  (57.10 m of 8.00)
  ok   10 w2 apron:70:270 [ttail] clear of aluminium C172's routes  (57.10 m of 8.50)
  ok   10 w2 apron:70:270 [ttail] clear of the user's Cub's routes  (57.10 m of 8.35)
  ok   10 w2 apron:70:270 [vtail] inside the field
  ok   10 w2 apron:70:270 [vtail] flat  (0.09 m of 0.60)
  ok   10 w2 apron:70:270 [vtail] dry
  ok   10 w2 apron:70:270 [vtail] clear of solid things  (Infinity m of 3.00 (nothing))
  ok   10 w2 apron:70:270 [vtail] clear of stock build's routes  (57.10 m of 8.00)
  ok   10 w2 apron:70:270 [vtail] clear of aluminium C172's routes  (57.10 m of 8.50)
  ok   10 w2 apron:70:270 [vtail] clear of the user's Cub's routes  (57.10 m of 8.35)
  ok   10 w2 apron:70:270 [mw5] inside the field
  ok   10 w2 apron:70:270 [mw5] flat  (0.08 m of 0.60)
  ok   10 w2 apron:70:270 [mw5] dry
  ok   10 w2 apron:70:270 [mw5] clear of solid things  (Infinity m of 3.00 (nothing))
  ok   10 w2 apron:70:270 [mw5] clear of stock build's routes  (57.40 m of 8.00)
  ok   10 w2 apron:70:270 [mw5] clear of aluminium C172's routes  (57.40 m of 8.50)
  ok   10 w2 apron:70:270 [mw5] clear of the user's Cub's routes  (57.40 m of 8.35)
  ok   10 w2 apron:70:270 [archaeopteryx] inside the field
  ok   10 w2 apron:70:270 [archaeopteryx] flat  (0.09 m of 0.60)
  ok   10 w2 apron:70:270 [archaeopteryx] dry
  ok   10 w2 apron:70:270 [archaeopteryx] clear of solid things  (Infinity m of 3.00 (nothing))
  ok   10 w2 apron:70:270 [archaeopteryx] clear of stock build's routes  (57.40 m of 8.00)
  ok   10 w2 apron:70:270 [archaeopteryx] clear of aluminium C172's routes  (57.40 m of 8.50)
  ok   10 w2 apron:70:270 [archaeopteryx] clear of the user's Cub's routes  (57.40 m of 8.35)
  ok   10 w2 apron:70:270 [da62] inside the field
  ok   10 w2 apron:70:270 [da62] flat  (0.10 m of 0.60)
  ok   10 w2 apron:70:270 [da62] dry
  ok   10 w2 apron:70:270 [da62] clear of solid things  (Infinity m of 3.00 (nothing))
  ok   10 w2 apron:70:270 [da62] clear of stock build's routes  (57.30 m of 8.00)
  ok   10 w2 apron:70:270 [da62] clear of aluminium C172's routes  (57.30 m of 8.50)
  ok   10 w2 apron:70:270 [da62] clear of the user's Cub's routes  (57.30 m of 8.35)
  ok   10 w2 apron:70:270 [twinBush] inside the field
  ok   10 w2 apron:70:270 [twinBush] flat  (0.13 m of 0.60)
  ok   10 w2 apron:70:270 [twinBush] dry
  ok   10 w2 apron:70:270 [twinBush] clear of solid things  (Infinity m of 3.00 (nothing))
  ok   10 w2 apron:70:270 [twinBush] clear of stock build's routes  (57.30 m of 8.00)
  ok   10 w2 apron:70:270 [twinBush] clear of aluminium C172's routes  (57.30 m of 8.50)
  ok   10 w2 apron:70:270 [twinBush] clear of the user's Cub's routes  (57.30 m of 8.35)
  ok   10 w2 apron:70:270 [skymaster] inside the field
  ok   10 w2 apron:70:270 [skymaster] flat  (0.09 m of 0.60)
  ok   10 w2 apron:70:270 [skymaster] dry
  ok   10 w2 apron:70:270 [skymaster] clear of solid things  (Infinity m of 3.00 (nothing))
  ok   10 w2 apron:70:270 [skymaster] clear of stock build's routes  (57.10 m of 8.00)
  ok   10 w2 apron:70:270 [skymaster] clear of aluminium C172's routes  (57.10 m of 8.50)
  ok   10 w2 apron:70:270 [skymaster] clear of the user's Cub's routes  (57.10 m of 8.35)
  ok   10 w2 apron:70:270 [p38] inside the field
  ok   10 w2 apron:70:270 [p38] flat  (0.09 m of 0.60)
  ok   10 w2 apron:70:270 [p38] dry
  ok   10 w2 apron:70:270 [p38] clear of solid things  (Infinity m of 3.00 (nothing))
  ok   10 w2 apron:70:270 [p38] clear of stock build's routes  (57.30 m of 8.00)
  ok   10 w2 apron:70:270 [p38] clear of aluminium C172's routes  (57.30 m of 8.50)
  ok   10 w2 apron:70:270 [p38] clear of the user's Cub's routes  (57.30 m of 8.35)
  ok   10 w2 apron:70:270 [beaver] inside the field
  ok   10 w2 apron:70:270 [beaver] flat  (0.09 m of 0.60)
  ok   10 w2 apron:70:270 [beaver] dry
  ok   10 w2 apron:70:270 [beaver] clear of solid things  (Infinity m of 3.00 (nothing))
  ok   10 w2 apron:70:270 [beaver] clear of stock build's routes  (57.00 m of 8.00)
  ok   10 w2 apron:70:270 [beaver] clear of aluminium C172's routes  (57.00 m of 8.50)
  ok   10 w2 apron:70:270 [beaver] clear of the user's Cub's routes  (57.00 m of 8.35)
  ok   10 w2 apron:70:270 [default] inside the field
  ok   10 w2 apron:70:270 [default] flat  (0.09 m of 0.60)
  ok   10 w2 apron:70:270 [default] dry
  ok   10 w2 apron:70:270 [default] clear of solid things  (Infinity m of 3.00 (nothing))
  ok   10 w2 apron:70:270 [default] clear of stock build's routes  (56.40 m of 8.00)
  ok   10 w2 apron:70:270 [default] clear of aluminium C172's routes  (56.40 m of 8.50)
  ok   10 w2 apron:70:270 [default] clear of the user's Cub's routes  (56.40 m of 8.35)
  ok   10 w2 apron:70:285 [cub] inside the field
  ok   10 w2 apron:70:285 [cub] flat  (0.07 m of 0.60)
  ok   10 w2 apron:70:285 [cub] dry
  ok   10 w2 apron:70:285 [cub] clear of solid things  (Infinity m of 3.00 (nothing))
  ok   10 w2 apron:70:285 [cub] clear of stock build's routes  (53.56 m of 8.00)
  ok   10 w2 apron:70:285 [cub] clear of aluminium C172's routes  (53.56 m of 8.50)
  ok   10 w2 apron:70:285 [cub] clear of the user's Cub's routes  (53.56 m of 8.35)
  ok   10 w2 apron:70:285 [pietenpol] inside the field
  ok   10 w2 apron:70:285 [pietenpol] flat  (0.07 m of 0.60)
  ok   10 w2 apron:70:285 [pietenpol] dry
  ok   10 w2 apron:70:285 [pietenpol] clear of solid things  (Infinity m of 3.00 (nothing))
  ok   10 w2 apron:70:285 [pietenpol] clear of stock build's routes  (54.09 m of 8.00)
  ok   10 w2 apron:70:285 [pietenpol] clear of aluminium C172's routes  (54.09 m of 8.50)
  ok   10 w2 apron:70:285 [pietenpol] clear of the user's Cub's routes  (54.09 m of 8.35)
  ok   10 w2 apron:70:285 [tigermoth] inside the field
  ok   10 w2 apron:70:285 [tigermoth] flat  (0.07 m of 0.60)
  ok   10 w2 apron:70:285 [tigermoth] dry
  ok   10 w2 apron:70:285 [tigermoth] clear of solid things  (Infinity m of 3.00 (nothing))
  ok   10 w2 apron:70:285 [tigermoth] clear of stock build's routes  (54.08 m of 8.00)
  ok   10 w2 apron:70:285 [tigermoth] clear of aluminium C172's routes  (54.08 m of 8.50)
  ok   10 w2 apron:70:285 [tigermoth] clear of the user's Cub's routes  (54.08 m of 8.35)
  ok   10 w2 apron:70:285 [stearman] inside the field
  ok   10 w2 apron:70:285 [stearman] flat  (0.07 m of 0.60)
  ok   10 w2 apron:70:285 [stearman] dry
  ok   10 w2 apron:70:285 [stearman] clear of solid things  (Infinity m of 3.00 (nothing))
  ok   10 w2 apron:70:285 [stearman] clear of stock build's routes  (53.92 m of 8.00)
  ok   10 w2 apron:70:285 [stearman] clear of aluminium C172's routes  (53.92 m of 8.50)
  ok   10 w2 apron:70:285 [stearman] clear of the user's Cub's routes  (53.92 m of 8.35)
  ok   10 w2 apron:70:285 [pittsAlike] inside the field
  ok   10 w2 apron:70:285 [pittsAlike] flat  (0.05 m of 0.60)
  ok   10 w2 apron:70:285 [pittsAlike] dry
  ok   10 w2 apron:70:285 [pittsAlike] clear of solid things  (Infinity m of 3.00 (nothing))
  ok   10 w2 apron:70:285 [pittsAlike] clear of stock build's routes  (54.26 m of 8.00)
  ok   10 w2 apron:70:285 [pittsAlike] clear of aluminium C172's routes  (54.26 m of 8.50)
  ok   10 w2 apron:70:285 [pittsAlike] clear of the user's Cub's routes  (54.26 m of 8.35)
  ok   10 w2 apron:70:285 [sesqui] inside the field
  ok   10 w2 apron:70:285 [sesqui] flat  (0.07 m of 0.60)
  ok   10 w2 apron:70:285 [sesqui] dry
  ok   10 w2 apron:70:285 [sesqui] clear of solid things  (Infinity m of 3.00 (nothing))
  ok   10 w2 apron:70:285 [sesqui] clear of stock build's routes  (54.01 m of 8.00)
  ok   10 w2 apron:70:285 [sesqui] clear of aluminium C172's routes  (54.01 m of 8.50)
  ok   10 w2 apron:70:285 [sesqui] clear of the user's Cub's routes  (54.01 m of 8.35)
  ok   10 w2 apron:70:285 [jodel] inside the field
  ok   10 w2 apron:70:285 [jodel] flat  (0.05 m of 0.60)
  ok   10 w2 apron:70:285 [jodel] dry
  ok   10 w2 apron:70:285 [jodel] clear of solid things  (Infinity m of 3.00 (nothing))
  ok   10 w2 apron:70:285 [jodel] clear of stock build's routes  (53.63 m of 8.00)
  ok   10 w2 apron:70:285 [jodel] clear of aluminium C172's routes  (53.63 m of 8.50)
  ok   10 w2 apron:70:285 [jodel] clear of the user's Cub's routes  (53.63 m of 8.35)
  ok   10 w2 apron:70:285 [c172] inside the field
  ok   10 w2 apron:70:285 [c172] flat  (0.08 m of 0.60)
  ok   10 w2 apron:70:285 [c172] dry
  ok   10 w2 apron:70:285 [c172] clear of solid things  (Infinity m of 3.00 (nothing))
  ok   10 w2 apron:70:285 [c172] clear of stock build's routes  (53.35 m of 8.00)
  ok   10 w2 apron:70:285 [c172] clear of aluminium C172's routes  (53.35 m of 8.50)
  ok   10 w2 apron:70:285 [c172] clear of the user's Cub's routes  (53.35 m of 8.35)
  ok   10 w2 apron:70:285 [chinook] inside the field
  ok   10 w2 apron:70:285 [chinook] flat  (0.06 m of 0.60)
  ok   10 w2 apron:70:285 [chinook] dry
  ok   10 w2 apron:70:285 [chinook] clear of solid things  (Infinity m of 3.00 (nothing))
  ok   10 w2 apron:70:285 [chinook] clear of stock build's routes  (54.52 m of 8.00)
  ok   10 w2 apron:70:285 [chinook] clear of aluminium C172's routes  (54.52 m of 8.50)
  ok   10 w2 apron:70:285 [chinook] clear of the user's Cub's routes  (54.52 m of 8.35)
  ok   10 w2 apron:70:285 [caravan] inside the field
  ok   10 w2 apron:70:285 [caravan] flat  (0.09 m of 0.60)
  ok   10 w2 apron:70:285 [caravan] dry
  ok   10 w2 apron:70:285 [caravan] clear of solid things  (Infinity m of 3.00 (nothing))
  ok   10 w2 apron:70:285 [caravan] clear of stock build's routes  (52.58 m of 8.00)
  ok   10 w2 apron:70:285 [caravan] clear of aluminium C172's routes  (52.58 m of 8.50)
  ok   10 w2 apron:70:285 [caravan] clear of the user's Cub's routes  (52.58 m of 8.35)
  ok   10 w2 apron:70:285 [rv] inside the field
  ok   10 w2 apron:70:285 [rv] flat  (0.07 m of 0.60)
  ok   10 w2 apron:70:285 [rv] dry
  ok   10 w2 apron:70:285 [rv] clear of solid things  (Infinity m of 3.00 (nothing))
  ok   10 w2 apron:70:285 [rv] clear of stock build's routes  (54.02 m of 8.00)
  ok   10 w2 apron:70:285 [rv] clear of aluminium C172's routes  (54.02 m of 8.50)
  ok   10 w2 apron:70:285 [rv] clear of the user's Cub's routes  (54.02 m of 8.35)
  ok   10 w2 apron:70:285 [savannah] inside the field
  ok   10 w2 apron:70:285 [savannah] flat  (0.07 m of 0.60)
  ok   10 w2 apron:70:285 [savannah] dry
  ok   10 w2 apron:70:285 [savannah] clear of solid things  (Infinity m of 3.00 (nothing))
  ok   10 w2 apron:70:285 [savannah] clear of stock build's routes  (54.06 m of 8.00)
  ok   10 w2 apron:70:285 [savannah] clear of aluminium C172's routes  (54.06 m of 8.50)
  ok   10 w2 apron:70:285 [savannah] clear of the user's Cub's routes  (54.06 m of 8.35)
  ok   10 w2 apron:70:285 [ul1] inside the field
  ok   10 w2 apron:70:285 [ul1] flat  (0.07 m of 0.60)
  ok   10 w2 apron:70:285 [ul1] dry
  ok   10 w2 apron:70:285 [ul1] clear of solid things  (Infinity m of 3.00 (nothing))
  ok   10 w2 apron:70:285 [ul1] clear of stock build's routes  (54.05 m of 8.00)
  ok   10 w2 apron:70:285 [ul1] clear of aluminium C172's routes  (54.05 m of 8.50)
  ok   10 w2 apron:70:285 [ul1] clear of the user's Cub's routes  (54.05 m of 8.35)
  ok   10 w2 apron:70:285 [floatplane] inside the field
  ok   10 w2 apron:70:285 [floatplane] flat  (0.08 m of 0.60)
  ok   10 w2 apron:70:285 [floatplane] dry
  ok   10 w2 apron:70:285 [floatplane] clear of solid things  (Infinity m of 3.00 (nothing))
  ok   10 w2 apron:70:285 [floatplane] clear of stock build's routes  (53.59 m of 8.00)
  ok   10 w2 apron:70:285 [floatplane] clear of aluminium C172's routes  (53.59 m of 8.50)
  ok   10 w2 apron:70:285 [floatplane] clear of the user's Cub's routes  (53.59 m of 8.35)
  ok   10 w2 apron:70:285 [pusherPod] inside the field
  ok   10 w2 apron:70:285 [pusherPod] flat  (0.07 m of 0.60)
  ok   10 w2 apron:70:285 [pusherPod] dry
  ok   10 w2 apron:70:285 [pusherPod] clear of solid things  (Infinity m of 3.00 (nothing))
  ok   10 w2 apron:70:285 [pusherPod] clear of stock build's routes  (54.36 m of 8.00)
  ok   10 w2 apron:70:285 [pusherPod] clear of aluminium C172's routes  (54.36 m of 8.50)
  ok   10 w2 apron:70:285 [pusherPod] clear of the user's Cub's routes  (54.36 m of 8.35)
  ok   10 w2 apron:70:285 [motorglider] inside the field
  ok   10 w2 apron:70:285 [motorglider] flat  (0.06 m of 0.60)
  ok   10 w2 apron:70:285 [motorglider] dry
  ok   10 w2 apron:70:285 [motorglider] clear of solid things  (Infinity m of 3.00 (nothing))
  ok   10 w2 apron:70:285 [motorglider] clear of stock build's routes  (53.82 m of 8.00)
  ok   10 w2 apron:70:285 [motorglider] clear of aluminium C172's routes  (53.82 m of 8.50)
  ok   10 w2 apron:70:285 [motorglider] clear of the user's Cub's routes  (53.82 m of 8.35)
  ok   10 w2 apron:70:285 [radial] inside the field
  ok   10 w2 apron:70:285 [radial] flat  (0.08 m of 0.60)
  ok   10 w2 apron:70:285 [radial] dry
  ok   10 w2 apron:70:285 [radial] clear of solid things  (Infinity m of 3.00 (nothing))
  ok   10 w2 apron:70:285 [radial] clear of stock build's routes  (53.94 m of 8.00)
  ok   10 w2 apron:70:285 [radial] clear of aluminium C172's routes  (53.94 m of 8.50)
  ok   10 w2 apron:70:285 [radial] clear of the user's Cub's routes  (53.94 m of 8.35)
  ok   10 w2 apron:70:285 [etrainer] inside the field
  ok   10 w2 apron:70:285 [etrainer] flat  (0.07 m of 0.60)
  ok   10 w2 apron:70:285 [etrainer] dry
  ok   10 w2 apron:70:285 [etrainer] clear of solid things  (Infinity m of 3.00 (nothing))
  ok   10 w2 apron:70:285 [etrainer] clear of stock build's routes  (54.08 m of 8.00)
  ok   10 w2 apron:70:285 [etrainer] clear of aluminium C172's routes  (54.08 m of 8.50)
  ok   10 w2 apron:70:285 [etrainer] clear of the user's Cub's routes  (54.08 m of 8.35)
  ok   10 w2 apron:70:285 [ttail] inside the field
  ok   10 w2 apron:70:285 [ttail] flat  (0.08 m of 0.60)
  ok   10 w2 apron:70:285 [ttail] dry
  ok   10 w2 apron:70:285 [ttail] clear of solid things  (Infinity m of 3.00 (nothing))
  ok   10 w2 apron:70:285 [ttail] clear of stock build's routes  (53.94 m of 8.00)
  ok   10 w2 apron:70:285 [ttail] clear of aluminium C172's routes  (53.94 m of 8.50)
  ok   10 w2 apron:70:285 [ttail] clear of the user's Cub's routes  (53.94 m of 8.35)
  ok   10 w2 apron:70:285 [vtail] inside the field
  ok   10 w2 apron:70:285 [vtail] flat  (0.08 m of 0.60)
  ok   10 w2 apron:70:285 [vtail] dry
  ok   10 w2 apron:70:285 [vtail] clear of solid things  (Infinity m of 3.00 (nothing))
  ok   10 w2 apron:70:285 [vtail] clear of stock build's routes  (53.94 m of 8.00)
  ok   10 w2 apron:70:285 [vtail] clear of aluminium C172's routes  (53.94 m of 8.50)
  ok   10 w2 apron:70:285 [vtail] clear of the user's Cub's routes  (53.94 m of 8.35)
  ok   10 w2 apron:70:285 [mw5] inside the field
  ok   10 w2 apron:70:285 [mw5] flat  (0.07 m of 0.60)
  ok   10 w2 apron:70:285 [mw5] dry
  ok   10 w2 apron:70:285 [mw5] clear of solid things  (Infinity m of 3.00 (nothing))
  ok   10 w2 apron:70:285 [mw5] clear of stock build's routes  (54.35 m of 8.00)
  ok   10 w2 apron:70:285 [mw5] clear of aluminium C172's routes  (54.35 m of 8.50)
  ok   10 w2 apron:70:285 [mw5] clear of the user's Cub's routes  (54.35 m of 8.35)
  ok   10 w2 apron:70:285 [archaeopteryx] inside the field
  ok   10 w2 apron:70:285 [archaeopteryx] flat  (0.07 m of 0.60)
  ok   10 w2 apron:70:285 [archaeopteryx] dry
  ok   10 w2 apron:70:285 [archaeopteryx] clear of solid things  (Infinity m of 3.00 (nothing))
  ok   10 w2 apron:70:285 [archaeopteryx] clear of stock build's routes  (54.24 m of 8.00)
  ok   10 w2 apron:70:285 [archaeopteryx] clear of aluminium C172's routes  (54.24 m of 8.50)
  ok   10 w2 apron:70:285 [archaeopteryx] clear of the user's Cub's routes  (54.24 m of 8.35)
  ok   10 w2 apron:70:285 [da62] inside the field
  ok   10 w2 apron:70:285 [da62] flat  (0.08 m of 0.60)
  ok   10 w2 apron:70:285 [da62] dry
  ok   10 w2 apron:70:285 [da62] clear of solid things  (Infinity m of 3.00 (nothing))
  ok   10 w2 apron:70:285 [da62] clear of stock build's routes  (53.97 m of 8.00)
  ok   10 w2 apron:70:285 [da62] clear of aluminium C172's routes  (53.97 m of 8.50)
  ok   10 w2 apron:70:285 [da62] clear of the user's Cub's routes  (53.97 m of 8.35)
  ok   10 w2 apron:70:285 [twinBush] inside the field
  ok   10 w2 apron:70:285 [twinBush] flat  (0.11 m of 0.60)
  ok   10 w2 apron:70:285 [twinBush] dry
  ok   10 w2 apron:70:285 [twinBush] clear of solid things  (Infinity m of 3.00 (nothing))
  ok   10 w2 apron:70:285 [twinBush] clear of stock build's routes  (53.88 m of 8.00)
  ok   10 w2 apron:70:285 [twinBush] clear of aluminium C172's routes  (53.88 m of 8.50)
  ok   10 w2 apron:70:285 [twinBush] clear of the user's Cub's routes  (53.88 m of 8.35)
  ok   10 w2 apron:70:285 [skymaster] inside the field
  ok   10 w2 apron:70:285 [skymaster] flat  (0.08 m of 0.60)
  ok   10 w2 apron:70:285 [skymaster] dry
  ok   10 w2 apron:70:285 [skymaster] clear of solid things  (Infinity m of 3.00 (nothing))
  ok   10 w2 apron:70:285 [skymaster] clear of stock build's routes  (53.94 m of 8.00)
  ok   10 w2 apron:70:285 [skymaster] clear of aluminium C172's routes  (53.94 m of 8.50)
  ok   10 w2 apron:70:285 [skymaster] clear of the user's Cub's routes  (53.94 m of 8.35)
  ok   10 w2 apron:70:285 [p38] inside the field
  ok   10 w2 apron:70:285 [p38] flat  (0.07 m of 0.60)
  ok   10 w2 apron:70:285 [p38] dry
  ok   10 w2 apron:70:285 [p38] clear of solid things  (Infinity m of 3.00 (nothing))
  ok   10 w2 apron:70:285 [p38] clear of stock build's routes  (54.14 m of 8.00)
  ok   10 w2 apron:70:285 [p38] clear of aluminium C172's routes  (54.14 m of 8.50)
  ok   10 w2 apron:70:285 [p38] clear of the user's Cub's routes  (54.14 m of 8.35)
  ok   10 w2 apron:70:285 [beaver] inside the field
  ok   10 w2 apron:70:285 [beaver] flat  (0.08 m of 0.60)
  ok   10 w2 apron:70:285 [beaver] dry
  ok   10 w2 apron:70:285 [beaver] clear of solid things  (Infinity m of 3.00 (nothing))
  ok   10 w2 apron:70:285 [beaver] clear of stock build's routes  (53.64 m of 8.00)
  ok   10 w2 apron:70:285 [beaver] clear of aluminium C172's routes  (53.64 m of 8.50)
  ok   10 w2 apron:70:285 [beaver] clear of the user's Cub's routes  (53.64 m of 8.35)
  ok   10 w2 apron:70:285 [default] inside the field
  ok   10 w2 apron:70:285 [default] flat  (0.09 m of 0.60)
  ok   10 w2 apron:70:285 [default] dry
  ok   10 w2 apron:70:285 [default] clear of solid things  (Infinity m of 3.00 (nothing))
  ok   10 w2 apron:70:285 [default] clear of stock build's routes  (53.18 m of 8.00)
  ok   10 w2 apron:70:285 [default] clear of aluminium C172's routes  (53.18 m of 8.50)
  ok   10 w2 apron:70:285 [default] clear of the user's Cub's routes  (53.18 m of 8.35)
  ok   10 w2 apron:70:300 [cub] inside the field
  ok   10 w2 apron:70:300 [cub] flat  (0.18 m of 0.60)
  ok   10 w2 apron:70:300 [cub] dry
  ok   10 w2 apron:70:300 [cub] clear of solid things  (Infinity m of 3.00 (nothing))
  ok   10 w2 apron:70:300 [cub] clear of stock build's routes  (49.59 m of 8.00)
  ok   10 w2 apron:70:300 [cub] clear of aluminium C172's routes  (49.59 m of 8.50)
  ok   10 w2 apron:70:300 [cub] clear of the user's Cub's routes  (49.59 m of 8.35)
  ok   10 w2 apron:70:300 [pietenpol] inside the field
  ok   10 w2 apron:70:300 [pietenpol] flat  (0.16 m of 0.60)
  ok   10 w2 apron:70:300 [pietenpol] dry
  ok   10 w2 apron:70:300 [pietenpol] clear of solid things  (Infinity m of 3.00 (nothing))
  ok   10 w2 apron:70:300 [pietenpol] clear of stock build's routes  (50.20 m of 8.00)
  ok   10 w2 apron:70:300 [pietenpol] clear of aluminium C172's routes  (50.20 m of 8.50)
  ok   10 w2 apron:70:300 [pietenpol] clear of the user's Cub's routes  (50.20 m of 8.35)
  ok   10 w2 apron:70:300 [tigermoth] inside the field
  ok   10 w2 apron:70:300 [tigermoth] flat  (0.16 m of 0.60)
  ok   10 w2 apron:70:300 [tigermoth] dry
  ok   10 w2 apron:70:300 [tigermoth] clear of solid things  (Infinity m of 3.00 (nothing))
  ok   10 w2 apron:70:300 [tigermoth] clear of stock build's routes  (50.18 m of 8.00)
  ok   10 w2 apron:70:300 [tigermoth] clear of aluminium C172's routes  (50.18 m of 8.50)
  ok   10 w2 apron:70:300 [tigermoth] clear of the user's Cub's routes  (50.18 m of 8.35)
  ok   10 w2 apron:70:300 [stearman] inside the field
  ok   10 w2 apron:70:300 [stearman] flat  (0.17 m of 0.60)
  ok   10 w2 apron:70:300 [stearman] dry
  ok   10 w2 apron:70:300 [stearman] clear of solid things  (Infinity m of 3.00 (nothing))
  ok   10 w2 apron:70:300 [stearman] clear of stock build's routes  (49.99 m of 8.00)
  ok   10 w2 apron:70:300 [stearman] clear of aluminium C172's routes  (49.99 m of 8.50)
  ok   10 w2 apron:70:300 [stearman] clear of the user's Cub's routes  (49.99 m of 8.35)
  ok   10 w2 apron:70:300 [pittsAlike] inside the field
  ok   10 w2 apron:70:300 [pittsAlike] flat  (0.14 m of 0.60)
  ok   10 w2 apron:70:300 [pittsAlike] dry
  ok   10 w2 apron:70:300 [pittsAlike] clear of solid things  (Infinity m of 3.00 (nothing))
  ok   10 w2 apron:70:300 [pittsAlike] clear of stock build's routes  (50.45 m of 8.00)
  ok   10 w2 apron:70:300 [pittsAlike] clear of aluminium C172's routes  (50.45 m of 8.50)
  ok   10 w2 apron:70:300 [pittsAlike] clear of the user's Cub's routes  (50.45 m of 8.35)
  ok   10 w2 apron:70:300 [sesqui] inside the field
  ok   10 w2 apron:70:300 [sesqui] flat  (0.18 m of 0.60)
  ok   10 w2 apron:70:300 [sesqui] dry
  ok   10 w2 apron:70:300 [sesqui] clear of solid things  (Infinity m of 3.00 (nothing))
  ok   10 w2 apron:70:300 [sesqui] clear of stock build's routes  (50.07 m of 8.00)
  ok   10 w2 apron:70:300 [sesqui] clear of aluminium C172's routes  (50.07 m of 8.50)
  ok   10 w2 apron:70:300 [sesqui] clear of the user's Cub's routes  (50.07 m of 8.35)
  ok   10 w2 apron:70:300 [jodel] inside the field
  ok   10 w2 apron:70:300 [jodel] flat  (0.16 m of 0.60)
  ok   10 w2 apron:70:300 [jodel] dry
  ok   10 w2 apron:70:300 [jodel] clear of solid things  (Infinity m of 3.00 (nothing))
  ok   10 w2 apron:70:300 [jodel] clear of stock build's routes  (49.76 m of 8.00)
  ok   10 w2 apron:70:300 [jodel] clear of aluminium C172's routes  (49.76 m of 8.50)
  ok   10 w2 apron:70:300 [jodel] clear of the user's Cub's routes  (49.76 m of 8.35)
  ok   10 w2 apron:70:300 [c172] inside the field
  ok   10 w2 apron:70:300 [c172] flat  (0.18 m of 0.60)
  ok   10 w2 apron:70:300 [c172] dry
  ok   10 w2 apron:70:300 [c172] clear of solid things  (Infinity m of 3.00 (nothing))
  ok   10 w2 apron:70:300 [c172] clear of stock build's routes  (49.37 m of 8.00)
  ok   10 w2 apron:70:300 [c172] clear of aluminium C172's routes  (49.37 m of 8.50)
  ok   10 w2 apron:70:300 [c172] clear of the user's Cub's routes  (49.37 m of 8.35)
  ok   10 w2 apron:70:300 [chinook] inside the field
  ok   10 w2 apron:70:300 [chinook] flat  (0.18 m of 0.60)
  ok   10 w2 apron:70:300 [chinook] dry
  ok   10 w2 apron:70:300 [chinook] clear of solid things  (Infinity m of 3.00 (nothing))
  ok   10 w2 apron:70:300 [chinook] clear of stock build's routes  (50.58 m of 8.00)
  ok   10 w2 apron:70:300 [chinook] clear of aluminium C172's routes  (50.58 m of 8.50)
  ok   10 w2 apron:70:300 [chinook] clear of the user's Cub's routes  (50.58 m of 8.35)
  ok   10 w2 apron:70:300 [caravan] inside the field
  ok   10 w2 apron:70:300 [caravan] flat  (0.22 m of 0.60)
  ok   10 w2 apron:70:300 [caravan] dry
  ok   10 w2 apron:70:300 [caravan] clear of solid things  (Infinity m of 3.00 (nothing))
  ok   10 w2 apron:70:300 [caravan] clear of stock build's routes  (48.45 m of 8.00)
  ok   10 w2 apron:70:300 [caravan] clear of aluminium C172's routes  (48.45 m of 8.50)
  ok   10 w2 apron:70:300 [caravan] clear of the user's Cub's routes  (48.45 m of 8.35)
  ok   10 w2 apron:70:300 [rv] inside the field
  ok   10 w2 apron:70:300 [rv] flat  (0.17 m of 0.60)
  ok   10 w2 apron:70:300 [rv] dry
  ok   10 w2 apron:70:300 [rv] clear of solid things  (Infinity m of 3.00 (nothing))
  ok   10 w2 apron:70:300 [rv] clear of stock build's routes  (50.09 m of 8.00)
  ok   10 w2 apron:70:300 [rv] clear of aluminium C172's routes  (50.09 m of 8.50)
  ok   10 w2 apron:70:300 [rv] clear of the user's Cub's routes  (50.09 m of 8.35)
  ok   10 w2 apron:70:300 [savannah] inside the field
  ok   10 w2 apron:70:300 [savannah] flat  (0.17 m of 0.60)
  ok   10 w2 apron:70:300 [savannah] dry
  ok   10 w2 apron:70:300 [savannah] clear of solid things  (Infinity m of 3.00 (nothing))
  ok   10 w2 apron:70:300 [savannah] clear of stock build's routes  (50.16 m of 8.00)
  ok   10 w2 apron:70:300 [savannah] clear of aluminium C172's routes  (50.16 m of 8.50)
  ok   10 w2 apron:70:300 [savannah] clear of the user's Cub's routes  (50.16 m of 8.35)
  ok   10 w2 apron:70:300 [ul1] inside the field
  ok   10 w2 apron:70:300 [ul1] flat  (0.17 m of 0.60)
  ok   10 w2 apron:70:300 [ul1] dry
  ok   10 w2 apron:70:300 [ul1] clear of solid things  (Infinity m of 3.00 (nothing))
  ok   10 w2 apron:70:300 [ul1] clear of stock build's routes  (50.13 m of 8.00)
  ok   10 w2 apron:70:300 [ul1] clear of aluminium C172's routes  (50.13 m of 8.50)
  ok   10 w2 apron:70:300 [ul1] clear of the user's Cub's routes  (50.13 m of 8.35)
  ok   10 w2 apron:70:300 [floatplane] inside the field
  ok   10 w2 apron:70:300 [floatplane] flat  (0.20 m of 0.60)
  ok   10 w2 apron:70:300 [floatplane] dry
  ok   10 w2 apron:70:300 [floatplane] clear of solid things  (Infinity m of 3.00 (nothing))
  ok   10 w2 apron:70:300 [floatplane] clear of stock build's routes  (49.58 m of 8.00)
  ok   10 w2 apron:70:300 [floatplane] clear of aluminium C172's routes  (49.58 m of 8.50)
  ok   10 w2 apron:70:300 [floatplane] clear of the user's Cub's routes  (49.58 m of 8.35)
  ok   10 w2 apron:70:300 [pusherPod] inside the field
  ok   10 w2 apron:70:300 [pusherPod] flat  (0.17 m of 0.60)
  ok   10 w2 apron:70:300 [pusherPod] dry
  ok   10 w2 apron:70:300 [pusherPod] clear of solid things  (Infinity m of 3.00 (nothing))
  ok   10 w2 apron:70:300 [pusherPod] clear of stock build's routes  (50.45 m of 8.00)
  ok   10 w2 apron:70:300 [pusherPod] clear of aluminium C172's routes  (50.45 m of 8.50)
  ok   10 w2 apron:70:300 [pusherPod] clear of the user's Cub's routes  (50.45 m of 8.35)
  ok   10 w2 apron:70:300 [motorglider] inside the field
  ok   10 w2 apron:70:300 [motorglider] flat  (0.22 m of 0.60)
  ok   10 w2 apron:70:300 [motorglider] dry
  ok   10 w2 apron:70:300 [motorglider] clear of solid things  (Infinity m of 3.00 (nothing))
  ok   10 w2 apron:70:300 [motorglider] clear of stock build's routes  (49.73 m of 8.00)
  ok   10 w2 apron:70:300 [motorglider] clear of aluminium C172's routes  (49.73 m of 8.50)
  ok   10 w2 apron:70:300 [motorglider] clear of the user's Cub's routes  (49.73 m of 8.35)
  ok   10 w2 apron:70:300 [radial] inside the field
  ok   10 w2 apron:70:300 [radial] flat  (0.19 m of 0.60)
  ok   10 w2 apron:70:300 [radial] dry
  ok   10 w2 apron:70:300 [radial] clear of solid things  (Infinity m of 3.00 (nothing))
  ok   10 w2 apron:70:300 [radial] clear of stock build's routes  (49.95 m of 8.00)
  ok   10 w2 apron:70:300 [radial] clear of aluminium C172's routes  (49.95 m of 8.50)
  ok   10 w2 apron:70:300 [radial] clear of the user's Cub's routes  (49.95 m of 8.35)
  ok   10 w2 apron:70:300 [etrainer] inside the field
  ok   10 w2 apron:70:300 [etrainer] flat  (0.16 m of 0.60)
  ok   10 w2 apron:70:300 [etrainer] dry
  ok   10 w2 apron:70:300 [etrainer] clear of solid things  (Infinity m of 3.00 (nothing))
  ok   10 w2 apron:70:300 [etrainer] clear of stock build's routes  (50.18 m of 8.00)
  ok   10 w2 apron:70:300 [etrainer] clear of aluminium C172's routes  (50.18 m of 8.50)
  ok   10 w2 apron:70:300 [etrainer] clear of the user's Cub's routes  (50.18 m of 8.35)
  ok   10 w2 apron:70:300 [ttail] inside the field
  ok   10 w2 apron:70:300 [ttail] flat  (0.19 m of 0.60)
  ok   10 w2 apron:70:300 [ttail] dry
  ok   10 w2 apron:70:300 [ttail] clear of solid things  (Infinity m of 3.00 (nothing))
  ok   10 w2 apron:70:300 [ttail] clear of stock build's routes  (49.95 m of 8.00)
  ok   10 w2 apron:70:300 [ttail] clear of aluminium C172's routes  (49.95 m of 8.50)
  ok   10 w2 apron:70:300 [ttail] clear of the user's Cub's routes  (49.95 m of 8.35)
  ok   10 w2 apron:70:300 [vtail] inside the field
  ok   10 w2 apron:70:300 [vtail] flat  (0.19 m of 0.60)
  ok   10 w2 apron:70:300 [vtail] dry
  ok   10 w2 apron:70:300 [vtail] clear of solid things  (Infinity m of 3.00 (nothing))
  ok   10 w2 apron:70:300 [vtail] clear of stock build's routes  (49.95 m of 8.00)
  ok   10 w2 apron:70:300 [vtail] clear of aluminium C172's routes  (49.95 m of 8.50)
  ok   10 w2 apron:70:300 [vtail] clear of the user's Cub's routes  (49.95 m of 8.35)
  ok   10 w2 apron:70:300 [mw5] inside the field
  ok   10 w2 apron:70:300 [mw5] flat  (0.17 m of 0.60)
  ok   10 w2 apron:70:300 [mw5] dry
  ok   10 w2 apron:70:300 [mw5] clear of solid things  (Infinity m of 3.00 (nothing))
  ok   10 w2 apron:70:300 [mw5] clear of stock build's routes  (50.43 m of 8.00)
  ok   10 w2 apron:70:300 [mw5] clear of aluminium C172's routes  (50.43 m of 8.50)
  ok   10 w2 apron:70:300 [mw5] clear of the user's Cub's routes  (50.43 m of 8.35)
  ok   10 w2 apron:70:300 [archaeopteryx] inside the field
  ok   10 w2 apron:70:300 [archaeopteryx] flat  (0.19 m of 0.60)
  ok   10 w2 apron:70:300 [archaeopteryx] dry
  ok   10 w2 apron:70:300 [archaeopteryx] clear of solid things  (Infinity m of 3.00 (nothing))
  ok   10 w2 apron:70:300 [archaeopteryx] clear of stock build's routes  (50.25 m of 8.00)
  ok   10 w2 apron:70:300 [archaeopteryx] clear of aluminium C172's routes  (50.25 m of 8.50)
  ok   10 w2 apron:70:300 [archaeopteryx] clear of the user's Cub's routes  (50.25 m of 8.35)
  ok   10 w2 apron:70:300 [da62] inside the field
  ok   10 w2 apron:70:300 [da62] flat  (0.22 m of 0.60)
  ok   10 w2 apron:70:300 [da62] dry
  ok   10 w2 apron:70:300 [da62] clear of solid things  (Infinity m of 3.00 (nothing))
  ok   10 w2 apron:70:300 [da62] clear of stock build's routes  (49.82 m of 8.00)
  ok   10 w2 apron:70:300 [da62] clear of aluminium C172's routes  (49.82 m of 8.50)
  ok   10 w2 apron:70:300 [da62] clear of the user's Cub's routes  (49.82 m of 8.35)
  ok   10 w2 apron:70:300 [twinBush] inside the field
  ok   10 w2 apron:70:300 [twinBush] flat  (0.22 m of 0.60)
  ok   10 w2 apron:70:300 [twinBush] dry
  ok   10 w2 apron:70:300 [twinBush] clear of solid things  (Infinity m of 3.00 (nothing))
  ok   10 w2 apron:70:300 [twinBush] clear of stock build's routes  (49.59 m of 8.00)
  ok   10 w2 apron:70:300 [twinBush] clear of aluminium C172's routes  (49.59 m of 8.50)
  ok   10 w2 apron:70:300 [twinBush] clear of the user's Cub's routes  (49.59 m of 8.35)
  ok   10 w2 apron:70:300 [skymaster] inside the field
  ok   10 w2 apron:70:300 [skymaster] flat  (0.19 m of 0.60)
  ok   10 w2 apron:70:300 [skymaster] dry
  ok   10 w2 apron:70:300 [skymaster] clear of solid things  (Infinity m of 3.00 (nothing))
  ok   10 w2 apron:70:300 [skymaster] clear of stock build's routes  (49.95 m of 8.00)
  ok   10 w2 apron:70:300 [skymaster] clear of aluminium C172's routes  (49.95 m of 8.50)
  ok   10 w2 apron:70:300 [skymaster] clear of the user's Cub's routes  (49.95 m of 8.35)
  ok   10 w2 apron:70:300 [p38] inside the field
  ok   10 w2 apron:70:300 [p38] flat  (0.19 m of 0.60)
  ok   10 w2 apron:70:300 [p38] dry
  ok   10 w2 apron:70:300 [p38] clear of solid things  (Infinity m of 3.00 (nothing))
  ok   10 w2 apron:70:300 [p38] clear of stock build's routes  (50.15 m of 8.00)
  ok   10 w2 apron:70:300 [p38] clear of aluminium C172's routes  (50.15 m of 8.50)
  ok   10 w2 apron:70:300 [p38] clear of the user's Cub's routes  (50.15 m of 8.35)
  ok   10 w2 apron:70:300 [beaver] inside the field
  ok   10 w2 apron:70:300 [beaver] flat  (0.22 m of 0.60)
  ok   10 w2 apron:70:300 [beaver] dry
  ok   10 w2 apron:70:300 [beaver] clear of solid things  (Infinity m of 3.00 (nothing))
  ok   10 w2 apron:70:300 [beaver] clear of stock build's routes  (49.45 m of 8.00)
  ok   10 w2 apron:70:300 [beaver] clear of aluminium C172's routes  (49.45 m of 8.50)
  ok   10 w2 apron:70:300 [beaver] clear of the user's Cub's routes  (49.45 m of 8.35)
  ok   10 w2 apron:70:300 [default] inside the field
  ok   10 w2 apron:70:300 [default] flat  (0.20 m of 0.60)
  ok   10 w2 apron:70:300 [default] dry
  ok   10 w2 apron:70:300 [default] clear of solid things  (Infinity m of 3.00 (nothing))
  ok   10 w2 apron:70:300 [default] clear of stock build's routes  (49.16 m of 8.00)
  ok   10 w2 apron:70:300 [default] clear of aluminium C172's routes  (49.16 m of 8.50)
  ok   10 w2 apron:70:300 [default] clear of the user's Cub's routes  (49.16 m of 8.35)
  ok   10 w2 ring:R0:3 [cub] inside the field
  ok   10 w2 ring:R0:3 [cub] flat  (0.09 m of 0.60)
  ok   10 w2 ring:R0:3 [cub] dry
  ok   10 w2 ring:R0:3 [cub] clear of solid things  (Infinity m of 3.00 (nothing))
  ok   10 w2 ring:R0:3 [cub] clear of stock build's routes  (45.20 m of 8.00)
  ok   10 w2 ring:R0:3 [cub] clear of aluminium C172's routes  (45.20 m of 8.50)
  ok   10 w2 ring:R0:3 [cub] clear of the user's Cub's routes  (45.20 m of 8.35)
  ok   10 w2 ring:R0:3 [pietenpol] inside the field
  ok   10 w2 ring:R0:3 [pietenpol] flat  (0.09 m of 0.60)
  ok   10 w2 ring:R0:3 [pietenpol] dry
  ok   10 w2 ring:R0:3 [pietenpol] clear of solid things  (Infinity m of 3.00 (nothing))
  ok   10 w2 ring:R0:3 [pietenpol] clear of stock build's routes  (45.88 m of 8.00)
  ok   10 w2 ring:R0:3 [pietenpol] clear of aluminium C172's routes  (45.88 m of 8.50)
  ok   10 w2 ring:R0:3 [pietenpol] clear of the user's Cub's routes  (45.88 m of 8.35)
  ok   10 w2 ring:R0:3 [tigermoth] inside the field
  ok   10 w2 ring:R0:3 [tigermoth] flat  (0.09 m of 0.60)
  ok   10 w2 ring:R0:3 [tigermoth] dry
  ok   10 w2 ring:R0:3 [tigermoth] clear of solid things  (Infinity m of 3.00 (nothing))
  ok   10 w2 ring:R0:3 [tigermoth] clear of stock build's routes  (45.85 m of 8.00)
  ok   10 w2 ring:R0:3 [tigermoth] clear of aluminium C172's routes  (45.85 m of 8.50)
  ok   10 w2 ring:R0:3 [tigermoth] clear of the user's Cub's routes  (45.85 m of 8.35)
  ok   10 w2 ring:R0:3 [stearman] inside the field
  ok   10 w2 ring:R0:3 [stearman] flat  (0.09 m of 0.60)
  ok   10 w2 ring:R0:3 [stearman] dry
  ok   10 w2 ring:R0:3 [stearman] clear of solid things  (Infinity m of 3.00 (nothing))
  ok   10 w2 ring:R0:3 [stearman] clear of stock build's routes  (45.63 m of 8.00)
  ok   10 w2 ring:R0:3 [stearman] clear of aluminium C172's routes  (45.63 m of 8.50)
  ok   10 w2 ring:R0:3 [stearman] clear of the user's Cub's routes  (45.63 m of 8.35)
  ok   10 w2 ring:R0:3 [pittsAlike] inside the field
  ok   10 w2 ring:R0:3 [pittsAlike] flat  (0.07 m of 0.60)
  ok   10 w2 ring:R0:3 [pittsAlike] dry
  ok   10 w2 ring:R0:3 [pittsAlike] clear of solid things  (Infinity m of 3.00 (nothing))
  ok   10 w2 ring:R0:3 [pittsAlike] clear of stock build's routes  (46.20 m of 8.00)
  ok   10 w2 ring:R0:3 [pittsAlike] clear of aluminium C172's routes  (46.20 m of 8.50)
  ok   10 w2 ring:R0:3 [pittsAlike] clear of the user's Cub's routes  (46.20 m of 8.35)
  ok   10 w2 ring:R0:3 [sesqui] inside the field
  ok   10 w2 ring:R0:3 [sesqui] flat  (0.09 m of 0.60)
  ok   10 w2 ring:R0:3 [sesqui] dry
  ok   10 w2 ring:R0:3 [sesqui] clear of solid things  (Infinity m of 3.00 (nothing))
  ok   10 w2 ring:R0:3 [sesqui] clear of stock build's routes  (45.70 m of 8.00)
  ok   10 w2 ring:R0:3 [sesqui] clear of aluminium C172's routes  (45.70 m of 8.50)
  ok   10 w2 ring:R0:3 [sesqui] clear of the user's Cub's routes  (45.70 m of 8.35)
  ok   10 w2 ring:R0:3 [jodel] inside the field
  ok   10 w2 ring:R0:3 [jodel] flat  (0.08 m of 0.60)
  ok   10 w2 ring:R0:3 [jodel] dry
  ok   10 w2 ring:R0:3 [jodel] clear of solid things  (Infinity m of 3.00 (nothing))
  ok   10 w2 ring:R0:3 [jodel] clear of stock build's routes  (45.46 m of 8.00)
  ok   10 w2 ring:R0:3 [jodel] clear of aluminium C172's routes  (45.46 m of 8.50)
  ok   10 w2 ring:R0:3 [jodel] clear of the user's Cub's routes  (45.46 m of 8.35)
  ok   10 w2 ring:R0:3 [c172] inside the field
  ok   10 w2 ring:R0:3 [c172] flat  (0.11 m of 0.60)
  ok   10 w2 ring:R0:3 [c172] dry
  ok   10 w2 ring:R0:3 [c172] clear of solid things  (Infinity m of 3.00 (nothing))
  ok   10 w2 ring:R0:3 [c172] clear of stock build's routes  (44.98 m of 8.00)
  ok   10 w2 ring:R0:3 [c172] clear of aluminium C172's routes  (44.98 m of 8.50)
  ok   10 w2 ring:R0:3 [c172] clear of the user's Cub's routes  (44.98 m of 8.35)
  ok   10 w2 ring:R0:3 [chinook] inside the field
  ok   10 w2 ring:R0:3 [chinook] flat  (0.08 m of 0.60)
  ok   10 w2 ring:R0:3 [chinook] dry
  ok   10 w2 ring:R0:3 [chinook] clear of solid things  (Infinity m of 3.00 (nothing))
  ok   10 w2 ring:R0:3 [chinook] clear of stock build's routes  (46.21 m of 8.00)
  ok   10 w2 ring:R0:3 [chinook] clear of aluminium C172's routes  (46.21 m of 8.50)
  ok   10 w2 ring:R0:3 [chinook] clear of the user's Cub's routes  (46.21 m of 8.35)
  ok   10 w2 ring:R0:3 [caravan] inside the field
  ok   10 w2 ring:R0:3 [caravan] flat  (0.15 m of 0.60)
  ok   10 w2 ring:R0:3 [caravan] dry
  ok   10 w2 ring:R0:3 [caravan] clear of solid things  (Infinity m of 3.00 (nothing))
  ok   10 w2 ring:R0:3 [caravan] clear of stock build's routes  (43.97 m of 8.00)
  ok   10 w2 ring:R0:3 [caravan] clear of aluminium C172's routes  (43.97 m of 8.50)
  ok   10 w2 ring:R0:3 [caravan] clear of the user's Cub's routes  (43.97 m of 8.35)
  ok   10 w2 ring:R0:3 [rv] inside the field
  ok   10 w2 ring:R0:3 [rv] flat  (0.09 m of 0.60)
  ok   10 w2 ring:R0:3 [rv] dry
  ok   10 w2 ring:R0:3 [rv] clear of solid things  (Infinity m of 3.00 (nothing))
  ok   10 w2 ring:R0:3 [rv] clear of stock build's routes  (45.73 m of 8.00)
  ok   10 w2 ring:R0:3 [rv] clear of aluminium C172's routes  (45.73 m of 8.50)
  ok   10 w2 ring:R0:3 [rv] clear of the user's Cub's routes  (45.73 m of 8.35)
  ok   10 w2 ring:R0:3 [savannah] inside the field
  ok   10 w2 ring:R0:3 [savannah] flat  (0.09 m of 0.60)
  ok   10 w2 ring:R0:3 [savannah] dry
  ok   10 w2 ring:R0:3 [savannah] clear of solid things  (Infinity m of 3.00 (nothing))
  ok   10 w2 ring:R0:3 [savannah] clear of stock build's routes  (45.82 m of 8.00)
  ok   10 w2 ring:R0:3 [savannah] clear of aluminium C172's routes  (45.82 m of 8.50)
  ok   10 w2 ring:R0:3 [savannah] clear of the user's Cub's routes  (45.82 m of 8.35)
  ok   10 w2 ring:R0:3 [ul1] inside the field
  ok   10 w2 ring:R0:3 [ul1] flat  (0.09 m of 0.60)
  ok   10 w2 ring:R0:3 [ul1] dry
  ok   10 w2 ring:R0:3 [ul1] clear of solid things  (Infinity m of 3.00 (nothing))
  ok   10 w2 ring:R0:3 [ul1] clear of stock build's routes  (45.79 m of 8.00)
  ok   10 w2 ring:R0:3 [ul1] clear of aluminium C172's routes  (45.79 m of 8.50)
  ok   10 w2 ring:R0:3 [ul1] clear of the user's Cub's routes  (45.79 m of 8.35)
  ok   10 w2 ring:R0:3 [floatplane] inside the field
  ok   10 w2 ring:R0:3 [floatplane] flat  (0.11 m of 0.60)
  ok   10 w2 ring:R0:3 [floatplane] dry
  ok   10 w2 ring:R0:3 [floatplane] clear of solid things  (Infinity m of 3.00 (nothing))
  ok   10 w2 ring:R0:3 [floatplane] clear of stock build's routes  (45.15 m of 8.00)
  ok   10 w2 ring:R0:3 [floatplane] clear of aluminium C172's routes  (45.15 m of 8.50)
  ok   10 w2 ring:R0:3 [floatplane] clear of the user's Cub's routes  (45.15 m of 8.35)
  ok   10 w2 ring:R0:3 [pusherPod] inside the field
  ok   10 w2 ring:R0:3 [pusherPod] flat  (0.08 m of 0.60)
  ok   10 w2 ring:R0:3 [pusherPod] dry
  ok   10 w2 ring:R0:3 [pusherPod] clear of solid things  (Infinity m of 3.00 (nothing))
  ok   10 w2 ring:R0:3 [pusherPod] clear of stock build's routes  (46.11 m of 8.00)
  ok   10 w2 ring:R0:3 [pusherPod] clear of aluminium C172's routes  (46.11 m of 8.50)
  ok   10 w2 ring:R0:3 [pusherPod] clear of the user's Cub's routes  (46.11 m of 8.35)
  ok   10 w2 ring:R0:3 [motorglider] inside the field
  ok   10 w2 ring:R0:3 [motorglider] flat  (0.10 m of 0.60)
  ok   10 w2 ring:R0:3 [motorglider] dry
  ok   10 w2 ring:R0:3 [motorglider] clear of solid things  (Infinity m of 3.00 (nothing))
  ok   10 w2 ring:R0:3 [motorglider] clear of stock build's routes  (45.26 m of 8.00)
  ok   10 w2 ring:R0:3 [motorglider] clear of aluminium C172's routes  (45.26 m of 8.50)
  ok   10 w2 ring:R0:3 [motorglider] clear of the user's Cub's routes  (45.26 m of 8.35)
  ok   10 w2 ring:R0:3 [radial] inside the field
  ok   10 w2 ring:R0:3 [radial] flat  (0.10 m of 0.60)
  ok   10 w2 ring:R0:3 [radial] dry
  ok   10 w2 ring:R0:3 [radial] clear of solid things  (Infinity m of 3.00 (nothing))
  ok   10 w2 ring:R0:3 [radial] clear of stock build's routes  (45.55 m of 8.00)
  ok   10 w2 ring:R0:3 [radial] clear of aluminium C172's routes  (45.55 m of 8.50)
  ok   10 w2 ring:R0:3 [radial] clear of the user's Cub's routes  (45.55 m of 8.35)
  ok   10 w2 ring:R0:3 [etrainer] inside the field
  ok   10 w2 ring:R0:3 [etrainer] flat  (0.09 m of 0.60)
  ok   10 w2 ring:R0:3 [etrainer] dry
  ok   10 w2 ring:R0:3 [etrainer] clear of solid things  (Infinity m of 3.00 (nothing))
  ok   10 w2 ring:R0:3 [etrainer] clear of stock build's routes  (45.85 m of 8.00)
  ok   10 w2 ring:R0:3 [etrainer] clear of aluminium C172's routes  (45.85 m of 8.50)
  ok   10 w2 ring:R0:3 [etrainer] clear of the user's Cub's routes  (45.85 m of 8.35)
  ok   10 w2 ring:R0:3 [ttail] inside the field
  ok   10 w2 ring:R0:3 [ttail] flat  (0.10 m of 0.60)
  ok   10 w2 ring:R0:3 [ttail] dry
  ok   10 w2 ring:R0:3 [ttail] clear of solid things  (Infinity m of 3.00 (nothing))
  ok   10 w2 ring:R0:3 [ttail] clear of stock build's routes  (45.55 m of 8.00)
  ok   10 w2 ring:R0:3 [ttail] clear of aluminium C172's routes  (45.55 m of 8.50)
  ok   10 w2 ring:R0:3 [ttail] clear of the user's Cub's routes  (45.55 m of 8.35)
  ok   10 w2 ring:R0:3 [vtail] inside the field
  ok   10 w2 ring:R0:3 [vtail] flat  (0.10 m of 0.60)
  ok   10 w2 ring:R0:3 [vtail] dry
  ok   10 w2 ring:R0:3 [vtail] clear of solid things  (Infinity m of 3.00 (nothing))
  ok   10 w2 ring:R0:3 [vtail] clear of stock build's routes  (45.55 m of 8.00)
  ok   10 w2 ring:R0:3 [vtail] clear of aluminium C172's routes  (45.55 m of 8.50)
  ok   10 w2 ring:R0:3 [vtail] clear of the user's Cub's routes  (45.55 m of 8.35)
  ok   10 w2 ring:R0:3 [mw5] inside the field
  ok   10 w2 ring:R0:3 [mw5] flat  (0.08 m of 0.60)
  ok   10 w2 ring:R0:3 [mw5] dry
  ok   10 w2 ring:R0:3 [mw5] clear of solid things  (Infinity m of 3.00 (nothing))
  ok   10 w2 ring:R0:3 [mw5] clear of stock build's routes  (46.08 m of 8.00)
  ok   10 w2 ring:R0:3 [mw5] clear of aluminium C172's routes  (46.08 m of 8.50)
  ok   10 w2 ring:R0:3 [mw5] clear of the user's Cub's routes  (46.08 m of 8.35)
  ok   10 w2 ring:R0:3 [archaeopteryx] inside the field
  ok   10 w2 ring:R0:3 [archaeopteryx] flat  (0.09 m of 0.60)
  ok   10 w2 ring:R0:3 [archaeopteryx] dry
  ok   10 w2 ring:R0:3 [archaeopteryx] clear of solid things  (Infinity m of 3.00 (nothing))
  ok   10 w2 ring:R0:3 [archaeopteryx] clear of stock build's routes  (45.84 m of 8.00)
  ok   10 w2 ring:R0:3 [archaeopteryx] clear of aluminium C172's routes  (45.84 m of 8.50)
  ok   10 w2 ring:R0:3 [archaeopteryx] clear of the user's Cub's routes  (45.84 m of 8.35)
  ok   10 w2 ring:R0:3 [da62] inside the field
  ok   10 w2 ring:R0:3 [da62] flat  (0.14 m of 0.60)
  ok   10 w2 ring:R0:3 [da62] dry
  ok   10 w2 ring:R0:3 [da62] clear of solid things  (Infinity m of 3.00 (nothing))
  ok   10 w2 ring:R0:3 [da62] clear of stock build's routes  (45.30 m of 8.00)
  ok   10 w2 ring:R0:3 [da62] clear of aluminium C172's routes  (45.30 m of 8.50)
  ok   10 w2 ring:R0:3 [da62] clear of the user's Cub's routes  (45.30 m of 8.35)
  ok   10 w2 ring:R0:3 [twinBush] inside the field
  ok   10 w2 ring:R0:3 [twinBush] flat  (0.19 m of 0.60)
  ok   10 w2 ring:R0:3 [twinBush] dry
  ok   10 w2 ring:R0:3 [twinBush] clear of solid things  (Infinity m of 3.00 (nothing))
  ok   10 w2 ring:R0:3 [twinBush] clear of stock build's routes  (45.01 m of 8.00)
  ok   10 w2 ring:R0:3 [twinBush] clear of aluminium C172's routes  (45.01 m of 8.50)
  ok   10 w2 ring:R0:3 [twinBush] clear of the user's Cub's routes  (45.01 m of 8.35)
  ok   10 w2 ring:R0:3 [skymaster] inside the field
  ok   10 w2 ring:R0:3 [skymaster] flat  (0.10 m of 0.60)
  ok   10 w2 ring:R0:3 [skymaster] dry
  ok   10 w2 ring:R0:3 [skymaster] clear of solid things  (Infinity m of 3.00 (nothing))
  ok   10 w2 ring:R0:3 [skymaster] clear of stock build's routes  (45.55 m of 8.00)
  ok   10 w2 ring:R0:3 [skymaster] clear of aluminium C172's routes  (45.55 m of 8.50)
  ok   10 w2 ring:R0:3 [skymaster] clear of the user's Cub's routes  (45.55 m of 8.35)
  ok   10 w2 ring:R0:3 [p38] inside the field
  ok   10 w2 ring:R0:3 [p38] flat  (0.10 m of 0.60)
  ok   10 w2 ring:R0:3 [p38] dry
  ok   10 w2 ring:R0:3 [p38] clear of solid things  (Infinity m of 3.00 (nothing))
  ok   10 w2 ring:R0:3 [p38] clear of stock build's routes  (45.75 m of 8.00)
  ok   10 w2 ring:R0:3 [p38] clear of aluminium C172's routes  (45.75 m of 8.50)
  ok   10 w2 ring:R0:3 [p38] clear of the user's Cub's routes  (45.75 m of 8.35)
  ok   10 w2 ring:R0:3 [beaver] inside the field
  ok   10 w2 ring:R0:3 [beaver] flat  (0.14 m of 0.60)
  ok   10 w2 ring:R0:3 [beaver] dry
  ok   10 w2 ring:R0:3 [beaver] clear of solid things  (Infinity m of 3.00 (nothing))
  ok   10 w2 ring:R0:3 [beaver] clear of stock build's routes  (44.93 m of 8.00)
  ok   10 w2 ring:R0:3 [beaver] clear of aluminium C172's routes  (44.93 m of 8.50)
  ok   10 w2 ring:R0:3 [beaver] clear of the user's Cub's routes  (44.93 m of 8.35)
  ok   10 w2 ring:R0:3 [default] inside the field
  ok   10 w2 ring:R0:3 [default] flat  (0.13 m of 0.60)
  ok   10 w2 ring:R0:3 [default] dry
  ok   10 w2 ring:R0:3 [default] clear of solid things  (Infinity m of 3.00 (nothing))
  ok   10 w2 ring:R0:3 [default] clear of stock build's routes  (44.74 m of 8.00)
  ok   10 w2 ring:R0:3 [default] clear of aluminium C172's routes  (44.74 m of 8.50)
  ok   10 w2 ring:R0:3 [default] clear of the user's Cub's routes  (44.74 m of 8.35)
  ok   10 w2 apron:58:75 / apron:58:105 [capacity] not overlapping  (13.48 m of 1.50)
  ok   10 w2 apron:58:75 / apron:58:255 [capacity] not overlapping  (111.80 m of 1.50)
  ok   10 w2 apron:58:75 / apron:58:285 [capacity] not overlapping  (103.85 m of 1.50)
  ok   10 w2 apron:58:75 / apron:70:60 [capacity] not overlapping  (3.16 m of 1.50)
  ok   10 w2 apron:58:75 / apron:70:75 [capacity] not overlapping  (2.80 m of 1.50)
  ok   10 w2 apron:58:75 / apron:70:90 [capacity] not overlapping  (3.15 m of 1.50)
  ok   10 w2 apron:58:75 / apron:70:105 [capacity] not overlapping  (19.02 m of 1.50)
  ok   10 w2 apron:58:75 / apron:70:270 [capacity] not overlapping  (120.66 m of 1.50)
  ok   10 w2 apron:58:75 / apron:70:285 [capacity] not overlapping  (115.48 m of 1.50)
  ok   10 w2 apron:58:75 / apron:70:300 [capacity] not overlapping  (108.35 m of 1.50)
  ok   10 w2 apron:58:75 / ring:R0:3 [capacity] not overlapping  (103.08 m of 1.50)
  ok   10 w2 apron:58:105 / apron:58:255 [capacity] not overlapping  (103.85 m of 1.50)
  ok   10 w2 apron:58:105 / apron:58:285 [capacity] not overlapping  (111.80 m of 1.50)
  ok   10 w2 apron:58:105 / apron:70:60 [capacity] not overlapping  (34.43 m of 1.50)
  ok   10 w2 apron:58:105 / apron:70:75 [capacity] not overlapping  (19.02 m of 1.50)
  ok   10 w2 apron:58:105 / apron:70:90 [capacity] not overlapping  (3.15 m of 1.50)
  ok   10 w2 apron:58:105 / apron:70:105 [capacity] not overlapping  (2.80 m of 1.50)
  ok   10 w2 apron:58:105 / apron:70:270 [capacity] not overlapping  (120.66 m of 1.50)
  ok   10 w2 apron:58:105 / apron:70:285 [capacity] not overlapping  (123.80 m of 1.50)
  ok   10 w2 apron:58:105 / apron:70:300 [capacity] not overlapping  (120.66 m of 1.50)
  ok   10 w2 apron:58:105 / ring:R0:3 [capacity] not overlapping  (117.35 m of 1.50)
  ok   10 w2 apron:58:255 / apron:58:285 [capacity] not overlapping  (13.48 m of 1.50)
  ok   10 w2 apron:58:255 / apron:70:60 [capacity] not overlapping  (120.66 m of 1.50)
  ok   10 w2 apron:58:255 / apron:70:75 [capacity] not overlapping  (123.80 m of 1.50)
  ok   10 w2 apron:58:255 / apron:70:90 [capacity] not overlapping  (120.67 m of 1.50)
  ok   10 w2 apron:58:255 / apron:70:105 [capacity] not overlapping  (115.48 m of 1.50)
  ok   10 w2 apron:58:255 / apron:70:270 [capacity] not overlapping  (3.15 m of 1.50)
  ok   10 w2 apron:58:255 / apron:70:285 [capacity] not overlapping  (19.02 m of 1.50)
  ok   10 w2 apron:58:255 / apron:70:300 [capacity] not overlapping  (34.43 m of 1.50)
  ok   10 w2 apron:58:255 / ring:R0:3 [capacity] not overlapping  (54.24 m of 1.50)
  ok   10 w2 apron:58:285 / apron:70:60 [capacity] not overlapping  (108.35 m of 1.50)
  ok   10 w2 apron:58:285 / apron:70:75 [capacity] not overlapping  (115.48 m of 1.50)
  ok   10 w2 apron:58:285 / apron:70:90 [capacity] not overlapping  (120.66 m of 1.50)
  ok   10 w2 apron:58:285 / apron:70:105 [capacity] not overlapping  (123.80 m of 1.50)
  ok   10 w2 apron:58:285 / apron:70:270 [capacity] not overlapping  (3.16 m of 1.50)
  ok   10 w2 apron:58:285 / apron:70:285 [capacity] not overlapping  (2.80 m of 1.50)
  ok   10 w2 apron:58:285 / apron:70:300 [capacity] not overlapping  (3.15 m of 1.50)
  ok   10 w2 apron:58:285 / ring:R0:3 [capacity] not overlapping  (23.21 m of 1.50)
  ok   10 w2 apron:70:60 / apron:70:75 [capacity] not overlapping  (1.86 m of 1.50)
  ok   10 w2 apron:70:60 / apron:70:90 [capacity] not overlapping  (19.69 m of 1.50)
  ok   10 w2 apron:70:60 / apron:70:105 [capacity] not overlapping  (37.19 m of 1.50)
  ok   10 w2 apron:70:60 / apron:70:270 [capacity] not overlapping  (127.03 m of 1.50)
  ok   10 w2 apron:70:60 / apron:70:285 [capacity] not overlapping  (119.34 m of 1.50)
  ok   10 w2 apron:70:60 / apron:70:300 [capacity] not overlapping  (109.60 m of 1.50)
  ok   10 w2 apron:70:60 / ring:R0:3 [capacity] not overlapping  (103.01 m of 1.50)
  ok   10 w2 apron:70:75 / apron:70:90 [capacity] not overlapping  (1.86 m of 1.50)
  ok   10 w2 apron:70:75 / apron:70:105 [capacity] not overlapping  (19.69 m of 1.50)
  ok   10 w2 apron:70:75 / apron:70:270 [capacity] not overlapping  (132.55 m of 1.50)
  ok   10 w2 apron:70:75 / apron:70:285 [capacity] not overlapping  (127.03 m of 1.50)
  ok   10 w2 apron:70:75 / apron:70:300 [capacity] not overlapping  (119.34 m of 1.50)
  ok   10 w2 apron:70:75 / ring:R0:3 [capacity] not overlapping  (113.70 m of 1.50)
  ok   10 w2 apron:70:90 / apron:70:105 [capacity] not overlapping  (1.86 m of 1.50)
  ok   10 w2 apron:70:90 / apron:70:270 [capacity] not overlapping  (135.80 m of 1.50)
  ok   10 w2 apron:70:90 / apron:70:285 [capacity] not overlapping  (132.55 m of 1.50)
  ok   10 w2 apron:70:90 / apron:70:300 [capacity] not overlapping  (127.03 m of 1.50)
  ok   10 w2 apron:70:90 / ring:R0:3 [capacity] not overlapping  (122.44 m of 1.50)
  ok   10 w2 apron:70:105 / apron:70:270 [capacity] not overlapping  (132.54 m of 1.50)
  ok   10 w2 apron:70:105 / apron:70:285 [capacity] not overlapping  (135.80 m of 1.50)
  ok   10 w2 apron:70:105 / apron:70:300 [capacity] not overlapping  (132.55 m of 1.50)
  ok   10 w2 apron:70:105 / ring:R0:3 [capacity] not overlapping  (129.09 m of 1.50)
  ok   10 w2 apron:70:270 / apron:70:285 [capacity] not overlapping  (1.86 m of 1.50)
  ok   10 w2 apron:70:270 / apron:70:300 [capacity] not overlapping  (19.69 m of 1.50)
  ok   10 w2 apron:70:270 / ring:R0:3 [capacity] not overlapping  (40.92 m of 1.50)
  ok   10 w2 apron:70:285 / apron:70:300 [capacity] not overlapping  (1.86 m of 1.50)
  ok   10 w2 apron:70:285 / ring:R0:3 [capacity] not overlapping  (23.08 m of 1.50)
  ok   10 w2 apron:70:300 / ring:R0:3 [capacity] not overlapping  (4.54 m of 1.50)
  ok   10 HOME stand:af_m_park:5 [cub] inside the field
  ok   10 HOME stand:af_m_park:5 [cub] flat  (0.00 m of 0.60)
  ok   10 HOME stand:af_m_park:5 [cub] dry
  ok   10 HOME stand:af_m_park:5 [cub] clear of solid things  (15.00 m of 3.00 (aircraft ob:af_park2))
  ok   10 HOME stand:af_m_park:5 [cub] clear of stock build's routes  (61.75 m of 8.00)
  ok   10 HOME stand:af_m_park:5 [cub] clear of aluminium C172's routes  (61.75 m of 8.50)
  ok   10 HOME stand:af_m_park:5 [cub] clear of the user's Cub's routes  (61.75 m of 8.35)
  ok   10 HOME stand:af_m_park:5 [pietenpol] inside the field
  ok   10 HOME stand:af_m_park:5 [pietenpol] flat  (0.00 m of 0.60)
  ok   10 HOME stand:af_m_park:5 [pietenpol] dry
  ok   10 HOME stand:af_m_park:5 [pietenpol] clear of solid things  (16.00 m of 3.00 (aircraft ob:af_park2))
  ok   10 HOME stand:af_m_park:5 [pietenpol] clear of stock build's routes  (62.65 m of 8.00)
  ok   10 HOME stand:af_m_park:5 [pietenpol] clear of aluminium C172's routes  (62.65 m of 8.50)
  ok   10 HOME stand:af_m_park:5 [pietenpol] clear of the user's Cub's routes  (62.65 m of 8.35)
  ok   10 HOME stand:af_m_park:5 [tigermoth] inside the field
  ok   10 HOME stand:af_m_park:5 [tigermoth] flat  (0.00 m of 0.60)
  ok   10 HOME stand:af_m_park:5 [tigermoth] dry
  ok   10 HOME stand:af_m_park:5 [tigermoth] clear of solid things  (15.90 m of 3.00 (aircraft ob:af_park2))
  ok   10 HOME stand:af_m_park:5 [tigermoth] clear of stock build's routes  (62.59 m of 8.00)
  ok   10 HOME stand:af_m_park:5 [tigermoth] clear of aluminium C172's routes  (62.59 m of 8.50)
  ok   10 HOME stand:af_m_park:5 [tigermoth] clear of the user's Cub's routes  (62.59 m of 8.35)
  ok   10 HOME stand:af_m_park:5 [stearman] inside the field
  ok   10 HOME stand:af_m_park:5 [stearman] flat  (0.00 m of 0.60)
  ok   10 HOME stand:af_m_park:5 [stearman] dry
  ok   10 HOME stand:af_m_park:5 [stearman] clear of solid things  (15.50 m of 3.00 (aircraft ob:af_park2))
  ok   10 HOME stand:af_m_park:5 [stearman] clear of stock build's routes  (62.28 m of 8.00)
  ok   10 HOME stand:af_m_park:5 [stearman] clear of aluminium C172's routes  (62.28 m of 8.50)
  ok   10 HOME stand:af_m_park:5 [stearman] clear of the user's Cub's routes  (62.28 m of 8.35)
  ok   10 HOME stand:af_m_park:5 [pittsAlike] inside the field
  ok   10 HOME stand:af_m_park:5 [pittsAlike] flat  (0.00 m of 0.60)
  ok   10 HOME stand:af_m_park:5 [pittsAlike] dry
  ok   10 HOME stand:af_m_park:5 [pittsAlike] clear of solid things  (17.13 m of 3.00 (aircraft ob:af_park2))
  ok   10 HOME stand:af_m_park:5 [pittsAlike] clear of stock build's routes  (63.29 m of 8.00)
  ok   10 HOME stand:af_m_park:5 [pittsAlike] clear of aluminium C172's routes  (63.29 m of 8.50)
  ok   10 HOME stand:af_m_park:5 [pittsAlike] clear of the user's Cub's routes  (63.29 m of 8.35)
  ok   10 HOME stand:af_m_park:5 [sesqui] inside the field
  ok   10 HOME stand:af_m_park:5 [sesqui] flat  (0.00 m of 0.60)
  ok   10 HOME stand:af_m_park:5 [sesqui] dry
  ok   10 HOME stand:af_m_park:5 [sesqui] clear of solid things  (15.40 m of 3.00 (aircraft ob:af_park2))
  ok   10 HOME stand:af_m_park:5 [sesqui] clear of stock build's routes  (62.30 m of 8.00)
  ok   10 HOME stand:af_m_park:5 [sesqui] clear of aluminium C172's routes  (62.30 m of 8.50)
  ok   10 HOME stand:af_m_park:5 [sesqui] clear of the user's Cub's routes  (62.30 m of 8.35)
  ok   10 HOME stand:af_m_park:5 [jodel] inside the field
  ok   10 HOME stand:af_m_park:5 [jodel] flat  (0.00 m of 0.60)
  ok   10 HOME stand:af_m_park:5 [jodel] dry
  ok   10 HOME stand:af_m_park:5 [jodel] clear of solid things  (16.23 m of 3.00 (aircraft ob:af_park2))
  ok   10 HOME stand:af_m_park:5 [jodel] clear of stock build's routes  (62.36 m of 8.00)
  ok   10 HOME stand:af_m_park:5 [jodel] clear of aluminium C172's routes  (62.36 m of 8.50)
  ok   10 HOME stand:af_m_park:5 [jodel] clear of the user's Cub's routes  (62.36 m of 8.35)
  ok   10 HOME stand:af_m_park:5 [c172] inside the field
  ok   10 HOME stand:af_m_park:5 [c172] flat  (0.00 m of 0.60)
  ok   10 HOME stand:af_m_park:5 [c172] dry
  ok   10 HOME stand:af_m_park:5 [c172] clear of solid things  (14.88 m of 3.00 (aircraft ob:af_park2))
  ok   10 HOME stand:af_m_park:5 [c172] clear of stock build's routes  (61.53 m of 8.00)
  ok   10 HOME stand:af_m_park:5 [c172] clear of aluminium C172's routes  (61.53 m of 8.50)
  ok   10 HOME stand:af_m_park:5 [c172] clear of the user's Cub's routes  (61.53 m of 8.35)
  ok   10 HOME stand:af_m_park:5 [chinook] inside the field
  ok   10 HOME stand:af_m_park:5 [chinook] flat  (0.00 m of 0.60)
  ok   10 HOME stand:af_m_park:5 [chinook] dry
  ok   10 HOME stand:af_m_park:5 [chinook] clear of solid things  (15.51 m of 3.00 (aircraft ob:af_park2))
  ok   10 HOME stand:af_m_park:5 [chinook] clear of stock build's routes  (62.77 m of 8.00)
  ok   10 HOME stand:af_m_park:5 [chinook] clear of aluminium C172's routes  (62.77 m of 8.50)
  ok   10 HOME stand:af_m_park:5 [chinook] clear of the user's Cub's routes  (62.77 m of 8.35)
  ok   10 HOME stand:af_m_park:5 [caravan] inside the field
  ok   10 HOME stand:af_m_park:5 [caravan] flat  (0.00 m of 0.60)
  ok   10 HOME stand:af_m_park:5 [caravan] dry
  ok   10 HOME stand:af_m_park:5 [caravan] clear of solid things  (13.37 m of 3.00 (aircraft ob:af_park2))
  ok   10 HOME stand:af_m_park:5 [caravan] clear of stock build's routes  (60.19 m of 8.00)
  ok   10 HOME stand:af_m_park:5 [caravan] clear of aluminium C172's routes  (60.19 m of 8.50)
  ok   10 HOME stand:af_m_park:5 [caravan] clear of the user's Cub's routes  (60.19 m of 8.35)
  ok   10 HOME stand:af_m_park:5 [rv] inside the field
  ok   10 HOME stand:af_m_park:5 [rv] flat  (0.00 m of 0.60)
  ok   10 HOME stand:af_m_park:5 [rv] dry
  ok   10 HOME stand:af_m_park:5 [rv] clear of solid things  (15.49 m of 3.00 (aircraft ob:af_park2))
  ok   10 HOME stand:af_m_park:5 [rv] clear of stock build's routes  (62.36 m of 8.00)
  ok   10 HOME stand:af_m_park:5 [rv] clear of aluminium C172's routes  (62.36 m of 8.50)
  ok   10 HOME stand:af_m_park:5 [rv] clear of the user's Cub's routes  (62.36 m of 8.35)
  ok   10 HOME stand:af_m_park:5 [savannah] inside the field
  ok   10 HOME stand:af_m_park:5 [savannah] flat  (0.00 m of 0.60)
  ok   10 HOME stand:af_m_park:5 [savannah] dry
  ok   10 HOME stand:af_m_park:5 [savannah] clear of solid things  (15.80 m of 3.00 (aircraft ob:af_park2))
  ok   10 HOME stand:af_m_park:5 [savannah] clear of stock build's routes  (62.53 m of 8.00)
  ok   10 HOME stand:af_m_park:5 [savannah] clear of aluminium C172's routes  (62.53 m of 8.50)
  ok   10 HOME stand:af_m_park:5 [savannah] clear of the user's Cub's routes  (62.53 m of 8.35)
  ok   10 HOME stand:af_m_park:5 [ul1] inside the field
  ok   10 HOME stand:af_m_park:5 [ul1] flat  (0.00 m of 0.60)
  ok   10 HOME stand:af_m_park:5 [ul1] dry
  ok   10 HOME stand:af_m_park:5 [ul1] clear of solid things  (15.70 m of 3.00 (aircraft ob:af_park2))
  ok   10 HOME stand:af_m_park:5 [ul1] clear of stock build's routes  (62.47 m of 8.00)
  ok   10 HOME stand:af_m_park:5 [ul1] clear of aluminium C172's routes  (62.47 m of 8.50)
  ok   10 HOME stand:af_m_park:5 [ul1] clear of the user's Cub's routes  (62.47 m of 8.35)
  ok   10 HOME stand:af_m_park:5 [floatplane] inside the field
  ok   10 HOME stand:af_m_park:5 [floatplane] flat  (0.00 m of 0.60)
  ok   10 HOME stand:af_m_park:5 [floatplane] dry
  ok   10 HOME stand:af_m_park:5 [floatplane] clear of solid things  (14.49 m of 3.00 (aircraft ob:af_park2))
  ok   10 HOME stand:af_m_park:5 [floatplane] clear of stock build's routes  (61.55 m of 8.00)
  ok   10 HOME stand:af_m_park:5 [floatplane] clear of aluminium C172's routes  (61.55 m of 8.50)
  ok   10 HOME stand:af_m_park:5 [floatplane] clear of the user's Cub's routes  (61.55 m of 8.35)
  ok   10 HOME stand:af_m_park:5 [pusherPod] inside the field
  ok   10 HOME stand:af_m_park:5 [pusherPod] flat  (0.00 m of 0.60)
  ok   10 HOME stand:af_m_park:5 [pusherPod] dry
  ok   10 HOME stand:af_m_park:5 [pusherPod] clear of solid things  (15.79 m of 3.00 (aircraft ob:af_park2))
  ok   10 HOME stand:af_m_park:5 [pusherPod] clear of stock build's routes  (62.78 m of 8.00)
  ok   10 HOME stand:af_m_park:5 [pusherPod] clear of aluminium C172's routes  (62.78 m of 8.50)
  ok   10 HOME stand:af_m_park:5 [pusherPod] clear of the user's Cub's routes  (62.78 m of 8.35)
  ok   10 HOME stand:af_m_park:5 [motorglider] inside the field
  ok   10 HOME stand:af_m_park:5 [motorglider] flat  (0.00 m of 0.60)
  ok   10 HOME stand:af_m_park:5 [motorglider] dry
  ok   10 HOME stand:af_m_park:5 [motorglider] clear of solid things  (13.92 m of 3.00 (aircraft ob:af_park2))
  ok   10 HOME stand:af_m_park:5 [motorglider] clear of stock build's routes  (61.46 m of 8.00)
  ok   10 HOME stand:af_m_park:5 [motorglider] clear of aluminium C172's routes  (61.46 m of 8.50)
  ok   10 HOME stand:af_m_park:5 [motorglider] clear of the user's Cub's routes  (61.46 m of 8.35)
  ok   10 HOME stand:af_m_park:5 [radial] inside the field
  ok   10 HOME stand:af_m_park:5 [radial] flat  (0.00 m of 0.60)
  ok   10 HOME stand:af_m_park:5 [radial] dry
  ok   10 HOME stand:af_m_park:5 [radial] clear of solid things  (14.89 m of 3.00 (aircraft ob:af_park2))
  ok   10 HOME stand:af_m_park:5 [radial] clear of stock build's routes  (62.02 m of 8.00)
  ok   10 HOME stand:af_m_park:5 [radial] clear of aluminium C172's routes  (62.02 m of 8.50)
  ok   10 HOME stand:af_m_park:5 [radial] clear of the user's Cub's routes  (62.02 m of 8.35)
  ok   10 HOME stand:af_m_park:5 [etrainer] inside the field
  ok   10 HOME stand:af_m_park:5 [etrainer] flat  (0.00 m of 0.60)
  ok   10 HOME stand:af_m_park:5 [etrainer] dry
  ok   10 HOME stand:af_m_park:5 [etrainer] clear of solid things  (15.90 m of 3.00 (aircraft ob:af_park2))
  ok   10 HOME stand:af_m_park:5 [etrainer] clear of stock build's routes  (62.59 m of 8.00)
  ok   10 HOME stand:af_m_park:5 [etrainer] clear of aluminium C172's routes  (62.59 m of 8.50)
  ok   10 HOME stand:af_m_park:5 [etrainer] clear of the user's Cub's routes  (62.59 m of 8.35)
  ok   10 HOME stand:af_m_park:5 [ttail] inside the field
  ok   10 HOME stand:af_m_park:5 [ttail] flat  (0.00 m of 0.60)
  ok   10 HOME stand:af_m_park:5 [ttail] dry
  ok   10 HOME stand:af_m_park:5 [ttail] clear of solid things  (14.89 m of 3.00 (aircraft ob:af_park2))
  ok   10 HOME stand:af_m_park:5 [ttail] clear of stock build's routes  (62.02 m of 8.00)
  ok   10 HOME stand:af_m_park:5 [ttail] clear of aluminium C172's routes  (62.02 m of 8.50)
  ok   10 HOME stand:af_m_park:5 [ttail] clear of the user's Cub's routes  (62.02 m of 8.35)
  ok   10 HOME stand:af_m_park:5 [vtail] inside the field
  ok   10 HOME stand:af_m_park:5 [vtail] flat  (0.00 m of 0.60)
  ok   10 HOME stand:af_m_park:5 [vtail] dry
  ok   10 HOME stand:af_m_park:5 [vtail] clear of solid things  (14.89 m of 3.00 (aircraft ob:af_park2))
  ok   10 HOME stand:af_m_park:5 [vtail] clear of stock build's routes  (62.02 m of 8.00)
  ok   10 HOME stand:af_m_park:5 [vtail] clear of aluminium C172's routes  (62.02 m of 8.50)
  ok   10 HOME stand:af_m_park:5 [vtail] clear of the user's Cub's routes  (62.02 m of 8.35)
  ok   10 HOME stand:af_m_park:5 [mw5] inside the field
  ok   10 HOME stand:af_m_park:5 [mw5] flat  (0.00 m of 0.60)
  ok   10 HOME stand:af_m_park:5 [mw5] dry
  ok   10 HOME stand:af_m_park:5 [mw5] clear of solid things  (15.70 m of 3.00 (aircraft ob:af_park2))
  ok   10 HOME stand:af_m_park:5 [mw5] clear of stock build's routes  (62.72 m of 8.00)
  ok   10 HOME stand:af_m_park:5 [mw5] clear of aluminium C172's routes  (62.72 m of 8.50)
  ok   10 HOME stand:af_m_park:5 [mw5] clear of the user's Cub's routes  (62.72 m of 8.35)
  ok   10 HOME stand:af_m_park:5 [archaeopteryx] inside the field
  ok   10 HOME stand:af_m_park:5 [archaeopteryx] flat  (0.00 m of 0.60)
  ok   10 HOME stand:af_m_park:5 [archaeopteryx] dry
  ok   10 HOME stand:af_m_park:5 [archaeopteryx] clear of solid things  (14.90 m of 3.00 (aircraft ob:af_park2))
  ok   10 HOME stand:af_m_park:5 [archaeopteryx] clear of stock build's routes  (62.27 m of 8.00)
  ok   10 HOME stand:af_m_park:5 [archaeopteryx] clear of aluminium C172's routes  (62.27 m of 8.50)
  ok   10 HOME stand:af_m_park:5 [archaeopteryx] clear of the user's Cub's routes  (62.27 m of 8.35)
  ok   10 HOME stand:af_m_park:5 [da62] inside the field
  ok   10 HOME stand:af_m_park:5 [da62] flat  (0.00 m of 0.60)
  ok   10 HOME stand:af_m_park:5 [da62] dry
  ok   10 HOME stand:af_m_park:5 [da62] clear of solid things  (13.38 m of 3.00 (aircraft ob:af_park2))
  ok   10 HOME stand:af_m_park:5 [da62] clear of stock build's routes  (61.35 m of 8.00)
  ok   10 HOME stand:af_m_park:5 [da62] clear of aluminium C172's routes  (61.35 m of 8.50)
  ok   10 HOME stand:af_m_park:5 [da62] clear of the user's Cub's routes  (61.35 m of 8.35)
  ok   10 HOME stand:af_m_park:5 [twinBush] inside the field
  ok   10 HOME stand:af_m_park:5 [twinBush] flat  (0.00 m of 0.60)
  ok   10 HOME stand:af_m_park:5 [twinBush] dry
  ok   10 HOME stand:af_m_park:5 [twinBush] clear of solid things  (12.35 m of 3.00 (aircraft ob:af_park2))
  ok   10 HOME stand:af_m_park:5 [twinBush] clear of stock build's routes  (60.81 m of 8.00)
  ok   10 HOME stand:af_m_park:5 [twinBush] clear of aluminium C172's routes  (60.81 m of 8.50)
  ok   10 HOME stand:af_m_park:5 [twinBush] clear of the user's Cub's routes  (60.81 m of 8.35)
  ok   10 HOME stand:af_m_park:5 [skymaster] inside the field
  ok   10 HOME stand:af_m_park:5 [skymaster] flat  (0.00 m of 0.60)
  ok   10 HOME stand:af_m_park:5 [skymaster] dry
  ok   10 HOME stand:af_m_park:5 [skymaster] clear of solid things  (14.89 m of 3.00 (aircraft ob:af_park2))
  ok   10 HOME stand:af_m_park:5 [skymaster] clear of stock build's routes  (62.02 m of 8.00)
  ok   10 HOME stand:af_m_park:5 [skymaster] clear of aluminium C172's routes  (62.02 m of 8.50)
  ok   10 HOME stand:af_m_park:5 [skymaster] clear of the user's Cub's routes  (62.02 m of 8.35)
  ok   10 HOME stand:af_m_park:5 [p38] inside the field
  ok   10 HOME stand:af_m_park:5 [p38] flat  (0.00 m of 0.60)
  ok   10 HOME stand:af_m_park:5 [p38] dry
  ok   10 HOME stand:af_m_park:5 [p38] clear of solid things  (14.90 m of 3.00 (aircraft ob:af_park2))
  ok   10 HOME stand:af_m_park:5 [p38] clear of stock build's routes  (62.18 m of 8.00)
  ok   10 HOME stand:af_m_park:5 [p38] clear of aluminium C172's routes  (62.18 m of 8.50)
  ok   10 HOME stand:af_m_park:5 [p38] clear of the user's Cub's routes  (62.18 m of 8.35)
  ok   10 HOME stand:af_m_park:5 [beaver] inside the field
  ok   10 HOME stand:af_m_park:5 [beaver] flat  (0.00 m of 0.60)
  ok   10 HOME stand:af_m_park:5 [beaver] dry
  ok   10 HOME stand:af_m_park:5 [beaver] clear of solid things  (13.09 m of 3.00 (aircraft ob:af_park2))
  ok   10 HOME stand:af_m_park:5 [beaver] clear of stock build's routes  (60.94 m of 8.00)
  ok   10 HOME stand:af_m_park:5 [beaver] clear of aluminium C172's routes  (60.94 m of 8.50)
  ok   10 HOME stand:af_m_park:5 [beaver] clear of the user's Cub's routes  (60.94 m of 8.35)
  ok   10 HOME stand:af_m_park:5 [default] inside the field
  ok   10 HOME stand:af_m_park:5 [default] flat  (0.00 m of 0.60)
  ok   10 HOME stand:af_m_park:5 [default] dry
  ok   10 HOME stand:af_m_park:5 [default] clear of solid things  (14.37 m of 3.00 (aircraft ob:af_park2))
  ok   10 HOME stand:af_m_park:5 [default] clear of stock build's routes  (61.16 m of 8.00)
  ok   10 HOME stand:af_m_park:5 [default] clear of aluminium C172's routes  (61.16 m of 8.50)
  ok   10 HOME stand:af_m_park:5 [default] clear of the user's Cub's routes  (61.16 m of 8.35)
  ok   10 HOME apron:22:0 [cub] inside the field
  ok   10 HOME apron:22:0 [cub] flat  (0.00 m of 0.60)
  ok   10 HOME apron:22:0 [cub] dry
  ok   10 HOME apron:22:0 [cub] clear of solid things  (6.00 m of 3.00 (aircraft ob:o3))
  ok   10 HOME apron:22:0 [cub] clear of stock build's routes  (20.70 m of 8.00)
  ok   10 HOME apron:22:0 [cub] clear of aluminium C172's routes  (20.70 m of 8.50)
  ok   10 HOME apron:22:0 [cub] clear of the user's Cub's routes  (20.70 m of 8.35)
  ok   10 HOME apron:22:0 [pietenpol] inside the field
  ok   10 HOME apron:22:0 [pietenpol] flat  (0.00 m of 0.60)
  ok   10 HOME apron:22:0 [pietenpol] dry
  ok   10 HOME apron:22:0 [pietenpol] clear of solid things  (7.00 m of 3.00 (aircraft ob:o3))
  ok   10 HOME apron:22:0 [pietenpol] clear of stock build's routes  (21.10 m of 8.00)
  ok   10 HOME apron:22:0 [pietenpol] clear of aluminium C172's routes  (21.10 m of 8.50)
  ok   10 HOME apron:22:0 [pietenpol] clear of the user's Cub's routes  (21.10 m of 8.35)
  ok   10 HOME apron:22:0 [tigermoth] inside the field
  ok   10 HOME apron:22:0 [tigermoth] flat  (0.00 m of 0.60)
  ok   10 HOME apron:22:0 [tigermoth] dry
  ok   10 HOME apron:22:0 [tigermoth] clear of solid things  (6.90 m of 3.00 (aircraft ob:o3))
  ok   10 HOME apron:22:0 [tigermoth] clear of stock build's routes  (21.10 m of 8.00)
  ok   10 HOME apron:22:0 [tigermoth] clear of aluminium C172's routes  (21.10 m of 8.50)
  ok   10 HOME apron:22:0 [tigermoth] clear of the user's Cub's routes  (21.10 m of 8.35)
  ok   10 HOME apron:22:0 [stearman] inside the field
  ok   10 HOME apron:22:0 [stearman] flat  (0.00 m of 0.60)
  ok   10 HOME apron:22:0 [stearman] dry
  ok   10 HOME apron:22:0 [stearman] clear of solid things  (6.50 m of 3.00 (aircraft ob:o3))
  ok   10 HOME apron:22:0 [stearman] clear of stock build's routes  (21.00 m of 8.00)
  ok   10 HOME apron:22:0 [stearman] clear of aluminium C172's routes  (21.00 m of 8.50)
  ok   10 HOME apron:22:0 [stearman] clear of the user's Cub's routes  (21.00 m of 8.35)
  ok   10 HOME apron:22:0 [pittsAlike] inside the field
  ok   10 HOME apron:22:0 [pittsAlike] flat  (0.00 m of 0.60)
  ok   10 HOME apron:22:0 [pittsAlike] dry
  ok   10 HOME apron:22:0 [pittsAlike] clear of solid things  (8.10 m of 3.00 (aircraft ob:o3))
  ok   10 HOME apron:22:0 [pittsAlike] clear of stock build's routes  (21.10 m of 8.00)
  ok   10 HOME apron:22:0 [pittsAlike] clear of aluminium C172's routes  (21.10 m of 8.50)
  ok   10 HOME apron:22:0 [pittsAlike] clear of the user's Cub's routes  (21.10 m of 8.35)
  ok   10 HOME apron:22:0 [sesqui] inside the field
  ok   10 HOME apron:22:0 [sesqui] flat  (0.00 m of 0.60)
  ok   10 HOME apron:22:0 [sesqui] dry
  ok   10 HOME apron:22:0 [sesqui] clear of solid things  (6.40 m of 3.00 (aircraft ob:o3))
  ok   10 HOME apron:22:0 [sesqui] clear of stock build's routes  (21.10 m of 8.00)
  ok   10 HOME apron:22:0 [sesqui] clear of aluminium C172's routes  (21.10 m of 8.50)
  ok   10 HOME apron:22:0 [sesqui] clear of the user's Cub's routes  (21.10 m of 8.35)
  ok   10 HOME apron:22:0 [jodel] inside the field
  ok   10 HOME apron:22:0 [jodel] flat  (0.00 m of 0.60)
  ok   10 HOME apron:22:0 [jodel] dry
  ok   10 HOME apron:22:0 [jodel] clear of solid things  (7.20 m of 3.00 (aircraft ob:o3))
  ok   10 HOME apron:22:0 [jodel] clear of stock build's routes  (20.60 m of 8.00)
  ok   10 HOME apron:22:0 [jodel] clear of aluminium C172's routes  (20.60 m of 8.50)
  ok   10 HOME apron:22:0 [jodel] clear of the user's Cub's routes  (20.60 m of 8.35)
  ok   10 HOME apron:22:0 [c172] inside the field
  ok   10 HOME apron:22:0 [c172] flat  (0.00 m of 0.60)
  ok   10 HOME apron:22:0 [c172] dry
  ok   10 HOME apron:22:0 [c172] clear of solid things  (5.90 m of 3.00 (aircraft ob:o3))
  ok   10 HOME apron:22:0 [c172] clear of stock build's routes  (20.50 m of 8.00)
  ok   10 HOME apron:22:0 [c172] clear of aluminium C172's routes  (20.50 m of 8.50)
  ok   10 HOME apron:22:0 [c172] clear of the user's Cub's routes  (20.50 m of 8.35)
  ok   10 HOME apron:22:0 [chinook] inside the field
  ok   10 HOME apron:22:0 [chinook] flat  (0.00 m of 0.60)
  ok   10 HOME apron:22:0 [chinook] dry
  ok   10 HOME apron:22:0 [chinook] clear of solid things  (6.50 m of 3.00 (aircraft ob:o3))
  ok   10 HOME apron:22:0 [chinook] clear of stock build's routes  (21.60 m of 8.00)
  ok   10 HOME apron:22:0 [chinook] clear of aluminium C172's routes  (21.60 m of 8.50)
  ok   10 HOME apron:22:0 [chinook] clear of the user's Cub's routes  (21.60 m of 8.35)
  ok   10 HOME apron:22:0 [caravan] inside the field
  ok   10 HOME apron:22:0 [caravan] flat  (0.00 m of 0.60)
  ok   10 HOME apron:22:0 [caravan] dry
  ok   10 HOME apron:22:0 [caravan] clear of solid things  (4.40 m of 3.00 (aircraft ob:o3))
  ok   10 HOME apron:22:0 [caravan] clear of stock build's routes  (19.90 m of 8.00)
  ok   10 HOME apron:22:0 [caravan] clear of aluminium C172's routes  (19.90 m of 8.50)
  ok   10 HOME apron:22:0 [caravan] clear of the user's Cub's routes  (19.90 m of 8.35)
  ok   10 HOME apron:22:0 [rv] inside the field
  ok   10 HOME apron:22:0 [rv] flat  (0.00 m of 0.60)
  ok   10 HOME apron:22:0 [rv] dry
  ok   10 HOME apron:22:0 [rv] clear of solid things  (6.50 m of 3.00 (aircraft ob:o3))
  ok   10 HOME apron:22:0 [rv] clear of stock build's routes  (21.10 m of 8.00)
  ok   10 HOME apron:22:0 [rv] clear of aluminium C172's routes  (21.10 m of 8.50)
  ok   10 HOME apron:22:0 [rv] clear of the user's Cub's routes  (21.10 m of 8.35)
  ok   10 HOME apron:22:0 [savannah] inside the field
  ok   10 HOME apron:22:0 [savannah] flat  (0.00 m of 0.60)
  ok   10 HOME apron:22:0 [savannah] dry
  ok   10 HOME apron:22:0 [savannah] clear of solid things  (6.80 m of 3.00 (aircraft ob:o3))
  ok   10 HOME apron:22:0 [savannah] clear of stock build's routes  (21.10 m of 8.00)
  ok   10 HOME apron:22:0 [savannah] clear of aluminium C172's routes  (21.10 m of 8.50)
  ok   10 HOME apron:22:0 [savannah] clear of the user's Cub's routes  (21.10 m of 8.35)
  ok   10 HOME apron:22:0 [ul1] inside the field
  ok   10 HOME apron:22:0 [ul1] flat  (0.00 m of 0.60)
  ok   10 HOME apron:22:0 [ul1] dry
  ok   10 HOME apron:22:0 [ul1] clear of solid things  (6.70 m of 3.00 (aircraft ob:o3))
  ok   10 HOME apron:22:0 [ul1] clear of stock build's routes  (21.10 m of 8.00)
  ok   10 HOME apron:22:0 [ul1] clear of aluminium C172's routes  (21.10 m of 8.50)
  ok   10 HOME apron:22:0 [ul1] clear of the user's Cub's routes  (21.10 m of 8.35)
  ok   10 HOME apron:22:0 [floatplane] inside the field
  ok   10 HOME apron:22:0 [floatplane] flat  (0.00 m of 0.60)
  ok   10 HOME apron:22:0 [floatplane] dry
  ok   10 HOME apron:22:0 [floatplane] clear of solid things  (5.50 m of 3.00 (aircraft ob:o3))
  ok   10 HOME apron:22:0 [floatplane] clear of stock build's routes  (20.80 m of 8.00)
  ok   10 HOME apron:22:0 [floatplane] clear of aluminium C172's routes  (20.80 m of 8.50)
  ok   10 HOME apron:22:0 [floatplane] clear of the user's Cub's routes  (20.80 m of 8.35)
  ok   10 HOME apron:22:0 [pusherPod] inside the field
  ok   10 HOME apron:22:0 [pusherPod] flat  (0.00 m of 0.60)
  ok   10 HOME apron:22:0 [pusherPod] dry
  ok   10 HOME apron:22:0 [pusherPod] clear of solid things  (6.80 m of 3.00 (aircraft ob:o3))
  ok   10 HOME apron:22:0 [pusherPod] clear of stock build's routes  (21.40 m of 8.00)
  ok   10 HOME apron:22:0 [pusherPod] clear of aluminium C172's routes  (21.40 m of 8.50)
  ok   10 HOME apron:22:0 [pusherPod] clear of the user's Cub's routes  (21.40 m of 8.35)
  ok   10 HOME apron:22:0 [motorglider] inside the field
  ok   10 HOME apron:22:0 [motorglider] flat  (0.00 m of 0.60)
  ok   10 HOME apron:22:0 [motorglider] dry
  ok   10 HOME apron:22:0 [motorglider] clear of solid things  (4.90 m of 3.00 (aircraft ob:o3))
  ok   10 HOME apron:22:0 [motorglider] clear of stock build's routes  (21.10 m of 8.00)
  ok   10 HOME apron:22:0 [motorglider] clear of aluminium C172's routes  (21.10 m of 8.50)
  ok   10 HOME apron:22:0 [motorglider] clear of the user's Cub's routes  (21.10 m of 8.35)
  ok   10 HOME apron:22:0 [radial] inside the field
  ok   10 HOME apron:22:0 [radial] flat  (0.00 m of 0.60)
  ok   10 HOME apron:22:0 [radial] dry
  ok   10 HOME apron:22:0 [radial] clear of solid things  (5.90 m of 3.00 (aircraft ob:o3))
  ok   10 HOME apron:22:0 [radial] clear of stock build's routes  (21.10 m of 8.00)
  ok   10 HOME apron:22:0 [radial] clear of aluminium C172's routes  (21.10 m of 8.50)
  ok   10 HOME apron:22:0 [radial] clear of the user's Cub's routes  (21.10 m of 8.35)
  ok   10 HOME apron:22:0 [etrainer] inside the field
  ok   10 HOME apron:22:0 [etrainer] flat  (0.00 m of 0.60)
  ok   10 HOME apron:22:0 [etrainer] dry
  ok   10 HOME apron:22:0 [etrainer] clear of solid things  (6.90 m of 3.00 (aircraft ob:o3))
  ok   10 HOME apron:22:0 [etrainer] clear of stock build's routes  (21.10 m of 8.00)
  ok   10 HOME apron:22:0 [etrainer] clear of aluminium C172's routes  (21.10 m of 8.50)
  ok   10 HOME apron:22:0 [etrainer] clear of the user's Cub's routes  (21.10 m of 8.35)
  ok   10 HOME apron:22:0 [ttail] inside the field
  ok   10 HOME apron:22:0 [ttail] flat  (0.00 m of 0.60)
  ok   10 HOME apron:22:0 [ttail] dry
  ok   10 HOME apron:22:0 [ttail] clear of solid things  (5.90 m of 3.00 (aircraft ob:o3))
  ok   10 HOME apron:22:0 [ttail] clear of stock build's routes  (21.10 m of 8.00)
  ok   10 HOME apron:22:0 [ttail] clear of aluminium C172's routes  (21.10 m of 8.50)
  ok   10 HOME apron:22:0 [ttail] clear of the user's Cub's routes  (21.10 m of 8.35)
  ok   10 HOME apron:22:0 [vtail] inside the field
  ok   10 HOME apron:22:0 [vtail] flat  (0.00 m of 0.60)
  ok   10 HOME apron:22:0 [vtail] dry
  ok   10 HOME apron:22:0 [vtail] clear of solid things  (5.90 m of 3.00 (aircraft ob:o3))
  ok   10 HOME apron:22:0 [vtail] clear of stock build's routes  (21.10 m of 8.00)
  ok   10 HOME apron:22:0 [vtail] clear of aluminium C172's routes  (21.10 m of 8.50)
  ok   10 HOME apron:22:0 [vtail] clear of the user's Cub's routes  (21.10 m of 8.35)
  ok   10 HOME apron:22:0 [mw5] inside the field
  ok   10 HOME apron:22:0 [mw5] flat  (0.00 m of 0.60)
  ok   10 HOME apron:22:0 [mw5] dry
  ok   10 HOME apron:22:0 [mw5] clear of solid things  (6.70 m of 3.00 (aircraft ob:o3))
  ok   10 HOME apron:22:0 [mw5] clear of stock build's routes  (21.40 m of 8.00)
  ok   10 HOME apron:22:0 [mw5] clear of aluminium C172's routes  (21.40 m of 8.50)
  ok   10 HOME apron:22:0 [mw5] clear of the user's Cub's routes  (21.40 m of 8.35)
  ok   10 HOME apron:22:0 [archaeopteryx] inside the field
  ok   10 HOME apron:22:0 [archaeopteryx] flat  (0.00 m of 0.60)
  ok   10 HOME apron:22:0 [archaeopteryx] dry
  ok   10 HOME apron:22:0 [archaeopteryx] clear of solid things  (5.90 m of 3.00 (aircraft ob:o3))
  ok   10 HOME apron:22:0 [archaeopteryx] clear of stock build's routes  (21.40 m of 8.00)
  ok   10 HOME apron:22:0 [archaeopteryx] clear of aluminium C172's routes  (21.40 m of 8.50)
  ok   10 HOME apron:22:0 [archaeopteryx] clear of the user's Cub's routes  (21.40 m of 8.35)
  ok   10 HOME apron:22:0 [da62] inside the field
  ok   10 HOME apron:22:0 [da62] flat  (0.00 m of 0.60)
  ok   10 HOME apron:22:0 [da62] dry
  ok   10 HOME apron:22:0 [da62] clear of solid things  (4.40 m of 3.00 (aircraft ob:o3))
  ok   10 HOME apron:22:0 [da62] clear of stock build's routes  (21.30 m of 8.00)
  ok   10 HOME apron:22:0 [da62] clear of aluminium C172's routes  (21.30 m of 8.50)
  ok   10 HOME apron:22:0 [da62] clear of the user's Cub's routes  (21.30 m of 8.35)
  ok   10 HOME apron:22:0 [twinBush] inside the field
  ok   10 HOME apron:22:0 [twinBush] flat  (0.00 m of 0.60)
  ok   10 HOME apron:22:0 [twinBush] dry
  ok   10 HOME apron:22:0 [twinBush] clear of solid things  (3.40 m of 3.00 (aircraft ob:o3))
  ok   10 HOME apron:22:0 [twinBush] clear of stock build's routes  (21.30 m of 8.00)
  ok   10 HOME apron:22:0 [twinBush] clear of aluminium C172's routes  (21.30 m of 8.50)
  ok   10 HOME apron:22:0 [twinBush] clear of the user's Cub's routes  (21.30 m of 8.35)
  ok   10 HOME apron:22:0 [skymaster] inside the field
  ok   10 HOME apron:22:0 [skymaster] flat  (0.00 m of 0.60)
  ok   10 HOME apron:22:0 [skymaster] dry
  ok   10 HOME apron:22:0 [skymaster] clear of solid things  (5.90 m of 3.00 (aircraft ob:o3))
  ok   10 HOME apron:22:0 [skymaster] clear of stock build's routes  (21.10 m of 8.00)
  ok   10 HOME apron:22:0 [skymaster] clear of aluminium C172's routes  (21.10 m of 8.50)
  ok   10 HOME apron:22:0 [skymaster] clear of the user's Cub's routes  (21.10 m of 8.35)
  ok   10 HOME apron:22:0 [p38] inside the field
  ok   10 HOME apron:22:0 [p38] flat  (0.00 m of 0.60)
  ok   10 HOME apron:22:0 [p38] dry
  ok   10 HOME apron:22:0 [p38] clear of solid things  (5.90 m of 3.00 (aircraft ob:o3))
  ok   10 HOME apron:22:0 [p38] clear of stock build's routes  (21.30 m of 8.00)
  ok   10 HOME apron:22:0 [p38] clear of aluminium C172's routes  (21.30 m of 8.50)
  ok   10 HOME apron:22:0 [p38] clear of the user's Cub's routes  (21.30 m of 8.35)
  ok   10 HOME apron:22:0 [beaver] inside the field
  ok   10 HOME apron:22:0 [beaver] flat  (0.00 m of 0.60)
  ok   10 HOME apron:22:0 [beaver] dry
  ok   10 HOME apron:22:0 [beaver] clear of solid things  (4.10 m of 3.00 (aircraft ob:o3))
  ok   10 HOME apron:22:0 [beaver] clear of stock build's routes  (21.00 m of 8.00)
  ok   10 HOME apron:22:0 [beaver] clear of aluminium C172's routes  (21.00 m of 8.50)
  ok   10 HOME apron:22:0 [beaver] clear of the user's Cub's routes  (21.00 m of 8.35)
  ok   10 HOME apron:22:0 [default] inside the field
  ok   10 HOME apron:22:0 [default] flat  (0.00 m of 0.60)
  ok   10 HOME apron:22:0 [default] dry
  ok   10 HOME apron:22:0 [default] clear of solid things  (5.40 m of 3.00 (aircraft ob:o3))
  ok   10 HOME apron:22:0 [default] clear of stock build's routes  (20.40 m of 8.00)
  ok   10 HOME apron:22:0 [default] clear of aluminium C172's routes  (20.40 m of 8.50)
  ok   10 HOME apron:22:0 [default] clear of the user's Cub's routes  (20.40 m of 8.35)
  ok   10 HOME apron:22:75 [cub] inside the field
  ok   10 HOME apron:22:75 [cub] flat  (0.00 m of 0.60)
  ok   10 HOME apron:22:75 [cub] dry
  ok   10 HOME apron:22:75 [cub] clear of solid things  (6.90 m of 3.00 (item s_club/fuel))
  ok   10 HOME apron:22:75 [cub] clear of stock build's routes  (20.70 m of 8.00)
  ok   10 HOME apron:22:75 [cub] clear of aluminium C172's routes  (20.70 m of 8.50)
  ok   10 HOME apron:22:75 [cub] clear of the user's Cub's routes  (20.70 m of 8.35)
  ok   10 HOME apron:22:75 [pietenpol] inside the field
  ok   10 HOME apron:22:75 [pietenpol] flat  (0.00 m of 0.60)
  ok   10 HOME apron:22:75 [pietenpol] dry
  ok   10 HOME apron:22:75 [pietenpol] clear of solid things  (7.24 m of 3.00 (item s_club/fuel))
  ok   10 HOME apron:22:75 [pietenpol] clear of stock build's routes  (21.10 m of 8.00)
  ok   10 HOME apron:22:75 [pietenpol] clear of aluminium C172's routes  (21.10 m of 8.50)
  ok   10 HOME apron:22:75 [pietenpol] clear of the user's Cub's routes  (21.10 m of 8.35)
  ok   10 HOME apron:22:75 [tigermoth] inside the field
  ok   10 HOME apron:22:75 [tigermoth] flat  (0.00 m of 0.60)
  ok   10 HOME apron:22:75 [tigermoth] dry
  ok   10 HOME apron:22:75 [tigermoth] clear of solid things  (7.19 m of 3.00 (item s_club/fuel))
  ok   10 HOME apron:22:75 [tigermoth] clear of stock build's routes  (21.10 m of 8.00)
  ok   10 HOME apron:22:75 [tigermoth] clear of aluminium C172's routes  (21.10 m of 8.50)
  ok   10 HOME apron:22:75 [tigermoth] clear of the user's Cub's routes  (21.10 m of 8.35)
  ok   10 HOME apron:22:75 [stearman] inside the field
  ok   10 HOME apron:22:75 [stearman] flat  (0.00 m of 0.60)
  ok   10 HOME apron:22:75 [stearman] dry
  ok   10 HOME apron:22:75 [stearman] clear of solid things  (7.19 m of 3.00 (item s_club/fuel))
  ok   10 HOME apron:22:75 [stearman] clear of stock build's routes  (21.00 m of 8.00)
  ok   10 HOME apron:22:75 [stearman] clear of aluminium C172's routes  (21.00 m of 8.50)
  ok   10 HOME apron:22:75 [stearman] clear of the user's Cub's routes  (21.00 m of 8.35)
  ok   10 HOME apron:22:75 [pittsAlike] inside the field
  ok   10 HOME apron:22:75 [pittsAlike] flat  (0.00 m of 0.60)
  ok   10 HOME apron:22:75 [pittsAlike] dry
  ok   10 HOME apron:22:75 [pittsAlike] clear of solid things  (8.83 m of 3.00 (item s_club/fuel))
  ok   10 HOME apron:22:75 [pittsAlike] clear of stock build's routes  (21.10 m of 8.00)
  ok   10 HOME apron:22:75 [pittsAlike] clear of aluminium C172's routes  (21.10 m of 8.50)
  ok   10 HOME apron:22:75 [pittsAlike] clear of the user's Cub's routes  (21.10 m of 8.35)
  ok   10 HOME apron:22:75 [sesqui] inside the field
  ok   10 HOME apron:22:75 [sesqui] flat  (0.00 m of 0.60)
  ok   10 HOME apron:22:75 [sesqui] dry
  ok   10 HOME apron:22:75 [sesqui] clear of solid things  (6.96 m of 3.00 (item s_club/fuel))
  ok   10 HOME apron:22:75 [sesqui] clear of stock build's routes  (21.10 m of 8.00)
  ok   10 HOME apron:22:75 [sesqui] clear of aluminium C172's routes  (21.10 m of 8.50)
  ok   10 HOME apron:22:75 [sesqui] clear of the user's Cub's routes  (21.10 m of 8.35)
  ok   10 HOME apron:22:75 [jodel] inside the field
  ok   10 HOME apron:22:75 [jodel] flat  (0.00 m of 0.60)
  ok   10 HOME apron:22:75 [jodel] dry
  ok   10 HOME apron:22:75 [jodel] clear of solid things  (8.30 m of 3.00 (item s_club/fuel))
  ok   10 HOME apron:22:75 [jodel] clear of stock build's routes  (20.60 m of 8.00)
  ok   10 HOME apron:22:75 [jodel] clear of aluminium C172's routes  (20.60 m of 8.50)
  ok   10 HOME apron:22:75 [jodel] clear of the user's Cub's routes  (20.60 m of 8.35)
  ok   10 HOME apron:22:75 [c172] inside the field
  ok   10 HOME apron:22:75 [c172] flat  (0.00 m of 0.60)
  ok   10 HOME apron:22:75 [c172] dry
  ok   10 HOME apron:22:75 [c172] clear of solid things  (6.30 m of 3.00 (item s_club/fuel))
  ok   10 HOME apron:22:75 [c172] clear of stock build's routes  (20.50 m of 8.00)
  ok   10 HOME apron:22:75 [c172] clear of aluminium C172's routes  (20.50 m of 8.50)
  ok   10 HOME apron:22:75 [c172] clear of the user's Cub's routes  (20.50 m of 8.35)
  ok   10 HOME apron:22:75 [chinook] inside the field
  ok   10 HOME apron:22:75 [chinook] flat  (0.00 m of 0.60)
  ok   10 HOME apron:22:75 [chinook] dry
  ok   10 HOME apron:22:75 [chinook] clear of solid things  (7.37 m of 3.00 (item s_club/fuel))
  ok   10 HOME apron:22:75 [chinook] clear of stock build's routes  (21.60 m of 8.00)
  ok   10 HOME apron:22:75 [chinook] clear of aluminium C172's routes  (21.60 m of 8.50)
  ok   10 HOME apron:22:75 [chinook] clear of the user's Cub's routes  (21.60 m of 8.35)
  ok   10 HOME apron:22:75 [caravan] inside the field
  ok   10 HOME apron:22:75 [caravan] flat  (0.00 m of 0.60)
  ok   10 HOME apron:22:75 [caravan] dry
  ok   10 HOME apron:22:75 [caravan] clear of solid things  (5.39 m of 3.00 (item s_club/fuel))
  ok   10 HOME apron:22:75 [caravan] clear of stock build's routes  (19.90 m of 8.00)
  ok   10 HOME apron:22:75 [caravan] clear of aluminium C172's routes  (19.90 m of 8.50)
  ok   10 HOME apron:22:75 [caravan] clear of the user's Cub's routes  (19.90 m of 8.35)
  ok   10 HOME apron:22:75 [rv] inside the field
  ok   10 HOME apron:22:75 [rv] flat  (0.00 m of 0.60)
  ok   10 HOME apron:22:75 [rv] dry
  ok   10 HOME apron:22:75 [rv] clear of solid things  (6.91 m of 3.00 (item s_club/fuel))
  ok   10 HOME apron:22:75 [rv] clear of stock build's routes  (21.10 m of 8.00)
  ok   10 HOME apron:22:75 [rv] clear of aluminium C172's routes  (21.10 m of 8.50)
  ok   10 HOME apron:22:75 [rv] clear of the user's Cub's routes  (21.10 m of 8.35)
  ok   10 HOME apron:22:75 [savannah] inside the field
  ok   10 HOME apron:22:75 [savannah] flat  (0.00 m of 0.60)
  ok   10 HOME apron:22:75 [savannah] dry
  ok   10 HOME apron:22:75 [savannah] clear of solid things  (7.32 m of 3.00 (item s_club/fuel))
  ok   10 HOME apron:22:75 [savannah] clear of stock build's routes  (21.10 m of 8.00)
  ok   10 HOME apron:22:75 [savannah] clear of aluminium C172's routes  (21.10 m of 8.50)
  ok   10 HOME apron:22:75 [savannah] clear of the user's Cub's routes  (21.10 m of 8.35)
  ok   10 HOME apron:22:75 [ul1] inside the field
  ok   10 HOME apron:22:75 [ul1] flat  (0.00 m of 0.60)
  ok   10 HOME apron:22:75 [ul1] dry
  ok   10 HOME apron:22:75 [ul1] clear of solid things  (7.27 m of 3.00 (item s_club/fuel))
  ok   10 HOME apron:22:75 [ul1] clear of stock build's routes  (21.10 m of 8.00)
  ok   10 HOME apron:22:75 [ul1] clear of aluminium C172's routes  (21.10 m of 8.50)
  ok   10 HOME apron:22:75 [ul1] clear of the user's Cub's routes  (21.10 m of 8.35)
  ok   10 HOME apron:22:75 [floatplane] inside the field
  ok   10 HOME apron:22:75 [floatplane] flat  (0.00 m of 0.60)
  ok   10 HOME apron:22:75 [floatplane] dry
  ok   10 HOME apron:22:75 [floatplane] clear of solid things  (6.44 m of 3.00 (item s_club/fuel))
  ok   10 HOME apron:22:75 [floatplane] clear of stock build's routes  (20.80 m of 8.00)
  ok   10 HOME apron:22:75 [floatplane] clear of aluminium C172's routes  (20.80 m of 8.50)
  ok   10 HOME apron:22:75 [floatplane] clear of the user's Cub's routes  (20.80 m of 8.35)
  ok   10 HOME apron:22:75 [pusherPod] inside the field
  ok   10 HOME apron:22:75 [pusherPod] flat  (0.00 m of 0.60)
  ok   10 HOME apron:22:75 [pusherPod] dry
  ok   10 HOME apron:22:75 [pusherPod] clear of solid things  (7.05 m of 3.00 (item s_club/fuel))
  ok   10 HOME apron:22:75 [pusherPod] clear of stock build's routes  (21.40 m of 8.00)
  ok   10 HOME apron:22:75 [pusherPod] clear of aluminium C172's routes  (21.40 m of 8.50)
  ok   10 HOME apron:22:75 [pusherPod] clear of the user's Cub's routes  (21.40 m of 8.35)
  ok   10 HOME apron:22:75 [motorglider] inside the field
  ok   10 HOME apron:22:75 [motorglider] flat  (0.00 m of 0.60)
  ok   10 HOME apron:22:75 [motorglider] dry
  ok   10 HOME apron:22:75 [motorglider] clear of solid things  (7.06 m of 3.00 (item s_club/fuel))
  ok   10 HOME apron:22:75 [motorglider] clear of stock build's routes  (21.10 m of 8.00)
  ok   10 HOME apron:22:75 [motorglider] clear of aluminium C172's routes  (21.10 m of 8.50)
  ok   10 HOME apron:22:75 [motorglider] clear of the user's Cub's routes  (21.10 m of 8.35)
  ok   10 HOME apron:22:75 [radial] inside the field
  ok   10 HOME apron:22:75 [radial] flat  (0.00 m of 0.60)
  ok   10 HOME apron:22:75 [radial] dry
  ok   10 HOME apron:22:75 [radial] clear of solid things  (6.58 m of 3.00 (item s_club/fuel))
  ok   10 HOME apron:22:75 [radial] clear of stock build's routes  (21.10 m of 8.00)
  ok   10 HOME apron:22:75 [radial] clear of aluminium C172's routes  (21.10 m of 8.50)
  ok   10 HOME apron:22:75 [radial] clear of the user's Cub's routes  (21.10 m of 8.35)
  ok   10 HOME apron:22:75 [etrainer] inside the field
  ok   10 HOME apron:22:75 [etrainer] flat  (0.00 m of 0.60)
  ok   10 HOME apron:22:75 [etrainer] dry
  ok   10 HOME apron:22:75 [etrainer] clear of solid things  (7.19 m of 3.00 (item s_club/fuel))
  ok   10 HOME apron:22:75 [etrainer] clear of stock build's routes  (21.10 m of 8.00)
  ok   10 HOME apron:22:75 [etrainer] clear of aluminium C172's routes  (21.10 m of 8.50)
  ok   10 HOME apron:22:75 [etrainer] clear of the user's Cub's routes  (21.10 m of 8.35)
  ok   10 HOME apron:22:75 [ttail] inside the field
  ok   10 HOME apron:22:75 [ttail] flat  (0.00 m of 0.60)
  ok   10 HOME apron:22:75 [ttail] dry
  ok   10 HOME apron:22:75 [ttail] clear of solid things  (6.58 m of 3.00 (item s_club/fuel))
  ok   10 HOME apron:22:75 [ttail] clear of stock build's routes  (21.10 m of 8.00)
  ok   10 HOME apron:22:75 [ttail] clear of aluminium C172's routes  (21.10 m of 8.50)
  ok   10 HOME apron:22:75 [ttail] clear of the user's Cub's routes  (21.10 m of 8.35)
  ok   10 HOME apron:22:75 [vtail] inside the field
  ok   10 HOME apron:22:75 [vtail] flat  (0.00 m of 0.60)
  ok   10 HOME apron:22:75 [vtail] dry
  ok   10 HOME apron:22:75 [vtail] clear of solid things  (6.49 m of 3.00 (item s_club/fuel))
  ok   10 HOME apron:22:75 [vtail] clear of stock build's routes  (21.10 m of 8.00)
  ok   10 HOME apron:22:75 [vtail] clear of aluminium C172's routes  (21.10 m of 8.50)
  ok   10 HOME apron:22:75 [vtail] clear of the user's Cub's routes  (21.10 m of 8.35)
  ok   10 HOME apron:22:75 [mw5] inside the field
  ok   10 HOME apron:22:75 [mw5] flat  (0.00 m of 0.60)
  ok   10 HOME apron:22:75 [mw5] dry
  ok   10 HOME apron:22:75 [mw5] clear of solid things  (7.09 m of 3.00 (item s_club/fuel))
  ok   10 HOME apron:22:75 [mw5] clear of stock build's routes  (21.40 m of 8.00)
  ok   10 HOME apron:22:75 [mw5] clear of aluminium C172's routes  (21.40 m of 8.50)
  ok   10 HOME apron:22:75 [mw5] clear of the user's Cub's routes  (21.40 m of 8.35)
  ok   10 HOME apron:22:75 [archaeopteryx] inside the field
  ok   10 HOME apron:22:75 [archaeopteryx] flat  (0.00 m of 0.60)
  ok   10 HOME apron:22:75 [archaeopteryx] dry
  ok   10 HOME apron:22:75 [archaeopteryx] clear of solid things  (6.86 m of 3.00 (item s_club/fuel))
  ok   10 HOME apron:22:75 [archaeopteryx] clear of stock build's routes  (21.40 m of 8.00)
  ok   10 HOME apron:22:75 [archaeopteryx] clear of aluminium C172's routes  (21.40 m of 8.50)
  ok   10 HOME apron:22:75 [archaeopteryx] clear of the user's Cub's routes  (21.40 m of 8.35)
  ok   10 HOME apron:22:75 [da62] inside the field
  ok   10 HOME apron:22:75 [da62] flat  (0.00 m of 0.60)
  ok   10 HOME apron:22:75 [da62] dry
  ok   10 HOME apron:22:75 [da62] clear of solid things  (5.89 m of 3.00 (item s_club/fuel))
  ok   10 HOME apron:22:75 [da62] clear of stock build's routes  (21.30 m of 8.00)
  ok   10 HOME apron:22:75 [da62] clear of aluminium C172's routes  (21.30 m of 8.50)
  ok   10 HOME apron:22:75 [da62] clear of the user's Cub's routes  (21.30 m of 8.35)
  ok   10 HOME apron:22:75 [twinBush] inside the field
  ok   10 HOME apron:22:75 [twinBush] flat  (0.00 m of 0.60)
  ok   10 HOME apron:22:75 [twinBush] dry
  ok   10 HOME apron:22:75 [twinBush] clear of solid things  (4.81 m of 3.00 (item s_club/fuel))
  ok   10 HOME apron:22:75 [twinBush] clear of stock build's routes  (21.30 m of 8.00)
  ok   10 HOME apron:22:75 [twinBush] clear of aluminium C172's routes  (21.30 m of 8.50)
  ok   10 HOME apron:22:75 [twinBush] clear of the user's Cub's routes  (21.30 m of 8.35)
  ok   10 HOME apron:22:75 [skymaster] inside the field
  ok   10 HOME apron:22:75 [skymaster] flat  (0.00 m of 0.60)
  ok   10 HOME apron:22:75 [skymaster] dry
  ok   10 HOME apron:22:75 [skymaster] clear of solid things  (6.67 m of 3.00 (item s_club/fuel))
  ok   10 HOME apron:22:75 [skymaster] clear of stock build's routes  (21.10 m of 8.00)
  ok   10 HOME apron:22:75 [skymaster] clear of aluminium C172's routes  (21.10 m of 8.50)
  ok   10 HOME apron:22:75 [skymaster] clear of the user's Cub's routes  (21.10 m of 8.35)
  ok   10 HOME apron:22:75 [p38] inside the field
  ok   10 HOME apron:22:75 [p38] flat  (0.00 m of 0.60)
  ok   10 HOME apron:22:75 [p38] dry
  ok   10 HOME apron:22:75 [p38] clear of solid things  (6.77 m of 3.00 (item s_club/fuel))
  ok   10 HOME apron:22:75 [p38] clear of stock build's routes  (21.30 m of 8.00)
  ok   10 HOME apron:22:75 [p38] clear of aluminium C172's routes  (21.30 m of 8.50)
  ok   10 HOME apron:22:75 [p38] clear of the user's Cub's routes  (21.30 m of 8.35)
  ok   10 HOME apron:22:75 [beaver] inside the field
  ok   10 HOME apron:22:75 [beaver] flat  (0.00 m of 0.60)
  ok   10 HOME apron:22:75 [beaver] dry
  ok   10 HOME apron:22:75 [beaver] clear of solid things  (6.05 m of 3.00 (item s_club/fuel))
  ok   10 HOME apron:22:75 [beaver] clear of stock build's routes  (21.00 m of 8.00)
  ok   10 HOME apron:22:75 [beaver] clear of aluminium C172's routes  (21.00 m of 8.50)
  ok   10 HOME apron:22:75 [beaver] clear of the user's Cub's routes  (21.00 m of 8.35)
  ok   10 HOME apron:22:75 [default] inside the field
  ok   10 HOME apron:22:75 [default] flat  (0.00 m of 0.60)
  ok   10 HOME apron:22:75 [default] dry
  ok   10 HOME apron:22:75 [default] clear of solid things  (5.65 m of 3.00 (item s_club/fuel))
  ok   10 HOME apron:22:75 [default] clear of stock build's routes  (20.40 m of 8.00)
  ok   10 HOME apron:22:75 [default] clear of aluminium C172's routes  (20.40 m of 8.50)
  ok   10 HOME apron:22:75 [default] clear of the user's Cub's routes  (20.40 m of 8.35)
  ok   10 HOME apron:22:210 [cub] inside the field
  ok   10 HOME apron:22:210 [cub] flat  (0.00 m of 0.60)
  ok   10 HOME apron:22:210 [cub] dry
  ok   10 HOME apron:22:210 [cub] clear of solid things  (8.41 m of 3.00 (item s_club/hangar_long))
  ok   10 HOME apron:22:210 [cub] clear of stock build's routes  (13.87 m of 8.00)
  ok   10 HOME apron:22:210 [cub] clear of aluminium C172's routes  (13.87 m of 8.50)
  ok   10 HOME apron:22:210 [cub] clear of the user's Cub's routes  (13.87 m of 8.35)
  ok   10 HOME apron:22:210 [pietenpol] inside the field
  ok   10 HOME apron:22:210 [pietenpol] flat  (0.00 m of 0.60)
  ok   10 HOME apron:22:210 [pietenpol] dry
  ok   10 HOME apron:22:210 [pietenpol] clear of solid things  (9.16 m of 3.00 (item s_club/hangar_long))
  ok   10 HOME apron:22:210 [pietenpol] clear of stock build's routes  (14.77 m of 8.00)
  ok   10 HOME apron:22:210 [pietenpol] clear of aluminium C172's routes  (14.77 m of 8.50)
  ok   10 HOME apron:22:210 [pietenpol] clear of the user's Cub's routes  (14.77 m of 8.35)
  ok   10 HOME apron:22:210 [tigermoth] inside the field
  ok   10 HOME apron:22:210 [tigermoth] flat  (0.00 m of 0.60)
  ok   10 HOME apron:22:210 [tigermoth] dry
  ok   10 HOME apron:22:210 [tigermoth] clear of solid things  (9.07 m of 3.00 (item s_club/hangar_long))
  ok   10 HOME apron:22:210 [tigermoth] clear of stock build's routes  (14.72 m of 8.00)
  ok   10 HOME apron:22:210 [tigermoth] clear of aluminium C172's routes  (14.72 m of 8.50)
  ok   10 HOME apron:22:210 [tigermoth] clear of the user's Cub's routes  (14.72 m of 8.35)
  ok   10 HOME apron:22:210 [stearman] inside the field
  ok   10 HOME apron:22:210 [stearman] flat  (0.00 m of 0.60)
  ok   10 HOME apron:22:210 [stearman] dry
  ok   10 HOME apron:22:210 [stearman] clear of solid things  (8.86 m of 3.00 (item s_club/hangar_long))
  ok   10 HOME apron:22:210 [stearman] clear of stock build's routes  (14.40 m of 8.00)
  ok   10 HOME apron:22:210 [stearman] clear of aluminium C172's routes  (14.40 m of 8.50)
  ok   10 HOME apron:22:210 [stearman] clear of the user's Cub's routes  (14.40 m of 8.35)
  ok   10 HOME apron:22:210 [pittsAlike] inside the field
  ok   10 HOME apron:22:210 [pittsAlike] flat  (0.00 m of 0.60)
  ok   10 HOME apron:22:210 [pittsAlike] dry
  ok   10 HOME apron:22:210 [pittsAlike] clear of solid things  (10.75 m of 3.00 (item s_club/hangar_long))
  ok   10 HOME apron:22:210 [pittsAlike] clear of stock build's routes  (15.41 m of 8.00)
  ok   10 HOME apron:22:210 [pittsAlike] clear of aluminium C172's routes  (15.41 m of 8.50)
  ok   10 HOME apron:22:210 [pittsAlike] clear of the user's Cub's routes  (15.41 m of 8.35)
  ok   10 HOME apron:22:210 [sesqui] inside the field
  ok   10 HOME apron:22:210 [sesqui] flat  (0.00 m of 0.60)
  ok   10 HOME apron:22:210 [sesqui] dry
  ok   10 HOME apron:22:210 [sesqui] clear of solid things  (8.66 m of 3.00 (item s_club/hangar_long))
  ok   10 HOME apron:22:210 [sesqui] clear of stock build's routes  (14.42 m of 8.00)
  ok   10 HOME apron:22:210 [sesqui] clear of aluminium C172's routes  (14.42 m of 8.50)
  ok   10 HOME apron:22:210 [sesqui] clear of the user's Cub's routes  (14.42 m of 8.35)
  ok   10 HOME apron:22:210 [jodel] inside the field
  ok   10 HOME apron:22:210 [jodel] flat  (0.00 m of 0.60)
  ok   10 HOME apron:22:210 [jodel] dry
  ok   10 HOME apron:22:210 [jodel] clear of solid things  (9.97 m of 3.00 (item s_club/hangar_long))
  ok   10 HOME apron:22:210 [jodel] clear of stock build's routes  (14.47 m of 8.00)
  ok   10 HOME apron:22:210 [jodel] clear of aluminium C172's routes  (14.47 m of 8.50)
  ok   10 HOME apron:22:210 [jodel] clear of the user's Cub's routes  (14.47 m of 8.35)
  ok   10 HOME apron:22:210 [c172] inside the field
  ok   10 HOME apron:22:210 [c172] flat  (0.00 m of 0.60)
  ok   10 HOME apron:22:210 [c172] dry
  ok   10 HOME apron:22:210 [c172] clear of solid things  (7.97 m of 3.00 (item s_club/hangar_long))
  ok   10 HOME apron:22:210 [c172] clear of stock build's routes  (13.65 m of 8.00)
  ok   10 HOME apron:22:210 [c172] clear of aluminium C172's routes  (13.65 m of 8.50)
  ok   10 HOME apron:22:210 [c172] clear of the user's Cub's routes  (13.65 m of 8.35)
  ok   10 HOME apron:22:210 [chinook] inside the field
  ok   10 HOME apron:22:210 [chinook] flat  (0.00 m of 0.60)
  ok   10 HOME apron:22:210 [chinook] dry
  ok   10 HOME apron:22:210 [chinook] clear of solid things  (8.98 m of 3.00 (item s_club/hangar_long))
  ok   10 HOME apron:22:210 [chinook] clear of stock build's routes  (14.89 m of 8.00)
  ok   10 HOME apron:22:210 [chinook] clear of aluminium C172's routes  (14.89 m of 8.50)
  ok   10 HOME apron:22:210 [chinook] clear of the user's Cub's routes  (14.89 m of 8.35)
  ok   10 HOME apron:22:210 [caravan] inside the field
  ok   10 HOME apron:22:210 [caravan] flat  (0.00 m of 0.60)
  ok   10 HOME apron:22:210 [caravan] dry
  ok   10 HOME apron:22:210 [caravan] clear of solid things  (6.47 m of 3.00 (item s_club/hangar_long))
  ok   10 HOME apron:22:210 [caravan] clear of stock build's routes  (12.30 m of 8.00)
  ok   10 HOME apron:22:210 [caravan] clear of aluminium C172's routes  (12.30 m of 8.50)
  ok   10 HOME apron:22:210 [caravan] clear of the user's Cub's routes  (12.30 m of 8.35)
  ok   10 HOME apron:22:210 [rv] inside the field
  ok   10 HOME apron:22:210 [rv] flat  (0.00 m of 0.60)
  ok   10 HOME apron:22:210 [rv] dry
  ok   10 HOME apron:22:210 [rv] clear of solid things  (8.69 m of 3.00 (item s_club/hangar_long))
  ok   10 HOME apron:22:210 [rv] clear of stock build's routes  (14.48 m of 8.00)
  ok   10 HOME apron:22:210 [rv] clear of aluminium C172's routes  (14.48 m of 8.50)
  ok   10 HOME apron:22:210 [rv] clear of the user's Cub's routes  (14.48 m of 8.35)
  ok   10 HOME apron:22:210 [savannah] inside the field
  ok   10 HOME apron:22:210 [savannah] flat  (0.00 m of 0.60)
  ok   10 HOME apron:22:210 [savannah] dry
  ok   10 HOME apron:22:210 [savannah] clear of solid things  (9.11 m of 3.00 (item s_club/hangar_long))
  ok   10 HOME apron:22:210 [savannah] clear of stock build's routes  (14.66 m of 8.00)
  ok   10 HOME apron:22:210 [savannah] clear of aluminium C172's routes  (14.66 m of 8.50)
  ok   10 HOME apron:22:210 [savannah] clear of the user's Cub's routes  (14.66 m of 8.35)
  ok   10 HOME apron:22:210 [ul1] inside the field
  ok   10 HOME apron:22:210 [ul1] flat  (0.00 m of 0.60)
  ok   10 HOME apron:22:210 [ul1] dry
  ok   10 HOME apron:22:210 [ul1] clear of solid things  (9.03 m of 3.00 (item s_club/hangar_long))
  ok   10 HOME apron:22:210 [ul1] clear of stock build's routes  (14.60 m of 8.00)
  ok   10 HOME apron:22:210 [ul1] clear of aluminium C172's routes  (14.60 m of 8.50)
  ok   10 HOME apron:22:210 [ul1] clear of the user's Cub's routes  (14.60 m of 8.35)
  ok   10 HOME apron:22:210 [floatplane] inside the field
  ok   10 HOME apron:22:210 [floatplane] flat  (0.00 m of 0.60)
  ok   10 HOME apron:22:210 [floatplane] dry
  ok   10 HOME apron:22:210 [floatplane] clear of solid things  (7.83 m of 3.00 (item s_club/hangar_long))
  ok   10 HOME apron:22:210 [floatplane] clear of stock build's routes  (13.67 m of 8.00)
  ok   10 HOME apron:22:210 [floatplane] clear of aluminium C172's routes  (13.67 m of 8.50)
  ok   10 HOME apron:22:210 [floatplane] clear of the user's Cub's routes  (13.67 m of 8.35)
  ok   10 HOME apron:22:210 [pusherPod] inside the field
  ok   10 HOME apron:22:210 [pusherPod] flat  (0.00 m of 0.60)
  ok   10 HOME apron:22:210 [pusherPod] dry
  ok   10 HOME apron:22:210 [pusherPod] clear of solid things  (8.94 m of 3.00 (item s_club/hangar_long))
  ok   10 HOME apron:22:210 [pusherPod] clear of stock build's routes  (14.90 m of 8.00)
  ok   10 HOME apron:22:210 [pusherPod] clear of aluminium C172's routes  (14.90 m of 8.50)
  ok   10 HOME apron:22:210 [pusherPod] clear of the user's Cub's routes  (14.90 m of 8.35)
  ok   10 HOME apron:22:210 [motorglider] inside the field
  ok   10 HOME apron:22:210 [motorglider] flat  (0.00 m of 0.60)
  ok   10 HOME apron:22:210 [motorglider] dry
  ok   10 HOME apron:22:210 [motorglider] clear of solid things  (7.92 m of 3.00 (item s_club/hangar_long))
  ok   10 HOME apron:22:210 [motorglider] clear of stock build's routes  (13.57 m of 8.00)
  ok   10 HOME apron:22:210 [motorglider] clear of aluminium C172's routes  (13.57 m of 8.50)
  ok   10 HOME apron:22:210 [motorglider] clear of the user's Cub's routes  (13.57 m of 8.35)
  ok   10 HOME apron:22:210 [radial] inside the field
  ok   10 HOME apron:22:210 [radial] flat  (0.00 m of 0.60)
  ok   10 HOME apron:22:210 [radial] dry
  ok   10 HOME apron:22:210 [radial] clear of solid things  (8.14 m of 3.00 (item s_club/hangar_long))
  ok   10 HOME apron:22:210 [radial] clear of stock build's routes  (14.14 m of 8.00)
  ok   10 HOME apron:22:210 [radial] clear of aluminium C172's routes  (14.14 m of 8.50)
  ok   10 HOME apron:22:210 [radial] clear of the user's Cub's routes  (14.14 m of 8.35)
  ok   10 HOME apron:22:210 [etrainer] inside the field
  ok   10 HOME apron:22:210 [etrainer] flat  (0.00 m of 0.60)
  ok   10 HOME apron:22:210 [etrainer] dry
  ok   10 HOME apron:22:210 [etrainer] clear of solid things  (9.07 m of 3.00 (item s_club/hangar_long))
  ok   10 HOME apron:22:210 [etrainer] clear of stock build's routes  (14.72 m of 8.00)
  ok   10 HOME apron:22:210 [etrainer] clear of aluminium C172's routes  (14.72 m of 8.50)
  ok   10 HOME apron:22:210 [etrainer] clear of the user's Cub's routes  (14.72 m of 8.35)
  ok   10 HOME apron:22:210 [ttail] inside the field
  ok   10 HOME apron:22:210 [ttail] flat  (0.00 m of 0.60)
  ok   10 HOME apron:22:210 [ttail] dry
  ok   10 HOME apron:22:210 [ttail] clear of solid things  (8.14 m of 3.00 (item s_club/hangar_long))
  ok   10 HOME apron:22:210 [ttail] clear of stock build's routes  (14.14 m of 8.00)
  ok   10 HOME apron:22:210 [ttail] clear of aluminium C172's routes  (14.14 m of 8.50)
  ok   10 HOME apron:22:210 [ttail] clear of the user's Cub's routes  (14.14 m of 8.35)
  ok   10 HOME apron:22:210 [vtail] inside the field
  ok   10 HOME apron:22:210 [vtail] flat  (0.00 m of 0.60)
  ok   10 HOME apron:22:210 [vtail] dry
  ok   10 HOME apron:22:210 [vtail] clear of solid things  (8.08 m of 3.00 (item s_club/hangar_long))
  ok   10 HOME apron:22:210 [vtail] clear of stock build's routes  (14.14 m of 8.00)
  ok   10 HOME apron:22:210 [vtail] clear of aluminium C172's routes  (14.14 m of 8.50)
  ok   10 HOME apron:22:210 [vtail] clear of the user's Cub's routes  (14.14 m of 8.35)
  ok   10 HOME apron:22:210 [mw5] inside the field
  ok   10 HOME apron:22:210 [mw5] flat  (0.00 m of 0.60)
  ok   10 HOME apron:22:210 [mw5] dry
  ok   10 HOME apron:22:210 [mw5] clear of solid things  (8.91 m of 3.00 (item s_club/hangar_long))
  ok   10 HOME apron:22:210 [mw5] clear of stock build's routes  (14.84 m of 8.00)
  ok   10 HOME apron:22:210 [mw5] clear of aluminium C172's routes  (14.84 m of 8.50)
  ok   10 HOME apron:22:210 [mw5] clear of the user's Cub's routes  (14.84 m of 8.35)
  ok   10 HOME apron:22:210 [archaeopteryx] inside the field
  ok   10 HOME apron:22:210 [archaeopteryx] flat  (0.00 m of 0.60)
  ok   10 HOME apron:22:210 [archaeopteryx] dry
  ok   10 HOME apron:22:210 [archaeopteryx] clear of solid things  (8.33 m of 3.00 (item s_club/hangar_long))
  ok   10 HOME apron:22:210 [archaeopteryx] clear of stock build's routes  (14.39 m of 8.00)
  ok   10 HOME apron:22:210 [archaeopteryx] clear of aluminium C172's routes  (14.39 m of 8.50)
  ok   10 HOME apron:22:210 [archaeopteryx] clear of the user's Cub's routes  (14.39 m of 8.35)
  ok   10 HOME apron:22:210 [da62] inside the field
  ok   10 HOME apron:22:210 [da62] flat  (0.00 m of 0.60)
  ok   10 HOME apron:22:210 [da62] dry
  ok   10 HOME apron:22:210 [da62] clear of solid things  (6.80 m of 3.00 (item s_club/hangar_long))
  ok   10 HOME apron:22:210 [da62] clear of stock build's routes  (13.45 m of 8.00)
  ok   10 HOME apron:22:210 [da62] clear of aluminium C172's routes  (13.45 m of 8.50)
  ok   10 HOME apron:22:210 [da62] clear of the user's Cub's routes  (13.45 m of 8.35)
  ok   10 HOME apron:22:210 [twinBush] inside the field
  ok   10 HOME apron:22:210 [twinBush] flat  (0.00 m of 0.60)
  ok   10 HOME apron:22:210 [twinBush] dry
  ok   10 HOME apron:22:210 [twinBush] clear of solid things  (5.38 m of 3.00 (item s_club/hangar_long))
  ok   10 HOME apron:22:210 [twinBush] clear of stock build's routes  (12.88 m of 8.00)
  ok   10 HOME apron:22:210 [twinBush] clear of aluminium C172's routes  (12.88 m of 8.50)
  ok   10 HOME apron:22:210 [twinBush] clear of the user's Cub's routes  (12.88 m of 8.35)
  ok   10 HOME apron:22:210 [skymaster] inside the field
  ok   10 HOME apron:22:210 [skymaster] flat  (0.00 m of 0.60)
  ok   10 HOME apron:22:210 [skymaster] dry
  ok   10 HOME apron:22:210 [skymaster] clear of solid things  (8.20 m of 3.00 (item s_club/hangar_long))
  ok   10 HOME apron:22:210 [skymaster] clear of stock build's routes  (14.14 m of 8.00)
  ok   10 HOME apron:22:210 [skymaster] clear of aluminium C172's routes  (14.14 m of 8.50)
  ok   10 HOME apron:22:210 [skymaster] clear of the user's Cub's routes  (14.14 m of 8.35)
  ok   10 HOME apron:22:210 [p38] inside the field
  ok   10 HOME apron:22:210 [p38] flat  (0.00 m of 0.60)
  ok   10 HOME apron:22:210 [p38] dry
  ok   10 HOME apron:22:210 [p38] clear of solid things  (8.27 m of 3.00 (item s_club/hangar_long))
  ok   10 HOME apron:22:210 [p38] clear of stock build's routes  (14.31 m of 8.00)
  ok   10 HOME apron:22:210 [p38] clear of aluminium C172's routes  (14.31 m of 8.50)
  ok   10 HOME apron:22:210 [p38] clear of the user's Cub's routes  (14.31 m of 8.35)
  ok   10 HOME apron:22:210 [beaver] inside the field
  ok   10 HOME apron:22:210 [beaver] flat  (0.00 m of 0.60)
  ok   10 HOME apron:22:210 [beaver] dry
  ok   10 HOME apron:22:210 [beaver] clear of solid things  (6.72 m of 3.00 (item s_club/hangar_long))
  ok   10 HOME apron:22:210 [beaver] clear of stock build's routes  (13.03 m of 8.00)
  ok   10 HOME apron:22:210 [beaver] clear of aluminium C172's routes  (13.03 m of 8.50)
  ok   10 HOME apron:22:210 [beaver] clear of the user's Cub's routes  (13.03 m of 8.35)
  ok   10 HOME apron:22:210 [default] inside the field
  ok   10 HOME apron:22:210 [default] flat  (0.00 m of 0.60)
  ok   10 HOME apron:22:210 [default] dry
  ok   10 HOME apron:22:210 [default] clear of solid things  (7.27 m of 3.00 (item s_club/hangar_long))
  ok   10 HOME apron:22:210 [default] clear of stock build's routes  (13.28 m of 8.00)
  ok   10 HOME apron:22:210 [default] clear of aluminium C172's routes  (13.28 m of 8.50)
  ok   10 HOME apron:22:210 [default] clear of the user's Cub's routes  (13.28 m of 8.35)
  ok   10 HOME apron:34:0 [cub] inside the field
  ok   10 HOME apron:34:0 [cub] flat  (0.00 m of 0.60)
  ok   10 HOME apron:34:0 [cub] dry
  ok   10 HOME apron:34:0 [cub] clear of solid things  (8.72 m of 3.00 (aircraft ob:o3))
  ok   10 HOME apron:34:0 [cub] clear of stock build's routes  (32.70 m of 8.00)
  ok   10 HOME apron:34:0 [cub] clear of aluminium C172's routes  (32.70 m of 8.50)
  ok   10 HOME apron:34:0 [cub] clear of the user's Cub's routes  (32.70 m of 8.35)
  ok   10 HOME apron:34:0 [pietenpol] inside the field
  ok   10 HOME apron:34:0 [pietenpol] flat  (0.00 m of 0.60)
  ok   10 HOME apron:34:0 [pietenpol] dry
  ok   10 HOME apron:34:0 [pietenpol] clear of solid things  (9.71 m of 3.00 (aircraft ob:o3))
  ok   10 HOME apron:34:0 [pietenpol] clear of stock build's routes  (33.10 m of 8.00)
  ok   10 HOME apron:34:0 [pietenpol] clear of aluminium C172's routes  (33.10 m of 8.50)
  ok   10 HOME apron:34:0 [pietenpol] clear of the user's Cub's routes  (33.10 m of 8.35)
  ok   10 HOME apron:34:0 [tigermoth] inside the field
  ok   10 HOME apron:34:0 [tigermoth] flat  (0.00 m of 0.60)
  ok   10 HOME apron:34:0 [tigermoth] dry
  ok   10 HOME apron:34:0 [tigermoth] clear of solid things  (9.63 m of 3.00 (aircraft ob:o3))
  ok   10 HOME apron:34:0 [tigermoth] clear of stock build's routes  (33.10 m of 8.00)
  ok   10 HOME apron:34:0 [tigermoth] clear of aluminium C172's routes  (33.10 m of 8.50)
  ok   10 HOME apron:34:0 [tigermoth] clear of the user's Cub's routes  (33.10 m of 8.35)
  ok   10 HOME apron:34:0 [stearman] inside the field
  ok   10 HOME apron:34:0 [stearman] flat  (0.00 m of 0.60)
  ok   10 HOME apron:34:0 [stearman] dry
  ok   10 HOME apron:34:0 [stearman] clear of solid things  (9.28 m of 3.00 (aircraft ob:o3))
  ok   10 HOME apron:34:0 [stearman] clear of stock build's routes  (33.00 m of 8.00)
  ok   10 HOME apron:34:0 [stearman] clear of aluminium C172's routes  (33.00 m of 8.50)
  ok   10 HOME apron:34:0 [stearman] clear of the user's Cub's routes  (33.00 m of 8.35)
  ok   10 HOME apron:34:0 [pittsAlike] inside the field
  ok   10 HOME apron:34:0 [pittsAlike] flat  (0.00 m of 0.60)
  ok   10 HOME apron:34:0 [pittsAlike] dry
  ok   10 HOME apron:34:0 [pittsAlike] clear of solid things  (10.53 m of 3.00 (aircraft ob:o3))
  ok   10 HOME apron:34:0 [pittsAlike] clear of stock build's routes  (33.10 m of 8.00)
  ok   10 HOME apron:34:0 [pittsAlike] clear of aluminium C172's routes  (33.10 m of 8.50)
  ok   10 HOME apron:34:0 [pittsAlike] clear of the user's Cub's routes  (33.10 m of 8.35)
  ok   10 HOME apron:34:0 [sesqui] inside the field
  ok   10 HOME apron:34:0 [sesqui] flat  (0.00 m of 0.60)
  ok   10 HOME apron:34:0 [sesqui] dry
  ok   10 HOME apron:34:0 [sesqui] clear of solid things  (9.28 m of 3.00 (aircraft ob:o3))
  ok   10 HOME apron:34:0 [sesqui] clear of stock build's routes  (33.10 m of 8.00)
  ok   10 HOME apron:34:0 [sesqui] clear of aluminium C172's routes  (33.10 m of 8.50)
  ok   10 HOME apron:34:0 [sesqui] clear of the user's Cub's routes  (33.10 m of 8.35)
  ok   10 HOME apron:34:0 [jodel] inside the field
  ok   10 HOME apron:34:0 [jodel] flat  (0.00 m of 0.60)
  ok   10 HOME apron:34:0 [jodel] dry
  ok   10 HOME apron:34:0 [jodel] clear of solid things  (9.52 m of 3.00 (aircraft ob:o3))
  ok   10 HOME apron:34:0 [jodel] clear of stock build's routes  (32.60 m of 8.00)
  ok   10 HOME apron:34:0 [jodel] clear of aluminium C172's routes  (32.60 m of 8.50)
  ok   10 HOME apron:34:0 [jodel] clear of the user's Cub's routes  (32.60 m of 8.35)
  ok   10 HOME apron:34:0 [c172] inside the field
  ok   10 HOME apron:34:0 [c172] flat  (0.00 m of 0.60)
  ok   10 HOME apron:34:0 [c172] dry
  ok   10 HOME apron:34:0 [c172] clear of solid things  (8.50 m of 3.00 (aircraft ob:o3))
  ok   10 HOME apron:34:0 [c172] clear of stock build's routes  (32.50 m of 8.00)
  ok   10 HOME apron:34:0 [c172] clear of aluminium C172's routes  (32.50 m of 8.50)
  ok   10 HOME apron:34:0 [c172] clear of the user's Cub's routes  (32.50 m of 8.35)
  ok   10 HOME apron:34:0 [chinook] inside the field
  ok   10 HOME apron:34:0 [chinook] flat  (0.00 m of 0.60)
  ok   10 HOME apron:34:0 [chinook] dry
  ok   10 HOME apron:34:0 [chinook] clear of solid things  (9.72 m of 3.00 (aircraft ob:o3))
  ok   10 HOME apron:34:0 [chinook] clear of stock build's routes  (33.60 m of 8.00)
  ok   10 HOME apron:34:0 [chinook] clear of aluminium C172's routes  (33.60 m of 8.50)
  ok   10 HOME apron:34:0 [chinook] clear of the user's Cub's routes  (33.60 m of 8.35)
  ok   10 HOME apron:34:0 [caravan] inside the field
  ok   10 HOME apron:34:0 [caravan] flat  (0.00 m of 0.60)
  ok   10 HOME apron:34:0 [caravan] dry
  ok   10 HOME apron:34:0 [caravan] clear of solid things  (7.06 m of 3.00 (aircraft ob:o3))
  ok   10 HOME apron:34:0 [caravan] clear of stock build's routes  (31.90 m of 8.00)
  ok   10 HOME apron:34:0 [caravan] clear of aluminium C172's routes  (31.90 m of 8.50)
  ok   10 HOME apron:34:0 [caravan] clear of the user's Cub's routes  (31.90 m of 8.35)
  ok   10 HOME apron:34:0 [rv] inside the field
  ok   10 HOME apron:34:0 [rv] flat  (0.00 m of 0.60)
  ok   10 HOME apron:34:0 [rv] dry
  ok   10 HOME apron:34:0 [rv] clear of solid things  (9.35 m of 3.00 (aircraft ob:o3))
  ok   10 HOME apron:34:0 [rv] clear of stock build's routes  (33.10 m of 8.00)
  ok   10 HOME apron:34:0 [rv] clear of aluminium C172's routes  (33.10 m of 8.50)
  ok   10 HOME apron:34:0 [rv] clear of the user's Cub's routes  (33.10 m of 8.35)
  ok   10 HOME apron:34:0 [savannah] inside the field
  ok   10 HOME apron:34:0 [savannah] flat  (0.00 m of 0.60)
  ok   10 HOME apron:34:0 [savannah] dry
  ok   10 HOME apron:34:0 [savannah] clear of solid things  (9.56 m of 3.00 (aircraft ob:o3))
  ok   10 HOME apron:34:0 [savannah] clear of stock build's routes  (33.10 m of 8.00)
  ok   10 HOME apron:34:0 [savannah] clear of aluminium C172's routes  (33.10 m of 8.50)
  ok   10 HOME apron:34:0 [savannah] clear of the user's Cub's routes  (33.10 m of 8.35)
  ok   10 HOME apron:34:0 [ul1] inside the field
  ok   10 HOME apron:34:0 [ul1] flat  (0.00 m of 0.60)
  ok   10 HOME apron:34:0 [ul1] dry
  ok   10 HOME apron:34:0 [ul1] clear of solid things  (9.49 m of 3.00 (aircraft ob:o3))
  ok   10 HOME apron:34:0 [ul1] clear of stock build's routes  (33.10 m of 8.00)
  ok   10 HOME apron:34:0 [ul1] clear of aluminium C172's routes  (33.10 m of 8.50)
  ok   10 HOME apron:34:0 [ul1] clear of the user's Cub's routes  (33.10 m of 8.35)
  ok   10 HOME apron:34:0 [floatplane] inside the field
  ok   10 HOME apron:34:0 [floatplane] flat  (0.00 m of 0.60)
  ok   10 HOME apron:34:0 [floatplane] dry
  ok   10 HOME apron:34:0 [floatplane] clear of solid things  (8.46 m of 3.00 (aircraft ob:o3))
  ok   10 HOME apron:34:0 [floatplane] clear of stock build's routes  (32.80 m of 8.00)
  ok   10 HOME apron:34:0 [floatplane] clear of aluminium C172's routes  (32.80 m of 8.50)
  ok   10 HOME apron:34:0 [floatplane] clear of the user's Cub's routes  (32.80 m of 8.35)
  ok   10 HOME apron:34:0 [pusherPod] inside the field
  ok   10 HOME apron:34:0 [pusherPod] flat  (0.00 m of 0.60)
  ok   10 HOME apron:34:0 [pusherPod] dry
  ok   10 HOME apron:34:0 [pusherPod] clear of solid things  (9.78 m of 3.00 (aircraft ob:o3))
  ok   10 HOME apron:34:0 [pusherPod] clear of stock build's routes  (33.40 m of 8.00)
  ok   10 HOME apron:34:0 [pusherPod] clear of aluminium C172's routes  (33.40 m of 8.50)
  ok   10 HOME apron:34:0 [pusherPod] clear of the user's Cub's routes  (33.40 m of 8.35)
  ok   10 HOME apron:34:0 [motorglider] inside the field
  ok   10 HOME apron:34:0 [motorglider] flat  (0.00 m of 0.60)
  ok   10 HOME apron:34:0 [motorglider] dry
  ok   10 HOME apron:34:0 [motorglider] clear of solid things  (8.32 m of 3.00 (aircraft ob:o3))
  ok   10 HOME apron:34:0 [motorglider] clear of stock build's routes  (33.10 m of 8.00)
  ok   10 HOME apron:34:0 [motorglider] clear of aluminium C172's routes  (33.10 m of 8.50)
  ok   10 HOME apron:34:0 [motorglider] clear of the user's Cub's routes  (33.10 m of 8.35)
  ok   10 HOME apron:34:0 [radial] inside the field
  ok   10 HOME apron:34:0 [radial] flat  (0.00 m of 0.60)
  ok   10 HOME apron:34:0 [radial] dry
  ok   10 HOME apron:34:0 [radial] clear of solid things  (8.95 m of 3.00 (aircraft ob:o3))
  ok   10 HOME apron:34:0 [radial] clear of stock build's routes  (33.10 m of 8.00)
  ok   10 HOME apron:34:0 [radial] clear of aluminium C172's routes  (33.10 m of 8.50)
  ok   10 HOME apron:34:0 [radial] clear of the user's Cub's routes  (33.10 m of 8.35)
  ok   10 HOME apron:34:0 [etrainer] inside the field
  ok   10 HOME apron:34:0 [etrainer] flat  (0.00 m of 0.60)
  ok   10 HOME apron:34:0 [etrainer] dry
  ok   10 HOME apron:34:0 [etrainer] clear of solid things  (9.63 m of 3.00 (aircraft ob:o3))
  ok   10 HOME apron:34:0 [etrainer] clear of stock build's routes  (33.10 m of 8.00)
  ok   10 HOME apron:34:0 [etrainer] clear of aluminium C172's routes  (33.10 m of 8.50)
  ok   10 HOME apron:34:0 [etrainer] clear of the user's Cub's routes  (33.10 m of 8.35)
  ok   10 HOME apron:34:0 [ttail] inside the field
  ok   10 HOME apron:34:0 [ttail] flat  (0.00 m of 0.60)
  ok   10 HOME apron:34:0 [ttail] dry
  ok   10 HOME apron:34:0 [ttail] clear of solid things  (8.95 m of 3.00 (aircraft ob:o3))
  ok   10 HOME apron:34:0 [ttail] clear of stock build's routes  (33.10 m of 8.00)
  ok   10 HOME apron:34:0 [ttail] clear of aluminium C172's routes  (33.10 m of 8.50)
  ok   10 HOME apron:34:0 [ttail] clear of the user's Cub's routes  (33.10 m of 8.35)
  ok   10 HOME apron:34:0 [vtail] inside the field
  ok   10 HOME apron:34:0 [vtail] flat  (0.00 m of 0.60)
  ok   10 HOME apron:34:0 [vtail] dry
  ok   10 HOME apron:34:0 [vtail] clear of solid things  (8.95 m of 3.00 (aircraft ob:o3))
  ok   10 HOME apron:34:0 [vtail] clear of stock build's routes  (33.10 m of 8.00)
  ok   10 HOME apron:34:0 [vtail] clear of aluminium C172's routes  (33.10 m of 8.50)
  ok   10 HOME apron:34:0 [vtail] clear of the user's Cub's routes  (33.10 m of 8.35)
  ok   10 HOME apron:34:0 [mw5] inside the field
  ok   10 HOME apron:34:0 [mw5] flat  (0.00 m of 0.60)
  ok   10 HOME apron:34:0 [mw5] dry
  ok   10 HOME apron:34:0 [mw5] clear of solid things  (9.71 m of 3.00 (aircraft ob:o3))
  ok   10 HOME apron:34:0 [mw5] clear of stock build's routes  (33.40 m of 8.00)
  ok   10 HOME apron:34:0 [mw5] clear of aluminium C172's routes  (33.40 m of 8.50)
  ok   10 HOME apron:34:0 [mw5] clear of the user's Cub's routes  (33.40 m of 8.35)
  ok   10 HOME apron:34:0 [archaeopteryx] inside the field
  ok   10 HOME apron:34:0 [archaeopteryx] flat  (0.00 m of 0.60)
  ok   10 HOME apron:34:0 [archaeopteryx] dry
  ok   10 HOME apron:34:0 [archaeopteryx] clear of solid things  (9.17 m of 3.00 (aircraft ob:o3))
  ok   10 HOME apron:34:0 [archaeopteryx] clear of stock build's routes  (33.40 m of 8.00)
  ok   10 HOME apron:34:0 [archaeopteryx] clear of aluminium C172's routes  (33.40 m of 8.50)
  ok   10 HOME apron:34:0 [archaeopteryx] clear of the user's Cub's routes  (33.40 m of 8.35)
  ok   10 HOME apron:34:0 [da62] inside the field
  ok   10 HOME apron:34:0 [da62] flat  (0.00 m of 0.60)
  ok   10 HOME apron:34:0 [da62] dry
  ok   10 HOME apron:34:0 [da62] clear of solid things  (8.21 m of 3.00 (aircraft ob:o3))
  ok   10 HOME apron:34:0 [da62] clear of stock build's routes  (33.30 m of 8.00)
  ok   10 HOME apron:34:0 [da62] clear of aluminium C172's routes  (33.30 m of 8.50)
  ok   10 HOME apron:34:0 [da62] clear of the user's Cub's routes  (33.30 m of 8.35)
  ok   10 HOME apron:34:0 [twinBush] inside the field
  ok   10 HOME apron:34:0 [twinBush] flat  (0.00 m of 0.60)
  ok   10 HOME apron:34:0 [twinBush] dry
  ok   10 HOME apron:34:0 [twinBush] clear of solid things  (7.72 m of 3.00 (aircraft ob:o3))
  ok   10 HOME apron:34:0 [twinBush] clear of stock build's routes  (33.30 m of 8.00)
  ok   10 HOME apron:34:0 [twinBush] clear of aluminium C172's routes  (33.30 m of 8.50)
  ok   10 HOME apron:34:0 [twinBush] clear of the user's Cub's routes  (33.30 m of 8.35)
  ok   10 HOME apron:34:0 [skymaster] inside the field
  ok   10 HOME apron:34:0 [skymaster] flat  (0.00 m of 0.60)
  ok   10 HOME apron:34:0 [skymaster] dry
  ok   10 HOME apron:34:0 [skymaster] clear of solid things  (8.95 m of 3.00 (aircraft ob:o3))
  ok   10 HOME apron:34:0 [skymaster] clear of stock build's routes  (33.10 m of 8.00)
  ok   10 HOME apron:34:0 [skymaster] clear of aluminium C172's routes  (33.10 m of 8.50)
  ok   10 HOME apron:34:0 [skymaster] clear of the user's Cub's routes  (33.10 m of 8.35)
  ok   10 HOME apron:34:0 [p38] inside the field
  ok   10 HOME apron:34:0 [p38] flat  (0.00 m of 0.60)
  ok   10 HOME apron:34:0 [p38] dry
  ok   10 HOME apron:34:0 [p38] clear of solid things  (9.10 m of 3.00 (aircraft ob:o3))
  ok   10 HOME apron:34:0 [p38] clear of stock build's routes  (33.30 m of 8.00)
  ok   10 HOME apron:34:0 [p38] clear of aluminium C172's routes  (33.30 m of 8.50)
  ok   10 HOME apron:34:0 [p38] clear of the user's Cub's routes  (33.30 m of 8.35)
  ok   10 HOME apron:34:0 [beaver] inside the field
  ok   10 HOME apron:34:0 [beaver] flat  (0.00 m of 0.60)
  ok   10 HOME apron:34:0 [beaver] dry
  ok   10 HOME apron:34:0 [beaver] clear of solid things  (7.79 m of 3.00 (aircraft ob:o3))
  ok   10 HOME apron:34:0 [beaver] clear of stock build's routes  (33.00 m of 8.00)
  ok   10 HOME apron:34:0 [beaver] clear of aluminium C172's routes  (33.00 m of 8.50)
  ok   10 HOME apron:34:0 [beaver] clear of the user's Cub's routes  (33.00 m of 8.35)
  ok   10 HOME apron:34:0 [default] inside the field
  ok   10 HOME apron:34:0 [default] flat  (0.00 m of 0.60)
  ok   10 HOME apron:34:0 [default] dry
  ok   10 HOME apron:34:0 [default] clear of solid things  (8.09 m of 3.00 (aircraft ob:o3))
  ok   10 HOME apron:34:0 [default] clear of stock build's routes  (32.40 m of 8.00)
  ok   10 HOME apron:34:0 [default] clear of aluminium C172's routes  (32.40 m of 8.50)
  ok   10 HOME apron:34:0 [default] clear of the user's Cub's routes  (32.40 m of 8.35)
  ok   10 HOME apron:34:60 [cub] inside the field
  ok   10 HOME apron:34:60 [cub] flat  (0.00 m of 0.60)
  ok   10 HOME apron:34:60 [cub] dry
  ok   10 HOME apron:34:60 [cub] clear of solid things  (5.43 m of 3.00 (aircraft ob:o3))
  ok   10 HOME apron:34:60 [cub] clear of stock build's routes  (32.70 m of 8.00)
  ok   10 HOME apron:34:60 [cub] clear of aluminium C172's routes  (32.70 m of 8.50)
  ok   10 HOME apron:34:60 [cub] clear of the user's Cub's routes  (32.70 m of 8.35)
  ok   10 HOME apron:34:60 [pietenpol] inside the field
  ok   10 HOME apron:34:60 [pietenpol] flat  (0.00 m of 0.60)
  ok   10 HOME apron:34:60 [pietenpol] dry
  ok   10 HOME apron:34:60 [pietenpol] clear of solid things  (6.32 m of 3.00 (aircraft ob:o3))
  ok   10 HOME apron:34:60 [pietenpol] clear of stock build's routes  (33.10 m of 8.00)
  ok   10 HOME apron:34:60 [pietenpol] clear of aluminium C172's routes  (33.10 m of 8.50)
  ok   10 HOME apron:34:60 [pietenpol] clear of the user's Cub's routes  (33.10 m of 8.35)
  ok   10 HOME apron:34:60 [tigermoth] inside the field
  ok   10 HOME apron:34:60 [tigermoth] flat  (0.00 m of 0.60)
  ok   10 HOME apron:34:60 [tigermoth] dry
  ok   10 HOME apron:34:60 [tigermoth] clear of solid things  (6.26 m of 3.00 (aircraft ob:o3))
  ok   10 HOME apron:34:60 [tigermoth] clear of stock build's routes  (33.10 m of 8.00)
  ok   10 HOME apron:34:60 [tigermoth] clear of aluminium C172's routes  (33.10 m of 8.50)
  ok   10 HOME apron:34:60 [tigermoth] clear of the user's Cub's routes  (33.10 m of 8.35)
  ok   10 HOME apron:34:60 [stearman] inside the field
  ok   10 HOME apron:34:60 [stearman] flat  (0.00 m of 0.60)
  ok   10 HOME apron:34:60 [stearman] dry
  ok   10 HOME apron:34:60 [stearman] clear of solid things  (5.95 m of 3.00 (aircraft ob:o3))
  ok   10 HOME apron:34:60 [stearman] clear of stock build's routes  (33.00 m of 8.00)
  ok   10 HOME apron:34:60 [stearman] clear of aluminium C172's routes  (33.00 m of 8.50)
  ok   10 HOME apron:34:60 [stearman] clear of the user's Cub's routes  (33.00 m of 8.35)
  ok   10 HOME apron:34:60 [pittsAlike] inside the field
  ok   10 HOME apron:34:60 [pittsAlike] flat  (0.00 m of 0.60)
  ok   10 HOME apron:34:60 [pittsAlike] dry
  ok   10 HOME apron:34:60 [pittsAlike] clear of solid things  (7.03 m of 3.00 (aircraft ob:o3))
  ok   10 HOME apron:34:60 [pittsAlike] clear of stock build's routes  (33.10 m of 8.00)
  ok   10 HOME apron:34:60 [pittsAlike] clear of aluminium C172's routes  (33.10 m of 8.50)
  ok   10 HOME apron:34:60 [pittsAlike] clear of the user's Cub's routes  (33.10 m of 8.35)
  ok   10 HOME apron:34:60 [sesqui] inside the field
  ok   10 HOME apron:34:60 [sesqui] flat  (0.00 m of 0.60)
  ok   10 HOME apron:34:60 [sesqui] dry
  ok   10 HOME apron:34:60 [sesqui] clear of solid things  (5.98 m of 3.00 (aircraft ob:o3))
  ok   10 HOME apron:34:60 [sesqui] clear of stock build's routes  (33.10 m of 8.00)
  ok   10 HOME apron:34:60 [sesqui] clear of aluminium C172's routes  (33.10 m of 8.50)
  ok   10 HOME apron:34:60 [sesqui] clear of the user's Cub's routes  (33.10 m of 8.35)
  ok   10 HOME apron:34:60 [jodel] inside the field
  ok   10 HOME apron:34:60 [jodel] flat  (0.00 m of 0.60)
  ok   10 HOME apron:34:60 [jodel] dry
  ok   10 HOME apron:34:60 [jodel] clear of solid things  (6.05 m of 3.00 (aircraft ob:o3))
  ok   10 HOME apron:34:60 [jodel] clear of stock build's routes  (32.60 m of 8.00)
  ok   10 HOME apron:34:60 [jodel] clear of aluminium C172's routes  (32.60 m of 8.50)
  ok   10 HOME apron:34:60 [jodel] clear of the user's Cub's routes  (32.60 m of 8.35)
  ok   10 HOME apron:34:60 [c172] inside the field
  ok   10 HOME apron:34:60 [c172] flat  (0.00 m of 0.60)
  ok   10 HOME apron:34:60 [c172] dry
  ok   10 HOME apron:34:60 [c172] clear of solid things  (5.21 m of 3.00 (aircraft ob:o3))
  ok   10 HOME apron:34:60 [c172] clear of stock build's routes  (32.50 m of 8.00)
  ok   10 HOME apron:34:60 [c172] clear of aluminium C172's routes  (32.50 m of 8.50)
  ok   10 HOME apron:34:60 [c172] clear of the user's Cub's routes  (32.50 m of 8.35)
  ok   10 HOME apron:34:60 [chinook] inside the field
  ok   10 HOME apron:34:60 [chinook] flat  (0.00 m of 0.60)
  ok   10 HOME apron:34:60 [chinook] dry
  ok   10 HOME apron:34:60 [chinook] clear of solid things  (6.46 m of 3.00 (aircraft ob:o3))
  ok   10 HOME apron:34:60 [chinook] clear of stock build's routes  (33.60 m of 8.00)
  ok   10 HOME apron:34:60 [chinook] clear of aluminium C172's routes  (33.60 m of 8.50)
  ok   10 HOME apron:34:60 [chinook] clear of the user's Cub's routes  (33.60 m of 8.35)
  ok   10 HOME apron:34:60 [caravan] inside the field
  ok   10 HOME apron:34:60 [caravan] flat  (0.00 m of 0.60)
  ok   10 HOME apron:34:60 [caravan] dry
  ok   10 HOME apron:34:60 [caravan] clear of solid things  (4.05 m of 3.00 (aircraft ob:o3))
  ok   10 HOME apron:34:60 [caravan] clear of stock build's routes  (31.90 m of 8.00)
  ok   10 HOME apron:34:60 [caravan] clear of aluminium C172's routes  (31.90 m of 8.50)
  ok   10 HOME apron:34:60 [caravan] clear of the user's Cub's routes  (31.90 m of 8.35)
  ok   10 HOME apron:34:60 [rv] inside the field
  ok   10 HOME apron:34:60 [rv] flat  (0.00 m of 0.60)
  ok   10 HOME apron:34:60 [rv] dry
  ok   10 HOME apron:34:60 [rv] clear of solid things  (6.03 m of 3.00 (aircraft ob:o3))
  ok   10 HOME apron:34:60 [rv] clear of stock build's routes  (33.10 m of 8.00)
  ok   10 HOME apron:34:60 [rv] clear of aluminium C172's routes  (33.10 m of 8.50)
  ok   10 HOME apron:34:60 [rv] clear of the user's Cub's routes  (33.10 m of 8.35)
  ok   10 HOME apron:34:60 [savannah] inside the field
  ok   10 HOME apron:34:60 [savannah] flat  (0.00 m of 0.60)
  ok   10 HOME apron:34:60 [savannah] dry
  ok   10 HOME apron:34:60 [savannah] clear of solid things  (6.20 m of 3.00 (aircraft ob:o3))
  ok   10 HOME apron:34:60 [savannah] clear of stock build's routes  (33.10 m of 8.00)
  ok   10 HOME apron:34:60 [savannah] clear of aluminium C172's routes  (33.10 m of 8.50)
  ok   10 HOME apron:34:60 [savannah] clear of the user's Cub's routes  (33.10 m of 8.35)
  ok   10 HOME apron:34:60 [ul1] inside the field
  ok   10 HOME apron:34:60 [ul1] flat  (0.00 m of 0.60)
  ok   10 HOME apron:34:60 [ul1] dry
  ok   10 HOME apron:34:60 [ul1] clear of solid things  (6.14 m of 3.00 (aircraft ob:o3))
  ok   10 HOME apron:34:60 [ul1] clear of stock build's routes  (33.10 m of 8.00)
  ok   10 HOME apron:34:60 [ul1] clear of aluminium C172's routes  (33.10 m of 8.50)
  ok   10 HOME apron:34:60 [ul1] clear of the user's Cub's routes  (33.10 m of 8.35)
  ok   10 HOME apron:34:60 [floatplane] inside the field
  ok   10 HOME apron:34:60 [floatplane] flat  (0.00 m of 0.60)
  ok   10 HOME apron:34:60 [floatplane] dry
  ok   10 HOME apron:34:60 [floatplane] clear of solid things  (5.29 m of 3.00 (aircraft ob:o3))
  ok   10 HOME apron:34:60 [floatplane] clear of stock build's routes  (32.80 m of 8.00)
  ok   10 HOME apron:34:60 [floatplane] clear of aluminium C172's routes  (32.80 m of 8.50)
  ok   10 HOME apron:34:60 [floatplane] clear of the user's Cub's routes  (32.80 m of 8.35)
  ok   10 HOME apron:34:60 [pusherPod] inside the field
  ok   10 HOME apron:34:60 [pusherPod] flat  (0.00 m of 0.60)
  ok   10 HOME apron:34:60 [pusherPod] dry
  ok   10 HOME apron:34:60 [pusherPod] clear of solid things  (6.45 m of 3.00 (aircraft ob:o3))
  ok   10 HOME apron:34:60 [pusherPod] clear of stock build's routes  (33.40 m of 8.00)
  ok   10 HOME apron:34:60 [pusherPod] clear of aluminium C172's routes  (33.40 m of 8.50)
  ok   10 HOME apron:34:60 [pusherPod] clear of the user's Cub's routes  (33.40 m of 8.35)
  ok   10 HOME apron:34:60 [motorglider] inside the field
  ok   10 HOME apron:34:60 [motorglider] flat  (0.00 m of 0.60)
  ok   10 HOME apron:34:60 [motorglider] dry
  ok   10 HOME apron:34:60 [motorglider] clear of solid things  (5.34 m of 3.00 (aircraft ob:o3))
  ok   10 HOME apron:34:60 [motorglider] clear of stock build's routes  (33.10 m of 8.00)
  ok   10 HOME apron:34:60 [motorglider] clear of aluminium C172's routes  (33.10 m of 8.50)
  ok   10 HOME apron:34:60 [motorglider] clear of the user's Cub's routes  (33.10 m of 8.35)
  ok   10 HOME apron:34:60 [radial] inside the field
  ok   10 HOME apron:34:60 [radial] flat  (0.00 m of 0.60)
  ok   10 HOME apron:34:60 [radial] dry
  ok   10 HOME apron:34:60 [radial] clear of solid things  (5.73 m of 3.00 (aircraft ob:o3))
  ok   10 HOME apron:34:60 [radial] clear of stock build's routes  (33.10 m of 8.00)
  ok   10 HOME apron:34:60 [radial] clear of aluminium C172's routes  (33.10 m of 8.50)
  ok   10 HOME apron:34:60 [radial] clear of the user's Cub's routes  (33.10 m of 8.35)
  ok   10 HOME apron:34:60 [etrainer] inside the field
  ok   10 HOME apron:34:60 [etrainer] flat  (0.00 m of 0.60)
  ok   10 HOME apron:34:60 [etrainer] dry
  ok   10 HOME apron:34:60 [etrainer] clear of solid things  (6.26 m of 3.00 (aircraft ob:o3))
  ok   10 HOME apron:34:60 [etrainer] clear of stock build's routes  (33.10 m of 8.00)
  ok   10 HOME apron:34:60 [etrainer] clear of aluminium C172's routes  (33.10 m of 8.50)
  ok   10 HOME apron:34:60 [etrainer] clear of the user's Cub's routes  (33.10 m of 8.35)
  ok   10 HOME apron:34:60 [ttail] inside the field
  ok   10 HOME apron:34:60 [ttail] flat  (0.00 m of 0.60)
  ok   10 HOME apron:34:60 [ttail] dry
  ok   10 HOME apron:34:60 [ttail] clear of solid things  (5.73 m of 3.00 (aircraft ob:o3))
  ok   10 HOME apron:34:60 [ttail] clear of stock build's routes  (33.10 m of 8.00)
  ok   10 HOME apron:34:60 [ttail] clear of aluminium C172's routes  (33.10 m of 8.50)
  ok   10 HOME apron:34:60 [ttail] clear of the user's Cub's routes  (33.10 m of 8.35)
  ok   10 HOME apron:34:60 [vtail] inside the field
  ok   10 HOME apron:34:60 [vtail] flat  (0.00 m of 0.60)
  ok   10 HOME apron:34:60 [vtail] dry
  ok   10 HOME apron:34:60 [vtail] clear of solid things  (5.73 m of 3.00 (aircraft ob:o3))
  ok   10 HOME apron:34:60 [vtail] clear of stock build's routes  (33.10 m of 8.00)
  ok   10 HOME apron:34:60 [vtail] clear of aluminium C172's routes  (33.10 m of 8.50)
  ok   10 HOME apron:34:60 [vtail] clear of the user's Cub's routes  (33.10 m of 8.35)
  ok   10 HOME apron:34:60 [mw5] inside the field
  ok   10 HOME apron:34:60 [mw5] flat  (0.00 m of 0.60)
  ok   10 HOME apron:34:60 [mw5] dry
  ok   10 HOME apron:34:60 [mw5] clear of solid things  (6.40 m of 3.00 (aircraft ob:o3))
  ok   10 HOME apron:34:60 [mw5] clear of stock build's routes  (33.40 m of 8.00)
  ok   10 HOME apron:34:60 [mw5] clear of aluminium C172's routes  (33.40 m of 8.50)
  ok   10 HOME apron:34:60 [mw5] clear of the user's Cub's routes  (33.40 m of 8.35)
  ok   10 HOME apron:34:60 [archaeopteryx] inside the field
  ok   10 HOME apron:34:60 [archaeopteryx] flat  (0.00 m of 0.60)
  ok   10 HOME apron:34:60 [archaeopteryx] dry
  ok   10 HOME apron:34:60 [archaeopteryx] clear of solid things  (6.00 m of 3.00 (aircraft ob:o3))
  ok   10 HOME apron:34:60 [archaeopteryx] clear of stock build's routes  (33.40 m of 8.00)
  ok   10 HOME apron:34:60 [archaeopteryx] clear of aluminium C172's routes  (33.40 m of 8.50)
  ok   10 HOME apron:34:60 [archaeopteryx] clear of the user's Cub's routes  (33.40 m of 8.35)
  ok   10 HOME apron:34:60 [da62] inside the field
  ok   10 HOME apron:34:60 [da62] flat  (0.00 m of 0.60)
  ok   10 HOME apron:34:60 [da62] dry
  ok   10 HOME apron:34:60 [da62] clear of solid things  (5.41 m of 3.00 (aircraft ob:o3))
  ok   10 HOME apron:34:60 [da62] clear of stock build's routes  (33.30 m of 8.00)
  ok   10 HOME apron:34:60 [da62] clear of aluminium C172's routes  (33.30 m of 8.50)
  ok   10 HOME apron:34:60 [da62] clear of the user's Cub's routes  (33.30 m of 8.35)
  ok   10 HOME apron:34:60 [twinBush] inside the field
  ok   10 HOME apron:34:60 [twinBush] flat  (0.00 m of 0.60)
  ok   10 HOME apron:34:60 [twinBush] dry
  ok   10 HOME apron:34:60 [twinBush] clear of solid things  (5.27 m of 3.00 (aircraft ob:o3))
  ok   10 HOME apron:34:60 [twinBush] clear of stock build's routes  (33.30 m of 8.00)
  ok   10 HOME apron:34:60 [twinBush] clear of aluminium C172's routes  (33.30 m of 8.50)
  ok   10 HOME apron:34:60 [twinBush] clear of the user's Cub's routes  (33.30 m of 8.35)
  ok   10 HOME apron:34:60 [skymaster] inside the field
  ok   10 HOME apron:34:60 [skymaster] flat  (0.00 m of 0.60)
  ok   10 HOME apron:34:60 [skymaster] dry
  ok   10 HOME apron:34:60 [skymaster] clear of solid things  (5.73 m of 3.00 (aircraft ob:o3))
  ok   10 HOME apron:34:60 [skymaster] clear of stock build's routes  (33.10 m of 8.00)
  ok   10 HOME apron:34:60 [skymaster] clear of aluminium C172's routes  (33.10 m of 8.50)
  ok   10 HOME apron:34:60 [skymaster] clear of the user's Cub's routes  (33.10 m of 8.35)
  ok   10 HOME apron:34:60 [p38] inside the field
  ok   10 HOME apron:34:60 [p38] flat  (0.00 m of 0.60)
  ok   10 HOME apron:34:60 [p38] dry
  ok   10 HOME apron:34:60 [p38] clear of solid things  (5.91 m of 3.00 (aircraft ob:o3))
  ok   10 HOME apron:34:60 [p38] clear of stock build's routes  (33.30 m of 8.00)
  ok   10 HOME apron:34:60 [p38] clear of aluminium C172's routes  (33.30 m of 8.50)
  ok   10 HOME apron:34:60 [p38] clear of the user's Cub's routes  (33.30 m of 8.35)
  ok   10 HOME apron:34:60 [beaver] inside the field
  ok   10 HOME apron:34:60 [beaver] flat  (0.00 m of 0.60)
  ok   10 HOME apron:34:60 [beaver] dry
  ok   10 HOME apron:34:60 [beaver] clear of solid things  (5.05 m of 3.00 (aircraft ob:o3))
  ok   10 HOME apron:34:60 [beaver] clear of stock build's routes  (33.00 m of 8.00)
  ok   10 HOME apron:34:60 [beaver] clear of aluminium C172's routes  (33.00 m of 8.50)
  ok   10 HOME apron:34:60 [beaver] clear of the user's Cub's routes  (33.00 m of 8.35)
  ok   10 HOME apron:34:60 [default] inside the field
  ok   10 HOME apron:34:60 [default] flat  (0.00 m of 0.60)
  ok   10 HOME apron:34:60 [default] dry
  ok   10 HOME apron:34:60 [default] clear of solid things  (4.88 m of 3.00 (aircraft ob:o3))
  ok   10 HOME apron:34:60 [default] clear of stock build's routes  (32.40 m of 8.00)
  ok   10 HOME apron:34:60 [default] clear of aluminium C172's routes  (32.40 m of 8.50)
  ok   10 HOME apron:34:60 [default] clear of the user's Cub's routes  (32.40 m of 8.35)
  ok   10 HOME apron:34:300 [cub] inside the field
  ok   10 HOME apron:34:300 [cub] flat  (0.03 m of 0.60)
  ok   10 HOME apron:34:300 [cub] dry
  ok   10 HOME apron:34:300 [cub] clear of solid things  (9.57 m of 3.00 (prop ob:af_tx_van))
  ok   10 HOME apron:34:300 [cub] clear of stock build's routes  (15.10 m of 8.00)
  ok   10 HOME apron:34:300 [cub] clear of aluminium C172's routes  (15.10 m of 8.50)
  ok   10 HOME apron:34:300 [cub] clear of the user's Cub's routes  (15.10 m of 8.35)
  ok   10 HOME apron:34:300 [pietenpol] inside the field
  ok   10 HOME apron:34:300 [pietenpol] flat  (0.02 m of 0.60)
  ok   10 HOME apron:34:300 [pietenpol] dry
  ok   10 HOME apron:34:300 [pietenpol] clear of solid things  (9.54 m of 3.00 (prop ob:af_tx_van))
  ok   10 HOME apron:34:300 [pietenpol] clear of stock build's routes  (16.07 m of 8.00)
  ok   10 HOME apron:34:300 [pietenpol] clear of aluminium C172's routes  (16.07 m of 8.50)
  ok   10 HOME apron:34:300 [pietenpol] clear of the user's Cub's routes  (16.07 m of 8.35)
  ok   10 HOME apron:34:300 [tigermoth] inside the field
  ok   10 HOME apron:34:300 [tigermoth] flat  (0.02 m of 0.60)
  ok   10 HOME apron:34:300 [tigermoth] dry
  ok   10 HOME apron:34:300 [tigermoth] clear of solid things  (9.53 m of 3.00 (prop ob:af_tx_van))
  ok   10 HOME apron:34:300 [tigermoth] clear of stock build's routes  (16.00 m of 8.00)
  ok   10 HOME apron:34:300 [tigermoth] clear of aluminium C172's routes  (16.00 m of 8.50)
  ok   10 HOME apron:34:300 [tigermoth] clear of the user's Cub's routes  (16.00 m of 8.35)
  ok   10 HOME apron:34:300 [stearman] inside the field
  ok   10 HOME apron:34:300 [stearman] flat  (0.02 m of 0.60)
  ok   10 HOME apron:34:300 [stearman] dry
  ok   10 HOME apron:34:300 [stearman] clear of solid things  (9.69 m of 3.00 (prop ob:af_tx_van))
  ok   10 HOME apron:34:300 [stearman] clear of stock build's routes  (15.66 m of 8.00)
  ok   10 HOME apron:34:300 [stearman] clear of aluminium C172's routes  (15.66 m of 8.50)
  ok   10 HOME apron:34:300 [stearman] clear of the user's Cub's routes  (15.66 m of 8.35)
  ok   10 HOME apron:34:300 [pittsAlike] inside the field
  ok   10 HOME apron:34:300 [pittsAlike] flat  (0.01 m of 0.60)
  ok   10 HOME apron:34:300 [pittsAlike] dry
  ok   10 HOME apron:34:300 [pittsAlike] clear of solid things  (10.88 m of 3.00 (prop ob:af_tx_van))
  ok   10 HOME apron:34:300 [pittsAlike] clear of stock build's routes  (16.83 m of 8.00)
  ok   10 HOME apron:34:300 [pittsAlike] clear of aluminium C172's routes  (16.83 m of 8.50)
  ok   10 HOME apron:34:300 [pittsAlike] clear of the user's Cub's routes  (16.83 m of 8.35)
  ok   10 HOME apron:34:300 [sesqui] inside the field
  ok   10 HOME apron:34:300 [sesqui] flat  (0.02 m of 0.60)
  ok   10 HOME apron:34:300 [sesqui] dry
  ok   10 HOME apron:34:300 [sesqui] clear of solid things  (9.49 m of 3.00 (prop ob:af_tx_van))
  ok   10 HOME apron:34:300 [sesqui] clear of stock build's routes  (15.67 m of 8.00)
  ok   10 HOME apron:34:300 [sesqui] clear of aluminium C172's routes  (15.67 m of 8.50)
  ok   10 HOME apron:34:300 [sesqui] clear of the user's Cub's routes  (15.67 m of 8.35)
  ok   10 HOME apron:34:300 [jodel] inside the field
  ok   10 HOME apron:34:300 [jodel] flat  (0.01 m of 0.60)
  ok   10 HOME apron:34:300 [jodel] dry
  ok   10 HOME apron:34:300 [jodel] clear of solid things  (10.66 m of 3.00 (prop ob:af_tx_van))
  ok   10 HOME apron:34:300 [jodel] clear of stock build's routes  (15.84 m of 8.00)
  ok   10 HOME apron:34:300 [jodel] clear of aluminium C172's routes  (15.84 m of 8.50)
  ok   10 HOME apron:34:300 [jodel] clear of the user's Cub's routes  (15.84 m of 8.35)
  ok   10 HOME apron:34:300 [c172] inside the field
  ok   10 HOME apron:34:300 [c172] flat  (0.03 m of 0.60)
  ok   10 HOME apron:34:300 [c172] dry
  ok   10 HOME apron:34:300 [c172] clear of solid things  (8.97 m of 3.00 (prop ob:af_tx_van))
  ok   10 HOME apron:34:300 [c172] clear of stock build's routes  (14.89 m of 8.00)
  ok   10 HOME apron:34:300 [c172] clear of aluminium C172's routes  (14.89 m of 8.50)
  ok   10 HOME apron:34:300 [c172] clear of the user's Cub's routes  (14.89 m of 8.35)
  ok   10 HOME apron:34:300 [chinook] inside the field
  ok   10 HOME apron:34:300 [chinook] flat  (0.02 m of 0.60)
  ok   10 HOME apron:34:300 [chinook] dry
  ok   10 HOME apron:34:300 [chinook] clear of solid things  (9.89 m of 3.00 (prop ob:af_tx_van))
  ok   10 HOME apron:34:300 [chinook] clear of stock build's routes  (16.11 m of 8.00)
  ok   10 HOME apron:34:300 [chinook] clear of aluminium C172's routes  (16.11 m of 8.50)
  ok   10 HOME apron:34:300 [chinook] clear of the user's Cub's routes  (16.11 m of 8.35)
  ok   10 HOME apron:34:300 [caravan] inside the field
  ok   10 HOME apron:34:300 [caravan] flat  (0.04 m of 0.60)
  ok   10 HOME apron:34:300 [caravan] dry
  ok   10 HOME apron:34:300 [caravan] clear of solid things  (8.47 m of 3.00 (prop ob:af_tx_van))
  ok   10 HOME apron:34:300 [caravan] clear of stock build's routes  (13.47 m of 8.00)
  ok   10 HOME apron:34:300 [caravan] clear of aluminium C172's routes  (13.47 m of 8.50)
  ok   10 HOME apron:34:300 [caravan] clear of the user's Cub's routes  (13.47 m of 8.35)
  ok   10 HOME apron:34:300 [rv] inside the field
  ok   10 HOME apron:34:300 [rv] flat  (0.03 m of 0.60)
  ok   10 HOME apron:34:300 [rv] dry
  ok   10 HOME apron:34:300 [rv] clear of solid things  (9.39 m of 3.00 (prop ob:af_tx_van))
  ok   10 HOME apron:34:300 [rv] clear of stock build's routes  (15.73 m of 8.00)
  ok   10 HOME apron:34:300 [rv] clear of aluminium C172's routes  (15.73 m of 8.50)
  ok   10 HOME apron:34:300 [rv] clear of the user's Cub's routes  (15.73 m of 8.35)
  ok   10 HOME apron:34:300 [savannah] inside the field
  ok   10 HOME apron:34:300 [savannah] flat  (0.02 m of 0.60)
  ok   10 HOME apron:34:300 [savannah] dry
  ok   10 HOME apron:34:300 [savannah] clear of solid things  (9.72 m of 3.00 (prop ob:af_tx_van))
  ok   10 HOME apron:34:300 [savannah] clear of stock build's routes  (15.93 m of 8.00)
  ok   10 HOME apron:34:300 [savannah] clear of aluminium C172's routes  (15.93 m of 8.50)
  ok   10 HOME apron:34:300 [savannah] clear of the user's Cub's routes  (15.93 m of 8.35)
  ok   10 HOME apron:34:300 [ul1] inside the field
  ok   10 HOME apron:34:300 [ul1] flat  (0.02 m of 0.60)
  ok   10 HOME apron:34:300 [ul1] dry
  ok   10 HOME apron:34:300 [ul1] clear of solid things  (9.71 m of 3.00 (prop ob:af_tx_van))
  ok   10 HOME apron:34:300 [ul1] clear of stock build's routes  (15.86 m of 8.00)
  ok   10 HOME apron:34:300 [ul1] clear of aluminium C172's routes  (15.86 m of 8.50)
  ok   10 HOME apron:34:300 [ul1] clear of the user's Cub's routes  (15.86 m of 8.35)
  ok   10 HOME apron:34:300 [floatplane] inside the field
  ok   10 HOME apron:34:300 [floatplane] flat  (0.03 m of 0.60)
  ok   10 HOME apron:34:300 [floatplane] dry
  ok   10 HOME apron:34:300 [floatplane] clear of solid things  (9.27 m of 3.00 (prop ob:af_tx_van))
  ok   10 HOME apron:34:300 [floatplane] clear of stock build's routes  (14.86 m of 8.00)
  ok   10 HOME apron:34:300 [floatplane] clear of aluminium C172's routes  (14.86 m of 8.50)
  ok   10 HOME apron:34:300 [floatplane] clear of the user's Cub's routes  (14.86 m of 8.35)
  ok   10 HOME apron:34:300 [pusherPod] inside the field
  ok   10 HOME apron:34:300 [pusherPod] flat  (0.02 m of 0.60)
  ok   10 HOME apron:34:300 [pusherPod] dry
  ok   10 HOME apron:34:300 [pusherPod] clear of solid things  (9.42 m of 3.00 (prop ob:af_tx_van))
  ok   10 HOME apron:34:300 [pusherPod] clear of stock build's routes  (16.16 m of 8.00)
  ok   10 HOME apron:34:300 [pusherPod] clear of aluminium C172's routes  (16.16 m of 8.50)
  ok   10 HOME apron:34:300 [pusherPod] clear of the user's Cub's routes  (16.16 m of 8.35)
  ok   10 HOME apron:34:300 [motorglider] inside the field
  ok   10 HOME apron:34:300 [motorglider] flat  (0.02 m of 0.60)
  ok   10 HOME apron:34:300 [motorglider] dry
  ok   10 HOME apron:34:300 [motorglider] clear of solid things  (10.07 m of 3.00 (prop ob:af_tx_van))
  ok   10 HOME apron:34:300 [motorglider] clear of stock build's routes  (14.70 m of 8.00)
  ok   10 HOME apron:34:300 [motorglider] clear of aluminium C172's routes  (14.70 m of 8.50)
  ok   10 HOME apron:34:300 [motorglider] clear of the user's Cub's routes  (14.70 m of 8.35)
  ok   10 HOME apron:34:300 [radial] inside the field
  ok   10 HOME apron:34:300 [radial] flat  (0.03 m of 0.60)
  ok   10 HOME apron:34:300 [radial] dry
  ok   10 HOME apron:34:300 [radial] clear of solid things  (9.27 m of 3.00 (prop ob:af_tx_van))
  ok   10 HOME apron:34:300 [radial] clear of stock build's routes  (15.34 m of 8.00)
  ok   10 HOME apron:34:300 [radial] clear of aluminium C172's routes  (15.34 m of 8.50)
  ok   10 HOME apron:34:300 [radial] clear of the user's Cub's routes  (15.34 m of 8.35)
  ok   10 HOME apron:34:300 [etrainer] inside the field
  ok   10 HOME apron:34:300 [etrainer] flat  (0.02 m of 0.60)
  ok   10 HOME apron:34:300 [etrainer] dry
  ok   10 HOME apron:34:300 [etrainer] clear of solid things  (9.53 m of 3.00 (prop ob:af_tx_van))
  ok   10 HOME apron:34:300 [etrainer] clear of stock build's routes  (16.00 m of 8.00)
  ok   10 HOME apron:34:300 [etrainer] clear of aluminium C172's routes  (16.00 m of 8.50)
  ok   10 HOME apron:34:300 [etrainer] clear of the user's Cub's routes  (16.00 m of 8.35)
  ok   10 HOME apron:34:300 [ttail] inside the field
  ok   10 HOME apron:34:300 [ttail] flat  (0.03 m of 0.60)
  ok   10 HOME apron:34:300 [ttail] dry
  ok   10 HOME apron:34:300 [ttail] clear of solid things  (9.27 m of 3.00 (prop ob:af_tx_van))
  ok   10 HOME apron:34:300 [ttail] clear of stock build's routes  (15.34 m of 8.00)
  ok   10 HOME apron:34:300 [ttail] clear of aluminium C172's routes  (15.34 m of 8.50)
  ok   10 HOME apron:34:300 [ttail] clear of the user's Cub's routes  (15.34 m of 8.35)
  ok   10 HOME apron:34:300 [vtail] inside the field
  ok   10 HOME apron:34:300 [vtail] flat  (0.03 m of 0.60)
  ok   10 HOME apron:34:300 [vtail] dry
  ok   10 HOME apron:34:300 [vtail] clear of solid things  (9.17 m of 3.00 (prop ob:af_tx_van))
  ok   10 HOME apron:34:300 [vtail] clear of stock build's routes  (15.34 m of 8.00)
  ok   10 HOME apron:34:300 [vtail] clear of aluminium C172's routes  (15.34 m of 8.50)
  ok   10 HOME apron:34:300 [vtail] clear of the user's Cub's routes  (15.34 m of 8.35)
  ok   10 HOME apron:34:300 [mw5] inside the field
  ok   10 HOME apron:34:300 [mw5] flat  (0.02 m of 0.60)
  ok   10 HOME apron:34:300 [mw5] dry
  ok   10 HOME apron:34:300 [mw5] clear of solid things  (9.51 m of 3.00 (prop ob:af_tx_van))
  ok   10 HOME apron:34:300 [mw5] clear of stock build's routes  (16.09 m of 8.00)
  ok   10 HOME apron:34:300 [mw5] clear of aluminium C172's routes  (16.09 m of 8.50)
  ok   10 HOME apron:34:300 [mw5] clear of the user's Cub's routes  (16.09 m of 8.35)
  ok   10 HOME apron:34:300 [archaeopteryx] inside the field
  ok   10 HOME apron:34:300 [archaeopteryx] flat  (0.03 m of 0.60)
  ok   10 HOME apron:34:300 [archaeopteryx] dry
  ok   10 HOME apron:34:300 [archaeopteryx] clear of solid things  (9.57 m of 3.00 (prop ob:af_tx_van))
  ok   10 HOME apron:34:300 [archaeopteryx] clear of stock build's routes  (15.58 m of 8.00)
  ok   10 HOME apron:34:300 [archaeopteryx] clear of aluminium C172's routes  (15.58 m of 8.50)
  ok   10 HOME apron:34:300 [archaeopteryx] clear of the user's Cub's routes  (15.58 m of 8.35)
  ok   10 HOME apron:34:300 [da62] inside the field
  ok   10 HOME apron:34:300 [da62] flat  (0.03 m of 0.60)
  ok   10 HOME apron:34:300 [da62] dry
  ok   10 HOME apron:34:300 [da62] clear of solid things  (8.97 m of 3.00 (prop ob:af_tx_van))
  ok   10 HOME apron:34:300 [da62] clear of stock build's routes  (14.55 m of 8.00)
  ok   10 HOME apron:34:300 [da62] clear of aluminium C172's routes  (14.55 m of 8.50)
  ok   10 HOME apron:34:300 [da62] clear of the user's Cub's routes  (14.55 m of 8.35)
  ok   10 HOME apron:34:300 [twinBush] inside the field
  ok   10 HOME apron:34:300 [twinBush] flat  (0.05 m of 0.60)
  ok   10 HOME apron:34:300 [twinBush] dry
  ok   10 HOME apron:34:300 [twinBush] clear of solid things  (7.97 m of 3.00 (prop ob:af_tx_van))
  ok   10 HOME apron:34:300 [twinBush] clear of stock build's routes  (13.95 m of 8.00)
  ok   10 HOME apron:34:300 [twinBush] clear of aluminium C172's routes  (13.95 m of 8.50)
  ok   10 HOME apron:34:300 [twinBush] clear of the user's Cub's routes  (13.95 m of 8.35)
  ok   10 HOME apron:34:300 [skymaster] inside the field
  ok   10 HOME apron:34:300 [skymaster] flat  (0.03 m of 0.60)
  ok   10 HOME apron:34:300 [skymaster] dry
  ok   10 HOME apron:34:300 [skymaster] clear of solid things  (9.37 m of 3.00 (prop ob:af_tx_van))
  ok   10 HOME apron:34:300 [skymaster] clear of stock build's routes  (15.34 m of 8.00)
  ok   10 HOME apron:34:300 [skymaster] clear of aluminium C172's routes  (15.34 m of 8.50)
  ok   10 HOME apron:34:300 [skymaster] clear of the user's Cub's routes  (15.34 m of 8.35)
  ok   10 HOME apron:34:300 [p38] inside the field
  ok   10 HOME apron:34:300 [p38] flat  (0.03 m of 0.60)
  ok   10 HOME apron:34:300 [p38] dry
  ok   10 HOME apron:34:300 [p38] clear of solid things  (9.47 m of 3.00 (prop ob:af_tx_van))
  ok   10 HOME apron:34:300 [p38] clear of stock build's routes  (15.50 m of 8.00)
  ok   10 HOME apron:34:300 [p38] clear of aluminium C172's routes  (15.50 m of 8.50)
  ok   10 HOME apron:34:300 [p38] clear of the user's Cub's routes  (15.50 m of 8.35)
  ok   10 HOME apron:34:300 [beaver] inside the field
  ok   10 HOME apron:34:300 [beaver] flat  (0.03 m of 0.60)
  ok   10 HOME apron:34:300 [beaver] dry
  ok   10 HOME apron:34:300 [beaver] clear of solid things  (9.17 m of 3.00 (prop ob:af_tx_van))
  ok   10 HOME apron:34:300 [beaver] clear of stock build's routes  (14.12 m of 8.00)
  ok   10 HOME apron:34:300 [beaver] clear of aluminium C172's routes  (14.12 m of 8.50)
  ok   10 HOME apron:34:300 [beaver] clear of the user's Cub's routes  (14.12 m of 8.35)
  ok   10 HOME apron:34:300 [default] inside the field
  ok   10 HOME apron:34:300 [default] flat  (0.04 m of 0.60)
  ok   10 HOME apron:34:300 [default] dry
  ok   10 HOME apron:34:300 [default] clear of solid things  (8.47 m of 3.00 (prop ob:af_tx_van))
  ok   10 HOME apron:34:300 [default] clear of stock build's routes  (14.49 m of 8.00)
  ok   10 HOME apron:34:300 [default] clear of aluminium C172's routes  (14.49 m of 8.50)
  ok   10 HOME apron:34:300 [default] clear of the user's Cub's routes  (14.49 m of 8.35)
  ok   10 HOME apron:46:0 [cub] inside the field
  ok   10 HOME apron:46:0 [cub] flat  (0.02 m of 0.60)
  ok   10 HOME apron:46:0 [cub] dry
  ok   10 HOME apron:46:0 [cub] clear of solid things  (13.59 m of 3.00 (item af_s_pump/pump))
  ok   10 HOME apron:46:0 [cub] clear of stock build's routes  (44.70 m of 8.00)
  ok   10 HOME apron:46:0 [cub] clear of aluminium C172's routes  (44.70 m of 8.50)
  ok   10 HOME apron:46:0 [cub] clear of the user's Cub's routes  (44.70 m of 8.35)
  ok   10 HOME apron:46:0 [pietenpol] inside the field
  ok   10 HOME apron:46:0 [pietenpol] flat  (0.02 m of 0.60)
  ok   10 HOME apron:46:0 [pietenpol] dry
  ok   10 HOME apron:46:0 [pietenpol] clear of solid things  (14.17 m of 3.00 (item af_s_pump/pump))
  ok   10 HOME apron:46:0 [pietenpol] clear of stock build's routes  (45.10 m of 8.00)
  ok   10 HOME apron:46:0 [pietenpol] clear of aluminium C172's routes  (45.10 m of 8.50)
  ok   10 HOME apron:46:0 [pietenpol] clear of the user's Cub's routes  (45.10 m of 8.35)
  ok   10 HOME apron:46:0 [tigermoth] inside the field
  ok   10 HOME apron:46:0 [tigermoth] flat  (0.02 m of 0.60)
  ok   10 HOME apron:46:0 [tigermoth] dry
  ok   10 HOME apron:46:0 [tigermoth] clear of solid things  (14.11 m of 3.00 (item af_s_pump/pump))
  ok   10 HOME apron:46:0 [tigermoth] clear of stock build's routes  (45.10 m of 8.00)
  ok   10 HOME apron:46:0 [tigermoth] clear of aluminium C172's routes  (45.10 m of 8.50)
  ok   10 HOME apron:46:0 [tigermoth] clear of the user's Cub's routes  (45.10 m of 8.35)
  ok   10 HOME apron:46:0 [stearman] inside the field
  ok   10 HOME apron:46:0 [stearman] flat  (0.02 m of 0.60)
  ok   10 HOME apron:46:0 [stearman] dry
  ok   10 HOME apron:46:0 [stearman] clear of solid things  (13.99 m of 3.00 (item af_s_pump/pump))
  ok   10 HOME apron:46:0 [stearman] clear of stock build's routes  (45.00 m of 8.00)
  ok   10 HOME apron:46:0 [stearman] clear of aluminium C172's routes  (45.00 m of 8.50)
  ok   10 HOME apron:46:0 [stearman] clear of the user's Cub's routes  (45.00 m of 8.35)
  ok   10 HOME apron:46:0 [pittsAlike] inside the field
  ok   10 HOME apron:46:0 [pittsAlike] flat  (0.01 m of 0.60)
  ok   10 HOME apron:46:0 [pittsAlike] dry
  ok   10 HOME apron:46:0 [pittsAlike] clear of solid things  (15.80 m of 3.00 (item af_s_pump/pump))
  ok   10 HOME apron:46:0 [pittsAlike] clear of stock build's routes  (45.10 m of 8.00)
  ok   10 HOME apron:46:0 [pittsAlike] clear of aluminium C172's routes  (45.10 m of 8.50)
  ok   10 HOME apron:46:0 [pittsAlike] clear of the user's Cub's routes  (45.10 m of 8.35)
  ok   10 HOME apron:46:0 [sesqui] inside the field
  ok   10 HOME apron:46:0 [sesqui] flat  (0.02 m of 0.60)
  ok   10 HOME apron:46:0 [sesqui] dry
  ok   10 HOME apron:46:0 [sesqui] clear of solid things  (13.78 m of 3.00 (item af_s_pump/pump))
  ok   10 HOME apron:46:0 [sesqui] clear of stock build's routes  (45.10 m of 8.00)
  ok   10 HOME apron:46:0 [sesqui] clear of aluminium C172's routes  (45.10 m of 8.50)
  ok   10 HOME apron:46:0 [sesqui] clear of the user's Cub's routes  (45.10 m of 8.35)
  ok   10 HOME apron:46:0 [jodel] inside the field
  ok   10 HOME apron:46:0 [jodel] flat  (0.01 m of 0.60)
  ok   10 HOME apron:46:0 [jodel] dry
  ok   10 HOME apron:46:0 [jodel] clear of solid things  (15.13 m of 3.00 (item af_s_pump/pump))
  ok   10 HOME apron:46:0 [jodel] clear of stock build's routes  (44.60 m of 8.00)
  ok   10 HOME apron:46:0 [jodel] clear of aluminium C172's routes  (44.60 m of 8.50)
  ok   10 HOME apron:46:0 [jodel] clear of the user's Cub's routes  (44.60 m of 8.35)
  ok   10 HOME apron:46:0 [c172] inside the field
  ok   10 HOME apron:46:0 [c172] flat  (0.02 m of 0.60)
  ok   10 HOME apron:46:0 [c172] dry
  ok   10 HOME apron:46:0 [c172] clear of solid things  (13.07 m of 3.00 (item af_s_pump/pump))
  ok   10 HOME apron:46:0 [c172] clear of stock build's routes  (44.50 m of 8.00)
  ok   10 HOME apron:46:0 [c172] clear of aluminium C172's routes  (44.50 m of 8.50)
  ok   10 HOME apron:46:0 [c172] clear of the user's Cub's routes  (44.50 m of 8.35)
  ok   10 HOME apron:46:0 [chinook] inside the field
  ok   10 HOME apron:46:0 [chinook] flat  (0.02 m of 0.60)
  ok   10 HOME apron:46:0 [chinook] dry
  ok   10 HOME apron:46:0 [chinook] clear of solid things  (14.14 m of 3.00 (item af_s_pump/pump))
  ok   10 HOME apron:46:0 [chinook] clear of stock build's routes  (45.60 m of 8.00)
  ok   10 HOME apron:46:0 [chinook] clear of aluminium C172's routes  (45.60 m of 8.50)
  ok   10 HOME apron:46:0 [chinook] clear of the user's Cub's routes  (45.60 m of 8.35)
  ok   10 HOME apron:46:0 [caravan] inside the field
  ok   10 HOME apron:46:0 [caravan] flat  (0.03 m of 0.60)
  ok   10 HOME apron:46:0 [caravan] dry
  ok   10 HOME apron:46:0 [caravan] clear of solid things  (11.71 m of 3.00 (item af_s_pump/pump))
  ok   10 HOME apron:46:0 [caravan] clear of stock build's routes  (43.90 m of 8.00)
  ok   10 HOME apron:46:0 [caravan] clear of aluminium C172's routes  (43.90 m of 8.50)
  ok   10 HOME apron:46:0 [caravan] clear of the user's Cub's routes  (43.90 m of 8.35)
  ok   10 HOME apron:46:0 [rv] inside the field
  ok   10 HOME apron:46:0 [rv] flat  (0.02 m of 0.60)
  ok   10 HOME apron:46:0 [rv] dry
  ok   10 HOME apron:46:0 [rv] clear of solid things  (13.77 m of 3.00 (item af_s_pump/pump))
  ok   10 HOME apron:46:0 [rv] clear of stock build's routes  (45.10 m of 8.00)
  ok   10 HOME apron:46:0 [rv] clear of aluminium C172's routes  (45.10 m of 8.50)
  ok   10 HOME apron:46:0 [rv] clear of the user's Cub's routes  (45.10 m of 8.35)
  ok   10 HOME apron:46:0 [savannah] inside the field
  ok   10 HOME apron:46:0 [savannah] flat  (0.02 m of 0.60)
  ok   10 HOME apron:46:0 [savannah] dry
  ok   10 HOME apron:46:0 [savannah] clear of solid things  (14.19 m of 3.00 (item af_s_pump/pump))
  ok   10 HOME apron:46:0 [savannah] clear of stock build's routes  (45.10 m of 8.00)
  ok   10 HOME apron:46:0 [savannah] clear of aluminium C172's routes  (45.10 m of 8.50)
  ok   10 HOME apron:46:0 [savannah] clear of the user's Cub's routes  (45.10 m of 8.35)
  ok   10 HOME apron:46:0 [ul1] inside the field
  ok   10 HOME apron:46:0 [ul1] flat  (0.02 m of 0.60)
  ok   10 HOME apron:46:0 [ul1] dry
  ok   10 HOME apron:46:0 [ul1] clear of solid things  (14.13 m of 3.00 (item af_s_pump/pump))
  ok   10 HOME apron:46:0 [ul1] clear of stock build's routes  (45.10 m of 8.00)
  ok   10 HOME apron:46:0 [ul1] clear of aluminium C172's routes  (45.10 m of 8.50)
  ok   10 HOME apron:46:0 [ul1] clear of the user's Cub's routes  (45.10 m of 8.35)
  ok   10 HOME apron:46:0 [floatplane] inside the field
  ok   10 HOME apron:46:0 [floatplane] flat  (0.02 m of 0.60)
  ok   10 HOME apron:46:0 [floatplane] dry
  ok   10 HOME apron:46:0 [floatplane] clear of solid things  (13.04 m of 3.00 (item af_s_pump/pump))
  ok   10 HOME apron:46:0 [floatplane] clear of stock build's routes  (44.80 m of 8.00)
  ok   10 HOME apron:46:0 [floatplane] clear of aluminium C172's routes  (44.80 m of 8.50)
  ok   10 HOME apron:46:0 [floatplane] clear of the user's Cub's routes  (44.80 m of 8.35)
  ok   10 HOME apron:46:0 [pusherPod] inside the field
  ok   10 HOME apron:46:0 [pusherPod] flat  (0.02 m of 0.60)
  ok   10 HOME apron:46:0 [pusherPod] dry
  ok   10 HOME apron:46:0 [pusherPod] clear of solid things  (13.96 m of 3.00 (item af_s_pump/pump))
  ok   10 HOME apron:46:0 [pusherPod] clear of stock build's routes  (45.40 m of 8.00)
  ok   10 HOME apron:46:0 [pusherPod] clear of aluminium C172's routes  (45.40 m of 8.50)
  ok   10 HOME apron:46:0 [pusherPod] clear of the user's Cub's routes  (45.40 m of 8.35)
  ok   10 HOME apron:46:0 [motorglider] inside the field
  ok   10 HOME apron:46:0 [motorglider] flat  (0.02 m of 0.60)
  ok   10 HOME apron:46:0 [motorglider] dry
  ok   10 HOME apron:46:0 [motorglider] clear of solid things  (13.25 m of 3.00 (item af_s_pump/pump))
  ok   10 HOME apron:46:0 [motorglider] clear of stock build's routes  (45.10 m of 8.00)
  ok   10 HOME apron:46:0 [motorglider] clear of aluminium C172's routes  (45.10 m of 8.50)
  ok   10 HOME apron:46:0 [motorglider] clear of the user's Cub's routes  (45.10 m of 8.35)
  ok   10 HOME apron:46:0 [radial] inside the field
  ok   10 HOME apron:46:0 [radial] flat  (0.02 m of 0.60)
  ok   10 HOME apron:46:0 [radial] dry
  ok   10 HOME apron:46:0 [radial] clear of solid things  (13.30 m of 3.00 (item af_s_pump/pump))
  ok   10 HOME apron:46:0 [radial] clear of stock build's routes  (45.10 m of 8.00)
  ok   10 HOME apron:46:0 [radial] clear of aluminium C172's routes  (45.10 m of 8.50)
  ok   10 HOME apron:46:0 [radial] clear of the user's Cub's routes  (45.10 m of 8.35)
  ok   10 HOME apron:46:0 [etrainer] inside the field
  ok   10 HOME apron:46:0 [etrainer] flat  (0.02 m of 0.60)
  ok   10 HOME apron:46:0 [etrainer] dry
  ok   10 HOME apron:46:0 [etrainer] clear of solid things  (14.11 m of 3.00 (item af_s_pump/pump))
  ok   10 HOME apron:46:0 [etrainer] clear of stock build's routes  (45.10 m of 8.00)
  ok   10 HOME apron:46:0 [etrainer] clear of aluminium C172's routes  (45.10 m of 8.50)
  ok   10 HOME apron:46:0 [etrainer] clear of the user's Cub's routes  (45.10 m of 8.35)
  ok   10 HOME apron:46:0 [ttail] inside the field
  ok   10 HOME apron:46:0 [ttail] flat  (0.02 m of 0.60)
  ok   10 HOME apron:46:0 [ttail] dry
  ok   10 HOME apron:46:0 [ttail] clear of solid things  (13.30 m of 3.00 (item af_s_pump/pump))
  ok   10 HOME apron:46:0 [ttail] clear of stock build's routes  (45.10 m of 8.00)
  ok   10 HOME apron:46:0 [ttail] clear of aluminium C172's routes  (45.10 m of 8.50)
  ok   10 HOME apron:46:0 [ttail] clear of the user's Cub's routes  (45.10 m of 8.35)
  ok   10 HOME apron:46:0 [vtail] inside the field
  ok   10 HOME apron:46:0 [vtail] flat  (0.02 m of 0.60)
  ok   10 HOME apron:46:0 [vtail] dry
  ok   10 HOME apron:46:0 [vtail] clear of solid things  (13.22 m of 3.00 (item af_s_pump/pump))
  ok   10 HOME apron:46:0 [vtail] clear of stock build's routes  (45.10 m of 8.00)
  ok   10 HOME apron:46:0 [vtail] clear of aluminium C172's routes  (45.10 m of 8.50)
  ok   10 HOME apron:46:0 [vtail] clear of the user's Cub's routes  (45.10 m of 8.35)
  ok   10 HOME apron:46:0 [mw5] inside the field
  ok   10 HOME apron:46:0 [mw5] flat  (0.02 m of 0.60)
  ok   10 HOME apron:46:0 [mw5] dry
  ok   10 HOME apron:46:0 [mw5] clear of solid things  (13.97 m of 3.00 (item af_s_pump/pump))
  ok   10 HOME apron:46:0 [mw5] clear of stock build's routes  (45.40 m of 8.00)
  ok   10 HOME apron:46:0 [mw5] clear of aluminium C172's routes  (45.40 m of 8.50)
  ok   10 HOME apron:46:0 [mw5] clear of the user's Cub's routes  (45.40 m of 8.35)
  ok   10 HOME apron:46:0 [archaeopteryx] inside the field
  ok   10 HOME apron:46:0 [archaeopteryx] flat  (0.02 m of 0.60)
  ok   10 HOME apron:46:0 [archaeopteryx] dry
  ok   10 HOME apron:46:0 [archaeopteryx] clear of solid things  (13.52 m of 3.00 (item af_s_pump/pump))
  ok   10 HOME apron:46:0 [archaeopteryx] clear of stock build's routes  (45.40 m of 8.00)
  ok   10 HOME apron:46:0 [archaeopteryx] clear of aluminium C172's routes  (45.40 m of 8.50)
  ok   10 HOME apron:46:0 [archaeopteryx] clear of the user's Cub's routes  (45.40 m of 8.35)
  ok   10 HOME apron:46:0 [da62] inside the field
  ok   10 HOME apron:46:0 [da62] flat  (0.03 m of 0.60)
  ok   10 HOME apron:46:0 [da62] dry
  ok   10 HOME apron:46:0 [da62] clear of solid things  (12.09 m of 3.00 (item af_s_pump/pump))
  ok   10 HOME apron:46:0 [da62] clear of stock build's routes  (45.30 m of 8.00)
  ok   10 HOME apron:46:0 [da62] clear of aluminium C172's routes  (45.30 m of 8.50)
  ok   10 HOME apron:46:0 [da62] clear of the user's Cub's routes  (45.30 m of 8.35)
  ok   10 HOME apron:46:0 [twinBush] inside the field
  ok   10 HOME apron:46:0 [twinBush] flat  (0.03 m of 0.60)
  ok   10 HOME apron:46:0 [twinBush] dry
  ok   10 HOME apron:46:0 [twinBush] clear of solid things  (10.68 m of 3.00 (item af_s_pump/pump))
  ok   10 HOME apron:46:0 [twinBush] clear of stock build's routes  (45.30 m of 8.00)
  ok   10 HOME apron:46:0 [twinBush] clear of aluminium C172's routes  (45.30 m of 8.50)
  ok   10 HOME apron:46:0 [twinBush] clear of the user's Cub's routes  (45.30 m of 8.35)
  ok   10 HOME apron:46:0 [skymaster] inside the field
  ok   10 HOME apron:46:0 [skymaster] flat  (0.02 m of 0.60)
  ok   10 HOME apron:46:0 [skymaster] dry
  ok   10 HOME apron:46:0 [skymaster] clear of solid things  (13.37 m of 3.00 (item af_s_pump/pump))
  ok   10 HOME apron:46:0 [skymaster] clear of stock build's routes  (45.10 m of 8.00)
  ok   10 HOME apron:46:0 [skymaster] clear of aluminium C172's routes  (45.10 m of 8.50)
  ok   10 HOME apron:46:0 [skymaster] clear of the user's Cub's routes  (45.10 m of 8.35)
  ok   10 HOME apron:46:0 [p38] inside the field
  ok   10 HOME apron:46:0 [p38] flat  (0.02 m of 0.60)
  ok   10 HOME apron:46:0 [p38] dry
  ok   10 HOME apron:46:0 [p38] clear of solid things  (13.45 m of 3.00 (item af_s_pump/pump))
  ok   10 HOME apron:46:0 [p38] clear of stock build's routes  (45.30 m of 8.00)
  ok   10 HOME apron:46:0 [p38] clear of aluminium C172's routes  (45.30 m of 8.50)
  ok   10 HOME apron:46:0 [p38] clear of the user's Cub's routes  (45.30 m of 8.35)
  ok   10 HOME apron:46:0 [beaver] inside the field
  ok   10 HOME apron:46:0 [beaver] flat  (0.03 m of 0.60)
  ok   10 HOME apron:46:0 [beaver] dry
  ok   10 HOME apron:46:0 [beaver] clear of solid things  (12.04 m of 3.00 (item af_s_pump/pump))
  ok   10 HOME apron:46:0 [beaver] clear of stock build's routes  (45.00 m of 8.00)
  ok   10 HOME apron:46:0 [beaver] clear of aluminium C172's routes  (45.00 m of 8.50)
  ok   10 HOME apron:46:0 [beaver] clear of the user's Cub's routes  (45.00 m of 8.35)
  ok   10 HOME apron:46:0 [default] inside the field
  ok   10 HOME apron:46:0 [default] flat  (0.02 m of 0.60)
  ok   10 HOME apron:46:0 [default] dry
  ok   10 HOME apron:46:0 [default] clear of solid things  (12.37 m of 3.00 (item af_s_pump/pump))
  ok   10 HOME apron:46:0 [default] clear of stock build's routes  (44.40 m of 8.00)
  ok   10 HOME apron:46:0 [default] clear of aluminium C172's routes  (44.40 m of 8.50)
  ok   10 HOME apron:46:0 [default] clear of the user's Cub's routes  (44.40 m of 8.35)
  ok   10 HOME apron:46:30 [cub] inside the field
  ok   10 HOME apron:46:30 [cub] flat  (0.00 m of 0.60)
  ok   10 HOME apron:46:30 [cub] dry
  ok   10 HOME apron:46:30 [cub] clear of solid things  (11.40 m of 3.00 (aircraft ob:o3))
  ok   10 HOME apron:46:30 [cub] clear of stock build's routes  (44.70 m of 8.00)
  ok   10 HOME apron:46:30 [cub] clear of aluminium C172's routes  (44.70 m of 8.50)
  ok   10 HOME apron:46:30 [cub] clear of the user's Cub's routes  (44.70 m of 8.35)
  ok   10 HOME apron:46:30 [pietenpol] inside the field
  ok   10 HOME apron:46:30 [pietenpol] flat  (0.00 m of 0.60)
  ok   10 HOME apron:46:30 [pietenpol] dry
  ok   10 HOME apron:46:30 [pietenpol] clear of solid things  (11.80 m of 3.00 (aircraft ob:o3))
  ok   10 HOME apron:46:30 [pietenpol] clear of stock build's routes  (45.10 m of 8.00)
  ok   10 HOME apron:46:30 [pietenpol] clear of aluminium C172's routes  (45.10 m of 8.50)
  ok   10 HOME apron:46:30 [pietenpol] clear of the user's Cub's routes  (45.10 m of 8.35)
  ok   10 HOME apron:46:30 [tigermoth] inside the field
  ok   10 HOME apron:46:30 [tigermoth] flat  (0.00 m of 0.60)
  ok   10 HOME apron:46:30 [tigermoth] dry
  ok   10 HOME apron:46:30 [tigermoth] clear of solid things  (11.80 m of 3.00 (aircraft ob:o3))
  ok   10 HOME apron:46:30 [tigermoth] clear of stock build's routes  (45.10 m of 8.00)
  ok   10 HOME apron:46:30 [tigermoth] clear of aluminium C172's routes  (45.10 m of 8.50)
  ok   10 HOME apron:46:30 [tigermoth] clear of the user's Cub's routes  (45.10 m of 8.35)
  ok   10 HOME apron:46:30 [stearman] inside the field
  ok   10 HOME apron:46:30 [stearman] flat  (0.00 m of 0.60)
  ok   10 HOME apron:46:30 [stearman] dry
  ok   10 HOME apron:46:30 [stearman] clear of solid things  (11.70 m of 3.00 (aircraft ob:o3))
  ok   10 HOME apron:46:30 [stearman] clear of stock build's routes  (45.00 m of 8.00)
  ok   10 HOME apron:46:30 [stearman] clear of aluminium C172's routes  (45.00 m of 8.50)
  ok   10 HOME apron:46:30 [stearman] clear of the user's Cub's routes  (45.00 m of 8.35)
  ok   10 HOME apron:46:30 [pittsAlike] inside the field
  ok   10 HOME apron:46:30 [pittsAlike] flat  (0.00 m of 0.60)
  ok   10 HOME apron:46:30 [pittsAlike] dry
  ok   10 HOME apron:46:30 [pittsAlike] clear of solid things  (11.80 m of 3.00 (aircraft ob:o3))
  ok   10 HOME apron:46:30 [pittsAlike] clear of stock build's routes  (45.10 m of 8.00)
  ok   10 HOME apron:46:30 [pittsAlike] clear of aluminium C172's routes  (45.10 m of 8.50)
  ok   10 HOME apron:46:30 [pittsAlike] clear of the user's Cub's routes  (45.10 m of 8.35)
  ok   10 HOME apron:46:30 [sesqui] inside the field
  ok   10 HOME apron:46:30 [sesqui] flat  (0.00 m of 0.60)
  ok   10 HOME apron:46:30 [sesqui] dry
  ok   10 HOME apron:46:30 [sesqui] clear of solid things  (11.80 m of 3.00 (aircraft ob:o3))
  ok   10 HOME apron:46:30 [sesqui] clear of stock build's routes  (45.10 m of 8.00)
  ok   10 HOME apron:46:30 [sesqui] clear of aluminium C172's routes  (45.10 m of 8.50)
  ok   10 HOME apron:46:30 [sesqui] clear of the user's Cub's routes  (45.10 m of 8.35)
  ok   10 HOME apron:46:30 [jodel] inside the field
  ok   10 HOME apron:46:30 [jodel] flat  (0.00 m of 0.60)
  ok   10 HOME apron:46:30 [jodel] dry
  ok   10 HOME apron:46:30 [jodel] clear of solid things  (11.30 m of 3.00 (aircraft ob:o3))
  ok   10 HOME apron:46:30 [jodel] clear of stock build's routes  (44.60 m of 8.00)
  ok   10 HOME apron:46:30 [jodel] clear of aluminium C172's routes  (44.60 m of 8.50)
  ok   10 HOME apron:46:30 [jodel] clear of the user's Cub's routes  (44.60 m of 8.35)
  ok   10 HOME apron:46:30 [c172] inside the field
  ok   10 HOME apron:46:30 [c172] flat  (0.00 m of 0.60)
  ok   10 HOME apron:46:30 [c172] dry
  ok   10 HOME apron:46:30 [c172] clear of solid things  (11.20 m of 3.00 (aircraft ob:o3))
  ok   10 HOME apron:46:30 [c172] clear of stock build's routes  (44.50 m of 8.00)
  ok   10 HOME apron:46:30 [c172] clear of aluminium C172's routes  (44.50 m of 8.50)
  ok   10 HOME apron:46:30 [c172] clear of the user's Cub's routes  (44.50 m of 8.35)
  ok   10 HOME apron:46:30 [chinook] inside the field
  ok   10 HOME apron:46:30 [chinook] flat  (0.00 m of 0.60)
  ok   10 HOME apron:46:30 [chinook] dry
  ok   10 HOME apron:46:30 [chinook] clear of solid things  (12.30 m of 3.00 (aircraft ob:o3))
  ok   10 HOME apron:46:30 [chinook] clear of stock build's routes  (45.60 m of 8.00)
  ok   10 HOME apron:46:30 [chinook] clear of aluminium C172's routes  (45.60 m of 8.50)
  ok   10 HOME apron:46:30 [chinook] clear of the user's Cub's routes  (45.60 m of 8.35)
  ok   10 HOME apron:46:30 [caravan] inside the field
  ok   10 HOME apron:46:30 [caravan] flat  (0.00 m of 0.60)
  ok   10 HOME apron:46:30 [caravan] dry
  ok   10 HOME apron:46:30 [caravan] clear of solid things  (10.60 m of 3.00 (aircraft ob:o3))
  ok   10 HOME apron:46:30 [caravan] clear of stock build's routes  (43.90 m of 8.00)
  ok   10 HOME apron:46:30 [caravan] clear of aluminium C172's routes  (43.90 m of 8.50)
  ok   10 HOME apron:46:30 [caravan] clear of the user's Cub's routes  (43.90 m of 8.35)
  ok   10 HOME apron:46:30 [rv] inside the field
  ok   10 HOME apron:46:30 [rv] flat  (0.00 m of 0.60)
  ok   10 HOME apron:46:30 [rv] dry
  ok   10 HOME apron:46:30 [rv] clear of solid things  (11.80 m of 3.00 (aircraft ob:o3))
  ok   10 HOME apron:46:30 [rv] clear of stock build's routes  (45.10 m of 8.00)
  ok   10 HOME apron:46:30 [rv] clear of aluminium C172's routes  (45.10 m of 8.50)
  ok   10 HOME apron:46:30 [rv] clear of the user's Cub's routes  (45.10 m of 8.35)
  ok   10 HOME apron:46:30 [savannah] inside the field
  ok   10 HOME apron:46:30 [savannah] flat  (0.00 m of 0.60)
  ok   10 HOME apron:46:30 [savannah] dry
  ok   10 HOME apron:46:30 [savannah] clear of solid things  (11.80 m of 3.00 (aircraft ob:o3))
  ok   10 HOME apron:46:30 [savannah] clear of stock build's routes  (45.10 m of 8.00)
  ok   10 HOME apron:46:30 [savannah] clear of aluminium C172's routes  (45.10 m of 8.50)
  ok   10 HOME apron:46:30 [savannah] clear of the user's Cub's routes  (45.10 m of 8.35)
  ok   10 HOME apron:46:30 [ul1] inside the field
  ok   10 HOME apron:46:30 [ul1] flat  (0.00 m of 0.60)
  ok   10 HOME apron:46:30 [ul1] dry
  ok   10 HOME apron:46:30 [ul1] clear of solid things  (11.80 m of 3.00 (aircraft ob:o3))
  ok   10 HOME apron:46:30 [ul1] clear of stock build's routes  (45.10 m of 8.00)
  ok   10 HOME apron:46:30 [ul1] clear of aluminium C172's routes  (45.10 m of 8.50)
  ok   10 HOME apron:46:30 [ul1] clear of the user's Cub's routes  (45.10 m of 8.35)
  ok   10 HOME apron:46:30 [floatplane] inside the field
  ok   10 HOME apron:46:30 [floatplane] flat  (0.00 m of 0.60)
  ok   10 HOME apron:46:30 [floatplane] dry
  ok   10 HOME apron:46:30 [floatplane] clear of solid things  (11.50 m of 3.00 (aircraft ob:o3))
  ok   10 HOME apron:46:30 [floatplane] clear of stock build's routes  (44.80 m of 8.00)
  ok   10 HOME apron:46:30 [floatplane] clear of aluminium C172's routes  (44.80 m of 8.50)
  ok   10 HOME apron:46:30 [floatplane] clear of the user's Cub's routes  (44.80 m of 8.35)
  ok   10 HOME apron:46:30 [pusherPod] inside the field
  ok   10 HOME apron:46:30 [pusherPod] flat  (0.00 m of 0.60)
  ok   10 HOME apron:46:30 [pusherPod] dry
  ok   10 HOME apron:46:30 [pusherPod] clear of solid things  (12.10 m of 3.00 (aircraft ob:o3))
  ok   10 HOME apron:46:30 [pusherPod] clear of stock build's routes  (45.40 m of 8.00)
  ok   10 HOME apron:46:30 [pusherPod] clear of aluminium C172's routes  (45.40 m of 8.50)
  ok   10 HOME apron:46:30 [pusherPod] clear of the user's Cub's routes  (45.40 m of 8.35)
  ok   10 HOME apron:46:30 [motorglider] inside the field
  ok   10 HOME apron:46:30 [motorglider] flat  (0.00 m of 0.60)
  ok   10 HOME apron:46:30 [motorglider] dry
  ok   10 HOME apron:46:30 [motorglider] clear of solid things  (11.80 m of 3.00 (aircraft ob:o3))
  ok   10 HOME apron:46:30 [motorglider] clear of stock build's routes  (45.10 m of 8.00)
  ok   10 HOME apron:46:30 [motorglider] clear of aluminium C172's routes  (45.10 m of 8.50)
  ok   10 HOME apron:46:30 [motorglider] clear of the user's Cub's routes  (45.10 m of 8.35)
  ok   10 HOME apron:46:30 [radial] inside the field
  ok   10 HOME apron:46:30 [radial] flat  (0.00 m of 0.60)
  ok   10 HOME apron:46:30 [radial] dry
  ok   10 HOME apron:46:30 [radial] clear of solid things  (11.80 m of 3.00 (aircraft ob:o3))
  ok   10 HOME apron:46:30 [radial] clear of stock build's routes  (45.10 m of 8.00)
  ok   10 HOME apron:46:30 [radial] clear of aluminium C172's routes  (45.10 m of 8.50)
  ok   10 HOME apron:46:30 [radial] clear of the user's Cub's routes  (45.10 m of 8.35)
  ok   10 HOME apron:46:30 [etrainer] inside the field
  ok   10 HOME apron:46:30 [etrainer] flat  (0.00 m of 0.60)
  ok   10 HOME apron:46:30 [etrainer] dry
  ok   10 HOME apron:46:30 [etrainer] clear of solid things  (11.80 m of 3.00 (aircraft ob:o3))
  ok   10 HOME apron:46:30 [etrainer] clear of stock build's routes  (45.10 m of 8.00)
  ok   10 HOME apron:46:30 [etrainer] clear of aluminium C172's routes  (45.10 m of 8.50)
  ok   10 HOME apron:46:30 [etrainer] clear of the user's Cub's routes  (45.10 m of 8.35)
  ok   10 HOME apron:46:30 [ttail] inside the field
  ok   10 HOME apron:46:30 [ttail] flat  (0.00 m of 0.60)
  ok   10 HOME apron:46:30 [ttail] dry
  ok   10 HOME apron:46:30 [ttail] clear of solid things  (11.80 m of 3.00 (aircraft ob:o3))
  ok   10 HOME apron:46:30 [ttail] clear of stock build's routes  (45.10 m of 8.00)
  ok   10 HOME apron:46:30 [ttail] clear of aluminium C172's routes  (45.10 m of 8.50)
  ok   10 HOME apron:46:30 [ttail] clear of the user's Cub's routes  (45.10 m of 8.35)
  ok   10 HOME apron:46:30 [vtail] inside the field
  ok   10 HOME apron:46:30 [vtail] flat  (0.00 m of 0.60)
  ok   10 HOME apron:46:30 [vtail] dry
  ok   10 HOME apron:46:30 [vtail] clear of solid things  (11.80 m of 3.00 (aircraft ob:o3))
  ok   10 HOME apron:46:30 [vtail] clear of stock build's routes  (45.10 m of 8.00)
  ok   10 HOME apron:46:30 [vtail] clear of aluminium C172's routes  (45.10 m of 8.50)
  ok   10 HOME apron:46:30 [vtail] clear of the user's Cub's routes  (45.10 m of 8.35)
  ok   10 HOME apron:46:30 [mw5] inside the field
  ok   10 HOME apron:46:30 [mw5] flat  (0.00 m of 0.60)
  ok   10 HOME apron:46:30 [mw5] dry
  ok   10 HOME apron:46:30 [mw5] clear of solid things  (12.10 m of 3.00 (aircraft ob:o3))
  ok   10 HOME apron:46:30 [mw5] clear of stock build's routes  (45.40 m of 8.00)
  ok   10 HOME apron:46:30 [mw5] clear of aluminium C172's routes  (45.40 m of 8.50)
  ok   10 HOME apron:46:30 [mw5] clear of the user's Cub's routes  (45.40 m of 8.35)
  ok   10 HOME apron:46:30 [archaeopteryx] inside the field
  ok   10 HOME apron:46:30 [archaeopteryx] flat  (0.00 m of 0.60)
  ok   10 HOME apron:46:30 [archaeopteryx] dry
  ok   10 HOME apron:46:30 [archaeopteryx] clear of solid things  (12.10 m of 3.00 (aircraft ob:o3))
  ok   10 HOME apron:46:30 [archaeopteryx] clear of stock build's routes  (45.40 m of 8.00)
  ok   10 HOME apron:46:30 [archaeopteryx] clear of aluminium C172's routes  (45.40 m of 8.50)
  ok   10 HOME apron:46:30 [archaeopteryx] clear of the user's Cub's routes  (45.40 m of 8.35)
  ok   10 HOME apron:46:30 [da62] inside the field
  ok   10 HOME apron:46:30 [da62] flat  (0.00 m of 0.60)
  ok   10 HOME apron:46:30 [da62] dry
  ok   10 HOME apron:46:30 [da62] clear of solid things  (12.00 m of 3.00 (aircraft ob:o3))
  ok   10 HOME apron:46:30 [da62] clear of stock build's routes  (45.30 m of 8.00)
  ok   10 HOME apron:46:30 [da62] clear of aluminium C172's routes  (45.30 m of 8.50)
  ok   10 HOME apron:46:30 [da62] clear of the user's Cub's routes  (45.30 m of 8.35)
  ok   10 HOME apron:46:30 [twinBush] inside the field
  ok   10 HOME apron:46:30 [twinBush] flat  (0.00 m of 0.60)
  ok   10 HOME apron:46:30 [twinBush] dry
  ok   10 HOME apron:46:30 [twinBush] clear of solid things  (12.00 m of 3.00 (aircraft ob:o3))
  ok   10 HOME apron:46:30 [twinBush] clear of stock build's routes  (45.30 m of 8.00)
  ok   10 HOME apron:46:30 [twinBush] clear of aluminium C172's routes  (45.30 m of 8.50)
  ok   10 HOME apron:46:30 [twinBush] clear of the user's Cub's routes  (45.30 m of 8.35)
  ok   10 HOME apron:46:30 [skymaster] inside the field
  ok   10 HOME apron:46:30 [skymaster] flat  (0.00 m of 0.60)
  ok   10 HOME apron:46:30 [skymaster] dry
  ok   10 HOME apron:46:30 [skymaster] clear of solid things  (11.80 m of 3.00 (aircraft ob:o3))
  ok   10 HOME apron:46:30 [skymaster] clear of stock build's routes  (45.10 m of 8.00)
  ok   10 HOME apron:46:30 [skymaster] clear of aluminium C172's routes  (45.10 m of 8.50)
  ok   10 HOME apron:46:30 [skymaster] clear of the user's Cub's routes  (45.10 m of 8.35)
  ok   10 HOME apron:46:30 [p38] inside the field
  ok   10 HOME apron:46:30 [p38] flat  (0.00 m of 0.60)
  ok   10 HOME apron:46:30 [p38] dry
  ok   10 HOME apron:46:30 [p38] clear of solid things  (12.00 m of 3.00 (aircraft ob:o3))
  ok   10 HOME apron:46:30 [p38] clear of stock build's routes  (45.30 m of 8.00)
  ok   10 HOME apron:46:30 [p38] clear of aluminium C172's routes  (45.30 m of 8.50)
  ok   10 HOME apron:46:30 [p38] clear of the user's Cub's routes  (45.30 m of 8.35)
  ok   10 HOME apron:46:30 [beaver] inside the field
  ok   10 HOME apron:46:30 [beaver] flat  (0.00 m of 0.60)
  ok   10 HOME apron:46:30 [beaver] dry
  ok   10 HOME apron:46:30 [beaver] clear of solid things  (11.70 m of 3.00 (aircraft ob:o3))
  ok   10 HOME apron:46:30 [beaver] clear of stock build's routes  (45.00 m of 8.00)
  ok   10 HOME apron:46:30 [beaver] clear of aluminium C172's routes  (45.00 m of 8.50)
  ok   10 HOME apron:46:30 [beaver] clear of the user's Cub's routes  (45.00 m of 8.35)
  ok   10 HOME apron:46:30 [default] inside the field
  ok   10 HOME apron:46:30 [default] flat  (0.00 m of 0.60)
  ok   10 HOME apron:46:30 [default] dry
  ok   10 HOME apron:46:30 [default] clear of solid things  (11.10 m of 3.00 (aircraft ob:o3))
  ok   10 HOME apron:46:30 [default] clear of stock build's routes  (44.40 m of 8.00)
  ok   10 HOME apron:46:30 [default] clear of aluminium C172's routes  (44.40 m of 8.50)
  ok   10 HOME apron:46:30 [default] clear of the user's Cub's routes  (44.40 m of 8.35)
  ok   10 HOME apron:46:60 [cub] inside the field
  ok   10 HOME apron:46:60 [cub] flat  (0.00 m of 0.60)
  ok   10 HOME apron:46:60 [cub] dry
  ok   10 HOME apron:46:60 [cub] clear of solid things  (12.51 m of 3.00 (prop s_club/fuel#pallet_one1))
  ok   10 HOME apron:46:60 [cub] clear of stock build's routes  (44.70 m of 8.00)
  ok   10 HOME apron:46:60 [cub] clear of aluminium C172's routes  (44.70 m of 8.50)
  ok   10 HOME apron:46:60 [cub] clear of the user's Cub's routes  (44.70 m of 8.35)
  ok   10 HOME apron:46:60 [pietenpol] inside the field
  ok   10 HOME apron:46:60 [pietenpol] flat  (0.00 m of 0.60)
  ok   10 HOME apron:46:60 [pietenpol] dry
  ok   10 HOME apron:46:60 [pietenpol] clear of solid things  (13.56 m of 3.00 (prop s_club/fuel#pallet_one1))
  ok   10 HOME apron:46:60 [pietenpol] clear of stock build's routes  (45.10 m of 8.00)
  ok   10 HOME apron:46:60 [pietenpol] clear of aluminium C172's routes  (45.10 m of 8.50)
  ok   10 HOME apron:46:60 [pietenpol] clear of the user's Cub's routes  (45.10 m of 8.35)
  ok   10 HOME apron:46:60 [tigermoth] inside the field
  ok   10 HOME apron:46:60 [tigermoth] flat  (0.00 m of 0.60)
  ok   10 HOME apron:46:60 [tigermoth] dry
  ok   10 HOME apron:46:60 [tigermoth] clear of solid things  (13.47 m of 3.00 (prop s_club/fuel#pallet_one1))
  ok   10 HOME apron:46:60 [tigermoth] clear of stock build's routes  (45.10 m of 8.00)
  ok   10 HOME apron:46:60 [tigermoth] clear of aluminium C172's routes  (45.10 m of 8.50)
  ok   10 HOME apron:46:60 [tigermoth] clear of the user's Cub's routes  (45.10 m of 8.35)
  ok   10 HOME apron:46:60 [stearman] inside the field
  ok   10 HOME apron:46:60 [stearman] flat  (0.00 m of 0.60)
  ok   10 HOME apron:46:60 [stearman] dry
  ok   10 HOME apron:46:60 [stearman] clear of solid things  (13.09 m of 3.00 (prop s_club/fuel#pallet_one1))
  ok   10 HOME apron:46:60 [stearman] clear of stock build's routes  (45.00 m of 8.00)
  ok   10 HOME apron:46:60 [stearman] clear of aluminium C172's routes  (45.00 m of 8.50)
  ok   10 HOME apron:46:60 [stearman] clear of the user's Cub's routes  (45.00 m of 8.35)
  ok   10 HOME apron:46:60 [pittsAlike] inside the field
  ok   10 HOME apron:46:60 [pittsAlike] flat  (0.00 m of 0.60)
  ok   10 HOME apron:46:60 [pittsAlike] dry
  ok   10 HOME apron:46:60 [pittsAlike] clear of solid things  (14.46 m of 3.00 (prop s_club/fuel#pallet_one1))
  ok   10 HOME apron:46:60 [pittsAlike] clear of stock build's routes  (45.10 m of 8.00)
  ok   10 HOME apron:46:60 [pittsAlike] clear of aluminium C172's routes  (45.10 m of 8.50)
  ok   10 HOME apron:46:60 [pittsAlike] clear of the user's Cub's routes  (45.10 m of 8.35)
  ok   10 HOME apron:46:60 [sesqui] inside the field
  ok   10 HOME apron:46:60 [sesqui] flat  (0.00 m of 0.60)
  ok   10 HOME apron:46:60 [sesqui] dry
  ok   10 HOME apron:46:60 [sesqui] clear of solid things  (13.07 m of 3.00 (prop s_club/fuel#pallet_one1))
  ok   10 HOME apron:46:60 [sesqui] clear of stock build's routes  (45.10 m of 8.00)
  ok   10 HOME apron:46:60 [sesqui] clear of aluminium C172's routes  (45.10 m of 8.50)
  ok   10 HOME apron:46:60 [sesqui] clear of the user's Cub's routes  (45.10 m of 8.35)
  ok   10 HOME apron:46:60 [jodel] inside the field
  ok   10 HOME apron:46:60 [jodel] flat  (0.00 m of 0.60)
  ok   10 HOME apron:46:60 [jodel] dry
  ok   10 HOME apron:46:60 [jodel] clear of solid things  (13.43 m of 3.00 (prop s_club/fuel#pallet_one1))
  ok   10 HOME apron:46:60 [jodel] clear of stock build's routes  (44.60 m of 8.00)
  ok   10 HOME apron:46:60 [jodel] clear of aluminium C172's routes  (44.60 m of 8.50)
  ok   10 HOME apron:46:60 [jodel] clear of the user's Cub's routes  (44.60 m of 8.35)
  ok   10 HOME apron:46:60 [c172] inside the field
  ok   10 HOME apron:46:60 [c172] flat  (0.00 m of 0.60)
  ok   10 HOME apron:46:60 [c172] dry
  ok   10 HOME apron:46:60 [c172] clear of solid things  (12.31 m of 3.00 (prop s_club/fuel#pallet_one1))
  ok   10 HOME apron:46:60 [c172] clear of stock build's routes  (44.50 m of 8.00)
  ok   10 HOME apron:46:60 [c172] clear of aluminium C172's routes  (44.50 m of 8.50)
  ok   10 HOME apron:46:60 [c172] clear of the user's Cub's routes  (44.50 m of 8.35)
  ok   10 HOME apron:46:60 [chinook] inside the field
  ok   10 HOME apron:46:60 [chinook] flat  (0.00 m of 0.60)
  ok   10 HOME apron:46:60 [chinook] dry
  ok   10 HOME apron:46:60 [chinook] clear of solid things  (13.46 m of 3.00 (prop s_club/fuel#pallet_one1))
  ok   10 HOME apron:46:60 [chinook] clear of stock build's routes  (45.60 m of 8.00)
  ok   10 HOME apron:46:60 [chinook] clear of aluminium C172's routes  (45.60 m of 8.50)
  ok   10 HOME apron:46:60 [chinook] clear of the user's Cub's routes  (45.60 m of 8.35)
  ok   10 HOME apron:46:60 [caravan] inside the field
  ok   10 HOME apron:46:60 [caravan] flat  (0.00 m of 0.60)
  ok   10 HOME apron:46:60 [caravan] dry
  ok   10 HOME apron:46:60 [caravan] clear of solid things  (10.76 m of 3.00 (prop s_club/fuel#pallet_one1))
  ok   10 HOME apron:46:60 [caravan] clear of stock build's routes  (43.90 m of 8.00)
  ok   10 HOME apron:46:60 [caravan] clear of aluminium C172's routes  (43.90 m of 8.50)
  ok   10 HOME apron:46:60 [caravan] clear of the user's Cub's routes  (43.90 m of 8.35)
  ok   10 HOME apron:46:60 [rv] inside the field
  ok   10 HOME apron:46:60 [rv] flat  (0.00 m of 0.60)
  ok   10 HOME apron:46:60 [rv] dry
  ok   10 HOME apron:46:60 [rv] clear of solid things  (13.15 m of 3.00 (prop s_club/fuel#pallet_one1))
  ok   10 HOME apron:46:60 [rv] clear of stock build's routes  (45.10 m of 8.00)
  ok   10 HOME apron:46:60 [rv] clear of aluminium C172's routes  (45.10 m of 8.50)
  ok   10 HOME apron:46:60 [rv] clear of the user's Cub's routes  (45.10 m of 8.35)
  ok   10 HOME apron:46:60 [savannah] inside the field
  ok   10 HOME apron:46:60 [savannah] flat  (0.00 m of 0.60)
  ok   10 HOME apron:46:60 [savannah] dry
  ok   10 HOME apron:46:60 [savannah] clear of solid things  (13.39 m of 3.00 (prop s_club/fuel#pallet_one1))
  ok   10 HOME apron:46:60 [savannah] clear of stock build's routes  (45.10 m of 8.00)
  ok   10 HOME apron:46:60 [savannah] clear of aluminium C172's routes  (45.10 m of 8.50)
  ok   10 HOME apron:46:60 [savannah] clear of the user's Cub's routes  (45.10 m of 8.35)
  ok   10 HOME apron:46:60 [ul1] inside the field
  ok   10 HOME apron:46:60 [ul1] flat  (0.00 m of 0.60)
  ok   10 HOME apron:46:60 [ul1] dry
  ok   10 HOME apron:46:60 [ul1] clear of solid things  (13.31 m of 3.00 (prop s_club/fuel#pallet_one1))
  ok   10 HOME apron:46:60 [ul1] clear of stock build's routes  (45.10 m of 8.00)
  ok   10 HOME apron:46:60 [ul1] clear of aluminium C172's routes  (45.10 m of 8.50)
  ok   10 HOME apron:46:60 [ul1] clear of the user's Cub's routes  (45.10 m of 8.35)
  ok   10 HOME apron:46:60 [floatplane] inside the field
  ok   10 HOME apron:46:60 [floatplane] flat  (0.00 m of 0.60)
  ok   10 HOME apron:46:60 [floatplane] dry
  ok   10 HOME apron:46:60 [floatplane] clear of solid things  (12.18 m of 3.00 (prop s_club/fuel#pallet_one1))
  ok   10 HOME apron:46:60 [floatplane] clear of stock build's routes  (44.80 m of 8.00)
  ok   10 HOME apron:46:60 [floatplane] clear of aluminium C172's routes  (44.80 m of 8.50)
  ok   10 HOME apron:46:60 [floatplane] clear of the user's Cub's routes  (44.80 m of 8.35)
  ok   10 HOME apron:46:60 [pusherPod] inside the field
  ok   10 HOME apron:46:60 [pusherPod] flat  (0.00 m of 0.60)
  ok   10 HOME apron:46:60 [pusherPod] dry
  ok   10 HOME apron:46:60 [pusherPod] clear of solid things  (13.57 m of 3.00 (prop s_club/fuel#pallet_one1))
  ok   10 HOME apron:46:60 [pusherPod] clear of stock build's routes  (45.40 m of 8.00)
  ok   10 HOME apron:46:60 [pusherPod] clear of aluminium C172's routes  (45.40 m of 8.50)
  ok   10 HOME apron:46:60 [pusherPod] clear of the user's Cub's routes  (45.40 m of 8.35)
  ok   10 HOME apron:46:60 [motorglider] inside the field
  ok   10 HOME apron:46:60 [motorglider] flat  (0.00 m of 0.60)
  ok   10 HOME apron:46:60 [motorglider] dry
  ok   10 HOME apron:46:60 [motorglider] clear of solid things  (11.92 m of 3.00 (prop s_club/fuel#pallet_one1))
  ok   10 HOME apron:46:60 [motorglider] clear of stock build's routes  (45.10 m of 8.00)
  ok   10 HOME apron:46:60 [motorglider] clear of aluminium C172's routes  (45.10 m of 8.50)
  ok   10 HOME apron:46:60 [motorglider] clear of the user's Cub's routes  (45.10 m of 8.35)
  ok   10 HOME apron:46:60 [radial] inside the field
  ok   10 HOME apron:46:60 [radial] flat  (0.00 m of 0.60)
  ok   10 HOME apron:46:60 [radial] dry
  ok   10 HOME apron:46:60 [radial] clear of solid things  (12.68 m of 3.00 (prop s_club/fuel#pallet_one1))
  ok   10 HOME apron:46:60 [radial] clear of stock build's routes  (45.10 m of 8.00)
  ok   10 HOME apron:46:60 [radial] clear of aluminium C172's routes  (45.10 m of 8.50)
  ok   10 HOME apron:46:60 [radial] clear of the user's Cub's routes  (45.10 m of 8.35)
  ok   10 HOME apron:46:60 [etrainer] inside the field
  ok   10 HOME apron:46:60 [etrainer] flat  (0.00 m of 0.60)
  ok   10 HOME apron:46:60 [etrainer] dry
  ok   10 HOME apron:46:60 [etrainer] clear of solid things  (13.47 m of 3.00 (prop s_club/fuel#pallet_one1))
  ok   10 HOME apron:46:60 [etrainer] clear of stock build's routes  (45.10 m of 8.00)
  ok   10 HOME apron:46:60 [etrainer] clear of aluminium C172's routes  (45.10 m of 8.50)
  ok   10 HOME apron:46:60 [etrainer] clear of the user's Cub's routes  (45.10 m of 8.35)
  ok   10 HOME apron:46:60 [ttail] inside the field
  ok   10 HOME apron:46:60 [ttail] flat  (0.00 m of 0.60)
  ok   10 HOME apron:46:60 [ttail] dry
  ok   10 HOME apron:46:60 [ttail] clear of solid things  (12.68 m of 3.00 (prop s_club/fuel#pallet_one1))
  ok   10 HOME apron:46:60 [ttail] clear of stock build's routes  (45.10 m of 8.00)
  ok   10 HOME apron:46:60 [ttail] clear of aluminium C172's routes  (45.10 m of 8.50)
  ok   10 HOME apron:46:60 [ttail] clear of the user's Cub's routes  (45.10 m of 8.35)
  ok   10 HOME apron:46:60 [vtail] inside the field
  ok   10 HOME apron:46:60 [vtail] flat  (0.00 m of 0.60)
  ok   10 HOME apron:46:60 [vtail] dry
  ok   10 HOME apron:46:60 [vtail] clear of solid things  (12.68 m of 3.00 (prop s_club/fuel#pallet_one1))
  ok   10 HOME apron:46:60 [vtail] clear of stock build's routes  (45.10 m of 8.00)
  ok   10 HOME apron:46:60 [vtail] clear of aluminium C172's routes  (45.10 m of 8.50)
  ok   10 HOME apron:46:60 [vtail] clear of the user's Cub's routes  (45.10 m of 8.35)
  ok   10 HOME apron:46:60 [mw5] inside the field
  ok   10 HOME apron:46:60 [mw5] flat  (0.00 m of 0.60)
  ok   10 HOME apron:46:60 [mw5] dry
  ok   10 HOME apron:46:60 [mw5] clear of solid things  (13.50 m of 3.00 (prop s_club/fuel#pallet_one1))
  ok   10 HOME apron:46:60 [mw5] clear of stock build's routes  (45.40 m of 8.00)
  ok   10 HOME apron:46:60 [mw5] clear of aluminium C172's routes  (45.40 m of 8.50)
  ok   10 HOME apron:46:60 [mw5] clear of the user's Cub's routes  (45.40 m of 8.35)
  ok   10 HOME apron:46:60 [archaeopteryx] inside the field
  ok   10 HOME apron:46:60 [archaeopteryx] flat  (0.00 m of 0.60)
  ok   10 HOME apron:46:60 [archaeopteryx] dry
  ok   10 HOME apron:46:60 [archaeopteryx] clear of solid things  (12.87 m of 3.00 (prop s_club/fuel#pallet_one1))
  ok   10 HOME apron:46:60 [archaeopteryx] clear of stock build's routes  (45.40 m of 8.00)
  ok   10 HOME apron:46:60 [archaeopteryx] clear of aluminium C172's routes  (45.40 m of 8.50)
  ok   10 HOME apron:46:60 [archaeopteryx] clear of the user's Cub's routes  (45.40 m of 8.35)
  ok   10 HOME apron:46:60 [da62] inside the field
  ok   10 HOME apron:46:60 [da62] flat  (0.00 m of 0.60)
  ok   10 HOME apron:46:60 [da62] dry
  ok   10 HOME apron:46:60 [da62] clear of solid things  (11.69 m of 3.00 (prop s_club/fuel#pallet_one1))
  ok   10 HOME apron:46:60 [da62] clear of stock build's routes  (45.30 m of 8.00)
  ok   10 HOME apron:46:60 [da62] clear of aluminium C172's routes  (45.30 m of 8.50)
  ok   10 HOME apron:46:60 [da62] clear of the user's Cub's routes  (45.30 m of 8.35)
  ok   10 HOME apron:46:60 [twinBush] inside the field
  ok   10 HOME apron:46:60 [twinBush] flat  (0.00 m of 0.60)
  ok   10 HOME apron:46:60 [twinBush] dry
  ok   10 HOME apron:46:60 [twinBush] clear of solid things  (11.00 m of 3.00 (prop s_club/fuel#pallet_one1))
  ok   10 HOME apron:46:60 [twinBush] clear of stock build's routes  (45.30 m of 8.00)
  ok   10 HOME apron:46:60 [twinBush] clear of aluminium C172's routes  (45.30 m of 8.50)
  ok   10 HOME apron:46:60 [twinBush] clear of the user's Cub's routes  (45.30 m of 8.35)
  ok   10 HOME apron:46:60 [skymaster] inside the field
  ok   10 HOME apron:46:60 [skymaster] flat  (0.00 m of 0.60)
  ok   10 HOME apron:46:60 [skymaster] dry
  ok   10 HOME apron:46:60 [skymaster] clear of solid things  (12.68 m of 3.00 (prop s_club/fuel#pallet_one1))
  ok   10 HOME apron:46:60 [skymaster] clear of stock build's routes  (45.10 m of 8.00)
  ok   10 HOME apron:46:60 [skymaster] clear of aluminium C172's routes  (45.10 m of 8.50)
  ok   10 HOME apron:46:60 [skymaster] clear of the user's Cub's routes  (45.10 m of 8.35)
  ok   10 HOME apron:46:60 [p38] inside the field
  ok   10 HOME apron:46:60 [p38] flat  (0.00 m of 0.60)
  ok   10 HOME apron:46:60 [p38] dry
  ok   10 HOME apron:46:60 [p38] clear of solid things  (12.81 m of 3.00 (prop s_club/fuel#pallet_one1))
  ok   10 HOME apron:46:60 [p38] clear of stock build's routes  (45.30 m of 8.00)
  ok   10 HOME apron:46:60 [p38] clear of aluminium C172's routes  (45.30 m of 8.50)
  ok   10 HOME apron:46:60 [p38] clear of the user's Cub's routes  (45.30 m of 8.35)
  ok   10 HOME apron:46:60 [beaver] inside the field
  ok   10 HOME apron:46:60 [beaver] flat  (0.00 m of 0.60)
  ok   10 HOME apron:46:60 [beaver] dry
  ok   10 HOME apron:46:60 [beaver] clear of solid things  (11.27 m of 3.00 (prop s_club/fuel#pallet_one1))
  ok   10 HOME apron:46:60 [beaver] clear of stock build's routes  (45.00 m of 8.00)
  ok   10 HOME apron:46:60 [beaver] clear of aluminium C172's routes  (45.00 m of 8.50)
  ok   10 HOME apron:46:60 [beaver] clear of the user's Cub's routes  (45.00 m of 8.35)
  ok   10 HOME apron:46:60 [default] inside the field
  ok   10 HOME apron:46:60 [default] flat  (0.00 m of 0.60)
  ok   10 HOME apron:46:60 [default] dry
  ok   10 HOME apron:46:60 [default] clear of solid things  (11.86 m of 3.00 (prop s_club/fuel#pallet_one1))
  ok   10 HOME apron:46:60 [default] clear of stock build's routes  (44.40 m of 8.00)
  ok   10 HOME apron:46:60 [default] clear of aluminium C172's routes  (44.40 m of 8.50)
  ok   10 HOME apron:46:60 [default] clear of the user's Cub's routes  (44.40 m of 8.35)
  ok   10 HOME apron:46:285 [cub] inside the field
  ok   10 HOME apron:46:285 [cub] flat  (0.10 m of 0.60)
  ok   10 HOME apron:46:285 [cub] dry
  ok   10 HOME apron:46:285 [cub] clear of solid things  (10.98 m of 3.00 (prop ob:af_tx_van))
  ok   10 HOME apron:46:285 [cub] clear of stock build's routes  (17.89 m of 8.00)
  ok   10 HOME apron:46:285 [cub] clear of aluminium C172's routes  (17.89 m of 8.50)
  ok   10 HOME apron:46:285 [cub] clear of the user's Cub's routes  (17.89 m of 8.35)
  ok   10 HOME apron:46:285 [pietenpol] inside the field
  ok   10 HOME apron:46:285 [pietenpol] flat  (0.09 m of 0.60)
  ok   10 HOME apron:46:285 [pietenpol] dry
  ok   10 HOME apron:46:285 [pietenpol] clear of solid things  (11.98 m of 3.00 (prop ob:af_tx_van))
  ok   10 HOME apron:46:285 [pietenpol] clear of stock build's routes  (18.80 m of 8.00)
  ok   10 HOME apron:46:285 [pietenpol] clear of aluminium C172's routes  (18.80 m of 8.50)
  ok   10 HOME apron:46:285 [pietenpol] clear of the user's Cub's routes  (18.80 m of 8.35)
  ok   10 HOME apron:46:285 [tigermoth] inside the field
  ok   10 HOME apron:46:285 [tigermoth] flat  (0.10 m of 0.60)
  ok   10 HOME apron:46:285 [tigermoth] dry
  ok   10 HOME apron:46:285 [tigermoth] clear of solid things  (11.88 m of 3.00 (prop ob:af_tx_van))
  ok   10 HOME apron:46:285 [tigermoth] clear of stock build's routes  (18.74 m of 8.00)
  ok   10 HOME apron:46:285 [tigermoth] clear of aluminium C172's routes  (18.74 m of 8.50)
  ok   10 HOME apron:46:285 [tigermoth] clear of the user's Cub's routes  (18.74 m of 8.35)
  ok   10 HOME apron:46:285 [stearman] inside the field
  ok   10 HOME apron:46:285 [stearman] flat  (0.10 m of 0.60)
  ok   10 HOME apron:46:285 [stearman] dry
  ok   10 HOME apron:46:285 [stearman] clear of solid things  (11.48 m of 3.00 (prop ob:af_tx_van))
  ok   10 HOME apron:46:285 [stearman] clear of stock build's routes  (18.43 m of 8.00)
  ok   10 HOME apron:46:285 [stearman] clear of aluminium C172's routes  (18.43 m of 8.50)
  ok   10 HOME apron:46:285 [stearman] clear of the user's Cub's routes  (18.43 m of 8.35)
  ok   10 HOME apron:46:285 [pittsAlike] inside the field
  ok   10 HOME apron:46:285 [pittsAlike] flat  (0.07 m of 0.60)
  ok   10 HOME apron:46:285 [pittsAlike] dry
  ok   10 HOME apron:46:285 [pittsAlike] clear of solid things  (13.08 m of 3.00 (prop ob:af_tx_van))
  ok   10 HOME apron:46:285 [pittsAlike] clear of stock build's routes  (19.43 m of 8.00)
  ok   10 HOME apron:46:285 [pittsAlike] clear of aluminium C172's routes  (19.43 m of 8.50)
  ok   10 HOME apron:46:285 [pittsAlike] clear of the user's Cub's routes  (19.43 m of 8.35)
  ok   10 HOME apron:46:285 [sesqui] inside the field
  ok   10 HOME apron:46:285 [sesqui] flat  (0.10 m of 0.60)
  ok   10 HOME apron:46:285 [sesqui] dry
  ok   10 HOME apron:46:285 [sesqui] clear of solid things  (11.38 m of 3.00 (prop ob:af_tx_van))
  ok   10 HOME apron:46:285 [sesqui] clear of stock build's routes  (18.45 m of 8.00)
  ok   10 HOME apron:46:285 [sesqui] clear of aluminium C172's routes  (18.45 m of 8.50)
  ok   10 HOME apron:46:285 [sesqui] clear of the user's Cub's routes  (18.45 m of 8.35)
  ok   10 HOME apron:46:285 [jodel] inside the field
  ok   10 HOME apron:46:285 [jodel] flat  (0.08 m of 0.60)
  ok   10 HOME apron:46:285 [jodel] dry
  ok   10 HOME apron:46:285 [jodel] clear of solid things  (12.18 m of 3.00 (prop ob:af_tx_van))
  ok   10 HOME apron:46:285 [jodel] clear of stock build's routes  (18.50 m of 8.00)
  ok   10 HOME apron:46:285 [jodel] clear of aluminium C172's routes  (18.50 m of 8.50)
  ok   10 HOME apron:46:285 [jodel] clear of the user's Cub's routes  (18.50 m of 8.35)
  ok   10 HOME apron:46:285 [c172] inside the field
  ok   10 HOME apron:46:285 [c172] flat  (0.11 m of 0.60)
  ok   10 HOME apron:46:285 [c172] dry
  ok   10 HOME apron:46:285 [c172] clear of solid things  (10.88 m of 3.00 (prop ob:af_tx_van))
  ok   10 HOME apron:46:285 [c172] clear of stock build's routes  (17.67 m of 8.00)
  ok   10 HOME apron:46:285 [c172] clear of aluminium C172's routes  (17.67 m of 8.50)
  ok   10 HOME apron:46:285 [c172] clear of the user's Cub's routes  (17.67 m of 8.35)
  ok   10 HOME apron:46:285 [chinook] inside the field
  ok   10 HOME apron:46:285 [chinook] flat  (0.09 m of 0.60)
  ok   10 HOME apron:46:285 [chinook] dry
  ok   10 HOME apron:46:285 [chinook] clear of solid things  (11.48 m of 3.00 (prop ob:af_tx_van))
  ok   10 HOME apron:46:285 [chinook] clear of stock build's routes  (18.91 m of 8.00)
  ok   10 HOME apron:46:285 [chinook] clear of aluminium C172's routes  (18.91 m of 8.50)
  ok   10 HOME apron:46:285 [chinook] clear of the user's Cub's routes  (18.91 m of 8.35)
  ok   10 HOME apron:46:285 [caravan] inside the field
  ok   10 HOME apron:46:285 [caravan] flat  (0.12 m of 0.60)
  ok   10 HOME apron:46:285 [caravan] dry
  ok   10 HOME apron:46:285 [caravan] clear of solid things  (9.38 m of 3.00 (prop ob:af_tx_van))
  ok   10 HOME apron:46:285 [caravan] clear of stock build's routes  (16.32 m of 8.00)
  ok   10 HOME apron:46:285 [caravan] clear of aluminium C172's routes  (16.32 m of 8.50)
  ok   10 HOME apron:46:285 [caravan] clear of the user's Cub's routes  (16.32 m of 8.35)
  ok   10 HOME apron:46:285 [rv] inside the field
  ok   10 HOME apron:46:285 [rv] flat  (0.10 m of 0.60)
  ok   10 HOME apron:46:285 [rv] dry
  ok   10 HOME apron:46:285 [rv] clear of solid things  (11.48 m of 3.00 (prop ob:af_tx_van))
  ok   10 HOME apron:46:285 [rv] clear of stock build's routes  (18.51 m of 8.00)
  ok   10 HOME apron:46:285 [rv] clear of aluminium C172's routes  (18.51 m of 8.50)
  ok   10 HOME apron:46:285 [rv] clear of the user's Cub's routes  (18.51 m of 8.35)
  ok   10 HOME apron:46:285 [savannah] inside the field
  ok   10 HOME apron:46:285 [savannah] flat  (0.09 m of 0.60)
  ok   10 HOME apron:46:285 [savannah] dry
  ok   10 HOME apron:46:285 [savannah] clear of solid things  (11.78 m of 3.00 (prop ob:af_tx_van))
  ok   10 HOME apron:46:285 [savannah] clear of stock build's routes  (18.68 m of 8.00)
  ok   10 HOME apron:46:285 [savannah] clear of aluminium C172's routes  (18.68 m of 8.50)
  ok   10 HOME apron:46:285 [savannah] clear of the user's Cub's routes  (18.68 m of 8.35)
  ok   10 HOME apron:46:285 [ul1] inside the field
  ok   10 HOME apron:46:285 [ul1] flat  (0.09 m of 0.60)
  ok   10 HOME apron:46:285 [ul1] dry
  ok   10 HOME apron:46:285 [ul1] clear of solid things  (11.68 m of 3.00 (prop ob:af_tx_van))
  ok   10 HOME apron:46:285 [ul1] clear of stock build's routes  (18.62 m of 8.00)
  ok   10 HOME apron:46:285 [ul1] clear of aluminium C172's routes  (18.62 m of 8.50)
  ok   10 HOME apron:46:285 [ul1] clear of the user's Cub's routes  (18.62 m of 8.35)
  ok   10 HOME apron:46:285 [floatplane] inside the field
  ok   10 HOME apron:46:285 [floatplane] flat  (0.11 m of 0.60)
  ok   10 HOME apron:46:285 [floatplane] dry
  ok   10 HOME apron:46:285 [floatplane] clear of solid things  (10.48 m of 3.00 (prop ob:af_tx_van))
  ok   10 HOME apron:46:285 [floatplane] clear of stock build's routes  (17.69 m of 8.00)
  ok   10 HOME apron:46:285 [floatplane] clear of aluminium C172's routes  (17.69 m of 8.50)
  ok   10 HOME apron:46:285 [floatplane] clear of the user's Cub's routes  (17.69 m of 8.35)
  ok   10 HOME apron:46:285 [pusherPod] inside the field
  ok   10 HOME apron:46:285 [pusherPod] flat  (0.10 m of 0.60)
  ok   10 HOME apron:46:285 [pusherPod] dry
  ok   10 HOME apron:46:285 [pusherPod] clear of solid things  (11.78 m of 3.00 (prop ob:af_tx_van))
  ok   10 HOME apron:46:285 [pusherPod] clear of stock build's routes  (18.93 m of 8.00)
  ok   10 HOME apron:46:285 [pusherPod] clear of aluminium C172's routes  (18.93 m of 8.50)
  ok   10 HOME apron:46:285 [pusherPod] clear of the user's Cub's routes  (18.93 m of 8.35)
  ok   10 HOME apron:46:285 [motorglider] inside the field
  ok   10 HOME apron:46:285 [motorglider] flat  (0.10 m of 0.60)
  ok   10 HOME apron:46:285 [motorglider] dry
  ok   10 HOME apron:46:285 [motorglider] clear of solid things  (9.88 m of 3.00 (prop ob:af_tx_van))
  ok   10 HOME apron:46:285 [motorglider] clear of stock build's routes  (17.59 m of 8.00)
  ok   10 HOME apron:46:285 [motorglider] clear of aluminium C172's routes  (17.59 m of 8.50)
  ok   10 HOME apron:46:285 [motorglider] clear of the user's Cub's routes  (17.59 m of 8.35)
  ok   10 HOME apron:46:285 [radial] inside the field
  ok   10 HOME apron:46:285 [radial] flat  (0.11 m of 0.60)
  ok   10 HOME apron:46:285 [radial] dry
  ok   10 HOME apron:46:285 [radial] clear of solid things  (10.88 m of 3.00 (prop ob:af_tx_van))
  ok   10 HOME apron:46:285 [radial] clear of stock build's routes  (18.16 m of 8.00)
  ok   10 HOME apron:46:285 [radial] clear of aluminium C172's routes  (18.16 m of 8.50)
  ok   10 HOME apron:46:285 [radial] clear of the user's Cub's routes  (18.16 m of 8.35)
  ok   10 HOME apron:46:285 [etrainer] inside the field
  ok   10 HOME apron:46:285 [etrainer] flat  (0.10 m of 0.60)
  ok   10 HOME apron:46:285 [etrainer] dry
  ok   10 HOME apron:46:285 [etrainer] clear of solid things  (11.88 m of 3.00 (prop ob:af_tx_van))
  ok   10 HOME apron:46:285 [etrainer] clear of stock build's routes  (18.74 m of 8.00)
  ok   10 HOME apron:46:285 [etrainer] clear of aluminium C172's routes  (18.74 m of 8.50)
  ok   10 HOME apron:46:285 [etrainer] clear of the user's Cub's routes  (18.74 m of 8.35)
  ok   10 HOME apron:46:285 [ttail] inside the field
  ok   10 HOME apron:46:285 [ttail] flat  (0.11 m of 0.60)
  ok   10 HOME apron:46:285 [ttail] dry
  ok   10 HOME apron:46:285 [ttail] clear of solid things  (10.88 m of 3.00 (prop ob:af_tx_van))
  ok   10 HOME apron:46:285 [ttail] clear of stock build's routes  (18.16 m of 8.00)
  ok   10 HOME apron:46:285 [ttail] clear of aluminium C172's routes  (18.16 m of 8.50)
  ok   10 HOME apron:46:285 [ttail] clear of the user's Cub's routes  (18.16 m of 8.35)
  ok   10 HOME apron:46:285 [vtail] inside the field
  ok   10 HOME apron:46:285 [vtail] flat  (0.11 m of 0.60)
  ok   10 HOME apron:46:285 [vtail] dry
  ok   10 HOME apron:46:285 [vtail] clear of solid things  (10.88 m of 3.00 (prop ob:af_tx_van))
  ok   10 HOME apron:46:285 [vtail] clear of stock build's routes  (18.16 m of 8.00)
  ok   10 HOME apron:46:285 [vtail] clear of aluminium C172's routes  (18.16 m of 8.50)
  ok   10 HOME apron:46:285 [vtail] clear of the user's Cub's routes  (18.16 m of 8.35)
  ok   10 HOME apron:46:285 [mw5] inside the field
  ok   10 HOME apron:46:285 [mw5] flat  (0.10 m of 0.60)
  ok   10 HOME apron:46:285 [mw5] dry
  ok   10 HOME apron:46:285 [mw5] clear of solid things  (11.68 m of 3.00 (prop ob:af_tx_van))
  ok   10 HOME apron:46:285 [mw5] clear of stock build's routes  (18.87 m of 8.00)
  ok   10 HOME apron:46:285 [mw5] clear of aluminium C172's routes  (18.87 m of 8.50)
  ok   10 HOME apron:46:285 [mw5] clear of the user's Cub's routes  (18.87 m of 8.35)
  ok   10 HOME apron:46:285 [archaeopteryx] inside the field
  ok   10 HOME apron:46:285 [archaeopteryx] flat  (0.10 m of 0.60)
  ok   10 HOME apron:46:285 [archaeopteryx] dry
  ok   10 HOME apron:46:285 [archaeopteryx] clear of solid things  (10.88 m of 3.00 (prop ob:af_tx_van))
  ok   10 HOME apron:46:285 [archaeopteryx] clear of stock build's routes  (18.41 m of 8.00)
  ok   10 HOME apron:46:285 [archaeopteryx] clear of aluminium C172's routes  (18.41 m of 8.50)
  ok   10 HOME apron:46:285 [archaeopteryx] clear of the user's Cub's routes  (18.41 m of 8.35)
  ok   10 HOME apron:46:285 [da62] inside the field
  ok   10 HOME apron:46:285 [da62] flat  (0.12 m of 0.60)
  ok   10 HOME apron:46:285 [da62] dry
  ok   10 HOME apron:46:285 [da62] clear of solid things  (9.38 m of 3.00 (prop ob:af_tx_van))
  ok   10 HOME apron:46:285 [da62] clear of stock build's routes  (17.47 m of 8.00)
  ok   10 HOME apron:46:285 [da62] clear of aluminium C172's routes  (17.47 m of 8.50)
  ok   10 HOME apron:46:285 [da62] clear of the user's Cub's routes  (17.47 m of 8.35)
  ok   10 HOME apron:46:285 [twinBush] inside the field
  ok   10 HOME apron:46:285 [twinBush] flat  (0.14 m of 0.60)
  ok   10 HOME apron:46:285 [twinBush] dry
  ok   10 HOME apron:46:285 [twinBush] clear of solid things  (8.38 m of 3.00 (prop ob:af_tx_van))
  ok   10 HOME apron:46:285 [twinBush] clear of stock build's routes  (16.89 m of 8.00)
  ok   10 HOME apron:46:285 [twinBush] clear of aluminium C172's routes  (16.89 m of 8.50)
  ok   10 HOME apron:46:285 [twinBush] clear of the user's Cub's routes  (16.89 m of 8.35)
  ok   10 HOME apron:46:285 [skymaster] inside the field
  ok   10 HOME apron:46:285 [skymaster] flat  (0.10 m of 0.60)
  ok   10 HOME apron:46:285 [skymaster] dry
  ok   10 HOME apron:46:285 [skymaster] clear of solid things  (10.88 m of 3.00 (prop ob:af_tx_van))
  ok   10 HOME apron:46:285 [skymaster] clear of stock build's routes  (18.16 m of 8.00)
  ok   10 HOME apron:46:285 [skymaster] clear of aluminium C172's routes  (18.16 m of 8.50)
  ok   10 HOME apron:46:285 [skymaster] clear of the user's Cub's routes  (18.16 m of 8.35)
  ok   10 HOME apron:46:285 [p38] inside the field
  ok   10 HOME apron:46:285 [p38] flat  (0.10 m of 0.60)
  ok   10 HOME apron:46:285 [p38] dry
  ok   10 HOME apron:46:285 [p38] clear of solid things  (10.88 m of 3.00 (prop ob:af_tx_van))
  ok   10 HOME apron:46:285 [p38] clear of stock build's routes  (18.33 m of 8.00)
  ok   10 HOME apron:46:285 [p38] clear of aluminium C172's routes  (18.33 m of 8.50)
  ok   10 HOME apron:46:285 [p38] clear of the user's Cub's routes  (18.33 m of 8.35)
  ok   10 HOME apron:46:285 [beaver] inside the field
  ok   10 HOME apron:46:285 [beaver] flat  (0.12 m of 0.60)
  ok   10 HOME apron:46:285 [beaver] dry
  ok   10 HOME apron:46:285 [beaver] clear of solid things  (9.08 m of 3.00 (prop ob:af_tx_van))
  ok   10 HOME apron:46:285 [beaver] clear of stock build's routes  (17.05 m of 8.00)
  ok   10 HOME apron:46:285 [beaver] clear of aluminium C172's routes  (17.05 m of 8.50)
  ok   10 HOME apron:46:285 [beaver] clear of the user's Cub's routes  (17.05 m of 8.35)
  ok   10 HOME apron:46:285 [default] inside the field
  ok   10 HOME apron:46:285 [default] flat  (0.12 m of 0.60)
  ok   10 HOME apron:46:285 [default] dry
  ok   10 HOME apron:46:285 [default] clear of solid things  (10.38 m of 3.00 (prop ob:af_tx_van))
  ok   10 HOME apron:46:285 [default] clear of stock build's routes  (17.30 m of 8.00)
  ok   10 HOME apron:46:285 [default] clear of aluminium C172's routes  (17.30 m of 8.50)
  ok   10 HOME apron:46:285 [default] clear of the user's Cub's routes  (17.30 m of 8.35)
  ok   10 HOME apron:46:330 [cub] inside the field
  ok   10 HOME apron:46:330 [cub] flat  (0.08 m of 0.60)
  ok   10 HOME apron:46:330 [cub] dry
  ok   10 HOME apron:46:330 [cub] clear of solid things  (12.70 m of 3.00 (prop ob:af_tx_pallet))
  ok   10 HOME apron:46:330 [cub] clear of stock build's routes  (38.22 m of 8.00)
  ok   10 HOME apron:46:330 [cub] clear of aluminium C172's routes  (38.22 m of 8.50)
  ok   10 HOME apron:46:330 [cub] clear of the user's Cub's routes  (38.22 m of 8.35)
  ok   10 HOME apron:46:330 [pietenpol] inside the field
  ok   10 HOME apron:46:330 [pietenpol] flat  (0.07 m of 0.60)
  ok   10 HOME apron:46:330 [pietenpol] dry
  ok   10 HOME apron:46:330 [pietenpol] clear of solid things  (13.70 m of 3.00 (prop ob:af_tx_pallet))
  ok   10 HOME apron:46:330 [pietenpol] clear of stock build's routes  (39.00 m of 8.00)
  ok   10 HOME apron:46:330 [pietenpol] clear of aluminium C172's routes  (39.00 m of 8.50)
  ok   10 HOME apron:46:330 [pietenpol] clear of the user's Cub's routes  (39.00 m of 8.35)
  ok   10 HOME apron:46:330 [tigermoth] inside the field
  ok   10 HOME apron:46:330 [tigermoth] flat  (0.07 m of 0.60)
  ok   10 HOME apron:46:330 [tigermoth] dry
  ok   10 HOME apron:46:330 [tigermoth] clear of solid things  (13.60 m of 3.00 (prop ob:af_tx_pallet))
  ok   10 HOME apron:46:330 [tigermoth] clear of stock build's routes  (38.96 m of 8.00)
  ok   10 HOME apron:46:330 [tigermoth] clear of aluminium C172's routes  (38.96 m of 8.50)
  ok   10 HOME apron:46:330 [tigermoth] clear of the user's Cub's routes  (38.96 m of 8.35)
  ok   10 HOME apron:46:330 [stearman] inside the field
  ok   10 HOME apron:46:330 [stearman] flat  (0.08 m of 0.60)
  ok   10 HOME apron:46:330 [stearman] dry
  ok   10 HOME apron:46:330 [stearman] clear of solid things  (13.20 m of 3.00 (prop ob:af_tx_pallet))
  ok   10 HOME apron:46:330 [stearman] clear of stock build's routes  (38.70 m of 8.00)
  ok   10 HOME apron:46:330 [stearman] clear of aluminium C172's routes  (38.70 m of 8.50)
  ok   10 HOME apron:46:330 [stearman] clear of the user's Cub's routes  (38.70 m of 8.35)
  ok   10 HOME apron:46:330 [pittsAlike] inside the field
  ok   10 HOME apron:46:330 [pittsAlike] flat  (0.06 m of 0.60)
  ok   10 HOME apron:46:330 [pittsAlike] dry
  ok   10 HOME apron:46:330 [pittsAlike] clear of solid things  (14.83 m of 3.00 (prop ob:af_tx_pallet))
  ok   10 HOME apron:46:330 [pittsAlike] clear of stock build's routes  (39.47 m of 8.00)
  ok   10 HOME apron:46:330 [pittsAlike] clear of aluminium C172's routes  (39.47 m of 8.50)
  ok   10 HOME apron:46:330 [pittsAlike] clear of the user's Cub's routes  (39.47 m of 8.35)
  ok   10 HOME apron:46:330 [sesqui] inside the field
  ok   10 HOME apron:46:330 [sesqui] flat  (0.08 m of 0.60)
  ok   10 HOME apron:46:330 [sesqui] dry
  ok   10 HOME apron:46:330 [sesqui] clear of solid things  (13.10 m of 3.00 (prop ob:af_tx_pallet))
  ok   10 HOME apron:46:330 [sesqui] clear of stock build's routes  (38.75 m of 8.00)
  ok   10 HOME apron:46:330 [sesqui] clear of aluminium C172's routes  (38.75 m of 8.50)
  ok   10 HOME apron:46:330 [sesqui] clear of the user's Cub's routes  (38.75 m of 8.35)
  ok   10 HOME apron:46:330 [jodel] inside the field
  ok   10 HOME apron:46:330 [jodel] flat  (0.07 m of 0.60)
  ok   10 HOME apron:46:330 [jodel] dry
  ok   10 HOME apron:46:330 [jodel] clear of solid things  (13.92 m of 3.00 (prop ob:af_tx_pallet))
  ok   10 HOME apron:46:330 [jodel] clear of stock build's routes  (38.64 m of 8.00)
  ok   10 HOME apron:46:330 [jodel] clear of aluminium C172's routes  (38.64 m of 8.50)
  ok   10 HOME apron:46:330 [jodel] clear of the user's Cub's routes  (38.64 m of 8.35)
  ok   10 HOME apron:46:330 [c172] inside the field
  ok   10 HOME apron:46:330 [c172] flat  (0.09 m of 0.60)
  ok   10 HOME apron:46:330 [c172] dry
  ok   10 HOME apron:46:330 [c172] clear of solid things  (12.60 m of 3.00 (prop ob:af_tx_pallet))
  ok   10 HOME apron:46:330 [c172] clear of stock build's routes  (38.00 m of 8.00)
  ok   10 HOME apron:46:330 [c172] clear of aluminium C172's routes  (38.00 m of 8.50)
  ok   10 HOME apron:46:330 [c172] clear of the user's Cub's routes  (38.00 m of 8.35)
  ok   10 HOME apron:46:330 [chinook] inside the field
  ok   10 HOME apron:46:330 [chinook] flat  (0.07 m of 0.60)
  ok   10 HOME apron:46:330 [chinook] dry
  ok   10 HOME apron:46:330 [chinook] clear of solid things  (13.20 m of 3.00 (prop ob:af_tx_pallet))
  ok   10 HOME apron:46:330 [chinook] clear of stock build's routes  (39.25 m of 8.00)
  ok   10 HOME apron:46:330 [chinook] clear of aluminium C172's routes  (39.25 m of 8.50)
  ok   10 HOME apron:46:330 [chinook] clear of the user's Cub's routes  (39.25 m of 8.35)
  ok   10 HOME apron:46:330 [caravan] inside the field
  ok   10 HOME apron:46:330 [caravan] flat  (0.11 m of 0.60)
  ok   10 HOME apron:46:330 [caravan] dry
  ok   10 HOME apron:46:330 [caravan] clear of solid things  (11.10 m of 3.00 (prop ob:af_tx_pallet))
  ok   10 HOME apron:46:330 [caravan] clear of stock build's routes  (36.85 m of 8.00)
  ok   10 HOME apron:46:330 [caravan] clear of aluminium C172's routes  (36.85 m of 8.50)
  ok   10 HOME apron:46:330 [caravan] clear of the user's Cub's routes  (36.85 m of 8.35)
  ok   10 HOME apron:46:330 [rv] inside the field
  ok   10 HOME apron:46:330 [rv] flat  (0.08 m of 0.60)
  ok   10 HOME apron:46:330 [rv] dry
  ok   10 HOME apron:46:330 [rv] clear of solid things  (13.20 m of 3.00 (prop ob:af_tx_pallet))
  ok   10 HOME apron:46:330 [rv] clear of stock build's routes  (38.79 m of 8.00)
  ok   10 HOME apron:46:330 [rv] clear of aluminium C172's routes  (38.79 m of 8.50)
  ok   10 HOME apron:46:330 [rv] clear of the user's Cub's routes  (38.79 m of 8.35)
  ok   10 HOME apron:46:330 [savannah] inside the field
  ok   10 HOME apron:46:330 [savannah] flat  (0.07 m of 0.60)
  ok   10 HOME apron:46:330 [savannah] dry
  ok   10 HOME apron:46:330 [savannah] clear of solid things  (13.50 m of 3.00 (prop ob:af_tx_pallet))
  ok   10 HOME apron:46:330 [savannah] clear of stock build's routes  (38.92 m of 8.00)
  ok   10 HOME apron:46:330 [savannah] clear of aluminium C172's routes  (38.92 m of 8.50)
  ok   10 HOME apron:46:330 [savannah] clear of the user's Cub's routes  (38.92 m of 8.35)
  ok   10 HOME apron:46:330 [ul1] inside the field
  ok   10 HOME apron:46:330 [ul1] flat  (0.07 m of 0.60)
  ok   10 HOME apron:46:330 [ul1] dry
  ok   10 HOME apron:46:330 [ul1] clear of solid things  (13.40 m of 3.00 (prop ob:af_tx_pallet))
  ok   10 HOME apron:46:330 [ul1] clear of stock build's routes  (38.88 m of 8.00)
  ok   10 HOME apron:46:330 [ul1] clear of aluminium C172's routes  (38.88 m of 8.50)
  ok   10 HOME apron:46:330 [ul1] clear of the user's Cub's routes  (38.88 m of 8.35)
  ok   10 HOME apron:46:330 [floatplane] inside the field
  ok   10 HOME apron:46:330 [floatplane] flat  (0.09 m of 0.60)
  ok   10 HOME apron:46:330 [floatplane] dry
  ok   10 HOME apron:46:330 [floatplane] clear of solid things  (12.20 m of 3.00 (prop ob:af_tx_pallet))
  ok   10 HOME apron:46:330 [floatplane] clear of stock build's routes  (38.11 m of 8.00)
  ok   10 HOME apron:46:330 [floatplane] clear of aluminium C172's routes  (38.11 m of 8.50)
  ok   10 HOME apron:46:330 [floatplane] clear of the user's Cub's routes  (38.11 m of 8.35)
  ok   10 HOME apron:46:330 [pusherPod] inside the field
  ok   10 HOME apron:46:330 [pusherPod] flat  (0.07 m of 0.60)
  ok   10 HOME apron:46:330 [pusherPod] dry
  ok   10 HOME apron:46:330 [pusherPod] clear of solid things  (13.50 m of 3.00 (prop ob:af_tx_pallet))
  ok   10 HOME apron:46:330 [pusherPod] clear of stock build's routes  (39.19 m of 8.00)
  ok   10 HOME apron:46:330 [pusherPod] clear of aluminium C172's routes  (39.19 m of 8.50)
  ok   10 HOME apron:46:330 [pusherPod] clear of the user's Cub's routes  (39.19 m of 8.35)
  ok   10 HOME apron:46:330 [motorglider] inside the field
  ok   10 HOME apron:46:330 [motorglider] flat  (0.08 m of 0.60)
  ok   10 HOME apron:46:330 [motorglider] dry
  ok   10 HOME apron:46:330 [motorglider] clear of solid things  (11.60 m of 3.00 (prop ob:af_tx_pallet))
  ok   10 HOME apron:46:330 [motorglider] clear of stock build's routes  (38.15 m of 8.00)
  ok   10 HOME apron:46:330 [motorglider] clear of aluminium C172's routes  (38.15 m of 8.50)
  ok   10 HOME apron:46:330 [motorglider] clear of the user's Cub's routes  (38.15 m of 8.35)
  ok   10 HOME apron:46:330 [radial] inside the field
  ok   10 HOME apron:46:330 [radial] flat  (0.08 m of 0.60)
  ok   10 HOME apron:46:330 [radial] dry
  ok   10 HOME apron:46:330 [radial] clear of solid things  (12.60 m of 3.00 (prop ob:af_tx_pallet))
  ok   10 HOME apron:46:330 [radial] clear of stock build's routes  (38.54 m of 8.00)
  ok   10 HOME apron:46:330 [radial] clear of aluminium C172's routes  (38.54 m of 8.50)
  ok   10 HOME apron:46:330 [radial] clear of the user's Cub's routes  (38.54 m of 8.35)
  ok   10 HOME apron:46:330 [etrainer] inside the field
  ok   10 HOME apron:46:330 [etrainer] flat  (0.07 m of 0.60)
  ok   10 HOME apron:46:330 [etrainer] dry
  ok   10 HOME apron:46:330 [etrainer] clear of solid things  (13.60 m of 3.00 (prop ob:af_tx_pallet))
  ok   10 HOME apron:46:330 [etrainer] clear of stock build's routes  (38.96 m of 8.00)
  ok   10 HOME apron:46:330 [etrainer] clear of aluminium C172's routes  (38.96 m of 8.50)
  ok   10 HOME apron:46:330 [etrainer] clear of the user's Cub's routes  (38.96 m of 8.35)
  ok   10 HOME apron:46:330 [ttail] inside the field
  ok   10 HOME apron:46:330 [ttail] flat  (0.08 m of 0.60)
  ok   10 HOME apron:46:330 [ttail] dry
  ok   10 HOME apron:46:330 [ttail] clear of solid things  (12.60 m of 3.00 (prop ob:af_tx_pallet))
  ok   10 HOME apron:46:330 [ttail] clear of stock build's routes  (38.54 m of 8.00)
  ok   10 HOME apron:46:330 [ttail] clear of aluminium C172's routes  (38.54 m of 8.50)
  ok   10 HOME apron:46:330 [ttail] clear of the user's Cub's routes  (38.54 m of 8.35)
  ok   10 HOME apron:46:330 [vtail] inside the field
  ok   10 HOME apron:46:330 [vtail] flat  (0.08 m of 0.60)
  ok   10 HOME apron:46:330 [vtail] dry
  ok   10 HOME apron:46:330 [vtail] clear of solid things  (12.60 m of 3.00 (prop ob:af_tx_pallet))
  ok   10 HOME apron:46:330 [vtail] clear of stock build's routes  (38.54 m of 8.00)
  ok   10 HOME apron:46:330 [vtail] clear of aluminium C172's routes  (38.54 m of 8.50)
  ok   10 HOME apron:46:330 [vtail] clear of the user's Cub's routes  (38.54 m of 8.35)
  ok   10 HOME apron:46:330 [mw5] inside the field
  ok   10 HOME apron:46:330 [mw5] flat  (0.07 m of 0.60)
  ok   10 HOME apron:46:330 [mw5] dry
  ok   10 HOME apron:46:330 [mw5] clear of solid things  (13.40 m of 3.00 (prop ob:af_tx_pallet))
  ok   10 HOME apron:46:330 [mw5] clear of stock build's routes  (39.15 m of 8.00)
  ok   10 HOME apron:46:330 [mw5] clear of aluminium C172's routes  (39.15 m of 8.50)
  ok   10 HOME apron:46:330 [mw5] clear of the user's Cub's routes  (39.15 m of 8.35)
  ok   10 HOME apron:46:330 [archaeopteryx] inside the field
  ok   10 HOME apron:46:330 [archaeopteryx] flat  (0.08 m of 0.60)
  ok   10 HOME apron:46:330 [archaeopteryx] dry
  ok   10 HOME apron:46:330 [archaeopteryx] clear of solid things  (12.60 m of 3.00 (prop ob:af_tx_pallet))
  ok   10 HOME apron:46:330 [archaeopteryx] clear of stock build's routes  (38.82 m of 8.00)
  ok   10 HOME apron:46:330 [archaeopteryx] clear of aluminium C172's routes  (38.82 m of 8.50)
  ok   10 HOME apron:46:330 [archaeopteryx] clear of the user's Cub's routes  (38.82 m of 8.35)
  ok   10 HOME apron:46:330 [da62] inside the field
  ok   10 HOME apron:46:330 [da62] flat  (0.09 m of 0.60)
  ok   10 HOME apron:46:330 [da62] dry
  ok   10 HOME apron:46:330 [da62] clear of solid things  (11.10 m of 3.00 (prop ob:af_tx_pallet))
  ok   10 HOME apron:46:330 [da62] clear of stock build's routes  (38.14 m of 8.00)
  ok   10 HOME apron:46:330 [da62] clear of aluminium C172's routes  (38.14 m of 8.50)
  ok   10 HOME apron:46:330 [da62] clear of the user's Cub's routes  (38.14 m of 8.35)
  ok   10 HOME apron:46:330 [twinBush] inside the field
  ok   10 HOME apron:46:330 [twinBush] flat  (0.12 m of 0.60)
  ok   10 HOME apron:46:330 [twinBush] dry
  ok   10 HOME apron:46:330 [twinBush] clear of solid things  (10.10 m of 3.00 (prop ob:af_tx_pallet))
  ok   10 HOME apron:46:330 [twinBush] clear of stock build's routes  (37.75 m of 8.00)
  ok   10 HOME apron:46:330 [twinBush] clear of aluminium C172's routes  (37.75 m of 8.50)
  ok   10 HOME apron:46:330 [twinBush] clear of the user's Cub's routes  (37.75 m of 8.35)
  ok   10 HOME apron:46:330 [skymaster] inside the field
  ok   10 HOME apron:46:330 [skymaster] flat  (0.08 m of 0.60)
  ok   10 HOME apron:46:330 [skymaster] dry
  ok   10 HOME apron:46:330 [skymaster] clear of solid things  (12.60 m of 3.00 (prop ob:af_tx_pallet))
  ok   10 HOME apron:46:330 [skymaster] clear of stock build's routes  (38.54 m of 8.00)
  ok   10 HOME apron:46:330 [skymaster] clear of aluminium C172's routes  (38.54 m of 8.50)
  ok   10 HOME apron:46:330 [skymaster] clear of the user's Cub's routes  (38.54 m of 8.35)
  ok   10 HOME apron:46:330 [p38] inside the field
  ok   10 HOME apron:46:330 [p38] flat  (0.08 m of 0.60)
  ok   10 HOME apron:46:330 [p38] dry
  ok   10 HOME apron:46:330 [p38] clear of solid things  (12.60 m of 3.00 (prop ob:af_tx_pallet))
  ok   10 HOME apron:46:330 [p38] clear of stock build's routes  (38.73 m of 8.00)
  ok   10 HOME apron:46:330 [p38] clear of aluminium C172's routes  (38.73 m of 8.50)
  ok   10 HOME apron:46:330 [p38] clear of the user's Cub's routes  (38.73 m of 8.35)
  ok   10 HOME apron:46:330 [beaver] inside the field
  ok   10 HOME apron:46:330 [beaver] flat  (0.10 m of 0.60)
  ok   10 HOME apron:46:330 [beaver] dry
  ok   10 HOME apron:46:330 [beaver] clear of solid things  (10.80 m of 3.00 (prop ob:af_tx_pallet))
  ok   10 HOME apron:46:330 [beaver] clear of stock build's routes  (37.74 m of 8.00)
  ok   10 HOME apron:46:330 [beaver] clear of aluminium C172's routes  (37.74 m of 8.50)
  ok   10 HOME apron:46:330 [beaver] clear of the user's Cub's routes  (37.74 m of 8.35)
  ok   10 HOME apron:46:330 [default] inside the field
  ok   10 HOME apron:46:330 [default] flat  (0.10 m of 0.60)
  ok   10 HOME apron:46:330 [default] dry
  ok   10 HOME apron:46:330 [default] clear of solid things  (12.10 m of 3.00 (prop ob:af_tx_pallet))
  ok   10 HOME apron:46:330 [default] clear of stock build's routes  (37.70 m of 8.00)
  ok   10 HOME apron:46:330 [default] clear of aluminium C172's routes  (37.70 m of 8.50)
  ok   10 HOME apron:46:330 [default] clear of the user's Cub's routes  (37.70 m of 8.35)
  ok   10 HOME stand:af_m_park:5 / apron:22:0 [capacity] not overlapping  (61.25 m of 1.50)
  ok   10 HOME stand:af_m_park:5 / apron:22:75 [capacity] not overlapping  (31.63 m of 1.50)
  ok   10 HOME stand:af_m_park:5 / apron:22:210 [capacity] not overlapping  (60.55 m of 1.50)
  ok   10 HOME stand:af_m_park:5 / apron:34:0 [capacity] not overlapping  (69.05 m of 1.50)
  ok   10 HOME stand:af_m_park:5 / apron:34:60 [capacity] not overlapping  (34.31 m of 1.50)
  ok   10 HOME stand:af_m_park:5 / apron:34:300 [capacity] not overlapping  (89.99 m of 1.50)
  ok   10 HOME stand:af_m_park:5 / apron:46:0 [capacity] not overlapping  (77.88 m of 1.50)
  ok   10 HOME stand:af_m_park:5 / apron:46:30 [capacity] not overlapping  (56.73 m of 1.50)
  ok   10 HOME stand:af_m_park:5 / apron:46:60 [capacity] not overlapping  (32.08 m of 1.50)
  ok   10 HOME stand:af_m_park:5 / apron:46:285 [capacity] not overlapping  (103.53 m of 1.50)
  ok   10 HOME stand:af_m_park:5 / apron:46:330 [capacity] not overlapping  (93.00 m of 1.50)
  ok   10 HOME apron:22:0 / apron:22:75 [capacity] not overlapping  (11.53 m of 1.50)
  ok   10 HOME apron:22:0 / apron:22:210 [capacity] not overlapping  (34.30 m of 1.50)
  ok   10 HOME apron:22:0 / apron:34:0 [capacity] not overlapping  (2.80 m of 1.50)
  ok   10 HOME apron:22:0 / apron:34:60 [capacity] not overlapping  (15.62 m of 1.50)
  ok   10 HOME apron:22:0 / apron:34:300 [capacity] not overlapping  (15.63 m of 1.50)
  ok   10 HOME apron:22:0 / apron:46:0 [capacity] not overlapping  (14.80 m of 1.50)
  ok   10 HOME apron:22:0 / apron:46:30 [capacity] not overlapping  (14.70 m of 1.50)
  ok   10 HOME apron:22:0 / apron:46:60 [capacity] not overlapping  (26.02 m of 1.50)
  ok   10 HOME apron:22:0 / apron:46:285 [capacity] not overlapping  (32.35 m of 1.50)
  ok   10 HOME apron:22:0 / apron:46:330 [capacity] not overlapping  (14.70 m of 1.50)
  ok   10 HOME apron:22:75 / apron:22:210 [capacity] not overlapping  (30.65 m of 1.50)
  ok   10 HOME apron:22:75 / apron:34:0 [capacity] not overlapping  (21.11 m of 1.50)
  ok   10 HOME apron:22:75 / apron:34:60 [capacity] not overlapping  (1.72 m of 1.50)
  ok   10 HOME apron:22:75 / apron:34:300 [capacity] not overlapping  (41.99 m of 1.50)
  ok   10 HOME apron:22:75 / apron:46:0 [capacity] not overlapping  (32.34 m of 1.50)
  ok   10 HOME apron:22:75 / apron:46:30 [capacity] not overlapping  (18.97 m of 1.50)
  ok   10 HOME apron:22:75 / apron:46:60 [capacity] not overlapping  (13.72 m of 1.50)
  ok   10 HOME apron:22:75 / apron:46:285 [capacity] not overlapping  (57.82 m of 1.50)
  ok   10 HOME apron:22:75 / apron:46:330 [capacity] not overlapping  (43.41 m of 1.50)
  ok   10 HOME apron:22:210 / apron:34:0 [capacity] not overlapping  (46.00 m of 1.50)
  ok   10 HOME apron:22:210 / apron:34:60 [capacity] not overlapping  (46.00 m of 1.50)
  ok   10 HOME apron:22:210 / apron:34:300 [capacity] not overlapping  (26.70 m of 1.50)
  ok   10 HOME apron:22:210 / apron:46:0 [capacity] not overlapping  (57.82 m of 1.50)
  ok   10 HOME apron:22:210 / apron:46:30 [capacity] not overlapping  (63.80 m of 1.50)
  ok   10 HOME apron:22:210 / apron:46:60 [capacity] not overlapping  (57.82 m of 1.50)
  ok   10 HOME apron:22:210 / apron:46:285 [capacity] not overlapping  (32.34 m of 1.50)
  ok   10 HOME apron:22:210 / apron:46:330 [capacity] not overlapping  (48.75 m of 1.50)
  ok   10 HOME apron:34:0 / apron:34:60 [capacity] not overlapping  (18.04 m of 1.50)
  ok   10 HOME apron:34:0 / apron:34:300 [capacity] not overlapping  (18.04 m of 1.50)
  ok   10 HOME apron:34:0 / apron:46:0 [capacity] not overlapping  (2.80 m of 1.50)
  ok   10 HOME apron:34:0 / apron:46:30 [capacity] not overlapping  (7.08 m of 1.50)
  ok   10 HOME apron:34:0 / apron:46:60 [capacity] not overlapping  (26.19 m of 1.50)
  ok   10 HOME apron:34:0 / apron:46:285 [capacity] not overlapping  (34.78 m of 1.50)
  ok   10 HOME apron:34:0 / apron:46:330 [capacity] not overlapping  (7.08 m of 1.50)
  ok   10 HOME apron:34:60 / apron:34:300 [capacity] not overlapping  (47.25 m of 1.50)
  ok   10 HOME apron:34:60 / apron:46:0 [capacity] not overlapping  (26.19 m of 1.50)
  ok   10 HOME apron:34:60 / apron:46:30 [capacity] not overlapping  (7.08 m of 1.50)
  ok   10 HOME apron:34:60 / apron:46:60 [capacity] not overlapping  (2.80 m of 1.50)
  ok   10 HOME apron:34:60 / apron:46:285 [capacity] not overlapping  (64.07 m of 1.50)
  ok   10 HOME apron:34:60 / apron:46:330 [capacity] not overlapping  (43.13 m of 1.50)
  ok   10 HOME apron:34:300 / apron:46:0 [capacity] not overlapping  (26.19 m of 1.50)
  ok   10 HOME apron:34:300 / apron:46:30 [capacity] not overlapping  (43.13 m of 1.50)
  ok   10 HOME apron:34:300 / apron:46:60 [capacity] not overlapping  (57.96 m of 1.50)
  ok   10 HOME apron:34:300 / apron:46:285 [capacity] not overlapping  (2.13 m of 1.50)
  ok   10 HOME apron:34:300 / apron:46:330 [capacity] not overlapping  (7.08 m of 1.50)
  ok   10 HOME apron:46:0 / apron:46:30 [capacity] not overlapping  (7.27 m of 1.50)
  ok   10 HOME apron:46:0 / apron:46:60 [capacity] not overlapping  (30.04 m of 1.50)
  ok   10 HOME apron:46:0 / apron:46:285 [capacity] not overlapping  (40.76 m of 1.50)
  ok   10 HOME apron:46:0 / apron:46:330 [capacity] not overlapping  (7.27 m of 1.50)
  ok   10 HOME apron:46:30 / apron:46:60 [capacity] not overlapping  (7.27 m of 1.50)
  ok   10 HOME apron:46:30 / apron:46:285 [capacity] not overlapping  (59.92 m of 1.50)
  ok   10 HOME apron:46:30 / apron:46:330 [capacity] not overlapping  (30.05 m of 1.50)
  ok   10 HOME apron:46:60 / apron:46:285 [capacity] not overlapping  (74.99 m of 1.50)
  ok   10 HOME apron:46:60 / apron:46:330 [capacity] not overlapping  (50.77 m of 1.50)
  ok   10 HOME apron:46:285 / apron:46:330 [capacity] not overlapping  (18.82 m of 1.50)
  ok   10 w3 apron:22:0 [cub] inside the field
  ok   10 w3 apron:22:0 [cub] flat  (0.27 m of 0.60)
  ok   10 w3 apron:22:0 [cub] dry
  ok   10 w3 apron:22:0 [cub] clear of solid things  (19.10 m of 3.00 (item s_strip/hut))
  ok   10 w3 apron:22:0 [cub] clear of stock build's routes  (20.70 m of 8.00)
  ok   10 w3 apron:22:0 [cub] clear of aluminium C172's routes  (20.70 m of 8.50)
  ok   10 w3 apron:22:0 [cub] clear of the user's Cub's routes  (20.70 m of 8.35)
  ok   10 w3 apron:22:0 [pietenpol] inside the field
  ok   10 w3 apron:22:0 [pietenpol] flat  (0.23 m of 0.60)
  ok   10 w3 apron:22:0 [pietenpol] dry
  ok   10 w3 apron:22:0 [pietenpol] clear of solid things  (20.10 m of 3.00 (item s_strip/hut))
  ok   10 w3 apron:22:0 [pietenpol] clear of stock build's routes  (21.10 m of 8.00)
  ok   10 w3 apron:22:0 [pietenpol] clear of aluminium C172's routes  (21.10 m of 8.50)
  ok   10 w3 apron:22:0 [pietenpol] clear of the user's Cub's routes  (21.10 m of 8.35)
  ok   10 w3 apron:22:0 [tigermoth] inside the field
  ok   10 w3 apron:22:0 [tigermoth] flat  (0.24 m of 0.60)
  ok   10 w3 apron:22:0 [tigermoth] dry
  ok   10 w3 apron:22:0 [tigermoth] clear of solid things  (20.00 m of 3.00 (item s_strip/hut))
  ok   10 w3 apron:22:0 [tigermoth] clear of stock build's routes  (21.10 m of 8.00)
  ok   10 w3 apron:22:0 [tigermoth] clear of aluminium C172's routes  (21.10 m of 8.50)
  ok   10 w3 apron:22:0 [tigermoth] clear of the user's Cub's routes  (21.10 m of 8.35)
  ok   10 w3 apron:22:0 [stearman] inside the field
  ok   10 w3 apron:22:0 [stearman] flat  (0.25 m of 0.60)
  ok   10 w3 apron:22:0 [stearman] dry
  ok   10 w3 apron:22:0 [stearman] clear of solid things  (19.60 m of 3.00 (item s_strip/hut))
  ok   10 w3 apron:22:0 [stearman] clear of stock build's routes  (21.00 m of 8.00)
  ok   10 w3 apron:22:0 [stearman] clear of aluminium C172's routes  (21.00 m of 8.50)
  ok   10 w3 apron:22:0 [stearman] clear of the user's Cub's routes  (21.00 m of 8.35)
  ok   10 w3 apron:22:0 [pittsAlike] inside the field
  ok   10 w3 apron:22:0 [pittsAlike] flat  (0.16 m of 0.60)
  ok   10 w3 apron:22:0 [pittsAlike] dry
  ok   10 w3 apron:22:0 [pittsAlike] clear of solid things  (21.20 m of 3.00 (item s_strip/hut))
  ok   10 w3 apron:22:0 [pittsAlike] clear of stock build's routes  (21.10 m of 8.00)
  ok   10 w3 apron:22:0 [pittsAlike] clear of aluminium C172's routes  (21.10 m of 8.50)
  ok   10 w3 apron:22:0 [pittsAlike] clear of the user's Cub's routes  (21.10 m of 8.35)
  ok   10 w3 apron:22:0 [sesqui] inside the field
  ok   10 w3 apron:22:0 [sesqui] flat  (0.25 m of 0.60)
  ok   10 w3 apron:22:0 [sesqui] dry
  ok   10 w3 apron:22:0 [sesqui] clear of solid things  (19.50 m of 3.00 (item s_strip/hut))
  ok   10 w3 apron:22:0 [sesqui] clear of stock build's routes  (21.10 m of 8.00)
  ok   10 w3 apron:22:0 [sesqui] clear of aluminium C172's routes  (21.10 m of 8.50)
  ok   10 w3 apron:22:0 [sesqui] clear of the user's Cub's routes  (21.10 m of 8.35)
  ok   10 w3 apron:22:0 [jodel] inside the field
  ok   10 w3 apron:22:0 [jodel] flat  (0.21 m of 0.60)
  ok   10 w3 apron:22:0 [jodel] dry
  ok   10 w3 apron:22:0 [jodel] clear of solid things  (20.30 m of 3.00 (item s_strip/hut))
  ok   10 w3 apron:22:0 [jodel] clear of stock build's routes  (20.60 m of 8.00)
  ok   10 w3 apron:22:0 [jodel] clear of aluminium C172's routes  (20.60 m of 8.50)
  ok   10 w3 apron:22:0 [jodel] clear of the user's Cub's routes  (20.60 m of 8.35)
  ok   10 w3 apron:22:0 [c172] inside the field
  ok   10 w3 apron:22:0 [c172] flat  (0.29 m of 0.60)
  ok   10 w3 apron:22:0 [c172] dry
  ok   10 w3 apron:22:0 [c172] clear of solid things  (19.00 m of 3.00 (item s_strip/hut))
  ok   10 w3 apron:22:0 [c172] clear of stock build's routes  (20.50 m of 8.00)
  ok   10 w3 apron:22:0 [c172] clear of aluminium C172's routes  (20.50 m of 8.50)
  ok   10 w3 apron:22:0 [c172] clear of the user's Cub's routes  (20.50 m of 8.35)
  ok   10 w3 apron:22:0 [chinook] inside the field
  ok   10 w3 apron:22:0 [chinook] flat  (0.24 m of 0.60)
  ok   10 w3 apron:22:0 [chinook] dry
  ok   10 w3 apron:22:0 [chinook] clear of solid things  (19.60 m of 3.00 (item s_strip/hut))
  ok   10 w3 apron:22:0 [chinook] clear of stock build's routes  (21.60 m of 8.00)
  ok   10 w3 apron:22:0 [chinook] clear of aluminium C172's routes  (21.60 m of 8.50)
  ok   10 w3 apron:22:0 [chinook] clear of the user's Cub's routes  (21.60 m of 8.35)
  ok   10 w3 apron:22:0 [caravan] inside the field
  ok   10 w3 apron:22:0 [caravan] flat  (0.34 m of 0.60)
  ok   10 w3 apron:22:0 [caravan] dry
  ok   10 w3 apron:22:0 [caravan] clear of solid things  (17.50 m of 3.00 (item s_strip/hut))
  ok   10 w3 apron:22:0 [caravan] clear of stock build's routes  (19.90 m of 8.00)
  ok   10 w3 apron:22:0 [caravan] clear of aluminium C172's routes  (19.90 m of 8.50)
  ok   10 w3 apron:22:0 [caravan] clear of the user's Cub's routes  (19.90 m of 8.35)
  ok   10 w3 apron:22:0 [rv] inside the field
  ok   10 w3 apron:22:0 [rv] flat  (0.25 m of 0.60)
  ok   10 w3 apron:22:0 [rv] dry
  ok   10 w3 apron:22:0 [rv] clear of solid things  (19.60 m of 3.00 (item s_strip/hut))
  ok   10 w3 apron:22:0 [rv] clear of stock build's routes  (21.10 m of 8.00)
  ok   10 w3 apron:22:0 [rv] clear of aluminium C172's routes  (21.10 m of 8.50)
  ok   10 w3 apron:22:0 [rv] clear of the user's Cub's routes  (21.10 m of 8.35)
  ok   10 w3 apron:22:0 [savannah] inside the field
  ok   10 w3 apron:22:0 [savannah] flat  (0.24 m of 0.60)
  ok   10 w3 apron:22:0 [savannah] dry
  ok   10 w3 apron:22:0 [savannah] clear of solid things  (19.90 m of 3.00 (item s_strip/hut))
  ok   10 w3 apron:22:0 [savannah] clear of stock build's routes  (21.10 m of 8.00)
  ok   10 w3 apron:22:0 [savannah] clear of aluminium C172's routes  (21.10 m of 8.50)
  ok   10 w3 apron:22:0 [savannah] clear of the user's Cub's routes  (21.10 m of 8.35)
  ok   10 w3 apron:22:0 [ul1] inside the field
  ok   10 w3 apron:22:0 [ul1] flat  (0.24 m of 0.60)
  ok   10 w3 apron:22:0 [ul1] dry
  ok   10 w3 apron:22:0 [ul1] clear of solid things  (19.80 m of 3.00 (item s_strip/hut))
  ok   10 w3 apron:22:0 [ul1] clear of stock build's routes  (21.10 m of 8.00)
  ok   10 w3 apron:22:0 [ul1] clear of aluminium C172's routes  (21.10 m of 8.50)
  ok   10 w3 apron:22:0 [ul1] clear of the user's Cub's routes  (21.10 m of 8.35)
  ok   10 w3 apron:22:0 [floatplane] inside the field
  ok   10 w3 apron:22:0 [floatplane] flat  (0.29 m of 0.60)
  ok   10 w3 apron:22:0 [floatplane] dry
  ok   10 w3 apron:22:0 [floatplane] clear of solid things  (18.60 m of 3.00 (item s_strip/hut))
  ok   10 w3 apron:22:0 [floatplane] clear of stock build's routes  (20.80 m of 8.00)
  ok   10 w3 apron:22:0 [floatplane] clear of aluminium C172's routes  (20.80 m of 8.50)
  ok   10 w3 apron:22:0 [floatplane] clear of the user's Cub's routes  (20.80 m of 8.35)
  ok   10 w3 apron:22:0 [pusherPod] inside the field
  ok   10 w3 apron:22:0 [pusherPod] flat  (0.24 m of 0.60)
  ok   10 w3 apron:22:0 [pusherPod] dry
  ok   10 w3 apron:22:0 [pusherPod] clear of solid things  (19.90 m of 3.00 (item s_strip/hut))
  ok   10 w3 apron:22:0 [pusherPod] clear of stock build's routes  (21.40 m of 8.00)
  ok   10 w3 apron:22:0 [pusherPod] clear of aluminium C172's routes  (21.40 m of 8.50)
  ok   10 w3 apron:22:0 [pusherPod] clear of the user's Cub's routes  (21.40 m of 8.35)
  ok   10 w3 apron:22:0 [motorglider] inside the field
  ok   10 w3 apron:22:0 [motorglider] flat  (0.29 m of 0.60)
  ok   10 w3 apron:22:0 [motorglider] dry
  ok   10 w3 apron:22:0 [motorglider] clear of solid things  (18.00 m of 3.00 (item s_strip/hut))
  ok   10 w3 apron:22:0 [motorglider] clear of stock build's routes  (21.10 m of 8.00)
  ok   10 w3 apron:22:0 [motorglider] clear of aluminium C172's routes  (21.10 m of 8.50)
  ok   10 w3 apron:22:0 [motorglider] clear of the user's Cub's routes  (21.10 m of 8.35)
  ok   10 w3 apron:22:0 [radial] inside the field
  ok   10 w3 apron:22:0 [radial] flat  (0.28 m of 0.60)
  ok   10 w3 apron:22:0 [radial] dry
  ok   10 w3 apron:22:0 [radial] clear of solid things  (19.00 m of 3.00 (item s_strip/hut))
  ok   10 w3 apron:22:0 [radial] clear of stock build's routes  (21.10 m of 8.00)
  ok   10 w3 apron:22:0 [radial] clear of aluminium C172's routes  (21.10 m of 8.50)
  ok   10 w3 apron:22:0 [radial] clear of the user's Cub's routes  (21.10 m of 8.35)
  ok   10 w3 apron:22:0 [etrainer] inside the field
  ok   10 w3 apron:22:0 [etrainer] flat  (0.24 m of 0.60)
  ok   10 w3 apron:22:0 [etrainer] dry
  ok   10 w3 apron:22:0 [etrainer] clear of solid things  (20.00 m of 3.00 (item s_strip/hut))
  ok   10 w3 apron:22:0 [etrainer] clear of stock build's routes  (21.10 m of 8.00)
  ok   10 w3 apron:22:0 [etrainer] clear of aluminium C172's routes  (21.10 m of 8.50)
  ok   10 w3 apron:22:0 [etrainer] clear of the user's Cub's routes  (21.10 m of 8.35)
  ok   10 w3 apron:22:0 [ttail] inside the field
  ok   10 w3 apron:22:0 [ttail] flat  (0.28 m of 0.60)
  ok   10 w3 apron:22:0 [ttail] dry
  ok   10 w3 apron:22:0 [ttail] clear of solid things  (19.00 m of 3.00 (item s_strip/hut))
  ok   10 w3 apron:22:0 [ttail] clear of stock build's routes  (21.10 m of 8.00)
  ok   10 w3 apron:22:0 [ttail] clear of aluminium C172's routes  (21.10 m of 8.50)
  ok   10 w3 apron:22:0 [ttail] clear of the user's Cub's routes  (21.10 m of 8.35)
  ok   10 w3 apron:22:0 [vtail] inside the field
  ok   10 w3 apron:22:0 [vtail] flat  (0.28 m of 0.60)
  ok   10 w3 apron:22:0 [vtail] dry
  ok   10 w3 apron:22:0 [vtail] clear of solid things  (19.00 m of 3.00 (item s_strip/hut))
  ok   10 w3 apron:22:0 [vtail] clear of stock build's routes  (21.10 m of 8.00)
  ok   10 w3 apron:22:0 [vtail] clear of aluminium C172's routes  (21.10 m of 8.50)
  ok   10 w3 apron:22:0 [vtail] clear of the user's Cub's routes  (21.10 m of 8.35)
  ok   10 w3 apron:22:0 [mw5] inside the field
  ok   10 w3 apron:22:0 [mw5] flat  (0.24 m of 0.60)
  ok   10 w3 apron:22:0 [mw5] dry
  ok   10 w3 apron:22:0 [mw5] clear of solid things  (19.80 m of 3.00 (item s_strip/hut))
  ok   10 w3 apron:22:0 [mw5] clear of stock build's routes  (21.40 m of 8.00)
  ok   10 w3 apron:22:0 [mw5] clear of aluminium C172's routes  (21.40 m of 8.50)
  ok   10 w3 apron:22:0 [mw5] clear of the user's Cub's routes  (21.40 m of 8.35)
  ok   10 w3 apron:22:0 [archaeopteryx] inside the field
  ok   10 w3 apron:22:0 [archaeopteryx] flat  (0.27 m of 0.60)
  ok   10 w3 apron:22:0 [archaeopteryx] dry
  ok   10 w3 apron:22:0 [archaeopteryx] clear of solid things  (19.00 m of 3.00 (item s_strip/hut))
  ok   10 w3 apron:22:0 [archaeopteryx] clear of stock build's routes  (21.40 m of 8.00)
  ok   10 w3 apron:22:0 [archaeopteryx] clear of aluminium C172's routes  (21.40 m of 8.50)
  ok   10 w3 apron:22:0 [archaeopteryx] clear of the user's Cub's routes  (21.40 m of 8.35)
  ok   10 w3 apron:22:0 [da62] inside the field
  ok   10 w3 apron:22:0 [da62] flat  (0.31 m of 0.60)
  ok   10 w3 apron:22:0 [da62] dry
  ok   10 w3 apron:22:0 [da62] clear of solid things  (17.50 m of 3.00 (item s_strip/hut))
  ok   10 w3 apron:22:0 [da62] clear of stock build's routes  (21.30 m of 8.00)
  ok   10 w3 apron:22:0 [da62] clear of aluminium C172's routes  (21.30 m of 8.50)
  ok   10 w3 apron:22:0 [da62] clear of the user's Cub's routes  (21.30 m of 8.35)
  ok   10 w3 apron:22:0 [twinBush] inside the field
  ok   10 w3 apron:22:0 [twinBush] flat  (0.34 m of 0.60)
  ok   10 w3 apron:22:0 [twinBush] dry
  ok   10 w3 apron:22:0 [twinBush] clear of solid things  (16.50 m of 3.00 (item s_strip/hut))
  ok   10 w3 apron:22:0 [twinBush] clear of stock build's routes  (21.30 m of 8.00)
  ok   10 w3 apron:22:0 [twinBush] clear of aluminium C172's routes  (21.30 m of 8.50)
  ok   10 w3 apron:22:0 [twinBush] clear of the user's Cub's routes  (21.30 m of 8.35)
  ok   10 w3 apron:22:0 [skymaster] inside the field
  ok   10 w3 apron:22:0 [skymaster] flat  (0.27 m of 0.60)
  ok   10 w3 apron:22:0 [skymaster] dry
  ok   10 w3 apron:22:0 [skymaster] clear of solid things  (19.00 m of 3.00 (item s_strip/hut))
  ok   10 w3 apron:22:0 [skymaster] clear of stock build's routes  (21.10 m of 8.00)
  ok   10 w3 apron:22:0 [skymaster] clear of aluminium C172's routes  (21.10 m of 8.50)
  ok   10 w3 apron:22:0 [skymaster] clear of the user's Cub's routes  (21.10 m of 8.35)
  ok   10 w3 apron:22:0 [p38] inside the field
  ok   10 w3 apron:22:0 [p38] flat  (0.27 m of 0.60)
  ok   10 w3 apron:22:0 [p38] dry
  ok   10 w3 apron:22:0 [p38] clear of solid things  (19.00 m of 3.00 (item s_strip/hut))
  ok   10 w3 apron:22:0 [p38] clear of stock build's routes  (21.30 m of 8.00)
  ok   10 w3 apron:22:0 [p38] clear of aluminium C172's routes  (21.30 m of 8.50)
  ok   10 w3 apron:22:0 [p38] clear of the user's Cub's routes  (21.30 m of 8.35)
  ok   10 w3 apron:22:0 [beaver] inside the field
  ok   10 w3 apron:22:0 [beaver] flat  (0.32 m of 0.60)
  ok   10 w3 apron:22:0 [beaver] dry
  ok   10 w3 apron:22:0 [beaver] clear of solid things  (17.20 m of 3.00 (item s_strip/hut))
  ok   10 w3 apron:22:0 [beaver] clear of stock build's routes  (21.00 m of 8.00)
  ok   10 w3 apron:22:0 [beaver] clear of aluminium C172's routes  (21.00 m of 8.50)
  ok   10 w3 apron:22:0 [beaver] clear of the user's Cub's routes  (21.00 m of 8.35)
  ok   10 w3 apron:22:0 [default] inside the field
  ok   10 w3 apron:22:0 [default] flat  (0.31 m of 0.60)
  ok   10 w3 apron:22:0 [default] dry
  ok   10 w3 apron:22:0 [default] clear of solid things  (18.50 m of 3.00 (item s_strip/hut))
  ok   10 w3 apron:22:0 [default] clear of stock build's routes  (20.40 m of 8.00)
  ok   10 w3 apron:22:0 [default] clear of aluminium C172's routes  (20.40 m of 8.50)
  ok   10 w3 apron:22:0 [default] clear of the user's Cub's routes  (20.40 m of 8.35)
  ok   10 w3 apron:22:150 [cub] inside the field
  ok   10 w3 apron:22:150 [cub] flat  (0.18 m of 0.60)
  ok   10 w3 apron:22:150 [cub] dry
  ok   10 w3 apron:22:150 [cub] clear of solid things  (21.68 m of 3.00 (item s_strip/shed))
  ok   10 w3 apron:22:150 [cub] clear of stock build's routes  (15.23 m of 8.00)
  ok   10 w3 apron:22:150 [cub] clear of aluminium C172's routes  (15.23 m of 8.50)
  ok   10 w3 apron:22:150 [cub] clear of the user's Cub's routes  (15.23 m of 8.35)
  ok   10 w3 apron:22:150 [pietenpol] inside the field
  ok   10 w3 apron:22:150 [pietenpol] flat  (0.17 m of 0.60)
  ok   10 w3 apron:22:150 [pietenpol] dry
  ok   10 w3 apron:22:150 [pietenpol] clear of solid things  (22.74 m of 3.00 (item s_strip/shed))
  ok   10 w3 apron:22:150 [pietenpol] clear of stock build's routes  (16.07 m of 8.00)
  ok   10 w3 apron:22:150 [pietenpol] clear of aluminium C172's routes  (16.07 m of 8.50)
  ok   10 w3 apron:22:150 [pietenpol] clear of the user's Cub's routes  (16.07 m of 8.35)
  ok   10 w3 apron:22:150 [tigermoth] inside the field
  ok   10 w3 apron:22:150 [tigermoth] flat  (0.17 m of 0.60)
  ok   10 w3 apron:22:150 [tigermoth] dry
  ok   10 w3 apron:22:150 [tigermoth] clear of solid things  (22.66 m of 3.00 (item s_strip/shed))
  ok   10 w3 apron:22:150 [tigermoth] clear of stock build's routes  (16.02 m of 8.00)
  ok   10 w3 apron:22:150 [tigermoth] clear of aluminium C172's routes  (16.02 m of 8.50)
  ok   10 w3 apron:22:150 [tigermoth] clear of the user's Cub's routes  (16.02 m of 8.35)
  ok   10 w3 apron:22:150 [stearman] inside the field
  ok   10 w3 apron:22:150 [stearman] flat  (0.17 m of 0.60)
  ok   10 w3 apron:22:150 [stearman] dry
  ok   10 w3 apron:22:150 [stearman] clear of solid things  (22.26 m of 3.00 (item s_strip/shed))
  ok   10 w3 apron:22:150 [stearman] clear of stock build's routes  (15.74 m of 8.00)
  ok   10 w3 apron:22:150 [stearman] clear of aluminium C172's routes  (15.74 m of 8.50)
  ok   10 w3 apron:22:150 [stearman] clear of the user's Cub's routes  (15.74 m of 8.35)
  ok   10 w3 apron:22:150 [pittsAlike] inside the field
  ok   10 w3 apron:22:150 [pittsAlike] flat  (0.15 m of 0.60)
  ok   10 w3 apron:22:150 [pittsAlike] dry
  ok   10 w3 apron:22:150 [pittsAlike] clear of solid things  (23.69 m of 3.00 (item s_strip/shed))
  ok   10 w3 apron:22:150 [pittsAlike] clear of stock build's routes  (16.62 m of 8.00)
  ok   10 w3 apron:22:150 [pittsAlike] clear of aluminium C172's routes  (16.62 m of 8.50)
  ok   10 w3 apron:22:150 [pittsAlike] clear of the user's Cub's routes  (16.62 m of 8.35)
  ok   10 w3 apron:22:150 [sesqui] inside the field
  ok   10 w3 apron:22:150 [sesqui] flat  (0.17 m of 0.60)
  ok   10 w3 apron:22:150 [sesqui] dry
  ok   10 w3 apron:22:150 [sesqui] clear of solid things  (22.23 m of 3.00 (item s_strip/shed))
  ok   10 w3 apron:22:150 [sesqui] clear of stock build's routes  (15.77 m of 8.00)
  ok   10 w3 apron:22:150 [sesqui] clear of aluminium C172's routes  (15.77 m of 8.50)
  ok   10 w3 apron:22:150 [sesqui] clear of the user's Cub's routes  (15.77 m of 8.35)
  ok   10 w3 apron:22:150 [jodel] inside the field
  ok   10 w3 apron:22:150 [jodel] flat  (0.16 m of 0.60)
  ok   10 w3 apron:22:150 [jodel] dry
  ok   10 w3 apron:22:150 [jodel] clear of solid things  (22.66 m of 3.00 (item s_strip/shed))
  ok   10 w3 apron:22:150 [jodel] clear of stock build's routes  (15.74 m of 8.00)
  ok   10 w3 apron:22:150 [jodel] clear of aluminium C172's routes  (15.74 m of 8.50)
  ok   10 w3 apron:22:150 [jodel] clear of the user's Cub's routes  (15.74 m of 8.35)
  ok   10 w3 apron:22:150 [c172] inside the field
  ok   10 w3 apron:22:150 [c172] flat  (0.20 m of 0.60)
  ok   10 w3 apron:22:150 [c172] dry
  ok   10 w3 apron:22:150 [c172] clear of solid things  (21.49 m of 3.00 (item s_strip/shed))
  ok   10 w3 apron:22:150 [c172] clear of stock build's routes  (15.00 m of 8.00)
  ok   10 w3 apron:22:150 [c172] clear of aluminium C172's routes  (15.00 m of 8.50)
  ok   10 w3 apron:22:150 [c172] clear of the user's Cub's routes  (15.00 m of 8.35)
  ok   10 w3 apron:22:150 [chinook] inside the field
  ok   10 w3 apron:22:150 [chinook] flat  (0.16 m of 0.60)
  ok   10 w3 apron:22:150 [chinook] dry
  ok   10 w3 apron:22:150 [chinook] clear of solid things  (22.58 m of 3.00 (item s_strip/shed))
  ok   10 w3 apron:22:150 [chinook] clear of stock build's routes  (16.25 m of 8.00)
  ok   10 w3 apron:22:150 [chinook] clear of aluminium C172's routes  (16.25 m of 8.50)
  ok   10 w3 apron:22:150 [chinook] clear of the user's Cub's routes  (16.25 m of 8.35)
  ok   10 w3 apron:22:150 [caravan] inside the field
  ok   10 w3 apron:22:150 [caravan] flat  (0.26 m of 0.60)
  ok   10 w3 apron:22:150 [caravan] dry
  ok   10 w3 apron:22:150 [caravan] clear of solid things  (19.90 m of 3.00 (item s_strip/shed))
  ok   10 w3 apron:22:150 [caravan] clear of stock build's routes  (13.73 m of 8.00)
  ok   10 w3 apron:22:150 [caravan] clear of aluminium C172's routes  (13.73 m of 8.50)
  ok   10 w3 apron:22:150 [caravan] clear of the user's Cub's routes  (13.73 m of 8.35)
  ok   10 w3 apron:22:150 [rv] inside the field
  ok   10 w3 apron:22:150 [rv] flat  (0.18 m of 0.60)
  ok   10 w3 apron:22:150 [rv] dry
  ok   10 w3 apron:22:150 [rv] clear of solid things  (22.31 m of 3.00 (item s_strip/shed))
  ok   10 w3 apron:22:150 [rv] clear of stock build's routes  (15.82 m of 8.00)
  ok   10 w3 apron:22:150 [rv] clear of aluminium C172's routes  (15.82 m of 8.50)
  ok   10 w3 apron:22:150 [rv] clear of the user's Cub's routes  (15.82 m of 8.35)
  ok   10 w3 apron:22:150 [savannah] inside the field
  ok   10 w3 apron:22:150 [savannah] flat  (0.17 m of 0.60)
  ok   10 w3 apron:22:150 [savannah] dry
  ok   10 w3 apron:22:150 [savannah] clear of solid things  (22.57 m of 3.00 (item s_strip/shed))
  ok   10 w3 apron:22:150 [savannah] clear of stock build's routes  (15.98 m of 8.00)
  ok   10 w3 apron:22:150 [savannah] clear of aluminium C172's routes  (15.98 m of 8.50)
  ok   10 w3 apron:22:150 [savannah] clear of the user's Cub's routes  (15.98 m of 8.35)
  ok   10 w3 apron:22:150 [ul1] inside the field
  ok   10 w3 apron:22:150 [ul1] flat  (0.17 m of 0.60)
  ok   10 w3 apron:22:150 [ul1] dry
  ok   10 w3 apron:22:150 [ul1] clear of solid things  (22.48 m of 3.00 (item s_strip/shed))
  ok   10 w3 apron:22:150 [ul1] clear of stock build's routes  (15.93 m of 8.00)
  ok   10 w3 apron:22:150 [ul1] clear of aluminium C172's routes  (15.93 m of 8.50)
  ok   10 w3 apron:22:150 [ul1] clear of the user's Cub's routes  (15.93 m of 8.35)
  ok   10 w3 apron:22:150 [floatplane] inside the field
  ok   10 w3 apron:22:150 [floatplane] flat  (0.19 m of 0.60)
  ok   10 w3 apron:22:150 [floatplane] dry
  ok   10 w3 apron:22:150 [floatplane] clear of solid things  (21.31 m of 3.00 (item s_strip/shed))
  ok   10 w3 apron:22:150 [floatplane] clear of stock build's routes  (15.07 m of 8.00)
  ok   10 w3 apron:22:150 [floatplane] clear of aluminium C172's routes  (15.07 m of 8.50)
  ok   10 w3 apron:22:150 [floatplane] clear of the user's Cub's routes  (15.07 m of 8.35)
  ok   10 w3 apron:22:150 [pusherPod] inside the field
  ok   10 w3 apron:22:150 [pusherPod] flat  (0.17 m of 0.60)
  ok   10 w3 apron:22:150 [pusherPod] dry
  ok   10 w3 apron:22:150 [pusherPod] clear of solid things  (22.73 m of 3.00 (item s_strip/shed))
  ok   10 w3 apron:22:150 [pusherPod] clear of stock build's routes  (16.23 m of 8.00)
  ok   10 w3 apron:22:150 [pusherPod] clear of aluminium C172's routes  (16.23 m of 8.50)
  ok   10 w3 apron:22:150 [pusherPod] clear of the user's Cub's routes  (16.23 m of 8.35)
  ok   10 w3 apron:22:150 [motorglider] inside the field
  ok   10 w3 apron:22:150 [motorglider] flat  (0.17 m of 0.60)
  ok   10 w3 apron:22:150 [motorglider] dry
  ok   10 w3 apron:22:150 [motorglider] clear of solid things  (20.97 m of 3.00 (item s_strip/shed))
  ok   10 w3 apron:22:150 [motorglider] clear of stock build's routes  (15.02 m of 8.00)
  ok   10 w3 apron:22:150 [motorglider] clear of aluminium C172's routes  (15.02 m of 8.50)
  ok   10 w3 apron:22:150 [motorglider] clear of the user's Cub's routes  (15.02 m of 8.35)
  ok   10 w3 apron:22:150 [radial] inside the field
  ok   10 w3 apron:22:150 [radial] flat  (0.18 m of 0.60)
  ok   10 w3 apron:22:150 [radial] dry
  ok   10 w3 apron:22:150 [radial] clear of solid things  (21.81 m of 3.00 (item s_strip/shed))
  ok   10 w3 apron:22:150 [radial] clear of stock build's routes  (15.52 m of 8.00)
  ok   10 w3 apron:22:150 [radial] clear of aluminium C172's routes  (15.52 m of 8.50)
  ok   10 w3 apron:22:150 [radial] clear of the user's Cub's routes  (15.52 m of 8.35)
  ok   10 w3 apron:22:150 [etrainer] inside the field
  ok   10 w3 apron:22:150 [etrainer] flat  (0.17 m of 0.60)
  ok   10 w3 apron:22:150 [etrainer] dry
  ok   10 w3 apron:22:150 [etrainer] clear of solid things  (22.66 m of 3.00 (item s_strip/shed))
  ok   10 w3 apron:22:150 [etrainer] clear of stock build's routes  (16.02 m of 8.00)
  ok   10 w3 apron:22:150 [etrainer] clear of aluminium C172's routes  (16.02 m of 8.50)
  ok   10 w3 apron:22:150 [etrainer] clear of the user's Cub's routes  (16.02 m of 8.35)
  ok   10 w3 apron:22:150 [ttail] inside the field
  ok   10 w3 apron:22:150 [ttail] flat  (0.18 m of 0.60)
  ok   10 w3 apron:22:150 [ttail] dry
  ok   10 w3 apron:22:150 [ttail] clear of solid things  (21.81 m of 3.00 (item s_strip/shed))
  ok   10 w3 apron:22:150 [ttail] clear of stock build's routes  (15.52 m of 8.00)
  ok   10 w3 apron:22:150 [ttail] clear of aluminium C172's routes  (15.52 m of 8.50)
  ok   10 w3 apron:22:150 [ttail] clear of the user's Cub's routes  (15.52 m of 8.35)
  ok   10 w3 apron:22:150 [vtail] inside the field
  ok   10 w3 apron:22:150 [vtail] flat  (0.18 m of 0.60)
  ok   10 w3 apron:22:150 [vtail] dry
  ok   10 w3 apron:22:150 [vtail] clear of solid things  (21.81 m of 3.00 (item s_strip/shed))
  ok   10 w3 apron:22:150 [vtail] clear of stock build's routes  (15.52 m of 8.00)
  ok   10 w3 apron:22:150 [vtail] clear of aluminium C172's routes  (15.52 m of 8.50)
  ok   10 w3 apron:22:150 [vtail] clear of the user's Cub's routes  (15.52 m of 8.35)
  ok   10 w3 apron:22:150 [mw5] inside the field
  ok   10 w3 apron:22:150 [mw5] flat  (0.17 m of 0.60)
  ok   10 w3 apron:22:150 [mw5] dry
  ok   10 w3 apron:22:150 [mw5] clear of solid things  (22.64 m of 3.00 (item s_strip/shed))
  ok   10 w3 apron:22:150 [mw5] clear of stock build's routes  (16.18 m of 8.00)
  ok   10 w3 apron:22:150 [mw5] clear of aluminium C172's routes  (16.18 m of 8.50)
  ok   10 w3 apron:22:150 [mw5] clear of the user's Cub's routes  (16.18 m of 8.35)
  ok   10 w3 apron:22:150 [archaeopteryx] inside the field
  ok   10 w3 apron:22:150 [archaeopteryx] flat  (0.17 m of 0.60)
  ok   10 w3 apron:22:150 [archaeopteryx] dry
  ok   10 w3 apron:22:150 [archaeopteryx] clear of solid things  (21.97 m of 3.00 (item s_strip/shed))
  ok   10 w3 apron:22:150 [archaeopteryx] clear of stock build's routes  (15.78 m of 8.00)
  ok   10 w3 apron:22:150 [archaeopteryx] clear of aluminium C172's routes  (15.78 m of 8.50)
  ok   10 w3 apron:22:150 [archaeopteryx] clear of the user's Cub's routes  (15.78 m of 8.35)
  ok   10 w3 apron:22:150 [da62] inside the field
  ok   10 w3 apron:22:150 [da62] flat  (0.21 m of 0.60)
  ok   10 w3 apron:22:150 [da62] dry
  ok   10 w3 apron:22:150 [da62] clear of solid things  (20.68 m of 3.00 (item s_strip/shed))
  ok   10 w3 apron:22:150 [da62] clear of stock build's routes  (14.95 m of 8.00)
  ok   10 w3 apron:22:150 [da62] clear of aluminium C172's routes  (14.95 m of 8.50)
  ok   10 w3 apron:22:150 [da62] clear of the user's Cub's routes  (14.95 m of 8.35)
  ok   10 w3 apron:22:150 [twinBush] inside the field
  ok   10 w3 apron:22:150 [twinBush] flat  (0.31 m of 0.60)
  ok   10 w3 apron:22:150 [twinBush] dry
  ok   10 w3 apron:22:150 [twinBush] clear of solid things  (19.87 m of 3.00 (item s_strip/shed))
  ok   10 w3 apron:22:150 [twinBush] clear of stock build's routes  (14.45 m of 8.00)
  ok   10 w3 apron:22:150 [twinBush] clear of aluminium C172's routes  (14.45 m of 8.50)
  ok   10 w3 apron:22:150 [twinBush] clear of the user's Cub's routes  (14.45 m of 8.35)
  ok   10 w3 apron:22:150 [skymaster] inside the field
  ok   10 w3 apron:22:150 [skymaster] flat  (0.18 m of 0.60)
  ok   10 w3 apron:22:150 [skymaster] dry
  ok   10 w3 apron:22:150 [skymaster] clear of solid things  (21.81 m of 3.00 (item s_strip/shed))
  ok   10 w3 apron:22:150 [skymaster] clear of stock build's routes  (15.52 m of 8.00)
  ok   10 w3 apron:22:150 [skymaster] clear of aluminium C172's routes  (15.52 m of 8.50)
  ok   10 w3 apron:22:150 [skymaster] clear of the user's Cub's routes  (15.52 m of 8.35)
  ok   10 w3 apron:22:150 [p38] inside the field
  ok   10 w3 apron:22:150 [p38] flat  (0.17 m of 0.60)
  ok   10 w3 apron:22:150 [p38] dry
  ok   10 w3 apron:22:150 [p38] clear of solid things  (21.92 m of 3.00 (item s_strip/shed))
  ok   10 w3 apron:22:150 [p38] clear of stock build's routes  (15.70 m of 8.00)
  ok   10 w3 apron:22:150 [p38] clear of aluminium C172's routes  (15.70 m of 8.50)
  ok   10 w3 apron:22:150 [p38] clear of the user's Cub's routes  (15.70 m of 8.35)
  ok   10 w3 apron:22:150 [beaver] inside the field
  ok   10 w3 apron:22:150 [beaver] flat  (0.22 m of 0.60)
  ok   10 w3 apron:22:150 [beaver] dry
  ok   10 w3 apron:22:150 [beaver] clear of solid things  (20.26 m of 3.00 (item s_strip/shed))
  ok   10 w3 apron:22:150 [beaver] clear of stock build's routes  (14.54 m of 8.00)
  ok   10 w3 apron:22:150 [beaver] clear of aluminium C172's routes  (14.54 m of 8.50)
  ok   10 w3 apron:22:150 [beaver] clear of the user's Cub's routes  (14.54 m of 8.35)
  ok   10 w3 apron:22:150 [default] inside the field
  ok   10 w3 apron:22:150 [default] flat  (0.22 m of 0.60)
  ok   10 w3 apron:22:150 [default] dry
  ok   10 w3 apron:22:150 [default] clear of solid things  (21.01 m of 3.00 (item s_strip/shed))
  ok   10 w3 apron:22:150 [default] clear of stock build's routes  (14.67 m of 8.00)
  ok   10 w3 apron:22:150 [default] clear of aluminium C172's routes  (14.67 m of 8.50)
  ok   10 w3 apron:22:150 [default] clear of the user's Cub's routes  (14.67 m of 8.35)
  ok   10 w3 apron:22:300 [cub] inside the field
  ok   10 w3 apron:22:300 [cub] flat  (0.04 m of 0.60)
  ok   10 w3 apron:22:300 [cub] dry
  ok   10 w3 apron:22:300 [cub] clear of solid things  (6.56 m of 3.00 (item s_strip/hut))
  ok   10 w3 apron:22:300 [cub] clear of stock build's routes  (20.70 m of 8.00)
  ok   10 w3 apron:22:300 [cub] clear of aluminium C172's routes  (20.70 m of 8.50)
  ok   10 w3 apron:22:300 [cub] clear of the user's Cub's routes  (20.70 m of 8.35)
  ok   10 w3 apron:22:300 [pietenpol] inside the field
  ok   10 w3 apron:22:300 [pietenpol] flat  (0.03 m of 0.60)
  ok   10 w3 apron:22:300 [pietenpol] dry
  ok   10 w3 apron:22:300 [pietenpol] clear of solid things  (6.81 m of 3.00 (item s_strip/hut))
  ok   10 w3 apron:22:300 [pietenpol] clear of stock build's routes  (21.10 m of 8.00)
  ok   10 w3 apron:22:300 [pietenpol] clear of aluminium C172's routes  (21.10 m of 8.50)
  ok   10 w3 apron:22:300 [pietenpol] clear of the user's Cub's routes  (21.10 m of 8.35)
  ok   10 w3 apron:22:300 [tigermoth] inside the field
  ok   10 w3 apron:22:300 [tigermoth] flat  (0.03 m of 0.60)
  ok   10 w3 apron:22:300 [tigermoth] dry
  ok   10 w3 apron:22:300 [tigermoth] clear of solid things  (6.78 m of 3.00 (item s_strip/hut))
  ok   10 w3 apron:22:300 [tigermoth] clear of stock build's routes  (21.10 m of 8.00)
  ok   10 w3 apron:22:300 [tigermoth] clear of aluminium C172's routes  (21.10 m of 8.50)
  ok   10 w3 apron:22:300 [tigermoth] clear of the user's Cub's routes  (21.10 m of 8.35)
  ok   10 w3 apron:22:300 [stearman] inside the field
  ok   10 w3 apron:22:300 [stearman] flat  (0.03 m of 0.60)
  ok   10 w3 apron:22:300 [stearman] dry
  ok   10 w3 apron:22:300 [stearman] clear of solid things  (6.87 m of 3.00 (item s_strip/hut))
  ok   10 w3 apron:22:300 [stearman] clear of stock build's routes  (21.00 m of 8.00)
  ok   10 w3 apron:22:300 [stearman] clear of aluminium C172's routes  (21.00 m of 8.50)
  ok   10 w3 apron:22:300 [stearman] clear of the user's Cub's routes  (21.00 m of 8.35)
  ok   10 w3 apron:22:300 [pittsAlike] inside the field
  ok   10 w3 apron:22:300 [pittsAlike] flat  (0.02 m of 0.60)
  ok   10 w3 apron:22:300 [pittsAlike] dry
  ok   10 w3 apron:22:300 [pittsAlike] clear of solid things  (8.32 m of 3.00 (item s_strip/hut))
  ok   10 w3 apron:22:300 [pittsAlike] clear of stock build's routes  (21.10 m of 8.00)
  ok   10 w3 apron:22:300 [pittsAlike] clear of aluminium C172's routes  (21.10 m of 8.50)
  ok   10 w3 apron:22:300 [pittsAlike] clear of the user's Cub's routes  (21.10 m of 8.35)
  ok   10 w3 apron:22:300 [sesqui] inside the field
  ok   10 w3 apron:22:300 [sesqui] flat  (0.03 m of 0.60)
  ok   10 w3 apron:22:300 [sesqui] dry
  ok   10 w3 apron:22:300 [sesqui] clear of solid things  (6.65 m of 3.00 (item s_strip/hut))
  ok   10 w3 apron:22:300 [sesqui] clear of stock build's routes  (21.10 m of 8.00)
  ok   10 w3 apron:22:300 [sesqui] clear of aluminium C172's routes  (21.10 m of 8.50)
  ok   10 w3 apron:22:300 [sesqui] clear of the user's Cub's routes  (21.10 m of 8.35)
  ok   10 w3 apron:22:300 [jodel] inside the field
  ok   10 w3 apron:22:300 [jodel] flat  (0.03 m of 0.60)
  ok   10 w3 apron:22:300 [jodel] dry
  ok   10 w3 apron:22:300 [jodel] clear of solid things  (7.92 m of 3.00 (item s_strip/hut))
  ok   10 w3 apron:22:300 [jodel] clear of stock build's routes  (20.60 m of 8.00)
  ok   10 w3 apron:22:300 [jodel] clear of aluminium C172's routes  (20.60 m of 8.50)
  ok   10 w3 apron:22:300 [jodel] clear of the user's Cub's routes  (20.60 m of 8.35)
  ok   10 w3 apron:22:300 [c172] inside the field
  ok   10 w3 apron:22:300 [c172] flat  (0.04 m of 0.60)
  ok   10 w3 apron:22:300 [c172] dry
  ok   10 w3 apron:22:300 [c172] clear of solid things  (5.99 m of 3.00 (item s_strip/hut))
  ok   10 w3 apron:22:300 [c172] clear of stock build's routes  (20.50 m of 8.00)
  ok   10 w3 apron:22:300 [c172] clear of aluminium C172's routes  (20.50 m of 8.50)
  ok   10 w3 apron:22:300 [c172] clear of the user's Cub's routes  (20.50 m of 8.35)
  ok   10 w3 apron:22:300 [chinook] inside the field
  ok   10 w3 apron:22:300 [chinook] flat  (0.03 m of 0.60)
  ok   10 w3 apron:22:300 [chinook] dry
  ok   10 w3 apron:22:300 [chinook] clear of solid things  (7.07 m of 3.00 (item s_strip/hut))
  ok   10 w3 apron:22:300 [chinook] clear of stock build's routes  (21.60 m of 8.00)
  ok   10 w3 apron:22:300 [chinook] clear of aluminium C172's routes  (21.60 m of 8.50)
  ok   10 w3 apron:22:300 [chinook] clear of the user's Cub's routes  (21.60 m of 8.35)
  ok   10 w3 apron:22:300 [caravan] inside the field
  ok   10 w3 apron:22:300 [caravan] flat  (0.05 m of 0.60)
  ok   10 w3 apron:22:300 [caravan] dry
  ok   10 w3 apron:22:300 [caravan] clear of solid things  (4.90 m of 3.00 (item s_strip/hut))
  ok   10 w3 apron:22:300 [caravan] clear of stock build's routes  (19.90 m of 8.00)
  ok   10 w3 apron:22:300 [caravan] clear of aluminium C172's routes  (19.90 m of 8.50)
  ok   10 w3 apron:22:300 [caravan] clear of the user's Cub's routes  (19.90 m of 8.35)
  ok   10 w3 apron:22:300 [rv] inside the field
  ok   10 w3 apron:22:300 [rv] flat  (0.03 m of 0.60)
  ok   10 w3 apron:22:300 [rv] dry
  ok   10 w3 apron:22:300 [rv] clear of solid things  (6.58 m of 3.00 (item s_strip/hut))
  ok   10 w3 apron:22:300 [rv] clear of stock build's routes  (21.10 m of 8.00)
  ok   10 w3 apron:22:300 [rv] clear of aluminium C172's routes  (21.10 m of 8.50)
  ok   10 w3 apron:22:300 [rv] clear of the user's Cub's routes  (21.10 m of 8.35)
  ok   10 w3 apron:22:300 [savannah] inside the field
  ok   10 w3 apron:22:300 [savannah] flat  (0.03 m of 0.60)
  ok   10 w3 apron:22:300 [savannah] dry
  ok   10 w3 apron:22:300 [savannah] clear of solid things  (6.95 m of 3.00 (item s_strip/hut))
  ok   10 w3 apron:22:300 [savannah] clear of stock build's routes  (21.10 m of 8.00)
  ok   10 w3 apron:22:300 [savannah] clear of aluminium C172's routes  (21.10 m of 8.50)
  ok   10 w3 apron:22:300 [savannah] clear of the user's Cub's routes  (21.10 m of 8.35)
  ok   10 w3 apron:22:300 [ul1] inside the field
  ok   10 w3 apron:22:300 [ul1] flat  (0.03 m of 0.60)
  ok   10 w3 apron:22:300 [ul1] dry
  ok   10 w3 apron:22:300 [ul1] clear of solid things  (6.92 m of 3.00 (item s_strip/hut))
  ok   10 w3 apron:22:300 [ul1] clear of stock build's routes  (21.10 m of 8.00)
  ok   10 w3 apron:22:300 [ul1] clear of aluminium C172's routes  (21.10 m of 8.50)
  ok   10 w3 apron:22:300 [ul1] clear of the user's Cub's routes  (21.10 m of 8.35)
  ok   10 w3 apron:22:300 [floatplane] inside the field
  ok   10 w3 apron:22:300 [floatplane] flat  (0.04 m of 0.60)
  ok   10 w3 apron:22:300 [floatplane] dry
  ok   10 w3 apron:22:300 [floatplane] clear of solid things  (6.07 m of 3.00 (item s_strip/hut))
  ok   10 w3 apron:22:300 [floatplane] clear of stock build's routes  (20.80 m of 8.00)
  ok   10 w3 apron:22:300 [floatplane] clear of aluminium C172's routes  (20.80 m of 8.50)
  ok   10 w3 apron:22:300 [floatplane] clear of the user's Cub's routes  (20.80 m of 8.35)
  ok   10 w3 apron:22:300 [pusherPod] inside the field
  ok   10 w3 apron:22:300 [pusherPod] flat  (0.03 m of 0.60)
  ok   10 w3 apron:22:300 [pusherPod] dry
  ok   10 w3 apron:22:300 [pusherPod] clear of solid things  (6.66 m of 3.00 (item s_strip/hut))
  ok   10 w3 apron:22:300 [pusherPod] clear of stock build's routes  (21.40 m of 8.00)
  ok   10 w3 apron:22:300 [pusherPod] clear of aluminium C172's routes  (21.40 m of 8.50)
  ok   10 w3 apron:22:300 [pusherPod] clear of the user's Cub's routes  (21.40 m of 8.35)
  ok   10 w3 apron:22:300 [motorglider] inside the field
  ok   10 w3 apron:22:300 [motorglider] flat  (0.04 m of 0.60)
  ok   10 w3 apron:22:300 [motorglider] dry
  ok   10 w3 apron:22:300 [motorglider] clear of solid things  (6.58 m of 3.00 (item s_strip/hut))
  ok   10 w3 apron:22:300 [motorglider] clear of stock build's routes  (21.10 m of 8.00)
  ok   10 w3 apron:22:300 [motorglider] clear of aluminium C172's routes  (21.10 m of 8.50)
  ok   10 w3 apron:22:300 [motorglider] clear of the user's Cub's routes  (21.10 m of 8.35)
  ok   10 w3 apron:22:300 [radial] inside the field
  ok   10 w3 apron:22:300 [radial] flat  (0.04 m of 0.60)
  ok   10 w3 apron:22:300 [radial] dry
  ok   10 w3 apron:22:300 [radial] clear of solid things  (6.25 m of 3.00 (item s_strip/hut))
  ok   10 w3 apron:22:300 [radial] clear of stock build's routes  (21.10 m of 8.00)
  ok   10 w3 apron:22:300 [radial] clear of aluminium C172's routes  (21.10 m of 8.50)
  ok   10 w3 apron:22:300 [radial] clear of the user's Cub's routes  (21.10 m of 8.35)
  ok   10 w3 apron:22:300 [etrainer] inside the field
  ok   10 w3 apron:22:300 [etrainer] flat  (0.03 m of 0.60)
  ok   10 w3 apron:22:300 [etrainer] dry
  ok   10 w3 apron:22:300 [etrainer] clear of solid things  (6.78 m of 3.00 (item s_strip/hut))
  ok   10 w3 apron:22:300 [etrainer] clear of stock build's routes  (21.10 m of 8.00)
  ok   10 w3 apron:22:300 [etrainer] clear of aluminium C172's routes  (21.10 m of 8.50)
  ok   10 w3 apron:22:300 [etrainer] clear of the user's Cub's routes  (21.10 m of 8.35)
  ok   10 w3 apron:22:300 [ttail] inside the field
  ok   10 w3 apron:22:300 [ttail] flat  (0.04 m of 0.60)
  ok   10 w3 apron:22:300 [ttail] dry
  ok   10 w3 apron:22:300 [ttail] clear of solid things  (6.25 m of 3.00 (item s_strip/hut))
  ok   10 w3 apron:22:300 [ttail] clear of stock build's routes  (21.10 m of 8.00)
  ok   10 w3 apron:22:300 [ttail] clear of aluminium C172's routes  (21.10 m of 8.50)
  ok   10 w3 apron:22:300 [ttail] clear of the user's Cub's routes  (21.10 m of 8.35)
  ok   10 w3 apron:22:300 [vtail] inside the field
  ok   10 w3 apron:22:300 [vtail] flat  (0.04 m of 0.60)
  ok   10 w3 apron:22:300 [vtail] dry
  ok   10 w3 apron:22:300 [vtail] clear of solid things  (6.17 m of 3.00 (item s_strip/hut))
  ok   10 w3 apron:22:300 [vtail] clear of stock build's routes  (21.10 m of 8.00)
  ok   10 w3 apron:22:300 [vtail] clear of aluminium C172's routes  (21.10 m of 8.50)
  ok   10 w3 apron:22:300 [vtail] clear of the user's Cub's routes  (21.10 m of 8.35)
  ok   10 w3 apron:22:300 [mw5] inside the field
  ok   10 w3 apron:22:300 [mw5] flat  (0.03 m of 0.60)
  ok   10 w3 apron:22:300 [mw5] dry
  ok   10 w3 apron:22:300 [mw5] clear of solid things  (6.73 m of 3.00 (item s_strip/hut))
  ok   10 w3 apron:22:300 [mw5] clear of stock build's routes  (21.40 m of 8.00)
  ok   10 w3 apron:22:300 [mw5] clear of aluminium C172's routes  (21.40 m of 8.50)
  ok   10 w3 apron:22:300 [mw5] clear of the user's Cub's routes  (21.40 m of 8.35)
  ok   10 w3 apron:22:300 [archaeopteryx] inside the field
  ok   10 w3 apron:22:300 [archaeopteryx] flat  (0.04 m of 0.60)
  ok   10 w3 apron:22:300 [archaeopteryx] dry
  ok   10 w3 apron:22:300 [archaeopteryx] clear of solid things  (6.52 m of 3.00 (item s_strip/hut))
  ok   10 w3 apron:22:300 [archaeopteryx] clear of stock build's routes  (21.40 m of 8.00)
  ok   10 w3 apron:22:300 [archaeopteryx] clear of aluminium C172's routes  (21.40 m of 8.50)
  ok   10 w3 apron:22:300 [archaeopteryx] clear of the user's Cub's routes  (21.40 m of 8.35)
  ok   10 w3 apron:22:300 [da62] inside the field
  ok   10 w3 apron:22:300 [da62] flat  (0.05 m of 0.60)
  ok   10 w3 apron:22:300 [da62] dry
  ok   10 w3 apron:22:300 [da62] clear of solid things  (5.38 m of 3.00 (item s_strip/hut))
  ok   10 w3 apron:22:300 [da62] clear of stock build's routes  (21.30 m of 8.00)
  ok   10 w3 apron:22:300 [da62] clear of aluminium C172's routes  (21.30 m of 8.50)
  ok   10 w3 apron:22:300 [da62] clear of the user's Cub's routes  (21.30 m of 8.35)
  ok   10 w3 apron:22:300 [twinBush] inside the field
  ok   10 w3 apron:22:300 [twinBush] flat  (0.05 m of 0.60)
  ok   10 w3 apron:22:300 [twinBush] dry
  ok   10 w3 apron:22:300 [twinBush] clear of solid things  (4.18 m of 3.00 (item s_strip/hut))
  ok   10 w3 apron:22:300 [twinBush] clear of stock build's routes  (21.30 m of 8.00)
  ok   10 w3 apron:22:300 [twinBush] clear of aluminium C172's routes  (21.30 m of 8.50)
  ok   10 w3 apron:22:300 [twinBush] clear of the user's Cub's routes  (21.30 m of 8.35)
  ok   10 w3 apron:22:300 [skymaster] inside the field
  ok   10 w3 apron:22:300 [skymaster] flat  (0.04 m of 0.60)
  ok   10 w3 apron:22:300 [skymaster] dry
  ok   10 w3 apron:22:300 [skymaster] clear of solid things  (6.34 m of 3.00 (item s_strip/hut))
  ok   10 w3 apron:22:300 [skymaster] clear of stock build's routes  (21.10 m of 8.00)
  ok   10 w3 apron:22:300 [skymaster] clear of aluminium C172's routes  (21.10 m of 8.50)
  ok   10 w3 apron:22:300 [skymaster] clear of the user's Cub's routes  (21.10 m of 8.35)
  ok   10 w3 apron:22:300 [p38] inside the field
  ok   10 w3 apron:22:300 [p38] flat  (0.04 m of 0.60)
  ok   10 w3 apron:22:300 [p38] dry
  ok   10 w3 apron:22:300 [p38] clear of solid things  (6.43 m of 3.00 (item s_strip/hut))
  ok   10 w3 apron:22:300 [p38] clear of stock build's routes  (21.30 m of 8.00)
  ok   10 w3 apron:22:300 [p38] clear of aluminium C172's routes  (21.30 m of 8.50)
  ok   10 w3 apron:22:300 [p38] clear of the user's Cub's routes  (21.30 m of 8.35)
  ok   10 w3 apron:22:300 [beaver] inside the field
  ok   10 w3 apron:22:300 [beaver] flat  (0.05 m of 0.60)
  ok   10 w3 apron:22:300 [beaver] dry
  ok   10 w3 apron:22:300 [beaver] clear of solid things  (5.49 m of 3.00 (item s_strip/hut))
  ok   10 w3 apron:22:300 [beaver] clear of stock build's routes  (21.00 m of 8.00)
  ok   10 w3 apron:22:300 [beaver] clear of aluminium C172's routes  (21.00 m of 8.50)
  ok   10 w3 apron:22:300 [beaver] clear of the user's Cub's routes  (21.00 m of 8.35)
  ok   10 w3 apron:22:300 [default] inside the field
  ok   10 w3 apron:22:300 [default] flat  (0.04 m of 0.60)
  ok   10 w3 apron:22:300 [default] dry
  ok   10 w3 apron:22:300 [default] clear of solid things  (5.31 m of 3.00 (item s_strip/hut))
  ok   10 w3 apron:22:300 [default] clear of stock build's routes  (20.40 m of 8.00)
  ok   10 w3 apron:22:300 [default] clear of aluminium C172's routes  (20.40 m of 8.50)
  ok   10 w3 apron:22:300 [default] clear of the user's Cub's routes  (20.40 m of 8.35)
  ok   10 w3 apron:34:0 [cub] inside the field
  ok   10 w3 apron:34:0 [cub] flat  (0.34 m of 0.60)
  ok   10 w3 apron:34:0 [cub] dry
  ok   10 w3 apron:34:0 [cub] clear of solid things  (20.44 m of 3.00 (item s_strip/hut))
  ok   10 w3 apron:34:0 [cub] clear of stock build's routes  (32.70 m of 8.00)
  ok   10 w3 apron:34:0 [cub] clear of aluminium C172's routes  (32.70 m of 8.50)
  ok   10 w3 apron:34:0 [cub] clear of the user's Cub's routes  (32.70 m of 8.35)
  ok   10 w3 apron:34:0 [pietenpol] inside the field
  ok   10 w3 apron:34:0 [pietenpol] flat  (0.31 m of 0.60)
  ok   10 w3 apron:34:0 [pietenpol] dry
  ok   10 w3 apron:34:0 [pietenpol] clear of solid things  (21.50 m of 3.00 (item s_strip/hut))
  ok   10 w3 apron:34:0 [pietenpol] clear of stock build's routes  (33.10 m of 8.00)
  ok   10 w3 apron:34:0 [pietenpol] clear of aluminium C172's routes  (33.10 m of 8.50)
  ok   10 w3 apron:34:0 [pietenpol] clear of the user's Cub's routes  (33.10 m of 8.35)
  ok   10 w3 apron:34:0 [tigermoth] inside the field
  ok   10 w3 apron:34:0 [tigermoth] flat  (0.32 m of 0.60)
  ok   10 w3 apron:34:0 [tigermoth] dry
  ok   10 w3 apron:34:0 [tigermoth] clear of solid things  (21.40 m of 3.00 (item s_strip/hut))
  ok   10 w3 apron:34:0 [tigermoth] clear of stock build's routes  (33.10 m of 8.00)
  ok   10 w3 apron:34:0 [tigermoth] clear of aluminium C172's routes  (33.10 m of 8.50)
  ok   10 w3 apron:34:0 [tigermoth] clear of the user's Cub's routes  (33.10 m of 8.35)
  ok   10 w3 apron:34:0 [stearman] inside the field
  ok   10 w3 apron:34:0 [stearman] flat  (0.32 m of 0.60)
  ok   10 w3 apron:34:0 [stearman] dry
  ok   10 w3 apron:34:0 [stearman] clear of solid things  (20.99 m of 3.00 (item s_strip/hut))
  ok   10 w3 apron:34:0 [stearman] clear of stock build's routes  (33.00 m of 8.00)
  ok   10 w3 apron:34:0 [stearman] clear of aluminium C172's routes  (33.00 m of 8.50)
  ok   10 w3 apron:34:0 [stearman] clear of the user's Cub's routes  (33.00 m of 8.35)
  ok   10 w3 apron:34:0 [pittsAlike] inside the field
  ok   10 w3 apron:34:0 [pittsAlike] flat  (0.26 m of 0.60)
  ok   10 w3 apron:34:0 [pittsAlike] dry
  ok   10 w3 apron:34:0 [pittsAlike] clear of solid things  (22.57 m of 3.00 (item s_strip/hut))
  ok   10 w3 apron:34:0 [pittsAlike] clear of stock build's routes  (33.10 m of 8.00)
  ok   10 w3 apron:34:0 [pittsAlike] clear of aluminium C172's routes  (33.10 m of 8.50)
  ok   10 w3 apron:34:0 [pittsAlike] clear of the user's Cub's routes  (33.10 m of 8.35)
  ok   10 w3 apron:34:0 [sesqui] inside the field
  ok   10 w3 apron:34:0 [sesqui] flat  (0.32 m of 0.60)
  ok   10 w3 apron:34:0 [sesqui] dry
  ok   10 w3 apron:34:0 [sesqui] clear of solid things  (20.91 m of 3.00 (item s_strip/hut))
  ok   10 w3 apron:34:0 [sesqui] clear of stock build's routes  (33.10 m of 8.00)
  ok   10 w3 apron:34:0 [sesqui] clear of aluminium C172's routes  (33.10 m of 8.50)
  ok   10 w3 apron:34:0 [sesqui] clear of the user's Cub's routes  (33.10 m of 8.35)
  ok   10 w3 apron:34:0 [jodel] inside the field
  ok   10 w3 apron:34:0 [jodel] flat  (0.30 m of 0.60)
  ok   10 w3 apron:34:0 [jodel] dry
  ok   10 w3 apron:34:0 [jodel] clear of solid things  (21.59 m of 3.00 (item s_strip/hut))
  ok   10 w3 apron:34:0 [jodel] clear of stock build's routes  (32.60 m of 8.00)
  ok   10 w3 apron:34:0 [jodel] clear of aluminium C172's routes  (32.60 m of 8.50)
  ok   10 w3 apron:34:0 [jodel] clear of the user's Cub's routes  (32.60 m of 8.35)
  ok   10 w3 apron:34:0 [c172] inside the field
  ok   10 w3 apron:34:0 [c172] flat  (0.34 m of 0.60)
  ok   10 w3 apron:34:0 [c172] dry
  ok   10 w3 apron:34:0 [c172] clear of solid things  (20.30 m of 3.00 (item s_strip/hut))
  ok   10 w3 apron:34:0 [c172] clear of stock build's routes  (32.50 m of 8.00)
  ok   10 w3 apron:34:0 [c172] clear of aluminium C172's routes  (32.50 m of 8.50)
  ok   10 w3 apron:34:0 [c172] clear of the user's Cub's routes  (32.50 m of 8.35)
  ok   10 w3 apron:34:0 [chinook] inside the field
  ok   10 w3 apron:34:0 [chinook] flat  (0.31 m of 0.60)
  ok   10 w3 apron:34:0 [chinook] dry
  ok   10 w3 apron:34:0 [chinook] clear of solid things  (21.11 m of 3.00 (item s_strip/hut))
  ok   10 w3 apron:34:0 [chinook] clear of stock build's routes  (33.60 m of 8.00)
  ok   10 w3 apron:34:0 [chinook] clear of aluminium C172's routes  (33.60 m of 8.50)
  ok   10 w3 apron:34:0 [chinook] clear of the user's Cub's routes  (33.60 m of 8.35)
  ok   10 w3 apron:34:0 [caravan] inside the field
  ok   10 w3 apron:34:0 [caravan] flat  (0.37 m of 0.60)
  ok   10 w3 apron:34:0 [caravan] dry
  ok   10 w3 apron:34:0 [caravan] clear of solid things  (18.71 m of 3.00 (item s_strip/hut))
  ok   10 w3 apron:34:0 [caravan] clear of stock build's routes  (31.90 m of 8.00)
  ok   10 w3 apron:34:0 [caravan] clear of aluminium C172's routes  (31.90 m of 8.50)
  ok   10 w3 apron:34:0 [caravan] clear of the user's Cub's routes  (31.90 m of 8.35)
  ok   10 w3 apron:34:0 [rv] inside the field
  ok   10 w3 apron:34:0 [rv] flat  (0.32 m of 0.60)
  ok   10 w3 apron:34:0 [rv] dry
  ok   10 w3 apron:34:0 [rv] clear of solid things  (21.01 m of 3.00 (item s_strip/hut))
  ok   10 w3 apron:34:0 [rv] clear of stock build's routes  (33.10 m of 8.00)
  ok   10 w3 apron:34:0 [rv] clear of aluminium C172's routes  (33.10 m of 8.50)
  ok   10 w3 apron:34:0 [rv] clear of the user's Cub's routes  (33.10 m of 8.35)
  ok   10 w3 apron:34:0 [savannah] inside the field
  ok   10 w3 apron:34:0 [savannah] flat  (0.32 m of 0.60)
  ok   10 w3 apron:34:0 [savannah] dry
  ok   10 w3 apron:34:0 [savannah] clear of solid things  (21.30 m of 3.00 (item s_strip/hut))
  ok   10 w3 apron:34:0 [savannah] clear of stock build's routes  (33.10 m of 8.00)
  ok   10 w3 apron:34:0 [savannah] clear of aluminium C172's routes  (33.10 m of 8.50)
  ok   10 w3 apron:34:0 [savannah] clear of the user's Cub's routes  (33.10 m of 8.35)
  ok   10 w3 apron:34:0 [ul1] inside the field
  ok   10 w3 apron:34:0 [ul1] flat  (0.32 m of 0.60)
  ok   10 w3 apron:34:0 [ul1] dry
  ok   10 w3 apron:34:0 [ul1] clear of solid things  (21.20 m of 3.00 (item s_strip/hut))
  ok   10 w3 apron:34:0 [ul1] clear of stock build's routes  (33.10 m of 8.00)
  ok   10 w3 apron:34:0 [ul1] clear of aluminium C172's routes  (33.10 m of 8.50)
  ok   10 w3 apron:34:0 [ul1] clear of the user's Cub's routes  (33.10 m of 8.35)
  ok   10 w3 apron:34:0 [floatplane] inside the field
  ok   10 w3 apron:34:0 [floatplane] flat  (0.34 m of 0.60)
  ok   10 w3 apron:34:0 [floatplane] dry
  ok   10 w3 apron:34:0 [floatplane] clear of solid things  (19.97 m of 3.00 (item s_strip/hut))
  ok   10 w3 apron:34:0 [floatplane] clear of stock build's routes  (32.80 m of 8.00)
  ok   10 w3 apron:34:0 [floatplane] clear of aluminium C172's routes  (32.80 m of 8.50)
  ok   10 w3 apron:34:0 [floatplane] clear of the user's Cub's routes  (32.80 m of 8.35)
  ok   10 w3 apron:34:0 [pusherPod] inside the field
  ok   10 w3 apron:34:0 [pusherPod] flat  (0.31 m of 0.60)
  ok   10 w3 apron:34:0 [pusherPod] dry
  ok   10 w3 apron:34:0 [pusherPod] clear of solid things  (21.36 m of 3.00 (item s_strip/hut))
  ok   10 w3 apron:34:0 [pusherPod] clear of stock build's routes  (33.40 m of 8.00)
  ok   10 w3 apron:34:0 [pusherPod] clear of aluminium C172's routes  (33.40 m of 8.50)
  ok   10 w3 apron:34:0 [pusherPod] clear of the user's Cub's routes  (33.40 m of 8.35)
  ok   10 w3 apron:34:0 [motorglider] inside the field
  ok   10 w3 apron:34:0 [motorglider] flat  (0.35 m of 0.60)
  ok   10 w3 apron:34:0 [motorglider] dry
  ok   10 w3 apron:34:0 [motorglider] clear of solid things  (19.44 m of 3.00 (item s_strip/hut))
  ok   10 w3 apron:34:0 [motorglider] clear of stock build's routes  (33.10 m of 8.00)
  ok   10 w3 apron:34:0 [motorglider] clear of aluminium C172's routes  (33.10 m of 8.50)
  ok   10 w3 apron:34:0 [motorglider] clear of the user's Cub's routes  (33.10 m of 8.35)
  ok   10 w3 apron:34:0 [radial] inside the field
  ok   10 w3 apron:34:0 [radial] flat  (0.33 m of 0.60)
  ok   10 w3 apron:34:0 [radial] dry
  ok   10 w3 apron:34:0 [radial] clear of solid things  (20.42 m of 3.00 (item s_strip/hut))
  ok   10 w3 apron:34:0 [radial] clear of stock build's routes  (33.10 m of 8.00)
  ok   10 w3 apron:34:0 [radial] clear of aluminium C172's routes  (33.10 m of 8.50)
  ok   10 w3 apron:34:0 [radial] clear of the user's Cub's routes  (33.10 m of 8.35)
  ok   10 w3 apron:34:0 [etrainer] inside the field
  ok   10 w3 apron:34:0 [etrainer] flat  (0.32 m of 0.60)
  ok   10 w3 apron:34:0 [etrainer] dry
  ok   10 w3 apron:34:0 [etrainer] clear of solid things  (21.40 m of 3.00 (item s_strip/hut))
  ok   10 w3 apron:34:0 [etrainer] clear of stock build's routes  (33.10 m of 8.00)
  ok   10 w3 apron:34:0 [etrainer] clear of aluminium C172's routes  (33.10 m of 8.50)
  ok   10 w3 apron:34:0 [etrainer] clear of the user's Cub's routes  (33.10 m of 8.35)
  ok   10 w3 apron:34:0 [ttail] inside the field
  ok   10 w3 apron:34:0 [ttail] flat  (0.33 m of 0.60)
  ok   10 w3 apron:34:0 [ttail] dry
  ok   10 w3 apron:34:0 [ttail] clear of solid things  (20.42 m of 3.00 (item s_strip/hut))
  ok   10 w3 apron:34:0 [ttail] clear of stock build's routes  (33.10 m of 8.00)
  ok   10 w3 apron:34:0 [ttail] clear of aluminium C172's routes  (33.10 m of 8.50)
  ok   10 w3 apron:34:0 [ttail] clear of the user's Cub's routes  (33.10 m of 8.35)
  ok   10 w3 apron:34:0 [vtail] inside the field
  ok   10 w3 apron:34:0 [vtail] flat  (0.33 m of 0.60)
  ok   10 w3 apron:34:0 [vtail] dry
  ok   10 w3 apron:34:0 [vtail] clear of solid things  (20.42 m of 3.00 (item s_strip/hut))
  ok   10 w3 apron:34:0 [vtail] clear of stock build's routes  (33.10 m of 8.00)
  ok   10 w3 apron:34:0 [vtail] clear of aluminium C172's routes  (33.10 m of 8.50)
  ok   10 w3 apron:34:0 [vtail] clear of the user's Cub's routes  (33.10 m of 8.35)
  ok   10 w3 apron:34:0 [mw5] inside the field
  ok   10 w3 apron:34:0 [mw5] flat  (0.32 m of 0.60)
  ok   10 w3 apron:34:0 [mw5] dry
  ok   10 w3 apron:34:0 [mw5] clear of solid things  (21.26 m of 3.00 (item s_strip/hut))
  ok   10 w3 apron:34:0 [mw5] clear of stock build's routes  (33.40 m of 8.00)
  ok   10 w3 apron:34:0 [mw5] clear of aluminium C172's routes  (33.40 m of 8.50)
  ok   10 w3 apron:34:0 [mw5] clear of the user's Cub's routes  (33.40 m of 8.35)
  ok   10 w3 apron:34:0 [archaeopteryx] inside the field
  ok   10 w3 apron:34:0 [archaeopteryx] flat  (0.33 m of 0.60)
  ok   10 w3 apron:34:0 [archaeopteryx] dry
  ok   10 w3 apron:34:0 [archaeopteryx] clear of solid things  (20.48 m of 3.00 (item s_strip/hut))
  ok   10 w3 apron:34:0 [archaeopteryx] clear of stock build's routes  (33.40 m of 8.00)
  ok   10 w3 apron:34:0 [archaeopteryx] clear of aluminium C172's routes  (33.40 m of 8.50)
  ok   10 w3 apron:34:0 [archaeopteryx] clear of the user's Cub's routes  (33.40 m of 8.35)
  ok   10 w3 apron:34:0 [da62] inside the field
  ok   10 w3 apron:34:0 [da62] flat  (0.36 m of 0.60)
  ok   10 w3 apron:34:0 [da62] dry
  ok   10 w3 apron:34:0 [da62] clear of solid things  (18.99 m of 3.00 (item s_strip/hut))
  ok   10 w3 apron:34:0 [da62] clear of stock build's routes  (33.30 m of 8.00)
  ok   10 w3 apron:34:0 [da62] clear of aluminium C172's routes  (33.30 m of 8.50)
  ok   10 w3 apron:34:0 [da62] clear of the user's Cub's routes  (33.30 m of 8.35)
  ok   10 w3 apron:34:0 [twinBush] inside the field
  ok   10 w3 apron:34:0 [twinBush] flat  (0.37 m of 0.60)
  ok   10 w3 apron:34:0 [twinBush] dry
  ok   10 w3 apron:34:0 [twinBush] clear of solid things  (18.01 m of 3.00 (item s_strip/hut))
  ok   10 w3 apron:34:0 [twinBush] clear of stock build's routes  (33.30 m of 8.00)
  ok   10 w3 apron:34:0 [twinBush] clear of aluminium C172's routes  (33.30 m of 8.50)
  ok   10 w3 apron:34:0 [twinBush] clear of the user's Cub's routes  (33.30 m of 8.35)
  ok   10 w3 apron:34:0 [skymaster] inside the field
  ok   10 w3 apron:34:0 [skymaster] flat  (0.33 m of 0.60)
  ok   10 w3 apron:34:0 [skymaster] dry
  ok   10 w3 apron:34:0 [skymaster] clear of solid things  (20.42 m of 3.00 (item s_strip/hut))
  ok   10 w3 apron:34:0 [skymaster] clear of stock build's routes  (33.10 m of 8.00)
  ok   10 w3 apron:34:0 [skymaster] clear of aluminium C172's routes  (33.10 m of 8.50)
  ok   10 w3 apron:34:0 [skymaster] clear of the user's Cub's routes  (33.10 m of 8.35)
  ok   10 w3 apron:34:0 [p38] inside the field
  ok   10 w3 apron:34:0 [p38] flat  (0.33 m of 0.60)
  ok   10 w3 apron:34:0 [p38] dry
  ok   10 w3 apron:34:0 [p38] clear of solid things  (20.46 m of 3.00 (item s_strip/hut))
  ok   10 w3 apron:34:0 [p38] clear of stock build's routes  (33.30 m of 8.00)
  ok   10 w3 apron:34:0 [p38] clear of aluminium C172's routes  (33.30 m of 8.50)
  ok   10 w3 apron:34:0 [p38] clear of the user's Cub's routes  (33.30 m of 8.35)
  ok   10 w3 apron:34:0 [beaver] inside the field
  ok   10 w3 apron:34:0 [beaver] flat  (0.36 m of 0.60)
  ok   10 w3 apron:34:0 [beaver] dry
  ok   10 w3 apron:34:0 [beaver] clear of solid things  (18.63 m of 3.00 (item s_strip/hut))
  ok   10 w3 apron:34:0 [beaver] clear of stock build's routes  (33.00 m of 8.00)
  ok   10 w3 apron:34:0 [beaver] clear of aluminium C172's routes  (33.00 m of 8.50)
  ok   10 w3 apron:34:0 [beaver] clear of the user's Cub's routes  (33.00 m of 8.35)
  ok   10 w3 apron:34:0 [default] inside the field
  ok   10 w3 apron:34:0 [default] flat  (0.35 m of 0.60)
  ok   10 w3 apron:34:0 [default] dry
  ok   10 w3 apron:34:0 [default] clear of solid things  (19.79 m of 3.00 (item s_strip/hut))
  ok   10 w3 apron:34:0 [default] clear of stock build's routes  (32.40 m of 8.00)
  ok   10 w3 apron:34:0 [default] clear of aluminium C172's routes  (32.40 m of 8.50)
  ok   10 w3 apron:34:0 [default] clear of the user's Cub's routes  (32.40 m of 8.35)
  ok   10 w3 apron:34:150 [cub] inside the field
  ok   10 w3 apron:34:150 [cub] flat  (0.40 m of 0.60)
  ok   10 w3 apron:34:150 [cub] dry
  ok   10 w3 apron:34:150 [cub] clear of solid things  (Infinity m of 3.00 (nothing))
  ok   10 w3 apron:34:150 [cub] clear of stock build's routes  (24.58 m of 8.00)
  ok   10 w3 apron:34:150 [cub] clear of aluminium C172's routes  (24.58 m of 8.50)
  ok   10 w3 apron:34:150 [cub] clear of the user's Cub's routes  (24.58 m of 8.35)
  ok   10 w3 apron:34:150 [pietenpol] inside the field
  ok   10 w3 apron:34:150 [pietenpol] flat  (0.36 m of 0.60)
  ok   10 w3 apron:34:150 [pietenpol] dry
  ok   10 w3 apron:34:150 [pietenpol] clear of solid things  (Infinity m of 3.00 (nothing))
  ok   10 w3 apron:34:150 [pietenpol] clear of stock build's routes  (25.39 m of 8.00)
  ok   10 w3 apron:34:150 [pietenpol] clear of aluminium C172's routes  (25.39 m of 8.50)
  ok   10 w3 apron:34:150 [pietenpol] clear of the user's Cub's routes  (25.39 m of 8.35)
  ok   10 w3 apron:34:150 [tigermoth] inside the field
  ok   10 w3 apron:34:150 [tigermoth] flat  (0.36 m of 0.60)
  ok   10 w3 apron:34:150 [tigermoth] dry
  ok   10 w3 apron:34:150 [tigermoth] clear of solid things  (Infinity m of 3.00 (nothing))
  ok   10 w3 apron:34:150 [tigermoth] clear of stock build's routes  (25.30 m of 8.00)
  ok   10 w3 apron:34:150 [tigermoth] clear of aluminium C172's routes  (25.30 m of 8.50)
  ok   10 w3 apron:34:150 [tigermoth] clear of the user's Cub's routes  (25.30 m of 8.35)
  ok   10 w3 apron:34:150 [stearman] inside the field
  ok   10 w3 apron:34:150 [stearman] flat  (0.37 m of 0.60)
  ok   10 w3 apron:34:150 [stearman] dry
  ok   10 w3 apron:34:150 [stearman] clear of solid things  (Infinity m of 3.00 (nothing))
  ok   10 w3 apron:34:150 [stearman] clear of stock build's routes  (25.06 m of 8.00)
  ok   10 w3 apron:34:150 [stearman] clear of aluminium C172's routes  (25.06 m of 8.50)
  ok   10 w3 apron:34:150 [stearman] clear of the user's Cub's routes  (25.06 m of 8.35)
  ok   10 w3 apron:34:150 [pittsAlike] inside the field
  ok   10 w3 apron:34:150 [pittsAlike] flat  (0.26 m of 0.60)
  ok   10 w3 apron:34:150 [pittsAlike] dry
  ok   10 w3 apron:34:150 [pittsAlike] clear of solid things  (Infinity m of 3.00 (nothing))
  ok   10 w3 apron:34:150 [pittsAlike] clear of stock build's routes  (26.94 m of 8.00)
  ok   10 w3 apron:34:150 [pittsAlike] clear of aluminium C172's routes  (26.94 m of 8.50)
  ok   10 w3 apron:34:150 [pittsAlike] clear of the user's Cub's routes  (26.94 m of 8.35)
  ok   10 w3 apron:34:150 [sesqui] inside the field
  ok   10 w3 apron:34:150 [sesqui] flat  (0.37 m of 0.60)
  ok   10 w3 apron:34:150 [sesqui] dry
  ok   10 w3 apron:34:150 [sesqui] clear of solid things  (Infinity m of 3.00 (nothing))
  ok   10 w3 apron:34:150 [sesqui] clear of stock build's routes  (24.87 m of 8.00)
  ok   10 w3 apron:34:150 [sesqui] clear of aluminium C172's routes  (24.87 m of 8.50)
  ok   10 w3 apron:34:150 [sesqui] clear of the user's Cub's routes  (24.87 m of 8.35)
  ok   10 w3 apron:34:150 [jodel] inside the field
  ok   10 w3 apron:34:150 [jodel] flat  (0.30 m of 0.60)
  ok   10 w3 apron:34:150 [jodel] dry
  ok   10 w3 apron:34:150 [jodel] clear of solid things  (Infinity m of 3.00 (nothing))
  ok   10 w3 apron:34:150 [jodel] clear of stock build's routes  (26.11 m of 8.00)
  ok   10 w3 apron:34:150 [jodel] clear of aluminium C172's routes  (26.11 m of 8.50)
  ok   10 w3 apron:34:150 [jodel] clear of the user's Cub's routes  (26.11 m of 8.35)
  ok   10 w3 apron:34:150 [c172] inside the field
  ok   10 w3 apron:34:150 [c172] flat  (0.45 m of 0.60)
  ok   10 w3 apron:34:150 [c172] dry
  ok   10 w3 apron:34:150 [c172] clear of solid things  (Infinity m of 3.00 (nothing))
  ok   10 w3 apron:34:150 [c172] clear of stock build's routes  (24.18 m of 8.00)
  ok   10 w3 apron:34:150 [c172] clear of aluminium C172's routes  (24.18 m of 8.50)
  ok   10 w3 apron:34:150 [c172] clear of the user's Cub's routes  (24.18 m of 8.35)
  ok   10 w3 apron:34:150 [chinook] inside the field
  ok   10 w3 apron:34:150 [chinook] flat  (0.33 m of 0.60)
  ok   10 w3 apron:34:150 [chinook] dry
  ok   10 w3 apron:34:150 [chinook] clear of solid things  (Infinity m of 3.00 (nothing))
  ok   10 w3 apron:34:150 [chinook] clear of stock build's routes  (25.16 m of 8.00)
  ok   10 w3 apron:34:150 [chinook] clear of aluminium C172's routes  (25.16 m of 8.50)
  ok   10 w3 apron:34:150 [chinook] clear of the user's Cub's routes  (25.16 m of 8.35)
  ok   10 w3 apron:34:150 [caravan] inside the field
  ok   10 w3 apron:34:150 [caravan] flat  (0.56 m of 0.60)
  ok   10 w3 apron:34:150 [caravan] dry
  ok   10 w3 apron:34:150 [caravan] clear of solid things  (Infinity m of 3.00 (nothing))
  ok   10 w3 apron:34:150 [caravan] clear of stock build's routes  (22.64 m of 8.00)
  ok   10 w3 apron:34:150 [caravan] clear of aluminium C172's routes  (22.64 m of 8.50)
  ok   10 w3 apron:34:150 [caravan] clear of the user's Cub's routes  (22.64 m of 8.35)
  ok   10 w3 apron:34:150 [rv] inside the field
  ok   10 w3 apron:34:150 [rv] flat  (0.38 m of 0.60)
  ok   10 w3 apron:34:150 [rv] dry
  ok   10 w3 apron:34:150 [rv] clear of solid things  (Infinity m of 3.00 (nothing))
  ok   10 w3 apron:34:150 [rv] clear of stock build's routes  (24.90 m of 8.00)
  ok   10 w3 apron:34:150 [rv] clear of aluminium C172's routes  (24.90 m of 8.50)
  ok   10 w3 apron:34:150 [rv] clear of the user's Cub's routes  (24.90 m of 8.35)
  ok   10 w3 apron:34:150 [savannah] inside the field
  ok   10 w3 apron:34:150 [savannah] flat  (0.35 m of 0.60)
  ok   10 w3 apron:34:150 [savannah] dry
  ok   10 w3 apron:34:150 [savannah] clear of solid things  (Infinity m of 3.00 (nothing))
  ok   10 w3 apron:34:150 [savannah] clear of stock build's routes  (25.32 m of 8.00)
  ok   10 w3 apron:34:150 [savannah] clear of aluminium C172's routes  (25.32 m of 8.50)
  ok   10 w3 apron:34:150 [savannah] clear of the user's Cub's routes  (25.32 m of 8.35)
  ok   10 w3 apron:34:150 [ul1] inside the field
  ok   10 w3 apron:34:150 [ul1] flat  (0.36 m of 0.60)
  ok   10 w3 apron:34:150 [ul1] dry
  ok   10 w3 apron:34:150 [ul1] clear of solid things  (Infinity m of 3.00 (nothing))
  ok   10 w3 apron:34:150 [ul1] clear of stock build's routes  (25.23 m of 8.00)
  ok   10 w3 apron:34:150 [ul1] clear of aluminium C172's routes  (25.23 m of 8.50)
  ok   10 w3 apron:34:150 [ul1] clear of the user's Cub's routes  (25.23 m of 8.35)
  ok   10 w3 apron:34:150 [floatplane] inside the field
  ok   10 w3 apron:34:150 [floatplane] flat  (0.44 m of 0.60)
  ok   10 w3 apron:34:150 [floatplane] dry
  ok   10 w3 apron:34:150 [floatplane] clear of solid things  (Infinity m of 3.00 (nothing))
  ok   10 w3 apron:34:150 [floatplane] clear of stock build's routes  (23.99 m of 8.00)
  ok   10 w3 apron:34:150 [floatplane] clear of aluminium C172's routes  (23.99 m of 8.50)
  ok   10 w3 apron:34:150 [floatplane] clear of the user's Cub's routes  (23.99 m of 8.35)
  ok   10 w3 apron:34:150 [pusherPod] inside the field
  ok   10 w3 apron:34:150 [pusherPod] flat  (0.36 m of 0.60)
  ok   10 w3 apron:34:150 [pusherPod] dry
  ok   10 w3 apron:34:150 [pusherPod] clear of solid things  (Infinity m of 3.00 (nothing))
  ok   10 w3 apron:34:150 [pusherPod] clear of stock build's routes  (25.16 m of 8.00)
  ok   10 w3 apron:34:150 [pusherPod] clear of aluminium C172's routes  (25.16 m of 8.50)
  ok   10 w3 apron:34:150 [pusherPod] clear of the user's Cub's routes  (25.16 m of 8.35)
  ok   10 w3 apron:34:150 [motorglider] inside the field
  ok   10 w3 apron:34:150 [motorglider] flat  (0.44 m of 0.60)
  ok   10 w3 apron:34:150 [motorglider] dry
  ok   10 w3 apron:34:150 [motorglider] clear of solid things  (Infinity m of 3.00 (nothing))
  ok   10 w3 apron:34:150 [motorglider] clear of stock build's routes  (23.87 m of 8.00)
  ok   10 w3 apron:34:150 [motorglider] clear of aluminium C172's routes  (23.87 m of 8.50)
  ok   10 w3 apron:34:150 [motorglider] clear of the user's Cub's routes  (23.87 m of 8.35)
  ok   10 w3 apron:34:150 [radial] inside the field
  ok   10 w3 apron:34:150 [radial] flat  (0.41 m of 0.60)
  ok   10 w3 apron:34:150 [radial] dry
  ok   10 w3 apron:34:150 [radial] clear of solid things  (Infinity m of 3.00 (nothing))
  ok   10 w3 apron:34:150 [radial] clear of stock build's routes  (24.34 m of 8.00)
  ok   10 w3 apron:34:150 [radial] clear of aluminium C172's routes  (24.34 m of 8.50)
  ok   10 w3 apron:34:150 [radial] clear of the user's Cub's routes  (24.34 m of 8.35)
  ok   10 w3 apron:34:150 [etrainer] inside the field
  ok   10 w3 apron:34:150 [etrainer] flat  (0.36 m of 0.60)
  ok   10 w3 apron:34:150 [etrainer] dry
  ok   10 w3 apron:34:150 [etrainer] clear of solid things  (Infinity m of 3.00 (nothing))
  ok   10 w3 apron:34:150 [etrainer] clear of stock build's routes  (25.30 m of 8.00)
  ok   10 w3 apron:34:150 [etrainer] clear of aluminium C172's routes  (25.30 m of 8.50)
  ok   10 w3 apron:34:150 [etrainer] clear of the user's Cub's routes  (25.30 m of 8.35)
  ok   10 w3 apron:34:150 [ttail] inside the field
  ok   10 w3 apron:34:150 [ttail] flat  (0.41 m of 0.60)
  ok   10 w3 apron:34:150 [ttail] dry
  ok   10 w3 apron:34:150 [ttail] clear of solid things  (Infinity m of 3.00 (nothing))
  ok   10 w3 apron:34:150 [ttail] clear of stock build's routes  (24.34 m of 8.00)
  ok   10 w3 apron:34:150 [ttail] clear of aluminium C172's routes  (24.34 m of 8.50)
  ok   10 w3 apron:34:150 [ttail] clear of the user's Cub's routes  (24.34 m of 8.35)
  ok   10 w3 apron:34:150 [vtail] inside the field
  ok   10 w3 apron:34:150 [vtail] flat  (0.41 m of 0.60)
  ok   10 w3 apron:34:150 [vtail] dry
  ok   10 w3 apron:34:150 [vtail] clear of solid things  (Infinity m of 3.00 (nothing))
  ok   10 w3 apron:34:150 [vtail] clear of stock build's routes  (24.29 m of 8.00)
  ok   10 w3 apron:34:150 [vtail] clear of aluminium C172's routes  (24.29 m of 8.50)
  ok   10 w3 apron:34:150 [vtail] clear of the user's Cub's routes  (24.29 m of 8.35)
  ok   10 w3 apron:34:150 [mw5] inside the field
  ok   10 w3 apron:34:150 [mw5] flat  (0.36 m of 0.60)
  ok   10 w3 apron:34:150 [mw5] dry
  ok   10 w3 apron:34:150 [mw5] clear of solid things  (Infinity m of 3.00 (nothing))
  ok   10 w3 apron:34:150 [mw5] clear of stock build's routes  (25.13 m of 8.00)
  ok   10 w3 apron:34:150 [mw5] clear of aluminium C172's routes  (25.13 m of 8.50)
  ok   10 w3 apron:34:150 [mw5] clear of the user's Cub's routes  (25.13 m of 8.35)
  ok   10 w3 apron:34:150 [archaeopteryx] inside the field
  ok   10 w3 apron:34:150 [archaeopteryx] flat  (0.38 m of 0.60)
  ok   10 w3 apron:34:150 [archaeopteryx] dry
  ok   10 w3 apron:34:150 [archaeopteryx] clear of solid things  (Infinity m of 3.00 (nothing))
  ok   10 w3 apron:34:150 [archaeopteryx] clear of stock build's routes  (24.49 m of 8.00)
  ok   10 w3 apron:34:150 [archaeopteryx] clear of aluminium C172's routes  (24.49 m of 8.50)
  ok   10 w3 apron:34:150 [archaeopteryx] clear of the user's Cub's routes  (24.49 m of 8.35)
  ok   10 w3 apron:34:150 [da62] inside the field
  ok   10 w3 apron:34:150 [da62] flat  (0.49 m of 0.60)
  ok   10 w3 apron:34:150 [da62] dry
  ok   10 w3 apron:34:150 [da62] clear of solid things  (Infinity m of 3.00 (nothing))
  ok   10 w3 apron:34:150 [da62] clear of stock build's routes  (22.89 m of 8.00)
  ok   10 w3 apron:34:150 [da62] clear of aluminium C172's routes  (22.89 m of 8.50)
  ok   10 w3 apron:34:150 [da62] clear of the user's Cub's routes  (22.89 m of 8.35)
  ok   10 w3 apron:34:150 [twinBush] inside the field
  ok   10 w3 apron:34:150 [twinBush] flat  (0.55 m of 0.60)
  ok   10 w3 apron:34:150 [twinBush] dry
  ok   10 w3 apron:34:150 [twinBush] clear of solid things  (Infinity m of 3.00 (nothing))
  ok   10 w3 apron:34:150 [twinBush] clear of stock build's routes  (21.52 m of 8.00)
  ok   10 w3 apron:34:150 [twinBush] clear of aluminium C172's routes  (21.52 m of 8.50)
  ok   10 w3 apron:34:150 [twinBush] clear of the user's Cub's routes  (21.52 m of 8.35)
  ok   10 w3 apron:34:150 [skymaster] inside the field
  ok   10 w3 apron:34:150 [skymaster] flat  (0.40 m of 0.60)
  ok   10 w3 apron:34:150 [skymaster] dry
  ok   10 w3 apron:34:150 [skymaster] clear of solid things  (Infinity m of 3.00 (nothing))
  ok   10 w3 apron:34:150 [skymaster] clear of stock build's routes  (24.39 m of 8.00)
  ok   10 w3 apron:34:150 [skymaster] clear of aluminium C172's routes  (24.39 m of 8.50)
  ok   10 w3 apron:34:150 [skymaster] clear of the user's Cub's routes  (24.39 m of 8.35)
  ok   10 w3 apron:34:150 [p38] inside the field
  ok   10 w3 apron:34:150 [p38] flat  (0.39 m of 0.60)
  ok   10 w3 apron:34:150 [p38] dry
  ok   10 w3 apron:34:150 [p38] clear of solid things  (Infinity m of 3.00 (nothing))
  ok   10 w3 apron:34:150 [p38] clear of stock build's routes  (24.44 m of 8.00)
  ok   10 w3 apron:34:150 [p38] clear of aluminium C172's routes  (24.44 m of 8.50)
  ok   10 w3 apron:34:150 [p38] clear of the user's Cub's routes  (24.44 m of 8.35)
  ok   10 w3 apron:34:150 [beaver] inside the field
  ok   10 w3 apron:34:150 [beaver] flat  (0.51 m of 0.60)
  ok   10 w3 apron:34:150 [beaver] dry
  ok   10 w3 apron:34:150 [beaver] clear of solid things  (Infinity m of 3.00 (nothing))
  ok   10 w3 apron:34:150 [beaver] clear of stock build's routes  (22.73 m of 8.00)
  ok   10 w3 apron:34:150 [beaver] clear of aluminium C172's routes  (22.73 m of 8.50)
  ok   10 w3 apron:34:150 [beaver] clear of the user's Cub's routes  (22.73 m of 8.35)
  ok   10 w3 apron:34:150 [default] inside the field
  ok   10 w3 apron:34:150 [default] flat  (0.50 m of 0.60)
  ok   10 w3 apron:34:150 [default] dry
  ok   10 w3 apron:34:150 [default] clear of solid things  (Infinity m of 3.00 (nothing))
  ok   10 w3 apron:34:150 [default] clear of stock build's routes  (23.50 m of 8.00)
  ok   10 w3 apron:34:150 [default] clear of aluminium C172's routes  (23.50 m of 8.50)
  ok   10 w3 apron:34:150 [default] clear of the user's Cub's routes  (23.50 m of 8.35)
  ok   10 w3 apron:34:195 [cub] inside the field
  ok   10 w3 apron:34:195 [cub] flat  (0.24 m of 0.60)
  ok   10 w3 apron:34:195 [cub] dry
  ok   10 w3 apron:34:195 [cub] clear of solid things  (10.45 m of 3.00 (item s_strip/shed))
  ok   10 w3 apron:34:195 [cub] clear of stock build's routes  (32.70 m of 8.00)
  ok   10 w3 apron:34:195 [cub] clear of aluminium C172's routes  (32.70 m of 8.50)
  ok   10 w3 apron:34:195 [cub] clear of the user's Cub's routes  (32.70 m of 8.35)
  ok   10 w3 apron:34:195 [pietenpol] inside the field
  ok   10 w3 apron:34:195 [pietenpol] flat  (0.20 m of 0.60)
  ok   10 w3 apron:34:195 [pietenpol] dry
  ok   10 w3 apron:34:195 [pietenpol] clear of solid things  (11.29 m of 3.00 (item s_strip/shed))
  ok   10 w3 apron:34:195 [pietenpol] clear of stock build's routes  (33.10 m of 8.00)
  ok   10 w3 apron:34:195 [pietenpol] clear of aluminium C172's routes  (33.10 m of 8.50)
  ok   10 w3 apron:34:195 [pietenpol] clear of the user's Cub's routes  (33.10 m of 8.35)
  ok   10 w3 apron:34:195 [tigermoth] inside the field
  ok   10 w3 apron:34:195 [tigermoth] flat  (0.20 m of 0.60)
  ok   10 w3 apron:34:195 [tigermoth] dry
  ok   10 w3 apron:34:195 [tigermoth] clear of solid things  (11.24 m of 3.00 (item s_strip/shed))
  ok   10 w3 apron:34:195 [tigermoth] clear of stock build's routes  (33.10 m of 8.00)
  ok   10 w3 apron:34:195 [tigermoth] clear of aluminium C172's routes  (33.10 m of 8.50)
  ok   10 w3 apron:34:195 [tigermoth] clear of the user's Cub's routes  (33.10 m of 8.35)
  ok   10 w3 apron:34:195 [stearman] inside the field
  ok   10 w3 apron:34:195 [stearman] flat  (0.22 m of 0.60)
  ok   10 w3 apron:34:195 [stearman] dry
  ok   10 w3 apron:34:195 [stearman] clear of solid things  (10.95 m of 3.00 (item s_strip/shed))
  ok   10 w3 apron:34:195 [stearman] clear of stock build's routes  (33.00 m of 8.00)
  ok   10 w3 apron:34:195 [stearman] clear of aluminium C172's routes  (33.00 m of 8.50)
  ok   10 w3 apron:34:195 [stearman] clear of the user's Cub's routes  (33.00 m of 8.35)
  ok   10 w3 apron:34:195 [pittsAlike] inside the field
  ok   10 w3 apron:34:195 [pittsAlike] flat  (0.14 m of 0.60)
  ok   10 w3 apron:34:195 [pittsAlike] dry
  ok   10 w3 apron:34:195 [pittsAlike] clear of solid things  (11.90 m of 3.00 (item s_strip/shed))
  ok   10 w3 apron:34:195 [pittsAlike] clear of stock build's routes  (33.10 m of 8.00)
  ok   10 w3 apron:34:195 [pittsAlike] clear of aluminium C172's routes  (33.10 m of 8.50)
  ok   10 w3 apron:34:195 [pittsAlike] clear of the user's Cub's routes  (33.10 m of 8.35)
  ok   10 w3 apron:34:195 [sesqui] inside the field
  ok   10 w3 apron:34:195 [sesqui] flat  (0.22 m of 0.60)
  ok   10 w3 apron:34:195 [sesqui] dry
  ok   10 w3 apron:34:195 [sesqui] clear of solid things  (10.99 m of 3.00 (item s_strip/shed))
  ok   10 w3 apron:34:195 [sesqui] clear of stock build's routes  (33.10 m of 8.00)
  ok   10 w3 apron:34:195 [sesqui] clear of aluminium C172's routes  (33.10 m of 8.50)
  ok   10 w3 apron:34:195 [sesqui] clear of the user's Cub's routes  (33.10 m of 8.35)
  ok   10 w3 apron:34:195 [jodel] inside the field
  ok   10 w3 apron:34:195 [jodel] flat  (0.18 m of 0.60)
  ok   10 w3 apron:34:195 [jodel] dry
  ok   10 w3 apron:34:195 [jodel] clear of solid things  (10.98 m of 3.00 (item s_strip/shed))
  ok   10 w3 apron:34:195 [jodel] clear of stock build's routes  (32.60 m of 8.00)
  ok   10 w3 apron:34:195 [jodel] clear of aluminium C172's routes  (32.60 m of 8.50)
  ok   10 w3 apron:34:195 [jodel] clear of the user's Cub's routes  (32.60 m of 8.35)
  ok   10 w3 apron:34:195 [c172] inside the field
  ok   10 w3 apron:34:195 [c172] flat  (0.24 m of 0.60)
  ok   10 w3 apron:34:195 [c172] dry
  ok   10 w3 apron:34:195 [c172] clear of solid things  (10.22 m of 3.00 (item s_strip/shed))
  ok   10 w3 apron:34:195 [c172] clear of stock build's routes  (32.50 m of 8.00)
  ok   10 w3 apron:34:195 [c172] clear of aluminium C172's routes  (32.50 m of 8.50)
  ok   10 w3 apron:34:195 [c172] clear of the user's Cub's routes  (32.50 m of 8.35)
  ok   10 w3 apron:34:195 [chinook] inside the field
  ok   10 w3 apron:34:195 [chinook] flat  (0.22 m of 0.60)
  ok   10 w3 apron:34:195 [chinook] dry
  ok   10 w3 apron:34:195 [chinook] clear of solid things  (11.48 m of 3.00 (item s_strip/shed))
  ok   10 w3 apron:34:195 [chinook] clear of stock build's routes  (33.60 m of 8.00)
  ok   10 w3 apron:34:195 [chinook] clear of aluminium C172's routes  (33.60 m of 8.50)
  ok   10 w3 apron:34:195 [chinook] clear of the user's Cub's routes  (33.60 m of 8.35)
  ok   10 w3 apron:34:195 [caravan] inside the field
  ok   10 w3 apron:34:195 [caravan] flat  (0.31 m of 0.60)
  ok   10 w3 apron:34:195 [caravan] dry
  ok   10 w3 apron:34:195 [caravan] clear of solid things  (9.05 m of 3.00 (item s_strip/shed))
  ok   10 w3 apron:34:195 [caravan] clear of stock build's routes  (31.90 m of 8.00)
  ok   10 w3 apron:34:195 [caravan] clear of aluminium C172's routes  (31.90 m of 8.50)
  ok   10 w3 apron:34:195 [caravan] clear of the user's Cub's routes  (31.90 m of 8.35)
  ok   10 w3 apron:34:195 [rv] inside the field
  ok   10 w3 apron:34:195 [rv] flat  (0.22 m of 0.60)
  ok   10 w3 apron:34:195 [rv] dry
  ok   10 w3 apron:34:195 [rv] clear of solid things  (11.04 m of 3.00 (item s_strip/shed))
  ok   10 w3 apron:34:195 [rv] clear of stock build's routes  (33.10 m of 8.00)
  ok   10 w3 apron:34:195 [rv] clear of aluminium C172's routes  (33.10 m of 8.50)
  ok   10 w3 apron:34:195 [rv] clear of the user's Cub's routes  (33.10 m of 8.35)
  ok   10 w3 apron:34:195 [savannah] inside the field
  ok   10 w3 apron:34:195 [savannah] flat  (0.20 m of 0.60)
  ok   10 w3 apron:34:195 [savannah] dry
  ok   10 w3 apron:34:195 [savannah] clear of solid things  (11.19 m of 3.00 (item s_strip/shed))
  ok   10 w3 apron:34:195 [savannah] clear of stock build's routes  (33.10 m of 8.00)
  ok   10 w3 apron:34:195 [savannah] clear of aluminium C172's routes  (33.10 m of 8.50)
  ok   10 w3 apron:34:195 [savannah] clear of the user's Cub's routes  (33.10 m of 8.35)
  ok   10 w3 apron:34:195 [ul1] inside the field
  ok   10 w3 apron:34:195 [ul1] flat  (0.21 m of 0.60)
  ok   10 w3 apron:34:195 [ul1] dry
  ok   10 w3 apron:34:195 [ul1] clear of solid things  (11.14 m of 3.00 (item s_strip/shed))
  ok   10 w3 apron:34:195 [ul1] clear of stock build's routes  (33.10 m of 8.00)
  ok   10 w3 apron:34:195 [ul1] clear of aluminium C172's routes  (33.10 m of 8.50)
  ok   10 w3 apron:34:195 [ul1] clear of the user's Cub's routes  (33.10 m of 8.35)
  ok   10 w3 apron:34:195 [floatplane] inside the field
  ok   10 w3 apron:34:195 [floatplane] flat  (0.26 m of 0.60)
  ok   10 w3 apron:34:195 [floatplane] dry
  ok   10 w3 apron:34:195 [floatplane] clear of solid things  (10.32 m of 3.00 (item s_strip/shed))
  ok   10 w3 apron:34:195 [floatplane] clear of stock build's routes  (32.80 m of 8.00)
  ok   10 w3 apron:34:195 [floatplane] clear of aluminium C172's routes  (32.80 m of 8.50)
  ok   10 w3 apron:34:195 [floatplane] clear of the user's Cub's routes  (32.80 m of 8.35)
  ok   10 w3 apron:34:195 [pusherPod] inside the field
  ok   10 w3 apron:34:195 [pusherPod] flat  (0.20 m of 0.60)
  ok   10 w3 apron:34:195 [pusherPod] dry
  ok   10 w3 apron:34:195 [pusherPod] clear of solid things  (11.45 m of 3.00 (item s_strip/shed))
  ok   10 w3 apron:34:195 [pusherPod] clear of stock build's routes  (33.40 m of 8.00)
  ok   10 w3 apron:34:195 [pusherPod] clear of aluminium C172's routes  (33.40 m of 8.50)
  ok   10 w3 apron:34:195 [pusherPod] clear of the user's Cub's routes  (33.40 m of 8.35)
  ok   10 w3 apron:34:195 [motorglider] inside the field
  ok   10 w3 apron:34:195 [motorglider] flat  (0.29 m of 0.60)
  ok   10 w3 apron:34:195 [motorglider] dry
  ok   10 w3 apron:34:195 [motorglider] clear of solid things  (10.35 m of 3.00 (item s_strip/shed))
  ok   10 w3 apron:34:195 [motorglider] clear of stock build's routes  (33.10 m of 8.00)
  ok   10 w3 apron:34:195 [motorglider] clear of aluminium C172's routes  (33.10 m of 8.50)
  ok   10 w3 apron:34:195 [motorglider] clear of the user's Cub's routes  (33.10 m of 8.35)
  ok   10 w3 apron:34:195 [radial] inside the field
  ok   10 w3 apron:34:195 [radial] flat  (0.24 m of 0.60)
  ok   10 w3 apron:34:195 [radial] dry
  ok   10 w3 apron:34:195 [radial] clear of solid things  (10.76 m of 3.00 (item s_strip/shed))
  ok   10 w3 apron:34:195 [radial] clear of stock build's routes  (33.10 m of 8.00)
  ok   10 w3 apron:34:195 [radial] clear of aluminium C172's routes  (33.10 m of 8.50)
  ok   10 w3 apron:34:195 [radial] clear of the user's Cub's routes  (33.10 m of 8.35)
  ok   10 w3 apron:34:195 [etrainer] inside the field
  ok   10 w3 apron:34:195 [etrainer] flat  (0.20 m of 0.60)
  ok   10 w3 apron:34:195 [etrainer] dry
  ok   10 w3 apron:34:195 [etrainer] clear of solid things  (11.24 m of 3.00 (item s_strip/shed))
  ok   10 w3 apron:34:195 [etrainer] clear of stock build's routes  (33.10 m of 8.00)
  ok   10 w3 apron:34:195 [etrainer] clear of aluminium C172's routes  (33.10 m of 8.50)
  ok   10 w3 apron:34:195 [etrainer] clear of the user's Cub's routes  (33.10 m of 8.35)
  ok   10 w3 apron:34:195 [ttail] inside the field
  ok   10 w3 apron:34:195 [ttail] flat  (0.24 m of 0.60)
  ok   10 w3 apron:34:195 [ttail] dry
  ok   10 w3 apron:34:195 [ttail] clear of solid things  (10.76 m of 3.00 (item s_strip/shed))
  ok   10 w3 apron:34:195 [ttail] clear of stock build's routes  (33.10 m of 8.00)
  ok   10 w3 apron:34:195 [ttail] clear of aluminium C172's routes  (33.10 m of 8.50)
  ok   10 w3 apron:34:195 [ttail] clear of the user's Cub's routes  (33.10 m of 8.35)
  ok   10 w3 apron:34:195 [vtail] inside the field
  ok   10 w3 apron:34:195 [vtail] flat  (0.24 m of 0.60)
  ok   10 w3 apron:34:195 [vtail] dry
  ok   10 w3 apron:34:195 [vtail] clear of solid things  (10.76 m of 3.00 (item s_strip/shed))
  ok   10 w3 apron:34:195 [vtail] clear of stock build's routes  (33.10 m of 8.00)
  ok   10 w3 apron:34:195 [vtail] clear of aluminium C172's routes  (33.10 m of 8.50)
  ok   10 w3 apron:34:195 [vtail] clear of the user's Cub's routes  (33.10 m of 8.35)
  ok   10 w3 apron:34:195 [mw5] inside the field
  ok   10 w3 apron:34:195 [mw5] flat  (0.21 m of 0.60)
  ok   10 w3 apron:34:195 [mw5] dry
  ok   10 w3 apron:34:195 [mw5] clear of solid things  (11.40 m of 3.00 (item s_strip/shed))
  ok   10 w3 apron:34:195 [mw5] clear of stock build's routes  (33.40 m of 8.00)
  ok   10 w3 apron:34:195 [mw5] clear of aluminium C172's routes  (33.40 m of 8.50)
  ok   10 w3 apron:34:195 [mw5] clear of the user's Cub's routes  (33.40 m of 8.35)
  ok   10 w3 apron:34:195 [archaeopteryx] inside the field
  ok   10 w3 apron:34:195 [archaeopteryx] flat  (0.24 m of 0.60)
  ok   10 w3 apron:34:195 [archaeopteryx] dry
  ok   10 w3 apron:34:195 [archaeopteryx] clear of solid things  (11.03 m of 3.00 (item s_strip/shed))
  ok   10 w3 apron:34:195 [archaeopteryx] clear of stock build's routes  (33.40 m of 8.00)
  ok   10 w3 apron:34:195 [archaeopteryx] clear of aluminium C172's routes  (33.40 m of 8.50)
  ok   10 w3 apron:34:195 [archaeopteryx] clear of the user's Cub's routes  (33.40 m of 8.35)
  ok   10 w3 apron:34:195 [da62] inside the field
  ok   10 w3 apron:34:195 [da62] flat  (0.31 m of 0.60)
  ok   10 w3 apron:34:195 [da62] dry
  ok   10 w3 apron:34:195 [da62] clear of solid things  (10.37 m of 3.00 (item s_strip/shed))
  ok   10 w3 apron:34:195 [da62] clear of stock build's routes  (33.30 m of 8.00)
  ok   10 w3 apron:34:195 [da62] clear of aluminium C172's routes  (33.30 m of 8.50)
  ok   10 w3 apron:34:195 [da62] clear of the user's Cub's routes  (33.30 m of 8.35)
  ok   10 w3 apron:34:195 [twinBush] inside the field
  ok   10 w3 apron:34:195 [twinBush] flat  (0.36 m of 0.60)
  ok   10 w3 apron:34:195 [twinBush] dry
  ok   10 w3 apron:34:195 [twinBush] clear of solid things  (10.10 m of 3.00 (item s_strip/shed))
  ok   10 w3 apron:34:195 [twinBush] clear of stock build's routes  (33.30 m of 8.00)
  ok   10 w3 apron:34:195 [twinBush] clear of aluminium C172's routes  (33.30 m of 8.50)
  ok   10 w3 apron:34:195 [twinBush] clear of the user's Cub's routes  (33.30 m of 8.35)
  ok   10 w3 apron:34:195 [skymaster] inside the field
  ok   10 w3 apron:34:195 [skymaster] flat  (0.24 m of 0.60)
  ok   10 w3 apron:34:195 [skymaster] dry
  ok   10 w3 apron:34:195 [skymaster] clear of solid things  (10.76 m of 3.00 (item s_strip/shed))
  ok   10 w3 apron:34:195 [skymaster] clear of stock build's routes  (33.10 m of 8.00)
  ok   10 w3 apron:34:195 [skymaster] clear of aluminium C172's routes  (33.10 m of 8.50)
  ok   10 w3 apron:34:195 [skymaster] clear of the user's Cub's routes  (33.10 m of 8.35)
  ok   10 w3 apron:34:195 [p38] inside the field
  ok   10 w3 apron:34:195 [p38] flat  (0.24 m of 0.60)
  ok   10 w3 apron:34:195 [p38] dry
  ok   10 w3 apron:34:195 [p38] clear of solid things  (10.94 m of 3.00 (item s_strip/shed))
  ok   10 w3 apron:34:195 [p38] clear of stock build's routes  (33.30 m of 8.00)
  ok   10 w3 apron:34:195 [p38] clear of aluminium C172's routes  (33.30 m of 8.50)
  ok   10 w3 apron:34:195 [p38] clear of the user's Cub's routes  (33.30 m of 8.35)
  ok   10 w3 apron:34:195 [beaver] inside the field
  ok   10 w3 apron:34:195 [beaver] flat  (0.32 m of 0.60)
  ok   10 w3 apron:34:195 [beaver] dry
  ok   10 w3 apron:34:195 [beaver] clear of solid things  (10.00 m of 3.00 (item s_strip/shed))
  ok   10 w3 apron:34:195 [beaver] clear of stock build's routes  (33.00 m of 8.00)
  ok   10 w3 apron:34:195 [beaver] clear of aluminium C172's routes  (33.00 m of 8.50)
  ok   10 w3 apron:34:195 [beaver] clear of the user's Cub's routes  (33.00 m of 8.35)
  ok   10 w3 apron:34:195 [default] inside the field
  ok   10 w3 apron:34:195 [default] flat  (0.27 m of 0.60)
  ok   10 w3 apron:34:195 [default] dry
  ok   10 w3 apron:34:195 [default] clear of solid things  (9.91 m of 3.00 (item s_strip/shed))
  ok   10 w3 apron:34:195 [default] clear of stock build's routes  (32.40 m of 8.00)
  ok   10 w3 apron:34:195 [default] clear of aluminium C172's routes  (32.40 m of 8.50)
  ok   10 w3 apron:34:195 [default] clear of the user's Cub's routes  (32.40 m of 8.35)
  ok   10 w3 apron:34:285 [cub] inside the field
  ok   10 w3 apron:34:285 [cub] flat  (0.00 m of 0.60)
  ok   10 w3 apron:34:285 [cub] dry
  ok   10 w3 apron:34:285 [cub] clear of solid things  (7.03 m of 3.00 (item s_strip/hut))
  ok   10 w3 apron:34:285 [cub] clear of stock build's routes  (32.70 m of 8.00)
  ok   10 w3 apron:34:285 [cub] clear of aluminium C172's routes  (32.70 m of 8.50)
  ok   10 w3 apron:34:285 [cub] clear of the user's Cub's routes  (32.70 m of 8.35)
  ok   10 w3 apron:34:285 [pietenpol] inside the field
  ok   10 w3 apron:34:285 [pietenpol] flat  (0.00 m of 0.60)
  ok   10 w3 apron:34:285 [pietenpol] dry
  ok   10 w3 apron:34:285 [pietenpol] clear of solid things  (8.03 m of 3.00 (item s_strip/hut))
  ok   10 w3 apron:34:285 [pietenpol] clear of stock build's routes  (33.10 m of 8.00)
  ok   10 w3 apron:34:285 [pietenpol] clear of aluminium C172's routes  (33.10 m of 8.50)
  ok   10 w3 apron:34:285 [pietenpol] clear of the user's Cub's routes  (33.10 m of 8.35)
  ok   10 w3 apron:34:285 [tigermoth] inside the field
  ok   10 w3 apron:34:285 [tigermoth] flat  (0.00 m of 0.60)
  ok   10 w3 apron:34:285 [tigermoth] dry
  ok   10 w3 apron:34:285 [tigermoth] clear of solid things  (7.93 m of 3.00 (item s_strip/hut))
  ok   10 w3 apron:34:285 [tigermoth] clear of stock build's routes  (33.10 m of 8.00)
  ok   10 w3 apron:34:285 [tigermoth] clear of aluminium C172's routes  (33.10 m of 8.50)
  ok   10 w3 apron:34:285 [tigermoth] clear of the user's Cub's routes  (33.10 m of 8.35)
  ok   10 w3 apron:34:285 [stearman] inside the field
  ok   10 w3 apron:34:285 [stearman] flat  (0.00 m of 0.60)
  ok   10 w3 apron:34:285 [stearman] dry
  ok   10 w3 apron:34:285 [stearman] clear of solid things  (7.53 m of 3.00 (item s_strip/hut))
  ok   10 w3 apron:34:285 [stearman] clear of stock build's routes  (33.00 m of 8.00)
  ok   10 w3 apron:34:285 [stearman] clear of aluminium C172's routes  (33.00 m of 8.50)
  ok   10 w3 apron:34:285 [stearman] clear of the user's Cub's routes  (33.00 m of 8.35)
  ok   10 w3 apron:34:285 [pittsAlike] inside the field
  ok   10 w3 apron:34:285 [pittsAlike] flat  (0.00 m of 0.60)
  ok   10 w3 apron:34:285 [pittsAlike] dry
  ok   10 w3 apron:34:285 [pittsAlike] clear of solid things  (9.13 m of 3.00 (item s_strip/hut))
  ok   10 w3 apron:34:285 [pittsAlike] clear of stock build's routes  (33.10 m of 8.00)
  ok   10 w3 apron:34:285 [pittsAlike] clear of aluminium C172's routes  (33.10 m of 8.50)
  ok   10 w3 apron:34:285 [pittsAlike] clear of the user's Cub's routes  (33.10 m of 8.35)
  ok   10 w3 apron:34:285 [sesqui] inside the field
  ok   10 w3 apron:34:285 [sesqui] flat  (0.00 m of 0.60)
  ok   10 w3 apron:34:285 [sesqui] dry
  ok   10 w3 apron:34:285 [sesqui] clear of solid things  (7.43 m of 3.00 (item s_strip/hut))
  ok   10 w3 apron:34:285 [sesqui] clear of stock build's routes  (33.10 m of 8.00)
  ok   10 w3 apron:34:285 [sesqui] clear of aluminium C172's routes  (33.10 m of 8.50)
  ok   10 w3 apron:34:285 [sesqui] clear of the user's Cub's routes  (33.10 m of 8.35)
  ok   10 w3 apron:34:285 [jodel] inside the field
  ok   10 w3 apron:34:285 [jodel] flat  (0.00 m of 0.60)
  ok   10 w3 apron:34:285 [jodel] dry
  ok   10 w3 apron:34:285 [jodel] clear of solid things  (8.23 m of 3.00 (item s_strip/hut))
  ok   10 w3 apron:34:285 [jodel] clear of stock build's routes  (32.60 m of 8.00)
  ok   10 w3 apron:34:285 [jodel] clear of aluminium C172's routes  (32.60 m of 8.50)
  ok   10 w3 apron:34:285 [jodel] clear of the user's Cub's routes  (32.60 m of 8.35)
  ok   10 w3 apron:34:285 [c172] inside the field
  ok   10 w3 apron:34:285 [c172] flat  (0.00 m of 0.60)
  ok   10 w3 apron:34:285 [c172] dry
  ok   10 w3 apron:34:285 [c172] clear of solid things  (6.93 m of 3.00 (item s_strip/hut))
  ok   10 w3 apron:34:285 [c172] clear of stock build's routes  (32.50 m of 8.00)
  ok   10 w3 apron:34:285 [c172] clear of aluminium C172's routes  (32.50 m of 8.50)
  ok   10 w3 apron:34:285 [c172] clear of the user's Cub's routes  (32.50 m of 8.35)
  ok   10 w3 apron:34:285 [chinook] inside the field
  ok   10 w3 apron:34:285 [chinook] flat  (0.00 m of 0.60)
  ok   10 w3 apron:34:285 [chinook] dry
  ok   10 w3 apron:34:285 [chinook] clear of solid things  (7.53 m of 3.00 (item s_strip/hut))
  ok   10 w3 apron:34:285 [chinook] clear of stock build's routes  (33.60 m of 8.00)
  ok   10 w3 apron:34:285 [chinook] clear of aluminium C172's routes  (33.60 m of 8.50)
  ok   10 w3 apron:34:285 [chinook] clear of the user's Cub's routes  (33.60 m of 8.35)
  ok   10 w3 apron:34:285 [caravan] inside the field
  ok   10 w3 apron:34:285 [caravan] flat  (0.00 m of 0.60)
  ok   10 w3 apron:34:285 [caravan] dry
  ok   10 w3 apron:34:285 [caravan] clear of solid things  (5.43 m of 3.00 (item s_strip/hut))
  ok   10 w3 apron:34:285 [caravan] clear of stock build's routes  (31.90 m of 8.00)
  ok   10 w3 apron:34:285 [caravan] clear of aluminium C172's routes  (31.90 m of 8.50)
  ok   10 w3 apron:34:285 [caravan] clear of the user's Cub's routes  (31.90 m of 8.35)
  ok   10 w3 apron:34:285 [rv] inside the field
  ok   10 w3 apron:34:285 [rv] flat  (0.00 m of 0.60)
  ok   10 w3 apron:34:285 [rv] dry
  ok   10 w3 apron:34:285 [rv] clear of solid things  (7.53 m of 3.00 (item s_strip/hut))
  ok   10 w3 apron:34:285 [rv] clear of stock build's routes  (33.10 m of 8.00)
  ok   10 w3 apron:34:285 [rv] clear of aluminium C172's routes  (33.10 m of 8.50)
  ok   10 w3 apron:34:285 [rv] clear of the user's Cub's routes  (33.10 m of 8.35)
  ok   10 w3 apron:34:285 [savannah] inside the field
  ok   10 w3 apron:34:285 [savannah] flat  (0.00 m of 0.60)
  ok   10 w3 apron:34:285 [savannah] dry
  ok   10 w3 apron:34:285 [savannah] clear of solid things  (7.83 m of 3.00 (item s_strip/hut))
  ok   10 w3 apron:34:285 [savannah] clear of stock build's routes  (33.10 m of 8.00)
  ok   10 w3 apron:34:285 [savannah] clear of aluminium C172's routes  (33.10 m of 8.50)
  ok   10 w3 apron:34:285 [savannah] clear of the user's Cub's routes  (33.10 m of 8.35)
  ok   10 w3 apron:34:285 [ul1] inside the field
  ok   10 w3 apron:34:285 [ul1] flat  (0.00 m of 0.60)
  ok   10 w3 apron:34:285 [ul1] dry
  ok   10 w3 apron:34:285 [ul1] clear of solid things  (7.73 m of 3.00 (item s_strip/hut))
  ok   10 w3 apron:34:285 [ul1] clear of stock build's routes  (33.10 m of 8.00)
  ok   10 w3 apron:34:285 [ul1] clear of aluminium C172's routes  (33.10 m of 8.50)
  ok   10 w3 apron:34:285 [ul1] clear of the user's Cub's routes  (33.10 m of 8.35)
  ok   10 w3 apron:34:285 [floatplane] inside the field
  ok   10 w3 apron:34:285 [floatplane] flat  (0.00 m of 0.60)
  ok   10 w3 apron:34:285 [floatplane] dry
  ok   10 w3 apron:34:285 [floatplane] clear of solid things  (6.53 m of 3.00 (item s_strip/hut))
  ok   10 w3 apron:34:285 [floatplane] clear of stock build's routes  (32.80 m of 8.00)
  ok   10 w3 apron:34:285 [floatplane] clear of aluminium C172's routes  (32.80 m of 8.50)
  ok   10 w3 apron:34:285 [floatplane] clear of the user's Cub's routes  (32.80 m of 8.35)
  ok   10 w3 apron:34:285 [pusherPod] inside the field
  ok   10 w3 apron:34:285 [pusherPod] flat  (0.00 m of 0.60)
  ok   10 w3 apron:34:285 [pusherPod] dry
  ok   10 w3 apron:34:285 [pusherPod] clear of solid things  (7.83 m of 3.00 (item s_strip/hut))
  ok   10 w3 apron:34:285 [pusherPod] clear of stock build's routes  (33.40 m of 8.00)
  ok   10 w3 apron:34:285 [pusherPod] clear of aluminium C172's routes  (33.40 m of 8.50)
  ok   10 w3 apron:34:285 [pusherPod] clear of the user's Cub's routes  (33.40 m of 8.35)
  ok   10 w3 apron:34:285 [motorglider] inside the field
  ok   10 w3 apron:34:285 [motorglider] flat  (0.00 m of 0.60)
  ok   10 w3 apron:34:285 [motorglider] dry
  ok   10 w3 apron:34:285 [motorglider] clear of solid things  (5.93 m of 3.00 (item s_strip/hut))
  ok   10 w3 apron:34:285 [motorglider] clear of stock build's routes  (33.10 m of 8.00)
  ok   10 w3 apron:34:285 [motorglider] clear of aluminium C172's routes  (33.10 m of 8.50)
  ok   10 w3 apron:34:285 [motorglider] clear of the user's Cub's routes  (33.10 m of 8.35)
  ok   10 w3 apron:34:285 [radial] inside the field
  ok   10 w3 apron:34:285 [radial] flat  (0.00 m of 0.60)
  ok   10 w3 apron:34:285 [radial] dry
  ok   10 w3 apron:34:285 [radial] clear of solid things  (6.93 m of 3.00 (item s_strip/hut))
  ok   10 w3 apron:34:285 [radial] clear of stock build's routes  (33.10 m of 8.00)
  ok   10 w3 apron:34:285 [radial] clear of aluminium C172's routes  (33.10 m of 8.50)
  ok   10 w3 apron:34:285 [radial] clear of the user's Cub's routes  (33.10 m of 8.35)
  ok   10 w3 apron:34:285 [etrainer] inside the field
  ok   10 w3 apron:34:285 [etrainer] flat  (0.00 m of 0.60)
  ok   10 w3 apron:34:285 [etrainer] dry
  ok   10 w3 apron:34:285 [etrainer] clear of solid things  (7.93 m of 3.00 (item s_strip/hut))
  ok   10 w3 apron:34:285 [etrainer] clear of stock build's routes  (33.10 m of 8.00)
  ok   10 w3 apron:34:285 [etrainer] clear of aluminium C172's routes  (33.10 m of 8.50)
  ok   10 w3 apron:34:285 [etrainer] clear of the user's Cub's routes  (33.10 m of 8.35)
  ok   10 w3 apron:34:285 [ttail] inside the field
  ok   10 w3 apron:34:285 [ttail] flat  (0.00 m of 0.60)
  ok   10 w3 apron:34:285 [ttail] dry
  ok   10 w3 apron:34:285 [ttail] clear of solid things  (6.93 m of 3.00 (item s_strip/hut))
  ok   10 w3 apron:34:285 [ttail] clear of stock build's routes  (33.10 m of 8.00)
  ok   10 w3 apron:34:285 [ttail] clear of aluminium C172's routes  (33.10 m of 8.50)
  ok   10 w3 apron:34:285 [ttail] clear of the user's Cub's routes  (33.10 m of 8.35)
  ok   10 w3 apron:34:285 [vtail] inside the field
  ok   10 w3 apron:34:285 [vtail] flat  (0.00 m of 0.60)
  ok   10 w3 apron:34:285 [vtail] dry
  ok   10 w3 apron:34:285 [vtail] clear of solid things  (6.93 m of 3.00 (item s_strip/hut))
  ok   10 w3 apron:34:285 [vtail] clear of stock build's routes  (33.10 m of 8.00)
  ok   10 w3 apron:34:285 [vtail] clear of aluminium C172's routes  (33.10 m of 8.50)
  ok   10 w3 apron:34:285 [vtail] clear of the user's Cub's routes  (33.10 m of 8.35)
  ok   10 w3 apron:34:285 [mw5] inside the field
  ok   10 w3 apron:34:285 [mw5] flat  (0.00 m of 0.60)
  ok   10 w3 apron:34:285 [mw5] dry
  ok   10 w3 apron:34:285 [mw5] clear of solid things  (7.73 m of 3.00 (item s_strip/hut))
  ok   10 w3 apron:34:285 [mw5] clear of stock build's routes  (33.40 m of 8.00)
  ok   10 w3 apron:34:285 [mw5] clear of aluminium C172's routes  (33.40 m of 8.50)
  ok   10 w3 apron:34:285 [mw5] clear of the user's Cub's routes  (33.40 m of 8.35)
  ok   10 w3 apron:34:285 [archaeopteryx] inside the field
  ok   10 w3 apron:34:285 [archaeopteryx] flat  (0.00 m of 0.60)
  ok   10 w3 apron:34:285 [archaeopteryx] dry
  ok   10 w3 apron:34:285 [archaeopteryx] clear of solid things  (6.93 m of 3.00 (item s_strip/hut))
  ok   10 w3 apron:34:285 [archaeopteryx] clear of stock build's routes  (33.40 m of 8.00)
  ok   10 w3 apron:34:285 [archaeopteryx] clear of aluminium C172's routes  (33.40 m of 8.50)
  ok   10 w3 apron:34:285 [archaeopteryx] clear of the user's Cub's routes  (33.40 m of 8.35)
  ok   10 w3 apron:34:285 [da62] inside the field
  ok   10 w3 apron:34:285 [da62] flat  (0.00 m of 0.60)
  ok   10 w3 apron:34:285 [da62] dry
  ok   10 w3 apron:34:285 [da62] clear of solid things  (5.43 m of 3.00 (item s_strip/hut))
  ok   10 w3 apron:34:285 [da62] clear of stock build's routes  (33.30 m of 8.00)
  ok   10 w3 apron:34:285 [da62] clear of aluminium C172's routes  (33.30 m of 8.50)
  ok   10 w3 apron:34:285 [da62] clear of the user's Cub's routes  (33.30 m of 8.35)
  ok   10 w3 apron:34:285 [twinBush] inside the field
  ok   10 w3 apron:34:285 [twinBush] flat  (0.00 m of 0.60)
  ok   10 w3 apron:34:285 [twinBush] dry
  ok   10 w3 apron:34:285 [twinBush] clear of solid things  (4.43 m of 3.00 (item s_strip/hut))
  ok   10 w3 apron:34:285 [twinBush] clear of stock build's routes  (33.30 m of 8.00)
  ok   10 w3 apron:34:285 [twinBush] clear of aluminium C172's routes  (33.30 m of 8.50)
  ok   10 w3 apron:34:285 [twinBush] clear of the user's Cub's routes  (33.30 m of 8.35)
  ok   10 w3 apron:34:285 [skymaster] inside the field
  ok   10 w3 apron:34:285 [skymaster] flat  (0.00 m of 0.60)
  ok   10 w3 apron:34:285 [skymaster] dry
  ok   10 w3 apron:34:285 [skymaster] clear of solid things  (6.93 m of 3.00 (item s_strip/hut))
  ok   10 w3 apron:34:285 [skymaster] clear of stock build's routes  (33.10 m of 8.00)
  ok   10 w3 apron:34:285 [skymaster] clear of aluminium C172's routes  (33.10 m of 8.50)
  ok   10 w3 apron:34:285 [skymaster] clear of the user's Cub's routes  (33.10 m of 8.35)
  ok   10 w3 apron:34:285 [p38] inside the field
  ok   10 w3 apron:34:285 [p38] flat  (0.00 m of 0.60)
  ok   10 w3 apron:34:285 [p38] dry
  ok   10 w3 apron:34:285 [p38] clear of solid things  (6.93 m of 3.00 (item s_strip/hut))
  ok   10 w3 apron:34:285 [p38] clear of stock build's routes  (33.30 m of 8.00)
  ok   10 w3 apron:34:285 [p38] clear of aluminium C172's routes  (33.30 m of 8.50)
  ok   10 w3 apron:34:285 [p38] clear of the user's Cub's routes  (33.30 m of 8.35)
  ok   10 w3 apron:34:285 [beaver] inside the field
  ok   10 w3 apron:34:285 [beaver] flat  (0.00 m of 0.60)
  ok   10 w3 apron:34:285 [beaver] dry
  ok   10 w3 apron:34:285 [beaver] clear of solid things  (5.13 m of 3.00 (item s_strip/hut))
  ok   10 w3 apron:34:285 [beaver] clear of stock build's routes  (33.00 m of 8.00)
  ok   10 w3 apron:34:285 [beaver] clear of aluminium C172's routes  (33.00 m of 8.50)
  ok   10 w3 apron:34:285 [beaver] clear of the user's Cub's routes  (33.00 m of 8.35)
  ok   10 w3 apron:34:285 [default] inside the field
  ok   10 w3 apron:34:285 [default] flat  (0.00 m of 0.60)
  ok   10 w3 apron:34:285 [default] dry
  ok   10 w3 apron:34:285 [default] clear of solid things  (6.43 m of 3.00 (item s_strip/hut))
  ok   10 w3 apron:34:285 [default] clear of stock build's routes  (32.40 m of 8.00)
  ok   10 w3 apron:34:285 [default] clear of aluminium C172's routes  (32.40 m of 8.50)
  ok   10 w3 apron:34:285 [default] clear of the user's Cub's routes  (32.40 m of 8.35)
  ok   10 w3 apron:46:0 [cub] inside the field
  ok   10 w3 apron:46:0 [cub] flat  (0.21 m of 0.60)
  ok   10 w3 apron:46:0 [cub] dry
  ok   10 w3 apron:46:0 [cub] clear of solid things  (25.10 m of 3.00 (item s_strip/hut))
  ok   10 w3 apron:46:0 [cub] clear of stock build's routes  (44.70 m of 8.00)
  ok   10 w3 apron:46:0 [cub] clear of aluminium C172's routes  (44.70 m of 8.50)
  ok   10 w3 apron:46:0 [cub] clear of the user's Cub's routes  (44.70 m of 8.35)
  ok   10 w3 apron:46:0 [pietenpol] inside the field
  ok   10 w3 apron:46:0 [pietenpol] flat  (0.18 m of 0.60)
  ok   10 w3 apron:46:0 [pietenpol] dry
  ok   10 w3 apron:46:0 [pietenpol] clear of solid things  (26.14 m of 3.00 (item s_strip/hut))
  ok   10 w3 apron:46:0 [pietenpol] clear of stock build's routes  (45.10 m of 8.00)
  ok   10 w3 apron:46:0 [pietenpol] clear of aluminium C172's routes  (45.10 m of 8.50)
  ok   10 w3 apron:46:0 [pietenpol] clear of the user's Cub's routes  (45.10 m of 8.35)
  ok   10 w3 apron:46:0 [tigermoth] inside the field
  ok   10 w3 apron:46:0 [tigermoth] flat  (0.18 m of 0.60)
  ok   10 w3 apron:46:0 [tigermoth] dry
  ok   10 w3 apron:46:0 [tigermoth] clear of solid things  (26.06 m of 3.00 (item s_strip/hut))
  ok   10 w3 apron:46:0 [tigermoth] clear of stock build's routes  (45.10 m of 8.00)
  ok   10 w3 apron:46:0 [tigermoth] clear of aluminium C172's routes  (45.10 m of 8.50)
  ok   10 w3 apron:46:0 [tigermoth] clear of the user's Cub's routes  (45.10 m of 8.35)
  ok   10 w3 apron:46:0 [stearman] inside the field
  ok   10 w3 apron:46:0 [stearman] flat  (0.19 m of 0.60)
  ok   10 w3 apron:46:0 [stearman] dry
  ok   10 w3 apron:46:0 [stearman] clear of solid things  (25.68 m of 3.00 (item s_strip/hut))
  ok   10 w3 apron:46:0 [stearman] clear of stock build's routes  (45.00 m of 8.00)
  ok   10 w3 apron:46:0 [stearman] clear of aluminium C172's routes  (45.00 m of 8.50)
  ok   10 w3 apron:46:0 [stearman] clear of the user's Cub's routes  (45.00 m of 8.35)
  ok   10 w3 apron:46:0 [pittsAlike] inside the field
  ok   10 w3 apron:46:0 [pittsAlike] flat  (0.14 m of 0.60)
  ok   10 w3 apron:46:0 [pittsAlike] dry
  ok   10 w3 apron:46:0 [pittsAlike] clear of solid things  (27.05 m of 3.00 (item s_strip/hut))
  ok   10 w3 apron:46:0 [pittsAlike] clear of stock build's routes  (45.10 m of 8.00)
  ok   10 w3 apron:46:0 [pittsAlike] clear of aluminium C172's routes  (45.10 m of 8.50)
  ok   10 w3 apron:46:0 [pittsAlike] clear of the user's Cub's routes  (45.10 m of 8.35)
  ok   10 w3 apron:46:0 [sesqui] inside the field
  ok   10 w3 apron:46:0 [sesqui] flat  (0.20 m of 0.60)
  ok   10 w3 apron:46:0 [sesqui] dry
  ok   10 w3 apron:46:0 [sesqui] clear of solid things  (25.66 m of 3.00 (item s_strip/hut))
  ok   10 w3 apron:46:0 [sesqui] clear of stock build's routes  (45.10 m of 8.00)
  ok   10 w3 apron:46:0 [sesqui] clear of aluminium C172's routes  (45.10 m of 8.50)
  ok   10 w3 apron:46:0 [sesqui] clear of the user's Cub's routes  (45.10 m of 8.35)
  ok   10 w3 apron:46:0 [jodel] inside the field
  ok   10 w3 apron:46:0 [jodel] flat  (0.18 m of 0.60)
  ok   10 w3 apron:46:0 [jodel] dry
  ok   10 w3 apron:46:0 [jodel] clear of solid things  (26.02 m of 3.00 (item s_strip/hut))
  ok   10 w3 apron:46:0 [jodel] clear of stock build's routes  (44.60 m of 8.00)
  ok   10 w3 apron:46:0 [jodel] clear of aluminium C172's routes  (44.60 m of 8.50)
  ok   10 w3 apron:46:0 [jodel] clear of the user's Cub's routes  (44.60 m of 8.35)
  ok   10 w3 apron:46:0 [c172] inside the field
  ok   10 w3 apron:46:0 [c172] flat  (0.21 m of 0.60)
  ok   10 w3 apron:46:0 [c172] dry
  ok   10 w3 apron:46:0 [c172] clear of solid things  (24.90 m of 3.00 (item s_strip/hut))
  ok   10 w3 apron:46:0 [c172] clear of stock build's routes  (44.50 m of 8.00)
  ok   10 w3 apron:46:0 [c172] clear of aluminium C172's routes  (44.50 m of 8.50)
  ok   10 w3 apron:46:0 [c172] clear of the user's Cub's routes  (44.50 m of 8.35)
  ok   10 w3 apron:46:0 [chinook] inside the field
  ok   10 w3 apron:46:0 [chinook] flat  (0.19 m of 0.60)
  ok   10 w3 apron:46:0 [chinook] dry
  ok   10 w3 apron:46:0 [chinook] clear of solid things  (26.03 m of 3.00 (item s_strip/hut))
  ok   10 w3 apron:46:0 [chinook] clear of stock build's routes  (45.60 m of 8.00)
  ok   10 w3 apron:46:0 [chinook] clear of aluminium C172's routes  (45.60 m of 8.50)
  ok   10 w3 apron:46:0 [chinook] clear of the user's Cub's routes  (45.60 m of 8.35)
  ok   10 w3 apron:46:0 [caravan] inside the field
  ok   10 w3 apron:46:0 [caravan] flat  (0.33 m of 0.60)
  ok   10 w3 apron:46:0 [caravan] dry
  ok   10 w3 apron:46:0 [caravan] clear of solid things  (23.33 m of 3.00 (item s_strip/hut))
  ok   10 w3 apron:46:0 [caravan] clear of stock build's routes  (43.90 m of 8.00)
  ok   10 w3 apron:46:0 [caravan] clear of aluminium C172's routes  (43.90 m of 8.50)
  ok   10 w3 apron:46:0 [caravan] clear of the user's Cub's routes  (43.90 m of 8.35)
  ok   10 w3 apron:46:0 [rv] inside the field
  ok   10 w3 apron:46:0 [rv] flat  (0.19 m of 0.60)
  ok   10 w3 apron:46:0 [rv] dry
  ok   10 w3 apron:46:0 [rv] clear of solid things  (25.74 m of 3.00 (item s_strip/hut))
  ok   10 w3 apron:46:0 [rv] clear of stock build's routes  (45.10 m of 8.00)
  ok   10 w3 apron:46:0 [rv] clear of aluminium C172's routes  (45.10 m of 8.50)
  ok   10 w3 apron:46:0 [rv] clear of the user's Cub's routes  (45.10 m of 8.35)
  ok   10 w3 apron:46:0 [savannah] inside the field
  ok   10 w3 apron:46:0 [savannah] flat  (0.18 m of 0.60)
  ok   10 w3 apron:46:0 [savannah] dry
  ok   10 w3 apron:46:0 [savannah] clear of solid things  (25.98 m of 3.00 (item s_strip/hut))
  ok   10 w3 apron:46:0 [savannah] clear of stock build's routes  (45.10 m of 8.00)
  ok   10 w3 apron:46:0 [savannah] clear of aluminium C172's routes  (45.10 m of 8.50)
  ok   10 w3 apron:46:0 [savannah] clear of the user's Cub's routes  (45.10 m of 8.35)
  ok   10 w3 apron:46:0 [ul1] inside the field
  ok   10 w3 apron:46:0 [ul1] flat  (0.19 m of 0.60)
  ok   10 w3 apron:46:0 [ul1] dry
  ok   10 w3 apron:46:0 [ul1] clear of solid things  (25.90 m of 3.00 (item s_strip/hut))
  ok   10 w3 apron:46:0 [ul1] clear of stock build's routes  (45.10 m of 8.00)
  ok   10 w3 apron:46:0 [ul1] clear of aluminium C172's routes  (45.10 m of 8.50)
  ok   10 w3 apron:46:0 [ul1] clear of the user's Cub's routes  (45.10 m of 8.35)
  ok   10 w3 apron:46:0 [floatplane] inside the field
  ok   10 w3 apron:46:0 [floatplane] flat  (0.23 m of 0.60)
  ok   10 w3 apron:46:0 [floatplane] dry
  ok   10 w3 apron:46:0 [floatplane] clear of solid things  (24.75 m of 3.00 (item s_strip/hut))
  ok   10 w3 apron:46:0 [floatplane] clear of stock build's routes  (44.80 m of 8.00)
  ok   10 w3 apron:46:0 [floatplane] clear of aluminium C172's routes  (44.80 m of 8.50)
  ok   10 w3 apron:46:0 [floatplane] clear of the user's Cub's routes  (44.80 m of 8.35)
  ok   10 w3 apron:46:0 [pusherPod] inside the field
  ok   10 w3 apron:46:0 [pusherPod] flat  (0.18 m of 0.60)
  ok   10 w3 apron:46:0 [pusherPod] dry
  ok   10 w3 apron:46:0 [pusherPod] clear of solid things  (26.16 m of 3.00 (item s_strip/hut))
  ok   10 w3 apron:46:0 [pusherPod] clear of stock build's routes  (45.40 m of 8.00)
  ok   10 w3 apron:46:0 [pusherPod] clear of aluminium C172's routes  (45.40 m of 8.50)
  ok   10 w3 apron:46:0 [pusherPod] clear of the user's Cub's routes  (45.40 m of 8.35)
  ok   10 w3 apron:46:0 [motorglider] inside the field
  ok   10 w3 apron:46:0 [motorglider] flat  (0.26 m of 0.60)
  ok   10 w3 apron:46:0 [motorglider] dry
  ok   10 w3 apron:46:0 [motorglider] clear of solid things  (24.46 m of 3.00 (item s_strip/hut))
  ok   10 w3 apron:46:0 [motorglider] clear of stock build's routes  (45.10 m of 8.00)
  ok   10 w3 apron:46:0 [motorglider] clear of aluminium C172's routes  (45.10 m of 8.50)
  ok   10 w3 apron:46:0 [motorglider] clear of the user's Cub's routes  (45.10 m of 8.35)
  ok   10 w3 apron:46:0 [radial] inside the field
  ok   10 w3 apron:46:0 [radial] flat  (0.21 m of 0.60)
  ok   10 w3 apron:46:0 [radial] dry
  ok   10 w3 apron:46:0 [radial] clear of solid things  (25.25 m of 3.00 (item s_strip/hut))
  ok   10 w3 apron:46:0 [radial] clear of stock build's routes  (45.10 m of 8.00)
  ok   10 w3 apron:46:0 [radial] clear of aluminium C172's routes  (45.10 m of 8.50)
  ok   10 w3 apron:46:0 [radial] clear of the user's Cub's routes  (45.10 m of 8.35)
  ok   10 w3 apron:46:0 [etrainer] inside the field
  ok   10 w3 apron:46:0 [etrainer] flat  (0.18 m of 0.60)
  ok   10 w3 apron:46:0 [etrainer] dry
  ok   10 w3 apron:46:0 [etrainer] clear of solid things  (26.06 m of 3.00 (item s_strip/hut))
  ok   10 w3 apron:46:0 [etrainer] clear of stock build's routes  (45.10 m of 8.00)
  ok   10 w3 apron:46:0 [etrainer] clear of aluminium C172's routes  (45.10 m of 8.50)
  ok   10 w3 apron:46:0 [etrainer] clear of the user's Cub's routes  (45.10 m of 8.35)
  ok   10 w3 apron:46:0 [ttail] inside the field
  ok   10 w3 apron:46:0 [ttail] flat  (0.21 m of 0.60)
  ok   10 w3 apron:46:0 [ttail] dry
  ok   10 w3 apron:46:0 [ttail] clear of solid things  (25.25 m of 3.00 (item s_strip/hut))
  ok   10 w3 apron:46:0 [ttail] clear of stock build's routes  (45.10 m of 8.00)
  ok   10 w3 apron:46:0 [ttail] clear of aluminium C172's routes  (45.10 m of 8.50)
  ok   10 w3 apron:46:0 [ttail] clear of the user's Cub's routes  (45.10 m of 8.35)
  ok   10 w3 apron:46:0 [vtail] inside the field
  ok   10 w3 apron:46:0 [vtail] flat  (0.21 m of 0.60)
  ok   10 w3 apron:46:0 [vtail] dry
  ok   10 w3 apron:46:0 [vtail] clear of solid things  (25.25 m of 3.00 (item s_strip/hut))
  ok   10 w3 apron:46:0 [vtail] clear of stock build's routes  (45.10 m of 8.00)
  ok   10 w3 apron:46:0 [vtail] clear of aluminium C172's routes  (45.10 m of 8.50)
  ok   10 w3 apron:46:0 [vtail] clear of the user's Cub's routes  (45.10 m of 8.35)
  ok   10 w3 apron:46:0 [mw5] inside the field
  ok   10 w3 apron:46:0 [mw5] flat  (0.19 m of 0.60)
  ok   10 w3 apron:46:0 [mw5] dry
  ok   10 w3 apron:46:0 [mw5] clear of solid things  (26.08 m of 3.00 (item s_strip/hut))
  ok   10 w3 apron:46:0 [mw5] clear of stock build's routes  (45.40 m of 8.00)
  ok   10 w3 apron:46:0 [mw5] clear of aluminium C172's routes  (45.40 m of 8.50)
  ok   10 w3 apron:46:0 [mw5] clear of the user's Cub's routes  (45.40 m of 8.35)
  ok   10 w3 apron:46:0 [archaeopteryx] inside the field
  ok   10 w3 apron:46:0 [archaeopteryx] flat  (0.21 m of 0.60)
  ok   10 w3 apron:46:0 [archaeopteryx] dry
  ok   10 w3 apron:46:0 [archaeopteryx] clear of solid things  (25.44 m of 3.00 (item s_strip/hut))
  ok   10 w3 apron:46:0 [archaeopteryx] clear of stock build's routes  (45.40 m of 8.00)
  ok   10 w3 apron:46:0 [archaeopteryx] clear of aluminium C172's routes  (45.40 m of 8.50)
  ok   10 w3 apron:46:0 [archaeopteryx] clear of the user's Cub's routes  (45.40 m of 8.35)
  ok   10 w3 apron:46:0 [da62] inside the field
  ok   10 w3 apron:46:0 [da62] flat  (0.31 m of 0.60)
  ok   10 w3 apron:46:0 [da62] dry
  ok   10 w3 apron:46:0 [da62] clear of solid things  (24.20 m of 3.00 (item s_strip/hut))
  ok   10 w3 apron:46:0 [da62] clear of stock build's routes  (45.30 m of 8.00)
  ok   10 w3 apron:46:0 [da62] clear of aluminium C172's routes  (45.30 m of 8.50)
  ok   10 w3 apron:46:0 [da62] clear of the user's Cub's routes  (45.30 m of 8.35)
  ok   10 w3 apron:46:0 [twinBush] inside the field
  ok   10 w3 apron:46:0 [twinBush] flat  (0.41 m of 0.60)
  ok   10 w3 apron:46:0 [twinBush] dry
  ok   10 w3 apron:46:0 [twinBush] clear of solid things  (23.43 m of 3.00 (item s_strip/hut))
  ok   10 w3 apron:46:0 [twinBush] clear of stock build's routes  (45.30 m of 8.00)
  ok   10 w3 apron:46:0 [twinBush] clear of aluminium C172's routes  (45.30 m of 8.50)
  ok   10 w3 apron:46:0 [twinBush] clear of the user's Cub's routes  (45.30 m of 8.35)
  ok   10 w3 apron:46:0 [skymaster] inside the field
  ok   10 w3 apron:46:0 [skymaster] flat  (0.21 m of 0.60)
  ok   10 w3 apron:46:0 [skymaster] dry
  ok   10 w3 apron:46:0 [skymaster] clear of solid things  (25.25 m of 3.00 (item s_strip/hut))
  ok   10 w3 apron:46:0 [skymaster] clear of stock build's routes  (45.10 m of 8.00)
  ok   10 w3 apron:46:0 [skymaster] clear of aluminium C172's routes  (45.10 m of 8.50)
  ok   10 w3 apron:46:0 [skymaster] clear of the user's Cub's routes  (45.10 m of 8.35)
  ok   10 w3 apron:46:0 [p38] inside the field
  ok   10 w3 apron:46:0 [p38] flat  (0.21 m of 0.60)
  ok   10 w3 apron:46:0 [p38] dry
  ok   10 w3 apron:46:0 [p38] clear of solid things  (25.38 m of 3.00 (item s_strip/hut))
  ok   10 w3 apron:46:0 [p38] clear of stock build's routes  (45.30 m of 8.00)
  ok   10 w3 apron:46:0 [p38] clear of aluminium C172's routes  (45.30 m of 8.50)
  ok   10 w3 apron:46:0 [p38] clear of the user's Cub's routes  (45.30 m of 8.35)
  ok   10 w3 apron:46:0 [beaver] inside the field
  ok   10 w3 apron:46:0 [beaver] flat  (0.34 m of 0.60)
  ok   10 w3 apron:46:0 [beaver] dry
  ok   10 w3 apron:46:0 [beaver] clear of solid things  (23.78 m of 3.00 (item s_strip/hut))
  ok   10 w3 apron:46:0 [beaver] clear of stock build's routes  (45.00 m of 8.00)
  ok   10 w3 apron:46:0 [beaver] clear of aluminium C172's routes  (45.00 m of 8.50)
  ok   10 w3 apron:46:0 [beaver] clear of the user's Cub's routes  (45.00 m of 8.35)
  ok   10 w3 apron:46:0 [default] inside the field
  ok   10 w3 apron:46:0 [default] flat  (0.25 m of 0.60)
  ok   10 w3 apron:46:0 [default] dry
  ok   10 w3 apron:46:0 [default] clear of solid things  (24.44 m of 3.00 (item s_strip/hut))
  ok   10 w3 apron:46:0 [default] clear of stock build's routes  (44.40 m of 8.00)
  ok   10 w3 apron:46:0 [default] clear of aluminium C172's routes  (44.40 m of 8.50)
  ok   10 w3 apron:46:0 [default] clear of the user's Cub's routes  (44.40 m of 8.35)
  ok   10 w3 apron:46:255 [cub] inside the field
  ok   10 w3 apron:46:255 [cub] flat  (0.21 m of 0.60)
  ok   10 w3 apron:46:255 [cub] dry
  ok   10 w3 apron:46:255 [cub] clear of solid things  (5.78 m of 3.00 (item s_strip/shed))
  ok   10 w3 apron:46:255 [cub] clear of stock build's routes  (44.70 m of 8.00)
  ok   10 w3 apron:46:255 [cub] clear of aluminium C172's routes  (44.70 m of 8.50)
  ok   10 w3 apron:46:255 [cub] clear of the user's Cub's routes  (44.70 m of 8.35)
  ok   10 w3 apron:46:255 [pietenpol] inside the field
  ok   10 w3 apron:46:255 [pietenpol] flat  (0.21 m of 0.60)
  ok   10 w3 apron:46:255 [pietenpol] dry
  ok   10 w3 apron:46:255 [pietenpol] clear of solid things  (6.43 m of 3.00 (item s_strip/shed))
  ok   10 w3 apron:46:255 [pietenpol] clear of stock build's routes  (45.10 m of 8.00)
  ok   10 w3 apron:46:255 [pietenpol] clear of aluminium C172's routes  (45.10 m of 8.50)
  ok   10 w3 apron:46:255 [pietenpol] clear of the user's Cub's routes  (45.10 m of 8.35)
  ok   10 w3 apron:46:255 [tigermoth] inside the field
  ok   10 w3 apron:46:255 [tigermoth] flat  (0.21 m of 0.60)
  ok   10 w3 apron:46:255 [tigermoth] dry
  ok   10 w3 apron:46:255 [tigermoth] clear of solid things  (6.40 m of 3.00 (item s_strip/shed))
  ok   10 w3 apron:46:255 [tigermoth] clear of stock build's routes  (45.10 m of 8.00)
  ok   10 w3 apron:46:255 [tigermoth] clear of aluminium C172's routes  (45.10 m of 8.50)
  ok   10 w3 apron:46:255 [tigermoth] clear of the user's Cub's routes  (45.10 m of 8.35)
  ok   10 w3 apron:46:255 [stearman] inside the field
  ok   10 w3 apron:46:255 [stearman] flat  (0.19 m of 0.60)
  ok   10 w3 apron:46:255 [stearman] dry
  ok   10 w3 apron:46:255 [stearman] clear of solid things  (6.20 m of 3.00 (item s_strip/shed))
  ok   10 w3 apron:46:255 [stearman] clear of stock build's routes  (45.00 m of 8.00)
  ok   10 w3 apron:46:255 [stearman] clear of aluminium C172's routes  (45.00 m of 8.50)
  ok   10 w3 apron:46:255 [stearman] clear of the user's Cub's routes  (45.00 m of 8.35)
  ok   10 w3 apron:46:255 [pittsAlike] inside the field
  ok   10 w3 apron:46:255 [pittsAlike] flat  (0.06 m of 0.60)
  ok   10 w3 apron:46:255 [pittsAlike] dry
  ok   10 w3 apron:46:255 [pittsAlike] clear of solid things  (6.71 m of 3.00 (item s_strip/shed))
  ok   10 w3 apron:46:255 [pittsAlike] clear of stock build's routes  (45.10 m of 8.00)
  ok   10 w3 apron:46:255 [pittsAlike] clear of aluminium C172's routes  (45.10 m of 8.50)
  ok   10 w3 apron:46:255 [pittsAlike] clear of the user's Cub's routes  (45.10 m of 8.35)
  ok   10 w3 apron:46:255 [sesqui] inside the field
  ok   10 w3 apron:46:255 [sesqui] flat  (0.22 m of 0.60)
  ok   10 w3 apron:46:255 [sesqui] dry
  ok   10 w3 apron:46:255 [sesqui] clear of solid things  (6.27 m of 3.00 (item s_strip/shed))
  ok   10 w3 apron:46:255 [sesqui] clear of stock build's routes  (45.10 m of 8.00)
  ok   10 w3 apron:46:255 [sesqui] clear of aluminium C172's routes  (45.10 m of 8.50)
  ok   10 w3 apron:46:255 [sesqui] clear of the user's Cub's routes  (45.10 m of 8.35)
  ok   10 w3 apron:46:255 [jodel] inside the field
  ok   10 w3 apron:46:255 [jodel] flat  (0.08 m of 0.60)
  ok   10 w3 apron:46:255 [jodel] dry
  ok   10 w3 apron:46:255 [jodel] clear of solid things  (6.00 m of 3.00 (item s_strip/shed))
  ok   10 w3 apron:46:255 [jodel] clear of stock build's routes  (44.60 m of 8.00)
  ok   10 w3 apron:46:255 [jodel] clear of aluminium C172's routes  (44.60 m of 8.50)
  ok   10 w3 apron:46:255 [jodel] clear of the user's Cub's routes  (44.60 m of 8.35)
  ok   10 w3 apron:46:255 [c172] inside the field
  ok   10 w3 apron:46:255 [c172] flat  (0.30 m of 0.60)
  ok   10 w3 apron:46:255 [c172] dry
  ok   10 w3 apron:46:255 [c172] clear of solid things  (5.57 m of 3.00 (item s_strip/shed))
  ok   10 w3 apron:46:255 [c172] clear of stock build's routes  (44.50 m of 8.00)
  ok   10 w3 apron:46:255 [c172] clear of aluminium C172's routes  (44.50 m of 8.50)
  ok   10 w3 apron:46:255 [c172] clear of the user's Cub's routes  (44.50 m of 8.35)
  ok   10 w3 apron:46:255 [chinook] inside the field
  ok   10 w3 apron:46:255 [chinook] flat  (0.17 m of 0.60)
  ok   10 w3 apron:46:255 [chinook] dry
  ok   10 w3 apron:46:255 [chinook] clear of solid things  (6.78 m of 3.00 (item s_strip/shed))
  ok   10 w3 apron:46:255 [chinook] clear of stock build's routes  (45.60 m of 8.00)
  ok   10 w3 apron:46:255 [chinook] clear of aluminium C172's routes  (45.60 m of 8.50)
  ok   10 w3 apron:46:255 [chinook] clear of the user's Cub's routes  (45.60 m of 8.35)
  ok   10 w3 apron:46:255 [caravan] inside the field
  ok   10 w3 apron:46:255 [caravan] flat  (0.41 m of 0.60)
  ok   10 w3 apron:46:255 [caravan] dry
  ok   10 w3 apron:46:255 [caravan] clear of solid things  (4.60 m of 3.00 (item s_strip/shed))
  ok   10 w3 apron:46:255 [caravan] clear of stock build's routes  (43.90 m of 8.00)
  ok   10 w3 apron:46:255 [caravan] clear of aluminium C172's routes  (43.90 m of 8.50)
  ok   10 w3 apron:46:255 [caravan] clear of the user's Cub's routes  (43.90 m of 8.35)
  ok   10 w3 apron:46:255 [rv] inside the field
  ok   10 w3 apron:46:255 [rv] flat  (0.23 m of 0.60)
  ok   10 w3 apron:46:255 [rv] dry
  ok   10 w3 apron:46:255 [rv] clear of solid things  (6.30 m of 3.00 (item s_strip/shed))
  ok   10 w3 apron:46:255 [rv] clear of stock build's routes  (45.10 m of 8.00)
  ok   10 w3 apron:46:255 [rv] clear of aluminium C172's routes  (45.10 m of 8.50)
  ok   10 w3 apron:46:255 [rv] clear of the user's Cub's routes  (45.10 m of 8.35)
  ok   10 w3 apron:46:255 [savannah] inside the field
  ok   10 w3 apron:46:255 [savannah] flat  (0.19 m of 0.60)
  ok   10 w3 apron:46:255 [savannah] dry
  ok   10 w3 apron:46:255 [savannah] clear of solid things  (6.38 m of 3.00 (item s_strip/shed))
  ok   10 w3 apron:46:255 [savannah] clear of stock build's routes  (45.10 m of 8.00)
  ok   10 w3 apron:46:255 [savannah] clear of aluminium C172's routes  (45.10 m of 8.50)
  ok   10 w3 apron:46:255 [savannah] clear of the user's Cub's routes  (45.10 m of 8.35)
  ok   10 w3 apron:46:255 [ul1] inside the field
  ok   10 w3 apron:46:255 [ul1] flat  (0.19 m of 0.60)
  ok   10 w3 apron:46:255 [ul1] dry
  ok   10 w3 apron:46:255 [ul1] clear of solid things  (6.35 m of 3.00 (item s_strip/shed))
  ok   10 w3 apron:46:255 [ul1] clear of stock build's routes  (45.10 m of 8.00)
  ok   10 w3 apron:46:255 [ul1] clear of aluminium C172's routes  (45.10 m of 8.50)
  ok   10 w3 apron:46:255 [ul1] clear of the user's Cub's routes  (45.10 m of 8.35)
  ok   10 w3 apron:46:255 [floatplane] inside the field
  ok   10 w3 apron:46:255 [floatplane] flat  (0.26 m of 0.60)
  ok   10 w3 apron:46:255 [floatplane] dry
  ok   10 w3 apron:46:255 [floatplane] clear of solid things  (5.75 m of 3.00 (item s_strip/shed))
  ok   10 w3 apron:46:255 [floatplane] clear of stock build's routes  (44.80 m of 8.00)
  ok   10 w3 apron:46:255 [floatplane] clear of aluminium C172's routes  (44.80 m of 8.50)
  ok   10 w3 apron:46:255 [floatplane] clear of the user's Cub's routes  (44.80 m of 8.35)
  ok   10 w3 apron:46:255 [pusherPod] inside the field
  ok   10 w3 apron:46:255 [pusherPod] flat  (0.23 m of 0.60)
  ok   10 w3 apron:46:255 [pusherPod] dry
  ok   10 w3 apron:46:255 [pusherPod] clear of solid things  (6.67 m of 3.00 (item s_strip/shed))
  ok   10 w3 apron:46:255 [pusherPod] clear of stock build's routes  (45.40 m of 8.00)
  ok   10 w3 apron:46:255 [pusherPod] clear of aluminium C172's routes  (45.40 m of 8.50)
  ok   10 w3 apron:46:255 [pusherPod] clear of the user's Cub's routes  (45.40 m of 8.35)
  ok   10 w3 apron:46:255 [motorglider] inside the field
  ok   10 w3 apron:46:255 [motorglider] flat  (0.17 m of 0.60)
  ok   10 w3 apron:46:255 [motorglider] dry
  ok   10 w3 apron:46:255 [motorglider] clear of solid things  (5.89 m of 3.00 (item s_strip/shed))
  ok   10 w3 apron:46:255 [motorglider] clear of stock build's routes  (45.10 m of 8.00)
  ok   10 w3 apron:46:255 [motorglider] clear of aluminium C172's routes  (45.10 m of 8.50)
  ok   10 w3 apron:46:255 [motorglider] clear of the user's Cub's routes  (45.10 m of 8.35)
  ok   10 w3 apron:46:255 [radial] inside the field
  ok   10 w3 apron:46:255 [radial] flat  (0.26 m of 0.60)
  ok   10 w3 apron:46:255 [radial] dry
  ok   10 w3 apron:46:255 [radial] clear of solid things  (6.15 m of 3.00 (item s_strip/shed))
  ok   10 w3 apron:46:255 [radial] clear of stock build's routes  (45.10 m of 8.00)
  ok   10 w3 apron:46:255 [radial] clear of aluminium C172's routes  (45.10 m of 8.50)
  ok   10 w3 apron:46:255 [radial] clear of the user's Cub's routes  (45.10 m of 8.35)
  ok   10 w3 apron:46:255 [etrainer] inside the field
  ok   10 w3 apron:46:255 [etrainer] flat  (0.21 m of 0.60)
  ok   10 w3 apron:46:255 [etrainer] dry
  ok   10 w3 apron:46:255 [etrainer] clear of solid things  (6.40 m of 3.00 (item s_strip/shed))
  ok   10 w3 apron:46:255 [etrainer] clear of stock build's routes  (45.10 m of 8.00)
  ok   10 w3 apron:46:255 [etrainer] clear of aluminium C172's routes  (45.10 m of 8.50)
  ok   10 w3 apron:46:255 [etrainer] clear of the user's Cub's routes  (45.10 m of 8.35)
  ok   10 w3 apron:46:255 [ttail] inside the field
  ok   10 w3 apron:46:255 [ttail] flat  (0.26 m of 0.60)
  ok   10 w3 apron:46:255 [ttail] dry
  ok   10 w3 apron:46:255 [ttail] clear of solid things  (6.15 m of 3.00 (item s_strip/shed))
  ok   10 w3 apron:46:255 [ttail] clear of stock build's routes  (45.10 m of 8.00)
  ok   10 w3 apron:46:255 [ttail] clear of aluminium C172's routes  (45.10 m of 8.50)
  ok   10 w3 apron:46:255 [ttail] clear of the user's Cub's routes  (45.10 m of 8.35)
  ok   10 w3 apron:46:255 [vtail] inside the field
  ok   10 w3 apron:46:255 [vtail] flat  (0.27 m of 0.60)
  ok   10 w3 apron:46:255 [vtail] dry
  ok   10 w3 apron:46:255 [vtail] clear of solid things  (6.15 m of 3.00 (item s_strip/shed))
  ok   10 w3 apron:46:255 [vtail] clear of stock build's routes  (45.10 m of 8.00)
  ok   10 w3 apron:46:255 [vtail] clear of aluminium C172's routes  (45.10 m of 8.50)
  ok   10 w3 apron:46:255 [vtail] clear of the user's Cub's routes  (45.10 m of 8.35)
  ok   10 w3 apron:46:255 [mw5] inside the field
  ok   10 w3 apron:46:255 [mw5] flat  (0.21 m of 0.60)
  ok   10 w3 apron:46:255 [mw5] dry
  ok   10 w3 apron:46:255 [mw5] clear of solid things  (6.64 m of 3.00 (item s_strip/shed))
  ok   10 w3 apron:46:255 [mw5] clear of stock build's routes  (45.40 m of 8.00)
  ok   10 w3 apron:46:255 [mw5] clear of aluminium C172's routes  (45.40 m of 8.50)
  ok   10 w3 apron:46:255 [mw5] clear of the user's Cub's routes  (45.40 m of 8.35)
  ok   10 w3 apron:46:255 [archaeopteryx] inside the field
  ok   10 w3 apron:46:255 [archaeopteryx] flat  (0.22 m of 0.60)
  ok   10 w3 apron:46:255 [archaeopteryx] dry
  ok   10 w3 apron:46:255 [archaeopteryx] clear of solid things  (6.44 m of 3.00 (item s_strip/shed))
  ok   10 w3 apron:46:255 [archaeopteryx] clear of stock build's routes  (45.40 m of 8.00)
  ok   10 w3 apron:46:255 [archaeopteryx] clear of aluminium C172's routes  (45.40 m of 8.50)
  ok   10 w3 apron:46:255 [archaeopteryx] clear of the user's Cub's routes  (45.40 m of 8.35)
  ok   10 w3 apron:46:255 [da62] inside the field
  ok   10 w3 apron:46:255 [da62] flat  (0.33 m of 0.60)
  ok   10 w3 apron:46:255 [da62] dry
  ok   10 w3 apron:46:255 [da62] clear of solid things  (5.95 m of 3.00 (item s_strip/shed))
  ok   10 w3 apron:46:255 [da62] clear of stock build's routes  (45.30 m of 8.00)
  ok   10 w3 apron:46:255 [da62] clear of aluminium C172's routes  (45.30 m of 8.50)
  ok   10 w3 apron:46:255 [da62] clear of the user's Cub's routes  (45.30 m of 8.35)
  ok   10 w3 apron:46:255 [twinBush] inside the field
  ok   10 w3 apron:46:255 [twinBush] flat  (0.50 m of 0.60)
  ok   10 w3 apron:46:255 [twinBush] dry
  ok   10 w3 apron:46:255 [twinBush] clear of solid things  (5.69 m of 3.00 (item s_strip/shed))
  ok   10 w3 apron:46:255 [twinBush] clear of stock build's routes  (45.30 m of 8.00)
  ok   10 w3 apron:46:255 [twinBush] clear of aluminium C172's routes  (45.30 m of 8.50)
  ok   10 w3 apron:46:255 [twinBush] clear of the user's Cub's routes  (45.30 m of 8.35)
  ok   10 w3 apron:46:255 [skymaster] inside the field
  ok   10 w3 apron:46:255 [skymaster] flat  (0.24 m of 0.60)
  ok   10 w3 apron:46:255 [skymaster] dry
  ok   10 w3 apron:46:255 [skymaster] clear of solid things  (6.15 m of 3.00 (item s_strip/shed))
  ok   10 w3 apron:46:255 [skymaster] clear of stock build's routes  (45.10 m of 8.00)
  ok   10 w3 apron:46:255 [skymaster] clear of aluminium C172's routes  (45.10 m of 8.50)
  ok   10 w3 apron:46:255 [skymaster] clear of the user's Cub's routes  (45.10 m of 8.35)
  ok   10 w3 apron:46:255 [p38] inside the field
  ok   10 w3 apron:46:255 [p38] flat  (0.23 m of 0.60)
  ok   10 w3 apron:46:255 [p38] dry
  ok   10 w3 apron:46:255 [p38] clear of solid things  (6.34 m of 3.00 (item s_strip/shed))
  ok   10 w3 apron:46:255 [p38] clear of stock build's routes  (45.30 m of 8.00)
  ok   10 w3 apron:46:255 [p38] clear of aluminium C172's routes  (45.30 m of 8.50)
  ok   10 w3 apron:46:255 [p38] clear of the user's Cub's routes  (45.30 m of 8.35)
  ok   10 w3 apron:46:255 [beaver] inside the field
  ok   10 w3 apron:46:255 [beaver] flat  (0.30 m of 0.60)
  ok   10 w3 apron:46:255 [beaver] dry
  ok   10 w3 apron:46:255 [beaver] clear of solid things  (5.58 m of 3.00 (item s_strip/shed))
  ok   10 w3 apron:46:255 [beaver] clear of stock build's routes  (45.00 m of 8.00)
  ok   10 w3 apron:46:255 [beaver] clear of aluminium C172's routes  (45.00 m of 8.50)
  ok   10 w3 apron:46:255 [beaver] clear of the user's Cub's routes  (45.00 m of 8.35)
  ok   10 w3 apron:46:255 [default] inside the field
  ok   10 w3 apron:46:255 [default] flat  (0.39 m of 0.60)
  ok   10 w3 apron:46:255 [default] dry
  ok   10 w3 apron:46:255 [default] clear of solid things  (5.34 m of 3.00 (item s_strip/shed))
  ok   10 w3 apron:46:255 [default] clear of stock build's routes  (44.40 m of 8.00)
  ok   10 w3 apron:46:255 [default] clear of aluminium C172's routes  (44.40 m of 8.50)
  ok   10 w3 apron:46:255 [default] clear of the user's Cub's routes  (44.40 m of 8.35)
  ok   10 w3 apron:46:285 [cub] inside the field
  ok   10 w3 apron:46:285 [cub] flat  (0.02 m of 0.60)
  ok   10 w3 apron:46:285 [cub] dry
  ok   10 w3 apron:46:285 [cub] clear of solid things  (10.72 m of 3.00 (item s_strip/hut))
  ok   10 w3 apron:46:285 [cub] clear of stock build's routes  (44.70 m of 8.00)
  ok   10 w3 apron:46:285 [cub] clear of aluminium C172's routes  (44.70 m of 8.50)
  ok   10 w3 apron:46:285 [cub] clear of the user's Cub's routes  (44.70 m of 8.35)
  ok   10 w3 apron:46:285 [pietenpol] inside the field
  ok   10 w3 apron:46:285 [pietenpol] flat  (0.03 m of 0.60)
  ok   10 w3 apron:46:285 [pietenpol] dry
  ok   10 w3 apron:46:285 [pietenpol] clear of solid things  (11.69 m of 3.00 (item s_strip/hut))
  ok   10 w3 apron:46:285 [pietenpol] clear of stock build's routes  (45.10 m of 8.00)
  ok   10 w3 apron:46:285 [pietenpol] clear of aluminium C172's routes  (45.10 m of 8.50)
  ok   10 w3 apron:46:285 [pietenpol] clear of the user's Cub's routes  (45.10 m of 8.35)
  ok   10 w3 apron:46:285 [tigermoth] inside the field
  ok   10 w3 apron:46:285 [tigermoth] flat  (0.03 m of 0.60)
  ok   10 w3 apron:46:285 [tigermoth] dry
  ok   10 w3 apron:46:285 [tigermoth] clear of solid things  (11.62 m of 3.00 (item s_strip/hut))
  ok   10 w3 apron:46:285 [tigermoth] clear of stock build's routes  (45.10 m of 8.00)
  ok   10 w3 apron:46:285 [tigermoth] clear of aluminium C172's routes  (45.10 m of 8.50)
  ok   10 w3 apron:46:285 [tigermoth] clear of the user's Cub's routes  (45.10 m of 8.35)
  ok   10 w3 apron:46:285 [stearman] inside the field
  ok   10 w3 apron:46:285 [stearman] flat  (0.03 m of 0.60)
  ok   10 w3 apron:46:285 [stearman] dry
  ok   10 w3 apron:46:285 [stearman] clear of solid things  (11.28 m of 3.00 (item s_strip/hut))
  ok   10 w3 apron:46:285 [stearman] clear of stock build's routes  (45.00 m of 8.00)
  ok   10 w3 apron:46:285 [stearman] clear of aluminium C172's routes  (45.00 m of 8.50)
  ok   10 w3 apron:46:285 [stearman] clear of the user's Cub's routes  (45.00 m of 8.35)
  ok   10 w3 apron:46:285 [pittsAlike] inside the field
  ok   10 w3 apron:46:285 [pittsAlike] flat  (0.01 m of 0.60)
  ok   10 w3 apron:46:285 [pittsAlike] dry
  ok   10 w3 apron:46:285 [pittsAlike] clear of solid things  (12.47 m of 3.00 (item s_strip/hut))
  ok   10 w3 apron:46:285 [pittsAlike] clear of stock build's routes  (45.10 m of 8.00)
  ok   10 w3 apron:46:285 [pittsAlike] clear of aluminium C172's routes  (45.10 m of 8.50)
  ok   10 w3 apron:46:285 [pittsAlike] clear of the user's Cub's routes  (45.10 m of 8.35)
  ok   10 w3 apron:46:285 [sesqui] inside the field
  ok   10 w3 apron:46:285 [sesqui] flat  (0.03 m of 0.60)
  ok   10 w3 apron:46:285 [sesqui] dry
  ok   10 w3 apron:46:285 [sesqui] clear of solid things  (11.29 m of 3.00 (item s_strip/hut))
  ok   10 w3 apron:46:285 [sesqui] clear of stock build's routes  (45.10 m of 8.00)
  ok   10 w3 apron:46:285 [sesqui] clear of aluminium C172's routes  (45.10 m of 8.50)
  ok   10 w3 apron:46:285 [sesqui] clear of the user's Cub's routes  (45.10 m of 8.35)
  ok   10 w3 apron:46:285 [jodel] inside the field
  ok   10 w3 apron:46:285 [jodel] flat  (0.02 m of 0.60)
  ok   10 w3 apron:46:285 [jodel] dry
  ok   10 w3 apron:46:285 [jodel] clear of solid things  (11.47 m of 3.00 (item s_strip/hut))
  ok   10 w3 apron:46:285 [jodel] clear of stock build's routes  (44.60 m of 8.00)
  ok   10 w3 apron:46:285 [jodel] clear of aluminium C172's routes  (44.60 m of 8.50)
  ok   10 w3 apron:46:285 [jodel] clear of the user's Cub's routes  (44.60 m of 8.35)
  ok   10 w3 apron:46:285 [c172] inside the field
  ok   10 w3 apron:46:285 [c172] flat  (0.03 m of 0.60)
  ok   10 w3 apron:46:285 [c172] dry
  ok   10 w3 apron:46:285 [c172] clear of solid things  (10.51 m of 3.00 (item s_strip/hut))
  ok   10 w3 apron:46:285 [c172] clear of stock build's routes  (44.50 m of 8.00)
  ok   10 w3 apron:46:285 [c172] clear of aluminium C172's routes  (44.50 m of 8.50)
  ok   10 w3 apron:46:285 [c172] clear of the user's Cub's routes  (44.50 m of 8.35)
  ok   10 w3 apron:46:285 [chinook] inside the field
  ok   10 w3 apron:46:285 [chinook] flat  (0.02 m of 0.60)
  ok   10 w3 apron:46:285 [chinook] dry
  ok   10 w3 apron:46:285 [chinook] clear of solid things  (11.73 m of 3.00 (item s_strip/hut))
  ok   10 w3 apron:46:285 [chinook] clear of stock build's routes  (45.60 m of 8.00)
  ok   10 w3 apron:46:285 [chinook] clear of aluminium C172's routes  (45.60 m of 8.50)
  ok   10 w3 apron:46:285 [chinook] clear of the user's Cub's routes  (45.60 m of 8.35)
  ok   10 w3 apron:46:285 [caravan] inside the field
  ok   10 w3 apron:46:285 [caravan] flat  (0.02 m of 0.60)
  ok   10 w3 apron:46:285 [caravan] dry
  ok   10 w3 apron:46:285 [caravan] clear of solid things  (9.09 m of 3.00 (item s_strip/hut))
  ok   10 w3 apron:46:285 [caravan] clear of stock build's routes  (43.90 m of 8.00)
  ok   10 w3 apron:46:285 [caravan] clear of aluminium C172's routes  (43.90 m of 8.50)
  ok   10 w3 apron:46:285 [caravan] clear of the user's Cub's routes  (43.90 m of 8.35)
  ok   10 w3 apron:46:285 [rv] inside the field
  ok   10 w3 apron:46:285 [rv] flat  (0.03 m of 0.60)
  ok   10 w3 apron:46:285 [rv] dry
  ok   10 w3 apron:46:285 [rv] clear of solid things  (11.35 m of 3.00 (item s_strip/hut))
  ok   10 w3 apron:46:285 [rv] clear of stock build's routes  (45.10 m of 8.00)
  ok   10 w3 apron:46:285 [rv] clear of aluminium C172's routes  (45.10 m of 8.50)
  ok   10 w3 apron:46:285 [rv] clear of the user's Cub's routes  (45.10 m of 8.35)
  ok   10 w3 apron:46:285 [savannah] inside the field
  ok   10 w3 apron:46:285 [savannah] flat  (0.03 m of 0.60)
  ok   10 w3 apron:46:285 [savannah] dry
  ok   10 w3 apron:46:285 [savannah] clear of solid things  (11.55 m of 3.00 (item s_strip/hut))
  ok   10 w3 apron:46:285 [savannah] clear of stock build's routes  (45.10 m of 8.00)
  ok   10 w3 apron:46:285 [savannah] clear of aluminium C172's routes  (45.10 m of 8.50)
  ok   10 w3 apron:46:285 [savannah] clear of the user's Cub's routes  (45.10 m of 8.35)
  ok   10 w3 apron:46:285 [ul1] inside the field
  ok   10 w3 apron:46:285 [ul1] flat  (0.03 m of 0.60)
  ok   10 w3 apron:46:285 [ul1] dry
  ok   10 w3 apron:46:285 [ul1] clear of solid things  (11.49 m of 3.00 (item s_strip/hut))
  ok   10 w3 apron:46:285 [ul1] clear of stock build's routes  (45.10 m of 8.00)
  ok   10 w3 apron:46:285 [ul1] clear of aluminium C172's routes  (45.10 m of 8.50)
  ok   10 w3 apron:46:285 [ul1] clear of the user's Cub's routes  (45.10 m of 8.35)
  ok   10 w3 apron:46:285 [floatplane] inside the field
  ok   10 w3 apron:46:285 [floatplane] flat  (0.02 m of 0.60)
  ok   10 w3 apron:46:285 [floatplane] dry
  ok   10 w3 apron:46:285 [floatplane] clear of solid things  (10.48 m of 3.00 (item s_strip/hut))
  ok   10 w3 apron:46:285 [floatplane] clear of stock build's routes  (44.80 m of 8.00)
  ok   10 w3 apron:46:285 [floatplane] clear of aluminium C172's routes  (44.80 m of 8.50)
  ok   10 w3 apron:46:285 [floatplane] clear of the user's Cub's routes  (44.80 m of 8.35)
  ok   10 w3 apron:46:285 [pusherPod] inside the field
  ok   10 w3 apron:46:285 [pusherPod] flat  (0.04 m of 0.60)
  ok   10 w3 apron:46:285 [pusherPod] dry
  ok   10 w3 apron:46:285 [pusherPod] clear of solid things  (11.78 m of 3.00 (item s_strip/hut))
  ok   10 w3 apron:46:285 [pusherPod] clear of stock build's routes  (45.40 m of 8.00)
  ok   10 w3 apron:46:285 [pusherPod] clear of aluminium C172's routes  (45.40 m of 8.50)
  ok   10 w3 apron:46:285 [pusherPod] clear of the user's Cub's routes  (45.40 m of 8.35)
  ok   10 w3 apron:46:285 [motorglider] inside the field
  ok   10 w3 apron:46:285 [motorglider] flat  (0.01 m of 0.60)
  ok   10 w3 apron:46:285 [motorglider] dry
  ok   10 w3 apron:46:285 [motorglider] clear of solid things  (10.36 m of 3.00 (item s_strip/hut))
  ok   10 w3 apron:46:285 [motorglider] clear of stock build's routes  (45.10 m of 8.00)
  ok   10 w3 apron:46:285 [motorglider] clear of aluminium C172's routes  (45.10 m of 8.50)
  ok   10 w3 apron:46:285 [motorglider] clear of the user's Cub's routes  (45.10 m of 8.35)
  ok   10 w3 apron:46:285 [radial] inside the field
  ok   10 w3 apron:46:285 [radial] flat  (0.03 m of 0.60)
  ok   10 w3 apron:46:285 [radial] dry
  ok   10 w3 apron:46:285 [radial] clear of solid things  (10.96 m of 3.00 (item s_strip/hut))
  ok   10 w3 apron:46:285 [radial] clear of stock build's routes  (45.10 m of 8.00)
  ok   10 w3 apron:46:285 [radial] clear of aluminium C172's routes  (45.10 m of 8.50)
  ok   10 w3 apron:46:285 [radial] clear of the user's Cub's routes  (45.10 m of 8.35)
  ok   10 w3 apron:46:285 [etrainer] inside the field
  ok   10 w3 apron:46:285 [etrainer] flat  (0.03 m of 0.60)
  ok   10 w3 apron:46:285 [etrainer] dry
  ok   10 w3 apron:46:285 [etrainer] clear of solid things  (11.62 m of 3.00 (item s_strip/hut))
  ok   10 w3 apron:46:285 [etrainer] clear of stock build's routes  (45.10 m of 8.00)
  ok   10 w3 apron:46:285 [etrainer] clear of aluminium C172's routes  (45.10 m of 8.50)
  ok   10 w3 apron:46:285 [etrainer] clear of the user's Cub's routes  (45.10 m of 8.35)
  ok   10 w3 apron:46:285 [ttail] inside the field
  ok   10 w3 apron:46:285 [ttail] flat  (0.03 m of 0.60)
  ok   10 w3 apron:46:285 [ttail] dry
  ok   10 w3 apron:46:285 [ttail] clear of solid things  (10.96 m of 3.00 (item s_strip/hut))
  ok   10 w3 apron:46:285 [ttail] clear of stock build's routes  (45.10 m of 8.00)
  ok   10 w3 apron:46:285 [ttail] clear of aluminium C172's routes  (45.10 m of 8.50)
  ok   10 w3 apron:46:285 [ttail] clear of the user's Cub's routes  (45.10 m of 8.35)
  ok   10 w3 apron:46:285 [vtail] inside the field
  ok   10 w3 apron:46:285 [vtail] flat  (0.03 m of 0.60)
  ok   10 w3 apron:46:285 [vtail] dry
  ok   10 w3 apron:46:285 [vtail] clear of solid things  (10.96 m of 3.00 (item s_strip/hut))
  ok   10 w3 apron:46:285 [vtail] clear of stock build's routes  (45.10 m of 8.00)
  ok   10 w3 apron:46:285 [vtail] clear of aluminium C172's routes  (45.10 m of 8.50)
  ok   10 w3 apron:46:285 [vtail] clear of the user's Cub's routes  (45.10 m of 8.35)
  ok   10 w3 apron:46:285 [mw5] inside the field
  ok   10 w3 apron:46:285 [mw5] flat  (0.03 m of 0.60)
  ok   10 w3 apron:46:285 [mw5] dry
  ok   10 w3 apron:46:285 [mw5] clear of solid things  (11.71 m of 3.00 (item s_strip/hut))
  ok   10 w3 apron:46:285 [mw5] clear of stock build's routes  (45.40 m of 8.00)
  ok   10 w3 apron:46:285 [mw5] clear of aluminium C172's routes  (45.40 m of 8.50)
  ok   10 w3 apron:46:285 [mw5] clear of the user's Cub's routes  (45.40 m of 8.35)
  ok   10 w3 apron:46:285 [archaeopteryx] inside the field
  ok   10 w3 apron:46:285 [archaeopteryx] flat  (0.02 m of 0.60)
  ok   10 w3 apron:46:285 [archaeopteryx] dry
  ok   10 w3 apron:46:285 [archaeopteryx] clear of solid things  (11.20 m of 3.00 (item s_strip/hut))
  ok   10 w3 apron:46:285 [archaeopteryx] clear of stock build's routes  (45.40 m of 8.00)
  ok   10 w3 apron:46:285 [archaeopteryx] clear of aluminium C172's routes  (45.40 m of 8.50)
  ok   10 w3 apron:46:285 [archaeopteryx] clear of the user's Cub's routes  (45.40 m of 8.35)
  ok   10 w3 apron:46:285 [da62] inside the field
  ok   10 w3 apron:46:285 [da62] flat  (0.01 m of 0.60)
  ok   10 w3 apron:46:285 [da62] dry
  ok   10 w3 apron:46:285 [da62] clear of solid things  (10.25 m of 3.00 (item s_strip/hut))
  ok   10 w3 apron:46:285 [da62] clear of stock build's routes  (45.30 m of 8.00)
  ok   10 w3 apron:46:285 [da62] clear of aluminium C172's routes  (45.30 m of 8.50)
  ok   10 w3 apron:46:285 [da62] clear of the user's Cub's routes  (45.30 m of 8.35)
  ok   10 w3 apron:46:285 [twinBush] inside the field
  ok   10 w3 apron:46:285 [twinBush] flat  (0.08 m of 0.60)
  ok   10 w3 apron:46:285 [twinBush] dry
  ok   10 w3 apron:46:285 [twinBush] clear of solid things  (9.76 m of 3.00 (item s_strip/hut))
  ok   10 w3 apron:46:285 [twinBush] clear of stock build's routes  (45.30 m of 8.00)
  ok   10 w3 apron:46:285 [twinBush] clear of aluminium C172's routes  (45.30 m of 8.50)
  ok   10 w3 apron:46:285 [twinBush] clear of the user's Cub's routes  (45.30 m of 8.35)
  ok   10 w3 apron:46:285 [skymaster] inside the field
  ok   10 w3 apron:46:285 [skymaster] flat  (0.03 m of 0.60)
  ok   10 w3 apron:46:285 [skymaster] dry
  ok   10 w3 apron:46:285 [skymaster] clear of solid things  (10.96 m of 3.00 (item s_strip/hut))
  ok   10 w3 apron:46:285 [skymaster] clear of stock build's routes  (45.10 m of 8.00)
  ok   10 w3 apron:46:285 [skymaster] clear of aluminium C172's routes  (45.10 m of 8.50)
  ok   10 w3 apron:46:285 [skymaster] clear of the user's Cub's routes  (45.10 m of 8.35)
  ok   10 w3 apron:46:285 [p38] inside the field
  ok   10 w3 apron:46:285 [p38] flat  (0.02 m of 0.60)
  ok   10 w3 apron:46:285 [p38] dry
  ok   10 w3 apron:46:285 [p38] clear of solid things  (11.12 m of 3.00 (item s_strip/hut))
  ok   10 w3 apron:46:285 [p38] clear of stock build's routes  (45.30 m of 8.00)
  ok   10 w3 apron:46:285 [p38] clear of aluminium C172's routes  (45.30 m of 8.50)
  ok   10 w3 apron:46:285 [p38] clear of the user's Cub's routes  (45.30 m of 8.35)
  ok   10 w3 apron:46:285 [beaver] inside the field
  ok   10 w3 apron:46:285 [beaver] flat  (0.01 m of 0.60)
  ok   10 w3 apron:46:285 [beaver] dry
  ok   10 w3 apron:46:285 [beaver] clear of solid things  (9.84 m of 3.00 (item s_strip/hut))
  ok   10 w3 apron:46:285 [beaver] clear of stock build's routes  (45.00 m of 8.00)
  ok   10 w3 apron:46:285 [beaver] clear of aluminium C172's routes  (45.00 m of 8.50)
  ok   10 w3 apron:46:285 [beaver] clear of the user's Cub's routes  (45.00 m of 8.35)
  ok   10 w3 apron:46:285 [default] inside the field
  ok   10 w3 apron:46:285 [default] flat  (0.03 m of 0.60)
  ok   10 w3 apron:46:285 [default] dry
  ok   10 w3 apron:46:285 [default] clear of solid things  (10.11 m of 3.00 (item s_strip/hut))
  ok   10 w3 apron:46:285 [default] clear of stock build's routes  (44.40 m of 8.00)
  ok   10 w3 apron:46:285 [default] clear of aluminium C172's routes  (44.40 m of 8.50)
  ok   10 w3 apron:46:285 [default] clear of the user's Cub's routes  (44.40 m of 8.35)
  ok   10 w3 apron:46:330 [cub] inside the field
  ok   10 w3 apron:46:330 [cub] flat  (0.14 m of 0.60)
  ok   10 w3 apron:46:330 [cub] dry
  ok   10 w3 apron:46:330 [cub] clear of solid things  (5.56 m of 3.00 (item s_strip/hut))
  ok   10 w3 apron:46:330 [cub] clear of stock build's routes  (44.70 m of 8.00)
  ok   10 w3 apron:46:330 [cub] clear of aluminium C172's routes  (44.70 m of 8.50)
  ok   10 w3 apron:46:330 [cub] clear of the user's Cub's routes  (44.70 m of 8.35)
  ok   10 w3 apron:46:330 [pietenpol] inside the field
  ok   10 w3 apron:46:330 [pietenpol] flat  (0.11 m of 0.60)
  ok   10 w3 apron:46:330 [pietenpol] dry
  ok   10 w3 apron:46:330 [pietenpol] clear of solid things  (6.52 m of 3.00 (item s_strip/hut))
  ok   10 w3 apron:46:330 [pietenpol] clear of stock build's routes  (45.10 m of 8.00)
  ok   10 w3 apron:46:330 [pietenpol] clear of aluminium C172's routes  (45.10 m of 8.50)
  ok   10 w3 apron:46:330 [pietenpol] clear of the user's Cub's routes  (45.10 m of 8.35)
  ok   10 w3 apron:46:330 [tigermoth] inside the field
  ok   10 w3 apron:46:330 [tigermoth] flat  (0.12 m of 0.60)
  ok   10 w3 apron:46:330 [tigermoth] dry
  ok   10 w3 apron:46:330 [tigermoth] clear of solid things  (6.45 m of 3.00 (item s_strip/hut))
  ok   10 w3 apron:46:330 [tigermoth] clear of stock build's routes  (45.10 m of 8.00)
  ok   10 w3 apron:46:330 [tigermoth] clear of aluminium C172's routes  (45.10 m of 8.50)
  ok   10 w3 apron:46:330 [tigermoth] clear of the user's Cub's routes  (45.10 m of 8.35)
  ok   10 w3 apron:46:330 [stearman] inside the field
  ok   10 w3 apron:46:330 [stearman] flat  (0.12 m of 0.60)
  ok   10 w3 apron:46:330 [stearman] dry
  ok   10 w3 apron:46:330 [stearman] clear of solid things  (6.11 m of 3.00 (item s_strip/hut))
  ok   10 w3 apron:46:330 [stearman] clear of stock build's routes  (45.00 m of 8.00)
  ok   10 w3 apron:46:330 [stearman] clear of aluminium C172's routes  (45.00 m of 8.50)
  ok   10 w3 apron:46:330 [stearman] clear of the user's Cub's routes  (45.00 m of 8.35)
  ok   10 w3 apron:46:330 [pittsAlike] inside the field
  ok   10 w3 apron:46:330 [pittsAlike] flat  (0.08 m of 0.60)
  ok   10 w3 apron:46:330 [pittsAlike] dry
  ok   10 w3 apron:46:330 [pittsAlike] clear of solid things  (7.27 m of 3.00 (prop s_strip/hut#bin_metal2))
  ok   10 w3 apron:46:330 [pittsAlike] clear of stock build's routes  (45.10 m of 8.00)
  ok   10 w3 apron:46:330 [pittsAlike] clear of aluminium C172's routes  (45.10 m of 8.50)
  ok   10 w3 apron:46:330 [pittsAlike] clear of the user's Cub's routes  (45.10 m of 8.35)
  ok   10 w3 apron:46:330 [sesqui] inside the field
  ok   10 w3 apron:46:330 [sesqui] flat  (0.13 m of 0.60)
  ok   10 w3 apron:46:330 [sesqui] dry
  ok   10 w3 apron:46:330 [sesqui] clear of solid things  (6.12 m of 3.00 (item s_strip/hut))
  ok   10 w3 apron:46:330 [sesqui] clear of stock build's routes  (45.10 m of 8.00)
  ok   10 w3 apron:46:330 [sesqui] clear of aluminium C172's routes  (45.10 m of 8.50)
  ok   10 w3 apron:46:330 [sesqui] clear of the user's Cub's routes  (45.10 m of 8.35)
  ok   10 w3 apron:46:330 [jodel] inside the field
  ok   10 w3 apron:46:330 [jodel] flat  (0.09 m of 0.60)
  ok   10 w3 apron:46:330 [jodel] dry
  ok   10 w3 apron:46:330 [jodel] clear of solid things  (6.31 m of 3.00 (item s_strip/hut))
  ok   10 w3 apron:46:330 [jodel] clear of stock build's routes  (44.60 m of 8.00)
  ok   10 w3 apron:46:330 [jodel] clear of aluminium C172's routes  (44.60 m of 8.50)
  ok   10 w3 apron:46:330 [jodel] clear of the user's Cub's routes  (44.60 m of 8.35)
  ok   10 w3 apron:46:330 [c172] inside the field
  ok   10 w3 apron:46:330 [c172] flat  (0.16 m of 0.60)
  ok   10 w3 apron:46:330 [c172] dry
  ok   10 w3 apron:46:330 [c172] clear of solid things  (5.34 m of 3.00 (item s_strip/hut))
  ok   10 w3 apron:46:330 [c172] clear of stock build's routes  (44.50 m of 8.00)
  ok   10 w3 apron:46:330 [c172] clear of aluminium C172's routes  (44.50 m of 8.50)
  ok   10 w3 apron:46:330 [c172] clear of the user's Cub's routes  (44.50 m of 8.35)
  ok   10 w3 apron:46:330 [chinook] inside the field
  ok   10 w3 apron:46:330 [chinook] flat  (0.12 m of 0.60)
  ok   10 w3 apron:46:330 [chinook] dry
  ok   10 w3 apron:46:330 [chinook] clear of solid things  (6.58 m of 3.00 (item s_strip/hut))
  ok   10 w3 apron:46:330 [chinook] clear of stock build's routes  (45.60 m of 8.00)
  ok   10 w3 apron:46:330 [chinook] clear of aluminium C172's routes  (45.60 m of 8.50)
  ok   10 w3 apron:46:330 [chinook] clear of the user's Cub's routes  (45.60 m of 8.35)
  ok   10 w3 apron:46:330 [caravan] inside the field
  ok   10 w3 apron:46:330 [caravan] flat  (0.21 m of 0.60)
  ok   10 w3 apron:46:330 [caravan] dry
  ok   10 w3 apron:46:330 [caravan] clear of solid things  (4.01 m of 3.00 (item s_strip/hut))
  ok   10 w3 apron:46:330 [caravan] clear of stock build's routes  (43.90 m of 8.00)
  ok   10 w3 apron:46:330 [caravan] clear of aluminium C172's routes  (43.90 m of 8.50)
  ok   10 w3 apron:46:330 [caravan] clear of the user's Cub's routes  (43.90 m of 8.35)
  ok   10 w3 apron:46:330 [rv] inside the field
  ok   10 w3 apron:46:330 [rv] flat  (0.13 m of 0.60)
  ok   10 w3 apron:46:330 [rv] dry
  ok   10 w3 apron:46:330 [rv] clear of solid things  (6.19 m of 3.00 (item s_strip/hut))
  ok   10 w3 apron:46:330 [rv] clear of stock build's routes  (45.10 m of 8.00)
  ok   10 w3 apron:46:330 [rv] clear of aluminium C172's routes  (45.10 m of 8.50)
  ok   10 w3 apron:46:330 [rv] clear of the user's Cub's routes  (45.10 m of 8.35)
  ok   10 w3 apron:46:330 [savannah] inside the field
  ok   10 w3 apron:46:330 [savannah] flat  (0.11 m of 0.60)
  ok   10 w3 apron:46:330 [savannah] dry
  ok   10 w3 apron:46:330 [savannah] clear of solid things  (6.38 m of 3.00 (item s_strip/hut))
  ok   10 w3 apron:46:330 [savannah] clear of stock build's routes  (45.10 m of 8.00)
  ok   10 w3 apron:46:330 [savannah] clear of aluminium C172's routes  (45.10 m of 8.50)
  ok   10 w3 apron:46:330 [savannah] clear of the user's Cub's routes  (45.10 m of 8.35)
  ok   10 w3 apron:46:330 [ul1] inside the field
  ok   10 w3 apron:46:330 [ul1] flat  (0.12 m of 0.60)
  ok   10 w3 apron:46:330 [ul1] dry
  ok   10 w3 apron:46:330 [ul1] clear of solid things  (6.32 m of 3.00 (item s_strip/hut))
  ok   10 w3 apron:46:330 [ul1] clear of stock build's routes  (45.10 m of 8.00)
  ok   10 w3 apron:46:330 [ul1] clear of aluminium C172's routes  (45.10 m of 8.50)
  ok   10 w3 apron:46:330 [ul1] clear of the user's Cub's routes  (45.10 m of 8.35)
  ok   10 w3 apron:46:330 [floatplane] inside the field
  ok   10 w3 apron:46:330 [floatplane] flat  (0.16 m of 0.60)
  ok   10 w3 apron:46:330 [floatplane] dry
  ok   10 w3 apron:46:330 [floatplane] clear of solid things  (5.35 m of 3.00 (item s_strip/hut))
  ok   10 w3 apron:46:330 [floatplane] clear of stock build's routes  (44.80 m of 8.00)
  ok   10 w3 apron:46:330 [floatplane] clear of aluminium C172's routes  (44.80 m of 8.50)
  ok   10 w3 apron:46:330 [floatplane] clear of the user's Cub's routes  (44.80 m of 8.35)
  ok   10 w3 apron:46:330 [pusherPod] inside the field
  ok   10 w3 apron:46:330 [pusherPod] flat  (0.12 m of 0.60)
  ok   10 w3 apron:46:330 [pusherPod] dry
  ok   10 w3 apron:46:330 [pusherPod] clear of solid things  (6.61 m of 3.00 (item s_strip/hut))
  ok   10 w3 apron:46:330 [pusherPod] clear of stock build's routes  (45.40 m of 8.00)
  ok   10 w3 apron:46:330 [pusherPod] clear of aluminium C172's routes  (45.40 m of 8.50)
  ok   10 w3 apron:46:330 [pusherPod] clear of the user's Cub's routes  (45.40 m of 8.35)
  ok   10 w3 apron:46:330 [motorglider] inside the field
  ok   10 w3 apron:46:330 [motorglider] flat  (0.15 m of 0.60)
  ok   10 w3 apron:46:330 [motorglider] dry
  ok   10 w3 apron:46:330 [motorglider] clear of solid things  (5.31 m of 3.00 (item s_strip/hut))
  ok   10 w3 apron:46:330 [motorglider] clear of stock build's routes  (45.10 m of 8.00)
  ok   10 w3 apron:46:330 [motorglider] clear of aluminium C172's routes  (45.10 m of 8.50)
  ok   10 w3 apron:46:330 [motorglider] clear of the user's Cub's routes  (45.10 m of 8.35)
  ok   10 w3 apron:46:330 [radial] inside the field
  ok   10 w3 apron:46:330 [radial] flat  (0.15 m of 0.60)
  ok   10 w3 apron:46:330 [radial] dry
  ok   10 w3 apron:46:330 [radial] clear of solid things  (5.82 m of 3.00 (item s_strip/hut))
  ok   10 w3 apron:46:330 [radial] clear of stock build's routes  (45.10 m of 8.00)
  ok   10 w3 apron:46:330 [radial] clear of aluminium C172's routes  (45.10 m of 8.50)
  ok   10 w3 apron:46:330 [radial] clear of the user's Cub's routes  (45.10 m of 8.35)
  ok   10 w3 apron:46:330 [etrainer] inside the field
  ok   10 w3 apron:46:330 [etrainer] flat  (0.12 m of 0.60)
  ok   10 w3 apron:46:330 [etrainer] dry
  ok   10 w3 apron:46:330 [etrainer] clear of solid things  (6.45 m of 3.00 (item s_strip/hut))
  ok   10 w3 apron:46:330 [etrainer] clear of stock build's routes  (45.10 m of 8.00)
  ok   10 w3 apron:46:330 [etrainer] clear of aluminium C172's routes  (45.10 m of 8.50)
  ok   10 w3 apron:46:330 [etrainer] clear of the user's Cub's routes  (45.10 m of 8.35)
  ok   10 w3 apron:46:330 [ttail] inside the field
  ok   10 w3 apron:46:330 [ttail] flat  (0.15 m of 0.60)
  ok   10 w3 apron:46:330 [ttail] dry
  ok   10 w3 apron:46:330 [ttail] clear of solid things  (5.82 m of 3.00 (item s_strip/hut))
  ok   10 w3 apron:46:330 [ttail] clear of stock build's routes  (45.10 m of 8.00)
  ok   10 w3 apron:46:330 [ttail] clear of aluminium C172's routes  (45.10 m of 8.50)
  ok   10 w3 apron:46:330 [ttail] clear of the user's Cub's routes  (45.10 m of 8.35)
  ok   10 w3 apron:46:330 [vtail] inside the field
  ok   10 w3 apron:46:330 [vtail] flat  (0.15 m of 0.60)
  ok   10 w3 apron:46:330 [vtail] dry
  ok   10 w3 apron:46:330 [vtail] clear of solid things  (5.82 m of 3.00 (item s_strip/hut))
  ok   10 w3 apron:46:330 [vtail] clear of stock build's routes  (45.10 m of 8.00)
  ok   10 w3 apron:46:330 [vtail] clear of aluminium C172's routes  (45.10 m of 8.50)
  ok   10 w3 apron:46:330 [vtail] clear of the user's Cub's routes  (45.10 m of 8.35)
  ok   10 w3 apron:46:330 [mw5] inside the field
  ok   10 w3 apron:46:330 [mw5] flat  (0.12 m of 0.60)
  ok   10 w3 apron:46:330 [mw5] dry
  ok   10 w3 apron:46:330 [mw5] clear of solid things  (6.54 m of 3.00 (item s_strip/hut))
  ok   10 w3 apron:46:330 [mw5] clear of stock build's routes  (45.40 m of 8.00)
  ok   10 w3 apron:46:330 [mw5] clear of aluminium C172's routes  (45.40 m of 8.50)
  ok   10 w3 apron:46:330 [mw5] clear of the user's Cub's routes  (45.40 m of 8.35)
  ok   10 w3 apron:46:330 [archaeopteryx] inside the field
  ok   10 w3 apron:46:330 [archaeopteryx] flat  (0.14 m of 0.60)
  ok   10 w3 apron:46:330 [archaeopteryx] dry
  ok   10 w3 apron:46:330 [archaeopteryx] clear of solid things  (6.07 m of 3.00 (item s_strip/hut))
  ok   10 w3 apron:46:330 [archaeopteryx] clear of stock build's routes  (45.40 m of 8.00)
  ok   10 w3 apron:46:330 [archaeopteryx] clear of aluminium C172's routes  (45.40 m of 8.50)
  ok   10 w3 apron:46:330 [archaeopteryx] clear of the user's Cub's routes  (45.40 m of 8.35)
  ok   10 w3 apron:46:330 [da62] inside the field
  ok   10 w3 apron:46:330 [da62] flat  (0.19 m of 0.60)
  ok   10 w3 apron:46:330 [da62] dry
  ok   10 w3 apron:46:330 [da62] clear of solid things  (5.29 m of 3.00 (item s_strip/hut))
  ok   10 w3 apron:46:330 [da62] clear of stock build's routes  (45.30 m of 8.00)
  ok   10 w3 apron:46:330 [da62] clear of aluminium C172's routes  (45.30 m of 8.50)
  ok   10 w3 apron:46:330 [da62] clear of the user's Cub's routes  (45.30 m of 8.35)
  ok   10 w3 apron:46:330 [twinBush] inside the field
  ok   10 w3 apron:46:330 [twinBush] flat  (0.26 m of 0.60)
  ok   10 w3 apron:46:330 [twinBush] dry
  ok   10 w3 apron:46:330 [twinBush] clear of solid things  (4.97 m of 3.00 (item s_strip/hut))
  ok   10 w3 apron:46:330 [twinBush] clear of stock build's routes  (45.30 m of 8.00)
  ok   10 w3 apron:46:330 [twinBush] clear of aluminium C172's routes  (45.30 m of 8.50)
  ok   10 w3 apron:46:330 [twinBush] clear of the user's Cub's routes  (45.30 m of 8.35)
  ok   10 w3 apron:46:330 [skymaster] inside the field
  ok   10 w3 apron:46:330 [skymaster] flat  (0.14 m of 0.60)
  ok   10 w3 apron:46:330 [skymaster] dry
  ok   10 w3 apron:46:330 [skymaster] clear of solid things  (5.82 m of 3.00 (item s_strip/hut))
  ok   10 w3 apron:46:330 [skymaster] clear of stock build's routes  (45.10 m of 8.00)
  ok   10 w3 apron:46:330 [skymaster] clear of aluminium C172's routes  (45.10 m of 8.50)
  ok   10 w3 apron:46:330 [skymaster] clear of the user's Cub's routes  (45.10 m of 8.35)
  ok   10 w3 apron:46:330 [p38] inside the field
  ok   10 w3 apron:46:330 [p38] flat  (0.14 m of 0.60)
  ok   10 w3 apron:46:330 [p38] dry
  ok   10 w3 apron:46:330 [p38] clear of solid things  (5.98 m of 3.00 (item s_strip/hut))
  ok   10 w3 apron:46:330 [p38] clear of stock build's routes  (45.30 m of 8.00)
  ok   10 w3 apron:46:330 [p38] clear of aluminium C172's routes  (45.30 m of 8.50)
  ok   10 w3 apron:46:330 [p38] clear of the user's Cub's routes  (45.30 m of 8.35)
  ok   10 w3 apron:46:330 [beaver] inside the field
  ok   10 w3 apron:46:330 [beaver] flat  (0.19 m of 0.60)
  ok   10 w3 apron:46:330 [beaver] dry
  ok   10 w3 apron:46:330 [beaver] clear of solid things  (4.91 m of 3.00 (item s_strip/hut))
  ok   10 w3 apron:46:330 [beaver] clear of stock build's routes  (45.00 m of 8.00)
  ok   10 w3 apron:46:330 [beaver] clear of aluminium C172's routes  (45.00 m of 8.50)
  ok   10 w3 apron:46:330 [beaver] clear of the user's Cub's routes  (45.00 m of 8.35)
  ok   10 w3 apron:46:330 [default] inside the field
  ok   10 w3 apron:46:330 [default] flat  (0.19 m of 0.60)
  ok   10 w3 apron:46:330 [default] dry
  ok   10 w3 apron:46:330 [default] clear of solid things  (4.96 m of 3.00 (item s_strip/hut))
  ok   10 w3 apron:46:330 [default] clear of stock build's routes  (44.40 m of 8.00)
  ok   10 w3 apron:46:330 [default] clear of aluminium C172's routes  (44.40 m of 8.50)
  ok   10 w3 apron:46:330 [default] clear of the user's Cub's routes  (44.40 m of 8.35)
  ok   10 w3 apron:58:0 [cub] inside the field
  ok   10 w3 apron:58:0 [cub] flat  (0.35 m of 0.60)
  ok   10 w3 apron:58:0 [cub] dry
  ok   10 w3 apron:58:0 [cub] clear of solid things  (Infinity m of 3.00 (nothing))
  ok   10 w3 apron:58:0 [cub] clear of stock build's routes  (50.10 m of 8.00)
  ok   10 w3 apron:58:0 [cub] clear of aluminium C172's routes  (50.10 m of 8.50)
  ok   10 w3 apron:58:0 [cub] clear of the user's Cub's routes  (50.10 m of 8.35)
  ok   10 w3 apron:58:0 [pietenpol] inside the field
  ok   10 w3 apron:58:0 [pietenpol] flat  (0.30 m of 0.60)
  ok   10 w3 apron:58:0 [pietenpol] dry
  ok   10 w3 apron:58:0 [pietenpol] clear of solid things  (Infinity m of 3.00 (nothing))
  ok   10 w3 apron:58:0 [pietenpol] clear of stock build's routes  (51.10 m of 8.00)
  ok   10 w3 apron:58:0 [pietenpol] clear of aluminium C172's routes  (51.10 m of 8.50)
  ok   10 w3 apron:58:0 [pietenpol] clear of the user's Cub's routes  (51.10 m of 8.35)
  ok   10 w3 apron:58:0 [tigermoth] inside the field
  ok   10 w3 apron:58:0 [tigermoth] flat  (0.31 m of 0.60)
  ok   10 w3 apron:58:0 [tigermoth] dry
  ok   10 w3 apron:58:0 [tigermoth] clear of solid things  (Infinity m of 3.00 (nothing))
  ok   10 w3 apron:58:0 [tigermoth] clear of stock build's routes  (51.00 m of 8.00)
  ok   10 w3 apron:58:0 [tigermoth] clear of aluminium C172's routes  (51.00 m of 8.50)
  ok   10 w3 apron:58:0 [tigermoth] clear of the user's Cub's routes  (51.00 m of 8.35)
  ok   10 w3 apron:58:0 [stearman] inside the field
  ok   10 w3 apron:58:0 [stearman] flat  (0.32 m of 0.60)
  ok   10 w3 apron:58:0 [stearman] dry
  ok   10 w3 apron:58:0 [stearman] clear of solid things  (Infinity m of 3.00 (nothing))
  ok   10 w3 apron:58:0 [stearman] clear of stock build's routes  (50.60 m of 8.00)
  ok   10 w3 apron:58:0 [stearman] clear of aluminium C172's routes  (50.60 m of 8.50)
  ok   10 w3 apron:58:0 [stearman] clear of the user's Cub's routes  (50.60 m of 8.35)
  ok   10 w3 apron:58:0 [pittsAlike] inside the field
  ok   10 w3 apron:58:0 [pittsAlike] flat  (0.22 m of 0.60)
  ok   10 w3 apron:58:0 [pittsAlike] dry
  ok   10 w3 apron:58:0 [pittsAlike] clear of solid things  (Infinity m of 3.00 (nothing))
  ok   10 w3 apron:58:0 [pittsAlike] clear of stock build's routes  (52.20 m of 8.00)
  ok   10 w3 apron:58:0 [pittsAlike] clear of aluminium C172's routes  (52.20 m of 8.50)
  ok   10 w3 apron:58:0 [pittsAlike] clear of the user's Cub's routes  (52.20 m of 8.35)
  ok   10 w3 apron:58:0 [sesqui] inside the field
  ok   10 w3 apron:58:0 [sesqui] flat  (0.33 m of 0.60)
  ok   10 w3 apron:58:0 [sesqui] dry
  ok   10 w3 apron:58:0 [sesqui] clear of solid things  (Infinity m of 3.00 (nothing))
  ok   10 w3 apron:58:0 [sesqui] clear of stock build's routes  (50.50 m of 8.00)
  ok   10 w3 apron:58:0 [sesqui] clear of aluminium C172's routes  (50.50 m of 8.50)
  ok   10 w3 apron:58:0 [sesqui] clear of the user's Cub's routes  (50.50 m of 8.35)
  ok   10 w3 apron:58:0 [jodel] inside the field
  ok   10 w3 apron:58:0 [jodel] flat  (0.27 m of 0.60)
  ok   10 w3 apron:58:0 [jodel] dry
  ok   10 w3 apron:58:0 [jodel] clear of solid things  (Infinity m of 3.00 (nothing))
  ok   10 w3 apron:58:0 [jodel] clear of stock build's routes  (51.30 m of 8.00)
  ok   10 w3 apron:58:0 [jodel] clear of aluminium C172's routes  (51.30 m of 8.50)
  ok   10 w3 apron:58:0 [jodel] clear of the user's Cub's routes  (51.30 m of 8.35)
  ok   10 w3 apron:58:0 [c172] inside the field
  ok   10 w3 apron:58:0 [c172] flat  (0.37 m of 0.60)
  ok   10 w3 apron:58:0 [c172] dry
  ok   10 w3 apron:58:0 [c172] clear of solid things  (Infinity m of 3.00 (nothing))
  ok   10 w3 apron:58:0 [c172] clear of stock build's routes  (50.00 m of 8.00)
  ok   10 w3 apron:58:0 [c172] clear of aluminium C172's routes  (50.00 m of 8.50)
  ok   10 w3 apron:58:0 [c172] clear of the user's Cub's routes  (50.00 m of 8.35)
  ok   10 w3 apron:58:0 [chinook] inside the field
  ok   10 w3 apron:58:0 [chinook] flat  (0.32 m of 0.60)
  ok   10 w3 apron:58:0 [chinook] dry
  ok   10 w3 apron:58:0 [chinook] clear of solid things  (Infinity m of 3.00 (nothing))
  ok   10 w3 apron:58:0 [chinook] clear of stock build's routes  (50.60 m of 8.00)
  ok   10 w3 apron:58:0 [chinook] clear of aluminium C172's routes  (50.60 m of 8.50)
  ok   10 w3 apron:58:0 [chinook] clear of the user's Cub's routes  (50.60 m of 8.35)
  ok   10 w3 apron:58:0 [caravan] inside the field
  ok   10 w3 apron:58:0 [caravan] flat  (0.46 m of 0.60)
  ok   10 w3 apron:58:0 [caravan] dry
  ok   10 w3 apron:58:0 [caravan] clear of solid things  (Infinity m of 3.00 (nothing))
  ok   10 w3 apron:58:0 [caravan] clear of stock build's routes  (48.50 m of 8.00)
  ok   10 w3 apron:58:0 [caravan] clear of aluminium C172's routes  (48.50 m of 8.50)
  ok   10 w3 apron:58:0 [caravan] clear of the user's Cub's routes  (48.50 m of 8.35)
  ok   10 w3 apron:58:0 [rv] inside the field
  ok   10 w3 apron:58:0 [rv] flat  (0.33 m of 0.60)
  ok   10 w3 apron:58:0 [rv] dry
  ok   10 w3 apron:58:0 [rv] clear of solid things  (Infinity m of 3.00 (nothing))
  ok   10 w3 apron:58:0 [rv] clear of stock build's routes  (50.60 m of 8.00)
  ok   10 w3 apron:58:0 [rv] clear of aluminium C172's routes  (50.60 m of 8.50)
  ok   10 w3 apron:58:0 [rv] clear of the user's Cub's routes  (50.60 m of 8.35)
  ok   10 w3 apron:58:0 [savannah] inside the field
  ok   10 w3 apron:58:0 [savannah] flat  (0.31 m of 0.60)
  ok   10 w3 apron:58:0 [savannah] dry
  ok   10 w3 apron:58:0 [savannah] clear of solid things  (Infinity m of 3.00 (nothing))
  ok   10 w3 apron:58:0 [savannah] clear of stock build's routes  (50.90 m of 8.00)
  ok   10 w3 apron:58:0 [savannah] clear of aluminium C172's routes  (50.90 m of 8.50)
  ok   10 w3 apron:58:0 [savannah] clear of the user's Cub's routes  (50.90 m of 8.35)
  ok   10 w3 apron:58:0 [ul1] inside the field
  ok   10 w3 apron:58:0 [ul1] flat  (0.31 m of 0.60)
  ok   10 w3 apron:58:0 [ul1] dry
  ok   10 w3 apron:58:0 [ul1] clear of solid things  (Infinity m of 3.00 (nothing))
  ok   10 w3 apron:58:0 [ul1] clear of stock build's routes  (50.80 m of 8.00)
  ok   10 w3 apron:58:0 [ul1] clear of aluminium C172's routes  (50.80 m of 8.50)
  ok   10 w3 apron:58:0 [ul1] clear of the user's Cub's routes  (50.80 m of 8.35)
  ok   10 w3 apron:58:0 [floatplane] inside the field
  ok   10 w3 apron:58:0 [floatplane] flat  (0.38 m of 0.60)
  ok   10 w3 apron:58:0 [floatplane] dry
  ok   10 w3 apron:58:0 [floatplane] clear of solid things  (Infinity m of 3.00 (nothing))
  ok   10 w3 apron:58:0 [floatplane] clear of stock build's routes  (49.60 m of 8.00)
  ok   10 w3 apron:58:0 [floatplane] clear of aluminium C172's routes  (49.60 m of 8.50)
  ok   10 w3 apron:58:0 [floatplane] clear of the user's Cub's routes  (49.60 m of 8.35)
  ok   10 w3 apron:58:0 [pusherPod] inside the field
  ok   10 w3 apron:58:0 [pusherPod] flat  (0.31 m of 0.60)
  ok   10 w3 apron:58:0 [pusherPod] dry
  ok   10 w3 apron:58:0 [pusherPod] clear of solid things  (Infinity m of 3.00 (nothing))
  ok   10 w3 apron:58:0 [pusherPod] clear of stock build's routes  (50.90 m of 8.00)
  ok   10 w3 apron:58:0 [pusherPod] clear of aluminium C172's routes  (50.90 m of 8.50)
  ok   10 w3 apron:58:0 [pusherPod] clear of the user's Cub's routes  (50.90 m of 8.35)
  ok   10 w3 apron:58:0 [motorglider] inside the field
  ok   10 w3 apron:58:0 [motorglider] flat  (0.39 m of 0.60)
  ok   10 w3 apron:58:0 [motorglider] dry
  ok   10 w3 apron:58:0 [motorglider] clear of solid things  (Infinity m of 3.00 (nothing))
  ok   10 w3 apron:58:0 [motorglider] clear of stock build's routes  (49.00 m of 8.00)
  ok   10 w3 apron:58:0 [motorglider] clear of aluminium C172's routes  (49.00 m of 8.50)
  ok   10 w3 apron:58:0 [motorglider] clear of the user's Cub's routes  (49.00 m of 8.35)
  ok   10 w3 apron:58:0 [radial] inside the field
  ok   10 w3 apron:58:0 [radial] flat  (0.36 m of 0.60)
  ok   10 w3 apron:58:0 [radial] dry
  ok   10 w3 apron:58:0 [radial] clear of solid things  (Infinity m of 3.00 (nothing))
  ok   10 w3 apron:58:0 [radial] clear of stock build's routes  (50.00 m of 8.00)
  ok   10 w3 apron:58:0 [radial] clear of aluminium C172's routes  (50.00 m of 8.50)
  ok   10 w3 apron:58:0 [radial] clear of the user's Cub's routes  (50.00 m of 8.35)
  ok   10 w3 apron:58:0 [etrainer] inside the field
  ok   10 w3 apron:58:0 [etrainer] flat  (0.31 m of 0.60)
  ok   10 w3 apron:58:0 [etrainer] dry
  ok   10 w3 apron:58:0 [etrainer] clear of solid things  (Infinity m of 3.00 (nothing))
  ok   10 w3 apron:58:0 [etrainer] clear of stock build's routes  (51.00 m of 8.00)
  ok   10 w3 apron:58:0 [etrainer] clear of aluminium C172's routes  (51.00 m of 8.50)
  ok   10 w3 apron:58:0 [etrainer] clear of the user's Cub's routes  (51.00 m of 8.35)
  ok   10 w3 apron:58:0 [ttail] inside the field
  ok   10 w3 apron:58:0 [ttail] flat  (0.36 m of 0.60)
  ok   10 w3 apron:58:0 [ttail] dry
  ok   10 w3 apron:58:0 [ttail] clear of solid things  (Infinity m of 3.00 (nothing))
  ok   10 w3 apron:58:0 [ttail] clear of stock build's routes  (50.00 m of 8.00)
  ok   10 w3 apron:58:0 [ttail] clear of aluminium C172's routes  (50.00 m of 8.50)
  ok   10 w3 apron:58:0 [ttail] clear of the user's Cub's routes  (50.00 m of 8.35)
  ok   10 w3 apron:58:0 [vtail] inside the field
  ok   10 w3 apron:58:0 [vtail] flat  (0.36 m of 0.60)
  ok   10 w3 apron:58:0 [vtail] dry
  ok   10 w3 apron:58:0 [vtail] clear of solid things  (Infinity m of 3.00 (nothing))
  ok   10 w3 apron:58:0 [vtail] clear of stock build's routes  (50.00 m of 8.00)
  ok   10 w3 apron:58:0 [vtail] clear of aluminium C172's routes  (50.00 m of 8.50)
  ok   10 w3 apron:58:0 [vtail] clear of the user's Cub's routes  (50.00 m of 8.35)
  ok   10 w3 apron:58:0 [mw5] inside the field
  ok   10 w3 apron:58:0 [mw5] flat  (0.32 m of 0.60)
  ok   10 w3 apron:58:0 [mw5] dry
  ok   10 w3 apron:58:0 [mw5] clear of solid things  (Infinity m of 3.00 (nothing))
  ok   10 w3 apron:58:0 [mw5] clear of stock build's routes  (50.80 m of 8.00)
  ok   10 w3 apron:58:0 [mw5] clear of aluminium C172's routes  (50.80 m of 8.50)
  ok   10 w3 apron:58:0 [mw5] clear of the user's Cub's routes  (50.80 m of 8.35)
  ok   10 w3 apron:58:0 [archaeopteryx] inside the field
  ok   10 w3 apron:58:0 [archaeopteryx] flat  (0.35 m of 0.60)
  ok   10 w3 apron:58:0 [archaeopteryx] dry
  ok   10 w3 apron:58:0 [archaeopteryx] clear of solid things  (Infinity m of 3.00 (nothing))
  ok   10 w3 apron:58:0 [archaeopteryx] clear of stock build's routes  (50.00 m of 8.00)
  ok   10 w3 apron:58:0 [archaeopteryx] clear of aluminium C172's routes  (50.00 m of 8.50)
  ok   10 w3 apron:58:0 [archaeopteryx] clear of the user's Cub's routes  (50.00 m of 8.35)
  ok   10 w3 apron:58:0 [da62] inside the field
  ok   10 w3 apron:58:0 [da62] flat  (0.45 m of 0.60)
  ok   10 w3 apron:58:0 [da62] dry
  ok   10 w3 apron:58:0 [da62] clear of solid things  (Infinity m of 3.00 (nothing))
  ok   10 w3 apron:58:0 [da62] clear of stock build's routes  (48.50 m of 8.00)
  ok   10 w3 apron:58:0 [da62] clear of aluminium C172's routes  (48.50 m of 8.50)
  ok   10 w3 apron:58:0 [da62] clear of the user's Cub's routes  (48.50 m of 8.35)
  ok   10 w3 apron:58:0 [twinBush] inside the field
  ok   10 w3 apron:58:0 [twinBush] flat  (0.53 m of 0.60)
  ok   10 w3 apron:58:0 [twinBush] dry
  ok   10 w3 apron:58:0 [twinBush] clear of solid things  (Infinity m of 3.00 (nothing))
  ok   10 w3 apron:58:0 [twinBush] clear of stock build's routes  (47.50 m of 8.00)
  ok   10 w3 apron:58:0 [twinBush] clear of aluminium C172's routes  (47.50 m of 8.50)
  ok   10 w3 apron:58:0 [twinBush] clear of the user's Cub's routes  (47.50 m of 8.35)
  ok   10 w3 apron:58:0 [skymaster] inside the field
  ok   10 w3 apron:58:0 [skymaster] flat  (0.36 m of 0.60)
  ok   10 w3 apron:58:0 [skymaster] dry
  ok   10 w3 apron:58:0 [skymaster] clear of solid things  (Infinity m of 3.00 (nothing))
  ok   10 w3 apron:58:0 [skymaster] clear of stock build's routes  (50.00 m of 8.00)
  ok   10 w3 apron:58:0 [skymaster] clear of aluminium C172's routes  (50.00 m of 8.50)
  ok   10 w3 apron:58:0 [skymaster] clear of the user's Cub's routes  (50.00 m of 8.35)
  ok   10 w3 apron:58:0 [p38] inside the field
  ok   10 w3 apron:58:0 [p38] flat  (0.36 m of 0.60)
  ok   10 w3 apron:58:0 [p38] dry
  ok   10 w3 apron:58:0 [p38] clear of solid things  (Infinity m of 3.00 (nothing))
  ok   10 w3 apron:58:0 [p38] clear of stock build's routes  (50.00 m of 8.00)
  ok   10 w3 apron:58:0 [p38] clear of aluminium C172's routes  (50.00 m of 8.50)
  ok   10 w3 apron:58:0 [p38] clear of the user's Cub's routes  (50.00 m of 8.35)
  ok   10 w3 apron:58:0 [beaver] inside the field
  ok   10 w3 apron:58:0 [beaver] flat  (0.46 m of 0.60)
  ok   10 w3 apron:58:0 [beaver] dry
  ok   10 w3 apron:58:0 [beaver] clear of solid things  (Infinity m of 3.00 (nothing))
  ok   10 w3 apron:58:0 [beaver] clear of stock build's routes  (48.20 m of 8.00)
  ok   10 w3 apron:58:0 [beaver] clear of aluminium C172's routes  (48.20 m of 8.50)
  ok   10 w3 apron:58:0 [beaver] clear of the user's Cub's routes  (48.20 m of 8.35)
  ok   10 w3 apron:58:0 [default] inside the field
  ok   10 w3 apron:58:0 [default] flat  (0.41 m of 0.60)
  ok   10 w3 apron:58:0 [default] dry
  ok   10 w3 apron:58:0 [default] clear of solid things  (Infinity m of 3.00 (nothing))
  ok   10 w3 apron:58:0 [default] clear of stock build's routes  (49.50 m of 8.00)
  ok   10 w3 apron:58:0 [default] clear of aluminium C172's routes  (49.50 m of 8.50)
  ok   10 w3 apron:58:0 [default] clear of the user's Cub's routes  (49.50 m of 8.35)
  ok   10 w3 apron:22:0 / apron:22:150 [capacity] not overlapping  (34.30 m of 1.50)
  ok   10 w3 apron:22:0 / apron:22:300 [capacity] not overlapping  (6.04 m of 1.50)
  ok   10 w3 apron:22:0 / apron:34:0 [capacity] not overlapping  (2.80 m of 1.50)
  ok   10 w3 apron:22:0 / apron:34:150 [capacity] not overlapping  (46.00 m of 1.50)
  ok   10 w3 apron:22:0 / apron:34:195 [capacity] not overlapping  (49.29 m of 1.50)
  ok   10 w3 apron:22:0 / apron:34:285 [capacity] not overlapping  (21.11 m of 1.50)
  ok   10 w3 apron:22:0 / apron:46:0 [capacity] not overlapping  (14.80 m of 1.50)
  ok   10 w3 apron:22:0 / apron:46:255 [capacity] not overlapping  (43.40 m of 1.50)
  ok   10 w3 apron:22:0 / apron:46:285 [capacity] not overlapping  (32.35 m of 1.50)
  ok   10 w3 apron:22:0 / apron:46:330 [capacity] not overlapping  (14.70 m of 1.50)
  ok   10 w3 apron:22:0 / apron:58:0 [capacity] not overlapping  (26.80 m of 1.50)
  ok   10 w3 apron:22:150 / apron:22:300 [capacity] not overlapping  (34.30 m of 1.50)
  ok   10 w3 apron:22:150 / apron:34:0 [capacity] not overlapping  (46.00 m of 1.50)
  ok   10 w3 apron:22:150 / apron:34:150 [capacity] not overlapping  (2.80 m of 1.50)
  ok   10 w3 apron:22:150 / apron:34:195 [capacity] not overlapping  (8.90 m of 1.50)
  ok   10 w3 apron:22:150 / apron:34:285 [capacity] not overlapping  (41.99 m of 1.50)
  ok   10 w3 apron:22:150 / apron:46:0 [capacity] not overlapping  (57.82 m of 1.50)
  ok   10 w3 apron:22:150 / apron:46:255 [capacity] not overlapping  (43.41 m of 1.50)
  ok   10 w3 apron:22:150 / apron:46:285 [capacity] not overlapping  (53.61 m of 1.50)
  ok   10 w3 apron:22:150 / apron:46:330 [capacity] not overlapping  (63.79 m of 1.50)
  ok   10 w3 apron:22:150 / apron:58:0 [capacity] not overlapping  (69.70 m of 1.50)
  ok   10 w3 apron:22:300 / apron:34:0 [capacity] not overlapping  (15.63 m of 1.50)
  ok   10 w3 apron:22:300 / apron:34:150 [capacity] not overlapping  (46.00 m of 1.50)
  ok   10 w3 apron:22:300 / apron:34:195 [capacity] not overlapping  (32.20 m of 1.50)
  ok   10 w3 apron:22:300 / apron:34:285 [capacity] not overlapping  (1.72 m of 1.50)
  ok   10 w3 apron:22:300 / apron:46:0 [capacity] not overlapping  (26.02 m of 1.50)
  ok   10 w3 apron:22:300 / apron:46:255 [capacity] not overlapping  (18.97 m of 1.50)
  ok   10 w3 apron:22:300 / apron:46:285 [capacity] not overlapping  (13.72 m of 1.50)
  ok   10 w3 apron:22:300 / apron:46:330 [capacity] not overlapping  (14.70 m of 1.50)
  ok   10 w3 apron:22:300 / apron:58:0 [capacity] not overlapping  (36.87 m of 1.50)
  ok   10 w3 apron:34:0 / apron:34:150 [capacity] not overlapping  (57.49 m of 1.50)
  ok   10 w3 apron:34:0 / apron:34:195 [capacity] not overlapping  (61.17 m of 1.50)
  ok   10 w3 apron:34:0 / apron:34:285 [capacity] not overlapping  (26.15 m of 1.50)
  ok   10 w3 apron:34:0 / apron:46:0 [capacity] not overlapping  (2.80 m of 1.50)
  ok   10 w3 apron:34:0 / apron:46:255 [capacity] not overlapping  (50.92 m of 1.50)
  ok   10 w3 apron:34:0 / apron:46:285 [capacity] not overlapping  (34.78 m of 1.50)
  ok   10 w3 apron:34:0 / apron:46:330 [capacity] not overlapping  (7.08 m of 1.50)
  ok   10 w3 apron:34:0 / apron:58:0 [capacity] not overlapping  (14.80 m of 1.50)
  ok   10 w3 apron:34:150 / apron:34:195 [capacity] not overlapping  (9.63 m of 1.50)
  ok   10 w3 apron:34:150 / apron:34:285 [capacity] not overlapping  (52.82 m of 1.50)
  ok   10 w3 apron:34:150 / apron:46:0 [capacity] not overlapping  (69.15 m of 1.50)
  ok   10 w3 apron:34:150 / apron:46:255 [capacity] not overlapping  (50.93 m of 1.50)
  ok   10 w3 apron:34:150 / apron:46:285 [capacity] not overlapping  (64.07 m of 1.50)
  ok   10 w3 apron:34:150 / apron:46:330 [capacity] not overlapping  (75.80 m of 1.50)
  ok   10 w3 apron:34:150 / apron:58:0 [capacity] not overlapping  (80.91 m of 1.50)
  ok   10 w3 apron:34:195 / apron:34:285 [capacity] not overlapping  (33.80 m of 1.50)
  ok   10 w3 apron:34:195 / apron:46:0 [capacity] not overlapping  (73.08 m of 1.50)
  ok   10 w3 apron:34:195 / apron:46:255 [capacity] not overlapping  (26.19 m of 1.50)
  ok   10 w3 apron:34:195 / apron:46:285 [capacity] not overlapping  (43.13 m of 1.50)
  ok   10 w3 apron:34:195 / apron:46:330 [capacity] not overlapping  (64.08 m of 1.50)
  ok   10 w3 apron:34:195 / apron:58:0 [capacity] not overlapping  (85.02 m of 1.50)
  ok   10 w3 apron:34:285 / apron:46:0 [capacity] not overlapping  (34.78 m of 1.50)
  ok   10 w3 apron:34:285 / apron:46:255 [capacity] not overlapping  (7.08 m of 1.50)
  ok   10 w3 apron:34:285 / apron:46:285 [capacity] not overlapping  (2.80 m of 1.50)
  ok   10 w3 apron:34:285 / apron:46:330 [capacity] not overlapping  (17.39 m of 1.50)
  ok   10 w3 apron:34:285 / apron:58:0 [capacity] not overlapping  (44.98 m of 1.50)
  ok   10 w3 apron:46:0 / apron:46:255 [capacity] not overlapping  (59.91 m of 1.50)
  ok   10 w3 apron:46:0 / apron:46:285 [capacity] not overlapping  (40.76 m of 1.50)
  ok   10 w3 apron:46:0 / apron:46:330 [capacity] not overlapping  (7.27 m of 1.50)
  ok   10 w3 apron:46:0 / apron:58:0 [capacity] not overlapping  (2.80 m of 1.50)
  ok   10 w3 apron:46:255 / apron:46:285 [capacity] not overlapping  (7.27 m of 1.50)
  ok   10 w3 apron:46:255 / apron:46:330 [capacity] not overlapping  (40.76 m of 1.50)
  ok   10 w3 apron:46:255 / apron:58:0 [capacity] not overlapping  (69.82 m of 1.50)
  ok   10 w3 apron:46:285 / apron:46:330 [capacity] not overlapping  (18.82 m of 1.50)
  ok   10 w3 apron:46:285 / apron:58:0 [capacity] not overlapping  (48.99 m of 1.50)
  ok   10 w3 apron:46:330 / apron:58:0 [capacity] not overlapping  (13.02 m of 1.50)
  ok   10 SEA ring:L0:0 [cub] inside the field
  ok   10 SEA ring:L0:0 [cub] afloat
  ok   10 SEA ring:L0:0 [cub] clear of solid things  (Infinity m of 3.00 (nothing))
  ok   10 SEA ring:L0:0 [cub] clear of stock build's routes  (29.83 m of 8.00)
  ok   10 SEA ring:L0:0 [cub] clear of aluminium C172's routes  (29.83 m of 8.50)
  ok   10 SEA ring:L0:0 [cub] clear of the user's Cub's routes  (29.83 m of 8.35)
  ok   10 SEA ring:L0:0 [pietenpol] inside the field
  ok   10 SEA ring:L0:0 [pietenpol] afloat
  ok   10 SEA ring:L0:0 [pietenpol] clear of solid things  (Infinity m of 3.00 (nothing))
  ok   10 SEA ring:L0:0 [pietenpol] clear of stock build's routes  (30.42 m of 8.00)
  ok   10 SEA ring:L0:0 [pietenpol] clear of aluminium C172's routes  (30.42 m of 8.50)
  ok   10 SEA ring:L0:0 [pietenpol] clear of the user's Cub's routes  (30.42 m of 8.35)
  ok   10 SEA ring:L0:0 [tigermoth] inside the field
  ok   10 SEA ring:L0:0 [tigermoth] afloat
  ok   10 SEA ring:L0:0 [tigermoth] clear of solid things  (Infinity m of 3.00 (nothing))
  ok   10 SEA ring:L0:0 [tigermoth] clear of stock build's routes  (30.40 m of 8.00)
  ok   10 SEA ring:L0:0 [tigermoth] clear of aluminium C172's routes  (30.40 m of 8.50)
  ok   10 SEA ring:L0:0 [tigermoth] clear of the user's Cub's routes  (30.40 m of 8.35)
  ok   10 SEA ring:L0:0 [stearman] inside the field
  ok   10 SEA ring:L0:0 [stearman] afloat
  ok   10 SEA ring:L0:0 [stearman] clear of solid things  (Infinity m of 3.00 (nothing))
  ok   10 SEA ring:L0:0 [stearman] clear of stock build's routes  (30.22 m of 8.00)
  ok   10 SEA ring:L0:0 [stearman] clear of aluminium C172's routes  (30.22 m of 8.50)
  ok   10 SEA ring:L0:0 [stearman] clear of the user's Cub's routes  (30.22 m of 8.35)
  ok   10 SEA ring:L0:0 [pittsAlike] inside the field
  ok   10 SEA ring:L0:0 [pittsAlike] afloat
  ok   10 SEA ring:L0:0 [pittsAlike] clear of solid things  (Infinity m of 3.00 (nothing))
  ok   10 SEA ring:L0:0 [pittsAlike] clear of stock build's routes  (30.68 m of 8.00)
  ok   10 SEA ring:L0:0 [pittsAlike] clear of aluminium C172's routes  (30.68 m of 8.50)
  ok   10 SEA ring:L0:0 [pittsAlike] clear of the user's Cub's routes  (30.68 m of 8.35)
  ok   10 SEA ring:L0:0 [sesqui] inside the field
  ok   10 SEA ring:L0:0 [sesqui] afloat
  ok   10 SEA ring:L0:0 [sesqui] clear of solid things  (Infinity m of 3.00 (nothing))
  ok   10 SEA ring:L0:0 [sesqui] clear of stock build's routes  (30.30 m of 8.00)
  ok   10 SEA ring:L0:0 [sesqui] clear of aluminium C172's routes  (30.30 m of 8.50)
  ok   10 SEA ring:L0:0 [sesqui] clear of the user's Cub's routes  (30.30 m of 8.35)
  ok   10 SEA ring:L0:0 [jodel] inside the field
  ok   10 SEA ring:L0:0 [jodel] afloat
  ok   10 SEA ring:L0:0 [jodel] clear of solid things  (Infinity m of 3.00 (nothing))
  ok   10 SEA ring:L0:0 [jodel] clear of stock build's routes  (29.98 m of 8.00)
  ok   10 SEA ring:L0:0 [jodel] clear of aluminium C172's routes  (29.98 m of 8.50)
  ok   10 SEA ring:L0:0 [jodel] clear of the user's Cub's routes  (29.98 m of 8.35)
  ok   10 SEA ring:L0:0 [c172] inside the field
  ok   10 SEA ring:L0:0 [c172] afloat
  ok   10 SEA ring:L0:0 [c172] clear of solid things  (Infinity m of 3.00 (nothing))
  ok   10 SEA ring:L0:0 [c172] clear of stock build's routes  (29.61 m of 8.00)
  ok   10 SEA ring:L0:0 [c172] clear of aluminium C172's routes  (29.61 m of 8.50)
  ok   10 SEA ring:L0:0 [c172] clear of the user's Cub's routes  (29.61 m of 8.35)
  ok   10 SEA ring:L0:0 [chinook] inside the field
  ok   10 SEA ring:L0:0 [chinook] afloat
  ok   10 SEA ring:L0:0 [chinook] clear of solid things  (Infinity m of 3.00 (nothing))
  ok   10 SEA ring:L0:0 [chinook] clear of stock build's routes  (30.81 m of 8.00)
  ok   10 SEA ring:L0:0 [chinook] clear of aluminium C172's routes  (30.81 m of 8.50)
  ok   10 SEA ring:L0:0 [chinook] clear of the user's Cub's routes  (30.81 m of 8.35)
  ok   10 SEA ring:L0:0 [caravan] inside the field
  ok   10 SEA ring:L0:0 [caravan] afloat
  ok   10 SEA ring:L0:0 [caravan] clear of solid things  (Infinity m of 3.00 (nothing))
  ok   10 SEA ring:L0:0 [caravan] clear of stock build's routes  (28.78 m of 8.00)
  ok   10 SEA ring:L0:0 [caravan] clear of aluminium C172's routes  (28.78 m of 8.50)
  ok   10 SEA ring:L0:0 [caravan] clear of the user's Cub's routes  (28.78 m of 8.35)
  ok   10 SEA ring:L0:0 [rv] inside the field
  ok   10 SEA ring:L0:0 [rv] afloat
  ok   10 SEA ring:L0:0 [rv] clear of solid things  (Infinity m of 3.00 (nothing))
  ok   10 SEA ring:L0:0 [rv] clear of stock build's routes  (30.32 m of 8.00)
  ok   10 SEA ring:L0:0 [rv] clear of aluminium C172's routes  (30.32 m of 8.50)
  ok   10 SEA ring:L0:0 [rv] clear of the user's Cub's routes  (30.32 m of 8.35)
  ok   10 SEA ring:L0:0 [savannah] inside the field
  ok   10 SEA ring:L0:0 [savannah] afloat
  ok   10 SEA ring:L0:0 [savannah] clear of solid things  (Infinity m of 3.00 (nothing))
  ok   10 SEA ring:L0:0 [savannah] clear of stock build's routes  (30.38 m of 8.00)
  ok   10 SEA ring:L0:0 [savannah] clear of aluminium C172's routes  (30.38 m of 8.50)
  ok   10 SEA ring:L0:0 [savannah] clear of the user's Cub's routes  (30.38 m of 8.35)
  ok   10 SEA ring:L0:0 [ul1] inside the field
  ok   10 SEA ring:L0:0 [ul1] afloat
  ok   10 SEA ring:L0:0 [ul1] clear of solid things  (Infinity m of 3.00 (nothing))
  ok   10 SEA ring:L0:0 [ul1] clear of stock build's routes  (30.36 m of 8.00)
  ok   10 SEA ring:L0:0 [ul1] clear of aluminium C172's routes  (30.36 m of 8.50)
  ok   10 SEA ring:L0:0 [ul1] clear of the user's Cub's routes  (30.36 m of 8.35)
  ok   10 SEA ring:L0:0 [floatplane] inside the field
  ok   10 SEA ring:L0:0 [floatplane] afloat
  ok   10 SEA ring:L0:0 [floatplane] clear of solid things  (Infinity m of 3.00 (nothing))
  ok   10 SEA ring:L0:0 [floatplane] clear of stock build's routes  (29.84 m of 8.00)
  ok   10 SEA ring:L0:0 [floatplane] clear of aluminium C172's routes  (29.84 m of 8.50)
  ok   10 SEA ring:L0:0 [floatplane] clear of the user's Cub's routes  (29.84 m of 8.35)
  ok   10 SEA ring:L0:0 [pusherPod] inside the field
  ok   10 SEA ring:L0:0 [pusherPod] afloat
  ok   10 SEA ring:L0:0 [pusherPod] clear of solid things  (Infinity m of 3.00 (nothing))
  ok   10 SEA ring:L0:0 [pusherPod] clear of stock build's routes  (30.67 m of 8.00)
  ok   10 SEA ring:L0:0 [pusherPod] clear of aluminium C172's routes  (30.67 m of 8.50)
  ok   10 SEA ring:L0:0 [pusherPod] clear of the user's Cub's routes  (30.67 m of 8.35)
  ok   10 SEA ring:L0:0 [motorglider] inside the field
  ok   10 SEA ring:L0:0 [motorglider] afloat
  ok   10 SEA ring:L0:0 [motorglider] clear of solid things  (Infinity m of 3.00 (nothing))
  ok   10 SEA ring:L0:0 [motorglider] clear of stock build's routes  (30.04 m of 8.00)
  ok   10 SEA ring:L0:0 [motorglider] clear of aluminium C172's routes  (30.04 m of 8.50)
  ok   10 SEA ring:L0:0 [motorglider] clear of the user's Cub's routes  (30.04 m of 8.35)
  ok   10 SEA ring:L0:0 [radial] inside the field
  ok   10 SEA ring:L0:0 [radial] afloat
  ok   10 SEA ring:L0:0 [radial] clear of solid things  (Infinity m of 3.00 (nothing))
  ok   10 SEA ring:L0:0 [radial] clear of stock build's routes  (30.20 m of 8.00)
  ok   10 SEA ring:L0:0 [radial] clear of aluminium C172's routes  (30.20 m of 8.50)
  ok   10 SEA ring:L0:0 [radial] clear of the user's Cub's routes  (30.20 m of 8.35)
  ok   10 SEA ring:L0:0 [etrainer] inside the field
  ok   10 SEA ring:L0:0 [etrainer] afloat
  ok   10 SEA ring:L0:0 [etrainer] clear of solid things  (Infinity m of 3.00 (nothing))
  ok   10 SEA ring:L0:0 [etrainer] clear of stock build's routes  (30.40 m of 8.00)
  ok   10 SEA ring:L0:0 [etrainer] clear of aluminium C172's routes  (30.40 m of 8.50)
  ok   10 SEA ring:L0:0 [etrainer] clear of the user's Cub's routes  (30.40 m of 8.35)
  ok   10 SEA ring:L0:0 [ttail] inside the field
  ok   10 SEA ring:L0:0 [ttail] afloat
  ok   10 SEA ring:L0:0 [ttail] clear of solid things  (Infinity m of 3.00 (nothing))
  ok   10 SEA ring:L0:0 [ttail] clear of stock build's routes  (30.20 m of 8.00)
  ok   10 SEA ring:L0:0 [ttail] clear of aluminium C172's routes  (30.20 m of 8.50)
  ok   10 SEA ring:L0:0 [ttail] clear of the user's Cub's routes  (30.20 m of 8.35)
  ok   10 SEA ring:L0:0 [vtail] inside the field
  ok   10 SEA ring:L0:0 [vtail] afloat
  ok   10 SEA ring:L0:0 [vtail] clear of solid things  (Infinity m of 3.00 (nothing))
  ok   10 SEA ring:L0:0 [vtail] clear of stock build's routes  (30.20 m of 8.00)
  ok   10 SEA ring:L0:0 [vtail] clear of aluminium C172's routes  (30.20 m of 8.50)
  ok   10 SEA ring:L0:0 [vtail] clear of the user's Cub's routes  (30.20 m of 8.35)
  ok   10 SEA ring:L0:0 [mw5] inside the field
  ok   10 SEA ring:L0:0 [mw5] afloat
  ok   10 SEA ring:L0:0 [mw5] clear of solid things  (Infinity m of 3.00 (nothing))
  ok   10 SEA ring:L0:0 [mw5] clear of stock build's routes  (30.65 m of 8.00)
  ok   10 SEA ring:L0:0 [mw5] clear of aluminium C172's routes  (30.65 m of 8.50)
  ok   10 SEA ring:L0:0 [mw5] clear of the user's Cub's routes  (30.65 m of 8.35)
  ok   10 SEA ring:L0:0 [archaeopteryx] inside the field
  ok   10 SEA ring:L0:0 [archaeopteryx] afloat
  ok   10 SEA ring:L0:0 [archaeopteryx] clear of solid things  (Infinity m of 3.00 (nothing))
  ok   10 SEA ring:L0:0 [archaeopteryx] clear of stock build's routes  (30.50 m of 8.00)
  ok   10 SEA ring:L0:0 [archaeopteryx] clear of aluminium C172's routes  (30.50 m of 8.50)
  ok   10 SEA ring:L0:0 [archaeopteryx] clear of the user's Cub's routes  (30.50 m of 8.35)
  ok   10 SEA ring:L0:0 [da62] inside the field
  ok   10 SEA ring:L0:0 [da62] afloat
  ok   10 SEA ring:L0:0 [da62] clear of solid things  (Infinity m of 3.00 (nothing))
  ok   10 SEA ring:L0:0 [da62] clear of stock build's routes  (30.16 m of 8.00)
  ok   10 SEA ring:L0:0 [da62] clear of aluminium C172's routes  (30.16 m of 8.50)
  ok   10 SEA ring:L0:0 [da62] clear of the user's Cub's routes  (30.16 m of 8.35)
  ok   10 SEA ring:L0:0 [twinBush] inside the field
  ok   10 SEA ring:L0:0 [twinBush] afloat
  ok   10 SEA ring:L0:0 [twinBush] clear of solid things  (Infinity m of 3.00 (nothing))
  ok   10 SEA ring:L0:0 [twinBush] clear of stock build's routes  (30.05 m of 8.00)
  ok   10 SEA ring:L0:0 [twinBush] clear of aluminium C172's routes  (30.05 m of 8.50)
  ok   10 SEA ring:L0:0 [twinBush] clear of the user's Cub's routes  (30.05 m of 8.35)
  ok   10 SEA ring:L0:0 [skymaster] inside the field
  ok   10 SEA ring:L0:0 [skymaster] afloat
  ok   10 SEA ring:L0:0 [skymaster] clear of solid things  (Infinity m of 3.00 (nothing))
  ok   10 SEA ring:L0:0 [skymaster] clear of stock build's routes  (30.20 m of 8.00)
  ok   10 SEA ring:L0:0 [skymaster] clear of aluminium C172's routes  (30.20 m of 8.50)
  ok   10 SEA ring:L0:0 [skymaster] clear of the user's Cub's routes  (30.20 m of 8.35)
  ok   10 SEA ring:L0:0 [p38] inside the field
  ok   10 SEA ring:L0:0 [p38] afloat
  ok   10 SEA ring:L0:0 [p38] clear of solid things  (Infinity m of 3.00 (nothing))
  ok   10 SEA ring:L0:0 [p38] clear of stock build's routes  (30.40 m of 8.00)
  ok   10 SEA ring:L0:0 [p38] clear of aluminium C172's routes  (30.40 m of 8.50)
  ok   10 SEA ring:L0:0 [p38] clear of the user's Cub's routes  (30.40 m of 8.35)
  ok   10 SEA ring:L0:0 [beaver] inside the field
  ok   10 SEA ring:L0:0 [beaver] afloat
  ok   10 SEA ring:L0:0 [beaver] clear of solid things  (Infinity m of 3.00 (nothing))
  ok   10 SEA ring:L0:0 [beaver] clear of stock build's routes  (29.83 m of 8.00)
  ok   10 SEA ring:L0:0 [beaver] clear of aluminium C172's routes  (29.83 m of 8.50)
  ok   10 SEA ring:L0:0 [beaver] clear of the user's Cub's routes  (29.83 m of 8.35)
  ok   10 SEA ring:L0:0 [default] inside the field
  ok   10 SEA ring:L0:0 [default] afloat
  ok   10 SEA ring:L0:0 [default] clear of solid things  (Infinity m of 3.00 (nothing))
  ok   10 SEA ring:L0:0 [default] clear of stock build's routes  (29.43 m of 8.00)
  ok   10 SEA ring:L0:0 [default] clear of aluminium C172's routes  (29.43 m of 8.50)
  ok   10 SEA ring:L0:0 [default] clear of the user's Cub's routes  (29.43 m of 8.35)
  ok   10 SEA ring:L0:1 [cub] inside the field
  ok   10 SEA ring:L0:1 [cub] afloat
  ok   10 SEA ring:L0:1 [cub] clear of solid things  (Infinity m of 3.00 (nothing))
  ok   10 SEA ring:L0:1 [cub] clear of stock build's routes  (37.31 m of 8.00)
  ok   10 SEA ring:L0:1 [cub] clear of aluminium C172's routes  (37.31 m of 8.50)
  ok   10 SEA ring:L0:1 [cub] clear of the user's Cub's routes  (37.31 m of 8.35)
  ok   10 SEA ring:L0:1 [pietenpol] inside the field
  ok   10 SEA ring:L0:1 [pietenpol] afloat
  ok   10 SEA ring:L0:1 [pietenpol] clear of solid things  (Infinity m of 3.00 (nothing))
  ok   10 SEA ring:L0:1 [pietenpol] clear of stock build's routes  (38.25 m of 8.00)
  ok   10 SEA ring:L0:1 [pietenpol] clear of aluminium C172's routes  (38.25 m of 8.50)
  ok   10 SEA ring:L0:1 [pietenpol] clear of the user's Cub's routes  (38.25 m of 8.35)
  ok   10 SEA ring:L0:1 [tigermoth] inside the field
  ok   10 SEA ring:L0:1 [tigermoth] afloat
  ok   10 SEA ring:L0:1 [tigermoth] clear of solid things  (Infinity m of 3.00 (nothing))
  ok   10 SEA ring:L0:1 [tigermoth] clear of stock build's routes  (38.18 m of 8.00)
  ok   10 SEA ring:L0:1 [tigermoth] clear of aluminium C172's routes  (38.18 m of 8.50)
  ok   10 SEA ring:L0:1 [tigermoth] clear of the user's Cub's routes  (38.18 m of 8.35)
  ok   10 SEA ring:L0:1 [stearman] inside the field
  ok   10 SEA ring:L0:1 [stearman] afloat
  ok   10 SEA ring:L0:1 [stearman] clear of solid things  (Infinity m of 3.00 (nothing))
  ok   10 SEA ring:L0:1 [stearman] clear of stock build's routes  (37.86 m of 8.00)
  ok   10 SEA ring:L0:1 [stearman] clear of aluminium C172's routes  (37.86 m of 8.50)
  ok   10 SEA ring:L0:1 [stearman] clear of the user's Cub's routes  (37.86 m of 8.35)
  ok   10 SEA ring:L0:1 [pittsAlike] inside the field
  ok   10 SEA ring:L0:1 [pittsAlike] afloat
  ok   10 SEA ring:L0:1 [pittsAlike] clear of solid things  (Infinity m of 3.00 (nothing))
  ok   10 SEA ring:L0:1 [pittsAlike] clear of stock build's routes  (38.95 m of 8.00)
  ok   10 SEA ring:L0:1 [pittsAlike] clear of aluminium C172's routes  (38.95 m of 8.50)
  ok   10 SEA ring:L0:1 [pittsAlike] clear of the user's Cub's routes  (38.95 m of 8.35)
  ok   10 SEA ring:L0:1 [sesqui] inside the field
  ok   10 SEA ring:L0:1 [sesqui] afloat
  ok   10 SEA ring:L0:1 [sesqui] clear of solid things  (Infinity m of 3.00 (nothing))
  ok   10 SEA ring:L0:1 [sesqui] clear of stock build's routes  (37.87 m of 8.00)
  ok   10 SEA ring:L0:1 [sesqui] clear of aluminium C172's routes  (37.87 m of 8.50)
  ok   10 SEA ring:L0:1 [sesqui] clear of the user's Cub's routes  (37.87 m of 8.35)
  ok   10 SEA ring:L0:1 [jodel] inside the field
  ok   10 SEA ring:L0:1 [jodel] afloat
  ok   10 SEA ring:L0:1 [jodel] clear of solid things  (Infinity m of 3.00 (nothing))
  ok   10 SEA ring:L0:1 [jodel] clear of stock build's routes  (37.99 m of 8.00)
  ok   10 SEA ring:L0:1 [jodel] clear of aluminium C172's routes  (37.99 m of 8.50)
  ok   10 SEA ring:L0:1 [jodel] clear of the user's Cub's routes  (37.99 m of 8.35)
  ok   10 SEA ring:L0:1 [c172] inside the field
  ok   10 SEA ring:L0:1 [c172] afloat
  ok   10 SEA ring:L0:1 [c172] clear of solid things  (Infinity m of 3.00 (nothing))
  ok   10 SEA ring:L0:1 [c172] clear of stock build's routes  (37.09 m of 8.00)
  ok   10 SEA ring:L0:1 [c172] clear of aluminium C172's routes  (37.09 m of 8.50)
  ok   10 SEA ring:L0:1 [c172] clear of the user's Cub's routes  (37.09 m of 8.35)
  ok   10 SEA ring:L0:1 [chinook] inside the field
  ok   10 SEA ring:L0:1 [chinook] afloat
  ok   10 SEA ring:L0:1 [chinook] clear of solid things  (Infinity m of 3.00 (nothing))
  ok   10 SEA ring:L0:1 [chinook] clear of stock build's routes  (38.33 m of 8.00)
  ok   10 SEA ring:L0:1 [chinook] clear of aluminium C172's routes  (38.33 m of 8.50)
  ok   10 SEA ring:L0:1 [chinook] clear of the user's Cub's routes  (38.33 m of 8.35)
  ok   10 SEA ring:L0:1 [caravan] inside the field
  ok   10 SEA ring:L0:1 [caravan] afloat
  ok   10 SEA ring:L0:1 [caravan] clear of solid things  (Infinity m of 3.00 (nothing))
  ok   10 SEA ring:L0:1 [caravan] clear of stock build's routes  (35.70 m of 8.00)
  ok   10 SEA ring:L0:1 [caravan] clear of aluminium C172's routes  (35.70 m of 8.50)
  ok   10 SEA ring:L0:1 [caravan] clear of the user's Cub's routes  (35.70 m of 8.35)
  ok   10 SEA ring:L0:1 [rv] inside the field
  ok   10 SEA ring:L0:1 [rv] afloat
  ok   10 SEA ring:L0:1 [rv] clear of solid things  (Infinity m of 3.00 (nothing))
  ok   10 SEA ring:L0:1 [rv] clear of stock build's routes  (37.93 m of 8.00)
  ok   10 SEA ring:L0:1 [rv] clear of aluminium C172's routes  (37.93 m of 8.50)
  ok   10 SEA ring:L0:1 [rv] clear of the user's Cub's routes  (37.93 m of 8.35)
  ok   10 SEA ring:L0:1 [savannah] inside the field
  ok   10 SEA ring:L0:1 [savannah] afloat
  ok   10 SEA ring:L0:1 [savannah] clear of solid things  (Infinity m of 3.00 (nothing))
  ok   10 SEA ring:L0:1 [savannah] clear of stock build's routes  (38.12 m of 8.00)
  ok   10 SEA ring:L0:1 [savannah] clear of aluminium C172's routes  (38.12 m of 8.50)
  ok   10 SEA ring:L0:1 [savannah] clear of the user's Cub's routes  (38.12 m of 8.35)
  ok   10 SEA ring:L0:1 [ul1] inside the field
  ok   10 SEA ring:L0:1 [ul1] afloat
  ok   10 SEA ring:L0:1 [ul1] clear of solid things  (Infinity m of 3.00 (nothing))
  ok   10 SEA ring:L0:1 [ul1] clear of stock build's routes  (38.06 m of 8.00)
  ok   10 SEA ring:L0:1 [ul1] clear of aluminium C172's routes  (38.06 m of 8.50)
  ok   10 SEA ring:L0:1 [ul1] clear of the user's Cub's routes  (38.06 m of 8.35)
  ok   10 SEA ring:L0:1 [floatplane] inside the field
  ok   10 SEA ring:L0:1 [floatplane] afloat
  ok   10 SEA ring:L0:1 [floatplane] clear of solid things  (Infinity m of 3.00 (nothing))
  ok   10 SEA ring:L0:1 [floatplane] clear of stock build's routes  (37.08 m of 8.00)
  ok   10 SEA ring:L0:1 [floatplane] clear of aluminium C172's routes  (37.08 m of 8.50)
  ok   10 SEA ring:L0:1 [floatplane] clear of the user's Cub's routes  (37.08 m of 8.35)
  ok   10 SEA ring:L0:1 [pusherPod] inside the field
  ok   10 SEA ring:L0:1 [pusherPod] afloat
  ok   10 SEA ring:L0:1 [pusherPod] clear of solid things  (Infinity m of 3.00 (nothing))
  ok   10 SEA ring:L0:1 [pusherPod] clear of stock build's routes  (38.35 m of 8.00)
  ok   10 SEA ring:L0:1 [pusherPod] clear of aluminium C172's routes  (38.35 m of 8.50)
  ok   10 SEA ring:L0:1 [pusherPod] clear of the user's Cub's routes  (38.35 m of 8.35)
  ok   10 SEA ring:L0:1 [motorglider] inside the field
  ok   10 SEA ring:L0:1 [motorglider] afloat
  ok   10 SEA ring:L0:1 [motorglider] clear of solid things  (Infinity m of 3.00 (nothing))
  ok   10 SEA ring:L0:1 [motorglider] clear of stock build's routes  (36.96 m of 8.00)
  ok   10 SEA ring:L0:1 [motorglider] clear of aluminium C172's routes  (36.96 m of 8.50)
  ok   10 SEA ring:L0:1 [motorglider] clear of the user's Cub's routes  (36.96 m of 8.35)
  ok   10 SEA ring:L0:1 [radial] inside the field
  ok   10 SEA ring:L0:1 [radial] afloat
  ok   10 SEA ring:L0:1 [radial] clear of solid things  (Infinity m of 3.00 (nothing))
  ok   10 SEA ring:L0:1 [radial] clear of stock build's routes  (37.56 m of 8.00)
  ok   10 SEA ring:L0:1 [radial] clear of aluminium C172's routes  (37.56 m of 8.50)
  ok   10 SEA ring:L0:1 [radial] clear of the user's Cub's routes  (37.56 m of 8.35)
  ok   10 SEA ring:L0:1 [etrainer] inside the field
  ok   10 SEA ring:L0:1 [etrainer] afloat
  ok   10 SEA ring:L0:1 [etrainer] clear of solid things  (Infinity m of 3.00 (nothing))
  ok   10 SEA ring:L0:1 [etrainer] clear of stock build's routes  (38.18 m of 8.00)
  ok   10 SEA ring:L0:1 [etrainer] clear of aluminium C172's routes  (38.18 m of 8.50)
  ok   10 SEA ring:L0:1 [etrainer] clear of the user's Cub's routes  (38.18 m of 8.35)
  ok   10 SEA ring:L0:1 [ttail] inside the field
  ok   10 SEA ring:L0:1 [ttail] afloat
  ok   10 SEA ring:L0:1 [ttail] clear of solid things  (Infinity m of 3.00 (nothing))
  ok   10 SEA ring:L0:1 [ttail] clear of stock build's routes  (37.56 m of 8.00)
  ok   10 SEA ring:L0:1 [ttail] clear of aluminium C172's routes  (37.56 m of 8.50)
  ok   10 SEA ring:L0:1 [ttail] clear of the user's Cub's routes  (37.56 m of 8.35)
  ok   10 SEA ring:L0:1 [vtail] inside the field
  ok   10 SEA ring:L0:1 [vtail] afloat
  ok   10 SEA ring:L0:1 [vtail] clear of solid things  (Infinity m of 3.00 (nothing))
  ok   10 SEA ring:L0:1 [vtail] clear of stock build's routes  (37.56 m of 8.00)
  ok   10 SEA ring:L0:1 [vtail] clear of aluminium C172's routes  (37.56 m of 8.50)
  ok   10 SEA ring:L0:1 [vtail] clear of the user's Cub's routes  (37.56 m of 8.35)
  ok   10 SEA ring:L0:1 [mw5] inside the field
  ok   10 SEA ring:L0:1 [mw5] afloat
  ok   10 SEA ring:L0:1 [mw5] clear of solid things  (Infinity m of 3.00 (nothing))
  ok   10 SEA ring:L0:1 [mw5] clear of stock build's routes  (38.29 m of 8.00)
  ok   10 SEA ring:L0:1 [mw5] clear of aluminium C172's routes  (38.29 m of 8.50)
  ok   10 SEA ring:L0:1 [mw5] clear of the user's Cub's routes  (38.29 m of 8.35)
  ok   10 SEA ring:L0:1 [archaeopteryx] inside the field
  ok   10 SEA ring:L0:1 [archaeopteryx] afloat
  ok   10 SEA ring:L0:1 [archaeopteryx] clear of solid things  (Infinity m of 3.00 (nothing))
  ok   10 SEA ring:L0:1 [archaeopteryx] clear of stock build's routes  (37.80 m of 8.00)
  ok   10 SEA ring:L0:1 [archaeopteryx] clear of aluminium C172's routes  (37.80 m of 8.50)
  ok   10 SEA ring:L0:1 [archaeopteryx] clear of the user's Cub's routes  (37.80 m of 8.35)
  ok   10 SEA ring:L0:1 [da62] inside the field
  ok   10 SEA ring:L0:1 [da62] afloat
  ok   10 SEA ring:L0:1 [da62] clear of solid things  (Infinity m of 3.00 (nothing))
  ok   10 SEA ring:L0:1 [da62] clear of stock build's routes  (36.83 m of 8.00)
  ok   10 SEA ring:L0:1 [da62] clear of aluminium C172's routes  (36.83 m of 8.50)
  ok   10 SEA ring:L0:1 [da62] clear of the user's Cub's routes  (36.83 m of 8.35)
  ok   10 SEA ring:L0:1 [twinBush] inside the field
  ok   10 SEA ring:L0:1 [twinBush] afloat
  ok   10 SEA ring:L0:1 [twinBush] clear of solid things  (Infinity m of 3.00 (nothing))
  ok   10 SEA ring:L0:1 [twinBush] clear of stock build's routes  (36.25 m of 8.00)
  ok   10 SEA ring:L0:1 [twinBush] clear of aluminium C172's routes  (36.25 m of 8.50)
  ok   10 SEA ring:L0:1 [twinBush] clear of the user's Cub's routes  (36.25 m of 8.35)
  ok   10 SEA ring:L0:1 [skymaster] inside the field
  ok   10 SEA ring:L0:1 [skymaster] afloat
  ok   10 SEA ring:L0:1 [skymaster] clear of solid things  (Infinity m of 3.00 (nothing))
  ok   10 SEA ring:L0:1 [skymaster] clear of stock build's routes  (37.56 m of 8.00)
  ok   10 SEA ring:L0:1 [skymaster] clear of aluminium C172's routes  (37.56 m of 8.50)
  ok   10 SEA ring:L0:1 [skymaster] clear of the user's Cub's routes  (37.56 m of 8.35)
  ok   10 SEA ring:L0:1 [p38] inside the field
  ok   10 SEA ring:L0:1 [p38] afloat
  ok   10 SEA ring:L0:1 [p38] clear of solid things  (Infinity m of 3.00 (nothing))
  ok   10 SEA ring:L0:1 [p38] clear of stock build's routes  (37.72 m of 8.00)
  ok   10 SEA ring:L0:1 [p38] clear of aluminium C172's routes  (37.72 m of 8.50)
  ok   10 SEA ring:L0:1 [p38] clear of the user's Cub's routes  (37.72 m of 8.35)
  ok   10 SEA ring:L0:1 [beaver] inside the field
  ok   10 SEA ring:L0:1 [beaver] afloat
  ok   10 SEA ring:L0:1 [beaver] clear of solid things  (Infinity m of 3.00 (nothing))
  ok   10 SEA ring:L0:1 [beaver] clear of stock build's routes  (36.41 m of 8.00)
  ok   10 SEA ring:L0:1 [beaver] clear of aluminium C172's routes  (36.41 m of 8.50)
  ok   10 SEA ring:L0:1 [beaver] clear of the user's Cub's routes  (36.41 m of 8.35)
  ok   10 SEA ring:L0:1 [default] inside the field
  ok   10 SEA ring:L0:1 [default] afloat
  ok   10 SEA ring:L0:1 [default] clear of solid things  (Infinity m of 3.00 (nothing))
  ok   10 SEA ring:L0:1 [default] clear of stock build's routes  (36.70 m of 8.00)
  ok   10 SEA ring:L0:1 [default] clear of aluminium C172's routes  (36.70 m of 8.50)
  ok   10 SEA ring:L0:1 [default] clear of the user's Cub's routes  (36.70 m of 8.35)
  ok   10 SEA ring:L0:2 [cub] inside the field
  ok   10 SEA ring:L0:2 [cub] afloat
  ok   10 SEA ring:L0:2 [cub] clear of solid things  (Infinity m of 3.00 (nothing))
  ok   10 SEA ring:L0:2 [cub] clear of stock build's routes  (41.30 m of 8.00)
  ok   10 SEA ring:L0:2 [cub] clear of aluminium C172's routes  (41.30 m of 8.50)
  ok   10 SEA ring:L0:2 [cub] clear of the user's Cub's routes  (41.30 m of 8.35)
  ok   10 SEA ring:L0:2 [pietenpol] inside the field
  ok   10 SEA ring:L0:2 [pietenpol] afloat
  ok   10 SEA ring:L0:2 [pietenpol] clear of solid things  (Infinity m of 3.00 (nothing))
  ok   10 SEA ring:L0:2 [pietenpol] clear of stock build's routes  (41.70 m of 8.00)
  ok   10 SEA ring:L0:2 [pietenpol] clear of aluminium C172's routes  (41.70 m of 8.50)
  ok   10 SEA ring:L0:2 [pietenpol] clear of the user's Cub's routes  (41.70 m of 8.35)
  ok   10 SEA ring:L0:2 [tigermoth] inside the field
  ok   10 SEA ring:L0:2 [tigermoth] afloat
  ok   10 SEA ring:L0:2 [tigermoth] clear of solid things  (Infinity m of 3.00 (nothing))
  ok   10 SEA ring:L0:2 [tigermoth] clear of stock build's routes  (41.70 m of 8.00)
  ok   10 SEA ring:L0:2 [tigermoth] clear of aluminium C172's routes  (41.70 m of 8.50)
  ok   10 SEA ring:L0:2 [tigermoth] clear of the user's Cub's routes  (41.70 m of 8.35)
  ok   10 SEA ring:L0:2 [stearman] inside the field
  ok   10 SEA ring:L0:2 [stearman] afloat
  ok   10 SEA ring:L0:2 [stearman] clear of solid things  (Infinity m of 3.00 (nothing))
  ok   10 SEA ring:L0:2 [stearman] clear of stock build's routes  (41.60 m of 8.00)
  ok   10 SEA ring:L0:2 [stearman] clear of aluminium C172's routes  (41.60 m of 8.50)
  ok   10 SEA ring:L0:2 [stearman] clear of the user's Cub's routes  (41.60 m of 8.35)
  ok   10 SEA ring:L0:2 [pittsAlike] inside the field
  ok   10 SEA ring:L0:2 [pittsAlike] afloat
  ok   10 SEA ring:L0:2 [pittsAlike] clear of solid things  (Infinity m of 3.00 (nothing))
  ok   10 SEA ring:L0:2 [pittsAlike] clear of stock build's routes  (41.70 m of 8.00)
  ok   10 SEA ring:L0:2 [pittsAlike] clear of aluminium C172's routes  (41.70 m of 8.50)
  ok   10 SEA ring:L0:2 [pittsAlike] clear of the user's Cub's routes  (41.70 m of 8.35)
  ok   10 SEA ring:L0:2 [sesqui] inside the field
  ok   10 SEA ring:L0:2 [sesqui] afloat
  ok   10 SEA ring:L0:2 [sesqui] clear of solid things  (Infinity m of 3.00 (nothing))
  ok   10 SEA ring:L0:2 [sesqui] clear of stock build's routes  (41.70 m of 8.00)
  ok   10 SEA ring:L0:2 [sesqui] clear of aluminium C172's routes  (41.70 m of 8.50)
  ok   10 SEA ring:L0:2 [sesqui] clear of the user's Cub's routes  (41.70 m of 8.35)
  ok   10 SEA ring:L0:2 [jodel] inside the field
  ok   10 SEA ring:L0:2 [jodel] afloat
  ok   10 SEA ring:L0:2 [jodel] clear of solid things  (Infinity m of 3.00 (nothing))
  ok   10 SEA ring:L0:2 [jodel] clear of stock build's routes  (41.20 m of 8.00)
  ok   10 SEA ring:L0:2 [jodel] clear of aluminium C172's routes  (41.20 m of 8.50)
  ok   10 SEA ring:L0:2 [jodel] clear of the user's Cub's routes  (41.20 m of 8.35)
  ok   10 SEA ring:L0:2 [c172] inside the field
  ok   10 SEA ring:L0:2 [c172] afloat
  ok   10 SEA ring:L0:2 [c172] clear of solid things  (Infinity m of 3.00 (nothing))
  ok   10 SEA ring:L0:2 [c172] clear of stock build's routes  (41.10 m of 8.00)
  ok   10 SEA ring:L0:2 [c172] clear of aluminium C172's routes  (41.10 m of 8.50)
  ok   10 SEA ring:L0:2 [c172] clear of the user's Cub's routes  (41.10 m of 8.35)
  ok   10 SEA ring:L0:2 [chinook] inside the field
  ok   10 SEA ring:L0:2 [chinook] afloat
  ok   10 SEA ring:L0:2 [chinook] clear of solid things  (Infinity m of 3.00 (nothing))
  ok   10 SEA ring:L0:2 [chinook] clear of stock build's routes  (42.20 m of 8.00)
  ok   10 SEA ring:L0:2 [chinook] clear of aluminium C172's routes  (42.20 m of 8.50)
  ok   10 SEA ring:L0:2 [chinook] clear of the user's Cub's routes  (42.20 m of 8.35)
  ok   10 SEA ring:L0:2 [caravan] inside the field
  ok   10 SEA ring:L0:2 [caravan] afloat
  ok   10 SEA ring:L0:2 [caravan] clear of solid things  (Infinity m of 3.00 (nothing))
  ok   10 SEA ring:L0:2 [caravan] clear of stock build's routes  (40.50 m of 8.00)
  ok   10 SEA ring:L0:2 [caravan] clear of aluminium C172's routes  (40.50 m of 8.50)
  ok   10 SEA ring:L0:2 [caravan] clear of the user's Cub's routes  (40.50 m of 8.35)
  ok   10 SEA ring:L0:2 [rv] inside the field
  ok   10 SEA ring:L0:2 [rv] afloat
  ok   10 SEA ring:L0:2 [rv] clear of solid things  (Infinity m of 3.00 (nothing))
  ok   10 SEA ring:L0:2 [rv] clear of stock build's routes  (41.70 m of 8.00)
  ok   10 SEA ring:L0:2 [rv] clear of aluminium C172's routes  (41.70 m of 8.50)
  ok   10 SEA ring:L0:2 [rv] clear of the user's Cub's routes  (41.70 m of 8.35)
  ok   10 SEA ring:L0:2 [savannah] inside the field
  ok   10 SEA ring:L0:2 [savannah] afloat
  ok   10 SEA ring:L0:2 [savannah] clear of solid things  (Infinity m of 3.00 (nothing))
  ok   10 SEA ring:L0:2 [savannah] clear of stock build's routes  (41.70 m of 8.00)
  ok   10 SEA ring:L0:2 [savannah] clear of aluminium C172's routes  (41.70 m of 8.50)
  ok   10 SEA ring:L0:2 [savannah] clear of the user's Cub's routes  (41.70 m of 8.35)
  ok   10 SEA ring:L0:2 [ul1] inside the field
  ok   10 SEA ring:L0:2 [ul1] afloat
  ok   10 SEA ring:L0:2 [ul1] clear of solid things  (Infinity m of 3.00 (nothing))
  ok   10 SEA ring:L0:2 [ul1] clear of stock build's routes  (41.70 m of 8.00)
  ok   10 SEA ring:L0:2 [ul1] clear of aluminium C172's routes  (41.70 m of 8.50)
  ok   10 SEA ring:L0:2 [ul1] clear of the user's Cub's routes  (41.70 m of 8.35)
  ok   10 SEA ring:L0:2 [floatplane] inside the field
  ok   10 SEA ring:L0:2 [floatplane] afloat
  ok   10 SEA ring:L0:2 [floatplane] clear of solid things  (Infinity m of 3.00 (nothing))
  ok   10 SEA ring:L0:2 [floatplane] clear of stock build's routes  (41.40 m of 8.00)
  ok   10 SEA ring:L0:2 [floatplane] clear of aluminium C172's routes  (41.40 m of 8.50)
  ok   10 SEA ring:L0:2 [floatplane] clear of the user's Cub's routes  (41.40 m of 8.35)
  ok   10 SEA ring:L0:2 [pusherPod] inside the field
  ok   10 SEA ring:L0:2 [pusherPod] afloat
  ok   10 SEA ring:L0:2 [pusherPod] clear of solid things  (Infinity m of 3.00 (nothing))
  ok   10 SEA ring:L0:2 [pusherPod] clear of stock build's routes  (42.00 m of 8.00)
  ok   10 SEA ring:L0:2 [pusherPod] clear of aluminium C172's routes  (42.00 m of 8.50)
  ok   10 SEA ring:L0:2 [pusherPod] clear of the user's Cub's routes  (42.00 m of 8.35)
  ok   10 SEA ring:L0:2 [motorglider] inside the field
  ok   10 SEA ring:L0:2 [motorglider] afloat
  ok   10 SEA ring:L0:2 [motorglider] clear of solid things  (Infinity m of 3.00 (nothing))
  ok   10 SEA ring:L0:2 [motorglider] clear of stock build's routes  (41.70 m of 8.00)
  ok   10 SEA ring:L0:2 [motorglider] clear of aluminium C172's routes  (41.70 m of 8.50)
  ok   10 SEA ring:L0:2 [motorglider] clear of the user's Cub's routes  (41.70 m of 8.35)
  ok   10 SEA ring:L0:2 [radial] inside the field
  ok   10 SEA ring:L0:2 [radial] afloat
  ok   10 SEA ring:L0:2 [radial] clear of solid things  (Infinity m of 3.00 (nothing))
  ok   10 SEA ring:L0:2 [radial] clear of stock build's routes  (41.70 m of 8.00)
  ok   10 SEA ring:L0:2 [radial] clear of aluminium C172's routes  (41.70 m of 8.50)
  ok   10 SEA ring:L0:2 [radial] clear of the user's Cub's routes  (41.70 m of 8.35)
  ok   10 SEA ring:L0:2 [etrainer] inside the field
  ok   10 SEA ring:L0:2 [etrainer] afloat
  ok   10 SEA ring:L0:2 [etrainer] clear of solid things  (Infinity m of 3.00 (nothing))
  ok   10 SEA ring:L0:2 [etrainer] clear of stock build's routes  (41.70 m of 8.00)
  ok   10 SEA ring:L0:2 [etrainer] clear of aluminium C172's routes  (41.70 m of 8.50)
  ok   10 SEA ring:L0:2 [etrainer] clear of the user's Cub's routes  (41.70 m of 8.35)
  ok   10 SEA ring:L0:2 [ttail] inside the field
  ok   10 SEA ring:L0:2 [ttail] afloat
  ok   10 SEA ring:L0:2 [ttail] clear of solid things  (Infinity m of 3.00 (nothing))
  ok   10 SEA ring:L0:2 [ttail] clear of stock build's routes  (41.70 m of 8.00)
  ok   10 SEA ring:L0:2 [ttail] clear of aluminium C172's routes  (41.70 m of 8.50)
  ok   10 SEA ring:L0:2 [ttail] clear of the user's Cub's routes  (41.70 m of 8.35)
  ok   10 SEA ring:L0:2 [vtail] inside the field
  ok   10 SEA ring:L0:2 [vtail] afloat
  ok   10 SEA ring:L0:2 [vtail] clear of solid things  (Infinity m of 3.00 (nothing))
  ok   10 SEA ring:L0:2 [vtail] clear of stock build's routes  (41.70 m of 8.00)
  ok   10 SEA ring:L0:2 [vtail] clear of aluminium C172's routes  (41.70 m of 8.50)
  ok   10 SEA ring:L0:2 [vtail] clear of the user's Cub's routes  (41.70 m of 8.35)
  ok   10 SEA ring:L0:2 [mw5] inside the field
  ok   10 SEA ring:L0:2 [mw5] afloat
  ok   10 SEA ring:L0:2 [mw5] clear of solid things  (Infinity m of 3.00 (nothing))
  ok   10 SEA ring:L0:2 [mw5] clear of stock build's routes  (42.00 m of 8.00)
  ok   10 SEA ring:L0:2 [mw5] clear of aluminium C172's routes  (42.00 m of 8.50)
  ok   10 SEA ring:L0:2 [mw5] clear of the user's Cub's routes  (42.00 m of 8.35)
  ok   10 SEA ring:L0:2 [archaeopteryx] inside the field
  ok   10 SEA ring:L0:2 [archaeopteryx] afloat
  ok   10 SEA ring:L0:2 [archaeopteryx] clear of solid things  (Infinity m of 3.00 (nothing))
  ok   10 SEA ring:L0:2 [archaeopteryx] clear of stock build's routes  (42.00 m of 8.00)
  ok   10 SEA ring:L0:2 [archaeopteryx] clear of aluminium C172's routes  (42.00 m of 8.50)
  ok   10 SEA ring:L0:2 [archaeopteryx] clear of the user's Cub's routes  (42.00 m of 8.35)
  ok   10 SEA ring:L0:2 [da62] inside the field
  ok   10 SEA ring:L0:2 [da62] afloat
  ok   10 SEA ring:L0:2 [da62] clear of solid things  (Infinity m of 3.00 (nothing))
  ok   10 SEA ring:L0:2 [da62] clear of stock build's routes  (41.90 m of 8.00)
  ok   10 SEA ring:L0:2 [da62] clear of aluminium C172's routes  (41.90 m of 8.50)
  ok   10 SEA ring:L0:2 [da62] clear of the user's Cub's routes  (41.90 m of 8.35)
  ok   10 SEA ring:L0:2 [twinBush] inside the field
  ok   10 SEA ring:L0:2 [twinBush] afloat
  ok   10 SEA ring:L0:2 [twinBush] clear of solid things  (Infinity m of 3.00 (nothing))
  ok   10 SEA ring:L0:2 [twinBush] clear of stock build's routes  (41.90 m of 8.00)
  ok   10 SEA ring:L0:2 [twinBush] clear of aluminium C172's routes  (41.90 m of 8.50)
  ok   10 SEA ring:L0:2 [twinBush] clear of the user's Cub's routes  (41.90 m of 8.35)
  ok   10 SEA ring:L0:2 [skymaster] inside the field
  ok   10 SEA ring:L0:2 [skymaster] afloat
  ok   10 SEA ring:L0:2 [skymaster] clear of solid things  (Infinity m of 3.00 (nothing))
  ok   10 SEA ring:L0:2 [skymaster] clear of stock build's routes  (41.70 m of 8.00)
  ok   10 SEA ring:L0:2 [skymaster] clear of aluminium C172's routes  (41.70 m of 8.50)
  ok   10 SEA ring:L0:2 [skymaster] clear of the user's Cub's routes  (41.70 m of 8.35)
  ok   10 SEA ring:L0:2 [p38] inside the field
  ok   10 SEA ring:L0:2 [p38] afloat
  ok   10 SEA ring:L0:2 [p38] clear of solid things  (Infinity m of 3.00 (nothing))
  ok   10 SEA ring:L0:2 [p38] clear of stock build's routes  (41.90 m of 8.00)
  ok   10 SEA ring:L0:2 [p38] clear of aluminium C172's routes  (41.90 m of 8.50)
  ok   10 SEA ring:L0:2 [p38] clear of the user's Cub's routes  (41.90 m of 8.35)
  ok   10 SEA ring:L0:2 [beaver] inside the field
  ok   10 SEA ring:L0:2 [beaver] afloat
  ok   10 SEA ring:L0:2 [beaver] clear of solid things  (Infinity m of 3.00 (nothing))
  ok   10 SEA ring:L0:2 [beaver] clear of stock build's routes  (41.60 m of 8.00)
  ok   10 SEA ring:L0:2 [beaver] clear of aluminium C172's routes  (41.60 m of 8.50)
  ok   10 SEA ring:L0:2 [beaver] clear of the user's Cub's routes  (41.60 m of 8.35)
  ok   10 SEA ring:L0:2 [default] inside the field
  ok   10 SEA ring:L0:2 [default] afloat
  ok   10 SEA ring:L0:2 [default] clear of solid things  (Infinity m of 3.00 (nothing))
  ok   10 SEA ring:L0:2 [default] clear of stock build's routes  (41.00 m of 8.00)
  ok   10 SEA ring:L0:2 [default] clear of aluminium C172's routes  (41.00 m of 8.50)
  ok   10 SEA ring:L0:2 [default] clear of the user's Cub's routes  (41.00 m of 8.35)
  ok   10 SEA ring:L0:3 [cub] inside the field
  ok   10 SEA ring:L0:3 [cub] afloat
  ok   10 SEA ring:L0:3 [cub] clear of solid things  (Infinity m of 3.00 (nothing))
  ok   10 SEA ring:L0:3 [cub] clear of stock build's routes  (41.30 m of 8.00)
  ok   10 SEA ring:L0:3 [cub] clear of aluminium C172's routes  (41.30 m of 8.50)
  ok   10 SEA ring:L0:3 [cub] clear of the user's Cub's routes  (41.30 m of 8.35)
  ok   10 SEA ring:L0:3 [pietenpol] inside the field
  ok   10 SEA ring:L0:3 [pietenpol] afloat
  ok   10 SEA ring:L0:3 [pietenpol] clear of solid things  (Infinity m of 3.00 (nothing))
  ok   10 SEA ring:L0:3 [pietenpol] clear of stock build's routes  (41.70 m of 8.00)
  ok   10 SEA ring:L0:3 [pietenpol] clear of aluminium C172's routes  (41.70 m of 8.50)
  ok   10 SEA ring:L0:3 [pietenpol] clear of the user's Cub's routes  (41.70 m of 8.35)
  ok   10 SEA ring:L0:3 [tigermoth] inside the field
  ok   10 SEA ring:L0:3 [tigermoth] afloat
  ok   10 SEA ring:L0:3 [tigermoth] clear of solid things  (Infinity m of 3.00 (nothing))
  ok   10 SEA ring:L0:3 [tigermoth] clear of stock build's routes  (41.70 m of 8.00)
  ok   10 SEA ring:L0:3 [tigermoth] clear of aluminium C172's routes  (41.70 m of 8.50)
  ok   10 SEA ring:L0:3 [tigermoth] clear of the user's Cub's routes  (41.70 m of 8.35)
  ok   10 SEA ring:L0:3 [stearman] inside the field
  ok   10 SEA ring:L0:3 [stearman] afloat
  ok   10 SEA ring:L0:3 [stearman] clear of solid things  (Infinity m of 3.00 (nothing))
  ok   10 SEA ring:L0:3 [stearman] clear of stock build's routes  (41.60 m of 8.00)
  ok   10 SEA ring:L0:3 [stearman] clear of aluminium C172's routes  (41.60 m of 8.50)
  ok   10 SEA ring:L0:3 [stearman] clear of the user's Cub's routes  (41.60 m of 8.35)
  ok   10 SEA ring:L0:3 [pittsAlike] inside the field
  ok   10 SEA ring:L0:3 [pittsAlike] afloat
  ok   10 SEA ring:L0:3 [pittsAlike] clear of solid things  (Infinity m of 3.00 (nothing))
  ok   10 SEA ring:L0:3 [pittsAlike] clear of stock build's routes  (41.70 m of 8.00)
  ok   10 SEA ring:L0:3 [pittsAlike] clear of aluminium C172's routes  (41.70 m of 8.50)
  ok   10 SEA ring:L0:3 [pittsAlike] clear of the user's Cub's routes  (41.70 m of 8.35)
  ok   10 SEA ring:L0:3 [sesqui] inside the field
  ok   10 SEA ring:L0:3 [sesqui] afloat
  ok   10 SEA ring:L0:3 [sesqui] clear of solid things  (Infinity m of 3.00 (nothing))
  ok   10 SEA ring:L0:3 [sesqui] clear of stock build's routes  (41.70 m of 8.00)
  ok   10 SEA ring:L0:3 [sesqui] clear of aluminium C172's routes  (41.70 m of 8.50)
  ok   10 SEA ring:L0:3 [sesqui] clear of the user's Cub's routes  (41.70 m of 8.35)
  ok   10 SEA ring:L0:3 [jodel] inside the field
  ok   10 SEA ring:L0:3 [jodel] afloat
  ok   10 SEA ring:L0:3 [jodel] clear of solid things  (Infinity m of 3.00 (nothing))
  ok   10 SEA ring:L0:3 [jodel] clear of stock build's routes  (41.20 m of 8.00)
  ok   10 SEA ring:L0:3 [jodel] clear of aluminium C172's routes  (41.20 m of 8.50)
  ok   10 SEA ring:L0:3 [jodel] clear of the user's Cub's routes  (41.20 m of 8.35)
  ok   10 SEA ring:L0:3 [c172] inside the field
  ok   10 SEA ring:L0:3 [c172] afloat
  ok   10 SEA ring:L0:3 [c172] clear of solid things  (Infinity m of 3.00 (nothing))
  ok   10 SEA ring:L0:3 [c172] clear of stock build's routes  (41.10 m of 8.00)
  ok   10 SEA ring:L0:3 [c172] clear of aluminium C172's routes  (41.10 m of 8.50)
  ok   10 SEA ring:L0:3 [c172] clear of the user's Cub's routes  (41.10 m of 8.35)
  ok   10 SEA ring:L0:3 [chinook] inside the field
  ok   10 SEA ring:L0:3 [chinook] afloat
  ok   10 SEA ring:L0:3 [chinook] clear of solid things  (Infinity m of 3.00 (nothing))
  ok   10 SEA ring:L0:3 [chinook] clear of stock build's routes  (42.20 m of 8.00)
  ok   10 SEA ring:L0:3 [chinook] clear of aluminium C172's routes  (42.20 m of 8.50)
  ok   10 SEA ring:L0:3 [chinook] clear of the user's Cub's routes  (42.20 m of 8.35)
  ok   10 SEA ring:L0:3 [caravan] inside the field
  ok   10 SEA ring:L0:3 [caravan] afloat
  ok   10 SEA ring:L0:3 [caravan] clear of solid things  (Infinity m of 3.00 (nothing))
  ok   10 SEA ring:L0:3 [caravan] clear of stock build's routes  (40.50 m of 8.00)
  ok   10 SEA ring:L0:3 [caravan] clear of aluminium C172's routes  (40.50 m of 8.50)
  ok   10 SEA ring:L0:3 [caravan] clear of the user's Cub's routes  (40.50 m of 8.35)
  ok   10 SEA ring:L0:3 [rv] inside the field
  ok   10 SEA ring:L0:3 [rv] afloat
  ok   10 SEA ring:L0:3 [rv] clear of solid things  (Infinity m of 3.00 (nothing))
  ok   10 SEA ring:L0:3 [rv] clear of stock build's routes  (41.70 m of 8.00)
  ok   10 SEA ring:L0:3 [rv] clear of aluminium C172's routes  (41.70 m of 8.50)
  ok   10 SEA ring:L0:3 [rv] clear of the user's Cub's routes  (41.70 m of 8.35)
  ok   10 SEA ring:L0:3 [savannah] inside the field
  ok   10 SEA ring:L0:3 [savannah] afloat
  ok   10 SEA ring:L0:3 [savannah] clear of solid things  (Infinity m of 3.00 (nothing))
  ok   10 SEA ring:L0:3 [savannah] clear of stock build's routes  (41.70 m of 8.00)
  ok   10 SEA ring:L0:3 [savannah] clear of aluminium C172's routes  (41.70 m of 8.50)
  ok   10 SEA ring:L0:3 [savannah] clear of the user's Cub's routes  (41.70 m of 8.35)
  ok   10 SEA ring:L0:3 [ul1] inside the field
  ok   10 SEA ring:L0:3 [ul1] afloat
  ok   10 SEA ring:L0:3 [ul1] clear of solid things  (Infinity m of 3.00 (nothing))
  ok   10 SEA ring:L0:3 [ul1] clear of stock build's routes  (41.70 m of 8.00)
  ok   10 SEA ring:L0:3 [ul1] clear of aluminium C172's routes  (41.70 m of 8.50)
  ok   10 SEA ring:L0:3 [ul1] clear of the user's Cub's routes  (41.70 m of 8.35)
  ok   10 SEA ring:L0:3 [floatplane] inside the field
  ok   10 SEA ring:L0:3 [floatplane] afloat
  ok   10 SEA ring:L0:3 [floatplane] clear of solid things  (Infinity m of 3.00 (nothing))
  ok   10 SEA ring:L0:3 [floatplane] clear of stock build's routes  (41.40 m of 8.00)
  ok   10 SEA ring:L0:3 [floatplane] clear of aluminium C172's routes  (41.40 m of 8.50)
  ok   10 SEA ring:L0:3 [floatplane] clear of the user's Cub's routes  (41.40 m of 8.35)
  ok   10 SEA ring:L0:3 [pusherPod] inside the field
  ok   10 SEA ring:L0:3 [pusherPod] afloat
  ok   10 SEA ring:L0:3 [pusherPod] clear of solid things  (Infinity m of 3.00 (nothing))
  ok   10 SEA ring:L0:3 [pusherPod] clear of stock build's routes  (42.00 m of 8.00)
  ok   10 SEA ring:L0:3 [pusherPod] clear of aluminium C172's routes  (42.00 m of 8.50)
  ok   10 SEA ring:L0:3 [pusherPod] clear of the user's Cub's routes  (42.00 m of 8.35)
  ok   10 SEA ring:L0:3 [motorglider] inside the field
  ok   10 SEA ring:L0:3 [motorglider] afloat
  ok   10 SEA ring:L0:3 [motorglider] clear of solid things  (Infinity m of 3.00 (nothing))
  ok   10 SEA ring:L0:3 [motorglider] clear of stock build's routes  (41.70 m of 8.00)
  ok   10 SEA ring:L0:3 [motorglider] clear of aluminium C172's routes  (41.70 m of 8.50)
  ok   10 SEA ring:L0:3 [motorglider] clear of the user's Cub's routes  (41.70 m of 8.35)
  ok   10 SEA ring:L0:3 [radial] inside the field
  ok   10 SEA ring:L0:3 [radial] afloat
  ok   10 SEA ring:L0:3 [radial] clear of solid things  (Infinity m of 3.00 (nothing))
  ok   10 SEA ring:L0:3 [radial] clear of stock build's routes  (41.70 m of 8.00)
  ok   10 SEA ring:L0:3 [radial] clear of aluminium C172's routes  (41.70 m of 8.50)
  ok   10 SEA ring:L0:3 [radial] clear of the user's Cub's routes  (41.70 m of 8.35)
  ok   10 SEA ring:L0:3 [etrainer] inside the field
  ok   10 SEA ring:L0:3 [etrainer] afloat
  ok   10 SEA ring:L0:3 [etrainer] clear of solid things  (Infinity m of 3.00 (nothing))
  ok   10 SEA ring:L0:3 [etrainer] clear of stock build's routes  (41.70 m of 8.00)
  ok   10 SEA ring:L0:3 [etrainer] clear of aluminium C172's routes  (41.70 m of 8.50)
  ok   10 SEA ring:L0:3 [etrainer] clear of the user's Cub's routes  (41.70 m of 8.35)
  ok   10 SEA ring:L0:3 [ttail] inside the field
  ok   10 SEA ring:L0:3 [ttail] afloat
  ok   10 SEA ring:L0:3 [ttail] clear of solid things  (Infinity m of 3.00 (nothing))
  ok   10 SEA ring:L0:3 [ttail] clear of stock build's routes  (41.70 m of 8.00)
  ok   10 SEA ring:L0:3 [ttail] clear of aluminium C172's routes  (41.70 m of 8.50)
  ok   10 SEA ring:L0:3 [ttail] clear of the user's Cub's routes  (41.70 m of 8.35)
  ok   10 SEA ring:L0:3 [vtail] inside the field
  ok   10 SEA ring:L0:3 [vtail] afloat
  ok   10 SEA ring:L0:3 [vtail] clear of solid things  (Infinity m of 3.00 (nothing))
  ok   10 SEA ring:L0:3 [vtail] clear of stock build's routes  (41.70 m of 8.00)
  ok   10 SEA ring:L0:3 [vtail] clear of aluminium C172's routes  (41.70 m of 8.50)
  ok   10 SEA ring:L0:3 [vtail] clear of the user's Cub's routes  (41.70 m of 8.35)
  ok   10 SEA ring:L0:3 [mw5] inside the field
  ok   10 SEA ring:L0:3 [mw5] afloat
  ok   10 SEA ring:L0:3 [mw5] clear of solid things  (Infinity m of 3.00 (nothing))
  ok   10 SEA ring:L0:3 [mw5] clear of stock build's routes  (42.00 m of 8.00)
  ok   10 SEA ring:L0:3 [mw5] clear of aluminium C172's routes  (42.00 m of 8.50)
  ok   10 SEA ring:L0:3 [mw5] clear of the user's Cub's routes  (42.00 m of 8.35)
  ok   10 SEA ring:L0:3 [archaeopteryx] inside the field
  ok   10 SEA ring:L0:3 [archaeopteryx] afloat
  ok   10 SEA ring:L0:3 [archaeopteryx] clear of solid things  (Infinity m of 3.00 (nothing))
  ok   10 SEA ring:L0:3 [archaeopteryx] clear of stock build's routes  (42.00 m of 8.00)
  ok   10 SEA ring:L0:3 [archaeopteryx] clear of aluminium C172's routes  (42.00 m of 8.50)
  ok   10 SEA ring:L0:3 [archaeopteryx] clear of the user's Cub's routes  (42.00 m of 8.35)
  ok   10 SEA ring:L0:3 [da62] inside the field
  ok   10 SEA ring:L0:3 [da62] afloat
  ok   10 SEA ring:L0:3 [da62] clear of solid things  (Infinity m of 3.00 (nothing))
  ok   10 SEA ring:L0:3 [da62] clear of stock build's routes  (41.90 m of 8.00)
  ok   10 SEA ring:L0:3 [da62] clear of aluminium C172's routes  (41.90 m of 8.50)
  ok   10 SEA ring:L0:3 [da62] clear of the user's Cub's routes  (41.90 m of 8.35)
  ok   10 SEA ring:L0:3 [twinBush] inside the field
  ok   10 SEA ring:L0:3 [twinBush] afloat
  ok   10 SEA ring:L0:3 [twinBush] clear of solid things  (Infinity m of 3.00 (nothing))
  ok   10 SEA ring:L0:3 [twinBush] clear of stock build's routes  (41.90 m of 8.00)
  ok   10 SEA ring:L0:3 [twinBush] clear of aluminium C172's routes  (41.90 m of 8.50)
  ok   10 SEA ring:L0:3 [twinBush] clear of the user's Cub's routes  (41.90 m of 8.35)
  ok   10 SEA ring:L0:3 [skymaster] inside the field
  ok   10 SEA ring:L0:3 [skymaster] afloat
  ok   10 SEA ring:L0:3 [skymaster] clear of solid things  (Infinity m of 3.00 (nothing))
  ok   10 SEA ring:L0:3 [skymaster] clear of stock build's routes  (41.70 m of 8.00)
  ok   10 SEA ring:L0:3 [skymaster] clear of aluminium C172's routes  (41.70 m of 8.50)
  ok   10 SEA ring:L0:3 [skymaster] clear of the user's Cub's routes  (41.70 m of 8.35)
  ok   10 SEA ring:L0:3 [p38] inside the field
  ok   10 SEA ring:L0:3 [p38] afloat
  ok   10 SEA ring:L0:3 [p38] clear of solid things  (Infinity m of 3.00 (nothing))
  ok   10 SEA ring:L0:3 [p38] clear of stock build's routes  (41.90 m of 8.00)
  ok   10 SEA ring:L0:3 [p38] clear of aluminium C172's routes  (41.90 m of 8.50)
  ok   10 SEA ring:L0:3 [p38] clear of the user's Cub's routes  (41.90 m of 8.35)
  ok   10 SEA ring:L0:3 [beaver] inside the field
  ok   10 SEA ring:L0:3 [beaver] afloat
  ok   10 SEA ring:L0:3 [beaver] clear of solid things  (Infinity m of 3.00 (nothing))
  ok   10 SEA ring:L0:3 [beaver] clear of stock build's routes  (41.60 m of 8.00)
  ok   10 SEA ring:L0:3 [beaver] clear of aluminium C172's routes  (41.60 m of 8.50)
  ok   10 SEA ring:L0:3 [beaver] clear of the user's Cub's routes  (41.60 m of 8.35)
  ok   10 SEA ring:L0:3 [default] inside the field
  ok   10 SEA ring:L0:3 [default] afloat
  ok   10 SEA ring:L0:3 [default] clear of solid things  (Infinity m of 3.00 (nothing))
  ok   10 SEA ring:L0:3 [default] clear of stock build's routes  (41.00 m of 8.00)
  ok   10 SEA ring:L0:3 [default] clear of aluminium C172's routes  (41.00 m of 8.50)
  ok   10 SEA ring:L0:3 [default] clear of the user's Cub's routes  (41.00 m of 8.35)
  ok   10 SEA ring:L0:4 [cub] inside the field
  ok   10 SEA ring:L0:4 [cub] afloat
  ok   10 SEA ring:L0:4 [cub] clear of solid things  (Infinity m of 3.00 (nothing))
  ok   10 SEA ring:L0:4 [cub] clear of stock build's routes  (41.30 m of 8.00)
  ok   10 SEA ring:L0:4 [cub] clear of aluminium C172's routes  (41.30 m of 8.50)
  ok   10 SEA ring:L0:4 [cub] clear of the user's Cub's routes  (41.30 m of 8.35)
  ok   10 SEA ring:L0:4 [pietenpol] inside the field
  ok   10 SEA ring:L0:4 [pietenpol] afloat
  ok   10 SEA ring:L0:4 [pietenpol] clear of solid things  (Infinity m of 3.00 (nothing))
  ok   10 SEA ring:L0:4 [pietenpol] clear of stock build's routes  (41.70 m of 8.00)
  ok   10 SEA ring:L0:4 [pietenpol] clear of aluminium C172's routes  (41.70 m of 8.50)
  ok   10 SEA ring:L0:4 [pietenpol] clear of the user's Cub's routes  (41.70 m of 8.35)
  ok   10 SEA ring:L0:4 [tigermoth] inside the field
  ok   10 SEA ring:L0:4 [tigermoth] afloat
  ok   10 SEA ring:L0:4 [tigermoth] clear of solid things  (Infinity m of 3.00 (nothing))
  ok   10 SEA ring:L0:4 [tigermoth] clear of stock build's routes  (41.70 m of 8.00)
  ok   10 SEA ring:L0:4 [tigermoth] clear of aluminium C172's routes  (41.70 m of 8.50)
  ok   10 SEA ring:L0:4 [tigermoth] clear of the user's Cub's routes  (41.70 m of 8.35)
  ok   10 SEA ring:L0:4 [stearman] inside the field
  ok   10 SEA ring:L0:4 [stearman] afloat
  ok   10 SEA ring:L0:4 [stearman] clear of solid things  (Infinity m of 3.00 (nothing))
  ok   10 SEA ring:L0:4 [stearman] clear of stock build's routes  (41.60 m of 8.00)
  ok   10 SEA ring:L0:4 [stearman] clear of aluminium C172's routes  (41.60 m of 8.50)
  ok   10 SEA ring:L0:4 [stearman] clear of the user's Cub's routes  (41.60 m of 8.35)
  ok   10 SEA ring:L0:4 [pittsAlike] inside the field
  ok   10 SEA ring:L0:4 [pittsAlike] afloat
  ok   10 SEA ring:L0:4 [pittsAlike] clear of solid things  (Infinity m of 3.00 (nothing))
  ok   10 SEA ring:L0:4 [pittsAlike] clear of stock build's routes  (41.70 m of 8.00)
  ok   10 SEA ring:L0:4 [pittsAlike] clear of aluminium C172's routes  (41.70 m of 8.50)
  ok   10 SEA ring:L0:4 [pittsAlike] clear of the user's Cub's routes  (41.70 m of 8.35)
  ok   10 SEA ring:L0:4 [sesqui] inside the field
  ok   10 SEA ring:L0:4 [sesqui] afloat
  ok   10 SEA ring:L0:4 [sesqui] clear of solid things  (Infinity m of 3.00 (nothing))
  ok   10 SEA ring:L0:4 [sesqui] clear of stock build's routes  (41.70 m of 8.00)
  ok   10 SEA ring:L0:4 [sesqui] clear of aluminium C172's routes  (41.70 m of 8.50)
  ok   10 SEA ring:L0:4 [sesqui] clear of the user's Cub's routes  (41.70 m of 8.35)
  ok   10 SEA ring:L0:4 [jodel] inside the field
  ok   10 SEA ring:L0:4 [jodel] afloat
  ok   10 SEA ring:L0:4 [jodel] clear of solid things  (Infinity m of 3.00 (nothing))
  ok   10 SEA ring:L0:4 [jodel] clear of stock build's routes  (41.20 m of 8.00)
  ok   10 SEA ring:L0:4 [jodel] clear of aluminium C172's routes  (41.20 m of 8.50)
  ok   10 SEA ring:L0:4 [jodel] clear of the user's Cub's routes  (41.20 m of 8.35)
  ok   10 SEA ring:L0:4 [c172] inside the field
  ok   10 SEA ring:L0:4 [c172] afloat
  ok   10 SEA ring:L0:4 [c172] clear of solid things  (Infinity m of 3.00 (nothing))
  ok   10 SEA ring:L0:4 [c172] clear of stock build's routes  (41.10 m of 8.00)
  ok   10 SEA ring:L0:4 [c172] clear of aluminium C172's routes  (41.10 m of 8.50)
  ok   10 SEA ring:L0:4 [c172] clear of the user's Cub's routes  (41.10 m of 8.35)
  ok   10 SEA ring:L0:4 [chinook] inside the field
  ok   10 SEA ring:L0:4 [chinook] afloat
  ok   10 SEA ring:L0:4 [chinook] clear of solid things  (Infinity m of 3.00 (nothing))
  ok   10 SEA ring:L0:4 [chinook] clear of stock build's routes  (42.20 m of 8.00)
  ok   10 SEA ring:L0:4 [chinook] clear of aluminium C172's routes  (42.20 m of 8.50)
  ok   10 SEA ring:L0:4 [chinook] clear of the user's Cub's routes  (42.20 m of 8.35)
  ok   10 SEA ring:L0:4 [caravan] inside the field
  ok   10 SEA ring:L0:4 [caravan] afloat
  ok   10 SEA ring:L0:4 [caravan] clear of solid things  (Infinity m of 3.00 (nothing))
  ok   10 SEA ring:L0:4 [caravan] clear of stock build's routes  (40.50 m of 8.00)
  ok   10 SEA ring:L0:4 [caravan] clear of aluminium C172's routes  (40.50 m of 8.50)
  ok   10 SEA ring:L0:4 [caravan] clear of the user's Cub's routes  (40.50 m of 8.35)
  ok   10 SEA ring:L0:4 [rv] inside the field
  ok   10 SEA ring:L0:4 [rv] afloat
  ok   10 SEA ring:L0:4 [rv] clear of solid things  (Infinity m of 3.00 (nothing))
  ok   10 SEA ring:L0:4 [rv] clear of stock build's routes  (41.70 m of 8.00)
  ok   10 SEA ring:L0:4 [rv] clear of aluminium C172's routes  (41.70 m of 8.50)
  ok   10 SEA ring:L0:4 [rv] clear of the user's Cub's routes  (41.70 m of 8.35)
  ok   10 SEA ring:L0:4 [savannah] inside the field
  ok   10 SEA ring:L0:4 [savannah] afloat
  ok   10 SEA ring:L0:4 [savannah] clear of solid things  (Infinity m of 3.00 (nothing))
  ok   10 SEA ring:L0:4 [savannah] clear of stock build's routes  (41.70 m of 8.00)
  ok   10 SEA ring:L0:4 [savannah] clear of aluminium C172's routes  (41.70 m of 8.50)
  ok   10 SEA ring:L0:4 [savannah] clear of the user's Cub's routes  (41.70 m of 8.35)
  ok   10 SEA ring:L0:4 [ul1] inside the field
  ok   10 SEA ring:L0:4 [ul1] afloat
  ok   10 SEA ring:L0:4 [ul1] clear of solid things  (Infinity m of 3.00 (nothing))
  ok   10 SEA ring:L0:4 [ul1] clear of stock build's routes  (41.70 m of 8.00)
  ok   10 SEA ring:L0:4 [ul1] clear of aluminium C172's routes  (41.70 m of 8.50)
  ok   10 SEA ring:L0:4 [ul1] clear of the user's Cub's routes  (41.70 m of 8.35)
  ok   10 SEA ring:L0:4 [floatplane] inside the field
  ok   10 SEA ring:L0:4 [floatplane] afloat
  ok   10 SEA ring:L0:4 [floatplane] clear of solid things  (Infinity m of 3.00 (nothing))
  ok   10 SEA ring:L0:4 [floatplane] clear of stock build's routes  (41.40 m of 8.00)
  ok   10 SEA ring:L0:4 [floatplane] clear of aluminium C172's routes  (41.40 m of 8.50)
  ok   10 SEA ring:L0:4 [floatplane] clear of the user's Cub's routes  (41.40 m of 8.35)
  ok   10 SEA ring:L0:4 [pusherPod] inside the field
  ok   10 SEA ring:L0:4 [pusherPod] afloat
  ok   10 SEA ring:L0:4 [pusherPod] clear of solid things  (Infinity m of 3.00 (nothing))
  ok   10 SEA ring:L0:4 [pusherPod] clear of stock build's routes  (42.00 m of 8.00)
  ok   10 SEA ring:L0:4 [pusherPod] clear of aluminium C172's routes  (42.00 m of 8.50)
  ok   10 SEA ring:L0:4 [pusherPod] clear of the user's Cub's routes  (42.00 m of 8.35)
  ok   10 SEA ring:L0:4 [motorglider] inside the field
  ok   10 SEA ring:L0:4 [motorglider] afloat
  ok   10 SEA ring:L0:4 [motorglider] clear of solid things  (Infinity m of 3.00 (nothing))
  ok   10 SEA ring:L0:4 [motorglider] clear of stock build's routes  (41.70 m of 8.00)
  ok   10 SEA ring:L0:4 [motorglider] clear of aluminium C172's routes  (41.70 m of 8.50)
  ok   10 SEA ring:L0:4 [motorglider] clear of the user's Cub's routes  (41.70 m of 8.35)
  ok   10 SEA ring:L0:4 [radial] inside the field
  ok   10 SEA ring:L0:4 [radial] afloat
  ok   10 SEA ring:L0:4 [radial] clear of solid things  (Infinity m of 3.00 (nothing))
  ok   10 SEA ring:L0:4 [radial] clear of stock build's routes  (41.70 m of 8.00)
  ok   10 SEA ring:L0:4 [radial] clear of aluminium C172's routes  (41.70 m of 8.50)
  ok   10 SEA ring:L0:4 [radial] clear of the user's Cub's routes  (41.70 m of 8.35)
  ok   10 SEA ring:L0:4 [etrainer] inside the field
  ok   10 SEA ring:L0:4 [etrainer] afloat
  ok   10 SEA ring:L0:4 [etrainer] clear of solid things  (Infinity m of 3.00 (nothing))
  ok   10 SEA ring:L0:4 [etrainer] clear of stock build's routes  (41.70 m of 8.00)
  ok   10 SEA ring:L0:4 [etrainer] clear of aluminium C172's routes  (41.70 m of 8.50)
  ok   10 SEA ring:L0:4 [etrainer] clear of the user's Cub's routes  (41.70 m of 8.35)
  ok   10 SEA ring:L0:4 [ttail] inside the field
  ok   10 SEA ring:L0:4 [ttail] afloat
  ok   10 SEA ring:L0:4 [ttail] clear of solid things  (Infinity m of 3.00 (nothing))
  ok   10 SEA ring:L0:4 [ttail] clear of stock build's routes  (41.70 m of 8.00)
  ok   10 SEA ring:L0:4 [ttail] clear of aluminium C172's routes  (41.70 m of 8.50)
  ok   10 SEA ring:L0:4 [ttail] clear of the user's Cub's routes  (41.70 m of 8.35)
  ok   10 SEA ring:L0:4 [vtail] inside the field
  ok   10 SEA ring:L0:4 [vtail] afloat
  ok   10 SEA ring:L0:4 [vtail] clear of solid things  (Infinity m of 3.00 (nothing))
  ok   10 SEA ring:L0:4 [vtail] clear of stock build's routes  (41.70 m of 8.00)
  ok   10 SEA ring:L0:4 [vtail] clear of aluminium C172's routes  (41.70 m of 8.50)
  ok   10 SEA ring:L0:4 [vtail] clear of the user's Cub's routes  (41.70 m of 8.35)
  ok   10 SEA ring:L0:4 [mw5] inside the field
  ok   10 SEA ring:L0:4 [mw5] afloat
  ok   10 SEA ring:L0:4 [mw5] clear of solid things  (Infinity m of 3.00 (nothing))
  ok   10 SEA ring:L0:4 [mw5] clear of stock build's routes  (42.00 m of 8.00)
  ok   10 SEA ring:L0:4 [mw5] clear of aluminium C172's routes  (42.00 m of 8.50)
  ok   10 SEA ring:L0:4 [mw5] clear of the user's Cub's routes  (42.00 m of 8.35)
  ok   10 SEA ring:L0:4 [archaeopteryx] inside the field
  ok   10 SEA ring:L0:4 [archaeopteryx] afloat
  ok   10 SEA ring:L0:4 [archaeopteryx] clear of solid things  (Infinity m of 3.00 (nothing))
  ok   10 SEA ring:L0:4 [archaeopteryx] clear of stock build's routes  (42.00 m of 8.00)
  ok   10 SEA ring:L0:4 [archaeopteryx] clear of aluminium C172's routes  (42.00 m of 8.50)
  ok   10 SEA ring:L0:4 [archaeopteryx] clear of the user's Cub's routes  (42.00 m of 8.35)
  ok   10 SEA ring:L0:4 [da62] inside the field
  ok   10 SEA ring:L0:4 [da62] afloat
  ok   10 SEA ring:L0:4 [da62] clear of solid things  (Infinity m of 3.00 (nothing))
  ok   10 SEA ring:L0:4 [da62] clear of stock build's routes  (41.90 m of 8.00)
  ok   10 SEA ring:L0:4 [da62] clear of aluminium C172's routes  (41.90 m of 8.50)
  ok   10 SEA ring:L0:4 [da62] clear of the user's Cub's routes  (41.90 m of 8.35)
  ok   10 SEA ring:L0:4 [twinBush] inside the field
  ok   10 SEA ring:L0:4 [twinBush] afloat
  ok   10 SEA ring:L0:4 [twinBush] clear of solid things  (Infinity m of 3.00 (nothing))
  ok   10 SEA ring:L0:4 [twinBush] clear of stock build's routes  (41.90 m of 8.00)
  ok   10 SEA ring:L0:4 [twinBush] clear of aluminium C172's routes  (41.90 m of 8.50)
  ok   10 SEA ring:L0:4 [twinBush] clear of the user's Cub's routes  (41.90 m of 8.35)
  ok   10 SEA ring:L0:4 [skymaster] inside the field
  ok   10 SEA ring:L0:4 [skymaster] afloat
  ok   10 SEA ring:L0:4 [skymaster] clear of solid things  (Infinity m of 3.00 (nothing))
  ok   10 SEA ring:L0:4 [skymaster] clear of stock build's routes  (41.70 m of 8.00)
  ok   10 SEA ring:L0:4 [skymaster] clear of aluminium C172's routes  (41.70 m of 8.50)
  ok   10 SEA ring:L0:4 [skymaster] clear of the user's Cub's routes  (41.70 m of 8.35)
  ok   10 SEA ring:L0:4 [p38] inside the field
  ok   10 SEA ring:L0:4 [p38] afloat
  ok   10 SEA ring:L0:4 [p38] clear of solid things  (Infinity m of 3.00 (nothing))
  ok   10 SEA ring:L0:4 [p38] clear of stock build's routes  (41.90 m of 8.00)
  ok   10 SEA ring:L0:4 [p38] clear of aluminium C172's routes  (41.90 m of 8.50)
  ok   10 SEA ring:L0:4 [p38] clear of the user's Cub's routes  (41.90 m of 8.35)
  ok   10 SEA ring:L0:4 [beaver] inside the field
  ok   10 SEA ring:L0:4 [beaver] afloat
  ok   10 SEA ring:L0:4 [beaver] clear of solid things  (Infinity m of 3.00 (nothing))
  ok   10 SEA ring:L0:4 [beaver] clear of stock build's routes  (41.60 m of 8.00)
  ok   10 SEA ring:L0:4 [beaver] clear of aluminium C172's routes  (41.60 m of 8.50)
  ok   10 SEA ring:L0:4 [beaver] clear of the user's Cub's routes  (41.60 m of 8.35)
  ok   10 SEA ring:L0:4 [default] inside the field
  ok   10 SEA ring:L0:4 [default] afloat
  ok   10 SEA ring:L0:4 [default] clear of solid things  (Infinity m of 3.00 (nothing))
  ok   10 SEA ring:L0:4 [default] clear of stock build's routes  (41.00 m of 8.00)
  ok   10 SEA ring:L0:4 [default] clear of aluminium C172's routes  (41.00 m of 8.50)
  ok   10 SEA ring:L0:4 [default] clear of the user's Cub's routes  (41.00 m of 8.35)
  ok   10 SEA ring:L0:5 [cub] inside the field
  ok   10 SEA ring:L0:5 [cub] afloat
  ok   10 SEA ring:L0:5 [cub] clear of solid things  (Infinity m of 3.00 (nothing))
  ok   10 SEA ring:L0:5 [cub] clear of stock build's routes  (42.52 m of 8.00)
  ok   10 SEA ring:L0:5 [cub] clear of aluminium C172's routes  (42.52 m of 8.50)
  ok   10 SEA ring:L0:5 [cub] clear of the user's Cub's routes  (42.52 m of 8.35)
  ok   10 SEA ring:L0:5 [pietenpol] inside the field
  ok   10 SEA ring:L0:5 [pietenpol] afloat
  ok   10 SEA ring:L0:5 [pietenpol] clear of solid things  (Infinity m of 3.00 (nothing))
  ok   10 SEA ring:L0:5 [pietenpol] clear of stock build's routes  (43.15 m of 8.00)
  ok   10 SEA ring:L0:5 [pietenpol] clear of aluminium C172's routes  (43.15 m of 8.50)
  ok   10 SEA ring:L0:5 [pietenpol] clear of the user's Cub's routes  (43.15 m of 8.35)
  ok   10 SEA ring:L0:5 [tigermoth] inside the field
  ok   10 SEA ring:L0:5 [tigermoth] afloat
  ok   10 SEA ring:L0:5 [tigermoth] clear of solid things  (Infinity m of 3.00 (nothing))
  ok   10 SEA ring:L0:5 [tigermoth] clear of stock build's routes  (43.13 m of 8.00)
  ok   10 SEA ring:L0:5 [tigermoth] clear of aluminium C172's routes  (43.13 m of 8.50)
  ok   10 SEA ring:L0:5 [tigermoth] clear of the user's Cub's routes  (43.13 m of 8.35)
  ok   10 SEA ring:L0:5 [stearman] inside the field
  ok   10 SEA ring:L0:5 [stearman] afloat
  ok   10 SEA ring:L0:5 [stearman] clear of solid things  (Infinity m of 3.00 (nothing))
  ok   10 SEA ring:L0:5 [stearman] clear of stock build's routes  (42.93 m of 8.00)
  ok   10 SEA ring:L0:5 [stearman] clear of aluminium C172's routes  (42.93 m of 8.50)
  ok   10 SEA ring:L0:5 [stearman] clear of the user's Cub's routes  (42.93 m of 8.35)
  ok   10 SEA ring:L0:5 [pittsAlike] inside the field
  ok   10 SEA ring:L0:5 [pittsAlike] afloat
  ok   10 SEA ring:L0:5 [pittsAlike] clear of solid things  (Infinity m of 3.00 (nothing))
  ok   10 SEA ring:L0:5 [pittsAlike] clear of stock build's routes  (43.45 m of 8.00)
  ok   10 SEA ring:L0:5 [pittsAlike] clear of aluminium C172's routes  (43.45 m of 8.50)
  ok   10 SEA ring:L0:5 [pittsAlike] clear of the user's Cub's routes  (43.45 m of 8.35)
  ok   10 SEA ring:L0:5 [sesqui] inside the field
  ok   10 SEA ring:L0:5 [sesqui] afloat
  ok   10 SEA ring:L0:5 [sesqui] clear of solid things  (Infinity m of 3.00 (nothing))
  ok   10 SEA ring:L0:5 [sesqui] clear of stock build's routes  (43.00 m of 8.00)
  ok   10 SEA ring:L0:5 [sesqui] clear of aluminium C172's routes  (43.00 m of 8.50)
  ok   10 SEA ring:L0:5 [sesqui] clear of the user's Cub's routes  (43.00 m of 8.35)
  ok   10 SEA ring:L0:5 [jodel] inside the field
  ok   10 SEA ring:L0:5 [jodel] afloat
  ok   10 SEA ring:L0:5 [jodel] clear of solid things  (Infinity m of 3.00 (nothing))
  ok   10 SEA ring:L0:5 [jodel] clear of stock build's routes  (42.72 m of 8.00)
  ok   10 SEA ring:L0:5 [jodel] clear of aluminium C172's routes  (42.72 m of 8.50)
  ok   10 SEA ring:L0:5 [jodel] clear of the user's Cub's routes  (42.72 m of 8.35)
  ok   10 SEA ring:L0:5 [c172] inside the field
  ok   10 SEA ring:L0:5 [c172] afloat
  ok   10 SEA ring:L0:5 [c172] clear of solid things  (Infinity m of 3.00 (nothing))
  ok   10 SEA ring:L0:5 [c172] clear of stock build's routes  (42.30 m of 8.00)
  ok   10 SEA ring:L0:5 [c172] clear of aluminium C172's routes  (42.30 m of 8.50)
  ok   10 SEA ring:L0:5 [c172] clear of the user's Cub's routes  (42.30 m of 8.35)
  ok   10 SEA ring:L0:5 [chinook] inside the field
  ok   10 SEA ring:L0:5 [chinook] afloat
  ok   10 SEA ring:L0:5 [chinook] clear of solid things  (Infinity m of 3.00 (nothing))
  ok   10 SEA ring:L0:5 [chinook] clear of stock build's routes  (43.51 m of 8.00)
  ok   10 SEA ring:L0:5 [chinook] clear of aluminium C172's routes  (43.51 m of 8.50)
  ok   10 SEA ring:L0:5 [chinook] clear of the user's Cub's routes  (43.51 m of 8.35)
  ok   10 SEA ring:L0:5 [caravan] inside the field
  ok   10 SEA ring:L0:5 [caravan] afloat
  ok   10 SEA ring:L0:5 [caravan] clear of solid things  (Infinity m of 3.00 (nothing))
  ok   10 SEA ring:L0:5 [caravan] clear of stock build's routes  (41.38 m of 8.00)
  ok   10 SEA ring:L0:5 [caravan] clear of aluminium C172's routes  (41.38 m of 8.50)
  ok   10 SEA ring:L0:5 [caravan] clear of the user's Cub's routes  (41.38 m of 8.35)
  ok   10 SEA ring:L0:5 [rv] inside the field
  ok   10 SEA ring:L0:5 [rv] afloat
  ok   10 SEA ring:L0:5 [rv] clear of solid things  (Infinity m of 3.00 (nothing))
  ok   10 SEA ring:L0:5 [rv] clear of stock build's routes  (43.02 m of 8.00)
  ok   10 SEA ring:L0:5 [rv] clear of aluminium C172's routes  (43.02 m of 8.50)
  ok   10 SEA ring:L0:5 [rv] clear of the user's Cub's routes  (43.02 m of 8.35)
  ok   10 SEA ring:L0:5 [savannah] inside the field
  ok   10 SEA ring:L0:5 [savannah] afloat
  ok   10 SEA ring:L0:5 [savannah] clear of solid things  (Infinity m of 3.00 (nothing))
  ok   10 SEA ring:L0:5 [savannah] clear of stock build's routes  (43.10 m of 8.00)
  ok   10 SEA ring:L0:5 [savannah] clear of aluminium C172's routes  (43.10 m of 8.50)
  ok   10 SEA ring:L0:5 [savannah] clear of the user's Cub's routes  (43.10 m of 8.35)
  ok   10 SEA ring:L0:5 [ul1] inside the field
  ok   10 SEA ring:L0:5 [ul1] afloat
  ok   10 SEA ring:L0:5 [ul1] clear of solid things  (Infinity m of 3.00 (nothing))
  ok   10 SEA ring:L0:5 [ul1] clear of stock build's routes  (43.07 m of 8.00)
  ok   10 SEA ring:L0:5 [ul1] clear of aluminium C172's routes  (43.07 m of 8.50)
  ok   10 SEA ring:L0:5 [ul1] clear of the user's Cub's routes  (43.07 m of 8.35)
  ok   10 SEA ring:L0:5 [floatplane] inside the field
  ok   10 SEA ring:L0:5 [floatplane] afloat
  ok   10 SEA ring:L0:5 [floatplane] clear of solid things  (Infinity m of 3.00 (nothing))
  ok   10 SEA ring:L0:5 [floatplane] clear of stock build's routes  (42.50 m of 8.00)
  ok   10 SEA ring:L0:5 [floatplane] clear of aluminium C172's routes  (42.50 m of 8.50)
  ok   10 SEA ring:L0:5 [floatplane] clear of the user's Cub's routes  (42.50 m of 8.35)
  ok   10 SEA ring:L0:5 [pusherPod] inside the field
  ok   10 SEA ring:L0:5 [pusherPod] afloat
  ok   10 SEA ring:L0:5 [pusherPod] clear of solid things  (Infinity m of 3.00 (nothing))
  ok   10 SEA ring:L0:5 [pusherPod] clear of stock build's routes  (43.39 m of 8.00)
  ok   10 SEA ring:L0:5 [pusherPod] clear of aluminium C172's routes  (43.39 m of 8.50)
  ok   10 SEA ring:L0:5 [pusherPod] clear of the user's Cub's routes  (43.39 m of 8.35)
  ok   10 SEA ring:L0:5 [motorglider] inside the field
  ok   10 SEA ring:L0:5 [motorglider] afloat
  ok   10 SEA ring:L0:5 [motorglider] clear of solid things  (Infinity m of 3.00 (nothing))
  ok   10 SEA ring:L0:5 [motorglider] clear of stock build's routes  (42.66 m of 8.00)
  ok   10 SEA ring:L0:5 [motorglider] clear of aluminium C172's routes  (42.66 m of 8.50)
  ok   10 SEA ring:L0:5 [motorglider] clear of the user's Cub's routes  (42.66 m of 8.35)
  ok   10 SEA ring:L0:5 [radial] inside the field
  ok   10 SEA ring:L0:5 [radial] afloat
  ok   10 SEA ring:L0:5 [radial] clear of solid things  (Infinity m of 3.00 (nothing))
  ok   10 SEA ring:L0:5 [radial] clear of stock build's routes  (42.88 m of 8.00)
  ok   10 SEA ring:L0:5 [radial] clear of aluminium C172's routes  (42.88 m of 8.50)
  ok   10 SEA ring:L0:5 [radial] clear of the user's Cub's routes  (42.88 m of 8.35)
  ok   10 SEA ring:L0:5 [etrainer] inside the field
  ok   10 SEA ring:L0:5 [etrainer] afloat
  ok   10 SEA ring:L0:5 [etrainer] clear of solid things  (Infinity m of 3.00 (nothing))
  ok   10 SEA ring:L0:5 [etrainer] clear of stock build's routes  (43.13 m of 8.00)
  ok   10 SEA ring:L0:5 [etrainer] clear of aluminium C172's routes  (43.13 m of 8.50)
  ok   10 SEA ring:L0:5 [etrainer] clear of the user's Cub's routes  (43.13 m of 8.35)
  ok   10 SEA ring:L0:5 [ttail] inside the field
  ok   10 SEA ring:L0:5 [ttail] afloat
  ok   10 SEA ring:L0:5 [ttail] clear of solid things  (Infinity m of 3.00 (nothing))
  ok   10 SEA ring:L0:5 [ttail] clear of stock build's routes  (42.88 m of 8.00)
  ok   10 SEA ring:L0:5 [ttail] clear of aluminium C172's routes  (42.88 m of 8.50)
  ok   10 SEA ring:L0:5 [ttail] clear of the user's Cub's routes  (42.88 m of 8.35)
  ok   10 SEA ring:L0:5 [vtail] inside the field
  ok   10 SEA ring:L0:5 [vtail] afloat
  ok   10 SEA ring:L0:5 [vtail] clear of solid things  (Infinity m of 3.00 (nothing))
  ok   10 SEA ring:L0:5 [vtail] clear of stock build's routes  (42.88 m of 8.00)
  ok   10 SEA ring:L0:5 [vtail] clear of aluminium C172's routes  (42.88 m of 8.50)
  ok   10 SEA ring:L0:5 [vtail] clear of the user's Cub's routes  (42.88 m of 8.35)
  ok   10 SEA ring:L0:5 [mw5] inside the field
  ok   10 SEA ring:L0:5 [mw5] afloat
  ok   10 SEA ring:L0:5 [mw5] clear of solid things  (Infinity m of 3.00 (nothing))
  ok   10 SEA ring:L0:5 [mw5] clear of stock build's routes  (43.37 m of 8.00)
  ok   10 SEA ring:L0:5 [mw5] clear of aluminium C172's routes  (43.37 m of 8.50)
  ok   10 SEA ring:L0:5 [mw5] clear of the user's Cub's routes  (43.37 m of 8.35)
  ok   10 SEA ring:L0:5 [archaeopteryx] inside the field
  ok   10 SEA ring:L0:5 [archaeopteryx] afloat
  ok   10 SEA ring:L0:5 [archaeopteryx] clear of solid things  (Infinity m of 3.00 (nothing))
  ok   10 SEA ring:L0:5 [archaeopteryx] clear of stock build's routes  (43.17 m of 8.00)
  ok   10 SEA ring:L0:5 [archaeopteryx] clear of aluminium C172's routes  (43.17 m of 8.50)
  ok   10 SEA ring:L0:5 [archaeopteryx] clear of the user's Cub's routes  (43.17 m of 8.35)
  ok   10 SEA ring:L0:5 [da62] inside the field
  ok   10 SEA ring:L0:5 [da62] afloat
  ok   10 SEA ring:L0:5 [da62] clear of solid things  (Infinity m of 3.00 (nothing))
  ok   10 SEA ring:L0:5 [da62] clear of stock build's routes  (42.75 m of 8.00)
  ok   10 SEA ring:L0:5 [da62] clear of aluminium C172's routes  (42.75 m of 8.50)
  ok   10 SEA ring:L0:5 [da62] clear of the user's Cub's routes  (42.75 m of 8.35)
  ok   10 SEA ring:L0:5 [twinBush] inside the field
  ok   10 SEA ring:L0:5 [twinBush] afloat
  ok   10 SEA ring:L0:5 [twinBush] clear of solid things  (Infinity m of 3.00 (nothing))
  ok   10 SEA ring:L0:5 [twinBush] clear of stock build's routes  (42.56 m of 8.00)
  ok   10 SEA ring:L0:5 [twinBush] clear of aluminium C172's routes  (42.56 m of 8.50)
  ok   10 SEA ring:L0:5 [twinBush] clear of the user's Cub's routes  (42.56 m of 8.35)
  ok   10 SEA ring:L0:5 [skymaster] inside the field
  ok   10 SEA ring:L0:5 [skymaster] afloat
  ok   10 SEA ring:L0:5 [skymaster] clear of solid things  (Infinity m of 3.00 (nothing))
  ok   10 SEA ring:L0:5 [skymaster] clear of stock build's routes  (42.88 m of 8.00)
  ok   10 SEA ring:L0:5 [skymaster] clear of aluminium C172's routes  (42.88 m of 8.50)
  ok   10 SEA ring:L0:5 [skymaster] clear of the user's Cub's routes  (42.88 m of 8.35)
  ok   10 SEA ring:L0:5 [p38] inside the field
  ok   10 SEA ring:L0:5 [p38] afloat
  ok   10 SEA ring:L0:5 [p38] clear of solid things  (Infinity m of 3.00 (nothing))
  ok   10 SEA ring:L0:5 [p38] clear of stock build's routes  (43.08 m of 8.00)
  ok   10 SEA ring:L0:5 [p38] clear of aluminium C172's routes  (43.08 m of 8.50)
  ok   10 SEA ring:L0:5 [p38] clear of the user's Cub's routes  (43.08 m of 8.35)
  ok   10 SEA ring:L0:5 [beaver] inside the field
  ok   10 SEA ring:L0:5 [beaver] afloat
  ok   10 SEA ring:L0:5 [beaver] clear of solid things  (Infinity m of 3.00 (nothing))
  ok   10 SEA ring:L0:5 [beaver] clear of stock build's routes  (42.40 m of 8.00)
  ok   10 SEA ring:L0:5 [beaver] clear of aluminium C172's routes  (42.40 m of 8.50)
  ok   10 SEA ring:L0:5 [beaver] clear of the user's Cub's routes  (42.40 m of 8.35)
  ok   10 SEA ring:L0:5 [default] inside the field
  ok   10 SEA ring:L0:5 [default] afloat
  ok   10 SEA ring:L0:5 [default] clear of solid things  (Infinity m of 3.00 (nothing))
  ok   10 SEA ring:L0:5 [default] clear of stock build's routes  (42.08 m of 8.00)
  ok   10 SEA ring:L0:5 [default] clear of aluminium C172's routes  (42.08 m of 8.50)
  ok   10 SEA ring:L0:5 [default] clear of the user's Cub's routes  (42.08 m of 8.35)
  ok   10 SEA ring:L0:6 [cub] inside the field
  ok   10 SEA ring:L0:6 [cub] afloat
  ok   10 SEA ring:L0:6 [cub] clear of solid things  (Infinity m of 3.00 (nothing))
  ok   10 SEA ring:L0:6 [cub] clear of stock build's routes  (49.67 m of 8.00)
  ok   10 SEA ring:L0:6 [cub] clear of aluminium C172's routes  (49.67 m of 8.50)
  ok   10 SEA ring:L0:6 [cub] clear of the user's Cub's routes  (49.67 m of 8.35)
  ok   10 SEA ring:L0:6 [pietenpol] inside the field
  ok   10 SEA ring:L0:6 [pietenpol] afloat
  ok   10 SEA ring:L0:6 [pietenpol] clear of solid things  (Infinity m of 3.00 (nothing))
  ok   10 SEA ring:L0:6 [pietenpol] clear of stock build's routes  (50.56 m of 8.00)
  ok   10 SEA ring:L0:6 [pietenpol] clear of aluminium C172's routes  (50.56 m of 8.50)
  ok   10 SEA ring:L0:6 [pietenpol] clear of the user's Cub's routes  (50.56 m of 8.35)
  ok   10 SEA ring:L0:6 [tigermoth] inside the field
  ok   10 SEA ring:L0:6 [tigermoth] afloat
  ok   10 SEA ring:L0:6 [tigermoth] clear of solid things  (Infinity m of 3.00 (nothing))
  ok   10 SEA ring:L0:6 [tigermoth] clear of stock build's routes  (50.51 m of 8.00)
  ok   10 SEA ring:L0:6 [tigermoth] clear of aluminium C172's routes  (50.51 m of 8.50)
  ok   10 SEA ring:L0:6 [tigermoth] clear of the user's Cub's routes  (50.51 m of 8.35)
  ok   10 SEA ring:L0:6 [stearman] inside the field
  ok   10 SEA ring:L0:6 [stearman] afloat
  ok   10 SEA ring:L0:6 [stearman] clear of solid things  (Infinity m of 3.00 (nothing))
  ok   10 SEA ring:L0:6 [stearman] clear of stock build's routes  (50.20 m of 8.00)
  ok   10 SEA ring:L0:6 [stearman] clear of aluminium C172's routes  (50.20 m of 8.50)
  ok   10 SEA ring:L0:6 [stearman] clear of the user's Cub's routes  (50.20 m of 8.35)
  ok   10 SEA ring:L0:6 [pittsAlike] inside the field
  ok   10 SEA ring:L0:6 [pittsAlike] afloat
  ok   10 SEA ring:L0:6 [pittsAlike] clear of solid things  (Infinity m of 3.00 (nothing))
  ok   10 SEA ring:L0:6 [pittsAlike] clear of stock build's routes  (51.20 m of 8.00)
  ok   10 SEA ring:L0:6 [pittsAlike] clear of aluminium C172's routes  (51.20 m of 8.50)
  ok   10 SEA ring:L0:6 [pittsAlike] clear of the user's Cub's routes  (51.20 m of 8.35)
  ok   10 SEA ring:L0:6 [sesqui] inside the field
  ok   10 SEA ring:L0:6 [sesqui] afloat
  ok   10 SEA ring:L0:6 [sesqui] clear of solid things  (Infinity m of 3.00 (nothing))
  ok   10 SEA ring:L0:6 [sesqui] clear of stock build's routes  (50.23 m of 8.00)
  ok   10 SEA ring:L0:6 [sesqui] clear of aluminium C172's routes  (50.23 m of 8.50)
  ok   10 SEA ring:L0:6 [sesqui] clear of the user's Cub's routes  (50.23 m of 8.35)
  ok   10 SEA ring:L0:6 [jodel] inside the field
  ok   10 SEA ring:L0:6 [jodel] afloat
  ok   10 SEA ring:L0:6 [jodel] clear of solid things  (Infinity m of 3.00 (nothing))
  ok   10 SEA ring:L0:6 [jodel] clear of stock build's routes  (50.27 m of 8.00)
  ok   10 SEA ring:L0:6 [jodel] clear of aluminium C172's routes  (50.27 m of 8.50)
  ok   10 SEA ring:L0:6 [jodel] clear of the user's Cub's routes  (50.27 m of 8.35)
  ok   10 SEA ring:L0:6 [c172] inside the field
  ok   10 SEA ring:L0:6 [c172] afloat
  ok   10 SEA ring:L0:6 [c172] clear of solid things  (Infinity m of 3.00 (nothing))
  ok   10 SEA ring:L0:6 [c172] clear of stock build's routes  (49.45 m of 8.00)
  ok   10 SEA ring:L0:6 [c172] clear of aluminium C172's routes  (49.45 m of 8.50)
  ok   10 SEA ring:L0:6 [c172] clear of the user's Cub's routes  (49.45 m of 8.35)
  ok   10 SEA ring:L0:6 [chinook] inside the field
  ok   10 SEA ring:L0:6 [chinook] afloat
  ok   10 SEA ring:L0:6 [chinook] clear of solid things  (Infinity m of 3.00 (nothing))
  ok   10 SEA ring:L0:6 [chinook] clear of stock build's routes  (50.70 m of 8.00)
  ok   10 SEA ring:L0:6 [chinook] clear of aluminium C172's routes  (50.70 m of 8.50)
  ok   10 SEA ring:L0:6 [chinook] clear of the user's Cub's routes  (50.70 m of 8.35)
  ok   10 SEA ring:L0:6 [caravan] inside the field
  ok   10 SEA ring:L0:6 [caravan] afloat
  ok   10 SEA ring:L0:6 [caravan] clear of solid things  (Infinity m of 3.00 (nothing))
  ok   10 SEA ring:L0:6 [caravan] clear of stock build's routes  (48.13 m of 8.00)
  ok   10 SEA ring:L0:6 [caravan] clear of aluminium C172's routes  (48.13 m of 8.50)
  ok   10 SEA ring:L0:6 [caravan] clear of the user's Cub's routes  (48.13 m of 8.35)
  ok   10 SEA ring:L0:6 [rv] inside the field
  ok   10 SEA ring:L0:6 [rv] afloat
  ok   10 SEA ring:L0:6 [rv] clear of solid things  (Infinity m of 3.00 (nothing))
  ok   10 SEA ring:L0:6 [rv] clear of stock build's routes  (50.28 m of 8.00)
  ok   10 SEA ring:L0:6 [rv] clear of aluminium C172's routes  (50.28 m of 8.50)
  ok   10 SEA ring:L0:6 [rv] clear of the user's Cub's routes  (50.28 m of 8.35)
  ok   10 SEA ring:L0:6 [savannah] inside the field
  ok   10 SEA ring:L0:6 [savannah] afloat
  ok   10 SEA ring:L0:6 [savannah] clear of solid things  (Infinity m of 3.00 (nothing))
  ok   10 SEA ring:L0:6 [savannah] clear of stock build's routes  (50.45 m of 8.00)
  ok   10 SEA ring:L0:6 [savannah] clear of aluminium C172's routes  (50.45 m of 8.50)
  ok   10 SEA ring:L0:6 [savannah] clear of the user's Cub's routes  (50.45 m of 8.35)
  ok   10 SEA ring:L0:6 [ul1] inside the field
  ok   10 SEA ring:L0:6 [ul1] afloat
  ok   10 SEA ring:L0:6 [ul1] clear of solid things  (Infinity m of 3.00 (nothing))
  ok   10 SEA ring:L0:6 [ul1] clear of stock build's routes  (50.40 m of 8.00)
  ok   10 SEA ring:L0:6 [ul1] clear of aluminium C172's routes  (50.40 m of 8.50)
  ok   10 SEA ring:L0:6 [ul1] clear of the user's Cub's routes  (50.40 m of 8.35)
  ok   10 SEA ring:L0:6 [floatplane] inside the field
  ok   10 SEA ring:L0:6 [floatplane] afloat
  ok   10 SEA ring:L0:6 [floatplane] clear of solid things  (Infinity m of 3.00 (nothing))
  ok   10 SEA ring:L0:6 [floatplane] clear of stock build's routes  (49.48 m of 8.00)
  ok   10 SEA ring:L0:6 [floatplane] clear of aluminium C172's routes  (49.48 m of 8.50)
  ok   10 SEA ring:L0:6 [floatplane] clear of the user's Cub's routes  (49.48 m of 8.35)
  ok   10 SEA ring:L0:6 [pusherPod] inside the field
  ok   10 SEA ring:L0:6 [pusherPod] afloat
  ok   10 SEA ring:L0:6 [pusherPod] clear of solid things  (Infinity m of 3.00 (nothing))
  ok   10 SEA ring:L0:6 [pusherPod] clear of stock build's routes  (50.70 m of 8.00)
  ok   10 SEA ring:L0:6 [pusherPod] clear of aluminium C172's routes  (50.70 m of 8.50)
  ok   10 SEA ring:L0:6 [pusherPod] clear of the user's Cub's routes  (50.70 m of 8.35)
  ok   10 SEA ring:L0:6 [motorglider] inside the field
  ok   10 SEA ring:L0:6 [motorglider] afloat
  ok   10 SEA ring:L0:6 [motorglider] clear of solid things  (Infinity m of 3.00 (nothing))
  ok   10 SEA ring:L0:6 [motorglider] clear of stock build's routes  (49.41 m of 8.00)
  ok   10 SEA ring:L0:6 [motorglider] clear of aluminium C172's routes  (49.41 m of 8.50)
  ok   10 SEA ring:L0:6 [motorglider] clear of the user's Cub's routes  (49.41 m of 8.35)
  ok   10 SEA ring:L0:6 [radial] inside the field
  ok   10 SEA ring:L0:6 [radial] afloat
  ok   10 SEA ring:L0:6 [radial] clear of solid things  (Infinity m of 3.00 (nothing))
  ok   10 SEA ring:L0:6 [radial] clear of stock build's routes  (49.95 m of 8.00)
  ok   10 SEA ring:L0:6 [radial] clear of aluminium C172's routes  (49.95 m of 8.50)
  ok   10 SEA ring:L0:6 [radial] clear of the user's Cub's routes  (49.95 m of 8.35)
  ok   10 SEA ring:L0:6 [etrainer] inside the field
  ok   10 SEA ring:L0:6 [etrainer] afloat
  ok   10 SEA ring:L0:6 [etrainer] clear of solid things  (Infinity m of 3.00 (nothing))
  ok   10 SEA ring:L0:6 [etrainer] clear of stock build's routes  (50.51 m of 8.00)
  ok   10 SEA ring:L0:6 [etrainer] clear of aluminium C172's routes  (50.51 m of 8.50)
  ok   10 SEA ring:L0:6 [etrainer] clear of the user's Cub's routes  (50.51 m of 8.35)
  ok   10 SEA ring:L0:6 [ttail] inside the field
  ok   10 SEA ring:L0:6 [ttail] afloat
  ok   10 SEA ring:L0:6 [ttail] clear of solid things  (Infinity m of 3.00 (nothing))
  ok   10 SEA ring:L0:6 [ttail] clear of stock build's routes  (49.95 m of 8.00)
  ok   10 SEA ring:L0:6 [ttail] clear of aluminium C172's routes  (49.95 m of 8.50)
  ok   10 SEA ring:L0:6 [ttail] clear of the user's Cub's routes  (49.95 m of 8.35)
  ok   10 SEA ring:L0:6 [vtail] inside the field
  ok   10 SEA ring:L0:6 [vtail] afloat
  ok   10 SEA ring:L0:6 [vtail] clear of solid things  (Infinity m of 3.00 (nothing))
  ok   10 SEA ring:L0:6 [vtail] clear of stock build's routes  (49.95 m of 8.00)
  ok   10 SEA ring:L0:6 [vtail] clear of aluminium C172's routes  (49.95 m of 8.50)
  ok   10 SEA ring:L0:6 [vtail] clear of the user's Cub's routes  (49.95 m of 8.35)
  ok   10 SEA ring:L0:6 [mw5] inside the field
  ok   10 SEA ring:L0:6 [mw5] afloat
  ok   10 SEA ring:L0:6 [mw5] clear of solid things  (Infinity m of 3.00 (nothing))
  ok   10 SEA ring:L0:6 [mw5] clear of stock build's routes  (50.64 m of 8.00)
  ok   10 SEA ring:L0:6 [mw5] clear of aluminium C172's routes  (50.64 m of 8.50)
  ok   10 SEA ring:L0:6 [mw5] clear of the user's Cub's routes  (50.64 m of 8.35)
  ok   10 SEA ring:L0:6 [archaeopteryx] inside the field
  ok   10 SEA ring:L0:6 [archaeopteryx] afloat
  ok   10 SEA ring:L0:6 [archaeopteryx] clear of solid things  (Infinity m of 3.00 (nothing))
  ok   10 SEA ring:L0:6 [archaeopteryx] clear of stock build's routes  (50.20 m of 8.00)
  ok   10 SEA ring:L0:6 [archaeopteryx] clear of aluminium C172's routes  (50.20 m of 8.50)
  ok   10 SEA ring:L0:6 [archaeopteryx] clear of the user's Cub's routes  (50.20 m of 8.35)
  ok   10 SEA ring:L0:6 [da62] inside the field
  ok   10 SEA ring:L0:6 [da62] afloat
  ok   10 SEA ring:L0:6 [da62] clear of solid things  (Infinity m of 3.00 (nothing))
  ok   10 SEA ring:L0:6 [da62] clear of stock build's routes  (49.31 m of 8.00)
  ok   10 SEA ring:L0:6 [da62] clear of aluminium C172's routes  (49.31 m of 8.50)
  ok   10 SEA ring:L0:6 [da62] clear of the user's Cub's routes  (49.31 m of 8.35)
  ok   10 SEA ring:L0:6 [twinBush] inside the field
  ok   10 SEA ring:L0:6 [twinBush] afloat
  ok   10 SEA ring:L0:6 [twinBush] clear of solid things  (Infinity m of 3.00 (nothing))
  ok   10 SEA ring:L0:6 [twinBush] clear of stock build's routes  (48.79 m of 8.00)
  ok   10 SEA ring:L0:6 [twinBush] clear of aluminium C172's routes  (48.79 m of 8.50)
  ok   10 SEA ring:L0:6 [twinBush] clear of the user's Cub's routes  (48.79 m of 8.35)
  ok   10 SEA ring:L0:6 [skymaster] inside the field
  ok   10 SEA ring:L0:6 [skymaster] afloat
  ok   10 SEA ring:L0:6 [skymaster] clear of solid things  (Infinity m of 3.00 (nothing))
  ok   10 SEA ring:L0:6 [skymaster] clear of stock build's routes  (49.95 m of 8.00)
  ok   10 SEA ring:L0:6 [skymaster] clear of aluminium C172's routes  (49.95 m of 8.50)
  ok   10 SEA ring:L0:6 [skymaster] clear of the user's Cub's routes  (49.95 m of 8.35)
  ok   10 SEA ring:L0:6 [p38] inside the field
  ok   10 SEA ring:L0:6 [p38] afloat
  ok   10 SEA ring:L0:6 [p38] clear of solid things  (Infinity m of 3.00 (nothing))
  ok   10 SEA ring:L0:6 [p38] clear of stock build's routes  (50.12 m of 8.00)
  ok   10 SEA ring:L0:6 [p38] clear of aluminium C172's routes  (50.12 m of 8.50)
  ok   10 SEA ring:L0:6 [p38] clear of the user's Cub's routes  (50.12 m of 8.35)
  ok   10 SEA ring:L0:6 [beaver] inside the field
  ok   10 SEA ring:L0:6 [beaver] afloat
  ok   10 SEA ring:L0:6 [beaver] clear of solid things  (Infinity m of 3.00 (nothing))
  ok   10 SEA ring:L0:6 [beaver] clear of stock build's routes  (48.90 m of 8.00)
  ok   10 SEA ring:L0:6 [beaver] clear of aluminium C172's routes  (48.90 m of 8.50)
  ok   10 SEA ring:L0:6 [beaver] clear of the user's Cub's routes  (48.90 m of 8.35)
  ok   10 SEA ring:L0:6 [default] inside the field
  ok   10 SEA ring:L0:6 [default] afloat
  ok   10 SEA ring:L0:6 [default] clear of solid things  (Infinity m of 3.00 (nothing))
  ok   10 SEA ring:L0:6 [default] clear of stock build's routes  (49.09 m of 8.00)
  ok   10 SEA ring:L0:6 [default] clear of aluminium C172's routes  (49.09 m of 8.50)
  ok   10 SEA ring:L0:6 [default] clear of the user's Cub's routes  (49.09 m of 8.35)
  ok   10 SEA ring:L0:7 [cub] inside the field
  ok   10 SEA ring:L0:7 [cub] afloat
  ok   10 SEA ring:L0:7 [cub] clear of solid things  (Infinity m of 3.00 (nothing))
  ok   10 SEA ring:L0:7 [cub] clear of stock build's routes  (Infinity m of 8.00)
  ok   10 SEA ring:L0:7 [cub] clear of aluminium C172's routes  (Infinity m of 8.50)
  ok   10 SEA ring:L0:7 [cub] clear of the user's Cub's routes  (Infinity m of 8.35)
  ok   10 SEA ring:L0:7 [pietenpol] inside the field
  ok   10 SEA ring:L0:7 [pietenpol] afloat
  ok   10 SEA ring:L0:7 [pietenpol] clear of solid things  (Infinity m of 3.00 (nothing))
  ok   10 SEA ring:L0:7 [pietenpol] clear of stock build's routes  (Infinity m of 8.00)
  ok   10 SEA ring:L0:7 [pietenpol] clear of aluminium C172's routes  (Infinity m of 8.50)
  ok   10 SEA ring:L0:7 [pietenpol] clear of the user's Cub's routes  (Infinity m of 8.35)
  ok   10 SEA ring:L0:7 [tigermoth] inside the field
  ok   10 SEA ring:L0:7 [tigermoth] afloat
  ok   10 SEA ring:L0:7 [tigermoth] clear of solid things  (Infinity m of 3.00 (nothing))
  ok   10 SEA ring:L0:7 [tigermoth] clear of stock build's routes  (Infinity m of 8.00)
  ok   10 SEA ring:L0:7 [tigermoth] clear of aluminium C172's routes  (Infinity m of 8.50)
  ok   10 SEA ring:L0:7 [tigermoth] clear of the user's Cub's routes  (Infinity m of 8.35)
  ok   10 SEA ring:L0:7 [stearman] inside the field
  ok   10 SEA ring:L0:7 [stearman] afloat
  ok   10 SEA ring:L0:7 [stearman] clear of solid things  (Infinity m of 3.00 (nothing))
  ok   10 SEA ring:L0:7 [stearman] clear of stock build's routes  (Infinity m of 8.00)
  ok   10 SEA ring:L0:7 [stearman] clear of aluminium C172's routes  (Infinity m of 8.50)
  ok   10 SEA ring:L0:7 [stearman] clear of the user's Cub's routes  (Infinity m of 8.35)
  ok   10 SEA ring:L0:7 [pittsAlike] inside the field
  ok   10 SEA ring:L0:7 [pittsAlike] afloat
  ok   10 SEA ring:L0:7 [pittsAlike] clear of solid things  (Infinity m of 3.00 (nothing))
  ok   10 SEA ring:L0:7 [pittsAlike] clear of stock build's routes  (Infinity m of 8.00)
  ok   10 SEA ring:L0:7 [pittsAlike] clear of aluminium C172's routes  (Infinity m of 8.50)
  ok   10 SEA ring:L0:7 [pittsAlike] clear of the user's Cub's routes  (Infinity m of 8.35)
  ok   10 SEA ring:L0:7 [sesqui] inside the field
  ok   10 SEA ring:L0:7 [sesqui] afloat
  ok   10 SEA ring:L0:7 [sesqui] clear of solid things  (Infinity m of 3.00 (nothing))
  ok   10 SEA ring:L0:7 [sesqui] clear of stock build's routes  (Infinity m of 8.00)
  ok   10 SEA ring:L0:7 [sesqui] clear of aluminium C172's routes  (Infinity m of 8.50)
  ok   10 SEA ring:L0:7 [sesqui] clear of the user's Cub's routes  (Infinity m of 8.35)
  ok   10 SEA ring:L0:7 [jodel] inside the field
  ok   10 SEA ring:L0:7 [jodel] afloat
  ok   10 SEA ring:L0:7 [jodel] clear of solid things  (Infinity m of 3.00 (nothing))
  ok   10 SEA ring:L0:7 [jodel] clear of stock build's routes  (Infinity m of 8.00)
  ok   10 SEA ring:L0:7 [jodel] clear of aluminium C172's routes  (Infinity m of 8.50)
  ok   10 SEA ring:L0:7 [jodel] clear of the user's Cub's routes  (Infinity m of 8.35)
  ok   10 SEA ring:L0:7 [c172] inside the field
  ok   10 SEA ring:L0:7 [c172] afloat
  ok   10 SEA ring:L0:7 [c172] clear of solid things  (Infinity m of 3.00 (nothing))
  ok   10 SEA ring:L0:7 [c172] clear of stock build's routes  (Infinity m of 8.00)
  ok   10 SEA ring:L0:7 [c172] clear of aluminium C172's routes  (Infinity m of 8.50)
  ok   10 SEA ring:L0:7 [c172] clear of the user's Cub's routes  (Infinity m of 8.35)
  ok   10 SEA ring:L0:7 [chinook] inside the field
  ok   10 SEA ring:L0:7 [chinook] afloat
  ok   10 SEA ring:L0:7 [chinook] clear of solid things  (Infinity m of 3.00 (nothing))
  ok   10 SEA ring:L0:7 [chinook] clear of stock build's routes  (Infinity m of 8.00)
  ok   10 SEA ring:L0:7 [chinook] clear of aluminium C172's routes  (Infinity m of 8.50)
  ok   10 SEA ring:L0:7 [chinook] clear of the user's Cub's routes  (Infinity m of 8.35)
  ok   10 SEA ring:L0:7 [caravan] inside the field
  ok   10 SEA ring:L0:7 [caravan] afloat
  ok   10 SEA ring:L0:7 [caravan] clear of solid things  (Infinity m of 3.00 (nothing))
  ok   10 SEA ring:L0:7 [caravan] clear of stock build's routes  (Infinity m of 8.00)
  ok   10 SEA ring:L0:7 [caravan] clear of aluminium C172's routes  (Infinity m of 8.50)
  ok   10 SEA ring:L0:7 [caravan] clear of the user's Cub's routes  (Infinity m of 8.35)
  ok   10 SEA ring:L0:7 [rv] inside the field
  ok   10 SEA ring:L0:7 [rv] afloat
  ok   10 SEA ring:L0:7 [rv] clear of solid things  (Infinity m of 3.00 (nothing))
  ok   10 SEA ring:L0:7 [rv] clear of stock build's routes  (Infinity m of 8.00)
  ok   10 SEA ring:L0:7 [rv] clear of aluminium C172's routes  (Infinity m of 8.50)
  ok   10 SEA ring:L0:7 [rv] clear of the user's Cub's routes  (Infinity m of 8.35)
  ok   10 SEA ring:L0:7 [savannah] inside the field
  ok   10 SEA ring:L0:7 [savannah] afloat
  ok   10 SEA ring:L0:7 [savannah] clear of solid things  (Infinity m of 3.00 (nothing))
  ok   10 SEA ring:L0:7 [savannah] clear of stock build's routes  (Infinity m of 8.00)
  ok   10 SEA ring:L0:7 [savannah] clear of aluminium C172's routes  (Infinity m of 8.50)
  ok   10 SEA ring:L0:7 [savannah] clear of the user's Cub's routes  (Infinity m of 8.35)
  ok   10 SEA ring:L0:7 [ul1] inside the field
  ok   10 SEA ring:L0:7 [ul1] afloat
  ok   10 SEA ring:L0:7 [ul1] clear of solid things  (Infinity m of 3.00 (nothing))
  ok   10 SEA ring:L0:7 [ul1] clear of stock build's routes  (Infinity m of 8.00)
  ok   10 SEA ring:L0:7 [ul1] clear of aluminium C172's routes  (Infinity m of 8.50)
  ok   10 SEA ring:L0:7 [ul1] clear of the user's Cub's routes  (Infinity m of 8.35)
  ok   10 SEA ring:L0:7 [floatplane] inside the field
  ok   10 SEA ring:L0:7 [floatplane] afloat
  ok   10 SEA ring:L0:7 [floatplane] clear of solid things  (Infinity m of 3.00 (nothing))
  ok   10 SEA ring:L0:7 [floatplane] clear of stock build's routes  (Infinity m of 8.00)
  ok   10 SEA ring:L0:7 [floatplane] clear of aluminium C172's routes  (Infinity m of 8.50)
  ok   10 SEA ring:L0:7 [floatplane] clear of the user's Cub's routes  (Infinity m of 8.35)
  ok   10 SEA ring:L0:7 [pusherPod] inside the field
  ok   10 SEA ring:L0:7 [pusherPod] afloat
  ok   10 SEA ring:L0:7 [pusherPod] clear of solid things  (Infinity m of 3.00 (nothing))
  ok   10 SEA ring:L0:7 [pusherPod] clear of stock build's routes  (Infinity m of 8.00)
  ok   10 SEA ring:L0:7 [pusherPod] clear of aluminium C172's routes  (Infinity m of 8.50)
  ok   10 SEA ring:L0:7 [pusherPod] clear of the user's Cub's routes  (Infinity m of 8.35)
  ok   10 SEA ring:L0:7 [motorglider] inside the field
  ok   10 SEA ring:L0:7 [motorglider] afloat
  ok   10 SEA ring:L0:7 [motorglider] clear of solid things  (Infinity m of 3.00 (nothing))
  ok   10 SEA ring:L0:7 [motorglider] clear of stock build's routes  (Infinity m of 8.00)
  ok   10 SEA ring:L0:7 [motorglider] clear of aluminium C172's routes  (Infinity m of 8.50)
  ok   10 SEA ring:L0:7 [motorglider] clear of the user's Cub's routes  (Infinity m of 8.35)
  ok   10 SEA ring:L0:7 [radial] inside the field
  ok   10 SEA ring:L0:7 [radial] afloat
  ok   10 SEA ring:L0:7 [radial] clear of solid things  (Infinity m of 3.00 (nothing))
  ok   10 SEA ring:L0:7 [radial] clear of stock build's routes  (Infinity m of 8.00)
  ok   10 SEA ring:L0:7 [radial] clear of aluminium C172's routes  (Infinity m of 8.50)
  ok   10 SEA ring:L0:7 [radial] clear of the user's Cub's routes  (Infinity m of 8.35)
  ok   10 SEA ring:L0:7 [etrainer] inside the field
  ok   10 SEA ring:L0:7 [etrainer] afloat
  ok   10 SEA ring:L0:7 [etrainer] clear of solid things  (Infinity m of 3.00 (nothing))
  ok   10 SEA ring:L0:7 [etrainer] clear of stock build's routes  (Infinity m of 8.00)
  ok   10 SEA ring:L0:7 [etrainer] clear of aluminium C172's routes  (Infinity m of 8.50)
  ok   10 SEA ring:L0:7 [etrainer] clear of the user's Cub's routes  (Infinity m of 8.35)
  ok   10 SEA ring:L0:7 [ttail] inside the field
  ok   10 SEA ring:L0:7 [ttail] afloat
  ok   10 SEA ring:L0:7 [ttail] clear of solid things  (Infinity m of 3.00 (nothing))
  ok   10 SEA ring:L0:7 [ttail] clear of stock build's routes  (Infinity m of 8.00)
  ok   10 SEA ring:L0:7 [ttail] clear of aluminium C172's routes  (Infinity m of 8.50)
  ok   10 SEA ring:L0:7 [ttail] clear of the user's Cub's routes  (Infinity m of 8.35)
  ok   10 SEA ring:L0:7 [vtail] inside the field
  ok   10 SEA ring:L0:7 [vtail] afloat
  ok   10 SEA ring:L0:7 [vtail] clear of solid things  (Infinity m of 3.00 (nothing))
  ok   10 SEA ring:L0:7 [vtail] clear of stock build's routes  (Infinity m of 8.00)
  ok   10 SEA ring:L0:7 [vtail] clear of aluminium C172's routes  (Infinity m of 8.50)
  ok   10 SEA ring:L0:7 [vtail] clear of the user's Cub's routes  (Infinity m of 8.35)
  ok   10 SEA ring:L0:7 [mw5] inside the field
  ok   10 SEA ring:L0:7 [mw5] afloat
  ok   10 SEA ring:L0:7 [mw5] clear of solid things  (Infinity m of 3.00 (nothing))
  ok   10 SEA ring:L0:7 [mw5] clear of stock build's routes  (Infinity m of 8.00)
  ok   10 SEA ring:L0:7 [mw5] clear of aluminium C172's routes  (Infinity m of 8.50)
  ok   10 SEA ring:L0:7 [mw5] clear of the user's Cub's routes  (Infinity m of 8.35)
  ok   10 SEA ring:L0:7 [archaeopteryx] inside the field
  ok   10 SEA ring:L0:7 [archaeopteryx] afloat
  ok   10 SEA ring:L0:7 [archaeopteryx] clear of solid things  (Infinity m of 3.00 (nothing))
  ok   10 SEA ring:L0:7 [archaeopteryx] clear of stock build's routes  (Infinity m of 8.00)
  ok   10 SEA ring:L0:7 [archaeopteryx] clear of aluminium C172's routes  (Infinity m of 8.50)
  ok   10 SEA ring:L0:7 [archaeopteryx] clear of the user's Cub's routes  (Infinity m of 8.35)
  ok   10 SEA ring:L0:7 [da62] inside the field
  ok   10 SEA ring:L0:7 [da62] afloat
  ok   10 SEA ring:L0:7 [da62] clear of solid things  (Infinity m of 3.00 (nothing))
  ok   10 SEA ring:L0:7 [da62] clear of stock build's routes  (Infinity m of 8.00)
  ok   10 SEA ring:L0:7 [da62] clear of aluminium C172's routes  (Infinity m of 8.50)
  ok   10 SEA ring:L0:7 [da62] clear of the user's Cub's routes  (Infinity m of 8.35)
  ok   10 SEA ring:L0:7 [twinBush] inside the field
  ok   10 SEA ring:L0:7 [twinBush] afloat
  ok   10 SEA ring:L0:7 [twinBush] clear of solid things  (Infinity m of 3.00 (nothing))
  ok   10 SEA ring:L0:7 [twinBush] clear of stock build's routes  (Infinity m of 8.00)
  ok   10 SEA ring:L0:7 [twinBush] clear of aluminium C172's routes  (Infinity m of 8.50)
  ok   10 SEA ring:L0:7 [twinBush] clear of the user's Cub's routes  (Infinity m of 8.35)
  ok   10 SEA ring:L0:7 [skymaster] inside the field
  ok   10 SEA ring:L0:7 [skymaster] afloat
  ok   10 SEA ring:L0:7 [skymaster] clear of solid things  (Infinity m of 3.00 (nothing))
  ok   10 SEA ring:L0:7 [skymaster] clear of stock build's routes  (Infinity m of 8.00)
  ok   10 SEA ring:L0:7 [skymaster] clear of aluminium C172's routes  (Infinity m of 8.50)
  ok   10 SEA ring:L0:7 [skymaster] clear of the user's Cub's routes  (Infinity m of 8.35)
  ok   10 SEA ring:L0:7 [p38] inside the field
  ok   10 SEA ring:L0:7 [p38] afloat
  ok   10 SEA ring:L0:7 [p38] clear of solid things  (Infinity m of 3.00 (nothing))
  ok   10 SEA ring:L0:7 [p38] clear of stock build's routes  (Infinity m of 8.00)
  ok   10 SEA ring:L0:7 [p38] clear of aluminium C172's routes  (Infinity m of 8.50)
  ok   10 SEA ring:L0:7 [p38] clear of the user's Cub's routes  (Infinity m of 8.35)
  ok   10 SEA ring:L0:7 [beaver] inside the field
  ok   10 SEA ring:L0:7 [beaver] afloat
  ok   10 SEA ring:L0:7 [beaver] clear of solid things  (Infinity m of 3.00 (nothing))
  ok   10 SEA ring:L0:7 [beaver] clear of stock build's routes  (Infinity m of 8.00)
  ok   10 SEA ring:L0:7 [beaver] clear of aluminium C172's routes  (Infinity m of 8.50)
  ok   10 SEA ring:L0:7 [beaver] clear of the user's Cub's routes  (Infinity m of 8.35)
  ok   10 SEA ring:L0:7 [default] inside the field
  ok   10 SEA ring:L0:7 [default] afloat
  ok   10 SEA ring:L0:7 [default] clear of solid things  (Infinity m of 3.00 (nothing))
  ok   10 SEA ring:L0:7 [default] clear of stock build's routes  (Infinity m of 8.00)
  ok   10 SEA ring:L0:7 [default] clear of aluminium C172's routes  (Infinity m of 8.50)
  ok   10 SEA ring:L0:7 [default] clear of the user's Cub's routes  (Infinity m of 8.35)
  ok   10 SEA ring:L0:9 [cub] inside the field
  ok   10 SEA ring:L0:9 [cub] afloat
  ok   10 SEA ring:L0:9 [cub] clear of solid things  (Infinity m of 3.00 (nothing))
  ok   10 SEA ring:L0:9 [cub] clear of stock build's routes  (Infinity m of 8.00)
  ok   10 SEA ring:L0:9 [cub] clear of aluminium C172's routes  (Infinity m of 8.50)
  ok   10 SEA ring:L0:9 [cub] clear of the user's Cub's routes  (Infinity m of 8.35)
  ok   10 SEA ring:L0:9 [pietenpol] inside the field
  ok   10 SEA ring:L0:9 [pietenpol] afloat
  ok   10 SEA ring:L0:9 [pietenpol] clear of solid things  (Infinity m of 3.00 (nothing))
  ok   10 SEA ring:L0:9 [pietenpol] clear of stock build's routes  (Infinity m of 8.00)
  ok   10 SEA ring:L0:9 [pietenpol] clear of aluminium C172's routes  (Infinity m of 8.50)
  ok   10 SEA ring:L0:9 [pietenpol] clear of the user's Cub's routes  (Infinity m of 8.35)
  ok   10 SEA ring:L0:9 [tigermoth] inside the field
  ok   10 SEA ring:L0:9 [tigermoth] afloat
  ok   10 SEA ring:L0:9 [tigermoth] clear of solid things  (Infinity m of 3.00 (nothing))
  ok   10 SEA ring:L0:9 [tigermoth] clear of stock build's routes  (Infinity m of 8.00)
  ok   10 SEA ring:L0:9 [tigermoth] clear of aluminium C172's routes  (Infinity m of 8.50)
  ok   10 SEA ring:L0:9 [tigermoth] clear of the user's Cub's routes  (Infinity m of 8.35)
  ok   10 SEA ring:L0:9 [stearman] inside the field
  ok   10 SEA ring:L0:9 [stearman] afloat
  ok   10 SEA ring:L0:9 [stearman] clear of solid things  (Infinity m of 3.00 (nothing))
  ok   10 SEA ring:L0:9 [stearman] clear of stock build's routes  (Infinity m of 8.00)
  ok   10 SEA ring:L0:9 [stearman] clear of aluminium C172's routes  (Infinity m of 8.50)
  ok   10 SEA ring:L0:9 [stearman] clear of the user's Cub's routes  (Infinity m of 8.35)
  ok   10 SEA ring:L0:9 [pittsAlike] inside the field
  ok   10 SEA ring:L0:9 [pittsAlike] afloat
  ok   10 SEA ring:L0:9 [pittsAlike] clear of solid things  (Infinity m of 3.00 (nothing))
  ok   10 SEA ring:L0:9 [pittsAlike] clear of stock build's routes  (Infinity m of 8.00)
  ok   10 SEA ring:L0:9 [pittsAlike] clear of aluminium C172's routes  (Infinity m of 8.50)
  ok   10 SEA ring:L0:9 [pittsAlike] clear of the user's Cub's routes  (Infinity m of 8.35)
  ok   10 SEA ring:L0:9 [sesqui] inside the field
  ok   10 SEA ring:L0:9 [sesqui] afloat
  ok   10 SEA ring:L0:9 [sesqui] clear of solid things  (Infinity m of 3.00 (nothing))
  ok   10 SEA ring:L0:9 [sesqui] clear of stock build's routes  (Infinity m of 8.00)
  ok   10 SEA ring:L0:9 [sesqui] clear of aluminium C172's routes  (Infinity m of 8.50)
  ok   10 SEA ring:L0:9 [sesqui] clear of the user's Cub's routes  (Infinity m of 8.35)
  ok   10 SEA ring:L0:9 [jodel] inside the field
  ok   10 SEA ring:L0:9 [jodel] afloat
  ok   10 SEA ring:L0:9 [jodel] clear of solid things  (Infinity m of 3.00 (nothing))
  ok   10 SEA ring:L0:9 [jodel] clear of stock build's routes  (Infinity m of 8.00)
  ok   10 SEA ring:L0:9 [jodel] clear of aluminium C172's routes  (Infinity m of 8.50)
  ok   10 SEA ring:L0:9 [jodel] clear of the user's Cub's routes  (Infinity m of 8.35)
  ok   10 SEA ring:L0:9 [c172] inside the field
  ok   10 SEA ring:L0:9 [c172] afloat
  ok   10 SEA ring:L0:9 [c172] clear of solid things  (Infinity m of 3.00 (nothing))
  ok   10 SEA ring:L0:9 [c172] clear of stock build's routes  (Infinity m of 8.00)
  ok   10 SEA ring:L0:9 [c172] clear of aluminium C172's routes  (Infinity m of 8.50)
  ok   10 SEA ring:L0:9 [c172] clear of the user's Cub's routes  (Infinity m of 8.35)
  ok   10 SEA ring:L0:9 [chinook] inside the field
  ok   10 SEA ring:L0:9 [chinook] afloat
  ok   10 SEA ring:L0:9 [chinook] clear of solid things  (Infinity m of 3.00 (nothing))
  ok   10 SEA ring:L0:9 [chinook] clear of stock build's routes  (Infinity m of 8.00)
  ok   10 SEA ring:L0:9 [chinook] clear of aluminium C172's routes  (Infinity m of 8.50)
  ok   10 SEA ring:L0:9 [chinook] clear of the user's Cub's routes  (Infinity m of 8.35)
  ok   10 SEA ring:L0:9 [caravan] inside the field
  ok   10 SEA ring:L0:9 [caravan] afloat
  ok   10 SEA ring:L0:9 [caravan] clear of solid things  (Infinity m of 3.00 (nothing))
  ok   10 SEA ring:L0:9 [caravan] clear of stock build's routes  (Infinity m of 8.00)
  ok   10 SEA ring:L0:9 [caravan] clear of aluminium C172's routes  (Infinity m of 8.50)
  ok   10 SEA ring:L0:9 [caravan] clear of the user's Cub's routes  (Infinity m of 8.35)
  ok   10 SEA ring:L0:9 [rv] inside the field
  ok   10 SEA ring:L0:9 [rv] afloat
  ok   10 SEA ring:L0:9 [rv] clear of solid things  (Infinity m of 3.00 (nothing))
  ok   10 SEA ring:L0:9 [rv] clear of stock build's routes  (Infinity m of 8.00)
  ok   10 SEA ring:L0:9 [rv] clear of aluminium C172's routes  (Infinity m of 8.50)
  ok   10 SEA ring:L0:9 [rv] clear of the user's Cub's routes  (Infinity m of 8.35)
  ok   10 SEA ring:L0:9 [savannah] inside the field
  ok   10 SEA ring:L0:9 [savannah] afloat
  ok   10 SEA ring:L0:9 [savannah] clear of solid things  (Infinity m of 3.00 (nothing))
  ok   10 SEA ring:L0:9 [savannah] clear of stock build's routes  (Infinity m of 8.00)
  ok   10 SEA ring:L0:9 [savannah] clear of aluminium C172's routes  (Infinity m of 8.50)
  ok   10 SEA ring:L0:9 [savannah] clear of the user's Cub's routes  (Infinity m of 8.35)
  ok   10 SEA ring:L0:9 [ul1] inside the field
  ok   10 SEA ring:L0:9 [ul1] afloat
  ok   10 SEA ring:L0:9 [ul1] clear of solid things  (Infinity m of 3.00 (nothing))
  ok   10 SEA ring:L0:9 [ul1] clear of stock build's routes  (Infinity m of 8.00)
  ok   10 SEA ring:L0:9 [ul1] clear of aluminium C172's routes  (Infinity m of 8.50)
  ok   10 SEA ring:L0:9 [ul1] clear of the user's Cub's routes  (Infinity m of 8.35)
  ok   10 SEA ring:L0:9 [floatplane] inside the field
  ok   10 SEA ring:L0:9 [floatplane] afloat
  ok   10 SEA ring:L0:9 [floatplane] clear of solid things  (Infinity m of 3.00 (nothing))
  ok   10 SEA ring:L0:9 [floatplane] clear of stock build's routes  (Infinity m of 8.00)
  ok   10 SEA ring:L0:9 [floatplane] clear of aluminium C172's routes  (Infinity m of 8.50)
  ok   10 SEA ring:L0:9 [floatplane] clear of the user's Cub's routes  (Infinity m of 8.35)
  ok   10 SEA ring:L0:9 [pusherPod] inside the field
  ok   10 SEA ring:L0:9 [pusherPod] afloat
  ok   10 SEA ring:L0:9 [pusherPod] clear of solid things  (Infinity m of 3.00 (nothing))
  ok   10 SEA ring:L0:9 [pusherPod] clear of stock build's routes  (Infinity m of 8.00)
  ok   10 SEA ring:L0:9 [pusherPod] clear of aluminium C172's routes  (Infinity m of 8.50)
  ok   10 SEA ring:L0:9 [pusherPod] clear of the user's Cub's routes  (Infinity m of 8.35)
  ok   10 SEA ring:L0:9 [motorglider] inside the field
  ok   10 SEA ring:L0:9 [motorglider] afloat
  ok   10 SEA ring:L0:9 [motorglider] clear of solid things  (Infinity m of 3.00 (nothing))
  ok   10 SEA ring:L0:9 [motorglider] clear of stock build's routes  (Infinity m of 8.00)
  ok   10 SEA ring:L0:9 [motorglider] clear of aluminium C172's routes  (Infinity m of 8.50)
  ok   10 SEA ring:L0:9 [motorglider] clear of the user's Cub's routes  (Infinity m of 8.35)
  ok   10 SEA ring:L0:9 [radial] inside the field
  ok   10 SEA ring:L0:9 [radial] afloat
  ok   10 SEA ring:L0:9 [radial] clear of solid things  (Infinity m of 3.00 (nothing))
  ok   10 SEA ring:L0:9 [radial] clear of stock build's routes  (Infinity m of 8.00)
  ok   10 SEA ring:L0:9 [radial] clear of aluminium C172's routes  (Infinity m of 8.50)
  ok   10 SEA ring:L0:9 [radial] clear of the user's Cub's routes  (Infinity m of 8.35)
  ok   10 SEA ring:L0:9 [etrainer] inside the field
  ok   10 SEA ring:L0:9 [etrainer] afloat
  ok   10 SEA ring:L0:9 [etrainer] clear of solid things  (Infinity m of 3.00 (nothing))
  ok   10 SEA ring:L0:9 [etrainer] clear of stock build's routes  (Infinity m of 8.00)
  ok   10 SEA ring:L0:9 [etrainer] clear of aluminium C172's routes  (Infinity m of 8.50)
  ok   10 SEA ring:L0:9 [etrainer] clear of the user's Cub's routes  (Infinity m of 8.35)
  ok   10 SEA ring:L0:9 [ttail] inside the field
  ok   10 SEA ring:L0:9 [ttail] afloat
  ok   10 SEA ring:L0:9 [ttail] clear of solid things  (Infinity m of 3.00 (nothing))
  ok   10 SEA ring:L0:9 [ttail] clear of stock build's routes  (Infinity m of 8.00)
  ok   10 SEA ring:L0:9 [ttail] clear of aluminium C172's routes  (Infinity m of 8.50)
  ok   10 SEA ring:L0:9 [ttail] clear of the user's Cub's routes  (Infinity m of 8.35)
  ok   10 SEA ring:L0:9 [vtail] inside the field
  ok   10 SEA ring:L0:9 [vtail] afloat
  ok   10 SEA ring:L0:9 [vtail] clear of solid things  (Infinity m of 3.00 (nothing))
  ok   10 SEA ring:L0:9 [vtail] clear of stock build's routes  (Infinity m of 8.00)
  ok   10 SEA ring:L0:9 [vtail] clear of aluminium C172's routes  (Infinity m of 8.50)
  ok   10 SEA ring:L0:9 [vtail] clear of the user's Cub's routes  (Infinity m of 8.35)
  ok   10 SEA ring:L0:9 [mw5] inside the field
  ok   10 SEA ring:L0:9 [mw5] afloat
  ok   10 SEA ring:L0:9 [mw5] clear of solid things  (Infinity m of 3.00 (nothing))
  ok   10 SEA ring:L0:9 [mw5] clear of stock build's routes  (Infinity m of 8.00)
  ok   10 SEA ring:L0:9 [mw5] clear of aluminium C172's routes  (Infinity m of 8.50)
  ok   10 SEA ring:L0:9 [mw5] clear of the user's Cub's routes  (Infinity m of 8.35)
  ok   10 SEA ring:L0:9 [archaeopteryx] inside the field
  ok   10 SEA ring:L0:9 [archaeopteryx] afloat
  ok   10 SEA ring:L0:9 [archaeopteryx] clear of solid things  (Infinity m of 3.00 (nothing))
  ok   10 SEA ring:L0:9 [archaeopteryx] clear of stock build's routes  (Infinity m of 8.00)
  ok   10 SEA ring:L0:9 [archaeopteryx] clear of aluminium C172's routes  (Infinity m of 8.50)
  ok   10 SEA ring:L0:9 [archaeopteryx] clear of the user's Cub's routes  (Infinity m of 8.35)
  ok   10 SEA ring:L0:9 [da62] inside the field
  ok   10 SEA ring:L0:9 [da62] afloat
  ok   10 SEA ring:L0:9 [da62] clear of solid things  (Infinity m of 3.00 (nothing))
  ok   10 SEA ring:L0:9 [da62] clear of stock build's routes  (Infinity m of 8.00)
  ok   10 SEA ring:L0:9 [da62] clear of aluminium C172's routes  (Infinity m of 8.50)
  ok   10 SEA ring:L0:9 [da62] clear of the user's Cub's routes  (Infinity m of 8.35)
  ok   10 SEA ring:L0:9 [twinBush] inside the field
  ok   10 SEA ring:L0:9 [twinBush] afloat
  ok   10 SEA ring:L0:9 [twinBush] clear of solid things  (Infinity m of 3.00 (nothing))
  ok   10 SEA ring:L0:9 [twinBush] clear of stock build's routes  (Infinity m of 8.00)
  ok   10 SEA ring:L0:9 [twinBush] clear of aluminium C172's routes  (Infinity m of 8.50)
  ok   10 SEA ring:L0:9 [twinBush] clear of the user's Cub's routes  (Infinity m of 8.35)
  ok   10 SEA ring:L0:9 [skymaster] inside the field
  ok   10 SEA ring:L0:9 [skymaster] afloat
  ok   10 SEA ring:L0:9 [skymaster] clear of solid things  (Infinity m of 3.00 (nothing))
  ok   10 SEA ring:L0:9 [skymaster] clear of stock build's routes  (Infinity m of 8.00)
  ok   10 SEA ring:L0:9 [skymaster] clear of aluminium C172's routes  (Infinity m of 8.50)
  ok   10 SEA ring:L0:9 [skymaster] clear of the user's Cub's routes  (Infinity m of 8.35)
  ok   10 SEA ring:L0:9 [p38] inside the field
  ok   10 SEA ring:L0:9 [p38] afloat
  ok   10 SEA ring:L0:9 [p38] clear of solid things  (Infinity m of 3.00 (nothing))
  ok   10 SEA ring:L0:9 [p38] clear of stock build's routes  (Infinity m of 8.00)
  ok   10 SEA ring:L0:9 [p38] clear of aluminium C172's routes  (Infinity m of 8.50)
  ok   10 SEA ring:L0:9 [p38] clear of the user's Cub's routes  (Infinity m of 8.35)
  ok   10 SEA ring:L0:9 [beaver] inside the field
  ok   10 SEA ring:L0:9 [beaver] afloat
  ok   10 SEA ring:L0:9 [beaver] clear of solid things  (Infinity m of 3.00 (nothing))
  ok   10 SEA ring:L0:9 [beaver] clear of stock build's routes  (Infinity m of 8.00)
  ok   10 SEA ring:L0:9 [beaver] clear of aluminium C172's routes  (Infinity m of 8.50)
  ok   10 SEA ring:L0:9 [beaver] clear of the user's Cub's routes  (Infinity m of 8.35)
  ok   10 SEA ring:L0:9 [default] inside the field
  ok   10 SEA ring:L0:9 [default] afloat
  ok   10 SEA ring:L0:9 [default] clear of solid things  (Infinity m of 3.00 (nothing))
  ok   10 SEA ring:L0:9 [default] clear of stock build's routes  (Infinity m of 8.00)
  ok   10 SEA ring:L0:9 [default] clear of aluminium C172's routes  (Infinity m of 8.50)
  ok   10 SEA ring:L0:9 [default] clear of the user's Cub's routes  (Infinity m of 8.35)
  ok   10 SEA ring:L0:10 [cub] inside the field
  ok   10 SEA ring:L0:10 [cub] afloat
  ok   10 SEA ring:L0:10 [cub] clear of solid things  (Infinity m of 3.00 (nothing))
  ok   10 SEA ring:L0:10 [cub] clear of stock build's routes  (Infinity m of 8.00)
  ok   10 SEA ring:L0:10 [cub] clear of aluminium C172's routes  (Infinity m of 8.50)
  ok   10 SEA ring:L0:10 [cub] clear of the user's Cub's routes  (Infinity m of 8.35)
  ok   10 SEA ring:L0:10 [pietenpol] inside the field
  ok   10 SEA ring:L0:10 [pietenpol] afloat
  ok   10 SEA ring:L0:10 [pietenpol] clear of solid things  (Infinity m of 3.00 (nothing))
  ok   10 SEA ring:L0:10 [pietenpol] clear of stock build's routes  (Infinity m of 8.00)
  ok   10 SEA ring:L0:10 [pietenpol] clear of aluminium C172's routes  (Infinity m of 8.50)
  ok   10 SEA ring:L0:10 [pietenpol] clear of the user's Cub's routes  (Infinity m of 8.35)
  ok   10 SEA ring:L0:10 [tigermoth] inside the field
  ok   10 SEA ring:L0:10 [tigermoth] afloat
  ok   10 SEA ring:L0:10 [tigermoth] clear of solid things  (Infinity m of 3.00 (nothing))
  ok   10 SEA ring:L0:10 [tigermoth] clear of stock build's routes  (Infinity m of 8.00)
  ok   10 SEA ring:L0:10 [tigermoth] clear of aluminium C172's routes  (Infinity m of 8.50)
  ok   10 SEA ring:L0:10 [tigermoth] clear of the user's Cub's routes  (Infinity m of 8.35)
  ok   10 SEA ring:L0:10 [stearman] inside the field
  ok   10 SEA ring:L0:10 [stearman] afloat
  ok   10 SEA ring:L0:10 [stearman] clear of solid things  (Infinity m of 3.00 (nothing))
  ok   10 SEA ring:L0:10 [stearman] clear of stock build's routes  (Infinity m of 8.00)
  ok   10 SEA ring:L0:10 [stearman] clear of aluminium C172's routes  (Infinity m of 8.50)
  ok   10 SEA ring:L0:10 [stearman] clear of the user's Cub's routes  (Infinity m of 8.35)
  ok   10 SEA ring:L0:10 [pittsAlike] inside the field
  ok   10 SEA ring:L0:10 [pittsAlike] afloat
  ok   10 SEA ring:L0:10 [pittsAlike] clear of solid things  (Infinity m of 3.00 (nothing))
  ok   10 SEA ring:L0:10 [pittsAlike] clear of stock build's routes  (Infinity m of 8.00)
  ok   10 SEA ring:L0:10 [pittsAlike] clear of aluminium C172's routes  (Infinity m of 8.50)
  ok   10 SEA ring:L0:10 [pittsAlike] clear of the user's Cub's routes  (Infinity m of 8.35)
  ok   10 SEA ring:L0:10 [sesqui] inside the field
  ok   10 SEA ring:L0:10 [sesqui] afloat
  ok   10 SEA ring:L0:10 [sesqui] clear of solid things  (Infinity m of 3.00 (nothing))
  ok   10 SEA ring:L0:10 [sesqui] clear of stock build's routes  (Infinity m of 8.00)
  ok   10 SEA ring:L0:10 [sesqui] clear of aluminium C172's routes  (Infinity m of 8.50)
  ok   10 SEA ring:L0:10 [sesqui] clear of the user's Cub's routes  (Infinity m of 8.35)
  ok   10 SEA ring:L0:10 [jodel] inside the field
  ok   10 SEA ring:L0:10 [jodel] afloat
  ok   10 SEA ring:L0:10 [jodel] clear of solid things  (Infinity m of 3.00 (nothing))
  ok   10 SEA ring:L0:10 [jodel] clear of stock build's routes  (Infinity m of 8.00)
  ok   10 SEA ring:L0:10 [jodel] clear of aluminium C172's routes  (Infinity m of 8.50)
  ok   10 SEA ring:L0:10 [jodel] clear of the user's Cub's routes  (Infinity m of 8.35)
  ok   10 SEA ring:L0:10 [c172] inside the field
  ok   10 SEA ring:L0:10 [c172] afloat
  ok   10 SEA ring:L0:10 [c172] clear of solid things  (Infinity m of 3.00 (nothing))
  ok   10 SEA ring:L0:10 [c172] clear of stock build's routes  (Infinity m of 8.00)
  ok   10 SEA ring:L0:10 [c172] clear of aluminium C172's routes  (Infinity m of 8.50)
  ok   10 SEA ring:L0:10 [c172] clear of the user's Cub's routes  (Infinity m of 8.35)
  ok   10 SEA ring:L0:10 [chinook] inside the field
  ok   10 SEA ring:L0:10 [chinook] afloat
  ok   10 SEA ring:L0:10 [chinook] clear of solid things  (Infinity m of 3.00 (nothing))
  ok   10 SEA ring:L0:10 [chinook] clear of stock build's routes  (Infinity m of 8.00)
  ok   10 SEA ring:L0:10 [chinook] clear of aluminium C172's routes  (Infinity m of 8.50)
  ok   10 SEA ring:L0:10 [chinook] clear of the user's Cub's routes  (Infinity m of 8.35)
  ok   10 SEA ring:L0:10 [caravan] inside the field
  ok   10 SEA ring:L0:10 [caravan] afloat
  ok   10 SEA ring:L0:10 [caravan] clear of solid things  (Infinity m of 3.00 (nothing))
  ok   10 SEA ring:L0:10 [caravan] clear of stock build's routes  (Infinity m of 8.00)
  ok   10 SEA ring:L0:10 [caravan] clear of aluminium C172's routes  (Infinity m of 8.50)
  ok   10 SEA ring:L0:10 [caravan] clear of the user's Cub's routes  (Infinity m of 8.35)
  ok   10 SEA ring:L0:10 [rv] inside the field
  ok   10 SEA ring:L0:10 [rv] afloat
  ok   10 SEA ring:L0:10 [rv] clear of solid things  (Infinity m of 3.00 (nothing))
  ok   10 SEA ring:L0:10 [rv] clear of stock build's routes  (Infinity m of 8.00)
  ok   10 SEA ring:L0:10 [rv] clear of aluminium C172's routes  (Infinity m of 8.50)
  ok   10 SEA ring:L0:10 [rv] clear of the user's Cub's routes  (Infinity m of 8.35)
  ok   10 SEA ring:L0:10 [savannah] inside the field
  ok   10 SEA ring:L0:10 [savannah] afloat
  ok   10 SEA ring:L0:10 [savannah] clear of solid things  (Infinity m of 3.00 (nothing))
  ok   10 SEA ring:L0:10 [savannah] clear of stock build's routes  (Infinity m of 8.00)
  ok   10 SEA ring:L0:10 [savannah] clear of aluminium C172's routes  (Infinity m of 8.50)
  ok   10 SEA ring:L0:10 [savannah] clear of the user's Cub's routes  (Infinity m of 8.35)
  ok   10 SEA ring:L0:10 [ul1] inside the field
  ok   10 SEA ring:L0:10 [ul1] afloat
  ok   10 SEA ring:L0:10 [ul1] clear of solid things  (Infinity m of 3.00 (nothing))
  ok   10 SEA ring:L0:10 [ul1] clear of stock build's routes  (Infinity m of 8.00)
  ok   10 SEA ring:L0:10 [ul1] clear of aluminium C172's routes  (Infinity m of 8.50)
  ok   10 SEA ring:L0:10 [ul1] clear of the user's Cub's routes  (Infinity m of 8.35)
  ok   10 SEA ring:L0:10 [floatplane] inside the field
  ok   10 SEA ring:L0:10 [floatplane] afloat
  ok   10 SEA ring:L0:10 [floatplane] clear of solid things  (Infinity m of 3.00 (nothing))
  ok   10 SEA ring:L0:10 [floatplane] clear of stock build's routes  (Infinity m of 8.00)
  ok   10 SEA ring:L0:10 [floatplane] clear of aluminium C172's routes  (Infinity m of 8.50)
  ok   10 SEA ring:L0:10 [floatplane] clear of the user's Cub's routes  (Infinity m of 8.35)
  ok   10 SEA ring:L0:10 [pusherPod] inside the field
  ok   10 SEA ring:L0:10 [pusherPod] afloat
  ok   10 SEA ring:L0:10 [pusherPod] clear of solid things  (Infinity m of 3.00 (nothing))
  ok   10 SEA ring:L0:10 [pusherPod] clear of stock build's routes  (Infinity m of 8.00)
  ok   10 SEA ring:L0:10 [pusherPod] clear of aluminium C172's routes  (Infinity m of 8.50)
  ok   10 SEA ring:L0:10 [pusherPod] clear of the user's Cub's routes  (Infinity m of 8.35)
  ok   10 SEA ring:L0:10 [motorglider] inside the field
  ok   10 SEA ring:L0:10 [motorglider] afloat
  ok   10 SEA ring:L0:10 [motorglider] clear of solid things  (Infinity m of 3.00 (nothing))
  ok   10 SEA ring:L0:10 [motorglider] clear of stock build's routes  (Infinity m of 8.00)
  ok   10 SEA ring:L0:10 [motorglider] clear of aluminium C172's routes  (Infinity m of 8.50)
  ok   10 SEA ring:L0:10 [motorglider] clear of the user's Cub's routes  (Infinity m of 8.35)
  ok   10 SEA ring:L0:10 [radial] inside the field
  ok   10 SEA ring:L0:10 [radial] afloat
  ok   10 SEA ring:L0:10 [radial] clear of solid things  (Infinity m of 3.00 (nothing))
  ok   10 SEA ring:L0:10 [radial] clear of stock build's routes  (Infinity m of 8.00)
  ok   10 SEA ring:L0:10 [radial] clear of aluminium C172's routes  (Infinity m of 8.50)
  ok   10 SEA ring:L0:10 [radial] clear of the user's Cub's routes  (Infinity m of 8.35)
  ok   10 SEA ring:L0:10 [etrainer] inside the field
  ok   10 SEA ring:L0:10 [etrainer] afloat
  ok   10 SEA ring:L0:10 [etrainer] clear of solid things  (Infinity m of 3.00 (nothing))
  ok   10 SEA ring:L0:10 [etrainer] clear of stock build's routes  (Infinity m of 8.00)
  ok   10 SEA ring:L0:10 [etrainer] clear of aluminium C172's routes  (Infinity m of 8.50)
  ok   10 SEA ring:L0:10 [etrainer] clear of the user's Cub's routes  (Infinity m of 8.35)
  ok   10 SEA ring:L0:10 [ttail] inside the field
  ok   10 SEA ring:L0:10 [ttail] afloat
  ok   10 SEA ring:L0:10 [ttail] clear of solid things  (Infinity m of 3.00 (nothing))
  ok   10 SEA ring:L0:10 [ttail] clear of stock build's routes  (Infinity m of 8.00)
  ok   10 SEA ring:L0:10 [ttail] clear of aluminium C172's routes  (Infinity m of 8.50)
  ok   10 SEA ring:L0:10 [ttail] clear of the user's Cub's routes  (Infinity m of 8.35)
  ok   10 SEA ring:L0:10 [vtail] inside the field
  ok   10 SEA ring:L0:10 [vtail] afloat
  ok   10 SEA ring:L0:10 [vtail] clear of solid things  (Infinity m of 3.00 (nothing))
  ok   10 SEA ring:L0:10 [vtail] clear of stock build's routes  (Infinity m of 8.00)
  ok   10 SEA ring:L0:10 [vtail] clear of aluminium C172's routes  (Infinity m of 8.50)
  ok   10 SEA ring:L0:10 [vtail] clear of the user's Cub's routes  (Infinity m of 8.35)
  ok   10 SEA ring:L0:10 [mw5] inside the field
  ok   10 SEA ring:L0:10 [mw5] afloat
  ok   10 SEA ring:L0:10 [mw5] clear of solid things  (Infinity m of 3.00 (nothing))
  ok   10 SEA ring:L0:10 [mw5] clear of stock build's routes  (Infinity m of 8.00)
  ok   10 SEA ring:L0:10 [mw5] clear of aluminium C172's routes  (Infinity m of 8.50)
  ok   10 SEA ring:L0:10 [mw5] clear of the user's Cub's routes  (Infinity m of 8.35)
  ok   10 SEA ring:L0:10 [archaeopteryx] inside the field
  ok   10 SEA ring:L0:10 [archaeopteryx] afloat
  ok   10 SEA ring:L0:10 [archaeopteryx] clear of solid things  (Infinity m of 3.00 (nothing))
  ok   10 SEA ring:L0:10 [archaeopteryx] clear of stock build's routes  (Infinity m of 8.00)
  ok   10 SEA ring:L0:10 [archaeopteryx] clear of aluminium C172's routes  (Infinity m of 8.50)
  ok   10 SEA ring:L0:10 [archaeopteryx] clear of the user's Cub's routes  (Infinity m of 8.35)
  ok   10 SEA ring:L0:10 [da62] inside the field
  ok   10 SEA ring:L0:10 [da62] afloat
  ok   10 SEA ring:L0:10 [da62] clear of solid things  (Infinity m of 3.00 (nothing))
  ok   10 SEA ring:L0:10 [da62] clear of stock build's routes  (Infinity m of 8.00)
  ok   10 SEA ring:L0:10 [da62] clear of aluminium C172's routes  (Infinity m of 8.50)
  ok   10 SEA ring:L0:10 [da62] clear of the user's Cub's routes  (Infinity m of 8.35)
  ok   10 SEA ring:L0:10 [twinBush] inside the field
  ok   10 SEA ring:L0:10 [twinBush] afloat
  ok   10 SEA ring:L0:10 [twinBush] clear of solid things  (Infinity m of 3.00 (nothing))
  ok   10 SEA ring:L0:10 [twinBush] clear of stock build's routes  (Infinity m of 8.00)
  ok   10 SEA ring:L0:10 [twinBush] clear of aluminium C172's routes  (Infinity m of 8.50)
  ok   10 SEA ring:L0:10 [twinBush] clear of the user's Cub's routes  (Infinity m of 8.35)
  ok   10 SEA ring:L0:10 [skymaster] inside the field
  ok   10 SEA ring:L0:10 [skymaster] afloat
  ok   10 SEA ring:L0:10 [skymaster] clear of solid things  (Infinity m of 3.00 (nothing))
  ok   10 SEA ring:L0:10 [skymaster] clear of stock build's routes  (Infinity m of 8.00)
  ok   10 SEA ring:L0:10 [skymaster] clear of aluminium C172's routes  (Infinity m of 8.50)
  ok   10 SEA ring:L0:10 [skymaster] clear of the user's Cub's routes  (Infinity m of 8.35)
  ok   10 SEA ring:L0:10 [p38] inside the field
  ok   10 SEA ring:L0:10 [p38] afloat
  ok   10 SEA ring:L0:10 [p38] clear of solid things  (Infinity m of 3.00 (nothing))
  ok   10 SEA ring:L0:10 [p38] clear of stock build's routes  (Infinity m of 8.00)
  ok   10 SEA ring:L0:10 [p38] clear of aluminium C172's routes  (Infinity m of 8.50)
  ok   10 SEA ring:L0:10 [p38] clear of the user's Cub's routes  (Infinity m of 8.35)
  ok   10 SEA ring:L0:10 [beaver] inside the field
  ok   10 SEA ring:L0:10 [beaver] afloat
  ok   10 SEA ring:L0:10 [beaver] clear of solid things  (Infinity m of 3.00 (nothing))
  ok   10 SEA ring:L0:10 [beaver] clear of stock build's routes  (Infinity m of 8.00)
  ok   10 SEA ring:L0:10 [beaver] clear of aluminium C172's routes  (Infinity m of 8.50)
  ok   10 SEA ring:L0:10 [beaver] clear of the user's Cub's routes  (Infinity m of 8.35)
  ok   10 SEA ring:L0:10 [default] inside the field
  ok   10 SEA ring:L0:10 [default] afloat
  ok   10 SEA ring:L0:10 [default] clear of solid things  (Infinity m of 3.00 (nothing))
  ok   10 SEA ring:L0:10 [default] clear of stock build's routes  (Infinity m of 8.00)
  ok   10 SEA ring:L0:10 [default] clear of aluminium C172's routes  (Infinity m of 8.50)
  ok   10 SEA ring:L0:10 [default] clear of the user's Cub's routes  (Infinity m of 8.35)
  ok   10 SEA ring:L0:11 [cub] inside the field
  ok   10 SEA ring:L0:11 [cub] afloat
  ok   10 SEA ring:L0:11 [cub] clear of solid things  (Infinity m of 3.00 (nothing))
  ok   10 SEA ring:L0:11 [cub] clear of stock build's routes  (Infinity m of 8.00)
  ok   10 SEA ring:L0:11 [cub] clear of aluminium C172's routes  (Infinity m of 8.50)
  ok   10 SEA ring:L0:11 [cub] clear of the user's Cub's routes  (Infinity m of 8.35)
  ok   10 SEA ring:L0:11 [pietenpol] inside the field
  ok   10 SEA ring:L0:11 [pietenpol] afloat
  ok   10 SEA ring:L0:11 [pietenpol] clear of solid things  (Infinity m of 3.00 (nothing))
  ok   10 SEA ring:L0:11 [pietenpol] clear of stock build's routes  (Infinity m of 8.00)
  ok   10 SEA ring:L0:11 [pietenpol] clear of aluminium C172's routes  (Infinity m of 8.50)
  ok   10 SEA ring:L0:11 [pietenpol] clear of the user's Cub's routes  (Infinity m of 8.35)
  ok   10 SEA ring:L0:11 [tigermoth] inside the field
  ok   10 SEA ring:L0:11 [tigermoth] afloat
  ok   10 SEA ring:L0:11 [tigermoth] clear of solid things  (Infinity m of 3.00 (nothing))
  ok   10 SEA ring:L0:11 [tigermoth] clear of stock build's routes  (Infinity m of 8.00)
  ok   10 SEA ring:L0:11 [tigermoth] clear of aluminium C172's routes  (Infinity m of 8.50)
  ok   10 SEA ring:L0:11 [tigermoth] clear of the user's Cub's routes  (Infinity m of 8.35)
  ok   10 SEA ring:L0:11 [stearman] inside the field
  ok   10 SEA ring:L0:11 [stearman] afloat
  ok   10 SEA ring:L0:11 [stearman] clear of solid things  (Infinity m of 3.00 (nothing))
  ok   10 SEA ring:L0:11 [stearman] clear of stock build's routes  (Infinity m of 8.00)
  ok   10 SEA ring:L0:11 [stearman] clear of aluminium C172's routes  (Infinity m of 8.50)
  ok   10 SEA ring:L0:11 [stearman] clear of the user's Cub's routes  (Infinity m of 8.35)
  ok   10 SEA ring:L0:11 [pittsAlike] inside the field
  ok   10 SEA ring:L0:11 [pittsAlike] afloat
  ok   10 SEA ring:L0:11 [pittsAlike] clear of solid things  (Infinity m of 3.00 (nothing))
  ok   10 SEA ring:L0:11 [pittsAlike] clear of stock build's routes  (Infinity m of 8.00)
  ok   10 SEA ring:L0:11 [pittsAlike] clear of aluminium C172's routes  (Infinity m of 8.50)
  ok   10 SEA ring:L0:11 [pittsAlike] clear of the user's Cub's routes  (Infinity m of 8.35)
  ok   10 SEA ring:L0:11 [sesqui] inside the field
  ok   10 SEA ring:L0:11 [sesqui] afloat
  ok   10 SEA ring:L0:11 [sesqui] clear of solid things  (Infinity m of 3.00 (nothing))
  ok   10 SEA ring:L0:11 [sesqui] clear of stock build's routes  (Infinity m of 8.00)
  ok   10 SEA ring:L0:11 [sesqui] clear of aluminium C172's routes  (Infinity m of 8.50)
  ok   10 SEA ring:L0:11 [sesqui] clear of the user's Cub's routes  (Infinity m of 8.35)
  ok   10 SEA ring:L0:11 [jodel] inside the field
  ok   10 SEA ring:L0:11 [jodel] afloat
  ok   10 SEA ring:L0:11 [jodel] clear of solid things  (Infinity m of 3.00 (nothing))
  ok   10 SEA ring:L0:11 [jodel] clear of stock build's routes  (Infinity m of 8.00)
  ok   10 SEA ring:L0:11 [jodel] clear of aluminium C172's routes  (Infinity m of 8.50)
  ok   10 SEA ring:L0:11 [jodel] clear of the user's Cub's routes  (Infinity m of 8.35)
  ok   10 SEA ring:L0:11 [c172] inside the field
  ok   10 SEA ring:L0:11 [c172] afloat
  ok   10 SEA ring:L0:11 [c172] clear of solid things  (Infinity m of 3.00 (nothing))
  ok   10 SEA ring:L0:11 [c172] clear of stock build's routes  (Infinity m of 8.00)
  ok   10 SEA ring:L0:11 [c172] clear of aluminium C172's routes  (Infinity m of 8.50)
  ok   10 SEA ring:L0:11 [c172] clear of the user's Cub's routes  (Infinity m of 8.35)
  ok   10 SEA ring:L0:11 [chinook] inside the field
  ok   10 SEA ring:L0:11 [chinook] afloat
  ok   10 SEA ring:L0:11 [chinook] clear of solid things  (Infinity m of 3.00 (nothing))
  ok   10 SEA ring:L0:11 [chinook] clear of stock build's routes  (Infinity m of 8.00)
  ok   10 SEA ring:L0:11 [chinook] clear of aluminium C172's routes  (Infinity m of 8.50)
  ok   10 SEA ring:L0:11 [chinook] clear of the user's Cub's routes  (Infinity m of 8.35)
  ok   10 SEA ring:L0:11 [caravan] inside the field
  ok   10 SEA ring:L0:11 [caravan] afloat
  ok   10 SEA ring:L0:11 [caravan] clear of solid things  (Infinity m of 3.00 (nothing))
  ok   10 SEA ring:L0:11 [caravan] clear of stock build's routes  (Infinity m of 8.00)
  ok   10 SEA ring:L0:11 [caravan] clear of aluminium C172's routes  (Infinity m of 8.50)
  ok   10 SEA ring:L0:11 [caravan] clear of the user's Cub's routes  (Infinity m of 8.35)
  ok   10 SEA ring:L0:11 [rv] inside the field
  ok   10 SEA ring:L0:11 [rv] afloat
  ok   10 SEA ring:L0:11 [rv] clear of solid things  (Infinity m of 3.00 (nothing))
  ok   10 SEA ring:L0:11 [rv] clear of stock build's routes  (Infinity m of 8.00)
  ok   10 SEA ring:L0:11 [rv] clear of aluminium C172's routes  (Infinity m of 8.50)
  ok   10 SEA ring:L0:11 [rv] clear of the user's Cub's routes  (Infinity m of 8.35)
  ok   10 SEA ring:L0:11 [savannah] inside the field
  ok   10 SEA ring:L0:11 [savannah] afloat
  ok   10 SEA ring:L0:11 [savannah] clear of solid things  (Infinity m of 3.00 (nothing))
  ok   10 SEA ring:L0:11 [savannah] clear of stock build's routes  (Infinity m of 8.00)
  ok   10 SEA ring:L0:11 [savannah] clear of aluminium C172's routes  (Infinity m of 8.50)
  ok   10 SEA ring:L0:11 [savannah] clear of the user's Cub's routes  (Infinity m of 8.35)
  ok   10 SEA ring:L0:11 [ul1] inside the field
  ok   10 SEA ring:L0:11 [ul1] afloat
  ok   10 SEA ring:L0:11 [ul1] clear of solid things  (Infinity m of 3.00 (nothing))
  ok   10 SEA ring:L0:11 [ul1] clear of stock build's routes  (Infinity m of 8.00)
  ok   10 SEA ring:L0:11 [ul1] clear of aluminium C172's routes  (Infinity m of 8.50)
  ok   10 SEA ring:L0:11 [ul1] clear of the user's Cub's routes  (Infinity m of 8.35)
  ok   10 SEA ring:L0:11 [floatplane] inside the field
  ok   10 SEA ring:L0:11 [floatplane] afloat
  ok   10 SEA ring:L0:11 [floatplane] clear of solid things  (Infinity m of 3.00 (nothing))
  ok   10 SEA ring:L0:11 [floatplane] clear of stock build's routes  (Infinity m of 8.00)
  ok   10 SEA ring:L0:11 [floatplane] clear of aluminium C172's routes  (Infinity m of 8.50)
  ok   10 SEA ring:L0:11 [floatplane] clear of the user's Cub's routes  (Infinity m of 8.35)
  ok   10 SEA ring:L0:11 [pusherPod] inside the field
  ok   10 SEA ring:L0:11 [pusherPod] afloat
  ok   10 SEA ring:L0:11 [pusherPod] clear of solid things  (Infinity m of 3.00 (nothing))
  ok   10 SEA ring:L0:11 [pusherPod] clear of stock build's routes  (Infinity m of 8.00)
  ok   10 SEA ring:L0:11 [pusherPod] clear of aluminium C172's routes  (Infinity m of 8.50)
  ok   10 SEA ring:L0:11 [pusherPod] clear of the user's Cub's routes  (Infinity m of 8.35)
  ok   10 SEA ring:L0:11 [motorglider] inside the field
  ok   10 SEA ring:L0:11 [motorglider] afloat
  ok   10 SEA ring:L0:11 [motorglider] clear of solid things  (Infinity m of 3.00 (nothing))
  ok   10 SEA ring:L0:11 [motorglider] clear of stock build's routes  (Infinity m of 8.00)
  ok   10 SEA ring:L0:11 [motorglider] clear of aluminium C172's routes  (Infinity m of 8.50)
  ok   10 SEA ring:L0:11 [motorglider] clear of the user's Cub's routes  (Infinity m of 8.35)
  ok   10 SEA ring:L0:11 [radial] inside the field
  ok   10 SEA ring:L0:11 [radial] afloat
  ok   10 SEA ring:L0:11 [radial] clear of solid things  (Infinity m of 3.00 (nothing))
  ok   10 SEA ring:L0:11 [radial] clear of stock build's routes  (Infinity m of 8.00)
  ok   10 SEA ring:L0:11 [radial] clear of aluminium C172's routes  (Infinity m of 8.50)
  ok   10 SEA ring:L0:11 [radial] clear of the user's Cub's routes  (Infinity m of 8.35)
  ok   10 SEA ring:L0:11 [etrainer] inside the field
  ok   10 SEA ring:L0:11 [etrainer] afloat
  ok   10 SEA ring:L0:11 [etrainer] clear of solid things  (Infinity m of 3.00 (nothing))
  ok   10 SEA ring:L0:11 [etrainer] clear of stock build's routes  (Infinity m of 8.00)
  ok   10 SEA ring:L0:11 [etrainer] clear of aluminium C172's routes  (Infinity m of 8.50)
  ok   10 SEA ring:L0:11 [etrainer] clear of the user's Cub's routes  (Infinity m of 8.35)
  ok   10 SEA ring:L0:11 [ttail] inside the field
  ok   10 SEA ring:L0:11 [ttail] afloat
  ok   10 SEA ring:L0:11 [ttail] clear of solid things  (Infinity m of 3.00 (nothing))
  ok   10 SEA ring:L0:11 [ttail] clear of stock build's routes  (Infinity m of 8.00)
  ok   10 SEA ring:L0:11 [ttail] clear of aluminium C172's routes  (Infinity m of 8.50)
  ok   10 SEA ring:L0:11 [ttail] clear of the user's Cub's routes  (Infinity m of 8.35)
  ok   10 SEA ring:L0:11 [vtail] inside the field
  ok   10 SEA ring:L0:11 [vtail] afloat
  ok   10 SEA ring:L0:11 [vtail] clear of solid things  (Infinity m of 3.00 (nothing))
  ok   10 SEA ring:L0:11 [vtail] clear of stock build's routes  (Infinity m of 8.00)
  ok   10 SEA ring:L0:11 [vtail] clear of aluminium C172's routes  (Infinity m of 8.50)
  ok   10 SEA ring:L0:11 [vtail] clear of the user's Cub's routes  (Infinity m of 8.35)
  ok   10 SEA ring:L0:11 [mw5] inside the field
  ok   10 SEA ring:L0:11 [mw5] afloat
  ok   10 SEA ring:L0:11 [mw5] clear of solid things  (Infinity m of 3.00 (nothing))
  ok   10 SEA ring:L0:11 [mw5] clear of stock build's routes  (Infinity m of 8.00)
  ok   10 SEA ring:L0:11 [mw5] clear of aluminium C172's routes  (Infinity m of 8.50)
  ok   10 SEA ring:L0:11 [mw5] clear of the user's Cub's routes  (Infinity m of 8.35)
  ok   10 SEA ring:L0:11 [archaeopteryx] inside the field
  ok   10 SEA ring:L0:11 [archaeopteryx] afloat
  ok   10 SEA ring:L0:11 [archaeopteryx] clear of solid things  (Infinity m of 3.00 (nothing))
  ok   10 SEA ring:L0:11 [archaeopteryx] clear of stock build's routes  (Infinity m of 8.00)
  ok   10 SEA ring:L0:11 [archaeopteryx] clear of aluminium C172's routes  (Infinity m of 8.50)
  ok   10 SEA ring:L0:11 [archaeopteryx] clear of the user's Cub's routes  (Infinity m of 8.35)
  ok   10 SEA ring:L0:11 [da62] inside the field
  ok   10 SEA ring:L0:11 [da62] afloat
  ok   10 SEA ring:L0:11 [da62] clear of solid things  (Infinity m of 3.00 (nothing))
  ok   10 SEA ring:L0:11 [da62] clear of stock build's routes  (Infinity m of 8.00)
  ok   10 SEA ring:L0:11 [da62] clear of aluminium C172's routes  (Infinity m of 8.50)
  ok   10 SEA ring:L0:11 [da62] clear of the user's Cub's routes  (Infinity m of 8.35)
  ok   10 SEA ring:L0:11 [twinBush] inside the field
  ok   10 SEA ring:L0:11 [twinBush] afloat
  ok   10 SEA ring:L0:11 [twinBush] clear of solid things  (Infinity m of 3.00 (nothing))
  ok   10 SEA ring:L0:11 [twinBush] clear of stock build's routes  (Infinity m of 8.00)
  ok   10 SEA ring:L0:11 [twinBush] clear of aluminium C172's routes  (Infinity m of 8.50)
  ok   10 SEA ring:L0:11 [twinBush] clear of the user's Cub's routes  (Infinity m of 8.35)
  ok   10 SEA ring:L0:11 [skymaster] inside the field
  ok   10 SEA ring:L0:11 [skymaster] afloat
  ok   10 SEA ring:L0:11 [skymaster] clear of solid things  (Infinity m of 3.00 (nothing))
  ok   10 SEA ring:L0:11 [skymaster] clear of stock build's routes  (Infinity m of 8.00)
  ok   10 SEA ring:L0:11 [skymaster] clear of aluminium C172's routes  (Infinity m of 8.50)
  ok   10 SEA ring:L0:11 [skymaster] clear of the user's Cub's routes  (Infinity m of 8.35)
  ok   10 SEA ring:L0:11 [p38] inside the field
  ok   10 SEA ring:L0:11 [p38] afloat
  ok   10 SEA ring:L0:11 [p38] clear of solid things  (Infinity m of 3.00 (nothing))
  ok   10 SEA ring:L0:11 [p38] clear of stock build's routes  (Infinity m of 8.00)
  ok   10 SEA ring:L0:11 [p38] clear of aluminium C172's routes  (Infinity m of 8.50)
  ok   10 SEA ring:L0:11 [p38] clear of the user's Cub's routes  (Infinity m of 8.35)
  ok   10 SEA ring:L0:11 [beaver] inside the field
  ok   10 SEA ring:L0:11 [beaver] afloat
  ok   10 SEA ring:L0:11 [beaver] clear of solid things  (Infinity m of 3.00 (nothing))
  ok   10 SEA ring:L0:11 [beaver] clear of stock build's routes  (Infinity m of 8.00)
  ok   10 SEA ring:L0:11 [beaver] clear of aluminium C172's routes  (Infinity m of 8.50)
  ok   10 SEA ring:L0:11 [beaver] clear of the user's Cub's routes  (Infinity m of 8.35)
  ok   10 SEA ring:L0:11 [default] inside the field
  ok   10 SEA ring:L0:11 [default] afloat
  ok   10 SEA ring:L0:11 [default] clear of solid things  (Infinity m of 3.00 (nothing))
  ok   10 SEA ring:L0:11 [default] clear of stock build's routes  (Infinity m of 8.00)
  ok   10 SEA ring:L0:11 [default] clear of aluminium C172's routes  (Infinity m of 8.50)
  ok   10 SEA ring:L0:11 [default] clear of the user's Cub's routes  (Infinity m of 8.35)
  ok   10 SEA ring:L0:12 [cub] inside the field
  ok   10 SEA ring:L0:12 [cub] afloat
  ok   10 SEA ring:L0:12 [cub] clear of solid things  (Infinity m of 3.00 (nothing))
  ok   10 SEA ring:L0:12 [cub] clear of stock build's routes  (Infinity m of 8.00)
  ok   10 SEA ring:L0:12 [cub] clear of aluminium C172's routes  (Infinity m of 8.50)
  ok   10 SEA ring:L0:12 [cub] clear of the user's Cub's routes  (Infinity m of 8.35)
  ok   10 SEA ring:L0:12 [pietenpol] inside the field
  ok   10 SEA ring:L0:12 [pietenpol] afloat
  ok   10 SEA ring:L0:12 [pietenpol] clear of solid things  (Infinity m of 3.00 (nothing))
  ok   10 SEA ring:L0:12 [pietenpol] clear of stock build's routes  (Infinity m of 8.00)
  ok   10 SEA ring:L0:12 [pietenpol] clear of aluminium C172's routes  (Infinity m of 8.50)
  ok   10 SEA ring:L0:12 [pietenpol] clear of the user's Cub's routes  (Infinity m of 8.35)
  ok   10 SEA ring:L0:12 [tigermoth] inside the field
  ok   10 SEA ring:L0:12 [tigermoth] afloat
  ok   10 SEA ring:L0:12 [tigermoth] clear of solid things  (Infinity m of 3.00 (nothing))
  ok   10 SEA ring:L0:12 [tigermoth] clear of stock build's routes  (Infinity m of 8.00)
  ok   10 SEA ring:L0:12 [tigermoth] clear of aluminium C172's routes  (Infinity m of 8.50)
  ok   10 SEA ring:L0:12 [tigermoth] clear of the user's Cub's routes  (Infinity m of 8.35)
  ok   10 SEA ring:L0:12 [stearman] inside the field
  ok   10 SEA ring:L0:12 [stearman] afloat
  ok   10 SEA ring:L0:12 [stearman] clear of solid things  (Infinity m of 3.00 (nothing))
  ok   10 SEA ring:L0:12 [stearman] clear of stock build's routes  (Infinity m of 8.00)
  ok   10 SEA ring:L0:12 [stearman] clear of aluminium C172's routes  (Infinity m of 8.50)
  ok   10 SEA ring:L0:12 [stearman] clear of the user's Cub's routes  (Infinity m of 8.35)
  ok   10 SEA ring:L0:12 [pittsAlike] inside the field
  ok   10 SEA ring:L0:12 [pittsAlike] afloat
  ok   10 SEA ring:L0:12 [pittsAlike] clear of solid things  (Infinity m of 3.00 (nothing))
  ok   10 SEA ring:L0:12 [pittsAlike] clear of stock build's routes  (Infinity m of 8.00)
  ok   10 SEA ring:L0:12 [pittsAlike] clear of aluminium C172's routes  (Infinity m of 8.50)
  ok   10 SEA ring:L0:12 [pittsAlike] clear of the user's Cub's routes  (Infinity m of 8.35)
  ok   10 SEA ring:L0:12 [sesqui] inside the field
  ok   10 SEA ring:L0:12 [sesqui] afloat
  ok   10 SEA ring:L0:12 [sesqui] clear of solid things  (Infinity m of 3.00 (nothing))
  ok   10 SEA ring:L0:12 [sesqui] clear of stock build's routes  (Infinity m of 8.00)
  ok   10 SEA ring:L0:12 [sesqui] clear of aluminium C172's routes  (Infinity m of 8.50)
  ok   10 SEA ring:L0:12 [sesqui] clear of the user's Cub's routes  (Infinity m of 8.35)
  ok   10 SEA ring:L0:12 [jodel] inside the field
  ok   10 SEA ring:L0:12 [jodel] afloat
  ok   10 SEA ring:L0:12 [jodel] clear of solid things  (Infinity m of 3.00 (nothing))
  ok   10 SEA ring:L0:12 [jodel] clear of stock build's routes  (Infinity m of 8.00)
  ok   10 SEA ring:L0:12 [jodel] clear of aluminium C172's routes  (Infinity m of 8.50)
  ok   10 SEA ring:L0:12 [jodel] clear of the user's Cub's routes  (Infinity m of 8.35)
  ok   10 SEA ring:L0:12 [c172] inside the field
  ok   10 SEA ring:L0:12 [c172] afloat
  ok   10 SEA ring:L0:12 [c172] clear of solid things  (Infinity m of 3.00 (nothing))
  ok   10 SEA ring:L0:12 [c172] clear of stock build's routes  (Infinity m of 8.00)
  ok   10 SEA ring:L0:12 [c172] clear of aluminium C172's routes  (Infinity m of 8.50)
  ok   10 SEA ring:L0:12 [c172] clear of the user's Cub's routes  (Infinity m of 8.35)
  ok   10 SEA ring:L0:12 [chinook] inside the field
  ok   10 SEA ring:L0:12 [chinook] afloat
  ok   10 SEA ring:L0:12 [chinook] clear of solid things  (Infinity m of 3.00 (nothing))
  ok   10 SEA ring:L0:12 [chinook] clear of stock build's routes  (Infinity m of 8.00)
  ok   10 SEA ring:L0:12 [chinook] clear of aluminium C172's routes  (Infinity m of 8.50)
  ok   10 SEA ring:L0:12 [chinook] clear of the user's Cub's routes  (Infinity m of 8.35)
  ok   10 SEA ring:L0:12 [caravan] inside the field
  ok   10 SEA ring:L0:12 [caravan] afloat
  ok   10 SEA ring:L0:12 [caravan] clear of solid things  (Infinity m of 3.00 (nothing))
  ok   10 SEA ring:L0:12 [caravan] clear of stock build's routes  (Infinity m of 8.00)
  ok   10 SEA ring:L0:12 [caravan] clear of aluminium C172's routes  (Infinity m of 8.50)
  ok   10 SEA ring:L0:12 [caravan] clear of the user's Cub's routes  (Infinity m of 8.35)
  ok   10 SEA ring:L0:12 [rv] inside the field
  ok   10 SEA ring:L0:12 [rv] afloat
  ok   10 SEA ring:L0:12 [rv] clear of solid things  (Infinity m of 3.00 (nothing))
  ok   10 SEA ring:L0:12 [rv] clear of stock build's routes  (Infinity m of 8.00)
  ok   10 SEA ring:L0:12 [rv] clear of aluminium C172's routes  (Infinity m of 8.50)
  ok   10 SEA ring:L0:12 [rv] clear of the user's Cub's routes  (Infinity m of 8.35)
  ok   10 SEA ring:L0:12 [savannah] inside the field
  ok   10 SEA ring:L0:12 [savannah] afloat
  ok   10 SEA ring:L0:12 [savannah] clear of solid things  (Infinity m of 3.00 (nothing))
  ok   10 SEA ring:L0:12 [savannah] clear of stock build's routes  (Infinity m of 8.00)
  ok   10 SEA ring:L0:12 [savannah] clear of aluminium C172's routes  (Infinity m of 8.50)
  ok   10 SEA ring:L0:12 [savannah] clear of the user's Cub's routes  (Infinity m of 8.35)
  ok   10 SEA ring:L0:12 [ul1] inside the field
  ok   10 SEA ring:L0:12 [ul1] afloat
  ok   10 SEA ring:L0:12 [ul1] clear of solid things  (Infinity m of 3.00 (nothing))
  ok   10 SEA ring:L0:12 [ul1] clear of stock build's routes  (Infinity m of 8.00)
  ok   10 SEA ring:L0:12 [ul1] clear of aluminium C172's routes  (Infinity m of 8.50)
  ok   10 SEA ring:L0:12 [ul1] clear of the user's Cub's routes  (Infinity m of 8.35)
  ok   10 SEA ring:L0:12 [floatplane] inside the field
  ok   10 SEA ring:L0:12 [floatplane] afloat
  ok   10 SEA ring:L0:12 [floatplane] clear of solid things  (Infinity m of 3.00 (nothing))
  ok   10 SEA ring:L0:12 [floatplane] clear of stock build's routes  (Infinity m of 8.00)
  ok   10 SEA ring:L0:12 [floatplane] clear of aluminium C172's routes  (Infinity m of 8.50)
  ok   10 SEA ring:L0:12 [floatplane] clear of the user's Cub's routes  (Infinity m of 8.35)
  ok   10 SEA ring:L0:12 [pusherPod] inside the field
  ok   10 SEA ring:L0:12 [pusherPod] afloat
  ok   10 SEA ring:L0:12 [pusherPod] clear of solid things  (Infinity m of 3.00 (nothing))
  ok   10 SEA ring:L0:12 [pusherPod] clear of stock build's routes  (Infinity m of 8.00)
  ok   10 SEA ring:L0:12 [pusherPod] clear of aluminium C172's routes  (Infinity m of 8.50)
  ok   10 SEA ring:L0:12 [pusherPod] clear of the user's Cub's routes  (Infinity m of 8.35)
  ok   10 SEA ring:L0:12 [motorglider] inside the field
  ok   10 SEA ring:L0:12 [motorglider] afloat
  ok   10 SEA ring:L0:12 [motorglider] clear of solid things  (Infinity m of 3.00 (nothing))
  ok   10 SEA ring:L0:12 [motorglider] clear of stock build's routes  (Infinity m of 8.00)
  ok   10 SEA ring:L0:12 [motorglider] clear of aluminium C172's routes  (Infinity m of 8.50)
  ok   10 SEA ring:L0:12 [motorglider] clear of the user's Cub's routes  (Infinity m of 8.35)
  ok   10 SEA ring:L0:12 [radial] inside the field
  ok   10 SEA ring:L0:12 [radial] afloat
  ok   10 SEA ring:L0:12 [radial] clear of solid things  (Infinity m of 3.00 (nothing))
  ok   10 SEA ring:L0:12 [radial] clear of stock build's routes  (Infinity m of 8.00)
  ok   10 SEA ring:L0:12 [radial] clear of aluminium C172's routes  (Infinity m of 8.50)
  ok   10 SEA ring:L0:12 [radial] clear of the user's Cub's routes  (Infinity m of 8.35)
  ok   10 SEA ring:L0:12 [etrainer] inside the field
  ok   10 SEA ring:L0:12 [etrainer] afloat
  ok   10 SEA ring:L0:12 [etrainer] clear of solid things  (Infinity m of 3.00 (nothing))
  ok   10 SEA ring:L0:12 [etrainer] clear of stock build's routes  (Infinity m of 8.00)
  ok   10 SEA ring:L0:12 [etrainer] clear of aluminium C172's routes  (Infinity m of 8.50)
  ok   10 SEA ring:L0:12 [etrainer] clear of the user's Cub's routes  (Infinity m of 8.35)
  ok   10 SEA ring:L0:12 [ttail] inside the field
  ok   10 SEA ring:L0:12 [ttail] afloat
  ok   10 SEA ring:L0:12 [ttail] clear of solid things  (Infinity m of 3.00 (nothing))
  ok   10 SEA ring:L0:12 [ttail] clear of stock build's routes  (Infinity m of 8.00)
  ok   10 SEA ring:L0:12 [ttail] clear of aluminium C172's routes  (Infinity m of 8.50)
  ok   10 SEA ring:L0:12 [ttail] clear of the user's Cub's routes  (Infinity m of 8.35)
  ok   10 SEA ring:L0:12 [vtail] inside the field
  ok   10 SEA ring:L0:12 [vtail] afloat
  ok   10 SEA ring:L0:12 [vtail] clear of solid things  (Infinity m of 3.00 (nothing))
  ok   10 SEA ring:L0:12 [vtail] clear of stock build's routes  (Infinity m of 8.00)
  ok   10 SEA ring:L0:12 [vtail] clear of aluminium C172's routes  (Infinity m of 8.50)
  ok   10 SEA ring:L0:12 [vtail] clear of the user's Cub's routes  (Infinity m of 8.35)
  ok   10 SEA ring:L0:12 [mw5] inside the field
  ok   10 SEA ring:L0:12 [mw5] afloat
  ok   10 SEA ring:L0:12 [mw5] clear of solid things  (Infinity m of 3.00 (nothing))
  ok   10 SEA ring:L0:12 [mw5] clear of stock build's routes  (Infinity m of 8.00)
  ok   10 SEA ring:L0:12 [mw5] clear of aluminium C172's routes  (Infinity m of 8.50)
  ok   10 SEA ring:L0:12 [mw5] clear of the user's Cub's routes  (Infinity m of 8.35)
  ok   10 SEA ring:L0:12 [archaeopteryx] inside the field
  ok   10 SEA ring:L0:12 [archaeopteryx] afloat
  ok   10 SEA ring:L0:12 [archaeopteryx] clear of solid things  (Infinity m of 3.00 (nothing))
  ok   10 SEA ring:L0:12 [archaeopteryx] clear of stock build's routes  (Infinity m of 8.00)
  ok   10 SEA ring:L0:12 [archaeopteryx] clear of aluminium C172's routes  (Infinity m of 8.50)
  ok   10 SEA ring:L0:12 [archaeopteryx] clear of the user's Cub's routes  (Infinity m of 8.35)
  ok   10 SEA ring:L0:12 [da62] inside the field
  ok   10 SEA ring:L0:12 [da62] afloat
  ok   10 SEA ring:L0:12 [da62] clear of solid things  (Infinity m of 3.00 (nothing))
  ok   10 SEA ring:L0:12 [da62] clear of stock build's routes  (Infinity m of 8.00)
  ok   10 SEA ring:L0:12 [da62] clear of aluminium C172's routes  (Infinity m of 8.50)
  ok   10 SEA ring:L0:12 [da62] clear of the user's Cub's routes  (Infinity m of 8.35)
  ok   10 SEA ring:L0:12 [twinBush] inside the field
  ok   10 SEA ring:L0:12 [twinBush] afloat
  ok   10 SEA ring:L0:12 [twinBush] clear of solid things  (Infinity m of 3.00 (nothing))
  ok   10 SEA ring:L0:12 [twinBush] clear of stock build's routes  (Infinity m of 8.00)
  ok   10 SEA ring:L0:12 [twinBush] clear of aluminium C172's routes  (Infinity m of 8.50)
  ok   10 SEA ring:L0:12 [twinBush] clear of the user's Cub's routes  (Infinity m of 8.35)
  ok   10 SEA ring:L0:12 [skymaster] inside the field
  ok   10 SEA ring:L0:12 [skymaster] afloat
  ok   10 SEA ring:L0:12 [skymaster] clear of solid things  (Infinity m of 3.00 (nothing))
  ok   10 SEA ring:L0:12 [skymaster] clear of stock build's routes  (Infinity m of 8.00)
  ok   10 SEA ring:L0:12 [skymaster] clear of aluminium C172's routes  (Infinity m of 8.50)
  ok   10 SEA ring:L0:12 [skymaster] clear of the user's Cub's routes  (Infinity m of 8.35)
  ok   10 SEA ring:L0:12 [p38] inside the field
  ok   10 SEA ring:L0:12 [p38] afloat
  ok   10 SEA ring:L0:12 [p38] clear of solid things  (Infinity m of 3.00 (nothing))
  ok   10 SEA ring:L0:12 [p38] clear of stock build's routes  (Infinity m of 8.00)
  ok   10 SEA ring:L0:12 [p38] clear of aluminium C172's routes  (Infinity m of 8.50)
  ok   10 SEA ring:L0:12 [p38] clear of the user's Cub's routes  (Infinity m of 8.35)
  ok   10 SEA ring:L0:12 [beaver] inside the field
  ok   10 SEA ring:L0:12 [beaver] afloat
  ok   10 SEA ring:L0:12 [beaver] clear of solid things  (Infinity m of 3.00 (nothing))
  ok   10 SEA ring:L0:12 [beaver] clear of stock build's routes  (Infinity m of 8.00)
  ok   10 SEA ring:L0:12 [beaver] clear of aluminium C172's routes  (Infinity m of 8.50)
  ok   10 SEA ring:L0:12 [beaver] clear of the user's Cub's routes  (Infinity m of 8.35)
  ok   10 SEA ring:L0:12 [default] inside the field
  ok   10 SEA ring:L0:12 [default] afloat
  ok   10 SEA ring:L0:12 [default] clear of solid things  (Infinity m of 3.00 (nothing))
  ok   10 SEA ring:L0:12 [default] clear of stock build's routes  (Infinity m of 8.00)
  ok   10 SEA ring:L0:12 [default] clear of aluminium C172's routes  (Infinity m of 8.50)
  ok   10 SEA ring:L0:12 [default] clear of the user's Cub's routes  (Infinity m of 8.35)
  ok   10 SEA ring:L0:0 / ring:L0:1 [capacity] not overlapping  (1.50 m of 1.50)
  ok   10 SEA ring:L0:0 / ring:L0:2 [capacity] not overlapping  (19.00 m of 1.50)
  ok   10 SEA ring:L0:0 / ring:L0:3 [capacity] not overlapping  (36.50 m of 1.50)
  ok   10 SEA ring:L0:0 / ring:L0:4 [capacity] not overlapping  (54.00 m of 1.50)
  ok   10 SEA ring:L0:0 / ring:L0:5 [capacity] not overlapping  (71.50 m of 1.50)
  ok   10 SEA ring:L0:0 / ring:L0:6 [capacity] not overlapping  (89.00 m of 1.50)
  ok   10 SEA ring:L0:0 / ring:L0:7 [capacity] not overlapping  (106.50 m of 1.50)
  ok   10 SEA ring:L0:0 / ring:L0:9 [capacity] not overlapping  (141.50 m of 1.50)
  ok   10 SEA ring:L0:0 / ring:L0:10 [capacity] not overlapping  (159.00 m of 1.50)
  ok   10 SEA ring:L0:0 / ring:L0:11 [capacity] not overlapping  (176.50 m of 1.50)
  ok   10 SEA ring:L0:0 / ring:L0:12 [capacity] not overlapping  (194.00 m of 1.50)
  ok   10 SEA ring:L0:1 / ring:L0:2 [capacity] not overlapping  (1.50 m of 1.50)
  ok   10 SEA ring:L0:1 / ring:L0:3 [capacity] not overlapping  (19.00 m of 1.50)
  ok   10 SEA ring:L0:1 / ring:L0:4 [capacity] not overlapping  (36.50 m of 1.50)
  ok   10 SEA ring:L0:1 / ring:L0:5 [capacity] not overlapping  (54.00 m of 1.50)
  ok   10 SEA ring:L0:1 / ring:L0:6 [capacity] not overlapping  (71.50 m of 1.50)
  ok   10 SEA ring:L0:1 / ring:L0:7 [capacity] not overlapping  (89.00 m of 1.50)
  ok   10 SEA ring:L0:1 / ring:L0:9 [capacity] not overlapping  (124.00 m of 1.50)
  ok   10 SEA ring:L0:1 / ring:L0:10 [capacity] not overlapping  (141.50 m of 1.50)
  ok   10 SEA ring:L0:1 / ring:L0:11 [capacity] not overlapping  (159.00 m of 1.50)
  ok   10 SEA ring:L0:1 / ring:L0:12 [capacity] not overlapping  (176.50 m of 1.50)
  ok   10 SEA ring:L0:2 / ring:L0:3 [capacity] not overlapping  (1.50 m of 1.50)
  ok   10 SEA ring:L0:2 / ring:L0:4 [capacity] not overlapping  (19.00 m of 1.50)
  ok   10 SEA ring:L0:2 / ring:L0:5 [capacity] not overlapping  (36.50 m of 1.50)
  ok   10 SEA ring:L0:2 / ring:L0:6 [capacity] not overlapping  (54.00 m of 1.50)
  ok   10 SEA ring:L0:2 / ring:L0:7 [capacity] not overlapping  (71.50 m of 1.50)
  ok   10 SEA ring:L0:2 / ring:L0:9 [capacity] not overlapping  (106.50 m of 1.50)
  ok   10 SEA ring:L0:2 / ring:L0:10 [capacity] not overlapping  (124.00 m of 1.50)
  ok   10 SEA ring:L0:2 / ring:L0:11 [capacity] not overlapping  (141.50 m of 1.50)
  ok   10 SEA ring:L0:2 / ring:L0:12 [capacity] not overlapping  (159.00 m of 1.50)
  ok   10 SEA ring:L0:3 / ring:L0:4 [capacity] not overlapping  (1.50 m of 1.50)
  ok   10 SEA ring:L0:3 / ring:L0:5 [capacity] not overlapping  (19.00 m of 1.50)
  ok   10 SEA ring:L0:3 / ring:L0:6 [capacity] not overlapping  (36.50 m of 1.50)
  ok   10 SEA ring:L0:3 / ring:L0:7 [capacity] not overlapping  (54.00 m of 1.50)
  ok   10 SEA ring:L0:3 / ring:L0:9 [capacity] not overlapping  (89.00 m of 1.50)
  ok   10 SEA ring:L0:3 / ring:L0:10 [capacity] not overlapping  (106.50 m of 1.50)
  ok   10 SEA ring:L0:3 / ring:L0:11 [capacity] not overlapping  (124.00 m of 1.50)
  ok   10 SEA ring:L0:3 / ring:L0:12 [capacity] not overlapping  (141.50 m of 1.50)
  ok   10 SEA ring:L0:4 / ring:L0:5 [capacity] not overlapping  (1.50 m of 1.50)
  ok   10 SEA ring:L0:4 / ring:L0:6 [capacity] not overlapping  (19.00 m of 1.50)
  ok   10 SEA ring:L0:4 / ring:L0:7 [capacity] not overlapping  (36.50 m of 1.50)
  ok   10 SEA ring:L0:4 / ring:L0:9 [capacity] not overlapping  (71.50 m of 1.50)
  ok   10 SEA ring:L0:4 / ring:L0:10 [capacity] not overlapping  (89.00 m of 1.50)
  ok   10 SEA ring:L0:4 / ring:L0:11 [capacity] not overlapping  (106.50 m of 1.50)
  ok   10 SEA ring:L0:4 / ring:L0:12 [capacity] not overlapping  (124.00 m of 1.50)
  ok   10 SEA ring:L0:5 / ring:L0:6 [capacity] not overlapping  (1.50 m of 1.50)
  ok   10 SEA ring:L0:5 / ring:L0:7 [capacity] not overlapping  (19.00 m of 1.50)
  ok   10 SEA ring:L0:5 / ring:L0:9 [capacity] not overlapping  (54.00 m of 1.50)
  ok   10 SEA ring:L0:5 / ring:L0:10 [capacity] not overlapping  (71.50 m of 1.50)
  ok   10 SEA ring:L0:5 / ring:L0:11 [capacity] not overlapping  (89.00 m of 1.50)
  ok   10 SEA ring:L0:5 / ring:L0:12 [capacity] not overlapping  (106.50 m of 1.50)
  ok   10 SEA ring:L0:6 / ring:L0:7 [capacity] not overlapping  (1.50 m of 1.50)
  ok   10 SEA ring:L0:6 / ring:L0:9 [capacity] not overlapping  (36.50 m of 1.50)
  ok   10 SEA ring:L0:6 / ring:L0:10 [capacity] not overlapping  (54.00 m of 1.50)
  ok   10 SEA ring:L0:6 / ring:L0:11 [capacity] not overlapping  (71.50 m of 1.50)
  ok   10 SEA ring:L0:6 / ring:L0:12 [capacity] not overlapping  (89.00 m of 1.50)
  ok   10 SEA ring:L0:7 / ring:L0:9 [capacity] not overlapping  (19.00 m of 1.50)
  ok   10 SEA ring:L0:7 / ring:L0:10 [capacity] not overlapping  (36.50 m of 1.50)
  ok   10 SEA ring:L0:7 / ring:L0:11 [capacity] not overlapping  (54.00 m of 1.50)
  ok   10 SEA ring:L0:7 / ring:L0:12 [capacity] not overlapping  (71.50 m of 1.50)
  ok   10 SEA ring:L0:9 / ring:L0:10 [capacity] not overlapping  (1.50 m of 1.50)
  ok   10 SEA ring:L0:9 / ring:L0:11 [capacity] not overlapping  (19.00 m of 1.50)
  ok   10 SEA ring:L0:9 / ring:L0:12 [capacity] not overlapping  (36.50 m of 1.50)
  ok   10 SEA ring:L0:10 / ring:L0:11 [capacity] not overlapping  (1.50 m of 1.50)
  ok   10 SEA ring:L0:10 / ring:L0:12 [capacity] not overlapping  (19.00 m of 1.50)
  ok   10 SEA ring:L0:11 / ring:L0:12 [capacity] not overlapping  (1.50 m of 1.50)
  ok   10 mk_sea ring:L0:0 [cub] inside the field
  ok   10 mk_sea ring:L0:0 [cub] afloat
  ok   10 mk_sea ring:L0:0 [cub] clear of solid things  (Infinity m of 3.00 (nothing))
  ok   10 mk_sea ring:L0:0 [cub] clear of stock build's routes  (29.83 m of 8.00)
  ok   10 mk_sea ring:L0:0 [cub] clear of aluminium C172's routes  (29.83 m of 8.50)
  ok   10 mk_sea ring:L0:0 [cub] clear of the user's Cub's routes  (29.83 m of 8.35)
  ok   10 mk_sea ring:L0:0 [pietenpol] inside the field
  ok   10 mk_sea ring:L0:0 [pietenpol] afloat
  ok   10 mk_sea ring:L0:0 [pietenpol] clear of solid things  (Infinity m of 3.00 (nothing))
  ok   10 mk_sea ring:L0:0 [pietenpol] clear of stock build's routes  (30.42 m of 8.00)
  ok   10 mk_sea ring:L0:0 [pietenpol] clear of aluminium C172's routes  (30.42 m of 8.50)
  ok   10 mk_sea ring:L0:0 [pietenpol] clear of the user's Cub's routes  (30.42 m of 8.35)
  ok   10 mk_sea ring:L0:0 [tigermoth] inside the field
  ok   10 mk_sea ring:L0:0 [tigermoth] afloat
  ok   10 mk_sea ring:L0:0 [tigermoth] clear of solid things  (Infinity m of 3.00 (nothing))
  ok   10 mk_sea ring:L0:0 [tigermoth] clear of stock build's routes  (30.40 m of 8.00)
  ok   10 mk_sea ring:L0:0 [tigermoth] clear of aluminium C172's routes  (30.40 m of 8.50)
  ok   10 mk_sea ring:L0:0 [tigermoth] clear of the user's Cub's routes  (30.40 m of 8.35)
  ok   10 mk_sea ring:L0:0 [stearman] inside the field
  ok   10 mk_sea ring:L0:0 [stearman] afloat
  ok   10 mk_sea ring:L0:0 [stearman] clear of solid things  (Infinity m of 3.00 (nothing))
  ok   10 mk_sea ring:L0:0 [stearman] clear of stock build's routes  (30.22 m of 8.00)
  ok   10 mk_sea ring:L0:0 [stearman] clear of aluminium C172's routes  (30.22 m of 8.50)
  ok   10 mk_sea ring:L0:0 [stearman] clear of the user's Cub's routes  (30.22 m of 8.35)
  ok   10 mk_sea ring:L0:0 [pittsAlike] inside the field
  ok   10 mk_sea ring:L0:0 [pittsAlike] afloat
  ok   10 mk_sea ring:L0:0 [pittsAlike] clear of solid things  (Infinity m of 3.00 (nothing))
  ok   10 mk_sea ring:L0:0 [pittsAlike] clear of stock build's routes  (30.68 m of 8.00)
  ok   10 mk_sea ring:L0:0 [pittsAlike] clear of aluminium C172's routes  (30.68 m of 8.50)
  ok   10 mk_sea ring:L0:0 [pittsAlike] clear of the user's Cub's routes  (30.68 m of 8.35)
  ok   10 mk_sea ring:L0:0 [sesqui] inside the field
  ok   10 mk_sea ring:L0:0 [sesqui] afloat
  ok   10 mk_sea ring:L0:0 [sesqui] clear of solid things  (Infinity m of 3.00 (nothing))
  ok   10 mk_sea ring:L0:0 [sesqui] clear of stock build's routes  (30.30 m of 8.00)
  ok   10 mk_sea ring:L0:0 [sesqui] clear of aluminium C172's routes  (30.30 m of 8.50)
  ok   10 mk_sea ring:L0:0 [sesqui] clear of the user's Cub's routes  (30.30 m of 8.35)
  ok   10 mk_sea ring:L0:0 [jodel] inside the field
  ok   10 mk_sea ring:L0:0 [jodel] afloat
  ok   10 mk_sea ring:L0:0 [jodel] clear of solid things  (Infinity m of 3.00 (nothing))
  ok   10 mk_sea ring:L0:0 [jodel] clear of stock build's routes  (29.98 m of 8.00)
  ok   10 mk_sea ring:L0:0 [jodel] clear of aluminium C172's routes  (29.98 m of 8.50)
  ok   10 mk_sea ring:L0:0 [jodel] clear of the user's Cub's routes  (29.98 m of 8.35)
  ok   10 mk_sea ring:L0:0 [c172] inside the field
  ok   10 mk_sea ring:L0:0 [c172] afloat
  ok   10 mk_sea ring:L0:0 [c172] clear of solid things  (Infinity m of 3.00 (nothing))
  ok   10 mk_sea ring:L0:0 [c172] clear of stock build's routes  (29.61 m of 8.00)
  ok   10 mk_sea ring:L0:0 [c172] clear of aluminium C172's routes  (29.61 m of 8.50)
  ok   10 mk_sea ring:L0:0 [c172] clear of the user's Cub's routes  (29.61 m of 8.35)
  ok   10 mk_sea ring:L0:0 [chinook] inside the field
  ok   10 mk_sea ring:L0:0 [chinook] afloat
  ok   10 mk_sea ring:L0:0 [chinook] clear of solid things  (Infinity m of 3.00 (nothing))
  ok   10 mk_sea ring:L0:0 [chinook] clear of stock build's routes  (30.81 m of 8.00)
  ok   10 mk_sea ring:L0:0 [chinook] clear of aluminium C172's routes  (30.81 m of 8.50)
  ok   10 mk_sea ring:L0:0 [chinook] clear of the user's Cub's routes  (30.81 m of 8.35)
  ok   10 mk_sea ring:L0:0 [caravan] inside the field
  ok   10 mk_sea ring:L0:0 [caravan] afloat
  ok   10 mk_sea ring:L0:0 [caravan] clear of solid things  (Infinity m of 3.00 (nothing))
  ok   10 mk_sea ring:L0:0 [caravan] clear of stock build's routes  (28.78 m of 8.00)
  ok   10 mk_sea ring:L0:0 [caravan] clear of aluminium C172's routes  (28.78 m of 8.50)
  ok   10 mk_sea ring:L0:0 [caravan] clear of the user's Cub's routes  (28.78 m of 8.35)
  ok   10 mk_sea ring:L0:0 [rv] inside the field
  ok   10 mk_sea ring:L0:0 [rv] afloat
  ok   10 mk_sea ring:L0:0 [rv] clear of solid things  (Infinity m of 3.00 (nothing))
  ok   10 mk_sea ring:L0:0 [rv] clear of stock build's routes  (30.32 m of 8.00)
  ok   10 mk_sea ring:L0:0 [rv] clear of aluminium C172's routes  (30.32 m of 8.50)
  ok   10 mk_sea ring:L0:0 [rv] clear of the user's Cub's routes  (30.32 m of 8.35)
  ok   10 mk_sea ring:L0:0 [savannah] inside the field
  ok   10 mk_sea ring:L0:0 [savannah] afloat
  ok   10 mk_sea ring:L0:0 [savannah] clear of solid things  (Infinity m of 3.00 (nothing))
  ok   10 mk_sea ring:L0:0 [savannah] clear of stock build's routes  (30.38 m of 8.00)
  ok   10 mk_sea ring:L0:0 [savannah] clear of aluminium C172's routes  (30.38 m of 8.50)
  ok   10 mk_sea ring:L0:0 [savannah] clear of the user's Cub's routes  (30.38 m of 8.35)
  ok   10 mk_sea ring:L0:0 [ul1] inside the field
  ok   10 mk_sea ring:L0:0 [ul1] afloat
  ok   10 mk_sea ring:L0:0 [ul1] clear of solid things  (Infinity m of 3.00 (nothing))
  ok   10 mk_sea ring:L0:0 [ul1] clear of stock build's routes  (30.36 m of 8.00)
  ok   10 mk_sea ring:L0:0 [ul1] clear of aluminium C172's routes  (30.36 m of 8.50)
  ok   10 mk_sea ring:L0:0 [ul1] clear of the user's Cub's routes  (30.36 m of 8.35)
  ok   10 mk_sea ring:L0:0 [floatplane] inside the field
  ok   10 mk_sea ring:L0:0 [floatplane] afloat
  ok   10 mk_sea ring:L0:0 [floatplane] clear of solid things  (Infinity m of 3.00 (nothing))
  ok   10 mk_sea ring:L0:0 [floatplane] clear of stock build's routes  (29.84 m of 8.00)
  ok   10 mk_sea ring:L0:0 [floatplane] clear of aluminium C172's routes  (29.84 m of 8.50)
  ok   10 mk_sea ring:L0:0 [floatplane] clear of the user's Cub's routes  (29.84 m of 8.35)
  ok   10 mk_sea ring:L0:0 [pusherPod] inside the field
  ok   10 mk_sea ring:L0:0 [pusherPod] afloat
  ok   10 mk_sea ring:L0:0 [pusherPod] clear of solid things  (Infinity m of 3.00 (nothing))
  ok   10 mk_sea ring:L0:0 [pusherPod] clear of stock build's routes  (30.67 m of 8.00)
  ok   10 mk_sea ring:L0:0 [pusherPod] clear of aluminium C172's routes  (30.67 m of 8.50)
  ok   10 mk_sea ring:L0:0 [pusherPod] clear of the user's Cub's routes  (30.67 m of 8.35)
  ok   10 mk_sea ring:L0:0 [motorglider] inside the field
  ok   10 mk_sea ring:L0:0 [motorglider] afloat
  ok   10 mk_sea ring:L0:0 [motorglider] clear of solid things  (Infinity m of 3.00 (nothing))
  ok   10 mk_sea ring:L0:0 [motorglider] clear of stock build's routes  (30.04 m of 8.00)
  ok   10 mk_sea ring:L0:0 [motorglider] clear of aluminium C172's routes  (30.04 m of 8.50)
  ok   10 mk_sea ring:L0:0 [motorglider] clear of the user's Cub's routes  (30.04 m of 8.35)
  ok   10 mk_sea ring:L0:0 [radial] inside the field
  ok   10 mk_sea ring:L0:0 [radial] afloat
  ok   10 mk_sea ring:L0:0 [radial] clear of solid things  (Infinity m of 3.00 (nothing))
  ok   10 mk_sea ring:L0:0 [radial] clear of stock build's routes  (30.20 m of 8.00)
  ok   10 mk_sea ring:L0:0 [radial] clear of aluminium C172's routes  (30.20 m of 8.50)
  ok   10 mk_sea ring:L0:0 [radial] clear of the user's Cub's routes  (30.20 m of 8.35)
  ok   10 mk_sea ring:L0:0 [etrainer] inside the field
  ok   10 mk_sea ring:L0:0 [etrainer] afloat
  ok   10 mk_sea ring:L0:0 [etrainer] clear of solid things  (Infinity m of 3.00 (nothing))
  ok   10 mk_sea ring:L0:0 [etrainer] clear of stock build's routes  (30.40 m of 8.00)
  ok   10 mk_sea ring:L0:0 [etrainer] clear of aluminium C172's routes  (30.40 m of 8.50)
  ok   10 mk_sea ring:L0:0 [etrainer] clear of the user's Cub's routes  (30.40 m of 8.35)
  ok   10 mk_sea ring:L0:0 [ttail] inside the field
  ok   10 mk_sea ring:L0:0 [ttail] afloat
  ok   10 mk_sea ring:L0:0 [ttail] clear of solid things  (Infinity m of 3.00 (nothing))
  ok   10 mk_sea ring:L0:0 [ttail] clear of stock build's routes  (30.20 m of 8.00)
  ok   10 mk_sea ring:L0:0 [ttail] clear of aluminium C172's routes  (30.20 m of 8.50)
  ok   10 mk_sea ring:L0:0 [ttail] clear of the user's Cub's routes  (30.20 m of 8.35)
  ok   10 mk_sea ring:L0:0 [vtail] inside the field
  ok   10 mk_sea ring:L0:0 [vtail] afloat
  ok   10 mk_sea ring:L0:0 [vtail] clear of solid things  (Infinity m of 3.00 (nothing))
  ok   10 mk_sea ring:L0:0 [vtail] clear of stock build's routes  (30.20 m of 8.00)
  ok   10 mk_sea ring:L0:0 [vtail] clear of aluminium C172's routes  (30.20 m of 8.50)
  ok   10 mk_sea ring:L0:0 [vtail] clear of the user's Cub's routes  (30.20 m of 8.35)
  ok   10 mk_sea ring:L0:0 [mw5] inside the field
  ok   10 mk_sea ring:L0:0 [mw5] afloat
  ok   10 mk_sea ring:L0:0 [mw5] clear of solid things  (Infinity m of 3.00 (nothing))
  ok   10 mk_sea ring:L0:0 [mw5] clear of stock build's routes  (30.65 m of 8.00)
  ok   10 mk_sea ring:L0:0 [mw5] clear of aluminium C172's routes  (30.65 m of 8.50)
  ok   10 mk_sea ring:L0:0 [mw5] clear of the user's Cub's routes  (30.65 m of 8.35)
  ok   10 mk_sea ring:L0:0 [archaeopteryx] inside the field
  ok   10 mk_sea ring:L0:0 [archaeopteryx] afloat
  ok   10 mk_sea ring:L0:0 [archaeopteryx] clear of solid things  (Infinity m of 3.00 (nothing))
  ok   10 mk_sea ring:L0:0 [archaeopteryx] clear of stock build's routes  (30.50 m of 8.00)
  ok   10 mk_sea ring:L0:0 [archaeopteryx] clear of aluminium C172's routes  (30.50 m of 8.50)
  ok   10 mk_sea ring:L0:0 [archaeopteryx] clear of the user's Cub's routes  (30.50 m of 8.35)
  ok   10 mk_sea ring:L0:0 [da62] inside the field
  ok   10 mk_sea ring:L0:0 [da62] afloat
  ok   10 mk_sea ring:L0:0 [da62] clear of solid things  (Infinity m of 3.00 (nothing))
  ok   10 mk_sea ring:L0:0 [da62] clear of stock build's routes  (30.17 m of 8.00)
  ok   10 mk_sea ring:L0:0 [da62] clear of aluminium C172's routes  (30.17 m of 8.50)
  ok   10 mk_sea ring:L0:0 [da62] clear of the user's Cub's routes  (30.17 m of 8.35)
  ok   10 mk_sea ring:L0:0 [twinBush] inside the field
  ok   10 mk_sea ring:L0:0 [twinBush] afloat
  ok   10 mk_sea ring:L0:0 [twinBush] clear of solid things  (Infinity m of 3.00 (nothing))
  ok   10 mk_sea ring:L0:0 [twinBush] clear of stock build's routes  (30.05 m of 8.00)
  ok   10 mk_sea ring:L0:0 [twinBush] clear of aluminium C172's routes  (30.05 m of 8.50)
  ok   10 mk_sea ring:L0:0 [twinBush] clear of the user's Cub's routes  (30.05 m of 8.35)
  ok   10 mk_sea ring:L0:0 [skymaster] inside the field
  ok   10 mk_sea ring:L0:0 [skymaster] afloat
  ok   10 mk_sea ring:L0:0 [skymaster] clear of solid things  (Infinity m of 3.00 (nothing))
  ok   10 mk_sea ring:L0:0 [skymaster] clear of stock build's routes  (30.20 m of 8.00)
  ok   10 mk_sea ring:L0:0 [skymaster] clear of aluminium C172's routes  (30.20 m of 8.50)
  ok   10 mk_sea ring:L0:0 [skymaster] clear of the user's Cub's routes  (30.20 m of 8.35)
  ok   10 mk_sea ring:L0:0 [p38] inside the field
  ok   10 mk_sea ring:L0:0 [p38] afloat
  ok   10 mk_sea ring:L0:0 [p38] clear of solid things  (Infinity m of 3.00 (nothing))
  ok   10 mk_sea ring:L0:0 [p38] clear of stock build's routes  (30.40 m of 8.00)
  ok   10 mk_sea ring:L0:0 [p38] clear of aluminium C172's routes  (30.40 m of 8.50)
  ok   10 mk_sea ring:L0:0 [p38] clear of the user's Cub's routes  (30.40 m of 8.35)
  ok   10 mk_sea ring:L0:0 [beaver] inside the field
  ok   10 mk_sea ring:L0:0 [beaver] afloat
  ok   10 mk_sea ring:L0:0 [beaver] clear of solid things  (Infinity m of 3.00 (nothing))
  ok   10 mk_sea ring:L0:0 [beaver] clear of stock build's routes  (29.83 m of 8.00)
  ok   10 mk_sea ring:L0:0 [beaver] clear of aluminium C172's routes  (29.83 m of 8.50)
  ok   10 mk_sea ring:L0:0 [beaver] clear of the user's Cub's routes  (29.83 m of 8.35)
  ok   10 mk_sea ring:L0:0 [default] inside the field
  ok   10 mk_sea ring:L0:0 [default] afloat
  ok   10 mk_sea ring:L0:0 [default] clear of solid things  (Infinity m of 3.00 (nothing))
  ok   10 mk_sea ring:L0:0 [default] clear of stock build's routes  (29.43 m of 8.00)
  ok   10 mk_sea ring:L0:0 [default] clear of aluminium C172's routes  (29.43 m of 8.50)
  ok   10 mk_sea ring:L0:0 [default] clear of the user's Cub's routes  (29.43 m of 8.35)
  ok   10 mk_sea ring:L0:1 [cub] inside the field
  ok   10 mk_sea ring:L0:1 [cub] afloat
  ok   10 mk_sea ring:L0:1 [cub] clear of solid things  (Infinity m of 3.00 (nothing))
  ok   10 mk_sea ring:L0:1 [cub] clear of stock build's routes  (37.31 m of 8.00)
  ok   10 mk_sea ring:L0:1 [cub] clear of aluminium C172's routes  (37.31 m of 8.50)
  ok   10 mk_sea ring:L0:1 [cub] clear of the user's Cub's routes  (37.31 m of 8.35)
  ok   10 mk_sea ring:L0:1 [pietenpol] inside the field
  ok   10 mk_sea ring:L0:1 [pietenpol] afloat
  ok   10 mk_sea ring:L0:1 [pietenpol] clear of solid things  (Infinity m of 3.00 (nothing))
  ok   10 mk_sea ring:L0:1 [pietenpol] clear of stock build's routes  (38.25 m of 8.00)
  ok   10 mk_sea ring:L0:1 [pietenpol] clear of aluminium C172's routes  (38.25 m of 8.50)
  ok   10 mk_sea ring:L0:1 [pietenpol] clear of the user's Cub's routes  (38.25 m of 8.35)
  ok   10 mk_sea ring:L0:1 [tigermoth] inside the field
  ok   10 mk_sea ring:L0:1 [tigermoth] afloat
  ok   10 mk_sea ring:L0:1 [tigermoth] clear of solid things  (Infinity m of 3.00 (nothing))
  ok   10 mk_sea ring:L0:1 [tigermoth] clear of stock build's routes  (38.18 m of 8.00)
  ok   10 mk_sea ring:L0:1 [tigermoth] clear of aluminium C172's routes  (38.18 m of 8.50)
  ok   10 mk_sea ring:L0:1 [tigermoth] clear of the user's Cub's routes  (38.18 m of 8.35)
  ok   10 mk_sea ring:L0:1 [stearman] inside the field
  ok   10 mk_sea ring:L0:1 [stearman] afloat
  ok   10 mk_sea ring:L0:1 [stearman] clear of solid things  (Infinity m of 3.00 (nothing))
  ok   10 mk_sea ring:L0:1 [stearman] clear of stock build's routes  (37.86 m of 8.00)
  ok   10 mk_sea ring:L0:1 [stearman] clear of aluminium C172's routes  (37.86 m of 8.50)
  ok   10 mk_sea ring:L0:1 [stearman] clear of the user's Cub's routes  (37.86 m of 8.35)
  ok   10 mk_sea ring:L0:1 [pittsAlike] inside the field
  ok   10 mk_sea ring:L0:1 [pittsAlike] afloat
  ok   10 mk_sea ring:L0:1 [pittsAlike] clear of solid things  (Infinity m of 3.00 (nothing))
  ok   10 mk_sea ring:L0:1 [pittsAlike] clear of stock build's routes  (38.95 m of 8.00)
  ok   10 mk_sea ring:L0:1 [pittsAlike] clear of aluminium C172's routes  (38.95 m of 8.50)
  ok   10 mk_sea ring:L0:1 [pittsAlike] clear of the user's Cub's routes  (38.95 m of 8.35)
  ok   10 mk_sea ring:L0:1 [sesqui] inside the field
  ok   10 mk_sea ring:L0:1 [sesqui] afloat
  ok   10 mk_sea ring:L0:1 [sesqui] clear of solid things  (Infinity m of 3.00 (nothing))
  ok   10 mk_sea ring:L0:1 [sesqui] clear of stock build's routes  (37.87 m of 8.00)
  ok   10 mk_sea ring:L0:1 [sesqui] clear of aluminium C172's routes  (37.87 m of 8.50)
  ok   10 mk_sea ring:L0:1 [sesqui] clear of the user's Cub's routes  (37.87 m of 8.35)
  ok   10 mk_sea ring:L0:1 [jodel] inside the field
  ok   10 mk_sea ring:L0:1 [jodel] afloat
  ok   10 mk_sea ring:L0:1 [jodel] clear of solid things  (Infinity m of 3.00 (nothing))
  ok   10 mk_sea ring:L0:1 [jodel] clear of stock build's routes  (37.99 m of 8.00)
  ok   10 mk_sea ring:L0:1 [jodel] clear of aluminium C172's routes  (37.99 m of 8.50)
  ok   10 mk_sea ring:L0:1 [jodel] clear of the user's Cub's routes  (37.99 m of 8.35)
  ok   10 mk_sea ring:L0:1 [c172] inside the field
  ok   10 mk_sea ring:L0:1 [c172] afloat
  ok   10 mk_sea ring:L0:1 [c172] clear of solid things  (Infinity m of 3.00 (nothing))
  ok   10 mk_sea ring:L0:1 [c172] clear of stock build's routes  (37.09 m of 8.00)
  ok   10 mk_sea ring:L0:1 [c172] clear of aluminium C172's routes  (37.09 m of 8.50)
  ok   10 mk_sea ring:L0:1 [c172] clear of the user's Cub's routes  (37.09 m of 8.35)
  ok   10 mk_sea ring:L0:1 [chinook] inside the field
  ok   10 mk_sea ring:L0:1 [chinook] afloat
  ok   10 mk_sea ring:L0:1 [chinook] clear of solid things  (Infinity m of 3.00 (nothing))
  ok   10 mk_sea ring:L0:1 [chinook] clear of stock build's routes  (38.33 m of 8.00)
  ok   10 mk_sea ring:L0:1 [chinook] clear of aluminium C172's routes  (38.33 m of 8.50)
  ok   10 mk_sea ring:L0:1 [chinook] clear of the user's Cub's routes  (38.33 m of 8.35)
  ok   10 mk_sea ring:L0:1 [caravan] inside the field
  ok   10 mk_sea ring:L0:1 [caravan] afloat
  ok   10 mk_sea ring:L0:1 [caravan] clear of solid things  (Infinity m of 3.00 (nothing))
  ok   10 mk_sea ring:L0:1 [caravan] clear of stock build's routes  (35.70 m of 8.00)
  ok   10 mk_sea ring:L0:1 [caravan] clear of aluminium C172's routes  (35.70 m of 8.50)
  ok   10 mk_sea ring:L0:1 [caravan] clear of the user's Cub's routes  (35.70 m of 8.35)
  ok   10 mk_sea ring:L0:1 [rv] inside the field
  ok   10 mk_sea ring:L0:1 [rv] afloat
  ok   10 mk_sea ring:L0:1 [rv] clear of solid things  (Infinity m of 3.00 (nothing))
  ok   10 mk_sea ring:L0:1 [rv] clear of stock build's routes  (37.93 m of 8.00)
  ok   10 mk_sea ring:L0:1 [rv] clear of aluminium C172's routes  (37.93 m of 8.50)
  ok   10 mk_sea ring:L0:1 [rv] clear of the user's Cub's routes  (37.93 m of 8.35)
  ok   10 mk_sea ring:L0:1 [savannah] inside the field
  ok   10 mk_sea ring:L0:1 [savannah] afloat
  ok   10 mk_sea ring:L0:1 [savannah] clear of solid things  (Infinity m of 3.00 (nothing))
  ok   10 mk_sea ring:L0:1 [savannah] clear of stock build's routes  (38.12 m of 8.00)
  ok   10 mk_sea ring:L0:1 [savannah] clear of aluminium C172's routes  (38.12 m of 8.50)
  ok   10 mk_sea ring:L0:1 [savannah] clear of the user's Cub's routes  (38.12 m of 8.35)
  ok   10 mk_sea ring:L0:1 [ul1] inside the field
  ok   10 mk_sea ring:L0:1 [ul1] afloat
  ok   10 mk_sea ring:L0:1 [ul1] clear of solid things  (Infinity m of 3.00 (nothing))
  ok   10 mk_sea ring:L0:1 [ul1] clear of stock build's routes  (38.06 m of 8.00)
  ok   10 mk_sea ring:L0:1 [ul1] clear of aluminium C172's routes  (38.06 m of 8.50)
  ok   10 mk_sea ring:L0:1 [ul1] clear of the user's Cub's routes  (38.06 m of 8.35)
  ok   10 mk_sea ring:L0:1 [floatplane] inside the field
  ok   10 mk_sea ring:L0:1 [floatplane] afloat
  ok   10 mk_sea ring:L0:1 [floatplane] clear of solid things  (Infinity m of 3.00 (nothing))
  ok   10 mk_sea ring:L0:1 [floatplane] clear of stock build's routes  (37.08 m of 8.00)
  ok   10 mk_sea ring:L0:1 [floatplane] clear of aluminium C172's routes  (37.08 m of 8.50)
  ok   10 mk_sea ring:L0:1 [floatplane] clear of the user's Cub's routes  (37.08 m of 8.35)
  ok   10 mk_sea ring:L0:1 [pusherPod] inside the field
  ok   10 mk_sea ring:L0:1 [pusherPod] afloat
  ok   10 mk_sea ring:L0:1 [pusherPod] clear of solid things  (Infinity m of 3.00 (nothing))
  ok   10 mk_sea ring:L0:1 [pusherPod] clear of stock build's routes  (38.36 m of 8.00)
  ok   10 mk_sea ring:L0:1 [pusherPod] clear of aluminium C172's routes  (38.36 m of 8.50)
  ok   10 mk_sea ring:L0:1 [pusherPod] clear of the user's Cub's routes  (38.36 m of 8.35)
  ok   10 mk_sea ring:L0:1 [motorglider] inside the field
  ok   10 mk_sea ring:L0:1 [motorglider] afloat
  ok   10 mk_sea ring:L0:1 [motorglider] clear of solid things  (Infinity m of 3.00 (nothing))
  ok   10 mk_sea ring:L0:1 [motorglider] clear of stock build's routes  (36.96 m of 8.00)
  ok   10 mk_sea ring:L0:1 [motorglider] clear of aluminium C172's routes  (36.96 m of 8.50)
  ok   10 mk_sea ring:L0:1 [motorglider] clear of the user's Cub's routes  (36.96 m of 8.35)
  ok   10 mk_sea ring:L0:1 [radial] inside the field
  ok   10 mk_sea ring:L0:1 [radial] afloat
  ok   10 mk_sea ring:L0:1 [radial] clear of solid things  (Infinity m of 3.00 (nothing))
  ok   10 mk_sea ring:L0:1 [radial] clear of stock build's routes  (37.56 m of 8.00)
  ok   10 mk_sea ring:L0:1 [radial] clear of aluminium C172's routes  (37.56 m of 8.50)
  ok   10 mk_sea ring:L0:1 [radial] clear of the user's Cub's routes  (37.56 m of 8.35)
  ok   10 mk_sea ring:L0:1 [etrainer] inside the field
  ok   10 mk_sea ring:L0:1 [etrainer] afloat
  ok   10 mk_sea ring:L0:1 [etrainer] clear of solid things  (Infinity m of 3.00 (nothing))
  ok   10 mk_sea ring:L0:1 [etrainer] clear of stock build's routes  (38.18 m of 8.00)
  ok   10 mk_sea ring:L0:1 [etrainer] clear of aluminium C172's routes  (38.18 m of 8.50)
  ok   10 mk_sea ring:L0:1 [etrainer] clear of the user's Cub's routes  (38.18 m of 8.35)
  ok   10 mk_sea ring:L0:1 [ttail] inside the field
  ok   10 mk_sea ring:L0:1 [ttail] afloat
  ok   10 mk_sea ring:L0:1 [ttail] clear of solid things  (Infinity m of 3.00 (nothing))
  ok   10 mk_sea ring:L0:1 [ttail] clear of stock build's routes  (37.56 m of 8.00)
  ok   10 mk_sea ring:L0:1 [ttail] clear of aluminium C172's routes  (37.56 m of 8.50)
  ok   10 mk_sea ring:L0:1 [ttail] clear of the user's Cub's routes  (37.56 m of 8.35)
  ok   10 mk_sea ring:L0:1 [vtail] inside the field
  ok   10 mk_sea ring:L0:1 [vtail] afloat
  ok   10 mk_sea ring:L0:1 [vtail] clear of solid things  (Infinity m of 3.00 (nothing))
  ok   10 mk_sea ring:L0:1 [vtail] clear of stock build's routes  (37.56 m of 8.00)
  ok   10 mk_sea ring:L0:1 [vtail] clear of aluminium C172's routes  (37.56 m of 8.50)
  ok   10 mk_sea ring:L0:1 [vtail] clear of the user's Cub's routes  (37.56 m of 8.35)
  ok   10 mk_sea ring:L0:1 [mw5] inside the field
  ok   10 mk_sea ring:L0:1 [mw5] afloat
  ok   10 mk_sea ring:L0:1 [mw5] clear of solid things  (Infinity m of 3.00 (nothing))
  ok   10 mk_sea ring:L0:1 [mw5] clear of stock build's routes  (38.29 m of 8.00)
  ok   10 mk_sea ring:L0:1 [mw5] clear of aluminium C172's routes  (38.29 m of 8.50)
  ok   10 mk_sea ring:L0:1 [mw5] clear of the user's Cub's routes  (38.29 m of 8.35)
  ok   10 mk_sea ring:L0:1 [archaeopteryx] inside the field
  ok   10 mk_sea ring:L0:1 [archaeopteryx] afloat
  ok   10 mk_sea ring:L0:1 [archaeopteryx] clear of solid things  (Infinity m of 3.00 (nothing))
  ok   10 mk_sea ring:L0:1 [archaeopteryx] clear of stock build's routes  (37.80 m of 8.00)
  ok   10 mk_sea ring:L0:1 [archaeopteryx] clear of aluminium C172's routes  (37.80 m of 8.50)
  ok   10 mk_sea ring:L0:1 [archaeopteryx] clear of the user's Cub's routes  (37.80 m of 8.35)
  ok   10 mk_sea ring:L0:1 [da62] inside the field
  ok   10 mk_sea ring:L0:1 [da62] afloat
  ok   10 mk_sea ring:L0:1 [da62] clear of solid things  (Infinity m of 3.00 (nothing))
  ok   10 mk_sea ring:L0:1 [da62] clear of stock build's routes  (36.83 m of 8.00)
  ok   10 mk_sea ring:L0:1 [da62] clear of aluminium C172's routes  (36.83 m of 8.50)
  ok   10 mk_sea ring:L0:1 [da62] clear of the user's Cub's routes  (36.83 m of 8.35)
  ok   10 mk_sea ring:L0:1 [twinBush] inside the field
  ok   10 mk_sea ring:L0:1 [twinBush] afloat
  ok   10 mk_sea ring:L0:1 [twinBush] clear of solid things  (Infinity m of 3.00 (nothing))
  ok   10 mk_sea ring:L0:1 [twinBush] clear of stock build's routes  (36.25 m of 8.00)
  ok   10 mk_sea ring:L0:1 [twinBush] clear of aluminium C172's routes  (36.25 m of 8.50)
  ok   10 mk_sea ring:L0:1 [twinBush] clear of the user's Cub's routes  (36.25 m of 8.35)
  ok   10 mk_sea ring:L0:1 [skymaster] inside the field
  ok   10 mk_sea ring:L0:1 [skymaster] afloat
  ok   10 mk_sea ring:L0:1 [skymaster] clear of solid things  (Infinity m of 3.00 (nothing))
  ok   10 mk_sea ring:L0:1 [skymaster] clear of stock build's routes  (37.56 m of 8.00)
  ok   10 mk_sea ring:L0:1 [skymaster] clear of aluminium C172's routes  (37.56 m of 8.50)
  ok   10 mk_sea ring:L0:1 [skymaster] clear of the user's Cub's routes  (37.56 m of 8.35)
  ok   10 mk_sea ring:L0:1 [p38] inside the field
  ok   10 mk_sea ring:L0:1 [p38] afloat
  ok   10 mk_sea ring:L0:1 [p38] clear of solid things  (Infinity m of 3.00 (nothing))
  ok   10 mk_sea ring:L0:1 [p38] clear of stock build's routes  (37.72 m of 8.00)
  ok   10 mk_sea ring:L0:1 [p38] clear of aluminium C172's routes  (37.72 m of 8.50)
  ok   10 mk_sea ring:L0:1 [p38] clear of the user's Cub's routes  (37.72 m of 8.35)
  ok   10 mk_sea ring:L0:1 [beaver] inside the field
  ok   10 mk_sea ring:L0:1 [beaver] afloat
  ok   10 mk_sea ring:L0:1 [beaver] clear of solid things  (Infinity m of 3.00 (nothing))
  ok   10 mk_sea ring:L0:1 [beaver] clear of stock build's routes  (36.41 m of 8.00)
  ok   10 mk_sea ring:L0:1 [beaver] clear of aluminium C172's routes  (36.41 m of 8.50)
  ok   10 mk_sea ring:L0:1 [beaver] clear of the user's Cub's routes  (36.41 m of 8.35)
  ok   10 mk_sea ring:L0:1 [default] inside the field
  ok   10 mk_sea ring:L0:1 [default] afloat
  ok   10 mk_sea ring:L0:1 [default] clear of solid things  (Infinity m of 3.00 (nothing))
  ok   10 mk_sea ring:L0:1 [default] clear of stock build's routes  (36.70 m of 8.00)
  ok   10 mk_sea ring:L0:1 [default] clear of aluminium C172's routes  (36.70 m of 8.50)
  ok   10 mk_sea ring:L0:1 [default] clear of the user's Cub's routes  (36.70 m of 8.35)
  ok   10 mk_sea ring:L0:3 [cub] inside the field
  ok   10 mk_sea ring:L0:3 [cub] afloat
  ok   10 mk_sea ring:L0:3 [cub] clear of solid things  (Infinity m of 3.00 (nothing))
  ok   10 mk_sea ring:L0:3 [cub] clear of stock build's routes  (41.30 m of 8.00)
  ok   10 mk_sea ring:L0:3 [cub] clear of aluminium C172's routes  (41.30 m of 8.50)
  ok   10 mk_sea ring:L0:3 [cub] clear of the user's Cub's routes  (41.30 m of 8.35)
  ok   10 mk_sea ring:L0:3 [pietenpol] inside the field
  ok   10 mk_sea ring:L0:3 [pietenpol] afloat
  ok   10 mk_sea ring:L0:3 [pietenpol] clear of solid things  (Infinity m of 3.00 (nothing))
  ok   10 mk_sea ring:L0:3 [pietenpol] clear of stock build's routes  (41.70 m of 8.00)
  ok   10 mk_sea ring:L0:3 [pietenpol] clear of aluminium C172's routes  (41.70 m of 8.50)
  ok   10 mk_sea ring:L0:3 [pietenpol] clear of the user's Cub's routes  (41.70 m of 8.35)
  ok   10 mk_sea ring:L0:3 [tigermoth] inside the field
  ok   10 mk_sea ring:L0:3 [tigermoth] afloat
  ok   10 mk_sea ring:L0:3 [tigermoth] clear of solid things  (Infinity m of 3.00 (nothing))
  ok   10 mk_sea ring:L0:3 [tigermoth] clear of stock build's routes  (41.70 m of 8.00)
  ok   10 mk_sea ring:L0:3 [tigermoth] clear of aluminium C172's routes  (41.70 m of 8.50)
  ok   10 mk_sea ring:L0:3 [tigermoth] clear of the user's Cub's routes  (41.70 m of 8.35)
  ok   10 mk_sea ring:L0:3 [stearman] inside the field
  ok   10 mk_sea ring:L0:3 [stearman] afloat
  ok   10 mk_sea ring:L0:3 [stearman] clear of solid things  (Infinity m of 3.00 (nothing))
  ok   10 mk_sea ring:L0:3 [stearman] clear of stock build's routes  (41.60 m of 8.00)
  ok   10 mk_sea ring:L0:3 [stearman] clear of aluminium C172's routes  (41.60 m of 8.50)
  ok   10 mk_sea ring:L0:3 [stearman] clear of the user's Cub's routes  (41.60 m of 8.35)
  ok   10 mk_sea ring:L0:3 [pittsAlike] inside the field
  ok   10 mk_sea ring:L0:3 [pittsAlike] afloat
  ok   10 mk_sea ring:L0:3 [pittsAlike] clear of solid things  (Infinity m of 3.00 (nothing))
  ok   10 mk_sea ring:L0:3 [pittsAlike] clear of stock build's routes  (41.70 m of 8.00)
  ok   10 mk_sea ring:L0:3 [pittsAlike] clear of aluminium C172's routes  (41.70 m of 8.50)
  ok   10 mk_sea ring:L0:3 [pittsAlike] clear of the user's Cub's routes  (41.70 m of 8.35)
  ok   10 mk_sea ring:L0:3 [sesqui] inside the field
  ok   10 mk_sea ring:L0:3 [sesqui] afloat
  ok   10 mk_sea ring:L0:3 [sesqui] clear of solid things  (Infinity m of 3.00 (nothing))
  ok   10 mk_sea ring:L0:3 [sesqui] clear of stock build's routes  (41.70 m of 8.00)
  ok   10 mk_sea ring:L0:3 [sesqui] clear of aluminium C172's routes  (41.70 m of 8.50)
  ok   10 mk_sea ring:L0:3 [sesqui] clear of the user's Cub's routes  (41.70 m of 8.35)
  ok   10 mk_sea ring:L0:3 [jodel] inside the field
  ok   10 mk_sea ring:L0:3 [jodel] afloat
  ok   10 mk_sea ring:L0:3 [jodel] clear of solid things  (Infinity m of 3.00 (nothing))
  ok   10 mk_sea ring:L0:3 [jodel] clear of stock build's routes  (41.20 m of 8.00)
  ok   10 mk_sea ring:L0:3 [jodel] clear of aluminium C172's routes  (41.20 m of 8.50)
  ok   10 mk_sea ring:L0:3 [jodel] clear of the user's Cub's routes  (41.20 m of 8.35)
  ok   10 mk_sea ring:L0:3 [c172] inside the field
  ok   10 mk_sea ring:L0:3 [c172] afloat
  ok   10 mk_sea ring:L0:3 [c172] clear of solid things  (Infinity m of 3.00 (nothing))
  ok   10 mk_sea ring:L0:3 [c172] clear of stock build's routes  (41.10 m of 8.00)
  ok   10 mk_sea ring:L0:3 [c172] clear of aluminium C172's routes  (41.10 m of 8.50)
  ok   10 mk_sea ring:L0:3 [c172] clear of the user's Cub's routes  (41.10 m of 8.35)
  ok   10 mk_sea ring:L0:3 [chinook] inside the field
  ok   10 mk_sea ring:L0:3 [chinook] afloat
  ok   10 mk_sea ring:L0:3 [chinook] clear of solid things  (Infinity m of 3.00 (nothing))
  ok   10 mk_sea ring:L0:3 [chinook] clear of stock build's routes  (42.20 m of 8.00)
  ok   10 mk_sea ring:L0:3 [chinook] clear of aluminium C172's routes  (42.20 m of 8.50)
  ok   10 mk_sea ring:L0:3 [chinook] clear of the user's Cub's routes  (42.20 m of 8.35)
  ok   10 mk_sea ring:L0:3 [caravan] inside the field
  ok   10 mk_sea ring:L0:3 [caravan] afloat
  ok   10 mk_sea ring:L0:3 [caravan] clear of solid things  (Infinity m of 3.00 (nothing))
  ok   10 mk_sea ring:L0:3 [caravan] clear of stock build's routes  (40.50 m of 8.00)
  ok   10 mk_sea ring:L0:3 [caravan] clear of aluminium C172's routes  (40.50 m of 8.50)
  ok   10 mk_sea ring:L0:3 [caravan] clear of the user's Cub's routes  (40.50 m of 8.35)
  ok   10 mk_sea ring:L0:3 [rv] inside the field
  ok   10 mk_sea ring:L0:3 [rv] afloat
  ok   10 mk_sea ring:L0:3 [rv] clear of solid things  (Infinity m of 3.00 (nothing))
  ok   10 mk_sea ring:L0:3 [rv] clear of stock build's routes  (41.70 m of 8.00)
  ok   10 mk_sea ring:L0:3 [rv] clear of aluminium C172's routes  (41.70 m of 8.50)
  ok   10 mk_sea ring:L0:3 [rv] clear of the user's Cub's routes  (41.70 m of 8.35)
  ok   10 mk_sea ring:L0:3 [savannah] inside the field
  ok   10 mk_sea ring:L0:3 [savannah] afloat
  ok   10 mk_sea ring:L0:3 [savannah] clear of solid things  (Infinity m of 3.00 (nothing))
  ok   10 mk_sea ring:L0:3 [savannah] clear of stock build's routes  (41.70 m of 8.00)
  ok   10 mk_sea ring:L0:3 [savannah] clear of aluminium C172's routes  (41.70 m of 8.50)
  ok   10 mk_sea ring:L0:3 [savannah] clear of the user's Cub's routes  (41.70 m of 8.35)
  ok   10 mk_sea ring:L0:3 [ul1] inside the field
  ok   10 mk_sea ring:L0:3 [ul1] afloat
  ok   10 mk_sea ring:L0:3 [ul1] clear of solid things  (Infinity m of 3.00 (nothing))
  ok   10 mk_sea ring:L0:3 [ul1] clear of stock build's routes  (41.70 m of 8.00)
  ok   10 mk_sea ring:L0:3 [ul1] clear of aluminium C172's routes  (41.70 m of 8.50)
  ok   10 mk_sea ring:L0:3 [ul1] clear of the user's Cub's routes  (41.70 m of 8.35)
  ok   10 mk_sea ring:L0:3 [floatplane] inside the field
  ok   10 mk_sea ring:L0:3 [floatplane] afloat
  ok   10 mk_sea ring:L0:3 [floatplane] clear of solid things  (Infinity m of 3.00 (nothing))
  ok   10 mk_sea ring:L0:3 [floatplane] clear of stock build's routes  (41.40 m of 8.00)
  ok   10 mk_sea ring:L0:3 [floatplane] clear of aluminium C172's routes  (41.40 m of 8.50)
  ok   10 mk_sea ring:L0:3 [floatplane] clear of the user's Cub's routes  (41.40 m of 8.35)
  ok   10 mk_sea ring:L0:3 [pusherPod] inside the field
  ok   10 mk_sea ring:L0:3 [pusherPod] afloat
  ok   10 mk_sea ring:L0:3 [pusherPod] clear of solid things  (Infinity m of 3.00 (nothing))
  ok   10 mk_sea ring:L0:3 [pusherPod] clear of stock build's routes  (42.00 m of 8.00)
  ok   10 mk_sea ring:L0:3 [pusherPod] clear of aluminium C172's routes  (42.00 m of 8.50)
  ok   10 mk_sea ring:L0:3 [pusherPod] clear of the user's Cub's routes  (42.00 m of 8.35)
  ok   10 mk_sea ring:L0:3 [motorglider] inside the field
  ok   10 mk_sea ring:L0:3 [motorglider] afloat
  ok   10 mk_sea ring:L0:3 [motorglider] clear of solid things  (Infinity m of 3.00 (nothing))
  ok   10 mk_sea ring:L0:3 [motorglider] clear of stock build's routes  (41.70 m of 8.00)
  ok   10 mk_sea ring:L0:3 [motorglider] clear of aluminium C172's routes  (41.70 m of 8.50)
  ok   10 mk_sea ring:L0:3 [motorglider] clear of the user's Cub's routes  (41.70 m of 8.35)
  ok   10 mk_sea ring:L0:3 [radial] inside the field
  ok   10 mk_sea ring:L0:3 [radial] afloat
  ok   10 mk_sea ring:L0:3 [radial] clear of solid things  (Infinity m of 3.00 (nothing))
  ok   10 mk_sea ring:L0:3 [radial] clear of stock build's routes  (41.70 m of 8.00)
  ok   10 mk_sea ring:L0:3 [radial] clear of aluminium C172's routes  (41.70 m of 8.50)
  ok   10 mk_sea ring:L0:3 [radial] clear of the user's Cub's routes  (41.70 m of 8.35)
  ok   10 mk_sea ring:L0:3 [etrainer] inside the field
  ok   10 mk_sea ring:L0:3 [etrainer] afloat
  ok   10 mk_sea ring:L0:3 [etrainer] clear of solid things  (Infinity m of 3.00 (nothing))
  ok   10 mk_sea ring:L0:3 [etrainer] clear of stock build's routes  (41.70 m of 8.00)
  ok   10 mk_sea ring:L0:3 [etrainer] clear of aluminium C172's routes  (41.70 m of 8.50)
  ok   10 mk_sea ring:L0:3 [etrainer] clear of the user's Cub's routes  (41.70 m of 8.35)
  ok   10 mk_sea ring:L0:3 [ttail] inside the field
  ok   10 mk_sea ring:L0:3 [ttail] afloat
  ok   10 mk_sea ring:L0:3 [ttail] clear of solid things  (Infinity m of 3.00 (nothing))
  ok   10 mk_sea ring:L0:3 [ttail] clear of stock build's routes  (41.70 m of 8.00)
  ok   10 mk_sea ring:L0:3 [ttail] clear of aluminium C172's routes  (41.70 m of 8.50)
  ok   10 mk_sea ring:L0:3 [ttail] clear of the user's Cub's routes  (41.70 m of 8.35)
  ok   10 mk_sea ring:L0:3 [vtail] inside the field
  ok   10 mk_sea ring:L0:3 [vtail] afloat
  ok   10 mk_sea ring:L0:3 [vtail] clear of solid things  (Infinity m of 3.00 (nothing))
  ok   10 mk_sea ring:L0:3 [vtail] clear of stock build's routes  (41.70 m of 8.00)
  ok   10 mk_sea ring:L0:3 [vtail] clear of aluminium C172's routes  (41.70 m of 8.50)
  ok   10 mk_sea ring:L0:3 [vtail] clear of the user's Cub's routes  (41.70 m of 8.35)
  ok   10 mk_sea ring:L0:3 [mw5] inside the field
  ok   10 mk_sea ring:L0:3 [mw5] afloat
  ok   10 mk_sea ring:L0:3 [mw5] clear of solid things  (Infinity m of 3.00 (nothing))
  ok   10 mk_sea ring:L0:3 [mw5] clear of stock build's routes  (42.00 m of 8.00)
  ok   10 mk_sea ring:L0:3 [mw5] clear of aluminium C172's routes  (42.00 m of 8.50)
  ok   10 mk_sea ring:L0:3 [mw5] clear of the user's Cub's routes  (42.00 m of 8.35)
  ok   10 mk_sea ring:L0:3 [archaeopteryx] inside the field
  ok   10 mk_sea ring:L0:3 [archaeopteryx] afloat
  ok   10 mk_sea ring:L0:3 [archaeopteryx] clear of solid things  (Infinity m of 3.00 (nothing))
  ok   10 mk_sea ring:L0:3 [archaeopteryx] clear of stock build's routes  (42.00 m of 8.00)
  ok   10 mk_sea ring:L0:3 [archaeopteryx] clear of aluminium C172's routes  (42.00 m of 8.50)
  ok   10 mk_sea ring:L0:3 [archaeopteryx] clear of the user's Cub's routes  (42.00 m of 8.35)
  ok   10 mk_sea ring:L0:3 [da62] inside the field
  ok   10 mk_sea ring:L0:3 [da62] afloat
  ok   10 mk_sea ring:L0:3 [da62] clear of solid things  (Infinity m of 3.00 (nothing))
  ok   10 mk_sea ring:L0:3 [da62] clear of stock build's routes  (41.90 m of 8.00)
  ok   10 mk_sea ring:L0:3 [da62] clear of aluminium C172's routes  (41.90 m of 8.50)
  ok   10 mk_sea ring:L0:3 [da62] clear of the user's Cub's routes  (41.90 m of 8.35)
  ok   10 mk_sea ring:L0:3 [twinBush] inside the field
  ok   10 mk_sea ring:L0:3 [twinBush] afloat
  ok   10 mk_sea ring:L0:3 [twinBush] clear of solid things  (Infinity m of 3.00 (nothing))
  ok   10 mk_sea ring:L0:3 [twinBush] clear of stock build's routes  (41.90 m of 8.00)
  ok   10 mk_sea ring:L0:3 [twinBush] clear of aluminium C172's routes  (41.90 m of 8.50)
  ok   10 mk_sea ring:L0:3 [twinBush] clear of the user's Cub's routes  (41.90 m of 8.35)
  ok   10 mk_sea ring:L0:3 [skymaster] inside the field
  ok   10 mk_sea ring:L0:3 [skymaster] afloat
  ok   10 mk_sea ring:L0:3 [skymaster] clear of solid things  (Infinity m of 3.00 (nothing))
  ok   10 mk_sea ring:L0:3 [skymaster] clear of stock build's routes  (41.70 m of 8.00)
  ok   10 mk_sea ring:L0:3 [skymaster] clear of aluminium C172's routes  (41.70 m of 8.50)
  ok   10 mk_sea ring:L0:3 [skymaster] clear of the user's Cub's routes  (41.70 m of 8.35)
  ok   10 mk_sea ring:L0:3 [p38] inside the field
  ok   10 mk_sea ring:L0:3 [p38] afloat
  ok   10 mk_sea ring:L0:3 [p38] clear of solid things  (Infinity m of 3.00 (nothing))
  ok   10 mk_sea ring:L0:3 [p38] clear of stock build's routes  (41.90 m of 8.00)
  ok   10 mk_sea ring:L0:3 [p38] clear of aluminium C172's routes  (41.90 m of 8.50)
  ok   10 mk_sea ring:L0:3 [p38] clear of the user's Cub's routes  (41.90 m of 8.35)
  ok   10 mk_sea ring:L0:3 [beaver] inside the field
  ok   10 mk_sea ring:L0:3 [beaver] afloat
  ok   10 mk_sea ring:L0:3 [beaver] clear of solid things  (Infinity m of 3.00 (nothing))
  ok   10 mk_sea ring:L0:3 [beaver] clear of stock build's routes  (41.60 m of 8.00)
  ok   10 mk_sea ring:L0:3 [beaver] clear of aluminium C172's routes  (41.60 m of 8.50)
  ok   10 mk_sea ring:L0:3 [beaver] clear of the user's Cub's routes  (41.60 m of 8.35)
  ok   10 mk_sea ring:L0:3 [default] inside the field
  ok   10 mk_sea ring:L0:3 [default] afloat
  ok   10 mk_sea ring:L0:3 [default] clear of solid things  (Infinity m of 3.00 (nothing))
  ok   10 mk_sea ring:L0:3 [default] clear of stock build's routes  (41.00 m of 8.00)
  ok   10 mk_sea ring:L0:3 [default] clear of aluminium C172's routes  (41.00 m of 8.50)
  ok   10 mk_sea ring:L0:3 [default] clear of the user's Cub's routes  (41.00 m of 8.35)
  ok   10 mk_sea ring:L0:4 [cub] inside the field
  ok   10 mk_sea ring:L0:4 [cub] afloat
  ok   10 mk_sea ring:L0:4 [cub] clear of solid things  (Infinity m of 3.00 (nothing))
  ok   10 mk_sea ring:L0:4 [cub] clear of stock build's routes  (41.30 m of 8.00)
  ok   10 mk_sea ring:L0:4 [cub] clear of aluminium C172's routes  (41.30 m of 8.50)
  ok   10 mk_sea ring:L0:4 [cub] clear of the user's Cub's routes  (41.30 m of 8.35)
  ok   10 mk_sea ring:L0:4 [pietenpol] inside the field
  ok   10 mk_sea ring:L0:4 [pietenpol] afloat
  ok   10 mk_sea ring:L0:4 [pietenpol] clear of solid things  (Infinity m of 3.00 (nothing))
  ok   10 mk_sea ring:L0:4 [pietenpol] clear of stock build's routes  (41.70 m of 8.00)
  ok   10 mk_sea ring:L0:4 [pietenpol] clear of aluminium C172's routes  (41.70 m of 8.50)
  ok   10 mk_sea ring:L0:4 [pietenpol] clear of the user's Cub's routes  (41.70 m of 8.35)
  ok   10 mk_sea ring:L0:4 [tigermoth] inside the field
  ok   10 mk_sea ring:L0:4 [tigermoth] afloat
  ok   10 mk_sea ring:L0:4 [tigermoth] clear of solid things  (Infinity m of 3.00 (nothing))
  ok   10 mk_sea ring:L0:4 [tigermoth] clear of stock build's routes  (41.70 m of 8.00)
  ok   10 mk_sea ring:L0:4 [tigermoth] clear of aluminium C172's routes  (41.70 m of 8.50)
  ok   10 mk_sea ring:L0:4 [tigermoth] clear of the user's Cub's routes  (41.70 m of 8.35)
  ok   10 mk_sea ring:L0:4 [stearman] inside the field
  ok   10 mk_sea ring:L0:4 [stearman] afloat
  ok   10 mk_sea ring:L0:4 [stearman] clear of solid things  (Infinity m of 3.00 (nothing))
  ok   10 mk_sea ring:L0:4 [stearman] clear of stock build's routes  (41.60 m of 8.00)
  ok   10 mk_sea ring:L0:4 [stearman] clear of aluminium C172's routes  (41.60 m of 8.50)
  ok   10 mk_sea ring:L0:4 [stearman] clear of the user's Cub's routes  (41.60 m of 8.35)
  ok   10 mk_sea ring:L0:4 [pittsAlike] inside the field
  ok   10 mk_sea ring:L0:4 [pittsAlike] afloat
  ok   10 mk_sea ring:L0:4 [pittsAlike] clear of solid things  (Infinity m of 3.00 (nothing))
  ok   10 mk_sea ring:L0:4 [pittsAlike] clear of stock build's routes  (41.70 m of 8.00)
  ok   10 mk_sea ring:L0:4 [pittsAlike] clear of aluminium C172's routes  (41.70 m of 8.50)
  ok   10 mk_sea ring:L0:4 [pittsAlike] clear of the user's Cub's routes  (41.70 m of 8.35)
  ok   10 mk_sea ring:L0:4 [sesqui] inside the field
  ok   10 mk_sea ring:L0:4 [sesqui] afloat
  ok   10 mk_sea ring:L0:4 [sesqui] clear of solid things  (Infinity m of 3.00 (nothing))
  ok   10 mk_sea ring:L0:4 [sesqui] clear of stock build's routes  (41.70 m of 8.00)
  ok   10 mk_sea ring:L0:4 [sesqui] clear of aluminium C172's routes  (41.70 m of 8.50)
  ok   10 mk_sea ring:L0:4 [sesqui] clear of the user's Cub's routes  (41.70 m of 8.35)
  ok   10 mk_sea ring:L0:4 [jodel] inside the field
  ok   10 mk_sea ring:L0:4 [jodel] afloat
  ok   10 mk_sea ring:L0:4 [jodel] clear of solid things  (Infinity m of 3.00 (nothing))
  ok   10 mk_sea ring:L0:4 [jodel] clear of stock build's routes  (41.20 m of 8.00)
  ok   10 mk_sea ring:L0:4 [jodel] clear of aluminium C172's routes  (41.20 m of 8.50)
  ok   10 mk_sea ring:L0:4 [jodel] clear of the user's Cub's routes  (41.20 m of 8.35)
  ok   10 mk_sea ring:L0:4 [c172] inside the field
  ok   10 mk_sea ring:L0:4 [c172] afloat
  ok   10 mk_sea ring:L0:4 [c172] clear of solid things  (Infinity m of 3.00 (nothing))
  ok   10 mk_sea ring:L0:4 [c172] clear of stock build's routes  (41.10 m of 8.00)
  ok   10 mk_sea ring:L0:4 [c172] clear of aluminium C172's routes  (41.10 m of 8.50)
  ok   10 mk_sea ring:L0:4 [c172] clear of the user's Cub's routes  (41.10 m of 8.35)
  ok   10 mk_sea ring:L0:4 [chinook] inside the field
  ok   10 mk_sea ring:L0:4 [chinook] afloat
  ok   10 mk_sea ring:L0:4 [chinook] clear of solid things  (Infinity m of 3.00 (nothing))
  ok   10 mk_sea ring:L0:4 [chinook] clear of stock build's routes  (42.20 m of 8.00)
  ok   10 mk_sea ring:L0:4 [chinook] clear of aluminium C172's routes  (42.20 m of 8.50)
  ok   10 mk_sea ring:L0:4 [chinook] clear of the user's Cub's routes  (42.20 m of 8.35)
  ok   10 mk_sea ring:L0:4 [caravan] inside the field
  ok   10 mk_sea ring:L0:4 [caravan] afloat
  ok   10 mk_sea ring:L0:4 [caravan] clear of solid things  (Infinity m of 3.00 (nothing))
  ok   10 mk_sea ring:L0:4 [caravan] clear of stock build's routes  (40.50 m of 8.00)
  ok   10 mk_sea ring:L0:4 [caravan] clear of aluminium C172's routes  (40.50 m of 8.50)
  ok   10 mk_sea ring:L0:4 [caravan] clear of the user's Cub's routes  (40.50 m of 8.35)
  ok   10 mk_sea ring:L0:4 [rv] inside the field
  ok   10 mk_sea ring:L0:4 [rv] afloat
  ok   10 mk_sea ring:L0:4 [rv] clear of solid things  (Infinity m of 3.00 (nothing))
  ok   10 mk_sea ring:L0:4 [rv] clear of stock build's routes  (41.70 m of 8.00)
  ok   10 mk_sea ring:L0:4 [rv] clear of aluminium C172's routes  (41.70 m of 8.50)
  ok   10 mk_sea ring:L0:4 [rv] clear of the user's Cub's routes  (41.70 m of 8.35)
  ok   10 mk_sea ring:L0:4 [savannah] inside the field
  ok   10 mk_sea ring:L0:4 [savannah] afloat
  ok   10 mk_sea ring:L0:4 [savannah] clear of solid things  (Infinity m of 3.00 (nothing))
  ok   10 mk_sea ring:L0:4 [savannah] clear of stock build's routes  (41.70 m of 8.00)
  ok   10 mk_sea ring:L0:4 [savannah] clear of aluminium C172's routes  (41.70 m of 8.50)
  ok   10 mk_sea ring:L0:4 [savannah] clear of the user's Cub's routes  (41.70 m of 8.35)
  ok   10 mk_sea ring:L0:4 [ul1] inside the field
  ok   10 mk_sea ring:L0:4 [ul1] afloat
  ok   10 mk_sea ring:L0:4 [ul1] clear of solid things  (Infinity m of 3.00 (nothing))
  ok   10 mk_sea ring:L0:4 [ul1] clear of stock build's routes  (41.70 m of 8.00)
  ok   10 mk_sea ring:L0:4 [ul1] clear of aluminium C172's routes  (41.70 m of 8.50)
  ok   10 mk_sea ring:L0:4 [ul1] clear of the user's Cub's routes  (41.70 m of 8.35)
  ok   10 mk_sea ring:L0:4 [floatplane] inside the field
  ok   10 mk_sea ring:L0:4 [floatplane] afloat
  ok   10 mk_sea ring:L0:4 [floatplane] clear of solid things  (Infinity m of 3.00 (nothing))
  ok   10 mk_sea ring:L0:4 [floatplane] clear of stock build's routes  (41.40 m of 8.00)
  ok   10 mk_sea ring:L0:4 [floatplane] clear of aluminium C172's routes  (41.40 m of 8.50)
  ok   10 mk_sea ring:L0:4 [floatplane] clear of the user's Cub's routes  (41.40 m of 8.35)
  ok   10 mk_sea ring:L0:4 [pusherPod] inside the field
  ok   10 mk_sea ring:L0:4 [pusherPod] afloat
  ok   10 mk_sea ring:L0:4 [pusherPod] clear of solid things  (Infinity m of 3.00 (nothing))
  ok   10 mk_sea ring:L0:4 [pusherPod] clear of stock build's routes  (42.00 m of 8.00)
  ok   10 mk_sea ring:L0:4 [pusherPod] clear of aluminium C172's routes  (42.00 m of 8.50)
  ok   10 mk_sea ring:L0:4 [pusherPod] clear of the user's Cub's routes  (42.00 m of 8.35)
  ok   10 mk_sea ring:L0:4 [motorglider] inside the field
  ok   10 mk_sea ring:L0:4 [motorglider] afloat
  ok   10 mk_sea ring:L0:4 [motorglider] clear of solid things  (Infinity m of 3.00 (nothing))
  ok   10 mk_sea ring:L0:4 [motorglider] clear of stock build's routes  (41.70 m of 8.00)
  ok   10 mk_sea ring:L0:4 [motorglider] clear of aluminium C172's routes  (41.70 m of 8.50)
  ok   10 mk_sea ring:L0:4 [motorglider] clear of the user's Cub's routes  (41.70 m of 8.35)
  ok   10 mk_sea ring:L0:4 [radial] inside the field
  ok   10 mk_sea ring:L0:4 [radial] afloat
  ok   10 mk_sea ring:L0:4 [radial] clear of solid things  (Infinity m of 3.00 (nothing))
  ok   10 mk_sea ring:L0:4 [radial] clear of stock build's routes  (41.70 m of 8.00)
  ok   10 mk_sea ring:L0:4 [radial] clear of aluminium C172's routes  (41.70 m of 8.50)
  ok   10 mk_sea ring:L0:4 [radial] clear of the user's Cub's routes  (41.70 m of 8.35)
  ok   10 mk_sea ring:L0:4 [etrainer] inside the field
  ok   10 mk_sea ring:L0:4 [etrainer] afloat
  ok   10 mk_sea ring:L0:4 [etrainer] clear of solid things  (Infinity m of 3.00 (nothing))
  ok   10 mk_sea ring:L0:4 [etrainer] clear of stock build's routes  (41.70 m of 8.00)
  ok   10 mk_sea ring:L0:4 [etrainer] clear of aluminium C172's routes  (41.70 m of 8.50)
  ok   10 mk_sea ring:L0:4 [etrainer] clear of the user's Cub's routes  (41.70 m of 8.35)
  ok   10 mk_sea ring:L0:4 [ttail] inside the field
  ok   10 mk_sea ring:L0:4 [ttail] afloat
  ok   10 mk_sea ring:L0:4 [ttail] clear of solid things  (Infinity m of 3.00 (nothing))
  ok   10 mk_sea ring:L0:4 [ttail] clear of stock build's routes  (41.70 m of 8.00)
  ok   10 mk_sea ring:L0:4 [ttail] clear of aluminium C172's routes  (41.70 m of 8.50)
  ok   10 mk_sea ring:L0:4 [ttail] clear of the user's Cub's routes  (41.70 m of 8.35)
  ok   10 mk_sea ring:L0:4 [vtail] inside the field
  ok   10 mk_sea ring:L0:4 [vtail] afloat
  ok   10 mk_sea ring:L0:4 [vtail] clear of solid things  (Infinity m of 3.00 (nothing))
  ok   10 mk_sea ring:L0:4 [vtail] clear of stock build's routes  (41.70 m of 8.00)
  ok   10 mk_sea ring:L0:4 [vtail] clear of aluminium C172's routes  (41.70 m of 8.50)
  ok   10 mk_sea ring:L0:4 [vtail] clear of the user's Cub's routes  (41.70 m of 8.35)
  ok   10 mk_sea ring:L0:4 [mw5] inside the field
  ok   10 mk_sea ring:L0:4 [mw5] afloat
  ok   10 mk_sea ring:L0:4 [mw5] clear of solid things  (Infinity m of 3.00 (nothing))
  ok   10 mk_sea ring:L0:4 [mw5] clear of stock build's routes  (42.00 m of 8.00)
  ok   10 mk_sea ring:L0:4 [mw5] clear of aluminium C172's routes  (42.00 m of 8.50)
  ok   10 mk_sea ring:L0:4 [mw5] clear of the user's Cub's routes  (42.00 m of 8.35)
  ok   10 mk_sea ring:L0:4 [archaeopteryx] inside the field
  ok   10 mk_sea ring:L0:4 [archaeopteryx] afloat
  ok   10 mk_sea ring:L0:4 [archaeopteryx] clear of solid things  (Infinity m of 3.00 (nothing))
  ok   10 mk_sea ring:L0:4 [archaeopteryx] clear of stock build's routes  (42.00 m of 8.00)
  ok   10 mk_sea ring:L0:4 [archaeopteryx] clear of aluminium C172's routes  (42.00 m of 8.50)
  ok   10 mk_sea ring:L0:4 [archaeopteryx] clear of the user's Cub's routes  (42.00 m of 8.35)
  ok   10 mk_sea ring:L0:4 [da62] inside the field
  ok   10 mk_sea ring:L0:4 [da62] afloat
  ok   10 mk_sea ring:L0:4 [da62] clear of solid things  (Infinity m of 3.00 (nothing))
  ok   10 mk_sea ring:L0:4 [da62] clear of stock build's routes  (41.90 m of 8.00)
  ok   10 mk_sea ring:L0:4 [da62] clear of aluminium C172's routes  (41.90 m of 8.50)
  ok   10 mk_sea ring:L0:4 [da62] clear of the user's Cub's routes  (41.90 m of 8.35)
  ok   10 mk_sea ring:L0:4 [twinBush] inside the field
  ok   10 mk_sea ring:L0:4 [twinBush] afloat
  ok   10 mk_sea ring:L0:4 [twinBush] clear of solid things  (Infinity m of 3.00 (nothing))
  ok   10 mk_sea ring:L0:4 [twinBush] clear of stock build's routes  (41.90 m of 8.00)
  ok   10 mk_sea ring:L0:4 [twinBush] clear of aluminium C172's routes  (41.90 m of 8.50)
  ok   10 mk_sea ring:L0:4 [twinBush] clear of the user's Cub's routes  (41.90 m of 8.35)
  ok   10 mk_sea ring:L0:4 [skymaster] inside the field
  ok   10 mk_sea ring:L0:4 [skymaster] afloat
  ok   10 mk_sea ring:L0:4 [skymaster] clear of solid things  (Infinity m of 3.00 (nothing))
  ok   10 mk_sea ring:L0:4 [skymaster] clear of stock build's routes  (41.70 m of 8.00)
  ok   10 mk_sea ring:L0:4 [skymaster] clear of aluminium C172's routes  (41.70 m of 8.50)
  ok   10 mk_sea ring:L0:4 [skymaster] clear of the user's Cub's routes  (41.70 m of 8.35)
  ok   10 mk_sea ring:L0:4 [p38] inside the field
  ok   10 mk_sea ring:L0:4 [p38] afloat
  ok   10 mk_sea ring:L0:4 [p38] clear of solid things  (Infinity m of 3.00 (nothing))
  ok   10 mk_sea ring:L0:4 [p38] clear of stock build's routes  (41.90 m of 8.00)
  ok   10 mk_sea ring:L0:4 [p38] clear of aluminium C172's routes  (41.90 m of 8.50)
  ok   10 mk_sea ring:L0:4 [p38] clear of the user's Cub's routes  (41.90 m of 8.35)
  ok   10 mk_sea ring:L0:4 [beaver] inside the field
  ok   10 mk_sea ring:L0:4 [beaver] afloat
  ok   10 mk_sea ring:L0:4 [beaver] clear of solid things  (Infinity m of 3.00 (nothing))
  ok   10 mk_sea ring:L0:4 [beaver] clear of stock build's routes  (41.60 m of 8.00)
  ok   10 mk_sea ring:L0:4 [beaver] clear of aluminium C172's routes  (41.60 m of 8.50)
  ok   10 mk_sea ring:L0:4 [beaver] clear of the user's Cub's routes  (41.60 m of 8.35)
  ok   10 mk_sea ring:L0:4 [default] inside the field
  ok   10 mk_sea ring:L0:4 [default] afloat
  ok   10 mk_sea ring:L0:4 [default] clear of solid things  (Infinity m of 3.00 (nothing))
  ok   10 mk_sea ring:L0:4 [default] clear of stock build's routes  (41.00 m of 8.00)
  ok   10 mk_sea ring:L0:4 [default] clear of aluminium C172's routes  (41.00 m of 8.50)
  ok   10 mk_sea ring:L0:4 [default] clear of the user's Cub's routes  (41.00 m of 8.35)
  ok   10 mk_sea ring:L0:6 [cub] inside the field
  ok   10 mk_sea ring:L0:6 [cub] afloat
  ok   10 mk_sea ring:L0:6 [cub] clear of solid things  (Infinity m of 3.00 (nothing))
  ok   10 mk_sea ring:L0:6 [cub] clear of stock build's routes  (49.67 m of 8.00)
  ok   10 mk_sea ring:L0:6 [cub] clear of aluminium C172's routes  (49.67 m of 8.50)
  ok   10 mk_sea ring:L0:6 [cub] clear of the user's Cub's routes  (49.67 m of 8.35)
  ok   10 mk_sea ring:L0:6 [pietenpol] inside the field
  ok   10 mk_sea ring:L0:6 [pietenpol] afloat
  ok   10 mk_sea ring:L0:6 [pietenpol] clear of solid things  (Infinity m of 3.00 (nothing))
  ok   10 mk_sea ring:L0:6 [pietenpol] clear of stock build's routes  (50.56 m of 8.00)
  ok   10 mk_sea ring:L0:6 [pietenpol] clear of aluminium C172's routes  (50.56 m of 8.50)
  ok   10 mk_sea ring:L0:6 [pietenpol] clear of the user's Cub's routes  (50.56 m of 8.35)
  ok   10 mk_sea ring:L0:6 [tigermoth] inside the field
  ok   10 mk_sea ring:L0:6 [tigermoth] afloat
  ok   10 mk_sea ring:L0:6 [tigermoth] clear of solid things  (Infinity m of 3.00 (nothing))
  ok   10 mk_sea ring:L0:6 [tigermoth] clear of stock build's routes  (50.51 m of 8.00)
  ok   10 mk_sea ring:L0:6 [tigermoth] clear of aluminium C172's routes  (50.51 m of 8.50)
  ok   10 mk_sea ring:L0:6 [tigermoth] clear of the user's Cub's routes  (50.51 m of 8.35)
  ok   10 mk_sea ring:L0:6 [stearman] inside the field
  ok   10 mk_sea ring:L0:6 [stearman] afloat
  ok   10 mk_sea ring:L0:6 [stearman] clear of solid things  (Infinity m of 3.00 (nothing))
  ok   10 mk_sea ring:L0:6 [stearman] clear of stock build's routes  (50.20 m of 8.00)
  ok   10 mk_sea ring:L0:6 [stearman] clear of aluminium C172's routes  (50.20 m of 8.50)
  ok   10 mk_sea ring:L0:6 [stearman] clear of the user's Cub's routes  (50.20 m of 8.35)
  ok   10 mk_sea ring:L0:6 [pittsAlike] inside the field
  ok   10 mk_sea ring:L0:6 [pittsAlike] afloat
  ok   10 mk_sea ring:L0:6 [pittsAlike] clear of solid things  (Infinity m of 3.00 (nothing))
  ok   10 mk_sea ring:L0:6 [pittsAlike] clear of stock build's routes  (51.19 m of 8.00)
  ok   10 mk_sea ring:L0:6 [pittsAlike] clear of aluminium C172's routes  (51.19 m of 8.50)
  ok   10 mk_sea ring:L0:6 [pittsAlike] clear of the user's Cub's routes  (51.19 m of 8.35)
  ok   10 mk_sea ring:L0:6 [sesqui] inside the field
  ok   10 mk_sea ring:L0:6 [sesqui] afloat
  ok   10 mk_sea ring:L0:6 [sesqui] clear of solid things  (Infinity m of 3.00 (nothing))
  ok   10 mk_sea ring:L0:6 [sesqui] clear of stock build's routes  (50.23 m of 8.00)
  ok   10 mk_sea ring:L0:6 [sesqui] clear of aluminium C172's routes  (50.23 m of 8.50)
  ok   10 mk_sea ring:L0:6 [sesqui] clear of the user's Cub's routes  (50.23 m of 8.35)
  ok   10 mk_sea ring:L0:6 [jodel] inside the field
  ok   10 mk_sea ring:L0:6 [jodel] afloat
  ok   10 mk_sea ring:L0:6 [jodel] clear of solid things  (Infinity m of 3.00 (nothing))
  ok   10 mk_sea ring:L0:6 [jodel] clear of stock build's routes  (50.27 m of 8.00)
  ok   10 mk_sea ring:L0:6 [jodel] clear of aluminium C172's routes  (50.27 m of 8.50)
  ok   10 mk_sea ring:L0:6 [jodel] clear of the user's Cub's routes  (50.27 m of 8.35)
  ok   10 mk_sea ring:L0:6 [c172] inside the field
  ok   10 mk_sea ring:L0:6 [c172] afloat
  ok   10 mk_sea ring:L0:6 [c172] clear of solid things  (Infinity m of 3.00 (nothing))
  ok   10 mk_sea ring:L0:6 [c172] clear of stock build's routes  (49.45 m of 8.00)
  ok   10 mk_sea ring:L0:6 [c172] clear of aluminium C172's routes  (49.45 m of 8.50)
  ok   10 mk_sea ring:L0:6 [c172] clear of the user's Cub's routes  (49.45 m of 8.35)
  ok   10 mk_sea ring:L0:6 [chinook] inside the field
  ok   10 mk_sea ring:L0:6 [chinook] afloat
  ok   10 mk_sea ring:L0:6 [chinook] clear of solid things  (Infinity m of 3.00 (nothing))
  ok   10 mk_sea ring:L0:6 [chinook] clear of stock build's routes  (50.70 m of 8.00)
  ok   10 mk_sea ring:L0:6 [chinook] clear of aluminium C172's routes  (50.70 m of 8.50)
  ok   10 mk_sea ring:L0:6 [chinook] clear of the user's Cub's routes  (50.70 m of 8.35)
  ok   10 mk_sea ring:L0:6 [caravan] inside the field
  ok   10 mk_sea ring:L0:6 [caravan] afloat
  ok   10 mk_sea ring:L0:6 [caravan] clear of solid things  (Infinity m of 3.00 (nothing))
  ok   10 mk_sea ring:L0:6 [caravan] clear of stock build's routes  (48.13 m of 8.00)
  ok   10 mk_sea ring:L0:6 [caravan] clear of aluminium C172's routes  (48.13 m of 8.50)
  ok   10 mk_sea ring:L0:6 [caravan] clear of the user's Cub's routes  (48.13 m of 8.35)
  ok   10 mk_sea ring:L0:6 [rv] inside the field
  ok   10 mk_sea ring:L0:6 [rv] afloat
  ok   10 mk_sea ring:L0:6 [rv] clear of solid things  (Infinity m of 3.00 (nothing))
  ok   10 mk_sea ring:L0:6 [rv] clear of stock build's routes  (50.28 m of 8.00)
  ok   10 mk_sea ring:L0:6 [rv] clear of aluminium C172's routes  (50.28 m of 8.50)
  ok   10 mk_sea ring:L0:6 [rv] clear of the user's Cub's routes  (50.28 m of 8.35)
  ok   10 mk_sea ring:L0:6 [savannah] inside the field
  ok   10 mk_sea ring:L0:6 [savannah] afloat
  ok   10 mk_sea ring:L0:6 [savannah] clear of solid things  (Infinity m of 3.00 (nothing))
  ok   10 mk_sea ring:L0:6 [savannah] clear of stock build's routes  (50.45 m of 8.00)
  ok   10 mk_sea ring:L0:6 [savannah] clear of aluminium C172's routes  (50.45 m of 8.50)
  ok   10 mk_sea ring:L0:6 [savannah] clear of the user's Cub's routes  (50.45 m of 8.35)
  ok   10 mk_sea ring:L0:6 [ul1] inside the field
  ok   10 mk_sea ring:L0:6 [ul1] afloat
  ok   10 mk_sea ring:L0:6 [ul1] clear of solid things  (Infinity m of 3.00 (nothing))
  ok   10 mk_sea ring:L0:6 [ul1] clear of stock build's routes  (50.40 m of 8.00)
  ok   10 mk_sea ring:L0:6 [ul1] clear of aluminium C172's routes  (50.40 m of 8.50)
  ok   10 mk_sea ring:L0:6 [ul1] clear of the user's Cub's routes  (50.40 m of 8.35)
  ok   10 mk_sea ring:L0:6 [floatplane] inside the field
  ok   10 mk_sea ring:L0:6 [floatplane] afloat
  ok   10 mk_sea ring:L0:6 [floatplane] clear of solid things  (Infinity m of 3.00 (nothing))
  ok   10 mk_sea ring:L0:6 [floatplane] clear of stock build's routes  (49.48 m of 8.00)
  ok   10 mk_sea ring:L0:6 [floatplane] clear of aluminium C172's routes  (49.48 m of 8.50)
  ok   10 mk_sea ring:L0:6 [floatplane] clear of the user's Cub's routes  (49.48 m of 8.35)
  ok   10 mk_sea ring:L0:6 [pusherPod] inside the field
  ok   10 mk_sea ring:L0:6 [pusherPod] afloat
  ok   10 mk_sea ring:L0:6 [pusherPod] clear of solid things  (Infinity m of 3.00 (nothing))
  ok   10 mk_sea ring:L0:6 [pusherPod] clear of stock build's routes  (50.70 m of 8.00)
  ok   10 mk_sea ring:L0:6 [pusherPod] clear of aluminium C172's routes  (50.70 m of 8.50)
  ok   10 mk_sea ring:L0:6 [pusherPod] clear of the user's Cub's routes  (50.70 m of 8.35)
  ok   10 mk_sea ring:L0:6 [motorglider] inside the field
  ok   10 mk_sea ring:L0:6 [motorglider] afloat
  ok   10 mk_sea ring:L0:6 [motorglider] clear of solid things  (Infinity m of 3.00 (nothing))
  ok   10 mk_sea ring:L0:6 [motorglider] clear of stock build's routes  (49.41 m of 8.00)
  ok   10 mk_sea ring:L0:6 [motorglider] clear of aluminium C172's routes  (49.41 m of 8.50)
  ok   10 mk_sea ring:L0:6 [motorglider] clear of the user's Cub's routes  (49.41 m of 8.35)
  ok   10 mk_sea ring:L0:6 [radial] inside the field
  ok   10 mk_sea ring:L0:6 [radial] afloat
  ok   10 mk_sea ring:L0:6 [radial] clear of solid things  (Infinity m of 3.00 (nothing))
  ok   10 mk_sea ring:L0:6 [radial] clear of stock build's routes  (49.95 m of 8.00)
  ok   10 mk_sea ring:L0:6 [radial] clear of aluminium C172's routes  (49.95 m of 8.50)
  ok   10 mk_sea ring:L0:6 [radial] clear of the user's Cub's routes  (49.95 m of 8.35)
  ok   10 mk_sea ring:L0:6 [etrainer] inside the field
  ok   10 mk_sea ring:L0:6 [etrainer] afloat
  ok   10 mk_sea ring:L0:6 [etrainer] clear of solid things  (Infinity m of 3.00 (nothing))
  ok   10 mk_sea ring:L0:6 [etrainer] clear of stock build's routes  (50.51 m of 8.00)
  ok   10 mk_sea ring:L0:6 [etrainer] clear of aluminium C172's routes  (50.51 m of 8.50)
  ok   10 mk_sea ring:L0:6 [etrainer] clear of the user's Cub's routes  (50.51 m of 8.35)
  ok   10 mk_sea ring:L0:6 [ttail] inside the field
  ok   10 mk_sea ring:L0:6 [ttail] afloat
  ok   10 mk_sea ring:L0:6 [ttail] clear of solid things  (Infinity m of 3.00 (nothing))
  ok   10 mk_sea ring:L0:6 [ttail] clear of stock build's routes  (49.95 m of 8.00)
  ok   10 mk_sea ring:L0:6 [ttail] clear of aluminium C172's routes  (49.95 m of 8.50)
  ok   10 mk_sea ring:L0:6 [ttail] clear of the user's Cub's routes  (49.95 m of 8.35)
  ok   10 mk_sea ring:L0:6 [vtail] inside the field
  ok   10 mk_sea ring:L0:6 [vtail] afloat
  ok   10 mk_sea ring:L0:6 [vtail] clear of solid things  (Infinity m of 3.00 (nothing))
  ok   10 mk_sea ring:L0:6 [vtail] clear of stock build's routes  (49.95 m of 8.00)
  ok   10 mk_sea ring:L0:6 [vtail] clear of aluminium C172's routes  (49.95 m of 8.50)
  ok   10 mk_sea ring:L0:6 [vtail] clear of the user's Cub's routes  (49.95 m of 8.35)
  ok   10 mk_sea ring:L0:6 [mw5] inside the field
  ok   10 mk_sea ring:L0:6 [mw5] afloat
  ok   10 mk_sea ring:L0:6 [mw5] clear of solid things  (Infinity m of 3.00 (nothing))
  ok   10 mk_sea ring:L0:6 [mw5] clear of stock build's routes  (50.64 m of 8.00)
  ok   10 mk_sea ring:L0:6 [mw5] clear of aluminium C172's routes  (50.64 m of 8.50)
  ok   10 mk_sea ring:L0:6 [mw5] clear of the user's Cub's routes  (50.64 m of 8.35)
  ok   10 mk_sea ring:L0:6 [archaeopteryx] inside the field
  ok   10 mk_sea ring:L0:6 [archaeopteryx] afloat
  ok   10 mk_sea ring:L0:6 [archaeopteryx] clear of solid things  (Infinity m of 3.00 (nothing))
  ok   10 mk_sea ring:L0:6 [archaeopteryx] clear of stock build's routes  (50.20 m of 8.00)
  ok   10 mk_sea ring:L0:6 [archaeopteryx] clear of aluminium C172's routes  (50.20 m of 8.50)
  ok   10 mk_sea ring:L0:6 [archaeopteryx] clear of the user's Cub's routes  (50.20 m of 8.35)
  ok   10 mk_sea ring:L0:6 [da62] inside the field
  ok   10 mk_sea ring:L0:6 [da62] afloat
  ok   10 mk_sea ring:L0:6 [da62] clear of solid things  (Infinity m of 3.00 (nothing))
  ok   10 mk_sea ring:L0:6 [da62] clear of stock build's routes  (49.31 m of 8.00)
  ok   10 mk_sea ring:L0:6 [da62] clear of aluminium C172's routes  (49.31 m of 8.50)
  ok   10 mk_sea ring:L0:6 [da62] clear of the user's Cub's routes  (49.31 m of 8.35)
  ok   10 mk_sea ring:L0:6 [twinBush] inside the field
  ok   10 mk_sea ring:L0:6 [twinBush] afloat
  ok   10 mk_sea ring:L0:6 [twinBush] clear of solid things  (Infinity m of 3.00 (nothing))
  ok   10 mk_sea ring:L0:6 [twinBush] clear of stock build's routes  (48.79 m of 8.00)
  ok   10 mk_sea ring:L0:6 [twinBush] clear of aluminium C172's routes  (48.79 m of 8.50)
  ok   10 mk_sea ring:L0:6 [twinBush] clear of the user's Cub's routes  (48.79 m of 8.35)
  ok   10 mk_sea ring:L0:6 [skymaster] inside the field
  ok   10 mk_sea ring:L0:6 [skymaster] afloat
  ok   10 mk_sea ring:L0:6 [skymaster] clear of solid things  (Infinity m of 3.00 (nothing))
  ok   10 mk_sea ring:L0:6 [skymaster] clear of stock build's routes  (49.95 m of 8.00)
  ok   10 mk_sea ring:L0:6 [skymaster] clear of aluminium C172's routes  (49.95 m of 8.50)
  ok   10 mk_sea ring:L0:6 [skymaster] clear of the user's Cub's routes  (49.95 m of 8.35)
  ok   10 mk_sea ring:L0:6 [p38] inside the field
  ok   10 mk_sea ring:L0:6 [p38] afloat
  ok   10 mk_sea ring:L0:6 [p38] clear of solid things  (Infinity m of 3.00 (nothing))
  ok   10 mk_sea ring:L0:6 [p38] clear of stock build's routes  (50.12 m of 8.00)
  ok   10 mk_sea ring:L0:6 [p38] clear of aluminium C172's routes  (50.12 m of 8.50)
  ok   10 mk_sea ring:L0:6 [p38] clear of the user's Cub's routes  (50.12 m of 8.35)
  ok   10 mk_sea ring:L0:6 [beaver] inside the field
  ok   10 mk_sea ring:L0:6 [beaver] afloat
  ok   10 mk_sea ring:L0:6 [beaver] clear of solid things  (Infinity m of 3.00 (nothing))
  ok   10 mk_sea ring:L0:6 [beaver] clear of stock build's routes  (48.90 m of 8.00)
  ok   10 mk_sea ring:L0:6 [beaver] clear of aluminium C172's routes  (48.90 m of 8.50)
  ok   10 mk_sea ring:L0:6 [beaver] clear of the user's Cub's routes  (48.90 m of 8.35)
  ok   10 mk_sea ring:L0:6 [default] inside the field
  ok   10 mk_sea ring:L0:6 [default] afloat
  ok   10 mk_sea ring:L0:6 [default] clear of solid things  (Infinity m of 3.00 (nothing))
  ok   10 mk_sea ring:L0:6 [default] clear of stock build's routes  (49.09 m of 8.00)
  ok   10 mk_sea ring:L0:6 [default] clear of aluminium C172's routes  (49.09 m of 8.50)
  ok   10 mk_sea ring:L0:6 [default] clear of the user's Cub's routes  (49.09 m of 8.35)
  ok   10 mk_sea ring:L0:7 [cub] inside the field
  ok   10 mk_sea ring:L0:7 [cub] afloat
  ok   10 mk_sea ring:L0:7 [cub] clear of solid things  (Infinity m of 3.00 (nothing))
  ok   10 mk_sea ring:L0:7 [cub] clear of stock build's routes  (Infinity m of 8.00)
  ok   10 mk_sea ring:L0:7 [cub] clear of aluminium C172's routes  (Infinity m of 8.50)
  ok   10 mk_sea ring:L0:7 [cub] clear of the user's Cub's routes  (Infinity m of 8.35)
  ok   10 mk_sea ring:L0:7 [pietenpol] inside the field
  ok   10 mk_sea ring:L0:7 [pietenpol] afloat
  ok   10 mk_sea ring:L0:7 [pietenpol] clear of solid things  (Infinity m of 3.00 (nothing))
  ok   10 mk_sea ring:L0:7 [pietenpol] clear of stock build's routes  (Infinity m of 8.00)
  ok   10 mk_sea ring:L0:7 [pietenpol] clear of aluminium C172's routes  (Infinity m of 8.50)
  ok   10 mk_sea ring:L0:7 [pietenpol] clear of the user's Cub's routes  (Infinity m of 8.35)
  ok   10 mk_sea ring:L0:7 [tigermoth] inside the field
  ok   10 mk_sea ring:L0:7 [tigermoth] afloat
  ok   10 mk_sea ring:L0:7 [tigermoth] clear of solid things  (Infinity m of 3.00 (nothing))
  ok   10 mk_sea ring:L0:7 [tigermoth] clear of stock build's routes  (Infinity m of 8.00)
  ok   10 mk_sea ring:L0:7 [tigermoth] clear of aluminium C172's routes  (Infinity m of 8.50)
  ok   10 mk_sea ring:L0:7 [tigermoth] clear of the user's Cub's routes  (Infinity m of 8.35)
  ok   10 mk_sea ring:L0:7 [stearman] inside the field
  ok   10 mk_sea ring:L0:7 [stearman] afloat
  ok   10 mk_sea ring:L0:7 [stearman] clear of solid things  (Infinity m of 3.00 (nothing))
  ok   10 mk_sea ring:L0:7 [stearman] clear of stock build's routes  (Infinity m of 8.00)
  ok   10 mk_sea ring:L0:7 [stearman] clear of aluminium C172's routes  (Infinity m of 8.50)
  ok   10 mk_sea ring:L0:7 [stearman] clear of the user's Cub's routes  (Infinity m of 8.35)
  ok   10 mk_sea ring:L0:7 [pittsAlike] inside the field
  ok   10 mk_sea ring:L0:7 [pittsAlike] afloat
  ok   10 mk_sea ring:L0:7 [pittsAlike] clear of solid things  (Infinity m of 3.00 (nothing))
  ok   10 mk_sea ring:L0:7 [pittsAlike] clear of stock build's routes  (Infinity m of 8.00)
  ok   10 mk_sea ring:L0:7 [pittsAlike] clear of aluminium C172's routes  (Infinity m of 8.50)
  ok   10 mk_sea ring:L0:7 [pittsAlike] clear of the user's Cub's routes  (Infinity m of 8.35)
  ok   10 mk_sea ring:L0:7 [sesqui] inside the field
  ok   10 mk_sea ring:L0:7 [sesqui] afloat
  ok   10 mk_sea ring:L0:7 [sesqui] clear of solid things  (Infinity m of 3.00 (nothing))
  ok   10 mk_sea ring:L0:7 [sesqui] clear of stock build's routes  (Infinity m of 8.00)
  ok   10 mk_sea ring:L0:7 [sesqui] clear of aluminium C172's routes  (Infinity m of 8.50)
  ok   10 mk_sea ring:L0:7 [sesqui] clear of the user's Cub's routes  (Infinity m of 8.35)
  ok   10 mk_sea ring:L0:7 [jodel] inside the field
  ok   10 mk_sea ring:L0:7 [jodel] afloat
  ok   10 mk_sea ring:L0:7 [jodel] clear of solid things  (Infinity m of 3.00 (nothing))
  ok   10 mk_sea ring:L0:7 [jodel] clear of stock build's routes  (Infinity m of 8.00)
  ok   10 mk_sea ring:L0:7 [jodel] clear of aluminium C172's routes  (Infinity m of 8.50)
  ok   10 mk_sea ring:L0:7 [jodel] clear of the user's Cub's routes  (Infinity m of 8.35)
  ok   10 mk_sea ring:L0:7 [c172] inside the field
  ok   10 mk_sea ring:L0:7 [c172] afloat
  ok   10 mk_sea ring:L0:7 [c172] clear of solid things  (Infinity m of 3.00 (nothing))
  ok   10 mk_sea ring:L0:7 [c172] clear of stock build's routes  (Infinity m of 8.00)
  ok   10 mk_sea ring:L0:7 [c172] clear of aluminium C172's routes  (Infinity m of 8.50)
  ok   10 mk_sea ring:L0:7 [c172] clear of the user's Cub's routes  (Infinity m of 8.35)
  ok   10 mk_sea ring:L0:7 [chinook] inside the field
  ok   10 mk_sea ring:L0:7 [chinook] afloat
  ok   10 mk_sea ring:L0:7 [chinook] clear of solid things  (Infinity m of 3.00 (nothing))
  ok   10 mk_sea ring:L0:7 [chinook] clear of stock build's routes  (Infinity m of 8.00)
  ok   10 mk_sea ring:L0:7 [chinook] clear of aluminium C172's routes  (Infinity m of 8.50)
  ok   10 mk_sea ring:L0:7 [chinook] clear of the user's Cub's routes  (Infinity m of 8.35)
  ok   10 mk_sea ring:L0:7 [caravan] inside the field
  ok   10 mk_sea ring:L0:7 [caravan] afloat
  ok   10 mk_sea ring:L0:7 [caravan] clear of solid things  (Infinity m of 3.00 (nothing))
  ok   10 mk_sea ring:L0:7 [caravan] clear of stock build's routes  (Infinity m of 8.00)
  ok   10 mk_sea ring:L0:7 [caravan] clear of aluminium C172's routes  (Infinity m of 8.50)
  ok   10 mk_sea ring:L0:7 [caravan] clear of the user's Cub's routes  (Infinity m of 8.35)
  ok   10 mk_sea ring:L0:7 [rv] inside the field
  ok   10 mk_sea ring:L0:7 [rv] afloat
  ok   10 mk_sea ring:L0:7 [rv] clear of solid things  (Infinity m of 3.00 (nothing))
  ok   10 mk_sea ring:L0:7 [rv] clear of stock build's routes  (Infinity m of 8.00)
  ok   10 mk_sea ring:L0:7 [rv] clear of aluminium C172's routes  (Infinity m of 8.50)
  ok   10 mk_sea ring:L0:7 [rv] clear of the user's Cub's routes  (Infinity m of 8.35)
  ok   10 mk_sea ring:L0:7 [savannah] inside the field
  ok   10 mk_sea ring:L0:7 [savannah] afloat
  ok   10 mk_sea ring:L0:7 [savannah] clear of solid things  (Infinity m of 3.00 (nothing))
  ok   10 mk_sea ring:L0:7 [savannah] clear of stock build's routes  (Infinity m of 8.00)
  ok   10 mk_sea ring:L0:7 [savannah] clear of aluminium C172's routes  (Infinity m of 8.50)
  ok   10 mk_sea ring:L0:7 [savannah] clear of the user's Cub's routes  (Infinity m of 8.35)
  ok   10 mk_sea ring:L0:7 [ul1] inside the field
  ok   10 mk_sea ring:L0:7 [ul1] afloat
  ok   10 mk_sea ring:L0:7 [ul1] clear of solid things  (Infinity m of 3.00 (nothing))
  ok   10 mk_sea ring:L0:7 [ul1] clear of stock build's routes  (Infinity m of 8.00)
  ok   10 mk_sea ring:L0:7 [ul1] clear of aluminium C172's routes  (Infinity m of 8.50)
  ok   10 mk_sea ring:L0:7 [ul1] clear of the user's Cub's routes  (Infinity m of 8.35)
  ok   10 mk_sea ring:L0:7 [floatplane] inside the field
  ok   10 mk_sea ring:L0:7 [floatplane] afloat
  ok   10 mk_sea ring:L0:7 [floatplane] clear of solid things  (Infinity m of 3.00 (nothing))
  ok   10 mk_sea ring:L0:7 [floatplane] clear of stock build's routes  (Infinity m of 8.00)
  ok   10 mk_sea ring:L0:7 [floatplane] clear of aluminium C172's routes  (Infinity m of 8.50)
  ok   10 mk_sea ring:L0:7 [floatplane] clear of the user's Cub's routes  (Infinity m of 8.35)
  ok   10 mk_sea ring:L0:7 [pusherPod] inside the field
  ok   10 mk_sea ring:L0:7 [pusherPod] afloat
  ok   10 mk_sea ring:L0:7 [pusherPod] clear of solid things  (Infinity m of 3.00 (nothing))
  ok   10 mk_sea ring:L0:7 [pusherPod] clear of stock build's routes  (Infinity m of 8.00)
  ok   10 mk_sea ring:L0:7 [pusherPod] clear of aluminium C172's routes  (Infinity m of 8.50)
  ok   10 mk_sea ring:L0:7 [pusherPod] clear of the user's Cub's routes  (Infinity m of 8.35)
  ok   10 mk_sea ring:L0:7 [motorglider] inside the field
  ok   10 mk_sea ring:L0:7 [motorglider] afloat
  ok   10 mk_sea ring:L0:7 [motorglider] clear of solid things  (Infinity m of 3.00 (nothing))
  ok   10 mk_sea ring:L0:7 [motorglider] clear of stock build's routes  (Infinity m of 8.00)
  ok   10 mk_sea ring:L0:7 [motorglider] clear of aluminium C172's routes  (Infinity m of 8.50)
  ok   10 mk_sea ring:L0:7 [motorglider] clear of the user's Cub's routes  (Infinity m of 8.35)
  ok   10 mk_sea ring:L0:7 [radial] inside the field
  ok   10 mk_sea ring:L0:7 [radial] afloat
  ok   10 mk_sea ring:L0:7 [radial] clear of solid things  (Infinity m of 3.00 (nothing))
  ok   10 mk_sea ring:L0:7 [radial] clear of stock build's routes  (Infinity m of 8.00)
  ok   10 mk_sea ring:L0:7 [radial] clear of aluminium C172's routes  (Infinity m of 8.50)
  ok   10 mk_sea ring:L0:7 [radial] clear of the user's Cub's routes  (Infinity m of 8.35)
  ok   10 mk_sea ring:L0:7 [etrainer] inside the field
  ok   10 mk_sea ring:L0:7 [etrainer] afloat
  ok   10 mk_sea ring:L0:7 [etrainer] clear of solid things  (Infinity m of 3.00 (nothing))
  ok   10 mk_sea ring:L0:7 [etrainer] clear of stock build's routes  (Infinity m of 8.00)
  ok   10 mk_sea ring:L0:7 [etrainer] clear of aluminium C172's routes  (Infinity m of 8.50)
  ok   10 mk_sea ring:L0:7 [etrainer] clear of the user's Cub's routes  (Infinity m of 8.35)
  ok   10 mk_sea ring:L0:7 [ttail] inside the field
  ok   10 mk_sea ring:L0:7 [ttail] afloat
  ok   10 mk_sea ring:L0:7 [ttail] clear of solid things  (Infinity m of 3.00 (nothing))
  ok   10 mk_sea ring:L0:7 [ttail] clear of stock build's routes  (Infinity m of 8.00)
  ok   10 mk_sea ring:L0:7 [ttail] clear of aluminium C172's routes  (Infinity m of 8.50)
  ok   10 mk_sea ring:L0:7 [ttail] clear of the user's Cub's routes  (Infinity m of 8.35)
  ok   10 mk_sea ring:L0:7 [vtail] inside the field
  ok   10 mk_sea ring:L0:7 [vtail] afloat
  ok   10 mk_sea ring:L0:7 [vtail] clear of solid things  (Infinity m of 3.00 (nothing))
  ok   10 mk_sea ring:L0:7 [vtail] clear of stock build's routes  (Infinity m of 8.00)
  ok   10 mk_sea ring:L0:7 [vtail] clear of aluminium C172's routes  (Infinity m of 8.50)
  ok   10 mk_sea ring:L0:7 [vtail] clear of the user's Cub's routes  (Infinity m of 8.35)
  ok   10 mk_sea ring:L0:7 [mw5] inside the field
  ok   10 mk_sea ring:L0:7 [mw5] afloat
  ok   10 mk_sea ring:L0:7 [mw5] clear of solid things  (Infinity m of 3.00 (nothing))
  ok   10 mk_sea ring:L0:7 [mw5] clear of stock build's routes  (Infinity m of 8.00)
  ok   10 mk_sea ring:L0:7 [mw5] clear of aluminium C172's routes  (Infinity m of 8.50)
  ok   10 mk_sea ring:L0:7 [mw5] clear of the user's Cub's routes  (Infinity m of 8.35)
  ok   10 mk_sea ring:L0:7 [archaeopteryx] inside the field
  ok   10 mk_sea ring:L0:7 [archaeopteryx] afloat
  ok   10 mk_sea ring:L0:7 [archaeopteryx] clear of solid things  (Infinity m of 3.00 (nothing))
  ok   10 mk_sea ring:L0:7 [archaeopteryx] clear of stock build's routes  (Infinity m of 8.00)
  ok   10 mk_sea ring:L0:7 [archaeopteryx] clear of aluminium C172's routes  (Infinity m of 8.50)
  ok   10 mk_sea ring:L0:7 [archaeopteryx] clear of the user's Cub's routes  (Infinity m of 8.35)
  ok   10 mk_sea ring:L0:7 [da62] inside the field
  ok   10 mk_sea ring:L0:7 [da62] afloat
  ok   10 mk_sea ring:L0:7 [da62] clear of solid things  (Infinity m of 3.00 (nothing))
  ok   10 mk_sea ring:L0:7 [da62] clear of stock build's routes  (Infinity m of 8.00)
  ok   10 mk_sea ring:L0:7 [da62] clear of aluminium C172's routes  (Infinity m of 8.50)
  ok   10 mk_sea ring:L0:7 [da62] clear of the user's Cub's routes  (Infinity m of 8.35)
  ok   10 mk_sea ring:L0:7 [twinBush] inside the field
  ok   10 mk_sea ring:L0:7 [twinBush] afloat
  ok   10 mk_sea ring:L0:7 [twinBush] clear of solid things  (Infinity m of 3.00 (nothing))
  ok   10 mk_sea ring:L0:7 [twinBush] clear of stock build's routes  (Infinity m of 8.00)
  ok   10 mk_sea ring:L0:7 [twinBush] clear of aluminium C172's routes  (Infinity m of 8.50)
  ok   10 mk_sea ring:L0:7 [twinBush] clear of the user's Cub's routes  (Infinity m of 8.35)
  ok   10 mk_sea ring:L0:7 [skymaster] inside the field
  ok   10 mk_sea ring:L0:7 [skymaster] afloat
  ok   10 mk_sea ring:L0:7 [skymaster] clear of solid things  (Infinity m of 3.00 (nothing))
  ok   10 mk_sea ring:L0:7 [skymaster] clear of stock build's routes  (Infinity m of 8.00)
  ok   10 mk_sea ring:L0:7 [skymaster] clear of aluminium C172's routes  (Infinity m of 8.50)
  ok   10 mk_sea ring:L0:7 [skymaster] clear of the user's Cub's routes  (Infinity m of 8.35)
  ok   10 mk_sea ring:L0:7 [p38] inside the field
  ok   10 mk_sea ring:L0:7 [p38] afloat
  ok   10 mk_sea ring:L0:7 [p38] clear of solid things  (Infinity m of 3.00 (nothing))
  ok   10 mk_sea ring:L0:7 [p38] clear of stock build's routes  (Infinity m of 8.00)
  ok   10 mk_sea ring:L0:7 [p38] clear of aluminium C172's routes  (Infinity m of 8.50)
  ok   10 mk_sea ring:L0:7 [p38] clear of the user's Cub's routes  (Infinity m of 8.35)
  ok   10 mk_sea ring:L0:7 [beaver] inside the field
  ok   10 mk_sea ring:L0:7 [beaver] afloat
  ok   10 mk_sea ring:L0:7 [beaver] clear of solid things  (Infinity m of 3.00 (nothing))
  ok   10 mk_sea ring:L0:7 [beaver] clear of stock build's routes  (Infinity m of 8.00)
  ok   10 mk_sea ring:L0:7 [beaver] clear of aluminium C172's routes  (Infinity m of 8.50)
  ok   10 mk_sea ring:L0:7 [beaver] clear of the user's Cub's routes  (Infinity m of 8.35)
  ok   10 mk_sea ring:L0:7 [default] inside the field
  ok   10 mk_sea ring:L0:7 [default] afloat
  ok   10 mk_sea ring:L0:7 [default] clear of solid things  (Infinity m of 3.00 (nothing))
  ok   10 mk_sea ring:L0:7 [default] clear of stock build's routes  (Infinity m of 8.00)
  ok   10 mk_sea ring:L0:7 [default] clear of aluminium C172's routes  (Infinity m of 8.50)
  ok   10 mk_sea ring:L0:7 [default] clear of the user's Cub's routes  (Infinity m of 8.35)
  ok   10 mk_sea ring:L0:9 [cub] inside the field
  ok   10 mk_sea ring:L0:9 [cub] afloat
  ok   10 mk_sea ring:L0:9 [cub] clear of solid things  (Infinity m of 3.00 (nothing))
  ok   10 mk_sea ring:L0:9 [cub] clear of stock build's routes  (Infinity m of 8.00)
  ok   10 mk_sea ring:L0:9 [cub] clear of aluminium C172's routes  (Infinity m of 8.50)
  ok   10 mk_sea ring:L0:9 [cub] clear of the user's Cub's routes  (Infinity m of 8.35)
  ok   10 mk_sea ring:L0:9 [pietenpol] inside the field
  ok   10 mk_sea ring:L0:9 [pietenpol] afloat
  ok   10 mk_sea ring:L0:9 [pietenpol] clear of solid things  (Infinity m of 3.00 (nothing))
  ok   10 mk_sea ring:L0:9 [pietenpol] clear of stock build's routes  (Infinity m of 8.00)
  ok   10 mk_sea ring:L0:9 [pietenpol] clear of aluminium C172's routes  (Infinity m of 8.50)
  ok   10 mk_sea ring:L0:9 [pietenpol] clear of the user's Cub's routes  (Infinity m of 8.35)
  ok   10 mk_sea ring:L0:9 [tigermoth] inside the field
  ok   10 mk_sea ring:L0:9 [tigermoth] afloat
  ok   10 mk_sea ring:L0:9 [tigermoth] clear of solid things  (Infinity m of 3.00 (nothing))
  ok   10 mk_sea ring:L0:9 [tigermoth] clear of stock build's routes  (Infinity m of 8.00)
  ok   10 mk_sea ring:L0:9 [tigermoth] clear of aluminium C172's routes  (Infinity m of 8.50)
  ok   10 mk_sea ring:L0:9 [tigermoth] clear of the user's Cub's routes  (Infinity m of 8.35)
  ok   10 mk_sea ring:L0:9 [stearman] inside the field
  ok   10 mk_sea ring:L0:9 [stearman] afloat
  ok   10 mk_sea ring:L0:9 [stearman] clear of solid things  (Infinity m of 3.00 (nothing))
  ok   10 mk_sea ring:L0:9 [stearman] clear of stock build's routes  (Infinity m of 8.00)
  ok   10 mk_sea ring:L0:9 [stearman] clear of aluminium C172's routes  (Infinity m of 8.50)
  ok   10 mk_sea ring:L0:9 [stearman] clear of the user's Cub's routes  (Infinity m of 8.35)
  ok   10 mk_sea ring:L0:9 [pittsAlike] inside the field
  ok   10 mk_sea ring:L0:9 [pittsAlike] afloat
  ok   10 mk_sea ring:L0:9 [pittsAlike] clear of solid things  (Infinity m of 3.00 (nothing))
  ok   10 mk_sea ring:L0:9 [pittsAlike] clear of stock build's routes  (Infinity m of 8.00)
  ok   10 mk_sea ring:L0:9 [pittsAlike] clear of aluminium C172's routes  (Infinity m of 8.50)
  ok   10 mk_sea ring:L0:9 [pittsAlike] clear of the user's Cub's routes  (Infinity m of 8.35)
  ok   10 mk_sea ring:L0:9 [sesqui] inside the field
  ok   10 mk_sea ring:L0:9 [sesqui] afloat
  ok   10 mk_sea ring:L0:9 [sesqui] clear of solid things  (Infinity m of 3.00 (nothing))
  ok   10 mk_sea ring:L0:9 [sesqui] clear of stock build's routes  (Infinity m of 8.00)
  ok   10 mk_sea ring:L0:9 [sesqui] clear of aluminium C172's routes  (Infinity m of 8.50)
  ok   10 mk_sea ring:L0:9 [sesqui] clear of the user's Cub's routes  (Infinity m of 8.35)
  ok   10 mk_sea ring:L0:9 [jodel] inside the field
  ok   10 mk_sea ring:L0:9 [jodel] afloat
  ok   10 mk_sea ring:L0:9 [jodel] clear of solid things  (Infinity m of 3.00 (nothing))
  ok   10 mk_sea ring:L0:9 [jodel] clear of stock build's routes  (Infinity m of 8.00)
  ok   10 mk_sea ring:L0:9 [jodel] clear of aluminium C172's routes  (Infinity m of 8.50)
  ok   10 mk_sea ring:L0:9 [jodel] clear of the user's Cub's routes  (Infinity m of 8.35)
  ok   10 mk_sea ring:L0:9 [c172] inside the field
  ok   10 mk_sea ring:L0:9 [c172] afloat
  ok   10 mk_sea ring:L0:9 [c172] clear of solid things  (Infinity m of 3.00 (nothing))
  ok   10 mk_sea ring:L0:9 [c172] clear of stock build's routes  (Infinity m of 8.00)
  ok   10 mk_sea ring:L0:9 [c172] clear of aluminium C172's routes  (Infinity m of 8.50)
  ok   10 mk_sea ring:L0:9 [c172] clear of the user's Cub's routes  (Infinity m of 8.35)
  ok   10 mk_sea ring:L0:9 [chinook] inside the field
  ok   10 mk_sea ring:L0:9 [chinook] afloat
  ok   10 mk_sea ring:L0:9 [chinook] clear of solid things  (Infinity m of 3.00 (nothing))
  ok   10 mk_sea ring:L0:9 [chinook] clear of stock build's routes  (Infinity m of 8.00)
  ok   10 mk_sea ring:L0:9 [chinook] clear of aluminium C172's routes  (Infinity m of 8.50)
  ok   10 mk_sea ring:L0:9 [chinook] clear of the user's Cub's routes  (Infinity m of 8.35)
  ok   10 mk_sea ring:L0:9 [caravan] inside the field
  ok   10 mk_sea ring:L0:9 [caravan] afloat
  ok   10 mk_sea ring:L0:9 [caravan] clear of solid things  (Infinity m of 3.00 (nothing))
  ok   10 mk_sea ring:L0:9 [caravan] clear of stock build's routes  (Infinity m of 8.00)
  ok   10 mk_sea ring:L0:9 [caravan] clear of aluminium C172's routes  (Infinity m of 8.50)
  ok   10 mk_sea ring:L0:9 [caravan] clear of the user's Cub's routes  (Infinity m of 8.35)
  ok   10 mk_sea ring:L0:9 [rv] inside the field
  ok   10 mk_sea ring:L0:9 [rv] afloat
  ok   10 mk_sea ring:L0:9 [rv] clear of solid things  (Infinity m of 3.00 (nothing))
  ok   10 mk_sea ring:L0:9 [rv] clear of stock build's routes  (Infinity m of 8.00)
  ok   10 mk_sea ring:L0:9 [rv] clear of aluminium C172's routes  (Infinity m of 8.50)
  ok   10 mk_sea ring:L0:9 [rv] clear of the user's Cub's routes  (Infinity m of 8.35)
  ok   10 mk_sea ring:L0:9 [savannah] inside the field
  ok   10 mk_sea ring:L0:9 [savannah] afloat
  ok   10 mk_sea ring:L0:9 [savannah] clear of solid things  (Infinity m of 3.00 (nothing))
  ok   10 mk_sea ring:L0:9 [savannah] clear of stock build's routes  (Infinity m of 8.00)
  ok   10 mk_sea ring:L0:9 [savannah] clear of aluminium C172's routes  (Infinity m of 8.50)
  ok   10 mk_sea ring:L0:9 [savannah] clear of the user's Cub's routes  (Infinity m of 8.35)
  ok   10 mk_sea ring:L0:9 [ul1] inside the field
  ok   10 mk_sea ring:L0:9 [ul1] afloat
  ok   10 mk_sea ring:L0:9 [ul1] clear of solid things  (Infinity m of 3.00 (nothing))
  ok   10 mk_sea ring:L0:9 [ul1] clear of stock build's routes  (Infinity m of 8.00)
  ok   10 mk_sea ring:L0:9 [ul1] clear of aluminium C172's routes  (Infinity m of 8.50)
  ok   10 mk_sea ring:L0:9 [ul1] clear of the user's Cub's routes  (Infinity m of 8.35)
  ok   10 mk_sea ring:L0:9 [floatplane] inside the field
  ok   10 mk_sea ring:L0:9 [floatplane] afloat
  ok   10 mk_sea ring:L0:9 [floatplane] clear of solid things  (Infinity m of 3.00 (nothing))
  ok   10 mk_sea ring:L0:9 [floatplane] clear of stock build's routes  (Infinity m of 8.00)
  ok   10 mk_sea ring:L0:9 [floatplane] clear of aluminium C172's routes  (Infinity m of 8.50)
  ok   10 mk_sea ring:L0:9 [floatplane] clear of the user's Cub's routes  (Infinity m of 8.35)
  ok   10 mk_sea ring:L0:9 [pusherPod] inside the field
  ok   10 mk_sea ring:L0:9 [pusherPod] afloat
  ok   10 mk_sea ring:L0:9 [pusherPod] clear of solid things  (Infinity m of 3.00 (nothing))
  ok   10 mk_sea ring:L0:9 [pusherPod] clear of stock build's routes  (Infinity m of 8.00)
  ok   10 mk_sea ring:L0:9 [pusherPod] clear of aluminium C172's routes  (Infinity m of 8.50)
  ok   10 mk_sea ring:L0:9 [pusherPod] clear of the user's Cub's routes  (Infinity m of 8.35)
  ok   10 mk_sea ring:L0:9 [motorglider] inside the field
  ok   10 mk_sea ring:L0:9 [motorglider] afloat
  ok   10 mk_sea ring:L0:9 [motorglider] clear of solid things  (Infinity m of 3.00 (nothing))
  ok   10 mk_sea ring:L0:9 [motorglider] clear of stock build's routes  (Infinity m of 8.00)
  ok   10 mk_sea ring:L0:9 [motorglider] clear of aluminium C172's routes  (Infinity m of 8.50)
  ok   10 mk_sea ring:L0:9 [motorglider] clear of the user's Cub's routes  (Infinity m of 8.35)
  ok   10 mk_sea ring:L0:9 [radial] inside the field
  ok   10 mk_sea ring:L0:9 [radial] afloat
  ok   10 mk_sea ring:L0:9 [radial] clear of solid things  (Infinity m of 3.00 (nothing))
  ok   10 mk_sea ring:L0:9 [radial] clear of stock build's routes  (Infinity m of 8.00)
  ok   10 mk_sea ring:L0:9 [radial] clear of aluminium C172's routes  (Infinity m of 8.50)
  ok   10 mk_sea ring:L0:9 [radial] clear of the user's Cub's routes  (Infinity m of 8.35)
  ok   10 mk_sea ring:L0:9 [etrainer] inside the field
  ok   10 mk_sea ring:L0:9 [etrainer] afloat
  ok   10 mk_sea ring:L0:9 [etrainer] clear of solid things  (Infinity m of 3.00 (nothing))
  ok   10 mk_sea ring:L0:9 [etrainer] clear of stock build's routes  (Infinity m of 8.00)
  ok   10 mk_sea ring:L0:9 [etrainer] clear of aluminium C172's routes  (Infinity m of 8.50)
  ok   10 mk_sea ring:L0:9 [etrainer] clear of the user's Cub's routes  (Infinity m of 8.35)
  ok   10 mk_sea ring:L0:9 [ttail] inside the field
  ok   10 mk_sea ring:L0:9 [ttail] afloat
  ok   10 mk_sea ring:L0:9 [ttail] clear of solid things  (Infinity m of 3.00 (nothing))
  ok   10 mk_sea ring:L0:9 [ttail] clear of stock build's routes  (Infinity m of 8.00)
  ok   10 mk_sea ring:L0:9 [ttail] clear of aluminium C172's routes  (Infinity m of 8.50)
  ok   10 mk_sea ring:L0:9 [ttail] clear of the user's Cub's routes  (Infinity m of 8.35)
  ok   10 mk_sea ring:L0:9 [vtail] inside the field
  ok   10 mk_sea ring:L0:9 [vtail] afloat
  ok   10 mk_sea ring:L0:9 [vtail] clear of solid things  (Infinity m of 3.00 (nothing))
  ok   10 mk_sea ring:L0:9 [vtail] clear of stock build's routes  (Infinity m of 8.00)
  ok   10 mk_sea ring:L0:9 [vtail] clear of aluminium C172's routes  (Infinity m of 8.50)
  ok   10 mk_sea ring:L0:9 [vtail] clear of the user's Cub's routes  (Infinity m of 8.35)
  ok   10 mk_sea ring:L0:9 [mw5] inside the field
  ok   10 mk_sea ring:L0:9 [mw5] afloat
  ok   10 mk_sea ring:L0:9 [mw5] clear of solid things  (Infinity m of 3.00 (nothing))
  ok   10 mk_sea ring:L0:9 [mw5] clear of stock build's routes  (Infinity m of 8.00)
  ok   10 mk_sea ring:L0:9 [mw5] clear of aluminium C172's routes  (Infinity m of 8.50)
  ok   10 mk_sea ring:L0:9 [mw5] clear of the user's Cub's routes  (Infinity m of 8.35)
  ok   10 mk_sea ring:L0:9 [archaeopteryx] inside the field
  ok   10 mk_sea ring:L0:9 [archaeopteryx] afloat
  ok   10 mk_sea ring:L0:9 [archaeopteryx] clear of solid things  (Infinity m of 3.00 (nothing))
  ok   10 mk_sea ring:L0:9 [archaeopteryx] clear of stock build's routes  (Infinity m of 8.00)
  ok   10 mk_sea ring:L0:9 [archaeopteryx] clear of aluminium C172's routes  (Infinity m of 8.50)
  ok   10 mk_sea ring:L0:9 [archaeopteryx] clear of the user's Cub's routes  (Infinity m of 8.35)
  ok   10 mk_sea ring:L0:9 [da62] inside the field
  ok   10 mk_sea ring:L0:9 [da62] afloat
  ok   10 mk_sea ring:L0:9 [da62] clear of solid things  (Infinity m of 3.00 (nothing))
  ok   10 mk_sea ring:L0:9 [da62] clear of stock build's routes  (Infinity m of 8.00)
  ok   10 mk_sea ring:L0:9 [da62] clear of aluminium C172's routes  (Infinity m of 8.50)
  ok   10 mk_sea ring:L0:9 [da62] clear of the user's Cub's routes  (Infinity m of 8.35)
  ok   10 mk_sea ring:L0:9 [twinBush] inside the field
  ok   10 mk_sea ring:L0:9 [twinBush] afloat
  ok   10 mk_sea ring:L0:9 [twinBush] clear of solid things  (Infinity m of 3.00 (nothing))
  ok   10 mk_sea ring:L0:9 [twinBush] clear of stock build's routes  (Infinity m of 8.00)
  ok   10 mk_sea ring:L0:9 [twinBush] clear of aluminium C172's routes  (Infinity m of 8.50)
  ok   10 mk_sea ring:L0:9 [twinBush] clear of the user's Cub's routes  (Infinity m of 8.35)
  ok   10 mk_sea ring:L0:9 [skymaster] inside the field
  ok   10 mk_sea ring:L0:9 [skymaster] afloat
  ok   10 mk_sea ring:L0:9 [skymaster] clear of solid things  (Infinity m of 3.00 (nothing))
  ok   10 mk_sea ring:L0:9 [skymaster] clear of stock build's routes  (Infinity m of 8.00)
  ok   10 mk_sea ring:L0:9 [skymaster] clear of aluminium C172's routes  (Infinity m of 8.50)
  ok   10 mk_sea ring:L0:9 [skymaster] clear of the user's Cub's routes  (Infinity m of 8.35)
  ok   10 mk_sea ring:L0:9 [p38] inside the field
  ok   10 mk_sea ring:L0:9 [p38] afloat
  ok   10 mk_sea ring:L0:9 [p38] clear of solid things  (Infinity m of 3.00 (nothing))
  ok   10 mk_sea ring:L0:9 [p38] clear of stock build's routes  (Infinity m of 8.00)
  ok   10 mk_sea ring:L0:9 [p38] clear of aluminium C172's routes  (Infinity m of 8.50)
  ok   10 mk_sea ring:L0:9 [p38] clear of the user's Cub's routes  (Infinity m of 8.35)
  ok   10 mk_sea ring:L0:9 [beaver] inside the field
  ok   10 mk_sea ring:L0:9 [beaver] afloat
  ok   10 mk_sea ring:L0:9 [beaver] clear of solid things  (Infinity m of 3.00 (nothing))
  ok   10 mk_sea ring:L0:9 [beaver] clear of stock build's routes  (Infinity m of 8.00)
  ok   10 mk_sea ring:L0:9 [beaver] clear of aluminium C172's routes  (Infinity m of 8.50)
  ok   10 mk_sea ring:L0:9 [beaver] clear of the user's Cub's routes  (Infinity m of 8.35)
  ok   10 mk_sea ring:L0:9 [default] inside the field
  ok   10 mk_sea ring:L0:9 [default] afloat
  ok   10 mk_sea ring:L0:9 [default] clear of solid things  (Infinity m of 3.00 (nothing))
  ok   10 mk_sea ring:L0:9 [default] clear of stock build's routes  (Infinity m of 8.00)
  ok   10 mk_sea ring:L0:9 [default] clear of aluminium C172's routes  (Infinity m of 8.50)
  ok   10 mk_sea ring:L0:9 [default] clear of the user's Cub's routes  (Infinity m of 8.35)
  ok   10 mk_sea ring:L0:10 [cub] inside the field
  ok   10 mk_sea ring:L0:10 [cub] afloat
  ok   10 mk_sea ring:L0:10 [cub] clear of solid things  (Infinity m of 3.00 (nothing))
  ok   10 mk_sea ring:L0:10 [cub] clear of stock build's routes  (Infinity m of 8.00)
  ok   10 mk_sea ring:L0:10 [cub] clear of aluminium C172's routes  (Infinity m of 8.50)
  ok   10 mk_sea ring:L0:10 [cub] clear of the user's Cub's routes  (Infinity m of 8.35)
  ok   10 mk_sea ring:L0:10 [pietenpol] inside the field
  ok   10 mk_sea ring:L0:10 [pietenpol] afloat
  ok   10 mk_sea ring:L0:10 [pietenpol] clear of solid things  (Infinity m of 3.00 (nothing))
  ok   10 mk_sea ring:L0:10 [pietenpol] clear of stock build's routes  (Infinity m of 8.00)
  ok   10 mk_sea ring:L0:10 [pietenpol] clear of aluminium C172's routes  (Infinity m of 8.50)
  ok   10 mk_sea ring:L0:10 [pietenpol] clear of the user's Cub's routes  (Infinity m of 8.35)
  ok   10 mk_sea ring:L0:10 [tigermoth] inside the field
  ok   10 mk_sea ring:L0:10 [tigermoth] afloat
  ok   10 mk_sea ring:L0:10 [tigermoth] clear of solid things  (Infinity m of 3.00 (nothing))
  ok   10 mk_sea ring:L0:10 [tigermoth] clear of stock build's routes  (Infinity m of 8.00)
  ok   10 mk_sea ring:L0:10 [tigermoth] clear of aluminium C172's routes  (Infinity m of 8.50)
  ok   10 mk_sea ring:L0:10 [tigermoth] clear of the user's Cub's routes  (Infinity m of 8.35)
  ok   10 mk_sea ring:L0:10 [stearman] inside the field
  ok   10 mk_sea ring:L0:10 [stearman] afloat
  ok   10 mk_sea ring:L0:10 [stearman] clear of solid things  (Infinity m of 3.00 (nothing))
  ok   10 mk_sea ring:L0:10 [stearman] clear of stock build's routes  (Infinity m of 8.00)
  ok   10 mk_sea ring:L0:10 [stearman] clear of aluminium C172's routes  (Infinity m of 8.50)
  ok   10 mk_sea ring:L0:10 [stearman] clear of the user's Cub's routes  (Infinity m of 8.35)
  ok   10 mk_sea ring:L0:10 [pittsAlike] inside the field
  ok   10 mk_sea ring:L0:10 [pittsAlike] afloat
  ok   10 mk_sea ring:L0:10 [pittsAlike] clear of solid things  (Infinity m of 3.00 (nothing))
  ok   10 mk_sea ring:L0:10 [pittsAlike] clear of stock build's routes  (Infinity m of 8.00)
  ok   10 mk_sea ring:L0:10 [pittsAlike] clear of aluminium C172's routes  (Infinity m of 8.50)
  ok   10 mk_sea ring:L0:10 [pittsAlike] clear of the user's Cub's routes  (Infinity m of 8.35)
  ok   10 mk_sea ring:L0:10 [sesqui] inside the field
  ok   10 mk_sea ring:L0:10 [sesqui] afloat
  ok   10 mk_sea ring:L0:10 [sesqui] clear of solid things  (Infinity m of 3.00 (nothing))
  ok   10 mk_sea ring:L0:10 [sesqui] clear of stock build's routes  (Infinity m of 8.00)
  ok   10 mk_sea ring:L0:10 [sesqui] clear of aluminium C172's routes  (Infinity m of 8.50)
  ok   10 mk_sea ring:L0:10 [sesqui] clear of the user's Cub's routes  (Infinity m of 8.35)
  ok   10 mk_sea ring:L0:10 [jodel] inside the field
  ok   10 mk_sea ring:L0:10 [jodel] afloat
  ok   10 mk_sea ring:L0:10 [jodel] clear of solid things  (Infinity m of 3.00 (nothing))
  ok   10 mk_sea ring:L0:10 [jodel] clear of stock build's routes  (Infinity m of 8.00)
  ok   10 mk_sea ring:L0:10 [jodel] clear of aluminium C172's routes  (Infinity m of 8.50)
  ok   10 mk_sea ring:L0:10 [jodel] clear of the user's Cub's routes  (Infinity m of 8.35)
  ok   10 mk_sea ring:L0:10 [c172] inside the field
  ok   10 mk_sea ring:L0:10 [c172] afloat
  ok   10 mk_sea ring:L0:10 [c172] clear of solid things  (Infinity m of 3.00 (nothing))
  ok   10 mk_sea ring:L0:10 [c172] clear of stock build's routes  (Infinity m of 8.00)
  ok   10 mk_sea ring:L0:10 [c172] clear of aluminium C172's routes  (Infinity m of 8.50)
  ok   10 mk_sea ring:L0:10 [c172] clear of the user's Cub's routes  (Infinity m of 8.35)
  ok   10 mk_sea ring:L0:10 [chinook] inside the field
  ok   10 mk_sea ring:L0:10 [chinook] afloat
  ok   10 mk_sea ring:L0:10 [chinook] clear of solid things  (Infinity m of 3.00 (nothing))
  ok   10 mk_sea ring:L0:10 [chinook] clear of stock build's routes  (Infinity m of 8.00)
  ok   10 mk_sea ring:L0:10 [chinook] clear of aluminium C172's routes  (Infinity m of 8.50)
  ok   10 mk_sea ring:L0:10 [chinook] clear of the user's Cub's routes  (Infinity m of 8.35)
  ok   10 mk_sea ring:L0:10 [caravan] inside the field
  ok   10 mk_sea ring:L0:10 [caravan] afloat
  ok   10 mk_sea ring:L0:10 [caravan] clear of solid things  (Infinity m of 3.00 (nothing))
  ok   10 mk_sea ring:L0:10 [caravan] clear of stock build's routes  (Infinity m of 8.00)
  ok   10 mk_sea ring:L0:10 [caravan] clear of aluminium C172's routes  (Infinity m of 8.50)
  ok   10 mk_sea ring:L0:10 [caravan] clear of the user's Cub's routes  (Infinity m of 8.35)
  ok   10 mk_sea ring:L0:10 [rv] inside the field
  ok   10 mk_sea ring:L0:10 [rv] afloat
  ok   10 mk_sea ring:L0:10 [rv] clear of solid things  (Infinity m of 3.00 (nothing))
  ok   10 mk_sea ring:L0:10 [rv] clear of stock build's routes  (Infinity m of 8.00)
  ok   10 mk_sea ring:L0:10 [rv] clear of aluminium C172's routes  (Infinity m of 8.50)
  ok   10 mk_sea ring:L0:10 [rv] clear of the user's Cub's routes  (Infinity m of 8.35)
  ok   10 mk_sea ring:L0:10 [savannah] inside the field
  ok   10 mk_sea ring:L0:10 [savannah] afloat
  ok   10 mk_sea ring:L0:10 [savannah] clear of solid things  (Infinity m of 3.00 (nothing))
  ok   10 mk_sea ring:L0:10 [savannah] clear of stock build's routes  (Infinity m of 8.00)
  ok   10 mk_sea ring:L0:10 [savannah] clear of aluminium C172's routes  (Infinity m of 8.50)
  ok   10 mk_sea ring:L0:10 [savannah] clear of the user's Cub's routes  (Infinity m of 8.35)
  ok   10 mk_sea ring:L0:10 [ul1] inside the field
  ok   10 mk_sea ring:L0:10 [ul1] afloat
  ok   10 mk_sea ring:L0:10 [ul1] clear of solid things  (Infinity m of 3.00 (nothing))
  ok   10 mk_sea ring:L0:10 [ul1] clear of stock build's routes  (Infinity m of 8.00)
  ok   10 mk_sea ring:L0:10 [ul1] clear of aluminium C172's routes  (Infinity m of 8.50)
  ok   10 mk_sea ring:L0:10 [ul1] clear of the user's Cub's routes  (Infinity m of 8.35)
  ok   10 mk_sea ring:L0:10 [floatplane] inside the field
  ok   10 mk_sea ring:L0:10 [floatplane] afloat
  ok   10 mk_sea ring:L0:10 [floatplane] clear of solid things  (Infinity m of 3.00 (nothing))
  ok   10 mk_sea ring:L0:10 [floatplane] clear of stock build's routes  (Infinity m of 8.00)
  ok   10 mk_sea ring:L0:10 [floatplane] clear of aluminium C172's routes  (Infinity m of 8.50)
  ok   10 mk_sea ring:L0:10 [floatplane] clear of the user's Cub's routes  (Infinity m of 8.35)
  ok   10 mk_sea ring:L0:10 [pusherPod] inside the field
  ok   10 mk_sea ring:L0:10 [pusherPod] afloat
  ok   10 mk_sea ring:L0:10 [pusherPod] clear of solid things  (Infinity m of 3.00 (nothing))
  ok   10 mk_sea ring:L0:10 [pusherPod] clear of stock build's routes  (Infinity m of 8.00)
  ok   10 mk_sea ring:L0:10 [pusherPod] clear of aluminium C172's routes  (Infinity m of 8.50)
  ok   10 mk_sea ring:L0:10 [pusherPod] clear of the user's Cub's routes  (Infinity m of 8.35)
  ok   10 mk_sea ring:L0:10 [motorglider] inside the field
  ok   10 mk_sea ring:L0:10 [motorglider] afloat
  ok   10 mk_sea ring:L0:10 [motorglider] clear of solid things  (Infinity m of 3.00 (nothing))
  ok   10 mk_sea ring:L0:10 [motorglider] clear of stock build's routes  (Infinity m of 8.00)
  ok   10 mk_sea ring:L0:10 [motorglider] clear of aluminium C172's routes  (Infinity m of 8.50)
  ok   10 mk_sea ring:L0:10 [motorglider] clear of the user's Cub's routes  (Infinity m of 8.35)
  ok   10 mk_sea ring:L0:10 [radial] inside the field
  ok   10 mk_sea ring:L0:10 [radial] afloat
  ok   10 mk_sea ring:L0:10 [radial] clear of solid things  (Infinity m of 3.00 (nothing))
  ok   10 mk_sea ring:L0:10 [radial] clear of stock build's routes  (Infinity m of 8.00)
  ok   10 mk_sea ring:L0:10 [radial] clear of aluminium C172's routes  (Infinity m of 8.50)
  ok   10 mk_sea ring:L0:10 [radial] clear of the user's Cub's routes  (Infinity m of 8.35)
  ok   10 mk_sea ring:L0:10 [etrainer] inside the field
  ok   10 mk_sea ring:L0:10 [etrainer] afloat
  ok   10 mk_sea ring:L0:10 [etrainer] clear of solid things  (Infinity m of 3.00 (nothing))
  ok   10 mk_sea ring:L0:10 [etrainer] clear of stock build's routes  (Infinity m of 8.00)
  ok   10 mk_sea ring:L0:10 [etrainer] clear of aluminium C172's routes  (Infinity m of 8.50)
  ok   10 mk_sea ring:L0:10 [etrainer] clear of the user's Cub's routes  (Infinity m of 8.35)
  ok   10 mk_sea ring:L0:10 [ttail] inside the field
  ok   10 mk_sea ring:L0:10 [ttail] afloat
  ok   10 mk_sea ring:L0:10 [ttail] clear of solid things  (Infinity m of 3.00 (nothing))
  ok   10 mk_sea ring:L0:10 [ttail] clear of stock build's routes  (Infinity m of 8.00)
  ok   10 mk_sea ring:L0:10 [ttail] clear of aluminium C172's routes  (Infinity m of 8.50)
  ok   10 mk_sea ring:L0:10 [ttail] clear of the user's Cub's routes  (Infinity m of 8.35)
  ok   10 mk_sea ring:L0:10 [vtail] inside the field
  ok   10 mk_sea ring:L0:10 [vtail] afloat
  ok   10 mk_sea ring:L0:10 [vtail] clear of solid things  (Infinity m of 3.00 (nothing))
  ok   10 mk_sea ring:L0:10 [vtail] clear of stock build's routes  (Infinity m of 8.00)
  ok   10 mk_sea ring:L0:10 [vtail] clear of aluminium C172's routes  (Infinity m of 8.50)
  ok   10 mk_sea ring:L0:10 [vtail] clear of the user's Cub's routes  (Infinity m of 8.35)
  ok   10 mk_sea ring:L0:10 [mw5] inside the field
  ok   10 mk_sea ring:L0:10 [mw5] afloat
  ok   10 mk_sea ring:L0:10 [mw5] clear of solid things  (Infinity m of 3.00 (nothing))
  ok   10 mk_sea ring:L0:10 [mw5] clear of stock build's routes  (Infinity m of 8.00)
  ok   10 mk_sea ring:L0:10 [mw5] clear of aluminium C172's routes  (Infinity m of 8.50)
  ok   10 mk_sea ring:L0:10 [mw5] clear of the user's Cub's routes  (Infinity m of 8.35)
  ok   10 mk_sea ring:L0:10 [archaeopteryx] inside the field
  ok   10 mk_sea ring:L0:10 [archaeopteryx] afloat
  ok   10 mk_sea ring:L0:10 [archaeopteryx] clear of solid things  (Infinity m of 3.00 (nothing))
  ok   10 mk_sea ring:L0:10 [archaeopteryx] clear of stock build's routes  (Infinity m of 8.00)
  ok   10 mk_sea ring:L0:10 [archaeopteryx] clear of aluminium C172's routes  (Infinity m of 8.50)
  ok   10 mk_sea ring:L0:10 [archaeopteryx] clear of the user's Cub's routes  (Infinity m of 8.35)
  ok   10 mk_sea ring:L0:10 [da62] inside the field
  ok   10 mk_sea ring:L0:10 [da62] afloat
  ok   10 mk_sea ring:L0:10 [da62] clear of solid things  (Infinity m of 3.00 (nothing))
  ok   10 mk_sea ring:L0:10 [da62] clear of stock build's routes  (Infinity m of 8.00)
  ok   10 mk_sea ring:L0:10 [da62] clear of aluminium C172's routes  (Infinity m of 8.50)
  ok   10 mk_sea ring:L0:10 [da62] clear of the user's Cub's routes  (Infinity m of 8.35)
  ok   10 mk_sea ring:L0:10 [twinBush] inside the field
  ok   10 mk_sea ring:L0:10 [twinBush] afloat
  ok   10 mk_sea ring:L0:10 [twinBush] clear of solid things  (Infinity m of 3.00 (nothing))
  ok   10 mk_sea ring:L0:10 [twinBush] clear of stock build's routes  (Infinity m of 8.00)
  ok   10 mk_sea ring:L0:10 [twinBush] clear of aluminium C172's routes  (Infinity m of 8.50)
  ok   10 mk_sea ring:L0:10 [twinBush] clear of the user's Cub's routes  (Infinity m of 8.35)
  ok   10 mk_sea ring:L0:10 [skymaster] inside the field
  ok   10 mk_sea ring:L0:10 [skymaster] afloat
  ok   10 mk_sea ring:L0:10 [skymaster] clear of solid things  (Infinity m of 3.00 (nothing))
  ok   10 mk_sea ring:L0:10 [skymaster] clear of stock build's routes  (Infinity m of 8.00)
  ok   10 mk_sea ring:L0:10 [skymaster] clear of aluminium C172's routes  (Infinity m of 8.50)
  ok   10 mk_sea ring:L0:10 [skymaster] clear of the user's Cub's routes  (Infinity m of 8.35)
  ok   10 mk_sea ring:L0:10 [p38] inside the field
  ok   10 mk_sea ring:L0:10 [p38] afloat
  ok   10 mk_sea ring:L0:10 [p38] clear of solid things  (Infinity m of 3.00 (nothing))
  ok   10 mk_sea ring:L0:10 [p38] clear of stock build's routes  (Infinity m of 8.00)
  ok   10 mk_sea ring:L0:10 [p38] clear of aluminium C172's routes  (Infinity m of 8.50)
  ok   10 mk_sea ring:L0:10 [p38] clear of the user's Cub's routes  (Infinity m of 8.35)
  ok   10 mk_sea ring:L0:10 [beaver] inside the field
  ok   10 mk_sea ring:L0:10 [beaver] afloat
  ok   10 mk_sea ring:L0:10 [beaver] clear of solid things  (Infinity m of 3.00 (nothing))
  ok   10 mk_sea ring:L0:10 [beaver] clear of stock build's routes  (Infinity m of 8.00)
  ok   10 mk_sea ring:L0:10 [beaver] clear of aluminium C172's routes  (Infinity m of 8.50)
  ok   10 mk_sea ring:L0:10 [beaver] clear of the user's Cub's routes  (Infinity m of 8.35)
  ok   10 mk_sea ring:L0:10 [default] inside the field
  ok   10 mk_sea ring:L0:10 [default] afloat
  ok   10 mk_sea ring:L0:10 [default] clear of solid things  (Infinity m of 3.00 (nothing))
  ok   10 mk_sea ring:L0:10 [default] clear of stock build's routes  (Infinity m of 8.00)
  ok   10 mk_sea ring:L0:10 [default] clear of aluminium C172's routes  (Infinity m of 8.50)
  ok   10 mk_sea ring:L0:10 [default] clear of the user's Cub's routes  (Infinity m of 8.35)
  ok   10 mk_sea ring:L0:12 [cub] inside the field
  ok   10 mk_sea ring:L0:12 [cub] afloat
  ok   10 mk_sea ring:L0:12 [cub] clear of solid things  (Infinity m of 3.00 (nothing))
  ok   10 mk_sea ring:L0:12 [cub] clear of stock build's routes  (Infinity m of 8.00)
  ok   10 mk_sea ring:L0:12 [cub] clear of aluminium C172's routes  (Infinity m of 8.50)
  ok   10 mk_sea ring:L0:12 [cub] clear of the user's Cub's routes  (Infinity m of 8.35)
  ok   10 mk_sea ring:L0:12 [pietenpol] inside the field
  ok   10 mk_sea ring:L0:12 [pietenpol] afloat
  ok   10 mk_sea ring:L0:12 [pietenpol] clear of solid things  (Infinity m of 3.00 (nothing))
  ok   10 mk_sea ring:L0:12 [pietenpol] clear of stock build's routes  (Infinity m of 8.00)
  ok   10 mk_sea ring:L0:12 [pietenpol] clear of aluminium C172's routes  (Infinity m of 8.50)
  ok   10 mk_sea ring:L0:12 [pietenpol] clear of the user's Cub's routes  (Infinity m of 8.35)
  ok   10 mk_sea ring:L0:12 [tigermoth] inside the field
  ok   10 mk_sea ring:L0:12 [tigermoth] afloat
  ok   10 mk_sea ring:L0:12 [tigermoth] clear of solid things  (Infinity m of 3.00 (nothing))
  ok   10 mk_sea ring:L0:12 [tigermoth] clear of stock build's routes  (Infinity m of 8.00)
  ok   10 mk_sea ring:L0:12 [tigermoth] clear of aluminium C172's routes  (Infinity m of 8.50)
  ok   10 mk_sea ring:L0:12 [tigermoth] clear of the user's Cub's routes  (Infinity m of 8.35)
  ok   10 mk_sea ring:L0:12 [stearman] inside the field
  ok   10 mk_sea ring:L0:12 [stearman] afloat
  ok   10 mk_sea ring:L0:12 [stearman] clear of solid things  (Infinity m of 3.00 (nothing))
  ok   10 mk_sea ring:L0:12 [stearman] clear of stock build's routes  (Infinity m of 8.00)
  ok   10 mk_sea ring:L0:12 [stearman] clear of aluminium C172's routes  (Infinity m of 8.50)
  ok   10 mk_sea ring:L0:12 [stearman] clear of the user's Cub's routes  (Infinity m of 8.35)
  ok   10 mk_sea ring:L0:12 [pittsAlike] inside the field
  ok   10 mk_sea ring:L0:12 [pittsAlike] afloat
  ok   10 mk_sea ring:L0:12 [pittsAlike] clear of solid things  (Infinity m of 3.00 (nothing))
  ok   10 mk_sea ring:L0:12 [pittsAlike] clear of stock build's routes  (Infinity m of 8.00)
  ok   10 mk_sea ring:L0:12 [pittsAlike] clear of aluminium C172's routes  (Infinity m of 8.50)
  ok   10 mk_sea ring:L0:12 [pittsAlike] clear of the user's Cub's routes  (Infinity m of 8.35)
  ok   10 mk_sea ring:L0:12 [sesqui] inside the field
  ok   10 mk_sea ring:L0:12 [sesqui] afloat
  ok   10 mk_sea ring:L0:12 [sesqui] clear of solid things  (Infinity m of 3.00 (nothing))
  ok   10 mk_sea ring:L0:12 [sesqui] clear of stock build's routes  (Infinity m of 8.00)
  ok   10 mk_sea ring:L0:12 [sesqui] clear of aluminium C172's routes  (Infinity m of 8.50)
  ok   10 mk_sea ring:L0:12 [sesqui] clear of the user's Cub's routes  (Infinity m of 8.35)
  ok   10 mk_sea ring:L0:12 [jodel] inside the field
  ok   10 mk_sea ring:L0:12 [jodel] afloat
  ok   10 mk_sea ring:L0:12 [jodel] clear of solid things  (Infinity m of 3.00 (nothing))
  ok   10 mk_sea ring:L0:12 [jodel] clear of stock build's routes  (Infinity m of 8.00)
  ok   10 mk_sea ring:L0:12 [jodel] clear of aluminium C172's routes  (Infinity m of 8.50)
  ok   10 mk_sea ring:L0:12 [jodel] clear of the user's Cub's routes  (Infinity m of 8.35)
  ok   10 mk_sea ring:L0:12 [c172] inside the field
  ok   10 mk_sea ring:L0:12 [c172] afloat
  ok   10 mk_sea ring:L0:12 [c172] clear of solid things  (Infinity m of 3.00 (nothing))
  ok   10 mk_sea ring:L0:12 [c172] clear of stock build's routes  (Infinity m of 8.00)
  ok   10 mk_sea ring:L0:12 [c172] clear of aluminium C172's routes  (Infinity m of 8.50)
  ok   10 mk_sea ring:L0:12 [c172] clear of the user's Cub's routes  (Infinity m of 8.35)
  ok   10 mk_sea ring:L0:12 [chinook] inside the field
  ok   10 mk_sea ring:L0:12 [chinook] afloat
  ok   10 mk_sea ring:L0:12 [chinook] clear of solid things  (Infinity m of 3.00 (nothing))
  ok   10 mk_sea ring:L0:12 [chinook] clear of stock build's routes  (Infinity m of 8.00)
  ok   10 mk_sea ring:L0:12 [chinook] clear of aluminium C172's routes  (Infinity m of 8.50)
  ok   10 mk_sea ring:L0:12 [chinook] clear of the user's Cub's routes  (Infinity m of 8.35)
  ok   10 mk_sea ring:L0:12 [caravan] inside the field
  ok   10 mk_sea ring:L0:12 [caravan] afloat
  ok   10 mk_sea ring:L0:12 [caravan] clear of solid things  (Infinity m of 3.00 (nothing))
  ok   10 mk_sea ring:L0:12 [caravan] clear of stock build's routes  (Infinity m of 8.00)
  ok   10 mk_sea ring:L0:12 [caravan] clear of aluminium C172's routes  (Infinity m of 8.50)
  ok   10 mk_sea ring:L0:12 [caravan] clear of the user's Cub's routes  (Infinity m of 8.35)
  ok   10 mk_sea ring:L0:12 [rv] inside the field
  ok   10 mk_sea ring:L0:12 [rv] afloat
  ok   10 mk_sea ring:L0:12 [rv] clear of solid things  (Infinity m of 3.00 (nothing))
  ok   10 mk_sea ring:L0:12 [rv] clear of stock build's routes  (Infinity m of 8.00)
  ok   10 mk_sea ring:L0:12 [rv] clear of aluminium C172's routes  (Infinity m of 8.50)
  ok   10 mk_sea ring:L0:12 [rv] clear of the user's Cub's routes  (Infinity m of 8.35)
  ok   10 mk_sea ring:L0:12 [savannah] inside the field
  ok   10 mk_sea ring:L0:12 [savannah] afloat
  ok   10 mk_sea ring:L0:12 [savannah] clear of solid things  (Infinity m of 3.00 (nothing))
  ok   10 mk_sea ring:L0:12 [savannah] clear of stock build's routes  (Infinity m of 8.00)
  ok   10 mk_sea ring:L0:12 [savannah] clear of aluminium C172's routes  (Infinity m of 8.50)
  ok   10 mk_sea ring:L0:12 [savannah] clear of the user's Cub's routes  (Infinity m of 8.35)
  ok   10 mk_sea ring:L0:12 [ul1] inside the field
  ok   10 mk_sea ring:L0:12 [ul1] afloat
  ok   10 mk_sea ring:L0:12 [ul1] clear of solid things  (Infinity m of 3.00 (nothing))
  ok   10 mk_sea ring:L0:12 [ul1] clear of stock build's routes  (Infinity m of 8.00)
  ok   10 mk_sea ring:L0:12 [ul1] clear of aluminium C172's routes  (Infinity m of 8.50)
  ok   10 mk_sea ring:L0:12 [ul1] clear of the user's Cub's routes  (Infinity m of 8.35)
  ok   10 mk_sea ring:L0:12 [floatplane] inside the field
  ok   10 mk_sea ring:L0:12 [floatplane] afloat
  ok   10 mk_sea ring:L0:12 [floatplane] clear of solid things  (Infinity m of 3.00 (nothing))
  ok   10 mk_sea ring:L0:12 [floatplane] clear of stock build's routes  (Infinity m of 8.00)
  ok   10 mk_sea ring:L0:12 [floatplane] clear of aluminium C172's routes  (Infinity m of 8.50)
  ok   10 mk_sea ring:L0:12 [floatplane] clear of the user's Cub's routes  (Infinity m of 8.35)
  ok   10 mk_sea ring:L0:12 [pusherPod] inside the field
  ok   10 mk_sea ring:L0:12 [pusherPod] afloat
  ok   10 mk_sea ring:L0:12 [pusherPod] clear of solid things  (Infinity m of 3.00 (nothing))
  ok   10 mk_sea ring:L0:12 [pusherPod] clear of stock build's routes  (Infinity m of 8.00)
  ok   10 mk_sea ring:L0:12 [pusherPod] clear of aluminium C172's routes  (Infinity m of 8.50)
  ok   10 mk_sea ring:L0:12 [pusherPod] clear of the user's Cub's routes  (Infinity m of 8.35)
  ok   10 mk_sea ring:L0:12 [motorglider] inside the field
  ok   10 mk_sea ring:L0:12 [motorglider] afloat
  ok   10 mk_sea ring:L0:12 [motorglider] clear of solid things  (Infinity m of 3.00 (nothing))
  ok   10 mk_sea ring:L0:12 [motorglider] clear of stock build's routes  (Infinity m of 8.00)
  ok   10 mk_sea ring:L0:12 [motorglider] clear of aluminium C172's routes  (Infinity m of 8.50)
  ok   10 mk_sea ring:L0:12 [motorglider] clear of the user's Cub's routes  (Infinity m of 8.35)
  ok   10 mk_sea ring:L0:12 [radial] inside the field
  ok   10 mk_sea ring:L0:12 [radial] afloat
  ok   10 mk_sea ring:L0:12 [radial] clear of solid things  (Infinity m of 3.00 (nothing))
  ok   10 mk_sea ring:L0:12 [radial] clear of stock build's routes  (Infinity m of 8.00)
  ok   10 mk_sea ring:L0:12 [radial] clear of aluminium C172's routes  (Infinity m of 8.50)
  ok   10 mk_sea ring:L0:12 [radial] clear of the user's Cub's routes  (Infinity m of 8.35)
  ok   10 mk_sea ring:L0:12 [etrainer] inside the field
  ok   10 mk_sea ring:L0:12 [etrainer] afloat
  ok   10 mk_sea ring:L0:12 [etrainer] clear of solid things  (Infinity m of 3.00 (nothing))
  ok   10 mk_sea ring:L0:12 [etrainer] clear of stock build's routes  (Infinity m of 8.00)
  ok   10 mk_sea ring:L0:12 [etrainer] clear of aluminium C172's routes  (Infinity m of 8.50)
  ok   10 mk_sea ring:L0:12 [etrainer] clear of the user's Cub's routes  (Infinity m of 8.35)
  ok   10 mk_sea ring:L0:12 [ttail] inside the field
  ok   10 mk_sea ring:L0:12 [ttail] afloat
  ok   10 mk_sea ring:L0:12 [ttail] clear of solid things  (Infinity m of 3.00 (nothing))
  ok   10 mk_sea ring:L0:12 [ttail] clear of stock build's routes  (Infinity m of 8.00)
  ok   10 mk_sea ring:L0:12 [ttail] clear of aluminium C172's routes  (Infinity m of 8.50)
  ok   10 mk_sea ring:L0:12 [ttail] clear of the user's Cub's routes  (Infinity m of 8.35)
  ok   10 mk_sea ring:L0:12 [vtail] inside the field
  ok   10 mk_sea ring:L0:12 [vtail] afloat
  ok   10 mk_sea ring:L0:12 [vtail] clear of solid things  (Infinity m of 3.00 (nothing))
  ok   10 mk_sea ring:L0:12 [vtail] clear of stock build's routes  (Infinity m of 8.00)
  ok   10 mk_sea ring:L0:12 [vtail] clear of aluminium C172's routes  (Infinity m of 8.50)
  ok   10 mk_sea ring:L0:12 [vtail] clear of the user's Cub's routes  (Infinity m of 8.35)
  ok   10 mk_sea ring:L0:12 [mw5] inside the field
  ok   10 mk_sea ring:L0:12 [mw5] afloat
  ok   10 mk_sea ring:L0:12 [mw5] clear of solid things  (Infinity m of 3.00 (nothing))
  ok   10 mk_sea ring:L0:12 [mw5] clear of stock build's routes  (Infinity m of 8.00)
  ok   10 mk_sea ring:L0:12 [mw5] clear of aluminium C172's routes  (Infinity m of 8.50)
  ok   10 mk_sea ring:L0:12 [mw5] clear of the user's Cub's routes  (Infinity m of 8.35)
  ok   10 mk_sea ring:L0:12 [archaeopteryx] inside the field
  ok   10 mk_sea ring:L0:12 [archaeopteryx] afloat
  ok   10 mk_sea ring:L0:12 [archaeopteryx] clear of solid things  (Infinity m of 3.00 (nothing))
  ok   10 mk_sea ring:L0:12 [archaeopteryx] clear of stock build's routes  (Infinity m of 8.00)
  ok   10 mk_sea ring:L0:12 [archaeopteryx] clear of aluminium C172's routes  (Infinity m of 8.50)
  ok   10 mk_sea ring:L0:12 [archaeopteryx] clear of the user's Cub's routes  (Infinity m of 8.35)
  ok   10 mk_sea ring:L0:12 [da62] inside the field
  ok   10 mk_sea ring:L0:12 [da62] afloat
  ok   10 mk_sea ring:L0:12 [da62] clear of solid things  (Infinity m of 3.00 (nothing))
  ok   10 mk_sea ring:L0:12 [da62] clear of stock build's routes  (Infinity m of 8.00)
  ok   10 mk_sea ring:L0:12 [da62] clear of aluminium C172's routes  (Infinity m of 8.50)
  ok   10 mk_sea ring:L0:12 [da62] clear of the user's Cub's routes  (Infinity m of 8.35)
  ok   10 mk_sea ring:L0:12 [twinBush] inside the field
  ok   10 mk_sea ring:L0:12 [twinBush] afloat
  ok   10 mk_sea ring:L0:12 [twinBush] clear of solid things  (Infinity m of 3.00 (nothing))
  ok   10 mk_sea ring:L0:12 [twinBush] clear of stock build's routes  (Infinity m of 8.00)
  ok   10 mk_sea ring:L0:12 [twinBush] clear of aluminium C172's routes  (Infinity m of 8.50)
  ok   10 mk_sea ring:L0:12 [twinBush] clear of the user's Cub's routes  (Infinity m of 8.35)
  ok   10 mk_sea ring:L0:12 [skymaster] inside the field
  ok   10 mk_sea ring:L0:12 [skymaster] afloat
  ok   10 mk_sea ring:L0:12 [skymaster] clear of solid things  (Infinity m of 3.00 (nothing))
  ok   10 mk_sea ring:L0:12 [skymaster] clear of stock build's routes  (Infinity m of 8.00)
  ok   10 mk_sea ring:L0:12 [skymaster] clear of aluminium C172's routes  (Infinity m of 8.50)
  ok   10 mk_sea ring:L0:12 [skymaster] clear of the user's Cub's routes  (Infinity m of 8.35)
  ok   10 mk_sea ring:L0:12 [p38] inside the field
  ok   10 mk_sea ring:L0:12 [p38] afloat
  ok   10 mk_sea ring:L0:12 [p38] clear of solid things  (Infinity m of 3.00 (nothing))
  ok   10 mk_sea ring:L0:12 [p38] clear of stock build's routes  (Infinity m of 8.00)
  ok   10 mk_sea ring:L0:12 [p38] clear of aluminium C172's routes  (Infinity m of 8.50)
  ok   10 mk_sea ring:L0:12 [p38] clear of the user's Cub's routes  (Infinity m of 8.35)
  ok   10 mk_sea ring:L0:12 [beaver] inside the field
  ok   10 mk_sea ring:L0:12 [beaver] afloat
  ok   10 mk_sea ring:L0:12 [beaver] clear of solid things  (Infinity m of 3.00 (nothing))
  ok   10 mk_sea ring:L0:12 [beaver] clear of stock build's routes  (Infinity m of 8.00)
  ok   10 mk_sea ring:L0:12 [beaver] clear of aluminium C172's routes  (Infinity m of 8.50)
  ok   10 mk_sea ring:L0:12 [beaver] clear of the user's Cub's routes  (Infinity m of 8.35)
  ok   10 mk_sea ring:L0:12 [default] inside the field
  ok   10 mk_sea ring:L0:12 [default] afloat
  ok   10 mk_sea ring:L0:12 [default] clear of solid things  (Infinity m of 3.00 (nothing))
  ok   10 mk_sea ring:L0:12 [default] clear of stock build's routes  (Infinity m of 8.00)
  ok   10 mk_sea ring:L0:12 [default] clear of aluminium C172's routes  (Infinity m of 8.50)
  ok   10 mk_sea ring:L0:12 [default] clear of the user's Cub's routes  (Infinity m of 8.35)
  ok   10 mk_sea ring:L0:14 [cub] inside the field
  ok   10 mk_sea ring:L0:14 [cub] afloat
  ok   10 mk_sea ring:L0:14 [cub] clear of solid things  (Infinity m of 3.00 (nothing))
  ok   10 mk_sea ring:L0:14 [cub] clear of stock build's routes  (Infinity m of 8.00)
  ok   10 mk_sea ring:L0:14 [cub] clear of aluminium C172's routes  (Infinity m of 8.50)
  ok   10 mk_sea ring:L0:14 [cub] clear of the user's Cub's routes  (Infinity m of 8.35)
  ok   10 mk_sea ring:L0:14 [pietenpol] inside the field
  ok   10 mk_sea ring:L0:14 [pietenpol] afloat
  ok   10 mk_sea ring:L0:14 [pietenpol] clear of solid things  (Infinity m of 3.00 (nothing))
  ok   10 mk_sea ring:L0:14 [pietenpol] clear of stock build's routes  (Infinity m of 8.00)
  ok   10 mk_sea ring:L0:14 [pietenpol] clear of aluminium C172's routes  (Infinity m of 8.50)
  ok   10 mk_sea ring:L0:14 [pietenpol] clear of the user's Cub's routes  (Infinity m of 8.35)
  ok   10 mk_sea ring:L0:14 [tigermoth] inside the field
  ok   10 mk_sea ring:L0:14 [tigermoth] afloat
  ok   10 mk_sea ring:L0:14 [tigermoth] clear of solid things  (Infinity m of 3.00 (nothing))
  ok   10 mk_sea ring:L0:14 [tigermoth] clear of stock build's routes  (Infinity m of 8.00)
  ok   10 mk_sea ring:L0:14 [tigermoth] clear of aluminium C172's routes  (Infinity m of 8.50)
  ok   10 mk_sea ring:L0:14 [tigermoth] clear of the user's Cub's routes  (Infinity m of 8.35)
  ok   10 mk_sea ring:L0:14 [stearman] inside the field
  ok   10 mk_sea ring:L0:14 [stearman] afloat
  ok   10 mk_sea ring:L0:14 [stearman] clear of solid things  (Infinity m of 3.00 (nothing))
  ok   10 mk_sea ring:L0:14 [stearman] clear of stock build's routes  (Infinity m of 8.00)
  ok   10 mk_sea ring:L0:14 [stearman] clear of aluminium C172's routes  (Infinity m of 8.50)
  ok   10 mk_sea ring:L0:14 [stearman] clear of the user's Cub's routes  (Infinity m of 8.35)
  ok   10 mk_sea ring:L0:14 [pittsAlike] inside the field
  ok   10 mk_sea ring:L0:14 [pittsAlike] afloat
  ok   10 mk_sea ring:L0:14 [pittsAlike] clear of solid things  (Infinity m of 3.00 (nothing))
  ok   10 mk_sea ring:L0:14 [pittsAlike] clear of stock build's routes  (Infinity m of 8.00)
  ok   10 mk_sea ring:L0:14 [pittsAlike] clear of aluminium C172's routes  (Infinity m of 8.50)
  ok   10 mk_sea ring:L0:14 [pittsAlike] clear of the user's Cub's routes  (Infinity m of 8.35)
  ok   10 mk_sea ring:L0:14 [sesqui] inside the field
  ok   10 mk_sea ring:L0:14 [sesqui] afloat
  ok   10 mk_sea ring:L0:14 [sesqui] clear of solid things  (Infinity m of 3.00 (nothing))
  ok   10 mk_sea ring:L0:14 [sesqui] clear of stock build's routes  (Infinity m of 8.00)
  ok   10 mk_sea ring:L0:14 [sesqui] clear of aluminium C172's routes  (Infinity m of 8.50)
  ok   10 mk_sea ring:L0:14 [sesqui] clear of the user's Cub's routes  (Infinity m of 8.35)
  ok   10 mk_sea ring:L0:14 [jodel] inside the field
  ok   10 mk_sea ring:L0:14 [jodel] afloat
  ok   10 mk_sea ring:L0:14 [jodel] clear of solid things  (Infinity m of 3.00 (nothing))
  ok   10 mk_sea ring:L0:14 [jodel] clear of stock build's routes  (Infinity m of 8.00)
  ok   10 mk_sea ring:L0:14 [jodel] clear of aluminium C172's routes  (Infinity m of 8.50)
  ok   10 mk_sea ring:L0:14 [jodel] clear of the user's Cub's routes  (Infinity m of 8.35)
  ok   10 mk_sea ring:L0:14 [c172] inside the field
  ok   10 mk_sea ring:L0:14 [c172] afloat
  ok   10 mk_sea ring:L0:14 [c172] clear of solid things  (Infinity m of 3.00 (nothing))
  ok   10 mk_sea ring:L0:14 [c172] clear of stock build's routes  (Infinity m of 8.00)
  ok   10 mk_sea ring:L0:14 [c172] clear of aluminium C172's routes  (Infinity m of 8.50)
  ok   10 mk_sea ring:L0:14 [c172] clear of the user's Cub's routes  (Infinity m of 8.35)
  ok   10 mk_sea ring:L0:14 [chinook] inside the field
  ok   10 mk_sea ring:L0:14 [chinook] afloat
  ok   10 mk_sea ring:L0:14 [chinook] clear of solid things  (Infinity m of 3.00 (nothing))
  ok   10 mk_sea ring:L0:14 [chinook] clear of stock build's routes  (Infinity m of 8.00)
  ok   10 mk_sea ring:L0:14 [chinook] clear of aluminium C172's routes  (Infinity m of 8.50)
  ok   10 mk_sea ring:L0:14 [chinook] clear of the user's Cub's routes  (Infinity m of 8.35)
  ok   10 mk_sea ring:L0:14 [caravan] inside the field
  ok   10 mk_sea ring:L0:14 [caravan] afloat
  ok   10 mk_sea ring:L0:14 [caravan] clear of solid things  (Infinity m of 3.00 (nothing))
  ok   10 mk_sea ring:L0:14 [caravan] clear of stock build's routes  (Infinity m of 8.00)
  ok   10 mk_sea ring:L0:14 [caravan] clear of aluminium C172's routes  (Infinity m of 8.50)
  ok   10 mk_sea ring:L0:14 [caravan] clear of the user's Cub's routes  (Infinity m of 8.35)
  ok   10 mk_sea ring:L0:14 [rv] inside the field
  ok   10 mk_sea ring:L0:14 [rv] afloat
  ok   10 mk_sea ring:L0:14 [rv] clear of solid things  (Infinity m of 3.00 (nothing))
  ok   10 mk_sea ring:L0:14 [rv] clear of stock build's routes  (Infinity m of 8.00)
  ok   10 mk_sea ring:L0:14 [rv] clear of aluminium C172's routes  (Infinity m of 8.50)
  ok   10 mk_sea ring:L0:14 [rv] clear of the user's Cub's routes  (Infinity m of 8.35)
  ok   10 mk_sea ring:L0:14 [savannah] inside the field
  ok   10 mk_sea ring:L0:14 [savannah] afloat
  ok   10 mk_sea ring:L0:14 [savannah] clear of solid things  (Infinity m of 3.00 (nothing))
  ok   10 mk_sea ring:L0:14 [savannah] clear of stock build's routes  (Infinity m of 8.00)
  ok   10 mk_sea ring:L0:14 [savannah] clear of aluminium C172's routes  (Infinity m of 8.50)
  ok   10 mk_sea ring:L0:14 [savannah] clear of the user's Cub's routes  (Infinity m of 8.35)
  ok   10 mk_sea ring:L0:14 [ul1] inside the field
  ok   10 mk_sea ring:L0:14 [ul1] afloat
  ok   10 mk_sea ring:L0:14 [ul1] clear of solid things  (Infinity m of 3.00 (nothing))
  ok   10 mk_sea ring:L0:14 [ul1] clear of stock build's routes  (Infinity m of 8.00)
  ok   10 mk_sea ring:L0:14 [ul1] clear of aluminium C172's routes  (Infinity m of 8.50)
  ok   10 mk_sea ring:L0:14 [ul1] clear of the user's Cub's routes  (Infinity m of 8.35)
  ok   10 mk_sea ring:L0:14 [floatplane] inside the field
  ok   10 mk_sea ring:L0:14 [floatplane] afloat
  ok   10 mk_sea ring:L0:14 [floatplane] clear of solid things  (Infinity m of 3.00 (nothing))
  ok   10 mk_sea ring:L0:14 [floatplane] clear of stock build's routes  (Infinity m of 8.00)
  ok   10 mk_sea ring:L0:14 [floatplane] clear of aluminium C172's routes  (Infinity m of 8.50)
  ok   10 mk_sea ring:L0:14 [floatplane] clear of the user's Cub's routes  (Infinity m of 8.35)
  ok   10 mk_sea ring:L0:14 [pusherPod] inside the field
  ok   10 mk_sea ring:L0:14 [pusherPod] afloat
  ok   10 mk_sea ring:L0:14 [pusherPod] clear of solid things  (Infinity m of 3.00 (nothing))
  ok   10 mk_sea ring:L0:14 [pusherPod] clear of stock build's routes  (Infinity m of 8.00)
  ok   10 mk_sea ring:L0:14 [pusherPod] clear of aluminium C172's routes  (Infinity m of 8.50)
  ok   10 mk_sea ring:L0:14 [pusherPod] clear of the user's Cub's routes  (Infinity m of 8.35)
  ok   10 mk_sea ring:L0:14 [motorglider] inside the field
  ok   10 mk_sea ring:L0:14 [motorglider] afloat
  ok   10 mk_sea ring:L0:14 [motorglider] clear of solid things  (Infinity m of 3.00 (nothing))
  ok   10 mk_sea ring:L0:14 [motorglider] clear of stock build's routes  (Infinity m of 8.00)
  ok   10 mk_sea ring:L0:14 [motorglider] clear of aluminium C172's routes  (Infinity m of 8.50)
  ok   10 mk_sea ring:L0:14 [motorglider] clear of the user's Cub's routes  (Infinity m of 8.35)
  ok   10 mk_sea ring:L0:14 [radial] inside the field
  ok   10 mk_sea ring:L0:14 [radial] afloat
  ok   10 mk_sea ring:L0:14 [radial] clear of solid things  (Infinity m of 3.00 (nothing))
  ok   10 mk_sea ring:L0:14 [radial] clear of stock build's routes  (Infinity m of 8.00)
  ok   10 mk_sea ring:L0:14 [radial] clear of aluminium C172's routes  (Infinity m of 8.50)
  ok   10 mk_sea ring:L0:14 [radial] clear of the user's Cub's routes  (Infinity m of 8.35)
  ok   10 mk_sea ring:L0:14 [etrainer] inside the field
  ok   10 mk_sea ring:L0:14 [etrainer] afloat
  ok   10 mk_sea ring:L0:14 [etrainer] clear of solid things  (Infinity m of 3.00 (nothing))
  ok   10 mk_sea ring:L0:14 [etrainer] clear of stock build's routes  (Infinity m of 8.00)
  ok   10 mk_sea ring:L0:14 [etrainer] clear of aluminium C172's routes  (Infinity m of 8.50)
  ok   10 mk_sea ring:L0:14 [etrainer] clear of the user's Cub's routes  (Infinity m of 8.35)
  ok   10 mk_sea ring:L0:14 [ttail] inside the field
  ok   10 mk_sea ring:L0:14 [ttail] afloat
  ok   10 mk_sea ring:L0:14 [ttail] clear of solid things  (Infinity m of 3.00 (nothing))
  ok   10 mk_sea ring:L0:14 [ttail] clear of stock build's routes  (Infinity m of 8.00)
  ok   10 mk_sea ring:L0:14 [ttail] clear of aluminium C172's routes  (Infinity m of 8.50)
  ok   10 mk_sea ring:L0:14 [ttail] clear of the user's Cub's routes  (Infinity m of 8.35)
  ok   10 mk_sea ring:L0:14 [vtail] inside the field
  ok   10 mk_sea ring:L0:14 [vtail] afloat
  ok   10 mk_sea ring:L0:14 [vtail] clear of solid things  (Infinity m of 3.00 (nothing))
  ok   10 mk_sea ring:L0:14 [vtail] clear of stock build's routes  (Infinity m of 8.00)
  ok   10 mk_sea ring:L0:14 [vtail] clear of aluminium C172's routes  (Infinity m of 8.50)
  ok   10 mk_sea ring:L0:14 [vtail] clear of the user's Cub's routes  (Infinity m of 8.35)
  ok   10 mk_sea ring:L0:14 [mw5] inside the field
  ok   10 mk_sea ring:L0:14 [mw5] afloat
  ok   10 mk_sea ring:L0:14 [mw5] clear of solid things  (Infinity m of 3.00 (nothing))
  ok   10 mk_sea ring:L0:14 [mw5] clear of stock build's routes  (Infinity m of 8.00)
  ok   10 mk_sea ring:L0:14 [mw5] clear of aluminium C172's routes  (Infinity m of 8.50)
  ok   10 mk_sea ring:L0:14 [mw5] clear of the user's Cub's routes  (Infinity m of 8.35)
  ok   10 mk_sea ring:L0:14 [archaeopteryx] inside the field
  ok   10 mk_sea ring:L0:14 [archaeopteryx] afloat
  ok   10 mk_sea ring:L0:14 [archaeopteryx] clear of solid things  (Infinity m of 3.00 (nothing))
  ok   10 mk_sea ring:L0:14 [archaeopteryx] clear of stock build's routes  (Infinity m of 8.00)
  ok   10 mk_sea ring:L0:14 [archaeopteryx] clear of aluminium C172's routes  (Infinity m of 8.50)
  ok   10 mk_sea ring:L0:14 [archaeopteryx] clear of the user's Cub's routes  (Infinity m of 8.35)
  ok   10 mk_sea ring:L0:14 [da62] inside the field
  ok   10 mk_sea ring:L0:14 [da62] afloat
  ok   10 mk_sea ring:L0:14 [da62] clear of solid things  (Infinity m of 3.00 (nothing))
  ok   10 mk_sea ring:L0:14 [da62] clear of stock build's routes  (Infinity m of 8.00)
  ok   10 mk_sea ring:L0:14 [da62] clear of aluminium C172's routes  (Infinity m of 8.50)
  ok   10 mk_sea ring:L0:14 [da62] clear of the user's Cub's routes  (Infinity m of 8.35)
  ok   10 mk_sea ring:L0:14 [twinBush] inside the field
  ok   10 mk_sea ring:L0:14 [twinBush] afloat
  ok   10 mk_sea ring:L0:14 [twinBush] clear of solid things  (Infinity m of 3.00 (nothing))
  ok   10 mk_sea ring:L0:14 [twinBush] clear of stock build's routes  (Infinity m of 8.00)
  ok   10 mk_sea ring:L0:14 [twinBush] clear of aluminium C172's routes  (Infinity m of 8.50)
  ok   10 mk_sea ring:L0:14 [twinBush] clear of the user's Cub's routes  (Infinity m of 8.35)
  ok   10 mk_sea ring:L0:14 [skymaster] inside the field
  ok   10 mk_sea ring:L0:14 [skymaster] afloat
  ok   10 mk_sea ring:L0:14 [skymaster] clear of solid things  (Infinity m of 3.00 (nothing))
  ok   10 mk_sea ring:L0:14 [skymaster] clear of stock build's routes  (Infinity m of 8.00)
  ok   10 mk_sea ring:L0:14 [skymaster] clear of aluminium C172's routes  (Infinity m of 8.50)
  ok   10 mk_sea ring:L0:14 [skymaster] clear of the user's Cub's routes  (Infinity m of 8.35)
  ok   10 mk_sea ring:L0:14 [p38] inside the field
  ok   10 mk_sea ring:L0:14 [p38] afloat
  ok   10 mk_sea ring:L0:14 [p38] clear of solid things  (Infinity m of 3.00 (nothing))
  ok   10 mk_sea ring:L0:14 [p38] clear of stock build's routes  (Infinity m of 8.00)
  ok   10 mk_sea ring:L0:14 [p38] clear of aluminium C172's routes  (Infinity m of 8.50)
  ok   10 mk_sea ring:L0:14 [p38] clear of the user's Cub's routes  (Infinity m of 8.35)
  ok   10 mk_sea ring:L0:14 [beaver] inside the field
  ok   10 mk_sea ring:L0:14 [beaver] afloat
  ok   10 mk_sea ring:L0:14 [beaver] clear of solid things  (Infinity m of 3.00 (nothing))
  ok   10 mk_sea ring:L0:14 [beaver] clear of stock build's routes  (Infinity m of 8.00)
  ok   10 mk_sea ring:L0:14 [beaver] clear of aluminium C172's routes  (Infinity m of 8.50)
  ok   10 mk_sea ring:L0:14 [beaver] clear of the user's Cub's routes  (Infinity m of 8.35)
  ok   10 mk_sea ring:L0:14 [default] inside the field
  ok   10 mk_sea ring:L0:14 [default] afloat
  ok   10 mk_sea ring:L0:14 [default] clear of solid things  (Infinity m of 3.00 (nothing))
  ok   10 mk_sea ring:L0:14 [default] clear of stock build's routes  (Infinity m of 8.00)
  ok   10 mk_sea ring:L0:14 [default] clear of aluminium C172's routes  (Infinity m of 8.50)
  ok   10 mk_sea ring:L0:14 [default] clear of the user's Cub's routes  (Infinity m of 8.35)
  ok   10 mk_sea ring:L0:15 [cub] inside the field
  ok   10 mk_sea ring:L0:15 [cub] afloat
  ok   10 mk_sea ring:L0:15 [cub] clear of solid things  (Infinity m of 3.00 (nothing))
  ok   10 mk_sea ring:L0:15 [cub] clear of stock build's routes  (Infinity m of 8.00)
  ok   10 mk_sea ring:L0:15 [cub] clear of aluminium C172's routes  (Infinity m of 8.50)
  ok   10 mk_sea ring:L0:15 [cub] clear of the user's Cub's routes  (Infinity m of 8.35)
  ok   10 mk_sea ring:L0:15 [pietenpol] inside the field
  ok   10 mk_sea ring:L0:15 [pietenpol] afloat
  ok   10 mk_sea ring:L0:15 [pietenpol] clear of solid things  (Infinity m of 3.00 (nothing))
  ok   10 mk_sea ring:L0:15 [pietenpol] clear of stock build's routes  (Infinity m of 8.00)
  ok   10 mk_sea ring:L0:15 [pietenpol] clear of aluminium C172's routes  (Infinity m of 8.50)
  ok   10 mk_sea ring:L0:15 [pietenpol] clear of the user's Cub's routes  (Infinity m of 8.35)
  ok   10 mk_sea ring:L0:15 [tigermoth] inside the field
  ok   10 mk_sea ring:L0:15 [tigermoth] afloat
  ok   10 mk_sea ring:L0:15 [tigermoth] clear of solid things  (Infinity m of 3.00 (nothing))
  ok   10 mk_sea ring:L0:15 [tigermoth] clear of stock build's routes  (Infinity m of 8.00)
  ok   10 mk_sea ring:L0:15 [tigermoth] clear of aluminium C172's routes  (Infinity m of 8.50)
  ok   10 mk_sea ring:L0:15 [tigermoth] clear of the user's Cub's routes  (Infinity m of 8.35)
  ok   10 mk_sea ring:L0:15 [stearman] inside the field
  ok   10 mk_sea ring:L0:15 [stearman] afloat
  ok   10 mk_sea ring:L0:15 [stearman] clear of solid things  (Infinity m of 3.00 (nothing))
  ok   10 mk_sea ring:L0:15 [stearman] clear of stock build's routes  (Infinity m of 8.00)
  ok   10 mk_sea ring:L0:15 [stearman] clear of aluminium C172's routes  (Infinity m of 8.50)
  ok   10 mk_sea ring:L0:15 [stearman] clear of the user's Cub's routes  (Infinity m of 8.35)
  ok   10 mk_sea ring:L0:15 [pittsAlike] inside the field
  ok   10 mk_sea ring:L0:15 [pittsAlike] afloat
  ok   10 mk_sea ring:L0:15 [pittsAlike] clear of solid things  (Infinity m of 3.00 (nothing))
  ok   10 mk_sea ring:L0:15 [pittsAlike] clear of stock build's routes  (Infinity m of 8.00)
  ok   10 mk_sea ring:L0:15 [pittsAlike] clear of aluminium C172's routes  (Infinity m of 8.50)
  ok   10 mk_sea ring:L0:15 [pittsAlike] clear of the user's Cub's routes  (Infinity m of 8.35)
  ok   10 mk_sea ring:L0:15 [sesqui] inside the field
  ok   10 mk_sea ring:L0:15 [sesqui] afloat
  ok   10 mk_sea ring:L0:15 [sesqui] clear of solid things  (Infinity m of 3.00 (nothing))
  ok   10 mk_sea ring:L0:15 [sesqui] clear of stock build's routes  (Infinity m of 8.00)
  ok   10 mk_sea ring:L0:15 [sesqui] clear of aluminium C172's routes  (Infinity m of 8.50)
  ok   10 mk_sea ring:L0:15 [sesqui] clear of the user's Cub's routes  (Infinity m of 8.35)
  ok   10 mk_sea ring:L0:15 [jodel] inside the field
  ok   10 mk_sea ring:L0:15 [jodel] afloat
  ok   10 mk_sea ring:L0:15 [jodel] clear of solid things  (Infinity m of 3.00 (nothing))
  ok   10 mk_sea ring:L0:15 [jodel] clear of stock build's routes  (Infinity m of 8.00)
  ok   10 mk_sea ring:L0:15 [jodel] clear of aluminium C172's routes  (Infinity m of 8.50)
  ok   10 mk_sea ring:L0:15 [jodel] clear of the user's Cub's routes  (Infinity m of 8.35)
  ok   10 mk_sea ring:L0:15 [c172] inside the field
  ok   10 mk_sea ring:L0:15 [c172] afloat
  ok   10 mk_sea ring:L0:15 [c172] clear of solid things  (Infinity m of 3.00 (nothing))
  ok   10 mk_sea ring:L0:15 [c172] clear of stock build's routes  (Infinity m of 8.00)
  ok   10 mk_sea ring:L0:15 [c172] clear of aluminium C172's routes  (Infinity m of 8.50)
  ok   10 mk_sea ring:L0:15 [c172] clear of the user's Cub's routes  (Infinity m of 8.35)
  ok   10 mk_sea ring:L0:15 [chinook] inside the field
  ok   10 mk_sea ring:L0:15 [chinook] afloat
  ok   10 mk_sea ring:L0:15 [chinook] clear of solid things  (Infinity m of 3.00 (nothing))
  ok   10 mk_sea ring:L0:15 [chinook] clear of stock build's routes  (Infinity m of 8.00)
  ok   10 mk_sea ring:L0:15 [chinook] clear of aluminium C172's routes  (Infinity m of 8.50)
  ok   10 mk_sea ring:L0:15 [chinook] clear of the user's Cub's routes  (Infinity m of 8.35)
  ok   10 mk_sea ring:L0:15 [caravan] inside the field
  ok   10 mk_sea ring:L0:15 [caravan] afloat
  ok   10 mk_sea ring:L0:15 [caravan] clear of solid things  (Infinity m of 3.00 (nothing))
  ok   10 mk_sea ring:L0:15 [caravan] clear of stock build's routes  (Infinity m of 8.00)
  ok   10 mk_sea ring:L0:15 [caravan] clear of aluminium C172's routes  (Infinity m of 8.50)
  ok   10 mk_sea ring:L0:15 [caravan] clear of the user's Cub's routes  (Infinity m of 8.35)
  ok   10 mk_sea ring:L0:15 [rv] inside the field
  ok   10 mk_sea ring:L0:15 [rv] afloat
  ok   10 mk_sea ring:L0:15 [rv] clear of solid things  (Infinity m of 3.00 (nothing))
  ok   10 mk_sea ring:L0:15 [rv] clear of stock build's routes  (Infinity m of 8.00)
  ok   10 mk_sea ring:L0:15 [rv] clear of aluminium C172's routes  (Infinity m of 8.50)
  ok   10 mk_sea ring:L0:15 [rv] clear of the user's Cub's routes  (Infinity m of 8.35)
  ok   10 mk_sea ring:L0:15 [savannah] inside the field
  ok   10 mk_sea ring:L0:15 [savannah] afloat
  ok   10 mk_sea ring:L0:15 [savannah] clear of solid things  (Infinity m of 3.00 (nothing))
  ok   10 mk_sea ring:L0:15 [savannah] clear of stock build's routes  (Infinity m of 8.00)
  ok   10 mk_sea ring:L0:15 [savannah] clear of aluminium C172's routes  (Infinity m of 8.50)
  ok   10 mk_sea ring:L0:15 [savannah] clear of the user's Cub's routes  (Infinity m of 8.35)
  ok   10 mk_sea ring:L0:15 [ul1] inside the field
  ok   10 mk_sea ring:L0:15 [ul1] afloat
  ok   10 mk_sea ring:L0:15 [ul1] clear of solid things  (Infinity m of 3.00 (nothing))
  ok   10 mk_sea ring:L0:15 [ul1] clear of stock build's routes  (Infinity m of 8.00)
  ok   10 mk_sea ring:L0:15 [ul1] clear of aluminium C172's routes  (Infinity m of 8.50)
  ok   10 mk_sea ring:L0:15 [ul1] clear of the user's Cub's routes  (Infinity m of 8.35)
  ok   10 mk_sea ring:L0:15 [floatplane] inside the field
  ok   10 mk_sea ring:L0:15 [floatplane] afloat
  ok   10 mk_sea ring:L0:15 [floatplane] clear of solid things  (Infinity m of 3.00 (nothing))
  ok   10 mk_sea ring:L0:15 [floatplane] clear of stock build's routes  (Infinity m of 8.00)
  ok   10 mk_sea ring:L0:15 [floatplane] clear of aluminium C172's routes  (Infinity m of 8.50)
  ok   10 mk_sea ring:L0:15 [floatplane] clear of the user's Cub's routes  (Infinity m of 8.35)
  ok   10 mk_sea ring:L0:15 [pusherPod] inside the field
  ok   10 mk_sea ring:L0:15 [pusherPod] afloat
  ok   10 mk_sea ring:L0:15 [pusherPod] clear of solid things  (Infinity m of 3.00 (nothing))
  ok   10 mk_sea ring:L0:15 [pusherPod] clear of stock build's routes  (Infinity m of 8.00)
  ok   10 mk_sea ring:L0:15 [pusherPod] clear of aluminium C172's routes  (Infinity m of 8.50)
  ok   10 mk_sea ring:L0:15 [pusherPod] clear of the user's Cub's routes  (Infinity m of 8.35)
  ok   10 mk_sea ring:L0:15 [motorglider] inside the field
  ok   10 mk_sea ring:L0:15 [motorglider] afloat
  ok   10 mk_sea ring:L0:15 [motorglider] clear of solid things  (Infinity m of 3.00 (nothing))
  ok   10 mk_sea ring:L0:15 [motorglider] clear of stock build's routes  (Infinity m of 8.00)
  ok   10 mk_sea ring:L0:15 [motorglider] clear of aluminium C172's routes  (Infinity m of 8.50)
  ok   10 mk_sea ring:L0:15 [motorglider] clear of the user's Cub's routes  (Infinity m of 8.35)
  ok   10 mk_sea ring:L0:15 [radial] inside the field
  ok   10 mk_sea ring:L0:15 [radial] afloat
  ok   10 mk_sea ring:L0:15 [radial] clear of solid things  (Infinity m of 3.00 (nothing))
  ok   10 mk_sea ring:L0:15 [radial] clear of stock build's routes  (Infinity m of 8.00)
  ok   10 mk_sea ring:L0:15 [radial] clear of aluminium C172's routes  (Infinity m of 8.50)
  ok   10 mk_sea ring:L0:15 [radial] clear of the user's Cub's routes  (Infinity m of 8.35)
  ok   10 mk_sea ring:L0:15 [etrainer] inside the field
  ok   10 mk_sea ring:L0:15 [etrainer] afloat
  ok   10 mk_sea ring:L0:15 [etrainer] clear of solid things  (Infinity m of 3.00 (nothing))
  ok   10 mk_sea ring:L0:15 [etrainer] clear of stock build's routes  (Infinity m of 8.00)
  ok   10 mk_sea ring:L0:15 [etrainer] clear of aluminium C172's routes  (Infinity m of 8.50)
  ok   10 mk_sea ring:L0:15 [etrainer] clear of the user's Cub's routes  (Infinity m of 8.35)
  ok   10 mk_sea ring:L0:15 [ttail] inside the field
  ok   10 mk_sea ring:L0:15 [ttail] afloat
  ok   10 mk_sea ring:L0:15 [ttail] clear of solid things  (Infinity m of 3.00 (nothing))
  ok   10 mk_sea ring:L0:15 [ttail] clear of stock build's routes  (Infinity m of 8.00)
  ok   10 mk_sea ring:L0:15 [ttail] clear of aluminium C172's routes  (Infinity m of 8.50)
  ok   10 mk_sea ring:L0:15 [ttail] clear of the user's Cub's routes  (Infinity m of 8.35)
  ok   10 mk_sea ring:L0:15 [vtail] inside the field
  ok   10 mk_sea ring:L0:15 [vtail] afloat
  ok   10 mk_sea ring:L0:15 [vtail] clear of solid things  (Infinity m of 3.00 (nothing))
  ok   10 mk_sea ring:L0:15 [vtail] clear of stock build's routes  (Infinity m of 8.00)
  ok   10 mk_sea ring:L0:15 [vtail] clear of aluminium C172's routes  (Infinity m of 8.50)
  ok   10 mk_sea ring:L0:15 [vtail] clear of the user's Cub's routes  (Infinity m of 8.35)
  ok   10 mk_sea ring:L0:15 [mw5] inside the field
  ok   10 mk_sea ring:L0:15 [mw5] afloat
  ok   10 mk_sea ring:L0:15 [mw5] clear of solid things  (Infinity m of 3.00 (nothing))
  ok   10 mk_sea ring:L0:15 [mw5] clear of stock build's routes  (Infinity m of 8.00)
  ok   10 mk_sea ring:L0:15 [mw5] clear of aluminium C172's routes  (Infinity m of 8.50)
  ok   10 mk_sea ring:L0:15 [mw5] clear of the user's Cub's routes  (Infinity m of 8.35)
  ok   10 mk_sea ring:L0:15 [archaeopteryx] inside the field
  ok   10 mk_sea ring:L0:15 [archaeopteryx] afloat
  ok   10 mk_sea ring:L0:15 [archaeopteryx] clear of solid things  (Infinity m of 3.00 (nothing))
  ok   10 mk_sea ring:L0:15 [archaeopteryx] clear of stock build's routes  (Infinity m of 8.00)
  ok   10 mk_sea ring:L0:15 [archaeopteryx] clear of aluminium C172's routes  (Infinity m of 8.50)
  ok   10 mk_sea ring:L0:15 [archaeopteryx] clear of the user's Cub's routes  (Infinity m of 8.35)
  ok   10 mk_sea ring:L0:15 [da62] inside the field
  ok   10 mk_sea ring:L0:15 [da62] afloat
  ok   10 mk_sea ring:L0:15 [da62] clear of solid things  (Infinity m of 3.00 (nothing))
  ok   10 mk_sea ring:L0:15 [da62] clear of stock build's routes  (Infinity m of 8.00)
  ok   10 mk_sea ring:L0:15 [da62] clear of aluminium C172's routes  (Infinity m of 8.50)
  ok   10 mk_sea ring:L0:15 [da62] clear of the user's Cub's routes  (Infinity m of 8.35)
  ok   10 mk_sea ring:L0:15 [twinBush] inside the field
  ok   10 mk_sea ring:L0:15 [twinBush] afloat
  ok   10 mk_sea ring:L0:15 [twinBush] clear of solid things  (Infinity m of 3.00 (nothing))
  ok   10 mk_sea ring:L0:15 [twinBush] clear of stock build's routes  (Infinity m of 8.00)
  ok   10 mk_sea ring:L0:15 [twinBush] clear of aluminium C172's routes  (Infinity m of 8.50)
  ok   10 mk_sea ring:L0:15 [twinBush] clear of the user's Cub's routes  (Infinity m of 8.35)
  ok   10 mk_sea ring:L0:15 [skymaster] inside the field
  ok   10 mk_sea ring:L0:15 [skymaster] afloat
  ok   10 mk_sea ring:L0:15 [skymaster] clear of solid things  (Infinity m of 3.00 (nothing))
  ok   10 mk_sea ring:L0:15 [skymaster] clear of stock build's routes  (Infinity m of 8.00)
  ok   10 mk_sea ring:L0:15 [skymaster] clear of aluminium C172's routes  (Infinity m of 8.50)
  ok   10 mk_sea ring:L0:15 [skymaster] clear of the user's Cub's routes  (Infinity m of 8.35)
  ok   10 mk_sea ring:L0:15 [p38] inside the field
  ok   10 mk_sea ring:L0:15 [p38] afloat
  ok   10 mk_sea ring:L0:15 [p38] clear of solid things  (Infinity m of 3.00 (nothing))
  ok   10 mk_sea ring:L0:15 [p38] clear of stock build's routes  (Infinity m of 8.00)
  ok   10 mk_sea ring:L0:15 [p38] clear of aluminium C172's routes  (Infinity m of 8.50)
  ok   10 mk_sea ring:L0:15 [p38] clear of the user's Cub's routes  (Infinity m of 8.35)
  ok   10 mk_sea ring:L0:15 [beaver] inside the field
  ok   10 mk_sea ring:L0:15 [beaver] afloat
  ok   10 mk_sea ring:L0:15 [beaver] clear of solid things  (Infinity m of 3.00 (nothing))
  ok   10 mk_sea ring:L0:15 [beaver] clear of stock build's routes  (Infinity m of 8.00)
  ok   10 mk_sea ring:L0:15 [beaver] clear of aluminium C172's routes  (Infinity m of 8.50)
  ok   10 mk_sea ring:L0:15 [beaver] clear of the user's Cub's routes  (Infinity m of 8.35)
  ok   10 mk_sea ring:L0:15 [default] inside the field
  ok   10 mk_sea ring:L0:15 [default] afloat
  ok   10 mk_sea ring:L0:15 [default] clear of solid things  (Infinity m of 3.00 (nothing))
  ok   10 mk_sea ring:L0:15 [default] clear of stock build's routes  (Infinity m of 8.00)
  ok   10 mk_sea ring:L0:15 [default] clear of aluminium C172's routes  (Infinity m of 8.50)
  ok   10 mk_sea ring:L0:15 [default] clear of the user's Cub's routes  (Infinity m of 8.35)
  ok   10 mk_sea ring:L0:17 [cub] inside the field
  ok   10 mk_sea ring:L0:17 [cub] afloat
  ok   10 mk_sea ring:L0:17 [cub] clear of solid things  (Infinity m of 3.00 (nothing))
  ok   10 mk_sea ring:L0:17 [cub] clear of stock build's routes  (Infinity m of 8.00)
  ok   10 mk_sea ring:L0:17 [cub] clear of aluminium C172's routes  (Infinity m of 8.50)
  ok   10 mk_sea ring:L0:17 [cub] clear of the user's Cub's routes  (Infinity m of 8.35)
  ok   10 mk_sea ring:L0:17 [pietenpol] inside the field
  ok   10 mk_sea ring:L0:17 [pietenpol] afloat
  ok   10 mk_sea ring:L0:17 [pietenpol] clear of solid things  (Infinity m of 3.00 (nothing))
  ok   10 mk_sea ring:L0:17 [pietenpol] clear of stock build's routes  (Infinity m of 8.00)
  ok   10 mk_sea ring:L0:17 [pietenpol] clear of aluminium C172's routes  (Infinity m of 8.50)
  ok   10 mk_sea ring:L0:17 [pietenpol] clear of the user's Cub's routes  (Infinity m of 8.35)
  ok   10 mk_sea ring:L0:17 [tigermoth] inside the field
  ok   10 mk_sea ring:L0:17 [tigermoth] afloat
  ok   10 mk_sea ring:L0:17 [tigermoth] clear of solid things  (Infinity m of 3.00 (nothing))
  ok   10 mk_sea ring:L0:17 [tigermoth] clear of stock build's routes  (Infinity m of 8.00)
  ok   10 mk_sea ring:L0:17 [tigermoth] clear of aluminium C172's routes  (Infinity m of 8.50)
  ok   10 mk_sea ring:L0:17 [tigermoth] clear of the user's Cub's routes  (Infinity m of 8.35)
  ok   10 mk_sea ring:L0:17 [stearman] inside the field
  ok   10 mk_sea ring:L0:17 [stearman] afloat
  ok   10 mk_sea ring:L0:17 [stearman] clear of solid things  (Infinity m of 3.00 (nothing))
  ok   10 mk_sea ring:L0:17 [stearman] clear of stock build's routes  (Infinity m of 8.00)
  ok   10 mk_sea ring:L0:17 [stearman] clear of aluminium C172's routes  (Infinity m of 8.50)
  ok   10 mk_sea ring:L0:17 [stearman] clear of the user's Cub's routes  (Infinity m of 8.35)
  ok   10 mk_sea ring:L0:17 [pittsAlike] inside the field
  ok   10 mk_sea ring:L0:17 [pittsAlike] afloat
  ok   10 mk_sea ring:L0:17 [pittsAlike] clear of solid things  (Infinity m of 3.00 (nothing))
  ok   10 mk_sea ring:L0:17 [pittsAlike] clear of stock build's routes  (Infinity m of 8.00)
  ok   10 mk_sea ring:L0:17 [pittsAlike] clear of aluminium C172's routes  (Infinity m of 8.50)
  ok   10 mk_sea ring:L0:17 [pittsAlike] clear of the user's Cub's routes  (Infinity m of 8.35)
  ok   10 mk_sea ring:L0:17 [sesqui] inside the field
  ok   10 mk_sea ring:L0:17 [sesqui] afloat
  ok   10 mk_sea ring:L0:17 [sesqui] clear of solid things  (Infinity m of 3.00 (nothing))
  ok   10 mk_sea ring:L0:17 [sesqui] clear of stock build's routes  (Infinity m of 8.00)
  ok   10 mk_sea ring:L0:17 [sesqui] clear of aluminium C172's routes  (Infinity m of 8.50)
  ok   10 mk_sea ring:L0:17 [sesqui] clear of the user's Cub's routes  (Infinity m of 8.35)
  ok   10 mk_sea ring:L0:17 [jodel] inside the field
  ok   10 mk_sea ring:L0:17 [jodel] afloat
  ok   10 mk_sea ring:L0:17 [jodel] clear of solid things  (Infinity m of 3.00 (nothing))
  ok   10 mk_sea ring:L0:17 [jodel] clear of stock build's routes  (Infinity m of 8.00)
  ok   10 mk_sea ring:L0:17 [jodel] clear of aluminium C172's routes  (Infinity m of 8.50)
  ok   10 mk_sea ring:L0:17 [jodel] clear of the user's Cub's routes  (Infinity m of 8.35)
  ok   10 mk_sea ring:L0:17 [c172] inside the field
  ok   10 mk_sea ring:L0:17 [c172] afloat
  ok   10 mk_sea ring:L0:17 [c172] clear of solid things  (Infinity m of 3.00 (nothing))
  ok   10 mk_sea ring:L0:17 [c172] clear of stock build's routes  (Infinity m of 8.00)
  ok   10 mk_sea ring:L0:17 [c172] clear of aluminium C172's routes  (Infinity m of 8.50)
  ok   10 mk_sea ring:L0:17 [c172] clear of the user's Cub's routes  (Infinity m of 8.35)
  ok   10 mk_sea ring:L0:17 [chinook] inside the field
  ok   10 mk_sea ring:L0:17 [chinook] afloat
  ok   10 mk_sea ring:L0:17 [chinook] clear of solid things  (Infinity m of 3.00 (nothing))
  ok   10 mk_sea ring:L0:17 [chinook] clear of stock build's routes  (Infinity m of 8.00)
  ok   10 mk_sea ring:L0:17 [chinook] clear of aluminium C172's routes  (Infinity m of 8.50)
  ok   10 mk_sea ring:L0:17 [chinook] clear of the user's Cub's routes  (Infinity m of 8.35)
  ok   10 mk_sea ring:L0:17 [caravan] inside the field
  ok   10 mk_sea ring:L0:17 [caravan] afloat
  ok   10 mk_sea ring:L0:17 [caravan] clear of solid things  (Infinity m of 3.00 (nothing))
  ok   10 mk_sea ring:L0:17 [caravan] clear of stock build's routes  (Infinity m of 8.00)
  ok   10 mk_sea ring:L0:17 [caravan] clear of aluminium C172's routes  (Infinity m of 8.50)
  ok   10 mk_sea ring:L0:17 [caravan] clear of the user's Cub's routes  (Infinity m of 8.35)
  ok   10 mk_sea ring:L0:17 [rv] inside the field
  ok   10 mk_sea ring:L0:17 [rv] afloat
  ok   10 mk_sea ring:L0:17 [rv] clear of solid things  (Infinity m of 3.00 (nothing))
  ok   10 mk_sea ring:L0:17 [rv] clear of stock build's routes  (Infinity m of 8.00)
  ok   10 mk_sea ring:L0:17 [rv] clear of aluminium C172's routes  (Infinity m of 8.50)
  ok   10 mk_sea ring:L0:17 [rv] clear of the user's Cub's routes  (Infinity m of 8.35)
  ok   10 mk_sea ring:L0:17 [savannah] inside the field
  ok   10 mk_sea ring:L0:17 [savannah] afloat
  ok   10 mk_sea ring:L0:17 [savannah] clear of solid things  (Infinity m of 3.00 (nothing))
  ok   10 mk_sea ring:L0:17 [savannah] clear of stock build's routes  (Infinity m of 8.00)
  ok   10 mk_sea ring:L0:17 [savannah] clear of aluminium C172's routes  (Infinity m of 8.50)
  ok   10 mk_sea ring:L0:17 [savannah] clear of the user's Cub's routes  (Infinity m of 8.35)
  ok   10 mk_sea ring:L0:17 [ul1] inside the field
  ok   10 mk_sea ring:L0:17 [ul1] afloat
  ok   10 mk_sea ring:L0:17 [ul1] clear of solid things  (Infinity m of 3.00 (nothing))
  ok   10 mk_sea ring:L0:17 [ul1] clear of stock build's routes  (Infinity m of 8.00)
  ok   10 mk_sea ring:L0:17 [ul1] clear of aluminium C172's routes  (Infinity m of 8.50)
  ok   10 mk_sea ring:L0:17 [ul1] clear of the user's Cub's routes  (Infinity m of 8.35)
  ok   10 mk_sea ring:L0:17 [floatplane] inside the field
  ok   10 mk_sea ring:L0:17 [floatplane] afloat
  ok   10 mk_sea ring:L0:17 [floatplane] clear of solid things  (Infinity m of 3.00 (nothing))
  ok   10 mk_sea ring:L0:17 [floatplane] clear of stock build's routes  (Infinity m of 8.00)
  ok   10 mk_sea ring:L0:17 [floatplane] clear of aluminium C172's routes  (Infinity m of 8.50)
  ok   10 mk_sea ring:L0:17 [floatplane] clear of the user's Cub's routes  (Infinity m of 8.35)
  ok   10 mk_sea ring:L0:17 [pusherPod] inside the field
  ok   10 mk_sea ring:L0:17 [pusherPod] afloat
  ok   10 mk_sea ring:L0:17 [pusherPod] clear of solid things  (Infinity m of 3.00 (nothing))
  ok   10 mk_sea ring:L0:17 [pusherPod] clear of stock build's routes  (Infinity m of 8.00)
  ok   10 mk_sea ring:L0:17 [pusherPod] clear of aluminium C172's routes  (Infinity m of 8.50)
  ok   10 mk_sea ring:L0:17 [pusherPod] clear of the user's Cub's routes  (Infinity m of 8.35)
  ok   10 mk_sea ring:L0:17 [motorglider] inside the field
  ok   10 mk_sea ring:L0:17 [motorglider] afloat
  ok   10 mk_sea ring:L0:17 [motorglider] clear of solid things  (Infinity m of 3.00 (nothing))
  ok   10 mk_sea ring:L0:17 [motorglider] clear of stock build's routes  (Infinity m of 8.00)
  ok   10 mk_sea ring:L0:17 [motorglider] clear of aluminium C172's routes  (Infinity m of 8.50)
  ok   10 mk_sea ring:L0:17 [motorglider] clear of the user's Cub's routes  (Infinity m of 8.35)
  ok   10 mk_sea ring:L0:17 [radial] inside the field
  ok   10 mk_sea ring:L0:17 [radial] afloat
  ok   10 mk_sea ring:L0:17 [radial] clear of solid things  (Infinity m of 3.00 (nothing))
  ok   10 mk_sea ring:L0:17 [radial] clear of stock build's routes  (Infinity m of 8.00)
  ok   10 mk_sea ring:L0:17 [radial] clear of aluminium C172's routes  (Infinity m of 8.50)
  ok   10 mk_sea ring:L0:17 [radial] clear of the user's Cub's routes  (Infinity m of 8.35)
  ok   10 mk_sea ring:L0:17 [etrainer] inside the field
  ok   10 mk_sea ring:L0:17 [etrainer] afloat
  ok   10 mk_sea ring:L0:17 [etrainer] clear of solid things  (Infinity m of 3.00 (nothing))
  ok   10 mk_sea ring:L0:17 [etrainer] clear of stock build's routes  (Infinity m of 8.00)
  ok   10 mk_sea ring:L0:17 [etrainer] clear of aluminium C172's routes  (Infinity m of 8.50)
  ok   10 mk_sea ring:L0:17 [etrainer] clear of the user's Cub's routes  (Infinity m of 8.35)
  ok   10 mk_sea ring:L0:17 [ttail] inside the field
  ok   10 mk_sea ring:L0:17 [ttail] afloat
  ok   10 mk_sea ring:L0:17 [ttail] clear of solid things  (Infinity m of 3.00 (nothing))
  ok   10 mk_sea ring:L0:17 [ttail] clear of stock build's routes  (Infinity m of 8.00)
  ok   10 mk_sea ring:L0:17 [ttail] clear of aluminium C172's routes  (Infinity m of 8.50)
  ok   10 mk_sea ring:L0:17 [ttail] clear of the user's Cub's routes  (Infinity m of 8.35)
  ok   10 mk_sea ring:L0:17 [vtail] inside the field
  ok   10 mk_sea ring:L0:17 [vtail] afloat
  ok   10 mk_sea ring:L0:17 [vtail] clear of solid things  (Infinity m of 3.00 (nothing))
  ok   10 mk_sea ring:L0:17 [vtail] clear of stock build's routes  (Infinity m of 8.00)
  ok   10 mk_sea ring:L0:17 [vtail] clear of aluminium C172's routes  (Infinity m of 8.50)
  ok   10 mk_sea ring:L0:17 [vtail] clear of the user's Cub's routes  (Infinity m of 8.35)
  ok   10 mk_sea ring:L0:17 [mw5] inside the field
  ok   10 mk_sea ring:L0:17 [mw5] afloat
  ok   10 mk_sea ring:L0:17 [mw5] clear of solid things  (Infinity m of 3.00 (nothing))
  ok   10 mk_sea ring:L0:17 [mw5] clear of stock build's routes  (Infinity m of 8.00)
  ok   10 mk_sea ring:L0:17 [mw5] clear of aluminium C172's routes  (Infinity m of 8.50)
  ok   10 mk_sea ring:L0:17 [mw5] clear of the user's Cub's routes  (Infinity m of 8.35)
  ok   10 mk_sea ring:L0:17 [archaeopteryx] inside the field
  ok   10 mk_sea ring:L0:17 [archaeopteryx] afloat
  ok   10 mk_sea ring:L0:17 [archaeopteryx] clear of solid things  (Infinity m of 3.00 (nothing))
  ok   10 mk_sea ring:L0:17 [archaeopteryx] clear of stock build's routes  (Infinity m of 8.00)
  ok   10 mk_sea ring:L0:17 [archaeopteryx] clear of aluminium C172's routes  (Infinity m of 8.50)
  ok   10 mk_sea ring:L0:17 [archaeopteryx] clear of the user's Cub's routes  (Infinity m of 8.35)
  ok   10 mk_sea ring:L0:17 [da62] inside the field
  ok   10 mk_sea ring:L0:17 [da62] afloat
  ok   10 mk_sea ring:L0:17 [da62] clear of solid things  (Infinity m of 3.00 (nothing))
  ok   10 mk_sea ring:L0:17 [da62] clear of stock build's routes  (Infinity m of 8.00)
  ok   10 mk_sea ring:L0:17 [da62] clear of aluminium C172's routes  (Infinity m of 8.50)
  ok   10 mk_sea ring:L0:17 [da62] clear of the user's Cub's routes  (Infinity m of 8.35)
  ok   10 mk_sea ring:L0:17 [twinBush] inside the field
  ok   10 mk_sea ring:L0:17 [twinBush] afloat
  ok   10 mk_sea ring:L0:17 [twinBush] clear of solid things  (Infinity m of 3.00 (nothing))
  ok   10 mk_sea ring:L0:17 [twinBush] clear of stock build's routes  (Infinity m of 8.00)
  ok   10 mk_sea ring:L0:17 [twinBush] clear of aluminium C172's routes  (Infinity m of 8.50)
  ok   10 mk_sea ring:L0:17 [twinBush] clear of the user's Cub's routes  (Infinity m of 8.35)
  ok   10 mk_sea ring:L0:17 [skymaster] inside the field
  ok   10 mk_sea ring:L0:17 [skymaster] afloat
  ok   10 mk_sea ring:L0:17 [skymaster] clear of solid things  (Infinity m of 3.00 (nothing))
  ok   10 mk_sea ring:L0:17 [skymaster] clear of stock build's routes  (Infinity m of 8.00)
  ok   10 mk_sea ring:L0:17 [skymaster] clear of aluminium C172's routes  (Infinity m of 8.50)
  ok   10 mk_sea ring:L0:17 [skymaster] clear of the user's Cub's routes  (Infinity m of 8.35)
  ok   10 mk_sea ring:L0:17 [p38] inside the field
  ok   10 mk_sea ring:L0:17 [p38] afloat
  ok   10 mk_sea ring:L0:17 [p38] clear of solid things  (Infinity m of 3.00 (nothing))
  ok   10 mk_sea ring:L0:17 [p38] clear of stock build's routes  (Infinity m of 8.00)
  ok   10 mk_sea ring:L0:17 [p38] clear of aluminium C172's routes  (Infinity m of 8.50)
  ok   10 mk_sea ring:L0:17 [p38] clear of the user's Cub's routes  (Infinity m of 8.35)
  ok   10 mk_sea ring:L0:17 [beaver] inside the field
  ok   10 mk_sea ring:L0:17 [beaver] afloat
  ok   10 mk_sea ring:L0:17 [beaver] clear of solid things  (Infinity m of 3.00 (nothing))
  ok   10 mk_sea ring:L0:17 [beaver] clear of stock build's routes  (Infinity m of 8.00)
  ok   10 mk_sea ring:L0:17 [beaver] clear of aluminium C172's routes  (Infinity m of 8.50)
  ok   10 mk_sea ring:L0:17 [beaver] clear of the user's Cub's routes  (Infinity m of 8.35)
  ok   10 mk_sea ring:L0:17 [default] inside the field
  ok   10 mk_sea ring:L0:17 [default] afloat
  ok   10 mk_sea ring:L0:17 [default] clear of solid things  (Infinity m of 3.00 (nothing))
  ok   10 mk_sea ring:L0:17 [default] clear of stock build's routes  (Infinity m of 8.00)
  ok   10 mk_sea ring:L0:17 [default] clear of aluminium C172's routes  (Infinity m of 8.50)
  ok   10 mk_sea ring:L0:17 [default] clear of the user's Cub's routes  (Infinity m of 8.35)
  ok   10 mk_sea ring:L0:0 / ring:L0:1 [capacity] not overlapping  (1.50 m of 1.50)
  ok   10 mk_sea ring:L0:0 / ring:L0:3 [capacity] not overlapping  (36.50 m of 1.50)
  ok   10 mk_sea ring:L0:0 / ring:L0:4 [capacity] not overlapping  (54.00 m of 1.50)
  ok   10 mk_sea ring:L0:0 / ring:L0:6 [capacity] not overlapping  (89.00 m of 1.50)
  ok   10 mk_sea ring:L0:0 / ring:L0:7 [capacity] not overlapping  (106.50 m of 1.50)
  ok   10 mk_sea ring:L0:0 / ring:L0:9 [capacity] not overlapping  (141.50 m of 1.50)
  ok   10 mk_sea ring:L0:0 / ring:L0:10 [capacity] not overlapping  (159.00 m of 1.50)
  ok   10 mk_sea ring:L0:0 / ring:L0:12 [capacity] not overlapping  (194.00 m of 1.50)
  ok   10 mk_sea ring:L0:0 / ring:L0:14 [capacity] not overlapping  (229.00 m of 1.50)
  ok   10 mk_sea ring:L0:0 / ring:L0:15 [capacity] not overlapping  (246.50 m of 1.50)
  ok   10 mk_sea ring:L0:0 / ring:L0:17 [capacity] not overlapping  (281.50 m of 1.50)
  ok   10 mk_sea ring:L0:1 / ring:L0:3 [capacity] not overlapping  (19.00 m of 1.50)
  ok   10 mk_sea ring:L0:1 / ring:L0:4 [capacity] not overlapping  (36.50 m of 1.50)
  ok   10 mk_sea ring:L0:1 / ring:L0:6 [capacity] not overlapping  (71.50 m of 1.50)
  ok   10 mk_sea ring:L0:1 / ring:L0:7 [capacity] not overlapping  (89.00 m of 1.50)
  ok   10 mk_sea ring:L0:1 / ring:L0:9 [capacity] not overlapping  (124.00 m of 1.50)
  ok   10 mk_sea ring:L0:1 / ring:L0:10 [capacity] not overlapping  (141.50 m of 1.50)
  ok   10 mk_sea ring:L0:1 / ring:L0:12 [capacity] not overlapping  (176.50 m of 1.50)
  ok   10 mk_sea ring:L0:1 / ring:L0:14 [capacity] not overlapping  (211.50 m of 1.50)
  ok   10 mk_sea ring:L0:1 / ring:L0:15 [capacity] not overlapping  (229.00 m of 1.50)
  ok   10 mk_sea ring:L0:1 / ring:L0:17 [capacity] not overlapping  (264.00 m of 1.50)
  ok   10 mk_sea ring:L0:3 / ring:L0:4 [capacity] not overlapping  (1.50 m of 1.50)
  ok   10 mk_sea ring:L0:3 / ring:L0:6 [capacity] not overlapping  (36.50 m of 1.50)
  ok   10 mk_sea ring:L0:3 / ring:L0:7 [capacity] not overlapping  (54.00 m of 1.50)
  ok   10 mk_sea ring:L0:3 / ring:L0:9 [capacity] not overlapping  (89.00 m of 1.50)
  ok   10 mk_sea ring:L0:3 / ring:L0:10 [capacity] not overlapping  (106.50 m of 1.50)
  ok   10 mk_sea ring:L0:3 / ring:L0:12 [capacity] not overlapping  (141.50 m of 1.50)
  ok   10 mk_sea ring:L0:3 / ring:L0:14 [capacity] not overlapping  (176.50 m of 1.50)
  ok   10 mk_sea ring:L0:3 / ring:L0:15 [capacity] not overlapping  (194.00 m of 1.50)
  ok   10 mk_sea ring:L0:3 / ring:L0:17 [capacity] not overlapping  (229.00 m of 1.50)
  ok   10 mk_sea ring:L0:4 / ring:L0:6 [capacity] not overlapping  (19.00 m of 1.50)
  ok   10 mk_sea ring:L0:4 / ring:L0:7 [capacity] not overlapping  (36.50 m of 1.50)
  ok   10 mk_sea ring:L0:4 / ring:L0:9 [capacity] not overlapping  (71.50 m of 1.50)
  ok   10 mk_sea ring:L0:4 / ring:L0:10 [capacity] not overlapping  (89.00 m of 1.50)
  ok   10 mk_sea ring:L0:4 / ring:L0:12 [capacity] not overlapping  (124.00 m of 1.50)
  ok   10 mk_sea ring:L0:4 / ring:L0:14 [capacity] not overlapping  (159.00 m of 1.50)
  ok   10 mk_sea ring:L0:4 / ring:L0:15 [capacity] not overlapping  (176.50 m of 1.50)
  ok   10 mk_sea ring:L0:4 / ring:L0:17 [capacity] not overlapping  (211.50 m of 1.50)
  ok   10 mk_sea ring:L0:6 / ring:L0:7 [capacity] not overlapping  (1.50 m of 1.50)
  ok   10 mk_sea ring:L0:6 / ring:L0:9 [capacity] not overlapping  (36.50 m of 1.50)
  ok   10 mk_sea ring:L0:6 / ring:L0:10 [capacity] not overlapping  (54.00 m of 1.50)
  ok   10 mk_sea ring:L0:6 / ring:L0:12 [capacity] not overlapping  (89.00 m of 1.50)
  ok   10 mk_sea ring:L0:6 / ring:L0:14 [capacity] not overlapping  (124.00 m of 1.50)
  ok   10 mk_sea ring:L0:6 / ring:L0:15 [capacity] not overlapping  (141.50 m of 1.50)
  ok   10 mk_sea ring:L0:6 / ring:L0:17 [capacity] not overlapping  (176.50 m of 1.50)
  ok   10 mk_sea ring:L0:7 / ring:L0:9 [capacity] not overlapping  (19.00 m of 1.50)
  ok   10 mk_sea ring:L0:7 / ring:L0:10 [capacity] not overlapping  (36.50 m of 1.50)
  ok   10 mk_sea ring:L0:7 / ring:L0:12 [capacity] not overlapping  (71.50 m of 1.50)
  ok   10 mk_sea ring:L0:7 / ring:L0:14 [capacity] not overlapping  (106.50 m of 1.50)
  ok   10 mk_sea ring:L0:7 / ring:L0:15 [capacity] not overlapping  (124.00 m of 1.50)
  ok   10 mk_sea ring:L0:7 / ring:L0:17 [capacity] not overlapping  (159.00 m of 1.50)
  ok   10 mk_sea ring:L0:9 / ring:L0:10 [capacity] not overlapping  (1.50 m of 1.50)
  ok   10 mk_sea ring:L0:9 / ring:L0:12 [capacity] not overlapping  (36.50 m of 1.50)
  ok   10 mk_sea ring:L0:9 / ring:L0:14 [capacity] not overlapping  (71.50 m of 1.50)
  ok   10 mk_sea ring:L0:9 / ring:L0:15 [capacity] not overlapping  (89.00 m of 1.50)
  ok   10 mk_sea ring:L0:9 / ring:L0:17 [capacity] not overlapping  (124.00 m of 1.50)
  ok   10 mk_sea ring:L0:10 / ring:L0:12 [capacity] not overlapping  (19.00 m of 1.50)
  ok   10 mk_sea ring:L0:10 / ring:L0:14 [capacity] not overlapping  (54.00 m of 1.50)
  ok   10 mk_sea ring:L0:10 / ring:L0:15 [capacity] not overlapping  (71.50 m of 1.50)
  ok   10 mk_sea ring:L0:10 / ring:L0:17 [capacity] not overlapping  (106.50 m of 1.50)
  ok   10 mk_sea ring:L0:12 / ring:L0:14 [capacity] not overlapping  (19.00 m of 1.50)
  ok   10 mk_sea ring:L0:12 / ring:L0:15 [capacity] not overlapping  (36.50 m of 1.50)
  ok   10 mk_sea ring:L0:12 / ring:L0:17 [capacity] not overlapping  (71.50 m of 1.50)
  ok   10 mk_sea ring:L0:14 / ring:L0:15 [capacity] not overlapping  (1.50 m of 1.50)
  ok   10 mk_sea ring:L0:14 / ring:L0:17 [capacity] not overlapping  (36.50 m of 1.50)
  ok   10 mk_sea ring:L0:15 / ring:L0:17 [capacity] not overlapping  (19.00 m of 1.50)
  ok   10 nv_strip apron:34:300 [cub] inside the field
  ok   10 nv_strip apron:34:300 [cub] flat  (0.42 m of 0.60)
  ok   10 nv_strip apron:34:300 [cub] dry
  ok   10 nv_strip apron:34:300 [cub] clear of solid things  (Infinity m of 3.00 (nothing))
  ok   10 nv_strip apron:34:300 [cub] clear of stock build's routes  (32.70 m of 8.00)
  ok   10 nv_strip apron:34:300 [cub] clear of aluminium C172's routes  (32.70 m of 8.50)
  ok   10 nv_strip apron:34:300 [cub] clear of the user's Cub's routes  (32.70 m of 8.35)
  ok   10 nv_strip apron:34:300 [pietenpol] inside the field
  ok   10 nv_strip apron:34:300 [pietenpol] flat  (0.39 m of 0.60)
  ok   10 nv_strip apron:34:300 [pietenpol] dry
  ok   10 nv_strip apron:34:300 [pietenpol] clear of solid things  (Infinity m of 3.00 (nothing))
  ok   10 nv_strip apron:34:300 [pietenpol] clear of stock build's routes  (33.10 m of 8.00)
  ok   10 nv_strip apron:34:300 [pietenpol] clear of aluminium C172's routes  (33.10 m of 8.50)
  ok   10 nv_strip apron:34:300 [pietenpol] clear of the user's Cub's routes  (33.10 m of 8.35)
  ok   10 nv_strip apron:34:300 [tigermoth] inside the field
  ok   10 nv_strip apron:34:300 [tigermoth] flat  (0.39 m of 0.60)
  ok   10 nv_strip apron:34:300 [tigermoth] dry
  ok   10 nv_strip apron:34:300 [tigermoth] clear of solid things  (Infinity m of 3.00 (nothing))
  ok   10 nv_strip apron:34:300 [tigermoth] clear of stock build's routes  (33.10 m of 8.00)
  ok   10 nv_strip apron:34:300 [tigermoth] clear of aluminium C172's routes  (33.10 m of 8.50)
  ok   10 nv_strip apron:34:300 [tigermoth] clear of the user's Cub's routes  (33.10 m of 8.35)
  ok   10 nv_strip apron:34:300 [stearman] inside the field
  ok   10 nv_strip apron:34:300 [stearman] flat  (0.40 m of 0.60)
  ok   10 nv_strip apron:34:300 [stearman] dry
  ok   10 nv_strip apron:34:300 [stearman] clear of solid things  (Infinity m of 3.00 (nothing))
  ok   10 nv_strip apron:34:300 [stearman] clear of stock build's routes  (33.00 m of 8.00)
  ok   10 nv_strip apron:34:300 [stearman] clear of aluminium C172's routes  (33.00 m of 8.50)
  ok   10 nv_strip apron:34:300 [stearman] clear of the user's Cub's routes  (33.00 m of 8.35)
  ok   10 nv_strip apron:34:300 [pittsAlike] inside the field
  ok   10 nv_strip apron:34:300 [pittsAlike] flat  (0.31 m of 0.60)
  ok   10 nv_strip apron:34:300 [pittsAlike] dry
  ok   10 nv_strip apron:34:300 [pittsAlike] clear of solid things  (Infinity m of 3.00 (nothing))
  ok   10 nv_strip apron:34:300 [pittsAlike] clear of stock build's routes  (33.10 m of 8.00)
  ok   10 nv_strip apron:34:300 [pittsAlike] clear of aluminium C172's routes  (33.10 m of 8.50)
  ok   10 nv_strip apron:34:300 [pittsAlike] clear of the user's Cub's routes  (33.10 m of 8.35)
  ok   10 nv_strip apron:34:300 [sesqui] inside the field
  ok   10 nv_strip apron:34:300 [sesqui] flat  (0.41 m of 0.60)
  ok   10 nv_strip apron:34:300 [sesqui] dry
  ok   10 nv_strip apron:34:300 [sesqui] clear of solid things  (Infinity m of 3.00 (nothing))
  ok   10 nv_strip apron:34:300 [sesqui] clear of stock build's routes  (33.10 m of 8.00)
  ok   10 nv_strip apron:34:300 [sesqui] clear of aluminium C172's routes  (33.10 m of 8.50)
  ok   10 nv_strip apron:34:300 [sesqui] clear of the user's Cub's routes  (33.10 m of 8.35)
  ok   10 nv_strip apron:34:300 [jodel] inside the field
  ok   10 nv_strip apron:34:300 [jodel] flat  (0.33 m of 0.60)
  ok   10 nv_strip apron:34:300 [jodel] dry
  ok   10 nv_strip apron:34:300 [jodel] clear of solid things  (Infinity m of 3.00 (nothing))
  ok   10 nv_strip apron:34:300 [jodel] clear of stock build's routes  (32.60 m of 8.00)
  ok   10 nv_strip apron:34:300 [jodel] clear of aluminium C172's routes  (32.60 m of 8.50)
  ok   10 nv_strip apron:34:300 [jodel] clear of the user's Cub's routes  (32.60 m of 8.35)
  ok   10 nv_strip apron:34:300 [c172] inside the field
  ok   10 nv_strip apron:34:300 [c172] flat  (0.45 m of 0.60)
  ok   10 nv_strip apron:34:300 [c172] dry
  ok   10 nv_strip apron:34:300 [c172] clear of solid things  (Infinity m of 3.00 (nothing))
  ok   10 nv_strip apron:34:300 [c172] clear of stock build's routes  (32.50 m of 8.00)
  ok   10 nv_strip apron:34:300 [c172] clear of aluminium C172's routes  (32.50 m of 8.50)
  ok   10 nv_strip apron:34:300 [c172] clear of the user's Cub's routes  (32.50 m of 8.35)
  ok   10 nv_strip apron:34:300 [chinook] inside the field
  ok   10 nv_strip apron:34:300 [chinook] flat  (0.39 m of 0.60)
  ok   10 nv_strip apron:34:300 [chinook] dry
  ok   10 nv_strip apron:34:300 [chinook] clear of solid things  (Infinity m of 3.00 (nothing))
  ok   10 nv_strip apron:34:300 [chinook] clear of stock build's routes  (33.60 m of 8.00)
  ok   10 nv_strip apron:34:300 [chinook] clear of aluminium C172's routes  (33.60 m of 8.50)
  ok   10 nv_strip apron:34:300 [chinook] clear of the user's Cub's routes  (33.60 m of 8.35)
  ok   10 nv_strip apron:34:300 [caravan] inside the field
  ok   10 nv_strip apron:34:300 [caravan] flat  (0.50 m of 0.60)
  ok   10 nv_strip apron:34:300 [caravan] dry
  ok   10 nv_strip apron:34:300 [caravan] clear of solid things  (Infinity m of 3.00 (nothing))
  ok   10 nv_strip apron:34:300 [caravan] clear of stock build's routes  (31.90 m of 8.00)
  ok   10 nv_strip apron:34:300 [caravan] clear of aluminium C172's routes  (31.90 m of 8.50)
  ok   10 nv_strip apron:34:300 [caravan] clear of the user's Cub's routes  (31.90 m of 8.35)
  ok   10 nv_strip apron:34:300 [rv] inside the field
  ok   10 nv_strip apron:34:300 [rv] flat  (0.41 m of 0.60)
  ok   10 nv_strip apron:34:300 [rv] dry
  ok   10 nv_strip apron:34:300 [rv] clear of solid things  (Infinity m of 3.00 (nothing))
  ok   10 nv_strip apron:34:300 [rv] clear of stock build's routes  (33.10 m of 8.00)
  ok   10 nv_strip apron:34:300 [rv] clear of aluminium C172's routes  (33.10 m of 8.50)
  ok   10 nv_strip apron:34:300 [rv] clear of the user's Cub's routes  (33.10 m of 8.35)
  ok   10 nv_strip apron:34:300 [savannah] inside the field
  ok   10 nv_strip apron:34:300 [savannah] flat  (0.39 m of 0.60)
  ok   10 nv_strip apron:34:300 [savannah] dry
  ok   10 nv_strip apron:34:300 [savannah] clear of solid things  (Infinity m of 3.00 (nothing))
  ok   10 nv_strip apron:34:300 [savannah] clear of stock build's routes  (33.10 m of 8.00)
  ok   10 nv_strip apron:34:300 [savannah] clear of aluminium C172's routes  (33.10 m of 8.50)
  ok   10 nv_strip apron:34:300 [savannah] clear of the user's Cub's routes  (33.10 m of 8.35)
  ok   10 nv_strip apron:34:300 [ul1] inside the field
  ok   10 nv_strip apron:34:300 [ul1] flat  (0.39 m of 0.60)
  ok   10 nv_strip apron:34:300 [ul1] dry
  ok   10 nv_strip apron:34:300 [ul1] clear of solid things  (Infinity m of 3.00 (nothing))
  ok   10 nv_strip apron:34:300 [ul1] clear of stock build's routes  (33.10 m of 8.00)
  ok   10 nv_strip apron:34:300 [ul1] clear of aluminium C172's routes  (33.10 m of 8.50)
  ok   10 nv_strip apron:34:300 [ul1] clear of the user's Cub's routes  (33.10 m of 8.35)
  ok   10 nv_strip apron:34:300 [floatplane] inside the field
  ok   10 nv_strip apron:34:300 [floatplane] flat  (0.45 m of 0.60)
  ok   10 nv_strip apron:34:300 [floatplane] dry
  ok   10 nv_strip apron:34:300 [floatplane] clear of solid things  (Infinity m of 3.00 (nothing))
  ok   10 nv_strip apron:34:300 [floatplane] clear of stock build's routes  (32.80 m of 8.00)
  ok   10 nv_strip apron:34:300 [floatplane] clear of aluminium C172's routes  (32.80 m of 8.50)
  ok   10 nv_strip apron:34:300 [floatplane] clear of the user's Cub's routes  (32.80 m of 8.35)
  ok   10 nv_strip apron:34:300 [pusherPod] inside the field
  ok   10 nv_strip apron:34:300 [pusherPod] flat  (0.40 m of 0.60)
  ok   10 nv_strip apron:34:300 [pusherPod] dry
  ok   10 nv_strip apron:34:300 [pusherPod] clear of solid things  (Infinity m of 3.00 (nothing))
  ok   10 nv_strip apron:34:300 [pusherPod] clear of stock build's routes  (33.40 m of 8.00)
  ok   10 nv_strip apron:34:300 [pusherPod] clear of aluminium C172's routes  (33.40 m of 8.50)
  ok   10 nv_strip apron:34:300 [pusherPod] clear of the user's Cub's routes  (33.40 m of 8.35)
  ok   10 nv_strip apron:34:300 [motorglider] inside the field
  ok   10 nv_strip apron:34:300 [motorglider] flat  (0.44 m of 0.60)
  ok   10 nv_strip apron:34:300 [motorglider] dry
  ok   10 nv_strip apron:34:300 [motorglider] clear of solid things  (Infinity m of 3.00 (nothing))
  ok   10 nv_strip apron:34:300 [motorglider] clear of stock build's routes  (33.10 m of 8.00)
  ok   10 nv_strip apron:34:300 [motorglider] clear of aluminium C172's routes  (33.10 m of 8.50)
  ok   10 nv_strip apron:34:300 [motorglider] clear of the user's Cub's routes  (33.10 m of 8.35)
  ok   10 nv_strip apron:34:300 [radial] inside the field
  ok   10 nv_strip apron:34:300 [radial] flat  (0.44 m of 0.60)
  ok   10 nv_strip apron:34:300 [radial] dry
  ok   10 nv_strip apron:34:300 [radial] clear of solid things  (Infinity m of 3.00 (nothing))
  ok   10 nv_strip apron:34:300 [radial] clear of stock build's routes  (33.10 m of 8.00)
  ok   10 nv_strip apron:34:300 [radial] clear of aluminium C172's routes  (33.10 m of 8.50)
  ok   10 nv_strip apron:34:300 [radial] clear of the user's Cub's routes  (33.10 m of 8.35)
  ok   10 nv_strip apron:34:300 [etrainer] inside the field
  ok   10 nv_strip apron:34:300 [etrainer] flat  (0.39 m of 0.60)
  ok   10 nv_strip apron:34:300 [etrainer] dry
  ok   10 nv_strip apron:34:300 [etrainer] clear of solid things  (Infinity m of 3.00 (nothing))
  ok   10 nv_strip apron:34:300 [etrainer] clear of stock build's routes  (33.10 m of 8.00)
  ok   10 nv_strip apron:34:300 [etrainer] clear of aluminium C172's routes  (33.10 m of 8.50)
  ok   10 nv_strip apron:34:300 [etrainer] clear of the user's Cub's routes  (33.10 m of 8.35)
  ok   10 nv_strip apron:34:300 [ttail] inside the field
  ok   10 nv_strip apron:34:300 [ttail] flat  (0.44 m of 0.60)
  ok   10 nv_strip apron:34:300 [ttail] dry
  ok   10 nv_strip apron:34:300 [ttail] clear of solid things  (Infinity m of 3.00 (nothing))
  ok   10 nv_strip apron:34:300 [ttail] clear of stock build's routes  (33.10 m of 8.00)
  ok   10 nv_strip apron:34:300 [ttail] clear of aluminium C172's routes  (33.10 m of 8.50)
  ok   10 nv_strip apron:34:300 [ttail] clear of the user's Cub's routes  (33.10 m of 8.35)
  ok   10 nv_strip apron:34:300 [vtail] inside the field
  ok   10 nv_strip apron:34:300 [vtail] flat  (0.44 m of 0.60)
  ok   10 nv_strip apron:34:300 [vtail] dry
  ok   10 nv_strip apron:34:300 [vtail] clear of solid things  (Infinity m of 3.00 (nothing))
  ok   10 nv_strip apron:34:300 [vtail] clear of stock build's routes  (33.10 m of 8.00)
  ok   10 nv_strip apron:34:300 [vtail] clear of aluminium C172's routes  (33.10 m of 8.50)
  ok   10 nv_strip apron:34:300 [vtail] clear of the user's Cub's routes  (33.10 m of 8.35)
  ok   10 nv_strip apron:34:300 [mw5] inside the field
  ok   10 nv_strip apron:34:300 [mw5] flat  (0.40 m of 0.60)
  ok   10 nv_strip apron:34:300 [mw5] dry
  ok   10 nv_strip apron:34:300 [mw5] clear of solid things  (Infinity m of 3.00 (nothing))
  ok   10 nv_strip apron:34:300 [mw5] clear of stock build's routes  (33.40 m of 8.00)
  ok   10 nv_strip apron:34:300 [mw5] clear of aluminium C172's routes  (33.40 m of 8.50)
  ok   10 nv_strip apron:34:300 [mw5] clear of the user's Cub's routes  (33.40 m of 8.35)
  ok   10 nv_strip apron:34:300 [archaeopteryx] inside the field
  ok   10 nv_strip apron:34:300 [archaeopteryx] flat  (0.43 m of 0.60)
  ok   10 nv_strip apron:34:300 [archaeopteryx] dry
  ok   10 nv_strip apron:34:300 [archaeopteryx] clear of solid things  (Infinity m of 3.00 (nothing))
  ok   10 nv_strip apron:34:300 [archaeopteryx] clear of stock build's routes  (33.40 m of 8.00)
  ok   10 nv_strip apron:34:300 [archaeopteryx] clear of aluminium C172's routes  (33.40 m of 8.50)
  ok   10 nv_strip apron:34:300 [archaeopteryx] clear of the user's Cub's routes  (33.40 m of 8.35)
  ok   10 nv_strip apron:34:300 [da62] inside the field
  ok   10 nv_strip apron:34:300 [da62] flat  (0.49 m of 0.60)
  ok   10 nv_strip apron:34:300 [da62] dry
  ok   10 nv_strip apron:34:300 [da62] clear of solid things  (Infinity m of 3.00 (nothing))
  ok   10 nv_strip apron:34:300 [da62] clear of stock build's routes  (33.30 m of 8.00)
  ok   10 nv_strip apron:34:300 [da62] clear of aluminium C172's routes  (33.30 m of 8.50)
  ok   10 nv_strip apron:34:300 [da62] clear of the user's Cub's routes  (33.30 m of 8.35)
  ok   10 nv_strip apron:34:300 [twinBush] inside the field
  ok   10 nv_strip apron:34:300 [twinBush] flat  (0.53 m of 0.60)
  ok   10 nv_strip apron:34:300 [twinBush] dry
  ok   10 nv_strip apron:34:300 [twinBush] clear of solid things  (Infinity m of 3.00 (nothing))
  ok   10 nv_strip apron:34:300 [twinBush] clear of stock build's routes  (33.30 m of 8.00)
  ok   10 nv_strip apron:34:300 [twinBush] clear of aluminium C172's routes  (33.30 m of 8.50)
  ok   10 nv_strip apron:34:300 [twinBush] clear of the user's Cub's routes  (33.30 m of 8.35)
  ok   10 nv_strip apron:34:300 [skymaster] inside the field
  ok   10 nv_strip apron:34:300 [skymaster] flat  (0.43 m of 0.60)
  ok   10 nv_strip apron:34:300 [skymaster] dry
  ok   10 nv_strip apron:34:300 [skymaster] clear of solid things  (Infinity m of 3.00 (nothing))
  ok   10 nv_strip apron:34:300 [skymaster] clear of stock build's routes  (33.10 m of 8.00)
  ok   10 nv_strip apron:34:300 [skymaster] clear of aluminium C172's routes  (33.10 m of 8.50)
  ok   10 nv_strip apron:34:300 [skymaster] clear of the user's Cub's routes  (33.10 m of 8.35)
  ok   10 nv_strip apron:34:300 [p38] inside the field
  ok   10 nv_strip apron:34:300 [p38] flat  (0.43 m of 0.60)
  ok   10 nv_strip apron:34:300 [p38] dry
  ok   10 nv_strip apron:34:300 [p38] clear of solid things  (Infinity m of 3.00 (nothing))
  ok   10 nv_strip apron:34:300 [p38] clear of stock build's routes  (33.30 m of 8.00)
  ok   10 nv_strip apron:34:300 [p38] clear of aluminium C172's routes  (33.30 m of 8.50)
  ok   10 nv_strip apron:34:300 [p38] clear of the user's Cub's routes  (33.30 m of 8.35)
  ok   10 nv_strip apron:34:300 [beaver] inside the field
  ok   10 nv_strip apron:34:300 [beaver] flat  (0.49 m of 0.60)
  ok   10 nv_strip apron:34:300 [beaver] dry
  ok   10 nv_strip apron:34:300 [beaver] clear of solid things  (Infinity m of 3.00 (nothing))
  ok   10 nv_strip apron:34:300 [beaver] clear of stock build's routes  (33.00 m of 8.00)
  ok   10 nv_strip apron:34:300 [beaver] clear of aluminium C172's routes  (33.00 m of 8.50)
  ok   10 nv_strip apron:34:300 [beaver] clear of the user's Cub's routes  (33.00 m of 8.35)
  ok   10 nv_strip apron:34:300 [default] inside the field
  ok   10 nv_strip apron:34:300 [default] flat  (0.48 m of 0.60)
  ok   10 nv_strip apron:34:300 [default] dry
  ok   10 nv_strip apron:34:300 [default] clear of solid things  (Infinity m of 3.00 (nothing))
  ok   10 nv_strip apron:34:300 [default] clear of stock build's routes  (32.40 m of 8.00)
  ok   10 nv_strip apron:34:300 [default] clear of aluminium C172's routes  (32.40 m of 8.50)
  ok   10 nv_strip apron:34:300 [default] clear of the user's Cub's routes  (32.40 m of 8.35)
  ok   10 nv_strip apron:46:300 [cub] inside the field
  ok   10 nv_strip apron:46:300 [cub] flat  (0.38 m of 0.60)
  ok   10 nv_strip apron:46:300 [cub] dry
  ok   10 nv_strip apron:46:300 [cub] clear of solid things  (Infinity m of 3.00 (nothing))
  ok   10 nv_strip apron:46:300 [cub] clear of stock build's routes  (44.70 m of 8.00)
  ok   10 nv_strip apron:46:300 [cub] clear of aluminium C172's routes  (44.70 m of 8.50)
  ok   10 nv_strip apron:46:300 [cub] clear of the user's Cub's routes  (44.70 m of 8.35)
  ok   10 nv_strip apron:46:300 [pietenpol] inside the field
  ok   10 nv_strip apron:46:300 [pietenpol] flat  (0.38 m of 0.60)
  ok   10 nv_strip apron:46:300 [pietenpol] dry
  ok   10 nv_strip apron:46:300 [pietenpol] clear of solid things  (Infinity m of 3.00 (nothing))
  ok   10 nv_strip apron:46:300 [pietenpol] clear of stock build's routes  (45.10 m of 8.00)
  ok   10 nv_strip apron:46:300 [pietenpol] clear of aluminium C172's routes  (45.10 m of 8.50)
  ok   10 nv_strip apron:46:300 [pietenpol] clear of the user's Cub's routes  (45.10 m of 8.35)
  ok   10 nv_strip apron:46:300 [tigermoth] inside the field
  ok   10 nv_strip apron:46:300 [tigermoth] flat  (0.38 m of 0.60)
  ok   10 nv_strip apron:46:300 [tigermoth] dry
  ok   10 nv_strip apron:46:300 [tigermoth] clear of solid things  (Infinity m of 3.00 (nothing))
  ok   10 nv_strip apron:46:300 [tigermoth] clear of stock build's routes  (45.10 m of 8.00)
  ok   10 nv_strip apron:46:300 [tigermoth] clear of aluminium C172's routes  (45.10 m of 8.50)
  ok   10 nv_strip apron:46:300 [tigermoth] clear of the user's Cub's routes  (45.10 m of 8.35)
  ok   10 nv_strip apron:46:300 [stearman] inside the field
  ok   10 nv_strip apron:46:300 [stearman] flat  (0.36 m of 0.60)
  ok   10 nv_strip apron:46:300 [stearman] dry
  ok   10 nv_strip apron:46:300 [stearman] clear of solid things  (Infinity m of 3.00 (nothing))
  ok   10 nv_strip apron:46:300 [stearman] clear of stock build's routes  (45.00 m of 8.00)
  ok   10 nv_strip apron:46:300 [stearman] clear of aluminium C172's routes  (45.00 m of 8.50)
  ok   10 nv_strip apron:46:300 [stearman] clear of the user's Cub's routes  (45.00 m of 8.35)
  ok   10 nv_strip apron:46:300 [pittsAlike] inside the field
  ok   10 nv_strip apron:46:300 [pittsAlike] flat  (0.31 m of 0.60)
  ok   10 nv_strip apron:46:300 [pittsAlike] dry
  ok   10 nv_strip apron:46:300 [pittsAlike] clear of solid things  (Infinity m of 3.00 (nothing))
  ok   10 nv_strip apron:46:300 [pittsAlike] clear of stock build's routes  (45.10 m of 8.00)
  ok   10 nv_strip apron:46:300 [pittsAlike] clear of aluminium C172's routes  (45.10 m of 8.50)
  ok   10 nv_strip apron:46:300 [pittsAlike] clear of the user's Cub's routes  (45.10 m of 8.35)
  ok   10 nv_strip apron:46:300 [sesqui] inside the field
  ok   10 nv_strip apron:46:300 [sesqui] flat  (0.37 m of 0.60)
  ok   10 nv_strip apron:46:300 [sesqui] dry
  ok   10 nv_strip apron:46:300 [sesqui] clear of solid things  (Infinity m of 3.00 (nothing))
  ok   10 nv_strip apron:46:300 [sesqui] clear of stock build's routes  (45.10 m of 8.00)
  ok   10 nv_strip apron:46:300 [sesqui] clear of aluminium C172's routes  (45.10 m of 8.50)
  ok   10 nv_strip apron:46:300 [sesqui] clear of the user's Cub's routes  (45.10 m of 8.35)
  ok   10 nv_strip apron:46:300 [jodel] inside the field
  ok   10 nv_strip apron:46:300 [jodel] flat  (0.33 m of 0.60)
  ok   10 nv_strip apron:46:300 [jodel] dry
  ok   10 nv_strip apron:46:300 [jodel] clear of solid things  (Infinity m of 3.00 (nothing))
  ok   10 nv_strip apron:46:300 [jodel] clear of stock build's routes  (44.60 m of 8.00)
  ok   10 nv_strip apron:46:300 [jodel] clear of aluminium C172's routes  (44.60 m of 8.50)
  ok   10 nv_strip apron:46:300 [jodel] clear of the user's Cub's routes  (44.60 m of 8.35)
  ok   10 nv_strip apron:46:300 [c172] inside the field
  ok   10 nv_strip apron:46:300 [c172] flat  (0.43 m of 0.60)
  ok   10 nv_strip apron:46:300 [c172] dry
  ok   10 nv_strip apron:46:300 [c172] clear of solid things  (Infinity m of 3.00 (nothing))
  ok   10 nv_strip apron:46:300 [c172] clear of stock build's routes  (44.50 m of 8.00)
  ok   10 nv_strip apron:46:300 [c172] clear of aluminium C172's routes  (44.50 m of 8.50)
  ok   10 nv_strip apron:46:300 [c172] clear of the user's Cub's routes  (44.50 m of 8.35)
  ok   10 nv_strip apron:46:300 [chinook] inside the field
  ok   10 nv_strip apron:46:300 [chinook] flat  (0.31 m of 0.60)
  ok   10 nv_strip apron:46:300 [chinook] dry
  ok   10 nv_strip apron:46:300 [chinook] clear of solid things  (Infinity m of 3.00 (nothing))
  ok   10 nv_strip apron:46:300 [chinook] clear of stock build's routes  (45.60 m of 8.00)
  ok   10 nv_strip apron:46:300 [chinook] clear of aluminium C172's routes  (45.60 m of 8.50)
  ok   10 nv_strip apron:46:300 [chinook] clear of the user's Cub's routes  (45.60 m of 8.35)
  ok   10 nv_strip apron:46:300 [caravan] inside the field
  ok   10 nv_strip apron:46:300 [caravan] flat  (0.42 m of 0.60)
  ok   10 nv_strip apron:46:300 [caravan] dry
  ok   10 nv_strip apron:46:300 [caravan] clear of solid things  (Infinity m of 3.00 (nothing))
  ok   10 nv_strip apron:46:300 [caravan] clear of stock build's routes  (43.90 m of 8.00)
  ok   10 nv_strip apron:46:300 [caravan] clear of aluminium C172's routes  (43.90 m of 8.50)
  ok   10 nv_strip apron:46:300 [caravan] clear of the user's Cub's routes  (43.90 m of 8.35)
  ok   10 nv_strip apron:46:300 [rv] inside the field
  ok   10 nv_strip apron:46:300 [rv] flat  (0.38 m of 0.60)
  ok   10 nv_strip apron:46:300 [rv] dry
  ok   10 nv_strip apron:46:300 [rv] clear of solid things  (Infinity m of 3.00 (nothing))
  ok   10 nv_strip apron:46:300 [rv] clear of stock build's routes  (45.10 m of 8.00)
  ok   10 nv_strip apron:46:300 [rv] clear of aluminium C172's routes  (45.10 m of 8.50)
  ok   10 nv_strip apron:46:300 [rv] clear of the user's Cub's routes  (45.10 m of 8.35)
  ok   10 nv_strip apron:46:300 [savannah] inside the field
  ok   10 nv_strip apron:46:300 [savannah] flat  (0.36 m of 0.60)
  ok   10 nv_strip apron:46:300 [savannah] dry
  ok   10 nv_strip apron:46:300 [savannah] clear of solid things  (Infinity m of 3.00 (nothing))
  ok   10 nv_strip apron:46:300 [savannah] clear of stock build's routes  (45.10 m of 8.00)
  ok   10 nv_strip apron:46:300 [savannah] clear of aluminium C172's routes  (45.10 m of 8.50)
  ok   10 nv_strip apron:46:300 [savannah] clear of the user's Cub's routes  (45.10 m of 8.35)
  ok   10 nv_strip apron:46:300 [ul1] inside the field
  ok   10 nv_strip apron:46:300 [ul1] flat  (0.36 m of 0.60)
  ok   10 nv_strip apron:46:300 [ul1] dry
  ok   10 nv_strip apron:46:300 [ul1] clear of solid things  (Infinity m of 3.00 (nothing))
  ok   10 nv_strip apron:46:300 [ul1] clear of stock build's routes  (45.10 m of 8.00)
  ok   10 nv_strip apron:46:300 [ul1] clear of aluminium C172's routes  (45.10 m of 8.50)
  ok   10 nv_strip apron:46:300 [ul1] clear of the user's Cub's routes  (45.10 m of 8.35)
  ok   10 nv_strip apron:46:300 [floatplane] inside the field
  ok   10 nv_strip apron:46:300 [floatplane] flat  (0.38 m of 0.60)
  ok   10 nv_strip apron:46:300 [floatplane] dry
  ok   10 nv_strip apron:46:300 [floatplane] clear of solid things  (Infinity m of 3.00 (nothing))
  ok   10 nv_strip apron:46:300 [floatplane] clear of stock build's routes  (44.80 m of 8.00)
  ok   10 nv_strip apron:46:300 [floatplane] clear of aluminium C172's routes  (44.80 m of 8.50)
  ok   10 nv_strip apron:46:300 [floatplane] clear of the user's Cub's routes  (44.80 m of 8.35)
  ok   10 nv_strip apron:46:300 [pusherPod] inside the field
  ok   10 nv_strip apron:46:300 [pusherPod] flat  (0.37 m of 0.60)
  ok   10 nv_strip apron:46:300 [pusherPod] dry
  ok   10 nv_strip apron:46:300 [pusherPod] clear of solid things  (Infinity m of 3.00 (nothing))
  ok   10 nv_strip apron:46:300 [pusherPod] clear of stock build's routes  (45.40 m of 8.00)
  ok   10 nv_strip apron:46:300 [pusherPod] clear of aluminium C172's routes  (45.40 m of 8.50)
  ok   10 nv_strip apron:46:300 [pusherPod] clear of the user's Cub's routes  (45.40 m of 8.35)
  ok   10 nv_strip apron:46:300 [motorglider] inside the field
  ok   10 nv_strip apron:46:300 [motorglider] flat  (0.31 m of 0.60)
  ok   10 nv_strip apron:46:300 [motorglider] dry
  ok   10 nv_strip apron:46:300 [motorglider] clear of solid things  (Infinity m of 3.00 (nothing))
  ok   10 nv_strip apron:46:300 [motorglider] clear of stock build's routes  (45.10 m of 8.00)
  ok   10 nv_strip apron:46:300 [motorglider] clear of aluminium C172's routes  (45.10 m of 8.50)
  ok   10 nv_strip apron:46:300 [motorglider] clear of the user's Cub's routes  (45.10 m of 8.35)
  ok   10 nv_strip apron:46:300 [radial] inside the field
  ok   10 nv_strip apron:46:300 [radial] flat  (0.37 m of 0.60)
  ok   10 nv_strip apron:46:300 [radial] dry
  ok   10 nv_strip apron:46:300 [radial] clear of solid things  (Infinity m of 3.00 (nothing))
  ok   10 nv_strip apron:46:300 [radial] clear of stock build's routes  (45.10 m of 8.00)
  ok   10 nv_strip apron:46:300 [radial] clear of aluminium C172's routes  (45.10 m of 8.50)
  ok   10 nv_strip apron:46:300 [radial] clear of the user's Cub's routes  (45.10 m of 8.35)
  ok   10 nv_strip apron:46:300 [etrainer] inside the field
  ok   10 nv_strip apron:46:300 [etrainer] flat  (0.38 m of 0.60)
  ok   10 nv_strip apron:46:300 [etrainer] dry
  ok   10 nv_strip apron:46:300 [etrainer] clear of solid things  (Infinity m of 3.00 (nothing))
  ok   10 nv_strip apron:46:300 [etrainer] clear of stock build's routes  (45.10 m of 8.00)
  ok   10 nv_strip apron:46:300 [etrainer] clear of aluminium C172's routes  (45.10 m of 8.50)
  ok   10 nv_strip apron:46:300 [etrainer] clear of the user's Cub's routes  (45.10 m of 8.35)
  ok   10 nv_strip apron:46:300 [ttail] inside the field
  ok   10 nv_strip apron:46:300 [ttail] flat  (0.37 m of 0.60)
  ok   10 nv_strip apron:46:300 [ttail] dry
  ok   10 nv_strip apron:46:300 [ttail] clear of solid things  (Infinity m of 3.00 (nothing))
  ok   10 nv_strip apron:46:300 [ttail] clear of stock build's routes  (45.10 m of 8.00)
  ok   10 nv_strip apron:46:300 [ttail] clear of aluminium C172's routes  (45.10 m of 8.50)
  ok   10 nv_strip apron:46:300 [ttail] clear of the user's Cub's routes  (45.10 m of 8.35)
  ok   10 nv_strip apron:46:300 [vtail] inside the field
  ok   10 nv_strip apron:46:300 [vtail] flat  (0.38 m of 0.60)
  ok   10 nv_strip apron:46:300 [vtail] dry
  ok   10 nv_strip apron:46:300 [vtail] clear of solid things  (Infinity m of 3.00 (nothing))
  ok   10 nv_strip apron:46:300 [vtail] clear of stock build's routes  (45.10 m of 8.00)
  ok   10 nv_strip apron:46:300 [vtail] clear of aluminium C172's routes  (45.10 m of 8.50)
  ok   10 nv_strip apron:46:300 [vtail] clear of the user's Cub's routes  (45.10 m of 8.35)
  ok   10 nv_strip apron:46:300 [mw5] inside the field
  ok   10 nv_strip apron:46:300 [mw5] flat  (0.36 m of 0.60)
  ok   10 nv_strip apron:46:300 [mw5] dry
  ok   10 nv_strip apron:46:300 [mw5] clear of solid things  (Infinity m of 3.00 (nothing))
  ok   10 nv_strip apron:46:300 [mw5] clear of stock build's routes  (45.40 m of 8.00)
  ok   10 nv_strip apron:46:300 [mw5] clear of aluminium C172's routes  (45.40 m of 8.50)
  ok   10 nv_strip apron:46:300 [mw5] clear of the user's Cub's routes  (45.40 m of 8.35)
  ok   10 nv_strip apron:46:300 [archaeopteryx] inside the field
  ok   10 nv_strip apron:46:300 [archaeopteryx] flat  (0.34 m of 0.60)
  ok   10 nv_strip apron:46:300 [archaeopteryx] dry
  ok   10 nv_strip apron:46:300 [archaeopteryx] clear of solid things  (Infinity m of 3.00 (nothing))
  ok   10 nv_strip apron:46:300 [archaeopteryx] clear of stock build's routes  (45.40 m of 8.00)
  ok   10 nv_strip apron:46:300 [archaeopteryx] clear of aluminium C172's routes  (45.40 m of 8.50)
  ok   10 nv_strip apron:46:300 [archaeopteryx] clear of the user's Cub's routes  (45.40 m of 8.35)
  ok   10 nv_strip apron:46:300 [da62] inside the field
  ok   10 nv_strip apron:46:300 [da62] flat  (0.36 m of 0.60)
  ok   10 nv_strip apron:46:300 [da62] dry
  ok   10 nv_strip apron:46:300 [da62] clear of solid things  (Infinity m of 3.00 (nothing))
  ok   10 nv_strip apron:46:300 [da62] clear of stock build's routes  (45.30 m of 8.00)
  ok   10 nv_strip apron:46:300 [da62] clear of aluminium C172's routes  (45.30 m of 8.50)
  ok   10 nv_strip apron:46:300 [da62] clear of the user's Cub's routes  (45.30 m of 8.35)
  ok   10 nv_strip apron:46:300 [twinBush] inside the field
  ok   10 nv_strip apron:46:300 [twinBush] flat  (0.42 m of 0.60)
  ok   10 nv_strip apron:46:300 [twinBush] dry
  ok   10 nv_strip apron:46:300 [twinBush] clear of solid things  (Infinity m of 3.00 (nothing))
  ok   10 nv_strip apron:46:300 [twinBush] clear of stock build's routes  (45.30 m of 8.00)
  ok   10 nv_strip apron:46:300 [twinBush] clear of aluminium C172's routes  (45.30 m of 8.50)
  ok   10 nv_strip apron:46:300 [twinBush] clear of the user's Cub's routes  (45.30 m of 8.35)
  ok   10 nv_strip apron:46:300 [skymaster] inside the field
  ok   10 nv_strip apron:46:300 [skymaster] flat  (0.37 m of 0.60)
  ok   10 nv_strip apron:46:300 [skymaster] dry
  ok   10 nv_strip apron:46:300 [skymaster] clear of solid things  (Infinity m of 3.00 (nothing))
  ok   10 nv_strip apron:46:300 [skymaster] clear of stock build's routes  (45.10 m of 8.00)
  ok   10 nv_strip apron:46:300 [skymaster] clear of aluminium C172's routes  (45.10 m of 8.50)
  ok   10 nv_strip apron:46:300 [skymaster] clear of the user's Cub's routes  (45.10 m of 8.35)
  ok   10 nv_strip apron:46:300 [p38] inside the field
  ok   10 nv_strip apron:46:300 [p38] flat  (0.35 m of 0.60)
  ok   10 nv_strip apron:46:300 [p38] dry
  ok   10 nv_strip apron:46:300 [p38] clear of solid things  (Infinity m of 3.00 (nothing))
  ok   10 nv_strip apron:46:300 [p38] clear of stock build's routes  (45.30 m of 8.00)
  ok   10 nv_strip apron:46:300 [p38] clear of aluminium C172's routes  (45.30 m of 8.50)
  ok   10 nv_strip apron:46:300 [p38] clear of the user's Cub's routes  (45.30 m of 8.35)
  ok   10 nv_strip apron:46:300 [beaver] inside the field
  ok   10 nv_strip apron:46:300 [beaver] flat  (0.36 m of 0.60)
  ok   10 nv_strip apron:46:300 [beaver] dry
  ok   10 nv_strip apron:46:300 [beaver] clear of solid things  (Infinity m of 3.00 (nothing))
  ok   10 nv_strip apron:46:300 [beaver] clear of stock build's routes  (45.00 m of 8.00)
  ok   10 nv_strip apron:46:300 [beaver] clear of aluminium C172's routes  (45.00 m of 8.50)
  ok   10 nv_strip apron:46:300 [beaver] clear of the user's Cub's routes  (45.00 m of 8.35)
  ok   10 nv_strip apron:46:300 [default] inside the field
  ok   10 nv_strip apron:46:300 [default] flat  (0.44 m of 0.60)
  ok   10 nv_strip apron:46:300 [default] dry
  ok   10 nv_strip apron:46:300 [default] clear of solid things  (Infinity m of 3.00 (nothing))
  ok   10 nv_strip apron:46:300 [default] clear of stock build's routes  (44.40 m of 8.00)
  ok   10 nv_strip apron:46:300 [default] clear of aluminium C172's routes  (44.40 m of 8.50)
  ok   10 nv_strip apron:46:300 [default] clear of the user's Cub's routes  (44.40 m of 8.35)
  ok   10 nv_strip apron:58:300 [cub] inside the field
  ok   10 nv_strip apron:58:300 [cub] flat  (0.42 m of 0.60)
  ok   10 nv_strip apron:58:300 [cub] dry
  ok   10 nv_strip apron:58:300 [cub] clear of solid things  (Infinity m of 3.00 (nothing))
  ok   10 nv_strip apron:58:300 [cub] clear of stock build's routes  (56.70 m of 8.00)
  ok   10 nv_strip apron:58:300 [cub] clear of aluminium C172's routes  (56.70 m of 8.50)
  ok   10 nv_strip apron:58:300 [cub] clear of the user's Cub's routes  (56.70 m of 8.35)
  ok   10 nv_strip apron:58:300 [pietenpol] inside the field
  ok   10 nv_strip apron:58:300 [pietenpol] flat  (0.39 m of 0.60)
  ok   10 nv_strip apron:58:300 [pietenpol] dry
  ok   10 nv_strip apron:58:300 [pietenpol] clear of solid things  (Infinity m of 3.00 (nothing))
  ok   10 nv_strip apron:58:300 [pietenpol] clear of stock build's routes  (57.10 m of 8.00)
  ok   10 nv_strip apron:58:300 [pietenpol] clear of aluminium C172's routes  (57.10 m of 8.50)
  ok   10 nv_strip apron:58:300 [pietenpol] clear of the user's Cub's routes  (57.10 m of 8.35)
  ok   10 nv_strip apron:58:300 [tigermoth] inside the field
  ok   10 nv_strip apron:58:300 [tigermoth] flat  (0.39 m of 0.60)
  ok   10 nv_strip apron:58:300 [tigermoth] dry
  ok   10 nv_strip apron:58:300 [tigermoth] clear of solid things  (Infinity m of 3.00 (nothing))
  ok   10 nv_strip apron:58:300 [tigermoth] clear of stock build's routes  (57.10 m of 8.00)
  ok   10 nv_strip apron:58:300 [tigermoth] clear of aluminium C172's routes  (57.10 m of 8.50)
  ok   10 nv_strip apron:58:300 [tigermoth] clear of the user's Cub's routes  (57.10 m of 8.35)
  ok   10 nv_strip apron:58:300 [stearman] inside the field
  ok   10 nv_strip apron:58:300 [stearman] flat  (0.39 m of 0.60)
  ok   10 nv_strip apron:58:300 [stearman] dry
  ok   10 nv_strip apron:58:300 [stearman] clear of solid things  (Infinity m of 3.00 (nothing))
  ok   10 nv_strip apron:58:300 [stearman] clear of stock build's routes  (57.00 m of 8.00)
  ok   10 nv_strip apron:58:300 [stearman] clear of aluminium C172's routes  (57.00 m of 8.50)
  ok   10 nv_strip apron:58:300 [stearman] clear of the user's Cub's routes  (57.00 m of 8.35)
  ok   10 nv_strip apron:58:300 [pittsAlike] inside the field
  ok   10 nv_strip apron:58:300 [pittsAlike] flat  (0.34 m of 0.60)
  ok   10 nv_strip apron:58:300 [pittsAlike] dry
  ok   10 nv_strip apron:58:300 [pittsAlike] clear of solid things  (Infinity m of 3.00 (nothing))
  ok   10 nv_strip apron:58:300 [pittsAlike] clear of stock build's routes  (57.10 m of 8.00)
  ok   10 nv_strip apron:58:300 [pittsAlike] clear of aluminium C172's routes  (57.10 m of 8.50)
  ok   10 nv_strip apron:58:300 [pittsAlike] clear of the user's Cub's routes  (57.10 m of 8.35)
  ok   10 nv_strip apron:58:300 [sesqui] inside the field
  ok   10 nv_strip apron:58:300 [sesqui] flat  (0.40 m of 0.60)
  ok   10 nv_strip apron:58:300 [sesqui] dry
  ok   10 nv_strip apron:58:300 [sesqui] clear of solid things  (Infinity m of 3.00 (nothing))
  ok   10 nv_strip apron:58:300 [sesqui] clear of stock build's routes  (57.10 m of 8.00)
  ok   10 nv_strip apron:58:300 [sesqui] clear of aluminium C172's routes  (57.10 m of 8.50)
  ok   10 nv_strip apron:58:300 [sesqui] clear of the user's Cub's routes  (57.10 m of 8.35)
  ok   10 nv_strip apron:58:300 [jodel] inside the field
  ok   10 nv_strip apron:58:300 [jodel] flat  (0.37 m of 0.60)
  ok   10 nv_strip apron:58:300 [jodel] dry
  ok   10 nv_strip apron:58:300 [jodel] clear of solid things  (Infinity m of 3.00 (nothing))
  ok   10 nv_strip apron:58:300 [jodel] clear of stock build's routes  (56.60 m of 8.00)
  ok   10 nv_strip apron:58:300 [jodel] clear of aluminium C172's routes  (56.60 m of 8.50)
  ok   10 nv_strip apron:58:300 [jodel] clear of the user's Cub's routes  (56.60 m of 8.35)
  ok   10 nv_strip apron:58:300 [c172] inside the field
  ok   10 nv_strip apron:58:300 [c172] flat  (0.47 m of 0.60)
  ok   10 nv_strip apron:58:300 [c172] dry
  ok   10 nv_strip apron:58:300 [c172] clear of solid things  (Infinity m of 3.00 (nothing))
  ok   10 nv_strip apron:58:300 [c172] clear of stock build's routes  (56.50 m of 8.00)
  ok   10 nv_strip apron:58:300 [c172] clear of aluminium C172's routes  (56.50 m of 8.50)
  ok   10 nv_strip apron:58:300 [c172] clear of the user's Cub's routes  (56.50 m of 8.35)
  ok   10 nv_strip apron:58:300 [chinook] inside the field
  ok   10 nv_strip apron:58:300 [chinook] flat  (0.34 m of 0.60)
  ok   10 nv_strip apron:58:300 [chinook] dry
  ok   10 nv_strip apron:58:300 [chinook] clear of solid things  (Infinity m of 3.00 (nothing))
  ok   10 nv_strip apron:58:300 [chinook] clear of stock build's routes  (57.60 m of 8.00)
  ok   10 nv_strip apron:58:300 [chinook] clear of aluminium C172's routes  (57.60 m of 8.50)
  ok   10 nv_strip apron:58:300 [chinook] clear of the user's Cub's routes  (57.60 m of 8.35)
  ok   10 nv_strip apron:58:300 [caravan] inside the field
  ok   10 nv_strip apron:58:300 [caravan] flat  (0.54 m of 0.60)
  ok   10 nv_strip apron:58:300 [caravan] dry
  ok   10 nv_strip apron:58:300 [caravan] clear of solid things  (Infinity m of 3.00 (nothing))
  ok   10 nv_strip apron:58:300 [caravan] clear of stock build's routes  (55.90 m of 8.00)
  ok   10 nv_strip apron:58:300 [caravan] clear of aluminium C172's routes  (55.90 m of 8.50)
  ok   10 nv_strip apron:58:300 [caravan] clear of the user's Cub's routes  (55.90 m of 8.35)
  ok   10 nv_strip apron:58:300 [rv] inside the field
  ok   10 nv_strip apron:58:300 [rv] flat  (0.40 m of 0.60)
  ok   10 nv_strip apron:58:300 [rv] dry
  ok   10 nv_strip apron:58:300 [rv] clear of solid things  (Infinity m of 3.00 (nothing))
  ok   10 nv_strip apron:58:300 [rv] clear of stock build's routes  (57.10 m of 8.00)
  ok   10 nv_strip apron:58:300 [rv] clear of aluminium C172's routes  (57.10 m of 8.50)
  ok   10 nv_strip apron:58:300 [rv] clear of the user's Cub's routes  (57.10 m of 8.35)
  ok   10 nv_strip apron:58:300 [savannah] inside the field
  ok   10 nv_strip apron:58:300 [savannah] flat  (0.38 m of 0.60)
  ok   10 nv_strip apron:58:300 [savannah] dry
  ok   10 nv_strip apron:58:300 [savannah] clear of solid things  (Infinity m of 3.00 (nothing))
  ok   10 nv_strip apron:58:300 [savannah] clear of stock build's routes  (57.10 m of 8.00)
  ok   10 nv_strip apron:58:300 [savannah] clear of aluminium C172's routes  (57.10 m of 8.50)
  ok   10 nv_strip apron:58:300 [savannah] clear of the user's Cub's routes  (57.10 m of 8.35)
  ok   10 nv_strip apron:58:300 [ul1] inside the field
  ok   10 nv_strip apron:58:300 [ul1] flat  (0.38 m of 0.60)
  ok   10 nv_strip apron:58:300 [ul1] dry
  ok   10 nv_strip apron:58:300 [ul1] clear of solid things  (Infinity m of 3.00 (nothing))
  ok   10 nv_strip apron:58:300 [ul1] clear of stock build's routes  (57.10 m of 8.00)
  ok   10 nv_strip apron:58:300 [ul1] clear of aluminium C172's routes  (57.10 m of 8.50)
  ok   10 nv_strip apron:58:300 [ul1] clear of the user's Cub's routes  (57.10 m of 8.35)
  ok   10 nv_strip apron:58:300 [floatplane] inside the field
  ok   10 nv_strip apron:58:300 [floatplane] flat  (0.44 m of 0.60)
  ok   10 nv_strip apron:58:300 [floatplane] dry
  ok   10 nv_strip apron:58:300 [floatplane] clear of solid things  (Infinity m of 3.00 (nothing))
  ok   10 nv_strip apron:58:300 [floatplane] clear of stock build's routes  (56.80 m of 8.00)
  ok   10 nv_strip apron:58:300 [floatplane] clear of aluminium C172's routes  (56.80 m of 8.50)
  ok   10 nv_strip apron:58:300 [floatplane] clear of the user's Cub's routes  (56.80 m of 8.35)
  ok   10 nv_strip apron:58:300 [pusherPod] inside the field
  ok   10 nv_strip apron:58:300 [pusherPod] flat  (0.38 m of 0.60)
  ok   10 nv_strip apron:58:300 [pusherPod] dry
  ok   10 nv_strip apron:58:300 [pusherPod] clear of solid things  (Infinity m of 3.00 (nothing))
  ok   10 nv_strip apron:58:300 [pusherPod] clear of stock build's routes  (57.40 m of 8.00)
  ok   10 nv_strip apron:58:300 [pusherPod] clear of aluminium C172's routes  (57.40 m of 8.50)
  ok   10 nv_strip apron:58:300 [pusherPod] clear of the user's Cub's routes  (57.40 m of 8.35)
  ok   10 nv_strip apron:58:300 [motorglider] inside the field
  ok   10 nv_strip apron:58:300 [motorglider] flat  (0.39 m of 0.60)
  ok   10 nv_strip apron:58:300 [motorglider] dry
  ok   10 nv_strip apron:58:300 [motorglider] clear of solid things  (Infinity m of 3.00 (nothing))
  ok   10 nv_strip apron:58:300 [motorglider] clear of stock build's routes  (57.10 m of 8.00)
  ok   10 nv_strip apron:58:300 [motorglider] clear of aluminium C172's routes  (57.10 m of 8.50)
  ok   10 nv_strip apron:58:300 [motorglider] clear of the user's Cub's routes  (57.10 m of 8.35)
  ok   10 nv_strip apron:58:300 [radial] inside the field
  ok   10 nv_strip apron:58:300 [radial] flat  (0.41 m of 0.60)
  ok   10 nv_strip apron:58:300 [radial] dry
  ok   10 nv_strip apron:58:300 [radial] clear of solid things  (Infinity m of 3.00 (nothing))
  ok   10 nv_strip apron:58:300 [radial] clear of stock build's routes  (57.10 m of 8.00)
  ok   10 nv_strip apron:58:300 [radial] clear of aluminium C172's routes  (57.10 m of 8.50)
  ok   10 nv_strip apron:58:300 [radial] clear of the user's Cub's routes  (57.10 m of 8.35)
  ok   10 nv_strip apron:58:300 [etrainer] inside the field
  ok   10 nv_strip apron:58:300 [etrainer] flat  (0.39 m of 0.60)
  ok   10 nv_strip apron:58:300 [etrainer] dry
  ok   10 nv_strip apron:58:300 [etrainer] clear of solid things  (Infinity m of 3.00 (nothing))
  ok   10 nv_strip apron:58:300 [etrainer] clear of stock build's routes  (57.10 m of 8.00)
  ok   10 nv_strip apron:58:300 [etrainer] clear of aluminium C172's routes  (57.10 m of 8.50)
  ok   10 nv_strip apron:58:300 [etrainer] clear of the user's Cub's routes  (57.10 m of 8.35)
  ok   10 nv_strip apron:58:300 [ttail] inside the field
  ok   10 nv_strip apron:58:300 [ttail] flat  (0.41 m of 0.60)
  ok   10 nv_strip apron:58:300 [ttail] dry
  ok   10 nv_strip apron:58:300 [ttail] clear of solid things  (Infinity m of 3.00 (nothing))
  ok   10 nv_strip apron:58:300 [ttail] clear of stock build's routes  (57.10 m of 8.00)
  ok   10 nv_strip apron:58:300 [ttail] clear of aluminium C172's routes  (57.10 m of 8.50)
  ok   10 nv_strip apron:58:300 [ttail] clear of the user's Cub's routes  (57.10 m of 8.35)
  ok   10 nv_strip apron:58:300 [vtail] inside the field
  ok   10 nv_strip apron:58:300 [vtail] flat  (0.42 m of 0.60)
  ok   10 nv_strip apron:58:300 [vtail] dry
  ok   10 nv_strip apron:58:300 [vtail] clear of solid things  (Infinity m of 3.00 (nothing))
  ok   10 nv_strip apron:58:300 [vtail] clear of stock build's routes  (57.10 m of 8.00)
  ok   10 nv_strip apron:58:300 [vtail] clear of aluminium C172's routes  (57.10 m of 8.50)
  ok   10 nv_strip apron:58:300 [vtail] clear of the user's Cub's routes  (57.10 m of 8.35)
  ok   10 nv_strip apron:58:300 [mw5] inside the field
  ok   10 nv_strip apron:58:300 [mw5] flat  (0.38 m of 0.60)
  ok   10 nv_strip apron:58:300 [mw5] dry
  ok   10 nv_strip apron:58:300 [mw5] clear of solid things  (Infinity m of 3.00 (nothing))
  ok   10 nv_strip apron:58:300 [mw5] clear of stock build's routes  (57.40 m of 8.00)
  ok   10 nv_strip apron:58:300 [mw5] clear of aluminium C172's routes  (57.40 m of 8.50)
  ok   10 nv_strip apron:58:300 [mw5] clear of the user's Cub's routes  (57.40 m of 8.35)
  ok   10 nv_strip apron:58:300 [archaeopteryx] inside the field
  ok   10 nv_strip apron:58:300 [archaeopteryx] flat  (0.38 m of 0.60)
  ok   10 nv_strip apron:58:300 [archaeopteryx] dry
  ok   10 nv_strip apron:58:300 [archaeopteryx] clear of solid things  (Infinity m of 3.00 (nothing))
  ok   10 nv_strip apron:58:300 [archaeopteryx] clear of stock build's routes  (57.40 m of 8.00)
  ok   10 nv_strip apron:58:300 [archaeopteryx] clear of aluminium C172's routes  (57.40 m of 8.50)
  ok   10 nv_strip apron:58:300 [archaeopteryx] clear of the user's Cub's routes  (57.40 m of 8.35)
  ok   10 nv_strip apron:58:300 [da62] inside the field
  ok   10 nv_strip apron:58:300 [da62] flat  (0.44 m of 0.60)
  ok   10 nv_strip apron:58:300 [da62] dry
  ok   10 nv_strip apron:58:300 [da62] clear of solid things  (Infinity m of 3.00 (nothing))
  ok   10 nv_strip apron:58:300 [da62] clear of stock build's routes  (57.30 m of 8.00)
  ok   10 nv_strip apron:58:300 [da62] clear of aluminium C172's routes  (57.30 m of 8.50)
  ok   10 nv_strip apron:58:300 [da62] clear of the user's Cub's routes  (57.30 m of 8.35)
  ok   10 nv_strip apron:58:300 [twinBush] inside the field
  ok   10 nv_strip apron:58:300 [twinBush] flat  (0.50 m of 0.60)
  ok   10 nv_strip apron:58:300 [twinBush] dry
  ok   10 nv_strip apron:58:300 [twinBush] clear of solid things  (Infinity m of 3.00 (nothing))
  ok   10 nv_strip apron:58:300 [twinBush] clear of stock build's routes  (57.30 m of 8.00)
  ok   10 nv_strip apron:58:300 [twinBush] clear of aluminium C172's routes  (57.30 m of 8.50)
  ok   10 nv_strip apron:58:300 [twinBush] clear of the user's Cub's routes  (57.30 m of 8.35)
  ok   10 nv_strip apron:58:300 [skymaster] inside the field
  ok   10 nv_strip apron:58:300 [skymaster] flat  (0.41 m of 0.60)
  ok   10 nv_strip apron:58:300 [skymaster] dry
  ok   10 nv_strip apron:58:300 [skymaster] clear of solid things  (Infinity m of 3.00 (nothing))
  ok   10 nv_strip apron:58:300 [skymaster] clear of stock build's routes  (57.10 m of 8.00)
  ok   10 nv_strip apron:58:300 [skymaster] clear of aluminium C172's routes  (57.10 m of 8.50)
  ok   10 nv_strip apron:58:300 [skymaster] clear of the user's Cub's routes  (57.10 m of 8.35)
  ok   10 nv_strip apron:58:300 [p38] inside the field
  ok   10 nv_strip apron:58:300 [p38] flat  (0.39 m of 0.60)
  ok   10 nv_strip apron:58:300 [p38] dry
  ok   10 nv_strip apron:58:300 [p38] clear of solid things  (Infinity m of 3.00 (nothing))
  ok   10 nv_strip apron:58:300 [p38] clear of stock build's routes  (57.30 m of 8.00)
  ok   10 nv_strip apron:58:300 [p38] clear of aluminium C172's routes  (57.30 m of 8.50)
  ok   10 nv_strip apron:58:300 [p38] clear of the user's Cub's routes  (57.30 m of 8.35)
  ok   10 nv_strip apron:58:300 [beaver] inside the field
  ok   10 nv_strip apron:58:300 [beaver] flat  (0.45 m of 0.60)
  ok   10 nv_strip apron:58:300 [beaver] dry
  ok   10 nv_strip apron:58:300 [beaver] clear of solid things  (Infinity m of 3.00 (nothing))
  ok   10 nv_strip apron:58:300 [beaver] clear of stock build's routes  (57.00 m of 8.00)
  ok   10 nv_strip apron:58:300 [beaver] clear of aluminium C172's routes  (57.00 m of 8.50)
  ok   10 nv_strip apron:58:300 [beaver] clear of the user's Cub's routes  (57.00 m of 8.35)
  ok   10 nv_strip apron:58:300 [default] inside the field
  ok   10 nv_strip apron:58:300 [default] flat  (0.50 m of 0.60)
  ok   10 nv_strip apron:58:300 [default] dry
  ok   10 nv_strip apron:58:300 [default] clear of solid things  (Infinity m of 3.00 (nothing))
  ok   10 nv_strip apron:58:300 [default] clear of stock build's routes  (56.40 m of 8.00)
  ok   10 nv_strip apron:58:300 [default] clear of aluminium C172's routes  (56.40 m of 8.50)
  ok   10 nv_strip apron:58:300 [default] clear of the user's Cub's routes  (56.40 m of 8.35)
  ok   10 nv_strip apron:70:300 [cub] inside the field
  ok   10 nv_strip apron:70:300 [cub] flat  (0.28 m of 0.60)
  ok   10 nv_strip apron:70:300 [cub] dry
  ok   10 nv_strip apron:70:300 [cub] clear of solid things  (Infinity m of 3.00 (nothing))
  ok   10 nv_strip apron:70:300 [cub] clear of stock build's routes  (68.70 m of 8.00)
  ok   10 nv_strip apron:70:300 [cub] clear of aluminium C172's routes  (68.70 m of 8.50)
  ok   10 nv_strip apron:70:300 [cub] clear of the user's Cub's routes  (68.70 m of 8.35)
  ok   10 nv_strip apron:70:300 [pietenpol] inside the field
  ok   10 nv_strip apron:70:300 [pietenpol] flat  (0.23 m of 0.60)
  ok   10 nv_strip apron:70:300 [pietenpol] dry
  ok   10 nv_strip apron:70:300 [pietenpol] clear of solid things  (Infinity m of 3.00 (nothing))
  ok   10 nv_strip apron:70:300 [pietenpol] clear of stock build's routes  (69.10 m of 8.00)
  ok   10 nv_strip apron:70:300 [pietenpol] clear of aluminium C172's routes  (69.10 m of 8.50)
  ok   10 nv_strip apron:70:300 [pietenpol] clear of the user's Cub's routes  (69.10 m of 8.35)
  ok   10 nv_strip apron:70:300 [tigermoth] inside the field
  ok   10 nv_strip apron:70:300 [tigermoth] flat  (0.23 m of 0.60)
  ok   10 nv_strip apron:70:300 [tigermoth] dry
  ok   10 nv_strip apron:70:300 [tigermoth] clear of solid things  (Infinity m of 3.00 (nothing))
  ok   10 nv_strip apron:70:300 [tigermoth] clear of stock build's routes  (69.10 m of 8.00)
  ok   10 nv_strip apron:70:300 [tigermoth] clear of aluminium C172's routes  (69.10 m of 8.50)
  ok   10 nv_strip apron:70:300 [tigermoth] clear of the user's Cub's routes  (69.10 m of 8.35)
  ok   10 nv_strip apron:70:300 [stearman] inside the field
  ok   10 nv_strip apron:70:300 [stearman] flat  (0.25 m of 0.60)
  ok   10 nv_strip apron:70:300 [stearman] dry
  ok   10 nv_strip apron:70:300 [stearman] clear of solid things  (Infinity m of 3.00 (nothing))
  ok   10 nv_strip apron:70:300 [stearman] clear of stock build's routes  (69.00 m of 8.00)
  ok   10 nv_strip apron:70:300 [stearman] clear of aluminium C172's routes  (69.00 m of 8.50)
  ok   10 nv_strip apron:70:300 [stearman] clear of the user's Cub's routes  (69.00 m of 8.35)
  ok   10 nv_strip apron:70:300 [pittsAlike] inside the field
  ok   10 nv_strip apron:70:300 [pittsAlike] flat  (0.18 m of 0.60)
  ok   10 nv_strip apron:70:300 [pittsAlike] dry
  ok   10 nv_strip apron:70:300 [pittsAlike] clear of solid things  (Infinity m of 3.00 (nothing))
  ok   10 nv_strip apron:70:300 [pittsAlike] clear of stock build's routes  (69.10 m of 8.00)
  ok   10 nv_strip apron:70:300 [pittsAlike] clear of aluminium C172's routes  (69.10 m of 8.50)
  ok   10 nv_strip apron:70:300 [pittsAlike] clear of the user's Cub's routes  (69.10 m of 8.35)
  ok   10 nv_strip apron:70:300 [sesqui] inside the field
  ok   10 nv_strip apron:70:300 [sesqui] flat  (0.26 m of 0.60)
  ok   10 nv_strip apron:70:300 [sesqui] dry
  ok   10 nv_strip apron:70:300 [sesqui] clear of solid things  (Infinity m of 3.00 (nothing))
  ok   10 nv_strip apron:70:300 [sesqui] clear of stock build's routes  (69.10 m of 8.00)
  ok   10 nv_strip apron:70:300 [sesqui] clear of aluminium C172's routes  (69.10 m of 8.50)
  ok   10 nv_strip apron:70:300 [sesqui] clear of the user's Cub's routes  (69.10 m of 8.35)
  ok   10 nv_strip apron:70:300 [jodel] inside the field
  ok   10 nv_strip apron:70:300 [jodel] flat  (0.20 m of 0.60)
  ok   10 nv_strip apron:70:300 [jodel] dry
  ok   10 nv_strip apron:70:300 [jodel] clear of solid things  (Infinity m of 3.00 (nothing))
  ok   10 nv_strip apron:70:300 [jodel] clear of stock build's routes  (68.60 m of 8.00)
  ok   10 nv_strip apron:70:300 [jodel] clear of aluminium C172's routes  (68.60 m of 8.50)
  ok   10 nv_strip apron:70:300 [jodel] clear of the user's Cub's routes  (68.60 m of 8.35)
  ok   10 nv_strip apron:70:300 [c172] inside the field
  ok   10 nv_strip apron:70:300 [c172] flat  (0.29 m of 0.60)
  ok   10 nv_strip apron:70:300 [c172] dry
  ok   10 nv_strip apron:70:300 [c172] clear of solid things  (Infinity m of 3.00 (nothing))
  ok   10 nv_strip apron:70:300 [c172] clear of stock build's routes  (68.50 m of 8.00)
  ok   10 nv_strip apron:70:300 [c172] clear of aluminium C172's routes  (68.50 m of 8.50)
  ok   10 nv_strip apron:70:300 [c172] clear of the user's Cub's routes  (68.50 m of 8.35)
  ok   10 nv_strip apron:70:300 [chinook] inside the field
  ok   10 nv_strip apron:70:300 [chinook] flat  (0.25 m of 0.60)
  ok   10 nv_strip apron:70:300 [chinook] dry
  ok   10 nv_strip apron:70:300 [chinook] clear of solid things  (Infinity m of 3.00 (nothing))
  ok   10 nv_strip apron:70:300 [chinook] clear of stock build's routes  (69.60 m of 8.00)
  ok   10 nv_strip apron:70:300 [chinook] clear of aluminium C172's routes  (69.60 m of 8.50)
  ok   10 nv_strip apron:70:300 [chinook] clear of the user's Cub's routes  (69.60 m of 8.35)
  ok   10 nv_strip apron:70:300 [caravan] inside the field
  ok   10 nv_strip apron:70:300 [caravan] flat  (0.44 m of 0.60)
  ok   10 nv_strip apron:70:300 [caravan] dry
  ok   10 nv_strip apron:70:300 [caravan] clear of solid things  (Infinity m of 3.00 (nothing))
  ok   10 nv_strip apron:70:300 [caravan] clear of stock build's routes  (67.90 m of 8.00)
  ok   10 nv_strip apron:70:300 [caravan] clear of aluminium C172's routes  (67.90 m of 8.50)
  ok   10 nv_strip apron:70:300 [caravan] clear of the user's Cub's routes  (67.90 m of 8.35)
  ok   10 nv_strip apron:70:300 [rv] inside the field
  ok   10 nv_strip apron:70:300 [rv] flat  (0.25 m of 0.60)
  ok   10 nv_strip apron:70:300 [rv] dry
  ok   10 nv_strip apron:70:300 [rv] clear of solid things  (Infinity m of 3.00 (nothing))
  ok   10 nv_strip apron:70:300 [rv] clear of stock build's routes  (69.10 m of 8.00)
  ok   10 nv_strip apron:70:300 [rv] clear of aluminium C172's routes  (69.10 m of 8.50)
  ok   10 nv_strip apron:70:300 [rv] clear of the user's Cub's routes  (69.10 m of 8.35)
  ok   10 nv_strip apron:70:300 [savannah] inside the field
  ok   10 nv_strip apron:70:300 [savannah] flat  (0.23 m of 0.60)
  ok   10 nv_strip apron:70:300 [savannah] dry
  ok   10 nv_strip apron:70:300 [savannah] clear of solid things  (Infinity m of 3.00 (nothing))
  ok   10 nv_strip apron:70:300 [savannah] clear of stock build's routes  (69.10 m of 8.00)
  ok   10 nv_strip apron:70:300 [savannah] clear of aluminium C172's routes  (69.10 m of 8.50)
  ok   10 nv_strip apron:70:300 [savannah] clear of the user's Cub's routes  (69.10 m of 8.35)
  ok   10 nv_strip apron:70:300 [ul1] inside the field
  ok   10 nv_strip apron:70:300 [ul1] flat  (0.24 m of 0.60)
  ok   10 nv_strip apron:70:300 [ul1] dry
  ok   10 nv_strip apron:70:300 [ul1] clear of solid things  (Infinity m of 3.00 (nothing))
  ok   10 nv_strip apron:70:300 [ul1] clear of stock build's routes  (69.10 m of 8.00)
  ok   10 nv_strip apron:70:300 [ul1] clear of aluminium C172's routes  (69.10 m of 8.50)
  ok   10 nv_strip apron:70:300 [ul1] clear of the user's Cub's routes  (69.10 m of 8.35)
  ok   10 nv_strip apron:70:300 [floatplane] inside the field
  ok   10 nv_strip apron:70:300 [floatplane] flat  (0.31 m of 0.60)
  ok   10 nv_strip apron:70:300 [floatplane] dry
  ok   10 nv_strip apron:70:300 [floatplane] clear of solid things  (Infinity m of 3.00 (nothing))
  ok   10 nv_strip apron:70:300 [floatplane] clear of stock build's routes  (68.80 m of 8.00)
  ok   10 nv_strip apron:70:300 [floatplane] clear of aluminium C172's routes  (68.80 m of 8.50)
  ok   10 nv_strip apron:70:300 [floatplane] clear of the user's Cub's routes  (68.80 m of 8.35)
  ok   10 nv_strip apron:70:300 [pusherPod] inside the field
  ok   10 nv_strip apron:70:300 [pusherPod] flat  (0.24 m of 0.60)
  ok   10 nv_strip apron:70:300 [pusherPod] dry
  ok   10 nv_strip apron:70:300 [pusherPod] clear of solid things  (Infinity m of 3.00 (nothing))
  ok   10 nv_strip apron:70:300 [pusherPod] clear of stock build's routes  (69.40 m of 8.00)
  ok   10 nv_strip apron:70:300 [pusherPod] clear of aluminium C172's routes  (69.40 m of 8.50)
  ok   10 nv_strip apron:70:300 [pusherPod] clear of the user's Cub's routes  (69.40 m of 8.35)
  ok   10 nv_strip apron:70:300 [motorglider] inside the field
  ok   10 nv_strip apron:70:300 [motorglider] flat  (0.37 m of 0.60)
  ok   10 nv_strip apron:70:300 [motorglider] dry
  ok   10 nv_strip apron:70:300 [motorglider] clear of solid things  (Infinity m of 3.00 (nothing))
  ok   10 nv_strip apron:70:300 [motorglider] clear of stock build's routes  (69.10 m of 8.00)
  ok   10 nv_strip apron:70:300 [motorglider] clear of aluminium C172's routes  (69.10 m of 8.50)
  ok   10 nv_strip apron:70:300 [motorglider] clear of the user's Cub's routes  (69.10 m of 8.35)
  ok   10 nv_strip apron:70:300 [radial] inside the field
  ok   10 nv_strip apron:70:300 [radial] flat  (0.29 m of 0.60)
  ok   10 nv_strip apron:70:300 [radial] dry
  ok   10 nv_strip apron:70:300 [radial] clear of solid things  (Infinity m of 3.00 (nothing))
  ok   10 nv_strip apron:70:300 [radial] clear of stock build's routes  (69.10 m of 8.00)
  ok   10 nv_strip apron:70:300 [radial] clear of aluminium C172's routes  (69.10 m of 8.50)
  ok   10 nv_strip apron:70:300 [radial] clear of the user's Cub's routes  (69.10 m of 8.35)
  ok   10 nv_strip apron:70:300 [etrainer] inside the field
  ok   10 nv_strip apron:70:300 [etrainer] flat  (0.23 m of 0.60)
  ok   10 nv_strip apron:70:300 [etrainer] dry
  ok   10 nv_strip apron:70:300 [etrainer] clear of solid things  (Infinity m of 3.00 (nothing))
  ok   10 nv_strip apron:70:300 [etrainer] clear of stock build's routes  (69.10 m of 8.00)
  ok   10 nv_strip apron:70:300 [etrainer] clear of aluminium C172's routes  (69.10 m of 8.50)
  ok   10 nv_strip apron:70:300 [etrainer] clear of the user's Cub's routes  (69.10 m of 8.35)
  ok   10 nv_strip apron:70:300 [ttail] inside the field
  ok   10 nv_strip apron:70:300 [ttail] flat  (0.29 m of 0.60)
  ok   10 nv_strip apron:70:300 [ttail] dry
  ok   10 nv_strip apron:70:300 [ttail] clear of solid things  (Infinity m of 3.00 (nothing))
  ok   10 nv_strip apron:70:300 [ttail] clear of stock build's routes  (69.10 m of 8.00)
  ok   10 nv_strip apron:70:300 [ttail] clear of aluminium C172's routes  (69.10 m of 8.50)
  ok   10 nv_strip apron:70:300 [ttail] clear of the user's Cub's routes  (69.10 m of 8.35)
  ok   10 nv_strip apron:70:300 [vtail] inside the field
  ok   10 nv_strip apron:70:300 [vtail] flat  (0.29 m of 0.60)
  ok   10 nv_strip apron:70:300 [vtail] dry
  ok   10 nv_strip apron:70:300 [vtail] clear of solid things  (Infinity m of 3.00 (nothing))
  ok   10 nv_strip apron:70:300 [vtail] clear of stock build's routes  (69.10 m of 8.00)
  ok   10 nv_strip apron:70:300 [vtail] clear of aluminium C172's routes  (69.10 m of 8.50)
  ok   10 nv_strip apron:70:300 [vtail] clear of the user's Cub's routes  (69.10 m of 8.35)
  ok   10 nv_strip apron:70:300 [mw5] inside the field
  ok   10 nv_strip apron:70:300 [mw5] flat  (0.24 m of 0.60)
  ok   10 nv_strip apron:70:300 [mw5] dry
  ok   10 nv_strip apron:70:300 [mw5] clear of solid things  (Infinity m of 3.00 (nothing))
  ok   10 nv_strip apron:70:300 [mw5] clear of stock build's routes  (69.40 m of 8.00)
  ok   10 nv_strip apron:70:300 [mw5] clear of aluminium C172's routes  (69.40 m of 8.50)
  ok   10 nv_strip apron:70:300 [mw5] clear of the user's Cub's routes  (69.40 m of 8.35)
  ok   10 nv_strip apron:70:300 [archaeopteryx] inside the field
  ok   10 nv_strip apron:70:300 [archaeopteryx] flat  (0.28 m of 0.60)
  ok   10 nv_strip apron:70:300 [archaeopteryx] dry
  ok   10 nv_strip apron:70:300 [archaeopteryx] clear of solid things  (Infinity m of 3.00 (nothing))
  ok   10 nv_strip apron:70:300 [archaeopteryx] clear of stock build's routes  (69.40 m of 8.00)
  ok   10 nv_strip apron:70:300 [archaeopteryx] clear of aluminium C172's routes  (69.40 m of 8.50)
  ok   10 nv_strip apron:70:300 [archaeopteryx] clear of the user's Cub's routes  (69.40 m of 8.35)
  ok   10 nv_strip apron:70:300 [da62] inside the field
  ok   10 nv_strip apron:70:300 [da62] flat  (0.43 m of 0.60)
  ok   10 nv_strip apron:70:300 [da62] dry
  ok   10 nv_strip apron:70:300 [da62] clear of solid things  (Infinity m of 3.00 (nothing))
  ok   10 nv_strip apron:70:300 [da62] clear of stock build's routes  (69.30 m of 8.00)
  ok   10 nv_strip apron:70:300 [da62] clear of aluminium C172's routes  (69.30 m of 8.50)
  ok   10 nv_strip apron:70:300 [da62] clear of the user's Cub's routes  (69.30 m of 8.35)
  ok   10 nv_strip apron:70:300 [twinBush] inside the field
  ok   10 nv_strip apron:70:300 [twinBush] flat  (0.57 m of 0.60)
  ok   10 nv_strip apron:70:300 [twinBush] dry
  ok   10 nv_strip apron:70:300 [twinBush] clear of solid things  (Infinity m of 3.00 (nothing))
  ok   10 nv_strip apron:70:300 [twinBush] clear of stock build's routes  (69.30 m of 8.00)
  ok   10 nv_strip apron:70:300 [twinBush] clear of aluminium C172's routes  (69.30 m of 8.50)
  ok   10 nv_strip apron:70:300 [twinBush] clear of the user's Cub's routes  (69.30 m of 8.35)
  ok   10 nv_strip apron:70:300 [skymaster] inside the field
  ok   10 nv_strip apron:70:300 [skymaster] flat  (0.29 m of 0.60)
  ok   10 nv_strip apron:70:300 [skymaster] dry
  ok   10 nv_strip apron:70:300 [skymaster] clear of solid things  (Infinity m of 3.00 (nothing))
  ok   10 nv_strip apron:70:300 [skymaster] clear of stock build's routes  (69.10 m of 8.00)
  ok   10 nv_strip apron:70:300 [skymaster] clear of aluminium C172's routes  (69.10 m of 8.50)
  ok   10 nv_strip apron:70:300 [skymaster] clear of the user's Cub's routes  (69.10 m of 8.35)
  ok   10 nv_strip apron:70:300 [p38] inside the field
  ok   10 nv_strip apron:70:300 [p38] flat  (0.28 m of 0.60)
  ok   10 nv_strip apron:70:300 [p38] dry
  ok   10 nv_strip apron:70:300 [p38] clear of solid things  (Infinity m of 3.00 (nothing))
  ok   10 nv_strip apron:70:300 [p38] clear of stock build's routes  (69.30 m of 8.00)
  ok   10 nv_strip apron:70:300 [p38] clear of aluminium C172's routes  (69.30 m of 8.50)
  ok   10 nv_strip apron:70:300 [p38] clear of the user's Cub's routes  (69.30 m of 8.35)
  ok   10 nv_strip apron:70:300 [beaver] inside the field
  ok   10 nv_strip apron:70:300 [beaver] flat  (0.47 m of 0.60)
  ok   10 nv_strip apron:70:300 [beaver] dry
  ok   10 nv_strip apron:70:300 [beaver] clear of solid things  (Infinity m of 3.00 (nothing))
  ok   10 nv_strip apron:70:300 [beaver] clear of stock build's routes  (69.00 m of 8.00)
  ok   10 nv_strip apron:70:300 [beaver] clear of aluminium C172's routes  (69.00 m of 8.50)
  ok   10 nv_strip apron:70:300 [beaver] clear of the user's Cub's routes  (69.00 m of 8.35)
  ok   10 nv_strip apron:70:300 [default] inside the field
  ok   10 nv_strip apron:70:300 [default] flat  (0.33 m of 0.60)
  ok   10 nv_strip apron:70:300 [default] dry
  ok   10 nv_strip apron:70:300 [default] clear of solid things  (Infinity m of 3.00 (nothing))
  ok   10 nv_strip apron:70:300 [default] clear of stock build's routes  (68.40 m of 8.00)
  ok   10 nv_strip apron:70:300 [default] clear of aluminium C172's routes  (68.40 m of 8.50)
  ok   10 nv_strip apron:70:300 [default] clear of the user's Cub's routes  (68.40 m of 8.35)
  ok   10 nv_strip ring:R0:4 [cub] inside the field
  ok   10 nv_strip ring:R0:4 [cub] flat  (0.24 m of 0.60)
  ok   10 nv_strip ring:R0:4 [cub] dry
  ok   10 nv_strip ring:R0:4 [cub] clear of solid things  (Infinity m of 3.00 (nothing))
  ok   10 nv_strip ring:R0:4 [cub] clear of stock build's routes  (15.30 m of 8.00)
  ok   10 nv_strip ring:R0:4 [cub] clear of aluminium C172's routes  (15.30 m of 8.50)
  ok   10 nv_strip ring:R0:4 [cub] clear of the user's Cub's routes  (15.30 m of 8.35)
  ok   10 nv_strip ring:R0:4 [pietenpol] inside the field
  ok   10 nv_strip ring:R0:4 [pietenpol] flat  (0.20 m of 0.60)
  ok   10 nv_strip ring:R0:4 [pietenpol] dry
  ok   10 nv_strip ring:R0:4 [pietenpol] clear of solid things  (Infinity m of 3.00 (nothing))
  ok   10 nv_strip ring:R0:4 [pietenpol] clear of stock build's routes  (15.70 m of 8.00)
  ok   10 nv_strip ring:R0:4 [pietenpol] clear of aluminium C172's routes  (15.70 m of 8.50)
  ok   10 nv_strip ring:R0:4 [pietenpol] clear of the user's Cub's routes  (15.70 m of 8.35)
  ok   10 nv_strip ring:R0:4 [tigermoth] inside the field
  ok   10 nv_strip ring:R0:4 [tigermoth] flat  (0.21 m of 0.60)
  ok   10 nv_strip ring:R0:4 [tigermoth] dry
  ok   10 nv_strip ring:R0:4 [tigermoth] clear of solid things  (Infinity m of 3.00 (nothing))
  ok   10 nv_strip ring:R0:4 [tigermoth] clear of stock build's routes  (15.70 m of 8.00)
  ok   10 nv_strip ring:R0:4 [tigermoth] clear of aluminium C172's routes  (15.70 m of 8.50)
  ok   10 nv_strip ring:R0:4 [tigermoth] clear of the user's Cub's routes  (15.70 m of 8.35)
  ok   10 nv_strip ring:R0:4 [stearman] inside the field
  ok   10 nv_strip ring:R0:4 [stearman] flat  (0.21 m of 0.60)
  ok   10 nv_strip ring:R0:4 [stearman] dry
  ok   10 nv_strip ring:R0:4 [stearman] clear of solid things  (Infinity m of 3.00 (nothing))
  ok   10 nv_strip ring:R0:4 [stearman] clear of stock build's routes  (15.60 m of 8.00)
  ok   10 nv_strip ring:R0:4 [stearman] clear of aluminium C172's routes  (15.60 m of 8.50)
  ok   10 nv_strip ring:R0:4 [stearman] clear of the user's Cub's routes  (15.60 m of 8.35)
  ok   10 nv_strip ring:R0:4 [pittsAlike] inside the field
  ok   10 nv_strip ring:R0:4 [pittsAlike] flat  (0.15 m of 0.60)
  ok   10 nv_strip ring:R0:4 [pittsAlike] dry
  ok   10 nv_strip ring:R0:4 [pittsAlike] clear of solid things  (Infinity m of 3.00 (nothing))
  ok   10 nv_strip ring:R0:4 [pittsAlike] clear of stock build's routes  (15.75 m of 8.00)
  ok   10 nv_strip ring:R0:4 [pittsAlike] clear of aluminium C172's routes  (15.75 m of 8.50)
  ok   10 nv_strip ring:R0:4 [pittsAlike] clear of the user's Cub's routes  (15.75 m of 8.35)
  ok   10 nv_strip ring:R0:4 [sesqui] inside the field
  ok   10 nv_strip ring:R0:4 [sesqui] flat  (0.23 m of 0.60)
  ok   10 nv_strip ring:R0:4 [sesqui] dry
  ok   10 nv_strip ring:R0:4 [sesqui] clear of solid things  (Infinity m of 3.00 (nothing))
  ok   10 nv_strip ring:R0:4 [sesqui] clear of stock build's routes  (15.70 m of 8.00)
  ok   10 nv_strip ring:R0:4 [sesqui] clear of aluminium C172's routes  (15.70 m of 8.50)
  ok   10 nv_strip ring:R0:4 [sesqui] clear of the user's Cub's routes  (15.70 m of 8.35)
  ok   10 nv_strip ring:R0:4 [jodel] inside the field
  ok   10 nv_strip ring:R0:4 [jodel] flat  (0.19 m of 0.60)
  ok   10 nv_strip ring:R0:4 [jodel] dry
  ok   10 nv_strip ring:R0:4 [jodel] clear of solid things  (Infinity m of 3.00 (nothing))
  ok   10 nv_strip ring:R0:4 [jodel] clear of stock build's routes  (15.20 m of 8.00)
  ok   10 nv_strip ring:R0:4 [jodel] clear of aluminium C172's routes  (15.20 m of 8.50)
  ok   10 nv_strip ring:R0:4 [jodel] clear of the user's Cub's routes  (15.20 m of 8.35)
  ok   10 nv_strip ring:R0:4 [c172] inside the field
  ok   10 nv_strip ring:R0:4 [c172] flat  (0.26 m of 0.60)
  ok   10 nv_strip ring:R0:4 [c172] dry
  ok   10 nv_strip ring:R0:4 [c172] clear of solid things  (Infinity m of 3.00 (nothing))
  ok   10 nv_strip ring:R0:4 [c172] clear of stock build's routes  (15.10 m of 8.00)
  ok   10 nv_strip ring:R0:4 [c172] clear of aluminium C172's routes  (15.10 m of 8.50)
  ok   10 nv_strip ring:R0:4 [c172] clear of the user's Cub's routes  (15.10 m of 8.35)
  ok   10 nv_strip ring:R0:4 [chinook] inside the field
  ok   10 nv_strip ring:R0:4 [chinook] flat  (0.21 m of 0.60)
  ok   10 nv_strip ring:R0:4 [chinook] dry
  ok   10 nv_strip ring:R0:4 [chinook] clear of solid things  (Infinity m of 3.00 (nothing))
  ok   10 nv_strip ring:R0:4 [chinook] clear of stock build's routes  (16.20 m of 8.00)
  ok   10 nv_strip ring:R0:4 [chinook] clear of aluminium C172's routes  (16.20 m of 8.50)
  ok   10 nv_strip ring:R0:4 [chinook] clear of the user's Cub's routes  (16.20 m of 8.35)
  ok   10 nv_strip ring:R0:4 [caravan] inside the field
  ok   10 nv_strip ring:R0:4 [caravan] flat  (0.35 m of 0.60)
  ok   10 nv_strip ring:R0:4 [caravan] dry
  ok   10 nv_strip ring:R0:4 [caravan] clear of solid things  (Infinity m of 3.00 (nothing))
  ok   10 nv_strip ring:R0:4 [caravan] clear of stock build's routes  (14.50 m of 8.00)
  ok   10 nv_strip ring:R0:4 [caravan] clear of aluminium C172's routes  (14.50 m of 8.50)
  ok   10 nv_strip ring:R0:4 [caravan] clear of the user's Cub's routes  (14.50 m of 8.35)
  ok   10 nv_strip ring:R0:4 [rv] inside the field
  ok   10 nv_strip ring:R0:4 [rv] flat  (0.23 m of 0.60)
  ok   10 nv_strip ring:R0:4 [rv] dry
  ok   10 nv_strip ring:R0:4 [rv] clear of solid things  (Infinity m of 3.00 (nothing))
  ok   10 nv_strip ring:R0:4 [rv] clear of stock build's routes  (15.70 m of 8.00)
  ok   10 nv_strip ring:R0:4 [rv] clear of aluminium C172's routes  (15.70 m of 8.50)
  ok   10 nv_strip ring:R0:4 [rv] clear of the user's Cub's routes  (15.70 m of 8.35)
  ok   10 nv_strip ring:R0:4 [savannah] inside the field
  ok   10 nv_strip ring:R0:4 [savannah] flat  (0.20 m of 0.60)
  ok   10 nv_strip ring:R0:4 [savannah] dry
  ok   10 nv_strip ring:R0:4 [savannah] clear of solid things  (Infinity m of 3.00 (nothing))
  ok   10 nv_strip ring:R0:4 [savannah] clear of stock build's routes  (15.70 m of 8.00)
  ok   10 nv_strip ring:R0:4 [savannah] clear of aluminium C172's routes  (15.70 m of 8.50)
  ok   10 nv_strip ring:R0:4 [savannah] clear of the user's Cub's routes  (15.70 m of 8.35)
  ok   10 nv_strip ring:R0:4 [ul1] inside the field
  ok   10 nv_strip ring:R0:4 [ul1] flat  (0.21 m of 0.60)
  ok   10 nv_strip ring:R0:4 [ul1] dry
  ok   10 nv_strip ring:R0:4 [ul1] clear of solid things  (Infinity m of 3.00 (nothing))
  ok   10 nv_strip ring:R0:4 [ul1] clear of stock build's routes  (15.70 m of 8.00)
  ok   10 nv_strip ring:R0:4 [ul1] clear of aluminium C172's routes  (15.70 m of 8.50)
  ok   10 nv_strip ring:R0:4 [ul1] clear of the user's Cub's routes  (15.70 m of 8.35)
  ok   10 nv_strip ring:R0:4 [floatplane] inside the field
  ok   10 nv_strip ring:R0:4 [floatplane] flat  (0.27 m of 0.60)
  ok   10 nv_strip ring:R0:4 [floatplane] dry
  ok   10 nv_strip ring:R0:4 [floatplane] clear of solid things  (Infinity m of 3.00 (nothing))
  ok   10 nv_strip ring:R0:4 [floatplane] clear of stock build's routes  (15.40 m of 8.00)
  ok   10 nv_strip ring:R0:4 [floatplane] clear of aluminium C172's routes  (15.40 m of 8.50)
  ok   10 nv_strip ring:R0:4 [floatplane] clear of the user's Cub's routes  (15.40 m of 8.35)
  ok   10 nv_strip ring:R0:4 [pusherPod] inside the field
  ok   10 nv_strip ring:R0:4 [pusherPod] flat  (0.21 m of 0.60)
  ok   10 nv_strip ring:R0:4 [pusherPod] dry
  ok   10 nv_strip ring:R0:4 [pusherPod] clear of solid things  (Infinity m of 3.00 (nothing))
  ok   10 nv_strip ring:R0:4 [pusherPod] clear of stock build's routes  (16.00 m of 8.00)
  ok   10 nv_strip ring:R0:4 [pusherPod] clear of aluminium C172's routes  (16.00 m of 8.50)
  ok   10 nv_strip ring:R0:4 [pusherPod] clear of the user's Cub's routes  (16.00 m of 8.35)
  ok   10 nv_strip ring:R0:4 [motorglider] inside the field
  ok   10 nv_strip ring:R0:4 [motorglider] flat  (0.25 m of 0.60)
  ok   10 nv_strip ring:R0:4 [motorglider] dry
  ok   10 nv_strip ring:R0:4 [motorglider] clear of solid things  (Infinity m of 3.00 (nothing))
  ok   10 nv_strip ring:R0:4 [motorglider] clear of stock build's routes  (15.70 m of 8.00)
  ok   10 nv_strip ring:R0:4 [motorglider] clear of aluminium C172's routes  (15.70 m of 8.50)
  ok   10 nv_strip ring:R0:4 [motorglider] clear of the user's Cub's routes  (15.70 m of 8.35)
  ok   10 nv_strip ring:R0:4 [radial] inside the field
  ok   10 nv_strip ring:R0:4 [radial] flat  (0.25 m of 0.60)
  ok   10 nv_strip ring:R0:4 [radial] dry
  ok   10 nv_strip ring:R0:4 [radial] clear of solid things  (Infinity m of 3.00 (nothing))
  ok   10 nv_strip ring:R0:4 [radial] clear of stock build's routes  (15.70 m of 8.00)
  ok   10 nv_strip ring:R0:4 [radial] clear of aluminium C172's routes  (15.70 m of 8.50)
  ok   10 nv_strip ring:R0:4 [radial] clear of the user's Cub's routes  (15.70 m of 8.35)
  ok   10 nv_strip ring:R0:4 [etrainer] inside the field
  ok   10 nv_strip ring:R0:4 [etrainer] flat  (0.21 m of 0.60)
  ok   10 nv_strip ring:R0:4 [etrainer] dry
  ok   10 nv_strip ring:R0:4 [etrainer] clear of solid things  (Infinity m of 3.00 (nothing))
  ok   10 nv_strip ring:R0:4 [etrainer] clear of stock build's routes  (15.70 m of 8.00)
  ok   10 nv_strip ring:R0:4 [etrainer] clear of aluminium C172's routes  (15.70 m of 8.50)
  ok   10 nv_strip ring:R0:4 [etrainer] clear of the user's Cub's routes  (15.70 m of 8.35)
  ok   10 nv_strip ring:R0:4 [ttail] inside the field
  ok   10 nv_strip ring:R0:4 [ttail] flat  (0.25 m of 0.60)
  ok   10 nv_strip ring:R0:4 [ttail] dry
  ok   10 nv_strip ring:R0:4 [ttail] clear of solid things  (Infinity m of 3.00 (nothing))
  ok   10 nv_strip ring:R0:4 [ttail] clear of stock build's routes  (15.70 m of 8.00)
  ok   10 nv_strip ring:R0:4 [ttail] clear of aluminium C172's routes  (15.70 m of 8.50)
  ok   10 nv_strip ring:R0:4 [ttail] clear of the user's Cub's routes  (15.70 m of 8.35)
  ok   10 nv_strip ring:R0:4 [vtail] inside the field
  ok   10 nv_strip ring:R0:4 [vtail] flat  (0.26 m of 0.60)
  ok   10 nv_strip ring:R0:4 [vtail] dry
  ok   10 nv_strip ring:R0:4 [vtail] clear of solid things  (Infinity m of 3.00 (nothing))
  ok   10 nv_strip ring:R0:4 [vtail] clear of stock build's routes  (15.70 m of 8.00)
  ok   10 nv_strip ring:R0:4 [vtail] clear of aluminium C172's routes  (15.70 m of 8.50)
  ok   10 nv_strip ring:R0:4 [vtail] clear of the user's Cub's routes  (15.70 m of 8.35)
  ok   10 nv_strip ring:R0:4 [mw5] inside the field
  ok   10 nv_strip ring:R0:4 [mw5] flat  (0.21 m of 0.60)
  ok   10 nv_strip ring:R0:4 [mw5] dry
  ok   10 nv_strip ring:R0:4 [mw5] clear of solid things  (Infinity m of 3.00 (nothing))
  ok   10 nv_strip ring:R0:4 [mw5] clear of stock build's routes  (16.00 m of 8.00)
  ok   10 nv_strip ring:R0:4 [mw5] clear of aluminium C172's routes  (16.00 m of 8.50)
  ok   10 nv_strip ring:R0:4 [mw5] clear of the user's Cub's routes  (16.00 m of 8.35)
  ok   10 nv_strip ring:R0:4 [archaeopteryx] inside the field
  ok   10 nv_strip ring:R0:4 [archaeopteryx] flat  (0.24 m of 0.60)
  ok   10 nv_strip ring:R0:4 [archaeopteryx] dry
  ok   10 nv_strip ring:R0:4 [archaeopteryx] clear of solid things  (Infinity m of 3.00 (nothing))
  ok   10 nv_strip ring:R0:4 [archaeopteryx] clear of stock build's routes  (16.00 m of 8.00)
  ok   10 nv_strip ring:R0:4 [archaeopteryx] clear of aluminium C172's routes  (16.00 m of 8.50)
  ok   10 nv_strip ring:R0:4 [archaeopteryx] clear of the user's Cub's routes  (16.00 m of 8.35)
  ok   10 nv_strip ring:R0:4 [da62] inside the field
  ok   10 nv_strip ring:R0:4 [da62] flat  (0.32 m of 0.60)
  ok   10 nv_strip ring:R0:4 [da62] dry
  ok   10 nv_strip ring:R0:4 [da62] clear of solid things  (Infinity m of 3.00 (nothing))
  ok   10 nv_strip ring:R0:4 [da62] clear of stock build's routes  (15.90 m of 8.00)
  ok   10 nv_strip ring:R0:4 [da62] clear of aluminium C172's routes  (15.90 m of 8.50)
  ok   10 nv_strip ring:R0:4 [da62] clear of the user's Cub's routes  (15.90 m of 8.35)
  ok   10 nv_strip ring:R0:4 [twinBush] inside the field
  ok   10 nv_strip ring:R0:4 [twinBush] flat  (0.43 m of 0.60)
  ok   10 nv_strip ring:R0:4 [twinBush] dry
  ok   10 nv_strip ring:R0:4 [twinBush] clear of solid things  (27.74 m of 3.00 (item nv_grounds/clanhouse))
  ok   10 nv_strip ring:R0:4 [twinBush] clear of stock build's routes  (15.90 m of 8.00)
  ok   10 nv_strip ring:R0:4 [twinBush] clear of aluminium C172's routes  (15.90 m of 8.50)
  ok   10 nv_strip ring:R0:4 [twinBush] clear of the user's Cub's routes  (15.90 m of 8.35)
  ok   10 nv_strip ring:R0:4 [skymaster] inside the field
  ok   10 nv_strip ring:R0:4 [skymaster] flat  (0.25 m of 0.60)
  ok   10 nv_strip ring:R0:4 [skymaster] dry
  ok   10 nv_strip ring:R0:4 [skymaster] clear of solid things  (Infinity m of 3.00 (nothing))
  ok   10 nv_strip ring:R0:4 [skymaster] clear of stock build's routes  (15.70 m of 8.00)
  ok   10 nv_strip ring:R0:4 [skymaster] clear of aluminium C172's routes  (15.70 m of 8.50)
  ok   10 nv_strip ring:R0:4 [skymaster] clear of the user's Cub's routes  (15.70 m of 8.35)
  ok   10 nv_strip ring:R0:4 [p38] inside the field
  ok   10 nv_strip ring:R0:4 [p38] flat  (0.24 m of 0.60)
  ok   10 nv_strip ring:R0:4 [p38] dry
  ok   10 nv_strip ring:R0:4 [p38] clear of solid things  (Infinity m of 3.00 (nothing))
  ok   10 nv_strip ring:R0:4 [p38] clear of stock build's routes  (15.90 m of 8.00)
  ok   10 nv_strip ring:R0:4 [p38] clear of aluminium C172's routes  (15.90 m of 8.50)
  ok   10 nv_strip ring:R0:4 [p38] clear of the user's Cub's routes  (15.90 m of 8.35)
  ok   10 nv_strip ring:R0:4 [beaver] inside the field
  ok   10 nv_strip ring:R0:4 [beaver] flat  (0.32 m of 0.60)
  ok   10 nv_strip ring:R0:4 [beaver] dry
  ok   10 nv_strip ring:R0:4 [beaver] clear of solid things  (Infinity m of 3.00 (nothing))
  ok   10 nv_strip ring:R0:4 [beaver] clear of stock build's routes  (15.60 m of 8.00)
  ok   10 nv_strip ring:R0:4 [beaver] clear of aluminium C172's routes  (15.60 m of 8.50)
  ok   10 nv_strip ring:R0:4 [beaver] clear of the user's Cub's routes  (15.60 m of 8.35)
  ok   10 nv_strip ring:R0:4 [default] inside the field
  ok   10 nv_strip ring:R0:4 [default] flat  (0.31 m of 0.60)
  ok   10 nv_strip ring:R0:4 [default] dry
  ok   10 nv_strip ring:R0:4 [default] clear of solid things  (Infinity m of 3.00 (nothing))
  ok   10 nv_strip ring:R0:4 [default] clear of stock build's routes  (15.00 m of 8.00)
  ok   10 nv_strip ring:R0:4 [default] clear of aluminium C172's routes  (15.00 m of 8.50)
  ok   10 nv_strip ring:R0:4 [default] clear of the user's Cub's routes  (15.00 m of 8.35)
  ok   10 nv_strip apron:34:300 / apron:46:300 [capacity] not overlapping  (2.80 m of 1.50)
  ok   10 nv_strip apron:34:300 / apron:58:300 [capacity] not overlapping  (14.80 m of 1.50)
  ok   10 nv_strip apron:34:300 / apron:70:300 [capacity] not overlapping  (26.80 m of 1.50)
  ok   10 nv_strip apron:34:300 / ring:R0:4 [capacity] not overlapping  (72.57 m of 1.50)
  ok   10 nv_strip apron:46:300 / apron:58:300 [capacity] not overlapping  (2.80 m of 1.50)
  ok   10 nv_strip apron:46:300 / apron:70:300 [capacity] not overlapping  (14.80 m of 1.50)
  ok   10 nv_strip apron:46:300 / ring:R0:4 [capacity] not overlapping  (71.30 m of 1.50)
  ok   10 nv_strip apron:58:300 / apron:70:300 [capacity] not overlapping  (2.80 m of 1.50)
  ok   10 nv_strip apron:58:300 / ring:R0:4 [capacity] not overlapping  (71.30 m of 1.50)
  ok   10 nv_strip apron:70:300 / ring:R0:4 [capacity] not overlapping  (72.51 m of 1.50)
  ok   10 every spot x every archetype footprint that fits: in the field, flat, dry / afloat, clear; no overlap  (12408 rows, 0 failing)
  ok   10 calibration: a box on HOME's stand reads inside its routes' 8.5 m  (-1.50 m)
  ok   10 calibration: a box on the mill reads inside 3 m of a solid thing  (-0.01 m)
  10 the fleet's spots: w2 12 (aaaaaaaaaaar), HOME 12 (saaaaaaaaaaa), w3 12 (aaaaaaaaaaaa), SEA 12 (rrrrrrrrrrrr), mk_sea 12 (rrrrrrrrrrrr), mn_strip 0 (), nv_strip 5 (aaaar), tw_ski 0 (); 12408 rows in 1.4 s
GATE TAXICLEAR: PASS

real	5m26.278s
user	5m39.175s
sys	0m6.370s
