t,heave,pitch,roll,thrust,rpm
0.0167,1.51228,-3.421,-0.000,0.0,NaN
0.0333,1.49470,-3.376,0.000,0.0,NaN
0.0500,1.47653,-3.335,-0.000,0.0,NaN
0.0667,1.45788,-3.349,-0.000,0.0,NaN
0.0833,1.43882,-3.435,0.000,0.0,NaN
0.1000,1.41933,-3.531,-0.000,0.0,NaN
0.1167,1.39938,-3.586,0.000,0.0,NaN
0.1333,1.37896,-3.601,0.000,0.0,NaN
0.1500,1.35808,-3.594,-0.000,0.0,NaN
0.1667,1.33674,-3.624,-0.000,0.0,NaN
0.1833,1.31493,-3.696,-0.000,0.0,NaN
0.2000,1.29271,-3.793,0.000,0.0,NaN
0.2167,1.27007,-3.888,-0.000,0.0,NaN
0.2333,1.24700,-3.971,-0.000,0.0,NaN
0.2500,1.22346,-4.044,0.000,0.0,NaN
0.2667,1.19946,-4.099,-0.000,0.0,NaN
0.2833,1.17509,-4.168,-0.000,0.0,NaN
0.3000,1.15038,-4.285,0.000,0.0,NaN
0.3167,1.12530,-4.486,-0.000,0.0,NaN
0.3333,1.09980,-4.769,-0.000,0.0,NaN
0.3500,1.07383,-5.119,0.000,0.0,NaN
0.3667,1.04738,-5.528,0.000,0.0,NaN
0.3833,1.02040,-6.010,-0.000,0.0,NaN
0.4000,0.99280,-6.592,0.000,0.0,NaN
0.4167,0.96443,-7.292,0.000,0.0,NaN
0.4333,0.93524,-8.119,0.000,0.0,NaN
0.4500,0.90515,-9.077,0.000,0.0,NaN
0.4667,0.87412,-10.169,0.000,0.0,NaN
0.4833,0.84202,-11.392,-0.000,0.0,NaN
0.5000,0.80870,-12.729,-0.000,0.0,NaN
0.5167,0.77403,-14.197,0.000,0.0,NaN
0.5333,0.73783,-15.817,0.000,0.0,NaN
0.5500,0.69997,-17.594,0.000,0.0,NaN
0.5667,0.66151,-19.475,0.011,0.0,NaN
0.5833,0.62616,-21.421,0.063,0.0,NaN
0.6000,0.59569,-23.399,0.095,0.0,NaN
0.6167,0.56870,-25.379,0.042,0.0,NaN
0.6333,0.54393,-27.397,0.007,0.0,NaN
0.6500,0.52034,-29.441,0.020,0.0,NaN
0.6667,0.49657,-31.544,0.010,0.0,NaN
0.6833,0.47185,-33.719,-0.018,0.0,NaN
0.7000,0.44609,-35.944,-0.022,0.0,NaN
0.7167,0.41961,-38.182,-0.024,0.0,NaN
0.7333,0.39258,-40.415,-0.043,0.0,NaN
0.7500,0.36530,-42.648,-0.062,0.0,NaN
0.7667,0.33780,-44.888,-0.069,0.0,NaN
0.7833,0.30976,-47.138,-0.079,0.0,NaN
0.8000,0.28043,-49.389,-0.091,0.0,NaN
0.8167,0.24966,-51.629,-0.101,0.0,NaN
0.8333,0.21780,-53.866,-0.107,0.0,NaN
0.8500,0.18504,-56.095,-0.115,0.0,NaN
0.8667,0.15123,-58.301,-0.127,0.0,NaN
0.8833,0.11626,-60.503,-0.138,0.0,NaN
0.9000,0.08052,-62.709,-0.141,0.0,NaN
0.9167,0.04386,-64.958,-0.146,0.0,NaN
0.9333,0.00681,-67.241,-0.149,0.0,NaN
0.9500,-0.02944,-69.512,-0.150,0.0,NaN
0.9667,-0.06462,-71.751,-0.149,0.0,NaN
0.9833,-0.09929,-73.958,-0.145,0.0,NaN
1.0000,-0.13375,-76.159,-0.141,0.0,NaN
1.0167,-0.16898,-78.414,-0.149,0.0,NaN
1.0333,-0.20322,-80.779,-0.157,0.0,NaN
1.0500,-0.23308,-83.075,-0.144,0.0,NaN
1.0667,-0.25733,-85.074,-0.114,0.0,NaN
1.0833,-0.27552,-86.703,-0.080,0.0,NaN
1.1000,-0.28801,-88.085,-0.038,0.0,NaN
1.1167,-0.29599,-89.380,0.010,0.0,NaN
1.1333,-0.29954,-89.295,0.055,0.0,NaN
1.1500,-0.29847,-87.821,0.082,0.0,NaN
1.1667,-0.29273,-86.333,0.096,0.0,NaN
1.1833,-0.28234,-85.002,0.102,0.0,NaN
1.2000,-0.26744,-83.883,0.099,0.0,NaN
1.2167,-0.24822,-82.915,0.109,0.0,NaN
1.2333,-0.22499,-82.060,0.126,0.0,NaN
1.2500,-0.19862,-81.251,0.148,0.0,NaN
1.2667,-0.17000,-80.387,0.168,0.0,NaN
1.2833,-0.13953,-79.505,0.187,0.0,NaN
1.3000,-0.10760,-78.735,0.204,0.0,NaN
1.3167,-0.07469,-78.162,0.212,0.0,NaN
1.3333,-0.04113,-77.744,0.208,0.0,NaN
1.3500,-0.00782,-77.362,0.195,0.0,NaN
1.3667,0.02404,-76.939,0.175,0.0,NaN
1.3833,0.05359,-76.391,0.138,0.0,NaN
1.4000,0.08058,-75.726,0.097,0.0,NaN
1.4167,0.10499,-75.062,0.064,0.0,NaN
1.4333,0.12692,-74.454,0.023,0.0,NaN
1.4500,0.14649,-73.905,-0.005,0.0,NaN
1.4667,0.16391,-73.385,-0.022,0.0,NaN
1.4833,0.17938,-72.874,-0.037,0.0,NaN
1.5000,0.19305,-72.302,-0.054,0.0,NaN
1.5167,0.20495,-71.643,-0.069,0.0,NaN
1.5333,0.21509,-70.994,-0.084,0.0,NaN
1.5500,0.22350,-70.418,-0.099,0.0,NaN
1.5667,0.23025,-69.906,-0.115,0.0,NaN
1.5833,0.23542,-69.421,-0.123,0.0,NaN
1.6000,0.23906,-68.942,-0.123,0.0,NaN
1.6167,0.24128,-68.408,-0.117,0.0,NaN
1.6333,0.24216,-67.809,-0.101,0.0,NaN
1.6500,0.24167,-67.227,-0.086,0.0,NaN
1.6667,0.23992,-66.699,-0.069,0.0,NaN
1.6833,0.23724,-66.220,-0.057,0.0,NaN
1.7000,0.23404,-65.774,-0.049,0.0,NaN
1.7167,0.23066,-65.345,-0.048,0.0,NaN
1.7333,0.22721,-64.894,-0.042,0.0,NaN
1.7500,0.22373,-64.428,-0.038,0.0,NaN
1.7667,0.22027,-64.010,-0.029,0.0,NaN
1.7833,0.21700,-63.658,-0.013,0.0,NaN
1.8000,0.21413,-63.354,0.004,0.0,NaN
1.8167,0.21183,-63.081,0.019,0.0,NaN
1.8333,0.21014,-62.834,0.035,0.0,NaN
1.8500,0.20896,-62.597,0.047,0.0,NaN
1.8667,0.20821,-62.379,0.054,0.0,NaN
1.8833,0.20783,-62.206,0.054,0.0,NaN
1.9000,0.20782,-62.077,0.049,0.0,NaN
1.9167,0.20818,-61.978,0.040,0.0,NaN
1.9333,0.20888,-61.910,0.028,0.0,NaN
1.9500,0.20982,-61.869,0.013,0.0,NaN
1.9667,0.21093,-61.837,-0.001,0.0,NaN
1.9833,0.21211,-61.819,-0.014,0.0,NaN
2.0000,0.21327,-61.832,-0.024,0.0,NaN
2.0167,0.21435,-61.877,-0.031,0.0,NaN
2.0333,0.21530,-61.943,-0.033,0.0,NaN
2.0500,0.21610,-62.029,-0.030,0.0,NaN
2.0667,0.21671,-62.128,-0.023,0.0,NaN
2.0833,0.21707,-62.234,-0.014,0.0,NaN
2.1000,0.21710,-62.354,-0.002,0.0,NaN
2.1167,0.21679,-62.499,0.010,0.0,NaN
2.1333,0.21612,-62.663,0.019,0.0,NaN
2.1500,0.21511,-62.843,0.024,0.0,NaN
2.1667,0.21377,-63.037,0.026,0.0,NaN
2.1833,0.21208,-63.242,0.023,0.0,NaN
2.2000,0.21004,-63.456,0.017,0.0,NaN
2.2167,0.20765,-63.688,0.009,0.0,NaN
2.2333,0.20494,-63.939,0.000,0.0,NaN
2.2500,0.20191,-64.206,-0.008,0.0,NaN
2.2667,0.19862,-64.489,-0.014,0.0,NaN
2.2833,0.19507,-64.787,-0.017,0.0,NaN
2.3000,0.19130,-65.094,-0.017,0.0,NaN
2.3167,0.18730,-65.417,-0.015,0.0,NaN
2.3333,0.18311,-65.756,-0.011,0.0,NaN
2.3500,0.17873,-66.113,-0.005,0.0,NaN
2.3667,0.17421,-66.487,-0.000,0.0,NaN
2.3833,0.16956,-66.875,0.004,0.0,NaN
2.4000,0.16479,-67.276,0.007,0.0,NaN
2.4167,0.15992,-67.690,0.009,0.0,NaN
2.4333,0.15495,-68.119,0.009,0.0,NaN
2.4500,0.14988,-68.564,0.008,0.0,NaN
2.4667,0.14473,-69.023,0.006,0.0,NaN
2.4833,0.13950,-69.497,0.003,0.0,NaN
2.5000,0.13421,-69.982,0.000,0.0,NaN
2.5167,0.12884,-70.478,-0.002,0.0,NaN
2.5333,0.12342,-70.986,-0.004,0.0,NaN
2.5500,0.11796,-71.505,-0.004,0.0,NaN
2.5667,0.11247,-72.034,-0.004,0.0,NaN
2.5833,0.10699,-72.573,-0.004,0.0,NaN
2.6000,0.10152,-73.121,-0.002,0.0,NaN
2.6167,0.09608,-73.674,-0.000,0.0,NaN
2.6333,0.09067,-74.232,0.001,0.0,NaN
2.6500,0.08527,-74.795,0.002,0.0,NaN
2.6667,0.07990,-75.362,0.002,0.0,NaN
2.6833,0.07456,-75.932,0.002,0.0,NaN
2.7000,0.06923,-76.504,0.001,0.0,NaN
2.7167,0.06390,-77.076,-0.001,0.0,NaN
2.7333,0.05855,-77.648,-0.001,0.0,NaN
2.7500,0.05316,-78.219,-0.002,0.0,NaN
2.7667,0.04769,-78.789,-0.002,0.0,NaN
2.7833,0.04211,-79.357,-0.002,0.0,NaN
2.8000,0.03640,-79.924,-0.001,0.0,NaN
2.8167,0.03056,-80.489,0.000,0.0,NaN
2.8333,0.02457,-81.052,0.001,0.0,NaN
2.8500,0.01845,-81.614,0.003,0.0,NaN
2.8667,0.01220,-82.173,0.004,0.0,NaN
2.8833,0.00581,-82.732,0.004,0.0,NaN
2.9000,-0.00069,-83.289,0.004,0.0,NaN
2.9167,-0.00731,-83.846,0.003,0.0,NaN
2.9333,-0.01403,-84.402,0.002,0.0,NaN
2.9500,-0.02086,-84.958,0.000,0.0,NaN
2.9667,-0.02779,-85.515,-0.001,0.0,NaN
2.9833,-0.03481,-86.072,-0.002,0.0,NaN
3.0000,-0.04190,-86.631,-0.003,0.0,NaN
3.0167,-0.04906,-87.191,-0.003,0.0,NaN
3.0333,-0.05629,-87.754,-0.003,0.0,NaN
3.0500,-0.06357,-88.320,-0.002,0.0,NaN
3.0667,-0.07090,-88.888,-0.001,0.0,NaN
3.0833,-0.07825,-89.459,0.000,0.0,NaN
3.1000,-0.08560,-89.967,0.002,0.0,NaN
3.1167,-0.09288,-89.389,0.003,0.0,NaN
3.1333,-0.10004,-88.810,0.004,0.0,NaN
3.1500,-0.10701,-88.228,0.005,0.0,NaN
3.1667,-0.11374,-87.646,0.005,0.0,NaN
3.1833,-0.12018,-87.064,0.004,0.0,NaN
3.2000,-0.12631,-86.483,0.003,0.0,NaN
3.2167,-0.13210,-85.904,0.002,0.0,NaN
3.2333,-0.13755,-85.326,0.000,0.0,NaN
3.2500,-0.14267,-84.751,-0.001,0.0,NaN
3.2667,-0.14748,-84.180,-0.001,0.0,NaN
3.2833,-0.15201,-83.614,-0.002,0.0,NaN
3.3000,-0.15632,-83.052,-0.002,0.0,NaN
3.3167,-0.16044,-82.497,-0.001,0.0,NaN
3.3333,-0.16443,-81.947,-0.000,0.0,NaN
3.3500,-0.16834,-81.404,0.001,0.0,NaN
3.3667,-0.17218,-80.867,0.002,0.0,NaN
3.3833,-0.17597,-80.337,0.003,0.0,NaN
3.4000,-0.17975,-79.814,0.004,0.0,NaN
3.4167,-0.18351,-79.298,0.005,0.0,NaN
3.4333,-0.18729,-78.790,0.005,0.0,NaN
3.4500,-0.19108,-78.288,0.005,0.0,NaN
3.4667,-0.19490,-77.793,0.004,0.0,NaN
3.4833,-0.19873,-77.305,0.003,0.0,NaN
3.5000,-0.20259,-76.824,0.002,0.0,NaN
3.5167,-0.20646,-76.349,0.001,0.0,NaN
3.5333,-0.21036,-75.880,0.001,0.0,NaN
3.5500,-0.21428,-75.417,0.000,0.0,NaN
3.5667,-0.21823,-74.960,0.000,0.0,NaN
3.5833,-0.22221,-74.508,0.000,0.0,NaN
3.6000,-0.22624,-74.062,0.001,0.0,NaN
3.6167,-0.23032,-73.620,0.001,0.0,NaN
3.6333,-0.23444,-73.184,0.002,0.0,NaN
3.6500,-0.23861,-72.752,0.003,0.0,NaN
3.6667,-0.24284,-72.324,0.004,0.0,NaN
3.6833,-0.24714,-71.900,0.005,0.0,NaN
3.7000,-0.25149,-71.478,0.005,0.0,NaN
3.7167,-0.25591,-71.060,0.006,0.0,NaN
3.7333,-0.26038,-70.644,0.006,0.0,NaN
3.7500,-0.26491,-70.231,0.006,0.0,NaN
3.7667,-0.26949,-69.820,0.006,0.0,NaN
3.7833,-0.27411,-69.411,0.005,0.0,NaN
3.8000,-0.27877,-69.004,0.005,0.0,NaN
3.8167,-0.28347,-68.598,0.004,0.0,NaN
3.8333,-0.28817,-68.193,0.004,0.0,NaN
3.8500,-0.29284,-67.790,0.003,0.0,NaN
3.8667,-0.29742,-67.389,0.003,0.0,NaN
3.8833,-0.30185,-66.993,0.003,0.0,NaN
3.9000,-0.30610,-66.600,0.003,0.0,NaN
3.9167,-0.31012,-66.214,0.003,0.0,NaN
3.9333,-0.31386,-65.832,0.003,0.0,NaN
3.9500,-0.31730,-65.458,0.003,0.0,NaN
3.9667,-0.32040,-65.089,0.004,0.0,NaN
3.9833,-0.32317,-64.728,0.004,0.0,NaN
4.0000,-0.32559,-64.375,0.004,0.0,NaN
4.0167,-0.32766,-64.030,0.004,0.0,NaN
4.0333,-0.32937,-63.694,0.005,0.0,NaN
4.0500,-0.33076,-63.368,0.005,0.0,NaN
4.0667,-0.33183,-63.050,0.005,0.0,NaN
4.0833,-0.33260,-62.741,0.005,0.0,NaN
4.1000,-0.33308,-62.441,0.004,0.0,NaN
4.1167,-0.33329,-62.151,0.004,0.0,NaN
4.1333,-0.33323,-61.870,0.004,0.0,NaN
4.1500,-0.33292,-61.599,0.003,0.0,NaN
4.1667,-0.33238,-61.337,0.003,0.0,NaN
4.1833,-0.33162,-61.083,0.003,0.0,NaN
4.2000,-0.33064,-60.838,0.003,0.0,NaN
4.2167,-0.32944,-60.601,0.003,0.0,NaN
4.2333,-0.32803,-60.372,0.003,0.0,NaN
4.2500,-0.32641,-60.151,0.003,0.0,NaN
4.2667,-0.32459,-59.938,0.003,0.0,NaN
4.2833,-0.32258,-59.732,0.004,0.0,NaN
4.3000,-0.32039,-59.532,0.004,0.0,NaN
4.3167,-0.31802,-59.339,0.005,0.0,NaN
4.3333,-0.31549,-59.152,0.005,0.0,NaN
4.3500,-0.31281,-58.971,0.006,0.0,NaN
4.3667,-0.31001,-58.796,0.006,0.0,NaN
4.3833,-0.30709,-58.627,0.006,0.0,NaN
4.4000,-0.30407,-58.464,0.006,0.0,NaN
4.4167,-0.30098,-58.305,0.006,0.0,NaN
4.4333,-0.29782,-58.152,0.006,0.0,NaN
4.4500,-0.29463,-58.003,0.005,0.0,NaN
4.4667,-0.29141,-57.859,0.005,0.0,NaN
4.4833,-0.28818,-57.719,0.004,0.0,NaN
4.5000,-0.28497,-57.584,0.004,0.0,NaN
4.5167,-0.28180,-57.452,0.004,0.0,NaN
4.5333,-0.27868,-57.324,0.004,0.0,NaN
4.5500,-0.27563,-57.199,0.004,0.0,NaN
4.5667,-0.27266,-57.077,0.005,0.0,NaN
4.5833,-0.26980,-56.959,0.005,0.0,NaN
4.6000,-0.26706,-56.843,0.006,0.0,NaN
4.6167,-0.26445,-56.730,0.006,0.0,NaN
4.6333,-0.26198,-56.620,0.007,0.0,NaN
4.6500,-0.25967,-56.512,0.008,0.0,NaN
4.6667,-0.25752,-56.407,0.008,0.0,NaN
4.6833,-0.25554,-56.304,0.008,0.0,NaN
4.7000,-0.25374,-56.203,0.008,0.0,NaN
4.7167,-0.25212,-56.105,0.008,0.0,NaN
4.7333,-0.25068,-56.009,0.008,0.0,NaN
4.7500,-0.24944,-55.916,0.008,0.0,NaN
4.7667,-0.24838,-55.825,0.007,0.0,NaN
4.7833,-0.24752,-55.736,0.007,0.0,NaN
4.8000,-0.24685,-55.650,0.007,0.0,NaN
4.8167,-0.24636,-55.566,0.007,0.0,NaN
4.8333,-0.24606,-55.486,0.007,0.0,NaN
4.8500,-0.24595,-55.408,0.007,0.0,NaN
4.8667,-0.24601,-55.333,0.008,0.0,NaN
4.8833,-0.24625,-55.261,0.008,0.0,NaN
4.9000,-0.24666,-55.192,0.009,0.0,NaN
4.9167,-0.24723,-55.127,0.009,0.0,NaN
4.9333,-0.24797,-55.065,0.010,0.0,NaN
4.9500,-0.24885,-55.006,0.011,0.0,NaN
4.9667,-0.24989,-54.952,0.011,0.0,NaN
4.9833,-0.25107,-54.901,0.011,0.0,NaN
5.0000,-0.25239,-54.854,0.011,0.0,NaN
5.0167,-0.25384,-54.811,0.012,0.0,NaN
5.0333,-0.25542,-54.772,0.012,0.0,NaN
5.0500,-0.25713,-54.738,0.011,0.0,NaN
5.0667,-0.25896,-54.708,0.011,0.0,NaN
5.0833,-0.26091,-54.683,0.011,0.0,NaN
5.1000,-0.26298,-54.662,0.011,0.0,NaN
5.1167,-0.26517,-54.646,0.011,0.0,NaN
5.1333,-0.26747,-54.634,0.011,0.0,NaN
5.1500,-0.26989,-54.627,0.011,0.0,NaN
5.1667,-0.27243,-54.625,0.012,0.0,NaN
5.1833,-0.27510,-54.627,0.012,0.0,NaN
5.2000,-0.27789,-54.635,0.013,0.0,NaN
5.2167,-0.28082,-54.647,0.013,0.0,NaN
5.2333,-0.28390,-54.663,0.014,0.0,NaN
5.2500,-0.28712,-54.684,0.014,0.0,NaN
5.2667,-0.29052,-54.709,0.015,0.0,NaN
5.2833,-0.29409,-54.739,0.015,0.0,NaN
5.3000,-0.29784,-54.773,0.016,0.0,NaN
5.3167,-0.30179,-54.811,0.016,0.0,NaN
5.3333,-0.30593,-54.853,0.016,0.0,NaN
5.3500,-0.31027,-54.900,0.016,0.0,NaN
5.3667,-0.31482,-54.950,0.016,0.0,NaN
5.3833,-0.31958,-55.005,0.016,0.0,NaN
5.4000,-0.32455,-55.064,0.016,0.0,NaN
5.4167,-0.32975,-55.128,0.017,0.0,NaN
5.4333,-0.33517,-55.195,0.017,0.0,NaN
5.4500,-0.34082,-55.267,0.017,0.0,NaN
5.4667,-0.34671,-55.343,0.017,0.0,NaN
5.4833,-0.35282,-55.423,0.017,0.0,NaN
5.5000,-0.35914,-55.507,0.018,0.0,NaN
5.5167,-0.36562,-55.594,0.018,0.0,NaN
5.5333,-0.37220,-55.685,0.018,0.0,NaN
5.5500,-0.37882,-55.778,0.019,0.0,NaN
5.5667,-0.38535,-55.872,0.019,0.0,NaN
5.5833,-0.39169,-55.967,0.020,0.0,NaN
5.6000,-0.39778,-56.061,0.020,0.0,NaN
5.6167,-0.40349,-56.153,0.019,0.0,NaN
5.6333,-0.40877,-56.242,0.018,0.0,NaN
5.6500,-0.41355,-56.328,0.016,0.0,NaN
5.6667,-0.41775,-56.408,0.014,0.0,NaN
5.6833,-0.42135,-56.484,0.012,0.0,NaN
5.7000,-0.42433,-56.554,0.009,0.0,NaN
5.7167,-0.42665,-56.620,0.005,0.0,NaN
5.7333,-0.42833,-56.681,0.002,0.0,NaN
5.7500,-0.42939,-56.736,-0.000,0.0,NaN
5.7667,-0.42985,-56.788,-0.003,0.0,NaN
5.7833,-0.42975,-56.835,-0.005,0.0,NaN
5.8000,-0.42916,-56.878,-0.006,0.0,NaN
5.8167,-0.42813,-56.919,-0.007,0.0,NaN
5.8333,-0.42674,-56.957,-0.007,0.0,NaN
5.8500,-0.42505,-56.994,-0.007,0.0,NaN
5.8667,-0.42312,-57.030,-0.006,0.0,NaN
5.8833,-0.42102,-57.065,-0.005,0.0,NaN
5.9000,-0.41882,-57.100,-0.004,0.0,NaN
5.9167,-0.41657,-57.137,-0.004,0.0,NaN
5.9333,-0.41432,-57.174,-0.003,0.0,NaN
5.9500,-0.41210,-57.213,-0.002,0.0,NaN
5.9667,-0.40994,-57.254,-0.002,0.0,NaN
5.9833,-0.40788,-57.296,-0.002,0.0,NaN
6.0000,-0.40593,-57.341,-0.003,0.0,NaN
6.0167,-0.40413,-57.388,-0.003,0.0,NaN
6.0333,-0.40247,-57.438,-0.004,0.0,NaN
6.0500,-0.40099,-57.489,-0.005,0.0,NaN
6.0667,-0.39967,-57.543,-0.005,0.0,NaN
6.0833,-0.39854,-57.599,-0.005,0.0,NaN
6.1000,-0.39757,-57.658,-0.004,0.0,NaN
6.1167,-0.39678,-57.718,-0.004,0.0,NaN
6.1333,-0.39616,-57.780,-0.003,0.0,NaN
6.1500,-0.39570,-57.844,-0.002,0.0,NaN
6.1667,-0.39539,-57.909,-0.001,0.0,NaN
6.1833,-0.39523,-57.976,-0.000,0.0,NaN
6.2000,-0.39519,-58.044,0.000,0.0,NaN
6.2167,-0.39528,-58.112,0.000,0.0,NaN
6.2333,-0.39547,-58.182,0.000,0.0,NaN
6.2500,-0.39574,-58.251,0.000,0.0,NaN
6.2667,-0.39609,-58.321,0.000,0.0,NaN
6.2833,-0.39650,-58.391,-0.000,0.0,NaN
6.3000,-0.39696,-58.461,-0.001,0.0,NaN
6.3167,-0.39745,-58.531,-0.001,0.0,NaN
6.3333,-0.39795,-58.600,-0.001,0.0,NaN
6.3500,-0.39846,-58.668,-0.001,0.0,NaN
6.3667,-0.39895,-58.735,-0.001,0.0,NaN
6.3833,-0.39941,-58.801,-0.001,0.0,NaN
6.4000,-0.39984,-58.866,-0.000,0.0,NaN
6.4167,-0.40022,-58.929,0.000,0.0,NaN
6.4333,-0.40054,-58.990,0.001,0.0,NaN
6.4500,-0.40081,-59.050,0.001,0.0,NaN
6.4667,-0.40101,-59.108,0.001,0.0,NaN
6.4833,-0.40115,-59.164,0.001,0.0,NaN
6.5000,-0.40123,-59.219,0.001,0.0,NaN
6.5167,-0.40125,-59.271,0.001,0.0,NaN
6.5333,-0.40121,-59.322,0.001,0.0,NaN
6.5500,-0.40111,-59.371,0.000,0.0,NaN
6.5667,-0.40097,-59.418,0.000,0.0,NaN
6.5833,-0.40079,-59.463,0.000,0.0,NaN
6.6000,-0.40057,-59.507,0.000,0.0,NaN
6.6167,-0.40033,-59.549,0.000,0.0,NaN
6.6333,-0.40007,-59.589,0.000,0.0,NaN
6.6500,-0.39979,-59.628,0.000,0.0,NaN
6.6667,-0.39950,-59.666,0.000,0.0,NaN
6.6833,-0.39922,-59.701,0.000,0.0,NaN
6.7000,-0.39894,-59.736,0.000,0.0,NaN
6.7167,-0.39867,-59.769,-0.000,0.0,NaN
6.7333,-0.39842,-59.801,-0.000,0.0,NaN
6.7500,-0.39819,-59.831,-0.000,0.0,NaN
6.7667,-0.39798,-59.860,-0.000,0.0,NaN
6.7833,-0.39781,-59.887,-0.000,0.0,NaN
6.8000,-0.39766,-59.913,-0.000,0.0,NaN
6.8167,-0.39754,-59.938,-0.000,0.0,NaN
6.8333,-0.39746,-59.961,-0.000,0.0,NaN
6.8500,-0.39741,-59.983,0.000,0.0,NaN
6.8667,-0.39740,-60.003,0.000,0.0,NaN
6.8833,-0.39742,-60.021,0.000,0.0,NaN
6.9000,-0.39748,-60.038,0.001,0.0,NaN
6.9167,-0.39757,-60.054,0.001,0.0,NaN
6.9333,-0.39769,-60.067,0.001,0.0,NaN
6.9500,-0.39784,-60.079,0.001,0.0,NaN
6.9667,-0.39802,-60.089,0.000,0.0,NaN
6.9833,-0.39822,-60.097,0.000,0.0,NaN
7.0000,-0.39845,-60.103,-0.000,0.0,NaN
7.0167,-0.39870,-60.108,-0.000,0.0,NaN
7.0333,-0.39897,-60.110,-0.001,0.0,NaN
7.0500,-0.39925,-60.110,-0.001,0.0,NaN
7.0667,-0.39956,-60.108,-0.001,0.0,NaN
7.0833,-0.39988,-60.104,-0.001,0.0,NaN
7.1000,-0.40022,-60.098,-0.000,0.0,NaN
7.1167,-0.40057,-60.089,-0.000,0.0,NaN
7.1333,-0.40093,-60.079,0.000,0.0,NaN
7.1500,-0.40130,-60.066,0.001,0.0,NaN
7.1667,-0.40169,-60.050,0.001,0.0,NaN
7.1833,-0.40209,-60.032,0.001,0.0,NaN
7.2000,-0.40250,-60.012,0.001,0.0,NaN
7.2167,-0.40292,-59.990,0.001,0.0,NaN
7.2333,-0.40335,-59.965,0.001,0.0,NaN
7.2500,-0.40379,-59.938,0.001,0.0,NaN
7.2667,-0.40425,-59.908,0.000,0.0,NaN
7.2833,-0.40472,-59.876,-0.000,0.0,NaN
7.3000,-0.40521,-59.842,-0.000,0.0,NaN
7.3167,-0.40571,-59.805,-0.000,0.0,NaN
7.3333,-0.40623,-59.766,-0.001,0.0,NaN
7.3500,-0.40676,-59.724,-0.001,0.0,NaN
7.3667,-0.40732,-59.680,-0.000,0.0,NaN
7.3833,-0.40789,-59.634,-0.000,0.0,NaN
7.4000,-0.40848,-59.585,-0.000,0.0,NaN
7.4167,-0.40909,-59.533,0.000,0.0,NaN
7.4333,-0.40972,-59.480,0.000,0.0,NaN
7.4500,-0.41037,-59.423,0.001,0.0,NaN
7.4667,-0.41104,-59.365,0.001,0.0,NaN
7.4833,-0.41173,-59.304,0.001,0.0,NaN
7.5000,-0.41245,-59.240,0.001,0.0,NaN
7.5167,-0.41319,-59.174,0.001,0.0,NaN
7.5333,-0.41395,-59.106,0.001,0.0,NaN
7.5500,-0.41473,-59.035,0.000,0.0,NaN
7.5667,-0.41553,-58.961,0.000,0.0,NaN
7.5833,-0.41636,-58.885,0.000,0.0,NaN
7.6000,-0.41720,-58.807,-0.000,0.0,NaN
7.6167,-0.41807,-58.726,-0.000,0.0,NaN
7.6333,-0.41896,-58.643,-0.000,0.0,NaN
7.6500,-0.41987,-58.557,-0.000,0.0,NaN
7.6667,-0.42080,-58.469,-0.000,0.0,NaN
7.6833,-0.42175,-58.378,-0.000,0.0,NaN
7.7000,-0.42272,-58.285,0.000,0.0,NaN
7.7167,-0.42371,-58.190,0.000,0.0,NaN
7.7333,-0.42471,-58.092,0.000,0.0,NaN
7.7500,-0.42572,-57.991,0.000,0.0,NaN
7.7667,-0.42674,-57.889,0.001,0.0,NaN
7.7833,-0.42778,-57.784,0.001,0.0,NaN
7.8000,-0.42882,-57.676,0.001,0.0,NaN
7.8167,-0.42986,-57.567,0.001,0.0,NaN
7.8333,-0.43091,-57.456,0.001,0.0,NaN
7.8500,-0.43196,-57.342,0.000,0.0,NaN
7.8667,-0.43300,-57.227,0.000,0.0,NaN
7.8833,-0.43405,-57.109,0.000,0.0,NaN
7.9000,-0.43509,-56.990,0.000,0.0,NaN
7.9167,-0.43612,-56.869,0.000,0.0,NaN
7.9333,-0.43715,-56.747,0.000,0.0,NaN
7.9500,-0.43817,-56.623,-0.000,0.0,NaN
7.9667,-0.43918,-56.497,-0.000,0.0,NaN
7.9833,-0.44017,-56.371,-0.000,0.0,NaN
8.0000,-0.44116,-56.243,-0.000,0.0,NaN
8.0167,-0.44214,-56.114,0.000,0.0,NaN
8.0333,-0.44310,-55.985,0.000,0.0,NaN
8.0500,-0.44405,-55.855,0.000,0.0,NaN
8.0667,-0.44499,-55.724,0.000,0.0,NaN
8.0833,-0.44592,-55.592,0.001,0.0,NaN
8.1000,-0.44683,-55.461,0.001,0.0,NaN
8.1167,-0.44773,-55.329,0.001,0.0,NaN
8.1333,-0.44862,-55.197,0.001,0.0,NaN
8.1500,-0.44950,-55.065,0.001,0.0,NaN
8.1667,-0.45037,-54.934,0.001,0.0,NaN
8.1833,-0.45122,-54.802,0.000,0.0,NaN
8.2000,-0.45206,-54.671,0.000,0.0,NaN
8.2167,-0.45289,-54.541,0.000,0.0,NaN
8.2333,-0.45371,-54.412,0.000,0.0,NaN
8.2500,-0.45452,-54.283,0.000,0.0,NaN
8.2667,-0.45532,-54.156,-0.000,0.0,NaN
8.2833,-0.45610,-54.029,-0.000,0.0,NaN
8.3000,-0.45688,-53.904,-0.000,0.0,NaN
8.3167,-0.45764,-53.780,-0.000,0.0,NaN
8.3333,-0.45839,-53.657,0.000,0.0,NaN
8.3500,-0.45912,-53.536,0.000,0.0,NaN
8.3667,-0.45985,-53.417,0.000,0.0,NaN
8.3833,-0.46056,-53.300,0.000,0.0,NaN
8.4000,-0.46126,-53.184,0.001,0.0,NaN
8.4167,-0.46195,-53.070,0.001,0.0,NaN
8.4333,-0.46262,-52.958,0.001,0.0,NaN
8.4500,-0.46329,-52.849,0.001,0.0,NaN
8.4667,-0.46393,-52.741,0.001,0.0,NaN
8.4833,-0.46457,-52.636,0.001,0.0,NaN
8.5000,-0.46519,-52.533,0.000,0.0,NaN
8.5167,-0.46580,-52.432,0.000,0.0,NaN
8.5333,-0.46639,-52.334,0.000,0.0,NaN
8.5500,-0.46697,-52.238,0.000,0.0,NaN
8.5667,-0.46754,-52.145,-0.000,0.0,NaN
8.5833,-0.46809,-52.055,-0.000,0.0,NaN
8.6000,-0.46863,-51.967,-0.000,0.0,NaN
8.6167,-0.46915,-51.881,-0.000,0.0,NaN
8.6333,-0.46966,-51.799,0.000,0.0,NaN
8.6500,-0.47016,-51.719,0.000,0.0,NaN
8.6667,-0.47064,-51.642,0.000,0.0,NaN
8.6833,-0.47110,-51.568,0.000,0.0,NaN
8.7000,-0.47154,-51.497,0.000,0.0,NaN
8.7167,-0.47196,-51.429,0.001,0.0,NaN
8.7333,-0.47236,-51.364,0.001,0.0,NaN
8.7500,-0.47273,-51.302,0.001,0.0,NaN
8.7667,-0.47309,-51.243,0.001,0.0,NaN
8.7833,-0.47341,-51.188,0.000,0.0,NaN
8.8000,-0.47372,-51.136,0.000,0.0,NaN
8.8167,-0.47400,-51.087,0.000,0.0,NaN
8.8333,-0.47425,-51.042,0.000,0.0,NaN
8.8500,-0.47448,-51.000,0.000,0.0,NaN
8.8667,-0.47469,-50.961,-0.000,0.0,NaN
8.8833,-0.47489,-50.926,-0.000,0.0,NaN
8.9000,-0.47506,-50.895,-0.000,0.0,NaN
8.9167,-0.47521,-50.867,-0.000,0.0,NaN
8.9333,-0.47535,-50.842,-0.000,0.0,NaN
8.9500,-0.47548,-50.821,-0.000,0.0,NaN
8.9667,-0.47559,-50.804,0.000,0.0,NaN
8.9833,-0.47570,-50.790,0.000,0.0,NaN
9.0000,-0.47579,-50.779,0.000,0.0,NaN
9.0167,-0.47588,-50.772,0.000,0.0,NaN
9.0333,-0.47596,-50.768,0.000,0.0,NaN
9.0500,-0.47604,-50.767,0.000,0.0,NaN
9.0667,-0.47611,-50.769,0.000,0.0,NaN
9.0833,-0.47619,-50.774,0.000,0.0,NaN
9.1000,-0.47626,-50.783,0.000,0.0,NaN
9.1167,-0.47632,-50.794,0.000,0.0,NaN
9.1333,-0.47639,-50.808,0.000,0.0,NaN
9.1500,-0.47646,-50.825,0.000,0.0,NaN
9.1667,-0.47652,-50.844,-0.000,0.0,NaN
9.1833,-0.47659,-50.866,-0.000,0.0,NaN
9.2000,-0.47665,-50.890,-0.000,0.0,NaN
9.2167,-0.47671,-50.916,-0.000,0.0,NaN
9.2333,-0.47677,-50.945,-0.000,0.0,NaN
9.2500,-0.47683,-50.975,-0.000,0.0,NaN
9.2667,-0.47688,-51.007,-0.000,0.0,NaN
9.2833,-0.47693,-51.041,0.000,0.0,NaN
9.3000,-0.47698,-51.077,0.000,0.0,NaN
9.3167,-0.47702,-51.114,0.000,0.0,NaN
9.3333,-0.47705,-51.153,0.000,0.0,NaN
9.3500,-0.47708,-51.192,0.000,0.0,NaN
9.3667,-0.47710,-51.233,0.000,0.0,NaN
9.3833,-0.47711,-51.275,0.000,0.0,NaN
9.4000,-0.47712,-51.317,0.000,0.0,NaN
9.4167,-0.47712,-51.360,0.000,0.0,NaN
9.4333,-0.47711,-51.404,0.000,0.0,NaN
9.4500,-0.47709,-51.448,0.000,0.0,NaN
9.4667,-0.47706,-51.493,0.000,0.0,NaN
9.4833,-0.47703,-51.538,-0.000,0.0,NaN
9.5000,-0.47699,-51.583,-0.000,0.0,NaN
9.5167,-0.47694,-51.628,-0.000,0.0,NaN
9.5333,-0.47689,-51.673,-0.000,0.0,NaN
9.5500,-0.47683,-51.717,-0.000,0.0,NaN
9.5667,-0.47676,-51.762,-0.000,0.0,NaN
9.5833,-0.47669,-51.806,-0.000,0.0,NaN
9.6000,-0.47662,-51.850,0.000,0.0,NaN
9.6167,-0.47654,-51.893,0.000,0.0,NaN
9.6333,-0.47647,-51.935,0.000,0.0,NaN
9.6500,-0.47639,-51.977,0.000,0.0,NaN
9.6667,-0.47631,-52.018,0.000,0.0,NaN
9.6833,-0.47623,-52.059,0.000,0.0,NaN
9.7000,-0.47615,-52.098,0.000,0.0,NaN
9.7167,-0.47608,-52.137,0.000,0.0,NaN
9.7333,-0.47600,-52.175,0.000,0.0,NaN
9.7500,-0.47593,-52.211,0.000,0.0,NaN
9.7667,-0.47587,-52.247,0.000,0.0,NaN
9.7833,-0.47580,-52.281,0.000,0.0,NaN
9.8000,-0.47575,-52.315,-0.000,0.0,NaN
9.8167,-0.47569,-52.347,-0.000,0.0,NaN
9.8333,-0.47564,-52.378,-0.000,0.0,NaN
9.8500,-0.47560,-52.408,-0.000,0.0,NaN
9.8667,-0.47556,-52.436,-0.000,0.0,NaN
9.8833,-0.47553,-52.463,-0.000,0.0,NaN
9.9000,-0.47551,-52.489,0.000,0.0,NaN
9.9167,-0.47550,-52.514,0.000,0.0,NaN
9.9333,-0.47549,-52.537,0.000,0.0,NaN
9.9500,-0.47549,-52.558,0.000,0.0,NaN
9.9667,-0.47549,-52.579,0.000,0.0,NaN
9.9833,-0.47551,-52.597,0.000,0.0,NaN
10.0000,-0.47553,-52.615,0.000,0.0,NaN
10.0167,-0.47557,-52.630,0.000,0.0,NaN
10.0333,-0.47561,-52.645,0.000,0.0,NaN
10.0500,-0.47566,-52.657,0.000,0.0,NaN
10.0667,-0.47571,-52.669,0.000,0.0,NaN
10.0833,-0.47578,-52.678,0.000,0.0,NaN
10.1000,-0.47585,-52.687,0.000,0.0,NaN
10.1167,-0.47593,-52.693,-0.000,0.0,NaN
10.1333,-0.47602,-52.698,-0.000,0.0,NaN
10.1500,-0.47611,-52.702,-0.000,0.0,NaN
10.1667,-0.47622,-52.704,-0.000,0.0,NaN
10.1833,-0.47633,-52.704,-0.000,0.0,NaN
10.2000,-0.47644,-52.703,-0.000,0.0,NaN
10.2167,-0.47657,-52.701,0.000,0.0,NaN
10.2333,-0.47670,-52.696,0.000,0.0,NaN
10.2500,-0.47684,-52.691,0.000,0.0,NaN
10.2667,-0.47699,-52.684,0.000,0.0,NaN
10.2833,-0.47714,-52.675,0.000,0.0,NaN
10.3000,-0.47730,-52.665,0.000,0.0,NaN
10.3167,-0.47747,-52.654,0.000,0.0,NaN
10.3333,-0.47764,-52.641,0.000,0.0,NaN
10.3500,-0.47782,-52.627,0.000,0.0,NaN
10.3667,-0.47800,-52.612,0.000,0.0,NaN
10.3833,-0.47819,-52.595,0.000,0.0,NaN
10.4000,-0.47839,-52.577,0.000,0.0,NaN
10.4167,-0.47859,-52.557,0.000,0.0,NaN
10.4333,-0.47880,-52.537,0.000,0.0,NaN
10.4500,-0.47902,-52.515,-0.000,0.0,NaN
10.4667,-0.47924,-52.492,-0.000,0.0,NaN
10.4833,-0.47947,-52.468,-0.000,0.0,NaN
10.5000,-0.47970,-52.443,-0.000,0.0,NaN
10.5167,-0.47993,-52.417,0.000,0.0,NaN
10.5333,-0.48017,-52.389,0.000,0.0,NaN
10.5500,-0.48042,-52.361,0.000,0.0,NaN
10.5667,-0.48066,-52.332,0.000,0.0,NaN
10.5833,-0.48091,-52.302,0.000,0.0,NaN
10.6000,-0.48117,-52.272,0.000,0.0,NaN
10.6167,-0.48142,-52.240,0.000,0.0,NaN
10.6333,-0.48167,-52.208,0.000,0.0,NaN
10.6500,-0.48193,-52.175,0.000,0.0,NaN
10.6667,-0.48218,-52.142,0.000,0.0,NaN
10.6833,-0.48243,-52.108,0.000,0.0,NaN
10.7000,-0.48268,-52.074,0.000,0.0,NaN
10.7167,-0.48293,-52.040,0.000,0.0,NaN
10.7333,-0.48318,-52.005,0.000,0.0,NaN
10.7500,-0.48343,-51.970,0.000,0.0,NaN
10.7667,-0.48367,-51.935,-0.000,0.0,NaN
10.7833,-0.48390,-51.900,-0.000,0.0,NaN
10.8000,-0.48414,-51.865,-0.000,0.0,NaN
10.8167,-0.48437,-51.830,0.000,0.0,NaN
10.8333,-0.48459,-51.795,0.000,0.0,NaN
10.8500,-0.48481,-51.760,0.000,0.0,NaN
10.8667,-0.48503,-51.726,0.000,0.0,NaN
10.8833,-0.48524,-51.692,0.000,0.0,NaN
10.9000,-0.48544,-51.659,0.000,0.0,NaN
10.9167,-0.48564,-51.626,0.000,0.0,NaN
10.9333,-0.48584,-51.594,0.000,0.0,NaN
10.9500,-0.48603,-51.562,0.000,0.0,NaN
10.9667,-0.48621,-51.532,0.000,0.0,NaN
10.9833,-0.48639,-51.502,0.000,0.0,NaN
11.0000,-0.48657,-51.473,0.000,0.0,NaN
11.0167,-0.48674,-51.444,0.000,0.0,NaN
11.0333,-0.48690,-51.417,0.000,0.0,NaN
11.0500,-0.48706,-51.391,0.000,0.0,NaN
11.0667,-0.48722,-51.366,0.000,0.0,NaN
11.0833,-0.48737,-51.342,-0.000,0.0,NaN
11.1000,-0.48752,-51.319,-0.000,0.0,NaN
11.1167,-0.48766,-51.298,0.000,0.0,NaN
11.1333,-0.48779,-51.277,0.000,0.0,NaN
11.1500,-0.48793,-51.258,0.000,0.0,NaN
11.1667,-0.48805,-51.240,0.000,0.0,NaN
11.1833,-0.48818,-51.224,0.000,0.0,NaN
11.2000,-0.48830,-51.209,0.000,0.0,NaN
11.2167,-0.48841,-51.195,0.000,0.0,NaN
11.2333,-0.48853,-51.182,0.000,0.0,NaN
11.2500,-0.48863,-51.171,0.000,0.0,NaN
11.2667,-0.48874,-51.161,0.000,0.0,NaN
11.2833,-0.48884,-51.153,0.000,0.0,NaN
11.3000,-0.48893,-51.145,0.000,0.0,NaN
11.3167,-0.48902,-51.139,0.000,0.0,NaN
11.3333,-0.48911,-51.135,0.000,0.0,NaN
11.3500,-0.48920,-51.131,0.000,0.0,NaN
11.3667,-0.48928,-51.129,0.000,0.0,NaN
11.3833,-0.48936,-51.128,0.000,0.0,NaN
11.4000,-0.48943,-51.128,-0.000,0.0,NaN
11.4167,-0.48950,-51.130,-0.000,0.0,NaN
11.4333,-0.48957,-51.132,0.000,0.0,NaN
11.4500,-0.48963,-51.136,0.000,0.0,NaN
11.4667,-0.48970,-51.140,0.000,0.0,NaN
11.4833,-0.48975,-51.146,0.000,0.0,NaN
11.5000,-0.48981,-51.152,0.000,0.0,NaN
11.5167,-0.48986,-51.160,0.000,0.0,NaN
11.5333,-0.48991,-51.168,0.000,0.0,NaN
11.5500,-0.48996,-51.177,0.000,0.0,NaN
11.5667,-0.49001,-51.187,0.000,0.0,NaN
11.5833,-0.49005,-51.197,0.000,0.0,NaN
11.6000,-0.49009,-51.208,0.000,0.0,NaN
11.6167,-0.49013,-51.220,0.000,0.0,NaN
11.6333,-0.49017,-51.232,0.000,0.0,NaN
11.6500,-0.49021,-51.245,0.000,0.0,NaN
11.6667,-0.49025,-51.258,0.000,0.0,NaN
11.6833,-0.49028,-51.271,0.000,0.0,NaN
11.7000,-0.49031,-51.285,0.000,0.0,NaN
11.7167,-0.49035,-51.299,-0.000,0.0,NaN
11.7333,-0.49038,-51.313,-0.000,0.0,NaN
11.7500,-0.49041,-51.327,0.000,0.0,NaN
11.7667,-0.49044,-51.342,0.000,0.0,NaN
11.7833,-0.49047,-51.356,0.000,0.0,NaN
11.8000,-0.49050,-51.370,0.000,0.0,NaN
11.8167,-0.49053,-51.384,0.000,0.0,NaN
11.8333,-0.49056,-51.398,0.000,0.0,NaN
11.8500,-0.49059,-51.412,0.000,0.0,NaN
11.8667,-0.49062,-51.426,0.000,0.0,NaN
11.8833,-0.49065,-51.439,0.000,0.0,NaN
11.9000,-0.49069,-51.452,0.000,0.0,NaN
11.9167,-0.49072,-51.465,0.000,0.0,NaN
11.9333,-0.49075,-51.477,0.000,0.0,NaN
11.9500,-0.49079,-51.489,0.000,0.0,NaN
11.9667,-0.49083,-51.501,0.000,0.0,NaN
11.9833,-0.49086,-51.512,0.000,0.0,NaN
12.0000,-0.49090,-51.522,0.000,0.0,NaN
12.0167,-0.49095,-51.532,0.000,0.0,NaN
12.0333,-0.49099,-51.541,-0.000,0.0,NaN
12.0500,-0.49103,-51.550,0.000,0.0,NaN
12.0667,-0.49108,-51.558,0.000,0.0,NaN
12.0833,-0.49113,-51.565,0.000,0.0,NaN
12.1000,-0.49118,-51.572,0.000,0.0,NaN
12.1167,-0.49123,-51.578,0.000,0.0,NaN
12.1333,-0.49129,-51.584,0.000,0.0,NaN
12.1500,-0.49135,-51.588,0.000,0.0,NaN
12.1667,-0.49141,-51.592,0.000,0.0,NaN
12.1833,-0.49147,-51.595,0.000,0.0,NaN
12.2000,-0.49153,-51.598,0.000,0.0,NaN
12.2167,-0.49160,-51.600,0.000,0.0,NaN
12.2333,-0.49167,-51.601,0.000,0.0,NaN
12.2500,-0.49174,-51.602,0.000,0.0,NaN
12.2667,-0.49181,-51.601,0.000,0.0,NaN
12.2833,-0.49189,-51.600,0.000,0.0,NaN
12.3000,-0.49197,-51.599,0.000,0.0,NaN
12.3167,-0.49205,-51.596,0.000,0.0,NaN
12.3333,-0.49213,-51.593,0.000,0.0,NaN
12.3500,-0.49222,-51.590,0.000,0.0,NaN
12.3667,-0.49230,-51.586,0.000,0.0,NaN
12.3833,-0.49239,-51.581,0.000,0.0,NaN
12.4000,-0.49248,-51.575,0.000,0.0,NaN
12.4167,-0.49257,-51.569,0.000,0.0,NaN
12.4333,-0.49266,-51.563,0.000,0.0,NaN
12.4500,-0.49276,-51.556,0.000,0.0,NaN
12.4667,-0.49286,-51.548,0.000,0.0,NaN
12.4833,-0.49295,-51.540,0.000,0.0,NaN
12.5000,-0.49305,-51.531,0.000,0.0,NaN
12.5167,-0.49315,-51.522,0.000,0.0,NaN
12.5333,-0.49325,-51.513,0.000,0.0,NaN
12.5500,-0.49335,-51.503,0.000,0.0,NaN
12.5667,-0.49345,-51.493,0.000,0.0,NaN
12.5833,-0.49355,-51.483,0.000,0.0,NaN
12.6000,-0.49366,-51.472,0.000,0.0,NaN
12.6167,-0.49376,-51.462,0.000,0.0,NaN
12.6333,-0.49386,-51.450,0.000,0.0,NaN
12.6500,-0.49396,-51.439,0.000,0.0,NaN
12.6667,-0.49407,-51.428,0.000,0.0,NaN
12.6833,-0.49417,-51.416,0.000,0.0,NaN
12.7000,-0.49427,-51.405,0.000,0.0,NaN
12.7167,-0.49437,-51.393,0.000,0.0,NaN
12.7333,-0.49447,-51.382,0.000,0.0,NaN
12.7500,-0.49458,-51.370,0.000,0.0,NaN
12.7667,-0.49468,-51.359,0.000,0.0,NaN
12.7833,-0.49478,-51.347,0.000,0.0,NaN
12.8000,-0.49487,-51.336,0.000,0.0,NaN
12.8167,-0.49497,-51.325,0.000,0.0,NaN
12.8333,-0.49507,-51.313,0.000,0.0,NaN
12.8500,-0.49516,-51.303,0.000,0.0,NaN
12.8667,-0.49526,-51.292,0.000,0.0,NaN
12.8833,-0.49535,-51.281,0.000,0.0,NaN
12.9000,-0.49544,-51.271,0.000,0.0,NaN
12.9167,-0.49554,-51.261,0.000,0.0,NaN
12.9333,-0.49563,-51.252,0.000,0.0,NaN
12.9500,-0.49571,-51.242,0.000,0.0,NaN
12.9667,-0.49580,-51.234,0.000,0.0,NaN
12.9833,-0.49589,-51.225,0.000,0.0,NaN
13.0000,-0.49597,-51.217,0.000,0.0,NaN
13.0167,-0.49605,-51.209,0.000,0.0,NaN
13.0333,-0.49614,-51.201,0.000,0.0,NaN
13.0500,-0.49622,-51.194,0.000,0.0,NaN
13.0667,-0.49630,-51.187,0.000,0.0,NaN
13.0833,-0.49637,-51.181,0.000,0.0,NaN
13.1000,-0.49645,-51.175,0.000,0.0,NaN
13.1167,-0.49652,-51.170,0.000,0.0,NaN
13.1333,-0.49660,-51.165,0.000,0.0,NaN
13.1500,-0.49667,-51.160,0.000,0.0,NaN
13.1667,-0.49674,-51.156,0.000,0.0,NaN
13.1833,-0.49681,-51.152,0.000,0.0,NaN
13.2000,-0.49687,-51.149,0.000,0.0,NaN
13.2167,-0.49694,-51.146,0.000,0.0,NaN
13.2333,-0.49701,-51.144,0.000,0.0,NaN
13.2500,-0.49707,-51.142,0.000,0.0,NaN
13.2667,-0.49713,-51.140,0.000,0.0,NaN
13.2833,-0.49719,-51.139,0.000,0.0,NaN
13.3000,-0.49725,-51.138,0.000,0.0,NaN
13.3167,-0.49731,-51.137,0.000,0.0,NaN
13.3333,-0.49737,-51.137,0.000,0.0,NaN
13.3500,-0.49743,-51.137,0.000,0.0,NaN
13.3667,-0.49748,-51.137,0.000,0.0,NaN
13.3833,-0.49754,-51.138,0.000,0.0,NaN
13.4000,-0.49759,-51.139,0.000,0.0,NaN
13.4167,-0.49765,-51.140,0.000,0.0,NaN
13.4333,-0.49770,-51.142,0.000,0.0,NaN
13.4500,-0.49775,-51.144,0.000,0.0,NaN
13.4667,-0.49780,-51.145,0.000,0.0,NaN
13.4833,-0.49785,-51.148,0.000,0.0,NaN
13.5000,-0.49790,-51.150,0.000,0.0,NaN
13.5167,-0.49795,-51.153,0.000,0.0,NaN
13.5333,-0.49800,-51.155,0.000,0.0,NaN
13.5500,-0.49805,-51.158,0.000,0.0,NaN
13.5667,-0.49810,-51.161,0.000,0.0,NaN
13.5833,-0.49814,-51.164,0.000,0.0,NaN
13.6000,-0.49819,-51.167,0.000,0.0,NaN
13.6167,-0.49824,-51.170,0.000,0.0,NaN
13.6333,-0.49829,-51.173,0.000,0.0,NaN
13.6500,-0.49833,-51.176,0.000,0.0,NaN
13.6667,-0.49838,-51.180,0.000,0.0,NaN
13.6833,-0.49843,-51.183,0.000,0.0,NaN
13.7000,-0.49847,-51.186,0.000,0.0,NaN
13.7167,-0.49852,-51.189,0.000,0.0,NaN
13.7333,-0.49857,-51.192,0.000,0.0,NaN
13.7500,-0.49862,-51.195,0.000,0.0,NaN
13.7667,-0.49867,-51.197,0.000,0.0,NaN
13.7833,-0.49871,-51.200,0.000,0.0,NaN
13.8000,-0.49876,-51.202,0.000,0.0,NaN
13.8167,-0.49881,-51.205,0.000,0.0,NaN
13.8333,-0.49886,-51.207,0.000,0.0,NaN
13.8500,-0.49891,-51.209,0.000,0.0,NaN
13.8667,-0.49896,-51.211,0.000,0.0,NaN
13.8833,-0.49901,-51.213,0.000,0.0,NaN
13.9000,-0.49906,-51.214,0.000,0.0,NaN
13.9167,-0.49911,-51.215,0.000,0.0,NaN
13.9333,-0.49917,-51.217,0.000,0.0,NaN
13.9500,-0.49922,-51.217,0.000,0.0,NaN
13.9667,-0.49927,-51.218,0.000,0.0,NaN
13.9833,-0.49933,-51.218,0.000,0.0,NaN
14.0000,-0.49938,-51.219,0.000,0.0,NaN
14.0167,-0.49944,-51.219,0.000,0.0,NaN
14.0333,-0.49949,-51.218,0.000,0.0,NaN
14.0500,-0.49955,-51.218,0.000,0.0,NaN
14.0667,-0.49960,-51.217,0.000,0.0,NaN
14.0833,-0.49966,-51.216,0.000,0.0,NaN
14.1000,-0.49972,-51.215,0.000,0.0,NaN
14.1167,-0.49978,-51.214,0.000,0.0,NaN
14.1333,-0.49984,-51.212,0.000,0.0,NaN
14.1500,-0.49990,-51.210,0.000,0.0,NaN
14.1667,-0.49996,-51.208,0.000,0.0,NaN
14.1833,-0.50002,-51.206,0.000,0.0,NaN
14.2000,-0.50008,-51.203,0.000,0.0,NaN
14.2167,-0.50014,-51.201,0.000,0.0,NaN
14.2333,-0.50020,-51.198,0.000,0.0,NaN
14.2500,-0.50027,-51.195,0.000,0.0,NaN
14.2667,-0.50033,-51.192,0.000,0.0,NaN
14.2833,-0.50039,-51.188,0.000,0.0,NaN
14.3000,-0.50045,-51.185,0.000,0.0,NaN
14.3167,-0.50052,-51.181,0.000,0.0,NaN
14.3333,-0.50058,-51.177,0.000,0.0,NaN
14.3500,-0.50065,-51.173,0.000,0.0,NaN
14.3667,-0.50071,-51.169,0.000,0.0,NaN
14.3833,-0.50077,-51.165,0.000,0.0,NaN
14.4000,-0.50084,-51.161,0.000,0.0,NaN
14.4167,-0.50090,-51.156,0.000,0.0,NaN
14.4333,-0.50097,-51.152,0.000,0.0,NaN
14.4500,-0.50103,-51.147,0.000,0.0,NaN
14.4667,-0.50110,-51.143,0.000,0.0,NaN
14.4833,-0.50116,-51.138,0.000,0.0,NaN
14.5000,-0.50123,-51.134,0.000,0.0,NaN
14.5167,-0.50129,-51.129,0.000,0.0,NaN
14.5333,-0.50135,-51.124,0.000,0.0,NaN
14.5500,-0.50142,-51.120,0.000,0.0,NaN
14.5667,-0.50148,-51.115,0.000,0.0,NaN
14.5833,-0.50154,-51.110,0.000,0.0,NaN
14.6000,-0.50161,-51.106,0.000,0.0,NaN
14.6167,-0.50167,-51.101,0.000,0.0,NaN
14.6333,-0.50173,-51.097,0.000,0.0,NaN
14.6500,-0.50180,-51.092,0.000,0.0,NaN
14.6667,-0.50186,-51.088,0.000,0.0,NaN
14.6833,-0.50192,-51.083,0.000,0.0,NaN
14.7000,-0.50198,-51.079,0.000,0.0,NaN
14.7167,-0.50204,-51.075,0.000,0.0,NaN
14.7333,-0.50210,-51.071,0.000,0.0,NaN
14.7500,-0.50216,-51.067,0.000,0.0,NaN
14.7667,-0.50222,-51.063,0.000,0.0,NaN
14.7833,-0.50228,-51.059,0.000,0.0,NaN
14.8000,-0.50234,-51.056,0.000,0.0,NaN
14.8167,-0.50240,-51.052,0.000,0.0,NaN
14.8333,-0.50246,-51.049,0.000,0.0,NaN
14.8500,-0.50251,-51.045,0.000,0.0,NaN
14.8667,-0.50257,-51.042,0.000,0.0,NaN
14.8833,-0.50263,-51.039,0.000,0.0,NaN
14.9000,-0.50268,-51.036,0.000,0.0,NaN
14.9167,-0.50274,-51.034,0.000,0.0,NaN
14.9333,-0.50279,-51.031,0.000,0.0,NaN
14.9500,-0.50285,-51.029,0.000,0.0,NaN
14.9667,-0.50290,-51.026,0.000,0.0,NaN
14.9833,-0.50295,-51.024,0.000,0.0,NaN
15.0000,-0.50301,-51.022,0.000,0.0,NaN
15.0167,-0.50306,-51.020,0.000,0.0,NaN
15.0333,-0.50311,-51.018,0.000,0.0,NaN
15.0500,-0.50316,-51.016,0.000,0.0,NaN
15.0667,-0.50321,-51.015,0.000,0.0,NaN
15.0833,-0.50326,-51.013,0.000,0.0,NaN
15.1000,-0.50331,-51.012,0.000,0.0,NaN
15.1167,-0.50336,-51.011,0.000,0.0,NaN
15.1333,-0.50341,-51.010,0.000,0.0,NaN
15.1500,-0.50346,-51.009,0.000,0.0,NaN
15.1667,-0.50351,-51.008,0.000,0.0,NaN
15.1833,-0.50356,-51.007,0.000,0.0,NaN
15.2000,-0.50361,-51.006,0.000,0.0,NaN
15.2167,-0.50366,-51.005,0.000,0.0,NaN
15.2333,-0.50370,-51.005,0.000,0.0,NaN
15.2500,-0.50375,-51.004,0.000,0.0,NaN
15.2667,-0.50380,-51.004,0.000,0.0,NaN
15.2833,-0.50385,-51.003,0.000,0.0,NaN
15.3000,-0.50389,-51.003,0.000,0.0,NaN
15.3167,-0.50394,-51.002,0.000,0.0,NaN
15.3333,-0.50399,-51.002,0.000,0.0,NaN
15.3500,-0.50403,-51.002,0.000,0.0,NaN
15.3667,-0.50408,-51.002,0.000,0.0,NaN
15.3833,-0.50413,-51.001,0.000,0.0,NaN
15.4000,-0.50417,-51.001,0.000,0.0,NaN
15.4167,-0.50422,-51.001,0.000,0.0,NaN
15.4333,-0.50426,-51.001,0.000,0.0,NaN
15.4500,-0.50431,-51.001,0.000,0.0,NaN
15.4667,-0.50436,-51.000,0.000,0.0,NaN
15.4833,-0.50440,-51.000,0.000,0.0,NaN
15.5000,-0.50445,-51.000,0.000,0.0,NaN
15.5167,-0.50449,-51.000,0.000,0.0,NaN
15.5333,-0.50454,-50.999,0.000,0.0,NaN
15.5500,-0.50458,-50.999,0.000,0.0,NaN
15.5667,-0.50463,-50.999,0.000,0.0,NaN
15.5833,-0.50468,-50.998,0.000,0.0,NaN
15.6000,-0.50472,-50.998,0.000,0.0,NaN
15.6167,-0.50477,-50.997,0.000,0.0,NaN
15.6333,-0.50482,-50.997,0.000,0.0,NaN
15.6500,-0.50486,-50.996,0.000,0.0,NaN
15.6667,-0.50491,-50.996,0.000,0.0,NaN
15.6833,-0.50496,-50.995,0.000,0.0,NaN
15.7000,-0.50500,-50.994,0.000,0.0,NaN
15.7167,-0.50505,-50.993,0.000,0.0,NaN
15.7333,-0.50510,-50.992,0.000,0.0,NaN
15.7500,-0.50514,-50.991,0.000,0.0,NaN
15.7667,-0.50519,-50.990,0.000,0.0,NaN
15.7833,-0.50524,-50.989,0.000,0.0,NaN
15.8000,-0.50529,-50.988,0.000,0.0,NaN
15.8167,-0.50533,-50.986,0.000,0.0,NaN
15.8333,-0.50538,-50.985,0.000,0.0,NaN
15.8500,-0.50543,-50.984,0.000,0.0,NaN
15.8667,-0.50548,-50.982,0.000,0.0,NaN
15.8833,-0.50553,-50.980,0.000,0.0,NaN
15.9000,-0.50557,-50.979,0.000,0.0,NaN
15.9167,-0.50562,-50.977,0.000,0.0,NaN
15.9333,-0.50567,-50.975,0.000,0.0,NaN
15.9500,-0.50572,-50.973,0.000,0.0,NaN
15.9667,-0.50577,-50.972,0.000,0.0,NaN
15.9833,-0.50582,-50.970,0.000,0.0,NaN
16.0000,-0.50587,-50.967,0.000,0.0,NaN
16.0167,-0.50592,-50.965,0.000,0.0,NaN
16.0333,-0.50597,-50.963,0.000,0.0,NaN
16.0500,-0.50601,-50.961,0.000,0.0,NaN
16.0667,-0.50606,-50.959,0.000,0.0,NaN
16.0833,-0.50611,-50.957,0.000,0.0,NaN
16.1000,-0.50616,-50.954,0.000,0.0,NaN
16.1167,-0.50621,-50.952,0.000,0.0,NaN
16.1333,-0.50626,-50.949,0.000,0.0,NaN
16.1500,-0.50631,-50.947,0.000,0.0,NaN
16.1667,-0.50636,-50.945,0.000,0.0,NaN
16.1833,-0.50641,-50.942,0.000,0.0,NaN
16.2000,-0.50646,-50.940,0.000,0.0,NaN
16.2167,-0.50651,-50.937,0.000,0.0,NaN
16.2333,-0.50656,-50.935,0.000,0.0,NaN
16.2500,-0.50661,-50.932,0.000,0.0,NaN
16.2667,-0.50665,-50.929,0.000,0.0,NaN
16.2833,-0.50670,-50.927,0.000,0.0,NaN
16.3000,-0.50675,-50.924,0.000,0.0,NaN
16.3167,-0.50680,-50.922,0.000,0.0,NaN
16.3333,-0.50685,-50.919,0.000,0.0,NaN
16.3500,-0.50690,-50.917,0.000,0.0,NaN
16.3667,-0.50695,-50.914,0.000,0.0,NaN
16.3833,-0.50700,-50.912,0.000,0.0,NaN
16.4000,-0.50704,-50.909,0.000,0.0,NaN
16.4167,-0.50709,-50.907,0.000,0.0,NaN
16.4333,-0.50714,-50.904,0.000,0.0,NaN
16.4500,-0.50719,-50.902,0.000,0.0,NaN
16.4667,-0.50723,-50.899,0.000,0.0,NaN
16.4833,-0.50728,-50.897,0.000,0.0,NaN
16.5000,-0.50733,-50.895,0.000,0.0,NaN
16.5167,-0.50738,-50.892,0.000,0.0,NaN
16.5333,-0.50742,-50.890,0.000,0.0,NaN
16.5500,-0.50747,-50.888,0.000,0.0,NaN
16.5667,-0.50752,-50.886,0.000,0.0,NaN
16.5833,-0.50756,-50.884,0.000,0.0,NaN
16.6000,-0.50761,-50.881,0.000,0.0,NaN
16.6167,-0.50766,-50.879,0.000,0.0,NaN
16.6333,-0.50770,-50.877,0.000,0.0,NaN
16.6500,-0.50775,-50.875,0.000,0.0,NaN
16.6667,-0.50779,-50.873,0.000,0.0,NaN
16.6833,-0.50784,-50.871,0.000,0.0,NaN
16.7000,-0.50788,-50.870,0.000,0.0,NaN
16.7167,-0.50793,-50.868,0.000,0.0,NaN
16.7333,-0.50797,-50.866,0.000,0.0,NaN
16.7500,-0.50802,-50.864,0.000,0.0,NaN
16.7667,-0.50806,-50.862,0.000,0.0,NaN
16.7833,-0.50811,-50.861,0.000,0.0,NaN
16.8000,-0.50815,-50.859,0.000,0.0,NaN
16.8167,-0.50819,-50.858,0.000,0.0,NaN
16.8333,-0.50824,-50.856,0.000,0.0,NaN
16.8500,-0.50828,-50.854,0.000,0.0,NaN
16.8667,-0.50832,-50.853,0.000,0.0,NaN
16.8833,-0.50837,-50.851,0.000,0.0,NaN
16.9000,-0.50841,-50.850,0.000,0.0,NaN
16.9167,-0.50845,-50.849,0.000,0.0,NaN
16.9333,-0.50850,-50.847,0.000,0.0,NaN
16.9500,-0.50854,-50.846,0.000,0.0,NaN
16.9667,-0.50858,-50.845,0.000,0.0,NaN
16.9833,-0.50863,-50.843,0.000,0.0,NaN
17.0000,-0.50867,-50.842,0.000,0.0,NaN
17.0167,-0.50871,-50.841,0.000,0.0,NaN
17.0333,-0.50875,-50.839,0.000,0.0,NaN
17.0500,-0.50880,-50.838,0.000,0.0,NaN
17.0667,-0.50884,-50.837,0.000,0.0,NaN
17.0833,-0.50888,-50.836,0.000,0.0,NaN
17.1000,-0.50892,-50.835,0.000,0.0,NaN
17.1167,-0.50896,-50.833,0.000,0.0,NaN
17.1333,-0.50901,-50.832,0.000,0.0,NaN
17.1500,-0.50905,-50.831,0.000,0.0,NaN
17.1667,-0.50909,-50.830,0.000,0.0,NaN
17.1833,-0.50913,-50.829,0.000,0.0,NaN
17.2000,-0.50917,-50.827,0.000,0.0,NaN
17.2167,-0.50921,-50.826,0.000,0.0,NaN
17.2333,-0.50926,-50.825,0.000,0.0,NaN
17.2500,-0.50930,-50.824,0.000,0.0,NaN
17.2667,-0.50934,-50.823,0.000,0.0,NaN
17.2833,-0.50938,-50.821,0.000,0.0,NaN
17.3000,-0.50942,-50.820,0.000,0.0,NaN
17.3167,-0.50947,-50.819,0.000,0.0,NaN
17.3333,-0.50951,-50.818,0.000,0.0,NaN
17.3500,-0.50955,-50.816,0.000,0.0,NaN
17.3667,-0.50959,-50.815,0.000,0.0,NaN
17.3833,-0.50963,-50.814,0.000,0.0,NaN
17.4000,-0.50967,-50.812,0.000,0.0,NaN
17.4167,-0.50972,-50.811,0.000,0.0,NaN
17.4333,-0.50976,-50.810,0.000,0.0,NaN
17.4500,-0.50980,-50.808,0.000,0.0,NaN
17.4667,-0.50984,-50.807,0.000,0.0,NaN
17.4833,-0.50988,-50.805,0.000,0.0,NaN
17.5000,-0.50992,-50.804,0.000,0.0,NaN
17.5167,-0.50997,-50.802,0.000,0.0,NaN
17.5333,-0.51001,-50.801,0.000,0.0,NaN
17.5500,-0.51005,-50.799,0.000,0.0,NaN
17.5667,-0.51009,-50.798,0.000,0.0,NaN
17.5833,-0.51013,-50.796,0.000,0.0,NaN
17.6000,-0.51017,-50.795,0.000,0.0,NaN
17.6167,-0.51022,-50.793,0.000,0.0,NaN
17.6333,-0.51026,-50.791,0.000,0.0,NaN
17.6500,-0.51030,-50.790,0.000,0.0,NaN
17.6667,-0.51034,-50.788,0.000,0.0,NaN
17.6833,-0.51038,-50.786,0.000,0.0,NaN
17.7000,-0.51043,-50.784,0.000,0.0,NaN
17.7167,-0.51047,-50.783,0.000,0.0,NaN
17.7333,-0.51051,-50.781,0.000,0.0,NaN
17.7500,-0.51055,-50.779,0.000,0.0,NaN
17.7667,-0.51059,-50.777,0.000,0.0,NaN
17.7833,-0.51064,-50.776,0.000,0.0,NaN
17.8000,-0.51068,-50.774,0.000,0.0,NaN
17.8167,-0.51072,-50.772,0.000,0.0,NaN
17.8333,-0.51076,-50.770,0.000,0.0,NaN
17.8500,-0.51080,-50.768,0.000,0.0,NaN
17.8667,-0.51084,-50.766,0.000,0.0,NaN
17.8833,-0.51089,-50.764,0.000,0.0,NaN
17.9000,-0.51093,-50.763,0.000,0.0,NaN
17.9167,-0.51097,-50.761,0.000,0.0,NaN
17.9333,-0.51101,-50.759,0.000,0.0,NaN
17.9500,-0.51105,-50.757,0.000,0.0,NaN
17.9667,-0.51110,-50.755,0.000,0.0,NaN
17.9833,-0.51114,-50.753,0.000,0.0,NaN
18.0000,-0.51118,-50.751,0.000,0.0,NaN
18.0167,-0.51122,-50.749,0.000,0.0,NaN
18.0333,-0.51126,-50.747,0.000,0.0,NaN
18.0500,-0.51130,-50.745,0.000,0.0,NaN
18.0667,-0.51134,-50.743,0.000,0.0,NaN
18.0833,-0.51139,-50.742,0.000,0.0,NaN
18.1000,-0.51143,-50.740,0.000,0.0,NaN
18.1167,-0.51147,-50.738,0.000,0.0,NaN
18.1333,-0.51151,-50.736,0.000,0.0,NaN
18.1500,-0.51155,-50.734,0.000,0.0,NaN
18.1667,-0.51159,-50.732,0.000,0.0,NaN
18.1833,-0.51163,-50.730,0.000,0.0,NaN
18.2000,-0.51167,-50.728,0.000,0.0,NaN
18.2167,-0.51171,-50.727,0.000,0.0,NaN
18.2333,-0.51175,-50.725,0.000,0.0,NaN
18.2500,-0.51179,-50.723,0.000,0.0,NaN
18.2667,-0.51183,-50.721,0.000,0.0,NaN
18.2833,-0.51188,-50.719,0.000,0.0,NaN
18.3000,-0.51192,-50.717,0.000,0.0,NaN
18.3167,-0.51196,-50.716,0.000,0.0,NaN
18.3333,-0.51200,-50.714,0.000,0.0,NaN
18.3500,-0.51204,-50.712,0.000,0.0,NaN
18.3667,-0.51208,-50.710,0.000,0.0,NaN
18.3833,-0.51212,-50.709,0.000,0.0,NaN
18.4000,-0.51216,-50.707,0.000,0.0,NaN
18.4167,-0.51220,-50.705,0.000,0.0,NaN
18.4333,-0.51224,-50.703,0.000,0.0,NaN
18.4500,-0.51228,-50.702,0.000,0.0,NaN
18.4667,-0.51232,-50.700,0.000,0.0,NaN
18.4833,-0.51235,-50.698,0.000,0.0,NaN
18.5000,-0.51239,-50.697,0.000,0.0,NaN
18.5167,-0.51243,-50.695,0.000,0.0,NaN
18.5333,-0.51247,-50.693,0.000,0.0,NaN
18.5500,-0.51251,-50.692,0.000,0.0,NaN
18.5667,-0.51255,-50.690,0.000,0.0,NaN
18.5833,-0.51259,-50.689,0.000,0.0,NaN
18.6000,-0.51263,-50.687,0.000,0.0,NaN
18.6167,-0.51267,-50.685,0.000,0.0,NaN
18.6333,-0.51271,-50.684,0.000,0.0,NaN
18.6500,-0.51275,-50.682,0.000,0.0,NaN
18.6667,-0.51279,-50.681,0.000,0.0,NaN
18.6833,-0.51282,-50.679,0.000,0.0,NaN
18.7000,-0.51286,-50.678,0.000,0.0,NaN
18.7167,-0.51290,-50.676,0.000,0.0,NaN
18.7333,-0.51294,-50.675,0.000,0.0,NaN
18.7500,-0.51298,-50.673,0.000,0.0,NaN
18.7667,-0.51302,-50.672,0.000,0.0,NaN
18.7833,-0.51306,-50.670,0.000,0.0,NaN
18.8000,-0.51310,-50.669,0.000,0.0,NaN
18.8167,-0.51313,-50.667,0.000,0.0,NaN
18.8333,-0.51317,-50.666,0.000,0.0,NaN
18.8500,-0.51321,-50.664,0.000,0.0,NaN
18.8667,-0.51325,-50.663,0.000,0.0,NaN
18.8833,-0.51329,-50.661,0.000,0.0,NaN
18.9000,-0.51333,-50.659,0.000,0.0,NaN
18.9167,-0.51336,-50.658,0.000,0.0,NaN
18.9333,-0.51340,-50.656,0.000,0.0,NaN
18.9500,-0.51344,-50.655,0.000,0.0,NaN
18.9667,-0.51348,-50.653,0.000,0.0,NaN
18.9833,-0.51352,-50.652,0.000,0.0,NaN
19.0000,-0.51355,-50.650,0.000,0.0,NaN
19.0167,-0.51359,-50.649,0.000,0.0,NaN
19.0333,-0.51363,-50.647,0.000,0.0,NaN
19.0500,-0.51367,-50.646,0.000,0.0,NaN
19.0667,-0.51371,-50.644,0.000,0.0,NaN
19.0833,-0.51375,-50.643,0.000,0.0,NaN
19.1000,-0.51378,-50.641,0.000,0.0,NaN
19.1167,-0.51382,-50.640,0.000,0.0,NaN
19.1333,-0.51386,-50.638,0.000,0.0,NaN
19.1500,-0.51390,-50.636,0.000,0.0,NaN
19.1667,-0.51394,-50.635,0.000,0.0,NaN
19.1833,-0.51397,-50.633,0.000,0.0,NaN
19.2000,-0.51401,-50.632,0.000,0.0,NaN
19.2167,-0.51405,-50.630,0.000,0.0,NaN
19.2333,-0.51409,-50.629,0.000,0.0,NaN
19.2500,-0.51413,-50.627,0.000,0.0,NaN
19.2667,-0.51416,-50.625,0.000,0.0,NaN
19.2833,-0.51420,-50.624,0.000,0.0,NaN
19.3000,-0.51424,-50.622,0.000,0.0,NaN
19.3167,-0.51428,-50.620,0.000,0.0,NaN
19.3333,-0.51432,-50.619,0.000,0.0,NaN
19.3500,-0.51435,-50.617,0.000,0.0,NaN
19.3667,-0.51439,-50.615,0.000,0.0,NaN
19.3833,-0.51443,-50.614,0.000,0.0,NaN
19.4000,-0.51447,-50.612,0.000,0.0,NaN
19.4167,-0.51451,-50.610,0.000,0.0,NaN
19.4333,-0.51454,-50.609,0.000,0.0,NaN
19.4500,-0.51458,-50.607,0.000,0.0,NaN
19.4667,-0.51462,-50.605,0.000,0.0,NaN
19.4833,-0.51466,-50.604,0.000,0.0,NaN
19.5000,-0.51469,-50.602,0.000,0.0,NaN
19.5167,-0.51473,-50.600,0.000,0.0,NaN
19.5333,-0.51477,-50.598,0.000,0.0,NaN
19.5500,-0.51481,-50.597,0.000,0.0,NaN
19.5667,-0.51485,-50.595,0.000,0.0,NaN
19.5833,-0.51488,-50.593,0.000,0.0,NaN
19.6000,-0.51492,-50.592,0.000,0.0,NaN
19.6167,-0.51496,-50.590,0.000,0.0,NaN
19.6333,-0.51500,-50.588,0.000,0.0,NaN
19.6500,-0.51503,-50.586,0.000,0.0,NaN
19.6667,-0.51507,-50.585,0.000,0.0,NaN
19.6833,-0.51511,-50.583,0.000,0.0,NaN
19.7000,-0.51515,-50.581,0.000,0.0,NaN
19.7167,-0.51518,-50.579,0.000,0.0,NaN
19.7333,-0.51522,-50.578,0.000,0.0,NaN
19.7500,-0.51526,-50.576,0.000,0.0,NaN
19.7667,-0.51530,-50.574,0.000,0.0,NaN
19.7833,-0.51533,-50.572,0.000,0.0,NaN
19.8000,-0.51537,-50.571,0.000,0.0,NaN
19.8167,-0.51541,-50.569,0.000,0.0,NaN
19.8333,-0.51545,-50.567,0.000,0.0,NaN
19.8500,-0.51548,-50.565,0.000,0.0,NaN
19.8667,-0.51552,-50.564,0.000,0.0,NaN
19.8833,-0.51556,-50.562,0.000,0.0,NaN
19.9000,-0.51560,-50.560,0.000,0.0,NaN
19.9167,-0.51563,-50.558,0.000,0.0,NaN
19.9333,-0.51567,-50.557,0.000,0.0,NaN
19.9500,-0.51571,-50.555,0.000,0.0,NaN
19.9667,-0.51574,-50.553,0.000,0.0,NaN
19.9833,-0.51578,-50.552,0.000,0.0,NaN
20.0000,-0.51582,-50.550,0.000,0.0,NaN
20.0167,-0.51586,-50.548,0.000,0.0,NaN
20.0333,-0.51589,-50.546,0.000,0.0,NaN
20.0500,-0.51593,-50.545,0.000,0.0,NaN
20.0667,-0.51597,-50.543,0.000,0.0,NaN
20.0833,-0.51600,-50.541,0.000,0.0,NaN
20.1000,-0.51604,-50.540,0.000,0.0,NaN
20.1167,-0.51608,-50.538,0.000,0.0,NaN
20.1333,-0.51611,-50.536,0.000,0.0,NaN
20.1500,-0.51615,-50.535,0.000,0.0,NaN
20.1667,-0.51619,-50.533,0.000,0.0,NaN
20.1833,-0.51622,-50.531,0.000,0.0,NaN
20.2000,-0.51626,-50.529,0.000,0.0,NaN
20.2167,-0.51630,-50.528,0.000,0.0,NaN
20.2333,-0.51633,-50.526,0.000,0.0,NaN
20.2500,-0.51637,-50.524,0.000,0.0,NaN
20.2667,-0.51641,-50.523,0.000,0.0,NaN
20.2833,-0.51644,-50.521,0.000,0.0,NaN
20.3000,-0.51648,-50.519,0.000,0.0,NaN
20.3167,-0.51652,-50.518,0.000,0.0,NaN
20.3333,-0.51655,-50.516,0.000,0.0,NaN
20.3500,-0.51659,-50.515,0.000,0.0,NaN
20.3667,-0.51662,-50.513,0.000,0.0,NaN
20.3833,-0.51666,-50.511,0.000,0.0,NaN
20.4000,-0.51670,-50.510,0.000,0.0,NaN
20.4167,-0.51673,-50.508,0.000,0.0,NaN
20.4333,-0.51677,-50.506,0.000,0.0,NaN
20.4500,-0.51681,-50.505,0.000,0.0,NaN
20.4667,-0.51684,-50.503,0.000,0.0,NaN
20.4833,-0.51688,-50.501,0.000,0.0,NaN
20.5000,-0.51691,-50.500,0.000,0.0,NaN
20.5167,-0.51695,-50.498,0.000,0.0,NaN
20.5333,-0.51699,-50.496,0.000,0.0,NaN
20.5500,-0.51702,-50.495,0.000,0.0,NaN
20.5667,-0.51706,-50.493,0.000,0.0,NaN
20.5833,-0.51709,-50.492,0.000,0.0,NaN
20.6000,-0.51713,-50.490,0.000,0.0,NaN
20.6167,-0.51717,-50.488,0.000,0.0,NaN
20.6333,-0.51720,-50.487,0.000,0.0,NaN
20.6500,-0.51724,-50.485,0.000,0.0,NaN
20.6667,-0.51727,-50.483,0.000,0.0,NaN
20.6833,-0.51731,-50.482,0.000,0.0,NaN
20.7000,-0.51734,-50.480,0.000,0.0,NaN
20.7167,-0.51738,-50.478,0.000,0.0,NaN
20.7333,-0.51742,-50.477,0.000,0.0,NaN
20.7500,-0.51745,-50.475,0.000,0.0,NaN
20.7667,-0.51749,-50.473,0.000,0.0,NaN
20.7833,-0.51752,-50.472,0.000,0.0,NaN
20.8000,-0.51756,-50.470,0.000,0.0,NaN
20.8167,-0.51760,-50.468,0.000,0.0,NaN
20.8333,-0.51763,-50.467,0.000,0.0,NaN
20.8500,-0.51767,-50.465,0.000,0.0,NaN
20.8667,-0.51770,-50.463,0.000,0.0,NaN
20.8833,-0.51774,-50.462,0.000,0.0,NaN
20.9000,-0.51777,-50.460,0.000,0.0,NaN
20.9167,-0.51781,-50.458,0.000,0.0,NaN
20.9333,-0.51784,-50.457,0.000,0.0,NaN
20.9500,-0.51788,-50.455,0.000,0.0,NaN
20.9667,-0.51792,-50.453,0.000,0.0,NaN
20.9833,-0.51795,-50.452,0.000,0.0,NaN
21.0000,-0.51799,-50.450,0.000,0.0,NaN
21.0167,-0.51802,-50.448,0.000,0.0,NaN
21.0333,-0.51806,-50.447,0.000,0.0,NaN
21.0500,-0.51809,-50.445,0.000,0.0,NaN
21.0667,-0.51813,-50.443,0.000,0.0,NaN
21.0833,-0.51817,-50.442,0.000,0.0,NaN
21.1000,-0.51820,-50.440,0.000,0.0,NaN
21.1167,-0.51824,-50.438,0.000,0.0,NaN
21.1333,-0.51827,-50.436,0.000,0.0,NaN
21.1500,-0.51831,-50.435,0.000,0.0,NaN
21.1667,-0.51834,-50.433,0.000,0.0,NaN
21.1833,-0.51838,-50.431,0.000,0.0,NaN
21.2000,-0.51841,-50.430,0.000,0.0,NaN
21.2167,-0.51845,-50.428,0.000,0.0,NaN
21.2333,-0.51848,-50.426,0.000,0.0,NaN
21.2500,-0.51852,-50.424,0.000,0.0,NaN
21.2667,-0.51856,-50.423,0.000,0.0,NaN
21.2833,-0.51859,-50.421,0.000,0.0,NaN
21.3000,-0.51863,-50.419,0.000,0.0,NaN
21.3167,-0.51866,-50.417,0.000,0.0,NaN
21.3333,-0.51870,-50.416,0.000,0.0,NaN
21.3500,-0.51873,-50.414,0.000,0.0,NaN
21.3667,-0.51877,-50.412,0.000,0.0,NaN
21.3833,-0.51880,-50.411,0.000,0.0,NaN
21.4000,-0.51884,-50.409,0.000,0.0,NaN
21.4167,-0.51887,-50.407,0.000,0.0,NaN
21.4333,-0.51891,-50.405,0.000,0.0,NaN
21.4500,-0.51894,-50.404,0.000,0.0,NaN
21.4667,-0.51898,-50.402,0.000,0.0,NaN
21.4833,-0.51901,-50.400,0.000,0.0,NaN
21.5000,-0.51905,-50.398,0.000,0.0,NaN
21.5167,-0.51908,-50.397,0.000,0.0,NaN
21.5333,-0.51912,-50.395,0.000,0.0,NaN
21.5500,-0.51915,-50.393,0.000,0.0,NaN
21.5667,-0.51919,-50.391,0.000,0.0,NaN
21.5833,-0.51922,-50.390,0.000,0.0,NaN
21.6000,-0.51926,-50.388,0.000,0.0,NaN
21.6167,-0.51930,-50.386,0.000,0.0,NaN
21.6333,-0.51933,-50.384,0.000,0.0,NaN
21.6500,-0.51937,-50.383,0.000,0.0,NaN
21.6667,-0.51940,-50.381,0.000,0.0,NaN
21.6833,-0.51944,-50.379,0.000,0.0,NaN
21.7000,-0.51947,-50.377,0.000,0.0,NaN
21.7167,-0.51951,-50.376,0.000,0.0,NaN
21.7333,-0.51954,-50.374,0.000,0.0,NaN
21.7500,-0.51958,-50.372,0.000,0.0,NaN
21.7667,-0.51961,-50.371,0.000,0.0,NaN
21.7833,-0.51965,-50.369,0.000,0.0,NaN
21.8000,-0.51968,-50.367,0.000,0.0,NaN
21.8167,-0.51971,-50.365,0.000,0.0,NaN
21.8333,-0.51975,-50.364,0.000,0.0,NaN
21.8500,-0.51978,-50.362,0.000,0.0,NaN
21.8667,-0.51982,-50.360,0.000,0.0,NaN
21.8833,-0.51985,-50.358,0.000,0.0,NaN
21.9000,-0.51989,-50.357,0.000,0.0,NaN
21.9167,-0.51992,-50.355,0.000,0.0,NaN
21.9333,-0.51996,-50.353,0.000,0.0,NaN
21.9500,-0.51999,-50.351,0.000,0.0,NaN
21.9667,-0.52003,-50.350,0.000,0.0,NaN
21.9833,-0.52006,-50.348,0.000,0.0,NaN
22.0000,-0.52010,-50.346,0.000,0.0,NaN
22.0167,-0.52013,-50.344,0.000,0.0,NaN
22.0333,-0.52017,-50.343,0.000,0.0,NaN
22.0500,-0.52020,-50.341,0.000,0.0,NaN
22.0667,-0.52024,-50.339,0.000,0.0,NaN
22.0833,-0.52027,-50.338,0.000,0.0,NaN
22.1000,-0.52031,-50.336,0.000,0.0,NaN
22.1167,-0.52034,-50.334,0.000,0.0,NaN
22.1333,-0.52038,-50.332,0.000,0.0,NaN
22.1500,-0.52041,-50.331,0.000,0.0,NaN
22.1667,-0.52044,-50.329,0.000,0.0,NaN
22.1833,-0.52048,-50.327,0.000,0.0,NaN
22.2000,-0.52051,-50.325,0.000,0.0,NaN
22.2167,-0.52055,-50.324,0.000,0.0,NaN
22.2333,-0.52058,-50.322,0.000,0.0,NaN
22.2500,-0.52062,-50.320,0.000,0.0,NaN
22.2667,-0.52065,-50.318,0.000,0.0,NaN
22.2833,-0.52069,-50.317,0.000,0.0,NaN
22.3000,-0.52072,-50.315,0.000,0.0,NaN
22.3167,-0.52076,-50.313,0.000,0.0,NaN
22.3333,-0.52079,-50.311,0.000,0.0,NaN
22.3500,-0.52082,-50.310,0.000,0.0,NaN
22.3667,-0.52086,-50.308,0.000,0.0,NaN
22.3833,-0.52089,-50.306,0.000,0.0,NaN
22.4000,-0.52093,-50.304,0.000,0.0,NaN
22.4167,-0.52096,-50.303,0.000,0.0,NaN
22.4333,-0.52100,-50.301,0.000,0.0,NaN
22.4500,-0.52103,-50.299,0.000,0.0,NaN
22.4667,-0.52107,-50.297,0.000,0.0,NaN
22.4833,-0.52110,-50.296,0.000,0.0,NaN
22.5000,-0.52114,-50.294,0.000,0.0,NaN
22.5167,-0.52117,-50.292,0.000,0.0,NaN
22.5333,-0.52120,-50.290,0.000,0.0,NaN
22.5500,-0.52124,-50.289,0.000,0.0,NaN
22.5667,-0.52127,-50.287,0.000,0.0,NaN
22.5833,-0.52131,-50.285,0.000,0.0,NaN
22.6000,-0.52134,-50.283,0.000,0.0,NaN
22.6167,-0.52138,-50.282,0.000,0.0,NaN
22.6333,-0.52141,-50.280,0.000,0.0,NaN
22.6500,-0.52144,-50.278,0.000,0.0,NaN
22.6667,-0.52148,-50.276,0.000,0.0,NaN
22.6833,-0.52151,-50.275,0.000,0.0,NaN
22.7000,-0.52155,-50.273,0.000,0.0,NaN
22.7167,-0.52158,-50.271,0.000,0.0,NaN
22.7333,-0.52162,-50.269,0.000,0.0,NaN
22.7500,-0.52165,-50.267,0.000,0.0,NaN
22.7667,-0.52169,-50.266,0.000,0.0,NaN
22.7833,-0.52172,-50.264,0.000,0.0,NaN
22.8000,-0.52175,-50.262,0.000,0.0,NaN
22.8167,-0.52179,-50.260,0.000,0.0,NaN
22.8333,-0.52182,-50.259,0.000,0.0,NaN
22.8500,-0.52186,-50.257,0.000,0.0,NaN
22.8667,-0.52189,-50.255,0.000,0.0,NaN
22.8833,-0.52193,-50.253,0.000,0.0,NaN
22.9000,-0.52196,-50.251,0.000,0.0,NaN
22.9167,-0.52200,-50.250,0.000,0.0,NaN
22.9333,-0.52203,-50.248,0.000,0.0,NaN
22.9500,-0.52206,-50.246,0.000,0.0,NaN
22.9667,-0.52210,-50.244,0.000,0.0,NaN
22.9833,-0.52213,-50.242,0.000,0.0,NaN
23.0000,-0.52217,-50.241,0.000,0.0,NaN
23.0167,-0.52220,-50.239,0.000,0.0,NaN
23.0333,-0.52224,-50.237,0.000,0.0,NaN
23.0500,-0.52227,-50.235,0.000,0.0,NaN
23.0667,-0.52230,-50.233,0.000,0.0,NaN
23.0833,-0.52234,-50.232,0.000,0.0,NaN
23.1000,-0.52237,-50.230,0.000,0.0,NaN
23.1167,-0.52241,-50.228,0.000,0.0,NaN
23.1333,-0.52244,-50.226,0.000,0.0,NaN
23.1500,-0.52248,-50.224,0.000,0.0,NaN
23.1667,-0.52251,-50.223,0.000,0.0,NaN
23.1833,-0.52254,-50.221,0.000,0.0,NaN
23.2000,-0.52258,-50.219,0.000,0.0,NaN
23.2167,-0.52261,-50.217,0.000,0.0,NaN
23.2333,-0.52265,-50.215,0.000,0.0,NaN
23.2500,-0.52268,-50.213,0.000,0.0,NaN
23.2667,-0.52272,-50.212,0.000,0.0,NaN
23.2833,-0.52275,-50.210,0.000,0.0,NaN
23.3000,-0.52278,-50.208,0.000,0.0,NaN
23.3167,-0.52282,-50.206,0.000,0.0,NaN
23.3333,-0.52285,-50.204,0.000,0.0,NaN
23.3500,-0.52289,-50.203,0.000,0.0,NaN
23.3667,-0.52292,-50.201,0.000,0.0,NaN
23.3833,-0.52296,-50.199,0.000,0.0,NaN
23.4000,-0.52299,-50.197,0.000,0.0,NaN
23.4167,-0.52302,-50.195,0.000,0.0,NaN
23.4333,-0.52306,-50.193,0.000,0.0,NaN
23.4500,-0.52309,-50.192,0.000,0.0,NaN
23.4667,-0.52313,-50.190,0.000,0.0,NaN
23.4833,-0.52316,-50.188,0.000,0.0,NaN
23.5000,-0.52320,-50.186,0.000,0.0,NaN
23.5167,-0.52323,-50.184,0.000,0.0,NaN
23.5333,-0.52326,-50.182,0.000,0.0,NaN
23.5500,-0.52330,-50.181,0.000,0.0,NaN
23.5667,-0.52333,-50.179,0.000,0.0,NaN
23.5833,-0.52337,-50.177,0.000,0.0,NaN
23.6000,-0.52340,-50.175,0.000,0.0,NaN
23.6167,-0.52344,-50.173,0.000,0.0,NaN
23.6333,-0.52347,-50.171,0.000,0.0,NaN
23.6500,-0.52350,-50.170,0.000,0.0,NaN
23.6667,-0.52354,-50.168,0.000,0.0,NaN
23.6833,-0.52357,-50.166,0.000,0.0,NaN
23.7000,-0.52361,-50.164,0.000,0.0,NaN
23.7167,-0.52364,-50.162,0.000,0.0,NaN
23.7333,-0.52368,-50.160,0.000,0.0,NaN
23.7500,-0.52371,-50.158,0.000,0.0,NaN
23.7667,-0.52374,-50.157,0.000,0.0,NaN
23.7833,-0.52378,-50.155,0.000,0.0,NaN
23.8000,-0.52381,-50.153,0.000,0.0,NaN
23.8167,-0.52385,-50.151,0.000,0.0,NaN
23.8333,-0.52388,-50.149,0.000,0.0,NaN
23.8500,-0.52392,-50.147,0.000,0.0,NaN
23.8667,-0.52395,-50.145,0.000,0.0,NaN
23.8833,-0.52398,-50.144,0.000,0.0,NaN
23.9000,-0.52402,-50.142,0.000,0.0,NaN
23.9167,-0.52405,-50.140,0.000,0.0,NaN
23.9333,-0.52409,-50.138,0.000,0.0,NaN
23.9500,-0.52412,-50.136,0.000,0.0,NaN
23.9667,-0.52415,-50.134,0.000,0.0,NaN
23.9833,-0.52419,-50.132,0.000,0.0,NaN
24.0000,-0.52422,-50.131,0.000,0.0,NaN
24.0167,-0.52426,-50.129,0.000,0.0,NaN
24.0333,-0.52429,-50.127,0.000,0.0,NaN
24.0500,-0.52433,-50.125,0.000,0.0,NaN
24.0667,-0.52436,-50.123,0.000,0.0,NaN
24.0833,-0.52439,-50.121,0.000,0.0,NaN
24.1000,-0.52443,-50.119,0.000,0.0,NaN
24.1167,-0.52446,-50.117,0.000,0.0,NaN
24.1333,-0.52450,-50.116,0.000,0.0,NaN
24.1500,-0.52453,-50.114,0.000,0.0,NaN
24.1667,-0.52457,-50.112,0.000,0.0,NaN
24.1833,-0.52460,-50.110,0.000,0.0,NaN
24.2000,-0.52463,-50.108,0.000,0.0,NaN
24.2167,-0.52467,-50.106,0.000,0.0,NaN
24.2333,-0.52470,-50.104,0.000,0.0,NaN
24.2500,-0.52474,-50.102,0.000,0.0,NaN
24.2667,-0.52477,-50.101,0.000,0.0,NaN
24.2833,-0.52481,-50.099,0.000,0.0,NaN
24.3000,-0.52484,-50.097,0.000,0.0,NaN
24.3167,-0.52487,-50.095,0.000,0.0,NaN
24.3333,-0.52491,-50.093,0.000,0.0,NaN
24.3500,-0.52494,-50.091,0.000,0.0,NaN
24.3667,-0.52498,-50.089,0.000,0.0,NaN
24.3833,-0.52501,-50.087,0.000,0.0,NaN
24.4000,-0.52505,-50.085,0.000,0.0,NaN
24.4167,-0.52508,-50.083,0.000,0.0,NaN
24.4333,-0.52512,-50.082,0.000,0.0,NaN
24.4500,-0.52515,-50.080,0.000,0.0,NaN
24.4667,-0.52518,-50.078,0.000,0.0,NaN
24.4833,-0.52522,-50.076,0.000,0.0,NaN
24.5000,-0.52525,-50.074,0.000,0.0,NaN
24.5167,-0.52529,-50.072,0.000,0.0,NaN
24.5333,-0.52532,-50.070,0.000,0.0,NaN
24.5500,-0.52536,-50.068,0.000,0.0,NaN
24.5667,-0.52539,-50.066,0.000,0.0,NaN
24.5833,-0.52542,-50.064,0.000,0.0,NaN
24.6000,-0.52546,-50.062,0.000,0.0,NaN
24.6167,-0.52549,-50.060,0.000,0.0,NaN
24.6333,-0.52553,-50.059,0.000,0.0,NaN
24.6500,-0.52556,-50.057,0.000,0.0,NaN
24.6667,-0.52560,-50.055,0.000,0.0,NaN
24.6833,-0.52563,-50.053,0.000,0.0,NaN
24.7000,-0.52567,-50.051,0.000,0.0,NaN
24.7167,-0.52570,-50.049,0.000,0.0,NaN
24.7333,-0.52573,-50.047,0.000,0.0,NaN
24.7500,-0.52577,-50.045,0.000,0.0,NaN
24.7667,-0.52580,-50.043,0.000,0.0,NaN
24.7833,-0.52584,-50.041,0.000,0.0,NaN
24.8000,-0.52587,-50.039,0.000,0.0,NaN
24.8167,-0.52591,-50.037,0.000,0.0,NaN
24.8333,-0.52594,-50.035,0.000,0.0,NaN
24.8500,-0.52598,-50.033,0.000,0.0,NaN
24.8667,-0.52601,-50.031,0.000,0.0,NaN
24.8833,-0.52605,-50.029,0.000,0.0,NaN
24.9000,-0.52608,-50.027,0.000,0.0,NaN
24.9167,-0.52611,-50.025,0.000,0.0,NaN
24.9333,-0.52615,-50.023,0.000,0.0,NaN
24.9500,-0.52618,-50.022,0.000,0.0,NaN
24.9667,-0.52622,-50.020,0.000,0.0,NaN
24.9833,-0.52625,-50.018,0.000,0.0,NaN
25.0000,-0.52629,-50.016,0.000,0.0,NaN
25.0167,-0.52632,-50.014,0.000,0.0,NaN
25.0333,-0.52636,-50.012,0.000,0.0,NaN
25.0500,-0.52639,-50.010,0.000,0.0,NaN
25.0667,-0.52643,-50.008,0.000,0.0,NaN
25.0833,-0.52646,-50.006,0.000,0.0,NaN
25.1000,-0.52650,-50.004,0.000,0.0,NaN
25.1167,-0.52653,-50.002,0.000,0.0,NaN
25.1333,-0.52656,-50.000,0.000,0.0,NaN
25.1500,-0.52660,-49.998,0.000,0.0,NaN
25.1667,-0.52663,-49.996,0.000,0.0,NaN
25.1833,-0.52667,-49.994,0.000,0.0,NaN
25.2000,-0.52670,-49.992,0.000,0.0,NaN
25.2167,-0.52674,-49.990,0.000,0.0,NaN
25.2333,-0.52677,-49.988,0.000,0.0,NaN
25.2500,-0.52681,-49.986,0.000,0.0,NaN
25.2667,-0.52684,-49.984,0.000,0.0,NaN
25.2833,-0.52688,-49.982,0.000,0.0,NaN
25.3000,-0.52691,-49.980,0.000,0.0,NaN
25.3167,-0.52695,-49.978,0.000,0.0,NaN
25.3333,-0.52698,-49.976,0.000,0.0,NaN
25.3500,-0.52702,-49.974,0.000,0.0,NaN
25.3667,-0.52705,-49.972,0.000,0.0,NaN
25.3833,-0.52709,-49.970,0.000,0.0,NaN
25.4000,-0.52712,-49.968,0.000,0.0,NaN
25.4167,-0.52716,-49.966,0.000,0.0,NaN
25.4333,-0.52719,-49.964,0.000,0.0,NaN
25.4500,-0.52723,-49.962,0.000,0.0,NaN
25.4667,-0.52726,-49.960,0.000,0.0,NaN
25.4833,-0.52730,-49.958,0.000,0.0,NaN
25.5000,-0.52733,-49.956,0.000,0.0,NaN
25.5167,-0.52736,-49.954,0.000,0.0,NaN
25.5333,-0.52740,-49.952,0.000,0.0,NaN
25.5500,-0.52743,-49.950,0.000,0.0,NaN
25.5667,-0.52747,-49.948,0.000,0.0,NaN
25.5833,-0.52750,-49.946,0.000,0.0,NaN
25.6000,-0.52754,-49.944,0.000,0.0,NaN
25.6167,-0.52757,-49.941,0.000,0.0,NaN
25.6333,-0.52761,-49.939,0.000,0.0,NaN
25.6500,-0.52764,-49.937,0.000,0.0,NaN
25.6667,-0.52768,-49.935,0.000,0.0,NaN
25.6833,-0.52771,-49.933,0.000,0.0,NaN
25.7000,-0.52775,-49.931,0.000,0.0,NaN
25.7167,-0.52778,-49.929,0.000,0.0,NaN
25.7333,-0.52782,-49.927,0.000,0.0,NaN
25.7500,-0.52786,-49.925,0.000,0.0,NaN
25.7667,-0.52789,-49.923,0.000,0.0,NaN
25.7833,-0.52793,-49.921,0.000,0.0,NaN
25.8000,-0.52796,-49.919,0.000,0.0,NaN
25.8167,-0.52800,-49.917,0.000,0.0,NaN
25.8333,-0.52803,-49.915,0.000,0.0,NaN
25.8500,-0.52807,-49.913,0.000,0.0,NaN
25.8667,-0.52810,-49.911,0.000,0.0,NaN
25.8833,-0.52814,-49.909,0.000,0.0,NaN
25.9000,-0.52817,-49.906,0.000,0.0,NaN
25.9167,-0.52821,-49.904,0.000,0.0,NaN
25.9333,-0.52824,-49.902,0.000,0.0,NaN
25.9500,-0.52828,-49.900,0.000,0.0,NaN
25.9667,-0.52831,-49.898,0.000,0.0,NaN
25.9833,-0.52835,-49.896,0.000,0.0,NaN
26.0000,-0.52838,-49.894,0.000,0.0,NaN
26.0167,-0.52842,-49.892,0.000,0.0,NaN
26.0333,-0.52845,-49.890,0.000,0.0,NaN
26.0500,-0.52849,-49.888,0.000,0.0,NaN
26.0667,-0.52852,-49.886,0.000,0.0,NaN
26.0833,-0.52856,-49.883,0.000,0.0,NaN
26.1000,-0.52860,-49.881,0.000,0.0,NaN
26.1167,-0.52863,-49.879,0.000,0.0,NaN
26.1333,-0.52867,-49.877,0.000,0.0,NaN
26.1500,-0.52870,-49.875,0.000,0.0,NaN
26.1667,-0.52874,-49.873,0.000,0.0,NaN
26.1833,-0.52877,-49.871,0.000,0.0,NaN
26.2000,-0.52881,-49.869,0.000,0.0,NaN
26.2167,-0.52884,-49.867,0.000,0.0,NaN
26.2333,-0.52888,-49.864,0.000,0.0,NaN
26.2500,-0.52891,-49.862,0.000,0.0,NaN
26.2667,-0.52895,-49.860,0.000,0.0,NaN
26.2833,-0.52899,-49.858,0.000,0.0,NaN
26.3000,-0.52902,-49.856,0.000,0.0,NaN
26.3167,-0.52906,-49.854,0.000,0.0,NaN
26.3333,-0.52909,-49.852,0.000,0.0,NaN
26.3500,-0.52913,-49.850,0.000,0.0,NaN
26.3667,-0.52916,-49.847,0.000,0.0,NaN
26.3833,-0.52920,-49.845,0.000,0.0,NaN
26.4000,-0.52923,-49.843,0.000,0.0,NaN
26.4167,-0.52927,-49.841,0.000,0.0,NaN
26.4333,-0.52931,-49.839,0.000,0.0,NaN
26.4500,-0.52934,-49.837,0.000,0.0,NaN
26.4667,-0.52938,-49.835,0.000,0.0,NaN
26.4833,-0.52941,-49.832,0.000,0.0,NaN
26.5000,-0.52945,-49.830,0.000,0.0,NaN
26.5167,-0.52948,-49.828,0.000,0.0,NaN
26.5333,-0.52952,-49.826,0.000,0.0,NaN
26.5500,-0.52955,-49.824,0.000,0.0,NaN
26.5667,-0.52959,-49.822,0.000,0.0,NaN
26.5833,-0.52962,-49.819,0.000,0.0,NaN
26.6000,-0.52966,-49.817,0.000,0.0,NaN
26.6167,-0.52970,-49.815,0.000,0.0,NaN
26.6333,-0.52973,-49.813,0.000,0.0,NaN
26.6500,-0.52977,-49.811,0.000,0.0,NaN
26.6667,-0.52980,-49.809,0.000,0.0,NaN
26.6833,-0.52984,-49.806,0.000,0.0,NaN
26.7000,-0.52987,-49.804,0.000,0.0,NaN
26.7167,-0.52991,-49.802,0.000,0.0,NaN
26.7333,-0.52994,-49.800,0.000,0.0,NaN
26.7500,-0.52998,-49.798,0.000,0.0,NaN
26.7667,-0.53001,-49.796,0.000,0.0,NaN
26.7833,-0.53005,-49.793,0.000,0.0,NaN
26.8000,-0.53009,-49.791,0.000,0.0,NaN
26.8167,-0.53012,-49.789,0.000,0.0,NaN
26.8333,-0.53016,-49.787,0.000,0.0,NaN
26.8500,-0.53019,-49.785,0.000,0.0,NaN
26.8667,-0.53023,-49.783,0.000,0.0,NaN
26.8833,-0.53026,-49.780,0.000,0.0,NaN
26.9000,-0.53030,-49.778,0.000,0.0,NaN
26.9167,-0.53033,-49.776,0.000,0.0,NaN
26.9333,-0.53037,-49.774,0.000,0.0,NaN
26.9500,-0.53040,-49.772,0.000,0.0,NaN
26.9667,-0.53044,-49.770,0.000,0.0,NaN
26.9833,-0.53048,-49.767,0.000,0.0,NaN
27.0000,-0.53051,-49.765,0.000,0.0,NaN
27.0167,-0.53055,-49.763,0.000,0.0,NaN
27.0333,-0.53058,-49.761,0.000,0.0,NaN
27.0500,-0.53062,-49.759,0.000,0.0,NaN
27.0667,-0.53065,-49.757,0.000,0.0,NaN
27.0833,-0.53069,-49.754,0.000,0.0,NaN
27.1000,-0.53072,-49.752,0.000,0.0,NaN
27.1167,-0.53076,-49.750,0.000,0.0,NaN
27.1333,-0.53079,-49.748,0.000,0.0,NaN
27.1500,-0.53083,-49.746,0.000,0.0,NaN
27.1667,-0.53087,-49.744,0.000,0.0,NaN
27.1833,-0.53090,-49.741,0.000,0.0,NaN
27.2000,-0.53094,-49.739,0.000,0.0,NaN
27.2167,-0.53097,-49.737,0.000,0.0,NaN
27.2333,-0.53101,-49.735,0.000,0.0,NaN
27.2500,-0.53104,-49.733,0.000,0.0,NaN
27.2667,-0.53108,-49.731,0.000,0.0,NaN
27.2833,-0.53111,-49.728,0.000,0.0,NaN
27.3000,-0.53115,-49.726,0.000,0.0,NaN
27.3167,-0.53118,-49.724,0.000,0.0,NaN
27.3333,-0.53122,-49.722,0.000,0.0,NaN
27.3500,-0.53126,-49.720,0.000,0.0,NaN
27.3667,-0.53129,-49.718,0.000,0.0,NaN
27.3833,-0.53133,-49.715,0.000,0.0,NaN
27.4000,-0.53136,-49.713,0.000,0.0,NaN
27.4167,-0.53140,-49.711,0.000,0.0,NaN
27.4333,-0.53143,-49.709,0.000,0.0,NaN
27.4500,-0.53147,-49.707,0.000,0.0,NaN
27.4667,-0.53150,-49.704,0.000,0.0,NaN
27.4833,-0.53154,-49.702,0.000,0.0,NaN
27.5000,-0.53157,-49.700,0.000,0.0,NaN
27.5167,-0.53161,-49.698,0.000,0.0,NaN
27.5333,-0.53165,-49.696,0.000,0.0,NaN
27.5500,-0.53168,-49.693,0.000,0.0,NaN
27.5667,-0.53172,-49.691,0.000,0.0,NaN
27.5833,-0.53175,-49.689,0.000,0.0,NaN
27.6000,-0.53179,-49.687,0.000,0.0,NaN
27.6167,-0.53182,-49.685,0.000,0.0,NaN
27.6333,-0.53186,-49.682,0.000,0.0,NaN
27.6500,-0.53189,-49.680,0.000,0.0,NaN
27.6667,-0.53193,-49.678,0.000,0.0,NaN
27.6833,-0.53197,-49.676,0.000,0.0,NaN
27.7000,-0.53200,-49.674,0.000,0.0,NaN
27.7167,-0.53204,-49.671,0.000,0.0,NaN
27.7333,-0.53207,-49.669,0.000,0.0,NaN
27.7500,-0.53211,-49.667,0.000,0.0,NaN
27.7667,-0.53214,-49.665,0.000,0.0,NaN
27.7833,-0.53218,-49.663,0.000,0.0,NaN
27.8000,-0.53222,-49.660,0.000,0.0,NaN
27.8167,-0.53225,-49.658,0.000,0.0,NaN
27.8333,-0.53229,-49.656,0.000,0.0,NaN
27.8500,-0.53232,-49.654,0.000,0.0,NaN
27.8667,-0.53236,-49.651,0.000,0.0,NaN
27.8833,-0.53239,-49.649,0.000,0.0,NaN
27.9000,-0.53243,-49.647,0.000,0.0,NaN
27.9167,-0.53246,-49.645,0.000,0.0,NaN
27.9333,-0.53250,-49.642,0.000,0.0,NaN
27.9500,-0.53254,-49.640,0.000,0.0,NaN
27.9667,-0.53257,-49.638,0.000,0.0,NaN
27.9833,-0.53261,-49.636,0.000,0.0,NaN
28.0000,-0.53264,-49.634,0.000,0.0,NaN
28.0167,-0.53268,-49.631,0.000,0.0,NaN
28.0333,-0.53271,-49.629,0.000,0.0,NaN
28.0500,-0.53275,-49.627,0.000,0.0,NaN
28.0667,-0.53279,-49.624,0.000,0.0,NaN
28.0833,-0.53282,-49.622,0.000,0.0,NaN
28.1000,-0.53286,-49.620,0.000,0.0,NaN
28.1167,-0.53289,-49.618,0.000,0.0,NaN
28.1333,-0.53293,-49.615,0.000,0.0,NaN
28.1500,-0.53297,-49.613,0.000,0.0,NaN
28.1667,-0.53300,-49.611,0.000,0.0,NaN
28.1833,-0.53304,-49.609,0.000,0.0,NaN
28.2000,-0.53307,-49.606,0.000,0.0,NaN
28.2167,-0.53311,-49.604,0.000,0.0,NaN
28.2333,-0.53314,-49.602,0.000,0.0,NaN
28.2500,-0.53318,-49.600,0.000,0.0,NaN
28.2667,-0.53322,-49.597,0.000,0.0,NaN
28.2833,-0.53325,-49.595,0.000,0.0,NaN
28.3000,-0.53329,-49.593,0.000,0.0,NaN
28.3167,-0.53332,-49.590,0.000,0.0,NaN
28.3333,-0.53336,-49.588,0.000,0.0,NaN
28.3500,-0.53340,-49.586,0.000,0.0,NaN
28.3667,-0.53343,-49.584,0.000,0.0,NaN
28.3833,-0.53347,-49.581,0.000,0.0,NaN
28.4000,-0.53350,-49.579,0.000,0.0,NaN
28.4167,-0.53354,-49.577,0.000,0.0,NaN
28.4333,-0.53357,-49.574,0.000,0.0,NaN
28.4500,-0.53361,-49.572,0.000,0.0,NaN
28.4667,-0.53365,-49.570,0.000,0.0,NaN
28.4833,-0.53368,-49.567,0.000,0.0,NaN
28.5000,-0.53372,-49.565,0.000,0.0,NaN
28.5167,-0.53375,-49.563,0.000,0.0,NaN
28.5333,-0.53379,-49.561,0.000,0.0,NaN
28.5500,-0.53383,-49.558,0.000,0.0,NaN
28.5667,-0.53386,-49.556,0.000,0.0,NaN
28.5833,-0.53390,-49.554,0.000,0.0,NaN
28.6000,-0.53393,-49.551,0.000,0.0,NaN
28.6167,-0.53397,-49.549,0.000,0.0,NaN
28.6333,-0.53401,-49.547,0.000,0.0,NaN
28.6500,-0.53404,-49.544,0.000,0.0,NaN
28.6667,-0.53408,-49.542,0.000,0.0,NaN
28.6833,-0.53412,-49.540,0.000,0.0,NaN
28.7000,-0.53415,-49.537,0.000,0.0,NaN
28.7167,-0.53419,-49.535,0.000,0.0,NaN
28.7333,-0.53422,-49.533,0.000,0.0,NaN
28.7500,-0.53426,-49.530,0.000,0.0,NaN
28.7667,-0.53430,-49.528,0.000,0.0,NaN
28.7833,-0.53433,-49.526,0.000,0.0,NaN
28.8000,-0.53437,-49.523,0.000,0.0,NaN
28.8167,-0.53440,-49.521,0.000,0.0,NaN
28.8333,-0.53444,-49.519,0.000,0.0,NaN
28.8500,-0.53448,-49.516,0.000,0.0,NaN
28.8667,-0.53451,-49.514,0.000,0.0,NaN
28.8833,-0.53455,-49.512,0.000,0.0,NaN
28.9000,-0.53459,-49.509,0.000,0.0,NaN
28.9167,-0.53462,-49.507,0.000,0.0,NaN
28.9333,-0.53466,-49.505,0.000,0.0,NaN
28.9500,-0.53469,-49.502,0.000,0.0,NaN
28.9667,-0.53473,-49.500,0.000,0.0,NaN
28.9833,-0.53477,-49.498,0.000,0.0,NaN
29.0000,-0.53480,-49.495,0.000,0.0,NaN
29.0167,-0.53484,-49.493,0.000,0.0,NaN
29.0333,-0.53488,-49.491,0.000,0.0,NaN
29.0500,-0.53491,-49.488,0.000,0.0,NaN
29.0667,-0.53495,-49.486,0.000,0.0,NaN
29.0833,-0.53498,-49.484,0.000,0.0,NaN
29.1000,-0.53502,-49.481,0.000,0.0,NaN
29.1167,-0.53506,-49.479,0.000,0.0,NaN
29.1333,-0.53509,-49.476,0.000,0.0,NaN
29.1500,-0.53513,-49.474,0.000,0.0,NaN
29.1667,-0.53517,-49.472,0.000,0.0,NaN
29.1833,-0.53520,-49.469,0.000,0.0,NaN
29.2000,-0.53524,-49.467,0.000,0.0,NaN
29.2167,-0.53528,-49.465,0.000,0.0,NaN
29.2333,-0.53531,-49.462,0.000,0.0,NaN
29.2500,-0.53535,-49.460,0.000,0.0,NaN
29.2667,-0.53538,-49.457,0.000,0.0,NaN
29.2833,-0.53542,-49.455,0.000,0.0,NaN
29.3000,-0.53546,-49.453,0.000,0.0,NaN
29.3167,-0.53549,-49.450,0.000,0.0,NaN
29.3333,-0.53553,-49.448,0.000,0.0,NaN
29.3500,-0.53557,-49.445,0.000,0.0,NaN
29.3667,-0.53560,-49.443,0.000,0.0,NaN
29.3833,-0.53564,-49.441,0.000,0.0,NaN
29.4000,-0.53568,-49.438,0.000,0.0,NaN
29.4167,-0.53571,-49.436,0.000,0.0,NaN
29.4333,-0.53575,-49.433,0.000,0.0,NaN
29.4500,-0.53579,-49.431,0.000,0.0,NaN
29.4667,-0.53582,-49.429,0.000,0.0,NaN
29.4833,-0.53586,-49.426,0.000,0.0,NaN
29.5000,-0.53590,-49.424,0.000,0.0,NaN
29.5167,-0.53593,-49.421,0.000,0.0,NaN
29.5333,-0.53597,-49.419,0.000,0.0,NaN
29.5500,-0.53601,-49.416,0.000,0.0,NaN
29.5667,-0.53604,-49.414,0.000,0.0,NaN
29.5833,-0.53608,-49.412,0.000,0.0,NaN
29.6000,-0.53612,-49.409,0.000,0.0,NaN
29.6167,-0.53615,-49.407,0.000,0.0,NaN
29.6333,-0.53619,-49.404,0.000,0.0,NaN
29.6500,-0.53623,-49.402,0.000,0.0,NaN
29.6667,-0.53626,-49.399,0.000,0.0,NaN
29.6833,-0.53630,-49.397,0.000,0.0,NaN
29.7000,-0.53634,-49.394,0.000,0.0,NaN
29.7167,-0.53637,-49.392,0.000,0.0,NaN
29.7333,-0.53641,-49.390,0.000,0.0,NaN
29.7500,-0.53645,-49.387,0.000,0.0,NaN
29.7667,-0.53649,-49.385,0.000,0.0,NaN
29.7833,-0.53652,-49.382,0.000,0.0,NaN
29.8000,-0.53656,-49.380,0.000,0.0,NaN
29.8167,-0.53660,-49.377,0.000,0.0,NaN
29.8333,-0.53663,-49.375,0.000,0.0,NaN
29.8500,-0.53667,-49.372,0.000,0.0,NaN
29.8667,-0.53671,-49.370,0.000,0.0,NaN
29.8833,-0.53674,-49.367,0.000,0.0,NaN
29.9000,-0.53678,-49.365,0.000,0.0,NaN
29.9167,-0.53682,-49.362,0.000,0.0,NaN
29.9333,-0.53686,-49.360,0.000,0.0,NaN
29.9500,-0.53689,-49.357,0.000,0.0,NaN
29.9667,-0.53693,-49.355,0.000,0.0,NaN
29.9833,-0.53697,-49.352,0.000,0.0,NaN
30.0000,-0.53700,-49.350,0.000,0.0,NaN
30.0167,-0.53704,-49.347,0.000,0.0,NaN
30.0333,-0.53708,-49.345,0.000,0.0,NaN
30.0500,-0.53712,-49.342,0.000,0.0,NaN
30.0667,-0.53715,-49.340,0.000,0.0,NaN
30.0833,-0.53719,-49.337,0.000,0.0,NaN
30.1000,-0.53723,-49.335,0.000,0.0,NaN
30.1167,-0.53727,-49.332,0.000,0.0,NaN
30.1333,-0.53730,-49.330,0.000,0.0,NaN
30.1500,-0.53734,-49.327,0.000,0.0,NaN
30.1667,-0.53738,-49.325,0.000,0.0,NaN
30.1833,-0.53742,-49.322,0.000,0.0,NaN
30.2000,-0.53745,-49.320,0.000,0.0,NaN
30.2167,-0.53749,-49.317,0.000,0.0,NaN
30.2333,-0.53753,-49.314,0.000,0.0,NaN
30.2500,-0.53757,-49.312,0.000,0.0,NaN
30.2667,-0.53760,-49.309,0.000,0.0,NaN
30.2833,-0.53764,-49.307,0.000,0.0,NaN
30.3000,-0.53768,-49.304,0.000,0.0,NaN
30.3167,-0.53772,-49.302,0.000,0.0,NaN
30.3333,-0.53775,-49.299,0.000,0.0,NaN
30.3500,-0.53779,-49.297,0.000,0.0,NaN
30.3667,-0.53783,-49.294,0.000,0.0,NaN
30.3833,-0.53787,-49.291,0.000,0.0,NaN
30.4000,-0.53790,-49.289,0.000,0.0,NaN
30.4167,-0.53794,-49.286,0.000,0.0,NaN
30.4333,-0.53798,-49.284,0.000,0.0,NaN
30.4500,-0.53802,-49.281,0.000,0.0,NaN
30.4667,-0.53805,-49.279,0.000,0.0,NaN
30.4833,-0.53809,-49.276,0.000,0.0,NaN
30.5000,-0.53813,-49.273,0.000,0.0,NaN
30.5167,-0.53817,-49.271,0.000,0.0,NaN
30.5333,-0.53821,-49.268,0.000,0.0,NaN
30.5500,-0.53824,-49.266,0.000,0.0,NaN
30.5667,-0.53828,-49.263,0.000,0.0,NaN
30.5833,-0.53832,-49.260,0.000,0.0,NaN
30.6000,-0.53836,-49.258,0.000,0.0,NaN
30.6167,-0.53840,-49.255,0.000,0.0,NaN
30.6333,-0.53843,-49.252,0.000,0.0,NaN
30.6500,-0.53847,-49.250,0.000,0.0,NaN
30.6667,-0.53851,-49.247,0.000,0.0,NaN
30.6833,-0.53855,-49.245,0.000,0.0,NaN
30.7000,-0.53859,-49.242,0.000,0.0,NaN
30.7167,-0.53862,-49.239,0.000,0.0,NaN
30.7333,-0.53866,-49.237,0.000,0.0,NaN
30.7500,-0.53870,-49.234,0.000,0.0,NaN
30.7667,-0.53874,-49.231,0.000,0.0,NaN
30.7833,-0.53878,-49.229,0.000,0.0,NaN
30.8000,-0.53882,-49.226,0.000,0.0,NaN
30.8167,-0.53885,-49.223,0.000,0.0,NaN
30.8333,-0.53889,-49.221,0.000,0.0,NaN
30.8500,-0.53893,-49.218,0.000,0.0,NaN
30.8667,-0.53897,-49.215,0.000,0.0,NaN
30.8833,-0.53901,-49.213,0.000,0.0,NaN
30.9000,-0.53905,-49.210,0.000,0.0,NaN
30.9167,-0.53908,-49.207,0.000,0.0,NaN
30.9333,-0.53912,-49.205,0.000,0.0,NaN
30.9500,-0.53916,-49.202,0.000,0.0,NaN
30.9667,-0.53920,-49.199,0.000,0.0,NaN
30.9833,-0.53924,-49.197,0.000,0.0,NaN
31.0000,-0.53928,-49.194,0.000,0.0,NaN
31.0167,-0.53932,-49.191,0.000,0.0,NaN
31.0333,-0.53935,-49.188,0.000,0.0,NaN
31.0500,-0.53939,-49.186,0.000,0.0,NaN
31.0667,-0.53943,-49.183,0.000,0.0,NaN
31.0833,-0.53947,-49.180,0.000,0.0,NaN
31.1000,-0.53951,-49.178,0.000,0.0,NaN
31.1167,-0.53955,-49.175,0.000,0.0,NaN
31.1333,-0.53959,-49.172,0.000,0.0,NaN
31.1500,-0.53962,-49.169,0.000,0.0,NaN
31.1667,-0.53966,-49.167,0.000,0.0,NaN
31.1833,-0.53970,-49.164,0.000,0.0,NaN
31.2000,-0.53974,-49.161,0.000,0.0,NaN
31.2167,-0.53978,-49.158,0.000,0.0,NaN
31.2333,-0.53982,-49.156,0.000,0.0,NaN
31.2500,-0.53986,-49.153,0.000,0.0,NaN
31.2667,-0.53990,-49.150,0.000,0.0,NaN
31.2833,-0.53994,-49.147,0.000,0.0,NaN
31.3000,-0.53998,-49.145,0.000,0.0,NaN
31.3167,-0.54001,-49.142,0.000,0.0,NaN
31.3333,-0.54005,-49.139,0.000,0.0,NaN
31.3500,-0.54009,-49.136,0.000,0.0,NaN
31.3667,-0.54013,-49.133,0.000,0.0,NaN
31.3833,-0.54017,-49.131,0.000,0.0,NaN
31.4000,-0.54021,-49.128,0.000,0.0,NaN
31.4167,-0.54025,-49.125,0.000,0.0,NaN
31.4333,-0.54029,-49.122,0.000,0.0,NaN
31.4500,-0.54033,-49.119,0.000,0.0,NaN
31.4667,-0.54037,-49.117,0.000,0.0,NaN
31.4833,-0.54041,-49.114,0.000,0.0,NaN
31.5000,-0.54045,-49.111,0.000,0.0,NaN
31.5167,-0.54049,-49.108,0.000,0.0,NaN
31.5333,-0.54053,-49.105,0.000,0.0,NaN
31.5500,-0.54057,-49.103,0.000,0.0,NaN
31.5667,-0.54061,-49.100,0.000,0.0,NaN
31.5833,-0.54065,-49.097,0.000,0.0,NaN
31.6000,-0.54069,-49.094,0.000,0.0,NaN
31.6167,-0.54073,-49.091,0.000,0.0,NaN
31.6333,-0.54076,-49.088,0.000,0.0,NaN
31.6500,-0.54080,-49.085,0.000,0.0,NaN
31.6667,-0.54084,-49.082,0.000,0.0,NaN
31.6833,-0.54088,-49.080,0.000,0.0,NaN
31.7000,-0.54092,-49.077,0.000,0.0,NaN
31.7167,-0.54096,-49.074,0.000,0.0,NaN
31.7333,-0.54100,-49.071,0.000,0.0,NaN
31.7500,-0.54104,-49.068,0.000,0.0,NaN
31.7667,-0.54108,-49.065,0.000,0.0,NaN
31.7833,-0.54112,-49.062,0.000,0.0,NaN
31.8000,-0.54116,-49.059,0.000,0.0,NaN
31.8167,-0.54120,-49.056,0.000,0.0,NaN
31.8333,-0.54125,-49.053,0.000,0.0,NaN
31.8500,-0.54129,-49.051,0.000,0.0,NaN
31.8667,-0.54133,-49.048,0.000,0.0,NaN
31.8833,-0.54137,-49.045,0.000,0.0,NaN
31.9000,-0.54141,-49.042,0.000,0.0,NaN
31.9167,-0.54145,-49.039,0.000,0.0,NaN
31.9333,-0.54149,-49.036,0.000,0.0,NaN
31.9500,-0.54153,-49.033,0.000,0.0,NaN
31.9667,-0.54157,-49.030,0.000,0.0,NaN
31.9833,-0.54161,-49.027,0.000,0.0,NaN
32.0000,-0.54165,-49.024,0.000,0.0,NaN
32.0167,-0.54169,-49.021,0.000,0.0,NaN
32.0333,-0.54173,-49.018,0.000,0.0,NaN
32.0500,-0.54177,-49.015,0.000,0.0,NaN
32.0667,-0.54181,-49.012,0.000,0.0,NaN
32.0833,-0.54185,-49.009,0.000,0.0,NaN
32.1000,-0.54189,-49.006,0.000,0.0,NaN
32.1167,-0.54194,-49.003,0.000,0.0,NaN
32.1333,-0.54198,-49.000,0.000,0.0,NaN
32.1500,-0.54202,-48.997,0.000,0.0,NaN
32.1667,-0.54206,-48.994,0.000,0.0,NaN
32.1833,-0.54210,-48.991,0.000,0.0,NaN
32.2000,-0.54214,-48.988,0.000,0.0,NaN
32.2167,-0.54218,-48.985,0.000,0.0,NaN
32.2333,-0.54222,-48.982,0.000,0.0,NaN
32.2500,-0.54226,-48.979,0.000,0.0,NaN
32.2667,-0.54231,-48.976,0.000,0.0,NaN
32.2833,-0.54235,-48.972,0.000,0.0,NaN
32.3000,-0.54239,-48.969,0.000,0.0,NaN
32.3167,-0.54243,-48.966,0.000,0.0,NaN
32.3333,-0.54247,-48.963,0.000,0.0,NaN
32.3500,-0.54251,-48.960,0.000,0.0,NaN
32.3667,-0.54256,-48.957,0.000,0.0,NaN
32.3833,-0.54260,-48.954,0.000,0.0,NaN
32.4000,-0.54264,-48.951,0.000,0.0,NaN
32.4167,-0.54268,-48.948,0.000,0.0,NaN
32.4333,-0.54272,-48.944,0.000,0.0,NaN
32.4500,-0.54276,-48.941,0.000,0.0,NaN
32.4667,-0.54281,-48.938,0.000,0.0,NaN
32.4833,-0.54285,-48.935,0.000,0.0,NaN
32.5000,-0.54289,-48.932,0.000,0.0,NaN
32.5167,-0.54293,-48.929,0.000,0.0,NaN
32.5333,-0.54297,-48.926,0.000,0.0,NaN
32.5500,-0.54302,-48.922,0.000,0.0,NaN
32.5667,-0.54306,-48.919,0.000,0.0,NaN
32.5833,-0.54310,-48.916,0.000,0.0,NaN
32.6000,-0.54314,-48.913,0.000,0.0,NaN
32.6167,-0.54319,-48.910,0.000,0.0,NaN
32.6333,-0.54323,-48.906,0.000,0.0,NaN
32.6500,-0.54327,-48.903,0.000,0.0,NaN
32.6667,-0.54331,-48.900,0.000,0.0,NaN
32.6833,-0.54336,-48.897,0.000,0.0,NaN
32.7000,-0.54340,-48.893,0.000,0.0,NaN
32.7167,-0.54344,-48.890,0.000,0.0,NaN
32.7333,-0.54348,-48.887,0.000,0.0,NaN
32.7500,-0.54353,-48.884,0.000,0.0,NaN
32.7667,-0.54357,-48.880,0.000,0.0,NaN
32.7833,-0.54361,-48.877,0.000,0.0,NaN
32.8000,-0.54366,-48.874,0.000,0.0,NaN
32.8167,-0.54370,-48.870,0.000,0.0,NaN
32.8333,-0.54374,-48.867,0.000,0.0,NaN
32.8500,-0.54379,-48.864,0.000,0.0,NaN
32.8667,-0.54383,-48.861,0.000,0.0,NaN
32.8833,-0.54387,-48.857,0.000,0.0,NaN
32.9000,-0.54392,-48.854,0.000,0.0,NaN
32.9167,-0.54396,-48.850,0.000,0.0,NaN
32.9333,-0.54400,-48.847,0.000,0.0,NaN
32.9500,-0.54405,-48.844,0.000,0.0,NaN
32.9667,-0.54409,-48.840,0.000,0.0,NaN
32.9833,-0.54413,-48.837,0.000,0.0,NaN
33.0000,-0.54418,-48.834,0.000,0.0,NaN
33.0167,-0.54422,-48.830,0.000,0.0,NaN
33.0333,-0.54427,-48.827,0.000,0.0,NaN
33.0500,-0.54431,-48.823,0.000,0.0,NaN
33.0667,-0.54435,-48.820,0.000,0.0,NaN
33.0833,-0.54440,-48.817,0.000,0.0,NaN
33.1000,-0.54444,-48.813,0.000,0.0,NaN
33.1167,-0.54449,-48.810,0.000,0.0,NaN
33.1333,-0.54453,-48.806,0.000,0.0,NaN
33.1500,-0.54458,-48.803,0.000,0.0,NaN
33.1667,-0.54462,-48.799,0.000,0.0,NaN
33.1833,-0.54466,-48.796,0.000,0.0,NaN
33.2000,-0.54471,-48.792,0.000,0.0,NaN
33.2167,-0.54475,-48.789,0.000,0.0,NaN
33.2333,-0.54480,-48.785,0.000,0.0,NaN
33.2500,-0.54484,-48.782,0.000,0.0,NaN
33.2667,-0.54489,-48.778,0.000,0.0,NaN
33.2833,-0.54493,-48.775,0.000,0.0,NaN
33.3000,-0.54498,-48.771,0.000,0.0,NaN
33.3167,-0.54502,-48.768,0.000,0.0,NaN
33.3333,-0.54507,-48.764,0.000,0.0,NaN
33.3500,-0.54511,-48.760,0.000,0.0,NaN
33.3667,-0.54516,-48.757,0.000,0.0,NaN
33.3833,-0.54521,-48.753,0.000,0.0,NaN
33.4000,-0.54525,-48.750,0.000,0.0,NaN
33.4167,-0.54530,-48.746,0.000,0.0,NaN
33.4333,-0.54534,-48.742,0.000,0.0,NaN
33.4500,-0.54539,-48.739,0.000,0.0,NaN
33.4667,-0.54543,-48.735,0.000,0.0,NaN
33.4833,-0.54548,-48.731,0.000,0.0,NaN
33.5000,-0.54553,-48.728,0.000,0.0,NaN
33.5167,-0.54557,-48.724,0.000,0.0,NaN
33.5333,-0.54562,-48.720,0.000,0.0,NaN
33.5500,-0.54567,-48.717,0.000,0.0,NaN
33.5667,-0.54571,-48.713,0.000,0.0,NaN
33.5833,-0.54576,-48.709,0.000,0.0,NaN
33.6000,-0.54580,-48.705,0.000,0.0,NaN
33.6167,-0.54585,-48.702,0.000,0.0,NaN
33.6333,-0.54590,-48.698,0.000,0.0,NaN
33.6500,-0.54595,-48.694,0.000,0.0,NaN
33.6667,-0.54599,-48.690,0.000,0.0,NaN
33.6833,-0.54604,-48.687,0.000,0.0,NaN
33.7000,-0.54609,-48.683,0.000,0.0,NaN
33.7167,-0.54613,-48.679,0.000,0.0,NaN
33.7333,-0.54618,-48.675,0.000,0.0,NaN
33.7500,-0.54623,-48.671,0.000,0.0,NaN
33.7667,-0.54628,-48.667,0.000,0.0,NaN
33.7833,-0.54632,-48.663,0.000,0.0,NaN
33.8000,-0.54637,-48.660,0.000,0.0,NaN
33.8167,-0.54642,-48.656,0.000,0.0,NaN
33.8333,-0.54647,-48.652,0.000,0.0,NaN
33.8500,-0.54652,-48.648,0.000,0.0,NaN
33.8667,-0.54656,-48.644,0.000,0.0,NaN
33.8833,-0.54661,-48.640,0.000,0.0,NaN
33.9000,-0.54666,-48.636,0.000,0.0,NaN
33.9167,-0.54671,-48.632,0.000,0.0,NaN
33.9333,-0.54676,-48.628,0.000,0.0,NaN
33.9500,-0.54681,-48.624,0.000,0.0,NaN
33.9667,-0.54686,-48.620,0.000,0.0,NaN
33.9833,-0.54690,-48.616,0.000,0.0,NaN
34.0000,-0.54695,-48.612,0.000,0.0,NaN
34.0167,-0.54700,-48.608,0.000,0.0,NaN
34.0333,-0.54705,-48.604,0.000,0.0,NaN
34.0500,-0.54710,-48.600,0.000,0.0,NaN
34.0667,-0.54715,-48.595,0.000,0.0,NaN
34.0833,-0.54720,-48.591,0.000,0.0,NaN
34.1000,-0.54725,-48.587,0.000,0.0,NaN
34.1167,-0.54730,-48.583,0.000,0.0,NaN
34.1333,-0.54735,-48.579,0.000,0.0,NaN
34.1500,-0.54740,-48.575,0.000,0.0,NaN
34.1667,-0.54745,-48.570,0.000,0.0,NaN
34.1833,-0.54750,-48.566,0.000,0.0,NaN
34.2000,-0.54755,-48.562,0.000,0.0,NaN
34.2167,-0.54760,-48.558,0.000,0.0,NaN
34.2333,-0.54766,-48.553,0.000,0.0,NaN
34.2500,-0.54771,-48.549,0.000,0.0,NaN
34.2667,-0.54776,-48.545,0.000,0.0,NaN
34.2833,-0.54781,-48.541,0.000,0.0,NaN
34.3000,-0.54786,-48.536,0.000,0.0,NaN
34.3167,-0.54791,-48.532,0.000,0.0,NaN
34.3333,-0.54796,-48.527,0.000,0.0,NaN
34.3500,-0.54802,-48.523,0.000,0.0,NaN
34.3667,-0.54807,-48.519,0.000,0.0,NaN
34.3833,-0.54812,-48.514,0.000,0.0,NaN
34.4000,-0.54817,-48.510,0.000,0.0,NaN
34.4167,-0.54823,-48.505,0.000,0.0,NaN
34.4333,-0.54828,-48.501,0.000,0.0,NaN
34.4500,-0.54833,-48.496,0.000,0.0,NaN
34.4667,-0.54838,-48.492,0.000,0.0,NaN
34.4833,-0.54844,-48.487,0.000,0.0,NaN
34.5000,-0.54849,-48.483,0.000,0.0,NaN
34.5167,-0.54854,-48.478,0.000,0.0,NaN
34.5333,-0.54860,-48.473,0.000,0.0,NaN
34.5500,-0.54865,-48.469,0.000,0.0,NaN
34.5667,-0.54871,-48.464,0.000,0.0,NaN
34.5833,-0.54876,-48.459,0.000,0.0,NaN
34.6000,-0.54881,-48.455,0.000,0.0,NaN
34.6167,-0.54887,-48.450,0.000,0.0,NaN
34.6333,-0.54892,-48.445,0.000,0.0,NaN
34.6500,-0.54898,-48.440,0.000,0.0,NaN
34.6667,-0.54903,-48.436,0.000,0.0,NaN
34.6833,-0.54909,-48.431,0.000,0.0,NaN
34.7000,-0.54915,-48.426,0.000,0.0,NaN
34.7167,-0.54920,-48.421,0.000,0.0,NaN
34.7333,-0.54926,-48.416,0.000,0.0,NaN
34.7500,-0.54931,-48.411,0.000,0.0,NaN
34.7667,-0.54937,-48.406,0.000,0.0,NaN
34.7833,-0.54943,-48.401,0.000,0.0,NaN
34.8000,-0.54948,-48.396,0.000,0.0,NaN
34.8167,-0.54954,-48.391,0.000,0.0,NaN
34.8333,-0.54960,-48.386,0.000,0.0,NaN
34.8500,-0.54966,-48.381,0.000,0.0,NaN
34.8667,-0.54971,-48.376,0.000,0.0,NaN
34.8833,-0.54977,-48.371,0.000,0.0,NaN
34.9000,-0.54983,-48.366,0.000,0.0,NaN
34.9167,-0.54989,-48.361,0.000,0.0,NaN
34.9333,-0.54995,-48.355,0.000,0.0,NaN
34.9500,-0.55001,-48.350,0.000,0.0,NaN
34.9667,-0.55006,-48.345,0.000,0.0,NaN
34.9833,-0.55012,-48.340,0.000,0.0,NaN
35.0000,-0.55018,-48.334,0.000,0.0,NaN
35.0167,-0.55024,-48.329,0.000,0.0,NaN
35.0333,-0.55030,-48.323,0.000,0.0,NaN
35.0500,-0.55036,-48.318,0.000,0.0,NaN
35.0667,-0.55043,-48.313,0.000,0.0,NaN
35.0833,-0.55049,-48.307,0.000,0.0,NaN
35.1000,-0.55055,-48.301,0.000,0.0,NaN
35.1167,-0.55061,-48.296,0.000,0.0,NaN
35.1333,-0.55067,-48.290,0.000,0.0,NaN
35.1500,-0.55073,-48.285,0.000,0.0,NaN
35.1667,-0.55080,-48.279,0.000,0.0,NaN
35.1833,-0.55086,-48.273,0.000,0.0,NaN
35.2000,-0.55092,-48.268,0.000,0.0,NaN
35.2167,-0.55099,-48.262,0.000,0.0,NaN
35.2333,-0.55105,-48.256,0.000,0.0,NaN
35.2500,-0.55111,-48.250,0.000,0.0,NaN
35.2667,-0.55118,-48.244,0.000,0.0,NaN
35.2833,-0.55124,-48.238,0.000,0.0,NaN
35.3000,-0.55131,-48.232,0.000,0.0,NaN
35.3167,-0.55137,-48.226,0.000,0.0,NaN
35.3333,-0.55144,-48.220,0.000,0.0,NaN
35.3500,-0.55151,-48.214,0.000,0.0,NaN
35.3667,-0.55157,-48.208,0.000,0.0,NaN
35.3833,-0.55164,-48.201,0.000,0.0,NaN
35.4000,-0.55171,-48.195,0.000,0.0,NaN
35.4167,-0.55178,-48.189,0.000,0.0,NaN
35.4333,-0.55184,-48.183,0.000,0.0,NaN
35.4500,-0.55191,-48.176,0.000,0.0,NaN
35.4667,-0.55198,-48.170,0.000,0.0,NaN
35.4833,-0.55205,-48.163,0.000,0.0,NaN
35.5000,-0.55212,-48.157,0.000,0.0,NaN
35.5167,-0.55219,-48.150,0.000,0.0,NaN
35.5333,-0.55226,-48.143,0.000,0.0,NaN
35.5500,-0.55234,-48.137,0.000,0.0,NaN
35.5667,-0.55241,-48.130,0.000,0.0,NaN
35.5833,-0.55248,-48.123,0.000,0.0,NaN
35.6000,-0.55255,-48.116,0.000,0.0,NaN
35.6167,-0.55263,-48.109,0.000,0.0,NaN
35.6333,-0.55270,-48.102,0.000,0.0,NaN
35.6500,-0.55278,-48.095,0.000,0.0,NaN
35.6667,-0.55285,-48.088,0.000,0.0,NaN
35.6833,-0.55293,-48.081,0.000,0.0,NaN
35.7000,-0.55300,-48.073,0.000,0.0,NaN
35.7167,-0.55308,-48.066,0.000,0.0,NaN
35.7333,-0.55316,-48.059,0.000,0.0,NaN
35.7500,-0.55324,-48.051,0.000,0.0,NaN
35.7667,-0.55331,-48.043,0.000,0.0,NaN
35.7833,-0.55339,-48.036,0.000,0.0,NaN
35.8000,-0.55347,-48.028,0.000,0.0,NaN
35.8167,-0.55356,-48.020,0.000,0.0,NaN
35.8333,-0.55364,-48.012,0.000,0.0,NaN
35.8500,-0.55372,-48.004,0.000,0.0,NaN
35.8667,-0.55380,-47.996,0.000,0.0,NaN
35.8833,-0.55389,-47.988,0.000,0.0,NaN
35.9000,-0.55397,-47.980,0.000,0.0,NaN
35.9167,-0.55406,-47.972,0.000,0.0,NaN
35.9333,-0.55414,-47.963,0.000,0.0,NaN
35.9500,-0.55423,-47.955,0.000,0.0,NaN
35.9667,-0.55432,-47.946,0.000,0.0,NaN
35.9833,-0.55441,-47.937,0.000,0.0,NaN
36.0000,-0.55450,-47.929,0.000,0.0,NaN
36.0167,-0.55459,-47.920,0.000,0.0,NaN
36.0333,-0.55468,-47.911,0.000,0.0,NaN
36.0500,-0.55477,-47.902,0.000,0.0,NaN
36.0667,-0.55487,-47.892,0.000,0.0,NaN
36.0833,-0.55496,-47.883,0.000,0.0,NaN
36.1000,-0.55506,-47.873,0.000,0.0,NaN
36.1167,-0.55516,-47.864,0.000,0.0,NaN
36.1333,-0.55526,-47.854,0.000,0.0,NaN
36.1500,-0.55536,-47.844,0.000,0.0,NaN
36.1667,-0.55546,-47.834,0.000,0.0,NaN
36.1833,-0.55556,-47.824,0.000,0.0,NaN
36.2000,-0.55566,-47.814,0.000,0.0,NaN
36.2167,-0.55577,-47.803,0.000,0.0,NaN
36.2333,-0.55587,-47.793,0.000,0.0,NaN
36.2500,-0.55598,-47.782,0.000,0.0,NaN
36.2667,-0.55609,-47.771,0.000,0.0,NaN
36.2833,-0.55620,-47.760,0.000,0.0,NaN
36.3000,-0.55632,-47.748,0.000,0.0,NaN
36.3167,-0.55643,-47.737,0.000,0.0,NaN
36.3333,-0.55655,-47.725,0.000,0.0,NaN
36.3500,-0.55666,-47.713,0.000,0.0,NaN
36.3667,-0.55678,-47.701,0.000,0.0,NaN
36.3833,-0.55691,-47.689,0.000,0.0,NaN
36.4000,-0.55703,-47.677,0.000,0.0,NaN
36.4167,-0.55715,-47.664,0.000,0.0,NaN
36.4333,-0.55728,-47.651,0.000,0.0,NaN
36.4500,-0.55741,-47.638,0.000,0.0,NaN
36.4667,-0.55754,-47.625,0.000,0.0,NaN
36.4833,-0.55767,-47.611,0.000,0.0,NaN
36.5000,-0.55781,-47.597,0.000,0.0,NaN
36.5167,-0.55794,-47.583,0.000,0.0,NaN
36.5333,-0.55808,-47.569,0.000,0.0,NaN
36.5500,-0.55822,-47.555,0.000,0.0,NaN
36.5667,-0.55836,-47.540,0.000,0.0,NaN
36.5833,-0.55850,-47.525,0.000,0.0,NaN
36.6000,-0.55864,-47.510,0.000,0.0,NaN
36.6167,-0.55879,-47.494,0.000,0.0,NaN
36.6333,-0.55894,-47.478,0.000,0.0,NaN
36.6500,-0.55909,-47.462,0.000,0.0,NaN
36.6667,-0.55924,-47.446,0.000,0.0,NaN
36.6833,-0.55939,-47.430,0.000,0.0,NaN
36.7000,-0.55955,-47.413,0.000,0.0,NaN
36.7167,-0.55970,-47.396,0.000,0.0,NaN
36.7333,-0.55986,-47.379,0.000,0.0,NaN
36.7500,-0.56002,-47.361,0.000,0.0,NaN
36.7667,-0.56019,-47.343,0.000,0.0,NaN
36.7833,-0.56035,-47.325,0.000,0.0,NaN
36.8000,-0.56052,-47.307,0.000,0.0,NaN
36.8167,-0.56069,-47.288,0.000,0.0,NaN
36.8333,-0.56086,-47.269,0.000,0.0,NaN
36.8500,-0.56103,-47.250,0.000,0.0,NaN
36.8667,-0.56120,-47.230,0.000,0.0,NaN
36.8833,-0.56138,-47.210,0.000,0.0,NaN
36.9000,-0.56156,-47.190,0.000,0.0,NaN
36.9167,-0.56174,-47.170,0.000,0.0,NaN
36.9333,-0.56192,-47.149,0.000,0.0,NaN
36.9500,-0.56211,-47.129,0.000,0.0,NaN
36.9667,-0.56229,-47.107,0.000,0.0,NaN
36.9833,-0.56248,-47.086,0.000,0.0,NaN
37.0000,-0.56267,-47.064,0.000,0.0,NaN
37.0167,-0.56286,-47.042,0.000,0.0,NaN
37.0333,-0.56306,-47.020,0.000,0.0,NaN
37.0500,-0.56326,-46.997,0.000,0.0,NaN
37.0667,-0.56345,-46.975,0.000,0.0,NaN
37.0833,-0.56365,-46.952,0.000,0.0,NaN
37.1000,-0.56386,-46.928,0.000,0.0,NaN
37.1167,-0.56406,-46.904,0.000,0.0,NaN
37.1333,-0.56427,-46.881,0.000,0.0,NaN
37.1500,-0.56447,-46.856,0.000,0.0,NaN
37.1667,-0.56468,-46.832,0.000,0.0,NaN
37.1833,-0.56490,-46.807,0.000,0.0,NaN
37.2000,-0.56511,-46.782,0.000,0.0,NaN
37.2167,-0.56533,-46.757,0.000,0.0,NaN
37.2333,-0.56554,-46.731,0.000,0.0,NaN
37.2500,-0.56576,-46.705,0.000,0.0,NaN
37.2667,-0.56598,-46.679,0.000,0.0,NaN
37.2833,-0.56621,-46.653,0.000,0.0,NaN
37.3000,-0.56643,-46.626,0.000,0.0,NaN
37.3167,-0.56666,-46.600,0.000,0.0,NaN
37.3333,-0.56688,-46.572,0.000,0.0,NaN
37.3500,-0.56711,-46.545,0.000,0.0,NaN
37.3667,-0.56735,-46.517,0.000,0.0,NaN
37.3833,-0.56758,-46.490,0.000,0.0,NaN
37.4000,-0.56781,-46.461,0.000,0.0,NaN
37.4167,-0.56805,-46.433,0.000,0.0,NaN
37.4333,-0.56829,-46.404,0.000,0.0,NaN
37.4500,-0.56853,-46.376,0.000,0.0,NaN
37.4667,-0.56877,-46.347,0.000,0.0,NaN
37.4833,-0.56901,-46.317,0.000,0.0,NaN
37.5000,-0.56926,-46.288,0.000,0.0,NaN
37.5167,-0.56950,-46.258,0.000,0.0,NaN
37.5333,-0.56975,-46.228,0.000,0.0,NaN
37.5500,-0.57000,-46.198,0.000,0.0,NaN
37.5667,-0.57025,-46.167,0.000,0.0,NaN
37.5833,-0.57050,-46.136,0.000,0.0,NaN
37.6000,-0.57076,-46.105,0.000,0.0,NaN
37.6167,-0.57101,-46.074,0.000,0.0,NaN
37.6333,-0.57127,-46.043,0.000,0.0,NaN
37.6500,-0.57152,-46.011,0.000,0.0,NaN
37.6667,-0.57178,-45.980,0.000,0.0,NaN
37.6833,-0.57204,-45.948,0.000,0.0,NaN
37.7000,-0.57230,-45.915,0.000,0.0,NaN
37.7167,-0.57257,-45.883,0.000,0.0,NaN
37.7333,-0.57283,-45.850,0.000,0.0,NaN
37.7500,-0.57310,-45.818,0.000,0.0,NaN
37.7667,-0.57336,-45.785,0.000,0.0,NaN
37.7833,-0.57363,-45.752,0.000,0.0,NaN
37.8000,-0.57390,-45.718,0.000,0.0,NaN
37.8167,-0.57417,-45.685,0.000,0.0,NaN
37.8333,-0.57444,-45.651,0.000,0.0,NaN
37.8500,-0.57471,-45.617,0.000,0.0,NaN
37.8667,-0.57498,-45.583,0.000,0.0,NaN
37.8833,-0.57525,-45.549,0.000,0.0,NaN
37.9000,-0.57553,-45.515,0.000,0.0,NaN
37.9167,-0.57580,-45.480,0.000,0.0,NaN
37.9333,-0.57608,-45.446,0.000,0.0,NaN
37.9500,-0.57636,-45.411,0.000,0.0,NaN
37.9667,-0.57664,-45.376,0.000,0.0,NaN
37.9833,-0.57691,-45.341,0.000,0.0,NaN
38.0000,-0.57719,-45.305,0.000,0.0,NaN
38.0167,-0.57747,-45.270,0.000,0.0,NaN
38.0333,-0.57775,-45.235,0.000,0.0,NaN
38.0500,-0.57804,-45.199,0.000,0.0,NaN
38.0667,-0.57832,-45.163,0.000,0.0,NaN
38.0833,-0.57860,-45.127,0.000,0.0,NaN
38.1000,-0.57889,-45.091,0.000,0.0,NaN
38.1167,-0.57917,-45.055,0.000,0.0,NaN
38.1333,-0.57946,-45.019,0.000,0.0,NaN
38.1500,-0.57974,-44.982,0.000,0.0,NaN
38.1667,-0.58003,-44.946,0.000,0.0,NaN
38.1833,-0.58031,-44.909,0.000,0.0,NaN
38.2000,-0.58060,-44.873,0.000,0.0,NaN
38.2167,-0.58089,-44.836,0.000,0.0,NaN
38.2333,-0.58118,-44.799,0.000,0.0,NaN
38.2500,-0.58146,-44.762,0.000,0.0,NaN
38.2667,-0.58175,-44.725,0.000,0.0,NaN
38.2833,-0.58204,-44.688,0.000,0.0,NaN
38.3000,-0.58233,-44.651,0.000,0.0,NaN
38.3167,-0.58262,-44.613,0.000,0.0,NaN
38.3333,-0.58291,-44.576,0.000,0.0,NaN
38.3500,-0.58320,-44.539,0.000,0.0,NaN
38.3667,-0.58349,-44.501,0.000,0.0,NaN
38.3833,-0.58378,-44.464,0.000,0.0,NaN
38.4000,-0.58407,-44.426,0.000,0.0,NaN
38.4167,-0.58436,-44.388,0.000,0.0,NaN
38.4333,-0.58465,-44.350,0.000,0.0,NaN
38.4500,-0.58494,-44.313,0.000,0.0,NaN
38.4667,-0.58523,-44.275,0.000,0.0,NaN
38.4833,-0.58553,-44.237,0.000,0.0,NaN
38.5000,-0.58582,-44.199,0.000,0.0,NaN
38.5167,-0.58611,-44.161,0.000,0.0,NaN
38.5333,-0.58640,-44.123,0.000,0.0,NaN
38.5500,-0.58669,-44.085,0.000,0.0,NaN
38.5667,-0.58698,-44.047,0.000,0.0,NaN
38.5833,-0.58727,-44.009,0.000,0.0,NaN
38.6000,-0.58756,-43.971,0.000,0.0,NaN
38.6167,-0.58785,-43.933,0.000,0.0,NaN
38.6333,-0.58814,-43.895,0.000,0.0,NaN
38.6500,-0.58843,-43.856,0.000,0.0,NaN
38.6667,-0.58873,-43.818,0.000,0.0,NaN
38.6833,-0.58902,-43.780,0.000,0.0,NaN
38.7000,-0.58931,-43.742,0.000,0.0,NaN
38.7167,-0.58960,-43.704,0.000,0.0,NaN
38.7333,-0.58988,-43.665,0.000,0.0,NaN
38.7500,-0.59017,-43.627,0.000,0.0,NaN
38.7667,-0.59046,-43.589,0.000,0.0,NaN
38.7833,-0.59075,-43.551,0.000,0.0,NaN
38.8000,-0.59104,-43.513,0.000,0.0,NaN
38.8167,-0.59133,-43.475,0.000,0.0,NaN
38.8333,-0.59162,-43.436,0.000,0.0,NaN
38.8500,-0.59190,-43.398,0.000,0.0,NaN
38.8667,-0.59219,-43.360,0.000,0.0,NaN
38.8833,-0.59248,-43.322,0.000,0.0,NaN
38.9000,-0.59276,-43.284,0.000,0.0,NaN
38.9167,-0.59305,-43.246,0.000,0.0,NaN
38.9333,-0.59333,-43.208,0.000,0.0,NaN
38.9500,-0.59362,-43.170,0.000,0.0,NaN
38.9667,-0.59390,-43.132,0.000,0.0,NaN
38.9833,-0.59419,-43.094,0.000,0.0,NaN
39.0000,-0.59447,-43.056,0.000,0.0,NaN
39.0167,-0.59475,-43.018,0.000,0.0,NaN
39.0333,-0.59503,-42.980,0.000,0.0,NaN
39.0500,-0.59532,-42.943,0.000,0.0,NaN
39.0667,-0.59560,-42.905,0.000,0.0,NaN
39.0833,-0.59588,-42.867,0.000,0.0,NaN
39.1000,-0.59616,-42.830,0.000,0.0,NaN
39.1167,-0.59644,-42.792,0.000,0.0,NaN
39.1333,-0.59672,-42.755,0.000,0.0,NaN
39.1500,-0.59699,-42.717,0.000,0.0,NaN
39.1667,-0.59727,-42.680,0.000,0.0,NaN
39.1833,-0.59755,-42.642,0.000,0.0,NaN
39.2000,-0.59782,-42.605,0.000,0.0,NaN
39.2167,-0.59810,-42.568,0.000,0.0,NaN
39.2333,-0.59838,-42.531,0.000,0.0,NaN
39.2500,-0.59865,-42.494,0.000,0.0,NaN
39.2667,-0.59892,-42.456,0.000,0.0,NaN
39.2833,-0.59920,-42.419,0.000,0.0,NaN
39.3000,-0.59947,-42.383,0.000,0.0,NaN
39.3167,-0.59974,-42.346,0.000,0.0,NaN
39.3333,-0.60001,-42.309,0.000,0.0,NaN
39.3500,-0.60028,-42.272,0.000,0.0,NaN
39.3667,-0.60055,-42.236,0.000,0.0,NaN
39.3833,-0.60082,-42.199,0.000,0.0,NaN
39.4000,-0.60109,-42.163,0.000,0.0,NaN
39.4167,-0.60136,-42.126,0.000,0.0,NaN
39.4333,-0.60163,-42.090,0.000,0.0,NaN
39.4500,-0.60190,-42.053,0.000,0.0,NaN
39.4667,-0.60217,-42.017,0.000,0.0,NaN
39.4833,-0.60244,-41.981,0.000,0.0,NaN
39.5000,-0.60271,-41.944,0.000,0.0,NaN
39.5167,-0.60297,-41.908,0.000,0.0,NaN
39.5333,-0.60324,-41.872,0.000,0.0,NaN
39.5500,-0.60351,-41.836,0.000,0.0,NaN
39.5667,-0.60377,-41.800,0.000,0.0,NaN
39.5833,-0.60403,-41.764,0.000,0.0,NaN
39.6000,-0.60430,-41.728,0.000,0.0,NaN
39.6167,-0.60455,-41.692,0.000,0.0,NaN
39.6333,-0.60481,-41.657,0.000,0.0,NaN
39.6500,-0.60506,-41.621,0.000,0.0,NaN
39.6667,-0.60531,-41.586,0.000,0.0,NaN
39.6833,-0.60555,-41.551,0.000,0.0,NaN
39.7000,-0.60580,-41.516,0.000,0.0,NaN
39.7167,-0.60603,-41.481,0.000,0.0,NaN
39.7333,-0.60626,-41.446,0.000,0.0,NaN
39.7500,-0.60649,-41.412,0.000,0.0,NaN
39.7667,-0.60671,-41.378,0.000,0.0,NaN
39.7833,-0.60693,-41.344,0.000,0.0,NaN
39.8000,-0.60714,-41.311,0.000,0.0,NaN
39.8167,-0.60735,-41.278,0.000,0.0,NaN
39.8333,-0.60755,-41.245,0.000,0.0,NaN
39.8500,-0.60774,-41.213,0.000,0.0,NaN
39.8667,-0.60793,-41.181,0.000,0.0,NaN
39.8833,-0.60811,-41.150,0.000,0.0,NaN
39.9000,-0.60828,-41.119,0.000,0.0,NaN
39.9167,-0.60845,-41.089,0.000,0.0,NaN
39.9333,-0.60861,-41.059,0.000,0.0,NaN
39.9500,-0.60876,-41.031,0.000,0.0,NaN
39.9667,-0.60890,-41.003,0.000,0.0,NaN
39.9833,-0.60903,-40.975,0.000,0.0,NaN
40.0000,-0.60916,-40.949,0.000,0.0,NaN
40.0167,-0.60927,-40.923,0.000,0.0,NaN
40.0333,-0.60938,-40.899,0.000,0.0,NaN
40.0500,-0.60948,-40.875,0.000,0.0,NaN
40.0667,-0.60957,-40.852,0.000,0.0,NaN
40.0833,-0.60965,-40.831,0.000,0.0,NaN
40.1000,-0.60972,-40.810,0.000,0.0,NaN
40.1167,-0.60979,-40.791,0.000,0.0,NaN
40.1333,-0.60985,-40.773,0.000,0.0,NaN
40.1500,-0.60991,-40.755,0.000,0.0,NaN
40.1667,-0.60995,-40.740,0.000,0.0,NaN
40.1833,-0.61000,-40.725,0.000,0.0,NaN
40.2000,-0.61004,-40.711,0.000,0.0,NaN
40.2167,-0.61007,-40.699,0.000,0.0,NaN
40.2333,-0.61010,-40.688,0.000,0.0,NaN
40.2500,-0.61013,-40.678,0.000,0.0,NaN
40.2667,-0.61015,-40.670,0.000,0.0,NaN
40.2833,-0.61017,-40.663,0.000,0.0,NaN
40.3000,-0.61019,-40.657,0.000,0.0,NaN
40.3167,-0.61021,-40.652,0.000,0.0,NaN
40.3333,-0.61022,-40.648,0.000,0.0,NaN
40.3500,-0.61024,-40.646,0.000,0.0,NaN
40.3667,-0.61025,-40.645,0.000,0.0,NaN
40.3833,-0.61026,-40.645,0.000,0.0,NaN
40.4000,-0.61027,-40.645,0.000,0.0,NaN
40.4167,-0.61028,-40.648,0.000,0.0,NaN
40.4333,-0.61028,-40.651,0.000,0.0,NaN
40.4500,-0.61029,-40.655,0.000,0.0,NaN
40.4667,-0.61030,-40.660,0.000,0.0,NaN
40.4833,-0.61030,-40.665,0.000,0.0,NaN
40.5000,-0.61031,-40.672,0.000,0.0,NaN
40.5167,-0.61031,-40.680,0.000,0.0,NaN
40.5333,-0.61032,-40.688,0.000,0.0,NaN
40.5500,-0.61032,-40.697,0.000,0.0,NaN
40.5667,-0.61032,-40.707,0.000,0.0,NaN
40.5833,-0.61032,-40.717,0.000,0.0,NaN
40.6000,-0.61032,-40.728,0.000,0.0,NaN
40.6167,-0.61031,-40.739,0.000,0.0,NaN
40.6333,-0.61031,-40.751,0.000,0.0,NaN
40.6500,-0.61031,-40.763,0.000,0.0,NaN
40.6667,-0.61030,-40.776,0.000,0.0,NaN
40.6833,-0.61029,-40.789,0.000,0.0,NaN
40.7000,-0.61029,-40.802,0.000,0.0,NaN
40.7167,-0.61028,-40.815,0.000,0.0,NaN
40.7333,-0.61027,-40.828,0.000,0.0,NaN
40.7500,-0.61026,-40.842,0.000,0.0,NaN
40.7667,-0.61025,-40.856,0.000,0.0,NaN
40.7833,-0.61024,-40.869,0.000,0.0,NaN
40.8000,-0.61022,-40.883,0.000,0.0,NaN
40.8167,-0.61021,-40.896,0.000,0.0,NaN
40.8333,-0.61020,-40.910,0.000,0.0,NaN
40.8500,-0.61019,-40.923,0.000,0.0,NaN
40.8667,-0.61017,-40.936,0.000,0.0,NaN
40.8833,-0.61016,-40.949,0.000,0.0,NaN
40.9000,-0.61015,-40.961,0.000,0.0,NaN
40.9167,-0.61014,-40.973,0.000,0.0,NaN
40.9333,-0.61012,-40.985,0.000,0.0,NaN
40.9500,-0.61011,-40.997,0.000,0.0,NaN
40.9667,-0.61010,-41.008,0.000,0.0,NaN
40.9833,-0.61009,-41.019,0.000,0.0,NaN
41.0000,-0.61009,-41.029,0.000,0.0,NaN
41.0167,-0.61008,-41.039,0.000,0.0,NaN
41.0333,-0.61008,-41.048,0.000,0.0,NaN
41.0500,-0.61007,-41.057,0.000,0.0,NaN
41.0667,-0.61007,-41.065,0.000,0.0,NaN
41.0833,-0.61007,-41.073,0.000,0.0,NaN
41.1000,-0.61007,-41.080,0.000,0.0,NaN
41.1167,-0.61008,-41.087,0.000,0.0,NaN
41.1333,-0.61008,-41.093,0.000,0.0,NaN
41.1500,-0.61009,-41.099,0.000,0.0,NaN
41.1667,-0.61010,-41.104,0.000,0.0,NaN
41.1833,-0.61012,-41.108,0.000,0.0,NaN
41.2000,-0.61013,-41.112,0.000,0.0,NaN
41.2167,-0.61015,-41.115,0.000,0.0,NaN
41.2333,-0.61017,-41.118,0.000,0.0,NaN
41.2500,-0.61019,-41.120,0.000,0.0,NaN
41.2667,-0.61022,-41.121,0.000,0.0,NaN
41.2833,-0.61024,-41.122,0.000,0.0,NaN
41.3000,-0.61027,-41.122,0.000,0.0,NaN
41.3167,-0.61031,-41.122,0.000,0.0,NaN
41.3333,-0.61034,-41.121,0.000,0.0,NaN
41.3500,-0.61038,-41.119,0.000,0.0,NaN
41.3667,-0.61042,-41.117,0.000,0.0,NaN
41.3833,-0.61046,-41.114,0.000,0.0,NaN
41.4000,-0.61050,-41.111,0.000,0.0,NaN
41.4167,-0.61055,-41.107,0.000,0.0,NaN
41.4333,-0.61060,-41.102,0.000,0.0,NaN
41.4500,-0.61065,-41.097,0.000,0.0,NaN
41.4667,-0.61070,-41.092,0.000,0.0,NaN
41.4833,-0.61075,-41.086,0.000,0.0,NaN
41.5000,-0.61081,-41.079,0.000,0.0,NaN
41.5167,-0.61087,-41.072,0.000,0.0,NaN
41.5333,-0.61093,-41.065,0.000,0.0,NaN
41.5500,-0.61098,-41.057,0.000,0.0,NaN
41.5667,-0.61105,-41.049,0.000,0.0,NaN
41.5833,-0.61111,-41.040,0.000,0.0,NaN
41.6000,-0.61117,-41.031,0.000,0.0,NaN
41.6167,-0.61123,-41.022,0.000,0.0,NaN
41.6333,-0.61130,-41.012,0.000,0.0,NaN
41.6500,-0.61136,-41.002,0.000,0.0,NaN
41.6667,-0.61142,-40.992,0.000,0.0,NaN
41.6833,-0.61149,-40.982,0.000,0.0,NaN
41.7000,-0.61155,-40.971,0.000,0.0,NaN
41.7167,-0.61162,-40.960,0.000,0.0,NaN
41.7333,-0.61168,-40.949,0.000,0.0,NaN
41.7500,-0.61174,-40.938,0.000,0.0,NaN
41.7667,-0.61180,-40.927,0.000,0.0,NaN
41.7833,-0.61187,-40.916,0.000,0.0,NaN
41.8000,-0.61193,-40.904,0.000,0.0,NaN
41.8167,-0.61199,-40.893,0.000,0.0,NaN
41.8333,-0.61205,-40.882,0.000,0.0,NaN
41.8500,-0.61210,-40.870,0.000,0.0,NaN
41.8667,-0.61216,-40.859,0.000,0.0,NaN
41.8833,-0.61222,-40.848,0.000,0.0,NaN
41.9000,-0.61227,-40.837,0.000,0.0,NaN
41.9167,-0.61233,-40.826,0.000,0.0,NaN
41.9333,-0.61238,-40.815,0.000,0.0,NaN
41.9500,-0.61243,-40.805,0.000,0.0,NaN
41.9667,-0.61248,-40.794,0.000,0.0,NaN
41.9833,-0.61253,-40.784,0.000,0.0,NaN
42.0000,-0.61257,-40.774,0.000,0.0,NaN
42.0167,-0.61262,-40.765,0.000,0.0,NaN
42.0333,-0.61266,-40.756,0.000,0.0,NaN
42.0500,-0.61270,-40.747,0.000,0.0,NaN
42.0667,-0.61274,-40.738,0.000,0.0,NaN
42.0833,-0.61278,-40.730,0.000,0.0,NaN
42.1000,-0.61282,-40.722,0.000,0.0,NaN
42.1167,-0.61286,-40.715,0.000,0.0,NaN
42.1333,-0.61290,-40.708,0.000,0.0,NaN
42.1500,-0.61293,-40.701,0.000,0.0,NaN
42.1667,-0.61296,-40.695,0.000,0.0,NaN
42.1833,-0.61300,-40.689,0.000,0.0,NaN
42.2000,-0.61303,-40.683,0.000,0.0,NaN
42.2167,-0.61306,-40.678,0.000,0.0,NaN
42.2333,-0.61309,-40.674,0.000,0.0,NaN
42.2500,-0.61312,-40.670,0.000,0.0,NaN
42.2667,-0.61315,-40.666,0.000,0.0,NaN
42.2833,-0.61317,-40.662,0.000,0.0,NaN
42.3000,-0.61320,-40.659,0.000,0.0,NaN
42.3167,-0.61323,-40.657,0.000,0.0,NaN
42.3333,-0.61325,-40.655,0.000,0.0,NaN
42.3500,-0.61328,-40.653,0.000,0.0,NaN
42.3667,-0.61330,-40.652,0.000,0.0,NaN
42.3833,-0.61332,-40.651,0.000,0.0,NaN
42.4000,-0.61335,-40.650,0.000,0.0,NaN
42.4167,-0.61337,-40.650,0.000,0.0,NaN
42.4333,-0.61339,-40.650,0.000,0.0,NaN
42.4500,-0.61341,-40.651,0.000,0.0,NaN
42.4667,-0.61343,-40.651,0.000,0.0,NaN
42.4833,-0.61345,-40.653,0.000,0.0,NaN
42.5000,-0.61348,-40.654,0.000,0.0,NaN
42.5167,-0.61350,-40.655,0.000,0.0,NaN
42.5333,-0.61352,-40.657,0.000,0.0,NaN
42.5500,-0.61354,-40.659,0.000,0.0,NaN
42.5667,-0.61355,-40.662,0.000,0.0,NaN
42.5833,-0.61357,-40.664,0.000,0.0,NaN
42.6000,-0.61359,-40.667,0.000,0.0,NaN
42.6167,-0.61361,-40.670,0.000,0.0,NaN
42.6333,-0.61363,-40.673,0.000,0.0,NaN
42.6500,-0.61365,-40.676,0.000,0.0,NaN
42.6667,-0.61367,-40.679,0.000,0.0,NaN
42.6833,-0.61369,-40.682,0.000,0.0,NaN
42.7000,-0.61371,-40.685,0.000,0.0,NaN
42.7167,-0.61372,-40.689,0.000,0.0,NaN
42.7333,-0.61374,-40.692,0.000,0.0,NaN
42.7500,-0.61376,-40.695,0.000,0.0,NaN
42.7667,-0.61378,-40.699,0.000,0.0,NaN
42.7833,-0.61380,-40.702,0.000,0.0,NaN
42.8000,-0.61382,-40.705,0.000,0.0,NaN
42.8167,-0.61384,-40.708,0.000,0.0,NaN
42.8333,-0.61386,-40.711,0.000,0.0,NaN
42.8500,-0.61388,-40.714,0.000,0.0,NaN
42.8667,-0.61390,-40.717,0.000,0.0,NaN
42.8833,-0.61392,-40.720,0.000,0.0,NaN
42.9000,-0.61394,-40.723,0.000,0.0,NaN
42.9167,-0.61397,-40.725,0.000,0.0,NaN
42.9333,-0.61399,-40.727,0.000,0.0,NaN
42.9500,-0.61401,-40.730,0.000,0.0,NaN
42.9667,-0.61403,-40.732,0.000,0.0,NaN
42.9833,-0.61406,-40.733,0.000,0.0,NaN
43.0000,-0.61408,-40.735,0.000,0.0,NaN
43.0167,-0.61411,-40.736,0.000,0.0,NaN
43.0333,-0.61413,-40.738,0.000,0.0,NaN
43.0500,-0.61416,-40.738,0.000,0.0,NaN
43.0667,-0.61418,-40.739,0.000,0.0,NaN
43.0833,-0.61421,-40.740,0.000,0.0,NaN
43.1000,-0.61423,-40.740,0.000,0.0,NaN
43.1167,-0.61426,-40.740,0.000,0.0,NaN
43.1333,-0.61429,-40.740,0.000,0.0,NaN
43.1500,-0.61432,-40.740,0.000,0.0,NaN
43.1667,-0.61435,-40.739,0.000,0.0,NaN
43.1833,-0.61437,-40.738,0.000,0.0,NaN
43.2000,-0.61440,-40.737,0.000,0.0,NaN
43.2167,-0.61443,-40.736,0.000,0.0,NaN
43.2333,-0.61446,-40.735,0.000,0.0,NaN
43.2500,-0.61449,-40.733,0.000,0.0,NaN
43.2667,-0.61452,-40.731,0.000,0.0,NaN
43.2833,-0.61456,-40.729,0.000,0.0,NaN
43.3000,-0.61459,-40.727,0.000,0.0,NaN
43.3167,-0.61462,-40.724,0.000,0.0,NaN
43.3333,-0.61465,-40.722,0.000,0.0,NaN
43.3500,-0.61468,-40.719,0.000,0.0,NaN
43.3667,-0.61472,-40.716,0.000,0.0,NaN
43.3833,-0.61475,-40.713,0.000,0.0,NaN
43.4000,-0.61478,-40.709,0.000,0.0,NaN
43.4167,-0.61481,-40.706,0.000,0.0,NaN
43.4333,-0.61485,-40.702,0.000,0.0,NaN
43.4500,-0.61488,-40.699,0.000,0.0,NaN
43.4667,-0.61491,-40.695,0.000,0.0,NaN
43.4833,-0.61495,-40.691,0.000,0.0,NaN
43.5000,-0.61498,-40.687,0.000,0.0,NaN
43.5167,-0.61501,-40.683,0.000,0.0,NaN
43.5333,-0.61505,-40.679,0.000,0.0,NaN
43.5500,-0.61508,-40.675,0.000,0.0,NaN
43.5667,-0.61511,-40.671,0.000,0.0,NaN
43.5833,-0.61514,-40.666,0.000,0.0,NaN
43.6000,-0.61518,-40.662,0.000,0.0,NaN
43.6167,-0.61521,-40.658,0.000,0.0,NaN
43.6333,-0.61524,-40.654,0.000,0.0,NaN
43.6500,-0.61527,-40.649,0.000,0.0,NaN
43.6667,-0.61531,-40.645,0.000,0.0,NaN
43.6833,-0.61534,-40.641,0.000,0.0,NaN
43.7000,-0.61537,-40.637,0.000,0.0,NaN
43.7167,-0.61540,-40.633,0.000,0.0,NaN
43.7333,-0.61543,-40.629,0.000,0.0,NaN
43.7500,-0.61546,-40.625,0.000,0.0,NaN
43.7667,-0.61549,-40.621,0.000,0.0,NaN
43.7833,-0.61552,-40.617,0.000,0.0,NaN
43.8000,-0.61555,-40.613,0.000,0.0,NaN
43.8167,-0.61558,-40.610,0.000,0.0,NaN
43.8333,-0.61561,-40.606,0.000,0.0,NaN
43.8500,-0.61564,-40.603,0.000,0.0,NaN
43.8667,-0.61567,-40.599,0.000,0.0,NaN
43.8833,-0.61569,-40.596,0.000,0.0,NaN
43.9000,-0.61572,-40.593,0.000,0.0,NaN
43.9167,-0.61575,-40.590,0.000,0.0,NaN
43.9333,-0.61578,-40.587,0.000,0.0,NaN
43.9500,-0.61580,-40.585,0.000,0.0,NaN
43.9667,-0.61583,-40.582,0.000,0.0,NaN
43.9833,-0.61586,-40.580,0.000,0.0,NaN
44.0000,-0.61589,-40.577,0.000,0.0,NaN
44.0167,-0.61591,-40.575,0.000,0.0,NaN
44.0333,-0.61594,-40.573,0.000,0.0,NaN
44.0500,-0.61596,-40.571,0.000,0.0,NaN
44.0667,-0.61599,-40.570,0.000,0.0,NaN
44.0833,-0.61602,-40.568,0.000,0.0,NaN
44.1000,-0.61604,-40.567,0.000,0.0,NaN
44.1167,-0.61607,-40.565,0.000,0.0,NaN
44.1333,-0.61609,-40.564,0.000,0.0,NaN
44.1500,-0.61612,-40.563,0.000,0.0,NaN
44.1667,-0.61614,-40.562,0.000,0.0,NaN
44.1833,-0.61617,-40.561,0.000,0.0,NaN
44.2000,-0.61619,-40.560,0.000,0.0,NaN
44.2167,-0.61622,-40.559,0.000,0.0,NaN
44.2333,-0.61624,-40.559,0.000,0.0,NaN
44.2500,-0.61627,-40.558,0.000,0.0,NaN
44.2667,-0.61629,-40.558,0.000,0.0,NaN
44.2833,-0.61631,-40.558,0.000,0.0,NaN
44.3000,-0.61634,-40.557,0.000,0.0,NaN
44.3167,-0.61636,-40.557,0.000,0.0,NaN
44.3333,-0.61639,-40.557,0.000,0.0,NaN
44.3500,-0.61641,-40.557,0.000,0.0,NaN
44.3667,-0.61644,-40.557,0.000,0.0,NaN
44.3833,-0.61646,-40.557,0.000,0.0,NaN
44.4000,-0.61649,-40.557,0.000,0.0,NaN
44.4167,-0.61651,-40.557,0.000,0.0,NaN
44.4333,-0.61653,-40.557,0.000,0.0,NaN
44.4500,-0.61656,-40.557,0.000,0.0,NaN
44.4667,-0.61658,-40.558,0.000,0.0,NaN
44.4833,-0.61661,-40.558,0.000,0.0,NaN
44.5000,-0.61663,-40.558,0.000,0.0,NaN
44.5167,-0.61666,-40.558,0.000,0.0,NaN
44.5333,-0.61668,-40.558,0.000,0.0,NaN
44.5500,-0.61671,-40.558,0.000,0.0,NaN
44.5667,-0.61673,-40.558,0.000,0.0,NaN
44.5833,-0.61676,-40.558,0.000,0.0,NaN
44.6000,-0.61678,-40.558,0.000,0.0,NaN
44.6167,-0.61681,-40.559,0.000,0.0,NaN
44.6333,-0.61683,-40.558,0.000,0.0,NaN
44.6500,-0.61686,-40.558,0.000,0.0,NaN
44.6667,-0.61688,-40.558,0.000,0.0,NaN
44.6833,-0.61691,-40.558,0.000,0.0,NaN
44.7000,-0.61693,-40.558,0.000,0.0,NaN
44.7167,-0.61696,-40.558,0.000,0.0,NaN
44.7333,-0.61698,-40.557,0.000,0.0,NaN
44.7500,-0.61701,-40.557,0.000,0.0,NaN
44.7667,-0.61704,-40.556,0.000,0.0,NaN
44.7833,-0.61706,-40.556,0.000,0.0,NaN
44.8000,-0.61709,-40.555,0.000,0.0,NaN
44.8167,-0.61711,-40.554,0.000,0.0,NaN
44.8333,-0.61714,-40.554,0.000,0.0,NaN
44.8500,-0.61717,-40.553,0.000,0.0,NaN
44.8667,-0.61719,-40.552,0.000,0.0,NaN
44.8833,-0.61722,-40.551,0.000,0.0,NaN
44.9000,-0.61725,-40.550,0.000,0.0,NaN
44.9167,-0.61727,-40.549,0.000,0.0,NaN
44.9333,-0.61730,-40.548,0.000,0.0,NaN
44.9500,-0.61732,-40.546,0.000,0.0,NaN
44.9667,-0.61735,-40.545,0.000,0.0,NaN
44.9833,-0.61738,-40.544,0.000,0.0,NaN
45.0000,-0.61740,-40.542,0.000,0.0,NaN
45.0167,-0.61743,-40.541,0.000,0.0,NaN
45.0333,-0.61746,-40.539,0.000,0.0,NaN
45.0500,-0.61748,-40.538,0.000,0.0,NaN
45.0667,-0.61751,-40.536,0.000,0.0,NaN
45.0833,-0.61754,-40.534,0.000,0.0,NaN
45.1000,-0.61757,-40.533,0.000,0.0,NaN
45.1167,-0.61759,-40.531,0.000,0.0,NaN
45.1333,-0.61762,-40.529,0.000,0.0,NaN
45.1500,-0.61765,-40.527,0.000,0.0,NaN
45.1667,-0.61767,-40.525,0.000,0.0,NaN
45.1833,-0.61770,-40.523,0.000,0.0,NaN
45.2000,-0.61773,-40.521,0.000,0.0,NaN
45.2167,-0.61775,-40.519,0.000,0.0,NaN
45.2333,-0.61778,-40.517,0.000,0.0,NaN
45.2500,-0.61781,-40.515,0.000,0.0,NaN
45.2667,-0.61783,-40.513,0.000,0.0,NaN
45.2833,-0.61786,-40.511,0.000,0.0,NaN
45.3000,-0.61788,-40.509,0.000,0.0,NaN
45.3167,-0.61791,-40.507,0.000,0.0,NaN
45.3333,-0.61794,-40.505,0.000,0.0,NaN
45.3500,-0.61796,-40.503,0.000,0.0,NaN
45.3667,-0.61799,-40.501,0.000,0.0,NaN
45.3833,-0.61802,-40.500,0.000,0.0,NaN
45.4000,-0.61804,-40.498,0.000,0.0,NaN
45.4167,-0.61807,-40.496,0.000,0.0,NaN
45.4333,-0.61809,-40.494,0.000,0.0,NaN
45.4500,-0.61812,-40.492,0.000,0.0,NaN
45.4667,-0.61815,-40.490,0.000,0.0,NaN
45.4833,-0.61817,-40.488,0.000,0.0,NaN
45.5000,-0.61820,-40.486,0.000,0.0,NaN
45.5167,-0.61822,-40.484,0.000,0.0,NaN
45.5333,-0.61825,-40.483,0.000,0.0,NaN
45.5500,-0.61827,-40.481,0.000,0.0,NaN
45.5667,-0.61830,-40.479,0.000,0.0,NaN
45.5833,-0.61832,-40.478,0.000,0.0,NaN
45.6000,-0.61835,-40.476,0.000,0.0,NaN
45.6167,-0.61837,-40.475,0.000,0.0,NaN
45.6333,-0.61840,-40.473,0.000,0.0,NaN
45.6500,-0.61842,-40.472,0.000,0.0,NaN
45.6667,-0.61845,-40.470,0.000,0.0,NaN
45.6833,-0.61848,-40.469,0.000,0.0,NaN
45.7000,-0.61850,-40.467,0.000,0.0,NaN
45.7167,-0.61853,-40.466,0.000,0.0,NaN
45.7333,-0.61855,-40.465,0.000,0.0,NaN
45.7500,-0.61857,-40.464,0.000,0.0,NaN
45.7667,-0.61860,-40.463,0.000,0.0,NaN
45.7833,-0.61862,-40.461,0.000,0.0,NaN
45.8000,-0.61865,-40.460,0.000,0.0,NaN
45.8167,-0.61867,-40.459,0.000,0.0,NaN
45.8333,-0.61870,-40.458,0.000,0.0,NaN
45.8500,-0.61872,-40.457,0.000,0.0,NaN
45.8667,-0.61875,-40.456,0.000,0.0,NaN
45.8833,-0.61877,-40.455,0.000,0.0,NaN
45.9000,-0.61880,-40.454,0.000,0.0,NaN
45.9167,-0.61882,-40.453,0.000,0.0,NaN
45.9333,-0.61885,-40.453,0.000,0.0,NaN
45.9500,-0.61887,-40.452,0.000,0.0,NaN
45.9667,-0.61890,-40.451,0.000,0.0,NaN
45.9833,-0.61892,-40.450,0.000,0.0,NaN
46.0000,-0.61895,-40.449,0.000,0.0,NaN
46.0167,-0.61897,-40.449,0.000,0.0,NaN
46.0333,-0.61900,-40.448,0.000,0.0,NaN
46.0500,-0.61902,-40.447,0.000,0.0,NaN
46.0667,-0.61904,-40.447,0.000,0.0,NaN
46.0833,-0.61907,-40.446,0.000,0.0,NaN
46.1000,-0.61909,-40.445,0.000,0.0,NaN
46.1167,-0.61912,-40.444,0.000,0.0,NaN
46.1333,-0.61914,-40.444,0.000,0.0,NaN
46.1500,-0.61917,-40.443,0.000,0.0,NaN
46.1667,-0.61919,-40.442,0.000,0.0,NaN
46.1833,-0.61922,-40.442,0.000,0.0,NaN
46.2000,-0.61924,-40.441,0.000,0.0,NaN
46.2167,-0.61927,-40.440,0.000,0.0,NaN
46.2333,-0.61929,-40.440,0.000,0.0,NaN
46.2500,-0.61932,-40.439,0.000,0.0,NaN
46.2667,-0.61934,-40.438,0.000,0.0,NaN
46.2833,-0.61937,-40.437,0.000,0.0,NaN
46.3000,-0.61939,-40.437,0.000,0.0,NaN
46.3167,-0.61942,-40.436,0.000,0.0,NaN
46.3333,-0.61944,-40.435,0.000,0.0,NaN
46.3500,-0.61947,-40.434,0.000,0.0,NaN
46.3667,-0.61949,-40.434,0.000,0.0,NaN
46.3833,-0.61951,-40.433,0.000,0.0,NaN
46.4000,-0.61954,-40.432,0.000,0.0,NaN
46.4167,-0.61956,-40.431,0.000,0.0,NaN
46.4333,-0.61959,-40.430,0.000,0.0,NaN
46.4500,-0.61961,-40.429,0.000,0.0,NaN
46.4667,-0.61964,-40.428,0.000,0.0,NaN
46.4833,-0.61966,-40.427,0.000,0.0,NaN
46.5000,-0.61969,-40.426,0.000,0.0,NaN
46.5167,-0.61971,-40.425,0.000,0.0,NaN
46.5333,-0.61974,-40.424,0.000,0.0,NaN
46.5500,-0.61976,-40.423,0.000,0.0,NaN
46.5667,-0.61979,-40.422,0.000,0.0,NaN
46.5833,-0.61981,-40.421,0.000,0.0,NaN
46.6000,-0.61984,-40.420,0.000,0.0,NaN
46.6167,-0.61986,-40.419,0.000,0.0,NaN
46.6333,-0.61989,-40.418,0.000,0.0,NaN
46.6500,-0.61991,-40.417,0.000,0.0,NaN
46.6667,-0.61994,-40.416,0.000,0.0,NaN
46.6833,-0.61996,-40.415,0.000,0.0,NaN
46.7000,-0.61999,-40.413,0.000,0.0,NaN
46.7167,-0.62001,-40.412,0.000,0.0,NaN
46.7333,-0.62004,-40.411,0.000,0.0,NaN
46.7500,-0.62006,-40.410,0.000,0.0,NaN
46.7667,-0.62009,-40.409,0.000,0.0,NaN
46.7833,-0.62011,-40.407,0.000,0.0,NaN
46.8000,-0.62014,-40.406,0.000,0.0,NaN
46.8167,-0.62016,-40.405,0.000,0.0,NaN
46.8333,-0.62019,-40.404,0.000,0.0,NaN
46.8500,-0.62021,-40.402,0.000,0.0,NaN
46.8667,-0.62023,-40.401,0.000,0.0,NaN
46.8833,-0.62026,-40.400,0.000,0.0,NaN
46.9000,-0.62028,-40.399,0.000,0.0,NaN
46.9167,-0.62031,-40.397,0.000,0.0,NaN
46.9333,-0.62033,-40.396,0.000,0.0,NaN
46.9500,-0.62036,-40.395,0.000,0.0,NaN
46.9667,-0.62038,-40.394,0.000,0.0,NaN
46.9833,-0.62041,-40.392,0.000,0.0,NaN
47.0000,-0.62043,-40.391,0.000,0.0,NaN
47.0167,-0.62046,-40.390,0.000,0.0,NaN
47.0333,-0.62048,-40.389,0.000,0.0,NaN
47.0500,-0.62050,-40.387,0.000,0.0,NaN
47.0667,-0.62053,-40.386,0.000,0.0,NaN
47.0833,-0.62055,-40.385,0.000,0.0,NaN
47.1000,-0.62058,-40.384,0.000,0.0,NaN
47.1167,-0.62060,-40.383,0.000,0.0,NaN
47.1333,-0.62063,-40.381,0.000,0.0,NaN
47.1500,-0.62065,-40.380,0.000,0.0,NaN
47.1667,-0.62067,-40.379,0.000,0.0,NaN
47.1833,-0.62070,-40.378,0.000,0.0,NaN
47.2000,-0.62072,-40.377,0.000,0.0,NaN
47.2167,-0.62075,-40.376,0.000,0.0,NaN
47.2333,-0.62077,-40.374,0.000,0.0,NaN
47.2500,-0.62080,-40.373,0.000,0.0,NaN
47.2667,-0.62082,-40.372,0.000,0.0,NaN
47.2833,-0.62084,-40.371,0.000,0.0,NaN
47.3000,-0.62087,-40.370,0.000,0.0,NaN
47.3167,-0.62089,-40.369,0.000,0.0,NaN
47.3333,-0.62092,-40.368,0.000,0.0,NaN
47.3500,-0.62094,-40.367,0.000,0.0,NaN
47.3667,-0.62097,-40.366,0.000,0.0,NaN
47.3833,-0.62099,-40.365,0.000,0.0,NaN
47.4000,-0.62101,-40.364,0.000,0.0,NaN
47.4167,-0.62104,-40.363,0.000,0.0,NaN
47.4333,-0.62106,-40.362,0.000,0.0,NaN
47.4500,-0.62109,-40.361,0.000,0.0,NaN
47.4667,-0.62111,-40.360,0.000,0.0,NaN
47.4833,-0.62113,-40.359,0.000,0.0,NaN
47.5000,-0.62116,-40.358,0.000,0.0,NaN
47.5167,-0.62118,-40.357,0.000,0.0,NaN
47.5333,-0.62121,-40.357,0.000,0.0,NaN
47.5500,-0.62123,-40.356,0.000,0.0,NaN
47.5667,-0.62125,-40.355,0.000,0.0,NaN
47.5833,-0.62128,-40.354,0.000,0.0,NaN
47.6000,-0.62130,-40.353,0.000,0.0,NaN
47.6167,-0.62133,-40.352,0.000,0.0,NaN
47.6333,-0.62135,-40.351,0.000,0.0,NaN
47.6500,-0.62137,-40.350,0.000,0.0,NaN
47.6667,-0.62140,-40.350,0.000,0.0,NaN
47.6833,-0.62142,-40.349,0.000,0.0,NaN
47.7000,-0.62145,-40.348,0.000,0.0,NaN
47.7167,-0.62147,-40.347,0.000,0.0,NaN
47.7333,-0.62150,-40.346,0.000,0.0,NaN
47.7500,-0.62152,-40.345,0.000,0.0,NaN
47.7667,-0.62154,-40.344,0.000,0.0,NaN
47.7833,-0.62157,-40.344,0.000,0.0,NaN
47.8000,-0.62159,-40.343,0.000,0.0,NaN
47.8167,-0.62162,-40.342,0.000,0.0,NaN
47.8333,-0.62164,-40.341,0.000,0.0,NaN
47.8500,-0.62166,-40.340,0.000,0.0,NaN
47.8667,-0.62169,-40.339,0.000,0.0,NaN
47.8833,-0.62171,-40.339,0.000,0.0,NaN
47.9000,-0.62174,-40.338,0.000,0.0,NaN
47.9167,-0.62176,-40.337,0.000,0.0,NaN
47.9333,-0.62178,-40.336,0.000,0.0,NaN
47.9500,-0.62181,-40.335,0.000,0.0,NaN
47.9667,-0.62183,-40.334,0.000,0.0,NaN
47.9833,-0.62186,-40.333,0.000,0.0,NaN
48.0000,-0.62188,-40.332,0.000,0.0,NaN
48.0167,-0.62190,-40.332,0.000,0.0,NaN
48.0333,-0.62193,-40.331,0.000,0.0,NaN
48.0500,-0.62195,-40.330,0.000,0.0,NaN
48.0667,-0.62198,-40.329,0.000,0.0,NaN
48.0833,-0.62200,-40.328,0.000,0.0,NaN
48.1000,-0.62202,-40.327,0.000,0.0,NaN
48.1167,-0.62205,-40.326,0.000,0.0,NaN
48.1333,-0.62207,-40.325,0.000,0.0,NaN
48.1500,-0.62210,-40.324,0.000,0.0,NaN
48.1667,-0.62212,-40.323,0.000,0.0,NaN
48.1833,-0.62214,-40.322,0.000,0.0,NaN
48.2000,-0.62217,-40.321,0.000,0.0,NaN
48.2167,-0.62219,-40.320,0.000,0.0,NaN
48.2333,-0.62222,-40.320,0.000,0.0,NaN
48.2500,-0.62224,-40.319,0.000,0.0,NaN
48.2667,-0.62226,-40.318,0.000,0.0,NaN
48.2833,-0.62229,-40.317,0.000,0.0,NaN
48.3000,-0.62231,-40.316,0.000,0.0,NaN
48.3167,-0.62233,-40.315,0.000,0.0,NaN
48.3333,-0.62236,-40.314,0.000,0.0,NaN
48.3500,-0.62238,-40.313,0.000,0.0,NaN
48.3667,-0.62241,-40.312,0.000,0.0,NaN
48.3833,-0.62243,-40.311,0.000,0.0,NaN
48.4000,-0.62245,-40.310,0.000,0.0,NaN
48.4167,-0.62248,-40.309,0.000,0.0,NaN
48.4333,-0.62250,-40.308,0.000,0.0,NaN
48.4500,-0.62253,-40.307,0.000,0.0,NaN
48.4667,-0.62255,-40.306,0.000,0.0,NaN
48.4833,-0.62257,-40.305,0.000,0.0,NaN
48.5000,-0.62260,-40.304,0.000,0.0,NaN
48.5167,-0.62262,-40.303,0.000,0.0,NaN
48.5333,-0.62264,-40.302,0.000,0.0,NaN
48.5500,-0.62267,-40.301,0.000,0.0,NaN
48.5667,-0.62269,-40.300,0.000,0.0,NaN
48.5833,-0.62271,-40.299,0.000,0.0,NaN
48.6000,-0.62274,-40.298,0.000,0.0,NaN
48.6167,-0.62276,-40.297,0.000,0.0,NaN
48.6333,-0.62279,-40.296,0.000,0.0,NaN
48.6500,-0.62281,-40.295,0.000,0.0,NaN
48.6667,-0.62283,-40.294,0.000,0.0,NaN
48.6833,-0.62286,-40.293,0.000,0.0,NaN
48.7000,-0.62288,-40.292,0.000,0.0,NaN
48.7167,-0.62290,-40.291,0.000,0.0,NaN
48.7333,-0.62293,-40.291,0.000,0.0,NaN
48.7500,-0.62295,-40.290,0.000,0.0,NaN
48.7667,-0.62298,-40.289,0.000,0.0,NaN
48.7833,-0.62300,-40.288,0.000,0.0,NaN
48.8000,-0.62302,-40.287,0.000,0.0,NaN
48.8167,-0.62305,-40.286,0.000,0.0,NaN
48.8333,-0.62307,-40.285,0.000,0.0,NaN
48.8500,-0.62309,-40.284,0.000,0.0,NaN
48.8667,-0.62312,-40.283,0.000,0.0,NaN
48.8833,-0.62314,-40.282,0.000,0.0,NaN
48.9000,-0.62316,-40.281,0.000,0.0,NaN
48.9167,-0.62319,-40.280,0.000,0.0,NaN
48.9333,-0.62321,-40.280,0.000,0.0,NaN
48.9500,-0.62323,-40.279,0.000,0.0,NaN
48.9667,-0.62326,-40.278,0.000,0.0,NaN
48.9833,-0.62328,-40.277,0.000,0.0,NaN
49.0000,-0.62331,-40.276,0.000,0.0,NaN
49.0167,-0.62333,-40.275,0.000,0.0,NaN
49.0333,-0.62335,-40.274,0.000,0.0,NaN
49.0500,-0.62338,-40.273,0.000,0.0,NaN
49.0667,-0.62340,-40.273,0.000,0.0,NaN
49.0833,-0.62342,-40.272,0.000,0.0,NaN
49.1000,-0.62345,-40.271,0.000,0.0,NaN
49.1167,-0.62347,-40.270,0.000,0.0,NaN
49.1333,-0.62349,-40.269,0.000,0.0,NaN
49.1500,-0.62352,-40.268,0.000,0.0,NaN
49.1667,-0.62354,-40.268,0.000,0.0,NaN
49.1833,-0.62356,-40.267,0.000,0.0,NaN
49.2000,-0.62359,-40.266,0.000,0.0,NaN
49.2167,-0.62361,-40.265,0.000,0.0,NaN
49.2333,-0.62363,-40.264,0.000,0.0,NaN
49.2500,-0.62366,-40.263,0.000,0.0,NaN
49.2667,-0.62368,-40.263,0.000,0.0,NaN
49.2833,-0.62370,-40.262,0.000,0.0,NaN
49.3000,-0.62373,-40.261,0.000,0.0,NaN
49.3167,-0.62375,-40.260,0.000,0.0,NaN
49.3333,-0.62377,-40.259,0.000,0.0,NaN
49.3500,-0.62380,-40.258,0.000,0.0,NaN
49.3667,-0.62382,-40.258,0.000,0.0,NaN
49.3833,-0.62385,-40.257,0.000,0.0,NaN
49.4000,-0.62387,-40.256,0.000,0.0,NaN
49.4167,-0.62389,-40.255,0.000,0.0,NaN
49.4333,-0.62392,-40.254,0.000,0.0,NaN
49.4500,-0.62394,-40.253,0.000,0.0,NaN
49.4667,-0.62396,-40.253,0.000,0.0,NaN
49.4833,-0.62399,-40.252,0.000,0.0,NaN
49.5000,-0.62401,-40.251,0.000,0.0,NaN
49.5167,-0.62403,-40.250,0.000,0.0,NaN
49.5333,-0.62406,-40.249,0.000,0.0,NaN
49.5500,-0.62408,-40.248,0.000,0.0,NaN
49.5667,-0.62410,-40.248,0.000,0.0,NaN
49.5833,-0.62413,-40.247,0.000,0.0,NaN
49.6000,-0.62415,-40.246,0.000,0.0,NaN
49.6167,-0.62417,-40.245,0.000,0.0,NaN
49.6333,-0.62420,-40.244,0.000,0.0,NaN
49.6500,-0.62422,-40.243,0.000,0.0,NaN
49.6667,-0.62424,-40.243,0.000,0.0,NaN
49.6833,-0.62427,-40.242,0.000,0.0,NaN
49.7000,-0.62429,-40.241,0.000,0.0,NaN
49.7167,-0.62431,-40.240,0.000,0.0,NaN
49.7333,-0.62434,-40.239,0.000,0.0,NaN
49.7500,-0.62436,-40.238,0.000,0.0,NaN
49.7667,-0.62438,-40.238,0.000,0.0,NaN
49.7833,-0.62441,-40.237,0.000,0.0,NaN
49.8000,-0.62443,-40.236,0.000,0.0,NaN
49.8167,-0.62445,-40.235,0.000,0.0,NaN
49.8333,-0.62448,-40.234,0.000,0.0,NaN
49.8500,-0.62450,-40.233,0.000,0.0,NaN
49.8667,-0.62452,-40.232,0.000,0.0,NaN
49.8833,-0.62455,-40.232,0.000,0.0,NaN
49.9000,-0.62457,-40.231,0.000,0.0,NaN
49.9167,-0.62459,-40.230,0.000,0.0,NaN
49.9333,-0.62462,-40.229,0.000,0.0,NaN
49.9500,-0.62464,-40.228,0.000,0.0,NaN
49.9667,-0.62466,-40.227,0.000,0.0,NaN
49.9833,-0.62469,-40.227,0.000,0.0,NaN
50.0000,-0.62471,-40.226,0.000,0.0,NaN
50.0167,-0.62473,-40.225,0.000,0.0,NaN
50.0333,-0.62476,-40.224,0.000,0.0,NaN
50.0500,-0.62478,-40.223,0.000,0.0,NaN
50.0667,-0.62480,-40.222,0.000,0.0,NaN
50.0833,-0.62483,-40.222,0.000,0.0,NaN
50.1000,-0.62485,-40.221,0.000,0.0,NaN
50.1167,-0.62487,-40.220,0.000,0.0,NaN
50.1333,-0.62489,-40.219,0.000,0.0,NaN
50.1500,-0.62492,-40.218,0.000,0.0,NaN
50.1667,-0.62494,-40.217,0.000,0.0,NaN
50.1833,-0.62496,-40.217,0.000,0.0,NaN
50.2000,-0.62499,-40.216,0.000,0.0,NaN
50.2167,-0.62501,-40.215,0.000,0.0,NaN
50.2333,-0.62503,-40.214,0.000,0.0,NaN
50.2500,-0.62506,-40.213,0.000,0.0,NaN
50.2667,-0.62508,-40.212,0.000,0.0,NaN
50.2833,-0.62510,-40.212,0.000,0.0,NaN
50.3000,-0.62513,-40.211,0.000,0.0,NaN
50.3167,-0.62515,-40.210,0.000,0.0,NaN
50.3333,-0.62517,-40.209,0.000,0.0,NaN
50.3500,-0.62520,-40.208,0.000,0.0,NaN
50.3667,-0.62522,-40.208,0.000,0.0,NaN
50.3833,-0.62524,-40.207,0.000,0.0,NaN
50.4000,-0.62527,-40.206,0.000,0.0,NaN
50.4167,-0.62529,-40.205,0.000,0.0,NaN
50.4333,-0.62531,-40.204,0.000,0.0,NaN
50.4500,-0.62533,-40.203,0.000,0.0,NaN
50.4667,-0.62536,-40.203,0.000,0.0,NaN
50.4833,-0.62538,-40.202,0.000,0.0,NaN
50.5000,-0.62540,-40.201,0.000,0.0,NaN
50.5167,-0.62543,-40.200,0.000,0.0,NaN
50.5333,-0.62545,-40.199,0.000,0.0,NaN
50.5500,-0.62547,-40.199,0.000,0.0,NaN
50.5667,-0.62550,-40.198,0.000,0.0,NaN
50.5833,-0.62552,-40.197,0.000,0.0,NaN
50.6000,-0.62554,-40.196,0.000,0.0,NaN
50.6167,-0.62557,-40.196,0.000,0.0,NaN
50.6333,-0.62559,-40.195,0.000,0.0,NaN
50.6500,-0.62561,-40.194,0.000,0.0,NaN
50.6667,-0.62563,-40.193,0.000,0.0,NaN
50.6833,-0.62566,-40.192,0.000,0.0,NaN
50.7000,-0.62568,-40.192,0.000,0.0,NaN
50.7167,-0.62570,-40.191,0.000,0.0,NaN
50.7333,-0.62573,-40.190,0.000,0.0,NaN
50.7500,-0.62575,-40.189,0.000,0.0,NaN
50.7667,-0.62577,-40.188,0.000,0.0,NaN
50.7833,-0.62580,-40.188,0.000,0.0,NaN
50.8000,-0.62582,-40.187,0.000,0.0,NaN
50.8167,-0.62584,-40.186,0.000,0.0,NaN
50.8333,-0.62586,-40.185,0.000,0.0,NaN
50.8500,-0.62589,-40.185,0.000,0.0,NaN
50.8667,-0.62591,-40.184,0.000,0.0,NaN
50.8833,-0.62593,-40.183,0.000,0.0,NaN
50.9000,-0.62596,-40.182,0.000,0.0,NaN
50.9167,-0.62598,-40.181,0.000,0.0,NaN
50.9333,-0.62600,-40.181,0.000,0.0,NaN
50.9500,-0.62603,-40.180,0.000,0.0,NaN
50.9667,-0.62605,-40.179,0.000,0.0,NaN
50.9833,-0.62607,-40.178,0.000,0.0,NaN
51.0000,-0.62610,-40.178,0.000,0.0,NaN
51.0167,-0.62612,-40.177,0.000,0.0,NaN
51.0333,-0.62614,-40.176,0.000,0.0,NaN
51.0500,-0.62616,-40.175,0.000,0.0,NaN
51.0667,-0.62619,-40.175,0.000,0.0,NaN
51.0833,-0.62621,-40.174,0.000,0.0,NaN
51.1000,-0.62623,-40.173,0.000,0.0,NaN
51.1167,-0.62626,-40.172,0.000,0.0,NaN
51.1333,-0.62628,-40.171,0.000,0.0,NaN
51.1500,-0.62630,-40.171,0.000,0.0,NaN
51.1667,-0.62632,-40.170,0.000,0.0,NaN
51.1833,-0.62635,-40.169,0.000,0.0,NaN
51.2000,-0.62637,-40.168,0.000,0.0,NaN
51.2167,-0.62639,-40.168,0.000,0.0,NaN
51.2333,-0.62642,-40.167,0.000,0.0,NaN
51.2500,-0.62644,-40.166,0.000,0.0,NaN
51.2667,-0.62646,-40.165,0.000,0.0,NaN
51.2833,-0.62649,-40.165,0.000,0.0,NaN
51.3000,-0.62651,-40.164,0.000,0.0,NaN
51.3167,-0.62653,-40.163,0.000,0.0,NaN
51.3333,-0.62655,-40.162,0.000,0.0,NaN
51.3500,-0.62658,-40.162,0.000,0.0,NaN
51.3667,-0.62660,-40.161,0.000,0.0,NaN
51.3833,-0.62662,-40.160,0.000,0.0,NaN
51.4000,-0.62665,-40.159,0.000,0.0,NaN
51.4167,-0.62667,-40.158,0.000,0.0,NaN
51.4333,-0.62669,-40.158,0.000,0.0,NaN
51.4500,-0.62671,-40.157,0.000,0.0,NaN
51.4667,-0.62674,-40.156,0.000,0.0,NaN
51.4833,-0.62676,-40.155,0.000,0.0,NaN
51.5000,-0.62678,-40.155,0.000,0.0,NaN
51.5167,-0.62681,-40.154,0.000,0.0,NaN
51.5333,-0.62683,-40.153,0.000,0.0,NaN
51.5500,-0.62685,-40.152,0.000,0.0,NaN
51.5667,-0.62687,-40.152,0.000,0.0,NaN
51.5833,-0.62690,-40.151,0.000,0.0,NaN
51.6000,-0.62692,-40.150,0.000,0.0,NaN
51.6167,-0.62694,-40.149,0.000,0.0,NaN
51.6333,-0.62697,-40.149,0.000,0.0,NaN
51.6500,-0.62699,-40.148,0.000,0.0,NaN
51.6667,-0.62701,-40.147,0.000,0.0,NaN
51.6833,-0.62703,-40.146,0.000,0.0,NaN
51.7000,-0.62706,-40.146,0.000,0.0,NaN
51.7167,-0.62708,-40.145,0.000,0.0,NaN
51.7333,-0.62710,-40.144,0.000,0.0,NaN
51.7500,-0.62713,-40.143,0.000,0.0,NaN
51.7667,-0.62715,-40.143,0.000,0.0,NaN
51.7833,-0.62717,-40.142,0.000,0.0,NaN
51.8000,-0.62719,-40.141,0.000,0.0,NaN
51.8167,-0.62722,-40.140,0.000,0.0,NaN
51.8333,-0.62724,-40.140,0.000,0.0,NaN
51.8500,-0.62726,-40.139,0.000,0.0,NaN
51.8667,-0.62729,-40.138,0.000,0.0,NaN
51.8833,-0.62731,-40.137,0.000,0.0,NaN
51.9000,-0.62733,-40.137,0.000,0.0,NaN
51.9167,-0.62735,-40.136,0.000,0.0,NaN
51.9333,-0.62738,-40.135,0.000,0.0,NaN
51.9500,-0.62740,-40.134,0.000,0.0,NaN
51.9667,-0.62742,-40.134,0.000,0.0,NaN
51.9833,-0.62744,-40.133,0.000,0.0,NaN
52.0000,-0.62747,-40.132,0.000,0.0,NaN
52.0167,-0.62749,-40.132,0.000,0.0,NaN
52.0333,-0.62751,-40.131,0.000,0.0,NaN
52.0500,-0.62754,-40.130,0.000,0.0,NaN
52.0667,-0.62756,-40.129,0.000,0.0,NaN
52.0833,-0.62758,-40.129,0.000,0.0,NaN
52.1000,-0.62760,-40.128,0.000,0.0,NaN
52.1167,-0.62763,-40.127,0.000,0.0,NaN
52.1333,-0.62765,-40.126,0.000,0.0,NaN
52.1500,-0.62767,-40.126,0.000,0.0,NaN
52.1667,-0.62769,-40.125,0.000,0.0,NaN
52.1833,-0.62772,-40.124,0.000,0.0,NaN
52.2000,-0.62774,-40.123,0.000,0.0,NaN
52.2167,-0.62776,-40.123,0.000,0.0,NaN
52.2333,-0.62779,-40.122,0.000,0.0,NaN
52.2500,-0.62781,-40.121,0.000,0.0,NaN
52.2667,-0.62783,-40.121,0.000,0.0,NaN
52.2833,-0.62785,-40.120,0.000,0.0,NaN
52.3000,-0.62788,-40.119,0.000,0.0,NaN
52.3167,-0.62790,-40.118,0.000,0.0,NaN
52.3333,-0.62792,-40.118,0.000,0.0,NaN
52.3500,-0.62794,-40.117,0.000,0.0,NaN
52.3667,-0.62797,-40.116,0.000,0.0,NaN
52.3833,-0.62799,-40.116,0.000,0.0,NaN
52.4000,-0.62801,-40.115,0.000,0.0,NaN
52.4167,-0.62804,-40.114,0.000,0.0,NaN
52.4333,-0.62806,-40.113,0.000,0.0,NaN
52.4500,-0.62808,-40.113,0.000,0.0,NaN
52.4667,-0.62810,-40.112,0.000,0.0,NaN
52.4833,-0.62813,-40.111,0.000,0.0,NaN
52.5000,-0.62815,-40.111,0.000,0.0,NaN
52.5167,-0.62817,-40.110,0.000,0.0,NaN
52.5333,-0.62819,-40.109,0.000,0.0,NaN
52.5500,-0.62822,-40.108,0.000,0.0,NaN
52.5667,-0.62824,-40.108,0.000,0.0,NaN
52.5833,-0.62826,-40.107,0.000,0.0,NaN
52.6000,-0.62828,-40.106,0.000,0.0,NaN
52.6167,-0.62831,-40.106,0.000,0.0,NaN
52.6333,-0.62833,-40.105,0.000,0.0,NaN
52.6500,-0.62835,-40.104,0.000,0.0,NaN
52.6667,-0.62838,-40.103,0.000,0.0,NaN
52.6833,-0.62840,-40.103,0.000,0.0,NaN
52.7000,-0.62842,-40.102,0.000,0.0,NaN
52.7167,-0.62844,-40.101,0.000,0.0,NaN
52.7333,-0.62847,-40.101,0.000,0.0,NaN
52.7500,-0.62849,-40.100,0.000,0.0,NaN
52.7667,-0.62851,-40.099,0.000,0.0,NaN
52.7833,-0.62853,-40.098,0.000,0.0,NaN
52.8000,-0.62856,-40.098,0.000,0.0,NaN
52.8167,-0.62858,-40.097,0.000,0.0,NaN
52.8333,-0.62860,-40.096,0.000,0.0,NaN
52.8500,-0.62862,-40.096,0.000,0.0,NaN
52.8667,-0.62865,-40.095,0.000,0.0,NaN
52.8833,-0.62867,-40.094,0.000,0.0,NaN
52.9000,-0.62869,-40.094,0.000,0.0,NaN
52.9167,-0.62872,-40.093,0.000,0.0,NaN
52.9333,-0.62874,-40.092,0.000,0.0,NaN
52.9500,-0.62876,-40.091,0.000,0.0,NaN
52.9667,-0.62878,-40.091,0.000,0.0,NaN
52.9833,-0.62881,-40.090,0.000,0.0,NaN
53.0000,-0.62883,-40.089,0.000,0.0,NaN
53.0167,-0.62885,-40.089,0.000,0.0,NaN
53.0333,-0.62887,-40.088,0.000,0.0,NaN
53.0500,-0.62890,-40.087,0.000,0.0,NaN
53.0667,-0.62892,-40.087,0.000,0.0,NaN
53.0833,-0.62894,-40.086,0.000,0.0,NaN
53.1000,-0.62896,-40.085,0.000,0.0,NaN
53.1167,-0.62899,-40.084,0.000,0.0,NaN
53.1333,-0.62901,-40.084,0.000,0.0,NaN
53.1500,-0.62903,-40.083,0.000,0.0,NaN
53.1667,-0.62905,-40.082,0.000,0.0,NaN
53.1833,-0.62908,-40.082,0.000,0.0,NaN
53.2000,-0.62910,-40.081,0.000,0.0,NaN
53.2167,-0.62912,-40.080,0.000,0.0,NaN
53.2333,-0.62914,-40.080,0.000,0.0,NaN
53.2500,-0.62917,-40.079,0.000,0.0,NaN
53.2667,-0.62919,-40.078,0.000,0.0,NaN
53.2833,-0.62921,-40.078,0.000,0.0,NaN
53.3000,-0.62923,-40.077,0.000,0.0,NaN
53.3167,-0.62926,-40.076,0.000,0.0,NaN
53.3333,-0.62928,-40.075,0.000,0.0,NaN
53.3500,-0.62930,-40.075,0.000,0.0,NaN
53.3667,-0.62932,-40.074,0.000,0.0,NaN
53.3833,-0.62935,-40.073,0.000,0.0,NaN
53.4000,-0.62937,-40.073,0.000,0.0,NaN
53.4167,-0.62939,-40.072,0.000,0.0,NaN
53.4333,-0.62941,-40.071,0.000,0.0,NaN
53.4500,-0.62944,-40.071,0.000,0.0,NaN
53.4667,-0.62946,-40.070,0.000,0.0,NaN
53.4833,-0.62948,-40.069,0.000,0.0,NaN
53.5000,-0.62950,-40.069,0.000,0.0,NaN
53.5167,-0.62953,-40.068,0.000,0.0,NaN
53.5333,-0.62955,-40.067,0.000,0.0,NaN
53.5500,-0.62957,-40.067,0.000,0.0,NaN
53.5667,-0.62959,-40.066,0.000,0.0,NaN
53.5833,-0.62962,-40.065,0.000,0.0,NaN
53.6000,-0.62964,-40.065,0.000,0.0,NaN
53.6167,-0.62966,-40.064,0.000,0.0,NaN
53.6333,-0.62968,-40.063,0.000,0.0,NaN
53.6500,-0.62971,-40.063,0.000,0.0,NaN
53.6667,-0.62973,-40.062,0.000,0.0,NaN
53.6833,-0.62975,-40.061,0.000,0.0,NaN
53.7000,-0.62977,-40.060,0.000,0.0,NaN
53.7167,-0.62980,-40.060,0.000,0.0,NaN
53.7333,-0.62982,-40.059,0.000,0.0,NaN
53.7500,-0.62984,-40.058,0.000,0.0,NaN
53.7667,-0.62986,-40.058,0.000,0.0,NaN
53.7833,-0.62989,-40.057,0.000,0.0,NaN
53.8000,-0.62991,-40.056,0.000,0.0,NaN
53.8167,-0.62993,-40.056,0.000,0.0,NaN
53.8333,-0.62995,-40.055,0.000,0.0,NaN
53.8500,-0.62998,-40.054,0.000,0.0,NaN
53.8667,-0.63000,-40.054,0.000,0.0,NaN
53.8833,-0.63002,-40.053,0.000,0.0,NaN
53.9000,-0.63004,-40.052,0.000,0.0,NaN
53.9167,-0.63007,-40.052,0.000,0.0,NaN
53.9333,-0.63009,-40.051,0.000,0.0,NaN
53.9500,-0.63011,-40.050,0.000,0.0,NaN
53.9667,-0.63013,-40.050,0.000,0.0,NaN
53.9833,-0.63016,-40.049,0.000,0.0,NaN
54.0000,-0.63018,-40.048,0.000,0.0,NaN
54.0167,-0.63020,-40.048,0.000,0.0,NaN
54.0333,-0.63022,-40.047,0.000,0.0,NaN
54.0500,-0.63025,-40.046,0.000,0.0,NaN
54.0667,-0.63027,-40.046,0.000,0.0,NaN
54.0833,-0.63029,-40.045,0.000,0.0,NaN
54.1000,-0.63031,-40.044,0.000,0.0,NaN
54.1167,-0.63034,-40.044,0.000,0.0,NaN
54.1333,-0.63036,-40.043,0.000,0.0,NaN
54.1500,-0.63038,-40.042,0.000,0.0,NaN
54.1667,-0.63040,-40.042,0.000,0.0,NaN
54.1833,-0.63043,-40.041,0.000,0.0,NaN
54.2000,-0.63045,-40.040,0.000,0.0,NaN
54.2167,-0.63047,-40.040,0.000,0.0,NaN
54.2333,-0.63049,-40.039,0.000,0.0,NaN
54.2500,-0.63052,-40.038,0.000,0.0,NaN
54.2667,-0.63054,-40.038,0.000,0.0,NaN
54.2833,-0.63056,-40.037,0.000,0.0,NaN
54.3000,-0.63058,-40.037,0.000,0.0,NaN
54.3167,-0.63061,-40.036,0.000,0.0,NaN
54.3333,-0.63063,-40.035,0.000,0.0,NaN
54.3500,-0.63065,-40.035,0.000,0.0,NaN
54.3667,-0.63067,-40.034,0.000,0.0,NaN
54.3833,-0.63070,-40.033,0.000,0.0,NaN
54.4000,-0.63072,-40.033,0.000,0.0,NaN
54.4167,-0.63074,-40.032,0.000,0.0,NaN
54.4333,-0.63076,-40.031,0.000,0.0,NaN
54.4500,-0.63079,-40.031,0.000,0.0,NaN
54.4667,-0.63081,-40.030,0.000,0.0,NaN
54.4833,-0.63083,-40.029,0.000,0.0,NaN
54.5000,-0.63085,-40.029,0.000,0.0,NaN
54.5167,-0.63087,-40.028,0.000,0.0,NaN
54.5333,-0.63090,-40.027,0.000,0.0,NaN
54.5500,-0.63092,-40.027,0.000,0.0,NaN
54.5667,-0.63094,-40.026,0.000,0.0,NaN
54.5833,-0.63096,-40.025,0.000,0.0,NaN
54.6000,-0.63099,-40.025,0.000,0.0,NaN
54.6167,-0.63101,-40.024,0.000,0.0,NaN
54.6333,-0.63103,-40.023,0.000,0.0,NaN
54.6500,-0.63105,-40.023,0.000,0.0,NaN
54.6667,-0.63108,-40.022,0.000,0.0,NaN
54.6833,-0.63110,-40.022,0.000,0.0,NaN
54.7000,-0.63112,-40.021,0.000,0.0,NaN
54.7167,-0.63114,-40.020,0.000,0.0,NaN
54.7333,-0.63117,-40.020,0.000,0.0,NaN
54.7500,-0.63119,-40.019,0.000,0.0,NaN
54.7667,-0.63121,-40.018,0.000,0.0,NaN
54.7833,-0.63123,-40.018,0.000,0.0,NaN
54.8000,-0.63126,-40.017,0.000,0.0,NaN
54.8167,-0.63128,-40.016,0.000,0.0,NaN
54.8333,-0.63130,-40.016,0.000,0.0,NaN
54.8500,-0.63132,-40.015,0.000,0.0,NaN
54.8667,-0.63134,-40.014,0.000,0.0,NaN
54.8833,-0.63137,-40.014,0.000,0.0,NaN
54.9000,-0.63139,-40.013,0.000,0.0,NaN
54.9167,-0.63141,-40.013,0.000,0.0,NaN
54.9333,-0.63143,-40.012,0.000,0.0,NaN
54.9500,-0.63146,-40.011,0.000,0.0,NaN
54.9667,-0.63148,-40.011,0.000,0.0,NaN
54.9833,-0.63150,-40.010,0.000,0.0,NaN
55.0000,-0.63152,-40.009,0.000,0.0,NaN
55.0167,-0.63155,-40.009,0.000,0.0,NaN
55.0333,-0.63157,-40.008,0.000,0.0,NaN
55.0500,-0.63159,-40.007,0.000,0.0,NaN
55.0667,-0.63161,-40.007,0.000,0.0,NaN
55.0833,-0.63164,-40.006,0.000,0.0,NaN
55.1000,-0.63166,-40.006,0.000,0.0,NaN
55.1167,-0.63168,-40.005,0.000,0.0,NaN
55.1333,-0.63170,-40.004,0.000,0.0,NaN
55.1500,-0.63172,-40.004,0.000,0.0,NaN
55.1667,-0.63175,-40.003,0.000,0.0,NaN
55.1833,-0.63177,-40.002,0.000,0.0,NaN
55.2000,-0.63179,-40.002,0.000,0.0,NaN
55.2167,-0.63181,-40.001,0.000,0.0,NaN
55.2333,-0.63184,-40.000,0.000,0.0,NaN
55.2500,-0.63186,-40.000,0.000,0.0,NaN
55.2667,-0.63188,-39.999,0.000,0.0,NaN
55.2833,-0.63190,-39.999,0.000,0.0,NaN
55.3000,-0.63193,-39.998,0.000,0.0,NaN
55.3167,-0.63195,-39.997,0.000,0.0,NaN
55.3333,-0.63197,-39.997,0.000,0.0,NaN
55.3500,-0.63199,-39.996,0.000,0.0,NaN
55.3667,-0.63202,-39.995,0.000,0.0,NaN
55.3833,-0.63204,-39.995,0.000,0.0,NaN
55.4000,-0.63206,-39.994,0.000,0.0,NaN
55.4167,-0.63208,-39.994,0.000,0.0,NaN
55.4333,-0.63210,-39.993,0.000,0.0,NaN
55.4500,-0.63213,-39.992,0.000,0.0,NaN
55.4667,-0.63215,-39.992,0.000,0.0,NaN
55.4833,-0.63217,-39.991,0.000,0.0,NaN
55.5000,-0.63219,-39.990,0.000,0.0,NaN
55.5167,-0.63222,-39.990,0.000,0.0,NaN
55.5333,-0.63224,-39.989,0.000,0.0,NaN
55.5500,-0.63226,-39.989,0.000,0.0,NaN
55.5667,-0.63228,-39.988,0.000,0.0,NaN
55.5833,-0.63231,-39.987,0.000,0.0,NaN
55.6000,-0.63233,-39.987,0.000,0.0,NaN
55.6167,-0.63235,-39.986,0.000,0.0,NaN
55.6333,-0.63237,-39.985,0.000,0.0,NaN
55.6500,-0.63239,-39.985,0.000,0.0,NaN
55.6667,-0.63242,-39.984,0.000,0.0,NaN
55.6833,-0.63244,-39.984,0.000,0.0,NaN
55.7000,-0.63246,-39.983,0.000,0.0,NaN
55.7167,-0.63248,-39.982,0.000,0.0,NaN
55.7333,-0.63251,-39.982,0.000,0.0,NaN
55.7500,-0.63253,-39.981,0.000,0.0,NaN
55.7667,-0.63255,-39.980,0.000,0.0,NaN
55.7833,-0.63257,-39.980,0.000,0.0,NaN
55.8000,-0.63260,-39.979,0.000,0.0,NaN
55.8167,-0.63262,-39.979,0.000,0.0,NaN
55.8333,-0.63264,-39.978,0.000,0.0,NaN
55.8500,-0.63266,-39.977,0.000,0.0,NaN
55.8667,-0.63268,-39.977,0.000,0.0,NaN
55.8833,-0.63271,-39.976,0.000,0.0,NaN
55.9000,-0.63273,-39.976,0.000,0.0,NaN
55.9167,-0.63275,-39.975,0.000,0.0,NaN
55.9333,-0.63277,-39.974,0.000,0.0,NaN
55.9500,-0.63280,-39.974,0.000,0.0,NaN
55.9667,-0.63282,-39.973,0.000,0.0,NaN
55.9833,-0.63284,-39.972,0.000,0.0,NaN
56.0000,-0.63286,-39.972,0.000,0.0,NaN
56.0167,-0.63288,-39.971,0.000,0.0,NaN
56.0333,-0.63291,-39.971,0.000,0.0,NaN
56.0500,-0.63293,-39.970,0.000,0.0,NaN
56.0667,-0.63295,-39.969,0.000,0.0,NaN
56.0833,-0.63297,-39.969,0.000,0.0,NaN
56.1000,-0.63300,-39.968,0.000,0.0,NaN
56.1167,-0.63302,-39.968,0.000,0.0,NaN
56.1333,-0.63304,-39.967,0.000,0.0,NaN
56.1500,-0.63306,-39.966,0.000,0.0,NaN
56.1667,-0.63309,-39.966,0.000,0.0,NaN
56.1833,-0.63311,-39.965,0.000,0.0,NaN
56.2000,-0.63313,-39.965,0.000,0.0,NaN
56.2167,-0.63315,-39.964,0.000,0.0,NaN
56.2333,-0.63317,-39.963,0.000,0.0,NaN
56.2500,-0.63320,-39.963,0.000,0.0,NaN
56.2667,-0.63322,-39.962,0.000,0.0,NaN
56.2833,-0.63324,-39.962,0.000,0.0,NaN
56.3000,-0.63326,-39.961,0.000,0.0,NaN
56.3167,-0.63329,-39.960,0.000,0.0,NaN
56.3333,-0.63331,-39.960,0.000,0.0,NaN
56.3500,-0.63333,-39.959,0.000,0.0,NaN
56.3667,-0.63335,-39.959,0.000,0.0,NaN
56.3833,-0.63337,-39.958,0.000,0.0,NaN
56.4000,-0.63340,-39.957,0.000,0.0,NaN
56.4167,-0.63342,-39.957,0.000,0.0,NaN
56.4333,-0.63344,-39.956,0.000,0.0,NaN
56.4500,-0.63346,-39.955,0.000,0.0,NaN
56.4667,-0.63349,-39.955,0.000,0.0,NaN
56.4833,-0.63351,-39.954,0.000,0.0,NaN
56.5000,-0.63353,-39.954,0.000,0.0,NaN
56.5167,-0.63355,-39.953,0.000,0.0,NaN
56.5333,-0.63357,-39.952,0.000,0.0,NaN
56.5500,-0.63360,-39.952,0.000,0.0,NaN
56.5667,-0.63362,-39.951,0.000,0.0,NaN
56.5833,-0.63364,-39.951,0.000,0.0,NaN
56.6000,-0.63366,-39.950,0.000,0.0,NaN
56.6167,-0.63369,-39.950,0.000,0.0,NaN
56.6333,-0.63371,-39.949,0.000,0.0,NaN
56.6500,-0.63373,-39.948,0.000,0.0,NaN
56.6667,-0.63375,-39.948,0.000,0.0,NaN
56.6833,-0.63377,-39.947,0.000,0.0,NaN
56.7000,-0.63380,-39.947,0.000,0.0,NaN
56.7167,-0.63382,-39.946,0.000,0.0,NaN
56.7333,-0.63384,-39.945,0.000,0.0,NaN
56.7500,-0.63386,-39.945,0.000,0.0,NaN
56.7667,-0.63389,-39.944,0.000,0.0,NaN
56.7833,-0.63391,-39.944,0.000,0.0,NaN
56.8000,-0.63393,-39.943,0.000,0.0,NaN
56.8167,-0.63395,-39.942,0.000,0.0,NaN
56.8333,-0.63398,-39.942,0.000,0.0,NaN
56.8500,-0.63400,-39.941,0.000,0.0,NaN
56.8667,-0.63402,-39.941,0.000,0.0,NaN
56.8833,-0.63404,-39.940,0.000,0.0,NaN
56.9000,-0.63406,-39.939,0.000,0.0,NaN
56.9167,-0.63409,-39.939,0.000,0.0,NaN
56.9333,-0.63411,-39.938,0.000,0.0,NaN
56.9500,-0.63413,-39.938,0.000,0.0,NaN
56.9667,-0.63415,-39.937,0.000,0.0,NaN
56.9833,-0.63418,-39.936,0.000,0.0,NaN
57.0000,-0.63420,-39.936,0.000,0.0,NaN
57.0167,-0.63422,-39.935,0.000,0.0,NaN
57.0333,-0.63424,-39.935,0.000,0.0,NaN
57.0500,-0.63426,-39.934,0.000,0.0,NaN
57.0667,-0.63429,-39.934,0.000,0.0,NaN
57.0833,-0.63431,-39.933,0.000,0.0,NaN
57.1000,-0.63433,-39.932,0.000,0.0,NaN
57.1167,-0.63435,-39.932,0.000,0.0,NaN
57.1333,-0.63438,-39.931,0.000,0.0,NaN
57.1500,-0.63440,-39.931,0.000,0.0,NaN
57.1667,-0.63442,-39.930,0.000,0.0,NaN
57.1833,-0.63444,-39.929,0.000,0.0,NaN
57.2000,-0.63446,-39.929,0.000,0.0,NaN
57.2167,-0.63449,-39.928,0.000,0.0,NaN
57.2333,-0.63451,-39.928,0.000,0.0,NaN
57.2500,-0.63453,-39.927,0.000,0.0,NaN
57.2667,-0.63455,-39.926,0.000,0.0,NaN
57.2833,-0.63457,-39.926,0.000,0.0,NaN
57.3000,-0.63460,-39.925,0.000,0.0,NaN
57.3167,-0.63462,-39.925,0.000,0.0,NaN
57.3333,-0.63464,-39.924,0.000,0.0,NaN
57.3500,-0.63466,-39.924,0.000,0.0,NaN
57.3667,-0.63469,-39.923,0.000,0.0,NaN
57.3833,-0.63471,-39.922,0.000,0.0,NaN
57.4000,-0.63473,-39.922,0.000,0.0,NaN
57.4167,-0.63475,-39.921,0.000,0.0,NaN
57.4333,-0.63477,-39.921,0.000,0.0,NaN
57.4500,-0.63480,-39.920,0.000,0.0,NaN
57.4667,-0.63482,-39.920,0.000,0.0,NaN
57.4833,-0.63484,-39.919,0.000,0.0,NaN
57.5000,-0.63486,-39.918,0.000,0.0,NaN
57.5167,-0.63489,-39.918,0.000,0.0,NaN
57.5333,-0.63491,-39.917,0.000,0.0,NaN
57.5500,-0.63493,-39.917,0.000,0.0,NaN
57.5667,-0.63495,-39.916,0.000,0.0,NaN
57.5833,-0.63497,-39.915,0.000,0.0,NaN
57.6000,-0.63500,-39.915,0.000,0.0,NaN
57.6167,-0.63502,-39.914,0.000,0.0,NaN
57.6333,-0.63504,-39.914,0.000,0.0,NaN
57.6500,-0.63506,-39.913,0.000,0.0,NaN
57.6667,-0.63509,-39.913,0.000,0.0,NaN
57.6833,-0.63511,-39.912,0.000,0.0,NaN
57.7000,-0.63513,-39.911,0.000,0.0,NaN
57.7167,-0.63515,-39.911,0.000,0.0,NaN
57.7333,-0.63517,-39.910,0.000,0.0,NaN
57.7500,-0.63520,-39.910,0.000,0.0,NaN
57.7667,-0.63522,-39.909,0.000,0.0,NaN
57.7833,-0.63524,-39.909,0.000,0.0,NaN
57.8000,-0.63526,-39.908,0.000,0.0,NaN
57.8167,-0.63529,-39.907,0.000,0.0,NaN
57.8333,-0.63531,-39.907,0.000,0.0,NaN
57.8500,-0.63533,-39.906,0.000,0.0,NaN
57.8667,-0.63535,-39.906,0.000,0.0,NaN
57.8833,-0.63537,-39.905,0.000,0.0,NaN
57.9000,-0.63540,-39.905,0.000,0.0,NaN
57.9167,-0.63542,-39.904,0.000,0.0,NaN
57.9333,-0.63544,-39.903,0.000,0.0,NaN
57.9500,-0.63546,-39.903,0.000,0.0,NaN
57.9667,-0.63549,-39.902,0.000,0.0,NaN
57.9833,-0.63551,-39.902,0.000,0.0,NaN
58.0000,-0.63553,-39.901,0.000,0.0,NaN
58.0167,-0.63555,-39.901,0.000,0.0,NaN
58.0333,-0.63557,-39.900,0.000,0.0,NaN
58.0500,-0.63560,-39.899,0.000,0.0,NaN
58.0667,-0.63562,-39.899,0.000,0.0,NaN
58.0833,-0.63564,-39.898,0.000,0.0,NaN
58.1000,-0.63566,-39.898,0.000,0.0,NaN
58.1167,-0.63568,-39.897,0.000,0.0,NaN
58.1333,-0.63571,-39.897,0.000,0.0,NaN
58.1500,-0.63573,-39.896,0.000,0.0,NaN
58.1667,-0.63575,-39.896,0.000,0.0,NaN
58.1833,-0.63577,-39.895,0.000,0.0,NaN
58.2000,-0.63580,-39.894,0.000,0.0,NaN
58.2167,-0.63582,-39.894,0.000,0.0,NaN
58.2333,-0.63584,-39.893,0.000,0.0,NaN
58.2500,-0.63586,-39.893,0.000,0.0,NaN
58.2667,-0.63588,-39.892,0.000,0.0,NaN
58.2833,-0.63591,-39.892,0.000,0.0,NaN
58.3000,-0.63593,-39.891,0.000,0.0,NaN
58.3167,-0.63595,-39.890,0.000,0.0,NaN
58.3333,-0.63597,-39.890,0.000,0.0,NaN
58.3500,-0.63600,-39.889,0.000,0.0,NaN
58.3667,-0.63602,-39.889,0.000,0.0,NaN
58.3833,-0.63604,-39.888,0.000,0.0,NaN
58.4000,-0.63606,-39.888,0.000,0.0,NaN
58.4167,-0.63608,-39.887,0.000,0.0,NaN
58.4333,-0.63611,-39.887,0.000,0.0,NaN
58.4500,-0.63613,-39.886,0.000,0.0,NaN
58.4667,-0.63615,-39.885,0.000,0.0,NaN
58.4833,-0.63617,-39.885,0.000,0.0,NaN
58.5000,-0.63620,-39.884,0.000,0.0,NaN
58.5167,-0.63622,-39.884,0.000,0.0,NaN
58.5333,-0.63624,-39.883,0.000,0.0,NaN
58.5500,-0.63626,-39.883,0.000,0.0,NaN
58.5667,-0.63628,-39.882,0.000,0.0,NaN
58.5833,-0.63631,-39.881,0.000,0.0,NaN
58.6000,-0.63633,-39.881,0.000,0.0,NaN
58.6167,-0.63635,-39.880,0.000,0.0,NaN
58.6333,-0.63637,-39.880,0.000,0.0,NaN
58.6500,-0.63639,-39.879,0.000,0.0,NaN
58.6667,-0.63642,-39.879,0.000,0.0,NaN
58.6833,-0.63644,-39.878,0.000,0.0,NaN
58.7000,-0.63646,-39.878,0.000,0.0,NaN
58.7167,-0.63648,-39.877,0.000,0.0,NaN
58.7333,-0.63651,-39.876,0.000,0.0,NaN
58.7500,-0.63653,-39.876,0.000,0.0,NaN
58.7667,-0.63655,-39.875,0.000,0.0,NaN
58.7833,-0.63657,-39.875,0.000,0.0,NaN
58.8000,-0.63659,-39.874,0.000,0.0,NaN
58.8167,-0.63662,-39.874,0.000,0.0,NaN
58.8333,-0.63664,-39.873,0.000,0.0,NaN
58.8500,-0.63666,-39.873,0.000,0.0,NaN
58.8667,-0.63668,-39.872,0.000,0.0,NaN
58.8833,-0.63671,-39.872,0.000,0.0,NaN
58.9000,-0.63673,-39.871,0.000,0.0,NaN
58.9167,-0.63675,-39.870,0.000,0.0,NaN
58.9333,-0.63677,-39.870,0.000,0.0,NaN
58.9500,-0.63679,-39.869,0.000,0.0,NaN
58.9667,-0.63682,-39.869,0.000,0.0,NaN
58.9833,-0.63684,-39.868,0.000,0.0,NaN
59.0000,-0.63686,-39.868,0.000,0.0,NaN
59.0167,-0.63688,-39.867,0.000,0.0,NaN
59.0333,-0.63690,-39.867,0.000,0.0,NaN
59.0500,-0.63693,-39.866,0.000,0.0,NaN
59.0667,-0.63695,-39.865,0.000,0.0,NaN
59.0833,-0.63697,-39.865,0.000,0.0,NaN
59.1000,-0.63699,-39.864,0.000,0.0,NaN
59.1167,-0.63702,-39.864,0.000,0.0,NaN
59.1333,-0.63704,-39.863,0.000,0.0,NaN
59.1500,-0.63706,-39.863,0.000,0.0,NaN
59.1667,-0.63708,-39.862,0.000,0.0,NaN
59.1833,-0.63710,-39.862,0.000,0.0,NaN
59.2000,-0.63713,-39.861,0.000,0.0,NaN
59.2167,-0.63715,-39.861,0.000,0.0,NaN
59.2333,-0.63717,-39.860,0.000,0.0,NaN
59.2500,-0.63719,-39.859,0.000,0.0,NaN
59.2667,-0.63722,-39.859,0.000,0.0,NaN
59.2833,-0.63724,-39.858,0.000,0.0,NaN
59.3000,-0.63726,-39.858,0.000,0.0,NaN
59.3167,-0.63728,-39.857,0.000,0.0,NaN
59.3333,-0.63730,-39.857,0.000,0.0,NaN
59.3500,-0.63733,-39.856,0.000,0.0,NaN
59.3667,-0.63735,-39.856,0.000,0.0,NaN
59.3833,-0.63737,-39.855,0.000,0.0,NaN
59.4000,-0.63739,-39.855,0.000,0.0,NaN
59.4167,-0.63741,-39.854,0.000,0.0,NaN
59.4333,-0.63744,-39.853,0.000,0.0,NaN
59.4500,-0.63746,-39.853,0.000,0.0,NaN
59.4667,-0.63748,-39.852,0.000,0.0,NaN
59.4833,-0.63750,-39.852,0.000,0.0,NaN
59.5000,-0.63753,-39.851,0.000,0.0,NaN
59.5167,-0.63755,-39.851,0.000,0.0,NaN
59.5333,-0.63757,-39.850,0.000,0.0,NaN
59.5500,-0.63759,-39.850,0.000,0.0,NaN
59.5667,-0.63761,-39.849,0.000,0.0,NaN
59.5833,-0.63764,-39.849,0.000,0.0,NaN
59.6000,-0.63766,-39.848,0.000,0.0,NaN
59.6167,-0.63768,-39.848,0.000,0.0,NaN
59.6333,-0.63770,-39.847,0.000,0.0,NaN
59.6500,-0.63773,-39.846,0.000,0.0,NaN
59.6667,-0.63775,-39.846,0.000,0.0,NaN
59.6833,-0.63777,-39.845,0.000,0.0,NaN
59.7000,-0.63779,-39.845,0.000,0.0,NaN
59.7167,-0.63781,-39.844,0.000,0.0,NaN
59.7333,-0.63784,-39.844,0.000,0.0,NaN
59.7500,-0.63786,-39.843,0.000,0.0,NaN
59.7667,-0.63788,-39.843,0.000,0.0,NaN
59.7833,-0.63790,-39.842,0.000,0.0,NaN
59.8000,-0.63793,-39.842,0.000,0.0,NaN
59.8167,-0.63795,-39.841,0.000,0.0,NaN
59.8333,-0.63797,-39.841,0.000,0.0,NaN
59.8500,-0.63799,-39.840,0.000,0.0,NaN
59.8667,-0.63801,-39.839,0.000,0.0,NaN
59.8833,-0.63804,-39.839,0.000,0.0,NaN
59.9000,-0.63806,-39.838,0.000,0.0,NaN
59.9167,-0.63808,-39.838,0.000,0.0,NaN
59.9333,-0.63810,-39.837,0.000,0.0,NaN
59.9500,-0.63812,-39.837,0.000,0.0,NaN
59.9667,-0.63815,-39.836,0.000,0.0,NaN
59.9833,-0.63817,-39.836,0.000,0.0,NaN
60.0000,-0.63819,-39.835,0.000,0.0,NaN
