t,heave,pitch,roll,thrust,rpm
0.0167,1.40093,-0.507,0.000,0.0,NaN
0.0333,1.38172,-0.491,-0.000,0.0,NaN
0.0500,1.36087,-0.477,0.000,0.0,NaN
0.0667,1.33840,-0.473,-0.000,0.0,NaN
0.0833,1.31437,-0.491,-0.000,0.0,NaN
0.1000,1.28881,-0.537,-0.000,0.0,NaN
0.1167,1.26176,-0.601,0.000,0.0,NaN
0.1333,1.23324,-0.677,0.000,0.0,NaN
0.1500,1.20326,-0.748,0.000,0.0,NaN
0.1667,1.17185,-0.803,0.000,0.0,NaN
0.1833,1.13902,-0.847,-0.000,0.0,NaN
0.2000,1.10480,-0.888,0.000,0.0,NaN
0.2167,1.06923,-0.945,0.000,0.0,NaN
0.2333,1.03239,-1.039,-0.000,0.0,NaN
0.2500,0.99435,-1.180,0.000,0.0,NaN
0.2667,0.95519,-1.387,0.000,0.0,NaN
0.2833,0.91496,-1.674,-0.000,0.0,NaN
0.3000,0.87370,-2.044,0.000,0.0,NaN
0.3167,0.83145,-2.507,0.000,0.0,NaN
0.3333,0.78819,-3.079,-0.000,0.0,NaN
0.3500,0.74390,-3.781,-0.000,0.0,NaN
0.3667,0.69851,-4.621,0.000,0.0,NaN
0.3833,0.65203,-5.589,0.000,0.0,NaN
0.4000,0.61093,-6.531,0.139,0.0,NaN
0.4167,0.58080,-7.560,0.375,0.0,NaN
0.4333,0.55162,-8.563,-0.009,0.0,NaN
0.4500,0.52240,-9.567,-0.195,0.0,NaN
0.4667,0.49448,-10.772,0.053,0.0,NaN
0.4833,0.46798,-11.966,0.140,0.0,NaN
0.5000,0.44195,-13.321,-0.029,0.0,NaN
0.5167,0.41613,-14.920,-0.012,0.0,NaN
0.5333,0.39004,-16.610,0.096,0.0,NaN
0.5500,0.36364,-18.229,0.038,0.0,NaN
0.5667,0.33661,-19.967,-0.054,0.0,NaN
0.5833,0.30855,-21.745,0.005,0.0,NaN
0.6000,0.27979,-23.451,0.104,0.0,NaN
0.6167,0.25067,-25.232,0.042,0.0,NaN
0.6333,0.22090,-27.078,-0.050,0.0,NaN
0.6500,0.19001,-28.939,-0.010,0.0,NaN
0.6667,0.15829,-30.825,0.057,0.0,NaN
0.6833,0.12611,-32.800,0.028,0.0,NaN
0.7000,0.09367,-34.826,-0.033,0.0,NaN
0.7167,0.06154,-36.780,-0.029,0.0,NaN
0.7333,0.03010,-38.683,-0.001,0.0,NaN
0.7500,-0.00190,-40.561,-0.010,0.0,NaN
0.7667,-0.03503,-42.420,-0.032,0.0,NaN
0.7833,-0.06888,-44.288,-0.045,0.0,NaN
0.8000,-0.10321,-46.207,-0.063,0.0,NaN
0.8167,-0.13814,-48.211,-0.088,0.0,NaN
0.8333,-0.17434,-50.275,-0.091,0.0,NaN
0.8500,-0.21197,-52.397,-0.083,0.0,NaN
0.8667,-0.25063,-54.536,-0.103,0.0,NaN
0.8833,-0.28948,-56.628,-0.131,0.0,NaN
0.9000,-0.32758,-58.675,-0.131,0.0,NaN
0.9167,-0.36526,-60.711,-0.111,0.0,NaN
0.9333,-0.40358,-62.803,-0.102,0.0,NaN
0.9500,-0.44227,-64.976,-0.102,0.0,NaN
0.9667,-0.48022,-67.161,-0.091,0.0,NaN
0.9833,-0.51555,-69.230,-0.075,0.0,NaN
1.0000,-0.54690,-71.031,-0.062,0.0,NaN
1.0167,-0.57386,-72.518,-0.048,0.0,NaN
1.0333,-0.59633,-73.723,-0.033,0.0,NaN
1.0500,-0.61383,-74.691,-0.018,0.0,NaN
1.0667,-0.62585,-75.560,-0.007,0.0,NaN
1.0833,-0.63201,-76.434,0.000,0.0,NaN
1.1000,-0.63195,-77.304,0.006,0.0,NaN
1.1167,-0.62552,-78.122,0.012,0.0,NaN
1.1333,-0.61283,-78.835,0.017,0.0,NaN
1.1500,-0.59419,-79.358,0.020,0.0,NaN
1.1667,-0.56998,-79.651,0.027,0.0,NaN
1.1833,-0.54077,-79.759,0.037,0.0,NaN
1.2000,-0.50711,-79.751,0.047,0.0,NaN
1.2167,-0.46946,-79.681,0.058,0.0,NaN
1.2333,-0.42826,-79.573,0.071,0.0,NaN
1.2500,-0.38412,-79.426,0.080,0.0,NaN
1.2667,-0.33774,-79.203,0.084,0.0,NaN
1.2833,-0.28995,-78.886,0.080,0.0,NaN
1.3000,-0.24189,-78.504,0.069,0.0,NaN
1.3167,-0.19466,-78.112,0.051,0.0,NaN
1.3333,-0.14893,-77.736,0.033,0.0,NaN
1.3500,-0.10486,-77.402,0.015,0.0,NaN
1.3667,-0.06259,-77.136,0.002,0.0,NaN
1.3833,-0.02220,-76.911,-0.003,0.0,NaN
1.4000,0.01639,-76.690,-0.000,0.0,NaN
1.4167,0.05322,-76.467,0.009,0.0,NaN
1.4333,0.08836,-76.232,0.020,0.0,NaN
1.4500,0.12182,-75.954,0.026,0.0,NaN
1.4667,0.15354,-75.639,0.026,0.0,NaN
1.4833,0.18343,-75.301,0.018,0.0,NaN
1.5000,0.21146,-74.935,0.005,0.0,NaN
1.5167,0.23759,-74.566,-0.012,0.0,NaN
1.5333,0.26198,-74.249,-0.029,0.0,NaN
1.5500,0.28476,-73.999,-0.041,0.0,NaN
1.5667,0.30588,-73.793,-0.046,0.0,NaN
1.5833,0.32524,-73.601,-0.044,0.0,NaN
1.6000,0.34283,-73.375,-0.038,0.0,NaN
1.6167,0.35877,-73.083,-0.031,0.0,NaN
1.6333,0.37322,-72.734,-0.026,0.0,NaN
1.6500,0.38630,-72.369,-0.027,0.0,NaN
1.6667,0.39807,-72.031,-0.033,0.0,NaN
1.6833,0.40848,-71.753,-0.046,0.0,NaN
1.7000,0.41751,-71.536,-0.062,0.0,NaN
1.7167,0.42516,-71.340,-0.078,0.0,NaN
1.7333,0.43142,-71.111,-0.089,0.0,NaN
1.7500,0.43628,-70.818,-0.094,0.0,NaN
1.7667,0.43975,-70.462,-0.093,0.0,NaN
1.7833,0.44186,-70.075,-0.089,0.0,NaN
1.8000,0.44262,-69.706,-0.083,0.0,NaN
1.8167,0.44210,-69.392,-0.076,0.0,NaN
1.8333,0.44032,-69.132,-0.074,0.0,NaN
1.8500,0.43735,-68.894,-0.078,0.0,NaN
1.8667,0.43325,-68.641,-0.088,0.0,NaN
1.8833,0.42807,-68.350,-0.103,0.0,NaN
1.9000,0.42187,-68.014,-0.118,0.0,NaN
1.9167,0.41474,-67.647,-0.130,0.0,NaN
1.9333,0.40673,-67.277,-0.137,0.0,NaN
1.9500,0.39788,-66.928,-0.138,0.0,NaN
1.9667,0.38816,-66.603,-0.135,0.0,NaN
1.9833,0.37750,-66.294,-0.129,0.0,NaN
2.0000,0.36590,-65.982,-0.122,0.0,NaN
2.0167,0.35335,-65.651,-0.117,0.0,NaN
2.0333,0.33996,-65.291,-0.118,0.0,NaN
2.0500,0.32589,-64.909,-0.125,0.0,NaN
2.0667,0.31132,-64.507,-0.137,0.0,NaN
2.0833,0.29641,-64.091,-0.149,0.0,NaN
2.1000,0.28130,-63.669,-0.160,0.0,NaN
2.1167,0.26605,-63.243,-0.168,0.0,NaN
2.1333,0.25067,-62.823,-0.170,0.0,NaN
2.1500,0.23528,-62.410,-0.167,0.0,NaN
2.1667,0.21999,-62.001,-0.161,0.0,NaN
2.1833,0.20492,-61.584,-0.154,0.0,NaN
2.2000,0.19020,-61.149,-0.148,0.0,NaN
2.2167,0.17585,-60.698,-0.148,0.0,NaN
2.2333,0.16183,-60.233,-0.154,0.0,NaN
2.2500,0.14804,-59.770,-0.157,0.0,NaN
2.2667,0.13432,-59.322,-0.161,0.0,NaN
2.2833,0.12050,-58.897,-0.168,0.0,NaN
2.3000,0.10659,-58.488,-0.174,0.0,NaN
2.3167,0.09261,-58.077,-0.174,0.0,NaN
2.3333,0.07866,-57.641,-0.171,0.0,NaN
2.3500,0.06485,-57.168,-0.166,0.0,NaN
2.3667,0.05126,-56.660,-0.158,0.0,NaN
2.3833,0.03798,-56.131,-0.151,0.0,NaN
2.4000,0.02516,-55.609,-0.148,0.0,NaN
2.4167,0.01293,-55.109,-0.150,0.0,NaN
2.4333,0.00143,-54.632,-0.153,0.0,NaN
2.4500,-0.00922,-54.169,-0.156,0.0,NaN
2.4667,-0.01891,-53.698,-0.161,0.0,NaN
2.4833,-0.02756,-53.204,-0.167,0.0,NaN
2.5000,-0.03513,-52.683,-0.168,0.0,NaN
2.5167,-0.04158,-52.146,-0.162,0.0,NaN
2.5333,-0.04691,-51.610,-0.154,0.0,NaN
2.5500,-0.05114,-51.091,-0.147,0.0,NaN
2.5667,-0.05429,-50.593,-0.141,0.0,NaN
2.5833,-0.05642,-50.112,-0.136,0.0,NaN
2.6000,-0.05759,-49.630,-0.135,0.0,NaN
2.6167,-0.05788,-49.135,-0.136,0.0,NaN
2.6333,-0.05734,-48.618,-0.139,0.0,NaN
2.6500,-0.05606,-48.084,-0.143,0.0,NaN
2.6667,-0.05410,-47.545,-0.148,0.0,NaN
2.6833,-0.05152,-47.013,-0.148,0.0,NaN
2.7000,-0.04839,-46.497,-0.144,0.0,NaN
2.7167,-0.04478,-45.993,-0.137,0.0,NaN
2.7333,-0.04075,-45.497,-0.131,0.0,NaN
2.7500,-0.03635,-45.000,-0.126,0.0,NaN
2.7667,-0.03161,-44.495,-0.120,0.0,NaN
2.7833,-0.02657,-43.979,-0.116,0.0,NaN
2.8000,-0.02124,-43.454,-0.115,0.0,NaN
2.8167,-0.01564,-42.924,-0.117,0.0,NaN
2.8333,-0.00980,-42.393,-0.121,0.0,NaN
2.8500,-0.00369,-41.865,-0.123,0.0,NaN
2.8667,0.00268,-41.341,-0.123,0.0,NaN
2.8833,0.00934,-40.820,-0.121,0.0,NaN
2.9000,0.01634,-40.297,-0.117,0.0,NaN
2.9167,0.02371,-39.764,-0.113,0.0,NaN
2.9333,0.03145,-39.219,-0.108,0.0,NaN
2.9500,0.03957,-38.658,-0.102,0.0,NaN
2.9667,0.04798,-38.082,-0.098,0.0,NaN
2.9833,0.05645,-37.501,-0.097,0.0,NaN
3.0000,0.06481,-36.927,-0.099,0.0,NaN
3.0167,0.07301,-36.367,-0.101,0.0,NaN
3.0333,0.08101,-35.824,-0.101,0.0,NaN
3.0500,0.08875,-35.294,-0.101,0.0,NaN
3.0667,0.09619,-34.768,-0.099,0.0,NaN
3.0833,0.10329,-34.237,-0.097,0.0,NaN
3.1000,0.11003,-33.696,-0.093,0.0,NaN
3.1167,0.11637,-33.149,-0.088,0.0,NaN
3.1333,0.12230,-32.603,-0.083,0.0,NaN
3.1500,0.12779,-32.067,-0.079,0.0,NaN
3.1667,0.13280,-31.547,-0.078,0.0,NaN
3.1833,0.13731,-31.041,-0.078,0.0,NaN
3.2000,0.14132,-30.541,-0.079,0.0,NaN
3.2167,0.14480,-30.040,-0.078,0.0,NaN
3.2333,0.14776,-29.533,-0.078,0.0,NaN
3.2500,0.15021,-29.019,-0.076,0.0,NaN
3.2667,0.15214,-28.505,-0.074,0.0,NaN
3.2833,0.15359,-28.000,-0.069,0.0,NaN
3.3000,0.15459,-27.509,-0.063,0.0,NaN
3.3167,0.15518,-27.030,-0.058,0.0,NaN
3.3333,0.15540,-26.563,-0.054,0.0,NaN
3.3500,0.15528,-26.100,-0.052,0.0,NaN
3.3667,0.15485,-25.639,-0.050,0.0,NaN
3.3833,0.15406,-25.179,-0.047,0.0,NaN
3.4000,0.15296,-24.721,-0.043,0.0,NaN
3.4167,0.15161,-24.267,-0.039,0.0,NaN
3.4333,0.15006,-23.821,-0.035,0.0,NaN
3.4500,0.14835,-23.387,-0.028,0.0,NaN
3.4667,0.14637,-22.969,-0.020,0.0,NaN
3.4833,0.14416,-22.565,-0.011,0.0,NaN
3.5000,0.14178,-22.169,-0.003,0.0,NaN
3.5167,0.13928,-21.772,0.006,0.0,NaN
3.5333,0.13672,-21.376,0.014,0.0,NaN
3.5500,0.13413,-20.985,0.020,0.0,NaN
3.5667,0.13157,-20.601,0.024,0.0,NaN
3.5833,0.12908,-20.236,0.030,0.0,NaN
3.6000,0.12669,-19.889,0.036,0.0,NaN
3.6167,0.12446,-19.563,0.042,0.0,NaN
3.6333,0.12240,-19.255,0.048,0.0,NaN
3.6500,0.12052,-18.958,0.055,0.0,NaN
3.6667,0.11886,-18.672,0.063,0.0,NaN
3.6833,0.11742,-18.394,0.071,0.0,NaN
3.7000,0.11622,-18.126,0.078,0.0,NaN
3.7167,0.11525,-17.871,0.085,0.0,NaN
3.7333,0.11453,-17.630,0.091,0.0,NaN
3.7500,0.11405,-17.408,0.096,0.0,NaN
3.7667,0.11380,-17.204,0.101,0.0,NaN
3.7833,0.11380,-17.017,0.107,0.0,NaN
3.8000,0.11402,-16.842,0.112,0.0,NaN
3.8167,0.11446,-16.676,0.118,0.0,NaN
3.8333,0.11511,-16.516,0.124,0.0,NaN
3.8500,0.11595,-16.362,0.131,0.0,NaN
3.8667,0.11697,-16.215,0.138,0.0,NaN
3.8833,0.11815,-16.079,0.144,0.0,NaN
3.9000,0.11947,-15.956,0.150,0.0,NaN
3.9167,0.12092,-15.846,0.156,0.0,NaN
3.9333,0.12249,-15.748,0.162,0.0,NaN
3.9500,0.12418,-15.660,0.166,0.0,NaN
3.9667,0.12596,-15.576,0.171,0.0,NaN
3.9833,0.12781,-15.493,0.175,0.0,NaN
4.0000,0.12973,-15.413,0.181,0.0,NaN
4.0167,0.13168,-15.338,0.187,0.0,NaN
4.0333,0.13366,-15.272,0.193,0.0,NaN
4.0500,0.13565,-15.218,0.199,0.0,NaN
4.0667,0.13764,-15.175,0.204,0.0,NaN
4.0833,0.13960,-15.141,0.210,0.0,NaN
4.1000,0.14153,-15.112,0.215,0.0,NaN
4.1167,0.14340,-15.085,0.220,0.0,NaN
4.1333,0.14521,-15.058,0.224,0.0,NaN
4.1500,0.14693,-15.033,0.228,0.0,NaN
4.1667,0.14855,-15.012,0.232,0.0,NaN
4.1833,0.15005,-15.000,0.236,0.0,NaN
4.2000,0.15144,-14.997,0.241,0.0,NaN
4.2167,0.15269,-15.003,0.246,0.0,NaN
4.2333,0.15379,-15.013,0.251,0.0,NaN
4.2500,0.15476,-15.026,0.256,0.0,NaN
4.2667,0.15556,-15.039,0.261,0.0,NaN
4.2833,0.15621,-15.052,0.265,0.0,NaN
4.3000,0.15670,-15.067,0.269,0.0,NaN
4.3167,0.15702,-15.087,0.273,0.0,NaN
4.3333,0.15718,-15.112,0.276,0.0,NaN
4.3500,0.15717,-15.145,0.279,0.0,NaN
4.3667,0.15702,-15.182,0.283,0.0,NaN
4.3833,0.15671,-15.223,0.287,0.0,NaN
4.4000,0.15626,-15.266,0.291,0.0,NaN
4.4167,0.15567,-15.308,0.295,0.0,NaN
4.4333,0.15496,-15.352,0.299,0.0,NaN
4.4500,0.15412,-15.397,0.303,0.0,NaN
4.4667,0.15316,-15.445,0.307,0.0,NaN
4.4833,0.15211,-15.498,0.310,0.0,NaN
4.5000,0.15096,-15.556,0.313,0.0,NaN
4.5167,0.14973,-15.618,0.315,0.0,NaN
4.5333,0.14843,-15.683,0.318,0.0,NaN
4.5500,0.14707,-15.750,0.321,0.0,NaN
4.5667,0.14566,-15.817,0.324,0.0,NaN
4.5833,0.14421,-15.884,0.327,0.0,NaN
4.6000,0.14273,-15.953,0.331,0.0,NaN
4.6167,0.14123,-16.024,0.334,0.0,NaN
4.6333,0.13971,-16.098,0.338,0.0,NaN
4.6500,0.13818,-16.178,0.341,0.0,NaN
4.6667,0.13665,-16.262,0.344,0.0,NaN
4.6833,0.13513,-16.348,0.347,0.0,NaN
4.7000,0.13361,-16.436,0.349,0.0,NaN
4.7167,0.13211,-16.523,0.351,0.0,NaN
4.7333,0.13063,-16.611,0.354,0.0,NaN
4.7500,0.12915,-16.699,0.356,0.0,NaN
4.7667,0.12770,-16.790,0.359,0.0,NaN
4.7833,0.12626,-16.885,0.362,0.0,NaN
4.8000,0.12483,-16.985,0.366,0.0,NaN
4.8167,0.12343,-17.088,0.369,0.0,NaN
4.8333,0.12204,-17.193,0.372,0.0,NaN
4.8500,0.12067,-17.299,0.375,0.0,NaN
4.8667,0.11932,-17.404,0.378,0.0,NaN
4.8833,0.11798,-17.509,0.380,0.0,NaN
4.9000,0.11667,-17.616,0.382,0.0,NaN
4.9167,0.11538,-17.725,0.384,0.0,NaN
4.9333,0.11411,-17.838,0.386,0.0,NaN
4.9500,0.11287,-17.954,0.389,0.0,NaN
4.9667,0.11166,-18.072,0.392,0.0,NaN
4.9833,0.11048,-18.191,0.395,0.0,NaN
5.0000,0.10933,-18.309,0.398,0.0,NaN
5.0167,0.10821,-18.427,0.401,0.0,NaN
5.0333,0.10712,-18.545,0.404,0.0,NaN
5.0500,0.10607,-18.663,0.406,0.0,NaN
5.0667,0.10505,-18.783,0.408,0.0,NaN
5.0833,0.10407,-18.905,0.410,0.0,NaN
5.1000,0.10313,-19.029,0.411,0.0,NaN
5.1167,0.10222,-19.153,0.413,0.0,NaN
5.1333,0.10135,-19.277,0.415,0.0,NaN
5.1500,0.10052,-19.400,0.418,0.0,NaN
5.1667,0.09973,-19.522,0.421,0.0,NaN
5.1833,0.09897,-19.643,0.423,0.0,NaN
5.2000,0.09825,-19.763,0.426,0.0,NaN
5.2167,0.09758,-19.884,0.428,0.0,NaN
5.2333,0.09694,-20.005,0.430,0.0,NaN
5.2500,0.09633,-20.126,0.432,0.0,NaN
5.2667,0.09577,-20.247,0.434,0.0,NaN
5.2833,0.09524,-20.368,0.435,0.0,NaN
5.3000,0.09475,-20.486,0.437,0.0,NaN
5.3167,0.09429,-20.603,0.439,0.0,NaN
5.3333,0.09388,-20.717,0.441,0.0,NaN
5.3500,0.09349,-20.830,0.443,0.0,NaN
5.3667,0.09314,-20.943,0.446,0.0,NaN
5.3833,0.09283,-21.056,0.448,0.0,NaN
5.4000,0.09255,-21.168,0.450,0.0,NaN
5.4167,0.09230,-21.280,0.452,0.0,NaN
5.4333,0.09209,-21.390,0.454,0.0,NaN
5.4500,0.09190,-21.497,0.455,0.0,NaN
5.4667,0.09175,-21.603,0.457,0.0,NaN
5.4833,0.09161,-21.706,0.458,0.0,NaN
5.5000,0.09151,-21.807,0.460,0.0,NaN
5.5167,0.09142,-21.908,0.462,0.0,NaN
5.5333,0.09135,-22.009,0.464,0.0,NaN
5.5500,0.09130,-22.108,0.466,0.0,NaN
5.5667,0.09127,-22.206,0.468,0.0,NaN
5.5833,0.09124,-22.302,0.471,0.0,NaN
5.6000,0.09122,-22.395,0.472,0.0,NaN
5.6167,0.09121,-22.485,0.474,0.0,NaN
5.6333,0.09119,-22.574,0.475,0.0,NaN
5.6500,0.09118,-22.660,0.476,0.0,NaN
5.6667,0.09117,-22.746,0.477,0.0,NaN
5.6833,0.09115,-22.830,0.479,0.0,NaN
5.7000,0.09113,-22.913,0.480,0.0,NaN
5.7167,0.09110,-22.993,0.482,0.0,NaN
5.7333,0.09105,-23.072,0.484,0.0,NaN
5.7500,0.09100,-23.147,0.486,0.0,NaN
5.7667,0.09094,-23.220,0.488,0.0,NaN
5.7833,0.09086,-23.290,0.490,0.0,NaN
5.8000,0.09076,-23.358,0.491,0.0,NaN
5.8167,0.09065,-23.425,0.492,0.0,NaN
5.8333,0.09053,-23.491,0.493,0.0,NaN
5.8500,0.09038,-23.555,0.494,0.0,NaN
5.8667,0.09023,-23.616,0.495,0.0,NaN
5.8833,0.09006,-23.675,0.497,0.0,NaN
5.9000,0.08987,-23.731,0.498,0.0,NaN
5.9167,0.08967,-23.784,0.500,0.0,NaN
5.9333,0.08945,-23.836,0.501,0.0,NaN
5.9500,0.08922,-23.885,0.503,0.0,NaN
5.9667,0.08898,-23.932,0.505,0.0,NaN
5.9833,0.08873,-23.978,0.506,0.0,NaN
6.0000,0.08847,-24.023,0.507,0.0,NaN
6.0167,0.08820,-24.065,0.508,0.0,NaN
6.0333,0.08792,-24.105,0.508,0.0,NaN
6.0500,0.08764,-24.142,0.509,0.0,NaN
6.0667,0.08736,-24.176,0.510,0.0,NaN
6.0833,0.08708,-24.209,0.512,0.0,NaN
6.1000,0.08679,-24.240,0.513,0.0,NaN
6.1167,0.08651,-24.269,0.515,0.0,NaN
6.1333,0.08623,-24.297,0.516,0.0,NaN
6.1500,0.08595,-24.323,0.517,0.0,NaN
6.1667,0.08568,-24.348,0.518,0.0,NaN
6.1833,0.08542,-24.370,0.519,0.0,NaN
6.2000,0.08517,-24.390,0.520,0.0,NaN
6.2167,0.08492,-24.407,0.521,0.0,NaN
6.2333,0.08469,-24.423,0.522,0.0,NaN
6.2500,0.08448,-24.438,0.523,0.0,NaN
6.2667,0.08427,-24.451,0.524,0.0,NaN
6.2833,0.08408,-24.463,0.525,0.0,NaN
6.3000,0.08391,-24.473,0.526,0.0,NaN
6.3167,0.08375,-24.482,0.528,0.0,NaN
6.3333,0.08362,-24.488,0.529,0.0,NaN
6.3500,0.08349,-24.493,0.530,0.0,NaN
6.3667,0.08339,-24.496,0.531,0.0,NaN
6.3833,0.08330,-24.498,0.532,0.0,NaN
6.4000,0.08324,-24.498,0.532,0.0,NaN
6.4167,0.08318,-24.497,0.533,0.0,NaN
6.4333,0.08315,-24.495,0.534,0.0,NaN
6.4500,0.08314,-24.492,0.535,0.0,NaN
6.4667,0.08314,-24.488,0.536,0.0,NaN
6.4833,0.08316,-24.481,0.537,0.0,NaN
6.5000,0.08320,-24.473,0.539,0.0,NaN
6.5167,0.08325,-24.464,0.540,0.0,NaN
6.5333,0.08332,-24.453,0.541,0.0,NaN
6.5500,0.08340,-24.441,0.542,0.0,NaN
6.5667,0.08350,-24.429,0.543,0.0,NaN
6.5833,0.08360,-24.415,0.543,0.0,NaN
6.6000,0.08372,-24.401,0.544,0.0,NaN
6.6167,0.08385,-24.385,0.545,0.0,NaN
6.6333,0.08399,-24.367,0.546,0.0,NaN
6.6500,0.08414,-24.349,0.547,0.0,NaN
6.6667,0.08430,-24.329,0.548,0.0,NaN
6.6833,0.08446,-24.308,0.549,0.0,NaN
6.7000,0.08463,-24.287,0.550,0.0,NaN
6.7167,0.08480,-24.264,0.551,0.0,NaN
6.7333,0.08498,-24.241,0.552,0.0,NaN
6.7500,0.08516,-24.217,0.553,0.0,NaN
6.7667,0.08534,-24.192,0.554,0.0,NaN
6.7833,0.08552,-24.166,0.555,0.0,NaN
6.8000,0.08570,-24.139,0.555,0.0,NaN
6.8167,0.08589,-24.111,0.556,0.0,NaN
6.8333,0.08607,-24.083,0.557,0.0,NaN
6.8500,0.08624,-24.053,0.558,0.0,NaN
6.8667,0.08642,-24.023,0.559,0.0,NaN
6.8833,0.08659,-23.993,0.560,0.0,NaN
6.9000,0.08676,-23.962,0.561,0.0,NaN
6.9167,0.08692,-23.931,0.562,0.0,NaN
6.9333,0.08708,-23.898,0.563,0.0,NaN
6.9500,0.08723,-23.865,0.564,0.0,NaN
6.9667,0.08738,-23.831,0.564,0.0,NaN
6.9833,0.08752,-23.797,0.565,0.0,NaN
7.0000,0.08766,-23.763,0.566,0.0,NaN
7.0167,0.08779,-23.728,0.567,0.0,NaN
7.0333,0.08792,-23.693,0.568,0.0,NaN
7.0500,0.08804,-23.658,0.569,0.0,NaN
7.0667,0.08815,-23.623,0.570,0.0,NaN
7.0833,0.08827,-23.586,0.571,0.0,NaN
7.1000,0.08837,-23.550,0.572,0.0,NaN
7.1167,0.08847,-23.513,0.573,0.0,NaN
7.1333,0.08857,-23.476,0.574,0.0,NaN
7.1500,0.08866,-23.439,0.574,0.0,NaN
7.1667,0.08875,-23.402,0.575,0.0,NaN
7.1833,0.08883,-23.365,0.576,0.0,NaN
7.2000,0.08891,-23.328,0.577,0.0,NaN
7.2167,0.08899,-23.291,0.577,0.0,NaN
7.2333,0.08907,-23.254,0.579,0.0,NaN
7.2500,0.08914,-23.217,0.580,0.0,NaN
7.2667,0.08922,-23.179,0.581,0.0,NaN
7.2833,0.08929,-23.142,0.582,0.0,NaN
7.3000,0.08936,-23.105,0.582,0.0,NaN
7.3167,0.08942,-23.069,0.583,0.0,NaN
7.3333,0.08949,-23.032,0.584,0.0,NaN
7.3500,0.08956,-22.996,0.585,0.0,NaN
7.3667,0.08963,-22.960,0.585,0.0,NaN
7.3833,0.08970,-22.924,0.586,0.0,NaN
7.4000,0.08977,-22.888,0.587,0.0,NaN
7.4167,0.08984,-22.852,0.588,0.0,NaN
7.4333,0.08991,-22.817,0.589,0.0,NaN
7.4500,0.08998,-22.782,0.590,0.0,NaN
7.4667,0.09005,-22.748,0.591,0.0,NaN
7.4833,0.09012,-22.714,0.592,0.0,NaN
7.5000,0.09020,-22.680,0.593,0.0,NaN
7.5167,0.09028,-22.647,0.594,0.0,NaN
7.5333,0.09035,-22.614,0.594,0.0,NaN
7.5500,0.09043,-22.581,0.595,0.0,NaN
7.5667,0.09051,-22.549,0.596,0.0,NaN
7.5833,0.09059,-22.517,0.597,0.0,NaN
7.6000,0.09067,-22.486,0.598,0.0,NaN
7.6167,0.09076,-22.455,0.599,0.0,NaN
7.6333,0.09084,-22.425,0.600,0.0,NaN
7.6500,0.09092,-22.396,0.601,0.0,NaN
7.6667,0.09101,-22.366,0.602,0.0,NaN
7.6833,0.09109,-22.337,0.603,0.0,NaN
7.7000,0.09118,-22.309,0.604,0.0,NaN
7.7167,0.09126,-22.281,0.605,0.0,NaN
7.7333,0.09134,-22.254,0.606,0.0,NaN
7.7500,0.09143,-22.227,0.607,0.0,NaN
7.7667,0.09151,-22.201,0.608,0.0,NaN
7.7833,0.09159,-22.176,0.609,0.0,NaN
7.8000,0.09167,-22.151,0.610,0.0,NaN
7.8167,0.09174,-22.127,0.611,0.0,NaN
7.8333,0.09182,-22.103,0.612,0.0,NaN
7.8500,0.09189,-22.079,0.613,0.0,NaN
7.8667,0.09197,-22.056,0.614,0.0,NaN
7.8833,0.09203,-22.034,0.615,0.0,NaN
7.9000,0.09210,-22.013,0.616,0.0,NaN
7.9167,0.09216,-21.992,0.617,0.0,NaN
7.9333,0.09223,-21.972,0.618,0.0,NaN
7.9500,0.09228,-21.952,0.619,0.0,NaN
7.9667,0.09234,-21.933,0.621,0.0,NaN
7.9833,0.09239,-21.914,0.622,0.0,NaN
8.0000,0.09244,-21.896,0.623,0.0,NaN
8.0167,0.09248,-21.879,0.624,0.0,NaN
8.0333,0.09252,-21.862,0.626,0.0,NaN
8.0500,0.09256,-21.846,0.627,0.0,NaN
8.0667,0.09260,-21.830,0.628,0.0,NaN
8.0833,0.09263,-21.815,0.629,0.0,NaN
8.1000,0.09266,-21.801,0.630,0.0,NaN
8.1167,0.09268,-21.787,0.631,0.0,NaN
8.1333,0.09270,-21.774,0.632,0.0,NaN
8.1500,0.09272,-21.761,0.634,0.0,NaN
8.1667,0.09273,-21.749,0.635,0.0,NaN
8.1833,0.09274,-21.737,0.636,0.0,NaN
8.2000,0.09275,-21.726,0.638,0.0,NaN
8.2167,0.09276,-21.716,0.639,0.0,NaN
8.2333,0.09276,-21.706,0.640,0.0,NaN
8.2500,0.09276,-21.697,0.642,0.0,NaN
8.2667,0.09275,-21.689,0.643,0.0,NaN
8.2833,0.09275,-21.680,0.644,0.0,NaN
8.3000,0.09274,-21.673,0.645,0.0,NaN
8.3167,0.09273,-21.666,0.647,0.0,NaN
8.3333,0.09271,-21.659,0.648,0.0,NaN
8.3500,0.09270,-21.654,0.649,0.0,NaN
8.3667,0.09268,-21.648,0.651,0.0,NaN
8.3833,0.09266,-21.644,0.652,0.0,NaN
8.4000,0.09264,-21.639,0.654,0.0,NaN
8.4167,0.09261,-21.636,0.655,0.0,NaN
8.4333,0.09259,-21.632,0.656,0.0,NaN
8.4500,0.09256,-21.629,0.658,0.0,NaN
8.4667,0.09254,-21.627,0.659,0.0,NaN
8.4833,0.09251,-21.625,0.660,0.0,NaN
8.5000,0.09248,-21.624,0.662,0.0,NaN
8.5167,0.09245,-21.624,0.663,0.0,NaN
8.5333,0.09242,-21.623,0.665,0.0,NaN
8.5500,0.09239,-21.623,0.666,0.0,NaN
8.5667,0.09236,-21.624,0.668,0.0,NaN
8.5833,0.09232,-21.625,0.669,0.0,NaN
8.6000,0.09229,-21.627,0.671,0.0,NaN
8.6167,0.09226,-21.629,0.672,0.0,NaN
8.6333,0.09222,-21.631,0.674,0.0,NaN
8.6500,0.09219,-21.634,0.675,0.0,NaN
8.6667,0.09216,-21.637,0.677,0.0,NaN
8.6833,0.09212,-21.641,0.678,0.0,NaN
8.7000,0.09209,-21.645,0.680,0.0,NaN
8.7167,0.09205,-21.649,0.681,0.0,NaN
8.7333,0.09202,-21.654,0.683,0.0,NaN
8.7500,0.09198,-21.659,0.685,0.0,NaN
8.7667,0.09195,-21.664,0.686,0.0,NaN
8.7833,0.09191,-21.670,0.688,0.0,NaN
8.8000,0.09188,-21.676,0.689,0.0,NaN
8.8167,0.09184,-21.683,0.691,0.0,NaN
8.8333,0.09180,-21.690,0.692,0.0,NaN
8.8500,0.09177,-21.697,0.694,0.0,NaN
8.8667,0.09173,-21.704,0.696,0.0,NaN
8.8833,0.09169,-21.712,0.697,0.0,NaN
8.9000,0.09166,-21.720,0.699,0.0,NaN
8.9167,0.09162,-21.728,0.700,0.0,NaN
8.9333,0.09158,-21.737,0.702,0.0,NaN
8.9500,0.09154,-21.746,0.704,0.0,NaN
8.9667,0.09150,-21.755,0.705,0.0,NaN
8.9833,0.09146,-21.764,0.707,0.0,NaN
9.0000,0.09142,-21.774,0.709,0.0,NaN
9.0167,0.09138,-21.783,0.710,0.0,NaN
9.0333,0.09134,-21.793,0.712,0.0,NaN
9.0500,0.09130,-21.803,0.714,0.0,NaN
9.0667,0.09125,-21.814,0.715,0.0,NaN
9.0833,0.09121,-21.824,0.717,0.0,NaN
9.1000,0.09117,-21.835,0.719,0.0,NaN
9.1167,0.09112,-21.846,0.720,0.0,NaN
9.1333,0.09108,-21.857,0.722,0.0,NaN
9.1500,0.09103,-21.868,0.724,0.0,NaN
9.1667,0.09098,-21.879,0.725,0.0,NaN
9.1833,0.09093,-21.891,0.727,0.0,NaN
9.2000,0.09088,-21.902,0.729,0.0,NaN
9.2167,0.09084,-21.914,0.730,0.0,NaN
9.2333,0.09079,-21.925,0.732,0.0,NaN
9.2500,0.09073,-21.937,0.734,0.0,NaN
9.2667,0.09068,-21.949,0.735,0.0,NaN
9.2833,0.09063,-21.961,0.737,0.0,NaN
9.3000,0.09058,-21.973,0.739,0.0,NaN
9.3167,0.09052,-21.985,0.741,0.0,NaN
9.3333,0.09047,-21.998,0.742,0.0,NaN
9.3500,0.09041,-22.010,0.744,0.0,NaN
9.3667,0.09036,-22.022,0.746,0.0,NaN
9.3833,0.09030,-22.034,0.748,0.0,NaN
9.4000,0.09025,-22.047,0.749,0.0,NaN
9.4167,0.09019,-22.059,0.751,0.0,NaN
9.4333,0.09013,-22.071,0.753,0.0,NaN
9.4500,0.09008,-22.084,0.754,0.0,NaN
9.4667,0.09002,-22.096,0.756,0.0,NaN
9.4833,0.08996,-22.108,0.758,0.0,NaN
9.5000,0.08990,-22.120,0.760,0.0,NaN
9.5167,0.08984,-22.133,0.761,0.0,NaN
9.5333,0.08979,-22.145,0.763,0.0,NaN
9.5500,0.08973,-22.157,0.765,0.0,NaN
9.5667,0.08967,-22.169,0.766,0.0,NaN
9.5833,0.08961,-22.182,0.768,0.0,NaN
9.6000,0.08955,-22.194,0.770,0.0,NaN
9.6167,0.08950,-22.206,0.771,0.0,NaN
9.6333,0.08944,-22.217,0.773,0.0,NaN
9.6500,0.08938,-22.229,0.775,0.0,NaN
9.6667,0.08932,-22.241,0.777,0.0,NaN
9.6833,0.08927,-22.253,0.778,0.0,NaN
9.7000,0.08921,-22.264,0.780,0.0,NaN
9.7167,0.08916,-22.276,0.782,0.0,NaN
9.7333,0.08910,-22.287,0.784,0.0,NaN
9.7500,0.08905,-22.299,0.785,0.0,NaN
9.7667,0.08899,-22.310,0.787,0.0,NaN
9.7833,0.08894,-22.321,0.789,0.0,NaN
9.8000,0.08889,-22.332,0.790,0.0,NaN
9.8167,0.08883,-22.343,0.792,0.0,NaN
9.8333,0.08878,-22.354,0.794,0.0,NaN
9.8500,0.08873,-22.364,0.796,0.0,NaN
9.8667,0.08868,-22.375,0.797,0.0,NaN
9.8833,0.08863,-22.385,0.799,0.0,NaN
9.9000,0.08858,-22.395,0.801,0.0,NaN
9.9167,0.08853,-22.405,0.803,0.0,NaN
9.9333,0.08848,-22.415,0.804,0.0,NaN
9.9500,0.08844,-22.425,0.806,0.0,NaN
9.9667,0.08839,-22.435,0.808,0.0,NaN
9.9833,0.08834,-22.444,0.809,0.0,NaN
10.0000,0.08830,-22.453,0.811,0.0,NaN
10.0167,0.08825,-22.463,0.813,0.0,NaN
10.0333,0.08821,-22.472,0.815,0.0,NaN
10.0500,0.08817,-22.480,0.816,0.0,NaN
10.0667,0.08812,-22.489,0.818,0.0,NaN
10.0833,0.08808,-22.497,0.820,0.0,NaN
10.1000,0.08804,-22.506,0.822,0.0,NaN
10.1167,0.08800,-22.514,0.823,0.0,NaN
10.1333,0.08796,-22.522,0.825,0.0,NaN
10.1500,0.08792,-22.530,0.827,0.0,NaN
10.1667,0.08788,-22.537,0.828,0.0,NaN
10.1833,0.08784,-22.545,0.830,0.0,NaN
10.2000,0.08780,-22.552,0.832,0.0,NaN
10.2167,0.08777,-22.559,0.833,0.0,NaN
10.2333,0.08773,-22.566,0.835,0.0,NaN
10.2500,0.08769,-22.573,0.837,0.0,NaN
10.2667,0.08766,-22.579,0.839,0.0,NaN
10.2833,0.08762,-22.586,0.840,0.0,NaN
10.3000,0.08759,-22.592,0.842,0.0,NaN
10.3167,0.08755,-22.598,0.844,0.0,NaN
10.3333,0.08752,-22.604,0.845,0.0,NaN
10.3500,0.08748,-22.610,0.847,0.0,NaN
10.3667,0.08745,-22.615,0.849,0.0,NaN
10.3833,0.08742,-22.620,0.851,0.0,NaN
10.4000,0.08739,-22.626,0.852,0.0,NaN
10.4167,0.08736,-22.630,0.854,0.0,NaN
10.4333,0.08732,-22.635,0.856,0.0,NaN
10.4500,0.08729,-22.640,0.858,0.0,NaN
10.4667,0.08726,-22.644,0.859,0.0,NaN
10.4833,0.08723,-22.648,0.861,0.0,NaN
10.5000,0.08720,-22.653,0.863,0.0,NaN
10.5167,0.08718,-22.656,0.864,0.0,NaN
10.5333,0.08715,-22.660,0.866,0.0,NaN
10.5500,0.08712,-22.664,0.868,0.0,NaN
10.5667,0.08709,-22.667,0.870,0.0,NaN
10.5833,0.08707,-22.670,0.871,0.0,NaN
10.6000,0.08704,-22.673,0.873,0.0,NaN
10.6167,0.08701,-22.676,0.875,0.0,NaN
10.6333,0.08699,-22.679,0.876,0.0,NaN
10.6500,0.08696,-22.681,0.878,0.0,NaN
10.6667,0.08694,-22.684,0.880,0.0,NaN
10.6833,0.08691,-22.686,0.882,0.0,NaN
10.7000,0.08689,-22.688,0.883,0.0,NaN
10.7167,0.08687,-22.690,0.885,0.0,NaN
10.7333,0.08684,-22.692,0.887,0.0,NaN
10.7500,0.08682,-22.694,0.889,0.0,NaN
10.7667,0.08680,-22.695,0.890,0.0,NaN
10.7833,0.08678,-22.696,0.892,0.0,NaN
10.8000,0.08676,-22.698,0.894,0.0,NaN
10.8167,0.08674,-22.699,0.896,0.0,NaN
10.8333,0.08672,-22.700,0.897,0.0,NaN
10.8500,0.08670,-22.700,0.899,0.0,NaN
10.8667,0.08668,-22.701,0.901,0.0,NaN
10.8833,0.08666,-22.702,0.903,0.0,NaN
10.9000,0.08664,-22.702,0.904,0.0,NaN
10.9167,0.08662,-22.702,0.906,0.0,NaN
10.9333,0.08661,-22.703,0.908,0.0,NaN
10.9500,0.08659,-22.703,0.910,0.0,NaN
10.9667,0.08657,-22.703,0.911,0.0,NaN
10.9833,0.08656,-22.702,0.913,0.0,NaN
11.0000,0.08654,-22.702,0.915,0.0,NaN
11.0167,0.08653,-22.702,0.917,0.0,NaN
11.0333,0.08651,-22.701,0.919,0.0,NaN
11.0500,0.08650,-22.701,0.920,0.0,NaN
11.0667,0.08648,-22.700,0.922,0.0,NaN
11.0833,0.08647,-22.699,0.924,0.0,NaN
11.1000,0.08646,-22.698,0.926,0.0,NaN
11.1167,0.08644,-22.697,0.928,0.0,NaN
11.1333,0.08643,-22.696,0.929,0.0,NaN
11.1500,0.08642,-22.695,0.931,0.0,NaN
11.1667,0.08641,-22.694,0.933,0.0,NaN
11.1833,0.08639,-22.693,0.935,0.0,NaN
11.2000,0.08638,-22.691,0.937,0.0,NaN
11.2167,0.08637,-22.690,0.938,0.0,NaN
11.2333,0.08636,-22.688,0.940,0.0,NaN
11.2500,0.08635,-22.687,0.942,0.0,NaN
11.2667,0.08634,-22.685,0.944,0.0,NaN
11.2833,0.08633,-22.684,0.946,0.0,NaN
11.3000,0.08632,-22.682,0.948,0.0,NaN
11.3167,0.08631,-22.680,0.949,0.0,NaN
11.3333,0.08630,-22.678,0.951,0.0,NaN
11.3500,0.08629,-22.676,0.953,0.0,NaN
11.3667,0.08628,-22.674,0.955,0.0,NaN
11.3833,0.08627,-22.672,0.957,0.0,NaN
11.4000,0.08626,-22.670,0.959,0.0,NaN
11.4167,0.08625,-22.668,0.961,0.0,NaN
11.4333,0.08624,-22.666,0.963,0.0,NaN
11.4500,0.08623,-22.664,0.964,0.0,NaN
11.4667,0.08622,-22.662,0.966,0.0,NaN
11.4833,0.08621,-22.660,0.968,0.0,NaN
11.5000,0.08620,-22.657,0.970,0.0,NaN
11.5167,0.08619,-22.655,0.972,0.0,NaN
11.5333,0.08618,-22.653,0.974,0.0,NaN
11.5500,0.08617,-22.651,0.976,0.0,NaN
11.5667,0.08616,-22.648,0.978,0.0,NaN
11.5833,0.08615,-22.646,0.980,0.0,NaN
11.6000,0.08614,-22.644,0.982,0.0,NaN
11.6167,0.08613,-22.641,0.984,0.0,NaN
11.6333,0.08612,-22.639,0.985,0.0,NaN
11.6500,0.08611,-22.637,0.987,0.0,NaN
11.6667,0.08610,-22.634,0.989,0.0,NaN
11.6833,0.08609,-22.632,0.991,0.0,NaN
11.7000,0.08608,-22.630,0.993,0.0,NaN
11.7167,0.08607,-22.627,0.995,0.0,NaN
11.7333,0.08606,-22.625,0.997,0.0,NaN
11.7500,0.08605,-22.623,0.999,0.0,NaN
11.7667,0.08604,-22.620,1.001,0.0,NaN
11.7833,0.08603,-22.618,1.003,0.0,NaN
11.8000,0.08602,-22.616,1.005,0.0,NaN
11.8167,0.08601,-22.613,1.007,0.0,NaN
11.8333,0.08600,-22.611,1.009,0.0,NaN
11.8500,0.08599,-22.609,1.011,0.0,NaN
11.8667,0.08598,-22.607,1.013,0.0,NaN
11.8833,0.08597,-22.605,1.015,0.0,NaN
11.9000,0.08596,-22.602,1.017,0.0,NaN
11.9167,0.08595,-22.600,1.019,0.0,NaN
11.9333,0.08594,-22.598,1.021,0.0,NaN
11.9500,0.08593,-22.596,1.023,0.0,NaN
11.9667,0.08592,-22.594,1.025,0.0,NaN
11.9833,0.08590,-22.592,1.027,0.0,NaN
12.0000,0.08589,-22.590,1.029,0.0,NaN
12.0167,0.08588,-22.588,1.032,0.0,NaN
12.0333,0.08587,-22.586,1.034,0.0,NaN
12.0500,0.08586,-22.584,1.036,0.0,NaN
12.0667,0.08584,-22.583,1.038,0.0,NaN
12.0833,0.08583,-22.581,1.040,0.0,NaN
12.1000,0.08582,-22.579,1.042,0.0,NaN
12.1167,0.08581,-22.577,1.044,0.0,NaN
12.1333,0.08580,-22.576,1.046,0.0,NaN
12.1500,0.08578,-22.574,1.048,0.0,NaN
12.1667,0.08577,-22.573,1.050,0.0,NaN
12.1833,0.08576,-22.571,1.053,0.0,NaN
12.2000,0.08574,-22.569,1.055,0.0,NaN
12.2167,0.08573,-22.568,1.057,0.0,NaN
12.2333,0.08572,-22.567,1.059,0.0,NaN
12.2500,0.08570,-22.565,1.061,0.0,NaN
12.2667,0.08569,-22.564,1.063,0.0,NaN
12.2833,0.08568,-22.563,1.066,0.0,NaN
12.3000,0.08566,-22.562,1.068,0.0,NaN
12.3167,0.08565,-22.560,1.070,0.0,NaN
12.3333,0.08563,-22.559,1.072,0.0,NaN
12.3500,0.08562,-22.558,1.074,0.0,NaN
12.3667,0.08560,-22.557,1.077,0.0,NaN
12.3833,0.08559,-22.556,1.079,0.0,NaN
12.4000,0.08557,-22.556,1.081,0.0,NaN
12.4167,0.08556,-22.555,1.083,0.0,NaN
12.4333,0.08554,-22.554,1.085,0.0,NaN
12.4500,0.08553,-22.553,1.088,0.0,NaN
12.4667,0.08551,-22.553,1.090,0.0,NaN
12.4833,0.08550,-22.552,1.092,0.0,NaN
12.5000,0.08548,-22.551,1.095,0.0,NaN
12.5167,0.08546,-22.551,1.097,0.0,NaN
12.5333,0.08545,-22.550,1.099,0.0,NaN
12.5500,0.08543,-22.550,1.101,0.0,NaN
12.5667,0.08542,-22.550,1.104,0.0,NaN
12.5833,0.08540,-22.549,1.106,0.0,NaN
12.6000,0.08538,-22.549,1.108,0.0,NaN
12.6167,0.08536,-22.549,1.111,0.0,NaN
12.6333,0.08535,-22.549,1.113,0.0,NaN
12.6500,0.08533,-22.549,1.115,0.0,NaN
12.6667,0.08531,-22.549,1.118,0.0,NaN
12.6833,0.08529,-22.549,1.120,0.0,NaN
12.7000,0.08527,-22.549,1.122,0.0,NaN
12.7167,0.08526,-22.549,1.125,0.0,NaN
12.7333,0.08524,-22.549,1.127,0.0,NaN
12.7500,0.08522,-22.549,1.129,0.0,NaN
12.7667,0.08520,-22.550,1.132,0.0,NaN
12.7833,0.08518,-22.550,1.134,0.0,NaN
12.8000,0.08516,-22.550,1.137,0.0,NaN
12.8167,0.08514,-22.551,1.139,0.0,NaN
12.8333,0.08512,-22.551,1.141,0.0,NaN
12.8500,0.08510,-22.552,1.144,0.0,NaN
12.8667,0.08508,-22.552,1.146,0.0,NaN
12.8833,0.08506,-22.553,1.149,0.0,NaN
12.9000,0.08504,-22.553,1.151,0.0,NaN
12.9167,0.08502,-22.554,1.154,0.0,NaN
12.9333,0.08500,-22.555,1.156,0.0,NaN
12.9500,0.08498,-22.556,1.159,0.0,NaN
12.9667,0.08496,-22.557,1.161,0.0,NaN
12.9833,0.08494,-22.557,1.163,0.0,NaN
13.0000,0.08492,-22.558,1.166,0.0,NaN
13.0167,0.08490,-22.559,1.168,0.0,NaN
13.0333,0.08488,-22.560,1.171,0.0,NaN
13.0500,0.08486,-22.561,1.174,0.0,NaN
13.0667,0.08484,-22.562,1.176,0.0,NaN
13.0833,0.08481,-22.564,1.179,0.0,NaN
13.1000,0.08479,-22.565,1.181,0.0,NaN
13.1167,0.08477,-22.566,1.184,0.0,NaN
13.1333,0.08475,-22.567,1.186,0.0,NaN
13.1500,0.08473,-22.568,1.189,0.0,NaN
13.1667,0.08470,-22.570,1.191,0.0,NaN
13.1833,0.08468,-22.571,1.194,0.0,NaN
13.2000,0.08466,-22.572,1.196,0.0,NaN
13.2167,0.08464,-22.574,1.199,0.0,NaN
13.2333,0.08462,-22.575,1.202,0.0,NaN
13.2500,0.08459,-22.577,1.204,0.0,NaN
13.2667,0.08457,-22.578,1.207,0.0,NaN
13.2833,0.08455,-22.580,1.210,0.0,NaN
13.3000,0.08452,-22.581,1.212,0.0,NaN
13.3167,0.08450,-22.583,1.215,0.0,NaN
13.3333,0.08448,-22.584,1.217,0.0,NaN
13.3500,0.08446,-22.586,1.220,0.0,NaN
13.3667,0.08443,-22.588,1.223,0.0,NaN
13.3833,0.08441,-22.589,1.225,0.0,NaN
13.4000,0.08439,-22.591,1.228,0.0,NaN
13.4167,0.08436,-22.593,1.231,0.0,NaN
13.4333,0.08434,-22.595,1.233,0.0,NaN
13.4500,0.08432,-22.596,1.236,0.0,NaN
13.4667,0.08429,-22.598,1.239,0.0,NaN
13.4833,0.08427,-22.600,1.242,0.0,NaN
13.5000,0.08424,-22.602,1.244,0.0,NaN
13.5167,0.08422,-22.604,1.247,0.0,NaN
13.5333,0.08420,-22.605,1.250,0.0,NaN
13.5500,0.08417,-22.607,1.253,0.0,NaN
13.5667,0.08415,-22.609,1.255,0.0,NaN
13.5833,0.08413,-22.611,1.258,0.0,NaN
13.6000,0.08410,-22.613,1.261,0.0,NaN
13.6167,0.08408,-22.615,1.264,0.0,NaN
13.6333,0.08405,-22.617,1.266,0.0,NaN
13.6500,0.08403,-22.619,1.269,0.0,NaN
13.6667,0.08401,-22.621,1.272,0.0,NaN
13.6833,0.08398,-22.623,1.275,0.0,NaN
13.7000,0.08396,-22.625,1.278,0.0,NaN
13.7167,0.08393,-22.627,1.280,0.0,NaN
13.7333,0.08391,-22.629,1.283,0.0,NaN
13.7500,0.08388,-22.631,1.286,0.0,NaN
13.7667,0.08386,-22.633,1.289,0.0,NaN
13.7833,0.08384,-22.635,1.292,0.0,NaN
13.8000,0.08381,-22.637,1.295,0.0,NaN
13.8167,0.08379,-22.639,1.298,0.0,NaN
13.8333,0.08376,-22.641,1.300,0.0,NaN
13.8500,0.08374,-22.643,1.303,0.0,NaN
13.8667,0.08371,-22.645,1.306,0.0,NaN
13.8833,0.08369,-22.647,1.309,0.0,NaN
13.9000,0.08367,-22.649,1.312,0.0,NaN
13.9167,0.08364,-22.651,1.315,0.0,NaN
13.9333,0.08362,-22.653,1.318,0.0,NaN
13.9500,0.08359,-22.655,1.321,0.0,NaN
13.9667,0.08357,-22.657,1.324,0.0,NaN
13.9833,0.08354,-22.659,1.327,0.0,NaN
14.0000,0.08352,-22.661,1.330,0.0,NaN
14.0167,0.08349,-22.663,1.333,0.0,NaN
14.0333,0.08347,-22.665,1.336,0.0,NaN
14.0500,0.08345,-22.667,1.339,0.0,NaN
14.0667,0.08342,-22.669,1.342,0.0,NaN
14.0833,0.08340,-22.671,1.345,0.0,NaN
14.1000,0.08337,-22.673,1.348,0.0,NaN
14.1167,0.08335,-22.675,1.351,0.0,NaN
14.1333,0.08332,-22.677,1.354,0.0,NaN
14.1500,0.08330,-22.679,1.357,0.0,NaN
14.1667,0.08328,-22.681,1.360,0.0,NaN
14.1833,0.08325,-22.683,1.363,0.0,NaN
14.2000,0.08323,-22.685,1.366,0.0,NaN
14.2167,0.08320,-22.687,1.369,0.0,NaN
14.2333,0.08318,-22.689,1.372,0.0,NaN
14.2500,0.08315,-22.691,1.375,0.0,NaN
14.2667,0.08313,-22.693,1.378,0.0,NaN
14.2833,0.08311,-22.694,1.381,0.0,NaN
14.3000,0.08308,-22.696,1.385,0.0,NaN
14.3167,0.08306,-22.698,1.388,0.0,NaN
14.3333,0.08303,-22.700,1.391,0.0,NaN
14.3500,0.08301,-22.702,1.394,0.0,NaN
14.3667,0.08299,-22.704,1.397,0.0,NaN
14.3833,0.08296,-22.705,1.400,0.0,NaN
14.4000,0.08294,-22.707,1.404,0.0,NaN
14.4167,0.08292,-22.709,1.407,0.0,NaN
14.4333,0.08289,-22.711,1.410,0.0,NaN
14.4500,0.08287,-22.713,1.413,0.0,NaN
14.4667,0.08284,-22.714,1.416,0.0,NaN
14.4833,0.08282,-22.716,1.420,0.0,NaN
14.5000,0.08280,-22.718,1.423,0.0,NaN
14.5167,0.08277,-22.719,1.426,0.0,NaN
14.5333,0.08275,-22.721,1.429,0.0,NaN
14.5500,0.08273,-22.723,1.433,0.0,NaN
14.5667,0.08270,-22.724,1.436,0.0,NaN
14.5833,0.08268,-22.726,1.439,0.0,NaN
14.6000,0.08266,-22.728,1.442,0.0,NaN
14.6167,0.08263,-22.729,1.446,0.0,NaN
14.6333,0.08261,-22.731,1.449,0.0,NaN
14.6500,0.08259,-22.732,1.452,0.0,NaN
14.6667,0.08256,-22.734,1.456,0.0,NaN
14.6833,0.08254,-22.736,1.459,0.0,NaN
14.7000,0.08252,-22.737,1.462,0.0,NaN
14.7167,0.08249,-22.739,1.466,0.0,NaN
14.7333,0.08247,-22.740,1.469,0.0,NaN
14.7500,0.08245,-22.742,1.472,0.0,NaN
14.7667,0.08242,-22.743,1.476,0.0,NaN
14.7833,0.08240,-22.744,1.479,0.0,NaN
14.8000,0.08238,-22.746,1.483,0.0,NaN
14.8167,0.08236,-22.747,1.486,0.0,NaN
14.8333,0.08233,-22.749,1.489,0.0,NaN
14.8500,0.08231,-22.750,1.493,0.0,NaN
14.8667,0.08229,-22.751,1.496,0.0,NaN
14.8833,0.08226,-22.753,1.500,0.0,NaN
14.9000,0.08224,-22.754,1.503,0.0,NaN
14.9167,0.08222,-22.755,1.507,0.0,NaN
14.9333,0.08220,-22.757,1.510,0.0,NaN
14.9500,0.08217,-22.758,1.514,0.0,NaN
14.9667,0.08215,-22.759,1.517,0.0,NaN
14.9833,0.08213,-22.761,1.521,0.0,NaN
15.0000,0.08211,-22.762,1.524,0.0,NaN
15.0167,0.08208,-22.763,1.528,0.0,NaN
15.0333,0.08206,-22.764,1.531,0.0,NaN
15.0500,0.08204,-22.765,1.535,0.0,NaN
15.0667,0.08202,-22.767,1.539,0.0,NaN
15.0833,0.08200,-22.768,1.542,0.0,NaN
15.1000,0.08197,-22.769,1.546,0.0,NaN
15.1167,0.08195,-22.770,1.549,0.0,NaN
15.1333,0.08193,-22.771,1.553,0.0,NaN
15.1500,0.08191,-22.772,1.557,0.0,NaN
15.1667,0.08188,-22.773,1.560,0.0,NaN
15.1833,0.08186,-22.774,1.564,0.0,NaN
15.2000,0.08184,-22.775,1.568,0.0,NaN
15.2167,0.08182,-22.777,1.571,0.0,NaN
15.2333,0.08180,-22.778,1.575,0.0,NaN
15.2500,0.08177,-22.779,1.579,0.0,NaN
15.2667,0.08175,-22.780,1.582,0.0,NaN
15.2833,0.08173,-22.781,1.586,0.0,NaN
15.3000,0.08171,-22.782,1.590,0.0,NaN
15.3167,0.08169,-22.783,1.594,0.0,NaN
15.3333,0.08166,-22.784,1.597,0.0,NaN
15.3500,0.08164,-22.784,1.601,0.0,NaN
15.3667,0.08162,-22.785,1.605,0.0,NaN
15.3833,0.08160,-22.786,1.609,0.0,NaN
15.4000,0.08158,-22.787,1.612,0.0,NaN
15.4167,0.08156,-22.788,1.616,0.0,NaN
15.4333,0.08153,-22.789,1.620,0.0,NaN
15.4500,0.08151,-22.790,1.624,0.0,NaN
15.4667,0.08149,-22.791,1.628,0.0,NaN
15.4833,0.08147,-22.792,1.632,0.0,NaN
15.5000,0.08145,-22.792,1.636,0.0,NaN
15.5167,0.08143,-22.793,1.639,0.0,NaN
15.5333,0.08140,-22.794,1.643,0.0,NaN
15.5500,0.08138,-22.795,1.647,0.0,NaN
15.5667,0.08136,-22.796,1.651,0.0,NaN
15.5833,0.08134,-22.797,1.655,0.0,NaN
15.6000,0.08132,-22.797,1.659,0.0,NaN
15.6167,0.08130,-22.798,1.663,0.0,NaN
15.6333,0.08127,-22.799,1.667,0.0,NaN
15.6500,0.08125,-22.800,1.671,0.0,NaN
15.6667,0.08123,-22.800,1.675,0.0,NaN
15.6833,0.08121,-22.801,1.679,0.0,NaN
15.7000,0.08119,-22.802,1.683,0.0,NaN
15.7167,0.08117,-22.803,1.687,0.0,NaN
15.7333,0.08114,-22.803,1.691,0.0,NaN
15.7500,0.08112,-22.804,1.695,0.0,NaN
15.7667,0.08110,-22.805,1.699,0.0,NaN
15.7833,0.08108,-22.806,1.704,0.0,NaN
15.8000,0.08106,-22.806,1.708,0.0,NaN
15.8167,0.08104,-22.807,1.712,0.0,NaN
15.8333,0.08102,-22.808,1.716,0.0,NaN
15.8500,0.08099,-22.808,1.720,0.0,NaN
15.8667,0.08097,-22.809,1.724,0.0,NaN
15.8833,0.08095,-22.810,1.728,0.0,NaN
15.9000,0.08093,-22.811,1.733,0.0,NaN
15.9167,0.08091,-22.811,1.737,0.0,NaN
15.9333,0.08089,-22.812,1.741,0.0,NaN
15.9500,0.08086,-22.813,1.745,0.0,NaN
15.9667,0.08084,-22.813,1.750,0.0,NaN
15.9833,0.08082,-22.814,1.754,0.0,NaN
16.0000,0.08080,-22.815,1.758,0.0,NaN
16.0167,0.08078,-22.815,1.762,0.0,NaN
16.0333,0.08076,-22.816,1.767,0.0,NaN
16.0500,0.08074,-22.816,1.771,0.0,NaN
16.0667,0.08071,-22.817,1.775,0.0,NaN
16.0833,0.08069,-22.818,1.780,0.0,NaN
16.1000,0.08067,-22.818,1.784,0.0,NaN
16.1167,0.08065,-22.819,1.789,0.0,NaN
16.1333,0.08063,-22.820,1.793,0.0,NaN
16.1500,0.08061,-22.820,1.797,0.0,NaN
16.1667,0.08058,-22.821,1.802,0.0,NaN
16.1833,0.08056,-22.822,1.806,0.0,NaN
16.2000,0.08054,-22.822,1.811,0.0,NaN
16.2167,0.08052,-22.823,1.815,0.0,NaN
16.2333,0.08050,-22.824,1.820,0.0,NaN
16.2500,0.08047,-22.824,1.824,0.0,NaN
16.2667,0.08045,-22.825,1.829,0.0,NaN
16.2833,0.08043,-22.825,1.833,0.0,NaN
16.3000,0.08041,-22.826,1.838,0.0,NaN
16.3167,0.08039,-22.827,1.842,0.0,NaN
16.3333,0.08037,-22.827,1.847,0.0,NaN
16.3500,0.08034,-22.828,1.852,0.0,NaN
16.3667,0.08032,-22.829,1.856,0.0,NaN
16.3833,0.08030,-22.829,1.861,0.0,NaN
16.4000,0.08028,-22.830,1.866,0.0,NaN
16.4167,0.08026,-22.830,1.870,0.0,NaN
16.4333,0.08023,-22.831,1.875,0.0,NaN
16.4500,0.08021,-22.832,1.880,0.0,NaN
16.4667,0.08019,-22.832,1.884,0.0,NaN
16.4833,0.08017,-22.833,1.889,0.0,NaN
16.5000,0.08014,-22.834,1.894,0.0,NaN
16.5167,0.08012,-22.834,1.899,0.0,NaN
16.5333,0.08010,-22.835,1.903,0.0,NaN
16.5500,0.08008,-22.836,1.908,0.0,NaN
16.5667,0.08006,-22.836,1.913,0.0,NaN
16.5833,0.08003,-22.837,1.918,0.0,NaN
16.6000,0.08001,-22.838,1.923,0.0,NaN
16.6167,0.07999,-22.838,1.928,0.0,NaN
16.6333,0.07997,-22.839,1.933,0.0,NaN
16.6500,0.07994,-22.840,1.938,0.0,NaN
16.6667,0.07992,-22.840,1.942,0.0,NaN
16.6833,0.07990,-22.841,1.947,0.0,NaN
16.7000,0.07988,-22.842,1.952,0.0,NaN
16.7167,0.07985,-22.842,1.957,0.0,NaN
16.7333,0.07983,-22.843,1.962,0.0,NaN
16.7500,0.07981,-22.844,1.967,0.0,NaN
16.7667,0.07979,-22.844,1.972,0.0,NaN
16.7833,0.07976,-22.845,1.978,0.0,NaN
16.8000,0.07974,-22.846,1.983,0.0,NaN
16.8167,0.07972,-22.846,1.988,0.0,NaN
16.8333,0.07969,-22.847,1.993,0.0,NaN
16.8500,0.07967,-22.848,1.998,0.0,NaN
16.8667,0.07965,-22.848,2.003,0.0,NaN
16.8833,0.07963,-22.849,2.008,0.0,NaN
16.9000,0.07960,-22.850,2.013,0.0,NaN
16.9167,0.07958,-22.850,2.019,0.0,NaN
16.9333,0.07956,-22.851,2.024,0.0,NaN
16.9500,0.07953,-22.852,2.029,0.0,NaN
16.9667,0.07951,-22.853,2.034,0.0,NaN
16.9833,0.07949,-22.853,2.040,0.0,NaN
17.0000,0.07946,-22.854,2.045,0.0,NaN
17.0167,0.07944,-22.855,2.050,0.0,NaN
17.0333,0.07942,-22.855,2.056,0.0,NaN
17.0500,0.07939,-22.856,2.061,0.0,NaN
17.0667,0.07937,-22.857,2.067,0.0,NaN
17.0833,0.07935,-22.858,2.072,0.0,NaN
17.1000,0.07932,-22.858,2.077,0.0,NaN
17.1167,0.07930,-22.859,2.083,0.0,NaN
17.1333,0.07928,-22.860,2.088,0.0,NaN
17.1500,0.07925,-22.860,2.094,0.0,NaN
17.1667,0.07923,-22.861,2.099,0.0,NaN
17.1833,0.07921,-22.862,2.105,0.0,NaN
17.2000,0.07918,-22.863,2.110,0.0,NaN
17.2167,0.07916,-22.863,2.116,0.0,NaN
17.2333,0.07914,-22.864,2.122,0.0,NaN
17.2500,0.07911,-22.865,2.127,0.0,NaN
17.2667,0.07909,-22.866,2.133,0.0,NaN
17.2833,0.07906,-22.866,2.139,0.0,NaN
17.3000,0.07904,-22.867,2.144,0.0,NaN
17.3167,0.07902,-22.868,2.150,0.0,NaN
17.3333,0.07899,-22.869,2.156,0.0,NaN
17.3500,0.07897,-22.870,2.161,0.0,NaN
17.3667,0.07894,-22.870,2.167,0.0,NaN
17.3833,0.07892,-22.871,2.173,0.0,NaN
17.4000,0.07890,-22.872,2.179,0.0,NaN
17.4167,0.07887,-22.873,2.185,0.0,NaN
17.4333,0.07885,-22.873,2.190,0.0,NaN
17.4500,0.07882,-22.874,2.196,0.0,NaN
17.4667,0.07880,-22.875,2.202,0.0,NaN
17.4833,0.07878,-22.876,2.208,0.0,NaN
17.5000,0.07875,-22.876,2.214,0.0,NaN
17.5167,0.07873,-22.877,2.220,0.0,NaN
17.5333,0.07870,-22.878,2.226,0.0,NaN
17.5500,0.07868,-22.879,2.232,0.0,NaN
17.5667,0.07865,-22.880,2.238,0.0,NaN
17.5833,0.07863,-22.880,2.244,0.0,NaN
17.6000,0.07861,-22.881,2.250,0.0,NaN
17.6167,0.07858,-22.882,2.257,0.0,NaN
17.6333,0.07856,-22.883,2.263,0.0,NaN
17.6500,0.07853,-22.884,2.269,0.0,NaN
17.6667,0.07851,-22.884,2.275,0.0,NaN
17.6833,0.07848,-22.885,2.281,0.0,NaN
17.7000,0.07846,-22.886,2.287,0.0,NaN
17.7167,0.07843,-22.887,2.294,0.0,NaN
17.7333,0.07841,-22.888,2.300,0.0,NaN
17.7500,0.07839,-22.888,2.306,0.0,NaN
17.7667,0.07836,-22.889,2.313,0.0,NaN
17.7833,0.07834,-22.890,2.319,0.0,NaN
17.8000,0.07831,-22.891,2.325,0.0,NaN
17.8167,0.07829,-22.892,2.332,0.0,NaN
17.8333,0.07826,-22.893,2.338,0.0,NaN
17.8500,0.07824,-22.893,2.345,0.0,NaN
17.8667,0.07821,-22.894,2.351,0.0,NaN
17.8833,0.07819,-22.895,2.358,0.0,NaN
17.9000,0.07816,-22.896,2.364,0.0,NaN
17.9167,0.07814,-22.897,2.371,0.0,NaN
17.9333,0.07811,-22.898,2.377,0.0,NaN
17.9500,0.07809,-22.898,2.384,0.0,NaN
17.9667,0.07806,-22.899,2.391,0.0,NaN
17.9833,0.07804,-22.900,2.397,0.0,NaN
18.0000,0.07801,-22.901,2.404,0.0,NaN
18.0167,0.07799,-22.902,2.411,0.0,NaN
18.0333,0.07796,-22.903,2.418,0.0,NaN
18.0500,0.07794,-22.903,2.424,0.0,NaN
18.0667,0.07791,-22.904,2.431,0.0,NaN
18.0833,0.07789,-22.905,2.438,0.0,NaN
18.1000,0.07786,-22.906,2.445,0.0,NaN
18.1167,0.07784,-22.907,2.452,0.0,NaN
18.1333,0.07781,-22.908,2.459,0.0,NaN
18.1500,0.07779,-22.908,2.466,0.0,NaN
18.1667,0.07776,-22.909,2.473,0.0,NaN
18.1833,0.07774,-22.910,2.480,0.0,NaN
18.2000,0.07771,-22.911,2.487,0.0,NaN
18.2167,0.07769,-22.912,2.494,0.0,NaN
18.2333,0.07766,-22.913,2.501,0.0,NaN
18.2500,0.07764,-22.914,2.508,0.0,NaN
18.2667,0.07761,-22.914,2.515,0.0,NaN
18.2833,0.07758,-22.915,2.522,0.0,NaN
18.3000,0.07756,-22.916,2.529,0.0,NaN
18.3167,0.07753,-22.917,2.536,0.0,NaN
18.3333,0.07751,-22.918,2.544,0.0,NaN
18.3500,0.07748,-22.919,2.551,0.0,NaN
18.3667,0.07746,-22.920,2.558,0.0,NaN
18.3833,0.07743,-22.921,2.566,0.0,NaN
18.4000,0.07740,-22.921,2.573,0.0,NaN
18.4167,0.07738,-22.922,2.580,0.0,NaN
18.4333,0.07735,-22.923,2.588,0.0,NaN
18.4500,0.07733,-22.924,2.595,0.0,NaN
18.4667,0.07730,-22.925,2.603,0.0,NaN
18.4833,0.07727,-22.926,2.610,0.0,NaN
18.5000,0.07725,-22.927,2.618,0.0,NaN
18.5167,0.07722,-22.928,2.625,0.0,NaN
18.5333,0.07720,-22.928,2.633,0.0,NaN
18.5500,0.07717,-22.929,2.640,0.0,NaN
18.5667,0.07714,-22.930,2.648,0.0,NaN
18.5833,0.07712,-22.931,2.656,0.0,NaN
18.6000,0.07709,-22.932,2.663,0.0,NaN
18.6167,0.07706,-22.933,2.671,0.0,NaN
18.6333,0.07704,-22.934,2.679,0.0,NaN
18.6500,0.07701,-22.935,2.687,0.0,NaN
18.6667,0.07699,-22.936,2.695,0.0,NaN
18.6833,0.07696,-22.936,2.702,0.0,NaN
18.7000,0.07693,-22.937,2.710,0.0,NaN
18.7167,0.07691,-22.938,2.718,0.0,NaN
18.7333,0.07688,-22.939,2.726,0.0,NaN
18.7500,0.07685,-22.940,2.734,0.0,NaN
18.7667,0.07683,-22.941,2.742,0.0,NaN
18.7833,0.07680,-22.942,2.750,0.0,NaN
18.8000,0.07677,-22.943,2.758,0.0,NaN
18.8167,0.07674,-22.944,2.766,0.0,NaN
18.8333,0.07672,-22.945,2.775,0.0,NaN
18.8500,0.07669,-22.946,2.783,0.0,NaN
18.8667,0.07666,-22.946,2.791,0.0,NaN
18.8833,0.07664,-22.947,2.799,0.0,NaN
18.9000,0.07661,-22.948,2.808,0.0,NaN
18.9167,0.07658,-22.949,2.816,0.0,NaN
18.9333,0.07656,-22.950,2.824,0.0,NaN
18.9500,0.07653,-22.951,2.833,0.0,NaN
18.9667,0.07650,-22.952,2.841,0.0,NaN
18.9833,0.07647,-22.953,2.849,0.0,NaN
19.0000,0.07645,-22.954,2.858,0.0,NaN
19.0167,0.07642,-22.955,2.866,0.0,NaN
19.0333,0.07639,-22.956,2.875,0.0,NaN
19.0500,0.07636,-22.957,2.883,0.0,NaN
19.0667,0.07634,-22.958,2.892,0.0,NaN
19.0833,0.07631,-22.959,2.901,0.0,NaN
19.1000,0.07628,-22.960,2.909,0.0,NaN
19.1167,0.07625,-22.961,2.918,0.0,NaN
19.1333,0.07623,-22.962,2.927,0.0,NaN
19.1500,0.07620,-22.962,2.936,0.0,NaN
19.1667,0.07617,-22.963,2.944,0.0,NaN
19.1833,0.07614,-22.964,2.953,0.0,NaN
19.2000,0.07611,-22.965,2.962,0.0,NaN
19.2167,0.07609,-22.966,2.971,0.0,NaN
19.2333,0.07606,-22.967,2.980,0.0,NaN
19.2500,0.07603,-22.968,2.989,0.0,NaN
19.2667,0.07600,-22.969,2.998,0.0,NaN
19.2833,0.07597,-22.970,3.007,0.0,NaN
19.3000,0.07594,-22.971,3.016,0.0,NaN
19.3167,0.07592,-22.972,3.025,0.0,NaN
19.3333,0.07589,-22.973,3.034,0.0,NaN
19.3500,0.07586,-22.974,3.044,0.0,NaN
19.3667,0.07583,-22.975,3.053,0.0,NaN
19.3833,0.07580,-22.976,3.062,0.0,NaN
19.4000,0.07577,-22.977,3.071,0.0,NaN
19.4167,0.07574,-22.978,3.081,0.0,NaN
19.4333,0.07572,-22.979,3.090,0.0,NaN
19.4500,0.07569,-22.980,3.100,0.0,NaN
19.4667,0.07566,-22.981,3.109,0.0,NaN
19.4833,0.07563,-22.982,3.118,0.0,NaN
19.5000,0.07560,-22.983,3.128,0.0,NaN
19.5167,0.07557,-22.984,3.138,0.0,NaN
19.5333,0.07554,-22.985,3.147,0.0,NaN
19.5500,0.07551,-22.986,3.157,0.0,NaN
19.5667,0.07548,-22.987,3.166,0.0,NaN
19.5833,0.07545,-22.989,3.176,0.0,NaN
19.6000,0.07542,-22.990,3.186,0.0,NaN
19.6167,0.07539,-22.991,3.196,0.0,NaN
19.6333,0.07536,-22.992,3.206,0.0,NaN
19.6500,0.07533,-22.993,3.215,0.0,NaN
19.6667,0.07530,-22.994,3.225,0.0,NaN
19.6833,0.07527,-22.995,3.235,0.0,NaN
19.7000,0.07524,-22.996,3.245,0.0,NaN
19.7167,0.07521,-22.997,3.255,0.0,NaN
19.7333,0.07518,-22.998,3.265,0.0,NaN
19.7500,0.07515,-22.999,3.276,0.0,NaN
19.7667,0.07512,-23.000,3.286,0.0,NaN
19.7833,0.07509,-23.001,3.296,0.0,NaN
19.8000,0.07506,-23.002,3.306,0.0,NaN
19.8167,0.07503,-23.004,3.316,0.0,NaN
19.8333,0.07500,-23.005,3.327,0.0,NaN
19.8500,0.07497,-23.006,3.337,0.0,NaN
19.8667,0.07494,-23.007,3.347,0.0,NaN
19.8833,0.07491,-23.008,3.358,0.0,NaN
19.9000,0.07488,-23.009,3.368,0.0,NaN
19.9167,0.07485,-23.010,3.379,0.0,NaN
19.9333,0.07482,-23.011,3.389,0.0,NaN
19.9500,0.07478,-23.013,3.400,0.0,NaN
19.9667,0.07475,-23.014,3.411,0.0,NaN
19.9833,0.07472,-23.015,3.421,0.0,NaN
20.0000,0.07469,-23.016,3.432,0.0,NaN
20.0167,0.07466,-23.017,3.443,0.0,NaN
20.0333,0.07463,-23.018,3.454,0.0,NaN
20.0500,0.07459,-23.020,3.465,0.0,NaN
20.0667,0.07456,-23.021,3.475,0.0,NaN
20.0833,0.07453,-23.022,3.486,0.0,NaN
20.1000,0.07450,-23.023,3.497,0.0,NaN
20.1167,0.07447,-23.024,3.508,0.0,NaN
20.1333,0.07443,-23.026,3.520,0.0,NaN
20.1500,0.07440,-23.027,3.531,0.0,NaN
20.1667,0.07437,-23.028,3.542,0.0,NaN
20.1833,0.07434,-23.029,3.553,0.0,NaN
20.2000,0.07430,-23.030,3.564,0.0,NaN
20.2167,0.07427,-23.032,3.576,0.0,NaN
20.2333,0.07424,-23.033,3.587,0.0,NaN
20.2500,0.07421,-23.034,3.598,0.0,NaN
20.2667,0.07417,-23.035,3.610,0.0,NaN
20.2833,0.07414,-23.037,3.621,0.0,NaN
20.3000,0.07411,-23.038,3.633,0.0,NaN
20.3167,0.07407,-23.039,3.644,0.0,NaN
20.3333,0.07404,-23.041,3.656,0.0,NaN
20.3500,0.07401,-23.042,3.668,0.0,NaN
20.3667,0.07397,-23.043,3.680,0.0,NaN
20.3833,0.07394,-23.044,3.691,0.0,NaN
20.4000,0.07390,-23.046,3.703,0.0,NaN
20.4167,0.07387,-23.047,3.715,0.0,NaN
20.4333,0.07384,-23.048,3.727,0.0,NaN
20.4500,0.07380,-23.050,3.739,0.0,NaN
20.4667,0.07377,-23.051,3.751,0.0,NaN
20.4833,0.07373,-23.052,3.763,0.0,NaN
20.5000,0.07370,-23.054,3.775,0.0,NaN
20.5167,0.07366,-23.055,3.787,0.0,NaN
20.5333,0.07363,-23.056,3.800,0.0,NaN
20.5500,0.07359,-23.058,3.812,0.0,NaN
20.5667,0.07356,-23.059,3.824,0.0,NaN
20.5833,0.07352,-23.060,3.836,0.0,NaN
20.6000,0.07349,-23.062,3.849,0.0,NaN
20.6167,0.07345,-23.063,3.861,0.0,NaN
20.6333,0.07342,-23.065,3.874,0.0,NaN
20.6500,0.07338,-23.066,3.886,0.0,NaN
20.6667,0.07335,-23.067,3.899,0.0,NaN
20.6833,0.07331,-23.069,3.912,0.0,NaN
20.7000,0.07327,-23.070,3.925,0.0,NaN
20.7167,0.07324,-23.072,3.937,0.0,NaN
20.7333,0.07320,-23.073,3.950,0.0,NaN
20.7500,0.07317,-23.075,3.963,0.0,NaN
20.7667,0.07313,-23.076,3.976,0.0,NaN
20.7833,0.07309,-23.077,3.989,0.0,NaN
20.8000,0.07306,-23.079,4.002,0.0,NaN
20.8167,0.07302,-23.080,4.015,0.0,NaN
20.8333,0.07298,-23.082,4.028,0.0,NaN
20.8500,0.07295,-23.083,4.042,0.0,NaN
20.8667,0.07291,-23.085,4.055,0.0,NaN
20.8833,0.07287,-23.086,4.068,0.0,NaN
20.9000,0.07283,-23.088,4.082,0.0,NaN
20.9167,0.07280,-23.089,4.095,0.0,NaN
20.9333,0.07276,-23.091,4.109,0.0,NaN
20.9500,0.07272,-23.092,4.122,0.0,NaN
20.9667,0.07268,-23.094,4.136,0.0,NaN
20.9833,0.07264,-23.095,4.149,0.0,NaN
21.0000,0.07260,-23.097,4.163,0.0,NaN
21.0167,0.07257,-23.098,4.177,0.0,NaN
21.0333,0.07253,-23.100,4.191,0.0,NaN
21.0500,0.07249,-23.102,4.205,0.0,NaN
21.0667,0.07245,-23.103,4.219,0.0,NaN
21.0833,0.07241,-23.105,4.233,0.0,NaN
21.1000,0.07237,-23.106,4.247,0.0,NaN
21.1167,0.07233,-23.108,4.261,0.0,NaN
21.1333,0.07229,-23.109,4.275,0.0,NaN
21.1500,0.07225,-23.111,4.289,0.0,NaN
21.1667,0.07221,-23.113,4.304,0.0,NaN
21.1833,0.07217,-23.114,4.318,0.0,NaN
21.2000,0.07213,-23.116,4.332,0.0,NaN
21.2167,0.07209,-23.117,4.347,0.0,NaN
21.2333,0.07205,-23.119,4.362,0.0,NaN
21.2500,0.07201,-23.121,4.376,0.0,NaN
21.2667,0.07197,-23.122,4.391,0.0,NaN
21.2833,0.07193,-23.124,4.406,0.0,NaN
21.3000,0.07189,-23.126,4.421,0.0,NaN
21.3167,0.07185,-23.127,4.435,0.0,NaN
21.3333,0.07180,-23.129,4.450,0.0,NaN
21.3500,0.07176,-23.131,4.465,0.0,NaN
21.3667,0.07172,-23.132,4.480,0.0,NaN
21.3833,0.07168,-23.134,4.496,0.0,NaN
21.4000,0.07164,-23.136,4.511,0.0,NaN
21.4167,0.07159,-23.137,4.526,0.0,NaN
21.4333,0.07155,-23.139,4.541,0.0,NaN
21.4500,0.07151,-23.141,4.557,0.0,NaN
21.4667,0.07147,-23.142,4.572,0.0,NaN
21.4833,0.07142,-23.144,4.588,0.0,NaN
21.5000,0.07138,-23.146,4.604,0.0,NaN
21.5167,0.07133,-23.147,4.619,0.0,NaN
21.5333,0.07129,-23.149,4.635,0.0,NaN
21.5500,0.07125,-23.151,4.651,0.0,NaN
21.5667,0.07120,-23.153,4.667,0.0,NaN
21.5833,0.07116,-23.154,4.683,0.0,NaN
21.6000,0.07111,-23.156,4.699,0.0,NaN
21.6167,0.07107,-23.158,4.715,0.0,NaN
21.6333,0.07102,-23.160,4.731,0.0,NaN
21.6500,0.07098,-23.162,4.747,0.0,NaN
21.6667,0.07093,-23.163,4.764,0.0,NaN
21.6833,0.07089,-23.165,4.780,0.0,NaN
21.7000,0.07084,-23.167,4.797,0.0,NaN
21.7167,0.07079,-23.169,4.813,0.0,NaN
21.7333,0.07075,-23.170,4.830,0.0,NaN
21.7500,0.07070,-23.172,4.846,0.0,NaN
21.7667,0.07065,-23.174,4.863,0.0,NaN
21.7833,0.07061,-23.176,4.880,0.0,NaN
21.8000,0.07056,-23.178,4.897,0.0,NaN
21.8167,0.07051,-23.180,4.914,0.0,NaN
21.8333,0.07046,-23.182,4.931,0.0,NaN
21.8500,0.07042,-23.183,4.948,0.0,NaN
21.8667,0.07037,-23.185,4.966,0.0,NaN
21.8833,0.07032,-23.187,4.983,0.0,NaN
21.9000,0.07027,-23.189,5.000,0.0,NaN
21.9167,0.07022,-23.191,5.018,0.0,NaN
21.9333,0.07017,-23.193,5.035,0.0,NaN
21.9500,0.07012,-23.195,5.053,0.0,NaN
21.9667,0.07007,-23.197,5.071,0.0,NaN
21.9833,0.07002,-23.199,5.089,0.0,NaN
22.0000,0.06997,-23.200,5.107,0.0,NaN
22.0167,0.06992,-23.202,5.124,0.0,NaN
22.0333,0.06987,-23.204,5.143,0.0,NaN
22.0500,0.06982,-23.206,5.161,0.0,NaN
22.0667,0.06976,-23.208,5.179,0.0,NaN
22.0833,0.06971,-23.210,5.197,0.0,NaN
22.1000,0.06966,-23.212,5.216,0.0,NaN
22.1167,0.06961,-23.214,5.234,0.0,NaN
22.1333,0.06955,-23.216,5.253,0.0,NaN
22.1500,0.06950,-23.218,5.272,0.0,NaN
22.1667,0.06945,-23.220,5.290,0.0,NaN
22.1833,0.06939,-23.222,5.309,0.0,NaN
22.2000,0.06934,-23.224,5.328,0.0,NaN
22.2167,0.06928,-23.226,5.347,0.0,NaN
22.2333,0.06923,-23.228,5.366,0.0,NaN
22.2500,0.06917,-23.230,5.386,0.0,NaN
22.2667,0.06912,-23.232,5.405,0.0,NaN
22.2833,0.06906,-23.235,5.424,0.0,NaN
22.3000,0.06900,-23.237,5.444,0.0,NaN
22.3167,0.06895,-23.239,5.463,0.0,NaN
22.3333,0.06889,-23.241,5.483,0.0,NaN
22.3500,0.06883,-23.243,5.503,0.0,NaN
22.3667,0.06877,-23.245,5.523,0.0,NaN
22.3833,0.06871,-23.247,5.543,0.0,NaN
22.4000,0.06866,-23.249,5.563,0.0,NaN
22.4167,0.06860,-23.252,5.583,0.0,NaN
22.4333,0.06854,-23.254,5.604,0.0,NaN
22.4500,0.06848,-23.256,5.624,0.0,NaN
22.4667,0.06841,-23.258,5.645,0.0,NaN
22.4833,0.06835,-23.260,5.665,0.0,NaN
22.5000,0.06829,-23.263,5.686,0.0,NaN
22.5167,0.06823,-23.265,5.707,0.0,NaN
22.5333,0.06817,-23.267,5.728,0.0,NaN
22.5500,0.06810,-23.269,5.749,0.0,NaN
22.5667,0.06804,-23.272,5.770,0.0,NaN
22.5833,0.06798,-23.274,5.791,0.0,NaN
22.6000,0.06791,-23.276,5.813,0.0,NaN
22.6167,0.06785,-23.279,5.834,0.0,NaN
22.6333,0.06778,-23.281,5.856,0.0,NaN
22.6500,0.06772,-23.283,5.877,0.0,NaN
22.6667,0.06765,-23.286,5.899,0.0,NaN
22.6833,0.06758,-23.288,5.921,0.0,NaN
22.7000,0.06751,-23.290,5.943,0.0,NaN
22.7167,0.06745,-23.293,5.966,0.0,NaN
22.7333,0.06738,-23.295,5.988,0.0,NaN
22.7500,0.06731,-23.298,6.010,0.0,NaN
22.7667,0.06724,-23.300,6.033,0.0,NaN
22.7833,0.06717,-23.303,6.056,0.0,NaN
22.8000,0.06710,-23.305,6.078,0.0,NaN
22.8167,0.06702,-23.308,6.101,0.0,NaN
22.8333,0.06695,-23.310,6.124,0.0,NaN
22.8500,0.06688,-23.313,6.148,0.0,NaN
22.8667,0.06681,-23.315,6.171,0.0,NaN
22.8833,0.06673,-23.318,6.194,0.0,NaN
22.9000,0.06666,-23.320,6.218,0.0,NaN
22.9167,0.06658,-23.323,6.242,0.0,NaN
22.9333,0.06651,-23.326,6.266,0.0,NaN
22.9500,0.06643,-23.328,6.290,0.0,NaN
22.9667,0.06635,-23.331,6.314,0.0,NaN
22.9833,0.06628,-23.334,6.338,0.0,NaN
23.0000,0.06620,-23.337,6.362,0.0,NaN
23.0167,0.06612,-23.339,6.387,0.0,NaN
23.0333,0.06604,-23.342,6.412,0.0,NaN
23.0500,0.06596,-23.345,6.436,0.0,NaN
23.0667,0.06588,-23.348,6.461,0.0,NaN
23.0833,0.06580,-23.351,6.487,0.0,NaN
23.1000,0.06572,-23.354,6.512,0.0,NaN
23.1167,0.06564,-23.357,6.537,0.0,NaN
23.1333,0.06556,-23.360,6.563,0.0,NaN
23.1500,0.06547,-23.363,6.588,0.0,NaN
23.1667,0.06539,-23.366,6.614,0.0,NaN
23.1833,0.06530,-23.369,6.640,0.0,NaN
23.2000,0.06522,-23.372,6.667,0.0,NaN
23.2167,0.06513,-23.375,6.693,0.0,NaN
23.2333,0.06505,-23.379,6.719,0.0,NaN
23.2500,0.06496,-23.382,6.746,0.0,NaN
23.2667,0.06487,-23.385,6.773,0.0,NaN
23.2833,0.06479,-23.389,6.800,0.0,NaN
23.3000,0.06470,-23.392,6.827,0.0,NaN
23.3167,0.06461,-23.395,6.854,0.0,NaN
23.3333,0.06452,-23.399,6.882,0.0,NaN
23.3500,0.06443,-23.403,6.909,0.0,NaN
23.3667,0.06433,-23.406,6.937,0.0,NaN
23.3833,0.06424,-23.410,6.965,0.0,NaN
23.4000,0.06415,-23.413,6.993,0.0,NaN
23.4167,0.06405,-23.417,7.021,0.0,NaN
23.4333,0.06396,-23.421,7.050,0.0,NaN
23.4500,0.06386,-23.425,7.079,0.0,NaN
23.4667,0.06377,-23.429,7.107,0.0,NaN
23.4833,0.06367,-23.433,7.136,0.0,NaN
23.5000,0.06357,-23.437,7.166,0.0,NaN
23.5167,0.06347,-23.441,7.195,0.0,NaN
23.5333,0.06337,-23.445,7.225,0.0,NaN
23.5500,0.06327,-23.449,7.254,0.0,NaN
23.5667,0.06317,-23.454,7.284,0.0,NaN
23.5833,0.06306,-23.458,7.314,0.0,NaN
23.6000,0.06296,-23.462,7.345,0.0,NaN
23.6167,0.06285,-23.467,7.375,0.0,NaN
23.6333,0.06275,-23.472,7.406,0.0,NaN
23.6500,0.06264,-23.476,7.437,0.0,NaN
23.6667,0.06253,-23.481,7.468,0.0,NaN
23.6833,0.06243,-23.486,7.499,0.0,NaN
23.7000,0.06232,-23.490,7.531,0.0,NaN
23.7167,0.06221,-23.495,7.563,0.0,NaN
23.7333,0.06210,-23.500,7.594,0.0,NaN
23.7500,0.06199,-23.505,7.627,0.0,NaN
23.7667,0.06188,-23.511,7.659,0.0,NaN
23.7833,0.06176,-23.516,7.691,0.0,NaN
23.8000,0.06165,-23.521,7.724,0.0,NaN
23.8167,0.06154,-23.526,7.757,0.0,NaN
23.8333,0.06142,-23.532,7.790,0.0,NaN
23.8500,0.06131,-23.537,7.824,0.0,NaN
23.8667,0.06119,-23.543,7.857,0.0,NaN
23.8833,0.06108,-23.549,7.891,0.0,NaN
23.9000,0.06096,-23.554,7.925,0.0,NaN
23.9167,0.06085,-23.560,7.959,0.0,NaN
23.9333,0.06073,-23.566,7.994,0.0,NaN
23.9500,0.06061,-23.572,8.029,0.0,NaN
23.9667,0.06049,-23.578,8.064,0.0,NaN
23.9833,0.06037,-23.584,8.099,0.0,NaN
24.0000,0.06025,-23.590,8.134,0.0,NaN
24.0167,0.06013,-23.597,8.170,0.0,NaN
24.0333,0.06001,-23.603,8.206,0.0,NaN
24.0500,0.05989,-23.609,8.242,0.0,NaN
24.0667,0.05977,-23.616,8.278,0.0,NaN
24.0833,0.05965,-23.623,8.314,0.0,NaN
24.1000,0.05952,-23.629,8.351,0.0,NaN
24.1167,0.05940,-23.636,8.388,0.0,NaN
24.1333,0.05928,-23.643,8.425,0.0,NaN
24.1500,0.05915,-23.650,8.463,0.0,NaN
24.1667,0.05903,-23.657,8.501,0.0,NaN
24.1833,0.05890,-23.664,8.539,0.0,NaN
24.2000,0.05877,-23.671,8.577,0.0,NaN
24.2167,0.05865,-23.678,8.615,0.0,NaN
24.2333,0.05852,-23.685,8.654,0.0,NaN
24.2500,0.05839,-23.693,8.693,0.0,NaN
24.2667,0.05826,-23.700,8.732,0.0,NaN
24.2833,0.05813,-23.708,8.772,0.0,NaN
24.3000,0.05800,-23.715,8.812,0.0,NaN
24.3167,0.05787,-23.723,8.852,0.0,NaN
24.3333,0.05774,-23.731,8.892,0.0,NaN
24.3500,0.05761,-23.738,8.932,0.0,NaN
24.3667,0.05748,-23.746,8.973,0.0,NaN
24.3833,0.05735,-23.754,9.014,0.0,NaN
24.4000,0.05721,-23.762,9.055,0.0,NaN
24.4167,0.05708,-23.770,9.097,0.0,NaN
24.4333,0.05694,-23.779,9.139,0.0,NaN
24.4500,0.05681,-23.787,9.181,0.0,NaN
24.4667,0.05667,-23.795,9.223,0.0,NaN
24.4833,0.05654,-23.803,9.266,0.0,NaN
24.5000,0.05640,-23.812,9.309,0.0,NaN
24.5167,0.05626,-23.820,9.352,0.0,NaN
24.5333,0.05613,-23.829,9.395,0.0,NaN
24.5500,0.05599,-23.837,9.439,0.0,NaN
24.5667,0.05585,-23.846,9.483,0.0,NaN
24.5833,0.05572,-23.855,9.527,0.0,NaN
24.6000,0.05558,-23.864,9.572,0.0,NaN
24.6167,0.05545,-23.873,9.617,0.0,NaN
24.6333,0.05531,-23.881,9.662,0.0,NaN
24.6500,0.05518,-23.890,9.707,0.0,NaN
24.6667,0.05504,-23.899,9.753,0.0,NaN
24.6833,0.05491,-23.909,9.799,0.0,NaN
24.7000,0.05478,-23.918,9.845,0.0,NaN
24.7167,0.05464,-23.927,9.892,0.0,NaN
24.7333,0.05451,-23.936,9.938,0.0,NaN
24.7500,0.05438,-23.945,9.985,0.0,NaN
24.7667,0.05426,-23.955,10.033,0.0,NaN
24.7833,0.05413,-23.964,10.080,0.0,NaN
24.8000,0.05401,-23.973,10.128,0.0,NaN
24.8167,0.05388,-23.983,10.176,0.0,NaN
24.8333,0.05376,-23.992,10.225,0.0,NaN
24.8500,0.05365,-24.002,10.273,0.0,NaN
24.8667,0.05353,-24.011,10.322,0.0,NaN
24.8833,0.05342,-24.020,10.371,0.0,NaN
24.9000,0.05331,-24.030,10.421,0.0,NaN
24.9167,0.05321,-24.039,10.471,0.0,NaN
24.9333,0.05310,-24.049,10.521,0.0,NaN
24.9500,0.05300,-24.058,10.571,0.0,NaN
24.9667,0.05291,-24.067,10.621,0.0,NaN
24.9833,0.05282,-24.076,10.672,0.0,NaN
25.0000,0.05273,-24.086,10.723,0.0,NaN
25.0167,0.05265,-24.095,10.774,0.0,NaN
25.0333,0.05257,-24.104,10.826,0.0,NaN
25.0500,0.05250,-24.113,10.877,0.0,NaN
25.0667,0.05245,-24.121,10.928,0.0,NaN
25.0833,0.05240,-24.130,10.978,0.0,NaN
25.1000,0.05238,-24.138,11.027,0.0,NaN
25.1167,0.05239,-24.146,11.073,0.0,NaN
25.1333,0.05242,-24.154,11.117,0.0,NaN
25.1500,0.05247,-24.162,11.158,0.0,NaN
25.1667,0.05256,-24.170,11.196,0.0,NaN
25.1833,0.05268,-24.178,11.231,0.0,NaN
25.2000,0.05283,-24.186,11.261,0.0,NaN
25.2167,0.05302,-24.194,11.288,0.0,NaN
25.2333,0.05323,-24.201,11.310,0.0,NaN
25.2500,0.05347,-24.208,11.329,0.0,NaN
25.2667,0.05374,-24.214,11.344,0.0,NaN
25.2833,0.05403,-24.220,11.355,0.0,NaN
25.3000,0.05434,-24.226,11.362,0.0,NaN
25.3167,0.05466,-24.232,11.366,0.0,NaN
25.3333,0.05500,-24.238,11.366,0.0,NaN
25.3500,0.05534,-24.243,11.364,0.0,NaN
25.3667,0.05568,-24.248,11.358,0.0,NaN
25.3833,0.05601,-24.252,11.350,0.0,NaN
25.4000,0.05634,-24.256,11.339,0.0,NaN
25.4167,0.05665,-24.259,11.327,0.0,NaN
25.4333,0.05695,-24.262,11.313,0.0,NaN
25.4500,0.05722,-24.264,11.298,0.0,NaN
25.4667,0.05746,-24.266,11.282,0.0,NaN
25.4833,0.05768,-24.268,11.265,0.0,NaN
25.5000,0.05787,-24.269,11.247,0.0,NaN
25.5167,0.05802,-24.270,11.229,0.0,NaN
25.5333,0.05813,-24.270,11.211,0.0,NaN
25.5500,0.05821,-24.269,11.193,0.0,NaN
25.5667,0.05825,-24.269,11.174,0.0,NaN
25.5833,0.05825,-24.268,11.157,0.0,NaN
25.6000,0.05821,-24.266,11.139,0.0,NaN
25.6167,0.05814,-24.265,11.122,0.0,NaN
25.6333,0.05803,-24.263,11.105,0.0,NaN
25.6500,0.05788,-24.260,11.089,0.0,NaN
25.6667,0.05770,-24.257,11.074,0.0,NaN
25.6833,0.05749,-24.254,11.059,0.0,NaN
25.7000,0.05724,-24.251,11.045,0.0,NaN
25.7167,0.05697,-24.247,11.032,0.0,NaN
25.7333,0.05668,-24.244,11.019,0.0,NaN
25.7500,0.05636,-24.240,11.007,0.0,NaN
25.7667,0.05603,-24.237,10.996,0.0,NaN
25.7833,0.05568,-24.233,10.986,0.0,NaN
25.8000,0.05531,-24.229,10.976,0.0,NaN
25.8167,0.05494,-24.225,10.967,0.0,NaN
25.8333,0.05456,-24.221,10.959,0.0,NaN
25.8500,0.05417,-24.217,10.951,0.0,NaN
25.8667,0.05378,-24.214,10.945,0.0,NaN
25.8833,0.05340,-24.210,10.939,0.0,NaN
25.9000,0.05301,-24.206,10.933,0.0,NaN
25.9167,0.05264,-24.203,10.929,0.0,NaN
25.9333,0.05228,-24.200,10.924,0.0,NaN
25.9500,0.05192,-24.197,10.921,0.0,NaN
25.9667,0.05158,-24.194,10.918,0.0,NaN
25.9833,0.05126,-24.191,10.915,0.0,NaN
26.0000,0.05095,-24.188,10.914,0.0,NaN
26.0167,0.05067,-24.186,10.912,0.0,NaN
26.0333,0.05040,-24.184,10.912,0.0,NaN
26.0500,0.05016,-24.182,10.911,0.0,NaN
26.0667,0.04994,-24.180,10.912,0.0,NaN
26.0833,0.04974,-24.179,10.912,0.0,NaN
26.1000,0.04957,-24.178,10.913,0.0,NaN
26.1167,0.04942,-24.176,10.915,0.0,NaN
26.1333,0.04930,-24.175,10.916,0.0,NaN
26.1500,0.04921,-24.175,10.918,0.0,NaN
26.1667,0.04914,-24.174,10.921,0.0,NaN
26.1833,0.04910,-24.174,10.923,0.0,NaN
26.2000,0.04908,-24.174,10.926,0.0,NaN
26.2167,0.04909,-24.174,10.929,0.0,NaN
26.2333,0.04911,-24.175,10.933,0.0,NaN
26.2500,0.04917,-24.175,10.936,0.0,NaN
26.2667,0.04924,-24.176,10.940,0.0,NaN
26.2833,0.04933,-24.177,10.944,0.0,NaN
26.3000,0.04944,-24.177,10.948,0.0,NaN
26.3167,0.04957,-24.178,10.952,0.0,NaN
26.3333,0.04972,-24.180,10.956,0.0,NaN
26.3500,0.04988,-24.181,10.961,0.0,NaN
26.3667,0.05005,-24.182,10.965,0.0,NaN
26.3833,0.05023,-24.184,10.970,0.0,NaN
26.4000,0.05042,-24.185,10.974,0.0,NaN
26.4167,0.05062,-24.186,10.979,0.0,NaN
26.4333,0.05082,-24.187,10.983,0.0,NaN
26.4500,0.05103,-24.189,10.988,0.0,NaN
26.4667,0.05123,-24.190,10.993,0.0,NaN
26.4833,0.05144,-24.192,10.997,0.0,NaN
26.5000,0.05165,-24.193,11.002,0.0,NaN
26.5167,0.05185,-24.194,11.006,0.0,NaN
26.5333,0.05206,-24.195,11.010,0.0,NaN
26.5500,0.05225,-24.197,11.014,0.0,NaN
26.5667,0.05244,-24.198,11.019,0.0,NaN
26.5833,0.05262,-24.198,11.023,0.0,NaN
26.6000,0.05279,-24.199,11.027,0.0,NaN
26.6167,0.05295,-24.200,11.030,0.0,NaN
26.6333,0.05309,-24.201,11.034,0.0,NaN
26.6500,0.05323,-24.201,11.038,0.0,NaN
26.6667,0.05336,-24.202,11.041,0.0,NaN
26.6833,0.05347,-24.202,11.044,0.0,NaN
26.7000,0.05356,-24.202,11.047,0.0,NaN
26.7167,0.05365,-24.202,11.050,0.0,NaN
26.7333,0.05372,-24.202,11.052,0.0,NaN
26.7500,0.05377,-24.202,11.054,0.0,NaN
26.7667,0.05381,-24.202,11.056,0.0,NaN
26.7833,0.05384,-24.202,11.058,0.0,NaN
26.8000,0.05386,-24.201,11.060,0.0,NaN
26.8167,0.05386,-24.201,11.061,0.0,NaN
26.8333,0.05384,-24.200,11.062,0.0,NaN
26.8500,0.05382,-24.199,11.063,0.0,NaN
26.8667,0.05378,-24.199,11.064,0.0,NaN
26.8833,0.05373,-24.198,11.064,0.0,NaN
26.9000,0.05367,-24.197,11.064,0.0,NaN
26.9167,0.05360,-24.196,11.064,0.0,NaN
26.9333,0.05352,-24.195,11.063,0.0,NaN
26.9500,0.05343,-24.194,11.063,0.0,NaN
26.9667,0.05334,-24.193,11.062,0.0,NaN
26.9833,0.05323,-24.192,11.061,0.0,NaN
27.0000,0.05312,-24.191,11.059,0.0,NaN
27.0167,0.05301,-24.190,11.058,0.0,NaN
27.0333,0.05289,-24.189,11.056,0.0,NaN
27.0500,0.05276,-24.188,11.054,0.0,NaN
27.0667,0.05264,-24.187,11.052,0.0,NaN
27.0833,0.05251,-24.186,11.049,0.0,NaN
27.1000,0.05238,-24.185,11.047,0.0,NaN
27.1167,0.05225,-24.184,11.044,0.0,NaN
27.1333,0.05212,-24.183,11.041,0.0,NaN
27.1500,0.05199,-24.183,11.038,0.0,NaN
27.1667,0.05186,-24.182,11.035,0.0,NaN
27.1833,0.05174,-24.181,11.032,0.0,NaN
27.2000,0.05161,-24.181,11.029,0.0,NaN
27.2167,0.05149,-24.180,11.026,0.0,NaN
27.2333,0.05138,-24.180,11.023,0.0,NaN
27.2500,0.05127,-24.180,11.020,0.0,NaN
27.2667,0.05116,-24.180,11.016,0.0,NaN
27.2833,0.05106,-24.180,11.013,0.0,NaN
27.3000,0.05096,-24.180,11.010,0.0,NaN
27.3167,0.05087,-24.180,11.007,0.0,NaN
27.3333,0.05079,-24.180,11.004,0.0,NaN
27.3500,0.05071,-24.180,11.001,0.0,NaN
27.3667,0.05064,-24.181,10.998,0.0,NaN
27.3833,0.05057,-24.181,10.995,0.0,NaN
27.4000,0.05051,-24.182,10.992,0.0,NaN
27.4167,0.05045,-24.183,10.990,0.0,NaN
27.4333,0.05041,-24.183,10.987,0.0,NaN
27.4500,0.05036,-24.184,10.985,0.0,NaN
27.4667,0.05033,-24.185,10.983,0.0,NaN
27.4833,0.05029,-24.187,10.981,0.0,NaN
27.5000,0.05027,-24.188,10.979,0.0,NaN
27.5167,0.05025,-24.189,10.977,0.0,NaN
27.5333,0.05023,-24.190,10.976,0.0,NaN
27.5500,0.05022,-24.192,10.974,0.0,NaN
27.5667,0.05021,-24.194,10.973,0.0,NaN
27.5833,0.05021,-24.195,10.972,0.0,NaN
27.6000,0.05021,-24.197,10.971,0.0,NaN
27.6167,0.05021,-24.199,10.971,0.0,NaN
27.6333,0.05022,-24.200,10.970,0.0,NaN
27.6500,0.05023,-24.202,10.970,0.0,NaN
27.6667,0.05024,-24.204,10.970,0.0,NaN
27.6833,0.05025,-24.206,10.970,0.0,NaN
27.7000,0.05027,-24.208,10.970,0.0,NaN
27.7167,0.05028,-24.210,10.970,0.0,NaN
27.7333,0.05030,-24.212,10.971,0.0,NaN
27.7500,0.05032,-24.214,10.971,0.0,NaN
27.7667,0.05034,-24.216,10.972,0.0,NaN
27.7833,0.05035,-24.219,10.973,0.0,NaN
27.8000,0.05037,-24.221,10.974,0.0,NaN
27.8167,0.05039,-24.223,10.975,0.0,NaN
27.8333,0.05041,-24.225,10.976,0.0,NaN
27.8500,0.05042,-24.227,10.977,0.0,NaN
27.8667,0.05044,-24.230,10.978,0.0,NaN
27.8833,0.05045,-24.232,10.980,0.0,NaN
27.9000,0.05046,-24.234,10.981,0.0,NaN
27.9167,0.05047,-24.236,10.983,0.0,NaN
27.9333,0.05048,-24.238,10.984,0.0,NaN
27.9500,0.05049,-24.241,10.986,0.0,NaN
27.9667,0.05049,-24.243,10.987,0.0,NaN
27.9833,0.05049,-24.245,10.988,0.0,NaN
28.0000,0.05049,-24.247,10.990,0.0,NaN
28.0167,0.05049,-24.249,10.991,0.0,NaN
28.0333,0.05049,-24.251,10.992,0.0,NaN
28.0500,0.05048,-24.253,10.994,0.0,NaN
28.0667,0.05047,-24.255,10.995,0.0,NaN
28.0833,0.05046,-24.257,10.996,0.0,NaN
28.1000,0.05045,-24.259,10.997,0.0,NaN
28.1167,0.05043,-24.261,10.998,0.0,NaN
28.1333,0.05041,-24.263,10.999,0.0,NaN
28.1500,0.05039,-24.265,11.000,0.0,NaN
28.1667,0.05037,-24.267,11.001,0.0,NaN
28.1833,0.05035,-24.269,11.001,0.0,NaN
28.2000,0.05033,-24.271,11.002,0.0,NaN
28.2167,0.05030,-24.273,11.002,0.0,NaN
28.2333,0.05027,-24.274,11.002,0.0,NaN
28.2500,0.05024,-24.276,11.002,0.0,NaN
28.2667,0.05021,-24.278,11.002,0.0,NaN
28.2833,0.05018,-24.280,11.002,0.0,NaN
28.3000,0.05014,-24.281,11.002,0.0,NaN
28.3167,0.05011,-24.283,11.002,0.0,NaN
28.3333,0.05007,-24.285,11.001,0.0,NaN
28.3500,0.05004,-24.286,11.001,0.0,NaN
28.3667,0.05000,-24.288,11.000,0.0,NaN
28.3833,0.04996,-24.289,10.999,0.0,NaN
28.4000,0.04992,-24.291,10.999,0.0,NaN
28.4167,0.04988,-24.292,10.998,0.0,NaN
28.4333,0.04984,-24.294,10.997,0.0,NaN
28.4500,0.04980,-24.295,10.996,0.0,NaN
28.4667,0.04976,-24.297,10.995,0.0,NaN
28.4833,0.04972,-24.298,10.994,0.0,NaN
28.5000,0.04968,-24.299,10.992,0.0,NaN
28.5167,0.04964,-24.301,10.991,0.0,NaN
28.5333,0.04960,-24.302,10.990,0.0,NaN
28.5500,0.04956,-24.304,10.989,0.0,NaN
28.5667,0.04951,-24.305,10.987,0.0,NaN
28.5833,0.04947,-24.306,10.986,0.0,NaN
28.6000,0.04943,-24.308,10.984,0.0,NaN
28.6167,0.04939,-24.309,10.983,0.0,NaN
28.6333,0.04935,-24.310,10.982,0.0,NaN
28.6500,0.04931,-24.311,10.980,0.0,NaN
28.6667,0.04927,-24.313,10.979,0.0,NaN
28.6833,0.04924,-24.314,10.978,0.0,NaN
28.7000,0.04920,-24.315,10.976,0.0,NaN
28.7167,0.04916,-24.316,10.975,0.0,NaN
28.7333,0.04913,-24.318,10.974,0.0,NaN
28.7500,0.04909,-24.319,10.973,0.0,NaN
28.7667,0.04905,-24.320,10.971,0.0,NaN
28.7833,0.04902,-24.321,10.970,0.0,NaN
28.8000,0.04899,-24.322,10.969,0.0,NaN
28.8167,0.04895,-24.324,10.968,0.0,NaN
28.8333,0.04892,-24.325,10.967,0.0,NaN
28.8500,0.04889,-24.326,10.966,0.0,NaN
28.8667,0.04886,-24.327,10.966,0.0,NaN
28.8833,0.04883,-24.328,10.965,0.0,NaN
28.9000,0.04880,-24.329,10.964,0.0,NaN
28.9167,0.04878,-24.331,10.963,0.0,NaN
28.9333,0.04875,-24.332,10.963,0.0,NaN
28.9500,0.04872,-24.333,10.962,0.0,NaN
28.9667,0.04870,-24.334,10.962,0.0,NaN
28.9833,0.04867,-24.335,10.961,0.0,NaN
29.0000,0.04865,-24.336,10.961,0.0,NaN
29.0167,0.04863,-24.337,10.960,0.0,NaN
29.0333,0.04861,-24.338,10.960,0.0,NaN
29.0500,0.04858,-24.339,10.960,0.0,NaN
29.0667,0.04856,-24.340,10.960,0.0,NaN
29.0833,0.04855,-24.341,10.960,0.0,NaN
29.1000,0.04853,-24.343,10.959,0.0,NaN
29.1167,0.04851,-24.344,10.959,0.0,NaN
29.1333,0.04849,-24.345,10.959,0.0,NaN
29.1500,0.04847,-24.346,10.959,0.0,NaN
29.1667,0.04846,-24.347,10.959,0.0,NaN
29.1833,0.04844,-24.348,10.959,0.0,NaN
29.2000,0.04843,-24.349,10.960,0.0,NaN
29.2167,0.04841,-24.350,10.960,0.0,NaN
29.2333,0.04840,-24.350,10.960,0.0,NaN
29.2500,0.04838,-24.351,10.960,0.0,NaN
29.2667,0.04837,-24.352,10.960,0.0,NaN
29.2833,0.04835,-24.353,10.960,0.0,NaN
29.3000,0.04834,-24.354,10.960,0.0,NaN
29.3167,0.04833,-24.355,10.961,0.0,NaN
29.3333,0.04831,-24.356,10.961,0.0,NaN
29.3500,0.04830,-24.357,10.961,0.0,NaN
29.3667,0.04829,-24.358,10.961,0.0,NaN
29.3833,0.04827,-24.358,10.961,0.0,NaN
29.4000,0.04826,-24.359,10.961,0.0,NaN
29.4167,0.04825,-24.360,10.962,0.0,NaN
29.4333,0.04823,-24.361,10.962,0.0,NaN
29.4500,0.04822,-24.362,10.962,0.0,NaN
29.4667,0.04821,-24.362,10.962,0.0,NaN
29.4833,0.04819,-24.363,10.962,0.0,NaN
29.5000,0.04818,-24.364,10.962,0.0,NaN
29.5167,0.04816,-24.365,10.962,0.0,NaN
29.5333,0.04815,-24.365,10.962,0.0,NaN
29.5500,0.04813,-24.366,10.962,0.0,NaN
29.5667,0.04812,-24.367,10.962,0.0,NaN
29.5833,0.04810,-24.367,10.962,0.0,NaN
29.6000,0.04808,-24.368,10.962,0.0,NaN
29.6167,0.04807,-24.369,10.962,0.0,NaN
29.6333,0.04805,-24.369,10.962,0.0,NaN
29.6500,0.04803,-24.370,10.962,0.0,NaN
29.6667,0.04801,-24.370,10.962,0.0,NaN
29.6833,0.04799,-24.371,10.961,0.0,NaN
29.7000,0.04797,-24.372,10.961,0.0,NaN
29.7167,0.04795,-24.372,10.961,0.0,NaN
29.7333,0.04793,-24.373,10.961,0.0,NaN
29.7500,0.04791,-24.373,10.960,0.0,NaN
29.7667,0.04789,-24.374,10.960,0.0,NaN
29.7833,0.04787,-24.374,10.960,0.0,NaN
29.8000,0.04785,-24.375,10.959,0.0,NaN
29.8167,0.04783,-24.375,10.959,0.0,NaN
29.8333,0.04780,-24.376,10.959,0.0,NaN
29.8500,0.04778,-24.376,10.958,0.0,NaN
29.8667,0.04776,-24.377,10.958,0.0,NaN
29.8833,0.04773,-24.377,10.957,0.0,NaN
29.9000,0.04771,-24.378,10.957,0.0,NaN
29.9167,0.04768,-24.378,10.957,0.0,NaN
29.9333,0.04766,-24.379,10.956,0.0,NaN
29.9500,0.04763,-24.379,10.956,0.0,NaN
29.9667,0.04761,-24.380,10.955,0.0,NaN
29.9833,0.04758,-24.380,10.955,0.0,NaN
30.0000,0.04756,-24.381,10.954,0.0,NaN
30.0167,0.04753,-24.381,10.954,0.0,NaN
30.0333,0.04751,-24.382,10.953,0.0,NaN
30.0500,0.04748,-24.383,10.953,0.0,NaN
30.0667,0.04746,-24.383,10.952,0.0,NaN
30.0833,0.04743,-24.384,10.952,0.0,NaN
30.1000,0.04741,-24.384,10.951,0.0,NaN
30.1167,0.04738,-24.385,10.951,0.0,NaN
30.1333,0.04735,-24.385,10.950,0.0,NaN
30.1500,0.04733,-24.386,10.950,0.0,NaN
30.1667,0.04730,-24.386,10.949,0.0,NaN
30.1833,0.04728,-24.387,10.949,0.0,NaN
30.2000,0.04725,-24.387,10.948,0.0,NaN
30.2167,0.04723,-24.388,10.948,0.0,NaN
30.2333,0.04720,-24.389,10.947,0.0,NaN
30.2500,0.04718,-24.389,10.947,0.0,NaN
30.2667,0.04716,-24.390,10.947,0.0,NaN
30.2833,0.04713,-24.390,10.946,0.0,NaN
30.3000,0.04711,-24.391,10.946,0.0,NaN
30.3167,0.04708,-24.392,10.945,0.0,NaN
30.3333,0.04706,-24.392,10.945,0.0,NaN
30.3500,0.04704,-24.393,10.945,0.0,NaN
30.3667,0.04702,-24.394,10.944,0.0,NaN
30.3833,0.04699,-24.394,10.944,0.0,NaN
30.4000,0.04697,-24.395,10.944,0.0,NaN
30.4167,0.04695,-24.396,10.943,0.0,NaN
30.4333,0.04693,-24.396,10.943,0.0,NaN
30.4500,0.04691,-24.397,10.943,0.0,NaN
30.4667,0.04689,-24.398,10.942,0.0,NaN
30.4833,0.04687,-24.399,10.942,0.0,NaN
30.5000,0.04684,-24.399,10.942,0.0,NaN
30.5167,0.04682,-24.400,10.942,0.0,NaN
30.5333,0.04680,-24.401,10.941,0.0,NaN
30.5500,0.04678,-24.402,10.941,0.0,NaN
30.5667,0.04676,-24.402,10.941,0.0,NaN
30.5833,0.04674,-24.403,10.941,0.0,NaN
30.6000,0.04672,-24.404,10.940,0.0,NaN
30.6167,0.04670,-24.405,10.940,0.0,NaN
30.6333,0.04669,-24.406,10.940,0.0,NaN
30.6500,0.04667,-24.406,10.940,0.0,NaN
30.6667,0.04665,-24.407,10.940,0.0,NaN
30.6833,0.04663,-24.408,10.939,0.0,NaN
30.7000,0.04661,-24.409,10.939,0.0,NaN
30.7167,0.04659,-24.410,10.939,0.0,NaN
30.7333,0.04657,-24.411,10.939,0.0,NaN
30.7500,0.04655,-24.411,10.939,0.0,NaN
30.7667,0.04653,-24.412,10.938,0.0,NaN
30.7833,0.04651,-24.413,10.938,0.0,NaN
30.8000,0.04649,-24.414,10.938,0.0,NaN
30.8167,0.04647,-24.415,10.938,0.0,NaN
30.8333,0.04645,-24.416,10.938,0.0,NaN
30.8500,0.04643,-24.417,10.937,0.0,NaN
30.8667,0.04641,-24.418,10.937,0.0,NaN
30.8833,0.04639,-24.419,10.937,0.0,NaN
30.9000,0.04637,-24.420,10.937,0.0,NaN
30.9167,0.04635,-24.420,10.937,0.0,NaN
30.9333,0.04633,-24.421,10.936,0.0,NaN
30.9500,0.04631,-24.422,10.936,0.0,NaN
30.9667,0.04629,-24.423,10.936,0.0,NaN
30.9833,0.04627,-24.424,10.936,0.0,NaN
31.0000,0.04625,-24.425,10.935,0.0,NaN
31.0167,0.04623,-24.426,10.935,0.0,NaN
31.0333,0.04621,-24.427,10.935,0.0,NaN
31.0500,0.04619,-24.428,10.935,0.0,NaN
31.0667,0.04617,-24.429,10.934,0.0,NaN
31.0833,0.04614,-24.430,10.934,0.0,NaN
31.1000,0.04612,-24.431,10.934,0.0,NaN
31.1167,0.04610,-24.432,10.933,0.0,NaN
31.1333,0.04608,-24.433,10.933,0.0,NaN
31.1500,0.04606,-24.434,10.933,0.0,NaN
31.1667,0.04603,-24.435,10.933,0.0,NaN
31.1833,0.04601,-24.436,10.932,0.0,NaN
31.2000,0.04599,-24.437,10.932,0.0,NaN
31.2167,0.04596,-24.438,10.932,0.0,NaN
31.2333,0.04594,-24.439,10.931,0.0,NaN
31.2500,0.04592,-24.439,10.931,0.0,NaN
31.2667,0.04590,-24.440,10.931,0.0,NaN
31.2833,0.04587,-24.441,10.930,0.0,NaN
31.3000,0.04585,-24.442,10.930,0.0,NaN
31.3167,0.04582,-24.443,10.930,0.0,NaN
31.3333,0.04580,-24.444,10.929,0.0,NaN
31.3500,0.04578,-24.445,10.929,0.0,NaN
31.3667,0.04575,-24.446,10.928,0.0,NaN
31.3833,0.04573,-24.447,10.928,0.0,NaN
31.4000,0.04571,-24.448,10.928,0.0,NaN
31.4167,0.04568,-24.449,10.927,0.0,NaN
31.4333,0.04566,-24.450,10.927,0.0,NaN
31.4500,0.04564,-24.451,10.927,0.0,NaN
31.4667,0.04561,-24.452,10.926,0.0,NaN
31.4833,0.04559,-24.453,10.926,0.0,NaN
31.5000,0.04556,-24.454,10.925,0.0,NaN
31.5167,0.04554,-24.455,10.925,0.0,NaN
31.5333,0.04552,-24.456,10.925,0.0,NaN
31.5500,0.04549,-24.457,10.924,0.0,NaN
31.5667,0.04547,-24.458,10.924,0.0,NaN
31.5833,0.04545,-24.459,10.924,0.0,NaN
31.6000,0.04542,-24.460,10.923,0.0,NaN
31.6167,0.04540,-24.461,10.923,0.0,NaN
31.6333,0.04538,-24.462,10.922,0.0,NaN
31.6500,0.04535,-24.463,10.922,0.0,NaN
31.6667,0.04533,-24.464,10.922,0.0,NaN
31.6833,0.04531,-24.465,10.921,0.0,NaN
31.7000,0.04528,-24.466,10.921,0.0,NaN
31.7167,0.04526,-24.467,10.921,0.0,NaN
31.7333,0.04524,-24.468,10.920,0.0,NaN
31.7500,0.04522,-24.469,10.920,0.0,NaN
31.7667,0.04519,-24.470,10.920,0.0,NaN
31.7833,0.04517,-24.471,10.919,0.0,NaN
31.8000,0.04515,-24.472,10.919,0.0,NaN
31.8167,0.04513,-24.473,10.919,0.0,NaN
31.8333,0.04510,-24.474,10.918,0.0,NaN
31.8500,0.04508,-24.475,10.918,0.0,NaN
31.8667,0.04506,-24.476,10.918,0.0,NaN
31.8833,0.04504,-24.477,10.917,0.0,NaN
31.9000,0.04502,-24.478,10.917,0.0,NaN
31.9167,0.04499,-24.479,10.917,0.0,NaN
31.9333,0.04497,-24.480,10.916,0.0,NaN
31.9500,0.04495,-24.481,10.916,0.0,NaN
31.9667,0.04493,-24.482,10.916,0.0,NaN
31.9833,0.04491,-24.483,10.915,0.0,NaN
32.0000,0.04488,-24.484,10.915,0.0,NaN
32.0167,0.04486,-24.485,10.915,0.0,NaN
32.0333,0.04484,-24.486,10.914,0.0,NaN
32.0500,0.04482,-24.486,10.914,0.0,NaN
32.0667,0.04480,-24.487,10.914,0.0,NaN
32.0833,0.04478,-24.488,10.914,0.0,NaN
32.1000,0.04476,-24.489,10.913,0.0,NaN
32.1167,0.04473,-24.490,10.913,0.0,NaN
32.1333,0.04471,-24.491,10.913,0.0,NaN
32.1500,0.04469,-24.492,10.912,0.0,NaN
32.1667,0.04467,-24.493,10.912,0.0,NaN
32.1833,0.04465,-24.494,10.912,0.0,NaN
32.2000,0.04463,-24.495,10.912,0.0,NaN
32.2167,0.04461,-24.496,10.911,0.0,NaN
32.2333,0.04459,-24.497,10.911,0.0,NaN
32.2500,0.04456,-24.498,10.911,0.0,NaN
32.2667,0.04454,-24.498,10.911,0.0,NaN
32.2833,0.04452,-24.499,10.910,0.0,NaN
32.3000,0.04450,-24.500,10.910,0.0,NaN
32.3167,0.04448,-24.501,10.910,0.0,NaN
32.3333,0.04446,-24.502,10.909,0.0,NaN
32.3500,0.04444,-24.503,10.909,0.0,NaN
32.3667,0.04442,-24.504,10.909,0.0,NaN
32.3833,0.04440,-24.505,10.909,0.0,NaN
32.4000,0.04437,-24.505,10.908,0.0,NaN
32.4167,0.04435,-24.506,10.908,0.0,NaN
32.4333,0.04433,-24.507,10.908,0.0,NaN
32.4500,0.04431,-24.508,10.907,0.0,NaN
32.4667,0.04429,-24.509,10.907,0.0,NaN
32.4833,0.04427,-24.510,10.907,0.0,NaN
32.5000,0.04425,-24.511,10.907,0.0,NaN
32.5167,0.04422,-24.511,10.906,0.0,NaN
32.5333,0.04420,-24.512,10.906,0.0,NaN
32.5500,0.04418,-24.513,10.906,0.0,NaN
32.5667,0.04416,-24.514,10.905,0.0,NaN
32.5833,0.04414,-24.515,10.905,0.0,NaN
32.6000,0.04412,-24.516,10.905,0.0,NaN
32.6167,0.04410,-24.516,10.904,0.0,NaN
32.6333,0.04407,-24.517,10.904,0.0,NaN
32.6500,0.04405,-24.518,10.904,0.0,NaN
32.6667,0.04403,-24.519,10.904,0.0,NaN
32.6833,0.04401,-24.520,10.903,0.0,NaN
32.7000,0.04399,-24.520,10.903,0.0,NaN
32.7167,0.04397,-24.521,10.903,0.0,NaN
32.7333,0.04395,-24.522,10.902,0.0,NaN
32.7500,0.04392,-24.523,10.902,0.0,NaN
32.7667,0.04390,-24.524,10.902,0.0,NaN
32.7833,0.04388,-24.524,10.901,0.0,NaN
32.8000,0.04386,-24.525,10.901,0.0,NaN
32.8167,0.04384,-24.526,10.901,0.0,NaN
32.8333,0.04382,-24.527,10.901,0.0,NaN
32.8500,0.04379,-24.527,10.900,0.0,NaN
32.8667,0.04377,-24.528,10.900,0.0,NaN
32.8833,0.04375,-24.529,10.900,0.0,NaN
32.9000,0.04373,-24.530,10.899,0.0,NaN
32.9167,0.04371,-24.531,10.899,0.0,NaN
32.9333,0.04369,-24.531,10.899,0.0,NaN
32.9500,0.04367,-24.532,10.898,0.0,NaN
32.9667,0.04364,-24.533,10.898,0.0,NaN
32.9833,0.04362,-24.534,10.898,0.0,NaN
33.0000,0.04360,-24.534,10.897,0.0,NaN
33.0167,0.04358,-24.535,10.897,0.0,NaN
33.0333,0.04356,-24.536,10.897,0.0,NaN
33.0500,0.04354,-24.537,10.896,0.0,NaN
33.0667,0.04352,-24.537,10.896,0.0,NaN
33.0833,0.04349,-24.538,10.896,0.0,NaN
33.1000,0.04347,-24.539,10.896,0.0,NaN
33.1167,0.04345,-24.540,10.895,0.0,NaN
33.1333,0.04343,-24.541,10.895,0.0,NaN
33.1500,0.04341,-24.541,10.895,0.0,NaN
33.1667,0.04339,-24.542,10.894,0.0,NaN
33.1833,0.04337,-24.543,10.894,0.0,NaN
33.2000,0.04335,-24.544,10.894,0.0,NaN
33.2167,0.04332,-24.544,10.893,0.0,NaN
33.2333,0.04330,-24.545,10.893,0.0,NaN
33.2500,0.04328,-24.546,10.893,0.0,NaN
33.2667,0.04326,-24.547,10.893,0.0,NaN
33.2833,0.04324,-24.547,10.892,0.0,NaN
33.3000,0.04322,-24.548,10.892,0.0,NaN
33.3167,0.04320,-24.549,10.892,0.0,NaN
33.3333,0.04318,-24.550,10.891,0.0,NaN
33.3500,0.04316,-24.550,10.891,0.0,NaN
33.3667,0.04313,-24.551,10.891,0.0,NaN
33.3833,0.04311,-24.552,10.890,0.0,NaN
33.4000,0.04309,-24.553,10.890,0.0,NaN
33.4167,0.04307,-24.553,10.890,0.0,NaN
33.4333,0.04305,-24.554,10.890,0.0,NaN
33.4500,0.04303,-24.555,10.889,0.0,NaN
33.4667,0.04301,-24.556,10.889,0.0,NaN
33.4833,0.04299,-24.556,10.889,0.0,NaN
33.5000,0.04297,-24.557,10.888,0.0,NaN
33.5167,0.04295,-24.558,10.888,0.0,NaN
33.5333,0.04292,-24.559,10.888,0.0,NaN
33.5500,0.04290,-24.559,10.888,0.0,NaN
33.5667,0.04288,-24.560,10.887,0.0,NaN
33.5833,0.04286,-24.561,10.887,0.0,NaN
33.6000,0.04284,-24.562,10.887,0.0,NaN
33.6167,0.04282,-24.563,10.886,0.0,NaN
33.6333,0.04280,-24.563,10.886,0.0,NaN
33.6500,0.04278,-24.564,10.886,0.0,NaN
33.6667,0.04276,-24.565,10.886,0.0,NaN
33.6833,0.04274,-24.566,10.885,0.0,NaN
33.7000,0.04271,-24.566,10.885,0.0,NaN
33.7167,0.04269,-24.567,10.885,0.0,NaN
33.7333,0.04267,-24.568,10.884,0.0,NaN
33.7500,0.04265,-24.569,10.884,0.0,NaN
33.7667,0.04263,-24.569,10.884,0.0,NaN
33.7833,0.04261,-24.570,10.884,0.0,NaN
33.8000,0.04259,-24.571,10.883,0.0,NaN
33.8167,0.04257,-24.572,10.883,0.0,NaN
33.8333,0.04255,-24.573,10.883,0.0,NaN
33.8500,0.04253,-24.573,10.882,0.0,NaN
33.8667,0.04250,-24.574,10.882,0.0,NaN
33.8833,0.04248,-24.575,10.882,0.0,NaN
33.9000,0.04246,-24.576,10.882,0.0,NaN
33.9167,0.04244,-24.577,10.881,0.0,NaN
33.9333,0.04242,-24.577,10.881,0.0,NaN
33.9500,0.04240,-24.578,10.881,0.0,NaN
33.9667,0.04238,-24.579,10.880,0.0,NaN
33.9833,0.04236,-24.580,10.880,0.0,NaN
34.0000,0.04234,-24.580,10.880,0.0,NaN
34.0167,0.04231,-24.581,10.879,0.0,NaN
34.0333,0.04229,-24.582,10.879,0.0,NaN
34.0500,0.04227,-24.583,10.879,0.0,NaN
34.0667,0.04225,-24.584,10.879,0.0,NaN
34.0833,0.04223,-24.584,10.878,0.0,NaN
34.1000,0.04221,-24.585,10.878,0.0,NaN
34.1167,0.04219,-24.586,10.878,0.0,NaN
34.1333,0.04217,-24.587,10.877,0.0,NaN
34.1500,0.04214,-24.588,10.877,0.0,NaN
34.1667,0.04212,-24.588,10.877,0.0,NaN
34.1833,0.04210,-24.589,10.876,0.0,NaN
34.2000,0.04208,-24.590,10.876,0.0,NaN
34.2167,0.04206,-24.591,10.876,0.0,NaN
34.2333,0.04204,-24.592,10.876,0.0,NaN
34.2500,0.04202,-24.592,10.875,0.0,NaN
34.2667,0.04200,-24.593,10.875,0.0,NaN
34.2833,0.04197,-24.594,10.875,0.0,NaN
34.3000,0.04195,-24.595,10.874,0.0,NaN
34.3167,0.04193,-24.596,10.874,0.0,NaN
34.3333,0.04191,-24.596,10.874,0.0,NaN
34.3500,0.04189,-24.597,10.873,0.0,NaN
34.3667,0.04187,-24.598,10.873,0.0,NaN
34.3833,0.04185,-24.599,10.873,0.0,NaN
34.4000,0.04183,-24.600,10.872,0.0,NaN
34.4167,0.04180,-24.600,10.872,0.0,NaN
34.4333,0.04178,-24.601,10.872,0.0,NaN
34.4500,0.04176,-24.602,10.872,0.0,NaN
34.4667,0.04174,-24.603,10.871,0.0,NaN
34.4833,0.04172,-24.604,10.871,0.0,NaN
34.5000,0.04170,-24.605,10.871,0.0,NaN
34.5167,0.04168,-24.605,10.870,0.0,NaN
34.5333,0.04165,-24.606,10.870,0.0,NaN
34.5500,0.04163,-24.607,10.870,0.0,NaN
34.5667,0.04161,-24.608,10.869,0.0,NaN
34.5833,0.04159,-24.609,10.869,0.0,NaN
34.6000,0.04157,-24.609,10.869,0.0,NaN
34.6167,0.04155,-24.610,10.869,0.0,NaN
34.6333,0.04153,-24.611,10.868,0.0,NaN
34.6500,0.04151,-24.612,10.868,0.0,NaN
34.6667,0.04148,-24.613,10.868,0.0,NaN
34.6833,0.04146,-24.614,10.867,0.0,NaN
34.7000,0.04144,-24.614,10.867,0.0,NaN
34.7167,0.04142,-24.615,10.867,0.0,NaN
34.7333,0.04140,-24.616,10.866,0.0,NaN
34.7500,0.04138,-24.617,10.866,0.0,NaN
34.7667,0.04136,-24.618,10.866,0.0,NaN
34.7833,0.04134,-24.618,10.866,0.0,NaN
34.8000,0.04131,-24.619,10.865,0.0,NaN
34.8167,0.04129,-24.620,10.865,0.0,NaN
34.8333,0.04127,-24.621,10.865,0.0,NaN
34.8500,0.04125,-24.622,10.864,0.0,NaN
34.8667,0.04123,-24.622,10.864,0.0,NaN
34.8833,0.04121,-24.623,10.864,0.0,NaN
34.9000,0.04119,-24.624,10.863,0.0,NaN
34.9167,0.04117,-24.625,10.863,0.0,NaN
34.9333,0.04115,-24.626,10.863,0.0,NaN
34.9500,0.04112,-24.627,10.862,0.0,NaN
34.9667,0.04110,-24.627,10.862,0.0,NaN
34.9833,0.04108,-24.628,10.862,0.0,NaN
35.0000,0.04106,-24.629,10.862,0.0,NaN
35.0167,0.04104,-24.630,10.861,0.0,NaN
35.0333,0.04102,-24.631,10.861,0.0,NaN
35.0500,0.04100,-24.631,10.861,0.0,NaN
35.0667,0.04098,-24.632,10.860,0.0,NaN
35.0833,0.04095,-24.633,10.860,0.0,NaN
35.1000,0.04093,-24.634,10.860,0.0,NaN
35.1167,0.04091,-24.635,10.859,0.0,NaN
35.1333,0.04089,-24.636,10.859,0.0,NaN
35.1500,0.04087,-24.636,10.859,0.0,NaN
35.1667,0.04085,-24.637,10.859,0.0,NaN
35.1833,0.04083,-24.638,10.858,0.0,NaN
35.2000,0.04081,-24.639,10.858,0.0,NaN
35.2167,0.04079,-24.640,10.858,0.0,NaN
35.2333,0.04076,-24.640,10.857,0.0,NaN
35.2500,0.04074,-24.641,10.857,0.0,NaN
35.2667,0.04072,-24.642,10.857,0.0,NaN
35.2833,0.04070,-24.643,10.857,0.0,NaN
35.3000,0.04068,-24.644,10.856,0.0,NaN
35.3167,0.04066,-24.644,10.856,0.0,NaN
35.3333,0.04064,-24.645,10.856,0.0,NaN
35.3500,0.04062,-24.646,10.855,0.0,NaN
35.3667,0.04060,-24.647,10.855,0.0,NaN
35.3833,0.04058,-24.648,10.855,0.0,NaN
35.4000,0.04055,-24.648,10.854,0.0,NaN
35.4167,0.04053,-24.649,10.854,0.0,NaN
35.4333,0.04051,-24.650,10.854,0.0,NaN
35.4500,0.04049,-24.651,10.854,0.0,NaN
35.4667,0.04047,-24.652,10.853,0.0,NaN
35.4833,0.04045,-24.652,10.853,0.0,NaN
35.5000,0.04043,-24.653,10.853,0.0,NaN
35.5167,0.04041,-24.654,10.852,0.0,NaN
35.5333,0.04039,-24.655,10.852,0.0,NaN
35.5500,0.04036,-24.656,10.852,0.0,NaN
35.5667,0.04034,-24.656,10.851,0.0,NaN
35.5833,0.04032,-24.657,10.851,0.0,NaN
35.6000,0.04030,-24.658,10.851,0.0,NaN
35.6167,0.04028,-24.659,10.851,0.0,NaN
35.6333,0.04026,-24.659,10.850,0.0,NaN
35.6500,0.04024,-24.660,10.850,0.0,NaN
35.6667,0.04022,-24.661,10.850,0.0,NaN
35.6833,0.04020,-24.662,10.849,0.0,NaN
35.7000,0.04018,-24.663,10.849,0.0,NaN
35.7167,0.04015,-24.663,10.849,0.0,NaN
35.7333,0.04013,-24.664,10.848,0.0,NaN
35.7500,0.04011,-24.665,10.848,0.0,NaN
35.7667,0.04009,-24.666,10.848,0.0,NaN
35.7833,0.04007,-24.667,10.848,0.0,NaN
35.8000,0.04005,-24.667,10.847,0.0,NaN
35.8167,0.04003,-24.668,10.847,0.0,NaN
35.8333,0.04001,-24.669,10.847,0.0,NaN
35.8500,0.03999,-24.670,10.846,0.0,NaN
35.8667,0.03997,-24.670,10.846,0.0,NaN
35.8833,0.03994,-24.671,10.846,0.0,NaN
35.9000,0.03992,-24.672,10.845,0.0,NaN
35.9167,0.03990,-24.673,10.845,0.0,NaN
35.9333,0.03988,-24.674,10.845,0.0,NaN
35.9500,0.03986,-24.674,10.845,0.0,NaN
35.9667,0.03984,-24.675,10.844,0.0,NaN
35.9833,0.03982,-24.676,10.844,0.0,NaN
36.0000,0.03980,-24.677,10.844,0.0,NaN
36.0167,0.03978,-24.677,10.843,0.0,NaN
36.0333,0.03976,-24.678,10.843,0.0,NaN
36.0500,0.03973,-24.679,10.843,0.0,NaN
36.0667,0.03971,-24.680,10.842,0.0,NaN
36.0833,0.03969,-24.680,10.842,0.0,NaN
36.1000,0.03967,-24.681,10.842,0.0,NaN
36.1167,0.03965,-24.682,10.842,0.0,NaN
36.1333,0.03963,-24.683,10.841,0.0,NaN
36.1500,0.03961,-24.684,10.841,0.0,NaN
36.1667,0.03959,-24.684,10.841,0.0,NaN
36.1833,0.03957,-24.685,10.840,0.0,NaN
36.2000,0.03955,-24.686,10.840,0.0,NaN
36.2167,0.03953,-24.687,10.840,0.0,NaN
36.2333,0.03950,-24.687,10.839,0.0,NaN
36.2500,0.03948,-24.688,10.839,0.0,NaN
36.2667,0.03946,-24.689,10.839,0.0,NaN
36.2833,0.03944,-24.690,10.839,0.0,NaN
36.3000,0.03942,-24.690,10.838,0.0,NaN
36.3167,0.03940,-24.691,10.838,0.0,NaN
36.3333,0.03938,-24.692,10.838,0.0,NaN
36.3500,0.03936,-24.693,10.837,0.0,NaN
36.3667,0.03934,-24.693,10.837,0.0,NaN
36.3833,0.03932,-24.694,10.837,0.0,NaN
36.4000,0.03930,-24.695,10.837,0.0,NaN
36.4167,0.03928,-24.696,10.836,0.0,NaN
36.4333,0.03925,-24.696,10.836,0.0,NaN
36.4500,0.03923,-24.697,10.836,0.0,NaN
36.4667,0.03921,-24.698,10.835,0.0,NaN
36.4833,0.03919,-24.699,10.835,0.0,NaN
36.5000,0.03917,-24.700,10.835,0.0,NaN
36.5167,0.03915,-24.700,10.834,0.0,NaN
36.5333,0.03913,-24.701,10.834,0.0,NaN
36.5500,0.03911,-24.702,10.834,0.0,NaN
36.5667,0.03909,-24.703,10.834,0.0,NaN
36.5833,0.03907,-24.703,10.833,0.0,NaN
36.6000,0.03905,-24.704,10.833,0.0,NaN
36.6167,0.03902,-24.705,10.833,0.0,NaN
36.6333,0.03900,-24.706,10.832,0.0,NaN
36.6500,0.03898,-24.706,10.832,0.0,NaN
36.6667,0.03896,-24.707,10.832,0.0,NaN
36.6833,0.03894,-24.708,10.831,0.0,NaN
36.7000,0.03892,-24.709,10.831,0.0,NaN
36.7167,0.03890,-24.709,10.831,0.0,NaN
36.7333,0.03888,-24.710,10.831,0.0,NaN
36.7500,0.03886,-24.711,10.830,0.0,NaN
36.7667,0.03884,-24.712,10.830,0.0,NaN
36.7833,0.03882,-24.712,10.830,0.0,NaN
36.8000,0.03880,-24.713,10.829,0.0,NaN
36.8167,0.03877,-24.714,10.829,0.0,NaN
36.8333,0.03875,-24.715,10.829,0.0,NaN
36.8500,0.03873,-24.715,10.829,0.0,NaN
36.8667,0.03871,-24.716,10.828,0.0,NaN
36.8833,0.03869,-24.717,10.828,0.0,NaN
36.9000,0.03867,-24.718,10.828,0.0,NaN
36.9167,0.03865,-24.718,10.827,0.0,NaN
36.9333,0.03863,-24.719,10.827,0.0,NaN
36.9500,0.03861,-24.720,10.827,0.0,NaN
36.9667,0.03859,-24.721,10.826,0.0,NaN
36.9833,0.03857,-24.721,10.826,0.0,NaN
37.0000,0.03855,-24.722,10.826,0.0,NaN
37.0167,0.03852,-24.723,10.826,0.0,NaN
37.0333,0.03850,-24.724,10.825,0.0,NaN
37.0500,0.03848,-24.724,10.825,0.0,NaN
37.0667,0.03846,-24.725,10.825,0.0,NaN
37.0833,0.03844,-24.726,10.824,0.0,NaN
37.1000,0.03842,-24.727,10.824,0.0,NaN
37.1167,0.03840,-24.728,10.824,0.0,NaN
37.1333,0.03838,-24.728,10.823,0.0,NaN
37.1500,0.03836,-24.729,10.823,0.0,NaN
37.1667,0.03834,-24.730,10.823,0.0,NaN
37.1833,0.03832,-24.731,10.823,0.0,NaN
37.2000,0.03830,-24.731,10.822,0.0,NaN
37.2167,0.03827,-24.732,10.822,0.0,NaN
37.2333,0.03825,-24.733,10.822,0.0,NaN
37.2500,0.03823,-24.734,10.821,0.0,NaN
37.2667,0.03821,-24.734,10.821,0.0,NaN
37.2833,0.03819,-24.735,10.821,0.0,NaN
37.3000,0.03817,-24.736,10.821,0.0,NaN
37.3167,0.03815,-24.737,10.820,0.0,NaN
37.3333,0.03813,-24.737,10.820,0.0,NaN
37.3500,0.03811,-24.738,10.820,0.0,NaN
37.3667,0.03809,-24.739,10.819,0.0,NaN
37.3833,0.03807,-24.740,10.819,0.0,NaN
37.4000,0.03805,-24.740,10.819,0.0,NaN
37.4167,0.03802,-24.741,10.818,0.0,NaN
37.4333,0.03800,-24.742,10.818,0.0,NaN
37.4500,0.03798,-24.743,10.818,0.0,NaN
37.4667,0.03796,-24.743,10.818,0.0,NaN
37.4833,0.03794,-24.744,10.817,0.0,NaN
37.5000,0.03792,-24.745,10.817,0.0,NaN
37.5167,0.03790,-24.746,10.817,0.0,NaN
37.5333,0.03788,-24.746,10.816,0.0,NaN
37.5500,0.03786,-24.747,10.816,0.0,NaN
37.5667,0.03784,-24.748,10.816,0.0,NaN
37.5833,0.03782,-24.749,10.815,0.0,NaN
37.6000,0.03780,-24.750,10.815,0.0,NaN
37.6167,0.03778,-24.750,10.815,0.0,NaN
37.6333,0.03775,-24.751,10.815,0.0,NaN
37.6500,0.03773,-24.752,10.814,0.0,NaN
37.6667,0.03771,-24.753,10.814,0.0,NaN
37.6833,0.03769,-24.753,10.814,0.0,NaN
37.7000,0.03767,-24.754,10.813,0.0,NaN
37.7167,0.03765,-24.755,10.813,0.0,NaN
37.7333,0.03763,-24.756,10.813,0.0,NaN
37.7500,0.03761,-24.756,10.812,0.0,NaN
37.7667,0.03759,-24.757,10.812,0.0,NaN
37.7833,0.03757,-24.758,10.812,0.0,NaN
37.8000,0.03755,-24.759,10.812,0.0,NaN
37.8167,0.03753,-24.759,10.811,0.0,NaN
37.8333,0.03750,-24.760,10.811,0.0,NaN
37.8500,0.03748,-24.761,10.811,0.0,NaN
37.8667,0.03746,-24.762,10.810,0.0,NaN
37.8833,0.03744,-24.762,10.810,0.0,NaN
37.9000,0.03742,-24.763,10.810,0.0,NaN
37.9167,0.03740,-24.764,10.810,0.0,NaN
37.9333,0.03738,-24.765,10.809,0.0,NaN
37.9500,0.03736,-24.765,10.809,0.0,NaN
37.9667,0.03734,-24.766,10.809,0.0,NaN
37.9833,0.03732,-24.767,10.808,0.0,NaN
38.0000,0.03730,-24.768,10.808,0.0,NaN
38.0167,0.03728,-24.768,10.808,0.0,NaN
38.0333,0.03725,-24.769,10.807,0.0,NaN
38.0500,0.03723,-24.770,10.807,0.0,NaN
38.0667,0.03721,-24.771,10.807,0.0,NaN
38.0833,0.03719,-24.772,10.807,0.0,NaN
38.1000,0.03717,-24.772,10.806,0.0,NaN
38.1167,0.03715,-24.773,10.806,0.0,NaN
38.1333,0.03713,-24.774,10.806,0.0,NaN
38.1500,0.03711,-24.775,10.805,0.0,NaN
38.1667,0.03709,-24.775,10.805,0.0,NaN
38.1833,0.03707,-24.776,10.805,0.0,NaN
38.2000,0.03705,-24.777,10.804,0.0,NaN
38.2167,0.03703,-24.778,10.804,0.0,NaN
38.2333,0.03701,-24.778,10.804,0.0,NaN
38.2500,0.03698,-24.779,10.804,0.0,NaN
38.2667,0.03696,-24.780,10.803,0.0,NaN
38.2833,0.03694,-24.781,10.803,0.0,NaN
38.3000,0.03692,-24.781,10.803,0.0,NaN
38.3167,0.03690,-24.782,10.802,0.0,NaN
38.3333,0.03688,-24.783,10.802,0.0,NaN
38.3500,0.03686,-24.784,10.802,0.0,NaN
38.3667,0.03684,-24.784,10.801,0.0,NaN
38.3833,0.03682,-24.785,10.801,0.0,NaN
38.4000,0.03680,-24.786,10.801,0.0,NaN
38.4167,0.03678,-24.787,10.801,0.0,NaN
38.4333,0.03676,-24.787,10.800,0.0,NaN
38.4500,0.03674,-24.788,10.800,0.0,NaN
38.4667,0.03671,-24.789,10.800,0.0,NaN
38.4833,0.03669,-24.790,10.799,0.0,NaN
38.5000,0.03667,-24.790,10.799,0.0,NaN
38.5167,0.03665,-24.791,10.799,0.0,NaN
38.5333,0.03663,-24.792,10.798,0.0,NaN
38.5500,0.03661,-24.793,10.798,0.0,NaN
38.5667,0.03659,-24.793,10.798,0.0,NaN
38.5833,0.03657,-24.794,10.798,0.0,NaN
38.6000,0.03655,-24.795,10.797,0.0,NaN
38.6167,0.03653,-24.796,10.797,0.0,NaN
38.6333,0.03651,-24.796,10.797,0.0,NaN
38.6500,0.03649,-24.797,10.796,0.0,NaN
38.6667,0.03647,-24.798,10.796,0.0,NaN
38.6833,0.03644,-24.799,10.796,0.0,NaN
38.7000,0.03642,-24.799,10.796,0.0,NaN
38.7167,0.03640,-24.800,10.795,0.0,NaN
38.7333,0.03638,-24.801,10.795,0.0,NaN
38.7500,0.03636,-24.802,10.795,0.0,NaN
38.7667,0.03634,-24.802,10.794,0.0,NaN
38.7833,0.03632,-24.803,10.794,0.0,NaN
38.8000,0.03630,-24.804,10.794,0.0,NaN
38.8167,0.03628,-24.805,10.793,0.0,NaN
38.8333,0.03626,-24.805,10.793,0.0,NaN
38.8500,0.03624,-24.806,10.793,0.0,NaN
38.8667,0.03622,-24.807,10.793,0.0,NaN
38.8833,0.03620,-24.808,10.792,0.0,NaN
38.9000,0.03617,-24.808,10.792,0.0,NaN
38.9167,0.03615,-24.809,10.792,0.0,NaN
38.9333,0.03613,-24.810,10.791,0.0,NaN
38.9500,0.03611,-24.811,10.791,0.0,NaN
38.9667,0.03609,-24.811,10.791,0.0,NaN
38.9833,0.03607,-24.812,10.790,0.0,NaN
39.0000,0.03605,-24.813,10.790,0.0,NaN
39.0167,0.03603,-24.814,10.790,0.0,NaN
39.0333,0.03601,-24.814,10.790,0.0,NaN
39.0500,0.03599,-24.815,10.789,0.0,NaN
39.0667,0.03597,-24.816,10.789,0.0,NaN
39.0833,0.03595,-24.817,10.789,0.0,NaN
39.1000,0.03593,-24.817,10.788,0.0,NaN
39.1167,0.03591,-24.818,10.788,0.0,NaN
39.1333,0.03588,-24.819,10.788,0.0,NaN
39.1500,0.03586,-24.820,10.787,0.0,NaN
39.1667,0.03584,-24.820,10.787,0.0,NaN
39.1833,0.03582,-24.821,10.787,0.0,NaN
39.2000,0.03580,-24.822,10.787,0.0,NaN
39.2167,0.03578,-24.823,10.786,0.0,NaN
39.2333,0.03576,-24.823,10.786,0.0,NaN
39.2500,0.03574,-24.824,10.786,0.0,NaN
39.2667,0.03572,-24.825,10.785,0.0,NaN
39.2833,0.03570,-24.826,10.785,0.0,NaN
39.3000,0.03568,-24.826,10.785,0.0,NaN
39.3167,0.03566,-24.827,10.784,0.0,NaN
39.3333,0.03564,-24.828,10.784,0.0,NaN
39.3500,0.03561,-24.829,10.784,0.0,NaN
39.3667,0.03559,-24.829,10.784,0.0,NaN
39.3833,0.03557,-24.830,10.783,0.0,NaN
39.4000,0.03555,-24.831,10.783,0.0,NaN
39.4167,0.03553,-24.832,10.783,0.0,NaN
39.4333,0.03551,-24.832,10.782,0.0,NaN
39.4500,0.03549,-24.833,10.782,0.0,NaN
39.4667,0.03547,-24.834,10.782,0.0,NaN
39.4833,0.03545,-24.835,10.782,0.0,NaN
39.5000,0.03543,-24.835,10.781,0.0,NaN
39.5167,0.03541,-24.836,10.781,0.0,NaN
39.5333,0.03539,-24.837,10.781,0.0,NaN
39.5500,0.03537,-24.838,10.780,0.0,NaN
39.5667,0.03535,-24.838,10.780,0.0,NaN
39.5833,0.03532,-24.839,10.780,0.0,NaN
39.6000,0.03530,-24.840,10.779,0.0,NaN
39.6167,0.03528,-24.841,10.779,0.0,NaN
39.6333,0.03526,-24.841,10.779,0.0,NaN
39.6500,0.03524,-24.842,10.779,0.0,NaN
39.6667,0.03522,-24.843,10.778,0.0,NaN
39.6833,0.03520,-24.844,10.778,0.0,NaN
39.7000,0.03518,-24.844,10.778,0.0,NaN
39.7167,0.03516,-24.845,10.777,0.0,NaN
39.7333,0.03514,-24.846,10.777,0.0,NaN
39.7500,0.03512,-24.846,10.777,0.0,NaN
39.7667,0.03510,-24.847,10.776,0.0,NaN
39.7833,0.03508,-24.848,10.776,0.0,NaN
39.8000,0.03506,-24.849,10.776,0.0,NaN
39.8167,0.03504,-24.849,10.776,0.0,NaN
39.8333,0.03501,-24.850,10.775,0.0,NaN
39.8500,0.03499,-24.851,10.775,0.0,NaN
39.8667,0.03497,-24.852,10.775,0.0,NaN
39.8833,0.03495,-24.852,10.774,0.0,NaN
39.9000,0.03493,-24.853,10.774,0.0,NaN
39.9167,0.03491,-24.854,10.774,0.0,NaN
39.9333,0.03489,-24.855,10.773,0.0,NaN
39.9500,0.03487,-24.855,10.773,0.0,NaN
39.9667,0.03485,-24.856,10.773,0.0,NaN
39.9833,0.03483,-24.857,10.773,0.0,NaN
40.0000,0.03481,-24.858,10.772,0.0,NaN
40.0167,0.03479,-24.858,10.772,0.0,NaN
40.0333,0.03477,-24.859,10.772,0.0,NaN
40.0500,0.03475,-24.860,10.771,0.0,NaN
40.0667,0.03472,-24.861,10.771,0.0,NaN
40.0833,0.03470,-24.861,10.771,0.0,NaN
40.1000,0.03468,-24.862,10.770,0.0,NaN
40.1167,0.03466,-24.863,10.770,0.0,NaN
40.1333,0.03464,-24.864,10.770,0.0,NaN
40.1500,0.03462,-24.864,10.770,0.0,NaN
40.1667,0.03460,-24.865,10.769,0.0,NaN
40.1833,0.03458,-24.866,10.769,0.0,NaN
40.2000,0.03456,-24.866,10.769,0.0,NaN
40.2167,0.03454,-24.867,10.768,0.0,NaN
40.2333,0.03452,-24.868,10.768,0.0,NaN
40.2500,0.03450,-24.869,10.768,0.0,NaN
40.2667,0.03448,-24.869,10.768,0.0,NaN
40.2833,0.03446,-24.870,10.767,0.0,NaN
40.3000,0.03443,-24.871,10.767,0.0,NaN
40.3167,0.03441,-24.872,10.767,0.0,NaN
40.3333,0.03439,-24.872,10.766,0.0,NaN
40.3500,0.03437,-24.873,10.766,0.0,NaN
40.3667,0.03435,-24.874,10.766,0.0,NaN
40.3833,0.03433,-24.875,10.765,0.0,NaN
40.4000,0.03431,-24.875,10.765,0.0,NaN
40.4167,0.03429,-24.876,10.765,0.0,NaN
40.4333,0.03427,-24.877,10.765,0.0,NaN
40.4500,0.03425,-24.878,10.764,0.0,NaN
40.4667,0.03423,-24.878,10.764,0.0,NaN
40.4833,0.03421,-24.879,10.764,0.0,NaN
40.5000,0.03419,-24.880,10.763,0.0,NaN
40.5167,0.03417,-24.881,10.763,0.0,NaN
40.5333,0.03414,-24.881,10.763,0.0,NaN
40.5500,0.03412,-24.882,10.762,0.0,NaN
40.5667,0.03410,-24.883,10.762,0.0,NaN
40.5833,0.03408,-24.883,10.762,0.0,NaN
40.6000,0.03406,-24.884,10.762,0.0,NaN
40.6167,0.03404,-24.885,10.761,0.0,NaN
40.6333,0.03402,-24.886,10.761,0.0,NaN
40.6500,0.03400,-24.886,10.761,0.0,NaN
40.6667,0.03398,-24.887,10.760,0.0,NaN
40.6833,0.03396,-24.888,10.760,0.0,NaN
40.7000,0.03394,-24.889,10.760,0.0,NaN
40.7167,0.03392,-24.889,10.759,0.0,NaN
40.7333,0.03390,-24.890,10.759,0.0,NaN
40.7500,0.03388,-24.891,10.759,0.0,NaN
40.7667,0.03386,-24.892,10.759,0.0,NaN
40.7833,0.03383,-24.892,10.758,0.0,NaN
40.8000,0.03381,-24.893,10.758,0.0,NaN
40.8167,0.03379,-24.894,10.758,0.0,NaN
40.8333,0.03377,-24.895,10.757,0.0,NaN
40.8500,0.03375,-24.895,10.757,0.0,NaN
40.8667,0.03373,-24.896,10.757,0.0,NaN
40.8833,0.03371,-24.897,10.756,0.0,NaN
40.9000,0.03369,-24.898,10.756,0.0,NaN
40.9167,0.03367,-24.898,10.756,0.0,NaN
40.9333,0.03365,-24.899,10.756,0.0,NaN
40.9500,0.03363,-24.900,10.755,0.0,NaN
40.9667,0.03361,-24.900,10.755,0.0,NaN
40.9833,0.03359,-24.901,10.755,0.0,NaN
41.0000,0.03357,-24.902,10.754,0.0,NaN
41.0167,0.03354,-24.903,10.754,0.0,NaN
41.0333,0.03352,-24.903,10.754,0.0,NaN
41.0500,0.03350,-24.904,10.753,0.0,NaN
41.0667,0.03348,-24.905,10.753,0.0,NaN
41.0833,0.03346,-24.906,10.753,0.0,NaN
41.1000,0.03344,-24.906,10.753,0.0,NaN
41.1167,0.03342,-24.907,10.752,0.0,NaN
41.1333,0.03340,-24.908,10.752,0.0,NaN
41.1500,0.03338,-24.909,10.752,0.0,NaN
41.1667,0.03336,-24.909,10.751,0.0,NaN
41.1833,0.03334,-24.910,10.751,0.0,NaN
41.2000,0.03332,-24.911,10.751,0.0,NaN
41.2167,0.03330,-24.912,10.750,0.0,NaN
41.2333,0.03328,-24.912,10.750,0.0,NaN
41.2500,0.03325,-24.913,10.750,0.0,NaN
41.2667,0.03323,-24.914,10.750,0.0,NaN
41.2833,0.03321,-24.915,10.749,0.0,NaN
41.3000,0.03319,-24.915,10.749,0.0,NaN
41.3167,0.03317,-24.916,10.749,0.0,NaN
41.3333,0.03315,-24.917,10.748,0.0,NaN
41.3500,0.03313,-24.917,10.748,0.0,NaN
41.3667,0.03311,-24.918,10.748,0.0,NaN
41.3833,0.03309,-24.919,10.747,0.0,NaN
41.4000,0.03307,-24.920,10.747,0.0,NaN
41.4167,0.03305,-24.920,10.747,0.0,NaN
41.4333,0.03303,-24.921,10.747,0.0,NaN
41.4500,0.03301,-24.922,10.746,0.0,NaN
41.4667,0.03299,-24.923,10.746,0.0,NaN
41.4833,0.03296,-24.923,10.746,0.0,NaN
41.5000,0.03294,-24.924,10.745,0.0,NaN
41.5167,0.03292,-24.925,10.745,0.0,NaN
41.5333,0.03290,-24.926,10.745,0.0,NaN
41.5500,0.03288,-24.926,10.744,0.0,NaN
41.5667,0.03286,-24.927,10.744,0.0,NaN
41.5833,0.03284,-24.928,10.744,0.0,NaN
41.6000,0.03282,-24.929,10.744,0.0,NaN
41.6167,0.03280,-24.929,10.743,0.0,NaN
41.6333,0.03278,-24.930,10.743,0.0,NaN
41.6500,0.03276,-24.931,10.743,0.0,NaN
41.6667,0.03274,-24.931,10.742,0.0,NaN
41.6833,0.03272,-24.932,10.742,0.0,NaN
41.7000,0.03270,-24.933,10.742,0.0,NaN
41.7167,0.03267,-24.934,10.741,0.0,NaN
41.7333,0.03265,-24.934,10.741,0.0,NaN
41.7500,0.03263,-24.935,10.741,0.0,NaN
41.7667,0.03261,-24.936,10.741,0.0,NaN
41.7833,0.03259,-24.937,10.740,0.0,NaN
41.8000,0.03257,-24.937,10.740,0.0,NaN
41.8167,0.03255,-24.938,10.740,0.0,NaN
41.8333,0.03253,-24.939,10.739,0.0,NaN
41.8500,0.03251,-24.940,10.739,0.0,NaN
41.8667,0.03249,-24.940,10.739,0.0,NaN
41.8833,0.03247,-24.941,10.738,0.0,NaN
41.9000,0.03245,-24.942,10.738,0.0,NaN
41.9167,0.03243,-24.943,10.738,0.0,NaN
41.9333,0.03241,-24.943,10.738,0.0,NaN
41.9500,0.03238,-24.944,10.737,0.0,NaN
41.9667,0.03236,-24.945,10.737,0.0,NaN
41.9833,0.03234,-24.945,10.737,0.0,NaN
42.0000,0.03232,-24.946,10.736,0.0,NaN
42.0167,0.03230,-24.947,10.736,0.0,NaN
42.0333,0.03228,-24.948,10.736,0.0,NaN
42.0500,0.03226,-24.948,10.735,0.0,NaN
42.0667,0.03224,-24.949,10.735,0.0,NaN
42.0833,0.03222,-24.950,10.735,0.0,NaN
42.1000,0.03220,-24.951,10.735,0.0,NaN
42.1167,0.03218,-24.951,10.734,0.0,NaN
42.1333,0.03216,-24.952,10.734,0.0,NaN
42.1500,0.03214,-24.953,10.734,0.0,NaN
42.1667,0.03212,-24.954,10.733,0.0,NaN
42.1833,0.03209,-24.954,10.733,0.0,NaN
42.2000,0.03207,-24.955,10.733,0.0,NaN
42.2167,0.03205,-24.956,10.732,0.0,NaN
42.2333,0.03203,-24.957,10.732,0.0,NaN
42.2500,0.03201,-24.957,10.732,0.0,NaN
42.2667,0.03199,-24.958,10.732,0.0,NaN
42.2833,0.03197,-24.959,10.731,0.0,NaN
42.3000,0.03195,-24.959,10.731,0.0,NaN
42.3167,0.03193,-24.960,10.731,0.0,NaN
42.3333,0.03191,-24.961,10.730,0.0,NaN
42.3500,0.03189,-24.962,10.730,0.0,NaN
42.3667,0.03187,-24.962,10.730,0.0,NaN
42.3833,0.03185,-24.963,10.729,0.0,NaN
42.4000,0.03183,-24.964,10.729,0.0,NaN
42.4167,0.03180,-24.965,10.729,0.0,NaN
42.4333,0.03178,-24.965,10.728,0.0,NaN
42.4500,0.03176,-24.966,10.728,0.0,NaN
42.4667,0.03174,-24.967,10.728,0.0,NaN
42.4833,0.03172,-24.968,10.728,0.0,NaN
42.5000,0.03170,-24.968,10.727,0.0,NaN
42.5167,0.03168,-24.969,10.727,0.0,NaN
42.5333,0.03166,-24.970,10.727,0.0,NaN
42.5500,0.03164,-24.971,10.726,0.0,NaN
42.5667,0.03162,-24.971,10.726,0.0,NaN
42.5833,0.03160,-24.972,10.726,0.0,NaN
42.6000,0.03158,-24.973,10.725,0.0,NaN
42.6167,0.03156,-24.973,10.725,0.0,NaN
42.6333,0.03153,-24.974,10.725,0.0,NaN
42.6500,0.03151,-24.975,10.725,0.0,NaN
42.6667,0.03149,-24.976,10.724,0.0,NaN
42.6833,0.03147,-24.976,10.724,0.0,NaN
42.7000,0.03145,-24.977,10.724,0.0,NaN
42.7167,0.03143,-24.978,10.723,0.0,NaN
42.7333,0.03141,-24.979,10.723,0.0,NaN
42.7500,0.03139,-24.979,10.723,0.0,NaN
42.7667,0.03137,-24.980,10.722,0.0,NaN
42.7833,0.03135,-24.981,10.722,0.0,NaN
42.8000,0.03133,-24.982,10.722,0.0,NaN
42.8167,0.03131,-24.982,10.722,0.0,NaN
42.8333,0.03129,-24.983,10.721,0.0,NaN
42.8500,0.03127,-24.984,10.721,0.0,NaN
42.8667,0.03124,-24.985,10.721,0.0,NaN
42.8833,0.03122,-24.985,10.720,0.0,NaN
42.9000,0.03120,-24.986,10.720,0.0,NaN
42.9167,0.03118,-24.987,10.720,0.0,NaN
42.9333,0.03116,-24.987,10.719,0.0,NaN
42.9500,0.03114,-24.988,10.719,0.0,NaN
42.9667,0.03112,-24.989,10.719,0.0,NaN
42.9833,0.03110,-24.990,10.719,0.0,NaN
43.0000,0.03108,-24.990,10.718,0.0,NaN
43.0167,0.03106,-24.991,10.718,0.0,NaN
43.0333,0.03104,-24.992,10.718,0.0,NaN
43.0500,0.03102,-24.993,10.717,0.0,NaN
43.0667,0.03100,-24.993,10.717,0.0,NaN
43.0833,0.03097,-24.994,10.717,0.0,NaN
43.1000,0.03095,-24.995,10.716,0.0,NaN
43.1167,0.03093,-24.996,10.716,0.0,NaN
43.1333,0.03091,-24.996,10.716,0.0,NaN
43.1500,0.03089,-24.997,10.715,0.0,NaN
43.1667,0.03087,-24.998,10.715,0.0,NaN
43.1833,0.03085,-24.998,10.715,0.0,NaN
43.2000,0.03083,-24.999,10.715,0.0,NaN
43.2167,0.03081,-25.000,10.714,0.0,NaN
43.2333,0.03079,-25.001,10.714,0.0,NaN
43.2500,0.03077,-25.001,10.714,0.0,NaN
43.2667,0.03075,-25.002,10.713,0.0,NaN
43.2833,0.03073,-25.003,10.713,0.0,NaN
43.3000,0.03070,-25.004,10.713,0.0,NaN
43.3167,0.03068,-25.004,10.712,0.0,NaN
43.3333,0.03066,-25.005,10.712,0.0,NaN
43.3500,0.03064,-25.006,10.712,0.0,NaN
43.3667,0.03062,-25.007,10.712,0.0,NaN
43.3833,0.03060,-25.007,10.711,0.0,NaN
43.4000,0.03058,-25.008,10.711,0.0,NaN
43.4167,0.03056,-25.009,10.711,0.0,NaN
43.4333,0.03054,-25.010,10.710,0.0,NaN
43.4500,0.03052,-25.010,10.710,0.0,NaN
43.4667,0.03050,-25.011,10.710,0.0,NaN
43.4833,0.03048,-25.012,10.709,0.0,NaN
43.5000,0.03046,-25.012,10.709,0.0,NaN
43.5167,0.03043,-25.013,10.709,0.0,NaN
43.5333,0.03041,-25.014,10.709,0.0,NaN
43.5500,0.03039,-25.015,10.708,0.0,NaN
43.5667,0.03037,-25.015,10.708,0.0,NaN
43.5833,0.03035,-25.016,10.708,0.0,NaN
43.6000,0.03033,-25.017,10.707,0.0,NaN
43.6167,0.03031,-25.018,10.707,0.0,NaN
43.6333,0.03029,-25.018,10.707,0.0,NaN
43.6500,0.03027,-25.019,10.706,0.0,NaN
43.6667,0.03025,-25.020,10.706,0.0,NaN
43.6833,0.03023,-25.021,10.706,0.0,NaN
43.7000,0.03021,-25.021,10.705,0.0,NaN
43.7167,0.03018,-25.022,10.705,0.0,NaN
43.7333,0.03016,-25.023,10.705,0.0,NaN
43.7500,0.03014,-25.024,10.705,0.0,NaN
43.7667,0.03012,-25.024,10.704,0.0,NaN
43.7833,0.03010,-25.025,10.704,0.0,NaN
43.8000,0.03008,-25.026,10.704,0.0,NaN
43.8167,0.03006,-25.026,10.703,0.0,NaN
43.8333,0.03004,-25.027,10.703,0.0,NaN
43.8500,0.03002,-25.028,10.703,0.0,NaN
43.8667,0.03000,-25.029,10.702,0.0,NaN
43.8833,0.02998,-25.029,10.702,0.0,NaN
43.9000,0.02996,-25.030,10.702,0.0,NaN
43.9167,0.02994,-25.031,10.702,0.0,NaN
43.9333,0.02991,-25.032,10.701,0.0,NaN
43.9500,0.02989,-25.032,10.701,0.0,NaN
43.9667,0.02987,-25.033,10.701,0.0,NaN
43.9833,0.02985,-25.034,10.700,0.0,NaN
44.0000,0.02983,-25.035,10.700,0.0,NaN
44.0167,0.02981,-25.035,10.700,0.0,NaN
44.0333,0.02979,-25.036,10.699,0.0,NaN
44.0500,0.02977,-25.037,10.699,0.0,NaN
44.0667,0.02975,-25.038,10.699,0.0,NaN
44.0833,0.02973,-25.038,10.698,0.0,NaN
44.1000,0.02971,-25.039,10.698,0.0,NaN
44.1167,0.02969,-25.040,10.698,0.0,NaN
44.1333,0.02966,-25.040,10.698,0.0,NaN
44.1500,0.02964,-25.041,10.697,0.0,NaN
44.1667,0.02962,-25.042,10.697,0.0,NaN
44.1833,0.02960,-25.043,10.697,0.0,NaN
44.2000,0.02958,-25.043,10.696,0.0,NaN
44.2167,0.02956,-25.044,10.696,0.0,NaN
44.2333,0.02954,-25.045,10.696,0.0,NaN
44.2500,0.02952,-25.046,10.695,0.0,NaN
44.2667,0.02950,-25.046,10.695,0.0,NaN
44.2833,0.02948,-25.047,10.695,0.0,NaN
44.3000,0.02946,-25.048,10.695,0.0,NaN
44.3167,0.02944,-25.049,10.694,0.0,NaN
44.3333,0.02941,-25.049,10.694,0.0,NaN
44.3500,0.02939,-25.050,10.694,0.0,NaN
44.3667,0.02937,-25.051,10.693,0.0,NaN
44.3833,0.02935,-25.052,10.693,0.0,NaN
44.4000,0.02933,-25.052,10.693,0.0,NaN
44.4167,0.02931,-25.053,10.692,0.0,NaN
44.4333,0.02929,-25.054,10.692,0.0,NaN
44.4500,0.02927,-25.055,10.692,0.0,NaN
44.4667,0.02925,-25.055,10.691,0.0,NaN
44.4833,0.02923,-25.056,10.691,0.0,NaN
44.5000,0.02921,-25.057,10.691,0.0,NaN
44.5167,0.02919,-25.057,10.691,0.0,NaN
44.5333,0.02916,-25.058,10.690,0.0,NaN
44.5500,0.02914,-25.059,10.690,0.0,NaN
44.5667,0.02912,-25.060,10.690,0.0,NaN
44.5833,0.02910,-25.060,10.689,0.0,NaN
44.6000,0.02908,-25.061,10.689,0.0,NaN
44.6167,0.02906,-25.062,10.689,0.0,NaN
44.6333,0.02904,-25.063,10.688,0.0,NaN
44.6500,0.02902,-25.063,10.688,0.0,NaN
44.6667,0.02900,-25.064,10.688,0.0,NaN
44.6833,0.02898,-25.065,10.687,0.0,NaN
44.7000,0.02896,-25.066,10.687,0.0,NaN
44.7167,0.02893,-25.066,10.687,0.0,NaN
44.7333,0.02891,-25.067,10.687,0.0,NaN
44.7500,0.02889,-25.068,10.686,0.0,NaN
44.7667,0.02887,-25.069,10.686,0.0,NaN
44.7833,0.02885,-25.069,10.686,0.0,NaN
44.8000,0.02883,-25.070,10.685,0.0,NaN
44.8167,0.02881,-25.071,10.685,0.0,NaN
44.8333,0.02879,-25.072,10.685,0.0,NaN
44.8500,0.02877,-25.072,10.684,0.0,NaN
44.8667,0.02875,-25.073,10.684,0.0,NaN
44.8833,0.02873,-25.074,10.684,0.0,NaN
44.9000,0.02871,-25.074,10.683,0.0,NaN
44.9167,0.02868,-25.075,10.683,0.0,NaN
44.9333,0.02866,-25.076,10.683,0.0,NaN
44.9500,0.02864,-25.077,10.683,0.0,NaN
44.9667,0.02862,-25.077,10.682,0.0,NaN
44.9833,0.02860,-25.078,10.682,0.0,NaN
45.0000,0.02858,-25.079,10.682,0.0,NaN
45.0167,0.02856,-25.080,10.681,0.0,NaN
45.0333,0.02854,-25.080,10.681,0.0,NaN
45.0500,0.02852,-25.081,10.681,0.0,NaN
45.0667,0.02850,-25.082,10.680,0.0,NaN
45.0833,0.02848,-25.083,10.680,0.0,NaN
45.1000,0.02845,-25.083,10.680,0.0,NaN
45.1167,0.02843,-25.084,10.679,0.0,NaN
45.1333,0.02841,-25.085,10.679,0.0,NaN
45.1500,0.02839,-25.086,10.679,0.0,NaN
45.1667,0.02837,-25.086,10.679,0.0,NaN
45.1833,0.02835,-25.087,10.678,0.0,NaN
45.2000,0.02833,-25.088,10.678,0.0,NaN
45.2167,0.02831,-25.089,10.678,0.0,NaN
45.2333,0.02829,-25.089,10.677,0.0,NaN
45.2500,0.02827,-25.090,10.677,0.0,NaN
45.2667,0.02825,-25.091,10.677,0.0,NaN
45.2833,0.02822,-25.092,10.676,0.0,NaN
45.3000,0.02820,-25.092,10.676,0.0,NaN
45.3167,0.02818,-25.093,10.676,0.0,NaN
45.3333,0.02816,-25.094,10.675,0.0,NaN
45.3500,0.02814,-25.095,10.675,0.0,NaN
45.3667,0.02812,-25.095,10.675,0.0,NaN
45.3833,0.02810,-25.096,10.675,0.0,NaN
45.4000,0.02808,-25.097,10.674,0.0,NaN
45.4167,0.02806,-25.097,10.674,0.0,NaN
45.4333,0.02804,-25.098,10.674,0.0,NaN
45.4500,0.02801,-25.099,10.673,0.0,NaN
45.4667,0.02799,-25.100,10.673,0.0,NaN
45.4833,0.02797,-25.100,10.673,0.0,NaN
45.5000,0.02795,-25.101,10.672,0.0,NaN
45.5167,0.02793,-25.102,10.672,0.0,NaN
45.5333,0.02791,-25.103,10.672,0.0,NaN
45.5500,0.02789,-25.103,10.671,0.0,NaN
45.5667,0.02787,-25.104,10.671,0.0,NaN
45.5833,0.02785,-25.105,10.671,0.0,NaN
45.6000,0.02783,-25.106,10.671,0.0,NaN
45.6167,0.02781,-25.106,10.670,0.0,NaN
45.6333,0.02778,-25.107,10.670,0.0,NaN
45.6500,0.02776,-25.108,10.670,0.0,NaN
45.6667,0.02774,-25.109,10.669,0.0,NaN
45.6833,0.02772,-25.109,10.669,0.0,NaN
45.7000,0.02770,-25.110,10.669,0.0,NaN
45.7167,0.02768,-25.111,10.668,0.0,NaN
45.7333,0.02766,-25.112,10.668,0.0,NaN
45.7500,0.02764,-25.112,10.668,0.0,NaN
45.7667,0.02762,-25.113,10.667,0.0,NaN
45.7833,0.02760,-25.114,10.667,0.0,NaN
45.8000,0.02757,-25.115,10.667,0.0,NaN
45.8167,0.02755,-25.115,10.667,0.0,NaN
45.8333,0.02753,-25.116,10.666,0.0,NaN
45.8500,0.02751,-25.117,10.666,0.0,NaN
45.8667,0.02749,-25.118,10.666,0.0,NaN
45.8833,0.02747,-25.118,10.665,0.0,NaN
45.9000,0.02745,-25.119,10.665,0.0,NaN
45.9167,0.02743,-25.120,10.665,0.0,NaN
45.9333,0.02741,-25.121,10.664,0.0,NaN
45.9500,0.02739,-25.121,10.664,0.0,NaN
45.9667,0.02737,-25.122,10.664,0.0,NaN
45.9833,0.02734,-25.123,10.663,0.0,NaN
46.0000,0.02732,-25.123,10.663,0.0,NaN
46.0167,0.02730,-25.124,10.663,0.0,NaN
46.0333,0.02728,-25.125,10.662,0.0,NaN
46.0500,0.02726,-25.126,10.662,0.0,NaN
46.0667,0.02724,-25.126,10.662,0.0,NaN
46.0833,0.02722,-25.127,10.662,0.0,NaN
46.1000,0.02720,-25.128,10.661,0.0,NaN
46.1167,0.02718,-25.129,10.661,0.0,NaN
46.1333,0.02716,-25.129,10.661,0.0,NaN
46.1500,0.02714,-25.130,10.660,0.0,NaN
46.1667,0.02712,-25.131,10.660,0.0,NaN
46.1833,0.02709,-25.132,10.660,0.0,NaN
46.2000,0.02707,-25.132,10.659,0.0,NaN
46.2167,0.02705,-25.133,10.659,0.0,NaN
46.2333,0.02703,-25.134,10.659,0.0,NaN
46.2500,0.02701,-25.135,10.658,0.0,NaN
46.2667,0.02699,-25.135,10.658,0.0,NaN
46.2833,0.02697,-25.136,10.658,0.0,NaN
46.3000,0.02695,-25.137,10.658,0.0,NaN
46.3167,0.02693,-25.138,10.657,0.0,NaN
46.3333,0.02691,-25.138,10.657,0.0,NaN
46.3500,0.02689,-25.139,10.657,0.0,NaN
46.3667,0.02687,-25.140,10.656,0.0,NaN
46.3833,0.02684,-25.141,10.656,0.0,NaN
46.4000,0.02682,-25.141,10.656,0.0,NaN
46.4167,0.02680,-25.142,10.655,0.0,NaN
46.4333,0.02678,-25.143,10.655,0.0,NaN
46.4500,0.02676,-25.143,10.655,0.0,NaN
46.4667,0.02674,-25.144,10.654,0.0,NaN
46.4833,0.02672,-25.145,10.654,0.0,NaN
46.5000,0.02670,-25.146,10.654,0.0,NaN
46.5167,0.02668,-25.146,10.654,0.0,NaN
46.5333,0.02666,-25.147,10.653,0.0,NaN
46.5500,0.02664,-25.148,10.653,0.0,NaN
46.5667,0.02662,-25.149,10.653,0.0,NaN
46.5833,0.02659,-25.149,10.652,0.0,NaN
46.6000,0.02657,-25.150,10.652,0.0,NaN
46.6167,0.02655,-25.151,10.652,0.0,NaN
46.6333,0.02653,-25.152,10.651,0.0,NaN
46.6500,0.02651,-25.152,10.651,0.0,NaN
46.6667,0.02649,-25.153,10.651,0.0,NaN
46.6833,0.02647,-25.154,10.650,0.0,NaN
46.7000,0.02645,-25.154,10.650,0.0,NaN
46.7167,0.02643,-25.155,10.650,0.0,NaN
46.7333,0.02641,-25.156,10.650,0.0,NaN
46.7500,0.02639,-25.157,10.649,0.0,NaN
46.7667,0.02637,-25.157,10.649,0.0,NaN
46.7833,0.02634,-25.158,10.649,0.0,NaN
46.8000,0.02632,-25.159,10.648,0.0,NaN
46.8167,0.02630,-25.160,10.648,0.0,NaN
46.8333,0.02628,-25.160,10.648,0.0,NaN
46.8500,0.02626,-25.161,10.647,0.0,NaN
46.8667,0.02624,-25.162,10.647,0.0,NaN
46.8833,0.02622,-25.163,10.647,0.0,NaN
46.9000,0.02620,-25.163,10.646,0.0,NaN
46.9167,0.02618,-25.164,10.646,0.0,NaN
46.9333,0.02616,-25.165,10.646,0.0,NaN
46.9500,0.02614,-25.165,10.646,0.0,NaN
46.9667,0.02612,-25.166,10.645,0.0,NaN
46.9833,0.02610,-25.167,10.645,0.0,NaN
47.0000,0.02607,-25.168,10.645,0.0,NaN
47.0167,0.02605,-25.168,10.644,0.0,NaN
47.0333,0.02603,-25.169,10.644,0.0,NaN
47.0500,0.02601,-25.170,10.644,0.0,NaN
47.0667,0.02599,-25.171,10.643,0.0,NaN
47.0833,0.02597,-25.171,10.643,0.0,NaN
47.1000,0.02595,-25.172,10.643,0.0,NaN
47.1167,0.02593,-25.173,10.642,0.0,NaN
47.1333,0.02591,-25.173,10.642,0.0,NaN
47.1500,0.02589,-25.174,10.642,0.0,NaN
47.1667,0.02587,-25.175,10.642,0.0,NaN
47.1833,0.02585,-25.176,10.641,0.0,NaN
47.2000,0.02583,-25.176,10.641,0.0,NaN
47.2167,0.02581,-25.177,10.641,0.0,NaN
47.2333,0.02578,-25.178,10.640,0.0,NaN
47.2500,0.02576,-25.178,10.640,0.0,NaN
47.2667,0.02574,-25.179,10.640,0.0,NaN
47.2833,0.02572,-25.180,10.639,0.0,NaN
47.3000,0.02570,-25.181,10.639,0.0,NaN
47.3167,0.02568,-25.181,10.639,0.0,NaN
47.3333,0.02566,-25.182,10.638,0.0,NaN
47.3500,0.02564,-25.183,10.638,0.0,NaN
47.3667,0.02562,-25.183,10.638,0.0,NaN
47.3833,0.02560,-25.184,10.638,0.0,NaN
47.4000,0.02558,-25.185,10.637,0.0,NaN
47.4167,0.02556,-25.186,10.637,0.0,NaN
47.4333,0.02554,-25.186,10.637,0.0,NaN
47.4500,0.02552,-25.187,10.636,0.0,NaN
47.4667,0.02549,-25.188,10.636,0.0,NaN
47.4833,0.02547,-25.189,10.636,0.0,NaN
47.5000,0.02545,-25.189,10.635,0.0,NaN
47.5167,0.02543,-25.190,10.635,0.0,NaN
47.5333,0.02541,-25.191,10.635,0.0,NaN
47.5500,0.02539,-25.191,10.634,0.0,NaN
47.5667,0.02537,-25.192,10.634,0.0,NaN
47.5833,0.02535,-25.193,10.634,0.0,NaN
47.6000,0.02533,-25.194,10.634,0.0,NaN
47.6167,0.02531,-25.194,10.633,0.0,NaN
47.6333,0.02529,-25.195,10.633,0.0,NaN
47.6500,0.02527,-25.196,10.633,0.0,NaN
47.6667,0.02525,-25.196,10.632,0.0,NaN
47.6833,0.02523,-25.197,10.632,0.0,NaN
47.7000,0.02521,-25.198,10.632,0.0,NaN
47.7167,0.02518,-25.199,10.631,0.0,NaN
47.7333,0.02516,-25.199,10.631,0.0,NaN
47.7500,0.02514,-25.200,10.631,0.0,NaN
47.7667,0.02512,-25.201,10.630,0.0,NaN
47.7833,0.02510,-25.201,10.630,0.0,NaN
47.8000,0.02508,-25.202,10.630,0.0,NaN
47.8167,0.02506,-25.203,10.630,0.0,NaN
47.8333,0.02504,-25.204,10.629,0.0,NaN
47.8500,0.02502,-25.204,10.629,0.0,NaN
47.8667,0.02500,-25.205,10.629,0.0,NaN
47.8833,0.02498,-25.206,10.628,0.0,NaN
47.9000,0.02496,-25.206,10.628,0.0,NaN
47.9167,0.02494,-25.207,10.628,0.0,NaN
47.9333,0.02492,-25.208,10.627,0.0,NaN
47.9500,0.02490,-25.209,10.627,0.0,NaN
47.9667,0.02488,-25.209,10.627,0.0,NaN
47.9833,0.02485,-25.210,10.626,0.0,NaN
48.0000,0.02483,-25.211,10.626,0.0,NaN
48.0167,0.02481,-25.211,10.626,0.0,NaN
48.0333,0.02479,-25.212,10.626,0.0,NaN
48.0500,0.02477,-25.213,10.625,0.0,NaN
48.0667,0.02475,-25.214,10.625,0.0,NaN
48.0833,0.02473,-25.214,10.625,0.0,NaN
48.1000,0.02471,-25.215,10.624,0.0,NaN
48.1167,0.02469,-25.216,10.624,0.0,NaN
48.1333,0.02467,-25.216,10.624,0.0,NaN
48.1500,0.02465,-25.217,10.623,0.0,NaN
48.1667,0.02463,-25.218,10.623,0.0,NaN
48.1833,0.02461,-25.218,10.623,0.0,NaN
48.2000,0.02459,-25.219,10.623,0.0,NaN
48.2167,0.02457,-25.220,10.622,0.0,NaN
48.2333,0.02455,-25.221,10.622,0.0,NaN
48.2500,0.02452,-25.221,10.622,0.0,NaN
48.2667,0.02450,-25.222,10.621,0.0,NaN
48.2833,0.02448,-25.223,10.621,0.0,NaN
48.3000,0.02446,-25.223,10.621,0.0,NaN
48.3167,0.02444,-25.224,10.620,0.0,NaN
48.3333,0.02442,-25.225,10.620,0.0,NaN
48.3500,0.02440,-25.226,10.620,0.0,NaN
48.3667,0.02438,-25.226,10.619,0.0,NaN
48.3833,0.02436,-25.227,10.619,0.0,NaN
48.4000,0.02434,-25.228,10.619,0.0,NaN
48.4167,0.02432,-25.228,10.619,0.0,NaN
48.4333,0.02430,-25.229,10.618,0.0,NaN
48.4500,0.02428,-25.230,10.618,0.0,NaN
48.4667,0.02426,-25.231,10.618,0.0,NaN
48.4833,0.02424,-25.231,10.617,0.0,NaN
48.5000,0.02422,-25.232,10.617,0.0,NaN
48.5167,0.02420,-25.233,10.617,0.0,NaN
48.5333,0.02417,-25.233,10.616,0.0,NaN
48.5500,0.02415,-25.234,10.616,0.0,NaN
48.5667,0.02413,-25.235,10.616,0.0,NaN
48.5833,0.02411,-25.236,10.615,0.0,NaN
48.6000,0.02409,-25.236,10.615,0.0,NaN
48.6167,0.02407,-25.237,10.615,0.0,NaN
48.6333,0.02405,-25.238,10.615,0.0,NaN
48.6500,0.02403,-25.238,10.614,0.0,NaN
48.6667,0.02401,-25.239,10.614,0.0,NaN
48.6833,0.02399,-25.240,10.614,0.0,NaN
48.7000,0.02397,-25.240,10.613,0.0,NaN
48.7167,0.02395,-25.241,10.613,0.0,NaN
48.7333,0.02393,-25.242,10.613,0.0,NaN
48.7500,0.02391,-25.243,10.612,0.0,NaN
48.7667,0.02389,-25.243,10.612,0.0,NaN
48.7833,0.02387,-25.244,10.612,0.0,NaN
48.8000,0.02385,-25.245,10.611,0.0,NaN
48.8167,0.02382,-25.245,10.611,0.0,NaN
48.8333,0.02380,-25.246,10.611,0.0,NaN
48.8500,0.02378,-25.247,10.611,0.0,NaN
48.8667,0.02376,-25.248,10.610,0.0,NaN
48.8833,0.02374,-25.248,10.610,0.0,NaN
48.9000,0.02372,-25.249,10.610,0.0,NaN
48.9167,0.02370,-25.250,10.609,0.0,NaN
48.9333,0.02368,-25.250,10.609,0.0,NaN
48.9500,0.02366,-25.251,10.609,0.0,NaN
48.9667,0.02364,-25.252,10.608,0.0,NaN
48.9833,0.02362,-25.252,10.608,0.0,NaN
49.0000,0.02360,-25.253,10.608,0.0,NaN
49.0167,0.02358,-25.254,10.607,0.0,NaN
49.0333,0.02356,-25.255,10.607,0.0,NaN
49.0500,0.02354,-25.255,10.607,0.0,NaN
49.0667,0.02352,-25.256,10.607,0.0,NaN
49.0833,0.02350,-25.257,10.606,0.0,NaN
49.1000,0.02347,-25.257,10.606,0.0,NaN
49.1167,0.02345,-25.258,10.606,0.0,NaN
49.1333,0.02343,-25.259,10.605,0.0,NaN
49.1500,0.02341,-25.260,10.605,0.0,NaN
49.1667,0.02339,-25.260,10.605,0.0,NaN
49.1833,0.02337,-25.261,10.604,0.0,NaN
49.2000,0.02335,-25.262,10.604,0.0,NaN
49.2167,0.02333,-25.262,10.604,0.0,NaN
49.2333,0.02331,-25.263,10.604,0.0,NaN
49.2500,0.02329,-25.264,10.603,0.0,NaN
49.2667,0.02327,-25.264,10.603,0.0,NaN
49.2833,0.02325,-25.265,10.603,0.0,NaN
49.3000,0.02323,-25.266,10.602,0.0,NaN
49.3167,0.02321,-25.267,10.602,0.0,NaN
49.3333,0.02319,-25.267,10.602,0.0,NaN
49.3500,0.02317,-25.268,10.601,0.0,NaN
49.3667,0.02315,-25.269,10.601,0.0,NaN
49.3833,0.02313,-25.269,10.601,0.0,NaN
49.4000,0.02311,-25.270,10.600,0.0,NaN
49.4167,0.02308,-25.271,10.600,0.0,NaN
49.4333,0.02306,-25.271,10.600,0.0,NaN
49.4500,0.02304,-25.272,10.600,0.0,NaN
49.4667,0.02302,-25.273,10.599,0.0,NaN
49.4833,0.02300,-25.274,10.599,0.0,NaN
49.5000,0.02298,-25.274,10.599,0.0,NaN
49.5167,0.02296,-25.275,10.598,0.0,NaN
49.5333,0.02294,-25.276,10.598,0.0,NaN
49.5500,0.02292,-25.276,10.598,0.0,NaN
49.5667,0.02290,-25.277,10.597,0.0,NaN
49.5833,0.02288,-25.278,10.597,0.0,NaN
49.6000,0.02286,-25.279,10.597,0.0,NaN
49.6167,0.02284,-25.279,10.596,0.0,NaN
49.6333,0.02282,-25.280,10.596,0.0,NaN
49.6500,0.02280,-25.281,10.596,0.0,NaN
49.6667,0.02278,-25.281,10.596,0.0,NaN
49.6833,0.02276,-25.282,10.595,0.0,NaN
49.7000,0.02274,-25.283,10.595,0.0,NaN
49.7167,0.02272,-25.283,10.595,0.0,NaN
49.7333,0.02269,-25.284,10.594,0.0,NaN
49.7500,0.02267,-25.285,10.594,0.0,NaN
49.7667,0.02265,-25.286,10.594,0.0,NaN
49.7833,0.02263,-25.286,10.593,0.0,NaN
49.8000,0.02261,-25.287,10.593,0.0,NaN
49.8167,0.02259,-25.288,10.593,0.0,NaN
49.8333,0.02257,-25.288,10.592,0.0,NaN
49.8500,0.02255,-25.289,10.592,0.0,NaN
49.8667,0.02253,-25.290,10.592,0.0,NaN
49.8833,0.02251,-25.290,10.592,0.0,NaN
49.9000,0.02249,-25.291,10.591,0.0,NaN
49.9167,0.02247,-25.292,10.591,0.0,NaN
49.9333,0.02245,-25.292,10.591,0.0,NaN
49.9500,0.02243,-25.293,10.590,0.0,NaN
49.9667,0.02241,-25.294,10.590,0.0,NaN
49.9833,0.02239,-25.295,10.590,0.0,NaN
50.0000,0.02237,-25.295,10.589,0.0,NaN
50.0167,0.02235,-25.296,10.589,0.0,NaN
50.0333,0.02233,-25.297,10.589,0.0,NaN
50.0500,0.02231,-25.297,10.588,0.0,NaN
50.0667,0.02228,-25.298,10.588,0.0,NaN
50.0833,0.02226,-25.299,10.588,0.0,NaN
50.1000,0.02224,-25.299,10.588,0.0,NaN
50.1167,0.02222,-25.300,10.587,0.0,NaN
50.1333,0.02220,-25.301,10.587,0.0,NaN
50.1500,0.02218,-25.302,10.587,0.0,NaN
50.1667,0.02216,-25.302,10.586,0.0,NaN
50.1833,0.02214,-25.303,10.586,0.0,NaN
50.2000,0.02212,-25.304,10.586,0.0,NaN
50.2167,0.02210,-25.304,10.585,0.0,NaN
50.2333,0.02208,-25.305,10.585,0.0,NaN
50.2500,0.02206,-25.306,10.585,0.0,NaN
50.2667,0.02204,-25.306,10.584,0.0,NaN
50.2833,0.02202,-25.307,10.584,0.0,NaN
50.3000,0.02200,-25.308,10.584,0.0,NaN
50.3167,0.02198,-25.309,10.584,0.0,NaN
50.3333,0.02196,-25.309,10.583,0.0,NaN
50.3500,0.02194,-25.310,10.583,0.0,NaN
50.3667,0.02192,-25.311,10.583,0.0,NaN
50.3833,0.02190,-25.311,10.582,0.0,NaN
50.4000,0.02188,-25.312,10.582,0.0,NaN
50.4167,0.02185,-25.313,10.582,0.0,NaN
50.4333,0.02183,-25.313,10.581,0.0,NaN
50.4500,0.02181,-25.314,10.581,0.0,NaN
50.4667,0.02179,-25.315,10.581,0.0,NaN
50.4833,0.02177,-25.315,10.581,0.0,NaN
50.5000,0.02175,-25.316,10.580,0.0,NaN
50.5167,0.02173,-25.317,10.580,0.0,NaN
50.5333,0.02171,-25.318,10.580,0.0,NaN
50.5500,0.02169,-25.318,10.579,0.0,NaN
50.5667,0.02167,-25.319,10.579,0.0,NaN
50.5833,0.02165,-25.320,10.579,0.0,NaN
50.6000,0.02163,-25.320,10.578,0.0,NaN
50.6167,0.02161,-25.321,10.578,0.0,NaN
50.6333,0.02159,-25.322,10.578,0.0,NaN
50.6500,0.02157,-25.322,10.577,0.0,NaN
50.6667,0.02155,-25.323,10.577,0.0,NaN
50.6833,0.02153,-25.324,10.577,0.0,NaN
50.7000,0.02151,-25.324,10.577,0.0,NaN
50.7167,0.02149,-25.325,10.576,0.0,NaN
50.7333,0.02147,-25.326,10.576,0.0,NaN
50.7500,0.02145,-25.327,10.576,0.0,NaN
50.7667,0.02143,-25.327,10.575,0.0,NaN
50.7833,0.02140,-25.328,10.575,0.0,NaN
50.8000,0.02138,-25.329,10.575,0.0,NaN
50.8167,0.02136,-25.329,10.574,0.0,NaN
50.8333,0.02134,-25.330,10.574,0.0,NaN
50.8500,0.02132,-25.331,10.574,0.0,NaN
50.8667,0.02130,-25.331,10.573,0.0,NaN
50.8833,0.02128,-25.332,10.573,0.0,NaN
50.9000,0.02126,-25.333,10.573,0.0,NaN
50.9167,0.02124,-25.333,10.573,0.0,NaN
50.9333,0.02122,-25.334,10.572,0.0,NaN
50.9500,0.02120,-25.335,10.572,0.0,NaN
50.9667,0.02118,-25.336,10.572,0.0,NaN
50.9833,0.02116,-25.336,10.571,0.0,NaN
51.0000,0.02114,-25.337,10.571,0.0,NaN
51.0167,0.02112,-25.338,10.571,0.0,NaN
51.0333,0.02110,-25.338,10.570,0.0,NaN
51.0500,0.02108,-25.339,10.570,0.0,NaN
51.0667,0.02106,-25.340,10.570,0.0,NaN
51.0833,0.02104,-25.340,10.569,0.0,NaN
51.1000,0.02102,-25.341,10.569,0.0,NaN
51.1167,0.02100,-25.342,10.569,0.0,NaN
51.1333,0.02098,-25.342,10.569,0.0,NaN
51.1500,0.02095,-25.343,10.568,0.0,NaN
51.1667,0.02093,-25.344,10.568,0.0,NaN
51.1833,0.02091,-25.344,10.568,0.0,NaN
51.2000,0.02089,-25.345,10.567,0.0,NaN
51.2167,0.02087,-25.346,10.567,0.0,NaN
51.2333,0.02085,-25.347,10.567,0.0,NaN
51.2500,0.02083,-25.347,10.566,0.0,NaN
51.2667,0.02081,-25.348,10.566,0.0,NaN
51.2833,0.02079,-25.349,10.566,0.0,NaN
51.3000,0.02077,-25.349,10.565,0.0,NaN
51.3167,0.02075,-25.350,10.565,0.0,NaN
51.3333,0.02073,-25.351,10.565,0.0,NaN
51.3500,0.02071,-25.351,10.565,0.0,NaN
51.3667,0.02069,-25.352,10.564,0.0,NaN
51.3833,0.02067,-25.353,10.564,0.0,NaN
51.4000,0.02065,-25.353,10.564,0.0,NaN
51.4167,0.02063,-25.354,10.563,0.0,NaN
51.4333,0.02061,-25.355,10.563,0.0,NaN
51.4500,0.02059,-25.355,10.563,0.0,NaN
51.4667,0.02057,-25.356,10.562,0.0,NaN
51.4833,0.02055,-25.357,10.562,0.0,NaN
51.5000,0.02053,-25.358,10.562,0.0,NaN
51.5167,0.02051,-25.358,10.561,0.0,NaN
51.5333,0.02049,-25.359,10.561,0.0,NaN
51.5500,0.02046,-25.360,10.561,0.0,NaN
51.5667,0.02044,-25.360,10.561,0.0,NaN
51.5833,0.02042,-25.361,10.560,0.0,NaN
51.6000,0.02040,-25.362,10.560,0.0,NaN
51.6167,0.02038,-25.362,10.560,0.0,NaN
51.6333,0.02036,-25.363,10.559,0.0,NaN
51.6500,0.02034,-25.364,10.559,0.0,NaN
51.6667,0.02032,-25.364,10.559,0.0,NaN
51.6833,0.02030,-25.365,10.558,0.0,NaN
51.7000,0.02028,-25.366,10.558,0.0,NaN
51.7167,0.02026,-25.366,10.558,0.0,NaN
51.7333,0.02024,-25.367,10.557,0.0,NaN
51.7500,0.02022,-25.368,10.557,0.0,NaN
51.7667,0.02020,-25.369,10.557,0.0,NaN
51.7833,0.02018,-25.369,10.557,0.0,NaN
51.8000,0.02016,-25.370,10.556,0.0,NaN
51.8167,0.02014,-25.371,10.556,0.0,NaN
51.8333,0.02012,-25.371,10.556,0.0,NaN
51.8500,0.02010,-25.372,10.555,0.0,NaN
51.8667,0.02008,-25.373,10.555,0.0,NaN
51.8833,0.02006,-25.373,10.555,0.0,NaN
51.9000,0.02004,-25.374,10.554,0.0,NaN
51.9167,0.02002,-25.375,10.554,0.0,NaN
51.9333,0.02000,-25.375,10.554,0.0,NaN
51.9500,0.01997,-25.376,10.554,0.0,NaN
51.9667,0.01995,-25.377,10.553,0.0,NaN
51.9833,0.01993,-25.377,10.553,0.0,NaN
52.0000,0.01991,-25.378,10.553,0.0,NaN
52.0167,0.01989,-25.379,10.552,0.0,NaN
52.0333,0.01987,-25.380,10.552,0.0,NaN
52.0500,0.01985,-25.380,10.552,0.0,NaN
52.0667,0.01983,-25.381,10.551,0.0,NaN
52.0833,0.01981,-25.382,10.551,0.0,NaN
52.1000,0.01979,-25.382,10.551,0.0,NaN
52.1167,0.01977,-25.383,10.550,0.0,NaN
52.1333,0.01975,-25.384,10.550,0.0,NaN
52.1500,0.01973,-25.384,10.550,0.0,NaN
52.1667,0.01971,-25.385,10.550,0.0,NaN
52.1833,0.01969,-25.386,10.549,0.0,NaN
52.2000,0.01967,-25.386,10.549,0.0,NaN
52.2167,0.01965,-25.387,10.549,0.0,NaN
52.2333,0.01963,-25.388,10.548,0.0,NaN
52.2500,0.01961,-25.388,10.548,0.0,NaN
52.2667,0.01959,-25.389,10.548,0.0,NaN
52.2833,0.01957,-25.390,10.547,0.0,NaN
52.3000,0.01955,-25.390,10.547,0.0,NaN
52.3167,0.01953,-25.391,10.547,0.0,NaN
52.3333,0.01951,-25.392,10.546,0.0,NaN
52.3500,0.01948,-25.393,10.546,0.0,NaN
52.3667,0.01946,-25.393,10.546,0.0,NaN
52.3833,0.01944,-25.394,10.546,0.0,NaN
52.4000,0.01942,-25.395,10.545,0.0,NaN
52.4167,0.01940,-25.395,10.545,0.0,NaN
52.4333,0.01938,-25.396,10.545,0.0,NaN
52.4500,0.01936,-25.397,10.544,0.0,NaN
52.4667,0.01934,-25.397,10.544,0.0,NaN
52.4833,0.01932,-25.398,10.544,0.0,NaN
52.5000,0.01930,-25.399,10.543,0.0,NaN
52.5167,0.01928,-25.399,10.543,0.0,NaN
52.5333,0.01926,-25.400,10.543,0.0,NaN
52.5500,0.01924,-25.401,10.542,0.0,NaN
52.5667,0.01922,-25.401,10.542,0.0,NaN
52.5833,0.01920,-25.402,10.542,0.0,NaN
52.6000,0.01918,-25.403,10.542,0.0,NaN
52.6167,0.01916,-25.403,10.541,0.0,NaN
52.6333,0.01914,-25.404,10.541,0.0,NaN
52.6500,0.01912,-25.405,10.541,0.0,NaN
52.6667,0.01910,-25.405,10.540,0.0,NaN
52.6833,0.01908,-25.406,10.540,0.0,NaN
52.7000,0.01906,-25.407,10.540,0.0,NaN
52.7167,0.01904,-25.408,10.539,0.0,NaN
52.7333,0.01902,-25.408,10.539,0.0,NaN
52.7500,0.01900,-25.409,10.539,0.0,NaN
52.7667,0.01897,-25.410,10.538,0.0,NaN
52.7833,0.01895,-25.410,10.538,0.0,NaN
52.8000,0.01893,-25.411,10.538,0.0,NaN
52.8167,0.01891,-25.412,10.538,0.0,NaN
52.8333,0.01889,-25.412,10.537,0.0,NaN
52.8500,0.01887,-25.413,10.537,0.0,NaN
52.8667,0.01885,-25.414,10.537,0.0,NaN
52.8833,0.01883,-25.414,10.536,0.0,NaN
52.9000,0.01881,-25.415,10.536,0.0,NaN
52.9167,0.01879,-25.416,10.536,0.0,NaN
52.9333,0.01877,-25.416,10.535,0.0,NaN
52.9500,0.01875,-25.417,10.535,0.0,NaN
52.9667,0.01873,-25.418,10.535,0.0,NaN
52.9833,0.01871,-25.418,10.534,0.0,NaN
53.0000,0.01869,-25.419,10.534,0.0,NaN
53.0167,0.01867,-25.420,10.534,0.0,NaN
53.0333,0.01865,-25.420,10.533,0.0,NaN
53.0500,0.01863,-25.421,10.533,0.0,NaN
53.0667,0.01861,-25.422,10.533,0.0,NaN
53.0833,0.01859,-25.423,10.533,0.0,NaN
53.1000,0.01857,-25.423,10.532,0.0,NaN
53.1167,0.01855,-25.424,10.532,0.0,NaN
53.1333,0.01853,-25.425,10.532,0.0,NaN
53.1500,0.01851,-25.425,10.531,0.0,NaN
53.1667,0.01849,-25.426,10.531,0.0,NaN
53.1833,0.01847,-25.427,10.531,0.0,NaN
53.2000,0.01844,-25.427,10.530,0.0,NaN
53.2167,0.01842,-25.428,10.530,0.0,NaN
53.2333,0.01840,-25.429,10.530,0.0,NaN
53.2500,0.01838,-25.429,10.529,0.0,NaN
53.2667,0.01836,-25.430,10.529,0.0,NaN
53.2833,0.01834,-25.431,10.529,0.0,NaN
53.3000,0.01832,-25.431,10.529,0.0,NaN
53.3167,0.01830,-25.432,10.528,0.0,NaN
53.3333,0.01828,-25.433,10.528,0.0,NaN
53.3500,0.01826,-25.433,10.528,0.0,NaN
53.3667,0.01824,-25.434,10.527,0.0,NaN
53.3833,0.01822,-25.435,10.527,0.0,NaN
53.4000,0.01820,-25.435,10.527,0.0,NaN
53.4167,0.01818,-25.436,10.526,0.0,NaN
53.4333,0.01816,-25.437,10.526,0.0,NaN
53.4500,0.01814,-25.437,10.526,0.0,NaN
53.4667,0.01812,-25.438,10.525,0.0,NaN
53.4833,0.01810,-25.439,10.525,0.0,NaN
53.5000,0.01808,-25.440,10.525,0.0,NaN
53.5167,0.01806,-25.440,10.525,0.0,NaN
53.5333,0.01804,-25.441,10.524,0.0,NaN
53.5500,0.01802,-25.442,10.524,0.0,NaN
53.5667,0.01800,-25.442,10.524,0.0,NaN
53.5833,0.01798,-25.443,10.523,0.0,NaN
53.6000,0.01796,-25.444,10.523,0.0,NaN
53.6167,0.01794,-25.444,10.523,0.0,NaN
53.6333,0.01791,-25.445,10.522,0.0,NaN
53.6500,0.01789,-25.446,10.522,0.0,NaN
53.6667,0.01787,-25.446,10.522,0.0,NaN
53.6833,0.01785,-25.447,10.521,0.0,NaN
53.7000,0.01783,-25.448,10.521,0.0,NaN
53.7167,0.01781,-25.448,10.521,0.0,NaN
53.7333,0.01779,-25.449,10.521,0.0,NaN
53.7500,0.01777,-25.450,10.520,0.0,NaN
53.7667,0.01775,-25.450,10.520,0.0,NaN
53.7833,0.01773,-25.451,10.520,0.0,NaN
53.8000,0.01771,-25.452,10.519,0.0,NaN
53.8167,0.01769,-25.452,10.519,0.0,NaN
53.8333,0.01767,-25.453,10.519,0.0,NaN
53.8500,0.01765,-25.454,10.518,0.0,NaN
53.8667,0.01763,-25.454,10.518,0.0,NaN
53.8833,0.01761,-25.455,10.518,0.0,NaN
53.9000,0.01759,-25.456,10.517,0.0,NaN
53.9167,0.01757,-25.456,10.517,0.0,NaN
53.9333,0.01755,-25.457,10.517,0.0,NaN
53.9500,0.01753,-25.458,10.517,0.0,NaN
53.9667,0.01751,-25.458,10.516,0.0,NaN
53.9833,0.01749,-25.459,10.516,0.0,NaN
54.0000,0.01747,-25.460,10.516,0.0,NaN
54.0167,0.01745,-25.461,10.515,0.0,NaN
54.0333,0.01743,-25.461,10.515,0.0,NaN
54.0500,0.01740,-25.462,10.515,0.0,NaN
54.0667,0.01738,-25.463,10.514,0.0,NaN
54.0833,0.01736,-25.463,10.514,0.0,NaN
54.1000,0.01734,-25.464,10.514,0.0,NaN
54.1167,0.01732,-25.465,10.513,0.0,NaN
54.1333,0.01730,-25.465,10.513,0.0,NaN
54.1500,0.01728,-25.466,10.513,0.0,NaN
54.1667,0.01726,-25.467,10.512,0.0,NaN
54.1833,0.01724,-25.467,10.512,0.0,NaN
54.2000,0.01722,-25.468,10.512,0.0,NaN
54.2167,0.01720,-25.469,10.512,0.0,NaN
54.2333,0.01718,-25.469,10.511,0.0,NaN
54.2500,0.01716,-25.470,10.511,0.0,NaN
54.2667,0.01714,-25.471,10.511,0.0,NaN
54.2833,0.01712,-25.471,10.510,0.0,NaN
54.3000,0.01710,-25.472,10.510,0.0,NaN
54.3167,0.01708,-25.473,10.510,0.0,NaN
54.3333,0.01706,-25.473,10.509,0.0,NaN
54.3500,0.01704,-25.474,10.509,0.0,NaN
54.3667,0.01702,-25.475,10.509,0.0,NaN
54.3833,0.01700,-25.475,10.508,0.0,NaN
54.4000,0.01698,-25.476,10.508,0.0,NaN
54.4167,0.01696,-25.477,10.508,0.0,NaN
54.4333,0.01694,-25.477,10.508,0.0,NaN
54.4500,0.01692,-25.478,10.507,0.0,NaN
54.4667,0.01690,-25.479,10.507,0.0,NaN
54.4833,0.01687,-25.479,10.507,0.0,NaN
54.5000,0.01685,-25.480,10.506,0.0,NaN
54.5167,0.01683,-25.481,10.506,0.0,NaN
54.5333,0.01681,-25.482,10.506,0.0,NaN
54.5500,0.01679,-25.482,10.505,0.0,NaN
54.5667,0.01677,-25.483,10.505,0.0,NaN
54.5833,0.01675,-25.484,10.505,0.0,NaN
54.6000,0.01673,-25.484,10.504,0.0,NaN
54.6167,0.01671,-25.485,10.504,0.0,NaN
54.6333,0.01669,-25.486,10.504,0.0,NaN
54.6500,0.01667,-25.486,10.503,0.0,NaN
54.6667,0.01665,-25.487,10.503,0.0,NaN
54.6833,0.01663,-25.488,10.503,0.0,NaN
54.7000,0.01661,-25.488,10.503,0.0,NaN
54.7167,0.01659,-25.489,10.502,0.0,NaN
54.7333,0.01657,-25.490,10.502,0.0,NaN
54.7500,0.01655,-25.490,10.502,0.0,NaN
54.7667,0.01653,-25.491,10.501,0.0,NaN
54.7833,0.01651,-25.492,10.501,0.0,NaN
54.8000,0.01649,-25.492,10.501,0.0,NaN
54.8167,0.01647,-25.493,10.500,0.0,NaN
54.8333,0.01645,-25.494,10.500,0.0,NaN
54.8500,0.01643,-25.494,10.500,0.0,NaN
54.8667,0.01641,-25.495,10.499,0.0,NaN
54.8833,0.01639,-25.496,10.499,0.0,NaN
54.9000,0.01636,-25.496,10.499,0.0,NaN
54.9167,0.01634,-25.497,10.499,0.0,NaN
54.9333,0.01632,-25.498,10.498,0.0,NaN
54.9500,0.01630,-25.498,10.498,0.0,NaN
54.9667,0.01628,-25.499,10.498,0.0,NaN
54.9833,0.01626,-25.500,10.497,0.0,NaN
55.0000,0.01624,-25.500,10.497,0.0,NaN
55.0167,0.01622,-25.501,10.497,0.0,NaN
55.0333,0.01620,-25.502,10.496,0.0,NaN
55.0500,0.01618,-25.502,10.496,0.0,NaN
55.0667,0.01616,-25.503,10.496,0.0,NaN
55.0833,0.01614,-25.504,10.495,0.0,NaN
55.1000,0.01612,-25.504,10.495,0.0,NaN
55.1167,0.01610,-25.505,10.495,0.0,NaN
55.1333,0.01608,-25.506,10.494,0.0,NaN
55.1500,0.01606,-25.507,10.494,0.0,NaN
55.1667,0.01604,-25.507,10.494,0.0,NaN
55.1833,0.01602,-25.508,10.494,0.0,NaN
55.2000,0.01600,-25.509,10.493,0.0,NaN
55.2167,0.01598,-25.509,10.493,0.0,NaN
55.2333,0.01596,-25.510,10.493,0.0,NaN
55.2500,0.01594,-25.511,10.492,0.0,NaN
55.2667,0.01592,-25.511,10.492,0.0,NaN
55.2833,0.01590,-25.512,10.492,0.0,NaN
55.3000,0.01588,-25.513,10.491,0.0,NaN
55.3167,0.01585,-25.513,10.491,0.0,NaN
55.3333,0.01583,-25.514,10.491,0.0,NaN
55.3500,0.01581,-25.515,10.490,0.0,NaN
55.3667,0.01579,-25.515,10.490,0.0,NaN
55.3833,0.01577,-25.516,10.490,0.0,NaN
55.4000,0.01575,-25.517,10.490,0.0,NaN
55.4167,0.01573,-25.517,10.489,0.0,NaN
55.4333,0.01571,-25.518,10.489,0.0,NaN
55.4500,0.01569,-25.519,10.489,0.0,NaN
55.4667,0.01567,-25.519,10.488,0.0,NaN
55.4833,0.01565,-25.520,10.488,0.0,NaN
55.5000,0.01563,-25.521,10.488,0.0,NaN
55.5167,0.01561,-25.521,10.487,0.0,NaN
55.5333,0.01559,-25.522,10.487,0.0,NaN
55.5500,0.01557,-25.523,10.487,0.0,NaN
55.5667,0.01555,-25.523,10.486,0.0,NaN
55.5833,0.01553,-25.524,10.486,0.0,NaN
55.6000,0.01551,-25.525,10.486,0.0,NaN
55.6167,0.01549,-25.525,10.485,0.0,NaN
55.6333,0.01547,-25.526,10.485,0.0,NaN
55.6500,0.01545,-25.527,10.485,0.0,NaN
55.6667,0.01543,-25.527,10.485,0.0,NaN
55.6833,0.01541,-25.528,10.484,0.0,NaN
55.7000,0.01539,-25.529,10.484,0.0,NaN
55.7167,0.01536,-25.529,10.484,0.0,NaN
55.7333,0.01534,-25.530,10.483,0.0,NaN
55.7500,0.01532,-25.531,10.483,0.0,NaN
55.7667,0.01530,-25.531,10.483,0.0,NaN
55.7833,0.01528,-25.532,10.482,0.0,NaN
55.8000,0.01526,-25.533,10.482,0.0,NaN
55.8167,0.01524,-25.534,10.482,0.0,NaN
55.8333,0.01522,-25.534,10.481,0.0,NaN
55.8500,0.01520,-25.535,10.481,0.0,NaN
55.8667,0.01518,-25.536,10.481,0.0,NaN
55.8833,0.01516,-25.536,10.480,0.0,NaN
55.9000,0.01514,-25.537,10.480,0.0,NaN
55.9167,0.01512,-25.538,10.480,0.0,NaN
55.9333,0.01510,-25.538,10.480,0.0,NaN
55.9500,0.01508,-25.539,10.479,0.0,NaN
55.9667,0.01506,-25.540,10.479,0.0,NaN
55.9833,0.01504,-25.540,10.479,0.0,NaN
56.0000,0.01502,-25.541,10.478,0.0,NaN
56.0167,0.01500,-25.542,10.478,0.0,NaN
56.0333,0.01498,-25.542,10.478,0.0,NaN
56.0500,0.01496,-25.543,10.477,0.0,NaN
56.0667,0.01494,-25.544,10.477,0.0,NaN
56.0833,0.01492,-25.544,10.477,0.0,NaN
56.1000,0.01490,-25.545,10.476,0.0,NaN
56.1167,0.01487,-25.546,10.476,0.0,NaN
56.1333,0.01485,-25.546,10.476,0.0,NaN
56.1500,0.01483,-25.547,10.475,0.0,NaN
56.1667,0.01481,-25.548,10.475,0.0,NaN
56.1833,0.01479,-25.548,10.475,0.0,NaN
56.2000,0.01477,-25.549,10.475,0.0,NaN
56.2167,0.01475,-25.550,10.474,0.0,NaN
56.2333,0.01473,-25.550,10.474,0.0,NaN
56.2500,0.01471,-25.551,10.474,0.0,NaN
56.2667,0.01469,-25.552,10.473,0.0,NaN
56.2833,0.01467,-25.552,10.473,0.0,NaN
56.3000,0.01465,-25.553,10.473,0.0,NaN
56.3167,0.01463,-25.554,10.472,0.0,NaN
56.3333,0.01461,-25.554,10.472,0.0,NaN
56.3500,0.01459,-25.555,10.472,0.0,NaN
56.3667,0.01457,-25.556,10.471,0.0,NaN
56.3833,0.01455,-25.556,10.471,0.0,NaN
56.4000,0.01453,-25.557,10.471,0.0,NaN
56.4167,0.01451,-25.558,10.470,0.0,NaN
56.4333,0.01449,-25.558,10.470,0.0,NaN
56.4500,0.01447,-25.559,10.470,0.0,NaN
56.4667,0.01445,-25.560,10.470,0.0,NaN
56.4833,0.01443,-25.560,10.469,0.0,NaN
56.5000,0.01441,-25.561,10.469,0.0,NaN
56.5167,0.01439,-25.562,10.469,0.0,NaN
56.5333,0.01436,-25.562,10.468,0.0,NaN
56.5500,0.01434,-25.563,10.468,0.0,NaN
56.5667,0.01432,-25.564,10.468,0.0,NaN
56.5833,0.01430,-25.564,10.467,0.0,NaN
56.6000,0.01428,-25.565,10.467,0.0,NaN
56.6167,0.01426,-25.566,10.467,0.0,NaN
56.6333,0.01424,-25.566,10.466,0.0,NaN
56.6500,0.01422,-25.567,10.466,0.0,NaN
56.6667,0.01420,-25.568,10.466,0.0,NaN
56.6833,0.01418,-25.568,10.465,0.0,NaN
56.7000,0.01416,-25.569,10.465,0.0,NaN
56.7167,0.01414,-25.570,10.465,0.0,NaN
56.7333,0.01412,-25.570,10.465,0.0,NaN
56.7500,0.01410,-25.571,10.464,0.0,NaN
56.7667,0.01408,-25.572,10.464,0.0,NaN
56.7833,0.01406,-25.572,10.464,0.0,NaN
56.8000,0.01404,-25.573,10.463,0.0,NaN
56.8167,0.01402,-25.574,10.463,0.0,NaN
56.8333,0.01400,-25.574,10.463,0.0,NaN
56.8500,0.01398,-25.575,10.462,0.0,NaN
56.8667,0.01396,-25.576,10.462,0.0,NaN
56.8833,0.01394,-25.576,10.462,0.0,NaN
56.9000,0.01392,-25.577,10.461,0.0,NaN
56.9167,0.01390,-25.578,10.461,0.0,NaN
56.9333,0.01388,-25.578,10.461,0.0,NaN
56.9500,0.01386,-25.579,10.460,0.0,NaN
56.9667,0.01384,-25.580,10.460,0.0,NaN
56.9833,0.01382,-25.580,10.460,0.0,NaN
57.0000,0.01380,-25.581,10.460,0.0,NaN
57.0167,0.01378,-25.582,10.459,0.0,NaN
57.0333,0.01376,-25.582,10.459,0.0,NaN
57.0500,0.01374,-25.583,10.459,0.0,NaN
57.0667,0.01372,-25.584,10.458,0.0,NaN
57.0833,0.01370,-25.584,10.458,0.0,NaN
57.1000,0.01368,-25.585,10.458,0.0,NaN
57.1167,0.01366,-25.586,10.457,0.0,NaN
57.1333,0.01364,-25.586,10.457,0.0,NaN
57.1500,0.01362,-25.587,10.457,0.0,NaN
57.1667,0.01360,-25.588,10.456,0.0,NaN
57.1833,0.01358,-25.588,10.456,0.0,NaN
57.2000,0.01356,-25.589,10.456,0.0,NaN
57.2167,0.01354,-25.589,10.455,0.0,NaN
57.2333,0.01352,-25.590,10.455,0.0,NaN
57.2500,0.01349,-25.591,10.455,0.0,NaN
57.2667,0.01347,-25.591,10.455,0.0,NaN
57.2833,0.01345,-25.592,10.454,0.0,NaN
57.3000,0.01343,-25.593,10.454,0.0,NaN
57.3167,0.01341,-25.593,10.454,0.0,NaN
57.3333,0.01339,-25.594,10.453,0.0,NaN
57.3500,0.01337,-25.595,10.453,0.0,NaN
57.3667,0.01335,-25.595,10.453,0.0,NaN
57.3833,0.01333,-25.596,10.452,0.0,NaN
57.4000,0.01331,-25.596,10.452,0.0,NaN
57.4167,0.01329,-25.597,10.452,0.0,NaN
57.4333,0.01327,-25.598,10.451,0.0,NaN
57.4500,0.01325,-25.598,10.451,0.0,NaN
57.4667,0.01323,-25.599,10.451,0.0,NaN
57.4833,0.01321,-25.600,10.451,0.0,NaN
57.5000,0.01319,-25.600,10.450,0.0,NaN
57.5167,0.01317,-25.601,10.450,0.0,NaN
57.5333,0.01315,-25.602,10.450,0.0,NaN
57.5500,0.01313,-25.602,10.449,0.0,NaN
57.5667,0.01311,-25.603,10.449,0.0,NaN
57.5833,0.01309,-25.603,10.449,0.0,NaN
57.6000,0.01307,-25.604,10.448,0.0,NaN
57.6167,0.01305,-25.605,10.448,0.0,NaN
57.6333,0.01303,-25.605,10.448,0.0,NaN
57.6500,0.01301,-25.606,10.447,0.0,NaN
57.6667,0.01299,-25.607,10.447,0.0,NaN
57.6833,0.01297,-25.607,10.447,0.0,NaN
57.7000,0.01295,-25.608,10.447,0.0,NaN
57.7167,0.01293,-25.608,10.446,0.0,NaN
57.7333,0.01291,-25.609,10.446,0.0,NaN
57.7500,0.01289,-25.610,10.446,0.0,NaN
57.7667,0.01287,-25.610,10.445,0.0,NaN
57.7833,0.01285,-25.611,10.445,0.0,NaN
57.8000,0.01283,-25.612,10.445,0.0,NaN
57.8167,0.01281,-25.612,10.444,0.0,NaN
57.8333,0.01279,-25.613,10.444,0.0,NaN
57.8500,0.01277,-25.613,10.444,0.0,NaN
57.8667,0.01275,-25.614,10.444,0.0,NaN
57.8833,0.01273,-25.615,10.443,0.0,NaN
57.9000,0.01271,-25.615,10.443,0.0,NaN
57.9167,0.01269,-25.616,10.443,0.0,NaN
57.9333,0.01267,-25.616,10.442,0.0,NaN
57.9500,0.01265,-25.617,10.442,0.0,NaN
57.9667,0.01263,-25.618,10.442,0.0,NaN
57.9833,0.01261,-25.618,10.441,0.0,NaN
58.0000,0.01259,-25.619,10.441,0.0,NaN
58.0167,0.01257,-25.619,10.441,0.0,NaN
58.0333,0.01255,-25.620,10.440,0.0,NaN
58.0500,0.01253,-25.621,10.440,0.0,NaN
58.0667,0.01251,-25.621,10.440,0.0,NaN
58.0833,0.01249,-25.622,10.440,0.0,NaN
58.1000,0.01247,-25.623,10.439,0.0,NaN
58.1167,0.01245,-25.623,10.439,0.0,NaN
58.1333,0.01243,-25.624,10.439,0.0,NaN
58.1500,0.01241,-25.624,10.438,0.0,NaN
58.1667,0.01239,-25.625,10.438,0.0,NaN
58.1833,0.01238,-25.626,10.438,0.0,NaN
58.2000,0.01236,-25.626,10.437,0.0,NaN
58.2167,0.01234,-25.627,10.437,0.0,NaN
58.2333,0.01232,-25.627,10.437,0.0,NaN
58.2500,0.01230,-25.628,10.436,0.0,NaN
58.2667,0.01228,-25.629,10.436,0.0,NaN
58.2833,0.01226,-25.629,10.436,0.0,NaN
58.3000,0.01224,-25.630,10.436,0.0,NaN
58.3167,0.01222,-25.630,10.435,0.0,NaN
58.3333,0.01220,-25.631,10.435,0.0,NaN
58.3500,0.01218,-25.632,10.435,0.0,NaN
58.3667,0.01216,-25.632,10.434,0.0,NaN
58.3833,0.01214,-25.633,10.434,0.0,NaN
58.4000,0.01212,-25.633,10.434,0.0,NaN
58.4167,0.01210,-25.634,10.433,0.0,NaN
58.4333,0.01208,-25.635,10.433,0.0,NaN
58.4500,0.01206,-25.635,10.433,0.0,NaN
58.4667,0.01204,-25.636,10.433,0.0,NaN
58.4833,0.01202,-25.636,10.432,0.0,NaN
58.5000,0.01200,-25.637,10.432,0.0,NaN
58.5167,0.01198,-25.638,10.432,0.0,NaN
58.5333,0.01196,-25.638,10.431,0.0,NaN
58.5500,0.01194,-25.639,10.431,0.0,NaN
58.5667,0.01192,-25.639,10.431,0.0,NaN
58.5833,0.01190,-25.640,10.430,0.0,NaN
58.6000,0.01188,-25.640,10.430,0.0,NaN
58.6167,0.01186,-25.641,10.430,0.0,NaN
58.6333,0.01184,-25.642,10.430,0.0,NaN
58.6500,0.01182,-25.642,10.429,0.0,NaN
58.6667,0.01180,-25.643,10.429,0.0,NaN
58.6833,0.01178,-25.643,10.429,0.0,NaN
58.7000,0.01176,-25.644,10.428,0.0,NaN
58.7167,0.01174,-25.645,10.428,0.0,NaN
58.7333,0.01172,-25.645,10.428,0.0,NaN
58.7500,0.01170,-25.646,10.427,0.0,NaN
58.7667,0.01168,-25.646,10.427,0.0,NaN
58.7833,0.01166,-25.647,10.427,0.0,NaN
58.8000,0.01164,-25.648,10.426,0.0,NaN
58.8167,0.01162,-25.648,10.426,0.0,NaN
58.8333,0.01160,-25.649,10.426,0.0,NaN
58.8500,0.01158,-25.649,10.426,0.0,NaN
58.8667,0.01156,-25.650,10.425,0.0,NaN
58.8833,0.01154,-25.651,10.425,0.0,NaN
58.9000,0.01152,-25.651,10.425,0.0,NaN
58.9167,0.01150,-25.652,10.424,0.0,NaN
58.9333,0.01148,-25.652,10.424,0.0,NaN
58.9500,0.01146,-25.653,10.424,0.0,NaN
58.9667,0.01145,-25.653,10.423,0.0,NaN
58.9833,0.01143,-25.654,10.423,0.0,NaN
59.0000,0.01141,-25.655,10.423,0.0,NaN
59.0167,0.01139,-25.655,10.423,0.0,NaN
59.0333,0.01137,-25.656,10.422,0.0,NaN
59.0500,0.01135,-25.656,10.422,0.0,NaN
59.0667,0.01133,-25.657,10.422,0.0,NaN
59.0833,0.01131,-25.658,10.421,0.0,NaN
59.1000,0.01129,-25.658,10.421,0.0,NaN
59.1167,0.01127,-25.659,10.421,0.0,NaN
59.1333,0.01125,-25.659,10.420,0.0,NaN
59.1500,0.01123,-25.660,10.420,0.0,NaN
59.1667,0.01121,-25.661,10.420,0.0,NaN
59.1833,0.01119,-25.661,10.420,0.0,NaN
59.2000,0.01117,-25.662,10.419,0.0,NaN
59.2167,0.01115,-25.662,10.419,0.0,NaN
59.2333,0.01113,-25.663,10.419,0.0,NaN
59.2500,0.01111,-25.663,10.418,0.0,NaN
59.2667,0.01109,-25.664,10.418,0.0,NaN
59.2833,0.01107,-25.665,10.418,0.0,NaN
59.3000,0.01105,-25.665,10.417,0.0,NaN
59.3167,0.01103,-25.666,10.417,0.0,NaN
59.3333,0.01101,-25.666,10.417,0.0,NaN
59.3500,0.01099,-25.667,10.416,0.0,NaN
59.3667,0.01097,-25.668,10.416,0.0,NaN
59.3833,0.01095,-25.668,10.416,0.0,NaN
59.4000,0.01093,-25.669,10.416,0.0,NaN
59.4167,0.01091,-25.669,10.415,0.0,NaN
59.4333,0.01089,-25.670,10.415,0.0,NaN
59.4500,0.01087,-25.670,10.415,0.0,NaN
59.4667,0.01085,-25.671,10.414,0.0,NaN
59.4833,0.01084,-25.672,10.414,0.0,NaN
59.5000,0.01082,-25.672,10.414,0.0,NaN
59.5167,0.01080,-25.673,10.413,0.0,NaN
59.5333,0.01078,-25.673,10.413,0.0,NaN
59.5500,0.01076,-25.674,10.413,0.0,NaN
59.5667,0.01074,-25.674,10.413,0.0,NaN
59.5833,0.01072,-25.675,10.412,0.0,NaN
59.6000,0.01070,-25.676,10.412,0.0,NaN
59.6167,0.01068,-25.676,10.412,0.0,NaN
59.6333,0.01066,-25.677,10.411,0.0,NaN
59.6500,0.01064,-25.677,10.411,0.0,NaN
59.6667,0.01062,-25.678,10.411,0.0,NaN
59.6833,0.01060,-25.679,10.410,0.0,NaN
59.7000,0.01058,-25.679,10.410,0.0,NaN
59.7167,0.01056,-25.680,10.410,0.0,NaN
59.7333,0.01054,-25.680,10.410,0.0,NaN
59.7500,0.01052,-25.681,10.409,0.0,NaN
59.7667,0.01050,-25.681,10.409,0.0,NaN
59.7833,0.01048,-25.682,10.409,0.0,NaN
59.8000,0.01046,-25.683,10.408,0.0,NaN
59.8167,0.01044,-25.683,10.408,0.0,NaN
59.8333,0.01042,-25.684,10.408,0.0,NaN
59.8500,0.01040,-25.684,10.407,0.0,NaN
59.8667,0.01038,-25.685,10.407,0.0,NaN
59.8833,0.01036,-25.685,10.407,0.0,NaN
59.9000,0.01035,-25.686,10.407,0.0,NaN
59.9167,0.01033,-25.687,10.406,0.0,NaN
59.9333,0.01031,-25.687,10.406,0.0,NaN
59.9500,0.01029,-25.688,10.406,0.0,NaN
59.9667,0.01027,-25.688,10.405,0.0,NaN
59.9833,0.01025,-25.689,10.405,0.0,NaN
60.0000,0.01023,-25.689,10.405,0.0,NaN
