t,phase,agl,aglT,V,vs,pitch,bank,e,xt,s,thr,de,dr,flap,offtrack,above,rem,onG,x,z,hdotC,Vc,wK,thC
0.00,ROLL,0.00,1.00,1.99,0.00,9.5,-0.0,-0.2,0.0,396,0.00,0.000,0.022,0.00,,,,3,1,0,,,,
0.10,ROLL,-0.00,1.00,1.99,-0.00,9.5,-0.0,-0.2,0.0,396,0.00,0.000,0.027,0.00,,,,3,1,0,,,,
0.20,ROLL,-0.00,1.00,1.99,-0.00,9.5,-0.0,-0.2,0.0,396,0.00,0.000,0.019,0.00,,,,3,1,0,,,,
0.30,ROLL,-0.00,1.00,1.99,0.00,9.5,-0.0,-0.2,0.0,396,0.00,0.000,0.015,0.00,,,,3,1,0,,,,
0.40,ROLL,-0.00,1.00,1.99,0.00,9.5,-0.0,-0.2,0.0,396,0.00,0.000,0.013,0.00,,,,3,1,0,,,,
0.50,ROLL,-0.00,1.00,1.99,0.01,9.5,0.0,-0.2,0.0,396,1.00,0.000,0.013,0.00,,,,3,1,0,,,,
0.60,ROLL,0.00,1.01,2.17,0.03,9.5,-0.0,-0.2,0.0,396,1.00,0.000,0.018,0.00,,,,3,1,0,,,,
0.70,ROLL,0.01,1.01,2.34,0.00,9.5,-0.0,-0.3,0.0,396,1.00,0.000,0.018,0.00,,,,3,1,0,,,,
0.80,ROLL,0.00,1.01,2.53,-0.02,9.5,-0.1,-0.3,0.0,396,1.00,0.000,0.017,0.00,,,,3,1,0,,,,
0.90,ROLL,0.00,1.01,2.71,-0.00,9.5,-0.1,-0.3,0.0,396,1.00,0.000,0.015,0.00,,,,3,1,0,,,,
1.00,ROLL,0.00,1.01,2.90,0.02,9.5,-0.1,-0.2,0.0,396,1.00,0.000,0.011,0.00,,,,3,1,0,,,,
1.10,ROLL,0.00,1.01,3.10,0.01,9.5,-0.1,-0.2,0.0,396,1.00,0.000,0.013,0.00,,,,3,1,0,,,,
1.20,ROLL,0.00,1.01,3.30,-0.01,9.5,-0.1,-0.2,0.0,395,1.00,0.000,0.014,0.00,,,,3,0,0,,,,
1.30,ROLL,0.00,1.01,3.50,-0.00,9.5,-0.1,-0.2,-0.0,395,1.00,0.000,0.014,0.00,,,,3,0,-0,,,,
1.40,ROLL,0.00,1.01,3.70,0.01,9.5,-0.1,-0.2,-0.0,395,1.00,0.000,0.014,0.00,,,,3,0,-0,,,,
1.50,ROLL,0.00,1.01,3.90,0.01,9.5,-0.0,-0.2,-0.0,395,1.00,0.000,0.013,0.00,,,,3,-0,-0,,,,
1.60,ROLL,0.01,1.01,4.11,-0.00,9.5,-0.0,-0.2,-0.0,395,1.00,0.000,0.012,0.00,,,,3,-0,-0,,,,
1.70,ROLL,0.00,1.01,4.31,-0.00,9.5,0.0,-0.2,-0.0,394,1.00,0.000,0.012,0.00,,,,3,-1,-0,,,,
1.80,ROLL,0.00,1.01,4.52,0.00,9.5,0.0,-0.2,-0.0,394,1.00,0.000,0.011,0.00,,,,3,-1,-0,,,,
1.90,ROLL,0.01,1.01,4.73,0.01,9.5,0.0,-0.2,-0.0,394,1.00,0.000,0.011,0.00,,,,3,-1,-0,,,,
2.00,ROLL,0.01,1.01,4.94,0.00,9.5,0.0,-0.2,-0.0,393,1.00,0.000,0.010,0.00,,,,3,-2,-0,,,,
2.10,ROLL,0.01,1.01,5.15,-0.00,9.5,0.0,-0.2,-0.0,393,1.00,0.000,0.010,0.00,,,,3,-2,-0,,,,
2.20,ROLL,0.01,1.01,5.35,0.00,9.5,0.0,-0.2,-0.0,393,1.00,0.000,0.009,0.00,,,,3,-2,-0,,,,
2.30,ROLL,0.01,1.01,5.56,0.00,9.5,0.0,-0.2,-0.0,392,1.00,0.000,0.009,0.00,,,,3,-3,-0,,,,
2.40,ROLL,0.01,1.01,5.77,0.00,9.5,0.0,-0.2,-0.0,392,1.00,0.000,0.008,0.00,,,,3,-3,-0,,,,
2.50,ROLL,0.01,1.01,5.99,0.00,9.5,0.0,-0.2,-0.0,391,1.00,0.000,0.008,0.00,,,,3,-4,-0,,,,
2.60,ROLL,0.01,1.01,6.20,0.00,9.5,0.1,-0.2,-0.0,391,1.00,0.000,0.007,0.00,,,,3,-4,-0,,,,
2.70,ROLL,0.01,1.01,6.41,0.00,9.5,0.1,-0.2,-0.0,391,1.00,0.000,0.007,0.00,,,,3,-4,-0,,,,
2.80,ROLL,0.01,1.01,6.62,0.00,9.5,0.1,-0.1,-0.0,390,1.00,0.000,0.007,0.00,,,,3,-5,-0,,,,
2.90,ROLL,0.01,1.01,6.83,0.00,9.5,0.1,-0.1,-0.0,390,1.00,0.000,0.006,0.00,,,,3,-5,-0,,,,
3.00,ROLL,0.01,1.01,7.04,0.00,9.5,0.2,-0.1,-0.0,389,1.00,0.000,0.006,0.00,,,,3,-6,-0,,,,
3.10,ROLL,0.01,1.01,7.25,0.00,9.5,0.2,-0.1,-0.0,388,1.00,0.000,0.006,0.00,,,,3,-7,-0,,,,
3.20,ROLL,0.01,1.01,7.46,0.00,9.5,0.2,-0.1,-0.0,388,1.00,0.000,0.005,0.00,,,,3,-7,-0,,,,
3.30,ROLL,0.01,1.01,7.67,0.00,9.5,0.2,-0.1,-0.0,387,1.00,0.000,0.005,0.00,,,,3,-8,-0,,,,
3.40,ROLL,0.01,1.01,7.88,0.00,9.5,0.2,-0.1,-0.0,387,1.00,0.000,0.005,0.00,,,,3,-8,-0,,,,
3.50,ROLL,0.01,1.01,8.09,0.00,9.6,0.3,-0.1,-0.0,386,1.00,0.000,0.005,0.00,,,,3,-9,-0,,,,
3.60,ROLL,0.01,1.01,8.30,0.00,9.6,0.3,-0.1,-0.0,385,1.00,0.000,0.004,0.00,,,,3,-10,-0,,,,
3.70,ROLL,0.01,1.01,8.51,0.00,9.6,0.3,-0.1,-0.0,385,1.00,0.000,0.004,0.00,,,,3,-10,-0,,,,
3.80,ROLL,0.01,1.01,8.71,0.00,9.6,0.3,-0.1,-0.0,384,1.00,0.000,0.004,0.00,,,,3,-11,-0,,,,
3.90,ROLL,0.01,1.01,8.92,0.00,9.6,0.4,-0.1,-0.0,383,1.00,0.000,0.004,0.00,,,,3,-12,-0,,,,
4.00,ROLL,0.01,1.01,9.13,0.00,9.6,0.4,-0.1,-0.0,382,1.00,0.000,0.004,0.00,,,,3,-13,-0,,,,
4.10,ROLL,0.01,1.02,9.34,0.00,9.6,0.4,-0.1,-0.0,382,1.00,0.000,0.004,0.00,,,,3,-13,-0,,,,
4.20,ROLL,0.01,1.02,9.55,0.00,9.6,0.4,-0.1,-0.0,381,1.00,0.000,0.003,0.00,,,,3,-14,-0,,,,
4.30,ROLL,0.01,1.02,9.75,0.00,9.6,0.5,-0.1,-0.0,380,1.00,0.000,0.003,0.00,,,,3,-15,-0,,,,
4.40,ROLL,0.01,1.02,9.96,0.00,9.6,0.5,-0.1,-0.0,379,1.00,0.000,0.003,0.00,,,,3,-16,-0,,,,
4.50,ROLL,0.01,1.02,10.17,0.00,9.6,0.5,-0.1,-0.0,378,1.00,0.000,0.003,0.00,,,,3,-17,-0,,,,
4.60,ROLL,0.01,1.02,10.37,0.00,9.6,0.6,-0.1,-0.0,378,1.00,0.000,0.003,0.00,,,,3,-17,-0,,,,
4.70,ROLL,0.01,1.02,10.58,0.00,9.6,0.6,-0.1,-0.0,377,1.00,0.000,0.003,0.00,,,,3,-18,-0,,,,
4.80,ROLL,0.01,1.02,10.78,0.00,9.6,0.6,-0.1,-0.0,376,1.00,0.000,0.003,0.00,,,,3,-19,-0,,,,
4.90,ROLL,0.01,1.02,10.99,0.00,9.6,0.6,-0.1,-0.0,375,1.00,0.000,0.003,0.00,,,,3,-20,-0,,,,
5.00,ROLL,0.01,1.02,11.19,0.00,9.6,0.7,-0.1,-0.0,374,1.00,0.000,0.003,0.00,,,,3,-21,-0,,,,
5.10,ROLL,0.01,1.02,11.39,0.00,9.6,0.7,-0.1,-0.0,373,1.00,0.000,0.003,0.00,,,,3,-22,-0,,,,
5.20,ROLL,0.02,1.02,11.60,0.00,9.6,0.7,-0.1,-0.0,372,1.00,0.000,0.003,0.00,,,,3,-23,-0,,,,
5.30,ROLL,0.02,1.02,11.80,0.00,9.6,0.7,-0.1,-0.0,371,1.00,0.000,0.003,0.00,,,,3,-24,-0,,,,
5.40,ROLL,0.02,1.02,12.00,0.00,9.6,0.7,-0.1,-0.0,370,1.00,0.000,0.003,0.00,,,,3,-25,-0,,,,
5.50,ROLL,0.02,1.02,12.21,0.00,9.6,0.7,-0.1,-0.0,369,1.00,0.000,0.003,0.00,,,,3,-26,-0,,,,
5.60,ROLL,0.02,1.02,12.41,0.00,9.6,0.7,-0.1,-0.0,368,1.00,0.000,0.003,0.00,,,,3,-27,-0,,,,
5.70,ROLL,0.02,1.02,12.61,0.00,9.6,0.8,-0.1,-0.0,367,1.00,0.000,0.003,0.00,,,,3,-28,-0,,,,
5.80,ROLL,0.02,1.02,12.81,0.00,9.6,0.8,-0.1,-0.0,365,1.00,0.000,0.003,0.00,,,,3,-30,-0,,,,
5.90,ROLL,0.02,1.02,13.01,0.00,9.6,0.8,-0.1,-0.0,364,1.00,0.000,0.003,0.00,,,,3,-31,-0,,,,
6.00,ROLL,0.02,1.02,13.21,0.00,9.6,0.8,-0.1,-0.0,363,1.00,0.000,0.003,0.00,,,,3,-32,-0,,,,
6.10,ROLL,0.02,1.02,13.41,0.00,9.6,0.8,-0.1,-0.0,362,1.00,0.000,0.004,0.00,,,,3,-33,-0,,,,
6.20,ROLL,0.02,1.02,13.61,0.00,9.6,0.8,-0.1,-0.0,361,1.00,0.000,0.006,0.00,,,,3,-34,-0,,,,
6.30,ROLL,0.02,1.02,13.80,0.00,9.6,0.8,-0.1,-0.0,359,1.00,0.000,0.009,0.00,,,,3,-36,-0,,,,
6.40,ROLL,0.02,1.02,14.00,0.00,9.6,0.8,-0.1,-0.0,358,1.00,0.000,0.013,0.00,,,,3,-37,-0,,,,
6.50,ROLL,0.02,1.02,14.20,0.00,9.6,0.8,-0.2,-0.0,357,1.00,0.000,0.019,0.00,,,,3,-38,-0,,,,
6.60,ROLL,0.02,1.03,14.40,0.00,9.6,0.9,-0.3,-0.0,356,1.00,0.000,0.026,0.00,,,,3,-39,-0,,,,
6.70,ROLL,0.02,1.03,14.59,0.00,9.6,0.9,-0.3,-0.0,354,1.00,0.000,0.034,0.00,,,,3,-41,-0,,,,
6.80,ROLL,0.02,1.03,14.79,0.00,9.6,0.9,-0.4,-0.0,353,1.00,0.000,0.042,0.00,,,,3,-42,-0,,,,
6.90,ROLL,0.02,1.03,14.99,0.00,9.6,0.9,-0.5,-0.1,352,1.00,0.000,0.050,0.00,,,,3,-43,-0,,,,
7.00,ROLL,0.02,1.03,15.18,0.00,9.6,0.9,-0.6,-0.1,350,1.00,0.000,0.057,0.00,,,,3,-45,-0,,,,
7.10,ROLL,0.02,1.03,15.38,0.00,9.6,0.9,-0.7,-0.1,349,1.00,0.000,0.064,0.00,,,,3,-46,-0,,,,
7.20,ROLL,0.02,1.03,15.57,0.00,9.7,0.9,-0.9,-0.1,348,1.00,0.000,0.070,0.00,,,,3,-47,-0,,,,
7.30,ROLL,0.02,1.03,15.77,0.00,9.7,1.0,-1.0,-0.1,346,1.00,0.000,0.075,0.00,,,,3,-49,-0,,,,
7.40,ROLL,0.03,1.03,15.96,0.01,9.7,1.0,-1.0,-0.1,345,1.00,0.000,0.079,0.00,,,,3,-50,-0,,,,
7.50,ROLL,0.03,1.03,16.15,0.01,9.6,1.0,-1.1,-0.1,343,1.00,0.000,0.082,0.00,,,,3,-52,-0,,,,
7.60,ROLL,0.03,1.03,16.34,0.01,9.6,1.0,-1.2,-0.2,342,1.00,0.000,0.083,0.00,,,,3,-53,-0,,,,
7.70,ROLL,0.03,1.03,16.53,0.01,9.6,1.0,-1.2,-0.2,340,1.00,0.000,0.082,0.00,,,,3,-55,-0,,,,
7.80,ROLL,0.03,1.03,16.72,0.01,9.4,1.0,-1.3,-0.2,339,1.00,0.000,0.080,0.00,,,,3,-56,-0,,,,
7.90,ROLL,0.03,1.03,16.91,0.01,9.3,1.0,-1.3,-0.2,337,1.00,0.000,0.076,0.00,,,,2,-58,-0,,,,
8.00,ROLL,0.03,1.03,17.10,0.01,9.1,1.0,-1.3,-0.3,336,1.00,0.000,0.072,0.00,,,,2,-59,-0,,,,
8.10,ROLL,0.03,1.04,17.29,0.01,9.0,1.1,-1.3,-0.3,334,1.00,0.000,0.067,0.00,,,,2,-61,-0,,,,
8.20,ROLL,0.03,1.04,17.47,0.01,8.8,1.1,-1.2,-0.3,333,1.00,0.000,0.063,0.00,,,,2,-62,-0,,,,
8.30,ROLL,0.03,1.04,17.66,0.01,8.6,1.1,-1.2,-0.3,331,1.00,0.000,0.060,0.00,,,,2,-64,-0,,,,
8.40,ROLL,0.04,1.04,17.85,0.01,8.4,1.1,-1.2,-0.3,329,1.00,0.000,0.059,0.00,,,,2,-66,-0,,,,
8.50,ROLL,0.04,1.04,18.04,0.01,8.3,1.1,-1.2,-0.3,328,1.00,0.000,0.059,0.00,,,,2,-67,-0,,,,
8.60,ROLL,0.04,1.04,18.23,0.01,8.1,1.1,-1.2,-0.3,326,1.00,0.000,0.061,0.00,,,,2,-69,-0,,,,
8.70,ROLL,0.04,1.04,18.42,0.01,8.0,1.1,-1.2,-0.4,324,1.00,0.000,0.063,0.00,,,,2,-71,-0,,,,
8.80,ROLL,0.04,1.04,18.61,0.01,7.8,1.1,-1.3,-0.4,323,1.00,0.000,0.066,0.00,,,,2,-72,-0,,,,
8.90,ROLL,0.04,1.04,18.80,0.01,7.7,1.1,-1.3,-0.4,321,1.00,0.000,0.069,0.00,,,,2,-74,-0,,,,
9.00,ROLL,0.04,1.05,18.99,0.01,7.5,1.1,-1.4,-0.4,319,1.00,0.000,0.071,0.00,,,,2,-76,-0,,,,
9.10,ROLL,0.04,1.05,19.18,0.01,7.4,1.1,-1.4,-0.4,317,1.00,0.000,0.073,0.00,,,,2,-78,-0,,,,
9.20,ROLL,0.04,1.05,19.37,0.01,7.2,1.1,-1.5,-0.4,316,1.00,0.000,0.096,0.00,,,,2,-79,-0,,,,
9.30,ROLL,0.04,1.05,19.56,0.01,7.0,1.1,-1.5,-0.5,314,1.00,0.000,0.102,0.00,,,,2,-81,-0,,,,
9.40,ROLL,0.05,1.05,19.75,0.01,6.9,1.2,-1.5,-0.5,312,1.00,0.000,0.093,0.00,,,,2,-83,-0,,,,
9.50,ROLL,0.05,1.05,19.93,0.01,6.7,1.2,-1.4,-0.5,310,1.00,0.000,0.062,0.00,,,,2,-85,-0,,,,
9.60,ROLL,0.05,1.05,20.12,0.01,6.6,1.2,-1.4,-0.5,308,1.00,0.000,0.052,0.00,,,,2,-87,-0,,,,
9.70,ROLL,0.05,1.05,20.31,0.01,6.5,1.2,-1.3,-0.5,306,1.00,0.000,0.042,0.00,,,,2,-89,-1,,,,
9.80,ROLL,0.05,1.05,20.49,0.01,6.3,1.2,-1.3,-0.5,305,1.00,0.000,0.052,0.00,,,,2,-90,-1,,,,
9.90,ROLL,0.05,1.05,20.68,0.01,6.2,1.2,-1.3,-0.5,303,1.00,0.000,0.061,0.00,,,,2,-92,-1,,,,
10.00,ROLL,0.05,1.05,20.87,0.01,6.1,1.2,-1.3,-0.5,301,1.00,0.000,0.077,0.00,,,,2,-94,-1,,,,
10.10,ROLL,0.05,1.05,21.06,0.01,6.0,1.2,-1.3,-0.5,299,1.00,0.000,0.082,0.00,,,,2,-96,-1,,,,
10.20,ROLL,0.05,1.06,21.24,0.01,5.9,1.2,-1.4,-0.5,297,1.00,0.000,0.084,0.00,,,,2,-98,-1,,,,
10.30,ROLL,0.05,1.06,21.43,0.01,5.8,1.2,-1.4,-0.5,295,1.00,0.000,0.077,0.00,,,,2,-100,-1,,,,
10.40,ROLL,0.05,1.06,21.61,0.01,5.7,1.2,-1.4,-0.5,293,1.00,0.000,0.072,0.00,,,,2,-102,-1,,,,
10.50,ROLL,0.05,1.06,21.80,0.01,5.6,1.2,-1.4,-0.6,291,1.00,0.000,0.066,0.00,,,,2,-104,-1,,,,
10.60,ROLL,0.05,1.06,21.98,0.01,5.5,1.2,-1.4,-0.6,289,1.00,0.000,0.066,0.00,,,,2,-106,-1,,,,
10.70,ROLL,0.05,1.06,22.17,0.01,5.4,1.2,-1.4,-0.6,287,1.00,0.000,0.067,0.00,,,,2,-108,-1,,,,
10.80,ROLL,0.06,1.06,22.35,0.01,5.4,1.2,-1.4,-0.6,285,1.00,0.000,0.072,0.00,,,,2,-110,-1,,,,
10.90,ROLL,0.06,1.06,22.53,0.00,5.3,1.2,-1.4,-0.6,283,1.00,0.006,0.076,0.00,,,,2,-112,-1,,,,
11.00,ROLL,0.06,1.06,22.72,0.00,5.2,1.2,-1.4,-0.6,280,1.00,0.010,0.078,0.00,,,,2,-115,-1,,,,
11.10,ROLL,0.06,1.06,22.90,0.00,5.2,1.2,-1.5,-0.6,278,1.00,0.012,0.077,0.00,,,,2,-117,-1,,,,
11.20,ROLL,0.06,1.06,23.08,0.00,5.2,1.2,-1.5,-0.6,276,1.00,0.013,0.075,0.00,,,,2,-119,-1,,,,
11.30,ROLL,0.06,1.06,23.26,0.00,5.2,1.2,-1.5,-0.6,274,1.00,0.016,0.073,0.00,,,,2,-121,-1,,,,
11.40,ROLL,0.06,1.06,23.44,0.00,5.3,1.2,-1.5,-0.6,272,1.00,0.019,0.071,0.00,,,,2,-123,-1,,,,
11.50,ROLL,0.06,1.06,23.62,0.00,5.3,1.2,-1.5,-0.6,270,1.00,0.023,0.070,0.00,,,,2,-125,-1,,,,
11.60,ROLL,0.06,1.06,23.80,0.00,5.4,1.2,-1.5,-0.6,267,1.00,0.028,0.070,0.00,,,,2,-128,-1,,,,
11.70,ROLL,0.06,1.06,23.97,0.00,5.4,1.2,-1.5,-0.6,265,1.00,0.032,0.071,0.00,,,,2,-130,-1,,,,
11.80,ROLL,0.06,1.06,24.15,0.00,5.5,1.2,-1.5,-0.6,263,1.00,0.036,0.071,0.00,,,,2,-132,-1,,,,
11.90,ROLL,0.06,1.06,24.33,0.00,5.5,1.2,-1.5,-0.6,261,1.00,0.040,0.072,0.00,,,,2,-134,-1,,,,
12.00,ROLL,0.06,1.06,24.50,0.00,5.6,1.2,-1.5,-0.6,258,1.00,0.044,0.072,0.00,,,,2,-137,-1,,,,
12.10,ROLL,0.06,1.06,24.68,0.00,5.6,1.2,-1.5,-0.6,256,1.00,0.048,0.071,0.00,,,,2,-139,-1,,,,
12.20,ROLL,0.06,1.07,24.85,0.00,5.7,1.2,-1.5,-0.6,254,1.00,0.053,0.070,0.00,,,,2,-141,-1,,,,
12.30,ROLL,0.06,1.07,25.02,0.00,5.8,1.2,-1.5,-0.6,251,1.00,0.057,0.069,0.00,,,,2,-144,-1,,,,
12.40,ROLL,0.06,1.07,25.19,0.00,5.8,1.2,-1.5,-0.6,249,1.00,0.061,0.068,0.00,,,,2,-146,-1,,,,
12.50,ROLL,0.06,1.07,25.36,0.00,5.9,1.2,-1.5,-0.6,247,1.00,0.066,0.068,0.00,,,,2,-148,-1,,,,
12.60,ROLL,0.06,1.07,25.54,0.00,5.9,1.2,-1.5,-0.7,244,1.00,0.070,0.068,0.00,,,,2,-151,-1,,,,
12.70,ROLL,0.06,1.07,25.70,0.01,6.0,1.2,-1.5,-0.7,242,1.00,0.074,0.069,0.00,,,,2,-153,-1,,,,
12.80,ROLL,0.06,1.07,25.87,0.01,6.1,1.2,-1.5,-0.7,239,1.00,0.077,0.069,0.00,,,,2,-156,-1,,,,
12.90,ROLL,0.07,1.07,26.04,0.02,6.1,1.3,-1.5,-0.7,237,1.00,0.081,0.069,0.00,,,,2,-158,-1,,,,
13.00,ROLL,0.07,1.07,26.21,0.02,6.2,1.3,-1.5,-0.7,234,1.00,0.084,0.070,0.00,,,,2,-161,-1,,,,
13.10,ROLL,0.07,1.07,26.37,0.02,6.2,1.3,-1.5,-0.7,232,1.00,0.088,0.071,0.00,,,,2,-163,-1,,,,
13.20,ROLL,0.07,1.08,26.54,0.03,6.3,1.4,-1.5,-0.7,229,1.00,0.092,0.071,0.00,,,,2,-166,-1,,,,
13.30,ROLL,0.07,1.08,26.70,0.03,6.4,1.4,-1.5,-0.7,227,1.00,0.096,0.069,0.00,,,,2,-168,-1,,,,
13.40,ROLL,0.08,1.08,26.87,0.02,6.4,1.5,-1.5,-0.7,224,1.00,0.100,0.068,0.00,,,,2,-171,-1,,,,
13.50,ROLL,0.08,1.08,27.03,0.02,6.5,1.6,-1.5,-0.7,222,1.00,0.103,0.066,0.00,,,,2,-173,-1,,,,
13.60,ROLL,0.08,1.09,27.19,0.02,6.5,1.6,-1.5,-0.7,219,1.00,0.107,0.064,0.00,,,,2,-176,-1,,,,
13.70,ROLL,0.08,1.09,27.35,0.02,6.5,1.7,-1.4,-0.7,217,1.00,0.111,0.064,0.00,,,,1,-178,-1,,,,
13.80,ROLL,0.09,1.09,27.51,0.02,6.6,1.7,-1.4,-0.7,214,1.00,0.114,0.064,0.00,,,,1,-181,-1,,,,
13.90,ROLL,0.09,1.09,27.67,0.02,6.6,1.8,-1.4,-0.7,211,1.00,0.117,0.065,0.00,,,,1,-184,-1,,,,
14.00,ROLL,0.09,1.09,27.83,0.02,6.7,1.9,-1.4,-0.7,209,1.00,0.121,0.067,0.00,,,,1,-186,-1,,,,
14.10,ROLL,0.09,1.10,27.99,0.02,6.7,1.9,-1.4,-0.7,206,1.00,0.124,0.068,0.00,,,,1,-189,-1,,,,
14.20,ROLL,0.09,1.10,28.14,0.02,6.8,2.0,-1.4,-0.7,204,1.00,0.127,0.069,0.00,,,,1,-191,-1,,,,
14.30,ROLL,0.10,1.10,28.30,0.02,6.8,2.0,-1.5,-0.7,201,1.00,0.130,0.072,0.00,,,,1,-194,-1,,,,
14.40,ROLL,0.10,1.10,28.45,0.02,6.9,2.1,-1.5,-0.7,198,1.00,0.134,0.074,0.00,,,,1,-197,-1,,,,
14.50,ROLL,0.10,1.10,28.61,0.04,6.9,2.1,-1.5,-0.7,195,1.00,0.136,0.079,0.00,,,,1,-200,-1,,,,
14.60,ROLL,0.10,1.11,28.76,0.07,7.0,2.1,-1.5,-0.7,193,1.00,0.136,0.081,0.00,,,,1,-202,-1,,,,
14.70,ROLL,0.11,1.12,28.91,0.11,7.0,2.1,-1.5,-0.7,190,1.00,0.137,0.084,0.00,,,,1,-205,-1,,,,
14.80,LIFTOFF,0.12,1.13,29.06,0.15,7.1,2.1,-1.6,-0.7,187,1.00,0.136,0.084,0.00,,,,0,-208,-1,,,,
14.90,LIFTOFF,0.14,1.15,29.21,0.21,7.2,2.1,-0.1,-0.8,184,1.00,0.134,-0.037,0.00,,,,0,-211,-1,,,,
15.00,LIFTOFF,0.17,1.17,29.35,0.27,7.3,1.7,-0.3,-0.8,182,1.00,0.134,-0.018,0.00,,,,0,-213,-1,,,,
15.10,LIFTOFF,0.19,1.20,29.49,0.34,7.4,1.7,-0.6,-0.8,179,1.00,0.134,-0.002,0.00,,,,0,-216,-1,,,,
15.20,LIFTOFF,0.23,1.23,29.63,0.41,7.5,1.4,-1.1,-0.8,176,1.00,0.134,0.005,0.00,,,,0,-219,-1,,,,
15.30,LIFTOFF,0.27,1.28,29.77,0.48,7.5,1.2,-1.6,-0.8,173,1.00,0.131,0.010,0.00,,,,0,-222,-1,,,,
15.40,LIFTOFF,0.32,1.33,29.91,0.56,7.7,0.9,-2.1,-0.9,170,1.00,0.125,0.014,0.00,,,,0,-225,-1,,,,
15.50,LIFTOFF,0.38,1.39,30.04,0.64,7.8,0.7,-2.6,-0.9,168,1.00,0.122,0.016,0.00,,,,0,-227,-1,,,,
15.60,LIFTOFF,0.45,1.45,30.17,0.73,7.9,0.6,-3.1,-0.9,165,1.00,0.124,0.019,0.00,,,,0,-230,-1,,,,
15.70,LIFTOFF,0.53,1.53,30.30,0.81,8.0,0.5,-3.6,-0.9,162,1.00,0.124,0.021,0.00,,,,0,-233,-1,,,,
15.80,LIFTOFF,0.61,1.61,30.42,0.89,8.1,0.3,-3.9,-1.0,159,1.00,0.120,0.023,0.00,,,,0,-236,-1,,,,
15.90,LIFTOFF,0.70,1.71,30.54,0.97,8.2,0.2,-4.2,-1.0,156,1.00,0.115,0.024,0.00,,,,0,-239,-1,,,,
16.00,LIFTOFF,0.80,1.81,30.66,1.06,8.4,0.1,-4.4,-1.0,153,1.00,0.112,0.024,0.00,,,,0,-242,-1,,,,
16.10,LIFTOFF,0.91,1.91,30.78,1.15,8.5,-0.0,-4.4,-1.1,150,1.00,0.108,0.024,0.00,,,,0,-245,-1,,,,
16.20,LIFTOFF,1.03,2.03,30.89,1.24,8.7,-0.1,-4.5,-1.1,147,1.00,0.105,0.023,0.00,,,,0,-248,-1,,,,
16.30,LIFTOFF,1.16,2.16,30.99,1.34,8.8,-0.2,-4.4,-1.2,144,1.00,0.102,0.021,0.00,,,,0,-251,-1,,,,
16.40,LIFTOFF,1.29,2.30,31.10,1.44,9.0,-0.4,-4.3,-1.2,142,1.00,0.099,0.020,0.00,,,,0,-253,-1,,,,
16.50,LIFTOFF,1.44,2.45,31.20,1.55,9.2,-0.5,-4.2,-1.3,139,1.00,0.096,0.018,0.00,,,,0,-256,-1,,,,
16.60,LIFTOFF,1.60,2.60,31.29,1.65,9.3,-0.6,-4.0,-1.3,136,1.00,0.093,0.016,0.00,,,,0,-259,-1,,,,
16.70,LIFTOFF,1.77,2.77,31.39,1.76,9.5,-0.7,-3.9,-1.3,133,1.00,0.088,0.014,0.00,,,,0,-262,-1,,,,
16.80,LIFTOFF,1.95,2.95,31.47,1.88,9.7,-0.7,-3.7,-1.4,130,1.00,0.086,0.013,0.00,,,,0,-265,-1,,,,
16.90,LIFTOFF,2.14,3.14,31.56,1.99,9.9,-0.8,-3.5,-1.4,127,1.00,0.084,0.011,0.00,,,,0,-268,-1,,,,
17.00,LIFTOFF,2.34,3.35,31.64,2.11,10.0,-0.9,-3.4,-1.5,124,1.00,0.081,0.010,0.00,,,,0,-271,-1,,,,
17.10,LIFTOFF,2.56,3.56,31.72,2.22,10.2,-0.9,-3.3,-1.5,121,1.00,0.078,0.009,0.00,,,,0,-274,-2,,,,
17.20,LIFTOFF,2.78,3.79,31.79,2.34,10.4,-0.9,-3.2,-1.5,118,1.00,0.075,0.009,0.00,,,,0,-277,-2,,,,
17.30,LIFTOFF,3.02,4.02,31.86,2.46,10.5,-0.9,-3.1,-1.6,115,1.00,0.072,0.009,0.00,,,,0,-280,-2,,,,
17.40,LIFTOFF,3.27,4.27,31.92,2.57,10.7,-0.9,-3.1,-1.6,112,1.00,0.070,0.009,0.00,,,,0,-283,-2,,,,
17.50,LIFTOFF,3.53,4.54,31.98,2.69,10.9,-0.9,-3.1,-1.6,109,1.00,0.068,0.009,0.00,,,,0,-286,-2,,,,
17.60,LIFTOFF,3.80,4.81,32.04,2.80,11.0,-0.9,-3.1,-1.7,106,1.00,0.066,0.009,0.00,,,,0,-289,-2,,,,
17.70,LIFTOFF,4.09,5.09,32.09,2.92,11.2,-0.9,-3.2,-1.7,103,1.00,0.064,0.010,0.00,,,,0,-292,-2,,,,
17.80,LIFTOFF,4.38,5.39,32.14,3.03,11.3,-0.9,-3.2,-1.7,100,1.00,0.062,0.010,0.00,,,,0,-295,-2,,,,
17.90,LIFTOFF,4.69,5.69,32.19,3.13,11.5,-0.9,-3.3,-1.7,97,1.00,0.060,0.011,0.00,,,,0,-298,-2,,,,
18.00,LIFTOFF,5.01,6.01,32.23,3.24,11.6,-0.8,-3.3,-1.8,94,1.00,0.058,0.012,0.00,,,,0,-301,-2,,,,
18.10,LIFTOFF,5.33,6.34,32.27,3.34,11.8,-0.8,-3.4,-1.8,91,1.00,0.057,0.012,0.00,,,,0,-304,-2,,,,
18.20,LIFTOFF,5.67,6.68,32.31,3.44,11.9,-0.8,-3.4,-1.8,88,1.00,0.056,0.013,0.00,,,,0,-307,-2,,,,
18.30,LIFTOFF,6.02,7.02,32.34,3.53,12.0,-0.8,-3.5,-1.8,85,1.00,0.054,0.013,0.00,,,,0,-310,-2,,,,
18.40,LIFTOFF,6.37,7.38,32.37,3.62,12.1,-0.8,-3.5,-1.8,82,1.00,0.053,0.013,0.00,,,,0,-313,-2,,,,
18.50,LIFTOFF,6.74,7.74,32.40,3.71,12.2,-0.8,-3.5,-1.8,79,1.00,0.052,0.014,0.00,,,,0,-316,-2,,,,
18.60,LIFTOFF,7.11,8.12,32.42,3.79,12.4,-0.8,-3.5,-1.9,76,1.00,0.051,0.014,0.00,,,,0,-319,-2,,,,
18.70,LIFTOFF,7.50,8.50,32.45,3.87,12.5,-0.8,-3.5,-1.9,73,1.00,0.049,0.014,0.00,,,,0,-322,-2,,,,
18.80,LIFTOFF,7.89,8.89,32.47,3.95,12.5,-0.8,-3.5,-1.9,70,1.00,0.048,0.014,0.00,,,,0,-325,-2,,,,
18.90,LIFTOFF,8.28,9.29,32.48,4.02,12.6,-0.8,-3.5,-1.9,67,1.00,0.047,0.014,0.00,,,,0,-328,-2,,,,
19.00,LIFTOFF,8.69,9.69,32.50,4.09,12.7,-0.8,-3.4,-1.9,64,1.00,0.046,0.014,0.00,,,,0,-331,-2,,,,
19.10,LIFTOFF,9.10,10.10,32.51,4.15,12.8,-0.8,-3.4,-1.9,61,1.00,0.045,0.014,0.00,,,,0,-334,-2,,,,
19.20,LIFTOFF,9.52,10.52,32.53,4.21,12.9,-0.8,-3.4,-1.9,58,1.00,0.045,0.013,0.00,,,,0,-337,-2,,,,
19.30,LIFTOFF,9.94,10.94,32.54,4.27,13.0,-0.8,-3.3,-1.9,54,1.00,0.044,0.013,0.00,,,,0,-341,-2,,,,
19.40,LIFTOFF,10.37,11.37,32.55,4.33,13.0,-0.8,-3.3,-1.9,51,1.00,0.043,0.013,0.00,,,,0,-344,-2,,,,
19.50,LIFTOFF,10.80,11.81,32.55,4.38,13.1,-0.8,-3.3,-1.9,48,1.00,0.042,0.013,0.00,,,,0,-347,-2,,,,
19.60,LIFTOFF,11.24,12.25,32.56,4.42,13.1,-0.7,-3.3,-1.9,45,1.00,0.042,0.013,0.00,,,,0,-350,-2,,,,
19.70,LIFTOFF,11.69,12.69,32.56,4.47,13.2,-0.7,-3.2,-1.9,42,1.00,0.041,0.013,0.00,,,,0,-353,-2,,,,
19.80,LIFTOFF,12.13,13.14,32.56,4.51,13.2,-0.7,-3.2,-1.9,39,1.00,0.040,0.013,0.00,,,,0,-356,-2,,,,
19.90,LIFTOFF,12.59,13.59,32.57,4.55,13.3,-0.7,-3.2,-1.9,36,1.00,0.040,0.014,0.00,,,,0,-359,-2,,,,
20.00,LIFTOFF,13.04,14.05,32.57,4.59,13.3,-0.7,-3.2,-1.9,33,1.00,0.039,0.014,0.00,,,,0,-362,-2,,,,
20.10,LIFTOFF,13.50,14.51,32.56,4.62,13.4,-0.7,-3.2,-1.9,30,1.00,0.038,0.014,0.00,,,,0,-365,-2,,,,
20.20,LIFTOFF,13.96,14.97,32.56,4.65,13.4,-0.7,-3.2,-1.9,27,1.00,0.038,0.014,0.00,,,,0,-368,-2,,,,
20.30,LIFTOFF,14.43,15.43,32.56,4.68,13.5,-0.6,-3.2,-1.8,24,1.00,0.037,0.014,0.00,,,,0,-371,-2,,,,
20.40,LIFTOFF,14.90,15.90,32.56,4.70,13.5,-0.6,-3.2,-1.8,21,1.00,0.037,0.014,0.00,,,,0,-374,-2,,,,
20.50,LIFTOFF,15.37,16.37,32.55,4.73,13.5,-0.6,-3.2,-1.8,18,1.00,0.036,0.014,0.00,,,,0,-377,-2,,,,
20.60,LIFTOFF,15.84,16.85,32.55,4.75,13.5,-0.6,-3.2,-1.8,15,1.00,0.036,0.015,0.00,,,,0,-380,-2,,,,
20.70,LIFTOFF,16.32,17.32,32.54,4.77,13.6,-0.6,-3.2,-1.8,12,1.00,0.036,0.015,0.00,,,,0,-383,-2,,,,
20.80,LIFTOFF,16.80,17.80,32.53,4.78,13.6,-0.6,-3.2,-1.8,9,1.00,0.035,0.015,0.00,,,,0,-386,-2,,,,
20.90,LIFTOFF,17.28,18.28,32.53,4.80,13.6,-0.6,-3.2,-1.7,6,1.00,0.035,0.015,0.00,,,,0,-389,-2,,,,
21.00,LIFTOFF,17.76,18.76,32.52,4.81,13.6,-0.5,-3.1,-1.7,3,1.00,0.035,0.015,0.00,,,,0,-392,-2,,,,
21.10,LIFTOFF,18.24,19.24,32.51,4.82,13.6,-0.5,-3.1,-1.7,0,1.00,0.034,0.015,0.00,,,,0,-395,-2,,,,
21.20,LIFTOFF,18.72,19.72,32.50,4.83,13.6,-0.5,-3.1,-1.7,-3,1.00,0.034,0.015,0.00,,,,0,-398,-2,,,,
21.30,CLIMB,19.20,20.21,32.49,4.84,13.7,-0.5,-3.1,-1.7,-6,0.95,0.049,0.015,0.00,,,,0,-401,-2,4.48,30.1,1.00,0.187
21.40,CLIMB,19.69,20.69,32.47,4.84,13.7,-0.5,-3.1,-1.6,-9,0.95,0.046,0.015,0.00,,,,0,-404,-2,4.48,30.1,1.00,0.187
21.50,CLIMB,20.17,21.17,32.45,4.86,13.9,-0.5,-3.1,-1.6,-12,0.96,0.036,0.015,0.00,,,,0,-407,-2,4.48,30.1,1.00,0.187
21.60,CLIMB,20.66,21.66,32.43,4.89,14.0,-0.4,-3.1,-1.6,-15,0.96,0.035,0.015,0.00,,,,0,-410,-2,4.48,30.1,1.00,0.187
21.70,CLIMB,21.15,22.15,32.41,4.92,14.0,-0.4,-3.1,-1.5,-18,0.96,0.038,0.015,0.00,,,,0,-413,-2,4.48,30.1,1.00,0.187
21.80,CLIMB,21.64,22.64,32.38,4.94,14.1,-0.4,-3.0,-1.5,-21,0.96,0.039,0.015,0.00,,,,0,-416,-2,4.48,30.1,1.00,0.187
21.90,CLIMB,22.13,23.14,32.36,4.96,14.1,-0.4,-3.0,-1.5,-23,0.96,0.039,0.015,0.00,,,,0,-418,-1,4.48,30.1,1.00,0.187
22.00,CLIMB,22.63,23.64,32.33,4.98,14.2,-0.4,-3.0,-1.5,-26,0.96,0.038,0.016,0.00,,,,0,-421,-1,4.48,30.1,1.00,0.187
22.10,CLIMB,23.13,24.13,32.31,5.01,14.2,-0.4,-3.0,-1.4,-29,0.96,0.037,0.016,0.00,,,,0,-424,-1,4.48,30.1,1.00,0.187
22.20,CLIMB,23.63,24.64,32.29,5.03,14.2,-0.3,-3.0,-1.4,-32,0.97,0.037,0.016,0.00,,,,0,-427,-1,4.48,30.1,1.00,0.187
22.30,CLIMB,24.14,25.14,32.26,5.04,14.3,-0.3,-3.0,-1.3,-35,0.97,0.036,0.016,0.00,,,,0,-430,-1,4.48,30.1,1.00,0.187
22.40,CLIMB,24.64,25.64,32.24,5.06,14.3,-0.3,-3.0,-1.3,-38,0.97,0.036,0.016,0.00,,,,0,-433,-1,4.48,30.1,1.00,0.187
22.50,CLIMB,25.15,26.15,32.21,5.07,14.3,-0.3,-3.0,-1.3,-41,0.97,0.036,0.016,0.00,,,,0,-436,-1,4.48,30.1,1.00,0.187
22.60,CLIMB,25.65,26.66,32.19,5.09,14.4,-0.3,-3.0,-1.2,-44,0.97,0.035,0.016,0.00,,,,0,-439,-1,4.48,30.1,1.00,0.187
22.70,CLIMB,26.16,27.17,32.16,5.10,14.4,-0.2,-3.0,-1.2,-47,0.97,0.035,0.016,0.00,,,,0,-442,-1,4.48,30.1,1.00,0.187
22.80,CLIMB,26.67,27.68,32.14,5.11,14.4,-0.2,-2.9,-1.2,-50,0.98,0.034,0.016,0.00,,,,0,-445,-1,4.48,30.1,1.00,0.187
22.90,CLIMB,27.19,28.19,32.11,5.12,14.4,-0.2,-2.9,-1.1,-53,0.98,0.034,0.016,0.00,,,,0,-448,-1,4.48,30.1,1.00,0.187
23.00,CLIMB,27.70,28.70,32.09,5.12,14.5,-0.2,-2.9,-1.1,-56,0.98,0.033,0.016,0.00,,,,0,-451,-1,4.48,30.1,1.00,0.187
23.10,CLIMB,28.21,29.21,32.06,5.13,14.5,-0.2,-2.9,-1.0,-59,0.98,0.033,0.016,0.00,,,,0,-454,-1,4.48,30.1,1.00,0.187
23.20,CLIMB,28.72,29.73,32.04,5.13,14.5,-0.2,-2.9,-1.0,-62,0.98,0.033,0.016,0.00,,,,0,-457,-1,4.48,30.1,1.00,0.187
23.30,CLIMB,29.24,30.24,32.01,5.14,14.5,-0.1,-2.9,-1.0,-65,0.98,0.032,0.017,0.00,,,,0,-460,-1,4.48,30.1,1.00,0.187
23.40,CLIMB,29.75,30.75,31.99,5.14,14.5,-0.1,-2.9,-0.9,-68,0.99,0.032,0.017,0.00,,,,0,-463,-1,4.48,30.1,1.00,0.187
23.50,CLIMB,30.26,31.27,31.97,5.14,14.5,-0.1,-2.9,-0.9,-71,0.99,0.031,0.017,0.00,,,,0,-466,-1,4.48,30.1,1.00,0.187
23.60,CLIMB,30.78,31.78,31.94,5.14,14.5,-0.1,-2.9,-0.8,-74,0.99,0.031,0.017,0.00,,,,0,-469,-1,4.48,30.1,1.00,0.187
23.70,CLIMB,31.29,32.30,31.92,5.14,14.5,-0.1,-2.9,-0.8,-76,0.99,0.031,0.017,0.00,,,,0,-471,-1,4.48,30.1,1.01,0.187
23.80,CLIMB,31.81,32.81,31.90,5.14,14.6,-0.0,-2.9,-0.7,-79,0.99,0.030,0.017,0.00,,,,0,-474,-1,4.48,30.1,1.06,0.187
23.90,CLIMB,32.32,33.32,31.88,5.14,14.6,-0.0,-2.9,-0.7,-82,0.99,0.030,0.017,0.00,,,,0,-477,-1,4.48,30.1,1.11,0.187
24.00,CLIMB,32.83,33.84,31.86,5.14,14.6,-0.0,-2.9,-0.6,-85,0.99,0.029,0.017,0.00,,,,0,-480,-1,4.48,30.1,1.16,0.187
24.10,CLIMB,33.35,34.35,31.83,5.14,14.6,0.0,-2.9,-0.6,-88,1.00,0.029,0.017,0.00,,,,0,-483,-1,4.48,30.1,1.21,0.187
24.20,CLIMB,33.86,34.87,31.81,5.13,14.6,0.0,-2.9,-0.6,-91,1.00,0.028,0.017,0.00,,,,0,-486,-1,4.48,30.1,1.26,0.187
24.30,CLIMB,34.38,35.38,31.79,5.13,14.6,0.0,-2.9,-0.5,-94,1.00,0.028,0.017,0.00,,,,0,-489,-1,4.48,30.1,1.31,0.187
24.40,CLIMB,34.89,35.89,31.77,5.13,14.6,0.1,-2.9,-0.5,-97,1.00,0.027,0.017,0.00,,,,0,-492,-0,4.48,30.1,1.36,0.187
24.50,CLIMB,35.40,36.40,31.75,5.13,14.6,0.1,-2.8,-0.4,-100,1.00,0.027,0.017,0.00,,,,0,-495,-0,4.48,30.1,1.41,0.187
24.60,CLIMB,35.91,36.92,31.73,5.12,14.6,0.1,-2.8,-0.4,-103,1.00,0.026,0.017,0.00,,,,0,-498,-0,4.48,30.1,1.46,0.187
24.70,CLIMB,36.43,37.43,31.71,5.12,14.6,0.1,-2.8,-0.3,-105,1.00,0.026,0.017,0.00,,,,0,-500,-0,4.48,30.1,1.51,0.187
24.80,CLIMB,36.94,37.94,31.69,5.12,14.6,0.1,-2.8,-0.3,-108,1.00,0.025,0.017,0.00,,,,0,-503,-0,4.48,30.1,1.56,0.187
24.90,CLIMB,37.45,38.45,31.67,5.11,14.6,0.1,-2.8,-0.2,-111,1.00,0.025,0.017,0.00,,,,0,-506,-0,4.48,30.1,1.61,0.187
25.00,CLIMB,37.96,38.96,31.65,5.11,14.6,0.2,-2.8,-0.2,-114,1.00,0.024,0.017,0.00,,,,0,-509,-0,4.48,30.1,1.66,0.187
25.10,CLIMB,38.47,39.47,31.63,5.11,14.6,0.2,-2.8,-0.1,-117,1.00,0.000,0.018,0.00,,,,0,-512,-0,4.48,33.1,1.71,0.132
25.20,CLIMB,38.98,39.99,31.62,5.10,14.5,0.2,-2.8,-0.1,-120,1.00,0.000,0.018,0.00,,,,0,-515,-0,4.48,33.1,1.76,0.127
25.30,CLIMB,39.49,40.49,31.60,5.06,14.2,0.2,-2.8,-0.0,-123,1.00,0.000,0.018,0.00,,,,0,-518,-0,4.48,33.1,1.81,0.123
25.40,CLIMB,39.99,41.00,31.59,5.00,14.0,0.2,-2.8,0.0,-126,1.00,0.005,0.018,0.00,,,,0,-521,0,4.48,33.1,1.86,0.119
25.50,CLIMB,40.49,41.50,31.58,4.91,13.7,0.2,-2.8,0.1,-128,1.00,0.005,0.018,0.00,,,,0,-523,0,4.48,33.1,1.91,0.115
25.60,CLIMB,40.98,41.98,31.57,4.83,13.5,0.3,-2.8,0.1,-131,1.00,0.002,0.018,0.00,,,,0,-526,0,4.48,33.1,1.96,0.112
25.70,CLIMB,41.46,42.46,31.56,4.73,13.3,0.3,-2.8,0.1,-134,1.00,0.000,0.018,0.00,,,,0,-529,0,4.48,33.1,2.00,-0.034
25.80,CLIMB,41.93,42.93,31.56,4.64,13.1,0.3,-2.9,0.2,-137,1.00,0.000,0.018,0.00,,,,0,-532,0,4.48,33.1,2.00,-0.035
25.90,CLIMB,42.39,43.39,31.57,4.53,12.9,0.3,-2.9,0.2,-140,1.00,0.000,0.018,0.00,,,,0,-535,0,4.48,33.1,2.00,-0.035
26.00,CLIMB,42.84,43.84,31.57,4.42,12.6,0.3,-2.9,0.3,-143,1.00,0.000,0.018,0.00,,,,0,-538,0,4.48,33.1,2.00,-0.035
26.10,CLIMB,43.28,44.28,31.58,4.30,12.4,0.3,-2.9,0.3,-146,1.00,0.000,0.018,0.00,,,,0,-541,0,4.48,33.1,2.00,-0.035
26.20,CLIMB,43.70,44.71,31.60,4.18,12.1,0.3,-2.9,0.4,-149,1.00,0.000,0.018,0.00,,,,0,-544,0,4.48,33.1,2.00,-0.034
26.30,CLIMB,44.12,45.12,31.61,4.06,11.8,0.3,-2.9,0.4,-152,1.00,0.000,0.018,0.00,,,,0,-547,0,4.48,33.1,2.00,-0.033
26.40,CLIMB,44.52,45.52,31.63,3.93,11.6,0.3,-2.9,0.5,-154,1.00,0.000,0.018,0.00,,,,0,-549,0,4.48,33.1,2.00,-0.031
26.50,CLIMB,44.91,45.91,31.66,3.80,11.3,0.4,-2.9,0.5,-157,1.00,0.000,0.018,0.00,,,,0,-552,1,4.48,33.1,2.00,-0.029
26.60,CLIMB,45.28,46.29,31.69,3.66,11.0,0.4,-2.9,0.6,-160,1.00,0.000,0.018,0.00,,,,0,-555,1,4.48,33.1,2.00,-0.026
26.70,CLIMB,45.64,46.65,31.72,3.53,10.8,0.4,-2.9,0.6,-163,1.00,0.000,0.018,0.00,,,,0,-558,1,4.48,33.1,2.00,-0.023
26.80,CLIMB,45.99,47.00,31.76,3.39,10.5,0.4,-2.9,0.6,-166,1.00,0.000,0.018,0.00,,,,0,-561,1,4.48,33.1,2.00,-0.019
26.90,CLIMB,46.33,47.33,31.80,3.26,10.2,0.4,-2.9,0.7,-169,1.00,0.000,0.018,0.00,,,,0,-564,1,4.48,33.1,2.00,-0.015
27.00,CLIMB,46.65,47.65,31.85,3.12,9.9,0.4,-2.9,0.7,-172,1.00,0.000,0.018,0.00,,,,0,-567,1,4.48,33.1,2.00,-0.010
27.10,CLIMB,46.96,47.96,31.90,2.98,9.6,0.4,-2.9,0.8,-175,1.00,0.000,0.018,0.00,,,,0,-570,1,4.48,33.1,2.00,-0.005
27.20,CLIMB,47.25,48.25,31.95,2.84,9.4,0.4,-2.9,0.8,-178,1.00,0.000,0.018,0.00,,,,0,-573,1,4.48,33.1,2.00,0.001
27.30,CLIMB,47.53,48.53,32.01,2.70,9.1,0.4,-2.9,0.8,-181,1.00,0.000,0.018,0.00,,,,0,-576,1,4.48,33.1,2.00,0.007
27.40,CLIMB,47.79,48.80,32.07,2.56,8.8,0.4,-2.9,0.9,-184,1.00,0.000,0.018,0.00,,,,0,-579,1,4.48,33.1,2.00,0.014
27.50,CLIMB,48.05,49.05,32.14,2.42,8.5,0.4,-2.9,0.9,-187,1.00,0.000,0.018,0.00,,,,0,-582,1,4.48,33.1,1.98,0.162
27.60,CLIMB,48.28,49.29,32.21,2.27,8.3,0.4,-2.9,1.0,-190,1.00,0.046,0.018,0.00,,,,0,-585,1,4.48,33.1,1.93,0.172
27.70,CLIMB,48.51,49.51,32.28,2.13,8.3,0.4,-2.9,1.0,-192,1.00,0.067,0.018,0.00,,,,0,-587,1,4.48,33.1,1.88,0.183
27.80,CLIMB,48.72,49.72,32.35,2.06,8.6,0.4,-2.9,1.0,-195,1.00,0.065,0.018,0.00,,,,0,-590,1,4.48,33.1,1.83,0.187
27.90,CLIMB,48.92,49.93,32.42,2.09,9.1,0.4,-2.9,1.1,-198,1.00,0.031,0.018,0.00,,,,0,-593,1,4.48,33.1,1.78,0.187
28.00,CLIMB,49.13,50.14,32.48,2.17,9.4,0.4,-3.0,1.1,-201,1.00,0.030,0.018,0.00,,,,0,-596,1,4.48,33.1,1.73,0.187
28.10,CLIMB,49.35,50.36,32.54,2.26,9.6,0.4,-3.0,1.1,-204,1.00,0.043,0.018,0.00,,,,0,-599,1,4.48,33.1,1.68,0.187
28.20,CLIMB,49.58,50.59,32.59,2.34,9.7,0.4,-3.0,1.2,-207,1.00,0.050,0.018,0.00,,,,0,-602,1,4.48,33.1,1.63,0.187
28.30,CLIMB,49.82,50.82,32.65,2.43,9.9,0.4,-3.0,1.2,-210,1.00,0.048,0.018,0.00,,,,0,-605,1,4.48,33.1,1.58,0.187
28.40,CLIMB,50.06,51.07,32.70,2.53,10.1,0.4,-3.0,1.2,-213,1.00,0.045,0.018,0.00,,,,0,-608,1,4.48,33.1,1.53,0.187
28.50,CLIMB,50.32,51.32,32.74,2.63,10.2,0.4,-3.0,1.2,-216,1.00,0.044,0.018,0.00,,,,0,-611,1,4.48,33.1,1.48,0.187
28.60,CLIMB,50.59,51.59,32.79,2.73,10.4,0.4,-3.0,1.3,-219,1.00,0.044,0.018,0.00,,,,0,-614,1,4.48,33.1,1.43,0.187
28.70,CLIMB,50.86,51.87,32.83,2.82,10.5,0.5,-3.0,1.3,-222,1.00,0.044,0.018,0.00,,,,0,-617,1,4.48,33.1,1.38,0.187
28.80,CLIMB,51.15,52.15,32.86,2.91,10.6,0.5,-3.0,1.3,-225,1.00,0.044,0.018,0.00,,,,0,-620,1,4.48,33.1,1.33,0.187
28.90,CLIMB,51.44,52.45,32.90,3.00,10.7,0.5,-3.0,1.3,-229,1.00,0.043,0.018,0.00,,,,0,-624,1,4.48,33.1,1.28,0.187
29.00,CLIMB,51.75,52.75,32.93,3.09,10.8,0.5,-3.0,1.4,-232,1.00,0.042,0.018,0.00,,,,0,-627,1,4.48,33.1,1.23,0.187
29.10,CLIMB,52.06,53.06,32.96,3.18,10.9,0.5,-3.1,1.4,-235,1.00,0.041,0.018,0.00,,,,0,-630,1,4.48,33.1,1.18,0.187
29.20,CLIMB,52.38,53.38,32.99,3.25,11.0,0.5,-3.1,1.4,-238,1.00,0.041,0.018,0.00,,,,0,-633,1,4.48,33.1,1.13,0.187
29.30,CLIMB,52.71,53.71,33.02,3.33,11.1,0.5,-3.1,1.4,-241,1.00,0.040,0.018,0.00,,,,0,-636,1,4.48,33.1,1.08,0.187
29.40,CLIMB,53.04,54.05,33.04,3.40,11.2,0.5,-3.1,1.5,-244,1.00,0.039,0.017,0.00,,,,0,-639,1,4.48,33.1,1.03,0.187
29.50,CLIMB,53.38,54.39,33.06,3.47,11.3,0.5,-3.1,1.5,-247,1.00,0.038,0.017,0.00,,,,0,-642,1,4.48,33.1,1.00,0.187
29.60,CLIMB,53.73,54.74,33.08,3.54,11.4,0.5,-3.1,1.5,-250,1.00,0.038,0.017,0.00,,,,0,-645,2,4.48,33.1,1.00,0.187
29.70,CLIMB,54.09,55.09,33.10,3.60,11.4,0.5,-3.1,1.5,-253,1.00,0.037,0.017,0.00,,,,0,-648,2,4.48,33.1,1.00,0.187
29.80,CLIMB,54.45,55.45,33.12,3.66,11.5,0.5,-3.1,1.5,-256,1.00,0.037,0.018,0.00,,,,0,-651,2,4.48,33.1,1.00,0.187
29.90,CLIMB,54.82,55.82,33.14,3.71,11.6,0.5,-3.2,1.6,-259,1.00,0.036,0.018,0.00,,,,0,-654,2,4.48,33.1,1.00,0.187
30.00,CLIMB,55.19,56.20,33.15,3.76,11.6,0.5,-3.2,1.6,-262,1.00,0.036,0.018,0.00,,,,0,-657,2,4.48,33.1,1.00,0.187
30.10,CLIMB,55.57,56.57,33.16,3.81,11.7,0.5,-3.2,1.6,-265,1.00,0.035,0.018,0.00,,,,0,-660,2,4.48,33.1,1.00,0.187
30.20,CLIMB,55.95,56.96,33.18,3.86,11.8,0.5,-3.2,1.6,-268,1.00,0.035,0.018,0.00,,,,0,-663,2,4.48,33.1,1.00,0.187
30.30,CLIMB,56.34,57.34,33.19,3.90,11.8,0.5,-3.2,1.6,-271,1.00,0.034,0.018,0.00,,,,0,-666,2,4.48,33.1,1.00,0.187
30.40,CLIMB,56.73,57.73,33.20,3.94,11.9,0.5,-3.2,1.6,-274,1.00,0.034,0.018,0.00,,,,0,-669,2,4.48,33.1,1.00,0.187
30.50,CLIMB,57.13,58.13,33.20,3.98,11.9,0.5,-3.2,1.6,-277,1.00,0.034,0.018,0.00,,,,0,-672,2,4.48,33.1,1.00,0.187
30.60,CLIMB,57.53,58.53,33.21,4.02,11.9,0.5,-3.3,1.7,-280,1.00,0.033,0.018,0.00,,,,0,-675,2,4.48,33.1,1.00,0.187
30.70,CLIMB,57.93,58.93,33.22,4.05,12.0,0.5,-3.3,1.7,-283,1.00,0.033,0.018,0.00,,,,0,-678,2,4.48,33.1,1.00,0.187
30.80,CLIMB,58.34,59.34,33.23,4.08,12.0,0.5,-3.3,1.7,-286,1.00,0.032,0.018,0.00,,,,0,-681,2,4.48,33.1,1.00,0.187
30.90,CLIMB,58.74,59.75,33.23,4.11,12.1,0.5,-3.3,1.7,-289,1.00,0.032,0.018,0.00,,,,0,-684,2,4.48,33.1,1.00,0.187
31.00,CLIMB,59.16,60.16,33.24,4.14,12.1,0.5,-3.3,1.7,-292,1.00,0.032,0.018,0.00,,,,0,-687,2,4.48,33.1,1.00,0.187
31.10,CLIMB,59.57,60.58,33.24,4.17,12.1,0.5,-3.3,1.7,-295,1.00,0.032,0.018,0.00,,,,0,-690,2,4.48,33.1,1.00,0.187
31.20,CLIMB,59.99,60.99,33.24,4.19,12.1,0.5,-3.3,1.7,-298,1.00,0.031,0.018,0.00,,,,0,-693,2,4.48,33.1,1.00,0.187
31.30,CLIMB,60.41,61.41,33.24,4.21,12.2,0.5,-3.4,1.7,-301,1.00,0.031,0.018,0.00,,,,0,-696,2,4.48,33.1,1.00,0.187
31.40,CLIMB,60.83,61.84,33.25,4.23,12.2,0.5,-3.4,1.7,-304,1.00,0.031,0.018,0.00,,,,0,-699,2,4.48,33.1,1.00,0.187
31.50,CLIMB,61.26,62.26,33.25,4.25,12.2,0.5,-3.4,1.7,-307,1.00,0.031,0.018,0.00,,,,0,-702,2,4.48,33.1,1.00,0.187
31.60,CLIMB,61.68,62.69,33.25,4.27,12.2,0.5,-3.4,1.7,-311,1.00,0.030,0.018,0.00,,,,0,-706,2,4.48,33.1,1.00,0.187
31.70,CLIMB,62.11,63.11,33.25,4.29,12.3,0.5,-3.4,1.8,-314,1.00,0.030,0.018,0.00,,,,0,-709,2,4.48,33.1,1.00,0.187
31.80,CLIMB,62.54,63.54,33.25,4.30,12.3,0.5,-3.4,1.8,-317,1.00,0.030,0.018,0.00,,,,0,-712,2,4.48,33.1,1.00,0.187
31.90,CLIMB,62.97,63.97,33.25,4.32,12.3,0.5,-3.5,1.8,-320,1.00,0.030,0.018,0.00,,,,0,-715,2,4.48,33.1,1.00,0.187
32.00,CLIMB,63.40,64.41,33.25,4.33,12.3,0.5,-3.5,1.8,-323,1.00,0.030,0.018,0.00,,,,0,-718,2,4.48,33.1,1.00,0.187
32.10,CLIMB,63.83,64.84,33.25,4.34,12.3,0.5,-3.5,1.8,-326,1.00,0.029,0.018,0.00,,,,0,-721,2,4.48,33.1,1.00,0.187
32.20,CLIMB,64.27,65.27,33.25,4.35,12.3,0.5,-3.5,1.8,-329,1.00,0.029,0.018,0.00,,,,0,-724,2,4.48,33.1,1.00,0.187
32.30,CLIMB,64.70,65.71,33.25,4.36,12.3,0.5,-3.5,1.8,-332,1.00,0.029,0.018,0.00,,,,0,-727,2,4.48,33.1,1.00,0.187
32.40,CLIMB,65.14,66.14,33.25,4.37,12.3,0.5,-3.5,1.8,-335,1.00,0.029,0.018,0.00,,,,0,-730,2,4.48,33.1,1.00,0.187
32.50,CLIMB,65.58,66.58,33.24,4.38,12.4,0.5,-3.5,1.8,-338,1.00,0.029,0.018,0.00,,,,0,-733,2,4.48,33.1,1.00,0.187
32.60,CLIMB,66.02,67.02,33.24,4.38,12.4,0.5,-3.6,1.8,-341,1.00,0.029,0.018,0.00,,,,0,-736,2,4.48,33.1,1.00,0.187
32.70,CLIMB,66.45,67.46,33.24,4.39,12.4,0.5,-3.6,1.8,-344,1.00,0.029,0.018,0.00,,,,0,-739,2,4.48,33.1,1.00,0.187
32.80,CLIMB,66.89,67.90,33.24,4.39,12.4,0.5,-3.6,1.8,-347,1.00,0.028,0.018,0.00,,,,0,-742,2,4.48,33.1,1.00,0.187
32.90,CLIMB,67.33,68.34,33.24,4.40,12.4,0.5,-3.6,1.8,-350,1.00,0.028,0.018,0.00,,,,0,-745,2,4.48,33.1,1.00,0.187
33.00,CLIMB,67.77,68.78,33.23,4.40,12.4,0.5,-3.6,1.8,-353,1.00,0.028,0.018,0.00,,,,0,-748,2,4.48,33.1,1.00,0.187
33.10,CLIMB,68.21,69.22,33.23,4.41,12.4,0.5,-3.6,1.8,-356,1.00,0.028,0.018,0.00,,,,0,-751,2,4.48,33.1,1.00,0.187
33.20,CLIMB,68.65,69.66,33.23,4.41,12.4,0.5,-3.7,1.7,-359,1.00,0.028,0.018,0.00,,,,0,-754,2,4.48,33.1,1.00,0.187
33.30,CLIMB,69.10,70.10,33.23,4.41,12.4,0.5,-3.7,1.7,-362,1.00,0.028,0.018,0.00,,,,0,-757,2,4.48,33.1,1.00,0.187
33.40,CLIMB,69.54,70.54,33.22,4.41,12.4,0.5,-3.7,1.7,-365,1.00,0.028,0.018,0.00,,,,0,-760,2,4.48,33.1,1.00,0.187
33.50,CLIMB,69.98,70.98,33.22,4.41,12.4,0.5,-3.7,1.7,-368,1.00,0.028,0.018,0.00,,,,0,-763,2,4.48,33.1,1.00,0.187
33.60,CLIMB,70.42,71.42,33.22,4.41,12.4,0.5,-3.7,1.7,-371,1.00,0.028,0.018,0.00,,,,0,-766,2,4.48,33.1,1.00,0.187
33.70,CLIMB,70.86,71.86,33.22,4.41,12.4,0.5,-3.7,1.7,-374,1.00,0.028,0.018,0.00,,,,0,-769,2,4.48,33.1,1.00,0.187
33.80,CLIMB,71.30,72.31,33.21,4.41,12.4,0.5,-3.7,1.7,-377,1.00,0.028,0.018,0.00,,,,0,-772,2,4.48,33.1,1.00,0.187
33.90,CLIMB,71.74,72.75,33.21,4.41,12.4,0.5,-3.8,1.7,-380,1.00,0.027,0.018,0.00,,,,0,-775,2,4.48,33.1,1.00,0.187
34.00,CLIMB,72.18,73.19,33.21,4.41,12.4,0.5,-3.8,1.7,-383,1.00,0.027,0.018,0.00,,,,0,-778,2,4.48,33.1,1.00,0.187
34.10,CLIMB,72.63,73.63,33.21,4.41,12.4,0.5,-3.8,1.7,-386,1.00,0.027,0.018,0.00,,,,0,-781,2,4.48,33.1,1.00,0.187
34.20,CLIMB,73.07,74.07,33.20,4.41,12.4,0.5,-3.8,1.7,-389,1.00,0.027,0.018,0.00,,,,0,-784,2,4.48,33.1,1.00,0.187
34.30,CLIMB,73.51,74.51,33.20,4.41,12.4,0.4,-3.8,1.7,-392,1.00,0.027,0.018,0.00,,,,0,-787,2,4.48,33.1,1.00,0.187
34.40,CLIMB,73.95,74.95,33.20,4.41,12.4,0.4,-3.8,1.6,-395,1.00,0.027,0.018,0.00,,,,0,-790,2,4.48,33.1,1.00,0.187
34.50,CLIMB,74.39,75.39,33.20,4.40,12.4,0.4,-3.9,1.6,-398,1.00,0.027,0.018,0.00,,,,0,-793,2,4.48,33.1,1.00,0.187
34.60,CLIMB,74.83,75.83,33.19,4.40,12.4,0.4,-3.9,1.6,-401,1.00,0.027,0.018,0.00,,,,0,-796,2,4.48,33.1,1.00,0.187
34.70,CLIMB,75.27,76.27,33.19,4.40,12.4,0.4,-3.9,1.6,-405,1.00,0.027,0.018,0.00,,,,0,-800,2,4.48,33.1,1.00,0.187
34.80,CLIMB,75.71,76.71,33.19,4.40,12.3,0.4,-3.9,1.6,-408,1.00,0.027,0.018,0.00,,,,0,-803,2,4.48,33.1,1.00,0.187
34.90,CLIMB,76.15,77.15,33.19,4.39,12.3,0.4,-3.9,1.6,-411,1.00,0.027,0.018,0.00,,,,0,-806,2,4.48,33.1,1.00,0.187
35.00,CLIMB,76.59,77.59,33.19,4.39,12.3,0.4,-3.9,1.6,-414,1.00,0.027,0.018,0.00,,,,0,-809,2,4.48,33.1,1.00,0.187
35.10,CLIMB,77.03,78.03,33.18,4.39,12.3,0.4,-3.9,1.5,-417,1.00,0.027,0.018,0.00,,,,0,-812,2,4.48,33.1,1.00,0.187
35.20,CLIMB,77.46,78.47,33.18,4.38,12.3,0.4,-4.0,1.5,-420,1.00,0.027,0.018,0.00,,,,0,-815,2,4.48,33.1,1.00,0.187
35.30,CLIMB,77.90,78.91,33.18,4.38,12.3,0.4,-4.0,1.5,-423,1.00,0.027,0.018,0.00,,,,0,-818,2,4.48,33.1,1.00,0.187
35.40,CLIMB,78.34,79.34,33.18,4.38,12.3,0.4,-4.0,1.5,-426,1.00,0.026,0.018,0.00,,,,0,-821,2,4.48,33.1,1.00,0.187
35.50,CLIMB,78.78,79.78,33.18,4.37,12.3,0.4,-4.0,1.5,-429,1.00,0.026,0.018,0.00,,,,0,-824,1,4.48,33.1,1.00,0.187
35.60,CLIMB,79.21,80.22,33.17,4.37,12.3,0.4,-4.0,1.5,-432,1.00,0.026,0.018,0.00,,,,0,-827,1,4.48,33.1,1.00,0.187
35.70,CLIMB,79.65,80.66,33.17,4.37,12.3,0.4,-4.0,1.4,-435,1.00,0.026,0.018,0.00,,,,0,-830,1,4.48,33.1,1.00,0.187
35.80,CLIMB,80.09,81.09,33.17,4.36,12.3,0.4,-4.0,1.4,-438,1.00,0.026,0.018,0.00,,,,0,-833,1,4.48,33.1,1.00,0.187
35.90,CLIMB,80.52,81.53,33.17,4.36,12.3,0.3,-4.0,1.4,-441,1.00,0.026,0.018,0.00,,,,0,-836,1,4.48,33.1,1.00,0.187
36.00,CLIMB,80.96,81.96,33.17,4.36,12.3,0.3,-4.1,1.4,-444,1.00,0.026,0.018,0.00,,,,0,-839,1,4.48,33.1,1.00,0.187
36.10,CLIMB,81.40,82.40,33.17,4.35,12.3,0.3,-4.1,1.4,-447,1.00,0.026,0.018,0.00,,,,0,-842,1,4.48,33.1,1.00,0.187
36.20,CLIMB,81.83,82.83,33.17,4.35,12.3,0.3,-4.1,1.4,-450,1.00,0.026,0.018,0.00,,,,0,-845,1,4.48,33.1,1.00,0.187
36.30,CLIMB,82.27,83.27,33.17,4.34,12.3,0.3,-4.1,1.3,-453,1.00,0.026,0.018,0.00,,,,0,-848,1,4.48,33.1,1.00,0.187
36.40,CLIMB,82.70,83.70,33.17,4.34,12.3,0.3,-4.1,1.3,-456,1.00,0.026,0.018,0.00,,,,0,-851,1,4.48,33.1,1.00,0.187
36.50,CLIMB,83.13,84.14,33.17,4.34,12.3,0.3,-4.1,1.3,-459,1.00,0.026,0.018,0.00,,,,0,-854,1,4.48,33.1,1.00,0.187
36.60,CLIMB,83.57,84.57,33.16,4.33,12.2,0.3,-4.1,1.3,-462,1.00,0.026,0.018,0.00,,,,0,-857,1,4.48,33.1,1.00,0.187
36.70,CLIMB,84.00,85.00,33.16,4.33,12.2,0.3,-4.1,1.3,-465,1.00,0.025,0.018,0.00,,,,0,-860,1,4.48,33.1,1.00,0.187
36.80,CLIMB,84.43,85.44,33.16,4.33,12.2,0.3,-4.2,1.2,-468,1.00,0.025,0.018,0.00,,,,0,-863,1,4.48,33.1,1.00,0.187
36.90,CLIMB,84.87,85.87,33.16,4.32,12.2,0.3,-4.2,1.2,-471,1.00,0.025,0.018,0.00,,,,0,-866,1,4.48,33.1,1.00,0.187
37.00,CLIMB,85.30,86.30,33.16,4.32,12.2,0.3,-4.2,1.2,-474,1.00,0.025,0.018,0.00,,,,0,-869,1,4.48,33.1,1.00,0.187
37.10,CLIMB,85.73,86.73,33.16,4.32,12.2,0.3,-4.2,1.2,-477,1.00,0.025,0.018,0.00,,,,0,-872,1,4.48,33.1,1.00,0.187
37.20,CLIMB,86.16,87.17,33.16,4.32,12.2,0.2,-4.2,1.1,-480,1.00,0.025,0.018,0.00,,,,0,-875,1,4.48,33.1,1.00,0.187
37.30,CLIMB,86.59,87.60,33.16,4.31,12.2,0.2,-4.2,1.1,-483,1.00,0.025,0.018,0.00,,,,0,-878,1,4.48,33.1,1.00,0.187
37.40,CLIMB,87.03,88.03,33.16,4.31,12.2,0.2,-4.2,1.1,-486,1.00,0.025,0.018,0.00,,,,0,-881,1,4.48,33.1,1.00,0.187
37.50,CLIMB,87.46,88.46,33.16,4.31,12.2,0.2,-4.2,1.1,-489,1.00,0.025,0.018,0.00,,,,0,-884,1,4.48,33.1,1.00,0.187
37.60,CLIMB,87.89,88.89,33.16,4.30,12.2,0.2,-4.2,1.0,-492,1.00,0.024,0.018,0.00,,,,0,-887,1,4.48,33.1,1.00,0.187
37.70,CLIMB,88.32,89.32,33.16,4.30,12.2,0.2,-4.3,1.0,-495,1.00,0.024,0.018,0.00,,,,0,-890,1,4.48,33.1,1.00,0.187
37.80,CLIMB,88.75,89.75,33.16,4.30,12.2,0.2,-4.3,1.0,-498,1.00,0.024,0.018,0.00,,,,0,-893,1,4.48,33.1,1.00,0.187
37.90,CLIMB,89.18,90.18,33.16,4.30,12.2,0.2,-4.3,1.0,-501,1.00,0.024,0.018,0.00,,,,0,-896,1,4.48,33.1,1.00,0.187
38.00,CLIMB,89.61,90.61,33.16,4.30,12.2,0.2,-4.3,1.0,-504,1.00,0.024,0.018,0.00,,,,0,-899,1,4.48,33.1,1.00,0.187
38.10,CROSSWIND,90.04,91.04,33.16,4.29,12.2,0.2,-4.3,0.9,-507,1.00,0.024,0.018,0.00,,,,0,-902,1,4.48,33.1,1.00,0.187
38.20,CROSSWIND,90.46,91.47,33.12,4.27,12.2,0.2,-51.5,-0.9,260,0.80,0.025,0.137,0.00,356,,750,0,-905,1,4.48,30.1,1.00,0.187
38.30,CROSSWIND,90.89,91.89,33.08,4.25,12.2,-0.1,-51.5,-0.9,263,0.81,0.025,0.250,0.00,353,,750,0,-908,1,4.48,30.1,1.00,0.187
38.40,CROSSWIND,91.31,92.32,33.03,4.23,12.2,-0.6,-51.5,-0.8,266,0.82,0.022,0.216,0.00,350,,750,0,-911,1,4.48,30.1,1.00,0.187
38.50,CROSSWIND,91.74,92.74,32.99,4.22,12.2,-1.4,-51.4,-0.8,269,0.82,0.018,0.085,0.00,347,,750,0,-914,1,4.48,30.1,1.00,0.187
38.60,CROSSWIND,92.16,93.16,32.95,4.22,12.2,-2.4,-51.5,-0.8,272,0.83,0.022,-0.029,0.00,344,,750,0,-917,1,4.48,30.1,1.00,0.187
38.70,CROSSWIND,92.58,93.58,32.91,4.21,12.2,-3.5,-51.5,-0.8,275,0.83,0.027,-0.068,0.00,341,,750,0,-920,1,4.48,30.1,1.00,0.187
38.80,CROSSWIND,93.00,94.01,32.87,4.20,12.1,-4.5,-51.6,-0.8,278,0.84,0.028,-0.094,0.00,338,,750,0,-923,1,4.48,30.1,1.00,0.187
38.90,CROSSWIND,93.42,94.43,32.83,4.19,12.1,-5.5,-51.6,-0.8,281,0.84,0.025,-0.114,0.00,335,,750,0,-926,1,4.48,30.1,1.00,0.187
39.00,CROSSWIND,93.84,94.84,32.80,4.18,12.2,-6.5,-51.7,-0.8,284,0.85,0.020,-0.127,0.00,332,,750,0,-929,1,4.48,30.1,1.00,0.187
39.10,CROSSWIND,94.26,95.26,32.76,4.16,12.2,-7.5,-51.7,-0.8,287,0.85,0.017,-0.134,0.00,329,,750,0,-932,1,4.48,30.1,1.00,0.187
39.20,CROSSWIND,94.67,95.68,32.73,4.12,12.2,-8.5,-51.8,-0.8,290,0.86,0.017,-0.135,0.00,326,,750,0,-935,1,4.48,30.1,1.00,0.187
39.30,CROSSWIND,95.08,96.09,32.71,4.07,12.3,-9.5,-51.8,-0.9,293,0.86,0.013,-0.134,0.00,323,,750,0,-938,1,4.48,30.1,1.00,0.187
39.40,CROSSWIND,95.49,96.49,32.69,3.99,12.4,-10.3,-51.8,-1.0,296,0.87,0.009,-0.129,0.00,320,,749,0,-941,1,4.48,30.1,1.00,0.187
39.50,CROSSWIND,95.88,96.89,32.67,3.90,12.4,-10.6,-51.7,-1.1,299,0.87,0.007,-0.113,0.00,317,,749,0,-944,1,4.48,30.1,1.00,0.187
39.60,CROSSWIND,96.27,97.28,32.65,3.81,12.5,-10.7,-51.7,-1.2,302,0.87,0.011,-0.086,0.00,314,,749,0,-947,1,4.48,30.1,1.00,0.187
39.70,CROSSWIND,96.65,97.65,32.64,3.71,12.4,-10.7,-51.7,-1.3,305,0.88,0.018,-0.055,0.00,311,,749,0,-950,1,4.48,30.1,1.00,0.187
39.80,CROSSWIND,97.02,98.02,32.63,3.59,12.4,-11.1,-51.6,-1.4,308,0.88,0.021,-0.023,0.00,308,,749,0,-953,1,4.48,30.1,1.00,0.187
39.90,CROSSWIND,97.37,98.38,32.62,3.49,12.4,-11.7,-51.5,-1.5,311,0.89,0.019,0.007,0.00,305,,749,0,-956,2,4.48,30.1,1.00,0.187
40.00,CROSSWIND,97.72,98.72,32.61,3.40,12.4,-12.6,-51.5,-1.7,314,0.89,0.020,0.031,0.00,302,,749,0,-959,2,4.48,30.1,1.00,0.187
40.10,CROSSWIND,98.05,99.06,32.61,3.32,12.3,-13.5,-51.4,-1.8,317,0.89,0.027,0.051,0.00,299,,749,0,-962,2,4.48,30.1,1.00,0.187
40.20,CROSSWIND,98.38,99.39,32.61,3.25,12.1,-14.3,-51.3,-2.0,320,0.89,0.039,0.068,0.00,297,,748,0,-965,2,4.48,30.1,1.00,0.187
40.30,CROSSWIND,98.71,99.71,32.61,3.20,11.9,-15.0,-51.3,-2.2,323,0.89,0.049,0.080,0.00,294,,748,0,-968,2,4.48,30.1,1.00,0.187
40.40,CROSSWIND,99.03,100.03,32.61,3.16,11.7,-15.8,-51.3,-2.4,326,0.89,0.053,0.087,0.00,291,,748,0,-971,2,4.48,30.1,1.00,0.187
40.50,CROSSWIND,99.34,100.35,32.62,3.16,11.6,-16.5,-51.2,-2.6,329,0.89,0.056,0.087,0.00,288,,748,0,-974,3,4.48,30.1,1.00,0.187
40.60,CROSSWIND,99.66,100.66,32.62,3.18,11.4,-17.2,-51.2,-2.9,332,0.89,0.061,0.081,0.00,285,,748,0,-977,3,4.48,30.1,1.00,0.187
40.70,CROSSWIND,99.98,100.98,32.62,3.21,11.1,-17.9,-51.2,-3.1,335,0.88,0.066,0.069,0.00,282,,747,0,-980,3,4.48,30.1,1.00,0.187
40.80,CROSSWIND,100.30,101.30,32.61,3.25,10.9,-18.6,-51.3,-3.5,338,0.88,0.068,0.053,0.00,279,,747,0,-983,3,4.48,30.1,1.00,0.187
40.90,CROSSWIND,100.63,101.63,32.60,3.30,10.8,-19.1,-51.3,-3.8,341,0.88,0.066,0.034,0.00,276,,747,0,-986,4,4.48,30.1,1.00,0.187
41.00,CROSSWIND,100.96,101.96,32.59,3.36,10.7,-19.6,-51.3,-4.2,344,0.88,0.061,0.013,0.00,273,,746,0,-989,4,4.48,30.1,1.00,0.187
41.10,CROSSWIND,101.30,102.30,32.58,3.41,10.6,-20.0,-51.4,-4.6,347,0.88,0.058,-0.009,0.00,270,,746,0,-992,5,4.48,30.1,1.00,0.187
41.20,CROSSWIND,101.64,102.64,32.56,3.46,10.6,-20.3,-51.5,-5.1,350,0.88,0.053,-0.030,0.00,267,,745,0,-995,5,4.48,30.1,1.00,0.187
41.30,CROSSWIND,101.99,102.99,32.55,3.49,10.6,-20.5,-51.5,-5.6,353,0.88,0.048,-0.048,0.00,264,,745,0,-998,6,4.48,30.1,1.00,0.187
41.40,CROSSWIND,102.34,103.34,32.53,3.50,10.6,-20.7,-51.6,-6.1,356,0.88,0.042,-0.063,0.00,261,,744,0,-1001,6,4.48,30.1,1.00,0.187
41.50,CROSSWIND,102.68,103.69,32.52,3.48,10.7,-20.7,-51.6,-6.7,359,0.88,0.037,-0.074,0.00,258,,744,0,-1004,7,4.48,30.1,1.00,0.187
41.60,CROSSWIND,103.03,104.04,32.51,3.45,10.7,-20.6,-51.6,-7.3,362,0.88,0.032,-0.079,0.00,255,,743,0,-1007,7,4.48,30.1,1.00,0.187
41.70,CROSSWIND,103.38,104.38,32.51,3.39,10.8,-20.5,-51.7,-8.0,365,0.88,0.030,-0.079,0.00,252,,742,0,-1010,8,4.48,30.1,1.00,0.187
41.80,CROSSWIND,103.71,104.72,32.50,3.31,10.9,-20.3,-51.7,-8.7,368,0.88,0.031,-0.074,0.00,249,,742,0,-1013,9,4.48,30.1,1.00,0.187
41.90,CROSSWIND,104.04,105.04,32.51,3.20,10.9,-20.1,-51.7,-9.4,370,0.88,0.030,-0.066,0.00,246,,741,0,-1015,9,4.48,30.1,1.00,0.187
42.00,CROSSWIND,104.36,105.36,32.52,3.09,11.0,-19.7,-51.6,-10.2,373,0.88,0.030,-0.051,0.00,243,,740,0,-1018,10,4.48,30.1,1.00,0.187
42.10,CROSSWIND,104.66,105.67,32.53,2.97,11.0,-19.4,-51.6,-11.0,376,0.88,0.033,-0.031,0.00,240,,739,0,-1021,11,4.48,30.1,1.00,0.187
42.20,CROSSWIND,104.95,105.96,32.54,2.86,11.0,-19.1,-51.6,-11.8,379,0.88,0.036,-0.010,0.00,237,,739,0,-1024,12,4.48,30.1,1.00,0.187
42.30,CROSSWIND,105.24,106.24,32.56,2.75,11.0,-19.1,-51.5,-12.6,382,0.88,0.039,0.010,0.00,234,,738,0,-1027,13,4.48,30.1,1.00,0.187
42.40,CROSSWIND,105.51,106.51,32.58,2.65,10.9,-19.0,-51.5,-13.5,385,0.88,0.044,0.030,0.00,231,,737,0,-1030,14,4.48,30.1,1.00,0.187
42.50,CROSSWIND,105.77,106.77,32.60,2.57,10.9,-19.0,-51.4,-14.4,388,0.88,0.050,0.048,0.00,228,,736,0,-1033,14,4.48,30.1,1.00,0.187
42.60,CROSSWIND,106.02,107.03,32.62,2.51,10.7,-19.1,-51.4,-15.3,391,0.88,0.056,0.063,0.00,225,,735,0,-1036,15,4.48,30.1,1.00,0.187
42.70,CROSSWIND,106.27,107.28,32.64,2.47,10.6,-19.2,-51.4,-16.2,394,0.88,0.062,0.075,0.00,223,,734,0,-1039,16,4.48,30.1,1.00,0.187
42.80,CROSSWIND,106.52,107.52,32.66,2.45,10.4,-19.4,-51.3,-17.2,397,0.87,0.068,0.083,0.00,220,,733,0,-1042,17,4.48,30.1,1.00,0.187
42.90,CROSSWIND,106.77,107.77,32.67,2.45,10.3,-19.6,-51.3,-18.2,400,0.87,0.073,0.086,0.00,217,,732,0,-1045,18,4.48,30.1,1.00,0.187
43.00,CROSSWIND,107.01,108.01,32.69,2.47,10.1,-19.8,-51.3,-19.2,403,0.86,0.075,0.085,0.00,214,,731,0,-1048,19,4.48,30.1,1.00,0.187
43.10,CROSSWIND,107.26,108.26,32.70,2.51,9.9,-20.1,-51.3,-20.3,406,0.86,0.077,0.079,0.00,211,,730,0,-1051,20,4.48,30.1,1.00,0.187
43.20,CROSSWIND,107.51,108.52,32.71,2.56,9.8,-20.4,-51.3,-21.4,408,0.85,0.079,0.069,0.00,208,,729,0,-1053,21,4.48,30.1,1.00,0.187
43.30,CROSSWIND,107.77,108.77,32.71,2.61,9.7,-20.6,-51.3,-22.5,411,0.85,0.078,0.057,0.00,205,,728,0,-1056,23,4.48,30.1,1.00,0.187
43.40,CROSSWIND,108.03,109.04,32.71,2.68,9.6,-20.9,-51.4,-23.7,414,0.85,0.072,0.042,0.00,202,,727,0,-1059,24,4.48,30.1,1.00,0.187
43.50,CROSSWIND,108.30,109.31,32.71,2.75,9.6,-21.1,-51.4,-24.9,417,0.84,0.069,0.026,0.00,199,,726,0,-1062,25,4.48,30.1,1.00,0.187
43.60,CROSSWIND,108.58,109.58,32.70,2.81,9.5,-21.2,-51.4,-26.2,420,0.84,0.067,0.010,0.00,197,,724,0,-1065,26,4.48,30.1,1.00,0.187
43.70,CROSSWIND,108.86,109.86,32.70,2.85,9.5,-21.3,-51.5,-27.5,423,0.84,0.063,-0.005,0.00,194,,723,0,-1068,27,4.48,30.1,1.00,0.187
43.80,CROSSWIND,109.15,110.15,32.69,2.89,9.6,-21.4,-51.5,-28.8,426,0.84,0.058,-0.018,0.00,191,,722,0,-1071,29,4.48,30.1,1.00,0.187
43.90,CROSSWIND,109.44,110.44,32.68,2.91,9.6,-21.3,-51.5,-30.2,428,0.84,0.053,-0.028,0.00,188,,720,0,-1073,30,4.48,30.1,1.00,0.187
44.00,CROSSWIND,109.73,110.73,32.68,2.91,9.7,-21.3,-51.6,-31.6,431,0.84,0.049,-0.035,0.00,185,,719,0,-1076,32,4.48,30.1,1.00,0.187
44.10,CROSSWIND,110.02,111.02,32.67,2.90,9.8,-21.2,-51.6,-33.0,434,0.84,0.044,-0.038,0.00,183,,717,0,-1079,33,4.48,30.1,1.00,0.187
44.20,CROSSWIND,110.31,111.31,32.67,2.86,9.9,-21.0,-51.6,-34.5,437,0.84,0.044,-0.037,0.00,180,,716,0,-1082,35,4.48,30.1,1.00,0.187
44.30,CROSSWIND,110.59,111.60,32.67,2.81,10.0,-20.8,-51.6,-36.0,439,0.84,0.045,-0.033,0.00,177,,714,0,-1084,36,4.48,30.1,1.00,0.187
44.40,CROSSWIND,110.87,111.88,32.68,2.74,10.0,-20.6,-51.6,-37.6,442,0.84,0.046,-0.025,0.00,174,,713,0,-1087,38,4.48,30.1,1.00,0.187
44.50,CROSSWIND,111.14,112.15,32.69,2.67,10.1,-20.4,-51.6,-39.2,445,0.84,0.044,-0.014,0.00,172,,711,0,-1090,39,4.48,30.1,1.00,0.187
44.60,CROSSWIND,111.41,112.41,32.70,2.59,10.2,-20.2,-51.6,-40.8,448,0.84,0.045,-0.000,0.00,169,,710,0,-1093,41,4.48,30.1,1.00,0.187
44.70,CROSSWIND,111.66,112.67,32.71,2.52,10.2,-20.1,-51.5,-42.4,450,0.84,0.049,0.014,0.00,166,,708,0,-1095,42,4.48,30.1,1.00,0.187
44.80,CROSSWIND,111.91,112.92,32.72,2.44,10.1,-20.0,-51.5,-44.1,453,0.84,0.054,0.028,0.00,163,,706,0,-1098,44,4.48,30.1,1.00,0.187
44.90,CROSSWIND,112.15,113.16,32.74,2.38,10.1,-19.9,-51.5,-45.8,456,0.84,0.057,0.043,0.00,161,,705,0,-1101,46,4.48,30.1,1.00,0.187
45.00,CROSSWIND,112.39,113.39,32.75,2.33,10.1,-19.8,-51.4,-47.5,458,0.84,0.060,0.055,0.00,158,,703,0,-1103,48,4.48,30.1,1.00,0.187
45.10,CROSSWIND,112.62,113.63,32.76,2.29,10.0,-19.9,-51.4,-49.3,461,0.83,0.065,0.066,0.00,155,,701,0,-1106,49,4.48,30.1,1.00,0.187
45.20,CROSSWIND,112.85,113.85,32.78,2.27,9.9,-19.9,-51.4,-51.0,464,0.83,0.070,0.074,0.00,153,,699,0,-1109,51,4.48,30.1,1.00,0.187
45.30,CROSSWIND,113.08,114.08,32.79,2.27,9.8,-20.0,-51.4,-52.9,466,0.83,0.073,0.078,0.00,150,,698,0,-1111,53,4.48,30.1,1.00,0.187
45.40,CROSSWIND,113.30,114.31,32.80,2.28,9.7,-20.1,-51.3,-54.7,469,0.83,0.073,0.080,0.00,148,,696,0,-1114,55,4.48,30.1,1.00,0.187
45.50,CROSSWIND,113.53,114.54,32.81,2.31,9.6,-20.3,-51.3,-56.5,472,0.82,0.076,0.078,0.00,145,,694,0,-1117,57,4.48,30.1,1.00,0.187
45.60,CROSSWIND,113.77,114.77,32.81,2.35,9.5,-20.5,-51.3,-58.4,474,0.82,0.079,0.072,0.00,142,,692,0,-1119,58,4.48,30.1,1.00,0.187
45.70,CROSSWIND,114.00,115.01,32.82,2.39,9.4,-20.6,-51.4,-60.4,477,0.82,0.079,0.064,0.00,140,,690,0,-1122,60,4.48,30.1,1.00,0.187
45.80,CROSSWIND,114.24,115.25,32.82,2.45,9.3,-20.8,-51.4,-62.3,479,0.81,0.077,0.055,0.00,137,,688,0,-1124,62,4.48,30.1,1.00,0.187
45.90,CROSSWIND,114.49,115.49,32.81,2.50,9.3,-21.0,-51.4,-64.3,482,0.81,0.071,0.044,0.00,135,,686,0,-1127,64,4.48,30.1,1.00,0.187
46.00,CROSSWIND,114.74,115.75,32.81,2.57,9.3,-21.1,-51.4,-66.4,484,0.81,0.067,0.032,0.00,132,,684,0,-1129,66,4.48,30.1,1.00,0.187
46.10,CROSSWIND,115.00,116.00,32.80,2.62,9.3,-21.2,-51.4,-68.4,487,0.81,0.067,0.020,0.00,130,,682,0,-1132,68,4.48,30.1,1.00,0.187
46.20,CROSSWIND,115.26,116.27,32.79,2.66,9.3,-21.3,-51.5,-70.5,489,0.81,0.067,0.008,0.00,127,,680,0,-1134,71,4.48,30.1,1.00,0.187
46.30,CROSSWIND,115.53,116.54,32.78,2.69,9.4,-21.3,-51.5,-72.7,492,0.81,0.063,-0.001,0.00,125,,678,0,-1137,73,4.48,30.1,1.00,0.187
46.40,CROSSWIND,115.80,116.81,32.77,2.71,9.5,-21.3,-51.5,-74.8,494,0.81,0.057,-0.007,0.00,122,,676,0,-1139,75,4.48,30.1,1.00,0.187
46.50,CROSSWIND,116.07,117.08,32.76,2.72,9.6,-21.2,-51.5,-77.0,496,0.81,0.051,-0.011,0.00,120,,673,0,-1141,77,4.48,30.1,1.00,0.187
46.60,CROSSWIND,116.34,117.35,32.76,2.72,9.6,-21.1,-51.6,-79.3,499,0.81,0.051,-0.014,0.00,118,,671,0,-1144,79,4.48,30.1,1.00,0.187
46.70,CROSSWIND,116.62,117.62,32.75,2.70,9.7,-21.0,-51.6,-81.5,501,0.81,0.053,-0.013,0.00,115,,669,0,-1146,82,4.48,30.1,1.00,0.187
46.80,CROSSWIND,116.88,117.89,32.75,2.66,9.7,-20.8,-51.6,-83.8,503,0.81,0.054,-0.009,0.00,113,,667,0,-1148,84,4.48,30.1,1.00,0.187
46.90,CROSSWIND,117.15,118.15,32.75,2.61,9.8,-20.7,-51.6,-86.1,506,0.81,0.054,-0.003,0.00,111,,664,0,-1151,86,4.48,30.1,1.00,0.187
47.00,CROSSWIND,117.41,118.41,32.75,2.56,9.8,-20.5,-51.6,-88.5,508,0.81,0.053,0.005,0.00,108,,662,0,-1153,88,4.48,30.1,1.00,0.187
47.10,CROSSWIND,117.66,118.67,32.75,2.51,9.9,-20.4,-51.5,-90.8,510,0.81,0.052,0.015,0.00,106,,660,0,-1155,91,4.48,30.1,1.00,0.187
47.20,CROSSWIND,117.91,118.92,32.76,2.46,9.9,-20.3,-51.5,-93.2,512,0.81,0.053,0.026,0.00,104,,657,0,-1157,93,4.48,30.1,1.00,0.187
47.30,CROSSWIND,118.16,119.16,32.76,2.42,9.9,-20.2,-51.5,-95.6,515,0.81,0.058,0.036,0.00,102,,655,0,-1160,96,4.48,30.1,1.00,0.187
47.40,CROSSWIND,118.40,119.40,32.77,2.37,9.9,-20.1,-51.5,-98.1,517,0.81,0.063,0.046,0.00,100,,652,0,-1162,98,4.48,30.1,1.00,0.187
47.50,CROSSWIND,118.63,119.63,32.78,2.34,9.8,-20.1,-51.4,-100.6,519,0.81,0.066,0.054,0.00,97,,650,0,-1164,101,4.48,30.1,1.00,0.187
47.60,CROSSWIND,118.87,119.86,32.78,2.32,9.8,-20.1,-51.4,-103.1,521,0.81,0.068,0.062,0.00,95,,647,0,-1166,103,4.48,30.1,1.00,0.187
47.70,CROSSWIND,119.10,120.09,32.79,2.31,9.8,-20.2,-51.4,-105.6,523,0.81,0.068,0.067,0.00,93,,645,0,-1168,106,4.48,30.1,1.00,0.187
47.80,CROSSWIND,119.33,120.32,32.79,2.32,9.7,-20.2,-51.4,-108.1,525,0.80,0.069,0.070,0.00,91,,642,0,-1170,108,4.48,30.1,1.00,0.187
47.90,CROSSWIND,119.56,120.55,32.80,2.33,9.6,-20.3,-51.4,-110.7,528,0.80,0.074,0.070,0.00,89,,640,0,-1173,111,4.48,30.1,1.00,0.187
48.00,CROSSWIND,119.79,120.78,32.80,2.36,9.5,-20.5,-51.4,-113.3,530,0.80,0.078,0.067,0.00,87,,637,0,-1175,113,4.48,30.1,1.00,0.187
48.10,CROSSWIND,120.03,121.01,32.80,2.38,9.5,-20.6,-51.4,-115.9,532,0.80,0.078,0.063,0.00,85,,635,0,-1177,116,4.48,30.1,1.00,0.187
48.20,CROSSWIND,120.27,121.25,32.79,2.42,9.4,-20.7,-51.4,-118.5,534,0.80,0.076,0.057,0.00,83,,632,0,-1179,119,4.48,30.1,1.00,0.187
48.30,CROSSWIND,120.51,121.48,32.79,2.46,9.4,-20.8,-51.4,-121.2,536,0.80,0.074,0.050,0.00,81,,629,0,-1181,121,4.48,30.1,1.00,0.187
48.40,CROSSWIND,120.76,121.73,32.78,2.50,9.4,-20.9,-51.4,-123.9,538,0.79,0.072,0.042,0.00,79,,627,0,-1183,124,4.48,30.1,1.00,0.187
48.50,CROSSWIND,121.01,121.97,32.78,2.54,9.4,-21.0,-51.4,-126.6,540,0.79,0.068,0.033,0.00,77,,624,0,-1185,127,4.48,30.1,1.00,0.187
48.60,CROSSWIND,121.27,122.22,32.77,2.58,9.4,-21.1,-51.5,-129.4,541,0.79,0.064,0.025,0.00,75,,621,0,-1186,129,4.48,30.1,1.00,0.187
48.70,CROSSWIND,121.53,122.47,32.76,2.62,9.5,-21.1,-51.5,-132.1,543,0.79,0.061,0.017,0.00,73,,618,0,-1188,132,4.48,30.1,1.00,0.187
48.80,CROSSWIND,121.79,122.73,32.74,2.66,9.6,-21.1,-51.5,-134.9,545,0.79,0.059,0.010,0.00,71,,616,0,-1190,135,4.48,30.1,1.00,0.187
48.90,CROSSWIND,122.06,122.98,32.73,2.68,9.6,-21.1,-51.5,-137.7,547,0.79,0.059,0.005,0.00,70,,613,0,-1192,138,4.48,30.1,1.00,0.187
49.00,CROSSWIND,122.33,123.24,32.72,2.68,9.6,-21.1,-51.5,-140.6,549,0.79,0.060,0.002,0.00,68,,610,0,-1194,141,4.48,30.1,1.00,0.187
49.10,CROSSWIND,122.59,123.50,32.71,2.68,9.7,-21.0,-51.5,-143.5,550,0.79,0.059,0.001,0.00,66,,607,0,-1195,143,4.48,30.1,1.00,0.187
49.20,CROSSWIND,122.86,123.76,32.71,2.66,9.7,-20.9,-51.5,-146.4,552,0.79,0.059,0.002,0.00,64,,604,0,-1197,146,4.48,30.1,1.00,0.187
49.30,CROSSWIND,123.13,124.02,32.70,2.63,9.8,-20.8,-51.5,-149.3,554,0.80,0.058,0.005,0.00,63,,601,0,-1199,149,4.48,30.1,1.00,0.187
49.40,CROSSWIND,123.39,124.27,32.70,2.60,9.8,-20.7,-51.5,-152.2,555,0.80,0.058,0.010,0.00,61,,598,0,-1200,152,4.48,30.1,1.00,0.187
49.50,CROSSWIND,123.65,124.51,32.70,2.56,9.8,-20.6,-51.5,-155.2,557,0.80,0.059,0.015,0.00,59,,595,0,-1202,155,4.48,30.1,1.00,0.187
49.60,CROSSWIND,123.90,124.76,32.70,2.52,9.9,-20.5,-51.5,-158.1,559,0.80,0.060,0.022,0.00,58,,592,0,-1204,158,4.48,30.1,1.00,0.187
49.70,CROSSWIND,124.15,125.00,32.70,2.48,9.9,-20.4,-51.5,-161.1,560,0.80,0.060,0.030,0.00,56,,589,0,-1205,161,4.48,30.1,1.00,0.187
49.80,CROSSWIND,124.40,125.23,32.70,2.45,9.9,-20.3,-51.5,-164.1,562,0.80,0.059,0.038,0.00,55,,586,0,-1207,164,4.48,30.1,1.00,0.187
49.90,CROSSWIND,124.64,125.47,32.70,2.42,9.9,-20.3,-51.5,-167.2,563,0.80,0.060,0.045,0.00,53,,583,0,-1208,167,4.48,30.1,1.00,0.187
50.00,CROSSWIND,124.88,125.70,32.70,2.41,9.9,-20.3,-51.4,-170.2,565,0.80,0.062,0.050,0.00,52,,580,0,-1210,170,4.48,30.1,1.00,0.187
50.10,CROSSWIND,125.12,125.93,32.70,2.40,9.9,-20.3,-51.4,-173.3,566,0.80,0.066,0.055,0.00,50,,577,0,-1211,173,4.48,30.1,1.00,0.187
50.20,CROSSWIND,125.36,126.15,32.70,2.40,9.8,-20.3,-51.4,-176.4,568,0.80,0.071,0.058,0.00,49,,574,0,-1213,176,4.48,30.1,1.00,0.187
50.30,CROSSWIND,125.60,126.38,32.70,2.40,9.7,-20.4,-51.4,-179.5,569,0.80,0.074,0.059,0.00,47,,571,0,-1214,179,4.48,30.1,1.00,0.187
50.40,CROSSWIND,125.85,126.61,32.70,2.41,9.7,-20.5,-51.4,-182.6,570,0.80,0.075,0.059,0.00,46,,568,0,-1215,183,4.48,30.1,1.00,0.187
50.50,CROSSWIND,126.09,126.84,32.70,2.42,9.6,-20.5,-51.4,-185.7,572,0.79,0.076,0.057,0.00,45,,565,0,-1217,186,4.48,30.1,1.00,0.187
50.60,CROSSWIND,126.33,127.07,32.70,2.44,9.6,-20.6,-51.4,-188.9,573,0.79,0.075,0.054,0.00,43,,562,0,-1218,189,4.48,30.1,1.00,0.187
50.70,CROSSWIND,126.57,127.30,32.69,2.47,9.6,-20.7,-51.4,-192.0,574,0.79,0.074,0.050,0.00,42,,558,0,-1219,192,4.48,30.1,1.00,0.187
50.80,CROSSWIND,126.82,127.54,32.68,2.49,9.5,-20.8,-51.4,-195.2,576,0.79,0.074,0.044,0.00,41,,555,0,-1221,195,4.44,30.1,1.00,0.187
50.90,CROSSWIND,127.07,127.78,32.68,2.52,9.5,-20.9,-51.4,-198.4,577,0.78,0.072,0.038,0.00,40,,552,0,-1222,198,4.39,30.1,1.00,0.187
51.00,CROSSWIND,127.32,128.01,32.67,2.54,9.5,-20.9,-51.4,-201.7,578,0.77,0.071,0.032,0.00,39,,549,0,-1223,202,4.33,30.1,1.00,0.187
51.10,CROSSWIND,127.58,128.24,32.65,2.56,9.5,-21.0,-51.5,-204.9,579,0.77,0.069,0.026,0.00,37,,546,0,-1224,205,4.28,30.1,1.00,0.187
51.20,CROSSWIND,127.84,128.48,32.64,2.58,9.5,-21.0,-51.5,-208.2,580,0.76,0.067,0.020,0.00,36,,542,0,-1225,208,4.23,30.1,1.00,0.187
51.30,CROSSWIND,128.09,128.73,32.62,2.59,9.6,-21.0,-51.5,-211.4,581,0.76,0.066,0.015,0.00,35,,539,0,-1226,211,4.18,30.1,1.00,0.187
51.40,CROSSWIND,128.35,128.98,32.61,2.59,9.6,-21.0,-51.5,-214.7,582,0.76,0.065,0.012,0.00,34,,536,0,-1227,215,4.13,30.1,1.00,0.187
51.50,CROSSWIND,128.61,129.24,32.59,2.59,9.6,-20.9,-51.5,-218.0,583,0.75,0.064,0.010,0.00,33,,532,0,-1228,218,4.08,30.1,1.00,0.187
51.60,CROSSWIND,128.87,129.49,32.58,2.58,9.7,-20.9,-51.5,-221.3,584,0.75,0.064,0.009,0.00,32,,529,0,-1229,221,4.02,30.1,1.00,0.187
51.70,CROSSWIND,129.13,129.73,32.56,2.55,9.7,-20.8,-51.5,-224.6,585,0.74,0.063,0.010,0.00,31,,526,0,-1230,225,3.97,30.1,1.00,0.187
51.80,CROSSWIND,129.38,129.98,32.54,2.53,9.7,-20.7,-51.5,-228.0,586,0.74,0.063,0.012,0.00,30,,522,0,-1231,228,3.92,30.1,1.00,0.187
51.90,CROSSWIND,129.63,130.22,32.53,2.50,9.7,-20.6,-51.5,-231.3,587,0.74,0.064,0.016,0.00,30,,519,0,-1232,231,3.87,30.1,1.00,0.187
52.00,CROSSWIND,129.88,130.46,32.52,2.46,9.8,-20.6,-51.5,-234.7,588,0.73,0.065,0.020,0.00,29,,516,0,-1233,235,3.82,30.1,1.00,0.187
52.10,CROSSWIND,130.13,130.69,32.50,2.43,9.8,-20.5,-51.5,-238.0,588,0.73,0.066,0.025,0.00,28,,512,0,-1233,238,3.77,30.1,1.00,0.187
52.20,CROSSWIND,130.37,130.93,32.49,2.39,9.8,-20.5,-51.5,-241.4,589,0.73,0.067,0.030,0.00,27,,509,0,-1234,241,3.73,30.1,1.00,0.187
52.30,CROSSWIND,130.61,131.16,32.48,2.35,9.8,-20.4,-51.5,-244.8,590,0.73,0.067,0.035,0.00,26,,506,0,-1235,245,3.68,30.1,1.00,0.187
52.40,CROSSWIND,130.84,131.38,32.46,2.33,9.7,-20.4,-51.5,-248.2,591,0.72,0.069,0.040,0.00,26,,502,0,-1236,248,3.63,30.1,1.00,0.187
52.50,CROSSWIND,131.07,131.61,32.45,2.30,9.7,-20.4,-51.5,-251.6,591,0.72,0.070,0.044,0.00,25,,499,0,-1236,252,3.58,30.1,1.00,0.187
52.60,CROSSWIND,131.30,131.83,32.43,2.28,9.7,-20.4,-51.4,-255.0,592,0.72,0.073,0.047,0.00,25,,495,0,-1237,255,3.54,30.1,1.00,0.187
52.70,CROSSWIND,131.53,132.05,32.42,2.27,9.6,-20.4,-51.4,-258.4,593,0.71,0.075,0.049,0.00,24,,492,0,-1238,258,3.49,30.1,1.00,0.187
52.80,CROSSWIND,131.76,132.27,32.40,2.26,9.6,-20.4,-51.4,-261.8,593,0.71,0.077,0.050,0.00,23,,489,0,-1238,262,3.45,30.1,1.00,0.187
52.90,CROSSWIND,131.98,132.48,32.39,2.25,9.6,-20.5,-51.4,-265.3,594,0.71,0.078,0.050,0.00,23,,485,0,-1239,265,3.40,30.1,1.00,0.187
53.00,CROSSWIND,132.21,132.70,32.37,2.25,9.5,-20.5,-51.4,-268.7,594,0.70,0.079,0.048,0.00,22,,482,0,-1239,269,3.36,30.1,1.00,0.187
53.10,CROSSWIND,132.43,132.92,32.35,2.25,9.5,-20.6,-51.4,-272.2,595,0.70,0.079,0.046,0.00,22,,478,0,-1240,272,3.31,30.1,1.00,0.187
53.20,CROSSWIND,132.66,133.13,32.33,2.25,9.4,-20.7,-6.3,-275.6,595,0.70,0.077,-0.064,0.00,21,,475,0,-1240,276,3.27,30.1,1.00,0.187
53.30,CROSSWIND,132.88,133.35,32.31,2.24,9.5,-20.6,-5.8,-279.1,595,0.69,0.069,-0.196,0.00,21,,471,0,-1240,279,3.22,30.1,1.00,0.187
53.40,CROSSWIND,133.11,133.56,32.29,2.24,9.6,-20.2,-5.6,-282.6,596,0.69,0.059,-0.198,0.00,21,,468,0,-1241,283,3.18,30.1,1.00,0.187
53.50,CROSSWIND,133.33,133.78,32.26,2.24,9.7,-19.5,-5.6,-286.0,596,0.69,0.054,-0.066,0.00,20,,464,0,-1241,286,3.13,30.1,1.00,0.187
53.60,CROSSWIND,133.55,133.99,32.24,2.24,9.8,-18.5,-5.7,-289.5,596,0.69,0.058,0.065,0.00,20,,461,0,-1241,290,3.09,30.1,1.00,0.187
53.70,CROSSWIND,133.78,134.21,32.22,2.22,9.8,-17.5,-5.7,-293.0,597,0.68,0.068,0.101,0.00,20,,457,0,-1242,293,3.04,30.1,1.00,0.187
53.80,CROSSWIND,134.00,134.42,32.21,2.20,9.7,-16.4,-5.4,-296.5,597,0.68,0.072,0.112,0.00,20,,454,0,-1242,296,3.00,30.1,1.00,0.187
53.90,CROSSWIND,134.22,134.63,32.19,2.19,9.7,-15.4,-4.8,-300.0,597,0.68,0.075,0.112,0.00,19,,450,0,-1242,300,2.96,30.1,1.00,0.187
54.00,CROSSWIND,134.44,134.84,32.16,2.19,9.6,-14.3,-3.9,-303.5,597,0.68,0.078,0.107,0.00,19,,447,0,-1242,303,2.91,30.1,1.00,0.187
54.10,CROSSWIND,134.66,135.05,32.14,2.20,9.6,-13.2,-2.9,-306.9,597,0.67,0.081,0.098,0.00,19,,444,0,-1242,307,2.87,30.1,1.00,0.187
54.20,CROSSWIND,134.88,135.26,32.12,2.22,9.5,-12.1,-1.8,-310.4,597,0.67,0.081,0.089,0.00,19,,440,0,-1242,310,2.82,30.1,1.00,0.187
54.30,CROSSWIND,135.10,135.48,32.09,2.25,9.5,-11.0,-0.6,-313.9,597,0.67,0.078,0.079,0.00,19,,437,0,-1242,314,2.78,30.1,1.00,0.187
54.40,CROSSWIND,135.33,135.70,32.07,2.28,9.5,-9.9,0.5,-317.4,598,0.66,0.074,0.069,0.00,19,,433,0,-1243,317,2.73,30.1,1.00,0.187
54.50,CROSSWIND,135.55,135.92,32.04,2.32,9.5,-8.7,1.6,-320.9,598,0.66,0.072,0.060,0.00,19,,430,0,-1243,321,2.69,30.1,1.00,0.187
54.60,CROSSWIND,135.79,136.15,32.01,2.36,9.5,-7.5,2.6,-324.4,598,0.66,0.072,0.053,0.00,19,,426,0,-1243,324,2.64,30.1,1.00,0.187
54.70,CROSSWIND,136.03,136.39,31.97,2.39,9.5,-6.3,3.4,-327.9,598,0.65,0.072,0.049,0.00,19,,423,0,-1243,328,2.59,30.1,1.00,0.187
54.80,CROSSWIND,136.27,136.63,31.94,2.42,9.4,-5.0,3.9,-331.3,598,0.65,0.092,0.048,0.00,19,,419,0,-1243,331,2.55,30.1,1.00,0.187
54.90,CROSSWIND,136.51,136.87,31.91,2.36,8.9,-4.0,4.3,-334.8,598,0.65,0.133,0.047,0.00,19,,416,0,-1243,335,2.50,30.1,1.00,0.187
55.00,CROSSWIND,136.74,137.10,31.89,2.23,8.6,-3.2,4.5,-338.3,598,0.65,0.136,0.047,0.00,19,,412,0,-1243,338,2.45,30.1,1.00,0.187
55.10,CROSSWIND,136.96,137.32,31.87,2.11,8.6,-2.5,4.6,-341.8,598,0.65,0.099,0.047,0.00,19,,409,0,-1243,342,2.41,30.1,1.00,0.187
55.20,CROSSWIND,137.17,137.54,31.85,2.06,8.8,-1.8,4.5,-345.3,598,0.65,0.071,0.047,0.00,19,,405,0,-1243,345,2.37,30.1,1.00,0.187
55.30,CROSSWIND,137.37,137.75,31.83,2.03,8.9,-1.3,4.3,-348.7,598,0.65,0.070,0.048,0.00,19,,402,0,-1243,349,2.33,30.1,1.00,0.187
55.40,CROSSWIND,137.57,137.96,31.81,2.01,8.8,-0.7,3.9,-352.2,598,0.65,0.090,0.050,0.00,19,,398,0,-1243,352,2.28,30.1,1.00,0.187
55.50,CROSSWIND,137.77,138.17,31.80,1.95,8.5,-0.3,3.5,-355.7,598,0.65,0.125,0.053,0.00,19,,395,0,-1243,356,2.24,30.1,1.00,0.187
55.60,CROSSWIND,137.96,138.37,31.79,1.83,8.1,0.2,3.0,-359.2,597,0.64,0.148,0.056,0.00,19,,391,0,-1242,359,2.21,30.1,1.00,0.187
55.70,CROSSWIND,138.14,138.55,31.78,1.68,7.9,0.7,2.5,-362.6,597,0.65,0.136,0.058,0.00,19,,388,0,-1242,363,2.17,30.1,1.00,0.187
55.80,CROSSWIND,138.31,138.72,31.78,1.58,8.0,1.0,2.0,-366.1,597,0.64,0.095,0.061,0.00,19,,384,0,-1242,366,2.14,30.1,1.00,0.187
55.90,CROSSWIND,138.46,138.89,31.78,1.55,8.3,1.4,1.5,-369.6,597,0.64,0.067,0.063,0.00,19,,381,0,-1242,370,2.11,30.1,1.00,0.187
56.00,CROSSWIND,138.62,139.05,31.77,1.56,8.5,1.6,1.1,-373.1,597,0.64,0.064,0.064,0.00,19,,377,0,-1242,373,2.08,30.1,1.00,0.187
56.10,CROSSWIND,138.77,139.21,31.76,1.57,8.6,1.8,0.7,-376.5,597,0.63,0.073,0.065,0.00,19,,374,0,-1242,377,2.04,30.1,1.00,0.187
56.20,CROSSWIND,138.93,139.38,31.75,1.58,8.7,2.0,0.4,-380.0,597,0.63,0.076,0.065,0.00,19,,370,0,-1242,380,2.01,30.1,1.00,0.187
56.30,CROSSWIND,139.09,139.54,31.74,1.61,8.8,2.2,0.2,-383.5,597,0.63,0.075,0.064,0.00,19,,367,0,-1242,383,1.98,30.1,1.00,0.187
56.40,CROSSWIND,139.25,139.71,31.73,1.63,8.9,2.3,-0.0,-387.0,597,0.62,0.074,0.063,0.00,19,,364,0,-1242,387,1.95,30.1,1.00,0.187
56.50,CROSSWIND,139.42,139.87,31.71,1.67,9.0,2.4,-0.1,-390.4,597,0.62,0.074,0.061,0.00,19,,360,0,-1242,390,1.92,30.1,1.00,0.187
56.60,DOWNWIND,139.58,140.04,31.69,1.70,9.0,2.4,-51.6,-393.9,597,0.61,0.075,0.082,0.00,357,,3660,0,-1242,394,1.88,30.1,1.00,0.187
56.70,DOWNWIND,139.75,140.21,31.67,1.72,9.1,2.5,-51.5,-397.3,597,0.61,0.074,0.213,0.00,353,,3660,0,-1242,397,1.85,30.1,1.00,0.187
56.80,DOWNWIND,139.93,140.39,31.65,1.75,9.2,2.3,-51.5,-400.8,597,0.61,0.071,0.250,0.00,350,,3660,0,-1242,401,1.81,30.1,1.00,0.187
56.90,DOWNWIND,140.10,140.56,31.63,1.79,9.3,1.7,-51.5,-404.3,597,0.61,0.068,0.196,0.00,346,,3660,0,-1242,404,1.78,30.1,1.00,0.187
57.00,DOWNWIND,140.28,140.74,31.60,1.82,9.3,1.0,-51.5,-407.7,597,0.60,0.073,0.065,0.00,343,,3660,0,-1242,408,1.74,30.1,1.00,0.187
57.10,DOWNWIND,140.47,140.92,31.57,1.85,9.3,0.0,-51.5,-411.2,597,0.60,0.081,-0.026,0.00,339,,3660,0,-1242,411,1.71,30.1,1.00,0.187
57.20,DOWNWIND,140.65,141.11,31.54,1.87,9.3,-1.0,-51.6,-414.6,597,0.60,0.088,-0.058,0.00,336,,3660,0,-1242,415,1.67,30.1,1.00,0.187
57.30,DOWNWIND,140.84,141.29,31.52,1.88,9.2,-2.0,-51.6,-418.1,597,0.60,0.089,-0.082,0.00,332,,3660,0,-1242,418,1.63,30.1,1.00,0.187
57.40,DOWNWIND,141.03,141.48,31.50,1.90,9.2,-3.0,-51.7,-421.5,597,1.00,0.069,-0.097,0.00,329,,3660,0,-1242,422,1.59,41.0,1.02,0.060
57.50,DOWNWIND,141.22,141.67,31.57,1.96,9.2,-4.0,-51.7,-425.0,597,1.00,0.022,-0.108,0.00,326,,3660,0,-1242,425,1.56,41.0,1.07,0.051
57.60,DOWNWIND,141.42,141.87,31.63,2.00,9.0,-5.0,-51.7,-428.4,597,1.00,0.000,-0.112,0.00,322,,3660,0,-1242,428,1.52,41.0,1.12,0.042
57.70,DOWNWIND,141.62,142.07,31.70,1.97,8.6,-6.0,-51.8,-431.9,597,1.00,0.005,-0.113,0.00,319,,3660,0,-1242,432,1.48,41.0,1.17,0.034
57.80,DOWNWIND,141.81,142.26,31.77,1.85,8.1,-7.0,-51.8,-435.4,597,1.00,0.023,-0.105,0.00,315,,3660,0,-1242,435,1.44,41.0,1.22,0.029
57.90,DOWNWIND,141.99,142.43,31.86,1.68,7.7,-8.0,-51.8,-438.8,597,1.00,0.018,-0.097,0.00,312,,3660,0,-1242,439,1.40,41.0,1.27,0.026
58.00,DOWNWIND,142.15,142.59,31.95,1.49,7.4,-8.9,-51.7,-442.3,597,1.00,0.005,-0.082,0.00,308,,3659,0,-1242,442,1.37,41.0,1.32,0.023
58.10,DOWNWIND,142.30,142.73,32.04,1.29,7.2,-9.4,-51.7,-445.8,597,1.00,0.000,-0.056,0.00,305,,3659,0,-1242,446,1.34,41.0,1.37,0.021
58.20,DOWNWIND,142.42,142.86,32.14,1.09,6.9,-9.9,-51.7,-449.3,596,1.00,0.003,-0.027,0.00,301,,3659,0,-1241,449,1.32,41.0,1.42,0.019
58.30,DOWNWIND,142.52,142.96,32.24,0.87,6.6,-10.6,-51.6,-452.9,596,1.00,0.011,0.003,0.00,298,,3659,0,-1241,453,1.30,41.0,1.47,0.017
58.40,DOWNWIND,142.60,143.03,32.35,0.64,6.3,-11.5,-51.5,-456.4,596,1.00,0.014,0.031,0.00,294,,3659,0,-1241,456,1.28,41.0,1.52,0.016
58.50,DOWNWIND,142.66,143.09,32.46,0.43,6.0,-12.5,-51.5,-459.9,596,1.00,0.015,0.057,0.00,291,,3659,0,-1241,460,1.27,41.0,1.57,0.015
58.60,DOWNWIND,142.69,143.12,32.58,0.23,5.7,-13.7,-51.4,-463.5,596,1.00,0.019,0.075,0.00,287,,3659,0,-1241,464,1.26,41.0,1.62,0.013
58.70,DOWNWIND,142.71,143.14,32.71,0.04,5.4,-14.9,-51.3,-467.1,596,1.00,0.026,0.089,0.00,283,,3659,0,-1241,467,1.26,41.0,1.67,0.012
58.80,DOWNWIND,142.71,143.14,32.83,-0.12,5.0,-15.9,-51.3,-470.7,596,1.00,0.032,0.098,0.00,280,,3659,0,-1241,471,1.26,41.0,1.72,0.010
58.90,DOWNWIND,142.69,143.12,32.97,-0.25,4.7,-16.8,-51.3,-474.3,596,1.00,0.037,0.101,0.00,276,,3658,0,-1241,474,1.26,41.0,1.77,0.008
59.00,DOWNWIND,142.66,143.09,33.10,-0.35,4.3,-17.7,-51.3,-477.9,595,1.00,0.045,0.097,0.00,273,,3658,0,-1240,478,1.27,41.0,1.82,0.006
59.10,DOWNWIND,142.62,143.06,33.23,-0.43,3.9,-18.5,-51.3,-481.5,595,1.00,0.050,0.088,0.00,269,,3658,0,-1240,482,1.27,41.0,1.87,0.004
59.20,DOWNWIND,142.58,143.01,33.37,-0.47,3.5,-19.3,-51.3,-485.1,595,1.00,0.058,0.072,0.00,265,,3658,0,-1240,485,1.28,41.0,1.92,0.002
59.30,DOWNWIND,142.53,142.96,33.50,-0.56,2.9,-20.0,-51.3,-488.8,595,1.00,0.077,0.052,0.00,262,,3658,0,-1240,489,1.29,41.0,1.97,-0.000
59.40,DOWNWIND,142.47,142.91,33.64,-0.63,2.6,-20.7,-51.3,-492.5,594,1.00,0.031,0.031,0.00,258,,3657,0,-1239,492,1.31,41.0,2.00,-0.039
59.50,DOWNWIND,142.40,142.84,33.78,-0.67,2.3,-21.3,-51.4,-496.2,594,1.00,0.028,0.009,0.00,254,,3657,0,-1239,496,1.32,41.0,2.00,-0.037
59.60,DOWNWIND,142.33,142.78,33.91,-0.74,1.9,-21.8,-51.5,-499.9,594,1.00,0.038,-0.016,0.00,251,,3657,0,-1239,500,1.33,41.0,2.00,-0.034
59.70,DOWNWIND,142.26,142.70,34.05,-0.83,1.7,-22.2,-51.5,-503.6,593,1.00,0.038,-0.036,0.00,247,,3656,0,-1238,504,1.35,41.0,2.00,-0.031
59.80,DOWNWIND,142.17,142.61,34.19,-0.93,1.5,-22.5,-51.6,-507.3,593,1.00,0.028,-0.053,0.00,243,,3656,0,-1238,507,1.36,41.0,2.00,-0.028
59.90,DOWNWIND,142.07,142.52,34.33,-1.05,1.5,-22.7,-51.6,-511.0,592,1.00,0.019,-0.065,0.00,239,,3655,0,-1237,511,1.38,41.0,2.00,-0.025
60.00,DOWNWIND,141.96,142.41,34.48,-1.18,1.5,-22.8,-51.6,-514.8,592,1.00,0.012,-0.073,0.00,236,,3655,0,-1237,515,1.41,41.0,2.00,-0.022
60.10,DOWNWIND,141.84,142.29,34.64,-1.33,1.4,-22.8,-51.7,-518.5,591,1.00,0.012,-0.075,0.00,232,,3654,0,-1236,519,1.43,41.0,2.00,-0.018
60.20,DOWNWIND,141.70,142.15,34.79,-1.50,1.4,-22.7,-51.7,-522.3,591,1.00,0.013,-0.073,0.00,228,,3654,0,-1236,522,1.46,41.0,2.00,-0.015
60.30,DOWNWIND,141.55,141.99,34.96,-1.68,1.5,-22.6,-51.7,-526.1,590,1.00,0.011,-0.065,0.00,224,,3653,0,-1235,526,1.49,41.0,2.00,-0.011
60.40,DOWNWIND,141.37,141.82,35.13,-1.86,1.5,-22.2,-51.6,-529.9,589,1.00,0.012,-0.050,0.00,221,,3652,0,-1234,530,1.52,41.0,2.00,-0.007
60.50,DOWNWIND,141.18,141.62,35.30,-2.04,1.5,-21.9,-51.6,-533.7,589,1.00,0.018,-0.029,0.00,217,,3651,0,-1234,534,1.56,41.0,2.00,-0.003
60.60,DOWNWIND,140.97,141.41,35.47,-2.20,1.5,-21.6,-51.6,-537.5,588,1.00,0.023,-0.006,0.00,213,,3651,0,-1233,537,1.60,41.0,2.00,0.001
60.70,DOWNWIND,140.75,141.18,35.64,-2.33,1.5,-21.6,-51.5,-541.3,587,1.00,0.025,0.014,0.00,209,,3650,0,-1232,541,1.65,41.0,2.00,0.005
60.80,DOWNWIND,140.51,140.94,35.81,-2.44,1.5,-21.6,-51.5,-545.1,586,1.00,0.032,0.033,0.00,205,,3649,0,-1231,545,1.70,41.0,2.00,0.009
60.90,DOWNWIND,140.26,140.69,35.98,-2.51,1.5,-21.6,-51.4,-549.0,585,1.00,0.041,0.051,0.00,201,,3648,0,-1230,549,1.75,41.0,2.00,0.012
61.00,DOWNWIND,140.01,140.43,36.15,-2.54,1.4,-21.6,-51.4,-552.9,585,1.00,0.047,0.066,0.00,198,,3647,0,-1230,553,1.80,41.0,2.00,0.016
61.10,DOWNWIND,139.76,140.17,36.32,-2.53,1.3,-21.7,-51.3,-556.7,584,1.00,0.055,0.076,0.00,194,,3647,0,-1229,557,1.85,41.0,2.00,0.018
61.20,DOWNWIND,139.51,139.91,36.48,-2.49,1.2,-21.8,-51.3,-560.6,583,1.00,0.064,0.080,0.00,190,,3646,0,-1228,561,1.90,41.0,2.00,0.022
61.30,DOWNWIND,139.26,139.66,36.64,-2.41,1.1,-22.0,-51.3,-564.5,582,1.00,0.073,0.080,0.00,186,,3645,0,-1227,565,1.95,41.0,2.00,0.033
61.40,DOWNWIND,139.02,139.42,36.79,-2.30,1.0,-22.2,-51.3,-568.4,581,1.00,0.076,0.074,0.00,182,,3644,0,-1226,568,1.99,41.0,2.00,0.043
61.50,DOWNWIND,138.80,139.19,36.94,-2.15,1.0,-22.5,-51.3,-572.3,580,1.00,0.079,0.064,0.00,178,,3643,0,-1225,572,2.04,41.0,2.00,0.052
61.60,DOWNWIND,138.59,138.98,37.08,-1.98,1.1,-22.7,-51.3,-576.3,579,1.00,0.080,0.048,0.00,174,,3641,0,-1224,576,2.08,41.0,2.00,0.060
61.70,DOWNWIND,138.40,138.78,37.21,-1.78,1.2,-23.0,-51.3,-580.2,577,1.00,0.076,0.031,0.00,170,,3640,0,-1222,580,2.12,41.0,2.00,0.067
61.80,DOWNWIND,138.23,138.61,37.33,-1.58,1.4,-23.2,-51.4,-584.1,576,1.00,0.073,0.011,0.00,166,,3639,0,-1221,584,2.15,41.0,2.00,0.074
61.90,DOWNWIND,138.08,138.46,37.45,-1.37,1.6,-23.4,-51.4,-588.0,575,1.00,0.070,-0.008,0.00,162,,3638,0,-1220,588,2.18,41.0,2.00,0.079
62.00,DOWNWIND,137.94,138.33,37.56,-1.19,1.8,-23.6,-51.5,-591.9,574,1.00,0.064,-0.026,0.00,159,,3636,0,-1219,592,2.21,41.0,2.00,0.084
62.10,DOWNWIND,137.83,138.21,37.66,-1.01,2.1,-23.7,-51.5,-595.8,572,1.00,0.057,-0.041,0.00,155,,3635,0,-1217,596,2.23,41.0,2.00,0.089
62.20,DOWNWIND,137.74,138.11,37.77,-0.86,2.4,-23.7,-51.6,-599.7,571,1.00,0.049,-0.051,0.00,151,,3634,0,-1216,600,2.25,41.0,2.00,0.093
62.30,DOWNWIND,137.65,138.03,37.87,-0.73,2.8,-23.6,-51.6,-603.6,569,1.00,0.044,-0.057,0.00,147,,3632,0,-1214,604,2.27,41.0,2.00,0.097
62.40,DOWNWIND,137.58,137.96,37.97,-0.63,3.1,-23.5,-51.6,-607.5,568,1.00,0.044,-0.059,0.00,143,,3630,0,-1213,608,2.28,41.0,2.00,0.102
62.50,DOWNWIND,137.52,137.90,38.07,-0.56,3.5,-23.3,-51.6,-611.4,566,1.00,0.041,-0.054,0.00,139,,3629,0,-1211,611,2.29,41.0,2.00,0.106
62.60,DOWNWIND,137.47,137.84,38.17,-0.50,3.8,-23.1,-51.6,-615.3,564,1.00,0.037,-0.044,0.00,135,,3627,0,-1209,615,2.31,41.0,2.00,0.110
62.70,DOWNWIND,137.42,137.79,38.27,-0.44,4.2,-22.9,-51.6,-619.1,563,1.00,0.037,-0.031,0.00,131,,3626,0,-1208,619,2.32,41.0,2.00,0.114
62.80,DOWNWIND,137.38,137.75,38.36,-0.39,4.5,-22.7,-51.6,-623.0,561,1.00,0.042,-0.015,0.00,127,,3624,0,-1206,623,2.32,41.0,2.00,0.118
62.90,DOWNWIND,137.34,137.71,38.45,-0.33,4.7,-22.6,-51.5,-626.9,559,1.00,0.047,0.002,0.00,124,,3622,0,-1204,627,2.33,41.0,2.00,0.122
63.00,DOWNWIND,137.31,137.68,38.54,-0.24,5.0,-22.5,-51.5,-630.7,557,1.00,0.049,0.021,0.00,120,,3620,0,-1202,631,2.34,41.0,2.00,0.126
63.10,DOWNWIND,137.29,137.65,38.62,-0.13,5.2,-22.4,-51.4,-634.6,555,1.00,0.053,0.038,0.00,116,,3618,0,-1200,635,2.34,41.0,2.00,0.128
63.20,DOWNWIND,137.28,137.64,38.70,0.01,5.3,-22.3,-51.4,-638.4,554,1.00,0.059,0.052,0.00,112,,3616,0,-1199,638,2.34,41.0,2.00,0.131
63.30,DOWNWIND,137.29,137.65,38.77,0.17,5.4,-22.4,-51.3,-642.2,552,1.00,0.066,0.062,0.00,108,,3615,0,-1197,642,2.34,41.0,2.00,0.132
63.40,DOWNWIND,137.31,137.67,38.84,0.36,5.5,-22.5,-51.3,-646.0,550,1.00,0.070,0.067,0.00,104,,3613,0,-1195,646,2.34,41.0,2.00,0.133
63.50,DOWNWIND,137.35,137.71,38.89,0.58,5.6,-22.6,-51.3,-649.8,548,1.00,0.070,0.069,0.00,101,,3611,0,-1193,650,2.33,41.0,2.00,0.134
63.60,DOWNWIND,137.42,137.78,38.94,0.82,5.7,-22.8,-51.3,-653.6,546,1.00,0.071,0.064,0.00,97,,3608,0,-1191,654,2.32,41.0,2.00,0.133
63.70,DOWNWIND,137.51,137.87,38.99,1.07,5.7,-23.0,-51.3,-657.4,544,1.00,0.073,0.055,0.00,93,,3606,0,-1189,657,2.30,41.0,2.00,0.132
63.80,DOWNWIND,137.63,137.98,39.03,1.31,5.8,-23.2,-51.3,-661.1,541,1.00,0.071,0.042,0.00,89,,3604,0,-1186,661,2.27,41.0,2.00,0.130
63.90,DOWNWIND,137.76,138.13,39.05,1.55,5.9,-23.4,-51.4,-664.8,539,0.99,0.063,0.027,0.00,86,,3602,0,-1184,665,2.25,41.0,1.99,0.127
64.00,DOWNWIND,137.93,138.29,39.08,1.77,6.0,-23.6,-51.4,-668.5,537,0.98,0.098,0.011,0.00,82,,3600,0,-1182,669,2.21,41.0,1.94,0.179
64.10,DOWNWIND,138.11,138.48,39.09,2.01,6.4,-23.7,-51.4,-672.2,535,0.97,0.064,-0.004,0.00,78,,3597,0,-1180,672,2.18,41.0,1.89,0.173
64.20,DOWNWIND,138.32,138.69,39.09,2.28,6.8,-23.8,-51.5,-675.8,532,0.96,0.044,-0.020,0.00,75,,3595,0,-1177,676,2.13,41.0,1.84,0.164
64.30,DOWNWIND,138.56,138.93,39.09,2.50,7.1,-23.8,-51.5,-679.4,530,0.95,0.042,-0.036,0.00,71,,3593,0,-1175,679,2.09,41.0,1.79,0.155
64.40,DOWNWIND,138.81,139.19,39.08,2.66,7.3,-23.8,-51.6,-683.0,527,0.94,0.038,-0.047,0.00,67,,3590,0,-1172,683,2.04,41.0,1.74,0.146
64.50,DOWNWIND,139.08,139.46,39.07,2.77,7.5,-23.7,-51.6,-686.5,525,0.94,0.029,-0.054,0.00,64,,3588,0,-1170,687,1.98,41.0,1.69,0.137
64.60,DOWNWIND,139.36,139.75,39.07,2.82,7.6,-23.5,-51.6,-690.0,522,0.94,0.022,-0.055,0.00,60,,3585,0,-1167,690,1.93,41.0,1.64,0.128
64.70,DOWNWIND,139.65,140.03,39.06,2.83,7.8,-23.4,-51.6,-693.5,520,0.93,0.017,-0.052,0.00,57,,3583,0,-1165,694,1.87,41.0,1.59,0.120
64.80,DOWNWIND,139.93,140.32,39.06,2.80,7.9,-23.2,-51.6,-697.0,517,0.93,0.010,-0.043,0.00,53,,3580,0,-1162,697,1.81,41.0,1.54,0.113
64.90,DOWNWIND,140.21,140.60,39.06,2.75,8.0,-23.0,-51.6,-700.4,515,0.93,0.008,-0.031,0.00,50,,3577,0,-1160,700,1.76,41.0,1.49,0.107
65.00,DOWNWIND,140.48,140.88,39.06,2.68,8.0,-22.8,-51.6,-703.8,512,0.93,0.012,-0.017,0.00,47,,3575,0,-1157,704,1.70,41.0,1.44,0.101
65.10,DOWNWIND,140.74,141.14,39.06,2.59,8.0,-22.7,-51.5,-707.2,509,0.93,0.016,-0.000,0.00,43,,3572,0,-1154,707,1.65,41.0,1.39,0.097
65.20,DOWNWIND,141.00,141.40,39.07,2.50,7.9,-22.5,-51.5,-710.6,507,0.93,0.018,0.017,0.00,40,,3569,0,-1152,711,1.60,41.0,1.34,0.093
65.30,DOWNWIND,141.25,141.65,39.07,2.43,7.8,-22.5,-51.4,-714.0,504,0.93,0.021,0.033,0.00,36,,3567,0,-1149,714,1.55,41.0,1.29,0.089
65.40,DOWNWIND,141.49,141.89,39.08,2.38,7.7,-22.5,-51.4,-717.3,501,0.93,0.027,0.046,0.00,33,,3564,0,-1146,717,1.50,41.0,1.24,0.085
65.50,DOWNWIND,141.73,142.13,39.08,2.34,7.5,-22.5,-51.4,-720.6,498,0.93,0.032,0.056,0.00,30,,3561,0,-1143,721,1.45,41.0,1.19,0.082
65.60,DOWNWIND,141.96,142.36,39.09,2.32,7.3,-22.6,-51.3,-723.9,495,0.92,0.033,0.062,0.00,27,,3558,0,-1140,724,1.41,41.0,1.14,0.078
65.70,DOWNWIND,142.19,142.60,39.09,2.34,7.1,-22.7,-51.3,-727.2,493,0.92,0.032,0.062,0.00,23,,3555,0,-1138,727,1.36,41.0,1.09,0.073
65.80,DOWNWIND,142.43,142.83,39.10,2.37,6.9,-22.9,-51.3,-730.5,490,0.92,0.035,0.058,0.00,20,,3553,0,-1135,730,1.31,41.0,1.04,0.068
65.90,DOWNWIND,142.66,143.07,39.10,2.40,6.6,-23.1,-51.3,-733.7,487,0.91,0.039,0.048,0.00,17,,3550,0,-1132,734,1.27,41.0,1.00,0.063
66.00,DOWNWIND,142.90,143.32,39.10,2.42,6.4,-23.2,-51.4,-736.9,484,0.91,0.036,0.036,0.00,14,,3547,0,-1129,737,1.22,41.0,1.00,0.058
66.10,DOWNWIND,143.15,143.56,39.09,2.45,6.2,-23.4,-51.4,-740.0,481,0.91,0.028,0.022,0.00,10,,3544,0,-1126,740,1.17,41.0,1.00,0.053
66.20,DOWNWIND,143.39,143.81,39.09,2.47,6.1,-23.5,-51.4,-743.2,478,0.90,0.019,0.006,0.00,7,,3541,0,-1123,743,1.12,41.0,1.00,0.048
66.30,DOWNWIND,143.64,144.06,39.08,2.47,6.0,-23.6,-51.5,-746.3,475,0.90,0.015,-0.011,0.00,4,,3538,0,-1120,746,1.07,41.0,1.00,0.043
66.40,DOWNWIND,143.89,144.31,39.08,2.44,5.8,-23.7,-51.5,-749.3,472,0.90,0.010,-0.026,0.00,1,,3535,0,-1117,749,1.02,41.0,1.00,0.038
66.50,DOWNWIND,144.13,144.55,39.08,2.38,5.8,-23.7,-51.6,-752.4,469,0.90,0.004,-0.038,0.00,2,,3532,0,-1114,752,0.97,41.0,1.00,0.035
66.60,DOWNWIND,144.36,144.79,39.08,2.28,5.7,-23.6,-51.6,-755.4,466,0.90,0.000,-0.047,0.00,5,,3528,0,-1111,755,0.93,41.0,1.00,0.032
66.70,DOWNWIND,144.59,145.01,39.09,2.15,5.6,-23.5,-51.6,-758.4,462,0.89,0.000,-0.052,0.00,8,,3525,0,-1107,758,0.88,41.0,1.00,0.031
66.80,DOWNWIND,144.80,145.22,39.10,1.99,5.6,-23.4,-51.6,-761.3,459,0.90,0.000,-0.052,0.00,11,,3522,0,-1104,761,0.84,41.0,1.00,0.031
66.90,DOWNWIND,144.99,145.42,39.12,1.80,5.6,-23.2,-51.6,-764.2,456,0.90,0.000,-0.047,0.00,14,,3519,0,-1101,764,0.80,41.0,1.00,0.032
67.00,DOWNWIND,145.16,145.59,39.14,1.62,5.6,-23.1,-51.6,-767.1,453,0.90,0.000,-0.037,0.00,17,,3516,0,-1098,767,0.77,41.0,1.00,0.034
67.10,DOWNWIND,145.32,145.75,39.17,1.46,5.7,-22.9,-51.6,-770.0,449,0.90,0.000,-0.025,0.00,20,,3512,0,-1094,770,0.74,41.0,1.00,0.036
67.20,DOWNWIND,145.46,145.89,39.20,1.31,5.7,-22.7,-51.6,-772.9,446,0.89,0.000,-0.011,0.00,22,,3509,0,-1091,773,0.71,41.0,1.00,0.038
67.30,DOWNWIND,145.59,146.01,39.23,1.16,5.6,-22.6,-51.5,-775.7,443,0.89,0.004,0.003,0.00,25,,3506,0,-1088,776,0.68,41.0,1.00,0.040
67.40,DOWNWIND,145.70,146.12,39.26,1.02,5.4,-22.5,-51.5,-778.5,440,0.89,0.017,0.018,0.00,28,,3502,0,-1085,779,0.66,41.0,1.00,0.043
67.50,DOWNWIND,145.80,146.21,39.30,0.89,5.3,-22.5,-51.4,-781.3,436,0.89,0.023,0.032,0.00,31,,3499,0,-1081,781,0.64,41.0,1.00,0.046
67.60,DOWNWIND,145.88,146.30,39.34,0.81,5.2,-22.4,-51.4,-784.1,433,0.88,0.026,0.044,0.00,34,,3496,0,-1078,784,0.62,41.0,1.00,0.048
67.70,DOWNWIND,145.96,146.37,39.37,0.76,5.0,-22.5,-51.4,-786.8,429,0.88,0.030,0.051,0.00,36,,3492,0,-1074,787,0.61,41.0,1.00,0.049
67.80,DOWNWIND,146.04,146.45,39.40,0.74,4.9,-22.6,-51.3,-789.6,426,0.87,0.033,0.055,0.00,39,,3489,0,-1071,790,0.59,41.0,1.00,0.050
67.90,DOWNWIND,146.11,146.52,39.43,0.76,4.7,-22.7,-51.3,-792.3,423,0.87,0.034,0.054,0.00,42,,3485,0,-1068,792,0.58,41.0,1.00,0.049
68.00,DOWNWIND,146.19,146.60,39.46,0.80,4.6,-22.8,-51.3,-794.9,419,0.86,0.039,0.047,0.00,44,,3482,0,-1064,795,0.56,41.0,1.00,0.048
68.10,DOWNWIND,146.27,146.68,39.49,0.85,4.4,-23.0,-51.4,-797.6,416,0.86,0.042,0.038,0.00,47,,3478,0,-1061,798,0.55,41.0,1.00,0.046
68.20,DOWNWIND,146.36,146.76,39.51,0.89,4.2,-23.1,-51.4,-800.2,412,0.85,0.039,0.025,0.00,50,,3475,0,-1057,800,0.53,41.0,1.00,0.045
68.30,DOWNWIND,146.45,146.85,39.53,0.94,4.1,-23.3,-51.4,-802.7,409,0.84,0.032,0.011,0.00,52,,3471,0,-1054,803,0.51,41.0,1.00,0.042
68.40,DOWNWIND,146.54,146.95,39.54,0.99,4.1,-23.4,-51.4,-805.3,405,0.84,0.026,-0.004,0.00,55,,3468,0,-1050,805,0.49,41.0,1.00,0.040
68.50,DOWNWIND,146.64,147.05,39.55,1.02,4.1,-23.5,-51.5,-807.8,401,0.83,0.020,-0.019,0.00,57,,3464,0,-1046,808,0.47,41.0,1.00,0.038
68.60,DOWNWIND,146.75,147.15,39.57,1.03,4.1,-23.5,-51.5,-810.2,398,0.83,0.016,-0.032,0.00,60,,3461,0,-1043,810,0.45,41.0,1.00,0.036
68.70,DOWNWIND,146.85,147.26,39.58,1.01,4.0,-23.5,-51.6,-812.6,394,0.83,0.013,-0.043,0.00,62,,3457,0,-1039,813,0.43,41.0,1.00,0.035
68.80,DOWNWIND,146.95,147.36,39.60,0.95,4.0,-23.4,-51.6,-815.0,390,0.83,0.011,-0.050,0.00,65,,3453,0,-1035,815,0.41,41.0,1.00,0.034
68.90,DOWNWIND,147.04,147.45,39.62,0.86,4.1,-23.4,-51.6,-817.3,387,0.82,0.009,-0.053,0.00,67,,3449,0,-1032,817,0.39,41.0,1.00,0.035
69.00,DOWNWIND,147.12,147.54,39.64,0.75,4.1,-23.2,-51.6,-819.6,383,0.82,0.007,-0.051,0.00,69,,3446,0,-1028,820,0.38,41.0,1.00,0.036
69.10,DOWNWIND,147.19,147.61,39.67,0.62,4.2,-23.1,-51.6,-821.9,379,0.82,0.003,-0.045,0.00,71,,3442,0,-1024,822,0.36,41.0,1.00,0.038
69.20,DOWNWIND,147.25,147.67,39.70,0.50,4.2,-22.9,-51.6,-824.2,375,0.82,0.002,-0.035,0.00,74,,3438,0,-1020,824,0.35,41.0,1.00,0.041
69.30,DOWNWIND,147.30,147.72,39.73,0.39,4.3,-22.8,-51.6,-826.4,372,0.82,0.008,-0.024,0.00,76,,3434,0,-1017,826,0.34,41.0,1.00,0.044
69.40,DOWNWIND,147.33,147.76,39.76,0.27,4.3,-22.7,-51.5,-828.6,368,0.82,0.016,-0.011,0.00,78,,3431,0,-1013,829,0.33,41.0,1.00,0.047
69.50,DOWNWIND,147.35,147.79,39.80,0.16,4.2,-22.5,-51.5,-830.8,364,0.82,0.020,0.004,0.00,80,,3427,0,-1009,831,0.33,41.0,1.00,0.050
69.60,DOWNWIND,147.37,147.81,39.83,0.09,4.2,-22.5,-51.5,-832.9,360,0.81,0.024,0.018,0.00,82,,3423,0,-1005,833,0.33,41.0,1.00,0.053
69.70,DOWNWIND,147.37,147.83,39.87,0.04,4.2,-22.4,-51.4,-835.0,356,0.81,0.029,0.029,0.00,85,,3419,0,-1001,835,0.32,41.0,1.00,0.055
69.80,DOWNWIND,147.38,147.85,39.90,0.02,4.1,-22.4,-51.4,-837.1,352,0.81,0.035,0.038,0.00,87,,3415,0,-997,837,0.32,41.0,1.00,0.056
69.90,DOWNWIND,147.38,147.87,39.93,0.04,4.1,-22.5,-51.4,-839.2,348,0.80,0.038,0.043,0.00,89,,3411,0,-993,839,0.32,41.0,1.00,0.057
70.00,DOWNWIND,147.39,147.89,39.95,0.08,4.0,-22.5,-51.3,-841.2,345,0.80,0.038,0.045,0.00,91,,3407,0,-990,841,0.32,41.0,1.00,0.057
70.10,DOWNWIND,147.40,147.92,39.98,0.16,3.9,-22.7,-51.3,-843.2,341,0.79,0.039,0.042,0.00,93,,3403,0,-986,843,0.32,41.0,1.00,0.056
70.20,DOWNWIND,147.42,147.95,40.00,0.25,3.8,-22.8,-51.4,-845.1,337,0.79,0.043,0.035,0.00,95,,3399,0,-982,845,0.32,41.0,1.00,0.055
70.30,DOWNWIND,147.44,148.00,40.01,0.33,3.7,-22.9,-51.4,-847.0,333,0.78,0.045,0.025,0.00,97,,3395,0,-978,847,0.31,41.0,1.00,0.053
70.40,DOWNWIND,147.48,148.05,40.02,0.41,3.6,-23.1,-51.4,-848.9,329,0.78,0.040,0.013,0.00,98,,3391,0,-974,849,0.30,41.0,1.00,0.050
70.50,DOWNWIND,147.52,148.11,40.03,0.48,3.6,-23.2,-51.4,-850.7,325,0.77,0.034,-0.000,0.00,100,,3387,0,-970,851,0.30,41.0,1.00,0.048
70.60,DOWNWIND,147.57,148.18,40.04,0.55,3.6,-23.3,-51.5,-852.5,321,0.77,0.029,-0.014,0.00,102,,3383,0,-966,852,0.28,41.0,1.00,0.045
70.70,DOWNWIND,147.63,148.25,40.05,0.59,3.6,-23.3,-51.5,-854.2,316,0.77,0.025,-0.027,0.00,104,,3379,0,-961,854,0.27,41.0,1.00,0.043
70.80,DOWNWIND,147.69,148.32,40.05,0.60,3.6,-23.4,-51.5,-855.9,312,0.77,0.020,-0.038,0.00,105,,3375,0,-957,856,0.26,41.0,1.00,0.041
70.90,DOWNWIND,147.75,148.39,40.06,0.59,3.6,-23.4,-51.6,-857.6,308,0.76,0.016,-0.046,0.00,107,,3371,0,-953,858,0.25,41.0,1.00,0.040
71.00,DOWNWIND,147.81,148.46,40.07,0.55,3.7,-23.3,-51.6,-859.2,304,0.76,0.014,-0.051,0.00,109,,3367,0,-949,859,0.24,41.0,1.00,0.040
71.10,DOWNWIND,147.86,148.52,40.08,0.48,3.7,-23.2,-51.6,-860.7,300,0.76,0.012,-0.052,0.00,110,,3363,0,-945,861,0.23,41.0,1.00,0.040
71.20,DOWNWIND,147.90,148.57,40.10,0.39,3.8,-23.1,-51.6,-862.3,296,0.76,0.008,-0.048,0.00,112,,3359,0,-941,862,0.22,41.0,1.00,0.041
71.30,DOWNWIND,147.94,148.61,40.11,0.30,3.9,-23.0,-51.6,-863.8,292,0.76,0.005,-0.041,0.00,113,,3355,0,-937,864,0.21,41.0,1.00,0.043
71.40,DOWNWIND,147.97,148.65,40.13,0.21,3.9,-22.8,-51.6,-865.2,288,0.76,0.007,-0.032,0.00,115,,3351,0,-933,865,0.21,41.0,1.00,0.045
71.50,DOWNWIND,147.98,148.67,40.15,0.12,4.0,-22.7,-51.5,-866.7,283,0.76,0.014,-0.021,0.00,116,,3346,0,-928,867,0.20,41.0,1.00,0.047
71.60,DOWNWIND,147.99,148.69,40.18,0.03,4.0,-22.6,-51.5,-868.1,279,0.76,0.020,-0.009,0.00,118,,3342,0,-924,868,0.20,41.0,1.00,0.050
71.70,DOWNWIND,147.99,148.70,40.20,-0.05,4.0,-22.5,-51.5,-869.4,275,0.76,0.023,0.004,0.00,119,,3338,0,-920,869,0.20,41.0,1.00,0.052
71.80,DOWNWIND,147.99,148.71,40.23,-0.09,3.9,-22.4,-51.4,-870.8,271,0.76,0.026,0.016,0.00,120,,3334,0,-916,871,0.20,41.0,1.00,0.054
71.90,DOWNWIND,147.98,148.71,40.25,-0.11,3.9,-22.4,-51.4,-872.1,267,0.76,0.031,0.025,0.00,122,,3330,0,-912,872,0.20,41.0,1.00,0.055
72.00,DOWNWIND,147.97,148.72,40.27,-0.11,3.9,-22.4,-51.4,-873.4,262,0.76,0.035,0.031,0.00,123,,3325,0,-907,873,0.21,41.0,1.00,0.056
72.10,DOWNWIND,147.96,148.72,40.29,-0.08,3.8,-22.5,-51.4,-874.6,258,0.76,0.036,0.035,0.00,124,,3321,0,-903,875,0.21,41.0,1.00,0.056
72.20,DOWNWIND,147.95,148.73,40.31,-0.01,3.8,-22.6,-51.4,-875.8,254,0.75,0.036,0.035,0.00,125,,3317,0,-899,876,0.21,41.0,1.00,0.056
72.30,DOWNWIND,147.95,148.74,40.32,0.07,3.7,-22.7,-51.4,-876.9,250,0.75,0.038,0.030,0.00,126,,3313,0,-895,877,0.21,41.0,1.00,0.054
72.40,DOWNWIND,147.96,148.78,40.33,0.14,3.6,-22.8,-31.3,-878.1,245,0.74,0.041,-0.060,0.00,128,,3308,0,-890,878,0.21,41.0,1.00,0.052
72.50,DOWNWIND,147.98,149.61,40.33,0.21,3.6,-22.8,-30.6,-879.1,241,0.74,0.032,-0.191,0.00,129,,3304,0,-886,879,0.20,41.0,1.00,0.050
72.60,DOWNWIND,148.00,150.84,40.33,0.26,3.6,-22.4,-30.2,-880.1,237,0.74,0.020,-0.140,0.00,130,,3300,0,-882,880,0.20,41.0,1.00,0.048
72.70,DOWNWIND,148.03,151.36,40.33,0.31,3.7,-21.7,-30.2,-881.1,233,0.74,0.016,-0.055,0.00,131,,3295,0,-878,881,0.19,41.0,1.00,0.046
72.80,DOWNWIND,148.06,150.59,40.34,0.33,3.7,-20.8,-30.4,-882.1,228,0.74,0.014,-0.017,0.00,132,,3291,0,-873,882,0.19,41.0,1.00,0.045
72.90,DOWNWIND,148.09,149.42,40.35,0.31,3.7,-19.8,-30.5,-882.9,224,0.73,0.020,0.010,0.00,132,,3287,0,-869,883,0.18,41.0,1.00,0.045
73.00,DOWNWIND,148.12,148.99,40.36,0.28,3.7,-19.4,-30.5,-883.8,220,0.73,0.016,0.021,0.00,133,,3283,0,-865,884,0.17,41.0,1.00,0.045
73.10,DOWNWIND,148.15,149.03,40.37,0.27,3.8,-19.3,-30.3,-884.6,215,0.73,0.014,0.023,0.00,134,,3278,0,-860,885,0.17,41.0,1.00,0.045
73.20,DOWNWIND,148.18,149.06,40.38,0.25,3.8,-19.2,-30.0,-885.4,211,0.73,0.015,0.021,0.00,135,,3274,0,-856,885,0.16,41.0,1.00,0.045
73.30,DOWNWIND,148.20,149.09,40.39,0.25,3.8,-19.1,-29.6,-886.2,207,0.73,0.019,0.019,0.00,136,,3270,0,-852,886,0.16,41.0,1.00,0.045
73.40,DOWNWIND,148.23,149.12,40.39,0.25,3.8,-18.9,-29.0,-887.0,202,0.73,0.020,0.016,0.00,136,,3265,0,-847,887,0.15,41.0,1.00,0.044
73.50,DOWNWIND,148.25,149.15,40.40,0.26,3.7,-18.8,-28.4,-887.7,198,0.73,0.021,0.012,0.00,137,,3261,0,-843,888,0.15,41.0,1.00,0.043
73.60,DOWNWIND,148.28,149.18,40.41,0.28,3.7,-18.7,-27.8,-888.3,194,0.73,0.023,0.008,0.00,138,,3257,0,-839,888,0.14,41.0,1.00,0.043
73.70,DOWNWIND,148.31,149.21,40.41,0.30,3.6,-18.5,-27.1,-889.0,189,0.73,0.024,0.004,0.00,139,,3252,0,-834,889,0.14,41.0,1.00,0.042
73.80,DOWNWIND,148.34,149.24,40.42,0.32,3.6,-18.3,-26.5,-889.6,185,0.73,0.024,0.000,0.00,139,,3248,0,-830,890,0.13,41.0,1.00,0.040
73.90,DOWNWIND,148.37,149.27,40.42,0.34,3.5,-18.2,-26.0,-890.2,181,0.72,0.024,-0.003,0.00,140,,3243,0,-826,890,0.13,41.0,1.00,0.039
74.00,DOWNWIND,148.40,149.31,40.42,0.35,3.5,-18.0,-25.5,-890.7,176,0.72,0.023,-0.005,0.00,140,,3239,0,-821,891,0.12,41.0,1.00,0.038
74.10,DOWNWIND,148.44,149.34,40.42,0.36,3.4,-17.8,-25.1,-891.2,172,0.72,0.021,-0.006,0.00,141,,3235,0,-817,891,0.11,41.0,1.00,0.037
74.20,DOWNWIND,148.48,149.38,40.43,0.37,3.4,-17.6,-24.7,-891.7,168,0.72,0.020,-0.007,0.00,141,,3230,0,-813,892,0.10,41.0,1.00,0.036
74.30,DOWNWIND,148.51,149.42,40.43,0.36,3.4,-17.4,-24.4,-892.1,163,0.72,0.018,-0.008,0.00,142,,3226,0,-808,892,0.10,41.0,1.00,0.036
74.40,DOWNWIND,148.55,149.46,40.43,0.35,3.4,-17.1,-24.2,-892.6,159,0.72,0.018,-0.007,0.00,142,,3222,0,-804,893,0.09,41.0,1.00,0.035
74.50,DOWNWIND,148.58,149.50,40.44,0.33,3.4,-16.9,-24.0,-892.9,154,0.72,0.017,-0.007,0.00,142,,3217,0,-799,893,0.08,41.0,1.00,0.035
74.60,DOWNWIND,148.62,149.54,40.44,0.31,3.3,-16.7,-23.8,-893.3,150,0.72,0.016,-0.006,0.00,143,,3213,0,-795,893,0.08,41.0,1.00,0.034
74.70,DOWNWIND,148.65,149.58,40.45,0.29,3.3,-16.5,-23.6,-893.6,146,0.72,0.016,-0.006,0.00,143,,3209,0,-791,894,0.07,41.0,1.00,0.034
74.80,DOWNWIND,148.67,149.62,40.45,0.26,3.3,-16.2,-23.4,-893.9,141,0.72,0.015,-0.005,0.00,143,,3204,0,-786,894,0.06,41.0,1.00,0.034
74.90,DOWNWIND,148.70,149.66,40.46,0.24,3.3,-16.0,-23.2,-894.2,137,0.72,0.013,-0.005,0.00,144,,3200,0,-782,894,0.06,41.0,1.00,0.034
75.00,DOWNWIND,148.72,149.69,40.47,0.22,3.3,-15.8,-22.9,-894.4,133,0.72,0.013,-0.005,0.00,144,,3195,0,-778,894,0.05,41.0,1.00,0.035
75.10,DOWNWIND,148.74,149.73,40.47,0.20,3.3,-15.6,-22.7,-894.7,128,0.72,0.014,-0.006,0.00,144,,3191,0,-773,895,0.05,41.0,1.00,0.035
75.20,DOWNWIND,148.76,149.76,40.48,0.19,3.3,-15.4,-22.4,-894.9,124,0.72,0.014,-0.006,0.00,144,,3187,0,-769,895,0.05,41.0,1.00,0.035
75.30,DOWNWIND,148.78,149.79,40.49,0.17,3.3,-15.2,-22.0,-895.0,120,0.72,0.014,-0.007,0.00,145,,3182,0,-765,895,0.04,41.0,1.00,0.035
75.40,DOWNWIND,148.80,149.82,40.49,0.17,3.3,-15.0,-21.7,-895.2,115,0.72,0.014,-0.008,0.00,145,,3178,0,-760,895,0.04,41.0,1.00,0.035
75.50,DOWNWIND,148.82,149.84,40.50,0.16,3.3,-14.8,-21.3,-895.3,111,0.72,0.015,-0.009,0.00,145,,3174,0,-756,895,0.04,41.0,1.00,0.035
75.60,DOWNWIND,148.83,149.87,40.51,0.16,3.3,-14.6,-21.0,-895.4,106,0.71,0.015,-0.009,0.00,145,,3169,0,-751,895,0.03,41.0,1.00,0.035
75.70,DOWNWIND,148.85,149.89,40.51,0.16,3.3,-14.4,-20.6,-895.4,102,0.71,0.015,-0.010,0.00,145,,3165,0,-747,895,0.03,41.0,1.00,0.034
75.80,DOWNWIND,148.86,149.90,40.52,0.16,3.3,-14.2,-20.2,-895.5,98,0.71,0.015,-0.011,0.00,145,,3161,0,-743,895,0.03,41.0,1.00,0.034
75.90,DOWNWIND,148.88,149.92,40.53,0.16,3.3,-14.0,-19.8,-895.5,93,0.71,0.014,-0.012,0.00,145,,3156,0,-738,895,0.02,41.0,1.00,0.034
76.00,DOWNWIND,148.90,149.93,40.53,0.16,3.3,-13.8,-19.5,-895.5,89,0.71,0.014,-0.013,0.00,145,,3152,0,-734,895,0.02,41.0,1.00,0.034
76.10,DOWNWIND,148.91,149.94,40.54,0.16,3.2,-13.6,-19.1,-895.5,85,0.71,0.014,-0.013,0.00,145,,3147,0,-730,895,0.02,41.0,1.00,0.033
76.20,DOWNWIND,148.93,149.94,40.54,0.17,3.2,-13.4,-18.8,-895.4,80,0.71,0.014,-0.014,0.00,145,,3143,0,-725,895,0.01,41.0,1.00,0.033
76.30,DOWNWIND,148.95,149.95,40.55,0.16,3.2,-13.2,-18.5,-895.3,76,0.71,0.013,-0.014,0.00,145,,3139,0,-721,895,0.01,41.0,1.00,0.033
76.40,DOWNWIND,148.96,149.95,40.55,0.16,3.2,-13.0,-18.2,-895.2,72,0.71,0.013,-0.014,0.00,145,,3134,0,-717,895,0.01,41.0,1.00,0.032
76.50,DOWNWIND,148.98,149.95,40.56,0.16,3.2,-12.8,-17.9,-895.1,67,0.71,0.013,-0.015,0.00,145,,3130,0,-712,895,0.00,41.0,1.00,0.032
76.60,DOWNWIND,148.99,149.95,40.56,0.16,3.2,-12.6,-17.6,-895.0,63,0.71,0.012,-0.015,0.00,144,,3126,0,-708,895,0.00,41.0,1.00,0.032
76.70,DOWNWIND,149.01,149.95,40.57,0.15,3.2,-12.4,-17.3,-894.8,58,0.71,0.012,-0.015,0.00,144,,3121,0,-703,895,-0.00,41.0,1.00,0.032
76.80,DOWNWIND,149.02,149.95,40.57,0.15,3.2,-12.2,-17.0,-894.6,54,0.70,0.012,-0.015,0.00,144,,3117,0,-699,895,-0.01,41.0,1.00,0.032
76.90,DOWNWIND,149.04,149.95,40.58,0.14,3.2,-12.0,-16.7,-894.4,50,0.70,0.012,-0.015,0.00,144,,3113,0,-695,894,-0.01,41.0,1.00,0.031
77.00,DOWNWIND,149.05,149.95,40.58,0.14,3.2,-11.8,-16.4,-894.2,45,0.70,0.011,-0.015,0.00,144,,3108,0,-690,894,-0.01,41.0,1.00,0.031
77.10,DOWNWIND,149.07,149.95,40.59,0.14,3.2,-11.6,-16.2,-893.9,41,0.70,0.011,-0.015,0.00,143,,3104,0,-686,894,-0.01,41.0,1.00,0.031
77.20,DOWNWIND,149.08,149.96,40.59,0.13,3.2,-11.4,-15.9,-893.6,37,0.70,0.011,-0.015,0.00,143,,3100,0,-682,894,-0.02,41.0,1.00,0.031
77.30,DOWNWIND,149.09,149.96,40.60,0.13,3.1,-11.2,-15.6,-893.4,32,0.70,0.011,-0.015,0.00,143,,3095,0,-677,893,-0.02,41.0,1.00,0.031
77.40,DOWNWIND,149.11,149.97,40.60,0.12,3.1,-11.0,-15.3,-893.1,28,0.70,0.011,-0.016,0.00,143,,3091,0,-673,893,-0.02,41.0,1.00,0.031
77.50,DOWNWIND,149.12,149.98,40.60,0.12,3.1,-10.9,-15.0,-892.7,24,0.70,0.011,-0.016,0.00,142,,3087,0,-669,893,-0.02,41.0,1.00,0.030
77.60,DOWNWIND,149.13,149.99,40.61,0.12,3.1,-10.7,-14.7,-892.4,19,0.70,0.011,-0.016,0.00,142,,3082,0,-664,892,-0.03,41.0,1.00,0.030
77.70,DOWNWIND,149.14,150.00,40.61,0.11,3.1,-10.5,-14.4,-892.0,15,0.70,0.011,-0.017,0.00,142,,3078,0,-660,892,-0.03,41.0,1.00,0.030
77.80,DOWNWIND,149.15,150.02,40.62,0.11,3.1,-10.3,-14.1,-891.6,11,0.70,0.011,-0.017,0.00,141,,3074,0,-656,892,-0.03,41.0,1.00,0.030
77.90,DOWNWIND,149.17,150.03,40.62,0.11,3.1,-10.1,-13.8,-891.3,6,0.70,0.010,-0.017,0.00,141,,3069,0,-651,891,-0.03,41.0,1.00,0.030
78.00,DOWNWIND,149.18,150.04,40.63,0.11,3.1,-10.0,-13.5,-890.8,2,0.70,0.010,-0.017,0.00,140,,3065,0,-647,891,-0.04,41.0,1.00,0.030
78.10,DOWNWIND,149.19,150.05,40.63,0.10,3.1,-9.8,-13.2,-890.4,-2,0.70,0.010,-0.018,0.00,140,,3061,0,-643,890,-0.04,41.0,1.00,0.029
78.20,DOWNWIND,149.20,150.07,40.63,0.10,3.1,-9.6,-12.9,-890.0,-7,0.70,0.010,-0.018,0.00,140,,3056,0,-638,890,-0.04,41.0,1.00,0.029
78.30,DOWNWIND,149.21,150.08,40.64,0.10,3.1,-9.4,-12.6,-889.5,-11,0.70,0.010,-0.018,0.00,139,,3052,0,-634,890,-0.04,41.0,1.00,0.029
78.40,DOWNWIND,149.22,150.09,40.64,0.10,3.0,-9.2,-12.3,-889.0,-15,0.70,0.010,-0.018,0.00,139,,3048,0,-630,889,-0.04,41.0,1.00,0.029
78.50,DOWNWIND,149.23,150.10,40.65,0.09,3.0,-9.1,-12.0,-888.5,-19,0.69,0.010,-0.018,0.00,138,,3043,0,-626,889,-0.05,41.0,1.00,0.029
78.60,DOWNWIND,149.23,150.10,40.65,0.09,3.0,-8.9,-11.7,-888.0,-24,0.69,0.009,-0.018,0.00,138,,3039,0,-621,888,-0.05,41.0,1.00,0.029
78.70,DOWNWIND,149.24,150.11,40.65,0.08,3.0,-8.7,-11.5,-887.5,-28,0.69,0.009,-0.018,0.00,137,,3035,0,-617,888,-0.05,41.0,1.00,0.029
78.80,DOWNWIND,149.25,150.11,40.66,0.08,3.0,-8.6,-11.2,-887.0,-32,0.69,0.009,-0.018,0.00,137,,3030,0,-613,887,-0.05,41.0,1.00,0.029
78.90,DOWNWIND,149.26,150.12,40.66,0.08,3.0,-8.4,-10.9,-886.4,-37,0.69,0.009,-0.019,0.00,136,,3026,0,-608,886,-0.05,41.0,1.00,0.028
79.00,DOWNWIND,149.27,150.12,40.67,0.07,3.0,-8.2,-10.7,-885.9,-41,0.69,0.009,-0.019,0.00,135,,3022,0,-604,886,-0.05,41.0,1.00,0.028
79.10,DOWNWIND,149.27,150.13,40.67,0.07,3.0,-8.0,-10.4,-885.3,-45,0.69,0.009,-0.019,0.00,135,,3018,0,-600,885,-0.06,41.0,1.00,0.028
79.20,DOWNWIND,149.28,150.14,40.67,0.07,3.0,-7.9,-10.1,-884.7,-50,0.69,0.009,-0.019,0.00,134,,3013,0,-595,885,-0.06,41.0,1.00,0.028
79.30,DOWNWIND,149.29,150.15,40.68,0.06,3.0,-7.7,-9.9,-884.1,-54,0.69,0.009,-0.019,0.00,134,,3009,0,-591,884,-0.06,41.0,1.00,0.028
79.40,DOWNWIND,149.29,150.17,40.68,0.06,3.0,-7.6,-9.6,-883.5,-58,0.69,0.009,-0.019,0.00,133,,3005,0,-587,883,-0.06,41.0,1.00,0.028
79.50,DOWNWIND,149.30,150.18,40.68,0.06,2.9,-7.4,-9.3,-882.8,-62,0.69,0.009,-0.019,0.00,132,,3000,0,-583,883,-0.06,41.0,1.00,0.028
79.60,DOWNWIND,149.31,150.19,40.69,0.05,2.9,-7.2,-9.1,-882.2,-67,0.69,0.009,-0.019,0.00,132,,2996,0,-578,882,-0.06,41.0,1.00,0.028
79.70,DOWNWIND,149.31,150.20,40.69,0.05,2.9,-7.1,-8.8,-881.5,-71,0.69,0.009,-0.019,0.00,131,,2992,0,-574,882,-0.06,41.0,1.00,0.028
79.80,DOWNWIND,149.32,150.21,40.70,0.05,2.9,-6.9,-8.5,-880.9,-75,0.69,0.009,-0.019,0.00,130,,2988,0,-570,881,-0.06,41.0,1.00,0.028
79.90,DOWNWIND,149.32,150.22,40.70,0.04,2.9,-6.8,-8.3,-880.2,-80,0.69,0.009,-0.020,0.00,130,,2983,0,-565,880,-0.06,41.0,1.00,0.028
80.00,DOWNWIND,149.32,150.22,40.70,0.04,2.9,-6.6,-8.0,-879.5,-84,0.69,0.009,-0.020,0.00,129,,2979,0,-561,880,-0.07,41.0,1.00,0.028
80.10,DOWNWIND,149.33,150.23,40.71,0.03,2.9,-6.4,-7.8,-878.8,-88,0.69,0.009,-0.020,0.00,128,,2975,0,-557,879,-0.07,41.0,1.00,0.028
80.20,DOWNWIND,149.33,150.23,40.71,0.03,2.9,-6.3,-7.5,-878.1,-92,0.69,0.009,-0.020,0.00,128,,2970,0,-553,878,-0.07,41.0,1.00,0.028
80.30,DOWNWIND,149.33,150.23,40.71,0.03,2.9,-6.1,-7.3,-877.4,-97,0.69,0.009,-0.020,0.00,127,,2966,0,-548,877,-0.07,41.0,1.00,0.028
80.40,DOWNWIND,149.34,150.23,40.72,0.02,2.9,-6.0,-7.0,-876.7,-101,0.69,0.009,-0.020,0.00,126,,2962,0,-544,877,-0.07,41.0,1.00,0.028
80.50,DOWNWIND,149.34,150.24,40.72,0.02,2.9,-5.9,-6.8,-875.9,-105,0.69,0.008,-0.019,0.00,125,,2958,0,-540,876,-0.07,41.0,1.00,0.028
80.60,DOWNWIND,149.34,150.24,40.73,0.02,2.9,-5.8,-6.5,-875.2,-109,0.69,0.008,-0.019,0.00,125,,2953,0,-536,875,-0.07,41.0,1.00,0.028
80.70,DOWNWIND,149.34,150.23,40.73,0.01,2.8,-5.7,-6.3,-874.4,-114,0.69,0.008,-0.019,0.00,124,,2949,0,-531,874,-0.07,41.0,1.00,0.028
80.80,DOWNWIND,149.34,150.23,40.73,0.01,2.8,-5.6,-6.1,-873.6,-118,0.69,0.008,-0.019,0.00,123,,2945,0,-527,874,-0.07,41.0,1.00,0.028
80.90,DOWNWIND,149.34,150.23,40.74,0.01,2.8,-5.6,-5.8,-872.9,-122,0.69,0.008,-0.019,0.00,122,,2941,0,-523,873,-0.07,41.0,1.00,0.028
81.00,DOWNWIND,149.34,150.23,40.74,0.00,2.8,-5.5,-5.6,-872.1,-126,0.69,0.008,-0.020,0.00,122,,2936,0,-519,872,-0.07,41.0,1.00,0.028
81.10,DOWNWIND,149.35,150.23,40.74,-0.00,2.8,-5.5,-5.3,-871.3,-131,0.69,0.008,-0.020,0.00,121,,2932,0,-514,871,-0.07,41.0,1.00,0.028
81.20,DOWNWIND,149.34,150.22,40.75,-0.00,2.8,-5.4,-5.1,-870.5,-135,0.68,0.008,-0.020,0.00,120,,2928,0,-510,870,-0.07,41.0,1.00,0.028
81.30,DOWNWIND,149.34,150.22,40.75,-0.01,2.8,-5.4,-4.9,-869.7,-139,0.68,0.008,-0.020,0.00,119,,2924,0,-506,870,-0.07,41.0,1.00,0.028
81.40,DOWNWIND,149.34,150.22,40.75,-0.01,2.8,-5.4,-4.6,-868.8,-143,0.68,0.008,-0.020,0.00,118,,2919,0,-502,869,-0.07,41.0,1.00,0.028
81.50,DOWNWIND,149.34,150.21,40.76,-0.01,2.8,-5.3,-4.4,-868.0,-148,0.68,0.008,-0.020,0.00,118,,2915,0,-497,868,-0.07,41.0,1.00,0.028
81.60,DOWNWIND,149.34,150.21,40.76,-0.02,2.8,-5.3,-4.1,-867.2,-152,0.68,0.008,-0.020,0.00,117,,2911,0,-493,867,-0.07,41.0,1.00,0.028
81.70,DOWNWIND,149.34,150.20,40.77,-0.02,2.8,-5.2,-3.9,-866.3,-156,0.68,0.008,-0.020,0.00,116,,2907,0,-489,866,-0.07,41.0,1.00,0.028
81.80,DOWNWIND,149.34,150.20,40.77,-0.02,2.8,-5.2,-3.7,-865.5,-160,0.68,0.008,-0.020,0.00,115,,2902,0,-485,865,-0.07,41.0,1.00,0.028
81.90,DOWNWIND,149.34,150.20,40.77,-0.02,2.8,-5.2,-3.4,-864.6,-165,0.68,0.008,-0.021,0.00,114,,2898,0,-480,865,-0.07,41.0,1.00,0.029
82.00,DOWNWIND,149.33,150.19,40.78,-0.02,2.8,-5.1,-3.2,-863.7,-169,0.68,0.008,-0.021,0.00,113,,2894,0,-476,864,-0.07,41.0,1.00,0.029
82.10,DOWNWIND,149.33,150.18,40.78,-0.03,2.8,-5.1,-2.9,-862.9,-173,0.68,0.008,-0.021,0.00,112,,2890,0,-472,863,-0.07,41.0,1.00,0.029
82.20,DOWNWIND,149.33,150.16,40.78,-0.03,2.8,-5.0,-2.6,-862.0,-177,0.68,0.008,-0.021,0.00,112,,2886,0,-468,862,-0.07,41.0,1.00,0.029
82.30,DOWNWIND,149.32,150.15,40.79,-0.03,2.8,-5.0,-2.4,-861.1,-182,0.68,0.008,-0.021,0.00,111,,2881,0,-463,861,-0.07,41.0,1.00,0.029
82.40,DOWNWIND,149.32,150.13,40.79,-0.03,2.8,-4.9,-2.1,-860.2,-186,0.68,0.008,-0.021,0.00,110,,2877,0,-459,860,-0.07,41.0,1.00,0.029
82.50,DOWNWIND,149.32,150.12,40.79,-0.03,2.8,-4.9,-1.9,-859.3,-190,0.68,0.008,-0.021,0.00,109,,2873,0,-455,859,-0.06,41.0,1.00,0.029
82.60,DOWNWIND,149.32,150.10,40.80,-0.03,2.8,-4.8,-1.6,-858.4,-194,0.68,0.008,-0.022,0.00,108,,2869,0,-451,858,-0.06,41.0,1.00,0.029
82.70,DOWNWIND,149.31,150.09,40.80,-0.04,2.8,-4.8,-1.4,-857.4,-198,0.68,0.008,-0.022,0.00,107,,2864,0,-447,857,-0.06,41.0,1.00,0.029
82.80,DOWNWIND,149.31,150.08,40.80,-0.04,2.8,-4.7,-1.1,-856.5,-203,0.68,0.008,-0.022,0.00,106,,2860,0,-442,856,-0.06,41.0,1.00,0.029
82.90,DOWNWIND,149.30,150.07,40.80,-0.04,2.8,-4.6,-0.9,-855.6,-207,0.68,0.008,-0.022,0.00,105,,2856,0,-438,856,-0.06,41.0,1.00,0.029
83.00,DOWNWIND,149.30,150.06,40.81,-0.04,2.8,-4.6,-0.6,-854.6,-211,0.68,0.008,-0.022,0.00,104,,2852,0,-434,855,-0.06,41.0,1.00,0.029
83.10,DOWNWIND,149.30,150.05,40.81,-0.04,2.8,-4.5,-0.4,-853.7,-215,0.68,0.008,-0.022,0.00,103,,2848,0,-430,854,-0.06,41.0,1.00,0.029
83.20,DOWNWIND,149.29,150.05,40.81,-0.04,2.7,-4.4,-0.1,-852.7,-219,0.68,0.008,-0.022,0.00,102,,2843,0,-426,853,-0.06,41.0,1.00,0.029
83.30,DOWNWIND,149.29,150.05,40.82,-0.04,2.7,-4.3,0.1,-851.7,-224,0.68,0.008,-0.022,0.00,101,,2839,0,-421,852,-0.06,41.0,1.00,0.029
83.40,DOWNWIND,149.28,150.05,40.82,-0.04,2.7,-4.3,0.4,-850.7,-228,0.68,0.008,-0.022,0.00,100,,2835,0,-417,851,-0.06,41.0,1.00,0.029
83.50,DOWNWIND,149.28,150.06,40.82,-0.04,2.7,-4.2,0.6,-849.8,-232,0.68,0.008,-0.022,0.00,99,,2831,0,-413,850,-0.06,41.0,1.00,0.030
83.60,DOWNWIND,149.28,150.06,40.83,-0.05,2.7,-4.1,0.9,-848.8,-236,0.68,0.008,-0.022,0.00,98,,2827,0,-409,849,-0.06,41.0,1.00,0.030
83.70,DOWNWIND,149.27,150.07,40.83,-0.05,2.7,-4.0,1.2,-847.8,-240,0.68,0.008,-0.022,0.00,97,,2822,0,-405,848,-0.05,41.0,1.00,0.030
83.80,DOWNWIND,149.27,150.08,40.83,-0.05,2.7,-3.9,1.4,-846.8,-245,0.68,0.008,-0.022,0.00,96,,2818,0,-400,847,-0.05,41.0,1.00,0.030
83.90,DOWNWIND,149.26,150.09,40.83,-0.05,2.7,-3.8,1.7,-845.8,-249,0.68,0.008,-0.022,0.00,95,,2814,0,-396,846,-0.05,41.0,1.00,0.030
84.00,DOWNWIND,149.26,150.10,40.84,-0.05,2.7,-3.7,1.9,-844.7,-253,0.68,0.008,-0.023,0.00,94,,2810,0,-392,845,-0.05,41.0,1.00,0.030
84.10,DOWNWIND,149.25,150.11,40.84,-0.05,2.7,-3.6,2.1,-843.7,-257,0.68,0.008,-0.023,0.00,93,,2806,0,-388,844,-0.05,41.0,1.00,0.030
84.20,DOWNWIND,149.25,150.12,40.84,-0.05,2.7,-3.5,2.4,-842.7,-261,0.68,0.008,-0.023,0.00,92,,2801,0,-384,843,-0.05,41.0,1.00,0.030
84.30,DOWNWIND,149.24,150.13,40.84,-0.05,2.7,-3.4,2.6,-841.7,-266,0.68,0.008,-0.023,0.00,91,,2797,0,-379,842,-0.05,41.0,1.00,0.030
84.40,DOWNWIND,149.24,150.14,40.85,-0.05,2.7,-3.3,2.9,-840.6,-270,0.68,0.008,-0.023,0.00,90,,2793,0,-375,841,-0.05,41.0,1.00,0.030
84.50,DOWNWIND,149.23,150.14,40.85,-0.05,2.7,-3.2,3.1,-839.6,-274,0.68,0.008,-0.023,0.00,89,,2789,0,-371,840,-0.05,41.0,1.00,0.030
84.60,DOWNWIND,149.23,150.15,40.85,-0.05,2.7,-3.1,3.4,-838.5,-278,0.68,0.008,-0.023,0.00,88,,2785,0,-367,839,-0.05,41.0,1.00,0.030
84.70,DOWNWIND,149.22,150.16,40.85,-0.05,2.7,-3.0,3.6,-837.5,-282,0.68,0.008,-0.023,0.00,87,,2780,0,-363,837,-0.04,41.0,1.00,0.030
84.80,DOWNWIND,149.21,150.16,40.86,-0.06,2.7,-2.8,3.9,-836.4,-287,0.68,0.008,-0.023,0.00,86,,2776,0,-358,836,-0.04,41.0,1.00,0.030
84.90,DOWNWIND,149.21,150.16,40.86,-0.06,2.7,-2.7,4.1,-835.4,-291,0.68,0.008,-0.023,0.00,85,,2772,0,-354,835,-0.04,41.0,1.00,0.031
85.00,DOWNWIND,149.20,150.17,40.86,-0.06,2.7,-2.6,4.3,-834.3,-295,0.68,0.008,-0.023,0.00,84,,2768,0,-350,834,-0.04,41.0,1.00,0.031
85.10,DOWNWIND,149.20,150.17,40.86,-0.06,2.7,-2.5,4.6,-833.2,-299,0.68,0.008,-0.023,0.00,83,,2764,0,-346,833,-0.04,41.0,1.00,0.031
85.20,DOWNWIND,149.19,150.17,40.87,-0.06,2.7,-2.4,4.8,-832.2,-303,0.68,0.008,-0.023,0.00,82,,2760,0,-342,832,-0.04,41.0,1.00,0.031
85.30,DOWNWIND,149.19,150.17,40.87,-0.06,2.7,-2.2,5.0,-831.1,-307,0.68,0.008,-0.023,0.00,81,,2755,0,-338,831,-0.04,41.0,1.00,0.031
85.40,DOWNWIND,149.18,150.17,40.87,-0.06,2.7,-2.1,5.2,-830.0,-312,0.68,0.008,-0.023,0.00,80,,2751,0,-333,830,-0.04,41.0,1.00,0.031
85.50,DOWNWIND,149.17,150.18,40.87,-0.06,2.7,-2.0,5.5,-828.9,-316,0.68,0.008,-0.023,0.00,78,,2747,0,-329,829,-0.04,41.0,1.00,0.031
85.60,DOWNWIND,149.17,150.18,40.88,-0.06,2.7,-1.8,5.7,-827.8,-320,0.68,0.008,-0.023,0.00,77,,2743,0,-325,828,-0.03,41.0,1.00,0.031
85.70,DOWNWIND,149.16,150.18,40.88,-0.06,2.7,-1.7,5.9,-826.7,-324,0.68,0.008,-0.023,0.00,76,,2739,0,-321,827,-0.03,41.0,1.00,0.031
85.80,DOWNWIND,149.16,150.19,40.88,-0.06,2.7,-1.6,6.1,-825.7,-328,0.68,0.008,-0.023,0.00,75,,2735,0,-317,826,-0.03,41.0,1.00,0.031
85.90,DOWNWIND,149.15,150.19,40.88,-0.06,2.7,-1.4,6.4,-824.6,-332,0.68,0.008,-0.023,0.00,74,,2730,0,-313,825,-0.03,41.0,1.00,0.032
86.00,DOWNWIND,149.14,150.19,40.89,-0.06,2.7,-1.3,6.6,-823.5,-337,0.68,0.008,-0.023,0.00,73,,2726,0,-308,823,-0.03,41.0,1.00,0.032
86.10,DOWNWIND,149.14,150.20,40.89,-0.06,2.6,-1.2,6.8,-822.4,-341,0.68,0.008,-0.023,0.00,72,,2722,0,-304,822,-0.03,41.0,1.00,0.032
86.20,DOWNWIND,149.13,150.20,40.89,-0.06,2.6,-1.0,7.0,-821.3,-345,0.68,0.008,-0.023,0.00,71,,2718,0,-300,821,-0.03,41.0,1.00,0.032
86.30,DOWNWIND,149.12,150.20,40.89,-0.07,2.6,-0.9,7.2,-820.2,-349,0.68,0.008,-0.023,0.00,70,,2714,0,-296,820,-0.03,41.0,1.00,0.032
86.40,DOWNWIND,149.12,150.20,40.89,-0.07,2.6,-0.7,7.4,-819.1,-353,0.68,0.008,-0.023,0.00,69,,2710,0,-292,819,-0.02,41.0,1.00,0.032
86.50,DOWNWIND,149.11,150.19,40.90,-0.07,2.6,-0.6,7.6,-818.0,-357,0.68,0.009,-0.023,0.00,67,,2705,0,-288,818,-0.02,41.0,1.00,0.032
86.60,DOWNWIND,149.10,150.19,40.90,-0.07,2.6,-0.4,7.8,-816.8,-362,0.68,0.009,-0.023,0.00,66,,2701,0,-283,817,-0.02,41.0,1.00,0.032
86.70,DOWNWIND,149.10,150.18,40.90,-0.07,2.6,-0.3,8.0,-815.7,-366,0.68,0.009,-0.023,0.00,65,,2697,0,-279,816,-0.02,41.0,1.00,0.032
86.80,DOWNWIND,149.09,150.17,40.90,-0.07,2.6,-0.1,8.2,-814.6,-370,0.68,0.009,-0.023,0.00,64,,2693,0,-275,815,-0.02,41.0,1.00,0.033
86.90,DOWNWIND,149.08,150.17,40.91,-0.07,2.6,0.0,8.4,-813.5,-374,0.68,0.009,-0.023,0.00,63,,2689,0,-271,814,-0.02,41.0,1.00,0.033
87.00,DOWNWIND,149.08,150.16,40.91,-0.07,2.6,0.2,8.5,-812.4,-378,0.68,0.009,-0.023,0.00,62,,2685,0,-267,812,-0.02,41.0,1.00,0.033
87.10,DOWNWIND,149.07,150.15,40.91,-0.07,2.6,0.3,8.7,-811.3,-382,0.68,0.009,-0.022,0.00,61,,2680,0,-263,811,-0.01,41.0,1.00,0.033
87.20,DOWNWIND,149.06,150.14,40.91,-0.07,2.6,0.5,8.9,-810.2,-387,0.68,0.009,-0.022,0.00,60,,2676,0,-258,810,-0.01,41.0,1.00,0.033
87.30,DOWNWIND,149.06,150.13,40.91,-0.07,2.6,0.6,9.1,-809.1,-391,0.68,0.009,-0.022,0.00,59,,2672,0,-254,809,-0.01,41.0,1.00,0.033
87.40,DOWNWIND,149.05,150.13,40.92,-0.07,2.6,0.8,9.2,-808.0,-395,0.68,0.009,-0.022,0.00,58,,2668,0,-250,808,-0.01,41.0,1.00,0.033
87.50,DOWNWIND,149.04,150.12,40.92,-0.07,2.6,0.9,9.4,-806.9,-399,0.68,0.009,-0.022,0.00,56,,2664,0,-246,807,-0.01,41.0,1.00,0.033
87.60,DOWNWIND,149.04,150.11,40.92,-0.07,2.6,1.1,9.6,-805.8,-403,0.68,0.009,-0.022,0.00,55,,2660,0,-242,806,-0.01,41.0,1.00,0.033
87.70,DOWNWIND,149.03,150.10,40.92,-0.07,2.6,1.2,9.7,-804.7,-407,0.68,0.009,-0.022,0.00,54,,2655,0,-238,805,-0.01,41.0,1.00,0.034
87.80,DOWNWIND,149.02,150.09,40.92,-0.07,2.6,1.4,9.9,-803.6,-412,0.68,0.009,-0.022,0.00,53,,2651,0,-233,804,-0.01,41.0,1.00,0.034
87.90,DOWNWIND,149.01,150.09,40.93,-0.07,2.6,1.5,10.0,-802.5,-416,0.68,0.009,-0.022,0.00,52,,2647,0,-229,802,-0.00,41.0,1.00,0.034
88.00,DOWNWIND,149.01,150.08,40.93,-0.07,2.6,1.7,10.2,-801.4,-420,0.68,0.009,-0.022,0.00,51,,2643,0,-225,801,-0.00,41.0,1.00,0.034
88.10,DOWNWIND,149.00,150.07,40.93,-0.07,2.6,1.8,10.3,-800.3,-424,0.68,0.009,-0.022,0.00,50,,2639,0,-221,800,-0.00,41.0,1.00,0.034
88.20,DOWNWIND,148.99,150.07,40.93,-0.07,2.6,2.0,10.5,-799.2,-428,0.68,0.009,-0.022,0.00,49,,2635,0,-217,799,0.00,41.0,1.00,0.034
88.30,DOWNWIND,148.99,150.06,40.93,-0.07,2.6,2.1,10.6,-798.1,-433,0.68,0.009,-0.022,0.00,48,,2630,0,-212,798,0.00,41.0,1.00,0.034
88.40,DOWNWIND,148.98,150.05,40.93,-0.07,2.6,2.3,10.7,-797.1,-437,0.68,0.009,-0.022,0.00,47,,2626,0,-208,797,0.00,41.0,1.00,0.034
88.50,DOWNWIND,148.97,150.05,40.94,-0.07,2.6,2.4,10.9,-796.0,-441,0.68,0.009,-0.022,0.00,46,,2622,0,-204,796,0.00,41.0,1.00,0.034
88.60,DOWNWIND,148.97,150.04,40.94,-0.07,2.6,2.6,11.0,-794.9,-445,0.68,0.009,-0.022,0.00,44,,2618,0,-200,795,0.01,41.0,1.00,0.034
88.70,DOWNWIND,148.96,150.03,40.94,-0.07,2.6,2.7,11.1,-793.8,-449,0.68,0.009,-0.022,0.00,43,,2614,0,-196,794,0.01,41.0,1.00,0.035
88.80,DOWNWIND,148.95,150.02,40.94,-0.07,2.6,2.9,11.2,-792.8,-453,0.68,0.009,-0.022,0.00,42,,2609,0,-192,793,0.01,41.0,1.00,0.035
88.90,DOWNWIND,148.95,150.01,40.94,-0.07,2.6,3.0,11.4,-791.7,-458,0.68,0.009,-0.022,0.00,41,,2605,0,-187,792,0.01,41.0,1.00,0.035
89.00,DOWNWIND,148.94,149.99,40.94,-0.07,2.6,3.2,11.5,-790.7,-462,0.68,0.009,-0.022,0.00,40,,2601,0,-183,791,0.01,41.0,1.00,0.035
89.10,DOWNWIND,148.93,149.98,40.95,-0.07,2.6,3.3,11.6,-789.6,-466,0.68,0.009,-0.022,0.00,39,,2597,0,-179,790,0.01,41.0,1.00,0.035
89.20,DOWNWIND,148.93,149.97,40.95,-0.07,2.6,3.5,11.7,-788.6,-470,0.68,0.010,-0.021,0.00,38,,2593,0,-175,789,0.01,41.0,1.00,0.035
89.30,DOWNWIND,148.92,149.96,40.95,-0.07,2.6,3.6,11.8,-787.5,-474,0.68,0.010,-0.021,0.00,37,,2588,0,-171,788,0.02,41.0,1.00,0.035
89.40,DOWNWIND,148.91,149.95,40.95,-0.07,2.6,3.8,11.9,-786.5,-479,0.68,0.010,-0.021,0.00,36,,2584,0,-166,786,0.02,41.0,1.00,0.035
89.50,DOWNWIND,148.91,149.93,40.95,-0.07,2.6,3.9,11.9,-785.5,-483,0.68,0.010,-0.021,0.00,35,,2580,0,-162,785,0.02,41.0,1.00,0.036
89.60,DOWNWIND,148.90,149.92,40.95,-0.07,2.6,4.0,12.0,-784.4,-487,0.68,0.010,-0.021,0.00,34,,2576,0,-158,784,0.02,41.0,1.00,0.036
89.70,DOWNWIND,148.89,149.91,40.95,-0.07,2.6,4.2,12.1,-783.4,-491,0.68,0.010,-0.021,0.00,33,,2572,0,-154,783,0.02,41.0,1.00,0.036
89.80,DOWNWIND,148.89,149.91,40.96,-0.07,2.6,4.3,12.2,-782.4,-495,0.68,0.010,-0.021,0.00,32,,2567,0,-150,782,0.02,41.0,1.00,0.036
89.90,DOWNWIND,148.88,149.90,40.96,-0.07,2.6,4.5,12.2,-781.4,-500,0.68,0.010,-0.021,0.00,31,,2563,0,-145,781,0.02,41.0,1.00,0.036
90.00,DOWNWIND,148.87,149.89,40.96,-0.07,2.6,4.6,12.3,-780.4,-504,0.68,0.010,-0.021,0.00,30,,2559,0,-141,780,0.02,41.0,1.00,0.036
90.10,DOWNWIND,148.87,149.89,40.96,-0.07,2.6,4.7,12.4,-779.4,-508,0.68,0.010,-0.021,0.00,29,,2555,0,-137,779,0.03,41.0,1.00,0.036
90.20,DOWNWIND,148.86,149.88,40.96,-0.07,2.6,4.9,12.4,-778.4,-512,0.68,0.010,-0.021,0.00,28,,2551,0,-133,778,0.03,41.0,1.00,0.036
90.30,DOWNWIND,148.85,149.88,40.96,-0.07,2.6,5.0,12.5,-777.5,-516,0.68,0.010,-0.021,0.00,27,,2546,0,-129,777,0.03,41.0,1.00,0.036
90.40,DOWNWIND,148.85,149.88,40.96,-0.07,2.6,5.1,12.5,-776.5,-521,0.68,0.010,-0.021,0.00,26,,2542,0,-124,777,0.03,41.0,1.00,0.037
90.50,DOWNWIND,148.84,149.87,40.97,-0.07,2.6,5.3,12.6,-775.6,-525,0.68,0.010,-0.021,0.00,25,,2538,0,-120,776,0.03,41.0,1.00,0.037
90.60,DOWNWIND,148.83,149.87,40.97,-0.07,2.6,5.4,12.6,-774.6,-529,0.68,0.010,-0.021,0.00,24,,2534,0,-116,775,0.03,41.0,1.00,0.037
90.70,DOWNWIND,148.83,149.86,40.97,-0.07,2.6,5.5,12.6,-773.7,-533,0.68,0.010,-0.021,0.00,23,,2529,0,-112,774,0.03,41.0,1.00,0.037
90.80,DOWNWIND,148.82,149.86,40.97,-0.07,2.6,5.6,12.7,-772.7,-538,0.68,0.010,-0.020,0.00,22,,2525,0,-107,773,0.04,41.0,1.00,0.037
90.90,DOWNWIND,148.81,149.85,40.97,-0.07,2.6,5.8,12.7,-771.8,-542,0.68,0.010,-0.020,0.00,21,,2521,0,-103,772,0.04,41.0,1.00,0.037
91.00,DOWNWIND,148.81,149.85,40.97,-0.07,2.6,5.9,12.7,-770.9,-546,0.68,0.010,-0.020,0.00,20,,2517,0,-99,771,0.04,41.0,1.00,0.037
91.10,DOWNWIND,148.80,149.84,40.97,-0.07,2.6,6.0,12.7,-770.0,-550,0.68,0.010,-0.020,0.00,20,,2513,0,-95,770,0.04,41.0,1.00,0.038
91.20,DOWNWIND,148.79,149.84,40.98,-0.07,2.6,6.1,12.8,-769.1,-555,0.68,0.011,-0.020,0.00,19,,2508,0,-90,769,0.04,41.0,1.00,0.038
91.30,DOWNWIND,148.79,149.83,40.98,-0.07,2.6,6.2,12.8,-768.2,-559,0.68,0.011,-0.020,0.00,18,,2504,0,-86,768,0.04,41.0,1.00,0.038
91.40,DOWNWIND,148.78,149.82,40.98,-0.07,2.6,6.3,12.8,-767.4,-563,0.68,0.011,-0.020,0.00,17,,2500,0,-82,767,0.04,41.0,1.00,0.038
91.50,DOWNWIND,148.77,149.81,40.98,-0.07,2.6,6.4,12.8,-766.5,-567,0.68,0.011,-0.020,0.00,16,,2496,0,-78,767,0.04,41.0,1.00,0.038
91.60,DOWNWIND,148.77,149.80,40.98,-0.07,2.6,6.5,12.8,-765.7,-572,0.68,0.011,-0.020,0.00,15,,2491,0,-73,766,0.05,41.0,1.00,0.038
91.70,DOWNWIND,148.76,149.79,40.98,-0.06,2.6,6.7,12.7,-764.8,-576,0.68,0.011,-0.020,0.00,14,,2487,0,-69,765,0.05,41.0,1.00,0.038
91.80,DOWNWIND,148.75,149.77,40.98,-0.06,2.6,6.8,12.7,-764.0,-580,0.68,0.011,-0.020,0.00,14,,2483,0,-65,764,0.05,41.0,1.00,0.038
91.90,DOWNWIND,148.75,149.76,40.98,-0.06,2.6,6.9,12.7,-763.2,-584,0.68,0.011,-0.020,0.00,13,,2478,0,-61,763,0.05,41.0,1.00,0.038
92.00,DOWNWIND,148.74,149.75,40.99,-0.06,2.6,7.0,12.7,-762.4,-589,0.68,0.011,-0.020,0.00,12,,2474,0,-56,762,0.05,41.0,1.00,0.039
92.10,DOWNWIND,148.73,149.74,40.99,-0.06,2.6,7.0,12.7,-761.6,-593,0.68,0.011,-0.020,0.00,11,,2470,0,-52,762,0.05,41.0,1.00,0.039
92.20,DOWNWIND,148.73,149.73,40.99,-0.06,2.6,7.1,12.6,-760.8,-597,0.68,0.011,-0.020,0.00,10,,2466,0,-48,761,0.05,41.0,1.00,0.039
92.30,DOWNWIND,148.72,149.71,40.99,-0.06,2.6,7.2,12.6,-760.0,-602,0.68,0.011,-0.020,0.00,10,,2461,0,-43,760,0.05,41.0,1.00,0.039
92.40,DOWNWIND,148.72,149.70,40.99,-0.06,2.6,7.3,12.6,-759.2,-606,0.68,0.011,-0.019,0.00,9,,2457,0,-39,759,0.06,41.0,1.00,0.039
92.50,DOWNWIND,148.71,149.69,40.99,-0.06,2.6,7.4,12.5,-758.5,-610,0.68,0.011,-0.019,0.00,8,,2453,0,-35,759,0.06,41.0,1.00,0.039
92.60,DOWNWIND,148.70,149.68,40.99,-0.06,2.6,7.5,12.5,-757.8,-614,0.68,0.011,-0.019,0.00,7,,2448,0,-31,758,0.06,41.0,1.00,0.039
92.70,DOWNWIND,148.70,149.67,40.99,-0.06,2.6,7.6,12.4,-757.0,-619,0.68,0.011,-0.019,0.00,7,,2444,0,-26,757,0.06,41.0,1.00,0.039
92.80,DOWNWIND,148.69,149.66,40.99,-0.06,2.6,7.6,12.4,-756.3,-623,0.68,0.011,-0.019,0.00,6,,2440,0,-22,756,0.06,41.0,1.00,0.040
92.90,DOWNWIND,148.69,149.65,40.99,-0.06,2.6,7.7,12.3,-755.6,-627,0.68,0.011,-0.019,0.00,5,,2436,0,-18,756,0.06,41.0,1.00,0.040
93.00,DOWNWIND,148.68,149.65,41.00,-0.06,2.6,7.8,12.2,-754.9,-632,0.68,0.011,-0.019,0.00,4,,2431,0,-13,755,0.06,41.0,1.00,0.040
93.10,DOWNWIND,148.67,149.64,41.00,-0.06,2.6,7.9,12.2,-754.3,-636,0.68,0.011,-0.019,0.00,4,,2427,0,-9,754,0.06,41.0,1.00,0.040
93.20,DOWNWIND,148.67,149.64,41.00,-0.05,2.6,7.9,12.1,-753.6,-640,0.68,0.011,-0.019,0.00,3,,2423,0,-5,754,0.07,41.0,1.00,0.040
93.30,DOWNWIND,148.66,149.64,41.00,-0.05,2.6,8.0,12.0,-753.0,-644,0.68,0.011,-0.019,0.00,3,,2418,0,-1,753,0.07,41.0,1.00,0.040
93.40,DOWNWIND,148.66,149.64,41.00,-0.05,2.6,8.0,11.9,-752.3,-649,0.68,0.011,-0.019,0.00,2,,2414,0,4,752,0.07,41.0,1.00,0.040
93.50,DOWNWIND,148.65,149.64,41.00,-0.05,2.6,8.1,11.8,-751.7,-653,0.68,0.011,-0.019,0.00,1,,2410,0,8,752,0.07,41.0,1.00,0.040
93.60,DOWNWIND,148.65,149.63,41.00,-0.05,2.6,8.2,11.8,-751.1,-657,0.68,0.011,-0.019,0.00,1,,2405,0,12,751,0.07,41.0,1.00,0.040
93.70,DOWNWIND,148.64,150.48,41.00,-0.05,2.6,8.2,11.7,-750.5,-662,0.68,0.011,-0.019,0.00,0,,2401,0,17,751,0.07,41.0,1.00,0.040
93.80,DOWNWIND,148.64,151.83,41.00,-0.05,2.6,8.3,11.6,-749.9,-666,0.68,0.011,-0.019,0.00,1,,2397,0,21,750,0.07,41.0,1.00,0.040
93.90,DOWNWIND,148.63,151.90,41.00,-0.05,2.6,8.3,11.5,-749.4,-670,0.68,0.011,-0.019,0.00,1,,2392,0,25,749,0.07,41.0,1.00,0.040
94.00,DOWNWIND,148.63,150.58,41.00,-0.05,2.6,8.3,11.4,-748.8,-675,0.68,0.012,-0.019,0.00,2,,2388,0,30,749,0.07,41.0,1.00,0.041
94.10,DOWNWIND,148.62,149.63,41.00,-0.05,2.6,8.4,11.3,-748.3,-679,0.68,0.012,-0.018,0.00,2,,2384,0,34,748,0.07,41.0,1.00,0.041
94.20,DOWNWIND,148.62,149.62,41.01,-0.05,2.6,8.4,11.2,-747.8,-683,0.68,0.011,-0.018,0.00,3,,2379,0,38,748,0.08,41.0,1.00,0.041
94.30,DOWNWIND,148.61,149.62,41.01,-0.04,2.6,8.4,11.0,-747.3,-688,0.68,0.011,-0.018,0.00,3,,2375,0,43,747,0.08,41.0,1.00,0.041
94.40,DOWNWIND,148.61,149.61,41.01,-0.04,2.6,8.5,10.9,-746.8,-692,0.68,0.012,-0.018,0.00,4,,2371,0,47,747,0.08,41.0,1.00,0.041
94.50,DOWNWIND,148.61,149.60,41.01,-0.04,2.6,8.5,10.8,-746.3,-696,0.68,0.012,-0.018,0.00,4,,2366,0,51,746,0.08,41.0,1.00,0.041
94.60,DOWNWIND,148.60,149.59,41.01,-0.04,2.6,8.5,10.7,-745.8,-701,0.68,0.012,-0.018,0.00,5,,2362,0,56,746,0.08,41.0,1.00,0.041
94.70,DOWNWIND,148.60,149.58,41.01,-0.04,2.6,8.5,10.6,-745.4,-705,0.68,0.012,-0.018,0.00,5,,2358,0,60,745,0.08,41.0,1.00,0.041
94.80,DOWNWIND,148.59,149.57,41.01,-0.04,2.6,8.6,10.4,-744.9,-710,0.68,0.012,-0.018,0.00,6,,2353,0,65,745,0.08,41.0,1.00,0.041
94.90,DOWNWIND,148.59,149.56,41.01,-0.04,2.6,8.6,10.3,-744.5,-714,0.68,0.012,-0.018,0.00,6,,2349,0,69,745,0.08,41.0,1.00,0.041
95.00,DOWNWIND,148.59,149.56,41.01,-0.04,2.7,8.6,10.2,-744.1,-718,0.68,0.012,-0.018,0.00,6,,2345,0,73,744,0.08,41.0,1.00,0.041
95.10,DOWNWIND,148.58,149.55,41.01,-0.03,2.7,8.6,10.0,-743.7,-723,0.68,0.012,-0.018,0.00,7,,2340,0,78,744,0.08,41.0,1.00,0.042
95.20,DOWNWIND,148.58,149.54,41.01,-0.03,2.7,8.6,9.9,-743.3,-727,0.68,0.012,-0.018,0.00,7,,2336,0,82,743,0.08,41.0,1.00,0.042
95.30,DOWNWIND,148.58,149.53,41.01,-0.03,2.7,8.6,9.7,-743.0,-731,0.68,0.012,-0.018,0.00,8,,2331,0,86,743,0.08,41.0,1.00,0.042
95.40,DOWNWIND,148.57,149.52,41.01,-0.03,2.7,8.6,9.6,-742.6,-736,0.68,0.012,-0.018,0.00,8,,2327,0,91,743,0.08,41.0,1.00,0.042
95.50,DOWNWIND,148.57,149.51,41.01,-0.03,2.7,8.6,9.5,-742.3,-740,0.68,0.012,-0.017,0.00,8,,2323,0,95,742,0.09,41.0,1.00,0.042
95.60,DOWNWIND,148.57,149.51,41.01,-0.03,2.7,8.5,9.3,-742.0,-745,0.68,0.012,-0.017,0.00,9,,2318,0,100,742,0.09,41.0,1.00,0.042
95.70,DOWNWIND,148.56,149.50,41.01,-0.03,2.7,8.5,9.2,-741.6,-749,0.68,0.012,-0.017,0.00,9,,2314,0,104,742,0.09,41.0,1.00,0.042
95.80,DOWNWIND,148.56,149.49,41.01,-0.02,2.7,8.4,9.0,-741.4,-753,0.68,0.011,-0.017,0.00,9,,2310,0,108,741,0.09,41.0,1.00,0.042
95.90,DOWNWIND,148.56,149.48,41.01,-0.02,2.7,8.4,8.8,-741.1,-758,0.68,0.011,-0.017,0.00,9,,2305,0,113,741,0.09,41.0,1.00,0.042
96.00,DOWNWIND,148.56,149.48,41.01,-0.02,2.7,8.3,8.7,-740.8,-762,0.68,0.011,-0.017,0.00,10,,2301,0,117,741,0.09,41.0,1.00,0.042
96.10,DOWNWIND,148.56,149.47,41.01,-0.02,2.7,8.2,8.5,-740.6,-766,0.68,0.011,-0.017,0.00,10,,2296,0,121,741,0.09,41.0,1.00,0.042
96.20,DOWNWIND,148.55,149.46,41.01,-0.02,2.7,8.2,8.4,-740.3,-771,0.68,0.011,-0.017,0.00,10,,2292,0,126,740,0.09,41.0,1.00,0.042
96.30,DOWNWIND,148.55,149.44,41.01,-0.01,2.7,8.1,8.2,-740.1,-775,0.68,0.011,-0.017,0.00,10,,2288,0,130,740,0.09,41.0,1.00,0.042
96.40,DOWNWIND,148.55,149.43,41.01,-0.01,2.7,8.0,8.0,-739.9,-780,0.68,0.011,-0.017,0.00,11,,2283,0,135,740,0.09,41.0,1.00,0.042
96.50,DOWNWIND,148.55,149.42,41.01,-0.01,2.7,7.9,7.9,-739.7,-784,0.68,0.011,-0.017,0.00,11,,2279,0,139,740,0.09,41.0,1.00,0.042
96.60,DOWNWIND,148.55,149.40,41.01,-0.01,2.7,7.8,7.7,-739.5,-788,0.68,0.011,-0.017,0.00,11,,2274,0,143,740,0.09,41.0,1.00,0.042
96.70,DOWNWIND,148.55,149.39,41.01,-0.01,2.7,7.7,7.6,-739.4,-793,0.68,0.011,-0.017,0.00,11,,2270,0,148,739,0.09,41.0,1.00,0.042
96.80,DOWNWIND,148.55,149.38,41.01,-0.00,2.7,7.6,7.4,-739.2,-797,0.68,0.011,-0.017,0.00,11,,2266,0,152,739,0.09,41.0,1.00,0.042
96.90,DOWNWIND,148.55,149.37,41.01,-0.00,2.7,7.5,7.2,-739.1,-802,0.68,0.011,-0.017,0.00,11,,2261,0,157,739,0.09,41.0,1.00,0.042
97.00,DOWNWIND,148.55,149.36,41.01,-0.00,2.7,7.5,7.1,-739.0,-806,0.68,0.011,-0.017,0.00,12,,2257,0,161,739,0.09,41.0,1.00,0.042
97.10,DOWNWIND,148.55,149.35,41.01,0.00,2.7,7.4,6.9,-738.8,-810,0.68,0.011,-0.017,0.00,12,,2252,0,165,739,0.09,41.0,1.00,0.042
97.20,DOWNWIND,148.55,149.34,41.01,0.00,2.7,7.3,6.8,-738.7,-815,0.68,0.011,-0.017,0.00,12,,2248,0,170,739,0.09,41.0,1.00,0.042
97.30,DOWNWIND,148.55,149.33,41.01,0.00,2.7,7.2,6.6,-738.6,-819,0.68,0.011,-0.018,0.00,12,,2244,0,174,739,0.09,41.0,1.00,0.042
97.40,DOWNWIND,148.55,149.33,41.01,0.01,2.7,7.1,6.5,-738.6,-824,0.68,0.011,-0.018,0.00,12,,2239,0,179,739,0.09,41.0,1.00,0.042
97.50,DOWNWIND,148.55,149.33,41.01,0.01,2.7,7.0,6.3,-738.5,-828,0.68,0.011,-0.018,0.00,12,,2235,0,183,739,0.09,41.0,1.00,0.042
97.60,DOWNWIND,148.55,149.33,41.01,0.01,2.7,6.9,6.1,-738.5,-832,0.68,0.011,-0.018,0.00,12,,2230,0,187,738,0.09,41.0,1.00,0.042
97.70,DOWNWIND,148.55,149.33,41.01,0.01,2.7,6.8,6.0,-738.4,-837,0.68,0.011,-0.018,0.00,12,,2226,0,192,738,0.09,41.0,1.00,0.042
97.80,DOWNWIND,148.55,149.34,41.01,0.01,2.7,6.7,5.8,-738.4,-841,0.68,0.010,-0.018,0.00,12,,2222,0,196,738,0.09,41.0,1.00,0.042
97.90,DOWNWIND,148.55,149.34,41.01,0.01,2.7,6.6,5.7,-738.4,-846,0.68,0.010,-0.018,0.00,12,,2217,0,201,738,0.09,41.0,1.00,0.042
98.00,DOWNWIND,148.55,149.35,41.01,0.01,2.7,6.5,5.5,-738.4,-850,0.68,0.010,-0.018,0.00,12,,2213,0,205,738,0.09,41.0,1.00,0.042
98.10,DOWNWIND,148.56,149.36,41.01,0.01,2.7,6.4,5.4,-738.4,-854,0.68,0.010,-0.018,0.00,12,,2208,0,209,738,0.09,41.0,1.00,0.042
98.20,DOWNWIND,148.56,149.37,41.01,0.02,2.7,6.3,5.2,-738.4,-859,0.68,0.010,-0.018,0.00,12,,2204,0,214,738,0.09,41.0,1.00,0.042
98.30,DOWNWIND,148.56,149.37,41.01,0.02,2.7,6.2,5.0,-738.4,-863,0.68,0.010,-0.018,0.00,12,,2200,0,218,738,0.09,41.0,1.00,0.042
98.40,DOWNWIND,148.56,149.38,41.01,0.02,2.7,6.1,4.9,-738.5,-868,0.68,0.010,-0.018,0.00,12,,2195,0,223,738,0.09,41.0,1.00,0.042
98.50,DOWNWIND,148.56,149.39,41.01,0.02,2.7,6.0,4.7,-738.5,-872,0.68,0.010,-0.018,0.00,12,,2191,0,227,739,0.09,41.0,1.00,0.042
98.60,DOWNWIND,148.56,149.40,41.01,0.02,2.7,6.0,4.6,-738.6,-877,0.68,0.010,-0.018,0.00,12,,2186,0,232,739,0.09,41.0,1.00,0.042
98.70,DOWNWIND,148.57,149.40,41.01,0.02,2.7,5.9,4.4,-738.6,-881,0.68,0.010,-0.018,0.00,12,,2182,0,236,739,0.09,41.0,1.00,0.042
98.80,DOWNWIND,148.57,149.40,41.01,0.02,2.7,5.8,4.3,-738.7,-885,0.68,0.010,-0.018,0.00,12,,2177,0,240,739,0.09,41.0,1.00,0.042
98.90,DOWNWIND,148.57,149.40,41.01,0.02,2.7,5.7,4.1,-738.8,-890,0.68,0.010,-0.018,0.00,12,,2173,0,245,739,0.09,41.0,1.00,0.042
99.00,DOWNWIND,148.57,149.40,41.01,0.02,2.7,5.6,4.0,-738.9,-894,0.68,0.010,-0.018,0.00,12,,2169,0,249,739,0.08,41.0,1.00,0.042
99.10,DOWNWIND,148.57,149.40,41.01,0.02,2.7,5.5,3.8,-739.0,-899,0.68,0.010,-0.018,0.00,11,,2164,0,254,739,0.08,41.0,1.00,0.042
99.20,DOWNWIND,148.58,149.40,41.01,0.02,2.7,5.4,3.7,-739.2,-903,0.68,0.010,-0.018,0.00,11,,2160,0,258,739,0.08,41.0,1.00,0.042
99.30,DOWNWIND,148.58,149.39,41.01,0.02,2.7,5.3,3.5,-739.3,-907,0.68,0.010,-0.018,0.00,11,,2155,0,262,739,0.08,41.0,1.00,0.042
99.40,DOWNWIND,148.58,149.38,41.01,0.02,2.7,5.2,3.4,-739.4,-912,0.68,0.010,-0.018,0.00,11,,2151,0,267,739,0.08,41.0,1.00,0.042
99.50,DOWNWIND,148.58,149.38,41.01,0.02,2.7,5.1,3.2,-739.6,-916,0.68,0.010,-0.018,0.00,11,,2147,0,271,740,0.08,41.0,1.00,0.042
99.60,DOWNWIND,148.59,149.37,41.01,0.02,2.7,5.0,3.1,-739.7,-921,0.68,0.010,-0.018,0.00,11,,2142,0,276,740,0.08,41.0,1.00,0.042
99.70,DOWNWIND,148.59,149.36,41.01,0.02,2.7,4.9,2.9,-739.9,-925,0.68,0.009,-0.018,0.00,11,,2138,0,280,740,0.08,41.0,1.00,0.042
99.80,DOWNWIND,148.59,149.35,41.01,0.02,2.7,4.8,2.8,-740.1,-930,0.68,0.009,-0.018,0.00,10,,2133,0,285,740,0.08,41.0,1.00,0.041
99.90,DOWNWIND,148.59,149.35,41.01,0.02,2.7,4.8,2.6,-740.3,-934,0.68,0.009,-0.018,0.00,10,,2129,0,289,740,0.08,41.0,1.00,0.041
100.00,DOWNWIND,148.60,149.34,41.01,0.02,2.7,4.7,2.5,-740.4,-938,0.68,0.009,-0.018,0.00,10,,2124,0,293,740,0.08,41.0,1.00,0.041
100.10,DOWNWIND,148.60,149.34,41.01,0.02,2.7,4.6,2.3,-740.6,-943,0.68,0.009,-0.018,0.00,10,,2120,0,298,741,0.08,41.0,1.00,0.041
100.20,DOWNWIND,148.60,149.33,41.01,0.02,2.7,4.5,2.2,-740.9,-947,0.68,0.009,-0.018,0.00,10,,2116,0,302,741,0.08,41.0,1.00,0.041
100.30,DOWNWIND,148.60,149.33,41.01,0.02,2.7,4.4,2.0,-741.1,-952,0.68,0.009,-0.018,0.00,9,,2111,0,307,741,0.08,41.0,1.00,0.041
100.40,DOWNWIND,148.61,149.34,41.01,0.03,2.7,4.3,1.9,-741.3,-956,0.68,0.009,-0.018,0.00,9,,2107,0,311,741,0.08,41.0,1.00,0.041
100.50,DOWNWIND,148.61,149.34,41.01,0.03,2.7,4.2,1.7,-741.5,-961,0.68,0.009,-0.018,0.00,9,,2102,0,316,742,0.08,41.0,1.00,0.041
100.60,DOWNWIND,148.61,149.34,41.01,0.03,2.7,4.1,1.6,-741.8,-965,0.68,0.009,-0.018,0.00,9,,2098,0,320,742,0.08,41.0,1.00,0.041
100.70,DOWNWIND,148.61,149.35,41.01,0.03,2.7,4.0,1.5,-742.0,-969,0.68,0.009,-0.018,0.00,8,,2093,0,324,742,0.08,41.0,1.00,0.041
100.80,DOWNWIND,148.62,149.35,41.01,0.03,2.7,3.9,1.3,-742.3,-974,0.68,0.009,-0.018,0.00,8,,2089,0,329,742,0.08,41.0,1.00,0.041
100.90,DOWNWIND,148.62,149.36,41.01,0.03,2.7,3.8,1.2,-742.5,-978,0.68,0.009,-0.018,0.00,8,,2085,0,333,743,0.08,41.0,1.00,0.041
101.00,DOWNWIND,148.62,149.36,41.01,0.03,2.7,3.7,1.0,-742.8,-983,0.68,0.009,-0.018,0.00,8,,2080,0,338,743,0.08,41.0,1.00,0.041
101.10,DOWNWIND,148.62,149.37,41.01,0.03,2.7,3.6,0.9,-743.1,-987,0.68,0.009,-0.018,0.00,7,,2076,0,342,743,0.07,41.0,1.00,0.041
101.20,DOWNWIND,148.63,149.37,41.01,0.02,2.7,3.5,0.8,-743.3,-991,0.68,0.009,-0.018,0.00,7,,2071,0,346,743,0.07,41.0,1.00,0.041
101.30,DOWNWIND,148.63,149.38,41.01,0.02,2.7,3.4,0.6,-743.6,-996,0.68,0.009,-0.018,0.00,7,,2067,0,351,744,0.07,41.0,1.00,0.041
101.40,DOWNWIND,148.63,149.38,41.01,0.02,2.7,3.3,0.5,-743.9,-1000,0.68,0.009,-0.018,0.00,7,,2063,0,355,744,0.07,41.0,1.00,0.041
101.50,DOWNWIND,148.63,149.39,41.01,0.02,2.7,3.2,0.4,-744.2,-1005,0.68,0.009,-0.018,0.00,6,,2058,0,360,744,0.07,41.0,1.00,0.041
101.60,DOWNWIND,148.64,149.39,41.01,0.02,2.7,3.1,0.2,-744.5,-1009,0.68,0.009,-0.018,0.00,6,,2054,0,364,745,0.07,41.0,1.00,0.041
101.70,DOWNWIND,148.64,149.40,41.01,0.02,2.7,3.0,0.1,-744.8,-1014,0.68,0.009,-0.018,0.00,6,,2049,0,369,745,0.07,41.0,1.00,0.041
101.80,DOWNWIND,148.64,149.40,41.01,0.02,2.7,2.8,-0.0,-745.1,-1018,0.68,0.009,-0.018,0.00,5,,2045,0,373,745,0.07,41.0,1.00,0.041
101.90,DOWNWIND,148.64,149.41,41.01,0.02,2.7,2.7,-0.1,-745.5,-1022,0.68,0.009,-0.018,0.00,5,,2040,0,377,745,0.07,41.0,1.00,0.041
102.00,DOWNWIND,148.64,149.41,41.01,0.02,2.7,2.6,-0.3,-745.8,-1027,0.68,0.009,-0.018,0.00,5,,2036,0,382,746,0.07,41.0,1.00,0.041
102.10,DOWNWIND,148.65,149.42,41.01,0.02,2.7,2.5,-0.4,-746.1,-1031,0.68,0.008,-0.018,0.00,4,,2032,0,386,746,0.07,41.0,1.00,0.041
102.20,DOWNWIND,148.65,150.18,41.00,0.02,2.7,2.4,-0.5,-746.4,-1036,0.68,0.008,-0.018,0.00,4,,2027,0,391,746,0.07,41.0,1.00,0.041
102.30,DOWNWIND,148.65,151.52,41.00,0.02,2.7,2.3,-0.6,-746.8,-1040,0.68,0.008,-0.018,0.00,4,,2023,0,395,747,0.07,41.0,1.00,0.041
102.40,DOWNWIND,148.65,151.94,41.00,0.02,2.7,2.2,-0.7,-747.1,-1045,0.68,0.008,-0.018,0.00,3,,2018,0,400,747,0.07,41.0,1.00,0.041
102.50,DOWNWIND,148.66,150.88,41.00,0.02,2.7,2.1,-0.9,-747.5,-1049,0.68,0.008,-0.018,0.00,3,,2014,0,404,747,0.07,41.0,1.00,0.041
102.60,DOWNWIND,148.66,149.66,41.01,0.02,2.7,2.0,-1.0,-747.8,-1053,0.68,0.008,-0.018,0.00,3,,2009,0,408,748,0.07,41.0,1.00,0.042
102.70,DOWNWIND,148.66,149.45,41.01,0.02,2.7,1.8,-1.1,-748.2,-1058,0.68,0.008,-0.018,0.00,2,,2005,0,413,748,0.07,41.0,1.00,0.042
102.80,DOWNWIND,148.66,149.45,41.01,0.02,2.7,1.7,-1.2,-748.5,-1062,0.68,0.008,-0.018,0.00,2,,2001,0,417,749,0.07,41.0,1.00,0.042
102.90,DOWNWIND,148.66,149.45,41.01,0.02,2.7,1.6,-1.3,-748.9,-1067,0.68,0.008,-0.018,0.00,2,,1996,0,422,749,0.07,41.0,1.00,0.042
103.00,DOWNWIND,148.67,149.45,41.01,0.02,2.7,1.5,-1.4,-749.2,-1071,0.68,0.008,-0.018,0.00,1,,1992,0,426,749,0.07,41.0,1.00,0.042
103.10,DOWNWIND,148.67,149.45,41.01,0.02,2.7,1.4,-1.5,-749.6,-1076,0.68,0.008,-0.018,0.00,1,,1987,0,431,750,0.07,41.0,1.00,0.042
103.20,DOWNWIND,148.67,149.45,41.01,0.02,2.7,1.3,-1.6,-750.0,-1080,0.68,0.008,-0.018,0.00,0,,1983,0,435,750,0.07,41.0,1.00,0.042
103.30,DOWNWIND,148.67,149.45,41.01,0.02,2.7,1.2,-1.7,-750.3,-1084,0.68,0.008,-0.018,0.00,0,,1979,0,439,750,0.06,41.0,1.00,0.042
103.40,DOWNWIND,148.67,149.45,41.01,0.02,2.7,1.0,-1.8,-750.7,-1089,0.68,0.008,-0.018,0.00,0,,1974,0,444,751,0.06,41.0,1.00,0.042
103.50,DOWNWIND,148.68,149.44,41.01,0.02,2.7,0.9,-1.9,-751.1,-1093,0.68,0.008,-0.018,0.00,1,,1970,0,448,751,0.06,41.0,1.00,0.042
103.60,DOWNWIND,148.68,149.43,41.01,0.02,2.7,0.8,-2.0,-751.5,-1098,0.68,0.008,-0.018,0.00,1,,1965,0,453,751,0.06,41.0,1.00,0.042
103.70,DOWNWIND,148.68,149.43,41.01,0.02,2.7,0.7,-2.1,-751.9,-1102,0.68,0.008,-0.018,0.00,1,,1961,0,457,752,0.06,41.0,1.00,0.042
103.80,DOWNWIND,148.68,149.42,41.01,0.02,2.7,0.6,-2.2,-752.2,-1106,0.68,0.008,-0.018,0.00,2,,1956,0,461,752,0.06,41.0,1.00,0.042
103.90,DOWNWIND,148.68,149.41,41.01,0.02,2.7,0.5,-2.2,-752.6,-1111,0.68,0.008,-0.018,0.00,2,,1952,0,466,753,0.06,41.0,1.00,0.042
104.00,DOWNWIND,148.69,149.40,41.01,0.02,2.7,0.4,-2.3,-753.0,-1115,0.68,0.008,-0.018,0.00,3,,1948,0,470,753,0.06,41.0,1.00,0.042
104.10,DOWNWIND,148.69,149.39,41.01,0.02,2.7,0.2,-2.4,-753.4,-1120,0.68,0.008,-0.018,0.00,3,,1943,0,475,753,0.06,41.0,1.00,0.042
104.20,DOWNWIND,148.69,149.38,41.01,0.02,2.7,0.1,-2.5,-753.8,-1124,0.68,0.008,-0.018,0.00,3,,1939,0,479,754,0.06,41.0,1.00,0.042
104.30,DOWNWIND,148.69,149.37,41.01,0.02,2.7,0.0,-2.5,-754.1,-1129,0.68,0.008,-0.018,0.00,4,,1934,0,484,754,0.06,41.0,1.00,0.042
104.40,DOWNWIND,148.69,149.36,41.01,0.02,2.7,-0.1,-2.6,-754.5,-1133,0.68,0.008,-0.018,0.00,4,,1930,0,488,755,0.06,41.0,1.00,0.042
104.50,DOWNWIND,148.69,149.35,41.01,0.01,2.7,-0.2,-2.7,-754.9,-1137,0.68,0.008,-0.018,0.00,4,,1925,0,492,755,0.06,41.0,1.00,0.042
104.60,DOWNWIND,148.70,149.34,41.01,0.01,2.7,-0.3,-2.8,-755.3,-1142,0.68,0.008,-0.018,0.00,5,,1921,0,497,755,0.06,41.0,1.00,0.042
104.70,DOWNWIND,148.70,149.33,41.01,0.01,2.7,-0.4,-2.8,-755.7,-1146,0.68,0.008,-0.018,0.00,5,,1917,0,501,756,0.06,41.0,1.00,0.042
104.80,DOWNWIND,148.70,149.31,41.01,0.01,2.7,-0.5,-2.9,-756.1,-1151,0.68,0.008,-0.018,0.00,6,,1912,0,506,756,0.06,41.0,1.00,0.042
104.90,DOWNWIND,148.70,149.30,41.01,0.01,2.7,-0.7,-2.9,-756.5,-1155,0.68,0.008,-0.018,0.00,6,,1908,0,510,756,0.06,41.0,1.00,0.042
105.00,DOWNWIND,148.70,149.28,41.01,0.01,2.7,-0.8,-3.0,-756.8,-1160,0.68,0.008,-0.018,0.00,6,,1903,0,515,757,0.06,41.0,1.00,0.042
105.10,DOWNWIND,148.70,149.27,41.01,0.01,2.7,-0.9,-3.0,-757.2,-1164,0.68,0.008,-0.018,0.00,7,,1899,0,519,757,0.06,41.0,1.00,0.042
105.20,DOWNWIND,148.70,149.25,41.01,0.01,2.7,-1.0,-3.1,-757.6,-1168,0.68,0.008,-0.018,0.00,7,,1894,0,523,758,0.06,41.0,1.00,0.042
105.30,DOWNWIND,148.70,149.23,41.01,0.01,2.7,-1.1,-3.1,-758.0,-1173,0.68,0.008,-0.018,0.00,8,,1890,0,528,758,0.06,41.0,1.00,0.042
105.40,DOWNWIND,148.71,149.21,41.01,0.01,2.7,-1.2,-3.2,-758.4,-1177,0.68,0.008,-0.018,0.00,8,,1886,0,532,758,0.06,41.0,1.00,0.042
105.50,DOWNWIND,148.71,149.19,41.01,0.01,2.7,-1.3,-3.2,-758.7,-1182,0.68,0.008,-0.018,0.00,8,,1881,0,537,759,0.06,41.0,1.00,0.042
105.60,DOWNWIND,148.71,149.16,41.01,0.01,2.7,-1.4,-3.3,-759.1,-1186,0.68,0.007,-0.018,0.00,9,,1877,0,541,759,0.06,41.0,1.00,0.042
105.70,DOWNWIND,148.71,149.14,41.01,0.01,2.7,-1.5,-3.3,-759.5,-1190,0.68,0.007,-0.018,0.00,9,,1872,0,545,759,0.06,41.0,1.00,0.042
105.80,DOWNWIND,148.71,149.11,41.01,0.01,2.7,-1.6,-3.3,-759.9,-1195,0.68,0.007,-0.018,0.00,9,,1868,0,550,760,0.06,41.0,1.00,0.042
105.90,DOWNWIND,148.71,149.08,41.01,0.01,2.7,-1.7,-3.4,-760.2,-1199,0.68,0.007,-0.018,0.00,10,,1864,0,554,760,0.06,41.0,1.00,0.042
106.00,DOWNWIND,148.71,149.05,41.01,0.01,2.7,-1.8,-3.4,-760.6,-1204,0.68,0.007,-0.018,0.00,10,,1859,0,559,761,0.06,41.0,1.00,0.042
106.10,DOWNWIND,148.71,149.02,41.01,0.01,2.7,-1.9,-3.4,-761.0,-1208,0.68,0.007,-0.018,0.00,10,,1855,0,563,761,0.06,41.0,1.00,0.042
106.20,DOWNWIND,148.71,148.99,41.01,0.01,2.7,-2.0,-3.4,-761.3,-1213,0.68,0.007,-0.018,0.00,11,,1850,0,568,761,0.06,41.0,1.00,0.042
106.30,DOWNWIND,148.72,148.96,41.01,0.01,2.7,-2.1,-3.5,-761.7,-1217,0.68,0.007,-0.018,0.00,11,,1846,0,572,762,0.06,41.0,1.00,0.042
106.40,DOWNWIND,148.72,148.93,41.01,0.01,2.7,-2.2,-3.5,-762.0,-1221,0.68,0.007,-0.019,0.00,12,,1841,0,576,762,0.06,41.0,1.00,0.042
106.50,DOWNWIND,148.72,148.90,41.01,0.01,2.7,-2.3,-3.5,-762.4,-1226,0.68,0.007,-0.019,0.00,12,,1837,0,581,762,0.06,41.0,1.00,0.042
106.60,DOWNWIND,148.72,148.87,41.01,0.01,2.7,-2.4,-3.5,-762.7,-1230,0.68,0.007,-0.019,0.00,12,,1833,0,585,763,0.06,41.0,1.00,0.042
106.70,DOWNWIND,148.72,148.84,41.01,0.01,2.7,-2.5,-3.5,-763.1,-1235,0.68,0.007,-0.019,0.00,13,,1828,0,590,763,0.06,41.0,1.00,0.042
106.80,DOWNWIND,148.72,148.81,41.01,0.01,2.7,-2.6,-3.5,-763.4,-1239,0.68,0.007,-0.019,0.00,13,,1824,0,594,763,0.06,41.0,1.00,0.042
106.90,DOWNWIND,148.72,148.78,41.01,0.01,2.7,-2.6,-3.5,-763.7,-1244,0.68,0.007,-0.019,0.00,13,,1819,0,599,764,0.05,41.0,1.00,0.042
107.00,DOWNWIND,148.72,148.76,41.01,0.01,2.7,-2.7,-3.5,-764.1,-1248,0.68,0.007,-0.019,0.00,14,,1815,0,603,764,0.05,41.0,1.00,0.042
107.10,DOWNWIND,148.72,148.73,41.01,0.01,2.7,-2.8,-3.5,-764.4,-1252,0.68,0.007,-0.019,0.00,14,,1810,0,607,764,0.05,41.0,1.00,0.043
107.20,DOWNWIND,148.72,148.70,41.01,0.01,2.7,-2.9,-3.5,-764.7,-1257,0.68,0.007,-0.019,0.00,14,,1806,0,612,765,0.05,41.0,1.00,0.043
107.30,DOWNWIND,148.72,148.67,41.01,0.01,2.8,-3.0,-3.5,-765.1,-1261,0.68,0.007,-0.019,0.00,15,,1802,0,616,765,0.05,41.0,1.00,0.043
107.40,DOWNWIND,148.73,148.65,41.01,0.01,2.8,-3.1,-3.5,-765.4,-1266,0.68,0.007,-0.019,0.00,15,,1797,0,621,765,0.05,41.0,1.00,0.043
107.50,DOWNWIND,148.73,148.62,41.01,0.01,2.8,-3.1,-3.5,-765.7,-1270,0.68,0.007,-0.019,0.00,15,,1793,0,625,766,0.05,41.0,1.00,0.043
107.60,DOWNWIND,148.73,148.58,41.01,0.01,2.8,-3.2,-3.5,-766.0,-1274,0.68,0.007,-0.019,0.00,16,,1788,0,629,766,0.05,41.0,1.00,0.043
107.70,DOWNWIND,148.73,148.55,41.01,0.01,2.8,-3.3,-3.4,-766.3,-1279,0.68,0.007,-0.019,0.00,16,,1784,0,634,766,0.05,41.0,1.00,0.043
107.80,DOWNWIND,148.73,148.51,41.01,0.01,2.8,-3.4,-3.4,-766.6,-1283,0.68,0.007,-0.019,0.00,16,,1780,0,638,767,0.05,41.0,1.00,0.043
107.90,DOWNWIND,148.73,148.47,41.01,0.01,2.8,-3.5,-3.4,-766.9,-1288,0.68,0.007,-0.019,0.00,16,,1775,0,643,767,0.05,41.0,1.00,0.043
108.00,DOWNWIND,148.73,148.42,41.02,0.01,2.8,-3.5,-3.4,-767.1,-1292,0.68,0.007,-0.019,0.00,17,,1771,0,647,767,0.05,41.0,1.00,0.043
108.10,DOWNWIND,148.73,148.37,41.02,0.00,2.8,-3.6,-3.3,-767.4,-1297,0.68,0.007,-0.019,0.00,17,,1766,0,652,767,0.05,41.0,1.00,0.043
108.20,DOWNWIND,148.73,148.31,41.02,0.00,2.8,-3.7,-3.3,-767.7,-1301,0.68,0.007,-0.019,0.00,17,,1762,0,656,768,0.05,41.0,1.00,0.043
108.30,DOWNWIND,148.73,148.25,41.02,0.00,2.8,-3.7,-3.3,-768.0,-1305,0.68,0.007,-0.019,0.00,17,,1757,0,660,768,0.05,41.0,1.00,0.043
108.40,DOWNWIND,148.73,148.19,41.02,0.00,2.8,-3.8,-3.2,-768.2,-1310,0.68,0.007,-0.019,0.00,18,,1753,0,665,768,0.05,41.0,1.00,0.043
108.50,DOWNWIND,148.73,148.12,41.02,0.00,2.8,-3.9,-3.2,-768.5,-1314,0.68,0.007,-0.019,0.00,18,,1749,0,669,768,0.05,41.0,1.00,0.043
108.60,DOWNWIND,148.73,148.05,41.02,0.00,2.8,-3.9,-3.1,-768.7,-1319,0.68,0.007,-0.019,0.00,18,,1744,0,674,769,0.05,41.0,1.00,0.043
108.70,DOWNWIND,148.73,147.98,41.02,0.00,2.8,-4.0,-3.1,-769.0,-1323,0.68,0.007,-0.019,0.00,18,,1740,0,678,769,0.05,41.0,1.00,0.043
108.80,DOWNWIND,148.73,147.91,41.02,0.00,2.8,-4.0,-3.0,-769.2,-1328,0.68,0.007,-0.019,0.00,19,,1735,0,683,769,0.05,41.0,1.00,0.043
108.90,DOWNWIND,148.73,147.84,41.02,0.00,2.8,-4.1,-3.0,-769.4,-1332,0.68,0.007,-0.019,0.00,19,,1731,0,687,769,0.05,41.0,1.00,0.043
109.00,DOWNWIND,148.73,147.76,41.02,0.00,2.8,-4.1,-2.9,-769.6,-1336,0.68,0.007,-0.019,0.00,19,,1726,0,691,770,0.05,41.0,1.00,0.043
109.10,DOWNWIND,148.73,147.68,41.02,0.00,2.8,-4.2,-2.9,-769.9,-1341,0.68,0.007,-0.019,0.00,19,,1722,0,696,770,0.05,41.0,1.00,0.043
109.20,DOWNWIND,148.73,147.61,41.02,0.00,2.8,-4.2,-2.8,-770.1,-1345,0.68,0.007,-0.019,0.00,20,,1718,0,700,770,0.05,41.0,1.00,0.043
109.30,DOWNWIND,148.73,147.53,41.02,0.00,2.8,-4.3,-2.8,-770.3,-1350,0.68,0.007,-0.019,0.00,20,,1713,0,705,770,0.05,41.0,1.00,0.043
109.40,DOWNWIND,148.73,147.46,41.02,0.00,2.8,-4.3,-2.7,-770.5,-1354,0.68,0.007,-0.020,0.00,20,,1709,0,709,770,0.05,41.0,1.00,0.043
109.50,DOWNWIND,148.73,147.38,41.02,0.00,2.8,-4.4,-2.6,-770.7,-1359,0.68,0.007,-0.020,0.00,20,,1704,0,714,771,0.05,41.0,1.00,0.043
109.60,DOWNWIND,148.73,147.31,41.02,0.00,2.8,-4.4,-2.6,-770.8,-1363,0.68,0.007,-0.020,0.00,20,,1700,0,718,771,0.05,41.0,1.00,0.043
109.70,DOWNWIND,148.73,147.23,41.02,0.00,2.8,-4.5,-2.5,-771.0,-1367,0.68,0.007,-0.020,0.00,21,,1695,0,722,771,0.05,41.0,1.00,0.044
109.80,DOWNWIND,148.73,147.15,41.02,0.00,2.8,-4.5,-2.4,-771.2,-1372,0.68,0.007,-0.020,0.00,21,,1691,0,727,771,0.05,41.0,1.00,0.044
109.90,DOWNWIND,148.73,147.07,41.02,0.00,2.8,-4.5,-2.4,-771.3,-1376,0.68,0.007,-0.020,0.00,21,,1687,0,731,771,0.05,41.0,1.00,0.044
110.00,DOWNWIND,148.73,146.98,41.02,0.00,2.8,-4.6,-2.3,-771.5,-1381,0.68,0.007,-0.020,0.00,21,,1682,0,736,771,0.05,41.0,1.00,0.044
110.10,DOWNWIND,148.73,146.87,41.02,0.00,2.8,-4.6,-2.2,-771.6,-1385,0.68,0.007,-0.020,0.00,21,,1678,0,740,772,0.05,41.0,1.00,0.044
110.20,DOWNWIND,148.73,146.77,41.02,0.00,2.8,-4.6,-2.1,-771.8,-1389,0.68,0.007,-0.020,0.00,21,,1673,0,744,772,0.05,41.0,1.00,0.044
110.30,DOWNWIND,148.73,146.65,41.02,0.00,2.8,-4.7,-2.0,-771.9,-1394,0.68,0.007,-0.020,0.00,21,,1669,0,749,772,0.05,41.0,1.00,0.044
110.40,DOWNWIND,148.73,146.53,41.02,0.00,2.8,-4.7,-1.9,-772.0,-1398,0.68,0.007,-0.020,0.00,22,,1665,0,753,772,0.05,41.0,1.00,0.044
110.50,DOWNWIND,148.73,146.41,41.02,0.00,2.8,-4.7,-1.9,-772.1,-1403,0.68,0.007,-0.020,0.00,22,,1660,0,758,772,0.05,41.0,1.00,0.044
110.60,DOWNWIND,148.73,146.28,41.02,0.00,2.8,-4.7,-1.8,-772.2,-1407,0.68,0.007,-0.020,0.00,22,,1656,0,762,772,0.05,41.0,1.00,0.044
110.70,DOWNWIND,148.73,146.16,41.02,0.00,2.8,-4.7,-1.7,-772.3,-1412,0.68,0.007,-0.020,0.00,22,,1651,0,767,772,0.05,41.0,1.00,0.044
110.80,DOWNWIND,148.73,146.03,41.02,0.00,2.8,-4.8,-1.6,-772.4,-1416,0.68,0.007,-0.020,0.00,22,,1647,0,771,772,0.05,41.0,1.00,0.044
110.90,DOWNWIND,148.73,145.90,41.02,0.00,2.8,-4.8,-1.5,-772.5,-1420,0.68,0.007,-0.020,0.00,22,,1642,0,775,773,0.05,41.0,1.00,0.044
111.00,DOWNWIND,148.73,145.77,41.02,0.00,2.8,-4.8,-1.4,-772.6,-1425,0.68,0.007,-0.020,0.00,22,,1638,0,780,773,0.05,41.0,1.00,0.044
111.10,DOWNWIND,148.73,145.64,41.02,0.00,2.8,-4.8,-1.3,-772.7,-1429,0.68,0.007,-0.020,0.00,22,,1634,0,784,773,0.05,41.0,1.00,0.044
111.20,DOWNWIND,148.73,145.52,41.02,0.00,2.8,-4.8,-1.2,-772.7,-1434,0.68,0.007,-0.020,0.00,22,,1629,0,789,773,0.05,41.0,1.00,0.044
111.30,DOWNWIND,148.74,145.41,41.02,0.00,2.8,-4.8,-1.1,-772.8,-1438,0.68,0.007,-0.020,0.00,22,,1625,0,793,773,0.05,41.0,1.00,0.044
111.40,DOWNWIND,148.74,145.30,41.02,0.00,2.8,-4.8,-1.0,-772.8,-1442,0.68,0.007,-0.020,0.00,22,,1620,0,797,773,0.05,41.0,1.00,0.044
111.50,DOWNWIND,148.74,145.19,41.02,0.00,2.8,-4.8,-0.9,-772.8,-1447,0.68,0.007,-0.020,0.00,22,,1616,0,802,773,0.05,41.0,1.00,0.044
111.60,DOWNWIND,148.74,145.08,41.02,0.00,2.8,-4.8,-0.8,-772.9,-1451,0.68,0.007,-0.020,0.00,22,,1612,0,806,773,0.05,41.0,1.00,0.044
111.70,DOWNWIND,148.74,144.98,41.02,0.00,2.8,-4.8,-0.7,-772.9,-1456,0.68,0.007,-0.020,0.00,22,,1607,0,811,773,0.05,41.0,1.00,0.044
111.80,DOWNWIND,148.74,144.88,41.02,0.00,2.8,-4.8,-0.6,-772.9,-1460,0.68,0.007,-0.020,0.00,22,,1603,0,815,773,0.05,41.0,1.00,0.044
111.90,DOWNWIND,148.74,144.78,41.02,0.00,2.8,-4.8,-0.5,-772.9,-1465,0.68,0.007,-0.020,0.00,22,,1598,0,820,773,0.05,41.0,1.00,0.044
112.00,DOWNWIND,148.74,144.68,41.02,0.00,2.8,-4.8,-0.4,-772.9,-1469,0.68,0.007,-0.020,0.00,22,,1594,0,824,773,0.05,41.0,1.00,0.044
112.10,DOWNWIND,148.74,144.58,41.02,0.00,2.8,-4.8,-0.3,-772.9,-1473,0.68,0.007,-0.020,0.00,22,,1589,0,828,773,0.05,41.0,1.00,0.044
112.20,DOWNWIND,148.74,144.49,41.02,0.00,2.8,-4.8,-0.1,-772.9,-1478,0.68,0.007,-0.020,0.00,22,,1585,0,833,773,0.05,41.0,1.00,0.044
112.30,DOWNWIND,148.74,144.39,41.02,0.00,2.8,-4.8,-0.0,-772.9,-1482,0.68,0.007,-0.020,0.00,22,,1581,0,837,773,0.05,41.0,1.00,0.044
112.40,DOWNWIND,148.74,144.29,41.02,0.00,2.8,-4.8,0.1,-772.8,-1487,0.68,0.007,-0.020,0.00,22,,1576,0,842,773,0.05,41.0,1.00,0.044
112.50,DOWNWIND,148.74,144.19,41.02,0.00,2.8,-4.7,0.2,-772.8,-1491,0.68,0.007,-0.020,0.00,22,,1572,0,846,773,0.05,41.0,1.00,0.044
112.60,DOWNWIND,148.74,144.08,41.02,0.00,2.8,-4.7,0.3,-772.7,-1495,0.68,0.007,-0.020,0.00,22,,1567,0,850,773,0.05,41.0,1.00,0.045
112.70,DOWNWIND,148.74,143.97,41.02,0.00,2.8,-4.7,0.4,-772.7,-1500,0.68,0.007,-0.020,0.00,22,,1563,0,855,773,0.05,41.0,1.00,0.045
112.80,DOWNWIND,148.74,143.86,41.02,0.00,2.8,-4.7,0.5,-772.6,-1504,0.68,0.007,-0.020,0.00,22,,1559,0,859,773,0.05,41.0,1.00,0.045
112.90,DOWNWIND,148.74,143.75,41.02,0.00,2.8,-4.7,0.7,-772.5,-1509,0.68,0.007,-0.020,0.00,22,,1554,0,864,773,0.05,41.0,1.00,0.045
113.00,DOWNWIND,148.74,143.63,41.02,0.00,2.8,-4.6,0.8,-772.5,-1513,0.68,0.007,-0.020,0.00,22,,1550,0,868,772,0.05,41.0,1.00,0.045
113.10,DOWNWIND,148.74,143.50,41.02,0.00,2.8,-4.6,0.9,-772.4,-1517,0.68,0.007,-0.020,0.00,22,,1545,0,872,772,0.05,41.0,1.00,0.045
113.20,DOWNWIND,148.74,143.37,41.02,0.00,2.8,-4.6,1.0,-772.3,-1522,0.68,0.007,-0.020,0.00,22,,1541,0,877,772,0.05,41.0,1.00,0.045
113.30,DOWNWIND,148.74,143.25,41.02,0.00,2.8,-4.5,1.1,-772.2,-1526,0.68,0.007,-0.020,0.00,22,,1537,0,881,772,0.05,41.0,1.00,0.045
113.40,DOWNWIND,148.74,143.12,41.02,0.00,2.8,-4.5,1.3,-772.1,-1531,0.68,0.007,-0.020,0.00,22,,1532,0,886,772,0.05,41.0,1.00,0.045
113.50,DOWNWIND,148.74,143.01,41.02,0.00,2.8,-4.5,1.4,-771.9,-1535,0.68,0.007,-0.020,0.00,21,,1528,0,890,772,0.05,41.0,1.00,0.045
113.60,DOWNWIND,148.74,142.89,41.03,0.00,2.8,-4.4,1.5,-771.8,-1539,0.68,0.007,-0.020,0.00,21,,1523,0,894,772,0.05,41.0,1.00,0.045
113.70,DOWNWIND,148.74,142.78,41.03,0.00,2.8,-4.4,1.6,-771.7,-1544,0.68,0.007,-0.020,0.00,21,,1519,0,899,772,0.05,41.0,1.00,0.045
113.80,DOWNWIND,148.74,142.67,41.03,0.00,2.8,-4.4,1.8,-771.5,-1548,0.68,0.007,-0.020,0.00,21,,1515,0,903,772,0.05,41.0,1.00,0.045
113.90,DOWNWIND,148.74,142.57,41.03,0.00,2.8,-4.3,1.9,-771.4,-1553,0.68,0.007,-0.020,0.00,21,,1510,0,908,771,0.05,41.0,1.00,0.045
114.00,DOWNWIND,148.74,142.48,41.03,0.00,2.8,-4.3,2.0,-771.2,-1557,0.68,0.007,-0.020,0.00,21,,1506,0,912,771,0.05,41.0,1.00,0.045
114.10,DOWNWIND,148.74,142.39,41.02,0.00,2.8,-4.2,2.1,-771.1,-1561,0.68,0.007,-0.020,0.00,21,,1501,0,916,771,0.05,41.0,1.00,0.045
114.20,DOWNWIND,148.74,142.32,41.02,0.00,2.8,-4.2,2.3,-770.9,-1566,0.68,0.007,-0.020,0.00,20,,1497,0,921,771,0.05,41.0,1.00,0.045
114.30,DOWNWIND,148.74,142.25,41.02,0.01,2.8,-4.1,2.4,-770.7,-1570,0.68,0.007,-0.020,0.00,20,,1493,0,925,771,0.05,41.0,1.00,0.045
114.40,DOWNWIND,148.74,142.20,41.02,0.01,2.8,-4.1,2.5,-770.6,-1575,0.68,0.007,-0.020,0.00,20,,1488,0,930,771,0.05,41.0,1.00,0.045
114.50,DOWNWIND,148.74,142.15,41.02,0.01,2.8,-4.0,2.6,-770.4,-1579,0.68,0.007,-0.020,0.00,20,,1484,0,934,770,0.05,41.0,1.00,0.045
114.60,DOWNWIND,148.75,142.12,41.02,0.01,2.8,-4.0,2.8,-770.2,-1583,0.68,0.007,-0.020,0.00,20,,1479,0,938,770,0.05,41.0,1.00,0.045
114.70,DOWNWIND,148.75,142.13,41.02,0.01,2.8,-3.9,2.9,-770.0,-1588,0.68,0.007,-0.020,0.00,20,,1475,0,943,770,0.05,41.0,1.00,0.045
114.80,DOWNWIND,148.75,142.15,41.02,0.01,2.8,-3.9,3.0,-769.8,-1592,0.68,0.007,-0.020,0.00,19,,1471,0,947,770,0.05,41.0,1.00,0.045
114.90,DOWNWIND,148.75,142.20,41.02,0.01,2.8,-3.8,3.1,-769.6,-1597,0.68,0.007,-0.020,0.00,19,,1466,0,952,770,0.05,41.0,1.00,0.045
115.00,DOWNWIND,148.75,142.26,41.02,0.01,2.8,-3.7,3.3,-769.3,-1601,0.68,0.007,-0.020,0.00,19,,1462,0,956,769,0.05,41.0,1.00,0.045
115.10,DOWNWIND,148.75,142.34,41.02,0.01,2.8,-3.7,3.4,-769.1,-1605,0.68,0.007,-0.020,0.00,19,,1457,0,960,769,0.05,41.0,1.00,0.045
115.20,DOWNWIND,148.75,142.44,41.02,0.01,2.8,-3.6,3.5,-768.9,-1610,0.68,0.007,-0.020,0.00,18,,1453,0,965,769,0.05,41.0,1.00,0.045
115.30,DOWNWIND,148.75,142.53,41.02,0.01,2.8,-3.6,3.6,-768.6,-1614,0.68,0.007,-0.020,0.00,18,,1449,0,969,769,0.05,41.0,1.00,0.045
115.40,DOWNWIND,148.75,142.62,41.02,0.01,2.8,-3.5,3.7,-768.4,-1619,0.68,0.007,-0.020,0.00,18,,1444,0,974,768,0.05,41.0,1.00,0.045
115.50,DOWNWIND,148.75,142.71,41.02,0.00,2.7,-3.4,3.9,-768.2,-1623,0.68,0.007,-0.020,0.00,18,,1440,0,978,768,0.05,41.0,1.00,0.045
115.60,DOWNWIND,148.75,142.78,41.02,0.00,2.7,-3.4,4.0,-767.9,-1627,0.68,0.008,-0.020,0.00,17,,1436,0,982,768,0.05,41.0,1.00,0.045
115.70,DOWNWIND,148.75,142.85,41.02,0.00,2.7,-3.3,4.1,-767.6,-1632,0.68,0.008,-0.020,0.00,17,,1431,0,987,768,0.05,41.0,1.00,0.045
115.80,DOWNWIND,148.75,142.89,41.02,0.00,2.7,-3.2,4.2,-767.4,-1636,0.68,0.008,-0.020,0.00,17,,1427,0,991,767,0.05,41.0,1.00,0.045
115.90,DOWNWIND,148.75,142.91,41.02,0.00,2.7,-3.1,4.4,-767.1,-1640,0.68,0.008,-0.020,0.00,17,,1422,0,995,767,0.05,41.0,1.00,0.045
116.00,DOWNWIND,148.75,142.89,41.02,0.00,2.7,-3.1,4.5,-766.8,-1645,0.68,0.008,-0.020,0.00,16,,1418,0,1000,767,0.05,41.0,1.00,0.045
116.10,DOWNWIND,148.75,142.85,41.02,0.00,2.7,-3.0,4.6,-766.6,-1649,0.68,0.008,-0.020,0.00,16,,1414,0,1004,767,0.05,41.0,1.00,0.045
116.20,DOWNWIND,148.75,142.78,41.02,0.00,2.7,-2.9,4.7,-766.3,-1654,0.68,0.008,-0.020,0.00,16,,1409,0,1009,766,0.05,41.0,1.00,0.045
116.30,DOWNWIND,148.75,142.69,41.02,0.00,2.7,-2.9,4.8,-766.0,-1658,0.68,0.008,-0.020,0.00,16,,1405,0,1013,766,0.05,41.0,1.00,0.045
116.40,DOWNWIND,148.75,142.60,41.02,0.00,2.7,-2.8,4.9,-765.7,-1662,0.68,0.008,-0.020,0.00,15,,1400,0,1017,766,0.05,41.0,1.00,0.045
116.50,DOWNWIND,148.75,142.49,41.02,0.00,2.7,-2.7,5.1,-765.4,-1667,0.68,0.008,-0.020,0.00,15,,1396,0,1022,765,0.05,41.0,1.00,0.045
116.60,DOWNWIND,148.75,142.37,41.02,0.00,2.7,-2.6,5.2,-765.1,-1671,0.68,0.008,-0.020,0.00,15,,1392,0,1026,765,0.05,41.0,1.00,0.045
116.70,DOWNWIND,148.75,142.24,41.02,0.00,2.7,-2.5,5.3,-764.8,-1676,0.68,0.008,-0.020,0.00,14,,1387,0,1031,765,0.05,41.0,1.00,0.045
116.80,DOWNWIND,148.76,142.09,41.02,0.00,2.7,-2.5,5.4,-764.5,-1680,0.68,0.008,-0.020,0.00,14,,1383,0,1035,764,0.05,41.0,1.00,0.045
116.90,DOWNWIND,148.76,141.92,41.02,0.00,2.7,-2.4,5.5,-764.2,-1684,0.68,0.008,-0.020,0.00,14,,1379,0,1039,764,0.05,41.0,1.00,0.045
117.00,DOWNWIND,148.76,141.74,41.02,0.00,2.7,-2.3,5.6,-763.8,-1689,0.68,0.008,-0.020,0.00,13,,1374,0,1044,764,0.05,41.0,1.00,0.046
117.10,DOWNWIND,148.76,141.55,41.02,0.00,2.7,-2.2,5.7,-763.5,-1693,0.68,0.008,-0.020,0.00,13,,1370,0,1048,764,0.05,41.0,1.00,0.046
117.20,DOWNWIND,148.76,141.35,41.02,0.01,2.7,-2.1,5.8,-763.2,-1697,0.68,0.008,-0.020,0.00,13,,1365,0,1052,763,0.05,41.0,1.00,0.046
117.30,DOWNWIND,148.76,141.13,41.03,0.01,2.7,-2.1,5.9,-762.9,-1702,0.68,0.008,-0.020,0.00,12,,1361,0,1057,763,0.05,41.0,1.00,0.046
117.40,DOWNWIND,148.76,140.91,41.03,0.01,2.7,-2.0,6.0,-762.5,-1706,0.68,0.008,-0.020,0.00,12,,1357,0,1061,763,0.05,41.0,1.00,0.046
117.50,DOWNWIND,148.76,140.68,41.03,0.01,2.7,-1.9,6.1,-762.2,-1711,0.68,0.008,-0.020,0.00,12,,1352,0,1066,762,0.05,41.0,1.00,0.046
117.60,DOWNWIND,148.76,140.44,41.03,0.01,2.7,-1.8,6.2,-761.9,-1715,0.68,0.008,-0.020,0.00,11,,1348,0,1070,762,0.05,41.0,1.00,0.046
117.70,DOWNWIND,148.76,140.20,41.03,0.01,2.7,-1.7,6.3,-761.5,-1719,0.68,0.008,-0.020,0.00,11,,1344,0,1074,762,0.05,41.0,1.00,0.046
117.80,DOWNWIND,148.76,139.95,41.03,0.01,2.7,-1.6,6.4,-761.2,-1724,0.68,0.008,-0.020,0.00,11,,1339,0,1079,761,0.05,41.0,1.00,0.046
117.90,DOWNWIND,148.76,139.69,41.03,0.01,2.7,-1.6,6.5,-760.8,-1728,0.68,0.008,-0.020,0.00,10,,1335,0,1083,761,0.05,41.0,1.00,0.046
118.00,DOWNWIND,148.76,139.42,41.03,0.01,2.7,-1.5,6.6,-760.5,-1732,0.68,0.008,-0.020,0.00,10,,1330,0,1087,760,0.05,41.0,1.00,0.046
118.10,DOWNWIND,148.76,139.15,41.03,0.01,2.7,-1.4,6.7,-760.1,-1737,0.68,0.008,-0.020,0.00,10,,1326,0,1092,760,0.05,41.0,1.00,0.046
118.20,DOWNWIND,148.76,138.87,41.03,0.01,2.7,-1.3,6.8,-759.8,-1741,0.68,0.008,-0.020,0.00,9,,1322,0,1096,760,0.05,41.0,1.00,0.046
118.30,DOWNWIND,148.76,138.59,41.03,0.01,2.7,-1.2,6.9,-759.4,-1746,0.68,0.008,-0.020,0.00,9,,1317,0,1101,759,0.05,41.0,1.00,0.046
118.40,DOWNWIND,148.77,138.32,41.03,0.01,2.7,-1.1,7.0,-759.1,-1750,0.68,0.008,-0.020,0.00,9,,1313,0,1105,759,0.05,41.0,1.00,0.046
118.50,DOWNWIND,148.77,138.04,41.03,0.01,2.7,-1.0,7.0,-758.7,-1754,0.68,0.008,-0.020,0.00,8,,1309,0,1109,759,0.05,41.0,1.00,0.046
118.60,DOWNWIND,148.77,137.78,41.03,0.01,2.7,-0.9,7.1,-758.3,-1759,0.68,0.008,-0.020,0.00,8,,1304,0,1114,758,0.05,41.0,1.00,0.046
118.70,DOWNWIND,148.77,137.51,41.03,0.01,2.7,-0.9,7.2,-758.0,-1763,0.68,0.008,-0.020,0.00,8,,1300,0,1118,758,0.05,41.0,1.00,0.046
118.80,DOWNWIND,148.77,137.26,41.03,0.01,2.7,-0.8,7.3,-757.6,-1767,0.68,0.008,-0.020,0.00,7,,1295,0,1122,758,0.05,41.0,1.00,0.046
118.90,DOWNWIND,148.77,137.01,41.03,0.01,2.7,-0.7,7.4,-757.2,-1772,0.68,0.008,-0.020,0.00,7,,1291,0,1127,757,0.05,41.0,1.00,0.046
119.00,DOWNWIND,148.77,136.78,41.03,0.01,2.7,-0.6,7.4,-756.9,-1776,0.68,0.008,-0.020,0.00,6,,1287,0,1131,757,0.04,41.0,1.00,0.046
119.10,DOWNWIND,148.77,136.56,41.03,0.01,2.7,-0.5,7.5,-756.5,-1780,0.68,0.008,-0.020,0.00,6,,1282,0,1135,757,0.04,41.0,1.00,0.046
119.20,DOWNWIND,148.77,136.36,41.03,0.01,2.7,-0.4,7.6,-756.1,-1785,0.68,0.008,-0.020,0.00,6,,1278,0,1140,756,0.04,41.0,1.00,0.046
119.30,DOWNWIND,148.78,136.17,41.03,0.01,2.7,-0.3,7.7,-755.8,-1789,0.68,0.008,-0.020,0.00,5,,1274,0,1144,756,0.04,41.0,1.00,0.046
119.40,DOWNWIND,148.78,135.99,41.03,0.01,2.7,-0.2,7.7,-755.4,-1794,0.68,0.008,-0.020,0.00,5,,1269,0,1149,755,0.04,41.0,1.00,0.046
119.50,DOWNWIND,148.78,135.84,41.03,0.01,2.7,-0.2,7.8,-755.0,-1798,0.68,0.008,-0.020,0.00,5,,1265,0,1153,755,0.04,41.0,1.00,0.046
119.60,DOWNWIND,148.78,135.70,41.03,0.01,2.7,-0.1,7.9,-754.7,-1802,0.68,0.008,-0.020,0.00,4,,1261,0,1157,755,0.04,41.0,1.00,0.046
119.70,DOWNWIND,148.78,135.59,41.03,0.01,2.7,0.0,7.9,-754.3,-1807,0.68,0.008,-0.020,0.00,4,,1256,0,1162,754,0.04,41.0,1.00,0.046
119.80,DOWNWIND,148.78,135.49,41.03,0.01,2.7,0.1,8.0,-753.9,-1811,0.68,0.008,-0.020,0.00,3,,1252,0,1166,754,0.04,41.0,1.00,0.046
119.90,DOWNWIND,148.78,135.41,41.03,0.01,2.7,0.2,8.0,-753.6,-1815,0.68,0.008,-0.020,0.00,3,,1247,0,1170,754,0.04,41.0,1.00,0.046
120.00,DOWNWIND,148.79,135.34,41.03,0.01,2.7,0.3,8.1,-753.2,-1820,0.68,0.008,-0.020,0.00,3,,1243,0,1175,753,0.04,41.0,1.00,0.046
120.10,DOWNWIND,148.79,135.29,41.02,0.01,2.7,0.4,8.2,-752.8,-1824,0.68,0.008,-0.020,0.00,2,,1239,0,1179,753,0.04,41.0,1.00,0.046
120.20,DOWNWIND,148.79,135.24,41.02,0.01,2.7,0.5,8.2,-752.5,-1829,0.68,0.008,-0.020,0.00,2,,1234,0,1184,752,0.04,41.0,1.00,0.046
120.30,DOWNWIND,148.79,135.21,41.02,0.01,2.7,0.5,8.3,-752.1,-1833,0.68,0.008,-0.020,0.00,2,,1230,0,1188,752,0.04,41.0,1.00,0.046
120.40,DOWNWIND,148.79,135.17,41.02,0.01,2.7,0.6,8.3,-751.7,-1837,0.68,0.008,-0.020,0.00,1,,1226,0,1192,752,0.04,41.0,1.00,0.046
120.50,DOWNWIND,148.79,135.15,41.02,0.01,2.7,0.7,8.3,-751.4,-1842,0.68,0.008,-0.019,0.00,1,,1221,0,1197,751,0.04,41.0,1.00,0.046
120.60,DOWNWIND,148.79,135.12,41.02,0.01,2.7,0.8,8.4,-751.0,-1846,0.68,0.008,-0.019,0.00,1,,1217,0,1201,751,0.04,41.0,1.00,0.046
120.70,DOWNWIND,148.80,135.10,41.02,0.01,2.7,0.9,8.4,-750.7,-1850,0.68,0.008,-0.019,0.00,0,,1212,0,1205,751,0.04,41.0,1.00,0.046
120.80,DOWNWIND,148.80,135.07,41.02,0.01,2.7,1.0,8.5,-750.3,-1855,0.68,0.008,-0.019,0.00,0,,1208,0,1210,750,0.04,41.0,1.00,0.046
120.90,DOWNWIND,148.80,135.05,41.02,0.01,2.7,1.0,8.5,-749.9,-1859,0.68,0.008,-0.019,0.00,1,,1204,0,1214,750,0.04,41.0,1.00,0.046
121.00,DOWNWIND,148.80,135.01,41.02,0.01,2.7,1.1,8.5,-749.6,-1863,0.68,0.008,-0.019,0.00,1,,1199,0,1218,750,0.04,41.0,1.00,0.046
121.10,DOWNWIND,148.80,134.97,41.02,0.01,2.7,1.2,8.6,-749.2,-1868,0.68,0.008,-0.019,0.00,1,,1195,0,1223,749,0.04,41.0,1.00,0.046
121.20,DOWNWIND,148.80,134.92,41.02,0.01,2.7,1.3,8.6,-748.9,-1872,0.68,0.008,-0.019,0.00,2,,1191,0,1227,749,0.04,41.0,1.00,0.046
121.30,DOWNWIND,148.80,134.85,41.02,0.01,2.7,1.4,8.6,-748.5,-1877,0.68,0.008,-0.019,0.00,2,,1186,0,1232,749,0.04,41.0,1.00,0.046
121.40,DOWNWIND,148.80,134.79,41.02,0.01,2.7,1.4,8.7,-748.2,-1881,0.68,0.008,-0.019,0.00,2,,1182,0,1236,748,0.04,41.0,1.00,0.046
121.50,DOWNWIND,148.80,134.72,41.02,0.01,2.7,1.5,8.7,-747.8,-1885,0.68,0.008,-0.019,0.00,3,,1178,0,1240,748,0.04,41.0,1.00,0.046
121.60,DOWNWIND,148.80,134.65,41.02,0.01,2.7,1.6,8.7,-747.5,-1890,0.68,0.009,-0.019,0.00,3,,1173,0,1245,748,0.04,41.0,1.00,0.046
121.70,DOWNWIND,148.81,134.58,41.02,0.01,2.7,1.7,8.7,-747.2,-1894,0.68,0.009,-0.019,0.00,3,,1169,0,1249,747,0.04,41.0,1.00,0.046
121.80,DOWNWIND,148.81,134.51,41.02,0.01,2.7,1.7,8.7,-746.8,-1898,0.68,0.009,-0.019,0.00,4,,1164,0,1253,747,0.04,41.0,1.00,0.046
121.90,DOWNWIND,148.81,134.45,41.02,0.01,2.7,1.8,8.8,-746.5,-1903,0.68,0.009,-0.019,0.00,4,,1160,0,1258,746,0.04,41.0,1.00,0.046
122.00,DOWNWIND,148.81,134.39,41.02,0.01,2.7,1.9,8.8,-746.2,-1907,0.68,0.009,-0.019,0.00,4,,1156,0,1262,746,0.04,41.0,1.00,0.046
122.10,DOWNWIND,148.81,134.35,41.02,0.00,2.7,2.0,8.8,-745.8,-1912,0.68,0.009,-0.019,0.00,5,,1151,0,1267,746,0.04,41.0,1.00,0.046
122.20,DOWNWIND,148.81,134.33,41.02,0.00,2.7,2.0,8.8,-745.5,-1916,0.68,0.009,-0.019,0.00,5,,1147,0,1271,746,0.04,41.0,1.00,0.046
122.30,DOWNWIND,148.81,134.32,41.02,0.00,2.7,2.1,8.8,-745.2,-1920,0.68,0.009,-0.019,0.00,5,,1143,0,1275,745,0.04,41.0,1.00,0.046
122.40,DOWNWIND,148.81,134.33,41.02,0.00,2.7,2.2,8.8,-744.9,-1925,0.68,0.009,-0.019,0.00,6,,1138,0,1280,745,0.04,41.0,1.00,0.046
122.50,DOWNWIND,148.81,134.36,41.02,0.00,2.7,2.2,8.8,-744.6,-1929,0.68,0.009,-0.019,0.00,6,,1134,0,1284,745,0.04,41.0,1.00,0.046
122.60,DOWNWIND,148.81,134.42,41.02,0.00,2.7,2.3,8.8,-744.3,-1933,0.68,0.009,-0.019,0.00,6,,1129,0,1288,744,0.04,41.0,1.00,0.046
122.70,DOWNWIND,148.81,134.48,41.02,0.00,2.7,2.4,8.8,-744.0,-1938,0.68,0.009,-0.019,0.00,7,,1125,0,1293,744,0.04,41.0,1.00,0.046
122.80,DOWNWIND,148.81,134.56,41.02,0.00,2.7,2.4,8.8,-743.7,-1942,0.68,0.009,-0.019,0.00,7,,1121,0,1297,744,0.04,41.0,1.00,0.046
122.90,DOWNWIND,148.81,134.66,41.02,0.00,2.7,2.5,8.8,-743.4,-1947,0.68,0.009,-0.019,0.00,7,,1116,0,1302,743,0.04,41.0,1.00,0.046
123.00,DOWNWIND,148.81,134.76,41.02,0.00,2.7,2.5,8.8,-743.1,-1951,0.68,0.009,-0.019,0.00,7,,1112,0,1306,743,0.04,41.0,1.00,0.046
123.10,DOWNWIND,148.81,134.87,41.02,0.00,2.7,2.6,8.8,-742.8,-1955,0.68,0.009,-0.019,0.00,8,,1108,0,1310,743,0.04,41.0,1.00,0.046
123.20,DOWNWIND,148.81,134.99,41.02,0.00,2.7,2.7,8.7,-742.5,-1960,0.68,0.009,-0.019,0.00,8,,1103,0,1315,743,0.04,41.0,1.00,0.046
123.30,DOWNWIND,148.81,135.10,41.02,0.00,2.7,2.7,8.7,-742.2,-1964,0.68,0.009,-0.019,0.00,8,,1099,0,1319,742,0.04,41.0,1.00,0.046
123.40,DOWNWIND,148.81,135.21,41.02,0.00,2.7,2.8,8.7,-742.0,-1968,0.68,0.009,-0.019,0.00,9,,1094,0,1323,742,0.04,41.0,1.00,0.046
123.50,DOWNWIND,148.81,135.31,41.02,0.00,2.7,2.8,8.7,-741.7,-1973,0.68,0.009,-0.019,0.00,9,,1090,0,1328,742,0.04,41.0,1.00,0.046
123.60,DOWNWIND,148.81,135.40,41.02,0.00,2.7,2.9,8.7,-741.4,-1977,0.68,0.009,-0.019,0.00,9,,1086,0,1332,741,0.04,41.0,1.00,0.046
123.70,DOWNWIND,148.81,135.48,41.02,-0.00,2.7,2.9,8.6,-741.2,-1982,0.68,0.009,-0.019,0.00,9,,1081,0,1337,741,0.04,41.0,1.00,0.046
123.80,DOWNWIND,148.81,135.53,41.02,-0.00,2.7,3.0,8.6,-740.9,-1986,0.68,0.009,-0.019,0.00,10,,1077,0,1341,741,0.04,41.0,1.00,0.046
123.90,DOWNWIND,148.81,135.57,41.02,-0.00,2.7,3.0,8.6,-740.7,-1990,0.68,0.009,-0.019,0.00,10,,1072,0,1345,741,0.04,41.0,1.00,0.046
124.00,DOWNWIND,148.81,135.60,41.02,-0.00,2.7,3.1,8.6,-740.4,-1995,0.68,0.009,-0.019,0.00,10,,1068,0,1350,740,0.04,41.0,1.00,0.046
124.10,DOWNWIND,148.81,135.64,41.02,-0.00,2.7,3.1,8.5,-740.2,-1999,0.68,0.009,-0.018,0.00,10,,1064,0,1354,740,0.04,41.0,1.00,0.046
124.20,DOWNWIND,148.81,135.69,41.02,-0.00,2.7,3.2,8.5,-740.0,-2004,0.68,0.009,-0.018,0.00,11,,1059,0,1359,740,0.04,41.0,1.00,0.046
124.30,DOWNWIND,148.81,135.74,41.02,-0.00,2.7,3.2,8.4,-739.7,-2008,0.68,0.009,-0.018,0.00,11,,1055,0,1363,740,0.04,41.0,1.00,0.047
124.40,DOWNWIND,148.81,135.80,41.02,-0.00,2.7,3.3,8.4,-739.5,-2012,0.68,0.009,-0.018,0.00,11,,1051,0,1367,740,0.04,41.0,1.00,0.047
124.50,DOWNWIND,148.81,135.86,41.02,-0.00,2.7,3.3,8.4,-739.3,-2017,0.68,0.009,-0.018,0.00,11,,1046,0,1372,739,0.04,41.0,1.00,0.047
124.60,DOWNWIND,148.81,135.93,41.02,-0.00,2.7,3.3,8.3,-739.1,-2021,0.68,0.009,-0.018,0.00,11,,1042,0,1376,739,0.04,41.0,1.00,0.047
124.70,DOWNWIND,148.81,135.99,41.02,-0.00,2.7,3.4,8.3,-738.9,-2025,0.68,0.009,-0.018,0.00,12,,1037,0,1380,739,0.04,41.0,1.00,0.047
124.80,DOWNWIND,148.81,136.06,41.02,-0.00,2.7,3.4,8.2,-738.7,-2030,0.68,0.009,-0.018,0.00,12,,1033,0,1385,739,0.04,41.0,1.00,0.047
124.90,DOWNWIND,148.81,136.13,41.02,-0.00,2.7,3.4,8.2,-738.5,-2034,0.68,0.009,-0.018,0.00,12,,1029,0,1389,738,0.04,41.0,1.00,0.047
125.00,DOWNWIND,148.81,136.21,41.02,-0.00,2.7,3.5,8.1,-738.3,-2039,0.68,0.009,-0.018,0.00,12,,1024,0,1394,738,0.04,41.0,1.00,0.047
125.10,DOWNWIND,148.81,136.28,41.02,-0.00,2.7,3.5,8.1,-738.1,-2043,0.68,0.009,-0.018,0.00,12,,1020,0,1398,738,0.04,41.0,1.00,0.047
125.20,DOWNWIND,148.81,136.35,41.02,-0.00,2.7,3.5,8.0,-737.9,-2047,0.68,0.009,-0.018,0.00,13,,1015,0,1402,738,0.04,41.0,1.00,0.047
125.30,DOWNWIND,148.81,136.43,41.02,-0.00,2.7,3.6,8.0,-737.8,-2052,0.68,0.009,-0.018,0.00,13,,1011,0,1407,738,0.04,41.0,1.00,0.047
125.40,DOWNWIND,148.81,136.50,41.02,0.00,2.7,3.6,7.9,-737.6,-2056,0.68,0.009,-0.018,0.00,13,,1007,0,1411,738,0.04,41.0,1.00,0.047
125.50,DOWNWIND,148.81,136.54,41.02,0.00,2.7,3.6,7.8,-737.5,-2061,0.68,0.009,-0.018,0.00,13,,1002,0,1416,737,0.04,41.0,1.00,0.047
125.60,DOWNWIND,148.81,136.58,41.02,0.00,2.7,3.6,7.8,-737.3,-2065,0.68,0.009,-0.018,0.00,13,,998,0,1420,737,0.04,41.0,1.00,0.047
125.70,DOWNWIND,148.81,136.60,41.02,0.00,2.7,3.7,7.7,-737.2,-2069,0.68,0.009,-0.018,0.00,13,,993,0,1424,737,0.04,41.0,1.00,0.047
125.80,DOWNWIND,148.81,136.61,41.02,0.00,2.7,3.7,7.7,-737.0,-2074,0.68,0.009,-0.018,0.00,13,,989,0,1429,737,0.04,41.0,1.00,0.047
125.90,DOWNWIND,148.81,136.62,41.02,0.00,2.7,3.7,7.6,-736.9,-2078,0.68,0.009,-0.018,0.00,14,,985,0,1433,737,0.04,41.0,1.00,0.047
126.00,DOWNWIND,148.81,136.63,41.02,0.00,2.7,3.7,7.5,-736.8,-2083,0.68,0.009,-0.018,0.00,14,,980,0,1438,737,0.04,41.0,1.00,0.047
126.10,DOWNWIND,148.81,136.64,41.02,0.00,2.7,3.7,7.5,-736.7,-2087,0.68,0.009,-0.018,0.00,14,,976,0,1442,737,0.04,41.0,1.00,0.047
126.20,DOWNWIND,148.81,136.66,41.02,0.00,2.7,3.7,7.4,-736.5,-2091,0.68,0.009,-0.018,0.00,14,,971,0,1446,737,0.04,41.0,1.00,0.047
126.30,DOWNWIND,148.81,136.69,41.02,0.00,2.7,3.8,7.3,-736.4,-2096,0.68,0.009,-0.018,0.00,14,,967,0,1451,736,0.04,41.0,1.00,0.047
126.40,DOWNWIND,148.81,136.75,41.02,0.00,2.7,3.8,7.2,-736.3,-2100,0.68,0.009,-0.018,0.00,14,,963,0,1455,736,0.04,41.0,1.00,0.047
126.50,DOWNWIND,148.81,136.82,41.02,0.00,2.7,3.8,7.2,-736.2,-2105,0.68,0.009,-0.018,0.00,14,,958,0,1460,736,0.04,41.0,1.00,0.047
126.60,DOWNWIND,148.81,136.92,41.02,0.00,2.7,3.8,7.1,-736.2,-2109,0.68,0.009,-0.018,0.00,14,,954,0,1464,736,0.04,41.0,1.00,0.047
126.70,DOWNWIND,148.81,137.05,41.02,0.00,2.7,3.8,7.0,-736.1,-2113,0.68,0.009,-0.018,0.00,14,,949,0,1468,736,0.04,41.0,1.00,0.047
126.80,DOWNWIND,148.81,137.21,41.02,0.00,2.7,3.8,6.9,-736.0,-2118,0.68,0.009,-0.018,0.00,14,,945,0,1473,736,0.04,41.0,1.00,0.047
126.90,DOWNWIND,148.81,137.36,41.02,0.00,2.7,3.8,6.9,-735.9,-2122,0.68,0.009,-0.018,0.00,15,,941,0,1477,736,0.04,41.0,1.00,0.047
127.00,DOWNWIND,148.81,137.51,41.02,0.00,2.7,3.8,6.8,-735.9,-2127,0.68,0.009,-0.018,0.00,15,,936,0,1482,736,0.04,41.0,1.00,0.047
127.10,DOWNWIND,148.81,137.66,41.02,0.01,2.7,3.8,6.7,-735.8,-2131,0.68,0.009,-0.018,0.00,15,,932,0,1486,736,0.04,41.0,1.00,0.047
127.20,DOWNWIND,148.81,137.80,41.02,0.01,2.7,3.8,6.6,-735.8,-2135,0.68,0.009,-0.018,0.00,15,,927,0,1490,736,0.04,41.0,1.00,0.047
127.30,DOWNWIND,148.82,137.94,41.01,0.01,2.7,3.8,6.5,-735.7,-2140,0.68,0.009,-0.018,0.00,15,,923,0,1495,736,0.04,41.0,1.00,0.047
127.40,DOWNWIND,148.82,138.08,41.01,0.01,2.7,3.8,6.4,-735.7,-2144,0.68,0.009,-0.018,0.00,15,,919,0,1499,736,0.04,41.0,1.00,0.047
127.50,DOWNWIND,148.82,138.22,41.01,0.01,2.7,3.8,6.4,-735.7,-2149,0.68,0.009,-0.018,0.00,15,,914,0,1504,736,0.04,41.0,1.00,0.047
127.60,DOWNWIND,148.82,138.37,41.01,0.01,2.7,3.8,6.3,-735.7,-2153,0.68,0.009,-0.018,0.00,15,,910,0,1508,736,0.04,41.0,1.00,0.047
127.70,DOWNWIND,148.82,138.51,41.01,0.01,2.7,3.7,6.2,-735.6,-2157,0.68,0.009,-0.018,0.00,15,,905,0,1512,736,0.04,41.0,1.00,0.047
127.80,DOWNWIND,148.82,138.65,41.01,0.01,2.7,3.7,6.1,-735.6,-2162,0.68,0.009,-0.018,0.00,15,,901,0,1517,736,0.04,41.0,1.00,0.047
127.90,DOWNWIND,148.82,138.80,41.01,0.01,2.7,3.7,6.0,-735.6,-2166,0.68,0.009,-0.018,0.00,15,,897,0,1521,736,0.04,41.0,1.00,0.047
128.00,DOWNWIND,148.82,138.96,41.01,0.01,2.7,3.7,5.9,-735.6,-2171,0.68,0.009,-0.018,0.00,15,,892,0,1526,736,0.04,41.0,1.00,0.047
128.10,DOWNWIND,148.82,139.12,41.01,0.01,2.7,3.7,5.8,-735.7,-2175,0.68,0.009,-0.018,0.00,15,,888,0,1530,736,0.04,41.0,1.00,0.047
128.20,DOWNWIND,148.82,139.29,41.01,0.01,2.7,3.7,5.7,-735.7,-2180,0.68,0.009,-0.018,0.00,15,,883,0,1535,736,0.04,41.0,1.00,0.047
128.30,DOWNWIND,148.82,139.44,41.01,0.01,2.7,3.7,5.6,-735.7,-2184,0.68,0.009,-0.018,0.00,15,,879,0,1539,736,0.03,41.0,1.00,0.047
128.40,DOWNWIND,148.82,139.59,41.01,0.01,2.7,3.6,5.5,-735.7,-2188,0.68,0.009,-0.018,0.00,15,,874,0,1543,736,0.03,41.0,1.00,0.047
128.50,DOWNWIND,148.82,139.73,41.01,0.01,2.7,3.6,5.4,-735.8,-2193,0.68,0.009,-0.018,0.00,15,,870,0,1548,736,0.03,41.0,1.00,0.047
128.60,DOWNWIND,148.82,139.86,41.01,0.01,2.7,3.6,5.3,-735.8,-2197,0.68,0.009,-0.018,0.00,15,,866,0,1552,736,0.03,41.0,1.00,0.047
128.70,DOWNWIND,148.82,139.98,41.01,0.01,2.7,3.6,5.3,-735.9,-2202,0.68,0.009,-0.018,0.00,15,,861,0,1557,736,0.03,41.0,1.00,0.047
128.80,DOWNWIND,148.83,140.10,41.01,0.01,2.7,3.5,5.2,-735.9,-2206,0.68,0.009,-0.018,0.00,15,,857,0,1561,736,0.03,41.0,1.00,0.047
128.90,DOWNWIND,148.83,140.21,41.01,0.01,2.7,3.5,5.1,-736.0,-2210,0.68,0.009,-0.018,0.00,14,,852,0,1565,736,0.03,41.0,1.00,0.047
129.00,DOWNWIND,148.83,140.31,41.01,0.01,2.7,3.5,5.0,-736.1,-2215,0.68,0.009,-0.018,0.00,14,,848,0,1570,736,0.03,41.0,1.00,0.047
129.10,DOWNWIND,148.83,140.40,41.01,0.01,2.7,3.4,4.9,-736.1,-2219,0.68,0.009,-0.018,0.00,14,,844,0,1574,736,0.03,41.0,1.00,0.047
129.20,DOWNWIND,148.83,140.49,41.01,0.01,2.7,3.4,4.8,-736.2,-2224,0.68,0.009,-0.018,0.00,14,,839,0,1579,736,0.03,41.0,1.00,0.047
129.30,DOWNWIND,148.83,140.57,41.01,0.01,2.7,3.4,4.7,-736.3,-2228,0.68,0.009,-0.018,0.00,14,,835,0,1583,736,0.03,41.0,1.00,0.047
129.40,DOWNWIND,148.83,140.65,41.01,0.01,2.7,3.3,4.6,-736.4,-2233,0.68,0.009,-0.018,0.00,14,,830,0,1588,736,0.03,41.0,1.00,0.047
129.50,DOWNWIND,148.83,140.73,41.01,0.01,2.7,3.3,4.5,-736.5,-2237,0.68,0.009,-0.018,0.00,14,,826,0,1592,736,0.03,41.0,1.00,0.047
129.60,DOWNWIND,148.83,140.82,41.01,0.01,2.7,3.3,4.4,-736.6,-2241,0.68,0.009,-0.018,0.00,14,,822,0,1596,737,0.03,41.0,1.00,0.047
129.70,DOWNWIND,148.83,140.92,41.01,0.01,2.7,3.2,4.3,-736.7,-2246,0.68,0.009,-0.018,0.00,14,,817,0,1601,737,0.03,41.0,1.00,0.047
129.80,DOWNWIND,148.83,141.04,41.01,0.01,2.7,3.2,4.2,-736.8,-2250,0.68,0.009,-0.018,0.00,14,,813,0,1605,737,0.03,41.0,1.00,0.047
129.90,DOWNWIND,148.84,141.16,41.01,0.01,2.7,3.1,4.1,-736.9,-2255,0.68,0.009,-0.018,0.00,14,,808,0,1610,737,0.03,41.0,1.00,0.047
130.00,DOWNWIND,148.84,141.30,41.01,0.01,2.7,3.1,4.0,-737.1,-2259,0.68,0.009,-0.018,0.00,13,,804,0,1614,737,0.03,41.0,1.00,0.047
130.10,DOWNWIND,148.84,141.43,41.01,0.01,2.7,3.1,3.9,-737.2,-2263,0.68,0.009,-0.018,0.00,13,,799,0,1618,737,0.03,41.0,1.00,0.047
130.20,DOWNWIND,148.84,141.58,41.01,0.01,2.7,3.0,3.8,-737.3,-2268,0.68,0.009,-0.018,0.00,13,,795,0,1623,737,0.03,41.0,1.00,0.047
130.30,DOWNWIND,148.84,141.72,41.01,0.01,2.7,3.0,3.7,-737.5,-2272,0.68,0.009,-0.018,0.00,13,,791,0,1627,737,0.03,41.0,1.00,0.047
130.40,DOWNWIND,148.84,141.86,41.01,0.01,2.7,2.9,3.6,-737.6,-2277,0.68,0.009,-0.018,0.00,13,,786,0,1632,738,0.03,41.0,1.00,0.047
130.50,DOWNWIND,148.84,141.99,41.01,0.01,2.7,2.9,3.5,-737.8,-2281,0.68,0.009,-0.018,0.00,13,,782,0,1636,738,0.03,41.0,1.00,0.047
130.60,DOWNWIND,148.84,142.11,41.01,0.01,2.7,2.8,3.4,-737.9,-2286,0.68,0.009,-0.018,0.00,13,,777,0,1641,738,0.03,41.0,1.00,0.047
130.70,DOWNWIND,148.85,142.23,41.01,0.01,2.7,2.8,3.3,-738.1,-2290,0.68,0.009,-0.018,0.00,12,,773,0,1645,738,0.03,41.0,1.00,0.047
130.80,DOWNWIND,148.85,142.33,41.01,0.01,2.7,2.7,3.2,-738.3,-2294,0.68,0.009,-0.018,0.00,12,,769,0,1649,738,0.03,41.0,1.00,0.047
130.90,DOWNWIND,148.85,142.41,41.01,0.01,2.7,2.7,3.1,-738.5,-2299,0.68,0.009,-0.018,0.00,12,,764,0,1654,738,0.03,41.0,1.00,0.047
131.00,DOWNWIND,148.85,142.48,41.01,0.01,2.7,2.6,3.0,-738.6,-2303,0.68,0.009,-0.018,0.00,12,,760,0,1658,739,0.03,41.0,1.00,0.047
131.10,DOWNWIND,148.85,142.58,41.01,0.01,2.7,2.6,2.9,-738.8,-2308,0.68,0.009,-0.018,0.00,12,,755,0,1663,739,0.03,41.0,1.00,0.047
131.20,DOWNWIND,148.85,142.69,41.01,0.01,2.7,2.5,2.8,-739.0,-2312,0.68,0.009,-0.018,0.00,11,,751,0,1667,739,0.03,41.0,1.00,0.047
131.30,DOWNWIND,148.85,142.81,41.01,0.01,2.7,2.4,2.7,-739.2,-2316,0.68,0.009,-0.018,0.00,11,,746,0,1671,739,0.03,41.0,1.00,0.047
131.40,DOWNWIND,148.86,142.95,41.01,0.01,2.7,2.4,2.6,-739.4,-2321,0.68,0.009,-0.018,0.00,11,,742,0,1676,739,0.03,41.0,1.00,0.047
131.50,DOWNWIND,148.86,143.09,41.01,0.01,2.7,2.3,2.5,-739.6,-2325,0.68,0.009,-0.018,0.00,11,,738,0,1680,740,0.03,41.0,1.00,0.047
131.60,DOWNWIND,148.86,143.23,41.01,0.01,2.7,2.3,2.4,-739.8,-2330,0.68,0.009,-0.018,0.00,11,,733,0,1685,740,0.03,41.0,1.00,0.047
131.70,DOWNWIND,148.86,143.37,41.01,0.01,2.7,2.2,2.3,-740.0,-2334,0.68,0.009,-0.018,0.00,10,,729,0,1689,740,0.03,41.0,1.00,0.047
131.80,DOWNWIND,148.86,143.51,41.01,0.01,2.7,2.1,2.3,-740.2,-2339,0.68,0.009,-0.018,0.00,10,,724,0,1694,740,0.03,41.0,1.00,0.047
131.90,DOWNWIND,148.86,143.63,41.01,0.01,2.7,2.1,2.2,-740.4,-2343,0.68,0.008,-0.018,0.00,10,,720,0,1698,740,0.03,41.0,1.00,0.047
132.00,DOWNWIND,148.86,143.74,41.01,0.01,2.7,2.0,2.1,-740.7,-2347,0.68,0.008,-0.018,0.00,10,,715,0,1702,741,0.03,41.0,1.00,0.046
132.10,DOWNWIND,148.87,143.84,41.01,0.01,2.7,2.0,2.0,-740.9,-2352,0.68,0.008,-0.018,0.00,10,,711,0,1707,741,0.03,41.0,1.00,0.046
132.20,DOWNWIND,148.87,143.91,41.01,0.01,2.7,1.9,1.9,-741.1,-2356,0.68,0.008,-0.018,0.00,9,,707,0,1711,741,0.03,41.0,1.00,0.046
132.30,DOWNWIND,148.87,143.96,41.01,0.01,2.7,1.8,1.8,-741.3,-2361,0.68,0.008,-0.018,0.00,9,,702,0,1716,741,0.03,41.0,1.00,0.046
132.40,DOWNWIND,148.87,143.98,41.01,0.02,2.7,1.8,1.7,-741.6,-2365,0.68,0.008,-0.018,0.00,9,,698,0,1720,742,0.03,41.0,1.00,0.046
132.50,DOWNWIND,148.87,143.99,41.01,0.02,2.7,1.7,1.6,-741.8,-2369,0.68,0.008,-0.018,0.00,9,,693,0,1724,742,0.02,41.0,1.00,0.046
132.60,DOWNWIND,148.87,143.97,41.01,0.02,2.7,1.6,1.6,-742.0,-2374,0.68,0.008,-0.018,0.00,8,,689,0,1729,742,0.02,41.0,1.00,0.046
132.70,DOWNWIND,148.87,143.95,41.01,0.02,2.7,1.6,1.5,-742.3,-2378,0.68,0.008,-0.018,0.00,8,,685,0,1733,742,0.02,41.0,1.00,0.047
132.80,DOWNWIND,148.88,143.92,41.01,0.02,2.7,1.5,1.4,-742.5,-2383,0.68,0.008,-0.018,0.00,8,,680,0,1738,743,0.02,41.0,1.00,0.047
132.90,DOWNWIND,148.88,143.88,41.01,0.02,2.7,1.4,1.3,-742.8,-2387,0.68,0.008,-0.018,0.00,8,,676,0,1742,743,0.02,41.0,1.00,0.047
133.00,DOWNWIND,148.88,143.84,41.01,0.02,2.7,1.4,1.2,-743.0,-2392,0.68,0.008,-0.018,0.00,7,,671,0,1747,743,0.02,41.0,1.00,0.047
133.10,DOWNWIND,148.88,143.81,41.01,0.02,2.7,1.3,1.1,-743.3,-2396,0.68,0.008,-0.018,0.00,7,,667,0,1751,743,0.02,41.0,1.00,0.047
133.20,DOWNWIND,148.88,143.77,41.01,0.02,2.7,1.2,1.1,-743.6,-2400,0.68,0.008,-0.018,0.00,7,,662,0,1755,744,0.02,41.0,1.00,0.047
133.30,DOWNWIND,148.88,143.75,41.01,0.02,2.7,1.1,1.0,-743.8,-2405,0.68,0.008,-0.018,0.00,7,,658,0,1760,744,0.02,41.0,1.00,0.047
133.40,DOWNWIND,148.89,143.74,41.01,0.02,2.7,1.1,0.9,-744.1,-2409,0.68,0.008,-0.018,0.00,6,,654,0,1764,744,0.02,41.0,1.00,0.046
133.50,DOWNWIND,148.89,143.74,41.01,0.02,2.7,1.0,0.8,-744.3,-2414,0.68,0.008,-0.018,0.00,6,,649,0,1769,744,0.02,41.0,1.00,0.046
133.60,DOWNWIND,148.89,143.77,41.01,0.02,2.7,0.9,0.8,-744.6,-2418,0.68,0.008,-0.018,0.00,6,,645,0,1773,745,0.02,41.0,1.00,0.046
133.70,DOWNWIND,148.89,143.81,41.01,0.02,2.7,0.9,0.7,-744.9,-2423,0.68,0.008,-0.018,0.00,6,,640,0,1778,745,0.02,41.0,1.00,0.046
133.80,DOWNWIND,148.89,143.86,41.01,0.02,2.7,0.8,0.6,-745.1,-2427,0.68,0.008,-0.018,0.00,5,,636,0,1782,745,0.02,41.0,1.00,0.046
133.90,DOWNWIND,148.89,143.92,41.01,0.02,2.7,0.7,0.5,-745.4,-2431,0.68,0.008,-0.018,0.00,5,,631,0,1786,745,0.02,41.0,1.00,0.046
134.00,DOWNWIND,148.89,143.98,41.01,0.02,2.7,0.7,0.5,-745.7,-2436,0.68,0.008,-0.018,0.00,5,,627,0,1791,746,0.02,41.0,1.00,0.046
134.10,DOWNWIND,148.90,144.04,41.01,0.02,2.7,0.6,0.4,-746.0,-2440,0.68,0.008,-0.018,0.00,4,,623,0,1795,746,0.02,41.0,1.00,0.046
134.20,DOWNWIND,148.90,144.10,41.01,0.02,2.7,0.5,0.3,-746.2,-2445,0.68,0.008,-0.018,0.00,4,,618,0,1800,746,0.02,41.0,1.00,0.046
134.30,DOWNWIND,148.90,144.17,41.01,0.02,2.7,0.4,0.3,-746.5,-2449,0.68,0.008,-0.018,0.00,4,,614,0,1804,747,0.02,41.0,1.00,0.046
134.40,DOWNWIND,148.90,144.23,41.01,0.02,2.7,0.4,0.2,-746.8,-2453,0.68,0.008,-0.018,0.00,4,,609,0,1808,747,0.02,41.0,1.00,0.046
134.50,DOWNWIND,148.90,144.30,41.01,0.01,2.7,0.3,0.2,-747.1,-2458,0.68,0.008,-0.018,0.00,3,,605,0,1813,747,0.02,41.0,1.00,0.046
134.60,DOWNWIND,148.90,144.36,41.01,0.01,2.7,0.2,0.1,-747.4,-2462,0.68,0.008,-0.018,0.00,3,,601,0,1817,747,0.02,41.0,1.00,0.046
134.70,DOWNWIND,148.91,144.43,41.01,0.01,2.7,0.2,0.0,-747.6,-2467,0.68,0.008,-0.018,0.00,3,,596,0,1822,748,0.02,41.0,1.00,0.046
134.80,DOWNWIND,148.91,144.49,41.00,0.01,2.7,0.1,-0.0,-747.9,-2471,0.68,0.008,-0.018,0.00,3,,592,0,1826,748,0.02,41.0,1.00,0.046
134.90,DOWNWIND,148.91,144.55,41.00,0.01,2.7,0.0,-0.1,-748.2,-2476,0.68,0.008,-0.018,0.00,2,,587,0,1831,748,0.02,41.0,1.00,0.046
135.00,DOWNWIND,148.91,144.61,41.00,0.01,2.7,-0.1,-0.1,-748.5,-2480,0.68,0.008,-0.018,0.00,2,,583,0,1835,748,0.02,41.0,1.00,0.046
135.10,DOWNWIND,148.91,144.68,41.00,0.01,2.7,-0.1,-0.2,-748.8,-2484,0.68,0.008,-0.018,0.00,2,,578,0,1839,749,0.02,41.0,1.00,0.046
135.20,DOWNWIND,148.91,144.77,41.00,0.01,2.7,-0.2,-0.2,-749.0,-2489,0.68,0.008,-0.018,0.00,1,,574,0,1844,749,0.02,41.0,1.00,0.046
135.30,DOWNWIND,148.91,144.88,41.00,0.01,2.7,-0.3,-0.3,-749.3,-2493,0.68,0.008,-0.018,0.00,1,,570,0,1848,749,0.02,41.0,1.00,0.046
135.40,DOWNWIND,148.91,145.01,41.00,0.01,2.7,-0.3,-0.3,-749.6,-2498,0.68,0.008,-0.018,0.00,1,,565,0,1853,750,0.02,41.0,1.00,0.046
135.50,DOWNWIND,148.92,145.15,41.00,0.01,2.7,-0.4,-0.4,-749.9,-2502,0.68,0.008,-0.018,0.00,1,,561,0,1857,750,0.02,41.0,1.00,0.046
135.60,DOWNWIND,148.92,145.31,41.00,0.01,2.7,-0.5,-0.4,-750.2,-2507,0.68,0.008,-0.018,0.00,0,,556,0,1862,750,0.02,41.0,1.00,0.046
135.70,DOWNWIND,148.92,145.48,41.00,0.01,2.7,-0.5,-0.4,-750.4,-2511,0.68,0.008,-0.018,0.00,0,,552,0,1866,750,0.02,41.0,1.00,0.046
135.80,DOWNWIND,148.92,145.65,41.00,0.01,2.7,-0.6,-0.5,-750.7,-2515,0.68,0.008,-0.018,0.00,0,,547,0,1870,751,0.02,41.0,1.00,0.046
135.90,DOWNWIND,148.92,145.82,41.00,0.01,2.7,-0.7,-0.5,-751.0,-2520,0.68,0.008,-0.018,0.00,1,,543,0,1875,751,0.02,41.0,1.00,0.046
136.00,DOWNWIND,148.92,145.98,41.00,0.01,2.7,-0.8,-0.5,-751.3,-2524,0.68,0.008,-0.018,0.00,1,,539,0,1879,751,0.02,41.0,1.00,0.046
136.10,DOWNWIND,148.92,146.13,41.00,0.01,2.7,-0.8,-0.6,-751.6,-2529,0.68,0.008,-0.018,0.00,1,,534,0,1884,752,0.02,41.0,1.00,0.046
136.20,DOWNWIND,148.92,146.27,41.00,0.01,2.7,-0.9,-0.6,-751.8,-2533,0.68,0.008,-0.018,0.00,1,,530,0,1888,752,0.02,41.0,1.00,0.046
136.30,DOWNWIND,148.92,146.38,41.00,0.01,2.7,-1.0,-0.6,-752.1,-2537,0.68,0.008,-0.018,0.00,2,,525,0,1892,752,0.01,41.0,1.00,0.046
136.40,DOWNWIND,148.92,146.48,41.00,0.01,2.7,-1.0,-0.7,-752.4,-2542,0.68,0.008,-0.018,0.00,2,,521,0,1897,752,0.01,41.0,1.00,0.046
136.50,DOWNWIND,148.92,146.55,41.00,0.01,2.7,-1.1,-0.7,-752.7,-2546,0.68,0.008,-0.018,0.00,2,,517,0,1901,753,0.01,41.0,1.00,0.046
136.60,DOWNWIND,148.92,146.60,41.00,0.01,2.7,-1.1,-0.7,-752.9,-2551,0.68,0.008,-0.018,0.00,2,,512,0,1906,753,0.01,41.0,1.00,0.046
136.70,DOWNWIND,148.92,146.64,41.00,0.01,2.7,-1.2,-0.7,-753.2,-2555,0.68,0.008,-0.018,0.00,3,,508,0,1910,753,0.01,41.0,1.00,0.046
136.80,BASE,148.92,146.66,41.00,-0.00,2.7,-1.3,-0.8,-753.5,-2560,0.05,0.016,-0.018,0.00,503,,753,0,1915,753,0.01,34.6,1.01,0.170
136.90,BASE,148.92,146.67,40.87,-0.05,2.8,-1.4,-51.5,-753.7,-2564,0.05,0.057,0.113,0.00,499,,754,0,1919,754,0.01,34.6,1.06,0.173
137.00,BASE,148.92,146.68,40.73,-0.06,3.1,-1.7,-51.5,-754.0,-2568,0.05,0.076,0.245,0.00,494,,754,0,1923,754,0.02,34.6,1.11,0.176
137.10,BASE,148.91,146.68,40.58,0.03,3.6,-2.3,-51.5,-754.3,-2573,0.05,0.050,0.184,0.00,490,,754,0,1928,754,0.02,34.6,1.16,0.177
137.20,BASE,148.92,146.69,40.43,0.23,4.1,-3.2,-51.4,-754.5,-2577,0.05,0.034,0.053,0.00,486,,755,0,1932,755,0.01,34.6,1.21,0.176
137.30,BASE,148.95,146.72,40.28,0.43,4.4,-4.3,-51.5,-754.8,-2582,0.05,0.046,-0.079,0.00,481,,755,0,1937,755,0.01,34.6,1.26,0.174
137.40,BASE,149.00,146.78,40.12,0.61,4.6,-5.4,-51.5,-755.0,-2586,0.05,0.056,-0.119,0.00,477,,755,0,1941,755,-0.00,34.6,1.31,0.171
137.50,BASE,149.07,146.86,39.96,0.77,4.9,-6.5,-51.6,-755.3,-2590,0.05,0.053,-0.143,0.00,473,,755,0,1945,755,-0.01,34.6,1.36,0.169
137.60,BASE,149.15,146.97,39.79,0.92,5.1,-7.7,-51.6,-755.5,-2594,0.05,0.046,-0.162,0.00,468,,755,0,1949,755,-0.03,34.6,1.41,0.167
137.70,BASE,149.25,147.10,39.63,1.06,5.4,-8.8,-51.7,-755.7,-2599,0.05,0.041,-0.173,0.00,464,,756,0,1954,756,-0.05,34.6,1.46,0.165
137.80,BASE,149.36,147.26,39.46,1.15,5.6,-9.9,-51.7,-755.9,-2603,0.05,0.036,-0.178,0.00,460,,756,0,1958,756,-0.07,34.6,1.51,0.163
137.90,BASE,149.47,147.44,39.30,1.21,5.9,-11.0,-51.7,-756.0,-2607,0.05,0.029,-0.174,0.00,456,,756,0,1962,756,-0.10,34.6,1.56,0.162
138.00,BASE,149.60,147.62,39.13,1.24,6.2,-12.1,-51.7,-756.2,-2612,0.05,0.023,-0.165,0.00,451,,756,0,1967,756,-0.12,34.6,1.61,0.161
138.10,BASE,149.72,147.81,38.97,1.23,6.5,-13.2,-51.7,-756.3,-2616,0.05,0.011,-0.150,0.00,447,,756,0,1971,756,-0.14,34.6,1.66,0.153
138.20,BASE,149.84,148.00,38.81,1.20,6.7,-14.3,-51.7,-756.4,-2620,0.05,0.006,-0.133,0.00,443,,756,0,1975,756,-0.17,34.6,1.71,0.145
138.30,BASE,149.96,148.18,38.65,1.12,6.8,-15.0,-51.6,-756.5,-2624,0.05,0.010,-0.108,0.00,439,,756,0,1979,756,-0.19,34.6,1.76,0.136
138.40,BASE,150.07,148.35,38.50,1.00,6.8,-15.7,-51.6,-756.5,-2628,0.05,0.011,-0.083,0.00,435,,757,0,1983,757,-0.21,34.6,1.81,0.128
138.50,BASE,150.16,148.50,38.34,0.88,6.9,-16.4,-51.5,-756.6,-2632,0.05,0.009,-0.056,0.00,430,,757,0,1987,757,-0.23,34.6,1.86,0.119
138.60,BASE,150.25,148.62,38.20,0.76,6.8,-17.0,-51.5,-756.6,-2637,0.05,0.012,-0.031,0.00,426,,757,0,1992,757,-0.25,34.6,1.91,0.111
138.70,BASE,150.32,148.72,38.05,0.65,6.6,-17.5,-51.4,-756.6,-2641,0.05,0.018,-0.009,0.00,422,,757,0,1996,757,-0.26,34.6,1.96,0.101
138.80,BASE,150.38,148.80,37.91,0.54,6.4,-18.1,-51.4,-756.6,-2645,0.05,0.030,0.010,0.00,418,,757,0,2000,757,-0.28,34.6,2.00,0.099
138.90,BASE,150.43,148.87,37.77,0.44,6.1,-18.6,-51.3,-756.6,-2649,0.05,0.035,0.022,0.00,414,,757,0,2004,757,-0.29,34.6,2.00,0.089
139.00,BASE,150.47,148.91,37.64,0.36,5.8,-19.1,-51.3,-756.5,-2653,0.05,0.040,0.029,0.00,410,,757,0,2008,757,-0.30,34.6,2.00,0.079
139.10,BASE,150.51,148.94,37.50,0.29,5.4,-19.6,-51.3,-756.4,-2657,0.05,0.041,0.031,0.00,406,,756,0,2012,756,-0.30,34.6,2.00,0.069
139.20,BASE,150.53,148.95,37.37,0.23,5.0,-20.1,-51.3,-756.3,-2661,0.05,0.042,0.026,0.00,402,,756,0,2016,756,-0.31,34.6,2.00,0.060
139.30,BASE,150.56,148.95,37.25,0.18,4.6,-20.6,-51.3,-756.2,-2665,0.05,0.045,0.016,0.00,398,,756,0,2020,756,-0.31,34.6,2.00,0.051
139.40,BASE,150.57,148.93,37.12,0.13,4.2,-21.0,-51.3,-756.0,-2669,0.05,0.044,0.002,0.00,394,,756,0,2024,756,-0.32,34.6,2.00,0.042
139.50,BASE,150.58,148.89,37.00,0.08,3.8,-21.4,-51.3,-755.8,-2673,0.05,0.043,-0.015,0.00,390,,756,0,2028,756,-0.32,34.6,2.00,0.033
139.60,BASE,150.59,148.83,36.88,0.01,3.4,-21.8,-51.4,-755.5,-2677,0.05,0.040,-0.033,0.00,386,,756,0,2032,756,-0.32,34.6,2.00,0.025
139.70,BASE,150.59,148.76,36.76,-0.08,3.1,-22.1,-51.4,-755.3,-2681,0.08,0.028,-0.051,0.00,382,,755,0,2036,755,-0.32,34.6,1.96,0.009
139.80,BASE,150.58,148.66,36.66,-0.19,2.7,-22.4,-51.5,-754.9,-2685,0.12,0.026,-0.069,0.00,378,,755,0,2040,755,-0.32,34.6,1.91,0.005
139.90,BASE,150.55,148.55,36.57,-0.33,2.4,-22.6,-51.5,-754.6,-2689,0.16,0.023,-0.085,0.00,374,,755,0,2044,755,-0.31,34.6,1.86,0.003
140.00,BASE,150.51,148.41,36.50,-0.49,2.2,-22.7,-51.6,-754.2,-2693,0.19,0.018,-0.097,0.00,370,,754,0,2048,754,-0.30,34.6,1.81,0.003
140.10,BASE,150.46,148.25,36.43,-0.67,2.0,-22.8,-51.6,-753.8,-2697,0.22,0.015,-0.105,0.00,366,,754,0,2052,754,-0.29,34.6,1.76,0.005
140.20,BASE,150.38,148.07,36.39,-0.87,1.9,-22.8,-51.6,-753.3,-2701,0.24,0.014,-0.109,0.00,362,,753,0,2056,753,-0.28,34.6,1.71,0.009
140.30,BASE,150.29,147.87,36.35,-1.09,1.8,-22.8,-51.6,-752.8,-2704,0.26,0.013,-0.109,0.00,358,,753,0,2059,753,-0.26,34.6,1.66,0.016
140.40,BASE,150.17,147.65,36.32,-1.31,1.8,-22.7,-51.6,-752.3,-2708,0.28,0.012,-0.104,0.00,355,,752,0,2063,752,-0.24,34.6,1.61,0.024
140.50,BASE,150.03,147.40,36.31,-1.53,1.8,-22.6,-51.6,-751.7,-2712,0.30,0.015,-0.095,0.00,351,,752,0,2067,752,-0.21,34.6,1.56,0.033
140.60,BASE,149.87,147.14,36.30,-1.74,1.8,-22.5,-51.6,-751.1,-2716,0.32,0.022,-0.083,0.00,347,,751,0,2071,751,-0.18,34.6,1.51,0.044
140.70,BASE,149.69,146.86,36.31,-1.94,1.9,-22.3,-51.6,-750.5,-2720,0.33,0.029,-0.068,0.00,343,,751,0,2075,751,-0.14,34.6,1.46,0.055
140.80,BASE,149.49,146.57,36.31,-2.11,1.9,-22.2,-51.5,-749.9,-2724,0.34,0.034,-0.051,0.00,339,,750,0,2079,750,-0.10,34.6,1.41,0.068
140.90,BASE,149.28,146.27,36.33,-2.25,2.0,-22.0,-51.5,-749.2,-2727,0.35,0.042,-0.035,0.00,335,,749,0,2082,749,-0.06,34.6,1.36,0.080
141.00,BASE,149.05,145.97,36.34,-2.34,2.1,-21.9,-51.5,-748.5,-2731,0.36,0.051,-0.019,0.00,332,,749,0,2086,749,-0.01,34.6,1.31,0.092
141.10,BASE,148.81,145.68,36.36,-2.40,2.2,-21.8,-51.4,-747.8,-2735,0.36,0.060,-0.005,0.00,328,,748,0,2090,748,0.04,34.6,1.26,0.104
141.20,BASE,148.57,145.40,36.37,-2.41,2.3,-21.8,-51.4,-747.0,-2739,0.37,0.069,0.007,0.00,324,,747,0,2094,747,0.08,34.6,1.21,0.114
141.30,BASE,148.33,145.14,36.39,-2.38,2.4,-21.8,-51.4,-746.3,-2743,0.37,0.076,0.016,0.00,320,,746,0,2098,746,0.13,34.6,1.16,0.124
141.40,BASE,148.09,144.89,36.40,-2.31,2.5,-21.9,-51.3,-745.4,-2746,0.37,0.082,0.021,0.00,316,,745,0,2101,745,0.18,34.6,1.11,0.132
141.50,BASE,147.87,144.66,36.41,-2.21,2.5,-22.0,-51.3,-744.6,-2750,0.38,0.087,0.022,0.00,313,,745,0,2105,745,0.23,34.6,1.06,0.139
141.60,BASE,147.65,144.44,36.41,-2.07,2.6,-22.1,-51.3,-743.7,-2754,0.38,0.093,0.019,0.00,309,,744,0,2109,744,0.27,34.6,1.01,0.144
141.70,BASE,147.45,144.25,36.41,-1.92,2.7,-22.2,-51.3,-742.7,-2758,0.38,0.094,0.013,0.00,305,,743,0,2113,743,0.31,34.6,1.00,0.146
141.80,BASE,147.26,144.06,36.41,-1.75,2.8,-22.4,-51.3,-741.7,-2761,0.39,0.092,0.005,0.00,301,,742,0,2116,742,0.35,34.6,1.00,0.147
141.90,BASE,147.09,143.89,36.40,-1.57,2.9,-22.6,-51.4,-740.7,-2765,0.39,0.091,-0.006,0.00,298,,741,0,2120,741,0.38,34.6,1.00,0.147
142.00,BASE,146.94,143.73,36.39,-1.40,3.0,-22.7,-51.4,-739.6,-2769,0.39,0.090,-0.018,0.00,294,,740,0,2124,740,0.41,34.6,1.00,0.146
142.10,BASE,146.81,143.58,36.37,-1.23,3.1,-22.9,-51.4,-738.5,-2772,0.40,0.086,-0.030,0.00,290,,739,0,2127,739,0.44,34.6,1.00,0.146
142.20,BASE,146.69,143.43,36.35,-1.08,3.2,-23.0,-51.4,-737.3,-2776,0.40,0.082,-0.042,0.00,287,,737,0,2131,737,0.46,34.6,1.00,0.145
142.30,BASE,146.59,143.28,36.33,-0.95,3.4,-23.1,-51.5,-736.1,-2780,0.41,0.077,-0.053,0.00,283,,736,0,2135,736,0.48,34.6,1.00,0.144
142.40,BASE,146.49,143.13,36.31,-0.83,3.5,-23.1,-51.5,-734.9,-2783,0.42,0.072,-0.061,0.00,280,,735,0,2138,735,0.50,34.6,1.00,0.143
142.50,BASE,146.41,142.98,36.29,-0.74,3.7,-23.1,-51.5,-733.6,-2787,0.42,0.066,-0.067,0.00,276,,734,0,2142,734,0.52,34.6,1.00,0.143
142.60,BASE,146.34,142.81,36.27,-0.66,3.9,-23.1,-51.5,-732.2,-2790,0.43,0.063,-0.071,0.00,272,,732,0,2145,732,0.53,34.6,1.00,0.142
142.70,BASE,146.28,142.65,36.25,-0.61,4.1,-23.0,-51.6,-730.8,-2794,0.43,0.059,-0.071,0.00,269,,731,0,2149,731,0.54,34.6,1.00,0.143
142.80,BASE,146.22,142.48,36.23,-0.57,4.3,-22.9,-51.6,-729.4,-2798,0.44,0.055,-0.069,0.00,265,,729,0,2153,729,0.56,34.6,1.00,0.143
142.90,BASE,146.16,142.31,36.22,-0.54,4.5,-22.8,-51.6,-728.0,-2801,0.45,0.053,-0.064,0.00,262,,728,0,2156,728,0.57,34.6,1.00,0.144
143.00,BASE,146.11,142.14,36.20,-0.52,4.6,-22.7,-51.5,-726.5,-2804,0.45,0.055,-0.057,0.00,258,,726,0,2159,726,0.58,34.6,1.00,0.146
143.10,BASE,146.06,141.97,36.19,-0.51,4.8,-22.6,-51.5,-725.0,-2808,0.46,0.057,-0.049,0.00,255,,725,0,2163,725,0.59,34.6,1.00,0.147
143.20,BASE,146.01,141.80,36.18,-0.50,4.9,-22.5,-51.5,-723.4,-2811,0.46,0.058,-0.038,0.00,251,,723,0,2166,723,0.60,34.6,1.00,0.149
143.30,BASE,145.96,141.62,36.17,-0.49,5.1,-22.4,-51.5,-721.8,-2815,0.47,0.058,-0.028,0.00,248,,722,0,2170,722,0.61,34.6,1.00,0.150
143.40,BASE,145.91,141.45,36.15,-0.46,5.2,-22.3,-51.5,-720.2,-2818,0.47,0.060,-0.018,0.00,245,,720,0,2173,720,0.62,34.6,1.00,0.151
143.50,BASE,145.86,141.28,36.14,-0.42,5.3,-22.3,-51.4,-718.5,-2822,0.48,0.063,-0.009,0.00,241,,719,0,2177,719,0.63,34.6,1.00,0.152
143.60,BASE,145.82,141.11,36.13,-0.38,5.4,-22.3,-51.4,-716.9,-2825,0.48,0.066,-0.002,0.00,238,,717,0,2180,717,0.63,34.6,1.00,0.152
143.70,BASE,145.79,140.94,36.11,-0.32,5.4,-22.3,-51.4,-715.1,-2828,0.48,0.070,0.004,0.00,235,,715,0,2183,715,0.64,34.6,1.00,0.152
143.80,BASE,145.76,140.78,36.10,-0.24,5.4,-22.3,-51.4,-713.4,-2832,0.49,0.072,0.007,0.00,231,,713,0,2187,713,0.65,34.6,1.00,0.152
143.90,BASE,145.74,140.64,36.08,-0.16,5.4,-22.4,-51.4,-711.6,-2835,0.49,0.075,0.008,0.00,228,,712,0,2190,712,0.65,34.6,1.00,0.151
144.00,BASE,145.72,140.50,36.06,-0.08,5.4,-22.5,-51.4,-709.8,-2838,0.49,0.076,0.007,0.00,225,,710,0,2193,710,0.65,34.6,1.00,0.150
144.10,BASE,145.72,140.37,36.04,0.01,5.4,-22.6,-51.4,-708.0,-2841,0.50,0.075,0.003,0.00,222,,708,0,2196,708,0.66,34.6,1.00,0.148
144.20,BASE,145.72,140.26,36.02,0.10,5.4,-22.7,-51.4,-706.1,-2844,0.50,0.072,-0.001,0.00,218,,706,0,2199,706,0.65,34.6,1.00,0.146
144.30,BASE,145.74,140.17,35.99,0.20,5.4,-22.8,-51.4,-704.2,-2848,0.50,0.071,-0.009,0.00,215,,704,0,2203,704,0.65,34.6,1.00,0.144
144.40,BASE,145.76,140.09,35.97,0.29,5.4,-22.9,-51.4,-702.2,-2851,0.51,0.071,-0.016,0.00,212,,702,0,2206,702,0.65,34.6,1.00,0.141
144.50,BASE,145.79,140.03,35.94,0.36,5.4,-23.0,-51.4,-700.2,-2854,0.51,0.069,-0.025,0.00,209,,700,0,2209,700,0.64,34.6,1.00,0.139
144.60,BASE,145.83,139.98,35.91,0.42,5.4,-23.0,-51.5,-698.2,-2857,0.51,0.065,-0.032,0.00,206,,698,0,2212,698,0.63,34.6,1.00,0.137
144.70,BASE,145.87,139.95,35.89,0.47,5.5,-23.1,-51.5,-696.2,-2860,0.52,0.061,-0.039,0.00,203,,696,0,2215,696,0.62,34.6,1.00,0.135
144.80,BASE,145.92,139.92,35.86,0.51,5.5,-23.1,-51.5,-694.1,-2863,0.52,0.057,-0.045,0.00,200,,694,0,2218,694,0.62,34.6,1.00,0.133
144.90,BASE,145.97,139.90,35.84,0.53,5.6,-23.1,-51.5,-692.0,-2866,0.52,0.054,-0.049,0.00,197,,692,0,2221,692,0.60,34.6,1.00,0.131
145.00,BASE,146.03,139.89,35.81,0.53,5.6,-23.1,-51.5,-689.8,-2869,0.53,0.052,-0.052,0.00,194,,690,0,2224,690,0.59,34.6,1.00,0.130
145.10,BASE,146.08,139.89,35.79,0.52,5.7,-23.0,-51.5,-687.7,-2872,0.53,0.049,-0.052,0.00,191,,688,0,2227,688,0.58,34.6,1.00,0.130
145.20,BASE,146.13,139.89,35.77,0.51,5.8,-23.0,-51.5,-685.5,-2875,0.53,0.045,-0.051,0.00,188,,685,0,2230,685,0.57,34.6,1.00,0.130
145.30,BASE,146.18,139.90,35.75,0.49,5.8,-22.9,-51.5,-683.2,-2878,0.54,0.044,-0.048,0.00,185,,683,0,2233,683,0.56,34.6,1.00,0.130
145.40,BASE,146.23,139.90,35.74,0.46,5.9,-22.8,-51.5,-681.0,-2881,0.54,0.047,-0.044,0.00,182,,681,0,2236,681,0.55,34.6,1.00,0.130
145.50,BASE,146.27,139.91,35.72,0.42,5.9,-22.7,-51.5,-678.7,-2883,0.54,0.050,-0.038,0.00,180,,679,0,2238,679,0.54,34.6,1.00,0.131
145.60,BASE,146.31,139.91,35.71,0.38,5.9,-22.6,-51.5,-676.4,-2886,0.54,0.051,-0.031,0.00,177,,676,0,2241,676,0.54,34.6,1.00,0.131
145.70,BASE,146.35,139.92,35.70,0.35,6.0,-22.6,-51.5,-674.1,-2889,0.55,0.051,-0.024,0.00,174,,674,0,2244,674,0.53,34.6,1.00,0.132
145.80,BASE,146.38,139.93,35.69,0.32,6.0,-22.5,-51.5,-671.7,-2892,0.55,0.053,-0.018,0.00,171,,672,0,2247,672,0.52,34.6,1.00,0.133
145.90,BASE,146.41,139.94,35.68,0.30,6.0,-22.5,-51.5,-669.4,-2894,0.55,0.056,-0.012,0.00,169,,669,0,2249,669,0.52,34.6,1.00,0.134
146.00,BASE,146.44,139.96,35.67,0.29,6.0,-22.5,-51.4,-667.0,-2897,0.55,0.058,-0.007,0.00,166,,667,0,2252,667,0.51,34.6,1.00,0.134
146.10,BASE,146.47,139.98,35.66,0.29,6.0,-22.5,-51.4,-664.5,-2900,0.55,0.061,-0.003,0.00,163,,665,0,2255,665,0.50,34.6,1.00,0.135
146.20,BASE,146.50,140.03,35.65,0.30,5.9,-22.5,-51.4,-662.1,-2902,0.55,0.063,-0.001,0.00,161,,662,0,2257,662,0.50,34.6,1.00,0.135
146.30,BASE,146.53,140.08,35.64,0.32,5.9,-22.6,-51.4,-659.6,-2905,0.55,0.064,0.000,0.00,158,,660,0,2260,660,0.49,34.6,1.00,0.134
146.40,BASE,146.57,140.15,35.63,0.35,5.9,-22.6,-51.4,-657.1,-2907,0.55,0.065,-0.001,0.00,156,,657,0,2262,657,0.49,34.6,1.00,0.134
146.50,BASE,146.60,140.22,35.62,0.38,5.8,-22.7,-51.4,-654.6,-2910,0.55,0.064,-0.003,0.00,153,,655,0,2265,655,0.48,34.6,1.00,0.133
146.60,BASE,146.64,140.31,35.60,0.42,5.8,-22.8,-51.4,-652.0,-2912,0.55,0.061,-0.006,0.00,151,,652,0,2267,652,0.47,34.6,1.00,0.132
146.70,BASE,146.68,140.41,35.59,0.46,5.8,-22.8,-51.4,-649.5,-2915,0.55,0.061,-0.011,0.00,148,,649,0,2270,649,0.46,34.6,1.00,0.130
146.80,BASE,146.73,140.51,35.57,0.50,5.8,-22.9,-51.4,-646.9,-2917,0.55,0.062,-0.017,0.00,146,,647,0,2272,647,0.45,34.6,1.00,0.129
146.90,BASE,146.78,140.61,35.55,0.53,5.7,-23.0,-51.4,-644.3,-2920,0.55,0.062,-0.022,0.00,143,,644,0,2275,644,0.44,34.6,1.00,0.127
147.00,BASE,146.84,140.70,35.54,0.55,5.7,-23.0,-51.5,-641.6,-2922,0.55,0.060,-0.028,0.00,141,,642,0,2277,642,0.43,34.6,1.00,0.126
147.10,BASE,146.89,140.80,35.52,0.56,5.7,-23.0,-51.5,-639.0,-2924,0.55,0.057,-0.032,0.00,139,,639,0,2279,639,0.42,34.6,1.00,0.125
147.20,BASE,146.95,140.90,35.50,0.57,5.7,-23.0,-51.5,-636.3,-2927,0.56,0.055,-0.036,0.00,136,,636,0,2282,636,0.41,34.6,1.00,0.124
147.30,BASE,147.00,140.99,35.49,0.57,5.7,-23.0,-51.5,-633.6,-2929,0.56,0.053,-0.039,0.00,134,,634,0,2284,634,0.40,34.6,1.00,0.123
147.40,BASE,147.06,141.08,35.48,0.55,5.8,-23.0,-51.5,-630.8,-2931,0.56,0.051,-0.041,0.00,132,,631,0,2286,631,0.39,34.6,1.00,0.123
147.50,BASE,147.12,141.15,35.46,0.54,5.8,-23.0,-51.5,-628.1,-2933,0.56,0.049,-0.041,0.00,130,,628,0,2288,628,0.38,34.6,1.00,0.122
147.60,BASE,147.17,141.22,35.45,0.51,5.8,-22.9,-51.5,-625.3,-2935,0.56,0.046,-0.040,0.00,128,,625,0,2290,625,0.37,34.6,1.00,0.122
147.70,BASE,147.22,141.27,35.44,0.49,5.9,-22.9,-51.5,-622.5,-2937,0.56,0.046,-0.038,0.00,126,,623,0,2292,623,0.36,34.6,1.00,0.122
147.80,BASE,147.27,141.31,35.43,0.46,5.9,-22.8,-51.5,-619.7,-2939,0.56,0.049,-0.036,0.00,123,,620,0,2294,620,0.35,34.6,1.00,0.123
147.90,BASE,147.31,141.33,35.42,0.43,5.9,-22.8,-51.5,-616.9,-2941,0.56,0.052,-0.032,0.00,121,,617,0,2296,617,0.34,34.6,1.00,0.123
148.00,BASE,147.35,141.34,35.42,0.39,5.9,-22.7,-51.5,-614.0,-2943,0.56,0.053,-0.027,0.00,119,,614,0,2298,614,0.33,34.6,1.00,0.124
148.10,BASE,147.39,141.33,35.41,0.35,5.9,-22.7,-51.5,-611.2,-2945,0.56,0.053,-0.022,0.00,117,,611,0,2300,611,0.32,34.6,1.00,0.125
148.20,BASE,147.43,141.31,35.41,0.33,5.9,-22.6,-51.5,-608.3,-2947,0.56,0.054,-0.018,0.00,116,,608,0,2302,608,0.31,34.6,1.00,0.126
148.30,BASE,147.46,141.27,35.40,0.31,5.9,-22.6,-51.5,-605.4,-2949,0.56,0.056,-0.013,0.00,114,,605,0,2304,605,0.31,34.6,1.00,0.126
148.40,BASE,147.49,141.23,35.40,0.29,5.9,-22.6,-51.4,-602.5,-2951,0.56,0.058,-0.010,0.00,112,,602,0,2306,602,0.30,34.6,1.00,0.127
148.50,BASE,147.52,141.18,35.39,0.28,5.9,-22.6,-51.4,-599.6,-2953,0.56,0.060,-0.007,0.00,110,,600,0,2308,600,0.30,34.6,1.00,0.127
148.60,BASE,147.54,141.12,35.38,0.28,5.8,-22.6,-51.4,-596.6,-2955,0.56,0.061,-0.006,0.00,108,,597,0,2310,597,0.29,34.6,1.00,0.127
148.70,BASE,147.57,141.05,35.38,0.29,5.8,-22.7,-51.4,-593.7,-2956,0.56,0.062,-0.005,0.00,106,,594,0,2311,594,0.28,34.6,1.00,0.127
148.80,BASE,147.60,140.98,35.37,0.30,5.8,-22.7,-51.4,-590.7,-2958,0.56,0.063,-0.005,0.00,105,,591,0,2313,591,0.28,34.6,1.00,0.127
148.90,BASE,147.63,140.91,35.36,0.31,5.7,-22.7,-51.4,-587.7,-2960,0.56,0.062,-0.007,0.00,103,,588,0,2315,588,0.27,34.6,1.00,0.126
149.00,BASE,147.66,140.84,35.35,0.34,5.8,-22.8,-51.4,-584.7,-2961,0.56,0.059,-0.009,0.00,101,,585,0,2316,585,0.27,34.6,1.00,0.126
149.10,BASE,147.70,140.77,35.34,0.37,5.7,-22.8,-51.4,-581.7,-2963,0.56,0.059,-0.012,0.00,100,,582,0,2318,582,0.26,34.6,1.00,0.125
149.20,BASE,147.74,140.71,35.33,0.39,5.7,-22.9,-51.4,-578.6,-2965,0.56,0.060,-0.016,0.00,98,,579,0,2320,579,0.25,34.6,1.00,0.123
149.30,BASE,147.78,140.64,35.32,0.41,5.7,-22.9,-51.4,-575.6,-2966,0.56,0.060,-0.020,0.00,97,,576,0,2321,576,0.24,34.6,1.00,0.122
149.40,BASE,147.82,140.59,35.31,0.43,5.7,-23.0,-51.5,-572.5,-2968,0.56,0.059,-0.023,0.00,95,,573,0,2323,573,0.24,34.6,1.00,0.121
149.50,BASE,147.86,140.54,35.30,0.44,5.7,-23.0,-51.5,-569.5,-2969,0.56,0.058,-0.026,0.00,94,,569,0,2324,569,0.23,34.6,1.00,0.121
149.60,BASE,147.91,140.49,35.29,0.44,5.7,-23.0,-51.5,-566.4,-2970,0.56,0.056,-0.029,0.00,92,,566,0,2325,566,0.22,34.6,1.00,0.120
149.70,BASE,147.95,140.45,35.28,0.44,5.7,-23.0,-51.5,-563.3,-2972,0.56,0.054,-0.031,0.00,91,,563,0,2327,563,0.21,34.6,1.00,0.119
149.80,BASE,148.00,140.41,35.27,0.43,5.7,-23.0,-51.5,-560.2,-2973,0.56,0.053,-0.032,0.00,90,,560,0,2328,560,0.20,34.6,1.00,0.119
149.90,BASE,148.04,140.38,35.26,0.42,5.7,-23.0,-51.5,-557.1,-2974,0.56,0.051,-0.032,0.00,88,,557,0,2329,557,0.19,34.6,1.00,0.119
150.00,BASE,148.08,140.35,35.25,0.41,5.7,-22.9,-51.5,-553.9,-2976,0.56,0.049,-0.032,0.00,87,,554,0,2331,554,0.18,34.6,1.00,0.118
150.10,BASE,148.12,140.34,35.24,0.39,5.8,-22.9,-51.5,-550.8,-2977,0.56,0.048,-0.030,0.00,86,,551,0,2332,551,0.18,34.6,1.00,0.118
150.20,BASE,148.16,140.33,35.24,0.37,5.8,-22.8,-51.5,-547.6,-2978,0.56,0.051,-0.029,0.00,85,,548,0,2333,548,0.17,34.6,1.00,0.118
150.30,BASE,148.19,140.32,35.23,0.35,5.8,-22.8,-51.5,-544.5,-2979,0.56,0.054,-0.026,0.00,84,,544,0,2334,544,0.16,34.6,1.00,0.119
150.40,BASE,148.23,140.33,35.23,0.32,5.8,-22.8,-51.5,-541.3,-2980,0.56,0.055,-0.023,0.00,83,,541,0,2335,541,0.15,34.6,1.00,0.119
150.50,BASE,148.26,140.33,35.22,0.29,5.8,-22.7,-51.5,-538.1,-2981,0.56,0.055,-0.020,0.00,81,,538,0,2336,538,0.15,34.6,1.00,0.120
150.60,BASE,148.29,140.34,35.22,0.27,5.8,-22.7,-51.5,-535.0,-2982,0.56,0.056,-0.016,0.00,80,,535,0,2337,535,0.14,34.6,1.00,0.120
150.70,BASE,148.31,140.36,35.21,0.25,5.7,-22.7,-51.5,-531.8,-2983,0.56,0.057,-0.013,0.00,79,,532,0,2338,532,0.14,34.6,1.00,0.121
150.80,BASE,148.34,140.38,35.21,0.24,5.7,-22.7,-51.5,-528.6,-2984,0.56,0.058,-0.011,0.00,79,,529,0,2339,529,0.13,34.6,1.00,0.121
150.90,BASE,148.36,140.40,35.21,0.22,5.7,-22.7,3.1,-525.4,-2985,0.56,0.057,-0.142,0.00,78,,525,0,2340,525,0.13,34.6,1.00,0.121
151.00,BASE,148.38,140.43,35.20,0.20,5.8,-22.5,3.5,-522.2,-2986,0.56,0.049,-0.250,0.00,77,,522,0,2341,522,0.12,34.6,1.00,0.122
151.10,BASE,148.40,140.47,35.20,0.19,5.9,-22.0,3.6,-518.9,-2987,0.56,0.040,-0.206,0.00,76,,519,0,2342,519,0.12,34.6,1.00,0.122
151.20,BASE,148.42,140.51,35.19,0.20,6.1,-21.2,3.6,-515.7,-2988,0.56,0.035,-0.075,0.00,75,,516,0,2343,516,0.11,34.6,1.00,0.122
151.30,BASE,148.44,140.55,35.19,0.21,6.1,-20.2,3.6,-512.5,-2988,0.56,0.043,0.057,0.00,74,,512,0,2343,512,0.11,34.6,1.00,0.122
151.40,BASE,148.46,140.60,35.19,0.22,6.0,-19.2,3.8,-509.3,-2989,0.55,0.056,0.088,0.00,74,,509,0,2344,509,0.11,34.6,1.00,0.121
151.50,BASE,148.49,140.65,35.18,0.22,5.9,-18.1,4.4,-506.0,-2990,0.55,0.065,0.096,0.00,73,,506,0,2345,506,0.10,34.6,1.00,0.121
151.60,BASE,148.51,140.70,35.17,0.24,5.8,-17.1,5.3,-502.8,-2991,0.55,0.069,0.093,0.00,72,,503,0,2346,503,0.10,34.6,1.00,0.121
151.70,BASE,148.53,140.75,35.17,0.28,5.7,-16.0,6.5,-499.6,-2991,0.55,0.069,0.084,0.00,72,,500,0,2346,500,0.09,34.6,1.00,0.120
151.80,BASE,148.56,140.80,35.16,0.35,5.7,-15.0,7.9,-496.3,-2992,0.55,0.066,0.073,0.00,71,,496,0,2347,496,0.09,34.6,1.00,0.118
151.90,BASE,148.60,140.86,35.14,0.44,5.6,-13.9,9.2,-493.1,-2992,0.55,0.065,0.061,0.00,71,,493,0,2347,493,0.08,34.6,1.00,0.115
152.00,BASE,148.65,140.93,35.13,0.52,5.5,-12.8,10.6,-489.9,-2993,0.55,0.062,0.049,0.00,70,,490,0,2348,490,0.07,34.6,1.00,0.112
152.10,BASE,148.70,141.00,35.11,0.61,5.5,-11.7,11.9,-486.6,-2993,0.55,0.054,0.038,0.00,69,,487,0,2348,487,0.06,34.6,1.00,0.108
152.20,BASE,148.77,141.08,35.09,0.70,5.6,-10.6,13.0,-483.4,-2994,0.55,0.039,0.029,0.00,69,,483,0,2349,483,0.05,34.6,1.00,0.104
152.30,BASE,148.84,141.17,35.07,0.81,5.8,-9.3,13.9,-480.1,-2994,0.55,0.018,0.021,0.00,68,,480,0,2349,480,0.03,34.6,1.00,0.100
152.40,BASE,148.93,141.27,35.04,0.92,5.9,-8.1,14.6,-476.9,-2995,0.55,0.016,0.015,0.00,68,,477,0,2350,477,0.01,34.6,1.00,0.095
152.50,BASE,149.02,141.38,35.01,0.99,5.9,-6.8,15.0,-473.7,-2995,0.55,0.022,0.012,0.00,68,,474,0,2350,474,-0.00,34.6,1.00,0.090
152.60,BASE,149.12,141.51,34.98,1.03,5.9,-5.4,15.2,-470.4,-2996,0.55,0.024,0.012,0.00,67,,470,0,2351,470,-0.03,34.6,1.00,0.086
152.70,BASE,149.23,141.66,34.96,1.05,5.9,-4.0,15.2,-467.2,-2996,0.55,0.023,0.016,0.00,67,,467,0,2351,467,-0.05,34.6,1.00,0.083
152.80,BASE,149.33,141.80,34.93,1.04,5.9,-3.0,14.9,-464.0,-2997,0.55,0.020,0.019,0.00,66,,464,0,2352,464,-0.07,34.6,1.00,0.080
152.90,BASE,149.43,141.96,34.91,1.02,5.9,-2.1,14.5,-460.8,-2997,0.55,0.016,0.021,0.00,66,,461,0,2352,461,-0.09,34.6,1.00,0.078
153.00,BASE,149.54,142.11,34.89,1.00,5.9,-1.3,14.0,-457.5,-2997,0.55,0.016,0.024,0.00,66,,458,0,2352,458,-0.11,34.6,1.00,0.076
153.10,BASE,149.63,142.27,34.87,0.97,5.8,-0.6,13.4,-454.3,-2998,0.56,0.020,0.027,0.00,65,,454,0,2353,454,-0.13,34.6,1.00,0.074
153.20,BASE,149.73,142.43,34.86,0.93,5.7,-0.0,12.8,-451.1,-2998,0.56,0.022,0.030,0.00,65,,451,0,2353,451,-0.15,34.6,1.00,0.073
153.30,BASE,149.82,142.59,34.84,0.89,5.7,0.5,12.2,-447.9,-2998,0.56,0.022,0.032,0.00,64,,448,0,2353,448,-0.17,34.6,1.00,0.072
153.40,BASE,149.91,142.74,34.83,0.85,5.7,0.9,11.5,-444.7,-2999,0.56,0.017,0.034,0.00,64,,445,0,2354,445,-0.18,34.6,1.00,0.071
153.50,BASE,149.99,142.89,34.82,0.82,5.7,1.2,11.0,-441.4,-2999,0.56,0.006,0.035,0.00,64,,441,0,2354,441,-0.20,34.6,1.00,0.071
153.60,BASE,150.08,143.05,34.81,0.82,5.8,1.5,10.4,-438.2,-2999,0.56,0.000,0.035,0.00,63,,438,0,2354,438,-0.22,34.6,1.00,0.069
153.70,BASE,150.16,143.20,34.79,0.83,5.8,1.8,10.0,-435.0,-3000,0.55,0.003,0.035,0.00,63,,435,0,2355,435,-0.23,34.6,1.00,0.067
153.80,BASE,150.24,143.35,34.78,0.82,5.7,1.9,9.7,-431.8,-3000,0.55,0.015,0.034,0.00,63,,432,0,2355,432,-0.25,34.6,1.00,0.065
153.90,BASE,150.32,143.50,34.77,0.79,5.6,2.1,9.4,-428.6,-3001,0.55,0.024,0.033,0.00,62,,429,0,2356,429,-0.27,34.6,1.00,0.064
154.00,BASE,150.40,143.65,34.76,0.75,5.5,2.1,9.2,-425.4,-3001,0.55,0.025,0.030,0.00,62,,425,0,2356,425,-0.28,34.6,1.00,0.064
154.10,BASE,150.47,143.79,34.75,0.70,5.4,2.2,9.1,-422.2,-3001,0.55,0.024,0.028,0.00,62,,422,0,2356,422,-0.30,34.6,1.00,0.063
154.20,BASE,150.54,143.92,34.74,0.66,5.3,2.3,9.0,-419.0,-3002,0.55,0.023,0.025,0.00,61,,419,0,2357,419,-0.31,34.6,1.00,0.063
154.30,BASE,150.61,144.04,34.73,0.61,5.2,2.3,8.9,-415.8,-3002,0.55,0.023,0.022,0.00,61,,416,0,2357,416,-0.32,34.6,1.00,0.063
154.40,BASE,150.67,144.16,34.73,0.56,5.1,2.3,8.9,-412.6,-3003,0.55,0.024,0.019,0.00,60,,413,0,2358,413,-0.33,34.6,1.00,0.063
154.50,BASE,150.72,144.26,34.72,0.51,5.1,2.3,8.9,-409.3,-3003,0.55,0.024,0.016,0.00,60,,409,0,2358,409,-0.34,34.6,1.00,0.063
154.60,BASE,150.77,144.34,34.72,0.46,5.0,2.3,8.9,-406.1,-3003,0.55,0.024,0.013,0.00,60,,406,0,2358,406,-0.35,34.6,1.00,0.064
154.70,BASE,150.81,144.41,34.72,0.42,4.9,2.3,8.8,-402.9,-3004,0.55,0.025,0.010,0.00,59,,403,0,2359,403,-0.36,34.6,1.00,0.064
154.80,BASE,150.86,144.47,34.72,0.38,4.9,2.2,8.8,-399.7,-3004,0.55,0.025,0.008,0.00,59,,400,0,2359,400,-0.37,34.6,1.00,0.065
154.90,BASE,150.89,144.52,34.72,0.34,4.8,2.2,8.7,-396.5,-3005,0.54,0.026,0.005,0.00,58,,397,0,2360,397,-0.38,34.6,1.00,0.065
155.00,BASE,150.92,144.56,34.72,0.30,4.8,2.2,8.5,-393.3,-3005,0.54,0.027,0.004,0.00,58,,393,0,2360,393,-0.39,34.6,1.00,0.066
155.10,BASE,150.95,144.59,34.72,0.26,4.7,2.2,8.4,-390.1,-3005,0.54,0.028,0.002,0.00,57,,390,0,2360,390,-0.39,34.6,1.00,0.067
155.20,BASE,150.98,144.62,34.72,0.23,4.7,2.2,8.2,-386.9,-3006,0.54,0.029,0.001,0.00,57,,387,0,2361,387,-0.40,34.6,1.00,0.067
155.30,BASE,151.00,144.64,34.72,0.20,4.6,2.2,8.0,-383.7,-3006,0.54,0.030,0.000,0.00,57,,384,0,2361,384,-0.40,34.6,1.00,0.068
155.40,BASE,151.02,144.65,34.72,0.16,4.6,2.2,7.8,-380.5,-3007,0.54,0.031,-0.001,0.00,56,,381,0,2362,381,-0.40,34.6,1.00,0.069
155.50,BASE,151.03,144.67,34.72,0.13,4.6,2.2,7.6,-377.3,-3007,0.54,0.032,-0.001,0.00,56,,377,0,2362,377,-0.41,34.6,1.00,0.069
155.60,BASE,151.05,144.68,34.73,0.11,4.5,2.1,7.3,-374.1,-3008,0.53,0.033,-0.002,0.00,55,,374,0,2363,374,-0.41,34.6,1.00,0.070
155.70,BASE,151.06,144.70,34.73,0.08,4.5,2.1,7.1,-370.9,-3008,0.53,0.034,-0.002,0.00,55,,371,0,2363,371,-0.41,34.6,1.00,0.071
155.80,BASE,151.06,144.71,34.73,0.06,4.4,2.1,6.9,-367.7,-3008,0.53,0.034,-0.003,0.00,54,,368,0,2363,368,-0.41,34.6,1.00,0.072
155.90,BASE,151.07,144.73,34.74,0.03,4.4,2.1,6.6,-364.5,-3009,0.53,0.035,-0.003,0.00,54,,364,0,2364,364,-0.41,34.6,1.00,0.072
156.00,BASE,151.07,144.75,34.74,0.01,4.4,2.0,6.4,-361.3,-3009,0.53,0.037,-0.004,0.00,54,,361,0,2364,361,-0.41,34.6,1.00,0.073
156.10,BASE,151.07,144.78,34.75,-0.01,4.3,2.0,6.2,-358.1,-3010,0.53,0.037,-0.004,0.00,53,,358,0,2365,358,-0.41,34.6,1.00,0.074
156.20,BASE,151.07,144.82,34.75,-0.03,4.3,1.9,6.0,-354.9,-3010,0.53,0.037,-0.005,0.00,53,,355,0,2365,355,-0.41,34.6,1.00,0.075
156.30,BASE,151.06,144.86,34.75,-0.05,4.3,1.9,5.8,-351.7,-3011,0.52,0.037,-0.006,0.00,52,,352,0,2366,352,-0.41,34.6,1.00,0.075
156.40,BASE,151.06,144.91,34.76,-0.06,4.3,1.9,5.7,-348.5,-3011,0.52,0.037,-0.006,0.00,52,,348,0,2366,348,-0.41,34.6,1.00,0.076
156.50,BASE,151.05,144.98,34.76,-0.07,4.3,1.8,5.5,-345.3,-3012,0.52,0.038,-0.007,0.00,51,,345,0,2367,345,-0.41,34.6,1.00,0.077
156.60,BASE,151.04,145.06,34.77,-0.08,4.3,1.7,5.4,-342.0,-3012,0.52,0.038,-0.008,0.00,51,,342,0,2367,342,-0.41,34.6,1.00,0.077
156.70,BASE,151.04,145.14,34.77,-0.09,4.3,1.7,5.2,-338.8,-3013,0.52,0.039,-0.009,0.00,50,,339,0,2368,339,-0.41,34.6,1.00,0.078
156.80,BASE,151.03,145.23,34.77,-0.10,4.3,1.6,5.1,-335.6,-3013,0.52,0.039,-0.010,0.00,50,,336,0,2368,336,-0.41,34.6,1.00,0.078
156.90,BASE,151.02,145.33,34.78,-0.11,4.3,1.6,5.0,-332.4,-3014,0.52,0.039,-0.010,0.00,49,,332,0,2369,332,-0.40,34.6,1.00,0.079
157.00,BASE,151.01,145.44,34.78,-0.11,4.3,1.5,4.9,-329.2,-3014,0.52,0.039,-0.011,0.00,49,,329,0,2369,329,-0.40,34.6,1.00,0.079
157.10,BASE,150.99,145.55,34.78,-0.11,4.3,1.4,4.7,-326.0,-3015,0.52,0.040,-0.012,0.00,48,,326,0,2370,326,-0.40,34.6,1.00,0.080
157.20,BASE,150.98,145.66,34.79,-0.12,4.3,1.4,4.6,-322.8,-3015,0.51,0.040,-0.012,0.00,48,,323,0,2370,323,-0.40,34.6,1.00,0.080
157.30,BASE,150.97,145.77,34.79,-0.12,4.3,1.3,4.5,-319.6,-3016,0.51,0.040,-0.013,0.00,47,,320,0,2371,320,-0.39,34.6,1.00,0.081
157.40,BASE,150.96,145.89,34.79,-0.12,4.3,1.2,4.4,-316.4,-3016,0.51,0.040,-0.014,0.00,47,,316,0,2371,316,-0.39,34.6,1.00,0.081
157.50,BASE,150.95,146.01,34.80,-0.12,4.3,1.2,4.2,-313.2,-3016,0.51,0.040,-0.014,0.00,46,,313,0,2371,313,-0.39,34.6,1.00,0.081
157.60,BASE,150.94,146.12,34.80,-0.12,4.3,1.1,4.1,-310.0,-3017,0.51,0.040,-0.015,0.00,46,,310,0,2372,310,-0.39,34.6,1.00,0.082
157.70,BASE,150.92,146.24,34.80,-0.12,4.3,1.0,4.0,-306.8,-3017,0.51,0.040,-0.015,0.00,45,,307,0,2372,307,-0.39,34.6,1.00,0.082
157.80,BASE,150.91,146.35,34.80,-0.12,4.3,0.9,3.8,-303.6,-3018,0.51,0.040,-0.015,0.00,45,,304,0,2373,304,-0.38,34.6,1.00,0.082
157.90,BASE,150.90,146.45,34.80,-0.11,4.3,0.9,3.7,-300.3,-3018,0.51,0.040,-0.016,0.00,44,,300,0,2373,300,-0.38,34.6,1.00,0.082
158.00,BASE,150.89,146.56,34.80,-0.11,4.3,0.8,3.6,-297.1,-3019,0.51,0.040,-0.016,0.00,44,,297,0,2374,297,-0.38,34.6,1.00,0.082
158.10,BASE,150.88,146.65,34.81,-0.11,4.3,0.7,3.4,-293.9,-3020,0.51,0.040,-0.016,0.00,43,,294,0,2375,294,-0.38,34.6,1.00,0.082
158.20,BASE,150.87,146.75,34.81,-0.11,4.3,0.7,3.3,-290.7,-3020,0.51,0.040,-0.017,0.00,43,,291,0,2375,291,-0.37,34.6,1.00,0.082
158.30,BASE,150.86,146.83,34.81,-0.10,4.3,0.6,3.2,-287.5,-3021,0.51,0.040,-0.017,0.00,42,,288,0,2376,288,-0.37,34.6,1.00,0.082
158.40,BASE,150.85,146.90,34.81,-0.10,4.3,0.5,3.1,-284.3,-3021,0.51,0.040,-0.017,0.00,42,,284,0,2376,284,-0.37,34.6,1.00,0.083
158.50,BASE,150.84,146.97,34.81,-0.10,4.3,0.4,2.9,-281.1,-3022,0.51,0.040,-0.017,0.00,41,,281,0,2377,281,-0.37,34.6,1.00,0.083
158.60,BASE,150.83,147.03,34.81,-0.09,4.4,0.4,2.8,-277.9,-3022,0.51,0.040,-0.018,0.00,41,,278,0,2377,278,-0.37,34.6,1.00,0.083
158.70,FINAL,150.82,147.07,34.74,-0.12,4.4,0.3,-51.6,-274.7,-3023,0.05,0.080,0.092,0.02,,-24,2503,0,2378,275,1.50,25.3,1.04,0.187
158.80,FINAL,150.81,147.10,34.63,-0.14,4.5,0.1,-51.5,-271.5,-3023,0.05,0.112,0.223,0.05,,-24,2503,0,2378,271,1.50,25.3,1.09,0.187
158.90,FINAL,150.79,147.13,34.51,-0.10,4.9,-0.4,-51.5,-268.3,-3024,0.05,0.087,0.206,0.07,,-24,2504,0,2379,268,1.50,25.3,1.14,0.187
159.00,FINAL,150.79,147.15,34.39,0.02,5.3,-1.2,-51.5,-265.1,-3024,0.05,0.064,0.075,0.10,,-25,2504,0,2379,265,1.50,25.3,1.19,0.187
159.10,FINAL,150.79,147.18,34.27,0.18,5.7,-2.2,-51.5,-262.0,-3025,0.05,0.062,-0.057,0.12,,-25,2505,0,2380,262,1.50,25.3,1.24,0.187
159.20,FINAL,150.82,147.22,34.14,0.34,6.0,-3.2,-51.5,-258.8,-3025,0.05,0.071,-0.126,0.15,,-25,2505,0,2380,259,1.50,25.3,1.29,0.187
159.30,FINAL,150.86,147.27,34.00,0.50,6.2,-4.3,-51.6,-255.7,-3026,0.05,0.075,-0.148,0.17,,-25,2506,0,2381,256,1.50,25.3,1.34,0.187
159.40,FINAL,150.91,147.34,33.85,0.65,6.4,-5.4,-51.6,-252.6,-3026,0.05,0.071,-0.164,0.20,,-25,2506,0,2381,253,1.50,25.3,1.39,0.187
159.50,FINAL,150.98,147.42,33.71,0.80,6.7,-6.5,-51.6,-249.5,-3027,0.05,0.064,-0.172,0.22,,-24,2507,0,2382,249,1.50,25.3,1.44,0.187
159.60,FINAL,151.07,147.52,33.55,0.95,7.0,-7.6,-51.7,-246.4,-3027,0.05,0.057,-0.176,0.25,,-24,2507,0,2382,246,1.50,25.3,1.49,0.187
159.70,FINAL,151.17,147.64,33.40,1.08,7.3,-8.7,-51.7,-243.3,-3028,0.05,0.052,-0.174,0.27,,-24,2508,0,2383,243,1.50,25.3,1.54,0.187
159.80,FINAL,151.28,147.77,33.24,1.19,7.6,-9.8,-51.7,-240.2,-3028,0.05,0.048,-0.168,0.30,,-24,2508,0,2383,240,1.50,25.3,1.59,0.187
159.90,FINAL,151.40,147.92,33.08,1.28,7.9,-10.9,-51.7,-237.2,-3028,0.05,0.041,-0.157,0.32,,-24,2508,0,2383,237,1.50,25.3,1.64,0.187
160.00,FINAL,151.53,148.07,32.91,1.35,8.2,-12.0,-51.7,-234.2,-3029,0.05,0.036,-0.142,0.35,,-24,2509,0,2384,234,1.50,25.3,1.69,0.187
160.10,FINAL,151.67,148.24,32.75,1.39,8.5,-13.2,-51.7,-231.2,-3029,0.05,0.037,-0.129,0.37,,-24,2509,0,2384,231,1.50,25.3,1.74,0.187
160.20,FINAL,151.81,148.42,32.58,1.41,8.7,-14.3,-51.6,-228.2,-3029,0.05,0.040,-0.112,0.40,,-24,2509,0,2384,228,1.50,25.3,1.79,0.187
160.30,FINAL,151.95,148.61,32.42,1.40,8.9,-15.1,-51.6,-225.2,-3030,0.05,0.040,-0.093,0.42,,-24,2510,0,2385,225,1.50,25.3,1.84,0.187
160.40,FINAL,152.09,148.81,32.25,1.39,9.0,-15.9,-51.5,-222.2,-3030,0.05,0.043,-0.072,0.45,,-24,2510,0,2385,222,1.50,25.3,1.89,0.187
160.50,FINAL,152.23,149.02,32.08,1.38,9.1,-16.5,-51.5,-219.3,-3030,0.05,0.049,-0.052,0.47,,-23,2510,0,2385,219,1.50,25.3,1.94,0.187
160.60,FINAL,152.36,149.23,31.92,1.36,9.2,-17.1,-51.5,-216.3,-3031,0.05,0.056,-0.033,0.50,,-23,2511,0,2386,216,1.50,25.3,1.99,0.187
160.70,FINAL,152.50,149.46,31.75,1.34,9.2,-17.7,-51.4,-213.4,-3031,0.05,0.062,-0.017,0.52,,-23,2511,0,2386,213,1.50,25.3,2.00,0.187
160.80,FINAL,152.63,149.70,31.58,1.33,9.2,-18.3,-51.4,-210.5,-3031,0.05,0.069,-0.004,0.55,,-23,2511,0,2386,211,1.50,25.3,2.00,0.187
160.90,FINAL,152.76,149.97,31.41,1.33,9.1,-18.8,-51.3,-207.7,-3031,0.05,0.073,0.007,0.57,,-23,2511,0,2386,208,1.50,25.3,2.00,0.187
161.00,FINAL,152.90,150.26,31.24,1.35,9.1,-19.4,-51.3,-204.8,-3031,0.05,0.077,0.013,0.60,,-23,2511,0,2386,205,1.50,25.3,2.00,0.187
161.10,FINAL,153.04,150.58,31.07,1.39,9.0,-19.9,-51.3,-202.0,-3031,0.05,0.082,0.015,0.62,,-23,2511,0,2386,202,1.50,25.3,2.00,0.187
161.20,FINAL,153.18,150.91,30.89,1.43,8.9,-20.4,-51.3,-199.2,-3031,0.05,0.083,0.014,0.65,,-23,2511,0,2386,199,1.50,25.3,2.00,0.187
161.30,FINAL,153.32,151.23,30.71,1.49,8.9,-20.9,-51.3,-196.4,-3031,0.05,0.074,0.011,0.67,,-22,2511,0,2386,196,1.50,25.3,2.00,0.187
161.40,FINAL,153.47,151.55,30.53,1.58,9.1,-21.3,-51.3,-193.6,-3031,0.05,0.053,0.007,0.70,,-22,2511,0,2386,194,1.50,25.3,2.00,0.187
161.50,FINAL,153.63,151.85,30.33,1.72,9.3,-21.7,-51.3,-190.8,-3031,0.05,0.046,-0.003,0.72,,-22,2511,0,2386,191,1.50,25.3,2.00,0.187
161.60,FINAL,153.81,152.15,30.14,1.86,9.3,-22.1,-51.3,-188.1,-3031,0.05,0.056,-0.017,0.75,,-22,2511,0,2386,188,1.50,25.3,2.00,0.187
161.70,FINAL,154.00,152.43,29.93,1.98,9.2,-22.4,-51.3,-185.4,-3031,0.05,0.068,-0.031,0.77,,-22,2511,0,2386,185,1.50,25.3,2.00,0.187
161.80,FINAL,154.20,152.81,29.73,2.08,9.2,-22.7,-51.4,-182.7,-3031,0.05,0.063,-0.044,0.80,,-22,2511,0,2386,183,1.50,25.3,2.00,0.175
161.90,FINAL,154.41,153.19,29.52,2.16,9.2,-22.9,-51.4,-180.1,-3031,0.06,0.047,-0.055,0.82,,-21,2511,0,2386,180,1.50,25.3,1.99,0.159
162.00,FINAL,154.63,153.59,29.31,2.23,9.2,-23.1,-51.4,-177.5,-3031,0.11,0.067,-0.065,0.85,,-21,2511,0,2386,177,1.50,25.3,1.94,0.187
162.10,FINAL,154.86,153.98,29.12,2.29,9.3,-23.2,-51.4,-174.9,-3030,0.17,0.047,-0.072,0.87,,-21,2510,0,2385,175,1.50,25.3,1.89,0.179
162.20,FINAL,155.09,154.39,28.94,2.37,9.5,-23.3,-51.5,-172.4,-3030,0.21,0.023,-0.079,0.90,,-21,2510,0,2385,172,1.50,25.3,1.84,0.167
162.30,FINAL,155.33,154.80,28.76,2.44,9.7,-23.4,-51.5,-169.8,-3030,0.26,0.007,-0.084,0.92,,-20,2510,0,2385,170,1.50,25.3,1.79,0.155
162.40,FINAL,155.57,155.21,28.60,2.50,9.8,-23.4,-51.5,-167.3,-3029,0.30,0.000,-0.088,0.95,,-20,2509,0,2384,167,1.50,25.3,1.74,0.145
162.50,FINAL,155.82,155.62,28.44,2.54,9.9,-23.3,-51.5,-164.9,-3029,0.34,0.000,-0.090,0.97,,-20,2509,0,2384,165,1.50,25.3,1.69,0.137
162.60,FINAL,156.08,156.03,28.30,2.57,10.0,-23.3,-51.5,-162.4,-3028,0.38,0.000,-0.088,1.00,,-19,2508,0,2383,162,1.50,25.3,1.64,0.130
162.70,FINAL,156.34,156.43,28.16,2.57,10.1,-23.2,-51.5,-160.0,-3028,0.42,0.000,-0.084,1.00,,-19,2508,0,2383,160,1.50,25.3,1.59,0.124
162.80,FINAL,156.59,156.83,28.03,2.56,10.2,-23.2,-51.5,-157.6,-3027,0.45,0.000,-0.077,1.00,,-19,2507,0,2382,158,1.50,25.3,1.54,0.120
162.90,FINAL,156.85,157.22,27.92,2.54,10.4,-23.1,-51.5,-155.3,-3027,0.48,0.000,-0.067,1.00,,-19,2507,0,2382,155,1.50,25.3,1.49,0.117
163.00,FINAL,157.10,157.60,27.81,2.51,10.5,-23.1,-51.5,-152.9,-3026,0.50,0.000,-0.057,1.00,,-18,2506,0,2381,153,1.50,25.3,1.44,0.114
163.10,FINAL,157.35,157.96,27.71,2.49,10.7,-23.0,-51.5,-150.6,-3025,0.53,0.000,-0.047,1.00,,-18,2505,0,2380,151,1.50,25.3,1.39,0.113
163.20,FINAL,157.60,158.31,27.61,2.47,10.8,-23.0,-51.5,-148.3,-3024,0.55,0.000,-0.036,1.00,,-18,2504,0,2379,148,1.50,25.3,1.34,0.112
163.30,FINAL,157.85,158.65,27.52,2.45,10.9,-23.0,-51.5,-146.0,-3024,0.57,0.000,-0.026,1.00,,-17,2504,0,2379,146,1.50,25.3,1.29,0.112
163.40,FINAL,158.09,158.98,27.44,2.43,10.9,-23.0,-51.4,-143.8,-3023,0.59,0.000,-0.017,1.00,,-17,2503,0,2378,144,1.50,25.3,1.24,0.112
163.50,FINAL,158.33,159.31,27.36,2.41,10.9,-23.0,-51.4,-141.5,-3022,0.61,0.000,-0.009,1.00,,-17,2502,0,2377,142,1.50,25.3,1.19,0.113
163.60,FINAL,158.57,159.62,27.29,2.38,10.8,-23.1,-51.4,-139.3,-3021,0.63,0.000,-0.002,1.00,,-17,2501,0,2376,139,1.50,25.3,1.14,0.114
163.70,FINAL,158.81,159.93,27.22,2.36,10.7,-23.1,-51.4,-137.2,-3020,0.64,0.000,0.003,1.00,,-16,2500,0,2375,137,1.50,25.3,1.09,0.115
163.80,FINAL,159.04,160.23,27.16,2.34,10.5,-23.2,-51.4,-135.0,-3020,0.66,0.000,0.008,1.00,,-16,2500,0,2375,135,1.50,25.3,1.04,0.116
163.90,FINAL,159.28,160.53,27.10,2.31,10.3,-23.3,-51.4,-132.9,-3019,0.66,0.005,0.011,1.00,,-16,2499,0,2374,133,1.49,25.3,1.00,0.117
164.00,FINAL,159.51,160.81,27.04,2.28,10.2,-23.4,-51.4,-130.7,-3018,0.66,0.003,0.012,1.00,,-15,2498,0,2373,131,1.43,25.3,1.00,0.114
164.10,FINAL,159.74,161.09,26.99,2.26,10.1,-23.6,-51.3,-128.7,-3017,0.66,0.000,0.012,1.00,,-15,2497,0,2372,129,1.38,25.3,1.00,0.111
164.20,FINAL,159.96,161.36,26.93,2.25,10.0,-23.7,-51.3,-126.6,-3016,0.66,0.000,0.011,1.00,,-15,2496,0,2371,127,1.33,25.3,1.00,0.107
164.30,FINAL,160.19,161.63,26.87,2.24,9.9,-23.8,-51.4,-124.5,-3015,0.66,0.000,0.007,1.00,,-14,2495,0,2370,125,1.27,25.3,1.00,0.103
164.40,FINAL,160.41,161.89,26.82,2.23,9.8,-23.8,-51.4,-122.5,-3014,0.66,0.000,0.003,1.00,,-14,2494,0,2369,123,1.22,25.3,1.00,0.099
164.50,FINAL,160.63,162.14,26.76,2.22,9.7,-23.9,-51.4,-120.5,-3012,0.65,0.000,-0.002,1.00,,-14,2492,0,2367,121,1.16,25.3,1.00,0.095
164.60,FINAL,160.85,162.39,26.70,2.22,9.7,-24.0,-51.4,-118.6,-3011,0.65,0.000,-0.007,1.00,,-14,2491,0,2366,119,1.11,25.3,1.00,0.090
164.70,FINAL,161.08,162.64,26.64,2.21,9.7,-24.1,-51.4,-116.6,-3010,0.65,0.000,-0.013,1.00,,-13,2490,0,2365,117,1.05,25.3,1.00,0.085
164.80,FINAL,161.30,162.88,26.58,2.21,9.7,-24.1,-51.4,-114.7,-3009,0.65,0.000,-0.018,1.00,,-13,2489,0,2364,115,1.00,25.3,1.00,0.080
164.90,FINAL,161.52,163.11,26.52,2.21,9.7,-24.1,-51.4,-112.9,-3008,0.65,0.000,-0.022,1.00,,-13,2488,0,2363,113,0.94,25.3,1.00,0.075
165.00,FINAL,161.74,163.33,26.46,2.20,9.8,-24.1,-51.4,-111.0,-3006,0.64,0.000,-0.026,1.00,,-12,2486,0,2361,111,0.88,25.3,1.00,0.069
165.10,FINAL,161.96,163.55,26.40,2.20,9.9,-24.1,-51.4,-109.2,-3005,0.64,0.000,-0.029,1.00,,-12,2485,0,2360,109,0.82,25.3,1.00,0.064
165.20,FINAL,162.18,163.77,26.34,2.19,10.0,-24.1,-51.4,-107.4,-3004,0.64,0.000,-0.030,1.00,,-12,2484,0,2359,107,0.77,25.3,1.00,0.058
165.30,FINAL,162.40,163.98,26.28,2.17,10.1,-24.1,-51.5,-105.7,-3002,0.64,0.000,-0.030,1.00,,-11,2482,0,2357,106,0.71,25.3,1.00,0.052
165.40,FINAL,162.61,164.18,26.22,2.16,10.2,-24.0,-51.5,-104.0,-3001,0.64,0.000,-0.029,1.00,,-11,2481,0,2356,104,0.65,25.3,1.00,0.047
165.50,FINAL,162.83,164.37,26.16,2.15,10.3,-23.9,-51.5,-102.3,-2999,0.63,0.000,-0.027,1.00,,-11,2479,0,2354,102,0.59,25.3,1.00,0.041
165.60,FINAL,163.04,164.56,26.10,2.13,10.4,-23.9,-51.5,-100.6,-2998,0.63,0.000,-0.024,1.00,,-10,2478,0,2353,101,0.53,25.3,1.00,0.035
165.70,FINAL,163.26,164.74,26.04,2.11,10.4,-23.8,-51.5,-99.0,-2996,0.63,0.000,-0.021,1.00,,-10,2476,0,2351,99,0.47,25.3,1.00,0.029
165.80,FINAL,163.47,164.92,25.98,2.08,10.5,-23.8,-51.5,-97.4,-2995,0.63,0.000,-0.016,1.00,,-10,2475,0,2350,97,0.41,25.3,1.00,0.024
165.90,FINAL,163.67,165.09,25.93,2.05,10.5,-23.7,-51.5,-95.9,-2993,0.62,0.000,-0.011,1.00,,-9,2473,0,2348,96,0.36,25.3,1.00,0.018
166.00,FINAL,163.88,165.25,25.87,2.02,10.5,-23.7,-51.4,-94.4,-2992,0.62,0.000,-0.006,1.00,,-9,2472,0,2347,94,0.30,25.3,1.00,0.013
166.10,FINAL,164.08,165.41,25.82,1.98,10.5,-23.7,-51.4,-92.9,-2990,0.62,0.000,-0.001,1.00,,-9,2470,0,2345,93,0.24,25.3,1.00,0.007
166.20,FINAL,164.28,165.56,25.76,1.95,10.5,-23.7,-51.4,-91.4,-2989,0.62,0.000,0.004,1.00,,-9,2469,0,2344,91,0.18,25.3,1.00,0.002
166.30,FINAL,164.47,165.71,25.71,1.91,10.4,-23.7,-51.4,-90.0,-2987,0.61,0.000,0.009,1.00,,-8,2467,0,2342,90,0.12,25.3,1.00,-0.004
166.40,FINAL,164.66,165.85,25.66,1.87,10.4,-23.7,-51.4,-88.6,-2985,0.61,0.000,0.013,1.00,,-8,2465,0,2340,89,0.06,25.3,1.00,-0.009
166.50,FINAL,164.84,165.99,25.61,1.83,10.3,-23.7,-51.4,-87.2,-2984,0.61,0.000,0.016,1.00,,-8,2464,0,2339,87,0.01,25.3,1.00,-0.014
166.60,FINAL,165.02,166.13,25.56,1.78,10.1,-23.8,-51.4,-85.9,-2982,0.60,0.000,0.019,1.00,,-7,2462,0,2337,86,-0.05,25.3,1.00,-0.019
166.70,FINAL,165.20,166.26,25.51,1.74,10.0,-23.8,-51.4,-84.6,-2980,0.60,0.000,0.020,1.00,,-7,2460,0,2335,85,-0.11,25.3,1.00,-0.024
166.80,FINAL,165.37,166.39,25.46,1.69,9.8,-23.8,-51.4,-83.4,-2978,0.60,0.000,0.021,1.00,,-7,2458,0,2333,83,-0.16,25.3,1.00,-0.029
166.90,FINAL,165.54,166.52,25.41,1.63,9.6,-23.9,-51.4,-82.1,-2977,0.59,0.000,0.022,1.00,,-6,2457,0,2332,82,-0.22,25.3,1.00,-0.034
167.00,FINAL,165.70,166.65,25.37,1.57,9.3,-23.9,-51.4,-80.9,-2975,0.59,0.000,0.021,1.00,,-6,2455,0,2330,81,-0.27,25.3,1.00,-0.038
167.10,FINAL,165.86,166.78,25.33,1.50,9.1,-23.9,-51.4,-79.8,-2973,0.59,0.000,0.020,1.00,,-6,2453,0,2328,80,-0.33,25.3,1.00,-0.042
167.20,FINAL,166.00,166.90,25.29,1.43,8.8,-24.0,-51.4,-78.7,-2971,0.58,0.000,0.019,1.00,,-6,2451,0,2326,79,-0.38,25.3,1.00,-0.046
167.30,FINAL,166.14,167.03,25.25,1.35,8.5,-24.0,-51.4,-77.6,-2969,0.58,0.000,0.018,1.00,,-5,2449,0,2324,78,-0.43,25.3,1.00,-0.049
167.40,FINAL,166.28,167.14,25.22,1.26,8.3,-24.0,-51.4,-76.5,-2968,0.58,0.000,0.017,1.00,,-5,2448,0,2323,77,-0.48,25.3,1.00,-0.052
167.50,FINAL,166.40,167.26,25.18,1.18,8.1,-24.0,-51.4,-75.5,-2966,0.57,0.000,0.017,1.00,,-5,2446,0,2321,76,-0.53,25.3,1.00,-0.054
167.60,FINAL,166.52,167.38,25.15,1.10,7.9,-24.1,-51.4,-74.5,-2964,0.57,0.000,0.016,1.00,,-5,2444,0,2319,75,-0.58,25.3,1.00,-0.057
167.70,FINAL,166.62,167.49,25.13,1.02,7.8,-24.1,-51.4,-73.6,-2962,0.56,0.000,0.014,1.00,,-4,2442,0,2317,74,-0.63,25.3,1.00,-0.059
167.80,FINAL,166.72,167.60,25.10,0.94,7.6,-24.1,-51.4,-72.7,-2960,0.56,0.000,0.013,1.00,,-4,2440,0,2315,73,-0.68,25.3,1.00,-0.059
167.90,FINAL,166.81,167.71,25.08,0.86,7.5,-24.1,-51.4,-71.8,-2958,0.55,0.000,0.012,1.00,,-4,2438,0,2313,72,-0.72,25.3,1.00,-0.059
168.00,FINAL,166.90,167.82,25.05,0.78,7.3,-24.1,-51.4,-71.0,-2956,0.55,0.000,0.011,1.00,,-4,2436,0,2311,71,-0.77,25.3,1.00,-0.059
168.10,FINAL,166.97,167.93,25.03,0.70,7.2,-24.0,-51.4,-70.2,-2954,0.54,0.000,0.011,1.00,,-3,2434,0,2309,70,-0.81,25.3,1.00,-0.059
168.20,FINAL,167.04,168.03,25.01,0.61,7.0,-24.0,-51.4,-69.4,-2952,0.54,0.000,0.011,1.00,,-3,2432,0,2307,69,-0.85,25.3,1.00,-0.059
168.30,FINAL,167.10,168.14,25.00,0.53,6.9,-24.0,-51.4,-68.7,-2950,0.53,0.000,0.012,1.00,,-3,2430,0,2305,69,-0.89,25.3,1.00,-0.059
168.40,FINAL,167.15,168.23,24.98,0.44,6.7,-24.0,-51.4,-68.0,-2948,0.53,0.000,0.013,1.00,,-3,2428,0,2303,68,-0.93,25.3,1.00,-0.059
168.50,FINAL,167.19,168.32,24.97,0.36,6.6,-23.9,-51.4,-67.3,-2946,0.52,0.000,0.015,1.00,,-3,2426,0,2301,67,-0.97,25.3,1.00,-0.059
168.60,FINAL,167.22,168.41,24.96,0.28,6.4,-23.9,-51.4,-66.7,-2944,0.52,0.000,0.016,1.00,,-2,2424,0,2299,67,-1.01,25.3,1.00,-0.059
168.70,FINAL,167.25,168.49,24.95,0.19,6.2,-23.9,-51.4,-66.1,-2942,0.51,0.000,0.017,1.00,,-2,2422,0,2297,66,-1.04,25.3,1.00,-0.059
168.80,FINAL,167.26,168.56,24.95,0.10,6.0,-23.8,-51.4,-65.6,-2940,0.50,0.000,0.019,1.00,,-2,2420,0,2295,66,-1.08,25.3,1.00,-0.059
168.90,FINAL,167.27,168.63,24.95,0.00,5.7,-23.8,-51.4,-65.1,-2938,0.50,0.000,0.021,1.00,,-2,2418,0,2293,65,-1.11,25.3,1.00,-0.059
169.00,FINAL,167.26,168.68,24.95,-0.10,5.4,-23.8,-51.4,-64.6,-2936,0.49,0.000,0.023,1.00,,-2,2416,0,2291,65,-1.14,25.3,1.00,-0.059
169.10,FINAL,167.25,168.72,24.95,-0.22,5.1,-23.7,-51.4,-64.1,-2934,0.49,0.000,0.026,1.00,,-2,2414,0,2289,64,-1.17,25.3,1.00,-0.059
169.20,FINAL,167.23,168.75,24.96,-0.33,4.8,-23.7,-51.4,-63.7,-2931,0.48,0.000,0.028,1.00,,-2,2411,0,2286,64,-1.20,25.3,1.00,-0.059
169.30,FINAL,167.19,168.77,24.97,-0.45,4.5,-23.7,-51.4,-63.4,-2929,0.48,0.000,0.031,1.00,,-1,2409,0,2284,63,-1.22,25.3,1.00,-0.059
169.40,FINAL,167.14,168.78,24.98,-0.57,4.2,-23.7,-51.4,-63.0,-2927,0.47,0.000,0.033,1.00,,-1,2407,0,2282,63,-1.24,25.3,1.00,-0.059
169.50,FINAL,167.08,168.77,25.00,-0.70,3.8,-23.6,-51.4,-62.7,-2925,0.46,0.000,0.035,1.00,,-1,2405,0,2280,63,-1.27,25.3,1.00,-0.056
169.60,FINAL,167.00,168.75,25.02,-0.83,3.5,-23.6,-51.4,-62.5,-2923,0.46,0.000,0.037,1.00,,-1,2403,0,2278,62,-1.29,25.3,1.00,-0.051
169.70,FINAL,166.92,168.72,25.05,-0.95,3.2,-23.6,-51.4,-62.2,-2921,0.45,0.000,0.038,1.00,,-1,2401,0,2276,62,-1.30,25.3,1.00,-0.047
169.80,FINAL,166.82,168.67,25.08,-1.09,2.8,-23.6,-51.4,-62.0,-2919,0.44,0.000,0.039,1.00,,-1,2399,0,2274,62,-1.32,25.3,1.00,-0.041
169.90,FINAL,166.70,168.61,25.11,-1.22,2.5,-23.6,5.3,-61.9,-2916,0.44,0.000,-0.071,1.00,,-1,2396,0,2271,62,-1.33,25.3,1.00,-0.036
170.00,FINAL,166.58,168.53,25.14,-1.36,2.2,-23.5,6.0,-61.7,-2914,0.43,0.000,-0.202,1.00,,-1,2394,0,2269,62,-1.34,25.3,1.00,-0.029
170.10,FINAL,166.44,168.43,25.18,-1.50,2.0,-23.2,6.6,-61.7,-2912,0.42,0.000,-0.226,1.00,,-1,2392,0,2267,62,-1.35,25.3,1.00,-0.023
170.20,FINAL,166.28,168.33,25.22,-1.63,1.9,-22.7,7.0,-61.6,-2910,0.42,0.000,-0.094,1.00,,-1,2390,0,2265,62,-1.36,25.3,1.00,-0.016
170.30,FINAL,166.12,168.20,25.26,-1.74,1.8,-21.9,7.4,-61.6,-2908,0.41,0.000,0.037,1.00,,-1,2388,0,2263,62,-1.36,25.3,1.00,-0.009
170.40,FINAL,165.94,168.07,25.30,-1.84,1.6,-21.1,7.9,-61.6,-2905,0.40,0.000,0.117,1.00,,-1,2385,0,2260,62,-1.36,25.3,1.00,-0.003
170.50,FINAL,165.75,167.92,25.35,-1.92,1.4,-20.1,8.5,-61.6,-2903,0.39,0.000,0.131,1.00,,-1,2383,0,2258,62,-1.36,25.3,1.00,0.003
170.60,FINAL,165.56,167.76,25.39,-2.00,1.1,-19.0,9.4,-61.7,-2901,0.39,0.010,0.133,1.00,,-1,2381,0,2256,62,-1.36,25.3,1.00,0.009
170.70,FINAL,165.35,167.60,25.44,-2.08,0.8,-17.9,10.4,-61.8,-2899,0.38,0.028,0.130,1.00,,-1,2379,0,2254,62,-1.36,25.3,1.00,0.015
170.80,FINAL,165.14,167.42,25.48,-2.15,0.5,-16.8,11.6,-61.9,-2896,0.37,0.039,0.124,1.00,,-1,2376,0,2251,62,-1.35,25.3,1.00,0.022
170.90,FINAL,164.93,167.23,25.53,-2.21,0.3,-15.7,12.9,-62.1,-2894,0.36,0.041,0.117,1.00,,-1,2374,0,2249,62,-1.34,25.3,1.00,0.028
171.00,FINAL,164.70,167.05,25.57,-2.25,0.1,-14.5,14.3,-62.3,-2892,0.36,0.039,0.109,1.00,,-1,2372,0,2247,62,-1.34,25.3,1.00,0.033
171.10,FINAL,164.48,166.86,25.61,-2.27,0.0,-13.3,15.7,-62.5,-2890,0.35,0.034,0.100,1.00,,-1,2370,0,2245,62,-1.33,25.3,1.00,0.038
171.20,FINAL,164.25,166.67,25.65,-2.28,0.0,-12.1,17.1,-62.7,-2887,0.34,0.029,0.092,1.00,,-1,2367,0,2242,63,-1.32,25.3,1.00,0.042
171.30,FINAL,164.02,166.48,25.69,-2.26,0.0,-10.9,18.5,-62.9,-2885,0.34,0.026,0.084,1.00,,-2,2365,0,2240,63,-1.31,25.3,1.00,0.045
171.40,FINAL,163.80,166.29,25.72,-2.24,0.1,-9.6,19.7,-63.2,-2883,0.33,0.022,0.077,1.00,,-2,2363,0,2238,63,-1.30,25.3,1.00,0.047
171.50,FINAL,163.57,166.11,25.75,-2.21,0.2,-8.3,20.8,-63.5,-2880,0.32,0.019,0.071,1.00,,-2,2360,0,2235,63,-1.29,25.3,1.00,0.050
171.60,FINAL,163.35,165.93,25.78,-2.18,0.2,-6.9,21.8,-63.8,-2878,0.32,0.018,0.066,1.00,,-2,2358,0,2233,64,-1.28,25.3,1.00,0.051
171.70,FINAL,163.14,165.75,25.80,-2.15,0.3,-5.6,22.7,-64.1,-2876,0.31,0.020,0.062,1.00,,-2,2356,0,2231,64,-1.28,25.3,1.00,0.053
171.80,FINAL,162.92,165.58,25.82,-2.12,0.3,-4.2,23.4,-64.5,-2874,0.31,0.023,0.059,1.00,,-2,2354,0,2229,64,-1.27,25.3,1.00,0.054
171.90,FINAL,162.71,165.41,25.84,-2.10,0.3,-2.8,23.9,-64.8,-2871,0.30,0.030,0.057,1.00,,-2,2351,0,2226,65,-1.26,25.3,1.00,0.056
172.00,FINAL,162.50,165.24,25.86,-2.11,0.3,-1.3,24.3,-65.2,-2869,0.30,0.037,0.055,1.00,,-2,2349,0,2224,65,-1.25,25.3,1.00,0.058
172.10,FINAL,162.29,165.06,25.89,-2.12,0.2,0.2,24.6,-65.5,-2867,0.30,0.042,0.054,1.00,,-2,2347,0,2222,66,-1.24,25.3,1.00,0.061
172.20,FINAL,162.08,164.89,25.91,-2.15,0.2,1.7,24.7,-65.9,-2864,0.30,0.046,0.053,1.00,,-2,2344,0,2219,66,-1.24,25.3,1.00,0.064
172.30,FINAL,161.86,164.71,25.93,-2.19,0.2,3.2,24.8,-66.2,-2862,0.29,0.049,0.054,1.00,,-2,2342,0,2217,66,-1.23,25.3,1.00,0.068
172.40,FINAL,161.64,164.52,25.96,-2.24,0.2,4.8,24.7,-66.6,-2860,0.29,0.052,0.059,1.00,,-2,2340,0,2215,67,-1.22,25.3,1.00,0.072
172.50,FINAL,161.41,164.33,25.99,-2.29,0.2,6.2,24.5,-67.0,-2857,0.29,0.055,0.064,1.00,,-2,2337,0,2212,67,-1.21,25.3,1.00,0.077
172.60,FINAL,161.18,164.13,26.02,-2.35,0.2,7.4,24.2,-67.3,-2855,0.29,0.058,0.068,1.00,,-2,2335,0,2210,67,-1.19,25.3,1.00,0.082
172.70,FINAL,160.95,163.93,26.05,-2.40,0.2,8.4,23.8,-67.7,-2853,0.28,0.061,0.071,1.00,,-2,2333,0,2208,68,-1.18,25.3,1.00,0.087
172.80,FINAL,160.70,163.72,26.08,-2.44,0.3,9.1,23.3,-68.0,-2850,0.28,0.065,0.073,1.00,,-2,2330,0,2205,68,-1.16,25.3,1.00,0.092
172.90,FINAL,160.46,163.50,26.11,-2.48,0.3,9.7,22.8,-68.3,-2848,0.28,0.069,0.075,1.00,,-3,2328,0,2203,68,-1.15,25.3,1.00,0.097
173.00,FINAL,160.21,163.29,26.14,-2.50,0.3,10.2,22.3,-68.6,-2846,0.28,0.072,0.077,1.00,,-3,2326,0,2201,69,-1.13,25.3,1.00,0.102
173.10,FINAL,159.96,163.06,26.17,-2.52,0.4,10.6,21.6,-68.9,-2843,0.28,0.073,0.078,1.00,,-3,2323,0,2198,69,-1.12,25.3,1.00,0.106
173.20,FINAL,159.71,162.84,26.20,-2.53,0.5,10.9,21.0,-69.2,-2841,0.27,0.071,0.079,1.00,,-3,2321,0,2196,69,-1.10,25.3,1.00,0.111
173.30,FINAL,159.45,162.62,26.23,-2.52,0.6,11.0,20.3,-69.5,-2839,0.27,0.067,0.080,1.00,,-3,2319,0,2194,69,-1.08,25.3,1.00,0.114
173.40,FINAL,159.20,162.40,26.25,-2.49,0.8,11.2,19.6,-69.7,-2836,0.27,0.063,0.080,1.00,,-3,2316,0,2191,70,-1.06,25.3,1.00,0.117
173.50,FINAL,158.96,162.18,26.27,-2.45,1.0,11.3,18.8,-70.0,-2834,0.27,0.061,0.081,1.00,,-3,2314,0,2189,70,-1.05,25.3,1.00,0.119
173.60,FINAL,158.71,161.95,26.29,-2.39,1.2,11.3,18.1,-70.2,-2832,0.27,0.061,0.081,1.00,,-3,2312,0,2187,70,-1.03,25.3,1.00,0.120
173.70,FINAL,158.48,161.73,26.30,-2.33,1.3,11.2,17.4,-70.4,-2829,0.26,0.058,0.080,1.00,,-3,2309,0,2184,70,-1.02,25.3,1.00,0.121
173.80,FINAL,158.25,161.50,26.31,-2.26,1.5,11.1,16.8,-70.5,-2827,0.26,0.053,0.079,1.00,,-3,2307,0,2182,71,-1.00,25.3,1.00,0.121
173.90,FINAL,158.02,161.27,26.32,-2.17,1.7,11.0,16.1,-70.7,-2825,0.26,0.048,0.078,1.00,,-3,2305,0,2180,71,-0.99,25.3,1.00,0.121
174.00,FINAL,157.81,161.05,26.32,-2.08,2.0,10.9,15.5,-70.8,-2822,0.26,0.044,0.077,1.00,,-3,2302,0,2177,71,-0.98,25.3,1.00,0.120
174.10,FINAL,157.60,160.82,26.31,-1.98,2.1,10.7,14.9,-70.9,-2820,0.26,0.041,0.076,1.00,,-3,2300,0,2175,71,-0.97,25.3,1.00,0.118
174.20,FINAL,157.41,160.60,26.31,-1.88,2.3,10.5,14.3,-71.0,-2818,0.26,0.039,0.074,1.00,,-3,2298,0,2173,71,-0.96,25.3,1.00,0.116
174.30,FINAL,157.22,160.39,26.30,-1.79,2.5,10.3,13.8,-71.1,-2815,0.27,0.039,0.072,1.00,,-3,2295,0,2170,71,-0.95,25.3,1.00,0.113
174.40,FINAL,157.05,160.18,26.28,-1.70,2.6,10.1,13.3,-71.1,-2813,0.27,0.039,0.069,1.00,,-3,2293,0,2168,71,-0.95,25.3,1.00,0.110
174.50,FINAL,156.88,159.97,26.27,-1.61,2.7,9.9,12.9,-71.2,-2811,0.27,0.039,0.067,1.00,,-3,2291,0,2166,71,-0.94,25.3,1.00,0.108
174.60,FINAL,156.72,159.78,26.26,-1.53,2.7,9.6,12.4,-71.2,-2808,0.27,0.038,0.064,1.00,,-3,2288,0,2163,71,-0.94,25.3,1.00,0.105
174.70,FINAL,156.57,159.58,26.24,-1.46,2.8,9.4,12.0,-71.2,-2806,0.27,0.037,0.062,1.00,,-3,2286,0,2161,71,-0.94,25.3,1.00,0.102
174.80,FINAL,156.43,159.39,26.22,-1.40,2.9,9.2,11.6,-71.2,-2804,0.27,0.034,0.059,1.00,,-3,2284,0,2159,71,-0.94,25.3,1.00,0.099
174.90,FINAL,156.29,159.21,26.20,-1.33,2.9,9.0,11.3,-71.1,-2801,0.28,0.030,0.057,1.00,,-3,2281,0,2156,71,-0.95,25.3,1.00,0.096
175.00,FINAL,156.16,159.03,26.18,-1.28,3.0,8.8,10.9,-71.1,-2799,0.28,0.027,0.054,1.00,,-3,2279,0,2154,71,-0.95,25.3,1.00,0.093
175.10,FINAL,156.03,158.85,26.16,-1.23,3.1,8.5,10.5,-71.0,-2797,0.28,0.024,0.052,1.00,,-3,2277,0,2152,71,-0.95,25.3,1.00,0.090
175.20,FINAL,155.91,158.68,26.14,-1.18,3.1,8.3,10.2,-70.9,-2794,0.28,0.022,0.050,1.00,,-3,2274,0,2149,71,-0.96,25.3,1.00,0.088
175.30,FINAL,155.80,158.51,26.12,-1.13,3.2,8.1,9.9,-70.8,-2792,0.29,0.020,0.048,1.00,,-3,2272,0,2147,71,-0.97,25.3,1.00,0.085
175.40,FINAL,155.68,158.35,26.09,-1.09,3.2,7.9,9.5,-70.7,-2790,0.29,0.018,0.046,1.00,,-3,2270,0,2145,71,-0.97,25.3,1.00,0.082
175.50,FINAL,155.58,158.19,26.07,-1.06,3.3,7.7,9.2,-70.6,-2788,0.29,0.016,0.044,1.00,,-3,2268,0,2143,71,-0.98,25.3,1.00,0.079
175.60,FINAL,155.47,158.04,26.05,-1.02,3.3,7.5,8.9,-70.5,-2785,0.29,0.013,0.043,1.00,,-3,2265,0,2140,70,-0.99,25.3,1.00,0.076
175.70,FINAL,155.37,157.89,26.03,-0.99,3.3,7.3,8.6,-70.3,-2783,0.30,0.011,0.041,1.00,,-3,2263,0,2138,70,-1.00,25.3,1.00,0.074
175.80,FINAL,155.27,157.75,26.00,-0.97,3.3,7.1,8.2,-70.2,-2781,0.30,0.010,0.040,1.00,,-3,2261,0,2136,70,-1.01,25.3,1.00,0.071
175.90,FINAL,155.18,157.62,25.98,-0.94,3.4,6.9,7.9,-70.0,-2778,0.30,0.009,0.039,1.00,,-3,2258,0,2133,70,-1.02,25.3,1.00,0.068
176.00,FINAL,155.08,157.50,25.96,-0.92,3.3,6.8,7.6,-69.8,-2776,0.30,0.008,0.037,1.00,,-3,2256,0,2131,70,-1.03,25.3,1.00,0.066
176.10,FINAL,154.99,157.38,25.93,-0.91,3.3,6.6,7.3,-69.6,-2774,0.30,0.008,0.036,1.00,,-3,2254,0,2129,70,-1.04,25.3,1.00,0.064
176.20,FINAL,154.90,157.27,25.91,-0.90,3.3,6.4,7.0,-69.4,-2772,0.31,0.008,0.035,1.00,,-3,2252,0,2127,69,-1.05,25.3,1.00,0.061
176.30,FINAL,154.81,157.16,25.89,-0.89,3.3,6.2,6.7,-69.2,-2769,0.31,0.008,0.034,1.00,,-3,2249,0,2124,69,-1.06,25.3,1.00,0.059
176.40,FINAL,154.72,157.06,25.87,-0.89,3.2,6.1,6.3,-69.0,-2767,0.31,0.008,0.033,1.00,,-3,2247,0,2122,69,-1.08,25.3,1.00,0.057
176.50,FINAL,154.63,156.97,25.85,-0.89,3.2,5.9,6.0,-68.7,-2765,0.31,0.009,0.032,1.00,,-3,2245,0,2120,69,-1.09,25.3,1.00,0.056
176.60,FINAL,154.54,156.88,25.83,-0.90,3.1,5.8,5.7,-68.5,-2763,0.31,0.009,0.031,1.00,,-2,2243,0,2118,69,-1.10,25.3,1.00,0.054
176.70,FINAL,154.45,156.79,25.81,-0.91,3.1,5.7,5.4,-68.2,-2760,0.31,0.009,0.030,1.00,,-2,2240,0,2115,68,-1.11,25.3,1.00,0.053
176.80,FINAL,154.36,156.70,25.80,-0.92,3.0,5.6,5.1,-68.0,-2758,0.31,0.008,0.029,1.00,,-2,2238,0,2113,68,-1.12,25.3,1.00,0.051
176.90,FINAL,154.27,156.62,25.78,-0.93,3.0,5.5,4.8,-67.7,-2756,0.32,0.008,0.029,1.00,,-2,2236,0,2111,68,-1.13,25.3,1.00,0.050
177.00,FINAL,154.18,156.53,25.77,-0.95,2.9,5.4,4.6,-67.4,-2754,0.32,0.007,0.028,1.00,,-2,2234,0,2109,67,-1.14,25.3,1.00,0.050
177.10,FINAL,154.08,156.45,25.76,-0.97,2.9,5.4,4.3,-67.2,-2751,0.32,0.007,0.028,1.00,,-2,2231,0,2106,67,-1.15,25.3,1.00,0.049
177.20,FINAL,153.98,156.36,25.74,-0.98,2.8,5.3,4.0,-66.9,-2749,0.32,0.007,0.027,1.00,,-2,2229,0,2104,67,-1.16,25.3,1.00,0.048
177.30,FINAL,153.88,156.28,25.73,-1.00,2.8,5.2,3.7,-66.6,-2747,0.32,0.007,0.027,1.00,,-2,2227,0,2102,67,-1.17,25.3,1.00,0.048
177.40,FINAL,153.78,156.19,25.72,-1.02,2.8,5.2,3.5,-66.2,-2745,0.32,0.007,0.027,1.00,,-2,2225,0,2100,66,-1.18,25.3,1.00,0.047
177.50,FINAL,153.68,156.10,25.71,-1.04,2.7,5.1,3.2,-65.9,-2742,0.32,0.007,0.026,1.00,,-2,2222,0,2097,66,-1.19,25.3,1.00,0.047
177.60,FINAL,153.58,156.00,25.70,-1.06,2.7,5.0,2.9,-65.6,-2740,0.32,0.007,0.026,1.00,,-2,2220,0,2095,66,-1.20,25.3,1.00,0.047
177.70,FINAL,153.47,155.91,25.69,-1.07,2.7,5.0,2.7,-65.3,-2738,0.32,0.007,0.025,1.00,,-2,2218,0,2093,65,-1.21,25.3,1.00,0.046
177.80,FINAL,153.36,155.81,25.69,-1.09,2.6,4.9,2.4,-64.9,-2736,0.32,0.007,0.025,1.00,,-2,2216,0,2091,65,-1.22,25.3,1.00,0.046
177.90,FINAL,153.25,155.70,25.68,-1.11,2.6,4.8,2.2,-64.6,-2734,0.32,0.007,0.025,1.00,,-2,2214,0,2089,65,-1.23,25.3,1.00,0.046
178.00,FINAL,153.14,155.60,25.67,-1.13,2.6,4.8,1.9,-64.2,-2731,0.32,0.008,0.024,1.00,,-2,2211,0,2086,64,-1.24,25.3,1.00,0.046
178.10,FINAL,153.03,155.48,25.67,-1.14,2.5,4.7,1.7,-63.9,-2729,0.32,0.008,0.024,1.00,,-2,2209,0,2084,64,-1.24,25.3,1.00,0.046
178.20,FINAL,152.91,155.37,25.66,-1.16,2.5,4.6,1.4,-63.5,-2727,0.32,0.008,0.024,1.00,,-2,2207,0,2082,63,-1.25,25.3,1.00,0.046
178.30,FINAL,152.80,155.25,25.66,-1.17,2.5,4.6,1.2,-63.1,-2725,0.32,0.008,0.023,1.00,,-2,2205,0,2080,63,-1.26,25.3,1.00,0.046
178.40,FINAL,152.68,155.12,25.65,-1.19,2.5,4.5,0.9,-62.7,-2723,0.32,0.009,0.023,1.00,,-2,2203,0,2078,63,-1.26,25.3,1.00,0.046
178.50,FINAL,152.56,154.99,25.65,-1.20,2.4,4.4,0.6,-62.3,-2720,0.32,0.009,0.023,1.00,,-1,2200,0,2075,62,-1.27,25.3,1.00,0.046
178.60,FINAL,152.44,154.85,25.64,-1.22,2.4,4.3,0.4,-61.9,-2718,0.32,0.009,0.023,1.00,,-1,2198,0,2073,62,-1.28,25.3,1.00,0.046
178.70,FINAL,152.32,154.70,25.64,-1.23,2.4,4.3,0.1,-61.5,-2716,0.32,0.009,0.022,1.00,,-1,2196,0,2071,62,-1.28,25.3,1.00,0.047
178.80,FINAL,152.19,154.55,25.64,-1.24,2.4,4.2,-0.1,-61.1,-2714,0.32,0.009,0.022,1.00,,-1,2194,0,2069,61,-1.29,25.3,1.00,0.047
178.90,FINAL,152.07,154.40,25.63,-1.25,2.4,4.1,-0.4,-60.7,-2712,0.31,0.009,0.022,1.00,,-1,2192,0,2067,61,-1.29,25.3,1.00,0.047
179.00,FINAL,151.94,154.23,25.63,-1.26,2.4,4.0,-0.7,-60.3,-2709,0.31,0.009,0.022,1.00,,-1,2189,0,2064,60,-1.30,25.3,1.00,0.047
179.10,FINAL,151.82,154.06,25.63,-1.27,2.3,3.9,-0.9,-59.8,-2707,0.31,0.009,0.022,1.00,,-1,2187,0,2062,60,-1.30,25.3,1.00,0.047
179.20,FINAL,151.69,153.89,25.63,-1.28,2.3,3.8,-1.2,-59.4,-2705,0.31,0.009,0.022,1.00,,-1,2185,0,2060,59,-1.31,25.3,1.00,0.047
179.30,FINAL,151.56,153.71,25.62,-1.29,2.3,3.7,-1.4,-59.0,-2703,0.31,0.009,0.021,1.00,,-1,2183,0,2058,59,-1.31,25.3,1.00,0.047
179.40,FINAL,151.43,153.52,25.62,-1.29,2.3,3.6,-1.7,-58.5,-2701,0.31,0.009,0.021,1.00,,-1,2181,0,2056,59,-1.31,25.3,1.00,0.047
179.50,FINAL,151.30,153.33,25.62,-1.30,2.3,3.6,-2.0,-58.1,-2699,0.31,0.009,0.021,1.00,,-1,2179,0,2054,58,-1.32,25.3,1.00,0.047
179.60,FINAL,151.17,153.13,25.62,-1.30,2.3,3.5,-2.2,-57.6,-2696,0.31,0.009,0.021,1.00,,-1,2176,0,2051,58,-1.32,25.3,1.00,0.047
179.70,FINAL,151.04,152.94,25.61,-1.31,2.3,3.4,-2.5,-57.1,-2694,0.31,0.009,0.021,1.00,,-1,2174,0,2049,57,-1.33,25.3,1.00,0.047
179.80,FINAL,150.91,152.74,25.61,-1.31,2.3,3.3,-2.7,-56.7,-2692,0.31,0.009,0.021,1.00,,-1,2172,0,2047,57,-1.33,25.3,1.00,0.047
179.90,FINAL,150.78,152.54,25.61,-1.31,2.3,3.2,-3.0,-56.2,-2690,0.31,0.009,0.021,1.00,,-1,2170,0,2045,56,-1.33,25.3,1.00,0.047
180.00,FINAL,150.65,152.33,25.60,-1.32,2.3,3.0,-3.2,-55.7,-2688,0.31,0.008,0.020,1.00,,-1,2168,0,2043,56,-1.34,25.3,1.00,0.047
180.10,FINAL,150.52,152.13,25.60,-1.32,2.3,2.9,-3.4,-55.2,-2686,0.31,0.008,0.020,1.00,,-1,2166,0,2041,55,-1.34,25.3,1.00,0.047
180.20,FINAL,150.38,151.93,25.60,-1.32,2.3,2.8,-3.7,-54.7,-2683,0.31,0.008,0.020,1.00,,-1,2163,0,2038,55,-1.34,25.3,1.00,0.047
180.30,FINAL,150.25,151.73,25.60,-1.32,2.3,2.7,-3.9,-54.2,-2681,0.31,0.008,0.020,1.00,,-1,2161,0,2036,54,-1.35,25.3,1.00,0.047
180.40,FINAL,150.12,151.53,25.59,-1.32,2.3,2.6,-4.1,-53.7,-2679,0.31,0.008,0.020,1.00,,-1,2159,0,2034,54,-1.35,25.3,1.00,0.047
180.50,FINAL,149.99,151.34,25.59,-1.32,2.3,2.5,-4.4,-53.2,-2677,0.31,0.007,0.020,1.00,,-1,2157,0,2032,53,-1.35,25.3,1.00,0.047
180.60,FINAL,149.86,151.15,25.59,-1.32,2.3,2.4,-4.6,-52.7,-2675,0.31,0.007,0.020,1.00,,-1,2155,0,2030,53,-1.36,25.3,1.00,0.046
180.70,FINAL,149.72,150.96,25.58,-1.32,2.4,2.3,-4.8,-52.2,-2673,0.31,0.007,0.019,1.00,,-1,2153,0,2028,52,-1.36,25.3,1.00,0.046
180.80,FINAL,149.59,150.78,25.58,-1.32,2.4,2.2,-5.0,-51.7,-2670,0.31,0.007,0.019,1.00,,-1,2150,0,2025,52,-1.36,25.3,1.00,0.046
180.90,FINAL,149.46,150.60,25.57,-1.32,2.4,2.1,-5.2,-51.2,-2668,0.31,0.006,0.019,1.00,,-1,2148,0,2023,51,-1.37,25.3,1.00,0.046
181.00,FINAL,149.33,150.42,25.57,-1.32,2.4,1.9,-5.4,-50.7,-2666,0.31,0.006,0.019,1.00,,-1,2146,0,2021,51,-1.37,25.3,1.00,0.045
181.10,FINAL,149.20,150.25,25.57,-1.31,2.4,1.8,-5.7,-50.1,-2664,0.30,0.006,0.019,1.00,,-1,2144,0,2019,50,-1.37,25.3,1.00,0.045
181.20,FINAL,149.07,150.09,25.56,-1.31,2.4,1.7,-5.9,-49.6,-2662,0.30,0.005,0.019,1.00,,-1,2142,0,2017,50,-1.38,25.3,1.00,0.045
181.30,FINAL,148.93,149.93,25.56,-1.31,2.4,1.6,-6.1,-49.1,-2660,0.30,0.005,0.019,1.00,,-1,2140,0,2015,49,-1.38,25.3,1.00,0.044
181.40,FINAL,148.80,149.78,25.56,-1.31,2.4,1.5,-6.2,-48.6,-2658,0.30,0.005,0.018,1.00,,-1,2138,0,2013,49,-1.38,25.3,1.00,0.044
181.50,FINAL,148.67,149.63,25.55,-1.31,2.4,1.4,-6.4,-48.0,-2655,0.30,0.005,0.018,1.00,,-1,2135,0,2010,48,-1.39,25.3,1.00,0.044
181.60,FINAL,148.54,149.50,25.55,-1.31,2.4,1.2,-6.6,-47.5,-2653,0.30,0.004,0.018,1.00,,-1,2133,0,2008,47,-1.39,25.3,1.00,0.043
181.70,FINAL,148.41,149.37,25.54,-1.31,2.4,1.1,-6.8,-47.0,-2651,0.30,0.004,0.018,1.00,,-1,2131,0,2006,47,-1.39,25.3,1.00,0.043
181.80,FINAL,148.28,149.24,25.54,-1.31,2.4,1.0,-7.0,-46.4,-2649,0.30,0.004,0.018,1.00,,-1,2129,0,2004,46,-1.40,25.3,1.00,0.043
181.90,FINAL,148.15,149.12,25.54,-1.31,2.4,0.9,-7.2,-45.9,-2647,0.30,0.003,0.018,1.00,,-1,2127,0,2002,46,-1.40,25.3,1.00,0.042
182.00,FINAL,148.02,149.01,25.53,-1.31,2.4,0.8,-7.3,-45.3,-2645,0.30,0.003,0.018,1.00,,-1,2125,0,2000,45,-1.40,25.3,1.00,0.042
182.10,FINAL,147.89,148.90,25.53,-1.31,2.4,0.6,-7.5,-44.8,-2643,0.30,0.003,0.018,1.00,,-1,2123,0,1998,45,-1.41,25.3,1.00,0.042
182.20,FINAL,147.76,148.79,25.52,-1.31,2.4,0.5,-7.6,-44.2,-2640,0.30,0.003,0.018,1.00,,-1,2120,0,1995,44,-1.41,25.3,1.00,0.041
182.30,FINAL,147.63,148.69,25.52,-1.31,2.4,0.4,-7.8,-43.7,-2638,0.30,0.002,0.018,1.00,,-1,2118,0,1993,44,-1.41,25.3,1.00,0.041
182.40,FINAL,147.50,148.59,25.52,-1.31,2.4,0.3,-8.0,-43.2,-2636,0.30,0.002,0.017,1.00,,-1,2116,0,1991,43,-1.42,25.3,1.00,0.041
182.50,FINAL,147.37,148.49,25.51,-1.31,2.4,0.2,-8.1,-42.6,-2634,0.30,0.002,0.017,1.00,,-1,2114,0,1989,43,-1.42,25.3,1.00,0.040
182.60,FINAL,147.23,148.40,25.51,-1.31,2.4,0.1,-8.3,-42.1,-2632,0.30,0.002,0.017,1.00,,-1,2112,0,1987,42,-1.42,25.3,1.00,0.040
182.70,FINAL,147.10,148.30,25.50,-1.31,2.4,-0.0,-8.4,-41.5,-2630,0.30,0.002,0.017,1.00,,-1,2110,0,1985,42,-1.43,25.3,1.00,0.040
182.80,FINAL,146.97,148.21,25.50,-1.31,2.4,-0.2,-8.5,-41.0,-2628,0.30,0.002,0.017,1.00,,-1,2108,0,1983,41,-1.43,25.3,1.00,0.039
182.90,FINAL,146.84,148.12,25.50,-1.31,2.4,-0.3,-8.7,-40.4,-2626,0.30,0.002,0.017,1.00,,-1,2106,0,1981,40,-1.43,25.3,1.00,0.039
183.00,FINAL,146.71,148.03,25.49,-1.32,2.4,-0.4,-8.8,-39.9,-2623,0.30,0.001,0.017,1.00,,-1,2103,0,1978,40,-1.44,25.3,1.00,0.039
183.10,FINAL,146.58,147.95,25.49,-1.32,2.4,-0.5,-8.9,-39.3,-2621,0.30,0.001,0.017,1.00,,-1,2101,0,1976,39,-1.44,25.3,1.00,0.038
183.20,FINAL,146.45,147.86,25.49,-1.32,2.4,-0.6,-9.0,-38.8,-2619,0.30,0.001,0.017,1.00,,0,2099,0,1974,39,-1.44,25.3,1.00,0.038
183.30,FINAL,146.31,147.77,25.48,-1.32,2.3,-0.7,-9.1,-38.2,-2617,0.30,0.001,0.017,1.00,,0,2097,0,1972,38,-1.45,25.3,1.00,0.038
183.40,FINAL,146.18,147.68,25.48,-1.33,2.3,-0.8,-9.3,-37.7,-2615,0.30,0.001,0.017,1.00,,0,2095,0,1970,38,-1.45,25.3,1.00,0.038
183.50,FINAL,146.05,147.59,25.48,-1.33,2.3,-0.9,-9.4,-37.2,-2613,0.30,0.001,0.017,1.00,,0,2093,0,1968,37,-1.45,25.3,1.00,0.037
183.60,FINAL,145.92,147.50,25.47,-1.33,2.3,-1.0,-9.5,-36.6,-2611,0.30,0.001,0.017,1.00,,0,2091,0,1966,37,-1.46,25.3,1.00,0.037
183.70,FINAL,145.78,147.41,25.47,-1.34,2.3,-1.1,-9.6,-36.1,-2608,0.30,0.001,0.017,1.00,,0,2088,0,1963,36,-1.46,25.3,1.00,0.037
183.80,FINAL,145.65,147.31,25.47,-1.34,2.3,-1.2,-9.6,-35.6,-2606,0.30,0.001,0.017,1.00,,0,2086,0,1961,36,-1.46,25.3,1.00,0.037
183.90,FINAL,145.51,147.21,25.46,-1.35,2.3,-1.3,-9.7,-35.0,-2604,0.30,0.001,0.017,1.00,,0,2084,0,1959,35,-1.47,25.3,1.00,0.037
184.00,FINAL,145.38,147.10,25.46,-1.35,2.3,-1.4,-9.8,-34.5,-2602,0.30,0.001,0.017,1.00,,0,2082,0,1957,34,-1.47,25.3,1.00,0.037
184.10,FINAL,145.24,146.99,25.46,-1.35,2.3,-1.5,-9.9,-34.0,-2600,0.30,0.001,0.017,1.00,,0,2080,0,1955,34,-1.47,25.3,1.00,0.037
184.20,FINAL,145.11,146.88,25.46,-1.36,2.3,-1.6,-10.0,-33.4,-2598,0.30,0.001,0.017,1.00,,0,2078,0,1953,33,-1.47,25.3,1.00,0.036
184.30,FINAL,144.97,146.76,25.45,-1.36,2.3,-1.7,-10.0,-32.9,-2596,0.30,0.001,0.017,1.00,,0,2076,0,1951,33,-1.48,25.3,1.00,0.036
184.40,FINAL,144.84,146.63,25.45,-1.37,2.3,-1.8,-10.1,-32.4,-2594,0.30,0.001,0.017,1.00,,0,2074,0,1949,32,-1.48,25.3,1.00,0.036
184.50,FINAL,144.70,146.49,25.45,-1.37,2.3,-1.9,-10.2,-31.9,-2591,0.30,0.001,0.017,1.00,,0,2071,0,1946,32,-1.48,25.3,1.00,0.036
184.60,FINAL,144.56,146.35,25.45,-1.38,2.2,-2.0,-10.2,-31.4,-2589,0.30,0.001,0.017,1.00,,0,2069,0,1944,31,-1.48,25.3,1.00,0.036
184.70,FINAL,144.42,146.20,25.45,-1.38,2.2,-2.1,-10.3,-30.8,-2587,0.30,0.001,0.017,1.00,,0,2067,0,1942,31,-1.49,25.3,1.00,0.036
184.80,FINAL,144.29,146.04,25.44,-1.39,2.2,-2.2,-10.3,-30.3,-2585,0.30,0.001,0.017,1.00,,0,2065,0,1940,30,-1.49,25.3,1.00,0.036
184.90,FINAL,144.15,145.88,25.44,-1.39,2.2,-2.2,-10.4,-29.8,-2583,0.30,0.001,0.017,1.00,,0,2063,0,1938,30,-1.49,25.3,1.00,0.036
185.00,FINAL,144.01,145.70,25.44,-1.39,2.2,-2.3,-10.4,-29.3,-2581,0.30,0.001,0.017,1.00,,0,2061,0,1936,29,-1.49,25.3,1.00,0.036
185.10,FINAL,143.87,145.51,25.44,-1.40,2.2,-2.4,-10.4,-28.8,-2579,0.30,0.001,0.017,1.00,,0,2059,0,1934,29,-1.50,25.3,1.00,0.036
185.20,FINAL,143.73,145.31,25.44,-1.40,2.2,-2.5,-10.5,-28.3,-2576,0.30,0.001,0.017,1.00,,0,2056,0,1931,28,-1.50,25.3,1.00,0.036
185.30,FINAL,143.59,145.11,25.44,-1.41,2.2,-2.6,-10.5,-27.8,-2574,0.30,0.001,0.017,1.00,,0,2054,0,1929,28,-1.50,25.3,1.00,0.036
185.40,FINAL,143.45,144.90,25.44,-1.41,2.2,-2.6,-10.5,-27.4,-2572,0.30,0.001,0.017,1.00,,0,2052,0,1927,27,-1.50,25.3,1.00,0.036
185.50,FINAL,143.31,144.68,25.43,-1.42,2.2,-2.7,-10.5,-26.9,-2570,0.30,0.002,0.017,1.00,,0,2050,0,1925,27,-1.51,25.3,1.00,0.036
185.60,FINAL,143.16,144.45,25.43,-1.42,2.2,-2.8,-10.5,-26.4,-2568,0.29,0.002,0.017,1.00,,0,2048,0,1923,26,-1.51,25.3,1.00,0.036
185.70,FINAL,143.02,144.22,25.43,-1.42,2.2,-2.9,-10.6,-25.9,-2566,0.29,0.002,0.018,1.00,,0,2046,0,1921,26,-1.51,25.3,1.00,0.036
185.80,FINAL,142.88,143.98,25.43,-1.43,2.2,-2.9,-10.6,-25.5,-2564,0.29,0.002,0.018,1.00,,0,2044,0,1919,25,-1.51,25.3,1.00,0.036
185.90,FINAL,142.74,143.74,25.43,-1.43,2.2,-3.0,-10.6,-25.0,-2561,0.29,0.002,0.018,1.00,,0,2041,0,1916,25,-1.51,25.3,1.00,0.036
186.00,FINAL,142.59,143.49,25.43,-1.44,2.1,-3.0,-10.6,-24.5,-2559,0.29,0.002,0.018,1.00,,0,2039,0,1914,25,-1.51,25.3,1.00,0.036
186.10,FINAL,142.45,143.25,25.43,-1.44,2.1,-3.1,-10.6,-24.1,-2557,0.29,0.002,0.018,1.00,,0,2037,0,1912,24,-1.52,25.3,1.00,0.036
186.20,FINAL,142.30,143.00,25.43,-1.45,2.1,-3.2,-10.5,-23.6,-2555,0.29,0.002,0.018,1.00,,0,2035,0,1910,24,-1.52,25.3,1.00,0.036
186.30,FINAL,142.16,142.75,25.43,-1.45,2.1,-3.2,-10.5,-23.2,-2553,0.29,0.002,0.018,1.00,,0,2033,0,1908,23,-1.52,25.3,1.00,0.036
186.40,FINAL,142.01,142.50,25.43,-1.45,2.1,-3.3,-10.5,-22.7,-2551,0.29,0.002,0.018,1.00,,0,2031,0,1906,23,-1.52,25.3,1.00,0.036
186.50,FINAL,141.87,142.25,25.42,-1.46,2.1,-3.3,-10.5,-22.3,-2548,0.29,0.002,0.018,1.00,,0,2028,0,1903,22,-1.52,25.3,1.00,0.036
186.60,FINAL,141.72,142.00,25.42,-1.46,2.1,-3.4,-10.5,-21.9,-2546,0.29,0.003,0.018,1.00,,0,2026,0,1901,22,-1.52,25.3,1.00,0.036
186.70,FINAL,141.58,141.76,25.42,-1.46,2.1,-3.4,-10.4,-21.5,-2544,0.29,0.003,0.018,1.00,,0,2024,0,1899,21,-1.53,25.3,1.00,0.036
186.80,FINAL,141.43,141.52,25.42,-1.47,2.1,-3.5,-10.4,-21.0,-2542,0.29,0.003,0.018,1.00,,0,2022,0,1897,21,-1.53,25.3,1.00,0.036
186.90,FINAL,141.28,141.28,25.42,-1.47,2.1,-3.5,-10.4,-20.6,-2540,0.29,0.003,0.018,1.00,,0,2020,0,1895,21,-1.53,25.3,1.00,0.036
187.00,FINAL,141.14,141.05,25.42,-1.47,2.1,-3.6,-10.3,-20.2,-2538,0.29,0.003,0.019,1.00,,0,2018,0,1893,20,-1.53,25.3,1.00,0.036
187.10,FINAL,140.99,140.83,25.42,-1.48,2.1,-3.6,-10.3,-19.8,-2535,0.29,0.003,0.019,1.00,,0,2015,0,1890,20,-1.53,25.3,1.00,0.036
187.20,FINAL,140.84,140.61,25.42,-1.48,2.1,-3.6,-10.3,-19.4,-2533,0.29,0.003,0.019,1.00,,0,2013,0,1888,19,-1.53,25.3,1.00,0.036
187.30,FINAL,140.69,140.39,25.42,-1.48,2.1,-3.7,-10.2,-19.0,-2531,0.29,0.003,0.019,1.00,,0,2011,0,1886,19,-1.53,25.3,1.00,0.036
187.40,FINAL,140.55,140.18,25.42,-1.48,2.1,-3.7,-10.2,-18.6,-2529,0.29,0.003,0.019,1.00,,0,2009,0,1884,19,-1.53,25.3,1.00,0.036
187.50,FINAL,140.40,139.98,25.42,-1.49,2.1,-3.7,-10.1,-18.3,-2527,0.29,0.003,0.019,1.00,,0,2007,0,1882,18,-1.54,25.3,1.00,0.036
187.60,FINAL,140.25,139.79,25.42,-1.49,2.1,-3.8,-10.1,-17.9,-2525,0.29,0.003,0.019,1.00,,0,2005,0,1880,18,-1.54,25.3,1.00,0.037
187.70,FINAL,140.10,139.60,25.42,-1.49,2.1,-3.8,-10.0,-17.5,-2522,0.29,0.003,0.019,1.00,,0,2002,0,1877,18,-1.54,25.3,1.00,0.037
187.80,FINAL,139.95,139.42,25.42,-1.49,2.1,-3.8,-9.9,-17.2,-2520,0.29,0.003,0.019,1.00,,0,2000,0,1875,17,-1.54,25.3,1.00,0.037
187.90,FINAL,139.80,139.25,25.42,-1.49,2.1,-3.8,-9.9,-16.8,-2518,0.29,0.003,0.019,1.00,,0,1998,0,1873,17,-1.54,25.3,1.00,0.037
188.00,FINAL,139.65,139.08,25.42,-1.49,2.1,-3.8,-9.8,-16.5,-2516,0.29,0.003,0.020,1.00,,0,1996,0,1871,16,-1.54,25.3,1.00,0.037
188.10,FINAL,139.50,138.91,25.42,-1.50,2.1,-3.9,-9.7,-16.1,-2514,0.29,0.003,0.020,1.00,,0,1994,0,1869,16,-1.54,25.3,1.00,0.037
188.20,FINAL,139.35,138.75,25.42,-1.50,2.1,-3.9,-9.7,-15.8,-2511,0.29,0.003,0.020,1.00,,0,1991,0,1866,16,-1.54,25.3,1.00,0.037
188.30,FINAL,139.20,138.59,25.42,-1.50,2.1,-3.9,-9.6,-15.5,-2509,0.29,0.003,0.020,1.00,,0,1989,0,1864,15,-1.54,25.3,1.00,0.037
188.40,FINAL,139.05,138.44,25.42,-1.50,2.1,-3.9,-9.5,-15.1,-2507,0.29,0.003,0.020,1.00,,0,1987,0,1862,15,-1.55,25.3,1.00,0.037
188.50,FINAL,138.90,138.28,25.42,-1.50,2.1,-3.9,-9.5,-14.8,-2505,0.29,0.003,0.020,1.00,,0,1985,0,1860,15,-1.55,25.3,1.00,0.037
188.60,FINAL,138.75,138.13,25.42,-1.50,2.1,-3.9,-9.4,-14.5,-2503,0.29,0.003,0.020,1.00,,0,1983,0,1858,15,-1.55,25.3,1.00,0.037
188.70,FINAL,138.60,137.98,25.42,-1.50,2.1,-3.9,-9.3,-14.2,-2500,0.29,0.003,0.020,1.00,,0,1980,0,1855,14,-1.55,25.3,1.00,0.037
188.80,FINAL,138.45,137.83,25.42,-1.50,2.1,-3.9,-9.2,-13.9,-2498,0.28,0.003,0.020,1.00,,0,1978,0,1853,14,-1.55,25.3,1.00,0.036
188.90,FINAL,138.30,137.68,25.42,-1.50,2.1,-3.9,-9.1,-13.6,-2496,0.28,0.003,0.021,1.00,,0,1976,0,1851,14,-1.55,25.3,1.00,0.036
189.00,FINAL,138.15,137.53,25.41,-1.50,2.1,-3.9,-9.0,-13.4,-2494,0.28,0.003,0.021,1.00,,0,1974,0,1849,13,-1.55,25.3,1.00,0.036
189.10,FINAL,138.00,137.37,25.41,-1.51,2.1,-3.9,-9.0,-13.1,-2492,0.28,0.003,0.021,1.00,,0,1972,0,1847,13,-1.55,25.3,1.00,0.036
189.20,FINAL,137.85,137.22,25.41,-1.51,2.1,-3.9,-8.9,-12.8,-2489,0.28,0.003,0.021,1.00,,0,1969,0,1844,13,-1.56,25.3,1.00,0.036
189.30,FINAL,137.70,137.06,25.41,-1.51,2.1,-3.9,-8.8,-12.5,-2487,0.28,0.003,0.021,1.00,,0,1967,0,1842,13,-1.56,25.3,1.00,0.036
189.40,FINAL,137.55,136.90,25.41,-1.51,2.1,-3.9,-8.7,-12.3,-2485,0.28,0.003,0.021,1.00,,0,1965,0,1840,12,-1.56,25.3,1.00,0.036
189.50,FINAL,137.40,136.73,25.41,-1.51,2.1,-3.9,-8.6,-12.0,-2483,0.28,0.003,0.021,1.00,,0,1963,0,1838,12,-1.56,25.3,1.00,0.036
189.60,FINAL,137.25,136.56,25.41,-1.51,2.1,-3.9,-8.5,-11.8,-2481,0.28,0.003,0.021,1.00,,0,1961,0,1836,12,-1.56,25.3,1.00,0.036
189.70,FINAL,137.10,136.39,25.41,-1.51,2.0,-3.8,-8.4,-11.6,-2478,0.28,0.003,0.022,1.00,,0,1958,0,1833,12,-1.56,25.3,1.00,0.036
189.80,FINAL,136.95,136.21,25.41,-1.51,2.0,-3.8,-8.3,-11.3,-2476,0.28,0.003,0.022,1.00,,0,1956,0,1831,11,-1.56,25.3,1.00,0.036
189.90,FINAL,136.79,136.03,25.41,-1.51,2.0,-3.8,-8.2,-11.1,-2474,0.28,0.003,0.022,1.00,,0,1954,0,1829,11,-1.56,25.3,1.00,0.036
190.00,FINAL,136.64,135.84,25.41,-1.51,2.0,-3.8,-8.1,-10.9,-2472,0.28,0.003,0.022,1.00,,0,1952,0,1827,11,-1.56,25.3,1.00,0.036
190.10,FINAL,136.49,135.64,25.41,-1.51,2.0,-3.8,-8.0,-10.7,-2470,0.28,0.003,0.022,1.00,,0,1950,0,1825,11,-1.57,25.3,1.00,0.036
190.20,FINAL,136.34,135.43,25.40,-1.52,2.0,-3.7,-7.9,-10.5,-2467,0.28,0.003,0.022,1.00,,0,1947,0,1822,10,-1.57,25.3,1.00,0.036
190.30,FINAL,136.19,135.22,25.40,-1.52,2.0,-3.7,-7.8,-10.3,-2465,0.28,0.003,0.022,1.00,,0,1945,0,1820,10,-1.57,25.3,1.00,0.036
190.40,FINAL,136.04,135.00,25.40,-1.52,2.0,-3.7,-7.7,-10.1,-2463,0.28,0.003,0.022,1.00,,0,1943,0,1818,10,-1.57,25.3,1.00,0.036
190.50,FINAL,135.89,134.77,25.40,-1.52,2.0,-3.7,-7.6,-9.9,-2461,0.28,0.003,0.022,1.00,,0,1941,0,1816,10,-1.57,25.3,1.00,0.035
190.60,FINAL,135.73,134.53,25.40,-1.52,2.0,-3.6,-7.5,-9.7,-2458,0.28,0.003,0.023,1.00,,0,1938,0,1813,10,-1.57,25.3,1.00,0.035
190.70,FINAL,135.58,134.29,25.40,-1.52,2.0,-3.6,-7.4,-9.5,-2456,0.28,0.003,0.023,1.00,,0,1936,0,1811,10,-1.57,25.3,1.00,0.035
190.80,FINAL,135.43,134.04,25.40,-1.52,2.0,-3.6,-7.3,-9.3,-2454,0.28,0.003,0.023,1.00,,0,1934,0,1809,9,-1.57,25.3,1.00,0.035
190.90,FINAL,135.28,133.79,25.40,-1.52,2.0,-3.5,-7.2,-9.2,-2452,0.28,0.003,0.023,1.00,,0,1932,0,1807,9,-1.57,25.3,1.00,0.035
191.00,FINAL,135.12,133.55,25.40,-1.52,2.0,-3.5,-7.1,-9.0,-2450,0.28,0.003,0.023,1.00,,0,1930,0,1805,9,-1.58,25.3,1.00,0.035
191.10,FINAL,134.97,133.40,25.40,-1.53,2.0,-3.5,-7.0,-8.9,-2447,0.28,0.003,0.023,1.00,,0,1927,0,1802,9,-1.58,25.3,1.00,0.035
191.20,FINAL,134.82,133.24,25.40,-1.53,2.0,-3.4,-6.9,-8.7,-2445,0.28,0.003,0.023,1.00,,0,1925,0,1800,9,-1.58,25.3,1.00,0.035
191.30,FINAL,134.67,133.07,25.39,-1.53,2.0,-3.4,-6.8,-8.6,-2443,0.28,0.003,0.023,1.00,,0,1923,0,1798,9,-1.58,25.3,1.00,0.035
191.40,FINAL,134.51,132.90,25.39,-1.53,2.0,-3.3,-6.7,-8.5,-2441,0.28,0.003,0.024,1.00,,0,1921,0,1796,8,-1.58,25.3,1.00,0.035
191.50,FINAL,134.36,132.70,25.39,-1.53,2.0,-3.3,-6.6,-8.3,-2438,0.28,0.003,0.024,1.00,,0,1918,0,1793,8,-1.58,25.3,1.00,0.035
191.60,FINAL,134.21,132.49,25.39,-1.53,2.0,-3.2,-6.5,-8.2,-2436,0.28,0.003,0.024,1.00,,0,1916,0,1791,8,-1.58,25.3,1.00,0.035
191.70,FINAL,134.06,132.26,25.39,-1.53,2.0,-3.2,-6.4,-8.1,-2434,0.28,0.003,0.024,1.00,,0,1914,0,1789,8,-1.58,25.3,1.00,0.035
191.80,FINAL,133.90,132.02,25.39,-1.53,2.0,-3.2,-6.3,-8.0,-2432,0.28,0.003,0.024,1.00,,0,1912,0,1787,8,-1.58,25.3,1.00,0.035
191.90,FINAL,133.75,131.75,25.39,-1.53,2.0,-3.1,-6.1,-7.9,-2430,0.28,0.002,0.024,1.00,,0,1910,0,1785,8,-1.59,25.3,1.00,0.035
192.00,FINAL,133.60,131.46,25.39,-1.53,2.0,-3.1,-6.0,-7.8,-2427,0.28,0.003,0.024,1.00,,0,1907,0,1782,8,-1.59,25.3,1.00,0.035
192.10,FINAL,133.44,131.16,25.39,-1.54,2.0,-3.0,-5.9,-7.7,-2425,0.28,0.003,0.024,1.00,,0,1905,0,1780,8,-1.59,25.3,1.00,0.034
192.20,FINAL,133.29,130.84,25.39,-1.54,2.0,-3.0,-5.8,-7.6,-2423,0.28,0.003,0.024,1.00,,0,1903,0,1778,8,-1.59,25.3,1.00,0.034
192.30,FINAL,133.13,130.51,25.38,-1.54,2.0,-2.9,-5.7,-7.5,-2421,0.28,0.003,0.024,1.00,,0,1901,0,1776,7,-1.59,25.3,1.00,0.034
192.40,FINAL,132.98,130.17,25.38,-1.54,2.0,-2.9,-5.6,-7.4,-2418,0.28,0.003,0.025,1.00,,0,1898,0,1773,7,-1.59,25.3,1.00,0.034
192.50,FINAL,132.83,129.82,25.38,-1.54,2.0,-2.8,-5.5,-7.3,-2416,0.28,0.003,0.025,1.00,,0,1896,0,1771,7,-1.59,25.3,1.00,0.034
192.60,FINAL,132.67,129.48,25.38,-1.54,2.0,-2.7,-5.4,-7.3,-2414,0.28,0.003,0.025,1.00,,0,1894,0,1769,7,-1.59,25.3,1.00,0.034
192.70,FINAL,132.52,129.14,25.38,-1.54,2.0,-2.7,-5.3,-7.2,-2412,0.28,0.003,0.025,1.00,,0,1892,0,1767,7,-1.59,25.3,1.00,0.034
192.80,FINAL,132.36,128.81,25.38,-1.55,2.0,-2.6,-5.2,-7.1,-2409,0.28,0.003,0.025,1.00,,0,1889,0,1764,7,-1.59,25.3,1.00,0.034
192.90,FINAL,132.21,128.49,25.38,-1.55,2.0,-2.6,-5.2,-7.1,-2407,0.28,0.003,0.025,1.00,,0,1887,0,1762,7,-1.59,25.3,1.00,0.034
193.00,FINAL,132.05,128.20,25.38,-1.55,2.0,-2.5,-5.1,-7.0,-2405,0.28,0.003,0.025,1.00,,0,1885,0,1760,7,-1.60,25.3,1.00,0.034
193.10,FINAL,131.90,127.95,25.38,-1.55,1.9,-2.5,-5.0,-7.0,-2403,0.28,0.004,0.025,1.00,,0,1883,0,1758,7,-1.60,25.3,1.00,0.034
193.20,FINAL,131.74,127.71,25.38,-1.56,1.9,-2.4,-4.9,-6.9,-2400,0.28,0.004,0.025,1.00,,0,1880,0,1755,7,-1.60,25.3,1.00,0.034
193.30,FINAL,131.59,127.48,25.38,-1.56,1.9,-2.3,-4.8,-6.9,-2398,0.28,0.004,0.025,1.00,,0,1878,0,1753,7,-1.60,25.3,1.00,0.034
193.40,FINAL,131.43,127.25,25.38,-1.56,1.9,-2.3,-4.7,-6.9,-2396,0.28,0.004,0.026,1.00,,0,1876,0,1751,7,-1.60,25.3,1.00,0.034
193.50,FINAL,131.28,127.03,25.38,-1.56,1.9,-2.2,-4.6,-6.8,-2394,0.28,0.004,0.026,1.00,,0,1874,0,1749,7,-1.60,25.3,1.00,0.035
193.60,FINAL,131.12,126.81,25.38,-1.56,1.9,-2.2,-4.5,-6.8,-2391,0.28,0.004,0.026,1.00,,0,1871,0,1746,7,-1.60,25.3,1.00,0.035
193.70,FINAL,130.96,126.59,25.38,-1.57,1.9,-2.1,-4.4,-6.8,-2389,0.28,0.005,0.026,1.00,,0,1869,0,1744,7,-1.60,25.3,1.00,0.035
193.80,FINAL,130.81,126.37,25.38,-1.57,1.9,-2.1,-4.3,-6.8,-2387,0.28,0.005,0.026,1.00,,0,1867,0,1742,7,-1.60,25.3,1.00,0.035
193.90,FINAL,130.65,126.15,25.38,-1.57,1.9,-2.0,-4.3,-6.7,-2385,0.28,0.005,0.026,1.00,,0,1865,0,1740,7,-1.60,25.3,1.00,0.035
194.00,FINAL,130.49,125.93,25.38,-1.57,1.9,-1.9,-4.2,-6.7,-2382,0.28,0.005,0.026,1.00,,0,1862,0,1737,7,-1.60,25.3,1.00,0.035
194.10,FINAL,130.33,125.72,25.38,-1.58,1.9,-1.9,-4.1,-6.7,-2380,0.28,0.005,0.026,1.00,,0,1860,0,1735,7,-1.60,25.3,1.00,0.035
194.20,FINAL,130.18,125.50,25.38,-1.58,1.9,-1.8,-4.0,-6.7,-2378,0.28,0.005,0.026,1.00,,0,1858,0,1733,7,-1.60,25.3,1.00,0.035
194.30,FINAL,130.02,125.29,25.38,-1.58,1.9,-1.7,-3.9,-6.7,-2376,0.28,0.006,0.026,1.00,,0,1856,0,1731,7,-1.60,25.3,1.00,0.035
194.40,FINAL,129.86,125.08,25.38,-1.58,1.9,-1.7,-3.9,-6.7,-2373,0.28,0.006,0.026,1.00,,0,1853,0,1728,7,-1.60,25.3,1.00,0.036
194.50,FINAL,129.70,124.86,25.38,-1.59,1.9,-1.6,-3.8,-6.7,-2371,0.28,0.006,0.026,1.00,,0,1851,0,1726,7,-1.60,25.3,1.00,0.036
194.60,FINAL,129.54,124.65,25.38,-1.59,1.9,-1.6,-3.7,-6.7,-2369,0.28,0.006,0.026,1.00,,0,1849,0,1724,7,-1.60,25.3,1.00,0.036
194.70,FINAL,129.38,124.44,25.38,-1.59,1.9,-1.5,-3.7,-6.7,-2367,0.28,0.006,0.026,1.00,,0,1847,0,1722,7,-1.60,25.3,1.00,0.036
194.80,FINAL,129.23,124.23,25.38,-1.59,1.9,-1.4,-3.6,-6.7,-2364,0.28,0.007,0.026,1.00,,0,1844,0,1719,7,-1.60,25.3,1.00,0.036
194.90,FINAL,129.07,124.02,25.39,-1.60,1.9,-1.4,-3.5,-6.7,-2362,0.27,0.007,0.027,1.00,,0,1842,0,1717,7,-1.60,25.3,1.00,0.036
195.00,FINAL,128.91,123.82,25.39,-1.60,1.9,-1.3,-3.5,-6.8,-2360,0.27,0.007,0.027,1.00,,0,1840,0,1715,7,-1.60,25.3,1.00,0.037
195.10,FINAL,128.75,123.61,25.39,-1.60,1.8,-1.3,-3.4,-6.8,-2358,0.27,0.007,0.027,1.00,,0,1838,0,1713,7,-1.60,25.3,1.00,0.037
195.20,FINAL,128.59,123.40,25.39,-1.60,1.8,-1.2,-3.3,-6.8,-2355,0.27,0.007,0.027,1.00,,0,1835,0,1710,7,-1.60,25.3,1.00,0.037
195.30,FINAL,128.43,123.20,25.39,-1.60,1.8,-1.1,-3.3,-6.8,-2353,0.27,0.008,0.027,1.00,,0,1833,0,1708,7,-1.60,25.3,1.00,0.037
195.40,FINAL,128.27,123.00,25.39,-1.60,1.8,-1.1,-3.2,-6.8,-2351,0.27,0.008,0.027,1.00,,0,1831,0,1706,7,-1.60,25.3,1.00,0.037
195.50,FINAL,128.11,122.80,25.39,-1.61,1.8,-1.0,-3.2,-6.9,-2349,0.27,0.008,0.027,1.00,,0,1829,0,1704,7,-1.60,25.3,1.00,0.037
195.60,FINAL,127.94,122.60,25.39,-1.61,1.8,-1.0,-3.1,-6.9,-2346,0.27,0.008,0.027,1.00,,0,1826,0,1701,7,-1.60,25.3,1.00,0.038
195.70,FINAL,127.78,122.40,25.39,-1.61,1.8,-0.9,-3.1,-6.9,-2344,0.27,0.008,0.027,1.00,,0,1824,0,1699,7,-1.60,25.3,1.00,0.038
195.80,FINAL,127.62,122.20,25.39,-1.61,1.8,-0.8,-3.0,-7.0,-2342,0.27,0.009,0.027,1.00,,0,1822,0,1697,7,-1.60,25.3,1.00,0.038
195.90,FINAL,127.46,122.00,25.39,-1.61,1.8,-0.8,-3.0,-7.0,-2340,0.27,0.009,0.027,1.00,,0,1820,0,1695,7,-1.60,25.3,1.00,0.038
196.00,FINAL,127.30,121.81,25.39,-1.61,1.8,-0.7,-2.9,-7.0,-2337,0.27,0.009,0.027,1.00,,0,1817,0,1692,7,-1.60,25.3,1.00,0.038
196.10,FINAL,127.14,121.62,25.40,-1.61,1.8,-0.7,-2.9,-7.1,-2335,0.27,0.009,0.027,1.00,,0,1815,0,1690,7,-1.60,25.3,1.00,0.039
196.20,FINAL,126.98,121.42,25.40,-1.61,1.8,-0.6,-2.8,-7.1,-2333,0.27,0.009,0.027,1.00,,0,1813,0,1688,7,-1.60,25.3,1.00,0.039
196.30,FINAL,126.82,121.23,25.40,-1.62,1.8,-0.5,-2.8,-7.1,-2331,0.27,0.010,0.027,1.00,,0,1811,0,1686,7,-1.60,25.3,1.00,0.039
196.40,FINAL,126.65,121.04,25.40,-1.62,1.8,-0.5,-2.7,-7.2,-2328,0.27,0.010,0.027,1.00,,0,1808,0,1683,7,-1.60,25.3,1.00,0.039
196.50,FINAL,126.49,120.86,25.40,-1.62,1.8,-0.4,-2.7,-7.2,-2326,0.27,0.010,0.027,1.00,,0,1806,0,1681,7,-1.60,25.3,1.00,0.039
196.60,FINAL,126.33,120.67,25.40,-1.62,1.8,-0.4,-2.7,-7.3,-2324,0.27,0.010,0.027,1.00,,0,1804,0,1679,7,-1.59,25.3,1.00,0.039
196.70,FINAL,126.17,120.49,25.40,-1.62,1.8,-0.3,-2.6,-7.3,-2322,0.27,0.010,0.027,1.00,,0,1802,0,1677,7,-1.59,25.3,1.00,0.040
196.80,FINAL,126.01,120.31,25.40,-1.62,1.8,-0.3,-2.6,-7.4,-2319,0.27,0.011,0.027,1.00,,0,1799,0,1674,7,-1.59,25.3,1.00,0.040
196.90,FINAL,125.85,120.14,25.40,-1.62,1.8,-0.2,-2.6,-7.4,-2317,0.27,0.011,0.027,1.00,,0,1797,0,1672,7,-1.59,25.3,1.00,0.040
197.00,FINAL,125.68,119.97,25.40,-1.62,1.8,-0.2,-2.6,-7.5,-2315,0.27,0.011,0.027,1.00,,0,1795,0,1670,7,-1.59,25.3,1.00,0.040
197.10,FINAL,125.52,119.80,25.40,-1.62,1.8,-0.1,-2.5,-7.5,-2313,0.27,0.011,0.027,1.00,,0,1793,0,1668,7,-1.59,25.3,1.00,0.040
197.20,FINAL,125.36,119.64,25.41,-1.62,1.8,-0.1,-2.5,-7.5,-2310,0.27,0.011,0.027,1.00,,0,1790,0,1665,8,-1.59,25.3,1.00,0.041
197.30,FINAL,125.20,119.48,25.41,-1.62,1.8,-0.0,-2.5,-7.6,-2308,0.27,0.011,0.027,1.00,,0,1788,0,1663,8,-1.59,25.3,1.00,0.041
197.40,FINAL,125.04,119.32,25.41,-1.62,1.8,0.0,-2.5,-7.6,-2306,0.27,0.012,0.027,1.00,,0,1786,0,1661,8,-1.59,25.3,1.00,0.041
197.50,FINAL,124.87,119.17,25.41,-1.62,1.8,0.1,-2.5,-7.7,-2304,0.27,0.012,0.027,1.00,,0,1784,0,1659,8,-1.59,25.3,1.00,0.041
197.60,FINAL,124.71,119.02,25.41,-1.62,1.8,0.1,-2.4,-7.7,-2301,0.27,0.012,0.027,1.00,,0,1781,0,1656,8,-1.59,25.3,1.00,0.041
197.70,FINAL,124.55,118.87,25.41,-1.62,1.8,0.2,-2.4,-7.8,-2299,0.27,0.012,0.027,1.00,,0,1779,0,1654,8,-1.59,25.3,1.00,0.041
197.80,FINAL,124.39,118.72,25.41,-1.62,1.8,0.2,-2.4,-7.8,-2297,0.27,0.012,0.027,1.00,,0,1777,0,1652,8,-1.59,25.3,1.00,0.041
197.90,FINAL,124.23,118.57,25.41,-1.62,1.8,0.3,-2.4,-7.9,-2295,0.27,0.012,0.027,1.00,,0,1775,0,1650,8,-1.59,25.3,1.00,0.042
198.00,FINAL,124.06,118.42,25.41,-1.62,1.8,0.3,-2.4,-7.9,-2292,0.27,0.012,0.027,1.00,,0,1772,0,1647,8,-1.59,25.3,1.00,0.042
198.10,FINAL,123.90,118.28,25.41,-1.62,1.8,0.4,-2.4,-8.0,-2290,0.27,0.012,0.027,1.00,,0,1770,0,1645,8,-1.58,25.3,1.00,0.042
198.20,FINAL,123.74,118.13,25.41,-1.62,1.8,0.4,-2.4,-8.0,-2288,0.27,0.013,0.027,1.00,,0,1768,0,1643,8,-1.58,25.3,1.00,0.042
198.30,FINAL,123.58,117.99,25.41,-1.62,1.8,0.4,-2.4,-8.1,-2286,0.27,0.013,0.027,1.00,,0,1766,0,1641,8,-1.58,25.3,1.00,0.042
198.40,FINAL,123.42,117.84,25.41,-1.62,1.9,0.5,-2.4,-8.1,-2283,0.27,0.013,0.027,1.00,,0,1763,0,1638,8,-1.58,25.3,1.00,0.042
198.50,FINAL,123.26,117.70,25.41,-1.61,1.9,0.5,-2.4,-8.2,-2281,0.27,0.013,0.027,1.00,,0,1761,0,1636,8,-1.58,25.3,1.00,0.042
198.60,FINAL,123.09,117.55,25.41,-1.61,1.9,0.6,-2.4,-8.2,-2279,0.27,0.013,0.027,1.00,,0,1759,0,1634,8,-1.58,25.3,1.00,0.043
198.70,FINAL,122.93,117.40,25.41,-1.61,1.9,0.6,-2.4,-8.2,-2277,0.27,0.013,0.027,1.00,,0,1757,0,1632,8,-1.58,25.3,1.00,0.043
198.80,FINAL,122.77,117.25,25.41,-1.61,1.9,0.6,-2.4,-8.3,-2274,0.27,0.013,0.027,1.00,,0,1754,0,1629,8,-1.58,25.3,1.00,0.043
198.90,FINAL,122.61,117.10,25.41,-1.61,1.9,0.7,-2.4,-8.3,-2272,0.27,0.013,0.027,1.00,,0,1752,0,1627,8,-1.58,25.3,1.00,0.043
199.00,FINAL,122.45,116.95,25.41,-1.61,1.9,0.7,-2.4,-8.4,-2270,0.27,0.013,0.027,1.00,,0,1750,0,1625,8,-1.58,25.3,1.00,0.043
199.10,FINAL,122.29,116.80,25.41,-1.61,1.9,0.7,-2.4,-8.4,-2267,0.27,0.013,0.027,1.00,,0,1747,0,1622,8,-1.58,25.3,1.00,0.043
199.20,FINAL,122.13,116.64,25.41,-1.61,1.9,0.8,-2.5,-8.4,-2265,0.27,0.013,0.027,1.00,,0,1745,0,1620,8,-1.58,25.3,1.00,0.043
199.30,FINAL,121.97,116.48,25.41,-1.61,1.9,0.8,-2.5,-8.5,-2263,0.27,0.014,0.027,1.00,,0,1743,0,1618,8,-1.58,25.3,1.00,0.043
199.40,FINAL,121.81,116.32,25.41,-1.61,1.9,0.8,-2.5,-8.5,-2261,0.27,0.014,0.027,1.00,,0,1741,0,1616,9,-1.58,25.3,1.00,0.043
199.50,FINAL,121.65,116.15,25.41,-1.60,1.9,0.8,-2.5,-8.6,-2258,0.27,0.014,0.027,1.00,,0,1738,0,1613,9,-1.58,25.3,1.00,0.043
199.60,FINAL,121.48,115.99,25.41,-1.60,1.9,0.9,-2.5,-8.6,-2256,0.27,0.014,0.027,1.00,,0,1736,0,1611,9,-1.57,25.3,1.00,0.043
199.70,FINAL,121.32,115.81,25.41,-1.60,1.9,0.9,-2.5,-8.6,-2254,0.27,0.014,0.027,1.00,,0,1734,0,1609,9,-1.57,25.3,1.00,0.043
199.80,FINAL,121.16,115.64,25.41,-1.60,1.9,0.9,-2.6,-8.7,-2252,0.27,0.014,0.027,1.00,,0,1732,0,1607,9,-1.57,25.3,1.00,0.043
199.90,FINAL,121.00,115.46,25.41,-1.60,1.9,1.0,-2.6,-8.7,-2249,0.27,0.014,0.027,1.00,,0,1729,0,1604,9,-1.57,25.3,1.00,0.043
200.00,FINAL,120.84,115.28,25.41,-1.60,1.9,1.0,-2.6,-8.7,-2247,0.27,0.014,0.027,1.00,,0,1727,0,1602,9,-1.57,25.3,1.00,0.044
200.10,FINAL,120.69,115.11,25.41,-1.60,1.9,1.0,-2.6,-8.8,-2245,0.27,0.014,0.027,1.00,,0,1725,0,1600,9,-1.57,25.3,1.00,0.044
200.20,FINAL,120.53,114.93,25.41,-1.59,1.9,1.0,-2.7,-8.8,-2243,0.27,0.014,0.027,1.00,,0,1723,0,1598,9,-1.57,25.3,1.00,0.044
200.30,FINAL,120.37,114.76,25.41,-1.59,1.9,1.0,-2.7,-8.8,-2240,0.27,0.014,0.027,1.00,,0,1720,0,1595,9,-1.57,25.3,1.00,0.044
200.40,FINAL,120.21,114.59,25.41,-1.59,1.9,1.1,-2.7,-8.8,-2238,0.27,0.014,0.027,1.00,,0,1718,0,1593,9,-1.57,25.3,1.00,0.044
200.50,FINAL,120.05,114.42,25.41,-1.59,1.9,1.1,-2.8,-8.8,-2236,0.27,0.014,0.027,1.00,,0,1716,0,1591,9,-1.57,25.3,1.00,0.044
200.60,FINAL,119.89,114.25,25.41,-1.59,1.9,1.1,-2.8,-8.9,-2234,0.27,0.014,0.027,1.00,,0,1714,0,1589,9,-1.57,25.3,1.00,0.044
200.70,FINAL,119.73,114.08,25.41,-1.59,1.9,1.1,-2.8,-8.9,-2231,0.27,0.014,0.027,1.00,,0,1711,0,1586,9,-1.57,25.3,1.00,0.044
200.80,FINAL,119.57,113.92,25.41,-1.58,1.9,1.1,-2.9,-8.9,-2229,0.27,0.014,0.027,1.00,,0,1709,0,1584,9,-1.57,25.3,1.00,0.044
200.90,FINAL,119.41,113.76,25.41,-1.58,1.9,1.1,-2.9,-8.9,-2227,0.27,0.014,0.027,1.00,,0,1707,0,1582,9,-1.57,25.3,1.00,0.044
201.00,FINAL,119.26,113.60,25.41,-1.58,2.0,1.2,-2.9,-8.9,-2225,0.27,0.014,0.027,1.00,,0,1705,0,1580,9,-1.57,25.3,1.00,0.044
201.10,FINAL,119.10,113.44,25.41,-1.58,2.0,1.2,-3.0,-8.9,-2222,0.27,0.014,0.027,1.00,,0,1702,0,1577,9,-1.57,25.3,1.00,0.044
201.20,FINAL,118.94,113.28,25.41,-1.58,2.0,1.2,-3.0,-9.0,-2220,0.27,0.014,0.027,1.00,,0,1700,0,1575,9,-1.57,25.3,1.00,0.044
201.30,FINAL,118.78,113.13,25.41,-1.58,2.0,1.2,-3.0,-9.0,-2218,0.27,0.014,0.027,1.00,,0,1698,0,1573,9,-1.57,25.3,1.00,0.044
201.40,FINAL,118.62,112.97,25.41,-1.58,2.0,1.2,-3.1,-9.0,-2216,0.27,0.014,0.027,1.00,,0,1696,0,1571,9,-1.57,25.3,1.00,0.044
201.50,FINAL,118.47,112.81,25.40,-1.57,2.0,1.2,-3.1,-9.0,-2213,0.27,0.014,0.027,1.00,,0,1693,0,1568,9,-1.57,25.3,1.00,0.044
201.60,FINAL,118.31,112.66,25.40,-1.57,2.0,1.2,-3.2,-9.0,-2211,0.27,0.014,0.027,1.00,,0,1691,0,1566,9,-1.57,25.3,1.00,0.043
201.70,FINAL,118.15,112.50,25.40,-1.57,2.0,1.2,-3.2,-9.0,-2209,0.27,0.014,0.026,1.00,,0,1689,0,1564,9,-1.57,25.3,1.00,0.043
201.80,FINAL,117.99,112.34,25.40,-1.57,2.0,1.2,-3.3,-9.0,-2207,0.27,0.014,0.026,1.00,,0,1687,0,1562,9,-1.57,25.3,1.00,0.043
201.90,FINAL,117.84,112.19,25.40,-1.57,2.0,1.2,-3.3,-9.0,-2204,0.27,0.014,0.026,1.00,,0,1684,0,1559,9,-1.57,25.3,1.00,0.043
202.00,FINAL,117.68,112.03,25.40,-1.57,2.0,1.2,-3.3,-9.0,-2202,0.27,0.014,0.026,1.00,,0,1682,0,1557,9,-1.57,25.3,1.00,0.043
202.10,FINAL,117.52,111.88,25.40,-1.56,2.0,1.2,-3.4,-9.0,-2200,0.27,0.013,0.026,1.00,,0,1680,0,1555,9,-1.57,25.3,1.00,0.043
202.20,FINAL,117.37,111.72,25.40,-1.56,2.0,1.2,-3.4,-9.0,-2198,0.27,0.013,0.026,1.00,,0,1678,0,1553,9,-1.57,25.3,1.00,0.043
202.30,FINAL,117.21,111.56,25.40,-1.56,2.0,1.2,-3.5,-9.0,-2195,0.27,0.013,0.026,1.00,,0,1675,0,1550,9,-1.57,25.3,1.00,0.043
202.40,FINAL,117.06,111.40,25.40,-1.56,2.0,1.2,-3.5,-8.9,-2193,0.27,0.013,0.026,1.00,,0,1673,0,1548,9,-1.57,25.3,1.00,0.043
202.50,FINAL,116.90,111.24,25.40,-1.56,2.0,1.2,-3.6,-8.9,-2191,0.27,0.013,0.026,1.00,,0,1671,0,1546,9,-1.57,25.3,1.00,0.043
202.60,FINAL,116.74,111.08,25.39,-1.56,2.0,1.2,-3.6,-8.9,-2189,0.27,0.013,0.026,1.00,,0,1669,0,1544,9,-1.57,25.3,1.00,0.043
202.70,FINAL,116.59,110.92,25.39,-1.56,2.0,1.2,-3.7,-8.9,-2186,0.27,0.013,0.026,1.00,,0,1666,0,1541,9,-1.57,25.3,1.00,0.043
202.80,FINAL,116.43,110.76,25.39,-1.55,2.0,1.2,-3.7,-8.9,-2184,0.27,0.013,0.026,1.00,,0,1664,0,1539,9,-1.57,25.3,1.00,0.043
202.90,FINAL,116.28,110.60,25.39,-1.55,2.0,1.2,-3.8,-8.9,-2182,0.27,0.013,0.026,1.00,,0,1662,0,1537,9,-1.57,25.3,1.00,0.043
203.00,FINAL,116.12,110.44,25.39,-1.55,2.0,1.2,-3.8,-8.8,-2180,0.27,0.013,0.026,1.00,,0,1660,0,1535,9,-1.57,25.3,1.00,0.043
203.10,FINAL,115.97,110.28,25.39,-1.55,2.0,1.2,-3.9,-8.8,-2177,0.27,0.013,0.026,1.00,,0,1657,0,1532,9,-1.57,25.3,1.00,0.042
203.20,FINAL,115.81,110.11,25.39,-1.55,2.0,1.2,-3.9,-8.8,-2175,0.27,0.013,0.026,1.00,,0,1655,0,1530,9,-1.57,25.3,1.00,0.042
203.30,FINAL,115.66,109.95,25.39,-1.55,2.0,1.2,-4.0,-8.8,-2173,0.27,0.013,0.026,1.00,,0,1653,0,1528,9,-1.57,25.3,1.00,0.042
203.40,FINAL,115.50,109.79,25.38,-1.55,2.0,1.2,-4.0,-8.7,-2171,0.27,0.012,0.026,1.00,,0,1651,0,1526,9,-1.57,25.3,1.00,0.042
203.50,FINAL,115.35,109.63,25.38,-1.55,2.0,1.2,-4.1,-8.7,-2168,0.27,0.012,0.026,1.00,,0,1648,0,1523,9,-1.57,25.3,1.00,0.042
203.60,FINAL,115.19,109.47,25.38,-1.54,2.0,1.2,-4.1,-8.7,-2166,0.27,0.012,0.026,1.00,,0,1646,0,1521,9,-1.57,25.3,1.00,0.042
203.70,FINAL,115.04,109.32,25.38,-1.54,2.0,1.2,-4.2,-8.6,-2164,0.27,0.012,0.026,1.00,,0,1644,0,1519,9,-1.57,25.3,1.00,0.042
203.80,FINAL,114.88,109.16,25.38,-1.54,2.1,1.1,-4.2,-8.6,-2162,0.28,0.012,0.026,1.00,,0,1642,0,1517,9,-1.57,25.3,1.00,0.042
203.90,FINAL,114.73,109.00,25.38,-1.54,2.1,1.1,-4.3,-8.5,-2159,0.28,0.012,0.026,1.00,,0,1639,0,1514,9,-1.57,25.3,1.00,0.042
204.00,FINAL,114.58,108.85,25.38,-1.54,2.1,1.1,-4.3,-8.5,-2157,0.28,0.012,0.026,1.00,,0,1637,0,1512,9,-1.57,25.3,1.00,0.041
204.10,FINAL,114.42,108.69,25.37,-1.54,2.1,1.1,-4.4,-8.5,-2155,0.28,0.012,0.025,1.00,,0,1635,0,1510,8,-1.57,25.3,1.00,0.041
204.20,FINAL,114.27,108.54,25.37,-1.54,2.1,1.1,-4.4,-8.4,-2153,0.28,0.012,0.025,1.00,,0,1633,0,1508,8,-1.57,25.3,1.00,0.041
204.30,FINAL,114.11,108.39,25.37,-1.54,2.1,1.1,-4.5,-8.4,-2150,0.28,0.012,0.025,1.00,,0,1630,0,1505,8,-1.58,25.3,1.00,0.041
204.40,FINAL,113.96,108.23,25.37,-1.54,2.1,1.1,-4.5,-8.3,-2148,0.28,0.011,0.025,1.00,,0,1628,0,1503,8,-1.58,25.3,1.00,0.041
204.50,FINAL,113.81,108.08,25.37,-1.53,2.1,1.1,-4.6,-8.3,-2146,0.28,0.011,0.025,1.00,,0,1626,0,1501,8,-1.58,25.3,1.00,0.041
204.60,FINAL,113.65,107.93,25.37,-1.53,2.1,1.0,-4.6,-8.2,-2144,0.28,0.011,0.025,1.00,,0,1624,0,1499,8,-1.58,25.3,1.00,0.041
204.70,FINAL,113.50,107.78,25.37,-1.53,2.1,1.0,-4.7,-8.2,-2141,0.28,0.011,0.025,1.00,,0,1621,0,1496,8,-1.58,25.3,1.00,0.041
204.80,FINAL,113.35,107.63,25.36,-1.53,2.1,1.0,-4.7,-8.1,-2139,0.28,0.011,0.025,1.00,,0,1619,0,1494,8,-1.58,25.3,1.00,0.040
204.90,FINAL,113.19,107.47,25.36,-1.53,2.1,1.0,-4.8,-8.1,-2137,0.28,0.011,0.025,1.00,,0,1617,0,1492,8,-1.58,25.3,1.00,0.040
205.00,FINAL,113.04,107.32,25.36,-1.53,2.1,1.0,-4.8,-8.0,-2135,0.28,0.011,0.025,1.00,,0,1615,0,1490,8,-1.58,25.3,1.00,0.040
205.10,FINAL,112.89,107.17,25.36,-1.53,2.1,0.9,-4.9,-8.0,-2132,0.28,0.011,0.025,1.00,,0,1612,0,1487,8,-1.58,25.3,1.00,0.040
205.20,FINAL,112.74,107.02,25.36,-1.53,2.1,0.9,-4.9,-7.9,-2130,0.28,0.010,0.025,1.00,,0,1610,0,1485,8,-1.58,25.3,1.00,0.040
205.30,FINAL,112.58,106.87,25.36,-1.53,2.1,0.9,-5.0,-7.8,-2128,0.28,0.010,0.025,1.00,,0,1608,0,1483,8,-1.58,25.3,1.00,0.040
205.40,FINAL,112.43,106.72,25.36,-1.53,2.1,0.9,-5.0,-7.8,-2126,0.28,0.010,0.025,1.00,,0,1606,0,1481,8,-1.58,25.3,1.00,0.040
205.50,FINAL,112.28,106.56,25.35,-1.53,2.1,0.9,-5.1,-7.7,-2123,0.28,0.010,0.025,1.00,,0,1603,0,1478,8,-1.58,25.3,1.00,0.040
205.60,FINAL,112.13,106.41,25.35,-1.53,2.1,0.8,-5.1,-7.6,-2121,0.28,0.010,0.025,1.00,,0,1601,0,1476,8,-1.58,25.3,1.00,0.039
205.70,FINAL,111.97,106.26,25.35,-1.52,2.1,0.8,-5.2,-7.6,-2119,0.28,0.010,0.025,1.00,,0,1599,0,1474,8,-1.58,25.3,1.00,0.039
205.80,FINAL,111.82,106.11,25.35,-1.52,2.1,0.8,-5.2,-7.5,-2117,0.28,0.010,0.025,1.00,,0,1597,0,1472,8,-1.59,25.3,1.00,0.039
205.90,FINAL,111.67,105.95,25.35,-1.52,2.1,0.8,-5.3,-7.4,-2114,0.28,0.010,0.025,1.00,,0,1594,0,1469,7,-1.59,25.3,1.00,0.039
206.00,FINAL,111.52,105.80,25.35,-1.52,2.1,0.8,-5.3,-7.4,-2112,0.28,0.009,0.025,1.00,,0,1592,0,1467,7,-1.59,25.3,1.00,0.039
206.10,FINAL,111.36,105.64,25.35,-1.52,2.1,0.7,-5.4,-7.3,-2110,0.28,0.009,0.025,1.00,,0,1590,0,1465,7,-1.59,25.3,1.00,0.039
206.20,FINAL,111.21,105.48,25.34,-1.52,2.1,0.7,-5.4,-7.2,-2108,0.28,0.009,0.025,1.00,,0,1588,0,1463,7,-1.59,25.3,1.00,0.038
206.30,FINAL,111.06,105.33,25.34,-1.52,2.1,0.7,-5.5,-7.2,-2105,0.28,0.009,0.025,1.00,,0,1585,0,1460,7,-1.59,25.3,1.00,0.038
206.40,FINAL,110.91,105.17,25.34,-1.52,2.1,0.7,-5.5,-7.1,-2103,0.28,0.009,0.025,1.00,,0,1583,0,1458,7,-1.59,25.3,1.00,0.038
206.50,FINAL,110.75,105.00,25.34,-1.52,2.1,0.6,-5.5,-7.0,-2101,0.28,0.009,0.025,1.00,,0,1581,0,1456,7,-1.59,25.3,1.00,0.038
206.60,FINAL,110.60,104.83,25.34,-1.52,2.1,0.6,-5.6,-6.9,-2099,0.28,0.009,0.024,1.00,,0,1579,0,1454,7,-1.59,25.3,1.00,0.038
206.70,FINAL,110.45,104.65,25.34,-1.52,2.1,0.6,-5.6,-6.9,-2096,0.28,0.008,0.024,1.00,,0,1576,0,1451,7,-1.59,25.3,1.00,0.038
206.80,FINAL,110.30,104.47,25.34,-1.52,2.1,0.6,-5.7,-6.8,-2094,0.28,0.008,0.024,1.00,,0,1574,0,1449,7,-1.59,25.3,1.00,0.038
206.90,FINAL,110.15,104.29,25.33,-1.52,2.1,0.6,-5.7,-6.7,-2092,0.28,0.008,0.024,1.00,,0,1572,0,1447,7,-1.59,25.3,1.00,0.037
207.00,FINAL,109.99,104.10,25.33,-1.52,2.1,0.5,-5.7,-6.6,-2090,0.28,0.008,0.024,1.00,,0,1570,0,1445,7,-1.59,25.3,1.00,0.037
207.10,FINAL,109.84,103.91,25.33,-1.52,2.1,0.5,-5.8,-6.5,-2088,0.28,0.008,0.024,1.00,,0,1568,0,1443,7,-1.60,25.3,1.00,0.037
207.20,FINAL,109.69,103.72,25.33,-1.52,2.1,0.5,-5.8,-6.5,-2085,0.28,0.008,0.024,1.00,,0,1565,0,1440,6,-1.60,25.3,1.00,0.037
207.30,FINAL,109.54,103.52,25.33,-1.52,2.1,0.5,-5.8,-6.4,-2083,0.28,0.007,0.024,1.00,,0,1563,0,1438,6,-1.60,25.3,1.00,0.037
207.40,FINAL,109.39,103.33,25.33,-1.52,2.1,0.4,-5.9,-6.3,-2081,0.28,0.007,0.024,1.00,,0,1561,0,1436,6,-1.60,25.3,1.00,0.037
207.50,FINAL,109.24,103.12,25.32,-1.52,2.1,0.4,-5.9,-6.2,-2079,0.28,0.007,0.024,1.00,,0,1559,0,1434,6,-1.60,25.3,1.00,0.036
207.60,FINAL,109.08,102.92,25.32,-1.52,2.1,0.4,-5.9,-6.1,-2076,0.28,0.007,0.024,1.00,,0,1556,0,1431,6,-1.60,25.3,1.00,0.036
207.70,FINAL,108.93,102.71,25.32,-1.52,2.1,0.4,-6.0,-6.0,-2074,0.28,0.007,0.024,1.00,,0,1554,0,1429,6,-1.60,25.3,1.00,0.036
207.80,FINAL,108.78,102.51,25.32,-1.52,2.1,0.3,-6.0,-6.0,-2072,0.28,0.007,0.024,1.00,,0,1552,0,1427,6,-1.60,25.3,1.00,0.036
207.90,FINAL,108.63,102.30,25.32,-1.52,2.1,0.3,-6.0,-5.9,-2070,0.28,0.006,0.024,1.00,,0,1550,0,1425,6,-1.60,25.3,1.00,0.036
208.00,FINAL,108.48,102.09,25.32,-1.52,2.1,0.3,-6.1,-5.8,-2067,0.28,0.006,0.024,1.00,,0,1547,0,1422,6,-1.60,25.3,1.00,0.036
208.10,FINAL,108.32,101.88,25.32,-1.52,2.1,0.3,-6.1,-5.7,-2065,0.28,0.006,0.024,1.00,,0,1545,0,1420,6,-1.60,25.3,1.00,0.035
208.20,FINAL,108.17,101.66,25.31,-1.52,2.1,0.2,-6.1,-5.6,-2063,0.28,0.006,0.024,1.00,,0,1543,0,1418,6,-1.61,25.3,1.00,0.035
208.30,FINAL,108.02,101.45,25.31,-1.52,2.1,0.2,-6.2,-5.5,-2061,0.28,0.006,0.024,1.00,,0,1541,0,1416,6,-1.61,25.3,1.00,0.035
208.40,FINAL,107.87,101.24,25.31,-1.52,2.1,0.2,-6.2,-5.5,-2058,0.28,0.006,0.024,1.00,,0,1538,0,1413,5,-1.61,25.3,1.00,0.035
208.50,FINAL,107.72,101.03,25.31,-1.52,2.1,0.2,-6.2,-5.4,-2056,0.28,0.005,0.024,1.00,,0,1536,0,1411,5,-1.61,25.3,1.00,0.035
208.60,FINAL,107.57,100.82,25.31,-1.52,2.1,0.1,-6.2,-5.3,-2054,0.28,0.005,0.024,1.00,,0,1534,0,1409,5,-1.61,25.3,1.00,0.034
208.70,FINAL,107.41,100.62,25.31,-1.52,2.1,0.1,-6.3,-5.2,-2052,0.28,0.005,0.024,1.00,,0,1532,0,1407,5,-1.61,25.3,1.00,0.034
208.80,FINAL,107.26,100.41,25.30,-1.52,2.1,0.1,-6.3,-5.1,-2049,0.28,0.005,0.024,1.00,,0,1529,0,1404,5,-1.61,25.3,1.00,0.034
208.90,FINAL,107.11,100.21,25.30,-1.52,2.1,0.1,-6.3,-5.0,-2047,0.28,0.005,0.024,1.00,,0,1527,0,1402,5,-1.61,25.3,1.00,0.034
209.00,FINAL,106.96,100.01,25.30,-1.52,2.1,0.1,-6.3,-4.9,-2045,0.28,0.005,0.024,1.00,,0,1525,0,1400,5,-1.61,25.3,1.00,0.034
209.10,FINAL,106.81,99.81,25.30,-1.52,2.1,0.0,-6.3,-4.8,-2043,0.28,0.004,0.024,1.00,,0,1523,0,1398,5,-1.61,25.3,1.00,0.034
209.20,FINAL,106.66,99.62,25.30,-1.52,2.1,0.0,-6.4,-4.8,-2041,0.28,0.004,0.024,1.00,,0,1521,0,1396,5,-1.61,25.3,1.00,0.033
209.30,FINAL,106.50,99.43,25.30,-1.52,2.1,-0.0,-6.4,-4.7,-2038,0.28,0.004,0.024,1.00,,0,1518,0,1393,5,-1.62,25.3,1.00,0.033
209.40,FINAL,106.35,99.25,25.30,-1.52,2.1,-0.0,-6.4,-4.6,-2036,0.28,0.004,0.024,1.00,,0,1516,0,1391,5,-1.62,25.3,1.00,0.033
209.50,FINAL,106.20,99.07,25.30,-1.52,2.1,-0.1,-6.4,-4.5,-2034,0.28,0.004,0.024,1.00,,0,1514,0,1389,5,-1.62,25.3,1.00,0.033
209.60,FINAL,106.05,98.89,25.29,-1.52,2.1,-0.1,-6.4,-4.4,-2032,0.28,0.003,0.024,1.00,,0,1512,0,1387,4,-1.62,25.3,1.00,0.033
209.70,FINAL,105.90,98.72,25.29,-1.52,2.1,-0.1,-6.4,-4.3,-2029,0.28,0.003,0.024,1.00,,0,1509,0,1384,4,-1.62,25.3,1.00,0.033
209.80,FINAL,105.75,98.56,25.29,-1.52,2.1,-0.1,-6.5,-4.2,-2027,0.28,0.003,0.024,1.00,,0,1507,0,1382,4,-1.62,25.3,1.00,0.032
209.90,FINAL,105.59,98.40,25.29,-1.52,2.1,-0.1,-6.5,-4.2,-2025,0.28,0.003,0.024,1.00,,0,1505,0,1380,4,-1.62,25.3,1.00,0.032
210.00,FINAL,105.44,98.24,25.29,-1.52,2.1,-0.2,-6.5,-4.1,-2023,0.28,0.003,0.024,1.00,,0,1503,0,1378,4,-1.62,25.3,1.00,0.032
210.10,FINAL,105.29,98.09,25.29,-1.52,2.1,-0.2,-6.5,-4.0,-2020,0.28,0.002,0.024,1.00,,0,1500,0,1375,4,-1.62,25.3,1.00,0.032
210.20,FINAL,105.14,97.94,25.29,-1.52,2.1,-0.2,-6.5,-3.9,-2018,0.28,0.002,0.024,1.00,,0,1498,0,1373,4,-1.62,25.3,1.00,0.032
210.30,FINAL,104.99,97.80,25.29,-1.52,2.1,-0.2,-6.5,-3.8,-2016,0.28,0.002,0.024,1.00,,0,1496,0,1371,4,-1.62,25.3,1.00,0.032
210.40,FINAL,104.84,97.65,25.29,-1.52,2.1,-0.2,-6.5,-3.7,-2014,0.28,0.002,0.024,1.00,,0,1494,0,1369,4,-1.63,25.3,1.00,0.031
210.50,FINAL,104.68,97.52,25.28,-1.52,2.1,-0.3,-6.5,-3.7,-2011,0.28,0.001,0.024,1.00,,0,1491,0,1366,4,-1.63,25.3,1.00,0.031
210.60,FINAL,104.53,97.38,25.28,-1.52,2.1,-0.3,-6.5,-3.6,-2009,0.28,0.001,0.024,1.00,,0,1489,0,1364,4,-1.63,25.3,1.00,0.031
210.70,FINAL,104.38,97.24,25.28,-1.52,2.1,-0.3,-6.5,-3.5,-2007,0.28,0.001,0.024,1.00,,0,1487,0,1362,3,-1.63,25.3,1.00,0.031
210.80,FINAL,104.23,97.11,25.28,-1.52,2.1,-0.3,-6.6,-3.4,-2005,0.28,0.001,0.024,1.00,,0,1485,0,1360,3,-1.63,25.3,1.00,0.031
210.90,FINAL,104.08,96.98,25.28,-1.52,2.1,-0.3,-6.6,-3.3,-2002,0.28,0.000,0.024,1.00,,0,1482,0,1357,3,-1.63,25.3,1.00,0.030
211.00,FINAL,103.93,96.85,25.28,-1.52,2.1,-0.3,-6.6,-3.3,-2000,0.28,0.000,0.024,1.00,,0,1480,0,1355,3,-1.63,25.3,1.00,0.030
211.10,FINAL,103.77,96.72,25.28,-1.52,2.1,-0.4,-6.6,-3.2,-1998,0.28,0.000,0.024,1.00,,0,1478,0,1353,3,-1.63,25.3,1.00,0.030
211.20,FINAL,103.62,96.59,25.28,-1.52,2.2,-0.4,-6.6,-3.1,-1996,0.28,0.000,0.024,1.00,,0,1476,0,1351,3,-1.63,25.3,1.00,0.030
211.30,FINAL,103.47,96.46,25.27,-1.52,2.2,-0.4,-6.6,-3.0,-1994,0.28,0.000,0.024,1.00,,0,1474,0,1349,3,-1.63,25.3,1.00,0.030
211.40,FINAL,103.32,96.33,25.27,-1.52,2.2,-0.4,-6.6,-2.9,-1991,0.28,0.000,0.024,1.00,,0,1471,0,1346,3,-1.64,25.3,1.00,0.029
211.50,FINAL,103.17,96.20,25.27,-1.51,2.2,-0.4,-6.6,-2.9,-1989,0.28,0.000,0.024,1.00,,0,1469,0,1344,3,-1.64,25.3,1.00,0.029
211.60,FINAL,103.02,96.08,25.27,-1.51,2.2,-0.4,-6.6,-2.8,-1987,0.28,0.000,0.024,1.00,,0,1467,0,1342,3,-1.64,25.3,1.00,0.029
211.70,FINAL,102.86,95.94,25.27,-1.51,2.2,-0.4,-6.6,-2.7,-1985,0.28,0.000,0.024,1.00,,0,1465,0,1340,3,-1.64,25.3,1.00,0.029
211.80,FINAL,102.71,95.81,25.27,-1.51,2.2,-0.5,-6.6,-2.7,-1982,0.28,0.000,0.024,1.00,,0,1462,0,1337,3,-1.64,25.3,1.00,0.028
211.90,FINAL,102.56,95.68,25.27,-1.51,2.2,-0.5,-6.6,-2.6,-1980,0.28,0.000,0.024,1.00,,0,1460,0,1335,3,-1.64,25.3,1.00,0.028
212.00,FINAL,102.41,95.55,25.26,-1.51,2.2,-0.5,-6.6,-2.5,-1978,0.28,0.000,0.024,1.00,,0,1458,0,1333,3,-1.64,25.3,1.00,0.028
212.10,FINAL,102.26,95.41,25.26,-1.50,2.2,-0.5,-6.5,-2.4,-1976,0.28,0.000,0.024,1.00,,0,1456,0,1331,2,-1.64,25.3,1.00,0.027
212.20,FINAL,102.11,95.27,25.26,-1.50,2.3,-0.5,-6.5,-2.4,-1973,0.28,0.000,0.024,1.00,,0,1453,0,1328,2,-1.64,25.3,1.00,0.027
212.30,FINAL,101.96,95.13,25.26,-1.49,2.3,-0.5,-6.5,-2.3,-1971,0.28,0.000,0.024,1.00,,0,1451,0,1326,2,-1.65,25.3,1.00,0.026
212.40,FINAL,101.81,94.99,25.25,-1.49,2.3,-0.5,-6.5,-2.2,-1969,0.28,0.000,0.024,1.00,,0,1449,0,1324,2,-1.65,25.3,1.00,0.026
212.50,FINAL,101.66,94.84,25.25,-1.48,2.3,-0.5,-6.5,-2.2,-1967,0.28,0.000,0.024,1.00,,0,1447,0,1322,2,-1.65,25.3,1.00,0.025
212.60,FINAL,101.52,94.69,25.25,-1.47,2.4,-0.5,-6.5,-2.1,-1964,0.28,0.000,0.024,1.00,,0,1444,0,1319,2,-1.65,25.3,1.00,0.024
212.70,FINAL,101.37,94.54,25.24,-1.46,2.4,-0.6,-6.5,-2.0,-1962,0.28,0.000,0.024,1.00,,0,1442,0,1317,2,-1.65,25.3,1.00,0.024
212.80,FINAL,101.22,94.38,25.24,-1.45,2.4,-0.6,-6.5,-2.0,-1960,0.28,0.000,0.024,1.00,,0,1440,0,1315,2,-1.65,25.3,1.00,0.023
212.90,FINAL,101.08,94.22,25.23,-1.44,2.5,-0.6,-6.5,-1.9,-1958,0.28,0.000,0.024,1.00,,0,1438,0,1313,2,-1.66,25.3,1.00,0.022
213.00,FINAL,100.94,94.06,25.23,-1.43,2.5,-0.6,-6.5,-1.8,-1956,0.28,0.000,0.024,1.00,,0,1436,0,1311,2,-1.66,25.3,1.00,0.021
213.10,FINAL,100.79,93.90,25.22,-1.42,2.6,-0.6,-6.5,-1.8,-1953,0.28,0.000,0.024,1.00,,0,1433,0,1308,2,-1.66,25.3,1.00,0.020
213.20,FINAL,100.65,93.74,25.22,-1.40,2.6,-0.6,-6.4,-1.7,-1951,0.28,0.000,0.024,1.00,,0,1431,0,1306,2,-1.66,25.3,1.00,0.019
213.30,FINAL,100.51,93.58,25.21,-1.39,2.7,-0.6,-6.4,-1.7,-1949,0.28,0.000,0.024,1.00,,0,1429,0,1304,2,-1.67,25.3,1.00,0.017
213.40,FINAL,100.37,93.42,25.20,-1.37,2.7,-0.6,-6.4,-1.6,-1947,0.28,0.000,0.024,1.00,,1,1427,0,1302,2,-1.67,25.3,1.00,0.016
213.50,FINAL,100.24,93.26,25.19,-1.36,2.8,-0.6,-6.4,-1.6,-1944,0.28,0.000,0.024,1.00,,1,1424,0,1299,2,-1.67,25.3,1.00,0.015
213.60,FINAL,100.10,93.10,25.19,-1.34,2.8,-0.6,-6.4,-1.5,-1942,0.28,0.000,0.024,1.00,,1,1422,0,1297,2,-1.68,25.3,1.00,0.013
213.70,FINAL,99.97,92.94,25.18,-1.32,2.9,-0.6,-6.4,-1.5,-1940,0.28,0.000,0.024,1.00,,1,1420,0,1295,1,-1.68,25.3,1.00,0.011
213.80,FINAL,99.84,92.78,25.17,-1.31,2.9,-0.6,-6.4,-1.4,-1938,0.28,0.000,0.024,1.00,,1,1418,0,1293,1,-1.69,25.3,1.00,0.010
213.90,FINAL,99.71,92.63,25.16,-1.29,3.0,-0.6,-6.3,-1.4,-1935,0.28,0.000,0.024,1.00,,1,1415,0,1290,1,-1.69,25.3,1.00,0.008
214.00,FINAL,99.58,92.47,25.14,-1.26,3.1,-0.6,-6.3,-1.3,-1933,0.28,0.000,0.024,1.00,,1,1413,0,1288,1,-1.69,25.3,1.00,0.006
214.10,FINAL,99.45,92.32,25.13,-1.24,3.1,-0.6,-6.3,-1.3,-1931,0.28,0.000,0.024,1.00,,1,1411,0,1286,1,-1.70,25.3,1.00,0.004
214.20,FINAL,99.33,92.17,25.12,-1.22,3.2,-0.6,-6.3,-1.2,-1929,0.28,0.000,0.024,1.00,,1,1409,0,1284,1,-1.71,25.3,1.00,0.002
214.30,FINAL,99.21,92.03,25.11,-1.20,3.3,-0.6,-6.3,-1.2,-1927,0.28,0.000,0.024,1.00,,1,1407,0,1282,1,-1.71,25.3,1.00,-0.001
214.40,FINAL,99.09,91.89,25.09,-1.17,3.4,-0.6,-6.2,-1.1,-1924,0.28,0.000,0.024,1.00,,1,1404,0,1279,1,-1.72,25.3,1.00,-0.003
214.50,FINAL,98.97,91.75,25.08,-1.15,3.4,-0.6,-6.2,-1.1,-1922,0.28,0.000,0.024,1.00,,1,1402,0,1277,1,-1.73,25.3,1.00,-0.006
214.60,FINAL,98.86,91.61,25.06,-1.12,3.5,-0.6,-6.2,-1.0,-1920,0.28,0.000,0.024,1.00,,1,1400,0,1275,1,-1.73,25.3,1.00,-0.009
214.70,FINAL,98.75,91.49,25.04,-1.10,3.6,-0.6,-6.2,-1.0,-1918,0.28,0.000,0.024,1.00,,1,1398,0,1273,1,-1.74,25.3,1.00,-0.011
214.80,FINAL,98.64,91.36,25.03,-1.07,3.7,-0.6,-6.2,-1.0,-1915,0.29,0.000,0.024,1.00,,1,1395,0,1270,1,-1.75,25.3,1.00,-0.014
214.90,FINAL,98.53,91.24,25.01,-1.04,3.8,-0.6,-6.1,-0.9,-1913,0.29,0.000,0.024,1.00,,1,1393,0,1268,1,-1.76,25.3,1.00,-0.017
215.00,FINAL,98.43,91.13,24.99,-1.02,3.9,-0.6,-6.1,-0.9,-1911,0.29,0.000,0.024,1.00,,1,1391,0,1266,1,-1.77,25.3,1.00,-0.021
215.10,FINAL,98.33,91.02,24.97,-0.99,3.9,-0.6,-6.1,-0.9,-1909,0.29,0.000,0.024,1.00,,1,1389,0,1264,1,-1.78,25.3,1.00,-0.024
215.20,FINAL,98.23,90.92,24.95,-0.96,4.0,-0.6,-6.1,-0.8,-1907,0.29,0.000,0.024,1.00,,1,1387,0,1262,1,-1.79,25.3,1.00,-0.028
215.30,FINAL,98.13,90.82,24.93,-0.93,4.1,-0.6,-6.1,-0.8,-1904,0.29,0.000,0.024,1.00,,1,1384,0,1259,1,-1.80,25.3,1.00,-0.031
215.40,FINAL,98.04,90.73,24.90,-0.90,4.2,-0.6,-6.0,-0.8,-1902,0.29,0.000,0.024,1.00,,1,1382,0,1257,1,-1.81,25.3,1.00,-0.035
215.50,FINAL,97.95,90.64,24.88,-0.87,4.3,-0.6,-6.0,-0.7,-1900,0.29,0.000,0.024,1.00,,1,1380,0,1255,1,-1.82,25.3,1.00,-0.039
215.60,FINAL,97.87,90.56,24.86,-0.84,4.4,-0.6,-6.0,-0.7,-1898,0.29,0.000,0.024,1.00,,1,1378,0,1253,1,-1.83,25.3,1.00,-0.043
215.70,FINAL,97.79,90.49,24.83,-0.81,4.5,-0.6,-6.0,-0.7,-1895,0.29,0.000,0.024,1.00,,2,1375,0,1250,1,-1.84,25.3,1.00,-0.047
215.80,FINAL,97.71,90.43,24.81,-0.77,4.6,-0.5,-5.9,-0.6,-1893,0.30,0.000,0.024,1.00,,2,1373,0,1248,1,-1.86,25.3,1.00,-0.051
215.90,FINAL,97.63,90.37,24.78,-0.74,4.7,-0.5,-5.9,-0.6,-1891,0.30,0.000,0.024,1.00,,2,1371,0,1246,1,-1.87,25.3,1.00,-0.056
216.00,FINAL,97.56,90.32,24.75,-0.71,4.8,-0.5,-5.9,-0.6,-1889,0.30,0.000,0.024,1.00,,2,1369,0,1244,1,-1.89,25.3,1.00,-0.059
216.10,FINAL,97.49,90.27,24.72,-0.68,4.9,-0.5,-5.9,-0.6,-1887,0.30,0.000,0.024,1.00,,2,1367,0,1242,1,-1.90,25.3,1.00,-0.059
216.20,FINAL,97.42,90.23,24.69,-0.65,5.0,-0.5,-5.8,-0.6,-1884,0.30,0.000,0.024,1.00,,2,1364,0,1239,1,-1.92,25.3,1.00,-0.059
216.30,FINAL,97.36,90.20,24.66,-0.61,5.1,-0.5,-5.8,-0.5,-1882,0.30,0.000,0.024,1.00,,2,1362,0,1237,1,-1.93,25.3,1.00,-0.059
216.40,FINAL,97.30,90.17,24.63,-0.58,5.2,-0.5,-5.8,-0.5,-1880,0.30,0.000,0.024,1.00,,2,1360,0,1235,1,-1.95,25.3,1.00,-0.059
216.50,FINAL,97.24,90.15,24.60,-0.55,5.3,-0.5,-5.8,-0.5,-1878,0.30,0.000,0.024,1.00,,2,1358,0,1233,1,-1.96,25.3,1.00,-0.059
216.60,FINAL,97.18,90.13,24.57,-0.52,5.4,-0.5,-5.8,-0.5,-1876,0.31,0.000,0.025,1.00,,2,1356,0,1231,0,-1.98,25.3,1.00,-0.059
216.70,FINAL,97.13,90.11,24.53,-0.49,5.5,-0.4,-5.7,-0.5,-1874,0.31,0.000,0.025,1.00,,2,1354,0,1229,0,-2.00,25.3,1.00,-0.059
216.80,FINAL,97.09,90.11,24.50,-0.46,5.6,-0.4,-5.7,-0.5,-1871,0.31,0.000,0.025,1.00,,2,1351,0,1226,0,-2.02,25.3,1.00,-0.059
216.90,FINAL,97.04,90.11,24.46,-0.43,5.7,-0.4,-5.7,-0.5,-1869,0.31,0.000,0.025,1.00,,3,1349,0,1224,0,-2.04,25.3,1.00,-0.059
217.00,FINAL,97.00,90.11,24.43,-0.40,5.8,-0.4,-5.7,-0.5,-1867,0.31,0.000,0.025,1.00,,3,1347,0,1222,0,-2.06,25.3,1.00,-0.059
217.10,FINAL,96.96,90.11,24.39,-0.37,5.9,-0.4,-5.7,-0.4,-1865,0.31,0.000,0.025,1.00,,3,1345,0,1220,0,-2.08,25.3,1.00,-0.059
217.20,FINAL,96.92,90.13,24.35,-0.34,6.0,-0.4,-5.6,-0.4,-1863,0.31,0.000,0.025,1.00,,3,1343,0,1218,0,-2.10,25.3,1.00,-0.059
217.30,FINAL,96.89,90.14,24.32,-0.31,6.1,-0.4,-5.6,-0.4,-1861,0.31,0.000,0.025,1.00,,3,1341,0,1216,0,-2.12,25.3,1.00,-0.059
217.40,FINAL,96.86,90.16,24.28,-0.29,6.1,-0.4,-5.6,-0.4,-1858,0.32,0.000,0.025,1.00,,3,1338,0,1213,0,-2.14,25.3,1.00,-0.059
217.50,FINAL,96.83,90.18,24.24,-0.26,6.2,-0.3,-5.6,-0.4,-1856,0.32,0.000,0.025,1.00,,3,1336,0,1211,0,-2.16,25.3,1.00,-0.059
217.60,FINAL,96.81,90.21,24.20,-0.24,6.3,-0.3,-5.5,-0.4,-1854,0.32,0.000,0.025,1.00,,3,1334,0,1209,0,-2.18,25.3,1.00,-0.059
217.70,FINAL,96.78,90.24,24.16,-0.22,6.4,-0.3,-5.5,-0.4,-1852,0.32,0.000,0.025,1.00,,4,1332,0,1207,0,-2.21,25.3,1.00,-0.059
217.80,FINAL,96.76,90.27,24.12,-0.19,6.5,-0.3,-5.5,-0.4,-1850,0.32,0.000,0.025,1.00,,4,1330,0,1205,0,-2.23,25.3,1.00,-0.059
217.90,FINAL,96.74,90.31,24.08,-0.17,6.5,-0.3,-5.5,-0.4,-1848,0.32,0.000,0.025,1.00,,4,1328,0,1203,0,-2.25,25.3,1.00,-0.059
218.00,FINAL,96.73,90.35,24.04,-0.16,6.6,-0.3,-5.5,-0.4,-1846,0.32,0.000,0.025,1.00,,4,1326,0,1201,0,-2.28,25.3,1.00,-0.059
218.10,FINAL,96.71,90.39,24.00,-0.14,6.6,-0.2,-5.5,-0.4,-1843,0.33,0.000,0.025,1.00,,4,1323,0,1198,0,-2.30,25.3,1.00,-0.059
218.20,FINAL,96.70,90.43,23.96,-0.12,6.7,-0.2,-5.4,-0.4,-1841,0.33,0.000,0.025,1.00,,4,1321,0,1196,0,-2.33,25.3,1.00,-0.059
218.30,FINAL,96.69,90.47,23.92,-0.11,6.8,-0.2,-5.4,-0.4,-1839,0.33,0.000,0.025,1.00,,4,1319,0,1194,0,-2.35,25.3,1.00,-0.059
218.40,FINAL,96.68,90.51,23.88,-0.10,6.8,-0.2,-5.4,-0.4,-1837,0.33,0.000,0.025,1.00,,4,1317,0,1192,0,-2.37,25.3,1.00,-0.059
218.50,FINAL,96.67,90.56,23.84,-0.09,6.8,-0.2,-5.4,-0.4,-1835,0.33,0.000,0.026,1.00,,5,1315,0,1190,0,-2.40,25.3,1.00,-0.059
218.60,FINAL,96.66,90.60,23.80,-0.08,6.9,-0.2,-5.4,-0.5,-1833,0.33,0.000,0.026,1.00,,5,1313,0,1188,0,-2.42,25.3,1.00,-0.059
218.70,FINAL,96.65,90.65,23.76,-0.07,6.9,-0.1,-5.4,-0.5,-1831,0.33,0.000,0.026,1.00,,5,1311,0,1186,0,-2.45,25.3,1.00,-0.059
218.80,FINAL,96.64,90.69,23.72,-0.07,6.9,-0.1,-5.3,-0.5,-1829,0.33,0.000,0.026,1.00,,5,1309,0,1184,0,-2.47,25.3,1.00,-0.059
218.90,FINAL,96.64,90.73,23.68,-0.07,7.0,-0.1,-5.3,-0.5,-1827,0.33,0.000,0.026,1.00,,5,1307,0,1182,0,-2.50,25.3,1.00,-0.059
219.00,FINAL,96.63,90.77,23.64,-0.07,7.0,-0.1,-5.3,-0.5,-1825,0.33,0.000,0.026,1.00,,5,1305,0,1180,0,-2.52,25.3,1.00,-0.059
219.10,FINAL,96.62,90.81,23.60,-0.07,7.0,-0.1,-5.3,-0.5,-1822,0.34,0.000,0.026,1.00,,5,1302,0,1177,1,-2.55,25.3,1.00,-0.059
219.20,FINAL,96.62,90.85,23.56,-0.07,7.0,-0.1,-5.3,-0.5,-1820,0.34,0.000,0.026,1.00,,6,1300,0,1175,1,-2.57,25.3,1.00,-0.059
219.30,FINAL,96.61,90.89,23.52,-0.08,7.0,-0.0,-5.3,-0.5,-1818,0.34,0.000,0.026,1.00,,6,1298,0,1173,1,-2.60,25.3,1.00,-0.059
219.40,FINAL,96.60,90.93,23.49,-0.09,7.0,-0.0,-5.3,-0.5,-1816,0.34,0.000,0.026,1.00,,6,1296,0,1171,1,-2.62,25.3,1.00,-0.059
219.50,FINAL,96.59,90.97,23.45,-0.10,6.9,-0.0,-5.3,-0.6,-1814,0.34,0.000,0.026,1.00,,6,1294,0,1169,1,-2.65,25.3,1.00,-0.059
219.60,FINAL,96.58,91.01,23.42,-0.11,6.9,0.0,-5.2,-0.6,-1812,0.34,0.000,0.026,1.00,,6,1292,0,1167,1,-2.67,25.3,1.00,-0.059
219.70,FINAL,96.57,91.05,23.38,-0.12,6.9,0.0,-5.2,-0.6,-1810,0.34,0.000,0.026,1.00,,6,1290,0,1165,1,-2.70,25.3,1.00,-0.059
219.80,FINAL,96.56,91.08,23.35,-0.14,6.9,0.0,-5.2,-0.6,-1808,0.34,0.000,0.026,1.00,,6,1288,0,1163,1,-2.72,25.3,1.00,-0.059
219.90,FINAL,96.54,91.11,23.32,-0.16,6.8,0.1,-5.2,-0.6,-1806,0.34,0.000,0.026,1.00,,7,1286,0,1161,1,-2.75,25.3,1.00,-0.059
220.00,FINAL,96.53,91.14,23.29,-0.18,6.8,0.1,-5.2,-0.6,-1804,0.34,0.000,0.027,1.00,,7,1284,0,1159,1,-2.77,25.3,1.00,-0.059
220.10,FINAL,96.51,91.16,23.26,-0.20,6.7,0.1,-5.2,-0.6,-1802,0.34,0.000,0.027,1.00,,7,1282,0,1157,1,-2.79,25.3,1.00,-0.059
220.20,FINAL,96.49,91.19,23.23,-0.23,6.7,0.1,-5.2,-0.7,-1800,0.34,0.000,0.027,1.00,,7,1280,0,1155,1,-2.81,25.3,1.00,-0.059
220.30,FINAL,96.46,91.21,23.20,-0.25,6.6,0.1,-5.2,-0.7,-1798,0.34,0.000,0.027,1.00,,7,1278,0,1153,1,-2.84,25.3,1.00,-0.059
220.40,FINAL,96.44,91.22,23.17,-0.28,6.5,0.1,-5.2,-0.7,-1796,0.34,0.000,0.027,1.00,,7,1276,0,1151,1,-2.86,25.3,1.00,-0.059
220.50,FINAL,96.41,91.23,23.15,-0.31,6.5,0.1,-5.2,-0.7,-1794,0.34,0.000,0.027,1.00,,7,1274,0,1149,1,-2.88,25.3,1.00,-0.059
220.60,FINAL,96.38,91.24,23.13,-0.34,6.4,0.1,-5.2,-0.7,-1792,0.34,0.000,0.027,1.00,,7,1272,0,1147,1,-2.90,25.3,1.00,-0.059
220.70,FINAL,96.34,91.24,23.11,-0.38,6.3,0.2,-5.2,-0.8,-1790,0.34,0.000,0.027,1.00,,7,1270,0,1145,1,-2.92,25.3,1.00,-0.059
220.80,FINAL,96.30,91.24,23.09,-0.41,6.2,0.2,-5.2,-0.8,-1787,0.34,0.000,0.027,1.00,,8,1267,0,1142,1,-2.94,25.3,1.00,-0.059
220.90,FINAL,96.26,91.23,23.07,-0.45,6.1,0.2,-5.2,-0.8,-1785,0.34,0.000,0.027,1.00,,8,1265,0,1140,1,-2.96,25.3,1.00,-0.059
221.00,FINAL,96.21,91.21,23.05,-0.49,6.0,0.2,-5.2,-0.8,-1783,0.33,0.000,0.027,1.00,,8,1263,0,1138,1,-2.98,25.3,1.00,-0.059
221.10,FINAL,96.16,91.19,23.04,-0.53,5.9,0.2,-5.2,-0.8,-1781,0.33,0.000,0.027,1.00,,8,1261,0,1136,1,-2.99,25.3,1.00,-0.059
221.20,FINAL,96.11,91.17,23.02,-0.57,5.8,0.2,-5.2,-0.8,-1779,0.34,0.000,0.027,1.00,,8,1259,0,1134,1,-3.00,25.3,1.00,-0.059
221.30,FINAL,96.05,91.14,23.01,-0.62,5.7,0.2,-5.2,-0.9,-1777,0.34,0.000,0.027,1.00,,8,1257,0,1132,1,-3.00,25.3,1.00,-0.059
221.40,FINAL,95.99,91.10,23.00,-0.66,5.6,0.2,-5.2,-0.9,-1775,0.34,0.000,0.027,1.00,,8,1255,0,1130,1,-3.00,25.3,1.00,-0.059
221.50,FINAL,95.92,91.05,23.00,-0.71,5.4,0.2,-5.2,-0.9,-1773,0.34,0.000,0.027,1.00,,8,1253,0,1128,1,-3.00,25.3,1.00,-0.059
221.60,FINAL,95.85,91.00,23.00,-0.75,5.3,0.3,-5.2,-0.9,-1771,0.34,0.000,0.027,1.00,,8,1251,0,1126,1,-3.00,25.3,1.00,-0.059
221.70,FINAL,95.77,90.94,22.99,-0.80,5.2,0.3,-5.2,-0.9,-1769,0.34,0.000,0.027,1.00,,8,1249,0,1124,1,-3.00,25.3,1.00,-0.059
221.80,FINAL,95.69,90.88,23.00,-0.84,5.1,0.3,-5.2,-0.9,-1767,0.35,0.000,0.027,1.00,,8,1247,0,1122,1,-3.00,25.3,1.00,-0.059
221.90,FINAL,95.60,90.81,23.00,-0.89,5.0,0.3,-5.2,-1.0,-1765,0.35,0.000,0.027,1.00,,8,1245,0,1120,1,-3.00,25.3,1.00,-0.059
222.00,FINAL,95.51,90.73,23.00,-0.93,4.8,0.3,-5.2,-1.0,-1763,0.35,0.000,0.027,1.00,,8,1243,0,1118,1,-3.00,25.3,1.00,-0.059
222.10,FINAL,95.42,90.65,23.01,-0.98,4.7,0.3,-5.2,-1.0,-1761,0.34,0.000,0.027,1.00,,9,1241,0,1116,1,-3.00,25.3,1.00,-0.059
222.20,FINAL,95.32,90.56,23.02,-1.03,4.6,0.3,-5.2,-1.0,-1759,0.34,0.000,0.027,1.00,,9,1239,0,1114,1,-3.00,25.3,1.00,-0.059
222.30,FINAL,95.21,90.46,23.03,-1.07,4.5,0.3,-5.2,-1.0,-1757,0.34,0.000,0.027,1.00,,9,1237,0,1112,1,-3.00,25.3,1.00,-0.059
222.40,FINAL,95.10,90.35,23.04,-1.12,4.3,0.3,-5.2,-1.0,-1755,0.34,0.000,0.027,1.00,,9,1235,0,1110,1,-3.00,25.3,1.00,-0.059
222.50,FINAL,94.99,90.24,23.06,-1.17,4.2,0.3,-5.2,-1.1,-1753,0.34,0.000,0.027,1.00,,9,1233,0,1108,1,-3.00,25.3,1.00,-0.059
222.60,FINAL,94.87,90.12,23.07,-1.21,4.1,0.3,-5.2,-1.1,-1751,0.34,0.000,0.027,1.00,,9,1231,0,1106,1,-3.00,25.3,1.00,-0.059
222.70,FINAL,94.75,90.00,23.09,-1.26,4.0,0.3,-5.2,-1.1,-1749,0.34,0.000,0.027,1.00,,9,1229,0,1104,1,-3.00,25.3,1.00,-0.059
222.80,FINAL,94.62,89.87,23.11,-1.31,3.8,0.3,-5.2,-1.1,-1747,0.33,0.000,0.027,1.00,,9,1227,0,1102,1,-3.00,25.3,1.00,-0.059
222.90,FINAL,94.49,89.73,23.13,-1.36,3.7,0.3,-5.2,-1.1,-1745,0.33,0.000,0.027,1.00,,9,1225,0,1100,1,-3.00,25.3,1.00,-0.059
223.00,FINAL,94.35,89.59,23.15,-1.40,3.6,0.3,-5.2,-1.1,-1743,0.33,0.000,0.027,1.00,,9,1223,0,1098,1,-3.00,25.3,1.00,-0.059
223.10,FINAL,94.21,89.44,23.17,-1.45,3.4,0.3,-5.2,-1.1,-1741,0.32,0.000,0.027,1.00,,9,1221,0,1096,1,-3.00,25.3,1.00,-0.059
223.20,FINAL,94.06,89.29,23.19,-1.50,3.3,0.3,-5.2,-1.1,-1739,0.32,0.000,0.027,1.00,,9,1219,0,1094,1,-3.00,25.3,1.00,-0.059
223.30,FINAL,93.91,89.12,23.22,-1.55,3.2,0.3,-5.2,-1.2,-1737,0.32,0.000,0.027,1.00,,9,1217,0,1092,1,-3.00,25.3,1.00,-0.059
223.40,FINAL,93.76,88.96,23.24,-1.60,3.0,0.3,-5.2,-1.2,-1735,0.31,0.000,0.027,1.00,,9,1215,0,1090,1,-3.00,25.3,1.00,-0.059
223.50,FINAL,93.59,88.78,23.27,-1.65,2.9,0.3,-5.3,-1.2,-1733,0.31,0.000,0.027,1.00,,9,1213,0,1088,1,-3.00,25.3,1.00,-0.059
223.60,FINAL,93.43,88.60,23.29,-1.70,2.7,0.3,-5.3,-1.2,-1731,0.31,0.000,0.027,1.00,,9,1211,0,1086,1,-3.00,25.3,1.00,-0.059
223.70,FINAL,93.26,88.42,23.32,-1.75,2.6,0.3,-5.3,-1.2,-1729,0.30,0.000,0.027,1.00,,9,1209,0,1084,1,-3.00,25.3,1.00,-0.059
223.80,FINAL,93.08,88.23,23.35,-1.80,2.4,0.3,-5.3,-1.2,-1727,0.30,0.000,0.027,1.00,,9,1207,0,1082,1,-3.00,25.3,1.00,-0.059
223.90,FINAL,92.90,88.03,23.38,-1.85,2.3,0.3,-5.3,-1.2,-1724,0.29,0.000,0.027,1.00,,9,1204,0,1079,1,-3.00,25.3,1.00,-0.059
224.00,FINAL,92.71,87.83,23.41,-1.90,2.2,0.3,-5.3,-1.2,-1722,0.29,0.000,0.027,1.00,,9,1202,0,1077,1,-3.00,25.3,1.00,-0.059
224.10,FINAL,92.52,87.62,23.44,-1.95,2.0,0.3,-5.3,-1.2,-1720,0.28,0.000,0.027,1.00,,8,1200,0,1075,1,-3.00,25.3,1.00,-0.059
224.20,FINAL,92.32,87.41,23.47,-2.00,1.9,0.3,-5.3,-1.2,-1718,0.28,0.000,0.027,1.00,,8,1198,0,1073,1,-3.00,25.3,1.00,-0.059
224.30,FINAL,92.12,87.19,23.51,-2.05,1.7,0.3,-5.3,-1.2,-1716,0.27,0.000,0.027,1.00,,8,1196,0,1071,1,-3.00,25.3,1.00,-0.059
224.40,FINAL,91.92,86.96,23.54,-2.10,1.6,0.3,-5.3,-1.2,-1714,0.27,0.000,0.027,1.00,,8,1194,0,1069,1,-3.00,25.3,1.00,-0.059
224.50,FINAL,91.70,86.73,23.58,-2.15,1.4,0.3,-5.3,-1.2,-1712,0.26,0.000,0.027,1.00,,8,1192,0,1067,1,-3.00,25.3,1.00,-0.059
224.60,FINAL,91.49,86.50,23.61,-2.21,1.3,0.3,-5.4,-1.2,-1710,0.26,0.000,0.027,1.00,,8,1190,0,1065,1,-3.00,25.3,1.00,-0.059
224.70,FINAL,91.26,86.26,23.65,-2.26,1.1,0.3,-5.4,-1.3,-1708,0.25,0.000,0.027,1.00,,8,1188,0,1063,1,-3.00,25.3,1.00,-0.059
224.80,FINAL,91.04,86.01,23.68,-2.31,1.0,0.3,-5.4,-1.3,-1706,0.25,0.000,0.027,1.00,,8,1186,0,1061,1,-3.00,25.3,1.00,-0.059
224.90,FINAL,90.80,85.76,23.72,-2.37,0.8,0.3,-5.4,-1.3,-1704,0.24,0.000,0.027,1.00,,8,1184,0,1059,1,-3.00,25.3,1.00,-0.059
225.00,FINAL,90.56,85.50,23.76,-2.42,0.7,0.3,-5.4,-1.3,-1702,0.24,0.000,0.026,1.00,,8,1182,0,1057,1,-3.00,25.3,1.00,-0.059
225.10,FINAL,90.32,85.24,23.79,-2.47,0.5,0.3,-5.4,-1.3,-1700,0.23,0.000,0.026,1.00,,8,1180,0,1055,1,-3.00,25.3,1.00,-0.059
225.20,FINAL,90.07,84.97,23.83,-2.53,0.4,0.3,-5.4,-1.3,-1698,0.22,0.000,0.026,1.00,,8,1178,0,1053,1,-3.00,25.3,1.00,-0.059
225.30,FINAL,89.82,84.70,23.87,-2.58,0.2,0.3,-5.4,-1.3,-1695,0.22,0.000,0.026,1.00,,8,1175,0,1050,1,-2.99,25.3,1.00,-0.059
225.40,FINAL,89.56,84.43,23.91,-2.64,0.0,0.3,-5.4,-1.3,-1693,0.22,0.000,0.026,1.00,,7,1173,0,1048,1,-2.97,25.3,1.00,-0.059
225.50,FINAL,89.29,84.15,23.96,-2.69,-0.1,0.3,-5.4,-1.3,-1691,0.22,0.000,0.026,1.00,,7,1171,0,1046,1,-2.95,25.3,1.00,-0.059
225.60,FINAL,89.02,83.86,24.00,-2.75,-0.3,0.2,-5.4,-1.2,-1689,0.22,0.000,0.026,1.00,,7,1169,0,1044,1,-2.93,25.3,1.00,-0.059
225.70,FINAL,88.74,83.57,24.04,-2.80,-0.4,0.2,-5.5,-1.2,-1687,0.22,0.000,0.026,1.00,,7,1167,0,1042,1,-2.90,25.3,1.00,-0.059
225.80,FINAL,88.46,83.28,24.09,-2.85,-0.5,0.2,-5.5,-1.2,-1685,0.21,0.000,0.026,1.00,,7,1165,0,1040,1,-2.88,25.3,1.00,-0.059
225.90,FINAL,88.18,82.97,24.14,-2.90,-0.7,0.2,-5.5,-1.2,-1683,0.21,0.000,0.026,1.00,,7,1163,0,1038,1,-2.86,25.3,1.00,-0.059
226.00,FINAL,87.88,82.66,24.19,-2.95,-0.8,0.2,-5.5,-1.2,-1681,0.21,0.000,0.026,1.00,,7,1161,0,1036,1,-2.83,25.3,1.00,-0.059
226.10,FINAL,87.59,82.35,24.24,-3.00,-0.9,0.2,-5.5,-1.2,-1679,0.21,0.000,0.026,1.00,,6,1159,0,1034,1,-2.80,25.3,1.00,-0.059
226.20,FINAL,87.29,82.02,24.29,-3.05,-1.1,0.2,-5.5,-1.2,-1676,0.21,0.000,0.026,1.00,,6,1156,0,1031,1,-2.78,25.3,1.00,-0.059
226.30,FINAL,86.98,81.70,24.34,-3.09,-1.2,0.2,-5.5,-1.2,-1674,0.20,0.000,0.026,1.00,,6,1154,0,1029,1,-2.75,25.3,1.00,-0.059
226.40,FINAL,86.67,81.36,24.39,-3.13,-1.3,0.2,-5.5,-1.2,-1672,0.20,0.000,0.026,1.00,,6,1152,0,1027,1,-2.72,25.3,1.00,-0.059
226.50,FINAL,86.35,81.02,24.44,-3.18,-1.4,0.2,-5.5,-1.2,-1670,0.20,0.000,0.026,1.00,,6,1150,0,1025,1,-2.69,25.3,1.00,-0.059
226.60,FINAL,86.03,80.68,24.49,-3.22,-1.5,0.2,-5.5,-1.2,-1668,0.20,0.000,0.026,1.00,,6,1148,0,1023,1,-2.66,25.3,1.00,-0.059
226.70,FINAL,85.71,80.33,24.55,-3.25,-1.6,0.2,-5.5,-1.2,-1666,0.19,0.000,0.026,1.00,,6,1146,0,1021,1,-2.63,25.3,1.00,-0.059
226.80,FINAL,85.38,79.98,24.60,-3.29,-1.7,0.1,-5.5,-1.2,-1663,0.19,0.000,0.026,1.00,,5,1143,0,1018,1,-2.60,25.3,1.00,-0.059
226.90,FINAL,85.05,79.63,24.66,-3.33,-1.8,0.1,-5.5,-1.2,-1661,0.19,0.000,0.025,1.00,,5,1141,0,1016,1,-2.57,25.3,1.00,-0.059
227.00,FINAL,84.72,79.27,24.71,-3.36,-1.9,0.1,-5.5,-1.1,-1659,0.19,0.000,0.025,1.00,,5,1139,0,1014,1,-2.54,25.3,1.00,-0.059
227.10,FINAL,84.38,78.91,24.76,-3.39,-1.9,0.1,-5.5,-1.1,-1657,0.19,0.000,0.025,1.00,,5,1137,0,1012,1,-2.50,25.3,1.00,-0.059
227.20,FINAL,84.04,78.55,24.82,-3.42,-2.0,0.1,-5.6,-1.1,-1655,0.18,0.000,0.025,1.00,,5,1135,0,1010,1,-2.47,25.3,1.00,-0.059
227.30,FINAL,83.70,78.19,24.87,-3.44,-2.1,0.1,-5.6,-1.1,-1653,0.18,0.000,0.025,1.00,,4,1133,0,1008,1,-2.44,25.3,1.00,-0.059
227.40,FINAL,83.36,77.82,24.93,-3.47,-2.2,0.1,-5.6,-1.1,-1650,0.18,0.000,0.025,1.00,,4,1130,0,1005,1,-2.40,25.3,1.00,-0.059
227.50,FINAL,83.01,77.46,24.98,-3.49,-2.2,0.1,-5.6,-1.1,-1648,0.18,0.000,0.025,1.00,,4,1128,0,1003,1,-2.37,25.3,1.00,-0.058
227.60,FINAL,82.66,77.09,25.03,-3.51,-2.3,0.1,-5.6,-1.1,-1646,0.18,0.000,0.025,1.00,,4,1126,0,1001,1,-2.33,25.3,1.00,-0.052
227.70,FINAL,82.31,76.73,25.09,-3.53,-2.3,0.0,-5.6,-1.0,-1644,0.17,0.000,0.025,1.00,,4,1124,0,999,1,-2.30,25.3,1.00,-0.046
227.80,FINAL,81.95,76.36,25.14,-3.55,-2.4,0.0,-5.6,-1.0,-1642,0.17,0.000,0.025,1.00,,3,1122,0,997,1,-2.26,25.3,1.00,-0.039
227.90,FINAL,81.60,76.00,25.19,-3.57,-2.4,0.0,-5.6,-1.0,-1639,0.17,0.000,0.025,1.00,,3,1119,0,994,1,-2.22,25.3,1.00,-0.033
228.00,FINAL,81.24,75.63,25.24,-3.58,-2.5,0.0,-5.6,-1.0,-1637,0.17,0.000,0.025,1.00,,3,1117,0,992,1,-2.19,25.3,1.00,-0.027
228.10,FINAL,80.88,75.27,25.30,-3.59,-2.5,0.0,-5.6,-1.0,-1635,0.17,0.000,0.025,1.00,,3,1115,0,990,1,-2.15,25.3,1.00,-0.021
228.20,FINAL,80.52,74.91,25.35,-3.60,-2.5,-0.0,-5.6,-1.0,-1633,0.17,0.000,0.024,1.00,,3,1113,0,988,1,-2.11,25.3,1.00,-0.014
228.30,FINAL,80.16,74.55,25.40,-3.61,-2.5,-0.0,-5.6,-0.9,-1630,0.16,0.000,0.024,1.00,,2,1110,0,985,1,-2.08,25.3,1.00,-0.008
228.40,FINAL,79.80,74.19,25.45,-3.61,-2.6,-0.0,-5.6,-0.9,-1628,0.16,0.000,0.024,1.00,,2,1108,0,983,1,-2.04,25.3,1.00,-0.002
228.50,FINAL,79.44,73.84,25.50,-3.62,-2.6,-0.0,-5.6,-0.9,-1626,0.16,0.000,0.024,1.00,,2,1106,0,981,1,-2.00,25.3,1.00,0.004
228.60,FINAL,79.08,73.49,25.55,-3.62,-2.6,-0.0,-5.6,-0.9,-1624,0.16,0.000,0.024,1.00,,2,1104,0,979,1,-1.97,25.3,1.00,0.009
228.70,FINAL,78.72,73.14,25.59,-3.62,-2.6,-0.1,-5.6,-0.9,-1621,0.16,0.000,0.024,1.00,,2,1101,0,976,1,-1.93,25.3,1.00,0.015
228.80,FINAL,78.35,72.79,25.64,-3.61,-2.6,-0.1,-5.6,-0.8,-1619,0.16,0.000,0.024,1.00,,1,1099,0,974,1,-1.89,25.3,1.00,0.021
228.90,FINAL,77.99,72.44,25.69,-3.61,-2.5,-0.1,-5.6,-0.8,-1617,0.16,0.000,0.024,1.00,,1,1097,0,972,1,-1.85,25.3,1.00,0.026
229.00,FINAL,77.63,72.11,25.73,-3.60,-2.5,-0.1,-5.6,-0.8,-1615,0.16,0.000,0.024,1.00,,1,1095,0,970,1,-1.82,25.3,1.00,0.032
229.10,FINAL,77.27,71.77,25.77,-3.59,-2.5,-0.1,-5.6,-0.8,-1612,0.16,0.000,0.024,1.00,,1,1092,0,967,1,-1.78,25.3,1.00,0.037
229.20,FINAL,76.91,71.44,25.82,-3.58,-2.5,-0.1,-5.6,-0.7,-1610,0.16,0.000,0.024,1.00,,1,1090,0,965,1,-1.74,25.3,1.00,0.042
229.30,FINAL,76.56,71.11,25.86,-3.56,-2.4,-0.1,-5.6,-0.7,-1608,0.16,0.000,0.024,1.00,,0,1088,0,963,1,-1.71,25.3,1.00,0.047
229.40,FINAL,76.20,70.78,25.90,-3.54,-2.4,-0.1,-5.6,-0.7,-1605,0.16,0.000,0.024,1.00,,0,1085,0,960,1,-1.67,25.3,1.00,0.052
229.50,FINAL,75.85,70.46,25.94,-3.52,-2.3,-0.1,-5.6,-0.7,-1603,0.16,0.000,0.024,1.00,,0,1083,0,958,1,-1.64,25.3,1.00,0.057
229.60,FINAL,75.50,70.14,25.97,-3.50,-2.3,-0.1,-5.6,-0.7,-1601,0.16,0.000,0.023,1.00,,0,1081,0,956,1,-1.60,25.3,1.00,0.061
229.70,FINAL,75.15,69.83,26.01,-3.47,-2.2,-0.1,-5.5,-0.6,-1599,0.16,0.000,0.023,1.00,,0,1079,0,954,1,-1.57,25.3,1.00,0.065
229.80,FINAL,74.80,69.52,26.04,-3.44,-2.1,-0.1,-5.5,-0.6,-1596,0.16,0.000,0.023,1.00,,-1,1076,0,951,1,-1.53,25.3,1.00,0.070
229.90,FINAL,74.46,69.21,26.08,-3.41,-2.0,-0.2,-5.5,-0.6,-1594,0.16,0.001,0.023,1.00,,-1,1074,0,949,1,-1.50,25.3,1.00,0.074
230.00,FINAL,74.12,68.90,26.11,-3.37,-1.9,-0.2,-5.5,-0.6,-1592,0.16,0.003,0.023,1.00,,-1,1072,0,947,1,-1.46,25.3,1.00,0.077
230.10,FINAL,73.78,68.60,26.14,-3.34,-1.8,-0.2,-5.5,-0.6,-1589,0.16,0.003,0.023,1.00,,-1,1069,0,944,1,-1.43,25.3,1.00,0.081
230.20,FINAL,73.45,68.30,26.17,-3.30,-1.7,-0.2,-5.5,-0.5,-1587,0.16,0.004,0.023,1.00,,-1,1067,0,942,1,-1.40,25.3,1.00,0.084
230.30,FINAL,73.12,68.01,26.19,-3.25,-1.6,-0.2,-5.5,-0.5,-1585,0.16,0.003,0.023,1.00,,-1,1065,0,940,1,-1.37,25.3,1.00,0.087
230.40,FINAL,72.80,67.72,26.21,-3.20,-1.5,-0.2,-5.5,-0.5,-1582,0.16,0.003,0.023,1.00,,-2,1062,0,937,0,-1.34,25.3,1.00,0.090
230.50,FINAL,72.48,67.43,26.24,-3.15,-1.3,-0.2,-5.5,-0.5,-1580,0.16,0.002,0.023,1.00,,-2,1060,0,935,0,-1.31,25.3,1.00,0.092
230.60,FINAL,72.17,67.15,26.26,-3.09,-1.2,-0.2,-5.5,-0.4,-1578,0.16,0.001,0.023,1.00,,-2,1058,0,933,0,-1.28,25.3,1.00,0.094
230.70,FINAL,71.86,66.88,26.27,-3.03,-1.0,-0.2,-5.5,-0.4,-1575,0.17,0.000,0.023,1.00,,-2,1055,0,930,0,-1.25,25.3,1.00,0.096
230.80,FINAL,71.56,66.60,26.29,-2.97,-0.9,-0.2,-5.5,-0.4,-1573,0.17,0.000,0.023,1.00,,-2,1053,0,928,0,-1.23,25.3,1.00,0.098
230.90,FINAL,71.27,66.34,26.30,-2.90,-0.7,-0.2,-5.5,-0.4,-1571,0.17,0.000,0.023,1.00,,-2,1051,0,926,0,-1.20,25.3,1.00,0.099
231.00,FINAL,70.98,66.07,26.31,-2.83,-0.5,-0.2,-5.5,-0.4,-1568,0.17,0.000,0.023,1.00,,-2,1048,0,923,0,-1.18,25.3,1.00,0.100
231.10,FINAL,70.70,65.82,26.32,-2.76,-0.4,-0.2,-5.5,-0.3,-1566,0.17,0.000,0.023,1.00,,-3,1046,0,921,0,-1.15,25.3,1.00,0.100
231.20,FINAL,70.42,65.57,26.33,-2.69,-0.2,-0.2,-5.4,-0.3,-1564,0.18,0.000,0.023,1.00,,-3,1044,0,919,0,-1.13,25.3,1.00,0.100
231.30,FINAL,70.16,65.32,26.33,-2.62,-0.0,-0.2,-5.4,-0.3,-1561,0.18,0.000,0.023,1.00,,-3,1041,0,916,0,-1.11,25.3,1.00,0.100
231.40,FINAL,69.90,65.08,26.33,-2.54,0.2,-0.2,-5.4,-0.3,-1559,0.18,0.000,0.023,1.00,,-3,1039,0,914,0,-1.09,25.3,1.00,0.100
231.50,FINAL,69.65,64.84,26.33,-2.46,0.4,-0.2,-5.4,-0.3,-1556,0.18,0.000,0.023,1.00,,-3,1036,0,911,0,-1.08,25.3,1.00,0.100
231.60,FINAL,69.40,64.61,26.33,-2.38,0.6,-0.2,-5.4,-0.2,-1554,0.19,0.000,0.022,1.00,,-3,1034,0,909,0,-1.06,25.3,1.00,0.099
231.70,FINAL,69.17,64.39,26.32,-2.30,0.8,-0.2,-5.4,-0.2,-1552,0.19,0.000,0.022,1.00,,-3,1032,0,907,0,-1.05,25.3,1.00,0.097
231.80,FINAL,68.94,64.17,26.31,-2.21,1.0,-0.2,-5.4,-0.2,-1549,0.19,0.000,0.022,1.00,,-3,1029,0,904,0,-1.03,25.3,1.00,0.096
231.90,FINAL,68.72,63.96,26.30,-2.12,1.2,-0.2,-5.4,-0.2,-1547,0.20,0.000,0.022,1.00,,-3,1027,0,902,0,-1.02,25.3,1.00,0.094
232.00,FINAL,68.51,63.76,26.29,-2.03,1.5,-0.2,-5.4,-0.2,-1545,0.20,0.000,0.022,1.00,,-3,1025,0,900,0,-1.01,25.3,1.00,0.091
232.10,FINAL,68.31,63.57,26.27,-1.93,1.7,-0.2,-5.3,-0.2,-1542,0.20,0.000,0.022,1.00,,-3,1022,0,897,0,-1.00,25.3,1.00,0.088
232.20,FINAL,68.12,63.39,26.25,-1.84,1.9,-0.2,-5.3,-0.1,-1540,0.21,0.000,0.022,1.00,,-3,1020,0,895,0,-1.00,25.3,1.00,0.085
232.30,FINAL,67.94,63.22,26.23,-1.74,2.2,-0.2,-5.3,-0.1,-1538,0.21,0.000,0.022,1.00,,-3,1018,0,893,0,-0.99,25.3,1.00,0.082
232.40,FINAL,67.77,63.07,26.20,-1.63,2.5,-0.2,-5.3,-0.1,-1535,0.22,0.000,0.022,1.00,,-3,1015,0,890,0,-0.99,25.3,1.00,0.078
232.50,FINAL,67.61,62.92,26.18,-1.53,2.7,-0.2,-5.3,-0.1,-1533,0.22,0.000,0.022,1.00,,-3,1013,0,888,0,-0.99,25.3,1.00,0.073
232.60,FINAL,67.46,62.79,26.14,-1.42,3.0,-0.2,-5.3,-0.1,-1531,0.22,0.000,0.022,1.00,,-3,1011,0,886,0,-0.99,25.3,1.00,0.068
232.70,FINAL,67.33,62.66,26.11,-1.31,3.3,-0.2,-5.3,-0.1,-1528,0.23,0.000,0.022,1.00,,-3,1008,0,883,0,-0.99,25.3,1.00,0.063
232.80,FINAL,67.20,62.55,26.07,-1.20,3.6,-0.2,-5.3,-0.1,-1526,0.23,0.000,0.022,1.00,,-3,1006,0,881,0,-1.00,25.3,1.00,0.057
232.90,FINAL,67.08,62.44,26.03,-1.09,3.9,-0.2,-5.3,-0.1,-1524,0.24,0.000,0.022,1.00,,-3,1004,0,879,0,-1.00,25.3,1.00,0.051
233.00,FINAL,66.98,62.35,25.99,-0.98,4.2,-0.2,-5.2,-0.0,-1521,0.24,0.000,0.022,1.00,,-3,1001,0,876,0,-1.01,25.3,1.00,0.045
233.10,FINAL,66.88,62.27,25.95,-0.86,4.5,-0.1,-5.2,-0.0,-1519,0.25,0.000,0.022,1.00,,-3,999,0,874,0,-1.02,25.3,1.00,0.037
233.20,FINAL,66.80,62.20,25.90,-0.74,4.8,-0.1,-5.2,-0.0,-1517,0.25,0.000,0.022,1.00,,-3,997,0,872,0,-1.04,25.3,1.00,0.030
233.30,FINAL,66.73,62.14,25.84,-0.63,5.1,-0.1,-5.2,-0.0,-1514,0.26,0.000,0.022,1.00,,-3,994,0,869,0,-1.05,25.3,1.00,0.022
233.40,FINAL,66.67,62.10,25.79,-0.51,5.4,-0.1,-5.2,-0.0,-1512,0.26,0.000,0.022,1.00,,-3,992,0,867,0,-1.07,25.3,1.00,0.014
233.50,FINAL,66.62,62.06,25.73,-0.39,5.7,-0.1,-5.2,-0.0,-1510,0.27,0.000,0.022,1.00,,-3,990,0,865,0,-1.09,25.3,1.00,0.005
233.60,FINAL,66.59,62.03,25.67,-0.28,6.0,-0.1,-5.2,-0.0,-1507,0.27,0.000,0.022,1.00,,-3,987,0,862,0,-1.11,25.3,1.00,-0.004
233.70,FINAL,66.56,62.02,25.61,-0.16,6.3,-0.1,-5.2,-0.0,-1505,0.28,0.000,0.022,1.00,,-2,985,0,860,0,-1.13,25.3,1.00,-0.014
233.80,FINAL,66.55,62.01,25.54,-0.05,6.6,-0.1,-5.2,0.0,-1503,0.29,0.000,0.022,1.00,,-2,983,0,858,-0,-1.16,25.3,1.00,-0.024
233.90,FINAL,66.55,62.02,25.47,0.07,6.9,-0.1,-5.1,0.0,-1500,0.29,0.000,0.022,1.00,,-2,980,0,855,-0,-1.18,25.3,1.00,-0.034
234.00,FINAL,66.56,62.03,25.40,0.18,7.2,-0.1,-5.1,0.0,-1498,0.30,0.000,0.022,1.00,,-2,978,0,853,-0,-1.21,25.3,1.00,-0.045
234.10,FINAL,66.58,62.05,25.32,0.29,7.5,-0.0,-5.1,0.0,-1496,0.30,0.000,0.023,1.00,,-2,976,0,851,-0,-1.24,25.3,1.00,-0.056
234.20,FINAL,66.62,62.09,25.25,0.40,7.8,-0.0,-5.1,0.0,-1494,0.31,0.000,0.023,1.00,,-2,974,0,849,-0,-1.28,25.3,1.00,-0.059
234.30,FINAL,66.66,62.13,25.17,0.50,8.1,-0.0,-5.1,0.0,-1491,0.31,0.000,0.023,1.00,,-1,971,0,846,-0,-1.31,25.3,1.00,-0.059
234.40,FINAL,66.71,62.18,25.09,0.60,8.3,0.0,-5.1,0.0,-1489,0.32,0.000,0.023,1.00,,-1,969,0,844,-0,-1.35,25.3,1.00,-0.059
234.50,FINAL,66.78,62.24,25.00,0.70,8.6,0.0,-5.1,-0.0,-1487,0.32,0.000,0.023,1.00,,-1,967,0,842,0,-1.39,25.3,1.00,-0.059
234.60,FINAL,66.85,62.31,24.92,0.80,8.9,0.0,-5.1,-0.0,-1485,0.33,0.000,0.023,1.00,,-1,965,0,840,0,-1.43,25.3,1.00,-0.059
234.70,FINAL,66.93,62.38,24.83,0.89,9.1,0.1,-5.1,-0.0,-1482,0.34,0.000,0.023,1.00,,0,962,0,837,0,-1.47,25.3,1.00,-0.059
234.80,FINAL,67.03,62.47,24.74,0.98,9.4,0.1,-5.1,-0.0,-1480,0.34,0.000,0.023,1.00,,0,960,0,835,0,-1.51,25.3,1.00,-0.059
234.90,FINAL,67.13,62.56,24.65,1.07,9.7,0.1,-5.1,-0.0,-1478,0.35,0.000,0.023,1.00,,0,958,0,833,0,-1.56,25.3,1.00,-0.059
235.00,FINAL,67.24,62.67,24.56,1.15,9.9,0.1,-5.0,-0.0,-1476,0.35,0.000,0.023,1.00,,0,956,0,831,0,-1.60,25.3,1.00,-0.059
235.10,FINAL,67.35,62.78,24.46,1.23,10.1,0.1,-5.0,-0.0,-1474,0.36,0.000,0.023,1.00,,1,954,0,829,0,-1.65,25.3,1.00,-0.059
235.20,FINAL,67.48,62.90,24.37,1.31,10.4,0.1,-5.0,-0.1,-1471,0.36,0.000,0.023,1.00,,1,951,0,826,0,-1.70,25.3,1.00,-0.059
235.30,FINAL,67.61,63.03,24.27,1.38,10.6,0.2,-5.0,-0.1,-1469,0.37,0.000,0.023,1.00,,1,949,0,824,0,-1.75,25.3,1.00,-0.059
235.40,FINAL,67.75,63.17,24.17,1.44,10.8,0.2,-5.0,-0.1,-1467,0.37,0.000,0.023,1.00,,1,947,0,822,0,-1.80,25.3,1.00,-0.059
235.50,FINAL,67.90,63.31,24.07,1.50,11.0,0.2,-5.0,-0.1,-1465,0.37,0.000,0.024,1.00,,2,945,0,820,0,-1.85,25.3,1.00,-0.059
235.60,FINAL,68.05,63.46,23.97,1.56,11.2,0.2,-5.0,-0.1,-1463,0.38,0.000,0.024,1.00,,2,943,0,818,0,-1.91,25.3,1.00,-0.059
235.70,FINAL,68.21,63.61,23.87,1.61,11.3,0.2,-5.0,-0.1,-1461,0.38,0.000,0.024,1.00,,2,941,0,816,0,-1.96,25.3,1.00,-0.059
235.80,FINAL,68.37,63.78,23.77,1.66,11.5,0.2,-5.0,-0.1,-1459,0.39,0.000,0.024,1.00,,3,939,0,814,0,-2.01,25.3,1.00,-0.059
235.90,FINAL,68.54,63.94,23.67,1.70,11.7,0.3,-5.0,-0.1,-1456,0.39,0.000,0.024,1.00,,3,936,0,811,0,-2.07,25.3,1.00,-0.059
236.00,FINAL,68.71,64.11,23.57,1.73,11.8,0.3,-5.0,-0.2,-1454,0.40,0.000,0.024,1.00,,3,934,0,809,0,-2.13,25.3,1.00,-0.059
236.10,FINAL,68.89,64.29,23.46,1.76,11.9,0.3,-5.0,-0.2,-1452,0.40,0.000,0.024,1.00,,4,932,0,807,0,-2.18,25.3,1.00,-0.059
236.20,FINAL,69.06,64.46,23.36,1.79,12.1,0.3,-5.0,-0.2,-1450,0.40,0.000,0.024,1.00,,4,930,0,805,0,-2.24,25.3,1.00,-0.059
236.30,FINAL,69.24,64.64,23.26,1.81,12.2,0.3,-5.0,-0.2,-1448,0.41,0.000,0.024,1.00,,4,928,0,803,0,-2.30,25.3,1.00,-0.059
236.40,FINAL,69.42,64.83,23.16,1.83,12.4,0.3,-5.0,-0.2,-1446,0.41,0.000,0.025,1.00,,5,926,0,801,0,-2.36,25.3,1.00,-0.059
236.50,FINAL,69.61,65.01,23.06,1.85,12.5,0.4,-5.0,-0.2,-1444,0.41,0.000,0.025,1.00,,5,924,0,799,0,-2.41,25.3,1.00,-0.059
236.60,FINAL,69.79,65.20,22.96,1.86,12.6,0.4,-5.0,-0.3,-1442,0.41,0.000,0.025,1.00,,5,922,0,797,0,-2.47,25.3,1.00,-0.059
236.70,FINAL,69.98,65.39,22.86,1.87,12.7,0.4,-5.0,-0.3,-1440,0.42,0.000,0.025,1.00,,6,920,0,795,0,-2.53,25.3,1.00,-0.059
236.80,FINAL,70.17,65.58,22.75,1.88,12.9,0.4,-5.0,-0.3,-1438,0.42,0.000,0.025,1.00,,6,918,0,793,0,-2.59,25.3,1.00,-0.059
236.90,FINAL,70.36,65.77,22.65,1.89,13.0,0.4,-5.0,-0.3,-1436,0.42,0.000,0.025,1.00,,6,916,0,791,0,-2.65,25.3,1.00,-0.059
237.00,FINAL,70.55,65.96,22.55,1.89,13.1,0.4,-5.0,-0.3,-1434,0.42,0.000,0.025,1.00,,7,914,0,789,0,-2.71,25.3,1.00,-0.059
237.10,FINAL,70.73,66.16,22.45,1.90,13.2,0.4,-5.0,-0.4,-1432,0.43,0.000,0.025,1.00,,7,912,0,787,0,-2.76,25.3,1.00,-0.059
237.20,FINAL,70.92,66.35,22.35,1.90,13.3,0.4,-5.1,-0.4,-1430,0.43,0.000,0.025,1.00,,7,910,0,785,0,-2.82,25.3,1.00,-0.059
237.30,FINAL,71.11,66.54,22.25,1.89,13.4,0.5,-5.1,-0.4,-1428,0.43,0.000,0.025,1.00,,8,908,0,783,0,-2.88,25.3,1.00,-0.059
237.40,FINAL,71.30,66.74,22.15,1.88,13.4,0.5,-5.1,-0.4,-1426,0.43,0.000,0.025,1.00,,8,906,0,781,0,-2.94,25.3,1.00,-0.059
237.50,FINAL,71.49,66.93,22.05,1.87,13.5,0.5,-5.1,-0.4,-1424,0.43,0.000,0.026,1.00,,8,904,0,779,0,-3.00,25.3,1.00,-0.059
237.60,FINAL,71.68,67.12,21.96,1.85,13.5,0.5,-5.1,-0.5,-1422,0.45,0.000,0.026,1.00,,9,902,0,777,0,-3.00,25.3,1.00,-0.059
237.70,FINAL,71.86,67.31,21.87,1.84,13.5,0.5,-5.1,-0.5,-1420,0.46,0.000,0.026,1.00,,9,900,0,775,0,-3.00,25.3,1.00,-0.059
237.80,FINAL,72.05,67.50,21.78,1.82,13.5,0.5,-5.1,-0.5,-1419,0.47,0.000,0.026,1.00,,9,899,0,774,1,-3.00,25.3,1.00,-0.059
237.90,FINAL,72.23,67.69,21.70,1.79,13.5,0.6,-5.1,-0.5,-1417,0.49,0.000,0.026,1.00,,9,897,0,772,1,-3.00,25.3,1.00,-0.059
238.00,FINAL,72.40,67.87,21.62,1.77,13.5,0.6,-5.1,-0.6,-1415,0.50,0.000,0.026,1.00,,10,895,0,770,1,-3.00,25.3,1.00,-0.059
238.10,FINAL,72.58,68.06,21.54,1.75,13.5,0.6,-5.1,-0.6,-1413,0.51,0.000,0.027,1.00,,10,893,0,768,1,-3.00,25.3,1.00,-0.059
238.20,FINAL,72.75,68.24,21.47,1.72,13.5,0.6,-5.1,-0.6,-1411,0.52,0.000,0.027,1.00,,10,891,0,766,1,-3.00,25.3,1.00,-0.059
238.30,FINAL,72.93,68.42,21.41,1.69,13.5,0.6,-5.2,-0.6,-1409,0.53,0.000,0.027,1.00,,11,889,0,764,1,-3.00,25.3,1.00,-0.059
238.40,FINAL,73.09,68.59,21.34,1.67,13.5,0.6,-5.2,-0.6,-1407,0.54,0.000,0.027,1.00,,11,887,0,762,1,-3.00,25.3,1.05,-0.059
238.50,FINAL,73.26,68.76,21.28,1.64,13.5,0.6,-5.2,-0.7,-1405,0.55,0.000,0.027,1.00,,11,885,0,760,1,-3.00,25.3,1.10,-0.059
238.60,FINAL,73.42,68.93,21.23,1.62,13.5,0.6,-5.2,-0.7,-1404,0.56,0.000,0.027,1.00,,12,884,0,759,1,-3.00,25.3,1.15,-0.059
238.70,FINAL,73.58,69.10,21.17,1.59,13.5,0.6,-5.2,-0.7,-1402,0.57,0.000,0.027,1.00,,12,882,0,757,1,-3.00,25.3,1.20,-0.059
238.80,FINAL,73.74,69.26,21.12,1.56,13.4,0.6,-5.2,-0.7,-1400,0.57,0.000,0.027,1.00,,12,880,0,755,1,-3.00,25.3,1.25,-0.059
238.90,FINAL,73.90,69.42,21.07,1.53,13.4,0.6,-5.2,-0.8,-1398,0.58,0.000,0.027,1.00,,12,878,0,753,1,-3.00,25.3,1.30,-0.059
239.00,FINAL,74.05,69.58,21.03,1.51,13.4,0.6,-5.2,-0.8,-1396,0.58,0.000,0.027,1.00,,13,876,0,751,1,-3.00,25.3,1.35,-0.059
239.10,FINAL,74.20,69.73,20.98,1.48,13.3,0.6,-5.2,-0.8,-1394,0.59,0.000,0.027,1.00,,13,874,0,749,1,-3.00,25.3,1.40,-0.059
239.20,FINAL,74.35,69.88,20.94,1.45,13.3,0.6,-5.3,-0.8,-1393,0.59,0.000,0.027,1.00,,13,873,0,748,1,-3.00,25.3,1.45,-0.059
239.30,FINAL,74.49,70.03,20.90,1.42,13.3,0.6,-5.3,-0.8,-1391,0.59,0.000,0.027,1.00,,14,871,0,746,1,-3.00,25.3,1.50,-0.059
239.40,FINAL,74.63,70.18,20.86,1.39,13.2,0.6,-5.3,-0.8,-1389,0.59,0.000,0.028,1.00,,14,869,0,744,1,-3.00,25.3,1.55,-0.059
239.50,FINAL,74.77,70.32,20.83,1.35,13.1,0.6,-5.3,-0.9,-1387,0.60,0.000,0.028,1.00,,14,867,0,742,1,-3.00,25.3,1.60,-0.059
239.60,FINAL,74.90,70.46,20.79,1.32,13.1,0.6,-5.3,-0.9,-1385,0.60,0.000,0.028,1.00,,14,865,0,740,1,-3.00,25.3,1.65,-0.059
239.70,FINAL,75.03,70.60,20.76,1.29,13.0,0.6,-5.3,-0.9,-1383,0.60,0.000,0.028,1.00,,15,863,0,738,1,-3.00,25.3,1.70,-0.059
239.80,FINAL,75.16,70.74,20.73,1.25,12.9,0.6,-5.4,-0.9,-1382,0.60,0.000,0.028,1.00,,15,862,0,737,1,-3.00,25.3,1.75,-0.059
239.90,FINAL,75.29,70.87,20.71,1.21,12.8,0.6,-5.4,-0.9,-1380,0.60,0.000,0.028,1.00,,15,860,0,735,1,-3.00,25.3,1.80,-0.059
240.00,FINAL,75.41,71.00,20.68,1.17,12.8,0.6,-5.4,-0.9,-1378,0.60,0.000,0.028,1.00,,15,858,0,733,1,-3.00,25.3,1.85,-0.059
240.10,FINAL,75.52,71.12,20.66,1.13,12.7,0.6,-5.4,-1.0,-1376,0.60,0.000,0.028,1.00,,16,856,0,731,1,-3.00,25.3,1.90,-0.059
240.20,FINAL,75.63,71.25,20.63,1.09,12.6,0.6,-5.4,-1.0,-1374,0.60,0.000,0.028,1.00,,16,854,0,729,1,-3.00,25.3,1.95,-0.059
240.30,FINAL,75.74,71.36,20.61,1.05,12.5,0.6,-5.5,-1.0,-1373,0.60,0.000,0.028,1.00,,16,853,0,728,1,-3.00,25.3,2.00,-0.059
240.40,FINAL,75.85,71.48,20.60,1.01,12.3,0.6,-5.5,-1.0,-1371,0.60,0.000,0.028,1.00,,16,851,0,726,1,-3.00,25.3,2.00,-0.059
240.50,FINAL,75.94,71.59,20.58,0.96,12.2,0.6,-5.5,-1.0,-1369,0.60,0.000,0.028,1.00,,17,849,0,724,1,-3.00,25.3,2.00,-0.059
240.60,FINAL,76.04,71.70,20.57,0.92,12.1,0.6,-5.5,-1.0,-1367,0.60,0.000,0.028,1.00,,17,847,0,722,1,-3.00,25.3,2.00,-0.059
240.70,FINAL,76.13,71.80,20.56,0.87,12.0,0.6,-5.6,-1.0,-1366,0.60,0.000,0.028,1.00,,17,846,0,721,1,-3.00,25.3,2.00,-0.059
240.80,FINAL,76.22,71.90,20.55,0.83,11.9,0.6,-5.6,-1.0,-1364,0.60,0.000,0.028,1.00,,17,844,0,719,1,-3.00,25.3,2.00,-0.059
240.90,FINAL,76.30,72.00,20.54,0.78,11.7,0.6,-5.6,-1.0,-1362,0.60,0.000,0.028,1.00,,17,842,0,717,1,-3.00,25.3,2.00,-0.059
241.00,FINAL,76.37,72.09,20.54,0.73,11.6,0.6,-5.6,-1.1,-1360,0.60,0.000,0.028,1.00,,18,840,0,715,1,-3.00,25.3,2.00,-0.059
241.10,FINAL,76.44,72.18,20.54,0.68,11.4,0.6,-5.7,-1.1,-1358,0.60,0.000,0.028,1.00,,18,838,0,713,1,-3.00,25.3,2.00,-0.059
241.20,FINAL,76.51,72.27,20.54,0.63,11.3,0.6,-5.7,-1.1,-1357,0.60,0.000,0.028,1.00,,18,837,0,712,1,-3.00,25.3,2.00,-0.059
241.30,FINAL,76.57,72.35,20.54,0.59,11.2,0.6,-5.7,-1.1,-1355,0.60,0.000,0.028,1.00,,18,835,0,710,1,-3.00,25.3,2.00,-0.059
241.40,FINAL,76.63,72.43,20.55,0.54,11.0,0.6,-5.7,-1.1,-1353,0.61,0.000,0.028,1.00,,18,833,0,708,1,-3.00,25.3,2.00,-0.059
241.50,FINAL,76.68,72.50,20.55,0.49,10.9,0.6,-5.8,-1.1,-1351,0.61,0.000,0.028,1.00,,18,831,0,706,1,-3.00,25.3,2.00,-0.059
241.60,FINAL,76.73,72.57,20.56,0.44,10.8,0.6,-5.8,-1.1,-1350,0.61,0.000,0.028,1.00,,19,830,0,705,1,-3.00,25.3,2.00,-0.059
241.70,FINAL,76.77,72.63,20.58,0.40,10.6,0.5,-5.8,-1.1,-1348,0.61,0.000,0.028,1.00,,19,828,0,703,1,-3.00,25.3,2.00,-0.059
241.80,FINAL,76.81,72.70,20.59,0.35,10.5,0.5,-5.8,-1.1,-1346,0.61,0.000,0.028,1.00,,19,826,0,701,1,-3.00,25.3,2.00,-0.059
241.90,FINAL,76.84,72.76,20.61,0.31,10.3,0.5,-5.8,-1.1,-1344,0.61,0.000,0.028,1.00,,19,824,0,699,1,-3.00,25.3,2.00,-0.059
242.00,FINAL,76.87,72.81,20.63,0.26,10.2,0.5,-5.9,-1.1,-1342,0.61,0.000,0.028,1.00,,19,822,0,697,1,-3.00,25.3,2.00,-0.059
242.10,FINAL,76.90,72.86,20.65,0.22,10.1,0.5,-5.9,-1.1,-1341,0.61,0.000,0.028,1.00,,19,821,0,696,1,-3.00,25.3,2.00,-0.059
242.20,FINAL,76.92,72.91,20.67,0.18,9.9,0.5,-5.9,-1.1,-1339,0.61,0.000,0.028,1.00,,20,819,0,694,1,-3.00,25.3,2.00,-0.059
242.30,FINAL,76.93,72.95,20.70,0.14,9.8,0.5,-5.9,-1.1,-1337,0.61,0.000,0.028,1.00,,20,817,0,692,1,-3.00,25.3,2.00,-0.059
242.40,FINAL,76.95,72.99,20.73,0.10,9.7,0.5,-6.0,-1.1,-1335,0.61,0.000,0.028,1.00,,20,815,0,690,1,-3.00,25.3,2.00,-0.059
242.50,FINAL,76.96,73.03,20.76,0.06,9.6,0.4,-6.0,-1.1,-1333,0.61,0.000,0.028,1.00,,20,813,0,688,1,-3.00,25.3,2.00,-0.059
242.60,FINAL,76.96,73.06,20.79,0.02,9.5,0.4,-6.0,-1.1,-1332,0.61,0.000,0.028,1.00,,20,812,0,687,1,-3.00,25.3,2.00,-0.059
242.70,FINAL,76.96,73.09,20.82,-0.01,9.3,0.4,-6.0,-1.1,-1330,0.61,0.000,0.028,1.00,,20,810,0,685,1,-3.00,25.3,2.00,-0.059
242.80,FINAL,76.96,73.11,20.85,-0.05,9.2,0.4,-6.0,-1.1,-1328,0.61,0.000,0.027,1.00,,20,808,0,683,1,-3.00,25.3,2.00,-0.059
242.90,FINAL,76.95,73.13,20.88,-0.08,9.1,0.4,-6.1,-1.0,-1326,0.60,0.000,0.027,1.00,,21,806,0,681,1,-3.00,25.3,2.00,-0.059
243.00,FINAL,76.94,73.15,20.92,-0.11,9.0,0.4,-6.1,-1.0,-1324,0.60,0.000,0.027,1.00,,21,804,0,679,1,-3.00,25.3,2.00,-0.059
243.10,FINAL,76.93,73.17,20.95,-0.14,8.9,0.3,-6.1,-1.0,-1323,0.60,0.000,0.027,1.00,,21,803,0,678,1,-3.00,25.3,2.00,-0.059
243.20,FINAL,76.92,73.18,20.99,-0.17,8.8,0.3,-6.1,-1.0,-1321,0.60,0.000,0.027,1.00,,21,801,0,676,1,-3.00,25.3,2.00,-0.059
243.30,FINAL,76.90,73.19,21.03,-0.20,8.7,0.3,-6.1,-1.0,-1319,0.59,0.000,0.027,1.00,,21,799,0,674,1,-3.00,25.3,2.00,-0.059
243.40,FINAL,76.88,73.20,21.06,-0.22,8.6,0.3,-6.1,-1.0,-1317,0.59,0.000,0.027,1.00,,21,797,0,672,1,-3.00,25.3,2.00,-0.059
243.50,FINAL,76.86,73.21,21.10,-0.25,8.6,0.3,-6.2,-1.0,-1315,0.59,0.000,0.027,1.00,,21,795,0,670,1,-3.00,25.3,2.00,-0.059
243.60,FINAL,76.83,73.21,21.13,-0.27,8.5,0.2,-6.2,-1.0,-1313,0.58,0.000,0.027,1.00,,21,793,0,668,1,-3.00,25.3,2.00,-0.059
243.70,FINAL,76.80,73.21,21.17,-0.29,8.4,0.2,-6.2,-1.0,-1312,0.57,0.000,0.027,1.00,,21,792,0,667,1,-3.00,25.3,2.00,-0.059
243.80,FINAL,76.77,73.21,21.20,-0.32,8.3,0.2,-6.2,-0.9,-1310,0.57,0.000,0.027,1.00,,21,790,0,665,1,-3.00,25.3,2.00,-0.059
243.90,FINAL,76.74,73.21,21.24,-0.34,8.2,0.2,-6.2,-0.9,-1308,0.56,0.000,0.027,1.00,,22,788,0,663,1,-3.00,25.3,2.00,-0.059
244.00,FINAL,76.71,73.21,21.27,-0.36,8.2,0.2,-6.2,-0.9,-1306,0.56,0.000,0.026,1.00,,22,786,0,661,1,-3.00,25.3,2.00,-0.059
244.10,FINAL,76.67,73.20,21.31,-0.38,8.1,0.2,-6.3,-0.9,-1304,0.55,0.000,0.026,1.00,,22,784,0,659,1,-3.00,25.3,2.00,-0.059
244.20,FINAL,76.63,73.19,21.34,-0.40,8.0,0.2,-6.3,-0.9,-1302,0.55,0.000,0.026,1.00,,22,782,0,657,1,-3.00,25.3,2.00,-0.059
244.30,FINAL,76.59,73.18,21.37,-0.42,7.9,0.1,-6.3,-0.9,-1300,0.54,0.000,0.026,1.00,,22,780,0,655,1,-3.00,25.3,2.00,-0.059
244.40,FINAL,76.55,73.17,21.41,-0.44,7.9,0.1,-6.3,-0.8,-1299,0.54,0.000,0.026,1.00,,22,779,0,654,1,-3.00,25.3,1.98,-0.059
244.50,FINAL,76.50,73.16,21.44,-0.46,7.8,0.1,-6.3,-0.8,-1297,0.53,0.000,0.026,1.00,,22,777,0,652,1,-3.00,25.3,1.93,-0.059
244.60,FINAL,76.46,73.15,21.47,-0.48,7.7,0.1,-6.3,-0.8,-1295,0.53,0.000,0.026,1.00,,22,775,0,650,1,-3.00,25.3,1.88,-0.059
244.70,FINAL,76.41,73.13,21.50,-0.50,7.6,0.1,-6.3,-0.8,-1293,0.52,0.000,0.026,1.00,,22,773,0,648,1,-3.00,25.3,1.83,-0.059
244.80,FINAL,76.36,73.11,21.53,-0.52,7.6,0.1,-6.3,-0.8,-1291,0.52,0.000,0.026,1.00,,22,771,0,646,1,-3.00,25.3,1.78,-0.059
244.90,FINAL,76.30,73.10,21.56,-0.53,7.5,0.1,-6.4,-0.7,-1289,0.52,0.000,0.026,1.00,,22,769,0,644,1,-3.00,25.3,1.73,-0.059
245.00,FINAL,76.25,73.08,21.59,-0.55,7.5,0.1,-6.4,-0.7,-1287,0.51,0.000,0.026,1.00,,23,767,0,642,1,-3.00,25.3,1.68,-0.059
245.10,FINAL,76.19,73.06,21.62,-0.57,7.4,0.0,-6.4,-0.7,-1285,0.51,0.000,0.026,1.00,,23,765,0,640,1,-3.00,25.3,1.63,-0.059
245.20,FINAL,76.14,73.04,21.65,-0.58,7.3,0.0,-6.4,-0.7,-1284,0.50,0.000,0.026,1.00,,23,764,0,639,1,-3.00,25.3,1.58,-0.059
245.30,FINAL,76.08,73.02,21.68,-0.60,7.3,0.0,-6.4,-0.7,-1282,0.50,0.000,0.026,1.00,,23,762,0,637,1,-3.00,25.3,1.53,-0.059
245.40,FINAL,76.02,72.99,21.71,-0.61,7.2,0.0,-6.4,-0.6,-1280,0.49,0.000,0.026,1.00,,23,760,0,635,1,-3.00,25.3,1.48,-0.059
245.50,FINAL,75.96,72.97,21.74,-0.62,7.2,-0.0,-6.4,-0.6,-1278,0.49,0.000,0.026,1.00,,23,758,0,633,1,-3.00,25.3,1.43,-0.059
245.60,FINAL,75.89,72.95,21.76,-0.64,7.2,-0.0,-6.4,-0.6,-1276,0.49,0.000,0.026,1.00,,23,756,0,631,1,-3.00,25.3,1.38,-0.059
245.70,FINAL,75.83,72.92,21.79,-0.65,7.1,-0.0,-6.4,-0.6,-1274,0.48,0.000,0.026,1.00,,23,754,0,629,1,-3.00,25.3,1.33,-0.059
245.80,FINAL,75.77,72.90,21.81,-0.66,7.1,-0.0,-6.4,-0.5,-1272,0.48,0.000,0.026,1.00,,23,752,0,627,1,-3.00,25.3,1.28,-0.059
245.90,FINAL,75.70,72.87,21.84,-0.67,7.0,-0.1,-6.4,-0.5,-1270,0.47,0.000,0.026,1.00,,23,750,0,625,1,-3.00,25.3,1.23,-0.059
246.00,FINAL,75.63,72.85,21.86,-0.68,7.0,-0.1,-6.4,-0.5,-1268,0.47,0.000,0.026,1.00,,23,748,0,623,0,-3.00,25.3,1.18,-0.059
246.10,FINAL,75.56,72.82,21.89,-0.69,7.0,-0.1,-6.4,-0.5,-1266,0.47,0.000,0.026,1.00,,23,746,0,621,0,-3.00,25.3,1.13,-0.059
246.20,FINAL,75.49,72.79,21.91,-0.70,7.0,-0.1,-6.4,-0.5,-1265,0.46,0.000,0.025,1.00,,23,745,0,620,0,-3.00,25.3,1.08,-0.059
246.30,FINAL,75.42,72.76,21.93,-0.71,6.9,-0.1,-6.4,-0.4,-1263,0.46,0.000,0.025,1.00,,23,743,0,618,0,-3.00,25.3,1.03,-0.059
246.40,FINAL,75.35,72.74,21.95,-0.71,6.9,-0.1,-6.4,-0.4,-1261,0.46,0.000,0.025,1.00,,24,741,0,616,0,-3.00,25.3,1.00,-0.059
246.50,FINAL,75.28,72.71,21.97,-0.72,6.9,-0.1,-6.4,-0.4,-1259,0.45,0.000,0.025,1.00,,24,739,0,614,0,-3.00,25.3,1.00,-0.059
246.60,FINAL,75.21,72.68,21.99,-0.72,6.9,-0.1,-6.4,-0.4,-1257,0.45,0.000,0.025,1.00,,24,737,0,612,0,-3.00,25.3,1.00,-0.059
246.70,FINAL,75.14,72.65,22.01,-0.73,6.9,-0.1,-6.4,-0.3,-1255,0.45,0.000,0.025,1.00,,24,735,0,610,0,-3.00,25.3,1.00,-0.059
246.80,FINAL,75.07,72.62,22.03,-0.73,6.9,-0.1,-6.4,-0.3,-1253,0.44,0.000,0.025,1.00,,24,733,0,608,0,-3.00,25.3,1.00,-0.059
246.90,FINAL,74.99,72.59,22.05,-0.73,6.9,-0.1,-6.4,-0.3,-1251,0.44,0.000,0.025,1.00,,24,731,0,606,0,-3.00,25.3,1.00,-0.059
247.00,FINAL,74.92,72.56,22.07,-0.73,6.9,-0.2,-6.4,-0.3,-1249,0.44,0.000,0.025,1.00,,24,729,0,604,0,-3.00,25.3,1.00,-0.059
247.10,FINAL,74.85,72.53,22.08,-0.73,6.9,-0.2,-6.4,-0.2,-1247,0.43,0.000,0.025,1.00,,24,727,0,602,0,-3.00,25.3,1.00,-0.059
247.20,FINAL,74.77,72.51,22.10,-0.73,6.9,-0.2,-6.4,-0.2,-1245,0.43,0.000,0.025,1.00,,24,725,0,600,0,-3.00,25.3,1.00,-0.059
247.30,FINAL,74.70,72.48,22.11,-0.72,6.9,-0.2,-6.4,-0.2,-1243,0.43,0.000,0.025,1.00,,24,723,0,598,0,-3.00,25.3,1.00,-0.059
247.40,FINAL,74.63,72.45,22.12,-0.72,6.9,-0.2,-6.4,-0.2,-1241,0.43,0.000,0.025,1.00,,24,721,0,596,0,-3.00,25.3,1.00,-0.059
247.50,FINAL,74.56,72.42,22.14,-0.72,6.9,-0.2,-6.4,-0.2,-1239,0.42,0.000,0.025,1.00,,24,719,0,594,0,-3.00,25.3,1.00,-0.059
247.60,FINAL,74.49,72.39,22.15,-0.71,7.0,-0.2,-6.4,-0.1,-1238,0.42,0.000,0.025,1.00,,24,718,0,593,0,-3.00,25.3,1.00,-0.059
247.70,FINAL,74.41,72.36,22.16,-0.70,7.0,-0.2,-6.4,-0.1,-1236,0.42,0.000,0.025,1.00,,24,716,0,591,0,-3.00,25.3,1.00,-0.059
247.80,FINAL,74.34,72.33,22.17,-0.69,7.0,-0.2,-6.4,-0.1,-1234,0.42,0.000,0.025,1.00,,24,714,0,589,0,-3.00,25.3,1.00,-0.059
247.90,FINAL,74.28,72.31,22.18,-0.68,7.1,-0.2,-6.4,-0.1,-1232,0.42,0.000,0.025,1.00,,24,712,0,587,0,-3.00,25.3,1.00,-0.059
248.00,FINAL,74.21,72.28,22.18,-0.67,7.1,-0.2,-6.4,-0.1,-1230,0.42,0.000,0.025,1.00,,25,710,0,585,0,-3.00,25.3,1.00,-0.059
248.10,FINAL,74.14,72.26,22.19,-0.66,7.2,-0.2,-6.4,-0.0,-1228,0.41,0.000,0.025,1.00,,25,708,0,583,0,-3.00,25.3,1.00,-0.059
248.20,FINAL,74.08,72.23,22.19,-0.65,7.2,-0.2,-6.3,-0.0,-1226,0.41,0.000,0.025,1.00,,25,706,0,581,0,-3.00,25.3,1.00,-0.059
248.30,FINAL,74.01,72.21,22.20,-0.63,7.3,-0.2,-6.3,-0.0,-1224,0.41,0.000,0.025,1.00,,25,704,0,579,0,-3.00,25.3,1.00,-0.059
248.40,FINAL,73.95,72.19,22.20,-0.61,7.3,-0.2,-6.3,0.0,-1222,0.41,0.000,0.025,1.00,,25,702,0,577,-0,-3.00,25.3,1.00,-0.059
248.50,FINAL,73.89,72.16,22.20,-0.60,7.4,-0.2,-6.3,0.0,-1220,0.41,0.000,0.025,1.00,,25,700,0,575,-0,-3.00,25.3,1.00,-0.059
248.60,FINAL,73.83,72.14,22.20,-0.58,7.5,-0.2,-6.3,0.0,-1218,0.41,0.000,0.025,1.00,,25,698,0,573,-0,-3.00,25.3,1.00,-0.059
248.70,FINAL,73.77,72.13,22.20,-0.56,7.5,-0.2,-6.3,0.1,-1216,0.41,0.000,0.025,1.00,,25,696,0,571,-0,-3.00,25.3,1.00,-0.059
248.80,FINAL,73.72,72.11,22.20,-0.54,7.5,-0.2,-6.3,0.1,-1214,0.41,0.000,0.025,1.00,,25,694,0,569,-0,-3.00,25.3,1.00,-0.059
248.90,FINAL,73.66,72.09,22.20,-0.53,7.6,-0.2,-6.3,0.1,-1212,0.41,0.000,0.025,1.00,,25,692,0,567,-0,-3.00,25.3,1.00,-0.059
249.00,FINAL,73.61,72.08,22.20,-0.51,7.6,-0.2,-6.3,0.1,-1210,0.41,0.000,0.025,1.00,,25,690,0,565,-0,-3.00,25.3,1.00,-0.059
249.10,FINAL,73.56,72.06,22.19,-0.50,7.6,-0.2,-6.3,0.1,-1208,0.41,0.000,0.025,1.00,,25,688,0,563,-0,-3.00,25.3,1.00,-0.059
249.20,FINAL,73.51,72.05,22.19,-0.48,7.6,-0.2,-6.3,0.1,-1206,0.41,0.000,0.025,1.00,,25,686,0,561,-0,-3.00,25.3,1.00,-0.059
249.30,FINAL,73.46,72.03,22.19,-0.47,7.6,-0.2,-6.2,0.2,-1204,0.41,0.000,0.025,1.00,,26,684,0,559,-0,-3.00,25.3,1.00,-0.059
249.40,FINAL,73.42,72.02,22.18,-0.46,7.6,-0.2,-6.2,0.2,-1203,0.41,0.000,0.025,1.00,,26,683,0,558,-0,-3.00,25.3,1.00,-0.059
249.50,FINAL,73.37,72.01,22.18,-0.46,7.6,-0.2,-6.2,0.2,-1201,0.41,0.000,0.025,1.00,,26,681,0,556,-0,-3.00,25.3,1.00,-0.059
249.60,FINAL,73.32,71.99,22.18,-0.45,7.6,-0.2,-6.2,0.2,-1199,0.41,0.000,0.025,1.00,,26,679,0,554,-0,-3.00,25.3,1.00,-0.059
249.70,FINAL,73.28,71.98,22.17,-0.44,7.6,-0.2,-6.2,0.2,-1197,0.41,0.000,0.025,1.00,,26,677,0,552,-0,-3.00,25.3,1.00,-0.059
249.80,FINAL,73.24,71.97,22.17,-0.44,7.6,-0.2,-6.2,0.2,-1195,0.41,0.000,0.025,1.00,,26,675,0,550,-0,-3.00,25.3,1.00,-0.059
249.90,FINAL,73.19,71.95,22.16,-0.43,7.6,-0.2,-6.2,0.2,-1193,0.41,0.000,0.025,1.00,,26,673,0,548,-0,-3.00,25.3,1.00,-0.059
250.00,FINAL,73.15,71.94,22.16,-0.43,7.6,-0.2,-6.2,0.2,-1191,0.41,0.000,0.025,1.00,,26,671,0,546,-0,-3.00,25.3,1.00,-0.059
250.10,FINAL,73.11,71.92,22.16,-0.43,7.6,-0.2,-6.2,0.2,-1189,0.41,0.000,0.025,1.00,,26,669,0,544,-0,-3.00,25.3,1.00,-0.059
250.20,FINAL,73.06,71.91,22.15,-0.43,7.6,-0.2,-6.1,0.3,-1187,0.41,0.000,0.025,1.00,,26,667,0,542,-0,-3.00,25.3,1.00,-0.059
250.30,FINAL,73.02,71.89,22.15,-0.43,7.6,-0.2,-6.1,0.3,-1185,0.41,0.000,0.025,1.00,,26,665,0,540,-0,-3.00,25.3,1.00,-0.059
250.40,FINAL,72.98,71.88,22.15,-0.43,7.6,-0.2,-6.1,0.3,-1183,0.41,0.000,0.025,1.00,,27,663,0,538,-0,-3.00,25.3,1.00,-0.059
250.50,FINAL,72.94,71.86,22.15,-0.43,7.6,-0.2,-6.1,0.3,-1181,0.41,0.000,0.025,1.00,,27,661,0,536,-0,-3.00,25.3,1.00,-0.059
250.60,FINAL,72.89,71.85,22.14,-0.43,7.6,-0.2,-6.1,0.3,-1179,0.42,0.000,0.025,1.00,,27,659,0,534,-0,-3.00,25.3,1.00,-0.059
250.70,FINAL,72.85,71.83,22.14,-0.43,7.6,-0.2,-6.1,0.3,-1177,0.42,0.000,0.025,1.00,,27,657,0,532,-0,-3.00,25.3,1.00,-0.059
250.80,FINAL,72.81,71.81,22.14,-0.43,7.6,-0.2,-6.1,0.3,-1175,0.42,0.000,0.025,1.00,,27,655,0,530,-0,-3.00,25.3,1.00,-0.059
250.90,FINAL,72.76,71.79,22.14,-0.43,7.6,-0.2,-6.1,0.3,-1173,0.42,0.000,0.026,1.00,,27,653,0,528,-0,-3.00,25.3,1.00,-0.059
251.00,FINAL,72.72,71.77,22.14,-0.44,7.5,-0.2,-6.1,0.3,-1171,0.42,0.000,0.026,1.00,,27,651,0,526,-0,-3.00,25.3,1.00,-0.059
251.10,FINAL,72.68,71.75,22.13,-0.44,7.5,-0.2,-6.0,0.3,-1169,0.42,0.000,0.026,1.00,,27,649,0,524,-0,-3.00,25.3,1.00,-0.059
251.20,FINAL,72.63,71.73,22.13,-0.44,7.5,-0.2,-6.0,0.3,-1168,0.42,0.000,0.026,1.00,,27,648,0,523,-0,-3.00,25.3,1.00,-0.059
251.30,FINAL,72.59,71.71,22.13,-0.45,7.5,-0.2,-6.0,0.3,-1166,0.42,0.000,0.026,1.00,,27,646,0,521,-0,-3.00,25.3,1.00,-0.059
251.40,FINAL,72.54,71.68,22.13,-0.45,7.5,-0.2,-6.0,0.3,-1164,0.42,0.000,0.026,1.00,,27,644,0,519,-0,-3.00,25.3,1.00,-0.059
251.50,FINAL,72.50,71.66,22.13,-0.46,7.5,-0.2,-6.0,0.3,-1162,0.42,0.000,0.026,1.00,,28,642,0,517,-0,-3.00,25.3,1.00,-0.059
251.60,FINAL,72.45,71.64,22.13,-0.46,7.5,-0.2,-6.0,0.3,-1160,0.42,0.000,0.026,1.00,,28,640,0,515,-0,-3.00,25.3,1.00,-0.059
251.70,FINAL,72.40,71.61,22.13,-0.47,7.4,-0.2,-6.0,0.3,-1158,0.42,0.000,0.026,1.00,,28,638,0,513,-0,-3.00,25.3,1.00,-0.059
251.80,FINAL,72.36,71.59,22.13,-0.47,7.4,-0.2,-6.0,0.3,-1156,0.42,0.000,0.026,1.00,,28,636,0,511,-0,-3.00,25.3,1.00,-0.059
251.90,FINAL,72.31,71.56,22.14,-0.48,7.4,-0.2,-6.0,0.3,-1154,0.42,0.000,0.026,1.00,,28,634,0,509,-0,-3.00,25.3,1.00,-0.059
252.00,FINAL,72.26,71.54,22.14,-0.49,7.4,-0.2,-5.9,0.3,-1152,0.42,0.000,0.026,1.00,,28,632,0,507,-0,-3.00,25.3,1.00,-0.059
252.10,FINAL,72.21,71.51,22.14,-0.49,7.4,-0.2,-5.9,0.3,-1150,0.42,0.000,0.026,1.00,,28,630,0,505,-0,-3.00,25.3,1.00,-0.059
252.20,FINAL,72.16,71.48,22.14,-0.50,7.3,-0.2,-5.9,0.3,-1148,0.42,0.000,0.026,1.00,,28,628,0,503,-0,-3.00,25.3,1.00,-0.059
252.30,FINAL,72.11,71.45,22.14,-0.50,7.3,-0.1,-5.9,0.3,-1146,0.42,0.000,0.026,1.00,,28,626,0,501,-0,-3.00,25.3,1.00,-0.059
252.40,FINAL,72.06,71.42,22.14,-0.51,7.3,-0.1,-5.9,0.3,-1144,0.42,0.000,0.026,1.00,,28,624,0,499,-0,-3.00,25.3,1.00,-0.059
252.50,FINAL,72.01,71.39,22.15,-0.52,7.3,-0.1,-5.9,0.3,-1142,0.42,0.000,0.026,1.00,,28,622,0,497,-0,-3.00,25.3,1.00,-0.059
252.60,FINAL,71.96,71.36,22.15,-0.52,7.3,-0.1,-5.9,0.3,-1140,0.42,0.000,0.026,1.00,,29,620,0,495,-0,-3.00,25.3,1.00,-0.059
252.70,FINAL,71.91,71.33,22.15,-0.53,7.3,-0.1,-5.9,0.3,-1138,0.41,0.000,0.026,1.00,,29,618,0,493,-0,-3.00,25.3,1.00,-0.059
252.80,FINAL,71.86,71.30,22.15,-0.53,7.2,-0.1,-5.9,0.3,-1136,0.41,0.000,0.026,1.00,,29,616,0,491,-0,-3.00,25.3,1.00,-0.059
252.90,FINAL,71.80,71.27,22.16,-0.54,7.2,-0.1,-5.9,0.3,-1135,0.41,0.000,0.026,1.00,,29,615,0,490,-0,-3.00,25.3,1.00,-0.059
253.00,FINAL,71.75,71.24,22.16,-0.55,7.2,-0.1,-5.8,0.3,-1133,0.41,0.000,0.026,1.00,,29,613,0,488,-0,-3.00,25.3,1.00,-0.059
253.10,FINAL,71.69,71.21,22.16,-0.55,7.2,-0.1,-5.8,0.3,-1131,0.41,0.000,0.026,1.00,,29,611,0,486,-0,-3.00,25.3,1.00,-0.059
253.20,FINAL,71.64,71.18,22.17,-0.56,7.2,-0.1,-5.8,0.3,-1129,0.41,0.000,0.026,1.00,,29,609,0,484,-0,-3.00,25.3,1.00,-0.059
253.30,FINAL,71.58,71.14,22.17,-0.56,7.2,-0.1,-5.8,0.3,-1127,0.41,0.000,0.026,1.00,,29,607,0,482,-0,-3.00,25.3,1.00,-0.059
253.40,FINAL,71.52,71.11,22.17,-0.57,7.1,-0.1,-5.8,0.3,-1125,0.41,0.000,0.026,1.00,,29,605,0,480,-0,-3.00,25.3,1.00,-0.059
253.50,FINAL,71.47,71.07,22.18,-0.58,7.1,-0.1,-5.8,0.3,-1123,0.41,0.000,0.026,1.00,,29,603,0,478,-0,-3.00,25.3,1.00,-0.059
253.60,FINAL,71.41,71.04,22.18,-0.58,7.1,-0.1,-5.8,0.3,-1121,0.41,0.000,0.026,1.00,,29,601,0,476,-0,-3.00,25.3,1.00,-0.059
253.70,FINAL,71.35,71.00,22.18,-0.59,7.1,-0.1,-5.8,0.3,-1119,0.41,0.000,0.026,1.00,,29,599,0,474,-0,-3.00,25.3,1.00,-0.059
253.80,FINAL,71.29,70.96,22.19,-0.59,7.1,-0.1,-5.8,0.3,-1117,0.41,0.000,0.026,1.00,,30,597,0,472,-0,-3.00,25.3,1.00,-0.059
253.90,FINAL,71.23,70.93,22.19,-0.60,7.1,-0.1,-5.8,0.3,-1115,0.41,0.000,0.026,1.00,,30,595,0,470,-0,-3.00,25.3,1.00,-0.059
254.00,FINAL,71.17,70.89,22.19,-0.60,7.1,-0.1,-5.8,0.3,-1113,0.41,0.000,0.026,1.00,,30,593,0,468,-0,-3.00,25.3,1.00,-0.059
254.10,FINAL,71.11,70.85,22.20,-0.61,7.0,-0.1,-5.7,0.3,-1111,0.41,0.000,0.026,1.00,,30,591,0,466,-0,-3.00,25.3,1.00,-0.059
254.20,FINAL,71.05,70.81,22.20,-0.61,7.0,-0.1,-5.7,0.3,-1109,0.41,0.000,0.026,1.00,,30,589,0,464,-0,-3.00,25.3,1.00,-0.059
254.30,FINAL,70.99,70.77,22.21,-0.61,7.0,-0.1,-5.7,0.3,-1107,0.41,0.000,0.026,1.00,,30,587,0,462,-0,-3.00,25.3,1.00,-0.059
254.40,FINAL,70.93,70.72,22.21,-0.62,7.0,-0.1,-5.7,0.3,-1105,0.41,0.000,0.026,1.00,,30,585,0,460,-0,-3.00,25.3,1.00,-0.059
254.50,FINAL,70.87,70.68,22.21,-0.62,7.0,-0.1,-5.7,0.3,-1103,0.40,0.000,0.026,1.00,,30,583,0,458,-0,-3.00,25.3,1.00,-0.059
254.60,FINAL,70.80,70.64,22.22,-0.63,7.0,-0.0,-5.7,0.3,-1101,0.40,0.000,0.026,1.00,,30,581,0,456,-0,-3.00,25.3,1.00,-0.059
254.70,FINAL,70.74,70.59,22.22,-0.63,7.0,-0.0,-5.7,0.3,-1099,0.40,0.000,0.026,1.00,,30,579,0,454,-0,-3.00,25.3,1.00,-0.059
254.80,FINAL,70.68,70.55,22.22,-0.63,7.0,-0.0,-5.7,0.3,-1098,0.40,0.000,0.026,1.00,,30,578,0,453,-0,-3.00,25.3,1.00,-0.059
254.90,FINAL,70.62,70.50,22.23,-0.64,7.0,-0.0,-5.7,0.2,-1096,0.40,0.000,0.026,1.00,,30,576,0,451,-0,-3.00,25.3,1.00,-0.059
255.00,FINAL,70.55,70.45,22.23,-0.64,7.0,-0.0,-5.7,0.2,-1094,0.40,0.000,0.026,1.00,,30,574,0,449,-0,-3.00,25.3,1.00,-0.059
255.10,FINAL,70.49,70.40,22.24,-0.64,7.0,-0.0,-5.7,0.2,-1092,0.40,0.000,0.026,1.00,,30,572,0,447,-0,-3.00,25.3,1.00,-0.059
255.20,FINAL,70.42,70.35,22.24,-0.64,7.0,-0.0,-5.7,0.2,-1090,0.40,0.000,0.026,1.00,,31,570,0,445,-0,-3.00,25.3,1.00,-0.059
255.30,FINAL,70.36,70.30,22.24,-0.64,7.0,-0.0,-5.7,0.2,-1088,0.40,0.000,0.026,1.00,,31,568,0,443,-0,-3.00,25.3,1.00,-0.059
255.40,FINAL,70.30,70.25,22.24,-0.64,7.0,-0.0,-5.7,0.2,-1086,0.40,0.000,0.026,1.00,,31,566,0,441,-0,-3.00,25.3,1.00,-0.059
255.50,FINAL,70.23,70.20,22.25,-0.64,7.0,-0.0,-5.7,0.2,-1084,0.40,0.000,0.026,1.00,,31,564,0,439,-0,-3.00,25.3,1.00,-0.059
255.60,FINAL,70.17,70.14,22.25,-0.64,7.0,-0.0,-5.6,0.2,-1082,0.40,0.000,0.026,1.00,,31,562,0,437,-0,-3.00,25.3,1.00,-0.059
255.70,FINAL,70.10,70.09,22.25,-0.64,7.0,0.0,-5.6,0.2,-1080,0.40,0.000,0.026,1.00,,31,560,0,435,-0,-3.00,25.3,1.00,-0.059
255.80,FINAL,70.04,70.03,22.25,-0.64,7.0,0.0,-5.6,0.2,-1078,0.40,0.000,0.026,1.00,,31,558,0,433,-0,-3.00,25.3,1.00,-0.059
255.90,FINAL,69.97,69.98,22.26,-0.64,7.0,0.0,-5.6,0.2,-1076,0.40,0.000,0.026,1.00,,31,556,0,431,-0,-3.00,25.3,1.00,-0.059
256.00,FINAL,69.91,69.92,22.26,-0.64,7.0,0.0,-5.6,0.2,-1074,0.40,0.000,0.026,1.00,,31,554,0,429,-0,-3.00,25.3,1.00,-0.059
256.10,FINAL,69.85,69.86,22.26,-0.64,7.0,0.0,-5.6,0.2,-1072,0.40,0.000,0.026,1.00,,31,552,0,427,-0,-3.00,25.3,1.00,-0.059
256.20,FINAL,69.78,69.80,22.26,-0.64,7.0,0.0,-5.6,0.2,-1070,0.40,0.000,0.026,1.00,,31,550,0,425,-0,-3.00,25.3,1.00,-0.059
256.30,FINAL,69.72,69.74,22.26,-0.63,7.1,0.0,-5.6,0.1,-1068,0.40,0.000,0.026,1.00,,31,548,0,423,-0,-3.00,25.3,1.00,-0.059
256.40,FINAL,69.66,69.69,22.26,-0.63,7.1,0.0,-5.6,0.1,-1066,0.39,0.000,0.026,1.00,,31,546,0,421,-0,-3.00,25.3,1.00,-0.059
256.50,FINAL,69.59,69.63,22.26,-0.63,7.1,0.0,-5.6,0.1,-1064,0.39,0.000,0.026,1.00,,31,544,0,419,-0,-3.00,25.3,1.00,-0.059
256.60,FINAL,69.53,69.57,22.26,-0.62,7.1,0.0,-5.6,0.1,-1062,0.39,0.000,0.026,1.00,,32,542,0,417,-0,-3.00,25.3,1.00,-0.059
256.70,FINAL,69.47,69.51,22.26,-0.62,7.1,0.0,-5.6,0.1,-1060,0.39,0.000,0.026,1.00,,32,540,0,415,-0,-3.00,25.3,1.00,-0.059
256.80,FINAL,69.41,69.45,22.26,-0.61,7.2,0.1,-5.6,0.1,-1058,0.39,0.000,0.026,1.00,,32,538,0,413,-0,-3.00,25.3,1.00,-0.059
256.90,FINAL,69.35,69.39,22.26,-0.60,7.2,0.1,-5.6,0.1,-1056,0.39,0.000,0.026,1.00,,32,536,0,411,-0,-3.00,25.3,1.00,-0.059
257.00,FINAL,69.29,69.33,22.26,-0.60,7.2,0.1,-5.6,0.1,-1055,0.39,0.000,0.026,1.00,,32,535,0,410,-0,-3.00,25.3,1.00,-0.059
257.10,FINAL,69.23,69.27,22.26,-0.59,7.2,0.1,-5.6,0.1,-1053,0.39,0.000,0.026,1.00,,32,533,0,408,-0,-3.00,25.3,1.00,-0.059
257.20,FINAL,69.17,69.21,22.25,-0.58,7.3,0.1,-5.6,0.1,-1051,0.39,0.000,0.026,1.00,,32,531,0,406,-0,-3.00,25.3,1.00,-0.059
257.30,FINAL,69.11,69.15,22.25,-0.57,7.3,0.1,-5.6,0.1,-1049,0.39,0.000,0.026,1.00,,32,529,0,404,-0,-3.00,25.3,1.00,-0.059
257.40,FINAL,69.05,69.09,22.25,-0.56,7.4,0.1,-5.6,0.1,-1047,0.39,0.000,0.026,1.00,,32,527,0,402,-0,-3.00,25.3,1.00,-0.059
257.50,FINAL,69.00,69.03,22.24,-0.55,7.4,0.1,-5.6,0.1,-1045,0.39,0.000,0.026,1.00,,32,525,0,400,-0,-3.00,25.3,1.00,-0.059
257.60,FINAL,68.94,68.97,22.24,-0.54,7.4,0.1,-5.6,0.0,-1043,0.40,0.000,0.026,1.00,,32,523,0,398,-0,-3.00,25.3,1.00,-0.059
257.70,FINAL,68.89,68.91,22.23,-0.53,7.5,0.1,-5.6,0.0,-1041,0.40,0.000,0.026,1.00,,32,521,0,396,-0,-3.00,25.3,1.00,-0.059
257.80,FINAL,68.84,68.86,22.23,-0.52,7.5,0.1,-5.6,0.0,-1039,0.40,0.000,0.026,1.00,,33,519,0,394,-0,-3.00,25.3,1.00,-0.059
257.90,FINAL,68.78,68.80,22.22,-0.51,7.6,0.1,-5.6,0.0,-1037,0.40,0.000,0.026,1.00,,33,517,0,392,-0,-3.00,25.3,1.00,-0.059
258.00,FINAL,68.73,68.75,22.22,-0.49,7.6,0.1,-5.6,0.0,-1035,0.40,0.000,0.026,1.00,,33,515,0,390,-0,-3.00,25.3,1.00,-0.059
258.10,FINAL,68.69,68.70,22.21,-0.48,7.7,0.1,-5.6,0.0,-1033,0.40,0.000,0.026,1.00,,33,513,0,388,-0,-3.00,25.3,1.00,-0.059
258.20,FINAL,68.64,68.65,22.20,-0.46,7.8,0.1,-5.6,-0.0,-1031,0.40,0.000,0.026,1.00,,33,511,0,386,0,-3.00,25.3,1.00,-0.059
258.30,FINAL,68.59,68.60,22.19,-0.45,7.8,0.1,-5.6,-0.0,-1029,0.40,0.000,0.026,1.00,,33,509,0,384,0,-3.00,25.3,1.00,-0.059
258.40,FINAL,68.55,68.55,22.19,-0.43,7.9,0.1,-5.6,-0.0,-1027,0.40,0.000,0.026,1.00,,33,507,0,382,0,-3.00,25.3,1.00,-0.059
258.50,FINAL,68.51,68.51,22.18,-0.41,7.9,0.1,-5.6,-0.0,-1025,0.40,0.000,0.026,1.00,,33,505,0,380,0,-3.00,25.3,1.00,-0.059
258.60,FINAL,68.47,68.47,22.17,-0.39,8.0,0.1,-5.6,-0.0,-1023,0.40,0.000,0.026,1.00,,33,503,0,378,0,-3.00,25.3,1.00,-0.059
258.70,FINAL,68.43,68.43,22.16,-0.38,8.0,0.1,-5.6,-0.0,-1021,0.40,0.000,0.026,1.00,,33,501,0,376,0,-3.00,25.3,1.00,-0.059
258.80,FINAL,68.39,68.39,22.14,-0.36,8.1,0.1,-5.6,-0.1,-1019,0.40,0.000,0.026,1.00,,33,499,0,374,0,-3.00,25.3,1.00,-0.059
258.90,FINAL,68.35,68.36,22.13,-0.34,8.1,0.1,-5.6,-0.1,-1017,0.41,0.000,0.026,1.00,,34,497,0,372,0,-3.00,25.3,1.00,-0.059
259.00,FINAL,68.32,68.33,22.12,-0.33,8.1,0.2,-5.6,-0.1,-1016,0.41,0.000,0.026,1.00,,34,496,0,371,0,-3.00,25.3,1.00,-0.059
259.10,FINAL,68.29,68.30,22.11,-0.32,8.2,0.2,-5.6,-0.1,-1014,0.41,0.000,0.026,1.00,,34,494,0,369,0,-3.00,25.3,1.00,-0.059
259.20,FINAL,68.26,68.27,22.10,-0.31,8.2,0.2,-5.6,-0.1,-1012,0.41,0.000,0.026,1.00,,34,492,0,367,0,-3.00,25.3,1.00,-0.059
259.30,FINAL,68.23,68.24,22.09,-0.29,8.2,0.2,-5.6,-0.1,-1010,0.41,0.000,0.026,1.00,,34,490,0,365,0,-3.00,25.3,1.00,-0.059
259.40,FINAL,68.20,68.22,22.08,-0.28,8.2,0.2,-5.6,-0.1,-1008,0.41,0.000,0.026,1.00,,34,488,0,363,0,-3.00,25.3,1.00,-0.059
259.50,FINAL,68.17,68.19,22.07,-0.27,8.3,0.2,-5.6,-0.1,-1006,0.41,0.000,0.026,1.00,,34,486,0,361,0,-3.00,25.3,1.00,-0.059
259.60,FINAL,68.14,68.17,22.06,-0.27,8.3,0.2,-5.6,-0.1,-1004,0.42,0.000,0.026,1.00,,34,484,0,359,0,-3.00,25.3,1.00,-0.059
259.70,FINAL,68.12,68.15,22.05,-0.26,8.3,0.2,-5.6,-0.1,-1002,0.42,0.000,0.026,1.00,,34,482,0,357,0,-3.00,25.3,1.00,-0.059
259.80,FINAL,68.09,68.13,22.03,-0.25,8.3,0.2,-5.6,-0.1,-1000,0.42,0.000,0.026,1.00,,34,480,0,355,0,-3.00,25.3,1.00,-0.059
259.90,FINAL,68.06,68.11,22.02,-0.25,8.3,0.2,-5.6,-0.1,-998,0.42,0.000,0.026,1.00,,35,478,0,353,0,-3.00,25.3,1.00,-0.059
260.00,FINAL,68.04,68.09,22.01,-0.24,8.3,0.2,-5.6,-0.2,-996,0.42,0.000,0.026,1.00,,35,476,0,351,0,-3.00,25.3,1.00,-0.059
260.10,FINAL,68.02,68.07,22.00,-0.24,8.3,0.2,-5.6,-0.2,-994,0.42,0.000,0.026,1.00,,35,474,0,349,0,-3.00,25.3,1.00,-0.059
260.20,FINAL,67.99,68.05,21.99,-0.23,8.4,0.2,-5.6,-0.2,-992,0.42,0.000,0.026,1.00,,35,472,0,347,0,-3.00,25.3,1.00,-0.059
260.30,FINAL,67.97,68.03,21.98,-0.23,8.4,0.2,-5.6,-0.2,-990,0.43,0.000,0.026,1.00,,35,470,0,345,0,-3.00,25.3,1.00,-0.059
260.40,FINAL,67.95,68.02,21.98,-0.23,8.4,0.2,-5.6,-0.2,-988,0.43,0.000,0.026,1.00,,35,468,0,343,0,-3.00,25.3,1.00,-0.059
260.50,FINAL,67.92,68.00,21.97,-0.22,8.4,0.2,-5.6,-0.2,-986,0.43,0.000,0.026,1.00,,35,466,0,341,0,-3.00,25.3,1.00,-0.059
260.60,FINAL,67.90,67.98,21.96,-0.22,8.4,0.2,-5.6,-0.2,-985,0.43,0.000,0.026,1.00,,35,465,0,340,0,-3.00,25.3,1.00,-0.059
260.70,FINAL,67.88,67.97,21.95,-0.22,8.4,0.2,-5.6,-0.2,-983,0.43,0.000,0.026,1.00,,35,463,0,338,0,-3.00,25.3,1.00,-0.059
260.80,FINAL,67.86,67.95,21.94,-0.22,8.4,0.2,-5.6,-0.2,-981,0.43,0.000,0.026,1.00,,36,461,0,336,0,-3.00,25.3,1.00,-0.059
260.90,FINAL,67.84,67.94,21.93,-0.22,8.4,0.2,-5.6,-0.2,-979,0.43,0.000,0.026,1.00,,36,459,0,334,0,-3.00,25.3,1.00,-0.059
261.00,FINAL,67.81,67.92,21.93,-0.22,8.4,0.2,-5.6,-0.2,-977,0.43,0.000,0.026,1.00,,36,457,0,332,0,-3.00,25.3,1.00,-0.059
261.10,FINAL,67.79,67.91,21.92,-0.22,8.4,0.2,-5.6,-0.2,-975,0.43,0.000,0.026,1.00,,36,455,0,330,0,-3.00,25.3,1.00,-0.059
261.20,FINAL,67.77,67.90,21.91,-0.22,8.4,0.2,-5.6,-0.2,-973,0.44,0.000,0.026,1.00,,36,453,0,328,0,-3.00,25.3,1.00,-0.059
261.30,FINAL,67.75,67.88,21.91,-0.23,8.4,0.2,-5.6,-0.2,-971,0.44,0.000,0.026,1.00,,36,451,0,326,0,-3.00,25.3,1.00,-0.059
261.40,FINAL,67.73,67.87,21.90,-0.23,8.3,0.2,-5.6,-0.2,-969,0.44,0.000,0.026,1.00,,36,449,0,324,0,-3.00,25.3,1.00,-0.059
261.50,FINAL,67.70,67.85,21.90,-0.23,8.3,0.2,-5.6,-0.3,-967,0.44,0.000,0.026,1.00,,36,447,0,322,0,-3.00,25.3,1.00,-0.059
261.60,FINAL,67.68,67.84,21.89,-0.23,8.3,0.2,-5.6,-0.3,-965,0.44,0.000,0.026,1.00,,37,445,0,320,0,-3.00,25.3,1.00,-0.059
261.70,FINAL,67.66,67.82,21.89,-0.24,8.3,0.2,-5.6,-0.3,-963,0.44,0.000,0.026,1.00,,37,443,0,318,0,-3.00,25.3,1.00,-0.059
261.80,FINAL,67.63,67.81,21.88,-0.24,8.3,0.2,-5.6,-0.3,-961,0.44,0.000,0.026,1.00,,37,441,0,316,0,-3.00,25.3,1.00,-0.059
261.90,FINAL,67.61,67.79,21.88,-0.25,8.3,0.2,-5.6,-0.3,-960,0.44,0.000,0.026,1.00,,37,440,0,315,0,-3.00,25.3,1.00,-0.059
262.00,FINAL,67.58,67.78,21.87,-0.25,8.3,0.2,-5.6,-0.3,-958,0.44,0.000,0.026,1.00,,37,438,0,313,0,-3.00,25.3,1.00,-0.059
262.10,FINAL,67.56,67.76,21.87,-0.26,8.3,0.2,-5.6,-0.3,-956,0.44,0.000,0.026,1.00,,37,436,0,311,0,-3.00,25.3,1.00,-0.059
262.20,FINAL,67.53,67.74,21.87,-0.26,8.2,0.2,-5.6,-0.3,-954,0.44,0.000,0.026,1.00,,37,434,0,309,0,-3.00,25.3,1.00,-0.059
262.30,FINAL,67.51,67.73,21.87,-0.27,8.2,0.2,-5.7,-0.3,-952,0.44,0.000,0.026,1.00,,37,432,0,307,0,-3.00,25.3,1.00,-0.059
262.40,FINAL,67.48,67.71,21.86,-0.27,8.2,0.2,-5.7,-0.3,-950,0.44,0.000,0.026,1.00,,37,430,0,305,0,-3.00,25.3,1.00,-0.059
262.50,FINAL,67.45,67.69,21.86,-0.28,8.2,0.2,-5.7,-0.3,-948,0.44,0.000,0.026,1.00,,37,428,0,303,0,-3.00,25.3,1.00,-0.059
262.60,FINAL,67.42,67.67,21.86,-0.28,8.2,0.2,-5.7,-0.3,-946,0.44,0.000,0.026,1.00,,38,426,0,301,0,-3.00,25.3,1.00,-0.059
262.70,FINAL,67.39,67.65,21.86,-0.29,8.2,0.2,-5.7,-0.3,-944,0.44,0.000,0.026,1.00,,38,424,0,299,0,-3.00,25.3,1.00,-0.059
262.80,FINAL,67.37,67.64,21.86,-0.30,8.1,0.2,-5.7,-0.3,-942,0.44,0.000,0.026,1.00,,38,422,0,297,0,-3.00,25.3,1.00,-0.059
262.90,FINAL,67.34,67.62,21.86,-0.30,8.1,0.2,-5.7,-0.3,-940,0.44,0.000,0.026,1.00,,38,420,0,295,0,-3.00,25.3,1.00,-0.059
263.00,FINAL,67.30,67.60,21.86,-0.31,8.1,0.2,-5.7,-0.3,-938,0.44,0.000,0.026,1.00,,38,418,0,293,0,-3.00,25.3,1.00,-0.059
263.10,FINAL,67.27,67.58,21.86,-0.32,8.1,0.2,-5.7,-0.3,-937,0.44,0.000,0.026,1.00,,38,417,0,292,0,-3.00,25.3,1.00,-0.059
263.20,FINAL,67.24,67.56,21.86,-0.33,8.1,0.2,-5.7,-0.3,-935,0.44,0.000,0.026,1.00,,38,415,0,290,0,-3.00,25.3,1.00,-0.059
263.30,FINAL,67.21,67.53,21.86,-0.33,8.0,0.2,-5.7,-0.3,-933,0.44,0.000,0.026,1.00,,38,413,0,288,0,-3.00,25.3,1.00,-0.059
263.40,FINAL,67.18,67.51,21.86,-0.34,8.0,0.2,-5.7,-0.3,-931,0.44,0.000,0.026,1.00,,38,411,0,286,0,-3.00,25.3,1.00,-0.059
263.50,FINAL,67.14,67.49,21.86,-0.35,8.0,0.2,-5.7,-0.3,-929,0.44,0.000,0.026,1.00,,39,409,0,284,0,-3.00,25.3,1.00,-0.059
263.60,FINAL,67.11,67.47,21.87,-0.35,8.0,0.2,-5.7,-0.3,-927,0.44,0.000,0.026,1.00,,39,407,0,282,0,-3.00,25.3,1.00,-0.059
263.70,FINAL,67.07,67.44,21.87,-0.36,7.9,0.2,-5.7,-0.3,-925,0.44,0.000,0.026,1.00,,39,405,0,280,0,-3.00,25.3,1.00,-0.059
263.80,FINAL,67.03,67.42,21.87,-0.37,7.9,0.2,-5.7,-0.3,-923,0.44,0.000,0.026,1.00,,39,403,0,278,0,-3.00,25.3,1.00,-0.059
263.90,FINAL,67.00,67.39,21.87,-0.38,7.9,0.2,-5.7,-0.3,-921,0.44,0.000,0.026,1.00,,39,401,0,276,0,-3.00,25.3,1.00,-0.059
264.00,FINAL,66.96,67.37,21.88,-0.39,7.9,0.2,-5.8,-0.3,-919,0.44,0.000,0.026,1.00,,39,399,0,274,0,-3.00,25.3,1.00,-0.059
264.10,FINAL,66.92,67.34,21.88,-0.39,7.8,0.2,-5.8,-0.3,-917,0.44,0.000,0.026,1.00,,39,397,0,272,0,-3.00,25.3,1.00,-0.059
264.20,FINAL,66.88,67.31,21.88,-0.40,7.8,0.2,-5.8,-0.3,-915,0.44,0.000,0.026,1.00,,39,395,0,270,0,-3.00,25.3,1.00,-0.059
264.30,FINAL,66.84,67.28,21.89,-0.41,7.8,0.2,-5.8,-0.3,-914,0.44,0.000,0.026,1.00,,39,394,0,269,0,-3.00,25.3,1.00,-0.059
264.40,FINAL,66.80,67.25,21.89,-0.42,7.8,0.2,-5.8,-0.3,-912,0.44,0.000,0.026,1.00,,39,392,0,267,0,-3.00,25.3,1.00,-0.059
264.50,FINAL,66.76,67.22,21.89,-0.42,7.8,0.2,-5.8,-0.3,-910,0.44,0.000,0.026,1.00,,39,390,0,265,0,-3.00,25.3,1.00,-0.059
264.60,FINAL,66.71,67.19,21.90,-0.43,7.7,0.2,-5.8,-0.3,-908,0.44,0.000,0.026,1.00,,40,388,0,263,0,-3.00,25.3,1.00,-0.059
264.70,FINAL,66.67,67.16,21.90,-0.44,7.7,0.2,-5.8,-0.3,-906,0.44,0.000,0.026,1.00,,40,386,0,261,0,-3.00,25.3,1.00,-0.059
264.80,FINAL,66.63,67.13,21.91,-0.45,7.7,0.2,-5.8,-0.3,-904,0.44,0.000,0.026,1.00,,40,384,0,259,0,-3.00,25.3,1.00,-0.059
264.90,FINAL,66.58,67.10,21.91,-0.46,7.7,0.2,-5.8,-0.3,-902,0.44,0.000,0.026,1.00,,40,382,0,257,0,-3.00,25.3,1.00,-0.059
265.00,FINAL,66.53,67.06,21.92,-0.46,7.6,0.2,-5.8,-0.3,-900,0.43,0.000,0.026,1.00,,40,380,0,255,0,-3.00,25.3,1.00,-0.059
265.10,FINAL,66.49,67.03,21.92,-0.47,7.6,0.2,-5.8,-0.3,-898,0.43,0.000,0.026,1.00,,40,378,0,253,0,-3.00,25.3,1.00,-0.059
265.20,FINAL,66.44,66.99,21.93,-0.48,7.6,0.2,-5.8,-0.3,-896,0.43,0.000,0.026,1.00,,40,376,0,251,0,-3.00,25.3,1.00,-0.059
265.30,FINAL,66.39,66.96,21.93,-0.48,7.6,0.2,-5.8,-0.3,-894,0.43,0.000,0.026,1.00,,40,374,0,249,0,-3.00,25.3,1.00,-0.059
265.40,FINAL,66.34,66.92,21.94,-0.49,7.6,0.2,-5.8,-0.3,-892,0.43,0.000,0.026,1.00,,40,372,0,247,0,-3.00,25.3,1.00,-0.059
265.50,FINAL,66.30,66.88,21.94,-0.50,7.5,0.1,-5.8,-0.3,-890,0.43,0.000,0.026,1.00,,40,370,0,245,0,-3.00,25.3,1.00,-0.059
265.60,FINAL,66.25,66.84,21.95,-0.50,7.5,0.1,-5.8,-0.3,-889,0.43,0.000,0.026,1.00,,40,369,0,244,0,-3.00,25.3,1.00,-0.059
265.70,FINAL,66.19,66.81,21.95,-0.51,7.5,0.1,-5.8,-0.3,-887,0.43,0.000,0.026,1.00,,41,367,0,242,0,-3.00,25.3,1.00,-0.059
265.80,FINAL,66.14,66.77,21.96,-0.52,7.5,0.1,-5.8,-0.3,-885,0.43,0.000,0.026,1.00,,41,365,0,240,0,-3.00,25.3,1.00,-0.059
265.90,FINAL,66.09,66.73,21.96,-0.52,7.5,0.1,-5.9,-0.3,-883,0.43,0.000,0.026,1.00,,41,363,0,238,0,-3.00,25.3,1.00,-0.059
266.00,FINAL,66.04,66.68,21.97,-0.53,7.5,0.1,-5.9,-0.3,-881,0.43,0.000,0.026,1.00,,41,361,0,236,0,-3.00,25.3,1.00,-0.059
266.10,FINAL,65.99,66.64,21.97,-0.53,7.4,0.1,-5.9,-0.3,-879,0.43,0.000,0.026,1.00,,41,359,0,234,0,-3.00,25.3,1.00,-0.059
266.20,FINAL,65.93,66.60,21.98,-0.54,7.4,0.1,-5.9,-0.3,-877,0.42,0.000,0.026,1.00,,41,357,0,232,0,-3.00,25.3,1.00,-0.059
266.30,FINAL,65.88,66.56,21.99,-0.54,7.4,0.1,-5.9,-0.3,-875,0.42,0.000,0.026,1.00,,41,355,0,230,0,-3.00,25.3,1.00,-0.059
266.40,FINAL,65.82,66.51,21.99,-0.55,7.4,0.1,-5.9,-0.3,-873,0.42,0.000,0.026,1.00,,41,353,0,228,0,-3.00,25.3,1.00,-0.059
266.50,FINAL,65.77,66.47,22.00,-0.55,7.4,0.1,-5.9,-0.3,-871,0.42,0.000,0.026,1.00,,41,351,0,226,0,-3.00,25.3,1.00,-0.059
266.60,FINAL,65.71,66.43,22.00,-0.56,7.4,0.1,-5.9,-0.3,-869,0.42,0.000,0.026,1.00,,41,349,0,224,0,-3.00,25.3,1.00,-0.059
266.70,FINAL,65.66,66.38,22.01,-0.56,7.4,0.1,-5.9,-0.2,-867,0.42,0.000,0.026,1.00,,41,347,0,222,0,-3.00,25.3,1.00,-0.059
266.80,FINAL,65.60,66.34,22.01,-0.57,7.4,0.1,-5.9,-0.2,-865,0.42,0.000,0.026,1.00,,41,345,0,220,0,-3.00,25.3,1.00,-0.059
266.90,FINAL,65.54,66.29,22.02,-0.57,7.3,0.1,-5.9,-0.2,-864,0.42,0.000,0.026,1.00,,41,344,0,219,0,-3.00,25.3,1.00,-0.059
267.00,FINAL,65.49,66.24,22.02,-0.57,7.3,0.1,-5.9,-0.2,-862,0.42,0.000,0.026,1.00,,42,342,0,217,0,-3.00,25.3,1.00,-0.059
267.10,FINAL,65.43,66.19,22.03,-0.58,7.3,0.1,-5.9,-0.2,-860,0.42,0.000,0.026,1.00,,42,340,0,215,0,-3.00,25.3,1.00,-0.059
267.20,FINAL,65.37,66.15,22.03,-0.58,7.3,0.1,-5.9,-0.2,-858,0.42,0.000,0.026,1.00,,42,338,0,213,0,-3.00,25.3,1.00,-0.059
267.30,FINAL,65.31,66.10,22.04,-0.58,7.3,0.1,-5.9,-0.2,-856,0.42,0.000,0.026,1.00,,42,336,0,211,0,-3.00,25.3,1.00,-0.059
267.40,FINAL,65.26,66.05,22.04,-0.58,7.3,0.1,-5.9,-0.2,-854,0.41,0.000,0.026,1.00,,42,334,0,209,0,-3.00,25.3,1.00,-0.059
267.50,FINAL,65.20,66.00,22.04,-0.58,7.3,0.1,-5.9,-0.2,-852,0.41,0.000,0.026,1.00,,42,332,0,207,0,-3.00,25.3,1.00,-0.059
267.60,FINAL,65.14,65.95,22.05,-0.59,7.3,0.1,-5.9,-0.2,-850,0.41,0.000,0.026,1.00,,42,330,0,205,0,-3.00,25.3,1.00,-0.059
267.70,FINAL,65.08,65.90,22.05,-0.59,7.3,0.1,-5.9,-0.2,-848,0.41,0.000,0.026,1.00,,42,328,0,203,0,-3.00,25.3,1.00,-0.059
267.80,FINAL,65.02,65.85,22.06,-0.59,7.3,0.1,-5.9,-0.2,-846,0.41,0.000,0.026,1.00,,42,326,0,201,0,-3.00,25.3,1.00,-0.059
267.90,FINAL,64.96,65.80,22.06,-0.59,7.3,0.1,-5.9,-0.2,-844,0.41,0.000,0.026,1.00,,42,324,0,199,0,-3.00,25.3,1.00,-0.059
268.00,FINAL,64.90,65.75,22.06,-0.59,7.3,0.1,-5.9,-0.2,-842,0.41,0.000,0.026,1.00,,42,322,0,197,0,-3.00,25.3,1.00,-0.059
268.10,FINAL,64.85,65.70,22.07,-0.59,7.3,0.1,-5.9,-0.2,-840,0.41,0.000,0.025,1.00,,42,320,0,195,0,-3.00,25.3,1.00,-0.059
268.20,FINAL,64.79,65.65,22.07,-0.59,7.3,0.1,-5.9,-0.2,-838,0.41,0.000,0.025,1.00,,43,318,0,193,0,-3.00,25.3,1.00,-0.059
268.30,FINAL,64.73,65.60,22.07,-0.58,7.3,0.1,-5.9,-0.2,-836,0.41,0.000,0.025,1.00,,43,316,0,191,0,-3.00,25.3,1.00,-0.059
268.40,FINAL,64.67,65.55,22.07,-0.58,7.4,0.1,-5.9,-0.1,-834,0.41,0.000,0.025,1.00,,43,314,0,189,0,-3.00,25.3,1.00,-0.059
268.50,FINAL,64.61,65.50,22.08,-0.58,7.4,0.0,-5.9,-0.1,-833,0.41,0.000,0.025,1.00,,43,313,0,188,0,-3.00,25.3,1.00,-0.059
268.60,FINAL,64.55,65.45,22.08,-0.58,7.4,0.0,-5.9,-0.1,-831,0.41,0.000,0.025,1.00,,43,311,0,186,0,-3.00,25.3,1.00,-0.059
268.70,FINAL,64.50,65.40,22.08,-0.57,7.4,0.0,-5.9,-0.1,-829,0.41,0.000,0.025,1.00,,43,309,0,184,0,-3.00,25.3,1.00,-0.059
268.80,FINAL,64.44,65.35,22.08,-0.57,7.4,0.0,-5.9,-0.1,-827,0.41,0.000,0.025,1.00,,43,307,0,182,0,-3.00,25.3,1.00,-0.059
268.90,FINAL,64.38,65.30,22.08,-0.57,7.4,0.0,-5.9,-0.1,-825,0.41,0.000,0.025,1.00,,43,305,0,180,0,-3.00,25.3,1.00,-0.059
269.00,FINAL,64.33,65.25,22.08,-0.56,7.4,0.0,-5.9,-0.1,-823,0.41,0.000,0.025,1.00,,43,303,0,178,0,-3.00,25.3,1.00,-0.059
269.10,FINAL,64.27,65.20,22.08,-0.56,7.5,0.0,-5.9,-0.1,-821,0.41,0.000,0.025,1.00,,43,301,0,176,0,-3.00,25.3,1.00,-0.059
269.20,FINAL,64.21,65.15,22.08,-0.55,7.5,0.0,-5.9,-0.1,-819,0.41,0.000,0.025,1.00,,43,299,0,174,0,-3.00,25.3,1.00,-0.059
269.30,FINAL,64.16,65.10,22.08,-0.55,7.5,0.0,-5.9,-0.1,-817,0.41,0.000,0.025,1.00,,43,297,0,172,0,-3.00,25.3,1.00,-0.059
269.40,FINAL,64.10,65.05,22.08,-0.54,7.5,0.0,-5.9,-0.1,-815,0.41,0.000,0.025,1.00,,43,295,0,170,0,-3.00,25.3,1.00,-0.059
269.50,FINAL,64.05,65.00,22.08,-0.53,7.5,0.0,-5.9,-0.1,-813,0.41,0.000,0.025,1.00,,44,293,0,168,0,-3.00,25.3,1.00,-0.059
269.60,FINAL,64.00,64.95,22.08,-0.53,7.6,0.0,-5.9,-0.1,-811,0.41,0.000,0.025,1.00,,44,291,0,166,0,-3.00,25.3,1.00,-0.059
269.70,FINAL,63.95,64.91,22.08,-0.52,7.6,0.0,-5.9,-0.1,-809,0.41,0.000,0.025,1.00,,44,289,0,164,0,-3.00,25.3,1.00,-0.059
269.80,FINAL,63.89,64.86,22.07,-0.52,7.6,0.0,-5.9,-0.1,-807,0.41,0.000,0.025,1.00,,44,287,0,162,0,-3.00,25.3,1.00,-0.059
269.90,FINAL,63.84,64.81,22.07,-0.51,7.6,0.0,-5.9,-0.1,-805,0.41,0.000,0.025,1.00,,44,285,0,160,0,-3.00,25.3,1.00,-0.059
270.00,FINAL,63.79,64.77,22.07,-0.50,7.7,0.0,-5.9,-0.1,-803,0.41,0.000,0.025,1.00,,44,283,0,158,0,-3.00,25.3,1.00,-0.059
270.10,FINAL,63.74,64.72,22.07,-0.49,7.7,0.0,-5.9,-0.1,-802,0.41,0.000,0.025,1.00,,44,282,0,157,0,-3.00,25.3,1.00,-0.059
270.20,FINAL,63.69,64.67,22.06,-0.49,7.7,0.0,-5.9,-0.0,-800,0.41,0.000,0.025,1.00,,44,280,0,155,0,-3.00,25.3,1.00,-0.059
270.30,FINAL,63.64,64.63,22.06,-0.48,7.7,0.0,-5.9,-0.0,-798,0.41,0.000,0.025,1.00,,44,278,0,153,0,-3.00,25.3,1.00,-0.059
270.40,FINAL,63.60,64.58,22.06,-0.47,7.8,0.0,-5.9,-0.0,-796,0.41,0.000,0.025,1.00,,44,276,0,151,0,-3.00,25.3,1.00,-0.059
270.50,FINAL,63.55,64.54,22.05,-0.46,7.8,0.0,-5.9,-0.0,-794,0.41,0.000,0.025,1.00,,44,274,0,149,0,-3.00,25.3,1.00,-0.059
270.60,FINAL,63.50,64.50,22.05,-0.45,7.8,0.0,-5.9,-0.0,-792,0.41,0.000,0.025,1.00,,44,272,0,147,0,-3.00,25.3,1.00,-0.059
270.70,FINAL,63.46,64.45,22.04,-0.45,7.9,0.0,-5.9,-0.0,-790,0.41,0.000,0.025,1.00,,45,270,0,145,0,-3.00,25.3,1.00,-0.059
270.80,FINAL,63.41,64.41,22.04,-0.44,7.9,0.0,-5.9,-0.0,-788,0.41,0.000,0.025,1.00,,45,268,0,143,0,-3.00,25.3,1.00,-0.059
270.90,FINAL,63.37,64.37,22.03,-0.43,7.9,0.0,-5.9,-0.0,-786,0.41,0.000,0.025,1.00,,45,266,0,141,0,-3.00,25.3,1.00,-0.059
271.00,FINAL,63.33,64.33,22.03,-0.42,7.9,0.0,-5.9,-0.0,-784,0.41,0.000,0.025,1.00,,45,264,0,139,0,-3.00,25.3,1.00,-0.059
271.10,FINAL,63.29,64.29,22.02,-0.41,8.0,0.0,-5.9,-0.0,-782,0.41,0.000,0.025,1.00,,45,262,0,137,0,-3.00,25.3,1.00,-0.059
271.20,FINAL,63.25,64.25,22.01,-0.40,8.0,0.0,-5.9,-0.0,-780,0.41,0.000,0.025,1.00,,45,260,0,135,0,-3.00,25.3,1.00,-0.059
271.30,FINAL,63.21,64.21,22.01,-0.39,8.0,0.0,-5.9,0.0,-778,0.41,0.000,0.025,1.00,,45,258,0,133,-0,-3.00,25.3,1.00,-0.059
271.40,FINAL,63.17,64.17,22.00,-0.38,8.1,0.0,-5.9,0.0,-776,0.41,0.000,0.025,1.00,,45,256,0,131,-0,-3.00,25.3,1.00,-0.059
271.50,FINAL,63.13,64.13,21.99,-0.37,8.1,0.0,-5.9,0.0,-774,0.41,0.000,0.025,1.00,,45,254,0,129,-0,-3.00,25.3,1.00,-0.059
271.60,FINAL,63.09,64.10,21.99,-0.36,8.1,0.0,-5.9,0.0,-773,0.42,0.000,0.025,1.00,,45,253,0,128,-0,-3.00,25.3,1.00,-0.059
271.70,FINAL,63.06,64.06,21.98,-0.35,8.2,0.0,-5.9,0.0,-771,0.42,0.000,0.025,1.00,,46,251,0,126,-0,-3.00,25.3,1.00,-0.059
271.80,FINAL,63.02,64.03,21.97,-0.34,8.2,0.0,-5.9,0.0,-769,0.42,0.000,0.025,1.00,,46,249,0,124,-0,-3.00,25.3,1.00,-0.059
271.90,FINAL,62.99,63.99,21.97,-0.33,8.2,0.0,-5.9,0.0,-767,0.42,0.000,0.025,1.00,,46,247,0,122,-0,-3.00,25.3,1.00,-0.059
272.00,FINAL,62.96,63.96,21.96,-0.33,8.2,0.0,-5.9,0.0,-765,0.42,0.000,0.025,1.00,,46,245,0,120,-0,-3.00,25.3,1.00,-0.059
272.10,FINAL,62.92,63.93,21.95,-0.32,8.2,0.0,-5.9,0.0,-763,0.42,0.000,0.025,1.00,,46,243,0,118,-0,-3.00,25.3,1.00,-0.059
272.20,FINAL,62.89,63.90,21.94,-0.31,8.3,0.0,-5.9,0.0,-761,0.42,0.000,0.025,1.00,,46,241,0,116,-0,-3.00,25.3,1.00,-0.059
272.30,FINAL,62.86,63.87,21.93,-0.31,8.3,0.0,-5.9,0.0,-759,0.42,0.000,0.025,1.00,,46,239,0,114,-0,-3.00,25.3,1.00,-0.059
272.40,FINAL,62.83,63.83,21.93,-0.30,8.3,0.0,-5.9,0.0,-757,0.42,0.000,0.025,1.00,,46,237,0,112,-0,-3.00,25.3,1.00,-0.059
272.50,FINAL,62.80,63.81,21.92,-0.29,8.3,0.0,-5.8,0.0,-755,0.42,0.000,0.026,1.00,,46,235,0,110,-0,-3.00,25.3,1.00,-0.059
272.60,FINAL,62.77,63.78,21.91,-0.29,8.3,0.0,-5.8,0.0,-753,0.42,0.000,0.026,1.00,,46,233,0,108,-0,-3.00,25.3,1.00,-0.059
272.70,FINAL,62.74,63.75,21.91,-0.28,8.3,0.0,-5.8,0.0,-751,0.43,0.000,0.026,1.00,,47,231,0,106,-0,-3.00,25.3,1.00,-0.059
272.80,FINAL,62.72,63.72,21.90,-0.28,8.4,0.0,-5.8,0.0,-749,0.43,0.000,0.026,1.00,,47,229,0,104,-0,-3.00,25.3,1.00,-0.059
272.90,FINAL,62.69,63.69,21.89,-0.27,8.4,0.0,-5.8,0.0,-747,0.43,0.000,0.026,1.00,,47,227,0,102,-0,-3.00,25.3,1.00,-0.059
273.00,FINAL,62.66,63.66,21.88,-0.27,8.4,0.0,-5.8,0.0,-746,0.43,0.000,0.026,1.00,,47,226,0,101,-0,-3.00,25.3,1.00,-0.059
273.10,FINAL,62.63,63.64,21.88,-0.26,8.4,0.0,-5.8,0.0,-744,0.43,0.000,0.026,1.00,,47,224,0,99,-0,-3.00,25.3,1.00,-0.059
273.20,FINAL,62.61,63.61,21.87,-0.26,8.4,0.0,-5.8,0.0,-742,0.43,0.000,0.026,1.00,,47,222,0,97,-0,-3.00,25.3,1.00,-0.059
273.30,FINAL,62.58,63.59,21.86,-0.26,8.4,0.0,-5.8,0.0,-740,0.43,0.000,0.026,1.00,,47,220,0,95,-0,-3.00,25.3,1.00,-0.059
273.40,FINAL,62.56,63.56,21.86,-0.25,8.5,0.0,-5.8,0.0,-738,0.43,0.000,0.026,1.00,,47,218,0,93,-0,-3.00,25.3,1.00,-0.059
273.50,FINAL,62.53,63.54,21.85,-0.25,8.5,0.0,-5.8,0.0,-736,0.43,0.000,0.026,1.00,,47,216,0,91,-0,-3.00,25.3,1.00,-0.059
273.60,FINAL,62.51,63.51,21.84,-0.25,8.5,0.0,-5.8,0.0,-734,0.43,0.000,0.026,1.00,,48,214,0,89,-0,-3.00,25.3,1.00,-0.059
273.70,FINAL,62.48,63.49,21.84,-0.24,8.5,0.1,-5.8,0.0,-732,0.43,0.000,0.026,1.00,,48,212,0,87,-0,-3.00,25.3,1.00,-0.059
273.80,FINAL,62.46,63.46,21.83,-0.24,8.5,0.1,-5.8,0.0,-730,0.44,0.000,0.026,1.00,,48,210,0,85,-0,-3.00,25.3,1.00,-0.059
273.90,FINAL,62.43,63.44,21.82,-0.24,8.5,0.1,-5.8,0.0,-728,0.44,0.000,0.026,1.00,,48,208,0,83,-0,-3.00,25.3,1.00,-0.059
274.00,FINAL,62.41,63.41,21.82,-0.23,8.5,0.1,-5.8,0.0,-726,0.44,0.000,0.026,1.00,,48,206,0,81,-0,-3.00,25.3,1.00,-0.059
274.10,FINAL,62.39,63.39,21.81,-0.23,8.5,0.1,-5.8,0.0,-724,0.44,0.000,0.026,1.00,,48,204,0,79,-0,-3.00,25.3,1.00,-0.059
274.20,FINAL,62.36,63.37,21.80,-0.23,8.5,0.1,-5.8,0.0,-723,0.44,0.000,0.026,1.00,,48,203,0,78,-0,-3.00,25.3,1.00,-0.059
274.30,FINAL,62.34,63.34,21.80,-0.23,8.5,0.1,-5.8,0.0,-721,0.44,0.000,0.026,1.00,,48,201,0,76,-0,-3.00,25.3,1.00,-0.059
274.40,FINAL,62.32,63.32,21.79,-0.22,8.6,0.1,-5.8,0.0,-719,0.44,0.000,0.026,1.00,,48,199,0,74,-0,-3.00,25.3,1.00,-0.059
274.50,FINAL,62.30,63.30,21.79,-0.22,8.6,0.1,-5.8,0.0,-717,0.44,0.000,0.026,1.00,,49,197,0,72,-0,-3.00,25.3,1.00,-0.059
274.60,FINAL,62.27,63.28,21.78,-0.22,8.6,0.1,-5.8,0.0,-715,0.44,0.000,0.026,1.00,,49,195,0,70,-0,-3.00,25.3,1.00,-0.059
274.70,FINAL,62.25,63.26,21.77,-0.22,8.6,0.1,-5.8,0.0,-713,0.44,0.000,0.026,1.00,,49,193,0,68,-0,-3.00,25.3,1.00,-0.059
274.80,FINAL,62.23,63.23,21.77,-0.22,8.6,0.1,-5.8,0.0,-711,0.44,0.000,0.026,1.00,,49,191,0,66,-0,-3.00,25.3,1.00,-0.059
274.90,FINAL,62.21,63.21,21.76,-0.22,8.6,0.1,-5.8,0.0,-709,0.44,0.000,0.026,1.00,,49,189,0,64,-0,-3.00,25.3,1.00,-0.059
275.00,FINAL,62.19,63.19,21.76,-0.21,8.6,0.1,-5.8,0.0,-707,0.44,0.000,0.026,1.00,,49,187,0,62,-0,-3.00,25.3,1.00,-0.059
275.10,FINAL,62.17,63.17,21.75,-0.21,8.6,0.1,-5.8,0.0,-705,0.45,0.000,0.026,1.00,,49,185,0,60,-0,-3.00,25.3,1.00,-0.059
275.20,FINAL,62.14,63.15,21.75,-0.21,8.6,0.1,-5.8,0.0,-703,0.45,0.000,0.026,1.00,,49,183,0,58,-0,-3.00,25.3,1.00,-0.059
275.30,FINAL,62.12,63.13,21.74,-0.21,8.6,0.1,-5.8,0.0,-702,0.45,0.000,0.026,1.00,,49,182,0,57,-0,-3.00,25.3,1.00,-0.059
275.40,FINAL,62.10,63.11,21.74,-0.21,8.6,0.1,-5.8,0.0,-700,0.45,0.000,0.026,1.00,,50,180,0,55,-0,-3.00,25.3,1.00,-0.059
275.50,FINAL,62.08,63.09,21.73,-0.21,8.6,0.1,-5.8,0.0,-698,0.45,0.000,0.026,1.00,,50,178,0,53,-0,-3.00,25.3,1.00,-0.059
275.60,FINAL,62.06,63.06,21.73,-0.21,8.7,0.1,-5.8,0.0,-696,0.45,0.000,0.026,1.00,,50,176,0,51,-0,-3.00,25.3,1.00,-0.059
275.70,FINAL,62.04,63.04,21.73,-0.20,8.7,0.1,-5.8,0.0,-694,0.45,0.000,0.026,1.00,,50,174,0,49,-0,-3.00,25.3,1.00,-0.059
275.80,FINAL,62.02,63.02,21.72,-0.20,8.7,0.1,-5.8,0.0,-692,0.45,0.000,0.026,1.00,,50,172,0,47,-0,-3.00,25.3,1.00,-0.059
275.90,FINAL,62.00,63.00,21.72,-0.20,8.7,0.1,-5.8,0.0,-690,0.45,0.000,0.026,1.00,,50,170,0,45,-0,-3.00,25.3,1.00,-0.059
276.00,FINAL,61.98,62.98,21.71,-0.20,8.7,0.1,-5.8,0.0,-688,0.45,0.000,0.026,1.00,,50,168,0,43,-0,-3.00,25.3,1.00,-0.059
276.10,FINAL,61.96,62.96,21.71,-0.20,8.7,0.1,-5.8,0.0,-686,0.45,0.000,0.026,1.00,,50,166,0,41,-0,-3.00,25.3,1.00,-0.059
276.20,FINAL,61.94,62.94,21.70,-0.20,8.7,0.1,-5.8,0.0,-684,0.45,0.000,0.026,1.00,,50,164,0,39,-0,-3.00,25.3,1.00,-0.059
276.30,FINAL,61.92,62.92,21.70,-0.20,8.7,0.1,-5.8,0.0,-683,0.45,0.000,0.026,1.00,,51,163,0,38,-0,-3.00,25.3,1.00,-0.059
276.40,FINAL,61.90,62.90,21.70,-0.20,8.7,0.1,-5.8,0.0,-681,0.45,0.000,0.026,1.00,,51,161,0,36,-0,-3.00,25.3,1.00,-0.059
276.50,FINAL,61.88,62.88,21.69,-0.20,8.7,0.1,-5.8,0.0,-679,0.45,0.000,0.026,1.00,,51,159,0,34,-0,-3.00,25.3,1.00,-0.059
276.60,FINAL,61.86,62.86,21.69,-0.19,8.7,0.1,-5.8,0.0,-677,0.45,0.000,0.026,1.00,,51,157,0,32,-0,-3.00,25.3,1.00,-0.059
276.70,FINAL,61.84,62.84,21.68,-0.19,8.7,0.1,-5.8,0.0,-675,0.45,0.000,0.026,1.00,,51,155,0,30,-0,-3.00,25.3,1.00,-0.059
276.80,FINAL,61.82,62.83,21.68,-0.19,8.7,0.1,-5.8,0.0,-673,0.45,0.000,0.026,1.00,,51,153,0,28,-0,-3.00,25.3,1.00,-0.059
276.90,FINAL,61.80,62.81,21.68,-0.19,8.7,0.1,-5.8,0.0,-671,0.45,0.000,0.026,1.00,,51,151,0,26,-0,-3.00,25.3,1.00,-0.059
277.00,FINAL,61.78,62.79,21.67,-0.19,8.7,0.1,-5.8,0.0,-669,0.45,0.000,0.026,1.00,,51,149,0,24,-0,-3.00,25.3,1.00,-0.059
277.10,FINAL,61.76,62.77,21.67,-0.19,8.8,0.1,-5.8,0.0,-667,0.46,0.000,0.026,1.00,,51,147,0,22,-0,-3.00,25.3,1.00,-0.059
277.20,FINAL,61.75,62.75,21.67,-0.19,8.8,0.1,-5.8,0.0,-665,0.46,0.000,0.026,1.00,,52,145,0,20,-0,-3.00,25.3,1.00,-0.059
277.30,FINAL,61.73,62.73,21.66,-0.19,8.8,0.1,-5.8,0.0,-664,0.46,0.000,0.026,1.00,,52,144,0,19,-0,-3.00,25.3,1.00,-0.059
277.40,FINAL,61.71,62.71,21.66,-0.19,8.8,0.1,-5.8,0.0,-662,0.46,0.000,0.026,1.00,,52,142,0,17,-0,-3.00,25.3,1.00,-0.059
277.50,FINAL,61.69,62.69,21.65,-0.18,8.8,0.1,-5.8,0.0,-660,0.46,0.000,0.026,1.00,,52,140,0,15,-0,-3.00,25.3,1.00,-0.059
277.60,FINAL,61.67,62.67,21.65,-0.18,8.8,0.1,-5.8,0.0,-658,0.46,0.000,0.026,1.00,,52,138,0,13,-0,-3.00,25.3,1.00,-0.059
277.70,FINAL,61.65,62.66,21.65,-0.18,8.8,0.1,-5.8,0.0,-656,0.46,0.000,0.026,1.00,,52,136,0,11,-0,-3.00,25.3,1.00,-0.059
277.80,FINAL,61.63,62.64,21.64,-0.18,8.8,0.1,-5.8,0.0,-654,0.46,0.000,0.026,1.00,,52,134,0,9,-0,-3.00,25.3,1.00,-0.059
277.90,FINAL,61.62,62.62,21.64,-0.18,8.8,0.1,-5.8,0.0,-652,0.46,0.000,0.026,1.00,,52,132,0,7,-0,-3.00,25.3,1.00,-0.059
278.00,FINAL,61.60,62.60,21.64,-0.18,8.8,0.1,-5.8,0.0,-650,0.46,0.000,0.026,1.00,,52,130,0,5,-0,-3.00,25.3,1.00,-0.059
278.10,FINAL,61.58,62.58,21.63,-0.18,8.8,0.1,-5.8,0.0,-648,0.46,0.000,0.026,1.00,,53,128,0,3,-0,-3.00,25.3,1.00,-0.059
278.20,FINAL,61.56,62.57,21.63,-0.18,8.8,0.1,-5.8,0.0,-646,0.46,0.000,0.026,1.00,,53,126,0,1,-0,-3.00,25.3,1.00,-0.059
278.30,FINAL,61.54,62.55,21.63,-0.18,8.8,0.1,-5.8,0.0,-645,0.46,0.000,0.026,1.00,,53,125,0,-0,-0,-3.00,25.3,1.00,-0.059
278.40,FINAL,61.53,62.53,21.62,-0.17,8.8,0.1,-5.8,0.0,-643,0.46,0.000,0.026,1.00,,53,123,0,-2,-0,-3.00,25.3,1.00,-0.059
278.50,FINAL,61.51,62.51,21.62,-0.17,8.9,0.1,-5.8,-0.0,-641,0.46,0.000,0.026,1.00,,53,121,0,-4,0,-3.00,25.3,1.00,-0.059
278.60,FINAL,61.49,62.50,21.62,-0.17,8.9,0.1,-5.8,-0.0,-639,0.46,0.000,0.026,1.00,,53,119,0,-6,0,-3.00,25.3,1.00,-0.059
278.70,FINAL,61.48,62.48,21.62,-0.17,8.9,0.1,-5.8,-0.0,-637,0.46,0.000,0.026,1.00,,53,117,0,-8,0,-3.00,25.3,1.00,-0.059
278.80,FINAL,61.46,62.46,21.61,-0.17,8.9,0.1,-5.8,-0.0,-635,0.46,0.000,0.026,1.00,,53,115,0,-10,0,-3.00,25.3,1.00,-0.059
278.90,FINAL,61.44,62.45,21.61,-0.17,8.9,0.1,-5.8,-0.0,-633,0.46,0.000,0.026,1.00,,54,113,0,-12,0,-3.00,25.3,1.00,-0.059
279.00,FINAL,61.43,62.43,21.61,-0.17,8.9,0.1,-5.8,-0.0,-631,0.46,0.000,0.026,1.00,,54,111,0,-14,0,-3.00,25.3,1.00,-0.059
279.10,FINAL,61.41,62.41,21.60,-0.16,8.9,0.1,-5.8,-0.0,-629,0.46,0.000,0.026,1.00,,54,109,0,-16,0,-3.00,25.3,1.00,-0.059
279.20,FINAL,61.39,62.40,21.60,-0.16,8.9,0.1,-5.8,-0.0,-628,0.46,0.000,0.026,1.00,,54,108,0,-17,0,-3.00,25.3,1.00,-0.059
279.30,FINAL,61.38,62.38,21.60,-0.16,8.9,0.1,-5.8,-0.0,-626,0.46,0.000,0.026,1.00,,54,106,0,-19,0,-3.00,25.3,1.00,-0.059
279.40,FINAL,61.36,62.36,21.59,-0.16,8.9,0.1,-5.8,-0.0,-624,0.46,0.000,0.026,1.00,,54,104,0,-21,0,-3.00,25.3,1.00,-0.059
279.50,FINAL,61.34,62.35,21.59,-0.16,8.9,0.1,-5.8,-0.0,-622,0.46,0.000,0.026,1.00,,54,102,0,-23,0,-3.00,25.3,1.00,-0.059
279.60,FINAL,61.33,62.33,21.59,-0.16,8.9,0.1,-5.8,-0.0,-620,0.46,0.000,0.026,1.00,,54,100,0,-25,0,-3.00,25.3,1.00,-0.059
279.70,FINAL,61.31,62.32,21.58,-0.16,8.9,0.1,-5.8,-0.0,-618,0.46,0.000,0.026,1.00,,54,98,0,-27,0,-3.00,25.3,1.00,-0.059
279.80,FINAL,61.30,62.30,21.58,-0.16,8.9,0.1,-5.8,-0.0,-616,0.46,0.000,0.026,1.00,,55,96,0,-29,0,-3.00,25.3,1.00,-0.059
279.90,FINAL,61.28,62.28,21.58,-0.16,8.9,0.1,-5.8,-0.0,-614,0.46,0.000,0.026,1.00,,55,94,0,-31,0,-3.00,25.3,1.00,-0.059
280.00,FINAL,61.27,62.27,21.58,-0.16,8.9,0.1,-5.8,-0.0,-612,0.47,0.000,0.026,1.00,,55,92,0,-33,0,-3.00,25.3,1.00,-0.059
280.10,FINAL,61.25,62.25,21.57,-0.16,8.9,0.1,-5.8,-0.0,-610,0.47,0.000,0.026,1.00,,55,90,0,-35,0,-3.00,25.3,1.00,-0.059
280.20,FINAL,61.23,62.24,21.57,-0.16,8.9,0.1,-5.8,-0.0,-609,0.47,0.000,0.026,1.00,,55,89,0,-36,0,-3.00,25.3,1.00,-0.059
280.30,FINAL,61.22,62.22,21.57,-0.16,8.9,0.1,-5.8,-0.0,-607,0.47,0.000,0.026,1.00,,55,87,0,-38,0,-3.00,25.3,1.00,-0.059
280.40,FINAL,61.20,62.20,21.57,-0.16,8.9,0.1,-5.8,-0.0,-605,0.47,0.000,0.026,1.00,,55,85,0,-40,0,-3.00,25.3,1.00,-0.059
280.50,FINAL,61.18,62.19,21.57,-0.16,8.9,0.1,-5.8,-0.0,-603,0.47,0.000,0.026,1.00,,55,83,0,-42,0,-3.00,25.3,1.00,-0.059
280.60,FINAL,61.17,62.17,21.56,-0.16,8.9,0.1,-5.8,-0.0,-601,0.47,0.000,0.026,1.00,,55,81,0,-44,0,-3.00,25.3,1.00,-0.059
280.70,FINAL,61.15,62.16,21.56,-0.16,8.9,0.1,-5.8,-0.0,-599,0.47,0.000,0.026,1.00,,56,79,0,-46,0,-3.00,25.3,1.00,-0.059
280.80,FINAL,61.14,62.14,21.56,-0.17,8.9,0.1,-5.8,-0.0,-597,0.47,0.000,0.026,1.00,,56,77,0,-48,0,-3.00,25.3,1.00,-0.059
280.90,FINAL,61.12,62.12,21.56,-0.17,8.9,0.1,-5.8,-0.0,-595,0.47,0.000,0.026,1.00,,56,75,0,-50,0,-3.00,25.3,1.00,-0.059
281.00,FINAL,61.10,62.11,21.56,-0.17,8.9,0.1,-5.8,-0.0,-593,0.47,0.000,0.026,1.00,,56,73,0,-52,0,-3.00,25.3,1.00,-0.059
281.10,FINAL,61.09,62.09,21.56,-0.17,8.9,0.1,-5.8,-0.0,-592,0.47,0.000,0.026,1.00,,56,72,0,-53,0,-3.00,25.3,1.00,-0.059
281.20,FINAL,61.07,62.07,21.56,-0.17,8.9,0.1,-5.8,-0.0,-590,0.47,0.000,0.026,1.00,,56,70,0,-55,0,-3.00,25.3,1.00,-0.059
281.30,FINAL,61.05,62.05,21.56,-0.17,8.9,0.1,-5.8,-0.0,-588,0.47,0.000,0.026,1.00,,56,68,0,-57,0,-3.00,25.3,1.00,-0.059
281.40,FINAL,61.03,62.04,21.55,-0.18,8.9,0.1,-5.8,-0.0,-586,0.47,0.000,0.026,1.00,,56,66,0,-59,0,-3.00,25.3,1.00,-0.059
281.50,FINAL,61.02,62.02,21.55,-0.18,8.9,0.1,-5.8,-0.0,-584,0.47,0.000,0.026,1.00,,57,64,0,-61,0,-3.00,25.3,1.00,-0.059
281.60,FINAL,61.00,62.00,21.55,-0.18,8.8,0.1,-5.8,-0.0,-582,0.47,0.000,0.026,1.00,,57,62,0,-63,0,-3.00,25.3,1.00,-0.059
281.70,FINAL,60.98,61.98,21.55,-0.18,8.8,0.1,-5.8,-0.0,-580,0.47,0.000,0.026,1.00,,57,60,0,-65,0,-3.00,25.3,1.00,-0.059
281.80,FINAL,60.96,61.97,21.55,-0.18,8.8,0.1,-5.8,-0.0,-578,0.47,0.000,0.026,1.00,,57,58,0,-67,0,-3.00,25.3,1.00,-0.059
281.90,FINAL,60.94,61.95,21.55,-0.19,8.8,0.1,-5.8,-0.0,-576,0.47,0.000,0.026,1.00,,57,56,0,-69,0,-3.00,25.3,1.00,-0.059
282.00,FINAL,60.92,61.93,21.55,-0.19,8.8,0.1,-5.8,-0.0,-575,0.47,0.000,0.026,1.00,,57,55,0,-70,0,-3.00,25.3,1.00,-0.059
282.10,FINAL,60.91,61.91,21.55,-0.19,8.8,0.1,-5.8,-0.0,-573,0.47,0.000,0.026,1.00,,57,53,0,-72,0,-3.00,25.3,1.00,-0.059
282.20,FINAL,60.89,61.89,21.55,-0.19,8.8,0.1,-5.8,-0.0,-571,0.47,0.000,0.026,1.00,,57,51,0,-74,0,-3.00,25.3,1.00,-0.059
282.30,FINAL,60.87,61.87,21.55,-0.20,8.8,0.1,-5.8,-0.0,-569,0.47,0.000,0.026,1.00,,57,49,0,-76,0,-3.00,25.3,1.00,-0.059
282.40,FINAL,60.85,61.85,21.55,-0.20,8.8,0.1,-5.8,-0.0,-567,0.47,0.000,0.026,1.00,,58,47,0,-78,0,-3.00,25.3,1.00,-0.059
282.50,FINAL,60.83,61.83,21.55,-0.20,8.8,0.1,-5.8,-0.0,-565,0.47,0.000,0.026,1.00,,58,45,0,-80,0,-3.00,25.3,1.00,-0.059
282.60,FINAL,60.81,61.81,21.55,-0.20,8.8,0.1,-5.8,-0.0,-563,0.47,0.000,0.026,1.00,,58,43,0,-82,0,-3.00,25.3,1.00,-0.059
282.70,FINAL,60.79,61.79,21.55,-0.21,8.8,0.1,-5.8,-0.0,-561,0.47,0.000,0.026,1.00,,58,41,0,-84,0,-3.00,25.3,1.00,-0.059
282.80,FINAL,60.77,61.77,21.55,-0.21,8.8,0.1,-5.8,-0.0,-559,0.47,0.000,0.026,1.00,,58,39,0,-86,0,-3.00,25.3,1.00,-0.059
282.90,FINAL,60.74,61.75,21.55,-0.21,8.8,0.1,-5.8,-0.0,-558,0.47,0.000,0.026,1.00,,58,38,0,-87,0,-3.00,25.3,1.00,-0.059
283.00,FINAL,60.72,61.73,21.56,-0.21,8.7,0.1,-5.8,-0.0,-556,0.47,0.000,0.026,1.00,,58,36,0,-89,0,-3.00,25.3,1.00,-0.059
283.10,FINAL,60.70,61.71,21.56,-0.22,8.7,0.1,-5.8,-0.0,-554,0.47,0.000,0.026,1.00,,58,34,0,-91,0,-3.00,25.3,1.00,-0.059
283.20,FINAL,60.68,61.68,21.56,-0.22,8.7,0.1,-5.8,-0.0,-552,0.47,0.000,0.026,1.00,,58,32,0,-93,0,-3.00,25.3,1.00,-0.059
283.30,FINAL,60.66,61.66,21.56,-0.22,8.7,0.1,-5.8,-0.0,-550,0.47,0.000,0.026,1.00,,59,30,0,-95,0,-3.00,25.3,1.00,-0.059
283.40,FINAL,60.64,61.64,21.56,-0.22,8.7,0.1,-5.8,-0.0,-548,0.47,0.000,0.026,1.00,,59,28,0,-97,0,-3.00,25.3,1.00,-0.059
283.50,FINAL,60.61,61.62,21.56,-0.23,8.7,0.1,-5.8,-0.0,-546,0.47,0.000,0.026,1.00,,59,26,0,-99,0,-3.00,25.3,1.00,-0.059
283.60,FINAL,60.59,61.60,21.56,-0.23,8.7,0.1,-5.8,-0.0,-544,0.47,0.000,0.026,1.00,,59,24,0,-101,0,-3.00,25.3,1.00,-0.059
283.70,FINAL,60.57,61.57,21.56,-0.23,8.7,0.1,-5.8,-0.0,-542,0.47,0.000,0.026,1.00,,59,22,0,-103,0,-3.00,25.3,1.00,-0.059
283.80,FINAL,60.55,61.55,21.56,-0.23,8.7,0.1,-5.8,-0.0,-541,0.47,0.000,0.026,1.00,,59,21,0,-104,0,-3.00,25.3,1.00,-0.059
283.90,FINAL,60.52,61.53,21.57,-0.24,8.7,0.1,-5.8,-0.0,-539,0.46,0.000,0.026,1.00,,59,19,0,-106,0,-3.00,25.3,1.00,-0.059
284.00,FINAL,60.50,61.50,21.57,-0.24,8.7,0.1,-5.8,-0.0,-537,0.46,0.000,0.026,1.00,,59,17,0,-108,0,-3.00,25.3,1.00,-0.059
284.10,FINAL,60.47,61.48,21.57,-0.24,8.7,0.1,-5.8,-0.0,-535,0.46,0.000,0.026,1.00,,59,15,0,-110,0,-3.00,25.3,1.00,-0.059
284.20,FINAL,60.45,61.45,21.57,-0.24,8.7,0.1,-5.8,-0.0,-533,0.46,0.000,0.026,1.00,,60,13,0,-112,0,-3.00,25.3,1.00,-0.059
284.30,FINAL,60.43,61.43,21.57,-0.25,8.7,0.1,-5.8,-0.0,-531,0.46,0.000,0.026,1.00,,60,11,0,-114,0,-3.00,25.3,1.00,-0.059
284.40,FINAL,60.40,61.40,21.57,-0.25,8.7,0.1,-5.8,-0.0,-529,0.46,0.000,0.026,1.00,,60,9,0,-116,0,-3.00,25.3,1.00,-0.059
284.50,FINAL,60.38,61.38,21.57,-0.25,8.6,0.1,-5.8,-0.0,-527,0.46,0.000,0.026,1.00,,60,7,0,-118,0,-3.00,25.3,1.00,-0.059
284.60,FINAL,60.35,61.35,21.58,-0.25,8.6,0.1,-5.8,-0.0,-525,0.46,0.000,0.026,1.00,,60,5,0,-120,0,-3.00,25.3,1.00,-0.059
284.70,FINAL,60.33,61.33,21.58,-0.25,8.6,0.1,-5.8,-0.0,-524,0.46,0.000,0.026,1.00,,60,4,0,-121,0,-3.00,25.3,1.00,-0.059
284.80,FINAL,60.30,61.30,21.58,-0.26,8.6,0.1,-5.8,-0.0,-522,0.46,0.000,0.026,1.00,,60,2,0,-123,0,-3.00,25.3,1.00,-0.059
284.90,FINAL,60.27,61.28,21.58,-0.26,8.6,0.1,-5.8,-0.0,-520,0.46,0.000,0.026,1.00,,60,0,0,-125,0,-3.00,25.3,1.00,-0.059
285.00,FINAL,60.25,61.25,21.58,-0.26,8.6,0.1,-5.8,-0.0,-518,0.46,0.000,0.026,1.00,,60,-2,0,-127,0,-3.00,25.3,1.00,-0.059
285.10,FINAL,60.22,61.23,21.58,-0.26,8.6,0.1,-5.8,-0.0,-516,0.46,0.000,0.026,1.00,,60,-4,0,-129,0,-3.00,25.3,1.00,-0.059
285.20,FINAL,60.20,61.20,21.58,-0.26,8.6,0.1,-5.8,-0.0,-514,0.46,0.000,0.026,1.00,,60,-6,0,-131,0,-3.00,25.3,1.00,-0.059
285.30,FINAL,60.17,61.17,21.59,-0.26,8.6,0.1,-5.8,-0.0,-512,0.46,0.000,0.026,1.00,,60,-8,0,-133,0,-3.00,25.3,1.00,-0.059
285.40,FINAL,60.14,61.15,21.59,-0.27,8.6,0.1,-5.8,-0.0,-510,0.46,0.000,0.026,1.00,,60,-10,0,-135,0,-3.00,25.3,1.00,-0.059
285.50,FINAL,60.12,61.12,21.59,-0.27,8.6,0.1,-5.8,-0.0,-508,0.46,0.000,0.026,1.00,,60,-12,0,-137,0,-3.00,25.3,1.00,-0.059
285.60,FINAL,60.09,61.09,21.59,-0.27,8.6,0.1,-5.8,-0.0,-507,0.46,0.000,0.026,1.00,,60,-13,0,-138,0,-3.00,25.3,1.00,-0.059
285.70,FINAL,60.06,61.07,21.59,-0.27,8.6,0.1,-5.8,-0.0,-505,0.46,0.000,0.026,1.00,,60,-15,0,-140,0,-3.00,25.3,1.00,-0.059
285.80,FINAL,60.04,61.04,21.59,-0.27,8.6,0.1,-5.8,-0.0,-503,0.46,0.000,0.026,1.00,,60,-17,0,-142,0,-3.00,25.3,1.00,-0.059
285.90,FINAL,60.01,61.01,21.60,-0.27,8.6,0.1,-5.8,-0.0,-501,0.46,0.000,0.026,1.00,,60,-19,0,-144,0,-3.00,25.3,1.00,-0.059
286.00,FINAL,59.98,60.99,21.60,-0.27,8.6,0.1,-5.8,-0.0,-499,0.46,0.000,0.026,1.00,,60,-21,0,-146,0,-3.00,25.3,1.00,-0.059
286.10,FINAL,59.95,60.96,21.60,-0.27,8.6,0.1,-5.8,-0.0,-497,0.46,0.000,0.026,1.00,,60,-23,0,-148,0,-3.00,25.3,1.00,-0.059
286.20,FINAL,59.93,60.93,21.60,-0.28,8.6,0.1,-5.8,-0.0,-495,0.46,0.000,0.026,1.00,,60,-25,0,-150,0,-3.00,25.3,1.00,-0.059
286.30,FINAL,59.90,60.90,21.60,-0.28,8.6,0.1,-5.8,-0.0,-493,0.46,0.000,0.026,1.00,,60,-27,0,-152,0,-3.00,25.3,1.00,-0.059
286.40,FINAL,59.87,60.88,21.60,-0.28,8.6,0.1,-5.8,-0.0,-491,0.46,0.000,0.026,1.00,,60,-29,0,-154,0,-3.00,25.3,1.00,-0.059
286.50,FINAL,59.84,60.85,21.60,-0.28,8.6,0.1,-5.8,-0.0,-490,0.46,0.000,0.026,1.00,,60,-30,0,-155,0,-3.00,25.3,1.00,-0.059
286.60,FINAL,59.82,60.82,21.60,-0.28,8.6,0.1,-5.8,-0.0,-488,0.46,0.000,0.026,1.00,,60,-32,0,-157,0,-3.00,25.3,1.00,-0.059
286.70,FINAL,59.79,60.79,21.61,-0.28,8.6,0.1,-5.8,-0.0,-486,0.46,0.000,0.026,1.00,,60,-34,0,-159,0,-3.00,25.3,1.00,-0.059
286.80,FINAL,59.76,60.77,21.61,-0.28,8.6,0.1,-5.8,-0.0,-484,0.46,0.000,0.026,1.00,,60,-36,0,-161,0,-3.00,25.3,1.00,-0.059
286.90,FINAL,59.73,60.74,21.61,-0.28,8.6,0.1,-5.8,-0.0,-482,0.46,0.000,0.026,1.00,,60,-38,0,-163,0,-3.00,25.3,1.00,-0.059
287.00,FINAL,59.71,60.71,21.61,-0.28,8.6,0.1,-5.8,-0.0,-480,0.46,0.000,0.026,1.00,,60,-40,0,-165,0,-3.00,25.3,1.00,-0.059
287.10,FINAL,59.68,60.68,21.61,-0.28,8.6,0.1,-5.8,-0.0,-478,0.46,0.000,0.026,1.00,,60,-42,0,-167,0,-3.00,25.3,1.00,-0.059
287.20,FINAL,59.65,60.65,21.61,-0.28,8.6,0.1,-5.8,-0.0,-476,0.46,0.000,0.026,1.00,,60,-44,0,-169,0,-3.00,25.3,1.00,-0.059
287.30,FINAL,59.62,60.63,21.61,-0.28,8.6,0.1,-5.8,0.0,-474,0.46,0.000,0.026,1.00,,60,-46,0,-171,-0,-3.00,25.3,1.00,-0.059
287.40,FINAL,59.59,60.60,21.61,-0.28,8.6,0.1,-5.8,0.0,-472,0.46,0.000,0.026,1.00,,60,-48,0,-173,-0,-3.00,25.3,1.00,-0.059
287.50,FINAL,59.57,60.57,21.61,-0.28,8.6,0.1,-5.8,0.0,-471,0.46,0.000,0.026,1.00,,60,-49,0,-174,-0,-3.00,25.3,1.00,-0.059
287.60,FINAL,59.54,60.54,21.61,-0.28,8.6,0.1,-5.8,0.0,-469,0.46,0.000,0.026,1.00,,60,-51,0,-176,-0,-3.00,25.3,1.00,-0.059
287.70,FINAL,59.51,60.51,21.61,-0.28,8.6,0.1,-5.8,0.0,-467,0.46,0.000,0.026,1.00,,60,-53,0,-178,-0,-3.00,25.3,1.00,-0.059
287.80,FINAL,59.48,60.49,21.61,-0.28,8.6,0.1,-5.8,0.0,-465,0.46,0.000,0.026,1.00,,59,-55,0,-180,-0,-3.00,25.3,1.00,-0.059
287.90,FINAL,59.45,60.46,21.62,-0.28,8.6,0.1,-5.8,0.0,-463,0.46,0.000,0.026,1.00,,59,-57,0,-182,-0,-3.00,25.3,1.00,-0.059
288.00,FINAL,59.43,60.43,21.62,-0.28,8.6,0.1,-5.8,0.0,-461,0.46,0.000,0.026,1.00,,59,-59,0,-184,-0,-3.00,25.3,1.00,-0.059
288.10,FINAL,59.40,60.40,21.62,-0.28,8.5,0.1,-5.8,0.0,-459,0.46,0.000,0.026,1.00,,59,-61,0,-186,-0,-3.00,25.3,1.00,-0.059
288.20,FINAL,59.37,60.37,21.62,-0.28,8.5,0.1,-5.8,0.0,-457,0.46,0.000,0.026,1.00,,59,-63,0,-188,-0,-3.00,25.3,1.00,-0.059
288.30,FINAL,59.34,60.34,21.62,-0.28,8.5,0.1,-5.8,0.0,-455,0.46,0.000,0.026,1.00,,59,-65,0,-190,-0,-3.00,25.3,1.00,-0.059
288.40,FINAL,59.31,60.32,21.62,-0.29,8.5,0.1,-5.8,0.0,-454,0.45,0.000,0.026,1.00,,59,-66,0,-191,-0,-3.00,25.3,1.00,-0.059
288.50,FINAL,59.28,60.29,21.62,-0.29,8.5,0.1,-5.8,0.0,-452,0.45,0.000,0.026,1.00,,59,-68,0,-193,-0,-3.00,25.3,1.00,-0.059
288.60,FINAL,59.26,60.26,21.62,-0.29,8.5,0.1,-5.8,0.0,-450,0.45,0.000,0.026,1.00,,59,-70,0,-195,-0,-3.00,25.3,1.00,-0.059
288.70,FINAL,59.23,60.23,21.62,-0.29,8.5,0.1,-5.8,0.0,-448,0.45,0.000,0.026,1.00,,59,-72,0,-197,-0,-3.00,25.3,1.00,-0.059
288.80,FINAL,59.20,60.20,21.62,-0.29,8.5,0.1,-5.8,0.0,-446,0.45,0.000,0.026,1.00,,59,-74,0,-199,-0,-3.00,25.3,1.00,-0.059
288.90,FINAL,59.17,60.17,21.62,-0.29,8.5,0.1,-5.8,0.0,-444,0.45,0.000,0.026,1.00,,59,-76,0,-201,-0,-3.00,25.3,1.00,-0.059
289.00,FINAL,59.14,60.14,21.62,-0.29,8.5,0.1,-5.8,0.0,-442,0.45,0.000,0.026,1.00,,59,-78,0,-203,-0,-3.00,25.3,1.00,-0.059
289.10,FINAL,59.11,60.11,21.63,-0.29,8.5,0.1,-5.8,0.0,-440,0.45,0.000,0.026,1.00,,59,-80,0,-205,-0,-3.00,25.3,1.00,-0.059
289.20,FINAL,59.08,60.08,21.63,-0.30,8.5,0.1,-5.8,0.0,-438,0.45,0.000,0.026,1.00,,59,-82,0,-207,-0,-3.00,25.3,1.00,-0.059
289.30,FINAL,59.05,60.05,21.63,-0.30,8.5,0.1,-5.8,0.0,-436,0.45,0.000,0.026,1.00,,59,-84,0,-209,-0,-3.00,25.3,1.00,-0.059
289.40,FINAL,59.02,60.02,21.63,-0.30,8.5,0.1,-5.8,0.0,-435,0.45,0.000,0.026,1.00,,59,-85,0,-210,-0,-3.00,25.3,1.00,-0.059
289.50,FINAL,58.99,59.99,21.63,-0.30,8.5,0.1,-5.8,0.0,-433,0.45,0.000,0.026,1.00,,59,-87,0,-212,-0,-3.00,25.3,1.00,-0.059
289.60,FINAL,58.96,59.96,21.63,-0.30,8.5,0.1,-5.8,0.0,-431,0.45,0.000,0.026,1.00,,59,-89,0,-214,-0,-3.00,25.3,1.00,-0.059
289.70,FINAL,58.93,59.93,21.63,-0.30,8.5,0.1,-5.8,0.0,-429,0.45,0.000,0.026,1.00,,59,-91,0,-216,-0,-3.00,25.3,1.00,-0.059
289.80,FINAL,58.90,59.90,21.63,-0.31,8.4,0.1,-5.8,0.0,-427,0.45,0.000,0.026,1.00,,59,-93,0,-218,-0,-3.00,25.3,1.00,-0.059
289.90,FINAL,58.87,59.87,21.64,-0.31,8.4,0.1,-5.8,0.0,-425,0.45,0.000,0.026,1.00,,59,-95,0,-220,-0,-3.00,25.3,1.00,-0.059
290.00,FINAL,58.84,59.84,21.64,-0.31,8.4,0.1,-5.8,0.0,-423,0.45,0.000,0.026,1.00,,59,-97,0,-222,-0,-3.00,25.3,1.00,-0.059
290.10,FINAL,58.81,59.81,21.64,-0.31,8.4,0.1,-5.8,0.0,-421,0.45,0.000,0.026,1.00,,59,-99,0,-224,-0,-3.00,25.3,1.00,-0.059
290.20,FINAL,58.78,59.78,21.64,-0.32,8.4,0.1,-5.8,0.0,-419,0.45,0.000,0.026,1.00,,59,-101,0,-226,-0,-3.00,25.3,1.00,-0.059
290.30,FINAL,58.74,59.75,21.64,-0.32,8.4,0.1,-5.8,0.0,-417,0.45,0.000,0.026,1.00,,59,-103,0,-228,-0,-3.00,25.3,1.00,-0.059
290.40,FINAL,58.71,59.72,21.64,-0.32,8.4,0.1,-5.8,0.0,-416,0.45,0.000,0.026,1.00,,59,-104,0,-229,-0,-3.00,25.3,1.00,-0.059
290.50,FINAL,58.68,59.68,21.64,-0.32,8.4,0.1,-5.8,0.0,-414,0.45,0.000,0.026,1.00,,59,-106,0,-231,-0,-3.00,25.3,1.00,-0.059
290.60,FINAL,58.65,59.65,21.65,-0.32,8.4,0.1,-5.8,0.0,-412,0.45,0.000,0.026,1.00,,59,-108,0,-233,-0,-3.00,25.3,1.00,-0.059
290.70,FINAL,58.62,59.62,21.65,-0.33,8.4,0.1,-5.8,0.0,-410,0.45,0.000,0.026,1.00,,59,-110,0,-235,-0,-3.00,25.3,1.00,-0.059
290.80,FINAL,58.58,59.59,21.65,-0.33,8.4,0.1,-5.8,0.0,-408,0.45,0.000,0.026,1.00,,59,-112,0,-237,-0,-3.00,25.3,1.00,-0.059
290.90,FINAL,58.55,59.55,21.65,-0.33,8.4,0.1,-5.8,0.0,-406,0.45,0.000,0.026,1.00,,59,-114,0,-239,-0,-3.00,25.3,1.00,-0.059
291.00,FINAL,58.52,59.52,21.65,-0.33,8.4,0.1,-5.8,0.0,-404,0.45,0.000,0.026,1.00,,59,-116,0,-241,-0,-3.00,25.3,1.00,-0.059
291.10,FINAL,58.48,59.49,21.66,-0.34,8.3,0.1,-5.8,0.0,-402,0.45,0.000,0.026,1.00,,58,-118,0,-243,-0,-3.00,25.3,1.00,-0.059
291.20,FINAL,58.45,59.45,21.66,-0.34,8.3,0.1,-5.8,0.0,-400,0.45,0.000,0.026,1.00,,58,-120,0,-245,-0,-3.00,25.3,1.00,-0.059
291.30,FINAL,58.42,59.42,21.66,-0.34,8.3,0.1,-5.8,0.0,-399,0.45,0.000,0.026,1.00,,58,-121,0,-246,-0,-3.00,25.3,1.00,-0.059
291.40,FINAL,58.38,59.39,21.66,-0.34,8.3,0.1,-5.8,0.0,-397,0.45,0.000,0.026,1.00,,58,-123,0,-248,-0,-3.00,25.3,1.00,-0.059
291.50,FINAL,58.35,59.35,21.66,-0.34,8.3,0.0,-5.8,0.0,-395,0.45,0.000,0.026,1.00,,58,-125,0,-250,-0,-3.00,25.3,1.00,-0.059
291.60,FINAL,58.31,59.32,21.67,-0.35,8.3,0.0,-5.8,0.0,-393,0.45,0.000,0.026,1.00,,58,-127,0,-252,-0,-3.00,25.3,1.00,-0.059
291.70,FINAL,58.28,59.28,21.67,-0.35,8.3,0.0,-5.8,0.0,-391,0.45,0.000,0.026,1.00,,58,-129,0,-254,-0,-3.00,25.3,1.00,-0.059
291.80,FINAL,58.24,59.25,21.67,-0.35,8.3,0.0,-5.8,0.0,-389,0.45,0.000,0.026,1.00,,58,-131,0,-256,-0,-3.00,25.3,1.00,-0.059
291.90,FINAL,58.21,59.21,21.67,-0.35,8.3,0.0,-5.8,0.0,-387,0.45,0.000,0.026,1.00,,58,-133,0,-258,-0,-3.00,25.3,1.00,-0.059
292.00,FINAL,58.17,59.18,21.67,-0.36,8.3,0.0,-5.8,0.0,-385,0.45,0.000,0.026,1.00,,58,-135,0,-260,-0,-3.00,25.3,1.00,-0.059
292.10,FINAL,58.14,59.14,21.68,-0.36,8.3,0.0,-5.8,0.0,-383,0.45,0.000,0.026,1.00,,58,-137,0,-262,-0,-3.00,25.3,1.00,-0.059
292.20,FINAL,58.10,59.11,21.68,-0.36,8.3,0.0,-5.8,0.0,-381,0.45,0.000,0.026,1.00,,58,-139,0,-264,-0,-3.00,25.3,1.00,-0.059
292.30,FINAL,58.07,59.07,21.68,-0.36,8.3,0.0,-5.8,0.0,-379,0.45,0.000,0.026,1.00,,58,-141,0,-266,-0,-3.00,25.3,1.00,-0.059
292.40,FINAL,58.03,59.03,21.68,-0.37,8.2,0.0,-5.8,0.0,-378,0.45,0.000,0.026,1.00,,58,-142,0,-267,-0,-3.00,25.3,1.00,-0.059
292.50,FINAL,57.99,59.00,21.69,-0.37,8.2,0.0,-5.8,0.0,-376,0.45,0.000,0.026,1.00,,58,-144,0,-269,-0,-3.00,25.3,1.00,-0.059
292.60,FINAL,57.96,58.96,21.69,-0.37,8.2,0.0,-5.8,0.0,-374,0.44,0.000,0.026,1.00,,58,-146,0,-271,-0,-3.00,25.3,1.00,-0.059
292.70,FINAL,57.92,58.92,21.69,-0.37,8.2,0.0,-5.8,0.0,-372,0.44,0.000,0.026,1.00,,58,-148,0,-273,-0,-3.00,25.3,1.00,-0.059
292.80,GOAROUND,57.88,58.88,21.69,-0.37,8.2,0.0,-5.8,0.0,-370,0.44,0.000,0.026,1.00,,58,-150,0,-275,-0,-3.00,25.3,1.00,-0.059
292.90,GOAROUND,57.85,58.85,21.80,-0.30,8.3,0.0,-5.8,0.0,-368,1.00,0.000,0.027,0.98,,,,0,-277,-0,4.48,30.1,1.05,0.187
293.00,GOAROUND,57.82,58.82,21.94,-0.22,8.5,0.0,-5.8,0.1,-366,1.00,0.000,0.028,0.95,,,,0,-279,-0,4.48,30.1,1.10,0.187
293.10,GOAROUND,57.80,58.80,22.06,-0.13,8.8,0.0,-5.7,0.1,-364,1.00,0.000,0.028,0.93,,,,0,-281,-0,4.48,30.1,1.15,0.187
293.20,GOAROUND,57.79,58.79,22.18,-0.02,9.2,-0.0,-5.7,0.1,-362,1.00,0.000,0.027,0.90,,,,0,-283,-0,4.48,30.1,1.20,0.185
293.30,GOAROUND,57.79,58.80,22.29,0.10,9.6,-0.1,-5.7,0.1,-360,1.00,0.000,0.027,0.88,,,,0,-285,-0,4.48,30.1,1.25,0.171
293.40,GOAROUND,57.81,58.81,22.40,0.23,10.0,-0.1,-5.6,0.1,-358,1.00,0.000,0.026,0.85,,,,0,-287,-0,4.48,30.1,1.30,0.157
293.50,GOAROUND,57.83,58.84,22.50,0.36,10.4,-0.2,-5.6,0.1,-356,1.00,0.000,0.025,0.83,,,,0,-289,-0,4.48,30.1,1.35,0.143
293.60,GOAROUND,57.87,58.88,22.60,0.49,10.7,-0.2,-5.6,0.1,-354,1.00,0.000,0.024,0.80,,,,0,-291,-0,4.48,30.1,1.40,0.130
293.70,GOAROUND,57.93,58.93,22.69,0.62,11.0,-0.2,-5.5,0.1,-352,1.00,0.000,0.024,0.78,,,,0,-293,-0,4.48,30.1,1.45,0.116
293.80,GOAROUND,57.99,59.00,22.78,0.74,11.2,-0.2,-5.5,0.1,-350,1.00,0.000,0.023,0.75,,,,0,-295,-0,4.48,30.1,1.50,0.104
293.90,GOAROUND,58.07,59.08,22.86,0.86,11.4,-0.2,-5.5,0.1,-348,1.00,0.000,0.023,0.73,,,,0,-297,-0,4.48,30.1,1.55,0.093
294.00,GOAROUND,58.16,59.17,22.95,0.97,11.6,-0.3,-5.5,0.1,-346,1.00,0.000,0.023,0.70,,,,0,-299,-0,4.48,30.1,1.60,0.082
294.10,GOAROUND,58.26,59.27,23.03,1.07,11.8,-0.3,-5.4,0.1,-344,1.00,0.000,0.023,0.68,,,,0,-301,-0,4.48,30.1,1.65,0.072
294.20,GOAROUND,58.37,59.38,23.11,1.16,11.9,-0.3,-5.4,0.1,-342,1.00,0.000,0.022,0.65,,,,0,-303,-0,4.48,30.1,1.70,0.062
294.30,GOAROUND,58.49,59.49,23.18,1.24,12.0,-0.3,-5.4,0.1,-340,1.00,0.000,0.022,0.63,,,,0,-305,-0,4.48,30.1,1.75,0.052
294.40,GOAROUND,58.62,59.62,23.26,1.32,12.2,-0.3,-5.4,0.2,-338,1.00,0.000,0.022,0.60,,,,0,-307,-0,4.48,30.1,1.80,0.042
294.50,GOAROUND,58.75,59.76,23.33,1.39,12.3,-0.3,-5.4,0.2,-336,1.00,0.000,0.022,0.58,,,,0,-309,-0,4.48,30.1,1.85,0.033
294.60,GOAROUND,58.89,59.90,23.41,1.45,12.3,-0.3,-5.4,0.2,-334,1.00,0.000,0.022,0.55,,,,0,-311,-0,4.48,30.1,1.90,0.025
294.70,GOAROUND,59.04,60.04,23.48,1.50,12.4,-0.3,-5.4,0.2,-332,1.00,0.000,0.022,0.53,,,,0,-313,-0,4.48,30.1,1.95,0.016
294.80,GOAROUND,59.19,60.19,23.55,1.54,12.4,-0.3,-5.4,0.2,-330,1.00,0.000,0.022,0.50,,,,0,-315,-0,4.48,30.1,2.00,-0.059
294.90,GOAROUND,59.35,60.35,23.63,1.57,12.4,-0.3,-5.4,0.2,-328,1.00,0.000,0.022,0.48,,,,0,-317,-0,4.48,30.1,2.00,-0.059
295.00,GOAROUND,59.50,60.51,23.70,1.59,12.3,-0.3,-5.4,0.2,-326,1.00,0.000,0.022,0.45,,,,0,-319,-0,4.48,30.1,2.00,-0.059
295.10,GOAROUND,59.66,60.67,23.78,1.61,12.3,-0.3,-5.4,0.2,-324,1.00,0.000,0.022,0.43,,,,0,-321,-0,4.48,30.1,2.00,-0.059
295.20,GOAROUND,59.82,60.83,23.86,1.61,12.2,-0.3,-5.3,0.2,-321,1.00,0.000,0.022,0.40,,,,0,-324,-0,4.48,30.1,2.00,-0.059
295.30,GOAROUND,59.98,60.99,23.94,1.60,12.1,-0.3,-5.3,0.2,-319,1.00,0.000,0.023,0.38,,,,0,-326,-0,4.48,30.1,2.00,-0.059
295.40,GOAROUND,60.14,61.15,24.02,1.58,12.0,-0.3,-5.3,0.2,-317,1.00,0.000,0.023,0.35,,,,0,-328,-0,4.48,30.1,2.00,-0.059
295.50,GOAROUND,60.30,61.31,24.10,1.55,11.8,-0.3,-5.3,0.3,-315,1.00,0.000,0.023,0.33,,,,0,-330,-0,4.48,30.1,2.00,-0.059
295.60,GOAROUND,60.46,61.46,24.19,1.51,11.6,-0.3,-5.3,0.3,-313,1.00,0.000,0.023,0.30,,,,0,-332,-0,4.48,30.1,2.00,-0.059
295.70,GOAROUND,60.61,61.61,24.28,1.46,11.4,-0.3,-5.3,0.3,-311,1.00,0.000,0.023,0.28,,,,0,-334,-0,4.48,30.1,2.00,-0.059
295.80,GOAROUND,60.75,61.75,24.38,1.40,11.2,-0.3,-5.3,0.3,-309,1.00,0.000,0.023,0.25,,,,0,-336,-0,4.48,30.1,2.00,-0.059
295.90,GOAROUND,60.89,61.89,24.48,1.33,10.9,-0.3,-5.3,0.3,-306,1.00,0.000,0.023,0.23,,,,0,-339,-0,4.48,30.1,2.00,-0.059
296.00,GOAROUND,61.02,62.02,24.59,1.25,10.6,-0.4,-5.3,0.3,-304,1.00,0.000,0.023,0.20,,,,0,-341,-0,4.48,30.1,2.00,-0.059
296.10,GOAROUND,61.14,62.14,24.70,1.15,10.2,-0.4,-5.3,0.3,-302,1.00,0.000,0.023,0.18,,,,0,-343,-0,4.48,30.1,2.00,-0.059
296.20,GOAROUND,61.25,62.25,24.81,1.04,9.8,-0.4,-5.3,0.3,-300,1.00,0.000,0.023,0.15,,,,0,-345,-0,4.48,30.1,2.00,-0.059
296.30,GOAROUND,61.35,62.35,24.94,0.91,9.4,-0.4,-5.2,0.3,-298,1.00,0.000,0.023,0.13,,,,0,-347,-0,4.48,30.1,2.00,-0.059
296.40,GOAROUND,61.44,62.44,25.07,0.77,8.9,-0.4,-5.2,0.4,-295,1.00,0.000,0.023,0.10,,,,0,-350,-0,4.48,30.1,2.00,-0.059
296.50,GOAROUND,61.51,62.51,25.21,0.61,8.4,-0.4,-5.2,0.4,-293,1.00,0.000,0.023,0.08,,,,0,-352,-0,4.48,30.1,2.00,-0.059
296.60,GOAROUND,61.56,62.57,25.35,0.44,7.9,-0.4,-5.2,0.4,-291,1.00,0.000,0.023,0.05,,,,0,-354,-0,4.48,30.1,2.00,-0.059
296.70,GOAROUND,61.60,62.61,25.51,0.25,7.3,-0.4,-5.2,0.4,-289,1.00,0.000,0.022,0.03,,,,0,-356,-0,4.48,30.1,2.00,-0.059
296.80,GOAROUND,61.62,62.62,25.67,0.04,6.7,-0.5,-5.2,0.4,-286,1.00,0.000,0.022,0.00,,,,0,-359,-0,4.48,30.1,2.00,-0.059
296.90,GOAROUND,61.62,62.62,25.84,-0.17,6.1,-0.5,-5.2,0.4,-284,1.00,0.000,0.022,0.00,,,,0,-361,-0,4.48,30.1,2.00,-0.059
297.00,GOAROUND,61.59,62.60,26.02,-0.39,5.5,-0.5,-5.2,0.5,-282,1.00,0.000,0.022,0.00,,,,0,-363,-0,4.48,30.1,2.00,-0.059
297.10,GOAROUND,61.55,62.55,26.21,-0.61,4.9,-0.5,-5.1,0.5,-279,1.00,0.000,0.022,0.00,,,,0,-366,-0,4.48,30.1,2.00,-0.059
297.20,GOAROUND,61.48,62.48,26.41,-0.83,4.3,-0.5,-5.1,0.5,-277,1.00,0.000,0.022,0.00,,,,0,-368,-0,4.48,30.1,2.00,-0.056
297.30,GOAROUND,61.39,62.39,26.61,-1.06,3.7,-0.6,-5.1,0.5,-275,1.00,0.000,0.022,0.00,,,,0,-370,-1,4.48,30.1,2.00,-0.038
297.40,GOAROUND,61.27,62.28,26.82,-1.29,3.1,-0.6,-5.1,0.5,-272,1.00,0.000,0.022,0.00,,,,0,-373,-1,4.48,30.1,2.00,-0.019
297.50,GOAROUND,61.14,62.14,27.04,-1.52,2.6,-0.6,-5.1,0.5,-270,1.00,0.000,0.022,0.00,,,,0,-375,-1,4.48,30.1,2.00,0.000
297.60,GOAROUND,60.98,61.98,27.26,-1.75,2.0,-0.6,-5.1,0.6,-267,1.00,0.000,0.021,0.00,,,,0,-378,-1,4.48,30.1,2.00,0.021
297.70,GOAROUND,60.79,61.80,27.49,-1.98,1.5,-0.6,-5.1,0.6,-265,1.00,0.000,0.021,0.00,,,,0,-380,-1,4.48,30.1,2.00,0.043
297.80,GOAROUND,60.59,61.59,27.73,-2.21,0.9,-0.7,-5.1,0.6,-262,1.00,0.000,0.021,0.00,,,,0,-383,-1,4.48,30.1,2.00,0.065
297.90,GOAROUND,60.36,61.36,27.97,-2.44,0.4,-0.7,-5.1,0.6,-260,1.00,0.000,0.021,0.00,,,,0,-385,-1,4.48,30.1,2.00,0.088
298.00,GOAROUND,60.11,61.11,28.22,-2.67,-0.1,-0.7,-5.1,0.7,-257,1.00,0.025,0.021,0.00,,,,0,-388,-1,4.48,30.1,2.00,0.112
298.10,GOAROUND,59.83,60.84,28.48,-2.90,-0.4,-0.7,-5.0,0.7,-255,1.00,0.040,0.021,0.00,,,,0,-390,-1,4.48,30.1,2.00,0.137
298.20,GOAROUND,59.54,60.54,28.74,-3.10,-0.6,-0.7,-5.0,0.7,-252,1.00,0.045,0.020,0.00,,,,0,-393,-1,4.48,30.1,2.00,0.162
298.30,GOAROUND,59.22,60.22,29.00,-3.26,-0.7,-0.8,-5.0,0.8,-250,1.00,0.048,0.020,0.00,,,,0,-395,-1,4.48,30.1,2.00,0.187
298.40,GOAROUND,58.89,59.89,29.26,-3.37,-0.6,-0.8,-5.0,0.8,-247,1.00,0.033,0.020,0.00,,,,0,-398,-1,4.48,30.1,1.97,0.187
298.50,GOAROUND,58.55,59.55,29.51,-3.44,-0.6,-0.8,-5.0,0.8,-244,1.00,0.031,0.020,0.00,,,,0,-401,-1,4.48,30.1,1.92,0.187
298.60,GOAROUND,58.20,59.21,29.77,-3.49,-0.6,-0.8,-4.9,0.9,-242,1.00,0.037,0.019,0.00,,,,0,-403,-1,4.48,30.1,1.87,0.187
298.70,GOAROUND,57.85,58.86,30.02,-3.54,-0.6,-0.8,-4.9,0.9,-239,0.98,0.042,0.019,0.00,,,,0,-406,-1,4.48,30.1,1.82,0.187
298.80,GOAROUND,57.50,58.50,30.27,-3.57,-0.7,-0.9,-4.9,0.9,-236,0.95,0.043,0.019,0.00,,,,0,-409,-1,4.48,30.1,1.77,0.187
298.90,GOAROUND,57.14,58.14,30.50,-3.60,-0.7,-0.9,-4.9,0.9,-233,0.92,0.043,0.019,0.00,,,,0,-412,-1,4.48,30.1,1.72,0.187
299.00,GOAROUND,56.78,57.78,30.73,-3.61,-0.7,-0.9,-4.8,1.0,-231,0.89,0.043,0.018,0.00,,,,0,-414,-1,4.48,30.1,1.67,0.187
299.10,GOAROUND,56.42,57.42,30.95,-3.62,-0.7,-0.9,-4.8,1.0,-228,0.86,0.044,0.018,0.00,,,,0,-417,-1,4.48,30.1,1.62,0.187
299.20,GOAROUND,56.06,57.06,31.16,-3.62,-0.7,-0.9,-4.8,1.1,-225,0.83,0.045,0.018,0.00,,,,0,-420,-1,4.48,30.1,1.57,0.187
299.30,GOAROUND,55.70,56.70,31.36,-3.61,-0.7,-0.9,-4.8,1.1,-222,0.81,0.045,0.018,0.00,,,,0,-423,-1,4.48,30.1,1.52,0.187
299.40,GOAROUND,55.33,56.34,31.55,-3.61,-0.7,-0.9,-4.8,1.1,-219,0.78,0.046,0.018,0.00,,,,0,-426,-1,4.48,30.1,1.47,0.187
299.50,GOAROUND,54.97,55.98,31.73,-3.59,-0.7,-0.9,-4.7,1.2,-216,0.76,0.046,0.017,0.00,,,,0,-429,-1,4.48,30.1,1.42,0.187
299.60,GOAROUND,54.61,55.62,31.91,-3.58,-0.7,-0.9,-4.7,1.2,-214,0.73,0.046,0.017,0.00,,,,0,-431,-1,4.48,30.1,1.37,0.187
299.70,GOAROUND,54.26,55.26,32.08,-3.56,-0.7,-0.9,-4.7,1.2,-211,0.71,0.046,0.017,0.00,,,,0,-434,-1,4.48,30.1,1.32,0.187
299.80,GOAROUND,53.90,54.91,32.24,-3.54,-0.6,-0.9,-4.7,1.3,-208,0.69,0.047,0.017,0.00,,,,0,-437,-1,4.48,30.1,1.27,0.187
299.90,GOAROUND,53.55,54.55,32.39,-3.52,-0.6,-0.9,-4.7,1.3,-205,0.67,0.047,0.017,0.00,,,,0,-440,-1,4.48,30.1,1.22,0.187
300.00,GOAROUND,53.20,54.20,32.54,-3.49,-0.6,-0.9,-4.6,1.3,-202,0.65,0.047,0.017,0.00,,,,0,-443,-1,4.48,30.1,1.17,0.187
300.10,GOAROUND,52.85,53.85,32.68,-3.46,-0.6,-0.9,-4.6,1.3,-199,0.63,0.047,0.017,0.00,,,,0,-446,-1,4.48,30.1,1.12,0.187
300.20,GOAROUND,52.50,53.51,32.81,-3.43,-0.5,-0.9,-4.6,1.4,-196,0.61,0.047,0.017,0.00,,,,0,-449,-1,4.48,30.1,1.07,0.187
300.30,GOAROUND,52.16,53.17,32.94,-3.40,-0.5,-0.9,-4.6,1.4,-193,0.59,0.047,0.017,0.00,,,,0,-452,-1,4.48,30.1,1.02,0.187
300.40,GOAROUND,51.82,52.83,33.06,-3.37,-0.4,-0.9,-4.6,1.4,-190,0.57,0.047,0.017,0.00,,,,0,-455,-1,4.48,30.1,1.00,0.187
300.50,GOAROUND,51.49,52.49,33.17,-3.33,-0.4,-0.9,-4.5,1.5,-187,0.56,0.047,0.017,0.00,,,,0,-458,-1,4.48,30.1,1.00,0.187
300.60,GOAROUND,51.16,52.16,33.28,-3.30,-0.3,-0.9,-4.5,1.5,-184,0.54,0.047,0.017,0.00,,,,0,-461,-1,4.48,30.1,1.00,0.187
300.70,GOAROUND,50.83,51.83,33.39,-3.26,-0.3,-0.9,-4.5,1.5,-181,0.53,0.047,0.017,0.00,,,,0,-464,-2,4.48,30.1,1.00,0.187
300.80,GOAROUND,50.50,51.51,33.49,-3.22,-0.2,-0.9,-4.5,1.5,-177,0.51,0.048,0.017,0.00,,,,0,-468,-2,4.48,30.1,1.00,0.187
300.90,GOAROUND,50.18,51.19,33.58,-3.18,-0.2,-0.9,-4.4,1.6,-174,0.50,0.048,0.017,0.00,,,,0,-471,-2,4.48,30.1,1.00,0.187
301.00,GOAROUND,49.86,50.87,33.67,-3.14,-0.1,-0.9,-4.4,1.6,-171,0.49,0.048,0.016,0.00,,,,0,-474,-2,4.48,30.1,1.00,0.187
301.10,GOAROUND,49.55,50.56,33.75,-3.10,-0.1,-0.9,-4.4,1.6,-168,0.48,0.048,0.016,0.00,,,,0,-477,-2,4.48,30.1,1.00,0.187
301.20,GOAROUND,49.24,50.25,33.83,-3.06,-0.0,-0.9,-4.3,1.6,-165,0.47,0.048,0.016,0.00,,,,0,-480,-2,4.48,30.1,1.00,0.187
301.30,GOAROUND,48.94,49.94,33.91,-3.01,0.1,-0.9,-4.3,1.7,-162,0.46,0.047,0.016,0.00,,,,0,-483,-2,4.48,30.1,1.00,0.187
301.40,GOAROUND,48.64,49.64,33.98,-2.97,0.1,-0.9,-4.3,1.7,-159,0.45,0.047,0.016,0.00,,,,0,-486,-2,4.48,30.1,1.00,0.187
301.50,GOAROUND,48.34,49.35,34.05,-2.93,0.2,-0.9,-4.3,1.7,-156,0.43,0.047,0.016,0.00,,,,0,-489,-2,4.48,30.1,1.00,0.187
301.60,GOAROUND,48.05,49.06,34.11,-2.88,0.2,-0.9,-4.2,1.7,-153,0.41,0.047,0.016,0.00,,,,0,-492,-2,4.48,30.1,1.00,0.187
301.70,GOAROUND,47.77,48.77,34.16,-2.84,0.3,-0.8,-4.2,1.7,-149,0.40,0.048,0.016,0.00,,,,0,-496,-2,4.48,30.1,1.00,0.187
301.80,GOAROUND,47.48,48.49,34.21,-2.80,0.4,-0.8,-4.2,1.8,-146,0.38,0.048,0.016,0.00,,,,0,-499,-2,4.48,30.1,1.00,0.187
301.90,GOAROUND,47.20,48.21,34.26,-2.75,0.4,-0.8,-4.2,1.8,-143,0.37,0.048,0.016,0.00,,,,0,-502,-2,4.48,30.1,1.00,0.187
302.00,GOAROUND,46.93,47.93,34.30,-2.71,0.5,-0.8,-4.1,1.8,-140,0.36,0.048,0.016,0.00,,,,0,-505,-2,4.48,30.1,1.00,0.187
302.10,GOAROUND,46.66,47.66,34.34,-2.67,0.6,-0.8,-4.1,1.8,-137,0.35,0.048,0.016,0.00,,,,0,-508,-2,4.48,30.1,1.00,0.187
302.20,GOAROUND,46.39,47.40,34.37,-2.63,0.6,-0.8,-4.1,1.8,-134,0.34,0.048,0.016,0.00,,,,0,-511,-2,4.48,30.1,1.00,0.187
302.30,GOAROUND,46.13,47.14,34.40,-2.59,0.7,-0.8,-4.1,1.8,-130,0.33,0.048,0.016,0.00,,,,0,-515,-2,4.48,30.1,1.00,0.187
302.40,GOAROUND,45.88,46.88,34.43,-2.55,0.7,-0.8,-4.0,1.8,-127,0.32,0.048,0.016,0.00,,,,0,-518,-2,4.48,30.1,1.00,0.187
302.50,GOAROUND,45.62,46.63,34.45,-2.50,0.8,-0.8,-4.0,1.8,-124,0.32,0.048,0.016,0.00,,,,0,-521,-2,4.48,30.1,1.00,0.187
302.60,GOAROUND,45.37,46.38,34.47,-2.46,0.9,-0.8,-4.0,1.8,-121,0.31,0.048,0.016,0.00,,,,0,-524,-2,4.48,30.1,1.00,0.187
302.70,GOAROUND,45.13,46.13,34.49,-2.42,0.9,-0.8,-4.0,1.8,-118,0.31,0.048,0.016,0.00,,,,0,-527,-2,4.48,30.1,1.00,0.187
302.80,GOAROUND,44.89,45.89,34.51,-2.38,1.0,-0.7,-3.9,1.8,-114,0.30,0.048,0.016,0.00,,,,0,-531,-2,4.48,30.1,1.00,0.187
302.90,GOAROUND,44.65,45.66,34.52,-2.34,1.1,-0.7,-3.9,1.8,-111,0.30,0.048,0.016,0.00,,,,0,-534,-2,4.48,30.1,1.00,0.187
303.00,GOAROUND,44.42,45.42,34.54,-2.30,1.1,-0.7,-3.9,1.8,-108,0.30,0.048,0.016,0.00,,,,0,-537,-2,4.48,30.1,1.00,0.187
303.10,GOAROUND,44.19,45.19,34.55,-2.26,1.2,-0.7,-3.9,1.8,-105,0.30,0.048,0.016,0.00,,,,0,-540,-2,4.48,30.1,1.00,0.187
303.20,GOAROUND,43.97,44.97,34.56,-2.22,1.3,-0.7,-3.8,1.8,-102,0.30,0.048,0.016,0.00,,,,0,-543,-2,4.48,30.1,1.00,0.187
303.30,GOAROUND,43.75,44.75,34.57,-2.18,1.3,-0.7,-3.8,1.8,-98,0.30,0.048,0.016,0.00,,,,0,-547,-2,4.48,30.1,1.00,0.187
303.40,GOAROUND,43.53,44.53,34.57,-2.14,1.4,-0.7,-3.8,1.8,-95,0.29,0.048,0.016,0.00,,,,0,-550,-2,4.48,30.1,1.00,0.187
303.50,GOAROUND,43.32,44.32,34.58,-2.10,1.5,-0.7,-3.7,1.8,-92,0.29,0.048,0.016,0.00,,,,0,-553,-2,4.48,30.1,1.00,0.187
303.60,GOAROUND,43.11,44.11,34.58,-2.06,1.5,-0.7,-3.7,1.8,-89,0.29,0.048,0.016,0.00,,,,0,-556,-2,4.48,30.1,1.00,0.187
303.70,GOAROUND,42.90,43.91,34.59,-2.02,1.6,-0.7,-3.7,1.8,-86,0.30,0.048,0.016,0.00,,,,0,-559,-2,4.48,30.1,1.00,0.187
303.80,GOAROUND,42.70,43.71,34.59,-1.97,1.6,-0.6,-3.7,1.8,-82,0.30,0.048,0.016,0.00,,,,0,-563,-2,4.48,30.1,1.00,0.187
303.90,GOAROUND,42.51,43.51,34.59,-1.93,1.7,-0.6,-3.6,1.8,-79,0.30,0.047,0.016,0.00,,,,0,-566,-2,4.48,30.1,1.00,0.187
304.00,GOAROUND,42.32,43.32,34.59,-1.89,1.8,-0.6,-3.6,1.8,-76,0.30,0.047,0.016,0.00,,,,0,-569,-2,4.48,30.1,1.00,0.187
304.10,GOAROUND,42.13,43.13,34.59,-1.85,1.8,-0.6,-3.6,1.8,-73,0.30,0.047,0.016,0.00,,,,0,-572,-2,4.48,30.1,1.00,0.187
304.20,GOAROUND,41.94,42.95,34.59,-1.81,1.9,-0.6,-3.6,1.7,-70,0.30,0.047,0.016,0.00,,,,0,-575,-2,4.48,30.1,1.00,0.187
304.30,GOAROUND,41.76,42.77,34.59,-1.77,2.0,-0.6,-3.5,1.7,-66,0.30,0.047,0.016,0.00,,,,0,-579,-2,4.48,30.1,1.00,0.187
304.40,GOAROUND,41.59,42.59,34.59,-1.73,2.0,-0.6,-3.5,1.7,-63,0.30,0.047,0.016,0.00,,,,0,-582,-2,4.48,30.1,1.00,0.187
304.50,GOAROUND,41.42,42.42,34.58,-1.69,2.1,-0.6,-3.5,1.7,-60,0.31,0.047,0.016,0.00,,,,0,-585,-2,4.48,30.1,1.00,0.187
304.60,GOAROUND,41.25,42.25,34.58,-1.65,2.2,-0.5,-3.5,1.7,-57,0.31,0.047,0.016,0.00,,,,0,-588,-2,4.48,30.1,1.00,0.187
304.70,GOAROUND,41.08,42.09,34.57,-1.61,2.2,-0.5,-3.4,1.6,-54,0.31,0.046,0.016,0.00,,,,0,-591,-2,4.48,30.1,1.00,0.187
304.80,GOAROUND,40.92,41.93,34.57,-1.57,2.3,-0.5,-3.4,1.6,-50,0.31,0.046,0.016,0.00,,,,0,-595,-2,4.48,30.1,1.00,0.187
304.90,GOAROUND,40.77,41.77,34.56,-1.53,2.4,-0.5,-3.4,1.6,-47,0.32,0.046,0.016,0.00,,,,0,-598,-2,4.48,30.1,1.00,0.187
305.00,GOAROUND,40.62,41.62,34.56,-1.49,2.4,-0.5,-3.4,1.6,-44,0.32,0.046,0.016,0.00,,,,0,-601,-2,4.48,30.1,1.00,0.187
305.10,GOAROUND,40.47,41.47,34.55,-1.45,2.5,-0.5,-3.3,1.5,-41,0.32,0.046,0.016,0.00,,,,0,-604,-2,4.48,30.1,1.00,0.187
305.20,GOAROUND,40.32,41.33,34.55,-1.41,2.6,-0.5,-3.3,1.5,-38,0.32,0.046,0.016,0.00,,,,0,-607,-2,4.48,30.1,1.00,0.187
305.30,GOAROUND,40.18,41.19,34.54,-1.38,2.6,-0.4,-3.3,1.5,-34,0.33,0.045,0.017,0.00,,,,0,-611,-1,4.48,30.1,1.00,0.187
305.40,GOAROUND,40.05,41.05,34.53,-1.34,2.7,-0.4,-3.3,1.5,-31,0.33,0.045,0.017,0.00,,,,0,-614,-1,4.48,30.1,1.00,0.187
305.50,GOAROUND,39.91,40.92,34.52,-1.30,2.8,-0.4,-3.3,1.4,-28,0.33,0.045,0.017,0.00,,,,0,-617,-1,4.48,30.1,1.00,0.187
305.60,GOAROUND,39.79,40.79,34.52,-1.26,2.8,-0.4,-3.2,1.4,-25,0.34,0.045,0.017,0.00,,,,0,-620,-1,4.48,30.1,1.00,0.187
305.70,GOAROUND,39.66,40.67,34.51,-1.22,2.9,-0.4,-3.2,1.4,-21,0.34,0.045,0.017,0.00,,,,0,-624,-1,4.48,30.1,1.00,0.187
305.80,GOAROUND,39.54,40.55,34.50,-1.18,3.0,-0.4,-3.2,1.3,-18,0.34,0.044,0.017,0.00,,,,0,-627,-1,4.48,30.1,1.00,0.187
305.90,GOAROUND,39.43,40.43,34.49,-1.14,3.0,-0.3,-3.2,1.3,-15,0.34,0.044,0.017,0.00,,,,0,-630,-1,4.48,30.1,1.00,0.187
306.00,GOAROUND,39.31,40.32,34.48,-1.10,3.1,-0.3,-3.2,1.3,-12,0.35,0.044,0.017,0.00,,,,0,-633,-1,4.48,30.1,1.00,0.187
306.10,GOAROUND,39.20,40.21,34.47,-1.06,3.2,-0.3,-3.1,1.2,-9,0.35,0.044,0.017,0.00,,,,0,-636,-1,4.48,30.1,1.00,0.187
306.20,GOAROUND,39.10,40.10,34.46,-1.02,3.2,-0.3,-3.1,1.2,-5,0.35,0.043,0.017,0.00,,,,0,-640,-1,4.48,30.1,1.00,0.187
306.30,GOAROUND,39.00,40.00,34.45,-0.98,3.3,-0.3,-3.1,1.2,-2,0.36,0.043,0.017,0.00,,,,0,-643,-1,4.48,30.1,1.00,0.187
306.40,GOAROUND,38.90,39.90,34.44,-0.94,3.4,-0.3,-3.1,1.1,1,0.36,0.043,0.017,0.00,,,,0,-646,-1,4.48,30.1,1.00,0.187
306.50,GOAROUND,38.81,39.81,34.43,-0.91,3.4,-0.3,-3.1,1.1,4,0.36,0.043,0.017,0.00,,,,0,-649,-1,4.48,30.1,1.00,0.187
306.60,GOAROUND,38.72,39.72,34.42,-0.87,3.5,-0.2,-3.0,1.1,7,0.37,0.042,0.017,0.00,,,,0,-652,-1,4.48,30.1,1.00,0.187
306.70,GOAROUND,38.63,39.64,34.41,-0.83,3.6,-0.2,-3.0,1.0,11,0.37,0.042,0.017,0.00,,,,0,-656,-1,4.48,30.1,1.00,0.187
306.80,GOAROUND,38.55,39.56,34.40,-0.79,3.6,-0.2,-3.0,1.0,14,0.37,0.042,0.017,0.00,,,,0,-659,-1,4.48,30.1,1.00,0.187
306.90,GOAROUND,38.47,39.48,34.39,-0.75,3.7,-0.2,-3.0,0.9,17,0.38,0.041,0.017,0.00,,,,0,-662,-1,4.48,30.1,1.00,0.187
307.00,GOAROUND,38.40,39.40,34.38,-0.71,3.8,-0.2,-3.0,0.9,20,0.38,0.041,0.017,0.00,,,,0,-665,-1,4.48,30.1,1.00,0.187
307.10,GOAROUND,38.33,39.33,34.37,-0.67,3.8,-0.2,-2.9,0.9,23,0.38,0.041,0.017,0.00,,,,0,-668,-1,4.48,30.1,1.00,0.187
307.20,GOAROUND,38.26,39.27,34.35,-0.63,3.9,-0.1,-2.9,0.8,27,0.39,0.040,0.017,0.00,,,,0,-672,-1,4.48,30.1,1.00,0.187
307.30,GOAROUND,38.20,39.21,34.34,-0.60,4.0,-0.1,-2.9,0.8,30,0.39,0.040,0.017,0.00,,,,0,-675,-1,4.48,30.1,1.00,0.187
307.40,GOAROUND,38.14,39.15,34.33,-0.56,4.0,-0.1,-2.9,0.7,33,0.40,0.040,0.017,0.00,,,,0,-678,-1,4.48,30.1,1.00,0.187
307.50,GOAROUND,38.09,39.09,34.32,-0.52,4.1,-0.1,-2.9,0.7,36,0.40,0.039,0.017,0.00,,,,0,-681,-1,4.48,30.1,1.00,0.187
307.60,GOAROUND,38.04,39.04,34.31,-0.48,4.2,-0.1,-2.9,0.7,39,0.40,0.039,0.017,0.00,,,,0,-684,-1,4.48,30.1,1.00,0.187
307.70,GOAROUND,37.99,39.00,34.29,-0.44,4.2,-0.1,-2.9,0.6,42,0.41,0.038,0.017,0.00,,,,0,-687,-1,4.48,30.1,1.00,0.187
307.80,GOAROUND,37.95,38.95,34.28,-0.40,4.3,-0.0,-2.8,0.6,46,0.41,0.038,0.017,0.00,,,,0,-691,-1,4.48,30.1,1.00,0.187
307.90,GOAROUND,37.91,38.91,34.27,-0.36,4.4,-0.0,-2.8,0.5,49,0.41,0.037,0.017,0.00,,,,0,-694,-1,4.48,30.1,1.00,0.187
308.00,GOAROUND,37.88,38.88,34.25,-0.32,4.4,-0.0,-2.8,0.5,52,0.42,0.037,0.017,0.00,,,,0,-697,-0,4.48,30.1,1.00,0.187
308.10,GOAROUND,37.85,38.85,34.24,-0.28,4.5,-0.0,-2.8,0.4,55,0.42,0.036,0.017,0.00,,,,0,-700,-0,4.48,30.1,1.00,0.187
308.20,GOAROUND,37.82,38.82,34.23,-0.24,4.6,0.0,-2.8,0.4,58,0.42,0.036,0.017,0.00,,,,0,-703,-0,4.48,30.1,1.00,0.187
308.30,GOAROUND,37.80,38.80,34.21,-0.20,4.7,0.0,-2.8,0.4,62,0.43,0.035,0.017,0.00,,,,0,-707,-0,4.48,30.1,1.00,0.187
308.40,GOAROUND,37.78,38.78,34.20,-0.16,4.7,0.0,-2.8,0.3,65,0.43,0.035,0.017,0.00,,,,0,-710,-0,4.48,30.1,1.00,0.187
308.50,GOAROUND,37.76,38.77,34.19,-0.12,4.8,0.1,-2.8,0.3,68,0.44,0.034,0.017,0.00,,,,0,-713,-0,4.48,30.1,1.00,0.187
308.60,GOAROUND,37.75,38.76,34.17,-0.08,4.9,0.1,-2.8,0.2,71,0.44,0.033,0.017,0.00,,,,0,-716,-0,4.48,30.1,1.00,0.187
308.70,GOAROUND,37.74,38.75,34.16,-0.04,5.0,0.1,-2.7,0.2,74,0.44,0.032,0.017,0.00,,,,0,-719,-0,4.48,30.1,1.00,0.187
308.80,GOAROUND,37.74,38.75,34.14,0.00,5.0,0.1,-2.7,0.1,77,0.45,0.032,0.017,0.00,,,,0,-722,-0,4.48,30.1,1.00,0.187
308.90,GOAROUND,37.74,38.75,34.13,0.05,5.1,0.1,-2.7,0.1,81,0.45,0.031,0.017,0.00,,,,0,-726,-0,4.48,30.1,1.00,0.187
309.00,GOAROUND,37.75,38.75,34.11,0.09,5.2,0.1,-2.7,0.0,84,0.45,0.030,0.017,0.00,,,,0,-729,-0,4.48,30.1,1.00,0.187
309.10,GOAROUND,37.76,38.76,34.10,0.13,5.3,0.2,-2.7,-0.0,87,0.46,0.029,0.017,0.00,,,,0,-732,0,4.48,30.1,1.00,0.187
309.20,GOAROUND,37.78,38.78,34.08,0.18,5.4,0.2,-2.7,-0.1,90,0.46,0.028,0.017,0.00,,,,0,-735,0,4.48,30.1,1.00,0.187
309.30,GOAROUND,37.80,38.80,34.07,0.23,5.4,0.2,-2.7,-0.1,93,0.47,0.029,0.017,0.00,,,,0,-738,0,4.48,30.1,1.00,0.187
309.40,GOAROUND,37.82,38.82,34.05,0.27,5.5,0.2,-2.7,-0.1,96,0.47,0.030,0.017,0.00,,,,0,-741,0,4.48,30.1,1.00,0.187
309.50,GOAROUND,37.85,38.85,34.03,0.31,5.6,0.2,-2.7,-0.2,100,0.47,0.030,0.017,0.00,,,,0,-745,0,4.48,30.1,1.00,0.187
309.60,GOAROUND,37.88,38.88,34.02,0.34,5.6,0.2,-2.7,-0.2,103,0.48,0.031,0.017,0.00,,,,0,-748,0,4.48,30.1,1.00,0.187
309.70,GOAROUND,37.91,38.92,34.00,0.38,5.6,0.2,-2.7,-0.3,106,0.48,0.031,0.017,0.00,,,,0,-751,0,4.48,30.1,1.00,0.187
309.80,GOAROUND,37.95,38.96,33.99,0.41,5.7,0.3,-2.7,-0.3,109,0.48,0.031,0.017,0.00,,,,0,-754,0,4.48,30.1,1.00,0.187
309.90,GOAROUND,38.00,39.00,33.97,0.44,5.7,0.3,-2.7,-0.4,112,0.48,0.032,0.017,0.00,,,,0,-757,0,4.48,30.1,1.00,0.187
310.00,GOAROUND,38.04,39.04,33.95,0.47,5.8,0.3,-2.7,-0.4,115,0.48,0.032,0.017,0.00,,,,0,-760,0,4.48,30.1,1.00,0.187
310.10,GOAROUND,38.09,39.09,33.94,0.49,5.8,0.3,-2.7,-0.5,119,0.49,0.032,0.017,0.00,,,,0,-764,0,4.48,30.1,1.00,0.187
310.20,GOAROUND,38.14,39.14,33.92,0.52,5.8,0.3,-2.7,-0.5,122,0.49,0.033,0.017,0.00,,,,0,-767,1,4.48,30.1,1.00,0.187
310.30,GOAROUND,38.19,39.19,33.90,0.54,5.9,0.3,-2.7,-0.5,125,0.49,0.033,0.017,0.00,,,,0,-770,1,4.48,30.1,1.00,0.187
310.40,GOAROUND,38.24,39.25,33.89,0.56,5.9,0.3,-2.7,-0.6,128,0.49,0.033,0.017,0.00,,,,0,-773,1,4.48,30.1,1.00,0.187
310.50,GOAROUND,38.30,39.31,33.87,0.58,5.9,0.3,-2.7,-0.6,131,0.49,0.034,0.017,0.00,,,,0,-776,1,4.48,30.1,1.00,0.187
310.60,GOAROUND,38.36,39.36,33.85,0.59,6.0,0.4,-2.7,-0.7,134,0.50,0.034,0.017,0.00,,,,0,-779,1,4.48,30.1,1.00,0.187
310.70,GOAROUND,38.42,39.42,33.84,0.61,6.0,0.4,-2.7,-0.7,137,0.50,0.034,0.017,0.00,,,,0,-782,1,4.48,30.1,1.00,0.187
310.80,GOAROUND,38.48,39.48,33.82,0.63,6.0,0.4,-2.7,-0.8,141,0.50,0.034,0.017,0.00,,,,0,-786,1,4.48,30.1,1.00,0.187
310.90,GOAROUND,38.54,39.55,33.80,0.64,6.0,0.4,-2.7,-0.8,144,0.50,0.035,0.017,0.00,,,,0,-789,1,4.48,30.1,1.00,0.187
311.00,GOAROUND,38.61,39.61,33.79,0.65,6.1,0.4,-2.7,-0.8,147,0.50,0.035,0.017,0.00,,,,0,-792,1,4.48,30.1,1.00,0.187
311.10,GOAROUND,38.67,39.68,33.77,0.67,6.1,0.4,-2.7,-0.9,150,0.51,0.035,0.017,0.00,,,,0,-795,1,4.48,30.1,1.00,0.187
311.20,GOAROUND,38.74,39.74,33.76,0.68,6.1,0.4,-2.7,-0.9,153,0.51,0.035,0.017,0.00,,,,0,-798,1,4.48,30.1,1.00,0.187
311.30,GOAROUND,38.81,39.81,33.74,0.69,6.1,0.4,-2.7,-1.0,156,0.51,0.036,0.017,0.00,,,,0,-801,1,4.48,30.1,1.00,0.187
311.40,GOAROUND,38.88,39.88,33.73,0.70,6.1,0.4,-2.7,-1.0,159,0.51,0.036,0.017,0.00,,,,0,-804,1,4.48,30.1,1.00,0.187
311.50,GOAROUND,38.95,39.95,33.71,0.71,6.2,0.5,-2.7,-1.0,163,0.51,0.036,0.017,0.00,,,,0,-808,1,4.48,30.1,1.00,0.187
311.60,GOAROUND,39.02,40.02,33.70,0.72,6.2,0.5,-2.7,-1.1,166,0.52,0.036,0.017,0.00,,,,0,-811,1,4.48,30.1,1.00,0.187
311.70,GOAROUND,39.09,40.10,33.68,0.73,6.2,0.5,-2.7,-1.1,169,0.52,0.037,0.017,0.00,,,,0,-814,1,4.48,30.1,1.00,0.187
311.80,GOAROUND,39.17,40.17,33.67,0.74,6.2,0.5,-2.7,-1.2,172,0.52,0.037,0.017,0.00,,,,0,-817,1,4.48,30.1,1.00,0.187
311.90,GOAROUND,39.24,40.24,33.66,0.75,6.2,0.5,-2.7,-1.2,175,0.52,0.037,0.017,0.00,,,,0,-820,1,4.48,30.1,1.00,0.187
312.00,GOAROUND,39.32,40.32,33.64,0.76,6.3,0.5,-2.7,-1.2,178,0.52,0.037,0.017,0.00,,,,0,-823,1,4.48,30.1,1.00,0.187
312.10,GOAROUND,39.39,40.39,33.63,0.77,6.3,0.5,-2.7,-1.3,181,0.53,0.038,0.017,0.00,,,,0,-826,1,4.48,30.1,1.00,0.187
312.20,GOAROUND,39.47,40.47,33.62,0.77,6.3,0.5,-2.7,-1.3,184,0.53,0.038,0.017,0.00,,,,0,-829,1,4.48,30.1,1.00,0.187
312.30,GOAROUND,39.55,40.55,33.60,0.78,6.3,0.5,-2.7,-1.3,187,0.53,0.038,0.017,0.00,,,,0,-832,1,4.48,30.1,1.00,0.187
312.40,GOAROUND,39.62,40.63,33.59,0.79,6.3,0.5,-2.8,-1.4,191,0.53,0.038,0.017,0.00,,,,0,-836,1,4.48,30.1,1.00,0.187
312.50,GOAROUND,39.70,40.71,33.58,0.80,6.3,0.5,-2.8,-1.4,194,0.53,0.038,0.017,0.00,,,,0,-839,1,4.48,30.1,1.00,0.187
312.60,GOAROUND,39.78,40.79,33.57,0.81,6.4,0.6,-2.8,-1.4,197,0.53,0.038,0.017,0.00,,,,0,-842,1,4.48,30.1,1.00,0.187
312.70,GOAROUND,39.86,40.87,33.56,0.82,6.4,0.6,-2.8,-1.5,200,0.54,0.039,0.017,0.00,,,,0,-845,1,4.48,30.1,1.00,0.187
312.80,GOAROUND,39.95,40.95,33.54,0.82,6.4,0.6,-2.8,-1.5,203,0.54,0.039,0.017,0.00,,,,0,-848,1,4.48,30.1,1.00,0.187
312.90,GOAROUND,40.03,41.03,33.53,0.83,6.4,0.6,-2.8,-1.5,206,0.54,0.039,0.017,0.00,,,,0,-851,2,4.48,30.1,1.00,0.187
313.00,GOAROUND,40.11,41.12,33.52,0.84,6.4,0.6,-2.8,-1.6,209,0.54,0.039,0.017,0.00,,,,0,-854,2,4.48,30.1,1.00,0.187
313.10,GOAROUND,40.20,41.20,33.51,0.85,6.5,0.6,-2.8,-1.6,212,0.54,0.039,0.017,0.00,,,,0,-857,2,4.48,30.1,1.00,0.187
313.20,GOAROUND,40.28,41.29,33.50,0.86,6.5,0.6,-2.8,-1.6,215,0.54,0.040,0.017,0.00,,,,0,-860,2,4.48,30.1,1.00,0.187
313.30,GOAROUND,40.37,41.37,33.49,0.86,6.5,0.6,-2.8,-1.6,219,0.54,0.040,0.017,0.00,,,,0,-864,2,4.48,30.1,1.00,0.187
313.40,GOAROUND,40.45,41.46,33.48,0.87,6.5,0.6,-2.9,-1.7,222,0.55,0.040,0.017,0.00,,,,0,-867,2,4.48,30.1,1.00,0.187
313.50,GOAROUND,40.54,41.55,33.47,0.88,6.5,0.6,-2.9,-1.7,225,0.55,0.040,0.017,0.00,,,,0,-870,2,4.48,30.1,1.00,0.187
313.60,GOAROUND,40.63,41.63,33.46,0.89,6.5,0.6,-2.9,-1.7,228,0.55,0.040,0.017,0.00,,,,0,-873,2,4.48,30.1,1.00,0.187
313.70,GOAROUND,40.72,41.72,33.44,0.90,6.6,0.6,-2.9,-1.7,231,0.55,0.040,0.017,0.00,,,,0,-876,2,4.48,30.1,1.00,0.187
313.80,GOAROUND,40.81,41.81,33.43,0.90,6.6,0.6,-2.9,-1.8,234,0.55,0.040,0.017,0.00,,,,0,-879,2,4.48,30.1,1.00,0.187
313.90,GOAROUND,40.90,41.90,33.42,0.91,6.6,0.6,-2.9,-1.8,237,0.55,0.040,0.017,0.00,,,,0,-882,2,4.48,30.1,1.00,0.187
314.00,GOAROUND,40.99,41.99,33.41,0.92,6.6,0.6,-2.9,-1.8,240,0.55,0.041,0.017,0.00,,,,0,-885,2,4.48,30.1,1.00,0.187
314.10,GOAROUND,41.08,42.09,33.40,0.93,6.6,0.6,-2.9,-1.8,243,0.55,0.041,0.017,0.00,,,,0,-888,2,4.48,30.1,1.00,0.187
314.20,GOAROUND,41.18,42.18,33.39,0.94,6.7,0.6,-3.0,-1.9,246,0.56,0.041,0.017,0.00,,,,0,-891,2,4.48,30.1,1.00,0.187
314.30,GOAROUND,41.27,42.27,33.38,0.95,6.7,0.6,-3.0,-1.9,250,0.56,0.041,0.017,0.00,,,,0,-895,2,4.48,30.1,1.00,0.187
314.40,GOAROUND,41.37,42.37,33.37,0.96,6.7,0.6,-3.0,-1.9,253,0.56,0.041,0.017,0.00,,,,0,-898,2,4.48,30.1,1.00,0.187
314.50,GOAROUND,41.46,42.46,33.36,0.96,6.7,0.6,-3.0,-1.9,256,0.56,0.041,0.017,0.00,,,,0,-901,2,4.48,30.1,1.00,0.187
314.60,GOAROUND,41.56,42.56,33.35,0.97,6.7,0.6,-3.0,-1.9,259,0.56,0.041,0.017,0.00,,,,0,-904,2,4.48,30.1,1.00,0.187
314.70,GOAROUND,41.66,42.66,33.35,0.98,6.8,0.6,-3.0,-1.9,262,0.56,0.041,0.017,0.00,,,,0,-907,2,4.48,30.1,1.00,0.187
314.80,GOAROUND,41.75,42.76,33.34,0.99,6.8,0.6,-3.0,-2.0,265,0.56,0.041,0.017,0.00,,,,0,-910,2,4.48,30.1,1.00,0.187
314.90,GOAROUND,41.85,42.86,33.33,1.00,6.8,0.6,-3.1,-2.0,268,0.56,0.042,0.017,0.00,,,,0,-913,2,4.48,30.1,1.00,0.187
315.00,GOAROUND,41.95,42.96,33.32,1.01,6.8,0.6,-3.1,-2.0,271,0.57,0.042,0.017,0.00,,,,0,-916,2,4.48,30.1,1.00,0.187
315.10,GOAROUND,42.05,43.06,33.31,1.02,6.8,0.6,-3.1,-2.0,274,0.57,0.042,0.017,0.00,,,,0,-919,2,4.48,30.1,1.00,0.187
315.20,GOAROUND,42.16,43.16,33.30,1.03,6.9,0.6,-3.1,-2.0,277,0.57,0.042,0.017,0.00,,,,0,-922,2,4.48,30.1,1.00,0.187
315.30,GOAROUND,42.26,43.26,33.29,1.04,6.9,0.6,-3.1,-2.0,280,0.57,0.042,0.017,0.00,,,,0,-925,2,4.48,30.1,1.00,0.187
315.40,GOAROUND,42.36,43.37,33.28,1.05,6.9,0.6,-3.1,-2.0,284,0.57,0.042,0.017,0.00,,,,0,-929,2,4.48,30.1,1.00,0.187
315.50,GOAROUND,42.47,43.47,33.27,1.05,6.9,0.6,-3.1,-2.0,287,0.57,0.042,0.017,0.00,,,,0,-932,2,4.48,30.1,1.00,0.187
315.60,GOAROUND,42.57,43.58,33.26,1.06,6.9,0.6,-3.2,-2.0,290,0.57,0.042,0.017,0.00,,,,0,-935,2,4.48,30.1,1.00,0.187
315.70,GOAROUND,42.68,43.68,33.25,1.07,7.0,0.6,-3.2,-2.1,293,0.57,0.042,0.017,0.00,,,,0,-938,2,4.48,30.1,1.00,0.187
315.80,GOAROUND,42.79,43.79,33.24,1.08,7.0,0.6,-3.2,-2.1,296,0.57,0.042,0.017,0.00,,,,0,-941,2,4.48,30.1,1.00,0.187
315.90,GOAROUND,42.90,43.90,33.23,1.09,7.0,0.6,-3.2,-2.1,299,0.58,0.042,0.017,0.00,,,,0,-944,2,4.48,30.1,1.00,0.187
316.00,GOAROUND,43.01,44.01,33.22,1.10,7.0,0.6,-3.2,-2.1,302,0.58,0.042,0.017,0.00,,,,0,-947,2,4.48,30.1,1.00,0.187
316.10,GOAROUND,43.12,44.12,33.21,1.11,7.0,0.6,-3.2,-2.1,305,0.58,0.042,0.017,0.00,,,,0,-950,2,4.48,30.1,1.00,0.187
316.20,GOAROUND,43.23,44.23,33.20,1.12,7.1,0.6,-3.3,-2.1,308,0.58,0.042,0.017,0.00,,,,0,-953,2,4.48,30.1,1.00,0.187
316.30,GOAROUND,43.34,44.35,33.20,1.13,7.1,0.6,-3.3,-2.1,311,0.58,0.042,0.017,0.00,,,,0,-956,2,4.48,30.1,1.00,0.187
316.40,GOAROUND,43.45,44.46,33.19,1.14,7.1,0.6,-3.3,-2.1,314,0.58,0.042,0.017,0.00,,,,0,-959,2,4.48,30.1,1.00,0.187
316.50,GOAROUND,43.57,44.57,33.18,1.15,7.1,0.6,-3.3,-2.1,317,0.58,0.043,0.017,0.00,,,,0,-962,2,4.48,30.1,1.00,0.187
316.60,GOAROUND,43.68,44.69,33.17,1.16,7.1,0.6,-3.3,-2.1,320,0.58,0.043,0.017,0.00,,,,0,-965,2,4.48,30.1,1.00,0.187
316.70,GOAROUND,43.80,44.81,33.16,1.17,7.2,0.6,-3.3,-2.1,323,0.58,0.043,0.017,0.00,,,,0,-968,2,4.48,30.1,1.00,0.187
316.80,GOAROUND,43.92,44.92,33.15,1.18,7.2,0.6,-3.4,-2.1,327,0.59,0.043,0.017,0.00,,,,0,-972,2,4.48,30.1,1.00,0.187
316.90,GOAROUND,44.04,45.04,33.14,1.19,7.2,0.6,-3.4,-2.1,330,0.59,0.043,0.017,0.00,,,,0,-975,2,4.48,30.1,1.00,0.187
317.00,GOAROUND,44.16,45.16,33.13,1.20,7.2,0.6,-3.4,-2.1,333,0.59,0.043,0.017,0.00,,,,0,-978,2,4.48,30.1,1.00,0.187
317.10,GOAROUND,44.28,45.28,33.12,1.21,7.2,0.6,-3.4,-2.1,336,0.59,0.043,0.017,0.00,,,,0,-981,2,4.48,30.1,1.00,0.187
317.20,GOAROUND,44.40,45.40,33.11,1.22,7.3,0.6,-3.4,-2.1,339,0.59,0.043,0.017,0.00,,,,0,-984,2,4.48,30.1,1.00,0.187
317.30,GOAROUND,44.52,45.53,33.10,1.23,7.3,0.6,-3.4,-2.1,342,0.59,0.043,0.017,0.00,,,,0,-987,2,4.48,30.1,1.00,0.187
317.40,GOAROUND,44.65,45.65,33.09,1.24,7.3,0.6,-3.5,-2.1,345,0.59,0.043,0.017,0.00,,,,0,-990,2,4.48,30.1,1.00,0.187
317.50,GOAROUND,44.77,45.77,33.09,1.25,7.3,0.6,-3.5,-2.0,348,0.59,0.043,0.017,0.00,,,,0,-993,2,4.48,30.1,1.00,0.187
317.60,GOAROUND,44.90,45.90,33.08,1.26,7.4,0.6,-3.5,-2.0,351,0.59,0.043,0.017,0.00,,,,0,-996,2,4.48,30.1,1.00,0.187
317.70,GOAROUND,45.02,46.03,33.07,1.27,7.4,0.6,-3.5,-2.0,354,0.59,0.043,0.017,0.00,,,,0,-999,2,4.48,30.1,1.00,0.187
317.80,GOAROUND,45.15,46.15,33.06,1.28,7.4,0.6,-3.5,-2.0,357,0.60,0.043,0.017,0.00,,,,0,-1002,2,4.48,30.1,1.00,0.187
317.90,GOAROUND,45.28,46.28,33.05,1.29,7.4,0.6,-3.5,-2.0,360,0.60,0.043,0.017,0.00,,,,0,-1005,2,4.48,30.1,1.00,0.187
318.00,GOAROUND,45.41,46.41,33.04,1.31,7.4,0.5,-3.6,-2.0,363,0.60,0.043,0.017,0.00,,,,0,-1008,2,4.48,30.1,1.00,0.187
318.10,GOAROUND,45.54,46.54,33.03,1.32,7.5,0.5,-3.6,-2.0,366,0.60,0.043,0.017,0.00,,,,0,-1011,2,4.48,30.1,1.00,0.187
318.20,GOAROUND,45.67,46.68,33.02,1.33,7.5,0.5,-3.6,-2.0,369,0.60,0.043,0.017,0.00,,,,0,-1014,2,4.48,30.1,1.00,0.187
318.30,GOAROUND,45.80,46.81,33.01,1.34,7.5,0.5,-3.6,-2.0,372,0.60,0.043,0.017,0.00,,,,0,-1017,2,4.48,30.1,1.00,0.187
318.40,GOAROUND,45.94,46.94,33.00,1.35,7.5,0.5,-3.6,-1.9,375,0.60,0.043,0.017,0.00,,,,0,-1020,2,4.48,30.1,1.00,0.187
318.50,GOAROUND,46.07,47.08,32.99,1.36,7.6,0.5,-3.6,-1.9,378,0.60,0.043,0.017,0.00,,,,0,-1023,2,4.48,30.1,1.00,0.187
318.60,GOAROUND,46.21,47.21,32.98,1.37,7.6,0.5,-3.7,-1.9,381,0.60,0.043,0.017,0.00,,,,0,-1026,2,4.48,30.1,1.00,0.187
318.70,GOAROUND,46.35,47.35,32.97,1.38,7.6,0.5,-3.7,-1.9,385,0.61,0.043,0.017,0.00,,,,0,-1030,2,4.48,30.1,1.00,0.187
318.80,GOAROUND,46.49,47.49,32.96,1.39,7.6,0.5,-3.7,-1.9,388,0.61,0.043,0.017,0.00,,,,0,-1033,2,4.48,30.1,1.00,0.187
318.90,GOAROUND,46.62,47.63,32.95,1.40,7.6,0.5,-3.7,-1.9,391,0.61,0.043,0.017,0.00,,,,0,-1036,2,4.48,30.1,1.00,0.187
319.00,GOAROUND,46.77,47.77,32.95,1.41,7.7,0.5,-3.7,-1.9,394,0.61,0.043,0.017,0.00,,,,0,-1039,2,4.48,30.1,1.00,0.187
319.10,GOAROUND,46.91,47.91,32.94,1.42,7.7,0.5,-3.7,-1.8,397,0.61,0.043,0.017,0.00,,,,0,-1042,2,4.48,30.1,1.00,0.187
319.20,GOAROUND,47.05,48.05,32.93,1.43,7.7,0.5,-3.8,-1.8,400,0.61,0.042,0.017,0.00,,,,0,-1045,2,4.48,30.1,1.00,0.187
319.30,GOAROUND,47.19,48.20,32.92,1.44,7.7,0.5,-3.8,-1.8,403,0.61,0.042,0.017,0.00,,,,0,-1048,2,4.48,30.1,1.00,0.187
319.40,GOAROUND,47.34,48.34,32.91,1.45,7.8,0.4,-3.8,-1.8,406,0.61,0.042,0.017,0.00,,,,0,-1051,2,4.48,30.1,1.00,0.187
319.50,GOAROUND,47.48,48.49,32.90,1.46,7.8,0.4,-3.8,-1.8,409,0.62,0.042,0.017,0.00,,,,0,-1054,2,4.48,30.1,1.00,0.187
319.60,GOAROUND,47.63,48.63,32.89,1.47,7.8,0.4,-3.8,-1.7,412,0.62,0.042,0.017,0.00,,,,0,-1057,2,4.48,30.1,1.00,0.187
319.70,GOAROUND,47.78,48.78,32.88,1.49,7.8,0.4,-3.8,-1.7,415,0.62,0.042,0.017,0.00,,,,0,-1060,2,4.48,30.1,1.00,0.187
319.80,GOAROUND,47.93,48.93,32.87,1.50,7.8,0.4,-3.8,-1.7,418,0.62,0.042,0.017,0.00,,,,0,-1063,2,4.48,30.1,1.00,0.187
319.90,GOAROUND,48.08,49.08,32.86,1.51,7.9,0.4,-3.9,-1.7,421,0.62,0.042,0.017,0.00,,,,0,-1066,2,4.48,30.1,1.00,0.187
320.00,GOAROUND,48.23,49.23,32.85,1.52,7.9,0.4,-3.9,-1.7,424,0.62,0.042,0.017,0.00,,,,0,-1069,2,4.48,30.1,1.00,0.187
320.10,GOAROUND,48.38,49.38,32.84,1.53,7.9,0.4,-3.9,-1.6,427,0.62,0.042,0.017,0.00,,,,0,-1072,2,4.48,30.1,1.00,0.187
320.20,GOAROUND,48.53,49.54,32.83,1.54,7.9,0.4,-3.9,-1.6,430,0.62,0.042,0.017,0.00,,,,0,-1075,2,4.48,30.1,1.00,0.187
320.30,GOAROUND,48.69,49.69,32.82,1.55,8.0,0.4,-3.9,-1.6,433,0.62,0.042,0.017,0.00,,,,0,-1078,2,4.48,30.1,1.00,0.187
320.40,GOAROUND,48.84,49.85,32.81,1.56,8.0,0.4,-3.9,-1.6,436,0.63,0.042,0.017,0.00,,,,0,-1081,2,4.48,30.1,1.00,0.187
320.50,GOAROUND,49.00,50.00,32.80,1.57,8.0,0.4,-3.9,-1.5,439,0.63,0.042,0.017,0.00,,,,0,-1084,2,4.48,30.1,1.00,0.187
320.60,GOAROUND,49.16,50.16,32.79,1.58,8.0,0.3,-4.0,-1.5,442,0.63,0.042,0.017,0.00,,,,0,-1087,2,4.48,30.1,1.00,0.187
320.70,GOAROUND,49.31,50.32,32.78,1.59,8.0,0.3,-4.0,-1.5,445,0.63,0.041,0.017,0.00,,,,0,-1090,1,4.48,30.1,1.00,0.187
320.80,GOAROUND,49.47,50.48,32.77,1.60,8.1,0.3,-4.0,-1.5,448,0.63,0.041,0.017,0.00,,,,0,-1093,1,4.48,30.1,1.00,0.187
320.90,GOAROUND,49.64,50.64,32.77,1.61,8.1,0.3,-4.0,-1.4,451,0.63,0.041,0.017,0.00,,,,0,-1096,1,4.48,30.1,1.00,0.187
321.00,GOAROUND,49.80,50.80,32.76,1.63,8.1,0.3,-4.0,-1.4,454,0.63,0.041,0.017,0.00,,,,0,-1099,1,4.48,30.1,1.00,0.187
321.10,GOAROUND,49.96,50.96,32.75,1.64,8.1,0.3,-4.0,-1.4,457,0.63,0.041,0.017,0.00,,,,0,-1102,1,4.48,30.1,1.00,0.187
321.20,GOAROUND,50.12,51.13,32.74,1.65,8.2,0.3,-4.0,-1.4,460,0.63,0.041,0.017,0.00,,,,0,-1105,1,4.48,30.1,1.00,0.187
321.30,GOAROUND,50.29,51.29,32.73,1.66,8.2,0.3,-4.0,-1.3,463,0.64,0.041,0.017,0.00,,,,0,-1108,1,4.48,30.1,1.00,0.187
321.40,GOAROUND,50.46,51.46,32.72,1.67,8.2,0.3,-4.1,-1.3,466,0.64,0.041,0.017,0.00,,,,0,-1111,1,4.48,30.1,1.00,0.187
321.50,GOAROUND,50.62,51.63,32.71,1.68,8.2,0.3,-4.1,-1.3,469,0.64,0.041,0.017,0.00,,,,0,-1114,1,4.48,30.1,1.00,0.187
321.60,GOAROUND,50.79,51.79,32.70,1.69,8.3,0.3,-4.1,-1.2,472,0.64,0.041,0.017,0.00,,,,0,-1117,1,4.48,30.1,1.00,0.187
321.70,GOAROUND,50.96,51.96,32.69,1.70,8.3,0.2,-4.1,-1.2,475,0.64,0.040,0.017,0.00,,,,0,-1120,1,4.48,30.1,1.00,0.187
321.80,GOAROUND,51.13,52.14,32.68,1.71,8.3,0.2,-4.1,-1.2,478,0.64,0.040,0.017,0.00,,,,0,-1123,1,4.48,30.1,1.00,0.187
321.90,GOAROUND,51.30,52.31,32.67,1.73,8.3,0.2,-4.1,-1.2,481,0.64,0.040,0.017,0.00,,,,0,-1126,1,4.48,30.1,1.00,0.187
322.00,GOAROUND,51.48,52.48,32.66,1.74,8.4,0.2,-4.1,-1.1,484,0.64,0.040,0.017,0.00,,,,0,-1129,1,4.48,30.1,1.00,0.187
322.10,GOAROUND,51.65,52.65,32.65,1.75,8.4,0.2,-4.1,-1.1,487,0.65,0.040,0.017,0.00,,,,0,-1132,1,4.48,30.1,1.00,0.187
322.20,GOAROUND,51.82,52.83,32.64,1.76,8.4,0.2,-4.1,-1.1,490,0.65,0.040,0.017,0.00,,,,0,-1135,1,4.48,30.1,1.00,0.187
322.30,GOAROUND,52.00,53.01,32.63,1.77,8.4,0.2,-4.2,-1.0,493,0.65,0.040,0.017,0.00,,,,0,-1138,1,4.48,30.1,1.00,0.187
322.40,GOAROUND,52.18,53.18,32.62,1.78,8.5,0.2,-4.2,-1.0,496,0.65,0.039,0.017,0.00,,,,0,-1141,1,4.48,30.1,1.00,0.187
322.50,GOAROUND,52.36,53.36,32.61,1.79,8.5,0.2,-4.2,-1.0,499,0.65,0.039,0.017,0.00,,,,0,-1144,1,4.48,30.1,1.00,0.187
322.60,GOAROUND,52.54,53.54,32.60,1.80,8.5,0.2,-4.2,-1.0,502,0.65,0.039,0.017,0.00,,,,0,-1147,1,4.48,30.1,1.00,0.187
322.70,GOAROUND,52.72,53.72,32.59,1.82,8.5,0.2,-4.2,-0.9,505,0.65,0.039,0.017,0.00,,,,0,-1150,1,4.48,30.1,1.00,0.187
322.80,GOAROUND,52.90,53.90,32.58,1.83,8.6,0.2,-4.2,-0.9,508,0.65,0.039,0.017,0.00,,,,0,-1153,1,4.48,30.1,1.00,0.187
322.90,GOAROUND,53.08,54.09,32.57,1.84,8.6,0.1,-4.2,-0.9,511,0.65,0.038,0.017,0.00,,,,0,-1156,1,4.48,30.1,1.00,0.187
323.00,GOAROUND,53.27,54.27,32.56,1.85,8.6,0.1,-4.2,-0.8,514,0.66,0.038,0.017,0.00,,,,0,-1159,1,4.48,30.1,1.00,0.187
323.10,GOAROUND,53.45,54.46,32.55,1.86,8.6,0.1,-4.2,-0.8,517,0.66,0.038,0.017,0.00,,,,0,-1162,1,4.48,30.1,1.00,0.187
323.20,GOAROUND,53.64,54.64,32.54,1.87,8.7,0.1,-4.2,-0.8,520,0.66,0.038,0.017,0.00,,,,0,-1165,1,4.48,30.1,1.00,0.187
323.30,GOAROUND,53.83,54.83,32.53,1.89,8.7,0.1,-4.2,-0.8,523,0.66,0.038,0.017,0.00,,,,0,-1168,1,4.48,30.1,1.00,0.187
323.40,GOAROUND,54.02,55.02,32.52,1.90,8.7,0.1,-4.2,-0.7,526,0.66,0.037,0.018,0.00,,,,0,-1171,1,4.48,30.1,1.00,0.187
323.50,GOAROUND,54.21,55.21,32.51,1.91,8.7,0.1,-4.2,-0.7,529,0.66,0.037,0.018,0.00,,,,0,-1174,1,4.48,30.1,1.00,0.187
323.60,GOAROUND,54.40,55.40,32.50,1.92,8.8,0.1,-4.3,-0.7,532,0.66,0.037,0.018,0.00,,,,0,-1177,1,4.48,30.1,1.00,0.187
323.70,GOAROUND,54.59,55.59,32.49,1.93,8.8,0.1,-4.3,-0.6,535,0.66,0.037,0.018,0.00,,,,0,-1180,1,4.48,30.1,1.00,0.187
323.80,GOAROUND,54.78,55.79,32.48,1.95,8.8,0.1,-4.3,-0.6,538,0.67,0.037,0.018,0.00,,,,0,-1183,1,4.48,30.1,1.00,0.187
323.90,GOAROUND,54.98,55.98,32.47,1.96,8.8,0.1,-4.3,-0.6,541,0.67,0.036,0.018,0.00,,,,0,-1186,1,4.48,30.1,1.00,0.187
324.00,GOAROUND,55.17,56.18,32.46,1.97,8.9,0.1,-4.3,-0.6,544,0.67,0.036,0.018,0.00,,,,0,-1189,1,4.48,30.1,1.00,0.187
324.10,GOAROUND,55.37,56.37,32.45,1.98,8.9,0.1,-4.3,-0.5,547,0.67,0.036,0.018,0.00,,,,0,-1192,1,4.48,30.1,1.00,0.187
324.20,GOAROUND,55.57,56.57,32.44,2.00,8.9,0.0,-4.3,-0.5,550,0.67,0.035,0.018,0.00,,,,0,-1195,1,4.48,30.1,1.00,0.187
324.30,GOAROUND,55.77,56.76,32.42,2.01,8.9,0.0,-4.3,-0.5,553,0.67,0.035,0.018,0.00,,,,0,-1198,0,4.48,30.1,1.00,0.187
324.40,GOAROUND,55.97,56.96,32.41,2.02,9.0,0.0,-4.3,-0.4,556,0.67,0.035,0.018,0.00,,,,0,-1201,0,4.48,30.1,1.00,0.187
324.50,GOAROUND,56.18,57.16,32.40,2.03,9.0,0.0,-4.3,-0.4,559,0.67,0.035,0.018,0.00,,,,0,-1204,0,4.48,30.1,1.00,0.187
324.60,GOAROUND,56.38,57.36,32.39,2.05,9.0,0.0,-4.3,-0.4,562,0.68,0.034,0.018,0.00,,,,0,-1207,0,4.48,30.1,1.00,0.187
324.70,GOAROUND,56.58,57.56,32.38,2.06,9.1,0.0,-4.3,-0.4,565,0.68,0.034,0.018,0.00,,,,0,-1210,0,4.48,30.1,1.00,0.187
324.80,GOAROUND,56.79,57.76,32.37,2.07,9.1,0.0,-4.3,-0.3,568,0.68,0.034,0.018,0.00,,,,0,-1213,0,4.48,30.1,1.00,0.187
324.90,GOAROUND,57.00,57.96,32.36,2.09,9.1,0.0,-4.3,-0.3,571,0.68,0.033,0.018,0.00,,,,0,-1216,0,4.48,30.1,1.00,0.187
325.00,GOAROUND,57.21,58.16,32.35,2.10,9.2,-0.0,-4.3,-0.3,574,0.68,0.033,0.018,0.00,,,,0,-1219,0,4.48,30.1,1.00,0.187
325.10,GOAROUND,57.42,58.37,32.34,2.11,9.2,-0.0,-4.3,-0.3,577,0.68,0.033,0.018,0.00,,,,0,-1222,0,4.48,30.1,1.00,0.187
325.20,GOAROUND,57.63,58.57,32.33,2.13,9.2,-0.0,-4.3,-0.2,580,0.68,0.032,0.018,0.00,,,,0,-1225,0,4.48,30.1,1.00,0.187
325.30,GOAROUND,57.84,58.78,32.31,2.14,9.2,-0.0,-4.3,-0.2,583,0.68,0.032,0.018,0.00,,,,0,-1228,0,4.48,30.1,1.00,0.187
325.40,GOAROUND,58.06,58.98,32.30,2.16,9.3,-0.0,-4.3,-0.2,586,0.69,0.031,0.018,0.00,,,,0,-1231,0,4.48,30.1,1.00,0.187
325.50,GOAROUND,58.27,59.19,32.29,2.17,9.3,-0.0,-4.3,-0.2,589,0.69,0.031,0.018,0.00,,,,0,-1234,0,4.48,30.1,1.00,0.187
325.60,GOAROUND,58.49,59.40,32.28,2.19,9.3,-0.0,-4.3,-0.1,592,0.69,0.030,0.018,0.00,,,,0,-1237,0,4.48,30.1,1.00,0.187
325.70,GOAROUND,58.71,59.61,32.27,2.20,9.4,-0.0,-4.3,-0.1,595,0.69,0.030,0.018,0.00,,,,0,-1240,0,4.48,30.1,1.00,0.187
325.80,GOAROUND,58.93,59.82,32.26,2.22,9.4,-0.0,-4.3,-0.1,598,0.69,0.030,0.018,0.00,,,,0,-1243,0,4.48,30.1,1.00,0.187
325.90,GOAROUND,59.15,60.03,32.24,2.23,9.4,-0.1,-4.3,-0.1,601,0.69,0.029,0.018,0.00,,,,0,-1246,0,4.48,30.1,1.00,0.187
326.00,GOAROUND,59.38,60.25,32.23,2.25,9.5,-0.1,-4.3,-0.0,604,0.69,0.029,0.018,0.00,,,,0,-1249,0,4.48,30.1,1.00,0.187
326.10,GOAROUND,59.60,60.46,32.22,2.26,9.5,-0.1,-4.3,-0.0,607,0.70,0.028,0.018,0.00,,,,0,-1252,0,4.48,30.1,1.00,0.187
326.20,GOAROUND,59.83,60.68,32.21,2.28,9.6,-0.1,-4.3,0.0,609,0.70,0.027,0.018,0.00,,,,0,-1254,-0,4.48,30.1,1.00,0.187
326.30,GOAROUND,60.06,60.90,32.20,2.30,9.6,-0.1,-4.3,0.0,612,0.70,0.027,0.018,0.00,,,,0,-1257,-0,4.48,30.1,1.00,0.187
326.40,GOAROUND,60.29,61.12,32.18,2.31,9.6,-0.1,-4.3,0.1,615,0.70,0.028,0.018,0.00,,,,0,-1260,-0,4.48,30.1,1.00,0.187
326.50,GOAROUND,60.52,61.34,32.17,2.33,9.6,-0.1,-4.3,0.1,618,0.70,0.028,0.018,0.00,,,,0,-1263,-0,4.48,30.1,1.00,0.187
326.60,GOAROUND,60.75,61.56,32.16,2.34,9.7,-0.1,-4.3,0.1,621,0.70,0.029,0.018,0.00,,,,0,-1266,-0,4.48,30.1,1.00,0.187
326.70,GOAROUND,60.99,61.79,32.15,2.35,9.7,-0.1,-4.3,0.1,624,0.70,0.029,0.018,0.00,,,,0,-1269,-0,4.48,30.1,1.00,0.187
326.80,GOAROUND,61.22,62.01,32.13,2.36,9.7,-0.1,-4.3,0.1,627,0.71,0.029,0.018,0.00,,,,0,-1272,-0,4.48,30.1,1.00,0.187
326.90,GOAROUND,61.46,62.24,32.12,2.37,9.7,-0.1,-4.3,0.2,630,0.71,0.029,0.018,0.00,,,,0,-1275,-0,4.48,30.1,1.00,0.187
327.00,GOAROUND,61.70,62.47,32.11,2.38,9.7,-0.1,-4.3,0.2,633,0.71,0.030,0.018,0.00,,,,0,-1278,-0,4.48,30.1,1.00,0.187
327.10,GOAROUND,61.93,62.70,32.10,2.38,9.7,-0.1,-4.3,0.2,636,0.71,0.030,0.018,0.00,,,,0,-1281,-0,4.48,30.1,1.00,0.187
327.20,GOAROUND,62.17,62.92,32.09,2.39,9.7,-0.1,-4.3,0.2,639,0.71,0.030,0.018,0.00,,,,0,-1284,-0,4.48,30.1,1.00,0.187
327.30,GOAROUND,62.41,63.15,32.08,2.39,9.7,-0.1,-4.3,0.2,642,0.71,0.030,0.018,0.00,,,,0,-1287,-0,4.48,30.1,1.00,0.187
327.40,GOAROUND,62.65,63.38,32.07,2.40,9.7,-0.1,-4.3,0.2,645,0.72,0.030,0.018,0.00,,,,0,-1290,-0,4.48,30.1,1.00,0.187
327.50,GOAROUND,62.89,63.61,32.06,2.40,9.7,-0.1,-4.3,0.3,648,0.72,0.031,0.018,0.00,,,,0,-1293,-0,4.48,30.1,1.00,0.187
327.60,GOAROUND,63.13,63.83,32.05,2.40,9.7,-0.1,-4.3,0.3,651,0.72,0.031,0.018,0.00,,,,0,-1296,-0,4.48,30.1,1.00,0.187
327.70,GOAROUND,63.37,64.06,32.04,2.40,9.7,-0.1,-4.3,0.3,654,0.72,0.031,0.018,0.00,,,,0,-1299,-0,4.48,30.1,1.00,0.187
327.80,GOAROUND,63.61,64.29,32.03,2.40,9.7,-0.1,-4.3,0.3,657,0.72,0.031,0.018,0.00,,,,0,-1302,-0,4.48,30.1,1.00,0.187
327.90,GOAROUND,63.85,64.52,32.02,2.40,9.7,-0.1,-4.3,0.3,659,0.72,0.031,0.018,0.00,,,,0,-1304,-0,4.48,30.1,1.00,0.187
328.00,GOAROUND,64.09,64.75,32.01,2.40,9.7,-0.1,-4.3,0.3,662,0.72,0.032,0.018,0.00,,,,0,-1307,-0,4.48,30.1,1.00,0.187
328.10,GOAROUND,64.33,64.98,32.00,2.40,9.7,-0.1,-4.3,0.4,665,0.73,0.032,0.018,0.00,,,,0,-1310,-0,4.48,30.1,1.00,0.187
328.20,GOAROUND,64.57,65.20,31.99,2.40,9.7,-0.1,-4.3,0.4,668,0.73,0.032,0.018,0.00,,,,0,-1313,-0,4.48,30.1,1.00,0.187
328.30,GOAROUND,64.81,65.43,31.99,2.40,9.7,-0.1,-4.3,0.4,671,0.73,0.032,0.018,0.00,,,,0,-1316,-0,4.48,30.1,1.00,0.187
328.40,GOAROUND,65.05,65.66,31.98,2.40,9.7,-0.1,-4.3,0.4,674,0.73,0.032,0.018,0.00,,,,0,-1319,-0,4.48,30.1,1.00,0.187
328.50,GOAROUND,65.29,65.89,31.97,2.40,9.7,-0.1,-4.3,0.4,677,0.73,0.032,0.018,0.00,,,,0,-1322,-0,4.48,30.1,1.00,0.187
328.60,GOAROUND,65.53,66.12,31.97,2.39,9.7,-0.1,-4.3,0.4,680,0.73,0.033,0.018,0.00,,,,0,-1325,-0,4.48,30.1,1.00,0.187
328.70,GOAROUND,65.77,66.34,31.96,2.39,9.7,-0.1,-4.3,0.4,683,0.73,0.033,0.018,0.00,,,,0,-1328,-0,4.48,30.1,1.00,0.187
328.80,GOAROUND,66.01,66.57,31.95,2.39,9.7,-0.1,-4.3,0.4,686,0.73,0.033,0.018,0.00,,,,0,-1331,-0,4.48,30.1,1.00,0.187
328.90,GOAROUND,66.25,66.80,31.95,2.39,9.7,-0.1,-4.3,0.5,689,0.73,0.033,0.018,0.00,,,,0,-1334,-0,4.48,30.1,1.00,0.187
329.00,GOAROUND,66.49,67.03,31.94,2.39,9.7,-0.1,-4.3,0.5,692,0.73,0.033,0.018,0.00,,,,0,-1337,-0,4.48,30.1,1.00,0.187
329.10,GOAROUND,66.73,67.25,31.94,2.38,9.7,-0.1,-4.3,0.5,695,0.74,0.033,0.018,0.00,,,,0,-1340,-0,4.48,30.1,1.00,0.187
329.20,GOAROUND,66.96,67.48,31.93,2.38,9.7,-0.1,-4.3,0.5,698,0.74,0.033,0.018,0.00,,,,0,-1343,-0,4.48,30.1,1.00,0.187
329.30,GOAROUND,67.20,67.71,31.93,2.38,9.7,-0.1,-4.3,0.5,700,0.74,0.034,0.018,0.00,,,,0,-1345,-1,4.48,30.1,1.00,0.187
329.40,GOAROUND,67.44,67.93,31.93,2.38,9.7,-0.1,-4.3,0.5,703,0.74,0.034,0.018,0.00,,,,0,-1348,-1,4.48,30.1,1.00,0.187
329.50,GOAROUND,67.68,68.16,31.92,2.38,9.7,-0.1,-4.3,0.5,706,0.74,0.034,0.018,0.00,,,,0,-1351,-1,4.48,30.1,1.00,0.187
329.60,GOAROUND,67.92,68.39,31.92,2.37,9.7,-0.1,-4.2,0.5,709,0.74,0.034,0.018,0.00,,,,0,-1354,-1,4.48,30.1,1.00,0.187
329.70,GOAROUND,68.15,68.61,31.92,2.37,9.7,-0.1,-4.2,0.5,712,0.74,0.034,0.018,0.00,,,,0,-1357,-1,4.48,30.1,1.00,0.187
329.80,GOAROUND,68.39,68.84,31.91,2.37,9.7,-0.1,-4.2,0.5,715,0.74,0.034,0.018,0.00,,,,0,-1360,-1,4.48,30.1,1.00,0.187
329.90,GOAROUND,68.63,69.06,31.91,2.37,9.7,-0.1,-4.2,0.5,718,0.74,0.034,0.018,0.00,,,,0,-1363,-1,4.48,30.1,1.00,0.187
330.00,GOAROUND,68.86,69.29,31.91,2.37,9.7,-0.1,-4.2,0.6,721,0.74,0.034,0.018,0.00,,,,0,-1366,-1,4.48,30.1,1.00,0.187
330.10,GOAROUND,69.10,69.51,31.90,2.37,9.7,-0.1,-4.2,0.6,724,0.74,0.034,0.018,0.00,,,,0,-1369,-1,4.48,30.1,1.00,0.187
330.20,GOAROUND,69.34,69.74,31.90,2.36,9.7,-0.1,-4.2,0.6,727,0.74,0.035,0.018,0.00,,,,0,-1372,-1,4.48,30.1,1.00,0.187
330.30,GOAROUND,69.57,69.96,31.90,2.36,9.7,-0.1,-4.2,0.6,730,0.74,0.035,0.018,0.00,,,,0,-1375,-1,4.48,30.1,1.00,0.187
330.40,GOAROUND,69.81,70.18,31.90,2.36,9.7,-0.1,-4.2,0.6,733,0.74,0.035,0.018,0.00,,,,0,-1378,-1,4.48,30.1,1.00,0.187
330.50,GOAROUND,70.04,70.40,31.90,2.36,9.7,-0.1,-4.2,0.6,735,0.74,0.035,0.018,0.00,,,,0,-1380,-1,4.48,30.1,1.00,0.187
330.60,GOAROUND,70.28,70.63,31.89,2.36,9.7,-0.1,-4.2,0.6,738,0.74,0.035,0.018,0.00,,,,0,-1383,-1,4.48,30.1,1.00,0.187
330.70,GOAROUND,70.52,70.85,31.89,2.36,9.7,-0.1,-4.2,0.6,741,0.75,0.035,0.018,0.00,,,,0,-1386,-1,4.48,30.1,1.00,0.187
330.80,GOAROUND,70.75,71.07,31.89,2.36,9.7,-0.1,-4.2,0.6,744,0.75,0.035,0.018,0.00,,,,0,-1389,-1,4.48,30.1,1.00,0.187
330.90,GOAROUND,70.99,71.29,31.89,2.36,9.7,-0.1,-4.2,0.6,747,0.75,0.035,0.018,0.00,,,,0,-1392,-1,4.48,30.1,1.00,0.187
331.00,GOAROUND,71.22,71.52,31.89,2.36,9.7,-0.1,-4.2,0.6,750,0.75,0.035,0.018,0.00,,,,0,-1395,-1,4.48,30.1,1.00,0.187
331.10,GOAROUND,71.46,71.74,31.89,2.36,9.7,-0.1,-4.2,0.6,753,0.75,0.035,0.019,0.00,,,,0,-1398,-1,4.48,30.1,1.00,0.187
331.20,GOAROUND,71.70,71.96,31.88,2.36,9.7,-0.1,-4.2,0.6,756,0.75,0.035,0.019,0.00,,,,0,-1401,-1,4.48,30.1,1.00,0.187
331.30,GOAROUND,71.93,72.18,31.88,2.36,9.7,-0.1,-4.2,0.6,759,0.75,0.035,0.019,0.00,,,,0,-1404,-1,4.48,30.1,1.00,0.187
331.40,GOAROUND,72.17,72.41,31.88,2.36,9.7,-0.1,-4.2,0.6,762,0.75,0.035,0.019,0.00,,,,0,-1407,-1,4.48,30.1,1.00,0.187
331.50,GOAROUND,72.40,72.63,31.88,2.36,9.7,-0.1,-4.2,0.6,765,0.75,0.035,0.019,0.00,,,,0,-1410,-1,4.48,30.1,1.00,0.187
331.60,GOAROUND,72.64,72.86,31.88,2.36,9.7,-0.1,-4.1,0.6,768,0.75,0.035,0.019,0.00,,,,0,-1413,-1,4.48,30.1,1.00,0.187
331.70,GOAROUND,72.87,73.08,31.88,2.36,9.7,-0.1,-4.1,0.6,770,0.75,0.035,0.019,0.00,,,,0,-1415,-1,4.48,30.1,1.00,0.187
331.80,GOAROUND,73.11,73.31,31.88,2.36,9.7,-0.1,-4.1,0.6,773,0.75,0.035,0.019,0.00,,,,0,-1418,-1,4.48,30.1,1.00,0.187
331.90,GOAROUND,73.35,73.54,31.88,2.36,9.7,-0.1,-4.1,0.6,776,0.75,0.035,0.019,0.00,,,,0,-1421,-1,4.48,30.1,1.00,0.187
332.00,GOAROUND,73.58,73.77,31.88,2.36,9.7,-0.1,-4.1,0.6,779,0.75,0.035,0.019,0.00,,,,0,-1424,-1,4.48,30.1,1.00,0.187
332.10,GOAROUND,73.82,74.00,31.87,2.36,9.7,-0.1,-4.1,0.6,782,0.75,0.035,0.019,0.00,,,,0,-1427,-1,4.48,30.1,1.00,0.187
332.20,GOAROUND,74.05,74.23,31.87,2.36,9.7,-0.1,-4.1,0.6,785,0.75,0.035,0.019,0.00,,,,0,-1430,-1,4.48,30.1,1.00,0.187
332.30,GOAROUND,74.29,74.46,31.87,2.37,9.7,-0.1,-4.1,0.6,788,0.75,0.035,0.019,0.00,,,,0,-1433,-1,4.48,30.1,1.00,0.187
332.40,GOAROUND,74.53,74.70,31.87,2.37,9.8,-0.1,-4.1,0.6,791,0.75,0.035,0.019,0.00,,,,0,-1436,-1,4.48,30.1,1.00,0.187
332.50,GOAROUND,74.76,74.93,31.87,2.37,9.8,-0.1,-4.1,0.6,794,0.75,0.035,0.019,0.00,,,,0,-1439,-1,4.48,30.1,1.00,0.187
332.60,GOAROUND,75.00,75.16,31.87,2.37,9.8,-0.1,-4.1,0.6,797,0.75,0.035,0.019,0.00,,,,0,-1442,-1,4.48,30.1,1.00,0.187
332.70,GOAROUND,75.24,75.40,31.87,2.37,9.8,-0.1,-4.1,0.6,800,0.75,0.035,0.019,0.00,,,,0,-1445,-1,4.48,30.1,1.00,0.187
332.80,GOAROUND,75.47,75.63,31.87,2.37,9.8,-0.1,-4.1,0.6,803,0.75,0.035,0.019,0.00,,,,0,-1448,-1,4.48,30.1,1.00,0.187
332.90,GOAROUND,75.71,75.86,31.87,2.38,9.8,-0.1,-4.1,0.6,805,0.75,0.035,0.019,0.00,,,,0,-1450,-1,4.48,30.1,1.00,0.187
333.00,GOAROUND,75.95,76.10,31.87,2.38,9.8,-0.1,-4.1,0.6,808,0.75,0.035,0.019,0.00,,,,0,-1453,-1,4.48,30.1,1.00,0.187
333.10,GOAROUND,76.19,76.33,31.86,2.38,9.8,-0.1,-4.1,0.6,811,0.75,0.035,0.019,0.00,,,,0,-1456,-1,4.48,30.1,1.00,0.187
333.20,GOAROUND,76.43,76.57,31.86,2.38,9.8,-0.1,-4.1,0.6,814,0.75,0.035,0.019,0.00,,,,0,-1459,-1,4.48,30.1,1.00,0.187
333.30,GOAROUND,76.67,76.80,31.86,2.39,9.8,-0.1,-4.1,0.6,817,0.75,0.035,0.019,0.00,,,,0,-1462,-1,4.48,30.1,1.00,0.187
333.40,GOAROUND,76.90,77.04,31.86,2.39,9.8,-0.1,-4.1,0.6,820,0.75,0.035,0.019,0.00,,,,0,-1465,-1,4.48,30.1,1.00,0.187
333.50,GOAROUND,77.14,77.27,31.86,2.39,9.8,-0.1,-4.1,0.5,823,0.75,0.035,0.019,0.00,,,,0,-1468,-1,4.48,30.1,1.00,0.187
333.60,GOAROUND,77.38,77.51,31.86,2.40,9.8,-0.1,-4.1,0.5,826,0.75,0.035,0.019,0.00,,,,0,-1471,-1,4.48,30.1,1.00,0.187
333.70,GOAROUND,77.62,77.74,31.86,2.40,9.8,-0.0,-4.0,0.5,829,0.75,0.035,0.019,0.00,,,,0,-1474,-1,4.48,30.1,1.00,0.187
333.80,GOAROUND,77.86,77.98,31.86,2.40,9.8,-0.0,-4.0,0.5,832,0.75,0.035,0.019,0.00,,,,0,-1477,-1,4.48,30.1,1.00,0.187
333.90,GOAROUND,78.10,78.22,31.85,2.41,9.8,-0.0,-4.0,0.5,835,0.75,0.035,0.019,0.00,,,,0,-1480,-1,4.48,30.1,1.00,0.187
334.00,GOAROUND,78.34,78.45,31.85,2.41,9.9,-0.0,-4.0,0.5,837,0.75,0.035,0.019,0.00,,,,0,-1482,-1,4.48,30.1,1.00,0.187
334.10,GOAROUND,78.59,78.69,31.85,2.41,9.9,-0.0,-4.0,0.5,840,0.75,0.035,0.019,0.00,,,,0,-1485,-1,4.48,30.1,1.00,0.187
334.20,GOAROUND,78.83,78.93,31.85,2.42,9.9,-0.0,-4.0,0.5,843,0.75,0.035,0.019,0.00,,,,0,-1488,-0,4.48,30.1,1.00,0.187
334.30,GOAROUND,79.07,79.17,31.85,2.42,9.9,-0.0,-4.0,0.5,846,0.76,0.035,0.019,0.00,,,,0,-1491,-0,4.48,30.1,1.00,0.187
334.40,GOAROUND,79.31,79.41,31.85,2.43,9.9,-0.0,-4.0,0.5,849,0.76,0.035,0.019,0.00,,,,0,-1494,-0,4.48,30.1,1.00,0.187
334.50,GOAROUND,79.55,79.65,31.84,2.43,9.9,-0.0,-4.0,0.5,852,0.76,0.034,0.019,0.00,,,,0,-1497,-0,4.48,30.1,1.00,0.187
334.60,GOAROUND,79.80,79.89,31.84,2.44,9.9,-0.0,-4.0,0.5,855,0.76,0.034,0.019,0.00,,,,0,-1500,-0,4.48,30.1,1.00,0.187
334.70,GOAROUND,80.04,80.13,31.84,2.44,9.9,-0.0,-4.0,0.5,858,0.76,0.034,0.019,0.00,,,,0,-1503,-0,4.48,30.1,1.00,0.187
334.80,GOAROUND,80.29,80.38,31.84,2.44,9.9,-0.0,-4.0,0.4,861,0.76,0.034,0.019,0.00,,,,0,-1506,-0,4.48,30.1,1.00,0.187
334.90,GOAROUND,80.53,80.62,31.84,2.45,9.9,0.0,-4.0,0.4,864,0.76,0.034,0.019,0.00,,,,0,-1509,-0,4.48,30.1,1.00,0.187
335.00,GOAROUND,80.77,80.87,31.83,2.45,9.9,0.0,-4.0,0.4,867,0.76,0.034,0.019,0.00,,,,0,-1512,-0,4.48,30.1,1.00,0.187
335.10,GOAROUND,81.02,81.11,31.83,2.46,10.0,0.0,-4.0,0.4,869,0.76,0.034,0.019,0.00,,,,0,-1514,-0,4.48,30.1,1.00,0.187
335.20,GOAROUND,81.27,81.36,31.83,2.46,10.0,0.0,-4.0,0.4,872,0.76,0.034,0.019,0.00,,,,0,-1517,-0,4.48,30.1,1.00,0.187
335.30,GOAROUND,81.51,81.61,31.83,2.47,10.0,0.0,-4.0,0.4,875,0.76,0.034,0.019,0.00,,,,0,-1520,-0,4.48,30.1,1.00,0.187
335.40,GOAROUND,81.76,81.86,31.82,2.47,10.0,0.0,-4.0,0.4,878,0.76,0.033,0.019,0.00,,,,0,-1523,-0,4.48,30.1,1.00,0.187
335.50,GOAROUND,82.01,82.11,31.82,2.48,10.0,0.0,-4.0,0.4,881,0.76,0.033,0.019,0.00,,,,0,-1526,-0,4.48,30.1,1.00,0.187
335.60,GOAROUND,82.26,82.36,31.82,2.48,10.0,0.0,-4.0,0.4,884,0.76,0.033,0.019,0.00,,,,0,-1529,-0,4.48,30.1,1.00,0.187
335.70,GOAROUND,82.50,82.61,31.82,2.49,10.0,0.0,-4.0,0.4,887,0.76,0.033,0.019,0.00,,,,0,-1532,-0,4.48,30.1,1.00,0.187
335.80,GOAROUND,82.75,82.86,31.81,2.49,10.0,0.0,-4.0,0.3,890,0.76,0.033,0.019,0.00,,,,0,-1535,-0,4.48,30.1,1.00,0.187
335.90,GOAROUND,83.00,83.11,31.81,2.50,10.0,0.0,-4.0,0.3,893,0.76,0.033,0.019,0.00,,,,0,-1538,-0,4.48,30.1,1.00,0.187
336.00,GOAROUND,83.25,83.36,31.81,2.51,10.1,0.0,-4.0,0.3,896,0.76,0.033,0.019,0.00,,,,0,-1541,-0,4.48,30.1,1.00,0.187
336.10,GOAROUND,83.50,83.61,31.81,2.51,10.1,0.1,-4.0,0.3,899,0.76,0.032,0.019,0.00,,,,0,-1544,-0,4.48,30.1,1.00,0.187
336.20,GOAROUND,83.75,83.87,31.80,2.52,10.1,0.1,-4.0,0.3,901,0.76,0.032,0.019,0.00,,,,0,-1546,-0,4.48,30.1,1.00,0.187
336.30,GOAROUND,84.01,84.12,31.80,2.52,10.1,0.1,-4.0,0.3,904,0.76,0.032,0.019,0.00,,,,0,-1549,-0,4.48,30.1,1.00,0.187
336.40,GOAROUND,84.26,84.38,31.80,2.53,10.1,0.1,-4.0,0.3,907,0.76,0.032,0.019,0.00,,,,0,-1552,-0,4.48,30.1,1.00,0.187
336.50,GOAROUND,84.51,84.63,31.79,2.54,10.1,0.1,-4.0,0.3,910,0.76,0.032,0.019,0.00,,,,0,-1555,-0,4.48,30.1,1.00,0.187
336.60,GOAROUND,84.77,84.89,31.79,2.54,10.1,0.1,-4.0,0.3,913,0.76,0.032,0.019,0.00,,,,0,-1558,-0,4.48,30.1,1.00,0.187
336.70,GOAROUND,85.02,85.14,31.79,2.55,10.2,0.1,-4.0,0.2,916,0.76,0.031,0.019,0.00,,,,0,-1561,-0,4.48,30.1,1.00,0.187
336.80,GOAROUND,85.28,85.40,31.78,2.55,10.2,0.1,-4.0,0.2,919,0.76,0.031,0.019,0.00,,,,0,-1564,-0,4.48,30.1,1.00,0.187
336.90,GOAROUND,85.53,85.65,31.78,2.56,10.2,0.1,-4.0,0.2,922,0.77,0.031,0.019,0.00,,,,0,-1567,-0,4.48,30.1,1.00,0.187
337.00,GOAROUND,85.79,85.91,31.78,2.57,10.2,0.1,-4.0,0.2,925,0.77,0.031,0.019,0.00,,,,0,-1570,-0,4.48,30.1,1.00,0.187
337.10,GOAROUND,86.04,86.17,31.77,2.57,10.2,0.1,-4.0,0.2,928,0.77,0.031,0.019,0.00,,,,0,-1573,-0,4.48,30.1,1.00,0.187
337.20,GOAROUND,86.30,86.43,31.77,2.58,10.2,0.1,-4.0,0.2,930,0.77,0.030,0.019,0.00,,,,0,-1575,-0,4.48,30.1,1.00,0.187
337.30,GOAROUND,86.56,86.69,31.76,2.59,10.2,0.1,-4.0,0.2,933,0.77,0.030,0.019,0.00,,,,0,-1578,-0,4.48,30.1,1.00,0.187
337.40,GOAROUND,86.82,86.95,31.76,2.60,10.3,0.1,-4.0,0.2,936,0.77,0.030,0.019,0.00,,,,0,-1581,-0,4.48,30.1,1.00,0.187
337.50,GOAROUND,87.08,87.21,31.76,2.60,10.3,0.1,-4.0,0.1,939,0.77,0.030,0.019,0.00,,,,0,-1584,-0,4.48,30.1,1.00,0.187
337.60,GOAROUND,87.34,87.47,31.75,2.61,10.3,0.1,-4.0,0.1,942,0.77,0.029,0.019,0.00,,,,0,-1587,-0,4.48,30.1,1.00,0.187
337.70,GOAROUND,87.60,87.73,31.75,2.62,10.3,0.1,-4.0,0.1,945,0.77,0.029,0.019,0.00,,,,0,-1590,-0,4.48,30.1,1.00,0.187
337.80,GOAROUND,87.86,88.00,31.74,2.62,10.3,0.1,-4.0,0.1,948,0.77,0.029,0.019,0.00,,,,0,-1593,-0,4.48,30.1,1.00,0.187
337.90,GOAROUND,88.13,88.26,31.74,2.63,10.3,0.1,-4.0,0.1,951,0.77,0.029,0.019,0.00,,,,0,-1596,-0,4.48,30.1,1.00,0.187
338.00,GOAROUND,88.39,88.53,31.73,2.64,10.4,0.1,-4.0,0.1,954,0.77,0.028,0.019,0.00,,,,0,-1599,-0,4.48,30.1,1.00,0.187
338.10,GOAROUND,88.65,88.79,31.73,2.65,10.4,0.1,-4.0,0.1,957,0.77,0.028,0.019,0.00,,,,0,-1602,-0,4.48,30.1,1.00,0.187
338.20,GOAROUND,88.92,89.06,31.73,2.66,10.4,0.1,-4.0,0.1,959,0.77,0.028,0.019,0.00,,,,0,-1604,-0,4.48,30.1,1.00,0.187
338.30,GOAROUND,89.18,89.33,31.72,2.66,10.4,0.1,-4.0,0.0,962,0.77,0.028,0.019,0.00,,,,0,-1607,-0,4.48,30.1,1.00,0.187
338.40,GOAROUND,89.45,89.60,31.72,2.67,10.4,0.2,-4.0,0.0,965,0.77,0.027,0.019,0.00,,,,0,-1610,-0,4.48,30.1,1.00,0.187
338.50,GOAROUND,89.72,89.86,31.71,2.68,10.4,0.2,-4.0,0.0,968,0.77,0.027,0.019,0.00,,,,0,-1613,-0,4.48,30.1,1.00,0.187
338.60,GOAROUND,89.99,90.14,31.71,2.69,10.5,0.2,-4.0,0.0,971,0.77,0.027,0.019,0.00,,,,0,-1616,-0,4.48,30.1,1.00,0.187
338.70,CROSSWIND,90.26,90.41,31.70,2.70,10.5,0.2,-51.6,-0.0,974,0.78,0.026,0.129,0.00,327,,750,0,-1619,0,4.48,30.1,1.00,0.187
338.80,CROSSWIND,90.53,90.68,31.69,2.71,10.5,0.0,-51.5,-0.0,977,0.78,0.026,0.250,0.00,324,,750,0,-1622,0,4.48,30.1,1.00,0.187
338.90,CROSSWIND,90.80,90.95,31.68,2.71,10.5,-0.4,-51.5,-0.0,980,0.78,0.023,0.225,0.00,321,,750,0,-1625,0,4.48,30.1,1.00,0.187
339.00,CROSSWIND,91.07,91.22,31.68,2.73,10.6,-1.1,-51.5,-0.0,983,0.78,0.019,0.094,0.00,318,,750,0,-1628,0,4.48,30.1,1.00,0.187
339.10,CROSSWIND,91.34,91.50,31.67,2.76,10.6,-2.1,-51.5,-0.0,985,0.78,0.022,-0.027,0.00,315,,750,0,-1630,0,4.48,30.1,1.00,0.187
339.20,CROSSWIND,91.62,91.78,31.66,2.78,10.6,-3.1,-51.5,-0.0,988,0.78,0.028,-0.065,0.00,312,,750,0,-1633,0,4.48,30.1,1.00,0.187
339.30,CROSSWIND,91.90,92.06,31.65,2.80,10.6,-4.1,-51.6,-0.1,991,0.78,0.029,-0.091,0.00,309,,750,0,-1636,0,4.48,30.1,1.00,0.187
339.40,CROSSWIND,92.18,92.34,31.64,2.81,10.6,-5.2,-51.6,-0.1,994,0.78,0.027,-0.110,0.00,307,,750,0,-1639,0,4.48,30.1,1.00,0.187
339.50,CROSSWIND,92.46,92.62,31.63,2.82,10.6,-6.2,-51.7,-0.2,997,0.78,0.022,-0.122,0.00,304,,750,0,-1642,0,4.48,30.1,1.00,0.187
339.60,CROSSWIND,92.74,92.91,31.62,2.83,10.7,-7.2,-51.7,-0.2,1000,0.79,0.020,-0.129,0.00,301,,750,0,-1645,0,4.48,30.1,1.00,0.187
339.70,CROSSWIND,93.03,93.19,31.61,2.81,10.7,-8.2,-51.7,-0.3,1003,0.79,0.020,-0.129,0.00,298,,750,0,-1648,0,4.48,30.1,1.00,0.187
339.80,CROSSWIND,93.31,93.47,31.61,2.78,10.8,-9.1,-51.8,-0.4,1006,0.79,0.018,-0.125,0.00,295,,750,0,-1651,0,4.48,30.1,1.00,0.187
339.90,CROSSWIND,93.58,93.75,31.61,2.72,10.8,-10.1,-51.8,-0.5,1009,0.79,0.015,-0.123,0.00,292,,750,0,-1654,0,4.48,30.1,1.00,0.187
340.00,CROSSWIND,93.85,94.02,31.61,2.66,10.9,-10.6,-51.7,-0.6,1011,0.79,0.012,-0.109,0.00,289,,750,0,-1656,1,4.48,30.1,1.00,0.187
340.10,CROSSWIND,94.12,94.28,31.61,2.58,11.0,-10.9,-51.7,-0.7,1014,0.79,0.014,-0.086,0.00,286,,750,0,-1659,1,4.48,30.1,1.00,0.187
340.20,CROSSWIND,94.37,94.54,31.62,2.49,11.0,-11.0,-51.7,-0.9,1017,0.80,0.021,-0.059,0.00,284,,750,0,-1662,1,4.48,30.1,1.00,0.187
340.30,CROSSWIND,94.62,94.78,31.63,2.40,10.9,-11.3,-51.6,-1.0,1020,0.80,0.026,-0.028,0.00,281,,749,0,-1665,1,4.48,30.1,1.00,0.187
340.40,CROSSWIND,94.85,95.02,31.64,2.30,10.9,-11.9,-51.5,-1.2,1023,0.80,0.027,0.001,0.00,278,,749,0,-1668,1,4.48,30.1,1.00,0.187
340.50,CROSSWIND,95.08,95.25,31.65,2.21,10.9,-12.7,-51.5,-1.4,1026,0.80,0.026,0.023,0.00,275,,749,0,-1671,1,4.48,30.1,1.00,0.187
340.60,CROSSWIND,95.30,95.46,31.66,2.13,10.8,-13.5,-51.4,-1.6,1029,0.80,0.031,0.043,0.00,272,,749,0,-1674,2,4.48,30.1,1.00,0.187
340.70,CROSSWIND,95.51,95.68,31.68,2.07,10.7,-14.2,-51.4,-1.8,1032,0.80,0.042,0.060,0.00,269,,749,0,-1677,2,4.48,30.1,1.00,0.187
340.80,CROSSWIND,95.71,95.88,31.70,2.01,10.5,-14.9,-51.3,-2.0,1035,0.80,0.052,0.073,0.00,266,,748,0,-1680,2,4.48,30.1,1.00,0.187
340.90,CROSSWIND,95.91,96.08,31.72,1.97,10.3,-15.6,-51.3,-2.2,1037,0.80,0.059,0.081,0.00,263,,748,0,-1682,2,4.48,30.1,1.00,0.187
341.00,CROSSWIND,96.11,96.27,31.73,1.95,10.1,-16.3,-51.3,-2.5,1040,0.80,0.060,0.084,0.00,260,,748,0,-1685,2,4.48,30.1,1.00,0.187
341.10,CROSSWIND,96.30,96.47,31.75,1.96,9.9,-16.9,-51.3,-2.8,1043,0.80,0.065,0.081,0.00,257,,748,0,-1688,3,4.48,30.1,1.00,0.187
341.20,CROSSWIND,96.50,96.66,31.77,1.98,9.7,-17.6,-51.3,-3.1,1046,0.80,0.070,0.073,0.00,255,,747,0,-1691,3,4.48,30.1,1.00,0.187
341.30,CROSSWIND,96.70,96.86,31.78,2.01,9.5,-18.2,-51.3,-3.4,1049,0.79,0.074,0.060,0.00,252,,747,0,-1694,3,4.48,30.1,1.00,0.187
341.40,CROSSWIND,96.90,97.06,31.79,2.05,9.3,-18.8,-51.3,-3.8,1052,0.79,0.076,0.044,0.00,249,,747,0,-1697,4,4.48,30.1,1.00,0.187
341.50,CROSSWIND,97.11,97.27,31.80,2.09,9.2,-19.3,-51.3,-4.2,1055,0.79,0.073,0.026,0.00,246,,746,0,-1700,4,4.48,30.1,1.00,0.187
341.60,CROSSWIND,97.32,97.48,31.81,2.15,9.1,-19.7,-51.4,-4.6,1058,0.78,0.067,0.007,0.00,243,,746,0,-1703,5,4.48,30.1,1.00,0.187
341.70,CROSSWIND,97.53,97.69,31.81,2.20,9.0,-20.1,-51.4,-5.1,1061,0.78,0.064,-0.012,0.00,240,,745,0,-1706,5,4.48,30.1,1.00,0.187
341.80,CROSSWIND,97.76,97.91,31.81,2.23,9.0,-20.3,-51.5,-5.6,1064,0.78,0.062,-0.030,0.00,237,,745,0,-1709,6,4.48,30.1,1.00,0.187
341.90,CROSSWIND,97.98,98.14,31.81,2.26,9.0,-20.5,-51.5,-6.2,1067,0.78,0.057,-0.046,0.00,234,,744,0,-1712,6,4.48,30.1,1.00,0.187
342.00,CROSSWIND,98.21,98.36,31.81,2.26,9.0,-20.6,-51.6,-6.8,1069,0.78,0.052,-0.057,0.00,231,,744,0,-1714,7,4.48,30.1,1.00,0.187
342.10,CROSSWIND,98.43,98.59,31.82,2.25,9.1,-20.6,-51.6,-7.5,1072,0.78,0.046,-0.065,0.00,228,,743,0,-1717,7,4.48,30.1,1.00,0.187
342.20,CROSSWIND,98.65,98.81,31.82,2.22,9.2,-20.6,-51.6,-8.2,1075,0.78,0.041,-0.069,0.00,225,,742,0,-1720,8,4.48,30.1,1.00,0.187
342.30,CROSSWIND,98.88,99.03,31.83,2.17,9.2,-20.5,-51.6,-8.9,1078,0.78,0.042,-0.068,0.00,223,,742,0,-1723,9,4.48,30.1,1.00,0.187
342.40,CROSSWIND,99.09,99.25,31.84,2.10,9.3,-20.3,-51.6,-9.6,1081,0.78,0.043,-0.062,0.00,220,,741,0,-1726,10,4.48,30.1,1.00,0.187
342.50,CROSSWIND,99.30,99.46,31.86,2.01,9.3,-20.1,-51.6,-10.4,1084,0.78,0.042,-0.053,0.00,217,,740,0,-1729,10,4.48,30.1,1.00,0.187
342.60,CROSSWIND,99.50,99.65,31.88,1.92,9.4,-19.9,-51.6,-11.3,1087,0.78,0.041,-0.039,0.00,214,,739,0,-1732,11,4.48,30.1,1.00,0.187
342.70,CROSSWIND,99.69,99.84,31.90,1.82,9.4,-19.8,-51.6,-12.1,1090,0.78,0.044,-0.024,0.00,211,,738,0,-1735,12,4.48,30.1,1.00,0.187
342.80,CROSSWIND,99.86,100.02,31.93,1.72,9.4,-19.6,-51.6,-13.0,1092,0.78,0.048,-0.007,0.00,208,,737,0,-1737,13,4.48,30.1,1.00,0.187
342.90,CROSSWIND,100.03,100.19,31.96,1.63,9.4,-19.5,-51.5,-13.9,1095,0.78,0.051,0.011,0.00,205,,737,0,-1740,14,4.48,30.1,1.00,0.187
343.00,CROSSWIND,100.19,100.35,31.99,1.55,9.3,-19.4,-51.5,-14.8,1098,0.78,0.053,0.028,0.00,203,,736,0,-1743,15,4.48,30.1,1.00,0.187
343.10,CROSSWIND,100.35,100.50,32.02,1.49,9.3,-19.4,-51.4,-15.8,1101,0.78,0.058,0.044,0.00,200,,735,0,-1746,16,4.48,30.1,1.00,0.187
343.20,CROSSWIND,100.49,100.65,32.04,1.44,9.2,-19.4,-51.4,-16.8,1104,0.78,0.063,0.058,0.00,197,,734,0,-1749,17,4.48,30.1,1.00,0.187
343.30,CROSSWIND,100.64,100.79,32.07,1.41,9.1,-19.4,-51.4,-17.8,1107,0.77,0.070,0.068,0.00,194,,733,0,-1752,18,4.48,30.1,1.00,0.187
343.40,CROSSWIND,100.78,100.92,32.10,1.40,8.9,-19.5,-51.3,-18.8,1110,0.77,0.076,0.075,0.00,191,,732,0,-1755,19,4.48,30.1,1.00,0.187
343.50,CROSSWIND,100.92,101.06,32.13,1.40,8.8,-19.7,-51.3,-19.9,1112,0.77,0.080,0.078,0.00,188,,731,0,-1757,20,4.48,30.1,1.00,0.187
343.60,CROSSWIND,101.06,101.20,32.15,1.41,8.6,-19.9,-51.3,-21.0,1115,0.76,0.081,0.077,0.00,185,,729,0,-1760,21,4.48,30.1,1.00,0.187
343.70,CROSSWIND,101.20,101.34,32.17,1.45,8.5,-20.1,-51.3,-22.2,1118,0.76,0.082,0.073,0.00,183,,728,0,-1763,22,4.48,30.1,1.00,0.187
343.80,CROSSWIND,101.34,101.48,32.19,1.50,8.4,-20.3,-51.3,-23.3,1121,0.76,0.084,0.065,0.00,180,,727,0,-1766,23,4.48,30.1,1.00,0.187
343.90,CROSSWIND,101.50,101.63,32.20,1.55,8.3,-20.5,-51.3,-24.5,1124,0.75,0.085,0.055,0.00,177,,726,0,-1769,25,4.48,30.1,1.00,0.187
344.00,CROSSWIND,101.65,101.78,32.21,1.60,8.2,-20.7,-51.4,-25.8,1127,0.75,0.082,0.043,0.00,174,,725,0,-1772,26,4.48,30.1,1.00,0.187
344.10,CROSSWIND,101.81,101.94,32.22,1.66,8.2,-20.9,-51.4,-27.1,1129,0.75,0.075,0.031,0.00,171,,723,0,-1774,27,4.48,30.1,1.00,0.187
344.20,CROSSWIND,101.98,102.11,32.23,1.73,8.2,-21.0,-51.4,-28.4,1132,0.74,0.071,0.017,0.00,169,,722,0,-1777,28,4.48,30.1,1.00,0.187
344.30,CROSSWIND,102.16,102.28,32.23,1.78,8.2,-21.1,-51.5,-29.8,1135,0.74,0.071,0.004,0.00,166,,721,0,-1780,30,4.48,30.1,1.00,0.187
344.40,CROSSWIND,102.34,102.45,32.23,1.82,8.2,-21.2,-51.5,-31.2,1138,0.74,0.070,-0.007,0.00,163,,719,0,-1783,31,4.48,30.1,1.00,0.187
344.50,CROSSWIND,102.52,102.63,32.23,1.85,8.3,-21.2,-51.5,-32.6,1140,0.74,0.065,-0.016,0.00,160,,718,0,-1785,33,4.48,30.1,1.00,0.187
344.60,CROSSWIND,102.70,102.81,32.23,1.86,8.4,-21.2,-51.5,-34.1,1143,0.74,0.058,-0.022,0.00,158,,716,0,-1788,34,4.48,30.1,1.00,0.187
344.70,CROSSWIND,102.89,103.00,32.24,1.87,8.5,-21.1,-51.6,-35.6,1146,0.74,0.054,-0.025,0.00,155,,715,0,-1791,36,4.48,30.1,1.00,0.187
344.80,CROSSWIND,103.08,103.18,32.24,1.86,8.5,-21.0,-51.6,-37.2,1149,0.74,0.055,-0.026,0.00,152,,713,0,-1794,37,4.48,30.1,1.00,0.187
344.90,CROSSWIND,103.26,103.37,32.25,1.83,8.6,-20.8,-51.6,-38.8,1151,0.74,0.057,-0.024,0.00,149,,712,0,-1796,39,4.48,30.1,1.00,0.187
345.00,CROSSWIND,103.45,103.55,32.26,1.79,8.7,-20.7,-51.6,-40.4,1154,0.74,0.057,-0.018,0.00,147,,710,0,-1799,40,4.48,30.1,1.00,0.187
345.10,CROSSWIND,103.62,103.72,32.27,1.74,8.7,-20.5,-51.6,-42.1,1157,0.74,0.056,-0.010,0.00,144,,708,0,-1802,42,4.48,30.1,1.00,0.187
345.20,CROSSWIND,103.79,103.89,32.28,1.68,8.8,-20.4,-51.6,-43.7,1159,0.74,0.055,0.000,0.00,142,,707,0,-1804,44,4.48,30.1,1.00,0.187
345.30,CROSSWIND,103.96,104.06,32.30,1.63,8.8,-20.2,-51.5,-45.5,1162,0.74,0.056,0.012,0.00,139,,705,0,-1807,45,4.48,30.1,1.00,0.187
345.40,CROSSWIND,104.12,104.22,32.31,1.58,8.8,-20.1,-51.5,-47.2,1164,0.74,0.061,0.023,0.00,136,,703,0,-1809,47,4.48,30.1,1.00,0.187
345.50,CROSSWIND,104.28,104.37,32.33,1.53,8.8,-20.0,-51.5,-49.0,1167,0.74,0.065,0.034,0.00,134,,701,0,-1812,49,4.48,30.1,1.00,0.187
345.60,CROSSWIND,104.43,104.52,32.34,1.49,8.8,-20.0,-51.5,-50.8,1170,0.74,0.068,0.045,0.00,131,,700,0,-1815,51,4.48,30.1,1.00,0.187
345.70,CROSSWIND,104.58,104.67,32.36,1.46,8.7,-20.0,-51.4,-52.6,1172,0.74,0.071,0.055,0.00,129,,698,0,-1817,53,4.48,30.1,1.00,0.187
345.80,CROSSWIND,104.73,104.82,32.38,1.45,8.7,-20.0,-51.4,-54.5,1175,0.73,0.074,0.062,0.00,126,,696,0,-1820,54,4.48,30.1,1.00,0.187
345.90,CROSSWIND,104.87,104.96,32.39,1.44,8.6,-20.0,-51.4,-56.4,1177,0.73,0.076,0.067,0.00,123,,694,0,-1822,56,4.48,30.1,1.00,0.187
346.00,CROSSWIND,105.01,105.11,32.41,1.45,8.6,-20.1,-51.4,-58.3,1180,0.73,0.076,0.070,0.00,121,,692,0,-1825,58,4.48,30.1,1.00,0.187
346.10,CROSSWIND,105.16,105.25,32.42,1.47,8.5,-20.2,-51.4,-60.2,1182,0.73,0.078,0.070,0.00,118,,690,0,-1827,60,4.48,30.1,1.00,0.187
346.20,CROSSWIND,105.31,105.40,32.43,1.51,8.4,-20.3,-51.4,-62.2,1185,0.73,0.082,0.067,0.00,116,,688,0,-1830,62,4.48,30.1,1.00,0.187
346.30,CROSSWIND,105.46,105.55,32.44,1.54,8.3,-20.5,-51.4,-64.2,1187,0.72,0.084,0.062,0.00,113,,686,0,-1832,64,4.48,30.1,1.00,0.187
346.40,CROSSWIND,105.62,105.71,32.44,1.59,8.3,-20.6,-51.4,-66.2,1190,0.72,0.083,0.056,0.00,111,,684,0,-1835,66,4.48,30.1,1.00,0.187
346.50,CROSSWIND,105.78,105.87,32.45,1.63,8.2,-20.7,-51.4,-68.3,1192,0.72,0.081,0.048,0.00,108,,682,0,-1837,68,4.48,30.1,1.00,0.187
346.60,CROSSWIND,105.94,106.03,32.45,1.68,8.2,-20.9,-51.4,-70.4,1195,0.72,0.078,0.039,0.00,106,,680,0,-1840,70,4.48,30.1,1.00,0.187
346.70,CROSSWIND,106.11,106.20,32.45,1.73,8.3,-21.0,-51.4,-72.6,1197,0.72,0.073,0.030,0.00,104,,678,0,-1842,73,4.48,30.1,1.00,0.187
346.80,CROSSWIND,106.28,106.37,32.44,1.78,8.3,-21.0,-51.4,-74.7,1199,0.72,0.069,0.022,0.00,101,,676,0,-1844,75,4.48,30.1,1.00,0.187
346.90,CROSSWIND,106.46,106.55,32.44,1.83,8.4,-21.1,-51.5,-76.9,1202,0.72,0.065,0.014,0.00,99,,674,0,-1847,77,4.48,30.1,1.00,0.187
347.00,CROSSWIND,106.65,106.73,32.43,1.87,8.5,-21.1,-51.5,-79.2,1204,0.72,0.064,0.007,0.00,97,,671,0,-1849,79,4.48,30.1,1.00,0.187
347.10,CROSSWIND,106.84,106.92,32.43,1.90,8.5,-21.1,-51.5,-81.4,1206,0.72,0.064,0.001,0.00,94,,669,0,-1851,81,4.48,30.1,1.00,0.187
347.20,CROSSWIND,107.03,107.10,32.42,1.91,8.6,-21.0,-51.5,-83.7,1209,0.72,0.064,-0.002,0.00,92,,667,0,-1854,84,4.48,30.1,1.00,0.187
347.30,CROSSWIND,107.22,107.29,32.42,1.91,8.6,-20.9,-51.5,-86.1,1211,0.72,0.064,-0.003,0.00,90,,664,0,-1856,86,4.48,30.1,1.00,0.187
347.40,CROSSWIND,107.41,107.48,32.42,1.90,8.7,-20.9,-51.5,-88.4,1213,0.72,0.063,-0.002,0.00,88,,662,0,-1858,88,4.48,30.1,1.00,0.187
347.50,CROSSWIND,107.60,107.66,32.42,1.88,8.7,-20.8,-51.5,-90.8,1215,0.72,0.062,0.002,0.00,85,,660,0,-1860,91,4.48,30.1,1.00,0.187
347.60,CROSSWIND,107.79,107.85,32.42,1.85,8.8,-20.6,-51.5,-93.2,1217,0.72,0.062,0.007,0.00,83,,657,0,-1862,93,4.48,30.1,1.00,0.187
347.70,CROSSWIND,107.97,108.03,32.42,1.82,8.8,-20.5,-51.5,-95.7,1220,0.72,0.063,0.013,0.00,81,,655,0,-1865,96,4.48,30.1,1.00,0.187
347.80,CROSSWIND,108.15,108.21,32.42,1.78,8.8,-20.4,-51.5,-98.1,1222,0.72,0.064,0.020,0.00,79,,652,0,-1867,98,4.48,30.1,1.00,0.187
347.90,CROSSWIND,108.33,108.38,32.43,1.75,8.9,-20.4,-51.5,-100.6,1224,0.72,0.063,0.028,0.00,77,,650,0,-1869,101,4.48,30.1,1.00,0.187
348.00,CROSSWIND,108.50,108.55,32.43,1.73,8.9,-20.3,-51.5,-103.1,1226,0.72,0.062,0.036,0.00,75,,647,0,-1871,103,4.48,30.1,1.00,0.187
348.10,CROSSWIND,108.68,108.72,32.44,1.71,8.9,-20.2,-51.5,-105.7,1228,0.72,0.064,0.043,0.00,73,,645,0,-1873,106,4.48,30.1,1.00,0.187
348.20,CROSSWIND,108.85,108.89,32.45,1.70,8.9,-20.2,-51.4,-108.2,1230,0.72,0.067,0.049,0.00,71,,642,0,-1875,108,4.48,30.1,1.00,0.187
348.30,CROSSWIND,109.02,109.06,32.45,1.70,8.9,-20.2,-51.4,-110.8,1232,0.72,0.069,0.054,0.00,69,,640,0,-1877,111,4.48,30.1,1.00,0.187
348.40,CROSSWIND,109.19,109.23,32.45,1.70,8.9,-20.3,-51.4,-113.4,1234,0.72,0.072,0.058,0.00,67,,637,0,-1879,113,4.48,30.1,1.00,0.187
348.50,CROSSWIND,109.36,109.40,32.46,1.71,8.8,-20.3,-51.4,-116.1,1236,0.72,0.076,0.060,0.00,65,,634,0,-1881,116,4.48,30.1,1.00,0.187
348.60,CROSSWIND,109.53,109.57,32.46,1.73,8.8,-20.4,-51.4,-118.7,1238,0.72,0.080,0.060,0.00,63,,632,0,-1883,119,4.48,30.1,1.00,0.187
348.70,CROSSWIND,109.70,109.74,32.46,1.75,8.7,-20.5,-51.4,-121.4,1240,0.72,0.081,0.059,0.00,61,,629,0,-1885,121,4.48,30.1,1.00,0.187
348.80,CROSSWIND,109.88,109.91,32.46,1.77,8.7,-20.5,-51.4,-124.1,1242,0.72,0.080,0.056,0.00,59,,626,0,-1887,124,4.48,30.1,1.00,0.187
348.90,CROSSWIND,110.05,110.09,32.46,1.80,8.6,-20.6,-51.4,-126.9,1244,0.72,0.079,0.052,0.00,57,,624,0,-1889,127,4.48,30.1,1.00,0.187
349.00,CROSSWIND,110.24,110.27,32.46,1.83,8.6,-20.7,-51.4,-129.6,1246,0.72,0.078,0.046,0.00,55,,621,0,-1891,130,4.48,30.1,1.00,0.187
349.10,CROSSWIND,110.42,110.45,32.45,1.86,8.6,-20.8,-51.4,-132.4,1247,0.72,0.077,0.041,0.00,53,,618,0,-1892,132,4.48,30.1,1.00,0.187
349.20,CROSSWIND,110.61,110.64,32.45,1.90,8.6,-20.9,-51.4,-135.2,1249,0.72,0.076,0.034,0.00,52,,615,0,-1894,135,4.48,30.1,1.00,0.187
349.30,CROSSWIND,110.80,110.83,32.44,1.93,8.6,-20.9,-51.5,-138.0,1251,0.72,0.074,0.028,0.00,50,,612,0,-1896,138,4.48,30.1,1.00,0.187
349.40,CROSSWIND,110.99,111.03,32.44,1.96,8.7,-21.0,-51.5,-140.9,1253,0.72,0.072,0.023,0.00,48,,610,0,-1898,141,4.48,30.1,1.00,0.187
349.50,CROSSWIND,111.19,111.23,32.43,1.98,8.7,-21.0,-51.5,-143.7,1254,0.72,0.070,0.018,0.00,46,,607,0,-1899,144,4.48,30.1,1.00,0.187
349.60,CROSSWIND,111.39,111.43,32.42,1.99,8.7,-21.0,-51.5,-146.6,1256,0.72,0.069,0.014,0.00,45,,604,0,-1901,147,4.48,30.1,1.00,0.187
349.70,CROSSWIND,111.59,111.63,32.42,2.00,8.8,-20.9,-51.5,-149.6,1258,0.72,0.068,0.012,0.00,43,,601,0,-1903,150,4.48,30.1,1.00,0.187
349.80,CROSSWIND,111.79,111.84,32.41,2.00,8.8,-20.9,-51.5,-152.5,1259,0.72,0.067,0.011,0.00,42,,598,0,-1904,153,4.48,30.1,1.00,0.187
349.90,CROSSWIND,111.99,112.04,32.41,2.00,8.9,-20.8,-51.5,-155.5,1261,0.72,0.066,0.011,0.00,40,,595,0,-1906,155,4.48,30.1,1.00,0.187
350.00,CROSSWIND,112.19,112.25,32.40,1.99,8.9,-20.7,-51.5,-158.5,1262,0.72,0.065,0.013,0.00,38,,592,0,-1907,158,4.48,30.1,1.00,0.187
350.10,CROSSWIND,112.38,112.45,32.40,1.97,8.9,-20.7,-51.5,-161.5,1264,0.72,0.066,0.016,0.00,37,,589,0,-1909,161,4.48,30.1,1.00,0.187
350.20,CROSSWIND,112.58,112.65,32.40,1.95,9.0,-20.6,-51.5,-164.5,1265,0.73,0.067,0.019,0.00,35,,586,0,-1910,164,4.48,30.1,1.00,0.187
350.30,CROSSWIND,112.77,112.85,32.40,1.93,9.0,-20.5,-51.5,-167.5,1267,0.73,0.068,0.024,0.00,34,,583,0,-1912,168,4.48,30.1,1.00,0.187
350.40,CROSSWIND,112.97,113.05,32.40,1.90,9.0,-20.5,-51.5,-170.6,1268,0.73,0.068,0.029,0.00,33,,580,0,-1913,171,4.48,30.1,1.00,0.187
350.50,CROSSWIND,113.16,113.24,32.40,1.88,9.0,-20.4,-51.5,-173.7,1269,0.73,0.069,0.034,0.00,31,,577,0,-1914,174,4.48,30.1,1.00,0.187
350.60,CROSSWIND,113.34,113.43,32.40,1.87,9.0,-20.4,-51.5,-176.8,1271,0.73,0.070,0.039,0.00,30,,574,0,-1916,177,4.48,30.1,1.00,0.187
350.70,CROSSWIND,113.53,113.63,32.41,1.85,9.0,-20.4,-51.5,-179.9,1272,0.73,0.071,0.043,0.00,29,,571,0,-1917,180,4.48,30.1,1.00,0.187
350.80,CROSSWIND,113.71,113.81,32.41,1.85,9.0,-20.4,-51.4,-183.0,1273,0.73,0.073,0.047,0.00,27,,567,0,-1918,183,4.48,30.1,1.00,0.187
350.90,CROSSWIND,113.90,114.00,32.41,1.85,9.0,-20.4,-51.4,-186.1,1275,0.73,0.075,0.049,0.00,26,,564,0,-1920,186,4.48,30.1,1.00,0.187
351.00,CROSSWIND,114.08,114.19,32.41,1.85,9.0,-20.4,-51.4,-189.3,1276,0.73,0.077,0.051,0.00,25,,561,0,-1921,189,4.48,30.1,1.00,0.187
351.10,CROSSWIND,114.27,114.38,32.41,1.85,8.9,-20.5,-51.4,-192.5,1277,0.73,0.078,0.051,0.00,24,,558,0,-1922,192,4.48,30.1,1.00,0.187
351.20,CROSSWIND,114.45,114.57,32.41,1.87,8.9,-20.5,-51.4,-195.7,1278,0.73,0.078,0.050,0.00,22,,555,0,-1923,196,4.48,30.1,1.00,0.187
351.30,CROSSWIND,114.64,114.76,32.41,1.88,8.9,-20.6,-51.4,-198.9,1279,0.73,0.078,0.048,0.00,21,,552,0,-1924,199,4.48,30.1,1.00,0.187
351.40,CROSSWIND,114.83,114.95,32.41,1.90,8.9,-20.6,-51.4,-202.1,1281,0.73,0.077,0.046,0.00,20,,548,0,-1926,202,4.48,30.1,1.00,0.187
351.50,CROSSWIND,115.02,115.14,32.40,1.93,8.9,-20.7,-51.4,-205.3,1282,0.73,0.077,0.042,0.00,19,,545,0,-1927,205,4.48,30.1,1.00,0.187
351.60,CROSSWIND,115.22,115.34,32.40,1.95,8.9,-20.7,-51.4,-208.6,1283,0.73,0.077,0.038,0.00,18,,542,0,-1928,209,4.48,30.1,1.00,0.187
351.70,CROSSWIND,115.41,115.53,32.40,1.98,8.9,-20.8,-51.4,-211.9,1284,0.73,0.076,0.034,0.00,17,,539,0,-1929,212,4.48,30.1,1.00,0.187
351.80,CROSSWIND,115.61,115.73,32.39,2.00,8.9,-20.8,-51.5,-215.2,1285,0.73,0.075,0.029,0.00,16,,535,0,-1930,215,4.48,30.1,1.00,0.187
351.90,CROSSWIND,115.81,115.93,32.38,2.02,8.9,-20.8,-51.5,-218.4,1286,0.73,0.074,0.026,0.00,15,,532,0,-1931,218,4.48,30.1,1.00,0.187
352.00,CROSSWIND,116.01,116.13,32.38,2.03,8.9,-20.9,-51.5,-221.8,1286,0.73,0.072,0.022,0.00,14,,529,0,-1931,222,4.48,30.1,1.00,0.187
352.10,CROSSWIND,116.22,116.33,32.37,2.05,8.9,-20.9,-51.5,-225.1,1287,0.73,0.071,0.019,0.00,13,,525,0,-1932,225,4.48,30.1,1.00,0.187
352.20,CROSSWIND,116.42,116.53,32.37,2.05,9.0,-20.8,-51.5,-228.4,1288,0.73,0.071,0.017,0.00,13,,522,0,-1933,228,4.48,30.1,1.00,0.187
352.30,CROSSWIND,116.63,116.74,32.36,2.06,9.0,-20.8,-51.5,-231.8,1289,0.73,0.070,0.016,0.00,12,,519,0,-1934,232,4.48,30.1,1.00,0.187
352.40,CROSSWIND,116.83,116.94,32.36,2.05,9.0,-20.8,-51.5,-235.1,1290,0.73,0.069,0.016,0.00,11,,515,0,-1935,235,4.48,30.1,1.00,0.187
352.50,CROSSWIND,117.04,117.15,32.35,2.05,9.1,-20.7,-51.5,-238.5,1290,0.73,0.068,0.017,0.00,10,,512,0,-1935,239,4.48,30.1,1.00,0.187
352.60,CROSSWIND,117.24,117.35,32.35,2.04,9.1,-20.7,-51.5,-241.9,1291,0.73,0.069,0.019,0.00,10,,509,0,-1936,242,4.48,30.1,1.00,0.187
352.70,CROSSWIND,117.45,117.55,32.35,2.03,9.1,-20.6,-51.5,-245.3,1292,0.73,0.070,0.021,0.00,9,,505,0,-1937,245,4.48,30.1,1.00,0.187
352.80,CROSSWIND,117.65,117.75,32.35,2.01,9.1,-20.6,-51.5,-248.7,1292,0.73,0.071,0.024,0.00,8,,502,0,-1937,249,4.48,30.1,1.00,0.187
352.90,CROSSWIND,117.85,117.95,32.35,2.00,9.2,-20.5,-51.5,-252.1,1293,0.74,0.071,0.027,0.00,8,,498,0,-1938,252,4.48,30.1,1.00,0.187
353.00,CROSSWIND,118.05,118.15,32.35,1.98,9.2,-20.5,-51.5,-255.5,1293,0.74,0.072,0.031,0.00,7,,495,0,-1938,256,4.48,30.1,1.00,0.187
353.10,CROSSWIND,118.25,118.35,32.35,1.97,9.2,-20.5,-51.5,-258.9,1294,0.74,0.073,0.034,0.00,7,,492,0,-1939,259,4.48,30.1,1.00,0.187
353.20,CROSSWIND,118.44,118.55,32.35,1.96,9.2,-20.4,-51.5,-262.4,1294,0.74,0.074,0.037,0.00,6,,488,0,-1939,262,4.48,30.1,1.00,0.187
353.30,CROSSWIND,118.64,118.75,32.35,1.96,9.2,-20.4,-51.5,-265.8,1295,0.74,0.075,0.039,0.00,6,,485,0,-1940,266,4.48,30.1,1.00,0.187
353.40,CROSSWIND,118.83,118.95,32.35,1.95,9.1,-20.4,-51.4,-269.3,1295,0.74,0.076,0.041,0.00,5,,481,0,-1940,269,4.48,30.1,1.00,0.187
353.50,CROSSWIND,119.03,119.15,32.35,1.95,9.2,-20.5,-9.3,-272.7,1296,0.74,0.074,-0.090,0.00,5,,478,0,-1941,273,4.48,30.1,1.00,0.187
353.60,CROSSWIND,119.22,119.35,32.34,1.94,9.2,-20.3,-8.9,-276.2,1296,0.74,0.068,-0.222,0.00,5,,474,0,-1941,276,4.48,30.1,1.00,0.187
353.70,CROSSWIND,119.42,119.55,32.34,1.93,9.3,-19.9,-8.7,-279.7,1296,0.74,0.058,-0.162,0.00,4,,471,0,-1941,280,4.48,30.1,1.00,0.187
353.80,CROSSWIND,119.61,119.75,32.34,1.94,9.5,-19.1,-8.6,-283.2,1297,0.74,0.054,-0.031,0.00,4,,467,0,-1942,283,4.48,30.1,1.00,0.187
353.90,CROSSWIND,119.81,119.95,32.34,1.95,9.5,-18.1,-8.6,-286.7,1297,0.74,0.057,0.079,0.00,4,,464,0,-1942,287,4.48,30.1,1.00,0.187
354.00,CROSSWIND,120.00,120.15,32.34,1.96,9.5,-17.1,-8.4,-290.2,1297,0.74,0.070,0.103,0.00,4,,460,0,-1942,290,4.48,30.1,1.00,0.187
354.10,CROSSWIND,120.20,120.36,32.34,1.96,9.4,-16.1,-7.9,-293.7,1297,0.74,0.079,0.110,0.00,4,,457,0,-1942,294,4.48,30.1,1.00,0.187
354.20,CROSSWIND,120.39,120.56,32.34,1.96,9.3,-15.0,-7.1,-297.2,1297,0.74,0.080,0.107,0.00,3,,453,0,-1942,297,4.48,30.1,1.00,0.187
354.30,CROSSWIND,120.59,120.76,32.34,1.99,9.3,-14.0,-6.0,-300.7,1297,0.74,0.078,0.100,0.00,3,,450,0,-1942,301,4.48,30.1,1.00,0.187
354.40,CROSSWIND,120.79,120.97,32.34,2.03,9.3,-13.0,-4.8,-304.2,1298,0.74,0.080,0.090,0.00,3,,446,0,-1943,304,4.48,30.1,1.00,0.187
354.50,CROSSWIND,120.99,121.18,32.33,2.08,9.2,-11.9,-3.6,-307.7,1298,0.74,0.080,0.080,0.00,3,,443,0,-1943,308,4.48,30.1,1.00,0.187
354.60,CROSSWIND,121.20,121.39,32.33,2.13,9.2,-10.8,-2.3,-311.2,1298,0.74,0.077,0.070,0.00,3,,439,0,-1943,311,4.48,30.1,1.00,0.187
354.70,CROSSWIND,121.42,121.62,32.32,2.20,9.3,-9.7,-1.1,-314.7,1298,0.73,0.073,0.060,0.00,3,,436,0,-1943,315,4.48,30.1,1.00,0.187
354.80,CROSSWIND,121.64,121.84,32.31,2.26,9.3,-8.5,-0.0,-318.2,1298,0.73,0.072,0.051,0.00,3,,432,0,-1943,318,4.48,30.1,1.00,0.187
354.90,CROSSWIND,121.87,122.07,32.29,2.32,9.3,-7.3,0.9,-321.7,1298,0.73,0.074,0.049,0.00,3,,429,0,-1943,322,4.48,30.1,1.00,0.187
355.00,CROSSWIND,122.10,122.31,32.28,2.37,9.0,-6.2,1.6,-325.2,1298,0.73,0.102,0.046,0.00,3,,425,0,-1943,325,4.48,30.1,1.00,0.187
355.10,CROSSWIND,122.34,122.55,32.27,2.31,8.6,-5.3,2.1,-328.7,1298,0.74,0.136,0.045,0.00,3,,422,0,-1943,329,4.48,30.1,1.00,0.187
355.20,CROSSWIND,122.57,122.78,32.27,2.21,8.5,-4.6,2.4,-332.3,1298,0.74,0.111,0.044,0.00,3,,418,0,-1943,332,4.48,30.1,1.00,0.187
355.30,CROSSWIND,122.78,123.00,32.26,2.17,8.7,-3.9,2.6,-335.8,1298,0.74,0.071,0.043,0.00,3,,415,0,-1943,336,4.48,30.1,1.00,0.187
355.40,CROSSWIND,123.00,123.22,32.26,2.17,9.0,-3.3,2.5,-339.3,1298,0.74,0.055,0.044,0.00,3,,411,0,-1943,339,4.48,30.1,1.00,0.187
355.50,CROSSWIND,123.22,123.44,32.26,2.19,9.1,-2.8,2.3,-342.8,1298,0.74,0.062,0.045,0.00,3,,408,0,-1943,343,4.48,30.1,1.00,0.187
355.60,CROSSWIND,123.44,123.66,32.25,2.19,9.1,-2.3,2.0,-346.3,1297,0.74,0.074,0.047,0.00,3,,404,0,-1942,346,4.48,30.1,1.00,0.187
355.70,CROSSWIND,123.66,123.88,32.25,2.18,9.0,-1.8,1.6,-349.8,1297,0.74,0.084,0.050,0.00,3,,401,0,-1942,350,4.48,30.1,1.00,0.187
355.80,CROSSWIND,123.88,124.10,32.25,2.17,8.8,-1.4,1.1,-353.3,1297,0.75,0.104,0.053,0.00,3,,397,0,-1942,353,4.48,30.1,1.00,0.187
355.90,CROSSWIND,124.09,124.31,32.26,2.11,8.4,-1.0,0.7,-356.9,1297,0.75,0.133,0.056,0.00,3,,394,0,-1942,357,4.48,30.1,1.00,0.187
356.00,CROSSWIND,124.30,124.52,32.26,1.98,8.1,-0.6,0.2,-360.4,1297,0.75,0.140,0.058,0.00,4,,390,0,-1942,360,4.48,30.1,1.00,0.187
356.10,CROSSWIND,124.49,124.71,32.28,1.87,8.1,-0.3,-0.3,-363.9,1297,0.75,0.109,0.061,0.00,4,,387,0,-1942,364,4.48,30.1,1.00,0.187
356.20,CROSSWIND,124.68,124.90,32.29,1.82,8.4,-0.0,-0.6,-367.4,1297,0.75,0.071,0.062,0.00,4,,383,0,-1942,367,4.48,30.1,1.00,0.187
356.30,CROSSWIND,124.86,125.08,32.30,1.83,8.6,0.2,-0.9,-371.0,1297,0.75,0.057,0.063,0.00,4,,380,0,-1942,371,4.48,30.1,1.00,0.187
356.40,CROSSWIND,125.04,125.26,32.31,1.86,8.8,0.4,-1.2,-374.5,1297,0.75,0.063,0.063,0.00,4,,376,0,-1942,374,4.48,30.1,1.00,0.187
356.50,CROSSWIND,125.23,125.45,32.32,1.88,8.8,0.5,-1.3,-378.0,1297,0.74,0.072,0.062,0.00,4,,372,0,-1942,378,4.48,30.1,1.00,0.187
356.60,DOWNWIND,125.42,125.63,32.33,1.91,8.9,0.6,-51.6,-381.5,1297,0.74,0.075,0.083,0.00,369,,4359,0,-1942,382,4.48,30.1,1.00,0.187
356.70,DOWNWIND,125.61,125.82,32.33,1.93,9.0,0.7,-51.5,-385.1,1296,0.74,0.072,0.214,0.00,365,,4359,0,-1941,385,4.48,30.1,1.00,0.187
356.80,DOWNWIND,125.81,126.02,32.33,1.97,9.1,0.5,-51.5,-388.6,1296,0.74,0.068,0.250,0.00,362,,4359,0,-1941,389,4.48,30.1,1.00,0.187
356.90,DOWNWIND,126.00,126.21,32.33,2.01,9.2,0.0,-51.5,-392.1,1296,0.74,0.065,0.197,0.00,358,,4359,0,-1941,392,4.48,30.1,1.00,0.187
357.00,DOWNWIND,126.21,126.41,32.33,2.07,9.2,-0.8,-51.5,-395.6,1296,0.74,0.075,0.065,0.00,355,,4359,0,-1941,396,4.48,30.1,1.00,0.187
357.10,DOWNWIND,126.41,126.62,32.32,2.11,8.9,-1.7,-51.5,-399.2,1296,0.74,0.110,-0.017,0.00,351,,4359,0,-1941,399,4.48,30.1,1.00,0.187
357.20,DOWNWIND,126.62,126.83,32.32,2.06,8.4,-2.7,-51.5,-402.7,1296,0.74,0.149,-0.049,0.00,348,,4359,0,-1941,403,4.47,30.1,1.00,0.187
357.30,DOWNWIND,126.83,127.03,32.33,1.96,8.0,-3.7,-51.6,-406.2,1296,0.73,0.159,-0.075,0.00,344,,4359,0,-1941,406,4.43,30.1,1.00,0.187
357.40,DOWNWIND,127.02,127.22,32.33,1.85,7.8,-4.7,-51.6,-409.7,1296,0.73,0.140,-0.090,0.00,341,,4359,0,-1941,410,4.40,30.1,1.00,0.187
357.50,DOWNWIND,127.20,127.40,32.34,1.75,7.9,-5.7,-51.7,-413.3,1296,0.73,0.098,-0.100,0.00,337,,4358,0,-1941,413,4.36,30.1,1.00,0.187
357.60,DOWNWIND,127.38,127.58,32.35,1.74,8.3,-6.8,-51.7,-416.8,1295,0.73,0.059,-0.104,0.00,334,,4358,0,-1940,417,4.32,30.1,1.00,0.187
357.70,DOWNWIND,127.55,127.75,32.35,1.76,8.6,-7.8,-51.7,-420.3,1295,0.72,0.049,-0.103,0.00,330,,4358,0,-1940,420,4.29,30.1,1.00,0.187
357.80,DOWNWIND,127.73,127.92,32.36,1.77,8.8,-8.8,-51.7,-423.9,1295,0.72,0.055,-0.096,0.00,327,,4358,0,-1940,424,4.25,30.1,1.00,0.187
357.90,DOWNWIND,127.90,128.10,32.36,1.76,9.0,-9.8,-51.7,-427.4,1295,0.71,0.059,-0.089,0.00,323,,4358,0,-1940,427,4.22,30.1,1.00,0.187
358.00,DOWNWIND,128.08,128.27,32.36,1.74,9.2,-10.7,-51.7,-430.9,1295,0.71,0.057,-0.077,0.00,320,,4358,0,-1940,431,4.18,30.1,1.00,0.187
358.10,DOWNWIND,128.25,128.45,32.37,1.71,9.4,-11.3,-51.7,-434.5,1295,0.70,0.052,-0.055,0.00,316,,4357,0,-1940,434,4.15,30.1,1.00,0.187
358.20,DOWNWIND,128.42,128.62,32.37,1.69,9.5,-11.7,-51.6,-438.0,1294,0.70,0.054,-0.028,0.00,312,,4357,0,-1939,438,4.11,30.1,1.00,0.187
358.30,DOWNWIND,128.59,128.78,32.37,1.65,9.6,-12.3,-51.6,-441.5,1294,0.70,0.060,-0.002,0.00,309,,4357,0,-1939,442,4.08,30.1,1.00,0.187
358.40,DOWNWIND,128.75,128.94,32.37,1.61,9.7,-13.0,-51.5,-445.1,1294,0.70,0.064,0.020,0.00,305,,4357,0,-1939,445,4.05,30.1,1.00,0.187
358.50,DOWNWIND,128.91,129.10,32.37,1.57,9.7,-13.7,-51.5,-448.6,1294,0.69,0.067,0.041,0.00,302,,4356,0,-1939,449,4.02,30.1,1.00,0.187
358.60,DOWNWIND,129.07,129.26,32.37,1.54,9.7,-14.4,-51.4,-452.2,1293,0.69,0.072,0.060,0.00,298,,4356,0,-1938,452,3.99,30.1,1.00,0.187
358.70,DOWNWIND,129.22,129.41,32.36,1.53,9.7,-15.0,-51.4,-455.7,1293,0.69,0.078,0.076,0.00,295,,4356,0,-1938,456,3.95,30.1,1.00,0.187
358.80,DOWNWIND,129.38,129.56,32.36,1.53,9.6,-15.6,-51.3,-459.2,1293,0.69,0.084,0.086,0.00,291,,4356,0,-1938,459,3.92,30.1,1.00,0.187
358.90,DOWNWIND,129.53,129.71,32.36,1.55,9.5,-16.2,-51.3,-462.8,1292,0.68,0.087,0.092,0.00,288,,4355,0,-1937,463,3.89,30.1,1.00,0.187
359.00,DOWNWIND,129.69,129.87,32.35,1.60,9.4,-16.9,-51.3,-466.3,1292,0.68,0.094,0.091,0.00,284,,4355,0,-1937,466,3.86,30.1,1.00,0.187
359.10,DOWNWIND,129.85,130.03,32.34,1.67,9.2,-17.5,-51.3,-469.9,1292,0.67,0.106,0.085,0.00,281,,4355,0,-1937,470,3.83,30.1,1.00,0.187
359.20,DOWNWIND,130.02,130.20,32.33,1.71,8.7,-18.0,-51.3,-473.4,1291,0.67,0.147,0.071,0.00,277,,4354,0,-1936,473,3.80,30.1,1.00,0.187
359.30,DOWNWIND,130.19,130.37,32.32,1.68,8.3,-18.6,-51.3,-476.9,1291,0.67,0.154,0.057,0.00,274,,4354,0,-1936,477,3.76,30.1,1.00,0.187
359.40,DOWNWIND,130.36,130.54,32.31,1.69,8.3,-19.1,-51.3,-480.4,1290,0.67,0.119,0.046,0.00,270,,4353,0,-1935,480,3.73,30.1,1.00,0.187
359.50,DOWNWIND,130.53,130.71,32.30,1.76,8.5,-19.5,-51.3,-484.0,1290,0.66,0.088,0.030,0.00,266,,4353,0,-1935,484,3.69,30.1,1.00,0.187
359.60,DOWNWIND,130.71,130.89,32.27,1.86,8.6,-20.0,-51.4,-487.5,1289,0.66,0.082,0.010,0.00,263,,4352,0,-1934,487,3.66,30.1,1.00,0.187
359.70,DOWNWIND,130.89,131.08,32.25,1.94,8.6,-20.3,-51.4,-491.0,1289,0.65,0.089,-0.011,0.00,259,,4351,0,-1934,491,3.62,30.1,1.00,0.187
359.80,DOWNWIND,131.09,131.28,32.22,2.01,8.6,-20.5,-51.5,-494.5,1288,0.65,0.091,-0.029,0.00,256,,4351,0,-1933,495,3.58,30.1,1.00,0.187
359.90,DOWNWIND,131.29,131.49,32.19,2.05,8.7,-20.7,-51.5,-498.0,1287,0.65,0.086,-0.043,0.00,252,,4350,0,-1932,498,3.54,30.1,1.00,0.187
360.00,DOWNWIND,131.50,131.70,32.16,2.09,8.8,-20.7,-51.6,-501.5,1287,0.65,0.077,-0.054,0.00,249,,4349,0,-1932,501,3.50,30.1,1.00,0.187
360.10,DOWNWIND,131.71,131.92,32.13,2.10,9.0,-20.7,-51.6,-505.0,1286,0.65,0.069,-0.061,0.00,245,,4349,0,-1931,505,3.46,30.1,1.00,0.187
360.20,DOWNWIND,131.92,132.13,32.10,2.11,9.1,-20.7,-51.6,-508.4,1285,0.65,0.065,-0.064,0.00,242,,4348,0,-1930,508,3.42,30.1,1.00,0.187
360.30,DOWNWIND,132.13,132.35,32.08,2.09,9.3,-20.5,-51.6,-511.9,1284,0.65,0.065,-0.062,0.00,239,,4347,0,-1929,512,3.37,30.1,1.00,0.187
360.40,DOWNWIND,132.34,132.57,32.05,2.05,9.4,-20.4,-51.6,-515.4,1283,0.65,0.064,-0.057,0.00,235,,4346,0,-1928,515,3.33,30.1,1.00,0.187
360.50,DOWNWIND,132.54,132.78,32.03,2.00,9.5,-20.2,-51.6,-518.8,1282,0.65,0.062,-0.047,0.00,232,,4345,0,-1927,519,3.29,30.1,1.00,0.187
360.60,DOWNWIND,132.74,132.98,32.02,1.94,9.7,-20.0,-51.6,-522.2,1281,0.65,0.061,-0.035,0.00,228,,4344,0,-1926,522,3.25,30.1,1.00,0.187
360.70,DOWNWIND,132.93,133.18,32.00,1.88,9.7,-19.9,-51.6,-525.7,1280,0.65,0.063,-0.021,0.00,225,,4343,0,-1925,526,3.21,30.1,1.00,0.187
360.80,DOWNWIND,133.12,133.37,31.99,1.81,9.8,-19.7,-51.6,-529.1,1279,0.65,0.065,-0.005,0.00,221,,4342,0,-1924,529,3.18,30.1,1.00,0.187
360.90,DOWNWIND,133.30,133.56,31.97,1.76,9.9,-19.6,-51.5,-532.5,1278,0.65,0.067,0.011,0.00,218,,4341,0,-1923,533,3.14,30.1,1.00,0.187
361.00,DOWNWIND,133.47,133.74,31.96,1.71,9.9,-19.5,-51.5,-535.9,1277,0.65,0.070,0.026,0.00,215,,4340,0,-1922,536,3.11,30.1,1.00,0.187
361.10,DOWNWIND,133.64,133.91,31.95,1.67,9.9,-19.5,-51.4,-539.3,1276,0.64,0.073,0.040,0.00,211,,4339,0,-1921,539,3.07,30.1,1.00,0.187
361.20,DOWNWIND,133.81,134.09,31.94,1.65,9.9,-19.5,-51.4,-542.7,1275,0.64,0.078,0.051,0.00,208,,4338,0,-1920,543,3.04,30.1,1.00,0.187
361.30,DOWNWIND,133.97,134.26,31.92,1.65,9.8,-19.6,-51.4,-546.1,1274,0.64,0.084,0.060,0.00,204,,4337,0,-1919,546,3.00,30.1,1.00,0.187
361.40,DOWNWIND,134.14,134.42,31.91,1.65,9.7,-19.7,-51.4,-549.5,1273,0.64,0.089,0.065,0.00,201,,4336,0,-1918,549,2.97,30.1,1.00,0.187
361.50,DOWNWIND,134.30,134.59,31.89,1.67,9.6,-19.8,-51.3,-552.8,1272,0.64,0.094,0.067,0.00,198,,4334,0,-1917,553,2.94,30.1,1.00,0.187
361.60,DOWNWIND,134.47,134.77,31.87,1.70,9.5,-20.0,-51.3,-556.2,1270,0.63,0.096,0.065,0.00,194,,4333,0,-1915,556,2.91,30.1,1.00,0.187
361.70,DOWNWIND,134.64,134.94,31.85,1.74,9.5,-20.2,-51.3,-559.5,1269,0.63,0.096,0.061,0.00,191,,4332,0,-1914,560,2.87,30.1,1.00,0.187
361.80,DOWNWIND,134.82,135.12,31.83,1.79,9.4,-20.4,-51.3,-562.8,1268,0.63,0.098,0.053,0.00,188,,4331,0,-1913,563,2.84,30.1,1.00,0.187
361.90,DOWNWIND,135.00,135.30,31.80,1.84,9.3,-20.6,-51.4,-566.1,1267,0.63,0.100,0.043,0.00,184,,4329,0,-1912,566,2.80,30.1,1.00,0.187
362.00,DOWNWIND,135.18,135.49,31.77,1.88,9.2,-20.7,-51.4,-569.4,1265,0.63,0.100,0.031,0.00,181,,4328,0,-1910,569,2.76,30.1,1.00,0.187
362.10,DOWNWIND,135.37,135.69,31.74,1.93,9.2,-20.9,-51.4,-572.7,1264,0.62,0.097,0.020,0.00,178,,4327,0,-1909,573,2.72,30.1,1.00,0.187
362.20,DOWNWIND,135.57,135.89,31.71,1.97,9.2,-21.0,-51.4,-576.0,1262,0.62,0.091,0.008,0.00,174,,4325,0,-1907,576,2.69,30.1,1.00,0.187
362.30,DOWNWIND,135.77,136.09,31.68,2.02,9.2,-21.1,-51.4,-579.2,1261,0.62,0.084,-0.003,0.00,171,,4324,0,-1906,579,2.65,30.1,1.00,0.187
362.40,DOWNWIND,135.97,136.30,31.64,2.05,9.3,-21.2,-51.5,-582.4,1259,0.62,0.080,-0.013,0.00,168,,4322,0,-1904,582,2.61,30.1,1.00,0.187
362.50,DOWNWIND,136.17,136.52,31.61,2.08,9.3,-21.2,-51.5,-585.6,1258,0.62,0.078,-0.022,0.00,165,,4321,0,-1903,586,2.56,30.1,1.00,0.187
362.60,DOWNWIND,136.38,136.73,31.57,2.10,9.4,-21.1,-51.5,-588.8,1256,0.62,0.078,-0.029,0.00,162,,4319,0,-1901,589,2.52,30.1,1.00,0.187
362.70,DOWNWIND,136.59,136.95,31.54,2.10,9.4,-21.1,-51.5,-592.0,1255,0.62,0.078,-0.033,0.00,158,,4317,0,-1900,592,2.48,30.1,1.00,0.187
362.80,DOWNWIND,136.80,137.16,31.51,2.08,9.5,-21.0,-51.6,-595.1,1253,0.62,0.076,-0.034,0.00,155,,4316,0,-1898,595,2.44,30.1,1.00,0.187
362.90,DOWNWIND,137.01,137.37,31.48,2.05,9.6,-20.8,-51.6,-598.3,1251,0.62,0.073,-0.032,0.00,152,,4314,0,-1896,598,2.40,30.1,1.00,0.187
363.00,DOWNWIND,137.21,137.58,31.45,2.01,9.7,-20.7,-51.6,-601.4,1249,0.62,0.071,-0.028,0.00,149,,4312,0,-1894,601,2.36,30.1,1.00,0.187
363.10,DOWNWIND,137.41,137.79,31.43,1.96,9.8,-20.6,-51.6,-604.5,1248,0.62,0.069,-0.022,0.00,146,,4311,0,-1893,604,2.32,30.1,1.00,0.187
363.20,DOWNWIND,137.61,137.99,31.40,1.91,9.8,-20.4,-51.5,-607.5,1246,0.62,0.068,-0.014,0.00,143,,4309,0,-1891,608,2.28,30.1,1.00,0.187
363.30,DOWNWIND,137.80,138.18,31.38,1.87,9.9,-20.3,-51.5,-610.6,1244,0.62,0.070,-0.005,0.00,140,,4307,0,-1889,611,2.24,30.1,1.00,0.187
363.40,DOWNWIND,137.98,138.37,31.36,1.82,9.9,-20.2,-51.5,-613.6,1242,0.62,0.074,0.004,0.00,137,,4305,0,-1887,614,2.20,30.1,1.00,0.187
363.50,DOWNWIND,138.16,138.55,31.34,1.77,9.9,-20.1,-51.5,-616.6,1240,0.62,0.077,0.013,0.00,134,,4303,0,-1885,617,2.17,30.1,1.00,0.187
363.60,DOWNWIND,138.34,138.73,31.32,1.73,9.9,-20.0,-51.5,-619.7,1239,0.62,0.079,0.022,0.00,131,,4301,0,-1884,620,2.13,30.1,1.00,0.187
363.70,DOWNWIND,138.51,138.90,31.30,1.69,9.9,-20.0,-51.5,-622.6,1237,0.62,0.081,0.030,0.00,128,,4300,0,-1882,623,2.10,30.1,1.00,0.187
363.80,DOWNWIND,138.68,139.07,31.29,1.66,9.8,-20.0,-51.4,-625.6,1235,0.62,0.084,0.037,0.00,125,,4298,0,-1880,626,2.06,30.1,1.00,0.187
363.90,DOWNWIND,138.84,139.23,31.27,1.64,9.8,-20.0,-51.4,-628.6,1233,0.61,0.087,0.041,0.00,122,,4296,0,-1878,629,2.03,30.1,1.00,0.187
364.00,DOWNWIND,139.01,139.39,31.25,1.63,9.7,-20.1,-51.4,-631.5,1231,0.61,0.090,0.044,0.00,119,,4294,0,-1876,631,2.00,30.1,1.00,0.187
364.10,DOWNWIND,139.17,139.55,31.23,1.63,9.7,-20.2,-51.4,-634.4,1229,0.61,0.092,0.045,0.00,116,,4292,0,-1874,634,1.97,30.1,1.00,0.187
364.20,DOWNWIND,139.33,139.71,31.21,1.64,9.6,-20.2,-51.4,-637.3,1227,0.61,0.091,0.043,0.00,113,,4290,0,-1872,637,1.93,30.1,1.00,0.187
364.30,DOWNWIND,139.50,139.88,31.19,1.65,9.6,-20.4,-51.4,-640.2,1225,0.61,0.091,0.040,0.00,110,,4288,0,-1870,640,1.90,30.1,1.00,0.187
364.40,DOWNWIND,139.66,140.04,31.17,1.68,9.5,-20.5,-51.4,-643.0,1223,0.61,0.094,0.035,0.00,107,,4285,0,-1868,643,1.87,30.1,1.00,0.187
364.50,DOWNWIND,139.83,140.21,31.14,1.70,9.4,-20.6,-51.4,-645.9,1220,0.60,0.097,0.028,0.00,105,,4283,0,-1865,646,1.83,30.1,1.00,0.187
364.60,DOWNWIND,140.00,140.37,31.12,1.72,9.4,-20.7,-51.4,-648.7,1218,0.60,0.098,0.021,0.00,102,,4281,0,-1863,649,1.80,30.1,1.00,0.187
364.70,DOWNWIND,140.17,140.54,31.09,1.73,9.3,-20.8,-51.4,-651.4,1216,0.60,0.096,0.014,0.00,99,,4279,0,-1861,651,1.76,30.1,1.00,0.187
364.80,DOWNWIND,140.35,140.71,31.07,1.75,9.3,-20.8,-51.4,-654.2,1214,0.60,0.094,0.006,0.00,96,,4277,0,-1859,654,1.73,30.1,1.00,0.187
364.90,DOWNWIND,140.52,140.88,31.04,1.76,9.3,-20.9,-51.5,-656.9,1212,0.60,0.092,-0.001,0.00,94,,4275,0,-1857,657,1.69,30.1,1.00,0.187
365.00,DOWNWIND,140.70,141.06,31.01,1.77,9.3,-20.9,-51.5,-659.6,1209,0.60,0.090,-0.007,0.00,91,,4272,0,-1854,660,1.66,30.1,1.00,0.187
365.10,DOWNWIND,140.88,141.23,30.98,1.77,9.3,-20.9,-51.5,-662.3,1207,0.60,0.089,-0.012,0.00,88,,4270,0,-1852,662,1.62,30.1,1.00,0.187
365.20,DOWNWIND,141.05,141.40,30.97,1.77,9.4,-20.9,-51.5,-664.9,1205,1.00,0.071,-0.016,0.00,86,,4268,0,-1850,665,1.59,41.0,1.02,0.061
365.30,DOWNWIND,141.23,141.58,31.04,1.81,9.3,-20.9,-51.5,-667.6,1202,1.00,0.028,-0.015,0.00,83,,4265,0,-1847,668,1.55,41.0,1.07,0.052
365.40,DOWNWIND,141.41,141.76,31.11,1.82,9.1,-21.0,-51.5,-670.2,1200,1.00,0.006,-0.019,0.00,80,,4263,0,-1845,670,1.52,41.0,1.12,0.044
365.50,DOWNWIND,141.59,141.93,31.18,1.77,8.6,-21.3,-51.6,-672.7,1198,1.00,0.018,-0.025,0.00,78,,4260,0,-1843,673,1.48,41.0,1.17,0.037
365.60,DOWNWIND,141.77,142.10,31.27,1.63,8.1,-21.6,-51.6,-675.3,1195,1.00,0.037,-0.026,0.00,75,,4258,0,-1840,675,1.45,41.0,1.22,0.033
365.70,DOWNWIND,141.92,142.25,31.36,1.44,7.7,-21.7,-51.6,-677.9,1193,1.00,0.033,-0.020,0.00,73,,4256,0,-1838,678,1.41,41.0,1.27,0.031
365.80,DOWNWIND,142.06,142.39,31.45,1.26,7.4,-21.8,-51.5,-680.4,1190,1.00,0.022,-0.012,0.00,70,,4253,0,-1835,680,1.39,41.0,1.32,0.028
365.90,DOWNWIND,142.18,142.51,31.56,1.08,7.1,-21.9,-51.5,-682.9,1188,1.00,0.020,-0.005,0.00,68,,4250,0,-1833,683,1.36,41.0,1.37,0.026
366.00,DOWNWIND,142.28,142.61,31.66,0.89,6.8,-21.9,-51.5,-685.4,1185,1.00,0.024,0.002,0.00,65,,4248,0,-1830,685,1.34,41.0,1.42,0.024
366.10,DOWNWIND,142.37,142.69,31.78,0.70,6.5,-22.0,-51.5,-687.9,1182,1.00,0.029,0.010,0.00,63,,4245,0,-1827,688,1.33,41.0,1.47,0.023
366.20,DOWNWIND,142.43,142.75,31.89,0.51,6.2,-22.0,-51.5,-690.4,1180,1.00,0.031,0.018,0.00,60,,4243,0,-1825,690,1.31,41.0,1.52,0.022
366.30,DOWNWIND,142.47,142.79,32.02,0.33,5.9,-22.1,-51.5,-692.9,1177,1.00,0.034,0.025,0.00,58,,4240,0,-1822,693,1.30,41.0,1.57,0.020
366.40,DOWNWIND,142.50,142.82,32.14,0.17,5.6,-22.2,-51.4,-695.4,1175,1.00,0.036,0.030,0.00,55,,4237,0,-1820,695,1.30,41.0,1.62,0.019
366.50,DOWNWIND,142.51,142.84,32.27,0.02,5.3,-22.3,-51.4,-697.8,1172,1.00,0.040,0.034,0.00,53,,4235,0,-1817,698,1.30,41.0,1.67,0.017
366.60,DOWNWIND,142.51,142.84,32.40,-0.12,4.9,-22.3,-51.4,-700.3,1169,1.00,0.042,0.035,0.00,50,,4232,0,-1814,700,1.30,41.0,1.72,0.016
366.70,DOWNWIND,142.49,142.83,32.54,-0.24,4.7,-22.4,-51.4,-702.7,1166,1.00,0.043,0.035,0.00,48,,4229,0,-1811,703,1.30,41.0,1.77,0.014
366.80,DOWNWIND,142.47,142.80,32.67,-0.34,4.4,-22.6,-51.4,-705.1,1164,1.00,0.042,0.033,0.00,45,,4226,0,-1809,705,1.31,41.0,1.82,0.012
366.90,DOWNWIND,142.43,142.77,32.81,-0.43,4.1,-22.7,-51.4,-707.5,1161,1.00,0.045,0.029,0.00,43,,4224,0,-1806,707,1.31,41.0,1.87,0.010
367.00,DOWNWIND,142.38,142.73,32.95,-0.52,3.8,-22.8,-51.4,-709.8,1158,1.00,0.048,0.022,0.00,41,,4221,0,-1803,710,1.32,41.0,1.92,0.008
367.10,DOWNWIND,142.33,142.68,33.09,-0.60,3.6,-22.9,-51.4,-712.2,1155,1.00,0.048,0.015,0.00,38,,4218,0,-1800,712,1.33,41.0,1.97,0.006
367.20,DOWNWIND,142.27,142.62,33.23,-0.67,3.3,-23.0,-51.4,-714.5,1152,1.00,0.017,0.008,0.00,36,,4215,0,-1797,715,1.35,41.0,2.00,-0.035
367.30,DOWNWIND,142.20,142.56,33.37,-0.75,3.0,-23.1,-51.5,-716.8,1149,1.00,0.028,-0.002,0.00,34,,4212,0,-1794,717,1.36,41.0,2.00,-0.031
367.40,DOWNWIND,142.12,142.49,33.52,-0.87,2.6,-23.1,-51.5,-719.1,1146,1.00,0.043,-0.011,0.00,31,,4209,0,-1791,719,1.38,41.0,2.00,-0.028
367.50,DOWNWIND,142.03,142.40,33.67,-1.00,2.3,-23.2,-51.5,-721.3,1143,1.00,0.042,-0.016,0.00,29,,4206,0,-1788,721,1.39,41.0,2.00,-0.024
367.60,DOWNWIND,141.92,142.30,33.82,-1.13,2.2,-23.2,-51.5,-723.6,1140,1.00,0.035,-0.020,0.00,27,,4203,0,-1785,724,1.41,41.0,2.00,-0.020
367.70,DOWNWIND,141.80,142.19,33.98,-1.25,2.0,-23.2,-51.5,-725.8,1137,1.00,0.032,-0.023,0.00,25,,4200,0,-1782,726,1.44,41.0,2.00,-0.017
367.80,DOWNWIND,141.68,142.06,34.13,-1.37,1.9,-23.2,-51.5,-728.0,1134,1.00,0.031,-0.025,0.00,22,,4196,0,-1779,728,1.46,41.0,2.00,-0.013
367.90,DOWNWIND,141.53,141.93,34.29,-1.49,1.9,-23.1,-51.5,-730.1,1130,1.00,0.032,-0.025,0.00,20,,4193,0,-1775,730,1.49,41.0,2.00,-0.009
368.00,DOWNWIND,141.38,141.78,34.46,-1.60,1.8,-23.1,-51.5,-732.3,1127,1.00,0.032,-0.023,0.00,18,,4190,0,-1772,732,1.52,41.0,2.00,-0.006
368.10,DOWNWIND,141.22,141.62,34.62,-1.71,1.8,-23.0,-51.5,-734.4,1124,1.00,0.031,-0.020,0.00,16,,4187,0,-1769,734,1.56,41.0,2.00,-0.002
368.20,DOWNWIND,141.04,141.45,34.78,-1.80,1.8,-22.9,-51.5,-736.5,1121,1.00,0.031,-0.015,0.00,14,,4184,0,-1766,737,1.59,41.0,2.00,0.002
368.30,DOWNWIND,140.86,141.27,34.95,-1.88,1.8,-22.8,-51.5,-738.6,1117,1.00,0.035,-0.010,0.00,12,,4180,0,-1762,739,1.63,41.0,2.00,0.005
368.40,DOWNWIND,140.67,141.09,35.12,-1.95,1.7,-22.7,-51.5,-740.6,1114,1.00,0.041,-0.004,0.00,10,,4177,0,-1759,741,1.66,41.0,2.00,0.008
368.50,DOWNWIND,140.47,140.90,35.28,-2.01,1.7,-22.7,-51.5,-742.7,1111,1.00,0.044,0.003,0.00,8,,4174,0,-1756,743,1.70,41.0,2.00,0.012
368.60,DOWNWIND,140.27,140.70,35.45,-2.06,1.7,-22.6,-51.5,-744.7,1107,1.00,0.045,0.009,0.00,6,,4170,0,-1752,745,1.75,41.0,2.00,0.015
368.70,DOWNWIND,140.06,140.50,35.61,-2.08,1.7,-22.6,-51.4,-746.7,1104,1.00,0.047,0.014,0.00,4,,4167,0,-1749,747,1.79,41.0,2.00,0.017
368.80,DOWNWIND,139.86,140.30,35.77,-2.09,1.6,-22.6,-51.4,-748.6,1100,1.00,0.050,0.017,0.00,2,,4163,0,-1745,749,1.83,41.0,2.00,0.020
368.90,DOWNWIND,139.65,140.10,35.93,-2.08,1.6,-22.6,-51.4,-750.5,1097,1.00,0.052,0.019,0.00,0,,4160,0,-1742,751,1.87,41.0,2.00,0.022
369.00,DOWNWIND,139.44,139.91,36.08,-2.05,1.6,-22.6,-51.4,-752.5,1093,1.00,0.050,0.020,0.00,2,,4156,0,-1738,752,1.91,41.0,2.00,0.024
369.10,DOWNWIND,139.24,139.71,36.24,-2.00,1.6,-22.7,-51.4,-754.3,1090,1.00,0.051,0.019,0.00,4,,4153,0,-1735,754,1.95,41.0,2.00,0.025
369.20,DOWNWIND,139.04,139.52,36.39,-1.93,1.6,-22.7,-51.4,-756.2,1086,1.00,0.054,0.015,0.00,6,,4149,0,-1731,756,1.99,41.0,2.00,0.027
369.30,DOWNWIND,138.85,139.34,36.53,-1.87,1.6,-22.8,-51.4,-758.0,1083,1.00,0.060,0.011,0.00,8,,4145,0,-1728,758,2.03,41.0,2.00,0.032
369.40,DOWNWIND,138.66,139.17,36.68,-1.80,1.6,-22.9,-51.4,-759.8,1079,1.00,0.063,0.006,0.00,9,,4142,0,-1724,760,2.07,41.0,2.00,0.040
369.50,DOWNWIND,138.49,139.00,36.82,-1.72,1.7,-22.9,-51.4,-761.5,1075,1.00,0.061,0.000,0.00,11,,4138,0,-1720,761,2.10,41.0,2.00,0.048
369.60,DOWNWIND,138.32,138.84,36.95,-1.63,1.9,-23.0,-51.4,-763.2,1072,1.00,0.060,-0.006,0.00,13,,4134,0,-1717,763,2.14,41.0,2.00,0.056
369.70,DOWNWIND,138.16,138.68,37.08,-1.52,2.0,-23.0,-51.5,-764.9,1068,1.00,0.059,-0.012,0.00,14,,4131,0,-1713,765,2.17,41.0,2.00,0.063
369.80,DOWNWIND,138.01,138.54,37.21,-1.42,2.2,-23.1,-51.5,-766.5,1064,1.00,0.059,-0.017,0.00,16,,4127,0,-1709,766,2.20,41.0,2.00,0.069
369.90,DOWNWIND,137.87,138.41,37.33,-1.31,2.4,-23.1,-51.5,-768.1,1060,1.00,0.058,-0.022,0.00,18,,4123,0,-1705,768,2.23,41.0,2.00,0.076
370.00,DOWNWIND,137.74,138.29,37.45,-1.20,2.6,-23.1,-51.5,-769.6,1056,1.00,0.056,-0.025,0.00,19,,4119,0,-1701,770,2.25,41.0,2.00,0.082
370.10,DOWNWIND,137.63,138.18,37.57,-1.08,2.9,-23.0,-51.5,-771.1,1053,1.00,0.055,-0.026,0.00,21,,4115,0,-1698,771,2.27,41.0,2.00,0.087
370.20,DOWNWIND,137.52,138.08,37.68,-0.97,3.2,-23.0,-51.5,-772.6,1049,1.00,0.053,-0.026,0.00,22,,4111,0,-1694,773,2.29,41.0,2.00,0.093
370.30,DOWNWIND,137.43,137.99,37.79,-0.85,3.4,-23.0,-51.5,-774.0,1045,1.00,0.052,-0.025,0.00,24,,4108,0,-1690,774,2.31,41.0,2.00,0.097
370.40,DOWNWIND,137.35,137.91,37.89,-0.73,3.7,-22.9,-51.5,-775.4,1041,1.00,0.050,-0.022,0.00,25,,4104,0,-1686,775,2.33,41.0,2.00,0.102
370.50,DOWNWIND,137.28,137.84,37.99,-0.60,4.0,-22.8,-51.5,-776.8,1037,1.00,0.049,-0.018,0.00,26,,4100,0,-1682,777,2.34,41.0,2.00,0.106
370.60,DOWNWIND,137.22,137.79,38.09,-0.47,4.2,-22.8,-51.5,-778.1,1033,1.00,0.052,-0.013,0.00,28,,4096,0,-1678,778,2.35,41.0,2.00,0.110
370.70,DOWNWIND,137.18,137.75,38.18,-0.34,4.4,-22.7,-51.5,-779.3,1029,1.00,0.056,-0.009,0.00,29,,4092,0,-1674,779,2.36,41.0,2.00,0.113
370.80,DOWNWIND,137.15,137.72,38.26,-0.20,4.7,-22.7,-51.5,-780.6,1025,1.00,0.057,-0.004,0.00,30,,4088,0,-1670,781,2.37,41.0,2.00,0.116
370.90,DOWNWIND,137.14,137.71,38.35,-0.06,4.9,-22.7,-51.4,-781.8,1021,1.00,0.057,0.001,0.00,31,,4084,0,-1666,782,2.37,41.0,2.00,0.118
371.00,DOWNWIND,137.14,137.71,38.42,0.10,5.1,-22.7,-51.4,-782.9,1017,1.00,0.057,0.005,0.00,32,,4080,0,-1662,783,2.37,41.0,2.00,0.120
371.10,DOWNWIND,137.15,137.73,38.50,0.26,5.3,-22.7,-51.4,-784.0,1013,1.00,0.057,0.008,0.00,34,,4076,0,-1658,784,2.37,41.0,2.00,0.121
371.20,DOWNWIND,137.18,137.76,38.56,0.43,5.4,-22.7,-51.4,-785.1,1009,1.00,0.055,0.009,0.00,35,,4071,0,-1654,785,2.36,41.0,2.00,0.122
371.30,DOWNWIND,137.23,137.81,38.63,0.61,5.6,-22.8,-16.2,-786.1,1004,1.00,0.052,-0.100,0.00,36,,4067,0,-1649,786,2.35,41.0,2.00,0.123
371.40,DOWNWIND,137.30,137.88,38.68,0.78,5.9,-22.6,-15.7,-787.0,1000,0.99,0.043,-0.232,0.00,37,,4063,0,-1645,787,2.34,41.0,2.00,0.122
371.50,DOWNWIND,137.38,137.97,38.73,0.93,6.2,-22.2,-15.5,-788.0,996,0.98,0.067,-0.184,0.00,37,,4059,0,-1641,788,2.32,41.0,1.95,0.181
371.60,DOWNWIND,137.48,138.07,38.77,1.11,6.7,-21.3,-15.5,-788.8,992,0.97,0.049,-0.053,0.00,38,,4055,0,-1637,789,2.30,41.0,1.90,0.179
371.70,DOWNWIND,137.60,138.19,38.80,1.36,7.2,-20.3,-15.5,-789.6,988,0.96,0.035,0.022,0.00,39,,4051,0,-1633,790,2.28,41.0,1.85,0.175
371.80,DOWNWIND,137.74,138.34,38.83,1.58,7.5,-19.3,-15.3,-790.4,984,0.95,0.052,0.045,0.00,40,,4047,0,-1629,790,2.25,41.0,1.80,0.170
371.90,DOWNWIND,137.91,138.51,38.84,1.77,7.6,-18.3,-14.9,-791.2,980,0.94,0.062,0.052,0.00,41,,4042,0,-1625,791,2.22,41.0,1.75,0.164
372.00,DOWNWIND,138.09,138.70,38.86,1.96,7.7,-17.2,-14.1,-791.9,975,0.93,0.058,0.050,0.00,41,,4038,0,-1620,792,2.18,41.0,1.70,0.157
372.10,DOWNWIND,138.29,138.90,38.86,2.17,7.8,-16.1,-13.2,-792.6,971,0.92,0.050,0.044,0.00,42,,4034,0,-1616,793,2.14,41.0,1.65,0.149
372.20,DOWNWIND,138.52,139.13,38.86,2.40,7.9,-15.0,-12.0,-793.2,967,0.92,0.047,0.037,0.00,43,,4030,0,-1612,793,2.10,41.0,1.60,0.140
372.30,DOWNWIND,138.77,139.38,38.85,2.61,7.9,-13.9,-10.9,-793.8,963,0.91,0.047,0.032,0.00,43,,4026,0,-1608,794,2.05,41.0,1.55,0.131
372.40,DOWNWIND,139.03,139.65,38.84,2.79,7.9,-13.2,-9.8,-794.4,959,0.90,0.043,0.025,0.00,44,,4022,0,-1604,794,1.99,41.0,1.50,0.120
372.50,DOWNWIND,139.32,139.94,38.82,2.96,7.9,-12.5,-8.9,-795.0,955,0.90,0.034,0.019,0.00,45,,4017,0,-1600,795,1.94,41.0,1.45,0.110
372.60,DOWNWIND,139.62,140.24,38.80,3.10,7.9,-12.0,-8.1,-795.5,950,0.89,0.023,0.013,0.00,45,,4013,0,-1595,796,1.88,41.0,1.40,0.099
372.70,DOWNWIND,139.93,140.55,38.78,3.22,7.9,-11.5,-7.5,-796.0,946,0.89,0.018,0.009,0.00,46,,4009,0,-1591,796,1.81,41.0,1.35,0.088
372.80,DOWNWIND,140.26,140.88,38.75,3.29,7.8,-11.0,-7.1,-796.5,942,0.89,0.016,0.008,0.00,46,,4005,0,-1587,797,1.75,41.0,1.30,0.077
372.90,DOWNWIND,140.59,141.21,38.73,3.33,7.7,-10.6,-7.0,-797.0,938,0.89,0.011,0.007,0.00,47,,4001,0,-1583,797,1.68,41.0,1.25,0.068
373.00,DOWNWIND,140.92,141.54,38.70,3.33,7.6,-10.2,-7.0,-797.4,934,0.89,0.005,0.008,0.00,47,,3997,0,-1579,797,1.62,41.0,1.20,0.059
373.10,DOWNWIND,141.25,141.87,38.68,3.30,7.5,-9.9,-7.2,-797.8,929,0.89,0.000,0.010,0.00,47,,3992,0,-1574,798,1.55,41.0,1.15,0.051
373.20,DOWNWIND,141.58,142.20,38.66,3.25,7.4,-9.5,-7.5,-798.2,925,0.89,0.000,0.012,0.00,48,,3988,0,-1570,798,1.48,41.0,1.10,0.044
373.30,DOWNWIND,141.90,142.52,38.65,3.18,7.3,-9.2,-7.8,-798.6,921,0.89,0.000,0.014,0.00,48,,3984,0,-1566,799,1.42,41.0,1.05,0.038
373.40,DOWNWIND,142.22,142.83,38.64,3.10,7.2,-9.0,-8.1,-798.9,917,0.89,0.000,0.016,0.00,48,,3980,0,-1562,799,1.36,41.0,1.00,0.033
373.50,DOWNWIND,142.53,143.14,38.63,3.01,7.1,-8.7,-8.4,-799.3,913,0.89,0.000,0.018,0.00,49,,3976,0,-1558,799,1.29,41.0,1.00,0.028
373.60,DOWNWIND,142.82,143.43,38.62,2.91,7.0,-8.5,-8.7,-799.6,909,0.89,0.000,0.019,0.00,49,,3971,0,-1554,800,1.23,41.0,1.00,0.025
373.70,DOWNWIND,143.11,143.72,38.62,2.80,6.8,-8.3,-8.9,-799.9,904,0.89,0.000,0.020,0.00,49,,3967,0,-1549,800,1.18,41.0,1.00,0.021
373.80,DOWNWIND,143.39,143.99,38.62,2.69,6.7,-8.1,-9.0,-800.3,900,0.89,0.000,0.020,0.00,50,,3963,0,-1545,800,1.12,41.0,1.00,0.018
373.90,DOWNWIND,143.65,144.26,38.62,2.58,6.5,-8.0,-9.0,-800.6,896,0.89,0.000,0.019,0.00,50,,3959,0,-1541,801,1.07,41.0,1.00,0.016
374.00,DOWNWIND,143.91,144.51,38.63,2.47,6.4,-7.9,-8.9,-800.8,892,0.89,0.000,0.017,0.00,50,,3955,0,-1537,801,1.02,41.0,1.00,0.014
374.10,DOWNWIND,144.15,144.75,38.63,2.37,6.2,-7.8,-8.7,-801.1,888,0.89,0.000,0.015,0.00,51,,3951,0,-1533,801,0.97,41.0,1.00,0.012
374.20,DOWNWIND,144.38,144.99,38.64,2.27,6.1,-7.7,-8.5,-801.4,884,0.89,0.000,0.012,0.00,51,,3946,0,-1529,801,0.92,41.0,1.00,0.010
374.30,DOWNWIND,144.61,145.21,38.66,2.17,5.9,-7.6,-8.3,-801.6,879,0.89,0.000,0.010,0.00,51,,3942,0,-1524,802,0.88,41.0,1.00,0.009
374.40,DOWNWIND,144.82,145.43,38.67,2.06,5.8,-7.6,-8.1,-801.9,875,0.89,0.000,0.007,0.00,51,,3938,0,-1520,802,0.84,41.0,1.00,0.007
374.50,DOWNWIND,145.02,145.63,38.69,1.96,5.6,-7.5,-7.8,-802.1,871,0.89,0.000,0.004,0.00,52,,3934,0,-1516,802,0.79,41.0,1.00,0.006
374.60,DOWNWIND,145.22,145.83,38.70,1.86,5.4,-7.4,-7.6,-802.3,867,0.89,0.000,0.002,0.00,52,,3930,0,-1512,802,0.76,41.0,1.00,0.006
374.70,DOWNWIND,145.40,146.01,38.73,1.75,5.2,-7.3,-7.3,-802.5,863,0.88,0.000,-0.000,0.00,52,,3926,0,-1508,803,0.72,41.0,1.00,0.006
374.80,DOWNWIND,145.57,146.19,38.75,1.64,5.0,-7.2,-7.2,-802.7,859,0.88,0.000,-0.002,0.00,52,,3921,0,-1504,803,0.69,41.0,1.00,0.006
374.90,DOWNWIND,145.73,146.36,38.77,1.53,4.9,-7.2,-7.0,-802.9,854,0.88,0.002,-0.003,0.00,52,,3917,0,-1499,803,0.65,41.0,1.00,0.006
375.00,DOWNWIND,145.88,146.51,38.80,1.42,4.7,-7.1,-6.9,-803.1,850,0.88,0.002,-0.004,0.00,53,,3913,0,-1495,803,0.62,41.0,1.00,0.007
375.10,DOWNWIND,146.02,146.66,38.83,1.32,4.6,-7.0,-6.8,-803.3,846,0.87,0.002,-0.004,0.00,53,,3909,0,-1491,803,0.60,41.0,1.00,0.008
375.20,DOWNWIND,146.15,146.79,38.86,1.22,4.5,-6.9,-6.7,-803.4,842,0.87,0.003,-0.005,0.00,53,,3905,0,-1487,803,0.57,41.0,1.00,0.009
375.30,DOWNWIND,146.27,147.01,38.89,1.13,4.4,-6.9,-6.7,-803.6,838,0.87,0.004,-0.005,0.00,53,,3900,0,-1483,804,0.55,41.0,1.00,0.010
375.40,DOWNWIND,146.38,147.57,38.92,1.04,4.3,-6.8,-6.7,-803.7,833,0.86,0.004,-0.005,0.00,53,,3896,0,-1478,804,0.52,41.0,1.00,0.011
375.50,DOWNWIND,146.48,148.35,38.96,0.96,4.2,-6.8,-6.6,-803.8,829,0.86,0.005,-0.005,0.00,53,,3892,0,-1474,804,0.50,41.0,1.00,0.012
375.60,DOWNWIND,146.57,149.17,38.99,0.88,4.1,-6.8,-6.6,-803.9,825,0.86,0.006,-0.005,0.00,53,,3888,0,-1470,804,0.48,41.0,1.00,0.013
375.70,DOWNWIND,146.66,149.87,39.02,0.81,4.0,-6.8,-6.6,-804.0,821,0.85,0.006,-0.006,0.00,54,,3884,0,-1466,804,0.47,41.0,1.00,0.014
375.80,DOWNWIND,146.73,150.27,39.06,0.74,3.9,-6.8,-6.5,-804.1,816,0.85,0.007,-0.006,0.00,54,,3879,0,-1461,804,0.45,41.0,1.00,0.016
375.90,DOWNWIND,146.81,150.23,39.10,0.68,3.9,-6.8,-6.4,-804.2,812,0.85,0.007,-0.006,0.00,54,,3875,0,-1457,804,0.44,41.0,1.00,0.017
376.00,DOWNWIND,146.87,149.82,39.13,0.63,3.8,-6.9,-6.3,-804.3,808,0.84,0.007,-0.007,0.00,54,,3871,0,-1453,804,0.42,41.0,1.00,0.018
376.10,DOWNWIND,146.93,149.20,39.17,0.58,3.8,-6.9,-6.2,-804.3,804,0.84,0.008,-0.008,0.00,54,,3867,0,-1449,804,0.41,41.0,1.00,0.020
376.20,DOWNWIND,146.99,148.54,39.21,0.54,3.8,-6.9,-6.0,-804.4,800,0.83,0.008,-0.008,0.00,54,,3862,0,-1445,804,0.40,41.0,1.00,0.021
376.30,DOWNWIND,147.04,148.00,39.24,0.51,3.7,-6.9,-5.9,-804.4,795,0.83,0.009,-0.009,0.00,54,,3858,0,-1440,804,0.39,41.0,1.00,0.022
376.40,DOWNWIND,147.09,147.75,39.28,0.48,3.7,-7.0,-5.7,-804.4,791,0.82,0.009,-0.010,0.00,54,,3854,0,-1436,804,0.38,41.0,1.00,0.023
376.50,DOWNWIND,147.14,147.78,39.31,0.46,3.7,-7.0,-5.5,-804.4,787,0.82,0.010,-0.011,0.00,54,,3850,0,-1432,804,0.37,41.0,1.00,0.023
376.60,DOWNWIND,147.19,147.82,39.34,0.43,3.7,-7.0,-5.4,-804.4,783,0.81,0.010,-0.011,0.00,54,,3845,0,-1428,804,0.36,41.0,1.00,0.024
376.70,DOWNWIND,147.23,147.86,39.38,0.42,3.6,-7.0,-5.2,-804.4,778,0.81,0.010,-0.012,0.00,54,,3841,0,-1423,804,0.35,41.0,1.00,0.024
376.80,DOWNWIND,147.27,147.89,39.41,0.40,3.6,-7.0,-5.0,-804.4,774,0.81,0.010,-0.013,0.00,54,,3837,0,-1419,804,0.35,41.0,1.00,0.025
376.90,DOWNWIND,147.31,147.92,39.44,0.39,3.6,-7.1,-4.8,-804.4,770,0.80,0.011,-0.013,0.00,54,,3833,0,-1415,804,0.34,41.0,1.00,0.025
377.00,DOWNWIND,147.35,147.96,39.47,0.37,3.6,-7.1,-4.7,-804.3,766,0.80,0.011,-0.014,0.00,54,,3828,0,-1411,804,0.33,41.0,1.00,0.026
377.10,DOWNWIND,147.38,147.98,39.49,0.36,3.6,-7.1,-4.5,-804.2,761,0.79,0.011,-0.014,0.00,54,,3824,0,-1406,804,0.32,41.0,1.00,0.026
377.20,DOWNWIND,147.42,148.01,39.52,0.35,3.6,-7.1,-4.3,-804.2,757,0.79,0.011,-0.015,0.00,54,,3820,0,-1402,804,0.32,41.0,1.00,0.026
377.30,DOWNWIND,147.45,148.04,39.55,0.34,3.5,-7.1,-4.2,-804.1,753,0.79,0.011,-0.015,0.00,54,,3816,0,-1398,804,0.31,41.0,1.00,0.026
377.40,DOWNWIND,147.49,148.06,39.57,0.33,3.5,-7.1,-4.0,-804.0,749,0.78,0.011,-0.015,0.00,54,,3811,0,-1394,804,0.30,41.0,1.00,0.026
377.50,DOWNWIND,147.52,148.09,39.60,0.33,3.5,-7.1,-3.8,-803.9,744,0.78,0.011,-0.016,0.00,53,,3807,0,-1389,804,0.29,41.0,1.00,0.026
377.60,DOWNWIND,147.55,148.12,39.62,0.32,3.5,-7.1,-3.7,-803.8,740,0.78,0.011,-0.016,0.00,53,,3803,0,-1385,804,0.29,41.0,1.00,0.026
377.70,DOWNWIND,147.59,148.14,39.65,0.31,3.5,-7.1,-3.5,-803.6,736,0.77,0.010,-0.016,0.00,53,,3799,0,-1381,804,0.28,41.0,1.00,0.026
377.80,DOWNWIND,147.62,148.17,39.67,0.31,3.5,-7.1,-3.3,-803.5,732,0.77,0.010,-0.016,0.00,53,,3794,0,-1377,804,0.28,41.0,1.00,0.026
377.90,DOWNWIND,147.65,148.19,39.69,0.30,3.5,-7.0,-3.2,-803.4,727,0.77,0.010,-0.017,0.00,53,,3790,0,-1372,803,0.27,41.0,1.00,0.026
378.00,DOWNWIND,147.68,148.22,39.71,0.29,3.5,-7.0,-3.0,-803.2,723,0.76,0.010,-0.017,0.00,53,,3786,0,-1368,803,0.26,41.0,1.00,0.026
378.10,DOWNWIND,147.71,148.24,39.74,0.29,3.5,-7.0,-2.8,-803.0,719,0.76,0.010,-0.017,0.00,53,,3782,0,-1364,803,0.26,41.0,1.00,0.026
378.20,DOWNWIND,147.73,148.26,39.76,0.28,3.4,-7.0,-2.6,-802.8,715,0.76,0.010,-0.017,0.00,52,,3777,0,-1360,803,0.25,41.0,1.00,0.026
378.30,DOWNWIND,147.76,148.29,39.78,0.28,3.4,-7.0,-2.4,-802.6,710,0.76,0.010,-0.017,0.00,52,,3773,0,-1355,803,0.25,41.0,1.00,0.026
378.40,DOWNWIND,147.79,148.31,39.80,0.27,3.4,-6.9,-2.2,-802.4,706,0.75,0.010,-0.018,0.00,52,,3769,0,-1351,802,0.24,41.0,1.00,0.026
378.50,DOWNWIND,147.82,148.34,39.81,0.26,3.4,-6.9,-2.0,-802.2,702,0.75,0.010,-0.018,0.00,52,,3765,0,-1347,802,0.24,41.0,1.00,0.026
378.60,DOWNWIND,147.84,148.36,39.83,0.26,3.4,-6.9,-1.8,-801.9,697,0.75,0.010,-0.018,0.00,51,,3760,0,-1342,802,0.23,41.0,1.00,0.026
378.70,DOWNWIND,147.87,148.39,39.85,0.25,3.4,-6.8,-1.6,-801.7,693,0.75,0.010,-0.018,0.00,51,,3756,0,-1338,802,0.23,41.0,1.00,0.026
378.80,DOWNWIND,147.89,148.41,39.87,0.25,3.4,-6.8,-1.4,-801.4,689,0.75,0.010,-0.019,0.00,51,,3752,0,-1334,801,0.22,41.0,1.00,0.025
378.90,DOWNWIND,147.92,148.44,39.89,0.24,3.3,-6.8,-1.2,-801.2,685,0.74,0.010,-0.019,0.00,51,,3748,0,-1330,801,0.22,41.0,1.00,0.025
379.00,DOWNWIND,147.94,148.46,39.90,0.23,3.3,-6.7,-1.0,-800.9,680,0.74,0.010,-0.019,0.00,50,,3743,0,-1325,801,0.21,41.0,1.00,0.025
379.10,DOWNWIND,147.97,148.48,39.92,0.23,3.3,-6.7,-0.8,-800.6,676,0.74,0.009,-0.019,0.00,50,,3739,0,-1321,801,0.21,41.0,1.00,0.025
379.20,DOWNWIND,147.99,148.51,39.93,0.22,3.3,-6.6,-0.6,-800.3,672,0.74,0.009,-0.019,0.00,50,,3735,0,-1317,800,0.20,41.0,1.00,0.025
379.30,DOWNWIND,148.01,148.53,39.95,0.21,3.3,-6.6,-0.4,-800.0,668,0.74,0.009,-0.020,0.00,50,,3730,0,-1313,800,0.20,41.0,1.00,0.025
379.40,DOWNWIND,148.03,148.55,39.97,0.21,3.3,-6.5,-0.2,-799.7,663,0.74,0.009,-0.020,0.00,49,,3726,0,-1308,800,0.19,41.0,1.00,0.025
379.50,DOWNWIND,148.05,148.58,39.98,0.20,3.3,-6.5,0.0,-799.3,659,0.73,0.009,-0.020,0.00,49,,3722,0,-1304,799,0.19,41.0,1.00,0.024
379.60,DOWNWIND,148.07,148.60,40.00,0.19,3.2,-6.4,0.2,-799.0,655,0.73,0.009,-0.020,0.00,49,,3718,0,-1300,799,0.18,41.0,1.00,0.024
379.70,DOWNWIND,148.09,148.63,40.01,0.19,3.2,-6.3,0.4,-798.6,650,0.73,0.009,-0.020,0.00,48,,3713,0,-1295,799,0.18,41.0,1.00,0.024
379.80,DOWNWIND,148.11,148.65,40.03,0.18,3.2,-6.3,0.7,-798.3,646,0.73,0.009,-0.020,0.00,48,,3709,0,-1291,798,0.18,41.0,1.00,0.024
379.90,DOWNWIND,148.13,148.68,40.04,0.17,3.2,-6.2,0.9,-797.9,642,0.73,0.009,-0.020,0.00,47,,3705,0,-1287,798,0.17,41.0,1.00,0.024
380.00,DOWNWIND,148.14,148.70,40.05,0.17,3.2,-6.1,1.1,-797.5,638,0.73,0.009,-0.020,0.00,47,,3701,0,-1283,797,0.17,41.0,1.00,0.024
380.10,DOWNWIND,148.16,148.73,40.07,0.16,3.2,-6.0,1.3,-797.1,633,0.73,0.009,-0.020,0.00,47,,3696,0,-1278,797,0.17,41.0,1.00,0.024
380.20,DOWNWIND,148.18,148.75,40.08,0.15,3.2,-6.0,1.5,-796.7,629,0.72,0.009,-0.021,0.00,46,,3692,0,-1274,797,0.16,41.0,1.00,0.024
380.30,DOWNWIND,148.19,148.77,40.09,0.15,3.1,-5.9,1.7,-796.3,625,0.72,0.009,-0.021,0.00,46,,3688,0,-1270,796,0.16,41.0,1.00,0.024
380.40,DOWNWIND,148.21,148.79,40.11,0.14,3.1,-5.8,1.9,-795.8,621,0.72,0.009,-0.021,0.00,45,,3683,0,-1266,796,0.16,41.0,1.00,0.024
380.50,DOWNWIND,148.22,148.81,40.12,0.13,3.1,-5.7,2.1,-795.4,616,0.72,0.009,-0.021,0.00,45,,3679,0,-1261,795,0.16,41.0,1.00,0.024
380.60,DOWNWIND,148.23,148.83,40.13,0.13,3.1,-5.6,2.3,-795.0,612,0.72,0.009,-0.021,0.00,44,,3675,0,-1257,795,0.15,41.0,1.00,0.024
380.70,DOWNWIND,148.24,148.85,40.15,0.12,3.1,-5.5,2.5,-794.5,608,0.72,0.009,-0.021,0.00,44,,3671,0,-1253,794,0.15,41.0,1.00,0.024
380.80,DOWNWIND,148.26,148.86,40.16,0.11,3.1,-5.4,2.7,-794.0,604,0.72,0.009,-0.021,0.00,44,,3666,0,-1249,794,0.15,41.0,1.00,0.024
380.90,DOWNWIND,148.27,148.87,40.17,0.11,3.1,-5.2,2.9,-793.6,599,0.72,0.008,-0.021,0.00,43,,3662,0,-1244,794,0.15,41.0,1.00,0.024
381.00,DOWNWIND,148.28,148.88,40.18,0.10,3.1,-5.1,3.1,-793.1,595,0.72,0.008,-0.021,0.00,43,,3658,0,-1240,793,0.14,41.0,1.00,0.024
381.10,DOWNWIND,148.29,148.89,40.20,0.10,3.0,-5.0,3.3,-792.6,591,0.71,0.008,-0.021,0.00,42,,3654,0,-1236,793,0.14,41.0,1.00,0.024
381.20,DOWNWIND,148.30,148.90,40.21,0.09,3.0,-4.9,3.5,-792.1,587,0.71,0.008,-0.021,0.00,42,,3649,0,-1232,792,0.14,41.0,1.00,0.024
381.30,DOWNWIND,148.31,148.91,40.22,0.09,3.0,-4.8,3.7,-791.6,582,0.71,0.008,-0.021,0.00,41,,3645,0,-1227,792,0.14,41.0,1.00,0.024
381.40,DOWNWIND,148.31,148.91,40.23,0.08,3.0,-4.7,3.9,-791.1,578,0.71,0.008,-0.021,0.00,41,,3641,0,-1223,791,0.14,41.0,1.00,0.024
381.50,DOWNWIND,148.32,148.91,40.24,0.08,3.0,-4.6,4.1,-790.5,574,0.71,0.008,-0.021,0.00,40,,3637,0,-1219,791,0.13,41.0,1.00,0.024
381.60,DOWNWIND,148.33,148.92,40.25,0.07,3.0,-4.4,4.3,-790.0,569,0.71,0.008,-0.021,0.00,40,,3632,0,-1214,790,0.13,41.0,1.00,0.024
381.70,DOWNWIND,148.34,148.92,40.26,0.07,3.0,-4.3,4.5,-789.5,565,0.71,0.008,-0.021,0.00,39,,3628,0,-1210,789,0.13,41.0,1.00,0.024
381.80,DOWNWIND,148.34,148.92,40.27,0.06,3.0,-4.2,4.7,-788.9,561,0.71,0.008,-0.021,0.00,38,,3624,0,-1206,789,0.13,41.0,1.00,0.024
381.90,DOWNWIND,148.35,148.92,40.28,0.06,3.0,-4.1,4.9,-788.4,557,0.71,0.008,-0.021,0.00,38,,3620,0,-1202,788,0.13,41.0,1.00,0.024
382.00,DOWNWIND,148.36,148.92,40.30,0.05,2.9,-4.0,5.1,-787.8,552,0.71,0.008,-0.021,0.00,37,,3615,0,-1197,788,0.13,41.0,1.00,0.024
382.10,DOWNWIND,148.36,148.92,40.31,0.05,2.9,-3.9,5.3,-787.2,548,0.71,0.008,-0.021,0.00,37,,3611,0,-1193,787,0.13,41.0,1.00,0.024
382.20,DOWNWIND,148.37,148.91,40.32,0.04,2.9,-3.7,5.5,-786.7,544,0.70,0.008,-0.021,0.00,36,,3607,0,-1189,787,0.13,41.0,1.00,0.024
382.30,DOWNWIND,148.37,148.91,40.33,0.04,2.9,-3.6,5.7,-786.1,540,0.70,0.008,-0.021,0.00,36,,3603,0,-1185,786,0.13,41.0,1.00,0.024
382.40,DOWNWIND,148.37,148.90,40.34,0.03,2.9,-3.5,5.8,-785.5,535,0.70,0.008,-0.021,0.00,35,,3598,0,-1180,786,0.12,41.0,1.00,0.024
382.50,DOWNWIND,148.38,148.90,40.35,0.03,2.9,-3.4,6.0,-784.9,531,0.70,0.008,-0.021,0.00,34,,3594,0,-1176,785,0.12,41.0,1.00,0.024
382.60,DOWNWIND,148.38,148.89,40.36,0.03,2.9,-3.3,6.2,-784.3,527,0.70,0.008,-0.021,0.00,34,,3590,0,-1172,784,0.12,41.0,1.00,0.024
382.70,DOWNWIND,148.38,148.88,40.37,0.02,2.9,-3.1,6.4,-783.7,523,0.70,0.008,-0.021,0.00,33,,3585,0,-1168,784,0.12,41.0,1.00,0.024
382.80,DOWNWIND,148.38,148.87,40.37,0.02,2.9,-3.0,6.6,-783.1,518,0.70,0.008,-0.021,0.00,33,,3581,0,-1163,783,0.12,41.0,1.00,0.024
382.90,DOWNWIND,148.39,148.86,40.38,0.02,2.9,-2.9,6.7,-782.5,514,0.70,0.008,-0.021,0.00,32,,3577,0,-1159,782,0.12,41.0,1.00,0.024
383.00,DOWNWIND,148.39,148.85,40.39,0.01,2.9,-2.8,6.9,-781.9,510,0.70,0.008,-0.021,0.00,31,,3573,0,-1155,782,0.12,41.0,1.00,0.024
383.10,DOWNWIND,148.39,148.84,40.40,0.01,2.8,-2.6,7.1,-781.3,506,0.70,0.008,-0.021,0.00,31,,3568,0,-1151,781,0.12,41.0,1.00,0.024
383.20,DOWNWIND,148.39,148.83,40.41,0.00,2.8,-2.5,7.2,-780.6,501,0.70,0.009,-0.021,0.00,30,,3564,0,-1146,781,0.12,41.0,1.00,0.024
383.30,DOWNWIND,148.39,148.82,40.42,0.00,2.8,-2.4,7.4,-780.0,497,0.70,0.009,-0.021,0.00,30,,3560,0,-1142,780,0.12,41.0,1.00,0.025
383.40,DOWNWIND,148.39,148.82,40.43,-0.00,2.8,-2.2,7.6,-779.4,493,0.70,0.009,-0.021,0.00,29,,3556,0,-1138,779,0.12,41.0,1.00,0.025
383.50,DOWNWIND,148.39,148.81,40.44,-0.01,2.8,-2.1,7.7,-778.7,489,0.70,0.009,-0.021,0.00,28,,3551,0,-1134,779,0.12,41.0,1.00,0.025
383.60,DOWNWIND,148.39,148.81,40.45,-0.01,2.8,-2.0,7.9,-778.1,484,0.70,0.009,-0.021,0.00,28,,3547,0,-1129,778,0.12,41.0,1.00,0.025
383.70,DOWNWIND,148.39,148.80,40.45,-0.01,2.8,-1.8,8.0,-777.4,480,0.70,0.009,-0.021,0.00,27,,3543,0,-1125,777,0.12,41.0,1.00,0.025
383.80,DOWNWIND,148.39,148.80,40.46,-0.01,2.8,-1.7,8.2,-776.8,476,0.69,0.009,-0.021,0.00,26,,3539,0,-1121,777,0.12,41.0,1.00,0.025
383.90,DOWNWIND,148.38,148.80,40.47,-0.02,2.8,-1.6,8.3,-776.1,472,0.69,0.009,-0.021,0.00,26,,3534,0,-1117,776,0.12,41.0,1.00,0.025
384.00,DOWNWIND,148.38,148.79,40.48,-0.02,2.8,-1.4,8.5,-775.5,467,0.69,0.009,-0.021,0.00,25,,3530,0,-1112,775,0.12,41.0,1.00,0.025
384.10,DOWNWIND,148.38,148.79,40.49,-0.02,2.8,-1.3,8.6,-774.8,463,0.69,0.009,-0.021,0.00,24,,3526,0,-1108,775,0.12,41.0,1.00,0.025
384.20,DOWNWIND,148.38,148.79,40.50,-0.03,2.8,-1.2,8.8,-774.2,459,0.69,0.009,-0.021,0.00,24,,3522,0,-1104,774,0.12,41.0,1.00,0.026
384.30,DOWNWIND,148.38,148.79,40.50,-0.03,2.8,-1.0,8.9,-773.5,455,0.69,0.009,-0.021,0.00,23,,3517,0,-1100,774,0.12,41.0,1.00,0.026
384.40,DOWNWIND,148.37,148.79,40.51,-0.03,2.8,-0.9,9.0,-772.9,450,0.69,0.009,-0.021,0.00,22,,3513,0,-1095,773,0.12,41.0,1.00,0.026
384.50,DOWNWIND,148.37,148.80,40.52,-0.03,2.7,-0.8,9.2,-772.2,446,0.69,0.009,-0.021,0.00,22,,3509,0,-1091,772,0.13,41.0,1.00,0.026
384.60,DOWNWIND,148.37,148.80,40.53,-0.04,2.7,-0.6,9.3,-771.5,442,0.69,0.009,-0.021,0.00,21,,3505,0,-1087,772,0.13,41.0,1.00,0.026
384.70,DOWNWIND,148.36,148.80,40.53,-0.04,2.7,-0.5,9.4,-770.9,437,0.69,0.009,-0.021,0.00,20,,3500,0,-1082,771,0.13,41.0,1.00,0.026
384.80,DOWNWIND,148.36,148.79,40.54,-0.04,2.7,-0.4,9.6,-770.2,433,0.69,0.009,-0.021,0.00,20,,3496,0,-1078,770,0.13,41.0,1.00,0.026
384.90,DOWNWIND,148.35,148.79,40.55,-0.04,2.7,-0.2,9.7,-769.5,429,0.69,0.009,-0.021,0.00,19,,3492,0,-1074,770,0.13,41.0,1.00,0.026
385.00,DOWNWIND,148.35,148.79,40.56,-0.04,2.7,-0.1,9.8,-768.9,425,0.69,0.009,-0.021,0.00,18,,3488,0,-1070,769,0.13,41.0,1.00,0.027
385.10,DOWNWIND,148.35,148.78,40.56,-0.05,2.7,0.1,9.9,-768.2,420,0.69,0.009,-0.021,0.00,18,,3483,0,-1065,768,0.13,41.0,1.00,0.027
385.20,DOWNWIND,148.34,148.78,40.57,-0.05,2.7,0.2,10.0,-767.5,416,0.69,0.009,-0.021,0.00,17,,3479,0,-1061,768,0.13,41.0,1.00,0.027
385.30,DOWNWIND,148.34,148.77,40.58,-0.05,2.7,0.3,10.1,-766.9,412,0.69,0.009,-0.021,0.00,16,,3475,0,-1057,767,0.13,41.0,1.00,0.027
385.40,DOWNWIND,148.33,148.76,40.58,-0.05,2.7,0.5,10.2,-766.2,408,0.69,0.009,-0.021,0.00,16,,3470,0,-1053,766,0.13,41.0,1.00,0.027
385.50,DOWNWIND,148.33,148.76,40.59,-0.05,2.7,0.6,10.4,-765.5,403,0.69,0.009,-0.021,0.00,15,,3466,0,-1048,766,0.13,41.0,1.00,0.027
385.60,DOWNWIND,148.32,148.75,40.60,-0.05,2.7,0.7,10.5,-764.9,399,0.69,0.009,-0.021,0.00,14,,3462,0,-1044,765,0.13,41.0,1.00,0.027
385.70,DOWNWIND,148.32,148.74,40.60,-0.05,2.7,0.9,10.5,-764.2,395,0.69,0.009,-0.021,0.00,14,,3458,0,-1040,764,0.14,41.0,1.00,0.028
385.80,DOWNWIND,148.31,148.73,40.61,-0.05,2.7,1.0,10.6,-763.5,391,0.69,0.010,-0.021,0.00,13,,3453,0,-1036,764,0.14,41.0,1.00,0.028
385.90,DOWNWIND,148.31,148.72,40.62,-0.05,2.7,1.1,10.7,-762.9,386,0.69,0.010,-0.021,0.00,12,,3449,0,-1031,763,0.14,41.0,1.00,0.028
386.00,DOWNWIND,148.30,148.72,40.62,-0.05,2.7,1.3,10.8,-762.2,382,0.69,0.010,-0.021,0.00,12,,3445,0,-1027,762,0.14,41.0,1.00,0.028
386.10,DOWNWIND,148.30,148.71,40.63,-0.05,2.7,1.4,10.9,-761.6,378,0.69,0.010,-0.021,0.00,11,,3441,0,-1023,762,0.14,41.0,1.00,0.028
386.20,DOWNWIND,148.29,148.70,40.63,-0.05,2.7,1.5,11.0,-760.9,373,0.69,0.010,-0.021,0.00,10,,3436,0,-1018,761,0.14,41.0,1.00,0.028
386.30,DOWNWIND,148.28,148.70,40.64,-0.05,2.7,1.7,11.0,-760.3,369,0.69,0.010,-0.021,0.00,10,,3432,0,-1014,760,0.14,41.0,1.00,0.028
386.40,DOWNWIND,148.28,148.69,40.65,-0.05,2.7,1.8,11.1,-759.6,365,0.68,0.010,-0.020,0.00,9,,3428,0,-1010,760,0.14,41.0,1.00,0.029
386.50,DOWNWIND,148.27,148.69,40.65,-0.06,2.7,1.9,11.2,-759.0,361,0.68,0.010,-0.020,0.00,9,,3423,0,-1006,759,0.14,41.0,1.00,0.029
386.60,DOWNWIND,148.27,148.69,40.66,-0.06,2.7,2.0,11.3,-758.3,356,0.68,0.010,-0.020,0.00,8,,3419,0,-1001,758,0.15,41.0,1.00,0.029
386.70,DOWNWIND,148.26,148.68,40.66,-0.06,2.7,2.2,11.3,-757.7,352,0.68,0.010,-0.020,0.00,7,,3415,0,-997,758,0.15,41.0,1.00,0.029
386.80,DOWNWIND,148.26,148.68,40.67,-0.06,2.7,2.3,11.4,-757.0,348,0.68,0.010,-0.020,0.00,7,,3411,0,-993,757,0.15,41.0,1.00,0.029
386.90,DOWNWIND,148.25,148.67,40.67,-0.06,2.7,2.4,11.4,-756.4,344,0.68,0.010,-0.020,0.00,6,,3406,0,-989,756,0.15,41.0,1.00,0.029
387.00,DOWNWIND,148.25,148.67,40.68,-0.06,2.7,2.5,11.5,-755.8,339,0.68,0.010,-0.020,0.00,5,,3402,0,-984,756,0.15,41.0,1.00,0.029
387.10,DOWNWIND,148.24,148.67,40.68,-0.06,2.7,2.7,11.5,-755.2,335,0.68,0.010,-0.020,0.00,5,,3398,0,-980,755,0.15,41.0,1.00,0.029
387.20,DOWNWIND,148.23,148.66,40.69,-0.06,2.7,2.8,11.6,-754.5,331,0.68,0.010,-0.020,0.00,4,,3394,0,-976,755,0.15,41.0,1.00,0.030
387.30,DOWNWIND,148.23,148.66,40.69,-0.06,2.7,2.9,11.6,-753.9,326,0.68,0.010,-0.020,0.00,3,,3389,0,-971,754,0.15,41.0,1.00,0.030
387.40,DOWNWIND,148.22,148.66,40.70,-0.06,2.7,3.0,11.6,-753.3,322,0.68,0.010,-0.020,0.00,3,,3385,0,-967,753,0.15,41.0,1.00,0.030
387.50,DOWNWIND,148.22,148.65,40.70,-0.06,2.7,3.1,11.7,-752.7,318,0.68,0.010,-0.020,0.00,2,,3381,0,-963,753,0.16,41.0,1.00,0.030
387.60,DOWNWIND,148.21,148.65,40.71,-0.06,2.7,3.2,11.7,-752.1,314,0.68,0.010,-0.020,0.00,2,,3376,0,-959,752,0.16,41.0,1.00,0.030
387.70,DOWNWIND,148.21,148.66,40.71,-0.06,2.7,3.4,11.7,-751.5,309,0.68,0.010,-0.020,0.00,1,,3372,0,-954,752,0.16,41.0,1.00,0.030
387.80,DOWNWIND,148.20,148.66,40.72,-0.06,2.7,3.5,11.7,-750.9,305,0.68,0.010,-0.020,0.00,0,,3368,0,-950,751,0.16,41.0,1.00,0.030
387.90,DOWNWIND,148.20,148.67,40.72,-0.06,2.7,3.6,11.8,-750.3,301,0.68,0.010,-0.020,0.00,0,,3363,0,-946,750,0.16,41.0,1.00,0.030
388.00,DOWNWIND,148.19,148.67,40.73,-0.06,2.7,3.7,11.8,-749.7,296,0.68,0.010,-0.020,0.00,1,,3359,0,-941,750,0.16,41.0,1.00,0.031
388.10,DOWNWIND,148.19,148.68,40.73,-0.06,2.7,3.8,11.8,-749.2,292,0.68,0.010,-0.020,0.00,1,,3355,0,-937,749,0.16,41.0,1.00,0.031
388.20,DOWNWIND,148.18,148.69,40.73,-0.06,2.7,3.9,11.8,-748.6,288,0.68,0.010,-0.020,0.00,2,,3351,0,-933,749,0.16,41.0,1.00,0.031
388.30,DOWNWIND,148.17,148.70,40.74,-0.05,2.7,4.0,11.8,-748.1,283,0.68,0.010,-0.020,0.00,2,,3346,0,-928,748,0.16,41.0,1.00,0.031
388.40,DOWNWIND,148.17,148.70,40.74,-0.05,2.6,4.1,11.8,-747.5,279,0.68,0.010,-0.020,0.00,3,,3342,0,-924,747,0.17,41.0,1.00,0.031
388.50,DOWNWIND,148.16,148.71,40.75,-0.05,2.6,4.2,11.8,-747.0,275,0.68,0.010,-0.019,0.00,4,,3338,0,-920,747,0.17,41.0,1.00,0.031
388.60,DOWNWIND,148.16,148.71,40.75,-0.05,2.6,4.3,11.8,-746.4,270,0.68,0.010,-0.019,0.00,4,,3333,0,-915,746,0.17,41.0,1.00,0.031
388.70,DOWNWIND,148.15,148.71,40.76,-0.05,2.6,4.4,11.8,-745.9,266,0.68,0.010,-0.019,0.00,5,,3329,0,-911,746,0.17,41.0,1.00,0.031
388.80,DOWNWIND,148.15,148.71,40.76,-0.05,2.6,4.5,11.8,-745.4,262,0.68,0.010,-0.019,0.00,5,,3325,0,-907,745,0.17,41.0,1.00,0.032
388.90,DOWNWIND,148.14,148.71,40.76,-0.05,2.6,4.6,11.7,-744.8,258,0.68,0.010,-0.019,0.00,6,,3320,0,-903,745,0.17,41.0,1.00,0.032
389.00,DOWNWIND,148.14,148.70,40.77,-0.05,2.6,4.7,11.7,-744.3,253,0.68,0.010,-0.019,0.00,6,,3316,0,-898,744,0.17,41.0,1.00,0.032
389.10,DOWNWIND,148.13,148.70,40.77,-0.05,2.6,4.8,11.7,-743.8,249,0.68,0.010,-0.019,0.00,7,,3312,0,-894,744,0.17,41.0,1.00,0.032
389.20,DOWNWIND,148.13,148.69,40.78,-0.05,2.6,4.8,11.7,-743.3,245,0.68,0.010,-0.019,0.00,7,,3307,0,-890,743,0.17,41.0,1.00,0.032
389.30,DOWNWIND,148.12,148.68,40.78,-0.05,2.6,4.9,11.6,-742.8,240,0.68,0.010,-0.019,0.00,8,,3303,0,-885,743,0.18,41.0,1.00,0.032
389.40,DOWNWIND,148.11,148.67,40.78,-0.05,2.6,5.0,11.6,-742.4,236,0.68,0.010,-0.019,0.00,8,,3299,0,-881,742,0.18,41.0,1.00,0.032
389.50,DOWNWIND,148.11,148.66,40.79,-0.05,2.6,5.1,11.6,-741.9,232,0.68,0.010,-0.019,0.00,9,,3294,0,-877,742,0.18,41.0,1.00,0.032
389.60,DOWNWIND,148.10,148.65,40.79,-0.05,2.6,5.2,11.5,-741.4,227,0.68,0.010,-0.019,0.00,9,,3290,0,-872,741,0.18,41.0,1.00,0.033
389.70,DOWNWIND,148.10,148.64,40.79,-0.05,2.6,5.2,11.5,-741.0,223,0.68,0.010,-0.019,0.00,9,,3286,0,-868,741,0.18,41.0,1.00,0.033
389.80,DOWNWIND,148.09,148.63,40.80,-0.05,2.6,5.3,11.4,-740.5,219,0.68,0.010,-0.019,0.00,10,,3281,0,-864,741,0.18,41.0,1.00,0.033
389.90,DOWNWIND,148.09,148.62,40.80,-0.05,2.6,5.4,11.4,-740.1,214,0.68,0.010,-0.019,0.00,10,,3277,0,-859,740,0.18,41.0,1.00,0.033
390.00,DOWNWIND,148.08,148.61,40.80,-0.05,2.7,5.5,11.3,-739.7,210,0.68,0.010,-0.019,0.00,11,,3273,0,-855,740,0.18,41.0,1.00,0.033
390.10,DOWNWIND,148.08,148.60,40.81,-0.05,2.7,5.5,11.3,-739.3,206,0.68,0.010,-0.019,0.00,11,,3268,0,-851,739,0.18,41.0,1.00,0.033
390.20,DOWNWIND,148.08,148.60,40.81,-0.05,2.7,5.6,11.2,-738.8,201,0.68,0.010,-0.019,0.00,12,,3264,0,-846,739,0.18,41.0,1.00,0.033
390.30,DOWNWIND,148.07,148.59,40.81,-0.05,2.7,5.6,11.1,-738.5,197,0.68,0.010,-0.019,0.00,12,,3260,0,-842,738,0.19,41.0,1.00,0.033
390.40,DOWNWIND,148.07,148.58,40.82,-0.04,2.7,5.7,11.1,-738.1,193,0.68,0.010,-0.019,0.00,12,,3255,0,-838,738,0.19,41.0,1.00,0.033
390.50,DOWNWIND,148.06,148.58,40.82,-0.04,2.7,5.8,11.0,-737.7,188,0.68,0.010,-0.019,0.00,13,,3251,0,-833,738,0.19,41.0,1.00,0.034
390.60,DOWNWIND,148.06,148.57,40.82,-0.04,2.7,5.8,10.9,-737.3,184,0.68,0.010,-0.019,0.00,13,,3247,0,-829,737,0.19,41.0,1.00,0.034
390.70,DOWNWIND,148.05,148.56,40.83,-0.04,2.7,5.9,10.8,-737.0,179,0.68,0.010,-0.018,0.00,14,,3242,0,-824,737,0.19,41.0,1.00,0.034
390.80,DOWNWIND,148.05,148.56,40.83,-0.04,2.7,5.9,10.8,-736.6,175,0.68,0.010,-0.018,0.00,14,,3238,0,-820,737,0.19,41.0,1.00,0.034
390.90,DOWNWIND,148.04,148.55,40.83,-0.04,2.7,6.0,10.7,-736.3,171,0.68,0.010,-0.018,0.00,14,,3234,0,-816,736,0.19,41.0,1.00,0.034
391.00,DOWNWIND,148.04,148.54,40.83,-0.04,2.7,6.0,10.6,-735.9,166,0.68,0.010,-0.018,0.00,15,,3229,0,-811,736,0.19,41.0,1.00,0.034
391.10,DOWNWIND,148.04,148.54,40.84,-0.04,2.7,6.0,10.5,-735.6,162,0.68,0.010,-0.018,0.00,15,,3225,0,-807,736,0.19,41.0,1.00,0.034
391.20,DOWNWIND,148.03,148.53,40.84,-0.04,2.7,6.1,10.4,-735.3,158,0.68,0.010,-0.018,0.00,15,,3221,0,-803,735,0.19,41.0,1.00,0.034
391.30,DOWNWIND,148.03,148.53,40.84,-0.04,2.7,6.1,10.3,-735.0,153,0.68,0.010,-0.018,0.00,15,,3216,0,-798,735,0.19,41.0,1.00,0.034
391.40,DOWNWIND,148.03,148.52,40.85,-0.04,2.7,6.2,10.2,-734.7,149,0.68,0.010,-0.018,0.00,16,,3212,0,-794,735,0.19,41.0,1.00,0.035
391.50,DOWNWIND,148.02,148.52,40.85,-0.04,2.7,6.2,10.1,-734.4,145,0.68,0.010,-0.018,0.00,16,,3207,0,-790,734,0.19,41.0,1.00,0.035
391.60,DOWNWIND,148.02,148.51,40.85,-0.03,2.7,6.2,10.0,-734.2,140,0.68,0.010,-0.018,0.00,16,,3203,0,-785,734,0.20,41.0,1.00,0.035
391.70,DOWNWIND,148.01,148.51,40.85,-0.03,2.7,6.2,9.9,-733.9,136,0.68,0.010,-0.018,0.00,17,,3199,0,-781,734,0.20,41.0,1.00,0.035
391.80,DOWNWIND,148.01,148.51,40.86,-0.03,2.7,6.3,9.8,-733.7,132,0.68,0.010,-0.018,0.00,17,,3194,0,-777,734,0.20,41.0,1.00,0.035
391.90,DOWNWIND,148.01,148.51,40.86,-0.03,2.7,6.3,9.7,-733.4,127,0.68,0.010,-0.018,0.00,17,,3190,0,-772,733,0.20,41.0,1.00,0.035
392.00,DOWNWIND,148.01,148.51,40.86,-0.03,2.7,6.3,9.6,-733.2,123,0.68,0.010,-0.018,0.00,17,,3186,0,-768,733,0.20,41.0,1.00,0.035
392.10,DOWNWIND,148.00,148.51,40.86,-0.03,2.7,6.3,9.5,-733.0,118,0.68,0.010,-0.018,0.00,17,,3181,0,-763,733,0.20,41.0,1.00,0.035
392.20,DOWNWIND,148.00,148.51,40.87,-0.03,2.7,6.3,9.4,-732.8,114,0.68,0.010,-0.018,0.00,18,,3177,0,-759,733,0.20,41.0,1.00,0.035
392.30,DOWNWIND,148.00,148.51,40.87,-0.03,2.7,6.3,9.2,-732.6,110,0.68,0.010,-0.018,0.00,18,,3172,0,-755,733,0.20,41.0,1.00,0.035
392.40,DOWNWIND,147.99,148.51,40.87,-0.03,2.7,6.4,9.1,-732.4,105,0.68,0.010,-0.018,0.00,18,,3168,0,-750,732,0.20,41.0,1.00,0.035
392.50,DOWNWIND,147.99,148.51,40.87,-0.03,2.7,6.4,9.0,-732.2,101,0.68,0.010,-0.018,0.00,18,,3164,0,-746,732,0.20,41.0,1.00,0.036
392.60,DOWNWIND,147.99,148.51,40.87,-0.02,2.7,6.4,8.9,-732.1,96,0.68,0.010,-0.018,0.00,18,,3159,0,-741,732,0.20,41.0,1.00,0.036
392.70,DOWNWIND,147.99,148.51,40.88,-0.02,2.7,6.4,8.7,-731.9,92,0.68,0.010,-0.018,0.00,19,,3155,0,-737,732,0.20,41.0,1.00,0.036
392.80,DOWNWIND,147.98,148.51,40.88,-0.02,2.7,6.4,8.6,-731.8,88,0.68,0.010,-0.018,0.00,19,,3151,0,-733,732,0.20,41.0,1.00,0.036
392.90,DOWNWIND,147.98,148.50,40.88,-0.02,2.7,6.4,8.5,-731.7,83,0.68,0.010,-0.018,0.00,19,,3146,0,-728,732,0.20,41.0,1.00,0.036
393.00,DOWNWIND,147.98,148.50,40.88,-0.02,2.7,6.3,8.3,-731.5,79,0.68,0.010,-0.018,0.00,19,,3142,0,-724,732,0.20,41.0,1.00,0.036
393.10,DOWNWIND,147.98,148.50,40.88,-0.02,2.7,6.3,8.2,-731.4,75,0.68,0.010,-0.018,0.00,19,,3137,0,-720,731,0.20,41.0,1.00,0.036
393.20,DOWNWIND,147.98,148.49,40.89,-0.02,2.7,6.3,8.1,-731.3,70,0.68,0.010,-0.018,0.00,19,,3133,0,-715,731,0.20,41.0,1.00,0.036
393.30,DOWNWIND,147.97,148.49,40.89,-0.02,2.7,6.3,7.9,-731.3,66,0.68,0.010,-0.018,0.00,19,,3129,0,-711,731,0.20,41.0,1.00,0.036
393.40,DOWNWIND,147.97,148.49,40.89,-0.02,2.7,6.3,7.8,-731.2,61,0.68,0.010,-0.018,0.00,19,,3124,0,-706,731,0.20,41.0,1.00,0.036
393.50,DOWNWIND,147.97,148.48,40.89,-0.01,2.7,6.3,7.7,-731.1,57,0.68,0.010,-0.017,0.00,19,,3120,0,-702,731,0.20,41.0,1.00,0.036
393.60,DOWNWIND,147.97,148.48,40.89,-0.01,2.7,6.3,7.5,-731.1,53,0.68,0.010,-0.017,0.00,19,,3115,0,-698,731,0.21,41.0,1.00,0.036
393.70,DOWNWIND,147.97,148.48,40.90,-0.01,2.7,6.2,7.4,-731.0,48,0.68,0.010,-0.017,0.00,19,,3111,0,-693,731,0.21,41.0,1.00,0.036
393.80,DOWNWIND,147.97,148.47,40.90,-0.01,2.7,6.2,7.2,-731.0,44,0.68,0.010,-0.017,0.00,19,,3107,0,-689,731,0.21,41.0,1.00,0.036
393.90,DOWNWIND,147.97,148.47,40.90,-0.01,2.7,6.2,7.1,-731.0,39,0.68,0.010,-0.017,0.00,19,,3102,0,-684,731,0.21,41.0,1.00,0.037
394.00,DOWNWIND,147.97,148.47,40.90,-0.01,2.7,6.1,6.9,-731.0,35,0.68,0.010,-0.017,0.00,19,,3098,0,-680,731,0.21,41.0,1.00,0.037
394.10,DOWNWIND,147.97,148.46,40.90,-0.01,2.7,6.1,6.8,-731.0,31,0.68,0.010,-0.017,0.00,19,,3093,0,-676,731,0.21,41.0,1.00,0.037
394.20,DOWNWIND,147.96,148.46,40.90,-0.01,2.7,6.1,6.6,-731.0,26,0.68,0.010,-0.017,0.00,19,,3089,0,-671,731,0.21,41.0,1.00,0.037
394.30,DOWNWIND,147.96,148.46,40.91,-0.00,2.7,6.0,6.5,-731.0,22,0.68,0.010,-0.017,0.00,19,,3085,0,-667,731,0.21,41.0,1.00,0.037
394.40,DOWNWIND,147.96,148.45,40.91,-0.00,2.7,6.0,6.3,-731.0,17,0.68,0.010,-0.017,0.00,19,,3080,0,-662,731,0.21,41.0,1.00,0.037
394.50,DOWNWIND,147.96,148.45,40.91,-0.00,2.7,5.9,6.2,-731.1,13,0.68,0.010,-0.017,0.00,19,,3076,0,-658,731,0.21,41.0,1.00,0.037
394.60,DOWNWIND,147.96,148.45,40.91,-0.00,2.7,5.9,6.0,-731.1,9,0.68,0.010,-0.017,0.00,19,,3071,0,-654,731,0.21,41.0,1.00,0.037
394.70,DOWNWIND,147.96,148.45,40.91,-0.00,2.7,5.9,5.9,-731.2,4,0.68,0.010,-0.017,0.00,19,,3067,0,-649,731,0.21,41.0,1.00,0.037
394.80,DOWNWIND,147.96,148.44,40.91,0.00,2.7,5.8,5.7,-731.3,-0,0.68,0.010,-0.017,0.00,19,,3063,0,-645,731,0.21,41.0,1.00,0.037
394.90,DOWNWIND,147.96,148.44,40.91,0.00,2.7,5.8,5.6,-731.4,-5,0.68,0.010,-0.017,0.00,19,,3058,0,-640,731,0.21,41.0,1.00,0.037
395.00,DOWNWIND,147.96,148.44,40.92,0.00,2.7,5.7,5.4,-731.5,-9,0.68,0.010,-0.017,0.00,19,,3054,0,-636,731,0.21,41.0,1.00,0.037
395.10,DOWNWIND,147.96,148.44,40.92,0.00,2.7,5.6,5.3,-731.6,-13,0.68,0.010,-0.017,0.00,19,,3049,0,-632,732,0.21,41.0,1.00,0.037
395.20,DOWNWIND,147.96,148.44,40.92,0.01,2.7,5.6,5.1,-731.7,-18,0.68,0.010,-0.017,0.00,19,,3045,0,-627,732,0.21,41.0,1.00,0.037
395.30,DOWNWIND,147.96,148.44,40.92,0.01,2.7,5.5,5.0,-731.8,-22,0.68,0.010,-0.017,0.00,19,,3041,0,-623,732,0.21,41.0,1.00,0.037
395.40,DOWNWIND,147.97,148.43,40.92,0.01,2.7,5.5,4.8,-731.9,-27,0.68,0.010,-0.017,0.00,19,,3036,0,-618,732,0.21,41.0,1.00,0.037
395.50,DOWNWIND,147.97,148.43,40.92,0.01,2.7,5.4,4.6,-732.1,-31,0.68,0.010,-0.017,0.00,18,,3032,0,-614,732,0.21,41.0,1.00,0.037
395.60,DOWNWIND,147.97,148.44,40.92,0.01,2.7,5.3,4.5,-732.2,-36,0.68,0.010,-0.017,0.00,18,,3027,0,-609,732,0.21,41.0,1.00,0.037
395.70,DOWNWIND,147.97,148.44,40.92,0.01,2.7,5.3,4.3,-732.4,-40,0.68,0.010,-0.017,0.00,18,,3023,0,-605,732,0.21,41.0,1.00,0.037
395.80,DOWNWIND,147.97,148.44,40.93,0.01,2.7,5.2,4.2,-732.5,-44,0.68,0.010,-0.017,0.00,18,,3019,0,-601,733,0.21,41.0,1.00,0.037
395.90,DOWNWIND,147.97,148.44,40.93,0.01,2.7,5.1,4.0,-732.7,-49,0.68,0.010,-0.017,0.00,18,,3014,0,-596,733,0.21,41.0,1.00,0.038
396.00,DOWNWIND,147.97,148.44,40.93,0.01,2.7,5.0,3.9,-732.9,-53,0.68,0.009,-0.017,0.00,18,,3010,0,-592,733,0.20,41.0,1.00,0.038
396.10,DOWNWIND,147.97,148.44,40.93,0.01,2.7,5.0,3.7,-733.1,-58,0.68,0.009,-0.017,0.00,17,,3005,0,-587,733,0.20,41.0,1.00,0.038
396.20,DOWNWIND,147.97,148.44,40.93,0.02,2.7,4.9,3.5,-733.3,-62,0.68,0.009,-0.017,0.00,17,,3001,0,-583,733,0.20,41.0,1.00,0.038
396.30,DOWNWIND,147.98,148.44,40.93,0.02,2.7,4.8,3.4,-733.5,-66,0.68,0.009,-0.017,0.00,17,,2996,0,-579,734,0.20,41.0,1.00,0.038
396.40,DOWNWIND,147.98,148.45,40.93,0.02,2.7,4.7,3.2,-733.8,-71,0.68,0.009,-0.017,0.00,17,,2992,0,-574,734,0.20,41.0,1.00,0.038
396.50,DOWNWIND,147.98,148.45,40.93,0.02,2.7,4.6,3.1,-734.0,-75,0.68,0.009,-0.017,0.00,16,,2988,0,-570,734,0.20,41.0,1.00,0.038
396.60,DOWNWIND,147.98,148.45,40.93,0.02,2.7,4.6,2.9,-734.2,-80,0.68,0.009,-0.017,0.00,16,,2983,0,-565,734,0.20,41.0,1.00,0.038
396.70,DOWNWIND,147.98,148.45,40.94,0.02,2.7,4.5,2.8,-734.5,-84,0.68,0.009,-0.017,0.00,16,,2979,0,-561,734,0.20,41.0,1.00,0.038
396.80,DOWNWIND,147.98,148.45,40.94,0.02,2.7,4.4,2.6,-734.7,-88,0.68,0.009,-0.017,0.00,16,,2974,0,-557,735,0.20,41.0,1.00,0.038
396.90,DOWNWIND,147.99,148.46,40.94,0.02,2.7,4.3,2.5,-735.0,-93,0.68,0.009,-0.017,0.00,15,,2970,0,-552,735,0.20,41.0,1.00,0.038
397.00,DOWNWIND,147.99,148.46,40.94,0.02,2.7,4.2,2.3,-735.3,-97,0.68,0.009,-0.017,0.00,15,,2966,0,-548,735,0.20,41.0,1.00,0.038
397.10,DOWNWIND,147.99,148.47,40.94,0.02,2.7,4.1,2.2,-735.5,-102,0.68,0.009,-0.017,0.00,15,,2961,0,-543,736,0.20,41.0,1.00,0.038
397.20,DOWNWIND,147.99,148.47,40.94,0.02,2.7,4.0,2.0,-735.8,-106,0.68,0.009,-0.017,0.00,15,,2957,0,-539,736,0.20,41.0,1.00,0.038
397.30,DOWNWIND,148.00,148.48,40.94,0.03,2.7,3.9,1.9,-736.1,-111,0.68,0.009,-0.017,0.00,14,,2952,0,-534,736,0.20,41.0,1.00,0.038
397.40,DOWNWIND,148.00,148.48,40.94,0.03,2.7,3.8,1.7,-736.4,-115,0.68,0.009,-0.017,0.00,14,,2948,0,-530,736,0.20,41.0,1.00,0.038
397.50,DOWNWIND,148.00,148.49,40.94,0.03,2.7,3.7,1.6,-736.7,-119,0.68,0.009,-0.017,0.00,14,,2943,0,-526,737,0.20,41.0,1.00,0.038
397.60,DOWNWIND,148.00,148.50,40.94,0.03,2.7,3.6,1.4,-737.0,-124,0.68,0.009,-0.017,0.00,13,,2939,0,-521,737,0.20,41.0,1.00,0.038
397.70,DOWNWIND,148.01,148.50,40.94,0.03,2.7,3.5,1.3,-737.3,-128,0.68,0.009,-0.017,0.00,13,,2935,0,-517,737,0.20,41.0,1.00,0.038
397.80,DOWNWIND,148.01,148.51,40.94,0.03,2.7,3.4,1.1,-737.7,-133,0.68,0.009,-0.017,0.00,13,,2930,0,-512,738,0.20,41.0,1.00,0.038
397.90,DOWNWIND,148.01,148.52,40.95,0.03,2.7,3.3,1.0,-738.0,-137,0.68,0.009,-0.017,0.00,12,,2926,0,-508,738,0.20,41.0,1.00,0.038
398.00,DOWNWIND,148.02,148.53,40.95,0.03,2.7,3.2,0.9,-738.3,-141,0.68,0.008,-0.017,0.00,12,,2921,0,-504,738,0.20,41.0,1.00,0.038
398.10,DOWNWIND,148.02,148.54,40.95,0.03,2.7,3.1,0.7,-738.7,-146,0.68,0.008,-0.017,0.00,12,,2917,0,-499,739,0.20,41.0,1.00,0.038
398.20,DOWNWIND,148.02,148.54,40.95,0.03,2.7,3.0,0.6,-739.0,-150,0.68,0.008,-0.017,0.00,11,,2913,0,-495,739,0.19,41.0,1.00,0.038
398.30,DOWNWIND,148.02,148.55,40.95,0.03,2.7,2.9,0.4,-739.4,-155,0.68,0.008,-0.017,0.00,11,,2908,0,-490,739,0.19,41.0,1.00,0.038
398.40,DOWNWIND,148.03,148.56,40.95,0.03,2.7,2.8,0.3,-739.7,-159,0.68,0.008,-0.017,0.00,11,,2904,0,-486,740,0.19,41.0,1.00,0.038
398.50,DOWNWIND,148.03,148.57,40.95,0.03,2.7,2.7,0.2,-740.1,-164,0.68,0.008,-0.017,0.00,10,,2899,0,-481,740,0.19,41.0,1.00,0.038
398.60,DOWNWIND,148.03,148.58,40.95,0.03,2.7,2.6,0.1,-740.5,-168,0.68,0.008,-0.017,0.00,10,,2895,0,-477,740,0.19,41.0,1.00,0.038
398.70,DOWNWIND,148.04,148.59,40.95,0.03,2.7,2.5,-0.1,-740.8,-172,0.68,0.008,-0.017,0.00,10,,2890,0,-473,741,0.19,41.0,1.00,0.038
398.80,DOWNWIND,148.04,148.59,40.95,0.03,2.7,2.4,-0.2,-741.2,-177,0.68,0.008,-0.017,0.00,9,,2886,0,-468,741,0.19,41.0,1.00,0.038
398.90,DOWNWIND,148.04,148.60,40.95,0.03,2.7,2.3,-0.3,-741.6,-181,0.68,0.008,-0.017,0.00,9,,2882,0,-464,742,0.19,41.0,1.00,0.038
399.00,DOWNWIND,148.05,148.60,40.95,0.03,2.7,2.2,-0.5,-742.0,-186,0.68,0.008,-0.017,0.00,8,,2877,0,-459,742,0.19,41.0,1.00,0.038
399.10,DOWNWIND,148.05,148.61,40.95,0.03,2.7,2.0,-0.6,-742.4,-190,0.68,0.008,-0.017,0.00,8,,2873,0,-455,742,0.19,41.0,1.00,0.038
399.20,DOWNWIND,148.05,148.61,40.95,0.03,2.7,1.9,-0.7,-742.8,-194,0.68,0.008,-0.017,0.00,8,,2868,0,-451,743,0.19,41.0,1.00,0.038
399.30,DOWNWIND,148.06,148.61,40.96,0.03,2.7,1.8,-0.8,-743.2,-199,0.68,0.008,-0.017,0.00,7,,2864,0,-446,743,0.19,41.0,1.00,0.038
399.40,DOWNWIND,148.06,148.62,40.96,0.03,2.7,1.7,-0.9,-743.6,-203,0.68,0.008,-0.017,0.00,7,,2860,0,-442,744,0.19,41.0,1.00,0.038
399.50,DOWNWIND,148.06,148.62,40.96,0.03,2.7,1.6,-1.0,-744.0,-208,0.68,0.008,-0.017,0.00,6,,2855,0,-437,744,0.19,41.0,1.00,0.038
399.60,DOWNWIND,148.07,148.63,40.96,0.03,2.7,1.5,-1.2,-744.4,-212,0.68,0.008,-0.017,0.00,6,,2851,0,-433,744,0.19,41.0,1.00,0.038
399.70,DOWNWIND,148.07,148.63,40.96,0.03,2.7,1.4,-1.3,-744.8,-217,0.68,0.008,-0.017,0.00,6,,2846,0,-428,745,0.19,41.0,1.00,0.038
399.80,DOWNWIND,148.07,148.64,40.96,0.03,2.7,1.2,-1.4,-745.2,-221,0.68,0.008,-0.017,0.00,5,,2842,0,-424,745,0.18,41.0,1.00,0.038
399.90,DOWNWIND,148.08,148.65,40.96,0.03,2.7,1.1,-1.5,-745.6,-225,0.68,0.008,-0.017,0.00,5,,2837,0,-420,746,0.18,41.0,1.00,0.038
400.00,DOWNWIND,148.08,148.66,40.96,0.03,2.7,1.0,-1.6,-746.0,-230,0.68,0.008,-0.017,0.00,4,,2833,0,-415,746,0.18,41.0,1.00,0.038
400.10,DOWNWIND,148.08,148.67,40.96,0.03,2.7,0.9,-1.7,-746.4,-234,0.68,0.008,-0.017,0.00,4,,2829,0,-411,746,0.18,41.0,1.00,0.038
400.20,DOWNWIND,148.09,148.69,40.96,0.03,2.7,0.8,-1.8,-746.9,-239,0.68,0.008,-0.017,0.00,4,,2824,0,-406,747,0.18,41.0,1.00,0.039
400.30,DOWNWIND,148.09,148.70,40.96,0.03,2.7,0.7,-1.9,-747.3,-243,0.68,0.008,-0.017,0.00,3,,2820,0,-402,747,0.18,41.0,1.00,0.039
400.40,DOWNWIND,148.09,148.72,40.96,0.03,2.7,0.6,-2.0,-747.7,-247,0.68,0.008,-0.018,0.00,3,,2815,0,-398,748,0.18,41.0,1.00,0.039
400.50,DOWNWIND,148.10,148.74,40.96,0.03,2.7,0.4,-2.1,-748.1,-252,0.68,0.008,-0.018,0.00,2,,2811,0,-393,748,0.18,41.0,1.00,0.039
400.60,DOWNWIND,148.10,148.76,40.96,0.03,2.7,0.3,-2.1,-748.6,-256,0.68,0.008,-0.018,0.00,2,,2807,0,-389,749,0.18,41.0,1.00,0.039
400.70,DOWNWIND,148.10,148.77,40.97,0.03,2.7,0.2,-2.2,-749.0,-261,0.68,0.008,-0.018,0.00,1,,2802,0,-384,749,0.18,41.0,1.00,0.039
400.80,DOWNWIND,148.11,148.79,40.97,0.03,2.7,0.1,-2.3,-749.4,-265,0.68,0.008,-0.018,0.00,1,,2798,0,-380,749,0.18,41.0,1.00,0.039
400.90,DOWNWIND,148.11,148.81,40.97,0.03,2.7,-0.0,-2.4,-749.8,-270,0.68,0.007,-0.018,0.00,1,,2793,0,-375,750,0.18,41.0,1.00,0.039
401.00,DOWNWIND,148.11,148.83,40.97,0.03,2.7,-0.1,-2.5,-750.3,-274,0.68,0.007,-0.018,0.00,0,,2789,0,-371,750,0.18,41.0,1.00,0.039
401.10,DOWNWIND,148.11,148.84,40.97,0.03,2.7,-0.2,-2.5,-750.7,-278,0.68,0.007,-0.018,0.00,0,,2785,0,-367,751,0.18,41.0,1.00,0.039
401.20,DOWNWIND,148.12,148.86,40.97,0.03,2.7,-0.4,-2.6,-751.1,-283,0.68,0.007,-0.018,0.00,1,,2780,0,-362,751,0.18,41.0,1.00,0.039
401.30,DOWNWIND,148.12,148.88,40.97,0.03,2.7,-0.5,-2.7,-751.6,-287,0.68,0.007,-0.018,0.00,1,,2776,0,-358,752,0.18,41.0,1.00,0.039
401.40,DOWNWIND,148.12,148.89,40.97,0.03,2.7,-0.6,-2.8,-752.0,-292,0.68,0.007,-0.018,0.00,2,,2771,0,-353,752,0.17,41.0,1.00,0.039
401.50,DOWNWIND,148.13,148.91,40.97,0.03,2.7,-0.7,-2.8,-752.4,-296,0.68,0.007,-0.018,0.00,2,,2767,0,-349,752,0.17,41.0,1.00,0.039
401.60,DOWNWIND,148.13,148.92,40.97,0.03,2.7,-0.8,-2.9,-752.8,-300,0.68,0.007,-0.018,0.00,2,,2762,0,-345,753,0.17,41.0,1.00,0.039
401.70,DOWNWIND,148.13,148.94,40.97,0.03,2.7,-0.9,-2.9,-753.3,-305,0.68,0.007,-0.018,0.00,3,,2758,0,-340,753,0.17,41.0,1.00,0.039
401.80,DOWNWIND,148.13,148.95,40.97,0.03,2.7,-1.0,-3.0,-753.7,-309,0.68,0.007,-0.018,0.00,3,,2754,0,-336,754,0.17,41.0,1.00,0.039
401.90,DOWNWIND,148.14,148.97,40.97,0.03,2.7,-1.1,-3.1,-754.1,-314,0.68,0.007,-0.018,0.00,4,,2749,0,-331,754,0.17,41.0,1.00,0.039
402.00,DOWNWIND,148.14,148.98,40.97,0.03,2.7,-1.2,-3.1,-754.5,-318,0.68,0.007,-0.018,0.00,4,,2745,0,-327,755,0.17,41.0,1.00,0.039
402.10,DOWNWIND,148.14,148.99,40.98,0.03,2.7,-1.3,-3.2,-755.0,-323,0.68,0.007,-0.018,0.00,4,,2740,0,-322,755,0.17,41.0,1.00,0.039
402.20,DOWNWIND,148.14,149.01,40.98,0.03,2.7,-1.4,-3.2,-755.4,-327,0.68,0.007,-0.018,0.00,5,,2736,0,-318,755,0.17,41.0,1.00,0.039
402.30,DOWNWIND,148.15,149.02,40.98,0.03,2.8,-1.6,-3.2,-755.8,-331,0.68,0.007,-0.018,0.00,5,,2732,0,-314,756,0.17,41.0,1.00,0.040
402.40,DOWNWIND,148.15,149.03,40.98,0.03,2.8,-1.7,-3.3,-756.2,-336,0.68,0.007,-0.018,0.00,6,,2727,0,-309,756,0.17,41.0,1.00,0.040
402.50,DOWNWIND,148.15,149.04,40.98,0.03,2.8,-1.8,-3.3,-756.6,-340,0.68,0.007,-0.018,0.00,6,,2723,0,-305,757,0.17,41.0,1.00,0.040
402.60,DOWNWIND,148.15,149.05,40.98,0.03,2.8,-1.9,-3.4,-757.0,-345,0.68,0.007,-0.018,0.00,7,,2718,0,-300,757,0.17,41.0,1.00,0.040
402.70,DOWNWIND,148.16,149.06,40.98,0.03,2.8,-2.0,-3.4,-757.4,-349,0.68,0.007,-0.018,0.00,7,,2714,0,-296,757,0.17,41.0,1.00,0.040
402.80,DOWNWIND,148.16,149.07,40.98,0.03,2.8,-2.1,-3.4,-757.8,-353,0.68,0.007,-0.018,0.00,7,,2709,0,-292,758,0.17,41.0,1.00,0.040
402.90,DOWNWIND,148.16,149.08,40.98,0.03,2.8,-2.2,-3.4,-758.2,-358,0.68,0.007,-0.018,0.00,8,,2705,0,-287,758,0.17,41.0,1.00,0.040
403.00,DOWNWIND,148.16,149.09,40.98,0.03,2.8,-2.3,-3.5,-758.6,-362,0.68,0.007,-0.018,0.00,8,,2701,0,-283,759,0.17,41.0,1.00,0.040
403.10,DOWNWIND,148.17,149.10,40.98,0.03,2.8,-2.4,-3.5,-759.0,-367,0.68,0.007,-0.018,0.00,9,,2696,0,-278,759,0.17,41.0,1.00,0.040
403.20,DOWNWIND,148.17,149.10,40.98,0.03,2.8,-2.4,-3.5,-759.4,-371,0.68,0.007,-0.018,0.00,9,,2692,0,-274,759,0.17,41.0,1.00,0.040
403.30,DOWNWIND,148.17,149.11,40.98,0.03,2.8,-2.5,-3.5,-759.8,-376,0.68,0.007,-0.018,0.00,9,,2687,0,-269,760,0.16,41.0,1.00,0.040
403.40,DOWNWIND,148.17,149.12,40.98,0.03,2.8,-2.6,-3.5,-760.2,-380,0.68,0.007,-0.018,0.00,10,,2683,0,-265,760,0.16,41.0,1.00,0.040
403.50,DOWNWIND,148.18,149.13,40.98,0.03,2.8,-2.7,-3.5,-760.6,-384,0.68,0.007,-0.018,0.00,10,,2678,0,-261,761,0.16,41.0,1.00,0.040
403.60,DOWNWIND,148.18,149.13,40.98,0.03,2.8,-2.8,-3.5,-760.9,-389,0.68,0.007,-0.019,0.00,10,,2674,0,-256,761,0.16,41.0,1.00,0.040
403.70,DOWNWIND,148.18,149.14,40.99,0.02,2.8,-2.9,-3.5,-761.3,-393,0.68,0.007,-0.019,0.00,11,,2670,0,-252,761,0.16,41.0,1.00,0.040
403.80,DOWNWIND,148.18,149.15,40.99,0.02,2.8,-3.0,-3.5,-761.7,-398,0.68,0.007,-0.019,0.00,11,,2665,0,-247,762,0.16,41.0,1.00,0.040
403.90,DOWNWIND,148.19,149.15,40.99,0.02,2.8,-3.1,-3.5,-762.0,-402,0.68,0.007,-0.019,0.00,12,,2661,0,-243,762,0.16,41.0,1.00,0.040
404.00,DOWNWIND,148.19,149.16,40.99,0.02,2.8,-3.2,-3.5,-762.4,-406,0.68,0.007,-0.019,0.00,12,,2656,0,-239,762,0.16,41.0,1.00,0.040
404.10,DOWNWIND,148.19,149.17,40.99,0.02,2.8,-3.2,-3.5,-762.7,-411,0.68,0.007,-0.019,0.00,12,,2652,0,-234,763,0.16,41.0,1.00,0.040
404.20,DOWNWIND,148.19,149.17,40.99,0.02,2.8,-3.3,-3.5,-763.1,-415,0.68,0.007,-0.019,0.00,13,,2648,0,-230,763,0.16,41.0,1.00,0.040
404.30,DOWNWIND,148.20,149.18,40.99,0.02,2.8,-3.4,-3.5,-763.4,-420,0.68,0.007,-0.019,0.00,13,,2643,0,-225,763,0.16,41.0,1.00,0.040
404.40,DOWNWIND,148.20,149.19,40.99,0.02,2.8,-3.5,-3.5,-763.7,-424,0.68,0.006,-0.019,0.00,13,,2639,0,-221,764,0.16,41.0,1.00,0.040
404.50,DOWNWIND,148.20,149.19,40.99,0.02,2.8,-3.6,-3.4,-764.1,-429,0.68,0.006,-0.019,0.00,14,,2634,0,-216,764,0.16,41.0,1.00,0.041
404.60,DOWNWIND,148.20,149.20,40.99,0.02,2.8,-3.6,-3.4,-764.4,-433,0.68,0.006,-0.019,0.00,14,,2630,0,-212,764,0.16,41.0,1.00,0.041
404.70,DOWNWIND,148.21,149.21,40.99,0.02,2.8,-3.7,-3.4,-764.7,-437,0.68,0.006,-0.019,0.00,14,,2625,0,-208,765,0.16,41.0,1.00,0.041
404.80,DOWNWIND,148.21,149.21,40.99,0.02,2.8,-3.8,-3.4,-765.0,-442,0.68,0.006,-0.019,0.00,15,,2621,0,-203,765,0.16,41.0,1.00,0.041
404.90,DOWNWIND,148.21,149.22,40.99,0.02,2.8,-3.8,-3.3,-765.3,-446,0.68,0.006,-0.019,0.00,15,,2617,0,-199,765,0.16,41.0,1.00,0.041
405.00,DOWNWIND,148.21,149.22,40.99,0.02,2.8,-3.9,-3.3,-765.6,-451,0.68,0.006,-0.019,0.00,15,,2612,0,-194,766,0.16,41.0,1.00,0.041
405.10,DOWNWIND,148.21,149.22,40.99,0.02,2.8,-4.0,-3.3,-765.9,-455,0.68,0.006,-0.019,0.00,15,,2608,0,-190,766,0.16,41.0,1.00,0.041
405.20,DOWNWIND,148.22,149.23,40.99,0.02,2.8,-4.0,-3.2,-766.2,-459,0.68,0.006,-0.019,0.00,16,,2603,0,-186,766,0.16,41.0,1.00,0.041
405.30,DOWNWIND,148.22,149.23,40.99,0.02,2.8,-4.1,-3.2,-766.5,-464,0.68,0.006,-0.019,0.00,16,,2599,0,-181,766,0.16,41.0,1.00,0.041
405.40,DOWNWIND,148.22,149.23,40.99,0.02,2.8,-4.2,-3.1,-766.8,-468,0.68,0.006,-0.019,0.00,16,,2595,0,-177,767,0.16,41.0,1.00,0.041
405.50,DOWNWIND,148.22,149.23,41.00,0.02,2.8,-4.2,-3.1,-767.0,-473,0.68,0.006,-0.019,0.00,17,,2590,0,-172,767,0.15,41.0,1.00,0.041
405.60,DOWNWIND,148.23,149.23,41.00,0.02,2.8,-4.3,-3.0,-767.3,-477,0.68,0.006,-0.019,0.00,17,,2586,0,-168,767,0.15,41.0,1.00,0.041
405.70,DOWNWIND,148.23,149.23,41.00,0.02,2.8,-4.3,-3.0,-767.5,-482,0.68,0.006,-0.019,0.00,17,,2581,0,-163,768,0.15,41.0,1.00,0.041
405.80,DOWNWIND,148.23,149.23,41.00,0.02,2.8,-4.4,-2.9,-767.8,-486,0.68,0.006,-0.019,0.00,17,,2577,0,-159,768,0.15,41.0,1.00,0.041
405.90,DOWNWIND,148.23,149.23,41.00,0.02,2.8,-4.4,-2.9,-768.0,-490,0.68,0.006,-0.019,0.00,18,,2572,0,-155,768,0.15,41.0,1.00,0.041
406.00,DOWNWIND,148.23,149.23,41.00,0.02,2.8,-4.5,-2.8,-768.3,-495,0.68,0.006,-0.019,0.00,18,,2568,0,-150,768,0.15,41.0,1.00,0.041
406.10,DOWNWIND,148.24,149.24,41.00,0.02,2.8,-4.5,-2.8,-768.5,-499,0.68,0.006,-0.019,0.00,18,,2564,0,-146,768,0.15,41.0,1.00,0.041
406.20,DOWNWIND,148.24,149.24,41.00,0.02,2.8,-4.6,-2.7,-768.7,-504,0.68,0.006,-0.019,0.00,18,,2559,0,-141,769,0.15,41.0,1.00,0.041
406.30,DOWNWIND,148.24,149.25,41.00,0.02,2.8,-4.6,-2.6,-768.9,-508,0.68,0.006,-0.020,0.00,18,,2555,0,-137,769,0.15,41.0,1.00,0.041
406.40,DOWNWIND,148.24,149.25,41.00,0.02,2.8,-4.7,-2.6,-769.1,-513,0.68,0.006,-0.020,0.00,19,,2550,0,-132,769,0.15,41.0,1.00,0.042
406.50,DOWNWIND,148.24,149.26,41.00,0.02,2.8,-4.7,-2.5,-769.3,-517,0.68,0.006,-0.020,0.00,19,,2546,0,-128,769,0.15,41.0,1.00,0.042
406.60,DOWNWIND,148.24,149.26,41.00,0.02,2.8,-4.7,-2.4,-769.5,-521,0.68,0.006,-0.020,0.00,19,,2541,0,-124,769,0.15,41.0,1.00,0.042
406.70,DOWNWIND,148.25,149.27,41.00,0.02,2.8,-4.8,-2.3,-769.7,-526,0.68,0.006,-0.020,0.00,19,,2537,0,-119,770,0.15,41.0,1.00,0.042
406.80,DOWNWIND,148.25,149.28,41.00,0.02,2.8,-4.8,-2.3,-769.8,-530,0.68,0.006,-0.020,0.00,19,,2533,0,-115,770,0.15,41.0,1.00,0.042
406.90,DOWNWIND,148.25,149.28,41.00,0.02,2.8,-4.8,-2.2,-770.0,-535,0.68,0.006,-0.020,0.00,20,,2528,0,-110,770,0.15,41.0,1.00,0.042
407.00,DOWNWIND,148.25,149.29,41.00,0.02,2.8,-4.8,-2.1,-770.2,-539,0.68,0.006,-0.020,0.00,20,,2524,0,-106,770,0.15,41.0,1.00,0.042
407.10,DOWNWIND,148.25,149.29,41.00,0.02,2.8,-4.9,-2.0,-770.3,-543,0.68,0.006,-0.020,0.00,20,,2519,0,-102,770,0.15,41.0,1.00,0.042
407.20,DOWNWIND,148.26,149.30,41.00,0.02,2.8,-4.9,-1.9,-770.5,-548,0.68,0.006,-0.020,0.00,20,,2515,0,-97,770,0.15,41.0,1.00,0.042
407.30,DOWNWIND,148.26,149.30,41.00,0.02,2.8,-4.9,-1.8,-770.6,-552,0.68,0.006,-0.020,0.00,20,,2511,0,-93,771,0.15,41.0,1.00,0.042
407.40,DOWNWIND,148.26,149.31,41.00,0.02,2.8,-4.9,-1.7,-770.7,-557,0.68,0.006,-0.020,0.00,20,,2506,0,-88,771,0.15,41.0,1.00,0.042
407.50,DOWNWIND,148.26,149.31,41.01,0.02,2.8,-5.0,-1.6,-770.8,-561,0.68,0.006,-0.020,0.00,20,,2502,0,-84,771,0.15,41.0,1.00,0.042
407.60,DOWNWIND,148.26,149.31,41.01,0.02,2.8,-5.0,-1.6,-770.9,-566,0.68,0.006,-0.020,0.00,20,,2497,0,-79,771,0.15,41.0,1.00,0.042
407.70,DOWNWIND,148.26,149.31,41.01,0.02,2.8,-5.0,-1.5,-771.0,-570,0.68,0.006,-0.020,0.00,21,,2493,0,-75,771,0.15,41.0,1.00,0.042
407.80,DOWNWIND,148.27,149.31,41.01,0.02,2.8,-5.0,-1.4,-771.1,-574,0.68,0.006,-0.020,0.00,21,,2488,0,-71,771,0.15,41.0,1.00,0.042
407.90,DOWNWIND,148.27,149.30,41.01,0.02,2.8,-5.0,-1.3,-771.2,-579,0.68,0.006,-0.020,0.00,21,,2484,0,-66,771,0.15,41.0,1.00,0.042
408.00,DOWNWIND,148.27,149.30,41.01,0.02,2.8,-5.0,-1.2,-771.3,-583,0.68,0.006,-0.020,0.00,21,,2480,0,-62,771,0.15,41.0,1.00,0.042
408.10,DOWNWIND,148.27,149.30,41.01,0.02,2.8,-5.0,-1.1,-771.4,-588,0.68,0.006,-0.020,0.00,21,,2475,0,-57,771,0.14,41.0,1.00,0.042
408.20,DOWNWIND,148.27,149.30,41.01,0.02,2.8,-5.0,-1.0,-771.4,-592,0.68,0.006,-0.020,0.00,21,,2471,0,-53,771,0.14,41.0,1.00,0.042
408.30,DOWNWIND,148.28,149.30,41.01,0.02,2.8,-5.0,-0.8,-771.5,-596,0.68,0.006,-0.020,0.00,21,,2466,0,-49,771,0.14,41.0,1.00,0.042
408.40,DOWNWIND,148.28,149.29,41.01,0.02,2.8,-5.0,-0.7,-771.5,-601,0.68,0.006,-0.020,0.00,21,,2462,0,-44,772,0.14,41.0,1.00,0.043
408.50,DOWNWIND,148.28,149.29,41.01,0.02,2.8,-5.0,-0.6,-771.5,-605,0.68,0.006,-0.020,0.00,21,,2458,0,-40,772,0.14,41.0,1.00,0.043
408.60,DOWNWIND,148.28,149.29,41.01,0.02,2.8,-5.0,-0.5,-771.6,-610,0.68,0.006,-0.020,0.00,21,,2453,0,-35,772,0.14,41.0,1.00,0.043
408.70,DOWNWIND,148.28,149.29,41.01,0.02,2.8,-5.0,-0.4,-771.6,-614,0.68,0.006,-0.020,0.00,21,,2449,0,-31,772,0.14,41.0,1.00,0.043
408.80,DOWNWIND,148.29,149.29,41.01,0.02,2.8,-5.0,-0.3,-771.6,-619,0.68,0.006,-0.020,0.00,21,,2444,0,-26,772,0.14,41.0,1.00,0.043
408.90,DOWNWIND,148.29,149.29,41.01,0.02,2.8,-5.0,-0.2,-771.6,-623,0.68,0.006,-0.020,0.00,21,,2440,0,-22,772,0.14,41.0,1.00,0.043
409.00,DOWNWIND,148.29,149.29,41.01,0.02,2.8,-5.0,-0.1,-771.6,-627,0.68,0.006,-0.020,0.00,21,,2435,0,-18,772,0.14,41.0,1.00,0.043
409.10,DOWNWIND,148.29,149.29,41.01,0.02,2.8,-5.0,0.0,-771.6,-632,0.68,0.006,-0.020,0.00,21,,2431,0,-13,772,0.14,41.0,1.00,0.043
409.20,DOWNWIND,148.29,149.30,41.01,0.02,2.8,-4.9,0.2,-771.6,-636,0.68,0.006,-0.020,0.00,21,,2427,0,-9,772,0.14,41.0,1.00,0.043
409.30,DOWNWIND,148.29,149.30,41.01,0.02,2.8,-4.9,0.3,-771.5,-641,0.68,0.007,-0.020,0.00,21,,2422,0,-4,772,0.14,41.0,1.00,0.043
409.40,DOWNWIND,148.30,149.31,41.01,0.02,2.8,-4.9,0.4,-771.5,-645,0.68,0.007,-0.020,0.00,21,,2418,0,0,771,0.14,41.0,1.00,0.043
409.50,DOWNWIND,148.30,149.32,41.01,0.02,2.8,-4.9,0.5,-771.4,-649,0.68,0.007,-0.020,0.00,21,,2413,0,4,771,0.14,41.0,1.00,0.043
409.60,DOWNWIND,148.30,149.32,41.01,0.02,2.8,-4.9,0.6,-771.4,-654,0.68,0.007,-0.020,0.00,21,,2409,0,9,771,0.14,41.0,1.00,0.043
409.70,DOWNWIND,148.30,149.37,41.01,0.02,2.8,-4.8,0.8,-771.3,-658,0.68,0.007,-0.020,0.00,21,,2405,0,13,771,0.14,41.0,1.00,0.043
409.80,DOWNWIND,148.31,150.48,41.01,0.02,2.8,-4.8,0.9,-771.2,-663,0.68,0.006,-0.020,0.00,21,,2400,0,18,771,0.14,41.0,1.00,0.043
409.90,DOWNWIND,148.31,151.73,41.01,0.02,2.8,-4.8,1.0,-771.2,-667,0.68,0.006,-0.020,0.00,21,,2396,0,22,771,0.14,41.0,1.00,0.043
410.00,DOWNWIND,148.31,151.37,41.01,0.02,2.8,-4.7,1.1,-771.1,-671,0.68,0.007,-0.020,0.00,21,,2391,0,26,771,0.14,41.0,1.00,0.043
410.10,DOWNWIND,148.31,149.96,41.01,0.02,2.8,-4.7,1.3,-771.0,-676,0.68,0.007,-0.020,0.00,21,,2387,0,31,771,0.14,41.0,1.00,0.043
410.20,DOWNWIND,148.31,149.36,41.02,0.02,2.8,-4.7,1.4,-770.9,-680,0.68,0.007,-0.020,0.00,20,,2383,0,35,771,0.14,41.0,1.00,0.043
410.30,DOWNWIND,148.32,149.36,41.02,0.02,2.8,-4.6,1.5,-770.8,-685,0.68,0.007,-0.021,0.00,20,,2378,0,40,771,0.14,41.0,1.00,0.043
410.40,DOWNWIND,148.32,149.37,41.02,0.02,2.8,-4.6,1.6,-770.7,-689,0.68,0.007,-0.021,0.00,20,,2374,0,44,771,0.14,41.0,1.00,0.043
410.50,DOWNWIND,148.32,149.37,41.02,0.02,2.8,-4.5,1.8,-770.5,-693,0.68,0.007,-0.021,0.00,20,,2369,0,48,771,0.14,41.0,1.00,0.043
410.60,DOWNWIND,148.32,149.36,41.02,0.02,2.8,-4.5,1.9,-770.4,-698,0.68,0.007,-0.021,0.00,20,,2365,0,53,770,0.13,41.0,1.00,0.043
410.70,DOWNWIND,148.32,149.36,41.02,0.02,2.8,-4.5,2.0,-770.3,-702,0.68,0.007,-0.021,0.00,20,,2361,0,57,770,0.13,41.0,1.00,0.043
410.80,DOWNWIND,148.33,149.36,41.02,0.02,2.8,-4.4,2.1,-770.1,-707,0.68,0.007,-0.021,0.00,20,,2356,0,62,770,0.13,41.0,1.00,0.043
410.90,DOWNWIND,148.33,149.36,41.02,0.02,2.8,-4.4,2.3,-770.0,-711,0.68,0.007,-0.021,0.00,20,,2352,0,66,770,0.13,41.0,1.00,0.043
411.00,DOWNWIND,148.33,149.36,41.02,0.02,2.8,-4.3,2.4,-769.8,-715,0.68,0.007,-0.021,0.00,19,,2347,0,70,770,0.13,41.0,1.00,0.044
411.10,DOWNWIND,148.33,149.35,41.02,0.02,2.8,-4.3,2.5,-769.6,-720,0.68,0.007,-0.021,0.00,19,,2343,0,75,770,0.13,41.0,1.00,0.044
411.20,DOWNWIND,148.34,149.35,41.02,0.02,2.8,-4.2,2.6,-769.5,-724,0.68,0.007,-0.021,0.00,19,,2339,0,79,769,0.13,41.0,1.00,0.044
411.30,DOWNWIND,148.34,149.35,41.02,0.02,2.8,-4.2,2.8,-769.3,-729,0.68,0.007,-0.021,0.00,19,,2334,0,84,769,0.13,41.0,1.00,0.044
411.40,DOWNWIND,148.34,149.35,41.02,0.02,2.8,-4.1,2.9,-769.1,-733,0.68,0.007,-0.021,0.00,19,,2330,0,88,769,0.13,41.0,1.00,0.044
411.50,DOWNWIND,148.34,149.35,41.02,0.02,2.8,-4.0,3.0,-768.9,-737,0.68,0.007,-0.021,0.00,18,,2325,0,92,769,0.13,41.0,1.00,0.044
411.60,DOWNWIND,148.35,149.35,41.02,0.02,2.8,-4.0,3.1,-768.7,-742,0.68,0.007,-0.021,0.00,18,,2321,0,97,769,0.13,41.0,1.00,0.044
411.70,DOWNWIND,148.35,149.34,41.02,0.03,2.8,-3.9,3.3,-768.5,-746,0.68,0.007,-0.021,0.00,18,,2317,0,101,768,0.13,41.0,1.00,0.044
411.80,DOWNWIND,148.35,149.34,41.02,0.03,2.8,-3.9,3.4,-768.3,-751,0.68,0.007,-0.021,0.00,18,,2312,0,106,768,0.13,41.0,1.00,0.044
411.90,DOWNWIND,148.35,149.34,41.02,0.03,2.8,-3.8,3.5,-768.1,-755,0.68,0.007,-0.021,0.00,18,,2308,0,110,768,0.13,41.0,1.00,0.044
412.00,DOWNWIND,148.36,149.34,41.02,0.03,2.8,-3.7,3.6,-767.8,-759,0.68,0.007,-0.021,0.00,17,,2303,0,114,768,0.13,41.0,1.00,0.044
412.10,DOWNWIND,148.36,149.34,41.02,0.03,2.8,-3.7,3.8,-767.6,-764,0.68,0.007,-0.021,0.00,17,,2299,0,119,768,0.13,41.0,1.00,0.044
412.20,DOWNWIND,148.36,149.33,41.02,0.03,2.8,-3.6,3.9,-767.4,-768,0.68,0.007,-0.021,0.00,17,,2295,0,123,767,0.13,41.0,1.00,0.044
412.30,DOWNWIND,148.36,149.33,41.02,0.03,2.8,-3.5,4.0,-767.1,-773,0.68,0.007,-0.021,0.00,17,,2290,0,128,767,0.13,41.0,1.00,0.044
412.40,DOWNWIND,148.37,149.32,41.02,0.03,2.8,-3.5,4.1,-766.9,-777,0.68,0.007,-0.021,0.00,16,,2286,0,132,767,0.13,41.0,1.00,0.044
412.50,DOWNWIND,148.37,149.32,41.02,0.03,2.8,-3.4,4.3,-766.6,-781,0.68,0.007,-0.021,0.00,16,,2281,0,136,767,0.13,41.0,1.00,0.044
412.60,DOWNWIND,148.37,149.31,41.02,0.03,2.8,-3.3,4.4,-766.4,-786,0.68,0.007,-0.021,0.00,16,,2277,0,141,766,0.12,41.0,1.00,0.044
412.70,DOWNWIND,148.37,149.30,41.02,0.03,2.8,-3.2,4.5,-766.1,-790,0.68,0.007,-0.021,0.00,16,,2273,0,145,766,0.12,41.0,1.00,0.044
412.80,DOWNWIND,148.38,149.29,41.02,0.03,2.8,-3.2,4.6,-765.8,-795,0.68,0.007,-0.021,0.00,15,,2268,0,150,766,0.12,41.0,1.00,0.044
412.90,DOWNWIND,148.38,149.28,41.02,0.03,2.8,-3.1,4.7,-765.5,-799,0.68,0.007,-0.021,0.00,15,,2264,0,154,766,0.12,41.0,1.00,0.044
413.00,DOWNWIND,148.38,149.28,41.02,0.03,2.8,-3.0,4.9,-765.3,-803,0.68,0.007,-0.021,0.00,15,,2260,0,158,765,0.12,41.0,1.00,0.044
413.10,DOWNWIND,148.38,149.27,41.02,0.03,2.8,-2.9,5.0,-765.0,-808,0.68,0.007,-0.021,0.00,15,,2255,0,163,765,0.12,41.0,1.00,0.044
413.20,DOWNWIND,148.39,149.27,41.02,0.03,2.8,-2.9,5.1,-764.7,-812,0.68,0.007,-0.021,0.00,14,,2251,0,167,765,0.12,41.0,1.00,0.044
413.30,DOWNWIND,148.39,149.26,41.02,0.03,2.8,-2.8,5.2,-764.4,-816,0.68,0.007,-0.021,0.00,14,,2246,0,171,764,0.12,41.0,1.00,0.044
413.40,DOWNWIND,148.39,149.26,41.02,0.03,2.8,-2.7,5.3,-764.1,-821,0.68,0.007,-0.021,0.00,14,,2242,0,176,764,0.12,41.0,1.00,0.044
413.50,DOWNWIND,148.39,149.26,41.02,0.03,2.8,-2.6,5.4,-763.8,-825,0.68,0.007,-0.021,0.00,13,,2238,0,180,764,0.12,41.0,1.00,0.044
413.60,DOWNWIND,148.40,149.26,41.02,0.03,2.8,-2.5,5.6,-763.5,-830,0.68,0.007,-0.020,0.00,13,,2233,0,185,763,0.12,41.0,1.00,0.044
413.70,DOWNWIND,148.40,149.26,41.02,0.03,2.8,-2.5,5.7,-763.2,-834,0.68,0.007,-0.020,0.00,13,,2229,0,189,763,0.12,41.0,1.00,0.044
413.80,DOWNWIND,148.40,149.26,41.02,0.03,2.8,-2.4,5.8,-762.8,-838,0.68,0.007,-0.020,0.00,12,,2225,0,193,763,0.12,41.0,1.00,0.044
413.90,DOWNWIND,148.41,149.27,41.02,0.03,2.7,-2.3,5.9,-762.5,-843,0.68,0.007,-0.020,0.00,12,,2220,0,198,763,0.12,41.0,1.00,0.044
414.00,DOWNWIND,148.41,149.27,41.02,0.03,2.7,-2.2,6.0,-762.2,-847,0.68,0.007,-0.020,0.00,12,,2216,0,202,762,0.12,41.0,1.00,0.044
414.10,DOWNWIND,148.41,149.28,41.02,0.03,2.7,-2.1,6.1,-761.9,-851,0.68,0.007,-0.020,0.00,11,,2211,0,206,762,0.12,41.0,1.00,0.044
414.20,DOWNWIND,148.41,149.28,41.02,0.03,2.7,-2.0,6.2,-761.5,-856,0.68,0.007,-0.020,0.00,11,,2207,0,211,762,0.12,41.0,1.00,0.044
414.30,DOWNWIND,148.42,149.29,41.02,0.03,2.7,-1.9,6.3,-761.2,-860,0.68,0.007,-0.020,0.00,11,,2203,0,215,761,0.12,41.0,1.00,0.044
414.40,DOWNWIND,148.42,149.30,41.02,0.02,2.7,-1.9,6.4,-760.9,-865,0.68,0.007,-0.020,0.00,10,,2198,0,220,761,0.12,41.0,1.00,0.044
414.50,DOWNWIND,148.42,149.30,41.02,0.02,2.7,-1.8,6.5,-760.5,-869,0.68,0.007,-0.020,0.00,10,,2194,0,224,761,0.12,41.0,1.00,0.044
414.60,DOWNWIND,148.42,149.31,41.02,0.02,2.7,-1.7,6.6,-760.2,-873,0.68,0.007,-0.020,0.00,10,,2190,0,228,760,0.11,41.0,1.00,0.044
414.70,DOWNWIND,148.43,149.31,41.02,0.02,2.7,-1.6,6.7,-759.8,-878,0.68,0.007,-0.020,0.00,9,,2185,0,233,760,0.11,41.0,1.00,0.044
414.80,DOWNWIND,148.43,149.31,41.02,0.02,2.7,-1.5,6.8,-759.5,-882,0.68,0.007,-0.020,0.00,9,,2181,0,237,759,0.11,41.0,1.00,0.044
414.90,DOWNWIND,148.43,149.32,41.02,0.02,2.7,-1.4,6.9,-759.1,-886,0.68,0.007,-0.020,0.00,9,,2176,0,241,759,0.11,41.0,1.00,0.044
415.00,DOWNWIND,148.43,149.32,41.02,0.02,2.7,-1.3,7.0,-758.8,-891,0.68,0.007,-0.020,0.00,8,,2172,0,246,759,0.11,41.0,1.00,0.045
415.10,DOWNWIND,148.43,149.32,41.02,0.02,2.7,-1.2,7.1,-758.4,-895,0.68,0.007,-0.020,0.00,8,,2168,0,250,758,0.11,41.0,1.00,0.045
415.20,DOWNWIND,148.44,149.31,41.02,0.02,2.7,-1.1,7.2,-758.1,-900,0.68,0.007,-0.020,0.00,8,,2163,0,255,758,0.11,41.0,1.00,0.045
415.30,DOWNWIND,148.44,149.31,41.02,0.02,2.7,-1.1,7.2,-757.7,-904,0.68,0.007,-0.020,0.00,7,,2159,0,259,758,0.11,41.0,1.00,0.045
415.40,DOWNWIND,148.44,149.30,41.02,0.02,2.7,-1.0,7.3,-757.4,-908,0.68,0.007,-0.020,0.00,7,,2155,0,263,757,0.11,41.0,1.00,0.045
415.50,DOWNWIND,148.44,149.30,41.02,0.02,2.7,-0.9,7.4,-757.0,-913,0.68,0.007,-0.020,0.00,7,,2150,0,268,757,0.11,41.0,1.00,0.045
415.60,DOWNWIND,148.45,149.29,41.02,0.02,2.7,-0.8,7.5,-756.6,-917,0.68,0.007,-0.020,0.00,6,,2146,0,272,757,0.11,41.0,1.00,0.045
415.70,DOWNWIND,148.45,149.29,41.02,0.02,2.7,-0.7,7.6,-756.3,-921,0.68,0.007,-0.020,0.00,6,,2141,0,276,756,0.11,41.0,1.00,0.045
415.80,DOWNWIND,148.45,149.28,41.02,0.03,2.7,-0.6,7.7,-755.9,-926,0.68,0.007,-0.020,0.00,5,,2137,0,281,756,0.11,41.0,1.00,0.045
415.90,DOWNWIND,148.45,149.27,41.02,0.03,2.7,-0.5,7.7,-755.5,-930,0.68,0.007,-0.020,0.00,5,,2133,0,285,756,0.11,41.0,1.00,0.045
416.00,DOWNWIND,148.46,149.26,41.02,0.03,2.7,-0.4,7.8,-755.2,-935,0.68,0.007,-0.020,0.00,5,,2128,0,290,755,0.11,41.0,1.00,0.045
416.10,DOWNWIND,148.46,149.26,41.02,0.03,2.7,-0.3,7.9,-754.8,-939,0.68,0.007,-0.020,0.00,4,,2124,0,294,755,0.11,41.0,1.00,0.045
416.20,DOWNWIND,148.46,149.25,41.02,0.03,2.7,-0.2,7.9,-754.4,-943,0.68,0.007,-0.020,0.00,4,,2120,0,298,754,0.11,41.0,1.00,0.045
416.30,DOWNWIND,148.46,149.25,41.02,0.03,2.7,-0.2,8.0,-754.1,-948,0.68,0.007,-0.020,0.00,4,,2115,0,303,754,0.11,41.0,1.00,0.045
416.40,DOWNWIND,148.47,149.25,41.02,0.03,2.7,-0.1,8.1,-753.7,-952,0.68,0.007,-0.020,0.00,3,,2111,0,307,754,0.11,41.0,1.00,0.045
416.50,DOWNWIND,148.47,149.25,41.02,0.03,2.7,0.0,8.1,-753.3,-956,0.68,0.008,-0.020,0.00,3,,2106,0,311,753,0.11,41.0,1.00,0.045
416.60,DOWNWIND,148.47,149.25,41.02,0.03,2.7,0.1,8.2,-753.0,-961,0.68,0.008,-0.020,0.00,3,,2102,0,316,753,0.10,41.0,1.00,0.045
416.70,DOWNWIND,148.48,149.25,41.02,0.03,2.7,0.2,8.3,-752.6,-965,0.68,0.008,-0.020,0.00,2,,2098,0,320,753,0.10,41.0,1.00,0.045
416.80,DOWNWIND,148.48,149.25,41.02,0.03,2.7,0.3,8.3,-752.2,-970,0.68,0.008,-0.020,0.00,2,,2093,0,325,752,0.10,41.0,1.00,0.045
416.90,DOWNWIND,148.48,149.25,41.02,0.03,2.7,0.4,8.4,-751.9,-974,0.68,0.008,-0.020,0.00,1,,2089,0,329,752,0.10,41.0,1.00,0.045
417.00,DOWNWIND,148.48,149.26,41.02,0.03,2.7,0.5,8.4,-751.5,-978,0.68,0.008,-0.020,0.00,1,,2085,0,333,751,0.10,41.0,1.00,0.045
417.10,DOWNWIND,148.49,149.26,41.02,0.03,2.7,0.6,8.5,-751.1,-983,0.68,0.008,-0.020,0.00,1,,2080,0,338,751,0.10,41.0,1.00,0.045
417.20,DOWNWIND,148.49,149.26,41.02,0.03,2.7,0.6,8.5,-750.8,-987,0.68,0.008,-0.020,0.00,0,,2076,0,342,751,0.10,41.0,1.00,0.045
417.30,DOWNWIND,148.49,149.26,41.02,0.03,2.7,0.7,8.6,-750.4,-991,0.68,0.008,-0.020,0.00,0,,2071,0,346,750,0.10,41.0,1.00,0.045
417.40,DOWNWIND,148.49,149.27,41.02,0.03,2.7,0.8,8.6,-750.0,-996,0.68,0.008,-0.020,0.00,0,,2067,0,351,750,0.10,41.0,1.00,0.045
417.50,DOWNWIND,148.50,149.27,41.02,0.03,2.7,0.9,8.6,-749.7,-1000,0.68,0.008,-0.020,0.00,1,,2063,0,355,750,0.10,41.0,1.00,0.045
417.60,DOWNWIND,148.50,149.27,41.02,0.03,2.7,1.0,8.7,-749.3,-1005,0.68,0.008,-0.020,0.00,1,,2058,0,360,749,0.10,41.0,1.00,0.045
417.70,DOWNWIND,148.50,149.28,41.02,0.03,2.7,1.1,8.7,-749.0,-1009,0.68,0.008,-0.020,0.00,1,,2054,0,364,749,0.10,41.0,1.00,0.045
417.80,DOWNWIND,148.51,149.28,41.02,0.03,2.7,1.1,8.8,-748.6,-1013,0.68,0.008,-0.020,0.00,2,,2050,0,368,749,0.10,41.0,1.00,0.045
417.90,DOWNWIND,148.51,149.28,41.02,0.03,2.7,1.2,8.8,-748.3,-1018,0.68,0.008,-0.020,0.00,2,,2045,0,373,748,0.10,41.0,1.00,0.045
418.00,DOWNWIND,148.51,149.28,41.02,0.03,2.7,1.3,8.8,-747.9,-1022,0.68,0.008,-0.020,0.00,3,,2041,0,377,748,0.10,41.0,1.00,0.045
418.10,DOWNWIND,148.51,149.29,41.02,0.03,2.7,1.4,8.8,-747.6,-1026,0.68,0.008,-0.020,0.00,3,,2036,0,381,748,0.10,41.0,1.00,0.045
418.20,DOWNWIND,148.52,149.29,41.02,0.03,2.7,1.5,8.9,-747.2,-1031,0.68,0.008,-0.020,0.00,3,,2032,0,386,747,0.10,41.0,1.00,0.045
418.30,DOWNWIND,148.52,149.89,41.02,0.02,2.7,1.5,8.9,-746.9,-1035,0.68,0.008,-0.019,0.00,4,,2028,0,390,747,0.10,41.0,1.00,0.045
418.40,DOWNWIND,148.52,151.22,41.02,0.02,2.7,1.6,8.9,-746.5,-1039,0.68,0.008,-0.019,0.00,4,,2023,0,394,747,0.10,41.0,1.00,0.045
418.50,DOWNWIND,148.52,151.86,41.02,0.02,2.7,1.7,8.9,-746.2,-1044,0.68,0.008,-0.019,0.00,4,,2019,0,399,746,0.09,41.0,1.00,0.045
418.60,DOWNWIND,148.53,150.98,41.02,0.02,2.7,1.8,8.9,-745.9,-1048,0.68,0.008,-0.019,0.00,5,,2015,0,403,746,0.09,41.0,1.00,0.045
418.70,DOWNWIND,148.53,149.68,41.02,0.02,2.7,1.9,9.0,-745.5,-1053,0.68,0.008,-0.019,0.00,5,,2010,0,408,746,0.09,41.0,1.00,0.045
418.80,DOWNWIND,148.53,149.31,41.02,0.02,2.7,1.9,9.0,-745.2,-1057,0.68,0.008,-0.019,0.00,5,,2006,0,412,745,0.09,41.0,1.00,0.045
418.90,DOWNWIND,148.53,149.31,41.02,0.02,2.7,2.0,9.0,-744.9,-1061,0.68,0.008,-0.019,0.00,6,,2001,0,416,745,0.09,41.0,1.00,0.045
419.00,DOWNWIND,148.53,149.32,41.02,0.02,2.7,2.1,9.0,-744.6,-1066,0.68,0.008,-0.019,0.00,6,,1997,0,421,745,0.09,41.0,1.00,0.045
419.10,DOWNWIND,148.54,149.31,41.02,0.02,2.7,2.1,9.0,-744.2,-1070,0.68,0.008,-0.019,0.00,6,,1993,0,425,744,0.09,41.0,1.00,0.045
419.20,DOWNWIND,148.54,149.31,41.02,0.02,2.7,2.2,9.0,-743.9,-1075,0.68,0.008,-0.019,0.00,7,,1988,0,430,744,0.09,41.0,1.00,0.045
419.30,DOWNWIND,148.54,149.31,41.02,0.02,2.7,2.3,9.0,-743.6,-1079,0.68,0.008,-0.019,0.00,7,,1984,0,434,744,0.09,41.0,1.00,0.045
419.40,DOWNWIND,148.54,149.31,41.02,0.02,2.7,2.3,9.0,-743.3,-1083,0.68,0.008,-0.019,0.00,7,,1980,0,438,743,0.09,41.0,1.00,0.045
419.50,DOWNWIND,148.54,149.30,41.02,0.02,2.7,2.4,9.0,-743.0,-1088,0.68,0.008,-0.019,0.00,7,,1975,0,443,743,0.09,41.0,1.00,0.045
419.60,DOWNWIND,148.55,149.29,41.02,0.02,2.7,2.5,9.0,-742.7,-1092,0.68,0.008,-0.019,0.00,8,,1971,0,447,743,0.09,41.0,1.00,0.045
419.70,DOWNWIND,148.55,149.29,41.02,0.02,2.7,2.5,9.0,-742.4,-1096,0.68,0.008,-0.019,0.00,8,,1966,0,451,742,0.09,41.0,1.00,0.045
419.80,DOWNWIND,148.55,149.28,41.02,0.02,2.7,2.6,9.0,-742.1,-1101,0.68,0.008,-0.019,0.00,8,,1962,0,456,742,0.09,41.0,1.00,0.045
419.90,DOWNWIND,148.55,149.27,41.02,0.02,2.7,2.7,8.9,-741.9,-1105,0.68,0.008,-0.019,0.00,9,,1958,0,460,742,0.09,41.0,1.00,0.045