mass 887.2 fuel 28 day {"kts":8,"dirDeg":250,"gust":0.15,"refH":10,"breeze":1}
  t 0.0 -> TAXI
  t 164.4 -> STOP
  t 165.4 -> HOLD
  t 167.5 -> ROLL
  t 178.3 -> LIFTOFF
  t 184.4 -> CLIMB
  t 201.6 -> ENROUTE
  t 216.7 -> DOWNWIND
  t 302.5 -> BASE
  t 339.7 -> FINAL
  t 484.1 -> FLARE
  t 486.1 -> ROLLOUT
  t 504.9 -> STOPPED
{"t":339.7,"ph":"FINAL","s":-4039,"agl":193.6,"V":40.17,"Vc":40.9,"thr":0.9,"de":0.11,"flap":0,"pitch":-2,"thC":10.2,"vs":-2.97,"wK":1,"y":239.4,"hP":251.2,"brake":0,"onG":0}
{"t":340,"ph":"FINAL","s":-4039,"agl":192.3,"V":40.05,"Vc":28.87,"thr":0.04,"de":0.068,"flap":0,"pitch":-1.3,"thC":-0.2,"vs":-2.35,"wK":0.87,"y":238.7,"hP":195,"brake":0,"onG":0}
{"t":340.2,"ph":"FINAL","s":-4039,"agl":191.6,"V":39.88,"Vc":28.87,"thr":0.04,"de":0.084,"flap":0,"pitch":-2.3,"thC":-2.1,"vs":-2.22,"wK":0.73,"y":238.1,"hP":195,"brake":0,"onG":0}
{"t":340.5,"ph":"FINAL","s":-4039,"agl":190.6,"V":39.73,"Vc":28.87,"thr":0.04,"de":0.069,"flap":0,"pitch":-3.1,"thC":-3.2,"vs":-2.49,"wK":0.6,"y":237.5,"hP":195,"brake":0,"onG":0}
{"t":340.8,"ph":"FINAL","s":-4039,"agl":188.9,"V":39.59,"Vc":28.87,"thr":0.04,"de":0.058,"flap":0,"pitch":-3.7,"thC":-3.7,"vs":-2.85,"wK":0.5,"y":236.8,"hP":195,"brake":0,"onG":0}
{"t":341,"ph":"FINAL","s":-4039,"agl":187,"V":39.49,"Vc":28.87,"thr":0.04,"de":0.069,"flap":0,"pitch":-4.2,"thC":-3,"vs":-3.24,"wK":0.5,"y":236,"hP":195,"brake":0,"onG":0}
{"t":341.3,"ph":"FINAL","s":-4039,"agl":185.3,"V":39.44,"Vc":28.87,"thr":0.04,"de":0.072,"flap":0,"pitch":-4.4,"thC":-2.4,"vs":-3.57,"wK":0.5,"y":235,"hP":195.1,"brake":0,"onG":0}
{"t":341.6,"ph":"FINAL","s":-4039,"agl":183.4,"V":39.42,"Vc":28.87,"thr":0.04,"de":0.078,"flap":0,"pitch":-4.6,"thC":-1.8,"vs":-3.81,"wK":0.5,"y":234.1,"hP":195.1,"brake":0,"onG":0}
{"t":341.8,"ph":"FINAL","s":-4040,"agl":181,"V":39.43,"Vc":28.87,"thr":0.04,"de":0.083,"flap":0,"pitch":-4.6,"thC":-1.4,"vs":-3.98,"wK":0.5,"y":233,"hP":195.1,"brake":0,"onG":0}
{"t":342.1,"ph":"FINAL","s":-4040,"agl":178.6,"V":39.47,"Vc":28.87,"thr":0.04,"de":0.086,"flap":0,"pitch":-4.6,"thC":-1,"vs":-4.08,"wK":0.5,"y":231.9,"hP":195.1,"brake":0,"onG":0}
{"t":342.4,"ph":"FINAL","s":-4040,"agl":176.4,"V":39.51,"Vc":28.87,"thr":0.04,"de":0.087,"flap":0,"pitch":-4.6,"thC":-0.7,"vs":-4.13,"wK":0.5,"y":230.8,"hP":195.1,"brake":0,"onG":0}
{"t":342.6,"ph":"FINAL","s":-4041,"agl":173.9,"V":39.55,"Vc":28.87,"thr":0.04,"de":0.087,"flap":0,"pitch":-4.5,"thC":-0.5,"vs":-4.13,"wK":0.5,"y":229.7,"hP":195.1,"brake":0,"onG":0}
{"t":342.9,"ph":"FINAL","s":-4041,"agl":171.6,"V":39.58,"Vc":28.87,"thr":0.04,"de":0.086,"flap":0,"pitch":-4.3,"thC":-0.4,"vs":-4.11,"wK":0.5,"y":228.6,"hP":195.1,"brake":0,"onG":0}
{"t":343.2,"ph":"FINAL","s":-4041,"agl":169.6,"V":39.59,"Vc":28.87,"thr":0.04,"de":0.085,"flap":0,"pitch":-4.2,"thC":-0.3,"vs":-4.08,"wK":0.5,"y":227.6,"hP":195.2,"brake":0,"onG":0}
{"t":343.4,"ph":"FINAL","s":-4041,"agl":166.7,"V":39.59,"Vc":28.87,"thr":0.04,"de":0.084,"flap":0,"pitch":-4,"thC":-0.2,"vs":-4.05,"wK":0.5,"y":226.5,"hP":195.2,"brake":0,"onG":0}
{"t":343.7,"ph":"FINAL","s":-4041,"agl":164.7,"V":39.59,"Vc":28.87,"thr":0.04,"de":0.084,"flap":0,"pitch":-3.8,"thC":-0.1,"vs":-4.02,"wK":0.5,"y":225.4,"hP":195.2,"brake":0,"onG":0}
{"t":344,"ph":"FINAL","s":-4041,"agl":163.2,"V":39.6,"Vc":28.87,"thr":0.04,"de":0.085,"flap":0,"pitch":-3.6,"thC":0,"vs":-4,"wK":0.5,"y":224.3,"hP":195.2,"brake":0,"onG":0}
{"t":344.2,"ph":"FINAL","s":-4041,"agl":161.9,"V":39.64,"Vc":28.87,"thr":0.04,"de":0.087,"flap":0,"pitch":-3.4,"thC":0.1,"vs":-3.99,"wK":0.5,"y":223.3,"hP":195.2,"brake":0,"onG":0}
{"t":344.5,"ph":"FINAL","s":-4041,"agl":160.2,"V":39.68,"Vc":28.87,"thr":0.04,"de":0.09,"flap":0,"pitch":-3.3,"thC":0.3,"vs":-3.98,"wK":0.5,"y":222.2,"hP":195.1,"brake":0,"onG":0}
{"t":344.8,"ph":"FINAL","s":-4040,"agl":158.3,"V":39.75,"Vc":28.87,"thr":0.04,"de":0.093,"flap":0,"pitch":-3.2,"thC":0.4,"vs":-3.98,"wK":0.5,"y":221.1,"hP":195.1,"brake":0,"onG":0}
{"t":345,"ph":"FINAL","s":-4040,"agl":156.4,"V":39.81,"Vc":28.87,"thr":0.04,"de":0.097,"flap":0,"pitch":-3.1,"thC":0.6,"vs":-3.98,"wK":0.5,"y":220.1,"hP":195.1,"brake":0,"onG":0}
{"t":345.3,"ph":"FINAL","s":-4039,"agl":155,"V":39.85,"Vc":28.87,"thr":0.04,"de":0.103,"flap":0,"pitch":-3.1,"thC":0.8,"vs":-3.97,"wK":0.5,"y":219,"hP":195,"brake":0,"onG":0}
{"t":345.6,"ph":"FINAL","s":-4037,"agl":153.7,"V":39.88,"Vc":28.87,"thr":0.04,"de":0.113,"flap":0,"pitch":-3.1,"thC":0.9,"vs":-3.95,"wK":0.5,"y":218,"hP":195,"brake":0,"onG":0}
{"t":345.8,"ph":"FINAL","s":-4036,"agl":152.2,"V":39.87,"Vc":28.87,"thr":0.04,"de":0.12,"flap":0,"pitch":-3.2,"thC":0.9,"vs":-3.92,"wK":0.5,"y":216.9,"hP":194.9,"brake":0,"onG":0}
{"t":346.1,"ph":"FINAL","s":-4034,"agl":151,"V":39.84,"Vc":28.87,"thr":0.04,"de":0.121,"flap":0,"pitch":-3.3,"thC":0.9,"vs":-3.87,"wK":0.5,"y":215.9,"hP":194.8,"brake":0,"onG":0}
{"t":346.4,"ph":"FINAL","s":-4032,"agl":150.4,"V":39.8,"Vc":28.87,"thr":0.04,"de":0.12,"flap":0,"pitch":-3.4,"thC":0.9,"vs":-3.83,"wK":0.5,"y":214.8,"hP":194.7,"brake":0,"onG":0}
{"t":346.6,"ph":"FINAL","s":-4030,"agl":149.3,"V":39.76,"Vc":28.87,"thr":0.04,"de":0.118,"flap":0,"pitch":-3.3,"thC":1,"vs":-3.82,"wK":0.5,"y":213.8,"hP":194.6,"brake":0,"onG":0}
{"t":346.9,"ph":"FINAL","s":-4027,"agl":146.7,"V":39.74,"Vc":28.87,"thr":0.04,"de":0.117,"flap":0,"pitch":-3.2,"thC":1.1,"vs":-3.84,"wK":0.5,"y":212.8,"hP":194.5,"brake":0,"onG":0}
{"t":347.2,"ph":"FINAL","s":-4025,"agl":144.1,"V":39.74,"Vc":28.87,"thr":0.04,"de":0.119,"flap":0,"pitch":-3.1,"thC":1.3,"vs":-3.87,"wK":0.5,"y":211.8,"hP":194.4,"brake":0,"onG":0}
{"t":347.4,"ph":"FINAL","s":-4021,"agl":142.1,"V":39.75,"Vc":28.87,"thr":0.04,"de":0.123,"flap":0,"pitch":-3,"thC":1.5,"vs":-3.89,"wK":0.5,"y":210.7,"hP":194.3,"brake":0,"onG":0}
{"t":347.7,"ph":"FINAL","s":-4018,"agl":140.1,"V":39.76,"Vc":28.87,"thr":0.04,"de":0.128,"flap":0,"pitch":-3,"thC":1.7,"vs":-3.89,"wK":0.5,"y":209.7,"hP":194.1,"brake":0,"onG":0}
{"t":348,"ph":"FINAL","s":-4015,"agl":136.7,"V":39.75,"Vc":28.87,"thr":0.04,"de":0.132,"flap":0,"pitch":-2.9,"thC":1.8,"vs":-3.88,"wK":0.5,"y":208.7,"hP":193.9,"brake":0,"onG":0}
{"t":348.2,"ph":"FINAL","s":-4011,"agl":131.2,"V":39.71,"Vc":28.87,"thr":0.04,"de":0.135,"flap":0,"pitch":-2.9,"thC":1.8,"vs":-3.85,"wK":0.5,"y":207.6,"hP":193.8,"brake":0,"onG":0}
{"t":348.5,"ph":"FINAL","s":-4007,"agl":127.4,"V":39.66,"Vc":28.87,"thr":0.04,"de":0.137,"flap":0,"pitch":-2.9,"thC":1.9,"vs":-3.83,"wK":0.5,"y":206.6,"hP":193.6,"brake":0,"onG":0}
{"t":348.8,"ph":"FINAL","s":-4003,"agl":123,"V":39.58,"Vc":28.87,"thr":0.04,"de":0.141,"flap":0,"pitch":-2.9,"thC":2.1,"vs":-3.81,"wK":0.5,"y":205.6,"hP":193.4,"brake":0,"onG":0}
{"t":349,"ph":"FINAL","s":-3998,"agl":117.9,"V":39.49,"Vc":28.87,"thr":0.04,"de":0.147,"flap":0,"pitch":-2.8,"thC":2.7,"vs":-3.8,"wK":0.5,"y":204.6,"hP":193.2,"brake":0,"onG":0}
{"t":349.3,"ph":"FINAL","s":-3993,"agl":114.3,"V":39.41,"Vc":28.87,"thr":0.04,"de":0.152,"flap":0,"pitch":-2.6,"thC":3.3,"vs":-3.78,"wK":0.5,"y":203.6,"hP":193,"brake":0,"onG":0}
{"t":349.6,"ph":"FINAL","s":-3988,"agl":111.4,"V":39.34,"Vc":28.87,"thr":0.04,"de":0.158,"flap":0,"pitch":-2.4,"thC":3.9,"vs":-3.73,"wK":0.5,"y":202.6,"hP":192.7,"brake":0,"onG":0}
{"t":349.8,"ph":"FINAL","s":-3983,"agl":109.4,"V":39.28,"Vc":28.87,"thr":0.04,"de":0.165,"flap":0,"pitch":-2.2,"thC":4.5,"vs":-3.66,"wK":0.5,"y":201.6,"hP":192.5,"brake":0,"onG":0}
{"t":350.1,"ph":"FINAL","s":-3978,"agl":106.4,"V":39.25,"Vc":28.87,"thr":0.04,"de":0.171,"flap":0,"pitch":-1.9,"thC":5,"vs":-3.56,"wK":0.5,"y":200.6,"hP":192.3,"brake":0,"onG":0}
{"t":350.4,"ph":"FINAL","s":-3972,"agl":103.3,"V":39.22,"Vc":28.87,"thr":0.04,"de":0.176,"flap":0,"pitch":-1.7,"thC":5.3,"vs":-3.44,"wK":0.5,"y":199.7,"hP":192,"brake":0,"onG":0}
{"t":350.6,"ph":"FINAL","s":-3966,"agl":99.8,"V":39.19,"Vc":28.87,"thr":0.04,"de":0.18,"flap":0,"pitch":-1.5,"thC":5.6,"vs":-3.3,"wK":0.5,"y":198.8,"hP":191.7,"brake":0,"onG":0}
{"t":350.9,"ph":"FINAL","s":-3961,"agl":96.5,"V":39.15,"Vc":28.87,"thr":0.04,"de":0.183,"flap":0,"pitch":-1.3,"thC":5.7,"vs":-3.15,"wK":0.5,"y":197.9,"hP":191.5,"brake":0,"onG":0}
{"t":351.2,"ph":"FINAL","s":-3954,"agl":94.9,"V":39.09,"Vc":28.87,"thr":0.04,"de":0.185,"flap":0,"pitch":-1.1,"thC":5.9,"vs":-3.01,"wK":0.5,"y":197.1,"hP":191.2,"brake":0,"onG":0}
{"t":351.4,"ph":"FINAL","s":-3948,"agl":95.7,"V":39.02,"Vc":28.87,"thr":0.04,"de":0.186,"flap":0,"pitch":-0.9,"thC":6,"vs":-2.89,"wK":0.5,"y":196.3,"hP":190.9,"brake":0,"onG":0}
{"t":351.7,"ph":"FINAL","s":-3941,"agl":97.2,"V":38.93,"Vc":28.87,"thr":0.04,"de":0.187,"flap":0,"pitch":-0.7,"thC":6.1,"vs":-2.77,"wK":0.5,"y":195.6,"hP":190.6,"brake":0,"onG":0}
{"t":352,"ph":"FINAL","s":-3935,"agl":98.8,"V":38.84,"Vc":28.87,"thr":0.04,"de":0.188,"flap":0,"pitch":-0.6,"thC":6.2,"vs":-2.66,"wK":0.5,"y":194.8,"hP":190.3,"brake":0,"onG":0}
{"t":352.2,"ph":"FINAL","s":-3928,"agl":100.8,"V":38.74,"Vc":28.87,"thr":0.04,"de":0.189,"flap":0,"pitch":-0.4,"thC":6.3,"vs":-2.56,"wK":0.5,"y":194.1,"hP":190,"brake":0,"onG":0}
{"t":352.5,"ph":"FINAL","s":-3921,"agl":103.7,"V":38.66,"Vc":28.87,"thr":0.04,"de":0.191,"flap":0,"pitch":-0.2,"thC":6.4,"vs":-2.46,"wK":0.5,"y":193.5,"hP":189.6,"brake":0,"onG":0}
{"t":352.8,"ph":"FINAL","s":-3914,"agl":106.9,"V":38.6,"Vc":28.87,"thr":0.04,"de":0.193,"flap":0,"pitch":0,"thC":6.5,"vs":-2.36,"wK":0.5,"y":192.8,"hP":189.3,"brake":0,"onG":0}
{"t":353,"ph":"FINAL","s":-3907,"agl":110.1,"V":38.54,"Vc":28.87,"thr":0.04,"de":0.196,"flap":0,"pitch":0.1,"thC":6.5,"vs":-2.25,"wK":0.5,"y":192.2,"hP":189,"brake":0,"onG":0}
{"t":353.3,"ph":"FINAL","s":-3899,"agl":112.8,"V":38.48,"Vc":28.87,"thr":0.04,"de":0.198,"flap":0,"pitch":0.2,"thC":6.6,"vs":-2.15,"wK":0.5,"y":191.6,"hP":188.6,"brake":0,"onG":0}
{"t":353.6,"ph":"FINAL","s":-3892,"agl":113.9,"V":38.4,"Vc":28.87,"thr":0.04,"de":0.2,"flap":0,"pitch":0.3,"thC":6.6,"vs":-2.06,"wK":0.5,"y":191.1,"hP":188.3,"brake":0,"onG":0}
{"t":353.8,"ph":"FINAL","s":-3884,"agl":113.4,"V":38.3,"Vc":28.87,"thr":0.04,"de":0.202,"flap":0,"pitch":0.4,"thC":6.6,"vs":-1.98,"wK":0.5,"y":190.5,"hP":187.9,"brake":0,"onG":0}
{"t":354.1,"ph":"FINAL","s":-3876,"agl":111.1,"V":38.16,"Vc":28.87,"thr":0.04,"de":0.203,"flap":0,"pitch":0.5,"thC":6.6,"vs":-1.93,"wK":0.5,"y":190,"hP":187.6,"brake":0,"onG":0}
{"t":354.4,"ph":"FINAL","s":-3869,"agl":108.3,"V":38.01,"Vc":28.87,"thr":0.04,"de":0.204,"flap":0,"pitch":0.6,"thC":6.7,"vs":-1.89,"wK":0.5,"y":189.5,"hP":187.2,"brake":0,"onG":0}
{"t":354.6,"ph":"FINAL","s":-3861,"agl":106.3,"V":37.85,"Vc":28.87,"thr":0.04,"de":0.205,"flap":0,"pitch":0.7,"thC":6.7,"vs":-1.87,"wK":0.5,"y":189,"hP":186.9,"brake":0,"onG":0}
{"t":354.9,"ph":"FINAL","s":-3853,"agl":105.1,"V":37.69,"Vc":28.87,"thr":0.04,"de":0.208,"flap":0,"pitch":0.8,"thC":6.8,"vs":-1.85,"wK":0.5,"y":188.5,"hP":186.5,"brake":0,"onG":0}
{"t":355.2,"ph":"FINAL","s":-3845,"agl":104.8,"V":37.56,"Vc":28.87,"thr":0.04,"de":0.211,"flap":0,"pitch":0.9,"thC":6.9,"vs":-1.84,"wK":0.5,"y":188,"hP":186.2,"brake":0,"onG":0}
{"t":355.4,"ph":"FINAL","s":-3837,"agl":105.3,"V":37.45,"Vc":28.87,"thr":0.04,"de":0.214,"flap":0,"pitch":0.9,"thC":7.1,"vs":-1.82,"wK":0.5,"y":187.5,"hP":185.8,"brake":0,"onG":0}
{"t":355.7,"ph":"FINAL","s":-3829,"agl":105.7,"V":37.35,"Vc":28.87,"thr":0.04,"de":0.219,"flap":0,"pitch":1,"thC":7.2,"vs":-1.79,"wK":0.5,"y":187,"hP":185.4,"brake":0,"onG":0}
{"t":356,"ph":"FINAL","s":-3821,"agl":106,"V":37.26,"Vc":28.87,"thr":0.04,"de":0.223,"flap":0,"pitch":1,"thC":7.3,"vs":-1.76,"wK":0.5,"y":186.6,"hP":185.1,"brake":0,"onG":0}
{"t":356.2,"ph":"FINAL","s":-3813,"agl":106.5,"V":37.16,"Vc":28.87,"thr":0.04,"de":0.226,"flap":0,"pitch":1.1,"thC":7.4,"vs":-1.73,"wK":0.5,"y":186.1,"hP":184.7,"brake":0,"onG":0}
{"t":356.5,"ph":"FINAL","s":-3805,"agl":107.5,"V":37.05,"Vc":28.87,"thr":0.04,"de":0.23,"flap":0,"pitch":1.1,"thC":7.5,"vs":-1.71,"wK":0.5,"y":185.6,"hP":184.3,"brake":0,"onG":0}
{"t":356.8,"ph":"FINAL","s":-3797,"agl":108.4,"V":36.92,"Vc":28.87,"thr":0.04,"de":0.233,"flap":0,"pitch":1.1,"thC":7.6,"vs":-1.7,"wK":0.5,"y":185.2,"hP":183.9,"brake":0,"onG":0}
{"t":357,"ph":"FINAL","s":-3789,"agl":109.1,"V":36.78,"Vc":28.87,"thr":0.04,"de":0.234,"flap":0,"pitch":1.2,"thC":7.7,"vs":-1.69,"wK":0.5,"y":184.7,"hP":183.6,"brake":0,"onG":0}
{"t":357.3,"ph":"FINAL","s":-3781,"agl":109.7,"V":36.64,"Vc":28.87,"thr":0.04,"de":0.234,"flap":0,"pitch":1.3,"thC":7.8,"vs":-1.7,"wK":0.5,"y":184.3,"hP":183.2,"brake":0,"onG":0}
{"t":357.6,"ph":"FINAL","s":-3773,"agl":109.9,"V":36.51,"Vc":28.87,"thr":0.04,"de":0.235,"flap":0,"pitch":1.4,"thC":7.9,"vs":-1.7,"wK":0.5,"y":183.8,"hP":182.8,"brake":0,"onG":0}
{"t":357.8,"ph":"FINAL","s":-3765,"agl":109.9,"V":36.38,"Vc":28.87,"thr":0.04,"de":0.24,"flap":0,"pitch":1.5,"thC":8.1,"vs":-1.71,"wK":0.5,"y":183.4,"hP":182.5,"brake":0,"onG":0}
{"t":358.1,"ph":"FINAL","s":-3757,"agl":109.8,"V":36.27,"Vc":28.87,"thr":0.04,"de":0.246,"flap":0,"pitch":1.6,"thC":8.2,"vs":-1.72,"wK":0.5,"y":182.9,"hP":182.1,"brake":0,"onG":0}
{"t":358.4,"ph":"FINAL","s":-3749,"agl":109.8,"V":36.16,"Vc":28.87,"thr":0.04,"de":0.253,"flap":0,"pitch":1.6,"thC":8.4,"vs":-1.71,"wK":0.5,"y":182.5,"hP":181.7,"brake":0,"onG":0}
{"t":358.6,"ph":"FINAL","s":-3741,"agl":110.1,"V":36.05,"Vc":28.87,"thr":0.04,"de":0.26,"flap":0,"pitch":1.6,"thC":8.5,"vs":-1.69,"wK":0.5,"y":182,"hP":181.4,"brake":0,"onG":0}
{"t":358.9,"ph":"FINAL","s":-3733,"agl":110.3,"V":35.94,"Vc":28.87,"thr":0.04,"de":0.265,"flap":0,"pitch":1.6,"thC":8.6,"vs":-1.67,"wK":0.5,"y":181.6,"hP":181,"brake":0,"onG":0}
{"t":359.2,"ph":"FINAL","s":-3726,"agl":110.2,"V":35.81,"Vc":28.87,"thr":0.04,"de":0.268,"flap":0,"pitch":1.6,"thC":8.7,"vs":-1.66,"wK":0.5,"y":181.1,"hP":180.7,"brake":0,"onG":0}
{"t":359.4,"ph":"FINAL","s":-3718,"agl":109.9,"V":35.67,"Vc":28.87,"thr":0.04,"de":0.271,"flap":0,"pitch":1.6,"thC":8.8,"vs":-1.66,"wK":0.5,"y":180.7,"hP":180.3,"brake":0,"onG":0}
{"t":359.7,"ph":"FINAL","s":-3711,"agl":109.6,"V":35.52,"Vc":28.87,"thr":0.04,"de":0.273,"flap":0,"pitch":1.6,"thC":9,"vs":-1.67,"wK":0.5,"y":180.2,"hP":180,"brake":0,"onG":0}
{"t":360,"ph":"FINAL","s":-3703,"agl":109.3,"V":35.38,"Vc":28.87,"thr":0.04,"de":0.275,"flap":0,"pitch":1.7,"thC":9.2,"vs":-1.69,"wK":0.5,"y":179.8,"hP":179.6,"brake":0,"onG":0}
{"t":360.2,"ph":"FINAL","s":-3696,"agl":108.8,"V":35.24,"Vc":28.87,"thr":0.04,"de":0.279,"flap":0,"pitch":1.8,"thC":9.3,"vs":-1.69,"wK":0.5,"y":179.3,"hP":179.3,"brake":0,"onG":0}
{"t":360.5,"ph":"FINAL","s":-3689,"agl":108.2,"V":35.11,"Vc":28.87,"thr":0.04,"de":0.284,"flap":0,"pitch":1.9,"thC":9.5,"vs":-1.68,"wK":0.5,"y":178.9,"hP":179,"brake":0,"onG":0}
{"t":360.8,"ph":"FINAL","s":-3682,"agl":107.2,"V":34.98,"Vc":28.87,"thr":0.04,"de":0.289,"flap":0,"pitch":1.9,"thC":9.6,"vs":-1.66,"wK":0.5,"y":178.4,"hP":178.6,"brake":0,"onG":0}
{"t":361,"ph":"FINAL","s":-3675,"agl":106,"V":34.85,"Vc":28.87,"thr":0.04,"de":0.294,"flap":0,"pitch":2,"thC":9.7,"vs":-1.63,"wK":0.5,"y":178,"hP":178.3,"brake":0,"onG":0}
{"t":361.3,"ph":"FINAL","s":-3668,"agl":105,"V":34.71,"Vc":28.87,"thr":0.04,"de":0.299,"flap":0,"pitch":2,"thC":9.8,"vs":-1.58,"wK":0.5,"y":177.6,"hP":178,"brake":0,"onG":0}
{"t":361.6,"ph":"FINAL","s":-3661,"agl":104,"V":34.56,"Vc":28.87,"thr":0.04,"de":0.302,"flap":0,"pitch":2,"thC":9.8,"vs":-1.51,"wK":0.5,"y":177.1,"hP":177.7,"brake":0,"onG":0}
{"t":361.8,"ph":"FINAL","s":-3655,"agl":102.9,"V":34.4,"Vc":28.87,"thr":0.04,"de":0.3,"flap":0,"pitch":2,"thC":9.7,"vs":-1.41,"wK":0.5,"y":176.8,"hP":177.4,"brake":0,"onG":0}
{"t":362.1,"ph":"FINAL","s":-3648,"agl":101.7,"V":34.23,"Vc":28.87,"thr":0.04,"de":0.295,"flap":0,"pitch":2.1,"thC":9.6,"vs":-1.28,"wK":0.5,"y":176.4,"hP":177.1,"brake":0,"onG":0}
{"t":362.4,"ph":"FINAL","s":-3642,"agl":100.4,"V":34.06,"Vc":28.87,"thr":0.04,"de":0.287,"flap":0,"pitch":2.3,"thC":9.4,"vs":-1.14,"wK":0.5,"y":176.1,"hP":176.8,"brake":0,"onG":0}
{"t":362.6,"ph":"FINAL","s":-3636,"agl":99.2,"V":33.88,"Vc":28.87,"thr":0.04,"de":0.279,"flap":0,"pitch":2.6,"thC":9.2,"vs":-0.99,"wK":0.5,"y":175.8,"hP":176.5,"brake":0,"onG":0}
{"t":362.9,"ph":"FINAL","s":-3630,"agl":98.4,"V":33.7,"Vc":28.87,"thr":0.04,"de":0.273,"flap":0,"pitch":2.9,"thC":9,"vs":-0.86,"wK":0.5,"y":175.5,"hP":176.2,"brake":0,"onG":0}
{"t":363.2,"ph":"FINAL","s":-3624,"agl":98.2,"V":33.52,"Vc":28.87,"thr":0.04,"de":0.269,"flap":0,"pitch":3.1,"thC":8.8,"vs":-0.75,"wK":0.5,"y":175.3,"hP":176,"brake":0,"onG":0}
{"t":363.4,"ph":"FINAL","s":-3618,"agl":98.8,"V":33.35,"Vc":28.87,"thr":0.04,"de":0.267,"flap":0,"pitch":3.3,"thC":8.6,"vs":-0.66,"wK":0.5,"y":175.1,"hP":175.7,"brake":0,"onG":0}
{"t":363.7,"ph":"FINAL","s":-3612,"agl":100,"V":33.18,"Vc":28.87,"thr":0.04,"de":0.266,"flap":0,"pitch":3.5,"thC":8.3,"vs":-0.62,"wK":0.5,"y":175,"hP":175.4,"brake":0,"onG":0}
{"t":364,"ph":"FINAL","s":-3606,"agl":101.6,"V":33.01,"Vc":28.87,"thr":0.04,"de":0.267,"flap":0,"pitch":3.6,"thC":8.2,"vs":-0.61,"wK":0.5,"y":174.8,"hP":175.2,"brake":0,"onG":0}
{"t":364.2,"ph":"FINAL","s":-3600,"agl":103.7,"V":32.84,"Vc":28.87,"thr":0.04,"de":0.269,"flap":0,"pitch":3.7,"thC":8.1,"vs":-0.64,"wK":0.5,"y":174.6,"hP":174.9,"brake":0,"onG":0}
{"t":364.5,"ph":"FINAL","s":-3594,"agl":105.7,"V":32.67,"Vc":28.87,"thr":0.04,"de":0.272,"flap":0,"pitch":3.7,"thC":8.1,"vs":-0.69,"wK":0.5,"y":174.5,"hP":174.6,"brake":0,"onG":0}
{"t":364.8,"ph":"FINAL","s":-3589,"agl":107.1,"V":32.49,"Vc":28.87,"thr":0.04,"de":0.276,"flap":0,"pitch":3.7,"thC":8.2,"vs":-0.77,"wK":0.5,"y":174.3,"hP":174.3,"brake":0,"onG":0}
{"t":365,"ph":"FINAL","s":-3583,"agl":108.1,"V":32.33,"Vc":28.87,"thr":0.04,"de":0.282,"flap":0,"pitch":3.7,"thC":8.3,"vs":-0.86,"wK":0.5,"y":174.1,"hP":174.1,"brake":0,"onG":0}
{"t":365.3,"ph":"FINAL","s":-3577,"agl":109.1,"V":32.17,"Vc":28.87,"thr":0.04,"de":0.29,"flap":0,"pitch":3.6,"thC":8.5,"vs":-0.95,"wK":0.5,"y":173.8,"hP":173.8,"brake":0,"onG":0}
{"t":365.6,"ph":"FINAL","s":-3571,"agl":110.3,"V":32.03,"Vc":28.87,"thr":0.04,"de":0.299,"flap":0,"pitch":3.5,"thC":8.7,"vs":-1.05,"wK":0.5,"y":173.6,"hP":173.5,"brake":0,"onG":0}
{"t":365.8,"ph":"FINAL","s":-3565,"agl":111.9,"V":31.9,"Vc":28.87,"thr":0.04,"de":0.308,"flap":0,"pitch":3.3,"thC":8.9,"vs":-1.15,"wK":0.5,"y":173.3,"hP":173.3,"brake":0,"onG":0}
{"t":366.1,"ph":"FINAL","s":-3559,"agl":113.7,"V":31.77,"Vc":28.87,"thr":0.04,"de":0.318,"flap":0,"pitch":3.2,"thC":9.2,"vs":-1.24,"wK":0.5,"y":172.9,"hP":173,"brake":0,"onG":0}
{"t":366.4,"ph":"FINAL","s":-3553,"agl":115,"V":31.65,"Vc":28.87,"thr":0.04,"de":0.327,"flap":0,"pitch":3,"thC":9.5,"vs":-1.34,"wK":0.5,"y":172.6,"hP":172.7,"brake":0,"onG":0}
{"t":366.6,"ph":"FINAL","s":-3547,"agl":115.7,"V":31.53,"Vc":28.87,"thr":0.04,"de":0.335,"flap":0,"pitch":2.9,"thC":9.8,"vs":-1.43,"wK":0.5,"y":172.2,"hP":172.4,"brake":0,"onG":0}
{"t":366.9,"ph":"FINAL","s":-3540,"agl":116.1,"V":31.41,"Vc":28.87,"thr":0.04,"de":0.342,"flap":0,"pitch":2.8,"thC":10.1,"vs":-1.52,"wK":0.5,"y":171.8,"hP":172.1,"brake":0,"onG":0}
{"t":367.2,"ph":"FINAL","s":-3534,"agl":116.3,"V":31.3,"Vc":28.9,"thr":0.04,"de":0.346,"flap":0,"pitch":2.7,"thC":10.2,"vs":-1.6,"wK":0.5,"y":171.4,"hP":171.9,"brake":0,"onG":0}
{"t":367.4,"ph":"FINAL","s":-3528,"agl":116.6,"V":31.21,"Vc":29.03,"thr":0.04,"de":0.35,"flap":0,"pitch":2.6,"thC":10.2,"vs":-1.67,"wK":0.5,"y":171,"hP":171.6,"brake":0,"onG":0}
{"t":367.7,"ph":"FINAL","s":-3522,"agl":116.7,"V":31.13,"Vc":29.17,"thr":0.06,"de":0.35,"flap":0,"pitch":2.5,"thC":10.2,"vs":-1.73,"wK":0.57,"y":170.5,"hP":171.3,"brake":0,"onG":0}
{"t":368,"ph":"FINAL","s":-3516,"agl":116.8,"V":31.09,"Vc":29.3,"thr":0.1,"de":0.35,"flap":0,"pitch":2.5,"thC":10.2,"vs":-1.77,"wK":0.7,"y":170.1,"hP":171,"brake":0,"onG":0}
{"t":368.2,"ph":"FINAL","s":-3509,"agl":116.9,"V":31.08,"Vc":29.43,"thr":0.13,"de":0.35,"flap":0,"pitch":2.5,"thC":10.2,"vs":-1.77,"wK":0.83,"y":169.6,"hP":170.7,"brake":0,"onG":0}
{"t":368.5,"ph":"FINAL","s":-3503,"agl":117,"V":31.08,"Vc":29.57,"thr":0.15,"de":0.35,"flap":0,"pitch":2.6,"thC":10.2,"vs":-1.74,"wK":0.97,"y":169.1,"hP":170.4,"brake":0,"onG":0}
{"t":368.8,"ph":"FINAL","s":-3497,"agl":117,"V":31.09,"Vc":29.7,"thr":0.18,"de":0.347,"flap":0,"pitch":2.8,"thC":10.2,"vs":-1.66,"wK":1,"y":168.7,"hP":170.1,"brake":0,"onG":0}
{"t":369,"ph":"FINAL","s":-3491,"agl":116.5,"V":31.05,"Vc":29.83,"thr":0.13,"de":0.34,"flap":0,"pitch":2.9,"thC":9.5,"vs":-1.59,"wK":1,"y":168.2,"hP":167.8,"brake":0,"onG":0}
{"t":369.3,"ph":"FINAL","s":-3484,"agl":115.6,"V":31.01,"Vc":29.97,"thr":0.17,"de":0.343,"flap":0,"pitch":2.9,"thC":9.3,"vs":-1.53,"wK":1,"y":167.8,"hP":167.5,"brake":0,"onG":0}
{"t":369.6,"ph":"FINAL","s":-3478,"agl":114.5,"V":31,"Vc":30.1,"thr":0.19,"de":0.334,"flap":0,"pitch":3.1,"thC":9.2,"vs":-1.46,"wK":1,"y":167.4,"hP":167.2,"brake":0,"onG":0}
{"t":369.8,"ph":"FINAL","s":-3471,"agl":113.5,"V":31.01,"Vc":30.23,"thr":0.21,"de":0.327,"flap":0,"pitch":3.3,"thC":9.1,"vs":-1.37,"wK":1,"y":167,"hP":166.9,"brake":0,"onG":0}
{"t":370.1,"ph":"FINAL","s":-3465,"agl":113.2,"V":31.03,"Vc":30.37,"thr":0.23,"de":0.324,"flap":0,"pitch":3.5,"thC":8.9,"vs":-1.25,"wK":1,"y":166.7,"hP":166.6,"brake":0,"onG":0}
{"t":370.4,"ph":"FINAL","s":-3459,"agl":113.8,"V":31.07,"Vc":30.5,"thr":0.24,"de":0.321,"flap":0,"pitch":3.7,"thC":8.8,"vs":-1.12,"wK":1,"y":166.4,"hP":166.3,"brake":0,"onG":0}
{"t":370.6,"ph":"FINAL","s":-3452,"agl":115,"V":31.1,"Vc":30.63,"thr":0.24,"de":0.318,"flap":0,"pitch":3.9,"thC":8.5,"vs":-0.98,"wK":1,"y":166.1,"hP":166,"brake":0,"onG":0}
{"t":370.9,"ph":"FINAL","s":-3446,"agl":116.9,"V":31.13,"Vc":30.77,"thr":0.25,"de":0.313,"flap":0,"pitch":4.1,"thC":8.2,"vs":-0.85,"wK":1,"y":165.8,"hP":165.7,"brake":0,"onG":0}
{"t":371.2,"ph":"FINAL","s":-3439,"agl":118.7,"V":31.14,"Vc":30.9,"thr":0.26,"de":0.307,"flap":0,"pitch":4.2,"thC":7.9,"vs":-0.72,"wK":1,"y":165.6,"hP":165.4,"brake":0,"onG":0}
{"t":371.4,"ph":"FINAL","s":-3433,"agl":120.1,"V":31.15,"Vc":31.03,"thr":0.28,"de":0.299,"flap":0,"pitch":4.4,"thC":7.4,"vs":-0.61,"wK":1,"y":165.5,"hP":165.1,"brake":0,"onG":0}
{"t":371.7,"ph":"FINAL","s":-3427,"agl":121.4,"V":31.15,"Vc":31.17,"thr":0.29,"de":0.29,"flap":0,"pitch":4.5,"thC":6.9,"vs":-0.51,"wK":1,"y":165.3,"hP":164.8,"brake":0,"onG":0}
{"t":372,"ph":"FINAL","s":-3420,"agl":122.6,"V":31.15,"Vc":31.3,"thr":0.31,"de":0.282,"flap":0,"pitch":4.7,"thC":6.4,"vs":-0.42,"wK":1,"y":165.2,"hP":164.5,"brake":0,"onG":0}
{"t":372.2,"ph":"FINAL","s":-3414,"agl":123.7,"V":31.16,"Vc":31.43,"thr":0.32,"de":0.275,"flap":0,"pitch":4.8,"thC":6,"vs":-0.34,"wK":1,"y":165.1,"hP":164.2,"brake":0,"onG":0}
{"t":372.5,"ph":"FINAL","s":-3407,"agl":124.9,"V":31.19,"Vc":31.57,"thr":0.32,"de":0.269,"flap":0,"pitch":4.8,"thC":5.5,"vs":-0.27,"wK":1,"y":165,"hP":164,"brake":0,"onG":0}
{"t":372.8,"ph":"FINAL","s":-3401,"agl":126.1,"V":31.22,"Vc":31.7,"thr":0.33,"de":0.264,"flap":0,"pitch":4.9,"thC":5,"vs":-0.2,"wK":1,"y":164.9,"hP":163.7,"brake":0,"onG":0}
{"t":373,"ph":"FINAL","s":-3394,"agl":127.2,"V":31.26,"Vc":31.83,"thr":0.33,"de":0.259,"flap":0,"pitch":4.9,"thC":4.6,"vs":-0.14,"wK":1,"y":164.9,"hP":163.4,"brake":0,"onG":0}
{"t":373.3,"ph":"FINAL","s":-3388,"agl":128.2,"V":31.28,"Vc":31.97,"thr":0.34,"de":0.253,"flap":0,"pitch":4.8,"thC":4,"vs":-0.1,"wK":1,"y":164.9,"hP":163.1,"brake":0,"onG":0}
{"t":373.6,"ph":"FINAL","s":-3382,"agl":128.7,"V":31.28,"Vc":32.1,"thr":0.35,"de":0.245,"flap":0,"pitch":4.8,"thC":3.4,"vs":-0.08,"wK":1,"y":164.8,"hP":162.8,"brake":0,"onG":0}
{"t":373.8,"ph":"FINAL","s":-3375,"agl":128.5,"V":31.28,"Vc":32.23,"thr":0.36,"de":0.237,"flap":0,"pitch":4.7,"thC":2.8,"vs":-0.07,"wK":1,"y":164.8,"hP":162.5,"brake":0,"onG":0}
{"t":374.1,"ph":"FINAL","s":-3369,"agl":128.2,"V":31.29,"Vc":32.37,"thr":0.37,"de":0.229,"flap":0,"pitch":4.6,"thC":2.3,"vs":-0.09,"wK":1,"y":164.8,"hP":162.2,"brake":0,"onG":0}
{"t":374.4,"ph":"FINAL","s":-3362,"agl":128.3,"V":31.31,"Vc":32.5,"thr":0.38,"de":0.223,"flap":0,"pitch":4.5,"thC":1.8,"vs":-0.11,"wK":1,"y":164.8,"hP":161.9,"brake":0,"onG":0}
{"t":374.6,"ph":"FINAL","s":-3356,"agl":128.5,"V":31.35,"Vc":32.63,"thr":0.39,"de":0.218,"flap":0,"pitch":4.4,"thC":1.3,"vs":-0.15,"wK":1,"y":164.7,"hP":161.6,"brake":0,"onG":0}
{"t":374.9,"ph":"FINAL","s":-3349,"agl":128.3,"V":31.41,"Vc":32.77,"thr":0.39,"de":0.214,"flap":0,"pitch":4.3,"thC":1,"vs":-0.18,"wK":1,"y":164.7,"hP":161.3,"brake":0,"onG":0}
{"t":375.2,"ph":"FINAL","s":-3342,"agl":127.7,"V":31.48,"Vc":32.9,"thr":0.39,"de":0.212,"flap":0,"pitch":4.1,"thC":0.6,"vs":-0.22,"wK":1,"y":164.6,"hP":161,"brake":0,"onG":0}
{"t":375.4,"ph":"FINAL","s":-3336,"agl":127.1,"V":31.56,"Vc":33.03,"thr":0.39,"de":0.21,"flap":0,"pitch":4,"thC":0.3,"vs":-0.26,"wK":1,"y":164.6,"hP":160.7,"brake":0,"onG":0}
{"t":375.7,"ph":"FINAL","s":-3329,"agl":126.6,"V":31.64,"Vc":33.17,"thr":0.39,"de":0.207,"flap":0,"pitch":3.8,"thC":0,"vs":-0.3,"wK":1,"y":164.5,"hP":160.4,"brake":0,"onG":0}
{"t":376,"ph":"FINAL","s":-3323,"agl":126.1,"V":31.71,"Vc":33.18,"thr":0.37,"de":0.206,"flap":0,"pitch":3.6,"thC":-0.1,"vs":-0.36,"wK":1,"y":164.4,"hP":160.1,"brake":0,"onG":0}
{"t":376.2,"ph":"FINAL","s":-3316,"agl":125.4,"V":31.76,"Vc":33.18,"thr":0.35,"de":0.205,"flap":0,"pitch":3.4,"thC":-0.3,"vs":-0.44,"wK":1,"y":164.3,"hP":159.8,"brake":0,"onG":0}
{"t":376.5,"ph":"FINAL","s":-3309,"agl":124.7,"V":31.79,"Vc":33.18,"thr":0.34,"de":0.204,"flap":0,"pitch":3.2,"thC":-0.5,"vs":-0.53,"wK":1,"y":164.2,"hP":159.4,"brake":0,"onG":0}
{"t":376.8,"ph":"FINAL","s":-3303,"agl":124,"V":31.82,"Vc":33.18,"thr":0.33,"de":0.203,"flap":0,"pitch":3,"thC":-0.6,"vs":-0.64,"wK":1,"y":164,"hP":159.1,"brake":0,"onG":0}
{"t":377,"ph":"FINAL","s":-3296,"agl":123.6,"V":31.86,"Vc":33.18,"thr":0.33,"de":0.203,"flap":0,"pitch":2.9,"thC":-0.7,"vs":-0.75,"wK":1,"y":163.8,"hP":158.8,"brake":0,"onG":0}
{"t":377.3,"ph":"FINAL","s":-3289,"agl":123.6,"V":31.91,"Vc":33.18,"thr":0.31,"de":0.204,"flap":0,"pitch":2.7,"thC":-0.7,"vs":-0.86,"wK":1,"y":163.6,"hP":158.5,"brake":0,"onG":0}
{"t":377.6,"ph":"FINAL","s":-3282,"agl":124.2,"V":31.98,"Vc":33.18,"thr":0.3,"de":0.207,"flap":0,"pitch":2.5,"thC":-0.6,"vs":-0.96,"wK":1,"y":163.4,"hP":158.2,"brake":0,"onG":0}
{"t":377.8,"ph":"FINAL","s":-3276,"agl":125.1,"V":32.05,"Vc":33.18,"thr":0.29,"de":0.211,"flap":0,"pitch":2.3,"thC":-0.5,"vs":-1.06,"wK":1,"y":163.1,"hP":157.9,"brake":0,"onG":0}
{"t":378.1,"ph":"FINAL","s":-3269,"agl":126.1,"V":32.11,"Vc":33.18,"thr":0.27,"de":0.214,"flap":0,"pitch":2.2,"thC":-0.4,"vs":-1.15,"wK":1,"y":162.8,"hP":157.6,"brake":0,"onG":0}
{"t":378.4,"ph":"FINAL","s":-3262,"agl":127.2,"V":32.17,"Vc":33.18,"thr":0.26,"de":0.216,"flap":0,"pitch":2,"thC":-0.3,"vs":-1.23,"wK":1,"y":162.5,"hP":157.3,"brake":0,"onG":0}
{"t":378.6,"ph":"FINAL","s":-3255,"agl":128.3,"V":32.21,"Vc":33.18,"thr":0.26,"de":0.218,"flap":0,"pitch":1.8,"thC":-0.3,"vs":-1.32,"wK":1,"y":162.2,"hP":157,"brake":0,"onG":0}
{"t":378.9,"ph":"FINAL","s":-3248,"agl":129.5,"V":32.25,"Vc":33.18,"thr":0.25,"de":0.219,"flap":0,"pitch":1.7,"thC":-0.2,"vs":-1.4,"wK":1,"y":161.8,"hP":156.6,"brake":0,"onG":0}
{"t":379.2,"ph":"FINAL","s":-3242,"agl":130.9,"V":32.29,"Vc":33.18,"thr":0.25,"de":0.22,"flap":0,"pitch":1.6,"thC":-0.1,"vs":-1.48,"wK":1,"y":161.4,"hP":156.3,"brake":0,"onG":0}
{"t":379.4,"ph":"FINAL","s":-3235,"agl":132.3,"V":32.34,"Vc":33.18,"thr":0.25,"de":0.222,"flap":0,"pitch":1.5,"thC":0.1,"vs":-1.56,"wK":1,"y":161,"hP":156,"brake":0,"onG":0}
{"t":379.7,"ph":"FINAL","s":-3228,"agl":133.7,"V":32.4,"Vc":33.18,"thr":0.24,"de":0.225,"flap":0,"pitch":1.4,"thC":0.2,"vs":-1.62,"wK":1,"y":160.6,"hP":155.7,"brake":0,"onG":0}
{"t":380,"ph":"FINAL","s":-3221,"agl":134.8,"V":32.47,"Vc":33.18,"thr":0.23,"de":0.229,"flap":0,"pitch":1.4,"thC":0.4,"vs":-1.66,"wK":1,"y":160.1,"hP":155.4,"brake":0,"onG":0}
{"t":380.2,"ph":"FINAL","s":-3214,"agl":135.7,"V":32.54,"Vc":33.18,"thr":0.22,"de":0.233,"flap":0,"pitch":1.3,"thC":0.6,"vs":-1.69,"wK":1,"y":159.7,"hP":155.1,"brake":0,"onG":0}
{"t":380.5,"ph":"FINAL","s":-3207,"agl":136.3,"V":32.61,"Vc":33.18,"thr":0.21,"de":0.236,"flap":0,"pitch":1.2,"thC":0.8,"vs":-1.71,"wK":1,"y":159.2,"hP":154.7,"brake":0,"onG":0}
{"t":380.8,"ph":"FINAL","s":-3200,"agl":136.6,"V":32.66,"Vc":33.18,"thr":0.2,"de":0.238,"flap":0,"pitch":1.2,"thC":0.9,"vs":-1.73,"wK":1,"y":158.8,"hP":154.4,"brake":0,"onG":0}
{"t":381,"ph":"FINAL","s":-3193,"agl":136.8,"V":32.69,"Vc":33.18,"thr":0.2,"de":0.238,"flap":0,"pitch":1.1,"thC":1,"vs":-1.74,"wK":1,"y":158.3,"hP":154.1,"brake":0,"onG":0}
{"t":381.3,"ph":"FINAL","s":-3186,"agl":137.2,"V":32.72,"Vc":33.18,"thr":0.2,"de":0.238,"flap":0,"pitch":1.1,"thC":1.1,"vs":-1.76,"wK":1,"y":157.8,"hP":153.8,"brake":0,"onG":0}
{"t":381.6,"ph":"FINAL","s":-3179,"agl":137.7,"V":32.75,"Vc":33.18,"thr":0.2,"de":0.238,"flap":0,"pitch":1.2,"thC":1.2,"vs":-1.77,"wK":1,"y":157.4,"hP":153.5,"brake":0,"onG":0}
{"t":381.8,"ph":"FINAL","s":-3172,"agl":138.3,"V":32.79,"Vc":33.18,"thr":0.2,"de":0.238,"flap":0,"pitch":1.2,"thC":1.3,"vs":-1.78,"wK":1,"y":156.9,"hP":153.1,"brake":0,"onG":0}
{"t":382.1,"ph":"FINAL","s":-3165,"agl":138.9,"V":32.84,"Vc":33.18,"thr":0.19,"de":0.239,"flap":0,"pitch":1.2,"thC":1.5,"vs":-1.79,"wK":1,"y":156.4,"hP":152.8,"brake":0,"onG":0}
{"t":382.4,"ph":"FINAL","s":-3158,"agl":139.5,"V":32.89,"Vc":33.18,"thr":0.19,"de":0.241,"flap":0,"pitch":1.3,"thC":1.6,"vs":-1.78,"wK":1,"y":156,"hP":152.5,"brake":0,"onG":0}
{"t":382.6,"ph":"FINAL","s":-3151,"agl":139.6,"V":32.95,"Vc":33.18,"thr":0.18,"de":0.244,"flap":0,"pitch":1.3,"thC":1.8,"vs":-1.75,"wK":1,"y":155.5,"hP":152.2,"brake":0,"onG":0}
{"t":382.9,"ph":"FINAL","s":-3144,"agl":139.4,"V":32.99,"Vc":33.18,"thr":0.17,"de":0.246,"flap":0,"pitch":1.3,"thC":1.9,"vs":-1.72,"wK":1,"y":155,"hP":151.8,"brake":0,"onG":0}
{"t":383.2,"ph":"FINAL","s":-3137,"agl":138.8,"V":33.03,"Vc":33.18,"thr":0.17,"de":0.247,"flap":0,"pitch":1.4,"thC":2,"vs":-1.69,"wK":1,"y":154.6,"hP":151.5,"brake":0,"onG":0}
{"t":383.4,"ph":"FINAL","s":-3130,"agl":138.1,"V":33.05,"Vc":33.18,"thr":0.17,"de":0.247,"flap":0,"pitch":1.4,"thC":2,"vs":-1.66,"wK":1,"y":154.1,"hP":151.2,"brake":0,"onG":0}
{"t":383.7,"ph":"FINAL","s":-3123,"agl":138.3,"V":33.06,"Vc":33.18,"thr":0.17,"de":0.246,"flap":0,"pitch":1.4,"thC":2,"vs":-1.63,"wK":1,"y":153.7,"hP":150.9,"brake":0,"onG":0}
{"t":384,"ph":"FINAL","s":-3116,"agl":139.2,"V":33.06,"Vc":33.18,"thr":0.17,"de":0.245,"flap":0,"pitch":1.5,"thC":1.9,"vs":-1.61,"wK":1,"y":153.2,"hP":150.5,"brake":0,"onG":0}
{"t":384.2,"ph":"FINAL","s":-3109,"agl":140.6,"V":33.07,"Vc":33.18,"thr":0.18,"de":0.244,"flap":0,"pitch":1.5,"thC":1.9,"vs":-1.59,"wK":1,"y":152.8,"hP":150.2,"brake":0,"onG":0}
{"t":384.5,"ph":"FINAL","s":-3102,"agl":142.6,"V":33.08,"Vc":33.18,"thr":0.18,"de":0.243,"flap":0,"pitch":1.6,"thC":1.9,"vs":-1.57,"wK":1,"y":152.4,"hP":149.9,"brake":0,"onG":0}
{"t":384.8,"ph":"FINAL","s":-3095,"agl":144.5,"V":33.1,"Vc":33.18,"thr":0.17,"de":0.244,"flap":0,"pitch":1.6,"thC":2,"vs":-1.54,"wK":1,"y":152,"hP":149.6,"brake":0,"onG":0}
{"t":385,"ph":"FINAL","s":-3088,"agl":148.6,"V":33.13,"Vc":33.18,"thr":0.17,"de":0.246,"flap":0,"pitch":1.6,"thC":2,"vs":-1.51,"wK":1,"y":151.6,"hP":149.3,"brake":0,"onG":0}
{"t":385.3,"ph":"FINAL","s":-3081,"agl":150.1,"V":33.17,"Vc":33.18,"thr":0.16,"de":0.248,"flap":0,"pitch":1.6,"thC":2.1,"vs":-1.48,"wK":1,"y":151.2,"hP":148.9,"brake":0,"onG":0}
{"t":385.6,"ph":"FINAL","s":-3074,"agl":149.7,"V":33.17,"Vc":33.18,"thr":0.16,"de":0.248,"flap":0,"pitch":1.6,"thC":2.1,"vs":-1.45,"wK":1,"y":150.8,"hP":148.6,"brake":0,"onG":0}
{"t":385.8,"ph":"FINAL","s":-3067,"agl":149.3,"V":33.17,"Vc":33.18,"thr":0.16,"de":0.246,"flap":0,"pitch":1.6,"thC":2,"vs":-1.42,"wK":1,"y":150.4,"hP":148.3,"brake":0,"onG":0}
{"t":386.1,"ph":"FINAL","s":-3059,"agl":148.9,"V":33.15,"Vc":33.18,"thr":0.17,"de":0.244,"flap":0,"pitch":1.6,"thC":1.9,"vs":-1.41,"wK":1,"y":150,"hP":148,"brake":0,"onG":0}
{"t":386.4,"ph":"FINAL","s":-3052,"agl":148.6,"V":33.12,"Vc":33.18,"thr":0.18,"de":0.239,"flap":0,"pitch":1.7,"thC":1.8,"vs":-1.41,"wK":1,"y":149.6,"hP":147.6,"brake":0,"onG":0}
{"t":386.6,"ph":"FINAL","s":-3045,"agl":148.2,"V":33.09,"Vc":33.18,"thr":0.19,"de":0.234,"flap":0,"pitch":1.8,"thC":1.7,"vs":-1.41,"wK":1,"y":149.3,"hP":147.3,"brake":0,"onG":0}
{"t":386.9,"ph":"FINAL","s":-3038,"agl":147.8,"V":33.07,"Vc":33.18,"thr":0.2,"de":0.233,"flap":0,"pitch":1.9,"thC":1.6,"vs":-1.41,"wK":1,"y":148.9,"hP":147,"brake":0,"onG":0}
{"t":387.2,"ph":"FINAL","s":-3031,"agl":147.4,"V":33.06,"Vc":33.18,"thr":0.2,"de":0.233,"flap":0,"pitch":1.9,"thC":1.6,"vs":-1.4,"wK":1,"y":148.5,"hP":146.7,"brake":0,"onG":0}
{"t":387.4,"ph":"FINAL","s":-3024,"agl":147.1,"V":33.07,"Vc":33.18,"thr":0.2,"de":0.234,"flap":0,"pitch":2,"thC":1.6,"vs":-1.38,"wK":1,"y":148.2,"hP":146.3,"brake":0,"onG":0}
{"t":387.7,"ph":"FINAL","s":-3017,"agl":146.7,"V":33.08,"Vc":33.18,"thr":0.2,"de":0.235,"flap":0,"pitch":2,"thC":1.6,"vs":-1.36,"wK":1,"y":147.8,"hP":146,"brake":0,"onG":0}
{"t":388,"ph":"FINAL","s":-3010,"agl":146.3,"V":33.09,"Vc":33.18,"thr":0.2,"de":0.235,"flap":0,"pitch":2,"thC":1.6,"vs":-1.33,"wK":1,"y":147.4,"hP":145.7,"brake":0,"onG":0}
{"t":388.2,"ph":"FINAL","s":-3003,"agl":146,"V":33.09,"Vc":33.18,"thr":0.2,"de":0.235,"flap":0,"pitch":2,"thC":1.6,"vs":-1.31,"wK":1,"y":147.1,"hP":145.4,"brake":0,"onG":0}
{"t":388.5,"ph":"FINAL","s":-2996,"agl":145.6,"V":33.07,"Vc":33.18,"thr":0.2,"de":0.233,"flap":0,"pitch":1.9,"thC":1.5,"vs":-1.29,"wK":1,"y":146.7,"hP":145,"brake":0,"onG":0}
{"t":388.8,"ph":"FINAL","s":-2989,"agl":145.3,"V":33.05,"Vc":33.18,"thr":0.21,"de":0.231,"flap":0,"pitch":1.9,"thC":1.4,"vs":-1.29,"wK":1,"y":146.4,"hP":144.7,"brake":0,"onG":0}
{"t":389,"ph":"FINAL","s":-2982,"agl":144.9,"V":33.03,"Vc":33.18,"thr":0.21,"de":0.229,"flap":0,"pitch":2,"thC":1.3,"vs":-1.29,"wK":1,"y":146,"hP":144.4,"brake":0,"onG":0}
{"t":389.3,"ph":"FINAL","s":-2975,"agl":144.6,"V":33.02,"Vc":33.18,"thr":0.22,"de":0.228,"flap":0,"pitch":2,"thC":1.2,"vs":-1.29,"wK":1,"y":145.7,"hP":144.1,"brake":0,"onG":0}
{"t":389.6,"ph":"FINAL","s":-2968,"agl":144.3,"V":33.03,"Vc":33.18,"thr":0.21,"de":0.228,"flap":0,"pitch":2,"thC":1.3,"vs":-1.3,"wK":1,"y":145.4,"hP":143.8,"brake":0,"onG":0}
{"t":389.8,"ph":"FINAL","s":-2961,"agl":143.9,"V":33.05,"Vc":33.18,"thr":0.21,"de":0.23,"flap":0,"pitch":2,"thC":1.3,"vs":-1.3,"wK":1,"y":145,"hP":143.4,"brake":0,"onG":0}
{"t":390.1,"ph":"FINAL","s":-2954,"agl":143.6,"V":33.07,"Vc":33.18,"thr":0.2,"de":0.231,"flap":0,"pitch":1.9,"thC":1.4,"vs":-1.29,"wK":1,"y":144.7,"hP":143.1,"brake":0,"onG":0}
{"t":390.4,"ph":"FINAL","s":-2947,"agl":143.2,"V":33.09,"Vc":33.18,"thr":0.2,"de":0.233,"flap":0,"pitch":1.9,"thC":1.5,"vs":-1.28,"wK":1,"y":144.3,"hP":142.8,"brake":0,"onG":0}
{"t":390.6,"ph":"FINAL","s":-2940,"agl":142.9,"V":33.1,"Vc":33.18,"thr":0.19,"de":0.233,"flap":0,"pitch":1.9,"thC":1.5,"vs":-1.28,"wK":1,"y":144,"hP":142.5,"brake":0,"onG":0}
{"t":390.9,"ph":"FINAL","s":-2933,"agl":142.5,"V":33.1,"Vc":33.18,"thr":0.2,"de":0.232,"flap":0,"pitch":1.9,"thC":1.4,"vs":-1.28,"wK":1,"y":143.6,"hP":142.1,"brake":0,"onG":0}
{"t":391.2,"ph":"FINAL","s":-2926,"agl":142.2,"V":33.09,"Vc":33.18,"thr":0.2,"de":0.23,"flap":0,"pitch":1.9,"thC":1.4,"vs":-1.28,"wK":1,"y":143.3,"hP":141.8,"brake":0,"onG":0}
{"t":391.4,"ph":"FINAL","s":-2919,"agl":141.9,"V":33.07,"Vc":33.18,"thr":0.2,"de":0.227,"flap":0,"pitch":1.9,"thC":1.3,"vs":-1.29,"wK":1,"y":143,"hP":141.5,"brake":0,"onG":0}
{"t":391.7,"ph":"FINAL","s":-2912,"agl":141.5,"V":33.06,"Vc":33.18,"thr":0.21,"de":0.226,"flap":0,"pitch":2,"thC":1.3,"vs":-1.31,"wK":1,"y":142.6,"hP":141.2,"brake":0,"onG":0}
{"t":392,"ph":"FINAL","s":-2905,"agl":141.2,"V":33.06,"Vc":33.18,"thr":0.21,"de":0.225,"flap":0,"pitch":2,"thC":1.3,"vs":-1.32,"wK":1,"y":142.3,"hP":140.9,"brake":0,"onG":0}
{"t":392.2,"ph":"FINAL","s":-2898,"agl":140.8,"V":33.07,"Vc":33.18,"thr":0.21,"de":0.226,"flap":0,"pitch":2,"thC":1.3,"vs":-1.32,"wK":1,"y":141.9,"hP":140.5,"brake":0,"onG":0}
{"t":392.5,"ph":"FINAL","s":-2891,"agl":140.5,"V":33.09,"Vc":33.18,"thr":0.2,"de":0.228,"flap":0,"pitch":2,"thC":1.4,"vs":-1.32,"wK":1,"y":141.6,"hP":140.2,"brake":0,"onG":0}
{"t":392.8,"ph":"FINAL","s":-2884,"agl":140.1,"V":33.11,"Vc":33.18,"thr":0.2,"de":0.23,"flap":0,"pitch":2,"thC":1.5,"vs":-1.31,"wK":1,"y":141.2,"hP":139.9,"brake":0,"onG":0}
{"t":393,"ph":"FINAL","s":-2877,"agl":139.8,"V":33.13,"Vc":33.18,"thr":0.19,"de":0.231,"flap":0,"pitch":2,"thC":1.5,"vs":-1.29,"wK":1,"y":140.9,"hP":139.6,"brake":0,"onG":0}
{"t":393.3,"ph":"FINAL","s":-2870,"agl":139.4,"V":33.14,"Vc":33.18,"thr":0.19,"de":0.231,"flap":0,"pitch":1.9,"thC":1.5,"vs":-1.28,"wK":1,"y":140.5,"hP":139.2,"brake":0,"onG":0}
{"t":393.6,"ph":"FINAL","s":-2863,"agl":139.1,"V":33.13,"Vc":33.18,"thr":0.19,"de":0.23,"flap":0,"pitch":1.9,"thC":1.5,"vs":-1.28,"wK":1,"y":140.2,"hP":138.9,"brake":0,"onG":0}
{"t":393.8,"ph":"FINAL","s":-2856,"agl":138.7,"V":33.12,"Vc":33.18,"thr":0.2,"de":0.228,"flap":0,"pitch":1.9,"thC":1.4,"vs":-1.29,"wK":1,"y":139.8,"hP":138.6,"brake":0,"onG":0}
{"t":394.1,"ph":"FINAL","s":-2849,"agl":138.4,"V":33.11,"Vc":33.18,"thr":0.2,"de":0.227,"flap":0,"pitch":1.9,"thC":1.4,"vs":-1.29,"wK":1,"y":139.5,"hP":138.3,"brake":0,"onG":0}
{"t":394.4,"ph":"FINAL","s":-2842,"agl":138,"V":33.11,"Vc":33.18,"thr":0.2,"de":0.227,"flap":0,"pitch":1.9,"thC":1.4,"vs":-1.3,"wK":1,"y":139.1,"hP":137.9,"brake":0,"onG":0}
{"t":394.6,"ph":"FINAL","s":-2835,"agl":137.7,"V":33.12,"Vc":33.18,"thr":0.2,"de":0.227,"flap":0,"pitch":1.9,"thC":1.4,"vs":-1.31,"wK":1,"y":138.8,"hP":137.6,"brake":0,"onG":0}
{"t":394.9,"ph":"FINAL","s":-2828,"agl":137.3,"V":33.14,"Vc":33.18,"thr":0.2,"de":0.229,"flap":0,"pitch":1.9,"thC":1.5,"vs":-1.31,"wK":1,"y":138.4,"hP":137.3,"brake":0,"onG":0}
{"t":395.2,"ph":"FINAL","s":-2821,"agl":137,"V":33.16,"Vc":33.18,"thr":0.19,"de":0.23,"flap":0,"pitch":1.9,"thC":1.6,"vs":-1.3,"wK":1,"y":138.1,"hP":137,"brake":0,"onG":0}
{"t":395.4,"ph":"FINAL","s":-2814,"agl":136.6,"V":33.18,"Vc":33.18,"thr":0.19,"de":0.231,"flap":0,"pitch":1.9,"thC":1.6,"vs":-1.3,"wK":1,"y":137.7,"hP":136.7,"brake":0,"onG":0}
{"t":395.7,"ph":"FINAL","s":-2807,"agl":136.3,"V":33.19,"Vc":33.18,"thr":0.19,"de":0.231,"flap":0,"pitch":1.9,"thC":1.6,"vs":-1.29,"wK":1,"y":137.4,"hP":136.3,"brake":0,"onG":0}
{"t":396,"ph":"FINAL","s":-2800,"agl":136,"V":33.18,"Vc":33.18,"thr":0.19,"de":0.23,"flap":0,"pitch":1.9,"thC":1.6,"vs":-1.29,"wK":1,"y":137.1,"hP":136,"brake":0,"onG":0}
{"t":396.2,"ph":"FINAL","s":-2793,"agl":135.6,"V":33.17,"Vc":33.18,"thr":0.19,"de":0.228,"flap":0,"pitch":1.9,"thC":1.6,"vs":-1.29,"wK":1,"y":136.7,"hP":135.7,"brake":0,"onG":0}
{"t":396.5,"ph":"FINAL","s":-2786,"agl":135.3,"V":33.16,"Vc":33.18,"thr":0.2,"de":0.226,"flap":0,"pitch":2,"thC":1.5,"vs":-1.3,"wK":1,"y":136.4,"hP":135.4,"brake":0,"onG":0}
{"t":396.8,"ph":"FINAL","s":-2779,"agl":134.9,"V":33.15,"Vc":33.18,"thr":0.2,"de":0.225,"flap":0,"pitch":2,"thC":1.5,"vs":-1.31,"wK":1,"y":136,"hP":135,"brake":0,"onG":0}
{"t":397,"ph":"FINAL","s":-2772,"agl":134.6,"V":33.16,"Vc":33.18,"thr":0.2,"de":0.226,"flap":0,"pitch":2,"thC":1.6,"vs":-1.31,"wK":1,"y":135.7,"hP":134.7,"brake":0,"onG":0}
{"t":397.3,"ph":"FINAL","s":-2765,"agl":134.2,"V":33.17,"Vc":33.18,"thr":0.2,"de":0.227,"flap":0,"pitch":2,"thC":1.6,"vs":-1.31,"wK":1,"y":135.3,"hP":134.4,"brake":0,"onG":0}
{"t":397.6,"ph":"FINAL","s":-2758,"agl":133.9,"V":33.18,"Vc":33.18,"thr":0.19,"de":0.229,"flap":0,"pitch":2,"thC":1.7,"vs":-1.3,"wK":1,"y":135,"hP":134.1,"brake":0,"onG":0}
{"t":397.8,"ph":"FINAL","s":-2751,"agl":133.5,"V":33.2,"Vc":33.18,"thr":0.19,"de":0.23,"flap":0,"pitch":2,"thC":1.7,"vs":-1.28,"wK":1,"y":134.6,"hP":133.8,"brake":0,"onG":0}
{"t":398.1,"ph":"FINAL","s":-2744,"agl":133.2,"V":33.21,"Vc":33.18,"thr":0.19,"de":0.231,"flap":0,"pitch":2,"thC":1.7,"vs":-1.27,"wK":1,"y":134.3,"hP":133.4,"brake":0,"onG":0}
{"t":398.4,"ph":"FINAL","s":-2737,"agl":132.9,"V":33.2,"Vc":33.18,"thr":0.19,"de":0.231,"flap":0,"pitch":2,"thC":1.7,"vs":-1.26,"wK":1,"y":134,"hP":133.1,"brake":0,"onG":0}
{"t":398.6,"ph":"FINAL","s":-2730,"agl":132.5,"V":33.19,"Vc":33.18,"thr":0.19,"de":0.229,"flap":0,"pitch":2,"thC":1.6,"vs":-1.25,"wK":1,"y":133.6,"hP":132.8,"brake":0,"onG":0}
{"t":398.9,"ph":"FINAL","s":-2723,"agl":132.2,"V":33.18,"Vc":33.18,"thr":0.2,"de":0.227,"flap":0,"pitch":2,"thC":1.6,"vs":-1.26,"wK":1,"y":133.3,"hP":132.5,"brake":0,"onG":0}
{"t":399.2,"ph":"FINAL","s":-2716,"agl":131.8,"V":33.17,"Vc":33.18,"thr":0.2,"de":0.226,"flap":0,"pitch":2,"thC":1.6,"vs":-1.27,"wK":1,"y":132.9,"hP":132.2,"brake":0,"onG":0}
{"t":399.4,"ph":"FINAL","s":-2709,"agl":131.5,"V":33.17,"Vc":33.18,"thr":0.2,"de":0.227,"flap":0,"pitch":2,"thC":1.6,"vs":-1.27,"wK":1,"y":132.6,"hP":131.8,"brake":0,"onG":0}
{"t":399.7,"ph":"FINAL","s":-2702,"agl":131.2,"V":33.18,"Vc":33.18,"thr":0.2,"de":0.228,"flap":0,"pitch":2,"thC":1.6,"vs":-1.28,"wK":1,"y":132.3,"hP":131.5,"brake":0,"onG":0}
{"t":400,"ph":"FINAL","s":-2695,"agl":130.8,"V":33.2,"Vc":33.18,"thr":0.19,"de":0.229,"flap":0,"pitch":2,"thC":1.7,"vs":-1.28,"wK":1,"y":131.9,"hP":131.2,"brake":0,"onG":0}
{"t":400.2,"ph":"FINAL","s":-2688,"agl":130.5,"V":33.22,"Vc":33.18,"thr":0.19,"de":0.231,"flap":0,"pitch":2,"thC":1.8,"vs":-1.27,"wK":1,"y":131.6,"hP":130.9,"brake":0,"onG":0}
{"t":400.5,"ph":"FINAL","s":-2681,"agl":130.2,"V":33.24,"Vc":33.18,"thr":0.18,"de":0.232,"flap":0,"pitch":1.9,"thC":1.8,"vs":-1.26,"wK":1,"y":131.2,"hP":130.6,"brake":0,"onG":0}
{"t":400.8,"ph":"FINAL","s":-2674,"agl":129.8,"V":33.24,"Vc":33.18,"thr":0.18,"de":0.231,"flap":0,"pitch":1.9,"thC":1.8,"vs":-1.26,"wK":1,"y":130.9,"hP":130.2,"brake":0,"onG":0}
{"t":401,"ph":"FINAL","s":-2667,"agl":129.5,"V":33.21,"Vc":33.18,"thr":0.19,"de":0.229,"flap":0,"pitch":2,"thC":1.7,"vs":-1.26,"wK":1,"y":130.6,"hP":129.9,"brake":0,"onG":0}
{"t":401.3,"ph":"FINAL","s":-2660,"agl":129.1,"V":33.17,"Vc":33.18,"thr":0.2,"de":0.226,"flap":0,"pitch":2,"thC":1.6,"vs":-1.26,"wK":1,"y":130.2,"hP":129.6,"brake":0,"onG":0}
{"t":401.6,"ph":"FINAL","s":-2654,"agl":128.8,"V":33.14,"Vc":33.18,"thr":0.21,"de":0.223,"flap":0,"pitch":2,"thC":1.5,"vs":-1.27,"wK":1,"y":129.9,"hP":129.3,"brake":0,"onG":0}
{"t":401.8,"ph":"FINAL","s":-2647,"agl":128.5,"V":33.12,"Vc":33.18,"thr":0.22,"de":0.223,"flap":0,"pitch":2,"thC":1.5,"vs":-1.28,"wK":1,"y":129.6,"hP":129,"brake":0,"onG":0}
{"t":402.1,"ph":"FINAL","s":-2640,"agl":128.1,"V":33.11,"Vc":33.18,"thr":0.22,"de":0.223,"flap":0,"pitch":2,"thC":1.5,"vs":-1.28,"wK":1,"y":129.2,"hP":128.6,"brake":0,"onG":0}
{"t":402.4,"ph":"FINAL","s":-2633,"agl":127.8,"V":33.12,"Vc":33.18,"thr":0.22,"de":0.225,"flap":0,"pitch":2,"thC":1.5,"vs":-1.27,"wK":1,"y":128.9,"hP":128.3,"brake":0,"onG":0}
{"t":402.6,"ph":"FINAL","s":-2626,"agl":127.4,"V":33.14,"Vc":33.18,"thr":0.21,"de":0.227,"flap":0,"pitch":2,"thC":1.6,"vs":-1.26,"wK":1,"y":128.5,"hP":128,"brake":0,"onG":0}
{"t":402.9,"ph":"FINAL","s":-2619,"agl":127.1,"V":33.15,"Vc":33.18,"thr":0.21,"de":0.228,"flap":0,"pitch":2,"thC":1.6,"vs":-1.24,"wK":1,"y":128.2,"hP":127.7,"brake":0,"onG":0}
{"t":403.2,"ph":"FINAL","s":-2612,"agl":126.8,"V":33.14,"Vc":33.18,"thr":0.21,"de":0.228,"flap":0,"pitch":1.9,"thC":1.6,"vs":-1.24,"wK":1,"y":127.9,"hP":127.4,"brake":0,"onG":0}
{"t":403.4,"ph":"FINAL","s":-2605,"agl":126.5,"V":33.13,"Vc":33.18,"thr":0.22,"de":0.226,"flap":0,"pitch":1.9,"thC":1.5,"vs":-1.23,"wK":1,"y":127.6,"hP":127,"brake":0,"onG":0}
{"t":403.7,"ph":"FINAL","s":-2598,"agl":126.1,"V":33.11,"Vc":33.18,"thr":0.22,"de":0.224,"flap":0,"pitch":1.9,"thC":1.4,"vs":-1.24,"wK":1,"y":127.2,"hP":126.7,"brake":0,"onG":0}
{"t":404,"ph":"FINAL","s":-2591,"agl":125.8,"V":33.08,"Vc":33.18,"thr":0.23,"de":0.222,"flap":0,"pitch":1.9,"thC":1.4,"vs":-1.25,"wK":1,"y":126.9,"hP":126.4,"brake":0,"onG":0}
{"t":404.2,"ph":"FINAL","s":-2584,"agl":125.5,"V":33.06,"Vc":33.18,"thr":0.23,"de":0.221,"flap":0,"pitch":1.9,"thC":1.3,"vs":-1.26,"wK":1,"y":126.6,"hP":126.1,"brake":0,"onG":0}
{"t":404.5,"ph":"FINAL","s":-2577,"agl":125.1,"V":33.06,"Vc":33.18,"thr":0.24,"de":0.221,"flap":0,"pitch":1.9,"thC":1.3,"vs":-1.27,"wK":1,"y":126.2,"hP":125.8,"brake":0,"onG":0}
{"t":404.8,"ph":"FINAL","s":-2570,"agl":124.8,"V":33.07,"Vc":33.18,"thr":0.23,"de":0.222,"flap":0,"pitch":1.9,"thC":1.4,"vs":-1.27,"wK":1,"y":125.9,"hP":125.4,"brake":0,"onG":0}
{"t":405,"ph":"FINAL","s":-2563,"agl":124.4,"V":33.08,"Vc":33.18,"thr":0.23,"de":0.223,"flap":0,"pitch":1.9,"thC":1.4,"vs":-1.27,"wK":1,"y":125.5,"hP":125.1,"brake":0,"onG":0}
{"t":405.3,"ph":"FINAL","s":-2556,"agl":124.1,"V":33.02,"Vc":33.18,"thr":0.25,"de":0.221,"flap":0,"pitch":1.9,"thC":1.2,"vs":-1.27,"wK":1,"y":125.2,"hP":124.8,"brake":0,"onG":0}
{"t":405.6,"ph":"FINAL","s":-2549,"agl":123.8,"V":32.97,"Vc":33.18,"thr":0.26,"de":0.218,"flap":0,"pitch":1.9,"thC":1.1,"vs":-1.27,"wK":1,"y":124.9,"hP":124.5,"brake":0,"onG":0}
{"t":405.8,"ph":"FINAL","s":-2542,"agl":123.4,"V":32.92,"Vc":33.18,"thr":0.27,"de":0.215,"flap":0,"pitch":1.9,"thC":0.9,"vs":-1.27,"wK":1,"y":124.5,"hP":124.1,"brake":0,"onG":0}
{"t":406.1,"ph":"FINAL","s":-2535,"agl":123.1,"V":32.87,"Vc":33.18,"thr":0.29,"de":0.211,"flap":0,"pitch":1.9,"thC":0.8,"vs":-1.28,"wK":1,"y":124.2,"hP":123.8,"brake":0,"onG":0}
{"t":406.4,"ph":"FINAL","s":-2528,"agl":122.7,"V":32.83,"Vc":33.18,"thr":0.3,"de":0.208,"flap":0,"pitch":1.9,"thC":0.6,"vs":-1.29,"wK":1,"y":123.8,"hP":123.5,"brake":0,"onG":0}
{"t":406.6,"ph":"FINAL","s":-2521,"agl":122.4,"V":32.8,"Vc":33.18,"thr":0.31,"de":0.207,"flap":0,"pitch":1.9,"thC":0.6,"vs":-1.3,"wK":1,"y":123.5,"hP":123.2,"brake":0,"onG":0}
{"t":406.9,"ph":"FINAL","s":-2514,"agl":122.1,"V":32.79,"Vc":33.18,"thr":0.31,"de":0.206,"flap":0,"pitch":1.9,"thC":0.6,"vs":-1.31,"wK":1,"y":123.1,"hP":122.8,"brake":0,"onG":0}
{"t":407.2,"ph":"FINAL","s":-2507,"agl":121.7,"V":32.8,"Vc":33.18,"thr":0.31,"de":0.208,"flap":0,"pitch":1.9,"thC":0.6,"vs":-1.32,"wK":1,"y":122.8,"hP":122.5,"brake":0,"onG":0}
{"t":407.4,"ph":"FINAL","s":-2499,"agl":121.3,"V":32.82,"Vc":33.18,"thr":0.3,"de":0.21,"flap":0,"pitch":1.9,"thC":0.7,"vs":-1.31,"wK":1,"y":122.4,"hP":122.2,"brake":0,"onG":0}
{"t":407.7,"ph":"FINAL","s":-2492,"agl":121,"V":32.84,"Vc":33.18,"thr":0.3,"de":0.211,"flap":0,"pitch":1.8,"thC":0.7,"vs":-1.31,"wK":1,"y":122.1,"hP":121.9,"brake":0,"onG":0}
{"t":408,"ph":"FINAL","s":-2485,"agl":120.7,"V":32.85,"Vc":33.18,"thr":0.3,"de":0.212,"flap":0,"pitch":1.8,"thC":0.7,"vs":-1.3,"wK":1,"y":121.7,"hP":121.5,"brake":0,"onG":0}
{"t":408.2,"ph":"FINAL","s":-2478,"agl":120.3,"V":32.85,"Vc":33.18,"thr":0.3,"de":0.211,"flap":0,"pitch":1.8,"thC":0.7,"vs":-1.3,"wK":1,"y":121.4,"hP":121.2,"brake":0,"onG":0}
{"t":408.5,"ph":"FINAL","s":-2471,"agl":120,"V":32.84,"Vc":33.18,"thr":0.3,"de":0.209,"flap":0,"pitch":1.8,"thC":0.7,"vs":-1.31,"wK":1,"y":121.1,"hP":120.9,"brake":0,"onG":0}
{"t":408.8,"ph":"FINAL","s":-2463,"agl":119.6,"V":32.83,"Vc":33.18,"thr":0.3,"de":0.207,"flap":0,"pitch":1.8,"thC":0.6,"vs":-1.32,"wK":1,"y":120.7,"hP":120.5,"brake":0,"onG":0}
{"t":409,"ph":"FINAL","s":-2456,"agl":119.3,"V":32.81,"Vc":33.18,"thr":0.31,"de":0.205,"flap":0,"pitch":1.8,"thC":0.6,"vs":-1.33,"wK":1,"y":120.4,"hP":120.2,"brake":0,"onG":0}
{"t":409.3,"ph":"FINAL","s":-2449,"agl":118.9,"V":32.81,"Vc":33.18,"thr":0.31,"de":0.205,"flap":0,"pitch":1.8,"thC":0.6,"vs":-1.35,"wK":1,"y":120,"hP":119.9,"brake":0,"onG":0}
{"t":409.6,"ph":"FINAL","s":-2441,"agl":118.5,"V":32.83,"Vc":33.18,"thr":0.31,"de":0.206,"flap":0,"pitch":1.8,"thC":0.6,"vs":-1.36,"wK":1,"y":119.6,"hP":119.5,"brake":0,"onG":0}
{"t":409.8,"ph":"FINAL","s":-2434,"agl":118.2,"V":32.85,"Vc":33.18,"thr":0.3,"de":0.207,"flap":0,"pitch":1.8,"thC":0.7,"vs":-1.37,"wK":1,"y":119.3,"hP":119.2,"brake":0,"onG":0}
{"t":410.1,"ph":"FINAL","s":-2427,"agl":117.8,"V":32.88,"Vc":33.18,"thr":0.3,"de":0.209,"flap":0,"pitch":1.8,"thC":0.8,"vs":-1.37,"wK":1,"y":118.9,"hP":118.8,"brake":0,"onG":0}
{"t":410.4,"ph":"FINAL","s":-2419,"agl":117.4,"V":32.91,"Vc":33.18,"thr":0.29,"de":0.21,"flap":0,"pitch":1.7,"thC":0.9,"vs":-1.36,"wK":1,"y":118.5,"hP":118.5,"brake":0,"onG":0}
{"t":410.6,"ph":"FINAL","s":-2412,"agl":117.1,"V":32.92,"Vc":33.18,"thr":0.29,"de":0.21,"flap":0,"pitch":1.7,"thC":0.9,"vs":-1.36,"wK":1,"y":118.2,"hP":118.2,"brake":0,"onG":0}
{"t":410.9,"ph":"FINAL","s":-2404,"agl":116.7,"V":32.93,"Vc":33.18,"thr":0.29,"de":0.209,"flap":0,"pitch":1.7,"thC":0.9,"vs":-1.36,"wK":1,"y":117.8,"hP":117.8,"brake":0,"onG":0}
{"t":411.2,"ph":"FINAL","s":-2397,"agl":116.4,"V":32.92,"Vc":33.18,"thr":0.29,"de":0.207,"flap":0,"pitch":1.7,"thC":0.9,"vs":-1.37,"wK":1,"y":117.4,"hP":117.5,"brake":0,"onG":0}
{"t":411.4,"ph":"FINAL","s":-2389,"agl":116,"V":32.92,"Vc":33.18,"thr":0.29,"de":0.206,"flap":0,"pitch":1.8,"thC":0.9,"vs":-1.37,"wK":1,"y":117.1,"hP":117.1,"brake":0,"onG":0}
{"t":411.7,"ph":"FINAL","s":-2382,"agl":115.6,"V":32.93,"Vc":33.18,"thr":0.29,"de":0.206,"flap":0,"pitch":1.8,"thC":0.9,"vs":-1.38,"wK":1,"y":116.7,"hP":116.8,"brake":0,"onG":0}
{"t":412,"ph":"FINAL","s":-2374,"agl":115.3,"V":32.96,"Vc":33.18,"thr":0.29,"de":0.207,"flap":0,"pitch":1.8,"thC":0.9,"vs":-1.38,"wK":1,"y":116.3,"hP":116.4,"brake":0,"onG":0}
{"t":412.2,"ph":"FINAL","s":-2367,"agl":114.9,"V":32.99,"Vc":33.18,"thr":0.28,"de":0.21,"flap":0,"pitch":1.8,"thC":1,"vs":-1.37,"wK":1,"y":116,"hP":116.1,"brake":0,"onG":0}
{"t":412.5,"ph":"FINAL","s":-2359,"agl":114.5,"V":33.03,"Vc":33.18,"thr":0.27,"de":0.212,"flap":0,"pitch":1.8,"thC":1.1,"vs":-1.36,"wK":1,"y":115.6,"hP":115.7,"brake":0,"onG":0}
{"t":412.8,"ph":"FINAL","s":-2352,"agl":114.2,"V":33.09,"Vc":33.18,"thr":0.25,"de":0.215,"flap":0,"pitch":1.7,"thC":1.3,"vs":-1.35,"wK":1,"y":115.3,"hP":115.4,"brake":0,"onG":0}
{"t":413,"ph":"FINAL","s":-2344,"agl":113.8,"V":33.14,"Vc":33.18,"thr":0.24,"de":0.217,"flap":0,"pitch":1.7,"thC":1.4,"vs":-1.35,"wK":1,"y":114.9,"hP":115,"brake":0,"onG":0}
{"t":413.3,"ph":"FINAL","s":-2336,"agl":113.4,"V":33.17,"Vc":33.18,"thr":0.23,"de":0.217,"flap":0,"pitch":1.7,"thC":1.5,"vs":-1.34,"wK":1,"y":114.5,"hP":114.7,"brake":0,"onG":0}
{"t":413.6,"ph":"FINAL","s":-2329,"agl":113.1,"V":33.18,"Vc":33.18,"thr":0.23,"de":0.216,"flap":0,"pitch":1.7,"thC":1.5,"vs":-1.35,"wK":1,"y":114.2,"hP":114.3,"brake":0,"onG":0}
{"t":413.8,"ph":"FINAL","s":-2321,"agl":112.7,"V":33.18,"Vc":33.18,"thr":0.23,"de":0.214,"flap":0,"pitch":1.7,"thC":1.5,"vs":-1.36,"wK":1,"y":113.8,"hP":114,"brake":0,"onG":0}
{"t":414.1,"ph":"FINAL","s":-2313,"agl":112.4,"V":33.18,"Vc":33.18,"thr":0.23,"de":0.214,"flap":0,"pitch":1.7,"thC":1.5,"vs":-1.36,"wK":1,"y":113.5,"hP":113.6,"brake":0,"onG":0}
{"t":414.4,"ph":"FINAL","s":-2306,"agl":112,"V":33.2,"Vc":33.18,"thr":0.23,"de":0.214,"flap":0,"pitch":1.8,"thC":1.5,"vs":-1.37,"wK":1,"y":113.1,"hP":113.3,"brake":0,"onG":0}
{"t":414.6,"ph":"FINAL","s":-2298,"agl":111.6,"V":33.22,"Vc":33.18,"thr":0.23,"de":0.216,"flap":0,"pitch":1.8,"thC":1.6,"vs":-1.37,"wK":1,"y":112.7,"hP":112.9,"brake":0,"onG":0}
{"t":414.9,"ph":"FINAL","s":-2290,"agl":111.3,"V":33.25,"Vc":33.18,"thr":0.22,"de":0.218,"flap":0,"pitch":1.8,"thC":1.7,"vs":-1.37,"wK":1,"y":112.4,"hP":112.6,"brake":0,"onG":0}
{"t":415.2,"ph":"FINAL","s":-2283,"agl":110.9,"V":33.29,"Vc":33.18,"thr":0.21,"de":0.22,"flap":0,"pitch":1.8,"thC":1.8,"vs":-1.36,"wK":1,"y":112,"hP":112.2,"brake":0,"onG":0}
{"t":415.4,"ph":"FINAL","s":-2275,"agl":110.5,"V":33.31,"Vc":33.18,"thr":0.21,"de":0.221,"flap":0,"pitch":1.7,"thC":1.8,"vs":-1.35,"wK":1,"y":111.6,"hP":111.9,"brake":0,"onG":0}
{"t":415.7,"ph":"FINAL","s":-2267,"agl":110.2,"V":33.32,"Vc":33.18,"thr":0.2,"de":0.221,"flap":0,"pitch":1.7,"thC":1.8,"vs":-1.35,"wK":1,"y":111.3,"hP":111.5,"brake":0,"onG":0}
{"t":416,"ph":"FINAL","s":-2260,"agl":109.8,"V":33.31,"Vc":33.18,"thr":0.2,"de":0.22,"flap":0,"pitch":1.7,"thC":1.8,"vs":-1.34,"wK":1,"y":110.9,"hP":111.2,"brake":0,"onG":0}
{"t":416.2,"ph":"FINAL","s":-2252,"agl":109.5,"V":33.3,"Vc":33.18,"thr":0.21,"de":0.218,"flap":0,"pitch":1.8,"thC":1.8,"vs":-1.34,"wK":1,"y":110.6,"hP":110.8,"brake":0,"onG":0}
{"t":416.5,"ph":"FINAL","s":-2244,"agl":109.1,"V":33.3,"Vc":33.18,"thr":0.21,"de":0.217,"flap":0,"pitch":1.8,"thC":1.8,"vs":-1.34,"wK":1,"y":110.2,"hP":110.5,"brake":0,"onG":0}
{"t":416.8,"ph":"FINAL","s":-2237,"agl":108.7,"V":33.3,"Vc":33.18,"thr":0.21,"de":0.218,"flap":0,"pitch":1.8,"thC":1.8,"vs":-1.34,"wK":1,"y":109.8,"hP":110.1,"brake":0,"onG":0}
{"t":417,"ph":"FINAL","s":-2229,"agl":108.4,"V":33.32,"Vc":33.18,"thr":0.2,"de":0.219,"flap":0,"pitch":1.8,"thC":1.8,"vs":-1.34,"wK":1,"y":109.5,"hP":109.8,"brake":0,"onG":0}
{"t":417.3,"ph":"FINAL","s":-2221,"agl":108,"V":33.34,"Vc":33.18,"thr":0.2,"de":0.221,"flap":0,"pitch":1.8,"thC":1.9,"vs":-1.33,"wK":1,"y":109.1,"hP":109.4,"brake":0,"onG":0}
{"t":417.6,"ph":"FINAL","s":-2214,"agl":107.7,"V":33.37,"Vc":33.18,"thr":0.19,"de":0.224,"flap":0,"pitch":1.8,"thC":2,"vs":-1.32,"wK":1,"y":108.8,"hP":109,"brake":0,"onG":0}
{"t":417.8,"ph":"FINAL","s":-2206,"agl":107.3,"V":33.38,"Vc":33.18,"thr":0.19,"de":0.225,"flap":0,"pitch":1.7,"thC":2,"vs":-1.31,"wK":1,"y":108.4,"hP":108.7,"brake":0,"onG":0}
{"t":418.1,"ph":"FINAL","s":-2198,"agl":107,"V":33.38,"Vc":33.18,"thr":0.19,"de":0.225,"flap":0,"pitch":1.7,"thC":2,"vs":-1.3,"wK":1,"y":108.1,"hP":108.3,"brake":0,"onG":0}
{"t":418.4,"ph":"FINAL","s":-2191,"agl":106.6,"V":33.37,"Vc":33.18,"thr":0.19,"de":0.223,"flap":0,"pitch":1.7,"thC":1.9,"vs":-1.3,"wK":1,"y":107.7,"hP":108,"brake":0,"onG":0}
{"t":418.6,"ph":"FINAL","s":-2183,"agl":106.3,"V":33.34,"Vc":33.18,"thr":0.2,"de":0.22,"flap":0,"pitch":1.7,"thC":1.8,"vs":-1.31,"wK":1,"y":107.4,"hP":107.6,"brake":0,"onG":0}
{"t":418.9,"ph":"FINAL","s":-2175,"agl":105.9,"V":33.32,"Vc":33.18,"thr":0.2,"de":0.218,"flap":0,"pitch":1.8,"thC":1.8,"vs":-1.32,"wK":1,"y":107,"hP":107.3,"brake":0,"onG":0}
{"t":419.2,"ph":"FINAL","s":-2168,"agl":105.6,"V":33.3,"Vc":33.18,"thr":0.21,"de":0.217,"flap":0,"pitch":1.8,"thC":1.8,"vs":-1.33,"wK":1,"y":106.7,"hP":106.9,"brake":0,"onG":0}
{"t":419.4,"ph":"FINAL","s":-2160,"agl":105.2,"V":33.3,"Vc":33.18,"thr":0.21,"de":0.218,"flap":0,"pitch":1.8,"thC":1.8,"vs":-1.33,"wK":1,"y":106.3,"hP":106.6,"brake":0,"onG":0}
{"t":419.7,"ph":"FINAL","s":-2152,"agl":104.9,"V":33.32,"Vc":33.18,"thr":0.2,"de":0.22,"flap":0,"pitch":1.8,"thC":1.9,"vs":-1.33,"wK":1,"y":106,"hP":106.2,"brake":0,"onG":0}
{"t":420,"ph":"FINAL","s":-2145,"agl":104.5,"V":33.33,"Vc":33.18,"thr":0.2,"de":0.222,"flap":0,"pitch":1.8,"thC":1.9,"vs":-1.33,"wK":1,"y":105.6,"hP":105.9,"brake":0,"onG":0}
{"t":420.2,"ph":"FINAL","s":-2137,"agl":104.2,"V":33.33,"Vc":33.18,"thr":0.2,"de":0.223,"flap":0,"pitch":1.8,"thC":1.9,"vs":-1.32,"wK":1,"y":105.3,"hP":105.5,"brake":0,"onG":0}
{"t":420.5,"ph":"FINAL","s":-2129,"agl":103.8,"V":33.33,"Vc":33.18,"thr":0.2,"de":0.223,"flap":0,"pitch":1.8,"thC":1.9,"vs":-1.31,"wK":1,"y":104.9,"hP":105.2,"brake":0,"onG":0}
{"t":420.8,"ph":"FINAL","s":-2121,"agl":103.5,"V":33.32,"Vc":33.18,"thr":0.2,"de":0.222,"flap":0,"pitch":1.8,"thC":1.9,"vs":-1.31,"wK":1,"y":104.6,"hP":104.8,"brake":0,"onG":0}
{"t":421,"ph":"FINAL","s":-2114,"agl":103.1,"V":33.3,"Vc":33.18,"thr":0.21,"de":0.22,"flap":0,"pitch":1.8,"thC":1.8,"vs":-1.31,"wK":1,"y":104.2,"hP":104.5,"brake":0,"onG":0}
{"t":421.3,"ph":"FINAL","s":-2106,"agl":102.8,"V":33.27,"Vc":33.18,"thr":0.21,"de":0.218,"flap":0,"pitch":1.8,"thC":1.7,"vs":-1.31,"wK":1,"y":103.9,"hP":104.1,"brake":0,"onG":0}
{"t":421.6,"ph":"FINAL","s":-2098,"agl":102.4,"V":33.26,"Vc":33.18,"thr":0.21,"de":0.217,"flap":0,"pitch":1.8,"thC":1.7,"vs":-1.31,"wK":1,"y":103.5,"hP":103.7,"brake":0,"onG":0}
{"t":421.8,"ph":"FINAL","s":-2091,"agl":102.1,"V":33.26,"Vc":33.18,"thr":0.21,"de":0.217,"flap":0,"pitch":1.8,"thC":1.7,"vs":-1.31,"wK":1,"y":103.2,"hP":103.4,"brake":0,"onG":0}
{"t":422.1,"ph":"FINAL","s":-2083,"agl":101.7,"V":33.27,"Vc":33.18,"thr":0.21,"de":0.219,"flap":0,"pitch":1.8,"thC":1.8,"vs":-1.31,"wK":1,"y":102.8,"hP":103,"brake":0,"onG":0}
{"t":422.4,"ph":"FINAL","s":-2075,"agl":101.4,"V":33.28,"Vc":33.18,"thr":0.21,"de":0.221,"flap":0,"pitch":1.8,"thC":1.8,"vs":-1.3,"wK":1,"y":102.5,"hP":102.7,"brake":0,"onG":0}
{"t":422.6,"ph":"FINAL","s":-2068,"agl":101,"V":33.3,"Vc":33.18,"thr":0.2,"de":0.223,"flap":0,"pitch":1.8,"thC":1.9,"vs":-1.3,"wK":1,"y":102.1,"hP":102.3,"brake":0,"onG":0}
{"t":422.9,"ph":"FINAL","s":-2060,"agl":100.7,"V":33.31,"Vc":33.18,"thr":0.2,"de":0.223,"flap":0,"pitch":1.7,"thC":1.9,"vs":-1.29,"wK":1,"y":101.8,"hP":102,"brake":0,"onG":0}
{"t":423.2,"ph":"FINAL","s":-2052,"agl":100.3,"V":33.3,"Vc":33.18,"thr":0.2,"de":0.223,"flap":0,"pitch":1.7,"thC":1.9,"vs":-1.29,"wK":1,"y":101.4,"hP":101.6,"brake":0,"onG":0}
{"t":423.4,"ph":"FINAL","s":-2045,"agl":100,"V":33.28,"Vc":33.18,"thr":0.2,"de":0.221,"flap":0,"pitch":1.7,"thC":1.8,"vs":-1.3,"wK":1,"y":101.1,"hP":101.3,"brake":0,"onG":0}
{"t":423.7,"ph":"FINAL","s":-2037,"agl":99.6,"V":33.26,"Vc":33.18,"thr":0.21,"de":0.218,"flap":0,"pitch":1.8,"thC":1.7,"vs":-1.31,"wK":1,"y":100.7,"hP":100.9,"brake":0,"onG":0}
{"t":424,"ph":"FINAL","s":-2029,"agl":99.3,"V":33.24,"Vc":33.18,"thr":0.22,"de":0.217,"flap":0,"pitch":1.8,"thC":1.7,"vs":-1.32,"wK":1,"y":100.4,"hP":100.6,"brake":0,"onG":0}
{"t":424.2,"ph":"FINAL","s":-2021,"agl":98.9,"V":33.23,"Vc":33.18,"thr":0.22,"de":0.216,"flap":0,"pitch":1.8,"thC":1.7,"vs":-1.33,"wK":1,"y":100,"hP":100.2,"brake":0,"onG":0}
{"t":424.5,"ph":"FINAL","s":-2014,"agl":98.6,"V":33.24,"Vc":33.18,"thr":0.21,"de":0.218,"flap":0,"pitch":1.8,"thC":1.8,"vs":-1.33,"wK":1,"y":99.7,"hP":99.9,"brake":0,"onG":0}
{"t":424.8,"ph":"FINAL","s":-2006,"agl":98.2,"V":33.26,"Vc":33.18,"thr":0.21,"de":0.22,"flap":0,"pitch":1.8,"thC":1.8,"vs":-1.33,"wK":1,"y":99.3,"hP":99.5,"brake":0,"onG":0}
{"t":425,"ph":"FINAL","s":-1998,"agl":97.9,"V":33.29,"Vc":33.18,"thr":0.2,"de":0.223,"flap":0,"pitch":1.8,"thC":1.9,"vs":-1.33,"wK":1,"y":99,"hP":99.1,"brake":0,"onG":0}
{"t":425.3,"ph":"FINAL","s":-1991,"agl":97.5,"V":33.31,"Vc":33.18,"thr":0.2,"de":0.225,"flap":0,"pitch":1.8,"thC":2,"vs":-1.32,"wK":1,"y":98.6,"hP":98.8,"brake":0,"onG":0}
{"t":425.6,"ph":"FINAL","s":-1983,"agl":97.2,"V":33.32,"Vc":33.18,"thr":0.19,"de":0.225,"flap":0,"pitch":1.8,"thC":2,"vs":-1.31,"wK":1,"y":98.3,"hP":98.4,"brake":0,"onG":0}
{"t":425.8,"ph":"FINAL","s":-1975,"agl":96.8,"V":33.31,"Vc":33.18,"thr":0.19,"de":0.224,"flap":0,"pitch":1.8,"thC":2,"vs":-1.31,"wK":1,"y":97.9,"hP":98.1,"brake":0,"onG":0}
{"t":426.1,"ph":"FINAL","s":-1968,"agl":96.5,"V":33.3,"Vc":33.18,"thr":0.2,"de":0.223,"flap":0,"pitch":1.8,"thC":2,"vs":-1.31,"wK":1,"y":97.6,"hP":97.7,"brake":0,"onG":0}
{"t":426.4,"ph":"FINAL","s":-1960,"agl":96.1,"V":33.29,"Vc":33.18,"thr":0.2,"de":0.221,"flap":0,"pitch":1.8,"thC":1.9,"vs":-1.31,"wK":1,"y":97.2,"hP":97.4,"brake":0,"onG":0}
{"t":426.6,"ph":"FINAL","s":-1952,"agl":95.8,"V":33.28,"Vc":33.18,"thr":0.2,"de":0.221,"flap":0,"pitch":1.8,"thC":1.9,"vs":-1.32,"wK":1,"y":96.9,"hP":97,"brake":0,"onG":0}
{"t":426.9,"ph":"FINAL","s":-1944,"agl":95.4,"V":33.29,"Vc":33.18,"thr":0.2,"de":0.221,"flap":0,"pitch":1.8,"thC":1.9,"vs":-1.32,"wK":1,"y":96.5,"hP":96.7,"brake":0,"onG":0}
{"t":427.2,"ph":"FINAL","s":-1937,"agl":95.1,"V":33.28,"Vc":33.18,"thr":0.2,"de":0.222,"flap":0,"pitch":1.8,"thC":1.9,"vs":-1.31,"wK":1,"y":96.2,"hP":96.3,"brake":0,"onG":0}
{"t":427.4,"ph":"FINAL","s":-1929,"agl":94.7,"V":33.26,"Vc":33.18,"thr":0.2,"de":0.222,"flap":0,"pitch":1.8,"thC":1.9,"vs":-1.31,"wK":1,"y":95.8,"hP":96,"brake":0,"onG":0}
{"t":427.7,"ph":"FINAL","s":-1921,"agl":94.4,"V":33.25,"Vc":33.18,"thr":0.21,"de":0.222,"flap":0,"pitch":1.8,"thC":1.8,"vs":-1.3,"wK":1,"y":95.5,"hP":95.6,"brake":0,"onG":0}
{"t":428,"ph":"FINAL","s":-1914,"agl":94,"V":33.23,"Vc":33.18,"thr":0.21,"de":0.222,"flap":0,"pitch":1.8,"thC":1.8,"vs":-1.3,"wK":1,"y":95.1,"hP":95.2,"brake":0,"onG":0}
{"t":428.2,"ph":"FINAL","s":-1906,"agl":93.7,"V":33.2,"Vc":33.18,"thr":0.22,"de":0.22,"flap":0,"pitch":1.8,"thC":1.7,"vs":-1.3,"wK":1,"y":94.8,"hP":94.9,"brake":0,"onG":0}
{"t":428.5,"ph":"FINAL","s":-1898,"agl":93.3,"V":33.17,"Vc":33.18,"thr":0.23,"de":0.217,"flap":0,"pitch":1.8,"thC":1.6,"vs":-1.31,"wK":1,"y":94.4,"hP":94.5,"brake":0,"onG":0}
{"t":428.8,"ph":"FINAL","s":-1890,"agl":93,"V":33.12,"Vc":33.18,"thr":0.24,"de":0.213,"flap":0,"pitch":1.8,"thC":1.5,"vs":-1.33,"wK":1,"y":94.1,"hP":94.2,"brake":0,"onG":0}
{"t":429,"ph":"FINAL","s":-1883,"agl":92.6,"V":33.09,"Vc":33.18,"thr":0.25,"de":0.211,"flap":0,"pitch":1.8,"thC":1.4,"vs":-1.34,"wK":1,"y":93.7,"hP":93.8,"brake":0,"onG":0}
{"t":429.3,"ph":"FINAL","s":-1875,"agl":92.3,"V":33.07,"Vc":33.18,"thr":0.25,"de":0.211,"flap":0,"pitch":1.8,"thC":1.3,"vs":-1.35,"wK":1,"y":93.3,"hP":93.5,"brake":0,"onG":0}
{"t":429.6,"ph":"FINAL","s":-1867,"agl":91.9,"V":33.08,"Vc":33.18,"thr":0.25,"de":0.212,"flap":0,"pitch":1.9,"thC":1.4,"vs":-1.35,"wK":1,"y":93,"hP":93.1,"brake":0,"onG":0}
{"t":429.8,"ph":"FINAL","s":-1859,"agl":91.5,"V":33.09,"Vc":33.18,"thr":0.24,"de":0.214,"flap":0,"pitch":1.8,"thC":1.4,"vs":-1.34,"wK":1,"y":92.6,"hP":92.8,"brake":0,"onG":0}
{"t":430.1,"ph":"FINAL","s":-1852,"agl":91.2,"V":33.11,"Vc":33.18,"thr":0.24,"de":0.216,"flap":0,"pitch":1.8,"thC":1.5,"vs":-1.34,"wK":1,"y":92.3,"hP":92.4,"brake":0,"onG":0}
{"t":430.4,"ph":"FINAL","s":-1844,"agl":90.8,"V":33.12,"Vc":33.18,"thr":0.23,"de":0.218,"flap":0,"pitch":1.8,"thC":1.5,"vs":-1.33,"wK":1,"y":91.9,"hP":92,"brake":0,"onG":0}
{"t":430.6,"ph":"FINAL","s":-1836,"agl":90.5,"V":33.13,"Vc":33.18,"thr":0.23,"de":0.218,"flap":0,"pitch":1.7,"thC":1.5,"vs":-1.33,"wK":1,"y":91.6,"hP":91.7,"brake":0,"onG":0}
{"t":430.9,"ph":"FINAL","s":-1828,"agl":90.1,"V":33.12,"Vc":33.18,"thr":0.24,"de":0.216,"flap":0,"pitch":1.7,"thC":1.5,"vs":-1.33,"wK":1,"y":91.2,"hP":91.3,"brake":0,"onG":0}
{"t":431.2,"ph":"FINAL","s":-1820,"agl":89.8,"V":33.1,"Vc":33.18,"thr":0.24,"de":0.214,"flap":0,"pitch":1.7,"thC":1.4,"vs":-1.33,"wK":1,"y":90.9,"hP":91,"brake":0,"onG":0}
{"t":431.4,"ph":"FINAL","s":-1813,"agl":89.4,"V":33.08,"Vc":33.18,"thr":0.24,"de":0.212,"flap":0,"pitch":1.7,"thC":1.4,"vs":-1.34,"wK":1,"y":90.5,"hP":90.6,"brake":0,"onG":0}
{"t":431.7,"ph":"FINAL","s":-1805,"agl":89,"V":33.07,"Vc":33.18,"thr":0.25,"de":0.211,"flap":0,"pitch":1.8,"thC":1.4,"vs":-1.35,"wK":1,"y":90.1,"hP":90.2,"brake":0,"onG":0}
{"t":432,"ph":"FINAL","s":-1797,"agl":88.7,"V":33.08,"Vc":33.18,"thr":0.24,"de":0.212,"flap":0,"pitch":1.8,"thC":1.4,"vs":-1.35,"wK":1,"y":89.8,"hP":89.9,"brake":0,"onG":0}
{"t":432.2,"ph":"FINAL","s":-1789,"agl":88.3,"V":33.09,"Vc":33.18,"thr":0.24,"de":0.213,"flap":0,"pitch":1.8,"thC":1.4,"vs":-1.35,"wK":1,"y":89.4,"hP":89.5,"brake":0,"onG":0}
{"t":432.5,"ph":"FINAL","s":-1781,"agl":88,"V":33.11,"Vc":33.18,"thr":0.24,"de":0.215,"flap":0,"pitch":1.7,"thC":1.5,"vs":-1.35,"wK":1,"y":89.1,"hP":89.2,"brake":0,"onG":0}
{"t":432.8,"ph":"FINAL","s":-1773,"agl":87.6,"V":33.12,"Vc":33.18,"thr":0.23,"de":0.216,"flap":0,"pitch":1.7,"thC":1.5,"vs":-1.34,"wK":1,"y":88.7,"hP":88.8,"brake":0,"onG":0}
{"t":433,"ph":"FINAL","s":-1766,"agl":87.2,"V":33.12,"Vc":33.18,"thr":0.23,"de":0.216,"flap":0,"pitch":1.7,"thC":1.5,"vs":-1.35,"wK":1,"y":88.3,"hP":88.4,"brake":0,"onG":0}
{"t":433.3,"ph":"FINAL","s":-1758,"agl":86.9,"V":33.12,"Vc":33.18,"thr":0.23,"de":0.215,"flap":0,"pitch":1.7,"thC":1.5,"vs":-1.35,"wK":1,"y":88,"hP":88.1,"brake":0,"onG":0}
{"t":433.6,"ph":"FINAL","s":-1750,"agl":86.5,"V":33.1,"Vc":33.18,"thr":0.24,"de":0.213,"flap":0,"pitch":1.7,"thC":1.4,"vs":-1.36,"wK":1,"y":87.6,"hP":87.7,"brake":0,"onG":0}
{"t":433.8,"ph":"FINAL","s":-1742,"agl":86.2,"V":33.08,"Vc":33.18,"thr":0.24,"de":0.211,"flap":0,"pitch":1.7,"thC":1.4,"vs":-1.37,"wK":1,"y":87.3,"hP":87.3,"brake":0,"onG":0}
{"t":434.1,"ph":"FINAL","s":-1734,"agl":82.5,"V":33,"Vc":33.18,"thr":0.26,"de":0.207,"flap":0,"pitch":1.7,"thC":1.1,"vs":-1.38,"wK":1,"y":86.9,"hP":87,"brake":0,"onG":0}
{"t":434.4,"ph":"FINAL","s":-1726,"agl":80.9,"V":33.05,"Vc":33.18,"thr":0.25,"de":0.21,"flap":0,"pitch":1.8,"thC":1.3,"vs":-1.39,"wK":1,"y":86.5,"hP":86.6,"brake":0,"onG":0}
{"t":434.6,"ph":"FINAL","s":-1718,"agl":79.6,"V":33.1,"Vc":33.18,"thr":0.24,"de":0.213,"flap":0,"pitch":1.7,"thC":1.4,"vs":-1.39,"wK":1,"y":86.1,"hP":86.2,"brake":0,"onG":0}
{"t":434.9,"ph":"FINAL","s":-1710,"agl":78.7,"V":33.15,"Vc":33.18,"thr":0.23,"de":0.217,"flap":0,"pitch":1.7,"thC":1.6,"vs":-1.38,"wK":1,"y":85.8,"hP":85.9,"brake":0,"onG":0}
{"t":435.2,"ph":"FINAL","s":-1702,"agl":77.4,"V":33.19,"Vc":33.18,"thr":0.21,"de":0.22,"flap":0,"pitch":1.7,"thC":1.7,"vs":-1.37,"wK":1,"y":85.4,"hP":85.5,"brake":0,"onG":0}
{"t":435.4,"ph":"FINAL","s":-1694,"agl":75.2,"V":33.21,"Vc":33.18,"thr":0.21,"de":0.221,"flap":0,"pitch":1.6,"thC":1.8,"vs":-1.37,"wK":1,"y":85,"hP":85.2,"brake":0,"onG":0}
{"t":435.7,"ph":"FINAL","s":-1686,"agl":73,"V":33.22,"Vc":33.18,"thr":0.21,"de":0.221,"flap":0,"pitch":1.6,"thC":1.7,"vs":-1.37,"wK":1,"y":84.7,"hP":84.8,"brake":0,"onG":0}
{"t":436,"ph":"FINAL","s":-1678,"agl":71.8,"V":33.22,"Vc":33.18,"thr":0.21,"de":0.22,"flap":0,"pitch":1.6,"thC":1.7,"vs":-1.37,"wK":1,"y":84.3,"hP":84.4,"brake":0,"onG":0}
{"t":436.2,"ph":"FINAL","s":-1670,"agl":70.9,"V":33.22,"Vc":33.18,"thr":0.21,"de":0.219,"flap":0,"pitch":1.6,"thC":1.7,"vs":-1.37,"wK":1,"y":83.9,"hP":84,"brake":0,"onG":0}
{"t":436.5,"ph":"FINAL","s":-1662,"agl":69.3,"V":33.21,"Vc":33.18,"thr":0.21,"de":0.218,"flap":0,"pitch":1.6,"thC":1.7,"vs":-1.37,"wK":1,"y":83.6,"hP":83.7,"brake":0,"onG":0}
{"t":436.8,"ph":"FINAL","s":-1654,"agl":67.2,"V":33.2,"Vc":33.18,"thr":0.21,"de":0.217,"flap":0,"pitch":1.6,"thC":1.6,"vs":-1.38,"wK":1,"y":83.2,"hP":83.3,"brake":0,"onG":0}
{"t":437,"ph":"FINAL","s":-1646,"agl":66.3,"V":33.22,"Vc":33.18,"thr":0.21,"de":0.218,"flap":0,"pitch":1.6,"thC":1.7,"vs":-1.38,"wK":1,"y":82.9,"hP":82.9,"brake":0,"onG":0}
{"t":437.3,"ph":"FINAL","s":-1638,"agl":66.8,"V":33.26,"Vc":33.18,"thr":0.2,"de":0.221,"flap":0,"pitch":1.6,"thC":1.8,"vs":-1.38,"wK":1,"y":82.5,"hP":82.6,"brake":0,"onG":0}
{"t":437.6,"ph":"FINAL","s":-1630,"agl":67,"V":33.29,"Vc":33.18,"thr":0.19,"de":0.223,"flap":0,"pitch":1.6,"thC":1.9,"vs":-1.37,"wK":1,"y":82.1,"hP":82.2,"brake":0,"onG":0}
{"t":437.8,"ph":"FINAL","s":-1622,"agl":67.1,"V":33.31,"Vc":33.18,"thr":0.18,"de":0.225,"flap":0,"pitch":1.6,"thC":2,"vs":-1.37,"wK":1,"y":81.8,"hP":81.8,"brake":0,"onG":0}
{"t":438.1,"ph":"FINAL","s":-1614,"agl":67.3,"V":33.31,"Vc":33.18,"thr":0.18,"de":0.225,"flap":0,"pitch":1.6,"thC":2,"vs":-1.37,"wK":1,"y":81.4,"hP":81.5,"brake":0,"onG":0}
{"t":438.4,"ph":"FINAL","s":-1606,"agl":67.2,"V":33.31,"Vc":33.18,"thr":0.18,"de":0.224,"flap":0,"pitch":1.6,"thC":2,"vs":-1.38,"wK":1,"y":81,"hP":81.1,"brake":0,"onG":0}
{"t":438.6,"ph":"FINAL","s":-1598,"agl":67.2,"V":33.29,"Vc":33.18,"thr":0.19,"de":0.223,"flap":0,"pitch":1.6,"thC":1.9,"vs":-1.39,"wK":1,"y":80.7,"hP":80.7,"brake":0,"onG":0}
{"t":438.9,"ph":"FINAL","s":-1590,"agl":67.4,"V":33.28,"Vc":33.18,"thr":0.19,"de":0.221,"flap":0,"pitch":1.6,"thC":1.9,"vs":-1.39,"wK":1,"y":80.3,"hP":80.4,"brake":0,"onG":0}
{"t":439.2,"ph":"FINAL","s":-1582,"agl":67.2,"V":33.28,"Vc":33.18,"thr":0.19,"de":0.221,"flap":0,"pitch":1.6,"thC":1.9,"vs":-1.4,"wK":1,"y":79.9,"hP":80,"brake":0,"onG":0}
{"t":439.4,"ph":"FINAL","s":-1574,"agl":66.6,"V":33.28,"Vc":33.18,"thr":0.19,"de":0.222,"flap":0,"pitch":1.6,"thC":1.9,"vs":-1.4,"wK":1,"y":79.5,"hP":79.6,"brake":0,"onG":0}
{"t":439.7,"ph":"FINAL","s":-1566,"agl":66.1,"V":33.3,"Vc":33.18,"thr":0.19,"de":0.224,"flap":0,"pitch":1.6,"thC":2,"vs":-1.39,"wK":1,"y":79.2,"hP":79.3,"brake":0,"onG":0}
{"t":440,"ph":"FINAL","s":-1558,"agl":66,"V":33.32,"Vc":33.18,"thr":0.18,"de":0.226,"flap":0,"pitch":1.6,"thC":2,"vs":-1.38,"wK":1,"y":78.8,"hP":78.9,"brake":0,"onG":0}
{"t":440.2,"ph":"FINAL","s":-1550,"agl":66.1,"V":33.34,"Vc":33.18,"thr":0.17,"de":0.229,"flap":0,"pitch":1.6,"thC":2.1,"vs":-1.37,"wK":1,"y":78.4,"hP":78.5,"brake":0,"onG":0}
{"t":440.5,"ph":"FINAL","s":-1542,"agl":65.8,"V":33.34,"Vc":33.18,"thr":0.17,"de":0.229,"flap":0,"pitch":1.6,"thC":2.1,"vs":-1.36,"wK":1,"y":78.1,"hP":78.2,"brake":0,"onG":0}
{"t":440.8,"ph":"FINAL","s":-1534,"agl":65.2,"V":33.33,"Vc":33.18,"thr":0.18,"de":0.228,"flap":0,"pitch":1.5,"thC":2,"vs":-1.36,"wK":1,"y":77.7,"hP":77.8,"brake":0,"onG":0}
{"t":441,"ph":"FINAL","s":-1526,"agl":65.1,"V":33.33,"Vc":33.18,"thr":0.18,"de":0.227,"flap":0,"pitch":1.5,"thC":2,"vs":-1.37,"wK":1,"y":77.3,"hP":77.4,"brake":0,"onG":0}
{"t":441.3,"ph":"FINAL","s":-1518,"agl":65.6,"V":33.38,"Vc":33.18,"thr":0.16,"de":0.228,"flap":0,"pitch":1.6,"thC":2.2,"vs":-1.38,"wK":1,"y":77,"hP":77.1,"brake":0,"onG":0}
{"t":441.6,"ph":"FINAL","s":-1510,"agl":66,"V":33.42,"Vc":33.18,"thr":0.15,"de":0.23,"flap":0,"pitch":1.6,"thC":2.4,"vs":-1.38,"wK":1,"y":76.6,"hP":76.7,"brake":0,"onG":0}
{"t":441.8,"ph":"FINAL","s":-1502,"agl":65.8,"V":33.45,"Vc":33.18,"thr":0.14,"de":0.231,"flap":0,"pitch":1.6,"thC":2.5,"vs":-1.38,"wK":1,"y":76.2,"hP":76.3,"brake":0,"onG":0}
{"t":442.1,"ph":"FINAL","s":-1494,"agl":65.4,"V":33.48,"Vc":33.18,"thr":0.14,"de":0.234,"flap":0,"pitch":1.7,"thC":2.6,"vs":-1.38,"wK":1,"y":75.9,"hP":76,"brake":0,"onG":0}
{"t":442.4,"ph":"FINAL","s":-1486,"agl":64.8,"V":33.52,"Vc":33.18,"thr":0.13,"de":0.236,"flap":0,"pitch":1.7,"thC":2.7,"vs":-1.37,"wK":1,"y":75.5,"hP":75.6,"brake":0,"onG":0}
{"t":442.6,"ph":"FINAL","s":-1478,"agl":64.2,"V":33.54,"Vc":33.18,"thr":0.12,"de":0.239,"flap":0,"pitch":1.7,"thC":2.8,"vs":-1.36,"wK":1,"y":75.1,"hP":75.2,"brake":0,"onG":0}
{"t":442.9,"ph":"FINAL","s":-1470,"agl":63.4,"V":33.55,"Vc":33.18,"thr":0.12,"de":0.24,"flap":0,"pitch":1.7,"thC":2.8,"vs":-1.35,"wK":1,"y":74.8,"hP":74.9,"brake":0,"onG":0}
{"t":443.2,"ph":"FINAL","s":-1462,"agl":62.7,"V":33.55,"Vc":33.18,"thr":0.12,"de":0.24,"flap":0,"pitch":1.7,"thC":2.8,"vs":-1.34,"wK":1,"y":74.4,"hP":74.5,"brake":0,"onG":0}
{"t":443.4,"ph":"FINAL","s":-1454,"agl":62.1,"V":33.54,"Vc":33.18,"thr":0.12,"de":0.239,"flap":0,"pitch":1.7,"thC":2.8,"vs":-1.34,"wK":1,"y":74.1,"hP":74.1,"brake":0,"onG":0}
{"t":443.7,"ph":"FINAL","s":-1447,"agl":61.6,"V":33.53,"Vc":33.18,"thr":0.12,"de":0.238,"flap":0,"pitch":1.7,"thC":2.8,"vs":-1.35,"wK":1,"y":73.7,"hP":73.8,"brake":0,"onG":0}
{"t":444,"ph":"FINAL","s":-1439,"agl":61.1,"V":33.51,"Vc":33.18,"thr":0.13,"de":0.237,"flap":0,"pitch":1.7,"thC":2.7,"vs":-1.35,"wK":1,"y":73.3,"hP":73.4,"brake":0,"onG":0}
{"t":444.2,"ph":"FINAL","s":-1431,"agl":60.7,"V":33.51,"Vc":33.18,"thr":0.13,"de":0.237,"flap":0,"pitch":1.8,"thC":2.7,"vs":-1.35,"wK":1,"y":73,"hP":73,"brake":0,"onG":0}
{"t":444.5,"ph":"FINAL","s":-1423,"agl":60.2,"V":33.52,"Vc":33.18,"thr":0.12,"de":0.238,"flap":0,"pitch":1.8,"thC":2.8,"vs":-1.34,"wK":1,"y":72.6,"hP":72.7,"brake":0,"onG":0}
{"t":444.8,"ph":"FINAL","s":-1415,"agl":59.6,"V":33.53,"Vc":33.18,"thr":0.12,"de":0.24,"flap":0,"pitch":1.8,"thC":2.8,"vs":-1.32,"wK":1,"y":72.3,"hP":72.3,"brake":0,"onG":0}
{"t":445,"ph":"FINAL","s":-1407,"agl":58.9,"V":33.54,"Vc":33.18,"thr":0.12,"de":0.243,"flap":0,"pitch":1.8,"thC":2.9,"vs":-1.31,"wK":1,"y":71.9,"hP":72,"brake":0,"onG":0}
{"t":445.3,"ph":"FINAL","s":-1400,"agl":58.4,"V":33.55,"Vc":33.18,"thr":0.11,"de":0.244,"flap":0,"pitch":1.8,"thC":2.9,"vs":-1.3,"wK":1,"y":71.6,"hP":71.6,"brake":0,"onG":0}
{"t":445.6,"ph":"FINAL","s":-1392,"agl":58,"V":33.54,"Vc":33.18,"thr":0.11,"de":0.244,"flap":0,"pitch":1.7,"thC":2.9,"vs":-1.29,"wK":1,"y":71.2,"hP":71.2,"brake":0,"onG":0}
{"t":445.8,"ph":"FINAL","s":-1384,"agl":57.8,"V":33.52,"Vc":33.18,"thr":0.12,"de":0.243,"flap":0,"pitch":1.7,"thC":2.8,"vs":-1.29,"wK":1,"y":70.9,"hP":70.9,"brake":0,"onG":0}
{"t":446.1,"ph":"FINAL","s":-1376,"agl":57.5,"V":33.49,"Vc":33.18,"thr":0.12,"de":0.24,"flap":0,"pitch":1.8,"thC":2.7,"vs":-1.29,"wK":1,"y":70.5,"hP":70.5,"brake":0,"onG":0}
{"t":446.4,"ph":"FINAL","s":-1369,"agl":57.1,"V":33.46,"Vc":33.18,"thr":0.13,"de":0.238,"flap":0,"pitch":1.8,"thC":2.7,"vs":-1.3,"wK":1,"y":70.2,"hP":70.2,"brake":0,"onG":0}
{"t":446.6,"ph":"FINAL","s":-1361,"agl":56.5,"V":33.43,"Vc":33.18,"thr":0.14,"de":0.236,"flap":0,"pitch":1.8,"thC":2.6,"vs":-1.3,"wK":1,"y":69.8,"hP":69.8,"brake":0,"onG":0}
{"t":446.9,"ph":"FINAL","s":-1353,"agl":55.8,"V":33.42,"Vc":33.18,"thr":0.14,"de":0.236,"flap":0,"pitch":1.9,"thC":2.6,"vs":-1.3,"wK":1,"y":69.5,"hP":69.5,"brake":0,"onG":0}
{"t":447.2,"ph":"FINAL","s":-1346,"agl":55.2,"V":33.42,"Vc":33.18,"thr":0.14,"de":0.237,"flap":0,"pitch":1.9,"thC":2.6,"vs":-1.29,"wK":1,"y":69.2,"hP":69.1,"brake":0,"onG":0}
{"t":447.4,"ph":"FINAL","s":-1338,"agl":54.7,"V":33.42,"Vc":33.18,"thr":0.14,"de":0.239,"flap":0,"pitch":1.9,"thC":2.6,"vs":-1.28,"wK":1,"y":68.8,"hP":68.8,"brake":0,"onG":0}
{"t":447.7,"ph":"FINAL","s":-1330,"agl":54.3,"V":33.43,"Vc":33.18,"thr":0.13,"de":0.24,"flap":0,"pitch":1.9,"thC":2.7,"vs":-1.26,"wK":1,"y":68.5,"hP":68.4,"brake":0,"onG":0}
{"t":448,"ph":"FINAL","s":-1323,"agl":53.9,"V":33.43,"Vc":33.18,"thr":0.13,"de":0.241,"flap":0,"pitch":1.9,"thC":2.7,"vs":-1.26,"wK":1,"y":68.1,"hP":68.1,"brake":0,"onG":0}
{"t":448.2,"ph":"FINAL","s":-1315,"agl":53.5,"V":33.4,"Vc":33.18,"thr":0.14,"de":0.24,"flap":0,"pitch":1.9,"thC":2.6,"vs":-1.25,"wK":1,"y":67.8,"hP":67.7,"brake":0,"onG":0}
{"t":448.5,"ph":"FINAL","s":-1307,"agl":53,"V":33.36,"Vc":33.18,"thr":0.15,"de":0.237,"flap":0,"pitch":1.9,"thC":2.5,"vs":-1.25,"wK":1,"y":67.5,"hP":67.4,"brake":0,"onG":0}
{"t":448.8,"ph":"FINAL","s":-1300,"agl":52.4,"V":33.33,"Vc":33.18,"thr":0.16,"de":0.235,"flap":0,"pitch":1.9,"thC":2.4,"vs":-1.26,"wK":1,"y":67.1,"hP":67,"brake":0,"onG":0}
{"t":449,"ph":"FINAL","s":-1292,"agl":51.9,"V":33.3,"Vc":33.18,"thr":0.16,"de":0.234,"flap":0,"pitch":1.9,"thC":2.3,"vs":-1.26,"wK":1,"y":66.8,"hP":66.7,"brake":0,"onG":0}
{"t":449.3,"ph":"FINAL","s":-1285,"agl":51.4,"V":33.29,"Vc":33.18,"thr":0.16,"de":0.234,"flap":0,"pitch":2,"thC":2.3,"vs":-1.26,"wK":1,"y":66.5,"hP":66.3,"brake":0,"onG":0}
{"t":449.6,"ph":"FINAL","s":-1277,"agl":51.1,"V":33.3,"Vc":33.18,"thr":0.16,"de":0.235,"flap":0,"pitch":2,"thC":2.3,"vs":-1.25,"wK":1,"y":66.1,"hP":66,"brake":0,"onG":0}
{"t":449.8,"ph":"FINAL","s":-1270,"agl":50.6,"V":33.31,"Vc":33.18,"thr":0.16,"de":0.237,"flap":0,"pitch":2,"thC":2.4,"vs":-1.24,"wK":1,"y":65.8,"hP":65.6,"brake":0,"onG":0}
{"t":450.1,"ph":"FINAL","s":-1262,"agl":49.9,"V":33.32,"Vc":33.18,"thr":0.15,"de":0.239,"flap":0,"pitch":1.9,"thC":2.4,"vs":-1.23,"wK":1,"y":65.5,"hP":65.3,"brake":0,"onG":0}
{"t":450.4,"ph":"FINAL","s":-1255,"agl":49.2,"V":33.32,"Vc":33.18,"thr":0.15,"de":0.24,"flap":0,"pitch":1.9,"thC":2.4,"vs":-1.23,"wK":1,"y":65.1,"hP":64.9,"brake":0,"onG":0}
{"t":450.6,"ph":"FINAL","s":-1247,"agl":48.4,"V":33.31,"Vc":33.18,"thr":0.15,"de":0.239,"flap":0,"pitch":1.9,"thC":2.4,"vs":-1.23,"wK":1,"y":64.8,"hP":64.6,"brake":0,"onG":0}
{"t":450.9,"ph":"FINAL","s":-1240,"agl":47.7,"V":33.29,"Vc":33.18,"thr":0.16,"de":0.237,"flap":0,"pitch":1.9,"thC":2.3,"vs":-1.23,"wK":1,"y":64.5,"hP":64.2,"brake":0,"onG":0}
{"t":451.2,"ph":"FINAL","s":-1232,"agl":47.2,"V":33.26,"Vc":33.18,"thr":0.16,"de":0.235,"flap":0,"pitch":1.9,"thC":2.3,"vs":-1.24,"wK":1,"y":64.2,"hP":63.9,"brake":0,"onG":0}
{"t":451.4,"ph":"FINAL","s":-1225,"agl":46.9,"V":33.24,"Vc":33.18,"thr":0.17,"de":0.233,"flap":0,"pitch":1.9,"thC":2.2,"vs":-1.25,"wK":1,"y":63.8,"hP":63.5,"brake":0,"onG":0}
{"t":451.7,"ph":"FINAL","s":-1217,"agl":46.7,"V":33.24,"Vc":33.18,"thr":0.17,"de":0.233,"flap":0,"pitch":2,"thC":2.2,"vs":-1.26,"wK":1,"y":63.5,"hP":63.2,"brake":0,"onG":0}
{"t":452,"ph":"FINAL","s":-1210,"agl":46.7,"V":33.25,"Vc":33.18,"thr":0.16,"de":0.234,"flap":0,"pitch":2,"thC":2.3,"vs":-1.26,"wK":1,"y":63.1,"hP":62.9,"brake":0,"onG":0}
{"t":452.2,"ph":"FINAL","s":-1202,"agl":46.4,"V":33.26,"Vc":33.18,"thr":0.16,"de":0.236,"flap":0,"pitch":2,"thC":2.3,"vs":-1.26,"wK":1,"y":62.8,"hP":62.5,"brake":0,"onG":0}
{"t":452.5,"ph":"FINAL","s":-1195,"agl":45.9,"V":33.28,"Vc":33.18,"thr":0.15,"de":0.238,"flap":0,"pitch":2,"thC":2.4,"vs":-1.25,"wK":1,"y":62.5,"hP":62.2,"brake":0,"onG":0}
{"t":452.8,"ph":"FINAL","s":-1187,"agl":45.4,"V":33.3,"Vc":33.18,"thr":0.15,"de":0.24,"flap":0,"pitch":2,"thC":2.4,"vs":-1.24,"wK":1,"y":62.1,"hP":61.8,"brake":0,"onG":0}
{"t":453,"ph":"FINAL","s":-1180,"agl":45,"V":33.3,"Vc":33.18,"thr":0.15,"de":0.241,"flap":0,"pitch":1.9,"thC":2.5,"vs":-1.23,"wK":1,"y":61.8,"hP":61.5,"brake":0,"onG":0}
{"t":453.3,"ph":"FINAL","s":-1172,"agl":45,"V":33.3,"Vc":33.18,"thr":0.15,"de":0.241,"flap":0,"pitch":1.9,"thC":2.5,"vs":-1.24,"wK":1,"y":61.5,"hP":61.1,"brake":0,"onG":0}
{"t":453.6,"ph":"FINAL","s":-1165,"agl":44.8,"V":33.29,"Vc":33.18,"thr":0.15,"de":0.24,"flap":0,"pitch":1.9,"thC":2.4,"vs":-1.24,"wK":1,"y":61.2,"hP":60.8,"brake":0,"onG":0}
{"t":453.8,"ph":"FINAL","s":-1157,"agl":44.4,"V":33.28,"Vc":33.18,"thr":0.15,"de":0.239,"flap":0,"pitch":1.9,"thC":2.4,"vs":-1.25,"wK":1,"y":60.8,"hP":60.5,"brake":0,"onG":0}
{"t":454.1,"ph":"FINAL","s":-1150,"agl":44.1,"V":33.28,"Vc":33.18,"thr":0.15,"de":0.238,"flap":0,"pitch":1.9,"thC":2.4,"vs":-1.25,"wK":1,"y":60.5,"hP":60.1,"brake":0,"onG":0}
{"t":454.4,"ph":"FINAL","s":-1143,"agl":43.9,"V":33.28,"Vc":33.18,"thr":0.15,"de":0.239,"flap":0,"pitch":1.9,"thC":2.4,"vs":-1.25,"wK":1,"y":60.2,"hP":59.8,"brake":0,"onG":0}
{"t":454.6,"ph":"FINAL","s":-1135,"agl":43.3,"V":33.29,"Vc":33.18,"thr":0.15,"de":0.241,"flap":0,"pitch":1.9,"thC":2.5,"vs":-1.25,"wK":1,"y":59.8,"hP":59.4,"brake":0,"onG":0}
{"t":454.9,"ph":"FINAL","s":-1128,"agl":42.5,"V":33.31,"Vc":33.18,"thr":0.14,"de":0.243,"flap":0,"pitch":1.9,"thC":2.5,"vs":-1.24,"wK":1,"y":59.5,"hP":59.1,"brake":0,"onG":0}
{"t":455.2,"ph":"FINAL","s":-1121,"agl":42.8,"V":33.33,"Vc":33.18,"thr":0.14,"de":0.245,"flap":0,"pitch":1.9,"thC":2.6,"vs":-1.24,"wK":1,"y":59.2,"hP":58.8,"brake":0,"onG":0}
{"t":455.4,"ph":"FINAL","s":-1113,"agl":43.8,"V":33.35,"Vc":33.18,"thr":0.13,"de":0.246,"flap":0,"pitch":1.9,"thC":2.6,"vs":-1.23,"wK":1,"y":58.8,"hP":58.4,"brake":0,"onG":0}
{"t":455.7,"ph":"FINAL","s":-1106,"agl":44.1,"V":33.3,"Vc":33.18,"thr":0.14,"de":0.244,"flap":0,"pitch":1.8,"thC":2.5,"vs":-1.23,"wK":1,"y":58.5,"hP":58.1,"brake":0,"onG":0}
{"t":456,"ph":"FINAL","s":-1099,"agl":44.7,"V":33.25,"Vc":33.18,"thr":0.15,"de":0.24,"flap":0,"pitch":1.9,"thC":2.3,"vs":-1.24,"wK":1,"y":58.2,"hP":57.8,"brake":0,"onG":0}
{"t":456.2,"ph":"FINAL","s":-1091,"agl":45.1,"V":33.21,"Vc":33.18,"thr":0.17,"de":0.237,"flap":0,"pitch":1.9,"thC":2.2,"vs":-1.25,"wK":1,"y":57.8,"hP":57.4,"brake":0,"onG":0}
{"t":456.5,"ph":"FINAL","s":-1084,"agl":45.3,"V":33.17,"Vc":33.18,"thr":0.18,"de":0.234,"flap":0,"pitch":1.9,"thC":2.1,"vs":-1.26,"wK":1,"y":57.5,"hP":57.1,"brake":0,"onG":0}
{"t":456.8,"ph":"FINAL","s":-1077,"agl":45.5,"V":33.15,"Vc":33.18,"thr":0.18,"de":0.233,"flap":0,"pitch":2,"thC":2,"vs":-1.27,"wK":1,"y":57.2,"hP":56.8,"brake":0,"onG":0}
{"t":457,"ph":"FINAL","s":-1070,"agl":45.6,"V":33.14,"Vc":33.18,"thr":0.18,"de":0.234,"flap":0,"pitch":2,"thC":2,"vs":-1.26,"wK":1,"y":56.8,"hP":56.4,"brake":0,"onG":0}
{"t":457.3,"ph":"FINAL","s":-1062,"agl":45.7,"V":33.15,"Vc":33.18,"thr":0.18,"de":0.235,"flap":0,"pitch":2,"thC":2.1,"vs":-1.26,"wK":1,"y":56.5,"hP":56.1,"brake":0,"onG":0}
{"t":457.6,"ph":"FINAL","s":-1055,"agl":45.8,"V":33.15,"Vc":33.18,"thr":0.18,"de":0.237,"flap":0,"pitch":2,"thC":2.1,"vs":-1.25,"wK":1,"y":56.2,"hP":55.8,"brake":0,"onG":0}
{"t":457.8,"ph":"FINAL","s":-1048,"agl":45.8,"V":33.16,"Vc":33.18,"thr":0.18,"de":0.238,"flap":0,"pitch":1.9,"thC":2.1,"vs":-1.24,"wK":1,"y":55.8,"hP":55.4,"brake":0,"onG":0}
{"t":458.1,"ph":"FINAL","s":-1041,"agl":45.8,"V":33.15,"Vc":33.18,"thr":0.18,"de":0.238,"flap":0,"pitch":1.9,"thC":2.1,"vs":-1.23,"wK":1,"y":55.5,"hP":55.1,"brake":0,"onG":0}
{"t":458.4,"ph":"FINAL","s":-1033,"agl":45.4,"V":33.12,"Vc":33.18,"thr":0.18,"de":0.236,"flap":0,"pitch":1.9,"thC":2,"vs":-1.24,"wK":1,"y":55.2,"hP":54.7,"brake":0,"onG":0}
{"t":458.6,"ph":"FINAL","s":-1026,"agl":44.9,"V":33.1,"Vc":33.18,"thr":0.19,"de":0.234,"flap":0,"pitch":1.9,"thC":1.9,"vs":-1.24,"wK":1,"y":54.8,"hP":54.4,"brake":0,"onG":0}
{"t":458.9,"ph":"FINAL","s":-1019,"agl":44.5,"V":33.07,"Vc":33.18,"thr":0.2,"de":0.232,"flap":0,"pitch":1.9,"thC":1.8,"vs":-1.25,"wK":1,"y":54.5,"hP":54.1,"brake":0,"onG":0}
{"t":459.2,"ph":"FINAL","s":-1012,"agl":44.4,"V":33.06,"Vc":33.18,"thr":0.2,"de":0.232,"flap":0,"pitch":1.9,"thC":1.8,"vs":-1.26,"wK":1,"y":54.2,"hP":53.7,"brake":0,"onG":0}
{"t":459.4,"ph":"FINAL","s":-1004,"agl":44.3,"V":33.07,"Vc":33.18,"thr":0.2,"de":0.232,"flap":0,"pitch":1.9,"thC":1.8,"vs":-1.26,"wK":1,"y":53.8,"hP":53.4,"brake":0,"onG":0}
{"t":459.7,"ph":"FINAL","s":-997,"agl":44.3,"V":33.08,"Vc":33.18,"thr":0.2,"de":0.234,"flap":0,"pitch":1.9,"thC":1.9,"vs":-1.26,"wK":1,"y":53.5,"hP":53.1,"brake":0,"onG":0}
{"t":460,"ph":"FINAL","s":-990,"agl":44.2,"V":33.09,"Vc":33.18,"thr":0.19,"de":0.235,"flap":0,"pitch":1.9,"thC":1.9,"vs":-1.25,"wK":1,"y":53.2,"hP":52.7,"brake":0,"onG":0}
{"t":460.2,"ph":"FINAL","s":-983,"agl":44,"V":33.09,"Vc":33.18,"thr":0.19,"de":0.236,"flap":0,"pitch":1.9,"thC":1.9,"vs":-1.25,"wK":1,"y":52.8,"hP":52.4,"brake":0,"onG":0}
{"t":460.5,"ph":"FINAL","s":-975,"agl":43.8,"V":33.08,"Vc":33.18,"thr":0.19,"de":0.234,"flap":0,"pitch":1.9,"thC":1.9,"vs":-1.26,"wK":1,"y":52.5,"hP":52.1,"brake":0,"onG":0}
{"t":460.8,"ph":"FINAL","s":-968,"agl":43.7,"V":33.06,"Vc":33.18,"thr":0.2,"de":0.233,"flap":0,"pitch":1.9,"thC":1.8,"vs":-1.27,"wK":1,"y":52.2,"hP":51.7,"brake":0,"onG":0}
{"t":461,"ph":"FINAL","s":-961,"agl":43.9,"V":33.04,"Vc":33.18,"thr":0.21,"de":0.231,"flap":0,"pitch":1.9,"thC":1.8,"vs":-1.28,"wK":1,"y":51.8,"hP":51.4,"brake":0,"onG":0}
{"t":461.3,"ph":"FINAL","s":-954,"agl":44.7,"V":33.03,"Vc":33.18,"thr":0.21,"de":0.229,"flap":0,"pitch":1.9,"thC":1.7,"vs":-1.29,"wK":1,"y":51.5,"hP":51.1,"brake":0,"onG":0}
{"t":461.6,"ph":"FINAL","s":-946,"agl":45.5,"V":33.02,"Vc":33.18,"thr":0.21,"de":0.229,"flap":0,"pitch":1.9,"thC":1.7,"vs":-1.3,"wK":1,"y":51.1,"hP":50.7,"brake":0,"onG":0}
{"t":461.8,"ph":"FINAL","s":-939,"agl":46.4,"V":33.03,"Vc":33.18,"thr":0.21,"de":0.229,"flap":0,"pitch":2,"thC":1.8,"vs":-1.3,"wK":1,"y":50.8,"hP":50.4,"brake":0,"onG":0}
{"t":462.1,"ph":"FINAL","s":-932,"agl":49.3,"V":33.12,"Vc":33.18,"thr":0.19,"de":0.235,"flap":0,"pitch":2,"thC":2.1,"vs":-1.3,"wK":1,"y":50.4,"hP":50.1,"brake":0,"onG":0}
{"t":462.4,"ph":"FINAL","s":-924,"agl":49,"V":33.12,"Vc":33.18,"thr":0.19,"de":0.235,"flap":0,"pitch":2,"thC":2.1,"vs":-1.29,"wK":1,"y":50.1,"hP":49.7,"brake":0,"onG":0}
{"t":462.6,"ph":"FINAL","s":-917,"agl":48.6,"V":33.12,"Vc":33.18,"thr":0.19,"de":0.236,"flap":0,"pitch":2,"thC":2.1,"vs":-1.28,"wK":1,"y":49.7,"hP":49.4,"brake":0,"onG":0}
{"t":462.9,"ph":"FINAL","s":-910,"agl":48.3,"V":33.12,"Vc":33.18,"thr":0.19,"de":0.237,"flap":0,"pitch":1.9,"thC":2,"vs":-1.27,"wK":1,"y":49.4,"hP":49.1,"brake":0,"onG":0}
{"t":463.2,"ph":"FINAL","s":-903,"agl":48,"V":33.09,"Vc":33.18,"thr":0.2,"de":0.235,"flap":0,"pitch":1.9,"thC":1.9,"vs":-1.27,"wK":1,"y":49.1,"hP":48.7,"brake":0,"onG":0}
{"t":463.4,"ph":"FINAL","s":-896,"agl":47.6,"V":33.04,"Vc":33.18,"thr":0.21,"de":0.232,"flap":0,"pitch":1.9,"thC":1.7,"vs":-1.27,"wK":1,"y":48.7,"hP":48.4,"brake":0,"onG":0}
{"t":463.7,"ph":"FINAL","s":-888,"agl":47.3,"V":33,"Vc":33.18,"thr":0.22,"de":0.229,"flap":0,"pitch":1.9,"thC":1.6,"vs":-1.28,"wK":1,"y":48.4,"hP":48.1,"brake":0,"onG":0}
{"t":464,"ph":"FINAL","s":-881,"agl":47,"V":32.97,"Vc":33.18,"thr":0.23,"de":0.226,"flap":0,"pitch":1.9,"thC":1.5,"vs":-1.29,"wK":1,"y":48,"hP":47.7,"brake":0,"onG":0}
{"t":464.2,"ph":"FINAL","s":-874,"agl":46.6,"V":32.95,"Vc":33.18,"thr":0.23,"de":0.225,"flap":0,"pitch":1.9,"thC":1.5,"vs":-1.29,"wK":1,"y":47.7,"hP":47.4,"brake":0,"onG":0}
{"t":464.5,"ph":"FINAL","s":-866,"agl":46.3,"V":32.95,"Vc":33.18,"thr":0.24,"de":0.226,"flap":0,"pitch":1.9,"thC":1.5,"vs":-1.3,"wK":1,"y":47.4,"hP":47.1,"brake":0,"onG":0}
{"t":464.8,"ph":"FINAL","s":-859,"agl":45.9,"V":32.95,"Vc":33.18,"thr":0.23,"de":0.227,"flap":0,"pitch":1.9,"thC":1.5,"vs":-1.29,"wK":1,"y":47,"hP":46.7,"brake":0,"onG":0}
{"t":465,"ph":"FINAL","s":-852,"agl":45.6,"V":32.96,"Vc":33.18,"thr":0.23,"de":0.228,"flap":0,"pitch":1.9,"thC":1.5,"vs":-1.29,"wK":1,"y":46.7,"hP":46.4,"brake":0,"onG":0}
{"t":465.3,"ph":"FINAL","s":-845,"agl":45.2,"V":32.97,"Vc":33.18,"thr":0.23,"de":0.228,"flap":0,"pitch":1.9,"thC":1.5,"vs":-1.29,"wK":1,"y":46.3,"hP":46.1,"brake":0,"onG":0}
{"t":465.6,"ph":"FINAL","s":-837,"agl":44.9,"V":32.96,"Vc":33.18,"thr":0.23,"de":0.227,"flap":0,"pitch":1.9,"thC":1.5,"vs":-1.29,"wK":1,"y":46,"hP":45.7,"brake":0,"onG":0}
{"t":465.8,"ph":"FINAL","s":-830,"agl":44.5,"V":32.94,"Vc":33.18,"thr":0.24,"de":0.225,"flap":0,"pitch":1.9,"thC":1.4,"vs":-1.3,"wK":1,"y":45.6,"hP":45.4,"brake":0,"onG":0}
{"t":466.1,"ph":"FINAL","s":-823,"agl":44.2,"V":32.93,"Vc":33.18,"thr":0.24,"de":0.223,"flap":0,"pitch":1.9,"thC":1.4,"vs":-1.31,"wK":1,"y":45.3,"hP":45.1,"brake":0,"onG":0}
{"t":466.4,"ph":"FINAL","s":-815,"agl":43.8,"V":32.91,"Vc":33.18,"thr":0.25,"de":0.222,"flap":0,"pitch":1.9,"thC":1.3,"vs":-1.32,"wK":1,"y":44.9,"hP":44.7,"brake":0,"onG":0}
{"t":466.6,"ph":"FINAL","s":-808,"agl":43.5,"V":32.92,"Vc":33.18,"thr":0.25,"de":0.221,"flap":0,"pitch":2,"thC":1.4,"vs":-1.32,"wK":1,"y":44.6,"hP":44.4,"brake":0,"onG":0}
{"t":466.9,"ph":"FINAL","s":-801,"agl":43.1,"V":32.93,"Vc":33.18,"thr":0.24,"de":0.222,"flap":0,"pitch":2,"thC":1.4,"vs":-1.32,"wK":1,"y":44.2,"hP":44,"brake":0,"onG":0}
{"t":467.2,"ph":"FINAL","s":-793,"agl":42.8,"V":32.96,"Vc":33.18,"thr":0.24,"de":0.224,"flap":0,"pitch":2,"thC":1.5,"vs":-1.32,"wK":1,"y":43.9,"hP":43.7,"brake":0,"onG":0}
{"t":467.4,"ph":"FINAL","s":-786,"agl":42.4,"V":32.99,"Vc":33.18,"thr":0.23,"de":0.226,"flap":0,"pitch":1.9,"thC":1.6,"vs":-1.3,"wK":1,"y":43.5,"hP":43.4,"brake":0,"onG":0}
{"t":467.7,"ph":"FINAL","s":-779,"agl":42.1,"V":33.01,"Vc":33.18,"thr":0.23,"de":0.228,"flap":0,"pitch":1.9,"thC":1.6,"vs":-1.29,"wK":1,"y":43.2,"hP":43,"brake":0,"onG":0}
{"t":468,"ph":"FINAL","s":-771,"agl":41.7,"V":33.02,"Vc":33.18,"thr":0.22,"de":0.229,"flap":0,"pitch":1.9,"thC":1.6,"vs":-1.28,"wK":1,"y":42.8,"hP":42.7,"brake":0,"onG":0}
{"t":468.2,"ph":"FINAL","s":-764,"agl":41.4,"V":33.02,"Vc":33.18,"thr":0.22,"de":0.228,"flap":0,"pitch":1.9,"thC":1.6,"vs":-1.28,"wK":1,"y":42.5,"hP":42.4,"brake":0,"onG":0}
{"t":468.5,"ph":"FINAL","s":-756,"agl":41.1,"V":33.01,"Vc":33.18,"thr":0.23,"de":0.226,"flap":0,"pitch":1.8,"thC":1.5,"vs":-1.29,"wK":1,"y":42.2,"hP":42,"brake":0,"onG":0}
{"t":468.8,"ph":"FINAL","s":-749,"agl":40.7,"V":33,"Vc":33.18,"thr":0.23,"de":0.224,"flap":0,"pitch":1.9,"thC":1.5,"vs":-1.3,"wK":1,"y":41.8,"hP":41.7,"brake":0,"onG":0}
{"t":469,"ph":"FINAL","s":-742,"agl":40.4,"V":33,"Vc":33.18,"thr":0.23,"de":0.224,"flap":0,"pitch":1.9,"thC":1.5,"vs":-1.31,"wK":1,"y":41.5,"hP":41.3,"brake":0,"onG":0}
{"t":469.3,"ph":"FINAL","s":-734,"agl":40,"V":33,"Vc":33.18,"thr":0.23,"de":0.224,"flap":0,"pitch":1.9,"thC":1.5,"vs":-1.32,"wK":1,"y":41.1,"hP":41,"brake":0,"onG":0}
{"t":469.6,"ph":"FINAL","s":-727,"agl":39.7,"V":33.02,"Vc":33.18,"thr":0.23,"de":0.225,"flap":0,"pitch":1.9,"thC":1.5,"vs":-1.32,"wK":1,"y":40.8,"hP":40.6,"brake":0,"onG":0}
{"t":469.8,"ph":"FINAL","s":-719,"agl":39.3,"V":33.04,"Vc":33.18,"thr":0.22,"de":0.226,"flap":0,"pitch":1.9,"thC":1.6,"vs":-1.31,"wK":1,"y":40.4,"hP":40.3,"brake":0,"onG":0}
{"t":470.1,"ph":"FINAL","s":-712,"agl":39,"V":33.06,"Vc":33.18,"thr":0.22,"de":0.228,"flap":0,"pitch":1.9,"thC":1.6,"vs":-1.31,"wK":1,"y":40.1,"hP":40,"brake":0,"onG":0}
{"t":470.4,"ph":"FINAL","s":-704,"agl":38.6,"V":33.07,"Vc":33.18,"thr":0.22,"de":0.228,"flap":0,"pitch":1.8,"thC":1.6,"vs":-1.31,"wK":1,"y":39.7,"hP":39.6,"brake":0,"onG":0}
{"t":470.6,"ph":"FINAL","s":-697,"agl":38.3,"V":33.05,"Vc":33.18,"thr":0.22,"de":0.227,"flap":0,"pitch":1.8,"thC":1.6,"vs":-1.31,"wK":1,"y":39.4,"hP":39.3,"brake":0,"onG":0}
{"t":470.9,"ph":"FINAL","s":-689,"agl":37.9,"V":33,"Vc":33.18,"thr":0.24,"de":0.223,"flap":0,"pitch":1.8,"thC":1.4,"vs":-1.32,"wK":1,"y":39,"hP":38.9,"brake":0,"onG":0}
{"t":471.2,"ph":"FINAL","s":-682,"agl":37.6,"V":32.95,"Vc":33.18,"thr":0.25,"de":0.219,"flap":0,"pitch":1.8,"thC":1.2,"vs":-1.33,"wK":1,"y":38.7,"hP":38.6,"brake":0,"onG":0}
{"t":471.4,"ph":"FINAL","s":-675,"agl":37.2,"V":32.91,"Vc":33.18,"thr":0.26,"de":0.217,"flap":0,"pitch":1.9,"thC":1.1,"vs":-1.34,"wK":1,"y":38.3,"hP":38.2,"brake":0,"onG":0}
{"t":471.7,"ph":"FINAL","s":-667,"agl":36.8,"V":32.9,"Vc":33.18,"thr":0.26,"de":0.216,"flap":0,"pitch":1.9,"thC":1,"vs":-1.34,"wK":1,"y":37.9,"hP":37.9,"brake":0,"onG":0}
{"t":472,"ph":"FINAL","s":-660,"agl":36.5,"V":32.89,"Vc":33.18,"thr":0.27,"de":0.216,"flap":0,"pitch":1.9,"thC":1,"vs":-1.34,"wK":1,"y":37.6,"hP":37.6,"brake":0,"onG":0}
{"t":472.2,"ph":"FINAL","s":-652,"agl":36.1,"V":32.9,"Vc":33.18,"thr":0.26,"de":0.217,"flap":0,"pitch":1.9,"thC":1,"vs":-1.33,"wK":1,"y":37.2,"hP":37.2,"brake":0,"onG":0}
{"t":472.5,"ph":"FINAL","s":-645,"agl":35.8,"V":32.91,"Vc":33.18,"thr":0.26,"de":0.217,"flap":0,"pitch":1.8,"thC":1,"vs":-1.32,"wK":1,"y":36.9,"hP":36.9,"brake":0,"onG":0}
{"t":472.8,"ph":"FINAL","s":-637,"agl":35.4,"V":32.9,"Vc":33.18,"thr":0.26,"de":0.217,"flap":0,"pitch":1.8,"thC":1,"vs":-1.31,"wK":1,"y":36.5,"hP":36.5,"brake":0,"onG":0}
{"t":473,"ph":"FINAL","s":-629,"agl":35.1,"V":32.89,"Vc":33.18,"thr":0.27,"de":0.216,"flap":0,"pitch":1.8,"thC":0.9,"vs":-1.31,"wK":1,"y":36.2,"hP":36.2,"brake":0,"onG":0}
{"t":473.3,"ph":"FINAL","s":-622,"agl":34.7,"V":32.86,"Vc":33.18,"thr":0.27,"de":0.214,"flap":0,"pitch":1.7,"thC":0.8,"vs":-1.31,"wK":1,"y":35.8,"hP":35.8,"brake":0,"onG":0}
{"t":473.6,"ph":"FINAL","s":-614,"agl":34.4,"V":32.83,"Vc":33.18,"thr":0.28,"de":0.211,"flap":0,"pitch":1.7,"thC":0.7,"vs":-1.32,"wK":1,"y":35.5,"hP":35.5,"brake":0,"onG":0}
{"t":473.8,"ph":"FINAL","s":-607,"agl":34,"V":32.81,"Vc":33.18,"thr":0.29,"de":0.209,"flap":0,"pitch":1.7,"thC":0.6,"vs":-1.34,"wK":1,"y":35.1,"hP":35.1,"brake":0,"onG":0}
{"t":474.1,"ph":"FINAL","s":-599,"agl":33.7,"V":32.79,"Vc":33.18,"thr":0.29,"de":0.207,"flap":0,"pitch":1.7,"thC":0.6,"vs":-1.35,"wK":1,"y":34.8,"hP":34.8,"brake":0,"onG":0}
{"t":474.4,"ph":"FINAL","s":-591,"agl":33.3,"V":32.78,"Vc":33.18,"thr":0.3,"de":0.207,"flap":0,"pitch":1.8,"thC":0.6,"vs":-1.36,"wK":1,"y":34.4,"hP":34.4,"brake":0,"onG":0}
{"t":474.6,"ph":"FINAL","s":-584,"agl":32.9,"V":32.79,"Vc":33.18,"thr":0.3,"de":0.207,"flap":0,"pitch":1.7,"thC":0.6,"vs":-1.37,"wK":1,"y":34,"hP":34.1,"brake":0,"onG":0}
{"t":474.9,"ph":"FINAL","s":-576,"agl":32.6,"V":32.8,"Vc":33.18,"thr":0.29,"de":0.208,"flap":0,"pitch":1.7,"thC":0.6,"vs":-1.37,"wK":1,"y":33.7,"hP":33.7,"brake":0,"onG":0}
{"t":475.2,"ph":"FINAL","s":-568,"agl":32.2,"V":32.8,"Vc":33.18,"thr":0.29,"de":0.208,"flap":0,"pitch":1.7,"thC":0.5,"vs":-1.37,"wK":1,"y":33.3,"hP":33.4,"brake":0,"onG":0}
{"t":475.4,"ph":"FINAL","s":-560,"agl":31.9,"V":32.79,"Vc":33.18,"thr":0.3,"de":0.207,"flap":0,"pitch":1.7,"thC":0.5,"vs":-1.37,"wK":1,"y":32.9,"hP":33,"brake":0,"onG":0}
{"t":475.7,"ph":"FINAL","s":-553,"agl":31.5,"V":32.78,"Vc":33.18,"thr":0.3,"de":0.205,"flap":0,"pitch":1.7,"thC":0.4,"vs":-1.38,"wK":1,"y":32.6,"hP":32.6,"brake":0,"onG":0}
{"t":476,"ph":"FINAL","s":-545,"agl":31.1,"V":32.75,"Vc":33.18,"thr":0.31,"de":0.203,"flap":0,"pitch":1.7,"thC":0.4,"vs":-1.39,"wK":1,"y":32.2,"hP":32.3,"brake":0,"onG":0}
{"t":476.2,"ph":"FINAL","s":-537,"agl":30.7,"V":32.74,"Vc":33.18,"thr":0.31,"de":0.202,"flap":0,"pitch":1.7,"thC":0.3,"vs":-1.4,"wK":1,"y":31.8,"hP":31.9,"brake":0,"onG":0}
{"t":476.5,"ph":"FINAL","s":-529,"agl":30.4,"V":32.73,"Vc":33.18,"thr":0.32,"de":0.201,"flap":0,"pitch":1.7,"thC":0.3,"vs":-1.42,"wK":1,"y":31.5,"hP":31.6,"brake":0,"onG":0}
{"t":476.8,"ph":"FINAL","s":-521,"agl":30,"V":32.73,"Vc":33.18,"thr":0.32,"de":0.2,"flap":0,"pitch":1.6,"thC":0.3,"vs":-1.43,"wK":1,"y":31.1,"hP":31.2,"brake":0,"onG":0}
{"t":477,"ph":"FINAL","s":-513,"agl":29.6,"V":32.74,"Vc":33.18,"thr":0.32,"de":0.201,"flap":0,"pitch":1.6,"thC":0.3,"vs":-1.43,"wK":1,"y":30.7,"hP":30.8,"brake":0,"onG":0}
{"t":477.3,"ph":"FINAL","s":-505,"agl":29.2,"V":32.76,"Vc":33.18,"thr":0.31,"de":0.202,"flap":0,"pitch":1.6,"thC":0.3,"vs":-1.43,"wK":1,"y":30.3,"hP":30.5,"brake":0,"onG":0}
{"t":477.6,"ph":"FINAL","s":-497,"agl":28.8,"V":32.77,"Vc":33.18,"thr":0.31,"de":0.203,"flap":0,"pitch":1.6,"thC":0.3,"vs":-1.42,"wK":1,"y":29.9,"hP":30.1,"brake":0,"onG":0}
{"t":477.8,"ph":"FINAL","s":-489,"agl":28.5,"V":32.81,"Vc":33.18,"thr":0.3,"de":0.204,"flap":0,"pitch":1.5,"thC":0.4,"vs":-1.42,"wK":1,"y":29.6,"hP":29.7,"brake":0,"onG":0}
{"t":478.1,"ph":"FINAL","s":-481,"agl":28.1,"V":32.87,"Vc":33.18,"thr":0.28,"de":0.207,"flap":0,"pitch":1.5,"thC":0.6,"vs":-1.42,"wK":1,"y":29.2,"hP":29.4,"brake":0,"onG":0}
{"t":478.4,"ph":"FINAL","s":-473,"agl":27.7,"V":32.91,"Vc":33.18,"thr":0.27,"de":0.207,"flap":0,"pitch":1.5,"thC":0.7,"vs":-1.43,"wK":1,"y":28.8,"hP":29,"brake":0,"onG":0}
{"t":478.6,"ph":"FINAL","s":-465,"agl":27.3,"V":32.94,"Vc":33.18,"thr":0.27,"de":0.207,"flap":0,"pitch":1.5,"thC":0.8,"vs":-1.45,"wK":1,"y":28.4,"hP":28.6,"brake":0,"onG":0}
{"t":478.9,"ph":"FINAL","s":-457,"agl":26.9,"V":32.97,"Vc":33.18,"thr":0.26,"de":0.207,"flap":0,"pitch":1.5,"thC":0.8,"vs":-1.46,"wK":1,"y":28,"hP":28.2,"brake":0,"onG":0}
{"t":479.2,"ph":"FINAL","s":-449,"agl":26.5,"V":32.99,"Vc":33.18,"thr":0.26,"de":0.207,"flap":0,"pitch":1.5,"thC":0.9,"vs":-1.47,"wK":1,"y":27.6,"hP":27.9,"brake":0,"onG":0}
{"t":479.4,"ph":"FINAL","s":-441,"agl":26.2,"V":33.03,"Vc":33.18,"thr":0.25,"de":0.209,"flap":0,"pitch":1.6,"thC":1,"vs":-1.47,"wK":1,"y":27.3,"hP":27.5,"brake":0,"onG":0}
{"t":479.7,"ph":"FINAL","s":-432,"agl":25.8,"V":33.06,"Vc":33.18,"thr":0.24,"de":0.211,"flap":0,"pitch":1.6,"thC":1.1,"vs":-1.47,"wK":1,"y":26.9,"hP":27.1,"brake":0,"onG":0}
{"t":480,"ph":"FINAL","s":-424,"agl":25.4,"V":33.1,"Vc":33.18,"thr":0.24,"de":0.212,"flap":0,"pitch":1.5,"thC":1.2,"vs":-1.46,"wK":1,"y":26.5,"hP":26.7,"brake":0,"onG":0}
{"t":480.2,"ph":"FINAL","s":-416,"agl":25,"V":33.13,"Vc":33.18,"thr":0.23,"de":0.213,"flap":0,"pitch":1.5,"thC":1.2,"vs":-1.45,"wK":1,"y":26.1,"hP":26.4,"brake":0,"onG":0}
{"t":480.5,"ph":"FINAL","s":-408,"agl":24.6,"V":33.14,"Vc":33.18,"thr":0.23,"de":0.214,"flap":0,"pitch":1.5,"thC":1.2,"vs":-1.44,"wK":1,"y":25.7,"hP":26,"brake":0,"onG":0}
{"t":480.8,"ph":"FINAL","s":-400,"agl":24.2,"V":33.15,"Vc":33.18,"thr":0.23,"de":0.213,"flap":0,"pitch":1.5,"thC":1.2,"vs":-1.44,"wK":1,"y":25.3,"hP":25.6,"brake":0,"onG":0}
{"t":481,"ph":"FINAL","s":-391,"agl":23.8,"V":33.14,"Vc":33.18,"thr":0.23,"de":0.212,"flap":0,"pitch":1.5,"thC":1.2,"vs":-1.45,"wK":1,"y":24.9,"hP":25.2,"brake":0,"onG":0}
{"t":481.3,"ph":"FINAL","s":-383,"agl":23.4,"V":33.15,"Vc":33.18,"thr":0.23,"de":0.211,"flap":0,"pitch":1.5,"thC":1.2,"vs":-1.45,"wK":1,"y":24.5,"hP":24.9,"brake":0,"onG":0}
{"t":481.6,"ph":"FINAL","s":-375,"agl":23.1,"V":33.16,"Vc":33.18,"thr":0.23,"de":0.211,"flap":0,"pitch":1.5,"thC":1.2,"vs":-1.45,"wK":1,"y":24.2,"hP":24.5,"brake":0,"onG":0}
{"t":481.8,"ph":"FINAL","s":-367,"agl":22.7,"V":33.18,"Vc":33.18,"thr":0.22,"de":0.212,"flap":0,"pitch":1.5,"thC":1.2,"vs":-1.45,"wK":1,"y":23.8,"hP":24.1,"brake":0,"onG":0}
{"t":482.1,"ph":"FINAL","s":-358,"agl":22.3,"V":33.21,"Vc":33.18,"thr":0.21,"de":0.214,"flap":0,"pitch":1.5,"thC":1.3,"vs":-1.44,"wK":1,"y":23.4,"hP":23.7,"brake":0,"onG":0}
{"t":482.4,"ph":"FINAL","s":-350,"agl":21.9,"V":33.24,"Vc":33.18,"thr":0.21,"de":0.216,"flap":0,"pitch":1.5,"thC":1.4,"vs":-1.43,"wK":1,"y":23,"hP":23.3,"brake":0,"onG":0}
{"t":482.6,"ph":"FINAL","s":-342,"agl":21.5,"V":33.27,"Vc":33.18,"thr":0.2,"de":0.217,"flap":0,"pitch":1.5,"thC":1.4,"vs":-1.42,"wK":1,"y":22.6,"hP":23,"brake":0,"onG":0}
{"t":482.9,"ph":"FINAL","s":-334,"agl":19.9,"V":33.12,"Vc":33.18,"thr":0.24,"de":0.209,"flap":0,"pitch":1.5,"thC":0.9,"vs":-1.42,"wK":1,"y":22.2,"hP":22.6,"brake":0,"onG":0}
{"t":483.2,"ph":"FINAL","s":-325,"agl":16.8,"V":33.07,"Vc":33.18,"thr":0.25,"de":0.206,"flap":0,"pitch":1.5,"thC":0.7,"vs":-1.42,"wK":1,"y":21.9,"hP":22.2,"brake":0,"onG":0}
{"t":483.4,"ph":"FINAL","s":-317,"agl":13.5,"V":32.99,"Vc":33.18,"thr":0.27,"de":0.202,"flap":0,"pitch":1.4,"thC":0.5,"vs":-1.43,"wK":1,"y":21.5,"hP":21.8,"brake":0,"onG":0}
{"t":483.7,"ph":"FINAL","s":-309,"agl":10.2,"V":32.91,"Vc":33.18,"thr":0.29,"de":0.198,"flap":0,"pitch":1.4,"thC":0.2,"vs":-1.45,"wK":1,"y":21.1,"hP":21.4,"brake":0,"onG":0}
{"t":484,"ph":"FINAL","s":-300,"agl":7.2,"V":32.84,"Vc":33.18,"thr":0.31,"de":0.195,"flap":0,"pitch":1.4,"thC":0,"vs":-1.48,"wK":1,"y":20.7,"hP":21,"brake":0,"onG":0}
{"t":484.2,"ph":"FLARE","s":-292,"agl":5,"V":32.67,"Vc":null,"thr":0,"de":0.228,"flap":0,"pitch":1.2,"thC":null,"vs":-1.56,"wK":null,"y":20.3,"hP":null,"brake":0,"onG":0}
{"t":484.5,"ph":"FLARE","s":-284,"agl":3.4,"V":32.46,"Vc":null,"thr":0.09,"de":0.35,"flap":0,"pitch":1.1,"thC":null,"vs":-1.78,"wK":null,"y":19.9,"hP":null,"brake":0,"onG":0}
{"t":484.8,"ph":"FLARE","s":-275,"agl":2.4,"V":32.34,"Vc":null,"thr":0.12,"de":0.35,"flap":0,"pitch":2.1,"thC":null,"vs":-1.76,"wK":null,"y":19.4,"hP":null,"brake":0,"onG":0}
{"t":485,"ph":"FLARE","s":-267,"agl":1.9,"V":32.24,"Vc":null,"thr":0.12,"de":0.35,"flap":0,"pitch":3,"thC":null,"vs":-1.51,"wK":null,"y":18.9,"hP":null,"brake":0,"onG":0}
{"t":485.3,"ph":"FLARE","s":-259,"agl":1.5,"V":32.13,"Vc":null,"thr":0.12,"de":0.35,"flap":0,"pitch":3.3,"thC":null,"vs":-1.25,"wK":null,"y":18.6,"hP":null,"brake":0,"onG":0}
{"t":485.6,"ph":"FLARE","s":-250,"agl":1,"V":31.98,"Vc":null,"thr":0.12,"de":0.35,"flap":0,"pitch":3.2,"thC":null,"vs":-1.09,"wK":null,"y":18.3,"hP":null,"brake":0,"onG":0}
{"t":485.8,"ph":"FLARE","s":-242,"agl":0.6,"V":31.83,"Vc":null,"thr":0.12,"de":0.35,"flap":0,"pitch":2.9,"thC":null,"vs":-1.05,"wK":null,"y":18,"hP":null,"brake":0,"onG":0}
{"t":486.1,"ph":"FLARE","s":-234,"agl":0.1,"V":31.67,"Vc":null,"thr":0.12,"de":0.35,"flap":0,"pitch":2.6,"thC":null,"vs":-1.09,"wK":null,"y":17.7,"hP":null,"brake":0,"onG":0}
{"t":486.4,"ph":"ROLLOUT","s":-226,"agl":0,"V":31.32,"Vc":null,"thr":0,"de":0.35,"flap":0,"pitch":-0.5,"thC":null,"vs":1.17,"wK":null,"y":17.8,"hP":null,"brake":0.05,"onG":3}
{"t":486.6,"ph":"ROLLOUT","s":-218,"agl":0,"V":31.07,"Vc":null,"thr":0,"de":0.187,"flap":0,"pitch":0.7,"thC":null,"vs":0.51,"wK":null,"y":17.9,"hP":null,"brake":0.1,"onG":3}
{"t":486.9,"ph":"ROLLOUT","s":-210,"agl":0,"V":30.79,"Vc":null,"thr":0,"de":0.244,"flap":0,"pitch":0.9,"thC":null,"vs":0.39,"wK":null,"y":18.1,"hP":null,"brake":0.16,"onG":3}
{"t":487.2,"ph":"ROLLOUT","s":-202,"agl":0,"V":30.48,"Vc":null,"thr":0,"de":0.248,"flap":0,"pitch":0.3,"thC":null,"vs":0.64,"wK":null,"y":18.3,"hP":null,"brake":0.23,"onG":3}
{"t":487.4,"ph":"ROLLOUT","s":-194,"agl":0,"V":30.17,"Vc":null,"thr":0,"de":0.184,"flap":0,"pitch":0.6,"thC":null,"vs":0.58,"wK":null,"y":18.4,"hP":null,"brake":0.29,"onG":3}
{"t":487.7,"ph":"ROLLOUT","s":-186,"agl":0,"V":29.85,"Vc":null,"thr":0,"de":0.188,"flap":0,"pitch":0.3,"thC":null,"vs":0.55,"wK":null,"y":18.6,"hP":null,"brake":0.36,"onG":3}
{"t":488,"ph":"ROLLOUT","s":-178,"agl":0,"V":29.5,"Vc":null,"thr":0,"de":0.17,"flap":0,"pitch":0.4,"thC":null,"vs":0.56,"wK":null,"y":18.7,"hP":null,"brake":0.42,"onG":3}
{"t":488.2,"ph":"ROLLOUT","s":-171,"agl":0,"V":29.12,"Vc":null,"thr":0,"de":0.179,"flap":0,"pitch":0.4,"thC":null,"vs":0.58,"wK":null,"y":18.9,"hP":null,"brake":0.48,"onG":3}
{"t":488.5,"ph":"ROLLOUT","s":-163,"agl":0,"V":28.71,"Vc":null,"thr":0,"de":0.171,"flap":0,"pitch":0.4,"thC":null,"vs":0.61,"wK":null,"y":19,"hP":null,"brake":0.55,"onG":3}
{"t":488.8,"ph":"ROLLOUT","s":-156,"agl":0,"V":28.27,"Vc":null,"thr":0,"de":0.172,"flap":0,"pitch":0.5,"thC":null,"vs":0.64,"wK":null,"y":19.2,"hP":null,"brake":0.61,"onG":3}
{"t":489,"ph":"ROLLOUT","s":-148,"agl":0,"V":27.82,"Vc":null,"thr":0,"de":0.171,"flap":0,"pitch":0.5,"thC":null,"vs":0.65,"wK":null,"y":19.4,"hP":null,"brake":0.68,"onG":3}
{"t":489.3,"ph":"ROLLOUT","s":-141,"agl":0,"V":27.36,"Vc":null,"thr":0,"de":0.174,"flap":0,"pitch":0.5,"thC":null,"vs":0.66,"wK":null,"y":19.5,"hP":null,"brake":0.74,"onG":3}
{"t":489.6,"ph":"ROLLOUT","s":-134,"agl":0,"V":26.88,"Vc":null,"thr":0,"de":0.172,"flap":0,"pitch":0.5,"thC":null,"vs":0.67,"wK":null,"y":19.7,"hP":null,"brake":0.8,"onG":3}
{"t":489.8,"ph":"ROLLOUT","s":-127,"agl":0,"V":26.39,"Vc":null,"thr":0,"de":0.172,"flap":0,"pitch":0.5,"thC":null,"vs":0.68,"wK":null,"y":19.9,"hP":null,"brake":0.87,"onG":3}
{"t":490.1,"ph":"ROLLOUT","s":-121,"agl":0,"V":25.88,"Vc":null,"thr":0,"de":0.167,"flap":0,"pitch":0.6,"thC":null,"vs":0.87,"wK":null,"y":20.1,"hP":null,"brake":0.93,"onG":3}
{"t":490.4,"ph":"ROLLOUT","s":-114,"agl":0.1,"V":25.28,"Vc":null,"thr":0,"de":0.08,"flap":0,"pitch":2.2,"thC":null,"vs":1.2,"wK":null,"y":20.5,"hP":null,"brake":0.98,"onG":0}
{"t":490.6,"ph":"ROLLOUT","s":-108,"agl":0.2,"V":25.14,"Vc":null,"thr":0,"de":0.126,"flap":0,"pitch":2.6,"thC":null,"vs":-0.24,"wK":null,"y":20.6,"hP":null,"brake":0.98,"onG":0}
{"t":490.9,"ph":"ROLLOUT","s":-101,"agl":-0.1,"V":24.64,"Vc":null,"thr":0,"de":0.209,"flap":0,"pitch":1.7,"thC":null,"vs":0.61,"wK":null,"y":20.4,"hP":null,"brake":1,"onG":3}
{"t":491.2,"ph":"ROLLOUT","s":-95,"agl":0.1,"V":23.78,"Vc":null,"thr":0,"de":0.204,"flap":0,"pitch":0.1,"thC":null,"vs":1.52,"wK":null,"y":21,"hP":null,"brake":1,"onG":0}
{"t":491.4,"ph":"ROLLOUT","s":-89,"agl":0.1,"V":23.61,"Vc":null,"thr":0,"de":0.072,"flap":0,"pitch":1.7,"thC":null,"vs":-0.33,"wK":null,"y":21.2,"hP":null,"brake":1,"onG":0}
{"t":491.7,"ph":"ROLLOUT","s":-83,"agl":0,"V":22.63,"Vc":null,"thr":0,"de":0.279,"flap":0,"pitch":-0.6,"thC":null,"vs":1.48,"wK":null,"y":21.3,"hP":null,"brake":1,"onG":3}
{"t":492,"ph":"ROLLOUT","s":-77,"agl":0,"V":22.44,"Vc":null,"thr":0,"de":0.112,"flap":0,"pitch":0.5,"thC":null,"vs":0.34,"wK":null,"y":21.5,"hP":null,"brake":1,"onG":3}
{"t":492.2,"ph":"ROLLOUT","s":-71,"agl":0,"V":21.7,"Vc":null,"thr":0,"de":0.15,"flap":0,"pitch":0.9,"thC":null,"vs":0.7,"wK":null,"y":21.7,"hP":null,"brake":1,"onG":3}
{"t":492.5,"ph":"ROLLOUT","s":-66,"agl":0,"V":21.15,"Vc":null,"thr":0,"de":0.15,"flap":0,"pitch":0.7,"thC":null,"vs":0.9,"wK":null,"y":21.9,"hP":null,"brake":1,"onG":3}
{"t":492.8,"ph":"ROLLOUT","s":-61,"agl":0,"V":20.65,"Vc":null,"thr":0,"de":0.15,"flap":0,"pitch":1.2,"thC":null,"vs":0.73,"wK":null,"y":22.1,"hP":null,"brake":1,"onG":3}
{"t":493,"ph":"ROLLOUT","s":-55,"agl":0,"V":20.09,"Vc":null,"thr":0,"de":0.15,"flap":0,"pitch":0.7,"thC":null,"vs":0.68,"wK":null,"y":22.3,"hP":null,"brake":1,"onG":3}
{"t":493.3,"ph":"ROLLOUT","s":-50,"agl":0,"V":19.53,"Vc":null,"thr":0,"de":0.15,"flap":0,"pitch":0.8,"thC":null,"vs":0.69,"wK":null,"y":22.5,"hP":null,"brake":1,"onG":3}
{"t":493.6,"ph":"ROLLOUT","s":-45,"agl":0,"V":18.95,"Vc":null,"thr":0,"de":0.15,"flap":0,"pitch":0.8,"thC":null,"vs":0.66,"wK":null,"y":22.7,"hP":null,"brake":1,"onG":3}
{"t":493.8,"ph":"ROLLOUT","s":-41,"agl":0,"V":18.39,"Vc":null,"thr":0,"de":0.15,"flap":0,"pitch":0.8,"thC":null,"vs":0.64,"wK":null,"y":22.8,"hP":null,"brake":1,"onG":3}
{"t":494.1,"ph":"ROLLOUT","s":-36,"agl":0,"V":17.82,"Vc":null,"thr":0,"de":0.15,"flap":0,"pitch":0.8,"thC":null,"vs":0.62,"wK":null,"y":23,"hP":null,"brake":1,"onG":3}
{"t":494.4,"ph":"ROLLOUT","s":-32,"agl":0,"V":17.27,"Vc":null,"thr":0,"de":0.15,"flap":0,"pitch":0.7,"thC":null,"vs":0.6,"wK":null,"y":23.2,"hP":null,"brake":1,"onG":3}
{"t":494.6,"ph":"ROLLOUT","s":-27,"agl":0,"V":16.72,"Vc":null,"thr":0,"de":0.15,"flap":0,"pitch":0.8,"thC":null,"vs":0.58,"wK":null,"y":23.3,"hP":null,"brake":1,"onG":3}
{"t":494.9,"ph":"ROLLOUT","s":-23,"agl":0,"V":16.18,"Vc":null,"thr":0,"de":0.15,"flap":0,"pitch":0.7,"thC":null,"vs":0.56,"wK":null,"y":23.5,"hP":null,"brake":1,"onG":3}
{"t":495.2,"ph":"ROLLOUT","s":-19,"agl":0,"V":15.64,"Vc":null,"thr":0,"de":0.15,"flap":0,"pitch":0.7,"thC":null,"vs":0.54,"wK":null,"y":23.6,"hP":null,"brake":1,"onG":3}
{"t":495.4,"ph":"ROLLOUT","s":-15,"agl":0,"V":15.09,"Vc":null,"thr":0,"de":0.15,"flap":0,"pitch":0.7,"thC":null,"vs":0.52,"wK":null,"y":23.8,"hP":null,"brake":1,"onG":3}
{"t":495.7,"ph":"ROLLOUT","s":-11,"agl":0,"V":14.53,"Vc":null,"thr":0,"de":0.15,"flap":0,"pitch":0.7,"thC":null,"vs":0.5,"wK":null,"y":23.9,"hP":null,"brake":1,"onG":3}
{"t":496,"ph":"ROLLOUT","s":-8,"agl":0,"V":13.97,"Vc":null,"thr":0,"de":0.15,"flap":0,"pitch":0.7,"thC":null,"vs":0.48,"wK":null,"y":24,"hP":null,"brake":1,"onG":3}
{"t":496.2,"ph":"ROLLOUT","s":-4,"agl":0,"V":13.4,"Vc":null,"thr":0,"de":0.15,"flap":0,"pitch":0.7,"thC":null,"vs":0.46,"wK":null,"y":24.2,"hP":null,"brake":1,"onG":3}
{"t":496.5,"ph":"ROLLOUT","s":-1,"agl":0,"V":12.84,"Vc":null,"thr":0,"de":0.15,"flap":0,"pitch":0.7,"thC":null,"vs":0.44,"wK":null,"y":24.3,"hP":null,"brake":1,"onG":3}
{"t":496.8,"ph":"ROLLOUT","s":2,"agl":0,"V":12.29,"Vc":null,"thr":0,"de":0.15,"flap":0,"pitch":0.7,"thC":null,"vs":0.42,"wK":null,"y":24.4,"hP":null,"brake":1,"onG":3}
{"t":497,"ph":"ROLLOUT","s":5,"agl":0,"V":11.75,"Vc":null,"thr":0,"de":0.15,"flap":0,"pitch":0.7,"thC":null,"vs":0.4,"wK":null,"y":24.5,"hP":null,"brake":1,"onG":3}
{"t":497.3,"ph":"ROLLOUT","s":8,"agl":0,"V":11.21,"Vc":null,"thr":0,"de":0.15,"flap":0,"pitch":0.6,"thC":null,"vs":0.38,"wK":null,"y":24.6,"hP":null,"brake":1,"onG":3}
{"t":497.6,"ph":"ROLLOUT","s":11,"agl":0,"V":10.66,"Vc":null,"thr":0,"de":0.15,"flap":0,"pitch":0.6,"thC":null,"vs":0.36,"wK":null,"y":24.7,"hP":null,"brake":1,"onG":3}
{"t":497.8,"ph":"ROLLOUT","s":13,"agl":0,"V":10.11,"Vc":null,"thr":0,"de":0.15,"flap":0,"pitch":0.6,"thC":null,"vs":0.34,"wK":null,"y":24.8,"hP":null,"brake":1,"onG":3}
{"t":498.1,"ph":"ROLLOUT","s":16,"agl":0,"V":9.55,"Vc":null,"thr":0,"de":0.15,"flap":0,"pitch":0.6,"thC":null,"vs":0.32,"wK":null,"y":24.9,"hP":null,"brake":1,"onG":3}
{"t":498.4,"ph":"ROLLOUT","s":18,"agl":0,"V":8.98,"Vc":null,"thr":0,"de":0.15,"flap":0,"pitch":0.6,"thC":null,"vs":0.3,"wK":null,"y":25,"hP":null,"brake":1,"onG":3}
{"t":498.6,"ph":"ROLLOUT","s":20,"agl":0,"V":8.42,"Vc":null,"thr":0,"de":0.15,"flap":0,"pitch":0.6,"thC":null,"vs":0.28,"wK":null,"y":25,"hP":null,"brake":1,"onG":3}
{"t":498.9,"ph":"ROLLOUT","s":22,"agl":0,"V":7.87,"Vc":null,"thr":0,"de":0.15,"flap":0,"pitch":0.6,"thC":null,"vs":0.26,"wK":null,"y":25.1,"hP":null,"brake":1,"onG":3}
{"t":499.2,"ph":"ROLLOUT","s":24,"agl":0,"V":7.33,"Vc":null,"thr":0,"de":0.15,"flap":0,"pitch":0.6,"thC":null,"vs":0.24,"wK":null,"y":25.2,"hP":null,"brake":1,"onG":3}
{"t":499.4,"ph":"ROLLOUT","s":26,"agl":0,"V":6.79,"Vc":null,"thr":0,"de":0.15,"flap":0,"pitch":0.6,"thC":null,"vs":0.22,"wK":null,"y":25.2,"hP":null,"brake":1,"onG":3}
{"t":499.7,"ph":"ROLLOUT","s":27,"agl":0,"V":6.26,"Vc":null,"thr":0,"de":0.15,"flap":0,"pitch":0.6,"thC":null,"vs":0.2,"wK":null,"y":25.3,"hP":null,"brake":1,"onG":3}
{"t":500,"ph":"ROLLOUT","s":28,"agl":0,"V":5.73,"Vc":null,"thr":0,"de":0.15,"flap":0,"pitch":0.6,"thC":null,"vs":0.18,"wK":null,"y":25.4,"hP":null,"brake":1,"onG":3}
{"t":500.2,"ph":"ROLLOUT","s":30,"agl":0,"V":5.19,"Vc":null,"thr":0,"de":0.15,"flap":0,"pitch":0.6,"thC":null,"vs":0.16,"wK":null,"y":25.4,"hP":null,"brake":1,"onG":3}
{"t":500.5,"ph":"ROLLOUT","s":31,"agl":0,"V":4.64,"Vc":null,"thr":0,"de":0.15,"flap":0,"pitch":0.6,"thC":null,"vs":0.14,"wK":null,"y":25.4,"hP":null,"brake":1,"onG":3}
{"t":500.8,"ph":"ROLLOUT","s":32,"agl":0,"V":4.09,"Vc":null,"thr":0,"de":0.15,"flap":0,"pitch":0.6,"thC":null,"vs":0.12,"wK":null,"y":25.5,"hP":null,"brake":0.91,"onG":3}
{"t":501,"ph":"ROLLOUT","s":33,"agl":0,"V":3.62,"Vc":null,"thr":0,"de":0.15,"flap":0,"pitch":0.7,"thC":null,"vs":0.11,"wK":null,"y":25.5,"hP":null,"brake":0.67,"onG":3}
{"t":501.3,"ph":"ROLLOUT","s":33,"agl":0,"V":3.24,"Vc":null,"thr":0,"de":0.15,"flap":0,"pitch":0.8,"thC":null,"vs":0.09,"wK":null,"y":25.5,"hP":null,"brake":0.48,"onG":3}
{"t":501.6,"ph":"ROLLOUT","s":34,"agl":0,"V":2.94,"Vc":null,"thr":0,"de":0.15,"flap":0,"pitch":0.8,"thC":null,"vs":0.08,"wK":null,"y":25.6,"hP":null,"brake":0.32,"onG":3}
{"t":501.8,"ph":"ROLLOUT","s":34,"agl":0,"V":2.7,"Vc":null,"thr":0,"de":0.15,"flap":0,"pitch":0.9,"thC":null,"vs":0.07,"wK":null,"y":25.6,"hP":null,"brake":0.2,"onG":3}
{"t":502.1,"ph":"ROLLOUT","s":35,"agl":0,"V":2.53,"Vc":null,"thr":0,"de":0.15,"flap":0,"pitch":0.9,"thC":null,"vs":0.06,"wK":null,"y":25.6,"hP":null,"brake":0.1,"onG":3}
{"t":502.4,"ph":"ROLLOUT","s":35,"agl":0,"V":2.38,"Vc":null,"thr":0,"de":0.15,"flap":0,"pitch":0.9,"thC":null,"vs":0.06,"wK":null,"y":25.6,"hP":null,"brake":0.03,"onG":3}
{"t":502.6,"ph":"ROLLOUT","s":36,"agl":0,"V":2.26,"Vc":null,"thr":0,"de":0.15,"flap":0,"pitch":1,"thC":null,"vs":0.05,"wK":null,"y":25.6,"hP":null,"brake":0,"onG":3}
{"t":502.9,"ph":"ROLLOUT","s":36,"agl":0,"V":2.13,"Vc":null,"thr":0,"de":0.15,"flap":0,"pitch":0.9,"thC":null,"vs":0.05,"wK":null,"y":25.6,"hP":null,"brake":0,"onG":3}
{"t":503.2,"ph":"ROLLOUT","s":36,"agl":0,"V":2,"Vc":null,"thr":0,"de":0.15,"flap":0,"pitch":1,"thC":null,"vs":0.04,"wK":null,"y":25.6,"hP":null,"brake":0,"onG":3}
{"t":503.4,"ph":"ROLLOUT","s":37,"agl":0,"V":1.88,"Vc":null,"thr":0,"de":0.15,"flap":0,"pitch":1,"thC":null,"vs":0.04,"wK":null,"y":25.7,"hP":null,"brake":0,"onG":3}
{"t":503.7,"ph":"ROLLOUT","s":37,"agl":0,"V":1.77,"Vc":null,"thr":0,"de":0.15,"flap":0,"pitch":0.9,"thC":null,"vs":0.03,"wK":null,"y":25.7,"hP":null,"brake":0,"onG":3}
{"t":504,"ph":"ROLLOUT","s":37,"agl":0,"V":1.66,"Vc":null,"thr":0,"de":0.15,"flap":0,"pitch":1,"thC":null,"vs":0.03,"wK":null,"y":25.7,"hP":null,"brake":0,"onG":3}
{"t":504.2,"ph":"ROLLOUT","s":37,"agl":0,"V":1.56,"Vc":null,"thr":0,"de":0.15,"flap":0,"pitch":1,"thC":null,"vs":0.03,"wK":null,"y":25.7,"hP":null,"brake":0,"onG":3}
{"t":504.5,"ph":"ROLLOUT","s":38,"agl":0,"V":1.45,"Vc":null,"thr":0,"de":0.15,"flap":0,"pitch":1,"thC":null,"vs":0.02,"wK":null,"y":25.7,"hP":null,"brake":0,"onG":3}
{"t":504.8,"ph":"ROLLOUT","s":38,"agl":0,"V":1.34,"Vc":null,"thr":0,"de":0.15,"flap":0,"pitch":1,"thC":null,"vs":0.02,"wK":null,"y":25.7,"hP":null,"brake":0,"onG":3}
appr {"technique":"short","Vref":28.9,"Vbase":28.8,"gust":0.1,"aimIn":31,"flap":0,"len":520,"surface":6,"runNeed":249,"gs":0.046,"reqGs":0.024,"Vheld":33.2,"held":{"Vtd":33.2,"need":395,"needShort":332,"room":389,"grade":0.028},"heldShort":true}
landing {"run":271,"sink":1.09,"V":31.7,"offCentre":-0.1,"pastAim":-5,"k":1,"three":false,"onStrip":true,"tdIn":27,"stopLeft":222}
verdicts 184.4 vx-climb: ground ahead above the aeroplane — climbing at Vx 30.8 m/s until clear
  368.1 vref-raised: the elevator cannot hold 28.9 m/s at this power — flying the approach faster
  368.9 held-speed-short-field: the elevator holds 29.7 m/s on this final: the stop from it needs 320 m, 368 m of Tamgas Hill Strip are left past the aim and the float - landing short-field (aim 31 m in, the brakes from the touch)
strip w3 len 520 hdg 165; stopped s 37.8 (ends at +/-260)
damage {"y":0,"b":0,"dent":false,"crashed":false,"gPeak":3.5525436607286114}
