mass 887.2 fuel 28 day {"kts":8,"dirDeg":250,"gust":0.15,"refH":10,"breeze":1}
  t 0.0 -> TAXI
  t 164.4 -> STOP
  t 165.4 -> HOLD
  t 167.5 -> ROLL
  t 178.3 -> LIFTOFF
  t 184.4 -> CLIMB
  t 201.6 -> ENROUTE
  t 216.7 -> DOWNWIND
  t 302.5 -> BASE
  t 339.7 -> FINAL
  t 492.1 -> FLARE
  t 495.0 -> ROLLOUT
  t 513.5 -> STOPPED
{"t":339.7,"ph":"FINAL","s":-4039,"agl":193.6,"V":40.17,"Vc":40.9,"thr":0.9,"de":0.11,"flap":0,"pitch":-2,"thC":10.2,"vs":-2.97,"wK":1,"y":239.4,"hP":251.2,"brake":0,"onG":0}
{"t":340,"ph":"FINAL","s":-4039,"agl":192.3,"V":40.05,"Vc":28.87,"thr":0.04,"de":0.068,"flap":0,"pitch":-1.3,"thC":-0.2,"vs":-2.35,"wK":0.87,"y":238.7,"hP":195,"brake":0,"onG":0}
{"t":340.2,"ph":"FINAL","s":-4039,"agl":191.6,"V":39.88,"Vc":28.87,"thr":0.04,"de":0.084,"flap":0,"pitch":-2.3,"thC":-2.1,"vs":-2.22,"wK":0.73,"y":238.1,"hP":195,"brake":0,"onG":0}
{"t":340.5,"ph":"FINAL","s":-4039,"agl":190.6,"V":39.73,"Vc":28.87,"thr":0.04,"de":0.069,"flap":0,"pitch":-3.1,"thC":-3.2,"vs":-2.49,"wK":0.6,"y":237.5,"hP":195,"brake":0,"onG":0}
{"t":340.8,"ph":"FINAL","s":-4039,"agl":188.9,"V":39.59,"Vc":28.87,"thr":0.04,"de":0.058,"flap":0,"pitch":-3.7,"thC":-3.7,"vs":-2.85,"wK":0.5,"y":236.8,"hP":195,"brake":0,"onG":0}
{"t":341,"ph":"FINAL","s":-4039,"agl":187,"V":39.49,"Vc":28.87,"thr":0.04,"de":0.069,"flap":0,"pitch":-4.2,"thC":-3,"vs":-3.24,"wK":0.5,"y":236,"hP":195,"brake":0,"onG":0}
{"t":341.3,"ph":"FINAL","s":-4039,"agl":185.3,"V":39.44,"Vc":28.87,"thr":0.04,"de":0.072,"flap":0,"pitch":-4.4,"thC":-2.4,"vs":-3.57,"wK":0.5,"y":235,"hP":195.1,"brake":0,"onG":0}
{"t":341.6,"ph":"FINAL","s":-4039,"agl":183.4,"V":39.42,"Vc":28.87,"thr":0.04,"de":0.078,"flap":0,"pitch":-4.6,"thC":-1.8,"vs":-3.81,"wK":0.5,"y":234.1,"hP":195.1,"brake":0,"onG":0}
{"t":341.8,"ph":"FINAL","s":-4040,"agl":181,"V":39.43,"Vc":28.87,"thr":0.04,"de":0.083,"flap":0,"pitch":-4.6,"thC":-1.4,"vs":-3.98,"wK":0.5,"y":233,"hP":195.1,"brake":0,"onG":0}
{"t":342.1,"ph":"FINAL","s":-4040,"agl":178.6,"V":39.47,"Vc":28.87,"thr":0.04,"de":0.086,"flap":0,"pitch":-4.6,"thC":-1,"vs":-4.08,"wK":0.5,"y":231.9,"hP":195.1,"brake":0,"onG":0}
{"t":342.4,"ph":"FINAL","s":-4040,"agl":176.4,"V":39.51,"Vc":28.87,"thr":0.04,"de":0.087,"flap":0,"pitch":-4.6,"thC":-0.7,"vs":-4.13,"wK":0.5,"y":230.8,"hP":195.1,"brake":0,"onG":0}
{"t":342.6,"ph":"FINAL","s":-4041,"agl":173.9,"V":39.55,"Vc":28.87,"thr":0.04,"de":0.087,"flap":0,"pitch":-4.5,"thC":-0.5,"vs":-4.13,"wK":0.5,"y":229.7,"hP":195.1,"brake":0,"onG":0}
{"t":342.9,"ph":"FINAL","s":-4041,"agl":171.6,"V":39.58,"Vc":28.87,"thr":0.04,"de":0.086,"flap":0,"pitch":-4.3,"thC":-0.4,"vs":-4.11,"wK":0.5,"y":228.6,"hP":195.1,"brake":0,"onG":0}
{"t":343.2,"ph":"FINAL","s":-4041,"agl":169.6,"V":39.59,"Vc":28.87,"thr":0.04,"de":0.085,"flap":0,"pitch":-4.2,"thC":-0.3,"vs":-4.08,"wK":0.5,"y":227.6,"hP":195.2,"brake":0,"onG":0}
{"t":343.4,"ph":"FINAL","s":-4041,"agl":166.7,"V":39.59,"Vc":28.87,"thr":0.04,"de":0.084,"flap":0,"pitch":-4,"thC":-0.2,"vs":-4.05,"wK":0.5,"y":226.5,"hP":195.2,"brake":0,"onG":0}
{"t":343.7,"ph":"FINAL","s":-4041,"agl":164.7,"V":39.59,"Vc":28.87,"thr":0.04,"de":0.084,"flap":0,"pitch":-3.8,"thC":-0.1,"vs":-4.02,"wK":0.5,"y":225.4,"hP":195.2,"brake":0,"onG":0}
{"t":344,"ph":"FINAL","s":-4041,"agl":163.2,"V":39.6,"Vc":28.87,"thr":0.04,"de":0.085,"flap":0,"pitch":-3.6,"thC":0,"vs":-4,"wK":0.5,"y":224.3,"hP":195.2,"brake":0,"onG":0}
{"t":344.2,"ph":"FINAL","s":-4041,"agl":161.9,"V":39.64,"Vc":28.87,"thr":0.04,"de":0.087,"flap":0,"pitch":-3.4,"thC":0.1,"vs":-3.99,"wK":0.5,"y":223.3,"hP":195.2,"brake":0,"onG":0}
{"t":344.5,"ph":"FINAL","s":-4041,"agl":160.2,"V":39.68,"Vc":28.87,"thr":0.04,"de":0.09,"flap":0,"pitch":-3.3,"thC":0.3,"vs":-3.98,"wK":0.5,"y":222.2,"hP":195.1,"brake":0,"onG":0}
{"t":344.8,"ph":"FINAL","s":-4040,"agl":158.3,"V":39.75,"Vc":28.87,"thr":0.04,"de":0.093,"flap":0,"pitch":-3.2,"thC":0.4,"vs":-3.98,"wK":0.5,"y":221.1,"hP":195.1,"brake":0,"onG":0}
{"t":345,"ph":"FINAL","s":-4040,"agl":156.4,"V":39.81,"Vc":28.87,"thr":0.04,"de":0.097,"flap":0,"pitch":-3.1,"thC":0.6,"vs":-3.98,"wK":0.5,"y":220.1,"hP":195.1,"brake":0,"onG":0}
{"t":345.3,"ph":"FINAL","s":-4039,"agl":155,"V":39.85,"Vc":28.87,"thr":0.04,"de":0.103,"flap":0,"pitch":-3.1,"thC":0.8,"vs":-3.97,"wK":0.5,"y":219,"hP":195,"brake":0,"onG":0}
{"t":345.6,"ph":"FINAL","s":-4037,"agl":153.7,"V":39.88,"Vc":28.87,"thr":0.04,"de":0.113,"flap":0,"pitch":-3.1,"thC":0.9,"vs":-3.95,"wK":0.5,"y":218,"hP":195,"brake":0,"onG":0}
{"t":345.8,"ph":"FINAL","s":-4036,"agl":152.2,"V":39.87,"Vc":28.87,"thr":0.04,"de":0.12,"flap":0,"pitch":-3.2,"thC":0.9,"vs":-3.92,"wK":0.5,"y":216.9,"hP":194.9,"brake":0,"onG":0}
{"t":346.1,"ph":"FINAL","s":-4034,"agl":151,"V":39.84,"Vc":28.87,"thr":0.04,"de":0.128,"flap":0,"pitch":-3.3,"thC":1.5,"vs":-3.87,"wK":0.5,"y":215.9,"hP":194.8,"brake":0,"onG":0}
{"t":346.4,"ph":"FINAL","s":-4032,"agl":150.4,"V":39.8,"Vc":28.87,"thr":0.04,"de":0.13,"flap":0,"pitch":-3.2,"thC":2.1,"vs":-3.81,"wK":0.5,"y":214.8,"hP":194.7,"brake":0,"onG":0}
{"t":346.6,"ph":"FINAL","s":-4030,"agl":149.3,"V":39.76,"Vc":28.87,"thr":0.04,"de":0.131,"flap":0,"pitch":-3.1,"thC":2.7,"vs":-3.75,"wK":0.5,"y":213.8,"hP":194.6,"brake":0,"onG":0}
{"t":346.9,"ph":"FINAL","s":-4027,"agl":146.7,"V":39.72,"Vc":28.87,"thr":0.04,"de":0.134,"flap":0,"pitch":-2.8,"thC":3.3,"vs":-3.69,"wK":0.5,"y":212.8,"hP":194.5,"brake":0,"onG":0}
{"t":347.2,"ph":"FINAL","s":-4024,"agl":144.1,"V":39.7,"Vc":28.87,"thr":0.04,"de":0.139,"flap":0,"pitch":-2.5,"thC":3.8,"vs":-3.63,"wK":0.5,"y":211.9,"hP":194.4,"brake":0,"onG":0}
{"t":347.4,"ph":"FINAL","s":-4021,"agl":142.3,"V":39.68,"Vc":28.87,"thr":0.04,"de":0.146,"flap":0,"pitch":-2.2,"thC":4.4,"vs":-3.54,"wK":0.5,"y":210.9,"hP":194.3,"brake":0,"onG":0}
{"t":347.7,"ph":"FINAL","s":-4018,"agl":140.3,"V":39.66,"Vc":28.87,"thr":0.04,"de":0.153,"flap":0,"pitch":-1.9,"thC":4.9,"vs":-3.42,"wK":0.5,"y":210,"hP":194.1,"brake":0,"onG":0}
{"t":348,"ph":"FINAL","s":-4014,"agl":137,"V":39.6,"Vc":28.87,"thr":0.04,"de":0.159,"flap":0,"pitch":-1.7,"thC":5.3,"vs":-3.28,"wK":0.5,"y":209.1,"hP":193.9,"brake":0,"onG":0}
{"t":348.2,"ph":"FINAL","s":-4011,"agl":131.8,"V":39.52,"Vc":28.87,"thr":0.04,"de":0.164,"flap":0,"pitch":-1.5,"thC":5.5,"vs":-3.13,"wK":0.5,"y":208.2,"hP":193.8,"brake":0,"onG":0}
{"t":348.5,"ph":"FINAL","s":-4007,"agl":128.1,"V":39.4,"Vc":28.87,"thr":0.04,"de":0.167,"flap":0,"pitch":-1.2,"thC":5.8,"vs":-2.97,"wK":0.5,"y":207.4,"hP":193.6,"brake":0,"onG":0}
{"t":348.8,"ph":"FINAL","s":-4002,"agl":124,"V":39.26,"Vc":28.87,"thr":0.04,"de":0.169,"flap":0,"pitch":-1,"thC":6,"vs":-2.83,"wK":0.5,"y":206.6,"hP":193.4,"brake":0,"onG":0}
{"t":349,"ph":"FINAL","s":-3998,"agl":119.2,"V":39.1,"Vc":28.87,"thr":0.04,"de":0.171,"flap":0,"pitch":-0.8,"thC":6.2,"vs":-2.71,"wK":0.5,"y":205.9,"hP":193.2,"brake":0,"onG":0}
{"t":349.3,"ph":"FINAL","s":-3993,"agl":115.7,"V":38.93,"Vc":28.87,"thr":0.04,"de":0.173,"flap":0,"pitch":-0.6,"thC":6.4,"vs":-2.61,"wK":0.5,"y":205.2,"hP":192.9,"brake":0,"onG":0}
{"t":349.6,"ph":"FINAL","s":-3988,"agl":113.1,"V":38.78,"Vc":28.87,"thr":0.04,"de":0.174,"flap":0,"pitch":-0.3,"thC":6.5,"vs":-2.52,"wK":0.5,"y":204.5,"hP":192.7,"brake":0,"onG":0}
{"t":349.8,"ph":"FINAL","s":-3983,"agl":111.4,"V":38.65,"Vc":28.87,"thr":0.04,"de":0.177,"flap":0,"pitch":-0.1,"thC":6.6,"vs":-2.43,"wK":0.5,"y":203.9,"hP":192.5,"brake":0,"onG":0}
{"t":350.1,"ph":"FINAL","s":-3977,"agl":108.7,"V":38.55,"Vc":28.87,"thr":0.04,"de":0.181,"flap":0,"pitch":0,"thC":6.7,"vs":-2.35,"wK":0.5,"y":203.2,"hP":192.2,"brake":0,"onG":0}
{"t":350.4,"ph":"FINAL","s":-3972,"agl":106.1,"V":38.45,"Vc":28.87,"thr":0.04,"de":0.184,"flap":0,"pitch":0.1,"thC":6.8,"vs":-2.26,"wK":0.5,"y":202.6,"hP":192,"brake":0,"onG":0}
{"t":350.6,"ph":"FINAL","s":-3966,"agl":102.9,"V":38.36,"Vc":28.87,"thr":0.04,"de":0.188,"flap":0,"pitch":0.2,"thC":6.9,"vs":-2.18,"wK":0.5,"y":202,"hP":191.7,"brake":0,"onG":0}
{"t":350.9,"ph":"FINAL","s":-3960,"agl":99.6,"V":38.25,"Vc":28.87,"thr":0.04,"de":0.191,"flap":0,"pitch":0.3,"thC":7,"vs":-2.11,"wK":0.5,"y":201.4,"hP":191.4,"brake":0,"onG":0}
{"t":351.2,"ph":"FINAL","s":-3954,"agl":97.7,"V":38.14,"Vc":28.87,"thr":0.04,"de":0.193,"flap":0,"pitch":0.4,"thC":7.1,"vs":-2.04,"wK":0.5,"y":200.9,"hP":191.2,"brake":0,"onG":0}
{"t":351.4,"ph":"FINAL","s":-3948,"agl":98.3,"V":38.02,"Vc":28.87,"thr":0.04,"de":0.195,"flap":0,"pitch":0.5,"thC":7.1,"vs":-2,"wK":0.5,"y":200.4,"hP":190.9,"brake":0,"onG":0}
{"t":351.7,"ph":"FINAL","s":-3941,"agl":99.9,"V":37.88,"Vc":28.87,"thr":0.04,"de":0.197,"flap":0,"pitch":0.6,"thC":7.2,"vs":-1.96,"wK":0.5,"y":199.8,"hP":190.6,"brake":0,"onG":0}
{"t":352,"ph":"FINAL","s":-3935,"agl":101.7,"V":37.75,"Vc":28.87,"thr":0.04,"de":0.199,"flap":0,"pitch":0.7,"thC":7.3,"vs":-1.93,"wK":0.5,"y":199.3,"hP":190.3,"brake":0,"onG":0}
{"t":352.2,"ph":"FINAL","s":-3928,"agl":103.9,"V":37.63,"Vc":28.87,"thr":0.04,"de":0.202,"flap":0,"pitch":0.8,"thC":7.4,"vs":-1.91,"wK":0.5,"y":198.8,"hP":190,"brake":0,"onG":0}
{"t":352.5,"ph":"FINAL","s":-3921,"agl":106.7,"V":37.52,"Vc":28.87,"thr":0.04,"de":0.206,"flap":0,"pitch":0.9,"thC":7.6,"vs":-1.88,"wK":0.5,"y":198.3,"hP":189.7,"brake":0,"onG":0}
{"t":352.8,"ph":"FINAL","s":-3914,"agl":109.8,"V":37.43,"Vc":28.87,"thr":0.04,"de":0.209,"flap":0,"pitch":1,"thC":7.7,"vs":-1.85,"wK":0.5,"y":197.8,"hP":189.3,"brake":0,"onG":0}
{"t":353,"ph":"FINAL","s":-3907,"agl":113,"V":37.35,"Vc":28.87,"thr":0.04,"de":0.214,"flap":0,"pitch":1,"thC":7.8,"vs":-1.81,"wK":0.5,"y":197.3,"hP":189,"brake":0,"onG":0}
{"t":353.3,"ph":"FINAL","s":-3900,"agl":116.1,"V":37.28,"Vc":28.87,"thr":0.04,"de":0.217,"flap":0,"pitch":1.1,"thC":7.9,"vs":-1.78,"wK":0.5,"y":196.8,"hP":188.7,"brake":0,"onG":0}
{"t":353.6,"ph":"FINAL","s":-3893,"agl":118,"V":37.19,"Vc":28.87,"thr":0.04,"de":0.221,"flap":0,"pitch":1.1,"thC":7.9,"vs":-1.74,"wK":0.5,"y":196.4,"hP":188.3,"brake":0,"onG":0}
{"t":353.8,"ph":"FINAL","s":-3885,"agl":118.2,"V":37.07,"Vc":28.87,"thr":0.04,"de":0.223,"flap":0,"pitch":1.1,"thC":8,"vs":-1.72,"wK":0.5,"y":195.9,"hP":188,"brake":0,"onG":0}
{"t":354.1,"ph":"FINAL","s":-3878,"agl":116.8,"V":36.93,"Vc":28.87,"thr":0.04,"de":0.226,"flap":0,"pitch":1.2,"thC":8,"vs":-1.71,"wK":0.5,"y":195.4,"hP":187.7,"brake":0,"onG":0}
{"t":354.4,"ph":"FINAL","s":-3870,"agl":114.2,"V":36.77,"Vc":28.87,"thr":0.04,"de":0.228,"flap":0,"pitch":1.2,"thC":8.1,"vs":-1.72,"wK":0.5,"y":195,"hP":187.3,"brake":0,"onG":0}
{"t":354.6,"ph":"FINAL","s":-3863,"agl":111.8,"V":36.61,"Vc":28.87,"thr":0.04,"de":0.231,"flap":0,"pitch":1.3,"thC":8.2,"vs":-1.74,"wK":0.5,"y":194.5,"hP":187,"brake":0,"onG":0}
{"t":354.9,"ph":"FINAL","s":-3855,"agl":110.2,"V":36.45,"Vc":28.87,"thr":0.04,"de":0.235,"flap":0,"pitch":1.3,"thC":8.4,"vs":-1.76,"wK":0.5,"y":194,"hP":186.6,"brake":0,"onG":0}
{"t":355.2,"ph":"FINAL","s":-3848,"agl":109.2,"V":36.32,"Vc":28.87,"thr":0.04,"de":0.239,"flap":0,"pitch":1.4,"thC":8.5,"vs":-1.77,"wK":0.5,"y":193.6,"hP":186.3,"brake":0,"onG":0}
{"t":355.4,"ph":"FINAL","s":-3840,"agl":109.3,"V":36.21,"Vc":28.87,"thr":0.04,"de":0.244,"flap":0,"pitch":1.4,"thC":8.7,"vs":-1.77,"wK":0.5,"y":193.1,"hP":185.9,"brake":0,"onG":0}
{"t":355.7,"ph":"FINAL","s":-3832,"agl":109.7,"V":36.12,"Vc":28.87,"thr":0.04,"de":0.249,"flap":0,"pitch":1.5,"thC":8.8,"vs":-1.77,"wK":0.5,"y":192.6,"hP":185.6,"brake":0,"onG":0}
{"t":356,"ph":"FINAL","s":-3824,"agl":110.1,"V":36.04,"Vc":28.87,"thr":0.04,"de":0.254,"flap":0,"pitch":1.5,"thC":8.9,"vs":-1.76,"wK":0.5,"y":192.2,"hP":185.2,"brake":0,"onG":0}
{"t":356.2,"ph":"FINAL","s":-3817,"agl":110.3,"V":35.95,"Vc":28.87,"thr":0.04,"de":0.259,"flap":0,"pitch":1.5,"thC":9,"vs":-1.75,"wK":0.5,"y":191.7,"hP":184.8,"brake":0,"onG":0}
{"t":356.5,"ph":"FINAL","s":-3809,"agl":111.1,"V":35.84,"Vc":28.87,"thr":0.04,"de":0.262,"flap":0,"pitch":1.5,"thC":9.1,"vs":-1.74,"wK":0.5,"y":191.2,"hP":184.5,"brake":0,"onG":0}
{"t":356.8,"ph":"FINAL","s":-3801,"agl":112,"V":35.72,"Vc":28.87,"thr":0.04,"de":0.265,"flap":0,"pitch":1.5,"thC":9.3,"vs":-1.74,"wK":0.5,"y":190.8,"hP":184.1,"brake":0,"onG":0}
{"t":357,"ph":"FINAL","s":-3793,"agl":112.9,"V":35.6,"Vc":28.87,"thr":0.04,"de":0.268,"flap":0,"pitch":1.6,"thC":9.4,"vs":-1.74,"wK":0.5,"y":190.3,"hP":183.8,"brake":0,"onG":0}
{"t":357.3,"ph":"FINAL","s":-3786,"agl":113.6,"V":35.46,"Vc":28.87,"thr":0.04,"de":0.27,"flap":0,"pitch":1.7,"thC":9.5,"vs":-1.75,"wK":0.5,"y":189.8,"hP":183.4,"brake":0,"onG":0}
{"t":357.6,"ph":"FINAL","s":-3778,"agl":114.4,"V":35.34,"Vc":28.87,"thr":0.04,"de":0.27,"flap":0,"pitch":1.8,"thC":9.6,"vs":-1.76,"wK":0.5,"y":189.4,"hP":183.1,"brake":0,"onG":0}
{"t":357.8,"ph":"FINAL","s":-3770,"agl":115,"V":35.23,"Vc":28.87,"thr":0.04,"de":0.275,"flap":0,"pitch":1.9,"thC":9.8,"vs":-1.77,"wK":0.5,"y":188.9,"hP":182.7,"brake":0,"onG":0}
{"t":358.1,"ph":"FINAL","s":-3763,"agl":115.2,"V":35.12,"Vc":28.87,"thr":0.04,"de":0.281,"flap":0,"pitch":2,"thC":9.9,"vs":-1.77,"wK":0.5,"y":188.4,"hP":182.4,"brake":0,"onG":0}
{"t":358.4,"ph":"FINAL","s":-3755,"agl":115.4,"V":35.03,"Vc":28.87,"thr":0.04,"de":0.288,"flap":0,"pitch":2,"thC":10.1,"vs":-1.76,"wK":0.5,"y":188,"hP":182,"brake":0,"onG":0}
{"t":358.6,"ph":"FINAL","s":-3748,"agl":115.8,"V":34.93,"Vc":28.87,"thr":0.04,"de":0.295,"flap":0,"pitch":2,"thC":10.2,"vs":-1.75,"wK":0.5,"y":187.5,"hP":181.7,"brake":0,"onG":0}
{"t":358.9,"ph":"FINAL","s":-3740,"agl":116.2,"V":34.82,"Vc":28.87,"thr":0.04,"de":0.299,"flap":0,"pitch":2,"thC":10.2,"vs":-1.74,"wK":0.5,"y":187,"hP":181.3,"brake":0,"onG":0}
{"t":359.2,"ph":"FINAL","s":-3733,"agl":116.3,"V":34.7,"Vc":28.87,"thr":0.04,"de":0.302,"flap":0,"pitch":2,"thC":10.2,"vs":-1.74,"wK":0.5,"y":186.6,"hP":181,"brake":0,"onG":0}
{"t":359.4,"ph":"FINAL","s":-3726,"agl":116.2,"V":34.57,"Vc":28.87,"thr":0.04,"de":0.304,"flap":0,"pitch":2,"thC":10.2,"vs":-1.75,"wK":0.5,"y":186.1,"hP":180.7,"brake":0,"onG":0}
{"t":359.7,"ph":"FINAL","s":-3718,"agl":116.1,"V":34.43,"Vc":28.87,"thr":0.04,"de":0.305,"flap":0,"pitch":2,"thC":10.2,"vs":-1.77,"wK":0.5,"y":185.6,"hP":180.3,"brake":0,"onG":0}
{"t":360,"ph":"FINAL","s":-3711,"agl":116,"V":34.3,"Vc":28.87,"thr":0.04,"de":0.307,"flap":0,"pitch":2,"thC":10.2,"vs":-1.79,"wK":0.5,"y":185.2,"hP":180,"brake":0,"onG":0}
{"t":360.2,"ph":"FINAL","s":-3704,"agl":115.7,"V":34.18,"Vc":28.87,"thr":0.04,"de":0.309,"flap":0,"pitch":2.1,"thC":10.2,"vs":-1.8,"wK":0.5,"y":184.7,"hP":179.7,"brake":0,"onG":0}
{"t":360.5,"ph":"FINAL","s":-3698,"agl":115.3,"V":34.06,"Vc":28.87,"thr":0.04,"de":0.313,"flap":0,"pitch":2.1,"thC":10.2,"vs":-1.8,"wK":0.5,"y":184.2,"hP":179.4,"brake":0,"onG":0}
{"t":360.8,"ph":"FINAL","s":-3691,"agl":114.8,"V":33.95,"Vc":29,"thr":0.04,"de":0.318,"flap":0,"pitch":2.1,"thC":10.2,"vs":-1.76,"wK":0.5,"y":183.7,"hP":179.1,"brake":0,"onG":0}
{"t":361,"ph":"FINAL","s":-3684,"agl":114.2,"V":33.83,"Vc":29.13,"thr":0.04,"de":0.322,"flap":0,"pitch":2,"thC":10.2,"vs":-1.68,"wK":0.5,"y":183.3,"hP":178.8,"brake":0,"onG":0}
{"t":361.3,"ph":"FINAL","s":-3678,"agl":113.6,"V":33.69,"Vc":29.27,"thr":0.04,"de":0.322,"flap":0,"pitch":2,"thC":10.2,"vs":-1.56,"wK":0.5,"y":182.8,"hP":178.5,"brake":0,"onG":0}
{"t":361.6,"ph":"FINAL","s":-3672,"agl":112.9,"V":33.55,"Vc":29.4,"thr":0.04,"de":0.318,"flap":0,"pitch":2.1,"thC":10.2,"vs":-1.42,"wK":0.5,"y":182.4,"hP":178.2,"brake":0,"onG":0}
{"t":361.8,"ph":"FINAL","s":-3666,"agl":112.1,"V":33.38,"Vc":29.53,"thr":0.04,"de":0.313,"flap":0,"pitch":2.3,"thC":10.2,"vs":-1.29,"wK":0.5,"y":182.1,"hP":177.9,"brake":0,"onG":0}
{"t":362.1,"ph":"FINAL","s":-3659,"agl":110.7,"V":33.21,"Vc":29.67,"thr":0.04,"de":0.305,"flap":0,"pitch":2.6,"thC":10.1,"vs":-1.15,"wK":0.5,"y":181.7,"hP":177.6,"brake":0,"onG":0}
{"t":362.4,"ph":"FINAL","s":-3653,"agl":109,"V":33.04,"Vc":29.8,"thr":0.04,"de":0.275,"flap":0,"pitch":2.9,"thC":8.2,"vs":-1.03,"wK":0.55,"y":181.5,"hP":175.3,"brake":0,"onG":0}
{"t":362.6,"ph":"FINAL","s":-3647,"agl":107.3,"V":32.86,"Vc":29.93,"thr":0.04,"de":0.283,"flap":0,"pitch":3,"thC":8.1,"vs":-0.95,"wK":0.68,"y":181.2,"hP":175,"brake":0,"onG":0}
{"t":362.9,"ph":"FINAL","s":-3642,"agl":105.9,"V":32.7,"Vc":30.07,"thr":0.04,"de":0.28,"flap":0,"pitch":3.1,"thC":8,"vs":-0.92,"wK":0.82,"y":180.9,"hP":174.7,"brake":0,"onG":0}
{"t":363.2,"ph":"FINAL","s":-3636,"agl":105.2,"V":32.55,"Vc":30.2,"thr":0.04,"de":0.278,"flap":0,"pitch":3.3,"thC":7.9,"vs":-0.92,"wK":0.95,"y":180.7,"hP":174.5,"brake":0,"onG":0}
{"t":363.4,"ph":"FINAL","s":-3630,"agl":105.2,"V":32.4,"Vc":30.33,"thr":0.04,"de":0.28,"flap":0,"pitch":3.3,"thC":7.7,"vs":-0.93,"wK":1.08,"y":180.5,"hP":174.2,"brake":0,"onG":0}
{"t":363.7,"ph":"FINAL","s":-3624,"agl":105.8,"V":32.26,"Vc":30.47,"thr":0.04,"de":0.282,"flap":0,"pitch":3.3,"thC":7.5,"vs":-0.97,"wK":1.22,"y":180.2,"hP":173.9,"brake":0,"onG":0}
{"t":364,"ph":"FINAL","s":-3618,"agl":107.2,"V":32.13,"Vc":30.58,"thr":0.06,"de":0.284,"flap":0,"pitch":3.2,"thC":7.2,"vs":-1.04,"wK":1.23,"y":179.9,"hP":173.7,"brake":0,"onG":0}
{"t":364.2,"ph":"FINAL","s":-3612,"agl":108.9,"V":32.03,"Vc":30.58,"thr":0.08,"de":0.285,"flap":0,"pitch":3.2,"thC":7.2,"vs":-1.12,"wK":1.1,"y":179.6,"hP":173.4,"brake":0,"onG":0}
{"t":364.5,"ph":"FINAL","s":-3606,"agl":110.7,"V":31.94,"Vc":30.58,"thr":0.1,"de":0.286,"flap":0,"pitch":3.2,"thC":7.4,"vs":-1.2,"wK":1,"y":179.3,"hP":173.1,"brake":0,"onG":0}
{"t":364.8,"ph":"FINAL","s":-3600,"agl":112.2,"V":31.86,"Vc":30.58,"thr":0.12,"de":0.289,"flap":0,"pitch":3.2,"thC":7.5,"vs":-1.26,"wK":1,"y":179,"hP":172.8,"brake":0,"onG":0}
{"t":365,"ph":"FINAL","s":-3594,"agl":113.1,"V":31.8,"Vc":30.58,"thr":0.13,"de":0.293,"flap":0,"pitch":3.2,"thC":7.7,"vs":-1.31,"wK":1,"y":178.7,"hP":172.6,"brake":0,"onG":0}
{"t":365.3,"ph":"FINAL","s":-3588,"agl":113.7,"V":31.75,"Vc":30.58,"thr":0.14,"de":0.298,"flap":0,"pitch":3.2,"thC":7.9,"vs":-1.34,"wK":1,"y":178.3,"hP":172.3,"brake":0,"onG":0}
{"t":365.6,"ph":"FINAL","s":-3582,"agl":114.3,"V":31.71,"Vc":30.58,"thr":0.15,"de":0.304,"flap":0,"pitch":3.2,"thC":8.1,"vs":-1.36,"wK":1,"y":177.9,"hP":172,"brake":0,"onG":0}
{"t":365.8,"ph":"FINAL","s":-3576,"agl":115.1,"V":31.68,"Vc":30.58,"thr":0.15,"de":0.309,"flap":0,"pitch":3.2,"thC":8.3,"vs":-1.36,"wK":1,"y":177.6,"hP":171.7,"brake":0,"onG":0}
{"t":366.1,"ph":"FINAL","s":-3570,"agl":116.5,"V":31.66,"Vc":30.58,"thr":0.16,"de":0.314,"flap":0,"pitch":3.2,"thC":8.5,"vs":-1.35,"wK":1,"y":177.2,"hP":171.4,"brake":0,"onG":0}
{"t":366.4,"ph":"FINAL","s":-3564,"agl":118.3,"V":31.63,"Vc":30.58,"thr":0.16,"de":0.318,"flap":0,"pitch":3.2,"thC":8.6,"vs":-1.33,"wK":1,"y":176.9,"hP":171.1,"brake":0,"onG":0}
{"t":366.6,"ph":"FINAL","s":-3557,"agl":119.6,"V":31.59,"Vc":30.58,"thr":0.17,"de":0.319,"flap":0,"pitch":3.2,"thC":8.7,"vs":-1.31,"wK":1,"y":176.5,"hP":170.9,"brake":0,"onG":0}
{"t":366.9,"ph":"FINAL","s":-3551,"agl":120.3,"V":31.55,"Vc":30.58,"thr":0.17,"de":0.319,"flap":0,"pitch":3.2,"thC":8.7,"vs":-1.27,"wK":1,"y":176.2,"hP":170.6,"brake":0,"onG":0}
{"t":367.2,"ph":"FINAL","s":-3545,"agl":120.4,"V":31.53,"Vc":30.71,"thr":0.2,"de":0.315,"flap":0,"pitch":3.3,"thC":8.5,"vs":-1.23,"wK":1,"y":175.8,"hP":170.3,"brake":0,"onG":0}
{"t":367.4,"ph":"FINAL","s":-3538,"agl":120.5,"V":31.52,"Vc":30.84,"thr":0.22,"de":0.31,"flap":0,"pitch":3.4,"thC":8.4,"vs":-1.16,"wK":1,"y":175.5,"hP":170,"brake":0,"onG":0}
{"t":367.7,"ph":"FINAL","s":-3532,"agl":120.7,"V":31.54,"Vc":30.98,"thr":0.24,"de":0.307,"flap":0,"pitch":3.5,"thC":8.2,"vs":-1.07,"wK":1,"y":175.2,"hP":169.7,"brake":0,"onG":0}
{"t":368,"ph":"FINAL","s":-3526,"agl":120.9,"V":31.56,"Vc":31.11,"thr":0.25,"de":0.303,"flap":0,"pitch":3.7,"thC":8,"vs":-0.97,"wK":1,"y":174.9,"hP":169.4,"brake":0,"onG":0}
{"t":368.2,"ph":"FINAL","s":-3519,"agl":121.1,"V":31.58,"Vc":31.24,"thr":0.26,"de":0.299,"flap":0,"pitch":3.8,"thC":7.8,"vs":-0.86,"wK":1,"y":174.7,"hP":169.1,"brake":0,"onG":0}
{"t":368.5,"ph":"FINAL","s":-3513,"agl":121.5,"V":31.6,"Vc":31.38,"thr":0.27,"de":0.293,"flap":0,"pitch":3.9,"thC":7.4,"vs":-0.74,"wK":1,"y":174.5,"hP":168.8,"brake":0,"onG":0}
{"t":368.8,"ph":"FINAL","s":-3506,"agl":121.9,"V":31.61,"Vc":31.51,"thr":0.29,"de":0.285,"flap":0,"pitch":4.1,"thC":7,"vs":-0.62,"wK":1,"y":174.3,"hP":168.5,"brake":0,"onG":0}
{"t":369,"ph":"FINAL","s":-3499,"agl":122.3,"V":31.61,"Vc":31.64,"thr":0.3,"de":0.276,"flap":0,"pitch":4.2,"thC":6.5,"vs":-0.52,"wK":1,"y":174.2,"hP":168.2,"brake":0,"onG":0}
{"t":369.3,"ph":"FINAL","s":-3493,"agl":122.3,"V":31.61,"Vc":31.78,"thr":0.31,"de":0.267,"flap":0,"pitch":4.4,"thC":6.1,"vs":-0.43,"wK":1,"y":174,"hP":167.9,"brake":0,"onG":0}
{"t":369.6,"ph":"FINAL","s":-3486,"agl":121.9,"V":31.62,"Vc":31.85,"thr":0.31,"de":0.261,"flap":0,"pitch":4.5,"thC":5.7,"vs":-0.35,"wK":1,"y":173.9,"hP":167.6,"brake":0,"onG":0}
{"t":369.8,"ph":"FINAL","s":-3480,"agl":121.1,"V":31.62,"Vc":31.85,"thr":0.3,"de":0.258,"flap":0,"pitch":4.6,"thC":5.4,"vs":-0.28,"wK":1,"y":173.8,"hP":167.3,"brake":0,"onG":0}
{"t":370.1,"ph":"FINAL","s":-3473,"agl":120.3,"V":31.63,"Vc":31.85,"thr":0.28,"de":0.257,"flap":0,"pitch":4.6,"thC":5.1,"vs":-0.23,"wK":1,"y":173.8,"hP":167,"brake":0,"onG":0}
{"t":370.4,"ph":"FINAL","s":-3467,"agl":120,"V":31.63,"Vc":31.85,"thr":0.27,"de":0.256,"flap":0,"pitch":4.6,"thC":4.8,"vs":-0.19,"wK":1,"y":173.7,"hP":166.7,"brake":0,"onG":0}
{"t":370.6,"ph":"FINAL","s":-3460,"agl":120.7,"V":31.63,"Vc":31.85,"thr":0.26,"de":0.255,"flap":0,"pitch":4.5,"thC":4.5,"vs":-0.18,"wK":1,"y":173.7,"hP":166.4,"brake":0,"onG":0}
{"t":370.9,"ph":"FINAL","s":-3453,"agl":122.1,"V":31.62,"Vc":31.85,"thr":0.25,"de":0.254,"flap":0,"pitch":4.4,"thC":4.2,"vs":-0.18,"wK":1,"y":173.6,"hP":166.1,"brake":0,"onG":0}
{"t":371.2,"ph":"FINAL","s":-3447,"agl":124.1,"V":31.59,"Vc":31.85,"thr":0.25,"de":0.252,"flap":0,"pitch":4.2,"thC":3.9,"vs":-0.22,"wK":1,"y":173.6,"hP":165.8,"brake":0,"onG":0}
{"t":371.4,"ph":"FINAL","s":-3440,"agl":126.2,"V":31.56,"Vc":31.85,"thr":0.25,"de":0.249,"flap":0,"pitch":4.1,"thC":3.6,"vs":-0.27,"wK":1,"y":173.5,"hP":165.5,"brake":0,"onG":0}
{"t":371.7,"ph":"FINAL","s":-3434,"agl":127.8,"V":31.52,"Vc":31.85,"thr":0.25,"de":0.246,"flap":0,"pitch":4,"thC":3.3,"vs":-0.34,"wK":1,"y":173.4,"hP":165.2,"brake":0,"onG":0}
{"t":372,"ph":"FINAL","s":-3427,"agl":129.2,"V":31.49,"Vc":31.85,"thr":0.25,"de":0.244,"flap":0,"pitch":3.9,"thC":3.1,"vs":-0.42,"wK":1,"y":173.3,"hP":164.9,"brake":0,"onG":0}
{"t":372.2,"ph":"FINAL","s":-3421,"agl":130.4,"V":31.48,"Vc":31.85,"thr":0.24,"de":0.244,"flap":0,"pitch":3.7,"thC":2.9,"vs":-0.51,"wK":1,"y":173.2,"hP":164.6,"brake":0,"onG":0}
{"t":372.5,"ph":"FINAL","s":-3414,"agl":131.6,"V":31.48,"Vc":31.85,"thr":0.24,"de":0.245,"flap":0,"pitch":3.6,"thC":2.9,"vs":-0.59,"wK":1,"y":173.1,"hP":164.3,"brake":0,"onG":0}
{"t":372.8,"ph":"FINAL","s":-3408,"agl":132.7,"V":31.49,"Vc":31.85,"thr":0.23,"de":0.248,"flap":0,"pitch":3.5,"thC":2.8,"vs":-0.67,"wK":1,"y":172.9,"hP":164,"brake":0,"onG":0}
{"t":373,"ph":"FINAL","s":-3401,"agl":133.8,"V":31.5,"Vc":31.85,"thr":0.23,"de":0.25,"flap":0,"pitch":3.3,"thC":2.8,"vs":-0.75,"wK":1,"y":172.7,"hP":163.7,"brake":0,"onG":0}
{"t":373.3,"ph":"FINAL","s":-3395,"agl":134.8,"V":31.51,"Vc":31.85,"thr":0.22,"de":0.252,"flap":0,"pitch":3.2,"thC":2.8,"vs":-0.82,"wK":1,"y":172.5,"hP":163.4,"brake":0,"onG":0}
{"t":373.6,"ph":"FINAL","s":-3388,"agl":135.6,"V":31.51,"Vc":31.85,"thr":0.22,"de":0.253,"flap":0,"pitch":3,"thC":2.8,"vs":-0.9,"wK":1,"y":172.3,"hP":163.1,"brake":0,"onG":0}
{"t":373.8,"ph":"FINAL","s":-3382,"agl":135.9,"V":31.48,"Vc":31.85,"thr":0.23,"de":0.252,"flap":0,"pitch":2.9,"thC":2.7,"vs":-0.98,"wK":1,"y":172,"hP":162.8,"brake":0,"onG":0}
{"t":374.1,"ph":"FINAL","s":-3375,"agl":135.5,"V":31.46,"Vc":31.85,"thr":0.23,"de":0.252,"flap":0,"pitch":2.8,"thC":2.6,"vs":-1.06,"wK":1,"y":171.7,"hP":162.5,"brake":0,"onG":0}
{"t":374.4,"ph":"FINAL","s":-3369,"agl":135,"V":31.45,"Vc":31.85,"thr":0.24,"de":0.252,"flap":0,"pitch":2.7,"thC":2.6,"vs":-1.14,"wK":1,"y":171.4,"hP":162.2,"brake":0,"onG":0}
{"t":374.6,"ph":"FINAL","s":-3362,"agl":134.7,"V":31.45,"Vc":31.85,"thr":0.24,"de":0.253,"flap":0,"pitch":2.6,"thC":2.7,"vs":-1.21,"wK":1,"y":171.1,"hP":161.9,"brake":0,"onG":0}
{"t":374.9,"ph":"FINAL","s":-3356,"agl":134.6,"V":31.47,"Vc":31.85,"thr":0.24,"de":0.256,"flap":0,"pitch":2.6,"thC":2.8,"vs":-1.26,"wK":1,"y":170.8,"hP":161.6,"brake":0,"onG":0}
{"t":375.2,"ph":"FINAL","s":-3349,"agl":134.1,"V":31.5,"Vc":31.85,"thr":0.23,"de":0.26,"flap":0,"pitch":2.5,"thC":2.9,"vs":-1.3,"wK":1,"y":170.5,"hP":161.3,"brake":0,"onG":0}
{"t":375.4,"ph":"FINAL","s":-3342,"agl":133.3,"V":31.54,"Vc":31.85,"thr":0.22,"de":0.263,"flap":0,"pitch":2.4,"thC":3.1,"vs":-1.33,"wK":1,"y":170.1,"hP":161,"brake":0,"onG":0}
{"t":375.7,"ph":"FINAL","s":-3336,"agl":132.3,"V":31.56,"Vc":31.85,"thr":0.22,"de":0.266,"flap":0,"pitch":2.3,"thC":3.2,"vs":-1.35,"wK":1,"y":169.7,"hP":160.7,"brake":0,"onG":0}
{"t":376,"ph":"FINAL","s":-3329,"agl":131.5,"V":31.58,"Vc":31.85,"thr":0.22,"de":0.267,"flap":0,"pitch":2.3,"thC":3.2,"vs":-1.38,"wK":1,"y":169.4,"hP":160.4,"brake":0,"onG":0}
{"t":376.2,"ph":"FINAL","s":-3323,"agl":130.7,"V":31.58,"Vc":31.85,"thr":0.22,"de":0.267,"flap":0,"pitch":2.3,"thC":3.2,"vs":-1.4,"wK":1,"y":169,"hP":160.1,"brake":0,"onG":0}
{"t":376.5,"ph":"FINAL","s":-3316,"agl":129.8,"V":31.58,"Vc":31.85,"thr":0.23,"de":0.266,"flap":0,"pitch":2.2,"thC":3.3,"vs":-1.43,"wK":1,"y":168.6,"hP":159.8,"brake":0,"onG":0}
{"t":376.8,"ph":"FINAL","s":-3309,"agl":128.7,"V":31.58,"Vc":31.85,"thr":0.23,"de":0.265,"flap":0,"pitch":2.3,"thC":3.3,"vs":-1.45,"wK":1,"y":168.3,"hP":159.5,"brake":0,"onG":0}
{"t":377,"ph":"FINAL","s":-3303,"agl":127.9,"V":31.59,"Vc":31.85,"thr":0.23,"de":0.265,"flap":0,"pitch":2.3,"thC":3.3,"vs":-1.46,"wK":1,"y":167.9,"hP":159.1,"brake":0,"onG":0}
{"t":377.3,"ph":"FINAL","s":-3296,"agl":127.3,"V":31.61,"Vc":31.85,"thr":0.23,"de":0.266,"flap":0,"pitch":2.3,"thC":3.4,"vs":-1.47,"wK":1,"y":167.5,"hP":158.8,"brake":0,"onG":0}
{"t":377.6,"ph":"FINAL","s":-3290,"agl":127.1,"V":31.64,"Vc":31.85,"thr":0.23,"de":0.268,"flap":0,"pitch":2.4,"thC":3.5,"vs":-1.46,"wK":1,"y":167.1,"hP":158.5,"brake":0,"onG":0}
{"t":377.8,"ph":"FINAL","s":-3283,"agl":127.5,"V":31.67,"Vc":31.85,"thr":0.22,"de":0.27,"flap":0,"pitch":2.4,"thC":3.6,"vs":-1.45,"wK":1,"y":166.7,"hP":158.2,"brake":0,"onG":0}
{"t":378.1,"ph":"FINAL","s":-3276,"agl":128.2,"V":31.7,"Vc":31.85,"thr":0.21,"de":0.272,"flap":0,"pitch":2.4,"thC":3.7,"vs":-1.43,"wK":1,"y":166.3,"hP":157.9,"brake":0,"onG":0}
{"t":378.4,"ph":"FINAL","s":-3269,"agl":129.1,"V":31.72,"Vc":31.85,"thr":0.21,"de":0.273,"flap":0,"pitch":2.4,"thC":3.7,"vs":-1.41,"wK":1,"y":165.9,"hP":157.6,"brake":0,"onG":0}
{"t":378.6,"ph":"FINAL","s":-3263,"agl":130.1,"V":31.72,"Vc":31.85,"thr":0.21,"de":0.272,"flap":0,"pitch":2.4,"thC":3.7,"vs":-1.4,"wK":1,"y":165.6,"hP":157.3,"brake":0,"onG":0}
{"t":378.9,"ph":"FINAL","s":-3256,"agl":131.2,"V":31.72,"Vc":31.85,"thr":0.22,"de":0.271,"flap":0,"pitch":2.5,"thC":3.7,"vs":-1.39,"wK":1,"y":165.2,"hP":157,"brake":0,"onG":0}
{"t":379.2,"ph":"FINAL","s":-3249,"agl":132.4,"V":31.72,"Vc":31.85,"thr":0.22,"de":0.27,"flap":0,"pitch":2.5,"thC":3.7,"vs":-1.38,"wK":1,"y":164.8,"hP":156.7,"brake":0,"onG":0}
{"t":379.4,"ph":"FINAL","s":-3243,"agl":133.7,"V":31.72,"Vc":31.85,"thr":0.22,"de":0.269,"flap":0,"pitch":2.5,"thC":3.7,"vs":-1.37,"wK":1,"y":164.5,"hP":156.4,"brake":0,"onG":0}
{"t":379.7,"ph":"FINAL","s":-3236,"agl":135.1,"V":31.74,"Vc":31.85,"thr":0.22,"de":0.27,"flap":0,"pitch":2.6,"thC":3.7,"vs":-1.36,"wK":1,"y":164.1,"hP":156.1,"brake":0,"onG":0}
{"t":380,"ph":"FINAL","s":-3229,"agl":136.5,"V":31.76,"Vc":31.85,"thr":0.21,"de":0.272,"flap":0,"pitch":2.6,"thC":3.7,"vs":-1.34,"wK":1,"y":163.7,"hP":155.8,"brake":0,"onG":0}
{"t":380.2,"ph":"FINAL","s":-3222,"agl":137.8,"V":31.79,"Vc":31.85,"thr":0.21,"de":0.274,"flap":0,"pitch":2.6,"thC":3.8,"vs":-1.31,"wK":1,"y":163.4,"hP":155.5,"brake":0,"onG":0}
{"t":380.5,"ph":"FINAL","s":-3216,"agl":138.7,"V":31.81,"Vc":31.85,"thr":0.2,"de":0.275,"flap":0,"pitch":2.6,"thC":3.8,"vs":-1.28,"wK":1,"y":163,"hP":155.1,"brake":0,"onG":0}
{"t":380.8,"ph":"FINAL","s":-3209,"agl":139.4,"V":31.82,"Vc":31.85,"thr":0.2,"de":0.275,"flap":0,"pitch":2.6,"thC":3.7,"vs":-1.26,"wK":1,"y":162.7,"hP":154.8,"brake":0,"onG":0}
{"t":381,"ph":"FINAL","s":-3202,"agl":139.9,"V":31.81,"Vc":31.85,"thr":0.2,"de":0.274,"flap":0,"pitch":2.6,"thC":3.7,"vs":-1.25,"wK":1,"y":162.4,"hP":154.5,"brake":0,"onG":0}
{"t":381.3,"ph":"FINAL","s":-3196,"agl":140.2,"V":31.79,"Vc":31.85,"thr":0.2,"de":0.271,"flap":0,"pitch":2.6,"thC":3.6,"vs":-1.24,"wK":1,"y":162,"hP":154.2,"brake":0,"onG":0}
{"t":381.6,"ph":"FINAL","s":-3189,"agl":140.7,"V":31.77,"Vc":31.85,"thr":0.21,"de":0.269,"flap":0,"pitch":2.6,"thC":3.5,"vs":-1.24,"wK":1,"y":161.7,"hP":153.9,"brake":0,"onG":0}
{"t":381.8,"ph":"FINAL","s":-3182,"agl":141.3,"V":31.77,"Vc":31.85,"thr":0.21,"de":0.267,"flap":0,"pitch":2.7,"thC":3.4,"vs":-1.25,"wK":1,"y":161.4,"hP":153.6,"brake":0,"onG":0}
{"t":382.1,"ph":"FINAL","s":-3175,"agl":141.9,"V":31.78,"Vc":31.85,"thr":0.21,"de":0.268,"flap":0,"pitch":2.7,"thC":3.5,"vs":-1.25,"wK":1,"y":161,"hP":153.3,"brake":0,"onG":0}
{"t":382.4,"ph":"FINAL","s":-3169,"agl":142.6,"V":31.81,"Vc":31.85,"thr":0.2,"de":0.27,"flap":0,"pitch":2.7,"thC":3.6,"vs":-1.24,"wK":1,"y":160.7,"hP":153,"brake":0,"onG":0}
{"t":382.6,"ph":"FINAL","s":-3162,"agl":143.2,"V":31.84,"Vc":31.85,"thr":0.19,"de":0.272,"flap":0,"pitch":2.8,"thC":3.6,"vs":-1.23,"wK":1,"y":160.4,"hP":152.7,"brake":0,"onG":0}
{"t":382.9,"ph":"FINAL","s":-3155,"agl":143.7,"V":31.87,"Vc":31.85,"thr":0.19,"de":0.274,"flap":0,"pitch":2.7,"thC":3.7,"vs":-1.21,"wK":1,"y":160,"hP":152.4,"brake":0,"onG":0}
{"t":383.2,"ph":"FINAL","s":-3148,"agl":143.8,"V":31.88,"Vc":31.85,"thr":0.18,"de":0.275,"flap":0,"pitch":2.7,"thC":3.7,"vs":-1.2,"wK":1,"y":159.7,"hP":152,"brake":0,"onG":0}
{"t":383.4,"ph":"FINAL","s":-3142,"agl":143.6,"V":31.88,"Vc":31.85,"thr":0.18,"de":0.275,"flap":0,"pitch":2.7,"thC":3.6,"vs":-1.19,"wK":1,"y":159.4,"hP":151.7,"brake":0,"onG":0}
{"t":383.7,"ph":"FINAL","s":-3135,"agl":143.1,"V":31.87,"Vc":31.85,"thr":0.18,"de":0.274,"flap":0,"pitch":2.7,"thC":3.5,"vs":-1.19,"wK":1,"y":159.1,"hP":151.4,"brake":0,"onG":0}
{"t":384,"ph":"FINAL","s":-3128,"agl":142.7,"V":31.86,"Vc":31.85,"thr":0.19,"de":0.272,"flap":0,"pitch":2.7,"thC":3.5,"vs":-1.2,"wK":1,"y":158.8,"hP":151.1,"brake":0,"onG":0}
{"t":384.2,"ph":"FINAL","s":-3121,"agl":143.2,"V":31.85,"Vc":31.85,"thr":0.19,"de":0.272,"flap":0,"pitch":2.7,"thC":3.4,"vs":-1.21,"wK":1,"y":158.4,"hP":150.8,"brake":0,"onG":0}
{"t":384.5,"ph":"FINAL","s":-3115,"agl":144.2,"V":31.85,"Vc":31.85,"thr":0.19,"de":0.272,"flap":0,"pitch":2.7,"thC":3.4,"vs":-1.21,"wK":1,"y":158.1,"hP":150.5,"brake":0,"onG":0}
{"t":384.8,"ph":"FINAL","s":-3108,"agl":145.7,"V":31.86,"Vc":31.85,"thr":0.19,"de":0.273,"flap":0,"pitch":2.7,"thC":3.4,"vs":-1.22,"wK":1,"y":157.8,"hP":150.2,"brake":0,"onG":0}
{"t":385,"ph":"FINAL","s":-3101,"agl":147.7,"V":31.88,"Vc":31.85,"thr":0.18,"de":0.275,"flap":0,"pitch":2.7,"thC":3.5,"vs":-1.21,"wK":1,"y":157.5,"hP":149.9,"brake":0,"onG":0}
{"t":385.3,"ph":"FINAL","s":-3095,"agl":149.7,"V":31.9,"Vc":31.85,"thr":0.18,"de":0.277,"flap":0,"pitch":2.6,"thC":3.5,"vs":-1.21,"wK":1,"y":157.2,"hP":149.6,"brake":0,"onG":0}
{"t":385.6,"ph":"FINAL","s":-3088,"agl":153.6,"V":31.92,"Vc":31.85,"thr":0.17,"de":0.279,"flap":0,"pitch":2.6,"thC":3.5,"vs":-1.2,"wK":1,"y":156.8,"hP":149.3,"brake":0,"onG":0}
{"t":385.8,"ph":"FINAL","s":-3081,"agl":155.4,"V":31.92,"Vc":31.85,"thr":0.17,"de":0.279,"flap":0,"pitch":2.6,"thC":3.5,"vs":-1.2,"wK":1,"y":156.5,"hP":149,"brake":0,"onG":0}
{"t":386.1,"ph":"FINAL","s":-3074,"agl":155.1,"V":31.9,"Vc":31.85,"thr":0.18,"de":0.277,"flap":0,"pitch":2.6,"thC":3.4,"vs":-1.21,"wK":1,"y":156.2,"hP":148.6,"brake":0,"onG":0}
{"t":386.4,"ph":"FINAL","s":-3068,"agl":154.8,"V":31.87,"Vc":31.85,"thr":0.18,"de":0.274,"flap":0,"pitch":2.6,"thC":3.3,"vs":-1.22,"wK":1,"y":155.9,"hP":148.3,"brake":0,"onG":0}
{"t":386.6,"ph":"FINAL","s":-3061,"agl":154.4,"V":31.84,"Vc":31.85,"thr":0.19,"de":0.272,"flap":0,"pitch":2.6,"thC":3.3,"vs":-1.24,"wK":1,"y":155.5,"hP":148,"brake":0,"onG":0}
{"t":386.9,"ph":"FINAL","s":-3054,"agl":154.1,"V":31.82,"Vc":31.85,"thr":0.2,"de":0.271,"flap":0,"pitch":2.6,"thC":3.2,"vs":-1.25,"wK":1,"y":155.2,"hP":147.7,"brake":0,"onG":0}
{"t":387.2,"ph":"FINAL","s":-3048,"agl":153.8,"V":31.81,"Vc":31.85,"thr":0.2,"de":0.268,"flap":0,"pitch":2.7,"thC":3.2,"vs":-1.28,"wK":1,"y":154.9,"hP":147.4,"brake":0,"onG":0}
{"t":387.4,"ph":"FINAL","s":-3041,"agl":153.4,"V":31.82,"Vc":31.85,"thr":0.2,"de":0.269,"flap":0,"pitch":2.8,"thC":3.3,"vs":-1.27,"wK":1,"y":154.5,"hP":147.1,"brake":0,"onG":0}
{"t":387.7,"ph":"FINAL","s":-3034,"agl":153.1,"V":31.83,"Vc":31.85,"thr":0.2,"de":0.272,"flap":0,"pitch":2.8,"thC":3.3,"vs":-1.26,"wK":1,"y":154.2,"hP":146.8,"brake":0,"onG":0}
{"t":388,"ph":"FINAL","s":-3028,"agl":152.8,"V":31.83,"Vc":31.85,"thr":0.19,"de":0.274,"flap":0,"pitch":2.8,"thC":3.3,"vs":-1.24,"wK":1,"y":153.9,"hP":146.5,"brake":0,"onG":0}
{"t":388.2,"ph":"FINAL","s":-3021,"agl":152.4,"V":31.83,"Vc":31.85,"thr":0.2,"de":0.273,"flap":0,"pitch":2.7,"thC":3.3,"vs":-1.23,"wK":1,"y":153.5,"hP":146.2,"brake":0,"onG":0}
{"t":388.5,"ph":"FINAL","s":-3014,"agl":152.1,"V":31.81,"Vc":31.85,"thr":0.2,"de":0.272,"flap":0,"pitch":2.7,"thC":3.2,"vs":-1.22,"wK":1,"y":153.2,"hP":145.9,"brake":0,"onG":0}
{"t":388.8,"ph":"FINAL","s":-3008,"agl":151.8,"V":31.79,"Vc":31.85,"thr":0.21,"de":0.27,"flap":0,"pitch":2.7,"thC":3.1,"vs":-1.22,"wK":1,"y":152.9,"hP":145.6,"brake":0,"onG":0}
{"t":389,"ph":"FINAL","s":-3001,"agl":151.5,"V":31.77,"Vc":31.85,"thr":0.21,"de":0.268,"flap":0,"pitch":2.8,"thC":3,"vs":-1.22,"wK":1,"y":152.6,"hP":145.3,"brake":0,"onG":0}
{"t":389.3,"ph":"FINAL","s":-2994,"agl":151.1,"V":31.75,"Vc":31.85,"thr":0.22,"de":0.267,"flap":0,"pitch":2.8,"thC":3,"vs":-1.23,"wK":1,"y":152.2,"hP":145,"brake":0,"onG":0}
{"t":389.6,"ph":"FINAL","s":-2988,"agl":150.8,"V":31.74,"Vc":31.85,"thr":0.22,"de":0.267,"flap":0,"pitch":2.8,"thC":3,"vs":-1.23,"wK":1,"y":151.9,"hP":144.7,"brake":0,"onG":0}
{"t":389.8,"ph":"FINAL","s":-2981,"agl":150.5,"V":31.75,"Vc":31.85,"thr":0.22,"de":0.268,"flap":0,"pitch":2.8,"thC":3,"vs":-1.22,"wK":1,"y":151.6,"hP":144.3,"brake":0,"onG":0}
{"t":390.1,"ph":"FINAL","s":-2974,"agl":150.1,"V":31.76,"Vc":31.85,"thr":0.21,"de":0.27,"flap":0,"pitch":2.8,"thC":3,"vs":-1.22,"wK":1,"y":151.2,"hP":144,"brake":0,"onG":0}
{"t":390.4,"ph":"FINAL","s":-2968,"agl":149.8,"V":31.79,"Vc":31.85,"thr":0.21,"de":0.271,"flap":0,"pitch":2.8,"thC":3.1,"vs":-1.2,"wK":1,"y":150.9,"hP":143.7,"brake":0,"onG":0}
{"t":390.6,"ph":"FINAL","s":-2961,"agl":149.5,"V":31.8,"Vc":31.85,"thr":0.2,"de":0.272,"flap":0,"pitch":2.7,"thC":3.1,"vs":-1.19,"wK":1,"y":150.6,"hP":143.4,"brake":0,"onG":0}
{"t":390.9,"ph":"FINAL","s":-2954,"agl":149.2,"V":31.79,"Vc":31.85,"thr":0.2,"de":0.27,"flap":0,"pitch":2.7,"thC":3,"vs":-1.19,"wK":1,"y":150.3,"hP":143.1,"brake":0,"onG":0}
{"t":391.2,"ph":"FINAL","s":-2948,"agl":148.9,"V":31.78,"Vc":31.85,"thr":0.21,"de":0.268,"flap":0,"pitch":2.8,"thC":3,"vs":-1.2,"wK":1,"y":150,"hP":142.8,"brake":0,"onG":0}
{"t":391.4,"ph":"FINAL","s":-2941,"agl":148.6,"V":31.76,"Vc":31.85,"thr":0.21,"de":0.266,"flap":0,"pitch":2.8,"thC":2.9,"vs":-1.21,"wK":1,"y":149.6,"hP":142.5,"brake":0,"onG":0}
{"t":391.7,"ph":"FINAL","s":-2934,"agl":148.2,"V":31.75,"Vc":31.85,"thr":0.22,"de":0.264,"flap":0,"pitch":2.8,"thC":2.9,"vs":-1.22,"wK":1,"y":149.3,"hP":142.2,"brake":0,"onG":0}
{"t":392,"ph":"FINAL","s":-2928,"agl":147.9,"V":31.75,"Vc":31.85,"thr":0.22,"de":0.264,"flap":0,"pitch":2.9,"thC":2.9,"vs":-1.22,"wK":1,"y":149,"hP":141.9,"brake":0,"onG":0}
{"t":392.2,"ph":"FINAL","s":-2921,"agl":147.6,"V":31.76,"Vc":31.85,"thr":0.22,"de":0.265,"flap":0,"pitch":2.9,"thC":2.9,"vs":-1.22,"wK":1,"y":148.7,"hP":141.6,"brake":0,"onG":0}
{"t":392.5,"ph":"FINAL","s":-2914,"agl":147.3,"V":31.78,"Vc":31.85,"thr":0.21,"de":0.267,"flap":0,"pitch":2.9,"thC":3,"vs":-1.21,"wK":1,"y":148.3,"hP":141.3,"brake":0,"onG":0}
{"t":392.8,"ph":"FINAL","s":-2908,"agl":146.9,"V":31.8,"Vc":31.85,"thr":0.2,"de":0.269,"flap":0,"pitch":2.9,"thC":3,"vs":-1.2,"wK":1,"y":148,"hP":141,"brake":0,"onG":0}
{"t":393,"ph":"FINAL","s":-2901,"agl":146.6,"V":31.81,"Vc":31.85,"thr":0.2,"de":0.27,"flap":0,"pitch":2.8,"thC":3,"vs":-1.19,"wK":1,"y":147.7,"hP":140.7,"brake":0,"onG":0}
{"t":393.3,"ph":"FINAL","s":-2894,"agl":146.3,"V":31.81,"Vc":31.85,"thr":0.2,"de":0.27,"flap":0,"pitch":2.8,"thC":3,"vs":-1.18,"wK":1,"y":147.4,"hP":140.4,"brake":0,"onG":0}
{"t":393.6,"ph":"FINAL","s":-2888,"agl":146,"V":31.8,"Vc":31.85,"thr":0.2,"de":0.269,"flap":0,"pitch":2.8,"thC":2.9,"vs":-1.18,"wK":1,"y":147.1,"hP":140.1,"brake":0,"onG":0}
{"t":393.8,"ph":"FINAL","s":-2881,"agl":145.7,"V":31.79,"Vc":31.85,"thr":0.21,"de":0.267,"flap":0,"pitch":2.8,"thC":2.9,"vs":-1.18,"wK":1,"y":146.8,"hP":139.7,"brake":0,"onG":0}
{"t":394.1,"ph":"FINAL","s":-2874,"agl":145.4,"V":31.78,"Vc":31.85,"thr":0.21,"de":0.266,"flap":0,"pitch":2.8,"thC":2.8,"vs":-1.19,"wK":1,"y":146.5,"hP":139.4,"brake":0,"onG":0}
{"t":394.4,"ph":"FINAL","s":-2868,"agl":145,"V":31.78,"Vc":31.85,"thr":0.21,"de":0.266,"flap":0,"pitch":2.8,"thC":2.8,"vs":-1.2,"wK":1,"y":146.1,"hP":139.1,"brake":0,"onG":0}
{"t":394.6,"ph":"FINAL","s":-2861,"agl":144.7,"V":31.79,"Vc":31.85,"thr":0.21,"de":0.267,"flap":0,"pitch":2.8,"thC":2.9,"vs":-1.21,"wK":1,"y":145.8,"hP":138.8,"brake":0,"onG":0}
{"t":394.9,"ph":"FINAL","s":-2854,"agl":144.4,"V":31.81,"Vc":31.85,"thr":0.2,"de":0.268,"flap":0,"pitch":2.8,"thC":2.9,"vs":-1.2,"wK":1,"y":145.5,"hP":138.5,"brake":0,"onG":0}
{"t":395.2,"ph":"FINAL","s":-2848,"agl":144.1,"V":31.83,"Vc":31.85,"thr":0.2,"de":0.27,"flap":0,"pitch":2.8,"thC":3,"vs":-1.2,"wK":1,"y":145.2,"hP":138.2,"brake":0,"onG":0}
{"t":395.4,"ph":"FINAL","s":-2841,"agl":143.8,"V":31.84,"Vc":31.85,"thr":0.19,"de":0.271,"flap":0,"pitch":2.8,"thC":3,"vs":-1.19,"wK":1,"y":144.8,"hP":137.9,"brake":0,"onG":0}
{"t":395.7,"ph":"FINAL","s":-2834,"agl":143.4,"V":31.84,"Vc":31.85,"thr":0.19,"de":0.27,"flap":0,"pitch":2.8,"thC":3,"vs":-1.19,"wK":1,"y":144.5,"hP":137.6,"brake":0,"onG":0}
{"t":396,"ph":"FINAL","s":-2828,"agl":143.1,"V":31.84,"Vc":31.85,"thr":0.2,"de":0.269,"flap":0,"pitch":2.8,"thC":3,"vs":-1.2,"wK":1,"y":144.2,"hP":137.3,"brake":0,"onG":0}
{"t":396.2,"ph":"FINAL","s":-2821,"agl":142.8,"V":31.82,"Vc":31.85,"thr":0.2,"de":0.267,"flap":0,"pitch":2.8,"thC":2.9,"vs":-1.21,"wK":1,"y":143.9,"hP":137,"brake":0,"onG":0}
{"t":396.5,"ph":"FINAL","s":-2814,"agl":142.5,"V":31.81,"Vc":31.85,"thr":0.2,"de":0.265,"flap":0,"pitch":2.8,"thC":2.9,"vs":-1.22,"wK":1,"y":143.6,"hP":136.7,"brake":0,"onG":0}
{"t":396.8,"ph":"FINAL","s":-2808,"agl":142.1,"V":31.81,"Vc":31.85,"thr":0.21,"de":0.265,"flap":0,"pitch":2.9,"thC":2.9,"vs":-1.22,"wK":1,"y":143.2,"hP":136.4,"brake":0,"onG":0}
{"t":397,"ph":"FINAL","s":-2801,"agl":141.8,"V":31.82,"Vc":31.85,"thr":0.2,"de":0.266,"flap":0,"pitch":2.9,"thC":2.9,"vs":-1.23,"wK":1,"y":142.9,"hP":136.1,"brake":0,"onG":0}
{"t":397.3,"ph":"FINAL","s":-2795,"agl":141.5,"V":31.84,"Vc":31.85,"thr":0.2,"de":0.268,"flap":0,"pitch":2.9,"thC":3,"vs":-1.22,"wK":1,"y":142.6,"hP":135.8,"brake":0,"onG":0}
{"t":397.6,"ph":"FINAL","s":-2788,"agl":141.2,"V":31.86,"Vc":31.85,"thr":0.19,"de":0.271,"flap":0,"pitch":2.9,"thC":3.1,"vs":-1.21,"wK":1,"y":142.3,"hP":135.5,"brake":0,"onG":0}
{"t":397.8,"ph":"FINAL","s":-2781,"agl":140.8,"V":31.89,"Vc":31.85,"thr":0.19,"de":0.273,"flap":0,"pitch":2.8,"thC":3.1,"vs":-1.2,"wK":1,"y":141.9,"hP":135.2,"brake":0,"onG":0}
{"t":398.1,"ph":"FINAL","s":-2775,"agl":140.5,"V":31.9,"Vc":31.85,"thr":0.18,"de":0.273,"flap":0,"pitch":2.8,"thC":3.1,"vs":-1.19,"wK":1,"y":141.6,"hP":134.8,"brake":0,"onG":0}
{"t":398.4,"ph":"FINAL","s":-2768,"agl":140.2,"V":31.9,"Vc":31.85,"thr":0.18,"de":0.273,"flap":0,"pitch":2.8,"thC":3.1,"vs":-1.18,"wK":1,"y":141.3,"hP":134.5,"brake":0,"onG":0}
{"t":398.6,"ph":"FINAL","s":-2761,"agl":139.9,"V":31.87,"Vc":31.85,"thr":0.19,"de":0.271,"flap":0,"pitch":2.8,"thC":3,"vs":-1.18,"wK":1,"y":141,"hP":134.2,"brake":0,"onG":0}
{"t":398.9,"ph":"FINAL","s":-2755,"agl":139.6,"V":31.85,"Vc":31.85,"thr":0.19,"de":0.269,"flap":0,"pitch":2.8,"thC":2.9,"vs":-1.19,"wK":1,"y":140.7,"hP":133.9,"brake":0,"onG":0}
{"t":399.2,"ph":"FINAL","s":-2748,"agl":139.3,"V":31.84,"Vc":31.85,"thr":0.2,"de":0.268,"flap":0,"pitch":2.8,"thC":2.9,"vs":-1.2,"wK":1,"y":140.4,"hP":133.6,"brake":0,"onG":0}
{"t":399.4,"ph":"FINAL","s":-2741,"agl":138.9,"V":31.84,"Vc":31.85,"thr":0.2,"de":0.268,"flap":0,"pitch":2.8,"thC":2.9,"vs":-1.21,"wK":1,"y":140,"hP":133.3,"brake":0,"onG":0}
{"t":399.7,"ph":"FINAL","s":-2735,"agl":138.6,"V":31.85,"Vc":31.85,"thr":0.2,"de":0.27,"flap":0,"pitch":2.8,"thC":3,"vs":-1.21,"wK":1,"y":139.7,"hP":133,"brake":0,"onG":0}
{"t":400,"ph":"FINAL","s":-2728,"agl":138.3,"V":31.87,"Vc":31.85,"thr":0.19,"de":0.271,"flap":0,"pitch":2.8,"thC":3,"vs":-1.21,"wK":1,"y":139.4,"hP":132.7,"brake":0,"onG":0}
{"t":400.2,"ph":"FINAL","s":-2722,"agl":138,"V":31.88,"Vc":31.85,"thr":0.19,"de":0.273,"flap":0,"pitch":2.8,"thC":3.1,"vs":-1.2,"wK":1,"y":139.1,"hP":132.4,"brake":0,"onG":0}
{"t":400.5,"ph":"FINAL","s":-2715,"agl":137.7,"V":31.89,"Vc":31.85,"thr":0.19,"de":0.273,"flap":0,"pitch":2.8,"thC":3.1,"vs":-1.2,"wK":1,"y":138.8,"hP":132.1,"brake":0,"onG":0}
{"t":400.8,"ph":"FINAL","s":-2708,"agl":137.3,"V":31.89,"Vc":31.85,"thr":0.19,"de":0.272,"flap":0,"pitch":2.7,"thC":3.1,"vs":-1.2,"wK":1,"y":138.4,"hP":131.8,"brake":0,"onG":0}
{"t":401,"ph":"FINAL","s":-2702,"agl":137,"V":31.87,"Vc":31.85,"thr":0.19,"de":0.271,"flap":0,"pitch":2.8,"thC":3,"vs":-1.2,"wK":1,"y":138.1,"hP":131.5,"brake":0,"onG":0}
{"t":401.3,"ph":"FINAL","s":-2695,"agl":136.7,"V":31.86,"Vc":31.85,"thr":0.2,"de":0.269,"flap":0,"pitch":2.8,"thC":3,"vs":-1.21,"wK":1,"y":137.8,"hP":131.2,"brake":0,"onG":0}
{"t":401.6,"ph":"FINAL","s":-2689,"agl":136.4,"V":31.85,"Vc":31.85,"thr":0.2,"de":0.268,"flap":0,"pitch":2.8,"thC":3,"vs":-1.22,"wK":1,"y":137.5,"hP":130.9,"brake":0,"onG":0}
{"t":401.8,"ph":"FINAL","s":-2682,"agl":136,"V":31.85,"Vc":31.85,"thr":0.2,"de":0.268,"flap":0,"pitch":2.9,"thC":3,"vs":-1.22,"wK":1,"y":137.1,"hP":130.6,"brake":0,"onG":0}
{"t":402.1,"ph":"FINAL","s":-2676,"agl":135.7,"V":31.87,"Vc":31.85,"thr":0.2,"de":0.27,"flap":0,"pitch":2.9,"thC":3,"vs":-1.21,"wK":1,"y":136.8,"hP":130.3,"brake":0,"onG":0}
{"t":402.4,"ph":"FINAL","s":-2669,"agl":135.4,"V":31.87,"Vc":31.85,"thr":0.19,"de":0.272,"flap":0,"pitch":2.8,"thC":3.1,"vs":-1.2,"wK":1,"y":136.5,"hP":130,"brake":0,"onG":0}
{"t":402.6,"ph":"FINAL","s":-2662,"agl":135.1,"V":31.87,"Vc":31.85,"thr":0.19,"de":0.273,"flap":0,"pitch":2.8,"thC":3,"vs":-1.19,"wK":1,"y":136.2,"hP":129.7,"brake":0,"onG":0}
{"t":402.9,"ph":"FINAL","s":-2656,"agl":134.8,"V":31.87,"Vc":31.85,"thr":0.19,"de":0.273,"flap":0,"pitch":2.8,"thC":3,"vs":-1.18,"wK":1,"y":135.9,"hP":129.4,"brake":0,"onG":0}
{"t":403.2,"ph":"FINAL","s":-2649,"agl":134.4,"V":31.85,"Vc":31.85,"thr":0.2,"de":0.272,"flap":0,"pitch":2.8,"thC":2.9,"vs":-1.17,"wK":1,"y":135.5,"hP":129.1,"brake":0,"onG":0}
{"t":403.4,"ph":"FINAL","s":-2643,"agl":134.1,"V":31.83,"Vc":31.85,"thr":0.21,"de":0.27,"flap":0,"pitch":2.7,"thC":2.8,"vs":-1.17,"wK":1,"y":135.2,"hP":128.8,"brake":0,"onG":0}
{"t":403.7,"ph":"FINAL","s":-2636,"agl":133.8,"V":31.79,"Vc":31.85,"thr":0.21,"de":0.268,"flap":0,"pitch":2.7,"thC":2.7,"vs":-1.17,"wK":1,"y":134.9,"hP":128.5,"brake":0,"onG":0}
{"t":404,"ph":"FINAL","s":-2629,"agl":133.5,"V":31.77,"Vc":31.85,"thr":0.22,"de":0.266,"flap":0,"pitch":2.8,"thC":2.7,"vs":-1.18,"wK":1,"y":134.6,"hP":128.2,"brake":0,"onG":0}
{"t":404.2,"ph":"FINAL","s":-2623,"agl":133.2,"V":31.75,"Vc":31.85,"thr":0.23,"de":0.265,"flap":0,"pitch":2.8,"thC":2.6,"vs":-1.19,"wK":1,"y":134.3,"hP":127.9,"brake":0,"onG":0}
{"t":404.5,"ph":"FINAL","s":-2616,"agl":132.9,"V":31.74,"Vc":31.85,"thr":0.23,"de":0.265,"flap":0,"pitch":2.8,"thC":2.6,"vs":-1.19,"wK":1,"y":134,"hP":127.6,"brake":0,"onG":0}
{"t":404.8,"ph":"FINAL","s":-2610,"agl":132.6,"V":31.75,"Vc":31.85,"thr":0.23,"de":0.266,"flap":0,"pitch":2.8,"thC":2.7,"vs":-1.19,"wK":1,"y":133.7,"hP":127.3,"brake":0,"onG":0}
{"t":405,"ph":"FINAL","s":-2603,"agl":132.2,"V":31.76,"Vc":31.85,"thr":0.22,"de":0.267,"flap":0,"pitch":2.8,"thC":2.7,"vs":-1.19,"wK":1,"y":133.3,"hP":127,"brake":0,"onG":0}
{"t":405.3,"ph":"FINAL","s":-2597,"agl":131.9,"V":31.76,"Vc":31.85,"thr":0.22,"de":0.268,"flap":0,"pitch":2.8,"thC":2.7,"vs":-1.18,"wK":1,"y":133,"hP":126.7,"brake":0,"onG":0}
{"t":405.6,"ph":"FINAL","s":-2590,"agl":131.6,"V":31.75,"Vc":31.85,"thr":0.23,"de":0.267,"flap":0,"pitch":2.8,"thC":2.7,"vs":-1.18,"wK":1,"y":132.7,"hP":126.4,"brake":0,"onG":0}
{"t":405.8,"ph":"FINAL","s":-2583,"agl":131.3,"V":31.73,"Vc":31.85,"thr":0.23,"de":0.265,"flap":0,"pitch":2.8,"thC":2.6,"vs":-1.18,"wK":1,"y":132.4,"hP":126.1,"brake":0,"onG":0}
{"t":406.1,"ph":"FINAL","s":-2577,"agl":131,"V":31.71,"Vc":31.85,"thr":0.24,"de":0.262,"flap":0,"pitch":2.8,"thC":2.5,"vs":-1.19,"wK":1,"y":132.1,"hP":125.7,"brake":0,"onG":0}
{"t":406.4,"ph":"FINAL","s":-2570,"agl":130.7,"V":31.68,"Vc":31.85,"thr":0.24,"de":0.26,"flap":0,"pitch":2.8,"thC":2.5,"vs":-1.19,"wK":1,"y":131.8,"hP":125.4,"brake":0,"onG":0}
{"t":406.6,"ph":"FINAL","s":-2563,"agl":130.3,"V":31.67,"Vc":31.85,"thr":0.25,"de":0.259,"flap":0,"pitch":2.9,"thC":2.4,"vs":-1.2,"wK":1,"y":131.4,"hP":125.1,"brake":0,"onG":0}
{"t":406.9,"ph":"FINAL","s":-2557,"agl":130,"V":31.62,"Vc":31.85,"thr":0.26,"de":0.257,"flap":0,"pitch":2.9,"thC":2.3,"vs":-1.2,"wK":1,"y":131.1,"hP":124.8,"brake":0,"onG":0}
{"t":407.2,"ph":"FINAL","s":-2550,"agl":129.7,"V":31.58,"Vc":31.85,"thr":0.27,"de":0.256,"flap":0,"pitch":2.9,"thC":2.1,"vs":-1.19,"wK":1,"y":130.8,"hP":124.5,"brake":0,"onG":0}
{"t":407.4,"ph":"FINAL","s":-2544,"agl":129.4,"V":31.56,"Vc":31.85,"thr":0.28,"de":0.256,"flap":0,"pitch":2.8,"thC":2.1,"vs":-1.18,"wK":1,"y":130.5,"hP":124.2,"brake":0,"onG":0}
{"t":407.7,"ph":"FINAL","s":-2537,"agl":129.1,"V":31.54,"Vc":31.85,"thr":0.28,"de":0.256,"flap":0,"pitch":2.8,"thC":2,"vs":-1.17,"wK":1,"y":130.2,"hP":123.9,"brake":0,"onG":0}
{"t":408,"ph":"FINAL","s":-2530,"agl":128.8,"V":31.52,"Vc":31.85,"thr":0.28,"de":0.255,"flap":0,"pitch":2.8,"thC":1.9,"vs":-1.16,"wK":1,"y":129.9,"hP":123.6,"brake":0,"onG":0}
{"t":408.2,"ph":"FINAL","s":-2524,"agl":128.5,"V":31.49,"Vc":31.85,"thr":0.29,"de":0.252,"flap":0,"pitch":2.8,"thC":1.8,"vs":-1.16,"wK":1,"y":129.6,"hP":123.3,"brake":0,"onG":0}
{"t":408.5,"ph":"FINAL","s":-2517,"agl":128.1,"V":31.46,"Vc":31.85,"thr":0.3,"de":0.249,"flap":0,"pitch":2.8,"thC":1.7,"vs":-1.16,"wK":1,"y":129.2,"hP":123,"brake":0,"onG":0}
{"t":408.8,"ph":"FINAL","s":-2510,"agl":127.8,"V":31.43,"Vc":31.85,"thr":0.31,"de":0.246,"flap":0,"pitch":2.8,"thC":1.6,"vs":-1.18,"wK":1,"y":128.9,"hP":122.7,"brake":0,"onG":0}
{"t":409,"ph":"FINAL","s":-2503,"agl":127.5,"V":31.41,"Vc":31.85,"thr":0.32,"de":0.244,"flap":0,"pitch":2.8,"thC":1.6,"vs":-1.19,"wK":1,"y":128.6,"hP":122.4,"brake":0,"onG":0}
{"t":409.3,"ph":"FINAL","s":-2496,"agl":127.2,"V":31.4,"Vc":31.85,"thr":0.32,"de":0.244,"flap":0,"pitch":2.8,"thC":1.5,"vs":-1.2,"wK":1,"y":128.3,"hP":122.1,"brake":0,"onG":0}
{"t":409.6,"ph":"FINAL","s":-2490,"agl":126.9,"V":31.41,"Vc":31.85,"thr":0.32,"de":0.245,"flap":0,"pitch":2.8,"thC":1.6,"vs":-1.21,"wK":1,"y":128,"hP":121.7,"brake":0,"onG":0}
{"t":409.8,"ph":"FINAL","s":-2483,"agl":126.6,"V":31.43,"Vc":31.85,"thr":0.31,"de":0.246,"flap":0,"pitch":2.8,"thC":1.6,"vs":-1.21,"wK":1,"y":127.7,"hP":121.4,"brake":0,"onG":0}
{"t":410.1,"ph":"FINAL","s":-2476,"agl":126.2,"V":31.45,"Vc":31.85,"thr":0.31,"de":0.247,"flap":0,"pitch":2.8,"thC":1.7,"vs":-1.21,"wK":1,"y":127.3,"hP":121.1,"brake":0,"onG":0}
{"t":410.4,"ph":"FINAL","s":-2469,"agl":125.9,"V":31.46,"Vc":31.85,"thr":0.31,"de":0.247,"flap":0,"pitch":2.8,"thC":1.7,"vs":-1.2,"wK":1,"y":127,"hP":120.8,"brake":0,"onG":0}
{"t":410.6,"ph":"FINAL","s":-2462,"agl":125.6,"V":31.46,"Vc":31.85,"thr":0.31,"de":0.246,"flap":0,"pitch":2.8,"thC":1.7,"vs":-1.2,"wK":1,"y":126.7,"hP":120.5,"brake":0,"onG":0}
{"t":410.9,"ph":"FINAL","s":-2455,"agl":125.3,"V":31.46,"Vc":31.85,"thr":0.31,"de":0.244,"flap":0,"pitch":2.8,"thC":1.7,"vs":-1.21,"wK":1,"y":126.4,"hP":120.2,"brake":0,"onG":0}
{"t":411.2,"ph":"FINAL","s":-2448,"agl":125,"V":31.45,"Vc":31.85,"thr":0.31,"de":0.242,"flap":0,"pitch":2.8,"thC":1.6,"vs":-1.22,"wK":1,"y":126,"hP":119.8,"brake":0,"onG":0}
{"t":411.4,"ph":"FINAL","s":-2441,"agl":124.6,"V":31.45,"Vc":31.85,"thr":0.31,"de":0.241,"flap":0,"pitch":2.8,"thC":1.6,"vs":-1.22,"wK":1,"y":125.7,"hP":119.5,"brake":0,"onG":0}
{"t":411.7,"ph":"FINAL","s":-2434,"agl":124.3,"V":31.46,"Vc":31.85,"thr":0.31,"de":0.242,"flap":0,"pitch":2.8,"thC":1.6,"vs":-1.23,"wK":1,"y":125.4,"hP":119.2,"brake":0,"onG":0}
{"t":412,"ph":"FINAL","s":-2427,"agl":124,"V":31.49,"Vc":31.85,"thr":0.31,"de":0.243,"flap":0,"pitch":2.8,"thC":1.7,"vs":-1.23,"wK":1,"y":125.1,"hP":118.9,"brake":0,"onG":0}
{"t":412.2,"ph":"FINAL","s":-2420,"agl":123.6,"V":31.53,"Vc":31.85,"thr":0.3,"de":0.246,"flap":0,"pitch":2.8,"thC":1.8,"vs":-1.22,"wK":1,"y":124.7,"hP":118.5,"brake":0,"onG":0}
{"t":412.5,"ph":"FINAL","s":-2413,"agl":123.3,"V":31.56,"Vc":31.85,"thr":0.29,"de":0.248,"flap":0,"pitch":2.7,"thC":1.8,"vs":-1.21,"wK":1,"y":124.4,"hP":118.2,"brake":0,"onG":0}
{"t":412.8,"ph":"FINAL","s":-2406,"agl":123,"V":31.59,"Vc":31.85,"thr":0.28,"de":0.249,"flap":0,"pitch":2.7,"thC":1.9,"vs":-1.2,"wK":1,"y":124.1,"hP":117.9,"brake":0,"onG":0}
{"t":413,"ph":"FINAL","s":-2399,"agl":122.7,"V":31.6,"Vc":31.85,"thr":0.28,"de":0.249,"flap":0,"pitch":2.7,"thC":1.9,"vs":-1.2,"wK":1,"y":123.8,"hP":117.6,"brake":0,"onG":0}
{"t":413.3,"ph":"FINAL","s":-2392,"agl":122.4,"V":31.6,"Vc":31.85,"thr":0.28,"de":0.247,"flap":0,"pitch":2.6,"thC":1.8,"vs":-1.21,"wK":1,"y":123.5,"hP":117.2,"brake":0,"onG":0}
{"t":413.6,"ph":"FINAL","s":-2385,"agl":122,"V":31.6,"Vc":31.85,"thr":0.28,"de":0.245,"flap":0,"pitch":2.6,"thC":1.8,"vs":-1.22,"wK":1,"y":123.1,"hP":116.9,"brake":0,"onG":0}
{"t":413.8,"ph":"FINAL","s":-2377,"agl":121.7,"V":31.59,"Vc":31.85,"thr":0.29,"de":0.243,"flap":0,"pitch":2.7,"thC":1.8,"vs":-1.23,"wK":1,"y":122.8,"hP":116.6,"brake":0,"onG":0}
{"t":414.1,"ph":"FINAL","s":-2370,"agl":121.4,"V":31.59,"Vc":31.85,"thr":0.29,"de":0.243,"flap":0,"pitch":2.7,"thC":1.8,"vs":-1.25,"wK":1,"y":122.5,"hP":116.3,"brake":0,"onG":0}
{"t":414.4,"ph":"FINAL","s":-2363,"agl":121,"V":31.61,"Vc":31.85,"thr":0.28,"de":0.244,"flap":0,"pitch":2.7,"thC":1.8,"vs":-1.26,"wK":1,"y":122.1,"hP":115.9,"brake":0,"onG":0}
{"t":414.6,"ph":"FINAL","s":-2356,"agl":120.7,"V":31.64,"Vc":31.85,"thr":0.28,"de":0.246,"flap":0,"pitch":2.7,"thC":1.9,"vs":-1.26,"wK":1,"y":121.8,"hP":115.6,"brake":0,"onG":0}
{"t":414.9,"ph":"FINAL","s":-2349,"agl":120.4,"V":31.72,"Vc":31.85,"thr":0.26,"de":0.25,"flap":0,"pitch":2.6,"thC":2.1,"vs":-1.26,"wK":1,"y":121.5,"hP":115.3,"brake":0,"onG":0}
{"t":415.2,"ph":"FINAL","s":-2341,"agl":120,"V":31.78,"Vc":31.85,"thr":0.25,"de":0.253,"flap":0,"pitch":2.6,"thC":2.3,"vs":-1.26,"wK":1,"y":121.1,"hP":114.9,"brake":0,"onG":0}
{"t":415.4,"ph":"FINAL","s":-2334,"agl":119.7,"V":31.82,"Vc":31.85,"thr":0.24,"de":0.255,"flap":0,"pitch":2.6,"thC":2.4,"vs":-1.26,"wK":1,"y":120.8,"hP":114.6,"brake":0,"onG":0}
{"t":415.7,"ph":"FINAL","s":-2327,"agl":119.4,"V":31.84,"Vc":31.85,"thr":0.23,"de":0.255,"flap":0,"pitch":2.6,"thC":2.4,"vs":-1.26,"wK":1,"y":120.5,"hP":114.3,"brake":0,"onG":0}
{"t":416,"ph":"FINAL","s":-2320,"agl":119,"V":31.85,"Vc":31.85,"thr":0.23,"de":0.254,"flap":0,"pitch":2.6,"thC":2.4,"vs":-1.26,"wK":1,"y":120.1,"hP":113.9,"brake":0,"onG":0}
{"t":416.2,"ph":"FINAL","s":-2312,"agl":118.7,"V":31.86,"Vc":31.85,"thr":0.23,"de":0.253,"flap":0,"pitch":2.6,"thC":2.4,"vs":-1.27,"wK":1,"y":119.8,"hP":113.6,"brake":0,"onG":0}
{"t":416.5,"ph":"FINAL","s":-2305,"agl":118.3,"V":31.87,"Vc":31.85,"thr":0.23,"de":0.253,"flap":0,"pitch":2.6,"thC":2.5,"vs":-1.27,"wK":1,"y":119.4,"hP":113.3,"brake":0,"onG":0}
{"t":416.8,"ph":"FINAL","s":-2298,"agl":118,"V":31.9,"Vc":31.85,"thr":0.22,"de":0.255,"flap":0,"pitch":2.6,"thC":2.5,"vs":-1.27,"wK":1,"y":119.1,"hP":112.9,"brake":0,"onG":0}
{"t":417,"ph":"FINAL","s":-2290,"agl":117.7,"V":31.93,"Vc":31.85,"thr":0.21,"de":0.257,"flap":0,"pitch":2.6,"thC":2.6,"vs":-1.27,"wK":1,"y":118.8,"hP":112.6,"brake":0,"onG":0}
{"t":417.3,"ph":"FINAL","s":-2283,"agl":117.3,"V":31.97,"Vc":31.85,"thr":0.21,"de":0.26,"flap":0,"pitch":2.6,"thC":2.7,"vs":-1.26,"wK":1,"y":118.4,"hP":112.2,"brake":0,"onG":0}
{"t":417.6,"ph":"FINAL","s":-2276,"agl":117,"V":31.99,"Vc":31.85,"thr":0.2,"de":0.262,"flap":0,"pitch":2.5,"thC":2.8,"vs":-1.26,"wK":1,"y":118.1,"hP":111.9,"brake":0,"onG":0}
{"t":417.8,"ph":"FINAL","s":-2269,"agl":116.7,"V":32.01,"Vc":31.85,"thr":0.19,"de":0.263,"flap":0,"pitch":2.5,"thC":2.8,"vs":-1.25,"wK":1,"y":117.8,"hP":111.6,"brake":0,"onG":0}
{"t":418.1,"ph":"FINAL","s":-2261,"agl":116.3,"V":32.01,"Vc":31.85,"thr":0.2,"de":0.262,"flap":0,"pitch":2.5,"thC":2.8,"vs":-1.25,"wK":1,"y":117.4,"hP":111.2,"brake":0,"onG":0}
{"t":418.4,"ph":"FINAL","s":-2254,"agl":116,"V":31.99,"Vc":31.85,"thr":0.2,"de":0.26,"flap":0,"pitch":2.5,"thC":2.7,"vs":-1.26,"wK":1,"y":117.1,"hP":110.9,"brake":0,"onG":0}
{"t":418.6,"ph":"FINAL","s":-2247,"agl":115.7,"V":31.97,"Vc":31.85,"thr":0.21,"de":0.258,"flap":0,"pitch":2.5,"thC":2.6,"vs":-1.27,"wK":1,"y":116.8,"hP":110.6,"brake":0,"onG":0}
{"t":418.9,"ph":"FINAL","s":-2239,"agl":115.3,"V":31.96,"Vc":31.85,"thr":0.21,"de":0.256,"flap":0,"pitch":2.5,"thC":2.6,"vs":-1.29,"wK":1,"y":116.4,"hP":110.2,"brake":0,"onG":0}
{"t":419.2,"ph":"FINAL","s":-2232,"agl":115,"V":31.96,"Vc":31.85,"thr":0.21,"de":0.256,"flap":0,"pitch":2.6,"thC":2.6,"vs":-1.3,"wK":1,"y":116.1,"hP":109.9,"brake":0,"onG":0}
{"t":419.4,"ph":"FINAL","s":-2225,"agl":114.6,"V":31.97,"Vc":31.85,"thr":0.21,"de":0.258,"flap":0,"pitch":2.6,"thC":2.7,"vs":-1.3,"wK":1,"y":115.7,"hP":109.6,"brake":0,"onG":0}
{"t":419.7,"ph":"FINAL","s":-2217,"agl":114.3,"V":31.99,"Vc":31.85,"thr":0.2,"de":0.26,"flap":0,"pitch":2.6,"thC":2.8,"vs":-1.3,"wK":1,"y":115.4,"hP":109.2,"brake":0,"onG":0}
{"t":420,"ph":"FINAL","s":-2210,"agl":113.9,"V":32.01,"Vc":31.85,"thr":0.2,"de":0.262,"flap":0,"pitch":2.5,"thC":2.8,"vs":-1.29,"wK":1,"y":115,"hP":108.9,"brake":0,"onG":0}
{"t":420.2,"ph":"FINAL","s":-2203,"agl":113.6,"V":32.03,"Vc":31.85,"thr":0.19,"de":0.264,"flap":0,"pitch":2.5,"thC":2.9,"vs":-1.28,"wK":1,"y":114.7,"hP":108.6,"brake":0,"onG":0}
{"t":420.5,"ph":"FINAL","s":-2196,"agl":113.2,"V":32.03,"Vc":31.85,"thr":0.19,"de":0.264,"flap":0,"pitch":2.5,"thC":2.9,"vs":-1.28,"wK":1,"y":114.3,"hP":108.2,"brake":0,"onG":0}
{"t":420.8,"ph":"FINAL","s":-2188,"agl":112.9,"V":32.02,"Vc":31.85,"thr":0.2,"de":0.262,"flap":0,"pitch":2.5,"thC":2.8,"vs":-1.27,"wK":1,"y":114,"hP":107.9,"brake":0,"onG":0}
{"t":421,"ph":"FINAL","s":-2181,"agl":112.6,"V":32.01,"Vc":31.85,"thr":0.2,"de":0.26,"flap":0,"pitch":2.5,"thC":2.8,"vs":-1.27,"wK":1,"y":113.7,"hP":107.5,"brake":0,"onG":0}
{"t":421.3,"ph":"FINAL","s":-2174,"agl":112.2,"V":31.99,"Vc":31.85,"thr":0.2,"de":0.259,"flap":0,"pitch":2.6,"thC":2.8,"vs":-1.27,"wK":1,"y":113.3,"hP":107.2,"brake":0,"onG":0}
{"t":421.6,"ph":"FINAL","s":-2166,"agl":111.9,"V":31.99,"Vc":31.85,"thr":0.2,"de":0.259,"flap":0,"pitch":2.6,"thC":2.8,"vs":-1.27,"wK":1,"y":113,"hP":106.9,"brake":0,"onG":0}
{"t":421.8,"ph":"FINAL","s":-2159,"agl":111.5,"V":32,"Vc":31.85,"thr":0.2,"de":0.26,"flap":0,"pitch":2.6,"thC":2.8,"vs":-1.27,"wK":1,"y":112.6,"hP":106.5,"brake":0,"onG":0}
{"t":422.1,"ph":"FINAL","s":-2152,"agl":111.2,"V":32.01,"Vc":31.85,"thr":0.2,"de":0.263,"flap":0,"pitch":2.6,"thC":2.9,"vs":-1.26,"wK":1,"y":112.3,"hP":106.2,"brake":0,"onG":0}
{"t":422.4,"ph":"FINAL","s":-2144,"agl":110.9,"V":32.02,"Vc":31.85,"thr":0.19,"de":0.264,"flap":0,"pitch":2.6,"thC":2.9,"vs":-1.25,"wK":1,"y":112,"hP":105.9,"brake":0,"onG":0}
{"t":422.6,"ph":"FINAL","s":-2137,"agl":110.5,"V":32.01,"Vc":31.85,"thr":0.19,"de":0.264,"flap":0,"pitch":2.5,"thC":2.8,"vs":-1.24,"wK":1,"y":111.6,"hP":105.5,"brake":0,"onG":0}
{"t":422.9,"ph":"FINAL","s":-2130,"agl":110.2,"V":32,"Vc":31.85,"thr":0.2,"de":0.263,"flap":0,"pitch":2.5,"thC":2.8,"vs":-1.24,"wK":1,"y":111.3,"hP":105.2,"brake":0,"onG":0}
{"t":423.2,"ph":"FINAL","s":-2122,"agl":109.9,"V":31.97,"Vc":31.85,"thr":0.2,"de":0.261,"flap":0,"pitch":2.5,"thC":2.7,"vs":-1.24,"wK":1,"y":111,"hP":104.9,"brake":0,"onG":0}
{"t":423.4,"ph":"FINAL","s":-2115,"agl":109.6,"V":31.94,"Vc":31.85,"thr":0.21,"de":0.258,"flap":0,"pitch":2.5,"thC":2.6,"vs":-1.25,"wK":1,"y":110.7,"hP":104.5,"brake":0,"onG":0}
{"t":423.7,"ph":"FINAL","s":-2108,"agl":109.2,"V":31.9,"Vc":31.85,"thr":0.22,"de":0.255,"flap":0,"pitch":2.6,"thC":2.5,"vs":-1.26,"wK":1,"y":110.3,"hP":104.2,"brake":0,"onG":0}
{"t":424,"ph":"FINAL","s":-2101,"agl":108.9,"V":31.88,"Vc":31.85,"thr":0.23,"de":0.254,"flap":0,"pitch":2.6,"thC":2.5,"vs":-1.26,"wK":1,"y":110,"hP":103.8,"brake":0,"onG":0}
{"t":424.2,"ph":"FINAL","s":-2093,"agl":108.5,"V":31.88,"Vc":31.85,"thr":0.23,"de":0.254,"flap":0,"pitch":2.7,"thC":2.5,"vs":-1.27,"wK":1,"y":109.6,"hP":103.5,"brake":0,"onG":0}
{"t":424.5,"ph":"FINAL","s":-2086,"agl":108.2,"V":31.89,"Vc":31.85,"thr":0.22,"de":0.256,"flap":0,"pitch":2.7,"thC":2.6,"vs":-1.27,"wK":1,"y":109.3,"hP":103.2,"brake":0,"onG":0}
{"t":424.8,"ph":"FINAL","s":-2079,"agl":107.9,"V":31.91,"Vc":31.85,"thr":0.22,"de":0.259,"flap":0,"pitch":2.7,"thC":2.7,"vs":-1.26,"wK":1,"y":109,"hP":102.8,"brake":0,"onG":0}
{"t":425,"ph":"FINAL","s":-2071,"agl":107.5,"V":31.93,"Vc":31.85,"thr":0.21,"de":0.261,"flap":0,"pitch":2.6,"thC":2.7,"vs":-1.25,"wK":1,"y":108.6,"hP":102.5,"brake":0,"onG":0}
{"t":425.3,"ph":"FINAL","s":-2064,"agl":107.2,"V":31.94,"Vc":31.85,"thr":0.21,"de":0.262,"flap":0,"pitch":2.6,"thC":2.7,"vs":-1.24,"wK":1,"y":108.3,"hP":102.2,"brake":0,"onG":0}
{"t":425.6,"ph":"FINAL","s":-2057,"agl":106.9,"V":31.94,"Vc":31.85,"thr":0.21,"de":0.261,"flap":0,"pitch":2.6,"thC":2.7,"vs":-1.24,"wK":1,"y":108,"hP":101.8,"brake":0,"onG":0}
{"t":425.8,"ph":"FINAL","s":-2049,"agl":106.5,"V":31.93,"Vc":31.85,"thr":0.21,"de":0.259,"flap":0,"pitch":2.6,"thC":2.7,"vs":-1.24,"wK":1,"y":107.6,"hP":101.5,"brake":0,"onG":0}
{"t":426.1,"ph":"FINAL","s":-2042,"agl":106.2,"V":31.92,"Vc":31.85,"thr":0.21,"de":0.257,"flap":0,"pitch":2.6,"thC":2.7,"vs":-1.24,"wK":1,"y":107.3,"hP":101.1,"brake":0,"onG":0}
{"t":426.4,"ph":"FINAL","s":-2035,"agl":105.9,"V":31.91,"Vc":31.85,"thr":0.22,"de":0.256,"flap":0,"pitch":2.7,"thC":2.6,"vs":-1.24,"wK":1,"y":107,"hP":100.8,"brake":0,"onG":0}
{"t":426.6,"ph":"FINAL","s":-2027,"agl":105.6,"V":31.91,"Vc":31.85,"thr":0.21,"de":0.257,"flap":0,"pitch":2.7,"thC":2.6,"vs":-1.24,"wK":1,"y":106.7,"hP":100.5,"brake":0,"onG":0}
{"t":426.9,"ph":"FINAL","s":-2020,"agl":105.2,"V":31.92,"Vc":31.85,"thr":0.21,"de":0.258,"flap":0,"pitch":2.7,"thC":2.7,"vs":-1.24,"wK":1,"y":106.3,"hP":100.1,"brake":0,"onG":0}
{"t":427.2,"ph":"FINAL","s":-2013,"agl":104.9,"V":31.94,"Vc":31.85,"thr":0.21,"de":0.261,"flap":0,"pitch":2.7,"thC":2.7,"vs":-1.23,"wK":1,"y":106,"hP":99.8,"brake":0,"onG":0}
{"t":427.4,"ph":"FINAL","s":-2005,"agl":104.6,"V":31.96,"Vc":31.85,"thr":0.2,"de":0.263,"flap":0,"pitch":2.6,"thC":2.8,"vs":-1.22,"wK":1,"y":105.7,"hP":99.5,"brake":0,"onG":0}
{"t":427.7,"ph":"FINAL","s":-1998,"agl":104.2,"V":31.97,"Vc":31.85,"thr":0.2,"de":0.263,"flap":0,"pitch":2.6,"thC":2.8,"vs":-1.22,"wK":1,"y":105.3,"hP":99.1,"brake":0,"onG":0}
{"t":428,"ph":"FINAL","s":-1991,"agl":103.9,"V":31.97,"Vc":31.85,"thr":0.2,"de":0.263,"flap":0,"pitch":2.6,"thC":2.8,"vs":-1.22,"wK":1,"y":105,"hP":98.8,"brake":0,"onG":0}
{"t":428.2,"ph":"FINAL","s":-1983,"agl":103.6,"V":31.95,"Vc":31.85,"thr":0.2,"de":0.261,"flap":0,"pitch":2.6,"thC":2.7,"vs":-1.23,"wK":1,"y":104.7,"hP":98.4,"brake":0,"onG":0}
{"t":428.5,"ph":"FINAL","s":-1976,"agl":103.3,"V":31.93,"Vc":31.85,"thr":0.21,"de":0.258,"flap":0,"pitch":2.6,"thC":2.7,"vs":-1.24,"wK":1,"y":104.4,"hP":98.1,"brake":0,"onG":0}
{"t":428.8,"ph":"FINAL","s":-1968,"agl":102.9,"V":31.91,"Vc":31.85,"thr":0.21,"de":0.257,"flap":0,"pitch":2.6,"thC":2.7,"vs":-1.26,"wK":1,"y":104,"hP":97.8,"brake":0,"onG":0}
{"t":429,"ph":"FINAL","s":-1961,"agl":102.6,"V":31.91,"Vc":31.85,"thr":0.21,"de":0.257,"flap":0,"pitch":2.7,"thC":2.7,"vs":-1.26,"wK":1,"y":103.7,"hP":97.4,"brake":0,"onG":0}
{"t":429.3,"ph":"FINAL","s":-1954,"agl":102.3,"V":31.92,"Vc":31.85,"thr":0.21,"de":0.259,"flap":0,"pitch":2.7,"thC":2.7,"vs":-1.27,"wK":1,"y":103.4,"hP":97.1,"brake":0,"onG":0}
{"t":429.6,"ph":"FINAL","s":-1946,"agl":101.9,"V":31.95,"Vc":31.85,"thr":0.2,"de":0.261,"flap":0,"pitch":2.7,"thC":2.8,"vs":-1.26,"wK":1,"y":103,"hP":96.8,"brake":0,"onG":0}
{"t":429.8,"ph":"FINAL","s":-1939,"agl":101.6,"V":31.97,"Vc":31.85,"thr":0.19,"de":0.264,"flap":0,"pitch":2.7,"thC":2.9,"vs":-1.26,"wK":1,"y":102.7,"hP":96.4,"brake":0,"onG":0}
{"t":430.1,"ph":"FINAL","s":-1932,"agl":101.2,"V":31.96,"Vc":31.85,"thr":0.2,"de":0.264,"flap":0,"pitch":2.6,"thC":2.8,"vs":-1.25,"wK":1,"y":102.3,"hP":96.1,"brake":0,"onG":0}
{"t":430.4,"ph":"FINAL","s":-1924,"agl":100.9,"V":31.94,"Vc":31.85,"thr":0.2,"de":0.264,"flap":0,"pitch":2.6,"thC":2.8,"vs":-1.24,"wK":1,"y":102,"hP":95.7,"brake":0,"onG":0}
{"t":430.6,"ph":"FINAL","s":-1917,"agl":100.6,"V":31.92,"Vc":31.85,"thr":0.21,"de":0.262,"flap":0,"pitch":2.6,"thC":2.7,"vs":-1.24,"wK":1,"y":101.7,"hP":95.4,"brake":0,"onG":0}
{"t":430.9,"ph":"FINAL","s":-1910,"agl":100.3,"V":31.89,"Vc":31.85,"thr":0.21,"de":0.259,"flap":0,"pitch":2.6,"thC":2.6,"vs":-1.25,"wK":1,"y":101.3,"hP":95.1,"brake":0,"onG":0}
{"t":431.2,"ph":"FINAL","s":-1902,"agl":99.9,"V":31.86,"Vc":31.85,"thr":0.22,"de":0.256,"flap":0,"pitch":2.6,"thC":2.5,"vs":-1.25,"wK":1,"y":101,"hP":94.7,"brake":0,"onG":0}
{"t":431.4,"ph":"FINAL","s":-1895,"agl":99.6,"V":31.83,"Vc":31.85,"thr":0.23,"de":0.255,"flap":0,"pitch":2.6,"thC":2.5,"vs":-1.25,"wK":1,"y":100.7,"hP":94.4,"brake":0,"onG":0}
{"t":431.7,"ph":"FINAL","s":-1888,"agl":99.2,"V":31.82,"Vc":31.85,"thr":0.23,"de":0.254,"flap":0,"pitch":2.6,"thC":2.4,"vs":-1.26,"wK":1,"y":100.3,"hP":94.1,"brake":0,"onG":0}
{"t":432,"ph":"FINAL","s":-1880,"agl":98.9,"V":31.81,"Vc":31.85,"thr":0.23,"de":0.255,"flap":0,"pitch":2.6,"thC":2.4,"vs":-1.25,"wK":1,"y":100,"hP":93.7,"brake":0,"onG":0}
{"t":432.2,"ph":"FINAL","s":-1873,"agl":98.6,"V":31.82,"Vc":31.85,"thr":0.23,"de":0.257,"flap":0,"pitch":2.6,"thC":2.4,"vs":-1.25,"wK":1,"y":99.7,"hP":93.4,"brake":0,"onG":0}
{"t":432.5,"ph":"FINAL","s":-1866,"agl":98.3,"V":31.82,"Vc":31.85,"thr":0.23,"de":0.258,"flap":0,"pitch":2.6,"thC":2.4,"vs":-1.24,"wK":1,"y":99.3,"hP":93,"brake":0,"onG":0}
{"t":432.8,"ph":"FINAL","s":-1858,"agl":97.9,"V":31.82,"Vc":31.85,"thr":0.23,"de":0.258,"flap":0,"pitch":2.6,"thC":2.4,"vs":-1.24,"wK":1,"y":99,"hP":92.7,"brake":0,"onG":0}
{"t":433,"ph":"FINAL","s":-1851,"agl":97.6,"V":31.8,"Vc":31.85,"thr":0.23,"de":0.256,"flap":0,"pitch":2.5,"thC":2.4,"vs":-1.25,"wK":1,"y":98.7,"hP":92.4,"brake":0,"onG":0}
{"t":433.3,"ph":"FINAL","s":-1843,"agl":97.3,"V":31.78,"Vc":31.85,"thr":0.24,"de":0.254,"flap":0,"pitch":2.6,"thC":2.3,"vs":-1.26,"wK":1,"y":98.4,"hP":92,"brake":0,"onG":0}
{"t":433.6,"ph":"FINAL","s":-1836,"agl":96.9,"V":31.75,"Vc":31.85,"thr":0.24,"de":0.251,"flap":0,"pitch":2.6,"thC":2.2,"vs":-1.27,"wK":1,"y":98,"hP":91.7,"brake":0,"onG":0}
{"t":433.8,"ph":"FINAL","s":-1829,"agl":96.6,"V":31.74,"Vc":31.85,"thr":0.25,"de":0.25,"flap":0,"pitch":2.6,"thC":2.2,"vs":-1.28,"wK":1,"y":97.7,"hP":91.3,"brake":0,"onG":0}
{"t":434.1,"ph":"FINAL","s":-1821,"agl":96.2,"V":31.74,"Vc":31.85,"thr":0.25,"de":0.25,"flap":0,"pitch":2.6,"thC":2.2,"vs":-1.28,"wK":1,"y":97.3,"hP":91,"brake":0,"onG":0}
{"t":434.4,"ph":"FINAL","s":-1814,"agl":95.9,"V":31.75,"Vc":31.85,"thr":0.24,"de":0.252,"flap":0,"pitch":2.7,"thC":2.3,"vs":-1.28,"wK":1,"y":97,"hP":90.6,"brake":0,"onG":0}
{"t":434.6,"ph":"FINAL","s":-1806,"agl":95.6,"V":31.77,"Vc":31.85,"thr":0.24,"de":0.255,"flap":0,"pitch":2.6,"thC":2.3,"vs":-1.27,"wK":1,"y":96.7,"hP":90.3,"brake":0,"onG":0}
{"t":434.9,"ph":"FINAL","s":-1799,"agl":95.2,"V":31.8,"Vc":31.85,"thr":0.23,"de":0.257,"flap":0,"pitch":2.6,"thC":2.4,"vs":-1.26,"wK":1,"y":96.3,"hP":90,"brake":0,"onG":0}
{"t":435.2,"ph":"FINAL","s":-1791,"agl":94.9,"V":31.81,"Vc":31.85,"thr":0.23,"de":0.258,"flap":0,"pitch":2.5,"thC":2.4,"vs":-1.26,"wK":1,"y":96,"hP":89.6,"brake":0,"onG":0}
{"t":435.4,"ph":"FINAL","s":-1784,"agl":94.5,"V":31.81,"Vc":31.85,"thr":0.23,"de":0.258,"flap":0,"pitch":2.5,"thC":2.4,"vs":-1.25,"wK":1,"y":95.6,"hP":89.3,"brake":0,"onG":0}
{"t":435.7,"ph":"FINAL","s":-1776,"agl":94.2,"V":31.8,"Vc":31.85,"thr":0.23,"de":0.256,"flap":0,"pitch":2.5,"thC":2.4,"vs":-1.26,"wK":1,"y":95.3,"hP":88.9,"brake":0,"onG":0}
{"t":436,"ph":"FINAL","s":-1769,"agl":93.9,"V":31.78,"Vc":31.85,"thr":0.23,"de":0.254,"flap":0,"pitch":2.5,"thC":2.3,"vs":-1.26,"wK":1,"y":95,"hP":88.6,"brake":0,"onG":0}
{"t":436.2,"ph":"FINAL","s":-1761,"agl":93.5,"V":31.77,"Vc":31.85,"thr":0.24,"de":0.252,"flap":0,"pitch":2.5,"thC":2.3,"vs":-1.27,"wK":1,"y":94.6,"hP":88.2,"brake":0,"onG":0}
{"t":436.5,"ph":"FINAL","s":-1754,"agl":93.2,"V":31.76,"Vc":31.85,"thr":0.24,"de":0.251,"flap":0,"pitch":2.6,"thC":2.2,"vs":-1.28,"wK":1,"y":94.3,"hP":87.9,"brake":0,"onG":0}
{"t":436.8,"ph":"FINAL","s":-1746,"agl":92.9,"V":31.76,"Vc":31.85,"thr":0.24,"de":0.252,"flap":0,"pitch":2.6,"thC":2.2,"vs":-1.28,"wK":1,"y":94,"hP":87.6,"brake":0,"onG":0}
{"t":437,"ph":"FINAL","s":-1739,"agl":91,"V":31.71,"Vc":31.85,"thr":0.25,"de":0.25,"flap":0,"pitch":2.6,"thC":2.1,"vs":-1.28,"wK":1,"y":93.6,"hP":87.2,"brake":0,"onG":0}
{"t":437.3,"ph":"FINAL","s":-1731,"agl":88.3,"V":31.73,"Vc":31.85,"thr":0.25,"de":0.252,"flap":0,"pitch":2.5,"thC":2.1,"vs":-1.27,"wK":1,"y":93.3,"hP":86.9,"brake":0,"onG":0}
{"t":437.6,"ph":"FINAL","s":-1724,"agl":87,"V":31.77,"Vc":31.85,"thr":0.24,"de":0.255,"flap":0,"pitch":2.5,"thC":2.3,"vs":-1.27,"wK":1,"y":92.9,"hP":86.5,"brake":0,"onG":0}
{"t":437.8,"ph":"FINAL","s":-1716,"agl":86,"V":31.8,"Vc":31.85,"thr":0.23,"de":0.256,"flap":0,"pitch":2.5,"thC":2.3,"vs":-1.28,"wK":1,"y":92.6,"hP":86.2,"brake":0,"onG":0}
{"t":438.1,"ph":"FINAL","s":-1709,"agl":85,"V":31.81,"Vc":31.85,"thr":0.23,"de":0.255,"flap":0,"pitch":2.5,"thC":2.4,"vs":-1.28,"wK":1,"y":92.3,"hP":85.8,"brake":0,"onG":0}
{"t":438.4,"ph":"FINAL","s":-1701,"agl":83.7,"V":31.8,"Vc":31.85,"thr":0.23,"de":0.253,"flap":0,"pitch":2.5,"thC":2.3,"vs":-1.29,"wK":1,"y":91.9,"hP":85.5,"brake":0,"onG":0}
{"t":438.6,"ph":"FINAL","s":-1693,"agl":81.6,"V":31.79,"Vc":31.85,"thr":0.23,"de":0.252,"flap":0,"pitch":2.5,"thC":2.3,"vs":-1.31,"wK":1,"y":91.6,"hP":85.1,"brake":0,"onG":0}
{"t":438.9,"ph":"FINAL","s":-1686,"agl":79.5,"V":31.78,"Vc":31.85,"thr":0.23,"de":0.251,"flap":0,"pitch":2.5,"thC":2.3,"vs":-1.31,"wK":1,"y":91.2,"hP":84.8,"brake":0,"onG":0}
{"t":439.2,"ph":"FINAL","s":-1678,"agl":78.4,"V":31.8,"Vc":31.85,"thr":0.23,"de":0.252,"flap":0,"pitch":2.6,"thC":2.4,"vs":-1.31,"wK":1,"y":90.9,"hP":84.4,"brake":0,"onG":0}
{"t":439.4,"ph":"FINAL","s":-1671,"agl":77.5,"V":31.84,"Vc":31.85,"thr":0.22,"de":0.256,"flap":0,"pitch":2.5,"thC":2.5,"vs":-1.3,"wK":1,"y":90.5,"hP":84.1,"brake":0,"onG":0}
{"t":439.7,"ph":"FINAL","s":-1663,"agl":76.1,"V":31.87,"Vc":31.85,"thr":0.21,"de":0.26,"flap":0,"pitch":2.5,"thC":2.5,"vs":-1.29,"wK":1,"y":90.2,"hP":83.7,"brake":0,"onG":0}
{"t":440,"ph":"FINAL","s":-1655,"agl":74,"V":31.89,"Vc":31.85,"thr":0.21,"de":0.261,"flap":0,"pitch":2.4,"thC":2.6,"vs":-1.28,"wK":1,"y":89.8,"hP":83.4,"brake":0,"onG":0}
{"t":440.2,"ph":"FINAL","s":-1648,"agl":72.9,"V":31.91,"Vc":31.85,"thr":0.2,"de":0.262,"flap":0,"pitch":2.4,"thC":2.6,"vs":-1.28,"wK":1,"y":89.5,"hP":83,"brake":0,"onG":0}
{"t":440.5,"ph":"FINAL","s":-1640,"agl":73.2,"V":31.92,"Vc":31.85,"thr":0.2,"de":0.262,"flap":0,"pitch":2.4,"thC":2.6,"vs":-1.28,"wK":1,"y":89.1,"hP":82.7,"brake":0,"onG":0}
{"t":440.8,"ph":"FINAL","s":-1633,"agl":73.5,"V":31.92,"Vc":31.85,"thr":0.2,"de":0.261,"flap":0,"pitch":2.4,"thC":2.6,"vs":-1.29,"wK":1,"y":88.8,"hP":82.3,"brake":0,"onG":0}
{"t":441,"ph":"FINAL","s":-1625,"agl":73.7,"V":31.92,"Vc":31.85,"thr":0.2,"de":0.259,"flap":0,"pitch":2.4,"thC":2.6,"vs":-1.3,"wK":1,"y":88.5,"hP":82,"brake":0,"onG":0}
{"t":441.3,"ph":"FINAL","s":-1617,"agl":73.8,"V":31.91,"Vc":31.85,"thr":0.2,"de":0.258,"flap":0,"pitch":2.4,"thC":2.6,"vs":-1.31,"wK":1,"y":88.1,"hP":81.6,"brake":0,"onG":0}
{"t":441.6,"ph":"FINAL","s":-1610,"agl":73.8,"V":31.91,"Vc":31.85,"thr":0.2,"de":0.258,"flap":0,"pitch":2.4,"thC":2.6,"vs":-1.32,"wK":1,"y":87.8,"hP":81.3,"brake":0,"onG":0}
{"t":441.8,"ph":"FINAL","s":-1602,"agl":73.7,"V":31.92,"Vc":31.85,"thr":0.2,"de":0.259,"flap":0,"pitch":2.5,"thC":2.6,"vs":-1.32,"wK":1,"y":87.4,"hP":80.9,"brake":0,"onG":0}
{"t":442.1,"ph":"FINAL","s":-1594,"agl":73.9,"V":31.94,"Vc":31.85,"thr":0.2,"de":0.261,"flap":0,"pitch":2.5,"thC":2.7,"vs":-1.32,"wK":1,"y":87.1,"hP":80.6,"brake":0,"onG":0}
{"t":442.4,"ph":"FINAL","s":-1587,"agl":73.9,"V":31.96,"Vc":31.85,"thr":0.19,"de":0.263,"flap":0,"pitch":2.4,"thC":2.7,"vs":-1.31,"wK":1,"y":86.7,"hP":80.2,"brake":0,"onG":0}
{"t":442.6,"ph":"FINAL","s":-1579,"agl":73.6,"V":31.96,"Vc":31.85,"thr":0.19,"de":0.264,"flap":0,"pitch":2.4,"thC":2.8,"vs":-1.31,"wK":1,"y":86.4,"hP":79.9,"brake":0,"onG":0}
{"t":442.9,"ph":"FINAL","s":-1571,"agl":73,"V":31.95,"Vc":31.85,"thr":0.19,"de":0.263,"flap":0,"pitch":2.4,"thC":2.7,"vs":-1.31,"wK":1,"y":86,"hP":79.5,"brake":0,"onG":0}
{"t":443.2,"ph":"FINAL","s":-1564,"agl":72.6,"V":31.94,"Vc":31.85,"thr":0.2,"de":0.261,"flap":0,"pitch":2.4,"thC":2.7,"vs":-1.32,"wK":1,"y":85.7,"hP":79.2,"brake":0,"onG":0}
{"t":443.4,"ph":"FINAL","s":-1556,"agl":72.6,"V":31.93,"Vc":31.85,"thr":0.2,"de":0.26,"flap":0,"pitch":2.4,"thC":2.7,"vs":-1.33,"wK":1,"y":85.3,"hP":78.8,"brake":0,"onG":0}
{"t":443.7,"ph":"FINAL","s":-1548,"agl":72.6,"V":31.92,"Vc":31.85,"thr":0.2,"de":0.258,"flap":0,"pitch":2.5,"thC":2.6,"vs":-1.33,"wK":1,"y":84.9,"hP":78.4,"brake":0,"onG":0}
{"t":444,"ph":"FINAL","s":-1541,"agl":72.2,"V":31.91,"Vc":31.85,"thr":0.2,"de":0.258,"flap":0,"pitch":2.5,"thC":2.6,"vs":-1.34,"wK":1,"y":84.6,"hP":78.1,"brake":0,"onG":0}
{"t":444.2,"ph":"FINAL","s":-1533,"agl":71.8,"V":31.92,"Vc":31.85,"thr":0.2,"de":0.259,"flap":0,"pitch":2.5,"thC":2.7,"vs":-1.33,"wK":1,"y":84.2,"hP":77.7,"brake":0,"onG":0}
{"t":444.5,"ph":"FINAL","s":-1525,"agl":71.7,"V":31.96,"Vc":31.85,"thr":0.19,"de":0.263,"flap":0,"pitch":2.5,"thC":2.8,"vs":-1.32,"wK":1,"y":83.9,"hP":77.4,"brake":0,"onG":0}
{"t":444.8,"ph":"FINAL","s":-1518,"agl":72.2,"V":32.06,"Vc":31.85,"thr":0.16,"de":0.27,"flap":0,"pitch":2.5,"thC":3.1,"vs":-1.31,"wK":1,"y":83.5,"hP":77,"brake":0,"onG":0}
{"t":445,"ph":"FINAL","s":-1510,"agl":72.6,"V":32.14,"Vc":31.85,"thr":0.14,"de":0.275,"flap":0,"pitch":2.4,"thC":3.3,"vs":-1.3,"wK":1,"y":83.2,"hP":76.7,"brake":0,"onG":0}
{"t":445.3,"ph":"FINAL","s":-1503,"agl":72.4,"V":32.18,"Vc":31.85,"thr":0.13,"de":0.277,"flap":0,"pitch":2.4,"thC":3.5,"vs":-1.29,"wK":1,"y":82.8,"hP":76.3,"brake":0,"onG":0}
{"t":445.6,"ph":"FINAL","s":-1495,"agl":72.1,"V":32.2,"Vc":31.85,"thr":0.13,"de":0.277,"flap":0,"pitch":2.4,"thC":3.5,"vs":-1.3,"wK":1,"y":82.5,"hP":76,"brake":0,"onG":0}
{"t":445.8,"ph":"FINAL","s":-1487,"agl":71.5,"V":32.2,"Vc":31.85,"thr":0.13,"de":0.276,"flap":0,"pitch":2.4,"thC":3.5,"vs":-1.31,"wK":1,"y":82.1,"hP":75.6,"brake":0,"onG":0}
{"t":446.1,"ph":"FINAL","s":-1480,"agl":70.9,"V":32.19,"Vc":31.85,"thr":0.13,"de":0.275,"flap":0,"pitch":2.4,"thC":3.5,"vs":-1.31,"wK":1,"y":81.8,"hP":75.3,"brake":0,"onG":0}
{"t":446.4,"ph":"FINAL","s":-1472,"agl":70.2,"V":32.18,"Vc":31.85,"thr":0.13,"de":0.274,"flap":0,"pitch":2.4,"thC":3.5,"vs":-1.32,"wK":1,"y":81.4,"hP":74.9,"brake":0,"onG":0}
{"t":446.6,"ph":"FINAL","s":-1465,"agl":69.5,"V":32.19,"Vc":31.85,"thr":0.13,"de":0.274,"flap":0,"pitch":2.5,"thC":3.5,"vs":-1.32,"wK":1,"y":81.1,"hP":74.6,"brake":0,"onG":0}
{"t":446.9,"ph":"FINAL","s":-1457,"agl":68.8,"V":32.21,"Vc":31.85,"thr":0.13,"de":0.276,"flap":0,"pitch":2.5,"thC":3.6,"vs":-1.32,"wK":1,"y":80.7,"hP":74.2,"brake":0,"onG":0}
{"t":447.2,"ph":"FINAL","s":-1449,"agl":68.3,"V":32.23,"Vc":31.85,"thr":0.12,"de":0.279,"flap":0,"pitch":2.5,"thC":3.6,"vs":-1.31,"wK":1,"y":80.4,"hP":73.9,"brake":0,"onG":0}
{"t":447.4,"ph":"FINAL","s":-1442,"agl":67.8,"V":32.24,"Vc":31.85,"thr":0.11,"de":0.281,"flap":0,"pitch":2.5,"thC":3.7,"vs":-1.3,"wK":1,"y":80,"hP":73.5,"brake":0,"onG":0}
{"t":447.7,"ph":"FINAL","s":-1434,"agl":67.4,"V":32.25,"Vc":31.85,"thr":0.11,"de":0.283,"flap":0,"pitch":2.5,"thC":3.7,"vs":-1.3,"wK":1,"y":79.7,"hP":73.2,"brake":0,"onG":0}
{"t":448,"ph":"FINAL","s":-1427,"agl":67,"V":32.24,"Vc":31.85,"thr":0.11,"de":0.283,"flap":0,"pitch":2.5,"thC":3.7,"vs":-1.3,"wK":1,"y":79.3,"hP":72.9,"brake":0,"onG":0}
{"t":448.2,"ph":"FINAL","s":-1419,"agl":66.4,"V":32.23,"Vc":31.85,"thr":0.12,"de":0.281,"flap":0,"pitch":2.5,"thC":3.7,"vs":-1.3,"wK":1,"y":79,"hP":72.5,"brake":0,"onG":0}
{"t":448.5,"ph":"FINAL","s":-1412,"agl":65.8,"V":32.21,"Vc":31.85,"thr":0.12,"de":0.28,"flap":0,"pitch":2.5,"thC":3.6,"vs":-1.3,"wK":1,"y":78.7,"hP":72.2,"brake":0,"onG":0}
{"t":448.8,"ph":"FINAL","s":-1405,"agl":65.2,"V":32.2,"Vc":31.85,"thr":0.12,"de":0.279,"flap":0,"pitch":2.5,"thC":3.6,"vs":-1.31,"wK":1,"y":78.3,"hP":71.8,"brake":0,"onG":0}
{"t":449,"ph":"FINAL","s":-1397,"agl":64.7,"V":32.2,"Vc":31.85,"thr":0.12,"de":0.28,"flap":0,"pitch":2.5,"thC":3.6,"vs":-1.3,"wK":1,"y":78,"hP":71.5,"brake":0,"onG":0}
{"t":449.3,"ph":"FINAL","s":-1390,"agl":64.4,"V":32.21,"Vc":31.85,"thr":0.12,"de":0.282,"flap":0,"pitch":2.6,"thC":3.7,"vs":-1.29,"wK":1,"y":77.6,"hP":71.1,"brake":0,"onG":0}
{"t":449.6,"ph":"FINAL","s":-1382,"agl":64.2,"V":32.23,"Vc":31.85,"thr":0.11,"de":0.285,"flap":0,"pitch":2.5,"thC":3.8,"vs":-1.28,"wK":1,"y":77.3,"hP":70.8,"brake":0,"onG":0}
{"t":449.8,"ph":"FINAL","s":-1375,"agl":63.9,"V":32.24,"Vc":31.85,"thr":0.11,"de":0.287,"flap":0,"pitch":2.5,"thC":3.8,"vs":-1.27,"wK":1,"y":76.9,"hP":70.5,"brake":0,"onG":0}
{"t":450.1,"ph":"FINAL","s":-1368,"agl":63.5,"V":32.24,"Vc":31.85,"thr":0.11,"de":0.289,"flap":0,"pitch":2.5,"thC":3.8,"vs":-1.26,"wK":1,"y":76.6,"hP":70.1,"brake":0,"onG":0}
{"t":450.4,"ph":"FINAL","s":-1360,"agl":62.9,"V":32.23,"Vc":31.85,"thr":0.11,"de":0.288,"flap":0,"pitch":2.5,"thC":3.8,"vs":-1.25,"wK":1,"y":76.3,"hP":69.8,"brake":0,"onG":0}
{"t":450.6,"ph":"FINAL","s":-1353,"agl":62.2,"V":32.2,"Vc":31.85,"thr":0.11,"de":0.286,"flap":0,"pitch":2.5,"thC":3.7,"vs":-1.26,"wK":1,"y":75.9,"hP":69.5,"brake":0,"onG":0}
{"t":450.9,"ph":"FINAL","s":-1346,"agl":61.6,"V":32.17,"Vc":31.85,"thr":0.12,"de":0.283,"flap":0,"pitch":2.5,"thC":3.6,"vs":-1.26,"wK":1,"y":75.6,"hP":69.1,"brake":0,"onG":0}
{"t":451.2,"ph":"FINAL","s":-1338,"agl":61.1,"V":32.14,"Vc":31.85,"thr":0.13,"de":0.281,"flap":0,"pitch":2.5,"thC":3.6,"vs":-1.27,"wK":1,"y":75.3,"hP":68.8,"brake":0,"onG":0}
{"t":451.4,"ph":"FINAL","s":-1331,"agl":60.7,"V":32.12,"Vc":31.85,"thr":0.13,"de":0.28,"flap":0,"pitch":2.6,"thC":3.5,"vs":-1.27,"wK":1,"y":74.9,"hP":68.5,"brake":0,"onG":0}
{"t":451.7,"ph":"FINAL","s":-1324,"agl":60.4,"V":32.11,"Vc":31.85,"thr":0.13,"de":0.281,"flap":0,"pitch":2.6,"thC":3.6,"vs":-1.27,"wK":1,"y":74.6,"hP":68.1,"brake":0,"onG":0}
{"t":452,"ph":"FINAL","s":-1317,"agl":60,"V":32.1,"Vc":31.85,"thr":0.13,"de":0.282,"flap":0,"pitch":2.6,"thC":3.6,"vs":-1.26,"wK":1,"y":74.2,"hP":67.8,"brake":0,"onG":0}
{"t":452.2,"ph":"FINAL","s":-1309,"agl":59.5,"V":32.09,"Vc":31.85,"thr":0.14,"de":0.283,"flap":0,"pitch":2.6,"thC":3.5,"vs":-1.24,"wK":1,"y":73.9,"hP":67.5,"brake":0,"onG":0}
{"t":452.5,"ph":"FINAL","s":-1302,"agl":58.9,"V":32.09,"Vc":31.85,"thr":0.14,"de":0.284,"flap":0,"pitch":2.6,"thC":3.5,"vs":-1.23,"wK":1,"y":73.6,"hP":67.1,"brake":0,"onG":0}
{"t":452.8,"ph":"FINAL","s":-1295,"agl":58.4,"V":32.07,"Vc":31.85,"thr":0.14,"de":0.284,"flap":0,"pitch":2.6,"thC":3.5,"vs":-1.22,"wK":1,"y":73.2,"hP":66.8,"brake":0,"onG":0}
{"t":453,"ph":"FINAL","s":-1288,"agl":57.9,"V":32.05,"Vc":31.85,"thr":0.14,"de":0.283,"flap":0,"pitch":2.6,"thC":3.4,"vs":-1.22,"wK":1,"y":72.9,"hP":66.5,"brake":0,"onG":0}
{"t":453.3,"ph":"FINAL","s":-1281,"agl":57.6,"V":32.02,"Vc":31.85,"thr":0.15,"de":0.281,"flap":0,"pitch":2.6,"thC":3.3,"vs":-1.22,"wK":1,"y":72.6,"hP":66.1,"brake":0,"onG":0}
{"t":453.6,"ph":"FINAL","s":-1274,"agl":57.2,"V":31.99,"Vc":31.85,"thr":0.15,"de":0.279,"flap":0,"pitch":2.6,"thC":3.3,"vs":-1.23,"wK":1,"y":72.3,"hP":65.8,"brake":0,"onG":0}
{"t":453.8,"ph":"FINAL","s":-1266,"agl":56.6,"V":31.98,"Vc":31.85,"thr":0.16,"de":0.279,"flap":0,"pitch":2.7,"thC":3.3,"vs":-1.23,"wK":1,"y":71.9,"hP":65.5,"brake":0,"onG":0}
{"t":454.1,"ph":"FINAL","s":-1259,"agl":55.9,"V":31.97,"Vc":31.85,"thr":0.16,"de":0.279,"flap":0,"pitch":2.7,"thC":3.3,"vs":-1.22,"wK":1,"y":71.6,"hP":65.1,"brake":0,"onG":0}
{"t":454.4,"ph":"FINAL","s":-1252,"agl":55.2,"V":31.98,"Vc":31.85,"thr":0.15,"de":0.281,"flap":0,"pitch":2.7,"thC":3.3,"vs":-1.21,"wK":1,"y":71.3,"hP":64.8,"brake":0,"onG":0}
{"t":454.6,"ph":"FINAL","s":-1245,"agl":54.5,"V":31.99,"Vc":31.85,"thr":0.15,"de":0.283,"flap":0,"pitch":2.7,"thC":3.3,"vs":-1.2,"wK":1,"y":71,"hP":64.5,"brake":0,"onG":0}
{"t":454.9,"ph":"FINAL","s":-1238,"agl":53.8,"V":31.99,"Vc":31.85,"thr":0.15,"de":0.284,"flap":0,"pitch":2.6,"thC":3.3,"vs":-1.19,"wK":1,"y":70.6,"hP":64.2,"brake":0,"onG":0}
{"t":455.2,"ph":"FINAL","s":-1231,"agl":53.4,"V":31.99,"Vc":31.85,"thr":0.15,"de":0.285,"flap":0,"pitch":2.6,"thC":3.3,"vs":-1.19,"wK":1,"y":70.3,"hP":63.8,"brake":0,"onG":0}
{"t":455.4,"ph":"FINAL","s":-1224,"agl":53.1,"V":31.97,"Vc":31.85,"thr":0.15,"de":0.284,"flap":0,"pitch":2.6,"thC":3.3,"vs":-1.19,"wK":1,"y":70,"hP":63.5,"brake":0,"onG":0}
{"t":455.7,"ph":"FINAL","s":-1217,"agl":52.9,"V":31.95,"Vc":31.85,"thr":0.16,"de":0.282,"flap":0,"pitch":2.6,"thC":3.2,"vs":-1.2,"wK":1,"y":69.7,"hP":63.2,"brake":0,"onG":0}
{"t":456,"ph":"FINAL","s":-1210,"agl":52.9,"V":31.93,"Vc":31.85,"thr":0.16,"de":0.279,"flap":0,"pitch":2.6,"thC":3.2,"vs":-1.21,"wK":1,"y":69.4,"hP":62.9,"brake":0,"onG":0}
{"t":456.2,"ph":"FINAL","s":-1202,"agl":52.7,"V":31.91,"Vc":31.85,"thr":0.17,"de":0.277,"flap":0,"pitch":2.7,"thC":3.1,"vs":-1.22,"wK":1,"y":69,"hP":62.5,"brake":0,"onG":0}
{"t":456.5,"ph":"FINAL","s":-1195,"agl":52.2,"V":31.9,"Vc":31.85,"thr":0.17,"de":0.277,"flap":0,"pitch":2.7,"thC":3.1,"vs":-1.23,"wK":1,"y":68.7,"hP":62.2,"brake":0,"onG":0}
{"t":456.8,"ph":"FINAL","s":-1188,"agl":51.6,"V":31.9,"Vc":31.85,"thr":0.17,"de":0.278,"flap":0,"pitch":2.7,"thC":3.2,"vs":-1.22,"wK":1,"y":68.4,"hP":61.9,"brake":0,"onG":0}
{"t":457,"ph":"FINAL","s":-1181,"agl":51.2,"V":31.91,"Vc":31.85,"thr":0.16,"de":0.28,"flap":0,"pitch":2.7,"thC":3.2,"vs":-1.22,"wK":1,"y":68.1,"hP":61.6,"brake":0,"onG":0}
{"t":457.3,"ph":"FINAL","s":-1174,"agl":51.2,"V":31.93,"Vc":31.85,"thr":0.16,"de":0.283,"flap":0,"pitch":2.7,"thC":3.3,"vs":-1.21,"wK":1,"y":67.7,"hP":61.2,"brake":0,"onG":0}
{"t":457.6,"ph":"FINAL","s":-1167,"agl":51.1,"V":31.94,"Vc":31.85,"thr":0.15,"de":0.285,"flap":0,"pitch":2.7,"thC":3.3,"vs":-1.2,"wK":1,"y":67.4,"hP":60.9,"brake":0,"onG":0}
{"t":457.8,"ph":"FINAL","s":-1160,"agl":50.7,"V":31.94,"Vc":31.85,"thr":0.15,"de":0.285,"flap":0,"pitch":2.7,"thC":3.3,"vs":-1.2,"wK":1,"y":67.1,"hP":60.6,"brake":0,"onG":0}
{"t":458.1,"ph":"FINAL","s":-1153,"agl":50.3,"V":31.93,"Vc":31.85,"thr":0.16,"de":0.284,"flap":0,"pitch":2.7,"thC":3.2,"vs":-1.2,"wK":1,"y":66.8,"hP":60.3,"brake":0,"onG":0}
{"t":458.4,"ph":"FINAL","s":-1146,"agl":50.2,"V":31.91,"Vc":31.85,"thr":0.16,"de":0.282,"flap":0,"pitch":2.7,"thC":3.2,"vs":-1.21,"wK":1,"y":66.5,"hP":59.9,"brake":0,"onG":0}
{"t":458.6,"ph":"FINAL","s":-1139,"agl":49.8,"V":31.9,"Vc":31.85,"thr":0.16,"de":0.281,"flap":0,"pitch":2.7,"thC":3.2,"vs":-1.22,"wK":1,"y":66.1,"hP":59.6,"brake":0,"onG":0}
{"t":458.9,"ph":"FINAL","s":-1132,"agl":49,"V":31.89,"Vc":31.85,"thr":0.16,"de":0.281,"flap":0,"pitch":2.7,"thC":3.2,"vs":-1.22,"wK":1,"y":65.8,"hP":59.3,"brake":0,"onG":0}
{"t":459.2,"ph":"FINAL","s":-1125,"agl":48.7,"V":31.9,"Vc":31.85,"thr":0.16,"de":0.282,"flap":0,"pitch":2.7,"thC":3.2,"vs":-1.22,"wK":1,"y":65.5,"hP":59,"brake":0,"onG":0}
{"t":459.4,"ph":"FINAL","s":-1118,"agl":49.1,"V":31.92,"Vc":31.85,"thr":0.16,"de":0.284,"flap":0,"pitch":2.7,"thC":3.3,"vs":-1.21,"wK":1,"y":65.2,"hP":58.7,"brake":0,"onG":0}
{"t":459.7,"ph":"FINAL","s":-1111,"agl":50.3,"V":31.94,"Vc":31.85,"thr":0.15,"de":0.287,"flap":0,"pitch":2.7,"thC":3.3,"vs":-1.21,"wK":1,"y":64.8,"hP":58.3,"brake":0,"onG":0}
{"t":460,"ph":"FINAL","s":-1105,"agl":50.1,"V":31.91,"Vc":31.85,"thr":0.16,"de":0.286,"flap":0,"pitch":2.7,"thC":3.2,"vs":-1.2,"wK":1,"y":64.5,"hP":58,"brake":0,"onG":0}
{"t":460.2,"ph":"FINAL","s":-1098,"agl":50.9,"V":31.89,"Vc":31.85,"thr":0.16,"de":0.284,"flap":0,"pitch":2.6,"thC":3.1,"vs":-1.2,"wK":1,"y":64.2,"hP":57.7,"brake":0,"onG":0}
{"t":460.5,"ph":"FINAL","s":-1091,"agl":51.2,"V":31.85,"Vc":31.85,"thr":0.17,"de":0.281,"flap":0,"pitch":2.6,"thC":3,"vs":-1.21,"wK":1,"y":63.9,"hP":57.4,"brake":0,"onG":0}
{"t":460.8,"ph":"FINAL","s":-1084,"agl":51.4,"V":31.8,"Vc":31.85,"thr":0.18,"de":0.278,"flap":0,"pitch":2.7,"thC":2.9,"vs":-1.22,"wK":1,"y":63.6,"hP":57.1,"brake":0,"onG":0}
{"t":461,"ph":"FINAL","s":-1077,"agl":51.5,"V":31.77,"Vc":31.85,"thr":0.19,"de":0.275,"flap":0,"pitch":2.7,"thC":2.8,"vs":-1.23,"wK":1,"y":63.2,"hP":56.8,"brake":0,"onG":0}
{"t":461.3,"ph":"FINAL","s":-1070,"agl":51.7,"V":31.74,"Vc":31.85,"thr":0.2,"de":0.273,"flap":0,"pitch":2.8,"thC":2.8,"vs":-1.23,"wK":1,"y":62.9,"hP":56.4,"brake":0,"onG":0}
{"t":461.6,"ph":"FINAL","s":-1063,"agl":51.8,"V":31.74,"Vc":31.85,"thr":0.2,"de":0.273,"flap":0,"pitch":2.8,"thC":2.8,"vs":-1.23,"wK":1,"y":62.6,"hP":56.1,"brake":0,"onG":0}
{"t":461.8,"ph":"FINAL","s":-1056,"agl":51.8,"V":31.74,"Vc":31.85,"thr":0.2,"de":0.274,"flap":0,"pitch":2.8,"thC":2.8,"vs":-1.23,"wK":1,"y":62.2,"hP":55.8,"brake":0,"onG":0}
{"t":462.1,"ph":"FINAL","s":-1049,"agl":51.8,"V":31.76,"Vc":31.85,"thr":0.2,"de":0.276,"flap":0,"pitch":2.8,"thC":2.8,"vs":-1.21,"wK":1,"y":61.9,"hP":55.5,"brake":0,"onG":0}
{"t":462.4,"ph":"FINAL","s":-1042,"agl":51.8,"V":31.77,"Vc":31.85,"thr":0.19,"de":0.278,"flap":0,"pitch":2.8,"thC":2.8,"vs":-1.2,"wK":1,"y":61.6,"hP":55.2,"brake":0,"onG":0}
{"t":462.6,"ph":"FINAL","s":-1035,"agl":51.6,"V":31.77,"Vc":31.85,"thr":0.19,"de":0.279,"flap":0,"pitch":2.8,"thC":2.8,"vs":-1.19,"wK":1,"y":61.3,"hP":54.8,"brake":0,"onG":0}
{"t":462.9,"ph":"FINAL","s":-1028,"agl":51,"V":31.75,"Vc":31.85,"thr":0.19,"de":0.278,"flap":0,"pitch":2.7,"thC":2.8,"vs":-1.19,"wK":1,"y":61,"hP":54.5,"brake":0,"onG":0}
{"t":463.2,"ph":"FINAL","s":-1022,"agl":50.6,"V":31.73,"Vc":31.85,"thr":0.2,"de":0.276,"flap":0,"pitch":2.7,"thC":2.7,"vs":-1.19,"wK":1,"y":60.6,"hP":54.2,"brake":0,"onG":0}
{"t":463.4,"ph":"FINAL","s":-1015,"agl":50.4,"V":31.72,"Vc":31.85,"thr":0.2,"de":0.274,"flap":0,"pitch":2.7,"thC":2.7,"vs":-1.2,"wK":1,"y":60.3,"hP":53.9,"brake":0,"onG":0}
{"t":463.7,"ph":"FINAL","s":-1008,"agl":50.4,"V":31.71,"Vc":31.85,"thr":0.21,"de":0.273,"flap":0,"pitch":2.8,"thC":2.6,"vs":-1.21,"wK":1,"y":60,"hP":53.6,"brake":0,"onG":0}
{"t":464,"ph":"FINAL","s":-1001,"agl":50.3,"V":31.71,"Vc":31.85,"thr":0.21,"de":0.273,"flap":0,"pitch":2.8,"thC":2.6,"vs":-1.21,"wK":1,"y":59.7,"hP":53.3,"brake":0,"onG":0}
{"t":464.2,"ph":"FINAL","s":-994,"agl":50.3,"V":31.72,"Vc":31.85,"thr":0.2,"de":0.274,"flap":0,"pitch":2.8,"thC":2.7,"vs":-1.21,"wK":1,"y":59.4,"hP":52.9,"brake":0,"onG":0}
{"t":464.5,"ph":"FINAL","s":-987,"agl":50.1,"V":31.73,"Vc":31.85,"thr":0.2,"de":0.275,"flap":0,"pitch":2.8,"thC":2.7,"vs":-1.2,"wK":1,"y":59,"hP":52.6,"brake":0,"onG":0}
{"t":464.8,"ph":"FINAL","s":-980,"agl":50,"V":31.74,"Vc":31.85,"thr":0.2,"de":0.276,"flap":0,"pitch":2.8,"thC":2.7,"vs":-1.2,"wK":1,"y":58.7,"hP":52.3,"brake":0,"onG":0}
{"t":465,"ph":"FINAL","s":-973,"agl":49.7,"V":31.75,"Vc":31.85,"thr":0.2,"de":0.276,"flap":0,"pitch":2.7,"thC":2.7,"vs":-1.2,"wK":1,"y":58.4,"hP":52,"brake":0,"onG":0}
{"t":465.3,"ph":"FINAL","s":-966,"agl":49.7,"V":31.74,"Vc":31.85,"thr":0.2,"de":0.275,"flap":0,"pitch":2.7,"thC":2.7,"vs":-1.2,"wK":1,"y":58.1,"hP":51.7,"brake":0,"onG":0}
{"t":465.6,"ph":"FINAL","s":-959,"agl":50,"V":31.72,"Vc":31.85,"thr":0.2,"de":0.274,"flap":0,"pitch":2.7,"thC":2.6,"vs":-1.21,"wK":1,"y":57.8,"hP":51.4,"brake":0,"onG":0}
{"t":465.8,"ph":"FINAL","s":-953,"agl":50.8,"V":31.71,"Vc":31.85,"thr":0.21,"de":0.272,"flap":0,"pitch":2.8,"thC":2.6,"vs":-1.22,"wK":1,"y":57.4,"hP":51,"brake":0,"onG":0}
{"t":466.1,"ph":"FINAL","s":-946,"agl":51.6,"V":31.7,"Vc":31.85,"thr":0.21,"de":0.27,"flap":0,"pitch":2.8,"thC":2.6,"vs":-1.23,"wK":1,"y":57.1,"hP":50.7,"brake":0,"onG":0}
{"t":466.4,"ph":"FINAL","s":-939,"agl":52.5,"V":31.71,"Vc":31.85,"thr":0.21,"de":0.27,"flap":0,"pitch":2.8,"thC":2.6,"vs":-1.23,"wK":1,"y":56.8,"hP":50.4,"brake":0,"onG":0}
{"t":466.6,"ph":"FINAL","s":-932,"agl":55.4,"V":31.78,"Vc":31.85,"thr":0.19,"de":0.275,"flap":0,"pitch":2.8,"thC":2.9,"vs":-1.23,"wK":1,"y":56.4,"hP":50.1,"brake":0,"onG":0}
{"t":466.9,"ph":"FINAL","s":-925,"agl":55,"V":31.79,"Vc":31.85,"thr":0.19,"de":0.276,"flap":0,"pitch":2.8,"thC":2.9,"vs":-1.22,"wK":1,"y":56.1,"hP":49.8,"brake":0,"onG":0}
{"t":467.2,"ph":"FINAL","s":-918,"agl":54.7,"V":31.8,"Vc":31.85,"thr":0.19,"de":0.278,"flap":0,"pitch":2.8,"thC":2.9,"vs":-1.21,"wK":1,"y":55.8,"hP":49.4,"brake":0,"onG":0}
{"t":467.4,"ph":"FINAL","s":-911,"agl":54.4,"V":31.81,"Vc":31.85,"thr":0.18,"de":0.279,"flap":0,"pitch":2.8,"thC":2.9,"vs":-1.2,"wK":1,"y":55.5,"hP":49.1,"brake":0,"onG":0}
{"t":467.7,"ph":"FINAL","s":-904,"agl":54.1,"V":31.79,"Vc":31.85,"thr":0.19,"de":0.278,"flap":0,"pitch":2.7,"thC":2.8,"vs":-1.19,"wK":1,"y":55.2,"hP":48.8,"brake":0,"onG":0}
{"t":468,"ph":"FINAL","s":-897,"agl":53.7,"V":31.75,"Vc":31.85,"thr":0.2,"de":0.275,"flap":0,"pitch":2.7,"thC":2.6,"vs":-1.2,"wK":1,"y":54.8,"hP":48.5,"brake":0,"onG":0}
{"t":468.2,"ph":"FINAL","s":-890,"agl":53.4,"V":31.71,"Vc":31.85,"thr":0.21,"de":0.272,"flap":0,"pitch":2.7,"thC":2.5,"vs":-1.21,"wK":1,"y":54.5,"hP":48.2,"brake":0,"onG":0}
{"t":468.5,"ph":"FINAL","s":-884,"agl":53.1,"V":31.68,"Vc":31.85,"thr":0.22,"de":0.269,"flap":0,"pitch":2.7,"thC":2.4,"vs":-1.22,"wK":1,"y":54.2,"hP":47.9,"brake":0,"onG":0}
{"t":468.8,"ph":"FINAL","s":-877,"agl":52.8,"V":31.66,"Vc":31.85,"thr":0.22,"de":0.268,"flap":0,"pitch":2.8,"thC":2.3,"vs":-1.22,"wK":1,"y":53.9,"hP":47.5,"brake":0,"onG":0}
{"t":469,"ph":"FINAL","s":-870,"agl":52.4,"V":31.65,"Vc":31.85,"thr":0.23,"de":0.268,"flap":0,"pitch":2.8,"thC":2.3,"vs":-1.23,"wK":1,"y":53.5,"hP":47.2,"brake":0,"onG":0}
{"t":469.3,"ph":"FINAL","s":-863,"agl":52.1,"V":31.65,"Vc":31.85,"thr":0.23,"de":0.269,"flap":0,"pitch":2.8,"thC":2.3,"vs":-1.22,"wK":1,"y":53.2,"hP":46.9,"brake":0,"onG":0}
{"t":469.6,"ph":"FINAL","s":-856,"agl":51.8,"V":31.66,"Vc":31.85,"thr":0.22,"de":0.27,"flap":0,"pitch":2.8,"thC":2.4,"vs":-1.22,"wK":1,"y":52.9,"hP":46.6,"brake":0,"onG":0}
{"t":469.8,"ph":"FINAL","s":-849,"agl":51.5,"V":31.67,"Vc":31.85,"thr":0.22,"de":0.27,"flap":0,"pitch":2.7,"thC":2.4,"vs":-1.21,"wK":1,"y":52.6,"hP":46.3,"brake":0,"onG":0}
{"t":470.1,"ph":"FINAL","s":-842,"agl":51.1,"V":31.66,"Vc":31.85,"thr":0.22,"de":0.27,"flap":0,"pitch":2.7,"thC":2.3,"vs":-1.21,"wK":1,"y":52.2,"hP":46,"brake":0,"onG":0}
{"t":470.4,"ph":"FINAL","s":-835,"agl":50.8,"V":31.65,"Vc":31.85,"thr":0.23,"de":0.268,"flap":0,"pitch":2.7,"thC":2.3,"vs":-1.22,"wK":1,"y":51.9,"hP":45.6,"brake":0,"onG":0}
{"t":470.6,"ph":"FINAL","s":-828,"agl":50.5,"V":31.63,"Vc":31.85,"thr":0.23,"de":0.266,"flap":0,"pitch":2.7,"thC":2.2,"vs":-1.22,"wK":1,"y":51.6,"hP":45.3,"brake":0,"onG":0}
{"t":470.9,"ph":"FINAL","s":-821,"agl":50.2,"V":31.61,"Vc":31.85,"thr":0.24,"de":0.264,"flap":0,"pitch":2.7,"thC":2.2,"vs":-1.23,"wK":1,"y":51.3,"hP":45,"brake":0,"onG":0}
{"t":471.2,"ph":"FINAL","s":-814,"agl":49.8,"V":31.6,"Vc":31.85,"thr":0.24,"de":0.263,"flap":0,"pitch":2.8,"thC":2.2,"vs":-1.24,"wK":1,"y":50.9,"hP":44.7,"brake":0,"onG":0}
{"t":471.4,"ph":"FINAL","s":-807,"agl":49.5,"V":31.61,"Vc":31.85,"thr":0.24,"de":0.263,"flap":0,"pitch":2.8,"thC":2.2,"vs":-1.24,"wK":1,"y":50.6,"hP":44.4,"brake":0,"onG":0}
{"t":471.7,"ph":"FINAL","s":-800,"agl":49.2,"V":31.63,"Vc":31.85,"thr":0.24,"de":0.265,"flap":0,"pitch":2.8,"thC":2.3,"vs":-1.23,"wK":1,"y":50.3,"hP":44,"brake":0,"onG":0}
{"t":472,"ph":"FINAL","s":-793,"agl":48.9,"V":31.66,"Vc":31.85,"thr":0.23,"de":0.267,"flap":0,"pitch":2.8,"thC":2.3,"vs":-1.22,"wK":1,"y":50,"hP":43.7,"brake":0,"onG":0}
{"t":472.2,"ph":"FINAL","s":-786,"agl":48.5,"V":31.68,"Vc":31.85,"thr":0.22,"de":0.269,"flap":0,"pitch":2.8,"thC":2.4,"vs":-1.21,"wK":1,"y":49.6,"hP":43.4,"brake":0,"onG":0}
{"t":472.5,"ph":"FINAL","s":-780,"agl":48.2,"V":31.69,"Vc":31.85,"thr":0.22,"de":0.27,"flap":0,"pitch":2.7,"thC":2.4,"vs":-1.2,"wK":1,"y":49.3,"hP":43.1,"brake":0,"onG":0}
{"t":472.8,"ph":"FINAL","s":-773,"agl":47.9,"V":31.69,"Vc":31.85,"thr":0.22,"de":0.269,"flap":0,"pitch":2.7,"thC":2.3,"vs":-1.2,"wK":1,"y":49,"hP":42.8,"brake":0,"onG":0}
{"t":473,"ph":"FINAL","s":-766,"agl":47.6,"V":31.68,"Vc":31.85,"thr":0.23,"de":0.267,"flap":0,"pitch":2.7,"thC":2.3,"vs":-1.2,"wK":1,"y":48.7,"hP":42.4,"brake":0,"onG":0}
{"t":473.3,"ph":"FINAL","s":-759,"agl":47.2,"V":31.66,"Vc":31.85,"thr":0.23,"de":0.265,"flap":0,"pitch":2.7,"thC":2.2,"vs":-1.21,"wK":1,"y":48.3,"hP":42.1,"brake":0,"onG":0}
{"t":473.6,"ph":"FINAL","s":-751,"agl":46.9,"V":31.65,"Vc":31.85,"thr":0.23,"de":0.264,"flap":0,"pitch":2.7,"thC":2.2,"vs":-1.23,"wK":1,"y":48,"hP":41.8,"brake":0,"onG":0}
{"t":473.8,"ph":"FINAL","s":-744,"agl":46.6,"V":31.65,"Vc":31.85,"thr":0.23,"de":0.263,"flap":0,"pitch":2.7,"thC":2.2,"vs":-1.24,"wK":1,"y":47.7,"hP":41.5,"brake":0,"onG":0}
{"t":474.1,"ph":"FINAL","s":-737,"agl":46.3,"V":31.66,"Vc":31.85,"thr":0.23,"de":0.264,"flap":0,"pitch":2.7,"thC":2.2,"vs":-1.24,"wK":1,"y":47.4,"hP":41.1,"brake":0,"onG":0}
{"t":474.4,"ph":"FINAL","s":-730,"agl":45.9,"V":31.68,"Vc":31.85,"thr":0.23,"de":0.265,"flap":0,"pitch":2.7,"thC":2.3,"vs":-1.24,"wK":1,"y":47,"hP":40.8,"brake":0,"onG":0}
{"t":474.6,"ph":"FINAL","s":-723,"agl":45.6,"V":31.7,"Vc":31.85,"thr":0.22,"de":0.267,"flap":0,"pitch":2.7,"thC":2.3,"vs":-1.23,"wK":1,"y":46.7,"hP":40.5,"brake":0,"onG":0}
{"t":474.9,"ph":"FINAL","s":-716,"agl":45.3,"V":31.71,"Vc":31.85,"thr":0.22,"de":0.267,"flap":0,"pitch":2.7,"thC":2.3,"vs":-1.23,"wK":1,"y":46.4,"hP":40.2,"brake":0,"onG":0}
{"t":475.2,"ph":"FINAL","s":-709,"agl":44.9,"V":31.71,"Vc":31.85,"thr":0.22,"de":0.267,"flap":0,"pitch":2.7,"thC":2.3,"vs":-1.23,"wK":1,"y":46,"hP":39.8,"brake":0,"onG":0}
{"t":475.4,"ph":"FINAL","s":-702,"agl":44.6,"V":31.7,"Vc":31.85,"thr":0.23,"de":0.265,"flap":0,"pitch":2.7,"thC":2.3,"vs":-1.24,"wK":1,"y":45.7,"hP":39.5,"brake":0,"onG":0}
{"t":475.7,"ph":"FINAL","s":-695,"agl":44.3,"V":31.66,"Vc":31.85,"thr":0.24,"de":0.262,"flap":0,"pitch":2.7,"thC":2.1,"vs":-1.25,"wK":1,"y":45.4,"hP":39.2,"brake":0,"onG":0}
{"t":476,"ph":"FINAL","s":-688,"agl":44,"V":31.61,"Vc":31.85,"thr":0.25,"de":0.259,"flap":0,"pitch":2.7,"thC":2,"vs":-1.26,"wK":1,"y":45.1,"hP":38.9,"brake":0,"onG":0}
{"t":476.2,"ph":"FINAL","s":-681,"agl":43.6,"V":31.58,"Vc":31.85,"thr":0.26,"de":0.257,"flap":0,"pitch":2.7,"thC":1.9,"vs":-1.26,"wK":1,"y":44.7,"hP":38.5,"brake":0,"onG":0}
{"t":476.5,"ph":"FINAL","s":-674,"agl":43.3,"V":31.57,"Vc":31.85,"thr":0.26,"de":0.256,"flap":0,"pitch":2.7,"thC":1.9,"vs":-1.26,"wK":1,"y":44.4,"hP":38.2,"brake":0,"onG":0}
{"t":476.8,"ph":"FINAL","s":-667,"agl":42.9,"V":31.57,"Vc":31.85,"thr":0.26,"de":0.257,"flap":0,"pitch":2.7,"thC":1.9,"vs":-1.25,"wK":1,"y":44,"hP":37.9,"brake":0,"onG":0}
{"t":477,"ph":"FINAL","s":-660,"agl":42.6,"V":31.58,"Vc":31.85,"thr":0.26,"de":0.258,"flap":0,"pitch":2.7,"thC":1.9,"vs":-1.24,"wK":1,"y":43.7,"hP":37.6,"brake":0,"onG":0}
{"t":477.3,"ph":"FINAL","s":-653,"agl":42.3,"V":31.58,"Vc":31.85,"thr":0.26,"de":0.258,"flap":0,"pitch":2.7,"thC":1.8,"vs":-1.22,"wK":1,"y":43.4,"hP":37.2,"brake":0,"onG":0}
{"t":477.6,"ph":"FINAL","s":-645,"agl":42,"V":31.57,"Vc":31.85,"thr":0.26,"de":0.257,"flap":0,"pitch":2.7,"thC":1.8,"vs":-1.22,"wK":1,"y":43.1,"hP":36.9,"brake":0,"onG":0}
{"t":477.8,"ph":"FINAL","s":-638,"agl":41.6,"V":31.54,"Vc":31.85,"thr":0.27,"de":0.255,"flap":0,"pitch":2.6,"thC":1.7,"vs":-1.22,"wK":1,"y":42.7,"hP":36.6,"brake":0,"onG":0}
{"t":478.1,"ph":"FINAL","s":-631,"agl":41.3,"V":31.51,"Vc":31.85,"thr":0.28,"de":0.252,"flap":0,"pitch":2.6,"thC":1.6,"vs":-1.22,"wK":1,"y":42.4,"hP":36.2,"brake":0,"onG":0}
{"t":478.4,"ph":"FINAL","s":-624,"agl":41,"V":31.48,"Vc":31.85,"thr":0.29,"de":0.249,"flap":0,"pitch":2.7,"thC":1.5,"vs":-1.23,"wK":1,"y":42.1,"hP":35.9,"brake":0,"onG":0}
{"t":478.6,"ph":"FINAL","s":-617,"agl":40.7,"V":31.46,"Vc":31.85,"thr":0.29,"de":0.247,"flap":0,"pitch":2.7,"thC":1.4,"vs":-1.25,"wK":1,"y":41.7,"hP":35.6,"brake":0,"onG":0}
{"t":478.9,"ph":"FINAL","s":-609,"agl":40.3,"V":31.46,"Vc":31.85,"thr":0.3,"de":0.246,"flap":0,"pitch":2.7,"thC":1.4,"vs":-1.25,"wK":1,"y":41.4,"hP":35.2,"brake":0,"onG":0}
{"t":479.2,"ph":"FINAL","s":-602,"agl":40,"V":31.46,"Vc":31.85,"thr":0.3,"de":0.246,"flap":0,"pitch":2.7,"thC":1.4,"vs":-1.25,"wK":1,"y":41.1,"hP":34.9,"brake":0,"onG":0}
{"t":479.4,"ph":"FINAL","s":-595,"agl":39.7,"V":31.47,"Vc":31.85,"thr":0.29,"de":0.246,"flap":0,"pitch":2.7,"thC":1.4,"vs":-1.25,"wK":1,"y":40.8,"hP":34.6,"brake":0,"onG":0}
{"t":479.7,"ph":"FINAL","s":-587,"agl":39.3,"V":31.48,"Vc":31.85,"thr":0.29,"de":0.247,"flap":0,"pitch":2.7,"thC":1.4,"vs":-1.24,"wK":1,"y":40.4,"hP":34.2,"brake":0,"onG":0}
{"t":480,"ph":"FINAL","s":-580,"agl":39,"V":31.47,"Vc":31.85,"thr":0.29,"de":0.246,"flap":0,"pitch":2.7,"thC":1.4,"vs":-1.23,"wK":1,"y":40.1,"hP":33.9,"brake":0,"onG":0}
{"t":480.2,"ph":"FINAL","s":-573,"agl":38.7,"V":31.46,"Vc":31.85,"thr":0.3,"de":0.244,"flap":0,"pitch":2.7,"thC":1.3,"vs":-1.24,"wK":1,"y":39.8,"hP":33.6,"brake":0,"onG":0}
{"t":480.5,"ph":"FINAL","s":-565,"agl":38.3,"V":31.44,"Vc":31.85,"thr":0.3,"de":0.242,"flap":0,"pitch":2.7,"thC":1.2,"vs":-1.24,"wK":1,"y":39.4,"hP":33.2,"brake":0,"onG":0}
{"t":480.8,"ph":"FINAL","s":-558,"agl":38,"V":31.42,"Vc":31.85,"thr":0.31,"de":0.239,"flap":0,"pitch":2.7,"thC":1.1,"vs":-1.25,"wK":1,"y":39.1,"hP":32.9,"brake":0,"onG":0}
{"t":481,"ph":"FINAL","s":-551,"agl":37.7,"V":31.41,"Vc":31.85,"thr":0.31,"de":0.238,"flap":0,"pitch":2.7,"thC":1.1,"vs":-1.26,"wK":1,"y":38.8,"hP":32.5,"brake":0,"onG":0}
{"t":481.3,"ph":"FINAL","s":-543,"agl":37.3,"V":31.41,"Vc":31.85,"thr":0.31,"de":0.237,"flap":0,"pitch":2.7,"thC":1.1,"vs":-1.26,"wK":1,"y":38.4,"hP":32.2,"brake":0,"onG":0}
{"t":481.6,"ph":"FINAL","s":-536,"agl":37,"V":31.42,"Vc":31.85,"thr":0.31,"de":0.238,"flap":0,"pitch":2.7,"thC":1.1,"vs":-1.26,"wK":1,"y":38.1,"hP":31.9,"brake":0,"onG":0}
{"t":481.8,"ph":"FINAL","s":-528,"agl":36.7,"V":31.44,"Vc":31.85,"thr":0.31,"de":0.239,"flap":0,"pitch":2.7,"thC":1.1,"vs":-1.25,"wK":1,"y":37.8,"hP":31.5,"brake":0,"onG":0}
{"t":482.1,"ph":"FINAL","s":-521,"agl":36.3,"V":31.46,"Vc":31.85,"thr":0.3,"de":0.24,"flap":0,"pitch":2.6,"thC":1.1,"vs":-1.24,"wK":1,"y":37.4,"hP":31.2,"brake":0,"onG":0}
{"t":482.4,"ph":"FINAL","s":-513,"agl":36,"V":31.46,"Vc":31.85,"thr":0.3,"de":0.239,"flap":0,"pitch":2.6,"thC":1.1,"vs":-1.24,"wK":1,"y":37.1,"hP":30.8,"brake":0,"onG":0}
{"t":482.6,"ph":"FINAL","s":-505,"agl":35.7,"V":31.45,"Vc":31.85,"thr":0.3,"de":0.238,"flap":0,"pitch":2.5,"thC":1,"vs":-1.24,"wK":1,"y":36.8,"hP":30.5,"brake":0,"onG":0}
{"t":482.9,"ph":"FINAL","s":-498,"agl":35.3,"V":31.43,"Vc":31.85,"thr":0.31,"de":0.236,"flap":0,"pitch":2.5,"thC":0.9,"vs":-1.25,"wK":1,"y":36.4,"hP":30.1,"brake":0,"onG":0}
{"t":483.2,"ph":"FINAL","s":-490,"agl":35,"V":31.43,"Vc":31.85,"thr":0.31,"de":0.234,"flap":0,"pitch":2.5,"thC":0.9,"vs":-1.27,"wK":1,"y":36.1,"hP":29.8,"brake":0,"onG":0}
{"t":483.4,"ph":"FINAL","s":-483,"agl":34.7,"V":31.48,"Vc":31.85,"thr":0.3,"de":0.235,"flap":0,"pitch":2.5,"thC":1,"vs":-1.29,"wK":1,"y":35.8,"hP":29.4,"brake":0,"onG":0}
{"t":483.7,"ph":"FINAL","s":-475,"agl":34.3,"V":31.53,"Vc":31.85,"thr":0.29,"de":0.237,"flap":0,"pitch":2.5,"thC":1.2,"vs":-1.3,"wK":1,"y":35.4,"hP":29.1,"brake":0,"onG":0}
{"t":484,"ph":"FINAL","s":-467,"agl":34,"V":31.59,"Vc":31.85,"thr":0.28,"de":0.239,"flap":0,"pitch":2.5,"thC":1.4,"vs":-1.31,"wK":1,"y":35.1,"hP":28.7,"brake":0,"onG":0}
{"t":484.2,"ph":"FINAL","s":-459,"agl":33.6,"V":31.64,"Vc":31.85,"thr":0.26,"de":0.242,"flap":0,"pitch":2.5,"thC":1.5,"vs":-1.32,"wK":1,"y":34.7,"hP":28.4,"brake":0,"onG":0}
{"t":484.5,"ph":"FINAL","s":-452,"agl":33.3,"V":31.7,"Vc":31.85,"thr":0.25,"de":0.245,"flap":0,"pitch":2.5,"thC":1.6,"vs":-1.32,"wK":1,"y":34.4,"hP":28,"brake":0,"onG":0}
{"t":484.8,"ph":"FINAL","s":-444,"agl":32.9,"V":31.74,"Vc":31.85,"thr":0.24,"de":0.248,"flap":0,"pitch":2.4,"thC":1.7,"vs":-1.32,"wK":1,"y":34,"hP":27.6,"brake":0,"onG":0}
{"t":485,"ph":"FINAL","s":-436,"agl":32.6,"V":31.76,"Vc":31.85,"thr":0.24,"de":0.248,"flap":0,"pitch":2.4,"thC":1.8,"vs":-1.32,"wK":1,"y":33.7,"hP":27.3,"brake":0,"onG":0}
{"t":485.3,"ph":"FINAL","s":-428,"agl":32.2,"V":31.78,"Vc":31.85,"thr":0.23,"de":0.248,"flap":0,"pitch":2.4,"thC":1.8,"vs":-1.33,"wK":1,"y":33.3,"hP":26.9,"brake":0,"onG":0}
{"t":485.6,"ph":"FINAL","s":-421,"agl":31.8,"V":31.78,"Vc":31.85,"thr":0.23,"de":0.247,"flap":0,"pitch":2.3,"thC":1.8,"vs":-1.34,"wK":1,"y":32.9,"hP":26.6,"brake":0,"onG":0}
{"t":485.8,"ph":"FINAL","s":-413,"agl":31.5,"V":31.79,"Vc":31.85,"thr":0.23,"de":0.246,"flap":0,"pitch":2.3,"thC":1.8,"vs":-1.35,"wK":1,"y":32.6,"hP":26.2,"brake":0,"onG":0}
{"t":486.1,"ph":"FINAL","s":-405,"agl":31.1,"V":31.8,"Vc":31.85,"thr":0.23,"de":0.246,"flap":0,"pitch":2.4,"thC":1.8,"vs":-1.36,"wK":1,"y":32.2,"hP":25.9,"brake":0,"onG":0}
{"t":486.4,"ph":"FINAL","s":-397,"agl":30.8,"V":31.82,"Vc":31.85,"thr":0.23,"de":0.247,"flap":0,"pitch":2.4,"thC":1.9,"vs":-1.37,"wK":1,"y":31.9,"hP":25.5,"brake":0,"onG":0}
{"t":486.6,"ph":"FINAL","s":-389,"agl":30.4,"V":31.85,"Vc":31.85,"thr":0.22,"de":0.249,"flap":0,"pitch":2.3,"thC":1.9,"vs":-1.36,"wK":1,"y":31.5,"hP":25.1,"brake":0,"onG":0}
{"t":486.9,"ph":"FINAL","s":-382,"agl":30,"V":31.88,"Vc":31.85,"thr":0.21,"de":0.251,"flap":0,"pitch":2.3,"thC":2,"vs":-1.36,"wK":1,"y":31.1,"hP":24.8,"brake":0,"onG":0}
{"t":487.2,"ph":"FINAL","s":-374,"agl":29.7,"V":31.91,"Vc":31.85,"thr":0.21,"de":0.254,"flap":0,"pitch":2.3,"thC":2.1,"vs":-1.34,"wK":1,"y":30.8,"hP":24.4,"brake":0,"onG":0}
{"t":487.4,"ph":"FINAL","s":-366,"agl":29.3,"V":31.93,"Vc":31.85,"thr":0.2,"de":0.254,"flap":0,"pitch":2.2,"thC":2.1,"vs":-1.34,"wK":1,"y":30.4,"hP":24.1,"brake":0,"onG":0}
{"t":487.7,"ph":"FINAL","s":-358,"agl":29,"V":31.93,"Vc":31.85,"thr":0.2,"de":0.253,"flap":0,"pitch":2.2,"thC":2.1,"vs":-1.34,"wK":1,"y":30.1,"hP":23.7,"brake":0,"onG":0}
{"t":488,"ph":"FINAL","s":-350,"agl":28.6,"V":31.92,"Vc":31.85,"thr":0.21,"de":0.252,"flap":0,"pitch":2.2,"thC":2,"vs":-1.35,"wK":1,"y":29.7,"hP":23.3,"brake":0,"onG":0}
{"t":488.2,"ph":"FINAL","s":-342,"agl":28.2,"V":31.91,"Vc":31.85,"thr":0.21,"de":0.25,"flap":0,"pitch":2.2,"thC":2,"vs":-1.37,"wK":1,"y":29.3,"hP":23,"brake":0,"onG":0}
{"t":488.5,"ph":"FINAL","s":-334,"agl":26.8,"V":31.78,"Vc":31.85,"thr":0.25,"de":0.242,"flap":0,"pitch":2.3,"thC":1.6,"vs":-1.38,"wK":1,"y":29,"hP":22.6,"brake":0,"onG":0}
{"t":488.8,"ph":"FINAL","s":-327,"agl":24,"V":31.75,"Vc":31.85,"thr":0.25,"de":0.24,"flap":0,"pitch":2.3,"thC":1.5,"vs":-1.39,"wK":1,"y":28.6,"hP":22.2,"brake":0,"onG":0}
{"t":489,"ph":"FINAL","s":-319,"agl":20.8,"V":31.72,"Vc":31.85,"thr":0.26,"de":0.239,"flap":0,"pitch":2.3,"thC":1.5,"vs":-1.39,"wK":1,"y":28.2,"hP":21.9,"brake":0,"onG":0}
{"t":489.3,"ph":"FINAL","s":-311,"agl":17.6,"V":31.7,"Vc":31.85,"thr":0.27,"de":0.239,"flap":0,"pitch":2.3,"thC":1.4,"vs":-1.39,"wK":1,"y":27.9,"hP":21.5,"brake":0,"onG":0}
{"t":489.6,"ph":"FINAL","s":-303,"agl":14.7,"V":31.68,"Vc":31.85,"thr":0.27,"de":0.239,"flap":0,"pitch":2.3,"thC":1.3,"vs":-1.38,"wK":1,"y":27.5,"hP":21.1,"brake":0,"onG":0}
{"t":489.8,"ph":"FINAL","s":-295,"agl":12.3,"V":31.67,"Vc":31.85,"thr":0.28,"de":0.239,"flap":0,"pitch":2.3,"thC":1.3,"vs":-1.37,"wK":1,"y":27.1,"hP":20.8,"brake":0,"onG":0}
{"t":490.1,"ph":"FINAL","s":-287,"agl":10.6,"V":31.67,"Vc":31.85,"thr":0.28,"de":0.239,"flap":0,"pitch":2.3,"thC":1.3,"vs":-1.37,"wK":1,"y":26.8,"hP":20.4,"brake":0,"onG":0}
{"t":490.4,"ph":"FINAL","s":-279,"agl":9.6,"V":31.69,"Vc":31.85,"thr":0.27,"de":0.24,"flap":0,"pitch":2.2,"thC":1.4,"vs":-1.38,"wK":1,"y":26.4,"hP":20,"brake":0,"onG":0}
{"t":490.6,"ph":"FINAL","s":-271,"agl":9,"V":31.72,"Vc":31.85,"thr":0.26,"de":0.241,"flap":0,"pitch":2.2,"thC":1.5,"vs":-1.38,"wK":1,"y":26,"hP":19.7,"brake":0,"onG":0}
{"t":490.9,"ph":"FINAL","s":-263,"agl":8.6,"V":31.75,"Vc":31.85,"thr":0.26,"de":0.242,"flap":0,"pitch":2.2,"thC":1.6,"vs":-1.39,"wK":1,"y":25.6,"hP":19.3,"brake":0,"onG":0}
{"t":491.2,"ph":"FINAL","s":-255,"agl":8.1,"V":31.78,"Vc":31.85,"thr":0.25,"de":0.243,"flap":0,"pitch":2.2,"thC":1.7,"vs":-1.4,"wK":1,"y":25.3,"hP":18.9,"brake":0,"onG":0}
{"t":491.4,"ph":"FINAL","s":-247,"agl":7.6,"V":31.81,"Vc":31.85,"thr":0.24,"de":0.245,"flap":0,"pitch":2.2,"thC":1.8,"vs":-1.4,"wK":1,"y":24.9,"hP":18.6,"brake":0,"onG":0}
{"t":491.7,"ph":"FINAL","s":-238,"agl":7,"V":31.84,"Vc":31.85,"thr":0.24,"de":0.247,"flap":0,"pitch":2.2,"thC":1.9,"vs":-1.4,"wK":1,"y":24.5,"hP":18.2,"brake":0,"onG":0}
{"t":492,"ph":"FINAL","s":-230,"agl":6.5,"V":31.86,"Vc":31.85,"thr":0.23,"de":0.249,"flap":0,"pitch":2.2,"thC":2,"vs":-1.39,"wK":1,"y":24.2,"hP":17.8,"brake":0,"onG":0}
{"t":492.2,"ph":"FLARE","s":-222,"agl":6,"V":31.83,"Vc":null,"thr":0,"de":0.228,"flap":0,"pitch":2.1,"thC":null,"vs":-1.42,"wK":null,"y":23.8,"hP":null,"brake":0,"onG":0}
{"t":492.5,"ph":"FLARE","s":-214,"agl":5.4,"V":31.67,"Vc":null,"thr":0,"de":0.302,"flap":0,"pitch":1.4,"thC":null,"vs":-1.59,"wK":null,"y":23.4,"hP":null,"brake":0,"onG":0}
{"t":492.8,"ph":"FLARE","s":-206,"agl":4.8,"V":31.56,"Vc":null,"thr":0.12,"de":0.35,"flap":0,"pitch":1.3,"thC":null,"vs":-1.82,"wK":null,"y":22.9,"hP":null,"brake":0,"onG":0}
{"t":493,"ph":"FLARE","s":-198,"agl":4.1,"V":31.48,"Vc":null,"thr":0.12,"de":0.35,"flap":0,"pitch":2.1,"thC":null,"vs":-1.85,"wK":null,"y":22.4,"hP":null,"brake":0,"onG":0}
{"t":493.3,"ph":"FLARE","s":-190,"agl":3.5,"V":31.37,"Vc":null,"thr":0.12,"de":0.35,"flap":0,"pitch":2.9,"thC":null,"vs":-1.69,"wK":null,"y":22,"hP":null,"brake":0,"onG":0}
{"t":493.6,"ph":"FLARE","s":-182,"agl":2.9,"V":31.25,"Vc":null,"thr":0.12,"de":0.35,"flap":0,"pitch":3.3,"thC":null,"vs":-1.5,"wK":null,"y":21.5,"hP":null,"brake":0,"onG":0}
{"t":493.8,"ph":"FLARE","s":-174,"agl":2.4,"V":31.13,"Vc":null,"thr":0.12,"de":0.35,"flap":0,"pitch":3.3,"thC":null,"vs":-1.38,"wK":null,"y":21.2,"hP":null,"brake":0,"onG":0}
{"t":494.1,"ph":"FLARE","s":-166,"agl":1.9,"V":31.01,"Vc":null,"thr":0.12,"de":0.35,"flap":0,"pitch":3.2,"thC":null,"vs":-1.32,"wK":null,"y":20.8,"hP":null,"brake":0,"onG":0}
{"t":494.4,"ph":"FLARE","s":-158,"agl":1.3,"V":30.9,"Vc":null,"thr":0.12,"de":0.35,"flap":0,"pitch":3,"thC":null,"vs":-1.32,"wK":null,"y":20.4,"hP":null,"brake":0,"onG":0}
{"t":494.6,"ph":"FLARE","s":-150,"agl":0.8,"V":30.79,"Vc":null,"thr":0.12,"de":0.35,"flap":0,"pitch":2.7,"thC":null,"vs":-1.36,"wK":null,"y":20.1,"hP":null,"brake":0,"onG":0}
{"t":494.9,"ph":"FLARE","s":-142,"agl":0.2,"V":30.67,"Vc":null,"thr":0.12,"de":0.35,"flap":0,"pitch":2.3,"thC":null,"vs":-1.45,"wK":null,"y":19.7,"hP":null,"brake":0,"onG":0}
{"t":495.2,"ph":"ROLLOUT","s":-134,"agl":-0.1,"V":30.32,"Vc":null,"thr":0,"de":0.35,"flap":0,"pitch":-0.2,"thC":null,"vs":1.9,"wK":null,"y":19.7,"hP":null,"brake":0.04,"onG":3}
{"t":495.4,"ph":"ROLLOUT","s":-126,"agl":0,"V":30.1,"Vc":null,"thr":0,"de":0.208,"flap":0,"pitch":0.5,"thC":null,"vs":0.08,"wK":null,"y":19.9,"hP":null,"brake":0.07,"onG":3}
{"t":495.7,"ph":"ROLLOUT","s":-118,"agl":-0.1,"V":29.76,"Vc":null,"thr":0,"de":0.198,"flap":0,"pitch":1.4,"thC":null,"vs":1.9,"wK":null,"y":20.2,"hP":null,"brake":0.13,"onG":3}
{"t":496,"ph":"ROLLOUT","s":-111,"agl":0.2,"V":29.51,"Vc":null,"thr":0,"de":0.091,"flap":0,"pitch":3.3,"thC":null,"vs":1.02,"wK":null,"y":20.6,"hP":null,"brake":0.16,"onG":0}
{"t":496.2,"ph":"ROLLOUT","s":-103,"agl":0.3,"V":29.31,"Vc":null,"thr":0,"de":0.152,"flap":0,"pitch":3.5,"thC":null,"vs":0.17,"wK":null,"y":20.8,"hP":null,"brake":0.16,"onG":0}
{"t":496.5,"ph":"ROLLOUT","s":-95,"agl":-0.1,"V":28.95,"Vc":null,"thr":0,"de":0.247,"flap":0,"pitch":2.1,"thC":null,"vs":0.91,"wK":null,"y":20.8,"hP":null,"brake":0.18,"onG":3}
{"t":496.8,"ph":"ROLLOUT","s":-88,"agl":0,"V":28.67,"Vc":null,"thr":0,"de":0.209,"flap":0,"pitch":0.4,"thC":null,"vs":0.72,"wK":null,"y":21.1,"hP":null,"brake":0.24,"onG":3}
{"t":497,"ph":"ROLLOUT","s":-81,"agl":0,"V":28.31,"Vc":null,"thr":0,"de":0.149,"flap":0,"pitch":1.7,"thC":null,"vs":1.11,"wK":null,"y":21.4,"hP":null,"brake":0.31,"onG":3}
{"t":497.3,"ph":"ROLLOUT","s":-73,"agl":0,"V":27.98,"Vc":null,"thr":0,"de":0.182,"flap":0,"pitch":1.1,"thC":null,"vs":1.1,"wK":null,"y":21.6,"hP":null,"brake":0.37,"onG":3}
{"t":497.6,"ph":"ROLLOUT","s":-66,"agl":0,"V":27.63,"Vc":null,"thr":0,"de":0.134,"flap":0,"pitch":1.5,"thC":null,"vs":0.97,"wK":null,"y":21.9,"hP":null,"brake":0.44,"onG":3}
{"t":497.8,"ph":"ROLLOUT","s":-59,"agl":0,"V":27.23,"Vc":null,"thr":0,"de":0.181,"flap":0,"pitch":1.2,"thC":null,"vs":0.97,"wK":null,"y":22.2,"hP":null,"brake":0.5,"onG":3}
{"t":498.1,"ph":"ROLLOUT","s":-52,"agl":0,"V":26.81,"Vc":null,"thr":0,"de":0.158,"flap":0,"pitch":1.2,"thC":null,"vs":0.95,"wK":null,"y":22.4,"hP":null,"brake":0.56,"onG":3}
{"t":498.4,"ph":"ROLLOUT","s":-45,"agl":0,"V":26.37,"Vc":null,"thr":0,"de":0.171,"flap":0,"pitch":1.1,"thC":null,"vs":0.93,"wK":null,"y":22.7,"hP":null,"brake":0.63,"onG":3}
{"t":498.6,"ph":"ROLLOUT","s":-38,"agl":0,"V":25.92,"Vc":null,"thr":0,"de":0.162,"flap":0,"pitch":1.1,"thC":null,"vs":0.92,"wK":null,"y":22.9,"hP":null,"brake":0.69,"onG":3}
{"t":498.9,"ph":"ROLLOUT","s":-32,"agl":0,"V":25.45,"Vc":null,"thr":0,"de":0.167,"flap":0,"pitch":1.1,"thC":null,"vs":0.9,"wK":null,"y":23.2,"hP":null,"brake":0.76,"onG":3}
{"t":499.2,"ph":"ROLLOUT","s":-25,"agl":0,"V":24.98,"Vc":null,"thr":0,"de":0.166,"flap":0,"pitch":1.1,"thC":null,"vs":0.88,"wK":null,"y":23.4,"hP":null,"brake":0.82,"onG":3}
{"t":499.4,"ph":"ROLLOUT","s":-19,"agl":0,"V":24.48,"Vc":null,"thr":0,"de":0.167,"flap":0,"pitch":1,"thC":null,"vs":0.86,"wK":null,"y":23.6,"hP":null,"brake":0.88,"onG":3}
{"t":499.7,"ph":"ROLLOUT","s":-12,"agl":0,"V":23.97,"Vc":null,"thr":0,"de":0.168,"flap":0,"pitch":1,"thC":null,"vs":0.84,"wK":null,"y":23.9,"hP":null,"brake":0.95,"onG":3}
{"t":500,"ph":"ROLLOUT","s":-6,"agl":0,"V":23.44,"Vc":null,"thr":0,"de":0.168,"flap":0,"pitch":1,"thC":null,"vs":0.82,"wK":null,"y":24.1,"hP":null,"brake":1,"onG":3}
{"t":500.2,"ph":"ROLLOUT","s":0,"agl":0,"V":22.89,"Vc":null,"thr":0,"de":0.168,"flap":0,"pitch":0.9,"thC":null,"vs":0.8,"wK":null,"y":24.3,"hP":null,"brake":1,"onG":3}
{"t":500.5,"ph":"ROLLOUT","s":5,"agl":0,"V":22.34,"Vc":null,"thr":0,"de":0.168,"flap":0,"pitch":0.9,"thC":null,"vs":0.78,"wK":null,"y":24.5,"hP":null,"brake":1,"onG":3}
{"t":500.8,"ph":"ROLLOUT","s":11,"agl":0,"V":21.78,"Vc":null,"thr":0,"de":0.15,"flap":0,"pitch":0.9,"thC":null,"vs":0.76,"wK":null,"y":24.7,"hP":null,"brake":1,"onG":3}
{"t":501,"ph":"ROLLOUT","s":17,"agl":0,"V":21.23,"Vc":null,"thr":0,"de":0.15,"flap":0,"pitch":0.9,"thC":null,"vs":0.74,"wK":null,"y":24.9,"hP":null,"brake":1,"onG":3}
{"t":501.3,"ph":"ROLLOUT","s":22,"agl":0,"V":20.68,"Vc":null,"thr":0,"de":0.15,"flap":0,"pitch":0.9,"thC":null,"vs":0.72,"wK":null,"y":25.1,"hP":null,"brake":1,"onG":3}
{"t":501.6,"ph":"ROLLOUT","s":27,"agl":0,"V":20.14,"Vc":null,"thr":0,"de":0.15,"flap":0,"pitch":0.8,"thC":null,"vs":0.7,"wK":null,"y":25.3,"hP":null,"brake":1,"onG":3}
{"t":501.8,"ph":"ROLLOUT","s":32,"agl":0,"V":19.6,"Vc":null,"thr":0,"de":0.15,"flap":0,"pitch":0.8,"thC":null,"vs":0.68,"wK":null,"y":25.5,"hP":null,"brake":1,"onG":3}
{"t":502.1,"ph":"ROLLOUT","s":37,"agl":0,"V":19.06,"Vc":null,"thr":0,"de":0.15,"flap":0,"pitch":0.8,"thC":null,"vs":0.66,"wK":null,"y":25.7,"hP":null,"brake":1,"onG":3}
{"t":502.4,"ph":"ROLLOUT","s":42,"agl":0,"V":18.52,"Vc":null,"thr":0,"de":0.15,"flap":0,"pitch":0.8,"thC":null,"vs":0.64,"wK":null,"y":25.8,"hP":null,"brake":1,"onG":3}
{"t":502.6,"ph":"ROLLOUT","s":47,"agl":0,"V":17.97,"Vc":null,"thr":0,"de":0.15,"flap":0,"pitch":0.8,"thC":null,"vs":0.62,"wK":null,"y":26,"hP":null,"brake":1,"onG":3}
{"t":502.9,"ph":"ROLLOUT","s":51,"agl":0,"V":17.41,"Vc":null,"thr":0,"de":0.15,"flap":0,"pitch":0.8,"thC":null,"vs":0.6,"wK":null,"y":26.2,"hP":null,"brake":1,"onG":3}
{"t":503.2,"ph":"ROLLOUT","s":55,"agl":0,"V":16.85,"Vc":null,"thr":0,"de":0.15,"flap":0,"pitch":0.8,"thC":null,"vs":0.58,"wK":null,"y":26.3,"hP":null,"brake":1,"onG":3}
{"t":503.4,"ph":"ROLLOUT","s":60,"agl":0,"V":16.29,"Vc":null,"thr":0,"de":0.15,"flap":0,"pitch":0.8,"thC":null,"vs":0.58,"wK":null,"y":26.5,"hP":null,"brake":1,"onG":3}
{"t":503.7,"ph":"ROLLOUT","s":64,"agl":0,"V":15.73,"Vc":null,"thr":0,"de":0.15,"flap":0,"pitch":0.8,"thC":null,"vs":0.55,"wK":null,"y":26.6,"hP":null,"brake":1,"onG":3}
{"t":504,"ph":"ROLLOUT","s":68,"agl":0,"V":15.19,"Vc":null,"thr":0,"de":0.15,"flap":0,"pitch":0.8,"thC":null,"vs":0.54,"wK":null,"y":26.8,"hP":null,"brake":1,"onG":3}
{"t":504.2,"ph":"ROLLOUT","s":71,"agl":0,"V":14.65,"Vc":null,"thr":0,"de":0.15,"flap":0,"pitch":0.8,"thC":null,"vs":0.52,"wK":null,"y":26.9,"hP":null,"brake":1,"onG":3}
{"t":504.5,"ph":"ROLLOUT","s":75,"agl":0,"V":14.12,"Vc":null,"thr":0,"de":0.15,"flap":0,"pitch":0.8,"thC":null,"vs":0.49,"wK":null,"y":27.1,"hP":null,"brake":1,"onG":3}
{"t":504.8,"ph":"ROLLOUT","s":78,"agl":0,"V":13.58,"Vc":null,"thr":0,"de":0.15,"flap":0,"pitch":0.7,"thC":null,"vs":0.47,"wK":null,"y":27.2,"hP":null,"brake":1,"onG":3}
{"t":505,"ph":"ROLLOUT","s":82,"agl":0,"V":13.03,"Vc":null,"thr":0,"de":0.15,"flap":0,"pitch":0.7,"thC":null,"vs":0.44,"wK":null,"y":27.3,"hP":null,"brake":1,"onG":3}
{"t":505.3,"ph":"ROLLOUT","s":85,"agl":0,"V":12.47,"Vc":null,"thr":0,"de":0.15,"flap":0,"pitch":0.6,"thC":null,"vs":0.42,"wK":null,"y":27.4,"hP":null,"brake":1,"onG":3}
{"t":505.6,"ph":"ROLLOUT","s":88,"agl":0,"V":11.91,"Vc":null,"thr":0,"de":0.15,"flap":0,"pitch":0.6,"thC":null,"vs":0.39,"wK":null,"y":27.5,"hP":null,"brake":1,"onG":3}
{"t":505.8,"ph":"ROLLOUT","s":91,"agl":0,"V":11.35,"Vc":null,"thr":0,"de":0.15,"flap":0,"pitch":0.5,"thC":null,"vs":0.37,"wK":null,"y":27.6,"hP":null,"brake":1,"onG":3}
{"t":506.1,"ph":"ROLLOUT","s":94,"agl":0,"V":10.79,"Vc":null,"thr":0,"de":0.15,"flap":0,"pitch":0.6,"thC":null,"vs":0.34,"wK":null,"y":27.7,"hP":null,"brake":1,"onG":3}
{"t":506.4,"ph":"ROLLOUT","s":96,"agl":0,"V":10.25,"Vc":null,"thr":0,"de":0.15,"flap":0,"pitch":0.4,"thC":null,"vs":0.32,"wK":null,"y":27.8,"hP":null,"brake":1,"onG":3}
{"t":506.6,"ph":"ROLLOUT","s":99,"agl":0,"V":9.71,"Vc":null,"thr":0,"de":0.15,"flap":0,"pitch":0.5,"thC":null,"vs":0.29,"wK":null,"y":27.9,"hP":null,"brake":1,"onG":3}
{"t":506.9,"ph":"ROLLOUT","s":101,"agl":0,"V":9.16,"Vc":null,"thr":0,"de":0.15,"flap":0,"pitch":0.3,"thC":null,"vs":0.26,"wK":null,"y":28,"hP":null,"brake":1,"onG":3}
{"t":507.2,"ph":"ROLLOUT","s":103,"agl":0,"V":8.62,"Vc":null,"thr":0,"de":0.15,"flap":0,"pitch":0.3,"thC":null,"vs":0.26,"wK":null,"y":28,"hP":null,"brake":1,"onG":3}
{"t":507.4,"ph":"ROLLOUT","s":105,"agl":0,"V":8.05,"Vc":null,"thr":0,"de":0.15,"flap":0,"pitch":0.4,"thC":null,"vs":0.22,"wK":null,"y":28.1,"hP":null,"brake":1,"onG":3}
{"t":507.7,"ph":"ROLLOUT","s":107,"agl":0,"V":7.49,"Vc":null,"thr":0,"de":0.15,"flap":0,"pitch":0.2,"thC":null,"vs":0.2,"wK":null,"y":28.2,"hP":null,"brake":1,"onG":3}
{"t":508,"ph":"ROLLOUT","s":109,"agl":0,"V":6.93,"Vc":null,"thr":0,"de":0.15,"flap":0,"pitch":0.3,"thC":null,"vs":0.19,"wK":null,"y":28.2,"hP":null,"brake":1,"onG":3}
{"t":508.2,"ph":"ROLLOUT","s":110,"agl":0,"V":6.36,"Vc":null,"thr":0,"de":0.15,"flap":0,"pitch":0.2,"thC":null,"vs":0.17,"wK":null,"y":28.3,"hP":null,"brake":1,"onG":3}
{"t":508.5,"ph":"ROLLOUT","s":112,"agl":0,"V":5.81,"Vc":null,"thr":0,"de":0.15,"flap":0,"pitch":0.2,"thC":null,"vs":0.15,"wK":null,"y":28.3,"hP":null,"brake":1,"onG":3}
{"t":508.8,"ph":"ROLLOUT","s":113,"agl":0,"V":5.27,"Vc":null,"thr":0,"de":0.15,"flap":0,"pitch":0.2,"thC":null,"vs":0.13,"wK":null,"y":28.3,"hP":null,"brake":1,"onG":3}
{"t":509,"ph":"ROLLOUT","s":114,"agl":0,"V":4.74,"Vc":null,"thr":0,"de":0.15,"flap":0,"pitch":0.2,"thC":null,"vs":0.11,"wK":null,"y":28.4,"hP":null,"brake":1,"onG":3}
{"t":509.3,"ph":"ROLLOUT","s":115,"agl":0,"V":4.2,"Vc":null,"thr":0,"de":0.15,"flap":0,"pitch":0.2,"thC":null,"vs":0.1,"wK":null,"y":28.4,"hP":null,"brake":0.95,"onG":3}
{"t":509.6,"ph":"ROLLOUT","s":116,"agl":0,"V":3.72,"Vc":null,"thr":0,"de":0.15,"flap":0,"pitch":0.2,"thC":null,"vs":0.09,"wK":null,"y":28.4,"hP":null,"brake":0.71,"onG":3}
{"t":509.8,"ph":"ROLLOUT","s":116,"agl":0,"V":3.31,"Vc":null,"thr":0,"de":0.15,"flap":0,"pitch":0.3,"thC":null,"vs":0.07,"wK":null,"y":28.5,"hP":null,"brake":0.51,"onG":3}
{"t":510.1,"ph":"ROLLOUT","s":117,"agl":0,"V":2.98,"Vc":null,"thr":0,"de":0.15,"flap":0,"pitch":0.3,"thC":null,"vs":0.06,"wK":null,"y":28.5,"hP":null,"brake":0.35,"onG":3}
{"t":510.4,"ph":"ROLLOUT","s":118,"agl":0,"V":2.71,"Vc":null,"thr":0,"de":0.15,"flap":0,"pitch":0.4,"thC":null,"vs":0.06,"wK":null,"y":28.5,"hP":null,"brake":0.22,"onG":3}
{"t":510.6,"ph":"ROLLOUT","s":118,"agl":0,"V":2.5,"Vc":null,"thr":0,"de":0.15,"flap":0,"pitch":0.4,"thC":null,"vs":0.05,"wK":null,"y":28.5,"hP":null,"brake":0.12,"onG":3}
{"t":510.9,"ph":"ROLLOUT","s":118,"agl":0,"V":2.34,"Vc":null,"thr":0,"de":0.15,"flap":0,"pitch":0.4,"thC":null,"vs":0.05,"wK":null,"y":28.5,"hP":null,"brake":0.04,"onG":3}
{"t":511.2,"ph":"ROLLOUT","s":119,"agl":0,"V":2.22,"Vc":null,"thr":0,"de":0.15,"flap":0,"pitch":0.5,"thC":null,"vs":0.04,"wK":null,"y":28.5,"hP":null,"brake":0,"onG":3}
{"t":511.4,"ph":"ROLLOUT","s":119,"agl":0,"V":2.12,"Vc":null,"thr":0,"de":0.15,"flap":0,"pitch":0.5,"thC":null,"vs":0.04,"wK":null,"y":28.5,"hP":null,"brake":0,"onG":3}
{"t":511.7,"ph":"ROLLOUT","s":120,"agl":0,"V":2.01,"Vc":null,"thr":0,"de":0.15,"flap":0,"pitch":0.5,"thC":null,"vs":0.03,"wK":null,"y":28.5,"hP":null,"brake":0,"onG":3}
{"t":512,"ph":"ROLLOUT","s":120,"agl":0,"V":1.89,"Vc":null,"thr":0,"de":0.15,"flap":0,"pitch":0.5,"thC":null,"vs":0.03,"wK":null,"y":28.6,"hP":null,"brake":0,"onG":3}
{"t":512.2,"ph":"ROLLOUT","s":120,"agl":0,"V":1.77,"Vc":null,"thr":0,"de":0.15,"flap":0,"pitch":0.5,"thC":null,"vs":0.03,"wK":null,"y":28.6,"hP":null,"brake":0,"onG":3}
{"t":512.5,"ph":"ROLLOUT","s":120,"agl":0,"V":1.64,"Vc":null,"thr":0,"de":0.15,"flap":0,"pitch":0.5,"thC":null,"vs":0.02,"wK":null,"y":28.6,"hP":null,"brake":0,"onG":3}
{"t":512.8,"ph":"ROLLOUT","s":121,"agl":0,"V":1.52,"Vc":null,"thr":0,"de":0.15,"flap":0,"pitch":0.5,"thC":null,"vs":0.02,"wK":null,"y":28.6,"hP":null,"brake":0,"onG":3}
{"t":513,"ph":"ROLLOUT","s":121,"agl":0,"V":1.4,"Vc":null,"thr":0,"de":0.15,"flap":0,"pitch":0.5,"thC":null,"vs":0.02,"wK":null,"y":28.6,"hP":null,"brake":0,"onG":3}
{"t":513.3,"ph":"ROLLOUT","s":121,"agl":0,"V":1.29,"Vc":null,"thr":0,"de":0.15,"flap":0,"pitch":0.5,"thC":null,"vs":0.01,"wK":null,"y":28.6,"hP":null,"brake":0,"onG":3}
appr {"technique":"short","Vref":28.9,"Vbase":28.8,"gust":0.1,"aimIn":31,"flap":0,"len":520,"surface":6,"runNeed":249,"gs":0.046,"reqGs":0.024,"Vheld":31.9,"held":{"Vtd":31.9,"need":365,"needShort":307,"room":393,"grade":0.028},"heldShort":true}
landing {"run":261,"sink":1.48,"V":30.6,"offCentre":-0.1,"pastAim":89,"k":1,"three":false,"onStrip":true,"tdIn":120,"stopLeft":139}
verdicts 184.4 vx-climb: ground ahead above the aeroplane — climbing at Vx 30.8 m/s until clear
  361.5 vref-raised: the elevator cannot hold 28.9 m/s at this power — flying the approach faster
  362.3 held-speed-short-field: the elevator holds 29.7 m/s on this final: the stop from it needs 320 m, 368 m of Tamgas Hill Strip are left past the aim and the float - landing short-field (aim 31 m in, the brakes from the touch)
strip w3 len 520 hdg 165; stopped s 121.1 (ends at +/-260)
damage {"y":0,"b":0,"dent":false,"crashed":false,"gPeak":2.949166708933714}
