mass 887.2 fuel 28 day {"kts":8,"dirDeg":250,"gust":0.15,"refH":10,"breeze":1}
  t 0.0 -> TAXI
  t 164.4 -> STOP
  t 165.4 -> HOLD
  t 167.5 -> ROLL
  t 178.3 -> LIFTOFF
  t 184.4 -> CLIMB
  t 201.6 -> ENROUTE
  t 216.7 -> DOWNWIND
  t 302.5 -> BASE
  t 339.7 -> FINAL
  t 495.4 -> FLARE
  t 498.1 -> ROLLOUT
  t 529.6 -> STOPPED
{"t":339.7,"ph":"FINAL","s":-4039,"agl":193.6,"V":40.17,"Vc":40.9,"thr":0.9,"de":0.11,"flap":0,"pitch":-2,"thC":10.2,"vs":-2.97,"wK":1,"y":239.4,"hP":251.2,"brake":0,"onG":0}
{"t":340,"ph":"FINAL","s":-4039,"agl":192.3,"V":40.05,"Vc":28.87,"thr":0.04,"de":0.068,"flap":0,"pitch":-1.3,"thC":-0.2,"vs":-2.35,"wK":0.87,"y":238.7,"hP":195,"brake":0,"onG":0}
{"t":340.2,"ph":"FINAL","s":-4039,"agl":191.6,"V":39.88,"Vc":28.87,"thr":0.04,"de":0.084,"flap":0,"pitch":-2.3,"thC":-2.1,"vs":-2.22,"wK":0.73,"y":238.1,"hP":195,"brake":0,"onG":0}
{"t":340.5,"ph":"FINAL","s":-4039,"agl":190.6,"V":39.73,"Vc":28.87,"thr":0.04,"de":0.069,"flap":0,"pitch":-3.1,"thC":-3.2,"vs":-2.49,"wK":0.6,"y":237.5,"hP":195,"brake":0,"onG":0}
{"t":340.8,"ph":"FINAL","s":-4039,"agl":188.9,"V":39.59,"Vc":28.87,"thr":0.04,"de":0.058,"flap":0,"pitch":-3.7,"thC":-3.7,"vs":-2.85,"wK":0.5,"y":236.8,"hP":195,"brake":0,"onG":0}
{"t":341,"ph":"FINAL","s":-4039,"agl":187,"V":39.49,"Vc":28.87,"thr":0.04,"de":0.069,"flap":0,"pitch":-4.2,"thC":-3,"vs":-3.24,"wK":0.5,"y":236,"hP":195,"brake":0,"onG":0}
{"t":341.3,"ph":"FINAL","s":-4039,"agl":185.3,"V":39.44,"Vc":28.87,"thr":0.04,"de":0.072,"flap":0,"pitch":-4.4,"thC":-2.4,"vs":-3.57,"wK":0.5,"y":235,"hP":195.1,"brake":0,"onG":0}
{"t":341.6,"ph":"FINAL","s":-4039,"agl":183.4,"V":39.42,"Vc":28.87,"thr":0.04,"de":0.078,"flap":0,"pitch":-4.6,"thC":-1.8,"vs":-3.81,"wK":0.5,"y":234.1,"hP":195.1,"brake":0,"onG":0}
{"t":341.8,"ph":"FINAL","s":-4040,"agl":181,"V":39.43,"Vc":28.87,"thr":0.04,"de":0.083,"flap":0,"pitch":-4.6,"thC":-1.4,"vs":-3.98,"wK":0.5,"y":233,"hP":195.1,"brake":0,"onG":0}
{"t":342.1,"ph":"FINAL","s":-4040,"agl":178.6,"V":39.47,"Vc":28.87,"thr":0.04,"de":0.086,"flap":0,"pitch":-4.6,"thC":-1,"vs":-4.08,"wK":0.5,"y":231.9,"hP":195.1,"brake":0,"onG":0}
{"t":342.4,"ph":"FINAL","s":-4040,"agl":176.4,"V":39.51,"Vc":28.87,"thr":0.04,"de":0.087,"flap":0,"pitch":-4.6,"thC":-0.7,"vs":-4.13,"wK":0.5,"y":230.8,"hP":195.1,"brake":0,"onG":0}
{"t":342.6,"ph":"FINAL","s":-4041,"agl":173.9,"V":39.55,"Vc":28.87,"thr":0.04,"de":0.087,"flap":0,"pitch":-4.5,"thC":-0.5,"vs":-4.13,"wK":0.5,"y":229.7,"hP":195.1,"brake":0,"onG":0}
{"t":342.9,"ph":"FINAL","s":-4041,"agl":171.6,"V":39.58,"Vc":28.87,"thr":0.04,"de":0.086,"flap":0,"pitch":-4.3,"thC":-0.4,"vs":-4.11,"wK":0.5,"y":228.6,"hP":195.1,"brake":0,"onG":0}
{"t":343.2,"ph":"FINAL","s":-4041,"agl":169.6,"V":39.59,"Vc":28.87,"thr":0.04,"de":0.085,"flap":0,"pitch":-4.2,"thC":-0.3,"vs":-4.08,"wK":0.5,"y":227.6,"hP":195.2,"brake":0,"onG":0}
{"t":343.4,"ph":"FINAL","s":-4041,"agl":166.7,"V":39.59,"Vc":28.87,"thr":0.04,"de":0.084,"flap":0,"pitch":-4,"thC":-0.2,"vs":-4.05,"wK":0.5,"y":226.5,"hP":195.2,"brake":0,"onG":0}
{"t":343.7,"ph":"FINAL","s":-4041,"agl":164.7,"V":39.59,"Vc":28.87,"thr":0.04,"de":0.084,"flap":0,"pitch":-3.8,"thC":-0.1,"vs":-4.02,"wK":0.5,"y":225.4,"hP":195.2,"brake":0,"onG":0}
{"t":344,"ph":"FINAL","s":-4041,"agl":163.2,"V":39.6,"Vc":28.87,"thr":0.04,"de":0.085,"flap":0,"pitch":-3.6,"thC":0,"vs":-4,"wK":0.5,"y":224.3,"hP":195.2,"brake":0,"onG":0}
{"t":344.2,"ph":"FINAL","s":-4041,"agl":161.9,"V":39.64,"Vc":28.87,"thr":0.04,"de":0.087,"flap":0,"pitch":-3.4,"thC":0.1,"vs":-3.99,"wK":0.5,"y":223.3,"hP":195.2,"brake":0,"onG":0}
{"t":344.5,"ph":"FINAL","s":-4041,"agl":160.2,"V":39.68,"Vc":28.87,"thr":0.04,"de":0.09,"flap":0,"pitch":-3.3,"thC":0.3,"vs":-3.98,"wK":0.5,"y":222.2,"hP":195.1,"brake":0,"onG":0}
{"t":344.8,"ph":"FINAL","s":-4040,"agl":158.3,"V":39.75,"Vc":28.87,"thr":0.04,"de":0.093,"flap":0,"pitch":-3.2,"thC":0.4,"vs":-3.98,"wK":0.5,"y":221.1,"hP":195.1,"brake":0,"onG":0}
{"t":345,"ph":"FINAL","s":-4040,"agl":156.4,"V":39.81,"Vc":28.87,"thr":0.04,"de":0.097,"flap":0,"pitch":-3.1,"thC":0.6,"vs":-3.98,"wK":0.5,"y":220.1,"hP":195.1,"brake":0,"onG":0}
{"t":345.3,"ph":"FINAL","s":-4039,"agl":155,"V":39.85,"Vc":28.87,"thr":0.04,"de":0.103,"flap":0,"pitch":-3.1,"thC":0.8,"vs":-3.97,"wK":0.5,"y":219,"hP":195,"brake":0,"onG":0}
{"t":345.6,"ph":"FINAL","s":-4037,"agl":153.7,"V":39.88,"Vc":28.87,"thr":0.04,"de":0.113,"flap":0,"pitch":-3.1,"thC":0.9,"vs":-3.95,"wK":0.5,"y":218,"hP":195,"brake":0,"onG":0}
{"t":345.8,"ph":"FINAL","s":-4036,"agl":152.2,"V":39.87,"Vc":28.87,"thr":0.04,"de":0.12,"flap":0,"pitch":-3.2,"thC":0.9,"vs":-3.92,"wK":0.5,"y":216.9,"hP":194.9,"brake":0,"onG":0}
{"t":346.1,"ph":"FINAL","s":-4034,"agl":151,"V":39.84,"Vc":28.87,"thr":0.04,"de":0.128,"flap":0,"pitch":-3.3,"thC":1.5,"vs":-3.87,"wK":0.5,"y":215.9,"hP":194.8,"brake":0,"onG":0}
{"t":346.4,"ph":"FINAL","s":-4032,"agl":150.4,"V":39.8,"Vc":28.87,"thr":0.04,"de":0.13,"flap":0,"pitch":-3.2,"thC":2.1,"vs":-3.81,"wK":0.5,"y":214.8,"hP":194.7,"brake":0,"onG":0}
{"t":346.6,"ph":"FINAL","s":-4030,"agl":149.3,"V":39.76,"Vc":28.87,"thr":0.04,"de":0.131,"flap":0,"pitch":-3.1,"thC":2.7,"vs":-3.75,"wK":0.5,"y":213.8,"hP":194.6,"brake":0,"onG":0}
{"t":346.9,"ph":"FINAL","s":-4027,"agl":146.7,"V":39.72,"Vc":28.87,"thr":0.04,"de":0.134,"flap":0,"pitch":-2.8,"thC":3.3,"vs":-3.69,"wK":0.5,"y":212.8,"hP":194.5,"brake":0,"onG":0}
{"t":347.2,"ph":"FINAL","s":-4024,"agl":144.1,"V":39.7,"Vc":28.87,"thr":0.04,"de":0.139,"flap":0,"pitch":-2.5,"thC":3.8,"vs":-3.63,"wK":0.5,"y":211.9,"hP":194.4,"brake":0,"onG":0}
{"t":347.4,"ph":"FINAL","s":-4021,"agl":142.3,"V":39.68,"Vc":28.87,"thr":0.04,"de":0.146,"flap":0,"pitch":-2.2,"thC":4.4,"vs":-3.54,"wK":0.5,"y":210.9,"hP":194.3,"brake":0,"onG":0}
{"t":347.7,"ph":"FINAL","s":-4018,"agl":140.3,"V":39.66,"Vc":28.87,"thr":0.04,"de":0.153,"flap":0,"pitch":-1.9,"thC":4.9,"vs":-3.42,"wK":0.5,"y":210,"hP":194.1,"brake":0,"onG":0}
{"t":348,"ph":"FINAL","s":-4014,"agl":137,"V":39.6,"Vc":28.87,"thr":0.04,"de":0.159,"flap":0,"pitch":-1.7,"thC":5.3,"vs":-3.28,"wK":0.5,"y":209.1,"hP":193.9,"brake":0,"onG":0}
{"t":348.2,"ph":"FINAL","s":-4011,"agl":131.8,"V":39.52,"Vc":28.87,"thr":0.04,"de":0.164,"flap":0,"pitch":-1.5,"thC":5.5,"vs":-3.13,"wK":0.5,"y":208.2,"hP":193.8,"brake":0,"onG":0}
{"t":348.5,"ph":"FINAL","s":-4007,"agl":128.1,"V":39.4,"Vc":28.87,"thr":0.04,"de":0.167,"flap":0,"pitch":-1.2,"thC":5.8,"vs":-2.97,"wK":0.5,"y":207.4,"hP":193.6,"brake":0,"onG":0}
{"t":348.8,"ph":"FINAL","s":-4002,"agl":124,"V":39.26,"Vc":28.87,"thr":0.04,"de":0.169,"flap":0,"pitch":-1,"thC":6,"vs":-2.83,"wK":0.5,"y":206.6,"hP":193.4,"brake":0,"onG":0}
{"t":349,"ph":"FINAL","s":-3998,"agl":119.2,"V":39.1,"Vc":28.87,"thr":0.04,"de":0.171,"flap":0,"pitch":-0.8,"thC":6.2,"vs":-2.71,"wK":0.5,"y":205.9,"hP":193.2,"brake":0,"onG":0}
{"t":349.3,"ph":"FINAL","s":-3993,"agl":115.7,"V":38.93,"Vc":28.87,"thr":0.04,"de":0.173,"flap":0,"pitch":-0.6,"thC":6.4,"vs":-2.61,"wK":0.5,"y":205.2,"hP":192.9,"brake":0,"onG":0}
{"t":349.6,"ph":"FINAL","s":-3988,"agl":113.1,"V":38.78,"Vc":28.87,"thr":0.04,"de":0.174,"flap":0,"pitch":-0.3,"thC":6.5,"vs":-2.52,"wK":0.5,"y":204.5,"hP":192.7,"brake":0,"onG":0}
{"t":349.8,"ph":"FINAL","s":-3983,"agl":111.4,"V":38.65,"Vc":28.87,"thr":0.04,"de":0.177,"flap":0,"pitch":-0.1,"thC":6.6,"vs":-2.43,"wK":0.5,"y":203.9,"hP":192.5,"brake":0,"onG":0}
{"t":350.1,"ph":"FINAL","s":-3977,"agl":108.7,"V":38.55,"Vc":28.87,"thr":0.04,"de":0.181,"flap":0,"pitch":0,"thC":6.7,"vs":-2.35,"wK":0.5,"y":203.2,"hP":192.2,"brake":0,"onG":0}
{"t":350.4,"ph":"FINAL","s":-3972,"agl":106.1,"V":38.45,"Vc":28.87,"thr":0.04,"de":0.184,"flap":0,"pitch":0.1,"thC":6.8,"vs":-2.26,"wK":0.5,"y":202.6,"hP":192,"brake":0,"onG":0}
{"t":350.6,"ph":"FINAL","s":-3966,"agl":102.9,"V":38.36,"Vc":28.87,"thr":0.04,"de":0.188,"flap":0,"pitch":0.2,"thC":6.9,"vs":-2.18,"wK":0.5,"y":202,"hP":191.7,"brake":0,"onG":0}
{"t":350.9,"ph":"FINAL","s":-3960,"agl":99.6,"V":38.25,"Vc":28.87,"thr":0.04,"de":0.191,"flap":0,"pitch":0.3,"thC":7,"vs":-2.11,"wK":0.5,"y":201.4,"hP":191.4,"brake":0,"onG":0}
{"t":351.2,"ph":"FINAL","s":-3954,"agl":97.7,"V":38.14,"Vc":28.87,"thr":0.04,"de":0.193,"flap":0,"pitch":0.4,"thC":7.1,"vs":-2.04,"wK":0.5,"y":200.9,"hP":191.2,"brake":0,"onG":0}
{"t":351.4,"ph":"FINAL","s":-3948,"agl":98.3,"V":38.02,"Vc":28.87,"thr":0.04,"de":0.195,"flap":0,"pitch":0.5,"thC":7.1,"vs":-2,"wK":0.5,"y":200.4,"hP":190.9,"brake":0,"onG":0}
{"t":351.7,"ph":"FINAL","s":-3941,"agl":99.9,"V":37.88,"Vc":28.87,"thr":0.04,"de":0.197,"flap":0,"pitch":0.6,"thC":7.2,"vs":-1.96,"wK":0.5,"y":199.8,"hP":190.6,"brake":0,"onG":0}
{"t":352,"ph":"FINAL","s":-3935,"agl":101.7,"V":37.75,"Vc":28.87,"thr":0.04,"de":0.199,"flap":0,"pitch":0.7,"thC":7.3,"vs":-1.93,"wK":0.5,"y":199.3,"hP":190.3,"brake":0,"onG":0}
{"t":352.2,"ph":"FINAL","s":-3928,"agl":103.9,"V":37.63,"Vc":28.87,"thr":0.04,"de":0.202,"flap":0,"pitch":0.8,"thC":7.4,"vs":-1.91,"wK":0.5,"y":198.8,"hP":190,"brake":0,"onG":0}
{"t":352.5,"ph":"FINAL","s":-3921,"agl":106.7,"V":37.52,"Vc":28.87,"thr":0.04,"de":0.206,"flap":0,"pitch":0.9,"thC":7.6,"vs":-1.88,"wK":0.5,"y":198.3,"hP":189.7,"brake":0,"onG":0}
{"t":352.8,"ph":"FINAL","s":-3914,"agl":109.8,"V":37.43,"Vc":28.87,"thr":0.04,"de":0.209,"flap":0,"pitch":1,"thC":7.7,"vs":-1.85,"wK":0.5,"y":197.8,"hP":189.3,"brake":0,"onG":0}
{"t":353,"ph":"FINAL","s":-3907,"agl":113,"V":37.35,"Vc":28.87,"thr":0.04,"de":0.214,"flap":0,"pitch":1,"thC":7.8,"vs":-1.81,"wK":0.5,"y":197.3,"hP":189,"brake":0,"onG":0}
{"t":353.3,"ph":"FINAL","s":-3900,"agl":116.1,"V":37.28,"Vc":28.87,"thr":0.04,"de":0.217,"flap":0,"pitch":1.1,"thC":7.9,"vs":-1.78,"wK":0.5,"y":196.8,"hP":188.7,"brake":0,"onG":0}
{"t":353.6,"ph":"FINAL","s":-3893,"agl":118,"V":37.19,"Vc":28.87,"thr":0.04,"de":0.221,"flap":0,"pitch":1.1,"thC":7.9,"vs":-1.74,"wK":0.5,"y":196.4,"hP":188.3,"brake":0,"onG":0}
{"t":353.8,"ph":"FINAL","s":-3885,"agl":118.2,"V":37.07,"Vc":28.87,"thr":0.04,"de":0.223,"flap":0,"pitch":1.1,"thC":8,"vs":-1.72,"wK":0.5,"y":195.9,"hP":188,"brake":0,"onG":0}
{"t":354.1,"ph":"FINAL","s":-3878,"agl":116.8,"V":36.93,"Vc":28.87,"thr":0.04,"de":0.226,"flap":0,"pitch":1.2,"thC":8,"vs":-1.71,"wK":0.5,"y":195.4,"hP":187.7,"brake":0,"onG":0}
{"t":354.4,"ph":"FINAL","s":-3870,"agl":114.2,"V":36.77,"Vc":28.87,"thr":0.04,"de":0.228,"flap":0,"pitch":1.2,"thC":8.1,"vs":-1.72,"wK":0.5,"y":195,"hP":187.3,"brake":0,"onG":0}
{"t":354.6,"ph":"FINAL","s":-3863,"agl":111.8,"V":36.61,"Vc":28.87,"thr":0.04,"de":0.231,"flap":0,"pitch":1.3,"thC":8.2,"vs":-1.74,"wK":0.5,"y":194.5,"hP":187,"brake":0,"onG":0}
{"t":354.9,"ph":"FINAL","s":-3855,"agl":110.2,"V":36.45,"Vc":28.87,"thr":0.04,"de":0.235,"flap":0,"pitch":1.3,"thC":8.4,"vs":-1.76,"wK":0.5,"y":194,"hP":186.6,"brake":0,"onG":0}
{"t":355.2,"ph":"FINAL","s":-3848,"agl":109.2,"V":36.32,"Vc":28.87,"thr":0.04,"de":0.239,"flap":0,"pitch":1.4,"thC":8.5,"vs":-1.77,"wK":0.5,"y":193.6,"hP":186.3,"brake":0,"onG":0}
{"t":355.4,"ph":"FINAL","s":-3840,"agl":109.3,"V":36.21,"Vc":28.87,"thr":0.04,"de":0.244,"flap":0,"pitch":1.4,"thC":8.7,"vs":-1.77,"wK":0.5,"y":193.1,"hP":185.9,"brake":0,"onG":0}
{"t":355.7,"ph":"FINAL","s":-3832,"agl":109.7,"V":36.12,"Vc":28.87,"thr":0.04,"de":0.249,"flap":0,"pitch":1.5,"thC":8.8,"vs":-1.77,"wK":0.5,"y":192.6,"hP":185.6,"brake":0,"onG":0}
{"t":356,"ph":"FINAL","s":-3824,"agl":110.1,"V":36.04,"Vc":28.87,"thr":0.04,"de":0.254,"flap":0,"pitch":1.5,"thC":8.9,"vs":-1.76,"wK":0.5,"y":192.2,"hP":185.2,"brake":0,"onG":0}
{"t":356.2,"ph":"FINAL","s":-3817,"agl":110.3,"V":35.95,"Vc":28.87,"thr":0.04,"de":0.259,"flap":0,"pitch":1.5,"thC":9,"vs":-1.75,"wK":0.5,"y":191.7,"hP":184.8,"brake":0,"onG":0}
{"t":356.5,"ph":"FINAL","s":-3809,"agl":111.1,"V":35.84,"Vc":28.87,"thr":0.04,"de":0.262,"flap":0,"pitch":1.5,"thC":9.1,"vs":-1.74,"wK":0.5,"y":191.2,"hP":184.5,"brake":0,"onG":0}
{"t":356.8,"ph":"FINAL","s":-3801,"agl":112,"V":35.72,"Vc":28.87,"thr":0.04,"de":0.265,"flap":0,"pitch":1.5,"thC":9.3,"vs":-1.74,"wK":0.5,"y":190.8,"hP":184.1,"brake":0,"onG":0}
{"t":357,"ph":"FINAL","s":-3793,"agl":112.9,"V":35.6,"Vc":28.87,"thr":0.04,"de":0.268,"flap":0,"pitch":1.6,"thC":9.4,"vs":-1.74,"wK":0.5,"y":190.3,"hP":183.8,"brake":0,"onG":0}
{"t":357.3,"ph":"FINAL","s":-3786,"agl":113.6,"V":35.46,"Vc":28.87,"thr":0.04,"de":0.27,"flap":0,"pitch":1.7,"thC":9.5,"vs":-1.75,"wK":0.5,"y":189.8,"hP":183.4,"brake":0,"onG":0}
{"t":357.6,"ph":"FINAL","s":-3778,"agl":114.4,"V":35.34,"Vc":28.87,"thr":0.04,"de":0.27,"flap":0,"pitch":1.8,"thC":9.6,"vs":-1.76,"wK":0.5,"y":189.4,"hP":183.1,"brake":0,"onG":0}
{"t":357.8,"ph":"FINAL","s":-3770,"agl":115,"V":35.23,"Vc":28.87,"thr":0.04,"de":0.275,"flap":0,"pitch":1.9,"thC":9.8,"vs":-1.77,"wK":0.5,"y":188.9,"hP":182.7,"brake":0,"onG":0}
{"t":358.1,"ph":"FINAL","s":-3763,"agl":115.2,"V":35.12,"Vc":28.87,"thr":0.04,"de":0.281,"flap":0,"pitch":2,"thC":9.9,"vs":-1.77,"wK":0.5,"y":188.4,"hP":182.4,"brake":0,"onG":0}
{"t":358.4,"ph":"FINAL","s":-3755,"agl":115.4,"V":35.03,"Vc":28.87,"thr":0.04,"de":0.288,"flap":0,"pitch":2,"thC":10.1,"vs":-1.76,"wK":0.5,"y":188,"hP":182,"brake":0,"onG":0}
{"t":358.6,"ph":"FINAL","s":-3748,"agl":115.8,"V":34.93,"Vc":28.87,"thr":0.04,"de":0.295,"flap":0,"pitch":2,"thC":10.2,"vs":-1.75,"wK":0.5,"y":187.5,"hP":181.7,"brake":0,"onG":0}
{"t":358.9,"ph":"FINAL","s":-3740,"agl":116.2,"V":34.82,"Vc":28.87,"thr":0.04,"de":0.299,"flap":0,"pitch":2,"thC":10.2,"vs":-1.74,"wK":0.5,"y":187,"hP":181.3,"brake":0,"onG":0}
{"t":359.2,"ph":"FINAL","s":-3733,"agl":116.3,"V":34.7,"Vc":28.87,"thr":0.04,"de":0.302,"flap":0,"pitch":2,"thC":10.2,"vs":-1.74,"wK":0.5,"y":186.6,"hP":181,"brake":0,"onG":0}
{"t":359.4,"ph":"FINAL","s":-3726,"agl":116.2,"V":34.57,"Vc":28.87,"thr":0.04,"de":0.304,"flap":0,"pitch":2,"thC":10.2,"vs":-1.75,"wK":0.5,"y":186.1,"hP":180.7,"brake":0,"onG":0}
{"t":359.7,"ph":"FINAL","s":-3718,"agl":116.1,"V":34.43,"Vc":28.87,"thr":0.04,"de":0.305,"flap":0,"pitch":2,"thC":10.2,"vs":-1.77,"wK":0.5,"y":185.6,"hP":180.3,"brake":0,"onG":0}
{"t":360,"ph":"FINAL","s":-3711,"agl":116,"V":34.3,"Vc":28.87,"thr":0.04,"de":0.307,"flap":0,"pitch":2,"thC":10.2,"vs":-1.79,"wK":0.5,"y":185.2,"hP":180,"brake":0,"onG":0}
{"t":360.2,"ph":"FINAL","s":-3704,"agl":115.7,"V":34.18,"Vc":28.87,"thr":0.04,"de":0.309,"flap":0,"pitch":2.1,"thC":10.2,"vs":-1.8,"wK":0.5,"y":184.7,"hP":179.7,"brake":0,"onG":0}
{"t":360.5,"ph":"FINAL","s":-3698,"agl":115.3,"V":34.06,"Vc":28.87,"thr":0.04,"de":0.313,"flap":0,"pitch":2.1,"thC":10.2,"vs":-1.8,"wK":0.5,"y":184.2,"hP":179.4,"brake":0,"onG":0}
{"t":360.8,"ph":"FINAL","s":-3691,"agl":114.8,"V":33.95,"Vc":29,"thr":0.04,"de":0.318,"flap":0,"pitch":2.1,"thC":10.2,"vs":-1.76,"wK":0.5,"y":183.7,"hP":179.1,"brake":0,"onG":0}
{"t":361,"ph":"FINAL","s":-3684,"agl":114.2,"V":33.83,"Vc":29.13,"thr":0.04,"de":0.322,"flap":0,"pitch":2,"thC":10.2,"vs":-1.68,"wK":0.5,"y":183.3,"hP":178.8,"brake":0,"onG":0}
{"t":361.3,"ph":"FINAL","s":-3678,"agl":113.6,"V":33.69,"Vc":29.27,"thr":0.04,"de":0.322,"flap":0,"pitch":2,"thC":10.2,"vs":-1.56,"wK":0.5,"y":182.8,"hP":178.5,"brake":0,"onG":0}
{"t":361.6,"ph":"FINAL","s":-3672,"agl":112.9,"V":33.55,"Vc":29.4,"thr":0.04,"de":0.318,"flap":0,"pitch":2.1,"thC":10.2,"vs":-1.42,"wK":0.5,"y":182.4,"hP":178.2,"brake":0,"onG":0}
{"t":361.8,"ph":"FINAL","s":-3666,"agl":112.1,"V":33.38,"Vc":29.53,"thr":0.04,"de":0.313,"flap":0,"pitch":2.3,"thC":10.2,"vs":-1.29,"wK":0.5,"y":182.1,"hP":177.9,"brake":0,"onG":0}
{"t":362.1,"ph":"FINAL","s":-3659,"agl":110.7,"V":33.21,"Vc":29.67,"thr":0.04,"de":0.305,"flap":0,"pitch":2.6,"thC":10.1,"vs":-1.15,"wK":0.5,"y":181.7,"hP":177.6,"brake":0,"onG":0}
{"t":362.4,"ph":"FINAL","s":-3653,"agl":109,"V":33.04,"Vc":29.8,"thr":0.04,"de":0.295,"flap":0,"pitch":2.9,"thC":9.6,"vs":-1.03,"wK":0.5,"y":181.5,"hP":177.3,"brake":0,"onG":0}
{"t":362.6,"ph":"FINAL","s":-3647,"agl":107.3,"V":32.86,"Vc":29.93,"thr":0.04,"de":0.289,"flap":0,"pitch":3.2,"thC":9.2,"vs":-0.93,"wK":0.5,"y":181.2,"hP":177.1,"brake":0,"onG":0}
{"t":362.9,"ph":"FINAL","s":-3642,"agl":105.9,"V":32.69,"Vc":30.07,"thr":0.04,"de":0.286,"flap":0,"pitch":3.4,"thC":8.9,"vs":-0.86,"wK":0.5,"y":181,"hP":176.8,"brake":0,"onG":0}
{"t":363.2,"ph":"FINAL","s":-3636,"agl":105.2,"V":32.53,"Vc":30.2,"thr":0.04,"de":0.285,"flap":0,"pitch":3.5,"thC":8.6,"vs":-0.82,"wK":0.5,"y":180.7,"hP":176.5,"brake":0,"onG":0}
{"t":363.4,"ph":"FINAL","s":-3630,"agl":105.2,"V":32.37,"Vc":30.33,"thr":0.04,"de":0.287,"flap":0,"pitch":3.6,"thC":8.4,"vs":-0.82,"wK":0.5,"y":180.5,"hP":176.2,"brake":0,"onG":0}
{"t":363.7,"ph":"FINAL","s":-3624,"agl":105.9,"V":32.24,"Vc":30.47,"thr":0.08,"de":0.288,"flap":0,"pitch":3.6,"thC":8.3,"vs":-0.84,"wK":0.61,"y":180.3,"hP":176,"brake":0,"onG":0}
{"t":364,"ph":"FINAL","s":-3618,"agl":107.3,"V":32.14,"Vc":30.58,"thr":0.12,"de":0.284,"flap":0,"pitch":3.7,"thC":8.2,"vs":-0.86,"wK":0.74,"y":180.1,"hP":175.7,"brake":0,"onG":0}
{"t":364.2,"ph":"FINAL","s":-3612,"agl":109.1,"V":32.05,"Vc":30.58,"thr":0.13,"de":0.283,"flap":0,"pitch":3.8,"thC":8.2,"vs":-0.86,"wK":0.87,"y":179.8,"hP":175.4,"brake":0,"onG":0}
{"t":364.5,"ph":"FINAL","s":-3606,"agl":111,"V":31.97,"Vc":30.58,"thr":0.14,"de":0.285,"flap":0,"pitch":3.9,"thC":8.2,"vs":-0.87,"wK":1,"y":179.6,"hP":175.2,"brake":0,"onG":0}
{"t":364.8,"ph":"FINAL","s":-3600,"agl":112.5,"V":31.89,"Vc":30.58,"thr":0.16,"de":0.286,"flap":0,"pitch":4,"thC":8.2,"vs":-0.88,"wK":1,"y":179.4,"hP":174.9,"brake":0,"onG":0}
{"t":365,"ph":"FINAL","s":-3594,"agl":113.6,"V":31.82,"Vc":30.58,"thr":0.17,"de":0.288,"flap":0,"pitch":4,"thC":8.3,"vs":-0.89,"wK":1,"y":179.1,"hP":174.6,"brake":0,"onG":0}
{"t":365.3,"ph":"FINAL","s":-3588,"agl":114.3,"V":31.76,"Vc":30.58,"thr":0.17,"de":0.292,"flap":0,"pitch":4,"thC":8.3,"vs":-0.89,"wK":1,"y":178.9,"hP":174.3,"brake":0,"onG":0}
{"t":365.6,"ph":"FINAL","s":-3582,"agl":115,"V":31.71,"Vc":30.58,"thr":0.18,"de":0.296,"flap":0,"pitch":4,"thC":8.3,"vs":-0.89,"wK":1,"y":178.7,"hP":174.1,"brake":0,"onG":0}
{"t":365.8,"ph":"FINAL","s":-3576,"agl":115.9,"V":31.67,"Vc":30.58,"thr":0.18,"de":0.3,"flap":0,"pitch":4,"thC":8.4,"vs":-0.89,"wK":1,"y":178.4,"hP":173.8,"brake":0,"onG":0}
{"t":366.1,"ph":"FINAL","s":-3570,"agl":117.5,"V":31.63,"Vc":30.58,"thr":0.18,"de":0.304,"flap":0,"pitch":3.9,"thC":8.4,"vs":-0.88,"wK":1,"y":178.2,"hP":173.5,"brake":0,"onG":0}
{"t":366.4,"ph":"FINAL","s":-3564,"agl":119.4,"V":31.58,"Vc":30.58,"thr":0.19,"de":0.306,"flap":0,"pitch":3.9,"thC":8.4,"vs":-0.87,"wK":1,"y":178,"hP":173.2,"brake":0,"onG":0}
{"t":366.6,"ph":"FINAL","s":-3557,"agl":120.8,"V":31.54,"Vc":30.58,"thr":0.19,"de":0.306,"flap":0,"pitch":3.9,"thC":8.4,"vs":-0.86,"wK":1,"y":177.7,"hP":172.9,"brake":0,"onG":0}
{"t":366.9,"ph":"FINAL","s":-3551,"agl":121.6,"V":31.49,"Vc":30.58,"thr":0.2,"de":0.306,"flap":0,"pitch":3.9,"thC":8.4,"vs":-0.85,"wK":1,"y":177.5,"hP":172.6,"brake":0,"onG":0}
{"t":367.2,"ph":"FINAL","s":-3545,"agl":121.8,"V":31.44,"Vc":30.58,"thr":0.2,"de":0.305,"flap":0,"pitch":3.9,"thC":8.3,"vs":-0.84,"wK":1,"y":177.3,"hP":172.3,"brake":0,"onG":0}
{"t":367.4,"ph":"FINAL","s":-3538,"agl":122,"V":31.4,"Vc":30.63,"thr":0.21,"de":0.304,"flap":0,"pitch":3.9,"thC":8.2,"vs":-0.81,"wK":1,"y":177,"hP":172,"brake":0,"onG":0}
{"t":367.7,"ph":"FINAL","s":-3532,"agl":122.3,"V":31.39,"Vc":30.76,"thr":0.23,"de":0.3,"flap":0,"pitch":4,"thC":8,"vs":-0.78,"wK":1,"y":176.8,"hP":171.7,"brake":0,"onG":0}
{"t":368,"ph":"FINAL","s":-3526,"agl":122.5,"V":31.39,"Vc":30.89,"thr":0.25,"de":0.297,"flap":0,"pitch":4,"thC":7.7,"vs":-0.73,"wK":1,"y":176.6,"hP":171.5,"brake":0,"onG":0}
{"t":368.2,"ph":"FINAL","s":-3519,"agl":122.8,"V":31.4,"Vc":30.95,"thr":0.25,"de":0.295,"flap":0,"pitch":4.1,"thC":7.6,"vs":-0.67,"wK":1,"y":176.4,"hP":171.2,"brake":0,"onG":0}
{"t":368.5,"ph":"FINAL","s":-3513,"agl":123.2,"V":31.39,"Vc":30.95,"thr":0.24,"de":0.294,"flap":0,"pitch":4.1,"thC":7.4,"vs":-0.61,"wK":1,"y":176.3,"hP":170.9,"brake":0,"onG":0}
{"t":368.8,"ph":"FINAL","s":-3506,"agl":123.7,"V":31.36,"Vc":30.95,"thr":0.24,"de":0.291,"flap":0,"pitch":4.2,"thC":7.2,"vs":-0.55,"wK":1,"y":176.1,"hP":170.6,"brake":0,"onG":0}
{"t":369,"ph":"FINAL","s":-3500,"agl":124.1,"V":31.32,"Vc":30.95,"thr":0.23,"de":0.287,"flap":0,"pitch":4.2,"thC":7,"vs":-0.52,"wK":1,"y":176,"hP":170.3,"brake":0,"onG":0}
{"t":369.3,"ph":"FINAL","s":-3493,"agl":124.1,"V":31.28,"Vc":30.95,"thr":0.24,"de":0.283,"flap":0,"pitch":4.3,"thC":6.7,"vs":-0.5,"wK":1,"y":175.8,"hP":170,"brake":0,"onG":0}
{"t":369.6,"ph":"FINAL","s":-3487,"agl":123.7,"V":31.24,"Vc":30.95,"thr":0.24,"de":0.28,"flap":0,"pitch":4.3,"thC":6.5,"vs":-0.49,"wK":1,"y":175.7,"hP":169.7,"brake":0,"onG":0}
{"t":369.8,"ph":"FINAL","s":-3480,"agl":122.9,"V":31.21,"Vc":30.95,"thr":0.23,"de":0.279,"flap":0,"pitch":4.4,"thC":6.3,"vs":-0.49,"wK":1,"y":175.6,"hP":169.4,"brake":0,"onG":0}
{"t":370.1,"ph":"FINAL","s":-3474,"agl":122,"V":31.19,"Vc":30.95,"thr":0.23,"de":0.279,"flap":0,"pitch":4.4,"thC":6.2,"vs":-0.49,"wK":1,"y":175.4,"hP":169.1,"brake":0,"onG":0}
{"t":370.4,"ph":"FINAL","s":-3467,"agl":121.6,"V":31.18,"Vc":30.95,"thr":0.22,"de":0.28,"flap":0,"pitch":4.3,"thC":6,"vs":-0.49,"wK":1,"y":175.3,"hP":168.8,"brake":0,"onG":0}
{"t":370.6,"ph":"FINAL","s":-3461,"agl":122.1,"V":31.16,"Vc":30.95,"thr":0.22,"de":0.282,"flap":0,"pitch":4.2,"thC":5.9,"vs":-0.49,"wK":1,"y":175.2,"hP":168.5,"brake":0,"onG":0}
{"t":370.9,"ph":"FINAL","s":-3455,"agl":123.2,"V":31.14,"Vc":30.95,"thr":0.21,"de":0.282,"flap":0,"pitch":4.1,"thC":5.7,"vs":-0.51,"wK":1,"y":175.1,"hP":168.2,"brake":0,"onG":0}
{"t":371.2,"ph":"FINAL","s":-3448,"agl":125,"V":31.11,"Vc":30.95,"thr":0.21,"de":0.281,"flap":0,"pitch":4,"thC":5.6,"vs":-0.54,"wK":1,"y":174.9,"hP":167.9,"brake":0,"onG":0}
{"t":371.4,"ph":"FINAL","s":-3442,"agl":127,"V":31.08,"Vc":30.95,"thr":0.21,"de":0.28,"flap":0,"pitch":4,"thC":5.4,"vs":-0.59,"wK":1,"y":174.8,"hP":167.6,"brake":0,"onG":0}
{"t":371.7,"ph":"FINAL","s":-3435,"agl":128.7,"V":31.04,"Vc":30.95,"thr":0.22,"de":0.278,"flap":0,"pitch":3.9,"thC":5.2,"vs":-0.64,"wK":1,"y":174.6,"hP":167.3,"brake":0,"onG":0}
{"t":372,"ph":"FINAL","s":-3429,"agl":129.9,"V":31.01,"Vc":30.95,"thr":0.22,"de":0.277,"flap":0,"pitch":3.8,"thC":5.1,"vs":-0.7,"wK":1,"y":174.4,"hP":167,"brake":0,"onG":0}
{"t":372.2,"ph":"FINAL","s":-3423,"agl":131.1,"V":30.99,"Vc":30.95,"thr":0.22,"de":0.277,"flap":0,"pitch":3.8,"thC":5.1,"vs":-0.75,"wK":1,"y":174.2,"hP":166.7,"brake":0,"onG":0}
{"t":372.5,"ph":"FINAL","s":-3416,"agl":132.2,"V":30.99,"Vc":30.95,"thr":0.22,"de":0.279,"flap":0,"pitch":3.7,"thC":5.1,"vs":-0.8,"wK":1,"y":174,"hP":166.4,"brake":0,"onG":0}
{"t":372.8,"ph":"FINAL","s":-3410,"agl":133.3,"V":30.99,"Vc":30.95,"thr":0.21,"de":0.282,"flap":0,"pitch":3.7,"thC":5.1,"vs":-0.84,"wK":1,"y":173.8,"hP":166.1,"brake":0,"onG":0}
{"t":373,"ph":"FINAL","s":-3403,"agl":134.3,"V":31,"Vc":30.95,"thr":0.21,"de":0.284,"flap":0,"pitch":3.6,"thC":5.1,"vs":-0.88,"wK":1,"y":173.6,"hP":165.8,"brake":0,"onG":0}
{"t":373.3,"ph":"FINAL","s":-3397,"agl":135.2,"V":31,"Vc":30.95,"thr":0.2,"de":0.286,"flap":0,"pitch":3.5,"thC":5.1,"vs":-0.92,"wK":1,"y":173.3,"hP":165.5,"brake":0,"onG":0}
{"t":373.6,"ph":"FINAL","s":-3391,"agl":136.1,"V":30.99,"Vc":30.95,"thr":0.2,"de":0.287,"flap":0,"pitch":3.4,"thC":5.1,"vs":-0.96,"wK":1,"y":173.1,"hP":165.2,"brake":0,"onG":0}
{"t":373.8,"ph":"FINAL","s":-3384,"agl":136.6,"V":30.95,"Vc":30.95,"thr":0.21,"de":0.286,"flap":0,"pitch":3.4,"thC":5,"vs":-1,"wK":1,"y":172.8,"hP":165,"brake":0,"onG":0}
{"t":374.1,"ph":"FINAL","s":-3378,"agl":136.4,"V":30.91,"Vc":30.95,"thr":0.22,"de":0.285,"flap":0,"pitch":3.3,"thC":4.9,"vs":-1.05,"wK":1,"y":172.6,"hP":164.7,"brake":0,"onG":0}
{"t":374.4,"ph":"FINAL","s":-3372,"agl":135.8,"V":30.88,"Vc":30.95,"thr":0.23,"de":0.284,"flap":0,"pitch":3.3,"thC":4.8,"vs":-1.09,"wK":1,"y":172.3,"hP":164.4,"brake":0,"onG":0}
{"t":374.6,"ph":"FINAL","s":-3365,"agl":135.4,"V":30.87,"Vc":30.95,"thr":0.23,"de":0.285,"flap":0,"pitch":3.3,"thC":4.8,"vs":-1.13,"wK":1,"y":172,"hP":164.1,"brake":0,"onG":0}
{"t":374.9,"ph":"FINAL","s":-3359,"agl":135.4,"V":30.88,"Vc":30.95,"thr":0.23,"de":0.287,"flap":0,"pitch":3.3,"thC":4.9,"vs":-1.15,"wK":1,"y":171.7,"hP":163.8,"brake":0,"onG":0}
{"t":375.2,"ph":"FINAL","s":-3352,"agl":135.2,"V":30.89,"Vc":30.95,"thr":0.22,"de":0.29,"flap":0,"pitch":3.2,"thC":5,"vs":-1.16,"wK":1,"y":171.4,"hP":163.5,"brake":0,"onG":0}
{"t":375.4,"ph":"FINAL","s":-3346,"agl":134.5,"V":30.91,"Vc":30.95,"thr":0.22,"de":0.292,"flap":0,"pitch":3.2,"thC":5,"vs":-1.17,"wK":1,"y":171,"hP":163.2,"brake":0,"onG":0}
{"t":375.7,"ph":"FINAL","s":-3340,"agl":133.6,"V":30.91,"Vc":30.95,"thr":0.22,"de":0.294,"flap":0,"pitch":3.1,"thC":5,"vs":-1.17,"wK":1,"y":170.7,"hP":162.9,"brake":0,"onG":0}
{"t":376,"ph":"FINAL","s":-3333,"agl":132.8,"V":30.91,"Vc":30.95,"thr":0.22,"de":0.295,"flap":0,"pitch":3.1,"thC":5,"vs":-1.18,"wK":1,"y":170.4,"hP":162.6,"brake":0,"onG":0}
{"t":376.2,"ph":"FINAL","s":-3327,"agl":132,"V":30.9,"Vc":30.95,"thr":0.22,"de":0.294,"flap":0,"pitch":3.1,"thC":5,"vs":-1.19,"wK":1,"y":170.1,"hP":162.3,"brake":0,"onG":0}
{"t":376.5,"ph":"FINAL","s":-3320,"agl":131.3,"V":30.88,"Vc":30.95,"thr":0.23,"de":0.292,"flap":0,"pitch":3.1,"thC":4.9,"vs":-1.21,"wK":1,"y":169.8,"hP":162,"brake":0,"onG":0}
{"t":376.8,"ph":"FINAL","s":-3314,"agl":130.4,"V":30.86,"Vc":30.95,"thr":0.23,"de":0.29,"flap":0,"pitch":3.1,"thC":4.9,"vs":-1.22,"wK":1,"y":169.5,"hP":161.7,"brake":0,"onG":0}
{"t":377,"ph":"FINAL","s":-3308,"agl":129.4,"V":30.85,"Vc":30.95,"thr":0.23,"de":0.29,"flap":0,"pitch":3.2,"thC":4.9,"vs":-1.24,"wK":1,"y":169.1,"hP":161.4,"brake":0,"onG":0}
{"t":377.3,"ph":"FINAL","s":-3301,"agl":128.7,"V":30.86,"Vc":30.95,"thr":0.23,"de":0.291,"flap":0,"pitch":3.2,"thC":4.9,"vs":-1.24,"wK":1,"y":168.8,"hP":161.1,"brake":0,"onG":0}
{"t":377.6,"ph":"FINAL","s":-3295,"agl":128.2,"V":30.87,"Vc":30.95,"thr":0.23,"de":0.292,"flap":0,"pitch":3.2,"thC":5,"vs":-1.23,"wK":1,"y":168.5,"hP":160.8,"brake":0,"onG":0}
{"t":377.8,"ph":"FINAL","s":-3288,"agl":128.2,"V":30.89,"Vc":30.95,"thr":0.22,"de":0.294,"flap":0,"pitch":3.2,"thC":5,"vs":-1.22,"wK":1,"y":168.1,"hP":160.5,"brake":0,"onG":0}
{"t":378.1,"ph":"FINAL","s":-3282,"agl":128.7,"V":30.91,"Vc":30.95,"thr":0.22,"de":0.296,"flap":0,"pitch":3.2,"thC":5.1,"vs":-1.21,"wK":1,"y":167.8,"hP":160.2,"brake":0,"onG":0}
{"t":378.4,"ph":"FINAL","s":-3275,"agl":129.6,"V":30.92,"Vc":30.95,"thr":0.22,"de":0.297,"flap":0,"pitch":3.2,"thC":5.1,"vs":-1.19,"wK":1,"y":167.5,"hP":159.9,"brake":0,"onG":0}
{"t":378.6,"ph":"FINAL","s":-3269,"agl":130.5,"V":30.91,"Vc":30.95,"thr":0.22,"de":0.296,"flap":0,"pitch":3.2,"thC":5,"vs":-1.19,"wK":1,"y":167.2,"hP":159.6,"brake":0,"onG":0}
{"t":378.9,"ph":"FINAL","s":-3262,"agl":131.5,"V":30.9,"Vc":30.95,"thr":0.22,"de":0.295,"flap":0,"pitch":3.3,"thC":5,"vs":-1.19,"wK":1,"y":166.9,"hP":159.3,"brake":0,"onG":0}
{"t":379.2,"ph":"FINAL","s":-3256,"agl":132.6,"V":30.89,"Vc":30.95,"thr":0.23,"de":0.294,"flap":0,"pitch":3.3,"thC":4.9,"vs":-1.19,"wK":1,"y":166.6,"hP":159,"brake":0,"onG":0}
{"t":379.4,"ph":"FINAL","s":-3249,"agl":133.8,"V":30.89,"Vc":30.95,"thr":0.23,"de":0.294,"flap":0,"pitch":3.3,"thC":4.9,"vs":-1.19,"wK":1,"y":166.2,"hP":158.7,"brake":0,"onG":0}
{"t":379.7,"ph":"FINAL","s":-3243,"agl":135.2,"V":30.89,"Vc":30.95,"thr":0.22,"de":0.295,"flap":0,"pitch":3.3,"thC":4.9,"vs":-1.18,"wK":1,"y":165.9,"hP":158.4,"brake":0,"onG":0}
{"t":380,"ph":"FINAL","s":-3236,"agl":136.6,"V":30.91,"Vc":30.95,"thr":0.22,"de":0.297,"flap":0,"pitch":3.3,"thC":4.9,"vs":-1.17,"wK":1,"y":165.6,"hP":158.1,"brake":0,"onG":0}
{"t":380.2,"ph":"FINAL","s":-3230,"agl":138,"V":30.94,"Vc":30.95,"thr":0.21,"de":0.299,"flap":0,"pitch":3.3,"thC":5,"vs":-1.16,"wK":1,"y":165.3,"hP":157.8,"brake":0,"onG":0}
{"t":380.5,"ph":"FINAL","s":-3223,"agl":139.2,"V":30.95,"Vc":30.95,"thr":0.21,"de":0.301,"flap":0,"pitch":3.3,"thC":5,"vs":-1.14,"wK":1,"y":165,"hP":157.5,"brake":0,"onG":0}
{"t":380.8,"ph":"FINAL","s":-3217,"agl":140.1,"V":30.96,"Vc":30.95,"thr":0.2,"de":0.301,"flap":0,"pitch":3.3,"thC":4.9,"vs":-1.13,"wK":1,"y":164.7,"hP":157.2,"brake":0,"onG":0}
{"t":381,"ph":"FINAL","s":-3210,"agl":140.9,"V":30.95,"Vc":30.95,"thr":0.21,"de":0.3,"flap":0,"pitch":3.3,"thC":4.9,"vs":-1.13,"wK":1,"y":164.4,"hP":156.9,"brake":0,"onG":0}
{"t":381.3,"ph":"FINAL","s":-3204,"agl":141.4,"V":30.93,"Vc":30.95,"thr":0.21,"de":0.298,"flap":0,"pitch":3.3,"thC":4.8,"vs":-1.13,"wK":1,"y":164.1,"hP":156.7,"brake":0,"onG":0}
{"t":381.6,"ph":"FINAL","s":-3197,"agl":141.8,"V":30.91,"Vc":30.95,"thr":0.21,"de":0.295,"flap":0,"pitch":3.3,"thC":4.7,"vs":-1.14,"wK":1,"y":163.8,"hP":156.4,"brake":0,"onG":0}
{"t":381.8,"ph":"FINAL","s":-3191,"agl":142.2,"V":30.89,"Vc":30.95,"thr":0.22,"de":0.294,"flap":0,"pitch":3.3,"thC":4.6,"vs":-1.15,"wK":1,"y":163.5,"hP":156.1,"brake":0,"onG":0}
{"t":382.1,"ph":"FINAL","s":-3184,"agl":142.8,"V":30.89,"Vc":30.95,"thr":0.22,"de":0.294,"flap":0,"pitch":3.4,"thC":4.6,"vs":-1.16,"wK":1,"y":163.2,"hP":155.8,"brake":0,"onG":0}
{"t":382.4,"ph":"FINAL","s":-3178,"agl":143.4,"V":30.92,"Vc":30.95,"thr":0.21,"de":0.296,"flap":0,"pitch":3.4,"thC":4.7,"vs":-1.16,"wK":1,"y":162.9,"hP":155.5,"brake":0,"onG":0}
{"t":382.6,"ph":"FINAL","s":-3171,"agl":144,"V":30.95,"Vc":30.95,"thr":0.2,"de":0.299,"flap":0,"pitch":3.4,"thC":4.8,"vs":-1.15,"wK":1,"y":162.6,"hP":155.2,"brake":0,"onG":0}
{"t":382.9,"ph":"FINAL","s":-3165,"agl":144.6,"V":30.98,"Vc":30.95,"thr":0.19,"de":0.302,"flap":0,"pitch":3.4,"thC":4.8,"vs":-1.14,"wK":1,"y":162.2,"hP":154.9,"brake":0,"onG":0}
{"t":383.2,"ph":"FINAL","s":-3158,"agl":145.2,"V":31,"Vc":30.95,"thr":0.19,"de":0.303,"flap":0,"pitch":3.3,"thC":4.8,"vs":-1.13,"wK":1,"y":161.9,"hP":154.6,"brake":0,"onG":0}
{"t":383.4,"ph":"FINAL","s":-3152,"agl":145.5,"V":31.01,"Vc":30.95,"thr":0.19,"de":0.304,"flap":0,"pitch":3.3,"thC":4.8,"vs":-1.13,"wK":1,"y":161.6,"hP":154.3,"brake":0,"onG":0}
{"t":383.7,"ph":"FINAL","s":-3145,"agl":145.5,"V":31,"Vc":30.95,"thr":0.19,"de":0.303,"flap":0,"pitch":3.3,"thC":4.8,"vs":-1.13,"wK":1,"y":161.3,"hP":154,"brake":0,"onG":0}
{"t":384,"ph":"FINAL","s":-3139,"agl":145.2,"V":30.98,"Vc":30.95,"thr":0.19,"de":0.302,"flap":0,"pitch":3.3,"thC":4.7,"vs":-1.14,"wK":1,"y":161,"hP":153.7,"brake":0,"onG":0}
{"t":384.2,"ph":"FINAL","s":-3132,"agl":144.7,"V":30.97,"Vc":30.95,"thr":0.19,"de":0.301,"flap":0,"pitch":3.3,"thC":4.7,"vs":-1.15,"wK":1,"y":160.7,"hP":153.4,"brake":0,"onG":0}
{"t":384.5,"ph":"FINAL","s":-3126,"agl":144.5,"V":30.98,"Vc":31.03,"thr":0.21,"de":0.299,"flap":0,"pitch":3.3,"thC":4.5,"vs":-1.15,"wK":1,"y":160.4,"hP":153.1,"brake":0,"onG":0}
{"t":384.8,"ph":"FINAL","s":-3119,"agl":145.2,"V":31,"Vc":31.03,"thr":0.2,"de":0.3,"flap":0,"pitch":3.3,"thC":4.6,"vs":-1.15,"wK":1,"y":160.1,"hP":152.8,"brake":0,"onG":0}
{"t":385,"ph":"FINAL","s":-3113,"agl":146.3,"V":31.02,"Vc":31.03,"thr":0.19,"de":0.303,"flap":0,"pitch":3.3,"thC":4.6,"vs":-1.14,"wK":1,"y":159.8,"hP":152.5,"brake":0,"onG":0}
{"t":385.3,"ph":"FINAL","s":-3106,"agl":147.9,"V":31.06,"Vc":31.16,"thr":0.21,"de":0.302,"flap":0,"pitch":3.3,"thC":4.5,"vs":-1.12,"wK":1,"y":159.5,"hP":152.2,"brake":0,"onG":0}
{"t":385.6,"ph":"FINAL","s":-3100,"agl":149.9,"V":31.09,"Vc":31.29,"thr":0.22,"de":0.298,"flap":0,"pitch":3.3,"thC":4.3,"vs":-1.09,"wK":1,"y":159.2,"hP":151.9,"brake":0,"onG":0}
{"t":385.8,"ph":"FINAL","s":-3093,"agl":152.3,"V":31.13,"Vc":31.43,"thr":0.24,"de":0.293,"flap":0,"pitch":3.3,"thC":4.1,"vs":-1.06,"wK":1,"y":158.9,"hP":151.6,"brake":0,"onG":0}
{"t":386.1,"ph":"FINAL","s":-3087,"agl":155.8,"V":31.15,"Vc":31.43,"thr":0.23,"de":0.291,"flap":0,"pitch":3.3,"thC":4,"vs":-1.03,"wK":1,"y":158.7,"hP":151.3,"brake":0,"onG":0}
{"t":386.4,"ph":"FINAL","s":-3080,"agl":157.3,"V":31.16,"Vc":31.43,"thr":0.23,"de":0.29,"flap":0,"pitch":3.4,"thC":3.9,"vs":-1.02,"wK":1,"y":158.4,"hP":151,"brake":0,"onG":0}
{"t":386.6,"ph":"FINAL","s":-3074,"agl":157,"V":31.15,"Vc":31.43,"thr":0.23,"de":0.287,"flap":0,"pitch":3.4,"thC":3.8,"vs":-1.01,"wK":1,"y":158.1,"hP":150.7,"brake":0,"onG":0}
{"t":386.9,"ph":"FINAL","s":-3067,"agl":156.7,"V":31.15,"Vc":31.43,"thr":0.23,"de":0.285,"flap":0,"pitch":3.4,"thC":3.7,"vs":-1.01,"wK":1,"y":157.8,"hP":150.4,"brake":0,"onG":0}
{"t":387.2,"ph":"FINAL","s":-3061,"agl":156.5,"V":31.15,"Vc":31.43,"thr":0.23,"de":0.285,"flap":0,"pitch":3.5,"thC":3.6,"vs":-1.01,"wK":1,"y":157.6,"hP":150.1,"brake":0,"onG":0}
{"t":387.4,"ph":"FINAL","s":-3054,"agl":156.2,"V":31.17,"Vc":31.43,"thr":0.22,"de":0.285,"flap":0,"pitch":3.5,"thC":3.5,"vs":-1,"wK":1,"y":157.3,"hP":149.8,"brake":0,"onG":0}
{"t":387.7,"ph":"FINAL","s":-3048,"agl":155.9,"V":31.18,"Vc":31.43,"thr":0.22,"de":0.283,"flap":0,"pitch":3.5,"thC":3.5,"vs":-1.02,"wK":1,"y":157,"hP":149.5,"brake":0,"onG":0}
{"t":388,"ph":"FINAL","s":-3041,"agl":155.7,"V":31.19,"Vc":31.43,"thr":0.22,"de":0.284,"flap":0,"pitch":3.5,"thC":3.4,"vs":-1.01,"wK":1,"y":156.8,"hP":149.2,"brake":0,"onG":0}
{"t":388.2,"ph":"FINAL","s":-3035,"agl":155.4,"V":31.18,"Vc":31.43,"thr":0.22,"de":0.285,"flap":0,"pitch":3.4,"thC":3.3,"vs":-1.01,"wK":1,"y":156.5,"hP":148.9,"brake":0,"onG":0}
{"t":388.5,"ph":"FINAL","s":-3028,"agl":155.1,"V":31.17,"Vc":31.43,"thr":0.22,"de":0.284,"flap":0,"pitch":3.4,"thC":3.2,"vs":-1.02,"wK":1,"y":156.2,"hP":148.6,"brake":0,"onG":0}
{"t":388.8,"ph":"FINAL","s":-3022,"agl":154.8,"V":31.15,"Vc":31.43,"thr":0.22,"de":0.281,"flap":0,"pitch":3.3,"thC":3.1,"vs":-1.04,"wK":1,"y":155.9,"hP":148.3,"brake":0,"onG":0}
{"t":389,"ph":"FINAL","s":-3015,"agl":154.6,"V":31.13,"Vc":31.43,"thr":0.23,"de":0.279,"flap":0,"pitch":3.3,"thC":3,"vs":-1.06,"wK":1,"y":155.7,"hP":148,"brake":0,"onG":0}
{"t":389.3,"ph":"FINAL","s":-3009,"agl":154.3,"V":31.11,"Vc":31.43,"thr":0.23,"de":0.278,"flap":0,"pitch":3.3,"thC":2.9,"vs":-1.09,"wK":1,"y":155.4,"hP":147.7,"brake":0,"onG":0}
{"t":389.6,"ph":"FINAL","s":-3002,"agl":154,"V":31.11,"Vc":31.43,"thr":0.23,"de":0.278,"flap":0,"pitch":3.3,"thC":2.9,"vs":-1.11,"wK":1,"y":155.1,"hP":147.4,"brake":0,"onG":0}
{"t":389.8,"ph":"FINAL","s":-2996,"agl":153.7,"V":31.13,"Vc":31.43,"thr":0.23,"de":0.28,"flap":0,"pitch":3.2,"thC":2.9,"vs":-1.12,"wK":1,"y":154.8,"hP":147.1,"brake":0,"onG":0}
{"t":390.1,"ph":"FINAL","s":-2990,"agl":153.4,"V":31.14,"Vc":31.43,"thr":0.22,"de":0.281,"flap":0,"pitch":3.2,"thC":2.9,"vs":-1.13,"wK":1,"y":154.5,"hP":146.8,"brake":0,"onG":0}
{"t":390.4,"ph":"FINAL","s":-2983,"agl":153.1,"V":31.15,"Vc":31.43,"thr":0.22,"de":0.282,"flap":0,"pitch":3.1,"thC":2.9,"vs":-1.14,"wK":1,"y":154.2,"hP":146.5,"brake":0,"onG":0}
{"t":390.6,"ph":"FINAL","s":-2977,"agl":152.8,"V":31.16,"Vc":31.43,"thr":0.22,"de":0.282,"flap":0,"pitch":3.1,"thC":2.9,"vs":-1.15,"wK":1,"y":153.9,"hP":146.2,"brake":0,"onG":0}
{"t":390.9,"ph":"FINAL","s":-2970,"agl":152.5,"V":31.16,"Vc":31.43,"thr":0.22,"de":0.281,"flap":0,"pitch":3.1,"thC":2.9,"vs":-1.17,"wK":1,"y":153.6,"hP":145.9,"brake":0,"onG":0}
{"t":391.2,"ph":"FINAL","s":-2963,"agl":152.2,"V":31.16,"Vc":31.43,"thr":0.22,"de":0.28,"flap":0,"pitch":3,"thC":2.8,"vs":-1.19,"wK":1,"y":153.3,"hP":145.6,"brake":0,"onG":0}
{"t":391.4,"ph":"FINAL","s":-2957,"agl":151.8,"V":31.15,"Vc":31.43,"thr":0.23,"de":0.278,"flap":0,"pitch":3.1,"thC":2.8,"vs":-1.22,"wK":1,"y":152.9,"hP":145.3,"brake":0,"onG":0}
{"t":391.7,"ph":"FINAL","s":-2950,"agl":151.5,"V":31.15,"Vc":31.43,"thr":0.23,"de":0.277,"flap":0,"pitch":3.1,"thC":2.8,"vs":-1.24,"wK":1,"y":152.6,"hP":145,"brake":0,"onG":0}
{"t":392,"ph":"FINAL","s":-2944,"agl":151.2,"V":31.17,"Vc":31.43,"thr":0.23,"de":0.278,"flap":0,"pitch":3.1,"thC":2.9,"vs":-1.26,"wK":1,"y":152.3,"hP":144.7,"brake":0,"onG":0}
{"t":392.2,"ph":"FINAL","s":-2937,"agl":150.8,"V":31.19,"Vc":31.43,"thr":0.22,"de":0.28,"flap":0,"pitch":3.1,"thC":2.9,"vs":-1.26,"wK":1,"y":151.9,"hP":144.4,"brake":0,"onG":0}
{"t":392.5,"ph":"FINAL","s":-2931,"agl":150.5,"V":31.22,"Vc":31.43,"thr":0.22,"de":0.282,"flap":0,"pitch":3.1,"thC":3,"vs":-1.26,"wK":1,"y":151.6,"hP":144.1,"brake":0,"onG":0}
{"t":392.8,"ph":"FINAL","s":-2924,"agl":150.2,"V":31.25,"Vc":31.43,"thr":0.21,"de":0.284,"flap":0,"pitch":3.1,"thC":3.1,"vs":-1.25,"wK":1,"y":151.3,"hP":143.8,"brake":0,"onG":0}
{"t":393,"ph":"FINAL","s":-2918,"agl":149.8,"V":31.27,"Vc":31.43,"thr":0.21,"de":0.285,"flap":0,"pitch":3,"thC":3.1,"vs":-1.25,"wK":1,"y":150.9,"hP":143.5,"brake":0,"onG":0}
{"t":393.3,"ph":"FINAL","s":-2911,"agl":149.5,"V":31.28,"Vc":31.43,"thr":0.21,"de":0.285,"flap":0,"pitch":3,"thC":3.1,"vs":-1.24,"wK":1,"y":150.6,"hP":143.2,"brake":0,"onG":0}
{"t":393.6,"ph":"FINAL","s":-2905,"agl":149.2,"V":31.28,"Vc":31.43,"thr":0.21,"de":0.284,"flap":0,"pitch":3,"thC":3.1,"vs":-1.24,"wK":1,"y":150.3,"hP":142.9,"brake":0,"onG":0}
{"t":393.8,"ph":"FINAL","s":-2898,"agl":148.8,"V":31.27,"Vc":31.43,"thr":0.21,"de":0.283,"flap":0,"pitch":3,"thC":3.1,"vs":-1.25,"wK":1,"y":149.9,"hP":142.6,"brake":0,"onG":0}
{"t":394.1,"ph":"FINAL","s":-2892,"agl":148.5,"V":31.27,"Vc":31.43,"thr":0.21,"de":0.282,"flap":0,"pitch":3,"thC":3,"vs":-1.26,"wK":1,"y":149.6,"hP":142.3,"brake":0,"onG":0}
{"t":394.4,"ph":"FINAL","s":-2885,"agl":148.2,"V":31.28,"Vc":31.43,"thr":0.21,"de":0.282,"flap":0,"pitch":3,"thC":3.1,"vs":-1.27,"wK":1,"y":149.3,"hP":142,"brake":0,"onG":0}
{"t":394.6,"ph":"FINAL","s":-2879,"agl":147.8,"V":31.3,"Vc":31.43,"thr":0.21,"de":0.284,"flap":0,"pitch":3,"thC":3.1,"vs":-1.27,"wK":1,"y":148.9,"hP":141.7,"brake":0,"onG":0}
{"t":394.9,"ph":"FINAL","s":-2872,"agl":147.5,"V":31.32,"Vc":31.43,"thr":0.2,"de":0.285,"flap":0,"pitch":3,"thC":3.2,"vs":-1.26,"wK":1,"y":148.6,"hP":141.4,"brake":0,"onG":0}
{"t":395.2,"ph":"FINAL","s":-2866,"agl":147.2,"V":31.35,"Vc":31.43,"thr":0.2,"de":0.287,"flap":0,"pitch":3,"thC":3.2,"vs":-1.25,"wK":1,"y":148.3,"hP":141.1,"brake":0,"onG":0}
{"t":395.4,"ph":"FINAL","s":-2859,"agl":146.8,"V":31.36,"Vc":31.43,"thr":0.2,"de":0.288,"flap":0,"pitch":3,"thC":3.3,"vs":-1.24,"wK":1,"y":147.9,"hP":140.8,"brake":0,"onG":0}
{"t":395.7,"ph":"FINAL","s":-2852,"agl":146.5,"V":31.37,"Vc":31.43,"thr":0.2,"de":0.287,"flap":0,"pitch":3,"thC":3.3,"vs":-1.24,"wK":1,"y":147.6,"hP":140.5,"brake":0,"onG":0}
{"t":396,"ph":"FINAL","s":-2846,"agl":146.2,"V":31.36,"Vc":31.43,"thr":0.2,"de":0.285,"flap":0,"pitch":3,"thC":3.2,"vs":-1.24,"wK":1,"y":147.3,"hP":140.2,"brake":0,"onG":0}
{"t":396.2,"ph":"FINAL","s":-2839,"agl":145.8,"V":31.35,"Vc":31.43,"thr":0.2,"de":0.283,"flap":0,"pitch":3,"thC":3.2,"vs":-1.24,"wK":1,"y":146.9,"hP":139.9,"brake":0,"onG":0}
{"t":396.5,"ph":"FINAL","s":-2833,"agl":145.5,"V":31.34,"Vc":31.43,"thr":0.21,"de":0.282,"flap":0,"pitch":3.1,"thC":3.2,"vs":-1.25,"wK":1,"y":146.6,"hP":139.6,"brake":0,"onG":0}
{"t":396.8,"ph":"FINAL","s":-2826,"agl":145.2,"V":31.35,"Vc":31.43,"thr":0.21,"de":0.281,"flap":0,"pitch":3.1,"thC":3.2,"vs":-1.25,"wK":1,"y":146.3,"hP":139.3,"brake":0,"onG":0}
{"t":397,"ph":"FINAL","s":-2820,"agl":144.8,"V":31.36,"Vc":31.43,"thr":0.2,"de":0.283,"flap":0,"pitch":3.1,"thC":3.2,"vs":-1.25,"wK":1,"y":145.9,"hP":139,"brake":0,"onG":0}
{"t":397.3,"ph":"FINAL","s":-2813,"agl":144.5,"V":31.38,"Vc":31.43,"thr":0.2,"de":0.285,"flap":0,"pitch":3.1,"thC":3.3,"vs":-1.24,"wK":1,"y":145.6,"hP":138.7,"brake":0,"onG":0}
{"t":397.6,"ph":"FINAL","s":-2807,"agl":144.2,"V":31.41,"Vc":31.43,"thr":0.19,"de":0.287,"flap":0,"pitch":3.1,"thC":3.3,"vs":-1.22,"wK":1,"y":145.3,"hP":138.4,"brake":0,"onG":0}
{"t":397.8,"ph":"FINAL","s":-2800,"agl":143.8,"V":31.44,"Vc":31.43,"thr":0.19,"de":0.289,"flap":0,"pitch":3.1,"thC":3.4,"vs":-1.2,"wK":1,"y":144.9,"hP":138.1,"brake":0,"onG":0}
{"t":398.1,"ph":"FINAL","s":-2794,"agl":143.5,"V":31.45,"Vc":31.43,"thr":0.18,"de":0.289,"flap":0,"pitch":3.1,"thC":3.4,"vs":-1.19,"wK":1,"y":144.6,"hP":137.8,"brake":0,"onG":0}
{"t":398.4,"ph":"FINAL","s":-2787,"agl":143.2,"V":31.45,"Vc":31.43,"thr":0.18,"de":0.289,"flap":0,"pitch":3.1,"thC":3.3,"vs":-1.18,"wK":1,"y":144.3,"hP":137.5,"brake":0,"onG":0}
{"t":398.6,"ph":"FINAL","s":-2781,"agl":142.9,"V":31.44,"Vc":31.43,"thr":0.19,"de":0.287,"flap":0,"pitch":3.1,"thC":3.3,"vs":-1.19,"wK":1,"y":144,"hP":137.2,"brake":0,"onG":0}
{"t":398.9,"ph":"FINAL","s":-2774,"agl":142.6,"V":31.43,"Vc":31.43,"thr":0.19,"de":0.286,"flap":0,"pitch":3.1,"thC":3.3,"vs":-1.19,"wK":1,"y":143.7,"hP":136.9,"brake":0,"onG":0}
{"t":399.2,"ph":"FINAL","s":-2768,"agl":142.3,"V":31.42,"Vc":31.43,"thr":0.19,"de":0.285,"flap":0,"pitch":3.1,"thC":3.2,"vs":-1.2,"wK":1,"y":143.4,"hP":136.6,"brake":0,"onG":0}
{"t":399.4,"ph":"FINAL","s":-2761,"agl":141.9,"V":31.42,"Vc":31.43,"thr":0.19,"de":0.285,"flap":0,"pitch":3.1,"thC":3.2,"vs":-1.2,"wK":1,"y":143,"hP":136.3,"brake":0,"onG":0}
{"t":399.7,"ph":"FINAL","s":-2755,"agl":141.6,"V":31.42,"Vc":31.43,"thr":0.19,"de":0.286,"flap":0,"pitch":3.1,"thC":3.2,"vs":-1.2,"wK":1,"y":142.7,"hP":136,"brake":0,"onG":0}
{"t":400,"ph":"FINAL","s":-2748,"agl":141.3,"V":31.44,"Vc":31.43,"thr":0.19,"de":0.288,"flap":0,"pitch":3.1,"thC":3.3,"vs":-1.2,"wK":1,"y":142.4,"hP":135.7,"brake":0,"onG":0}
{"t":400.2,"ph":"FINAL","s":-2742,"agl":141,"V":31.45,"Vc":31.43,"thr":0.19,"de":0.289,"flap":0,"pitch":3,"thC":3.3,"vs":-1.19,"wK":1,"y":142.1,"hP":135.4,"brake":0,"onG":0}
{"t":400.5,"ph":"FINAL","s":-2735,"agl":140.7,"V":31.45,"Vc":31.43,"thr":0.19,"de":0.289,"flap":0,"pitch":3,"thC":3.3,"vs":-1.18,"wK":1,"y":141.8,"hP":135.1,"brake":0,"onG":0}
{"t":400.8,"ph":"FINAL","s":-2729,"agl":140.3,"V":31.44,"Vc":31.43,"thr":0.19,"de":0.288,"flap":0,"pitch":3,"thC":3.3,"vs":-1.18,"wK":1,"y":141.4,"hP":134.8,"brake":0,"onG":0}
{"t":401,"ph":"FINAL","s":-2722,"agl":140,"V":31.43,"Vc":31.43,"thr":0.19,"de":0.286,"flap":0,"pitch":3,"thC":3.2,"vs":-1.19,"wK":1,"y":141.1,"hP":134.5,"brake":0,"onG":0}
{"t":401.3,"ph":"FINAL","s":-2716,"agl":139.7,"V":31.41,"Vc":31.43,"thr":0.2,"de":0.284,"flap":0,"pitch":3.1,"thC":3.2,"vs":-1.2,"wK":1,"y":140.8,"hP":134.2,"brake":0,"onG":0}
{"t":401.6,"ph":"FINAL","s":-2709,"agl":139.4,"V":31.4,"Vc":31.43,"thr":0.2,"de":0.283,"flap":0,"pitch":3.1,"thC":3.1,"vs":-1.2,"wK":1,"y":140.5,"hP":133.9,"brake":0,"onG":0}
{"t":401.8,"ph":"FINAL","s":-2703,"agl":139.1,"V":31.4,"Vc":31.43,"thr":0.2,"de":0.284,"flap":0,"pitch":3.1,"thC":3.2,"vs":-1.21,"wK":1,"y":140.2,"hP":133.6,"brake":0,"onG":0}
{"t":402.1,"ph":"FINAL","s":-2696,"agl":138.8,"V":31.42,"Vc":31.43,"thr":0.2,"de":0.286,"flap":0,"pitch":3.1,"thC":3.2,"vs":-1.2,"wK":1,"y":139.8,"hP":133.3,"brake":0,"onG":0}
{"t":402.4,"ph":"FINAL","s":-2690,"agl":138.4,"V":31.44,"Vc":31.43,"thr":0.19,"de":0.288,"flap":0,"pitch":3.1,"thC":3.3,"vs":-1.19,"wK":1,"y":139.5,"hP":133,"brake":0,"onG":0}
{"t":402.6,"ph":"FINAL","s":-2683,"agl":138.1,"V":31.47,"Vc":31.43,"thr":0.19,"de":0.29,"flap":0,"pitch":3.1,"thC":3.3,"vs":-1.17,"wK":1,"y":139.2,"hP":132.7,"brake":0,"onG":0}
{"t":402.9,"ph":"FINAL","s":-2677,"agl":137.8,"V":31.48,"Vc":31.43,"thr":0.18,"de":0.291,"flap":0,"pitch":3.1,"thC":3.4,"vs":-1.16,"wK":1,"y":138.9,"hP":132.4,"brake":0,"onG":0}
{"t":403.2,"ph":"FINAL","s":-2670,"agl":137.5,"V":31.47,"Vc":31.43,"thr":0.18,"de":0.291,"flap":0,"pitch":3,"thC":3.3,"vs":-1.15,"wK":1,"y":138.6,"hP":132.1,"brake":0,"onG":0}
{"t":403.4,"ph":"FINAL","s":-2664,"agl":137.2,"V":31.43,"Vc":31.43,"thr":0.19,"de":0.288,"flap":0,"pitch":3,"thC":3.2,"vs":-1.15,"wK":1,"y":138.3,"hP":131.8,"brake":0,"onG":0}
{"t":403.7,"ph":"FINAL","s":-2658,"agl":136.9,"V":31.39,"Vc":31.43,"thr":0.2,"de":0.285,"flap":0,"pitch":3,"thC":3.1,"vs":-1.16,"wK":1,"y":138,"hP":131.5,"brake":0,"onG":0}
{"t":404,"ph":"FINAL","s":-2651,"agl":136.6,"V":31.36,"Vc":31.43,"thr":0.21,"de":0.282,"flap":0,"pitch":3,"thC":3,"vs":-1.17,"wK":1,"y":137.7,"hP":131.2,"brake":0,"onG":0}
{"t":404.2,"ph":"FINAL","s":-2645,"agl":136.3,"V":31.34,"Vc":31.43,"thr":0.22,"de":0.281,"flap":0,"pitch":3.1,"thC":2.9,"vs":-1.18,"wK":1,"y":137.4,"hP":130.9,"brake":0,"onG":0}
{"t":404.5,"ph":"FINAL","s":-2638,"agl":135.9,"V":31.34,"Vc":31.43,"thr":0.22,"de":0.282,"flap":0,"pitch":3.1,"thC":2.9,"vs":-1.18,"wK":1,"y":137,"hP":130.6,"brake":0,"onG":0}
{"t":404.8,"ph":"FINAL","s":-2632,"agl":135.6,"V":31.34,"Vc":31.43,"thr":0.22,"de":0.283,"flap":0,"pitch":3.1,"thC":2.9,"vs":-1.18,"wK":1,"y":136.7,"hP":130.3,"brake":0,"onG":0}
{"t":405,"ph":"FINAL","s":-2625,"agl":135.3,"V":31.34,"Vc":31.43,"thr":0.22,"de":0.284,"flap":0,"pitch":3.1,"thC":3,"vs":-1.18,"wK":1,"y":136.4,"hP":130,"brake":0,"onG":0}
{"t":405.3,"ph":"FINAL","s":-2619,"agl":135,"V":31.34,"Vc":31.43,"thr":0.22,"de":0.284,"flap":0,"pitch":3,"thC":2.9,"vs":-1.17,"wK":1,"y":136.1,"hP":129.7,"brake":0,"onG":0}
{"t":405.6,"ph":"FINAL","s":-2612,"agl":134.7,"V":31.33,"Vc":31.43,"thr":0.22,"de":0.282,"flap":0,"pitch":3,"thC":2.9,"vs":-1.17,"wK":1,"y":135.8,"hP":129.4,"brake":0,"onG":0}
{"t":405.8,"ph":"FINAL","s":-2606,"agl":134.4,"V":31.31,"Vc":31.43,"thr":0.23,"de":0.28,"flap":0,"pitch":3.1,"thC":2.8,"vs":-1.17,"wK":1,"y":135.5,"hP":129.1,"brake":0,"onG":0}
{"t":406.1,"ph":"FINAL","s":-2599,"agl":134.1,"V":31.28,"Vc":31.43,"thr":0.24,"de":0.277,"flap":0,"pitch":3.1,"thC":2.8,"vs":-1.17,"wK":1,"y":135.2,"hP":128.9,"brake":0,"onG":0}
{"t":406.4,"ph":"FINAL","s":-2593,"agl":133.8,"V":31.26,"Vc":31.43,"thr":0.24,"de":0.275,"flap":0,"pitch":3.1,"thC":2.7,"vs":-1.18,"wK":1,"y":134.9,"hP":128.6,"brake":0,"onG":0}
{"t":406.6,"ph":"FINAL","s":-2586,"agl":133.4,"V":31.25,"Vc":31.43,"thr":0.25,"de":0.275,"flap":0,"pitch":3.2,"thC":2.7,"vs":-1.18,"wK":1,"y":134.5,"hP":128.3,"brake":0,"onG":0}
{"t":406.9,"ph":"FINAL","s":-2580,"agl":133.1,"V":31.25,"Vc":31.43,"thr":0.24,"de":0.276,"flap":0,"pitch":3.2,"thC":2.7,"vs":-1.18,"wK":1,"y":134.2,"hP":128,"brake":0,"onG":0}
{"t":407.2,"ph":"FINAL","s":-2573,"agl":132.8,"V":31.26,"Vc":31.43,"thr":0.24,"de":0.277,"flap":0,"pitch":3.2,"thC":2.7,"vs":-1.17,"wK":1,"y":133.9,"hP":127.7,"brake":0,"onG":0}
{"t":407.4,"ph":"FINAL","s":-2567,"agl":132.5,"V":31.28,"Vc":31.43,"thr":0.24,"de":0.279,"flap":0,"pitch":3.1,"thC":2.8,"vs":-1.16,"wK":1,"y":133.6,"hP":127.4,"brake":0,"onG":0}
{"t":407.7,"ph":"FINAL","s":-2560,"agl":132.2,"V":31.27,"Vc":31.43,"thr":0.24,"de":0.279,"flap":0,"pitch":3.1,"thC":2.7,"vs":-1.14,"wK":1,"y":133.3,"hP":127.1,"brake":0,"onG":0}
{"t":408,"ph":"FINAL","s":-2554,"agl":131.9,"V":31.21,"Vc":31.43,"thr":0.25,"de":0.275,"flap":0,"pitch":3.1,"thC":2.5,"vs":-1.14,"wK":1,"y":133,"hP":126.8,"brake":0,"onG":0}
{"t":408.2,"ph":"FINAL","s":-2547,"agl":131.6,"V":31.15,"Vc":31.43,"thr":0.27,"de":0.271,"flap":0,"pitch":3.1,"thC":2.3,"vs":-1.14,"wK":1,"y":132.7,"hP":126.5,"brake":0,"onG":0}
{"t":408.5,"ph":"FINAL","s":-2541,"agl":131.3,"V":31.09,"Vc":31.43,"thr":0.28,"de":0.267,"flap":0,"pitch":3.1,"thC":2.1,"vs":-1.14,"wK":1,"y":132.4,"hP":126.2,"brake":0,"onG":0}
{"t":408.8,"ph":"FINAL","s":-2534,"agl":131,"V":31.04,"Vc":31.43,"thr":0.3,"de":0.263,"flap":0,"pitch":3.1,"thC":1.9,"vs":-1.15,"wK":1,"y":132.1,"hP":125.9,"brake":0,"onG":0}
{"t":409,"ph":"FINAL","s":-2528,"agl":130.7,"V":31,"Vc":31.43,"thr":0.31,"de":0.261,"flap":0,"pitch":3.1,"thC":1.8,"vs":-1.17,"wK":1,"y":131.8,"hP":125.6,"brake":0,"onG":0}
{"t":409.3,"ph":"FINAL","s":-2521,"agl":130.4,"V":30.99,"Vc":31.43,"thr":0.31,"de":0.26,"flap":0,"pitch":3.1,"thC":1.8,"vs":-1.17,"wK":1,"y":131.5,"hP":125.2,"brake":0,"onG":0}
{"t":409.6,"ph":"FINAL","s":-2515,"agl":130,"V":30.99,"Vc":31.43,"thr":0.31,"de":0.26,"flap":0,"pitch":3.1,"thC":1.8,"vs":-1.18,"wK":1,"y":131.1,"hP":124.9,"brake":0,"onG":0}
{"t":409.8,"ph":"FINAL","s":-2508,"agl":129.7,"V":31,"Vc":31.43,"thr":0.31,"de":0.261,"flap":0,"pitch":3.1,"thC":1.8,"vs":-1.18,"wK":1,"y":130.8,"hP":124.6,"brake":0,"onG":0}
{"t":410.1,"ph":"FINAL","s":-2501,"agl":129.4,"V":31.01,"Vc":31.43,"thr":0.31,"de":0.262,"flap":0,"pitch":3.1,"thC":1.9,"vs":-1.18,"wK":1,"y":130.5,"hP":124.3,"brake":0,"onG":0}
{"t":410.4,"ph":"FINAL","s":-2495,"agl":129.1,"V":31.01,"Vc":31.43,"thr":0.31,"de":0.261,"flap":0,"pitch":3.1,"thC":1.9,"vs":-1.17,"wK":1,"y":130.2,"hP":124,"brake":0,"onG":0}
{"t":410.6,"ph":"FINAL","s":-2488,"agl":128.8,"V":31,"Vc":31.43,"thr":0.31,"de":0.26,"flap":0,"pitch":3.1,"thC":1.8,"vs":-1.17,"wK":1,"y":129.9,"hP":123.7,"brake":0,"onG":0}
{"t":410.9,"ph":"FINAL","s":-2481,"agl":128.5,"V":30.99,"Vc":31.43,"thr":0.31,"de":0.257,"flap":0,"pitch":3.1,"thC":1.8,"vs":-1.18,"wK":1,"y":129.6,"hP":123.4,"brake":0,"onG":0}
{"t":411.2,"ph":"FINAL","s":-2474,"agl":128.2,"V":30.98,"Vc":31.43,"thr":0.32,"de":0.255,"flap":0,"pitch":3.1,"thC":1.7,"vs":-1.19,"wK":1,"y":129.3,"hP":123.1,"brake":0,"onG":0}
{"t":411.4,"ph":"FINAL","s":-2468,"agl":127.8,"V":30.98,"Vc":31.43,"thr":0.32,"de":0.254,"flap":0,"pitch":3.1,"thC":1.7,"vs":-1.19,"wK":1,"y":128.9,"hP":122.8,"brake":0,"onG":0}
{"t":411.7,"ph":"FINAL","s":-2461,"agl":127.5,"V":30.99,"Vc":31.43,"thr":0.32,"de":0.255,"flap":0,"pitch":3.1,"thC":1.7,"vs":-1.2,"wK":1,"y":128.6,"hP":122.5,"brake":0,"onG":0}
{"t":412,"ph":"FINAL","s":-2454,"agl":127.2,"V":31.02,"Vc":31.43,"thr":0.31,"de":0.257,"flap":0,"pitch":3.1,"thC":1.8,"vs":-1.19,"wK":1,"y":128.3,"hP":122.2,"brake":0,"onG":0}
{"t":412.2,"ph":"FINAL","s":-2447,"agl":126.9,"V":31.06,"Vc":31.43,"thr":0.3,"de":0.259,"flap":0,"pitch":3.1,"thC":1.9,"vs":-1.19,"wK":1,"y":128,"hP":121.8,"brake":0,"onG":0}
{"t":412.5,"ph":"FINAL","s":-2440,"agl":126.6,"V":31.09,"Vc":31.43,"thr":0.3,"de":0.261,"flap":0,"pitch":3,"thC":1.9,"vs":-1.18,"wK":1,"y":127.7,"hP":121.5,"brake":0,"onG":0}
{"t":412.8,"ph":"FINAL","s":-2433,"agl":126.3,"V":31.11,"Vc":31.43,"thr":0.29,"de":0.262,"flap":0,"pitch":3,"thC":2,"vs":-1.17,"wK":1,"y":127.4,"hP":121.2,"brake":0,"onG":0}
{"t":413,"ph":"FINAL","s":-2426,"agl":125.9,"V":31.12,"Vc":31.43,"thr":0.29,"de":0.261,"flap":0,"pitch":3,"thC":2,"vs":-1.17,"wK":1,"y":127,"hP":120.9,"brake":0,"onG":0}
{"t":413.3,"ph":"FINAL","s":-2419,"agl":125.6,"V":31.12,"Vc":31.43,"thr":0.29,"de":0.259,"flap":0,"pitch":3,"thC":1.9,"vs":-1.18,"wK":1,"y":126.7,"hP":120.6,"brake":0,"onG":0}
{"t":413.6,"ph":"FINAL","s":-2412,"agl":125.3,"V":31.11,"Vc":31.43,"thr":0.29,"de":0.257,"flap":0,"pitch":3,"thC":1.9,"vs":-1.19,"wK":1,"y":126.4,"hP":120.3,"brake":0,"onG":0}
{"t":413.8,"ph":"FINAL","s":-2406,"agl":125,"V":31.1,"Vc":31.43,"thr":0.3,"de":0.255,"flap":0,"pitch":3,"thC":1.8,"vs":-1.21,"wK":1,"y":126.1,"hP":119.9,"brake":0,"onG":0}
{"t":414.1,"ph":"FINAL","s":-2399,"agl":124.7,"V":31.11,"Vc":31.43,"thr":0.3,"de":0.255,"flap":0,"pitch":3,"thC":1.9,"vs":-1.22,"wK":1,"y":125.8,"hP":119.6,"brake":0,"onG":0}
{"t":414.4,"ph":"FINAL","s":-2392,"agl":124.3,"V":31.13,"Vc":31.43,"thr":0.29,"de":0.256,"flap":0,"pitch":3,"thC":1.9,"vs":-1.23,"wK":1,"y":125.4,"hP":119.3,"brake":0,"onG":0}
{"t":414.6,"ph":"FINAL","s":-2384,"agl":124,"V":31.17,"Vc":31.43,"thr":0.29,"de":0.259,"flap":0,"pitch":3,"thC":2,"vs":-1.24,"wK":1,"y":125.1,"hP":119,"brake":0,"onG":0}
{"t":414.9,"ph":"FINAL","s":-2377,"agl":123.7,"V":31.2,"Vc":31.43,"thr":0.28,"de":0.261,"flap":0,"pitch":2.9,"thC":2.1,"vs":-1.24,"wK":1,"y":124.8,"hP":118.6,"brake":0,"onG":0}
{"t":415.2,"ph":"FINAL","s":-2370,"agl":123.4,"V":31.23,"Vc":31.43,"thr":0.27,"de":0.262,"flap":0,"pitch":2.9,"thC":2.2,"vs":-1.24,"wK":1,"y":124.5,"hP":118.3,"brake":0,"onG":0}
{"t":415.4,"ph":"FINAL","s":-2363,"agl":123,"V":31.25,"Vc":31.43,"thr":0.27,"de":0.262,"flap":0,"pitch":2.9,"thC":2.2,"vs":-1.24,"wK":1,"y":124.1,"hP":118,"brake":0,"onG":0}
{"t":415.7,"ph":"FINAL","s":-2356,"agl":122.7,"V":31.26,"Vc":31.43,"thr":0.27,"de":0.261,"flap":0,"pitch":2.9,"thC":2.2,"vs":-1.24,"wK":1,"y":123.8,"hP":117.7,"brake":0,"onG":0}
{"t":416,"ph":"FINAL","s":-2349,"agl":122.4,"V":31.29,"Vc":31.43,"thr":0.26,"de":0.261,"flap":0,"pitch":2.9,"thC":2.3,"vs":-1.25,"wK":1,"y":123.5,"hP":117.3,"brake":0,"onG":0}
{"t":416.2,"ph":"FINAL","s":-2342,"agl":122,"V":31.32,"Vc":31.43,"thr":0.25,"de":0.262,"flap":0,"pitch":2.9,"thC":2.3,"vs":-1.25,"wK":1,"y":123.1,"hP":117,"brake":0,"onG":0}
{"t":416.5,"ph":"FINAL","s":-2335,"agl":121.7,"V":31.36,"Vc":31.43,"thr":0.25,"de":0.263,"flap":0,"pitch":2.9,"thC":2.4,"vs":-1.26,"wK":1,"y":122.8,"hP":116.7,"brake":0,"onG":0}
{"t":416.8,"ph":"FINAL","s":-2328,"agl":121.4,"V":31.4,"Vc":31.43,"thr":0.24,"de":0.266,"flap":0,"pitch":2.9,"thC":2.6,"vs":-1.26,"wK":1,"y":122.5,"hP":116.4,"brake":0,"onG":0}
{"t":417,"ph":"FINAL","s":-2320,"agl":121,"V":31.45,"Vc":31.43,"thr":0.23,"de":0.269,"flap":0,"pitch":2.9,"thC":2.7,"vs":-1.25,"wK":1,"y":122.1,"hP":116,"brake":0,"onG":0}
{"t":417.3,"ph":"FINAL","s":-2313,"agl":120.7,"V":31.49,"Vc":31.43,"thr":0.22,"de":0.272,"flap":0,"pitch":2.8,"thC":2.8,"vs":-1.25,"wK":1,"y":121.8,"hP":115.7,"brake":0,"onG":0}
{"t":417.6,"ph":"FINAL","s":-2306,"agl":120.4,"V":31.53,"Vc":31.43,"thr":0.21,"de":0.274,"flap":0,"pitch":2.8,"thC":2.9,"vs":-1.24,"wK":1,"y":121.5,"hP":115.4,"brake":0,"onG":0}
{"t":417.8,"ph":"FINAL","s":-2299,"agl":120,"V":31.55,"Vc":31.43,"thr":0.2,"de":0.275,"flap":0,"pitch":2.7,"thC":2.9,"vs":-1.24,"wK":1,"y":121.1,"hP":115,"brake":0,"onG":0}
{"t":418.1,"ph":"FINAL","s":-2292,"agl":119.7,"V":31.55,"Vc":31.43,"thr":0.2,"de":0.274,"flap":0,"pitch":2.7,"thC":2.9,"vs":-1.24,"wK":1,"y":120.8,"hP":114.7,"brake":0,"onG":0}
{"t":418.4,"ph":"FINAL","s":-2285,"agl":119.4,"V":31.54,"Vc":31.43,"thr":0.21,"de":0.271,"flap":0,"pitch":2.7,"thC":2.8,"vs":-1.25,"wK":1,"y":120.5,"hP":114.4,"brake":0,"onG":0}
{"t":418.6,"ph":"FINAL","s":-2277,"agl":119,"V":31.52,"Vc":31.43,"thr":0.21,"de":0.269,"flap":0,"pitch":2.8,"thC":2.8,"vs":-1.26,"wK":1,"y":120.1,"hP":114,"brake":0,"onG":0}
{"t":418.9,"ph":"FINAL","s":-2270,"agl":118.7,"V":31.51,"Vc":31.43,"thr":0.22,"de":0.268,"flap":0,"pitch":2.8,"thC":2.8,"vs":-1.28,"wK":1,"y":119.8,"hP":113.7,"brake":0,"onG":0}
{"t":419.2,"ph":"FINAL","s":-2263,"agl":118.4,"V":31.52,"Vc":31.43,"thr":0.22,"de":0.269,"flap":0,"pitch":2.8,"thC":2.8,"vs":-1.29,"wK":1,"y":119.5,"hP":113.4,"brake":0,"onG":0}
{"t":419.4,"ph":"FINAL","s":-2256,"agl":118,"V":31.54,"Vc":31.43,"thr":0.21,"de":0.271,"flap":0,"pitch":2.8,"thC":2.9,"vs":-1.29,"wK":1,"y":119.1,"hP":113.1,"brake":0,"onG":0}
{"t":419.7,"ph":"FINAL","s":-2249,"agl":117.7,"V":31.56,"Vc":31.43,"thr":0.21,"de":0.273,"flap":0,"pitch":2.8,"thC":2.9,"vs":-1.28,"wK":1,"y":118.8,"hP":112.7,"brake":0,"onG":0}
{"t":420,"ph":"FINAL","s":-2242,"agl":117.3,"V":31.59,"Vc":31.43,"thr":0.2,"de":0.276,"flap":0,"pitch":2.8,"thC":3,"vs":-1.28,"wK":1,"y":118.4,"hP":112.4,"brake":0,"onG":0}
{"t":420.2,"ph":"FINAL","s":-2234,"agl":117,"V":31.6,"Vc":31.43,"thr":0.2,"de":0.276,"flap":0,"pitch":2.8,"thC":3.1,"vs":-1.27,"wK":1,"y":118.1,"hP":112.1,"brake":0,"onG":0}
{"t":420.5,"ph":"FINAL","s":-2227,"agl":116.6,"V":31.6,"Vc":31.43,"thr":0.2,"de":0.276,"flap":0,"pitch":2.8,"thC":3,"vs":-1.27,"wK":1,"y":117.7,"hP":111.7,"brake":0,"onG":0}
{"t":420.8,"ph":"FINAL","s":-2220,"agl":116.3,"V":31.59,"Vc":31.43,"thr":0.2,"de":0.274,"flap":0,"pitch":2.8,"thC":3,"vs":-1.27,"wK":1,"y":117.4,"hP":111.4,"brake":0,"onG":0}
{"t":421,"ph":"FINAL","s":-2213,"agl":116,"V":31.58,"Vc":31.43,"thr":0.2,"de":0.272,"flap":0,"pitch":2.8,"thC":3,"vs":-1.27,"wK":1,"y":117.1,"hP":111.1,"brake":0,"onG":0}
{"t":421.3,"ph":"FINAL","s":-2206,"agl":115.6,"V":31.57,"Vc":31.43,"thr":0.21,"de":0.271,"flap":0,"pitch":2.8,"thC":3,"vs":-1.27,"wK":1,"y":116.7,"hP":110.7,"brake":0,"onG":0}
{"t":421.6,"ph":"FINAL","s":-2198,"agl":115.3,"V":31.57,"Vc":31.43,"thr":0.21,"de":0.272,"flap":0,"pitch":2.9,"thC":3,"vs":-1.27,"wK":1,"y":116.4,"hP":110.4,"brake":0,"onG":0}
{"t":421.8,"ph":"FINAL","s":-2191,"agl":115,"V":31.58,"Vc":31.43,"thr":0.2,"de":0.274,"flap":0,"pitch":2.9,"thC":3,"vs":-1.26,"wK":1,"y":116.1,"hP":110.1,"brake":0,"onG":0}
{"t":422.1,"ph":"FINAL","s":-2184,"agl":114.6,"V":31.6,"Vc":31.43,"thr":0.2,"de":0.276,"flap":0,"pitch":2.8,"thC":3.1,"vs":-1.25,"wK":1,"y":115.7,"hP":109.7,"brake":0,"onG":0}
{"t":422.4,"ph":"FINAL","s":-2177,"agl":114.3,"V":31.62,"Vc":31.43,"thr":0.19,"de":0.278,"flap":0,"pitch":2.8,"thC":3.1,"vs":-1.24,"wK":1,"y":115.4,"hP":109.4,"brake":0,"onG":0}
{"t":422.6,"ph":"FINAL","s":-2170,"agl":114,"V":31.63,"Vc":31.43,"thr":0.19,"de":0.279,"flap":0,"pitch":2.8,"thC":3.1,"vs":-1.23,"wK":1,"y":115.1,"hP":109.1,"brake":0,"onG":0}
{"t":422.9,"ph":"FINAL","s":-2162,"agl":113.6,"V":31.62,"Vc":31.43,"thr":0.19,"de":0.278,"flap":0,"pitch":2.8,"thC":3.1,"vs":-1.23,"wK":1,"y":114.7,"hP":108.8,"brake":0,"onG":0}
{"t":423.2,"ph":"FINAL","s":-2155,"agl":113.3,"V":31.6,"Vc":31.43,"thr":0.2,"de":0.275,"flap":0,"pitch":2.8,"thC":3.1,"vs":-1.23,"wK":1,"y":114.4,"hP":108.4,"brake":0,"onG":0}
{"t":423.4,"ph":"FINAL","s":-2148,"agl":113,"V":31.57,"Vc":31.43,"thr":0.2,"de":0.273,"flap":0,"pitch":2.8,"thC":3,"vs":-1.24,"wK":1,"y":114.1,"hP":108.1,"brake":0,"onG":0}
{"t":423.7,"ph":"FINAL","s":-2141,"agl":112.6,"V":31.53,"Vc":31.43,"thr":0.22,"de":0.269,"flap":0,"pitch":2.9,"thC":2.9,"vs":-1.25,"wK":1,"y":113.7,"hP":107.8,"brake":0,"onG":0}
{"t":424,"ph":"FINAL","s":-2134,"agl":112.3,"V":31.5,"Vc":31.43,"thr":0.22,"de":0.268,"flap":0,"pitch":2.9,"thC":2.8,"vs":-1.25,"wK":1,"y":113.4,"hP":107.4,"brake":0,"onG":0}
{"t":424.2,"ph":"FINAL","s":-2126,"agl":112,"V":31.49,"Vc":31.43,"thr":0.22,"de":0.268,"flap":0,"pitch":2.9,"thC":2.8,"vs":-1.25,"wK":1,"y":113.1,"hP":107.1,"brake":0,"onG":0}
{"t":424.5,"ph":"FINAL","s":-2119,"agl":111.6,"V":31.5,"Vc":31.43,"thr":0.22,"de":0.27,"flap":0,"pitch":2.9,"thC":2.9,"vs":-1.25,"wK":1,"y":112.7,"hP":106.8,"brake":0,"onG":0}
{"t":424.8,"ph":"FINAL","s":-2112,"agl":111.3,"V":31.52,"Vc":31.43,"thr":0.22,"de":0.272,"flap":0,"pitch":2.9,"thC":2.9,"vs":-1.24,"wK":1,"y":112.4,"hP":106.4,"brake":0,"onG":0}
{"t":425,"ph":"FINAL","s":-2105,"agl":111,"V":31.53,"Vc":31.43,"thr":0.21,"de":0.274,"flap":0,"pitch":2.9,"thC":3,"vs":-1.23,"wK":1,"y":112.1,"hP":106.1,"brake":0,"onG":0}
{"t":425.3,"ph":"FINAL","s":-2098,"agl":110.7,"V":31.53,"Vc":31.43,"thr":0.21,"de":0.274,"flap":0,"pitch":2.9,"thC":3,"vs":-1.22,"wK":1,"y":111.8,"hP":105.8,"brake":0,"onG":0}
{"t":425.6,"ph":"FINAL","s":-2090,"agl":110.3,"V":31.52,"Vc":31.43,"thr":0.21,"de":0.273,"flap":0,"pitch":2.9,"thC":2.9,"vs":-1.22,"wK":1,"y":111.4,"hP":105.4,"brake":0,"onG":0}
{"t":425.8,"ph":"FINAL","s":-2083,"agl":110,"V":31.51,"Vc":31.43,"thr":0.22,"de":0.271,"flap":0,"pitch":2.9,"thC":2.9,"vs":-1.22,"wK":1,"y":111.1,"hP":105.1,"brake":0,"onG":0}
{"t":426.1,"ph":"FINAL","s":-2076,"agl":109.7,"V":31.49,"Vc":31.43,"thr":0.22,"de":0.269,"flap":0,"pitch":2.9,"thC":2.8,"vs":-1.22,"wK":1,"y":110.8,"hP":104.8,"brake":0,"onG":0}
{"t":426.4,"ph":"FINAL","s":-2069,"agl":109.4,"V":31.49,"Vc":31.43,"thr":0.22,"de":0.269,"flap":0,"pitch":2.9,"thC":2.8,"vs":-1.22,"wK":1,"y":110.5,"hP":104.4,"brake":0,"onG":0}
{"t":426.6,"ph":"FINAL","s":-2062,"agl":109,"V":31.49,"Vc":31.43,"thr":0.22,"de":0.269,"flap":0,"pitch":3,"thC":2.8,"vs":-1.22,"wK":1,"y":110.1,"hP":104.1,"brake":0,"onG":0}
{"t":426.9,"ph":"FINAL","s":-2054,"agl":108.7,"V":31.51,"Vc":31.43,"thr":0.21,"de":0.271,"flap":0,"pitch":3,"thC":2.9,"vs":-1.21,"wK":1,"y":109.8,"hP":103.8,"brake":0,"onG":0}
{"t":427.2,"ph":"FINAL","s":-2047,"agl":108.4,"V":31.53,"Vc":31.43,"thr":0.21,"de":0.274,"flap":0,"pitch":2.9,"thC":2.9,"vs":-1.2,"wK":1,"y":109.5,"hP":103.4,"brake":0,"onG":0}
{"t":427.4,"ph":"FINAL","s":-2040,"agl":108.1,"V":31.54,"Vc":31.43,"thr":0.2,"de":0.275,"flap":0,"pitch":2.9,"thC":3,"vs":-1.2,"wK":1,"y":109.2,"hP":103.1,"brake":0,"onG":0}
{"t":427.7,"ph":"FINAL","s":-2033,"agl":107.7,"V":31.55,"Vc":31.43,"thr":0.2,"de":0.275,"flap":0,"pitch":2.9,"thC":3,"vs":-1.2,"wK":1,"y":108.8,"hP":102.8,"brake":0,"onG":0}
{"t":428,"ph":"FINAL","s":-2025,"agl":107.4,"V":31.54,"Vc":31.43,"thr":0.2,"de":0.274,"flap":0,"pitch":2.9,"thC":3,"vs":-1.2,"wK":1,"y":108.5,"hP":102.4,"brake":0,"onG":0}
{"t":428.2,"ph":"FINAL","s":-2018,"agl":107.1,"V":31.52,"Vc":31.43,"thr":0.21,"de":0.272,"flap":0,"pitch":2.9,"thC":2.9,"vs":-1.21,"wK":1,"y":108.2,"hP":102.1,"brake":0,"onG":0}
{"t":428.5,"ph":"FINAL","s":-2011,"agl":106.8,"V":31.5,"Vc":31.43,"thr":0.21,"de":0.27,"flap":0,"pitch":2.9,"thC":2.9,"vs":-1.22,"wK":1,"y":107.9,"hP":101.8,"brake":0,"onG":0}
{"t":428.8,"ph":"FINAL","s":-2004,"agl":106.5,"V":31.49,"Vc":31.43,"thr":0.22,"de":0.268,"flap":0,"pitch":2.9,"thC":2.8,"vs":-1.23,"wK":1,"y":107.6,"hP":101.5,"brake":0,"onG":0}
{"t":429,"ph":"FINAL","s":-1997,"agl":106.1,"V":31.49,"Vc":31.43,"thr":0.21,"de":0.269,"flap":0,"pitch":3,"thC":2.9,"vs":-1.24,"wK":1,"y":107.2,"hP":101.1,"brake":0,"onG":0}
{"t":429.3,"ph":"FINAL","s":-1989,"agl":105.8,"V":31.51,"Vc":31.43,"thr":0.21,"de":0.271,"flap":0,"pitch":3,"thC":2.9,"vs":-1.24,"wK":1,"y":106.9,"hP":100.8,"brake":0,"onG":0}
{"t":429.6,"ph":"FINAL","s":-1982,"agl":105.5,"V":31.53,"Vc":31.43,"thr":0.2,"de":0.274,"flap":0,"pitch":3,"thC":3,"vs":-1.24,"wK":1,"y":106.6,"hP":100.5,"brake":0,"onG":0}
{"t":429.8,"ph":"FINAL","s":-1975,"agl":105.1,"V":31.56,"Vc":31.43,"thr":0.2,"de":0.277,"flap":0,"pitch":2.9,"thC":3.1,"vs":-1.23,"wK":1,"y":106.2,"hP":100.1,"brake":0,"onG":0}
{"t":430.1,"ph":"FINAL","s":-1968,"agl":104.8,"V":31.58,"Vc":31.43,"thr":0.19,"de":0.279,"flap":0,"pitch":2.9,"thC":3.2,"vs":-1.22,"wK":1,"y":105.9,"hP":99.8,"brake":0,"onG":0}
{"t":430.4,"ph":"FINAL","s":-1960,"agl":104.5,"V":31.59,"Vc":31.43,"thr":0.19,"de":0.279,"flap":0,"pitch":2.8,"thC":3.2,"vs":-1.22,"wK":1,"y":105.6,"hP":99.5,"brake":0,"onG":0}
{"t":430.6,"ph":"FINAL","s":-1953,"agl":104.2,"V":31.59,"Vc":31.43,"thr":0.19,"de":0.278,"flap":0,"pitch":2.8,"thC":3.2,"vs":-1.22,"wK":1,"y":105.3,"hP":99.1,"brake":0,"onG":0}
{"t":430.9,"ph":"FINAL","s":-1946,"agl":103.8,"V":31.57,"Vc":31.43,"thr":0.19,"de":0.276,"flap":0,"pitch":2.8,"thC":3.1,"vs":-1.23,"wK":1,"y":104.9,"hP":98.8,"brake":0,"onG":0}
{"t":431.2,"ph":"FINAL","s":-1939,"agl":103.5,"V":31.55,"Vc":31.43,"thr":0.2,"de":0.275,"flap":0,"pitch":2.9,"thC":3.1,"vs":-1.23,"wK":1,"y":104.6,"hP":98.5,"brake":0,"onG":0}
{"t":431.4,"ph":"FINAL","s":-1931,"agl":103.2,"V":31.52,"Vc":31.43,"thr":0.2,"de":0.273,"flap":0,"pitch":2.9,"thC":3,"vs":-1.24,"wK":1,"y":104.3,"hP":98.1,"brake":0,"onG":0}
{"t":431.7,"ph":"FINAL","s":-1924,"agl":102.8,"V":31.5,"Vc":31.43,"thr":0.21,"de":0.273,"flap":0,"pitch":2.9,"thC":2.9,"vs":-1.24,"wK":1,"y":103.9,"hP":97.8,"brake":0,"onG":0}
{"t":432,"ph":"FINAL","s":-1917,"agl":102.5,"V":31.5,"Vc":31.43,"thr":0.21,"de":0.274,"flap":0,"pitch":2.9,"thC":2.9,"vs":-1.23,"wK":1,"y":103.6,"hP":97.5,"brake":0,"onG":0}
{"t":432.2,"ph":"FINAL","s":-1910,"agl":102.2,"V":31.5,"Vc":31.43,"thr":0.21,"de":0.275,"flap":0,"pitch":2.9,"thC":2.9,"vs":-1.23,"wK":1,"y":103.3,"hP":97.1,"brake":0,"onG":0}
{"t":432.5,"ph":"FINAL","s":-1903,"agl":101.9,"V":31.49,"Vc":31.43,"thr":0.21,"de":0.276,"flap":0,"pitch":2.8,"thC":2.9,"vs":-1.22,"wK":1,"y":103,"hP":96.8,"brake":0,"onG":0}
{"t":432.8,"ph":"FINAL","s":-1895,"agl":101.5,"V":31.47,"Vc":31.43,"thr":0.21,"de":0.274,"flap":0,"pitch":2.8,"thC":2.9,"vs":-1.22,"wK":1,"y":102.6,"hP":96.5,"brake":0,"onG":0}
{"t":433,"ph":"FINAL","s":-1888,"agl":101.2,"V":31.44,"Vc":31.43,"thr":0.22,"de":0.272,"flap":0,"pitch":2.8,"thC":2.8,"vs":-1.23,"wK":1,"y":102.3,"hP":96.1,"brake":0,"onG":0}
{"t":433.3,"ph":"FINAL","s":-1881,"agl":100.9,"V":31.4,"Vc":31.43,"thr":0.23,"de":0.268,"flap":0,"pitch":2.8,"thC":2.6,"vs":-1.24,"wK":1,"y":102,"hP":95.8,"brake":0,"onG":0}
{"t":433.6,"ph":"FINAL","s":-1874,"agl":100.6,"V":31.37,"Vc":31.43,"thr":0.24,"de":0.266,"flap":0,"pitch":2.9,"thC":2.6,"vs":-1.25,"wK":1,"y":101.7,"hP":95.5,"brake":0,"onG":0}
{"t":433.8,"ph":"FINAL","s":-1866,"agl":100.2,"V":31.35,"Vc":31.43,"thr":0.24,"de":0.265,"flap":0,"pitch":2.9,"thC":2.5,"vs":-1.26,"wK":1,"y":101.3,"hP":95.1,"brake":0,"onG":0}
{"t":434.1,"ph":"FINAL","s":-1859,"agl":99.9,"V":31.34,"Vc":31.43,"thr":0.24,"de":0.265,"flap":0,"pitch":2.9,"thC":2.6,"vs":-1.26,"wK":1,"y":101,"hP":94.8,"brake":0,"onG":0}
{"t":434.4,"ph":"FINAL","s":-1852,"agl":99.5,"V":31.36,"Vc":31.43,"thr":0.24,"de":0.267,"flap":0,"pitch":2.9,"thC":2.6,"vs":-1.25,"wK":1,"y":100.6,"hP":94.5,"brake":0,"onG":0}
{"t":434.6,"ph":"FINAL","s":-1845,"agl":99.2,"V":31.38,"Vc":31.43,"thr":0.23,"de":0.27,"flap":0,"pitch":2.9,"thC":2.7,"vs":-1.25,"wK":1,"y":100.3,"hP":94.1,"brake":0,"onG":0}
{"t":434.9,"ph":"FINAL","s":-1837,"agl":98.9,"V":31.39,"Vc":31.43,"thr":0.23,"de":0.272,"flap":0,"pitch":2.9,"thC":2.7,"vs":-1.24,"wK":1,"y":100,"hP":93.8,"brake":0,"onG":0}
{"t":435.2,"ph":"FINAL","s":-1830,"agl":98.6,"V":31.4,"Vc":31.43,"thr":0.23,"de":0.272,"flap":0,"pitch":2.8,"thC":2.7,"vs":-1.23,"wK":1,"y":99.7,"hP":93.5,"brake":0,"onG":0}
{"t":435.4,"ph":"FINAL","s":-1823,"agl":98.2,"V":31.39,"Vc":31.43,"thr":0.23,"de":0.271,"flap":0,"pitch":2.8,"thC":2.7,"vs":-1.23,"wK":1,"y":99.3,"hP":93.1,"brake":0,"onG":0}
{"t":435.7,"ph":"FINAL","s":-1815,"agl":97.9,"V":31.38,"Vc":31.43,"thr":0.23,"de":0.269,"flap":0,"pitch":2.8,"thC":2.6,"vs":-1.23,"wK":1,"y":99,"hP":92.8,"brake":0,"onG":0}
{"t":436,"ph":"FINAL","s":-1808,"agl":97.6,"V":31.35,"Vc":31.43,"thr":0.24,"de":0.267,"flap":0,"pitch":2.8,"thC":2.6,"vs":-1.24,"wK":1,"y":98.7,"hP":92.4,"brake":0,"onG":0}
{"t":436.2,"ph":"FINAL","s":-1801,"agl":97.2,"V":31.34,"Vc":31.43,"thr":0.24,"de":0.265,"flap":0,"pitch":2.8,"thC":2.5,"vs":-1.24,"wK":1,"y":98.3,"hP":92.1,"brake":0,"onG":0}
{"t":436.5,"ph":"FINAL","s":-1793,"agl":96.9,"V":31.33,"Vc":31.43,"thr":0.24,"de":0.265,"flap":0,"pitch":2.9,"thC":2.5,"vs":-1.25,"wK":1,"y":98,"hP":91.8,"brake":0,"onG":0}
{"t":436.8,"ph":"FINAL","s":-1786,"agl":96.6,"V":31.34,"Vc":31.43,"thr":0.24,"de":0.266,"flap":0,"pitch":2.9,"thC":2.5,"vs":-1.24,"wK":1,"y":97.7,"hP":91.4,"brake":0,"onG":0}
{"t":437,"ph":"FINAL","s":-1779,"agl":96.2,"V":31.35,"Vc":31.43,"thr":0.24,"de":0.267,"flap":0,"pitch":2.9,"thC":2.5,"vs":-1.24,"wK":1,"y":97.3,"hP":91.1,"brake":0,"onG":0}
{"t":437.3,"ph":"FINAL","s":-1771,"agl":95.9,"V":31.36,"Vc":31.43,"thr":0.24,"de":0.269,"flap":0,"pitch":2.8,"thC":2.6,"vs":-1.24,"wK":1,"y":97,"hP":90.8,"brake":0,"onG":0}
{"t":437.6,"ph":"FINAL","s":-1764,"agl":95.6,"V":31.37,"Vc":31.43,"thr":0.23,"de":0.269,"flap":0,"pitch":2.8,"thC":2.6,"vs":-1.24,"wK":1,"y":96.7,"hP":90.4,"brake":0,"onG":0}
{"t":437.8,"ph":"FINAL","s":-1757,"agl":95.3,"V":31.36,"Vc":31.43,"thr":0.24,"de":0.268,"flap":0,"pitch":2.8,"thC":2.5,"vs":-1.24,"wK":1,"y":96.4,"hP":90.1,"brake":0,"onG":0}
{"t":438.1,"ph":"FINAL","s":-1749,"agl":94.9,"V":31.34,"Vc":31.43,"thr":0.24,"de":0.266,"flap":0,"pitch":2.8,"thC":2.5,"vs":-1.25,"wK":1,"y":96,"hP":89.7,"brake":0,"onG":0}
{"t":438.4,"ph":"FINAL","s":-1742,"agl":94.6,"V":31.32,"Vc":31.43,"thr":0.25,"de":0.263,"flap":0,"pitch":2.8,"thC":2.4,"vs":-1.26,"wK":1,"y":95.7,"hP":89.4,"brake":0,"onG":0}
{"t":438.6,"ph":"FINAL","s":-1734,"agl":91.1,"V":31.23,"Vc":31.43,"thr":0.27,"de":0.258,"flap":0,"pitch":2.8,"thC":2.2,"vs":-1.27,"wK":1,"y":95.3,"hP":89.1,"brake":0,"onG":0}
{"t":438.9,"ph":"FINAL","s":-1727,"agl":89.5,"V":31.26,"Vc":31.43,"thr":0.26,"de":0.26,"flap":0,"pitch":2.9,"thC":2.3,"vs":-1.28,"wK":1,"y":95,"hP":88.7,"brake":0,"onG":0}
{"t":439.2,"ph":"FINAL","s":-1719,"agl":88.3,"V":31.3,"Vc":31.43,"thr":0.25,"de":0.263,"flap":0,"pitch":2.9,"thC":2.4,"vs":-1.28,"wK":1,"y":94.7,"hP":88.4,"brake":0,"onG":0}
{"t":439.4,"ph":"FINAL","s":-1712,"agl":87.4,"V":31.35,"Vc":31.43,"thr":0.24,"de":0.266,"flap":0,"pitch":2.9,"thC":2.6,"vs":-1.27,"wK":1,"y":94.3,"hP":88,"brake":0,"onG":0}
{"t":439.7,"ph":"FINAL","s":-1704,"agl":86.3,"V":31.39,"Vc":31.43,"thr":0.23,"de":0.27,"flap":0,"pitch":2.8,"thC":2.7,"vs":-1.27,"wK":1,"y":94,"hP":87.7,"brake":0,"onG":0}
{"t":440,"ph":"FINAL","s":-1697,"agl":84.6,"V":31.42,"Vc":31.43,"thr":0.22,"de":0.272,"flap":0,"pitch":2.8,"thC":2.7,"vs":-1.26,"wK":1,"y":93.6,"hP":87.3,"brake":0,"onG":0}
{"t":440.2,"ph":"FINAL","s":-1690,"agl":82.4,"V":31.42,"Vc":31.43,"thr":0.22,"de":0.272,"flap":0,"pitch":2.7,"thC":2.7,"vs":-1.26,"wK":1,"y":93.3,"hP":87,"brake":0,"onG":0}
{"t":440.5,"ph":"FINAL","s":-1682,"agl":80.8,"V":31.42,"Vc":31.43,"thr":0.22,"de":0.27,"flap":0,"pitch":2.7,"thC":2.7,"vs":-1.26,"wK":1,"y":93,"hP":86.7,"brake":0,"onG":0}
{"t":440.8,"ph":"FINAL","s":-1675,"agl":80,"V":31.42,"Vc":31.43,"thr":0.22,"de":0.268,"flap":0,"pitch":2.7,"thC":2.7,"vs":-1.26,"wK":1,"y":92.6,"hP":86.3,"brake":0,"onG":0}
{"t":441,"ph":"FINAL","s":-1667,"agl":78.9,"V":31.41,"Vc":31.43,"thr":0.22,"de":0.268,"flap":0,"pitch":2.7,"thC":2.6,"vs":-1.26,"wK":1,"y":92.3,"hP":86,"brake":0,"onG":0}
{"t":441.3,"ph":"FINAL","s":-1660,"agl":77.1,"V":31.4,"Vc":31.43,"thr":0.23,"de":0.267,"flap":0,"pitch":2.7,"thC":2.6,"vs":-1.27,"wK":1,"y":92,"hP":85.6,"brake":0,"onG":0}
{"t":441.6,"ph":"FINAL","s":-1652,"agl":75.3,"V":31.41,"Vc":31.43,"thr":0.23,"de":0.266,"flap":0,"pitch":2.8,"thC":2.6,"vs":-1.28,"wK":1,"y":91.6,"hP":85.3,"brake":0,"onG":0}
{"t":441.8,"ph":"FINAL","s":-1645,"agl":74.9,"V":31.43,"Vc":31.43,"thr":0.22,"de":0.268,"flap":0,"pitch":2.8,"thC":2.7,"vs":-1.28,"wK":1,"y":91.3,"hP":84.9,"brake":0,"onG":0}
{"t":442.1,"ph":"FINAL","s":-1637,"agl":75.4,"V":31.47,"Vc":31.43,"thr":0.21,"de":0.271,"flap":0,"pitch":2.8,"thC":2.8,"vs":-1.27,"wK":1,"y":90.9,"hP":84.6,"brake":0,"onG":0}
{"t":442.4,"ph":"FINAL","s":-1629,"agl":75.5,"V":31.5,"Vc":31.43,"thr":0.2,"de":0.274,"flap":0,"pitch":2.7,"thC":2.9,"vs":-1.27,"wK":1,"y":90.6,"hP":84.2,"brake":0,"onG":0}
{"t":442.6,"ph":"FINAL","s":-1622,"agl":75.7,"V":31.51,"Vc":31.43,"thr":0.2,"de":0.274,"flap":0,"pitch":2.7,"thC":2.9,"vs":-1.28,"wK":1,"y":90.3,"hP":83.9,"brake":0,"onG":0}
{"t":442.9,"ph":"FINAL","s":-1614,"agl":75.8,"V":31.51,"Vc":31.43,"thr":0.2,"de":0.274,"flap":0,"pitch":2.7,"thC":2.9,"vs":-1.28,"wK":1,"y":89.9,"hP":83.5,"brake":0,"onG":0}
{"t":443.2,"ph":"FINAL","s":-1607,"agl":75.7,"V":31.5,"Vc":31.43,"thr":0.2,"de":0.272,"flap":0,"pitch":2.7,"thC":2.9,"vs":-1.29,"wK":1,"y":89.6,"hP":83.2,"brake":0,"onG":0}
{"t":443.4,"ph":"FINAL","s":-1599,"agl":75.7,"V":31.49,"Vc":31.43,"thr":0.2,"de":0.271,"flap":0,"pitch":2.7,"thC":2.9,"vs":-1.3,"wK":1,"y":89.2,"hP":82.8,"brake":0,"onG":0}
{"t":443.7,"ph":"FINAL","s":-1592,"agl":75.9,"V":31.49,"Vc":31.43,"thr":0.21,"de":0.27,"flap":0,"pitch":2.8,"thC":2.9,"vs":-1.31,"wK":1,"y":88.9,"hP":82.5,"brake":0,"onG":0}
{"t":444,"ph":"FINAL","s":-1584,"agl":75.9,"V":31.5,"Vc":31.43,"thr":0.2,"de":0.271,"flap":0,"pitch":2.8,"thC":2.9,"vs":-1.31,"wK":1,"y":88.5,"hP":82.2,"brake":0,"onG":0}
{"t":444.2,"ph":"FINAL","s":-1577,"agl":75.4,"V":31.52,"Vc":31.43,"thr":0.2,"de":0.273,"flap":0,"pitch":2.8,"thC":2.9,"vs":-1.31,"wK":1,"y":88.2,"hP":81.8,"brake":0,"onG":0}
{"t":444.5,"ph":"FINAL","s":-1569,"agl":74.7,"V":31.54,"Vc":31.43,"thr":0.19,"de":0.275,"flap":0,"pitch":2.8,"thC":3,"vs":-1.3,"wK":1,"y":87.8,"hP":81.5,"brake":0,"onG":0}
{"t":444.8,"ph":"FINAL","s":-1562,"agl":74.5,"V":31.56,"Vc":31.43,"thr":0.19,"de":0.278,"flap":0,"pitch":2.7,"thC":3.1,"vs":-1.29,"wK":1,"y":87.5,"hP":81.1,"brake":0,"onG":0}
{"t":445,"ph":"FINAL","s":-1554,"agl":74.6,"V":31.58,"Vc":31.43,"thr":0.18,"de":0.28,"flap":0,"pitch":2.7,"thC":3.1,"vs":-1.28,"wK":1,"y":87.2,"hP":80.8,"brake":0,"onG":0}
{"t":445.3,"ph":"FINAL","s":-1547,"agl":74.5,"V":31.58,"Vc":31.43,"thr":0.18,"de":0.279,"flap":0,"pitch":2.6,"thC":3.1,"vs":-1.28,"wK":1,"y":86.8,"hP":80.4,"brake":0,"onG":0}
{"t":445.6,"ph":"FINAL","s":-1539,"agl":74.1,"V":31.57,"Vc":31.43,"thr":0.19,"de":0.277,"flap":0,"pitch":2.6,"thC":3,"vs":-1.29,"wK":1,"y":86.5,"hP":80.1,"brake":0,"onG":0}
{"t":445.8,"ph":"FINAL","s":-1531,"agl":73.7,"V":31.54,"Vc":31.43,"thr":0.19,"de":0.275,"flap":0,"pitch":2.7,"thC":3,"vs":-1.3,"wK":1,"y":86.1,"hP":79.7,"brake":0,"onG":0}
{"t":446.1,"ph":"FINAL","s":-1524,"agl":73.8,"V":31.57,"Vc":31.43,"thr":0.19,"de":0.275,"flap":0,"pitch":2.7,"thC":3.1,"vs":-1.3,"wK":1,"y":85.8,"hP":79.4,"brake":0,"onG":0}
{"t":446.4,"ph":"FINAL","s":-1516,"agl":74.3,"V":31.63,"Vc":31.43,"thr":0.17,"de":0.278,"flap":0,"pitch":2.7,"thC":3.3,"vs":-1.31,"wK":1,"y":85.4,"hP":79,"brake":0,"onG":0}
{"t":446.6,"ph":"FINAL","s":-1509,"agl":74.5,"V":31.69,"Vc":31.43,"thr":0.16,"de":0.282,"flap":0,"pitch":2.8,"thC":3.5,"vs":-1.3,"wK":1,"y":85.1,"hP":78.7,"brake":0,"onG":0}
{"t":446.9,"ph":"FINAL","s":-1501,"agl":74.3,"V":31.74,"Vc":31.43,"thr":0.14,"de":0.285,"flap":0,"pitch":2.8,"thC":3.6,"vs":-1.3,"wK":1,"y":84.7,"hP":78.3,"brake":0,"onG":0}
{"t":447.2,"ph":"FINAL","s":-1494,"agl":73.9,"V":31.78,"Vc":31.43,"thr":0.13,"de":0.289,"flap":0,"pitch":2.7,"thC":3.8,"vs":-1.29,"wK":1,"y":84.4,"hP":78,"brake":0,"onG":0}
{"t":447.4,"ph":"FINAL","s":-1486,"agl":73.4,"V":31.81,"Vc":31.43,"thr":0.12,"de":0.292,"flap":0,"pitch":2.7,"thC":3.8,"vs":-1.29,"wK":1,"y":84,"hP":77.6,"brake":0,"onG":0}
{"t":447.7,"ph":"FINAL","s":-1479,"agl":72.7,"V":31.83,"Vc":31.43,"thr":0.12,"de":0.293,"flap":0,"pitch":2.7,"thC":3.9,"vs":-1.29,"wK":1,"y":83.7,"hP":77.3,"brake":0,"onG":0}
{"t":448,"ph":"FINAL","s":-1471,"agl":72.1,"V":31.83,"Vc":31.43,"thr":0.12,"de":0.293,"flap":0,"pitch":2.7,"thC":3.9,"vs":-1.29,"wK":1,"y":83.4,"hP":77,"brake":0,"onG":0}
{"t":448.2,"ph":"FINAL","s":-1464,"agl":71.4,"V":31.82,"Vc":31.43,"thr":0.12,"de":0.292,"flap":0,"pitch":2.7,"thC":3.9,"vs":-1.3,"wK":1,"y":83,"hP":76.6,"brake":0,"onG":0}
{"t":448.5,"ph":"FINAL","s":-1456,"agl":70.8,"V":31.81,"Vc":31.43,"thr":0.12,"de":0.291,"flap":0,"pitch":2.7,"thC":3.9,"vs":-1.31,"wK":1,"y":82.7,"hP":76.3,"brake":0,"onG":0}
{"t":448.8,"ph":"FINAL","s":-1449,"agl":70.2,"V":31.81,"Vc":31.43,"thr":0.12,"de":0.291,"flap":0,"pitch":2.7,"thC":3.9,"vs":-1.31,"wK":1,"y":82.3,"hP":75.9,"brake":0,"onG":0}
{"t":449,"ph":"FINAL","s":-1442,"agl":69.8,"V":31.83,"Vc":31.43,"thr":0.12,"de":0.293,"flap":0,"pitch":2.7,"thC":4,"vs":-1.31,"wK":1,"y":82,"hP":75.6,"brake":0,"onG":0}
{"t":449.3,"ph":"FINAL","s":-1434,"agl":69.3,"V":31.85,"Vc":31.43,"thr":0.11,"de":0.296,"flap":0,"pitch":2.7,"thC":4,"vs":-1.3,"wK":1,"y":81.6,"hP":75.3,"brake":0,"onG":0}
{"t":449.6,"ph":"FINAL","s":-1427,"agl":68.9,"V":31.87,"Vc":31.43,"thr":0.11,"de":0.299,"flap":0,"pitch":2.7,"thC":4.1,"vs":-1.28,"wK":1,"y":81.3,"hP":74.9,"brake":0,"onG":0}
{"t":449.8,"ph":"FINAL","s":-1419,"agl":68.4,"V":31.88,"Vc":31.43,"thr":0.1,"de":0.302,"flap":0,"pitch":2.7,"thC":4.2,"vs":-1.27,"wK":1,"y":80.9,"hP":74.6,"brake":0,"onG":0}
{"t":450.1,"ph":"FINAL","s":-1412,"agl":67.8,"V":31.88,"Vc":31.43,"thr":0.1,"de":0.302,"flap":0,"pitch":2.6,"thC":4.2,"vs":-1.27,"wK":1,"y":80.6,"hP":74.2,"brake":0,"onG":0}
{"t":450.4,"ph":"FINAL","s":-1405,"agl":67.2,"V":31.87,"Vc":31.43,"thr":0.1,"de":0.302,"flap":0,"pitch":2.6,"thC":4.1,"vs":-1.27,"wK":1,"y":80.3,"hP":73.9,"brake":0,"onG":0}
{"t":450.6,"ph":"FINAL","s":-1398,"agl":66.7,"V":31.84,"Vc":31.43,"thr":0.11,"de":0.299,"flap":0,"pitch":2.6,"thC":4.1,"vs":-1.28,"wK":1,"y":79.9,"hP":73.6,"brake":0,"onG":0}
{"t":450.9,"ph":"FINAL","s":-1390,"agl":66.3,"V":31.81,"Vc":31.43,"thr":0.12,"de":0.297,"flap":0,"pitch":2.7,"thC":4,"vs":-1.28,"wK":1,"y":79.6,"hP":73.2,"brake":0,"onG":0}
{"t":451.2,"ph":"FINAL","s":-1383,"agl":66.1,"V":31.79,"Vc":31.43,"thr":0.12,"de":0.295,"flap":0,"pitch":2.7,"thC":4,"vs":-1.29,"wK":1,"y":79.2,"hP":72.9,"brake":0,"onG":0}
{"t":451.4,"ph":"FINAL","s":-1376,"agl":65.9,"V":31.78,"Vc":31.43,"thr":0.12,"de":0.295,"flap":0,"pitch":2.8,"thC":4,"vs":-1.28,"wK":1,"y":78.9,"hP":72.6,"brake":0,"onG":0}
{"t":451.7,"ph":"FINAL","s":-1369,"agl":65.5,"V":31.78,"Vc":31.43,"thr":0.12,"de":0.296,"flap":0,"pitch":2.8,"thC":4,"vs":-1.28,"wK":1,"y":78.6,"hP":72.2,"brake":0,"onG":0}
{"t":452,"ph":"FINAL","s":-1361,"agl":64.9,"V":31.78,"Vc":31.43,"thr":0.12,"de":0.298,"flap":0,"pitch":2.8,"thC":4,"vs":-1.26,"wK":1,"y":78.2,"hP":71.9,"brake":0,"onG":0}
{"t":452.2,"ph":"FINAL","s":-1354,"agl":64.2,"V":31.79,"Vc":31.43,"thr":0.12,"de":0.301,"flap":0,"pitch":2.8,"thC":4.1,"vs":-1.25,"wK":1,"y":77.9,"hP":71.6,"brake":0,"onG":0}
{"t":452.5,"ph":"FINAL","s":-1347,"agl":63.6,"V":31.78,"Vc":31.43,"thr":0.12,"de":0.302,"flap":0,"pitch":2.8,"thC":4.1,"vs":-1.24,"wK":1,"y":77.5,"hP":71.2,"brake":0,"onG":0}
{"t":452.8,"ph":"FINAL","s":-1340,"agl":63.1,"V":31.77,"Vc":31.43,"thr":0.12,"de":0.302,"flap":0,"pitch":2.8,"thC":4,"vs":-1.23,"wK":1,"y":77.2,"hP":70.9,"brake":0,"onG":0}
{"t":453,"ph":"FINAL","s":-1333,"agl":62.7,"V":31.75,"Vc":31.43,"thr":0.12,"de":0.3,"flap":0,"pitch":2.8,"thC":4,"vs":-1.23,"wK":1,"y":76.9,"hP":70.6,"brake":0,"onG":0}
{"t":453.3,"ph":"FINAL","s":-1326,"agl":62.3,"V":31.72,"Vc":31.43,"thr":0.13,"de":0.298,"flap":0,"pitch":2.8,"thC":3.9,"vs":-1.23,"wK":1,"y":76.6,"hP":70.3,"brake":0,"onG":0}
{"t":453.6,"ph":"FINAL","s":-1318,"agl":62,"V":31.69,"Vc":31.43,"thr":0.14,"de":0.297,"flap":0,"pitch":2.8,"thC":3.9,"vs":-1.23,"wK":1,"y":76.2,"hP":69.9,"brake":0,"onG":0}
{"t":453.8,"ph":"FINAL","s":-1311,"agl":61.5,"V":31.66,"Vc":31.43,"thr":0.14,"de":0.296,"flap":0,"pitch":2.9,"thC":3.8,"vs":-1.23,"wK":1,"y":75.9,"hP":69.6,"brake":0,"onG":0}
{"t":454.1,"ph":"FINAL","s":-1304,"agl":61,"V":31.65,"Vc":31.43,"thr":0.15,"de":0.296,"flap":0,"pitch":2.9,"thC":3.8,"vs":-1.22,"wK":1,"y":75.6,"hP":69.3,"brake":0,"onG":0}
{"t":454.4,"ph":"FINAL","s":-1297,"agl":60.5,"V":31.64,"Vc":31.43,"thr":0.14,"de":0.297,"flap":0,"pitch":2.9,"thC":3.8,"vs":-1.21,"wK":1,"y":75.3,"hP":69,"brake":0,"onG":0}
{"t":454.6,"ph":"FINAL","s":-1290,"agl":60,"V":31.64,"Vc":31.43,"thr":0.14,"de":0.299,"flap":0,"pitch":2.9,"thC":3.8,"vs":-1.2,"wK":1,"y":74.9,"hP":68.6,"brake":0,"onG":0}
{"t":454.9,"ph":"FINAL","s":-1283,"agl":59.6,"V":31.64,"Vc":31.43,"thr":0.14,"de":0.3,"flap":0,"pitch":2.9,"thC":3.8,"vs":-1.18,"wK":1,"y":74.6,"hP":68.3,"brake":0,"onG":0}
{"t":455.2,"ph":"FINAL","s":-1276,"agl":59.2,"V":31.62,"Vc":31.43,"thr":0.15,"de":0.299,"flap":0,"pitch":2.8,"thC":3.7,"vs":-1.18,"wK":1,"y":74.3,"hP":68,"brake":0,"onG":0}
{"t":455.4,"ph":"FINAL","s":-1269,"agl":58.7,"V":31.59,"Vc":31.43,"thr":0.15,"de":0.297,"flap":0,"pitch":2.8,"thC":3.6,"vs":-1.18,"wK":1,"y":74,"hP":67.7,"brake":0,"onG":0}
{"t":455.7,"ph":"FINAL","s":-1262,"agl":58.1,"V":31.55,"Vc":31.43,"thr":0.16,"de":0.294,"flap":0,"pitch":2.9,"thC":3.5,"vs":-1.19,"wK":1,"y":73.7,"hP":67.3,"brake":0,"onG":0}
{"t":456,"ph":"FINAL","s":-1255,"agl":57.4,"V":31.52,"Vc":31.43,"thr":0.17,"de":0.291,"flap":0,"pitch":2.9,"thC":3.5,"vs":-1.2,"wK":1,"y":73.3,"hP":67,"brake":0,"onG":0}
{"t":456.2,"ph":"FINAL","s":-1248,"agl":56.7,"V":31.49,"Vc":31.43,"thr":0.17,"de":0.29,"flap":0,"pitch":3,"thC":3.4,"vs":-1.2,"wK":1,"y":73,"hP":66.7,"brake":0,"onG":0}
{"t":456.5,"ph":"FINAL","s":-1241,"agl":56,"V":31.48,"Vc":31.43,"thr":0.17,"de":0.29,"flap":0,"pitch":3,"thC":3.4,"vs":-1.2,"wK":1,"y":72.7,"hP":66.4,"brake":0,"onG":0}
{"t":456.8,"ph":"FINAL","s":-1234,"agl":55.5,"V":31.49,"Vc":31.43,"thr":0.17,"de":0.291,"flap":0,"pitch":3,"thC":3.4,"vs":-1.19,"wK":1,"y":72.4,"hP":66,"brake":0,"onG":0}
{"t":457,"ph":"FINAL","s":-1227,"agl":55.1,"V":31.5,"Vc":31.43,"thr":0.17,"de":0.294,"flap":0,"pitch":3,"thC":3.5,"vs":-1.18,"wK":1,"y":72.1,"hP":65.7,"brake":0,"onG":0}
{"t":457.3,"ph":"FINAL","s":-1220,"agl":54.9,"V":31.52,"Vc":31.43,"thr":0.16,"de":0.296,"flap":0,"pitch":3,"thC":3.5,"vs":-1.17,"wK":1,"y":71.8,"hP":65.4,"brake":0,"onG":0}
{"t":457.6,"ph":"FINAL","s":-1213,"agl":54.8,"V":31.52,"Vc":31.43,"thr":0.16,"de":0.297,"flap":0,"pitch":3,"thC":3.5,"vs":-1.17,"wK":1,"y":71.4,"hP":65.1,"brake":0,"onG":0}
{"t":457.8,"ph":"FINAL","s":-1206,"agl":54.7,"V":31.51,"Vc":31.43,"thr":0.16,"de":0.297,"flap":0,"pitch":3,"thC":3.5,"vs":-1.17,"wK":1,"y":71.1,"hP":64.8,"brake":0,"onG":0}
{"t":458.1,"ph":"FINAL","s":-1199,"agl":54.4,"V":31.5,"Vc":31.43,"thr":0.16,"de":0.295,"flap":0,"pitch":3,"thC":3.5,"vs":-1.17,"wK":1,"y":70.8,"hP":64.4,"brake":0,"onG":0}
{"t":458.4,"ph":"FINAL","s":-1192,"agl":53.9,"V":31.48,"Vc":31.43,"thr":0.17,"de":0.293,"flap":0,"pitch":3,"thC":3.4,"vs":-1.18,"wK":1,"y":70.5,"hP":64.1,"brake":0,"onG":0}
{"t":458.6,"ph":"FINAL","s":-1185,"agl":53.3,"V":31.47,"Vc":31.43,"thr":0.17,"de":0.292,"flap":0,"pitch":3,"thC":3.4,"vs":-1.19,"wK":1,"y":70.2,"hP":63.8,"brake":0,"onG":0}
{"t":458.9,"ph":"FINAL","s":-1178,"agl":53,"V":31.47,"Vc":31.43,"thr":0.17,"de":0.293,"flap":0,"pitch":3,"thC":3.4,"vs":-1.19,"wK":1,"y":69.9,"hP":63.5,"brake":0,"onG":0}
{"t":459.2,"ph":"FINAL","s":-1172,"agl":53.1,"V":31.48,"Vc":31.43,"thr":0.17,"de":0.295,"flap":0,"pitch":3,"thC":3.5,"vs":-1.19,"wK":1,"y":69.6,"hP":63.2,"brake":0,"onG":0}
{"t":459.4,"ph":"FINAL","s":-1165,"agl":52.9,"V":31.5,"Vc":31.43,"thr":0.16,"de":0.297,"flap":0,"pitch":3,"thC":3.5,"vs":-1.18,"wK":1,"y":69.2,"hP":62.9,"brake":0,"onG":0}
{"t":459.7,"ph":"FINAL","s":-1158,"agl":52.5,"V":31.51,"Vc":31.43,"thr":0.16,"de":0.299,"flap":0,"pitch":3,"thC":3.6,"vs":-1.17,"wK":1,"y":68.9,"hP":62.5,"brake":0,"onG":0}
{"t":460,"ph":"FINAL","s":-1151,"agl":52.2,"V":31.52,"Vc":31.43,"thr":0.16,"de":0.3,"flap":0,"pitch":2.9,"thC":3.6,"vs":-1.17,"wK":1,"y":68.6,"hP":62.2,"brake":0,"onG":0}
{"t":460.2,"ph":"FINAL","s":-1144,"agl":52.1,"V":31.51,"Vc":31.43,"thr":0.16,"de":0.299,"flap":0,"pitch":2.9,"thC":3.5,"vs":-1.18,"wK":1,"y":68.3,"hP":61.9,"brake":0,"onG":0}
{"t":460.5,"ph":"FINAL","s":-1137,"agl":51.5,"V":31.48,"Vc":31.43,"thr":0.16,"de":0.297,"flap":0,"pitch":2.9,"thC":3.5,"vs":-1.19,"wK":1,"y":68,"hP":61.6,"brake":0,"onG":0}
{"t":460.8,"ph":"FINAL","s":-1130,"agl":50.8,"V":31.46,"Vc":31.43,"thr":0.17,"de":0.294,"flap":0,"pitch":3,"thC":3.4,"vs":-1.2,"wK":1,"y":67.7,"hP":61.3,"brake":0,"onG":0}
{"t":461,"ph":"FINAL","s":-1123,"agl":50.6,"V":31.45,"Vc":31.43,"thr":0.17,"de":0.293,"flap":0,"pitch":3,"thC":3.4,"vs":-1.21,"wK":1,"y":67.3,"hP":61,"brake":0,"onG":0}
{"t":461.3,"ph":"FINAL","s":-1117,"agl":51.3,"V":31.45,"Vc":31.43,"thr":0.17,"de":0.293,"flap":0,"pitch":3,"thC":3.4,"vs":-1.22,"wK":1,"y":67,"hP":60.6,"brake":0,"onG":0}
{"t":461.6,"ph":"FINAL","s":-1110,"agl":52.3,"V":31.45,"Vc":31.43,"thr":0.17,"de":0.294,"flap":0,"pitch":3.1,"thC":3.4,"vs":-1.21,"wK":1,"y":66.7,"hP":60.3,"brake":0,"onG":0}
{"t":461.8,"ph":"FINAL","s":-1103,"agl":52,"V":31.44,"Vc":31.43,"thr":0.17,"de":0.294,"flap":0,"pitch":3.1,"thC":3.4,"vs":-1.2,"wK":1,"y":66.4,"hP":60,"brake":0,"onG":0}
{"t":462.1,"ph":"FINAL","s":-1096,"agl":52.9,"V":31.44,"Vc":31.43,"thr":0.17,"de":0.296,"flap":0,"pitch":3.1,"thC":3.4,"vs":-1.19,"wK":1,"y":66.1,"hP":59.7,"brake":0,"onG":0}
{"t":462.4,"ph":"FINAL","s":-1089,"agl":53.2,"V":31.44,"Vc":31.43,"thr":0.17,"de":0.296,"flap":0,"pitch":3,"thC":3.4,"vs":-1.18,"wK":1,"y":65.7,"hP":59.4,"brake":0,"onG":0}
{"t":462.6,"ph":"FINAL","s":-1082,"agl":53.3,"V":31.42,"Vc":31.43,"thr":0.18,"de":0.296,"flap":0,"pitch":3,"thC":3.3,"vs":-1.18,"wK":1,"y":65.4,"hP":59.1,"brake":0,"onG":0}
{"t":462.9,"ph":"FINAL","s":-1076,"agl":53.5,"V":31.4,"Vc":31.43,"thr":0.18,"de":0.294,"flap":0,"pitch":3,"thC":3.2,"vs":-1.18,"wK":1,"y":65.1,"hP":58.8,"brake":0,"onG":0}
{"t":463.2,"ph":"FINAL","s":-1069,"agl":53.6,"V":31.37,"Vc":31.43,"thr":0.19,"de":0.292,"flap":0,"pitch":3,"thC":3.2,"vs":-1.18,"wK":1,"y":64.8,"hP":58.4,"brake":0,"onG":0}
{"t":463.4,"ph":"FINAL","s":-1062,"agl":53.7,"V":31.35,"Vc":31.43,"thr":0.19,"de":0.29,"flap":0,"pitch":3,"thC":3.1,"vs":-1.19,"wK":1,"y":64.5,"hP":58.1,"brake":0,"onG":0}
{"t":463.7,"ph":"FINAL","s":-1055,"agl":53.8,"V":31.34,"Vc":31.43,"thr":0.2,"de":0.289,"flap":0,"pitch":3,"thC":3.1,"vs":-1.19,"wK":1,"y":64.2,"hP":57.8,"brake":0,"onG":0}
{"t":464,"ph":"FINAL","s":-1048,"agl":53.8,"V":31.34,"Vc":31.43,"thr":0.2,"de":0.29,"flap":0,"pitch":3.1,"thC":3.1,"vs":-1.19,"wK":1,"y":63.8,"hP":57.5,"brake":0,"onG":0}
{"t":464.2,"ph":"FINAL","s":-1042,"agl":53.8,"V":31.35,"Vc":31.43,"thr":0.19,"de":0.291,"flap":0,"pitch":3.1,"thC":3.1,"vs":-1.18,"wK":1,"y":63.5,"hP":57.2,"brake":0,"onG":0}
{"t":464.5,"ph":"FINAL","s":-1035,"agl":53.5,"V":31.36,"Vc":31.43,"thr":0.19,"de":0.292,"flap":0,"pitch":3,"thC":3.1,"vs":-1.18,"wK":1,"y":63.2,"hP":56.9,"brake":0,"onG":0}
{"t":464.8,"ph":"FINAL","s":-1028,"agl":53,"V":31.36,"Vc":31.43,"thr":0.19,"de":0.293,"flap":0,"pitch":3,"thC":3.1,"vs":-1.17,"wK":1,"y":62.9,"hP":56.6,"brake":0,"onG":0}
{"t":465,"ph":"FINAL","s":-1021,"agl":52.5,"V":31.35,"Vc":31.43,"thr":0.19,"de":0.292,"flap":0,"pitch":3,"thC":3.1,"vs":-1.17,"wK":1,"y":62.6,"hP":56.3,"brake":0,"onG":0}
{"t":465.3,"ph":"FINAL","s":-1014,"agl":52.4,"V":31.33,"Vc":31.43,"thr":0.2,"de":0.291,"flap":0,"pitch":3,"thC":3,"vs":-1.17,"wK":1,"y":62.3,"hP":55.9,"brake":0,"onG":0}
{"t":465.6,"ph":"FINAL","s":-1008,"agl":52.3,"V":31.31,"Vc":31.43,"thr":0.2,"de":0.288,"flap":0,"pitch":3,"thC":2.9,"vs":-1.18,"wK":1,"y":62,"hP":55.6,"brake":0,"onG":0}
{"t":465.8,"ph":"FINAL","s":-1001,"agl":52.3,"V":31.29,"Vc":31.43,"thr":0.21,"de":0.286,"flap":0,"pitch":3,"thC":2.9,"vs":-1.19,"wK":1,"y":61.6,"hP":55.3,"brake":0,"onG":0}
{"t":466.1,"ph":"FINAL","s":-994,"agl":52.2,"V":31.28,"Vc":31.43,"thr":0.21,"de":0.285,"flap":0,"pitch":3.1,"thC":2.9,"vs":-1.2,"wK":1,"y":61.3,"hP":55,"brake":0,"onG":0}
{"t":466.4,"ph":"FINAL","s":-987,"agl":52.1,"V":31.28,"Vc":31.43,"thr":0.21,"de":0.285,"flap":0,"pitch":3.1,"thC":2.9,"vs":-1.2,"wK":1,"y":61,"hP":54.7,"brake":0,"onG":0}
{"t":466.6,"ph":"FINAL","s":-980,"agl":51.9,"V":31.3,"Vc":31.43,"thr":0.21,"de":0.286,"flap":0,"pitch":3.1,"thC":2.9,"vs":-1.2,"wK":1,"y":60.7,"hP":54.4,"brake":0,"onG":0}
{"t":466.9,"ph":"FINAL","s":-974,"agl":51.7,"V":31.32,"Vc":31.43,"thr":0.2,"de":0.288,"flap":0,"pitch":3.1,"thC":3,"vs":-1.19,"wK":1,"y":60.4,"hP":54.1,"brake":0,"onG":0}
{"t":467.2,"ph":"FINAL","s":-967,"agl":51.6,"V":31.34,"Vc":31.43,"thr":0.2,"de":0.291,"flap":0,"pitch":3.1,"thC":3,"vs":-1.18,"wK":1,"y":60.1,"hP":53.8,"brake":0,"onG":0}
{"t":467.4,"ph":"FINAL","s":-960,"agl":51.9,"V":31.35,"Vc":31.43,"thr":0.19,"de":0.292,"flap":0,"pitch":3.1,"thC":3,"vs":-1.17,"wK":1,"y":59.7,"hP":53.4,"brake":0,"onG":0}
{"t":467.7,"ph":"FINAL","s":-953,"agl":52.7,"V":31.35,"Vc":31.43,"thr":0.19,"de":0.292,"flap":0,"pitch":3,"thC":3,"vs":-1.17,"wK":1,"y":59.4,"hP":53.1,"brake":0,"onG":0}
{"t":468,"ph":"FINAL","s":-947,"agl":53.4,"V":31.34,"Vc":31.43,"thr":0.19,"de":0.29,"flap":0,"pitch":3,"thC":3,"vs":-1.18,"wK":1,"y":59.1,"hP":52.8,"brake":0,"onG":0}
{"t":468.2,"ph":"FINAL","s":-940,"agl":54.1,"V":31.33,"Vc":31.43,"thr":0.2,"de":0.289,"flap":0,"pitch":3,"thC":3,"vs":-1.18,"wK":1,"y":58.8,"hP":52.5,"brake":0,"onG":0}
{"t":468.5,"ph":"FINAL","s":-933,"agl":57.4,"V":31.39,"Vc":31.43,"thr":0.18,"de":0.291,"flap":0,"pitch":3,"thC":3.1,"vs":-1.19,"wK":1,"y":58.5,"hP":52.2,"brake":0,"onG":0}
{"t":468.8,"ph":"FINAL","s":-926,"agl":57.1,"V":31.37,"Vc":31.43,"thr":0.19,"de":0.29,"flap":0,"pitch":3,"thC":3.1,"vs":-1.2,"wK":1,"y":58.2,"hP":51.9,"brake":0,"onG":0}
{"t":469,"ph":"FINAL","s":-919,"agl":56.7,"V":31.36,"Vc":31.43,"thr":0.19,"de":0.29,"flap":0,"pitch":3,"thC":3.1,"vs":-1.2,"wK":1,"y":57.8,"hP":51.6,"brake":0,"onG":0}
{"t":469.3,"ph":"FINAL","s":-913,"agl":56.4,"V":31.37,"Vc":31.43,"thr":0.19,"de":0.291,"flap":0,"pitch":3,"thC":3.1,"vs":-1.2,"wK":1,"y":57.5,"hP":51.3,"brake":0,"onG":0}
{"t":469.6,"ph":"FINAL","s":-906,"agl":56.1,"V":31.37,"Vc":31.43,"thr":0.19,"de":0.292,"flap":0,"pitch":3,"thC":3,"vs":-1.19,"wK":1,"y":57.2,"hP":50.9,"brake":0,"onG":0}
{"t":469.8,"ph":"FINAL","s":-899,"agl":55.8,"V":31.34,"Vc":31.43,"thr":0.2,"de":0.29,"flap":0,"pitch":3,"thC":2.9,"vs":-1.19,"wK":1,"y":56.9,"hP":50.6,"brake":0,"onG":0}
{"t":470.1,"ph":"FINAL","s":-892,"agl":55.5,"V":31.3,"Vc":31.43,"thr":0.21,"de":0.288,"flap":0,"pitch":3,"thC":2.8,"vs":-1.19,"wK":1,"y":56.6,"hP":50.3,"brake":0,"onG":0}
{"t":470.4,"ph":"FINAL","s":-886,"agl":55.2,"V":31.26,"Vc":31.43,"thr":0.22,"de":0.285,"flap":0,"pitch":3,"thC":2.7,"vs":-1.2,"wK":1,"y":56.3,"hP":50,"brake":0,"onG":0}
{"t":470.6,"ph":"FINAL","s":-879,"agl":54.8,"V":31.23,"Vc":31.43,"thr":0.23,"de":0.282,"flap":0,"pitch":3,"thC":2.6,"vs":-1.21,"wK":1,"y":55.9,"hP":49.7,"brake":0,"onG":0}
{"t":470.9,"ph":"FINAL","s":-872,"agl":54.5,"V":31.2,"Vc":31.43,"thr":0.23,"de":0.279,"flap":0,"pitch":3,"thC":2.5,"vs":-1.22,"wK":1,"y":55.6,"hP":49.4,"brake":0,"onG":0}
{"t":471.2,"ph":"FINAL","s":-865,"agl":54.2,"V":31.19,"Vc":31.43,"thr":0.24,"de":0.279,"flap":0,"pitch":3.1,"thC":2.5,"vs":-1.23,"wK":1,"y":55.3,"hP":49.1,"brake":0,"onG":0}
{"t":471.4,"ph":"FINAL","s":-858,"agl":53.9,"V":31.19,"Vc":31.43,"thr":0.24,"de":0.279,"flap":0,"pitch":3.1,"thC":2.5,"vs":-1.22,"wK":1,"y":55,"hP":48.8,"brake":0,"onG":0}
{"t":471.7,"ph":"FINAL","s":-852,"agl":53.5,"V":31.21,"Vc":31.43,"thr":0.23,"de":0.281,"flap":0,"pitch":3.1,"thC":2.6,"vs":-1.21,"wK":1,"y":54.6,"hP":48.5,"brake":0,"onG":0}
{"t":472,"ph":"FINAL","s":-845,"agl":53.2,"V":31.23,"Vc":31.43,"thr":0.23,"de":0.283,"flap":0,"pitch":3.1,"thC":2.6,"vs":-1.2,"wK":1,"y":54.3,"hP":48.1,"brake":0,"onG":0}
{"t":472.2,"ph":"FINAL","s":-838,"agl":52.9,"V":31.24,"Vc":31.43,"thr":0.23,"de":0.284,"flap":0,"pitch":3,"thC":2.6,"vs":-1.18,"wK":1,"y":54,"hP":47.8,"brake":0,"onG":0}
{"t":472.5,"ph":"FINAL","s":-831,"agl":52.6,"V":31.25,"Vc":31.43,"thr":0.23,"de":0.284,"flap":0,"pitch":3,"thC":2.6,"vs":-1.18,"wK":1,"y":53.7,"hP":47.5,"brake":0,"onG":0}
{"t":472.8,"ph":"FINAL","s":-824,"agl":52.3,"V":31.23,"Vc":31.43,"thr":0.23,"de":0.283,"flap":0,"pitch":3,"thC":2.6,"vs":-1.18,"wK":1,"y":53.4,"hP":47.2,"brake":0,"onG":0}
{"t":473,"ph":"FINAL","s":-818,"agl":51.9,"V":31.22,"Vc":31.43,"thr":0.23,"de":0.281,"flap":0,"pitch":3,"thC":2.5,"vs":-1.19,"wK":1,"y":53,"hP":46.9,"brake":0,"onG":0}
{"t":473.3,"ph":"FINAL","s":-811,"agl":51.6,"V":31.2,"Vc":31.43,"thr":0.24,"de":0.279,"flap":0,"pitch":3,"thC":2.5,"vs":-1.2,"wK":1,"y":52.7,"hP":46.6,"brake":0,"onG":0}
{"t":473.6,"ph":"FINAL","s":-804,"agl":51.3,"V":31.19,"Vc":31.43,"thr":0.24,"de":0.277,"flap":0,"pitch":3,"thC":2.4,"vs":-1.21,"wK":1,"y":52.4,"hP":46.3,"brake":0,"onG":0}
{"t":473.8,"ph":"FINAL","s":-797,"agl":51,"V":31.2,"Vc":31.43,"thr":0.24,"de":0.277,"flap":0,"pitch":3,"thC":2.5,"vs":-1.21,"wK":1,"y":52.1,"hP":45.9,"brake":0,"onG":0}
{"t":474.1,"ph":"FINAL","s":-790,"agl":50.7,"V":31.21,"Vc":31.43,"thr":0.24,"de":0.279,"flap":0,"pitch":3,"thC":2.5,"vs":-1.21,"wK":1,"y":51.8,"hP":45.6,"brake":0,"onG":0}
{"t":474.4,"ph":"FINAL","s":-783,"agl":50.3,"V":31.23,"Vc":31.43,"thr":0.23,"de":0.28,"flap":0,"pitch":3,"thC":2.5,"vs":-1.2,"wK":1,"y":51.4,"hP":45.3,"brake":0,"onG":0}
{"t":474.6,"ph":"FINAL","s":-776,"agl":50,"V":31.24,"Vc":31.43,"thr":0.23,"de":0.281,"flap":0,"pitch":3,"thC":2.6,"vs":-1.2,"wK":1,"y":51.1,"hP":45,"brake":0,"onG":0}
{"t":474.9,"ph":"FINAL","s":-770,"agl":49.7,"V":31.25,"Vc":31.43,"thr":0.23,"de":0.281,"flap":0,"pitch":3,"thC":2.5,"vs":-1.19,"wK":1,"y":50.8,"hP":44.7,"brake":0,"onG":0}
{"t":475.2,"ph":"FINAL","s":-763,"agl":49.4,"V":31.24,"Vc":31.43,"thr":0.23,"de":0.28,"flap":0,"pitch":3,"thC":2.5,"vs":-1.2,"wK":1,"y":50.5,"hP":44.4,"brake":0,"onG":0}
{"t":475.4,"ph":"FINAL","s":-756,"agl":49.1,"V":31.23,"Vc":31.43,"thr":0.24,"de":0.278,"flap":0,"pitch":3,"thC":2.5,"vs":-1.21,"wK":1,"y":50.2,"hP":44,"brake":0,"onG":0}
{"t":475.7,"ph":"FINAL","s":-749,"agl":48.7,"V":31.22,"Vc":31.43,"thr":0.24,"de":0.276,"flap":0,"pitch":3,"thC":2.4,"vs":-1.22,"wK":1,"y":49.8,"hP":43.7,"brake":0,"onG":0}
{"t":476,"ph":"FINAL","s":-742,"agl":48.4,"V":31.22,"Vc":31.43,"thr":0.24,"de":0.275,"flap":0,"pitch":3,"thC":2.4,"vs":-1.23,"wK":1,"y":49.5,"hP":43.4,"brake":0,"onG":0}
{"t":476.2,"ph":"FINAL","s":-735,"agl":48.1,"V":31.23,"Vc":31.43,"thr":0.24,"de":0.276,"flap":0,"pitch":3.1,"thC":2.5,"vs":-1.23,"wK":1,"y":49.2,"hP":43.1,"brake":0,"onG":0}
{"t":476.5,"ph":"FINAL","s":-728,"agl":47.8,"V":31.26,"Vc":31.43,"thr":0.23,"de":0.278,"flap":0,"pitch":3.1,"thC":2.5,"vs":-1.22,"wK":1,"y":48.9,"hP":42.8,"brake":0,"onG":0}
{"t":476.8,"ph":"FINAL","s":-721,"agl":47.4,"V":31.29,"Vc":31.43,"thr":0.23,"de":0.28,"flap":0,"pitch":3,"thC":2.6,"vs":-1.21,"wK":1,"y":48.5,"hP":42.5,"brake":0,"onG":0}
{"t":477,"ph":"FINAL","s":-714,"agl":47.1,"V":31.31,"Vc":31.43,"thr":0.22,"de":0.282,"flap":0,"pitch":3,"thC":2.7,"vs":-1.2,"wK":1,"y":48.2,"hP":42.1,"brake":0,"onG":0}
{"t":477.3,"ph":"FINAL","s":-707,"agl":46.8,"V":31.33,"Vc":31.43,"thr":0.22,"de":0.283,"flap":0,"pitch":3,"thC":2.7,"vs":-1.19,"wK":1,"y":47.9,"hP":41.8,"brake":0,"onG":0}
{"t":477.6,"ph":"FINAL","s":-700,"agl":46.5,"V":31.33,"Vc":31.43,"thr":0.22,"de":0.283,"flap":0,"pitch":2.9,"thC":2.7,"vs":-1.19,"wK":1,"y":47.6,"hP":41.5,"brake":0,"onG":0}
{"t":477.8,"ph":"FINAL","s":-693,"agl":46.2,"V":31.28,"Vc":31.43,"thr":0.23,"de":0.279,"flap":0,"pitch":2.9,"thC":2.5,"vs":-1.2,"wK":1,"y":47.3,"hP":41.2,"brake":0,"onG":0}
{"t":478.1,"ph":"FINAL","s":-686,"agl":45.8,"V":31.23,"Vc":31.43,"thr":0.24,"de":0.275,"flap":0,"pitch":2.9,"thC":2.3,"vs":-1.21,"wK":1,"y":46.9,"hP":40.9,"brake":0,"onG":0}
{"t":478.4,"ph":"FINAL","s":-679,"agl":45.5,"V":31.19,"Vc":31.43,"thr":0.25,"de":0.272,"flap":0,"pitch":2.9,"thC":2.2,"vs":-1.22,"wK":1,"y":46.6,"hP":40.5,"brake":0,"onG":0}
{"t":478.6,"ph":"FINAL","s":-672,"agl":45.2,"V":31.16,"Vc":31.43,"thr":0.26,"de":0.27,"flap":0,"pitch":3,"thC":2.1,"vs":-1.23,"wK":1,"y":46.3,"hP":40.2,"brake":0,"onG":0}
{"t":478.9,"ph":"FINAL","s":-665,"agl":44.9,"V":31.15,"Vc":31.43,"thr":0.26,"de":0.269,"flap":0,"pitch":3,"thC":2.1,"vs":-1.23,"wK":1,"y":46,"hP":39.9,"brake":0,"onG":0}
{"t":479.2,"ph":"FINAL","s":-658,"agl":44.5,"V":31.15,"Vc":31.43,"thr":0.27,"de":0.269,"flap":0,"pitch":3,"thC":2.1,"vs":-1.23,"wK":1,"y":45.6,"hP":39.6,"brake":0,"onG":0}
{"t":479.4,"ph":"FINAL","s":-651,"agl":44.2,"V":31.15,"Vc":31.43,"thr":0.27,"de":0.269,"flap":0,"pitch":3,"thC":2.1,"vs":-1.22,"wK":1,"y":45.3,"hP":39.2,"brake":0,"onG":0}
{"t":479.7,"ph":"FINAL","s":-644,"agl":43.9,"V":31.15,"Vc":31.43,"thr":0.27,"de":0.269,"flap":0,"pitch":3,"thC":2,"vs":-1.21,"wK":1,"y":45,"hP":38.9,"brake":0,"onG":0}
{"t":480,"ph":"FINAL","s":-637,"agl":43.6,"V":31.13,"Vc":31.43,"thr":0.27,"de":0.268,"flap":0,"pitch":3,"thC":2,"vs":-1.21,"wK":1,"y":44.7,"hP":38.6,"brake":0,"onG":0}
{"t":480.2,"ph":"FINAL","s":-630,"agl":43.2,"V":31.11,"Vc":31.43,"thr":0.28,"de":0.265,"flap":0,"pitch":3,"thC":1.9,"vs":-1.21,"wK":1,"y":44.3,"hP":38.3,"brake":0,"onG":0}
{"t":480.5,"ph":"FINAL","s":-623,"agl":42.9,"V":31.08,"Vc":31.43,"thr":0.28,"de":0.263,"flap":0,"pitch":3,"thC":1.8,"vs":-1.22,"wK":1,"y":44,"hP":37.9,"brake":0,"onG":0}
{"t":480.8,"ph":"FINAL","s":-616,"agl":42.6,"V":31.06,"Vc":31.43,"thr":0.29,"de":0.26,"flap":0,"pitch":3,"thC":1.7,"vs":-1.22,"wK":1,"y":43.7,"hP":37.6,"brake":0,"onG":0}
{"t":481,"ph":"FINAL","s":-609,"agl":42.3,"V":31.06,"Vc":31.43,"thr":0.29,"de":0.259,"flap":0,"pitch":3,"thC":1.7,"vs":-1.22,"wK":1,"y":43.4,"hP":37.3,"brake":0,"onG":0}
{"t":481.3,"ph":"FINAL","s":-602,"agl":41.9,"V":31.06,"Vc":31.43,"thr":0.29,"de":0.259,"flap":0,"pitch":3,"thC":1.7,"vs":-1.22,"wK":1,"y":43,"hP":37,"brake":0,"onG":0}
{"t":481.6,"ph":"FINAL","s":-595,"agl":41.6,"V":31.08,"Vc":31.43,"thr":0.29,"de":0.26,"flap":0,"pitch":3,"thC":1.7,"vs":-1.21,"wK":1,"y":42.7,"hP":36.6,"brake":0,"onG":0}
{"t":481.8,"ph":"FINAL","s":-587,"agl":41.3,"V":31.09,"Vc":31.43,"thr":0.28,"de":0.261,"flap":0,"pitch":3,"thC":1.7,"vs":-1.2,"wK":1,"y":42.4,"hP":36.3,"brake":0,"onG":0}
{"t":482.1,"ph":"FINAL","s":-580,"agl":41,"V":31.1,"Vc":31.43,"thr":0.28,"de":0.262,"flap":0,"pitch":3,"thC":1.7,"vs":-1.19,"wK":1,"y":42.1,"hP":36,"brake":0,"onG":0}
{"t":482.4,"ph":"FINAL","s":-573,"agl":40.7,"V":31.09,"Vc":31.43,"thr":0.28,"de":0.261,"flap":0,"pitch":2.9,"thC":1.6,"vs":-1.18,"wK":1,"y":41.8,"hP":35.6,"brake":0,"onG":0}
{"t":482.6,"ph":"FINAL","s":-566,"agl":40.3,"V":31.07,"Vc":31.43,"thr":0.29,"de":0.258,"flap":0,"pitch":2.9,"thC":1.5,"vs":-1.18,"wK":1,"y":41.4,"hP":35.3,"brake":0,"onG":0}
{"t":482.9,"ph":"FINAL","s":-558,"agl":40,"V":31.04,"Vc":31.43,"thr":0.3,"de":0.255,"flap":0,"pitch":2.9,"thC":1.4,"vs":-1.19,"wK":1,"y":41.1,"hP":35,"brake":0,"onG":0}
{"t":483.2,"ph":"FINAL","s":-551,"agl":39.7,"V":31.02,"Vc":31.43,"thr":0.3,"de":0.252,"flap":0,"pitch":2.9,"thC":1.3,"vs":-1.21,"wK":1,"y":40.8,"hP":34.6,"brake":0,"onG":0}
{"t":483.4,"ph":"FINAL","s":-544,"agl":39.4,"V":31,"Vc":31.43,"thr":0.31,"de":0.25,"flap":0,"pitch":2.9,"thC":1.2,"vs":-1.22,"wK":1,"y":40.5,"hP":34.3,"brake":0,"onG":0}
{"t":483.7,"ph":"FINAL","s":-537,"agl":39.1,"V":30.99,"Vc":31.43,"thr":0.31,"de":0.249,"flap":0,"pitch":2.9,"thC":1.2,"vs":-1.24,"wK":1,"y":40.1,"hP":34,"brake":0,"onG":0}
{"t":484,"ph":"FINAL","s":-529,"agl":38.7,"V":30.99,"Vc":31.43,"thr":0.31,"de":0.249,"flap":0,"pitch":2.9,"thC":1.2,"vs":-1.24,"wK":1,"y":39.8,"hP":33.6,"brake":0,"onG":0}
{"t":484.2,"ph":"FINAL","s":-522,"agl":38.4,"V":31,"Vc":31.43,"thr":0.31,"de":0.249,"flap":0,"pitch":2.9,"thC":1.2,"vs":-1.24,"wK":1,"y":39.5,"hP":33.3,"brake":0,"onG":0}
{"t":484.5,"ph":"FINAL","s":-514,"agl":38.1,"V":31.01,"Vc":31.43,"thr":0.31,"de":0.25,"flap":0,"pitch":2.9,"thC":1.2,"vs":-1.24,"wK":1,"y":39.2,"hP":32.9,"brake":0,"onG":0}
{"t":484.8,"ph":"FINAL","s":-507,"agl":37.7,"V":31.01,"Vc":31.43,"thr":0.31,"de":0.249,"flap":0,"pitch":2.8,"thC":1.2,"vs":-1.24,"wK":1,"y":38.8,"hP":32.6,"brake":0,"onG":0}
{"t":485,"ph":"FINAL","s":-499,"agl":37.4,"V":31,"Vc":31.43,"thr":0.31,"de":0.248,"flap":0,"pitch":2.8,"thC":1.1,"vs":-1.24,"wK":1,"y":38.5,"hP":32.3,"brake":0,"onG":0}
{"t":485.3,"ph":"FINAL","s":-492,"agl":37.1,"V":30.98,"Vc":31.43,"thr":0.32,"de":0.246,"flap":0,"pitch":2.8,"thC":1,"vs":-1.25,"wK":1,"y":38.2,"hP":31.9,"brake":0,"onG":0}
{"t":485.6,"ph":"FINAL","s":-484,"agl":36.7,"V":31.04,"Vc":31.43,"thr":0.3,"de":0.247,"flap":0,"pitch":2.8,"thC":1.2,"vs":-1.27,"wK":1,"y":37.8,"hP":31.6,"brake":0,"onG":0}
{"t":485.8,"ph":"FINAL","s":-477,"agl":36.4,"V":31.09,"Vc":31.43,"thr":0.29,"de":0.249,"flap":0,"pitch":2.8,"thC":1.4,"vs":-1.28,"wK":1,"y":37.5,"hP":31.2,"brake":0,"onG":0}
{"t":486.1,"ph":"FINAL","s":-469,"agl":36.1,"V":31.15,"Vc":31.43,"thr":0.28,"de":0.251,"flap":0,"pitch":2.8,"thC":1.5,"vs":-1.28,"wK":1,"y":37.1,"hP":30.9,"brake":0,"onG":0}
{"t":486.4,"ph":"FINAL","s":-462,"agl":35.7,"V":31.2,"Vc":31.43,"thr":0.27,"de":0.253,"flap":0,"pitch":2.8,"thC":1.6,"vs":-1.28,"wK":1,"y":36.8,"hP":30.5,"brake":0,"onG":0}
{"t":486.6,"ph":"FINAL","s":-454,"agl":35.4,"V":31.26,"Vc":31.43,"thr":0.25,"de":0.256,"flap":0,"pitch":2.7,"thC":1.8,"vs":-1.28,"wK":1,"y":36.5,"hP":30.2,"brake":0,"onG":0}
{"t":486.9,"ph":"FINAL","s":-447,"agl":35,"V":31.3,"Vc":31.43,"thr":0.24,"de":0.259,"flap":0,"pitch":2.7,"thC":1.9,"vs":-1.28,"wK":1,"y":36.1,"hP":29.8,"brake":0,"onG":0}
{"t":487.2,"ph":"FINAL","s":-439,"agl":34.7,"V":31.33,"Vc":31.43,"thr":0.24,"de":0.26,"flap":0,"pitch":2.7,"thC":1.9,"vs":-1.27,"wK":1,"y":35.8,"hP":29.5,"brake":0,"onG":0}
{"t":487.4,"ph":"FINAL","s":-431,"agl":34.3,"V":31.35,"Vc":31.43,"thr":0.23,"de":0.26,"flap":0,"pitch":2.6,"thC":1.9,"vs":-1.28,"wK":1,"y":35.4,"hP":29.1,"brake":0,"onG":0}
{"t":487.7,"ph":"FINAL","s":-424,"agl":34,"V":31.35,"Vc":31.43,"thr":0.23,"de":0.259,"flap":0,"pitch":2.6,"thC":1.9,"vs":-1.29,"wK":1,"y":35.1,"hP":28.8,"brake":0,"onG":0}
{"t":488,"ph":"FINAL","s":-416,"agl":33.7,"V":31.34,"Vc":31.43,"thr":0.24,"de":0.258,"flap":0,"pitch":2.6,"thC":1.9,"vs":-1.31,"wK":1,"y":34.8,"hP":28.4,"brake":0,"onG":0}
{"t":488.2,"ph":"FINAL","s":-408,"agl":33.3,"V":31.34,"Vc":31.43,"thr":0.24,"de":0.256,"flap":0,"pitch":2.6,"thC":1.8,"vs":-1.34,"wK":1,"y":34.4,"hP":28.1,"brake":0,"onG":0}
{"t":488.5,"ph":"FINAL","s":-401,"agl":32.9,"V":31.35,"Vc":31.43,"thr":0.24,"de":0.256,"flap":0,"pitch":2.6,"thC":1.9,"vs":-1.36,"wK":1,"y":34,"hP":27.7,"brake":0,"onG":0}
{"t":488.8,"ph":"FINAL","s":-393,"agl":32.6,"V":31.36,"Vc":31.43,"thr":0.24,"de":0.257,"flap":0,"pitch":2.6,"thC":1.9,"vs":-1.37,"wK":1,"y":33.7,"hP":27.4,"brake":0,"onG":0}
{"t":489,"ph":"FINAL","s":-385,"agl":32.2,"V":31.39,"Vc":31.43,"thr":0.23,"de":0.259,"flap":0,"pitch":2.6,"thC":2,"vs":-1.37,"wK":1,"y":33.3,"hP":27,"brake":0,"onG":0}
{"t":489.3,"ph":"FINAL","s":-377,"agl":31.8,"V":31.42,"Vc":31.43,"thr":0.23,"de":0.261,"flap":0,"pitch":2.6,"thC":2.1,"vs":-1.37,"wK":1,"y":32.9,"hP":26.6,"brake":0,"onG":0}
{"t":489.6,"ph":"FINAL","s":-370,"agl":31.5,"V":31.45,"Vc":31.43,"thr":0.22,"de":0.263,"flap":0,"pitch":2.5,"thC":2.2,"vs":-1.36,"wK":1,"y":32.6,"hP":26.3,"brake":0,"onG":0}
{"t":489.8,"ph":"FINAL","s":-362,"agl":31.1,"V":31.47,"Vc":31.43,"thr":0.22,"de":0.264,"flap":0,"pitch":2.5,"thC":2.2,"vs":-1.36,"wK":1,"y":32.2,"hP":25.9,"brake":0,"onG":0}
{"t":490.1,"ph":"FINAL","s":-354,"agl":30.8,"V":31.48,"Vc":31.43,"thr":0.21,"de":0.263,"flap":0,"pitch":2.5,"thC":2.2,"vs":-1.36,"wK":1,"y":31.9,"hP":25.6,"brake":0,"onG":0}
{"t":490.4,"ph":"FINAL","s":-346,"agl":30.4,"V":31.48,"Vc":31.43,"thr":0.22,"de":0.263,"flap":0,"pitch":2.5,"thC":2.3,"vs":-1.37,"wK":1,"y":31.5,"hP":25.2,"brake":0,"onG":0}
{"t":490.6,"ph":"FINAL","s":-339,"agl":30,"V":31.48,"Vc":31.43,"thr":0.22,"de":0.262,"flap":0,"pitch":2.5,"thC":2.3,"vs":-1.38,"wK":1,"y":31.1,"hP":24.9,"brake":0,"onG":0}
{"t":490.9,"ph":"FINAL","s":-331,"agl":27.6,"V":31.35,"Vc":31.43,"thr":0.25,"de":0.254,"flap":0,"pitch":2.6,"thC":1.9,"vs":-1.38,"wK":1,"y":30.8,"hP":24.5,"brake":0,"onG":0}
{"t":491.2,"ph":"FINAL","s":-323,"agl":24.5,"V":31.33,"Vc":31.43,"thr":0.25,"de":0.253,"flap":0,"pitch":2.6,"thC":1.8,"vs":-1.38,"wK":1,"y":30.4,"hP":24.1,"brake":0,"onG":0}
{"t":491.4,"ph":"FINAL","s":-315,"agl":21.3,"V":31.32,"Vc":31.43,"thr":0.26,"de":0.253,"flap":0,"pitch":2.6,"thC":1.7,"vs":-1.37,"wK":1,"y":30,"hP":23.8,"brake":0,"onG":0}
{"t":491.7,"ph":"FINAL","s":-307,"agl":18.3,"V":31.3,"Vc":31.43,"thr":0.26,"de":0.253,"flap":0,"pitch":2.6,"thC":1.7,"vs":-1.36,"wK":1,"y":29.7,"hP":23.4,"brake":0,"onG":0}
{"t":492,"ph":"FINAL","s":-300,"agl":15.6,"V":31.29,"Vc":31.43,"thr":0.27,"de":0.253,"flap":0,"pitch":2.5,"thC":1.7,"vs":-1.36,"wK":1,"y":29.3,"hP":23.1,"brake":0,"onG":0}
{"t":492.2,"ph":"FINAL","s":-292,"agl":13.5,"V":31.29,"Vc":31.43,"thr":0.27,"de":0.252,"flap":0,"pitch":2.5,"thC":1.6,"vs":-1.35,"wK":1,"y":28.9,"hP":22.7,"brake":0,"onG":0}
{"t":492.5,"ph":"FINAL","s":-284,"agl":12.2,"V":31.29,"Vc":31.43,"thr":0.27,"de":0.252,"flap":0,"pitch":2.5,"thC":1.7,"vs":-1.35,"wK":1,"y":28.6,"hP":22.3,"brake":0,"onG":0}
{"t":492.8,"ph":"FINAL","s":-276,"agl":11.3,"V":31.31,"Vc":31.43,"thr":0.26,"de":0.252,"flap":0,"pitch":2.5,"thC":1.7,"vs":-1.36,"wK":1,"y":28.2,"hP":22,"brake":0,"onG":0}
{"t":493,"ph":"FINAL","s":-268,"agl":10.8,"V":31.33,"Vc":31.43,"thr":0.26,"de":0.252,"flap":0,"pitch":2.5,"thC":1.8,"vs":-1.37,"wK":1,"y":27.8,"hP":21.6,"brake":0,"onG":0}
{"t":493.3,"ph":"FINAL","s":-260,"agl":10.4,"V":31.35,"Vc":31.43,"thr":0.25,"de":0.253,"flap":0,"pitch":2.5,"thC":1.9,"vs":-1.38,"wK":1,"y":27.5,"hP":21.2,"brake":0,"onG":0}
{"t":493.6,"ph":"FINAL","s":-252,"agl":9.9,"V":31.38,"Vc":31.43,"thr":0.25,"de":0.254,"flap":0,"pitch":2.6,"thC":2,"vs":-1.38,"wK":1,"y":27.1,"hP":20.9,"brake":0,"onG":0}
{"t":493.8,"ph":"FINAL","s":-244,"agl":9.4,"V":31.41,"Vc":31.43,"thr":0.24,"de":0.256,"flap":0,"pitch":2.6,"thC":2.1,"vs":-1.39,"wK":1,"y":26.7,"hP":20.5,"brake":0,"onG":0}
{"t":494.1,"ph":"FINAL","s":-236,"agl":8.8,"V":31.44,"Vc":31.43,"thr":0.23,"de":0.258,"flap":0,"pitch":2.6,"thC":2.2,"vs":-1.38,"wK":1,"y":26.4,"hP":20.1,"brake":0,"onG":0}
{"t":494.4,"ph":"FINAL","s":-228,"agl":8.3,"V":31.47,"Vc":31.43,"thr":0.23,"de":0.26,"flap":0,"pitch":2.6,"thC":2.3,"vs":-1.37,"wK":1,"y":26,"hP":19.8,"brake":0,"onG":0}
{"t":494.6,"ph":"FINAL","s":-220,"agl":7.8,"V":31.49,"Vc":31.43,"thr":0.22,"de":0.262,"flap":0,"pitch":2.5,"thC":2.3,"vs":-1.37,"wK":1,"y":25.6,"hP":19.4,"brake":0,"onG":0}
{"t":494.9,"ph":"FINAL","s":-212,"agl":7.3,"V":31.5,"Vc":31.43,"thr":0.22,"de":0.262,"flap":0,"pitch":2.5,"thC":2.3,"vs":-1.36,"wK":1,"y":25.3,"hP":19,"brake":0,"onG":0}
{"t":495.2,"ph":"FINAL","s":-204,"agl":6.7,"V":31.5,"Vc":31.43,"thr":0.22,"de":0.262,"flap":0,"pitch":2.5,"thC":2.3,"vs":-1.37,"wK":1,"y":24.9,"hP":18.7,"brake":0,"onG":0}
{"t":495.4,"ph":"FINAL","s":-196,"agl":6.2,"V":31.49,"Vc":31.43,"thr":0.22,"de":0.262,"flap":0,"pitch":2.5,"thC":2.4,"vs":-1.38,"wK":1,"y":24.5,"hP":18.3,"brake":0,"onG":0}
{"t":495.7,"ph":"FLARE","s":-188,"agl":5.7,"V":31.34,"Vc":null,"thr":0,"de":0.269,"flap":0,"pitch":2.1,"thC":null,"vs":-1.48,"wK":null,"y":24.2,"hP":null,"brake":0,"onG":0}
{"t":496,"ph":"FLARE","s":-180,"agl":5.1,"V":31.21,"Vc":null,"thr":0.08,"de":0.35,"flap":0,"pitch":1.5,"thC":null,"vs":-1.73,"wK":null,"y":23.7,"hP":null,"brake":0,"onG":0}
{"t":496.2,"ph":"FLARE","s":-172,"agl":4.5,"V":31.16,"Vc":null,"thr":0.12,"de":0.35,"flap":0,"pitch":1.9,"thC":null,"vs":-1.86,"wK":null,"y":23.3,"hP":null,"brake":0,"onG":0}
{"t":496.5,"ph":"FLARE","s":-164,"agl":3.8,"V":31.1,"Vc":null,"thr":0.12,"de":0.35,"flap":0,"pitch":2.6,"thC":null,"vs":-1.79,"wK":null,"y":22.8,"hP":null,"brake":0,"onG":0}
{"t":496.8,"ph":"FLARE","s":-156,"agl":3.2,"V":31.02,"Vc":null,"thr":0.12,"de":0.35,"flap":0,"pitch":3,"thC":null,"vs":-1.63,"wK":null,"y":22.3,"hP":null,"brake":0,"onG":0}
{"t":497,"ph":"FLARE","s":-148,"agl":2.6,"V":30.93,"Vc":null,"thr":0.12,"de":0.35,"flap":0,"pitch":3.1,"thC":null,"vs":-1.51,"wK":null,"y":21.9,"hP":null,"brake":0,"onG":0}
{"t":497.3,"ph":"FLARE","s":-140,"agl":2,"V":30.83,"Vc":null,"thr":0.12,"de":0.35,"flap":0,"pitch":2.9,"thC":null,"vs":-1.46,"wK":null,"y":21.5,"hP":null,"brake":0,"onG":0}
{"t":497.6,"ph":"FLARE","s":-132,"agl":1.4,"V":30.72,"Vc":null,"thr":0.12,"de":0.35,"flap":0,"pitch":2.6,"thC":null,"vs":-1.48,"wK":null,"y":21.1,"hP":null,"brake":0,"onG":0}
{"t":497.8,"ph":"FLARE","s":-125,"agl":0.8,"V":30.6,"Vc":null,"thr":0.12,"de":0.35,"flap":0,"pitch":2.4,"thC":null,"vs":-1.55,"wK":null,"y":20.7,"hP":null,"brake":0,"onG":0}
{"t":498.1,"ph":"ROLLOUT","s":-117,"agl":0,"V":30.42,"Vc":null,"thr":0,"de":0.35,"flap":0,"pitch":1.9,"thC":null,"vs":-1.22,"wK":null,"y":20.3,"hP":null,"brake":0,"onG":3}
{"t":498.4,"ph":"ROLLOUT","s":-109,"agl":0.1,"V":30.07,"Vc":null,"thr":0,"de":0.35,"flap":0,"pitch":-1.7,"thC":null,"vs":0.56,"wK":null,"y":20.5,"hP":null,"brake":0,"onG":0}
{"t":498.6,"ph":"ROLLOUT","s":-101,"agl":-0.1,"V":29.84,"Vc":null,"thr":0,"de":0.241,"flap":0,"pitch":-1.1,"thC":null,"vs":0.32,"wK":null,"y":20.5,"hP":null,"brake":0,"onG":3}
{"t":498.9,"ph":"ROLLOUT","s":-93,"agl":0.2,"V":29.66,"Vc":null,"thr":0,"de":-0.078,"flap":0,"pitch":4.3,"thC":null,"vs":2.6,"wK":null,"y":21.2,"hP":null,"brake":0,"onG":0}
{"t":499.2,"ph":"ROLLOUT","s":-86,"agl":0.5,"V":29.38,"Vc":null,"thr":0,"de":0.05,"flap":0,"pitch":6.1,"thC":null,"vs":1.64,"wK":null,"y":21.7,"hP":null,"brake":0,"onG":0}
{"t":499.4,"ph":"ROLLOUT","s":-78,"agl":0.6,"V":29.12,"Vc":null,"thr":0,"de":0.19,"flap":0,"pitch":5,"thC":null,"vs":0.89,"wK":null,"y":22.1,"hP":null,"brake":0,"onG":0}
{"t":499.7,"ph":"ROLLOUT","s":-71,"agl":0.5,"V":28.89,"Vc":null,"thr":0,"de":0.237,"flap":0,"pitch":3.1,"thC":null,"vs":0.03,"wK":null,"y":22.2,"hP":null,"brake":0,"onG":0}
{"t":500,"ph":"ROLLOUT","s":-63,"agl":0.1,"V":28.69,"Vc":null,"thr":0,"de":0.253,"flap":0,"pitch":1.4,"thC":null,"vs":-0.85,"wK":null,"y":22.1,"hP":null,"brake":0,"onG":1}
{"t":500.2,"ph":"ROLLOUT","s":-56,"agl":0,"V":28.39,"Vc":null,"thr":0,"de":0.245,"flap":0,"pitch":0.1,"thC":null,"vs":1.79,"wK":null,"y":22.3,"hP":null,"brake":0,"onG":3}
{"t":500.5,"ph":"ROLLOUT","s":-48,"agl":0,"V":28.17,"Vc":null,"thr":0,"de":0.055,"flap":0,"pitch":2.1,"thC":null,"vs":0.41,"wK":null,"y":22.6,"hP":null,"brake":0,"onG":3}
{"t":500.8,"ph":"ROLLOUT","s":-41,"agl":0,"V":27.93,"Vc":null,"thr":0,"de":0.245,"flap":0,"pitch":0.7,"thC":null,"vs":0.94,"wK":null,"y":22.8,"hP":null,"brake":0,"onG":3}
{"t":501,"ph":"ROLLOUT","s":-34,"agl":0,"V":27.7,"Vc":null,"thr":0,"de":0.12,"flap":0,"pitch":1.6,"thC":null,"vs":1.1,"wK":null,"y":23.1,"hP":null,"brake":0,"onG":3}
{"t":501.3,"ph":"ROLLOUT","s":-27,"agl":0,"V":27.49,"Vc":null,"thr":0,"de":0.178,"flap":0,"pitch":1.3,"thC":null,"vs":0.97,"wK":null,"y":23.3,"hP":null,"brake":0,"onG":3}
{"t":501.6,"ph":"ROLLOUT","s":-20,"agl":0,"V":27.28,"Vc":null,"thr":0,"de":0.148,"flap":0,"pitch":1.4,"thC":null,"vs":0.95,"wK":null,"y":23.6,"hP":null,"brake":0,"onG":3}
{"t":501.8,"ph":"ROLLOUT","s":-13,"agl":0,"V":27.07,"Vc":null,"thr":0,"de":0.166,"flap":0,"pitch":1.4,"thC":null,"vs":0.95,"wK":null,"y":23.9,"hP":null,"brake":0,"onG":3}
{"t":502.1,"ph":"ROLLOUT","s":-6,"agl":0,"V":26.86,"Vc":null,"thr":0,"de":0.16,"flap":0,"pitch":1.3,"thC":null,"vs":0.96,"wK":null,"y":24.1,"hP":null,"brake":0,"onG":3}
{"t":502.4,"ph":"ROLLOUT","s":1,"agl":0,"V":26.65,"Vc":null,"thr":0,"de":0.159,"flap":0,"pitch":1.4,"thC":null,"vs":0.94,"wK":null,"y":24.4,"hP":null,"brake":0,"onG":3}
{"t":502.6,"ph":"ROLLOUT","s":8,"agl":0,"V":26.43,"Vc":null,"thr":0,"de":0.162,"flap":0,"pitch":1.3,"thC":null,"vs":0.93,"wK":null,"y":24.6,"hP":null,"brake":0,"onG":3}
{"t":502.9,"ph":"ROLLOUT","s":15,"agl":0,"V":26.2,"Vc":null,"thr":0,"de":0.159,"flap":0,"pitch":1.4,"thC":null,"vs":0.92,"wK":null,"y":24.9,"hP":null,"brake":0,"onG":3}
{"t":503.2,"ph":"ROLLOUT","s":22,"agl":0,"V":25.98,"Vc":null,"thr":0,"de":0.161,"flap":0,"pitch":1.3,"thC":null,"vs":0.92,"wK":null,"y":25.1,"hP":null,"brake":0,"onG":3}
{"t":503.4,"ph":"ROLLOUT","s":28,"agl":0,"V":25.76,"Vc":null,"thr":0,"de":0.16,"flap":0,"pitch":1.3,"thC":null,"vs":0.91,"wK":null,"y":25.4,"hP":null,"brake":0,"onG":3}
{"t":503.7,"ph":"ROLLOUT","s":35,"agl":0,"V":25.56,"Vc":null,"thr":0,"de":0.161,"flap":0,"pitch":1.3,"thC":null,"vs":0.9,"wK":null,"y":25.6,"hP":null,"brake":0,"onG":3}
{"t":504,"ph":"ROLLOUT","s":42,"agl":0,"V":25.36,"Vc":null,"thr":0,"de":0.161,"flap":0,"pitch":1.3,"thC":null,"vs":0.89,"wK":null,"y":25.8,"hP":null,"brake":0,"onG":3}
{"t":504.2,"ph":"ROLLOUT","s":48,"agl":0,"V":25.17,"Vc":null,"thr":0,"de":0.162,"flap":0,"pitch":1.3,"thC":null,"vs":0.88,"wK":null,"y":26.1,"hP":null,"brake":0,"onG":3}
{"t":504.5,"ph":"ROLLOUT","s":55,"agl":0,"V":24.98,"Vc":null,"thr":0,"de":0.161,"flap":0,"pitch":1.3,"thC":null,"vs":0.88,"wK":null,"y":26.3,"hP":null,"brake":0,"onG":3}
{"t":504.8,"ph":"ROLLOUT","s":61,"agl":0,"V":24.78,"Vc":null,"thr":0,"de":0.158,"flap":0,"pitch":1.3,"thC":null,"vs":0.9,"wK":null,"y":26.5,"hP":null,"brake":0,"onG":3}
{"t":505,"ph":"ROLLOUT","s":67,"agl":0,"V":24.58,"Vc":null,"thr":0,"de":0.159,"flap":0,"pitch":1.4,"thC":null,"vs":0.89,"wK":null,"y":26.8,"hP":null,"brake":0,"onG":3}
{"t":505.3,"ph":"ROLLOUT","s":74,"agl":0,"V":24.37,"Vc":null,"thr":0,"de":0.161,"flap":0,"pitch":1.3,"thC":null,"vs":0.88,"wK":null,"y":27,"hP":null,"brake":0,"onG":3}
{"t":505.6,"ph":"ROLLOUT","s":80,"agl":0,"V":24.15,"Vc":null,"thr":0,"de":0.162,"flap":0,"pitch":1.3,"thC":null,"vs":0.86,"wK":null,"y":27.2,"hP":null,"brake":0,"onG":3}
{"t":505.8,"ph":"ROLLOUT","s":86,"agl":0,"V":23.95,"Vc":null,"thr":0,"de":0.164,"flap":0,"pitch":1.3,"thC":null,"vs":0.83,"wK":null,"y":27.5,"hP":null,"brake":0,"onG":3}
{"t":506.1,"ph":"ROLLOUT","s":92,"agl":0,"V":23.75,"Vc":null,"thr":0,"de":0.166,"flap":0,"pitch":1.2,"thC":null,"vs":0.8,"wK":null,"y":27.7,"hP":null,"brake":0,"onG":3}
{"t":506.4,"ph":"ROLLOUT","s":98,"agl":0,"V":23.55,"Vc":null,"thr":0,"de":0.169,"flap":0,"pitch":1.1,"thC":null,"vs":0.76,"wK":null,"y":27.9,"hP":null,"brake":0,"onG":3}
{"t":506.6,"ph":"ROLLOUT","s":104,"agl":0,"V":23.37,"Vc":null,"thr":0,"de":0.172,"flap":0,"pitch":1,"thC":null,"vs":0.71,"wK":null,"y":28.1,"hP":null,"brake":0,"onG":3}
{"t":506.9,"ph":"ROLLOUT","s":110,"agl":0,"V":23.18,"Vc":null,"thr":0,"de":0.172,"flap":0,"pitch":0.9,"thC":null,"vs":0.67,"wK":null,"y":28.3,"hP":null,"brake":0,"onG":3}
{"t":507.2,"ph":"ROLLOUT","s":116,"agl":0,"V":22.99,"Vc":null,"thr":0,"de":0.172,"flap":0,"pitch":0.8,"thC":null,"vs":0.64,"wK":null,"y":28.4,"hP":null,"brake":0,"onG":3}
{"t":507.4,"ph":"ROLLOUT","s":122,"agl":0,"V":22.8,"Vc":null,"thr":0,"de":0.173,"flap":0,"pitch":0.8,"thC":null,"vs":0.61,"wK":null,"y":28.6,"hP":null,"brake":0,"onG":3}
{"t":507.7,"ph":"ROLLOUT","s":128,"agl":0,"V":22.6,"Vc":null,"thr":0,"de":0.174,"flap":0,"pitch":0.7,"thC":null,"vs":0.58,"wK":null,"y":28.8,"hP":null,"brake":0,"onG":3}
{"t":508,"ph":"ROLLOUT","s":134,"agl":0,"V":22.4,"Vc":null,"thr":0,"de":0.174,"flap":0,"pitch":0.6,"thC":null,"vs":0.56,"wK":null,"y":28.9,"hP":null,"brake":0,"onG":3}
{"t":508.2,"ph":"ROLLOUT","s":139,"agl":0,"V":22.21,"Vc":null,"thr":0,"de":0.175,"flap":0,"pitch":0.6,"thC":null,"vs":0.53,"wK":null,"y":29.1,"hP":null,"brake":0,"onG":3}
{"t":508.5,"ph":"ROLLOUT","s":145,"agl":0,"V":22.03,"Vc":null,"thr":0,"de":0.175,"flap":0,"pitch":0.6,"thC":null,"vs":0.52,"wK":null,"y":29.2,"hP":null,"brake":0,"onG":3}
{"t":508.8,"ph":"ROLLOUT","s":151,"agl":0,"V":21.85,"Vc":null,"thr":0,"de":0.15,"flap":0,"pitch":0.5,"thC":null,"vs":0.5,"wK":null,"y":29.3,"hP":null,"brake":0.03,"onG":3}
{"t":509,"ph":"ROLLOUT","s":156,"agl":0,"V":21.67,"Vc":null,"thr":0,"de":0.15,"flap":0,"pitch":0.4,"thC":null,"vs":0.49,"wK":null,"y":29.5,"hP":null,"brake":0.06,"onG":3}
{"t":509.3,"ph":"ROLLOUT","s":162,"agl":0,"V":21.48,"Vc":null,"thr":0,"de":0.15,"flap":0,"pitch":0.4,"thC":null,"vs":0.45,"wK":null,"y":29.6,"hP":null,"brake":0.09,"onG":3}
{"t":509.6,"ph":"ROLLOUT","s":167,"agl":0,"V":21.27,"Vc":null,"thr":0,"de":0.15,"flap":0,"pitch":0.2,"thC":null,"vs":0.43,"wK":null,"y":29.7,"hP":null,"brake":0.12,"onG":3}
{"t":509.8,"ph":"ROLLOUT","s":173,"agl":0,"V":21.04,"Vc":null,"thr":0,"de":0.15,"flap":0,"pitch":0.2,"thC":null,"vs":0.41,"wK":null,"y":29.8,"hP":null,"brake":0.16,"onG":3}
{"t":510.1,"ph":"ROLLOUT","s":178,"agl":0,"V":20.79,"Vc":null,"thr":0,"de":0.15,"flap":0,"pitch":0.1,"thC":null,"vs":0.4,"wK":null,"y":29.9,"hP":null,"brake":0.19,"onG":3}
{"t":510.4,"ph":"ROLLOUT","s":183,"agl":0,"V":20.53,"Vc":null,"thr":0,"de":0.15,"flap":0,"pitch":0.1,"thC":null,"vs":0.38,"wK":null,"y":30,"hP":null,"brake":0.22,"onG":3}
{"t":510.6,"ph":"ROLLOUT","s":189,"agl":0,"V":20.25,"Vc":null,"thr":0,"de":0.15,"flap":0,"pitch":0.1,"thC":null,"vs":0.37,"wK":null,"y":30.1,"hP":null,"brake":0.25,"onG":3}
{"t":510.9,"ph":"ROLLOUT","s":194,"agl":0,"V":19.97,"Vc":null,"thr":0,"de":0.15,"flap":0,"pitch":0,"thC":null,"vs":0.36,"wK":null,"y":30.2,"hP":null,"brake":0.28,"onG":3}
{"t":511.2,"ph":"ROLLOUT","s":199,"agl":0,"V":19.68,"Vc":null,"thr":0,"de":0.15,"flap":0,"pitch":0,"thC":null,"vs":0.37,"wK":null,"y":30.3,"hP":null,"brake":0.3,"onG":3}
{"t":511.4,"ph":"ROLLOUT","s":204,"agl":0,"V":19.4,"Vc":null,"thr":0,"de":0.15,"flap":0,"pitch":0.1,"thC":null,"vs":0.37,"wK":null,"y":30.4,"hP":null,"brake":0.3,"onG":3}
{"t":511.7,"ph":"ROLLOUT","s":209,"agl":0,"V":19.12,"Vc":null,"thr":0,"de":0.15,"flap":0,"pitch":0.1,"thC":null,"vs":0.37,"wK":null,"y":30.5,"hP":null,"brake":0.3,"onG":3}
{"t":512,"ph":"ROLLOUT","s":214,"agl":0,"V":18.83,"Vc":null,"thr":0,"de":0.15,"flap":0,"pitch":0.1,"thC":null,"vs":0.36,"wK":null,"y":30.6,"hP":null,"brake":0.3,"onG":3}
{"t":512.2,"ph":"ROLLOUT","s":218,"agl":0,"V":18.54,"Vc":null,"thr":0,"de":0.15,"flap":0,"pitch":0.1,"thC":null,"vs":0.36,"wK":null,"y":30.7,"hP":null,"brake":0.3,"onG":3}
{"t":512.5,"ph":"ROLLOUT","s":223,"agl":0,"V":18.25,"Vc":null,"thr":0,"de":0.15,"flap":0,"pitch":0.1,"thC":null,"vs":0.35,"wK":null,"y":30.8,"hP":null,"brake":0.3,"onG":3}
{"t":512.8,"ph":"ROLLOUT","s":228,"agl":0,"V":17.95,"Vc":null,"thr":0,"de":0.15,"flap":0,"pitch":0.1,"thC":null,"vs":0.35,"wK":null,"y":30.9,"hP":null,"brake":0.3,"onG":3}
{"t":513,"ph":"ROLLOUT","s":232,"agl":0,"V":17.66,"Vc":null,"thr":0,"de":0.15,"flap":0,"pitch":0,"thC":null,"vs":0.34,"wK":null,"y":31,"hP":null,"brake":0.3,"onG":3}
{"t":513.3,"ph":"ROLLOUT","s":237,"agl":0,"V":17.37,"Vc":null,"thr":0,"de":0.15,"flap":0,"pitch":0,"thC":null,"vs":0.33,"wK":null,"y":31.1,"hP":null,"brake":0.3,"onG":3}
{"t":513.6,"ph":"ROLLOUT","s":241,"agl":0,"V":17.09,"Vc":null,"thr":0,"de":0.15,"flap":0,"pitch":0,"thC":null,"vs":0.33,"wK":null,"y":31.2,"hP":null,"brake":0.3,"onG":3}
{"t":513.8,"ph":"ROLLOUT","s":245,"agl":0,"V":16.82,"Vc":null,"thr":0,"de":0.15,"flap":0,"pitch":0,"thC":null,"vs":0.32,"wK":null,"y":31.3,"hP":null,"brake":0.3,"onG":3}
{"t":514.1,"ph":"ROLLOUT","s":250,"agl":0,"V":16.56,"Vc":null,"thr":0,"de":0.15,"flap":0,"pitch":0,"thC":null,"vs":0.32,"wK":null,"y":31.4,"hP":null,"brake":0.3,"onG":3}
{"t":514.4,"ph":"ROLLOUT","s":254,"agl":0,"V":16.29,"Vc":null,"thr":0,"de":0.15,"flap":0,"pitch":0,"thC":null,"vs":0.31,"wK":null,"y":31.4,"hP":null,"brake":0.3,"onG":3}
{"t":514.6,"ph":"ROLLOUT","s":258,"agl":0,"V":16.02,"Vc":null,"thr":0,"de":0.15,"flap":0,"pitch":0,"thC":null,"vs":0.31,"wK":null,"y":31.5,"hP":null,"brake":0.3,"onG":3}
{"t":514.9,"ph":"ROLLOUT","s":262,"agl":0,"V":15.74,"Vc":null,"thr":0,"de":0.15,"flap":0,"pitch":-0.5,"thC":null,"vs":-0.02,"wK":null,"y":31.6,"hP":null,"brake":0.3,"onG":3}
{"t":515.2,"ph":"ROLLOUT","s":266,"agl":0,"V":15.47,"Vc":null,"thr":0,"de":0.15,"flap":0,"pitch":-1.9,"thC":null,"vs":0.09,"wK":null,"y":31.6,"hP":null,"brake":0.3,"onG":3}
{"t":515.4,"ph":"ROLLOUT","s":270,"agl":0,"V":15.2,"Vc":null,"thr":0,"de":0.15,"flap":0,"pitch":-0.7,"thC":null,"vs":0,"wK":null,"y":31.6,"hP":null,"brake":0.3,"onG":3}
{"t":515.7,"ph":"ROLLOUT","s":273,"agl":0,"V":14.9,"Vc":null,"thr":0,"de":0.15,"flap":0,"pitch":-1,"thC":null,"vs":0.11,"wK":null,"y":31.6,"hP":null,"brake":0.3,"onG":3}
{"t":516,"ph":"ROLLOUT","s":277,"agl":0,"V":14.63,"Vc":null,"thr":0,"de":0.15,"flap":0,"pitch":-0.2,"thC":null,"vs":0.31,"wK":null,"y":31.6,"hP":null,"brake":0.3,"onG":3}
{"t":516.2,"ph":"ROLLOUT","s":281,"agl":0,"V":14.33,"Vc":null,"thr":0,"de":0.15,"flap":0,"pitch":0.8,"thC":null,"vs":0.45,"wK":null,"y":31.7,"hP":null,"brake":0.3,"onG":3}
{"t":516.5,"ph":"ROLLOUT","s":284,"agl":0,"V":14.02,"Vc":null,"thr":0,"de":0.15,"flap":0,"pitch":1.2,"thC":null,"vs":0.64,"wK":null,"y":31.9,"hP":null,"brake":0.3,"onG":3}
{"t":516.8,"ph":"ROLLOUT","s":288,"agl":0,"V":13.7,"Vc":null,"thr":0,"de":0.15,"flap":0,"pitch":2.4,"thC":null,"vs":0.79,"wK":null,"y":32.1,"hP":null,"brake":0.3,"onG":3}
{"t":517,"ph":"ROLLOUT","s":291,"agl":0,"V":13.36,"Vc":null,"thr":0,"de":0.15,"flap":0,"pitch":2.6,"thC":null,"vs":0.83,"wK":null,"y":32.3,"hP":null,"brake":0.3,"onG":3}
{"t":517.3,"ph":"ROLLOUT","s":294,"agl":0,"V":13.03,"Vc":null,"thr":0,"de":0.15,"flap":0,"pitch":3.3,"thC":null,"vs":0.98,"wK":null,"y":32.5,"hP":null,"brake":0.3,"onG":3}
{"t":517.6,"ph":"ROLLOUT","s":298,"agl":0,"V":12.68,"Vc":null,"thr":0,"de":0.15,"flap":0,"pitch":4.1,"thC":null,"vs":1.06,"wK":null,"y":32.8,"hP":null,"brake":0.3,"onG":3}
{"t":517.8,"ph":"ROLLOUT","s":301,"agl":0,"V":12.34,"Vc":null,"thr":0,"de":0.15,"flap":0,"pitch":4.4,"thC":null,"vs":1.15,"wK":null,"y":33.1,"hP":null,"brake":0.3,"onG":3}
{"t":518.1,"ph":"ROLLOUT","s":304,"agl":0,"V":12.01,"Vc":null,"thr":0,"de":0.15,"flap":0,"pitch":5.2,"thC":null,"vs":1.21,"wK":null,"y":33.4,"hP":null,"brake":0.3,"onG":3}
{"t":518.4,"ph":"ROLLOUT","s":307,"agl":0,"V":11.68,"Vc":null,"thr":0,"de":0.15,"flap":0,"pitch":5.5,"thC":null,"vs":1.24,"wK":null,"y":33.8,"hP":null,"brake":0.3,"onG":3}
{"t":518.6,"ph":"ROLLOUT","s":310,"agl":0,"V":11.32,"Vc":null,"thr":0,"de":0.15,"flap":0,"pitch":3.6,"thC":null,"vs":0.69,"wK":null,"y":34,"hP":null,"brake":0.3,"onG":3}
{"t":518.9,"ph":"ROLLOUT","s":312,"agl":0,"V":11.07,"Vc":null,"thr":0,"de":0.15,"flap":0,"pitch":2.1,"thC":null,"vs":0.89,"wK":null,"y":34.2,"hP":null,"brake":0.3,"onG":3}
{"t":519.2,"ph":"ROLLOUT","s":315,"agl":0,"V":10.74,"Vc":null,"thr":0,"de":0.15,"flap":0,"pitch":4,"thC":null,"vs":0.72,"wK":null,"y":34.4,"hP":null,"brake":0.3,"onG":3}
{"t":519.4,"ph":"ROLLOUT","s":318,"agl":0,"V":10.42,"Vc":null,"thr":0,"de":0.15,"flap":0,"pitch":2.5,"thC":null,"vs":0.68,"wK":null,"y":34.6,"hP":null,"brake":0.3,"onG":3}
{"t":519.7,"ph":"ROLLOUT","s":320,"agl":0,"V":10.1,"Vc":null,"thr":0,"de":0.15,"flap":0,"pitch":3.4,"thC":null,"vs":0.71,"wK":null,"y":34.8,"hP":null,"brake":0.3,"onG":3}
{"t":520,"ph":"ROLLOUT","s":322,"agl":0,"V":9.75,"Vc":null,"thr":0,"de":0.15,"flap":0,"pitch":3.1,"thC":null,"vs":0.64,"wK":null,"y":35,"hP":null,"brake":0.3,"onG":3}
{"t":520.2,"ph":"ROLLOUT","s":325,"agl":0,"V":9.43,"Vc":null,"thr":0,"de":0.15,"flap":0,"pitch":2.8,"thC":null,"vs":0.63,"wK":null,"y":35.2,"hP":null,"brake":0.3,"onG":3}
{"t":520.5,"ph":"ROLLOUT","s":327,"agl":0,"V":9.1,"Vc":null,"thr":0,"de":0.15,"flap":0,"pitch":3.1,"thC":null,"vs":0.58,"wK":null,"y":35.3,"hP":null,"brake":0.3,"onG":3}
{"t":520.8,"ph":"ROLLOUT","s":329,"agl":0,"V":8.78,"Vc":null,"thr":0,"de":0.15,"flap":0,"pitch":2.7,"thC":null,"vs":0.56,"wK":null,"y":35.5,"hP":null,"brake":0.3,"onG":3}
{"t":521,"ph":"ROLLOUT","s":331,"agl":0,"V":8.47,"Vc":null,"thr":0,"de":0.15,"flap":0,"pitch":2.6,"thC":null,"vs":0.48,"wK":null,"y":35.6,"hP":null,"brake":0.3,"onG":3}
{"t":521.3,"ph":"ROLLOUT","s":333,"agl":0,"V":8.17,"Vc":null,"thr":0,"de":0.15,"flap":0,"pitch":2.1,"thC":null,"vs":0.41,"wK":null,"y":35.7,"hP":null,"brake":0.3,"onG":3}
{"t":521.6,"ph":"ROLLOUT","s":335,"agl":0,"V":7.86,"Vc":null,"thr":0,"de":0.15,"flap":0,"pitch":1.7,"thC":null,"vs":0.35,"wK":null,"y":35.8,"hP":null,"brake":0.3,"onG":3}
{"t":521.8,"ph":"ROLLOUT","s":337,"agl":0,"V":7.55,"Vc":null,"thr":0,"de":0.15,"flap":0,"pitch":1.3,"thC":null,"vs":0.29,"wK":null,"y":35.9,"hP":null,"brake":0.3,"onG":3}
{"t":522.1,"ph":"ROLLOUT","s":339,"agl":0,"V":7.24,"Vc":null,"thr":0,"de":0.15,"flap":0,"pitch":0.8,"thC":null,"vs":0.22,"wK":null,"y":36,"hP":null,"brake":0.3,"onG":3}
{"t":522.4,"ph":"ROLLOUT","s":340,"agl":0,"V":6.93,"Vc":null,"thr":0,"de":0.15,"flap":0,"pitch":0.4,"thC":null,"vs":0.18,"wK":null,"y":36,"hP":null,"brake":0.3,"onG":3}
{"t":522.6,"ph":"ROLLOUT","s":342,"agl":0,"V":6.63,"Vc":null,"thr":0,"de":0.15,"flap":0,"pitch":0.3,"thC":null,"vs":0.17,"wK":null,"y":36.1,"hP":null,"brake":0.3,"onG":3}
{"t":522.9,"ph":"ROLLOUT","s":343,"agl":0,"V":6.32,"Vc":null,"thr":0,"de":0.15,"flap":0,"pitch":0.5,"thC":null,"vs":0.16,"wK":null,"y":36.1,"hP":null,"brake":0.3,"onG":3}
{"t":523.2,"ph":"ROLLOUT","s":345,"agl":0,"V":6.03,"Vc":null,"thr":0,"de":0.15,"flap":0,"pitch":0.3,"thC":null,"vs":0.15,"wK":null,"y":36.2,"hP":null,"brake":0.3,"onG":3}
{"t":523.4,"ph":"ROLLOUT","s":346,"agl":0,"V":5.75,"Vc":null,"thr":0,"de":0.15,"flap":0,"pitch":0.4,"thC":null,"vs":0.15,"wK":null,"y":36.2,"hP":null,"brake":0.3,"onG":3}
{"t":523.7,"ph":"ROLLOUT","s":348,"agl":0,"V":5.44,"Vc":null,"thr":0,"de":0.15,"flap":0,"pitch":-0.6,"thC":null,"vs":0,"wK":null,"y":36.2,"hP":null,"brake":0.3,"onG":3}
{"t":524,"ph":"ROLLOUT","s":349,"agl":0,"V":5.2,"Vc":null,"thr":0,"de":0.15,"flap":0,"pitch":-3.2,"thC":null,"vs":-0.1,"wK":null,"y":36.2,"hP":null,"brake":0.3,"onG":3}
{"t":524.2,"ph":"ROLLOUT","s":350,"agl":0,"V":4.91,"Vc":null,"thr":0,"de":0.15,"flap":0,"pitch":-2,"thC":null,"vs":-0.04,"wK":null,"y":36.2,"hP":null,"brake":0.3,"onG":3}
{"t":524.5,"ph":"ROLLOUT","s":351,"agl":0,"V":4.59,"Vc":null,"thr":0,"de":0.15,"flap":0,"pitch":-2.5,"thC":null,"vs":-0.08,"wK":null,"y":36.2,"hP":null,"brake":0.3,"onG":3}
{"t":524.8,"ph":"ROLLOUT","s":352,"agl":0,"V":4.31,"Vc":null,"thr":0,"de":0.15,"flap":0,"pitch":-2.6,"thC":null,"vs":-0.06,"wK":null,"y":36.1,"hP":null,"brake":0.29,"onG":3}
{"t":525,"ph":"ROLLOUT","s":353,"agl":0,"V":4.01,"Vc":null,"thr":0,"de":0.15,"flap":0,"pitch":-2.2,"thC":null,"vs":-0.07,"wK":null,"y":36.1,"hP":null,"brake":0.25,"onG":3}
{"t":525.3,"ph":"ROLLOUT","s":353,"agl":0,"V":3.76,"Vc":null,"thr":0,"de":0.15,"flap":0,"pitch":-2.7,"thC":null,"vs":-0.05,"wK":null,"y":36.1,"hP":null,"brake":0.21,"onG":3}
{"t":525.6,"ph":"ROLLOUT","s":354,"agl":0,"V":3.53,"Vc":null,"thr":0,"de":0.15,"flap":0,"pitch":-2.3,"thC":null,"vs":-0.05,"wK":null,"y":36.1,"hP":null,"brake":0.17,"onG":3}
{"t":525.8,"ph":"ROLLOUT","s":355,"agl":0,"V":3.33,"Vc":null,"thr":0,"de":0.15,"flap":0,"pitch":-2.5,"thC":null,"vs":-0.05,"wK":null,"y":36.1,"hP":null,"brake":0.14,"onG":3}
{"t":526.1,"ph":"ROLLOUT","s":356,"agl":0,"V":3.14,"Vc":null,"thr":0,"de":0.15,"flap":0,"pitch":-2.5,"thC":null,"vs":-0.04,"wK":null,"y":36.1,"hP":null,"brake":0.11,"onG":3}
{"t":526.4,"ph":"ROLLOUT","s":356,"agl":0,"V":2.97,"Vc":null,"thr":0,"de":0.15,"flap":0,"pitch":-2.4,"thC":null,"vs":-0.04,"wK":null,"y":36.1,"hP":null,"brake":0.08,"onG":3}
{"t":526.6,"ph":"ROLLOUT","s":357,"agl":0,"V":2.79,"Vc":null,"thr":0,"de":0.15,"flap":0,"pitch":-2.6,"thC":null,"vs":-0.04,"wK":null,"y":36.1,"hP":null,"brake":0.06,"onG":3}
{"t":526.9,"ph":"ROLLOUT","s":357,"agl":0,"V":2.63,"Vc":null,"thr":0,"de":0.15,"flap":0,"pitch":-2.4,"thC":null,"vs":-0.03,"wK":null,"y":36,"hP":null,"brake":0.03,"onG":3}
{"t":527.2,"ph":"ROLLOUT","s":358,"agl":0,"V":2.48,"Vc":null,"thr":0,"de":0.15,"flap":0,"pitch":-2.5,"thC":null,"vs":-0.03,"wK":null,"y":36,"hP":null,"brake":0.01,"onG":3}
{"t":527.4,"ph":"ROLLOUT","s":358,"agl":0,"V":2.35,"Vc":null,"thr":0,"de":0.15,"flap":0,"pitch":-2.5,"thC":null,"vs":-0.03,"wK":null,"y":36,"hP":null,"brake":0,"onG":3}
{"t":527.7,"ph":"ROLLOUT","s":358,"agl":0,"V":2.23,"Vc":null,"thr":0,"de":0.15,"flap":0,"pitch":-2.4,"thC":null,"vs":-0.03,"wK":null,"y":36,"hP":null,"brake":0,"onG":3}
{"t":528,"ph":"ROLLOUT","s":359,"agl":0,"V":2.11,"Vc":null,"thr":0,"de":0.15,"flap":0,"pitch":-2.5,"thC":null,"vs":-0.02,"wK":null,"y":36,"hP":null,"brake":0,"onG":3}
{"t":528.2,"ph":"ROLLOUT","s":359,"agl":0,"V":2,"Vc":null,"thr":0,"de":0.15,"flap":0,"pitch":-2.5,"thC":null,"vs":-0.02,"wK":null,"y":36,"hP":null,"brake":0,"onG":3}
{"t":528.5,"ph":"ROLLOUT","s":359,"agl":0,"V":1.89,"Vc":null,"thr":0,"de":0.15,"flap":0,"pitch":-2.5,"thC":null,"vs":-0.02,"wK":null,"y":36,"hP":null,"brake":0,"onG":3}
{"t":528.8,"ph":"ROLLOUT","s":359,"agl":0,"V":1.76,"Vc":null,"thr":0,"de":0.15,"flap":0,"pitch":-2.5,"thC":null,"vs":-0.02,"wK":null,"y":36,"hP":null,"brake":0,"onG":3}
{"t":529,"ph":"ROLLOUT","s":360,"agl":0,"V":1.62,"Vc":null,"thr":0,"de":0.15,"flap":0,"pitch":-2.5,"thC":null,"vs":-0.01,"wK":null,"y":36,"hP":null,"brake":0,"onG":3}
{"t":529.3,"ph":"ROLLOUT","s":360,"agl":0,"V":1.47,"Vc":null,"thr":0,"de":0.15,"flap":0,"pitch":-2.5,"thC":null,"vs":-0.01,"wK":null,"y":36,"hP":null,"brake":0,"onG":3}
{"t":529.6,"ph":"STOPPED","s":360,"agl":0,"V":1.32,"Vc":null,"thr":0,"de":0.15,"flap":0,"pitch":-2.5,"thC":null,"vs":-0.01,"wK":null,"y":36,"hP":null,"brake":0,"onG":3}
appr {"technique":"normal","Vref":28.9,"Vbase":28.8,"gust":0.1,"aimIn":62,"flap":0,"len":520,"surface":6,"runNeed":249,"gs":0.046,"reqGs":0.024}
landing {"run":477,"sink":1.66,"V":30.4,"offCentre":-0.1,"pastAim":80,"k":1,"three":false,"onStrip":false,"tdIn":142,"stopLeft":-100}
verdicts 184.4 vx-climb: ground ahead above the aeroplane — climbing at Vx 30.8 m/s until clear
  361.5 vref-raised: the elevator cannot hold 28.9 m/s at this power — flying the approach faster
  529.6 off-the-strip: touched 142 m in, stopped 100 m past the end of 520 m (0 m off the centreline)
strip w3 len 520 hdg 165; stopped s 359.9 (ends at +/-260)
damage {"y":0,"b":0,"dent":false,"crashed":false,"gPeak":3.93670670152656}
