mass 887.2 fuel 28 day {"kts":8,"dirDeg":250,"gust":0.15,"refH":10,"breeze":1}
  t 0.0 -> TAXI
  t 164.4 -> STOP
  t 165.4 -> HOLD
  t 167.5 -> ROLL
  t 178.3 -> LIFTOFF
  t 184.4 -> CLIMB
  t 201.6 -> ENROUTE
  t 216.7 -> DOWNWIND
  t 302.5 -> BASE
  t 339.7 -> FINAL
  t 485.4 -> FLARE
  t 488.3 -> ROLLOUT
  t 521.2 -> STOPPED
{"t":339.7,"ph":"FINAL","s":-4039,"agl":193.6,"V":40.17,"Vc":40.9,"thr":0.9,"de":0.11,"flap":0,"pitch":-2,"thC":10.2,"vs":-2.97,"wK":1,"y":239.4,"hP":251.2,"brake":0,"onG":0}
{"t":340,"ph":"FINAL","s":-4039,"agl":192.3,"V":40.05,"Vc":28.87,"thr":0.04,"de":0.068,"flap":0,"pitch":-1.3,"thC":-0.2,"vs":-2.35,"wK":0.87,"y":238.7,"hP":195,"brake":0,"onG":0}
{"t":340.2,"ph":"FINAL","s":-4039,"agl":191.6,"V":39.88,"Vc":28.87,"thr":0.04,"de":0.084,"flap":0,"pitch":-2.3,"thC":-2.1,"vs":-2.22,"wK":0.73,"y":238.1,"hP":195,"brake":0,"onG":0}
{"t":340.5,"ph":"FINAL","s":-4039,"agl":190.6,"V":39.73,"Vc":28.87,"thr":0.04,"de":0.069,"flap":0,"pitch":-3.1,"thC":-3.2,"vs":-2.49,"wK":0.6,"y":237.5,"hP":195,"brake":0,"onG":0}
{"t":340.8,"ph":"FINAL","s":-4039,"agl":188.9,"V":39.59,"Vc":28.87,"thr":0.04,"de":0.058,"flap":0,"pitch":-3.7,"thC":-3.7,"vs":-2.85,"wK":0.5,"y":236.8,"hP":195,"brake":0,"onG":0}
{"t":341,"ph":"FINAL","s":-4039,"agl":187,"V":39.49,"Vc":28.87,"thr":0.04,"de":0.069,"flap":0,"pitch":-4.2,"thC":-3,"vs":-3.24,"wK":0.5,"y":236,"hP":195,"brake":0,"onG":0}
{"t":341.3,"ph":"FINAL","s":-4039,"agl":185.3,"V":39.44,"Vc":28.87,"thr":0.04,"de":0.072,"flap":0,"pitch":-4.4,"thC":-2.4,"vs":-3.57,"wK":0.5,"y":235,"hP":195.1,"brake":0,"onG":0}
{"t":341.6,"ph":"FINAL","s":-4039,"agl":183.4,"V":39.42,"Vc":28.87,"thr":0.04,"de":0.078,"flap":0,"pitch":-4.6,"thC":-1.8,"vs":-3.81,"wK":0.5,"y":234.1,"hP":195.1,"brake":0,"onG":0}
{"t":341.8,"ph":"FINAL","s":-4040,"agl":181,"V":39.43,"Vc":28.87,"thr":0.04,"de":0.083,"flap":0,"pitch":-4.6,"thC":-1.4,"vs":-3.98,"wK":0.5,"y":233,"hP":195.1,"brake":0,"onG":0}
{"t":342.1,"ph":"FINAL","s":-4040,"agl":178.6,"V":39.47,"Vc":28.87,"thr":0.04,"de":0.086,"flap":0,"pitch":-4.6,"thC":-1,"vs":-4.08,"wK":0.5,"y":231.9,"hP":195.1,"brake":0,"onG":0}
{"t":342.4,"ph":"FINAL","s":-4040,"agl":176.4,"V":39.51,"Vc":28.87,"thr":0.04,"de":0.087,"flap":0,"pitch":-4.6,"thC":-0.7,"vs":-4.13,"wK":0.5,"y":230.8,"hP":195.1,"brake":0,"onG":0}
{"t":342.6,"ph":"FINAL","s":-4041,"agl":173.9,"V":39.55,"Vc":28.87,"thr":0.04,"de":0.087,"flap":0,"pitch":-4.5,"thC":-0.5,"vs":-4.13,"wK":0.5,"y":229.7,"hP":195.1,"brake":0,"onG":0}
{"t":342.9,"ph":"FINAL","s":-4041,"agl":171.6,"V":39.58,"Vc":28.87,"thr":0.04,"de":0.086,"flap":0,"pitch":-4.3,"thC":-0.4,"vs":-4.11,"wK":0.5,"y":228.6,"hP":195.1,"brake":0,"onG":0}
{"t":343.2,"ph":"FINAL","s":-4041,"agl":169.6,"V":39.59,"Vc":28.87,"thr":0.04,"de":0.085,"flap":0,"pitch":-4.2,"thC":-0.3,"vs":-4.08,"wK":0.5,"y":227.6,"hP":195.2,"brake":0,"onG":0}
{"t":343.4,"ph":"FINAL","s":-4041,"agl":166.7,"V":39.59,"Vc":28.87,"thr":0.04,"de":0.084,"flap":0,"pitch":-4,"thC":-0.2,"vs":-4.05,"wK":0.5,"y":226.5,"hP":195.2,"brake":0,"onG":0}
{"t":343.7,"ph":"FINAL","s":-4041,"agl":164.7,"V":39.59,"Vc":28.87,"thr":0.04,"de":0.084,"flap":0,"pitch":-3.8,"thC":-0.1,"vs":-4.02,"wK":0.5,"y":225.4,"hP":195.2,"brake":0,"onG":0}
{"t":344,"ph":"FINAL","s":-4041,"agl":163.2,"V":39.6,"Vc":28.87,"thr":0.04,"de":0.085,"flap":0,"pitch":-3.6,"thC":0,"vs":-4,"wK":0.5,"y":224.3,"hP":195.2,"brake":0,"onG":0}
{"t":344.2,"ph":"FINAL","s":-4041,"agl":161.9,"V":39.64,"Vc":28.87,"thr":0.04,"de":0.087,"flap":0,"pitch":-3.4,"thC":0.1,"vs":-3.99,"wK":0.5,"y":223.3,"hP":195.2,"brake":0,"onG":0}
{"t":344.5,"ph":"FINAL","s":-4041,"agl":160.2,"V":39.68,"Vc":28.87,"thr":0.04,"de":0.09,"flap":0,"pitch":-3.3,"thC":0.3,"vs":-3.98,"wK":0.5,"y":222.2,"hP":195.1,"brake":0,"onG":0}
{"t":344.8,"ph":"FINAL","s":-4040,"agl":158.3,"V":39.75,"Vc":28.87,"thr":0.04,"de":0.093,"flap":0,"pitch":-3.2,"thC":0.4,"vs":-3.98,"wK":0.5,"y":221.1,"hP":195.1,"brake":0,"onG":0}
{"t":345,"ph":"FINAL","s":-4040,"agl":156.4,"V":39.81,"Vc":28.87,"thr":0.04,"de":0.097,"flap":0,"pitch":-3.1,"thC":0.6,"vs":-3.98,"wK":0.5,"y":220.1,"hP":195.1,"brake":0,"onG":0}
{"t":345.3,"ph":"FINAL","s":-4039,"agl":155,"V":39.85,"Vc":28.87,"thr":0.04,"de":0.103,"flap":0,"pitch":-3.1,"thC":0.8,"vs":-3.97,"wK":0.5,"y":219,"hP":195,"brake":0,"onG":0}
{"t":345.6,"ph":"FINAL","s":-4037,"agl":153.7,"V":39.88,"Vc":28.87,"thr":0.04,"de":0.113,"flap":0,"pitch":-3.1,"thC":0.9,"vs":-3.95,"wK":0.5,"y":218,"hP":195,"brake":0,"onG":0}
{"t":345.8,"ph":"FINAL","s":-4036,"agl":152.2,"V":39.87,"Vc":28.87,"thr":0.04,"de":0.12,"flap":0,"pitch":-3.2,"thC":0.9,"vs":-3.92,"wK":0.5,"y":216.9,"hP":194.9,"brake":0,"onG":0}
{"t":346.1,"ph":"FINAL","s":-4034,"agl":151,"V":39.84,"Vc":28.87,"thr":0.04,"de":0.121,"flap":0,"pitch":-3.3,"thC":0.9,"vs":-3.87,"wK":0.5,"y":215.9,"hP":194.8,"brake":0,"onG":0}
{"t":346.4,"ph":"FINAL","s":-4032,"agl":150.4,"V":39.8,"Vc":28.87,"thr":0.04,"de":0.12,"flap":0,"pitch":-3.4,"thC":0.9,"vs":-3.83,"wK":0.5,"y":214.8,"hP":194.7,"brake":0,"onG":0}
{"t":346.6,"ph":"FINAL","s":-4030,"agl":149.3,"V":39.76,"Vc":28.87,"thr":0.04,"de":0.118,"flap":0,"pitch":-3.3,"thC":1,"vs":-3.82,"wK":0.5,"y":213.8,"hP":194.6,"brake":0,"onG":0}
{"t":346.9,"ph":"FINAL","s":-4027,"agl":146.7,"V":39.74,"Vc":28.87,"thr":0.04,"de":0.117,"flap":0,"pitch":-3.2,"thC":1.1,"vs":-3.84,"wK":0.5,"y":212.8,"hP":194.5,"brake":0,"onG":0}
{"t":347.2,"ph":"FINAL","s":-4025,"agl":144.1,"V":39.74,"Vc":28.87,"thr":0.04,"de":0.119,"flap":0,"pitch":-3.1,"thC":1.3,"vs":-3.87,"wK":0.5,"y":211.8,"hP":194.4,"brake":0,"onG":0}
{"t":347.4,"ph":"FINAL","s":-4021,"agl":142.1,"V":39.75,"Vc":28.87,"thr":0.04,"de":0.123,"flap":0,"pitch":-3,"thC":1.5,"vs":-3.89,"wK":0.5,"y":210.7,"hP":194.3,"brake":0,"onG":0}
{"t":347.7,"ph":"FINAL","s":-4018,"agl":140.1,"V":39.76,"Vc":28.87,"thr":0.04,"de":0.128,"flap":0,"pitch":-3,"thC":1.7,"vs":-3.89,"wK":0.5,"y":209.7,"hP":194.1,"brake":0,"onG":0}
{"t":348,"ph":"FINAL","s":-4015,"agl":136.7,"V":39.75,"Vc":28.87,"thr":0.04,"de":0.132,"flap":0,"pitch":-2.9,"thC":1.8,"vs":-3.88,"wK":0.5,"y":208.7,"hP":193.9,"brake":0,"onG":0}
{"t":348.2,"ph":"FINAL","s":-4011,"agl":131.2,"V":39.71,"Vc":28.87,"thr":0.04,"de":0.135,"flap":0,"pitch":-2.9,"thC":1.8,"vs":-3.85,"wK":0.5,"y":207.6,"hP":193.8,"brake":0,"onG":0}
{"t":348.5,"ph":"FINAL","s":-4007,"agl":127.4,"V":39.66,"Vc":28.87,"thr":0.04,"de":0.137,"flap":0,"pitch":-2.9,"thC":1.9,"vs":-3.83,"wK":0.5,"y":206.6,"hP":193.6,"brake":0,"onG":0}
{"t":348.8,"ph":"FINAL","s":-4003,"agl":123,"V":39.58,"Vc":28.87,"thr":0.04,"de":0.141,"flap":0,"pitch":-2.9,"thC":2.1,"vs":-3.81,"wK":0.5,"y":205.6,"hP":193.4,"brake":0,"onG":0}
{"t":349,"ph":"FINAL","s":-3998,"agl":117.9,"V":39.49,"Vc":28.87,"thr":0.04,"de":0.147,"flap":0,"pitch":-2.8,"thC":2.7,"vs":-3.8,"wK":0.5,"y":204.6,"hP":193.2,"brake":0,"onG":0}
{"t":349.3,"ph":"FINAL","s":-3993,"agl":114.3,"V":39.41,"Vc":28.87,"thr":0.04,"de":0.152,"flap":0,"pitch":-2.6,"thC":3.3,"vs":-3.78,"wK":0.5,"y":203.6,"hP":193,"brake":0,"onG":0}
{"t":349.6,"ph":"FINAL","s":-3988,"agl":111.4,"V":39.34,"Vc":28.87,"thr":0.04,"de":0.158,"flap":0,"pitch":-2.4,"thC":3.9,"vs":-3.73,"wK":0.5,"y":202.6,"hP":192.7,"brake":0,"onG":0}
{"t":349.8,"ph":"FINAL","s":-3983,"agl":109.4,"V":39.28,"Vc":28.87,"thr":0.04,"de":0.165,"flap":0,"pitch":-2.2,"thC":4.5,"vs":-3.66,"wK":0.5,"y":201.6,"hP":192.5,"brake":0,"onG":0}
{"t":350.1,"ph":"FINAL","s":-3978,"agl":106.4,"V":39.25,"Vc":28.87,"thr":0.04,"de":0.171,"flap":0,"pitch":-1.9,"thC":5,"vs":-3.56,"wK":0.5,"y":200.6,"hP":192.3,"brake":0,"onG":0}
{"t":350.4,"ph":"FINAL","s":-3972,"agl":103.3,"V":39.22,"Vc":28.87,"thr":0.04,"de":0.176,"flap":0,"pitch":-1.7,"thC":5.3,"vs":-3.44,"wK":0.5,"y":199.7,"hP":192,"brake":0,"onG":0}
{"t":350.6,"ph":"FINAL","s":-3966,"agl":99.8,"V":39.19,"Vc":28.87,"thr":0.04,"de":0.18,"flap":0,"pitch":-1.5,"thC":5.6,"vs":-3.3,"wK":0.5,"y":198.8,"hP":191.7,"brake":0,"onG":0}
{"t":350.9,"ph":"FINAL","s":-3961,"agl":96.5,"V":39.15,"Vc":28.87,"thr":0.04,"de":0.183,"flap":0,"pitch":-1.3,"thC":5.7,"vs":-3.15,"wK":0.5,"y":197.9,"hP":191.5,"brake":0,"onG":0}
{"t":351.2,"ph":"FINAL","s":-3954,"agl":94.9,"V":39.09,"Vc":28.87,"thr":0.04,"de":0.185,"flap":0,"pitch":-1.1,"thC":5.9,"vs":-3.01,"wK":0.5,"y":197.1,"hP":191.2,"brake":0,"onG":0}
{"t":351.4,"ph":"FINAL","s":-3948,"agl":95.7,"V":39.02,"Vc":28.87,"thr":0.04,"de":0.186,"flap":0,"pitch":-0.9,"thC":6,"vs":-2.89,"wK":0.5,"y":196.3,"hP":190.9,"brake":0,"onG":0}
{"t":351.7,"ph":"FINAL","s":-3941,"agl":97.2,"V":38.93,"Vc":28.87,"thr":0.04,"de":0.187,"flap":0,"pitch":-0.7,"thC":6.1,"vs":-2.77,"wK":0.5,"y":195.6,"hP":190.6,"brake":0,"onG":0}
{"t":352,"ph":"FINAL","s":-3935,"agl":98.8,"V":38.84,"Vc":28.87,"thr":0.04,"de":0.188,"flap":0,"pitch":-0.6,"thC":6.2,"vs":-2.66,"wK":0.5,"y":194.8,"hP":190.3,"brake":0,"onG":0}
{"t":352.2,"ph":"FINAL","s":-3928,"agl":100.8,"V":38.74,"Vc":28.87,"thr":0.04,"de":0.189,"flap":0,"pitch":-0.4,"thC":6.3,"vs":-2.56,"wK":0.5,"y":194.1,"hP":190,"brake":0,"onG":0}
{"t":352.5,"ph":"FINAL","s":-3921,"agl":103.7,"V":38.66,"Vc":28.87,"thr":0.04,"de":0.191,"flap":0,"pitch":-0.2,"thC":6.4,"vs":-2.46,"wK":0.5,"y":193.5,"hP":189.6,"brake":0,"onG":0}
{"t":352.8,"ph":"FINAL","s":-3914,"agl":106.9,"V":38.6,"Vc":28.87,"thr":0.04,"de":0.193,"flap":0,"pitch":0,"thC":6.5,"vs":-2.36,"wK":0.5,"y":192.8,"hP":189.3,"brake":0,"onG":0}
{"t":353,"ph":"FINAL","s":-3907,"agl":110.1,"V":38.54,"Vc":28.87,"thr":0.04,"de":0.196,"flap":0,"pitch":0.1,"thC":6.5,"vs":-2.25,"wK":0.5,"y":192.2,"hP":189,"brake":0,"onG":0}
{"t":353.3,"ph":"FINAL","s":-3899,"agl":112.8,"V":38.48,"Vc":28.87,"thr":0.04,"de":0.198,"flap":0,"pitch":0.2,"thC":6.6,"vs":-2.15,"wK":0.5,"y":191.6,"hP":188.6,"brake":0,"onG":0}
{"t":353.6,"ph":"FINAL","s":-3892,"agl":113.9,"V":38.4,"Vc":28.87,"thr":0.04,"de":0.2,"flap":0,"pitch":0.3,"thC":6.6,"vs":-2.06,"wK":0.5,"y":191.1,"hP":188.3,"brake":0,"onG":0}
{"t":353.8,"ph":"FINAL","s":-3884,"agl":113.4,"V":38.3,"Vc":28.87,"thr":0.04,"de":0.202,"flap":0,"pitch":0.4,"thC":6.6,"vs":-1.98,"wK":0.5,"y":190.5,"hP":187.9,"brake":0,"onG":0}
{"t":354.1,"ph":"FINAL","s":-3876,"agl":111.1,"V":38.16,"Vc":28.87,"thr":0.04,"de":0.203,"flap":0,"pitch":0.5,"thC":6.6,"vs":-1.93,"wK":0.5,"y":190,"hP":187.6,"brake":0,"onG":0}
{"t":354.4,"ph":"FINAL","s":-3869,"agl":108.3,"V":38.01,"Vc":28.87,"thr":0.04,"de":0.204,"flap":0,"pitch":0.6,"thC":6.7,"vs":-1.89,"wK":0.5,"y":189.5,"hP":187.2,"brake":0,"onG":0}
{"t":354.6,"ph":"FINAL","s":-3861,"agl":106.3,"V":37.85,"Vc":28.87,"thr":0.04,"de":0.205,"flap":0,"pitch":0.7,"thC":6.7,"vs":-1.87,"wK":0.5,"y":189,"hP":186.9,"brake":0,"onG":0}
{"t":354.9,"ph":"FINAL","s":-3853,"agl":105.1,"V":37.69,"Vc":28.87,"thr":0.04,"de":0.208,"flap":0,"pitch":0.8,"thC":6.8,"vs":-1.85,"wK":0.5,"y":188.5,"hP":186.5,"brake":0,"onG":0}
{"t":355.2,"ph":"FINAL","s":-3845,"agl":104.8,"V":37.56,"Vc":28.87,"thr":0.04,"de":0.211,"flap":0,"pitch":0.9,"thC":6.9,"vs":-1.84,"wK":0.5,"y":188,"hP":186.2,"brake":0,"onG":0}
{"t":355.4,"ph":"FINAL","s":-3837,"agl":105.3,"V":37.45,"Vc":28.87,"thr":0.04,"de":0.214,"flap":0,"pitch":0.9,"thC":7.1,"vs":-1.82,"wK":0.5,"y":187.5,"hP":185.8,"brake":0,"onG":0}
{"t":355.7,"ph":"FINAL","s":-3829,"agl":105.7,"V":37.35,"Vc":28.87,"thr":0.04,"de":0.219,"flap":0,"pitch":1,"thC":7.2,"vs":-1.79,"wK":0.5,"y":187,"hP":185.4,"brake":0,"onG":0}
{"t":356,"ph":"FINAL","s":-3821,"agl":106,"V":37.26,"Vc":28.87,"thr":0.04,"de":0.223,"flap":0,"pitch":1,"thC":7.3,"vs":-1.76,"wK":0.5,"y":186.6,"hP":185.1,"brake":0,"onG":0}
{"t":356.2,"ph":"FINAL","s":-3813,"agl":106.5,"V":37.16,"Vc":28.87,"thr":0.04,"de":0.226,"flap":0,"pitch":1.1,"thC":7.4,"vs":-1.73,"wK":0.5,"y":186.1,"hP":184.7,"brake":0,"onG":0}
{"t":356.5,"ph":"FINAL","s":-3805,"agl":107.5,"V":37.05,"Vc":28.87,"thr":0.04,"de":0.23,"flap":0,"pitch":1.1,"thC":7.5,"vs":-1.71,"wK":0.5,"y":185.6,"hP":184.3,"brake":0,"onG":0}
{"t":356.8,"ph":"FINAL","s":-3797,"agl":108.4,"V":36.92,"Vc":28.87,"thr":0.04,"de":0.233,"flap":0,"pitch":1.1,"thC":7.6,"vs":-1.7,"wK":0.5,"y":185.2,"hP":183.9,"brake":0,"onG":0}
{"t":357,"ph":"FINAL","s":-3789,"agl":109.1,"V":36.78,"Vc":28.87,"thr":0.04,"de":0.234,"flap":0,"pitch":1.2,"thC":7.7,"vs":-1.69,"wK":0.5,"y":184.7,"hP":183.6,"brake":0,"onG":0}
{"t":357.3,"ph":"FINAL","s":-3781,"agl":109.7,"V":36.64,"Vc":28.87,"thr":0.04,"de":0.234,"flap":0,"pitch":1.3,"thC":7.8,"vs":-1.7,"wK":0.5,"y":184.3,"hP":183.2,"brake":0,"onG":0}
{"t":357.6,"ph":"FINAL","s":-3773,"agl":109.9,"V":36.51,"Vc":28.87,"thr":0.04,"de":0.235,"flap":0,"pitch":1.4,"thC":7.9,"vs":-1.7,"wK":0.5,"y":183.8,"hP":182.8,"brake":0,"onG":0}
{"t":357.8,"ph":"FINAL","s":-3765,"agl":109.9,"V":36.38,"Vc":28.87,"thr":0.04,"de":0.24,"flap":0,"pitch":1.5,"thC":8.1,"vs":-1.71,"wK":0.5,"y":183.4,"hP":182.5,"brake":0,"onG":0}
{"t":358.1,"ph":"FINAL","s":-3757,"agl":109.8,"V":36.27,"Vc":28.87,"thr":0.04,"de":0.246,"flap":0,"pitch":1.6,"thC":8.2,"vs":-1.72,"wK":0.5,"y":182.9,"hP":182.1,"brake":0,"onG":0}
{"t":358.4,"ph":"FINAL","s":-3749,"agl":109.8,"V":36.16,"Vc":28.87,"thr":0.04,"de":0.253,"flap":0,"pitch":1.6,"thC":8.4,"vs":-1.71,"wK":0.5,"y":182.5,"hP":181.7,"brake":0,"onG":0}
{"t":358.6,"ph":"FINAL","s":-3741,"agl":110.1,"V":36.05,"Vc":28.87,"thr":0.04,"de":0.26,"flap":0,"pitch":1.6,"thC":8.5,"vs":-1.69,"wK":0.5,"y":182,"hP":181.4,"brake":0,"onG":0}
{"t":358.9,"ph":"FINAL","s":-3733,"agl":110.3,"V":35.94,"Vc":28.87,"thr":0.04,"de":0.265,"flap":0,"pitch":1.6,"thC":8.6,"vs":-1.67,"wK":0.5,"y":181.6,"hP":181,"brake":0,"onG":0}
{"t":359.2,"ph":"FINAL","s":-3726,"agl":110.2,"V":35.81,"Vc":28.87,"thr":0.04,"de":0.268,"flap":0,"pitch":1.6,"thC":8.7,"vs":-1.66,"wK":0.5,"y":181.1,"hP":180.7,"brake":0,"onG":0}
{"t":359.4,"ph":"FINAL","s":-3718,"agl":109.9,"V":35.67,"Vc":28.87,"thr":0.04,"de":0.271,"flap":0,"pitch":1.6,"thC":8.8,"vs":-1.66,"wK":0.5,"y":180.7,"hP":180.3,"brake":0,"onG":0}
{"t":359.7,"ph":"FINAL","s":-3711,"agl":109.6,"V":35.52,"Vc":28.87,"thr":0.04,"de":0.273,"flap":0,"pitch":1.6,"thC":9,"vs":-1.67,"wK":0.5,"y":180.2,"hP":180,"brake":0,"onG":0}
{"t":360,"ph":"FINAL","s":-3703,"agl":109.3,"V":35.38,"Vc":28.87,"thr":0.04,"de":0.275,"flap":0,"pitch":1.7,"thC":9.2,"vs":-1.69,"wK":0.5,"y":179.8,"hP":179.6,"brake":0,"onG":0}
{"t":360.2,"ph":"FINAL","s":-3696,"agl":108.8,"V":35.24,"Vc":28.87,"thr":0.04,"de":0.279,"flap":0,"pitch":1.8,"thC":9.3,"vs":-1.69,"wK":0.5,"y":179.3,"hP":179.3,"brake":0,"onG":0}
{"t":360.5,"ph":"FINAL","s":-3689,"agl":108.2,"V":35.11,"Vc":28.87,"thr":0.04,"de":0.284,"flap":0,"pitch":1.9,"thC":9.5,"vs":-1.68,"wK":0.5,"y":178.9,"hP":179,"brake":0,"onG":0}
{"t":360.8,"ph":"FINAL","s":-3682,"agl":107.2,"V":34.98,"Vc":28.87,"thr":0.04,"de":0.289,"flap":0,"pitch":1.9,"thC":9.6,"vs":-1.66,"wK":0.5,"y":178.4,"hP":178.6,"brake":0,"onG":0}
{"t":361,"ph":"FINAL","s":-3675,"agl":106,"V":34.85,"Vc":28.87,"thr":0.04,"de":0.294,"flap":0,"pitch":2,"thC":9.7,"vs":-1.63,"wK":0.5,"y":178,"hP":178.3,"brake":0,"onG":0}
{"t":361.3,"ph":"FINAL","s":-3668,"agl":105,"V":34.71,"Vc":28.87,"thr":0.04,"de":0.299,"flap":0,"pitch":2,"thC":9.8,"vs":-1.58,"wK":0.5,"y":177.6,"hP":178,"brake":0,"onG":0}
{"t":361.6,"ph":"FINAL","s":-3661,"agl":104,"V":34.56,"Vc":28.87,"thr":0.04,"de":0.302,"flap":0,"pitch":2,"thC":9.8,"vs":-1.51,"wK":0.5,"y":177.1,"hP":177.7,"brake":0,"onG":0}
{"t":361.8,"ph":"FINAL","s":-3655,"agl":102.9,"V":34.4,"Vc":28.87,"thr":0.04,"de":0.3,"flap":0,"pitch":2,"thC":9.7,"vs":-1.41,"wK":0.5,"y":176.8,"hP":177.4,"brake":0,"onG":0}
{"t":362.1,"ph":"FINAL","s":-3648,"agl":101.7,"V":34.23,"Vc":28.87,"thr":0.04,"de":0.295,"flap":0,"pitch":2.1,"thC":9.6,"vs":-1.28,"wK":0.5,"y":176.4,"hP":177.1,"brake":0,"onG":0}
{"t":362.4,"ph":"FINAL","s":-3642,"agl":100.4,"V":34.06,"Vc":28.87,"thr":0.04,"de":0.287,"flap":0,"pitch":2.3,"thC":9.4,"vs":-1.14,"wK":0.5,"y":176.1,"hP":176.8,"brake":0,"onG":0}
{"t":362.6,"ph":"FINAL","s":-3636,"agl":99.2,"V":33.88,"Vc":28.87,"thr":0.04,"de":0.279,"flap":0,"pitch":2.6,"thC":9.2,"vs":-0.99,"wK":0.5,"y":175.8,"hP":176.5,"brake":0,"onG":0}
{"t":362.9,"ph":"FINAL","s":-3630,"agl":98.4,"V":33.7,"Vc":28.87,"thr":0.04,"de":0.273,"flap":0,"pitch":2.9,"thC":9,"vs":-0.86,"wK":0.5,"y":175.5,"hP":176.2,"brake":0,"onG":0}
{"t":363.2,"ph":"FINAL","s":-3624,"agl":98.2,"V":33.52,"Vc":28.87,"thr":0.04,"de":0.269,"flap":0,"pitch":3.1,"thC":8.8,"vs":-0.75,"wK":0.5,"y":175.3,"hP":176,"brake":0,"onG":0}
{"t":363.4,"ph":"FINAL","s":-3618,"agl":98.8,"V":33.35,"Vc":28.87,"thr":0.04,"de":0.267,"flap":0,"pitch":3.3,"thC":8.6,"vs":-0.66,"wK":0.5,"y":175.1,"hP":175.7,"brake":0,"onG":0}
{"t":363.7,"ph":"FINAL","s":-3612,"agl":100,"V":33.18,"Vc":28.87,"thr":0.04,"de":0.266,"flap":0,"pitch":3.5,"thC":8.3,"vs":-0.62,"wK":0.5,"y":175,"hP":175.4,"brake":0,"onG":0}
{"t":364,"ph":"FINAL","s":-3606,"agl":101.6,"V":33.01,"Vc":28.87,"thr":0.04,"de":0.267,"flap":0,"pitch":3.6,"thC":8.2,"vs":-0.61,"wK":0.5,"y":174.8,"hP":175.2,"brake":0,"onG":0}
{"t":364.2,"ph":"FINAL","s":-3600,"agl":103.7,"V":32.84,"Vc":28.87,"thr":0.04,"de":0.269,"flap":0,"pitch":3.7,"thC":8.1,"vs":-0.64,"wK":0.5,"y":174.6,"hP":174.9,"brake":0,"onG":0}
{"t":364.5,"ph":"FINAL","s":-3594,"agl":105.7,"V":32.67,"Vc":28.87,"thr":0.04,"de":0.272,"flap":0,"pitch":3.7,"thC":8.1,"vs":-0.69,"wK":0.5,"y":174.5,"hP":174.6,"brake":0,"onG":0}
{"t":364.8,"ph":"FINAL","s":-3589,"agl":107.1,"V":32.49,"Vc":28.87,"thr":0.04,"de":0.276,"flap":0,"pitch":3.7,"thC":8.2,"vs":-0.77,"wK":0.5,"y":174.3,"hP":174.3,"brake":0,"onG":0}
{"t":365,"ph":"FINAL","s":-3583,"agl":108.1,"V":32.33,"Vc":28.87,"thr":0.04,"de":0.282,"flap":0,"pitch":3.7,"thC":8.3,"vs":-0.86,"wK":0.5,"y":174.1,"hP":174.1,"brake":0,"onG":0}
{"t":365.3,"ph":"FINAL","s":-3577,"agl":109.1,"V":32.17,"Vc":28.87,"thr":0.04,"de":0.29,"flap":0,"pitch":3.6,"thC":8.5,"vs":-0.95,"wK":0.5,"y":173.8,"hP":173.8,"brake":0,"onG":0}
{"t":365.6,"ph":"FINAL","s":-3571,"agl":110.3,"V":32.03,"Vc":28.87,"thr":0.04,"de":0.299,"flap":0,"pitch":3.5,"thC":8.7,"vs":-1.05,"wK":0.5,"y":173.6,"hP":173.5,"brake":0,"onG":0}
{"t":365.8,"ph":"FINAL","s":-3565,"agl":111.9,"V":31.9,"Vc":28.87,"thr":0.04,"de":0.308,"flap":0,"pitch":3.3,"thC":8.9,"vs":-1.15,"wK":0.5,"y":173.3,"hP":173.3,"brake":0,"onG":0}
{"t":366.1,"ph":"FINAL","s":-3559,"agl":113.7,"V":31.77,"Vc":28.87,"thr":0.04,"de":0.318,"flap":0,"pitch":3.2,"thC":9.2,"vs":-1.24,"wK":0.5,"y":172.9,"hP":173,"brake":0,"onG":0}
{"t":366.4,"ph":"FINAL","s":-3553,"agl":115,"V":31.65,"Vc":28.87,"thr":0.04,"de":0.327,"flap":0,"pitch":3,"thC":9.5,"vs":-1.34,"wK":0.5,"y":172.6,"hP":172.7,"brake":0,"onG":0}
{"t":366.6,"ph":"FINAL","s":-3547,"agl":115.7,"V":31.53,"Vc":28.87,"thr":0.04,"de":0.335,"flap":0,"pitch":2.9,"thC":9.8,"vs":-1.43,"wK":0.5,"y":172.2,"hP":172.4,"brake":0,"onG":0}
{"t":366.9,"ph":"FINAL","s":-3540,"agl":116.1,"V":31.41,"Vc":28.87,"thr":0.04,"de":0.342,"flap":0,"pitch":2.8,"thC":10.1,"vs":-1.52,"wK":0.5,"y":171.8,"hP":172.1,"brake":0,"onG":0}
{"t":367.2,"ph":"FINAL","s":-3534,"agl":116.3,"V":31.3,"Vc":28.9,"thr":0.04,"de":0.346,"flap":0,"pitch":2.7,"thC":10.2,"vs":-1.6,"wK":0.5,"y":171.4,"hP":171.9,"brake":0,"onG":0}
{"t":367.4,"ph":"FINAL","s":-3528,"agl":116.6,"V":31.21,"Vc":29.03,"thr":0.04,"de":0.35,"flap":0,"pitch":2.6,"thC":10.2,"vs":-1.67,"wK":0.5,"y":171,"hP":171.6,"brake":0,"onG":0}
{"t":367.7,"ph":"FINAL","s":-3522,"agl":116.7,"V":31.13,"Vc":29.17,"thr":0.06,"de":0.35,"flap":0,"pitch":2.5,"thC":10.2,"vs":-1.73,"wK":0.57,"y":170.5,"hP":171.3,"brake":0,"onG":0}
{"t":368,"ph":"FINAL","s":-3516,"agl":116.8,"V":31.09,"Vc":29.3,"thr":0.1,"de":0.35,"flap":0,"pitch":2.5,"thC":10.2,"vs":-1.77,"wK":0.7,"y":170.1,"hP":171,"brake":0,"onG":0}
{"t":368.2,"ph":"FINAL","s":-3509,"agl":116.9,"V":31.08,"Vc":29.43,"thr":0.13,"de":0.35,"flap":0,"pitch":2.5,"thC":10.2,"vs":-1.77,"wK":0.83,"y":169.6,"hP":170.7,"brake":0,"onG":0}
{"t":368.5,"ph":"FINAL","s":-3503,"agl":117,"V":31.08,"Vc":29.57,"thr":0.15,"de":0.35,"flap":0,"pitch":2.6,"thC":10.2,"vs":-1.74,"wK":0.97,"y":169.1,"hP":170.4,"brake":0,"onG":0}
{"t":368.8,"ph":"FINAL","s":-3497,"agl":117,"V":31.09,"Vc":29.7,"thr":0.18,"de":0.347,"flap":0,"pitch":2.8,"thC":10.2,"vs":-1.66,"wK":1,"y":168.7,"hP":170.1,"brake":0,"onG":0}
{"t":369,"ph":"FINAL","s":-3491,"agl":116.5,"V":31.09,"Vc":29.83,"thr":0.2,"de":0.344,"flap":0,"pitch":3,"thC":10.2,"vs":-1.57,"wK":1,"y":168.2,"hP":169.8,"brake":0,"onG":0}
{"t":369.3,"ph":"FINAL","s":-3484,"agl":115.6,"V":31.08,"Vc":29.97,"thr":0.22,"de":0.339,"flap":0,"pitch":3.2,"thC":10.2,"vs":-1.45,"wK":1,"y":167.8,"hP":169.5,"brake":0,"onG":0}
{"t":369.6,"ph":"FINAL","s":-3478,"agl":114.5,"V":31.09,"Vc":30.1,"thr":0.24,"de":0.335,"flap":0,"pitch":3.6,"thC":10.2,"vs":-1.3,"wK":1,"y":167.5,"hP":169.3,"brake":0,"onG":0}
{"t":369.8,"ph":"FINAL","s":-3471,"agl":113.6,"V":31.11,"Vc":30.23,"thr":0.25,"de":0.33,"flap":0,"pitch":3.9,"thC":10.2,"vs":-1.13,"wK":1,"y":167.1,"hP":169,"brake":0,"onG":0}
{"t":370.1,"ph":"FINAL","s":-3465,"agl":113.4,"V":31.13,"Vc":30.37,"thr":0.26,"de":0.325,"flap":0,"pitch":4.2,"thC":10,"vs":-0.95,"wK":1,"y":166.9,"hP":168.7,"brake":0,"onG":0}
{"t":370.4,"ph":"FINAL","s":-3459,"agl":114.1,"V":31.16,"Vc":30.5,"thr":0.27,"de":0.32,"flap":0,"pitch":4.5,"thC":9.6,"vs":-0.76,"wK":1,"y":166.6,"hP":168.4,"brake":0,"onG":0}
{"t":370.6,"ph":"FINAL","s":-3452,"agl":115.4,"V":31.18,"Vc":30.63,"thr":0.27,"de":0.315,"flap":0,"pitch":4.7,"thC":9.2,"vs":-0.58,"wK":1,"y":166.5,"hP":168.1,"brake":0,"onG":0}
{"t":370.9,"ph":"FINAL","s":-3446,"agl":117.4,"V":31.19,"Vc":30.77,"thr":0.28,"de":0.308,"flap":0,"pitch":4.9,"thC":8.7,"vs":-0.41,"wK":1,"y":166.3,"hP":167.8,"brake":0,"onG":0}
{"t":371.2,"ph":"FINAL","s":-3439,"agl":119.3,"V":31.19,"Vc":30.9,"thr":0.29,"de":0.3,"flap":0,"pitch":5,"thC":8.2,"vs":-0.27,"wK":1,"y":166.2,"hP":167.5,"brake":0,"onG":0}
{"t":371.4,"ph":"FINAL","s":-3433,"agl":120.9,"V":31.18,"Vc":31.03,"thr":0.3,"de":0.29,"flap":0,"pitch":5.2,"thC":7.6,"vs":-0.15,"wK":1,"y":166.2,"hP":167.2,"brake":0,"onG":0}
{"t":371.7,"ph":"FINAL","s":-3426,"agl":122.3,"V":31.16,"Vc":31.17,"thr":0.32,"de":0.28,"flap":0,"pitch":5.3,"thC":6.9,"vs":-0.05,"wK":1,"y":166.1,"hP":166.9,"brake":0,"onG":0}
{"t":372,"ph":"FINAL","s":-3420,"agl":123.6,"V":31.14,"Vc":31.3,"thr":0.33,"de":0.271,"flap":0,"pitch":5.4,"thC":6.3,"vs":0.03,"wK":1,"y":166.1,"hP":166.6,"brake":0,"onG":0}
{"t":372.2,"ph":"FINAL","s":-3414,"agl":124.8,"V":31.14,"Vc":31.43,"thr":0.34,"de":0.263,"flap":0,"pitch":5.5,"thC":5.7,"vs":0.1,"wK":1,"y":166.2,"hP":166.3,"brake":0,"onG":0}
{"t":372.5,"ph":"FINAL","s":-3407,"agl":126.1,"V":31.15,"Vc":31.57,"thr":0.34,"de":0.256,"flap":0,"pitch":5.5,"thC":5.2,"vs":0.15,"wK":1,"y":166.2,"hP":166,"brake":0,"onG":0}
{"t":372.8,"ph":"FINAL","s":-3401,"agl":127.4,"V":31.17,"Vc":31.7,"thr":0.35,"de":0.251,"flap":0,"pitch":5.5,"thC":4.6,"vs":0.19,"wK":1,"y":166.2,"hP":165.7,"brake":0,"onG":0}
{"t":373,"ph":"FINAL","s":-3394,"agl":128.7,"V":31.2,"Vc":31.83,"thr":0.35,"de":0.246,"flap":0,"pitch":5.4,"thC":4.1,"vs":0.22,"wK":1,"y":166.3,"hP":165.4,"brake":0,"onG":0}
{"t":373.3,"ph":"FINAL","s":-3388,"agl":129.7,"V":31.22,"Vc":31.97,"thr":0.36,"de":0.24,"flap":0,"pitch":5.3,"thC":3.5,"vs":0.22,"wK":1,"y":166.4,"hP":165.1,"brake":0,"onG":0}
{"t":373.6,"ph":"FINAL","s":-3381,"agl":130.3,"V":31.21,"Vc":32.1,"thr":0.37,"de":0.232,"flap":0,"pitch":5.2,"thC":2.9,"vs":0.21,"wK":1,"y":166.4,"hP":164.8,"brake":0,"onG":0}
{"t":373.8,"ph":"FINAL","s":-3375,"agl":130.2,"V":31.21,"Vc":32.23,"thr":0.38,"de":0.225,"flap":0,"pitch":5,"thC":2.3,"vs":0.18,"wK":1,"y":166.5,"hP":164.5,"brake":0,"onG":0}
{"t":374.1,"ph":"FINAL","s":-3368,"agl":129.9,"V":31.22,"Vc":32.37,"thr":0.39,"de":0.218,"flap":0,"pitch":4.9,"thC":1.7,"vs":0.13,"wK":1,"y":166.5,"hP":164.2,"brake":0,"onG":0}
{"t":374.4,"ph":"FINAL","s":-3362,"agl":130,"V":31.24,"Vc":32.5,"thr":0.4,"de":0.212,"flap":0,"pitch":4.7,"thC":1.2,"vs":0.07,"wK":1,"y":166.5,"hP":163.9,"brake":0,"onG":0}
{"t":374.6,"ph":"FINAL","s":-3356,"agl":130.3,"V":31.28,"Vc":32.63,"thr":0.41,"de":0.208,"flap":0,"pitch":4.6,"thC":0.8,"vs":0,"wK":1,"y":166.5,"hP":163.6,"brake":0,"onG":0}
{"t":374.9,"ph":"FINAL","s":-3349,"agl":130.1,"V":31.34,"Vc":32.77,"thr":0.41,"de":0.205,"flap":0,"pitch":4.4,"thC":0.5,"vs":-0.07,"wK":1,"y":166.5,"hP":163.3,"brake":0,"onG":0}
{"t":375.2,"ph":"FINAL","s":-3342,"agl":129.6,"V":31.42,"Vc":32.9,"thr":0.41,"de":0.203,"flap":0,"pitch":4.2,"thC":0.2,"vs":-0.14,"wK":1,"y":166.5,"hP":163,"brake":0,"onG":0}
{"t":375.4,"ph":"FINAL","s":-3336,"agl":129,"V":31.5,"Vc":32.93,"thr":0.38,"de":0.205,"flap":0,"pitch":4,"thC":0.1,"vs":-0.21,"wK":1,"y":166.5,"hP":162.7,"brake":0,"onG":0}
{"t":375.7,"ph":"FINAL","s":-3329,"agl":128.4,"V":31.57,"Vc":32.93,"thr":0.36,"de":0.206,"flap":0,"pitch":3.7,"thC":0,"vs":-0.29,"wK":1,"y":166.4,"hP":162.4,"brake":0,"onG":0}
{"t":376,"ph":"FINAL","s":-3323,"agl":128,"V":31.62,"Vc":32.93,"thr":0.34,"de":0.207,"flap":0,"pitch":3.5,"thC":-0.1,"vs":-0.38,"wK":1,"y":166.3,"hP":162.1,"brake":0,"onG":0}
{"t":376.2,"ph":"FINAL","s":-3316,"agl":127.3,"V":31.66,"Vc":32.93,"thr":0.33,"de":0.207,"flap":0,"pitch":3.3,"thC":-0.3,"vs":-0.49,"wK":1,"y":166.2,"hP":161.8,"brake":0,"onG":0}
{"t":376.5,"ph":"FINAL","s":-3309,"agl":126.5,"V":31.68,"Vc":32.93,"thr":0.33,"de":0.206,"flap":0,"pitch":3.1,"thC":-0.4,"vs":-0.62,"wK":1,"y":166,"hP":161.5,"brake":0,"onG":0}
{"t":376.8,"ph":"FINAL","s":-3303,"agl":125.9,"V":31.71,"Vc":32.93,"thr":0.32,"de":0.206,"flap":0,"pitch":2.9,"thC":-0.4,"vs":-0.75,"wK":1,"y":165.9,"hP":161.2,"brake":0,"onG":0}
{"t":377,"ph":"FINAL","s":-3296,"agl":125.4,"V":31.75,"Vc":32.93,"thr":0.31,"de":0.207,"flap":0,"pitch":2.7,"thC":-0.4,"vs":-0.87,"wK":1,"y":165.6,"hP":160.9,"brake":0,"onG":0}
{"t":377.3,"ph":"FINAL","s":-3289,"agl":125.4,"V":31.8,"Vc":32.93,"thr":0.3,"de":0.209,"flap":0,"pitch":2.5,"thC":-0.3,"vs":-0.99,"wK":1,"y":165.4,"hP":160.6,"brake":0,"onG":0}
{"t":377.6,"ph":"FINAL","s":-3283,"agl":125.9,"V":31.87,"Vc":32.93,"thr":0.29,"de":0.213,"flap":0,"pitch":2.3,"thC":-0.2,"vs":-1.1,"wK":1,"y":165.1,"hP":160.3,"brake":0,"onG":0}
{"t":377.8,"ph":"FINAL","s":-3276,"agl":126.8,"V":31.94,"Vc":32.93,"thr":0.28,"de":0.217,"flap":0,"pitch":2.2,"thC":0,"vs":-1.2,"wK":1,"y":164.8,"hP":160,"brake":0,"onG":0}
{"t":378.1,"ph":"FINAL","s":-3269,"agl":127.7,"V":32.01,"Vc":32.93,"thr":0.26,"de":0.221,"flap":0,"pitch":2,"thC":0.1,"vs":-1.28,"wK":1,"y":164.5,"hP":159.7,"brake":0,"onG":0}
{"t":378.4,"ph":"FINAL","s":-3262,"agl":128.8,"V":32.07,"Vc":32.93,"thr":0.26,"de":0.224,"flap":0,"pitch":1.9,"thC":0.3,"vs":-1.36,"wK":1,"y":164.1,"hP":159.3,"brake":0,"onG":0}
{"t":378.6,"ph":"FINAL","s":-3256,"agl":129.8,"V":32.11,"Vc":32.93,"thr":0.25,"de":0.226,"flap":0,"pitch":1.7,"thC":0.4,"vs":-1.44,"wK":1,"y":163.8,"hP":159,"brake":0,"onG":0}
{"t":378.9,"ph":"FINAL","s":-3249,"agl":131,"V":32.16,"Vc":32.93,"thr":0.25,"de":0.227,"flap":0,"pitch":1.6,"thC":0.5,"vs":-1.51,"wK":1,"y":163.4,"hP":158.7,"brake":0,"onG":0}
{"t":379.2,"ph":"FINAL","s":-3242,"agl":132.4,"V":32.2,"Vc":32.93,"thr":0.24,"de":0.229,"flap":0,"pitch":1.5,"thC":0.6,"vs":-1.58,"wK":1,"y":162.9,"hP":158.4,"brake":0,"onG":0}
{"t":379.4,"ph":"FINAL","s":-3235,"agl":133.7,"V":32.24,"Vc":32.93,"thr":0.24,"de":0.231,"flap":0,"pitch":1.5,"thC":0.8,"vs":-1.64,"wK":1,"y":162.5,"hP":158.1,"brake":0,"onG":0}
{"t":379.7,"ph":"FINAL","s":-3228,"agl":135.1,"V":32.3,"Vc":32.93,"thr":0.23,"de":0.234,"flap":0,"pitch":1.4,"thC":1,"vs":-1.69,"wK":1,"y":162.1,"hP":157.8,"brake":0,"onG":0}
{"t":380,"ph":"FINAL","s":-3221,"agl":136.2,"V":32.37,"Vc":32.93,"thr":0.22,"de":0.237,"flap":0,"pitch":1.4,"thC":1.2,"vs":-1.72,"wK":1,"y":161.6,"hP":157.5,"brake":0,"onG":0}
{"t":380.2,"ph":"FINAL","s":-3214,"agl":137,"V":32.44,"Vc":32.93,"thr":0.21,"de":0.241,"flap":0,"pitch":1.3,"thC":1.4,"vs":-1.73,"wK":1,"y":161.2,"hP":157.1,"brake":0,"onG":0}
{"t":380.5,"ph":"FINAL","s":-3208,"agl":137.7,"V":32.5,"Vc":32.93,"thr":0.2,"de":0.244,"flap":0,"pitch":1.3,"thC":1.5,"vs":-1.74,"wK":1,"y":160.7,"hP":156.8,"brake":0,"onG":0}
{"t":380.8,"ph":"FINAL","s":-3201,"agl":138,"V":32.55,"Vc":32.93,"thr":0.2,"de":0.246,"flap":0,"pitch":1.3,"thC":1.7,"vs":-1.74,"wK":1,"y":160.2,"hP":156.5,"brake":0,"onG":0}
{"t":381,"ph":"FINAL","s":-3194,"agl":138.2,"V":32.58,"Vc":32.93,"thr":0.2,"de":0.247,"flap":0,"pitch":1.3,"thC":1.8,"vs":-1.74,"wK":1,"y":159.8,"hP":156.2,"brake":0,"onG":0}
{"t":381.3,"ph":"FINAL","s":-3187,"agl":138.6,"V":32.6,"Vc":32.93,"thr":0.2,"de":0.246,"flap":0,"pitch":1.3,"thC":1.8,"vs":-1.74,"wK":1,"y":159.3,"hP":155.9,"brake":0,"onG":0}
{"t":381.6,"ph":"FINAL","s":-3180,"agl":139.1,"V":32.63,"Vc":32.93,"thr":0.2,"de":0.245,"flap":0,"pitch":1.3,"thC":1.9,"vs":-1.74,"wK":1,"y":158.8,"hP":155.5,"brake":0,"onG":0}
{"t":381.8,"ph":"FINAL","s":-3173,"agl":139.7,"V":32.66,"Vc":32.93,"thr":0.2,"de":0.245,"flap":0,"pitch":1.4,"thC":2,"vs":-1.74,"wK":1,"y":158.4,"hP":155.2,"brake":0,"onG":0}
{"t":382.1,"ph":"FINAL","s":-3166,"agl":140.3,"V":32.7,"Vc":32.93,"thr":0.19,"de":0.246,"flap":0,"pitch":1.4,"thC":2.1,"vs":-1.73,"wK":1,"y":157.9,"hP":154.9,"brake":0,"onG":0}
{"t":382.4,"ph":"FINAL","s":-3159,"agl":140.9,"V":32.75,"Vc":32.93,"thr":0.19,"de":0.248,"flap":0,"pitch":1.5,"thC":2.2,"vs":-1.71,"wK":1,"y":157.5,"hP":154.6,"brake":0,"onG":0}
{"t":382.6,"ph":"FINAL","s":-3152,"agl":141.1,"V":32.8,"Vc":32.93,"thr":0.18,"de":0.25,"flap":0,"pitch":1.5,"thC":2.4,"vs":-1.68,"wK":1,"y":157,"hP":154.3,"brake":0,"onG":0}
{"t":382.9,"ph":"FINAL","s":-3145,"agl":140.9,"V":32.84,"Vc":32.93,"thr":0.17,"de":0.252,"flap":0,"pitch":1.6,"thC":2.5,"vs":-1.65,"wK":1,"y":156.6,"hP":153.9,"brake":0,"onG":0}
{"t":383.2,"ph":"FINAL","s":-3138,"agl":140.4,"V":32.87,"Vc":32.93,"thr":0.17,"de":0.253,"flap":0,"pitch":1.6,"thC":2.5,"vs":-1.61,"wK":1,"y":156.1,"hP":153.6,"brake":0,"onG":0}
{"t":383.4,"ph":"FINAL","s":-3131,"agl":139.8,"V":32.89,"Vc":32.93,"thr":0.17,"de":0.253,"flap":0,"pitch":1.6,"thC":2.5,"vs":-1.57,"wK":1,"y":155.7,"hP":153.3,"brake":0,"onG":0}
{"t":383.7,"ph":"FINAL","s":-3124,"agl":139.7,"V":32.89,"Vc":32.93,"thr":0.17,"de":0.252,"flap":0,"pitch":1.7,"thC":2.5,"vs":-1.54,"wK":1,"y":155.3,"hP":153,"brake":0,"onG":0}
{"t":384,"ph":"FINAL","s":-3117,"agl":140.6,"V":32.89,"Vc":32.93,"thr":0.17,"de":0.25,"flap":0,"pitch":1.7,"thC":2.4,"vs":-1.52,"wK":1,"y":154.9,"hP":152.7,"brake":0,"onG":0}
{"t":384.2,"ph":"FINAL","s":-3110,"agl":141.9,"V":32.89,"Vc":32.93,"thr":0.18,"de":0.249,"flap":0,"pitch":1.8,"thC":2.4,"vs":-1.5,"wK":1,"y":154.5,"hP":152.3,"brake":0,"onG":0}
{"t":384.5,"ph":"FINAL","s":-3103,"agl":143.9,"V":32.89,"Vc":32.93,"thr":0.18,"de":0.248,"flap":0,"pitch":1.8,"thC":2.4,"vs":-1.48,"wK":1,"y":154.1,"hP":152,"brake":0,"onG":0}
{"t":384.8,"ph":"FINAL","s":-3096,"agl":145.8,"V":32.91,"Vc":32.93,"thr":0.18,"de":0.249,"flap":0,"pitch":1.8,"thC":2.4,"vs":-1.45,"wK":1,"y":153.7,"hP":151.7,"brake":0,"onG":0}
{"t":385,"ph":"FINAL","s":-3089,"agl":149.9,"V":32.94,"Vc":32.93,"thr":0.17,"de":0.251,"flap":0,"pitch":1.8,"thC":2.5,"vs":-1.43,"wK":1,"y":153.3,"hP":151.4,"brake":0,"onG":0}
{"t":385.3,"ph":"FINAL","s":-3082,"agl":151.8,"V":32.97,"Vc":32.93,"thr":0.16,"de":0.253,"flap":0,"pitch":1.9,"thC":2.5,"vs":-1.39,"wK":1,"y":152.9,"hP":151,"brake":0,"onG":0}
{"t":385.6,"ph":"FINAL","s":-3075,"agl":151.5,"V":32.97,"Vc":32.93,"thr":0.16,"de":0.253,"flap":0,"pitch":1.8,"thC":2.5,"vs":-1.37,"wK":1,"y":152.6,"hP":150.7,"brake":0,"onG":0}
{"t":385.8,"ph":"FINAL","s":-3068,"agl":151.1,"V":32.96,"Vc":32.93,"thr":0.17,"de":0.251,"flap":0,"pitch":1.9,"thC":2.4,"vs":-1.34,"wK":1,"y":152.2,"hP":150.4,"brake":0,"onG":0}
{"t":386.1,"ph":"FINAL","s":-3061,"agl":150.7,"V":32.94,"Vc":32.93,"thr":0.17,"de":0.249,"flap":0,"pitch":1.9,"thC":2.3,"vs":-1.33,"wK":1,"y":151.8,"hP":150.1,"brake":0,"onG":0}
{"t":386.4,"ph":"FINAL","s":-3054,"agl":150.4,"V":32.91,"Vc":32.93,"thr":0.18,"de":0.245,"flap":0,"pitch":1.9,"thC":2.2,"vs":-1.33,"wK":1,"y":151.5,"hP":149.8,"brake":0,"onG":0}
{"t":386.6,"ph":"FINAL","s":-3047,"agl":150,"V":32.88,"Vc":32.93,"thr":0.19,"de":0.239,"flap":0,"pitch":2,"thC":2.1,"vs":-1.34,"wK":1,"y":151.1,"hP":149.4,"brake":0,"onG":0}
{"t":386.9,"ph":"FINAL","s":-3040,"agl":149.7,"V":32.85,"Vc":32.93,"thr":0.2,"de":0.238,"flap":0,"pitch":2.1,"thC":2,"vs":-1.34,"wK":1,"y":150.8,"hP":149.1,"brake":0,"onG":0}
{"t":387.2,"ph":"FINAL","s":-3033,"agl":149.3,"V":32.85,"Vc":32.93,"thr":0.2,"de":0.238,"flap":0,"pitch":2.1,"thC":2,"vs":-1.33,"wK":1,"y":150.4,"hP":148.8,"brake":0,"onG":0}
{"t":387.4,"ph":"FINAL","s":-3026,"agl":149,"V":32.85,"Vc":32.93,"thr":0.2,"de":0.239,"flap":0,"pitch":2.2,"thC":2,"vs":-1.32,"wK":1,"y":150.1,"hP":148.5,"brake":0,"onG":0}
{"t":387.7,"ph":"FINAL","s":-3019,"agl":148.6,"V":32.86,"Vc":32.93,"thr":0.2,"de":0.24,"flap":0,"pitch":2.2,"thC":2,"vs":-1.3,"wK":1,"y":149.7,"hP":148.2,"brake":0,"onG":0}
{"t":388,"ph":"FINAL","s":-3012,"agl":148.3,"V":32.86,"Vc":32.93,"thr":0.2,"de":0.241,"flap":0,"pitch":2.2,"thC":2,"vs":-1.28,"wK":1,"y":149.4,"hP":147.8,"brake":0,"onG":0}
{"t":388.2,"ph":"FINAL","s":-3005,"agl":147.9,"V":32.86,"Vc":32.93,"thr":0.2,"de":0.24,"flap":0,"pitch":2.1,"thC":1.9,"vs":-1.26,"wK":1,"y":149,"hP":147.5,"brake":0,"onG":0}
{"t":388.5,"ph":"FINAL","s":-2998,"agl":147.6,"V":32.85,"Vc":32.93,"thr":0.2,"de":0.239,"flap":0,"pitch":2.1,"thC":1.8,"vs":-1.25,"wK":1,"y":148.7,"hP":147.2,"brake":0,"onG":0}
{"t":388.8,"ph":"FINAL","s":-2991,"agl":147.3,"V":32.82,"Vc":32.93,"thr":0.21,"de":0.237,"flap":0,"pitch":2.1,"thC":1.7,"vs":-1.24,"wK":1,"y":148.4,"hP":146.9,"brake":0,"onG":0}
{"t":389,"ph":"FINAL","s":-2984,"agl":146.9,"V":32.8,"Vc":32.93,"thr":0.21,"de":0.235,"flap":0,"pitch":2.1,"thC":1.6,"vs":-1.25,"wK":1,"y":148,"hP":146.6,"brake":0,"onG":0}
{"t":389.3,"ph":"FINAL","s":-2977,"agl":146.6,"V":32.78,"Vc":32.93,"thr":0.22,"de":0.233,"flap":0,"pitch":2.1,"thC":1.6,"vs":-1.26,"wK":1,"y":147.7,"hP":146.2,"brake":0,"onG":0}
{"t":389.6,"ph":"FINAL","s":-2970,"agl":146.3,"V":32.79,"Vc":32.93,"thr":0.22,"de":0.234,"flap":0,"pitch":2.1,"thC":1.6,"vs":-1.26,"wK":1,"y":147.4,"hP":145.9,"brake":0,"onG":0}
{"t":389.8,"ph":"FINAL","s":-2963,"agl":145.9,"V":32.81,"Vc":32.93,"thr":0.21,"de":0.235,"flap":0,"pitch":2.1,"thC":1.7,"vs":-1.26,"wK":1,"y":147,"hP":145.6,"brake":0,"onG":0}
{"t":390.1,"ph":"FINAL","s":-2957,"agl":145.6,"V":32.84,"Vc":32.93,"thr":0.2,"de":0.237,"flap":0,"pitch":2.1,"thC":1.7,"vs":-1.26,"wK":1,"y":146.7,"hP":145.3,"brake":0,"onG":0}
{"t":390.4,"ph":"FINAL","s":-2950,"agl":145.3,"V":32.86,"Vc":32.93,"thr":0.2,"de":0.239,"flap":0,"pitch":2.1,"thC":1.8,"vs":-1.25,"wK":1,"y":146.4,"hP":145,"brake":0,"onG":0}
{"t":390.6,"ph":"FINAL","s":-2943,"agl":144.9,"V":32.87,"Vc":32.93,"thr":0.2,"de":0.239,"flap":0,"pitch":2.1,"thC":1.8,"vs":-1.25,"wK":1,"y":146,"hP":144.6,"brake":0,"onG":0}
{"t":390.9,"ph":"FINAL","s":-2936,"agl":144.6,"V":32.87,"Vc":32.93,"thr":0.2,"de":0.238,"flap":0,"pitch":2.1,"thC":1.8,"vs":-1.25,"wK":1,"y":145.7,"hP":144.3,"brake":0,"onG":0}
{"t":391.2,"ph":"FINAL","s":-2929,"agl":144.3,"V":32.85,"Vc":32.93,"thr":0.2,"de":0.236,"flap":0,"pitch":2.1,"thC":1.7,"vs":-1.25,"wK":1,"y":145.4,"hP":144,"brake":0,"onG":0}
{"t":391.4,"ph":"FINAL","s":-2922,"agl":143.9,"V":32.83,"Vc":32.93,"thr":0.21,"de":0.234,"flap":0,"pitch":2.1,"thC":1.7,"vs":-1.27,"wK":1,"y":145,"hP":143.7,"brake":0,"onG":0}
{"t":391.7,"ph":"FINAL","s":-2915,"agl":143.6,"V":32.82,"Vc":32.93,"thr":0.21,"de":0.232,"flap":0,"pitch":2.1,"thC":1.6,"vs":-1.28,"wK":1,"y":144.7,"hP":143.4,"brake":0,"onG":0}
{"t":392,"ph":"FINAL","s":-2908,"agl":143.2,"V":32.82,"Vc":32.93,"thr":0.21,"de":0.232,"flap":0,"pitch":2.1,"thC":1.6,"vs":-1.29,"wK":1,"y":144.3,"hP":143,"brake":0,"onG":0}
{"t":392.2,"ph":"FINAL","s":-2901,"agl":142.9,"V":32.83,"Vc":32.93,"thr":0.21,"de":0.233,"flap":0,"pitch":2.2,"thC":1.7,"vs":-1.3,"wK":1,"y":144,"hP":142.7,"brake":0,"onG":0}
{"t":392.5,"ph":"FINAL","s":-2894,"agl":142.6,"V":32.85,"Vc":32.93,"thr":0.21,"de":0.234,"flap":0,"pitch":2.2,"thC":1.7,"vs":-1.29,"wK":1,"y":143.7,"hP":142.4,"brake":0,"onG":0}
{"t":392.8,"ph":"FINAL","s":-2887,"agl":142.2,"V":32.87,"Vc":32.93,"thr":0.2,"de":0.236,"flap":0,"pitch":2.1,"thC":1.8,"vs":-1.28,"wK":1,"y":143.3,"hP":142.1,"brake":0,"onG":0}
{"t":393,"ph":"FINAL","s":-2880,"agl":141.9,"V":32.89,"Vc":32.93,"thr":0.2,"de":0.238,"flap":0,"pitch":2.1,"thC":1.8,"vs":-1.27,"wK":1,"y":143,"hP":141.8,"brake":0,"onG":0}
{"t":393.3,"ph":"FINAL","s":-2873,"agl":141.5,"V":32.9,"Vc":32.93,"thr":0.19,"de":0.238,"flap":0,"pitch":2.1,"thC":1.8,"vs":-1.26,"wK":1,"y":142.6,"hP":141.4,"brake":0,"onG":0}
{"t":393.6,"ph":"FINAL","s":-2866,"agl":141.2,"V":32.89,"Vc":32.93,"thr":0.2,"de":0.237,"flap":0,"pitch":2.1,"thC":1.8,"vs":-1.26,"wK":1,"y":142.3,"hP":141.1,"brake":0,"onG":0}
{"t":393.8,"ph":"FINAL","s":-2859,"agl":140.9,"V":32.88,"Vc":32.93,"thr":0.2,"de":0.235,"flap":0,"pitch":2.1,"thC":1.8,"vs":-1.26,"wK":1,"y":142,"hP":140.8,"brake":0,"onG":0}
{"t":394.1,"ph":"FINAL","s":-2852,"agl":140.5,"V":32.87,"Vc":32.93,"thr":0.2,"de":0.234,"flap":0,"pitch":2.1,"thC":1.7,"vs":-1.27,"wK":1,"y":141.6,"hP":140.5,"brake":0,"onG":0}
{"t":394.4,"ph":"FINAL","s":-2845,"agl":140.2,"V":32.87,"Vc":32.93,"thr":0.2,"de":0.233,"flap":0,"pitch":2.1,"thC":1.7,"vs":-1.28,"wK":1,"y":141.3,"hP":140.2,"brake":0,"onG":0}
{"t":394.6,"ph":"FINAL","s":-2838,"agl":139.8,"V":32.88,"Vc":32.93,"thr":0.2,"de":0.234,"flap":0,"pitch":2.1,"thC":1.8,"vs":-1.29,"wK":1,"y":140.9,"hP":139.8,"brake":0,"onG":0}
{"t":394.9,"ph":"FINAL","s":-2831,"agl":139.5,"V":32.9,"Vc":32.93,"thr":0.2,"de":0.236,"flap":0,"pitch":2.1,"thC":1.8,"vs":-1.29,"wK":1,"y":140.6,"hP":139.5,"brake":0,"onG":0}
{"t":395.2,"ph":"FINAL","s":-2824,"agl":139.2,"V":32.92,"Vc":32.93,"thr":0.19,"de":0.237,"flap":0,"pitch":2.1,"thC":1.9,"vs":-1.28,"wK":1,"y":140.3,"hP":139.2,"brake":0,"onG":0}
{"t":395.4,"ph":"FINAL","s":-2818,"agl":138.8,"V":32.93,"Vc":32.93,"thr":0.19,"de":0.238,"flap":0,"pitch":2.1,"thC":1.9,"vs":-1.27,"wK":1,"y":139.9,"hP":138.9,"brake":0,"onG":0}
{"t":395.7,"ph":"FINAL","s":-2811,"agl":138.5,"V":32.94,"Vc":32.93,"thr":0.19,"de":0.238,"flap":0,"pitch":2.1,"thC":2,"vs":-1.27,"wK":1,"y":139.6,"hP":138.6,"brake":0,"onG":0}
{"t":396,"ph":"FINAL","s":-2804,"agl":138.1,"V":32.94,"Vc":32.93,"thr":0.19,"de":0.237,"flap":0,"pitch":2.1,"thC":1.9,"vs":-1.27,"wK":1,"y":139.2,"hP":138.2,"brake":0,"onG":0}
{"t":396.2,"ph":"FINAL","s":-2797,"agl":137.8,"V":32.92,"Vc":32.93,"thr":0.19,"de":0.235,"flap":0,"pitch":2.1,"thC":1.9,"vs":-1.27,"wK":1,"y":138.9,"hP":137.9,"brake":0,"onG":0}
{"t":396.5,"ph":"FINAL","s":-2790,"agl":137.5,"V":32.91,"Vc":32.93,"thr":0.2,"de":0.233,"flap":0,"pitch":2.1,"thC":1.9,"vs":-1.28,"wK":1,"y":138.6,"hP":137.6,"brake":0,"onG":0}
{"t":396.8,"ph":"FINAL","s":-2783,"agl":137.1,"V":32.9,"Vc":32.93,"thr":0.2,"de":0.232,"flap":0,"pitch":2.2,"thC":1.9,"vs":-1.29,"wK":1,"y":138.2,"hP":137.3,"brake":0,"onG":0}
{"t":397,"ph":"FINAL","s":-2776,"agl":136.8,"V":32.91,"Vc":32.93,"thr":0.2,"de":0.233,"flap":0,"pitch":2.2,"thC":1.9,"vs":-1.29,"wK":1,"y":137.9,"hP":137,"brake":0,"onG":0}
{"t":397.3,"ph":"FINAL","s":-2769,"agl":136.4,"V":32.93,"Vc":32.93,"thr":0.2,"de":0.235,"flap":0,"pitch":2.2,"thC":2,"vs":-1.28,"wK":1,"y":137.5,"hP":136.7,"brake":0,"onG":0}
{"t":397.6,"ph":"FINAL","s":-2762,"agl":136.1,"V":32.94,"Vc":32.93,"thr":0.19,"de":0.236,"flap":0,"pitch":2.2,"thC":2,"vs":-1.27,"wK":1,"y":137.2,"hP":136.3,"brake":0,"onG":0}
{"t":397.8,"ph":"FINAL","s":-2755,"agl":135.8,"V":32.95,"Vc":32.93,"thr":0.19,"de":0.238,"flap":0,"pitch":2.2,"thC":2,"vs":-1.26,"wK":1,"y":136.9,"hP":136,"brake":0,"onG":0}
{"t":398.1,"ph":"FINAL","s":-2748,"agl":135.4,"V":32.96,"Vc":32.93,"thr":0.19,"de":0.238,"flap":0,"pitch":2.1,"thC":2,"vs":-1.24,"wK":1,"y":136.5,"hP":135.7,"brake":0,"onG":0}
{"t":398.4,"ph":"FINAL","s":-2741,"agl":135.1,"V":32.96,"Vc":32.93,"thr":0.19,"de":0.238,"flap":0,"pitch":2.1,"thC":2,"vs":-1.23,"wK":1,"y":136.2,"hP":135.4,"brake":0,"onG":0}
{"t":398.6,"ph":"FINAL","s":-2734,"agl":134.8,"V":32.94,"Vc":32.93,"thr":0.19,"de":0.236,"flap":0,"pitch":2.1,"thC":1.9,"vs":-1.23,"wK":1,"y":135.9,"hP":135.1,"brake":0,"onG":0}
{"t":398.9,"ph":"FINAL","s":-2728,"agl":134.4,"V":32.93,"Vc":32.93,"thr":0.2,"de":0.234,"flap":0,"pitch":2.1,"thC":1.9,"vs":-1.24,"wK":1,"y":135.5,"hP":134.7,"brake":0,"onG":0}
{"t":399.2,"ph":"FINAL","s":-2721,"agl":134.1,"V":32.92,"Vc":32.93,"thr":0.2,"de":0.233,"flap":0,"pitch":2.1,"thC":1.9,"vs":-1.25,"wK":1,"y":135.2,"hP":134.4,"brake":0,"onG":0}
{"t":399.4,"ph":"FINAL","s":-2714,"agl":133.8,"V":32.92,"Vc":32.93,"thr":0.2,"de":0.234,"flap":0,"pitch":2.1,"thC":1.9,"vs":-1.25,"wK":1,"y":134.9,"hP":134.1,"brake":0,"onG":0}
{"t":399.7,"ph":"FINAL","s":-2707,"agl":133.4,"V":32.93,"Vc":32.93,"thr":0.2,"de":0.235,"flap":0,"pitch":2.1,"thC":1.9,"vs":-1.26,"wK":1,"y":134.5,"hP":133.8,"brake":0,"onG":0}
{"t":400,"ph":"FINAL","s":-2700,"agl":133.1,"V":32.95,"Vc":32.93,"thr":0.19,"de":0.237,"flap":0,"pitch":2.1,"thC":2,"vs":-1.25,"wK":1,"y":134.2,"hP":133.5,"brake":0,"onG":0}
{"t":400.2,"ph":"FINAL","s":-2693,"agl":132.8,"V":32.97,"Vc":32.93,"thr":0.19,"de":0.238,"flap":0,"pitch":2.1,"thC":2.1,"vs":-1.25,"wK":1,"y":133.9,"hP":133.2,"brake":0,"onG":0}
{"t":400.5,"ph":"FINAL","s":-2686,"agl":132.4,"V":32.98,"Vc":32.93,"thr":0.19,"de":0.239,"flap":0,"pitch":2.1,"thC":2.1,"vs":-1.24,"wK":1,"y":133.5,"hP":132.8,"brake":0,"onG":0}
{"t":400.8,"ph":"FINAL","s":-2679,"agl":132.1,"V":32.99,"Vc":32.93,"thr":0.19,"de":0.238,"flap":0,"pitch":2.1,"thC":2.1,"vs":-1.24,"wK":1,"y":133.2,"hP":132.5,"brake":0,"onG":0}
{"t":401,"ph":"FINAL","s":-2672,"agl":131.8,"V":32.98,"Vc":32.93,"thr":0.19,"de":0.237,"flap":0,"pitch":2.1,"thC":2.1,"vs":-1.24,"wK":1,"y":132.9,"hP":132.2,"brake":0,"onG":0}
{"t":401.3,"ph":"FINAL","s":-2666,"agl":131.4,"V":32.93,"Vc":32.93,"thr":0.2,"de":0.234,"flap":0,"pitch":2.1,"thC":1.9,"vs":-1.25,"wK":1,"y":132.5,"hP":131.9,"brake":0,"onG":0}
{"t":401.6,"ph":"FINAL","s":-2659,"agl":131.1,"V":32.9,"Vc":32.93,"thr":0.21,"de":0.231,"flap":0,"pitch":2.2,"thC":1.8,"vs":-1.25,"wK":1,"y":132.2,"hP":131.6,"brake":0,"onG":0}
{"t":401.8,"ph":"FINAL","s":-2652,"agl":130.8,"V":32.88,"Vc":32.93,"thr":0.22,"de":0.23,"flap":0,"pitch":2.2,"thC":1.8,"vs":-1.26,"wK":1,"y":131.9,"hP":131.3,"brake":0,"onG":0}
{"t":402.1,"ph":"FINAL","s":-2645,"agl":130.4,"V":32.87,"Vc":32.93,"thr":0.22,"de":0.231,"flap":0,"pitch":2.2,"thC":1.8,"vs":-1.26,"wK":1,"y":131.5,"hP":130.9,"brake":0,"onG":0}
{"t":402.4,"ph":"FINAL","s":-2638,"agl":130.1,"V":32.88,"Vc":32.93,"thr":0.22,"de":0.233,"flap":0,"pitch":2.2,"thC":1.8,"vs":-1.25,"wK":1,"y":131.2,"hP":130.6,"brake":0,"onG":0}
{"t":402.6,"ph":"FINAL","s":-2631,"agl":129.8,"V":32.89,"Vc":32.93,"thr":0.21,"de":0.234,"flap":0,"pitch":2.2,"thC":1.9,"vs":-1.24,"wK":1,"y":130.9,"hP":130.3,"brake":0,"onG":0}
{"t":402.9,"ph":"FINAL","s":-2624,"agl":129.4,"V":32.9,"Vc":32.93,"thr":0.21,"de":0.235,"flap":0,"pitch":2.1,"thC":1.9,"vs":-1.22,"wK":1,"y":130.5,"hP":130,"brake":0,"onG":0}
{"t":403.2,"ph":"FINAL","s":-2617,"agl":129.1,"V":32.9,"Vc":32.93,"thr":0.21,"de":0.235,"flap":0,"pitch":2.1,"thC":1.8,"vs":-1.22,"wK":1,"y":130.2,"hP":129.7,"brake":0,"onG":0}
{"t":403.4,"ph":"FINAL","s":-2611,"agl":128.8,"V":32.88,"Vc":32.93,"thr":0.21,"de":0.234,"flap":0,"pitch":2.1,"thC":1.8,"vs":-1.21,"wK":1,"y":129.9,"hP":129.4,"brake":0,"onG":0}
{"t":403.7,"ph":"FINAL","s":-2604,"agl":128.5,"V":32.86,"Vc":32.93,"thr":0.22,"de":0.231,"flap":0,"pitch":2.1,"thC":1.7,"vs":-1.22,"wK":1,"y":129.6,"hP":129,"brake":0,"onG":0}
{"t":404,"ph":"FINAL","s":-2597,"agl":128.1,"V":32.83,"Vc":32.93,"thr":0.23,"de":0.229,"flap":0,"pitch":2.1,"thC":1.6,"vs":-1.23,"wK":1,"y":129.2,"hP":128.7,"brake":0,"onG":0}
{"t":404.2,"ph":"FINAL","s":-2590,"agl":127.8,"V":32.81,"Vc":32.93,"thr":0.23,"de":0.228,"flap":0,"pitch":2.1,"thC":1.6,"vs":-1.24,"wK":1,"y":128.9,"hP":128.4,"brake":0,"onG":0}
{"t":404.5,"ph":"FINAL","s":-2583,"agl":127.5,"V":32.81,"Vc":32.93,"thr":0.23,"de":0.228,"flap":0,"pitch":2.1,"thC":1.6,"vs":-1.25,"wK":1,"y":128.6,"hP":128.1,"brake":0,"onG":0}
{"t":404.8,"ph":"FINAL","s":-2576,"agl":127.2,"V":32.82,"Vc":32.93,"thr":0.23,"de":0.23,"flap":0,"pitch":2.1,"thC":1.6,"vs":-1.25,"wK":1,"y":128.2,"hP":127.8,"brake":0,"onG":0}
{"t":405,"ph":"FINAL","s":-2569,"agl":126.8,"V":32.83,"Vc":32.93,"thr":0.23,"de":0.231,"flap":0,"pitch":2.1,"thC":1.7,"vs":-1.25,"wK":1,"y":127.9,"hP":127.5,"brake":0,"onG":0}
{"t":405.3,"ph":"FINAL","s":-2562,"agl":126.5,"V":32.83,"Vc":32.93,"thr":0.23,"de":0.231,"flap":0,"pitch":2.1,"thC":1.7,"vs":-1.25,"wK":1,"y":127.6,"hP":127.1,"brake":0,"onG":0}
{"t":405.6,"ph":"FINAL","s":-2555,"agl":126.1,"V":32.76,"Vc":32.93,"thr":0.25,"de":0.228,"flap":0,"pitch":2,"thC":1.5,"vs":-1.25,"wK":1,"y":127.2,"hP":126.8,"brake":0,"onG":0}
{"t":405.8,"ph":"FINAL","s":-2548,"agl":125.8,"V":32.7,"Vc":32.93,"thr":0.26,"de":0.224,"flap":0,"pitch":2,"thC":1.3,"vs":-1.25,"wK":1,"y":126.9,"hP":126.5,"brake":0,"onG":0}
{"t":406.1,"ph":"FINAL","s":-2541,"agl":125.5,"V":32.64,"Vc":32.93,"thr":0.28,"de":0.22,"flap":0,"pitch":2.1,"thC":1.1,"vs":-1.26,"wK":1,"y":126.6,"hP":126.2,"brake":0,"onG":0}
{"t":406.4,"ph":"FINAL","s":-2534,"agl":125.1,"V":32.59,"Vc":32.93,"thr":0.29,"de":0.216,"flap":0,"pitch":2.1,"thC":0.9,"vs":-1.27,"wK":1,"y":126.2,"hP":125.9,"brake":0,"onG":0}
{"t":406.6,"ph":"FINAL","s":-2527,"agl":124.8,"V":32.56,"Vc":32.93,"thr":0.3,"de":0.214,"flap":0,"pitch":2.1,"thC":0.8,"vs":-1.28,"wK":1,"y":125.9,"hP":125.5,"brake":0,"onG":0}
{"t":406.9,"ph":"FINAL","s":-2520,"agl":124.5,"V":32.54,"Vc":32.93,"thr":0.31,"de":0.214,"flap":0,"pitch":2.1,"thC":0.8,"vs":-1.29,"wK":1,"y":125.6,"hP":125.2,"brake":0,"onG":0}
{"t":407.2,"ph":"FINAL","s":-2513,"agl":124.1,"V":32.55,"Vc":32.93,"thr":0.31,"de":0.215,"flap":0,"pitch":2.1,"thC":0.8,"vs":-1.29,"wK":1,"y":125.2,"hP":124.9,"brake":0,"onG":0}
{"t":407.4,"ph":"FINAL","s":-2506,"agl":123.8,"V":32.56,"Vc":32.93,"thr":0.3,"de":0.217,"flap":0,"pitch":2,"thC":0.9,"vs":-1.29,"wK":1,"y":124.9,"hP":124.6,"brake":0,"onG":0}
{"t":407.7,"ph":"FINAL","s":-2499,"agl":123.4,"V":32.58,"Vc":32.93,"thr":0.3,"de":0.219,"flap":0,"pitch":2,"thC":0.9,"vs":-1.28,"wK":1,"y":124.5,"hP":124.2,"brake":0,"onG":0}
{"t":408,"ph":"FINAL","s":-2492,"agl":123.1,"V":32.59,"Vc":32.93,"thr":0.29,"de":0.219,"flap":0,"pitch":2,"thC":1,"vs":-1.28,"wK":1,"y":124.2,"hP":123.9,"brake":0,"onG":0}
{"t":408.2,"ph":"FINAL","s":-2485,"agl":122.8,"V":32.59,"Vc":32.93,"thr":0.3,"de":0.218,"flap":0,"pitch":1.9,"thC":0.9,"vs":-1.28,"wK":1,"y":123.8,"hP":123.6,"brake":0,"onG":0}
{"t":408.5,"ph":"FINAL","s":-2478,"agl":122.4,"V":32.58,"Vc":32.93,"thr":0.3,"de":0.216,"flap":0,"pitch":1.9,"thC":0.9,"vs":-1.28,"wK":1,"y":123.5,"hP":123.3,"brake":0,"onG":0}
{"t":408.8,"ph":"FINAL","s":-2471,"agl":122.1,"V":32.56,"Vc":32.93,"thr":0.31,"de":0.214,"flap":0,"pitch":1.9,"thC":0.8,"vs":-1.3,"wK":1,"y":123.2,"hP":122.9,"brake":0,"onG":0}
{"t":409,"ph":"FINAL","s":-2463,"agl":121.7,"V":32.54,"Vc":32.93,"thr":0.31,"de":0.212,"flap":0,"pitch":1.9,"thC":0.8,"vs":-1.31,"wK":1,"y":122.8,"hP":122.6,"brake":0,"onG":0}
{"t":409.3,"ph":"FINAL","s":-2456,"agl":121.4,"V":32.54,"Vc":32.93,"thr":0.31,"de":0.212,"flap":0,"pitch":2,"thC":0.8,"vs":-1.33,"wK":1,"y":122.5,"hP":122.3,"brake":0,"onG":0}
{"t":409.6,"ph":"FINAL","s":-2449,"agl":121,"V":32.56,"Vc":32.93,"thr":0.31,"de":0.212,"flap":0,"pitch":2,"thC":0.8,"vs":-1.34,"wK":1,"y":122.1,"hP":121.9,"brake":0,"onG":0}
{"t":409.8,"ph":"FINAL","s":-2442,"agl":120.7,"V":32.58,"Vc":32.93,"thr":0.3,"de":0.214,"flap":0,"pitch":1.9,"thC":0.9,"vs":-1.34,"wK":1,"y":121.8,"hP":121.6,"brake":0,"onG":0}
{"t":410.1,"ph":"FINAL","s":-2434,"agl":120.3,"V":32.61,"Vc":32.93,"thr":0.3,"de":0.216,"flap":0,"pitch":1.9,"thC":1,"vs":-1.35,"wK":1,"y":121.4,"hP":121.3,"brake":0,"onG":0}
{"t":410.4,"ph":"FINAL","s":-2427,"agl":119.9,"V":32.63,"Vc":32.93,"thr":0.29,"de":0.217,"flap":0,"pitch":1.9,"thC":1,"vs":-1.34,"wK":1,"y":121,"hP":120.9,"brake":0,"onG":0}
{"t":410.6,"ph":"FINAL","s":-2420,"agl":119.6,"V":32.65,"Vc":32.93,"thr":0.29,"de":0.216,"flap":0,"pitch":1.9,"thC":1.1,"vs":-1.34,"wK":1,"y":120.7,"hP":120.6,"brake":0,"onG":0}
{"t":410.9,"ph":"FINAL","s":-2412,"agl":119.2,"V":32.65,"Vc":32.93,"thr":0.29,"de":0.215,"flap":0,"pitch":1.9,"thC":1,"vs":-1.35,"wK":1,"y":120.3,"hP":120.2,"brake":0,"onG":0}
{"t":411.2,"ph":"FINAL","s":-2405,"agl":118.9,"V":32.65,"Vc":32.93,"thr":0.29,"de":0.213,"flap":0,"pitch":1.9,"thC":1,"vs":-1.35,"wK":1,"y":120,"hP":119.9,"brake":0,"onG":0}
{"t":411.4,"ph":"FINAL","s":-2398,"agl":118.5,"V":32.65,"Vc":32.93,"thr":0.29,"de":0.212,"flap":0,"pitch":1.9,"thC":1,"vs":-1.36,"wK":1,"y":119.6,"hP":119.6,"brake":0,"onG":0}
{"t":411.7,"ph":"FINAL","s":-2390,"agl":118.1,"V":32.66,"Vc":32.93,"thr":0.29,"de":0.212,"flap":0,"pitch":1.9,"thC":1,"vs":-1.36,"wK":1,"y":119.2,"hP":119.2,"brake":0,"onG":0}
{"t":412,"ph":"FINAL","s":-2383,"agl":117.8,"V":32.68,"Vc":32.93,"thr":0.29,"de":0.214,"flap":0,"pitch":1.9,"thC":1.1,"vs":-1.36,"wK":1,"y":118.9,"hP":118.9,"brake":0,"onG":0}
{"t":412.2,"ph":"FINAL","s":-2375,"agl":117.4,"V":32.72,"Vc":32.93,"thr":0.28,"de":0.216,"flap":0,"pitch":1.9,"thC":1.2,"vs":-1.36,"wK":1,"y":118.5,"hP":118.5,"brake":0,"onG":0}
{"t":412.5,"ph":"FINAL","s":-2368,"agl":117,"V":32.76,"Vc":32.93,"thr":0.27,"de":0.219,"flap":0,"pitch":1.9,"thC":1.3,"vs":-1.35,"wK":1,"y":118.1,"hP":118.2,"brake":0,"onG":0}
{"t":412.8,"ph":"FINAL","s":-2360,"agl":116.7,"V":32.79,"Vc":32.93,"thr":0.26,"de":0.221,"flap":0,"pitch":1.9,"thC":1.4,"vs":-1.34,"wK":1,"y":117.8,"hP":117.9,"brake":0,"onG":0}
{"t":413,"ph":"FINAL","s":-2353,"agl":116.3,"V":32.83,"Vc":32.93,"thr":0.25,"de":0.222,"flap":0,"pitch":1.8,"thC":1.4,"vs":-1.33,"wK":1,"y":117.4,"hP":117.5,"brake":0,"onG":0}
{"t":413.3,"ph":"FINAL","s":-2345,"agl":116,"V":32.86,"Vc":32.93,"thr":0.24,"de":0.222,"flap":0,"pitch":1.8,"thC":1.5,"vs":-1.33,"wK":1,"y":117.1,"hP":117.2,"brake":0,"onG":0}
{"t":413.6,"ph":"FINAL","s":-2338,"agl":115.6,"V":32.88,"Vc":32.93,"thr":0.24,"de":0.221,"flap":0,"pitch":1.8,"thC":1.6,"vs":-1.34,"wK":1,"y":116.7,"hP":116.8,"brake":0,"onG":0}
{"t":413.8,"ph":"FINAL","s":-2330,"agl":115.3,"V":32.89,"Vc":32.93,"thr":0.24,"de":0.22,"flap":0,"pitch":1.9,"thC":1.6,"vs":-1.35,"wK":1,"y":116.4,"hP":116.5,"brake":0,"onG":0}
{"t":414.1,"ph":"FINAL","s":-2323,"agl":114.9,"V":32.9,"Vc":32.93,"thr":0.24,"de":0.22,"flap":0,"pitch":1.9,"thC":1.6,"vs":-1.36,"wK":1,"y":116,"hP":116.1,"brake":0,"onG":0}
{"t":414.4,"ph":"FINAL","s":-2315,"agl":114.5,"V":32.92,"Vc":32.93,"thr":0.24,"de":0.221,"flap":0,"pitch":1.9,"thC":1.7,"vs":-1.37,"wK":1,"y":115.6,"hP":115.8,"brake":0,"onG":0}
{"t":414.6,"ph":"FINAL","s":-2307,"agl":114.2,"V":32.95,"Vc":32.93,"thr":0.23,"de":0.223,"flap":0,"pitch":1.9,"thC":1.7,"vs":-1.37,"wK":1,"y":115.3,"hP":115.4,"brake":0,"onG":0}
{"t":414.9,"ph":"FINAL","s":-2300,"agl":113.8,"V":32.98,"Vc":32.93,"thr":0.22,"de":0.225,"flap":0,"pitch":1.9,"thC":1.9,"vs":-1.36,"wK":1,"y":114.9,"hP":115.1,"brake":0,"onG":0}
{"t":415.2,"ph":"FINAL","s":-2292,"agl":113.5,"V":33.02,"Vc":32.93,"thr":0.21,"de":0.227,"flap":0,"pitch":1.9,"thC":1.9,"vs":-1.36,"wK":1,"y":114.5,"hP":114.7,"brake":0,"onG":0}
{"t":415.4,"ph":"FINAL","s":-2285,"agl":113.1,"V":33.04,"Vc":32.93,"thr":0.21,"de":0.228,"flap":0,"pitch":1.9,"thC":2,"vs":-1.35,"wK":1,"y":114.2,"hP":114.4,"brake":0,"onG":0}
{"t":415.7,"ph":"FINAL","s":-2277,"agl":112.7,"V":33.05,"Vc":32.93,"thr":0.21,"de":0.228,"flap":0,"pitch":1.9,"thC":2,"vs":-1.34,"wK":1,"y":113.8,"hP":114,"brake":0,"onG":0}
{"t":416,"ph":"FINAL","s":-2269,"agl":112.4,"V":33.05,"Vc":32.93,"thr":0.21,"de":0.227,"flap":0,"pitch":1.9,"thC":2,"vs":-1.34,"wK":1,"y":113.5,"hP":113.7,"brake":0,"onG":0}
{"t":416.2,"ph":"FINAL","s":-2262,"agl":112,"V":33.04,"Vc":32.93,"thr":0.21,"de":0.225,"flap":0,"pitch":1.9,"thC":1.9,"vs":-1.34,"wK":1,"y":113.1,"hP":113.3,"brake":0,"onG":0}
{"t":416.5,"ph":"FINAL","s":-2254,"agl":111.7,"V":33.04,"Vc":32.93,"thr":0.21,"de":0.224,"flap":0,"pitch":1.9,"thC":1.9,"vs":-1.34,"wK":1,"y":112.8,"hP":113,"brake":0,"onG":0}
{"t":416.8,"ph":"FINAL","s":-2247,"agl":111.3,"V":33.04,"Vc":32.93,"thr":0.21,"de":0.225,"flap":0,"pitch":1.9,"thC":1.9,"vs":-1.34,"wK":1,"y":112.4,"hP":112.6,"brake":0,"onG":0}
{"t":417,"ph":"FINAL","s":-2239,"agl":110.9,"V":33.06,"Vc":32.93,"thr":0.2,"de":0.226,"flap":0,"pitch":1.9,"thC":2,"vs":-1.33,"wK":1,"y":112,"hP":112.3,"brake":0,"onG":0}
{"t":417.3,"ph":"FINAL","s":-2231,"agl":110.6,"V":33.09,"Vc":32.93,"thr":0.2,"de":0.229,"flap":0,"pitch":1.9,"thC":2.1,"vs":-1.32,"wK":1,"y":111.7,"hP":111.9,"brake":0,"onG":0}
{"t":417.6,"ph":"FINAL","s":-2224,"agl":110.2,"V":33.11,"Vc":32.93,"thr":0.19,"de":0.231,"flap":0,"pitch":1.9,"thC":2.1,"vs":-1.31,"wK":1,"y":111.3,"hP":111.6,"brake":0,"onG":0}
{"t":417.8,"ph":"FINAL","s":-2216,"agl":109.9,"V":33.13,"Vc":32.93,"thr":0.19,"de":0.232,"flap":0,"pitch":1.9,"thC":2.2,"vs":-1.3,"wK":1,"y":111,"hP":111.2,"brake":0,"onG":0}
{"t":418.1,"ph":"FINAL","s":-2209,"agl":109.5,"V":33.13,"Vc":32.93,"thr":0.19,"de":0.232,"flap":0,"pitch":1.9,"thC":2.1,"vs":-1.29,"wK":1,"y":110.6,"hP":110.9,"brake":0,"onG":0}
{"t":418.4,"ph":"FINAL","s":-2201,"agl":109.2,"V":33.11,"Vc":32.93,"thr":0.19,"de":0.23,"flap":0,"pitch":1.9,"thC":2.1,"vs":-1.3,"wK":1,"y":110.3,"hP":110.5,"brake":0,"onG":0}
{"t":418.6,"ph":"FINAL","s":-2193,"agl":108.9,"V":33.09,"Vc":32.93,"thr":0.2,"de":0.227,"flap":0,"pitch":1.9,"thC":2,"vs":-1.3,"wK":1,"y":110,"hP":110.2,"brake":0,"onG":0}
{"t":418.9,"ph":"FINAL","s":-2186,"agl":108.5,"V":33.06,"Vc":32.93,"thr":0.2,"de":0.225,"flap":0,"pitch":1.9,"thC":2,"vs":-1.31,"wK":1,"y":109.6,"hP":109.8,"brake":0,"onG":0}
{"t":419.2,"ph":"FINAL","s":-2178,"agl":108.2,"V":33.05,"Vc":32.93,"thr":0.21,"de":0.224,"flap":0,"pitch":1.9,"thC":1.9,"vs":-1.32,"wK":1,"y":109.3,"hP":109.5,"brake":0,"onG":0}
{"t":419.4,"ph":"FINAL","s":-2171,"agl":107.8,"V":33.05,"Vc":32.93,"thr":0.21,"de":0.225,"flap":0,"pitch":2,"thC":2,"vs":-1.33,"wK":1,"y":108.9,"hP":109.1,"brake":0,"onG":0}
{"t":419.7,"ph":"FINAL","s":-2163,"agl":107.4,"V":33.07,"Vc":32.93,"thr":0.2,"de":0.227,"flap":0,"pitch":2,"thC":2,"vs":-1.33,"wK":1,"y":108.5,"hP":108.8,"brake":0,"onG":0}
{"t":420,"ph":"FINAL","s":-2155,"agl":107.1,"V":33.09,"Vc":32.93,"thr":0.2,"de":0.23,"flap":0,"pitch":2,"thC":2.1,"vs":-1.32,"wK":1,"y":108.2,"hP":108.4,"brake":0,"onG":0}
{"t":420.2,"ph":"FINAL","s":-2148,"agl":106.7,"V":33.11,"Vc":32.93,"thr":0.19,"de":0.231,"flap":0,"pitch":1.9,"thC":2.2,"vs":-1.31,"wK":1,"y":107.8,"hP":108.1,"brake":0,"onG":0}
{"t":420.5,"ph":"FINAL","s":-2140,"agl":106.4,"V":33.1,"Vc":32.93,"thr":0.19,"de":0.231,"flap":0,"pitch":1.9,"thC":2.1,"vs":-1.3,"wK":1,"y":107.5,"hP":107.7,"brake":0,"onG":0}
{"t":420.8,"ph":"FINAL","s":-2132,"agl":106,"V":33.08,"Vc":32.93,"thr":0.2,"de":0.229,"flap":0,"pitch":1.9,"thC":2.1,"vs":-1.3,"wK":1,"y":107.1,"hP":107.4,"brake":0,"onG":0}
{"t":421,"ph":"FINAL","s":-2125,"agl":105.7,"V":33.05,"Vc":32.93,"thr":0.2,"de":0.227,"flap":0,"pitch":1.9,"thC":2,"vs":-1.3,"wK":1,"y":106.8,"hP":107,"brake":0,"onG":0}
{"t":421.3,"ph":"FINAL","s":-2117,"agl":105.4,"V":33.03,"Vc":32.93,"thr":0.21,"de":0.225,"flap":0,"pitch":1.9,"thC":1.9,"vs":-1.3,"wK":1,"y":106.5,"hP":106.7,"brake":0,"onG":0}
{"t":421.6,"ph":"FINAL","s":-2110,"agl":105,"V":33.01,"Vc":32.93,"thr":0.21,"de":0.224,"flap":0,"pitch":2,"thC":1.9,"vs":-1.3,"wK":1,"y":106.1,"hP":106.3,"brake":0,"onG":0}
{"t":421.8,"ph":"FINAL","s":-2102,"agl":104.7,"V":33.01,"Vc":32.93,"thr":0.21,"de":0.225,"flap":0,"pitch":2,"thC":1.9,"vs":-1.3,"wK":1,"y":105.8,"hP":106,"brake":0,"onG":0}
{"t":422.1,"ph":"FINAL","s":-2094,"agl":104.3,"V":33.01,"Vc":32.93,"thr":0.21,"de":0.226,"flap":0,"pitch":2,"thC":1.9,"vs":-1.3,"wK":1,"y":105.4,"hP":105.6,"brake":0,"onG":0}
{"t":422.4,"ph":"FINAL","s":-2087,"agl":104,"V":33.03,"Vc":32.93,"thr":0.21,"de":0.228,"flap":0,"pitch":1.9,"thC":2,"vs":-1.29,"wK":1,"y":105.1,"hP":105.3,"brake":0,"onG":0}
{"t":422.6,"ph":"FINAL","s":-2079,"agl":103.6,"V":33.05,"Vc":32.93,"thr":0.2,"de":0.23,"flap":0,"pitch":1.9,"thC":2,"vs":-1.28,"wK":1,"y":104.7,"hP":104.9,"brake":0,"onG":0}
{"t":422.9,"ph":"FINAL","s":-2072,"agl":103.3,"V":33.05,"Vc":32.93,"thr":0.2,"de":0.23,"flap":0,"pitch":1.9,"thC":2,"vs":-1.28,"wK":1,"y":104.4,"hP":104.6,"brake":0,"onG":0}
{"t":423.2,"ph":"FINAL","s":-2064,"agl":102.9,"V":33.04,"Vc":32.93,"thr":0.2,"de":0.229,"flap":0,"pitch":1.9,"thC":2,"vs":-1.28,"wK":1,"y":104,"hP":104.2,"brake":0,"onG":0}
{"t":423.4,"ph":"FINAL","s":-2056,"agl":102.6,"V":33.02,"Vc":32.93,"thr":0.21,"de":0.227,"flap":0,"pitch":1.9,"thC":1.9,"vs":-1.29,"wK":1,"y":103.7,"hP":103.9,"brake":0,"onG":0}
{"t":423.7,"ph":"FINAL","s":-2049,"agl":102.3,"V":32.99,"Vc":32.93,"thr":0.21,"de":0.225,"flap":0,"pitch":1.9,"thC":1.9,"vs":-1.3,"wK":1,"y":103.4,"hP":103.5,"brake":0,"onG":0}
{"t":424,"ph":"FINAL","s":-2041,"agl":101.9,"V":32.97,"Vc":32.93,"thr":0.22,"de":0.223,"flap":0,"pitch":1.9,"thC":1.8,"vs":-1.31,"wK":1,"y":103,"hP":103.2,"brake":0,"onG":0}
{"t":424.2,"ph":"FINAL","s":-2033,"agl":101.6,"V":32.97,"Vc":32.93,"thr":0.22,"de":0.223,"flap":0,"pitch":2,"thC":1.8,"vs":-1.32,"wK":1,"y":102.7,"hP":102.8,"brake":0,"onG":0}
{"t":424.5,"ph":"FINAL","s":-2026,"agl":101.2,"V":32.98,"Vc":32.93,"thr":0.22,"de":0.224,"flap":0,"pitch":2,"thC":1.9,"vs":-1.32,"wK":1,"y":102.3,"hP":102.5,"brake":0,"onG":0}
{"t":424.8,"ph":"FINAL","s":-2018,"agl":100.9,"V":33,"Vc":32.93,"thr":0.21,"de":0.227,"flap":0,"pitch":2,"thC":2,"vs":-1.32,"wK":1,"y":102,"hP":102.1,"brake":0,"onG":0}
{"t":425,"ph":"FINAL","s":-2011,"agl":100.5,"V":33.03,"Vc":32.93,"thr":0.2,"de":0.229,"flap":0,"pitch":2,"thC":2.1,"vs":-1.31,"wK":1,"y":101.6,"hP":101.8,"brake":0,"onG":0}
{"t":425.3,"ph":"FINAL","s":-2003,"agl":100.2,"V":33.05,"Vc":32.93,"thr":0.2,"de":0.231,"flap":0,"pitch":1.9,"thC":2.1,"vs":-1.3,"wK":1,"y":101.3,"hP":101.4,"brake":0,"onG":0}
{"t":425.6,"ph":"FINAL","s":-1995,"agl":99.8,"V":33.05,"Vc":32.93,"thr":0.19,"de":0.232,"flap":0,"pitch":1.9,"thC":2.2,"vs":-1.3,"wK":1,"y":100.9,"hP":101.1,"brake":0,"onG":0}
{"t":425.8,"ph":"FINAL","s":-1988,"agl":99.5,"V":33.05,"Vc":32.93,"thr":0.2,"de":0.231,"flap":0,"pitch":1.9,"thC":2.1,"vs":-1.3,"wK":1,"y":100.6,"hP":100.7,"brake":0,"onG":0}
{"t":426.1,"ph":"FINAL","s":-1980,"agl":99.1,"V":33.04,"Vc":32.93,"thr":0.2,"de":0.229,"flap":0,"pitch":1.9,"thC":2.1,"vs":-1.3,"wK":1,"y":100.2,"hP":100.4,"brake":0,"onG":0}
{"t":426.4,"ph":"FINAL","s":-1972,"agl":98.8,"V":33.02,"Vc":32.93,"thr":0.2,"de":0.228,"flap":0,"pitch":1.9,"thC":2.1,"vs":-1.3,"wK":1,"y":99.9,"hP":100,"brake":0,"onG":0}
{"t":426.6,"ph":"FINAL","s":-1965,"agl":98.4,"V":33.02,"Vc":32.93,"thr":0.2,"de":0.227,"flap":0,"pitch":2,"thC":2.1,"vs":-1.31,"wK":1,"y":99.5,"hP":99.7,"brake":0,"onG":0}
{"t":426.9,"ph":"FINAL","s":-1957,"agl":98.1,"V":33.02,"Vc":32.93,"thr":0.2,"de":0.228,"flap":0,"pitch":2,"thC":2.1,"vs":-1.3,"wK":1,"y":99.2,"hP":99.3,"brake":0,"onG":0}
{"t":427.2,"ph":"FINAL","s":-1949,"agl":97.7,"V":33.04,"Vc":32.93,"thr":0.2,"de":0.23,"flap":0,"pitch":2,"thC":2.1,"vs":-1.3,"wK":1,"y":98.8,"hP":99,"brake":0,"onG":0}
{"t":427.4,"ph":"FINAL","s":-1942,"agl":97.4,"V":33.06,"Vc":32.93,"thr":0.19,"de":0.232,"flap":0,"pitch":2,"thC":2.2,"vs":-1.29,"wK":1,"y":98.5,"hP":98.6,"brake":0,"onG":0}
{"t":427.7,"ph":"FINAL","s":-1934,"agl":97,"V":33.04,"Vc":32.93,"thr":0.19,"de":0.232,"flap":0,"pitch":1.9,"thC":2.1,"vs":-1.29,"wK":1,"y":98.1,"hP":98.3,"brake":0,"onG":0}
{"t":428,"ph":"FINAL","s":-1927,"agl":96.7,"V":33.01,"Vc":32.93,"thr":0.2,"de":0.23,"flap":0,"pitch":1.9,"thC":2,"vs":-1.29,"wK":1,"y":97.8,"hP":97.9,"brake":0,"onG":0}
{"t":428.2,"ph":"FINAL","s":-1919,"agl":96.4,"V":32.98,"Vc":32.93,"thr":0.21,"de":0.228,"flap":0,"pitch":1.9,"thC":1.9,"vs":-1.29,"wK":1,"y":97.4,"hP":97.6,"brake":0,"onG":0}
{"t":428.5,"ph":"FINAL","s":-1911,"agl":96,"V":32.94,"Vc":32.93,"thr":0.22,"de":0.225,"flap":0,"pitch":1.9,"thC":1.8,"vs":-1.3,"wK":1,"y":97.1,"hP":97.2,"brake":0,"onG":0}
{"t":428.8,"ph":"FINAL","s":-1904,"agl":95.7,"V":32.9,"Vc":32.93,"thr":0.23,"de":0.222,"flap":0,"pitch":1.9,"thC":1.7,"vs":-1.31,"wK":1,"y":96.8,"hP":96.8,"brake":0,"onG":0}
{"t":429,"ph":"FINAL","s":-1896,"agl":95.3,"V":32.87,"Vc":32.93,"thr":0.24,"de":0.22,"flap":0,"pitch":2,"thC":1.6,"vs":-1.32,"wK":1,"y":96.4,"hP":96.5,"brake":0,"onG":0}
{"t":429.3,"ph":"FINAL","s":-1888,"agl":95,"V":32.85,"Vc":32.93,"thr":0.24,"de":0.219,"flap":0,"pitch":2,"thC":1.6,"vs":-1.33,"wK":1,"y":96,"hP":96.1,"brake":0,"onG":0}
{"t":429.6,"ph":"FINAL","s":-1881,"agl":94.6,"V":32.85,"Vc":32.93,"thr":0.24,"de":0.22,"flap":0,"pitch":2,"thC":1.6,"vs":-1.33,"wK":1,"y":95.7,"hP":95.8,"brake":0,"onG":0}
{"t":429.8,"ph":"FINAL","s":-1873,"agl":94.2,"V":32.86,"Vc":32.93,"thr":0.24,"de":0.222,"flap":0,"pitch":2,"thC":1.6,"vs":-1.33,"wK":1,"y":95.3,"hP":95.4,"brake":0,"onG":0}
{"t":430.1,"ph":"FINAL","s":-1865,"agl":93.9,"V":32.87,"Vc":32.93,"thr":0.23,"de":0.224,"flap":0,"pitch":2,"thC":1.7,"vs":-1.32,"wK":1,"y":95,"hP":95.1,"brake":0,"onG":0}
{"t":430.4,"ph":"FINAL","s":-1858,"agl":93.5,"V":32.88,"Vc":32.93,"thr":0.23,"de":0.225,"flap":0,"pitch":1.9,"thC":1.7,"vs":-1.31,"wK":1,"y":94.6,"hP":94.7,"brake":0,"onG":0}
{"t":430.6,"ph":"FINAL","s":-1850,"agl":93.2,"V":32.88,"Vc":32.93,"thr":0.23,"de":0.225,"flap":0,"pitch":1.9,"thC":1.7,"vs":-1.31,"wK":1,"y":94.3,"hP":94.4,"brake":0,"onG":0}
{"t":430.9,"ph":"FINAL","s":-1842,"agl":92.8,"V":32.86,"Vc":32.93,"thr":0.23,"de":0.223,"flap":0,"pitch":1.9,"thC":1.6,"vs":-1.31,"wK":1,"y":93.9,"hP":94,"brake":0,"onG":0}
{"t":431.2,"ph":"FINAL","s":-1834,"agl":92.5,"V":32.85,"Vc":32.93,"thr":0.24,"de":0.221,"flap":0,"pitch":1.9,"thC":1.6,"vs":-1.32,"wK":1,"y":93.6,"hP":93.7,"brake":0,"onG":0}
{"t":431.4,"ph":"FINAL","s":-1827,"agl":92.1,"V":32.83,"Vc":32.93,"thr":0.24,"de":0.219,"flap":0,"pitch":1.9,"thC":1.5,"vs":-1.32,"wK":1,"y":93.2,"hP":93.3,"brake":0,"onG":0}
{"t":431.7,"ph":"FINAL","s":-1819,"agl":91.8,"V":32.82,"Vc":32.93,"thr":0.25,"de":0.219,"flap":0,"pitch":1.9,"thC":1.5,"vs":-1.33,"wK":1,"y":92.9,"hP":93,"brake":0,"onG":0}
{"t":432,"ph":"FINAL","s":-1811,"agl":91.4,"V":32.83,"Vc":32.93,"thr":0.24,"de":0.219,"flap":0,"pitch":1.9,"thC":1.5,"vs":-1.33,"wK":1,"y":92.5,"hP":92.6,"brake":0,"onG":0}
{"t":432.2,"ph":"FINAL","s":-1803,"agl":91.1,"V":32.84,"Vc":32.93,"thr":0.24,"de":0.221,"flap":0,"pitch":1.9,"thC":1.6,"vs":-1.33,"wK":1,"y":92.2,"hP":92.2,"brake":0,"onG":0}
{"t":432.5,"ph":"FINAL","s":-1796,"agl":90.7,"V":32.86,"Vc":32.93,"thr":0.23,"de":0.223,"flap":0,"pitch":1.9,"thC":1.6,"vs":-1.33,"wK":1,"y":91.8,"hP":91.9,"brake":0,"onG":0}
{"t":432.8,"ph":"FINAL","s":-1788,"agl":90.4,"V":32.87,"Vc":32.93,"thr":0.23,"de":0.224,"flap":0,"pitch":1.9,"thC":1.6,"vs":-1.33,"wK":1,"y":91.5,"hP":91.5,"brake":0,"onG":0}
{"t":433,"ph":"FINAL","s":-1780,"agl":90,"V":32.87,"Vc":32.93,"thr":0.23,"de":0.223,"flap":0,"pitch":1.8,"thC":1.6,"vs":-1.33,"wK":1,"y":91.1,"hP":91.2,"brake":0,"onG":0}
{"t":433.3,"ph":"FINAL","s":-1772,"agl":89.7,"V":32.86,"Vc":32.93,"thr":0.23,"de":0.222,"flap":0,"pitch":1.8,"thC":1.6,"vs":-1.34,"wK":1,"y":90.8,"hP":90.8,"brake":0,"onG":0}
{"t":433.6,"ph":"FINAL","s":-1765,"agl":89.3,"V":32.84,"Vc":32.93,"thr":0.24,"de":0.22,"flap":0,"pitch":1.9,"thC":1.5,"vs":-1.35,"wK":1,"y":90.4,"hP":90.4,"brake":0,"onG":0}
{"t":433.8,"ph":"FINAL","s":-1757,"agl":88.9,"V":32.82,"Vc":32.93,"thr":0.24,"de":0.218,"flap":0,"pitch":1.9,"thC":1.5,"vs":-1.36,"wK":1,"y":90,"hP":90.1,"brake":0,"onG":0}
{"t":434.1,"ph":"FINAL","s":-1749,"agl":88.6,"V":32.82,"Vc":32.93,"thr":0.24,"de":0.217,"flap":0,"pitch":1.9,"thC":1.5,"vs":-1.37,"wK":1,"y":89.7,"hP":89.7,"brake":0,"onG":0}
{"t":434.4,"ph":"FINAL","s":-1741,"agl":88.2,"V":32.83,"Vc":32.93,"thr":0.24,"de":0.218,"flap":0,"pitch":1.9,"thC":1.5,"vs":-1.37,"wK":1,"y":89.3,"hP":89.4,"brake":0,"onG":0}
{"t":434.6,"ph":"FINAL","s":-1733,"agl":84.4,"V":32.78,"Vc":32.93,"thr":0.25,"de":0.217,"flap":0,"pitch":1.9,"thC":1.4,"vs":-1.37,"wK":1,"y":88.9,"hP":89,"brake":0,"onG":0}
{"t":434.9,"ph":"FINAL","s":-1725,"agl":82.9,"V":32.84,"Vc":32.93,"thr":0.24,"de":0.222,"flap":0,"pitch":1.9,"thC":1.6,"vs":-1.36,"wK":1,"y":88.6,"hP":88.6,"brake":0,"onG":0}
{"t":435.2,"ph":"FINAL","s":-1717,"agl":81.7,"V":32.9,"Vc":32.93,"thr":0.22,"de":0.225,"flap":0,"pitch":1.8,"thC":1.7,"vs":-1.36,"wK":1,"y":88.2,"hP":88.3,"brake":0,"onG":0}
{"t":435.4,"ph":"FINAL","s":-1710,"agl":80.7,"V":32.94,"Vc":32.93,"thr":0.21,"de":0.227,"flap":0,"pitch":1.8,"thC":1.8,"vs":-1.35,"wK":1,"y":87.8,"hP":87.9,"brake":0,"onG":0}
{"t":435.7,"ph":"FINAL","s":-1702,"agl":79.4,"V":32.95,"Vc":32.93,"thr":0.21,"de":0.228,"flap":0,"pitch":1.8,"thC":1.9,"vs":-1.35,"wK":1,"y":87.5,"hP":87.6,"brake":0,"onG":0}
{"t":436,"ph":"FINAL","s":-1694,"agl":77.2,"V":32.94,"Vc":32.93,"thr":0.21,"de":0.226,"flap":0,"pitch":1.8,"thC":1.8,"vs":-1.36,"wK":1,"y":87.1,"hP":87.2,"brake":0,"onG":0}
{"t":436.2,"ph":"FINAL","s":-1686,"agl":75,"V":32.93,"Vc":32.93,"thr":0.22,"de":0.224,"flap":0,"pitch":1.8,"thC":1.8,"vs":-1.36,"wK":1,"y":86.8,"hP":86.8,"brake":0,"onG":0}
{"t":436.5,"ph":"FINAL","s":-1678,"agl":73.9,"V":32.93,"Vc":32.93,"thr":0.22,"de":0.223,"flap":0,"pitch":1.8,"thC":1.8,"vs":-1.37,"wK":1,"y":86.4,"hP":86.5,"brake":0,"onG":0}
{"t":436.8,"ph":"FINAL","s":-1670,"agl":73,"V":32.94,"Vc":32.93,"thr":0.21,"de":0.224,"flap":0,"pitch":1.8,"thC":1.8,"vs":-1.37,"wK":1,"y":86,"hP":86.1,"brake":0,"onG":0}
{"t":437,"ph":"FINAL","s":-1662,"agl":71.4,"V":32.95,"Vc":32.93,"thr":0.21,"de":0.226,"flap":0,"pitch":1.8,"thC":1.8,"vs":-1.36,"wK":1,"y":85.7,"hP":85.7,"brake":0,"onG":0}
{"t":437.3,"ph":"FINAL","s":-1654,"agl":69.3,"V":32.96,"Vc":32.93,"thr":0.21,"de":0.227,"flap":0,"pitch":1.8,"thC":1.9,"vs":-1.36,"wK":1,"y":85.3,"hP":85.4,"brake":0,"onG":0}
{"t":437.6,"ph":"FINAL","s":-1646,"agl":68.4,"V":32.99,"Vc":32.93,"thr":0.2,"de":0.229,"flap":0,"pitch":1.8,"thC":1.9,"vs":-1.36,"wK":1,"y":84.9,"hP":85,"brake":0,"onG":0}
{"t":437.8,"ph":"FINAL","s":-1638,"agl":68.9,"V":33.02,"Vc":32.93,"thr":0.19,"de":0.231,"flap":0,"pitch":1.7,"thC":2,"vs":-1.36,"wK":1,"y":84.6,"hP":84.6,"brake":0,"onG":0}
{"t":438.1,"ph":"FINAL","s":-1630,"agl":69.1,"V":33.04,"Vc":32.93,"thr":0.19,"de":0.231,"flap":0,"pitch":1.7,"thC":2.1,"vs":-1.36,"wK":1,"y":84.2,"hP":84.3,"brake":0,"onG":0}
{"t":438.4,"ph":"FINAL","s":-1623,"agl":69.2,"V":33.03,"Vc":32.93,"thr":0.19,"de":0.23,"flap":0,"pitch":1.7,"thC":2,"vs":-1.37,"wK":1,"y":83.9,"hP":83.9,"brake":0,"onG":0}
{"t":438.6,"ph":"FINAL","s":-1615,"agl":69.3,"V":33.03,"Vc":32.93,"thr":0.19,"de":0.229,"flap":0,"pitch":1.7,"thC":2,"vs":-1.38,"wK":1,"y":83.5,"hP":83.6,"brake":0,"onG":0}
{"t":438.9,"ph":"FINAL","s":-1607,"agl":69.3,"V":33.02,"Vc":32.93,"thr":0.19,"de":0.227,"flap":0,"pitch":1.7,"thC":2,"vs":-1.39,"wK":1,"y":83.1,"hP":83.2,"brake":0,"onG":0}
{"t":439.2,"ph":"FINAL","s":-1599,"agl":69.3,"V":33.02,"Vc":32.93,"thr":0.19,"de":0.228,"flap":0,"pitch":1.8,"thC":2,"vs":-1.39,"wK":1,"y":82.8,"hP":82.8,"brake":0,"onG":0}
{"t":439.4,"ph":"FINAL","s":-1591,"agl":69.4,"V":33.03,"Vc":32.93,"thr":0.19,"de":0.229,"flap":0,"pitch":1.8,"thC":2.1,"vs":-1.39,"wK":1,"y":82.4,"hP":82.5,"brake":0,"onG":0}
{"t":439.7,"ph":"FINAL","s":-1583,"agl":69.3,"V":33.05,"Vc":32.93,"thr":0.19,"de":0.232,"flap":0,"pitch":1.8,"thC":2.1,"vs":-1.38,"wK":1,"y":82,"hP":82.1,"brake":0,"onG":0}
{"t":440,"ph":"FINAL","s":-1575,"agl":68.8,"V":33.07,"Vc":32.93,"thr":0.18,"de":0.234,"flap":0,"pitch":1.8,"thC":2.2,"vs":-1.37,"wK":1,"y":81.6,"hP":81.7,"brake":0,"onG":0}
{"t":440.2,"ph":"FINAL","s":-1567,"agl":68.2,"V":33.08,"Vc":32.93,"thr":0.18,"de":0.235,"flap":0,"pitch":1.7,"thC":2.2,"vs":-1.36,"wK":1,"y":81.3,"hP":81.4,"brake":0,"onG":0}
{"t":440.5,"ph":"FINAL","s":-1559,"agl":68.1,"V":33.09,"Vc":32.93,"thr":0.17,"de":0.236,"flap":0,"pitch":1.7,"thC":2.2,"vs":-1.36,"wK":1,"y":80.9,"hP":81,"brake":0,"onG":0}
{"t":440.8,"ph":"FINAL","s":-1551,"agl":68.2,"V":33.08,"Vc":32.93,"thr":0.18,"de":0.235,"flap":0,"pitch":1.7,"thC":2.2,"vs":-1.36,"wK":1,"y":80.6,"hP":80.6,"brake":0,"onG":0}
{"t":441,"ph":"FINAL","s":-1543,"agl":67.9,"V":33.06,"Vc":32.93,"thr":0.18,"de":0.233,"flap":0,"pitch":1.7,"thC":2.1,"vs":-1.36,"wK":1,"y":80.2,"hP":80.3,"brake":0,"onG":0}
{"t":441.3,"ph":"FINAL","s":-1535,"agl":67.3,"V":33.03,"Vc":32.93,"thr":0.19,"de":0.23,"flap":0,"pitch":1.7,"thC":2,"vs":-1.37,"wK":1,"y":79.8,"hP":79.9,"brake":0,"onG":0}
{"t":441.6,"ph":"FINAL","s":-1527,"agl":67.2,"V":33.01,"Vc":32.93,"thr":0.19,"de":0.228,"flap":0,"pitch":1.7,"thC":2,"vs":-1.38,"wK":1,"y":79.5,"hP":79.5,"brake":0,"onG":0}
{"t":441.8,"ph":"FINAL","s":-1519,"agl":67.6,"V":33.09,"Vc":32.93,"thr":0.17,"de":0.232,"flap":0,"pitch":1.8,"thC":2.3,"vs":-1.38,"wK":1,"y":79.1,"hP":79.2,"brake":0,"onG":0}
{"t":442.1,"ph":"FINAL","s":-1512,"agl":68,"V":33.16,"Vc":32.93,"thr":0.16,"de":0.237,"flap":0,"pitch":1.8,"thC":2.5,"vs":-1.37,"wK":1,"y":78.7,"hP":78.8,"brake":0,"onG":0}
{"t":442.4,"ph":"FINAL","s":-1504,"agl":68,"V":33.21,"Vc":32.93,"thr":0.14,"de":0.241,"flap":0,"pitch":1.8,"thC":2.7,"vs":-1.36,"wK":1,"y":78.4,"hP":78.4,"brake":0,"onG":0}
{"t":442.6,"ph":"FINAL","s":-1496,"agl":67.6,"V":33.25,"Vc":32.93,"thr":0.13,"de":0.244,"flap":0,"pitch":1.8,"thC":2.8,"vs":-1.36,"wK":1,"y":78,"hP":78.1,"brake":0,"onG":0}
{"t":442.9,"ph":"FINAL","s":-1488,"agl":67,"V":33.28,"Vc":32.93,"thr":0.12,"de":0.246,"flap":0,"pitch":1.8,"thC":2.9,"vs":-1.35,"wK":1,"y":77.6,"hP":77.7,"brake":0,"onG":0}
{"t":443.2,"ph":"FINAL","s":-1480,"agl":66.4,"V":33.28,"Vc":32.93,"thr":0.12,"de":0.246,"flap":0,"pitch":1.8,"thC":2.9,"vs":-1.35,"wK":1,"y":77.3,"hP":77.4,"brake":0,"onG":0}
{"t":443.4,"ph":"FINAL","s":-1472,"agl":65.7,"V":33.28,"Vc":32.93,"thr":0.12,"de":0.245,"flap":0,"pitch":1.8,"thC":2.9,"vs":-1.35,"wK":1,"y":76.9,"hP":77,"brake":0,"onG":0}
{"t":443.7,"ph":"FINAL","s":-1464,"agl":64.9,"V":33.27,"Vc":32.93,"thr":0.13,"de":0.244,"flap":0,"pitch":1.8,"thC":2.9,"vs":-1.35,"wK":1,"y":76.6,"hP":76.6,"brake":0,"onG":0}
{"t":444,"ph":"FINAL","s":-1456,"agl":64.3,"V":33.26,"Vc":32.93,"thr":0.13,"de":0.243,"flap":0,"pitch":1.9,"thC":2.9,"vs":-1.35,"wK":1,"y":76.2,"hP":76.3,"brake":0,"onG":0}
{"t":444.2,"ph":"FINAL","s":-1449,"agl":63.7,"V":33.26,"Vc":32.93,"thr":0.13,"de":0.243,"flap":0,"pitch":1.9,"thC":2.9,"vs":-1.35,"wK":1,"y":75.8,"hP":75.9,"brake":0,"onG":0}
{"t":444.5,"ph":"FINAL","s":-1441,"agl":63.3,"V":33.27,"Vc":32.93,"thr":0.12,"de":0.245,"flap":0,"pitch":1.9,"thC":2.9,"vs":-1.34,"wK":1,"y":75.5,"hP":75.6,"brake":0,"onG":0}
{"t":444.8,"ph":"FINAL","s":-1433,"agl":62.8,"V":33.29,"Vc":32.93,"thr":0.12,"de":0.248,"flap":0,"pitch":1.9,"thC":3,"vs":-1.32,"wK":1,"y":75.1,"hP":75.2,"brake":0,"onG":0}
{"t":445,"ph":"FINAL","s":-1425,"agl":62.4,"V":33.31,"Vc":32.93,"thr":0.11,"de":0.25,"flap":0,"pitch":1.9,"thC":3.1,"vs":-1.31,"wK":1,"y":74.8,"hP":74.8,"brake":0,"onG":0}
{"t":445.3,"ph":"FINAL","s":-1417,"agl":61.8,"V":33.32,"Vc":32.93,"thr":0.11,"de":0.252,"flap":0,"pitch":1.9,"thC":3.1,"vs":-1.3,"wK":1,"y":74.4,"hP":74.5,"brake":0,"onG":0}
{"t":445.6,"ph":"FINAL","s":-1410,"agl":61.2,"V":33.31,"Vc":32.93,"thr":0.11,"de":0.251,"flap":0,"pitch":1.8,"thC":3,"vs":-1.29,"wK":1,"y":74.1,"hP":74.1,"brake":0,"onG":0}
{"t":445.8,"ph":"FINAL","s":-1402,"agl":60.6,"V":33.28,"Vc":32.93,"thr":0.12,"de":0.25,"flap":0,"pitch":1.8,"thC":3,"vs":-1.29,"wK":1,"y":73.7,"hP":73.8,"brake":0,"onG":0}
{"t":446.1,"ph":"FINAL","s":-1394,"agl":60.1,"V":33.25,"Vc":32.93,"thr":0.12,"de":0.247,"flap":0,"pitch":1.9,"thC":2.9,"vs":-1.29,"wK":1,"y":73.4,"hP":73.4,"brake":0,"onG":0}
{"t":446.4,"ph":"FINAL","s":-1387,"agl":59.9,"V":33.23,"Vc":32.93,"thr":0.13,"de":0.245,"flap":0,"pitch":1.9,"thC":2.9,"vs":-1.3,"wK":1,"y":73.1,"hP":73.1,"brake":0,"onG":0}
{"t":446.6,"ph":"FINAL","s":-1379,"agl":59.7,"V":33.21,"Vc":32.93,"thr":0.14,"de":0.244,"flap":0,"pitch":2,"thC":2.8,"vs":-1.3,"wK":1,"y":72.7,"hP":72.7,"brake":0,"onG":0}
{"t":446.9,"ph":"FINAL","s":-1371,"agl":59.3,"V":33.2,"Vc":32.93,"thr":0.14,"de":0.244,"flap":0,"pitch":2,"thC":2.8,"vs":-1.3,"wK":1,"y":72.4,"hP":72.4,"brake":0,"onG":0}
{"t":447.2,"ph":"FINAL","s":-1364,"agl":58.8,"V":33.2,"Vc":32.93,"thr":0.13,"de":0.245,"flap":0,"pitch":2,"thC":2.8,"vs":-1.29,"wK":1,"y":72,"hP":72,"brake":0,"onG":0}
{"t":447.4,"ph":"FINAL","s":-1356,"agl":58.1,"V":33.21,"Vc":32.93,"thr":0.13,"de":0.247,"flap":0,"pitch":2,"thC":2.9,"vs":-1.27,"wK":1,"y":71.7,"hP":71.7,"brake":0,"onG":0}
{"t":447.7,"ph":"FINAL","s":-1348,"agl":57.5,"V":33.21,"Vc":32.93,"thr":0.13,"de":0.248,"flap":0,"pitch":2,"thC":2.9,"vs":-1.26,"wK":1,"y":71.3,"hP":71.3,"brake":0,"onG":0}
{"t":448,"ph":"FINAL","s":-1341,"agl":56.9,"V":33.21,"Vc":32.93,"thr":0.13,"de":0.249,"flap":0,"pitch":2,"thC":2.9,"vs":-1.25,"wK":1,"y":71,"hP":71,"brake":0,"onG":0}
{"t":448.2,"ph":"FINAL","s":-1333,"agl":56.5,"V":33.19,"Vc":32.93,"thr":0.13,"de":0.248,"flap":0,"pitch":2,"thC":2.8,"vs":-1.25,"wK":1,"y":70.7,"hP":70.6,"brake":0,"onG":0}
{"t":448.5,"ph":"FINAL","s":-1326,"agl":56.1,"V":33.17,"Vc":32.93,"thr":0.14,"de":0.247,"flap":0,"pitch":2,"thC":2.8,"vs":-1.25,"wK":1,"y":70.3,"hP":70.3,"brake":0,"onG":0}
{"t":448.8,"ph":"FINAL","s":-1318,"agl":55.7,"V":33.14,"Vc":32.93,"thr":0.14,"de":0.245,"flap":0,"pitch":2,"thC":2.7,"vs":-1.25,"wK":1,"y":70,"hP":69.9,"brake":0,"onG":0}
{"t":449,"ph":"FINAL","s":-1311,"agl":55.3,"V":33.11,"Vc":32.93,"thr":0.15,"de":0.243,"flap":0,"pitch":2.1,"thC":2.6,"vs":-1.25,"wK":1,"y":69.7,"hP":69.6,"brake":0,"onG":0}
{"t":449.3,"ph":"FINAL","s":-1303,"agl":54.7,"V":33.09,"Vc":32.93,"thr":0.15,"de":0.242,"flap":0,"pitch":2.1,"thC":2.6,"vs":-1.25,"wK":1,"y":69.3,"hP":69.2,"brake":0,"onG":0}
{"t":449.6,"ph":"FINAL","s":-1296,"agl":54.2,"V":33.09,"Vc":32.93,"thr":0.15,"de":0.243,"flap":0,"pitch":2.1,"thC":2.6,"vs":-1.24,"wK":1,"y":69,"hP":68.9,"brake":0,"onG":0}
{"t":449.8,"ph":"FINAL","s":-1288,"agl":53.7,"V":33.09,"Vc":32.93,"thr":0.15,"de":0.245,"flap":0,"pitch":2.1,"thC":2.6,"vs":-1.23,"wK":1,"y":68.7,"hP":68.5,"brake":0,"onG":0}
{"t":450.1,"ph":"FINAL","s":-1281,"agl":53.3,"V":33.1,"Vc":32.93,"thr":0.15,"de":0.247,"flap":0,"pitch":2.1,"thC":2.6,"vs":-1.22,"wK":1,"y":68.3,"hP":68.2,"brake":0,"onG":0}
{"t":450.4,"ph":"FINAL","s":-1273,"agl":52.9,"V":33.1,"Vc":32.93,"thr":0.15,"de":0.248,"flap":0,"pitch":2,"thC":2.6,"vs":-1.21,"wK":1,"y":68,"hP":67.8,"brake":0,"onG":0}
{"t":450.6,"ph":"FINAL","s":-1266,"agl":52.3,"V":33.08,"Vc":32.93,"thr":0.15,"de":0.247,"flap":0,"pitch":2,"thC":2.6,"vs":-1.21,"wK":1,"y":67.7,"hP":67.5,"brake":0,"onG":0}
{"t":450.9,"ph":"FINAL","s":-1258,"agl":51.6,"V":33.05,"Vc":32.93,"thr":0.16,"de":0.245,"flap":0,"pitch":2,"thC":2.5,"vs":-1.22,"wK":1,"y":67.4,"hP":67.2,"brake":0,"onG":0}
{"t":451.2,"ph":"FINAL","s":-1251,"agl":50.9,"V":33.02,"Vc":32.93,"thr":0.16,"de":0.242,"flap":0,"pitch":2,"thC":2.4,"vs":-1.23,"wK":1,"y":67,"hP":66.8,"brake":0,"onG":0}
{"t":451.4,"ph":"FINAL","s":-1243,"agl":50.1,"V":33,"Vc":32.93,"thr":0.17,"de":0.24,"flap":0,"pitch":2.1,"thC":2.4,"vs":-1.24,"wK":1,"y":66.7,"hP":66.5,"brake":0,"onG":0}
{"t":451.7,"ph":"FINAL","s":-1236,"agl":49.5,"V":32.99,"Vc":32.93,"thr":0.17,"de":0.24,"flap":0,"pitch":2.1,"thC":2.4,"vs":-1.25,"wK":1,"y":66.4,"hP":66.1,"brake":0,"onG":0}
{"t":452,"ph":"FINAL","s":-1228,"agl":49.1,"V":32.99,"Vc":32.93,"thr":0.17,"de":0.241,"flap":0,"pitch":2.1,"thC":2.4,"vs":-1.25,"wK":1,"y":66,"hP":65.8,"brake":0,"onG":0}
{"t":452.2,"ph":"FINAL","s":-1221,"agl":48.8,"V":33.01,"Vc":32.93,"thr":0.16,"de":0.243,"flap":0,"pitch":2.1,"thC":2.5,"vs":-1.24,"wK":1,"y":65.7,"hP":65.4,"brake":0,"onG":0}
{"t":452.5,"ph":"FINAL","s":-1214,"agl":48.8,"V":33.04,"Vc":32.93,"thr":0.15,"de":0.245,"flap":0,"pitch":2.1,"thC":2.5,"vs":-1.23,"wK":1,"y":65.4,"hP":65.1,"brake":0,"onG":0}
{"t":452.8,"ph":"FINAL","s":-1206,"agl":48.7,"V":33.05,"Vc":32.93,"thr":0.15,"de":0.247,"flap":0,"pitch":2.1,"thC":2.6,"vs":-1.22,"wK":1,"y":65.1,"hP":64.8,"brake":0,"onG":0}
{"t":453,"ph":"FINAL","s":-1199,"agl":48.3,"V":33.06,"Vc":32.93,"thr":0.15,"de":0.248,"flap":0,"pitch":2.1,"thC":2.6,"vs":-1.22,"wK":1,"y":64.7,"hP":64.4,"brake":0,"onG":0}
{"t":453.3,"ph":"FINAL","s":-1191,"agl":47.8,"V":33.05,"Vc":32.93,"thr":0.15,"de":0.247,"flap":0,"pitch":2,"thC":2.6,"vs":-1.22,"wK":1,"y":64.4,"hP":64.1,"brake":0,"onG":0}
{"t":453.6,"ph":"FINAL","s":-1184,"agl":47.2,"V":33.03,"Vc":32.93,"thr":0.15,"de":0.246,"flap":0,"pitch":2,"thC":2.5,"vs":-1.23,"wK":1,"y":64.1,"hP":63.7,"brake":0,"onG":0}
{"t":453.8,"ph":"FINAL","s":-1177,"agl":47,"V":33.02,"Vc":32.93,"thr":0.15,"de":0.245,"flap":0,"pitch":2.1,"thC":2.5,"vs":-1.24,"wK":1,"y":63.8,"hP":63.4,"brake":0,"onG":0}
{"t":454.1,"ph":"FINAL","s":-1169,"agl":47,"V":33.02,"Vc":32.93,"thr":0.15,"de":0.245,"flap":0,"pitch":2.1,"thC":2.5,"vs":-1.24,"wK":1,"y":63.4,"hP":63.1,"brake":0,"onG":0}
{"t":454.4,"ph":"FINAL","s":-1162,"agl":46.7,"V":33.03,"Vc":32.93,"thr":0.15,"de":0.246,"flap":0,"pitch":2.1,"thC":2.6,"vs":-1.24,"wK":1,"y":63.1,"hP":62.7,"brake":0,"onG":0}
{"t":454.6,"ph":"FINAL","s":-1155,"agl":46.3,"V":33.04,"Vc":32.93,"thr":0.15,"de":0.248,"flap":0,"pitch":2.1,"thC":2.6,"vs":-1.24,"wK":1,"y":62.8,"hP":62.4,"brake":0,"onG":0}
{"t":454.9,"ph":"FINAL","s":-1147,"agl":46.2,"V":33.06,"Vc":32.93,"thr":0.14,"de":0.25,"flap":0,"pitch":2,"thC":2.7,"vs":-1.23,"wK":1,"y":62.4,"hP":62.1,"brake":0,"onG":0}
{"t":455.2,"ph":"FINAL","s":-1140,"agl":45.8,"V":33.07,"Vc":32.93,"thr":0.14,"de":0.252,"flap":0,"pitch":2,"thC":2.7,"vs":-1.22,"wK":1,"y":62.1,"hP":61.7,"brake":0,"onG":0}
{"t":455.4,"ph":"FINAL","s":-1133,"agl":45,"V":33.07,"Vc":32.93,"thr":0.14,"de":0.252,"flap":0,"pitch":2,"thC":2.7,"vs":-1.22,"wK":1,"y":61.8,"hP":61.4,"brake":0,"onG":0}
{"t":455.7,"ph":"FINAL","s":-1126,"agl":44.6,"V":33.06,"Vc":32.93,"thr":0.14,"de":0.251,"flap":0,"pitch":2,"thC":2.6,"vs":-1.23,"wK":1,"y":61.5,"hP":61.1,"brake":0,"onG":0}
{"t":456,"ph":"FINAL","s":-1118,"agl":45.1,"V":33.04,"Vc":32.93,"thr":0.14,"de":0.25,"flap":0,"pitch":2,"thC":2.6,"vs":-1.24,"wK":1,"y":61.1,"hP":60.7,"brake":0,"onG":0}
{"t":456.2,"ph":"FINAL","s":-1111,"agl":46.3,"V":33.02,"Vc":32.93,"thr":0.15,"de":0.248,"flap":0,"pitch":2,"thC":2.6,"vs":-1.25,"wK":1,"y":60.8,"hP":60.4,"brake":0,"onG":0}
{"t":456.5,"ph":"FINAL","s":-1104,"agl":46.1,"V":32.97,"Vc":32.93,"thr":0.16,"de":0.244,"flap":0,"pitch":2.1,"thC":2.4,"vs":-1.26,"wK":1,"y":60.5,"hP":60.1,"brake":0,"onG":0}
{"t":456.8,"ph":"FINAL","s":-1097,"agl":46.9,"V":32.95,"Vc":32.93,"thr":0.17,"de":0.243,"flap":0,"pitch":2.1,"thC":2.4,"vs":-1.26,"wK":1,"y":60.1,"hP":59.7,"brake":0,"onG":0}
{"t":457,"ph":"FINAL","s":-1089,"agl":47.2,"V":32.93,"Vc":32.93,"thr":0.17,"de":0.243,"flap":0,"pitch":2.1,"thC":2.3,"vs":-1.25,"wK":1,"y":59.8,"hP":59.4,"brake":0,"onG":0}
{"t":457.3,"ph":"FINAL","s":-1082,"agl":47.4,"V":32.93,"Vc":32.93,"thr":0.17,"de":0.245,"flap":0,"pitch":2.1,"thC":2.3,"vs":-1.24,"wK":1,"y":59.5,"hP":59.1,"brake":0,"onG":0}
{"t":457.6,"ph":"FINAL","s":-1075,"agl":47.6,"V":32.93,"Vc":32.93,"thr":0.17,"de":0.246,"flap":0,"pitch":2.1,"thC":2.3,"vs":-1.23,"wK":1,"y":59.1,"hP":58.7,"brake":0,"onG":0}
{"t":457.8,"ph":"FINAL","s":-1068,"agl":47.7,"V":32.93,"Vc":32.93,"thr":0.17,"de":0.247,"flap":0,"pitch":2.1,"thC":2.3,"vs":-1.22,"wK":1,"y":58.8,"hP":58.4,"brake":0,"onG":0}
{"t":458.1,"ph":"FINAL","s":-1061,"agl":47.8,"V":32.91,"Vc":32.93,"thr":0.17,"de":0.246,"flap":0,"pitch":2,"thC":2.3,"vs":-1.22,"wK":1,"y":58.5,"hP":58.1,"brake":0,"onG":0}
{"t":458.4,"ph":"FINAL","s":-1053,"agl":47.9,"V":32.89,"Vc":32.93,"thr":0.18,"de":0.244,"flap":0,"pitch":2,"thC":2.2,"vs":-1.22,"wK":1,"y":58.2,"hP":57.7,"brake":0,"onG":0}
{"t":458.6,"ph":"FINAL","s":-1046,"agl":47.9,"V":32.86,"Vc":32.93,"thr":0.19,"de":0.242,"flap":0,"pitch":2,"thC":2.1,"vs":-1.23,"wK":1,"y":57.8,"hP":57.4,"brake":0,"onG":0}
{"t":458.9,"ph":"FINAL","s":-1039,"agl":47.8,"V":32.84,"Vc":32.93,"thr":0.19,"de":0.241,"flap":0,"pitch":2.1,"thC":2.1,"vs":-1.24,"wK":1,"y":57.5,"hP":57.1,"brake":0,"onG":0}
{"t":459.2,"ph":"FINAL","s":-1032,"agl":47.3,"V":32.83,"Vc":32.93,"thr":0.2,"de":0.24,"flap":0,"pitch":2.1,"thC":2,"vs":-1.24,"wK":1,"y":57.2,"hP":56.7,"brake":0,"onG":0}
{"t":459.4,"ph":"FINAL","s":-1025,"agl":46.8,"V":32.82,"Vc":32.93,"thr":0.2,"de":0.24,"flap":0,"pitch":2.1,"thC":2,"vs":-1.25,"wK":1,"y":56.8,"hP":56.4,"brake":0,"onG":0}
{"t":459.7,"ph":"FINAL","s":-1017,"agl":46.5,"V":32.83,"Vc":32.93,"thr":0.2,"de":0.241,"flap":0,"pitch":2.1,"thC":2,"vs":-1.24,"wK":1,"y":56.5,"hP":56.1,"brake":0,"onG":0}
{"t":460,"ph":"FINAL","s":-1010,"agl":46.4,"V":32.84,"Vc":32.93,"thr":0.19,"de":0.243,"flap":0,"pitch":2,"thC":2.1,"vs":-1.24,"wK":1,"y":56.2,"hP":55.8,"brake":0,"onG":0}
{"t":460.2,"ph":"FINAL","s":-1003,"agl":46.4,"V":32.84,"Vc":32.93,"thr":0.19,"de":0.243,"flap":0,"pitch":2,"thC":2.1,"vs":-1.23,"wK":1,"y":55.8,"hP":55.4,"brake":0,"onG":0}
{"t":460.5,"ph":"FINAL","s":-996,"agl":46.4,"V":32.83,"Vc":32.93,"thr":0.19,"de":0.243,"flap":0,"pitch":2,"thC":2,"vs":-1.24,"wK":1,"y":55.5,"hP":55.1,"brake":0,"onG":0}
{"t":460.8,"ph":"FINAL","s":-989,"agl":46.3,"V":32.81,"Vc":32.93,"thr":0.2,"de":0.241,"flap":0,"pitch":2,"thC":2,"vs":-1.24,"wK":1,"y":55.2,"hP":54.8,"brake":0,"onG":0}
{"t":461,"ph":"FINAL","s":-982,"agl":46.1,"V":32.78,"Vc":32.93,"thr":0.21,"de":0.238,"flap":0,"pitch":2,"thC":1.9,"vs":-1.26,"wK":1,"y":54.8,"hP":54.4,"brake":0,"onG":0}
{"t":461.3,"ph":"FINAL","s":-974,"agl":45.8,"V":32.76,"Vc":32.93,"thr":0.21,"de":0.235,"flap":0,"pitch":2.1,"thC":1.8,"vs":-1.28,"wK":1,"y":54.5,"hP":54.1,"brake":0,"onG":0}
{"t":461.6,"ph":"FINAL","s":-967,"agl":45.7,"V":32.75,"Vc":32.93,"thr":0.22,"de":0.235,"flap":0,"pitch":2.1,"thC":1.8,"vs":-1.29,"wK":1,"y":54.2,"hP":53.8,"brake":0,"onG":0}
{"t":461.8,"ph":"FINAL","s":-960,"agl":46,"V":32.76,"Vc":32.93,"thr":0.22,"de":0.236,"flap":0,"pitch":2.1,"thC":1.9,"vs":-1.29,"wK":1,"y":53.8,"hP":53.4,"brake":0,"onG":0}
{"t":462.1,"ph":"FINAL","s":-953,"agl":46.8,"V":32.78,"Vc":32.93,"thr":0.21,"de":0.238,"flap":0,"pitch":2.1,"thC":2,"vs":-1.28,"wK":1,"y":53.5,"hP":53.1,"brake":0,"onG":0}
{"t":462.4,"ph":"FINAL","s":-946,"agl":47.6,"V":32.81,"Vc":32.93,"thr":0.2,"de":0.24,"flap":0,"pitch":2.1,"thC":2,"vs":-1.27,"wK":1,"y":53.1,"hP":52.8,"brake":0,"onG":0}
{"t":462.6,"ph":"FINAL","s":-938,"agl":48.6,"V":32.84,"Vc":32.93,"thr":0.2,"de":0.242,"flap":0,"pitch":2.1,"thC":2.1,"vs":-1.26,"wK":1,"y":52.8,"hP":52.4,"brake":0,"onG":0}
{"t":462.9,"ph":"FINAL","s":-931,"agl":51.4,"V":32.91,"Vc":32.93,"thr":0.18,"de":0.247,"flap":0,"pitch":2.1,"thC":2.3,"vs":-1.25,"wK":1,"y":52.5,"hP":52.1,"brake":0,"onG":0}
{"t":463.2,"ph":"FINAL","s":-924,"agl":51,"V":32.88,"Vc":32.93,"thr":0.18,"de":0.245,"flap":0,"pitch":2.1,"thC":2.2,"vs":-1.25,"wK":1,"y":52.1,"hP":51.8,"brake":0,"onG":0}
{"t":463.4,"ph":"FINAL","s":-917,"agl":50.7,"V":32.85,"Vc":32.93,"thr":0.19,"de":0.242,"flap":0,"pitch":2,"thC":2.1,"vs":-1.26,"wK":1,"y":51.8,"hP":51.5,"brake":0,"onG":0}
{"t":463.7,"ph":"FINAL","s":-910,"agl":50.4,"V":32.83,"Vc":32.93,"thr":0.2,"de":0.24,"flap":0,"pitch":2.1,"thC":2,"vs":-1.27,"wK":1,"y":51.5,"hP":51.1,"brake":0,"onG":0}
{"t":464,"ph":"FINAL","s":-903,"agl":50,"V":32.79,"Vc":32.93,"thr":0.21,"de":0.237,"flap":0,"pitch":2.1,"thC":1.9,"vs":-1.28,"wK":1,"y":51.1,"hP":50.8,"brake":0,"onG":0}
{"t":464.2,"ph":"FINAL","s":-895,"agl":49.7,"V":32.76,"Vc":32.93,"thr":0.22,"de":0.236,"flap":0,"pitch":2.1,"thC":1.8,"vs":-1.28,"wK":1,"y":50.8,"hP":50.5,"brake":0,"onG":0}
{"t":464.5,"ph":"FINAL","s":-888,"agl":49.3,"V":32.75,"Vc":32.93,"thr":0.22,"de":0.235,"flap":0,"pitch":2.1,"thC":1.8,"vs":-1.28,"wK":1,"y":50.4,"hP":50.1,"brake":0,"onG":0}
{"t":464.8,"ph":"FINAL","s":-881,"agl":49,"V":32.74,"Vc":32.93,"thr":0.22,"de":0.236,"flap":0,"pitch":2.1,"thC":1.8,"vs":-1.27,"wK":1,"y":50.1,"hP":49.8,"brake":0,"onG":0}
{"t":465,"ph":"FINAL","s":-874,"agl":48.7,"V":32.74,"Vc":32.93,"thr":0.22,"de":0.237,"flap":0,"pitch":2.1,"thC":1.7,"vs":-1.27,"wK":1,"y":49.8,"hP":49.5,"brake":0,"onG":0}
{"t":465.3,"ph":"FINAL","s":-867,"agl":48.3,"V":32.73,"Vc":32.93,"thr":0.23,"de":0.236,"flap":0,"pitch":2.1,"thC":1.7,"vs":-1.27,"wK":1,"y":49.4,"hP":49.1,"brake":0,"onG":0}
{"t":465.6,"ph":"FINAL","s":-859,"agl":48,"V":32.72,"Vc":32.93,"thr":0.23,"de":0.235,"flap":0,"pitch":2,"thC":1.7,"vs":-1.27,"wK":1,"y":49.1,"hP":48.8,"brake":0,"onG":0}
{"t":465.8,"ph":"FINAL","s":-852,"agl":47.6,"V":32.7,"Vc":32.93,"thr":0.24,"de":0.233,"flap":0,"pitch":2.1,"thC":1.6,"vs":-1.28,"wK":1,"y":48.7,"hP":48.5,"brake":0,"onG":0}
{"t":466.1,"ph":"FINAL","s":-845,"agl":47.3,"V":32.67,"Vc":32.93,"thr":0.24,"de":0.23,"flap":0,"pitch":2.1,"thC":1.5,"vs":-1.29,"wK":1,"y":48.4,"hP":48.1,"brake":0,"onG":0}
{"t":466.4,"ph":"FINAL","s":-838,"agl":47,"V":32.66,"Vc":32.93,"thr":0.25,"de":0.229,"flap":0,"pitch":2.1,"thC":1.5,"vs":-1.3,"wK":1,"y":48.1,"hP":47.8,"brake":0,"onG":0}
{"t":466.6,"ph":"FINAL","s":-830,"agl":46.6,"V":32.66,"Vc":32.93,"thr":0.25,"de":0.229,"flap":0,"pitch":2.1,"thC":1.5,"vs":-1.31,"wK":1,"y":47.7,"hP":47.5,"brake":0,"onG":0}
{"t":466.9,"ph":"FINAL","s":-823,"agl":46.3,"V":32.68,"Vc":32.93,"thr":0.24,"de":0.23,"flap":0,"pitch":2.1,"thC":1.6,"vs":-1.3,"wK":1,"y":47.4,"hP":47.1,"brake":0,"onG":0}
{"t":467.2,"ph":"FINAL","s":-816,"agl":45.9,"V":32.71,"Vc":32.93,"thr":0.24,"de":0.232,"flap":0,"pitch":2.1,"thC":1.6,"vs":-1.29,"wK":1,"y":47,"hP":46.8,"brake":0,"onG":0}
{"t":467.4,"ph":"FINAL","s":-809,"agl":45.6,"V":32.73,"Vc":32.93,"thr":0.23,"de":0.234,"flap":0,"pitch":2.1,"thC":1.7,"vs":-1.28,"wK":1,"y":46.7,"hP":46.5,"brake":0,"onG":0}
{"t":467.7,"ph":"FINAL","s":-801,"agl":45.2,"V":32.75,"Vc":32.93,"thr":0.22,"de":0.236,"flap":0,"pitch":2.1,"thC":1.7,"vs":-1.27,"wK":1,"y":46.3,"hP":46.1,"brake":0,"onG":0}
{"t":468,"ph":"FINAL","s":-794,"agl":44.9,"V":32.76,"Vc":32.93,"thr":0.22,"de":0.236,"flap":0,"pitch":2,"thC":1.7,"vs":-1.26,"wK":1,"y":46,"hP":45.8,"brake":0,"onG":0}
{"t":468.2,"ph":"FINAL","s":-787,"agl":44.6,"V":32.76,"Vc":32.93,"thr":0.22,"de":0.235,"flap":0,"pitch":2,"thC":1.7,"vs":-1.27,"wK":1,"y":45.7,"hP":45.5,"brake":0,"onG":0}
{"t":468.5,"ph":"FINAL","s":-779,"agl":44.2,"V":32.74,"Vc":32.93,"thr":0.23,"de":0.233,"flap":0,"pitch":2,"thC":1.6,"vs":-1.27,"wK":1,"y":45.3,"hP":45.1,"brake":0,"onG":0}
{"t":468.8,"ph":"FINAL","s":-772,"agl":43.9,"V":32.73,"Vc":32.93,"thr":0.23,"de":0.231,"flap":0,"pitch":2,"thC":1.6,"vs":-1.28,"wK":1,"y":45,"hP":44.8,"brake":0,"onG":0}
{"t":469,"ph":"FINAL","s":-765,"agl":43.5,"V":32.73,"Vc":32.93,"thr":0.23,"de":0.231,"flap":0,"pitch":2,"thC":1.6,"vs":-1.29,"wK":1,"y":44.6,"hP":44.5,"brake":0,"onG":0}
{"t":469.3,"ph":"FINAL","s":-758,"agl":43.2,"V":32.74,"Vc":32.93,"thr":0.23,"de":0.231,"flap":0,"pitch":2,"thC":1.6,"vs":-1.3,"wK":1,"y":44.3,"hP":44.1,"brake":0,"onG":0}
{"t":469.6,"ph":"FINAL","s":-750,"agl":42.8,"V":32.76,"Vc":32.93,"thr":0.23,"de":0.232,"flap":0,"pitch":2,"thC":1.7,"vs":-1.3,"wK":1,"y":43.9,"hP":43.8,"brake":0,"onG":0}
{"t":469.8,"ph":"FINAL","s":-743,"agl":42.5,"V":32.78,"Vc":32.93,"thr":0.22,"de":0.234,"flap":0,"pitch":2,"thC":1.7,"vs":-1.29,"wK":1,"y":43.6,"hP":43.5,"brake":0,"onG":0}
{"t":470.1,"ph":"FINAL","s":-736,"agl":42.2,"V":32.8,"Vc":32.93,"thr":0.22,"de":0.235,"flap":0,"pitch":2,"thC":1.7,"vs":-1.29,"wK":1,"y":43.2,"hP":43.1,"brake":0,"onG":0}
{"t":470.4,"ph":"FINAL","s":-728,"agl":41.8,"V":32.8,"Vc":32.93,"thr":0.22,"de":0.235,"flap":0,"pitch":2,"thC":1.7,"vs":-1.29,"wK":1,"y":42.9,"hP":42.8,"brake":0,"onG":0}
{"t":470.6,"ph":"FINAL","s":-721,"agl":41.5,"V":32.8,"Vc":32.93,"thr":0.22,"de":0.234,"flap":0,"pitch":2,"thC":1.7,"vs":-1.29,"wK":1,"y":42.6,"hP":42.4,"brake":0,"onG":0}
{"t":470.9,"ph":"FINAL","s":-713,"agl":41.1,"V":32.79,"Vc":32.93,"thr":0.22,"de":0.232,"flap":0,"pitch":2,"thC":1.7,"vs":-1.3,"wK":1,"y":42.2,"hP":42.1,"brake":0,"onG":0}
{"t":471.2,"ph":"FINAL","s":-706,"agl":40.8,"V":32.78,"Vc":32.93,"thr":0.23,"de":0.231,"flap":0,"pitch":2,"thC":1.6,"vs":-1.31,"wK":1,"y":41.9,"hP":41.8,"brake":0,"onG":0}
{"t":471.4,"ph":"FINAL","s":-699,"agl":40.4,"V":32.77,"Vc":32.93,"thr":0.23,"de":0.23,"flap":0,"pitch":2,"thC":1.6,"vs":-1.32,"wK":1,"y":41.5,"hP":41.4,"brake":0,"onG":0}
{"t":471.7,"ph":"FINAL","s":-691,"agl":40.1,"V":32.74,"Vc":32.93,"thr":0.24,"de":0.228,"flap":0,"pitch":2,"thC":1.5,"vs":-1.32,"wK":1,"y":41.2,"hP":41.1,"brake":0,"onG":0}
{"t":472,"ph":"FINAL","s":-684,"agl":39.7,"V":32.72,"Vc":32.93,"thr":0.24,"de":0.228,"flap":0,"pitch":2,"thC":1.5,"vs":-1.32,"wK":1,"y":40.8,"hP":40.7,"brake":0,"onG":0}
{"t":472.2,"ph":"FINAL","s":-677,"agl":39.4,"V":32.72,"Vc":32.93,"thr":0.24,"de":0.228,"flap":0,"pitch":2,"thC":1.4,"vs":-1.31,"wK":1,"y":40.5,"hP":40.4,"brake":0,"onG":0}
{"t":472.5,"ph":"FINAL","s":-669,"agl":39,"V":32.72,"Vc":32.93,"thr":0.25,"de":0.229,"flap":0,"pitch":2,"thC":1.4,"vs":-1.29,"wK":1,"y":40.1,"hP":40.1,"brake":0,"onG":0}
{"t":472.8,"ph":"FINAL","s":-662,"agl":38.7,"V":32.7,"Vc":32.93,"thr":0.25,"de":0.228,"flap":0,"pitch":2,"thC":1.3,"vs":-1.29,"wK":1,"y":39.8,"hP":39.7,"brake":0,"onG":0}
{"t":473,"ph":"FINAL","s":-654,"agl":38.3,"V":32.68,"Vc":32.93,"thr":0.25,"de":0.226,"flap":0,"pitch":1.9,"thC":1.2,"vs":-1.28,"wK":1,"y":39.4,"hP":39.4,"brake":0,"onG":0}
{"t":473.3,"ph":"FINAL","s":-647,"agl":38,"V":32.65,"Vc":32.93,"thr":0.26,"de":0.224,"flap":0,"pitch":1.9,"thC":1.1,"vs":-1.29,"wK":1,"y":39.1,"hP":39,"brake":0,"onG":0}
{"t":473.6,"ph":"FINAL","s":-639,"agl":37.6,"V":32.61,"Vc":32.93,"thr":0.27,"de":0.221,"flap":0,"pitch":1.9,"thC":1,"vs":-1.3,"wK":1,"y":38.7,"hP":38.7,"brake":0,"onG":0}
{"t":473.8,"ph":"FINAL","s":-632,"agl":37.3,"V":32.58,"Vc":32.93,"thr":0.28,"de":0.218,"flap":0,"pitch":1.9,"thC":0.9,"vs":-1.32,"wK":1,"y":38.4,"hP":38.3,"brake":0,"onG":0}
{"t":474.1,"ph":"FINAL","s":-624,"agl":36.9,"V":32.56,"Vc":32.93,"thr":0.29,"de":0.217,"flap":0,"pitch":1.9,"thC":0.8,"vs":-1.33,"wK":1,"y":38,"hP":38,"brake":0,"onG":0}
{"t":474.4,"ph":"FINAL","s":-617,"agl":36.6,"V":32.56,"Vc":32.93,"thr":0.29,"de":0.216,"flap":0,"pitch":1.9,"thC":0.8,"vs":-1.33,"wK":1,"y":37.7,"hP":37.7,"brake":0,"onG":0}
{"t":474.6,"ph":"FINAL","s":-609,"agl":36.2,"V":32.56,"Vc":32.93,"thr":0.29,"de":0.217,"flap":0,"pitch":1.9,"thC":0.8,"vs":-1.34,"wK":1,"y":37.3,"hP":37.3,"brake":0,"onG":0}
{"t":474.9,"ph":"FINAL","s":-602,"agl":35.9,"V":32.57,"Vc":32.93,"thr":0.29,"de":0.217,"flap":0,"pitch":1.9,"thC":0.8,"vs":-1.33,"wK":1,"y":37,"hP":37,"brake":0,"onG":0}
{"t":475.2,"ph":"FINAL","s":-594,"agl":35.5,"V":32.57,"Vc":32.93,"thr":0.29,"de":0.217,"flap":0,"pitch":1.9,"thC":0.8,"vs":-1.33,"wK":1,"y":36.6,"hP":36.6,"brake":0,"onG":0}
{"t":475.4,"ph":"FINAL","s":-587,"agl":35.2,"V":32.56,"Vc":32.93,"thr":0.29,"de":0.216,"flap":0,"pitch":1.9,"thC":0.7,"vs":-1.33,"wK":1,"y":36.3,"hP":36.3,"brake":0,"onG":0}
{"t":475.7,"ph":"FINAL","s":-579,"agl":34.8,"V":32.54,"Vc":32.93,"thr":0.29,"de":0.214,"flap":0,"pitch":1.9,"thC":0.7,"vs":-1.34,"wK":1,"y":35.9,"hP":35.9,"brake":0,"onG":0}
{"t":476,"ph":"FINAL","s":-571,"agl":34.4,"V":32.51,"Vc":32.93,"thr":0.3,"de":0.212,"flap":0,"pitch":1.9,"thC":0.6,"vs":-1.35,"wK":1,"y":35.5,"hP":35.6,"brake":0,"onG":0}
{"t":476.2,"ph":"FINAL","s":-564,"agl":34.1,"V":32.49,"Vc":32.93,"thr":0.31,"de":0.21,"flap":0,"pitch":1.9,"thC":0.5,"vs":-1.37,"wK":1,"y":35.2,"hP":35.2,"brake":0,"onG":0}
{"t":476.5,"ph":"FINAL","s":-556,"agl":33.7,"V":32.49,"Vc":32.93,"thr":0.31,"de":0.208,"flap":0,"pitch":1.9,"thC":0.5,"vs":-1.38,"wK":1,"y":34.8,"hP":34.9,"brake":0,"onG":0}
{"t":476.8,"ph":"FINAL","s":-548,"agl":33.4,"V":32.49,"Vc":32.93,"thr":0.31,"de":0.209,"flap":0,"pitch":1.9,"thC":0.5,"vs":-1.38,"wK":1,"y":34.4,"hP":34.5,"brake":0,"onG":0}
{"t":477,"ph":"FINAL","s":-540,"agl":33,"V":32.5,"Vc":32.93,"thr":0.31,"de":0.21,"flap":0,"pitch":1.9,"thC":0.5,"vs":-1.38,"wK":1,"y":34.1,"hP":34.1,"brake":0,"onG":0}
{"t":477.3,"ph":"FINAL","s":-533,"agl":32.6,"V":32.52,"Vc":32.93,"thr":0.3,"de":0.211,"flap":0,"pitch":1.8,"thC":0.5,"vs":-1.37,"wK":1,"y":33.7,"hP":33.8,"brake":0,"onG":0}
{"t":477.6,"ph":"FINAL","s":-525,"agl":32.3,"V":32.53,"Vc":32.93,"thr":0.3,"de":0.211,"flap":0,"pitch":1.8,"thC":0.5,"vs":-1.37,"wK":1,"y":33.3,"hP":33.4,"brake":0,"onG":0}
{"t":477.8,"ph":"FINAL","s":-517,"agl":31.9,"V":32.53,"Vc":32.93,"thr":0.3,"de":0.211,"flap":0,"pitch":1.7,"thC":0.5,"vs":-1.37,"wK":1,"y":33,"hP":33.1,"brake":0,"onG":0}
{"t":478.1,"ph":"FINAL","s":-509,"agl":31.5,"V":32.51,"Vc":32.93,"thr":0.31,"de":0.21,"flap":0,"pitch":1.7,"thC":0.4,"vs":-1.38,"wK":1,"y":32.6,"hP":32.7,"brake":0,"onG":0}
{"t":478.4,"ph":"FINAL","s":-501,"agl":31.1,"V":32.49,"Vc":32.93,"thr":0.31,"de":0.207,"flap":0,"pitch":1.7,"thC":0.3,"vs":-1.4,"wK":1,"y":32.2,"hP":32.3,"brake":0,"onG":0}
{"t":478.6,"ph":"FINAL","s":-493,"agl":30.8,"V":32.46,"Vc":32.93,"thr":0.32,"de":0.204,"flap":0,"pitch":1.7,"thC":0.2,"vs":-1.42,"wK":1,"y":31.9,"hP":32,"brake":0,"onG":0}
{"t":478.9,"ph":"FINAL","s":-485,"agl":30.4,"V":32.52,"Vc":32.93,"thr":0.31,"de":0.206,"flap":0,"pitch":1.7,"thC":0.4,"vs":-1.44,"wK":1,"y":31.5,"hP":31.6,"brake":0,"onG":0}
{"t":479.2,"ph":"FINAL","s":-477,"agl":30,"V":32.58,"Vc":32.93,"thr":0.29,"de":0.209,"flap":0,"pitch":1.7,"thC":0.6,"vs":-1.46,"wK":1,"y":31.1,"hP":31.2,"brake":0,"onG":0}
{"t":479.4,"ph":"FINAL","s":-469,"agl":29.6,"V":32.65,"Vc":32.93,"thr":0.28,"de":0.212,"flap":0,"pitch":1.7,"thC":0.8,"vs":-1.46,"wK":1,"y":30.7,"hP":30.9,"brake":0,"onG":0}
{"t":479.7,"ph":"FINAL","s":-461,"agl":29.2,"V":32.71,"Vc":32.93,"thr":0.26,"de":0.215,"flap":0,"pitch":1.7,"thC":1,"vs":-1.46,"wK":1,"y":30.3,"hP":30.5,"brake":0,"onG":0}
{"t":480,"ph":"FINAL","s":-453,"agl":28.8,"V":32.76,"Vc":32.93,"thr":0.25,"de":0.217,"flap":0,"pitch":1.7,"thC":1.1,"vs":-1.46,"wK":1,"y":29.9,"hP":30.1,"brake":0,"onG":0}
{"t":480.2,"ph":"FINAL","s":-445,"agl":28.4,"V":32.8,"Vc":32.93,"thr":0.24,"de":0.219,"flap":0,"pitch":1.7,"thC":1.2,"vs":-1.45,"wK":1,"y":29.5,"hP":29.8,"brake":0,"onG":0}
{"t":480.5,"ph":"FINAL","s":-437,"agl":28.1,"V":32.83,"Vc":32.93,"thr":0.24,"de":0.219,"flap":0,"pitch":1.7,"thC":1.2,"vs":-1.45,"wK":1,"y":29.2,"hP":29.4,"brake":0,"onG":0}
{"t":480.8,"ph":"FINAL","s":-429,"agl":27.7,"V":32.84,"Vc":32.93,"thr":0.24,"de":0.218,"flap":0,"pitch":1.7,"thC":1.2,"vs":-1.45,"wK":1,"y":28.8,"hP":29,"brake":0,"onG":0}
{"t":481,"ph":"FINAL","s":-421,"agl":27.3,"V":32.84,"Vc":32.93,"thr":0.24,"de":0.217,"flap":0,"pitch":1.7,"thC":1.2,"vs":-1.45,"wK":1,"y":28.4,"hP":28.6,"brake":0,"onG":0}
{"t":481.3,"ph":"FINAL","s":-413,"agl":26.9,"V":32.85,"Vc":32.93,"thr":0.24,"de":0.217,"flap":0,"pitch":1.7,"thC":1.2,"vs":-1.46,"wK":1,"y":28,"hP":28.3,"brake":0,"onG":0}
{"t":481.6,"ph":"FINAL","s":-405,"agl":26.5,"V":32.87,"Vc":32.93,"thr":0.23,"de":0.217,"flap":0,"pitch":1.7,"thC":1.3,"vs":-1.46,"wK":1,"y":27.6,"hP":27.9,"brake":0,"onG":0}
{"t":481.8,"ph":"FINAL","s":-397,"agl":26.1,"V":32.89,"Vc":32.93,"thr":0.23,"de":0.218,"flap":0,"pitch":1.7,"thC":1.3,"vs":-1.45,"wK":1,"y":27.2,"hP":27.5,"brake":0,"onG":0}
{"t":482.1,"ph":"FINAL","s":-388,"agl":25.7,"V":32.92,"Vc":32.93,"thr":0.22,"de":0.22,"flap":0,"pitch":1.7,"thC":1.4,"vs":-1.44,"wK":1,"y":26.8,"hP":27.1,"brake":0,"onG":0}
{"t":482.4,"ph":"FINAL","s":-380,"agl":25.4,"V":32.96,"Vc":32.93,"thr":0.21,"de":0.222,"flap":0,"pitch":1.7,"thC":1.5,"vs":-1.43,"wK":1,"y":26.4,"hP":26.8,"brake":0,"onG":0}
{"t":482.6,"ph":"FINAL","s":-372,"agl":25,"V":32.98,"Vc":32.93,"thr":0.21,"de":0.224,"flap":0,"pitch":1.6,"thC":1.5,"vs":-1.41,"wK":1,"y":26.1,"hP":26.4,"brake":0,"onG":0}
{"t":482.9,"ph":"FINAL","s":-364,"agl":24.6,"V":32.99,"Vc":32.93,"thr":0.2,"de":0.224,"flap":0,"pitch":1.6,"thC":1.5,"vs":-1.41,"wK":1,"y":25.7,"hP":26,"brake":0,"onG":0}
{"t":483.2,"ph":"FINAL","s":-356,"agl":24.2,"V":32.99,"Vc":32.93,"thr":0.21,"de":0.222,"flap":0,"pitch":1.6,"thC":1.5,"vs":-1.41,"wK":1,"y":25.3,"hP":25.6,"brake":0,"onG":0}
{"t":483.4,"ph":"FINAL","s":-348,"agl":23.8,"V":32.98,"Vc":32.93,"thr":0.21,"de":0.221,"flap":0,"pitch":1.6,"thC":1.4,"vs":-1.42,"wK":1,"y":24.9,"hP":25.3,"brake":0,"onG":0}
{"t":483.7,"ph":"FINAL","s":-339,"agl":23.5,"V":32.98,"Vc":32.93,"thr":0.21,"de":0.219,"flap":0,"pitch":1.6,"thC":1.4,"vs":-1.43,"wK":1,"y":24.6,"hP":24.9,"brake":0,"onG":0}
{"t":484,"ph":"FINAL","s":-331,"agl":21.1,"V":32.82,"Vc":32.93,"thr":0.25,"de":0.21,"flap":0,"pitch":1.6,"thC":0.9,"vs":-1.44,"wK":1,"y":24.2,"hP":24.5,"brake":0,"onG":0}
{"t":484.2,"ph":"FINAL","s":-323,"agl":17.9,"V":32.78,"Vc":32.93,"thr":0.26,"de":0.209,"flap":0,"pitch":1.7,"thC":0.8,"vs":-1.45,"wK":1,"y":23.8,"hP":24.1,"brake":0,"onG":0}
{"t":484.5,"ph":"FINAL","s":-315,"agl":14.5,"V":32.74,"Vc":32.93,"thr":0.27,"de":0.208,"flap":0,"pitch":1.7,"thC":0.7,"vs":-1.45,"wK":1,"y":23.4,"hP":23.8,"brake":0,"onG":0}
{"t":484.8,"ph":"FINAL","s":-306,"agl":11.4,"V":32.71,"Vc":32.93,"thr":0.28,"de":0.207,"flap":0,"pitch":1.6,"thC":0.6,"vs":-1.45,"wK":1,"y":23,"hP":23.4,"brake":0,"onG":0}
{"t":485,"ph":"FINAL","s":-298,"agl":8.6,"V":32.67,"Vc":32.93,"thr":0.29,"de":0.207,"flap":0,"pitch":1.6,"thC":0.5,"vs":-1.45,"wK":1,"y":22.6,"hP":23,"brake":0,"onG":0}
{"t":485.3,"ph":"FINAL","s":-290,"agl":6.5,"V":32.66,"Vc":32.93,"thr":0.29,"de":0.207,"flap":0,"pitch":1.5,"thC":0.4,"vs":-1.46,"wK":1,"y":22.2,"hP":22.6,"brake":0,"onG":0}
{"t":485.6,"ph":"FLARE","s":-282,"agl":5.3,"V":32.51,"Vc":null,"thr":0,"de":0.226,"flap":0,"pitch":1.2,"thC":null,"vs":-1.56,"wK":null,"y":21.8,"hP":null,"brake":0,"onG":0}
{"t":485.8,"ph":"FLARE","s":-273,"agl":4.4,"V":32.35,"Vc":null,"thr":0.08,"de":0.35,"flap":0,"pitch":0.9,"thC":null,"vs":-1.8,"wK":null,"y":21.4,"hP":null,"brake":0,"onG":0}
{"t":486.1,"ph":"FLARE","s":-265,"agl":3.8,"V":32.28,"Vc":null,"thr":0.12,"de":0.35,"flap":0,"pitch":1.8,"thC":null,"vs":-1.84,"wK":null,"y":20.9,"hP":null,"brake":0,"onG":0}
{"t":486.4,"ph":"FLARE","s":-257,"agl":3.3,"V":32.18,"Vc":null,"thr":0.12,"de":0.35,"flap":0,"pitch":2.9,"thC":null,"vs":-1.61,"wK":null,"y":20.4,"hP":null,"brake":0,"onG":0}
{"t":486.6,"ph":"FLARE","s":-248,"agl":2.8,"V":32.05,"Vc":null,"thr":0.12,"de":0.338,"flap":0,"pitch":3.6,"thC":null,"vs":-1.3,"wK":null,"y":20.1,"hP":null,"brake":0,"onG":0}
{"t":486.9,"ph":"FLARE","s":-240,"agl":2.3,"V":31.92,"Vc":null,"thr":0.12,"de":0.337,"flap":0,"pitch":3.6,"thC":null,"vs":-1.06,"wK":null,"y":19.7,"hP":null,"brake":0,"onG":0}
{"t":487.2,"ph":"FLARE","s":-232,"agl":1.8,"V":31.79,"Vc":null,"thr":0.12,"de":0.35,"flap":0,"pitch":3.5,"thC":null,"vs":-0.96,"wK":null,"y":19.5,"hP":null,"brake":0,"onG":0}
{"t":487.4,"ph":"FLARE","s":-224,"agl":1.4,"V":31.66,"Vc":null,"thr":0.12,"de":0.35,"flap":0,"pitch":3.5,"thC":null,"vs":-0.9,"wK":null,"y":19.2,"hP":null,"brake":0,"onG":0}
{"t":487.7,"ph":"FLARE","s":-216,"agl":1,"V":31.53,"Vc":null,"thr":0.12,"de":0.35,"flap":0,"pitch":3.5,"thC":null,"vs":-0.87,"wK":null,"y":19,"hP":null,"brake":0,"onG":0}
{"t":488,"ph":"FLARE","s":-208,"agl":0.6,"V":31.38,"Vc":null,"thr":0.12,"de":0.35,"flap":0,"pitch":3.4,"thC":null,"vs":-0.86,"wK":null,"y":18.8,"hP":null,"brake":0,"onG":0}
{"t":488.2,"ph":"FLARE","s":-199,"agl":0.2,"V":31.22,"Vc":null,"thr":0.12,"de":0.35,"flap":0,"pitch":3,"thC":null,"vs":-0.93,"wK":null,"y":18.5,"hP":null,"brake":0,"onG":0}
{"t":488.5,"ph":"ROLLOUT","s":-191,"agl":-0.1,"V":30.92,"Vc":null,"thr":0,"de":0.35,"flap":0,"pitch":1.2,"thC":null,"vs":1.1,"wK":null,"y":18.4,"hP":null,"brake":0,"onG":3}
{"t":488.8,"ph":"ROLLOUT","s":-183,"agl":0,"V":30.68,"Vc":null,"thr":0,"de":0.309,"flap":0,"pitch":-0.4,"thC":null,"vs":0.15,"wK":null,"y":18.6,"hP":null,"brake":0,"onG":3}
{"t":489,"ph":"ROLLOUT","s":-175,"agl":0,"V":30.42,"Vc":null,"thr":0,"de":0.21,"flap":0,"pitch":1.2,"thC":null,"vs":0.66,"wK":null,"y":18.8,"hP":null,"brake":0,"onG":3}
{"t":489.3,"ph":"ROLLOUT","s":-168,"agl":0,"V":30.19,"Vc":null,"thr":0,"de":0.265,"flap":0,"pitch":0.5,"thC":null,"vs":0.71,"wK":null,"y":18.9,"hP":null,"brake":0,"onG":3}
{"t":489.6,"ph":"ROLLOUT","s":-160,"agl":0,"V":29.96,"Vc":null,"thr":0,"de":0.164,"flap":0,"pitch":0.9,"thC":null,"vs":0.64,"wK":null,"y":19.1,"hP":null,"brake":0,"onG":3}
{"t":489.8,"ph":"ROLLOUT","s":-152,"agl":0,"V":29.74,"Vc":null,"thr":0,"de":0.185,"flap":0,"pitch":0.7,"thC":null,"vs":0.67,"wK":null,"y":19.3,"hP":null,"brake":0,"onG":3}
{"t":490.1,"ph":"ROLLOUT","s":-144,"agl":0,"V":29.52,"Vc":null,"thr":0,"de":0.163,"flap":0,"pitch":0.7,"thC":null,"vs":0.72,"wK":null,"y":19.5,"hP":null,"brake":0,"onG":3}
{"t":490.4,"ph":"ROLLOUT","s":-137,"agl":0,"V":29.3,"Vc":null,"thr":0,"de":0.168,"flap":0,"pitch":0.8,"thC":null,"vs":0.72,"wK":null,"y":19.6,"hP":null,"brake":0,"onG":3}
{"t":490.6,"ph":"ROLLOUT","s":-129,"agl":0,"V":29.07,"Vc":null,"thr":0,"de":0.165,"flap":0,"pitch":0.8,"thC":null,"vs":0.75,"wK":null,"y":19.8,"hP":null,"brake":0,"onG":3}
{"t":490.9,"ph":"ROLLOUT","s":-122,"agl":0,"V":28.84,"Vc":null,"thr":0,"de":0.163,"flap":0,"pitch":0.9,"thC":null,"vs":0.82,"wK":null,"y":20,"hP":null,"brake":0,"onG":3}
{"t":491.2,"ph":"ROLLOUT","s":-114,"agl":0.1,"V":28.61,"Vc":null,"thr":0,"de":0.062,"flap":0,"pitch":2.5,"thC":null,"vs":1.67,"wK":null,"y":20.5,"hP":null,"brake":0,"onG":1}
{"t":491.4,"ph":"ROLLOUT","s":-107,"agl":0.3,"V":28.42,"Vc":null,"thr":0,"de":0.107,"flap":0,"pitch":3.2,"thC":null,"vs":0.41,"wK":null,"y":20.7,"hP":null,"brake":0,"onG":0}
{"t":491.7,"ph":"ROLLOUT","s":-99,"agl":0.1,"V":28.2,"Vc":null,"thr":0,"de":0.199,"flap":0,"pitch":2.3,"thC":null,"vs":-0.5,"wK":null,"y":20.7,"hP":null,"brake":0,"onG":2}
{"t":492,"ph":"ROLLOUT","s":-92,"agl":0,"V":27.93,"Vc":null,"thr":0,"de":0.293,"flap":0,"pitch":0.1,"thC":null,"vs":1.34,"wK":null,"y":21,"hP":null,"brake":0,"onG":3}
{"t":492.2,"ph":"ROLLOUT","s":-85,"agl":0,"V":27.71,"Vc":null,"thr":0,"de":0.09,"flap":0,"pitch":1.3,"thC":null,"vs":1.03,"wK":null,"y":21.2,"hP":null,"brake":0,"onG":3}
{"t":492.5,"ph":"ROLLOUT","s":-78,"agl":0,"V":27.5,"Vc":null,"thr":0,"de":0.139,"flap":0,"pitch":1.5,"thC":null,"vs":0.77,"wK":null,"y":21.5,"hP":null,"brake":0,"onG":3}
{"t":492.8,"ph":"ROLLOUT","s":-71,"agl":0,"V":27.28,"Vc":null,"thr":0,"de":0.179,"flap":0,"pitch":1.2,"thC":null,"vs":1.01,"wK":null,"y":21.7,"hP":null,"brake":0,"onG":3}
{"t":493,"ph":"ROLLOUT","s":-64,"agl":0,"V":27.05,"Vc":null,"thr":0,"de":0.148,"flap":0,"pitch":1.5,"thC":null,"vs":1.02,"wK":null,"y":22,"hP":null,"brake":0,"onG":3}
{"t":493.3,"ph":"ROLLOUT","s":-57,"agl":0,"V":26.81,"Vc":null,"thr":0,"de":0.166,"flap":0,"pitch":1.4,"thC":null,"vs":0.96,"wK":null,"y":22.3,"hP":null,"brake":0,"onG":3}
{"t":493.6,"ph":"ROLLOUT","s":-50,"agl":0,"V":26.58,"Vc":null,"thr":0,"de":0.159,"flap":0,"pitch":1.4,"thC":null,"vs":0.93,"wK":null,"y":22.5,"hP":null,"brake":0,"onG":3}
{"t":493.8,"ph":"ROLLOUT","s":-43,"agl":0,"V":26.35,"Vc":null,"thr":0,"de":0.163,"flap":0,"pitch":1.3,"thC":null,"vs":0.93,"wK":null,"y":22.8,"hP":null,"brake":0,"onG":3}
{"t":494.1,"ph":"ROLLOUT","s":-36,"agl":0,"V":26.13,"Vc":null,"thr":0,"de":0.159,"flap":0,"pitch":1.3,"thC":null,"vs":0.92,"wK":null,"y":23,"hP":null,"brake":0,"onG":3}
{"t":494.4,"ph":"ROLLOUT","s":-29,"agl":0,"V":25.92,"Vc":null,"thr":0,"de":0.161,"flap":0,"pitch":1.3,"thC":null,"vs":0.92,"wK":null,"y":23.3,"hP":null,"brake":0,"onG":3}
{"t":494.6,"ph":"ROLLOUT","s":-23,"agl":0,"V":25.72,"Vc":null,"thr":0,"de":0.161,"flap":0,"pitch":1.3,"thC":null,"vs":0.91,"wK":null,"y":23.5,"hP":null,"brake":0,"onG":3}
{"t":494.9,"ph":"ROLLOUT","s":-16,"agl":0,"V":25.52,"Vc":null,"thr":0,"de":0.161,"flap":0,"pitch":1.3,"thC":null,"vs":0.9,"wK":null,"y":23.7,"hP":null,"brake":0,"onG":3}
{"t":495.2,"ph":"ROLLOUT","s":-9,"agl":0,"V":25.32,"Vc":null,"thr":0,"de":0.161,"flap":0,"pitch":1.3,"thC":null,"vs":0.89,"wK":null,"y":24,"hP":null,"brake":0,"onG":3}
{"t":495.4,"ph":"ROLLOUT","s":-3,"agl":0,"V":25.11,"Vc":null,"thr":0,"de":0.161,"flap":0,"pitch":1.3,"thC":null,"vs":0.88,"wK":null,"y":24.2,"hP":null,"brake":0,"onG":3}
{"t":495.7,"ph":"ROLLOUT","s":3,"agl":0,"V":24.9,"Vc":null,"thr":0,"de":0.161,"flap":0,"pitch":1.3,"thC":null,"vs":0.88,"wK":null,"y":24.4,"hP":null,"brake":0,"onG":3}
{"t":496,"ph":"ROLLOUT","s":10,"agl":0,"V":24.69,"Vc":null,"thr":0,"de":0.161,"flap":0,"pitch":1.3,"thC":null,"vs":0.87,"wK":null,"y":24.7,"hP":null,"brake":0,"onG":3}
{"t":496.2,"ph":"ROLLOUT","s":16,"agl":0,"V":24.47,"Vc":null,"thr":0,"de":0.161,"flap":0,"pitch":1.3,"thC":null,"vs":0.86,"wK":null,"y":24.9,"hP":null,"brake":0,"onG":3}
{"t":496.5,"ph":"ROLLOUT","s":23,"agl":0,"V":24.27,"Vc":null,"thr":0,"de":0.161,"flap":0,"pitch":1.3,"thC":null,"vs":0.86,"wK":null,"y":25.1,"hP":null,"brake":0,"onG":3}
{"t":496.8,"ph":"ROLLOUT","s":29,"agl":0,"V":24.07,"Vc":null,"thr":0,"de":0.161,"flap":0,"pitch":1.3,"thC":null,"vs":0.85,"wK":null,"y":25.4,"hP":null,"brake":0,"onG":3}
{"t":497,"ph":"ROLLOUT","s":35,"agl":0,"V":23.87,"Vc":null,"thr":0,"de":0.162,"flap":0,"pitch":1.3,"thC":null,"vs":0.84,"wK":null,"y":25.6,"hP":null,"brake":0,"onG":3}
{"t":497.3,"ph":"ROLLOUT","s":41,"agl":0,"V":23.69,"Vc":null,"thr":0,"de":0.162,"flap":0,"pitch":1.3,"thC":null,"vs":0.83,"wK":null,"y":25.8,"hP":null,"brake":0,"onG":3}
{"t":497.6,"ph":"ROLLOUT","s":47,"agl":0,"V":23.49,"Vc":null,"thr":0,"de":0.162,"flap":0,"pitch":1.3,"thC":null,"vs":0.82,"wK":null,"y":26,"hP":null,"brake":0,"onG":3}
{"t":497.8,"ph":"ROLLOUT","s":53,"agl":0,"V":23.3,"Vc":null,"thr":0,"de":0.162,"flap":0,"pitch":1.3,"thC":null,"vs":0.82,"wK":null,"y":26.3,"hP":null,"brake":0,"onG":3}
{"t":498.1,"ph":"ROLLOUT","s":59,"agl":0,"V":23.1,"Vc":null,"thr":0,"de":0.159,"flap":0,"pitch":1.3,"thC":null,"vs":0.83,"wK":null,"y":26.5,"hP":null,"brake":0,"onG":3}
{"t":498.4,"ph":"ROLLOUT","s":65,"agl":0,"V":22.89,"Vc":null,"thr":0,"de":0.159,"flap":0,"pitch":1.3,"thC":null,"vs":0.82,"wK":null,"y":26.7,"hP":null,"brake":0,"onG":3}
{"t":498.6,"ph":"ROLLOUT","s":71,"agl":0,"V":22.68,"Vc":null,"thr":0,"de":0.161,"flap":0,"pitch":1.3,"thC":null,"vs":0.82,"wK":null,"y":26.9,"hP":null,"brake":0,"onG":3}
{"t":498.9,"ph":"ROLLOUT","s":77,"agl":0,"V":22.49,"Vc":null,"thr":0,"de":0.161,"flap":0,"pitch":1.3,"thC":null,"vs":0.81,"wK":null,"y":27.1,"hP":null,"brake":0,"onG":3}
{"t":499.2,"ph":"ROLLOUT","s":83,"agl":0,"V":22.3,"Vc":null,"thr":0,"de":0.163,"flap":0,"pitch":1.3,"thC":null,"vs":0.79,"wK":null,"y":27.3,"hP":null,"brake":0,"onG":3}
{"t":499.4,"ph":"ROLLOUT","s":88,"agl":0,"V":22.12,"Vc":null,"thr":0,"de":0.165,"flap":0,"pitch":1.2,"thC":null,"vs":0.76,"wK":null,"y":27.6,"hP":null,"brake":0,"onG":3}
{"t":499.7,"ph":"ROLLOUT","s":94,"agl":0,"V":21.95,"Vc":null,"thr":0,"de":0.15,"flap":0,"pitch":1.1,"thC":null,"vs":0.74,"wK":null,"y":27.8,"hP":null,"brake":0.01,"onG":3}
{"t":500,"ph":"ROLLOUT","s":100,"agl":0,"V":21.78,"Vc":null,"thr":0,"de":0.15,"flap":0,"pitch":1,"thC":null,"vs":0.7,"wK":null,"y":27.9,"hP":null,"brake":0.04,"onG":3}
{"t":500.2,"ph":"ROLLOUT","s":105,"agl":0,"V":21.58,"Vc":null,"thr":0,"de":0.15,"flap":0,"pitch":0.9,"thC":null,"vs":0.66,"wK":null,"y":28.1,"hP":null,"brake":0.07,"onG":3}
{"t":500.5,"ph":"ROLLOUT","s":111,"agl":0,"V":21.37,"Vc":null,"thr":0,"de":0.15,"flap":0,"pitch":0.8,"thC":null,"vs":0.62,"wK":null,"y":28.3,"hP":null,"brake":0.11,"onG":3}
{"t":500.8,"ph":"ROLLOUT","s":116,"agl":0,"V":21.14,"Vc":null,"thr":0,"de":0.15,"flap":0,"pitch":0.7,"thC":null,"vs":0.58,"wK":null,"y":28.4,"hP":null,"brake":0.14,"onG":3}
{"t":501,"ph":"ROLLOUT","s":122,"agl":0,"V":20.89,"Vc":null,"thr":0,"de":0.15,"flap":0,"pitch":0.6,"thC":null,"vs":0.55,"wK":null,"y":28.6,"hP":null,"brake":0.17,"onG":3}
{"t":501.3,"ph":"ROLLOUT","s":127,"agl":0,"V":20.64,"Vc":null,"thr":0,"de":0.15,"flap":0,"pitch":0.6,"thC":null,"vs":0.53,"wK":null,"y":28.7,"hP":null,"brake":0.2,"onG":3}
{"t":501.6,"ph":"ROLLOUT","s":132,"agl":0,"V":20.38,"Vc":null,"thr":0,"de":0.15,"flap":0,"pitch":0.5,"thC":null,"vs":0.51,"wK":null,"y":28.9,"hP":null,"brake":0.23,"onG":3}
{"t":501.8,"ph":"ROLLOUT","s":137,"agl":0,"V":20.12,"Vc":null,"thr":0,"de":0.15,"flap":0,"pitch":0.4,"thC":null,"vs":0.49,"wK":null,"y":29,"hP":null,"brake":0.27,"onG":3}
{"t":502.1,"ph":"ROLLOUT","s":143,"agl":0,"V":19.85,"Vc":null,"thr":0,"de":0.15,"flap":0,"pitch":0.4,"thC":null,"vs":0.47,"wK":null,"y":29.1,"hP":null,"brake":0.3,"onG":3}
{"t":502.4,"ph":"ROLLOUT","s":148,"agl":0,"V":19.58,"Vc":null,"thr":0,"de":0.15,"flap":0,"pitch":0.3,"thC":null,"vs":0.46,"wK":null,"y":29.3,"hP":null,"brake":0.3,"onG":3}
{"t":502.6,"ph":"ROLLOUT","s":153,"agl":0,"V":19.3,"Vc":null,"thr":0,"de":0.15,"flap":0,"pitch":0.3,"thC":null,"vs":0.44,"wK":null,"y":29.4,"hP":null,"brake":0.3,"onG":3}
{"t":502.9,"ph":"ROLLOUT","s":157,"agl":0,"V":19.01,"Vc":null,"thr":0,"de":0.15,"flap":0,"pitch":0.3,"thC":null,"vs":0.42,"wK":null,"y":29.5,"hP":null,"brake":0.3,"onG":3}
{"t":503.2,"ph":"ROLLOUT","s":162,"agl":0,"V":18.72,"Vc":null,"thr":0,"de":0.15,"flap":0,"pitch":0.2,"thC":null,"vs":0.38,"wK":null,"y":29.6,"hP":null,"brake":0.3,"onG":3}
{"t":503.4,"ph":"ROLLOUT","s":167,"agl":0,"V":18.42,"Vc":null,"thr":0,"de":0.15,"flap":0,"pitch":0.1,"thC":null,"vs":0.37,"wK":null,"y":29.7,"hP":null,"brake":0.3,"onG":3}
{"t":503.7,"ph":"ROLLOUT","s":172,"agl":0,"V":18.14,"Vc":null,"thr":0,"de":0.15,"flap":0,"pitch":0.1,"thC":null,"vs":0.36,"wK":null,"y":29.8,"hP":null,"brake":0.3,"onG":3}
{"t":504,"ph":"ROLLOUT","s":176,"agl":0,"V":17.86,"Vc":null,"thr":0,"de":0.15,"flap":0,"pitch":0,"thC":null,"vs":0.34,"wK":null,"y":29.9,"hP":null,"brake":0.3,"onG":3}
{"t":504.2,"ph":"ROLLOUT","s":181,"agl":0,"V":17.59,"Vc":null,"thr":0,"de":0.15,"flap":0,"pitch":0,"thC":null,"vs":0.32,"wK":null,"y":30,"hP":null,"brake":0.3,"onG":3}
{"t":504.5,"ph":"ROLLOUT","s":185,"agl":0,"V":17.32,"Vc":null,"thr":0,"de":0.15,"flap":0,"pitch":0,"thC":null,"vs":0.31,"wK":null,"y":30.1,"hP":null,"brake":0.3,"onG":3}
{"t":504.8,"ph":"ROLLOUT","s":190,"agl":0,"V":17.06,"Vc":null,"thr":0,"de":0.15,"flap":0,"pitch":0,"thC":null,"vs":0.31,"wK":null,"y":30.2,"hP":null,"brake":0.3,"onG":3}
{"t":505,"ph":"ROLLOUT","s":194,"agl":0,"V":16.79,"Vc":null,"thr":0,"de":0.15,"flap":0,"pitch":0,"thC":null,"vs":0.3,"wK":null,"y":30.2,"hP":null,"brake":0.3,"onG":3}
{"t":505.3,"ph":"ROLLOUT","s":198,"agl":0,"V":16.52,"Vc":null,"thr":0,"de":0.15,"flap":0,"pitch":0,"thC":null,"vs":0.3,"wK":null,"y":30.3,"hP":null,"brake":0.3,"onG":3}
{"t":505.6,"ph":"ROLLOUT","s":202,"agl":0,"V":16.23,"Vc":null,"thr":0,"de":0.15,"flap":0,"pitch":0,"thC":null,"vs":0.3,"wK":null,"y":30.4,"hP":null,"brake":0.3,"onG":3}
{"t":505.8,"ph":"ROLLOUT","s":206,"agl":0,"V":15.94,"Vc":null,"thr":0,"de":0.15,"flap":0,"pitch":0,"thC":null,"vs":0.3,"wK":null,"y":30.5,"hP":null,"brake":0.3,"onG":3}
{"t":506.1,"ph":"ROLLOUT","s":210,"agl":0,"V":15.65,"Vc":null,"thr":0,"de":0.15,"flap":0,"pitch":0,"thC":null,"vs":0.3,"wK":null,"y":30.6,"hP":null,"brake":0.3,"onG":3}
{"t":506.4,"ph":"ROLLOUT","s":214,"agl":0,"V":15.37,"Vc":null,"thr":0,"de":0.15,"flap":0,"pitch":0,"thC":null,"vs":0.29,"wK":null,"y":30.6,"hP":null,"brake":0.3,"onG":3}
{"t":506.6,"ph":"ROLLOUT","s":218,"agl":0,"V":15.1,"Vc":null,"thr":0,"de":0.15,"flap":0,"pitch":0,"thC":null,"vs":0.29,"wK":null,"y":30.7,"hP":null,"brake":0.3,"onG":3}
{"t":506.9,"ph":"ROLLOUT","s":222,"agl":0,"V":14.83,"Vc":null,"thr":0,"de":0.15,"flap":0,"pitch":0,"thC":null,"vs":0.28,"wK":null,"y":30.8,"hP":null,"brake":0.3,"onG":3}
{"t":507.2,"ph":"ROLLOUT","s":225,"agl":0,"V":14.56,"Vc":null,"thr":0,"de":0.15,"flap":0,"pitch":0,"thC":null,"vs":0.28,"wK":null,"y":30.9,"hP":null,"brake":0.3,"onG":3}
{"t":507.4,"ph":"ROLLOUT","s":229,"agl":0,"V":14.28,"Vc":null,"thr":0,"de":0.15,"flap":0,"pitch":0,"thC":null,"vs":0.27,"wK":null,"y":30.9,"hP":null,"brake":0.3,"onG":3}
{"t":507.7,"ph":"ROLLOUT","s":232,"agl":0,"V":14,"Vc":null,"thr":0,"de":0.15,"flap":0,"pitch":0,"thC":null,"vs":0.26,"wK":null,"y":31,"hP":null,"brake":0.3,"onG":3}
{"t":508,"ph":"ROLLOUT","s":236,"agl":0,"V":13.71,"Vc":null,"thr":0,"de":0.15,"flap":0,"pitch":0,"thC":null,"vs":0.26,"wK":null,"y":31.1,"hP":null,"brake":0.3,"onG":3}
{"t":508.2,"ph":"ROLLOUT","s":239,"agl":0,"V":13.42,"Vc":null,"thr":0,"de":0.15,"flap":0,"pitch":0,"thC":null,"vs":0.25,"wK":null,"y":31.2,"hP":null,"brake":0.3,"onG":3}
{"t":508.5,"ph":"ROLLOUT","s":243,"agl":0,"V":13.13,"Vc":null,"thr":0,"de":0.15,"flap":0,"pitch":0,"thC":null,"vs":0.25,"wK":null,"y":31.2,"hP":null,"brake":0.3,"onG":3}
{"t":508.8,"ph":"ROLLOUT","s":246,"agl":0,"V":12.85,"Vc":null,"thr":0,"de":0.15,"flap":0,"pitch":0,"thC":null,"vs":0.24,"wK":null,"y":31.3,"hP":null,"brake":0.3,"onG":3}
{"t":509,"ph":"ROLLOUT","s":249,"agl":0,"V":12.58,"Vc":null,"thr":0,"de":0.15,"flap":0,"pitch":0,"thC":null,"vs":0.24,"wK":null,"y":31.3,"hP":null,"brake":0.3,"onG":3}
{"t":509.3,"ph":"ROLLOUT","s":252,"agl":0,"V":12.31,"Vc":null,"thr":0,"de":0.15,"flap":0,"pitch":-0.1,"thC":null,"vs":0.23,"wK":null,"y":31.4,"hP":null,"brake":0.3,"onG":3}
{"t":509.6,"ph":"ROLLOUT","s":255,"agl":0,"V":12.05,"Vc":null,"thr":0,"de":0.15,"flap":0,"pitch":-0.1,"thC":null,"vs":0.23,"wK":null,"y":31.5,"hP":null,"brake":0.3,"onG":3}
{"t":509.8,"ph":"ROLLOUT","s":258,"agl":0,"V":11.78,"Vc":null,"thr":0,"de":0.15,"flap":0,"pitch":-0.1,"thC":null,"vs":0.22,"wK":null,"y":31.5,"hP":null,"brake":0.3,"onG":3}
{"t":510.1,"ph":"ROLLOUT","s":261,"agl":0,"V":11.51,"Vc":null,"thr":0,"de":0.15,"flap":0,"pitch":-0.3,"thC":null,"vs":0.06,"wK":null,"y":31.6,"hP":null,"brake":0.3,"onG":3}
{"t":510.4,"ph":"ROLLOUT","s":264,"agl":0,"V":11.24,"Vc":null,"thr":0,"de":0.15,"flap":0,"pitch":-2,"thC":null,"vs":0,"wK":null,"y":31.6,"hP":null,"brake":0.3,"onG":3}
{"t":510.6,"ph":"ROLLOUT","s":266,"agl":0,"V":10.97,"Vc":null,"thr":0,"de":0.15,"flap":0,"pitch":-0.9,"thC":null,"vs":-0.02,"wK":null,"y":31.6,"hP":null,"brake":0.3,"onG":3}
{"t":510.9,"ph":"ROLLOUT","s":269,"agl":0,"V":10.66,"Vc":null,"thr":0,"de":0.15,"flap":0,"pitch":-1.3,"thC":null,"vs":-0.01,"wK":null,"y":31.6,"hP":null,"brake":0.3,"onG":3}
{"t":511.2,"ph":"ROLLOUT","s":272,"agl":0,"V":10.4,"Vc":null,"thr":0,"de":0.15,"flap":0,"pitch":-1.3,"thC":null,"vs":0.08,"wK":null,"y":31.6,"hP":null,"brake":0.3,"onG":3}
{"t":511.4,"ph":"ROLLOUT","s":274,"agl":0,"V":10.12,"Vc":null,"thr":0,"de":0.15,"flap":0,"pitch":-0.4,"thC":null,"vs":0.1,"wK":null,"y":31.6,"hP":null,"brake":0.3,"onG":3}
{"t":511.7,"ph":"ROLLOUT","s":277,"agl":0,"V":9.85,"Vc":null,"thr":0,"de":0.15,"flap":0,"pitch":-0.5,"thC":null,"vs":0.17,"wK":null,"y":31.6,"hP":null,"brake":0.3,"onG":3}
{"t":512,"ph":"ROLLOUT","s":279,"agl":0,"V":9.59,"Vc":null,"thr":0,"de":0.15,"flap":0,"pitch":0.3,"thC":null,"vs":0.25,"wK":null,"y":31.7,"hP":null,"brake":0.3,"onG":3}
{"t":512.2,"ph":"ROLLOUT","s":281,"agl":0,"V":9.3,"Vc":null,"thr":0,"de":0.15,"flap":0,"pitch":0.8,"thC":null,"vs":0.3,"wK":null,"y":31.8,"hP":null,"brake":0.3,"onG":3}
{"t":512.5,"ph":"ROLLOUT","s":284,"agl":0,"V":8.98,"Vc":null,"thr":0,"de":0.15,"flap":0,"pitch":1.2,"thC":null,"vs":0.37,"wK":null,"y":31.9,"hP":null,"brake":0.3,"onG":3}
{"t":512.8,"ph":"ROLLOUT","s":286,"agl":0,"V":8.66,"Vc":null,"thr":0,"de":0.15,"flap":0,"pitch":1.9,"thC":null,"vs":0.42,"wK":null,"y":32,"hP":null,"brake":0.3,"onG":3}
{"t":513,"ph":"ROLLOUT","s":288,"agl":0,"V":8.33,"Vc":null,"thr":0,"de":0.15,"flap":0,"pitch":2.3,"thC":null,"vs":0.45,"wK":null,"y":32.1,"hP":null,"brake":0.3,"onG":3}
{"t":513.3,"ph":"ROLLOUT","s":290,"agl":0,"V":8.01,"Vc":null,"thr":0,"de":0.15,"flap":0,"pitch":2.3,"thC":null,"vs":0.45,"wK":null,"y":32.2,"hP":null,"brake":0.3,"onG":3}
{"t":513.6,"ph":"ROLLOUT","s":292,"agl":0,"V":7.7,"Vc":null,"thr":0,"de":0.15,"flap":0,"pitch":2.7,"thC":null,"vs":0.5,"wK":null,"y":32.3,"hP":null,"brake":0.3,"onG":3}
{"t":513.8,"ph":"ROLLOUT","s":293,"agl":0,"V":7.39,"Vc":null,"thr":0,"de":0.15,"flap":0,"pitch":3.2,"thC":null,"vs":0.5,"wK":null,"y":32.5,"hP":null,"brake":0.3,"onG":3}
{"t":514.1,"ph":"ROLLOUT","s":295,"agl":0,"V":7.1,"Vc":null,"thr":0,"de":0.15,"flap":0,"pitch":3.4,"thC":null,"vs":0.51,"wK":null,"y":32.6,"hP":null,"brake":0.3,"onG":3}
{"t":514.4,"ph":"ROLLOUT","s":297,"agl":0,"V":6.8,"Vc":null,"thr":0,"de":0.15,"flap":0,"pitch":3.8,"thC":null,"vs":0.52,"wK":null,"y":32.7,"hP":null,"brake":0.3,"onG":3}
{"t":514.6,"ph":"ROLLOUT","s":298,"agl":0,"V":6.49,"Vc":null,"thr":0,"de":0.15,"flap":0,"pitch":4,"thC":null,"vs":0.52,"wK":null,"y":32.9,"hP":null,"brake":0.3,"onG":3}
{"t":514.9,"ph":"ROLLOUT","s":300,"agl":0,"V":6.17,"Vc":null,"thr":0,"de":0.15,"flap":0,"pitch":4.3,"thC":null,"vs":0.51,"wK":null,"y":33,"hP":null,"brake":0.3,"onG":3}
{"t":515.2,"ph":"ROLLOUT","s":301,"agl":0,"V":5.85,"Vc":null,"thr":0,"de":0.15,"flap":0,"pitch":4.6,"thC":null,"vs":0.5,"wK":null,"y":33.1,"hP":null,"brake":0.3,"onG":3}
{"t":515.4,"ph":"ROLLOUT","s":302,"agl":0,"V":5.52,"Vc":null,"thr":0,"de":0.15,"flap":0,"pitch":4.8,"thC":null,"vs":0.49,"wK":null,"y":33.3,"hP":null,"brake":0.3,"onG":3}
{"t":515.7,"ph":"ROLLOUT","s":303,"agl":0,"V":5.2,"Vc":null,"thr":0,"de":0.15,"flap":0,"pitch":5,"thC":null,"vs":0.47,"wK":null,"y":33.4,"hP":null,"brake":0.3,"onG":3}
{"t":516,"ph":"ROLLOUT","s":305,"agl":0,"V":4.88,"Vc":null,"thr":0,"de":0.15,"flap":0,"pitch":5.2,"thC":null,"vs":0.45,"wK":null,"y":33.5,"hP":null,"brake":0.3,"onG":3}
{"t":516.2,"ph":"ROLLOUT","s":306,"agl":0,"V":4.57,"Vc":null,"thr":0,"de":0.15,"flap":0,"pitch":5.3,"thC":null,"vs":0.42,"wK":null,"y":33.6,"hP":null,"brake":0.3,"onG":3}
{"t":516.5,"ph":"ROLLOUT","s":307,"agl":0,"V":4.27,"Vc":null,"thr":0,"de":0.15,"flap":0,"pitch":5.5,"thC":null,"vs":0.39,"wK":null,"y":33.8,"hP":null,"brake":0.29,"onG":3}
{"t":516.8,"ph":"ROLLOUT","s":307,"agl":0,"V":3.96,"Vc":null,"thr":0,"de":0.15,"flap":0,"pitch":5,"thC":null,"vs":0.29,"wK":null,"y":33.8,"hP":null,"brake":0.24,"onG":3}
{"t":517,"ph":"ROLLOUT","s":308,"agl":0,"V":3.7,"Vc":null,"thr":0,"de":0.15,"flap":0,"pitch":3.3,"thC":null,"vs":0.25,"wK":null,"y":33.9,"hP":null,"brake":0.2,"onG":3}
{"t":517.3,"ph":"ROLLOUT","s":309,"agl":0,"V":3.46,"Vc":null,"thr":0,"de":0.15,"flap":0,"pitch":3.3,"thC":null,"vs":0.23,"wK":null,"y":34,"hP":null,"brake":0.17,"onG":3}
{"t":517.6,"ph":"ROLLOUT","s":310,"agl":0,"V":3.22,"Vc":null,"thr":0,"de":0.15,"flap":0,"pitch":3.2,"thC":null,"vs":0.19,"wK":null,"y":34,"hP":null,"brake":0.13,"onG":3}
{"t":517.8,"ph":"ROLLOUT","s":310,"agl":0,"V":3.01,"Vc":null,"thr":0,"de":0.15,"flap":0,"pitch":3.2,"thC":null,"vs":0.16,"wK":null,"y":34.1,"hP":null,"brake":0.1,"onG":3}
{"t":518.1,"ph":"ROLLOUT","s":311,"agl":0,"V":2.82,"Vc":null,"thr":0,"de":0.15,"flap":0,"pitch":3.3,"thC":null,"vs":0.15,"wK":null,"y":34.1,"hP":null,"brake":0.07,"onG":3}
{"t":518.4,"ph":"ROLLOUT","s":311,"agl":0,"V":2.66,"Vc":null,"thr":0,"de":0.15,"flap":0,"pitch":3.1,"thC":null,"vs":0.14,"wK":null,"y":34.2,"hP":null,"brake":0.05,"onG":3}
{"t":518.6,"ph":"ROLLOUT","s":312,"agl":0,"V":2.51,"Vc":null,"thr":0,"de":0.15,"flap":0,"pitch":3.2,"thC":null,"vs":0.13,"wK":null,"y":34.2,"hP":null,"brake":0.02,"onG":3}
{"t":518.9,"ph":"ROLLOUT","s":312,"agl":0,"V":2.39,"Vc":null,"thr":0,"de":0.15,"flap":0,"pitch":3.1,"thC":null,"vs":0.11,"wK":null,"y":34.2,"hP":null,"brake":0,"onG":3}
{"t":519.2,"ph":"ROLLOUT","s":312,"agl":0,"V":2.26,"Vc":null,"thr":0,"de":0.15,"flap":0,"pitch":3.1,"thC":null,"vs":0.11,"wK":null,"y":34.2,"hP":null,"brake":0,"onG":3}
{"t":519.4,"ph":"ROLLOUT","s":313,"agl":0,"V":2.13,"Vc":null,"thr":0,"de":0.15,"flap":0,"pitch":3.1,"thC":null,"vs":0.1,"wK":null,"y":34.3,"hP":null,"brake":0,"onG":3}
{"t":519.7,"ph":"ROLLOUT","s":313,"agl":0,"V":1.99,"Vc":null,"thr":0,"de":0.15,"flap":0,"pitch":3.1,"thC":null,"vs":0.09,"wK":null,"y":34.3,"hP":null,"brake":0,"onG":3}
{"t":520,"ph":"ROLLOUT","s":313,"agl":0,"V":1.84,"Vc":null,"thr":0,"de":0.15,"flap":0,"pitch":3.1,"thC":null,"vs":0.08,"wK":null,"y":34.3,"hP":null,"brake":0,"onG":3}
{"t":520.2,"ph":"ROLLOUT","s":314,"agl":0,"V":1.69,"Vc":null,"thr":0,"de":0.15,"flap":0,"pitch":3.1,"thC":null,"vs":0.06,"wK":null,"y":34.3,"hP":null,"brake":0,"onG":3}
{"t":520.5,"ph":"ROLLOUT","s":314,"agl":0,"V":1.55,"Vc":null,"thr":0,"de":0.15,"flap":0,"pitch":3.1,"thC":null,"vs":0.06,"wK":null,"y":34.4,"hP":null,"brake":0,"onG":3}
{"t":520.8,"ph":"ROLLOUT","s":314,"agl":0,"V":1.42,"Vc":null,"thr":0,"de":0.15,"flap":0,"pitch":3.1,"thC":null,"vs":0.05,"wK":null,"y":34.4,"hP":null,"brake":0,"onG":3}
{"t":521,"ph":"ROLLOUT","s":314,"agl":0,"V":1.3,"Vc":null,"thr":0,"de":0.15,"flap":0,"pitch":3.1,"thC":null,"vs":0.04,"wK":null,"y":34.4,"hP":null,"brake":0,"onG":3}
appr {"technique":"normal","Vref":28.9,"Vbase":28.8,"gust":0.1,"aimIn":62,"flap":0,"len":520,"surface":6,"runNeed":249,"gs":0.046,"reqGs":0.024,"Vheld":32.9}
landing {"run":511,"sink":0.97,"V":31.2,"offCentre":-0.1,"pastAim":1,"k":1,"three":false,"onStrip":false,"tdIn":64,"stopLeft":-54}
verdicts 184.4 vx-climb: ground ahead above the aeroplane — climbing at Vx 30.8 m/s until clear
  368.1 vref-raised: the elevator cannot hold 28.9 m/s at this power — flying the approach faster
  521.2 off-the-strip: touched 64 m in, stopped 54 m past the end of 520 m (0 m off the centreline)
strip w3 len 520 hdg 165; stopped s 314.3 (ends at +/-260)
damage {"y":0,"b":0,"dent":false,"crashed":false,"gPeak":2.3753547169787903}
