mass 887.2 fuel 28 day {"kts":8,"dirDeg":250,"gust":0.15,"refH":10,"breeze":1}
  t 0.0 -> TAXI
  t 164.4 -> STOP
  t 165.4 -> HOLD
  t 167.5 -> ROLL
  t 178.3 -> LIFTOFF
  t 183.0 -> CLIMB
  t 205.2 -> ENROUTE
  t 220.3 -> DOWNWIND
  t 305.9 -> BASE
  t 343.1 -> FINAL
  t 489.0 -> FLARE
  t 491.9 -> ROLLOUT
  t 524.8 -> STOPPED
{"t":343.1,"ph":"FINAL","s":-4039,"agl":193.6,"V":40.08,"Vc":40.9,"thr":0.91,"de":0.108,"flap":0,"pitch":-2,"thC":10.2,"vs":-2.97,"wK":1,"y":239.3,"hP":250.5,"brake":0,"onG":0}
{"t":343.4,"ph":"FINAL","s":-4039,"agl":192.2,"V":39.97,"Vc":28.87,"thr":0.04,"de":0.058,"flap":0,"pitch":-1.2,"thC":-0.3,"vs":-2.37,"wK":0.87,"y":238.5,"hP":195,"brake":0,"onG":0}
{"t":343.6,"ph":"FINAL","s":-4039,"agl":191.4,"V":39.83,"Vc":28.87,"thr":0.04,"de":0.078,"flap":0,"pitch":-2.1,"thC":-2.2,"vs":-2.21,"wK":0.73,"y":238,"hP":195,"brake":0,"onG":0}
{"t":343.9,"ph":"FINAL","s":-4039,"agl":190.5,"V":39.75,"Vc":28.87,"thr":0.04,"de":0.069,"flap":0,"pitch":-3.1,"thC":-3.3,"vs":-2.47,"wK":0.6,"y":237.3,"hP":195,"brake":0,"onG":0}
{"t":344.2,"ph":"FINAL","s":-4039,"agl":188.9,"V":39.71,"Vc":28.87,"thr":0.04,"de":0.059,"flap":0,"pitch":-3.7,"thC":-3.7,"vs":-2.82,"wK":0.5,"y":236.6,"hP":195,"brake":0,"onG":0}
{"t":344.4,"ph":"FINAL","s":-4039,"agl":187,"V":39.68,"Vc":28.87,"thr":0.04,"de":0.07,"flap":0,"pitch":-4.2,"thC":-3.1,"vs":-3.19,"wK":0.5,"y":235.8,"hP":195.1,"brake":0,"onG":0}
{"t":344.7,"ph":"FINAL","s":-4039,"agl":185.3,"V":39.67,"Vc":28.87,"thr":0.04,"de":0.073,"flap":0,"pitch":-4.5,"thC":-2.4,"vs":-3.51,"wK":0.5,"y":234.9,"hP":195.1,"brake":0,"onG":0}
{"t":345,"ph":"FINAL","s":-4039,"agl":183.5,"V":39.65,"Vc":28.87,"thr":0.04,"de":0.077,"flap":0,"pitch":-4.7,"thC":-1.9,"vs":-3.75,"wK":0.5,"y":234,"hP":195.1,"brake":0,"onG":0}
{"t":345.2,"ph":"FINAL","s":-4040,"agl":181.1,"V":39.62,"Vc":28.87,"thr":0.04,"de":0.08,"flap":0,"pitch":-4.7,"thC":-1.5,"vs":-3.93,"wK":0.5,"y":232.9,"hP":195.1,"brake":0,"onG":0}
{"t":345.5,"ph":"FINAL","s":-4040,"agl":178.7,"V":39.59,"Vc":28.87,"thr":0.04,"de":0.082,"flap":0,"pitch":-4.7,"thC":-1.2,"vs":-4.05,"wK":0.5,"y":231.9,"hP":195.1,"brake":0,"onG":0}
{"t":345.8,"ph":"FINAL","s":-4040,"agl":176.5,"V":39.56,"Vc":28.87,"thr":0.04,"de":0.084,"flap":0,"pitch":-4.6,"thC":-0.9,"vs":-4.13,"wK":0.5,"y":230.8,"hP":195.1,"brake":0,"onG":0}
{"t":346,"ph":"FINAL","s":-4041,"agl":174.1,"V":39.55,"Vc":28.87,"thr":0.04,"de":0.085,"flap":0,"pitch":-4.5,"thC":-0.6,"vs":-4.17,"wK":0.5,"y":229.7,"hP":195.1,"brake":0,"onG":0}
{"t":346.3,"ph":"FINAL","s":-4041,"agl":171.6,"V":39.57,"Vc":28.87,"thr":0.04,"de":0.086,"flap":0,"pitch":-4.4,"thC":-0.4,"vs":-4.18,"wK":0.5,"y":228.6,"hP":195.1,"brake":0,"onG":0}
{"t":346.6,"ph":"FINAL","s":-4041,"agl":169.8,"V":39.62,"Vc":28.87,"thr":0.04,"de":0.086,"flap":0,"pitch":-4.2,"thC":-0.3,"vs":-4.17,"wK":0.5,"y":227.4,"hP":195.2,"brake":0,"onG":0}
{"t":346.8,"ph":"FINAL","s":-4041,"agl":166.7,"V":39.68,"Vc":28.87,"thr":0.04,"de":0.085,"flap":0,"pitch":-4.1,"thC":-0.2,"vs":-4.13,"wK":0.5,"y":226.3,"hP":195.2,"brake":0,"onG":0}
{"t":347.1,"ph":"FINAL","s":-4042,"agl":164.6,"V":39.74,"Vc":28.87,"thr":0.04,"de":0.085,"flap":0,"pitch":-3.9,"thC":-0.1,"vs":-4.08,"wK":0.5,"y":225.2,"hP":195.2,"brake":0,"onG":0}
{"t":347.4,"ph":"FINAL","s":-4041,"agl":163,"V":39.78,"Vc":28.87,"thr":0.04,"de":0.085,"flap":0,"pitch":-3.7,"thC":0,"vs":-4.03,"wK":0.5,"y":224.2,"hP":195.2,"brake":0,"onG":0}
{"t":347.6,"ph":"FINAL","s":-4041,"agl":161.8,"V":39.81,"Vc":28.87,"thr":0.04,"de":0.086,"flap":0,"pitch":-3.5,"thC":0.1,"vs":-3.99,"wK":0.5,"y":223.1,"hP":195.2,"brake":0,"onG":0}
{"t":347.9,"ph":"FINAL","s":-4041,"agl":160.1,"V":39.82,"Vc":28.87,"thr":0.04,"de":0.087,"flap":0,"pitch":-3.4,"thC":0.2,"vs":-3.96,"wK":0.5,"y":222,"hP":195.1,"brake":0,"onG":0}
{"t":348.2,"ph":"FINAL","s":-4040,"agl":158.2,"V":39.82,"Vc":28.87,"thr":0.04,"de":0.089,"flap":0,"pitch":-3.3,"thC":0.3,"vs":-3.96,"wK":0.5,"y":221,"hP":195.1,"brake":0,"onG":0}
{"t":348.4,"ph":"FINAL","s":-4040,"agl":156.3,"V":39.81,"Vc":28.87,"thr":0.04,"de":0.093,"flap":0,"pitch":-3.1,"thC":0.4,"vs":-3.98,"wK":0.5,"y":219.9,"hP":195.1,"brake":0,"onG":0}
{"t":348.7,"ph":"FINAL","s":-4039,"agl":154.8,"V":39.81,"Vc":28.87,"thr":0.04,"de":0.098,"flap":0,"pitch":-3.1,"thC":0.6,"vs":-4,"wK":0.5,"y":218.9,"hP":195,"brake":0,"onG":0}
{"t":349,"ph":"FINAL","s":-4037,"agl":153.6,"V":39.83,"Vc":28.87,"thr":0.04,"de":0.109,"flap":0,"pitch":-3.1,"thC":0.8,"vs":-4.01,"wK":0.5,"y":217.8,"hP":195,"brake":0,"onG":0}
{"t":349.2,"ph":"FINAL","s":-4036,"agl":152,"V":39.86,"Vc":28.87,"thr":0.04,"de":0.119,"flap":0,"pitch":-3.2,"thC":1,"vs":-3.99,"wK":0.5,"y":216.7,"hP":194.9,"brake":0,"onG":0}
{"t":349.5,"ph":"FINAL","s":-4034,"agl":150.7,"V":39.91,"Vc":28.87,"thr":0.04,"de":0.128,"flap":0,"pitch":-3.3,"thC":1.7,"vs":-3.93,"wK":0.5,"y":215.7,"hP":194.8,"brake":0,"onG":0}
{"t":349.8,"ph":"FINAL","s":-4032,"agl":150.1,"V":39.96,"Vc":28.87,"thr":0.04,"de":0.132,"flap":0,"pitch":-3.2,"thC":2.3,"vs":-3.84,"wK":0.5,"y":214.6,"hP":194.7,"brake":0,"onG":0}
{"t":350,"ph":"FINAL","s":-4030,"agl":149.1,"V":40,"Vc":28.87,"thr":0.04,"de":0.134,"flap":0,"pitch":-3,"thC":2.9,"vs":-3.73,"wK":0.5,"y":213.6,"hP":194.6,"brake":0,"onG":0}
{"t":350.3,"ph":"FINAL","s":-4027,"agl":146.6,"V":40.01,"Vc":28.87,"thr":0.04,"de":0.137,"flap":0,"pitch":-2.8,"thC":3.4,"vs":-3.62,"wK":0.5,"y":212.6,"hP":194.5,"brake":0,"onG":0}
{"t":350.6,"ph":"FINAL","s":-4025,"agl":144,"V":40,"Vc":28.87,"thr":0.04,"de":0.14,"flap":0,"pitch":-2.5,"thC":3.9,"vs":-3.52,"wK":0.5,"y":211.7,"hP":194.4,"brake":0,"onG":0}
{"t":350.8,"ph":"FINAL","s":-4022,"agl":142.1,"V":39.95,"Vc":28.87,"thr":0.04,"de":0.145,"flap":0,"pitch":-2.2,"thC":4.4,"vs":-3.42,"wK":0.5,"y":210.8,"hP":194.3,"brake":0,"onG":0}
{"t":351.1,"ph":"FINAL","s":-4018,"agl":140.2,"V":39.87,"Vc":28.87,"thr":0.04,"de":0.15,"flap":0,"pitch":-1.9,"thC":4.8,"vs":-3.32,"wK":0.5,"y":209.9,"hP":194.1,"brake":0,"onG":0}
{"t":351.4,"ph":"FINAL","s":-4015,"agl":137.3,"V":39.77,"Vc":28.87,"thr":0.04,"de":0.155,"flap":0,"pitch":-1.7,"thC":5.1,"vs":-3.2,"wK":0.5,"y":209,"hP":193.9,"brake":0,"onG":0}
{"t":351.6,"ph":"FINAL","s":-4011,"agl":132,"V":39.66,"Vc":28.87,"thr":0.04,"de":0.159,"flap":0,"pitch":-1.4,"thC":5.4,"vs":-3.06,"wK":0.5,"y":208.2,"hP":193.8,"brake":0,"onG":0}
{"t":351.9,"ph":"FINAL","s":-4007,"agl":128.2,"V":39.56,"Vc":28.87,"thr":0.04,"de":0.163,"flap":0,"pitch":-1.2,"thC":5.7,"vs":-2.92,"wK":0.5,"y":207.4,"hP":193.6,"brake":0,"onG":0}
{"t":352.2,"ph":"FINAL","s":-4002,"agl":124.3,"V":39.47,"Vc":28.87,"thr":0.04,"de":0.165,"flap":0,"pitch":-1,"thC":5.9,"vs":-2.78,"wK":0.5,"y":206.6,"hP":193.4,"brake":0,"onG":0}
{"t":352.4,"ph":"FINAL","s":-3998,"agl":119.3,"V":39.37,"Vc":28.87,"thr":0.04,"de":0.168,"flap":0,"pitch":-0.8,"thC":6.1,"vs":-2.63,"wK":0.5,"y":205.9,"hP":193.2,"brake":0,"onG":0}
{"t":352.7,"ph":"FINAL","s":-3993,"agl":115.8,"V":39.27,"Vc":28.87,"thr":0.04,"de":0.171,"flap":0,"pitch":-0.5,"thC":6.3,"vs":-2.5,"wK":0.5,"y":205.2,"hP":193,"brake":0,"onG":0}
{"t":353,"ph":"FINAL","s":-3988,"agl":113.1,"V":39.15,"Vc":28.87,"thr":0.04,"de":0.172,"flap":0,"pitch":-0.4,"thC":6.3,"vs":-2.37,"wK":0.5,"y":204.5,"hP":192.7,"brake":0,"onG":0}
{"t":353.2,"ph":"FINAL","s":-3983,"agl":111.4,"V":39.01,"Vc":28.87,"thr":0.04,"de":0.174,"flap":0,"pitch":-0.2,"thC":6.3,"vs":-2.27,"wK":0.5,"y":203.9,"hP":192.5,"brake":0,"onG":0}
{"t":353.5,"ph":"FINAL","s":-3978,"agl":108.9,"V":38.84,"Vc":28.87,"thr":0.04,"de":0.176,"flap":0,"pitch":-0.1,"thC":6.4,"vs":-2.19,"wK":0.5,"y":203.3,"hP":192.2,"brake":0,"onG":0}
{"t":353.8,"ph":"FINAL","s":-3972,"agl":106.3,"V":38.66,"Vc":28.87,"thr":0.04,"de":0.177,"flap":0,"pitch":0.1,"thC":6.4,"vs":-2.14,"wK":0.5,"y":202.7,"hP":192,"brake":0,"onG":0}
{"t":354,"ph":"FINAL","s":-3966,"agl":103.2,"V":38.48,"Vc":28.87,"thr":0.04,"de":0.179,"flap":0,"pitch":0.2,"thC":6.5,"vs":-2.1,"wK":0.5,"y":202.2,"hP":191.7,"brake":0,"onG":0}
{"t":354.3,"ph":"FINAL","s":-3960,"agl":99.8,"V":38.3,"Vc":28.87,"thr":0.04,"de":0.182,"flap":0,"pitch":0.3,"thC":6.6,"vs":-2.07,"wK":0.5,"y":201.6,"hP":191.4,"brake":0,"onG":0}
{"t":354.6,"ph":"FINAL","s":-3954,"agl":97.7,"V":38.14,"Vc":28.87,"thr":0.04,"de":0.186,"flap":0,"pitch":0.4,"thC":6.7,"vs":-2.05,"wK":0.5,"y":201.1,"hP":191.2,"brake":0,"onG":0}
{"t":354.8,"ph":"FINAL","s":-3948,"agl":98,"V":38.02,"Vc":28.87,"thr":0.04,"de":0.19,"flap":0,"pitch":0.5,"thC":6.9,"vs":-2.02,"wK":0.5,"y":200.5,"hP":190.9,"brake":0,"onG":0}
{"t":355.1,"ph":"FINAL","s":-3942,"agl":99.6,"V":37.93,"Vc":28.87,"thr":0.04,"de":0.194,"flap":0,"pitch":0.5,"thC":7.1,"vs":-2,"wK":0.5,"y":200,"hP":190.6,"brake":0,"onG":0}
{"t":355.4,"ph":"FINAL","s":-3935,"agl":101.5,"V":37.85,"Vc":28.87,"thr":0.04,"de":0.198,"flap":0,"pitch":0.6,"thC":7.2,"vs":-1.96,"wK":0.5,"y":199.5,"hP":190.3,"brake":0,"onG":0}
{"t":355.6,"ph":"FINAL","s":-3928,"agl":103.6,"V":37.77,"Vc":28.87,"thr":0.04,"de":0.203,"flap":0,"pitch":0.7,"thC":7.3,"vs":-1.93,"wK":0.5,"y":199,"hP":190,"brake":0,"onG":0}
{"t":355.9,"ph":"FINAL","s":-3922,"agl":106.4,"V":37.68,"Vc":28.87,"thr":0.04,"de":0.206,"flap":0,"pitch":0.7,"thC":7.5,"vs":-1.89,"wK":0.5,"y":198.4,"hP":189.7,"brake":0,"onG":0}
{"t":356.2,"ph":"FINAL","s":-3915,"agl":109.4,"V":37.58,"Vc":28.87,"thr":0.04,"de":0.209,"flap":0,"pitch":0.8,"thC":7.6,"vs":-1.86,"wK":0.5,"y":197.9,"hP":189.3,"brake":0,"onG":0}
{"t":356.4,"ph":"FINAL","s":-3908,"agl":112.6,"V":37.46,"Vc":28.87,"thr":0.04,"de":0.211,"flap":0,"pitch":0.8,"thC":7.7,"vs":-1.84,"wK":0.5,"y":197.5,"hP":189,"brake":0,"onG":0}
{"t":356.7,"ph":"FINAL","s":-3900,"agl":115.8,"V":37.33,"Vc":28.87,"thr":0.04,"de":0.213,"flap":0,"pitch":0.9,"thC":7.8,"vs":-1.82,"wK":0.5,"y":197,"hP":188.7,"brake":0,"onG":0}
{"t":357,"ph":"FINAL","s":-3893,"agl":117.8,"V":37.2,"Vc":28.87,"thr":0.04,"de":0.216,"flap":0,"pitch":1,"thC":7.8,"vs":-1.81,"wK":0.5,"y":196.5,"hP":188.4,"brake":0,"onG":0}
{"t":357.2,"ph":"FINAL","s":-3886,"agl":118.2,"V":37.08,"Vc":28.87,"thr":0.04,"de":0.219,"flap":0,"pitch":1.1,"thC":7.9,"vs":-1.8,"wK":0.5,"y":196,"hP":188,"brake":0,"onG":0}
{"t":357.5,"ph":"FINAL","s":-3878,"agl":116.9,"V":36.97,"Vc":28.87,"thr":0.04,"de":0.223,"flap":0,"pitch":1.1,"thC":8,"vs":-1.78,"wK":0.5,"y":195.5,"hP":187.7,"brake":0,"onG":0}
{"t":357.8,"ph":"FINAL","s":-3871,"agl":114.3,"V":36.86,"Vc":28.87,"thr":0.04,"de":0.227,"flap":0,"pitch":1.2,"thC":8.1,"vs":-1.76,"wK":0.5,"y":195,"hP":187.3,"brake":0,"onG":0}
{"t":358,"ph":"FINAL","s":-3863,"agl":111.9,"V":36.76,"Vc":28.87,"thr":0.04,"de":0.231,"flap":0,"pitch":1.2,"thC":8.2,"vs":-1.73,"wK":0.5,"y":194.6,"hP":187,"brake":0,"onG":0}
{"t":358.3,"ph":"FINAL","s":-3856,"agl":110.2,"V":36.66,"Vc":28.87,"thr":0.04,"de":0.236,"flap":0,"pitch":1.2,"thC":8.3,"vs":-1.72,"wK":0.5,"y":194.1,"hP":186.6,"brake":0,"onG":0}
{"t":358.6,"ph":"FINAL","s":-3848,"agl":109.2,"V":36.54,"Vc":28.87,"thr":0.04,"de":0.238,"flap":0,"pitch":1.3,"thC":8.4,"vs":-1.71,"wK":0.5,"y":193.7,"hP":186.3,"brake":0,"onG":0}
{"t":358.8,"ph":"FINAL","s":-3840,"agl":109.2,"V":36.41,"Vc":28.87,"thr":0.04,"de":0.242,"flap":0,"pitch":1.3,"thC":8.5,"vs":-1.71,"wK":0.5,"y":193.2,"hP":185.9,"brake":0,"onG":0}
{"t":359.1,"ph":"FINAL","s":-3833,"agl":109.6,"V":36.27,"Vc":28.87,"thr":0.04,"de":0.245,"flap":0,"pitch":1.3,"thC":8.6,"vs":-1.73,"wK":0.5,"y":192.8,"hP":185.6,"brake":0,"onG":0}
{"t":359.4,"ph":"FINAL","s":-3825,"agl":110,"V":36.11,"Vc":28.87,"thr":0.04,"de":0.248,"flap":0,"pitch":1.4,"thC":8.7,"vs":-1.75,"wK":0.5,"y":192.3,"hP":185.2,"brake":0,"onG":0}
{"t":359.6,"ph":"FINAL","s":-3817,"agl":110.3,"V":35.96,"Vc":28.87,"thr":0.04,"de":0.252,"flap":0,"pitch":1.4,"thC":8.9,"vs":-1.77,"wK":0.5,"y":191.8,"hP":184.9,"brake":0,"onG":0}
{"t":359.9,"ph":"FINAL","s":-3809,"agl":111,"V":35.82,"Vc":28.87,"thr":0.04,"de":0.256,"flap":0,"pitch":1.5,"thC":9,"vs":-1.79,"wK":0.5,"y":191.3,"hP":184.5,"brake":0,"onG":0}
{"t":360.2,"ph":"FINAL","s":-3802,"agl":111.9,"V":35.7,"Vc":28.87,"thr":0.04,"de":0.261,"flap":0,"pitch":1.5,"thC":9.2,"vs":-1.8,"wK":0.5,"y":190.9,"hP":184.2,"brake":0,"onG":0}
{"t":360.4,"ph":"FINAL","s":-3794,"agl":112.8,"V":35.59,"Vc":28.87,"thr":0.04,"de":0.266,"flap":0,"pitch":1.6,"thC":9.3,"vs":-1.8,"wK":0.5,"y":190.4,"hP":183.8,"brake":0,"onG":0}
{"t":360.7,"ph":"FINAL","s":-3786,"agl":113.6,"V":35.49,"Vc":28.87,"thr":0.04,"de":0.27,"flap":0,"pitch":1.6,"thC":9.5,"vs":-1.79,"wK":0.5,"y":189.9,"hP":183.4,"brake":0,"onG":0}
{"t":361,"ph":"FINAL","s":-3778,"agl":114.4,"V":35.39,"Vc":28.87,"thr":0.04,"de":0.272,"flap":0,"pitch":1.7,"thC":9.6,"vs":-1.78,"wK":0.5,"y":189.4,"hP":183.1,"brake":0,"onG":0}
{"t":361.2,"ph":"FINAL","s":-3771,"agl":114.9,"V":35.27,"Vc":28.87,"thr":0.04,"de":0.275,"flap":0,"pitch":1.8,"thC":9.7,"vs":-1.78,"wK":0.5,"y":189,"hP":182.7,"brake":0,"onG":0}
{"t":361.5,"ph":"FINAL","s":-3763,"agl":115.2,"V":35.15,"Vc":28.87,"thr":0.04,"de":0.28,"flap":0,"pitch":1.9,"thC":9.9,"vs":-1.8,"wK":0.5,"y":188.5,"hP":182.4,"brake":0,"onG":0}
{"t":361.8,"ph":"FINAL","s":-3755,"agl":115.4,"V":35.02,"Vc":28.87,"thr":0.04,"de":0.284,"flap":0,"pitch":1.9,"thC":10.1,"vs":-1.82,"wK":0.5,"y":188,"hP":182,"brake":0,"onG":0}
{"t":362,"ph":"FINAL","s":-3748,"agl":115.8,"V":34.88,"Vc":28.87,"thr":0.04,"de":0.289,"flap":0,"pitch":2,"thC":10.2,"vs":-1.83,"wK":0.5,"y":187.5,"hP":181.7,"brake":0,"onG":0}
{"t":362.3,"ph":"FINAL","s":-3740,"agl":116.2,"V":34.75,"Vc":28.87,"thr":0.04,"de":0.293,"flap":0,"pitch":2,"thC":10.2,"vs":-1.83,"wK":0.5,"y":187,"hP":181.3,"brake":0,"onG":0}
{"t":362.6,"ph":"FINAL","s":-3733,"agl":116.4,"V":34.63,"Vc":28.87,"thr":0.04,"de":0.298,"flap":0,"pitch":2,"thC":10.2,"vs":-1.82,"wK":0.5,"y":186.5,"hP":181,"brake":0,"onG":0}
{"t":362.8,"ph":"FINAL","s":-3726,"agl":116.2,"V":34.52,"Vc":28.87,"thr":0.04,"de":0.302,"flap":0,"pitch":2,"thC":10.2,"vs":-1.81,"wK":0.5,"y":186.1,"hP":180.7,"brake":0,"onG":0}
{"t":363.1,"ph":"FINAL","s":-3719,"agl":116.1,"V":34.41,"Vc":28.87,"thr":0.04,"de":0.306,"flap":0,"pitch":2,"thC":10.2,"vs":-1.79,"wK":0.5,"y":185.6,"hP":180.3,"brake":0,"onG":0}
{"t":363.4,"ph":"FINAL","s":-3712,"agl":116,"V":34.3,"Vc":28.87,"thr":0.04,"de":0.309,"flap":0,"pitch":2,"thC":10.2,"vs":-1.77,"wK":0.5,"y":185.1,"hP":180,"brake":0,"onG":0}
{"t":363.6,"ph":"FINAL","s":-3705,"agl":115.7,"V":34.19,"Vc":28.87,"thr":0.04,"de":0.311,"flap":0,"pitch":1.9,"thC":10.2,"vs":-1.78,"wK":0.5,"y":184.6,"hP":179.7,"brake":0,"onG":0}
{"t":363.9,"ph":"FINAL","s":-3698,"agl":115.4,"V":34.07,"Vc":28.87,"thr":0.04,"de":0.313,"flap":0,"pitch":1.9,"thC":10.2,"vs":-1.79,"wK":0.5,"y":184.2,"hP":179.4,"brake":0,"onG":0}
{"t":364.2,"ph":"FINAL","s":-3691,"agl":114.9,"V":33.94,"Vc":28.87,"thr":0.04,"de":0.316,"flap":0,"pitch":2,"thC":10.2,"vs":-1.79,"wK":0.5,"y":183.7,"hP":179.1,"brake":0,"onG":0}
{"t":364.4,"ph":"FINAL","s":-3685,"agl":114.2,"V":33.82,"Vc":28.97,"thr":0.04,"de":0.317,"flap":0,"pitch":2,"thC":10.2,"vs":-1.74,"wK":0.5,"y":183.2,"hP":178.8,"brake":0,"onG":0}
{"t":364.7,"ph":"FINAL","s":-3678,"agl":113.6,"V":33.68,"Vc":29.11,"thr":0.04,"de":0.316,"flap":0,"pitch":2.1,"thC":10.2,"vs":-1.65,"wK":0.5,"y":182.8,"hP":178.5,"brake":0,"onG":0}
{"t":365,"ph":"FINAL","s":-3672,"agl":112.9,"V":33.55,"Vc":29.24,"thr":0.04,"de":0.313,"flap":0,"pitch":2.2,"thC":10.2,"vs":-1.52,"wK":0.5,"y":182.3,"hP":178.2,"brake":0,"onG":0}
{"t":365.2,"ph":"FINAL","s":-3666,"agl":112,"V":33.4,"Vc":29.37,"thr":0.04,"de":0.309,"flap":0,"pitch":2.4,"thC":10.2,"vs":-1.37,"wK":0.5,"y":181.9,"hP":177.9,"brake":0,"onG":0}
{"t":365.5,"ph":"FINAL","s":-3659,"agl":110.6,"V":33.25,"Vc":29.51,"thr":0.04,"de":0.306,"flap":0,"pitch":2.6,"thC":10.2,"vs":-1.2,"wK":0.5,"y":181.6,"hP":177.6,"brake":0,"onG":0}
{"t":365.8,"ph":"FINAL","s":-3653,"agl":108.9,"V":33.08,"Vc":29.64,"thr":0.04,"de":0.244,"flap":0,"pitch":2.8,"thC":5.5,"vs":-1.04,"wK":0.5,"y":181.3,"hP":177.3,"brake":0,"onG":0}
{"t":366,"ph":"FINAL","s":-3647,"agl":107.1,"V":32.92,"Vc":29.77,"thr":0.04,"de":0.265,"flap":0,"pitch":2.5,"thC":5.2,"vs":-1.02,"wK":0.5,"y":181,"hP":177.1,"brake":0,"onG":0}
{"t":366.3,"ph":"FINAL","s":-3642,"agl":105.7,"V":32.77,"Vc":29.91,"thr":0.04,"de":0.258,"flap":0,"pitch":2.3,"thC":5.2,"vs":-1.11,"wK":0.5,"y":180.7,"hP":176.8,"brake":0,"onG":0}
{"t":366.6,"ph":"FINAL","s":-3636,"agl":104.9,"V":32.63,"Vc":30.04,"thr":0.04,"de":0.254,"flap":0,"pitch":2.3,"thC":5.2,"vs":-1.21,"wK":0.5,"y":180.4,"hP":176.5,"brake":0,"onG":0}
{"t":366.8,"ph":"FINAL","s":-3630,"agl":104.8,"V":32.5,"Vc":30.17,"thr":0.04,"de":0.257,"flap":0,"pitch":2.3,"thC":5.4,"vs":-1.32,"wK":0.5,"y":180.1,"hP":176.2,"brake":0,"onG":0}
{"t":367.1,"ph":"FINAL","s":-3624,"agl":105.4,"V":32.39,"Vc":30.21,"thr":0.04,"de":0.265,"flap":0,"pitch":2.2,"thC":5.6,"vs":-1.43,"wK":0.5,"y":179.7,"hP":176,"brake":0,"onG":0}
{"t":367.4,"ph":"FINAL","s":-3618,"agl":106.7,"V":32.3,"Vc":30.21,"thr":0.04,"de":0.273,"flap":0,"pitch":2.2,"thC":6,"vs":-1.54,"wK":0.5,"y":179.3,"hP":175.7,"brake":0,"onG":0}
{"t":367.6,"ph":"FINAL","s":-3612,"agl":108.3,"V":32.22,"Vc":30.21,"thr":0.04,"de":0.282,"flap":0,"pitch":2.1,"thC":6.4,"vs":-1.64,"wK":0.5,"y":178.9,"hP":175.4,"brake":0,"onG":0}
{"t":367.9,"ph":"FINAL","s":-3606,"agl":110,"V":32.16,"Vc":30.21,"thr":0.04,"de":0.291,"flap":0,"pitch":2.1,"thC":6.8,"vs":-1.74,"wK":0.5,"y":178.5,"hP":175.2,"brake":0,"onG":0}
{"t":368.2,"ph":"FINAL","s":-3600,"agl":111.3,"V":32.09,"Vc":30.21,"thr":0.04,"de":0.301,"flap":0,"pitch":2,"thC":7.2,"vs":-1.82,"wK":0.5,"y":178,"hP":174.9,"brake":0,"onG":0}
{"t":368.4,"ph":"FINAL","s":-3594,"agl":112,"V":32.03,"Vc":30.21,"thr":0.04,"de":0.31,"flap":0,"pitch":1.9,"thC":7.6,"vs":-1.9,"wK":0.5,"y":177.5,"hP":174.6,"brake":0,"onG":0}
{"t":368.7,"ph":"FINAL","s":-3588,"agl":112.5,"V":31.96,"Vc":30.21,"thr":0.04,"de":0.319,"flap":0,"pitch":1.9,"thC":8,"vs":-1.97,"wK":0.5,"y":177,"hP":174.3,"brake":0,"onG":0}
{"t":369,"ph":"FINAL","s":-3582,"agl":112.9,"V":31.88,"Vc":30.21,"thr":0.04,"de":0.326,"flap":0,"pitch":1.8,"thC":8.4,"vs":-2.03,"wK":0.5,"y":176.4,"hP":174,"brake":0,"onG":0}
{"t":369.2,"ph":"FINAL","s":-3576,"agl":113.5,"V":31.81,"Vc":30.21,"thr":0.04,"de":0.333,"flap":0,"pitch":1.8,"thC":8.8,"vs":-2.09,"wK":0.5,"y":175.9,"hP":173.8,"brake":0,"onG":0}
{"t":369.5,"ph":"FINAL","s":-3570,"agl":114.8,"V":31.74,"Vc":30.27,"thr":0.05,"de":0.339,"flap":0,"pitch":1.8,"thC":9.1,"vs":-2.13,"wK":0.53,"y":175.3,"hP":173.5,"brake":0,"onG":0}
{"t":369.8,"ph":"FINAL","s":-3563,"agl":116.4,"V":31.71,"Vc":30.4,"thr":0.09,"de":0.34,"flap":0,"pitch":1.9,"thC":9.2,"vs":-2.14,"wK":0.67,"y":174.8,"hP":173.2,"brake":0,"onG":0}
{"t":370,"ph":"FINAL","s":-3557,"agl":117.5,"V":31.71,"Vc":30.53,"thr":0.12,"de":0.339,"flap":0,"pitch":2,"thC":9.3,"vs":-2.1,"wK":0.8,"y":174.2,"hP":172.9,"brake":0,"onG":0}
{"t":370.3,"ph":"FINAL","s":-3551,"agl":117.8,"V":31.73,"Vc":30.67,"thr":0.15,"de":0.338,"flap":0,"pitch":2.1,"thC":9.3,"vs":-2.01,"wK":0.93,"y":173.6,"hP":172.6,"brake":0,"onG":0}
{"t":370.6,"ph":"FINAL","s":-3544,"agl":117.8,"V":31.75,"Vc":30.8,"thr":0.17,"de":0.337,"flap":0,"pitch":2.3,"thC":9.2,"vs":-1.9,"wK":1,"y":173.1,"hP":172.3,"brake":0,"onG":0}
{"t":370.8,"ph":"FINAL","s":-3538,"agl":117.7,"V":31.77,"Vc":30.93,"thr":0.19,"de":0.334,"flap":0,"pitch":2.4,"thC":9.1,"vs":-1.77,"wK":1,"y":172.6,"hP":172,"brake":0,"onG":0}
{"t":371.1,"ph":"FINAL","s":-3531,"agl":117.7,"V":31.78,"Vc":31.07,"thr":0.21,"de":0.329,"flap":0,"pitch":2.6,"thC":8.9,"vs":-1.62,"wK":1,"y":172.2,"hP":171.7,"brake":0,"onG":0}
{"t":371.4,"ph":"FINAL","s":-3525,"agl":117.7,"V":31.79,"Vc":31.2,"thr":0.23,"de":0.322,"flap":0,"pitch":2.8,"thC":8.7,"vs":-1.47,"wK":1,"y":171.8,"hP":171.4,"brake":0,"onG":0}
{"t":371.6,"ph":"FINAL","s":-3518,"agl":117.9,"V":31.79,"Vc":31.33,"thr":0.25,"de":0.313,"flap":0,"pitch":3.1,"thC":8.3,"vs":-1.3,"wK":1,"y":171.4,"hP":171.1,"brake":0,"onG":0}
{"t":371.9,"ph":"FINAL","s":-3512,"agl":118.1,"V":31.8,"Vc":31.47,"thr":0.26,"de":0.305,"flap":0,"pitch":3.4,"thC":8,"vs":-1.13,"wK":1,"y":171.1,"hP":170.8,"brake":0,"onG":0}
{"t":372.2,"ph":"FINAL","s":-3505,"agl":118.5,"V":31.82,"Vc":31.6,"thr":0.27,"de":0.296,"flap":0,"pitch":3.6,"thC":7.6,"vs":-0.95,"wK":1,"y":170.8,"hP":170.5,"brake":0,"onG":0}
{"t":372.4,"ph":"FINAL","s":-3498,"agl":118.7,"V":31.85,"Vc":31.73,"thr":0.28,"de":0.288,"flap":0,"pitch":3.9,"thC":7.2,"vs":-0.78,"wK":1,"y":170.6,"hP":170.2,"brake":0,"onG":0}
{"t":372.7,"ph":"FINAL","s":-3492,"agl":118.6,"V":31.87,"Vc":31.87,"thr":0.29,"de":0.281,"flap":0,"pitch":4.1,"thC":6.7,"vs":-0.62,"wK":1,"y":170.4,"hP":169.9,"brake":0,"onG":0}
{"t":373,"ph":"FINAL","s":-3485,"agl":118.1,"V":31.89,"Vc":32,"thr":0.3,"de":0.273,"flap":0,"pitch":4.3,"thC":6.2,"vs":-0.46,"wK":1,"y":170.2,"hP":169.6,"brake":0,"onG":0}
{"t":373.2,"ph":"FINAL","s":-3479,"agl":117.2,"V":31.89,"Vc":32.13,"thr":0.31,"de":0.265,"flap":0,"pitch":4.4,"thC":5.6,"vs":-0.33,"wK":1,"y":170.1,"hP":169.3,"brake":0,"onG":0}
{"t":373.5,"ph":"FINAL","s":-3472,"agl":116.5,"V":31.89,"Vc":32.27,"thr":0.32,"de":0.256,"flap":0,"pitch":4.5,"thC":5,"vs":-0.23,"wK":1,"y":170.1,"hP":169,"brake":0,"onG":0}
{"t":373.8,"ph":"FINAL","s":-3465,"agl":116.4,"V":31.88,"Vc":32.4,"thr":0.33,"de":0.246,"flap":0,"pitch":4.6,"thC":4.4,"vs":-0.14,"wK":1,"y":170,"hP":168.7,"brake":0,"onG":0}
{"t":374,"ph":"FINAL","s":-3459,"agl":117.3,"V":31.88,"Vc":32.53,"thr":0.34,"de":0.237,"flap":0,"pitch":4.7,"thC":3.8,"vs":-0.08,"wK":1,"y":170,"hP":168.4,"brake":0,"onG":0}
{"t":374.3,"ph":"FINAL","s":-3452,"agl":118.8,"V":31.9,"Vc":32.67,"thr":0.35,"de":0.23,"flap":0,"pitch":4.7,"thC":3.2,"vs":-0.04,"wK":1,"y":170,"hP":168.1,"brake":0,"onG":0}
{"t":374.6,"ph":"FINAL","s":-3445,"agl":121,"V":31.93,"Vc":32.8,"thr":0.36,"de":0.224,"flap":0,"pitch":4.6,"thC":2.7,"vs":-0.01,"wK":1,"y":170,"hP":167.8,"brake":0,"onG":0}
{"t":374.8,"ph":"FINAL","s":-3439,"agl":123.1,"V":31.97,"Vc":32.87,"thr":0.34,"de":0.221,"flap":0,"pitch":4.6,"thC":2.3,"vs":0.01,"wK":1,"y":170,"hP":167.5,"brake":0,"onG":0}
{"t":375.1,"ph":"FINAL","s":-3432,"agl":124.8,"V":32,"Vc":32.87,"thr":0.32,"de":0.22,"flap":0,"pitch":4.5,"thC":2,"vs":0.01,"wK":1,"y":170,"hP":167.2,"brake":0,"onG":0}
{"t":375.4,"ph":"FINAL","s":-3425,"agl":126.3,"V":32.02,"Vc":32.87,"thr":0.31,"de":0.22,"flap":0,"pitch":4.3,"thC":1.7,"vs":-0.02,"wK":1,"y":170,"hP":166.8,"brake":0,"onG":0}
{"t":375.6,"ph":"FINAL","s":-3419,"agl":127.6,"V":32.03,"Vc":32.87,"thr":0.29,"de":0.219,"flap":0,"pitch":4.1,"thC":1.4,"vs":-0.07,"wK":1,"y":169.9,"hP":166.5,"brake":0,"onG":0}
{"t":375.9,"ph":"FINAL","s":-3412,"agl":128.9,"V":32.03,"Vc":32.87,"thr":0.28,"de":0.217,"flap":0,"pitch":3.9,"thC":1.1,"vs":-0.14,"wK":1,"y":169.9,"hP":166.2,"brake":0,"onG":0}
{"t":376.2,"ph":"FINAL","s":-3405,"agl":130.2,"V":32.02,"Vc":32.87,"thr":0.28,"de":0.214,"flap":0,"pitch":3.7,"thC":0.8,"vs":-0.24,"wK":1,"y":169.9,"hP":165.9,"brake":0,"onG":0}
{"t":376.4,"ph":"FINAL","s":-3399,"agl":131.3,"V":32.01,"Vc":32.87,"thr":0.28,"de":0.212,"flap":0,"pitch":3.5,"thC":0.6,"vs":-0.35,"wK":1,"y":169.8,"hP":165.6,"brake":0,"onG":0}
{"t":376.7,"ph":"FINAL","s":-3392,"agl":132.5,"V":32,"Vc":32.87,"thr":0.27,"de":0.211,"flap":0,"pitch":3.3,"thC":0.4,"vs":-0.47,"wK":1,"y":169.7,"hP":165.3,"brake":0,"onG":0}
{"t":377,"ph":"FINAL","s":-3385,"agl":133.2,"V":32,"Vc":32.87,"thr":0.27,"de":0.211,"flap":0,"pitch":3.1,"thC":0.3,"vs":-0.59,"wK":1,"y":169.5,"hP":165,"brake":0,"onG":0}
{"t":377.2,"ph":"FINAL","s":-3379,"agl":133.2,"V":32,"Vc":32.87,"thr":0.27,"de":0.211,"flap":0,"pitch":3,"thC":0.2,"vs":-0.71,"wK":1,"y":169.4,"hP":164.7,"brake":0,"onG":0}
{"t":377.5,"ph":"FINAL","s":-3372,"agl":132.7,"V":32.02,"Vc":32.87,"thr":0.26,"de":0.214,"flap":0,"pitch":2.8,"thC":0.2,"vs":-0.82,"wK":1,"y":169.2,"hP":164.4,"brake":0,"onG":0}
{"t":377.8,"ph":"FINAL","s":-3365,"agl":132.3,"V":32.04,"Vc":32.87,"thr":0.26,"de":0.216,"flap":0,"pitch":2.6,"thC":0.2,"vs":-0.93,"wK":1,"y":168.9,"hP":164.1,"brake":0,"onG":0}
{"t":378,"ph":"FINAL","s":-3358,"agl":132.3,"V":32.07,"Vc":32.87,"thr":0.25,"de":0.219,"flap":0,"pitch":2.4,"thC":0.2,"vs":-1.03,"wK":1,"y":168.7,"hP":163.8,"brake":0,"onG":0}
{"t":378.3,"ph":"FINAL","s":-3352,"agl":132,"V":32.09,"Vc":32.87,"thr":0.25,"de":0.22,"flap":0,"pitch":2.2,"thC":0.3,"vs":-1.13,"wK":1,"y":168.4,"hP":163.5,"brake":0,"onG":0}
{"t":378.6,"ph":"FINAL","s":-3345,"agl":131.3,"V":32.1,"Vc":32.87,"thr":0.25,"de":0.221,"flap":0,"pitch":2,"thC":0.3,"vs":-1.23,"wK":1,"y":168.1,"hP":163.1,"brake":0,"onG":0}
{"t":378.8,"ph":"FINAL","s":-3338,"agl":130.3,"V":32.12,"Vc":32.87,"thr":0.25,"de":0.222,"flap":0,"pitch":1.9,"thC":0.4,"vs":-1.33,"wK":1,"y":167.7,"hP":162.8,"brake":0,"onG":0}
{"t":379.1,"ph":"FINAL","s":-3331,"agl":129.4,"V":32.14,"Vc":32.87,"thr":0.25,"de":0.224,"flap":0,"pitch":1.8,"thC":0.5,"vs":-1.42,"wK":1,"y":167.4,"hP":162.5,"brake":0,"onG":0}
{"t":379.4,"ph":"FINAL","s":-3325,"agl":128.6,"V":32.18,"Vc":32.87,"thr":0.25,"de":0.226,"flap":0,"pitch":1.7,"thC":0.7,"vs":-1.49,"wK":1,"y":167,"hP":162.2,"brake":0,"onG":0}
{"t":379.6,"ph":"FINAL","s":-3318,"agl":127.7,"V":32.23,"Vc":32.87,"thr":0.24,"de":0.23,"flap":0,"pitch":1.6,"thC":0.9,"vs":-1.55,"wK":1,"y":166.6,"hP":161.9,"brake":0,"onG":0}
{"t":379.9,"ph":"FINAL","s":-3311,"agl":126.7,"V":32.29,"Vc":32.87,"thr":0.23,"de":0.234,"flap":0,"pitch":1.6,"thC":1.1,"vs":-1.6,"wK":1,"y":166.1,"hP":161.6,"brake":0,"onG":0}
{"t":380.2,"ph":"FINAL","s":-3304,"agl":125.7,"V":32.35,"Vc":32.87,"thr":0.22,"de":0.239,"flap":0,"pitch":1.5,"thC":1.3,"vs":-1.63,"wK":1,"y":165.7,"hP":161.3,"brake":0,"onG":0}
{"t":380.4,"ph":"FINAL","s":-3297,"agl":125,"V":32.4,"Vc":32.87,"thr":0.21,"de":0.242,"flap":0,"pitch":1.4,"thC":1.4,"vs":-1.65,"wK":1,"y":165.3,"hP":161,"brake":0,"onG":0}
{"t":380.7,"ph":"FINAL","s":-3291,"agl":124.7,"V":32.44,"Vc":32.87,"thr":0.21,"de":0.243,"flap":0,"pitch":1.3,"thC":1.6,"vs":-1.67,"wK":1,"y":164.8,"hP":160.6,"brake":0,"onG":0}
{"t":381,"ph":"FINAL","s":-3284,"agl":124.9,"V":32.47,"Vc":32.87,"thr":0.21,"de":0.244,"flap":0,"pitch":1.3,"thC":1.7,"vs":-1.69,"wK":1,"y":164.4,"hP":160.3,"brake":0,"onG":0}
{"t":381.2,"ph":"FINAL","s":-3277,"agl":125.7,"V":32.49,"Vc":32.87,"thr":0.21,"de":0.243,"flap":0,"pitch":1.3,"thC":1.7,"vs":-1.71,"wK":1,"y":163.9,"hP":160,"brake":0,"onG":0}
{"t":381.5,"ph":"FINAL","s":-3270,"agl":126.6,"V":32.51,"Vc":32.87,"thr":0.21,"de":0.243,"flap":0,"pitch":1.4,"thC":1.8,"vs":-1.72,"wK":1,"y":163.5,"hP":159.7,"brake":0,"onG":0}
{"t":381.8,"ph":"FINAL","s":-3263,"agl":127.5,"V":32.53,"Vc":32.87,"thr":0.21,"de":0.243,"flap":0,"pitch":1.4,"thC":1.9,"vs":-1.73,"wK":1,"y":163,"hP":159.4,"brake":0,"onG":0}
{"t":382,"ph":"FINAL","s":-3256,"agl":128.6,"V":32.57,"Vc":32.87,"thr":0.21,"de":0.244,"flap":0,"pitch":1.4,"thC":2,"vs":-1.73,"wK":1,"y":162.5,"hP":159.1,"brake":0,"onG":0}
{"t":382.3,"ph":"FINAL","s":-3249,"agl":129.7,"V":32.61,"Vc":32.87,"thr":0.2,"de":0.247,"flap":0,"pitch":1.5,"thC":2.2,"vs":-1.71,"wK":1,"y":162.1,"hP":158.7,"brake":0,"onG":0}
{"t":382.6,"ph":"FINAL","s":-3242,"agl":131.2,"V":32.66,"Vc":32.87,"thr":0.2,"de":0.249,"flap":0,"pitch":1.5,"thC":2.3,"vs":-1.69,"wK":1,"y":161.6,"hP":158.4,"brake":0,"onG":0}
{"t":382.8,"ph":"FINAL","s":-3235,"agl":132.6,"V":32.7,"Vc":32.87,"thr":0.19,"de":0.251,"flap":0,"pitch":1.5,"thC":2.4,"vs":-1.66,"wK":1,"y":161.2,"hP":158.1,"brake":0,"onG":0}
{"t":383.1,"ph":"FINAL","s":-3228,"agl":133.9,"V":32.72,"Vc":32.87,"thr":0.19,"de":0.251,"flap":0,"pitch":1.6,"thC":2.4,"vs":-1.63,"wK":1,"y":160.8,"hP":157.8,"brake":0,"onG":0}
{"t":383.4,"ph":"FINAL","s":-3221,"agl":134.9,"V":32.73,"Vc":32.87,"thr":0.19,"de":0.251,"flap":0,"pitch":1.6,"thC":2.4,"vs":-1.6,"wK":1,"y":160.3,"hP":157.5,"brake":0,"onG":0}
{"t":383.6,"ph":"FINAL","s":-3214,"agl":135.7,"V":32.73,"Vc":32.87,"thr":0.19,"de":0.249,"flap":0,"pitch":1.6,"thC":2.4,"vs":-1.58,"wK":1,"y":159.9,"hP":157.1,"brake":0,"onG":0}
{"t":383.9,"ph":"FINAL","s":-3207,"agl":136.3,"V":32.73,"Vc":32.87,"thr":0.2,"de":0.248,"flap":0,"pitch":1.7,"thC":2.4,"vs":-1.56,"wK":1,"y":159.5,"hP":156.8,"brake":0,"onG":0}
{"t":384.2,"ph":"FINAL","s":-3200,"agl":136.6,"V":32.73,"Vc":32.87,"thr":0.2,"de":0.247,"flap":0,"pitch":1.7,"thC":2.4,"vs":-1.54,"wK":1,"y":159.1,"hP":156.5,"brake":0,"onG":0}
{"t":384.4,"ph":"FINAL","s":-3193,"agl":137,"V":32.75,"Vc":32.87,"thr":0.2,"de":0.247,"flap":0,"pitch":1.8,"thC":2.4,"vs":-1.52,"wK":1,"y":158.7,"hP":156.2,"brake":0,"onG":0}
{"t":384.7,"ph":"FINAL","s":-3186,"agl":137.5,"V":32.77,"Vc":32.87,"thr":0.19,"de":0.248,"flap":0,"pitch":1.8,"thC":2.4,"vs":-1.49,"wK":1,"y":158.3,"hP":155.8,"brake":0,"onG":0}
{"t":385,"ph":"FINAL","s":-3179,"agl":138.1,"V":32.81,"Vc":32.87,"thr":0.18,"de":0.251,"flap":0,"pitch":1.8,"thC":2.5,"vs":-1.46,"wK":1,"y":157.9,"hP":155.5,"brake":0,"onG":0}
{"t":385.2,"ph":"FINAL","s":-3172,"agl":138.7,"V":32.85,"Vc":32.87,"thr":0.18,"de":0.253,"flap":0,"pitch":1.8,"thC":2.6,"vs":-1.42,"wK":1,"y":157.5,"hP":155.2,"brake":0,"onG":0}
{"t":385.5,"ph":"FINAL","s":-3165,"agl":139.2,"V":32.88,"Vc":32.87,"thr":0.17,"de":0.253,"flap":0,"pitch":1.8,"thC":2.6,"vs":-1.39,"wK":1,"y":157.1,"hP":154.9,"brake":0,"onG":0}
{"t":385.8,"ph":"FINAL","s":-3158,"agl":139.7,"V":32.88,"Vc":32.87,"thr":0.17,"de":0.252,"flap":0,"pitch":1.8,"thC":2.6,"vs":-1.37,"wK":1,"y":156.7,"hP":154.6,"brake":0,"onG":0}
{"t":386,"ph":"FINAL","s":-3151,"agl":140,"V":32.87,"Vc":32.87,"thr":0.17,"de":0.25,"flap":0,"pitch":1.9,"thC":2.5,"vs":-1.36,"wK":1,"y":156.4,"hP":154.2,"brake":0,"onG":0}
{"t":386.3,"ph":"FINAL","s":-3144,"agl":140,"V":32.85,"Vc":32.87,"thr":0.18,"de":0.247,"flap":0,"pitch":1.9,"thC":2.4,"vs":-1.35,"wK":1,"y":156,"hP":153.9,"brake":0,"onG":0}
{"t":386.6,"ph":"FINAL","s":-3137,"agl":139.6,"V":32.83,"Vc":32.87,"thr":0.19,"de":0.245,"flap":0,"pitch":2,"thC":2.3,"vs":-1.35,"wK":1,"y":155.6,"hP":153.6,"brake":0,"onG":0}
{"t":386.8,"ph":"FINAL","s":-3130,"agl":139.1,"V":32.83,"Vc":32.87,"thr":0.19,"de":0.244,"flap":0,"pitch":2,"thC":2.3,"vs":-1.34,"wK":1,"y":155.3,"hP":153.3,"brake":0,"onG":0}
{"t":387.1,"ph":"FINAL","s":-3123,"agl":139.1,"V":32.83,"Vc":32.87,"thr":0.19,"de":0.244,"flap":0,"pitch":2,"thC":2.3,"vs":-1.33,"wK":1,"y":154.9,"hP":153,"brake":0,"onG":0}
{"t":387.4,"ph":"FINAL","s":-3116,"agl":140.1,"V":32.85,"Vc":32.87,"thr":0.18,"de":0.245,"flap":0,"pitch":2.1,"thC":2.3,"vs":-1.32,"wK":1,"y":154.6,"hP":152.6,"brake":0,"onG":0}
{"t":387.6,"ph":"FINAL","s":-3110,"agl":141.4,"V":32.86,"Vc":32.87,"thr":0.18,"de":0.246,"flap":0,"pitch":2.1,"thC":2.3,"vs":-1.3,"wK":1,"y":154.2,"hP":152.3,"brake":0,"onG":0}
{"t":387.9,"ph":"FINAL","s":-3103,"agl":143.3,"V":32.87,"Vc":32.87,"thr":0.18,"de":0.247,"flap":0,"pitch":2.1,"thC":2.3,"vs":-1.28,"wK":1,"y":153.9,"hP":152,"brake":0,"onG":0}
{"t":388.2,"ph":"FINAL","s":-3096,"agl":145.4,"V":32.87,"Vc":32.87,"thr":0.18,"de":0.246,"flap":0,"pitch":2,"thC":2.2,"vs":-1.26,"wK":1,"y":153.5,"hP":151.7,"brake":0,"onG":0}
{"t":388.4,"ph":"FINAL","s":-3089,"agl":148.7,"V":32.86,"Vc":32.87,"thr":0.18,"de":0.245,"flap":0,"pitch":2,"thC":2.2,"vs":-1.26,"wK":1,"y":153.2,"hP":151.4,"brake":0,"onG":0}
{"t":388.7,"ph":"FINAL","s":-3082,"agl":151.8,"V":32.85,"Vc":32.87,"thr":0.18,"de":0.244,"flap":0,"pitch":2,"thC":2.1,"vs":-1.26,"wK":1,"y":152.9,"hP":151,"brake":0,"onG":0}
{"t":389,"ph":"FINAL","s":-3075,"agl":151.4,"V":32.82,"Vc":32.87,"thr":0.19,"de":0.242,"flap":0,"pitch":2,"thC":2,"vs":-1.26,"wK":1,"y":152.5,"hP":150.7,"brake":0,"onG":0}
{"t":389.2,"ph":"FINAL","s":-3068,"agl":151.1,"V":32.8,"Vc":32.87,"thr":0.2,"de":0.241,"flap":0,"pitch":2.1,"thC":2,"vs":-1.27,"wK":1,"y":152.2,"hP":150.4,"brake":0,"onG":0}
{"t":389.5,"ph":"FINAL","s":-3061,"agl":150.8,"V":32.8,"Vc":32.87,"thr":0.2,"de":0.241,"flap":0,"pitch":2.1,"thC":2,"vs":-1.27,"wK":1,"y":151.9,"hP":150.1,"brake":0,"onG":0}
{"t":389.8,"ph":"FINAL","s":-3054,"agl":150.4,"V":32.81,"Vc":32.87,"thr":0.2,"de":0.242,"flap":0,"pitch":2.1,"thC":2,"vs":-1.27,"wK":1,"y":151.5,"hP":149.8,"brake":0,"onG":0}
{"t":390,"ph":"FINAL","s":-3047,"agl":150.1,"V":32.81,"Vc":32.87,"thr":0.19,"de":0.242,"flap":0,"pitch":2,"thC":2,"vs":-1.28,"wK":1,"y":151.2,"hP":149.4,"brake":0,"onG":0}
{"t":390.3,"ph":"FINAL","s":-3040,"agl":149.7,"V":32.81,"Vc":32.87,"thr":0.19,"de":0.239,"flap":0,"pitch":2.1,"thC":2,"vs":-1.28,"wK":1,"y":150.8,"hP":149.1,"brake":0,"onG":0}
{"t":390.6,"ph":"FINAL","s":-3033,"agl":149.4,"V":32.8,"Vc":32.87,"thr":0.2,"de":0.24,"flap":0,"pitch":2.1,"thC":1.9,"vs":-1.27,"wK":1,"y":150.5,"hP":148.8,"brake":0,"onG":0}
{"t":390.8,"ph":"FINAL","s":-3026,"agl":149.1,"V":32.78,"Vc":32.87,"thr":0.2,"de":0.238,"flap":0,"pitch":2.1,"thC":1.8,"vs":-1.27,"wK":1,"y":150.2,"hP":148.5,"brake":0,"onG":0}
{"t":391.1,"ph":"FINAL","s":-3019,"agl":148.7,"V":32.75,"Vc":32.87,"thr":0.21,"de":0.235,"flap":0,"pitch":2.1,"thC":1.7,"vs":-1.28,"wK":1,"y":149.8,"hP":148.2,"brake":0,"onG":0}
{"t":391.4,"ph":"FINAL","s":-3012,"agl":148.4,"V":32.72,"Vc":32.87,"thr":0.22,"de":0.233,"flap":0,"pitch":2.1,"thC":1.7,"vs":-1.29,"wK":1,"y":149.5,"hP":147.8,"brake":0,"onG":0}
{"t":391.6,"ph":"FINAL","s":-3005,"agl":148,"V":32.7,"Vc":32.87,"thr":0.22,"de":0.231,"flap":0,"pitch":2.2,"thC":1.6,"vs":-1.3,"wK":1,"y":149.1,"hP":147.5,"brake":0,"onG":0}
{"t":391.9,"ph":"FINAL","s":-2998,"agl":147.7,"V":32.7,"Vc":32.87,"thr":0.23,"de":0.231,"flap":0,"pitch":2.2,"thC":1.6,"vs":-1.31,"wK":1,"y":148.8,"hP":147.2,"brake":0,"onG":0}
{"t":392.2,"ph":"FINAL","s":-2991,"agl":147.3,"V":32.7,"Vc":32.87,"thr":0.23,"de":0.232,"flap":0,"pitch":2.2,"thC":1.6,"vs":-1.31,"wK":1,"y":148.4,"hP":146.9,"brake":0,"onG":0}
{"t":392.4,"ph":"FINAL","s":-2985,"agl":147,"V":32.72,"Vc":32.87,"thr":0.22,"de":0.233,"flap":0,"pitch":2.2,"thC":1.7,"vs":-1.3,"wK":1,"y":148.1,"hP":146.6,"brake":0,"onG":0}
{"t":392.7,"ph":"FINAL","s":-2978,"agl":146.7,"V":32.73,"Vc":32.87,"thr":0.22,"de":0.234,"flap":0,"pitch":2.2,"thC":1.7,"vs":-1.28,"wK":1,"y":147.7,"hP":146.2,"brake":0,"onG":0}
{"t":393,"ph":"FINAL","s":-2971,"agl":146.3,"V":32.75,"Vc":32.87,"thr":0.21,"de":0.235,"flap":0,"pitch":2.2,"thC":1.7,"vs":-1.27,"wK":1,"y":147.4,"hP":145.9,"brake":0,"onG":0}
{"t":393.2,"ph":"FINAL","s":-2964,"agl":146,"V":32.76,"Vc":32.87,"thr":0.21,"de":0.235,"flap":0,"pitch":2.2,"thC":1.7,"vs":-1.26,"wK":1,"y":147.1,"hP":145.6,"brake":0,"onG":0}
{"t":393.5,"ph":"FINAL","s":-2957,"agl":145.6,"V":32.76,"Vc":32.87,"thr":0.21,"de":0.234,"flap":0,"pitch":2.1,"thC":1.7,"vs":-1.27,"wK":1,"y":146.7,"hP":145.3,"brake":0,"onG":0}
{"t":393.8,"ph":"FINAL","s":-2950,"agl":145.3,"V":32.75,"Vc":32.87,"thr":0.21,"de":0.233,"flap":0,"pitch":2.1,"thC":1.7,"vs":-1.27,"wK":1,"y":146.4,"hP":145,"brake":0,"onG":0}
{"t":394,"ph":"FINAL","s":-2943,"agl":145,"V":32.75,"Vc":32.87,"thr":0.22,"de":0.233,"flap":0,"pitch":2.2,"thC":1.7,"vs":-1.28,"wK":1,"y":146.1,"hP":144.6,"brake":0,"onG":0}
{"t":394.3,"ph":"FINAL","s":-2936,"agl":144.6,"V":32.76,"Vc":32.87,"thr":0.21,"de":0.233,"flap":0,"pitch":2.2,"thC":1.7,"vs":-1.29,"wK":1,"y":145.7,"hP":144.3,"brake":0,"onG":0}
{"t":394.6,"ph":"FINAL","s":-2929,"agl":144.3,"V":32.78,"Vc":32.87,"thr":0.21,"de":0.235,"flap":0,"pitch":2.2,"thC":1.8,"vs":-1.29,"wK":1,"y":145.4,"hP":144,"brake":0,"onG":0}
{"t":394.8,"ph":"FINAL","s":-2922,"agl":143.9,"V":32.8,"Vc":32.87,"thr":0.2,"de":0.236,"flap":0,"pitch":2.1,"thC":1.8,"vs":-1.29,"wK":1,"y":145,"hP":143.7,"brake":0,"onG":0}
{"t":395.1,"ph":"FINAL","s":-2915,"agl":143.6,"V":32.83,"Vc":32.87,"thr":0.2,"de":0.238,"flap":0,"pitch":2.1,"thC":1.9,"vs":-1.28,"wK":1,"y":144.7,"hP":143.4,"brake":0,"onG":0}
{"t":395.4,"ph":"FINAL","s":-2908,"agl":143.2,"V":32.84,"Vc":32.87,"thr":0.19,"de":0.238,"flap":0,"pitch":2.1,"thC":1.9,"vs":-1.27,"wK":1,"y":144.3,"hP":143,"brake":0,"onG":0}
{"t":395.6,"ph":"FINAL","s":-2901,"agl":142.9,"V":32.84,"Vc":32.87,"thr":0.19,"de":0.237,"flap":0,"pitch":2.1,"thC":1.9,"vs":-1.27,"wK":1,"y":144,"hP":142.7,"brake":0,"onG":0}
{"t":395.9,"ph":"FINAL","s":-2894,"agl":142.6,"V":32.84,"Vc":32.87,"thr":0.2,"de":0.236,"flap":0,"pitch":2.1,"thC":1.9,"vs":-1.28,"wK":1,"y":143.7,"hP":142.4,"brake":0,"onG":0}
{"t":396.2,"ph":"FINAL","s":-2887,"agl":142.2,"V":32.82,"Vc":32.87,"thr":0.2,"de":0.234,"flap":0,"pitch":2.1,"thC":1.9,"vs":-1.29,"wK":1,"y":143.3,"hP":142.1,"brake":0,"onG":0}
{"t":396.4,"ph":"FINAL","s":-2880,"agl":141.9,"V":32.82,"Vc":32.87,"thr":0.2,"de":0.233,"flap":0,"pitch":2.2,"thC":1.8,"vs":-1.3,"wK":1,"y":143,"hP":141.8,"brake":0,"onG":0}
{"t":396.7,"ph":"FINAL","s":-2873,"agl":141.5,"V":32.82,"Vc":32.87,"thr":0.2,"de":0.233,"flap":0,"pitch":2.2,"thC":1.9,"vs":-1.31,"wK":1,"y":142.6,"hP":141.4,"brake":0,"onG":0}
{"t":397,"ph":"FINAL","s":-2866,"agl":141.2,"V":32.84,"Vc":32.87,"thr":0.2,"de":0.234,"flap":0,"pitch":2.2,"thC":1.9,"vs":-1.31,"wK":1,"y":142.3,"hP":141.1,"brake":0,"onG":0}
{"t":397.2,"ph":"FINAL","s":-2859,"agl":140.8,"V":32.86,"Vc":32.87,"thr":0.2,"de":0.237,"flap":0,"pitch":2.2,"thC":2,"vs":-1.3,"wK":1,"y":141.9,"hP":140.8,"brake":0,"onG":0}
{"t":397.5,"ph":"FINAL","s":-2852,"agl":140.5,"V":32.89,"Vc":32.87,"thr":0.19,"de":0.239,"flap":0,"pitch":2.2,"thC":2.1,"vs":-1.29,"wK":1,"y":141.6,"hP":140.5,"brake":0,"onG":0}
{"t":397.8,"ph":"FINAL","s":-2845,"agl":140.1,"V":32.91,"Vc":32.87,"thr":0.18,"de":0.24,"flap":0,"pitch":2.1,"thC":2.1,"vs":-1.27,"wK":1,"y":141.2,"hP":140.2,"brake":0,"onG":0}
{"t":398,"ph":"FINAL","s":-2838,"agl":139.8,"V":32.92,"Vc":32.87,"thr":0.18,"de":0.241,"flap":0,"pitch":2.1,"thC":2.1,"vs":-1.26,"wK":1,"y":140.9,"hP":139.8,"brake":0,"onG":0}
{"t":398.3,"ph":"FINAL","s":-2831,"agl":139.5,"V":32.92,"Vc":32.87,"thr":0.18,"de":0.24,"flap":0,"pitch":2.1,"thC":2.1,"vs":-1.26,"wK":1,"y":140.6,"hP":139.5,"brake":0,"onG":0}
{"t":398.6,"ph":"FINAL","s":-2825,"agl":139.1,"V":32.91,"Vc":32.87,"thr":0.18,"de":0.239,"flap":0,"pitch":2.1,"thC":2.1,"vs":-1.26,"wK":1,"y":140.2,"hP":139.2,"brake":0,"onG":0}
{"t":398.8,"ph":"FINAL","s":-2818,"agl":138.8,"V":32.9,"Vc":32.87,"thr":0.19,"de":0.238,"flap":0,"pitch":2.1,"thC":2,"vs":-1.27,"wK":1,"y":139.9,"hP":138.9,"brake":0,"onG":0}
{"t":399.1,"ph":"FINAL","s":-2811,"agl":138.5,"V":32.9,"Vc":32.87,"thr":0.19,"de":0.238,"flap":0,"pitch":2.1,"thC":2.1,"vs":-1.27,"wK":1,"y":139.6,"hP":138.6,"brake":0,"onG":0}
{"t":399.4,"ph":"FINAL","s":-2804,"agl":138.1,"V":32.91,"Vc":32.87,"thr":0.19,"de":0.239,"flap":0,"pitch":2.1,"thC":2.1,"vs":-1.28,"wK":1,"y":139.2,"hP":138.3,"brake":0,"onG":0}
{"t":399.6,"ph":"FINAL","s":-2797,"agl":137.8,"V":32.93,"Vc":32.87,"thr":0.18,"de":0.24,"flap":0,"pitch":2.1,"thC":2.2,"vs":-1.27,"wK":1,"y":138.9,"hP":137.9,"brake":0,"onG":0}
{"t":399.9,"ph":"FINAL","s":-2790,"agl":137.4,"V":32.95,"Vc":32.87,"thr":0.18,"de":0.242,"flap":0,"pitch":2.1,"thC":2.2,"vs":-1.27,"wK":1,"y":138.5,"hP":137.6,"brake":0,"onG":0}
{"t":400.2,"ph":"FINAL","s":-2783,"agl":137.1,"V":32.97,"Vc":32.87,"thr":0.17,"de":0.243,"flap":0,"pitch":2.1,"thC":2.3,"vs":-1.26,"wK":1,"y":138.2,"hP":137.3,"brake":0,"onG":0}
{"t":400.4,"ph":"FINAL","s":-2776,"agl":136.8,"V":32.98,"Vc":32.87,"thr":0.17,"de":0.243,"flap":0,"pitch":2.1,"thC":2.3,"vs":-1.25,"wK":1,"y":137.9,"hP":137,"brake":0,"onG":0}
{"t":400.7,"ph":"FINAL","s":-2769,"agl":136.4,"V":32.97,"Vc":32.87,"thr":0.17,"de":0.242,"flap":0,"pitch":2.1,"thC":2.3,"vs":-1.25,"wK":1,"y":137.5,"hP":136.7,"brake":0,"onG":0}
{"t":401,"ph":"FINAL","s":-2762,"agl":136.1,"V":32.94,"Vc":32.87,"thr":0.18,"de":0.239,"flap":0,"pitch":2.1,"thC":2.2,"vs":-1.26,"wK":1,"y":137.2,"hP":136.3,"brake":0,"onG":0}
{"t":401.2,"ph":"FINAL","s":-2755,"agl":135.8,"V":32.91,"Vc":32.87,"thr":0.19,"de":0.237,"flap":0,"pitch":2.1,"thC":2.1,"vs":-1.26,"wK":1,"y":136.9,"hP":136,"brake":0,"onG":0}
{"t":401.5,"ph":"FINAL","s":-2749,"agl":135.4,"V":32.9,"Vc":32.87,"thr":0.19,"de":0.236,"flap":0,"pitch":2.2,"thC":2.1,"vs":-1.27,"wK":1,"y":136.5,"hP":135.7,"brake":0,"onG":0}
{"t":401.8,"ph":"FINAL","s":-2742,"agl":135.1,"V":32.89,"Vc":32.87,"thr":0.2,"de":0.237,"flap":0,"pitch":2.2,"thC":2.1,"vs":-1.27,"wK":1,"y":136.2,"hP":135.4,"brake":0,"onG":0}
{"t":402,"ph":"FINAL","s":-2735,"agl":134.8,"V":32.91,"Vc":32.87,"thr":0.19,"de":0.238,"flap":0,"pitch":2.2,"thC":2.1,"vs":-1.27,"wK":1,"y":135.8,"hP":135.1,"brake":0,"onG":0}
{"t":402.3,"ph":"FINAL","s":-2728,"agl":134.4,"V":32.93,"Vc":32.87,"thr":0.19,"de":0.241,"flap":0,"pitch":2.2,"thC":2.2,"vs":-1.25,"wK":1,"y":135.5,"hP":134.8,"brake":0,"onG":0}
{"t":402.6,"ph":"FINAL","s":-2721,"agl":134.1,"V":32.94,"Vc":32.87,"thr":0.18,"de":0.242,"flap":0,"pitch":2.2,"thC":2.3,"vs":-1.24,"wK":1,"y":135.2,"hP":134.4,"brake":0,"onG":0}
{"t":402.8,"ph":"FINAL","s":-2714,"agl":133.8,"V":32.95,"Vc":32.87,"thr":0.18,"de":0.243,"flap":0,"pitch":2.1,"thC":2.3,"vs":-1.22,"wK":1,"y":134.9,"hP":134.1,"brake":0,"onG":0}
{"t":403.1,"ph":"FINAL","s":-2707,"agl":133.4,"V":32.95,"Vc":32.87,"thr":0.18,"de":0.243,"flap":0,"pitch":2.1,"thC":2.2,"vs":-1.22,"wK":1,"y":134.5,"hP":133.8,"brake":0,"onG":0}
{"t":403.4,"ph":"FINAL","s":-2700,"agl":133.1,"V":32.93,"Vc":32.87,"thr":0.19,"de":0.241,"flap":0,"pitch":2.1,"thC":2.2,"vs":-1.22,"wK":1,"y":134.2,"hP":133.5,"brake":0,"onG":0}
{"t":403.6,"ph":"FINAL","s":-2694,"agl":132.8,"V":32.91,"Vc":32.87,"thr":0.19,"de":0.239,"flap":0,"pitch":2.1,"thC":2.1,"vs":-1.22,"wK":1,"y":133.9,"hP":133.2,"brake":0,"onG":0}
{"t":403.9,"ph":"FINAL","s":-2687,"agl":132.5,"V":32.9,"Vc":32.87,"thr":0.19,"de":0.238,"flap":0,"pitch":2.1,"thC":2.1,"vs":-1.23,"wK":1,"y":133.6,"hP":132.9,"brake":0,"onG":0}
{"t":404.2,"ph":"FINAL","s":-2680,"agl":132.1,"V":32.9,"Vc":32.87,"thr":0.2,"de":0.238,"flap":0,"pitch":2.1,"thC":2.1,"vs":-1.24,"wK":1,"y":133.2,"hP":132.6,"brake":0,"onG":0}
{"t":404.4,"ph":"FINAL","s":-2673,"agl":131.8,"V":32.9,"Vc":32.87,"thr":0.19,"de":0.239,"flap":0,"pitch":2.2,"thC":2.2,"vs":-1.24,"wK":1,"y":132.9,"hP":132.2,"brake":0,"onG":0}
{"t":404.7,"ph":"FINAL","s":-2666,"agl":131.5,"V":32.89,"Vc":32.87,"thr":0.2,"de":0.239,"flap":0,"pitch":2.2,"thC":2.1,"vs":-1.24,"wK":1,"y":132.6,"hP":131.9,"brake":0,"onG":0}
{"t":405,"ph":"FINAL","s":-2659,"agl":131.1,"V":32.88,"Vc":32.87,"thr":0.2,"de":0.239,"flap":0,"pitch":2.1,"thC":2.1,"vs":-1.23,"wK":1,"y":132.2,"hP":131.6,"brake":0,"onG":0}
{"t":405.2,"ph":"FINAL","s":-2652,"agl":130.8,"V":32.87,"Vc":32.87,"thr":0.2,"de":0.239,"flap":0,"pitch":2.1,"thC":2,"vs":-1.22,"wK":1,"y":131.9,"hP":131.3,"brake":0,"onG":0}
{"t":405.5,"ph":"FINAL","s":-2646,"agl":130.5,"V":32.84,"Vc":32.87,"thr":0.21,"de":0.237,"flap":0,"pitch":2.1,"thC":2,"vs":-1.22,"wK":1,"y":131.6,"hP":131,"brake":0,"onG":0}
{"t":405.8,"ph":"FINAL","s":-2639,"agl":130.2,"V":32.81,"Vc":32.87,"thr":0.22,"de":0.234,"flap":0,"pitch":2.1,"thC":1.9,"vs":-1.22,"wK":1,"y":131.3,"hP":130.7,"brake":0,"onG":0}
{"t":406,"ph":"FINAL","s":-2632,"agl":129.8,"V":32.78,"Vc":32.87,"thr":0.23,"de":0.232,"flap":0,"pitch":2.2,"thC":1.8,"vs":-1.23,"wK":1,"y":130.9,"hP":130.3,"brake":0,"onG":0}
{"t":406.3,"ph":"FINAL","s":-2625,"agl":129.5,"V":32.75,"Vc":32.87,"thr":0.23,"de":0.23,"flap":0,"pitch":2.2,"thC":1.7,"vs":-1.24,"wK":1,"y":130.6,"hP":130,"brake":0,"onG":0}
{"t":406.6,"ph":"FINAL","s":-2618,"agl":129.2,"V":32.74,"Vc":32.87,"thr":0.24,"de":0.229,"flap":0,"pitch":2.2,"thC":1.7,"vs":-1.24,"wK":1,"y":130.3,"hP":129.7,"brake":0,"onG":0}
{"t":406.8,"ph":"FINAL","s":-2611,"agl":128.8,"V":32.74,"Vc":32.87,"thr":0.24,"de":0.23,"flap":0,"pitch":2.2,"thC":1.7,"vs":-1.24,"wK":1,"y":129.9,"hP":129.4,"brake":0,"onG":0}
{"t":407.1,"ph":"FINAL","s":-2605,"agl":128.5,"V":32.75,"Vc":32.87,"thr":0.23,"de":0.232,"flap":0,"pitch":2.2,"thC":1.8,"vs":-1.24,"wK":1,"y":129.6,"hP":129.1,"brake":0,"onG":0}
{"t":407.4,"ph":"FINAL","s":-2598,"agl":128.2,"V":32.77,"Vc":32.87,"thr":0.23,"de":0.234,"flap":0,"pitch":2.2,"thC":1.8,"vs":-1.22,"wK":1,"y":129.3,"hP":128.8,"brake":0,"onG":0}
{"t":407.6,"ph":"FINAL","s":-2591,"agl":127.9,"V":32.77,"Vc":32.87,"thr":0.23,"de":0.235,"flap":0,"pitch":2.2,"thC":1.8,"vs":-1.21,"wK":1,"y":129,"hP":128.5,"brake":0,"onG":0}
{"t":407.9,"ph":"FINAL","s":-2584,"agl":127.5,"V":32.77,"Vc":32.87,"thr":0.23,"de":0.234,"flap":0,"pitch":2.1,"thC":1.8,"vs":-1.21,"wK":1,"y":128.6,"hP":128.1,"brake":0,"onG":0}
{"t":408.2,"ph":"FINAL","s":-2577,"agl":127.2,"V":32.75,"Vc":32.87,"thr":0.23,"de":0.232,"flap":0,"pitch":2.1,"thC":1.7,"vs":-1.2,"wK":1,"y":128.3,"hP":127.8,"brake":0,"onG":0}
{"t":408.4,"ph":"FINAL","s":-2570,"agl":126.9,"V":32.73,"Vc":32.87,"thr":0.24,"de":0.23,"flap":0,"pitch":2.1,"thC":1.6,"vs":-1.21,"wK":1,"y":128,"hP":127.5,"brake":0,"onG":0}
{"t":408.7,"ph":"FINAL","s":-2563,"agl":126.6,"V":32.7,"Vc":32.87,"thr":0.25,"de":0.228,"flap":0,"pitch":2.1,"thC":1.6,"vs":-1.22,"wK":1,"y":127.7,"hP":127.2,"brake":0,"onG":0}
{"t":409,"ph":"FINAL","s":-2556,"agl":126.2,"V":32.63,"Vc":32.87,"thr":0.27,"de":0.223,"flap":0,"pitch":2.2,"thC":1.3,"vs":-1.24,"wK":1,"y":127.3,"hP":126.9,"brake":0,"onG":0}
{"t":409.2,"ph":"FINAL","s":-2549,"agl":125.9,"V":32.57,"Vc":32.87,"thr":0.28,"de":0.221,"flap":0,"pitch":2.2,"thC":1.1,"vs":-1.25,"wK":1,"y":127,"hP":126.5,"brake":0,"onG":0}
{"t":409.5,"ph":"FINAL","s":-2542,"agl":125.6,"V":32.54,"Vc":32.87,"thr":0.29,"de":0.22,"flap":0,"pitch":2.2,"thC":1.1,"vs":-1.26,"wK":1,"y":126.7,"hP":126.2,"brake":0,"onG":0}
{"t":409.8,"ph":"FINAL","s":-2535,"agl":125.2,"V":32.52,"Vc":32.87,"thr":0.29,"de":0.22,"flap":0,"pitch":2.1,"thC":1,"vs":-1.26,"wK":1,"y":126.3,"hP":125.9,"brake":0,"onG":0}
{"t":410,"ph":"FINAL","s":-2528,"agl":124.9,"V":32.51,"Vc":32.87,"thr":0.3,"de":0.22,"flap":0,"pitch":2.1,"thC":1,"vs":-1.26,"wK":1,"y":126,"hP":125.6,"brake":0,"onG":0}
{"t":410.3,"ph":"FINAL","s":-2521,"agl":124.6,"V":32.5,"Vc":32.87,"thr":0.3,"de":0.219,"flap":0,"pitch":2.1,"thC":0.9,"vs":-1.26,"wK":1,"y":125.7,"hP":125.3,"brake":0,"onG":0}
{"t":410.6,"ph":"FINAL","s":-2514,"agl":124.2,"V":32.48,"Vc":32.87,"thr":0.3,"de":0.217,"flap":0,"pitch":2.1,"thC":0.9,"vs":-1.27,"wK":1,"y":125.3,"hP":124.9,"brake":0,"onG":0}
{"t":410.8,"ph":"FINAL","s":-2507,"agl":123.9,"V":32.46,"Vc":32.87,"thr":0.31,"de":0.214,"flap":0,"pitch":2.1,"thC":0.8,"vs":-1.28,"wK":1,"y":125,"hP":124.6,"brake":0,"onG":0}
{"t":411.1,"ph":"FINAL","s":-2500,"agl":123.5,"V":32.44,"Vc":32.87,"thr":0.32,"de":0.212,"flap":0,"pitch":2.1,"thC":0.8,"vs":-1.29,"wK":1,"y":124.6,"hP":124.3,"brake":0,"onG":0}
{"t":411.4,"ph":"FINAL","s":-2493,"agl":123.2,"V":32.43,"Vc":32.87,"thr":0.32,"de":0.211,"flap":0,"pitch":2.1,"thC":0.7,"vs":-1.3,"wK":1,"y":124.3,"hP":124,"brake":0,"onG":0}
{"t":411.6,"ph":"FINAL","s":-2486,"agl":122.8,"V":32.44,"Vc":32.87,"thr":0.32,"de":0.212,"flap":0,"pitch":2.1,"thC":0.8,"vs":-1.31,"wK":1,"y":123.9,"hP":123.6,"brake":0,"onG":0}
{"t":411.9,"ph":"FINAL","s":-2479,"agl":122.5,"V":32.46,"Vc":32.87,"thr":0.31,"de":0.214,"flap":0,"pitch":2.1,"thC":0.8,"vs":-1.31,"wK":1,"y":123.6,"hP":123.3,"brake":0,"onG":0}
{"t":412.2,"ph":"FINAL","s":-2472,"agl":122.1,"V":32.5,"Vc":32.87,"thr":0.31,"de":0.216,"flap":0,"pitch":2.1,"thC":0.9,"vs":-1.31,"wK":1,"y":123.2,"hP":123,"brake":0,"onG":0}
{"t":412.4,"ph":"FINAL","s":-2465,"agl":121.8,"V":32.53,"Vc":32.87,"thr":0.3,"de":0.218,"flap":0,"pitch":2,"thC":1,"vs":-1.3,"wK":1,"y":122.9,"hP":122.6,"brake":0,"onG":0}
{"t":412.7,"ph":"FINAL","s":-2457,"agl":121.5,"V":32.55,"Vc":32.87,"thr":0.29,"de":0.219,"flap":0,"pitch":2,"thC":1,"vs":-1.29,"wK":1,"y":122.6,"hP":122.3,"brake":0,"onG":0}
{"t":413,"ph":"FINAL","s":-2450,"agl":121.1,"V":32.56,"Vc":32.87,"thr":0.29,"de":0.218,"flap":0,"pitch":2,"thC":1,"vs":-1.29,"wK":1,"y":122.2,"hP":122,"brake":0,"onG":0}
{"t":413.2,"ph":"FINAL","s":-2443,"agl":120.8,"V":32.55,"Vc":32.87,"thr":0.29,"de":0.217,"flap":0,"pitch":1.9,"thC":1,"vs":-1.3,"wK":1,"y":121.9,"hP":121.6,"brake":0,"onG":0}
{"t":413.5,"ph":"FINAL","s":-2436,"agl":120.4,"V":32.54,"Vc":32.87,"thr":0.3,"de":0.215,"flap":0,"pitch":2,"thC":0.9,"vs":-1.31,"wK":1,"y":121.5,"hP":121.3,"brake":0,"onG":0}
{"t":413.8,"ph":"FINAL","s":-2428,"agl":120.1,"V":32.54,"Vc":32.87,"thr":0.3,"de":0.213,"flap":0,"pitch":2,"thC":0.9,"vs":-1.33,"wK":1,"y":121.2,"hP":121,"brake":0,"onG":0}
{"t":414,"ph":"FINAL","s":-2421,"agl":119.7,"V":32.54,"Vc":32.87,"thr":0.3,"de":0.213,"flap":0,"pitch":2,"thC":0.9,"vs":-1.34,"wK":1,"y":120.8,"hP":120.6,"brake":0,"onG":0}
{"t":414.3,"ph":"FINAL","s":-2414,"agl":119.3,"V":32.56,"Vc":32.87,"thr":0.3,"de":0.214,"flap":0,"pitch":2,"thC":1,"vs":-1.35,"wK":1,"y":120.4,"hP":120.3,"brake":0,"onG":0}
{"t":414.6,"ph":"FINAL","s":-2406,"agl":119,"V":32.6,"Vc":32.87,"thr":0.29,"de":0.216,"flap":0,"pitch":2,"thC":1.1,"vs":-1.36,"wK":1,"y":120.1,"hP":120,"brake":0,"onG":0}
{"t":414.8,"ph":"FINAL","s":-2399,"agl":118.6,"V":32.63,"Vc":32.87,"thr":0.28,"de":0.218,"flap":0,"pitch":1.9,"thC":1.2,"vs":-1.36,"wK":1,"y":119.7,"hP":119.6,"brake":0,"onG":0}
{"t":415.1,"ph":"FINAL","s":-2391,"agl":118.3,"V":32.66,"Vc":32.87,"thr":0.28,"de":0.22,"flap":0,"pitch":1.9,"thC":1.3,"vs":-1.36,"wK":1,"y":119.4,"hP":119.3,"brake":0,"onG":0}
{"t":415.4,"ph":"FINAL","s":-2384,"agl":117.9,"V":32.68,"Vc":32.87,"thr":0.27,"de":0.22,"flap":0,"pitch":1.9,"thC":1.3,"vs":-1.35,"wK":1,"y":119,"hP":118.9,"brake":0,"onG":0}
{"t":415.6,"ph":"FINAL","s":-2376,"agl":117.5,"V":32.68,"Vc":32.87,"thr":0.27,"de":0.218,"flap":0,"pitch":1.9,"thC":1.3,"vs":-1.35,"wK":1,"y":118.6,"hP":118.6,"brake":0,"onG":0}
{"t":415.9,"ph":"FINAL","s":-2369,"agl":117.2,"V":32.68,"Vc":32.87,"thr":0.27,"de":0.217,"flap":0,"pitch":1.9,"thC":1.3,"vs":-1.36,"wK":1,"y":118.3,"hP":118.3,"brake":0,"onG":0}
{"t":416.2,"ph":"FINAL","s":-2362,"agl":116.8,"V":32.69,"Vc":32.87,"thr":0.27,"de":0.216,"flap":0,"pitch":1.9,"thC":1.3,"vs":-1.36,"wK":1,"y":117.9,"hP":117.9,"brake":0,"onG":0}
{"t":416.4,"ph":"FINAL","s":-2354,"agl":116.5,"V":32.71,"Vc":32.87,"thr":0.27,"de":0.217,"flap":0,"pitch":1.9,"thC":1.3,"vs":-1.37,"wK":1,"y":117.5,"hP":117.6,"brake":0,"onG":0}
{"t":416.7,"ph":"FINAL","s":-2347,"agl":116.1,"V":32.77,"Vc":32.87,"thr":0.25,"de":0.22,"flap":0,"pitch":1.9,"thC":1.5,"vs":-1.37,"wK":1,"y":117.2,"hP":117.2,"brake":0,"onG":0}
{"t":417,"ph":"FINAL","s":-2339,"agl":115.7,"V":32.83,"Vc":32.87,"thr":0.24,"de":0.224,"flap":0,"pitch":1.9,"thC":1.7,"vs":-1.36,"wK":1,"y":116.8,"hP":116.9,"brake":0,"onG":0}
{"t":417.2,"ph":"FINAL","s":-2331,"agl":115.4,"V":32.89,"Vc":32.87,"thr":0.22,"de":0.228,"flap":0,"pitch":1.9,"thC":1.8,"vs":-1.35,"wK":1,"y":116.5,"hP":116.5,"brake":0,"onG":0}
{"t":417.5,"ph":"FINAL","s":-2324,"agl":115,"V":32.94,"Vc":32.87,"thr":0.21,"de":0.23,"flap":0,"pitch":1.9,"thC":2,"vs":-1.34,"wK":1,"y":116.1,"hP":116.2,"brake":0,"onG":0}
{"t":417.8,"ph":"FINAL","s":-2316,"agl":114.6,"V":32.96,"Vc":32.87,"thr":0.21,"de":0.231,"flap":0,"pitch":1.8,"thC":2,"vs":-1.33,"wK":1,"y":115.7,"hP":115.8,"brake":0,"onG":0}
{"t":418,"ph":"FINAL","s":-2309,"agl":114.3,"V":32.97,"Vc":32.87,"thr":0.21,"de":0.23,"flap":0,"pitch":1.8,"thC":2,"vs":-1.33,"wK":1,"y":115.4,"hP":115.5,"brake":0,"onG":0}
{"t":418.3,"ph":"FINAL","s":-2301,"agl":113.9,"V":32.96,"Vc":32.87,"thr":0.21,"de":0.228,"flap":0,"pitch":1.8,"thC":1.9,"vs":-1.33,"wK":1,"y":115,"hP":115.1,"brake":0,"onG":0}
{"t":418.6,"ph":"FINAL","s":-2294,"agl":113.6,"V":32.95,"Vc":32.87,"thr":0.21,"de":0.226,"flap":0,"pitch":1.9,"thC":1.9,"vs":-1.34,"wK":1,"y":114.7,"hP":114.8,"brake":0,"onG":0}
{"t":418.8,"ph":"FINAL","s":-2286,"agl":113.2,"V":32.94,"Vc":32.87,"thr":0.22,"de":0.225,"flap":0,"pitch":1.9,"thC":1.9,"vs":-1.35,"wK":1,"y":114.3,"hP":114.4,"brake":0,"onG":0}
{"t":419.1,"ph":"FINAL","s":-2279,"agl":112.9,"V":32.95,"Vc":32.87,"thr":0.22,"de":0.226,"flap":0,"pitch":1.9,"thC":1.9,"vs":-1.36,"wK":1,"y":114,"hP":114.1,"brake":0,"onG":0}
{"t":419.4,"ph":"FINAL","s":-2271,"agl":112.5,"V":32.97,"Vc":32.87,"thr":0.21,"de":0.227,"flap":0,"pitch":1.9,"thC":2,"vs":-1.36,"wK":1,"y":113.6,"hP":113.7,"brake":0,"onG":0}
{"t":419.6,"ph":"FINAL","s":-2263,"agl":112.1,"V":32.99,"Vc":32.87,"thr":0.21,"de":0.23,"flap":0,"pitch":1.9,"thC":2.1,"vs":-1.36,"wK":1,"y":113.2,"hP":113.4,"brake":0,"onG":0}
{"t":419.9,"ph":"FINAL","s":-2256,"agl":111.8,"V":33.02,"Vc":32.87,"thr":0.2,"de":0.231,"flap":0,"pitch":1.9,"thC":2.1,"vs":-1.35,"wK":1,"y":112.9,"hP":113,"brake":0,"onG":0}
{"t":420.2,"ph":"FINAL","s":-2248,"agl":111.4,"V":33.03,"Vc":32.87,"thr":0.2,"de":0.232,"flap":0,"pitch":1.9,"thC":2.2,"vs":-1.34,"wK":1,"y":112.5,"hP":112.7,"brake":0,"onG":0}
{"t":420.4,"ph":"FINAL","s":-2241,"agl":111.1,"V":33.03,"Vc":32.87,"thr":0.2,"de":0.232,"flap":0,"pitch":1.9,"thC":2.2,"vs":-1.33,"wK":1,"y":112.2,"hP":112.3,"brake":0,"onG":0}
{"t":420.7,"ph":"FINAL","s":-2233,"agl":110.7,"V":33.02,"Vc":32.87,"thr":0.2,"de":0.23,"flap":0,"pitch":1.9,"thC":2.1,"vs":-1.33,"wK":1,"y":111.8,"hP":112,"brake":0,"onG":0}
{"t":421,"ph":"FINAL","s":-2225,"agl":110.3,"V":33.01,"Vc":32.87,"thr":0.2,"de":0.229,"flap":0,"pitch":1.9,"thC":2.1,"vs":-1.33,"wK":1,"y":111.4,"hP":111.7,"brake":0,"onG":0}
{"t":421.2,"ph":"FINAL","s":-2218,"agl":110,"V":33,"Vc":32.87,"thr":0.21,"de":0.228,"flap":0,"pitch":1.9,"thC":2,"vs":-1.33,"wK":1,"y":111.1,"hP":111.3,"brake":0,"onG":0}
{"t":421.5,"ph":"FINAL","s":-2210,"agl":109.6,"V":33,"Vc":32.87,"thr":0.21,"de":0.228,"flap":0,"pitch":2,"thC":2.1,"vs":-1.33,"wK":1,"y":110.7,"hP":111,"brake":0,"onG":0}
{"t":421.8,"ph":"FINAL","s":-2203,"agl":109.3,"V":33.01,"Vc":32.87,"thr":0.2,"de":0.229,"flap":0,"pitch":2,"thC":2.1,"vs":-1.32,"wK":1,"y":110.4,"hP":110.6,"brake":0,"onG":0}
{"t":422,"ph":"FINAL","s":-2195,"agl":108.9,"V":33.03,"Vc":32.87,"thr":0.2,"de":0.231,"flap":0,"pitch":2,"thC":2.2,"vs":-1.31,"wK":1,"y":110,"hP":110.3,"brake":0,"onG":0}
{"t":422.3,"ph":"FINAL","s":-2188,"agl":108.6,"V":33.05,"Vc":32.87,"thr":0.19,"de":0.233,"flap":0,"pitch":1.9,"thC":2.2,"vs":-1.3,"wK":1,"y":109.7,"hP":109.9,"brake":0,"onG":0}
{"t":422.6,"ph":"FINAL","s":-2180,"agl":108.2,"V":33.06,"Vc":32.87,"thr":0.19,"de":0.234,"flap":0,"pitch":1.9,"thC":2.2,"vs":-1.29,"wK":1,"y":109.3,"hP":109.6,"brake":0,"onG":0}
{"t":422.8,"ph":"FINAL","s":-2172,"agl":107.9,"V":33.05,"Vc":32.87,"thr":0.19,"de":0.233,"flap":0,"pitch":1.9,"thC":2.2,"vs":-1.29,"wK":1,"y":109,"hP":109.2,"brake":0,"onG":0}
{"t":423.1,"ph":"FINAL","s":-2165,"agl":107.6,"V":33.03,"Vc":32.87,"thr":0.19,"de":0.231,"flap":0,"pitch":1.9,"thC":2.1,"vs":-1.29,"wK":1,"y":108.7,"hP":108.9,"brake":0,"onG":0}
{"t":423.4,"ph":"FINAL","s":-2157,"agl":107.2,"V":33.01,"Vc":32.87,"thr":0.2,"de":0.229,"flap":0,"pitch":1.9,"thC":2.1,"vs":-1.3,"wK":1,"y":108.3,"hP":108.5,"brake":0,"onG":0}
{"t":423.6,"ph":"FINAL","s":-2150,"agl":106.9,"V":32.98,"Vc":32.87,"thr":0.21,"de":0.227,"flap":0,"pitch":2,"thC":2,"vs":-1.31,"wK":1,"y":108,"hP":108.2,"brake":0,"onG":0}
{"t":423.9,"ph":"FINAL","s":-2142,"agl":106.5,"V":32.95,"Vc":32.87,"thr":0.22,"de":0.225,"flap":0,"pitch":2,"thC":1.9,"vs":-1.31,"wK":1,"y":107.6,"hP":107.8,"brake":0,"onG":0}
{"t":424.2,"ph":"FINAL","s":-2134,"agl":106.2,"V":32.93,"Vc":32.87,"thr":0.22,"de":0.225,"flap":0,"pitch":2,"thC":1.9,"vs":-1.32,"wK":1,"y":107.3,"hP":107.5,"brake":0,"onG":0}
{"t":424.4,"ph":"FINAL","s":-2127,"agl":105.8,"V":32.94,"Vc":32.87,"thr":0.22,"de":0.226,"flap":0,"pitch":2,"thC":1.9,"vs":-1.32,"wK":1,"y":106.9,"hP":107.1,"brake":0,"onG":0}
{"t":424.7,"ph":"FINAL","s":-2119,"agl":105.5,"V":32.95,"Vc":32.87,"thr":0.21,"de":0.228,"flap":0,"pitch":2,"thC":2,"vs":-1.31,"wK":1,"y":106.6,"hP":106.8,"brake":0,"onG":0}
{"t":425,"ph":"FINAL","s":-2112,"agl":105.1,"V":32.96,"Vc":32.87,"thr":0.21,"de":0.23,"flap":0,"pitch":2,"thC":2,"vs":-1.3,"wK":1,"y":106.2,"hP":106.4,"brake":0,"onG":0}
{"t":425.2,"ph":"FINAL","s":-2104,"agl":104.8,"V":32.97,"Vc":32.87,"thr":0.21,"de":0.23,"flap":0,"pitch":2,"thC":2,"vs":-1.3,"wK":1,"y":105.9,"hP":106.1,"brake":0,"onG":0}
{"t":425.5,"ph":"FINAL","s":-2096,"agl":104.4,"V":32.96,"Vc":32.87,"thr":0.21,"de":0.229,"flap":0,"pitch":2,"thC":2,"vs":-1.29,"wK":1,"y":105.5,"hP":105.7,"brake":0,"onG":0}
{"t":425.8,"ph":"FINAL","s":-2089,"agl":104.1,"V":32.94,"Vc":32.87,"thr":0.21,"de":0.227,"flap":0,"pitch":2,"thC":2,"vs":-1.29,"wK":1,"y":105.2,"hP":105.4,"brake":0,"onG":0}
{"t":426,"ph":"FINAL","s":-2081,"agl":103.7,"V":32.93,"Vc":32.87,"thr":0.22,"de":0.226,"flap":0,"pitch":2,"thC":1.9,"vs":-1.29,"wK":1,"y":104.8,"hP":105,"brake":0,"onG":0}
{"t":426.3,"ph":"FINAL","s":-2074,"agl":103.4,"V":32.92,"Vc":32.87,"thr":0.22,"de":0.225,"flap":0,"pitch":2,"thC":1.9,"vs":-1.3,"wK":1,"y":104.5,"hP":104.7,"brake":0,"onG":0}
{"t":426.6,"ph":"FINAL","s":-2066,"agl":103,"V":32.92,"Vc":32.87,"thr":0.22,"de":0.225,"flap":0,"pitch":2,"thC":1.9,"vs":-1.3,"wK":1,"y":104.1,"hP":104.3,"brake":0,"onG":0}
{"t":426.8,"ph":"FINAL","s":-2058,"agl":102.7,"V":32.93,"Vc":32.87,"thr":0.21,"de":0.227,"flap":0,"pitch":2,"thC":2,"vs":-1.29,"wK":1,"y":103.8,"hP":104,"brake":0,"onG":0}
{"t":427.1,"ph":"FINAL","s":-2051,"agl":102.4,"V":32.96,"Vc":32.87,"thr":0.21,"de":0.229,"flap":0,"pitch":2,"thC":2,"vs":-1.28,"wK":1,"y":103.4,"hP":103.6,"brake":0,"onG":0}
{"t":427.4,"ph":"FINAL","s":-2043,"agl":102,"V":32.97,"Vc":32.87,"thr":0.2,"de":0.231,"flap":0,"pitch":2,"thC":2.1,"vs":-1.28,"wK":1,"y":103.1,"hP":103.3,"brake":0,"onG":0}
{"t":427.6,"ph":"FINAL","s":-2035,"agl":101.7,"V":32.98,"Vc":32.87,"thr":0.2,"de":0.232,"flap":0,"pitch":2,"thC":2.1,"vs":-1.27,"wK":1,"y":102.8,"hP":102.9,"brake":0,"onG":0}
{"t":427.9,"ph":"FINAL","s":-2028,"agl":101.3,"V":32.98,"Vc":32.87,"thr":0.2,"de":0.231,"flap":0,"pitch":1.9,"thC":2.1,"vs":-1.28,"wK":1,"y":102.4,"hP":102.6,"brake":0,"onG":0}
{"t":428.2,"ph":"FINAL","s":-2020,"agl":101,"V":32.96,"Vc":32.87,"thr":0.2,"de":0.229,"flap":0,"pitch":2,"thC":2,"vs":-1.28,"wK":1,"y":102.1,"hP":102.2,"brake":0,"onG":0}
{"t":428.4,"ph":"FINAL","s":-2013,"agl":100.6,"V":32.94,"Vc":32.87,"thr":0.21,"de":0.227,"flap":0,"pitch":2,"thC":2,"vs":-1.3,"wK":1,"y":101.7,"hP":101.9,"brake":0,"onG":0}
{"t":428.7,"ph":"FINAL","s":-2005,"agl":100.3,"V":32.92,"Vc":32.87,"thr":0.21,"de":0.225,"flap":0,"pitch":2,"thC":1.9,"vs":-1.31,"wK":1,"y":101.4,"hP":101.5,"brake":0,"onG":0}
{"t":429,"ph":"FINAL","s":-1997,"agl":99.9,"V":32.92,"Vc":32.87,"thr":0.21,"de":0.225,"flap":0,"pitch":2,"thC":2,"vs":-1.31,"wK":1,"y":101,"hP":101.2,"brake":0,"onG":0}
{"t":429.2,"ph":"FINAL","s":-1990,"agl":99.6,"V":32.94,"Vc":32.87,"thr":0.21,"de":0.227,"flap":0,"pitch":2.1,"thC":2,"vs":-1.32,"wK":1,"y":100.7,"hP":100.8,"brake":0,"onG":0}
{"t":429.5,"ph":"FINAL","s":-1982,"agl":99.2,"V":32.96,"Vc":32.87,"thr":0.2,"de":0.23,"flap":0,"pitch":2,"thC":2.1,"vs":-1.31,"wK":1,"y":100.3,"hP":100.5,"brake":0,"onG":0}
{"t":429.8,"ph":"FINAL","s":-1974,"agl":98.9,"V":32.99,"Vc":32.87,"thr":0.19,"de":0.233,"flap":0,"pitch":2,"thC":2.2,"vs":-1.31,"wK":1,"y":100,"hP":100.1,"brake":0,"onG":0}
{"t":430,"ph":"FINAL","s":-1967,"agl":98.5,"V":33.02,"Vc":32.87,"thr":0.19,"de":0.235,"flap":0,"pitch":2,"thC":2.3,"vs":-1.3,"wK":1,"y":99.6,"hP":99.8,"brake":0,"onG":0}
{"t":430.3,"ph":"FINAL","s":-1959,"agl":98.2,"V":33.03,"Vc":32.87,"thr":0.18,"de":0.235,"flap":0,"pitch":2,"thC":2.3,"vs":-1.29,"wK":1,"y":99.3,"hP":99.4,"brake":0,"onG":0}
{"t":430.6,"ph":"FINAL","s":-1952,"agl":97.9,"V":33.03,"Vc":32.87,"thr":0.18,"de":0.235,"flap":0,"pitch":1.9,"thC":2.3,"vs":-1.29,"wK":1,"y":99,"hP":99.1,"brake":0,"onG":0}
{"t":430.8,"ph":"FINAL","s":-1944,"agl":97.5,"V":33.02,"Vc":32.87,"thr":0.19,"de":0.233,"flap":0,"pitch":1.9,"thC":2.3,"vs":-1.29,"wK":1,"y":98.6,"hP":98.7,"brake":0,"onG":0}
{"t":431.1,"ph":"FINAL","s":-1936,"agl":97.2,"V":32.98,"Vc":32.87,"thr":0.2,"de":0.23,"flap":0,"pitch":2,"thC":2.1,"vs":-1.3,"wK":1,"y":98.3,"hP":98.4,"brake":0,"onG":0}
{"t":431.4,"ph":"FINAL","s":-1929,"agl":96.8,"V":32.94,"Vc":32.87,"thr":0.2,"de":0.228,"flap":0,"pitch":2,"thC":2,"vs":-1.3,"wK":1,"y":97.9,"hP":98,"brake":0,"onG":0}
{"t":431.6,"ph":"FINAL","s":-1921,"agl":96.5,"V":32.92,"Vc":32.87,"thr":0.21,"de":0.228,"flap":0,"pitch":2,"thC":2,"vs":-1.3,"wK":1,"y":97.6,"hP":97.7,"brake":0,"onG":0}
{"t":431.9,"ph":"FINAL","s":-1913,"agl":96.1,"V":32.92,"Vc":32.87,"thr":0.21,"de":0.229,"flap":0,"pitch":2,"thC":2,"vs":-1.3,"wK":1,"y":97.2,"hP":97.3,"brake":0,"onG":0}
{"t":432.2,"ph":"FINAL","s":-1906,"agl":95.8,"V":32.92,"Vc":32.87,"thr":0.21,"de":0.23,"flap":0,"pitch":2,"thC":2,"vs":-1.29,"wK":1,"y":96.9,"hP":97,"brake":0,"onG":0}
{"t":432.4,"ph":"FINAL","s":-1898,"agl":95.4,"V":32.91,"Vc":32.87,"thr":0.21,"de":0.23,"flap":0,"pitch":1.9,"thC":1.9,"vs":-1.29,"wK":1,"y":96.5,"hP":96.6,"brake":0,"onG":0}
{"t":432.7,"ph":"FINAL","s":-1891,"agl":95.1,"V":32.89,"Vc":32.87,"thr":0.21,"de":0.229,"flap":0,"pitch":1.9,"thC":1.9,"vs":-1.29,"wK":1,"y":96.2,"hP":96.2,"brake":0,"onG":0}
{"t":433,"ph":"FINAL","s":-1883,"agl":94.8,"V":32.86,"Vc":32.87,"thr":0.22,"de":0.227,"flap":0,"pitch":1.9,"thC":1.8,"vs":-1.29,"wK":1,"y":95.9,"hP":95.9,"brake":0,"onG":0}
{"t":433.2,"ph":"FINAL","s":-1875,"agl":94.4,"V":32.83,"Vc":32.87,"thr":0.23,"de":0.224,"flap":0,"pitch":1.9,"thC":1.7,"vs":-1.3,"wK":1,"y":95.5,"hP":95.5,"brake":0,"onG":0}
{"t":433.5,"ph":"FINAL","s":-1868,"agl":94.1,"V":32.79,"Vc":32.87,"thr":0.24,"de":0.222,"flap":0,"pitch":1.9,"thC":1.6,"vs":-1.32,"wK":1,"y":95.2,"hP":95.2,"brake":0,"onG":0}
{"t":433.8,"ph":"FINAL","s":-1860,"agl":93.7,"V":32.77,"Vc":32.87,"thr":0.24,"de":0.22,"flap":0,"pitch":2,"thC":1.6,"vs":-1.33,"wK":1,"y":94.8,"hP":94.8,"brake":0,"onG":0}
{"t":434,"ph":"FINAL","s":-1852,"agl":93.4,"V":32.76,"Vc":32.87,"thr":0.25,"de":0.221,"flap":0,"pitch":2,"thC":1.6,"vs":-1.34,"wK":1,"y":94.4,"hP":94.5,"brake":0,"onG":0}
{"t":434.3,"ph":"FINAL","s":-1845,"agl":93,"V":32.78,"Vc":32.87,"thr":0.24,"de":0.222,"flap":0,"pitch":2,"thC":1.6,"vs":-1.34,"wK":1,"y":94.1,"hP":94.1,"brake":0,"onG":0}
{"t":434.6,"ph":"FINAL","s":-1837,"agl":92.6,"V":32.8,"Vc":32.87,"thr":0.24,"de":0.225,"flap":0,"pitch":2,"thC":1.7,"vs":-1.33,"wK":1,"y":93.7,"hP":93.8,"brake":0,"onG":0}
{"t":434.8,"ph":"FINAL","s":-1829,"agl":92.3,"V":32.82,"Vc":32.87,"thr":0.23,"de":0.227,"flap":0,"pitch":1.9,"thC":1.7,"vs":-1.33,"wK":1,"y":93.4,"hP":93.4,"brake":0,"onG":0}
{"t":435.1,"ph":"FINAL","s":-1822,"agl":91.9,"V":32.83,"Vc":32.87,"thr":0.23,"de":0.228,"flap":0,"pitch":1.9,"thC":1.8,"vs":-1.32,"wK":1,"y":93,"hP":93.1,"brake":0,"onG":0}
{"t":435.4,"ph":"FINAL","s":-1814,"agl":91.6,"V":32.83,"Vc":32.87,"thr":0.23,"de":0.228,"flap":0,"pitch":1.9,"thC":1.8,"vs":-1.32,"wK":1,"y":92.7,"hP":92.7,"brake":0,"onG":0}
{"t":435.6,"ph":"FINAL","s":-1806,"agl":91.2,"V":32.81,"Vc":32.87,"thr":0.23,"de":0.226,"flap":0,"pitch":1.9,"thC":1.7,"vs":-1.32,"wK":1,"y":92.3,"hP":92.4,"brake":0,"onG":0}
{"t":435.9,"ph":"FINAL","s":-1798,"agl":90.9,"V":32.79,"Vc":32.87,"thr":0.24,"de":0.224,"flap":0,"pitch":1.9,"thC":1.6,"vs":-1.33,"wK":1,"y":92,"hP":92,"brake":0,"onG":0}
{"t":436.2,"ph":"FINAL","s":-1791,"agl":90.5,"V":32.78,"Vc":32.87,"thr":0.24,"de":0.222,"flap":0,"pitch":1.9,"thC":1.6,"vs":-1.34,"wK":1,"y":91.6,"hP":91.7,"brake":0,"onG":0}
{"t":436.4,"ph":"FINAL","s":-1783,"agl":90.2,"V":32.77,"Vc":32.87,"thr":0.24,"de":0.221,"flap":0,"pitch":1.9,"thC":1.6,"vs":-1.34,"wK":1,"y":91.3,"hP":91.3,"brake":0,"onG":0}
{"t":436.7,"ph":"FINAL","s":-1775,"agl":89.8,"V":32.77,"Vc":32.87,"thr":0.24,"de":0.222,"flap":0,"pitch":1.9,"thC":1.6,"vs":-1.34,"wK":1,"y":90.9,"hP":90.9,"brake":0,"onG":0}
{"t":437,"ph":"FINAL","s":-1767,"agl":89.4,"V":32.78,"Vc":32.87,"thr":0.24,"de":0.223,"flap":0,"pitch":1.9,"thC":1.6,"vs":-1.34,"wK":1,"y":90.5,"hP":90.6,"brake":0,"onG":0}
{"t":437.2,"ph":"FINAL","s":-1760,"agl":89.1,"V":32.8,"Vc":32.87,"thr":0.23,"de":0.225,"flap":0,"pitch":1.9,"thC":1.7,"vs":-1.34,"wK":1,"y":90.2,"hP":90.2,"brake":0,"onG":0}
{"t":437.5,"ph":"FINAL","s":-1752,"agl":88.7,"V":32.81,"Vc":32.87,"thr":0.23,"de":0.226,"flap":0,"pitch":1.9,"thC":1.7,"vs":-1.34,"wK":1,"y":89.8,"hP":89.9,"brake":0,"onG":0}
{"t":437.8,"ph":"FINAL","s":-1744,"agl":88.4,"V":32.8,"Vc":32.87,"thr":0.23,"de":0.226,"flap":0,"pitch":1.8,"thC":1.7,"vs":-1.34,"wK":1,"y":89.5,"hP":89.5,"brake":0,"onG":0}
{"t":438,"ph":"FINAL","s":-1736,"agl":85.5,"V":32.72,"Vc":32.87,"thr":0.25,"de":0.22,"flap":0,"pitch":1.8,"thC":1.4,"vs":-1.35,"wK":1,"y":89.1,"hP":89.1,"brake":0,"onG":0}
{"t":438.3,"ph":"FINAL","s":-1728,"agl":83.4,"V":32.72,"Vc":32.87,"thr":0.25,"de":0.22,"flap":0,"pitch":1.8,"thC":1.4,"vs":-1.36,"wK":1,"y":88.8,"hP":88.8,"brake":0,"onG":0}
{"t":438.6,"ph":"FINAL","s":-1721,"agl":82.2,"V":32.74,"Vc":32.87,"thr":0.25,"de":0.219,"flap":0,"pitch":1.9,"thC":1.5,"vs":-1.38,"wK":1,"y":88.4,"hP":88.4,"brake":0,"onG":0}
{"t":438.8,"ph":"FINAL","s":-1713,"agl":81.1,"V":32.76,"Vc":32.87,"thr":0.24,"de":0.22,"flap":0,"pitch":1.9,"thC":1.6,"vs":-1.39,"wK":1,"y":88,"hP":88.1,"brake":0,"onG":0}
{"t":439.1,"ph":"FINAL","s":-1705,"agl":80,"V":32.79,"Vc":32.87,"thr":0.24,"de":0.222,"flap":0,"pitch":1.9,"thC":1.7,"vs":-1.39,"wK":1,"y":87.6,"hP":87.7,"brake":0,"onG":0}
{"t":439.4,"ph":"FINAL","s":-1697,"agl":78.2,"V":32.81,"Vc":32.87,"thr":0.23,"de":0.224,"flap":0,"pitch":1.9,"thC":1.7,"vs":-1.38,"wK":1,"y":87.3,"hP":87.3,"brake":0,"onG":0}
{"t":439.6,"ph":"FINAL","s":-1689,"agl":75.9,"V":32.84,"Vc":32.87,"thr":0.22,"de":0.227,"flap":0,"pitch":1.9,"thC":1.8,"vs":-1.38,"wK":1,"y":86.9,"hP":87,"brake":0,"onG":0}
{"t":439.9,"ph":"FINAL","s":-1681,"agl":74.3,"V":32.87,"Vc":32.87,"thr":0.22,"de":0.229,"flap":0,"pitch":1.8,"thC":1.9,"vs":-1.37,"wK":1,"y":86.5,"hP":86.6,"brake":0,"onG":0}
{"t":440.2,"ph":"FINAL","s":-1673,"agl":73.4,"V":32.9,"Vc":32.87,"thr":0.21,"de":0.231,"flap":0,"pitch":1.8,"thC":1.9,"vs":-1.36,"wK":1,"y":86.2,"hP":86.3,"brake":0,"onG":0}
{"t":440.4,"ph":"FINAL","s":-1665,"agl":72.2,"V":32.9,"Vc":32.87,"thr":0.21,"de":0.231,"flap":0,"pitch":1.8,"thC":1.9,"vs":-1.35,"wK":1,"y":85.8,"hP":85.9,"brake":0,"onG":0}
{"t":440.7,"ph":"FINAL","s":-1658,"agl":70.2,"V":32.89,"Vc":32.87,"thr":0.21,"de":0.229,"flap":0,"pitch":1.7,"thC":1.9,"vs":-1.35,"wK":1,"y":85.5,"hP":85.5,"brake":0,"onG":0}
{"t":441,"ph":"FINAL","s":-1650,"agl":68.5,"V":32.87,"Vc":32.87,"thr":0.22,"de":0.226,"flap":0,"pitch":1.8,"thC":1.8,"vs":-1.36,"wK":1,"y":85.1,"hP":85.2,"brake":0,"onG":0}
{"t":441.2,"ph":"FINAL","s":-1642,"agl":68.6,"V":32.88,"Vc":32.87,"thr":0.21,"de":0.226,"flap":0,"pitch":1.8,"thC":1.8,"vs":-1.37,"wK":1,"y":84.7,"hP":84.8,"brake":0,"onG":0}
{"t":441.5,"ph":"FINAL","s":-1634,"agl":69,"V":32.89,"Vc":32.87,"thr":0.21,"de":0.226,"flap":0,"pitch":1.8,"thC":1.9,"vs":-1.38,"wK":1,"y":84.4,"hP":84.4,"brake":0,"onG":0}
{"t":441.8,"ph":"FINAL","s":-1626,"agl":69.1,"V":32.91,"Vc":32.87,"thr":0.21,"de":0.228,"flap":0,"pitch":1.8,"thC":2,"vs":-1.38,"wK":1,"y":84,"hP":84.1,"brake":0,"onG":0}
{"t":442,"ph":"FINAL","s":-1618,"agl":69.3,"V":32.94,"Vc":32.87,"thr":0.2,"de":0.23,"flap":0,"pitch":1.8,"thC":2,"vs":-1.37,"wK":1,"y":83.6,"hP":83.7,"brake":0,"onG":0}
{"t":442.3,"ph":"FINAL","s":-1610,"agl":69.3,"V":32.96,"Vc":32.87,"thr":0.19,"de":0.232,"flap":0,"pitch":1.8,"thC":2.1,"vs":-1.37,"wK":1,"y":83.3,"hP":83.3,"brake":0,"onG":0}
{"t":442.6,"ph":"FINAL","s":-1602,"agl":69.2,"V":32.97,"Vc":32.87,"thr":0.19,"de":0.233,"flap":0,"pitch":1.8,"thC":2.1,"vs":-1.37,"wK":1,"y":82.9,"hP":83,"brake":0,"onG":0}
{"t":442.8,"ph":"FINAL","s":-1594,"agl":69.3,"V":32.97,"Vc":32.87,"thr":0.19,"de":0.233,"flap":0,"pitch":1.8,"thC":2.1,"vs":-1.37,"wK":1,"y":82.5,"hP":82.6,"brake":0,"onG":0}
{"t":443.1,"ph":"FINAL","s":-1586,"agl":69.4,"V":32.97,"Vc":32.87,"thr":0.19,"de":0.231,"flap":0,"pitch":1.8,"thC":2.1,"vs":-1.37,"wK":1,"y":82.2,"hP":82.2,"brake":0,"onG":0}
{"t":443.4,"ph":"FINAL","s":-1578,"agl":69.1,"V":32.95,"Vc":32.87,"thr":0.2,"de":0.229,"flap":0,"pitch":1.8,"thC":2,"vs":-1.38,"wK":1,"y":81.8,"hP":81.9,"brake":0,"onG":0}
{"t":443.6,"ph":"FINAL","s":-1570,"agl":68.4,"V":32.93,"Vc":32.87,"thr":0.2,"de":0.228,"flap":0,"pitch":1.8,"thC":2,"vs":-1.39,"wK":1,"y":81.4,"hP":81.5,"brake":0,"onG":0}
{"t":443.9,"ph":"FINAL","s":-1562,"agl":68.1,"V":32.93,"Vc":32.87,"thr":0.2,"de":0.228,"flap":0,"pitch":1.9,"thC":2,"vs":-1.39,"wK":1,"y":81.1,"hP":81.2,"brake":0,"onG":0}
{"t":444.2,"ph":"FINAL","s":-1554,"agl":68.1,"V":32.94,"Vc":32.87,"thr":0.2,"de":0.229,"flap":0,"pitch":1.9,"thC":2,"vs":-1.39,"wK":1,"y":80.7,"hP":80.8,"brake":0,"onG":0}
{"t":444.4,"ph":"FINAL","s":-1547,"agl":68,"V":32.97,"Vc":32.87,"thr":0.19,"de":0.232,"flap":0,"pitch":1.9,"thC":2.1,"vs":-1.38,"wK":1,"y":80.3,"hP":80.4,"brake":0,"onG":0}
{"t":444.7,"ph":"FINAL","s":-1539,"agl":67.6,"V":32.99,"Vc":32.87,"thr":0.19,"de":0.234,"flap":0,"pitch":1.8,"thC":2.2,"vs":-1.37,"wK":1,"y":80,"hP":80.1,"brake":0,"onG":0}
{"t":445,"ph":"FINAL","s":-1531,"agl":67.2,"V":33,"Vc":32.87,"thr":0.18,"de":0.236,"flap":0,"pitch":1.8,"thC":2.2,"vs":-1.36,"wK":1,"y":79.6,"hP":79.7,"brake":0,"onG":0}
{"t":445.2,"ph":"FINAL","s":-1523,"agl":67.4,"V":33.06,"Vc":32.87,"thr":0.17,"de":0.239,"flap":0,"pitch":1.8,"thC":2.4,"vs":-1.35,"wK":1,"y":79.2,"hP":79.3,"brake":0,"onG":0}
{"t":445.5,"ph":"FINAL","s":-1515,"agl":67.9,"V":33.12,"Vc":32.87,"thr":0.15,"de":0.241,"flap":0,"pitch":1.8,"thC":2.6,"vs":-1.35,"wK":1,"y":78.9,"hP":79,"brake":0,"onG":0}
{"t":445.8,"ph":"FINAL","s":-1507,"agl":68,"V":33.15,"Vc":32.87,"thr":0.14,"de":0.242,"flap":0,"pitch":1.8,"thC":2.7,"vs":-1.35,"wK":1,"y":78.5,"hP":78.6,"brake":0,"onG":0}
{"t":446,"ph":"FINAL","s":-1499,"agl":67.8,"V":33.17,"Vc":32.87,"thr":0.14,"de":0.241,"flap":0,"pitch":1.8,"thC":2.7,"vs":-1.36,"wK":1,"y":78.2,"hP":78.2,"brake":0,"onG":0}
{"t":446.3,"ph":"FINAL","s":-1491,"agl":67.3,"V":33.18,"Vc":32.87,"thr":0.14,"de":0.241,"flap":0,"pitch":1.9,"thC":2.8,"vs":-1.36,"wK":1,"y":77.8,"hP":77.9,"brake":0,"onG":0}
{"t":446.6,"ph":"FINAL","s":-1483,"agl":66.7,"V":33.19,"Vc":32.87,"thr":0.13,"de":0.242,"flap":0,"pitch":1.9,"thC":2.8,"vs":-1.36,"wK":1,"y":77.4,"hP":77.5,"brake":0,"onG":0}
{"t":446.8,"ph":"FINAL","s":-1475,"agl":66,"V":33.21,"Vc":32.87,"thr":0.13,"de":0.244,"flap":0,"pitch":1.9,"thC":2.9,"vs":-1.35,"wK":1,"y":77.1,"hP":77.1,"brake":0,"onG":0}
{"t":447.1,"ph":"FINAL","s":-1467,"agl":65.2,"V":33.24,"Vc":32.87,"thr":0.12,"de":0.246,"flap":0,"pitch":1.9,"thC":3,"vs":-1.34,"wK":1,"y":76.7,"hP":76.8,"brake":0,"onG":0}
{"t":447.4,"ph":"FINAL","s":-1460,"agl":64.5,"V":33.26,"Vc":32.87,"thr":0.11,"de":0.249,"flap":0,"pitch":1.9,"thC":3,"vs":-1.33,"wK":1,"y":76.4,"hP":76.4,"brake":0,"onG":0}
{"t":447.6,"ph":"FINAL","s":-1452,"agl":64,"V":33.27,"Vc":32.87,"thr":0.11,"de":0.25,"flap":0,"pitch":1.9,"thC":3.1,"vs":-1.32,"wK":1,"y":76,"hP":76.1,"brake":0,"onG":0}
{"t":447.9,"ph":"FINAL","s":-1444,"agl":63.5,"V":33.27,"Vc":32.87,"thr":0.11,"de":0.25,"flap":0,"pitch":1.9,"thC":3.1,"vs":-1.32,"wK":1,"y":75.6,"hP":75.7,"brake":0,"onG":0}
{"t":448.2,"ph":"FINAL","s":-1436,"agl":63,"V":33.26,"Vc":32.87,"thr":0.11,"de":0.249,"flap":0,"pitch":1.9,"thC":3,"vs":-1.32,"wK":1,"y":75.3,"hP":75.3,"brake":0,"onG":0}
{"t":448.4,"ph":"FINAL","s":-1428,"agl":62.6,"V":33.24,"Vc":32.87,"thr":0.12,"de":0.248,"flap":0,"pitch":1.9,"thC":3,"vs":-1.32,"wK":1,"y":74.9,"hP":75,"brake":0,"onG":0}
{"t":448.7,"ph":"FINAL","s":-1421,"agl":62.1,"V":33.23,"Vc":32.87,"thr":0.12,"de":0.247,"flap":0,"pitch":2,"thC":3,"vs":-1.32,"wK":1,"y":74.6,"hP":74.6,"brake":0,"onG":0}
{"t":449,"ph":"FINAL","s":-1413,"agl":61.4,"V":33.23,"Vc":32.87,"thr":0.12,"de":0.247,"flap":0,"pitch":2,"thC":3,"vs":-1.32,"wK":1,"y":74.2,"hP":74.3,"brake":0,"onG":0}
{"t":449.2,"ph":"FINAL","s":-1405,"agl":60.8,"V":33.23,"Vc":32.87,"thr":0.12,"de":0.249,"flap":0,"pitch":2,"thC":3,"vs":-1.31,"wK":1,"y":73.9,"hP":73.9,"brake":0,"onG":0}
{"t":449.5,"ph":"FINAL","s":-1397,"agl":60.3,"V":33.25,"Vc":32.87,"thr":0.11,"de":0.251,"flap":0,"pitch":2,"thC":3.1,"vs":-1.29,"wK":1,"y":73.5,"hP":73.6,"brake":0,"onG":0}
{"t":449.8,"ph":"FINAL","s":-1390,"agl":60,"V":33.26,"Vc":32.87,"thr":0.11,"de":0.254,"flap":0,"pitch":2,"thC":3.1,"vs":-1.28,"wK":1,"y":73.2,"hP":73.2,"brake":0,"onG":0}
{"t":450,"ph":"FINAL","s":-1382,"agl":59.8,"V":33.27,"Vc":32.87,"thr":0.1,"de":0.255,"flap":0,"pitch":1.9,"thC":3.2,"vs":-1.26,"wK":1,"y":72.9,"hP":72.9,"brake":0,"onG":0}
{"t":450.3,"ph":"FINAL","s":-1374,"agl":59.5,"V":33.26,"Vc":32.87,"thr":0.1,"de":0.255,"flap":0,"pitch":1.9,"thC":3.1,"vs":-1.26,"wK":1,"y":72.5,"hP":72.5,"brake":0,"onG":0}
{"t":450.6,"ph":"FINAL","s":-1367,"agl":59,"V":33.24,"Vc":32.87,"thr":0.11,"de":0.253,"flap":0,"pitch":1.9,"thC":3.1,"vs":-1.26,"wK":1,"y":72.2,"hP":72.2,"brake":0,"onG":0}
{"t":450.8,"ph":"FINAL","s":-1359,"agl":58.4,"V":33.2,"Vc":32.87,"thr":0.12,"de":0.251,"flap":0,"pitch":1.9,"thC":3,"vs":-1.26,"wK":1,"y":71.9,"hP":71.8,"brake":0,"onG":0}
{"t":451.1,"ph":"FINAL","s":-1352,"agl":57.8,"V":33.17,"Vc":32.87,"thr":0.13,"de":0.248,"flap":0,"pitch":2,"thC":2.9,"vs":-1.27,"wK":1,"y":71.5,"hP":71.5,"brake":0,"onG":0}
{"t":451.4,"ph":"FINAL","s":-1344,"agl":57.2,"V":33.14,"Vc":32.87,"thr":0.13,"de":0.247,"flap":0,"pitch":2,"thC":2.9,"vs":-1.27,"wK":1,"y":71.2,"hP":71.1,"brake":0,"onG":0}
{"t":451.6,"ph":"FINAL","s":-1336,"agl":56.7,"V":33.13,"Vc":32.87,"thr":0.13,"de":0.247,"flap":0,"pitch":2.1,"thC":2.9,"vs":-1.27,"wK":1,"y":70.8,"hP":70.8,"brake":0,"onG":0}
{"t":451.9,"ph":"FINAL","s":-1329,"agl":56.3,"V":33.14,"Vc":32.87,"thr":0.13,"de":0.249,"flap":0,"pitch":2.1,"thC":2.9,"vs":-1.26,"wK":1,"y":70.5,"hP":70.4,"brake":0,"onG":0}
{"t":452.2,"ph":"FINAL","s":-1321,"agl":55.9,"V":33.14,"Vc":32.87,"thr":0.13,"de":0.251,"flap":0,"pitch":2.1,"thC":2.9,"vs":-1.25,"wK":1,"y":70.2,"hP":70.1,"brake":0,"onG":0}
{"t":452.4,"ph":"FINAL","s":-1314,"agl":55.5,"V":33.13,"Vc":32.87,"thr":0.13,"de":0.251,"flap":0,"pitch":2.1,"thC":2.9,"vs":-1.24,"wK":1,"y":69.8,"hP":69.7,"brake":0,"onG":0}
{"t":452.7,"ph":"FINAL","s":-1306,"agl":55,"V":33.11,"Vc":32.87,"thr":0.13,"de":0.251,"flap":0,"pitch":2.1,"thC":2.8,"vs":-1.23,"wK":1,"y":69.5,"hP":69.4,"brake":0,"onG":0}
{"t":453,"ph":"FINAL","s":-1299,"agl":54.4,"V":33.08,"Vc":32.87,"thr":0.14,"de":0.249,"flap":0,"pitch":2,"thC":2.7,"vs":-1.23,"wK":1,"y":69.2,"hP":69,"brake":0,"onG":0}
{"t":453.2,"ph":"FINAL","s":-1291,"agl":53.9,"V":33.05,"Vc":32.87,"thr":0.15,"de":0.248,"flap":0,"pitch":2,"thC":2.7,"vs":-1.23,"wK":1,"y":68.9,"hP":68.7,"brake":0,"onG":0}
{"t":453.5,"ph":"FINAL","s":-1284,"agl":53.5,"V":33.02,"Vc":32.87,"thr":0.15,"de":0.246,"flap":0,"pitch":2.1,"thC":2.6,"vs":-1.23,"wK":1,"y":68.5,"hP":68.3,"brake":0,"onG":0}
{"t":453.8,"ph":"FINAL","s":-1277,"agl":53.1,"V":33,"Vc":32.87,"thr":0.16,"de":0.245,"flap":0,"pitch":2.1,"thC":2.6,"vs":-1.24,"wK":1,"y":68.2,"hP":68,"brake":0,"onG":0}
{"t":454,"ph":"FINAL","s":-1269,"agl":52.6,"V":32.99,"Vc":32.87,"thr":0.16,"de":0.245,"flap":0,"pitch":2.1,"thC":2.6,"vs":-1.24,"wK":1,"y":67.9,"hP":67.7,"brake":0,"onG":0}
{"t":454.3,"ph":"FINAL","s":-1262,"agl":52,"V":32.99,"Vc":32.87,"thr":0.16,"de":0.246,"flap":0,"pitch":2.1,"thC":2.6,"vs":-1.23,"wK":1,"y":67.5,"hP":67.3,"brake":0,"onG":0}
{"t":454.6,"ph":"FINAL","s":-1254,"agl":51.3,"V":33,"Vc":32.87,"thr":0.15,"de":0.248,"flap":0,"pitch":2.1,"thC":2.6,"vs":-1.22,"wK":1,"y":67.2,"hP":67,"brake":0,"onG":0}
{"t":454.8,"ph":"FINAL","s":-1247,"agl":50.5,"V":33.01,"Vc":32.87,"thr":0.15,"de":0.25,"flap":0,"pitch":2.1,"thC":2.6,"vs":-1.21,"wK":1,"y":66.9,"hP":66.6,"brake":0,"onG":0}
{"t":455.1,"ph":"FINAL","s":-1239,"agl":49.8,"V":33,"Vc":32.87,"thr":0.15,"de":0.25,"flap":0,"pitch":2,"thC":2.6,"vs":-1.21,"wK":1,"y":66.6,"hP":66.3,"brake":0,"onG":0}
{"t":455.4,"ph":"FINAL","s":-1232,"agl":49.3,"V":32.99,"Vc":32.87,"thr":0.15,"de":0.25,"flap":0,"pitch":2,"thC":2.6,"vs":-1.21,"wK":1,"y":66.2,"hP":66,"brake":0,"onG":0}
{"t":455.6,"ph":"FINAL","s":-1225,"agl":49,"V":32.97,"Vc":32.87,"thr":0.16,"de":0.248,"flap":0,"pitch":2,"thC":2.5,"vs":-1.22,"wK":1,"y":65.9,"hP":65.6,"brake":0,"onG":0}
{"t":455.9,"ph":"FINAL","s":-1217,"agl":48.8,"V":32.94,"Vc":32.87,"thr":0.16,"de":0.245,"flap":0,"pitch":2,"thC":2.5,"vs":-1.23,"wK":1,"y":65.6,"hP":65.3,"brake":0,"onG":0}
{"t":456.2,"ph":"FINAL","s":-1210,"agl":48.8,"V":32.92,"Vc":32.87,"thr":0.17,"de":0.244,"flap":0,"pitch":2.1,"thC":2.4,"vs":-1.24,"wK":1,"y":65.3,"hP":64.9,"brake":0,"onG":0}
{"t":456.4,"ph":"FINAL","s":-1203,"agl":48.6,"V":32.91,"Vc":32.87,"thr":0.17,"de":0.243,"flap":0,"pitch":2.1,"thC":2.4,"vs":-1.25,"wK":1,"y":64.9,"hP":64.6,"brake":0,"onG":0}
{"t":456.7,"ph":"FINAL","s":-1195,"agl":48.1,"V":32.92,"Vc":32.87,"thr":0.17,"de":0.244,"flap":0,"pitch":2.1,"thC":2.5,"vs":-1.25,"wK":1,"y":64.6,"hP":64.3,"brake":0,"onG":0}
{"t":457,"ph":"FINAL","s":-1188,"agl":47.5,"V":32.93,"Vc":32.87,"thr":0.16,"de":0.246,"flap":0,"pitch":2.1,"thC":2.5,"vs":-1.24,"wK":1,"y":64.3,"hP":63.9,"brake":0,"onG":0}
{"t":457.2,"ph":"FINAL","s":-1181,"agl":47.1,"V":32.94,"Vc":32.87,"thr":0.16,"de":0.248,"flap":0,"pitch":2.1,"thC":2.6,"vs":-1.23,"wK":1,"y":63.9,"hP":63.6,"brake":0,"onG":0}
{"t":457.5,"ph":"FINAL","s":-1173,"agl":47.1,"V":32.96,"Vc":32.87,"thr":0.15,"de":0.25,"flap":0,"pitch":2.1,"thC":2.6,"vs":-1.23,"wK":1,"y":63.6,"hP":63.3,"brake":0,"onG":0}
{"t":457.8,"ph":"FINAL","s":-1166,"agl":46.9,"V":32.96,"Vc":32.87,"thr":0.15,"de":0.251,"flap":0,"pitch":2.1,"thC":2.6,"vs":-1.22,"wK":1,"y":63.3,"hP":62.9,"brake":0,"onG":0}
{"t":458,"ph":"FINAL","s":-1159,"agl":46.5,"V":32.95,"Vc":32.87,"thr":0.15,"de":0.25,"flap":0,"pitch":2.1,"thC":2.6,"vs":-1.23,"wK":1,"y":63,"hP":62.6,"brake":0,"onG":0}
{"t":458.3,"ph":"FINAL","s":-1151,"agl":46.2,"V":32.94,"Vc":32.87,"thr":0.16,"de":0.249,"flap":0,"pitch":2.1,"thC":2.5,"vs":-1.23,"wK":1,"y":62.6,"hP":62.2,"brake":0,"onG":0}
{"t":458.6,"ph":"FINAL","s":-1144,"agl":46.1,"V":32.92,"Vc":32.87,"thr":0.16,"de":0.248,"flap":0,"pitch":2.1,"thC":2.5,"vs":-1.24,"wK":1,"y":62.3,"hP":61.9,"brake":0,"onG":0}
{"t":458.8,"ph":"FINAL","s":-1137,"agl":45.5,"V":32.92,"Vc":32.87,"thr":0.16,"de":0.247,"flap":0,"pitch":2.1,"thC":2.5,"vs":-1.25,"wK":1,"y":62,"hP":61.6,"brake":0,"onG":0}
{"t":459.1,"ph":"FINAL","s":-1130,"agl":44.7,"V":32.92,"Vc":32.87,"thr":0.16,"de":0.248,"flap":0,"pitch":2.1,"thC":2.5,"vs":-1.25,"wK":1,"y":61.6,"hP":61.2,"brake":0,"onG":0}
{"t":459.4,"ph":"FINAL","s":-1122,"agl":44.7,"V":32.94,"Vc":32.87,"thr":0.16,"de":0.25,"flap":0,"pitch":2.1,"thC":2.6,"vs":-1.24,"wK":1,"y":61.3,"hP":60.9,"brake":0,"onG":0}
{"t":459.6,"ph":"FINAL","s":-1115,"agl":45.4,"V":32.97,"Vc":32.87,"thr":0.15,"de":0.253,"flap":0,"pitch":2.1,"thC":2.7,"vs":-1.24,"wK":1,"y":61,"hP":60.6,"brake":0,"onG":0}
{"t":459.9,"ph":"FINAL","s":-1108,"agl":46.2,"V":32.96,"Vc":32.87,"thr":0.15,"de":0.253,"flap":0,"pitch":2.1,"thC":2.6,"vs":-1.23,"wK":1,"y":60.6,"hP":60.2,"brake":0,"onG":0}
{"t":460.2,"ph":"FINAL","s":-1101,"agl":46.3,"V":32.92,"Vc":32.87,"thr":0.16,"de":0.251,"flap":0,"pitch":2.1,"thC":2.5,"vs":-1.23,"wK":1,"y":60.3,"hP":59.9,"brake":0,"onG":0}
{"t":460.4,"ph":"FINAL","s":-1094,"agl":47,"V":32.89,"Vc":32.87,"thr":0.17,"de":0.249,"flap":0,"pitch":2,"thC":2.4,"vs":-1.23,"wK":1,"y":60,"hP":59.6,"brake":0,"onG":0}
{"t":460.7,"ph":"FINAL","s":-1086,"agl":47.3,"V":32.84,"Vc":32.87,"thr":0.18,"de":0.245,"flap":0,"pitch":2.1,"thC":2.3,"vs":-1.24,"wK":1,"y":59.7,"hP":59.3,"brake":0,"onG":0}
{"t":461,"ph":"FINAL","s":-1079,"agl":47.4,"V":32.8,"Vc":32.87,"thr":0.19,"de":0.242,"flap":0,"pitch":2.1,"thC":2.2,"vs":-1.25,"wK":1,"y":59.3,"hP":58.9,"brake":0,"onG":0}
{"t":461.2,"ph":"FINAL","s":-1072,"agl":47.6,"V":32.78,"Vc":32.87,"thr":0.2,"de":0.24,"flap":0,"pitch":2.1,"thC":2.1,"vs":-1.26,"wK":1,"y":59,"hP":58.6,"brake":0,"onG":0}
{"t":461.5,"ph":"FINAL","s":-1065,"agl":47.7,"V":32.76,"Vc":32.87,"thr":0.2,"de":0.24,"flap":0,"pitch":2.2,"thC":2.1,"vs":-1.26,"wK":1,"y":58.6,"hP":58.3,"brake":0,"onG":0}
{"t":461.8,"ph":"FINAL","s":-1058,"agl":47.8,"V":32.77,"Vc":32.87,"thr":0.2,"de":0.241,"flap":0,"pitch":2.2,"thC":2.1,"vs":-1.26,"wK":1,"y":58.3,"hP":57.9,"brake":0,"onG":0}
{"t":462,"ph":"FINAL","s":-1050,"agl":47.8,"V":32.78,"Vc":32.87,"thr":0.2,"de":0.243,"flap":0,"pitch":2.2,"thC":2.1,"vs":-1.25,"wK":1,"y":58,"hP":57.6,"brake":0,"onG":0}
{"t":462.3,"ph":"FINAL","s":-1043,"agl":47.9,"V":32.79,"Vc":32.87,"thr":0.19,"de":0.244,"flap":0,"pitch":2.2,"thC":2.2,"vs":-1.24,"wK":1,"y":57.6,"hP":57.3,"brake":0,"onG":0}
{"t":462.6,"ph":"FINAL","s":-1036,"agl":47.6,"V":32.79,"Vc":32.87,"thr":0.19,"de":0.245,"flap":0,"pitch":2.1,"thC":2.2,"vs":-1.23,"wK":1,"y":57.3,"hP":56.9,"brake":0,"onG":0}
{"t":462.8,"ph":"FINAL","s":-1029,"agl":47.1,"V":32.78,"Vc":32.87,"thr":0.19,"de":0.244,"flap":0,"pitch":2.1,"thC":2.1,"vs":-1.23,"wK":1,"y":57,"hP":56.6,"brake":0,"onG":0}
{"t":463.1,"ph":"FINAL","s":-1022,"agl":46.6,"V":32.76,"Vc":32.87,"thr":0.2,"de":0.243,"flap":0,"pitch":2.1,"thC":2.1,"vs":-1.23,"wK":1,"y":56.7,"hP":56.3,"brake":0,"onG":0}
{"t":463.4,"ph":"FINAL","s":-1014,"agl":46.4,"V":32.75,"Vc":32.87,"thr":0.2,"de":0.241,"flap":0,"pitch":2.1,"thC":2,"vs":-1.24,"wK":1,"y":56.3,"hP":55.9,"brake":0,"onG":0}
{"t":463.6,"ph":"FINAL","s":-1007,"agl":46.4,"V":32.73,"Vc":32.87,"thr":0.2,"de":0.24,"flap":0,"pitch":2.1,"thC":2,"vs":-1.25,"wK":1,"y":56,"hP":55.6,"brake":0,"onG":0}
{"t":463.9,"ph":"FINAL","s":-1000,"agl":46.4,"V":32.73,"Vc":32.87,"thr":0.21,"de":0.24,"flap":0,"pitch":2.1,"thC":2,"vs":-1.25,"wK":1,"y":55.7,"hP":55.3,"brake":0,"onG":0}
{"t":464.2,"ph":"FINAL","s":-993,"agl":46.3,"V":32.74,"Vc":32.87,"thr":0.2,"de":0.241,"flap":0,"pitch":2.1,"thC":2,"vs":-1.25,"wK":1,"y":55.3,"hP":55,"brake":0,"onG":0}
{"t":464.4,"ph":"FINAL","s":-986,"agl":46.2,"V":32.76,"Vc":32.87,"thr":0.2,"de":0.242,"flap":0,"pitch":2.1,"thC":2.1,"vs":-1.25,"wK":1,"y":55,"hP":54.6,"brake":0,"onG":0}
{"t":464.7,"ph":"FINAL","s":-978,"agl":45.9,"V":32.77,"Vc":32.87,"thr":0.2,"de":0.243,"flap":0,"pitch":2.1,"thC":2.1,"vs":-1.25,"wK":1,"y":54.7,"hP":54.3,"brake":0,"onG":0}
{"t":465,"ph":"FINAL","s":-971,"agl":45.7,"V":32.77,"Vc":32.87,"thr":0.2,"de":0.243,"flap":0,"pitch":2.1,"thC":2.1,"vs":-1.25,"wK":1,"y":54.3,"hP":54,"brake":0,"onG":0}
{"t":465.2,"ph":"FINAL","s":-964,"agl":45.8,"V":32.77,"Vc":32.87,"thr":0.2,"de":0.243,"flap":0,"pitch":2.1,"thC":2.1,"vs":-1.25,"wK":1,"y":54,"hP":53.6,"brake":0,"onG":0}
{"t":465.5,"ph":"FINAL","s":-957,"agl":46.3,"V":32.76,"Vc":32.87,"thr":0.2,"de":0.242,"flap":0,"pitch":2.1,"thC":2,"vs":-1.25,"wK":1,"y":53.7,"hP":53.3,"brake":0,"onG":0}
{"t":465.8,"ph":"FINAL","s":-950,"agl":47.1,"V":32.75,"Vc":32.87,"thr":0.2,"de":0.24,"flap":0,"pitch":2.1,"thC":2,"vs":-1.27,"wK":1,"y":53.3,"hP":53,"brake":0,"onG":0}
{"t":466,"ph":"FINAL","s":-943,"agl":47.9,"V":32.74,"Vc":32.87,"thr":0.21,"de":0.238,"flap":0,"pitch":2.1,"thC":2,"vs":-1.28,"wK":1,"y":53,"hP":52.6,"brake":0,"onG":0}
{"t":466.3,"ph":"FINAL","s":-935,"agl":51.6,"V":32.82,"Vc":32.87,"thr":0.19,"de":0.242,"flap":0,"pitch":2.2,"thC":2.3,"vs":-1.28,"wK":1,"y":52.7,"hP":52.3,"brake":0,"onG":0}
{"t":466.6,"ph":"FINAL","s":-928,"agl":51.2,"V":32.8,"Vc":32.87,"thr":0.19,"de":0.242,"flap":0,"pitch":2.2,"thC":2.2,"vs":-1.28,"wK":1,"y":52.3,"hP":52,"brake":0,"onG":0}
{"t":466.8,"ph":"FINAL","s":-921,"agl":50.9,"V":32.81,"Vc":32.87,"thr":0.19,"de":0.243,"flap":0,"pitch":2.2,"thC":2.2,"vs":-1.28,"wK":1,"y":52,"hP":51.6,"brake":0,"onG":0}
{"t":467.1,"ph":"FINAL","s":-914,"agl":50.5,"V":32.82,"Vc":32.87,"thr":0.19,"de":0.244,"flap":0,"pitch":2.2,"thC":2.2,"vs":-1.26,"wK":1,"y":51.6,"hP":51.3,"brake":0,"onG":0}
{"t":467.4,"ph":"FINAL","s":-907,"agl":50.2,"V":32.83,"Vc":32.87,"thr":0.18,"de":0.246,"flap":0,"pitch":2.2,"thC":2.2,"vs":-1.25,"wK":1,"y":51.3,"hP":51,"brake":0,"onG":0}
{"t":467.6,"ph":"FINAL","s":-899,"agl":49.9,"V":32.8,"Vc":32.87,"thr":0.19,"de":0.245,"flap":0,"pitch":2.1,"thC":2.1,"vs":-1.24,"wK":1,"y":51,"hP":50.7,"brake":0,"onG":0}
{"t":467.9,"ph":"FINAL","s":-892,"agl":49.5,"V":32.77,"Vc":32.87,"thr":0.2,"de":0.242,"flap":0,"pitch":2.1,"thC":2,"vs":-1.24,"wK":1,"y":50.6,"hP":50.3,"brake":0,"onG":0}
{"t":468.2,"ph":"FINAL","s":-885,"agl":49.2,"V":32.73,"Vc":32.87,"thr":0.21,"de":0.24,"flap":0,"pitch":2.1,"thC":1.9,"vs":-1.25,"wK":1,"y":50.3,"hP":50,"brake":0,"onG":0}
{"t":468.4,"ph":"FINAL","s":-878,"agl":48.9,"V":32.7,"Vc":32.87,"thr":0.22,"de":0.237,"flap":0,"pitch":2.1,"thC":1.8,"vs":-1.26,"wK":1,"y":50,"hP":49.7,"brake":0,"onG":0}
{"t":468.7,"ph":"FINAL","s":-871,"agl":48.5,"V":32.67,"Vc":32.87,"thr":0.23,"de":0.235,"flap":0,"pitch":2.1,"thC":1.7,"vs":-1.27,"wK":1,"y":49.6,"hP":49.3,"brake":0,"onG":0}
{"t":469,"ph":"FINAL","s":-864,"agl":48.2,"V":32.66,"Vc":32.87,"thr":0.23,"de":0.235,"flap":0,"pitch":2.1,"thC":1.7,"vs":-1.27,"wK":1,"y":49.3,"hP":49,"brake":0,"onG":0}
{"t":469.2,"ph":"FINAL","s":-856,"agl":47.9,"V":32.67,"Vc":32.87,"thr":0.23,"de":0.235,"flap":0,"pitch":2.1,"thC":1.7,"vs":-1.27,"wK":1,"y":49,"hP":48.7,"brake":0,"onG":0}
{"t":469.5,"ph":"FINAL","s":-849,"agl":47.5,"V":32.68,"Vc":32.87,"thr":0.23,"de":0.237,"flap":0,"pitch":2.1,"thC":1.7,"vs":-1.27,"wK":1,"y":48.6,"hP":48.3,"brake":0,"onG":0}
{"t":469.8,"ph":"FINAL","s":-842,"agl":47.2,"V":32.69,"Vc":32.87,"thr":0.22,"de":0.238,"flap":0,"pitch":2.1,"thC":1.7,"vs":-1.26,"wK":1,"y":48.3,"hP":48,"brake":0,"onG":0}
{"t":470,"ph":"FINAL","s":-835,"agl":46.8,"V":32.69,"Vc":32.87,"thr":0.22,"de":0.238,"flap":0,"pitch":2.1,"thC":1.7,"vs":-1.26,"wK":1,"y":47.9,"hP":47.7,"brake":0,"onG":0}
{"t":470.3,"ph":"FINAL","s":-828,"agl":46.5,"V":32.68,"Vc":32.87,"thr":0.23,"de":0.236,"flap":0,"pitch":2.1,"thC":1.7,"vs":-1.27,"wK":1,"y":47.6,"hP":47.3,"brake":0,"onG":0}
{"t":470.6,"ph":"FINAL","s":-820,"agl":46.2,"V":32.66,"Vc":32.87,"thr":0.23,"de":0.234,"flap":0,"pitch":2.1,"thC":1.6,"vs":-1.28,"wK":1,"y":47.3,"hP":47,"brake":0,"onG":0}
{"t":470.8,"ph":"FINAL","s":-813,"agl":45.8,"V":32.64,"Vc":32.87,"thr":0.24,"de":0.232,"flap":0,"pitch":2.1,"thC":1.6,"vs":-1.29,"wK":1,"y":46.9,"hP":46.7,"brake":0,"onG":0}
{"t":471.1,"ph":"FINAL","s":-806,"agl":45.5,"V":32.63,"Vc":32.87,"thr":0.24,"de":0.231,"flap":0,"pitch":2.1,"thC":1.6,"vs":-1.3,"wK":1,"y":46.6,"hP":46.3,"brake":0,"onG":0}
{"t":471.4,"ph":"FINAL","s":-799,"agl":45.1,"V":32.64,"Vc":32.87,"thr":0.24,"de":0.231,"flap":0,"pitch":2.1,"thC":1.6,"vs":-1.3,"wK":1,"y":46.2,"hP":46,"brake":0,"onG":0}
{"t":471.6,"ph":"FINAL","s":-791,"agl":44.8,"V":32.65,"Vc":32.87,"thr":0.24,"de":0.232,"flap":0,"pitch":2.1,"thC":1.6,"vs":-1.3,"wK":1,"y":45.9,"hP":45.7,"brake":0,"onG":0}
{"t":471.9,"ph":"FINAL","s":-784,"agl":44.4,"V":32.68,"Vc":32.87,"thr":0.23,"de":0.235,"flap":0,"pitch":2.1,"thC":1.7,"vs":-1.29,"wK":1,"y":45.5,"hP":45.3,"brake":0,"onG":0}
{"t":472.2,"ph":"FINAL","s":-777,"agl":44.1,"V":32.71,"Vc":32.87,"thr":0.22,"de":0.237,"flap":0,"pitch":2.1,"thC":1.7,"vs":-1.28,"wK":1,"y":45.2,"hP":45,"brake":0,"onG":0}
{"t":472.4,"ph":"FINAL","s":-769,"agl":43.8,"V":32.72,"Vc":32.87,"thr":0.22,"de":0.238,"flap":0,"pitch":2.1,"thC":1.8,"vs":-1.27,"wK":1,"y":44.9,"hP":44.7,"brake":0,"onG":0}
{"t":472.7,"ph":"FINAL","s":-762,"agl":43.4,"V":32.73,"Vc":32.87,"thr":0.22,"de":0.238,"flap":0,"pitch":2,"thC":1.8,"vs":-1.26,"wK":1,"y":44.5,"hP":44.3,"brake":0,"onG":0}
{"t":473,"ph":"FINAL","s":-755,"agl":43.1,"V":32.72,"Vc":32.87,"thr":0.22,"de":0.237,"flap":0,"pitch":2,"thC":1.7,"vs":-1.27,"wK":1,"y":44.2,"hP":44,"brake":0,"onG":0}
{"t":473.2,"ph":"FINAL","s":-748,"agl":42.8,"V":32.7,"Vc":32.87,"thr":0.22,"de":0.235,"flap":0,"pitch":2,"thC":1.7,"vs":-1.28,"wK":1,"y":43.8,"hP":43.7,"brake":0,"onG":0}
{"t":473.5,"ph":"FINAL","s":-740,"agl":42.4,"V":32.69,"Vc":32.87,"thr":0.23,"de":0.233,"flap":0,"pitch":2,"thC":1.6,"vs":-1.29,"wK":1,"y":43.5,"hP":43.3,"brake":0,"onG":0}
{"t":473.8,"ph":"FINAL","s":-733,"agl":42.1,"V":32.69,"Vc":32.87,"thr":0.23,"de":0.232,"flap":0,"pitch":2,"thC":1.6,"vs":-1.3,"wK":1,"y":43.2,"hP":43,"brake":0,"onG":0}
{"t":474,"ph":"FINAL","s":-726,"agl":41.7,"V":32.69,"Vc":32.87,"thr":0.23,"de":0.233,"flap":0,"pitch":2,"thC":1.6,"vs":-1.31,"wK":1,"y":42.8,"hP":42.7,"brake":0,"onG":0}
{"t":474.3,"ph":"FINAL","s":-718,"agl":41.4,"V":32.71,"Vc":32.87,"thr":0.23,"de":0.234,"flap":0,"pitch":2,"thC":1.7,"vs":-1.31,"wK":1,"y":42.5,"hP":42.3,"brake":0,"onG":0}
{"t":474.6,"ph":"FINAL","s":-711,"agl":41,"V":32.73,"Vc":32.87,"thr":0.22,"de":0.235,"flap":0,"pitch":2,"thC":1.7,"vs":-1.31,"wK":1,"y":42.1,"hP":42,"brake":0,"onG":0}
{"t":474.8,"ph":"FINAL","s":-704,"agl":40.7,"V":32.74,"Vc":32.87,"thr":0.22,"de":0.236,"flap":0,"pitch":2,"thC":1.8,"vs":-1.3,"wK":1,"y":41.8,"hP":41.6,"brake":0,"onG":0}
{"t":475.1,"ph":"FINAL","s":-696,"agl":40.3,"V":32.73,"Vc":32.87,"thr":0.22,"de":0.235,"flap":0,"pitch":2,"thC":1.7,"vs":-1.3,"wK":1,"y":41.4,"hP":41.3,"brake":0,"onG":0}
{"t":475.4,"ph":"FINAL","s":-689,"agl":40,"V":32.68,"Vc":32.87,"thr":0.24,"de":0.232,"flap":0,"pitch":2,"thC":1.5,"vs":-1.31,"wK":1,"y":41.1,"hP":41,"brake":0,"onG":0}
{"t":475.6,"ph":"FINAL","s":-682,"agl":39.6,"V":32.63,"Vc":32.87,"thr":0.25,"de":0.228,"flap":0,"pitch":2,"thC":1.4,"vs":-1.32,"wK":1,"y":40.7,"hP":40.6,"brake":0,"onG":0}
{"t":475.9,"ph":"FINAL","s":-674,"agl":39.3,"V":32.59,"Vc":32.87,"thr":0.26,"de":0.225,"flap":0,"pitch":2,"thC":1.2,"vs":-1.33,"wK":1,"y":40.4,"hP":40.3,"brake":0,"onG":0}
{"t":476.2,"ph":"FINAL","s":-667,"agl":38.9,"V":32.56,"Vc":32.87,"thr":0.27,"de":0.223,"flap":0,"pitch":2,"thC":1.1,"vs":-1.33,"wK":1,"y":40,"hP":40,"brake":0,"onG":0}
{"t":476.4,"ph":"FINAL","s":-659,"agl":38.6,"V":32.55,"Vc":32.87,"thr":0.27,"de":0.223,"flap":0,"pitch":2,"thC":1.1,"vs":-1.34,"wK":1,"y":39.7,"hP":39.6,"brake":0,"onG":0}
{"t":476.7,"ph":"FINAL","s":-652,"agl":38.2,"V":32.55,"Vc":32.87,"thr":0.27,"de":0.223,"flap":0,"pitch":2,"thC":1.1,"vs":-1.33,"wK":1,"y":39.3,"hP":39.3,"brake":0,"onG":0}
{"t":477,"ph":"FINAL","s":-645,"agl":37.9,"V":32.56,"Vc":32.87,"thr":0.27,"de":0.224,"flap":0,"pitch":2,"thC":1.1,"vs":-1.32,"wK":1,"y":39,"hP":38.9,"brake":0,"onG":0}
{"t":477.2,"ph":"FINAL","s":-637,"agl":37.5,"V":32.56,"Vc":32.87,"thr":0.27,"de":0.225,"flap":0,"pitch":2,"thC":1.1,"vs":-1.31,"wK":1,"y":38.6,"hP":38.6,"brake":0,"onG":0}
{"t":477.5,"ph":"FINAL","s":-630,"agl":37.2,"V":32.56,"Vc":32.87,"thr":0.27,"de":0.224,"flap":0,"pitch":2,"thC":1.1,"vs":-1.3,"wK":1,"y":38.3,"hP":38.2,"brake":0,"onG":0}
{"t":477.8,"ph":"FINAL","s":-622,"agl":36.8,"V":32.54,"Vc":32.87,"thr":0.28,"de":0.223,"flap":0,"pitch":1.9,"thC":1,"vs":-1.3,"wK":1,"y":37.9,"hP":37.9,"brake":0,"onG":0}
{"t":478,"ph":"FINAL","s":-615,"agl":36.5,"V":32.52,"Vc":32.87,"thr":0.28,"de":0.22,"flap":0,"pitch":1.9,"thC":0.9,"vs":-1.31,"wK":1,"y":37.6,"hP":37.6,"brake":0,"onG":0}
{"t":478.3,"ph":"FINAL","s":-607,"agl":36.1,"V":32.49,"Vc":32.87,"thr":0.29,"de":0.218,"flap":0,"pitch":1.9,"thC":0.8,"vs":-1.32,"wK":1,"y":37.2,"hP":37.2,"brake":0,"onG":0}
{"t":478.6,"ph":"FINAL","s":-600,"agl":35.8,"V":32.46,"Vc":32.87,"thr":0.3,"de":0.215,"flap":0,"pitch":1.9,"thC":0.7,"vs":-1.34,"wK":1,"y":36.9,"hP":36.9,"brake":0,"onG":0}
{"t":478.8,"ph":"FINAL","s":-592,"agl":35.4,"V":32.45,"Vc":32.87,"thr":0.3,"de":0.214,"flap":0,"pitch":1.9,"thC":0.7,"vs":-1.35,"wK":1,"y":36.5,"hP":36.5,"brake":0,"onG":0}
{"t":479.1,"ph":"FINAL","s":-584,"agl":35,"V":32.45,"Vc":32.87,"thr":0.3,"de":0.214,"flap":0,"pitch":2,"thC":0.7,"vs":-1.36,"wK":1,"y":36.1,"hP":36.2,"brake":0,"onG":0}
{"t":479.4,"ph":"FINAL","s":-577,"agl":34.7,"V":32.46,"Vc":32.87,"thr":0.3,"de":0.214,"flap":0,"pitch":1.9,"thC":0.7,"vs":-1.36,"wK":1,"y":35.8,"hP":35.8,"brake":0,"onG":0}
{"t":479.6,"ph":"FINAL","s":-569,"agl":34.3,"V":32.47,"Vc":32.87,"thr":0.3,"de":0.215,"flap":0,"pitch":1.9,"thC":0.7,"vs":-1.36,"wK":1,"y":35.4,"hP":35.5,"brake":0,"onG":0}
{"t":479.9,"ph":"FINAL","s":-561,"agl":34,"V":32.47,"Vc":32.87,"thr":0.3,"de":0.215,"flap":0,"pitch":1.9,"thC":0.7,"vs":-1.35,"wK":1,"y":35.1,"hP":35.1,"brake":0,"onG":0}
{"t":480.2,"ph":"FINAL","s":-554,"agl":33.6,"V":32.47,"Vc":32.87,"thr":0.3,"de":0.214,"flap":0,"pitch":1.9,"thC":0.6,"vs":-1.36,"wK":1,"y":34.7,"hP":34.7,"brake":0,"onG":0}
{"t":480.4,"ph":"FINAL","s":-546,"agl":33.2,"V":32.45,"Vc":32.87,"thr":0.3,"de":0.212,"flap":0,"pitch":1.9,"thC":0.5,"vs":-1.36,"wK":1,"y":34.3,"hP":34.4,"brake":0,"onG":0}
{"t":480.7,"ph":"FINAL","s":-538,"agl":32.9,"V":32.43,"Vc":32.87,"thr":0.31,"de":0.21,"flap":0,"pitch":1.9,"thC":0.5,"vs":-1.38,"wK":1,"y":34,"hP":34,"brake":0,"onG":0}
{"t":481,"ph":"FINAL","s":-530,"agl":32.5,"V":32.42,"Vc":32.87,"thr":0.31,"de":0.208,"flap":0,"pitch":1.9,"thC":0.4,"vs":-1.39,"wK":1,"y":33.6,"hP":33.7,"brake":0,"onG":0}
{"t":481.2,"ph":"FINAL","s":-523,"agl":32.1,"V":32.41,"Vc":32.87,"thr":0.32,"de":0.208,"flap":0,"pitch":1.9,"thC":0.4,"vs":-1.4,"wK":1,"y":33.2,"hP":33.3,"brake":0,"onG":0}
{"t":481.5,"ph":"FINAL","s":-515,"agl":31.8,"V":32.42,"Vc":32.87,"thr":0.32,"de":0.208,"flap":0,"pitch":1.8,"thC":0.4,"vs":-1.41,"wK":1,"y":32.8,"hP":33,"brake":0,"onG":0}
{"t":481.8,"ph":"FINAL","s":-507,"agl":31.4,"V":32.44,"Vc":32.87,"thr":0.31,"de":0.209,"flap":0,"pitch":1.8,"thC":0.4,"vs":-1.41,"wK":1,"y":32.5,"hP":32.6,"brake":0,"onG":0}
{"t":482,"ph":"FINAL","s":-499,"agl":31,"V":32.46,"Vc":32.87,"thr":0.31,"de":0.211,"flap":0,"pitch":1.8,"thC":0.5,"vs":-1.41,"wK":1,"y":32.1,"hP":32.2,"brake":0,"onG":0}
{"t":482.3,"ph":"FINAL","s":-491,"agl":30.6,"V":32.48,"Vc":32.87,"thr":0.3,"de":0.212,"flap":0,"pitch":1.7,"thC":0.5,"vs":-1.4,"wK":1,"y":31.7,"hP":31.9,"brake":0,"onG":0}
{"t":482.6,"ph":"FINAL","s":-483,"agl":30.3,"V":32.56,"Vc":32.87,"thr":0.28,"de":0.215,"flap":0,"pitch":1.7,"thC":0.7,"vs":-1.4,"wK":1,"y":31.3,"hP":31.5,"brake":0,"onG":0}
{"t":482.8,"ph":"FINAL","s":-475,"agl":29.9,"V":32.61,"Vc":32.87,"thr":0.27,"de":0.217,"flap":0,"pitch":1.7,"thC":0.9,"vs":-1.41,"wK":1,"y":31,"hP":31.1,"brake":0,"onG":0}
{"t":483.1,"ph":"FINAL","s":-467,"agl":29.5,"V":32.65,"Vc":32.87,"thr":0.26,"de":0.217,"flap":0,"pitch":1.7,"thC":1,"vs":-1.42,"wK":1,"y":30.6,"hP":30.8,"brake":0,"onG":0}
{"t":483.4,"ph":"FINAL","s":-459,"agl":29.1,"V":32.67,"Vc":32.87,"thr":0.26,"de":0.216,"flap":0,"pitch":1.7,"thC":1,"vs":-1.43,"wK":1,"y":30.2,"hP":30.4,"brake":0,"onG":0}
{"t":483.6,"ph":"FINAL","s":-451,"agl":28.7,"V":32.69,"Vc":32.87,"thr":0.26,"de":0.216,"flap":0,"pitch":1.7,"thC":1.1,"vs":-1.45,"wK":1,"y":29.8,"hP":30,"brake":0,"onG":0}
{"t":483.9,"ph":"FINAL","s":-443,"agl":28.3,"V":32.72,"Vc":32.87,"thr":0.25,"de":0.217,"flap":0,"pitch":1.7,"thC":1.2,"vs":-1.45,"wK":1,"y":29.4,"hP":29.7,"brake":0,"onG":0}
{"t":484.2,"ph":"FINAL","s":-435,"agl":28,"V":32.76,"Vc":32.87,"thr":0.24,"de":0.219,"flap":0,"pitch":1.7,"thC":1.2,"vs":-1.45,"wK":1,"y":29.1,"hP":29.3,"brake":0,"onG":0}
{"t":484.4,"ph":"FINAL","s":-427,"agl":27.6,"V":32.8,"Vc":32.87,"thr":0.23,"de":0.221,"flap":0,"pitch":1.7,"thC":1.3,"vs":-1.45,"wK":1,"y":28.7,"hP":28.9,"brake":0,"onG":0}
{"t":484.7,"ph":"FINAL","s":-419,"agl":27.2,"V":32.83,"Vc":32.87,"thr":0.23,"de":0.222,"flap":0,"pitch":1.7,"thC":1.4,"vs":-1.44,"wK":1,"y":28.3,"hP":28.5,"brake":0,"onG":0}
{"t":485,"ph":"FINAL","s":-411,"agl":26.8,"V":32.85,"Vc":32.87,"thr":0.22,"de":0.223,"flap":0,"pitch":1.7,"thC":1.4,"vs":-1.43,"wK":1,"y":27.9,"hP":28.2,"brake":0,"onG":0}
{"t":485.2,"ph":"FINAL","s":-403,"agl":26.4,"V":32.86,"Vc":32.87,"thr":0.22,"de":0.223,"flap":0,"pitch":1.7,"thC":1.4,"vs":-1.43,"wK":1,"y":27.5,"hP":27.8,"brake":0,"onG":0}
{"t":485.5,"ph":"FINAL","s":-394,"agl":26,"V":32.86,"Vc":32.87,"thr":0.22,"de":0.222,"flap":0,"pitch":1.7,"thC":1.4,"vs":-1.43,"wK":1,"y":27.1,"hP":27.4,"brake":0,"onG":0}
{"t":485.8,"ph":"FINAL","s":-386,"agl":25.7,"V":32.86,"Vc":32.87,"thr":0.22,"de":0.221,"flap":0,"pitch":1.7,"thC":1.4,"vs":-1.43,"wK":1,"y":26.8,"hP":27.1,"brake":0,"onG":0}
{"t":486,"ph":"FINAL","s":-378,"agl":25.3,"V":32.87,"Vc":32.87,"thr":0.22,"de":0.221,"flap":0,"pitch":1.7,"thC":1.4,"vs":-1.43,"wK":1,"y":26.4,"hP":26.7,"brake":0,"onG":0}
{"t":486.3,"ph":"FINAL","s":-370,"agl":24.9,"V":32.88,"Vc":32.87,"thr":0.22,"de":0.221,"flap":0,"pitch":1.7,"thC":1.4,"vs":-1.43,"wK":1,"y":26,"hP":26.3,"brake":0,"onG":0}
{"t":486.6,"ph":"FINAL","s":-362,"agl":24.5,"V":32.91,"Vc":32.87,"thr":0.21,"de":0.222,"flap":0,"pitch":1.7,"thC":1.5,"vs":-1.43,"wK":1,"y":25.6,"hP":25.9,"brake":0,"onG":0}
{"t":486.8,"ph":"FINAL","s":-354,"agl":24.1,"V":32.93,"Vc":32.87,"thr":0.2,"de":0.224,"flap":0,"pitch":1.7,"thC":1.6,"vs":-1.42,"wK":1,"y":25.2,"hP":25.6,"brake":0,"onG":0}
{"t":487.1,"ph":"FINAL","s":-346,"agl":23.8,"V":32.96,"Vc":32.87,"thr":0.2,"de":0.226,"flap":0,"pitch":1.7,"thC":1.6,"vs":-1.41,"wK":1,"y":24.8,"hP":25.2,"brake":0,"onG":0}
{"t":487.4,"ph":"FINAL","s":-337,"agl":23.4,"V":32.98,"Vc":32.87,"thr":0.19,"de":0.227,"flap":0,"pitch":1.6,"thC":1.6,"vs":-1.4,"wK":1,"y":24.5,"hP":24.8,"brake":0,"onG":0}
{"t":487.6,"ph":"FINAL","s":-329,"agl":20.4,"V":32.81,"Vc":32.87,"thr":0.24,"de":0.218,"flap":0,"pitch":1.6,"thC":1.1,"vs":-1.4,"wK":1,"y":24.1,"hP":24.4,"brake":0,"onG":0}
{"t":487.9,"ph":"FINAL","s":-321,"agl":17.1,"V":32.75,"Vc":32.87,"thr":0.25,"de":0.214,"flap":0,"pitch":1.6,"thC":0.9,"vs":-1.41,"wK":1,"y":23.7,"hP":24,"brake":0,"onG":0}
{"t":488.2,"ph":"FINAL","s":-313,"agl":13.8,"V":32.68,"Vc":32.87,"thr":0.27,"de":0.21,"flap":0,"pitch":1.6,"thC":0.6,"vs":-1.42,"wK":1,"y":23.3,"hP":23.7,"brake":0,"onG":0}
{"t":488.4,"ph":"FINAL","s":-305,"agl":10.7,"V":32.61,"Vc":32.87,"thr":0.29,"de":0.206,"flap":0,"pitch":1.6,"thC":0.4,"vs":-1.44,"wK":1,"y":23,"hP":23.3,"brake":0,"onG":0}
{"t":488.7,"ph":"FINAL","s":-296,"agl":8.1,"V":32.55,"Vc":32.87,"thr":0.3,"de":0.204,"flap":0,"pitch":1.6,"thC":0.3,"vs":-1.46,"wK":1,"y":22.6,"hP":22.9,"brake":0,"onG":0}
{"t":489,"ph":"FINAL","s":-288,"agl":6.2,"V":32.54,"Vc":32.87,"thr":0.31,"de":0.205,"flap":0,"pitch":1.6,"thC":0.3,"vs":-1.48,"wK":1,"y":22.2,"hP":22.5,"brake":0,"onG":0}
{"t":489.2,"ph":"FLARE","s":-280,"agl":5.1,"V":32.37,"Vc":null,"thr":0,"de":0.273,"flap":0,"pitch":1.2,"thC":null,"vs":-1.62,"wK":null,"y":21.8,"hP":null,"brake":0,"onG":0}
{"t":489.5,"ph":"FLARE","s":-271,"agl":4.3,"V":32.25,"Vc":null,"thr":0.11,"de":0.35,"flap":0,"pitch":1.1,"thC":null,"vs":-1.85,"wK":null,"y":21.3,"hP":null,"brake":0,"onG":0}
{"t":489.8,"ph":"FLARE","s":-263,"agl":3.8,"V":32.2,"Vc":null,"thr":0.12,"de":0.35,"flap":0,"pitch":2,"thC":null,"vs":-1.82,"wK":null,"y":20.8,"hP":null,"brake":0,"onG":0}
{"t":490,"ph":"FLARE","s":-255,"agl":3.2,"V":32.11,"Vc":null,"thr":0.12,"de":0.35,"flap":0,"pitch":3,"thC":null,"vs":-1.56,"wK":null,"y":20.4,"hP":null,"brake":0,"onG":0}
{"t":490.3,"ph":"FLARE","s":-247,"agl":2.7,"V":31.97,"Vc":null,"thr":0.12,"de":0.349,"flap":0,"pitch":3.5,"thC":null,"vs":-1.27,"wK":null,"y":20,"hP":null,"brake":0,"onG":0}
{"t":490.6,"ph":"FLARE","s":-239,"agl":2.2,"V":31.82,"Vc":null,"thr":0.12,"de":0.347,"flap":0,"pitch":3.6,"thC":null,"vs":-1.07,"wK":null,"y":19.7,"hP":null,"brake":0,"onG":0}
{"t":490.8,"ph":"FLARE","s":-230,"agl":1.7,"V":31.67,"Vc":null,"thr":0.12,"de":0.35,"flap":0,"pitch":3.6,"thC":null,"vs":-0.96,"wK":null,"y":19.4,"hP":null,"brake":0,"onG":0}
{"t":491.1,"ph":"FLARE","s":-222,"agl":1.3,"V":31.51,"Vc":null,"thr":0.12,"de":0.35,"flap":0,"pitch":3.6,"thC":null,"vs":-0.91,"wK":null,"y":19.2,"hP":null,"brake":0,"onG":0}
{"t":491.4,"ph":"FLARE","s":-214,"agl":0.9,"V":31.36,"Vc":null,"thr":0.12,"de":0.35,"flap":0,"pitch":3.5,"thC":null,"vs":-0.9,"wK":null,"y":18.9,"hP":null,"brake":0,"onG":0}
{"t":491.6,"ph":"FLARE","s":-206,"agl":0.5,"V":31.22,"Vc":null,"thr":0.12,"de":0.35,"flap":0,"pitch":3.3,"thC":null,"vs":-0.92,"wK":null,"y":18.7,"hP":null,"brake":0,"onG":0}
{"t":491.9,"ph":"FLARE","s":-198,"agl":0.1,"V":31.08,"Vc":null,"thr":0.12,"de":0.35,"flap":0,"pitch":2.9,"thC":null,"vs":-1,"wK":null,"y":18.4,"hP":null,"brake":0,"onG":0}
{"t":492.2,"ph":"ROLLOUT","s":-190,"agl":0,"V":30.77,"Vc":null,"thr":0,"de":0.35,"flap":0,"pitch":-0.6,"thC":null,"vs":1.08,"wK":null,"y":18.5,"hP":null,"brake":0,"onG":3}
{"t":492.4,"ph":"ROLLOUT","s":-182,"agl":0,"V":30.54,"Vc":null,"thr":0,"de":0.206,"flap":0,"pitch":0.6,"thC":null,"vs":0.5,"wK":null,"y":18.6,"hP":null,"brake":0,"onG":3}
{"t":492.7,"ph":"ROLLOUT","s":-174,"agl":0,"V":30.31,"Vc":null,"thr":0,"de":0.242,"flap":0,"pitch":1,"thC":null,"vs":0.37,"wK":null,"y":18.8,"hP":null,"brake":0,"onG":3}
{"t":493,"ph":"ROLLOUT","s":-166,"agl":0,"V":30.05,"Vc":null,"thr":0,"de":0.247,"flap":0,"pitch":0.4,"thC":null,"vs":0.7,"wK":null,"y":19,"hP":null,"brake":0,"onG":3}
{"t":493.2,"ph":"ROLLOUT","s":-158,"agl":0,"V":29.8,"Vc":null,"thr":0,"de":0.167,"flap":0,"pitch":0.9,"thC":null,"vs":0.68,"wK":null,"y":19.1,"hP":null,"brake":0,"onG":3}
{"t":493.5,"ph":"ROLLOUT","s":-151,"agl":0,"V":29.56,"Vc":null,"thr":0,"de":0.18,"flap":0,"pitch":0.6,"thC":null,"vs":0.68,"wK":null,"y":19.3,"hP":null,"brake":0,"onG":3}
{"t":493.8,"ph":"ROLLOUT","s":-143,"agl":0,"V":29.31,"Vc":null,"thr":0,"de":0.16,"flap":0,"pitch":0.8,"thC":null,"vs":0.7,"wK":null,"y":19.5,"hP":null,"brake":0,"onG":3}
{"t":494,"ph":"ROLLOUT","s":-135,"agl":0,"V":29.08,"Vc":null,"thr":0,"de":0.171,"flap":0,"pitch":0.8,"thC":null,"vs":0.73,"wK":null,"y":19.7,"hP":null,"brake":0,"onG":3}
{"t":494.3,"ph":"ROLLOUT","s":-128,"agl":0,"V":28.86,"Vc":null,"thr":0,"de":0.163,"flap":0,"pitch":0.9,"thC":null,"vs":0.75,"wK":null,"y":19.9,"hP":null,"brake":0,"onG":3}
{"t":494.6,"ph":"ROLLOUT","s":-120,"agl":0,"V":28.64,"Vc":null,"thr":0,"de":0.16,"flap":0,"pitch":0.9,"thC":null,"vs":0.99,"wK":null,"y":20.1,"hP":null,"brake":0,"onG":3}
{"t":494.8,"ph":"ROLLOUT","s":-113,"agl":0.1,"V":28.44,"Vc":null,"thr":0,"de":0.059,"flap":0,"pitch":2.7,"thC":null,"vs":1.42,"wK":null,"y":20.5,"hP":null,"brake":0,"onG":0}
{"t":495.1,"ph":"ROLLOUT","s":-106,"agl":0.4,"V":28.26,"Vc":null,"thr":0,"de":0.124,"flap":0,"pitch":3.1,"thC":null,"vs":0.25,"wK":null,"y":20.8,"hP":null,"brake":0,"onG":0}
{"t":495.4,"ph":"ROLLOUT","s":-98,"agl":0,"V":28.03,"Vc":null,"thr":0,"de":0.213,"flap":0,"pitch":2.1,"thC":null,"vs":-0.27,"wK":null,"y":20.7,"hP":null,"brake":0,"onG":3}
{"t":495.6,"ph":"ROLLOUT","s":-91,"agl":0,"V":27.75,"Vc":null,"thr":0,"de":0.245,"flap":0,"pitch":0.2,"thC":null,"vs":1,"wK":null,"y":21,"hP":null,"brake":0,"onG":1}
{"t":495.9,"ph":"ROLLOUT","s":-84,"agl":0,"V":27.51,"Vc":null,"thr":0,"de":0.095,"flap":0,"pitch":1.4,"thC":null,"vs":1.29,"wK":null,"y":21.2,"hP":null,"brake":0,"onG":3}
{"t":496.2,"ph":"ROLLOUT","s":-77,"agl":0,"V":27.29,"Vc":null,"thr":0,"de":0.137,"flap":0,"pitch":1.6,"thC":null,"vs":0.81,"wK":null,"y":21.5,"hP":null,"brake":0,"onG":3}
{"t":496.4,"ph":"ROLLOUT","s":-70,"agl":0,"V":27.07,"Vc":null,"thr":0,"de":0.172,"flap":0,"pitch":1.2,"thC":null,"vs":0.95,"wK":null,"y":21.8,"hP":null,"brake":0,"onG":3}
{"t":496.7,"ph":"ROLLOUT","s":-63,"agl":0,"V":26.85,"Vc":null,"thr":0,"de":0.153,"flap":0,"pitch":1.5,"thC":null,"vs":1,"wK":null,"y":22,"hP":null,"brake":0,"onG":3}
{"t":497,"ph":"ROLLOUT","s":-56,"agl":0,"V":26.65,"Vc":null,"thr":0,"de":0.167,"flap":0,"pitch":1.4,"thC":null,"vs":0.96,"wK":null,"y":22.3,"hP":null,"brake":0,"onG":3}
{"t":497.2,"ph":"ROLLOUT","s":-49,"agl":0,"V":26.44,"Vc":null,"thr":0,"de":0.158,"flap":0,"pitch":1.4,"thC":null,"vs":0.93,"wK":null,"y":22.5,"hP":null,"brake":0,"onG":3}
{"t":497.5,"ph":"ROLLOUT","s":-42,"agl":0,"V":26.23,"Vc":null,"thr":0,"de":0.163,"flap":0,"pitch":1.3,"thC":null,"vs":0.92,"wK":null,"y":22.8,"hP":null,"brake":0,"onG":3}
{"t":497.8,"ph":"ROLLOUT","s":-35,"agl":0,"V":26.01,"Vc":null,"thr":0,"de":0.159,"flap":0,"pitch":1.3,"thC":null,"vs":0.92,"wK":null,"y":23,"hP":null,"brake":0,"onG":3}
{"t":498,"ph":"ROLLOUT","s":-29,"agl":0,"V":25.79,"Vc":null,"thr":0,"de":0.161,"flap":0,"pitch":1.3,"thC":null,"vs":0.91,"wK":null,"y":23.3,"hP":null,"brake":0,"onG":3}
{"t":498.3,"ph":"ROLLOUT","s":-22,"agl":0,"V":25.57,"Vc":null,"thr":0,"de":0.161,"flap":0,"pitch":1.3,"thC":null,"vs":0.9,"wK":null,"y":23.5,"hP":null,"brake":0,"onG":3}
{"t":498.6,"ph":"ROLLOUT","s":-15,"agl":0,"V":25.35,"Vc":null,"thr":0,"de":0.161,"flap":0,"pitch":1.3,"thC":null,"vs":0.9,"wK":null,"y":23.8,"hP":null,"brake":0,"onG":3}
{"t":498.8,"ph":"ROLLOUT","s":-9,"agl":0,"V":25.14,"Vc":null,"thr":0,"de":0.161,"flap":0,"pitch":1.3,"thC":null,"vs":0.89,"wK":null,"y":24,"hP":null,"brake":0,"onG":3}
{"t":499.1,"ph":"ROLLOUT","s":-2,"agl":0,"V":24.94,"Vc":null,"thr":0,"de":0.161,"flap":0,"pitch":1.3,"thC":null,"vs":0.88,"wK":null,"y":24.2,"hP":null,"brake":0,"onG":3}
{"t":499.4,"ph":"ROLLOUT","s":4,"agl":0,"V":24.76,"Vc":null,"thr":0,"de":0.161,"flap":0,"pitch":1.3,"thC":null,"vs":0.87,"wK":null,"y":24.5,"hP":null,"brake":0,"onG":3}
{"t":499.6,"ph":"ROLLOUT","s":10,"agl":0,"V":24.57,"Vc":null,"thr":0,"de":0.161,"flap":0,"pitch":1.3,"thC":null,"vs":0.87,"wK":null,"y":24.7,"hP":null,"brake":0,"onG":3}
{"t":499.9,"ph":"ROLLOUT","s":17,"agl":0,"V":24.38,"Vc":null,"thr":0,"de":0.162,"flap":0,"pitch":1.3,"thC":null,"vs":0.86,"wK":null,"y":24.9,"hP":null,"brake":0,"onG":3}
{"t":500.2,"ph":"ROLLOUT","s":23,"agl":0,"V":24.19,"Vc":null,"thr":0,"de":0.161,"flap":0,"pitch":1.3,"thC":null,"vs":0.85,"wK":null,"y":25.2,"hP":null,"brake":0,"onG":3}
{"t":500.4,"ph":"ROLLOUT","s":29,"agl":0,"V":23.99,"Vc":null,"thr":0,"de":0.162,"flap":0,"pitch":1.3,"thC":null,"vs":0.84,"wK":null,"y":25.4,"hP":null,"brake":0,"onG":3}
{"t":500.7,"ph":"ROLLOUT","s":35,"agl":0,"V":23.79,"Vc":null,"thr":0,"de":0.162,"flap":0,"pitch":1.3,"thC":null,"vs":0.84,"wK":null,"y":25.6,"hP":null,"brake":0,"onG":3}
{"t":501,"ph":"ROLLOUT","s":42,"agl":0,"V":23.59,"Vc":null,"thr":0,"de":0.162,"flap":0,"pitch":1.3,"thC":null,"vs":0.83,"wK":null,"y":25.8,"hP":null,"brake":0,"onG":3}
{"t":501.2,"ph":"ROLLOUT","s":48,"agl":0,"V":23.39,"Vc":null,"thr":0,"de":0.162,"flap":0,"pitch":1.3,"thC":null,"vs":0.82,"wK":null,"y":26.1,"hP":null,"brake":0,"onG":3}
{"t":501.5,"ph":"ROLLOUT","s":54,"agl":0,"V":23.21,"Vc":null,"thr":0,"de":0.162,"flap":0,"pitch":1.3,"thC":null,"vs":0.82,"wK":null,"y":26.3,"hP":null,"brake":0,"onG":3}
{"t":501.8,"ph":"ROLLOUT","s":60,"agl":0,"V":23.03,"Vc":null,"thr":0,"de":0.159,"flap":0,"pitch":1.3,"thC":null,"vs":0.83,"wK":null,"y":26.5,"hP":null,"brake":0,"onG":3}
{"t":502,"ph":"ROLLOUT","s":65,"agl":0,"V":22.85,"Vc":null,"thr":0,"de":0.159,"flap":0,"pitch":1.3,"thC":null,"vs":0.82,"wK":null,"y":26.7,"hP":null,"brake":0,"onG":3}
{"t":502.3,"ph":"ROLLOUT","s":71,"agl":0,"V":22.67,"Vc":null,"thr":0,"de":0.161,"flap":0,"pitch":1.3,"thC":null,"vs":0.82,"wK":null,"y":26.9,"hP":null,"brake":0,"onG":3}
{"t":502.6,"ph":"ROLLOUT","s":77,"agl":0,"V":22.48,"Vc":null,"thr":0,"de":0.162,"flap":0,"pitch":1.3,"thC":null,"vs":0.8,"wK":null,"y":27.1,"hP":null,"brake":0,"onG":3}
{"t":502.8,"ph":"ROLLOUT","s":83,"agl":0,"V":22.29,"Vc":null,"thr":0,"de":0.164,"flap":0,"pitch":1.3,"thC":null,"vs":0.78,"wK":null,"y":27.4,"hP":null,"brake":0,"onG":3}
{"t":503.1,"ph":"ROLLOUT","s":89,"agl":0,"V":22.09,"Vc":null,"thr":0,"de":0.165,"flap":0,"pitch":1.2,"thC":null,"vs":0.76,"wK":null,"y":27.6,"hP":null,"brake":0,"onG":3}
{"t":503.4,"ph":"ROLLOUT","s":94,"agl":0,"V":21.9,"Vc":null,"thr":0,"de":0.15,"flap":0,"pitch":1.1,"thC":null,"vs":0.73,"wK":null,"y":27.8,"hP":null,"brake":0.02,"onG":3}
{"t":503.6,"ph":"ROLLOUT","s":100,"agl":0,"V":21.7,"Vc":null,"thr":0,"de":0.15,"flap":0,"pitch":1,"thC":null,"vs":0.7,"wK":null,"y":27.9,"hP":null,"brake":0.05,"onG":3}
{"t":503.9,"ph":"ROLLOUT","s":105,"agl":0,"V":21.5,"Vc":null,"thr":0,"de":0.15,"flap":0,"pitch":0.9,"thC":null,"vs":0.65,"wK":null,"y":28.1,"hP":null,"brake":0.08,"onG":3}
{"t":504.2,"ph":"ROLLOUT","s":111,"agl":0,"V":21.29,"Vc":null,"thr":0,"de":0.15,"flap":0,"pitch":0.8,"thC":null,"vs":0.61,"wK":null,"y":28.3,"hP":null,"brake":0.11,"onG":3}
{"t":504.4,"ph":"ROLLOUT","s":116,"agl":0,"V":21.08,"Vc":null,"thr":0,"de":0.15,"flap":0,"pitch":0.7,"thC":null,"vs":0.58,"wK":null,"y":28.4,"hP":null,"brake":0.15,"onG":3}
{"t":504.7,"ph":"ROLLOUT","s":122,"agl":0,"V":20.86,"Vc":null,"thr":0,"de":0.15,"flap":0,"pitch":0.6,"thC":null,"vs":0.55,"wK":null,"y":28.6,"hP":null,"brake":0.18,"onG":3}
{"t":505,"ph":"ROLLOUT","s":127,"agl":0,"V":20.61,"Vc":null,"thr":0,"de":0.15,"flap":0,"pitch":0.6,"thC":null,"vs":0.52,"wK":null,"y":28.7,"hP":null,"brake":0.21,"onG":3}
{"t":505.2,"ph":"ROLLOUT","s":132,"agl":0,"V":20.35,"Vc":null,"thr":0,"de":0.15,"flap":0,"pitch":0.5,"thC":null,"vs":0.5,"wK":null,"y":28.9,"hP":null,"brake":0.24,"onG":3}
{"t":505.5,"ph":"ROLLOUT","s":137,"agl":0,"V":20.07,"Vc":null,"thr":0,"de":0.15,"flap":0,"pitch":0.4,"thC":null,"vs":0.49,"wK":null,"y":29,"hP":null,"brake":0.27,"onG":3}
{"t":505.8,"ph":"ROLLOUT","s":142,"agl":0,"V":19.77,"Vc":null,"thr":0,"de":0.15,"flap":0,"pitch":0.4,"thC":null,"vs":0.47,"wK":null,"y":29.1,"hP":null,"brake":0.3,"onG":3}
{"t":506,"ph":"ROLLOUT","s":147,"agl":0,"V":19.47,"Vc":null,"thr":0,"de":0.15,"flap":0,"pitch":0.3,"thC":null,"vs":0.46,"wK":null,"y":29.3,"hP":null,"brake":0.3,"onG":3}
{"t":506.3,"ph":"ROLLOUT","s":152,"agl":0,"V":19.18,"Vc":null,"thr":0,"de":0.15,"flap":0,"pitch":0.3,"thC":null,"vs":0.44,"wK":null,"y":29.4,"hP":null,"brake":0.3,"onG":3}
{"t":506.6,"ph":"ROLLOUT","s":157,"agl":0,"V":18.9,"Vc":null,"thr":0,"de":0.15,"flap":0,"pitch":0.3,"thC":null,"vs":0.42,"wK":null,"y":29.5,"hP":null,"brake":0.3,"onG":3}
{"t":506.8,"ph":"ROLLOUT","s":162,"agl":0,"V":18.62,"Vc":null,"thr":0,"de":0.15,"flap":0,"pitch":0.2,"thC":null,"vs":0.38,"wK":null,"y":29.6,"hP":null,"brake":0.3,"onG":3}
{"t":507.1,"ph":"ROLLOUT","s":167,"agl":0,"V":18.34,"Vc":null,"thr":0,"de":0.15,"flap":0,"pitch":0.1,"thC":null,"vs":0.37,"wK":null,"y":29.7,"hP":null,"brake":0.3,"onG":3}
{"t":507.4,"ph":"ROLLOUT","s":171,"agl":0,"V":18.06,"Vc":null,"thr":0,"de":0.15,"flap":0,"pitch":0.1,"thC":null,"vs":0.36,"wK":null,"y":29.8,"hP":null,"brake":0.3,"onG":3}
{"t":507.6,"ph":"ROLLOUT","s":176,"agl":0,"V":17.76,"Vc":null,"thr":0,"de":0.15,"flap":0,"pitch":0,"thC":null,"vs":0.34,"wK":null,"y":29.9,"hP":null,"brake":0.3,"onG":3}
{"t":507.9,"ph":"ROLLOUT","s":180,"agl":0,"V":17.47,"Vc":null,"thr":0,"de":0.15,"flap":0,"pitch":0,"thC":null,"vs":0.32,"wK":null,"y":30,"hP":null,"brake":0.3,"onG":3}
{"t":508.2,"ph":"ROLLOUT","s":185,"agl":0,"V":17.17,"Vc":null,"thr":0,"de":0.15,"flap":0,"pitch":0,"thC":null,"vs":0.31,"wK":null,"y":30.1,"hP":null,"brake":0.3,"onG":3}
{"t":508.4,"ph":"ROLLOUT","s":189,"agl":0,"V":16.87,"Vc":null,"thr":0,"de":0.15,"flap":0,"pitch":0,"thC":null,"vs":0.31,"wK":null,"y":30.2,"hP":null,"brake":0.3,"onG":3}
{"t":508.7,"ph":"ROLLOUT","s":193,"agl":0,"V":16.59,"Vc":null,"thr":0,"de":0.15,"flap":0,"pitch":0,"thC":null,"vs":0.3,"wK":null,"y":30.2,"hP":null,"brake":0.3,"onG":3}
{"t":509,"ph":"ROLLOUT","s":197,"agl":0,"V":16.31,"Vc":null,"thr":0,"de":0.15,"flap":0,"pitch":0,"thC":null,"vs":0.3,"wK":null,"y":30.3,"hP":null,"brake":0.3,"onG":3}
{"t":509.2,"ph":"ROLLOUT","s":202,"agl":0,"V":16.04,"Vc":null,"thr":0,"de":0.15,"flap":0,"pitch":0,"thC":null,"vs":0.3,"wK":null,"y":30.4,"hP":null,"brake":0.3,"onG":3}
{"t":509.5,"ph":"ROLLOUT","s":206,"agl":0,"V":15.77,"Vc":null,"thr":0,"de":0.15,"flap":0,"pitch":0,"thC":null,"vs":0.29,"wK":null,"y":30.5,"hP":null,"brake":0.3,"onG":3}
{"t":509.8,"ph":"ROLLOUT","s":209,"agl":0,"V":15.5,"Vc":null,"thr":0,"de":0.15,"flap":0,"pitch":0,"thC":null,"vs":0.3,"wK":null,"y":30.6,"hP":null,"brake":0.3,"onG":3}
{"t":510,"ph":"ROLLOUT","s":213,"agl":0,"V":15.21,"Vc":null,"thr":0,"de":0.15,"flap":0,"pitch":0,"thC":null,"vs":0.29,"wK":null,"y":30.6,"hP":null,"brake":0.3,"onG":3}
{"t":510.3,"ph":"ROLLOUT","s":217,"agl":0,"V":14.92,"Vc":null,"thr":0,"de":0.15,"flap":0,"pitch":0,"thC":null,"vs":0.28,"wK":null,"y":30.7,"hP":null,"brake":0.3,"onG":3}
{"t":510.6,"ph":"ROLLOUT","s":221,"agl":0,"V":14.63,"Vc":null,"thr":0,"de":0.15,"flap":0,"pitch":0,"thC":null,"vs":0.28,"wK":null,"y":30.8,"hP":null,"brake":0.3,"onG":3}
{"t":510.8,"ph":"ROLLOUT","s":224,"agl":0,"V":14.34,"Vc":null,"thr":0,"de":0.15,"flap":0,"pitch":0,"thC":null,"vs":0.27,"wK":null,"y":30.9,"hP":null,"brake":0.3,"onG":3}
{"t":511.1,"ph":"ROLLOUT","s":228,"agl":0,"V":14.05,"Vc":null,"thr":0,"de":0.15,"flap":0,"pitch":0,"thC":null,"vs":0.27,"wK":null,"y":30.9,"hP":null,"brake":0.3,"onG":3}
{"t":511.4,"ph":"ROLLOUT","s":232,"agl":0,"V":13.78,"Vc":null,"thr":0,"de":0.15,"flap":0,"pitch":0,"thC":null,"vs":0.26,"wK":null,"y":31,"hP":null,"brake":0.3,"onG":3}
{"t":511.6,"ph":"ROLLOUT","s":235,"agl":0,"V":13.51,"Vc":null,"thr":0,"de":0.15,"flap":0,"pitch":0,"thC":null,"vs":0.26,"wK":null,"y":31.1,"hP":null,"brake":0.3,"onG":3}
{"t":511.9,"ph":"ROLLOUT","s":238,"agl":0,"V":13.24,"Vc":null,"thr":0,"de":0.15,"flap":0,"pitch":0,"thC":null,"vs":0.25,"wK":null,"y":31.1,"hP":null,"brake":0.3,"onG":3}
{"t":512.2,"ph":"ROLLOUT","s":242,"agl":0,"V":12.97,"Vc":null,"thr":0,"de":0.15,"flap":0,"pitch":0,"thC":null,"vs":0.24,"wK":null,"y":31.2,"hP":null,"brake":0.3,"onG":3}
{"t":512.4,"ph":"ROLLOUT","s":245,"agl":0,"V":12.69,"Vc":null,"thr":0,"de":0.15,"flap":0,"pitch":0,"thC":null,"vs":0.24,"wK":null,"y":31.3,"hP":null,"brake":0.3,"onG":3}
{"t":512.7,"ph":"ROLLOUT","s":248,"agl":0,"V":12.4,"Vc":null,"thr":0,"de":0.15,"flap":0,"pitch":0,"thC":null,"vs":0.23,"wK":null,"y":31.3,"hP":null,"brake":0.3,"onG":3}
{"t":513,"ph":"ROLLOUT","s":251,"agl":0,"V":12.12,"Vc":null,"thr":0,"de":0.15,"flap":0,"pitch":-0.1,"thC":null,"vs":0.23,"wK":null,"y":31.4,"hP":null,"brake":0.3,"onG":3}
{"t":513.2,"ph":"ROLLOUT","s":254,"agl":0,"V":11.84,"Vc":null,"thr":0,"de":0.15,"flap":0,"pitch":-0.1,"thC":null,"vs":0.22,"wK":null,"y":31.4,"hP":null,"brake":0.3,"onG":3}
{"t":513.5,"ph":"ROLLOUT","s":257,"agl":0,"V":11.57,"Vc":null,"thr":0,"de":0.15,"flap":0,"pitch":-0.1,"thC":null,"vs":0.22,"wK":null,"y":31.5,"hP":null,"brake":0.3,"onG":3}
{"t":513.8,"ph":"ROLLOUT","s":260,"agl":0,"V":11.31,"Vc":null,"thr":0,"de":0.15,"flap":0,"pitch":-0.1,"thC":null,"vs":0.18,"wK":null,"y":31.6,"hP":null,"brake":0.3,"onG":3}
{"t":514,"ph":"ROLLOUT","s":262,"agl":0,"V":11.07,"Vc":null,"thr":0,"de":0.15,"flap":0,"pitch":-1.5,"thC":null,"vs":-0.09,"wK":null,"y":31.6,"hP":null,"brake":0.3,"onG":3}
{"t":514.3,"ph":"ROLLOUT","s":265,"agl":0,"V":10.83,"Vc":null,"thr":0,"de":0.15,"flap":0,"pitch":-1.6,"thC":null,"vs":0.05,"wK":null,"y":31.6,"hP":null,"brake":0.3,"onG":3}
{"t":514.6,"ph":"ROLLOUT","s":268,"agl":0,"V":10.56,"Vc":null,"thr":0,"de":0.15,"flap":0,"pitch":-0.8,"thC":null,"vs":0,"wK":null,"y":31.6,"hP":null,"brake":0.3,"onG":3}
{"t":514.8,"ph":"ROLLOUT","s":270,"agl":0,"V":10.3,"Vc":null,"thr":0,"de":0.15,"flap":0,"pitch":-1.6,"thC":null,"vs":0.01,"wK":null,"y":31.6,"hP":null,"brake":0.3,"onG":3}
{"t":515.1,"ph":"ROLLOUT","s":273,"agl":0,"V":10.03,"Vc":null,"thr":0,"de":0.15,"flap":0,"pitch":-0.7,"thC":null,"vs":0.08,"wK":null,"y":31.6,"hP":null,"brake":0.3,"onG":3}
{"t":515.4,"ph":"ROLLOUT","s":275,"agl":0,"V":9.73,"Vc":null,"thr":0,"de":0.15,"flap":0,"pitch":-0.5,"thC":null,"vs":0.12,"wK":null,"y":31.6,"hP":null,"brake":0.3,"onG":3}
{"t":515.6,"ph":"ROLLOUT","s":278,"agl":0,"V":9.46,"Vc":null,"thr":0,"de":0.15,"flap":0,"pitch":-0.2,"thC":null,"vs":0.2,"wK":null,"y":31.7,"hP":null,"brake":0.3,"onG":3}
{"t":515.9,"ph":"ROLLOUT","s":280,"agl":0,"V":9.18,"Vc":null,"thr":0,"de":0.15,"flap":0,"pitch":0.5,"thC":null,"vs":0.25,"wK":null,"y":31.7,"hP":null,"brake":0.3,"onG":3}
{"t":516.2,"ph":"ROLLOUT","s":282,"agl":0,"V":8.9,"Vc":null,"thr":0,"de":0.15,"flap":0,"pitch":0.8,"thC":null,"vs":0.31,"wK":null,"y":31.8,"hP":null,"brake":0.3,"onG":3}
{"t":516.4,"ph":"ROLLOUT","s":284,"agl":0,"V":8.6,"Vc":null,"thr":0,"de":0.15,"flap":0,"pitch":1.4,"thC":null,"vs":0.37,"wK":null,"y":31.9,"hP":null,"brake":0.3,"onG":3}
{"t":516.7,"ph":"ROLLOUT","s":286,"agl":0,"V":8.29,"Vc":null,"thr":0,"de":0.15,"flap":0,"pitch":1.9,"thC":null,"vs":0.42,"wK":null,"y":32,"hP":null,"brake":0.3,"onG":3}
{"t":517,"ph":"ROLLOUT","s":288,"agl":0,"V":7.98,"Vc":null,"thr":0,"de":0.15,"flap":0,"pitch":2.3,"thC":null,"vs":0.43,"wK":null,"y":32.1,"hP":null,"brake":0.3,"onG":3}
{"t":517.2,"ph":"ROLLOUT","s":290,"agl":0,"V":7.66,"Vc":null,"thr":0,"de":0.15,"flap":0,"pitch":2.3,"thC":null,"vs":0.42,"wK":null,"y":32.2,"hP":null,"brake":0.3,"onG":3}
{"t":517.5,"ph":"ROLLOUT","s":292,"agl":0,"V":7.34,"Vc":null,"thr":0,"de":0.15,"flap":0,"pitch":2.8,"thC":null,"vs":0.47,"wK":null,"y":32.3,"hP":null,"brake":0.3,"onG":3}
{"t":517.8,"ph":"ROLLOUT","s":293,"agl":0,"V":7.01,"Vc":null,"thr":0,"de":0.15,"flap":0,"pitch":3.2,"thC":null,"vs":0.47,"wK":null,"y":32.5,"hP":null,"brake":0.3,"onG":3}
{"t":518,"ph":"ROLLOUT","s":295,"agl":0,"V":6.69,"Vc":null,"thr":0,"de":0.15,"flap":0,"pitch":3.3,"thC":null,"vs":0.48,"wK":null,"y":32.6,"hP":null,"brake":0.3,"onG":3}
{"t":518.3,"ph":"ROLLOUT","s":296,"agl":0,"V":6.38,"Vc":null,"thr":0,"de":0.15,"flap":0,"pitch":3.8,"thC":null,"vs":0.48,"wK":null,"y":32.7,"hP":null,"brake":0.3,"onG":3}
{"t":518.6,"ph":"ROLLOUT","s":298,"agl":0,"V":6.07,"Vc":null,"thr":0,"de":0.15,"flap":0,"pitch":4,"thC":null,"vs":0.47,"wK":null,"y":32.8,"hP":null,"brake":0.3,"onG":3}
{"t":518.8,"ph":"ROLLOUT","s":299,"agl":0,"V":5.77,"Vc":null,"thr":0,"de":0.15,"flap":0,"pitch":4.2,"thC":null,"vs":0.47,"wK":null,"y":33,"hP":null,"brake":0.3,"onG":3}
{"t":519.1,"ph":"ROLLOUT","s":300,"agl":0,"V":5.46,"Vc":null,"thr":0,"de":0.15,"flap":0,"pitch":4.5,"thC":null,"vs":0.45,"wK":null,"y":33.1,"hP":null,"brake":0.3,"onG":3}
{"t":519.4,"ph":"ROLLOUT","s":302,"agl":0,"V":5.15,"Vc":null,"thr":0,"de":0.15,"flap":0,"pitch":4.7,"thC":null,"vs":0.44,"wK":null,"y":33.2,"hP":null,"brake":0.3,"onG":3}
{"t":519.6,"ph":"ROLLOUT","s":303,"agl":0,"V":4.82,"Vc":null,"thr":0,"de":0.15,"flap":0,"pitch":4.9,"thC":null,"vs":0.42,"wK":null,"y":33.3,"hP":null,"brake":0.3,"onG":3}
{"t":519.9,"ph":"ROLLOUT","s":304,"agl":0,"V":4.49,"Vc":null,"thr":0,"de":0.15,"flap":0,"pitch":5,"thC":null,"vs":0.39,"wK":null,"y":33.4,"hP":null,"brake":0.3,"onG":3}
{"t":520.2,"ph":"ROLLOUT","s":305,"agl":0,"V":4.16,"Vc":null,"thr":0,"de":0.15,"flap":0,"pitch":5.2,"thC":null,"vs":0.37,"wK":null,"y":33.5,"hP":null,"brake":0.28,"onG":3}
{"t":520.4,"ph":"ROLLOUT","s":305,"agl":0,"V":3.86,"Vc":null,"thr":0,"de":0.15,"flap":0,"pitch":5.4,"thC":null,"vs":0.34,"wK":null,"y":33.6,"hP":null,"brake":0.23,"onG":3}
{"t":520.7,"ph":"ROLLOUT","s":306,"agl":0,"V":3.59,"Vc":null,"thr":0,"de":0.15,"flap":0,"pitch":5.5,"thC":null,"vs":0.32,"wK":null,"y":33.7,"hP":null,"brake":0.19,"onG":3}
{"t":521,"ph":"ROLLOUT","s":307,"agl":0,"V":3.35,"Vc":null,"thr":0,"de":0.15,"flap":0,"pitch":5.5,"thC":null,"vs":0.23,"wK":null,"y":33.8,"hP":null,"brake":0.16,"onG":3}
{"t":521.2,"ph":"ROLLOUT","s":308,"agl":0,"V":3.13,"Vc":null,"thr":0,"de":0.15,"flap":0,"pitch":4.3,"thC":null,"vs":0.22,"wK":null,"y":33.9,"hP":null,"brake":0.12,"onG":3}
{"t":521.5,"ph":"ROLLOUT","s":308,"agl":0,"V":2.94,"Vc":null,"thr":0,"de":0.15,"flap":0,"pitch":3.7,"thC":null,"vs":0.21,"wK":null,"y":33.9,"hP":null,"brake":0.09,"onG":3}
{"t":521.8,"ph":"ROLLOUT","s":309,"agl":0,"V":2.75,"Vc":null,"thr":0,"de":0.15,"flap":0,"pitch":3.4,"thC":null,"vs":0.18,"wK":null,"y":34,"hP":null,"brake":0.06,"onG":3}
{"t":522,"ph":"ROLLOUT","s":309,"agl":0,"V":2.58,"Vc":null,"thr":0,"de":0.15,"flap":0,"pitch":3.1,"thC":null,"vs":0.13,"wK":null,"y":34,"hP":null,"brake":0.04,"onG":3}
{"t":522.3,"ph":"ROLLOUT","s":310,"agl":0,"V":2.42,"Vc":null,"thr":0,"de":0.15,"flap":0,"pitch":3.4,"thC":null,"vs":0.11,"wK":null,"y":34,"hP":null,"brake":0.02,"onG":3}
{"t":522.6,"ph":"ROLLOUT","s":310,"agl":0,"V":2.28,"Vc":null,"thr":0,"de":0.15,"flap":0,"pitch":3.2,"thC":null,"vs":0.11,"wK":null,"y":34.1,"hP":null,"brake":0,"onG":3}
{"t":522.8,"ph":"ROLLOUT","s":310,"agl":0,"V":2.15,"Vc":null,"thr":0,"de":0.15,"flap":0,"pitch":3.2,"thC":null,"vs":0.11,"wK":null,"y":34.1,"hP":null,"brake":0,"onG":3}
{"t":523.1,"ph":"ROLLOUT","s":311,"agl":0,"V":2.03,"Vc":null,"thr":0,"de":0.15,"flap":0,"pitch":3.3,"thC":null,"vs":0.09,"wK":null,"y":34.1,"hP":null,"brake":0,"onG":3}
{"t":523.4,"ph":"ROLLOUT","s":311,"agl":0,"V":1.92,"Vc":null,"thr":0,"de":0.15,"flap":0,"pitch":3.2,"thC":null,"vs":0.08,"wK":null,"y":34.1,"hP":null,"brake":0,"onG":3}
{"t":523.6,"ph":"ROLLOUT","s":311,"agl":0,"V":1.81,"Vc":null,"thr":0,"de":0.15,"flap":0,"pitch":3.2,"thC":null,"vs":0.07,"wK":null,"y":34.2,"hP":null,"brake":0,"onG":3}
{"t":523.9,"ph":"ROLLOUT","s":312,"agl":0,"V":1.69,"Vc":null,"thr":0,"de":0.15,"flap":0,"pitch":3.2,"thC":null,"vs":0.06,"wK":null,"y":34.2,"hP":null,"brake":0,"onG":3}
{"t":524.2,"ph":"ROLLOUT","s":312,"agl":0,"V":1.56,"Vc":null,"thr":0,"de":0.15,"flap":0,"pitch":3.1,"thC":null,"vs":0.05,"wK":null,"y":34.2,"hP":null,"brake":0,"onG":3}
{"t":524.4,"ph":"ROLLOUT","s":312,"agl":0,"V":1.42,"Vc":null,"thr":0,"de":0.15,"flap":0,"pitch":3.2,"thC":null,"vs":0.04,"wK":null,"y":34.2,"hP":null,"brake":0,"onG":3}
{"t":524.7,"ph":"ROLLOUT","s":312,"agl":0,"V":1.29,"Vc":null,"thr":0,"de":0.15,"flap":0,"pitch":3.1,"thC":null,"vs":0.03,"wK":null,"y":34.2,"hP":null,"brake":0,"onG":3}
appr {"technique":"normal","Vref":28.9,"Vbase":28.8,"gust":0.1,"aimIn":62,"flap":0,"len":520,"surface":6,"runNeed":249,"gs":0.046,"reqGs":0.024}
landing {"run":509,"sink":1.01,"V":31.1,"offCentre":-0.1,"pastAim":0,"k":1,"three":false,"onStrip":false,"tdIn":63,"stopLeft":-52}
verdicts 183 vx-climb: ground ahead above the aeroplane — climbing at Vx 27.0 m/s until clear
  365.2 vref-raised: the elevator cannot hold 28.9 m/s at this power — flying the approach faster
  524.8 off-the-strip: touched 63 m in, stopped 52 m past the end of 520 m (0 m off the centreline)
strip w3 len 520 hdg 165; stopped s 312.1 (ends at +/-260)
damage {"y":0,"b":0,"dent":false,"crashed":false,"gPeak":2.4233383632089662}
