tools/flight_core.js (2315.2 KB), index.html (11541.9 KB), dev.html (108.0 KB) — syntax OK, build badfb0205028 (311 named inputs), 1656 ms
[run_gates] 0/11 jobs done · running DMGGEAR 30 s, DMGINST 30 s
[run_gates] 0/11 jobs done · running DMGGEAR 60 s, DMGINST 60 s
[run_gates] 0/11 jobs done · running DMGGEAR 90 s, DMGINST 90 s
[run_gates] 0/11 jobs done · running DMGGEAR 120 s, DMGINST 120 s
[run_gates] 0/11 jobs done · running DMGGEAR 150 s, DMGINST 150 s
[run_gates] 0/11 jobs done · running DMGGEAR 180 s, DMGINST 180 s
[run_gates] 0/11 jobs done · running DMGGEAR 210 s, DMGINST 210 s
[run_gates] 0/11 jobs done · running DMGGEAR 240 s, DMGINST 240 s
[run_gates] 0/11 jobs done · running DMGGEAR 270 s, DMGINST 270 s
[run_gates] 0/11 jobs done · running DMGGEAR 300 s, DMGINST 300 s
[run_gates] 0/11 jobs done · running DMGGEAR 330 s, DMGINST 330 s
[run_gates] 0/11 jobs done · running DMGGEAR 360 s, DMGINST 360 s
[run_gates] 0/11 jobs done · running DMGGEAR 390 s, DMGINST 390 s
[run_gates] 1/11 jobs done · running DMGGEAR 420 s, UISMOKE 5 s
[run_gates] 1/11 jobs done · running DMGGEAR 450 s, UISMOKE 35 s
[run_gates] 1/11 jobs done · running DMGGEAR 480 s, UISMOKE 65 s
[run_gates] 1/11 jobs done · running DMGGEAR 510 s, UISMOKE 95 s
[run_gates] 1/11 jobs done · running DMGGEAR 540 s, UISMOKE 125 s
[run_gates] 1/11 jobs done · running DMGGEAR 570 s, UISMOKE 155 s
[run_gates] 1/11 jobs done · running DMGGEAR 600 s, UISMOKE 186 s
[run_gates] 1/11 jobs done · running DMGGEAR 631 s, UISMOKE 216 s
[run_gates] 1/11 jobs done · running DMGGEAR 661 s, UISMOKE 246 s
=== UISMOKE ===
the loading screen: 24 steps in order, lifted on frame 0
the Fly button: no pulse untouched; touched, it pulses (an outline while it loads, lit when ready); reduced motion: a still ring
manual controls: a key flew it, the AP took it back in TAXI
honest readings: AGL 0.00 m standing, 40.00 m lifted 40 (the pilot's own datum read -0.05); IAS "13" at 12.9 km/h; fly on: a new leg in place (TAXI), not a reset
one To: taxiing kept, on a leg replan, stopped leg from apron HOME (the From derived), the aeroplane never moved
load test: HELD — limit 0.59% ultimate 0.88% of semispan
bench check: FLIES A CIRCUIT — 459 kg, climb 3.38 m/s, take-off 214 m
bench density altitude: DA 1614 m — 326 m take-off, 2.52 m/s climb on 83% power, service ceiling 5286 m
bench crosswind limit: the plaque row reads 2.0 m/s · roll 10.1 m · 13° off, and "> 10 m/s" above the cap
bench wing loading: HELD — limit 0.59% ultimate 0.88% of semispan
roll out reads the certificate, and is never locked
mode: workshop in the garage
editor panel bridge wired; width reaches the inset
garage -> roll out -> TAXI, mode: flight
skip to line-up: 120 m from the taxi to the hold, pilot in HOLD, the button stands down
rail fly: route / start / patterns / engines / controls - 12 rows, 4 pills
rail view: camera / instruments / map / trace / screen - 22 rows, 12 pills
rail sky: night / weather / clouds / ground - 6 rows, 2 pills
rail graphics: gfx.perf / gfx.light / gfx.terrain / gfx.water / gfx.sky / gfx.post / gfx.town - 33 rows, 106 pills
rail audio: sound - 13 rows, 0 pills
rail dev (behind the dev toggle): scenery / world / log / overlays - 4 rows, 3 pills (the covering hidden with #bSkin: no model on the stand here)
graphics: 36 rows and 112 pills flat, every one reached through the rail (7 folds + the map, the meter, the log)
the test mode: entered from DEV, the solver held 60 frames, its way out offered, left
the shed rail: 8 items (camera display night explode controls graphics audio legend), the clouds a fold of night, the graphics in folds
the seam holds: 22 flight ids, 20 workshop ids, 17 retired
G1090 the top bar holds one size over 47 texts (29 phase labels): desktop 440 x 143, desktop small 372 x 76, phone screen x 132, phone small screen x 76; the pilot's area 35 px, two lines clamped + the plan line
ran app block: raf x1877, handlers wired: _ce1002 _ce1011 _ce1015 _ce1019 _ce1027 _ce1030 _ce1039 _ce1043 _ce1047 _ce105 _ce1055 _ce1058 _ce1062 _ce1071 _ce1075 _ce1079 _ce1087 _ce1090 _ce1094 _ce1103 _ce1111 _ce1112 _ce1115 _ce1124 _ce1132 _ce1135 _ce1139 _ce1148 _ce1152 _ce1156 _ce116 _ce1164 _ce1167 _ce1176 _ce1180 _ce120 _ce124 _ce130 _ce135 _ce136 _ce138 _ce139 _ce140 _ce143 _ce147 _ce151 _ce155 _ce159 _ce163 _ce167 _ce173 _ce178 _ce184 _ce191 _ce192 _ce193 _ce194 _ce195 _ce196 _ce201 _ce202 _ce203 _ce204 _ce208 _ce209 _ce210 _ce211 _ce212 _ce213 _ce217 _ce218 _ce219 _ce220 _ce224 _ce225 _ce228 _ce232 _ce236 _ce240 _ce244 _ce248 _ce255 _ce265 _ce276 _ce282 _ce286 _ce292 _ce296 _ce300 _ce304 _ce308 _ce31 _ce316 _ce322 _ce325 _ce332 _ce333 _ce338 _ce341 _ce346 _ce347 _ce349 _ce350 _ce351 _ce354 _ce358 _ce362 _ce366 _ce372 _ce379 _ce383 _ce387 _ce391 _ce395 _ce399 _ce403 _ce407 _ce411 _ce415 _ce419 _ce425 _ce429 _ce433 _ce436 _ce442 _ce445 _ce446 _ce447 _ce450 _ce460 _ce461 _ce465 _ce468 _ce47 _ce473 _ce495 _ce501 _ce509 _ce510 _ce513 _ce520 _ce521 _ce522 _ce523 _ce524 _ce525 _ce530 _ce531 _ce532 _ce533 _ce537 _ce538 _ce539 _ce540 _ce541 _ce542 _ce546 _ce547 _ce548 _ce549 _ce553 _ce554 _ce557 _ce564 _ce565 _ce566 _ce567 _ce571 _ce572 _ce576 _ce577 _ce58 _ce581 _ce582 _ce583 _ce584 _ce585 _ce586 _ce59 _ce590 _ce591 _ce592 _ce593 _ce594 _ce595 _ce599 _ce60 _ce600 _ce604 _ce605 _ce607 _ce61 _ce614 _ce615 _ce616 _ce617 _ce62 _ce621 _ce622 _ce623 _ce624 _ce628 _ce629 _ce63 _ce630 _ce631 _ce635 _ce636 _ce637 _ce638 _ce64 _ce642 _ce643 _ce647 _ce648 _ce649 _ce65 _ce651 _ce658 _ce659 _ce663 _ce664 _ce666 _ce67 _ce673 _ce674 _ce675 _ce679 _ce680 _ce681 _ce682 _ce686 _ce687 _ce689 _ce696 _ce697 _ce698 _ce70 _ce702 _ce703 _ce704 _ce705 _ce709 _ce710 _ce711 _ce715 _ce716 _ce720 _ce721 _ce725 _ce726 _ce728 _ce73 _ce735 _ce736 _ce740 _ce741 _ce742 _ce746 _ce747 _ce751 _ce752 _ce755 _ce76 _ce761 _ce766 _ce770 _ce774 _ce778 _ce782 _ce786 _ce79 _ce790 _ce794 _ce798 _ce802 _ce806 _ce810 _ce813 _ce82 _ce821 _ce824 _ce833 _ce841 _ce842 _ce845 _ce85 _ce854 _ce859 _ce863 _ce869 _ce873 _ce878 _ce879 _ce88 _ce881 _ce882 _ce883 _ce886 _ce890 _ce894 _ce898 _ce902 _ce906 _ce91 _ce910 _ce914 _ce925 _ce929 _ce933 _ce94 _ce941 _ce947 _ce950 _ce954 _ce959 _ce97 _ce981 _ce987 _ce991 _ce999 bEdit bGo bHangar2 bLog bMood bPause bReset bSkin bSkip bWhy bootFly edClose flLine mm pfdFold selAc selCond selDest selPilot tabBench tabDesign
GATE UISMOKE: PASS
[run_gates] 2/11 jobs done · running DMGGEAR 691 s, LOAD 9 s
[run_gates] 2/11 jobs done · running DMGGEAR 721 s, LOAD 39 s
[run_gates] 2/11 jobs done · running DMGGEAR 751 s, LOAD 69 s
[run_gates] 2/11 jobs done · running DMGGEAR 781 s, LOAD 99 s
[run_gates] 2/11 jobs done · running DMGGEAR 811 s, LOAD 129 s
[run_gates] 2/11 jobs done · running DMGGEAR 841 s, LOAD 159 s
[run_gates] 2/11 jobs done · running DMGGEAR 871 s, LOAD 189 s
[run_gates] 2/11 jobs done · running DMGGEAR 901 s, LOAD 219 s
[run_gates] 2/11 jobs done · running DMGGEAR 931 s, LOAD 249 s
[run_gates] 2/11 jobs done · running DMGGEAR 961 s, LOAD 279 s
[run_gates] 2/11 jobs done · running DMGGEAR 991 s, LOAD 309 s
[run_gates] 2/11 jobs done · running DMGGEAR 1021 s, LOAD 339 s
[run_gates] 2/11 jobs done · running DMGGEAR 1051 s, LOAD 369 s
[run_gates] 2/11 jobs done · running DMGGEAR 1081 s, LOAD 399 s
[run_gates] 2/11 jobs done · running DMGGEAR 1111 s, LOAD 429 s
[run_gates] 2/11 jobs done · running DMGGEAR 1141 s, LOAD 459 s
[run_gates] 3/11 jobs done · running DMGGEAR 1171 s, BENCH 20 s
[run_gates] 3/11 jobs done · running DMGGEAR 1201 s, BENCH 50 s
[run_gates] 3/11 jobs done · running DMGGEAR 1231 s, BENCH 80 s
[run_gates] 5/11 jobs done · running DMGGEAR 1261 s, JOIN 1 s
[run_gates] 6/11 jobs done · running DMGGEAR 1291 s
[run_gates] 6/11 jobs done · running DMGGEAR 1321 s
[run_gates] 6/11 jobs done · running DMGGEAR 1351 s
[run_gates] 6/11 jobs done · running DMGGEAR 1381 s
[run_gates] 6/11 jobs done · running DMGGEAR 1411 s
[run_gates] 6/11 jobs done · running DMGGEAR 1441 s
[run_gates] 6/11 jobs done · running DMGGEAR 1471 s
[run_gates] 6/11 jobs done · running DMGGEAR 1501 s
[run_gates] 6/11 jobs done · running DMGGEAR 1531 s
[run_gates] 6/11 jobs done · running DMGGEAR 1561 s
[run_gates] 6/11 jobs done · running DMGGEAR 1591 s
[run_gates] 6/11 jobs done · running DMGGEAR 1621 s
[run_gates] 6/11 jobs done · running DMGGEAR 1651 s
[run_gates] 6/11 jobs done · running DMGGEAR 1681 s
[run_gates] 6/11 jobs done · running DMGGEAR 1712 s
[run_gates] 6/11 jobs done · running DMGGEAR 1742 s
[run_gates] 6/11 jobs done · running DMGGEAR 1772 s
[run_gates] 7/11 jobs done · running DMGWIND 2 s
[run_gates] 7/11 jobs done · running DMGWIND 32 s
[run_gates] 7/11 jobs done · running DMGWIND 62 s
[run_gates] 7/11 jobs done · running DMGWIND 92 s
[run_gates] 7/11 jobs done · running DMGWIND 122 s
[run_gates] 7/11 jobs done · running DMGWIND 152 s
[run_gates] 7/11 jobs done · running DMGWIND 182 s
[run_gates] 7/11 jobs done · running DMGWIND 212 s
[run_gates] 7/11 jobs done · running DMGWIND 242 s
[run_gates] 7/11 jobs done · running DMGWIND 272 s
[run_gates] 7/11 jobs done · running DMGWIND 302 s
[run_gates] 7/11 jobs done · running DMGWIND 332 s
[run_gates] 7/11 jobs done · running DMGWIND 362 s
[run_gates] 7/11 jobs done · running DMGWIND 392 s
[run_gates] 7/11 jobs done · running DMGWIND 422 s
[run_gates] 7/11 jobs done · running DMGWIND 452 s
[run_gates] 7/11 jobs done · running DMGWIND 482 s
[run_gates] 7/11 jobs done · running DMGWIND 512 s
[run_gates] 7/11 jobs done · running DMGWIND 542 s
[run_gates] 7/11 jobs done · running DMGWIND 572 s
[run_gates] 7/11 jobs done · running DMGWIND 602 s
[run_gates] 7/11 jobs done · running DMGWIND 632 s
[run_gates] 7/11 jobs done · running DMGWIND 662 s
[run_gates] 7/11 jobs done · running DMGWIND 692 s
[run_gates] 7/11 jobs done · running DMGWIND 722 s
[run_gates] 7/11 jobs done · running DMGWIND 752 s
[run_gates] 7/11 jobs done · running DMGWIND 782 s
[run_gates] 7/11 jobs done · running DMGWIND 812 s
[run_gates] 7/11 jobs done · running DMGWIND 842 s
[run_gates] 7/11 jobs done · running DMGWIND 872 s
[run_gates] 7/11 jobs done · running DMGWIND 902 s
[run_gates] 7/11 jobs done · running DMGWIND 932 s
[run_gates] 7/11 jobs done · running DMGWIND 963 s
[run_gates] 7/11 jobs done · running DMGWIND 993 s
[run_gates] 7/11 jobs done · running DMGWIND 1023 s
[run_gates] 7/11 jobs done · running DMGWIND 1053 s
[run_gates] 7/11 jobs done · running DMGWIND 1083 s
[run_gates] 7/11 jobs done · running DMGWIND 1113 s
[run_gates] 7/11 jobs done · running DMGWIND 1143 s
[run_gates] 7/11 jobs done · running DMGWIND 1173 s
[run_gates] 7/11 jobs done · running DMGWIND 1203 s
[run_gates] 7/11 jobs done · running DMGWIND 1233 s
[run_gates] 7/11 jobs done · running DMGWIND 1263 s
[run_gates] 7/11 jobs done · running DMGWIND 1293 s
[run_gates] 8/11 jobs done · running DMGDRIVE 2 s
[run_gates] 8/11 jobs done · running DMGDRIVE 32 s
[run_gates] 8/11 jobs done · running DMGDRIVE 62 s
[run_gates] 8/11 jobs done · running DMGDRIVE 92 s
[run_gates] 8/11 jobs done · running DMGDRIVE 122 s
[run_gates] 8/11 jobs done · running DMGDRIVE 152 s
[run_gates] 8/11 jobs done · running DMGDRIVE 182 s
[run_gates] 8/11 jobs done · running DMGDRIVE 212 s
[run_gates] 8/11 jobs done · running DMGDRIVE 242 s
[run_gates] 8/11 jobs done · running DMGDRIVE 272 s
[run_gates] 8/11 jobs done · running DMGDRIVE 302 s
[run_gates] 8/11 jobs done · running DMGDRIVE 332 s
[run_gates] 8/11 jobs done · running DMGDRIVE 362 s
[run_gates] 8/11 jobs done · running DMGDRIVE 392 s
[run_gates] 8/11 jobs done · running DMGDRIVE 422 s
[run_gates] 8/11 jobs done · running DMGDRIVE 452 s
[run_gates] 8/11 jobs done · running DMGDRIVE 483 s
[run_gates] 8/11 jobs done · running DMGDRIVE 513 s
[run_gates] 8/11 jobs done · running DMGDRIVE 543 s
[run_gates] 8/11 jobs done · running DMGDRIVE 573 s
[run_gates] 8/11 jobs done · running DMGDRIVE 603 s
[run_gates] 8/11 jobs done · running DMGDRIVE 633 s
[run_gates] 8/11 jobs done · running DMGDRIVE 663 s
[run_gates] 8/11 jobs done · running DMGDRIVE 693 s
[run_gates] 8/11 jobs done · running DMGDRIVE 723 s
[run_gates] 8/11 jobs done · running DMGDRIVE 753 s
[run_gates] 8/11 jobs done · running DMGDRIVE 783 s
[run_gates] 8/11 jobs done · running DMGDRIVE 813 s
[run_gates] 8/11 jobs done · running DMGDRIVE 843 s
[run_gates] 8/11 jobs done · running DMGDRIVE 873 s
[run_gates] 8/11 jobs done · running DMGDRIVE 903 s
[run_gates] 8/11 jobs done · running DMGDRIVE 933 s
[run_gates] 8/11 jobs done · running DMGDRIVE 963 s
[run_gates] 8/11 jobs done · running DMGDRIVE 993 s
[run_gates] 8/11 jobs done · running DMGDRIVE 1023 s
[run_gates] 8/11 jobs done · running DMGDRIVE 1053 s
[run_gates] 8/11 jobs done · running DMGDRIVE 1083 s
[run_gates] 8/11 jobs done · running DMGDRIVE 1113 s
[run_gates] 9/11 jobs done · running TREECRASH 10 s
[run_gates] 9/11 jobs done · running TREECRASH 40 s
[run_gates] 9/11 jobs done · running TREECRASH 70 s
[run_gates] 9/11 jobs done · running TREECRASH 100 s
[run_gates] 9/11 jobs done · running TREECRASH 130 s
[run_gates] 9/11 jobs done · running TREECRASH 160 s
[run_gates] 9/11 jobs done · running TREECRASH 190 s
[run_gates] 9/11 jobs done · running TREECRASH 220 s
[run_gates] 9/11 jobs done · running TREECRASH 250 s
[run_gates] 9/11 jobs done · running TREECRASH 280 s
[run_gates] 9/11 jobs done · running TREECRASH 310 s
[run_gates] 9/11 jobs done · running TREECRASH 340 s
[run_gates] 9/11 jobs done · running TREECRASH 370 s
[run_gates] 9/11 jobs done · running TREECRASH 400 s
[run_gates] 9/11 jobs done · running TREECRASH 430 s
[run_gates] 9/11 jobs done · running TREECRASH 461 s
[run_gates] 9/11 jobs done · running TREECRASH 491 s
[run_gates] 9/11 jobs done · running TREECRASH 521 s
[run_gates] 9/11 jobs done · running TREECRASH 551 s
[run_gates] 9/11 jobs done · running TREECRASH 581 s
[run_gates] 9/11 jobs done · running TREECRASH 611 s
[run_gates] 9/11 jobs done · running TREECRASH 641 s
[run_gates] 9/11 jobs done · running TREECRASH 671 s
[run_gates] 9/11 jobs done · running TREECRASH 701 s
[run_gates] 9/11 jobs done · running TREECRASH 731 s
[run_gates] 9/11 jobs done · running TREECRASH 761 s
[run_gates] 9/11 jobs done · running TREECRASH 791 s
[run_gates] 9/11 jobs done · running TREECRASH 821 s
[run_gates] 9/11 jobs done · running TREECRASH 851 s
[run_gates] 9/11 jobs done · running TREECRASH 881 s
[run_gates] 9/11 jobs done · running TREECRASH 911 s
[run_gates] 9/11 jobs done · running TREECRASH 941 s
[run_gates] 9/11 jobs done · running TREECRASH 971 s
=== TREECRASH ===
(999 s, 5 builds; the certificate's limits (DMG-D2a, 66_gen_cert.js))
Cub:
1. the table
  ok    394 members, every one with a section and a GEN_CRASH material (tubeFabric, wood)
2. nothing yields in what it was built for (the margin: the worst member's peak force over its yield)
  ok    the load test (the certificate): nothing yields to its 3.8 g limit (the worst member 0.64 (wing, tension)); at 5.7 g HELD, 0 members set (its first set is past the limit, by design), nothing broken; the worst member at 5.7 g 0.95 (wing, tension)
  ok    a flown pull from 42 m/s to the limit (the wing's load 3.83 W; the CG then reading 3.00 g): nothing yields; the worst member 0.95 (fus, tension)
  ok    a drop at 2.13 m/s (7.00 ft/s, FAR 23.473): 1.67 g, nothing yields; the worst member 0.70 (gear, compression)
  ok    a drop at 3.05 m/s (10.00 ft/s, its cap): 1.93 g, nothing yields; the worst member 0.84 (gear, compression)
  ok    a circuit with the pilot (completed, 335 s, 1.32 g at the most): nothing yields; the worst member 0.33 (gear, tension)
3. a taxi into a trunk, a wingtip brush
  FAIL  taxied at 3 m/s into a trunk: a dent (0 members set, 0 of the nose broken, 0 J), no crash; the prop struck, the engine stopped; back 0.12 m from where it stopped
  ok    a wingtip into a trunk at walking pace (1.4 m/s): touched (8228 contacts), 0 members set, no crash
4. a flight into a trunk at 30 m/s
  ok    the centreline: CRASHED (broke up: the fuselage parted (TPB off the core) at 1.32 s), 171 members broken (35 of the wing), 18.7 kJ of plastic work, 18.93 g; finite; the kinetic energy at most 100.0 % of the impact's
  ok    the wing 2.5 m out: CRASHED (a wing member broke at 1.37 s), 105 members broken (26 of the wing), 13.3 kJ of plastic work, 8.38 g; finite; the kinetic energy at most 100.0 % of the impact's
5. reset heals
  ok    after a crash, reset() and the same taxi: the fresh sim's bits (dc14f2df1233 / dc14f2df1233)
Jodel:
1. the table
  ok    492 members, every one with a section and a GEN_CRASH material (wood, tubeFabric)
2. nothing yields in what it was built for (the margin: the worst member's peak force over its yield)
  ok    the load test (the certificate): nothing yields to its 3.8 g limit (the worst member 0.64 (wing, tension)); at 5.7 g HELD, 0 members set (its first set is past the limit, by design), nothing broken; the worst member at 5.7 g 0.95 (wing, tension)
  ok    a flown pull from 49 m/s to the limit (the wing's load 4.23 W; the CG then reading 2.04 g): nothing yields; the worst member 0.56 (gear, tension)
  ok    a drop at 2.17 m/s (7.12 ft/s, FAR 23.473): 1.86 g, nothing yields; the worst member 0.64 (gear, compression)
  ok    a drop at 3.05 m/s (10.00 ft/s, its cap): 2.21 g, nothing yields; the worst member 0.84 (gear, compression)
  ok    a circuit with the pilot (null, 340 s, 1.67 g at the most): nothing yields; the worst member 0.29 (gear, compression)
3. a taxi into a trunk, a wingtip brush
  FAIL  taxied at 3 m/s into a trunk: a dent (0 members set, 0 of the nose broken, 0 J), no crash; the prop struck, the engine stopped; back 0.34 m from where it stopped
  ok    a wingtip into a trunk at walking pace (1.4 m/s): touched (19656 contacts), 0 members set, no crash
4. a flight into a trunk at 30 m/s
  ok    the centreline: CRASHED (broke up: the fuselage parted (TPB off the core) at 1.30 s), 124 members broken (30 of the wing), 21.1 kJ of plastic work, 18.47 g; finite; the kinetic energy at most 100.0 % of the impact's
  ok    the wing 2.5 m out: CRASHED (a wing member broke at 1.33 s), 98 members broken (70 of the wing), 2.6 kJ of plastic work, 4.86 g; finite; the kinetic energy at most 100.0 % of the impact's
5. reset heals
  ok    after a crash, reset() and the same taxi: the fresh sim's bits (7798a74a1eac / 7798a74a1eac)
metal Cessna:
1. the table
  ok    442 members, every one with a section and a GEN_CRASH material (alloy, tubeFabric)
2. nothing yields in what it was built for (the margin: the worst member's peak force over its yield)
  ok    the load test (the certificate): nothing yields to its 3.8 g limit (the worst member 1.00 (wing, tension)); at 5.7 g HELD, 32 members set (its first set is past the limit, by design), nothing broken; the worst member at 5.7 g 1.47 (wing, tension)
  ok    a flown pull from 58 m/s to the limit (the wing's load 3.82 W; the CG then reading 2.72 g): nothing yields; the worst member 0.93 (fus, tension)
  ok    a drop at 2.38 m/s (7.79 ft/s, FAR 23.473): 2.12 g, nothing yields; the worst member 0.69 (gear, compression)
  ok    a drop at 3.05 m/s (10.00 ft/s, its cap): 2.43 g, nothing yields; the worst member 0.84 (gear, compression)
  ok    a circuit with the pilot (completed, 271 s, 1.76 g at the most): nothing yields; the worst member 0.36 (fus, tension)
3. a taxi into a trunk, a wingtip brush
  FAIL  taxied at 3 m/s into a trunk: a dent (0 members set, 0 of the nose broken, 0 J), no crash; the prop struck, the engine stopped; back 0.14 m from where it stopped
  ok    a wingtip into a trunk at walking pace (1.4 m/s): touched (35764 contacts), 1 members set, no crash
4. a flight into a trunk at 30 m/s
  ok    the centreline: CRASHED (broke up: the fuselage parted (TPB off the core) at 1.30 s), 215 members broken (36 of the wing), 36.8 kJ of plastic work, 27.25 g; finite; the kinetic energy at most 100.0 % of the impact's
  ok    the wing 2.5 m out: CRASHED (a wing member broke at 1.33 s), 39 members broken (11 of the wing), 10.2 kJ of plastic work, 4.37 g; finite; the kinetic energy at most 100.0 % of the impact's
5. reset heals
  ok    after a crash, reset() and the same taxi: the fresh sim's bits (c936a1013e73 / c936a1013e73)
Cessna floats:
1. the table
  ok    533 members, every one with a section and a GEN_CRASH material (alloy, tubeFabric)
2. nothing yields in what it was built for (the margin: the worst member's peak force over its yield)
  ok    the load test (the certificate): nothing yields to its 3.8 g limit (the worst member 1.00 (wing, tension)); at 5.7 g HELD, 35 members set (its first set is past the limit, by design), nothing broken; the worst member at 5.7 g 1.48 (wing, tension)
  ok    a flown pull from 67 m/s to the limit (the wing's load 3.86 W; the CG then reading 2.89 g): nothing yields; the worst member 0.97 (fus, tension)
  ok    a drop at 2.54 m/s (8.33 ft/s, FAR 23.473): 1.66 g, nothing yields; the worst member 0.47 (wing, tension)
  ok    a drop at 3.05 m/s (10.00 ft/s, its cap): 1.75 g, nothing yields; the worst member 0.64 (wing, tension)
  ok    a circuit with the pilot (null, 340 s, 2.22 g at the most): nothing yields; the worst member 0.37 (fus, tension)
   (a floatplane: the trunk runs are the land builds')
twin floatplane:
1. the table
  ok    519 members, every one with a section and a GEN_CRASH material (tubeFabric, wood)
2. nothing yields in what it was built for (the margin: the worst member's peak force over its yield)
  ok    the load test (the certificate): nothing yields to its 3.8 g limit (the worst member 0.64 (wing, tension)); at 5.7 g HELD, 0 members set (its first set is past the limit, by design), nothing broken; the worst member at 5.7 g 0.95 (wing, tension)
  ok    a flown pull from 43 m/s to the limit (the wing's load 3.94 W; the CG then reading 3.00 g): nothing yields; the worst member 0.99 (fus, tension)
  ok    a drop at 2.13 m/s (7.00 ft/s, FAR 23.473): 1.49 g, nothing yields; the worst member 0.42 (gear, tension)
  ok    a drop at 3.05 m/s (10.00 ft/s, its cap): 1.55 g, nothing yields; the worst member 0.62 (gear, tension)
  ok    a circuit with the pilot (completed, 292 s, 1.73 g at the most): nothing yields; the worst member 0.27 (fus, tension)
   (a floatplane: the trunk runs are the land builds')
6. the water - Cub
  ok    a 5 m/s level pancake: the worst member 4.40 (fus, tension); 43 set {"fus":33,"wing":10}, 3 broken, the slam 523 kPa, 2 hull slice(s) holed, 5.42 g, CRASHED (a fus member broke); the damage follows the beams' own loads
  ok    a 100 km/h nose-in ditch (4 m/s, 10 deg): the worst member 4.11 (fus, compression); 58 set {"fus":45,"wing":11,"tail":2}, 72 broken, the slam 302 kPa, 3 hull slice(s) holed, 10.71 g, CRASHED (a gear member broke); the damage follows the beams' own loads
  ok    SEVERE: 180 km/h, 10 m/s, 60 deg nose-in: the worst member 17.20 (fus, compression); 145 set {"fus":51,"wing":31,"tail":63}, 161 broken, the slam 288 kPa, 4 hull slice(s) holed, 13.97 g, CRASHED (broke up: the fuselage parted (S0BR off the core)) - must yield, break and crash; the damage follows the beams' own loads
6. the water - twin floatplane
  ok    a float nose-in (90 km/h, 5 m/s, 20 deg): the worst member 0.83 (fus, compression); 0 set, 0 broken, 5.62 g, no damage; the damage follows the beams' own loads
  ok    SEVERE: 150 km/h, 10 m/s, 60 deg nose-in: the worst member 14.30 (gear, tension); 203 set {"fus":66,"wing":37,"tail":100}, 218 broken, 20.60 g, CRASHED (broke up: the fuselage parted (TPB off the core)) - must yield, break and crash; the damage follows the beams' own loads
  47/50 checks
GATE TREECRASH: FAIL
(exit code 1)
[run_gates] 10/11 jobs done · running DMGCERT 2 s
[run_gates] 10/11 jobs done · running DMGCERT 32 s
[run_gates] 10/11 jobs done · running DMGCERT 62 s
[run_gates] 10/11 jobs done · running DMGCERT 92 s
[run_gates] 10/11 jobs done · running DMGCERT 122 s
[run_gates] 10/11 jobs done · running DMGCERT 152 s
[run_gates] 10/11 jobs done · running DMGCERT 182 s
[run_gates] 10/11 jobs done · running DMGCERT 212 s
[run_gates] 10/11 jobs done · running DMGCERT 242 s
[run_gates] 10/11 jobs done · running DMGCERT 272 s
[run_gates] 10/11 jobs done · running DMGCERT 302 s
[run_gates] 10/11 jobs done · running DMGCERT 332 s
[run_gates] 10/11 jobs done · running DMGCERT 362 s
[run_gates] 10/11 jobs done · running DMGCERT 392 s
[run_gates] 10/11 jobs done · running DMGCERT 422 s
[run_gates] 10/11 jobs done · running DMGCERT 452 s
[run_gates] 10/11 jobs done · running DMGCERT 482 s
=== DMGCERT ===
(493 s, 5 builds)
the rules: kappa 0.1, m 1.05, a joint at 1.5 F_l m x 1, a member at 1.5 F_l m x 1.15, the first set at 1.01 x F_l, the controls' cases x 2
Cub:
1. the certificate (47 cases: pullA, pullD, negC, pullAq, pullDq, rollR, rollL, flapF, elevUpD, elevUpDuL, elevUpDuR, elevDownD, elevDownDuL, elevDownDuR, rudRA, rudLA, crashFwd, crashUp, crashDown, crashSideR, crashSideL, impactNose, impactNoseL, impactNoseR, torque361, side363R, side363L, gyro371a, gyro371b, gyro371c, gyro371d, bench, drop, dropLevel, dropOne, drop473, taxiRough, gSideR, gSideL, gBrake, gTailObs, gTailSideR, gTailSideL, flown, flownElev, flownRud, flownElevF)
  ok    379 members certified (the gear's 15 apart), every one with an envelope, none past its physics; tension: 182 on the certificate, 197 on the floor; compression: 233 / 142
  ok    the gear's 15 members: its 15 joints stamped by the gear bracket (DMG-D2b, GATE DMGGEAR), the rest (a float's hull) on D1a's limits
  ok    with the layer off nothing is stamped (every limit infinite, the stamp refused); a garage build carries no certificate
  ok    computed once per build (18179 ms in node: flight cases 1587.11, bench 12.39, the dynamic ones 15776.23); a second build of the same spec takes it from the cache in 0 ms
2. the card on the bench (LIMIT 3.80 g / ULTIMATE 5.70 g)
  ok    to the limit x 1.0 (3.80 g): HELD, no set
  ok    to the limit x 1.2 (4.56 g): 0 set, nothing broken
  REPORT  a brittle wing (spruce, its joints fittings): no member of it can take a set - past its limit it holds until it breaks
  ok    to the ultimate (5.70 g): HELD, 0 set, nothing broken
  ok    to the ultimate x 1.1 (6.27 g): it breaks (23 members), the first group wing0R:strut, the first member a fitting (S1BR-WF, tension)
3. to destruction
  ok    BROKE AT 6.01 g (wing0R:strut, fitting) - within [5.70, 5.99] g (+2.5 % for the ramp's lag); first set 6.01 g
  ok    the first member broken: fitting (wing S1BR-WF, tubeFabric, tension) - a joint, never the middle of a ductile member
  ok    the page's bench thread (bench_worker.js benchLoadRun, the roll-out's certificate handed in) breaks it the same: the card reads "LIMIT 3.8 g · ULTIMATE 5.7 g · BROKE AT 6.01 g (the right wing's strut, a fitting, let go first) — the test to destruction, free"
4. the flight
  ok    the flown pull to the limit (the wing's load 3.83 W, the CG reading 3.00 g): nothing yields; the worst member 0.95 of its certified limit
  ok    parked 10 s on its wheels and 10 s in the air (1.6 Vs, 0.75 throttle): nothing yields, no frame armed once settled (6 armed while it settled) - the quiet path stays quiet on the certificate's limits
5. a bad design
  ok    the lift struts (12 members) built at half the section their certificate asks (x 0.06 and less), certified as built: the bench BROKE UP (first broken at 2.94 g, under its 5.70 g ultimate)
  REPORT  the drawn lift struts in compression: member 146 certified 4.5 kN (elevDownDuR) -> crushes at 8.2 kN (physics 36.5); member 147 certified 1.8 kN (flownElev) -> crushes at 3.7 kN (physics 36.5); member 148 certified 2.9 kN (elevDownD) -> crushes at 5.3 kN (physics 36.5); member 149 certified 2.2 kN (flownElevF) -> crushes at 4.0 kN (physics 36.5)
Jodel:
1. the certificate (47 cases: pullA, pullD, negC, pullAq, pullDq, rollR, rollL, flapF, elevUpD, elevUpDuL, elevUpDuR, elevDownD, elevDownDuL, elevDownDuR, rudRA, rudLA, crashFwd, crashUp, crashDown, crashSideR, crashSideL, impactNose, impactNoseL, impactNoseR, torque361, side363R, side363L, gyro371a, gyro371b, gyro371c, gyro371d, bench, drop, dropLevel, dropOne, drop473, taxiRough, gSideR, gSideL, gBrake, gTailObs, gTailSideR, gTailSideL, flown, flownElev, flownRud, flownElevF)
  ok    477 members certified (the gear's 15 apart), every one with an envelope, none past its physics; tension: 160 on the certificate, 317 on the floor; compression: 240 / 233
  ok    the gear's 15 members: its 15 joints stamped by the gear bracket (DMG-D2b, GATE DMGGEAR), the rest (a float's hull) on D1a's limits
  ok    with the layer off nothing is stamped (every limit infinite, the stamp refused); a garage build carries no certificate
  ok    computed once per build (31187 ms in node: flight cases 4249.45, bench 32.04, the dynamic ones 25997.11); a second build of the same spec takes it from the cache in 0 ms
2. the card on the bench (LIMIT 3.80 g / ULTIMATE 5.70 g)
  ok    to the limit x 1.0 (3.80 g): HELD, no set
  ok    to the limit x 1.2 (4.56 g): 0 set, nothing broken
  REPORT  a brittle wing (spruce, its joints fittings): no member of it can take a set - past its limit it holds until it breaks
  ok    to the ultimate (5.70 g): HELD, 0 set, nothing broken
  ok    to the ultimate x 1.1 (6.27 g): it breaks (79 members), the first group wing0L:root, the first member a bond (WB-WF, tension)
3. to destruction
  ok    BROKE AT 6.02 g (wing0L:root, fitting) - within [5.70, 5.99] g (+2.5 % for the ramp's lag); first set 6.01 g
  ok    the first member broken: bond (wing WB-WF, wood, tension) - a joint, never the middle of a ductile member
  ok    the page's bench thread (bench_worker.js benchLoadRun, the roll-out's certificate handed in) breaks it the same: the card reads "LIMIT 3.8 g · ULTIMATE 5.7 g · BROKE AT 6.02 g (the left wing's root, a fitting, let go first) — the test to destruction, free"
4. the flight
  ok    the flown pull to the limit (the wing's load 4.23 W, the CG reading 2.04 g): nothing yields; the worst member 0.56 of its certified limit
  ok    parked 10 s on its wheels and 10 s in the air (1.6 Vs, 0.75 throttle): nothing yields, no frame armed once settled (4 armed while it settled) - the quiet path stays quiet on the certificate's limits
5. a bad design
  ok    the wing root (20 members) built at half the section their certificate asks (x 0.05 and less), certified as built: the bench BROKE UP (first broken at 3.92 g, under its 5.70 g ultimate)
  REPORT  the Jodel's first member broken on the bench to destruction: bond WB-WF (wood, tension); its first group wing0L:root
metal Cessna:
1. the certificate (48 cases: pullA, pullD, negC, pullAq, pullDq, rollR, rollL, flapF, elevUpD, elevUpDuL, elevUpDuR, elevDownD, elevDownDuL, elevDownDuR, rudRA, rudLA, crashFwd, crashUp, crashDown, crashSideR, crashSideL, impactNose, impactNoseL, impactNoseR, torque361, side363R, side363L, gyro371a, gyro371b, gyro371c, gyro371d, bench, drop, dropNoseUp, dropOne, drop473, taxiRough, gSideR, gSideL, gBrake, gNoseAft, gNoseFwd, gNoseSideR, gNoseSideL, flown, flownElev, flownRud, flownElevF)
  ok    427 members certified (the gear's 15 apart), every one with an envelope, none past its physics; tension: 262 on the certificate, 165 on the floor; compression: 266 / 157
  ok    the gear's 15 members: its 15 joints stamped by the gear bracket (DMG-D2b, GATE DMGGEAR), the rest (a float's hull) on D1a's limits
  ok    with the layer off nothing is stamped (every limit infinite, the stamp refused); a garage build carries no certificate
  ok    computed once per build (27205 ms in node: flight cases 2174.82, bench 37.45, the dynamic ones 24268.59); a second build of the same spec takes it from the cache in 1 ms
2. the card on the bench (LIMIT 3.80 g / ULTIMATE 5.70 g)
  ok    to the limit x 1.0 (3.80 g): HELD, no set
  ok    to the limit x 1.2 (4.56 g): 16 members set (the largest 0.18 %), nothing broken - the first set is just past the limit
  ok    to the ultimate (5.70 g): HELD, 32 set, nothing broken
  ok    to the ultimate x 1.1 (6.27 g): it breaks (38 members), the first group wing0R:strut, the first member a fitting (S1BR-WB, tension)
3. to destruction
  ok    BROKE AT 6.06 g (wing0R:strut, fitting) - within [5.70, 5.99] g (+2.5 % for the ramp's lag); first set 3.85 g
  ok    the first member broken: fitting (wing S1BR-WB, alloy, tension) - a joint, never the middle of a ductile member
  ok    the page's bench thread (bench_worker.js benchLoadRun, the roll-out's certificate handed in) breaks it the same: the card reads "LIMIT 3.8 g · ULTIMATE 5.7 g · BROKE AT 6.06 g (the right wing's strut, a fitting, let go first) — the test to destruction, free"
4. the flight
  ok    the flown pull to the limit (the wing's load 3.82 W, the CG reading 2.72 g): nothing yields; the worst member 0.93 of its certified limit
  ok    parked 10 s on its wheels and 10 s in the air (1.6 Vs, 0.75 throttle): nothing yields, no frame armed once settled - the quiet path stays quiet on the certificate's limits
5. a bad design
  ok    the lift struts (12 members) built at half the section their certificate asks (x 0.05 and less), certified as built: the bench BROKE UP (first broken at 2.14 g, under its 5.70 g ultimate)
  REPORT  the drawn lift struts in compression: member 151 certified 14.6 kN (bench) -> crushes at 26.5 kN (physics 68.3); member 152 certified 19.2 kN (bench) -> crushes at 34.8 kN (physics 68.3); member 153 certified 3.0 kN (flownElev) -> crushes at 6.8 kN (physics 68.3); member 154 certified 2.6 kN (flownElevF) -> crushes at 6.8 kN (physics 68.3)
Cessna floats:
1. the certificate (49 cases: pullA, pullD, negC, pullAq, pullDq, rollR, rollL, flapF, elevUpD, elevUpDuL, elevUpDuR, elevDownD, elevDownDuL, elevDownDuR, rudRA, rudLA, crashFwd, crashUp, crashDown, crashSideR, crashSideL, impactNose, impactNoseL, impactNoseR, torque361, side363R, side363L, gyro371a, gyro371b, gyro371c, gyro371d, bench, drop, bow, dropStep, dropOne, dropDriftR, dropDriftL, drop473, wWeave, wStep, wUnsymR, wUnsymL, wOneL, wOneR, flown, flownElev, flownRud, flownElevF)
  ok    427 members certified (the gear's 106 apart), every one with an envelope, none past its physics; tension: 315 on the certificate, 112 on the floor; compression: 315 / 108
  ok    the gear's 106 members: its 20 joints stamped by the gear bracket (DMG-D2b, GATE DMGGEAR), the rest (a float's hull) on D1a's limits
  ok    with the layer off nothing is stamped (every limit infinite, the stamp refused); a garage build carries no certificate
  ok    computed once per build (44539 ms in node: flight cases 2634.76, bench 26.34, the dynamic ones 38599.24); a second build of the same spec takes it from the cache in 1 ms
2. the card on the bench (LIMIT 3.80 g / ULTIMATE 5.70 g)
  ok    to the limit x 1.0 (3.80 g): HELD, no set
  ok    to the limit x 1.2 (4.56 g): 17 members set (the largest 0.18 %), nothing broken - the first set is just past the limit
  ok    to the ultimate (5.70 g): HELD, 35 set, nothing broken
  ok    to the ultimate x 1.1 (6.27 g): it breaks (33 members), the first group wing0R:strut, the first member a fitting (S1BR-WB, tension)
3. to destruction
  ok    BROKE AT 6.08 g (wing0R:strut, fitting) - within [5.70, 5.99] g (+2.5 % for the ramp's lag); first set 3.85 g
  ok    the first member broken: fitting (wing S1BR-WB, alloy, tension) - a joint, never the middle of a ductile member
  ok    the page's bench thread (bench_worker.js benchLoadRun, the roll-out's certificate handed in) breaks it the same: the card reads "LIMIT 3.8 g · ULTIMATE 5.7 g · BROKE AT 6.08 g (the right wing's strut, a fitting, let go first) — the test to destruction, free"
4. the flight
  ok    the flown pull to the limit (the wing's load 3.86 W, the CG reading 2.89 g): nothing yields; the worst member 0.97 of its certified limit
  ok    parked 10 s on the water and 10 s in the air (1.6 Vs, 0.75 throttle): nothing yields, no frame armed once settled (39 armed while it settled) - the quiet path stays quiet on the certificate's limits
5. a bad design
  ok    the lift struts (28 members) built at half the section their certificate asks (x 0.04 and less), certified as built: the bench BROKE UP (first broken at 2.04 g, under its 5.70 g ultimate)
  REPORT  the drawn lift struts in compression: member 151 certified 18.4 kN (bench) -> crushes at 33.3 kN (physics 70.3); member 152 certified 24.4 kN (bench) -> crushes at 44.2 kN (physics 70.3); member 153 certified 4.0 kN (flownElev) -> crushes at 7.2 kN (physics 70.3); member 154 certified 3.2 kN (flownElevF) -> crushes at 7.0 kN (physics 70.3)
twin floatplane:
1. the certificate (47 cases: pullA, pullD, negC, pullAq, pullDq, rollR, rollL, flapF, elevUpD, elevUpDuL, elevUpDuR, elevDownD, elevDownDuL, elevDownDuR, rudRA, rudLA, crashFwd, crashUp, crashDown, crashSideR, crashSideL, impactNose, torque361, side363R, side363L, gyro371a, gyro371b, gyro371c, gyro371d, bench, drop, bow, dropStep, dropOne, dropDriftR, dropDriftL, drop473, wWeave, wStep, wUnsymR, wUnsymL, wOneL, wOneR, flown, flownElev, flownRud, flownElevF)
  ok    413 members certified (the gear's 106 apart), every one with an envelope, none past its physics; tension: 223 on the certificate, 190 on the floor; compression: 277 / 132
  ok    the gear's 106 members: its 20 joints stamped by the gear bracket (DMG-D2b, GATE DMGGEAR), the rest (a float's hull) on D1a's limits
  ok    with the layer off nothing is stamped (every limit infinite, the stamp refused); a garage build carries no certificate
  ok    computed once per build (48090 ms in node: flight cases 3004.48, bench 25.49, the dynamic ones 42176.66); a second build of the same spec takes it from the cache in 1 ms
2. the card on the bench (LIMIT 3.80 g / ULTIMATE 5.70 g)
  ok    to the limit x 1.0 (3.80 g): HELD, no set
  ok    to the limit x 1.2 (4.56 g): 0 set, nothing broken
  REPORT  a brittle wing (spruce, its joints fittings): no member of it can take a set - past its limit it holds until it breaks
  ok    to the ultimate (5.70 g): HELD, 0 set, nothing broken
  ok    to the ultimate x 1.1 (6.27 g): it breaks (62 members), the first group wing0R:strut, the first member a fitting (S1BR-WF, tension)
3. to destruction
  ok    BROKE AT 6.01 g (wing0R:strut, fitting) - within [5.70, 5.99] g (+2.5 % for the ramp's lag); first set 6.02 g
  ok    the first member broken: fitting (wing S1BR-WF, tubeFabric, tension) - a joint, never the middle of a ductile member
  ok    the page's bench thread (bench_worker.js benchLoadRun, the roll-out's certificate handed in) breaks it the same: the card reads "LIMIT 3.8 g · ULTIMATE 5.7 g · BROKE AT 6.01 g (the right wing's strut, a fitting, let go first) — the test to destruction, free"
4. the flight
  ok    the flown pull to the limit (the wing's load 3.94 W, the CG reading 3.00 g): nothing yields; the worst member 0.99 of its certified limit
  ok    parked 10 s on the water and 10 s in the air (1.6 Vs, 0.75 throttle): nothing yields, no frame armed once settled (43 armed while it settled) - the quiet path stays quiet on the certificate's limits
5. a bad design
  ok    the lift struts (28 members) built at half the section their certificate asks (x 0.01 and less), certified as built: the bench BROKE UP (first broken at 2.97 g, under its 5.70 g ultimate)
  REPORT  the drawn lift struts in compression: member 133 certified 5.8 kN (bow) -> crushes at 10.5 kN (physics 36.3); member 134 certified 3.2 kN (dropDriftR) -> crushes at 5.9 kN (physics 36.3); member 135 certified 12.6 kN (dropDriftR) -> crushes at 22.8 kN (physics 36.3); member 136 certified 3.6 kN (flownElevF) -> crushes at 6.5 kN (physics 36.3)
  70/70 checks
GATE DMGCERT: PASS
=== DMGGEAR ===

[spawn error] ETIMEDOUT after 1800000 ms
(exit code null)
=== DMGWIND ===
(1321 s; on the certificate, damage on)
1. THE PAGE'S STAGING: settled 2 s in the wind, 3 m/s, the throttle shut, a trunk 6 m ahead (49 winds a build)
  the user's Cub:
        U \ from       0     30     60     90    120    150    180    210    240    270    300    330   (deg off the nose; cell: mount members broken / plastic kJ)
           0 m/s   0/0.0   (calm: one run)
         2.5 m/s   0/0.0  0/0.0  0/0.0  0/0.0  0/0.0  0/0.0  0/0.0  0/0.0  0/0.0  0/0.0  0/0.0  0/0.0
           5 m/s   0/0.0  0/0.0  0/0.0  0/0.0  0/0.0  0/0.0  0/0.0  0/0.0  0/0.0  0/0.0  0/0.0  0/0.0
         7.5 m/s   0/0.0  0/0.0  0/0.0  0/0.0  0/0.0  0/0.0  0/0.0  0/0.0  0/0.0  0/0.0  0/0.0  0/0.0
          10 m/s   0/0.0  0/0.0  0/0.0  0/0.0  0/0.2  0/0.3  0/0.0  0/0.3  0/0.2  0/0.0  0/0.0  0/0.0
  ok    the user's Cub: no mount member breaks in any wind to 5 m/s (25 of 49 runs gated, 49 met the trunk at 1.18-2.52 m/s; the mount's worst 0.64 of its limit)
  --    REPORT the user's Cub at 7.5 and 10 m/s: 0 of 24 winds break the mount
  --    REPORT the user's Cub: mirror symmetry (a wind from th vs 360 - th, the plastic work within 5 %): every pair
  Jodel:
        U \ from       0     30     60     90    120    150    180    210    240    270    300    330   (deg off the nose; cell: mount members broken / plastic kJ)
           0 m/s   0/0.0   (calm: one run)
         2.5 m/s   0/0.0  0/0.0  0/0.0  0/0.0  0/0.0  0/0.0  0/0.0  0/0.0  0/0.0  0/0.0  0/0.0  0/0.0
           5 m/s   0/0.0  0/0.0  0/0.0  0/0.0  0/0.0  0/0.0  0/0.0  0/0.0  0/0.0  0/0.0  0/0.0  0/0.0
         7.5 m/s   0/0.0  0/0.0  0/0.0  0/0.1  0/0.1  0/0.0  0/0.0  0/0.0  0/0.1  0/0.1  0/0.0  0/0.0
          10 m/s   0/0.0  0/0.0  0/0.0  0/0.0  0/0.0  0/0.0  0/0.0  0/0.0  0/0.0  0/0.0  0/0.0  0/0.0
  ok    Jodel: no mount member breaks in any wind to 10 m/s (49 of 49 runs gated, 49 met the trunk at 1.66-2.42 m/s; the mount's worst 0.67 of its limit)
  --    REPORT Jodel: other members broken (not the mount): 7.5/90 VSNR-S0TR kink; 7.5/270 VSNL-S0TL kink
  --    REPORT Jodel: mirror symmetry (a wind from th vs 360 - th, the plastic work within 5 %): every pair
  metal Cessna:
        U \ from       0     30     60     90    120    150    180    210    240    270    300    330   (deg off the nose; cell: mount members broken / plastic kJ)
           0 m/s   0/0.0   (calm: one run)
         2.5 m/s   0/0.0  0/0.0  0/0.0  0/0.0  0/0.0  0/0.0  0/0.0  0/0.0  0/0.0  0/0.0  0/0.0  0/0.0
           5 m/s   0/0.0  0/0.0  0/0.0  0/0.0  0/0.0  0/0.0  0/0.0  0/0.0  0/0.0  0/0.0  0/0.0  0/0.0
         7.5 m/s   0/0.0  0/0.0  0/0.0  0/0.0  0/0.0  0/0.0  0/0.0  0/0.0  0/0.0  0/0.0  0/0.0  0/0.0
          10 m/s   0/0.0  0/0.0  0/0.0  0/0.0  0/0.0  0/0.0  0/0.0  0/0.0  0/0.0  0/0.0  0/0.0  0/0.0
  ok    metal Cessna: no mount member breaks in any wind to 10 m/s (49 of 49 runs gated, 49 met the trunk at 2.17-2.30 m/s; the mount's worst 0.40 of its limit)
  --    REPORT metal Cessna: mirror symmetry (a wind from th vs 360 - th, the plastic work within 5 %): every pair
2. THE PAGE'S OWN WIND on the Cub (5.48 m/s from 112 deg off the nose; the gust field 1 m over the CG at t = 2 s: -1.91, -0.11, 5.06)
  ok    steady, started at 3 m/s (met the trunk at 2.28): mount 0, broken 0, 0 J, the mount's worst 0.86
  ok    gust 0.5, started at 3 m/s (met the trunk at 2.28): mount 0, broken 0, 0 J, the mount's worst 0.85
  ok    gust 1, started at 3 m/s (met the trunk at 2.28): mount 0, broken 0, 0 J, the mount's worst 0.89
  ok    steady, started at 3.6 m/s (met the trunk at 3.03): mount 0, broken 0, 7 J, the mount's worst 1.02
  ok    gust 0.5, started at 3.6 m/s (met the trunk at 3.02): mount 0, broken 0, 7 J, the mount's worst 1.02
  ok    gust 1, started at 3.6 m/s (met the trunk at 3.02): mount 0, broken 0, 8 J, the mount's worst 1.02
3. THE FLOATPLANES on the water, 10 s at 3 m/s in the wind
  ok    Cessna floats: nothing breaks (9 winds to 10 m/s; yields 0 at most)
  ok    twin floatplane: nothing breaks (9 winds to 10 m/s; yields 0 at most)
  ok    the per-substep reader (sim.onSubstep, damagePush) changes nothing: b66fde23fbcf / b66fde23fbcf (13500 substeps read)
REPORT: THE PAGE'S IMPACT SPEED (started at 3.6 m/s: the trunk met at ~3 m/s, as on the page)
  --    REPORT the user's Cub: 0 of 49 winds break the mount (met at 2.17-3.18 m/s)
  --    REPORT Jodel: 0 of 49 winds break the mount (met at 2.54-3.11 m/s)
  --    REPORT metal Cessna: 0 of 49 winds break the mount (met at 2.94-3.03 m/s)
  --    REPORT the Cub, no wind, started at 3 m/s, the trunk across the nose (-0.45..0.45 m): none of 19 break the mount
  --    REPORT the Cub, no wind, started at 3.6 m/s, the trunk across the nose (-0.45..0.45 m): none of 19 break the mount
  12/12 checks
GATE DMGWIND: PASS
=== DMGINST ===
1. G1800: sim-diverged (the numbers) vs broke-up (the structure)
  ok    the page's watchdog ends a NaN / guarded flight 'sim-diverged' (the message "SIM DIVERGED — RESET" stays); 'broke-up' only when the structure's refs part (DMG.brokeUp)
  ok    the load test's NaN verdict is 'SIM DIVERGED' (65_gen_loadtest.js); 'BROKE UP' only on the damage layer's breaks (1)
  ok    the crosswind probe's NaN ending is 'sim-diverged' (42_crosswind.js)
  ok    no code writes 'broke-up' but the structure's ending (DMG.brokeUp): none of the 12 readers / writers
  ok    the Cub's load test with a 1e300 kick in its ramp: 'SIM DIVERGED'
  ok    the bench card: SIM DIVERGED - "the simulation diverged before the ultimate load (a numerical fault, not a member)"
  ok    a BROKE UP (the structure, D1b / D2) still reads as a member that let go: "a member let go before the ultimate load"
2. G1801: the velocity guard (150 m/s off the CG)
  ok    every k x 5 in flight (past the integrator's limit): tripped at frame 0 as 'speed' (node 61 at 989.87 m/s off the CG), every number finite, stats().bad; it never went NaN in 600 frames - the old watchdog would have flown it on (at rest the fastest node read 0.17 m/s)
  ok    reset() clears it
  ok    damage OFF, every k x 5: no speed fault, the guard not run (G1898.10: the layer off runs the master path)
  ok    a 1e300 kick (GATE SIMWORKER-EDGES' divergence): tripped the first frame ('nan')
  ok    the whole aeroplane at 195.21 m/s (200 m/s true at 20 km): not tripped - the fastest node 4.44 m/s off the CG
  ok    the worker host's diverged() (its snapshot's F_DIVERGED, the page's sw.diverged): false, then true on the blown lattice with p still finite
        Cub: a flown 3.8 g pull: the fastest node 7.77 m/s off the CG
        Cub: a 10 ft/s drop: the fastest node 3.15 m/s off the CG
        Jodel: a flown 3.8 g pull: the fastest node 13.27 m/s off the CG
        Jodel: a 10 ft/s drop: the fastest node 3.51 m/s off the CG
        metal Cessna: a flown 3.8 g pull: the fastest node 10.31 m/s off the CG
        metal Cessna: a 10 ft/s drop: the fastest node 1.13 m/s off the CG
        Cessna floats: a flown 3.8 g pull: the fastest node 9.18 m/s off the CG
        Cessna floats: a 10 ft/s drop: the fastest node 3.47 m/s off the CG
        twin floatplane: a flown 3.8 g pull: the fastest node 8.37 m/s off the CG
        twin floatplane: a 10 ft/s drop: the fastest node 3.10 m/s off the CG
        the Cub: a circuit with the pilot: the fastest node 2.93 m/s off the CG
        the Cub: 30 m/s into a trunk (crash): the fastest node 40.01 m/s off the CG
        the metal Cessna: 30 m/s into a trunk (crash): the fastest node 47.43 m/s off the CG
        the Cub: 30 m/s, the wing 2.5 m out (crash): the fastest node 22.65 m/s off the CG
        the Cub: SEVERE 180 km/h, 10 m/s, 60 deg into the water: the fastest node 48.04 m/s off the CG
        the twin: SEVERE 150 km/h, 10 m/s, 60 deg float nose-in: the fastest node 40.01 m/s off the CG
  ok    the census: 16 runs, never tripped; the worst 48.04 m/s (the Cub: SEVERE 180 km/h, 10 m/s, 60 deg into the water), under 3/4 of the guard
3. G1802: the plastic work per beam
  ok    DMG.wB: a Float64Array, one per beam (394), on sim.damage()
  ok    the Cub at 30 m/s into a trunk: the beams' work sums to the total (25893.095 J against 25893.095 J)
  ok    59 beams carry work, every one of them yielded or bent; none negative
        by section: fuselage 12.4 kJ, wings 5.5 kJ, vessel 3.9 kJ, engines 3.5 kJ, gear 0.5 kJ, tail 0.2 kJ
  ok    the metal Cessna's: 31309.252 J against 31309.252 J
  ok    reset() after a crash zeroes every beam's work
4. G1803: every beam carries its ledger section
  ok    Cub: 394 beams, every one stamped (the def's and the solver's copy), every section a ledger row: fus > fuselage 109, fus > engines 13, wing > wings 52, wing > bracing 12, tail > tail 180, wire > tail 4, gear > gear 15, fus > vessel 9
  ok    Jodel: 492 beams, every one stamped (the def's and the solver's copy), every section a ledger row: fus > fuselage 109, fus > engines 13, wing > wings 68, wing > bracing 118, tail > tail 156, wire > tail 4, gear > gear 15, fus > vessel 9
  ok    metal Cessna: 442 beams, every one stamped (the def's and the solver's copy), every section a ledger row: fus > fuselage 109, fus > engines 13, wing > wings 62, wing > bracing 74, tail > tail 156, wire > tail 4, gear > gear 15, fus > vessel 9
  ok    Cessna floats: 533 beams, every one stamped (the def's and the solver's copy), every section a ledger row: fus > fuselage 109, fus > engines 13, wing > wings 62, wing > bracing 74, tail > tail 156, wire > tail 4, gear > gear 106, fus > vessel 9
  ok    twin floatplane: 519 beams, every one stamped (the def's and the solver's copy), every section a ledger row: fus > fuselage 109, wing > wings 52, wing > bracing 12, fus > engines 28, tail > tail 199, wire > tail 4, gear > gear 106, fus > vessel 9
5. G1804: the damage view's colours (src/viewer/dmg_overlay.js)
  ok    calm: |F| / limit up to 0.25 draws the frame's neutral [0.34,0.49,0.69]
  ok    stress: ramps to amber [1,0.78,0.12] at the limit, held past it; between the ends in between
  ok    set: from 0.01 % (orange stretched, cyan crushed), full at 3 %; under it no set
  ok    the precedence: broken > set > stress > calm
  ok    the Cub's 30 m/s crash drawn: {"calm":328,"stress":3,"set":32,"broken":31} - every broken member red, every set member orange / cyan
  ok    a member stretched to its yield reads 1.000000, crushed to its crush load 1.000000
  ok    the layer off (params.damage false): all 2380 members of the five builds calm
  ok    under the probe (sim.damagePeak()) the ratio is the member's peak, tension or compression
  ok    app.js: the view is off unless ?dmgview=1 or the overlays pill; off, sync() is the strain colouring; dmg_overlay.js is in the page (build.js) before app.js
        the legend:
          calm   |F| / limit <= 0.25    rgb 0.340 0.490 0.690  #577db0
          stress |F| / limit = 0.625    rgb 0.670 0.635 0.405  #aba267
          stress |F| / limit >= 1       rgb 1.000 0.780 0.120  #ffc71f
          set    stretched 0.01 %       rgb 0.737 0.556 0.419  #bc8e6b
          set    stretched >= 3 %       rgb 1.000 0.600 0.240  #ff993d
          set    crushed 0.01 %         rgb 0.322 0.706 0.822  #52b4d2
          set    crushed >= 3 %         rgb 0.310 0.850 0.910  #4fd9e8
          broken k = 0                  rgb 0.890 0.180 0.170  #e32e2b
  33/33 checks
GATE DMGINST: PASS
=== DMGDRIVE ===
1. THE BANDS AND THE TIERS (the laws, 33_drive.js)
  ok    the engine 8.0 % over its maximum for 30 s reaches 'logged' (want 'logged'; dose 0.00) - SB 369: up to 10 % - no action, a logbook entry [as recalled - A0 to open]
  ok    the engine 15.0 % over its maximum for 2 s reaches 'inspect' (want 'inspect'; dose 0.00) - SB 369: 10-20 % - the prop off, the flange's run-out, the valve train [as recalled - A0 to open]
  ok    the engine 15.0 % over its maximum for 0.5 s reaches 'none' (want 'none'; dose 0.00) - the 1 s filter (a frame's tick is not an overspeed: nothing logged, the peak kept) [GAME - no source]
  ok    the engine 25.0 % over its maximum for 1.5 s reaches 'overhaul' (want 'overhaul'; dose 0.00) - SB 369: past 20 % - the engine overhauled [as recalled - A0 to open]
  ok    the engine 35.0 % over its maximum for 2 s reaches 'overhaul' (want 'overhaul'; dose 0.20) - the failure dose 0.20 < 0.25 [GAME - no source]
  ok    the engine 35.0 % over its maximum for 3 s reaches 'failed' (want 'failed'; dose 0.30) - the failure dose 0.30 >= 0.25: a thrown rod / valve [GAME - no source]
  ok    the engine 50.0 % over its maximum for 1.05 s reaches 'failed' (want 'failed'; dose 0.26) - 50 % over for 1 s [GAME - no source]
  (Lycoming Service Bulletin No. 369 family (engine inspection after overspeed; current letter not recalled))
  ok    23.361(c): 4 cylinders -> limit torque = mean x 2 [as recalled - A0 to open]
  ok    23.361(c): 3 cylinders -> limit torque = mean x 3 [as recalled - A0 to open]
  ok    23.361(c): 2 cylinders -> limit torque = mean x 4 [as recalled - A0 to open]
  ok    23.361(c): 6 cylinders -> limit torque = mean x 1.33 [as recalled - A0 to open]
  ok    23.361(c): 9 cylinders -> limit torque = mean x 1.33 [as recalled - A0 to open]
  ok    23.361(c): a turboprop -> limit torque = mean x 1.25 [as recalled - A0 to open]
  ok    a strike 2 % into the disc (soft, tip 200 m/s, the blade's 120): brush - tips dressed on the ground (no separation on a soft brush) [GAME - no source]
  ok    a strike 10 % into the disc (soft, tip 80 m/s, the blade's 120): bent - a bite of 10 % into the ground at idle: bent [GAME - no source]
  ok    a strike 30 % into the disc (soft, tip 80 m/s, the blade's 120): stoppage - 30 %: the prop stopped (SB 533's sudden stoppage) [GAME - no source]
  ok    a strike 10 % into the disc (rigid, tip 80 m/s, the blade's 120): stoppage - a trunk 10 % into the disc stops it [GAME - no source]
  ok    a strike 20 % into the disc (water, tip 80 m/s, the blade's 120): bent - the water gives: bent at 20 % [GAME - no source]
  ok    a strike 3 % into the disc (rigid, tip 211 m/s, the blade's 120): separation - a wood tip grazing a trunk at full power breaks off [GAME - no source]
  ok    a strike 3 % into the disc (rigid, tip 150 m/s, the blade's 200): brush - an alloy tip at 150 m/s only dents [GAME - no source]
  ok    a strike 10 % into the disc (soft, tip 211 m/s, the blade's 120): separation - wood into the ground at full power: a blade breaks [GAME - no source]
  ok    a strike 5 % into the disc (water, tip 150 m/s, the blade's 120): bent - carbon into the water at 150 m/s bends (the water gives: 1.6 x the tip speed) [GAME - no source]
(1133 s, 5 builds; damage on, on the certificate)
Cub:
2. THE DIVES (Lycoming Service Bulletin No. 369 family)
  ok    VNE full (52.11 m/s, throttle 1.00): 2580 rpm against 2300 (12.2 %), tip Mach 0.79 -> 'inspect' (SB 369: an inspection) [as recalled - A0 to open]
  ok    1.1 VD full (63.69 m/s, throttle 1.00): 2797 rpm against 2300 (21.6 %), tip Mach 0.86 -> 'overhaul', rough (thrust x 0.85, the teardown owed) [as recalled - A0 to open]
  ok    VNE cruise (52.11 m/s, throttle 0.65): 2300 rpm against 2300 (0.0 %), tip Mach 0.71 -> 'logged' (inside SB 369's no-action band: 1.97 s logged) - no exceedance
  ok    VNE idle (52.11 m/s, throttle 0.00): 1653 rpm against 2300 (-28.2 %), tip Mach 0.52 -> 'none' - no exceedance
  ok    VNE off (52.11 m/s, throttle 0.00): 1526 rpm against 2300 (-33.6 %), tip Mach 0.49 -> 'none' - no exceedance
3. THE STRIKES (Lycoming Service Bulletin No. 533 family: any strike -> a teardown) [as recalled - A0 to open]
  ok    a nose-over at 2 m/s: the disc meets the ground 0.02 s in, the strike 0.05 s (the base: only once the nose's nodes did) - 'stoppage' (bite 0.17 R, tip 111 m/s), the engine stopped, a teardown owed
  ok    a nose-over at 4 m/s: the disc meets the ground 0.02 s in, the strike 0.03 s (the base: only once the nose's nodes did) - 'stoppage' (bite 0.15 R, tip 111 m/s), the engine stopped, a teardown owed
  ok    a nose-over at 8 m/s: the disc meets the ground 0.02 s in, the strike 0.02 s (the base: only once the nose's nodes did) - 'stoppage' (bite 0.16 R, tip 112 m/s), the engine stopped, a teardown owed
  ok    a brush (2 cm of soil past the turf's 5 cm): 'brush', the engine runs on, a teardown still owed (SB 533: any strike that needs the prop repaired)
  ok    a trunk in the disc at 3 m/s: 'separation' (tip 128 m/s: the blades broke off), the engine stopped (a sudden stoppage)
  ok    a trunk grazing the tips (3 cm) at full power (2116 rpm, tip 212 m/s): a blade breaks off and the prop turns on short of it - 30.76 kN of imbalance (m e w^2) - the mount lets go 0.02 s later (the engine leaves) [GAME - no source]
  ok    the same graze at idle (644 rpm, tip 64 m/s): 'brush', the engine runs, the mount holds
5. THE MOUNT (23.361 / .363 / .371 as certificate cases; the stamped members) [as recalled - A0 to open]
  --    the limit torque 402.73 N m (mean 201.37 x 1 through the reduction x 2, 4 cylinders); the prop's I 1.14 kg m2 at 240.86 rad/s; the drive cases govern gyro371c 1, gyro371a 1, gyro371d 1, gyro371b 1 of the mount members' limits
  ok    torque361: the mount holds it with no set (worst 0.31 of its yield, CGE-S0TL) and lets go at 3.27 x it (CGE-S0TL: past the ultimate, 1.5)
  ok    side363R: the mount holds it with no set (worst 0.23 of its yield, CGE-S0TR) and lets go at 4.39 x it (CGE-S0TR: past the ultimate, 1.5)
  ok    side363L: the mount holds it with no set (worst 0.23 of its yield, CGE-S0TL) and lets go at 4.39 x it (CGE-S0TL: past the ultimate, 1.5)
  ok    gyro371a: the mount holds it with no set (worst 0.45 of its yield, CGE-S0TR) and lets go at 2.21 x it (CGE-S0TR: past the ultimate, 1.5)
  ok    gyro371b: the mount holds it with no set (worst 0.45 of its yield, CGE-S0TL) and lets go at 2.21 x it (CGE-S0TL: past the ultimate, 1.5)
  ok    gyro371c: the mount holds it with no set (worst 0.54 of its yield, ENGL-S0TL) and lets go at 1.85 x it (ENGL-S0TL: past the ultimate, 1.5)
  ok    gyro371d: the mount holds it with no set (worst 0.54 of its yield, ENGR-S0TR) and lets go at 1.85 x it (ENGR-S0TR: past the ultimate, 1.5)
  ok    the snap-roll entry (the controls full at V_A): yaw 0.95, pitch 2.00 rad/s (2.00 x 23.371's) - the mount at 0.71 of its certified yield (CGE-S0TR; no gyroscopic couple in the flown sim: the certificate carries it)
6. NORMAL OPERATIONS NEVER TOUCH IT
  ok    the circuit (completed, 335 s; the take-off at full power): no strike, no exceedance - the engine's peak 2284 rpm, the disc's least clearance 0.11 m
  ok    a 3.87 g pull at full power: no strike, no exceedance
  ok    half brakes from 12 m/s (the nose dips): no strike - the disc's least clearance 0.11 m
  ok    (and the classic: FULL brakes from 12 m/s stand the taildragger on its nose - 'stoppage' (bite 0.15 R), the engine stopped, a teardown owed)
Jodel:
2. THE DIVES (Lycoming Service Bulletin No. 369 family)
  ok    VNE full (60.35 m/s, throttle 1.00): 2585 rpm against 2300 (12.4 %), tip Mach 0.77 -> 'inspect' (SB 369: an inspection) [as recalled - A0 to open]
  FAIL  1.1 VD full (73.76 m/s, throttle 1.00): 3113 rpm against 2300 (35.4 %), tip Mach 0.93 -> 'failed', rough (thrust x 0.00, the teardown owed) [as recalled - A0 to open]
  ok    VNE cruise (60.35 m/s, throttle 0.65): 2304 rpm against 2300 (0.2 %), tip Mach 0.69 -> 'logged' (inside SB 369's no-action band: 2.98 s logged) - no exceedance
  ok    VNE idle (60.35 m/s, throttle 0.00): 1667 rpm against 2300 (-27.5 %), tip Mach 0.52 -> 'none' - no exceedance
  ok    VNE off (60.35 m/s, throttle 0.00): 1543 rpm against 2300 (-32.9 %), tip Mach 0.48 -> 'none' - no exceedance
3. THE STRIKES (Lycoming Service Bulletin No. 533 family: any strike -> a teardown) [as recalled - A0 to open]
  ok    a nose-over at 2 m/s: the disc meets the ground 0.03 s in, the strike 0.05 s (the base: only once the nose's nodes did) - 'stoppage' (bite 0.17 R, tip 106 m/s), the engine stopped, a teardown owed, the teardown finds internal damage
  ok    a nose-over at 4 m/s: the disc meets the ground 0.02 s in, the strike 0.03 s (the base: only once the nose's nodes did) - 'stoppage' (bite 0.15 R, tip 106 m/s), the engine stopped, a teardown owed, the teardown finds internal damage
  ok    a nose-over at 8 m/s: the disc meets the ground 0.02 s in, the strike 0.02 s (the base: only once the nose's nodes did) - 'stoppage' (bite 0.15 R, tip 107 m/s), the engine stopped, a teardown owed, the teardown finds internal damage
  ok    a brush (2 cm of soil past the turf's 5 cm): 'brush', the engine runs on, a teardown still owed (SB 533: any strike that needs the prop repaired)
  ok    a trunk in the disc at 3 m/s: 'separation' (tip 122 m/s: the blades broke off), the engine stopped (a sudden stoppage)
  ok    a trunk grazing the tips (3 cm) at full power (2116 rpm, tip 203 m/s): a blade breaks off and the prop turns on short of it - 26.47 kN of imbalance (m e w^2) - the mount lets go 0.02 s later (the engine leaves) [GAME - no source]
  ok    the same graze at idle (644 rpm, tip 62 m/s): 'brush', the engine runs, the mount holds
5. THE MOUNT (23.361 / .363 / .371 as certificate cases; the stamped members) [as recalled - A0 to open]
  --    the limit torque 402.73 N m (mean 201.37 x 1 through the reduction x 2, 4 cylinders); the prop's I 0.94 kg m2 at 240.86 rad/s; the drive cases govern gyro371c 1, gyro371a 1, gyro371d 1, gyro371b 1 of the mount members' limits
  ok    torque361: the mount holds it with no set (worst 0.29 of its yield, ENGR-S0TR) and lets go at 3.48 x it (ENGR-S0TR: past the ultimate, 1.5)
  ok    side363R: the mount holds it with no set (worst 0.11 of its yield, CGE-S0TR) and lets go at 9.47 x it (CGE-S0TR: past the ultimate, 1.5)
  ok    side363L: the mount holds it with no set (worst 0.11 of its yield, CGE-S0TL) and lets go at 9.47 x it (CGE-S0TL: past the ultimate, 1.5)
  ok    gyro371a: the mount holds it with no set (worst 0.30 of its yield, CGE-S0TR) and lets go at 3.30 x it (CGE-S0TR: past the ultimate, 1.5)
  ok    gyro371b: the mount holds it with no set (worst 0.30 of its yield, CGE-S0TL) and lets go at 3.30 x it (CGE-S0TL: past the ultimate, 1.5)
  ok    gyro371c: the mount holds it with no set (worst 0.54 of its yield, ENGL-S0TL) and lets go at 1.85 x it (ENGL-S0TL: past the ultimate, 1.5)
  ok    gyro371d: the mount holds it with no set (worst 0.54 of its yield, ENGR-S0TR) and lets go at 1.85 x it (ENGR-S0TR: past the ultimate, 1.5)
  ok    the snap-roll entry (the controls full at V_A): yaw 1.25, pitch 2.54 rad/s (2.54 x 23.371's) - the mount at 0.50 of its certified yield (CGE-S0BR; no gyroscopic couple in the flown sim: the certificate carries it)
6. NORMAL OPERATIONS NEVER TOUCH IT
  ok    the circuit (null, 340 s; the take-off at full power): no strike, no exceedance - the engine's peak 2285 rpm, the disc's least clearance 0.24 m
  ok    a 4.42 g pull at full power: no strike, no exceedance
  ok    half brakes from 12 m/s (the nose dips): no strike - the disc's least clearance 0.24 m
  ok    (and the classic: FULL brakes from 12 m/s stand the taildragger on its nose - 'stoppage' (bite 0.17 R), the engine stopped, a teardown owed)
metal Cessna:
2. THE DIVES (Lycoming Service Bulletin No. 369 family)
  ok    VNE full (71.51 m/s, throttle 1.00): 2845 rpm against 2575 (10.5 %), tip Mach 0.95 -> 'inspect' (SB 369: an inspection) [as recalled - A0 to open]
  ok    1.1 VD full (87.40 m/s, throttle 1.00): 3072 rpm against 2575 (19.3 %), tip Mach 1.03 -> 'inspect' (SB 369: an inspection) [as recalled - A0 to open]
  ok    VNE cruise (71.51 m/s, throttle 0.47): 2348 rpm against 2575 (-8.8 %), tip Mach 0.79 -> 'none' - no exceedance
  ok    VNE idle (71.51 m/s, throttle 0.00): 1788 rpm against 2575 (-30.6 %), tip Mach 0.62 -> 'none' - no exceedance
  ok    VNE off (71.51 m/s, throttle 0.00): 1640 rpm against 2575 (-36.3 %), tip Mach 0.58 -> 'none' - no exceedance
3. THE STRIKES (Lycoming Service Bulletin No. 533 family: any strike -> a teardown) [as recalled - A0 to open]
  ok    a nose-over at 2 m/s: the disc meets the ground 0.02 s in, the strike 0.03 s (the base: only once the nose's nodes did) - 'bent' (bite 0.04 R, tip 134 m/s), the engine running, a teardown owed
  ok    a nose-over at 4 m/s: the disc meets the ground 0.02 s in, the strike 0.02 s (the base: only once the nose's nodes did) - 'stoppage' (bite 0.16 R, tip 134 m/s), the engine stopped, a teardown owed
  ok    a nose-over at 8 m/s: the disc meets the ground 0.02 s in, the strike 0.02 s (the base: only once the nose's nodes did) - 'stoppage' (bite 0.19 R, tip 134 m/s), the engine stopped, a teardown owed
  ok    a brush (2 cm of soil past the turf's 5 cm): 'brush', the engine runs on, a teardown still owed (SB 533: any strike that needs the prop repaired)
  ok    a trunk in the disc at 3 m/s: 'stoppage' (tip 154 m/s), the engine stopped (a sudden stoppage)
  ok    a trunk grazing the tips (3 cm) at full power (2369 rpm, tip 256 m/s): a blade breaks off and the prop turns on short of it - 87.87 kN of imbalance (m e w^2) - the mount lets go 0.02 s later (the engine leaves) [GAME - no source]
  ok    the same graze at idle (721 rpm, tip 78 m/s): 'brush', the engine runs, the mount holds
5. THE MOUNT (23.361 / .363 / .371 as certificate cases; the stamped members) [as recalled - A0 to open]
  --    the limit torque 863.15 N m (mean 648.98 x 1 through the reduction x 1.33, 6 cylinders); the prop's I 2.80 kg m2 at 269.65 rad/s; the drive cases govern none of the mount members' limits
  ok    torque361: the mount holds it with no set (worst 0.25 of its yield, CGE-S0BR) and lets go at 4.02 x it (CGE-S0BR: past the ultimate, 1.5)
  ok    side363R: the mount holds it with no set (worst 0.12 of its yield, CGE-S0TR) and lets go at 8.54 x it (CGE-S0TR: past the ultimate, 1.5)
  ok    side363L: the mount holds it with no set (worst 0.12 of its yield, CGE-S0TL) and lets go at 8.54 x it (CGE-S0TL: past the ultimate, 1.5)
  ok    gyro371a: the mount holds it with no set (worst 0.36 of its yield, CGE-S0TR) and lets go at 2.77 x it (CGE-S0TR: past the ultimate, 1.5)
  ok    gyro371b: the mount holds it with no set (worst 0.36 of its yield, CGE-S0TL) and lets go at 2.77 x it (CGE-S0TL: past the ultimate, 1.5)
  ok    gyro371c: the mount holds it with no set (worst 0.60 of its yield, ENGL-S0TL) and lets go at 1.67 x it (ENGL-S0TL: past the ultimate, 1.5)
  ok    gyro371d: the mount holds it with no set (worst 0.60 of its yield, ENGR-S0TR) and lets go at 1.67 x it (ENGR-S0TR: past the ultimate, 1.5)
  ok    the snap-roll entry (the controls full at V_A): yaw 1.03, pitch 2.16 rad/s (2.16 x 23.371's) - the mount at 0.53 of its certified yield (CGE-S0TR; no gyroscopic couple in the flown sim: the certificate carries it)
6. NORMAL OPERATIONS NEVER TOUCH IT
  ok    the circuit (completed, 271 s; the take-off at full power): no strike, no exceedance - the engine's peak 2503 rpm, the disc's least clearance -0.04 m
  ok    a 4.99 g pull at full power: no strike, no exceedance
  ok    half brakes from 12 m/s (the nose dips): no strike - the disc's least clearance -0.04 m
Cessna floats:
2. THE DIVES (Lycoming Service Bulletin No. 369 family)
  ok    VNE full (82.30 m/s, throttle 1.00): 2994 rpm against 2575 (16.3 %), tip Mach 1.00 -> 'inspect' (SB 369: an inspection) [as recalled - A0 to open]
  ok    1.1 VD full (100.59 m/s, throttle 1.00): 3271 rpm against 2575 (27.0 %), tip Mach 1.10 -> 'overhaul', rough (thrust x 0.85, the teardown owed) [as recalled - A0 to open]
  ok    VNE cruise (82.30 m/s, throttle 0.62): 2668 rpm against 2575 (3.6 %), tip Mach 0.90 -> 'logged' (inside SB 369's no-action band: 10.38 s logged) - no exceedance
  ok    VNE idle (82.30 m/s, throttle 0.00): 2010 rpm against 2575 (-21.9 %), tip Mach 0.70 -> 'none' - no exceedance
  ok    VNE off (82.30 m/s, throttle 0.00): 1880 rpm against 2575 (-27.0 %), tip Mach 0.66 -> 'none' - no exceedance
3. THE STRIKES (Lycoming Service Bulletin No. 533 family: any strike -> a teardown) [as recalled - A0 to open]
  ok    the bow digging in at 90 km/h, 5 m/s, 20 deg (the ordinary water case): the disc clears the water by 0.27 m - no strike, the engine running
  ok    the bow digging in at 150 km/h, 10 m/s, 60 deg (TREECRASH's severe nose-in): the disc strikes the WATER - 'stoppage', the engine stopped
  ok    a trunk grazing the tips (3 cm) at full power (2369 rpm, tip 256 m/s): a blade breaks off and the prop turns on short of it - 87.88 kN of imbalance (m e w^2) - the mount lets go 0.02 s later (the engine leaves) [GAME - no source]
  ok    the same graze at idle (721 rpm, tip 78 m/s): 'brush', the engine runs, the mount holds
5. THE MOUNT (23.361 / .363 / .371 as certificate cases; the stamped members) [as recalled - A0 to open]
  --    the limit torque 863.15 N m (mean 648.98 x 1 through the reduction x 1.33, 6 cylinders); the prop's I 2.80 kg m2 at 269.65 rad/s; the drive cases govern none of the mount members' limits
  ok    torque361: the mount holds it with no set (worst 0.12 of its yield, CGE-S0BR) and lets go at 8.24 x it (CGE-S0BR: past the ultimate, 1.5)
  ok    side363R: the mount holds it with no set (worst 0.09 of its yield, CGE-S0BL) and lets go at 11.60 x it (CGE-S0BL: past the ultimate, 1.5)
  ok    side363L: the mount holds it with no set (worst 0.09 of its yield, CGE-S0BR) and lets go at 11.60 x it (CGE-S0BR: past the ultimate, 1.5)
  ok    gyro371a: the mount holds it with no set (worst 0.38 of its yield, ENGL-S0BL) and lets go at 2.61 x it (ENGL-S0BL: past the ultimate, 1.5)
  ok    gyro371b: the mount holds it with no set (worst 0.38 of its yield, ENGR-S0BR) and lets go at 2.61 x it (ENGR-S0BR: past the ultimate, 1.5)
  ok    gyro371c: the mount holds it with no set (worst 0.29 of its yield, ENGL-S0TL) and lets go at 3.48 x it (ENGL-S0TL: past the ultimate, 1.5)
  ok    gyro371d: the mount holds it with no set (worst 0.29 of its yield, ENGR-S0TR) and lets go at 3.48 x it (ENGR-S0TR: past the ultimate, 1.5)
  ok    the snap-roll entry (the controls full at V_A): yaw 1.63, pitch 1.91 rad/s (1.91 x 23.371's) - the mount at 0.21 of its certified yield (ENGL-S0BL; no gyroscopic couple in the flown sim: the certificate carries it)
6. NORMAL OPERATIONS NEVER TOUCH IT
  ok    the circuit (null, 340 s; the take-off at full power): no strike, no exceedance - the engine's peak 2654 rpm (logged 6.72 s), the disc's least clearance 0.17 m
  ok    a 5.10 g pull at full power: no strike, no exceedance
twin floatplane:
2. THE DIVES (Lycoming Service Bulletin No. 369 family)
  ok    VNE full (52.29 m/s, throttle 1.00): 7327 rpm against 6800 (7.8 %), tip Mach 0.86 -> 'logged' [as recalled - A0 to open]
  ok    1.1 VD full (63.91 m/s, throttle 1.00): 7946 rpm against 6800 (16.9 %), tip Mach 0.93 -> 'inspect' (SB 369: an inspection) [as recalled - A0 to open]
  ok    VNE cruise (52.29 m/s, throttle 0.55): 6294 rpm against 6800 (-7.4 %), tip Mach 0.74 -> 'none' - no exceedance
  ok    VNE idle (52.29 m/s, throttle 0.00): 4728 rpm against 6800 (-30.5 %), tip Mach 0.57 -> 'none' - no exceedance
  ok    VNE off (52.29 m/s, throttle 0.00): 4375 rpm against 6800 (-35.7 %), tip Mach 0.53 -> 'none' - no exceedance
3. THE STRIKES (Lycoming Service Bulletin No. 533 family: any strike -> a teardown) [as recalled - A0 to open]
  ok    the bow digging in at 90 km/h, 5 m/s, 20 deg (the ordinary water case): the disc strikes the WATER (the base: no strike on water at all) - 'stoppage', the engine stopped
  ok    the bow digging in at 150 km/h, 10 m/s, 60 deg (TREECRASH's severe nose-in): the disc strikes the WATER - 'stoppage', the engine stopped
  ok    a trunk grazing the tips (3 cm) at full power (2283 rpm, tip 228 m/s): a blade breaks off and the prop turns on short of it - 23.85 kN of imbalance (m e w^2) - the mount lets go 0.02 s later (the engine leaves) [GAME - no source]
  ok    the same graze at idle (695 rpm, tip 69 m/s): 'brush', the engine runs, the mount holds
  ok    4. the gearbox (Rotax 582 (B / C / E gearbox) and 912 Maintenance Manuals [as recalled - A0 to open]): a stoppage at full power shears the drive - the engine runs away unloaded (9860 rpm, 45.0 %) and throws a rod 1.27 s later [GAME - no source]
  ok    4. a stoppage at idle: the engine stops ('stoppage'), the gearbox marked for its inspection (Rotax's manual after a strike) [as recalled - A0 to open]
5. THE MOUNT (23.361 / .363 / .371 as certificate cases; the stamped members) [as recalled - A0 to open]
  --    the limit torque 739.03 N m (mean 70.52 x 2.62 through the reduction x 4, 2 cylinders); the prop's I 0.76 kg m2 at 259.80 rad/s; the drive cases govern gyro371c 2, gyro371d 2 of the mount members' limits
  ok    torque361: the mount holds it with no set (worst 0.35 of its yield, CGE-WF) and lets go at 2.89 x it (CGE-WF: past the ultimate, 1.5)
  ok    side363R: the mount holds it with no set (worst 0.11 of its yield, CGE-WR) and lets go at 8.86 x it (CGE-WR: past the ultimate, 1.5)
  ok    side363L: the mount holds it with no set (worst 0.11 of its yield, CGE-WR) and lets go at 8.86 x it (CGE-WR: past the ultimate, 1.5)
  ok    gyro371a: the mount holds it with no set (worst 0.37 of its yield, ENGR-WF) and lets go at 2.73 x it (ENGR-WF: past the ultimate, 1.5)
  ok    gyro371b: the mount holds it with no set (worst 0.37 of its yield, ENGL-WF) and lets go at 2.73 x it (ENGL-WF: past the ultimate, 1.5)
  ok    gyro371c: the mount holds it with no set (worst 0.55 of its yield, ENGL-WF) and lets go at 1.81 x it (ENGL-WF: past the ultimate, 1.5)
  ok    gyro371d: the mount holds it with no set (worst 0.55 of its yield, ENGR-WF) and lets go at 1.81 x it (ENGR-WF: past the ultimate, 1.5)
  ok    the snap-roll entry (the controls full at V_A): yaw 0.80, pitch 2.54 rad/s (2.54 x 23.371's) - the mount at 0.65 of its certified yield (MNTL-WF; no gyroscopic couple in the flown sim: the certificate carries it)
6. NORMAL OPERATIONS NEVER TOUCH IT
  ok    the circuit (completed, 292 s; the take-off at full power): no strike, no exceedance - the engine's peak 6428 rpm, the disc's least clearance 0.76 m
  ok    a 4.73 g pull at full power: no strike, no exceedance
  --    the teardown's internal damage (seeded, 15 %): AOPA, 2007 (the DEFORM doc §10.2's line: only 10-20 % of the engines torn down after a strike show internal damage) 10-20 % - a ratio for the bill, never a gate
  132/133 checks
GATE DMGDRIVE: FAIL
(exit code 1)
=== BUILD ===
ok     the shelf published window.GARAGE_SPEC
  ok     the shelf has an update door
  ok     the stock spec carries derived nulls (76)
  ok     the envelope is tagged flydiy-build
  ok     the envelope stamps the spec version
  ok     the envelope carries the plaque and the logbook beside the spec
  ok     ...and NOT inside it — a result is not a design decision
  ok     every derived null comes back a null, same paths
  ok     P -> cageToSpec -> cageFromSpec is identity
  ok     ...and the layer keys ride through, not just the cage ones
  ok     there are stock designs to check (6)
  ok     every stock design loads exactly as its preset applied
  ok     negative: the un-baked preset keys alone do NOT reproduce it
  ok     the shelf lists all 6 of them
  ok     the page declares at least one full build
  ok     cessna 172: the build declares sections, never a cage
  ok     piper cub: the build declares sections, never a cage
  ok     jodel D112: the build declares sections, never a cage
  ok     chinook: the build declares sections, never a cage
  ok     every declared build is a listed stock design
  ok     cessna 172: its engine rides through (a65_sensenich74)
  ok     cessna 172: its wing rides through
  ok     cessna 172: its paint and registration ride through
  ok     cessna 172: its finish rides through
  ok     piper cub: its engine rides through (a65_sensenich74)
  ok     piper cub: its wing rides through
  ok     piper cub: its paint and registration ride through
  ok     piper cub: its finish rides through
  ok     jodel D112: its engine rides through (a65_sensenich74)
  ok     jodel D112: its wing rides through
  ok     jodel D112: its paint and registration ride through
  ok     jodel D112: its finish rides through
  ok     chinook: its engine rides through (rotax582_ivo)
  ok     chinook: its wing rides through
  ok     chinook: its paint and registration ride through
  ok     chinook: its finish rides through
  ok     a partial sectioned file keeps the controls IT carried
  ok     ...and its propeller
  ok     ...and its systems
  ok     ...and its bracing
  ok     ...and its sectioned name and registration
  ok     ...and the cage it actually carried
  ok     a pre-G3 flat spec still lifts into sections
  ok     ...carrying its name
  ok     a cage-only file loads as a whole spec, not a fragment
  ok     ...still carrying its cage
  ok     ...with the derived fields still null, not frozen
  ok     the name and registration survive a build
  ok     ...and the paint you chose
  ok     ...and the prop, the cowl and the fuel
  ok     ...and the wing placement, which merges INSIDE the wing the join rewrote
  ok     while the joined rows land: span is the editor's
  ok     ...and the measured gear
  ok     ...and the shape rides along
  ok     explodeD never reaches the spec
  ok     ...while a real deviation still does
  ok     ...and an older file carrying one cannot set it either
  ok     the unnamed working build saves with no slot name
  ok     ...and takes the name once you give it one
  ok     the named slot is written
  ok     and the shelf lists it
  ok     saving stamps the logbook stub with a build date
  ok     the factory finish is null — a spec that says nothing gets the aeroplane its construction implies
  ok     a spec from before the field normalises to the factory finish
  ok     a finish rides through normalise verbatim — aeroskin.js owns which names and ranges are real, not this level
  ok     clampSpec nulls a truthy non-object finish, the way it does the cage
  ok     ...and leaves a real one alone
  ok     the join writes the finish onto the build
  ok     ...and writes the NULL, so paint can be stripped off again
  ok     ...and says nothing at all when nothing measured it
  ok     a changed tint is the new one
  ok     ...and a section whose override was cleared is GONE
  ok     ...and so is a wear that went back to zero
  ok     and stripping the aeroplane back to the factory finish sticks
  ok     applySpec applies the finish on every load, guarded only against a null spec
  ok     ...and NOT only when the file happens to carry one
  ok     both halves are published on window.CAGE_UI
  ok     there are vintage fixtures to load (12)
  ok     vintage build_flat_pre-v3.json loads and lands on v10
  ok     vintage build_v10_birdman_2026-09-18.json loads and lands on v10
  ok     the fat build_v10_birdman_2026-09-18.json re-saves without the aeroplane changing
  ok     and the re-save of build_v10_birdman_2026-09-18.json carries every row (996 of 996)
  ok     vintage build_v10_c172_wipline2350_2026-09-20.json loads and lands on v10
  ok     the fat build_v10_c172_wipline2350_2026-09-20.json re-saves without the aeroplane changing
  ok     and the re-save of build_v10_c172_wipline2350_2026-09-20.json carries every row (1010 of 1010)
  ok     vintage build_v10_cessnaMetal_2026-09-26.json loads and lands on v10
  ok     the fat build_v10_cessnaMetal_2026-09-26.json re-saves without the aeroplane changing
  ok     and the re-save of build_v10_cessnaMetal_2026-09-26.json carries every row (996 of 996)
  ok     vintage build_v5_2026-08-30.json loads and lands on v10
  ok     the fat build_v5_2026-08-30.json re-saves without the aeroplane changing
  ok     and the re-save of build_v5_2026-08-30.json carries every row (809 of 809)
  ok     vintage build_v5_swept_2026-09-01.json loads and lands on v10
  ok     vintage build_v5_swept_2026-09-01.json: area + MAC survive the migration exactly
  ok     vintage build_v5_swept_2026-09-01.json: mass within 1.5% (521.7 vs frozen 521.3)
  ok     vintage build_v5_swept_2026-09-01.json: xAC inside the honesty window (1.1580 vs frozen 1.2861)
  ok     the fat build_v5_swept_2026-09-01.json re-saves without the aeroplane changing
  ok     and the re-save of build_v5_swept_2026-09-01.json carries every row (677 of 677)
  ok     vintage build_v7_twin_2026-09-04.json loads and lands on v10
  ok     the fat build_v7_twin_2026-09-04.json re-saves without the aeroplane changing
  ok     and the re-save of build_v7_twin_2026-09-04.json carries every row (688 of 688)
  ok     vintage build_v7_ultralight_2026-09-05.json loads and lands on v10
  ok     the fat build_v7_ultralight_2026-09-05.json re-saves without the aeroplane changing
  ok     and the re-save of build_v7_ultralight_2026-09-05.json carries every row (706 of 706)
  ok     vintage build_v8_drawn-tail_2026-09-08.json loads and lands on v10
  ok     vintage build_v8_drawn-tail_2026-09-08.json: area + MAC survive the migration exactly
  ok     vintage build_v8_drawn-tail_2026-09-08.json: mass within 1.5% (497.2 vs frozen 497.6)
  ok     vintage build_v8_drawn-tail_2026-09-08.json: xAC inside the honesty window (0.8677 vs frozen 0.8677)
  ok     vintage build_v8_drawn-tail_2026-09-08.json: the drawn tail it carries flies as drawn (Sh 2.294, Sv 1.248, not auto)
  ok     the fat build_v8_drawn-tail_2026-09-08.json re-saves without the aeroplane changing
  ok     and the re-save of build_v8_drawn-tail_2026-09-08.json carries every row (671 of 671)
  ok     vintage build_v8_pusher_2026-09-11.json loads and lands on v10
  ok     the fat build_v8_pusher_2026-09-11.json re-saves without the aeroplane changing
  ok     and the re-save of build_v8_pusher_2026-09-11.json carries every row (705 of 705)
  ok     vintage build_v8_twin-boom_2026-09-11.json loads and lands on v10
  ok     the fat build_v8_twin-boom_2026-09-11.json re-saves without the aeroplane changing
  ok     and the re-save of build_v8_twin-boom_2026-09-11.json carries every row (697 of 697)
  ok     vintage build_v9_stock_2026-09-15.json loads and lands on v10
  ok     the fat build_v9_stock_2026-09-15.json re-saves without the aeroplane changing
  ok     and the re-save of build_v9_stock_2026-09-15.json carries every row (991 of 991)
  ok     the default aeroplane bakes to EVERY row it knows (672 keys) — a default that moves cannot move a saved design
  ok     ...cage rows and layer rows at their values, the view keys out
  ok     deviating one layer key changes that value and adds no key
  ok     a slim (older) file still loads: what it names it fixes, what it predates takes the default
  ok     the migrator table carries exactly v5->v6 (the wing stations), v6->v7 (the energy vessels), v7->v8 (the rod taper), v8->v9 (the boom loft) and v9->v10 (the construction tile)
  ok     v9->v10: an absent tile on an alloy spec becomes the alloy tile
  ok     v9->v10: a chosen tile is kept over the spec's material
  ok     v9->v10: no material at all -> the steel tube tile (the default aeroplane)
  ok     v9->v10: a save with no cage is left alone
  ok     v7->v8: a rod save carries its taper into boomLen (2.99 -> 4.45)
  ok     v7->v8: a lofted taper is left alone
  ok     v7->v8: twin booms are left alone
  ok     v7->v8: absent keys read as the cage defaults (4.584)
  ok     v8->v9: a lofted twin boom's diameter and taper become its four sizes (0.2/0.3 -> 0.1/0.15)
  ok     v8->v9: a rod twin boom stays round
  ok     v8->v9: a save without the pair is left alone
  ok     sense: a counter-rotating pair keeps both hands through resolveSpec
  ok     sense: absent reads as +1
  ok     sense: anything but -1 is +1
  ok     a v3 spec walks 3 then 4, in order
  ok     ...and lands stamped v10
  ok     ...and a migrator saw the RAW old shape (its rename took)
  ok     a current spec walks nothing
  ok     an old vintage is stamped current even with an empty table
  ok     a FUTURE spec keeps its claim — this build does not lie about understanding it
  ok     the plaque setter stores the certificate
  ok     the certificate rides in the envelope, beside the spec, sheets and all
  ok     loading hands the certificate to the bench, exactly once
  ok     ...and only AFTER the loaded spec was applied — the storm is over
  ok     a build saved without a certificate loads with none
  ok     G116/G213: naming the surface default out loud changes nothing
  ok     G213: a saved "wood" wing reads as fabric over wood
  ok     G116: a carbon wing moves the wing ledger
  ok     G116: the fixed-geometry sections moved by an order less than the wing (the gauge follows the gross)
  ok     G116: the engines did not move
  ok     G116: the gear re-rig is an order smaller than the wing change
  ok     G116: a carbon fin moves the tail ledger
  ok     G116: ...and the wing's and the fuselage's by an order less (the gauge)
  ok     G116: an unknown material falls back to the aeroplane's own
  ok     G116: the price moves the way the material table says
  ok     G117: the same members exist either way
  ok     G117: fuselage members move only by the aeroplane-level rescale
  ok     G117: the wing members split into structure (material) and bracing (aeroplane) and nothing else — 56/8/0
  ok     G117: the wing k moves by exactly the material table's own ratio
  ok     G117: the damping follows the same material
  ok     G117: naming the global changes no member at all
  ok     writing pax:0 explicitly is the same aeroplane as not writing it
  ok     pax 9 in a two-seater loads exactly one passenger, not nine (80.8 kg)
  ok     a passenger weighs 80 kg (80.8)
  ok     a passenger does not move the CG — the seat rows are collapsing onto one frame again, which is what made a full cabin load like a solo one (moved 102 mm)
  ok     side4: three passengers weigh 240 kg (242.1)
  ok     side4: filling the cabin does not move the CG AFT — the back row is being billed onto the front frame
  ok     tandem4: three passengers weigh 240 kg (238.5)
  ok     tandem4: filling the cabin does not move the CG AFT — the back row is being billed onto the front frame
  ok     measured seat stations change where people sit, not how much they weigh (-0.9 kg)
  ok     billing the people at their seats instead of the cabin pillars moves the CG FORWARD by their lever: expected 74 mm, got 78 mm — a pillar is not a chair
  ok     the seat lever is arithmetic the builder can check: expected +92 mm, got +98 mm
  ok     a malformed seatsX is ignored — the pillar rule stands
  ok     single still builds with 1 aboard (436.3 kg, cg 0.7135)
  ok     tandem2 still builds with 2 aboard (539.8 kg, cg 0.8449)
  ok     side2 still builds with 2 aboard (548.6 kg, cg 0.7340)
  ok     cabin.seats 6 on a side2 resolves to six seats (6)
  ok     two filled seats weigh 160 kg wherever they are (161.2 / 161.4)
  ok     the same two passengers in different seats are a different balance: expected +95 mm, got +97 mm
  ok     the loading numbers are read off the occupancy list (occupants 3, crew 1, pax 2)
  ok     the pilot is aboard whatever the list says — a seat 0 in the first place is ignored
  ok     a list longer than the seats is cut to the seats (6)
  ok     a malformed occupancy list reads as "the first N seats", never as a jump
  ok     pilots + pax without a list is the first N seats, exactly as before
  ok     the logbook counts its flights (built 2026-10-06 · 2 flights · 0.25 h)
  ok     and ACCRUES them: 294 + 600 s is 0.25 h (built 2026-10-06 · 2 flights · 0.25 h)
  ok     the arrival's own clock is on its row
  ok     the landing run rides the row
  ok     a refused flight is still a row
  ok     a row from before the clock is still a flight (built 2026-10-06 · 3 flights · 0.25 h)
  ok     ...and does not poison the total to NaN (built 2026-10-06 · 3 flights · 0.25 h)
  ok     the clock, the date and the run all ride the save envelope

GATE BUILD: PASS
=== JOIN ===
ok     span passes verbatim
  ok     chord tip -> taper
  ok     camber 4 / thick 12 -> NACA 4412
  ok     position + centre map by name
  ok     tip maps by name
  ok     tip seat passes; sweep never written (G140)
  ok     crank fields null while the crank is off
  ok     crank chord + seat pass when the crank is on
  ok     bracing maps
  ok     G185: the default cabane (N, stated) and a null cabane height off a high wing
  ok     G185: parasol position + cabane height
  ok     G185: cabane style rides with the parasol
  ok     G185: ailerons off -> span 0
  ok     G185: one plane and the truss rows at their defaults (stated) with w2On off
  ok     G185: the second plane carries its own rows
  ok     G185: the truss keys map (I strut at 0.55, flying wires only)
  ok     fairing switch -> gear.fairing (G121.1)
  ok     third-wheel switch -> gear.twFairing (G121.2)
  ok     leg-fairing switches -> gear.legFair / twLegFair (G133)
  ok     droplet sliders -> gear.fairTail / twFairTail (G133)
  ok     fairing build row -> gear.fairMat (G133)
  ok     drawn shock -> gear.suspension (G132)
  ok     drawn blade -> prop D / blades / material (G132)
  ok     pitch stays the design tile's alone — the join claims no twist
  ok     prop material map total over the 8 finishes, every entry a real row
  ok     every drawn shock kind is a real GEN_SUSPENSION row
  ok     control surfaces pass
  ok     preset -> registry key
  ok     registry row exists
  ok     registry row for "continental A-65"
  ok     registry row for "continental O-200"
  ok     registry row for "lycoming IO-360"
  ok     registry row for "jabiru 2200"
  ok     registry row for "VW 2180"
  ok     registry row for "flat twin"
  ok     registry row for "flat six"
  ok     registry row for "rotax 912 (flat)"
  ok     registry row for "rotax 277"
  ok     registry row for "rotax 582"
  ok     registry row for "Verner Scarlett 7U"
  ok     registry row for "Rotec R3600"
  ok     registry row for "P&W R-985"
  ok     registry row for "P&W R-1830"
  ok     registry row for "Walter Mikron III"
  ok     registry row for "DH Gipsy Major"
  ok     registry row for "Hirth HM 508D"
  ok     registry row for "Argus As 10C"
  ok     registry row for "lycoming O-320"
  ok     registry row for "lycoming O-540"
  ok     registry row for "continental IO-550"
  ok     registry row for "lycoming IO-720"
  ok     registry row for "rotax 915 iS"
  ok     registry row for "Ranger L-440"
  ok     registry row for "Continental W-670"
  ok     registry row for "Jacobs R-755"
  ok     registry row for "Vedeneyev M-14P"
  ok     registry row for "P&W R-1340"
  ok     registry row for "rotax 503"
  ok     registry row for "EMRAX 268"
  ok     registry row for "P&W PT6A-42"
  ok     registry row for "P&W PT6A-60A"
  ok     registry row for "RC 2212 outrunner"
  ok     registry row for "RC 6374 outrunner"
  ok     registry row for "e-PPG 12 kW"
  ok     registry row for "FES sustainer"
  ok     registry row for "EMRAX 228"
  ok     registry row for "pipistrel E-811"
  ok     registry row for "SP260D-class"
  ok     registry row for "P&W PT6A-114A"
  ok     registry row for "P&W PT6A-34"
  ok     gear measurements pass (wheelR, not contactR)
  ok     measured third wheel passes (G51)
  ok     cabin envelope passes
  ok     tail arm passes
  ok     tail-end section passes (G49)
  ok     cowl deck passes (G49)
  ok     pillar proportions pass (G52)
  ok     wing station passes (G52)
  ok     mains station passes (G52)
  ok     ride height passes (G53)
  ok     shape family passes (G54)
  ok     boom profile passes (G54.1)
  ok     tail surfaces pass (G54.3)
  ok     P1: the areas, the mean chords, the dorsal and the control chords pass
  ok     P4: the measured tapers pass
  ok     seating + pilots pass (sectioned)
  ok     capacity + occupancy pass (G180: seats 4, occupied 1,1,0,0, pax 0)
  ok     spec.cage rides along
  ok     resolveSpec + genFrame -> finite CG, mass 563 kg
  ok     engine survives normalisation
  ok     RESOLVED cab halfW = measured 0.52, not auto
  ok     RESOLVED cab h = measured 1.21, not auto
  ok     RESOLVED tail arm = measured 5.1, not auto
  ok     RESOLVED tail-end section = measured (tailY 0)
  ok     RESOLVED cowl deck = measured 0.66, not auto
  ok     RESOLVED pillar proportions = measured, len not auto
  ok     RESOLVED fairing = spat, through the clamp
  ok     RESOLVED third-wheel fairing = full, through the clamp
  ok     RESOLVED fairing state 0 -> none
  ok     RESOLVED fairing state 2 -> full
  ok     RESOLVED fairing instruments = drawn, through the clamp
  ok     RESOLVED out-of-range droplet clamps to 1.60, unknown layup -> glass
  ok     RESOLVED suspension = drawn oleo, through the clamp
  ok     RESOLVED suspension state 0 -> spring
  ok     RESOLVED suspension state 1 -> bungee
  ok     RESOLVED suspension from leg kind 0 -> spring
  ok     RESOLVED suspension from leg kind 2 -> oleo
  ok     RESOLVED prop = drawn 3-blade carbon 2.10 m
  ok     RESOLVED prop name derived from the drawn blade: 3-blade carbon 2.10 m
  ok     RESOLVED post gap = measured 0.42
  ok     RESOLVED wing LE station = measured 0.55, not auto
  ok     RESOLVED mains station = measured 0.82
  ok     RESOLVED seating side2, crew 2
  ok     RESOLVED capacity 4 off cabin.seats (not the table's 2), two aboard off the list (G180)
  ok     RESOLVED gear track + wheelR = measured
  ok     RESOLVED ride height = measured -0.31, not auto (G53)
  ok     RESOLVED shape family = measured boom
  ok     RESOLVED boom profile = measured rows, clamped envelope
  ok     RESOLVED tail surfaces = measured, stations not auto
  ok     P1 RESOLVED: Sh 2.1 / Sv 0.99 stand (not auto), mean chords, dorsal 0.12, control chords 0.38 / 0.31
  ok     P1 FRAME: the stab strips sum to Sh 2.1 and the fin strip is Sv 0.99 (2.1000 / 0.9900)
  ok     P1 FRAME: the measured (smaller) control chords reach the tau (0.489 < 0.500, 0.483 < 0.550)
  ok     P4 FRAME: the tail has spar nodes (HF 6, HR 6, VF 3, VR 3) and one tip a side
  ok     P4 FRAME: the tip nodes and the apex are made before their spars (the first-tagged rule)
  ok     P4 FRAME: 156 tail-class members, none of the tail on the fuselage class
  ok     P4 FRAME: every stab and fin strip names its four spar nodes
  ok     P4 FRAME: the trusses stand on the measured tapers (0.6 / 0.7)
  ok     P4 FRAME: the front spar carries through (HF0L–HF0R)
  ok     P4: the strips keep their kind
  ok     FRAME mid-boom floor follows the measured profile (0.280 vs 0.280)
  ok     RESOLVED tailwheel station/height/radius = measured
  ok     RESOLVED contactR derives from the measured wheelR
  ok     measurement-less export still builds
  ok     a P without skinOn writes no covering
  ok     skinOn 1 -> fuselage.covering skin (stated)
  ok     glazeOn 1 / 0 -> cabin.glazing glass / none (both stated)
  ok     wgCons 0 / 1 -> wings[0].material null / carbon (both stated)
  ok     finCons / stCons 0 -> the tail materials null (stated)
  ok     skinOn 0 -> fuselage.covering open
  ok     RESOLVED covering = open
  ok     an open frame is lighter than the covered one (562.7 -> 549.8 kg)
  ok     an open frame is draggier (fusCdA 0.510 -> 0.958 m2)
  ok     a nonsense covering clamps to skin
  ok     a P without the tile writes no material; with it, the tile's (undefined)
  ok     intCons 0 -> fuselage.material carbon
  ok     RESOLVED material = carbon
  ok     intCons 1 -> fuselage.material tubeFabric
  ok     RESOLVED material = tubeFabric
  ok     intCons 2 -> fuselage.material wood
  ok     RESOLVED material = wood
  ok     intCons 3 -> fuselage.material alloy
  ok     RESOLVED material = alloy
  ok     intCons 4 -> fuselage.material aluTube
  ok     RESOLVED material = aluTube
  ok     an alloy fuselage is heavier than the tube one (45.7 -> 80.7 kg)
  ok     an out-of-range tile clamps to the last row (aluTube since G466)
  ok     default mount: nose, no station written
  ok     engMount 1 -> pusher at the drawn station
  ok     RESOLVED engAt = the drawn pusher station
  ok     pusher frame: two mount nodes at x 3.1 (13.0/13.0 kg of blades), the engine (65.5 kg) on its CG node 0.23 m ahead of the flange
  ok     a pusher is one engine
  ok     engMount 3 -> a wing pair, |z| 2.1
  ok     wing pair: nEngines 2, mirrored nacelle nodes at |z| 2.1
  ok     engRotate 1 -> port +1, starboard -1 (tops inward)
  ok     RESOLVED: the pair keeps its hands and stays mirrored in everything else
  ok     engAt carries side (-1 port, +1 starboard) and sense
  ok     engRotate 2 -> tops outward
  ok     refs.engineOf: node 0 (port, z < 0) is engine 0, node 1 is engine 1
  ok     params.engines carries side and sense to the viewer
  ok     levers null: two equal engines, thrust their sum (3132 N)
  ok     starboard lever at 50 %: half the port thrust (1566 / 783 N)
  ok     a cut engine makes no thrust, the other still does
  ok     port thrust alone is a real yaw moment (3289 N m)
  ok     the nose swings on one engine (-171.7 deg in 3 s)
  ok     levers null again: even again
  ok     engMount 2 -> over the wing, pylon 0.4, station derived
  ok     RESOLVED over-the-wing engine sits a pylon above the deck (1.71 m)
  ok     over-the-wing frame: mount nodes above the cabin
  ok     boomX -> tail.type twinBoom
  ok     RESOLVED Sv = two measured fins (1.440)
  ok     P1: a measured twin Sv (the join doubled the drawn fin) stands over the twin rule
  ok     a twin-boom spec builds
  ok     the frame has two booms: the stab nodes at ±boomX, a fin node a boom
  ok     default glazing writes nothing
  ok     glazeOn 0 -> cabin.glazing none
  ok     an open cockpit is lighter (562.7 -> 556.1 kg)
  ok     a nonsense glazing clamps to glass
  ok     a flat stab writes no tail.type
  ok     cant 35 -> tail.type v, vAngle 35
  ok     RESOLVED type v, vG = 35 deg
  ok     RESOLVED V-tail keeps the measured projection 2.4 (2.400)
  ok     RESOLVED V panel area = (span / cos) x chord
  ok     P1: a measured V Svt 2.2 stands and its mean chord is Svt over the uncanted span
  ok     V-tail frame builds, and has no FIN node
  ok     a 10 deg dihedral stab is not a V
  ok     engineFacts land as engines[0].custom
  ok     the preset key survives as the fallback row
  ok     RESOLVED pplant flies the custom facts under the honest name
  ok     an unpriced custom row takes the market curve
  ok     a custom-engined spec builds to a finite CG
  ok     no facts -> no custom row (the registry preset flies)
  ok     G199.3: unmeasured post rows are not written (the save's own stand)
  ok     G199.3: unmeasured tail surface rows are not written
  ok     G199.5: the cage's boom construction reaches the spec (rod / loft / twin)
  ok     G199.5: ...and survives resolveSpec
  ok     G199.5: the rod boom builds the same lattice (nodes and members)
  ok     G199.5: every boom member carries ONE rodBoomK (1.000, the rule says computed) on k and its root on c, nothing else moved (77 boom, 284 other)
  ok     G199.5: the stiffening weighs nothing
  ok     G199.5: a cage without a boomStyle row declares a loft
  ok     G199.5: turned to 4, every boom member is 4x (the switch works)
  ok     G209: the PORT aileron (the cage's "ailR", at +z) goes DOWN for da > 0 (roll right)
  ok     G209: the starboard aileron goes UP for da > 0
  ok     G209: both flaps go DOWN for flap > 0
  ok     G209: the elevator goes UP for de > 0 (nose up), no second drive on a flat stab
  ok     G209: the rudder swings to PORT (+z) for dr > 0 (nose left)
  ok     G209: a raked post hinges along its rake; the twin-boom's second rudder reads as a rudder
  ok     G209: a cranked panel's aileron hinges along its own root, within 1 deg, either side
  ok     G209: ...and still antisymmetric: port down, starboard up for da > 0
  ok     G209: past 20 deg of cant both panels answer the rudder too, hinged along the canted root
  ok     G209: V-tail de > 0: both panels UP
  ok     G209: V-tail dr > 0 (nose left): port panel DOWN, starboard UP, both trailing edges to port
  ok     G209: 10 deg of stab dihedral is not a V-tail
  ok     P1: the vertex heuristic puts a horn-balanced rudder's pivot in the HORN (x -0.125)
  ok     P1: the declared plane puts it on the post (x 0.000), axis up the post, drive and sign unchanged
  ok     P1: a declared plane that catches no vertex falls back to the heuristic, and says so
  ok     P1: the real horn-cut rudder (448 verts) pivots ON the declared plane (0.0025 m off), axis along the pitched post
  ok     P1: ...where the vertex heuristic had put it 0.321 m forward, in the horn
  ok     G209: the measured cant makes the spec a V-tail
  ok     G209: V-tail dr > 0 yaws nose LEFT (1482)
  ok     G209: V-tail de > 0 pitches nose UP (2147)
  ok     G300: a partOf tag names the part, whatever the mesh is called
  ok     G300: ...and on a single boom it still names it (the join finds no such part and keeps it static)
  ok     G300: a boom fitting names its boom
  ok     G300: the tail light names the rudder
  ok     G267.2: the fin skin is a part on twin booms only
  ok     G300: the root fillet belongs to the fin on twin booms
  ok     the surfaces, links and the castor match by name as before
  ok     the wheels and the prop match by name as before
  ok     the struts and the engine units carry their members
  ok     an unknown name, an unnamed group and a stab skin on a single boom keep walking (static)
  ok     G1283: the wing envelope has its one home (GEN_WING_ENVELOPE.xLE)
  ok     G1283: the station-cut row speaks exactly where the resolver cuts xLE (10/10 probes)
  ok     G1283: a wing drawn 0.35 m ahead of the firewall flies at the envelope's -0.2 m and says so
  ok     G1283: a station inside the envelope flies as measured, in silence
  ok     G1283: no core loaded, no claim
GATE JOIN: PASS
=== BENCH ===
THE SHEET
  ok   drawPlaque prints 48 literal rows
  ok   every row has an explanation
  ok   every section heading has its line
  ok   the energy section's two headings are explained
  ok   climb bound 0.5 m/s, red below it
  ok   take-off run 500 / 1100 m
  ok   static margin 0.05 / 0
  ok   crosswind 4 / 2 m/s
  ok   prop clearance 0.12 / 0.05 m
  ok   the four loading corners left the plaque
  ok   the bench check runs without the corners
  ok   judge: climb
  ok   judge: take-off run
  ok   judge: static margin
  ok   the band bar's marker stays on the bar and its zone is the judge's
  ok   the marker moves monotonically with the value
  ok   the sheet renders headings and rows
  ok   a red row carries its fix in the hover text
  ok   a judged row carries its band bar
  ok   no row went unexplained
THE WORD
  ok   a new colour, a new finish and a new name keep the fingerprint
  ok   a longer wing changes it
  ok   a cage row changes it
  ok   the hash is eight hex digits and stable
  ok   FNV-1a reference values
  ok   the cosmetic set is paint, finish, meta
  ok   a tank hue, tint or finish keeps it
  ok   the panel bezel keeps it
  ok   the lights, who is aboard, a view toggle and a look row keep it
  ok   a cage row added at its default keeps it
  ok   the key order keeps it
  ok   a float printed to the last digit keeps it
  ok   a cage row moved off its default changes it
  ok   a row put back to its default changes it (it was moved)
  ok   a vessel capacity changes it
  ok   the systems fit changes it
  ok   without defaults every row counts (a core-only caller)
  ok   the scheme is named in the tag
  ok   canonical JSON sorts keys at every depth
  ok   fpNow reads the default aeroplane garage.js publishes
  ok   another PHYSICS_V is another fingerprint, the same one the same
  ok   the versions are folded in (a bare context reads v0|p0)
  ok   the dirty hook compares fingerprints
  ok   the restore withdraws a changed, unstamped or old-scheme certificate instead of stamping the live fingerprint on it
  ok   a withdrawn certificate is kept, struck through
  ok   every settled result is dated
  ok   BENCH_STATE carries the advised trim only from a live, accepted flight
  ok   roll-out seeds the hand from the advised trim
  ok   the pilot publishes the trim it held
  ok   trim words in clicks of 0.02
THE STRIP
  ok   the phase strip knows all 19 pilot phases
  ok   the crosswind leg is cruise, taxi and stopped map to their steps (A9: the ladder has its own card)
  ok   all six roundels draw on a stub context
  ok   the master roundel draws: AIRWORTHY, 250 mm, on page 7
  ok   the master is dated by the last GATING certificate (a rating does not date it)
  ok   a roundel is a disc with lettering round it
  ok   one sticker per declared test, and every test has one (six: the crosswind's A9, the hydroplane's S1 G451.1)
  ok   six 120 mm roundels in a 0.87 m strip
  ok   no decal block = the rear fuselage under the registration
  ok   the fin place (box side frame), fine-tuned, smaller, turned
  ok   with a measured fin, the strip is centred on its chord 0.35 m under the top
  ok   without a chord, hung short of the top's station
  ok   no decal block = the master 250 mm, one roundel wide
  ok   the master on the fin, fine-tuned, bigger, turned — on its own keys
  ok   the master off hides the master and not the strip
  ok   with a measured wing, the strip lies across the span on its chord station
  ok   stickers shown off = no strip
  ok   five named places, each with surfaces and a projection
  ok   the sticker keys are decal defaults, so they ride finish.decals — and the default place is the fin
  ok   the master keys are decal defaults too (the rear fuselage under the registration), with their panel rows
  ok   the panel has a stickers block and the finish view a heading for it
  ok   the strip lives on atlas page 6 (0 reg, 1-2 images, 3-5 the kit)
  ok   the shader has the eighth decal slot (the strip and the master)
  ok   aeroDecalsFor takes the stickers through the hook, with the decal block
  ok   the manifest carries plaque.js, stickers.js, bench_worker.js, bench.js and bench.css
  ok   the editor can be asked to rebuild its decal list
THE THREAD
  ok   the worker imports this module and the core bundle, and names the rig and the ladder
  ok   the page backend steps under a frame's budget
  ok   the rig's thread is killed at every way out (5 sites), with terminate()
  ok   the certificate fails on a break-up or the tip cap, never on the yield proxy
  ok   the proxy is reported as a warning, named for what it is
  ok   the fix line names rows that exist (fixation, construction, span), not a deeper spar
  ok   the advisor's levers are the wing page's rows; thickness and spar stations are not offered (measured useless / worse)
  ok   a cantilever aluminium wing is offered struts, carbon and a metre off — not aluminium again
  ok   a wing that follows an aluminium fuselage is not offered aluminium either (genSurfKey decides)
  ok   the advisor runs after the verdict through the bridge, line by line
  ok   a lever line names the row and the tip it buys
  ok   the test flight is a flown card: it hands off to the game
  ok   an arrival on the pilot awards, with the landing run and the trim
  ok   a refusal is a failed test with its reason
  ok   an arrival by hand awards, and carries no trim reading
  ok   logFlight hands every flight to the bench; the offscreen circuit is gone
  ok   the game pilot publishes the trim it held (the advisor reads the real flight now)
  ok   the director cuts on the phases and a framing pick ends it
  ok   2x steps twice a frame (twice what the real time owes, G586), refuses floats, drops itself
  ok   the crosswind is its own advisory card
  ok   the verdict names the limit and every rung
  ok   under the plaque's bar it says why, with the first failed rung
  ok   the probe publishes its rungs as they land (read-only)
  ok   the plaque has the crosswind section, from the card's sheet
  ok   the worker's run is the rig: same verdict, same tip (HELD, 1.022 %)
THE FLIGHT
  ok   the default garage build leaves LIFTOFF for CLIMB within 40 s of lifting off (10 s)
  ok   it flies the whole circuit and stops: completed — ROLL LIFTOFF CLIMB CRUISE TURNBACK INBOUND APPROACH FLARE ROLLOUT STOPPED
  ok   with a landing run (296 m)
THE FIRST FLIGHT
  ok   an unarmed arrival settles the flight certificate on the roll-out's fingerprint (161a1797)
  ok   the award card shows on the first arrival and not again (1, then 0)
  ok   the reload restores it valid, with its first day
  ok   NEGATIVE: the pre-G700 arrival (fingerprinted out in the world) is lost on the reload (certified before fingerprints)
  ok   app.js rollOut fingerprints the aeroplane before it closes the editor

109/109 checks
GATE BENCH: PASS
=== LOAD ===
LOAD — the sandbag test. FAR 23 normal category: LIMIT +3.8 g (no permanent
set), ULTIMATE +5.7 g (no failure). Load laid out over the wing strips in
proportion to their area, applied against the aeroplane's own inertia, and
measured from the FREE-FALL jig shape. Deflection is % of semispan.

Real light aircraft, for scale: ~0.3-1 % of semispan at 1 g, ~2-4 % at limit.

airframe                     1.0 g    3.8 g LIMIT   5.7 g ULT    worst member @ult
  GEN tubeFabric strut         0.18 %      0.68 %        1.02 %     37% of yield (wing)   ok
  GEN tubeFabric cantilever    2.86 %     10.84 %       16.24 %    125% of yield (wing)   over yield
  GEN wood strut               0.22 %      0.82 %        1.23 %     37% of yield (wing)   ok
  GEN wood cantilever          2.11 %      7.90 %       11.73 %     99% of yield (wing)   ok
  GEN alloy strut              0.08 %      0.29 %        0.44 %     29% of yield (wing)   ok
  GEN alloy cantilever         1.01 %      3.81 %        5.70 %     82% of yield (wing)   ok
  GEN carbon strut             0.05 %      0.18 %        0.27 %      4% of yield (wing)   ok
  GEN carbon cantilever        0.61 %      2.33 %        3.49 %     13% of yield (wing)   ok
  GEN aluTube strut            0.53 %      2.01 %        3.03 %     39% of yield (wing)   ok
  GEN aluTube cantilever       6.92 %     25.38 %       36.82 %    113% of yield (wing)   over yield
  GEN tubeFabric biplane       0.24 %      1.17 %        1.80 %    168% of yield (wire)   over yield
  GEN wood biplane             0.20 %      1.02 %        1.58 %     16% of yield (wing)   ok

OVER YIELD AT ULTIMATE — reported, deliberately NOT gated:
    GEN tubeFabric cantilever — 125% of yield
    GEN aluTube cantilever — 113% of yield
    GEN tubeFabric biplane — 168% of yield
  The load is right and the force is right (the root bending moment
  checks out by hand), but the ALLOWABLE is coarse: `A = lin/rho` gives
  ONE area for the whole wing class, and the worst member here is not a
  spar cap — it is the 3.4 m LIFT STRUT, which a real aeroplane sizes
  separately. The wood row is the loud case because it pairs a big
  section (12.9 cm2) with a small allowable (39 MPa crushing), i.e. a
  WOODEN lift strut, which nobody builds: wooden aeroplanes use steel
  struts, and the Jodel is a cantilever precisely to avoid the joint.
  Gating this would be gating the proxy, not the aeroplane. What it is
  really saying is that strut sizing wants its own area, and that is a
  materials-model change, not a load-test result.

STOCK BUILD, right wing seen from the front, root -> tip.
Full height = 1.02 % of semispan (5.1 cm at the tip).
  5.7 g ULTIMATE   tip 1.02 % = 5.1 cm
                         ===
                     =======
                  ==========
               =============
             ===============
       =====================
    ========================
  3.8 g LIMIT   tip 0.68 % = 3.4 cm
                            
                            
                        ====
                   =========
               =============
         ===================
    ========================
  1.0 g level   tip 0.18 % = 0.9 cm
                            
                            
                            
                            
                            
                ============
    ========================

  spanwise profile (% of semispan), station z in metres:
    z           0.36   1.91   3.45   5.00
    1.0 g       0.00   0.04   0.12   0.18
    3.8 g       0.00   0.15   0.47   0.68
    5.7 g       0.00   0.23   0.71   1.02

THE TAIL — the stab under bags, the fin on its side, on every material
airframe                     surface   1.0 g    3.8 g LIMIT   5.7 g ULT    worst member @ult
  GEN tubeFabric             stab     1.14 %      4.24 %        6.06 %     25% of yield (tail)   ok
  GEN tubeFabric             fin     -0.21 %     -0.79 %       -1.18 %      9% of yield (wire)   ok
  GEN wood                   stab     0.86 %      3.24 %        4.74 %     26% of yield (tail)   ok
  GEN wood                   fin     -3.11 %    -11.66 %      -17.25 %     19% of yield (tail)   ok
  GEN alloy                  stab     0.55 %      2.10 %        3.14 %     20% of yield (tail)   ok
  GEN alloy                  fin     -0.75 %     -2.86 %       -4.28 %      5% of yield (tail)   ok
  GEN carbon                 stab     0.34 %      1.28 %        1.92 %      3% of yield (tail)   ok
  GEN carbon                 fin     -0.41 %     -1.54 %       -2.31 %      1% of yield (tail)   ok
  GEN aluTube                stab     1.91 %      6.61 %        8.87 %     24% of yield (tail)   ok
  GEN aluTube                fin     -0.54 %     -2.03 %       -3.05 %      2% of yield (tail)   ok
  TWIN BOOM tubeFabric       stab    -2.12 %     -6.39 %       -8.28 %     37% of yield (tail)   ok
  TWIN BOOM tubeFabric       fin     -0.50 %     -1.89 %       -2.83 %      4% of yield (tail)   ok
  V-TAIL tubeFabric          stab   *** NOT MEASURABLE: no HF/HR spar stations (the stab has no tagged truss on this airframe) — OWED (REVIEW D4: no spar truss)
  V-TAIL tubeFabric          fin    *** NOT MEASURABLE: no VF/VR spar stations (the fin has no tagged truss on this airframe) — OWED (REVIEW D4: no spar truss)

THE FIN'S SIDE DEFLECTION IS REPORTED, NOT GATED — the lattice has two
chords where the real fin has a skin (see the note in this file):
    tubeFabric fin — -1 % of its height at ultimate
    wood fin — -17 % of its height at ultimate
    alloy fin — -4 % of its height at ultimate
    carbon fin — -2 % of its height at ultimate
    aluTube fin — -3 % of its height at ultimate
    twin fin — -3 % of its height at ultimate
  GEN carbon strut: under the 0.05 % floor at 1 g — too stiff to rate
  GEN tubeFabric strut: wire-braced, bilinear by construction — held to "grows", not to linear
  GEN tubeFabric cantilever: wire-braced, bilinear by construction — held to "grows", not to linear
  GEN wood strut: wire-braced, bilinear by construction — held to "grows", not to linear
  GEN wood cantilever: wire-braced, bilinear by construction — held to "grows", not to linear
  GEN alloy strut: wire-braced, bilinear by construction — held to "grows", not to linear
  GEN alloy cantilever: wire-braced, bilinear by construction — held to "grows", not to linear
  GEN carbon cantilever: wire-braced, bilinear by construction — held to "grows", not to linear
  GEN aluTube strut: wire-braced, bilinear by construction — held to "grows", not to linear
  GEN aluTube cantilever: wire-braced, bilinear by construction — held to "grows", not to linear
  GEN tubeFabric biplane: wire-braced, bilinear by construction — held to "grows", not to linear
  GEN wood biplane: wire-braced, bilinear by construction — held to "grows", not to linear

  ok    every airframe survived the ultimate load
  ok    D4: the rig refuses the V-tail's stab and fin, naming the missing tag
  ok    P4: every tail surface survived its ultimate case
  ok    P4: the stab stays inside 10 % of its semispan at ultimate
  ok    deflection grows with load on every airframe
  ok    deflection scales with load (linear, +/-15%)
  ok    every case was measured
GATE LOAD: PASS

──────── summary ────────
UISMOKE   PASS   266.8 s
TREECRASH FAIL   999.0 s
DMGCERT   PASS   493.0 s
DMGGEAR   FAIL  1800.0 s
DMGWIND   PASS  1320.7 s
DMGINST   PASS   415.0 s
DMGDRIVE  FAIL  1133.0 s
BUILD     PASS     2.6 s
JOIN      PASS     9.3 s
BENCH     PASS   106.7 s
LOAD      PASS   469.1 s
total           7015.2 s
wall            5745.8 s  (jobs 4)

BATTERY: FAIL — never deliver red.
