t,phase,agl,aglT,V,vs,pitch,bank,e,xt,s,thr,de,dr,flap,offtrack,above,rem,onG,x,z,hdotC,Vc,wK,thC
0.00,ROLL,0.00,1.03,3.15,-0.00,7.2,-0.0,-0.9,0.0,396,0.00,0.009,0.021,0.00,,,,3,1,0,,,,
0.10,ROLL,-0.00,1.03,3.15,-0.00,7.2,-0.0,-0.9,0.0,396,0.00,0.010,0.119,0.02,,,,3,1,0,,,,
0.20,ROLL,-0.00,1.03,3.15,-0.00,7.2,-0.0,-0.9,0.0,396,0.00,0.010,0.083,0.03,,,,3,1,0,,,,
0.30,ROLL,-0.00,1.03,3.15,0.00,7.2,-0.0,-0.9,0.0,396,0.00,0.010,0.067,0.04,,,,3,1,0,,,,
0.40,ROLL,-0.00,1.03,3.15,0.00,7.2,-0.0,-0.9,0.0,396,0.00,0.010,0.061,0.06,,,,3,1,0,,,,
0.50,ROLL,-0.00,1.03,3.15,0.03,7.2,-0.0,-0.9,0.0,396,1.00,0.010,0.058,0.07,,,,3,1,0,,,,
0.60,ROLL,0.01,1.04,3.15,0.09,7.2,-0.0,-1.0,0.0,396,1.00,0.009,0.064,0.09,,,,3,1,0,,,,
0.70,ROLL,0.01,1.05,3.18,0.04,7.3,-0.1,-1.0,0.0,396,1.00,-0.002,0.065,0.10,,,,3,1,0,,,,
0.80,ROLL,0.02,1.05,3.22,-0.02,7.4,-0.2,-1.0,0.0,396,1.00,-0.000,0.067,0.11,,,,3,1,0,,,,
0.90,ROLL,0.01,1.05,3.26,-0.03,7.3,-0.3,-1.1,0.0,396,1.00,0.011,0.067,0.13,,,,3,1,0,,,,
1.00,ROLL,0.01,1.04,3.31,0.00,7.3,-0.4,-1.0,0.0,396,1.00,0.012,0.058,0.14,,,,3,1,0,,,,
1.10,ROLL,0.01,1.04,3.38,0.02,7.3,-0.4,-1.0,0.0,395,1.00,0.009,0.057,0.16,,,,3,0,0,,,,
1.20,ROLL,0.01,1.05,3.46,0.02,7.3,-0.5,-1.0,0.0,395,1.00,0.006,0.060,0.17,,,,3,0,0,,,,
1.30,ROLL,0.02,1.05,3.54,0.01,7.3,-0.5,-1.1,0.0,395,1.00,0.005,0.064,0.18,,,,3,0,0,,,,
1.40,ROLL,0.02,1.05,3.64,-0.00,7.3,-0.4,-1.1,-0.0,395,1.00,0.007,0.069,0.20,,,,3,-0,-0,,,,
1.50,ROLL,0.02,1.05,3.73,-0.00,7.3,-0.4,-1.1,-0.0,395,1.00,0.009,0.070,0.21,,,,3,-0,-0,,,,
1.60,ROLL,0.02,1.05,3.84,0.01,7.3,-0.3,-1.1,-0.0,395,1.00,0.009,0.070,0.23,,,,3,-0,-0,,,,
1.70,ROLL,0.02,1.05,3.95,0.01,7.3,-0.3,-1.1,-0.0,394,1.00,0.008,0.070,0.24,,,,3,-1,-0,,,,
1.80,ROLL,0.02,1.05,4.06,0.01,7.3,-0.2,-1.2,-0.0,394,1.00,0.007,0.071,0.25,,,,3,-1,-0,,,,
1.90,ROLL,0.02,1.05,4.18,0.00,7.4,-0.2,-1.2,-0.0,394,1.00,0.007,0.074,0.25,,,,3,-1,-0,,,,
2.00,ROLL,0.02,1.05,4.30,0.00,7.4,-0.1,-1.2,-0.0,394,1.00,0.007,0.076,0.25,,,,3,-1,-0,,,,
2.10,ROLL,0.02,1.05,4.43,0.00,7.4,-0.2,-1.3,-0.0,393,1.00,0.008,0.079,0.25,,,,3,-2,-0,,,,
2.20,ROLL,0.02,1.05,4.56,0.01,7.4,-0.2,-1.3,-0.0,393,1.00,0.008,0.081,0.25,,,,3,-2,-0,,,,
2.30,ROLL,0.02,1.05,4.69,0.01,7.4,-0.2,-1.3,-0.0,393,1.00,0.007,0.083,0.25,,,,3,-2,-0,,,,
2.40,ROLL,0.02,1.05,4.83,0.01,7.4,-0.2,-1.3,-0.1,392,1.00,0.007,0.085,0.25,,,,3,-3,-0,,,,
2.50,ROLL,0.02,1.05,4.97,0.01,7.4,-0.2,-1.4,-0.1,392,1.00,0.007,0.087,0.25,,,,3,-3,-0,,,,
2.60,ROLL,0.02,1.05,5.11,0.01,7.4,-0.3,-1.4,-0.1,392,1.00,0.007,0.089,0.25,,,,3,-3,-0,,,,
2.70,ROLL,0.02,1.05,5.25,0.01,7.4,-0.3,-1.4,-0.1,391,1.00,0.007,0.091,0.25,,,,3,-4,-0,,,,
2.80,ROLL,0.02,1.05,5.40,0.01,7.4,-0.2,-1.5,-0.1,391,1.00,0.007,0.093,0.25,,,,3,-4,-0,,,,
2.90,ROLL,0.02,1.06,5.54,0.01,7.4,-0.2,-1.5,-0.1,390,1.00,0.007,0.095,0.25,,,,3,-5,-0,,,,
3.00,ROLL,0.02,1.06,5.69,0.01,7.4,-0.2,-1.6,-0.1,390,1.00,0.007,0.097,0.25,,,,3,-5,-0,,,,
3.10,ROLL,0.02,1.06,5.84,0.01,7.4,-0.2,-1.6,-0.1,389,1.00,0.007,0.099,0.25,,,,3,-6,-0,,,,
3.20,ROLL,0.02,1.06,5.99,0.01,7.4,-0.2,-1.6,-0.1,389,1.00,0.006,0.101,0.25,,,,3,-6,-0,,,,
3.30,ROLL,0.03,1.06,6.14,0.01,7.4,-0.2,-1.7,-0.1,388,1.00,0.006,0.103,0.25,,,,3,-7,-0,,,,
3.40,ROLL,0.03,1.06,6.29,0.01,7.4,-0.2,-1.7,-0.1,388,1.00,0.006,0.105,0.25,,,,3,-7,-0,,,,
3.50,ROLL,0.03,1.06,6.44,0.01,7.4,-0.2,-1.7,-0.2,387,1.00,0.006,0.107,0.25,,,,3,-8,-0,,,,
3.60,ROLL,0.03,1.06,6.59,0.01,7.4,-0.2,-1.8,-0.2,387,1.00,0.006,0.109,0.25,,,,3,-8,-0,,,,
3.70,ROLL,0.03,1.06,6.74,0.01,7.4,-0.1,-1.8,-0.2,386,1.00,0.006,0.111,0.25,,,,3,-9,-0,,,,
3.80,ROLL,0.03,1.06,6.89,0.01,7.4,-0.1,-1.8,-0.2,386,1.00,0.006,0.113,0.25,,,,3,-9,-0,,,,
3.90,ROLL,0.03,1.06,7.04,0.01,7.5,-0.1,-1.9,-0.2,385,1.00,0.006,0.115,0.25,,,,3,-10,-0,,,,
4.00,ROLL,0.03,1.06,7.20,0.01,7.5,-0.1,-1.9,-0.2,384,1.00,0.006,0.118,0.25,,,,3,-11,-0,,,,
4.10,ROLL,0.03,1.06,7.35,0.01,7.5,-0.1,-1.9,-0.2,384,1.00,0.005,0.121,0.25,,,,3,-11,-0,,,,
4.20,ROLL,0.03,1.06,7.50,0.01,7.5,-0.1,-2.0,-0.2,383,1.00,0.005,0.123,0.25,,,,3,-12,-0,,,,
4.30,ROLL,0.03,1.06,7.65,0.01,7.5,-0.1,-2.0,-0.3,382,1.00,0.005,0.126,0.25,,,,3,-13,-0,,,,
4.40,ROLL,0.03,1.07,7.80,0.01,7.5,-0.1,-2.1,-0.3,382,1.00,0.005,0.129,0.25,,,,3,-13,-0,,,,
4.50,ROLL,0.03,1.07,7.96,0.01,7.5,-0.1,-2.1,-0.3,381,1.00,0.005,0.133,0.25,,,,3,-14,-0,,,,
4.60,ROLL,0.03,1.07,8.11,0.01,7.5,-0.1,-2.2,-0.3,380,1.00,0.005,0.136,0.25,,,,3,-15,-0,,,,
4.70,ROLL,0.04,1.07,8.26,0.01,7.5,-0.0,-2.2,-0.3,379,1.00,0.005,0.140,0.25,,,,3,-16,-0,,,,
4.80,ROLL,0.04,1.07,8.41,0.01,7.5,-0.0,-2.3,-0.3,379,1.00,0.005,0.145,0.25,,,,3,-16,-0,,,,
4.90,ROLL,0.04,1.07,8.56,0.01,7.5,-0.0,-2.4,-0.4,378,1.00,0.005,0.149,0.25,,,,3,-17,-0,,,,
5.00,ROLL,0.04,1.07,8.71,0.01,7.5,0.0,-2.4,-0.4,377,1.00,0.004,0.155,0.25,,,,3,-18,-0,,,,
5.10,ROLL,0.04,1.07,8.86,0.01,7.5,0.0,-2.5,-0.4,376,1.00,0.004,0.160,0.25,,,,3,-19,-0,,,,
5.20,ROLL,0.04,1.07,9.01,0.01,7.5,0.0,-2.6,-0.4,375,1.00,0.004,0.167,0.25,,,,3,-20,-0,,,,
5.30,ROLL,0.04,1.07,9.15,0.01,7.5,0.1,-2.7,-0.4,375,1.00,0.004,0.174,0.25,,,,3,-20,-0,,,,
5.40,ROLL,0.04,1.07,9.30,0.01,7.6,0.1,-2.8,-0.4,374,1.00,0.004,0.182,0.25,,,,3,-21,-0,,,,
5.50,ROLL,0.04,1.07,9.45,0.01,7.6,0.1,-2.9,-0.5,373,1.00,0.005,0.189,0.25,,,,3,-22,-0,,,,
5.60,ROLL,0.04,1.08,9.60,0.01,7.5,0.1,-3.0,-0.5,372,1.00,0.007,0.195,0.25,,,,3,-23,-0,,,,
5.70,ROLL,0.04,1.08,9.74,0.01,7.5,0.2,-3.1,-0.5,371,1.00,0.012,0.200,0.25,,,,3,-24,-1,,,,
5.80,ROLL,0.05,1.08,9.89,0.01,7.4,0.2,-3.2,-0.5,370,1.00,0.018,0.203,0.25,,,,3,-25,-1,,,,
5.90,ROLL,0.05,1.08,10.04,0.02,7.3,0.2,-3.2,-0.6,369,1.00,0.024,0.205,0.25,,,,3,-26,-1,,,,
6.00,ROLL,0.05,1.08,10.18,0.02,7.2,0.2,-3.3,-0.6,368,1.00,0.029,0.269,0.25,,,,2,-27,-1,,,,
6.10,ROLL,0.05,1.08,10.33,0.02,7.1,0.1,-3.3,-0.6,367,1.00,0.034,0.397,0.25,,,,2,-28,-1,,,,
6.20,ROLL,0.05,1.08,10.47,0.02,7.0,0.1,-3.1,-0.6,366,1.00,0.037,0.323,0.25,,,,2,-29,-1,,,,
6.30,ROLL,0.05,1.09,10.61,0.02,6.9,0.1,-2.8,-0.7,365,1.00,0.039,0.214,0.25,,,,2,-30,-1,,,,
6.40,ROLL,0.06,1.09,10.74,0.02,6.7,0.0,-2.4,-0.7,364,1.00,0.043,0.119,0.25,,,,2,-31,-1,,,,
6.50,ROLL,0.06,1.09,10.86,0.02,6.6,-0.0,-2.1,-0.7,363,1.00,0.048,0.090,0.25,,,,2,-32,-1,,,,
6.60,ROLL,0.06,1.09,10.99,0.02,6.4,-0.1,-1.9,-0.7,362,1.00,0.053,0.071,0.25,,,,2,-33,-1,,,,
6.70,ROLL,0.06,1.09,11.12,0.02,6.3,-0.1,-1.7,-0.7,361,1.00,0.057,0.089,0.25,,,,2,-34,-1,,,,
6.80,ROLL,0.06,1.09,11.25,0.02,6.1,-0.0,-1.7,-0.8,360,1.00,0.059,0.119,0.25,,,,2,-35,-1,,,,
6.90,ROLL,0.06,1.10,11.39,0.02,6.0,0.0,-1.7,-0.7,359,1.00,0.061,0.142,0.25,,,,2,-36,-1,,,,
7.00,ROLL,0.07,1.10,11.53,0.02,5.9,0.1,-1.7,-0.7,358,1.00,0.061,0.164,0.25,,,,2,-37,-1,,,,
7.10,ROLL,0.07,1.10,11.67,0.02,5.8,0.2,-1.7,-0.7,357,1.00,0.062,0.171,0.25,,,,2,-38,-1,,,,
7.20,ROLL,0.07,1.10,11.82,0.02,5.7,0.3,-1.8,-0.7,356,1.00,0.063,0.181,0.25,,,,2,-39,-1,,,,
7.30,ROLL,0.07,1.10,11.96,0.02,5.5,0.3,-1.8,-0.7,354,1.00,0.064,0.179,0.25,,,,2,-41,-1,,,,
7.40,ROLL,0.07,1.10,12.11,0.02,5.4,0.3,-1.8,-0.7,353,1.00,0.066,0.179,0.25,,,,2,-42,-1,,,,
7.50,ROLL,0.07,1.11,12.25,0.02,5.3,0.3,-1.9,-0.7,352,1.00,0.068,0.182,0.25,,,,2,-43,-1,,,,
7.60,ROLL,0.07,1.11,12.40,0.02,5.2,0.3,-1.9,-0.7,351,1.00,0.071,0.179,0.25,,,,2,-44,-1,,,,
7.70,ROLL,0.08,1.11,12.54,0.02,5.1,0.3,-1.9,-0.7,350,1.00,0.073,0.183,0.25,,,,2,-45,-1,,,,
7.80,ROLL,0.08,1.11,12.69,0.02,5.0,0.3,-2.0,-0.7,349,1.00,0.076,0.182,0.25,,,,2,-46,-1,,,,
7.90,ROLL,0.08,1.11,12.84,0.02,4.9,0.3,-2.0,-0.7,347,1.00,0.078,0.184,0.25,,,,2,-48,-1,,,,
8.00,ROLL,0.08,1.11,12.98,0.01,4.8,0.3,-2.1,-0.7,346,1.00,0.080,0.184,0.25,,,,2,-49,-1,,,,
8.10,ROLL,0.08,1.11,13.13,0.01,4.7,0.3,-2.1,-0.7,345,1.00,0.082,0.183,0.25,,,,2,-50,-1,,,,
8.20,ROLL,0.08,1.12,13.27,0.01,4.6,0.3,-2.2,-0.7,343,1.00,0.084,0.184,0.25,,,,2,-52,-1,,,,
8.30,ROLL,0.09,1.12,13.42,0.01,4.5,0.4,-2.2,-0.7,342,1.00,0.085,0.183,0.25,,,,2,-53,-1,,,,
8.40,ROLL,0.09,1.12,13.56,0.01,4.4,0.4,-2.3,-0.7,341,1.00,0.087,0.183,0.25,,,,2,-54,-1,,,,
8.50,ROLL,0.09,1.12,13.71,0.01,4.3,0.4,-2.3,-0.7,340,1.00,0.089,0.183,0.25,,,,2,-55,-1,,,,
8.60,ROLL,0.09,1.12,13.85,0.01,4.2,0.4,-2.3,-0.7,338,1.00,0.091,0.183,0.25,,,,2,-57,-1,,,,
8.70,ROLL,0.09,1.12,13.99,0.01,4.1,0.4,-2.4,-0.7,337,1.00,0.092,0.183,0.25,,,,2,-58,-1,,,,
8.80,ROLL,0.09,1.12,14.14,0.01,4.0,0.4,-2.4,-0.7,335,1.00,0.094,0.182,0.25,,,,2,-60,-1,,,,
8.90,ROLL,0.09,1.13,14.28,0.01,3.9,0.4,-2.5,-0.7,334,1.00,0.096,0.183,0.25,,,,2,-61,-1,,,,
9.00,ROLL,0.10,1.13,14.42,0.01,3.8,0.4,-2.5,-0.7,333,1.00,0.097,0.182,0.25,,,,2,-62,-1,,,,
9.10,ROLL,0.10,1.13,14.56,0.01,3.8,0.4,-2.6,-0.7,331,1.00,0.099,0.182,0.25,,,,2,-64,-1,,,,
9.20,ROLL,0.10,1.13,14.70,0.01,3.7,0.4,-2.6,-0.7,330,1.00,0.100,0.182,0.25,,,,2,-65,-1,,,,
9.30,ROLL,0.10,1.13,14.84,0.01,3.6,0.4,-2.7,-0.7,328,1.00,0.102,0.181,0.25,,,,2,-67,-1,,,,
9.40,ROLL,0.10,1.13,14.98,0.01,3.5,0.4,-2.7,-0.7,327,1.00,0.103,0.181,0.25,,,,2,-68,-1,,,,
9.50,ROLL,0.10,1.13,15.12,0.01,3.4,0.4,-2.7,-0.7,326,1.00,0.105,0.181,0.25,,,,2,-69,-1,,,,
9.60,ROLL,0.10,1.13,15.26,0.01,3.4,0.4,-2.8,-0.7,324,1.00,0.106,0.181,0.25,,,,2,-71,-1,,,,
9.70,ROLL,0.10,1.14,15.40,0.01,3.3,0.4,-2.8,-0.7,323,1.00,0.108,0.180,0.25,,,,2,-72,-1,,,,
9.80,ROLL,0.11,1.14,15.54,0.01,3.2,0.5,-2.9,-0.8,321,1.00,0.109,0.180,0.25,,,,2,-74,-1,,,,
9.90,ROLL,0.11,1.14,15.67,0.01,3.2,0.5,-2.9,-0.8,319,1.00,0.111,0.180,0.25,,,,2,-76,-1,,,,
10.00,ROLL,0.11,1.14,15.81,0.01,3.1,0.5,-3.0,-0.8,318,1.00,0.112,0.180,0.25,,,,2,-77,-1,,,,
10.10,ROLL,0.11,1.14,15.95,0.01,3.0,0.5,-3.0,-0.8,316,1.00,0.144,0.180,0.25,,,,2,-79,-1,,,,
10.20,ROLL,0.11,1.14,16.08,-0.00,3.0,0.5,-3.1,-0.8,315,1.00,0.172,0.180,0.25,,,,2,-80,-1,,,,
10.30,ROLL,0.11,1.14,16.21,0.00,3.2,0.5,-3.1,-0.8,313,1.00,0.162,0.180,0.25,,,,2,-82,-1,,,,
10.40,ROLL,0.11,1.14,16.34,0.01,3.4,0.5,-3.2,-0.8,312,1.00,0.155,0.180,0.25,,,,2,-83,-1,,,,
10.50,ROLL,0.11,1.14,16.47,0.02,3.6,0.5,-3.2,-0.9,310,1.00,0.157,0.181,0.25,,,,2,-85,-1,,,,
10.60,ROLL,0.11,1.15,16.59,0.04,3.7,0.5,-3.3,-0.9,308,1.00,0.166,0.182,0.25,,,,2,-87,-1,,,,
10.70,ROLL,0.12,1.15,16.72,0.05,3.9,0.6,-3.3,-0.9,307,1.00,0.178,0.181,0.25,,,,2,-88,-1,,,,
10.80,ROLL,0.12,1.16,16.84,0.07,4.0,0.7,-3.3,-0.9,305,1.00,0.190,0.180,0.25,,,,2,-90,-1,,,,
10.90,ROLL,0.13,1.16,16.95,0.10,4.1,0.8,-3.3,-0.9,303,1.00,0.198,0.178,0.25,,,,1,-92,-1,,,,
11.00,ROLL,0.14,1.18,17.06,0.13,4.2,0.9,-3.4,-0.9,302,1.00,0.202,0.178,0.25,,,,1,-93,-1,,,,
11.10,LIFTOFF,0.16,1.19,17.17,0.18,4.4,0.9,-0.9,-1.0,300,1.00,0.200,0.114,0.25,,,,0,-95,-1,,,,
11.20,LIFTOFF,0.18,1.21,17.28,0.24,4.6,1.0,-1.0,-1.0,298,1.00,0.194,-0.014,0.25,,,,0,-97,-1,,,,
11.30,LIFTOFF,0.20,1.24,17.37,0.31,4.7,1.1,-1.2,-1.0,297,1.00,0.190,-0.026,0.25,,,,0,-98,-1,,,,
11.40,LIFTOFF,0.24,1.27,17.46,0.38,4.9,1.4,-1.6,-1.0,295,1.00,0.188,-0.002,0.25,,,,0,-100,-1,,,,
11.50,LIFTOFF,0.28,1.31,17.55,0.46,5.1,1.5,-2.2,-1.0,293,1.00,0.186,0.013,0.25,,,,0,-102,-1,,,,
11.60,LIFTOFF,0.33,1.36,17.64,0.54,5.2,1.5,-3.0,-1.0,292,1.00,0.183,0.022,0.25,,,,0,-103,-1,,,,
11.70,LIFTOFF,0.38,1.42,17.72,0.63,5.4,1.4,-3.8,-1.0,290,1.00,0.179,0.029,0.25,,,,0,-105,-1,,,,
11.80,LIFTOFF,0.45,1.48,17.80,0.72,5.6,1.3,-4.8,-1.0,288,1.00,0.173,0.036,0.25,,,,0,-107,-1,,,,
11.90,LIFTOFF,0.52,1.56,17.88,0.83,5.8,1.3,-5.8,-1.1,286,1.00,0.166,0.043,0.25,,,,0,-109,-1,,,,
12.00,LIFTOFF,0.61,1.64,17.94,0.93,6.1,1.2,-6.9,-1.1,285,1.00,0.158,0.049,0.25,,,,0,-110,-1,,,,
12.10,LIFTOFF,0.71,1.74,18.01,1.04,6.3,1.1,-8.0,-1.1,283,1.00,0.150,0.056,0.25,,,,0,-112,-1,,,,
12.20,LIFTOFF,0.82,1.85,18.06,1.16,6.6,1.0,-9.0,-1.1,281,1.00,0.141,0.061,0.25,,,,0,-114,-1,,,,
12.30,LIFTOFF,0.94,1.97,18.11,1.27,6.9,0.9,-10.0,-1.2,279,1.00,0.133,0.066,0.25,,,,0,-116,-1,,,,
12.40,LIFTOFF,1.07,2.10,18.16,1.40,7.2,0.7,-11.0,-1.2,278,1.00,0.124,0.070,0.25,,,,0,-117,-1,,,,
12.50,LIFTOFF,1.21,2.24,18.20,1.52,7.6,0.6,-11.8,-1.2,276,1.00,0.115,0.073,0.25,,,,0,-119,-1,,,,
12.60,LIFTOFF,1.37,2.40,18.23,1.64,7.9,0.4,-12.6,-1.3,274,1.00,0.106,0.075,0.25,,,,0,-121,-1,,,,
12.70,LIFTOFF,1.53,2.57,18.25,1.77,8.3,0.2,-13.2,-1.3,272,1.00,0.098,0.076,0.25,,,,0,-123,-1,,,,
12.80,LIFTOFF,1.72,2.75,18.27,1.89,8.6,-0.0,-13.7,-1.3,270,1.00,0.090,0.076,0.25,,,,0,-125,-1,,,,
12.90,LIFTOFF,1.91,2.94,18.28,2.02,9.0,-0.2,-14.1,-1.4,269,1.00,0.082,0.075,0.25,,,,0,-126,-1,,,,
13.00,LIFTOFF,2.11,3.15,18.29,2.14,9.4,-0.4,-14.4,-1.4,267,1.00,0.075,0.073,0.25,,,,0,-128,-1,,,,
13.10,LIFTOFF,2.33,3.36,18.29,2.26,9.7,-0.7,-14.6,-1.5,265,1.00,0.068,0.071,0.25,,,,0,-130,-1,,,,
13.20,LIFTOFF,2.56,3.59,18.28,2.38,10.1,-0.9,-14.7,-1.6,263,1.00,0.062,0.068,0.25,,,,0,-132,-2,,,,
13.30,LIFTOFF,2.80,3.84,18.27,2.50,10.4,-1.0,-14.6,-1.6,262,1.00,0.056,0.065,0.25,,,,0,-133,-2,,,,
13.40,LIFTOFF,3.06,4.09,18.25,2.61,10.8,-1.2,-14.4,-1.7,260,1.00,0.051,0.061,0.25,,,,0,-135,-2,,,,
13.50,LIFTOFF,3.32,4.35,18.22,2.72,11.1,-1.4,-14.2,-1.7,258,1.00,0.046,0.058,0.25,,,,0,-137,-2,,,,
13.60,LIFTOFF,3.60,4.63,18.19,2.83,11.5,-1.5,-13.9,-1.7,256,1.00,0.041,0.054,0.25,,,,0,-139,-2,,,,
13.70,LIFTOFF,3.88,4.92,18.16,2.93,11.8,-1.6,-13.5,-1.8,255,1.00,0.037,0.050,0.25,,,,0,-140,-2,,,,
13.80,LIFTOFF,4.18,5.21,18.12,3.02,12.1,-1.7,-13.0,-1.8,253,1.00,0.033,0.046,0.25,,,,0,-142,-2,,,,
13.90,LIFTOFF,4.49,5.52,18.08,3.11,12.4,-1.7,-12.6,-1.9,251,1.00,0.029,0.042,0.25,,,,0,-144,-2,,,,
14.00,LIFTOFF,4.80,5.83,18.03,3.20,12.7,-1.7,-12.1,-1.9,249,1.00,0.026,0.039,0.25,,,,0,-146,-2,,,,
14.10,LIFTOFF,5.12,6.15,17.97,3.28,12.9,-1.7,-11.6,-1.9,248,1.00,0.023,0.036,0.25,,,,0,-147,-2,,,,
14.20,LIFTOFF,5.45,6.49,17.91,3.35,13.2,-1.7,-11.1,-2.0,246,1.00,0.020,0.034,0.25,,,,0,-149,-2,,,,
14.30,LIFTOFF,5.79,6.82,17.85,3.42,13.4,-1.6,-10.6,-2.0,244,1.00,0.018,0.032,0.25,,,,0,-151,-2,,,,
14.40,LIFTOFF,6.13,7.17,17.79,3.48,13.7,-1.6,-10.1,-2.0,243,1.00,0.015,0.030,0.25,,,,0,-152,-2,,,,
14.50,LIFTOFF,6.48,7.52,17.72,3.53,13.9,-1.5,-9.7,-2.0,241,1.00,0.013,0.029,0.25,,,,0,-154,-2,,,,
14.60,LIFTOFF,6.84,7.87,17.65,3.57,14.1,-1.3,-9.3,-2.0,239,1.00,0.012,0.029,0.25,,,,0,-156,-2,,,,
14.70,LIFTOFF,7.20,8.23,17.58,3.61,14.3,-1.2,-9.0,-2.0,237,1.00,0.010,0.029,0.25,,,,0,-158,-2,,,,
14.80,LIFTOFF,7.56,8.59,17.50,3.64,14.4,-1.1,-8.7,-2.0,236,1.00,0.009,0.029,0.25,,,,0,-159,-2,,,,
14.90,LIFTOFF,7.92,8.96,17.42,3.67,14.6,-0.9,-8.4,-2.0,234,1.00,0.007,0.030,0.25,,,,0,-161,-2,,,,
15.00,LIFTOFF,8.29,9.32,17.34,3.68,14.8,-0.8,-8.3,-1.9,232,1.00,0.007,0.031,0.25,,,,0,-163,-2,,,,
15.10,LIFTOFF,8.66,9.69,17.26,3.70,14.9,-0.6,-8.1,-1.9,231,1.00,0.006,0.032,0.25,,,,0,-164,-2,,,,
15.20,LIFTOFF,9.03,10.06,17.18,3.70,15.0,-0.4,-8.1,-1.9,229,1.00,0.005,0.034,0.25,,,,0,-166,-2,,,,
15.30,LIFTOFF,9.40,10.43,17.10,3.70,15.1,-0.3,-8.1,-1.9,228,1.00,0.005,0.036,0.25,,,,0,-167,-2,,,,
15.40,LIFTOFF,9.77,10.80,17.02,3.70,15.2,-0.1,-8.1,-1.8,226,1.00,0.005,0.039,0.25,,,,0,-169,-2,,,,
15.50,LIFTOFF,10.14,11.17,16.94,3.69,15.3,0.1,-8.2,-1.8,224,1.00,0.005,0.041,0.25,,,,0,-171,-2,,,,
15.60,LIFTOFF,10.51,11.54,16.86,3.68,15.4,0.2,-8.3,-1.8,223,1.00,0.005,0.044,0.25,,,,0,-172,-2,,,,
15.70,LIFTOFF,10.88,11.91,16.77,3.66,15.5,0.3,-8.5,-1.7,221,1.00,0.005,0.046,0.25,,,,0,-174,-2,,,,
15.80,LIFTOFF,11.24,12.27,16.69,3.64,15.5,0.5,-8.7,-1.7,220,1.00,0.005,0.049,0.25,,,,0,-175,-2,,,,
15.90,LIFTOFF,11.60,12.64,16.61,3.62,15.6,0.6,-8.9,-1.6,218,1.00,0.006,0.052,0.25,,,,0,-177,-2,,,,
16.00,LIFTOFF,11.97,13.00,16.53,3.59,15.6,0.7,-9.2,-1.6,216,1.00,0.006,0.054,0.25,,,,0,-179,-2,,,,
16.10,LIFTOFF,12.32,13.36,16.45,3.56,15.7,0.8,-9.4,-1.6,215,1.00,0.007,0.057,0.25,,,,0,-180,-2,,,,
16.20,LIFTOFF,12.68,13.71,16.38,3.53,15.7,0.8,-9.7,-1.5,213,1.00,0.008,0.059,0.25,,,,0,-182,-2,,,,
16.30,LIFTOFF,13.03,14.06,16.30,3.49,15.7,0.9,-9.9,-1.5,212,1.00,0.009,0.061,0.25,,,,0,-183,-1,,,,
16.40,LIFTOFF,13.38,14.41,16.23,3.46,15.7,1.0,-10.2,-1.4,210,1.00,0.010,0.063,0.25,,,,0,-185,-1,,,,
16.50,LIFTOFF,13.72,14.76,16.15,3.42,15.7,1.0,-10.5,-1.4,209,1.00,0.011,0.064,0.25,,,,0,-186,-1,,,,
16.60,LIFTOFF,14.06,15.10,16.08,3.38,15.7,1.0,-10.7,-1.3,207,1.00,-0.007,0.066,0.25,,,,0,-188,-1,,,,
16.70,LIFTOFF,14.40,15.43,16.01,3.35,15.6,1.0,-11.0,-1.3,206,1.00,-0.054,0.067,0.25,,,,0,-189,-1,,,,
16.80,LIFTOFF,14.73,15.77,15.94,3.31,15.4,1.0,-11.2,-1.3,204,1.00,-0.084,0.068,0.25,,,,0,-191,-1,,,,
16.90,LIFTOFF,15.06,16.10,15.87,3.26,14.9,1.0,-11.4,-1.2,203,1.00,-0.094,0.069,0.25,,,,0,-192,-1,,,,
17.00,LIFTOFF,15.39,16.42,15.82,3.17,14.3,1.0,-11.5,-1.2,201,1.00,-0.053,0.070,0.25,,,,0,-194,-1,,,,
17.10,LIFTOFF,15.70,16.73,15.77,3.06,13.7,0.9,-11.7,-1.1,200,1.00,-0.028,0.071,0.25,,,,0,-195,-1,,,,
17.20,LIFTOFF,16.00,17.03,15.73,2.92,13.1,0.9,-11.8,-1.1,198,1.00,-0.022,0.072,0.25,,,,0,-197,-1,,,,
17.30,LIFTOFF,16.29,17.32,15.71,2.79,12.6,0.8,-11.9,-1.1,197,1.00,-0.027,0.073,0.25,,,,0,-198,-1,,,,
17.40,LIFTOFF,16.56,17.60,15.69,2.66,12.2,0.7,-12.0,-1.0,195,1.00,-0.034,0.073,0.25,,,,0,-200,-1,,,,
17.50,LIFTOFF,16.83,17.86,15.67,2.53,11.9,0.7,-12.1,-1.0,194,1.00,-0.037,0.072,0.25,,,,0,-201,-1,,,,
17.60,LIFTOFF,17.07,18.11,15.67,2.42,11.5,0.6,-12.1,-0.9,192,1.00,-0.036,0.072,0.25,,,,0,-203,-1,,,,
17.70,LIFTOFF,17.31,18.34,15.66,2.30,11.2,0.5,-12.1,-0.9,191,1.00,-0.033,0.071,0.25,,,,0,-204,-1,,,,
17.80,LIFTOFF,17.54,18.57,15.67,2.19,10.8,0.4,-12.1,-0.9,189,1.00,-0.029,0.070,0.25,,,,0,-206,-1,,,,
17.90,LIFTOFF,17.75,18.79,15.68,2.08,10.5,0.3,-12.1,-0.9,188,1.00,-0.025,0.070,0.25,,,,0,-207,-1,,,,
18.00,LIFTOFF,17.96,18.99,15.70,1.98,10.2,0.3,-12.1,-0.8,186,1.00,-0.022,0.069,0.25,,,,0,-209,-1,,,,
18.10,LIFTOFF,18.15,19.19,15.72,1.89,9.9,0.2,-12.1,-0.8,185,1.00,-0.019,0.068,0.25,,,,0,-210,-1,,,,
18.20,LIFTOFF,18.34,19.37,15.75,1.79,9.6,0.2,-12.1,-0.8,183,1.00,-0.016,0.067,0.25,,,,0,-212,-1,,,,
18.30,LIFTOFF,18.52,19.55,15.78,1.71,9.3,0.1,-12.0,-0.7,182,1.00,-0.014,0.067,0.25,,,,0,-213,-1,,,,
18.40,LIFTOFF,18.68,19.72,15.82,1.62,9.0,0.1,-12.0,-0.7,180,1.00,-0.011,0.066,0.25,,,,0,-215,-1,,,,
18.50,LIFTOFF,18.84,19.88,15.86,1.55,8.8,0.0,-11.9,-0.7,178,1.00,-0.009,0.065,0.25,,,,0,-217,-1,,,,
18.60,LIFTOFF,19.00,20.03,15.90,1.48,8.5,-0.0,-11.9,-0.7,177,1.00,-0.007,0.065,0.25,,,,0,-218,-1,,,,
18.70,LIFTOFF,19.14,20.17,15.95,1.41,8.3,-0.1,-11.8,-0.7,175,1.00,-0.005,0.064,0.25,,,,0,-220,-1,,,,
18.80,LIFTOFF,19.28,20.31,16.00,1.35,8.1,-0.1,-11.8,-0.6,174,1.00,-0.004,0.063,0.25,,,,0,-221,-1,,,,
18.90,LIFTOFF,19.41,20.44,16.06,1.29,7.9,-0.1,-11.7,-0.6,172,1.00,-0.002,0.063,0.25,,,,0,-223,-1,,,,
19.00,LIFTOFF,19.54,20.57,16.11,1.24,7.6,-0.1,-11.7,-0.6,171,1.00,-0.001,0.062,0.25,,,,0,-224,-1,,,,
19.10,LIFTOFF,19.66,20.69,16.17,1.19,7.5,-0.1,-11.6,-0.6,169,1.00,-0.000,0.062,0.25,,,,0,-226,-1,,,,
19.20,LIFTOFF,19.78,20.81,16.24,1.15,7.3,-0.2,-11.6,-0.6,168,1.00,0.001,0.061,0.25,,,,0,-227,-1,,,,
19.30,LIFTOFF,19.89,20.93,16.30,1.11,7.1,-0.2,-11.6,-0.5,166,1.00,0.001,0.061,0.25,,,,0,-229,-1,,,,
19.40,LIFTOFF,20.00,21.04,16.37,1.08,6.9,-0.2,-11.5,-0.5,165,1.00,0.002,0.061,0.25,,,,0,-230,-1,,,,
19.50,LIFTOFF,20.11,21.14,16.43,1.05,6.8,-0.2,-11.5,-0.5,163,1.00,0.002,0.060,0.25,,,,0,-232,-1,,,,
19.60,LIFTOFF,20.21,21.25,16.50,1.02,6.7,-0.2,-11.5,-0.5,161,1.00,0.002,0.060,0.25,,,,0,-234,-0,,,,
19.70,LIFTOFF,20.31,21.35,16.57,1.00,6.5,-0.2,-11.5,-0.5,160,1.00,0.002,0.060,0.25,,,,0,-235,-0,,,,
19.80,LIFTOFF,20.41,21.45,16.64,0.98,6.4,-0.2,-11.5,-0.5,158,1.00,0.002,0.060,0.25,,,,0,-237,-0,,,,
19.90,LIFTOFF,20.51,21.54,16.72,0.97,6.3,-0.2,-11.5,-0.4,157,1.00,0.002,0.060,0.25,,,,0,-238,-0,,,,
20.00,LIFTOFF,20.61,21.64,16.79,0.96,6.2,-0.2,-11.5,-0.4,155,1.00,0.001,0.060,0.25,,,,0,-240,-0,,,,
20.10,LIFTOFF,20.70,21.74,16.86,0.96,6.1,-0.2,-11.5,-0.4,153,1.00,0.001,0.060,0.25,,,,0,-242,-0,,,,
20.20,LIFTOFF,20.80,21.83,16.93,0.95,6.0,-0.2,-11.5,-0.4,152,1.00,0.000,0.060,0.25,,,,0,-243,-0,,,,
20.30,LIFTOFF,20.90,21.93,17.01,0.96,6.0,-0.2,-11.5,-0.4,150,1.00,-0.001,0.060,0.25,,,,0,-245,-0,,,,
20.40,LIFTOFF,20.99,22.02,17.08,0.96,5.9,-0.2,-11.5,-0.4,148,1.00,-0.002,0.060,0.25,,,,0,-247,-0,,,,
20.50,LIFTOFF,21.09,22.12,17.15,0.97,5.9,-0.2,-11.6,-0.4,147,1.00,-0.003,0.060,0.25,,,,0,-248,-0,,,,
20.60,LIFTOFF,21.18,22.22,17.22,0.98,5.8,-0.2,-11.6,-0.4,145,1.00,-0.004,0.060,0.25,,,,0,-250,-0,,,,
20.70,LIFTOFF,21.28,22.31,17.29,0.99,5.8,-0.2,-11.6,-0.4,143,1.00,-0.005,0.060,0.25,,,,0,-252,-0,,,,
20.80,LIFTOFF,21.38,22.41,17.36,1.01,5.7,-0.2,-11.6,-0.4,142,1.00,-0.006,0.059,0.25,,,,0,-253,-0,,,,
20.90,LIFTOFF,21.48,22.52,17.43,1.02,5.7,-0.2,-11.7,-0.4,140,1.00,-0.007,0.059,0.25,,,,0,-255,-0,,,,
21.00,LIFTOFF,21.59,22.62,17.50,1.04,5.7,-0.2,-11.7,-0.4,138,1.00,-0.009,0.059,0.25,,,,0,-257,-0,,,,
21.10,LIFTOFF,21.69,22.72,17.57,1.07,5.7,-0.2,-11.7,-0.4,137,1.00,-0.010,0.059,0.25,,,,0,-258,-0,,,,
21.20,LIFTOFF,21.80,22.83,17.63,1.09,5.7,-0.2,-11.7,-0.3,135,1.00,-0.011,0.059,0.25,,,,0,-260,-0,,,,
21.30,LIFTOFF,21.91,22.94,17.70,1.12,5.7,-0.3,-11.7,-0.3,133,1.00,-0.013,0.059,0.25,,,,0,-262,-0,,,,
21.40,LIFTOFF,22.02,23.05,17.76,1.14,5.7,-0.3,-11.7,-0.3,132,1.00,-0.014,0.059,0.25,,,,0,-263,-0,,,,
21.50,LIFTOFF,22.14,23.17,17.82,1.17,5.7,-0.3,-11.8,-0.3,130,1.00,-0.016,0.059,0.25,,,,0,-265,-0,,,,
21.60,LIFTOFF,22.25,23.29,17.89,1.20,5.7,-0.3,-11.8,-0.3,128,1.00,-0.017,0.058,0.25,,,,0,-267,-0,,,,
21.70,LIFTOFF,22.38,23.41,17.94,1.23,5.7,-0.3,-11.8,-0.3,126,1.00,-0.019,0.058,0.25,,,,0,-269,-0,,,,
21.80,LIFTOFF,22.50,23.53,18.00,1.27,5.8,-0.3,-11.8,-0.3,125,1.00,-0.021,0.058,0.25,,,,0,-270,-0,,,,
21.90,LIFTOFF,22.63,23.66,18.06,1.30,5.8,-0.3,-11.7,-0.3,123,1.00,-0.022,0.058,0.25,,,,0,-272,-0,,,,
22.00,LIFTOFF,22.76,23.79,18.11,1.33,5.8,-0.3,-11.7,-0.3,121,1.00,-0.024,0.057,0.25,,,,0,-274,-0,,,,
22.10,LIFTOFF,22.89,23.93,18.17,1.37,5.9,-0.3,-11.7,-0.3,119,1.00,-0.025,0.057,0.25,,,,0,-276,-0,,,,
22.20,LIFTOFF,23.03,24.06,18.22,1.40,5.9,-0.3,-11.7,-0.4,118,1.00,-0.027,0.057,0.25,,,,0,-277,-0,,,,
22.30,LIFTOFF,23.17,24.21,18.27,1.44,5.9,-0.3,-11.7,-0.4,116,1.00,-0.028,0.057,0.25,,,,0,-279,-0,,,,
22.40,LIFTOFF,23.32,24.35,18.32,1.48,6.0,-0.3,-11.7,-0.4,114,1.00,-0.030,0.056,0.25,,,,0,-281,-0,,,,
22.50,LIFTOFF,23.47,24.50,18.36,1.51,6.0,-0.3,-11.7,-0.4,112,1.00,-0.031,0.056,0.25,,,,0,-283,-0,,,,
22.60,LIFTOFF,23.62,24.65,18.41,1.55,6.0,-0.3,-11.6,-0.4,111,1.00,-0.033,0.056,0.25,,,,0,-284,-0,,,,
22.70,LIFTOFF,23.78,24.81,18.45,1.58,6.1,-0.3,-11.6,-0.4,109,1.00,-0.034,0.056,0.25,,,,0,-286,-0,,,,
22.80,LIFTOFF,23.94,24.97,18.49,1.62,6.1,-0.3,-11.6,-0.4,107,1.00,-0.036,0.056,0.25,,,,0,-288,-0,,,,
22.90,LIFTOFF,24.10,25.13,18.53,1.66,6.2,-0.3,-11.6,-0.4,105,1.00,-0.037,0.055,0.25,,,,0,-290,-0,,,,
23.00,LIFTOFF,24.27,25.30,18.57,1.69,6.2,-0.3,-11.5,-0.4,103,1.00,-0.039,0.055,0.25,,,,0,-292,-0,,,,
23.10,LIFTOFF,24.44,25.47,18.61,1.73,6.3,-0.3,-11.5,-0.4,102,1.00,-0.040,0.055,0.25,,,,0,-293,-0,,,,
23.20,LIFTOFF,24.61,25.64,18.64,1.76,6.3,-0.3,-11.5,-0.4,100,1.00,-0.041,0.055,0.25,,,,0,-295,-0,,,,
23.30,LIFTOFF,24.79,25.82,18.68,1.79,6.4,-0.3,-11.5,-0.4,98,1.00,-0.043,0.055,0.25,,,,0,-297,-0,,,,
23.40,LIFTOFF,24.97,26.00,18.71,1.83,6.4,-0.3,-11.5,-0.4,96,1.00,-0.044,0.055,0.25,,,,0,-299,-0,,,,
23.50,LIFTOFF,25.15,26.18,18.74,1.86,6.4,-0.3,-11.4,-0.4,94,1.00,-0.045,0.055,0.25,,,,0,-301,-0,,,,
23.60,LIFTOFF,25.34,26.37,18.77,1.89,6.5,-0.3,-11.4,-0.4,93,1.00,-0.047,0.055,0.25,,,,0,-302,-0,,,,
23.70,LIFTOFF,25.53,26.56,18.80,1.93,6.5,-0.2,-11.4,-0.4,91,1.00,-0.048,0.055,0.25,,,,0,-304,-0,,,,
23.80,LIFTOFF,25.72,26.76,18.83,1.96,6.6,-0.2,-11.4,-0.4,89,1.00,-0.049,0.055,0.25,,,,0,-306,-0,,,,
23.90,LIFTOFF,25.92,26.95,18.85,1.99,6.6,-0.2,-11.4,-0.4,87,1.00,-0.050,0.055,0.25,,,,0,-308,-0,,,,
24.00,LIFTOFF,26.12,27.15,18.88,2.02,6.7,-0.2,-11.4,-0.4,85,1.00,-0.052,0.055,0.25,,,,0,-310,-0,,,,
24.10,LIFTOFF,26.32,27.35,18.90,2.04,6.7,-0.2,-11.4,-0.4,84,1.00,-0.053,0.055,0.25,,,,0,-311,-0,,,,
24.20,LIFTOFF,26.53,27.56,18.92,2.07,6.7,-0.2,-11.4,-0.4,82,1.00,-0.054,0.055,0.25,,,,0,-313,-0,,,,
24.30,LIFTOFF,26.74,27.77,18.94,2.10,6.8,-0.2,-11.4,-0.4,80,1.00,-0.055,0.055,0.25,,,,0,-315,-0,,,,
24.40,LIFTOFF,26.95,27.98,18.96,2.13,6.8,-0.2,-11.4,-0.4,78,1.00,-0.056,0.055,0.25,,,,0,-317,-0,,,,
24.50,LIFTOFF,27.16,28.19,18.98,2.15,6.8,-0.2,-11.4,-0.4,76,1.00,-0.057,0.055,0.25,,,,0,-319,-0,,,,
24.60,LIFTOFF,27.38,28.41,19.00,2.18,6.9,-0.2,-11.4,-0.4,74,1.00,-0.058,0.055,0.25,,,,0,-321,-0,,,,
24.70,LIFTOFF,27.59,28.63,19.02,2.20,6.9,-0.1,-11.4,-0.4,73,1.00,-0.059,0.056,0.25,,,,0,-322,-0,,,,
24.80,LIFTOFF,27.82,28.85,19.03,2.22,6.9,-0.1,-11.4,-0.4,71,1.00,-0.060,0.056,0.25,,,,0,-324,-0,,,,
24.90,CLIMB,28.04,29.07,19.05,2.24,7.0,-0.1,-11.4,-0.4,69,1.00,-0.052,0.056,0.25,,,,0,-326,-0,3.13,24.3,1.01,0.160
25.00,CLIMB,28.26,29.29,19.06,2.25,7.0,-0.1,-11.4,-0.4,67,1.00,-0.002,0.056,0.23,,,,0,-328,-0,3.13,24.3,1.06,0.151
25.10,CLIMB,28.49,29.52,19.08,2.24,7.3,-0.1,-11.4,-0.4,65,1.00,0.029,0.056,0.22,,,,0,-330,-0,3.13,24.3,1.11,0.142
25.20,CLIMB,28.71,29.74,19.09,2.26,7.7,-0.1,-11.4,-0.4,63,1.00,-0.005,0.056,0.21,,,,0,-332,-0,3.13,24.3,1.16,0.132
25.30,CLIMB,28.94,29.97,19.10,2.32,8.1,-0.1,-11.4,-0.4,62,1.00,-0.040,0.056,0.19,,,,0,-333,-0,3.13,24.3,1.21,0.121
25.40,CLIMB,29.17,30.21,19.11,2.38,8.4,-0.1,-11.4,-0.4,60,1.00,-0.049,0.056,0.18,,,,0,-335,-0,3.13,24.3,1.26,0.109
25.50,CLIMB,29.41,30.45,19.12,2.44,8.6,-0.1,-11.4,-0.4,58,1.00,-0.042,0.056,0.16,,,,0,-337,-0,3.13,24.3,1.31,0.098
25.60,CLIMB,29.66,30.69,19.12,2.48,8.6,-0.1,-11.4,-0.3,56,1.00,-0.032,0.056,0.15,,,,0,-339,-0,3.13,24.3,1.36,0.087
25.70,CLIMB,29.91,30.94,19.13,2.49,8.6,-0.1,-11.3,-0.3,54,1.00,-0.025,0.056,0.14,,,,0,-341,-0,3.13,24.3,1.41,0.076
25.80,CLIMB,30.16,31.19,19.15,2.49,8.5,-0.1,-11.3,-0.3,52,1.00,-0.024,0.056,0.12,,,,0,-343,-0,3.13,24.3,1.46,0.066
25.90,CLIMB,30.40,31.44,19.16,2.47,8.3,-0.1,-11.3,-0.3,50,1.00,-0.026,0.057,0.11,,,,0,-345,-0,3.13,24.3,1.51,0.056
26.00,CLIMB,30.65,31.68,19.18,2.44,8.2,-0.1,-11.3,-0.3,49,1.00,-0.028,0.057,0.09,,,,0,-346,-0,3.13,24.3,1.56,0.047
26.10,CLIMB,30.89,31.93,19.20,2.39,8.0,-0.1,-11.3,-0.3,47,1.00,-0.030,0.057,0.08,,,,0,-348,-0,3.13,24.3,1.61,0.037
26.20,CLIMB,31.13,32.16,19.23,2.34,7.8,-0.1,-11.3,-0.3,45,1.00,-0.029,0.057,0.07,,,,0,-350,-0,3.13,24.3,1.66,0.028
26.30,CLIMB,31.36,32.39,19.27,2.27,7.5,-0.1,-11.3,-0.3,43,1.00,-0.029,0.058,0.05,,,,0,-352,-0,3.13,24.3,1.71,0.019
26.40,CLIMB,31.59,32.62,19.31,2.19,7.2,-0.1,-11.3,-0.3,41,1.00,-0.028,0.058,0.04,,,,0,-354,-0,3.13,24.3,1.76,0.009
26.50,CLIMB,31.80,32.83,19.35,2.10,6.9,-0.2,-11.3,-0.3,39,1.00,-0.027,0.058,0.02,,,,0,-356,-0,3.13,24.3,1.81,0.000
26.60,CLIMB,32.01,33.04,19.40,2.00,6.6,-0.2,-11.3,-0.3,37,1.00,-0.026,0.058,0.01,,,,0,-358,-0,3.13,24.3,1.86,-0.009
26.70,CLIMB,32.21,33.24,19.46,1.89,6.2,-0.2,-11.3,-0.3,36,1.00,-0.025,0.058,0.00,,,,0,-359,-0,3.13,24.3,1.91,-0.019
26.80,CLIMB,32.39,33.42,19.53,1.78,5.8,-0.2,-11.3,-0.3,34,1.00,-0.024,0.058,0.00,,,,0,-361,-0,3.13,24.3,1.96,-0.028
26.90,CLIMB,32.56,33.60,19.60,1.67,5.4,-0.3,-11.3,-0.3,32,1.00,-0.046,0.058,0.00,,,,0,-363,-0,3.13,24.3,2.00,-0.180
27.00,CLIMB,32.73,33.76,19.68,1.56,4.9,-0.3,-11.3,-0.3,30,1.00,-0.083,0.058,0.00,,,,0,-365,-0,3.13,24.3,2.00,-0.180
27.10,CLIMB,32.88,33.91,19.76,1.45,4.2,-0.4,-11.3,-0.3,28,1.00,-0.104,0.058,0.00,,,,0,-367,-0,3.13,24.3,2.00,-0.180
27.20,CLIMB,33.02,34.05,19.86,1.31,3.4,-0.4,-11.3,-0.3,26,1.00,-0.081,0.058,0.00,,,,0,-369,-0,3.13,24.3,2.00,-0.180
27.30,CLIMB,33.15,34.18,19.96,1.12,2.5,-0.4,-11.3,-0.3,24,1.00,-0.047,0.058,0.00,,,,0,-371,-0,3.13,24.3,2.00,-0.180
27.40,CLIMB,33.25,34.28,20.08,0.91,1.6,-0.5,-11.3,-0.3,22,1.00,-0.037,0.059,0.00,,,,0,-373,-0,3.13,24.3,2.00,-0.180
27.50,CLIMB,33.33,34.37,20.20,0.69,1.0,-0.5,-11.3,-0.3,20,1.00,-0.035,0.058,0.00,,,,0,-375,-0,3.13,24.3,2.00,-0.172
27.60,CLIMB,33.40,34.43,20.34,0.49,0.4,-0.6,-11.3,-0.3,18,1.00,-0.036,0.058,0.00,,,,0,-377,-0,3.13,24.3,2.00,-0.163
27.70,CLIMB,33.44,34.47,20.48,0.31,-0.0,-0.6,-11.3,-0.3,16,1.00,-0.036,0.058,0.00,,,,0,-379,-0,3.13,24.3,2.00,-0.153
27.80,CLIMB,33.47,34.50,20.63,0.14,-0.4,-0.7,-11.3,-0.4,14,1.00,-0.032,0.057,0.00,,,,0,-381,-0,3.13,24.3,2.00,-0.142
27.90,CLIMB,33.47,34.51,20.79,-0.01,-0.8,-0.8,-11.3,-0.4,12,1.00,-0.026,0.057,0.00,,,,0,-383,-0,3.13,24.3,2.00,-0.130
28.00,CLIMB,33.47,34.50,20.95,-0.14,-1.0,-0.8,-11.3,-0.4,10,1.00,-0.019,0.056,0.00,,,,0,-385,-0,3.13,24.3,2.00,-0.118
28.10,CLIMB,33.45,34.48,21.11,-0.26,-1.2,-0.9,-11.3,-0.4,8,1.00,-0.012,0.056,0.00,,,,0,-387,-0,3.13,24.3,2.00,-0.105
28.20,CLIMB,33.42,34.45,21.27,-0.35,-1.4,-0.9,-11.3,-0.4,6,1.00,-0.007,0.055,0.00,,,,0,-389,-0,3.13,24.3,2.00,-0.092
28.30,CLIMB,33.38,34.41,21.44,-0.43,-1.5,-0.9,-11.3,-0.4,4,1.00,-0.002,0.055,0.00,,,,0,-391,-0,3.13,24.3,2.00,-0.079
28.40,CLIMB,33.34,34.37,21.60,-0.48,-1.5,-1.0,-11.3,-0.5,2,1.00,0.003,0.054,0.00,,,,0,-393,-0,3.13,24.3,2.00,-0.066
28.50,CLIMB,33.29,34.32,21.77,-0.51,-1.5,-1.0,-11.2,-0.5,-0,1.00,0.007,0.054,0.00,,,,0,-395,-0,3.13,24.3,2.00,-0.053
28.60,CLIMB,33.24,34.27,21.93,-0.52,-1.5,-1.0,-11.2,-0.5,-2,1.00,0.012,0.053,0.00,,,,0,-397,-1,3.13,24.3,2.00,-0.041
28.70,CLIMB,33.19,34.22,22.09,-0.51,-1.4,-1.1,-11.2,-0.6,-4,1.00,0.015,0.052,0.00,,,,0,-399,-1,3.13,24.3,2.00,-0.028
28.80,CLIMB,33.14,34.17,22.25,-0.48,-1.2,-1.1,-11.1,-0.6,-7,1.00,0.019,0.052,0.00,,,,0,-402,-1,3.13,24.3,2.00,-0.016
28.90,CLIMB,33.09,34.12,22.40,-0.44,-1.1,-1.1,-11.1,-0.6,-9,1.00,0.021,0.051,0.00,,,,0,-404,-1,3.13,24.3,2.00,-0.004
29.00,CLIMB,33.05,34.08,22.55,-0.37,-0.9,-1.1,-11.1,-0.6,-11,1.00,0.024,0.050,0.00,,,,0,-406,-1,3.13,24.3,2.00,0.007
29.10,CLIMB,33.01,34.04,22.70,-0.30,-0.6,-1.1,-11.0,-0.7,-13,1.00,0.026,0.050,0.00,,,,0,-408,-1,3.13,24.3,2.00,0.018
29.20,CLIMB,32.99,34.02,22.84,-0.20,-0.4,-1.1,-11.0,-0.7,-15,1.00,0.027,0.049,0.00,,,,0,-410,-1,3.13,24.3,2.00,0.028
29.30,CLIMB,32.97,34.00,22.97,-0.09,-0.1,-1.1,-10.9,-0.7,-18,1.00,0.028,0.049,0.00,,,,0,-413,-1,3.13,24.3,2.00,0.037
29.40,CLIMB,32.96,34.00,23.10,0.02,0.2,-1.1,-10.8,-0.8,-20,1.00,0.029,0.048,0.00,,,,0,-415,-1,3.13,24.3,2.00,0.046
29.50,CLIMB,32.97,34.00,23.22,0.15,0.5,-1.1,-10.8,-0.8,-22,1.00,0.029,0.047,0.00,,,,0,-417,-1,3.13,24.3,2.00,0.054
29.60,CLIMB,32.99,34.02,23.33,0.29,0.8,-1.1,-10.7,-0.8,-24,1.00,0.029,0.047,0.00,,,,0,-419,-1,3.13,24.3,1.99,0.062
29.70,CLIMB,33.02,34.06,23.43,0.43,1.2,-1.1,-10.7,-0.9,-27,1.00,0.072,0.047,0.00,,,,0,-422,-1,3.13,24.3,1.94,0.170
29.80,CLIMB,33.07,34.10,23.53,0.58,1.7,-1.1,-10.6,-0.9,-29,1.00,0.098,0.046,0.00,,,,0,-424,-1,3.13,24.3,1.89,0.170
29.90,CLIMB,33.14,34.17,23.62,0.77,2.4,-1.1,-10.5,-0.9,-31,1.00,0.062,0.045,0.00,,,,0,-426,-1,3.13,24.3,1.84,0.170
30.00,CLIMB,33.22,34.25,23.69,1.02,3.2,-1.1,-10.5,-1.0,-34,1.00,0.034,0.045,0.00,,,,0,-429,-1,3.13,24.3,1.79,0.170
30.10,CLIMB,33.33,34.36,23.76,1.28,3.8,-1.0,-10.4,-1.0,-36,1.00,0.031,0.044,0.00,,,,0,-431,-1,3.13,24.3,1.74,0.170
30.20,CLIMB,33.47,34.50,23.81,1.54,4.3,-1.0,-10.4,-1.0,-38,1.00,0.039,0.044,0.00,,,,0,-433,-1,3.13,24.3,1.69,0.170
30.30,CLIMB,33.63,34.66,23.85,1.78,4.8,-0.9,-10.3,-1.0,-41,1.00,0.044,0.044,0.00,,,,0,-436,-1,3.13,24.3,1.64,0.170
30.40,CLIMB,33.82,34.85,23.89,2.01,5.2,-0.9,-10.2,-1.0,-43,1.00,0.043,0.044,0.00,,,,0,-438,-1,3.13,24.3,1.59,0.170
30.50,CLIMB,34.02,35.06,23.91,2.23,5.7,-0.9,-10.2,-1.1,-45,1.00,0.037,0.044,0.00,,,,0,-440,-1,3.13,24.3,1.54,0.170
30.60,CLIMB,34.25,35.29,23.93,2.44,6.1,-0.8,-10.1,-1.1,-48,1.00,0.031,0.043,0.00,,,,0,-443,-1,3.13,24.3,1.49,0.170
30.70,CLIMB,34.50,35.54,23.94,2.65,6.5,-0.8,-10.1,-1.1,-50,1.00,0.027,0.044,0.00,,,,0,-445,-1,3.13,24.3,1.44,0.170
30.80,CLIMB,34.78,35.81,23.95,2.85,6.9,-0.7,-10.0,-1.1,-52,1.00,0.025,0.044,0.00,,,,0,-447,-1,3.13,24.3,1.39,0.170
30.90,CLIMB,35.07,36.10,23.94,3.04,7.2,-0.7,-10.0,-1.1,-55,1.00,0.013,0.044,0.00,,,,0,-450,-1,3.13,24.3,1.34,0.161
31.00,CLIMB,35.38,36.41,23.93,3.21,7.5,-0.6,-10.0,-1.1,-57,1.00,0.004,0.044,0.00,,,,0,-452,-1,3.13,24.3,1.29,0.151
31.10,CLIMB,35.70,36.74,23.92,3.37,7.8,-0.6,-9.9,-1.1,-59,1.00,-0.002,0.044,0.00,,,,0,-454,-1,3.13,24.3,1.24,0.140
31.20,CLIMB,36.05,37.08,23.90,3.51,7.9,-0.5,-9.9,-1.1,-62,1.00,-0.006,0.044,0.00,,,,0,-457,-1,3.13,24.3,1.19,0.130
31.30,CLIMB,36.40,37.43,23.88,3.63,8.1,-0.5,-9.9,-1.1,-64,1.00,-0.010,0.045,0.00,,,,0,-459,-1,3.13,24.3,1.14,0.120
31.40,CLIMB,36.77,37.80,23.86,3.72,8.2,-0.5,-9.9,-1.1,-66,1.00,-0.015,0.045,0.00,,,,0,-461,-1,3.13,24.3,1.09,0.111
31.50,CLIMB,37.14,38.17,23.83,3.80,8.2,-0.4,-9.8,-1.1,-68,1.00,-0.020,0.046,0.00,,,,0,-463,-1,3.13,24.3,1.04,0.102
31.60,CLIMB,37.52,38.56,23.80,3.87,8.3,-0.4,-9.8,-1.1,-71,1.00,-0.024,0.046,0.00,,,,0,-466,-1,3.13,24.3,1.00,0.094
31.70,CLIMB,37.91,38.95,23.78,3.91,8.3,-0.4,-9.8,-1.1,-73,1.00,-0.025,0.047,0.00,,,,0,-468,-1,3.13,24.3,1.00,0.089
31.80,CLIMB,38.31,39.34,23.75,3.95,8.3,-0.4,-9.8,-1.1,-75,1.00,-0.027,0.047,0.00,,,,0,-470,-1,3.13,24.3,1.00,0.084
31.90,CLIMB,38.70,39.73,23.72,3.97,8.3,-0.3,-9.8,-1.1,-78,1.00,-0.030,0.047,0.00,,,,0,-473,-1,3.13,24.3,1.00,0.080
32.00,CLIMB,39.10,40.13,23.69,3.98,8.3,-0.3,-9.8,-1.1,-80,1.00,-0.032,0.048,0.00,,,,0,-475,-1,3.13,24.3,1.00,0.076
32.10,CLIMB,39.50,40.53,23.66,3.99,8.2,-0.3,-9.8,-1.1,-82,1.00,-0.034,0.048,0.00,,,,0,-477,-1,3.13,24.3,1.00,0.073
32.20,CLIMB,39.90,40.93,23.64,3.98,8.2,-0.3,-9.8,-1.1,-85,1.00,-0.036,0.048,0.00,,,,0,-480,-1,3.13,24.3,1.00,0.069
32.30,CLIMB,40.29,41.33,23.61,3.98,8.1,-0.3,-9.8,-1.1,-87,1.00,-0.037,0.049,0.00,,,,0,-482,-1,3.13,24.3,1.00,0.067
32.40,CLIMB,40.69,41.72,23.58,3.96,8.1,-0.2,-9.8,-1.0,-89,1.00,-0.037,0.049,0.00,,,,0,-484,-1,3.13,24.3,1.00,0.064
32.50,CLIMB,41.09,42.12,23.56,3.94,8.0,-0.2,-9.8,-1.0,-91,1.00,-0.038,0.049,0.00,,,,0,-486,-1,3.13,24.3,1.00,0.062
32.60,CLIMB,41.48,42.51,23.53,3.92,8.0,-0.2,-9.8,-1.0,-94,1.00,-0.039,0.049,0.00,,,,0,-489,-1,3.13,24.3,1.00,0.060
32.70,CLIMB,41.87,42.90,23.51,3.90,7.9,-0.2,-9.7,-1.0,-96,1.00,-0.039,0.050,0.00,,,,0,-491,-1,3.13,24.3,1.00,0.058
32.80,CLIMB,42.26,43.29,23.49,3.87,7.8,-0.2,-9.7,-1.0,-98,1.00,-0.039,0.050,0.00,,,,0,-493,-1,3.13,24.3,1.00,0.057
32.90,CLIMB,42.65,43.68,23.47,3.84,7.8,-0.2,-9.7,-0.9,-101,1.00,-0.039,0.050,0.00,,,,0,-496,-1,3.13,24.3,1.00,0.055
33.00,CLIMB,43.03,44.06,23.45,3.81,7.7,-0.2,-9.7,-0.9,-103,1.00,-0.039,0.050,0.00,,,,0,-498,-1,3.13,24.3,1.00,0.054
33.10,CLIMB,43.41,44.44,23.43,3.77,7.6,-0.2,-9.7,-0.9,-105,1.00,-0.039,0.050,0.00,,,,0,-500,-1,3.13,24.3,1.00,0.053
33.20,CLIMB,43.78,44.82,23.42,3.74,7.5,-0.1,-9.7,-0.9,-107,1.00,-0.039,0.050,0.00,,,,0,-502,-1,3.13,24.3,1.00,0.052
33.30,CLIMB,44.16,45.19,23.40,3.70,7.5,-0.1,-9.7,-0.8,-110,1.00,-0.039,0.050,0.00,,,,0,-505,-1,3.13,24.3,1.00,0.052
33.40,CLIMB,44.53,45.56,23.39,3.67,7.4,-0.1,-9.6,-0.8,-112,1.00,-0.039,0.050,0.00,,,,0,-507,-1,3.13,24.3,1.00,0.051
33.50,CLIMB,44.89,45.92,23.38,3.64,7.3,-0.1,-9.6,-0.8,-114,1.00,-0.038,0.051,0.00,,,,0,-509,-1,3.13,24.3,1.00,0.051
33.60,CLIMB,45.25,46.29,23.37,3.60,7.3,-0.1,-9.6,-0.8,-116,1.00,-0.038,0.051,0.00,,,,0,-511,-1,3.13,24.3,1.00,0.050
33.70,CLIMB,45.61,46.65,23.36,3.57,7.2,-0.1,-9.6,-0.7,-119,1.00,-0.038,0.051,0.00,,,,0,-514,-1,3.13,24.3,1.00,0.050
33.80,CLIMB,45.97,47.00,23.35,3.53,7.1,-0.1,-9.6,-0.7,-121,1.00,-0.037,0.051,0.00,,,,0,-516,-1,3.13,24.3,1.00,0.050
33.90,CLIMB,46.32,47.35,23.34,3.50,7.1,-0.1,-9.6,-0.7,-123,1.00,-0.037,0.051,0.00,,,,0,-518,-1,3.13,24.3,1.00,0.050
34.00,CLIMB,46.67,47.70,23.34,3.47,7.0,-0.0,-9.5,-0.7,-125,1.00,-0.037,0.051,0.00,,,,0,-520,-1,3.13,24.3,1.00,0.050
34.10,CLIMB,47.02,48.05,23.33,3.44,6.9,-0.0,-9.5,-0.6,-128,1.00,-0.036,0.051,0.00,,,,0,-523,-1,3.13,24.3,1.00,0.050
34.20,CLIMB,47.36,48.39,23.33,3.41,6.9,-0.0,-9.5,-0.6,-130,1.00,-0.036,0.051,0.00,,,,0,-525,-1,3.13,24.3,1.00,0.050
34.30,CLIMB,47.70,48.73,23.33,3.38,6.8,0.0,-9.5,-0.6,-132,1.00,-0.035,0.051,0.00,,,,0,-527,-1,3.13,24.3,1.00,0.050
34.40,CLIMB,48.04,49.07,23.32,3.36,6.8,0.0,-9.5,-0.5,-134,1.00,-0.035,0.051,0.00,,,,0,-529,-1,3.13,24.3,1.00,0.050
34.50,CLIMB,48.37,49.40,23.32,3.33,6.7,0.0,-9.5,-0.5,-137,1.00,-0.034,0.051,0.00,,,,0,-532,-1,3.13,24.3,1.00,0.050
34.60,CLIMB,48.70,49.74,23.32,3.31,6.7,0.0,-9.5,-0.5,-139,1.00,-0.034,0.051,0.00,,,,0,-534,-0,3.13,24.3,1.00,0.051
34.70,CLIMB,49.03,50.07,23.33,3.28,6.6,0.1,-9.5,-0.4,-141,1.00,-0.034,0.051,0.00,,,,0,-536,-0,3.13,24.3,1.00,0.051
34.80,CLIMB,49.36,50.39,23.33,3.26,6.6,0.1,-9.5,-0.4,-144,1.00,-0.033,0.051,0.00,,,,0,-539,-0,3.13,24.3,1.00,0.051
34.90,CLIMB,49.69,50.72,23.33,3.24,6.5,0.1,-9.5,-0.4,-146,1.00,-0.033,0.052,0.00,,,,0,-541,-0,3.13,24.3,1.00,0.051
35.00,CLIMB,50.01,51.04,23.34,3.22,6.5,0.1,-9.5,-0.4,-148,1.00,-0.033,0.052,0.00,,,,0,-543,-0,3.13,24.3,1.00,0.052
35.10,CLIMB,50.33,51.36,23.34,3.20,6.5,0.1,-9.5,-0.3,-150,1.00,-0.032,0.052,0.00,,,,0,-545,-0,3.13,24.3,1.00,0.052
35.20,CLIMB,50.65,51.68,23.34,3.18,6.4,0.1,-9.5,-0.3,-153,1.00,-0.032,0.052,0.00,,,,0,-548,-0,3.13,24.3,1.00,0.052
35.30,CLIMB,50.97,52.00,23.35,3.17,6.4,0.1,-9.5,-0.3,-155,1.00,-0.032,0.052,0.00,,,,0,-550,-0,3.13,24.3,1.00,0.053
35.40,CLIMB,51.29,52.32,23.36,3.15,6.4,0.1,-9.5,-0.2,-157,1.00,-0.031,0.052,0.00,,,,0,-552,-0,3.13,24.3,1.00,0.053
35.50,CLIMB,51.60,52.63,23.36,3.14,6.3,0.2,-9.5,-0.2,-159,1.00,-0.031,0.052,0.00,,,,0,-554,-0,3.13,24.3,1.00,0.053
35.60,CLIMB,51.91,52.95,23.37,3.13,6.3,0.2,-9.5,-0.2,-162,1.00,-0.031,0.052,0.00,,,,0,-557,-0,3.13,24.3,1.00,0.053
35.70,CLIMB,52.23,53.26,23.38,3.11,6.3,0.2,-9.5,-0.1,-164,1.00,-0.031,0.052,0.00,,,,0,-559,-0,3.13,24.3,1.00,0.054
35.80,CLIMB,52.54,53.57,23.39,3.10,6.2,0.2,-9.5,-0.1,-166,1.00,-0.031,0.052,0.00,,,,0,-561,-0,3.13,24.3,1.00,0.054
35.90,CLIMB,52.85,53.88,23.40,3.09,6.2,0.2,-9.5,-0.1,-169,1.00,-0.030,0.052,0.00,,,,0,-564,-0,3.13,24.3,1.00,0.054
36.00,CLIMB,53.16,54.19,23.40,3.08,6.2,0.2,-9.5,-0.0,-171,1.00,-0.030,0.052,0.00,,,,0,-566,-0,3.13,24.3,1.00,0.054
36.10,CLIMB,53.46,54.50,23.41,3.08,6.2,0.2,-9.5,-0.0,-173,1.00,-0.030,0.052,0.00,,,,0,-568,-0,3.13,24.3,1.00,0.055
36.20,CLIMB,53.77,54.80,23.42,3.07,6.2,0.2,-9.5,0.0,-175,1.00,-0.030,0.052,0.00,,,,0,-570,0,3.13,24.3,1.00,0.055
36.30,CLIMB,54.08,55.11,23.43,3.06,6.1,0.2,-9.5,0.1,-178,1.00,-0.030,0.052,0.00,,,,0,-573,0,3.13,24.3,1.00,0.055
36.40,CLIMB,54.38,55.42,23.44,3.06,6.1,0.2,-9.5,0.1,-180,1.00,-0.030,0.052,0.00,,,,0,-575,0,3.13,24.3,1.00,0.055
36.50,CLIMB,54.69,55.72,23.45,3.05,6.1,0.2,-9.5,0.1,-182,1.00,-0.030,0.052,0.00,,,,0,-577,0,3.13,24.3,1.00,0.055
36.60,CLIMB,55.00,56.03,23.46,3.05,6.1,0.3,-9.5,0.1,-184,1.00,-0.030,0.052,0.00,,,,0,-579,0,3.13,24.3,1.00,0.056
36.70,CLIMB,55.30,56.33,23.47,3.04,6.1,0.3,-9.5,0.2,-187,1.00,-0.030,0.052,0.00,,,,0,-582,0,3.13,24.3,1.00,0.056
36.80,CLIMB,55.60,56.64,23.48,3.04,6.1,0.3,-9.5,0.2,-189,1.00,-0.030,0.052,0.00,,,,0,-584,0,3.13,24.3,1.00,0.056
36.90,CLIMB,55.91,56.94,23.49,3.03,6.0,0.3,-9.5,0.2,-191,1.00,-0.030,0.052,0.00,,,,0,-586,0,3.13,24.3,1.00,0.056
37.00,CLIMB,56.21,57.24,23.50,3.03,6.0,0.3,-9.5,0.3,-194,1.00,-0.030,0.052,0.00,,,,0,-589,0,3.13,24.3,1.00,0.056
37.10,CLIMB,56.51,57.55,23.51,3.03,6.0,0.3,-9.5,0.3,-196,1.00,-0.030,0.052,0.00,,,,0,-591,0,3.13,24.3,1.00,0.056
37.20,CLIMB,56.82,57.85,23.53,3.03,6.0,0.3,-9.5,0.3,-198,1.00,-0.030,0.052,0.00,,,,0,-593,0,3.13,24.3,1.00,0.057
37.30,CLIMB,57.12,58.15,23.54,3.03,6.0,0.3,-9.5,0.3,-201,1.00,-0.030,0.052,0.00,,,,0,-596,0,3.13,24.3,1.00,0.057
37.40,CLIMB,57.42,58.45,23.55,3.02,6.0,0.3,-9.5,0.4,-203,1.00,-0.030,0.052,0.00,,,,0,-598,0,3.13,24.3,1.00,0.057
37.50,CLIMB,57.72,58.76,23.56,3.02,6.0,0.3,-9.5,0.4,-205,1.00,-0.030,0.052,0.00,,,,0,-600,0,3.13,24.3,1.00,0.057
37.60,CLIMB,58.03,59.06,23.57,3.02,6.0,0.3,-9.5,0.4,-207,1.00,-0.030,0.052,0.00,,,,0,-602,0,3.13,24.3,1.00,0.057
37.70,CLIMB,58.33,59.36,23.58,3.02,5.9,0.3,-9.6,0.4,-210,1.00,-0.030,0.052,0.00,,,,0,-605,0,3.13,24.3,1.00,0.057
37.80,CLIMB,58.63,59.66,23.59,3.02,5.9,0.3,-9.6,0.5,-212,1.00,-0.030,0.052,0.00,,,,0,-607,0,3.13,24.3,1.00,0.057
37.90,CLIMB,58.93,59.96,23.60,3.02,5.9,0.4,-9.6,0.5,-214,1.00,-0.030,0.052,0.00,,,,0,-609,1,3.13,24.3,1.00,0.057
38.00,CLIMB,59.23,60.27,23.61,3.02,5.9,0.4,-9.6,0.5,-217,1.00,-0.030,0.052,0.00,,,,0,-612,1,3.13,24.3,1.00,0.057
38.10,CLIMB,59.54,60.57,23.62,3.02,5.9,0.4,-9.6,0.5,-219,1.00,-0.030,0.052,0.00,,,,0,-614,1,3.13,24.3,1.00,0.057
38.20,CLIMB,59.84,60.87,23.63,3.02,5.9,0.4,-9.6,0.6,-221,1.00,-0.030,0.052,0.00,,,,0,-616,1,3.13,24.3,1.00,0.057
38.30,CLIMB,60.14,61.17,23.65,3.02,5.9,0.4,-9.6,0.6,-223,1.00,-0.031,0.052,0.00,,,,0,-618,1,3.13,24.3,1.00,0.057
38.40,CLIMB,60.44,61.48,23.66,3.02,5.9,0.4,-9.6,0.6,-226,1.00,-0.031,0.052,0.00,,,,0,-621,1,3.13,24.3,1.00,0.058
38.50,CLIMB,60.75,61.78,23.67,3.03,5.9,0.4,-9.6,0.6,-228,1.00,-0.031,0.052,0.00,,,,0,-623,1,3.13,24.3,1.00,0.058
38.60,CLIMB,61.05,62.08,23.68,3.03,5.9,0.4,-9.6,0.7,-230,1.00,-0.031,0.052,0.00,,,,0,-625,1,3.13,24.3,1.00,0.058
38.70,CLIMB,61.35,62.38,23.69,3.03,5.9,0.4,-9.7,0.7,-233,1.00,-0.031,0.052,0.00,,,,0,-628,1,3.13,24.3,1.00,0.058
38.80,CLIMB,61.65,62.69,23.70,3.03,5.9,0.4,-9.7,0.7,-235,1.00,-0.031,0.052,0.00,,,,0,-630,1,3.13,24.3,1.00,0.058
38.90,CLIMB,61.96,62.99,23.71,3.03,5.9,0.4,-9.7,0.7,-237,1.00,-0.031,0.053,0.00,,,,0,-632,1,3.13,24.3,1.00,0.058
39.00,CLIMB,62.26,63.29,23.72,3.03,5.9,0.4,-9.7,0.7,-240,1.00,-0.031,0.053,0.00,,,,0,-635,1,3.13,24.3,1.00,0.058
39.10,CLIMB,62.56,63.60,23.73,3.03,5.8,0.4,-9.7,0.8,-242,1.00,-0.031,0.053,0.00,,,,0,-637,1,3.13,24.3,1.00,0.058
39.20,CLIMB,62.87,63.90,23.74,3.03,5.8,0.4,-9.7,0.8,-244,1.00,-0.031,0.053,0.00,,,,0,-639,1,3.13,24.3,1.00,0.058
39.30,CLIMB,63.17,64.20,23.75,3.04,5.8,0.4,-9.7,0.8,-246,1.00,-0.032,0.053,0.00,,,,0,-641,1,3.13,24.3,1.00,0.058
39.40,CLIMB,63.47,64.51,23.76,3.04,5.8,0.4,-9.8,0.8,-249,1.00,-0.032,0.053,0.00,,,,0,-644,1,3.13,24.3,1.00,0.058
39.50,CLIMB,63.78,64.81,23.77,3.04,5.8,0.4,-9.8,0.8,-251,1.00,-0.032,0.053,0.00,,,,0,-646,1,3.13,24.3,1.00,0.058
39.60,CLIMB,64.08,65.11,23.78,3.04,5.8,0.4,-9.8,0.9,-253,1.00,-0.032,0.053,0.00,,,,0,-648,1,3.13,24.3,1.00,0.058
39.70,CLIMB,64.39,65.42,23.79,3.04,5.8,0.4,-9.8,0.9,-256,1.00,-0.032,0.053,0.00,,,,0,-651,1,3.13,24.3,1.00,0.058
39.80,CLIMB,64.69,65.72,23.80,3.04,5.8,0.4,-9.8,0.9,-258,1.00,-0.032,0.053,0.00,,,,0,-653,1,3.13,24.3,1.00,0.058
39.90,CLIMB,64.99,66.03,23.81,3.05,5.8,0.4,-9.8,0.9,-260,1.00,-0.032,0.053,0.00,,,,0,-655,1,3.13,24.3,1.00,0.058
40.00,CLIMB,65.30,66.33,23.82,3.05,5.8,0.4,-9.8,0.9,-263,1.00,-0.032,0.053,0.00,,,,0,-658,1,3.13,24.3,1.00,0.058
40.10,CLIMB,65.60,66.64,23.83,3.05,5.8,0.4,-9.8,0.9,-265,1.00,-0.033,0.053,0.00,,,,0,-660,1,3.13,24.3,1.00,0.058
40.20,CLIMB,65.91,66.94,23.84,3.05,5.8,0.4,-9.9,0.9,-267,1.00,-0.033,0.053,0.00,,,,0,-662,1,3.13,24.3,1.00,0.058
40.30,CROSSWIND,66.21,67.25,23.85,3.05,5.8,0.4,169.9,-1.0,20,1.00,0.003,0.066,0.00,184,,728,0,-665,1,3.13,22.1,1.00,0.118
40.40,CROSSWIND,66.52,67.55,23.86,3.04,5.9,0.1,-78.1,-1.0,22,1.00,0.016,0.068,0.00,182,,728,0,-667,1,3.13,22.1,1.00,0.120
40.50,CROSSWIND,66.82,67.85,23.87,3.07,6.2,-0.6,-11.6,-1.0,24,1.00,-0.011,0.074,0.00,180,,728,0,-669,1,3.13,22.1,1.00,0.120
40.60,CROSSWIND,67.13,68.16,23.87,3.14,6.5,-1.6,-12.4,-1.0,27,1.00,-0.025,0.098,0.00,177,,727,0,-672,1,3.13,22.1,1.00,0.119
40.70,CROSSWIND,67.45,68.48,23.86,3.22,6.7,-2.8,-13.3,-1.0,29,0.99,-0.024,0.107,0.00,175,,727,0,-674,1,3.13,22.1,1.00,0.117
40.80,CROSSWIND,67.77,68.80,23.85,3.29,6.8,-4.2,-14.2,-1.0,31,0.99,-0.018,0.110,0.00,173,,727,0,-676,1,3.13,22.1,1.00,0.115
40.90,CROSSWIND,68.10,69.13,23.84,3.34,6.9,-5.7,-15.1,-1.1,34,0.98,-0.014,0.109,0.00,170,,727,0,-679,1,3.13,22.1,1.00,0.113
41.00,CROSSWIND,68.44,69.47,23.83,3.39,6.9,-7.4,-16.0,-1.1,36,0.98,-0.015,0.108,0.00,168,,727,0,-681,1,3.13,22.1,1.00,0.111
41.10,CROSSWIND,68.78,69.81,23.81,3.43,7.0,-9.1,-16.9,-1.1,38,0.98,-0.019,0.106,0.00,166,,727,0,-683,1,3.13,22.1,1.00,0.109
41.20,CROSSWIND,69.12,70.16,23.80,3.46,7.1,-10.9,-17.9,-1.2,40,0.98,-0.023,0.101,0.00,164,,727,0,-685,1,3.13,22.1,1.00,0.108
41.30,CROSSWIND,69.47,70.50,23.78,3.47,7.2,-12.6,-18.8,-1.3,43,0.98,-0.025,0.092,0.00,161,,727,0,-688,1,3.13,22.1,1.00,0.107
41.40,CROSSWIND,69.82,70.85,23.77,3.47,7.3,-14.0,-19.7,-1.4,45,0.98,-0.025,0.087,0.00,159,,727,0,-690,1,3.13,22.1,1.00,0.107
41.50,CROSSWIND,70.16,71.19,23.76,3.45,7.4,-15.0,-20.4,-1.5,47,0.98,-0.024,0.084,0.00,157,,727,0,-692,1,3.13,22.1,1.00,0.107
41.60,CROSSWIND,70.51,71.54,23.74,3.42,7.4,-15.9,-21.1,-1.6,50,0.98,-0.022,0.083,0.00,154,,727,0,-695,2,3.13,22.1,1.00,0.108
41.70,CROSSWIND,70.85,71.88,23.73,3.39,7.5,-16.6,-21.6,-1.8,52,0.99,-0.020,0.081,0.00,152,,727,0,-697,2,3.13,22.1,1.00,0.109
41.80,CROSSWIND,71.18,72.22,23.72,3.35,7.5,-17.3,-22.0,-1.9,54,0.99,-0.018,0.079,0.00,150,,727,0,-699,2,3.13,22.1,1.00,0.110
41.90,CROSSWIND,71.52,72.55,23.72,3.31,7.5,-17.9,-22.1,-2.1,57,0.99,-0.014,0.076,0.00,147,,726,0,-702,2,3.13,22.1,1.00,0.112
42.00,CROSSWIND,71.85,72.88,23.71,3.28,7.5,-18.4,-22.2,-2.4,59,0.99,-0.010,0.073,0.00,145,,726,0,-704,2,3.13,22.1,1.00,0.114
42.10,CROSSWIND,72.18,73.21,23.71,3.25,7.5,-18.8,-22.1,-2.6,61,0.99,-0.006,0.069,0.00,143,,726,0,-706,3,3.13,22.1,1.00,0.115
42.20,CROSSWIND,72.50,73.53,23.70,3.22,7.5,-19.2,-21.8,-2.9,64,0.99,-0.002,0.066,0.00,140,,726,0,-709,3,3.13,22.1,1.00,0.117
42.30,CROSSWIND,72.82,73.85,23.70,3.20,7.5,-19.6,-21.5,-3.2,66,0.99,0.002,0.061,0.00,138,,725,0,-711,3,3.13,22.1,1.00,0.118
42.40,CROSSWIND,73.14,74.17,23.69,3.19,7.4,-19.9,-21.0,-3.6,68,0.99,0.005,0.057,0.00,136,,725,0,-713,4,3.13,22.1,1.00,0.119
42.50,CROSSWIND,73.46,74.49,23.69,3.19,7.4,-20.2,-20.5,-4.0,71,0.99,0.008,0.053,0.00,133,,725,0,-716,4,3.13,22.1,1.00,0.120
42.60,CROSSWIND,73.78,74.81,23.68,3.20,7.3,-20.5,-19.8,-4.4,73,0.99,0.010,0.048,0.00,131,,724,0,-718,4,3.13,22.1,1.00,0.120
42.70,CROSSWIND,74.10,75.13,23.67,3.21,7.3,-20.7,-19.2,-4.9,76,0.99,0.012,0.044,0.00,128,,724,0,-721,5,3.13,22.1,1.00,0.120
42.80,CROSSWIND,74.42,75.45,23.66,3.22,7.2,-20.9,-18.5,-5.3,78,0.99,0.013,0.040,0.00,126,,723,0,-723,5,3.13,22.1,1.00,0.120
42.90,CROSSWIND,74.74,75.77,23.65,3.24,7.2,-21.1,-17.9,-5.9,80,0.99,0.014,0.037,0.00,124,,723,0,-725,6,3.13,22.1,1.00,0.119
43.00,CROSSWIND,75.07,76.10,23.64,3.26,7.1,-21.2,-17.2,-6.4,83,0.99,0.014,0.033,0.00,121,,722,0,-728,6,3.13,22.1,1.00,0.119
43.10,CROSSWIND,75.39,76.43,23.62,3.28,7.1,-21.3,-16.7,-7.0,85,0.99,0.013,0.032,0.00,119,,721,0,-730,7,3.13,22.1,1.00,0.118
43.20,CROSSWIND,75.72,76.76,23.61,3.31,7.1,-21.4,-16.1,-7.7,87,0.99,0.012,0.030,0.00,117,,721,0,-732,8,3.13,22.1,1.00,0.117
43.30,CROSSWIND,76.05,77.09,23.59,3.33,7.0,-21.5,-15.7,-8.4,90,0.99,0.011,0.030,0.00,114,,720,0,-735,8,3.13,22.1,1.00,0.117
43.40,CROSSWIND,76.39,77.42,23.58,3.34,7.0,-21.5,-15.2,-9.1,92,0.99,0.010,0.029,0.00,112,,719,0,-737,9,3.13,22.1,1.00,0.116
43.50,CROSSWIND,76.72,77.75,23.56,3.36,7.0,-21.5,-14.9,-9.9,94,0.99,0.008,0.031,0.00,110,,719,0,-739,10,3.13,22.1,1.00,0.115
43.60,CROSSWIND,77.06,78.09,23.54,3.37,7.0,-21.5,-14.6,-10.7,97,0.99,0.006,0.031,0.00,107,,718,0,-742,11,3.13,22.1,1.00,0.115
43.70,CROSSWIND,77.40,78.43,23.52,3.38,7.0,-21.5,-14.4,-11.5,99,0.99,0.005,0.034,0.00,105,,717,0,-744,12,3.13,22.1,1.00,0.114
43.80,CROSSWIND,77.73,78.77,23.51,3.38,7.0,-21.5,-14.3,-12.4,101,0.99,0.003,0.034,0.00,103,,716,0,-746,12,3.13,22.1,1.00,0.114
43.90,CROSSWIND,78.07,79.10,23.49,3.38,7.0,-21.4,-14.2,-13.3,104,0.99,0.002,0.038,0.00,100,,715,0,-749,13,3.13,22.1,1.00,0.114
44.00,CROSSWIND,78.41,79.44,23.48,3.37,7.0,-21.4,-14.1,-14.3,106,0.99,0.001,0.038,0.00,98,,714,0,-751,14,3.13,22.1,1.00,0.114
44.10,CROSSWIND,78.75,79.78,23.46,3.36,7.0,-21.3,-14.1,-15.3,108,1.00,0.000,0.042,0.00,96,,713,0,-753,15,3.13,22.1,1.00,0.114
44.20,CROSSWIND,79.08,80.11,23.45,3.35,7.0,-21.3,-14.0,-16.4,110,1.00,0.000,0.042,0.00,94,,712,0,-755,16,3.13,22.1,1.00,0.115
44.30,CROSSWIND,79.42,80.45,23.44,3.34,7.0,-21.3,-14.1,-17.4,113,1.00,-0.000,0.047,0.00,91,,711,0,-758,17,3.13,22.1,1.00,0.115
44.40,CROSSWIND,79.75,80.78,23.43,3.32,7.0,-21.2,-14.0,-18.5,115,1.00,-0.000,0.046,0.00,89,,710,0,-760,19,3.13,22.1,1.00,0.116
44.50,CROSSWIND,80.08,81.11,23.42,3.31,7.1,-21.2,-14.1,-19.7,117,1.00,0.000,0.050,0.00,87,,709,0,-762,20,3.13,22.1,1.00,0.117
44.60,CROSSWIND,80.41,81.44,23.41,3.29,7.1,-21.2,-14.0,-20.9,119,1.00,0.001,0.049,0.00,85,,708,0,-764,21,3.13,22.1,1.00,0.118
44.70,CROSSWIND,80.74,81.77,23.40,3.28,7.1,-21.2,-14.0,-22.1,122,1.00,0.002,0.053,0.00,82,,706,0,-767,22,3.13,22.1,1.00,0.118
44.80,CROSSWIND,81.07,82.10,23.39,3.27,7.1,-21.2,-13.9,-23.3,124,1.00,0.002,0.051,0.00,80,,705,0,-769,23,3.13,22.1,1.00,0.119
44.90,CROSSWIND,81.39,82.43,23.38,3.25,7.1,-21.2,-13.8,-24.6,126,1.00,0.003,0.054,0.00,78,,704,0,-771,25,3.13,22.1,1.00,0.120
45.00,CROSSWIND,81.72,82.75,23.38,3.24,7.1,-21.2,-13.7,-26.0,128,1.00,0.004,0.051,0.00,76,,703,0,-773,26,3.13,22.1,1.00,0.121
45.10,CROSSWIND,82.04,83.08,23.37,3.23,7.1,-21.2,-13.6,-27.3,130,1.00,0.005,0.054,0.00,74,,701,0,-775,27,3.13,22.1,1.00,0.122
45.20,CROSSWIND,82.37,83.40,23.36,3.23,7.1,-21.2,-13.4,-28.7,133,1.00,0.006,0.051,0.00,71,,700,0,-778,29,3.13,22.1,1.00,0.122
45.30,CROSSWIND,82.69,83.72,23.35,3.22,7.1,-21.2,-13.2,-30.1,135,1.00,0.007,0.053,0.00,69,,698,0,-780,30,3.13,22.1,1.00,0.123
45.40,CROSSWIND,83.01,84.04,23.35,3.22,7.2,-21.2,-12.9,-31.6,137,1.00,0.008,0.049,0.00,67,,697,0,-782,32,3.13,22.1,1.00,0.123
45.50,CROSSWIND,83.33,84.37,23.34,3.22,7.2,-21.3,-12.7,-33.1,139,1.00,0.009,0.051,0.00,65,,695,0,-784,33,3.13,22.1,1.00,0.124
45.60,CROSSWIND,83.65,84.69,23.33,3.22,7.2,-21.3,-12.4,-34.6,141,1.00,0.009,0.047,0.00,63,,694,0,-786,35,3.13,22.1,1.00,0.124
45.70,CROSSWIND,83.98,85.01,23.32,3.22,7.2,-21.3,-12.2,-36.2,143,1.00,0.009,0.049,0.00,61,,692,0,-788,36,3.13,22.1,1.00,0.125
45.80,CROSSWIND,84.30,85.33,23.31,3.23,7.2,-21.3,-11.9,-37.8,145,1.00,0.010,0.045,0.00,59,,691,0,-790,38,3.13,22.1,1.00,0.125
45.90,CROSSWIND,84.62,85.65,23.30,3.23,7.2,-21.4,-11.7,-39.4,147,1.00,0.010,0.047,0.00,57,,689,0,-792,39,3.13,22.1,1.00,0.125
46.00,CROSSWIND,84.95,85.98,23.29,3.23,7.2,-21.4,-11.4,-41.1,149,1.00,0.010,0.043,0.00,55,,687,0,-794,41,3.13,22.1,1.00,0.125
46.10,CROSSWIND,85.27,86.30,23.28,3.24,7.2,-21.4,-11.2,-42.8,151,1.00,0.010,0.045,0.00,53,,686,0,-796,43,3.13,22.1,1.00,0.125
46.20,CROSSWIND,85.59,86.63,23.27,3.25,7.2,-21.4,-10.9,-44.5,153,1.00,0.009,0.041,0.00,51,,684,0,-798,45,3.13,22.1,1.00,0.125
46.30,CROSSWIND,85.92,86.95,23.26,3.25,7.2,-21.4,-10.8,-46.3,155,1.00,0.009,0.044,0.00,49,,682,0,-800,46,3.13,22.1,1.00,0.125
46.40,CROSSWIND,86.24,87.28,23.25,3.25,7.2,-21.4,-10.5,-48.1,157,1.00,0.009,0.040,0.00,47,,680,0,-802,48,3.13,22.1,1.00,0.125
46.50,CROSSWIND,86.57,87.60,23.24,3.26,7.2,-21.4,-10.4,-49.9,159,1.00,0.008,0.043,0.00,45,,679,0,-804,50,3.13,22.1,1.00,0.125
46.60,CROSSWIND,86.89,87.93,23.23,3.26,7.2,-21.4,-10.2,-51.7,161,1.00,0.008,0.040,0.00,43,,677,0,-806,52,3.13,22.1,1.00,0.125
46.70,CROSSWIND,87.22,88.25,23.22,3.26,7.2,-21.4,-10.1,-53.6,163,1.00,0.008,0.043,0.00,41,,675,0,-808,54,3.13,22.1,1.00,0.125
46.80,CROSSWIND,87.55,88.58,23.21,3.26,7.2,-21.4,-9.9,-55.6,165,1.00,0.007,0.040,0.00,39,,673,0,-810,56,3.13,22.1,1.00,0.125
46.90,CROSSWIND,87.87,88.91,23.20,3.26,7.2,-21.4,-9.8,-57.5,167,1.00,0.007,0.043,0.00,37,,671,0,-812,58,3.13,22.1,1.00,0.125
47.00,CROSSWIND,88.20,89.23,23.18,3.26,7.2,-21.3,-9.6,-59.5,168,1.00,0.007,0.040,0.00,36,,669,0,-813,59,3.13,22.1,1.00,0.126
47.10,CROSSWIND,88.53,89.56,23.17,3.26,7.3,-21.3,-9.6,-61.5,170,1.00,0.006,0.043,0.00,34,,667,0,-815,61,3.13,22.1,1.00,0.126
47.20,CROSSWIND,88.85,89.88,23.16,3.26,7.3,-21.3,-9.4,-63.5,172,1.00,0.006,0.040,0.00,32,,665,0,-817,64,3.13,22.1,1.00,0.126
47.30,CROSSWIND,89.18,90.21,23.15,3.26,7.3,-21.3,-9.4,-65.6,174,1.00,0.006,0.043,0.00,30,,663,0,-819,66,3.13,22.1,1.00,0.126
47.40,CROSSWIND,89.50,90.54,23.14,3.25,7.3,-21.3,-9.3,-67.7,175,1.00,0.006,0.041,0.00,29,,661,0,-820,68,3.13,22.1,1.00,0.127
47.50,CROSSWIND,89.83,90.86,23.13,3.25,7.3,-21.3,-9.2,-69.8,177,1.00,0.006,0.043,0.00,27,,659,0,-822,70,3.13,22.1,1.00,0.127
47.60,CROSSWIND,90.15,91.19,23.12,3.24,7.3,-21.3,-9.1,-72.0,179,1.00,0.006,0.041,0.00,25,,657,0,-824,72,3.13,22.1,1.00,0.127
47.70,CROSSWIND,90.48,91.51,23.11,3.24,7.4,-21.3,-9.0,-74.1,180,1.00,0.006,0.043,0.00,24,,654,0,-825,74,3.13,22.1,1.00,0.127
47.80,CROSSWIND,90.80,91.83,23.10,3.24,7.4,-21.3,-8.9,-76.3,182,1.00,0.006,0.040,0.00,22,,652,0,-827,76,3.13,22.1,1.00,0.128
47.90,CROSSWIND,91.12,92.16,23.09,3.23,7.4,-21.3,-8.8,-78.6,183,1.00,0.006,0.042,0.00,21,,650,0,-828,79,3.13,22.1,1.00,0.128
48.00,CROSSWIND,91.45,92.48,23.08,3.23,7.4,-21.3,-8.7,-80.8,185,1.00,0.006,0.040,0.00,19,,648,0,-830,81,3.13,22.1,1.00,0.128
48.10,CROSSWIND,91.77,92.80,23.07,3.22,7.4,-21.3,-8.6,-83.1,186,1.00,0.006,0.041,0.00,18,,645,0,-831,83,3.13,22.1,1.00,0.129
48.20,CROSSWIND,92.09,93.12,23.06,3.22,7.4,-21.3,-8.4,-85.4,188,1.00,0.006,0.038,0.00,16,,643,0,-833,85,3.13,22.1,1.00,0.129
48.30,CROSSWIND,92.41,93.45,23.05,3.22,7.5,-21.3,-8.4,-87.7,189,1.00,0.007,0.040,0.00,15,,641,0,-834,88,3.13,22.1,1.00,0.129
48.40,CROSSWIND,92.74,93.77,23.04,3.22,7.5,-21.3,-8.2,-90.1,191,1.00,0.007,0.037,0.00,13,,638,0,-836,90,3.13,22.1,1.00,0.130
48.50,CROSSWIND,93.06,94.09,23.04,3.22,7.5,-21.3,-8.1,-92.4,192,1.00,0.007,0.039,0.00,12,,636,0,-837,92,3.13,22.1,1.00,0.130
48.60,CROSSWIND,93.38,94.41,23.03,3.21,7.5,-21.3,-7.9,-94.8,194,1.00,0.006,0.036,0.00,10,,634,0,-839,95,3.12,22.1,1.00,0.129
48.70,CROSSWIND,93.70,94.73,23.02,3.21,7.5,-21.3,-7.8,-97.2,195,1.00,0.001,0.037,0.00,9,,631,0,-840,97,3.05,22.1,1.00,0.125
48.80,CROSSWIND,94.02,95.05,23.01,3.21,7.5,-21.3,-7.6,-99.7,196,0.99,-0.002,0.034,0.00,8,,629,0,-841,100,2.99,22.1,1.00,0.120
48.90,CROSSWIND,94.34,95.37,22.99,3.21,7.5,-21.3,-7.5,-102.1,197,0.98,-0.004,0.030,0.00,7,,626,0,-842,102,2.92,22.1,1.00,0.115
49.00,CROSSWIND,94.66,95.69,22.98,3.20,7.4,-21.3,-7.4,-104.6,199,0.97,-0.004,0.034,0.00,5,,624,0,-844,105,2.86,22.1,1.00,0.110
49.10,CROSSWIND,94.98,96.00,22.97,3.18,7.3,-21.3,-7.3,-107.1,200,0.96,-0.005,0.029,0.00,4,,621,0,-845,107,2.80,22.1,1.00,0.105
49.20,CROSSWIND,95.30,96.31,22.95,3.16,7.3,-21.3,-7.2,-109.6,201,0.96,-0.006,0.033,0.00,3,,619,0,-846,110,2.73,22.1,1.00,0.100
49.30,CROSSWIND,95.62,96.62,22.94,3.13,7.2,-21.3,-7.1,-112.1,202,0.95,-0.007,0.029,0.00,2,,616,0,-847,112,2.67,22.1,1.00,0.096
49.40,CROSSWIND,95.93,96.93,22.92,3.09,7.1,-21.3,-7.1,-114.7,203,0.94,-0.008,0.032,0.00,1,,614,0,-848,115,2.61,22.1,1.00,0.092
49.50,CROSSWIND,96.23,97.23,22.91,3.05,7.0,-21.3,-6.9,-117.3,204,0.93,-0.009,0.028,0.00,0,,611,0,-849,117,2.55,22.1,1.00,0.088
49.60,CROSSWIND,96.54,97.53,22.89,3.01,6.9,-21.3,-6.9,-119.8,205,0.93,-0.010,0.031,0.00,1,,609,0,-850,120,2.49,22.1,1.00,0.084
49.70,CROSSWIND,96.84,97.82,22.88,2.96,6.7,-21.3,-6.8,-122.4,206,0.92,-0.010,0.028,0.00,2,,606,0,-851,122,2.43,22.1,1.00,0.081
49.80,CROSSWIND,97.13,98.11,22.86,2.91,6.6,-21.3,-6.8,-125.1,207,0.91,-0.011,0.030,0.00,3,,603,0,-852,125,2.37,22.1,1.00,0.077
49.90,CROSSWIND,97.42,98.39,22.85,2.86,6.5,-21.2,-6.7,-127.7,208,0.91,-0.012,0.027,0.00,4,,601,0,-853,128,2.31,22.1,1.00,0.074
50.00,CROSSWIND,97.71,98.67,22.84,2.80,6.4,-21.2,-6.7,-130.3,209,0.90,-0.012,0.029,0.00,5,,598,0,-854,130,2.25,22.1,1.00,0.071
50.10,CROSSWIND,97.98,98.94,22.83,2.75,6.2,-21.2,-6.6,-133.0,210,0.89,-0.012,0.026,0.00,6,,596,0,-855,133,2.20,22.1,1.00,0.069
50.20,CROSSWIND,98.26,99.20,22.82,2.69,6.1,-21.2,-6.6,-135.6,211,0.89,-0.013,0.028,0.00,7,,593,0,-856,136,2.14,22.1,1.00,0.066
50.30,CROSSWIND,98.52,99.46,22.81,2.63,6.0,-21.2,-6.5,-138.3,212,0.88,-0.013,0.025,0.00,8,,590,0,-857,138,2.09,22.1,1.00,0.064
50.40,CROSSWIND,98.79,99.71,22.81,2.57,5.8,-21.2,-6.5,-141.0,213,0.88,-0.013,0.027,0.00,9,,587,0,-858,141,2.04,22.1,1.00,0.062
50.50,CROSSWIND,99.04,99.95,22.80,2.51,5.7,-21.2,-6.4,-143.7,213,0.87,-0.013,0.024,0.00,9,,585,0,-858,144,1.99,22.1,1.00,0.060
50.60,CROSSWIND,99.29,100.19,22.80,2.45,5.6,-21.2,-6.5,-146.4,214,0.86,-0.013,0.025,0.00,10,,582,0,-859,146,1.94,22.1,1.00,0.058
50.70,CROSSWIND,99.53,100.42,22.80,2.39,5.5,-21.2,-6.4,-149.2,215,0.86,-0.014,0.022,0.00,11,,579,0,-860,149,1.89,22.1,1.00,0.057
50.80,CROSSWIND,99.77,100.64,22.79,2.33,5.3,-21.2,-6.3,-151.9,215,0.85,-0.014,0.018,0.00,11,,577,0,-860,152,1.84,22.1,1.00,0.055
50.90,CROSSWIND,100.00,100.86,22.79,2.27,5.2,-21.2,-6.3,-154.7,216,0.85,-0.014,0.021,0.00,12,,574,0,-861,155,1.79,22.1,1.00,0.054
51.00,CROSSWIND,100.23,101.07,22.79,2.22,5.1,-21.1,-6.2,-157.4,216,0.84,-0.015,0.017,0.00,12,,571,0,-861,157,1.75,22.1,1.00,0.052
51.10,CROSSWIND,100.45,101.28,22.79,2.16,5.0,-21.1,-6.2,-160.2,217,0.83,-0.016,0.020,0.00,13,,568,0,-862,160,1.70,22.1,1.00,0.051
51.20,CROSSWIND,100.66,101.48,22.79,2.11,4.9,-21.1,-6.1,-163.0,218,0.83,-0.016,0.015,0.00,13,,566,0,-863,163,1.66,22.1,1.00,0.050
51.30,CROSSWIND,100.87,101.68,22.80,2.06,4.9,-21.1,-6.1,-165.8,218,0.82,-0.017,0.018,0.00,14,,563,0,-863,166,1.62,22.1,1.00,0.049
51.40,CROSSWIND,101.07,101.87,22.82,2.03,4.8,-21.1,-6.0,-168.6,218,1.00,-0.054,0.017,0.00,14,,560,0,-863,169,1.58,31.4,0.97,-0.091
51.50,CROSSWIND,101.28,102.06,22.86,2.02,4.6,-21.3,-6.0,-171.4,219,1.00,-0.098,0.016,0.00,15,,557,0,-864,171,1.54,31.4,0.92,-0.090
51.60,CROSSWIND,101.48,102.24,22.91,1.99,4.2,-21.3,-6.0,-174.2,219,1.00,-0.119,0.009,0.00,15,,554,0,-864,174,1.50,31.4,0.87,-0.089
51.70,CROSSWIND,101.68,102.42,22.97,1.91,3.7,-21.2,-6.3,-177.0,219,1.00,-0.071,0.012,0.00,15,,551,0,-864,177,1.46,31.4,0.82,-0.085
51.80,CROSSWIND,101.86,102.60,23.03,1.78,3.0,-20.9,-6.4,-179.8,220,1.00,-0.037,0.010,0.00,16,,549,0,-865,180,1.42,31.4,0.77,-0.079
51.90,CROSSWIND,102.03,102.75,23.10,1.62,2.5,-20.5,-6.5,-182.7,220,1.00,-0.024,0.016,0.00,16,,546,0,-865,183,1.39,31.4,0.72,-0.071
52.00,CROSSWIND,102.19,102.89,23.18,1.46,2.0,-20.1,-6.5,-185.6,220,1.00,-0.020,0.012,0.00,16,,543,0,-865,186,1.36,31.4,0.67,-0.062
52.10,CROSSWIND,102.33,103.02,23.26,1.32,1.7,-19.7,-5.7,-188.4,220,1.00,-0.021,-0.017,0.00,16,,540,0,-865,188,1.33,31.4,0.62,-0.053
52.20,CROSSWIND,102.46,103.13,23.34,1.19,1.5,-19.2,-4.9,-191.3,221,1.00,-0.022,-0.034,0.00,17,,537,0,-866,191,1.30,31.4,0.57,-0.044
52.30,CROSSWIND,102.57,103.23,23.43,1.08,1.3,-18.8,-4.0,-194.2,221,1.00,-0.021,-0.042,0.00,17,,534,0,-866,194,1.28,31.4,0.52,-0.035
52.40,CROSSWIND,102.68,103.32,23.53,1.00,1.1,-18.2,-3.2,-197.1,221,1.00,-0.019,-0.043,0.00,17,,531,0,-866,197,1.26,31.4,0.47,-0.028
52.50,CROSSWIND,102.78,103.40,23.62,0.93,1.0,-17.6,-2.4,-200.1,221,1.00,-0.016,-0.044,0.00,17,,528,0,-866,200,1.24,31.4,0.42,-0.021
52.60,CROSSWIND,102.87,103.47,23.72,0.87,0.9,-17.0,-1.7,-203.0,221,1.00,-0.013,-0.043,0.00,17,,526,0,-866,203,1.22,31.4,0.37,-0.014
52.70,CROSSWIND,102.95,103.54,23.81,0.83,0.8,-16.3,-0.9,-205.9,221,1.00,-0.012,-0.041,0.00,17,,523,0,-866,206,1.20,31.4,0.32,-0.009
52.80,CROSSWIND,103.04,103.61,23.91,0.81,0.8,-15.7,-0.2,-208.9,221,1.00,-0.011,-0.041,0.00,17,,520,0,-866,209,1.19,31.4,0.27,-0.004
52.90,CROSSWIND,103.12,103.68,24.00,0.80,0.8,-15.0,0.4,-211.8,221,1.00,-0.010,-0.037,0.00,17,,517,0,-866,212,1.17,31.4,0.22,-0.000
53.00,CROSSWIND,103.20,103.75,24.10,0.80,0.8,-14.3,1.1,-214.8,221,1.00,-0.010,-0.037,0.00,17,,514,0,-866,215,1.15,31.4,0.17,0.002
53.10,CROSSWIND,103.28,103.82,24.19,0.81,0.8,-13.5,1.8,-217.8,221,1.00,-0.010,-0.035,0.00,17,,511,0,-866,218,1.14,31.4,0.12,0.004
53.20,CROSSWIND,103.36,103.87,24.28,0.83,0.8,-12.7,2.4,-220.8,221,1.00,-0.011,-0.033,0.00,17,,508,0,-866,221,1.12,31.4,0.07,0.005
53.30,CROSSWIND,103.44,103.94,24.37,0.86,0.8,-11.8,3.1,-223.8,221,1.00,-0.012,-0.032,0.00,17,,505,0,-866,224,1.11,31.4,0.02,0.006
53.40,CROSSWIND,103.53,104.01,24.46,0.90,0.8,-11.1,3.7,-226.8,220,1.00,-0.017,-0.030,0.00,16,,502,0,-865,227,1.09,31.4,0.00,0.002
53.50,CROSSWIND,103.62,104.08,24.55,0.95,0.8,-10.3,4.4,-229.8,220,1.00,-0.022,-0.030,0.00,16,,499,0,-865,230,1.07,31.4,0.00,-0.003
53.60,CROSSWIND,103.72,104.17,24.63,0.99,0.8,-9.5,5.0,-232.8,220,1.00,-0.025,-0.029,0.00,16,,496,0,-865,233,1.05,31.4,0.00,-0.009
53.70,CROSSWIND,103.82,104.25,24.72,1.03,0.7,-8.7,5.6,-235.8,220,1.00,-0.027,-0.027,0.00,16,,493,0,-865,236,1.03,31.4,0.00,-0.015
53.80,CROSSWIND,103.92,104.34,24.80,1.07,0.7,-8.0,6.1,-238.9,220,1.00,-0.030,-0.027,0.00,16,,490,0,-865,239,1.01,31.4,0.00,-0.020
53.90,CROSSWIND,104.03,104.43,24.88,1.10,0.6,-7.3,6.7,-241.9,219,1.00,-0.033,-0.025,0.00,15,,487,0,-864,242,0.99,31.4,0.00,-0.026
54.00,CROSSWIND,104.14,104.53,24.96,1.13,0.6,-6.6,7.1,-244.9,219,1.00,-0.037,-0.025,0.00,15,,484,0,-864,245,0.97,31.4,0.00,-0.031
54.10,CROSSWIND,104.26,104.63,25.04,1.15,0.5,-5.9,7.6,-248.0,219,1.00,-0.040,-0.025,0.00,15,,481,0,-864,248,0.94,31.4,0.00,-0.036
54.20,CROSSWIND,104.37,104.73,25.12,1.17,0.5,-5.2,8.0,-251.0,218,1.00,-0.043,-0.023,0.00,14,,477,0,-863,251,0.92,31.4,0.00,-0.040
54.30,CROSSWIND,104.49,104.84,25.20,1.18,0.4,-4.5,8.4,-254.1,218,1.00,-0.046,-0.022,0.00,14,,474,0,-863,254,0.90,31.4,0.00,-0.045
54.40,CROSSWIND,104.61,104.94,25.28,1.20,0.3,-3.9,8.7,-257.2,218,1.00,-0.054,-0.020,0.00,14,,471,0,-863,257,0.87,31.4,0.00,-0.049
54.50,CROSSWIND,104.73,105.05,25.36,1.22,0.3,-3.3,8.9,-260.2,217,1.00,-0.066,-0.019,0.00,13,,468,0,-862,260,0.85,31.4,0.00,-0.054
54.60,CROSSWIND,104.85,105.15,25.43,1.24,0.3,-2.8,9.1,-263.3,217,1.00,-0.072,-0.019,0.00,13,,465,0,-862,263,0.82,31.4,0.00,-0.059
54.70,CROSSWIND,104.98,105.27,25.51,1.26,0.3,-2.2,9.3,-266.4,217,1.00,-0.072,-0.017,0.00,13,,462,0,-862,266,0.80,31.4,0.00,-0.064
54.80,CROSSWIND,105.10,105.38,25.59,1.26,0.2,-1.7,9.4,-269.5,216,1.00,-0.069,-0.015,0.00,12,,459,0,-861,270,0.77,31.4,0.00,-0.068
54.90,CROSSWIND,105.23,105.49,25.66,1.26,0.1,-1.3,9.5,-272.6,216,1.00,-0.067,-0.013,0.00,12,,456,0,-861,273,0.75,31.4,0.00,-0.072
55.00,CROSSWIND,105.35,105.60,25.74,1.24,-0.0,-0.9,9.5,-275.7,216,1.00,-0.066,-0.011,0.00,12,,453,0,-861,276,0.72,31.4,0.00,-0.075
55.10,CROSSWIND,105.48,105.71,25.82,1.22,-0.1,-0.5,9.4,-278.8,215,1.00,-0.067,-0.009,0.00,11,,450,0,-860,279,0.70,31.4,0.00,-0.077
55.20,CROSSWIND,105.60,105.82,25.90,1.20,-0.3,-0.2,9.4,-282.0,215,1.00,-0.068,-0.007,0.00,11,,447,0,-860,282,0.67,31.4,0.00,-0.080
55.30,CROSSWIND,105.72,105.93,25.98,1.18,-0.4,0.1,9.3,-285.1,215,1.00,-0.068,-0.006,0.00,11,,443,0,-860,285,0.65,31.4,0.00,-0.082
55.40,CROSSWIND,105.83,106.04,26.06,1.15,-0.5,0.3,9.2,-288.2,214,1.00,-0.068,-0.004,0.00,10,,440,0,-859,288,0.63,31.4,0.00,-0.084
55.50,CROSSWIND,105.95,106.14,26.14,1.12,-0.6,0.5,9.0,-291.4,214,1.00,-0.068,-0.002,0.00,10,,437,0,-859,291,0.60,31.4,0.00,-0.086
55.60,CROSSWIND,106.06,106.24,26.23,1.09,-0.7,0.6,8.9,-294.6,213,1.00,-0.068,-0.001,0.00,9,,434,0,-858,295,0.58,31.4,0.00,-0.087
55.70,CROSSWIND,106.17,106.34,26.31,1.06,-0.8,0.7,8.7,-297.7,213,1.00,-0.068,0.001,0.00,9,,431,0,-858,298,0.56,31.4,0.00,-0.089
55.80,CROSSWIND,106.27,106.44,26.39,1.03,-1.0,0.8,8.6,-300.9,213,1.00,-0.067,0.002,0.00,9,,428,0,-858,301,0.54,31.4,0.00,-0.090
55.90,CROSSWIND,106.38,106.53,26.48,1.00,-1.1,0.8,8.5,-304.1,212,1.00,-0.067,0.003,0.00,8,,424,0,-857,304,0.52,31.4,0.00,-0.091
56.00,CROSSWIND,106.47,106.62,26.56,0.97,-1.2,0.7,8.3,-307.3,212,1.00,-0.068,0.004,0.00,8,,421,0,-857,307,0.50,31.4,0.00,-0.092
56.10,CROSSWIND,106.57,106.71,26.65,0.94,-1.3,0.7,8.2,-310.5,211,1.00,-0.069,0.005,0.00,7,,418,0,-856,310,0.48,31.4,0.00,-0.093
56.20,CROSSWIND,106.66,106.80,26.74,0.91,-1.4,0.5,8.1,-313.7,211,1.00,-0.070,0.006,0.00,7,,415,0,-856,314,0.46,31.4,0.00,-0.095
56.30,CROSSWIND,106.75,106.88,26.83,0.89,-1.5,0.3,7.9,-316.9,211,1.00,-0.071,0.004,0.00,7,,412,0,-856,317,0.44,31.4,0.00,-0.096
56.40,CROSSWIND,106.84,106.97,26.91,0.86,-1.5,0.1,7.8,-320.1,210,1.00,-0.071,0.005,0.00,6,,408,0,-855,320,0.43,31.4,0.00,-0.097
56.50,CROSSWIND,106.93,107.05,27.00,0.84,-1.6,-0.1,7.7,-323.4,210,1.00,-0.071,0.005,0.00,6,,405,0,-855,323,0.41,31.4,0.00,-0.098
56.60,CROSSWIND,107.01,107.13,27.09,0.81,-1.7,-0.4,7.7,-326.6,210,1.00,-0.072,0.004,0.00,6,,402,0,-855,327,0.39,31.4,0.00,-0.100
56.70,CROSSWIND,107.09,107.20,27.18,0.79,-1.8,-0.6,7.6,-329.9,209,1.00,-0.073,0.004,0.00,5,,399,0,-854,330,0.38,31.4,0.00,-0.101
56.80,CROSSWIND,107.17,107.28,27.27,0.77,-1.9,-0.9,7.5,-333.2,209,1.00,-0.073,0.005,0.00,5,,395,0,-854,333,0.36,31.4,0.00,-0.102
56.90,CROSSWIND,107.24,107.35,27.36,0.75,-2.0,-1.2,7.5,-336.4,208,1.00,-0.074,0.003,0.00,4,,392,0,-853,336,0.34,31.4,0.00,-0.103
57.00,CROSSWIND,107.32,107.43,27.45,0.73,-2.0,-1.5,7.5,-339.7,208,1.00,-0.074,0.003,0.00,4,,389,0,-853,340,0.33,31.4,0.00,-0.105
57.10,CROSSWIND,107.39,107.50,27.54,0.71,-2.1,-1.9,7.5,-343.0,208,1.00,-0.075,0.004,0.00,4,,385,0,-853,343,0.32,31.4,0.00,-0.106
57.20,CROSSWIND,107.46,107.56,27.63,0.69,-2.2,-2.2,7.5,-346.3,207,1.00,-0.076,0.002,0.00,3,,382,0,-852,346,0.30,31.4,0.00,-0.107
57.30,CROSSWIND,107.53,107.63,27.72,0.67,-2.3,-2.6,7.5,-349.6,207,1.00,-0.076,0.002,0.00,3,,379,0,-852,350,0.29,31.4,0.00,-0.108
57.40,CROSSWIND,107.59,107.70,27.81,0.65,-2.3,-2.9,7.5,-352.9,206,1.00,-0.077,0.002,0.00,2,,376,0,-851,353,0.27,31.4,0.00,-0.109
57.50,CROSSWIND,107.66,107.76,27.90,0.63,-2.4,-3.3,7.5,-356.3,206,1.00,-0.077,0.002,0.00,2,,372,0,-851,356,0.26,31.4,0.00,-0.110
57.60,CROSSWIND,107.72,107.82,27.99,0.61,-2.5,-3.8,7.5,-359.6,206,1.00,-0.078,0.002,0.00,1,,369,0,-851,360,0.25,31.4,0.00,-0.111
57.70,CROSSWIND,107.78,107.88,28.08,0.59,-2.5,-4.3,7.6,-362.9,205,1.00,-0.079,0.001,0.00,1,,366,0,-850,363,0.24,31.4,0.00,-0.112
57.80,CROSSWIND,107.84,107.94,28.18,0.57,-2.6,-4.8,7.4,-366.3,205,1.00,-0.079,0.009,0.00,1,,362,0,-850,366,0.23,31.4,0.00,-0.113
57.90,CROSSWIND,107.90,108.00,28.27,0.55,-2.6,-5.3,6.9,-369.7,204,1.00,-0.079,0.023,0.00,0,,359,0,-849,370,0.21,31.4,0.00,-0.114
58.00,CROSSWIND,107.95,108.05,28.36,0.54,-2.7,-5.7,6.5,-373.0,204,1.00,-0.079,0.029,0.00,0,,355,0,-849,373,0.20,31.4,0.00,-0.115
58.10,CROSSWIND,108.00,108.11,28.45,0.52,-2.8,-6.2,6.1,-376.4,203,1.00,-0.079,0.027,0.00,1,,352,0,-848,376,0.19,31.4,0.00,-0.115
58.20,CROSSWIND,108.06,108.16,28.54,0.50,-2.8,-6.6,5.8,-379.8,203,1.00,-0.079,0.027,0.00,1,,349,0,-848,380,0.18,31.4,0.00,-0.116
58.30,CROSSWIND,108.10,108.21,28.63,0.47,-2.9,-7.1,5.5,-383.2,202,1.00,-0.072,0.025,0.00,2,,345,0,-847,383,0.17,31.4,0.00,-0.116
58.40,CROSSWIND,108.15,108.26,28.72,0.43,-3.1,-7.6,5.3,-386.6,202,1.00,-0.062,0.022,0.00,2,,342,0,-847,387,0.16,31.4,0.00,-0.116
58.50,CROSSWIND,108.19,108.31,28.82,0.38,-3.2,-8.0,5.0,-390.0,201,1.00,-0.059,0.018,0.00,3,,339,0,-846,390,0.16,31.4,0.00,-0.115
58.60,CROSSWIND,108.23,108.35,28.91,0.34,-3.3,-8.5,4.8,-393.4,201,1.00,-0.061,0.016,0.00,3,,335,0,-846,393,0.15,31.4,0.00,-0.114
58.70,CROSSWIND,108.26,108.39,29.01,0.31,-3.4,-8.9,4.6,-396.8,200,1.00,-0.065,0.013,0.00,4,,332,0,-845,397,0.14,31.4,0.00,-0.113
58.80,CROSSWIND,108.29,108.42,29.10,0.28,-3.4,-9.4,4.4,-400.2,200,0.98,-0.066,0.010,0.00,4,,328,0,-845,400,0.14,31.4,0.03,-0.112
58.90,CROSSWIND,108.32,108.46,29.19,0.25,-3.5,-9.8,4.1,-403.7,199,0.97,-0.065,0.011,0.00,5,,325,0,-844,404,0.13,31.4,0.07,-0.111
59.00,CROSSWIND,108.34,108.49,29.28,0.23,-3.5,-10.4,3.9,-407.1,199,0.95,-0.063,0.009,0.00,5,,321,0,-844,407,0.12,31.4,0.12,-0.110
59.10,CROSSWIND,108.37,108.52,29.36,0.20,-3.6,-10.9,3.6,-410.6,198,0.94,-0.062,0.004,0.00,6,,318,0,-843,411,0.12,31.4,0.17,-0.108
59.20,DOWNWIND,108.39,108.55,29.44,0.18,-3.6,-11.4,3.3,-414.0,197,0.93,-0.061,0.003,0.00,7,,314,0,-842,414,0.12,31.4,0.22,-0.106
59.30,DOWNWIND,108.40,108.57,29.52,0.16,-3.6,-11.8,2.9,-417.5,197,0.92,-0.061,0.004,0.00,311,,3212,0,-842,417,0.11,31.4,0.28,-0.104
59.40,DOWNWIND,108.42,108.60,29.59,0.14,-3.6,-12.2,2.6,-420.9,196,0.90,-0.060,0.003,0.00,308,,3212,0,-841,421,0.11,31.4,0.33,-0.101
59.50,DOWNWIND,108.43,108.62,29.67,0.12,-3.6,-12.6,2.3,-424.4,195,0.89,-0.059,0.001,0.00,304,,3211,0,-840,424,0.11,31.4,0.38,-0.099
59.60,DOWNWIND,108.44,108.64,29.74,0.10,-3.6,-13.0,1.9,-427.8,195,0.88,-0.059,0.002,0.00,301,,3210,0,-840,428,0.11,31.4,0.43,-0.096
59.70,DOWNWIND,108.45,108.66,29.80,0.09,-3.6,-13.3,1.6,-431.3,194,0.87,-0.058,0.003,0.00,297,,3209,0,-839,431,0.10,31.4,0.48,-0.094
59.80,DOWNWIND,108.46,108.68,29.87,0.07,-3.6,-13.7,1.3,-434.8,193,0.86,-0.057,0.000,0.00,294,,3209,0,-838,435,0.10,31.4,0.53,-0.091
59.90,DOWNWIND,108.47,108.70,29.93,0.06,-3.6,-14.1,1.0,-438.2,192,0.85,-0.056,0.000,0.00,290,,3208,0,-837,438,0.10,31.4,0.58,-0.089
60.00,DOWNWIND,108.47,108.71,29.99,0.05,-3.5,-14.4,0.8,-441.7,192,0.84,-0.055,0.001,0.00,287,,3207,0,-837,442,0.10,31.4,0.63,-0.087
60.10,DOWNWIND,108.48,108.73,30.05,0.05,-3.5,-14.7,0.6,-445.1,191,0.83,-0.054,0.000,0.00,283,,3206,0,-836,445,0.10,31.4,0.68,-0.084
60.20,DOWNWIND,108.48,108.74,30.11,0.05,-3.4,-15.1,0.4,-448.6,190,0.83,-0.054,-0.002,0.00,280,,3206,0,-835,449,0.10,31.4,0.72,-0.082
60.30,DOWNWIND,108.49,108.75,30.16,0.05,-3.4,-15.4,0.2,-452.1,189,0.82,-0.053,-0.002,0.00,276,,3205,0,-834,452,0.10,31.4,0.77,-0.080
60.40,DOWNWIND,108.49,108.76,30.21,0.05,-3.4,-15.7,0.1,-455.5,188,0.81,-0.052,-0.003,0.00,273,,3204,0,-833,456,0.10,31.4,0.82,-0.078
60.50,DOWNWIND,108.50,108.78,30.26,0.06,-3.3,-16.0,0.1,-459.0,187,0.80,-0.052,-0.005,0.00,270,,3203,0,-832,459,0.09,31.4,0.87,-0.076
60.60,DOWNWIND,108.50,108.79,30.30,0.08,-3.3,-16.3,0.0,-462.4,186,0.79,-0.051,-0.006,0.00,266,,3202,0,-831,462,0.09,31.4,0.92,-0.075
60.70,DOWNWIND,108.51,108.80,30.34,0.09,-3.2,-16.6,-0.0,-465.9,185,0.79,-0.051,-0.007,0.00,263,,3201,0,-830,466,0.09,31.4,0.97,-0.073
60.80,DOWNWIND,108.52,108.82,30.38,0.11,-3.2,-16.9,-0.0,-469.3,184,0.78,-0.051,-0.008,0.00,259,,3200,0,-829,469,0.09,31.4,1.00,-0.073
60.90,DOWNWIND,108.53,108.83,30.42,0.13,-3.1,-17.2,-0.0,-472.7,183,0.77,-0.052,-0.011,0.00,256,,3199,0,-828,473,0.09,31.4,1.00,-0.073
61.00,DOWNWIND,108.55,108.85,30.45,0.15,-3.1,-17.4,-0.0,-476.2,182,0.77,-0.052,-0.012,0.00,252,,3198,0,-827,476,0.08,31.4,1.00,-0.074
61.10,DOWNWIND,108.56,108.87,30.49,0.17,-3.1,-17.7,0.0,-479.6,181,0.76,-0.052,-0.013,0.00,249,,3197,0,-826,480,0.08,31.4,1.00,-0.075
61.20,DOWNWIND,108.58,108.90,30.52,0.19,-3.0,-17.9,0.1,-483.0,180,0.76,-0.052,-0.013,0.00,245,,3196,0,-825,483,0.08,31.4,1.00,-0.075
61.30,DOWNWIND,108.60,108.92,30.55,0.20,-3.0,-18.1,0.1,-486.4,179,0.75,-0.053,-0.015,0.00,242,,3194,0,-824,486,0.07,31.4,1.00,-0.076
61.40,DOWNWIND,108.62,108.95,30.57,0.21,-3.0,-18.3,0.1,-489.8,178,0.75,-0.053,-0.016,0.00,239,,3193,0,-823,490,0.07,31.4,1.00,-0.077
61.50,DOWNWIND,108.64,108.97,30.60,0.22,-3.0,-18.5,0.1,-493.2,176,0.74,-0.053,-0.016,0.00,235,,3192,0,-821,493,0.07,31.4,1.00,-0.078
61.60,DOWNWIND,108.66,109.00,30.62,0.23,-3.0,-18.6,0.2,-496.6,175,0.74,-0.054,-0.016,0.00,232,,3191,0,-820,497,0.06,31.4,1.00,-0.078
61.70,DOWNWIND,108.69,109.02,30.65,0.23,-3.0,-18.8,0.2,-499.9,174,0.73,-0.054,-0.018,0.00,229,,3189,0,-819,500,0.06,31.4,1.00,-0.079
61.80,DOWNWIND,108.71,109.05,30.67,0.23,-3.0,-18.9,0.2,-503.3,173,0.73,-0.054,-0.018,0.00,225,,3188,0,-818,503,0.05,31.4,1.00,-0.080
61.90,DOWNWIND,108.73,109.08,30.69,0.23,-3.0,-19.1,0.2,-506.6,171,0.73,-0.054,-0.018,0.00,222,,3187,0,-816,507,0.05,31.4,1.00,-0.080
62.00,DOWNWIND,108.76,109.10,30.71,0.23,-3.0,-19.2,0.2,-509.9,170,0.72,-0.055,-0.019,0.00,219,,3185,0,-815,510,0.04,31.4,1.00,-0.081
62.10,DOWNWIND,108.78,109.13,30.73,0.22,-3.0,-19.3,0.2,-513.2,168,0.72,-0.055,-0.019,0.00,215,,3184,0,-813,513,0.04,31.4,1.00,-0.081
62.20,DOWNWIND,108.80,109.15,30.75,0.21,-3.0,-19.4,0.3,-516.5,167,0.72,-0.055,-0.019,0.00,212,,3183,0,-812,517,0.03,31.4,1.00,-0.082
62.30,DOWNWIND,108.82,109.17,30.77,0.20,-3.0,-19.6,0.3,-519.8,166,0.72,-0.055,-0.019,0.00,209,,3181,0,-811,520,0.03,31.4,1.00,-0.082
62.40,DOWNWIND,108.84,109.19,30.79,0.19,-3.1,-19.7,0.3,-523.1,164,0.71,-0.055,-0.020,0.00,205,,3180,0,-809,523,0.03,31.4,1.00,-0.082
62.50,DOWNWIND,108.86,109.21,30.81,0.18,-3.1,-19.8,0.3,-526.3,163,0.71,-0.055,-0.020,0.00,202,,3178,0,-808,526,0.02,31.4,1.00,-0.082
62.60,DOWNWIND,108.88,109.23,30.83,0.17,-3.1,-19.9,0.4,-529.6,161,0.71,-0.055,-0.020,0.00,199,,3177,0,-806,530,0.02,31.4,1.00,-0.082
62.70,DOWNWIND,108.90,109.25,30.85,0.16,-3.1,-20.0,0.4,-532.8,159,0.71,-0.055,-0.020,0.00,196,,3175,0,-804,533,0.01,31.4,1.00,-0.083
62.80,DOWNWIND,108.91,109.27,30.86,0.15,-3.1,-20.1,0.5,-536.0,158,0.70,-0.054,-0.022,0.00,192,,3173,0,-803,536,0.01,31.4,1.00,-0.083
62.90,DOWNWIND,108.92,109.28,30.88,0.13,-3.1,-20.1,0.5,-539.2,156,0.70,-0.054,-0.022,0.00,189,,3172,0,-801,539,0.01,31.4,1.00,-0.083
63.00,DOWNWIND,108.94,109.29,30.90,0.12,-3.1,-20.2,0.6,-542.4,154,0.70,-0.054,-0.022,0.00,186,,3170,0,-799,542,0.01,31.4,1.00,-0.083
63.10,DOWNWIND,108.95,109.31,30.92,0.11,-3.2,-20.3,0.7,-545.5,153,0.70,-0.054,-0.023,0.00,183,,3168,0,-798,546,0.00,31.4,1.00,-0.082
63.20,DOWNWIND,108.96,109.32,30.93,0.10,-3.2,-20.4,0.8,-548.6,151,0.70,-0.054,-0.024,0.00,180,,3167,0,-796,549,0.00,31.4,1.00,-0.082
63.30,DOWNWIND,108.97,109.33,30.95,0.09,-3.2,-20.4,0.8,-551.8,149,0.69,-0.054,-0.024,0.00,177,,3165,0,-794,552,-0.00,31.4,1.00,-0.082
63.40,DOWNWIND,108.98,109.33,30.97,0.08,-3.2,-20.5,0.9,-554.9,147,0.69,-0.054,-0.024,0.00,174,,3163,0,-792,555,-0.00,31.4,1.00,-0.082
63.50,DOWNWIND,108.99,109.34,30.98,0.08,-3.2,-20.5,1.0,-557.9,146,0.69,-0.054,-0.025,0.00,171,,3161,0,-791,558,-0.00,31.4,1.00,-0.082
63.60,DOWNWIND,109.00,109.35,31.00,0.07,-3.2,-20.6,1.1,-561.0,144,0.69,-0.054,-0.026,0.00,167,,3159,0,-789,561,-0.01,31.4,1.00,-0.082
63.70,DOWNWIND,109.00,109.36,31.01,0.06,-3.2,-20.6,1.2,-564.0,142,0.69,-0.054,-0.025,0.00,164,,3157,0,-787,564,-0.01,31.4,1.00,-0.082
63.80,DOWNWIND,109.01,109.36,31.03,0.06,-3.2,-20.7,1.3,-567.1,140,0.68,-0.054,-0.025,0.00,161,,3155,0,-785,567,-0.01,31.4,1.00,-0.082
63.90,DOWNWIND,109.01,109.37,31.04,0.05,-3.2,-20.7,1.4,-570.0,138,0.68,-0.053,-0.027,0.00,158,,3154,0,-783,570,-0.01,31.4,1.00,-0.082
64.00,DOWNWIND,109.02,109.37,31.06,0.05,-3.3,-20.7,1.5,-573.0,136,0.68,-0.053,-0.027,0.00,155,,3152,0,-781,573,-0.01,31.4,1.00,-0.082
64.10,DOWNWIND,109.02,109.38,31.07,0.04,-3.3,-20.7,1.6,-576.0,134,0.68,-0.054,-0.027,0.00,153,,3150,0,-779,576,-0.01,31.4,1.00,-0.082
64.20,DOWNWIND,109.03,109.38,31.08,0.04,-3.3,-20.7,1.7,-578.9,132,0.68,-0.053,-0.029,0.00,150,,3147,0,-777,579,-0.01,31.4,1.00,-0.082
64.30,DOWNWIND,109.03,109.39,31.10,0.03,-3.3,-20.8,1.8,-581.8,130,0.67,-0.053,-0.029,0.00,147,,3145,0,-775,582,-0.01,31.4,1.00,-0.082
64.40,DOWNWIND,109.03,109.39,31.11,0.03,-3.3,-20.7,1.9,-584.7,128,0.67,-0.054,-0.028,0.00,144,,3143,0,-773,585,-0.01,31.4,1.00,-0.081
64.50,DOWNWIND,109.04,109.39,31.12,0.03,-3.3,-20.7,2.1,-587.6,126,0.67,-0.054,-0.028,0.00,141,,3141,0,-771,588,-0.01,31.4,1.00,-0.081
64.60,DOWNWIND,109.04,109.39,31.13,0.02,-3.3,-20.7,2.2,-590.4,124,0.67,-0.053,-0.030,0.00,138,,3139,0,-769,590,-0.01,31.4,1.00,-0.081
64.70,DOWNWIND,109.04,109.40,31.15,0.02,-3.3,-20.7,2.3,-593.2,121,0.67,-0.054,-0.030,0.00,135,,3137,0,-766,593,-0.01,31.4,1.00,-0.081
64.80,DOWNWIND,109.04,109.40,31.16,0.02,-3.3,-20.7,2.4,-596.0,119,0.67,-0.054,-0.029,0.00,133,,3135,0,-764,596,-0.02,31.4,1.00,-0.081
64.90,DOWNWIND,109.05,109.40,31.17,0.01,-3.3,-20.7,2.5,-598.7,117,0.66,-0.054,-0.031,0.00,130,,3132,0,-762,599,-0.02,31.4,1.00,-0.081
65.00,DOWNWIND,109.05,109.40,31.18,0.01,-3.3,-20.7,2.6,-601.5,115,0.66,-0.054,-0.031,0.00,127,,3130,0,-760,601,-0.02,31.4,1.00,-0.081
65.10,DOWNWIND,109.05,109.40,31.19,0.01,-3.3,-20.7,2.7,-604.2,112,0.66,-0.054,-0.030,0.00,124,,3128,0,-757,604,-0.02,31.4,1.00,-0.081
65.20,DOWNWIND,109.05,109.40,31.20,0.01,-3.3,-20.6,2.8,-606.9,110,0.66,-0.054,-0.030,0.00,122,,3126,0,-755,607,-0.02,31.4,1.00,-0.081
65.30,DOWNWIND,109.05,109.40,31.21,0.01,-3.3,-20.6,2.9,-609.5,108,0.66,-0.054,-0.032,0.00,119,,3123,0,-753,610,-0.02,31.4,1.00,-0.081
65.40,DOWNWIND,109.05,109.40,31.22,0.01,-3.3,-20.6,3.0,-612.2,105,0.66,-0.054,-0.032,0.00,116,,3121,0,-750,612,-0.02,31.4,1.00,-0.081
65.50,DOWNWIND,109.05,109.40,31.23,0.01,-3.3,-20.5,3.1,-614.8,103,0.66,-0.054,-0.031,0.00,114,,3119,0,-748,615,-0.02,31.4,1.00,-0.081
65.60,DOWNWIND,109.05,109.40,31.24,0.01,-3.3,-20.5,3.2,-617.3,101,0.66,-0.054,-0.033,0.00,111,,3116,0,-746,617,-0.02,31.4,1.00,-0.081
65.70,DOWNWIND,109.05,109.40,31.24,0.01,-3.3,-20.5,3.3,-619.9,98,0.65,-0.054,-0.033,0.00,109,,3114,0,-743,620,-0.02,31.4,1.00,-0.081
65.80,DOWNWIND,109.05,109.39,31.25,0.01,-3.4,-20.4,3.4,-622.4,96,0.65,-0.054,-0.032,0.00,106,,3111,0,-741,622,-0.02,31.4,1.00,-0.081
65.90,DOWNWIND,109.05,109.39,31.26,0.01,-3.4,-20.4,3.5,-624.9,93,0.65,-0.054,-0.032,0.00,104,,3109,0,-738,625,-0.02,31.4,1.00,-0.081
66.00,DOWNWIND,109.05,109.39,31.27,0.01,-3.4,-20.4,3.6,-627.4,91,0.65,-0.054,-0.034,0.00,101,,3106,0,-736,627,-0.02,31.4,1.00,-0.081
66.10,DOWNWIND,109.06,109.39,31.28,0.01,-3.4,-20.3,3.8,-629.8,88,0.65,-0.055,-0.033,0.00,99,,3104,0,-733,630,-0.02,31.4,1.00,-0.081
66.20,DOWNWIND,109.06,109.39,31.28,0.01,-3.4,-20.3,3.9,-632.2,86,0.65,-0.054,-0.033,0.00,96,,3101,0,-731,632,-0.02,31.4,1.00,-0.081
66.30,DOWNWIND,109.06,109.39,31.29,0.01,-3.4,-20.2,4.0,-634.6,83,0.65,-0.055,-0.035,0.00,94,,3099,0,-728,635,-0.02,31.4,1.00,-0.081
66.40,DOWNWIND,109.06,109.39,31.29,0.01,-3.4,-20.2,4.1,-636.9,81,0.65,-0.055,-0.034,0.00,92,,3096,0,-726,637,-0.02,31.4,1.00,-0.081
66.50,DOWNWIND,109.06,109.39,31.30,0.01,-3.4,-20.1,4.2,-639.2,78,0.65,-0.055,-0.034,0.00,89,,3093,0,-723,639,-0.02,31.4,1.00,-0.081
66.60,DOWNWIND,109.06,109.39,31.31,0.01,-3.4,-20.1,4.3,-641.5,75,0.64,-0.055,-0.036,0.00,87,,3091,0,-720,642,-0.02,31.4,1.00,-0.081
66.70,DOWNWIND,109.06,109.39,31.31,0.01,-3.4,-20.0,4.4,-643.8,73,0.64,-0.055,-0.037,0.00,85,,3088,0,-718,644,-0.02,31.4,1.00,-0.081
66.80,DOWNWIND,109.06,109.39,31.32,0.01,-3.4,-19.8,4.5,-646.0,70,0.64,-0.055,-0.036,0.00,82,,3085,0,-715,646,-0.02,31.4,1.00,-0.082
66.90,DOWNWIND,109.06,109.39,31.32,0.02,-3.4,-19.7,4.6,-648.2,67,0.64,-0.055,-0.035,0.00,80,,3083,0,-712,648,-0.02,31.4,1.00,-0.082
67.00,DOWNWIND,109.07,109.39,31.33,0.02,-3.4,-19.6,4.7,-650.4,65,0.64,-0.055,-0.036,0.00,78,,3080,0,-710,650,-0.02,31.4,1.00,-0.082
67.10,DOWNWIND,109.07,109.40,31.33,0.02,-3.4,-19.5,4.8,-652.5,62,0.64,-0.056,-0.036,0.00,76,,3077,0,-707,653,-0.02,31.4,1.00,-0.082
67.20,DOWNWIND,109.07,109.40,31.34,0.03,-3.4,-19.4,4.9,-654.7,59,0.64,-0.056,-0.036,0.00,74,,3075,0,-704,655,-0.02,31.4,1.00,-0.082
67.30,DOWNWIND,109.07,109.41,31.34,0.03,-3.4,-19.3,5.0,-656.7,56,0.64,-0.056,-0.037,0.00,72,,3072,0,-701,657,-0.02,31.4,1.00,-0.082
67.40,DOWNWIND,109.08,109.42,31.34,0.04,-3.4,-19.2,5.1,-658.8,54,0.64,-0.056,-0.037,0.00,70,,3069,0,-699,659,-0.02,31.4,1.00,-0.083
67.50,DOWNWIND,109.08,109.42,31.35,0.04,-3.4,-19.2,5.2,-660.8,51,0.64,-0.057,-0.036,0.00,68,,3066,0,-696,661,-0.02,31.4,1.00,-0.083
67.60,DOWNWIND,109.09,109.43,31.35,0.04,-3.4,-19.1,5.2,-662.8,48,0.64,-0.057,-0.038,0.00,66,,3063,0,-693,663,-0.02,31.4,1.00,-0.083
67.70,DOWNWIND,109.09,109.44,31.35,0.05,-3.4,-19.0,5.3,-664.8,45,0.64,-0.057,-0.038,0.00,64,,3061,0,-690,665,-0.02,31.4,1.00,-0.083
67.80,DOWNWIND,109.09,109.46,31.36,0.05,-3.4,-18.9,5.4,-666.7,42,0.64,-0.058,-0.037,0.00,62,,3058,0,-687,667,-0.03,31.4,1.00,-0.084
67.90,DOWNWIND,109.10,109.47,31.36,0.05,-3.5,-18.9,5.4,-668.6,39,0.63,-0.058,-0.038,0.00,60,,3055,0,-684,669,-0.03,31.4,1.00,-0.084
68.00,DOWNWIND,109.10,109.48,31.36,0.05,-3.5,-18.8,5.5,-670.5,37,0.63,-0.058,-0.038,0.00,58,,3052,0,-682,670,-0.03,31.4,1.00,-0.084
68.10,DOWNWIND,109.11,109.49,31.36,0.05,-3.5,-18.8,5.6,-672.3,34,0.63,-0.058,-0.037,0.00,56,,3049,0,-679,672,-0.03,31.4,1.00,-0.084
68.20,DOWNWIND,109.11,109.50,31.37,0.05,-3.5,-18.7,5.6,-674.1,31,0.63,-0.058,-0.037,0.00,54,,3046,0,-676,674,-0.03,31.4,1.00,-0.084
68.30,DOWNWIND,109.12,109.51,31.37,0.04,-3.5,-18.7,5.6,-675.9,28,0.63,-0.058,-0.038,0.00,53,,3043,0,-673,676,-0.03,31.4,1.00,-0.084
68.40,DOWNWIND,109.12,109.52,31.37,0.04,-3.5,-18.6,5.7,-677.6,25,0.63,-0.059,-0.037,0.00,51,,3041,0,-670,678,-0.03,31.4,1.00,-0.084
68.50,DOWNWIND,109.13,109.53,31.37,0.04,-3.5,-18.6,5.7,-679.4,22,0.63,-0.059,-0.037,0.00,49,,3038,0,-667,679,-0.03,31.4,1.00,-0.085
68.60,DOWNWIND,109.13,109.54,31.38,0.04,-3.5,-18.5,5.8,-681.1,19,0.63,-0.058,-0.038,0.00,47,,3035,0,-664,681,-0.03,31.4,1.00,-0.085
68.70,DOWNWIND,109.13,109.54,31.38,0.03,-3.5,-18.5,5.8,-682.7,16,0.63,-0.059,-0.038,0.00,46,,3032,0,-661,683,-0.03,31.4,1.00,-0.085
68.80,DOWNWIND,109.14,109.55,31.38,0.03,-3.5,-18.4,5.9,-684.3,13,0.63,-0.059,-0.037,0.00,44,,3029,0,-658,684,-0.03,31.4,1.00,-0.085
68.90,DOWNWIND,109.14,109.55,31.38,0.03,-3.5,-18.4,5.9,-685.9,10,0.63,-0.059,-0.039,0.00,43,,3026,0,-655,686,-0.03,31.4,1.00,-0.085
69.00,DOWNWIND,109.14,109.55,31.38,0.02,-3.5,-18.4,6.0,-687.5,7,0.63,-0.059,-0.038,0.00,41,,3023,0,-652,688,-0.03,31.4,1.00,-0.085
69.10,DOWNWIND,109.14,109.56,31.39,0.02,-3.5,-18.3,6.0,-689.1,4,0.63,-0.059,-0.037,0.00,39,,3020,0,-649,689,-0.04,31.4,1.00,-0.085
69.20,DOWNWIND,109.15,109.56,31.39,0.02,-3.5,-18.3,6.1,-690.6,1,0.63,-0.059,-0.039,0.00,38,,3017,0,-646,691,-0.04,31.4,1.00,-0.085
69.30,DOWNWIND,109.15,109.56,31.39,0.02,-3.5,-18.2,6.1,-692.0,-2,0.63,-0.059,-0.039,0.00,36,,3014,0,-643,692,-0.04,31.4,1.00,-0.085
69.40,DOWNWIND,109.15,109.56,31.39,0.01,-3.5,-18.2,6.2,-693.5,-5,0.63,-0.059,-0.040,0.00,35,,3011,0,-640,693,-0.04,31.4,1.00,-0.085
69.50,DOWNWIND,109.15,109.56,31.39,0.01,-3.6,-18.0,6.2,-694.9,-8,0.63,-0.058,-0.040,0.00,34,,3008,0,-637,695,-0.04,31.4,1.00,-0.085
69.60,DOWNWIND,109.15,109.56,31.40,0.01,-3.6,-17.9,6.3,-696.3,-11,0.62,-0.058,-0.040,0.00,32,,3005,0,-634,696,-0.04,31.4,1.00,-0.085
69.70,DOWNWIND,109.15,109.56,31.40,0.01,-3.6,-17.8,6.4,-697.6,-14,0.62,-0.059,-0.040,0.00,31,,3002,0,-631,698,-0.04,31.4,1.00,-0.085
69.80,DOWNWIND,109.16,109.56,31.40,0.02,-3.6,-17.7,6.4,-699.0,-17,0.62,-0.059,-0.041,0.00,30,,2998,0,-628,699,-0.04,31.4,1.00,-0.085
69.90,DOWNWIND,109.16,109.56,31.40,0.02,-3.6,-17.7,6.5,-700.3,-20,0.62,-0.059,-0.041,0.00,28,,2995,0,-625,700,-0.04,31.4,1.00,-0.085
70.00,DOWNWIND,109.16,109.57,31.40,0.02,-3.6,-17.6,6.5,-701.5,-23,0.62,-0.059,-0.040,0.00,27,,2992,0,-622,702,-0.04,31.4,1.00,-0.085
70.10,DOWNWIND,109.16,109.57,31.40,0.02,-3.6,-17.5,6.6,-702.8,-26,0.62,-0.059,-0.041,0.00,26,,2989,0,-619,703,-0.04,31.4,1.00,-0.085
70.20,DOWNWIND,109.16,109.57,31.40,0.02,-3.6,-17.5,6.6,-704.0,-29,0.62,-0.060,-0.041,0.00,25,,2986,0,-616,704,-0.04,31.4,1.00,-0.086
70.30,DOWNWIND,109.17,109.58,31.40,0.03,-3.6,-17.4,6.7,-705.1,-32,0.62,-0.060,-0.040,0.00,23,,2983,0,-613,705,-0.04,31.4,1.00,-0.086
70.40,DOWNWIND,109.17,109.58,31.40,0.03,-3.6,-17.4,6.7,-706.3,-36,0.62,-0.060,-0.042,0.00,22,,2980,0,-609,706,-0.04,31.4,1.00,-0.086
70.50,DOWNWIND,109.17,109.59,31.40,0.03,-3.6,-17.3,6.7,-707.4,-39,0.62,-0.060,-0.041,0.00,21,,2977,0,-606,707,-0.04,31.4,1.00,-0.086
70.60,DOWNWIND,109.17,109.59,31.40,0.03,-3.6,-17.2,6.8,-708.5,-42,0.62,-0.060,-0.041,0.00,20,,2974,0,-603,708,-0.04,31.4,1.00,-0.086
70.70,DOWNWIND,109.18,109.60,31.40,0.02,-3.6,-17.2,6.8,-709.5,-45,0.62,-0.060,-0.042,0.00,19,,2971,0,-600,710,-0.04,31.4,1.00,-0.086
70.80,DOWNWIND,109.18,109.61,31.41,0.02,-3.6,-17.1,6.8,-710.6,-48,0.62,-0.060,-0.042,0.00,18,,2968,0,-597,711,-0.04,31.4,1.00,-0.086
70.90,DOWNWIND,109.18,109.61,31.41,0.02,-3.6,-17.0,6.8,-711.6,-51,0.62,-0.061,-0.041,0.00,17,,2964,0,-594,712,-0.04,31.4,1.00,-0.086
71.00,DOWNWIND,109.18,109.62,31.41,0.02,-3.7,-16.9,6.9,-712.5,-54,0.62,-0.060,-0.042,0.00,16,,2961,0,-591,713,-0.04,31.4,1.00,-0.086
71.10,DOWNWIND,109.19,109.63,31.41,0.02,-3.7,-16.8,6.9,-713.5,-57,0.62,-0.060,-0.042,0.00,15,,2958,0,-588,713,-0.04,31.4,1.00,-0.087
71.20,DOWNWIND,109.19,109.63,31.41,0.02,-3.7,-16.6,6.9,-714.4,-61,0.62,-0.060,-0.041,0.00,14,,2955,0,-584,714,-0.04,31.4,1.00,-0.087
71.30,DOWNWIND,109.19,109.64,31.41,0.02,-3.7,-16.5,6.9,-715.2,-64,0.62,-0.060,-0.043,0.00,13,,2952,0,-581,715,-0.04,31.4,1.00,-0.087
71.40,DOWNWIND,109.19,109.64,31.41,0.02,-3.7,-16.3,7.0,-716.1,-67,0.62,-0.061,-0.042,0.00,12,,2949,0,-578,716,-0.04,31.4,1.00,-0.087
71.50,DOWNWIND,109.19,109.65,31.41,0.03,-3.7,-16.1,7.0,-716.9,-70,0.62,-0.061,-0.042,0.00,12,,2946,0,-575,717,-0.05,31.4,1.00,-0.087
71.60,DOWNWIND,109.20,109.66,31.41,0.03,-3.7,-16.0,7.0,-717.7,-73,0.62,-0.061,-0.043,0.00,11,,2942,0,-572,718,-0.05,31.4,1.00,-0.087
71.70,DOWNWIND,109.20,109.66,31.41,0.03,-3.7,-15.8,7.1,-718.5,-76,0.62,-0.061,-0.043,0.00,10,,2939,0,-569,718,-0.05,31.4,1.00,-0.087
71.80,DOWNWIND,109.20,109.67,31.41,0.04,-3.7,-15.5,7.1,-719.2,-79,0.62,-0.061,-0.043,0.00,9,,2936,0,-566,719,-0.05,31.4,1.00,-0.088
71.90,DOWNWIND,109.21,109.68,31.41,0.05,-3.7,-15.3,7.2,-719.9,-83,0.62,-0.061,-0.043,0.00,9,,2933,0,-562,720,-0.05,31.4,1.00,-0.088
72.00,DOWNWIND,109.21,109.68,31.41,0.05,-3.7,-15.0,7.2,-720.6,-86,0.62,-0.061,-0.044,0.00,8,,2930,0,-559,721,-0.05,31.4,1.00,-0.088
72.10,DOWNWIND,109.22,109.69,31.40,0.06,-3.8,-14.7,7.2,-721.3,-89,0.62,-0.062,-0.044,0.00,7,,2927,0,-556,721,-0.05,31.4,1.00,-0.089
72.20,DOWNWIND,109.22,109.70,31.40,0.07,-3.8,-14.5,7.3,-721.9,-92,0.62,-0.062,-0.044,0.00,7,,2923,0,-553,722,-0.05,31.4,1.00,-0.089
72.30,DOWNWIND,109.23,109.71,31.40,0.08,-3.8,-14.2,7.3,-722.5,-95,0.62,-0.062,-0.044,0.00,6,,2920,0,-550,722,-0.05,31.4,1.00,-0.090
72.40,DOWNWIND,109.24,109.72,31.40,0.09,-3.8,-13.9,7.3,-723.1,-98,0.61,-0.063,-0.044,0.00,5,,2917,0,-547,723,-0.05,31.4,1.00,-0.091
72.50,DOWNWIND,109.25,109.73,31.40,0.10,-3.8,-13.6,7.3,-723.6,-102,0.61,-0.063,-0.044,0.00,5,,2914,0,-543,724,-0.06,31.4,1.00,-0.091
72.60,DOWNWIND,109.26,109.74,31.39,0.10,-3.8,-13.3,7.3,-724.2,-105,0.61,-0.064,-0.044,0.00,4,,2911,0,-540,724,-0.06,31.4,1.00,-0.092
72.70,DOWNWIND,109.27,109.76,31.39,0.11,-3.8,-13.1,7.3,-724.7,-108,0.61,-0.064,-0.044,0.00,4,,2908,0,-537,725,-0.06,31.4,1.00,-0.092
72.80,DOWNWIND,109.28,109.77,31.39,0.12,-3.9,-12.7,7.2,-725.2,-111,0.61,-0.065,-0.044,0.00,3,,2905,0,-534,725,-0.06,31.4,1.00,-0.093
72.90,DOWNWIND,109.29,109.78,31.39,0.13,-3.9,-12.4,7.2,-725.6,-114,0.61,-0.065,-0.044,0.00,3,,2901,0,-531,726,-0.07,31.4,1.00,-0.094
73.00,DOWNWIND,109.31,109.80,31.38,0.13,-3.9,-12.1,7.1,-726.1,-117,0.61,-0.065,-0.044,0.00,2,,2898,0,-528,726,-0.07,31.4,1.00,-0.094
73.10,DOWNWIND,109.32,109.81,31.38,0.14,-3.9,-11.8,7.0,-726.5,-120,0.61,-0.066,-0.043,0.00,2,,2895,0,-525,726,-0.07,31.4,1.00,-0.095
73.20,DOWNWIND,109.33,109.83,31.38,0.14,-3.9,-11.5,6.9,-726.9,-124,0.61,-0.066,-0.043,0.00,2,,2892,0,-521,727,-0.07,31.4,1.00,-0.095
73.30,DOWNWIND,109.35,109.85,31.37,0.14,-3.9,-11.2,6.8,-727.2,-127,0.61,-0.067,-0.043,0.00,1,,2889,0,-518,727,-0.08,31.4,1.00,-0.096
73.40,DOWNWIND,109.36,109.87,31.37,0.15,-3.9,-10.9,6.7,-727.6,-130,0.61,-0.067,-0.043,0.00,1,,2886,0,-515,728,-0.08,31.4,1.00,-0.096
73.50,DOWNWIND,109.38,109.88,31.37,0.15,-4.0,-10.6,6.6,-727.9,-133,0.61,-0.067,-0.042,0.00,1,,2882,0,-512,728,-0.08,31.4,1.00,-0.097
73.60,DOWNWIND,109.39,109.90,31.36,0.15,-4.0,-10.3,6.4,-728.2,-136,0.61,-0.068,-0.042,0.00,0,,2879,0,-509,728,-0.08,31.4,1.00,-0.098
73.70,DOWNWIND,109.41,109.92,31.36,0.15,-4.0,-10.0,6.3,-728.5,-139,0.61,-0.068,-0.042,0.00,0,,2876,0,-506,729,-0.09,31.4,1.00,-0.098
73.80,DOWNWIND,109.42,109.94,31.36,0.15,-4.0,-9.6,6.1,-728.8,-142,0.61,-0.068,-0.042,0.00,0,,2873,0,-503,729,-0.09,31.4,1.00,-0.098
73.90,DOWNWIND,109.44,109.96,31.36,0.15,-4.0,-9.3,6.0,-729.1,-146,0.61,-0.069,-0.041,0.00,1,,2870,0,-499,729,-0.09,31.4,1.00,-0.099
74.00,DOWNWIND,109.45,109.98,31.35,0.15,-4.1,-9.0,5.8,-729.3,-149,0.61,-0.069,-0.041,0.00,1,,2867,0,-496,729,-0.10,31.4,1.00,-0.099
74.10,DOWNWIND,109.47,109.99,31.35,0.15,-4.1,-8.7,5.6,-729.6,-152,0.61,-0.069,-0.041,0.00,1,,2864,0,-493,730,-0.10,31.4,1.00,-0.100
74.20,DOWNWIND,109.48,110.01,31.35,0.15,-4.1,-8.4,5.5,-729.8,-155,0.61,-0.069,-0.041,0.00,1,,2861,0,-490,730,-0.10,31.4,1.00,-0.100
74.30,DOWNWIND,109.50,110.03,31.35,0.15,-4.1,-8.1,5.3,-730.0,-158,0.61,-0.070,-0.041,0.00,2,,2857,0,-487,730,-0.11,31.4,1.00,-0.101
74.40,DOWNWIND,109.51,110.05,31.34,0.14,-4.1,-7.9,5.2,-730.2,-161,0.61,-0.070,-0.045,0.00,2,,2854,0,-484,730,-0.11,31.4,1.00,-0.101
74.50,DOWNWIND,109.52,110.07,31.34,0.14,-4.2,-7.6,5.4,-730.4,-164,0.61,-0.070,-0.061,0.00,2,,2851,0,-481,730,-0.11,31.4,1.00,-0.101
74.60,DOWNWIND,109.54,110.08,31.34,0.14,-4.2,-7.3,5.7,-730.5,-168,0.61,-0.071,-0.067,0.00,2,,2848,0,-477,731,-0.11,31.4,1.00,-0.102
74.70,DOWNWIND,109.55,110.10,31.34,0.14,-4.2,-7.0,5.9,-730.7,-171,0.61,-0.072,-0.069,0.00,2,,2845,0,-474,731,-0.12,31.4,1.00,-0.102
74.80,DOWNWIND,109.57,110.12,31.33,0.13,-4.2,-6.7,6.0,-730.8,-174,0.61,-0.072,-0.068,0.00,2,,2842,0,-471,731,-0.12,31.4,1.00,-0.102
74.90,DOWNWIND,109.58,110.13,31.33,0.13,-4.2,-6.4,6.1,-730.9,-177,0.61,-0.072,-0.065,0.00,2,,2839,0,-468,731,-0.12,31.4,1.00,-0.103
75.00,DOWNWIND,109.59,110.14,31.33,0.12,-4.2,-6.2,6.2,-731.0,-180,0.61,-0.072,-0.064,0.00,3,,2836,0,-465,731,-0.12,31.4,1.00,-0.103
75.10,DOWNWIND,109.60,110.16,31.33,0.11,-4.2,-5.9,6.3,-731.1,-183,0.61,-0.072,-0.061,0.00,3,,2832,0,-462,731,-0.13,31.4,1.00,-0.103
75.20,DOWNWIND,109.61,110.17,31.33,0.10,-4.3,-5.7,6.4,-731.2,-186,0.61,-0.072,-0.059,0.00,3,,2829,0,-459,731,-0.13,31.4,1.00,-0.103
75.30,DOWNWIND,109.62,110.18,31.33,0.10,-4.3,-5.4,6.4,-731.3,-189,0.61,-0.072,-0.057,0.00,3,,2826,0,-456,731,-0.13,31.4,1.00,-0.103
75.40,DOWNWIND,109.63,110.19,31.33,0.09,-4.3,-5.2,6.5,-731.4,-192,0.61,-0.071,-0.055,0.00,3,,2823,0,-453,731,-0.13,31.4,1.00,-0.103
75.50,DOWNWIND,109.64,110.20,31.33,0.08,-4.3,-4.9,6.7,-731.5,-196,0.61,-0.071,-0.054,0.00,3,,2820,0,-449,731,-0.13,31.4,1.00,-0.103
75.60,DOWNWIND,109.65,110.21,31.33,0.08,-4.3,-4.7,6.8,-731.5,-199,0.61,-0.071,-0.053,0.00,3,,2817,0,-446,732,-0.14,31.4,1.00,-0.103
75.70,DOWNWIND,109.66,110.21,31.33,0.07,-4.3,-4.5,7.0,-731.6,-202,0.61,-0.071,-0.051,0.00,3,,2814,0,-443,732,-0.14,31.4,1.00,-0.103
75.80,DOWNWIND,109.66,110.22,31.33,0.07,-4.3,-4.3,7.1,-731.6,-205,0.61,-0.071,-0.051,0.00,3,,2811,0,-440,732,-0.14,31.4,1.00,-0.103
75.90,DOWNWIND,109.67,110.23,31.33,0.06,-4.4,-4.1,7.3,-731.7,-208,0.61,-0.071,-0.051,0.00,3,,2808,0,-437,732,-0.14,31.4,1.00,-0.104
76.00,DOWNWIND,109.68,110.23,31.33,0.06,-4.4,-3.9,7.6,-731.7,-211,0.61,-0.071,-0.050,0.00,3,,2804,0,-434,732,-0.14,31.4,1.00,-0.104
76.10,DOWNWIND,109.68,110.24,31.33,0.06,-4.4,-3.8,7.8,-731.7,-214,0.61,-0.071,-0.050,0.00,3,,2801,0,-431,732,-0.14,31.4,1.00,-0.104
76.20,DOWNWIND,109.69,110.25,31.33,0.05,-4.4,-3.6,8.0,-731.7,-217,0.61,-0.071,-0.050,0.00,3,,2798,0,-428,732,-0.14,31.4,1.00,-0.104
76.30,DOWNWIND,109.69,110.25,31.33,0.05,-4.4,-3.4,8.3,-731.7,-220,0.61,-0.071,-0.050,0.00,3,,2795,0,-425,732,-0.15,31.4,1.00,-0.104
76.40,DOWNWIND,109.70,110.26,31.33,0.05,-4.4,-3.3,8.5,-731.7,-224,0.61,-0.071,-0.051,0.00,3,,2792,0,-421,732,-0.15,31.4,1.00,-0.104
76.50,DOWNWIND,109.70,110.27,31.33,0.05,-4.5,-3.1,8.7,-731.7,-227,0.61,-0.071,-0.051,0.00,3,,2789,0,-418,732,-0.15,31.4,1.00,-0.104
76.60,DOWNWIND,109.71,110.28,31.33,0.05,-4.5,-2.9,8.9,-731.7,-230,0.61,-0.071,-0.051,0.00,3,,2786,0,-415,732,-0.15,31.4,1.00,-0.104
76.70,DOWNWIND,109.71,110.29,31.33,0.05,-4.5,-2.8,9.1,-731.7,-233,0.61,-0.071,-0.051,0.00,3,,2783,0,-412,732,-0.15,31.4,1.00,-0.105
76.80,DOWNWIND,109.72,110.30,31.33,0.04,-4.5,-2.6,9.2,-731.7,-236,0.61,-0.072,-0.050,0.00,3,,2780,0,-409,732,-0.15,31.4,1.00,-0.105
76.90,DOWNWIND,109.72,110.31,31.33,0.04,-4.5,-2.4,9.3,-731.7,-239,0.60,-0.072,-0.050,0.00,3,,2777,0,-406,732,-0.15,31.4,1.00,-0.105
77.00,DOWNWIND,109.73,110.33,31.33,0.04,-4.5,-2.3,9.5,-731.7,-242,0.60,-0.072,-0.050,0.00,3,,2773,0,-403,732,-0.15,31.4,1.00,-0.105
77.10,DOWNWIND,109.73,110.34,31.33,0.04,-4.5,-2.1,9.5,-731.6,-245,0.60,-0.072,-0.049,0.00,3,,2770,0,-400,732,-0.15,31.4,1.00,-0.105
77.20,DOWNWIND,109.73,110.35,31.33,0.03,-4.5,-2.0,9.6,-731.6,-248,0.60,-0.072,-0.049,0.00,3,,2767,0,-397,732,-0.15,31.4,1.00,-0.105
77.30,DOWNWIND,109.74,110.36,31.33,0.03,-4.6,-1.8,9.7,-731.6,-251,0.60,-0.072,-0.048,0.00,3,,2764,0,-394,732,-0.15,31.4,1.00,-0.105
77.40,DOWNWIND,109.74,110.37,31.33,0.03,-4.6,-1.7,9.7,-731.5,-254,0.60,-0.072,-0.047,0.00,3,,2761,0,-391,732,-0.15,31.4,1.00,-0.105
77.50,DOWNWIND,109.74,110.38,31.33,0.02,-4.6,-1.5,9.7,-731.5,-258,0.60,-0.072,-0.046,0.00,3,,2758,0,-387,732,-0.16,31.4,1.00,-0.105
77.60,DOWNWIND,109.74,110.40,31.33,0.02,-4.6,-1.4,9.7,-731.5,-261,0.60,-0.072,-0.046,0.00,3,,2755,0,-384,731,-0.16,31.4,1.00,-0.105
77.70,DOWNWIND,109.75,110.41,31.33,0.01,-4.6,-1.3,9.7,-731.4,-264,0.60,-0.072,-0.046,0.00,3,,2752,0,-381,731,-0.16,31.4,1.00,-0.105
77.80,DOWNWIND,109.75,110.42,31.33,0.01,-4.6,-1.1,9.7,-731.4,-267,0.60,-0.072,-0.045,0.00,3,,2749,0,-378,731,-0.16,31.4,1.00,-0.105
77.90,DOWNWIND,109.75,110.43,31.33,0.00,-4.6,-1.0,9.8,-731.3,-270,0.60,-0.072,-0.044,0.00,3,,2746,0,-375,731,-0.16,31.4,1.00,-0.105
78.00,DOWNWIND,109.75,110.44,31.33,-0.00,-4.6,-0.9,9.8,-731.3,-273,0.60,-0.072,-0.044,0.00,3,,2743,0,-372,731,-0.16,31.4,1.00,-0.105
78.10,DOWNWIND,109.75,110.45,31.33,-0.00,-4.6,-0.8,9.8,-731.2,-276,0.60,-0.072,-0.044,0.00,3,,2739,0,-369,731,-0.16,31.4,1.00,-0.105
78.20,DOWNWIND,109.75,110.46,31.33,-0.01,-4.6,-0.7,9.8,-731.2,-279,0.60,-0.072,-0.044,0.00,3,,2736,0,-366,731,-0.16,31.4,1.00,-0.105
78.30,DOWNWIND,109.75,110.47,31.33,-0.01,-4.7,-0.6,9.8,-731.1,-282,0.60,-0.072,-0.043,0.00,3,,2733,0,-363,731,-0.16,31.4,1.00,-0.105
78.40,DOWNWIND,109.75,110.47,31.33,-0.02,-4.7,-0.5,9.8,-731.0,-285,0.60,-0.071,-0.043,0.00,3,,2730,0,-360,731,-0.16,31.4,1.00,-0.105
78.50,DOWNWIND,109.74,110.48,31.34,-0.02,-4.7,-0.5,9.9,-731.0,-288,0.60,-0.071,-0.043,0.00,3,,2727,0,-357,731,-0.16,31.4,1.00,-0.105
78.60,DOWNWIND,109.74,110.49,31.34,-0.02,-4.7,-0.4,9.9,-730.9,-292,0.60,-0.071,-0.043,0.00,2,,2724,0,-353,731,-0.15,31.4,1.00,-0.105
78.70,DOWNWIND,109.74,110.49,31.34,-0.03,-4.7,-0.3,9.9,-730.9,-295,0.60,-0.071,-0.043,0.00,2,,2721,0,-350,731,-0.15,31.4,1.00,-0.104
78.80,DOWNWIND,109.74,110.50,31.34,-0.03,-4.7,-0.3,10.0,-730.8,-298,0.60,-0.071,-0.044,0.00,2,,2718,0,-347,731,-0.15,31.4,1.00,-0.104
78.90,DOWNWIND,109.73,110.51,31.34,-0.03,-4.7,-0.2,10.0,-730.8,-301,0.60,-0.071,-0.043,0.00,2,,2715,0,-344,731,-0.15,31.4,1.00,-0.104
79.00,DOWNWIND,109.73,110.51,31.34,-0.03,-4.7,-0.1,10.0,-730.7,-304,0.60,-0.071,-0.044,0.00,2,,2712,0,-341,731,-0.15,31.4,1.00,-0.104
79.10,DOWNWIND,109.73,110.51,31.34,-0.04,-4.7,-0.1,10.0,-730.6,-307,0.60,-0.071,-0.044,0.00,2,,2709,0,-338,731,-0.15,31.4,1.00,-0.104
79.20,DOWNWIND,109.72,110.52,31.34,-0.04,-4.7,-0.0,10.1,-730.6,-310,0.60,-0.071,-0.044,0.00,2,,2705,0,-335,731,-0.15,31.4,1.00,-0.104
79.30,DOWNWIND,109.72,110.52,31.34,-0.04,-4.7,0.0,10.1,-730.5,-313,0.60,-0.071,-0.044,0.00,2,,2702,0,-332,731,-0.15,31.4,1.00,-0.104
79.40,DOWNWIND,109.72,110.52,31.35,-0.04,-4.7,0.1,10.1,-730.5,-316,0.60,-0.071,-0.044,0.00,2,,2699,0,-329,730,-0.15,31.4,1.00,-0.104
79.50,DOWNWIND,109.71,110.52,31.35,-0.04,-4.7,0.1,10.1,-730.4,-319,0.60,-0.071,-0.044,0.00,2,,2696,0,-326,730,-0.15,31.4,1.00,-0.104
79.60,DOWNWIND,109.71,110.52,31.35,-0.05,-4.7,0.2,10.1,-730.4,-322,0.60,-0.071,-0.044,0.00,2,,2693,0,-323,730,-0.15,31.4,1.00,-0.104
79.70,DOWNWIND,109.70,110.52,31.35,-0.05,-4.7,0.2,10.1,-730.3,-326,0.60,-0.071,-0.044,0.00,2,,2690,0,-319,730,-0.15,31.4,1.00,-0.104
79.80,DOWNWIND,109.70,110.52,31.35,-0.05,-4.7,0.2,10.0,-730.2,-329,0.60,-0.071,-0.044,0.00,2,,2687,0,-316,730,-0.15,31.4,1.00,-0.103
79.90,DOWNWIND,109.69,110.52,31.35,-0.05,-4.7,0.3,10.0,-730.2,-332,0.60,-0.071,-0.043,0.00,2,,2684,0,-313,730,-0.14,31.4,1.00,-0.103
80.00,DOWNWIND,109.69,110.52,31.35,-0.05,-4.7,0.3,10.0,-730.1,-335,0.60,-0.071,-0.043,0.00,2,,2681,0,-310,730,-0.14,31.4,1.00,-0.103
80.10,DOWNWIND,109.68,110.52,31.35,-0.05,-4.7,0.3,10.0,-730.1,-338,0.60,-0.071,-0.043,0.00,2,,2678,0,-307,730,-0.14,31.4,1.00,-0.103
80.20,DOWNWIND,109.68,110.52,31.36,-0.05,-4.7,0.4,9.9,-730.0,-341,0.60,-0.071,-0.043,0.00,2,,2675,0,-304,730,-0.14,31.4,1.00,-0.103
80.30,DOWNWIND,109.67,110.52,31.36,-0.06,-4.8,0.4,9.9,-730.0,-344,0.60,-0.071,-0.043,0.00,1,,2671,0,-301,730,-0.14,31.4,1.00,-0.103
80.40,DOWNWIND,109.67,110.51,31.36,-0.06,-4.8,0.4,9.9,-729.9,-347,0.60,-0.071,-0.043,0.00,1,,2668,0,-298,730,-0.14,31.4,1.00,-0.103
80.50,DOWNWIND,109.66,110.51,31.36,-0.06,-4.8,0.4,9.9,-729.9,-350,0.60,-0.071,-0.043,0.00,1,,2665,0,-295,730,-0.14,31.4,1.00,-0.103
80.60,DOWNWIND,109.65,110.51,31.36,-0.06,-4.8,0.5,9.8,-729.8,-353,0.60,-0.071,-0.043,0.00,1,,2662,0,-292,730,-0.14,31.4,1.00,-0.103
80.70,DOWNWIND,109.65,110.50,31.36,-0.06,-4.8,0.5,9.8,-729.8,-356,0.60,-0.071,-0.043,0.00,1,,2659,0,-289,730,-0.14,31.4,1.00,-0.103
80.80,DOWNWIND,109.64,110.50,31.36,-0.06,-4.8,0.5,9.8,-729.7,-360,0.60,-0.071,-0.043,0.00,1,,2656,0,-285,730,-0.13,31.4,1.00,-0.102
80.90,DOWNWIND,109.64,110.49,31.36,-0.06,-4.8,0.5,9.7,-729.7,-363,0.60,-0.071,-0.043,0.00,1,,2653,0,-282,730,-0.13,31.4,1.00,-0.102
81.00,DOWNWIND,109.63,110.49,31.37,-0.06,-4.8,0.5,9.7,-729.6,-366,0.60,-0.071,-0.043,0.00,1,,2650,0,-279,730,-0.13,31.4,1.00,-0.102
81.10,DOWNWIND,109.62,110.48,31.37,-0.06,-4.8,0.5,9.7,-729.6,-369,0.60,-0.071,-0.043,0.00,1,,2647,0,-276,730,-0.13,31.4,1.00,-0.102
81.20,DOWNWIND,109.62,110.48,31.37,-0.06,-4.8,0.5,9.7,-729.6,-372,0.60,-0.071,-0.043,0.00,1,,2644,0,-273,730,-0.13,31.4,1.00,-0.102
81.30,DOWNWIND,109.61,110.47,31.37,-0.07,-4.8,0.5,9.7,-729.5,-375,0.60,-0.071,-0.043,0.00,1,,2640,0,-270,730,-0.13,31.4,1.00,-0.102
81.40,DOWNWIND,109.60,110.47,31.37,-0.07,-4.8,0.5,9.6,-729.5,-378,0.60,-0.071,-0.044,0.00,1,,2637,0,-267,729,-0.13,31.4,1.00,-0.102
81.50,DOWNWIND,109.60,110.47,31.37,-0.07,-4.8,0.5,9.6,-729.4,-381,0.60,-0.071,-0.044,0.00,1,,2634,0,-264,729,-0.13,31.4,1.00,-0.102
81.60,DOWNWIND,109.59,110.46,31.37,-0.07,-4.8,0.5,9.6,-729.4,-384,0.60,-0.071,-0.044,0.00,1,,2631,0,-261,729,-0.12,31.4,1.00,-0.102
81.70,DOWNWIND,109.58,110.46,31.37,-0.07,-4.8,0.5,9.6,-729.4,-387,0.60,-0.071,-0.044,0.00,1,,2628,0,-258,729,-0.12,31.4,1.00,-0.102
81.80,DOWNWIND,109.58,110.45,31.38,-0.07,-4.8,0.5,9.6,-729.3,-391,0.60,-0.071,-0.044,0.00,1,,2625,0,-254,729,-0.12,31.4,1.00,-0.101
81.90,DOWNWIND,109.57,110.45,31.38,-0.07,-4.8,0.5,9.5,-729.3,-394,0.60,-0.071,-0.044,0.00,1,,2622,0,-251,729,-0.12,31.4,1.00,-0.101
82.00,DOWNWIND,109.56,110.45,31.38,-0.07,-4.8,0.5,9.5,-729.3,-397,0.60,-0.071,-0.044,0.00,1,,2619,0,-248,729,-0.12,31.4,1.00,-0.101
82.10,DOWNWIND,109.56,110.44,31.38,-0.07,-4.8,0.5,9.5,-729.2,-400,0.60,-0.071,-0.044,0.00,1,,2616,0,-245,729,-0.12,31.4,1.00,-0.101
82.20,DOWNWIND,109.55,110.44,31.38,-0.07,-4.8,0.5,9.5,-729.2,-403,0.60,-0.071,-0.044,0.00,1,,2613,0,-242,729,-0.12,31.4,1.00,-0.101
82.30,DOWNWIND,109.54,110.43,31.38,-0.07,-4.8,0.5,9.4,-729.2,-406,0.60,-0.071,-0.044,0.00,1,,2610,0,-239,729,-0.12,31.4,1.00,-0.101
82.40,DOWNWIND,109.54,110.43,31.38,-0.07,-4.8,0.5,9.4,-729.1,-409,0.60,-0.071,-0.044,0.00,1,,2606,0,-236,729,-0.11,31.4,1.00,-0.101
82.50,DOWNWIND,109.53,110.43,31.38,-0.07,-4.8,0.5,9.4,-729.1,-412,0.60,-0.071,-0.044,0.00,1,,2603,0,-233,729,-0.11,31.4,1.00,-0.101
82.60,DOWNWIND,109.52,110.42,31.38,-0.07,-4.8,0.4,9.4,-729.1,-415,0.60,-0.071,-0.044,0.00,1,,2600,0,-230,729,-0.11,31.4,1.00,-0.101
82.70,DOWNWIND,109.52,110.42,31.38,-0.07,-4.8,0.4,9.3,-729.1,-418,0.60,-0.071,-0.044,0.00,1,,2597,0,-227,729,-0.11,31.4,1.00,-0.101
82.80,DOWNWIND,109.51,110.41,31.39,-0.07,-4.8,0.4,9.3,-729.0,-422,0.60,-0.071,-0.044,0.00,1,,2594,0,-223,729,-0.11,31.4,1.00,-0.100
82.90,DOWNWIND,109.50,110.41,31.39,-0.07,-4.8,0.4,9.3,-729.0,-425,0.60,-0.071,-0.044,0.00,1,,2591,0,-220,729,-0.11,31.4,1.00,-0.100
83.00,DOWNWIND,109.50,110.41,31.39,-0.07,-4.8,0.4,9.2,-729.0,-428,0.60,-0.071,-0.044,0.00,0,,2588,0,-217,729,-0.11,31.4,1.00,-0.100
83.10,DOWNWIND,109.49,110.40,31.39,-0.07,-4.8,0.4,9.2,-729.0,-431,0.60,-0.071,-0.044,0.00,0,,2585,0,-214,729,-0.10,31.4,1.00,-0.100
83.20,DOWNWIND,109.48,110.40,31.39,-0.07,-4.8,0.4,9.2,-728.9,-434,0.60,-0.071,-0.044,0.00,0,,2582,0,-211,729,-0.10,31.4,1.00,-0.100
83.30,DOWNWIND,109.47,110.40,31.39,-0.07,-4.8,0.4,9.2,-728.9,-437,0.60,-0.071,-0.044,0.00,0,,2579,0,-208,729,-0.10,31.4,1.00,-0.100
83.40,DOWNWIND,109.47,110.39,31.39,-0.07,-4.8,0.4,9.2,-728.9,-440,0.60,-0.071,-0.044,0.00,0,,2575,0,-205,729,-0.10,31.4,1.00,-0.100
83.50,DOWNWIND,109.46,110.39,31.39,-0.07,-4.8,0.3,9.1,-728.9,-443,0.60,-0.071,-0.044,0.00,0,,2572,0,-202,729,-0.10,31.4,1.00,-0.100
83.60,DOWNWIND,109.45,110.38,31.39,-0.07,-4.8,0.3,9.1,-728.9,-446,0.60,-0.071,-0.044,0.00,0,,2569,0,-199,729,-0.10,31.4,1.00,-0.100
83.70,DOWNWIND,109.45,110.38,31.40,-0.07,-4.8,0.3,9.1,-728.9,-449,0.60,-0.071,-0.044,0.00,0,,2566,0,-196,729,-0.10,31.4,1.00,-0.100
83.80,DOWNWIND,109.44,110.38,31.40,-0.07,-4.8,0.3,9.1,-728.8,-453,0.60,-0.071,-0.044,0.00,0,,2563,0,-192,729,-0.09,31.4,1.00,-0.100
83.90,DOWNWIND,109.43,110.38,31.40,-0.07,-4.8,0.3,9.1,-728.8,-456,0.60,-0.071,-0.044,0.00,0,,2560,0,-189,729,-0.09,31.4,1.00,-0.099
84.00,DOWNWIND,109.43,110.37,31.40,-0.07,-4.8,0.3,9.0,-728.8,-459,0.60,-0.071,-0.045,0.00,0,,2557,0,-186,729,-0.09,31.4,1.00,-0.099
84.10,DOWNWIND,109.42,110.37,31.40,-0.07,-4.8,0.3,9.0,-728.8,-462,0.60,-0.071,-0.045,0.00,0,,2554,0,-183,729,-0.09,31.4,1.00,-0.099
84.20,DOWNWIND,109.41,110.37,31.40,-0.07,-4.8,0.2,9.0,-728.8,-465,0.60,-0.071,-0.045,0.00,0,,2551,0,-180,729,-0.09,31.4,1.00,-0.099
84.30,DOWNWIND,109.41,110.36,31.40,-0.07,-4.8,0.2,9.0,-728.8,-468,0.60,-0.071,-0.045,0.00,0,,2547,0,-177,729,-0.09,31.4,1.00,-0.099
84.40,DOWNWIND,109.40,110.36,31.40,-0.07,-4.8,0.2,9.0,-728.8,-471,0.60,-0.071,-0.045,0.00,0,,2544,0,-174,729,-0.09,31.4,1.00,-0.099
84.50,DOWNWIND,109.39,110.36,31.40,-0.07,-4.8,0.2,9.0,-728.8,-474,0.60,-0.071,-0.045,0.00,0,,2541,0,-171,729,-0.09,31.4,1.00,-0.099
84.60,DOWNWIND,109.39,110.35,31.40,-0.06,-4.8,0.2,9.0,-728.7,-477,0.60,-0.071,-0.045,0.00,0,,2538,0,-168,729,-0.08,31.4,1.00,-0.099
84.70,DOWNWIND,109.38,110.35,31.40,-0.06,-4.8,0.2,8.9,-728.7,-480,0.60,-0.071,-0.045,0.00,0,,2535,0,-165,729,-0.08,31.4,1.00,-0.099
84.80,DOWNWIND,109.37,110.34,31.41,-0.06,-4.8,0.2,8.9,-728.7,-484,0.60,-0.071,-0.045,0.00,0,,2532,0,-161,729,-0.08,31.4,1.00,-0.099
84.90,DOWNWIND,109.37,110.34,31.41,-0.06,-4.8,0.1,8.9,-728.7,-487,0.60,-0.071,-0.045,0.00,0,,2529,0,-158,729,-0.08,31.4,1.00,-0.098
85.00,DOWNWIND,109.36,110.34,31.41,-0.06,-4.8,0.1,8.9,-728.7,-490,0.60,-0.071,-0.045,0.00,0,,2526,0,-155,729,-0.08,31.4,1.00,-0.098
85.10,DOWNWIND,109.36,110.33,31.41,-0.06,-4.8,0.1,8.9,-728.7,-493,0.60,-0.071,-0.045,0.00,0,,2523,0,-152,729,-0.08,31.4,1.00,-0.098
85.20,DOWNWIND,109.35,110.33,31.41,-0.06,-4.8,0.1,8.9,-728.7,-496,0.60,-0.071,-0.045,0.00,0,,2520,0,-149,729,-0.08,31.4,1.00,-0.098
85.30,DOWNWIND,109.34,110.32,31.41,-0.06,-4.8,0.1,8.9,-728.7,-499,0.60,-0.071,-0.045,0.00,0,,2516,0,-146,729,-0.08,31.4,1.00,-0.098
85.40,DOWNWIND,109.34,110.32,31.41,-0.06,-4.8,0.1,8.8,-728.7,-502,0.60,-0.071,-0.045,0.00,0,,2513,0,-143,729,-0.07,31.4,1.00,-0.098
85.50,DOWNWIND,109.33,110.32,31.41,-0.06,-4.8,0.1,8.8,-728.7,-505,0.60,-0.071,-0.045,0.00,0,,2510,0,-140,729,-0.07,31.4,1.00,-0.098
85.60,DOWNWIND,109.32,110.31,31.41,-0.06,-4.8,0.1,8.8,-728.7,-508,0.60,-0.071,-0.045,0.00,0,,2507,0,-137,729,-0.07,31.4,1.00,-0.098
85.70,DOWNWIND,109.32,110.31,31.41,-0.06,-4.8,0.0,8.8,-728.7,-512,0.60,-0.071,-0.045,0.00,0,,2504,0,-133,729,-0.07,31.4,1.00,-0.098
85.80,DOWNWIND,109.31,110.31,31.41,-0.06,-4.8,0.0,8.8,-728.7,-515,0.60,-0.071,-0.045,0.00,0,,2501,0,-130,729,-0.07,31.4,1.00,-0.098
85.90,DOWNWIND,109.31,110.30,31.41,-0.06,-4.8,0.0,8.8,-728.7,-518,0.60,-0.071,-0.045,0.00,0,,2498,0,-127,729,-0.07,31.4,1.00,-0.098
86.00,DOWNWIND,109.30,110.30,31.41,-0.06,-4.8,0.0,8.8,-728.7,-521,0.60,-0.071,-0.045,0.00,0,,2495,0,-124,729,-0.07,31.4,1.00,-0.098
86.10,DOWNWIND,109.30,110.30,31.42,-0.06,-4.8,-0.0,8.8,-728.7,-524,0.60,-0.071,-0.045,0.00,0,,2492,0,-121,729,-0.07,31.4,1.00,-0.097
86.20,DOWNWIND,109.29,110.29,31.42,-0.06,-4.8,-0.0,8.8,-728.7,-527,0.60,-0.071,-0.045,0.00,0,,2488,0,-118,729,-0.06,31.4,1.00,-0.097
86.30,DOWNWIND,109.28,110.29,31.42,-0.06,-4.8,-0.0,8.8,-728.7,-530,0.60,-0.071,-0.045,0.00,0,,2485,0,-115,729,-0.06,31.4,1.00,-0.097
86.40,DOWNWIND,109.28,110.29,31.42,-0.06,-4.8,-0.0,8.8,-728.7,-533,0.60,-0.071,-0.045,0.00,0,,2482,0,-112,729,-0.06,31.4,1.00,-0.097
86.50,DOWNWIND,109.27,110.28,31.42,-0.06,-4.8,-0.0,8.8,-728.7,-536,0.60,-0.071,-0.045,0.00,0,,2479,0,-109,729,-0.06,31.4,1.00,-0.097
86.60,DOWNWIND,109.27,110.28,31.42,-0.06,-4.8,-0.1,8.7,-728.7,-540,0.60,-0.071,-0.045,0.00,0,,2476,0,-105,729,-0.06,31.4,1.00,-0.097
86.70,DOWNWIND,109.26,110.28,31.42,-0.06,-4.7,-0.1,8.7,-728.7,-543,0.60,-0.071,-0.045,0.00,0,,2473,0,-102,729,-0.06,31.4,1.00,-0.097
86.80,DOWNWIND,109.26,110.27,31.42,-0.05,-4.7,-0.1,8.7,-728.7,-546,0.60,-0.071,-0.045,0.00,0,,2470,0,-99,729,-0.06,31.4,1.00,-0.097
86.90,DOWNWIND,109.25,110.27,31.42,-0.05,-4.7,-0.1,8.7,-728.7,-549,0.60,-0.071,-0.045,0.00,0,,2467,0,-96,729,-0.06,31.4,1.00,-0.097
87.00,DOWNWIND,109.24,110.26,31.42,-0.05,-4.7,-0.1,8.7,-728.7,-552,0.60,-0.071,-0.045,0.00,0,,2464,0,-93,729,-0.06,31.4,1.00,-0.097
87.10,DOWNWIND,109.24,110.26,31.42,-0.05,-4.7,-0.1,8.7,-728.7,-555,0.60,-0.071,-0.045,0.00,0,,2460,0,-90,729,-0.05,31.4,1.00,-0.097
87.20,DOWNWIND,109.23,110.25,31.42,-0.05,-4.7,-0.1,8.7,-728.7,-558,0.60,-0.071,-0.045,0.00,0,,2457,0,-87,729,-0.05,31.4,1.00,-0.097
87.30,DOWNWIND,109.23,110.25,31.42,-0.05,-4.7,-0.1,8.7,-728.7,-561,0.60,-0.071,-0.045,0.00,0,,2454,0,-84,729,-0.05,31.4,1.00,-0.096
87.40,DOWNWIND,109.22,110.24,31.42,-0.05,-4.7,-0.1,8.7,-728.7,-564,0.60,-0.071,-0.045,0.00,0,,2451,0,-81,729,-0.05,31.4,1.00,-0.096
87.50,DOWNWIND,109.22,110.23,31.42,-0.05,-4.7,-0.1,8.7,-728.7,-567,0.60,-0.071,-0.045,0.00,0,,2448,0,-78,729,-0.05,31.4,1.00,-0.096
87.60,DOWNWIND,109.21,110.23,31.42,-0.05,-4.7,-0.1,8.7,-728.7,-571,0.60,-0.071,-0.045,0.00,0,,2445,0,-74,729,-0.05,31.4,1.00,-0.096
87.70,DOWNWIND,109.21,110.22,31.43,-0.05,-4.7,-0.1,8.7,-728.7,-574,0.60,-0.071,-0.045,0.00,0,,2442,0,-71,729,-0.05,31.4,1.00,-0.096
87.80,DOWNWIND,109.20,110.21,31.43,-0.05,-4.7,-0.1,8.7,-728.7,-577,0.60,-0.071,-0.045,0.00,0,,2439,0,-68,729,-0.05,31.4,1.00,-0.096
87.90,DOWNWIND,109.20,110.20,31.43,-0.05,-4.7,-0.2,8.7,-728.7,-580,0.60,-0.071,-0.045,0.00,0,,2436,0,-65,729,-0.05,31.4,1.00,-0.096
88.00,DOWNWIND,109.19,110.20,31.43,-0.05,-4.7,-0.2,8.7,-728.7,-583,0.60,-0.071,-0.045,0.00,0,,2432,0,-62,729,-0.05,31.4,1.00,-0.096
88.10,DOWNWIND,109.19,110.19,31.43,-0.05,-4.7,-0.2,8.7,-728.7,-586,0.60,-0.071,-0.045,0.00,0,,2429,0,-59,729,-0.04,31.4,1.00,-0.096
88.20,DOWNWIND,109.18,110.18,31.43,-0.05,-4.7,-0.2,8.7,-728.7,-589,0.60,-0.071,-0.045,0.00,0,,2426,0,-56,729,-0.04,31.4,1.00,-0.096
88.30,DOWNWIND,109.18,110.17,31.43,-0.05,-4.7,-0.2,8.7,-728.7,-592,0.60,-0.071,-0.045,0.00,0,,2423,0,-53,729,-0.04,31.4,1.00,-0.096
88.40,DOWNWIND,109.17,110.16,31.43,-0.05,-4.7,-0.2,8.7,-728.7,-595,0.60,-0.071,-0.045,0.00,0,,2420,0,-50,729,-0.04,31.4,1.00,-0.096
88.50,DOWNWIND,109.17,110.15,31.43,-0.05,-4.7,-0.2,8.7,-728.7,-599,0.60,-0.071,-0.045,0.00,0,,2417,0,-46,729,-0.04,31.4,1.00,-0.096
88.60,DOWNWIND,109.16,110.15,31.43,-0.05,-4.7,-0.2,8.7,-728.7,-602,0.60,-0.071,-0.045,0.00,0,,2414,0,-43,729,-0.04,31.4,1.00,-0.095
88.70,DOWNWIND,109.16,110.14,31.43,-0.05,-4.7,-0.2,8.7,-728.7,-605,0.60,-0.071,-0.045,0.00,0,,2411,0,-40,729,-0.04,31.4,1.00,-0.095
88.80,DOWNWIND,109.16,110.13,31.43,-0.04,-4.7,-0.2,8.7,-728.7,-608,0.60,-0.071,-0.045,0.00,0,,2408,0,-37,729,-0.04,31.4,1.00,-0.095
88.90,DOWNWIND,109.15,110.12,31.43,-0.04,-4.7,-0.2,8.7,-728.7,-611,0.60,-0.071,-0.045,0.00,0,,2405,0,-34,729,-0.04,31.4,1.00,-0.095
89.00,DOWNWIND,109.15,110.12,31.43,-0.04,-4.7,-0.2,8.7,-728.7,-614,0.60,-0.071,-0.045,0.00,0,,2401,0,-31,729,-0.04,31.4,1.00,-0.095
89.10,DOWNWIND,109.14,110.11,31.43,-0.04,-4.7,-0.2,8.7,-728.7,-617,0.60,-0.071,-0.045,0.00,0,,2398,0,-28,729,-0.03,31.4,1.00,-0.095
89.20,DOWNWIND,109.14,110.10,31.43,-0.04,-4.7,-0.2,8.7,-728.7,-620,0.60,-0.071,-0.045,0.00,0,,2395,0,-25,729,-0.03,31.4,1.00,-0.095
89.30,DOWNWIND,109.13,110.10,31.43,-0.04,-4.7,-0.2,8.7,-728.7,-623,0.60,-0.071,-0.045,0.00,0,,2392,0,-22,729,-0.03,31.4,1.00,-0.095
89.40,DOWNWIND,109.13,110.09,31.43,-0.04,-4.7,-0.2,8.7,-728.8,-627,0.60,-0.071,-0.045,0.00,0,,2389,0,-18,729,-0.03,31.4,1.00,-0.095
89.50,DOWNWIND,109.13,110.09,31.43,-0.04,-4.7,-0.2,8.7,-728.8,-630,0.60,-0.071,-0.045,0.00,0,,2386,0,-15,729,-0.03,31.4,1.00,-0.095
89.60,DOWNWIND,109.12,110.08,31.43,-0.04,-4.7,-0.2,8.7,-728.8,-633,0.60,-0.071,-0.045,0.00,0,,2383,0,-12,729,-0.03,31.4,1.00,-0.095
89.70,DOWNWIND,109.12,110.08,31.43,-0.04,-4.7,-0.2,8.7,-728.8,-636,0.60,-0.071,-0.045,0.00,0,,2380,0,-9,729,-0.03,31.4,1.00,-0.095
89.80,DOWNWIND,109.11,110.08,31.44,-0.04,-4.7,-0.2,8.7,-728.8,-639,0.60,-0.071,-0.045,0.00,0,,2377,0,-6,729,-0.03,31.4,1.00,-0.095
89.90,DOWNWIND,109.11,110.08,31.44,-0.04,-4.7,-0.2,8.7,-728.8,-642,0.60,-0.071,-0.045,0.00,0,,2373,0,-3,729,-0.03,31.4,1.00,-0.095
90.00,DOWNWIND,109.11,110.07,31.44,-0.04,-4.7,-0.2,8.7,-728.8,-645,0.60,-0.071,-0.045,0.00,0,,2370,0,0,729,-0.03,31.4,1.00,-0.094
90.10,DOWNWIND,109.10,110.07,31.44,-0.04,-4.7,-0.2,8.7,-728.8,-648,0.60,-0.071,-0.045,0.00,0,,2367,0,3,729,-0.03,31.4,1.00,-0.094
90.20,DOWNWIND,109.10,110.07,31.44,-0.04,-4.7,-0.2,8.7,-728.8,-651,0.60,-0.071,-0.045,0.00,0,,2364,0,6,729,-0.03,31.4,1.00,-0.094
90.30,DOWNWIND,109.09,110.07,31.44,-0.04,-4.7,-0.2,8.7,-728.8,-655,0.60,-0.071,-0.045,0.00,0,,2361,0,10,729,-0.03,31.4,1.00,-0.094
90.40,DOWNWIND,109.09,110.07,31.44,-0.04,-4.7,-0.2,8.7,-728.8,-658,0.60,-0.071,-0.045,0.00,0,,2358,0,13,729,-0.02,31.4,1.00,-0.094
90.50,DOWNWIND,109.09,110.62,31.44,-0.04,-4.7,-0.2,8.7,-728.8,-661,0.60,-0.071,-0.045,0.00,0,,2355,0,16,729,-0.02,31.4,1.00,-0.094
90.60,DOWNWIND,109.08,111.63,31.44,-0.04,-4.7,-0.2,8.7,-728.8,-664,0.60,-0.071,-0.045,0.00,0,,2352,0,19,729,-0.02,31.4,1.00,-0.094
90.70,DOWNWIND,109.08,110.07,31.44,-0.04,-4.7,-0.2,8.7,-728.8,-667,0.60,-0.071,-0.045,0.00,0,,2349,0,22,729,-0.02,31.4,1.00,-0.094
90.80,DOWNWIND,109.08,110.06,31.44,-0.04,-4.7,-0.2,8.7,-728.8,-670,0.60,-0.071,-0.045,0.00,0,,2345,0,25,729,-0.02,31.4,1.00,-0.094
90.90,DOWNWIND,109.07,111.53,31.44,-0.03,-4.7,-0.2,8.7,-728.8,-673,0.60,-0.071,-0.045,0.00,0,,2342,0,28,729,-0.02,31.4,1.00,-0.094
91.00,DOWNWIND,109.07,110.53,31.44,-0.03,-4.7,-0.2,8.7,-728.8,-676,0.60,-0.072,-0.045,0.00,0,,2339,0,31,729,-0.02,31.4,1.00,-0.094
91.10,DOWNWIND,109.07,110.06,31.44,-0.03,-4.7,-0.2,8.7,-728.8,-679,0.60,-0.072,-0.045,0.00,0,,2336,0,34,729,-0.02,31.4,1.00,-0.094
91.20,DOWNWIND,109.06,110.06,31.44,-0.03,-4.7,-0.2,8.7,-728.8,-683,0.60,-0.071,-0.045,0.00,0,,2333,0,38,729,-0.02,31.4,1.00,-0.094
91.30,DOWNWIND,109.06,110.05,31.44,-0.03,-4.7,-0.2,8.7,-728.8,-686,0.60,-0.071,-0.045,0.00,0,,2330,0,41,729,-0.02,31.4,1.00,-0.094
91.40,DOWNWIND,109.06,110.05,31.44,-0.03,-4.7,-0.2,8.7,-728.8,-689,0.60,-0.072,-0.045,0.00,0,,2327,0,44,729,-0.02,31.4,1.00,-0.094
91.50,DOWNWIND,109.05,110.04,31.44,-0.03,-4.7,-0.2,8.7,-728.8,-692,0.60,-0.072,-0.045,0.00,0,,2324,0,47,729,-0.02,31.4,1.00,-0.094
91.60,DOWNWIND,109.05,110.04,31.44,-0.03,-4.7,-0.2,8.7,-728.8,-695,0.60,-0.072,-0.045,0.00,0,,2321,0,50,729,-0.02,31.4,1.00,-0.093
91.70,DOWNWIND,109.05,110.03,31.44,-0.03,-4.7,-0.2,8.7,-728.8,-698,0.60,-0.072,-0.045,0.00,0,,2317,0,53,729,-0.02,31.4,1.00,-0.093
91.80,DOWNWIND,109.04,110.02,31.44,-0.03,-4.7,-0.2,8.7,-728.8,-701,0.60,-0.072,-0.045,0.00,0,,2314,0,56,729,-0.01,31.4,1.00,-0.093
91.90,DOWNWIND,109.04,110.02,31.44,-0.03,-4.7,-0.2,8.7,-728.8,-704,0.60,-0.072,-0.045,0.00,0,,2311,0,59,729,-0.01,31.4,1.00,-0.093
92.00,DOWNWIND,109.04,110.01,31.44,-0.03,-4.7,-0.2,8.7,-728.8,-707,0.60,-0.072,-0.045,0.00,0,,2308,0,62,729,-0.01,31.4,1.00,-0.093
92.10,DOWNWIND,109.03,110.00,31.44,-0.03,-4.7,-0.2,8.7,-728.8,-711,0.60,-0.072,-0.045,0.00,0,,2305,0,66,729,-0.01,31.4,1.00,-0.093
92.20,DOWNWIND,109.03,110.00,31.44,-0.03,-4.7,-0.2,8.7,-728.8,-714,0.60,-0.072,-0.045,0.00,0,,2302,0,69,729,-0.01,31.4,1.00,-0.093
92.30,DOWNWIND,109.03,109.99,31.44,-0.03,-4.7,-0.2,8.7,-728.8,-717,0.60,-0.072,-0.045,0.00,0,,2299,0,72,729,-0.01,31.4,1.00,-0.093
92.40,DOWNWIND,109.02,109.98,31.44,-0.03,-4.7,-0.2,8.7,-728.8,-720,0.60,-0.072,-0.045,0.00,0,,2296,0,75,729,-0.01,31.4,1.00,-0.093
92.50,DOWNWIND,109.02,109.98,31.44,-0.03,-4.7,-0.2,8.7,-728.8,-723,0.60,-0.072,-0.045,0.00,0,,2293,0,78,729,-0.01,31.4,1.00,-0.093
92.60,DOWNWIND,109.02,109.97,31.44,-0.03,-4.7,-0.2,8.7,-728.8,-726,0.60,-0.072,-0.045,0.00,0,,2289,0,81,729,-0.01,31.4,1.00,-0.093
92.70,DOWNWIND,109.02,109.96,31.44,-0.03,-4.7,-0.2,8.7,-728.8,-729,0.60,-0.072,-0.045,0.00,0,,2286,0,84,729,-0.01,31.4,1.00,-0.093
92.80,DOWNWIND,109.01,109.95,31.44,-0.03,-4.7,-0.2,8.7,-728.8,-732,0.60,-0.072,-0.045,0.00,0,,2283,0,87,729,-0.01,31.4,1.00,-0.093
92.90,DOWNWIND,109.01,109.95,31.44,-0.03,-4.7,-0.2,8.7,-728.8,-735,0.60,-0.072,-0.045,0.00,0,,2280,0,90,729,-0.01,31.4,1.00,-0.093
93.00,DOWNWIND,109.01,109.94,31.44,-0.03,-4.7,-0.2,8.7,-728.8,-739,0.60,-0.072,-0.045,0.00,0,,2277,0,94,729,-0.01,31.4,1.00,-0.093
93.10,DOWNWIND,109.01,109.94,31.44,-0.03,-4.7,-0.2,8.7,-728.8,-742,0.60,-0.072,-0.045,0.00,0,,2274,0,97,729,-0.01,31.4,1.00,-0.092
93.20,DOWNWIND,109.00,109.93,31.44,-0.03,-4.7,-0.2,8.7,-728.8,-745,0.60,-0.072,-0.045,0.00,0,,2271,0,100,729,-0.01,31.4,1.00,-0.092
93.30,DOWNWIND,109.00,109.92,31.45,-0.03,-4.7,-0.2,8.7,-728.8,-748,0.60,-0.072,-0.045,0.00,0,,2268,0,103,729,-0.01,31.4,1.00,-0.092
93.40,DOWNWIND,109.00,109.92,31.45,-0.03,-4.7,-0.2,8.7,-728.8,-751,0.60,-0.072,-0.045,0.00,0,,2265,0,106,729,-0.01,31.4,1.00,-0.092
93.50,DOWNWIND,108.99,109.91,31.45,-0.02,-4.7,-0.2,8.7,-728.8,-754,0.60,-0.072,-0.045,0.00,0,,2261,0,109,729,-0.01,31.4,1.00,-0.092
93.60,DOWNWIND,108.99,109.91,31.45,-0.02,-4.7,-0.2,8.7,-728.8,-757,0.60,-0.072,-0.045,0.00,0,,2258,0,112,729,-0.00,31.4,1.00,-0.092
93.70,DOWNWIND,108.99,109.90,31.45,-0.02,-4.7,-0.2,8.7,-728.8,-760,0.60,-0.072,-0.045,0.00,0,,2255,0,115,729,-0.00,31.4,1.00,-0.092
93.80,DOWNWIND,108.99,109.90,31.45,-0.02,-4.7,-0.2,8.7,-728.8,-763,0.60,-0.072,-0.045,0.00,0,,2252,0,118,729,-0.00,31.4,1.00,-0.092
93.90,DOWNWIND,108.99,109.89,31.45,-0.02,-4.7,-0.2,8.7,-728.8,-767,0.60,-0.072,-0.045,0.00,0,,2249,0,122,729,-0.00,31.4,1.00,-0.092
94.00,DOWNWIND,108.98,109.88,31.45,-0.02,-4.7,-0.2,8.7,-728.8,-770,0.60,-0.072,-0.045,0.00,0,,2246,0,125,729,-0.00,31.4,1.00,-0.092
94.10,DOWNWIND,108.98,109.87,31.45,-0.02,-4.7,-0.2,8.7,-728.8,-773,0.60,-0.072,-0.045,0.00,0,,2243,0,128,729,-0.00,31.4,1.00,-0.092
94.20,DOWNWIND,108.98,109.87,31.45,-0.02,-4.7,-0.2,8.7,-728.8,-776,0.60,-0.072,-0.045,0.00,0,,2240,0,131,729,-0.00,31.4,1.00,-0.092
94.30,DOWNWIND,108.98,109.86,31.45,-0.02,-4.7,-0.2,8.7,-728.8,-779,0.60,-0.072,-0.045,0.00,0,,2237,0,134,729,-0.00,31.4,1.00,-0.092
94.40,DOWNWIND,108.97,109.85,31.45,-0.02,-4.7,-0.2,8.7,-728.8,-782,0.60,-0.072,-0.045,0.00,0,,2233,0,137,729,-0.00,31.4,1.00,-0.092
94.50,DOWNWIND,108.97,109.84,31.45,-0.02,-4.7,-0.2,8.7,-728.8,-785,0.60,-0.072,-0.045,0.00,0,,2230,0,140,729,-0.00,31.4,1.00,-0.092
94.60,DOWNWIND,108.97,109.83,31.45,-0.02,-4.7,-0.2,8.7,-728.8,-788,0.60,-0.072,-0.045,0.00,0,,2227,0,143,729,-0.00,31.4,1.00,-0.092
94.70,DOWNWIND,108.97,109.82,31.45,-0.02,-4.7,-0.2,8.7,-728.8,-791,0.60,-0.072,-0.045,0.00,0,,2224,0,146,729,0.00,31.4,1.00,-0.092
94.80,DOWNWIND,108.97,109.81,31.45,-0.02,-4.7,-0.2,8.7,-728.8,-795,0.60,-0.072,-0.045,0.00,0,,2221,0,150,729,0.00,31.4,1.00,-0.092
94.90,DOWNWIND,108.96,109.80,31.45,-0.02,-4.7,-0.2,8.7,-728.8,-798,0.60,-0.072,-0.045,0.00,0,,2218,0,153,729,0.00,31.4,1.00,-0.091
95.00,DOWNWIND,108.96,109.79,31.45,-0.02,-4.7,-0.2,8.7,-728.8,-801,0.60,-0.072,-0.045,0.00,0,,2215,0,156,729,0.00,31.4,1.00,-0.091
95.10,DOWNWIND,108.96,109.78,31.45,-0.02,-4.7,-0.2,8.7,-728.8,-804,0.60,-0.072,-0.045,0.00,0,,2212,0,159,729,0.00,31.4,1.00,-0.091
95.20,DOWNWIND,108.96,109.77,31.45,-0.02,-4.7,-0.2,8.7,-728.8,-807,0.60,-0.072,-0.045,0.00,0,,2209,0,162,729,0.00,31.4,1.00,-0.091
95.30,DOWNWIND,108.96,109.76,31.45,-0.02,-4.7,-0.2,8.7,-728.8,-810,0.60,-0.072,-0.045,0.00,0,,2205,0,165,729,0.00,31.4,1.00,-0.091
95.40,DOWNWIND,108.95,109.76,31.45,-0.02,-4.7,-0.2,8.7,-728.8,-813,0.60,-0.072,-0.045,0.00,0,,2202,0,168,729,0.00,31.4,1.00,-0.091
95.50,DOWNWIND,108.95,109.75,31.45,-0.02,-4.7,-0.2,8.7,-728.8,-816,0.60,-0.072,-0.045,0.00,0,,2199,0,171,729,0.00,31.4,1.00,-0.091
95.60,DOWNWIND,108.95,109.74,31.45,-0.02,-4.7,-0.2,8.7,-728.8,-819,0.60,-0.072,-0.045,0.00,0,,2196,0,174,729,0.00,31.4,1.00,-0.091
95.70,DOWNWIND,108.95,109.74,31.45,-0.02,-4.7,-0.2,8.7,-728.8,-823,0.60,-0.072,-0.045,0.00,0,,2193,0,178,729,0.00,31.4,1.00,-0.091
95.80,DOWNWIND,108.95,109.74,31.45,-0.02,-4.7,-0.2,8.7,-728.8,-826,0.60,-0.072,-0.045,0.00,0,,2190,0,181,729,0.00,31.4,1.00,-0.091
95.90,DOWNWIND,108.94,109.73,31.45,-0.02,-4.7,-0.2,8.7,-728.8,-829,0.60,-0.072,-0.045,0.00,0,,2187,0,184,729,0.00,31.4,1.00,-0.091
96.00,DOWNWIND,108.94,109.73,31.45,-0.02,-4.7,-0.2,8.7,-728.8,-832,0.60,-0.072,-0.045,0.00,0,,2184,0,187,729,0.01,31.4,1.00,-0.091
96.10,DOWNWIND,108.94,109.73,31.45,-0.02,-4.7,-0.2,8.7,-728.8,-835,0.60,-0.072,-0.045,0.00,0,,2180,0,190,729,0.01,31.4,1.00,-0.091
96.20,DOWNWIND,108.94,109.73,31.45,-0.02,-4.7,-0.2,8.7,-728.8,-838,0.60,-0.072,-0.045,0.00,0,,2177,0,193,729,0.01,31.4,1.00,-0.091
96.30,DOWNWIND,108.94,109.73,31.45,-0.02,-4.7,-0.2,8.7,-728.8,-841,0.60,-0.072,-0.045,0.00,0,,2174,0,196,729,0.01,31.4,1.00,-0.091
96.40,DOWNWIND,108.94,109.73,31.45,-0.02,-4.7,-0.2,8.7,-728.8,-844,0.60,-0.072,-0.045,0.00,0,,2171,0,199,729,0.01,31.4,1.00,-0.091
96.50,DOWNWIND,108.93,109.74,31.45,-0.02,-4.7,-0.2,8.7,-728.8,-847,0.60,-0.072,-0.045,0.00,0,,2168,0,202,729,0.01,31.4,1.00,-0.091
96.60,DOWNWIND,108.93,109.74,31.45,-0.02,-4.7,-0.2,8.7,-728.8,-851,0.60,-0.072,-0.045,0.00,0,,2165,0,206,729,0.01,31.4,1.00,-0.091
96.70,DOWNWIND,108.93,109.74,31.45,-0.02,-4.7,-0.2,8.7,-728.8,-854,0.60,-0.072,-0.045,0.00,0,,2162,0,209,729,0.01,31.4,1.00,-0.091
96.80,DOWNWIND,108.93,109.74,31.45,-0.02,-4.7,-0.2,8.7,-728.8,-857,0.60,-0.072,-0.045,0.00,0,,2159,0,212,729,0.01,31.4,1.00,-0.091
96.90,DOWNWIND,108.93,109.75,31.45,-0.02,-4.7,-0.2,8.7,-728.8,-860,0.60,-0.072,-0.045,0.00,0,,2156,0,215,729,0.01,31.4,1.00,-0.090
97.00,DOWNWIND,108.93,109.75,31.45,-0.01,-4.7,-0.2,8.7,-728.8,-863,0.60,-0.072,-0.045,0.00,0,,2152,0,218,729,0.01,31.4,1.00,-0.090
97.10,DOWNWIND,108.92,109.75,31.45,-0.01,-4.7,-0.2,8.7,-728.8,-866,0.60,-0.072,-0.045,0.00,0,,2149,0,221,729,0.01,31.4,1.00,-0.090
97.20,DOWNWIND,108.92,109.75,31.45,-0.01,-4.7,-0.2,8.7,-728.8,-869,0.60,-0.072,-0.045,0.00,0,,2146,0,224,729,0.01,31.4,1.00,-0.090
97.30,DOWNWIND,108.92,109.75,31.45,-0.01,-4.7,-0.2,8.7,-728.8,-872,0.60,-0.072,-0.045,0.00,0,,2143,0,227,729,0.01,31.4,1.00,-0.090
97.40,DOWNWIND,108.92,109.75,31.45,-0.01,-4.7,-0.2,8.7,-728.8,-875,0.60,-0.072,-0.045,0.00,0,,2140,0,230,729,0.01,31.4,1.00,-0.090
97.50,DOWNWIND,108.92,109.76,31.45,-0.01,-4.7,-0.2,8.7,-728.8,-879,0.60,-0.072,-0.045,0.00,0,,2137,0,234,729,0.01,31.4,1.00,-0.090
97.60,DOWNWIND,108.92,109.76,31.45,-0.01,-4.7,-0.2,8.7,-728.8,-882,0.60,-0.072,-0.045,0.00,0,,2134,0,237,729,0.01,31.4,1.00,-0.090
97.70,DOWNWIND,108.92,109.75,31.45,-0.01,-4.7,-0.2,8.7,-728.8,-885,0.60,-0.072,-0.045,0.00,0,,2131,0,240,729,0.01,31.4,1.00,-0.090
97.80,DOWNWIND,108.91,109.75,31.45,-0.01,-4.7,-0.2,8.7,-728.8,-888,0.60,-0.072,-0.045,0.00,0,,2128,0,243,729,0.01,31.4,1.00,-0.090
97.90,DOWNWIND,108.91,109.75,31.45,-0.01,-4.7,-0.2,8.7,-728.8,-891,0.60,-0.072,-0.045,0.00,0,,2124,0,246,729,0.01,31.4,1.00,-0.090
98.00,DOWNWIND,108.91,109.75,31.45,-0.01,-4.7,-0.2,8.7,-728.8,-894,0.60,-0.072,-0.045,0.00,0,,2121,0,249,729,0.01,31.4,1.00,-0.090
98.10,DOWNWIND,108.91,109.74,31.45,-0.01,-4.7,-0.2,8.7,-728.8,-897,0.60,-0.072,-0.045,0.00,0,,2118,0,252,729,0.01,31.4,1.00,-0.090
98.20,DOWNWIND,108.91,109.73,31.45,-0.01,-4.7,-0.2,8.7,-728.8,-900,0.60,-0.072,-0.045,0.00,0,,2115,0,255,729,0.01,31.4,1.00,-0.090
98.30,DOWNWIND,108.91,109.73,31.45,-0.01,-4.7,-0.2,8.7,-728.8,-903,0.60,-0.072,-0.045,0.00,0,,2112,0,258,729,0.01,31.4,1.00,-0.090
98.40,DOWNWIND,108.91,109.72,31.45,-0.01,-4.7,-0.2,8.7,-728.8,-907,0.60,-0.072,-0.045,0.00,0,,2109,0,262,729,0.01,31.4,1.00,-0.090
98.50,DOWNWIND,108.91,109.71,31.45,-0.01,-4.7,-0.2,8.7,-728.8,-910,0.60,-0.072,-0.045,0.00,0,,2106,0,265,729,0.01,31.4,1.00,-0.090
98.60,DOWNWIND,108.91,109.70,31.45,-0.01,-4.7,-0.2,8.7,-728.8,-913,0.60,-0.072,-0.045,0.00,0,,2103,0,268,729,0.01,31.4,1.00,-0.090
98.70,DOWNWIND,108.90,109.70,31.45,-0.01,-4.7,-0.2,8.7,-728.8,-916,0.60,-0.072,-0.045,0.00,0,,2100,0,271,729,0.01,31.4,1.00,-0.090
98.80,DOWNWIND,108.90,109.69,31.45,-0.01,-4.7,-0.2,8.7,-728.8,-919,0.60,-0.072,-0.045,0.00,0,,2096,0,274,729,0.01,31.4,1.00,-0.090
98.90,DOWNWIND,108.90,109.68,31.45,-0.01,-4.7,-0.2,8.7,-728.8,-922,0.60,-0.072,-0.045,0.00,0,,2093,0,277,729,0.01,31.4,1.00,-0.090
99.00,DOWNWIND,108.90,109.67,31.45,-0.01,-4.7,-0.2,8.7,-728.8,-925,0.60,-0.072,-0.045,0.00,0,,2090,0,280,729,0.01,31.4,1.00,-0.090
99.10,DOWNWIND,108.90,109.66,31.45,-0.01,-4.7,-0.2,8.7,-728.8,-928,0.60,-0.072,-0.045,0.00,0,,2087,0,283,729,0.01,31.4,1.00,-0.089
99.20,DOWNWIND,108.90,109.65,31.45,-0.01,-4.7,-0.2,8.7,-728.8,-931,0.60,-0.072,-0.045,0.00,0,,2084,0,286,729,0.01,31.4,1.00,-0.089
99.30,DOWNWIND,108.90,109.65,31.45,-0.01,-4.7,-0.2,8.7,-728.8,-935,0.60,-0.072,-0.045,0.00,0,,2081,0,290,729,0.01,31.4,1.00,-0.089
99.40,DOWNWIND,108.90,109.64,31.45,-0.01,-4.7,-0.2,8.7,-728.8,-938,0.60,-0.072,-0.045,0.00,0,,2078,0,293,729,0.01,31.4,1.00,-0.089
99.50,DOWNWIND,108.90,109.63,31.45,-0.01,-4.7,-0.2,8.7,-728.8,-941,0.60,-0.072,-0.045,0.00,0,,2075,0,296,729,0.01,31.4,1.00,-0.089
99.60,DOWNWIND,108.89,109.63,31.45,-0.01,-4.7,-0.2,8.7,-728.8,-944,0.60,-0.072,-0.045,0.00,0,,2072,0,299,729,0.01,31.4,1.00,-0.089
99.70,DOWNWIND,108.89,109.62,31.45,-0.01,-4.7,-0.2,8.7,-728.8,-947,0.60,-0.072,-0.045,0.00,0,,2068,0,302,729,0.01,31.4,1.00,-0.089
99.80,DOWNWIND,108.89,109.62,31.45,-0.01,-4.7,-0.2,8.7,-728.8,-950,0.60,-0.072,-0.045,0.00,0,,2065,0,305,729,0.02,31.4,1.00,-0.089
99.90,DOWNWIND,108.89,109.62,31.45,-0.01,-4.7,-0.2,8.7,-728.8,-953,0.60,-0.072,-0.045,0.00,0,,2062,0,308,729,0.02,31.4,1.00,-0.089
100.00,DOWNWIND,108.89,109.62,31.45,-0.01,-4.7,-0.2,8.7,-728.8,-956,0.60,-0.072,-0.045,0.00,0,,2059,0,311,729,0.02,31.4,1.00,-0.089
100.10,DOWNWIND,108.89,109.62,31.45,-0.01,-4.7,-0.2,8.7,-728.8,-960,0.60,-0.072,-0.045,0.00,0,,2056,0,315,729,0.02,31.4,1.00,-0.089
100.20,DOWNWIND,108.89,109.62,31.45,-0.01,-4.7,-0.2,8.7,-728.8,-963,0.60,-0.072,-0.045,0.00,0,,2053,0,318,729,0.02,31.4,1.00,-0.089
100.30,DOWNWIND,108.89,109.62,31.45,-0.01,-4.7,-0.2,8.7,-728.8,-966,0.60,-0.072,-0.045,0.00,0,,2050,0,321,729,0.02,31.4,1.00,-0.089
100.40,DOWNWIND,108.89,109.62,31.45,-0.01,-4.7,-0.2,8.7,-728.8,-969,0.60,-0.072,-0.045,0.00,0,,2047,0,324,729,0.02,31.4,1.00,-0.089
100.50,DOWNWIND,108.89,109.62,31.45,-0.01,-4.7,-0.2,8.7,-728.8,-972,0.60,-0.072,-0.045,0.00,0,,2044,0,327,729,0.02,31.4,1.00,-0.089
100.60,DOWNWIND,108.89,109.62,31.45,-0.01,-4.7,-0.2,8.7,-728.8,-975,0.60,-0.072,-0.045,0.00,0,,2040,0,330,729,0.02,31.4,1.00,-0.089
100.70,DOWNWIND,108.88,109.62,31.45,-0.01,-4.7,-0.2,8.7,-728.8,-978,0.60,-0.072,-0.045,0.00,0,,2037,0,333,729,0.02,31.4,1.00,-0.089
100.80,DOWNWIND,108.88,109.62,31.45,-0.01,-4.7,-0.2,8.7,-728.8,-981,0.60,-0.072,-0.045,0.00,0,,2034,0,336,729,0.02,31.4,1.00,-0.089
100.90,DOWNWIND,108.88,109.62,31.45,-0.01,-4.7,-0.2,8.7,-728.8,-984,0.60,-0.072,-0.045,0.00,0,,2031,0,339,729,0.02,31.4,1.00,-0.089
101.00,DOWNWIND,108.88,109.62,31.45,-0.01,-4.7,-0.2,8.7,-728.8,-988,0.60,-0.072,-0.045,0.00,0,,2028,0,343,729,0.02,31.4,1.00,-0.089
101.10,DOWNWIND,108.88,109.62,31.45,-0.01,-4.7,-0.2,8.7,-728.8,-991,0.60,-0.072,-0.045,0.00,0,,2025,0,346,729,0.02,31.4,1.00,-0.089
101.20,DOWNWIND,108.88,109.62,31.45,-0.01,-4.7,-0.2,8.7,-728.8,-994,0.60,-0.072,-0.045,0.00,0,,2022,0,349,729,0.02,31.4,1.00,-0.089
101.30,DOWNWIND,108.88,109.62,31.45,-0.01,-4.7,-0.2,8.7,-728.8,-997,0.60,-0.072,-0.045,0.00,0,,2019,0,352,729,0.02,31.4,1.00,-0.089
101.40,DOWNWIND,108.88,109.63,31.45,-0.01,-4.7,-0.2,8.7,-728.8,-1000,0.60,-0.072,-0.045,0.00,0,,2016,0,355,729,0.02,31.4,1.00,-0.089
101.50,DOWNWIND,108.88,109.63,31.45,-0.01,-4.7,-0.2,8.7,-728.8,-1003,0.60,-0.072,-0.045,0.00,0,,2012,0,358,729,0.02,31.4,1.00,-0.088
101.60,DOWNWIND,108.88,109.63,31.45,-0.01,-4.7,-0.2,8.7,-728.8,-1006,0.60,-0.072,-0.045,0.00,0,,2009,0,361,729,0.02,31.4,1.00,-0.088
101.70,DOWNWIND,108.88,109.63,31.45,-0.01,-4.7,-0.2,8.7,-728.8,-1009,0.60,-0.072,-0.045,0.00,0,,2006,0,364,729,0.02,31.4,1.00,-0.088
101.80,DOWNWIND,108.88,109.63,31.45,-0.01,-4.7,-0.2,8.7,-728.8,-1012,0.60,-0.072,-0.045,0.00,0,,2003,0,367,729,0.02,31.4,1.00,-0.088
101.90,DOWNWIND,108.88,109.63,31.45,-0.01,-4.7,-0.2,8.7,-728.8,-1016,0.60,-0.072,-0.045,0.00,0,,2000,0,371,729,0.02,31.4,1.00,-0.088
102.00,DOWNWIND,108.88,109.63,31.45,-0.01,-4.7,-0.2,8.7,-728.8,-1019,0.60,-0.072,-0.045,0.00,0,,1997,0,374,729,0.02,31.4,1.00,-0.088
102.10,DOWNWIND,108.87,109.63,31.45,-0.01,-4.7,-0.2,8.7,-728.8,-1022,0.60,-0.072,-0.045,0.00,0,,1994,0,377,729,0.02,31.4,1.00,-0.088
102.20,DOWNWIND,108.87,109.64,31.45,-0.01,-4.7,-0.2,8.7,-728.8,-1025,0.60,-0.072,-0.045,0.00,0,,1991,0,380,729,0.02,31.4,1.00,-0.088
102.30,DOWNWIND,108.87,109.64,31.45,-0.01,-4.7,-0.2,8.7,-728.8,-1028,0.60,-0.072,-0.045,0.00,0,,1988,0,383,729,0.02,31.4,1.00,-0.088
102.40,DOWNWIND,108.87,109.64,31.45,-0.01,-4.7,-0.2,8.7,-728.8,-1031,0.60,-0.072,-0.045,0.00,0,,1984,0,386,729,0.02,31.4,1.00,-0.088
102.50,DOWNWIND,108.87,109.99,31.45,-0.01,-4.7,-0.2,8.7,-728.8,-1034,0.60,-0.072,-0.045,0.00,0,,1981,0,389,729,0.02,31.4,1.00,-0.088
102.60,DOWNWIND,108.87,110.89,31.45,-0.01,-4.7,-0.2,8.7,-728.8,-1037,0.60,-0.072,-0.045,0.00,0,,1978,0,392,729,0.02,31.4,1.00,-0.088
102.70,DOWNWIND,108.87,109.70,31.45,-0.01,-4.7,-0.2,8.7,-728.8,-1040,0.60,-0.072,-0.045,0.00,0,,1975,0,395,729,0.02,31.4,1.00,-0.088
102.80,DOWNWIND,108.87,109.70,31.45,-0.00,-4.7,-0.2,8.7,-728.8,-1044,0.60,-0.072,-0.045,0.00,0,,1972,0,399,729,0.02,31.4,1.00,-0.088
102.90,DOWNWIND,108.87,109.70,31.45,-0.00,-4.7,-0.2,8.7,-728.8,-1047,0.60,-0.072,-0.045,0.00,0,,1969,0,402,729,0.02,31.4,1.00,-0.088
103.00,DOWNWIND,108.87,110.85,31.45,-0.00,-4.7,-0.2,8.8,-728.8,-1050,0.60,-0.072,-0.045,0.00,0,,1966,0,405,729,0.02,31.4,1.00,-0.088
103.10,DOWNWIND,108.87,109.97,31.45,-0.00,-4.7,-0.2,8.8,-728.8,-1053,0.60,-0.072,-0.045,0.00,0,,1963,0,408,729,0.02,31.4,1.00,-0.088
103.20,DOWNWIND,108.87,109.65,31.45,-0.00,-4.7,-0.2,8.8,-728.8,-1056,0.60,-0.072,-0.045,0.00,0,,1960,0,411,729,0.02,31.4,1.00,-0.088
103.30,DOWNWIND,108.87,109.65,31.45,-0.00,-4.7,-0.2,8.8,-728.8,-1059,0.60,-0.072,-0.045,0.00,0,,1956,0,414,729,0.02,31.4,1.00,-0.088
103.40,DOWNWIND,108.87,109.65,31.45,-0.00,-4.7,-0.2,8.8,-728.8,-1062,0.60,-0.072,-0.045,0.00,0,,1953,0,417,729,0.02,31.4,1.00,-0.088
103.50,DOWNWIND,108.87,109.65,31.45,-0.00,-4.7,-0.2,8.8,-728.8,-1065,0.60,-0.072,-0.045,0.00,0,,1950,0,420,729,0.02,31.4,1.00,-0.088
103.60,DOWNWIND,108.87,109.65,31.45,-0.00,-4.7,-0.2,8.8,-728.8,-1068,0.60,-0.072,-0.045,0.00,0,,1947,0,423,729,0.02,31.4,1.00,-0.088
103.70,DOWNWIND,108.87,109.64,31.45,-0.00,-4.7,-0.2,8.8,-728.8,-1072,0.60,-0.072,-0.045,0.00,0,,1944,0,427,729,0.02,31.4,1.00,-0.088
103.80,DOWNWIND,108.87,109.64,31.45,-0.00,-4.7,-0.2,8.8,-728.8,-1075,0.60,-0.072,-0.045,0.00,0,,1941,0,430,729,0.02,31.4,1.00,-0.088
103.90,DOWNWIND,108.87,109.63,31.45,-0.00,-4.7,-0.2,8.8,-728.8,-1078,0.60,-0.072,-0.045,0.00,0,,1938,0,433,729,0.02,31.4,1.00,-0.088
104.00,DOWNWIND,108.87,109.63,31.45,-0.00,-4.7,-0.2,8.8,-728.8,-1081,0.60,-0.072,-0.045,0.00,0,,1935,0,436,729,0.02,31.4,1.00,-0.088
104.10,DOWNWIND,108.87,109.63,31.45,-0.00,-4.7,-0.2,8.7,-728.8,-1084,0.60,-0.072,-0.045,0.00,0,,1932,0,439,729,0.02,31.4,1.00,-0.088
104.20,DOWNWIND,108.87,109.62,31.45,-0.00,-4.7,-0.2,8.7,-728.8,-1087,0.60,-0.072,-0.045,0.00,0,,1928,0,442,729,0.02,31.4,1.00,-0.088
104.30,DOWNWIND,108.86,109.61,31.45,-0.00,-4.7,-0.2,8.7,-728.8,-1090,0.60,-0.072,-0.045,0.00,0,,1925,0,445,729,0.02,31.4,1.00,-0.087
104.40,DOWNWIND,108.86,109.61,31.45,-0.00,-4.7,-0.2,8.7,-728.8,-1093,0.60,-0.072,-0.045,0.00,0,,1922,0,448,729,0.02,31.4,1.00,-0.087
104.50,DOWNWIND,108.86,109.60,31.45,-0.00,-4.7,-0.2,8.7,-728.8,-1096,0.60,-0.072,-0.045,0.00,0,,1919,0,451,729,0.02,31.4,1.00,-0.087
104.60,DOWNWIND,108.86,109.59,31.45,-0.00,-4.7,-0.2,8.7,-728.8,-1100,0.60,-0.072,-0.045,0.00,0,,1916,0,455,729,0.02,31.4,1.00,-0.087
104.70,DOWNWIND,108.86,109.58,31.45,-0.00,-4.7,-0.2,8.7,-728.8,-1103,0.60,-0.072,-0.045,0.00,0,,1913,0,458,729,0.02,31.4,1.00,-0.087
104.80,DOWNWIND,108.86,109.57,31.45,-0.00,-4.7,-0.2,8.7,-728.8,-1106,0.60,-0.072,-0.045,0.00,0,,1910,0,461,729,0.02,31.4,1.00,-0.087
104.90,DOWNWIND,108.86,109.56,31.45,-0.00,-4.7,-0.2,8.7,-728.8,-1109,0.60,-0.072,-0.045,0.00,0,,1907,0,464,729,0.02,31.4,1.00,-0.087
105.00,DOWNWIND,108.86,109.55,31.45,-0.00,-4.7,-0.2,8.7,-728.8,-1112,0.60,-0.072,-0.045,0.00,0,,1904,0,467,729,0.02,31.4,1.00,-0.087
105.10,DOWNWIND,108.86,109.54,31.45,-0.00,-4.7,-0.2,8.7,-728.8,-1115,0.60,-0.072,-0.045,0.00,0,,1900,0,470,729,0.02,31.4,1.00,-0.087
105.20,DOWNWIND,108.86,109.53,31.45,-0.00,-4.7,-0.2,8.7,-728.8,-1118,0.60,-0.072,-0.045,0.00,0,,1897,0,473,729,0.02,31.4,1.00,-0.087
105.30,DOWNWIND,108.86,109.52,31.45,-0.00,-4.7,-0.2,8.7,-728.8,-1121,0.60,-0.072,-0.045,0.00,0,,1894,0,476,729,0.02,31.4,1.00,-0.087
105.40,DOWNWIND,108.86,109.51,31.45,-0.00,-4.7,-0.2,8.7,-728.8,-1124,0.60,-0.072,-0.045,0.00,0,,1891,0,479,729,0.02,31.4,1.00,-0.087
105.50,DOWNWIND,108.86,109.50,31.45,-0.00,-4.7,-0.2,8.7,-728.8,-1128,0.60,-0.072,-0.045,0.00,0,,1888,0,483,729,0.02,31.4,1.00,-0.087
105.60,DOWNWIND,108.86,109.49,31.45,-0.00,-4.7,-0.2,8.7,-728.8,-1131,0.60,-0.072,-0.045,0.00,0,,1885,0,486,729,0.02,31.4,1.00,-0.087
105.70,DOWNWIND,108.86,109.48,31.45,-0.00,-4.7,-0.2,8.7,-728.8,-1134,0.60,-0.072,-0.045,0.00,0,,1882,0,489,729,0.02,31.4,1.00,-0.087
105.80,DOWNWIND,108.86,109.47,31.45,-0.00,-4.7,-0.2,8.7,-728.8,-1137,0.60,-0.072,-0.045,0.00,0,,1879,0,492,729,0.02,31.4,1.00,-0.087
105.90,DOWNWIND,108.86,109.45,31.45,-0.00,-4.7,-0.2,8.7,-728.8,-1140,0.60,-0.072,-0.045,0.00,0,,1876,0,495,729,0.02,31.4,1.00,-0.087
106.00,DOWNWIND,108.86,109.44,31.45,-0.00,-4.7,-0.2,8.7,-728.8,-1143,0.60,-0.072,-0.045,0.00,0,,1872,0,498,729,0.02,31.4,1.00,-0.087
106.10,DOWNWIND,108.86,109.43,31.45,-0.00,-4.7,-0.2,8.7,-728.8,-1146,0.60,-0.072,-0.045,0.00,0,,1869,0,501,729,0.02,31.4,1.00,-0.087
106.20,DOWNWIND,108.86,109.41,31.45,-0.00,-4.7,-0.2,8.7,-728.8,-1149,0.60,-0.072,-0.045,0.00,0,,1866,0,504,729,0.02,31.4,1.00,-0.087
106.30,DOWNWIND,108.86,109.40,31.45,-0.00,-4.7,-0.2,8.7,-728.8,-1152,0.60,-0.072,-0.045,0.00,0,,1863,0,507,729,0.02,31.4,1.00,-0.087
106.40,DOWNWIND,108.86,109.38,31.45,-0.00,-4.7,-0.2,8.7,-728.8,-1156,0.60,-0.072,-0.045,0.00,0,,1860,0,511,729,0.02,31.4,1.00,-0.087
106.50,DOWNWIND,108.86,109.37,31.45,-0.00,-4.7,-0.2,8.7,-728.8,-1159,0.60,-0.072,-0.045,0.00,0,,1857,0,514,729,0.02,31.4,1.00,-0.087
106.60,DOWNWIND,108.86,109.35,31.45,-0.00,-4.7,-0.2,8.7,-728.8,-1162,0.60,-0.072,-0.045,0.00,0,,1854,0,517,729,0.02,31.4,1.00,-0.087
106.70,DOWNWIND,108.86,109.34,31.45,-0.00,-4.7,-0.2,8.7,-728.8,-1165,0.60,-0.072,-0.045,0.00,0,,1851,0,520,729,0.02,31.4,1.00,-0.087
106.80,DOWNWIND,108.86,109.32,31.45,-0.00,-4.7,-0.2,8.7,-728.8,-1168,0.60,-0.072,-0.045,0.00,0,,1848,0,523,729,0.02,31.4,1.00,-0.087
106.90,DOWNWIND,108.86,109.31,31.45,-0.00,-4.7,-0.2,8.7,-728.8,-1171,0.60,-0.072,-0.045,0.00,0,,1844,0,526,729,0.02,31.4,1.00,-0.087
107.00,DOWNWIND,108.86,109.29,31.45,-0.00,-4.7,-0.2,8.7,-728.8,-1174,0.60,-0.072,-0.045,0.00,0,,1841,0,529,729,0.02,31.4,1.00,-0.087
107.10,DOWNWIND,108.86,109.27,31.45,-0.00,-4.7,-0.2,8.7,-728.8,-1177,0.60,-0.072,-0.045,0.00,0,,1838,0,532,729,0.02,31.4,1.00,-0.087
107.20,DOWNWIND,108.86,109.25,31.45,-0.00,-4.7,-0.2,8.7,-728.8,-1180,0.60,-0.072,-0.045,0.00,0,,1835,0,535,729,0.02,31.4,1.00,-0.087
107.30,DOWNWIND,108.86,109.23,31.45,-0.00,-4.7,-0.2,8.7,-728.8,-1184,0.60,-0.072,-0.045,0.00,0,,1832,0,539,729,0.02,31.4,1.00,-0.087
107.40,DOWNWIND,108.86,109.22,31.45,-0.00,-4.7,-0.2,8.7,-728.8,-1187,0.60,-0.072,-0.045,0.00,0,,1829,0,542,729,0.02,31.4,1.00,-0.087
107.50,DOWNWIND,108.86,109.20,31.45,-0.00,-4.7,-0.2,8.7,-728.8,-1190,0.60,-0.072,-0.045,0.00,0,,1826,0,545,729,0.02,31.4,1.00,-0.086
107.60,DOWNWIND,108.86,109.18,31.45,-0.00,-4.7,-0.2,8.7,-728.8,-1193,0.60,-0.072,-0.045,0.00,0,,1823,0,548,729,0.02,31.4,1.00,-0.086
107.70,DOWNWIND,108.86,109.16,31.45,-0.00,-4.7,-0.2,8.7,-728.8,-1196,0.60,-0.072,-0.045,0.00,0,,1820,0,551,729,0.02,31.4,1.00,-0.086
107.80,DOWNWIND,108.86,109.14,31.45,-0.00,-4.7,-0.2,8.7,-728.8,-1199,0.60,-0.072,-0.045,0.00,0,,1816,0,554,729,0.02,31.4,1.00,-0.086
107.90,DOWNWIND,108.86,109.13,31.45,-0.00,-4.7,-0.2,8.7,-728.8,-1202,0.60,-0.072,-0.045,0.00,0,,1813,0,557,729,0.02,31.4,1.00,-0.086
108.00,DOWNWIND,108.86,109.11,31.45,-0.00,-4.7,-0.2,8.7,-728.8,-1205,0.60,-0.072,-0.045,0.00,0,,1810,0,560,729,0.02,31.4,1.00,-0.086
108.10,DOWNWIND,108.86,109.09,31.44,-0.00,-4.7,-0.2,8.7,-728.8,-1208,0.60,-0.072,-0.045,0.00,0,,1807,0,563,729,0.02,31.4,1.00,-0.086
108.20,DOWNWIND,108.86,109.07,31.44,-0.00,-4.7,-0.2,8.7,-728.8,-1212,0.60,-0.072,-0.045,0.00,0,,1804,0,567,729,0.02,31.4,1.00,-0.086
108.30,DOWNWIND,108.86,109.05,31.44,-0.00,-4.7,-0.2,8.7,-728.8,-1215,0.60,-0.072,-0.045,0.00,0,,1801,0,570,729,0.02,31.4,1.00,-0.086
108.40,DOWNWIND,108.86,109.03,31.44,-0.00,-4.7,-0.2,8.7,-728.8,-1218,0.60,-0.072,-0.045,0.00,0,,1798,0,573,729,0.02,31.4,1.00,-0.086
108.50,DOWNWIND,108.86,109.01,31.44,-0.00,-4.7,-0.2,8.7,-728.8,-1221,0.60,-0.072,-0.045,0.00,0,,1795,0,576,729,0.02,31.4,1.00,-0.086
108.60,DOWNWIND,108.86,108.99,31.44,-0.00,-4.7,-0.2,8.7,-728.8,-1224,0.60,-0.072,-0.045,0.00,0,,1792,0,579,729,0.02,31.4,1.00,-0.086
108.70,DOWNWIND,108.86,108.97,31.44,-0.00,-4.7,-0.2,8.7,-728.8,-1227,0.60,-0.072,-0.045,0.00,0,,1788,0,582,729,0.02,31.4,1.00,-0.086
108.80,DOWNWIND,108.86,108.95,31.44,-0.00,-4.7,-0.2,8.7,-728.8,-1230,0.60,-0.072,-0.045,0.00,0,,1785,0,585,729,0.02,31.4,1.00,-0.086
108.90,DOWNWIND,108.86,108.92,31.44,0.00,-4.7,-0.2,8.7,-728.8,-1233,0.60,-0.072,-0.045,0.00,0,,1782,0,588,729,0.02,31.4,1.00,-0.086
109.00,DOWNWIND,108.86,108.90,31.44,0.00,-4.7,-0.2,8.7,-728.8,-1236,0.60,-0.072,-0.045,0.00,0,,1779,0,591,729,0.02,31.4,1.00,-0.086
109.10,DOWNWIND,108.86,108.87,31.44,0.00,-4.7,-0.2,8.7,-728.8,-1240,0.60,-0.072,-0.045,0.00,0,,1776,0,595,729,0.02,31.4,1.00,-0.086
109.20,DOWNWIND,108.86,108.84,31.44,0.00,-4.7,-0.2,8.7,-728.8,-1243,0.60,-0.072,-0.045,0.00,0,,1773,0,598,729,0.02,31.4,1.00,-0.086
109.30,DOWNWIND,108.86,108.81,31.44,0.00,-4.7,-0.2,8.7,-728.8,-1246,0.60,-0.072,-0.045,0.00,0,,1770,0,601,729,0.02,31.4,1.00,-0.086
109.40,DOWNWIND,108.86,108.78,31.44,0.00,-4.7,-0.2,8.7,-728.8,-1249,0.60,-0.072,-0.045,0.00,0,,1767,0,604,729,0.02,31.4,1.00,-0.086
109.50,DOWNWIND,108.86,108.75,31.44,0.00,-4.7,-0.2,8.7,-728.8,-1252,0.60,-0.072,-0.045,0.00,0,,1764,0,607,729,0.02,31.4,1.00,-0.086
109.60,DOWNWIND,108.86,108.71,31.44,0.00,-4.7,-0.2,8.7,-728.8,-1255,0.60,-0.072,-0.045,0.00,0,,1760,0,610,729,0.02,31.4,1.00,-0.086
109.70,DOWNWIND,108.86,108.68,31.44,0.00,-4.7,-0.2,8.7,-728.8,-1258,0.60,-0.072,-0.045,0.00,0,,1757,0,613,729,0.02,31.4,1.00,-0.086
109.80,DOWNWIND,108.86,108.64,31.44,0.00,-4.7,-0.2,8.7,-728.8,-1261,0.60,-0.072,-0.045,0.00,0,,1754,0,616,729,0.02,31.4,1.00,-0.086
109.90,DOWNWIND,108.86,108.60,31.44,0.00,-4.7,-0.2,8.7,-728.8,-1264,0.60,-0.072,-0.045,0.00,0,,1751,0,619,729,0.02,31.4,1.00,-0.086
110.00,DOWNWIND,108.86,108.55,31.44,0.00,-4.7,-0.2,8.7,-728.8,-1268,0.60,-0.072,-0.045,0.00,0,,1748,0,623,729,0.02,31.4,1.00,-0.086
110.10,DOWNWIND,108.86,108.51,31.44,0.00,-4.7,-0.2,8.7,-728.8,-1271,0.60,-0.072,-0.045,0.00,0,,1745,0,626,729,0.02,31.4,1.00,-0.086
110.20,DOWNWIND,108.86,108.46,31.44,0.00,-4.7,-0.2,8.7,-728.8,-1274,0.60,-0.072,-0.045,0.00,0,,1742,0,629,729,0.02,31.4,1.00,-0.086
110.30,DOWNWIND,108.86,108.42,31.44,0.00,-4.7,-0.2,8.7,-728.8,-1277,0.60,-0.072,-0.045,0.00,0,,1739,0,632,729,0.02,31.4,1.00,-0.086
110.40,DOWNWIND,108.86,108.37,31.44,0.00,-4.7,-0.2,8.7,-728.8,-1280,0.60,-0.072,-0.045,0.00,0,,1736,0,635,729,0.02,31.4,1.00,-0.086
110.50,DOWNWIND,108.86,108.32,31.44,0.00,-4.7,-0.2,8.7,-728.8,-1283,0.60,-0.072,-0.045,0.00,0,,1732,0,638,729,0.02,31.4,1.00,-0.086
110.60,DOWNWIND,108.86,108.27,31.44,0.00,-4.7,-0.2,8.7,-728.8,-1286,0.60,-0.072,-0.045,0.00,0,,1729,0,641,729,0.02,31.4,1.00,-0.086
110.70,DOWNWIND,108.86,108.22,31.44,0.00,-4.7,-0.2,8.7,-728.8,-1289,0.60,-0.072,-0.045,0.00,0,,1726,0,644,729,0.02,31.4,1.00,-0.086
110.80,DOWNWIND,108.86,108.17,31.44,0.00,-4.7,-0.2,8.7,-728.8,-1292,0.60,-0.072,-0.045,0.00,0,,1723,0,647,729,0.02,31.4,1.00,-0.086
110.90,DOWNWIND,108.86,108.12,31.44,0.00,-4.7,-0.2,8.7,-728.8,-1296,0.60,-0.072,-0.045,0.00,0,,1720,0,651,729,0.02,31.4,1.00,-0.086
111.00,DOWNWIND,108.86,108.07,31.44,0.00,-4.7,-0.2,8.7,-728.8,-1299,0.60,-0.072,-0.045,0.00,0,,1717,0,654,729,0.02,31.4,1.00,-0.086
111.10,DOWNWIND,108.86,108.02,31.44,0.00,-4.7,-0.2,8.7,-728.8,-1302,0.60,-0.072,-0.045,0.00,0,,1714,0,657,729,0.02,31.4,1.00,-0.086
111.20,DOWNWIND,108.86,107.97,31.44,0.00,-4.7,-0.2,8.7,-728.8,-1305,0.60,-0.072,-0.045,0.00,0,,1711,0,660,729,0.02,31.4,1.00,-0.086
111.30,DOWNWIND,108.86,107.92,31.44,0.00,-4.7,-0.2,8.7,-728.8,-1308,0.60,-0.072,-0.045,0.00,0,,1708,0,663,729,0.02,31.4,1.00,-0.086
111.40,DOWNWIND,108.86,107.87,31.44,0.00,-4.7,-0.2,8.7,-728.8,-1311,0.60,-0.072,-0.045,0.00,0,,1704,0,666,729,0.02,31.4,1.00,-0.085
111.50,DOWNWIND,108.86,107.82,31.44,0.00,-4.7,-0.2,8.7,-728.8,-1314,0.60,-0.072,-0.045,0.00,0,,1701,0,669,729,0.02,31.4,1.00,-0.085
111.60,DOWNWIND,108.86,107.77,31.44,0.00,-4.7,-0.2,8.7,-728.8,-1317,0.60,-0.072,-0.045,0.00,0,,1698,0,672,729,0.02,31.4,1.00,-0.085
111.70,DOWNWIND,108.86,107.73,31.44,0.00,-4.7,-0.2,8.7,-728.8,-1320,0.60,-0.072,-0.045,0.00,0,,1695,0,675,729,0.02,31.4,1.00,-0.085
111.80,DOWNWIND,108.86,107.68,31.44,0.00,-4.7,-0.2,8.7,-728.8,-1324,0.60,-0.072,-0.045,0.00,0,,1692,0,679,729,0.02,31.4,1.00,-0.085
111.90,DOWNWIND,108.86,107.63,31.44,0.00,-4.7,-0.2,8.7,-728.8,-1327,0.60,-0.072,-0.045,0.00,0,,1689,0,682,729,0.02,31.4,1.00,-0.085
112.00,DOWNWIND,108.86,107.58,31.44,0.00,-4.7,-0.2,8.7,-728.8,-1330,0.60,-0.072,-0.045,0.00,0,,1686,0,685,729,0.02,31.4,1.00,-0.085
112.10,DOWNWIND,108.86,107.53,31.44,0.00,-4.7,-0.2,8.7,-728.8,-1333,0.60,-0.072,-0.045,0.00,0,,1683,0,688,729,0.02,31.4,1.00,-0.085
112.20,DOWNWIND,108.86,107.49,31.44,0.00,-4.7,-0.2,8.7,-728.8,-1336,0.60,-0.072,-0.045,0.00,0,,1680,0,691,729,0.02,31.4,1.00,-0.085
112.30,DOWNWIND,108.86,107.44,31.44,0.00,-4.7,-0.2,8.7,-728.8,-1339,0.60,-0.072,-0.045,0.00,0,,1676,0,694,729,0.02,31.4,1.00,-0.085
112.40,DOWNWIND,108.86,107.39,31.44,0.00,-4.7,-0.2,8.7,-728.8,-1342,0.60,-0.072,-0.045,0.00,0,,1673,0,697,729,0.02,31.4,1.00,-0.085
112.50,DOWNWIND,108.86,107.34,31.44,0.00,-4.7,-0.2,8.7,-728.8,-1345,0.60,-0.072,-0.045,0.00,0,,1670,0,700,729,0.02,31.4,1.00,-0.085
112.60,DOWNWIND,108.86,107.29,31.44,0.00,-4.7,-0.2,8.7,-728.8,-1348,0.60,-0.072,-0.045,0.00,0,,1667,0,703,729,0.02,31.4,1.00,-0.085
112.70,DOWNWIND,108.86,107.24,31.44,0.00,-4.7,-0.2,8.7,-728.8,-1352,0.60,-0.072,-0.045,0.00,0,,1664,0,707,729,0.02,31.4,1.00,-0.085
112.80,DOWNWIND,108.86,107.19,31.44,0.00,-4.7,-0.2,8.7,-728.8,-1355,0.60,-0.072,-0.045,0.00,0,,1661,0,710,729,0.02,31.4,1.00,-0.085
112.90,DOWNWIND,108.86,107.13,31.44,0.00,-4.7,-0.2,8.7,-728.8,-1358,0.60,-0.072,-0.045,0.00,0,,1658,0,713,729,0.02,31.4,1.00,-0.085
113.00,DOWNWIND,108.86,107.08,31.44,0.00,-4.7,-0.2,8.7,-728.8,-1361,0.60,-0.072,-0.045,0.00,0,,1655,0,716,729,0.02,31.4,1.00,-0.085
113.10,DOWNWIND,108.86,107.02,31.44,0.00,-4.7,-0.2,8.7,-728.8,-1364,0.60,-0.072,-0.045,0.00,0,,1652,0,719,729,0.02,31.4,1.00,-0.085
113.20,DOWNWIND,108.86,106.96,31.44,0.00,-4.7,-0.2,8.7,-728.8,-1367,0.60,-0.072,-0.045,0.00,0,,1648,0,722,729,0.02,31.4,1.00,-0.085
113.30,DOWNWIND,108.86,106.89,31.44,0.00,-4.7,-0.2,8.7,-728.8,-1370,0.60,-0.072,-0.045,0.00,0,,1645,0,725,729,0.02,31.4,1.00,-0.085
113.40,DOWNWIND,108.86,106.82,31.44,0.00,-4.7,-0.2,8.7,-728.8,-1373,0.60,-0.072,-0.045,0.00,0,,1642,0,728,729,0.02,31.4,1.00,-0.085
113.50,DOWNWIND,108.86,106.75,31.44,0.00,-4.7,-0.2,8.7,-728.8,-1376,0.60,-0.072,-0.045,0.00,0,,1639,0,731,729,0.02,31.4,1.00,-0.085
113.60,DOWNWIND,108.86,106.68,31.44,0.00,-4.7,-0.2,8.7,-728.8,-1380,0.60,-0.072,-0.045,0.00,0,,1636,0,735,729,0.02,31.4,1.00,-0.085
113.70,DOWNWIND,108.86,106.61,31.44,0.00,-4.7,-0.2,8.7,-728.8,-1383,0.60,-0.072,-0.045,0.00,0,,1633,0,738,729,0.02,31.4,1.00,-0.085
113.80,DOWNWIND,108.86,106.53,31.44,0.00,-4.7,-0.2,8.7,-728.8,-1386,0.60,-0.072,-0.045,0.00,0,,1630,0,741,729,0.02,31.4,1.00,-0.085
113.90,DOWNWIND,108.86,106.45,31.44,0.00,-4.7,-0.2,8.7,-728.8,-1389,0.60,-0.072,-0.045,0.00,0,,1627,0,744,729,0.02,31.4,1.00,-0.085
114.00,DOWNWIND,108.86,106.37,31.44,0.00,-4.7,-0.2,8.7,-728.8,-1392,0.60,-0.072,-0.045,0.00,0,,1624,0,747,729,0.02,31.4,1.00,-0.085
114.10,DOWNWIND,108.86,106.29,31.44,0.00,-4.7,-0.2,8.7,-728.8,-1395,0.60,-0.072,-0.045,0.00,0,,1620,0,750,729,0.02,31.4,1.00,-0.085
114.20,DOWNWIND,108.86,106.21,31.44,0.00,-4.7,-0.2,8.7,-728.8,-1398,0.60,-0.072,-0.045,0.00,0,,1617,0,753,729,0.02,31.4,1.00,-0.085
114.30,DOWNWIND,108.86,106.12,31.44,0.00,-4.7,-0.2,8.7,-728.8,-1401,0.60,-0.072,-0.045,0.00,0,,1614,0,756,729,0.02,31.4,1.00,-0.085
114.40,DOWNWIND,108.86,106.03,31.44,0.00,-4.7,-0.2,8.7,-728.8,-1404,0.60,-0.072,-0.045,0.00,0,,1611,0,759,729,0.02,31.4,1.00,-0.085
114.50,DOWNWIND,108.86,105.95,31.44,0.00,-4.7,-0.2,8.7,-728.8,-1408,0.60,-0.072,-0.045,0.00,0,,1608,0,763,729,0.02,31.4,1.00,-0.085
114.60,DOWNWIND,108.86,105.86,31.44,0.00,-4.7,-0.2,8.7,-728.8,-1411,0.60,-0.072,-0.045,0.00,0,,1605,0,766,729,0.02,31.4,1.00,-0.085
114.70,DOWNWIND,108.86,105.77,31.44,0.00,-4.7,-0.2,8.7,-728.8,-1414,0.60,-0.072,-0.045,0.00,0,,1602,0,769,729,0.02,31.4,1.00,-0.085
114.80,DOWNWIND,108.86,105.68,31.44,0.00,-4.7,-0.2,8.7,-728.8,-1417,0.60,-0.072,-0.045,0.00,0,,1599,0,772,729,0.02,31.4,1.00,-0.085
114.90,DOWNWIND,108.86,105.60,31.44,0.00,-4.7,-0.2,8.7,-728.8,-1420,0.60,-0.072,-0.045,0.00,0,,1596,0,775,729,0.02,31.4,1.00,-0.085
115.00,DOWNWIND,108.86,105.51,31.44,0.00,-4.7,-0.2,8.7,-728.8,-1423,0.60,-0.072,-0.045,0.00,0,,1592,0,778,729,0.02,31.4,1.00,-0.085
115.10,DOWNWIND,108.86,105.42,31.44,0.00,-4.7,-0.2,8.7,-728.8,-1426,0.60,-0.072,-0.045,0.00,0,,1589,0,781,729,0.02,31.4,1.00,-0.085
115.20,DOWNWIND,108.86,105.33,31.44,0.00,-4.7,-0.2,8.7,-728.8,-1429,0.60,-0.072,-0.045,0.00,0,,1586,0,784,729,0.02,31.4,1.00,-0.085
115.30,DOWNWIND,108.86,105.25,31.44,0.00,-4.7,-0.2,8.7,-728.8,-1432,0.60,-0.072,-0.044,0.00,0,,1583,0,787,729,0.02,31.4,1.00,-0.085
115.40,DOWNWIND,108.87,105.16,31.44,0.00,-4.7,-0.2,8.7,-728.8,-1436,0.60,-0.072,-0.045,0.00,0,,1580,0,791,729,0.02,31.4,1.00,-0.085
115.50,DOWNWIND,108.87,105.08,31.44,0.00,-4.7,-0.2,8.7,-728.8,-1439,0.60,-0.072,-0.045,0.00,0,,1577,0,794,729,0.02,31.4,1.00,-0.085
115.60,DOWNWIND,108.87,105.00,31.44,0.00,-4.7,-0.2,8.7,-728.8,-1442,0.60,-0.072,-0.044,0.00,0,,1574,0,797,729,0.02,31.4,1.00,-0.085
115.70,DOWNWIND,108.87,104.93,31.44,0.00,-4.7,-0.2,8.7,-728.8,-1445,0.60,-0.072,-0.045,0.00,0,,1571,0,800,729,0.02,31.4,1.00,-0.085
115.80,DOWNWIND,108.87,104.86,31.44,0.00,-4.7,-0.2,8.7,-728.8,-1448,0.60,-0.072,-0.045,0.00,0,,1568,0,803,729,0.02,31.4,1.00,-0.085
115.90,DOWNWIND,108.87,104.79,31.44,0.00,-4.7,-0.2,8.7,-728.8,-1451,0.60,-0.072,-0.044,0.00,0,,1564,0,806,729,0.02,31.4,1.00,-0.085
116.00,DOWNWIND,108.87,104.72,31.44,0.00,-4.7,-0.2,8.7,-728.8,-1454,0.60,-0.072,-0.045,0.00,0,,1561,0,809,729,0.02,31.4,1.00,-0.085
116.10,DOWNWIND,108.87,104.66,31.44,0.00,-4.7,-0.2,8.7,-728.8,-1457,0.60,-0.072,-0.044,0.00,0,,1558,0,812,729,0.02,31.4,1.00,-0.085
116.20,DOWNWIND,108.87,104.59,31.44,0.00,-4.7,-0.2,8.7,-728.8,-1460,0.60,-0.072,-0.044,0.00,0,,1555,0,815,729,0.02,31.4,1.00,-0.084
116.30,DOWNWIND,108.87,104.53,31.44,0.00,-4.7,-0.2,8.7,-728.8,-1464,0.60,-0.072,-0.045,0.00,0,,1552,0,819,729,0.02,31.4,1.00,-0.084
116.40,DOWNWIND,108.87,104.47,31.44,0.00,-4.7,-0.2,8.7,-728.8,-1467,0.60,-0.072,-0.044,0.00,0,,1549,0,822,729,0.02,31.4,1.00,-0.084
116.50,DOWNWIND,108.87,104.41,31.44,0.00,-4.7,-0.2,8.7,-728.8,-1470,0.60,-0.072,-0.044,0.00,0,,1546,0,825,729,0.02,31.4,1.00,-0.084
116.60,DOWNWIND,108.87,104.35,31.43,0.00,-4.7,-0.2,8.7,-728.8,-1473,0.60,-0.072,-0.044,0.00,0,,1543,0,828,729,0.02,31.4,1.00,-0.084
116.70,DOWNWIND,108.87,104.29,31.43,0.00,-4.7,-0.2,8.7,-728.8,-1476,0.60,-0.072,-0.044,0.00,0,,1540,0,831,729,0.02,31.4,1.00,-0.084
116.80,DOWNWIND,108.87,104.23,31.43,0.00,-4.7,-0.2,8.7,-728.8,-1479,0.60,-0.072,-0.044,0.00,0,,1536,0,834,729,0.02,31.4,1.00,-0.084
116.90,DOWNWIND,108.87,104.17,31.43,0.00,-4.7,-0.2,8.7,-728.8,-1482,0.60,-0.072,-0.044,0.00,0,,1533,0,837,729,0.02,31.4,1.00,-0.084
117.00,DOWNWIND,108.87,104.11,31.43,0.00,-4.7,-0.2,8.7,-728.8,-1485,0.60,-0.072,-0.044,0.00,0,,1530,0,840,729,0.02,31.4,1.00,-0.084
117.10,DOWNWIND,108.87,104.04,31.43,0.00,-4.7,-0.2,8.7,-728.8,-1488,0.60,-0.072,-0.044,0.00,0,,1527,0,843,729,0.02,31.4,1.00,-0.084
117.20,DOWNWIND,108.87,103.98,31.43,0.00,-4.7,-0.2,8.7,-728.8,-1492,0.60,-0.072,-0.044,0.00,0,,1524,0,847,729,0.02,31.4,1.00,-0.084
117.30,DOWNWIND,108.87,103.90,31.43,0.00,-4.7,-0.2,8.7,-728.8,-1495,0.60,-0.072,-0.044,0.00,0,,1521,0,850,729,0.02,31.4,1.00,-0.084
117.40,DOWNWIND,108.87,103.83,31.43,0.00,-4.7,-0.2,8.7,-728.8,-1498,0.60,-0.072,-0.044,0.00,0,,1518,0,853,729,0.02,31.4,1.00,-0.084
117.50,DOWNWIND,108.87,103.75,31.43,0.00,-4.7,-0.2,8.7,-728.8,-1501,0.60,-0.072,-0.044,0.00,0,,1515,0,856,729,0.02,31.4,1.00,-0.084
117.60,DOWNWIND,108.87,103.67,31.43,0.00,-4.7,-0.2,8.7,-728.8,-1504,0.60,-0.072,-0.044,0.00,0,,1512,0,859,729,0.02,31.4,1.00,-0.084
117.70,DOWNWIND,108.87,103.58,31.43,0.00,-4.7,-0.2,8.7,-728.8,-1507,0.60,-0.072,-0.044,0.00,0,,1508,0,862,729,0.02,31.4,1.00,-0.084
117.80,DOWNWIND,108.87,103.49,31.43,0.00,-4.7,-0.2,8.7,-728.8,-1510,0.60,-0.072,-0.044,0.00,0,,1505,0,865,729,0.02,31.4,1.00,-0.084
117.90,DOWNWIND,108.87,103.40,31.43,0.00,-4.7,-0.2,8.7,-728.8,-1513,0.60,-0.072,-0.044,0.00,0,,1502,0,868,729,0.02,31.4,1.00,-0.084
118.00,DOWNWIND,108.87,103.31,31.43,0.00,-4.7,-0.2,8.7,-728.8,-1516,0.60,-0.072,-0.044,0.00,0,,1499,0,871,729,0.02,31.4,1.00,-0.084
118.10,DOWNWIND,108.87,103.22,31.43,0.00,-4.7,-0.2,8.7,-728.8,-1520,0.60,-0.072,-0.044,0.00,0,,1496,0,875,729,0.02,31.4,1.00,-0.084
118.20,DOWNWIND,108.87,103.13,31.43,0.00,-4.7,-0.2,8.7,-728.8,-1523,0.60,-0.072,-0.044,0.00,0,,1493,0,878,729,0.02,31.4,1.00,-0.084
118.30,DOWNWIND,108.87,103.05,31.43,0.00,-4.7,-0.2,8.7,-728.8,-1526,0.60,-0.072,-0.044,0.00,0,,1490,0,881,729,0.02,31.4,1.00,-0.084
118.40,DOWNWIND,108.87,102.96,31.43,0.00,-4.7,-0.2,8.7,-728.8,-1529,0.60,-0.072,-0.044,0.00,0,,1487,0,884,729,0.02,31.4,1.00,-0.084
118.50,DOWNWIND,108.87,102.88,31.43,0.00,-4.7,-0.2,8.7,-728.8,-1532,0.60,-0.072,-0.044,0.00,0,,1484,0,887,729,0.02,31.4,1.00,-0.084
118.60,DOWNWIND,108.87,102.81,31.43,0.00,-4.7,-0.2,8.7,-728.8,-1535,0.60,-0.072,-0.044,0.00,0,,1480,0,890,729,0.02,31.4,1.00,-0.084
118.70,DOWNWIND,108.87,102.73,31.43,0.00,-4.7,-0.2,8.7,-728.8,-1538,0.60,-0.072,-0.044,0.00,0,,1477,0,893,729,0.02,31.4,1.00,-0.084
118.80,DOWNWIND,108.87,102.66,31.43,0.00,-4.7,-0.2,8.7,-728.8,-1541,0.60,-0.072,-0.044,0.00,0,,1474,0,896,729,0.02,31.4,1.00,-0.084
118.90,DOWNWIND,108.87,102.59,31.43,0.00,-4.7,-0.2,8.7,-728.8,-1544,0.60,-0.072,-0.044,0.00,0,,1471,0,899,729,0.02,31.4,1.00,-0.084
119.00,DOWNWIND,108.87,102.52,31.43,0.00,-4.7,-0.2,8.7,-728.8,-1548,0.60,-0.072,-0.044,0.00,0,,1468,0,903,729,0.02,31.4,1.00,-0.084
119.10,DOWNWIND,108.87,102.46,31.43,0.00,-4.7,-0.2,8.7,-728.8,-1551,0.60,-0.072,-0.044,0.00,0,,1465,0,906,729,0.02,31.4,1.00,-0.084
119.20,DOWNWIND,108.87,102.40,31.43,0.00,-4.7,-0.2,8.7,-728.8,-1554,0.60,-0.072,-0.044,0.00,0,,1462,0,909,729,0.02,31.4,1.00,-0.084
119.30,DOWNWIND,108.87,102.34,31.43,0.00,-4.7,-0.2,8.7,-728.8,-1557,0.60,-0.072,-0.044,0.00,0,,1459,0,912,729,0.02,31.4,1.00,-0.084
119.40,DOWNWIND,108.88,102.28,31.43,0.00,-4.7,-0.2,8.7,-728.8,-1560,0.60,-0.072,-0.044,0.00,0,,1456,0,915,729,0.02,31.4,1.00,-0.084
119.50,DOWNWIND,108.88,102.23,31.43,0.00,-4.7,-0.2,8.7,-728.8,-1563,0.60,-0.072,-0.044,0.00,0,,1452,0,918,729,0.02,31.4,1.00,-0.084
119.60,DOWNWIND,108.88,102.19,31.43,0.00,-4.7,-0.2,8.7,-728.8,-1566,0.60,-0.072,-0.044,0.00,0,,1449,0,921,729,0.02,31.4,1.00,-0.084
119.70,DOWNWIND,108.88,102.14,31.43,0.00,-4.7,-0.2,8.7,-728.8,-1569,0.60,-0.072,-0.044,0.00,0,,1446,0,924,729,0.02,31.4,1.00,-0.084
119.80,DOWNWIND,108.88,102.11,31.43,0.00,-4.7,-0.2,8.7,-728.8,-1572,0.60,-0.072,-0.044,0.00,0,,1443,0,927,729,0.02,31.4,1.00,-0.084
119.90,DOWNWIND,108.88,102.07,31.43,0.00,-4.6,-0.2,8.7,-728.8,-1576,0.60,-0.072,-0.044,0.00,0,,1440,0,931,729,0.02,31.4,1.00,-0.084
120.00,DOWNWIND,108.88,102.04,31.43,0.00,-4.6,-0.2,8.7,-728.8,-1579,0.60,-0.072,-0.044,0.00,0,,1437,0,934,729,0.02,31.4,1.00,-0.084
120.10,DOWNWIND,108.88,102.01,31.43,0.00,-4.6,-0.2,8.7,-728.8,-1582,0.60,-0.072,-0.044,0.00,0,,1434,0,937,729,0.02,31.4,1.00,-0.084
120.20,DOWNWIND,108.88,101.99,31.43,0.00,-4.6,-0.2,8.7,-728.8,-1585,0.60,-0.072,-0.044,0.00,0,,1431,0,940,729,0.02,31.4,1.00,-0.084
120.30,DOWNWIND,108.88,101.96,31.43,0.00,-4.6,-0.2,8.7,-728.8,-1588,0.60,-0.072,-0.044,0.00,0,,1428,0,943,729,0.02,31.4,1.00,-0.084
120.40,DOWNWIND,108.88,101.94,31.43,0.00,-4.6,-0.2,8.7,-728.8,-1591,0.60,-0.072,-0.044,0.00,0,,1424,0,946,729,0.02,31.4,1.00,-0.084
120.50,DOWNWIND,108.88,101.91,31.43,0.00,-4.6,-0.2,8.7,-728.8,-1594,0.60,-0.072,-0.044,0.00,0,,1421,0,949,729,0.02,31.4,1.00,-0.084
120.60,DOWNWIND,108.88,101.89,31.43,0.00,-4.6,-0.2,8.7,-728.8,-1597,0.60,-0.072,-0.044,0.00,0,,1418,0,952,729,0.02,31.4,1.00,-0.084
120.70,DOWNWIND,108.88,101.87,31.43,0.00,-4.6,-0.2,8.7,-728.8,-1600,0.60,-0.072,-0.044,0.00,0,,1415,0,955,729,0.02,31.4,1.00,-0.084
120.80,DOWNWIND,108.88,101.86,31.43,0.00,-4.6,-0.2,8.7,-728.8,-1604,0.60,-0.072,-0.044,0.00,0,,1412,0,959,729,0.02,31.4,1.00,-0.084
120.90,DOWNWIND,108.88,101.84,31.43,0.00,-4.6,-0.2,8.7,-728.8,-1607,0.60,-0.072,-0.044,0.00,0,,1409,0,962,729,0.02,31.4,1.00,-0.084
121.00,DOWNWIND,108.88,101.82,31.43,0.00,-4.6,-0.2,8.7,-728.8,-1610,0.60,-0.072,-0.044,0.00,0,,1406,0,965,729,0.02,31.4,1.00,-0.084
121.10,DOWNWIND,108.88,101.80,31.43,0.00,-4.6,-0.2,8.7,-728.8,-1613,0.60,-0.072,-0.044,0.00,0,,1403,0,968,729,0.02,31.4,1.00,-0.084
121.20,DOWNWIND,108.88,101.77,31.43,0.00,-4.6,-0.2,8.7,-728.8,-1616,0.60,-0.072,-0.044,0.00,0,,1400,0,971,729,0.02,31.4,1.00,-0.084
121.30,DOWNWIND,108.88,101.74,31.43,0.00,-4.6,-0.2,8.7,-728.8,-1619,0.60,-0.072,-0.044,0.00,0,,1396,0,974,729,0.02,31.4,1.00,-0.084
121.40,DOWNWIND,108.88,101.71,31.43,0.00,-4.6,-0.2,8.7,-728.8,-1622,0.60,-0.072,-0.044,0.00,0,,1393,0,977,729,0.02,31.4,1.00,-0.084
121.50,DOWNWIND,108.88,101.68,31.43,0.00,-4.6,-0.2,8.7,-728.8,-1625,0.60,-0.072,-0.044,0.00,0,,1390,0,980,729,0.02,31.4,1.00,-0.084
121.60,DOWNWIND,108.88,101.65,31.43,0.00,-4.6,-0.2,8.7,-728.8,-1628,0.60,-0.072,-0.044,0.00,0,,1387,0,983,729,0.02,31.4,1.00,-0.084
121.70,DOWNWIND,108.88,101.61,31.43,0.00,-4.6,-0.2,8.7,-728.8,-1632,0.60,-0.072,-0.044,0.00,0,,1384,0,987,729,0.02,31.4,1.00,-0.084
121.80,DOWNWIND,108.88,101.57,31.43,0.00,-4.6,-0.2,8.7,-728.8,-1635,0.60,-0.072,-0.044,0.00,0,,1381,0,990,729,0.02,31.4,1.00,-0.084
121.90,DOWNWIND,108.88,101.52,31.43,0.00,-4.6,-0.2,8.7,-728.8,-1638,0.60,-0.072,-0.044,0.00,0,,1378,0,993,729,0.02,31.4,1.00,-0.084
122.00,DOWNWIND,108.88,101.48,31.43,0.00,-4.6,-0.2,8.7,-728.8,-1641,0.60,-0.072,-0.044,0.00,0,,1375,0,996,729,0.02,31.4,1.00,-0.084
122.10,DOWNWIND,108.88,101.43,31.43,0.00,-4.6,-0.2,8.7,-728.8,-1644,0.60,-0.072,-0.044,0.00,0,,1372,0,999,729,0.02,31.4,1.00,-0.084
122.20,DOWNWIND,108.88,101.37,31.43,0.00,-4.6,-0.2,8.7,-728.8,-1647,0.60,-0.072,-0.044,0.00,0,,1368,0,1002,729,0.02,31.4,1.00,-0.084
122.30,DOWNWIND,108.88,101.31,31.43,0.00,-4.6,-0.2,8.7,-728.8,-1650,0.60,-0.072,-0.044,0.00,0,,1365,0,1005,729,0.02,31.4,1.00,-0.084
122.40,DOWNWIND,108.88,101.24,31.43,0.00,-4.6,-0.2,8.7,-728.8,-1653,0.60,-0.072,-0.044,0.00,0,,1362,0,1008,729,0.02,31.4,1.00,-0.084
122.50,DOWNWIND,108.88,101.16,31.43,0.00,-4.6,-0.2,8.7,-728.8,-1656,0.60,-0.072,-0.044,0.00,0,,1359,0,1011,729,0.02,31.4,1.00,-0.084
122.60,DOWNWIND,108.89,101.07,31.43,0.00,-4.6,-0.2,8.7,-728.8,-1660,0.60,-0.072,-0.044,0.00,0,,1356,0,1015,729,0.02,31.4,1.00,-0.084
122.70,DOWNWIND,108.89,100.98,31.43,0.00,-4.6,-0.2,8.7,-728.8,-1663,0.60,-0.072,-0.044,0.00,0,,1353,0,1018,729,0.02,31.4,1.00,-0.084
122.80,DOWNWIND,108.89,100.87,31.43,0.00,-4.6,-0.2,8.7,-728.8,-1666,0.60,-0.072,-0.044,0.00,0,,1350,0,1021,729,0.02,31.4,1.00,-0.083
122.90,DOWNWIND,108.89,100.76,31.43,0.00,-4.6,-0.2,8.7,-728.8,-1669,0.60,-0.072,-0.044,0.00,0,,1347,0,1024,729,0.02,31.4,1.00,-0.083
123.00,DOWNWIND,108.89,100.64,31.43,0.00,-4.6,-0.2,8.7,-728.8,-1672,0.60,-0.072,-0.044,0.00,0,,1344,0,1027,729,0.02,31.4,1.00,-0.083
123.10,DOWNWIND,108.89,100.51,31.43,0.00,-4.6,-0.2,8.6,-728.8,-1675,0.60,-0.072,-0.044,0.00,0,,1340,0,1030,729,0.02,31.4,1.00,-0.083
123.20,DOWNWIND,108.89,100.37,31.43,0.00,-4.6,-0.2,8.6,-728.8,-1678,0.60,-0.072,-0.044,0.00,0,,1337,0,1033,729,0.02,31.4,1.00,-0.083
123.30,DOWNWIND,108.89,100.23,31.43,0.00,-4.6,-0.2,8.6,-728.8,-1681,0.60,-0.072,-0.044,0.00,0,,1334,0,1036,729,0.02,31.4,1.00,-0.083
123.40,DOWNWIND,108.89,100.08,31.43,0.00,-4.6,-0.2,8.6,-728.8,-1684,0.60,-0.072,-0.044,0.00,0,,1331,0,1039,729,0.02,31.4,1.00,-0.083
123.50,DOWNWIND,108.89,99.92,31.43,0.00,-4.6,-0.2,8.6,-728.8,-1687,0.60,-0.072,-0.044,0.00,0,,1328,0,1042,729,0.02,31.4,1.00,-0.083
123.60,DOWNWIND,108.89,99.77,31.43,0.00,-4.6,-0.2,8.6,-728.8,-1691,0.60,-0.072,-0.044,0.00,0,,1325,0,1046,729,0.02,31.4,1.00,-0.083
123.70,DOWNWIND,108.89,99.61,31.43,0.00,-4.6,-0.2,8.6,-728.8,-1694,0.60,-0.072,-0.044,0.00,0,,1322,0,1049,729,0.02,31.4,1.00,-0.083
123.80,DOWNWIND,108.89,99.45,31.43,0.00,-4.6,-0.2,8.6,-728.8,-1697,0.60,-0.072,-0.044,0.00,0,,1319,0,1052,729,0.02,31.4,1.00,-0.083
123.90,DOWNWIND,108.89,99.28,31.43,0.00,-4.6,-0.2,8.6,-728.8,-1700,0.60,-0.072,-0.044,0.00,0,,1316,0,1055,729,0.02,31.4,1.00,-0.083
124.00,DOWNWIND,108.89,99.12,31.43,0.00,-4.6,-0.2,8.6,-728.8,-1703,0.60,-0.072,-0.044,0.00,0,,1312,0,1058,729,0.02,31.4,1.00,-0.083
124.10,DOWNWIND,108.89,98.96,31.43,0.00,-4.6,-0.2,8.6,-728.8,-1706,0.60,-0.072,-0.044,0.00,0,,1309,0,1061,729,0.02,31.4,1.00,-0.083
124.20,DOWNWIND,108.89,98.80,31.43,0.00,-4.6,-0.2,8.6,-728.8,-1709,0.60,-0.072,-0.044,0.00,0,,1306,0,1064,729,0.02,31.4,1.00,-0.083
124.30,DOWNWIND,108.89,98.64,31.43,0.00,-4.6,-0.2,8.6,-728.8,-1712,0.60,-0.072,-0.044,0.00,0,,1303,0,1067,729,0.02,31.4,1.00,-0.083
124.40,DOWNWIND,108.89,98.49,31.43,0.00,-4.6,-0.2,8.6,-728.8,-1715,0.60,-0.072,-0.044,0.00,0,,1300,0,1070,729,0.02,31.4,1.00,-0.083
124.50,DOWNWIND,108.89,98.34,31.43,0.00,-4.6,-0.2,8.6,-728.8,-1719,0.60,-0.072,-0.044,0.00,0,,1297,0,1074,729,0.02,31.4,1.00,-0.083
124.60,DOWNWIND,108.89,98.19,31.43,0.00,-4.6,-0.2,8.6,-728.8,-1722,0.60,-0.072,-0.044,0.00,0,,1294,0,1077,729,0.02,31.4,1.00,-0.083
124.70,DOWNWIND,108.89,98.05,31.43,0.00,-4.6,-0.2,8.6,-728.8,-1725,0.60,-0.072,-0.044,0.00,0,,1291,0,1080,729,0.02,31.4,1.00,-0.083
124.80,DOWNWIND,108.89,97.91,31.43,0.00,-4.6,-0.2,8.6,-728.8,-1728,0.60,-0.072,-0.044,0.00,0,,1288,0,1083,729,0.02,31.4,1.00,-0.083
124.90,DOWNWIND,108.89,97.78,31.43,0.00,-4.6,-0.2,8.6,-728.8,-1731,0.60,-0.072,-0.044,0.00,0,,1284,0,1086,729,0.02,31.4,1.00,-0.083
125.00,DOWNWIND,108.89,97.65,31.42,0.00,-4.6,-0.2,8.6,-728.8,-1734,0.60,-0.072,-0.044,0.00,0,,1281,0,1089,729,0.02,31.4,1.00,-0.083
125.10,DOWNWIND,108.89,97.52,31.42,0.00,-4.6,-0.2,8.6,-728.8,-1737,0.60,-0.072,-0.044,0.00,0,,1278,0,1092,729,0.02,31.4,1.00,-0.083
125.20,DOWNWIND,108.89,97.40,31.42,0.00,-4.6,-0.2,8.6,-728.8,-1740,0.60,-0.072,-0.044,0.00,0,,1275,0,1095,729,0.02,31.4,1.00,-0.083
125.30,DOWNWIND,108.89,97.28,31.42,0.00,-4.6,-0.2,8.6,-728.8,-1743,0.60,-0.072,-0.044,0.00,0,,1272,0,1098,729,0.02,31.4,1.00,-0.083
125.40,DOWNWIND,108.89,97.16,31.42,0.00,-4.6,-0.2,8.6,-728.8,-1747,0.60,-0.072,-0.044,0.00,0,,1269,0,1102,729,0.02,31.4,1.00,-0.083
125.50,DOWNWIND,108.89,97.05,31.42,0.00,-4.6,-0.2,8.6,-728.8,-1750,0.60,-0.072,-0.044,0.00,0,,1266,0,1105,729,0.01,31.4,1.00,-0.083
125.60,DOWNWIND,108.89,96.93,31.42,0.00,-4.6,-0.2,8.6,-728.8,-1753,0.60,-0.072,-0.044,0.00,0,,1263,0,1108,729,0.01,31.4,1.00,-0.083
125.70,DOWNWIND,108.89,96.82,31.42,0.00,-4.6,-0.2,8.6,-728.8,-1756,0.60,-0.072,-0.044,0.00,0,,1260,0,1111,729,0.01,31.4,1.00,-0.083
125.80,DOWNWIND,108.89,96.71,31.42,0.00,-4.6,-0.2,8.6,-728.8,-1759,0.60,-0.072,-0.044,0.00,0,,1256,0,1114,729,0.01,31.4,1.00,-0.083
125.90,DOWNWIND,108.89,96.60,31.42,0.00,-4.6,-0.2,8.6,-728.8,-1762,0.60,-0.072,-0.044,0.00,0,,1253,0,1117,729,0.01,31.4,1.00,-0.083
126.00,DOWNWIND,108.89,96.50,31.42,0.00,-4.6,-0.2,8.6,-728.8,-1765,0.60,-0.072,-0.044,0.00,0,,1250,0,1120,729,0.01,31.4,1.00,-0.083
126.10,DOWNWIND,108.89,96.39,31.42,0.00,-4.6,-0.2,8.6,-728.8,-1768,0.60,-0.072,-0.044,0.00,0,,1247,0,1123,729,0.01,31.4,1.00,-0.083
126.20,DOWNWIND,108.89,96.28,31.42,0.00,-4.6,-0.2,8.6,-728.8,-1771,0.60,-0.072,-0.044,0.00,0,,1244,0,1126,729,0.01,31.4,1.00,-0.083
126.30,DOWNWIND,108.89,96.17,31.42,0.00,-4.6,-0.2,8.6,-728.8,-1775,0.60,-0.072,-0.044,0.00,0,,1241,0,1130,729,0.01,31.4,1.00,-0.083
126.40,DOWNWIND,108.90,96.07,31.42,0.00,-4.6,-0.2,8.6,-728.8,-1778,0.60,-0.072,-0.044,0.00,0,,1238,0,1133,729,0.01,31.4,1.00,-0.083
126.50,DOWNWIND,108.90,95.96,31.42,0.00,-4.6,-0.2,8.6,-728.8,-1781,0.60,-0.072,-0.044,0.00,0,,1235,0,1136,729,0.01,31.4,1.00,-0.083
126.60,DOWNWIND,108.90,95.85,31.42,0.00,-4.6,-0.2,8.6,-728.8,-1784,0.60,-0.072,-0.044,0.00,0,,1232,0,1139,729,0.01,31.4,1.00,-0.083
126.70,DOWNWIND,108.90,95.75,31.42,0.00,-4.6,-0.2,8.6,-728.8,-1787,0.60,-0.072,-0.044,0.00,0,,1228,0,1142,729,0.01,31.4,1.00,-0.083
126.80,DOWNWIND,108.90,95.64,31.42,0.00,-4.6,-0.2,8.6,-728.8,-1790,0.60,-0.072,-0.044,0.00,0,,1225,0,1145,729,0.01,31.4,1.00,-0.083
126.90,DOWNWIND,108.90,95.55,31.42,0.00,-4.6,-0.2,8.6,-728.8,-1793,0.60,-0.072,-0.044,0.00,0,,1222,0,1148,729,0.01,31.4,1.00,-0.083
127.00,DOWNWIND,108.90,95.46,31.42,0.00,-4.6,-0.2,8.6,-728.8,-1796,0.60,-0.072,-0.044,0.00,0,,1219,0,1151,729,0.01,31.4,1.00,-0.083
127.10,DOWNWIND,108.90,95.38,31.42,0.00,-4.6,-0.2,8.6,-728.8,-1799,0.60,-0.072,-0.044,0.00,0,,1216,0,1154,729,0.01,31.4,1.00,-0.083
127.20,DOWNWIND,108.90,95.31,31.42,0.00,-4.6,-0.2,8.6,-728.8,-1803,0.60,-0.072,-0.044,0.00,0,,1213,0,1158,729,0.01,31.4,1.00,-0.083
127.30,DOWNWIND,108.90,95.25,31.42,0.00,-4.6,-0.2,8.6,-728.8,-1806,0.60,-0.072,-0.044,0.00,0,,1210,0,1161,729,0.01,31.4,1.00,-0.083
127.40,DOWNWIND,108.90,95.19,31.42,0.00,-4.6,-0.2,8.6,-728.8,-1809,0.60,-0.072,-0.044,0.00,0,,1207,0,1164,729,0.01,31.4,1.00,-0.083
127.50,DOWNWIND,108.90,95.15,31.42,0.00,-4.6,-0.2,8.6,-728.8,-1812,0.60,-0.072,-0.044,0.00,0,,1204,0,1167,729,0.01,31.4,1.00,-0.083
127.60,DOWNWIND,108.90,95.11,31.42,0.00,-4.6,-0.2,8.6,-728.8,-1815,0.60,-0.072,-0.044,0.00,0,,1200,0,1170,729,0.01,31.4,1.00,-0.083
127.70,DOWNWIND,108.90,95.07,31.42,0.00,-4.6,-0.2,8.6,-728.8,-1818,0.60,-0.072,-0.044,0.00,0,,1197,0,1173,729,0.01,31.4,1.00,-0.083
127.80,DOWNWIND,108.90,95.04,31.42,0.00,-4.6,-0.2,8.6,-728.8,-1821,0.60,-0.072,-0.044,0.00,0,,1194,0,1176,729,0.01,31.4,1.00,-0.083
127.90,DOWNWIND,108.90,95.02,31.42,0.00,-4.6,-0.2,8.6,-728.8,-1824,0.60,-0.072,-0.044,0.00,0,,1191,0,1179,729,0.01,31.4,1.00,-0.083
128.00,DOWNWIND,108.90,94.99,31.42,0.00,-4.6,-0.2,8.6,-728.8,-1827,0.60,-0.072,-0.044,0.00,0,,1188,0,1182,729,0.01,31.4,1.00,-0.083
128.10,DOWNWIND,108.90,94.97,31.42,0.00,-4.6,-0.2,8.6,-728.8,-1831,0.60,-0.072,-0.044,0.00,0,,1185,0,1186,729,0.01,31.4,1.00,-0.083
128.20,DOWNWIND,108.90,94.95,31.42,0.00,-4.6,-0.2,8.6,-728.8,-1834,0.60,-0.072,-0.044,0.00,0,,1182,0,1189,729,0.01,31.4,1.00,-0.083
128.30,DOWNWIND,108.90,94.94,31.42,0.00,-4.6,-0.2,8.6,-728.8,-1837,0.60,-0.072,-0.044,0.00,0,,1179,0,1192,729,0.01,31.4,1.00,-0.083
128.40,DOWNWIND,108.90,94.92,31.42,0.00,-4.6,-0.2,8.6,-728.8,-1840,0.60,-0.072,-0.044,0.00,0,,1176,0,1195,729,0.01,31.4,1.00,-0.083
128.50,DOWNWIND,108.90,94.91,31.42,0.00,-4.6,-0.2,8.6,-728.8,-1843,0.60,-0.072,-0.044,0.00,0,,1172,0,1198,729,0.01,31.4,1.00,-0.083
128.60,DOWNWIND,108.90,94.89,31.42,0.00,-4.6,-0.2,8.6,-728.8,-1846,0.60,-0.072,-0.044,0.00,0,,1169,0,1201,729,0.01,31.4,1.00,-0.083
128.70,DOWNWIND,108.90,94.88,31.42,0.00,-4.6,-0.2,8.6,-728.8,-1849,0.60,-0.072,-0.044,0.00,0,,1166,0,1204,729,0.01,31.4,1.00,-0.083
128.80,DOWNWIND,108.90,94.87,31.42,0.00,-4.6,-0.2,8.6,-728.8,-1852,0.60,-0.072,-0.044,0.00,0,,1163,0,1207,729,0.01,31.4,1.00,-0.083
128.90,DOWNWIND,108.90,94.85,31.42,0.00,-4.6,-0.2,8.6,-728.8,-1855,0.60,-0.072,-0.044,0.00,0,,1160,0,1210,729,0.01,31.4,1.00,-0.083
129.00,DOWNWIND,108.90,94.83,31.42,0.00,-4.6,-0.2,8.6,-728.8,-1859,0.60,-0.072,-0.044,0.00,0,,1157,0,1214,729,0.01,31.4,1.00,-0.083
129.10,DOWNWIND,108.90,94.79,31.42,0.00,-4.6,-0.2,8.6,-728.8,-1862,0.60,-0.072,-0.044,0.00,0,,1154,0,1217,729,0.01,31.4,1.00,-0.083
129.20,DOWNWIND,108.90,94.75,31.42,0.00,-4.6,-0.2,8.6,-728.8,-1865,0.60,-0.072,-0.044,0.00,0,,1151,0,1220,729,0.01,31.4,1.00,-0.083
129.30,DOWNWIND,108.90,94.70,31.42,0.00,-4.6,-0.2,8.6,-728.8,-1868,0.60,-0.072,-0.044,0.00,0,,1148,0,1223,729,0.01,31.4,1.00,-0.083
129.40,DOWNWIND,108.90,94.65,31.42,0.00,-4.6,-0.2,8.6,-728.8,-1871,0.60,-0.072,-0.044,0.00,0,,1144,0,1226,729,0.01,31.4,1.00,-0.083
129.50,DOWNWIND,108.90,94.58,31.42,0.00,-4.6,-0.2,8.6,-728.8,-1874,0.60,-0.072,-0.044,0.00,0,,1141,0,1229,729,0.01,31.4,1.00,-0.083
129.60,DOWNWIND,108.90,94.52,31.42,0.00,-4.6,-0.2,8.6,-728.8,-1877,0.60,-0.072,-0.044,0.00,0,,1138,0,1232,729,0.01,31.4,1.00,-0.083
129.70,DOWNWIND,108.91,94.45,31.42,0.00,-4.6,-0.2,8.6,-728.8,-1880,0.60,-0.072,-0.044,0.00,0,,1135,0,1235,729,0.01,31.4,1.00,-0.083
129.80,DOWNWIND,108.91,94.38,31.42,0.00,-4.6,-0.2,8.6,-728.8,-1883,0.60,-0.072,-0.044,0.00,0,,1132,0,1238,729,0.01,31.4,1.00,-0.083
129.90,DOWNWIND,108.91,94.31,31.42,0.00,-4.6,-0.2,8.6,-728.8,-1887,0.60,-0.072,-0.044,0.00,0,,1129,0,1242,729,0.01,31.4,1.00,-0.083
130.00,DOWNWIND,108.91,94.24,31.42,0.00,-4.6,-0.2,8.6,-728.8,-1890,0.60,-0.072,-0.044,0.00,0,,1126,0,1245,729,0.01,31.4,1.00,-0.083
130.10,DOWNWIND,108.91,94.17,31.42,0.00,-4.6,-0.2,8.6,-728.8,-1893,0.60,-0.072,-0.044,0.00,0,,1123,0,1248,729,0.01,31.4,1.00,-0.083
130.20,DOWNWIND,108.91,94.11,31.42,0.00,-4.6,-0.2,8.6,-728.8,-1896,0.60,-0.072,-0.044,0.00,0,,1120,0,1251,729,0.01,31.4,1.00,-0.083
130.30,DOWNWIND,108.91,94.05,31.42,0.00,-4.6,-0.2,8.6,-728.8,-1899,0.60,-0.072,-0.044,0.00,0,,1117,0,1254,729,0.01,31.4,1.00,-0.083
130.40,DOWNWIND,108.91,93.99,31.42,0.00,-4.6,-0.2,8.6,-728.8,-1902,0.60,-0.072,-0.044,0.00,0,,1113,0,1257,729,0.01,31.4,1.00,-0.083
130.50,DOWNWIND,108.91,93.94,31.42,0.00,-4.6,-0.2,8.6,-728.8,-1905,0.60,-0.072,-0.044,0.00,0,,1110,0,1260,729,0.01,31.4,1.00,-0.083
130.60,DOWNWIND,108.91,93.91,31.42,0.00,-4.6,-0.2,8.6,-728.8,-1908,0.60,-0.072,-0.044,0.00,0,,1107,0,1263,729,0.01,31.4,1.00,-0.083
130.70,DOWNWIND,108.91,93.88,31.42,0.00,-4.6,-0.2,8.6,-728.8,-1911,0.60,-0.072,-0.044,0.00,0,,1104,0,1266,729,0.01,31.4,1.00,-0.083
130.80,DOWNWIND,108.91,93.86,31.42,0.00,-4.6,-0.2,8.6,-728.8,-1915,0.60,-0.072,-0.044,0.00,0,,1101,0,1270,729,0.01,31.4,1.00,-0.083
130.90,DOWNWIND,108.91,93.85,31.42,0.00,-4.6,-0.2,8.6,-728.8,-1918,0.60,-0.072,-0.044,0.00,0,,1098,0,1273,729,0.01,31.4,1.00,-0.083
131.00,DOWNWIND,108.91,93.86,31.42,0.00,-4.6,-0.2,8.6,-728.8,-1921,0.60,-0.072,-0.044,0.00,0,,1095,0,1276,729,0.01,31.4,1.00,-0.083
131.10,DOWNWIND,108.91,93.88,31.42,0.00,-4.6,-0.2,8.6,-728.8,-1924,0.60,-0.072,-0.044,0.00,0,,1092,0,1279,729,0.01,31.4,1.00,-0.083
131.20,DOWNWIND,108.91,93.92,31.42,0.00,-4.6,-0.2,8.6,-728.8,-1927,0.60,-0.072,-0.044,0.00,0,,1089,0,1282,729,0.01,31.4,1.00,-0.083
131.30,DOWNWIND,108.91,93.98,31.42,0.00,-4.6,-0.2,8.6,-728.8,-1930,0.60,-0.072,-0.044,0.00,0,,1085,0,1285,729,0.01,31.4,1.00,-0.083
131.40,DOWNWIND,108.91,94.05,31.42,0.00,-4.6,-0.2,8.6,-728.8,-1933,0.60,-0.072,-0.044,0.00,0,,1082,0,1288,729,0.01,31.4,1.00,-0.083
131.50,DOWNWIND,108.91,94.14,31.42,0.00,-4.6,-0.2,8.6,-728.8,-1936,0.60,-0.072,-0.044,0.00,0,,1079,0,1291,729,0.01,31.4,1.00,-0.083
131.60,DOWNWIND,108.91,94.23,31.42,0.00,-4.6,-0.2,8.6,-728.8,-1939,0.60,-0.072,-0.044,0.00,0,,1076,0,1294,729,0.01,31.4,1.00,-0.083
131.70,DOWNWIND,108.91,94.34,31.42,0.00,-4.6,-0.2,8.6,-728.8,-1943,0.60,-0.072,-0.044,0.00,0,,1073,0,1298,729,0.01,31.4,1.00,-0.083
131.80,DOWNWIND,108.91,94.45,31.42,0.00,-4.6,-0.2,8.6,-728.8,-1946,0.60,-0.072,-0.044,0.00,0,,1070,0,1301,729,0.01,31.4,1.00,-0.083
131.90,DOWNWIND,108.91,94.56,31.42,0.00,-4.6,-0.2,8.6,-728.8,-1949,0.60,-0.072,-0.044,0.00,0,,1067,0,1304,729,0.01,31.4,1.00,-0.082
132.00,DOWNWIND,108.91,94.68,31.42,0.00,-4.6,-0.2,8.6,-728.8,-1952,0.60,-0.072,-0.044,0.00,0,,1064,0,1307,729,0.01,31.4,1.00,-0.082
132.10,DOWNWIND,108.91,94.80,31.42,0.00,-4.6,-0.2,8.6,-728.8,-1955,0.60,-0.072,-0.044,0.00,0,,1061,0,1310,729,0.01,31.4,1.00,-0.082
132.20,DOWNWIND,108.91,94.93,31.42,0.00,-4.6,-0.2,8.6,-728.8,-1958,0.60,-0.072,-0.044,0.00,0,,1057,0,1313,729,0.01,31.4,1.00,-0.082
132.30,DOWNWIND,108.91,95.05,31.42,0.00,-4.6,-0.2,8.6,-728.8,-1961,0.60,-0.072,-0.044,0.00,0,,1054,0,1316,729,0.01,31.4,1.00,-0.082
132.40,DOWNWIND,108.91,95.16,31.42,0.00,-4.6,-0.2,8.6,-728.8,-1964,0.60,-0.072,-0.044,0.00,0,,1051,0,1319,729,0.01,31.4,1.00,-0.082
132.50,DOWNWIND,108.91,95.27,31.42,0.00,-4.6,-0.2,8.6,-728.8,-1967,0.60,-0.072,-0.044,0.00,0,,1048,0,1322,729,0.01,31.4,1.00,-0.082
132.60,DOWNWIND,108.91,95.38,31.42,0.00,-4.6,-0.2,8.6,-728.8,-1971,0.60,-0.072,-0.044,0.00,0,,1045,0,1326,729,0.01,31.4,1.00,-0.082
132.70,DOWNWIND,108.91,95.48,31.42,0.00,-4.6,-0.2,8.6,-728.8,-1974,0.60,-0.072,-0.044,0.00,0,,1042,0,1329,729,0.01,31.4,1.00,-0.082
132.80,DOWNWIND,108.91,95.56,31.42,0.00,-4.6,-0.2,8.6,-728.8,-1977,0.60,-0.072,-0.044,0.00,0,,1039,0,1332,729,0.01,31.4,1.00,-0.082
132.90,DOWNWIND,108.92,95.63,31.42,0.00,-4.6,-0.2,8.6,-728.8,-1980,0.60,-0.072,-0.044,0.00,0,,1036,0,1335,729,0.01,31.4,1.00,-0.082
133.00,DOWNWIND,108.92,95.69,31.42,0.00,-4.6,-0.2,8.6,-728.8,-1983,0.60,-0.072,-0.044,0.00,0,,1033,0,1338,729,0.01,31.4,1.00,-0.082
133.10,DOWNWIND,108.92,95.73,31.42,0.00,-4.6,-0.2,8.6,-728.8,-1986,0.60,-0.072,-0.044,0.00,0,,1029,0,1341,729,0.01,31.4,1.00,-0.082
133.20,DOWNWIND,108.92,95.76,31.42,0.00,-4.6,-0.2,8.6,-728.8,-1989,0.60,-0.072,-0.044,0.00,0,,1026,0,1344,729,0.01,31.4,1.00,-0.082
133.30,DOWNWIND,108.92,95.79,31.42,0.00,-4.6,-0.2,8.6,-728.8,-1992,0.60,-0.072,-0.044,0.00,0,,1023,0,1347,729,0.01,31.4,1.00,-0.082
133.40,DOWNWIND,108.92,95.82,31.42,0.00,-4.6,-0.2,8.6,-728.8,-1995,0.60,-0.072,-0.044,0.00,0,,1020,0,1350,729,0.01,31.4,1.00,-0.082
133.50,DOWNWIND,108.92,95.86,31.42,0.00,-4.6,-0.2,8.6,-728.8,-1999,0.60,-0.072,-0.044,0.00,0,,1017,0,1354,729,0.01,31.4,1.00,-0.082
133.60,DOWNWIND,108.92,95.90,31.42,0.00,-4.6,-0.2,8.6,-728.8,-2002,0.60,-0.072,-0.044,0.00,0,,1014,0,1357,729,0.01,31.4,1.00,-0.082
133.70,DOWNWIND,108.92,95.94,31.42,0.00,-4.6,-0.2,8.6,-728.8,-2005,0.60,-0.072,-0.044,0.00,0,,1011,0,1360,729,0.01,31.4,1.00,-0.082
133.80,DOWNWIND,108.92,95.98,31.42,0.00,-4.6,-0.2,8.6,-728.8,-2008,0.60,-0.072,-0.044,0.00,0,,1008,0,1363,729,0.01,31.4,1.00,-0.082
133.90,DOWNWIND,108.92,96.02,31.42,0.00,-4.6,-0.2,8.6,-728.8,-2011,0.60,-0.072,-0.044,0.00,0,,1005,0,1366,729,0.01,31.4,1.00,-0.082
134.00,DOWNWIND,108.92,96.07,31.42,0.00,-4.6,-0.2,8.6,-728.8,-2014,0.60,-0.072,-0.044,0.00,0,,1001,0,1369,729,0.01,31.4,1.00,-0.082
134.10,DOWNWIND,108.92,96.11,31.42,0.00,-4.6,-0.2,8.6,-728.8,-2017,0.60,-0.072,-0.044,0.00,0,,998,0,1372,729,0.01,31.4,1.00,-0.082
134.20,DOWNWIND,108.92,96.16,31.42,0.00,-4.6,-0.2,8.6,-728.8,-2020,0.60,-0.072,-0.044,0.00,0,,995,0,1375,729,0.01,31.4,1.00,-0.082
134.30,DOWNWIND,108.92,96.22,31.42,0.00,-4.6,-0.2,8.6,-728.8,-2023,0.60,-0.072,-0.044,0.00,0,,992,0,1378,729,0.01,31.4,1.00,-0.082
134.40,DOWNWIND,108.92,96.27,31.42,0.00,-4.6,-0.2,8.6,-728.8,-2027,0.60,-0.072,-0.044,0.00,0,,989,0,1382,729,0.01,31.4,1.00,-0.082
134.50,DOWNWIND,108.92,96.32,31.42,0.00,-4.6,-0.2,8.6,-728.8,-2030,0.60,-0.072,-0.044,0.00,0,,986,0,1385,729,0.01,31.4,1.00,-0.082
134.60,DOWNWIND,108.92,96.38,31.42,0.00,-4.6,-0.2,8.6,-728.8,-2033,0.60,-0.072,-0.044,0.00,0,,983,0,1388,729,0.01,31.4,1.00,-0.082
134.70,DOWNWIND,108.92,96.43,31.42,0.00,-4.6,-0.2,8.6,-728.8,-2036,0.60,-0.072,-0.044,0.00,0,,980,0,1391,729,0.01,31.4,1.00,-0.082
134.80,DOWNWIND,108.92,96.49,31.42,0.00,-4.6,-0.2,8.6,-728.8,-2039,0.60,-0.072,-0.044,0.00,0,,977,0,1394,729,0.01,31.4,1.00,-0.082
134.90,DOWNWIND,108.92,96.55,31.42,0.00,-4.6,-0.2,8.6,-728.8,-2042,0.60,-0.072,-0.044,0.00,0,,973,0,1397,729,0.01,31.4,1.00,-0.082
135.00,DOWNWIND,108.92,96.61,31.42,0.00,-4.6,-0.2,8.6,-728.8,-2045,0.60,-0.072,-0.044,0.00,0,,970,0,1400,729,0.01,31.4,1.00,-0.082
135.10,DOWNWIND,108.92,96.67,31.42,0.00,-4.6,-0.2,8.6,-728.8,-2048,0.60,-0.072,-0.044,0.00,0,,967,0,1403,729,0.01,31.4,1.00,-0.082
135.20,DOWNWIND,108.92,96.72,31.42,0.00,-4.6,-0.2,8.6,-728.8,-2051,0.60,-0.072,-0.044,0.00,0,,964,0,1406,729,0.01,31.4,1.00,-0.082
135.30,DOWNWIND,108.92,96.78,31.42,0.00,-4.6,-0.2,8.6,-728.8,-2055,0.60,-0.072,-0.044,0.00,0,,961,0,1410,729,0.01,31.4,1.00,-0.082
135.40,DOWNWIND,108.92,96.82,31.42,0.00,-4.6,-0.2,8.6,-728.8,-2058,0.60,-0.072,-0.044,0.00,0,,958,0,1413,729,0.01,31.4,1.00,-0.082
135.50,DOWNWIND,108.92,96.85,31.42,0.00,-4.6,-0.2,8.6,-728.8,-2061,0.60,-0.072,-0.044,0.00,0,,955,0,1416,729,0.01,31.4,1.00,-0.082
135.60,DOWNWIND,108.92,96.87,31.42,0.00,-4.6,-0.2,8.6,-728.8,-2064,0.60,-0.072,-0.044,0.00,0,,952,0,1419,729,0.01,31.4,1.00,-0.082
135.70,DOWNWIND,108.92,96.89,31.42,0.00,-4.6,-0.2,8.6,-728.8,-2067,0.60,-0.072,-0.044,0.00,0,,949,0,1422,729,0.01,31.4,1.00,-0.082
135.80,DOWNWIND,108.92,96.90,31.42,0.00,-4.6,-0.2,8.6,-728.8,-2070,0.60,-0.072,-0.044,0.00,0,,945,0,1425,729,0.01,31.4,1.00,-0.082
135.90,DOWNWIND,108.92,96.91,31.42,0.00,-4.6,-0.2,8.6,-728.8,-2073,0.60,-0.072,-0.044,0.00,0,,942,0,1428,729,0.01,31.4,1.00,-0.082
136.00,DOWNWIND,108.92,96.91,31.42,0.00,-4.6,-0.2,8.6,-728.8,-2076,0.60,-0.072,-0.044,0.00,0,,939,0,1431,729,0.01,31.4,1.00,-0.082
136.10,DOWNWIND,108.92,96.92,31.42,0.00,-4.6,-0.2,8.6,-728.8,-2079,0.60,-0.072,-0.044,0.00,0,,936,0,1434,729,0.01,31.4,1.00,-0.082
136.20,DOWNWIND,108.92,96.92,31.42,0.00,-4.6,-0.2,8.6,-728.8,-2083,0.60,-0.072,-0.044,0.00,0,,933,0,1438,729,0.01,31.4,1.00,-0.082
136.30,DOWNWIND,108.92,96.93,31.42,0.00,-4.6,-0.2,8.6,-728.8,-2086,0.60,-0.072,-0.044,0.00,0,,930,0,1441,729,0.01,31.4,1.00,-0.082
136.40,DOWNWIND,108.93,96.93,31.42,0.00,-4.6,-0.2,8.6,-728.8,-2089,0.60,-0.072,-0.044,0.00,0,,927,0,1444,729,0.01,31.4,1.00,-0.082
136.50,DOWNWIND,108.93,96.95,31.42,0.00,-4.6,-0.2,8.6,-728.8,-2092,0.60,-0.072,-0.044,0.00,0,,924,0,1447,729,0.01,31.4,1.00,-0.082
136.60,DOWNWIND,108.93,96.97,31.42,0.00,-4.6,-0.2,8.6,-728.8,-2095,0.60,-0.072,-0.044,0.00,0,,921,0,1450,729,0.01,31.4,1.00,-0.082
136.70,DOWNWIND,108.93,96.99,31.42,0.00,-4.6,-0.2,8.6,-728.8,-2098,0.60,-0.072,-0.044,0.00,0,,917,0,1453,729,0.01,31.4,1.00,-0.082
136.80,DOWNWIND,108.93,97.03,31.42,0.00,-4.6,-0.2,8.6,-728.8,-2101,0.60,-0.072,-0.044,0.00,0,,914,0,1456,729,0.01,31.4,1.00,-0.082
136.90,DOWNWIND,108.93,97.08,31.42,0.00,-4.6,-0.2,8.6,-728.8,-2104,0.60,-0.072,-0.044,0.00,0,,911,0,1459,729,0.01,31.4,1.00,-0.082
137.00,DOWNWIND,108.93,97.14,31.42,0.00,-4.6,-0.2,8.6,-728.8,-2107,0.60,-0.072,-0.044,0.00,0,,908,0,1462,729,0.01,31.4,1.00,-0.082
137.10,DOWNWIND,108.93,97.22,31.42,0.00,-4.6,-0.2,8.6,-728.8,-2111,0.60,-0.072,-0.044,0.00,0,,905,0,1466,729,0.01,31.4,1.00,-0.082
137.20,DOWNWIND,108.93,97.31,31.42,0.00,-4.6,-0.2,8.6,-728.8,-2114,0.60,-0.072,-0.044,0.00,0,,902,0,1469,729,0.01,31.4,1.00,-0.082
137.30,DOWNWIND,108.93,97.41,31.42,0.00,-4.6,-0.2,8.6,-728.8,-2117,0.60,-0.072,-0.044,0.00,0,,899,0,1472,729,0.01,31.4,1.00,-0.082
137.40,DOWNWIND,108.93,97.51,31.42,0.00,-4.6,-0.2,8.6,-728.8,-2120,0.60,-0.072,-0.044,0.00,0,,896,0,1475,729,0.01,31.4,1.00,-0.082
137.50,DOWNWIND,108.93,97.61,31.42,0.00,-4.6,-0.2,8.6,-728.8,-2123,0.60,-0.072,-0.044,0.00,0,,893,0,1478,729,0.01,31.4,1.00,-0.082
137.60,DOWNWIND,108.93,97.71,31.42,0.00,-4.6,-0.2,8.6,-728.8,-2126,0.60,-0.072,-0.044,0.00,0,,889,0,1481,729,0.01,31.4,1.00,-0.082
137.70,DOWNWIND,108.93,97.80,31.42,0.00,-4.6,-0.2,8.6,-728.8,-2129,0.60,-0.072,-0.044,0.00,0,,886,0,1484,729,0.01,31.4,1.00,-0.082
137.80,DOWNWIND,108.93,97.89,31.42,0.00,-4.6,-0.2,8.6,-728.8,-2132,0.60,-0.072,-0.044,0.00,0,,883,0,1487,729,0.01,31.4,1.00,-0.082
137.90,DOWNWIND,108.93,97.98,31.42,0.00,-4.6,-0.2,8.6,-728.8,-2135,0.60,-0.072,-0.044,0.00,0,,880,0,1490,729,0.01,31.4,1.00,-0.082
138.00,DOWNWIND,108.93,98.06,31.42,0.00,-4.6,-0.2,8.6,-728.8,-2139,0.60,-0.072,-0.044,0.00,0,,877,0,1494,729,0.01,31.4,1.00,-0.082
138.10,DOWNWIND,108.93,98.15,31.42,0.00,-4.6,-0.2,8.6,-728.8,-2142,0.60,-0.072,-0.044,0.00,0,,874,0,1497,729,0.01,31.4,1.00,-0.082
138.20,DOWNWIND,108.93,98.24,31.42,0.00,-4.6,-0.2,8.6,-728.8,-2145,0.60,-0.072,-0.044,0.00,0,,871,0,1500,729,0.01,31.4,1.00,-0.082
138.30,DOWNWIND,108.93,98.32,31.42,0.00,-4.6,-0.2,8.6,-728.8,-2148,0.60,-0.072,-0.044,0.00,0,,868,0,1503,729,0.01,31.4,1.00,-0.082
138.40,DOWNWIND,108.93,98.41,31.42,0.00,-4.6,-0.2,8.6,-728.8,-2151,0.60,-0.072,-0.044,0.00,0,,865,0,1506,729,0.01,31.4,1.00,-0.082
138.50,DOWNWIND,108.93,98.49,31.42,0.00,-4.6,-0.2,8.6,-728.8,-2154,0.60,-0.072,-0.044,0.00,0,,861,0,1509,729,0.01,31.4,1.00,-0.082
138.60,DOWNWIND,108.93,98.58,31.42,0.00,-4.6,-0.2,8.6,-728.8,-2157,0.60,-0.072,-0.044,0.00,0,,858,0,1512,729,0.01,31.4,1.00,-0.082
138.70,DOWNWIND,108.93,98.67,31.42,0.00,-4.6,-0.2,8.6,-728.8,-2160,0.60,-0.072,-0.044,0.00,0,,855,0,1515,729,0.01,31.4,1.00,-0.082
138.80,DOWNWIND,108.93,98.76,31.42,0.00,-4.6,-0.2,8.6,-728.8,-2163,0.60,-0.072,-0.044,0.00,0,,852,0,1518,729,0.01,31.4,1.00,-0.082
138.90,DOWNWIND,108.93,98.85,31.42,0.00,-4.6,-0.2,8.6,-728.8,-2167,0.60,-0.072,-0.044,0.00,0,,849,0,1522,729,0.01,31.4,1.00,-0.082
139.00,DOWNWIND,108.93,98.94,31.42,0.00,-4.6,-0.2,8.6,-728.8,-2170,0.60,-0.072,-0.044,0.00,0,,846,0,1525,729,0.01,31.4,1.00,-0.082
139.10,DOWNWIND,108.93,99.04,31.42,0.00,-4.6,-0.2,8.6,-728.8,-2173,0.60,-0.072,-0.044,0.00,0,,843,0,1528,729,0.01,31.4,1.00,-0.082
139.20,DOWNWIND,108.93,99.14,31.42,0.00,-4.6,-0.2,8.6,-728.8,-2176,0.60,-0.072,-0.044,0.00,0,,840,0,1531,729,0.01,31.4,1.00,-0.082
139.30,DOWNWIND,108.93,99.25,31.42,0.00,-4.6,-0.2,8.6,-728.8,-2179,0.60,-0.072,-0.044,0.00,0,,837,0,1534,729,0.01,31.4,1.00,-0.082
139.40,DOWNWIND,108.93,99.35,31.42,0.00,-4.6,-0.2,8.6,-728.8,-2182,0.60,-0.072,-0.044,0.00,0,,833,0,1537,729,0.01,31.4,1.00,-0.082
139.50,DOWNWIND,108.93,99.44,31.42,0.00,-4.6,-0.2,8.6,-728.8,-2185,0.60,-0.072,-0.044,0.00,0,,830,0,1540,729,0.01,31.4,1.00,-0.082
139.60,DOWNWIND,108.93,99.54,31.42,0.00,-4.6,-0.2,8.6,-728.8,-2188,0.60,-0.072,-0.044,0.00,0,,827,0,1543,729,0.01,31.4,1.00,-0.082
139.70,DOWNWIND,108.93,99.62,31.42,0.00,-4.6,-0.2,8.6,-728.8,-2191,0.60,-0.072,-0.044,0.00,0,,824,0,1546,729,0.01,31.4,1.00,-0.082
139.80,DOWNWIND,108.93,99.71,31.42,0.00,-4.6,-0.2,8.6,-728.8,-2195,0.60,-0.072,-0.044,0.00,0,,821,0,1550,729,0.01,31.4,1.00,-0.082
139.90,DOWNWIND,108.93,99.79,31.42,0.00,-4.6,-0.2,8.6,-728.8,-2198,0.60,-0.072,-0.044,0.00,0,,818,0,1553,729,0.01,31.4,1.00,-0.082
140.00,DOWNWIND,108.93,99.86,31.42,0.00,-4.6,-0.2,8.6,-728.8,-2201,0.60,-0.072,-0.044,0.00,0,,815,0,1556,729,0.01,31.4,1.00,-0.082
140.10,DOWNWIND,108.93,99.93,31.41,0.00,-4.6,-0.2,8.6,-728.8,-2204,0.60,-0.072,-0.044,0.00,0,,812,0,1559,729,0.01,31.4,1.00,-0.082
140.20,DOWNWIND,108.93,100.00,31.41,0.00,-4.6,-0.2,8.6,-728.8,-2207,0.60,-0.072,-0.044,0.00,0,,809,0,1562,729,0.01,31.4,1.00,-0.082
140.30,DOWNWIND,108.93,100.07,31.41,0.00,-4.6,-0.2,8.6,-728.8,-2210,0.60,-0.072,-0.044,0.00,0,,805,0,1565,729,0.01,31.4,1.00,-0.082
140.40,DOWNWIND,108.93,100.13,31.41,0.00,-4.6,-0.2,8.6,-728.8,-2213,0.60,-0.072,-0.044,0.00,0,,802,0,1568,729,0.01,31.4,1.00,-0.082
140.50,DOWNWIND,108.93,100.20,31.41,0.00,-4.6,-0.2,8.6,-728.8,-2216,0.60,-0.072,-0.044,0.00,0,,799,0,1571,729,0.01,31.4,1.00,-0.082
140.60,DOWNWIND,108.93,100.26,31.41,0.00,-4.6,-0.2,8.6,-728.8,-2219,0.60,-0.072,-0.044,0.00,0,,796,0,1574,729,0.01,31.4,1.00,-0.082
140.70,DOWNWIND,108.93,100.31,31.41,0.00,-4.6,-0.2,8.6,-728.8,-2222,0.60,-0.072,-0.044,0.00,0,,793,0,1577,729,0.01,31.4,1.00,-0.082
140.80,DOWNWIND,108.93,100.37,31.41,0.00,-4.6,-0.2,8.6,-728.8,-2226,0.60,-0.072,-0.044,0.00,0,,790,0,1581,729,0.01,31.4,1.00,-0.082
140.90,DOWNWIND,108.94,100.42,31.41,0.00,-4.6,-0.2,8.6,-728.8,-2229,0.60,-0.072,-0.044,0.00,0,,787,0,1584,729,0.01,31.4,1.00,-0.082
141.00,DOWNWIND,108.94,100.47,31.41,0.00,-4.6,-0.2,8.6,-728.8,-2232,0.60,-0.072,-0.044,0.00,0,,784,0,1587,729,0.01,31.4,1.00,-0.082
141.10,DOWNWIND,108.94,100.53,31.41,0.00,-4.6,-0.2,8.6,-728.8,-2235,0.60,-0.072,-0.044,0.00,0,,781,0,1590,729,0.01,31.4,1.00,-0.082
141.20,DOWNWIND,108.94,100.59,31.41,0.00,-4.6,-0.2,8.6,-728.8,-2238,0.60,-0.072,-0.044,0.00,0,,777,0,1593,729,0.01,31.4,1.00,-0.082
141.30,DOWNWIND,108.94,100.65,31.41,0.00,-4.6,-0.2,8.6,-728.8,-2241,0.60,-0.072,-0.044,0.00,0,,774,0,1596,729,0.01,31.4,1.00,-0.082
141.40,DOWNWIND,108.94,100.72,31.41,0.00,-4.6,-0.2,8.6,-728.8,-2244,0.60,-0.072,-0.044,0.00,0,,771,0,1599,729,0.01,31.4,1.00,-0.082
141.50,DOWNWIND,108.94,100.80,31.41,0.00,-4.6,-0.2,8.6,-728.8,-2247,0.60,-0.072,-0.044,0.00,0,,768,0,1602,729,0.01,31.4,1.00,-0.082
141.60,DOWNWIND,108.94,100.88,31.41,0.00,-4.6,-0.2,8.7,-728.8,-2250,0.60,-0.072,-0.044,0.00,0,,765,0,1605,729,0.01,31.4,1.00,-0.082
141.70,DOWNWIND,108.94,100.97,31.41,0.00,-4.6,-0.2,8.7,-728.8,-2254,0.60,-0.072,-0.044,0.00,0,,762,0,1609,729,0.01,31.4,1.00,-0.082
141.80,DOWNWIND,108.94,101.07,31.41,0.00,-4.6,-0.2,8.7,-728.8,-2257,0.60,-0.072,-0.044,0.00,0,,759,0,1612,729,0.01,31.4,1.00,-0.082
141.90,DOWNWIND,108.94,101.17,31.41,0.00,-4.6,-0.2,8.7,-728.8,-2260,0.60,-0.072,-0.044,0.00,0,,756,0,1615,729,0.01,31.4,1.00,-0.082
142.00,DOWNWIND,108.94,101.27,31.41,0.00,-4.6,-0.2,8.7,-728.8,-2263,0.60,-0.072,-0.044,0.00,0,,753,0,1618,729,0.01,31.4,1.00,-0.082
142.10,DOWNWIND,108.94,101.37,31.41,0.00,-4.6,-0.2,8.7,-728.8,-2266,0.60,-0.072,-0.044,0.00,0,,750,0,1621,729,0.01,31.4,1.00,-0.082
142.20,DOWNWIND,108.94,101.47,31.41,0.00,-4.6,-0.2,8.7,-728.8,-2269,0.60,-0.072,-0.044,0.00,0,,746,0,1624,729,0.01,31.4,1.00,-0.082
142.30,DOWNWIND,108.94,101.58,31.41,0.00,-4.6,-0.2,8.7,-728.8,-2272,0.60,-0.072,-0.044,0.00,0,,743,0,1627,729,0.01,31.4,1.00,-0.082
142.40,DOWNWIND,108.94,101.68,31.41,0.00,-4.6,-0.2,8.7,-728.8,-2275,0.60,-0.072,-0.044,0.00,0,,740,0,1630,729,0.01,31.4,1.00,-0.082
142.50,DOWNWIND,108.94,101.78,31.41,0.00,-4.6,-0.2,8.7,-728.8,-2278,0.60,-0.072,-0.044,0.00,0,,737,0,1633,729,0.01,31.4,1.00,-0.082
142.60,DOWNWIND,108.94,101.88,31.41,0.00,-4.6,-0.2,8.7,-728.8,-2282,0.60,-0.072,-0.044,0.00,0,,734,0,1637,729,0.01,31.4,1.00,-0.082
142.70,DOWNWIND,108.94,101.97,31.41,0.00,-4.6,-0.2,8.7,-728.8,-2285,0.60,-0.072,-0.044,0.00,0,,731,0,1640,729,0.01,31.4,1.00,-0.082
142.80,DOWNWIND,108.94,102.06,31.41,0.00,-4.6,-0.2,8.7,-728.8,-2288,0.60,-0.072,-0.044,0.00,0,,728,0,1643,729,0.01,31.4,1.00,-0.082
142.90,DOWNWIND,108.94,102.15,31.41,0.00,-4.6,-0.2,8.7,-728.8,-2291,0.60,-0.072,-0.044,0.00,0,,725,0,1646,729,0.01,31.4,1.00,-0.082
143.00,DOWNWIND,108.94,102.23,31.41,0.00,-4.6,-0.2,8.7,-728.8,-2294,0.60,-0.072,-0.044,0.00,0,,722,0,1649,729,0.01,31.4,1.00,-0.082
143.10,DOWNWIND,108.94,102.29,31.41,0.00,-4.6,-0.2,8.7,-728.8,-2297,0.60,-0.072,-0.044,0.00,0,,718,0,1652,729,0.01,31.4,1.00,-0.082
143.20,DOWNWIND,108.94,102.36,31.41,0.00,-4.6,-0.2,8.7,-728.8,-2300,0.60,-0.072,-0.044,0.00,0,,715,0,1655,729,0.01,31.4,1.00,-0.082
143.30,DOWNWIND,108.94,102.41,31.41,0.00,-4.6,-0.2,8.7,-728.8,-2303,0.60,-0.072,-0.044,0.00,0,,712,0,1658,729,0.01,31.4,1.00,-0.082
143.40,DOWNWIND,108.94,102.48,31.41,0.00,-4.6,-0.2,8.7,-728.8,-2306,0.60,-0.072,-0.044,0.00,0,,709,0,1661,729,0.01,31.4,1.00,-0.082
143.50,DOWNWIND,108.94,102.56,31.41,0.00,-4.6,-0.2,8.7,-728.8,-2310,0.60,-0.072,-0.044,0.00,0,,706,0,1665,729,0.01,31.4,1.00,-0.082
143.60,DOWNWIND,108.94,102.64,31.41,0.00,-4.6,-0.2,8.7,-728.8,-2313,0.60,-0.072,-0.044,0.00,0,,703,0,1668,729,0.01,31.4,1.00,-0.082
143.70,DOWNWIND,108.94,102.73,31.41,0.00,-4.6,-0.2,8.7,-728.8,-2316,0.60,-0.072,-0.044,0.00,0,,700,0,1671,729,0.01,31.4,1.00,-0.082
143.80,DOWNWIND,108.94,102.83,31.41,0.00,-4.6,-0.2,8.7,-728.8,-2319,0.60,-0.072,-0.044,0.00,0,,697,0,1674,729,0.01,31.4,1.00,-0.082
143.90,DOWNWIND,108.94,102.92,31.41,0.00,-4.6,-0.2,8.7,-728.8,-2322,0.60,-0.072,-0.044,0.00,0,,694,0,1677,729,0.01,31.4,1.00,-0.082
144.00,DOWNWIND,108.94,103.02,31.41,0.00,-4.6,-0.2,8.7,-728.8,-2325,0.60,-0.072,-0.044,0.00,0,,690,0,1680,729,0.01,31.4,1.00,-0.082
144.10,DOWNWIND,108.94,103.12,31.41,0.00,-4.6,-0.2,8.7,-728.8,-2328,0.60,-0.072,-0.044,0.00,0,,687,0,1683,729,0.01,31.4,1.00,-0.082
144.20,DOWNWIND,108.94,103.22,31.41,0.00,-4.6,-0.2,8.7,-728.8,-2331,0.60,-0.072,-0.044,0.00,0,,684,0,1686,729,0.01,31.4,1.00,-0.082
144.30,DOWNWIND,108.94,103.32,31.41,0.00,-4.6,-0.2,8.7,-728.8,-2334,0.60,-0.072,-0.044,0.00,0,,681,0,1689,729,0.01,31.4,1.00,-0.082
144.40,DOWNWIND,108.94,103.41,31.41,0.00,-4.6,-0.2,8.7,-728.8,-2338,0.60,-0.072,-0.044,0.00,0,,678,0,1693,729,0.01,31.4,1.00,-0.082
144.50,DOWNWIND,108.94,103.50,31.41,0.00,-4.6,-0.2,8.7,-728.8,-2341,0.60,-0.072,-0.044,0.00,0,,675,0,1696,729,0.01,31.4,1.00,-0.082
144.60,DOWNWIND,108.94,103.58,31.41,0.00,-4.6,-0.2,8.7,-728.8,-2344,0.60,-0.072,-0.044,0.00,0,,672,0,1699,729,0.01,31.4,1.00,-0.082
144.70,DOWNWIND,108.94,103.66,31.41,0.00,-4.6,-0.2,8.7,-728.8,-2347,0.60,-0.072,-0.044,0.00,0,,669,0,1702,729,0.01,31.4,1.00,-0.082
144.80,DOWNWIND,108.94,103.72,31.41,0.00,-4.6,-0.2,8.7,-728.8,-2350,0.60,-0.072,-0.044,0.00,0,,666,0,1705,729,0.01,31.4,1.00,-0.082
144.90,DOWNWIND,108.94,103.78,31.41,0.00,-4.6,-0.2,8.7,-728.8,-2353,0.60,-0.072,-0.044,0.00,0,,662,0,1708,729,0.01,31.4,1.00,-0.082
145.00,DOWNWIND,108.94,103.83,31.41,0.00,-4.6,-0.2,8.7,-728.8,-2356,0.60,-0.072,-0.044,0.00,0,,659,0,1711,729,0.01,31.4,1.00,-0.082
145.10,DOWNWIND,108.94,103.87,31.41,0.00,-4.6,-0.2,8.7,-728.8,-2359,0.60,-0.072,-0.044,0.00,0,,656,0,1714,729,0.01,31.4,1.00,-0.082
145.20,DOWNWIND,108.94,103.89,31.41,0.00,-4.6,-0.2,8.7,-728.8,-2362,0.60,-0.072,-0.044,0.00,0,,653,0,1717,729,0.00,31.4,1.00,-0.082
145.30,DOWNWIND,108.94,103.90,31.41,0.00,-4.6,-0.2,8.7,-728.8,-2365,0.60,-0.072,-0.044,0.00,0,,650,0,1720,729,0.00,31.4,1.00,-0.082
145.40,DOWNWIND,108.94,103.90,31.41,0.00,-4.6,-0.2,8.7,-728.8,-2369,0.60,-0.072,-0.045,0.00,0,,647,0,1724,729,0.00,31.4,1.00,-0.082
145.50,DOWNWIND,108.94,103.90,31.41,0.00,-4.6,-0.2,8.7,-728.8,-2372,0.60,-0.072,-0.044,0.00,0,,644,0,1727,729,0.00,31.4,1.00,-0.082
145.60,DOWNWIND,108.94,103.89,31.41,0.00,-4.6,-0.2,8.7,-728.8,-2375,0.60,-0.072,-0.045,0.00,0,,641,0,1730,729,0.00,31.4,1.00,-0.082
145.70,DOWNWIND,108.94,103.87,31.41,0.00,-4.6,-0.2,8.7,-728.8,-2378,0.60,-0.072,-0.045,0.00,0,,638,0,1733,729,0.00,31.4,1.00,-0.082
145.80,DOWNWIND,108.94,103.85,31.41,0.00,-4.6,-0.2,8.7,-728.8,-2381,0.60,-0.072,-0.044,0.00,0,,634,0,1736,729,0.00,31.4,1.00,-0.082
145.90,DOWNWIND,108.94,103.83,31.41,0.00,-4.6,-0.2,8.7,-728.8,-2384,0.60,-0.072,-0.045,0.00,0,,631,0,1739,729,0.00,31.4,1.00,-0.082
146.00,DOWNWIND,108.94,103.80,31.41,0.00,-4.6,-0.2,8.7,-728.8,-2387,0.60,-0.072,-0.044,0.00,0,,628,0,1742,729,0.00,31.4,1.00,-0.082
146.10,DOWNWIND,108.94,103.77,31.41,0.00,-4.6,-0.2,8.7,-728.8,-2390,0.60,-0.072,-0.045,0.00,0,,625,0,1745,729,0.00,31.4,1.00,-0.082
146.20,DOWNWIND,108.94,103.74,31.41,0.00,-4.6,-0.2,8.7,-728.8,-2393,0.60,-0.072,-0.045,0.00,0,,622,0,1748,729,0.00,31.4,1.00,-0.082
146.30,DOWNWIND,108.94,103.72,31.41,0.00,-4.6,-0.2,8.7,-728.8,-2397,0.60,-0.072,-0.044,0.00,0,,619,0,1752,729,0.00,31.4,1.00,-0.082
146.40,DOWNWIND,108.94,103.69,31.41,0.00,-4.6,-0.2,8.7,-728.8,-2400,0.60,-0.072,-0.044,0.00,0,,616,0,1755,729,0.00,31.4,1.00,-0.082
146.50,DOWNWIND,108.94,103.67,31.41,0.00,-4.6,-0.2,8.7,-728.8,-2403,0.60,-0.072,-0.044,0.00,0,,613,0,1758,729,0.00,31.4,1.00,-0.082
146.60,DOWNWIND,108.94,103.65,31.41,0.00,-4.6,-0.2,8.7,-728.8,-2406,0.60,-0.072,-0.044,0.00,0,,610,0,1761,729,0.00,31.4,1.00,-0.082
146.70,DOWNWIND,108.94,103.64,31.41,0.00,-4.6,-0.2,8.7,-728.8,-2409,0.60,-0.072,-0.044,0.00,0,,607,0,1764,729,0.00,31.4,1.00,-0.082
146.80,DOWNWIND,108.95,103.63,31.41,0.00,-4.6,-0.2,8.7,-728.8,-2412,0.60,-0.072,-0.044,0.00,0,,603,0,1767,729,0.00,31.4,1.00,-0.082
146.90,DOWNWIND,108.95,103.63,31.41,0.00,-4.6,-0.2,8.7,-728.8,-2415,0.60,-0.072,-0.044,0.00,0,,600,0,1770,729,0.00,31.4,1.00,-0.082
147.00,DOWNWIND,108.95,103.64,31.41,0.00,-4.6,-0.2,8.7,-728.8,-2418,0.60,-0.072,-0.044,0.00,0,,597,0,1773,729,0.00,31.4,1.00,-0.082
147.10,DOWNWIND,108.95,103.65,31.41,0.00,-4.6,-0.2,8.7,-728.8,-2421,0.60,-0.072,-0.044,0.00,0,,594,0,1776,729,0.00,31.4,1.00,-0.082
147.20,DOWNWIND,108.95,103.67,31.41,0.00,-4.6,-0.2,8.7,-728.8,-2425,0.60,-0.072,-0.044,0.00,0,,591,0,1780,729,0.00,31.4,1.00,-0.082
147.30,DOWNWIND,108.95,103.70,31.41,0.00,-4.6,-0.2,8.7,-728.8,-2428,0.60,-0.072,-0.044,0.00,0,,588,0,1783,729,0.00,31.4,1.00,-0.082
147.40,DOWNWIND,108.95,103.72,31.41,0.00,-4.6,-0.2,8.7,-728.8,-2431,0.60,-0.072,-0.044,0.00,0,,585,0,1786,729,0.00,31.4,1.00,-0.082
147.50,DOWNWIND,108.95,103.74,31.41,0.00,-4.6,-0.2,8.7,-728.8,-2434,0.60,-0.072,-0.044,0.00,0,,582,0,1789,729,0.00,31.4,1.00,-0.082
147.60,DOWNWIND,108.95,103.76,31.41,0.00,-4.6,-0.2,8.7,-728.8,-2437,0.60,-0.072,-0.044,0.00,0,,579,0,1792,729,0.00,31.4,1.00,-0.082
147.70,DOWNWIND,108.95,103.78,31.41,0.00,-4.6,-0.2,8.7,-728.8,-2440,0.60,-0.072,-0.044,0.00,0,,575,0,1795,729,0.00,31.4,1.00,-0.082
147.80,DOWNWIND,108.95,103.81,31.41,0.00,-4.6,-0.2,8.7,-728.8,-2443,0.60,-0.072,-0.044,0.00,0,,572,0,1798,729,0.00,31.4,1.00,-0.082
147.90,DOWNWIND,108.95,103.83,31.41,0.00,-4.6,-0.2,8.7,-728.8,-2446,0.60,-0.072,-0.044,0.00,0,,569,0,1801,729,0.00,31.4,1.00,-0.082
148.00,DOWNWIND,108.95,103.85,31.41,0.00,-4.6,-0.2,8.7,-728.8,-2449,0.60,-0.072,-0.044,0.00,0,,566,0,1804,729,0.00,31.4,1.00,-0.082
148.10,DOWNWIND,108.95,103.87,31.41,0.00,-4.6,-0.2,8.7,-728.8,-2453,0.60,-0.072,-0.044,0.00,0,,563,0,1808,729,0.00,31.4,1.00,-0.082
148.20,DOWNWIND,108.95,103.90,31.41,0.00,-4.6,-0.2,8.7,-728.8,-2456,0.60,-0.072,-0.044,0.00,0,,560,0,1811,729,0.00,31.4,1.00,-0.082
148.30,DOWNWIND,108.95,103.92,31.41,0.00,-4.6,-0.2,8.7,-728.8,-2459,0.60,-0.072,-0.045,0.00,0,,557,0,1814,729,0.00,31.4,1.00,-0.082
148.40,DOWNWIND,108.95,103.94,31.41,0.00,-4.6,-0.2,8.7,-728.8,-2462,0.60,-0.072,-0.044,0.00,0,,554,0,1817,729,0.00,31.4,1.00,-0.082
148.50,DOWNWIND,108.95,103.97,31.41,0.00,-4.6,-0.2,8.7,-728.8,-2465,0.60,-0.072,-0.045,0.00,0,,551,0,1820,729,0.00,31.4,1.00,-0.082
148.60,DOWNWIND,108.95,103.99,31.41,0.00,-4.6,-0.2,8.7,-728.8,-2468,0.60,-0.072,-0.045,0.00,0,,547,0,1823,729,0.00,31.4,1.00,-0.082
148.70,DOWNWIND,108.95,104.02,31.41,0.00,-4.6,-0.2,8.7,-728.8,-2471,0.60,-0.072,-0.044,0.00,0,,544,0,1826,729,0.00,31.4,1.00,-0.082
148.80,DOWNWIND,108.95,104.04,31.41,0.00,-4.6,-0.2,8.7,-728.8,-2474,0.60,-0.072,-0.045,0.00,0,,541,0,1829,729,0.00,31.4,1.00,-0.082
148.90,DOWNWIND,108.95,104.07,31.41,0.00,-4.6,-0.2,8.7,-728.8,-2477,0.60,-0.072,-0.044,0.00,0,,538,0,1832,729,0.00,31.4,1.00,-0.082
149.00,DOWNWIND,108.95,104.10,31.41,0.00,-4.6,-0.2,8.7,-728.8,-2481,0.60,-0.072,-0.044,0.00,0,,535,0,1836,729,0.00,31.4,1.00,-0.082
149.10,DOWNWIND,108.95,104.13,31.41,0.00,-4.6,-0.2,8.7,-728.8,-2484,0.60,-0.072,-0.045,0.00,0,,532,0,1839,729,0.00,31.4,1.00,-0.082
149.20,DOWNWIND,108.95,104.17,31.41,0.00,-4.6,-0.2,8.7,-728.8,-2487,0.60,-0.072,-0.044,0.00,0,,529,0,1842,729,0.00,31.4,1.00,-0.082
149.30,DOWNWIND,108.95,104.22,31.41,0.00,-4.6,-0.2,8.7,-728.8,-2490,0.60,-0.072,-0.045,0.00,0,,526,0,1845,729,0.00,31.4,1.00,-0.082
149.40,DOWNWIND,108.95,104.29,31.41,0.00,-4.6,-0.2,8.7,-728.8,-2493,0.60,-0.072,-0.045,0.00,0,,523,0,1848,729,0.00,31.4,1.00,-0.082
149.50,DOWNWIND,108.95,104.36,31.41,0.00,-4.6,-0.2,8.7,-728.8,-2496,0.60,-0.072,-0.044,0.00,0,,519,0,1851,729,0.00,31.4,1.00,-0.082
149.60,DOWNWIND,108.95,104.45,31.41,0.00,-4.6,-0.2,8.7,-728.8,-2499,0.60,-0.072,-0.045,0.00,0,,516,0,1854,729,0.00,31.4,1.00,-0.082
149.70,DOWNWIND,108.95,104.54,31.41,0.00,-4.6,-0.2,8.7,-728.8,-2502,0.60,-0.072,-0.044,0.00,0,,513,0,1857,729,0.00,31.4,1.00,-0.082
149.80,DOWNWIND,108.95,104.63,31.41,0.00,-4.6,-0.2,8.7,-728.8,-2505,0.60,-0.072,-0.045,0.00,0,,510,0,1860,729,0.00,31.4,1.00,-0.082
149.90,DOWNWIND,108.95,104.73,31.41,0.00,-4.6,-0.2,8.7,-728.8,-2508,0.60,-0.072,-0.045,0.00,0,,507,0,1863,729,0.00,31.4,1.00,-0.082
150.00,DOWNWIND,108.95,104.84,31.41,0.00,-4.6,-0.2,8.7,-728.8,-2512,0.60,-0.072,-0.044,0.00,0,,504,0,1867,729,0.00,31.4,1.00,-0.082
150.10,DOWNWIND,108.95,104.94,31.41,0.00,-4.6,-0.2,8.7,-728.8,-2515,0.60,-0.072,-0.045,0.00,0,,501,0,1870,729,0.00,31.4,1.00,-0.082
150.20,DOWNWIND,108.95,105.04,31.41,0.00,-4.6,-0.2,8.7,-728.8,-2518,0.60,-0.072,-0.044,0.00,0,,498,0,1873,729,0.00,31.4,1.00,-0.082
150.30,DOWNWIND,108.95,105.15,31.41,0.00,-4.6,-0.2,8.7,-728.8,-2521,0.60,-0.072,-0.045,0.00,0,,495,0,1876,729,0.00,31.4,1.00,-0.082
150.40,DOWNWIND,108.95,105.24,31.41,0.00,-4.6,-0.2,8.7,-728.8,-2524,0.60,-0.072,-0.045,0.00,0,,492,0,1879,729,0.00,31.4,1.00,-0.082
150.50,DOWNWIND,108.95,105.34,31.41,0.00,-4.6,-0.2,8.7,-728.8,-2527,0.60,-0.072,-0.045,0.00,0,,488,0,1882,729,0.00,31.4,1.00,-0.082
150.60,DOWNWIND,108.95,105.43,31.41,0.00,-4.6,-0.2,8.7,-728.8,-2530,0.60,-0.072,-0.045,0.00,0,,485,0,1885,729,0.00,31.4,1.00,-0.082
150.70,DOWNWIND,108.95,105.51,31.41,0.00,-4.6,-0.2,8.7,-728.8,-2533,0.60,-0.072,-0.045,0.00,0,,482,0,1888,729,0.00,31.4,1.00,-0.082
150.80,DOWNWIND,108.95,105.58,31.41,0.00,-4.6,-0.2,8.7,-728.8,-2536,0.60,-0.072,-0.045,0.00,0,,479,0,1891,729,0.00,31.4,1.00,-0.082
150.90,DOWNWIND,108.95,105.64,31.41,0.00,-4.6,-0.2,8.7,-728.8,-2540,0.60,-0.072,-0.045,0.00,0,,476,0,1895,729,0.00,31.4,1.00,-0.082
151.00,DOWNWIND,108.95,105.69,31.41,0.00,-4.6,-0.2,8.7,-728.8,-2543,0.60,-0.072,-0.045,0.00,0,,473,0,1898,729,0.00,31.4,1.00,-0.082
151.10,DOWNWIND,108.95,105.73,31.41,0.00,-4.6,-0.2,8.7,-728.8,-2546,0.60,-0.072,-0.045,0.00,0,,470,0,1901,729,0.00,31.4,1.00,-0.082
151.20,DOWNWIND,108.95,105.75,31.41,0.00,-4.6,-0.2,8.7,-728.8,-2549,0.60,-0.072,-0.045,0.00,0,,467,0,1904,729,0.00,31.4,1.00,-0.082
151.30,DOWNWIND,108.95,105.77,31.41,0.00,-4.6,-0.2,8.7,-728.8,-2552,0.60,-0.072,-0.045,0.00,0,,464,0,1907,729,0.00,31.4,1.00,-0.082
151.40,DOWNWIND,108.95,105.78,31.41,0.00,-4.6,-0.2,8.7,-728.8,-2555,0.60,-0.072,-0.045,0.00,0,,460,0,1910,729,0.00,31.4,1.00,-0.082
151.50,DOWNWIND,108.95,105.78,31.41,0.00,-4.6,-0.2,8.7,-728.8,-2558,0.60,-0.072,-0.045,0.00,0,,457,0,1913,729,0.00,31.4,1.00,-0.082
151.60,DOWNWIND,108.95,105.78,31.41,0.00,-4.6,-0.2,8.7,-728.8,-2561,0.60,-0.072,-0.045,0.00,0,,454,0,1916,729,0.00,31.4,1.00,-0.082
151.70,DOWNWIND,108.95,105.77,31.41,0.00,-4.6,-0.2,8.7,-728.8,-2564,0.60,-0.072,-0.045,0.00,0,,451,0,1919,729,0.00,31.4,1.00,-0.082
151.80,DOWNWIND,108.95,105.76,31.41,0.00,-4.6,-0.2,8.7,-728.8,-2568,0.60,-0.072,-0.045,0.00,0,,448,0,1923,729,0.00,31.4,1.00,-0.082
151.90,DOWNWIND,108.95,105.74,31.41,0.00,-4.6,-0.2,8.7,-728.8,-2571,0.60,-0.072,-0.045,0.00,0,,445,0,1926,729,0.00,31.4,1.00,-0.082
152.00,DOWNWIND,108.95,105.72,31.41,0.00,-4.6,-0.2,8.7,-728.8,-2574,0.60,-0.072,-0.045,0.00,0,,442,0,1929,729,0.00,31.4,1.00,-0.082
152.10,DOWNWIND,108.95,105.71,31.41,0.00,-4.6,-0.2,8.7,-728.8,-2577,0.60,-0.072,-0.045,0.00,0,,439,0,1932,729,0.00,31.4,1.00,-0.082
152.20,DOWNWIND,108.95,105.69,31.41,0.00,-4.6,-0.2,8.7,-728.8,-2580,0.60,-0.072,-0.045,0.00,0,,436,0,1935,729,0.00,31.4,1.00,-0.082
152.30,DOWNWIND,108.95,105.67,31.41,0.00,-4.6,-0.2,8.7,-728.8,-2583,0.60,-0.072,-0.045,0.00,0,,432,0,1938,729,0.00,31.4,1.00,-0.082
152.40,DOWNWIND,108.95,105.66,31.41,0.00,-4.6,-0.2,8.7,-728.8,-2586,0.60,-0.072,-0.045,0.00,0,,429,0,1941,729,0.00,31.4,1.00,-0.082
152.50,DOWNWIND,108.95,105.65,31.41,0.00,-4.6,-0.2,8.7,-728.8,-2589,0.60,-0.072,-0.045,0.00,0,,426,0,1944,729,0.00,31.4,1.00,-0.082
152.60,DOWNWIND,108.95,105.64,31.41,0.00,-4.6,-0.2,8.7,-728.8,-2592,0.60,-0.072,-0.045,0.00,0,,423,0,1947,729,0.00,31.4,1.00,-0.082
152.70,DOWNWIND,108.95,105.64,31.41,0.00,-4.6,-0.2,8.7,-728.8,-2596,0.60,-0.072,-0.045,0.00,0,,420,0,1951,729,0.00,31.4,1.00,-0.082
152.80,DOWNWIND,108.95,105.65,31.41,0.00,-4.6,-0.2,8.7,-728.8,-2599,0.60,-0.072,-0.045,0.00,0,,417,0,1954,729,0.00,31.4,1.00,-0.082
152.90,DOWNWIND,108.95,105.66,31.41,0.00,-4.6,-0.2,8.7,-728.8,-2602,0.60,-0.072,-0.045,0.00,0,,414,0,1957,729,0.00,31.4,1.00,-0.082
153.00,DOWNWIND,108.95,105.68,31.41,0.00,-4.6,-0.2,8.7,-728.8,-2605,0.60,-0.072,-0.045,0.00,0,,411,0,1960,729,0.00,31.4,1.00,-0.082
153.10,DOWNWIND,108.95,105.71,31.41,0.00,-4.6,-0.2,8.7,-728.8,-2608,0.60,-0.072,-0.045,0.00,0,,408,0,1963,729,0.00,31.4,1.00,-0.082
153.20,DOWNWIND,108.95,105.75,31.41,0.00,-4.6,-0.2,8.7,-728.8,-2611,0.60,-0.072,-0.045,0.00,0,,404,0,1966,729,0.00,31.4,1.00,-0.082
153.30,DOWNWIND,108.95,105.78,31.41,0.00,-4.6,-0.2,8.7,-728.8,-2614,0.60,-0.072,-0.045,0.00,0,,401,0,1969,729,0.00,31.4,1.00,-0.082
153.40,DOWNWIND,108.95,105.81,31.41,0.00,-4.6,-0.2,8.7,-728.8,-2617,0.60,-0.072,-0.045,0.00,0,,398,0,1972,729,0.00,31.4,1.00,-0.082
153.50,DOWNWIND,108.95,105.85,31.41,0.00,-4.6,-0.2,8.7,-728.8,-2620,0.60,-0.072,-0.045,0.00,0,,395,0,1975,729,0.00,31.4,1.00,-0.082
153.60,DOWNWIND,108.95,105.88,31.41,0.00,-4.6,-0.2,8.7,-728.8,-2623,0.60,-0.072,-0.045,0.00,0,,392,0,1978,729,0.00,31.4,1.00,-0.082
153.70,DOWNWIND,108.95,105.92,31.41,0.00,-4.6,-0.2,8.7,-728.8,-2627,0.60,-0.072,-0.045,0.00,0,,389,0,1982,729,0.00,31.4,1.00,-0.082
153.80,DOWNWIND,108.95,105.95,31.41,0.00,-4.6,-0.2,8.7,-728.8,-2630,0.60,-0.072,-0.045,0.00,0,,386,0,1985,729,0.00,31.4,1.00,-0.082
153.90,DOWNWIND,108.95,105.98,31.41,0.00,-4.6,-0.2,8.7,-728.8,-2633,0.60,-0.072,-0.045,0.00,0,,383,0,1988,729,0.00,31.4,1.00,-0.082
154.00,DOWNWIND,108.95,106.00,31.41,0.00,-4.6,-0.2,8.7,-728.8,-2636,0.60,-0.072,-0.045,0.00,0,,380,0,1991,729,0.00,31.4,1.00,-0.082
154.10,DOWNWIND,108.95,106.02,31.41,0.00,-4.6,-0.2,8.7,-728.8,-2639,0.60,-0.072,-0.044,0.00,0,,377,0,1994,729,0.00,31.4,1.00,-0.082
154.20,DOWNWIND,108.95,106.03,31.41,0.00,-4.6,-0.2,8.7,-728.8,-2642,0.60,-0.072,-0.044,0.00,0,,373,0,1997,729,0.00,31.4,1.00,-0.082
154.30,DOWNWIND,108.95,106.05,31.41,0.00,-4.6,-0.3,8.7,-728.8,-2645,0.60,-0.072,-0.044,0.00,0,,370,0,2000,729,0.00,31.4,1.00,-0.082
154.40,DOWNWIND,108.95,106.05,31.41,0.00,-4.6,-0.3,8.7,-728.8,-2648,0.60,-0.072,-0.044,0.00,0,,367,0,2003,729,0.00,31.4,1.00,-0.082
154.50,DOWNWIND,108.95,106.06,31.41,-0.00,-4.6,-0.4,8.7,-728.8,-2651,0.60,-0.072,-0.044,0.00,0,,364,0,2006,729,0.00,31.4,1.00,-0.082
154.60,DOWNWIND,108.95,106.06,31.41,-0.00,-4.6,-0.5,8.7,-728.8,-2655,0.60,-0.072,-0.043,0.00,0,,361,0,2010,729,0.00,31.4,1.00,-0.081
154.70,DOWNWIND,108.95,106.06,31.41,-0.00,-4.6,-0.6,8.7,-728.8,-2658,0.60,-0.072,-0.044,0.00,0,,358,0,2013,729,0.00,31.4,1.00,-0.081
154.80,DOWNWIND,108.95,106.05,31.41,-0.00,-4.6,-0.8,8.6,-728.8,-2661,0.60,-0.072,-0.044,0.00,0,,355,0,2016,729,0.00,31.4,1.00,-0.081
154.90,DOWNWIND,108.95,106.05,31.41,-0.00,-4.6,-0.9,8.6,-728.8,-2664,0.60,-0.072,-0.043,0.00,0,,352,0,2019,729,0.00,31.4,1.00,-0.081
155.00,DOWNWIND,108.95,106.04,31.41,-0.00,-4.6,-1.1,8.6,-728.8,-2667,0.60,-0.072,-0.044,0.00,0,,349,0,2022,729,0.00,31.4,1.00,-0.081
155.10,DOWNWIND,108.95,106.02,31.41,-0.01,-4.6,-1.3,8.5,-728.8,-2670,0.60,-0.072,-0.043,0.00,0,,345,0,2025,729,0.00,31.4,1.00,-0.081
155.20,DOWNWIND,108.95,106.01,31.41,-0.01,-4.6,-1.5,8.5,-728.8,-2673,0.60,-0.072,-0.042,0.00,0,,342,0,2028,729,0.00,31.4,1.00,-0.081
155.30,DOWNWIND,108.95,105.98,31.41,-0.01,-4.6,-1.7,8.5,-728.8,-2676,0.60,-0.072,-0.043,0.00,0,,339,0,2031,729,0.00,31.4,1.00,-0.081
155.40,DOWNWIND,108.95,105.95,31.41,-0.01,-4.6,-2.0,8.4,-728.8,-2679,0.60,-0.072,-0.042,0.00,0,,336,0,2034,729,0.00,31.4,1.00,-0.081
155.50,DOWNWIND,108.95,105.91,31.41,-0.02,-4.6,-2.3,8.4,-728.8,-2683,0.60,-0.072,-0.043,0.00,0,,333,0,2038,729,0.00,31.4,1.00,-0.081
155.60,DOWNWIND,108.95,105.87,31.41,-0.02,-4.6,-2.5,8.4,-728.8,-2686,0.60,-0.072,-0.043,0.00,0,,330,0,2041,729,0.00,31.4,1.00,-0.081
155.70,DOWNWIND,108.94,105.82,31.41,-0.02,-4.6,-2.8,8.4,-728.8,-2689,0.60,-0.072,-0.041,0.00,0,,327,0,2044,729,0.00,31.4,1.00,-0.081
155.80,DOWNWIND,108.94,105.77,31.41,-0.03,-4.6,-3.2,8.4,-728.7,-2692,0.60,-0.072,-0.043,0.00,0,,324,0,2047,729,0.01,31.4,1.00,-0.080
155.90,DOWNWIND,108.94,105.71,31.41,-0.03,-4.6,-3.5,8.4,-728.7,-2695,0.60,-0.072,-0.042,0.00,0,,321,0,2050,729,0.01,31.4,1.00,-0.080
156.00,DOWNWIND,108.94,105.65,31.41,-0.04,-4.6,-3.8,8.4,-728.7,-2698,0.60,-0.072,-0.042,0.00,0,,317,0,2053,729,0.01,31.4,1.00,-0.080
156.10,DOWNWIND,108.93,105.59,31.41,-0.04,-4.6,-4.2,8.4,-728.6,-2701,0.60,-0.072,-0.043,0.00,0,,314,0,2056,729,0.01,31.4,1.00,-0.080
156.20,DOWNWIND,108.93,105.53,31.42,-0.05,-4.6,-4.5,8.5,-728.6,-2704,0.60,-0.072,-0.042,0.00,0,,311,0,2059,729,0.01,31.4,1.00,-0.079
156.30,DOWNWIND,108.92,105.47,31.42,-0.05,-4.6,-4.9,8.5,-728.5,-2707,0.60,-0.072,-0.044,0.00,0,,308,0,2062,729,0.01,31.4,1.00,-0.079
156.40,DOWNWIND,108.92,105.40,31.42,-0.06,-4.5,-5.3,8.6,-728.5,-2710,0.60,-0.072,-0.043,0.00,0,,305,0,2065,728,0.01,31.4,1.00,-0.079
156.50,DOWNWIND,108.91,105.34,31.42,-0.06,-4.5,-5.7,8.7,-728.4,-2714,0.60,-0.072,-0.042,0.00,0,,302,0,2069,728,0.01,31.4,1.00,-0.078
156.60,DOWNWIND,108.91,105.27,31.42,-0.07,-4.5,-6.1,8.8,-728.3,-2717,0.60,-0.072,-0.044,0.00,0,,299,0,2072,728,0.01,31.4,1.00,-0.078
156.70,DOWNWIND,108.90,105.21,31.42,-0.08,-4.5,-6.5,8.9,-728.3,-2720,0.60,-0.072,-0.043,0.00,0,,296,0,2075,728,0.01,31.4,1.00,-0.077
156.80,DOWNWIND,108.89,105.15,31.43,-0.08,-4.5,-6.9,9.0,-728.2,-2723,0.60,-0.072,-0.045,0.00,0,,293,0,2078,728,0.02,31.4,1.00,-0.077
156.90,DOWNWIND,108.88,105.09,31.43,-0.09,-4.5,-7.3,9.2,-728.1,-2726,0.60,-0.071,-0.044,0.00,0,,290,0,2081,728,0.02,31.4,1.00,-0.076
157.00,DOWNWIND,108.87,105.03,31.43,-0.10,-4.5,-7.7,9.3,-728.0,-2729,0.60,-0.071,-0.043,0.00,1,,287,0,2084,728,0.02,31.4,1.00,-0.076
157.10,DOWNWIND,108.86,104.98,31.43,-0.11,-4.5,-8.1,9.5,-727.8,-2732,0.60,-0.071,-0.045,0.00,1,,283,0,2087,728,0.02,31.4,1.00,-0.075
157.20,DOWNWIND,108.85,104.94,31.44,-0.11,-4.4,-8.5,9.7,-727.7,-2735,0.60,-0.071,-0.045,0.00,1,,280,0,2090,728,0.02,31.4,1.00,-0.075
157.30,DOWNWIND,108.84,104.90,31.44,-0.12,-4.4,-8.9,9.9,-727.6,-2738,0.60,-0.071,-0.045,0.00,1,,277,0,2093,728,0.03,31.4,1.00,-0.074
157.40,DOWNWIND,108.83,104.88,31.44,-0.13,-4.4,-9.3,10.1,-727.4,-2741,0.60,-0.070,-0.046,0.00,1,,274,0,2096,727,0.03,31.4,1.00,-0.074
157.50,DOWNWIND,108.81,104.87,31.45,-0.14,-4.4,-9.7,10.3,-727.2,-2744,0.60,-0.070,-0.045,0.00,1,,271,0,2099,727,0.03,31.4,1.00,-0.073
157.60,DOWNWIND,108.80,104.86,31.45,-0.14,-4.4,-10.1,10.5,-727.0,-2747,0.60,-0.070,-0.047,0.00,1,,268,0,2102,727,0.03,31.4,1.00,-0.072
157.70,DOWNWIND,108.79,104.85,31.46,-0.15,-4.4,-10.5,10.8,-726.8,-2751,0.60,-0.069,-0.046,0.00,2,,265,0,2106,727,0.04,31.4,1.00,-0.072
157.80,DOWNWIND,108.77,104.85,31.46,-0.16,-4.3,-10.8,11.1,-726.6,-2754,0.60,-0.069,-0.045,0.00,2,,262,0,2109,727,0.04,31.4,1.00,-0.071
157.90,DOWNWIND,108.75,104.85,31.46,-0.17,-4.3,-11.2,11.2,-726.4,-2757,0.60,-0.068,-0.039,0.00,2,,259,0,2112,726,0.04,31.4,1.00,-0.070
158.00,DOWNWIND,108.74,104.85,31.47,-0.17,-4.3,-11.6,10.8,-726.1,-2760,0.60,-0.068,-0.017,0.00,2,,256,0,2115,726,0.05,31.4,1.00,-0.069
158.10,DOWNWIND,108.72,104.85,31.47,-0.18,-4.3,-11.9,10.5,-725.8,-2763,0.60,-0.067,-0.010,0.00,3,,253,0,2118,726,0.05,31.4,1.00,-0.069
158.20,DOWNWIND,108.70,104.85,31.48,-0.18,-4.3,-12.3,10.2,-725.5,-2766,0.60,-0.065,-0.008,0.00,3,,250,0,2121,726,0.05,31.4,1.00,-0.068
158.30,DOWNWIND,108.68,104.85,31.48,-0.18,-4.3,-12.7,10.0,-725.2,-2769,0.60,-0.064,-0.007,0.00,3,,247,0,2124,725,0.06,31.4,1.00,-0.067
158.40,DOWNWIND,108.67,104.84,31.48,-0.18,-4.3,-13.1,9.9,-724.9,-2772,0.60,-0.063,-0.013,0.00,4,,244,0,2127,725,0.06,31.4,1.00,-0.067
158.50,DOWNWIND,108.65,104.82,31.49,-0.18,-4.3,-13.4,9.8,-724.5,-2775,0.60,-0.062,-0.014,0.00,4,,241,0,2130,725,0.06,31.4,1.00,-0.066
158.60,BASE,108.63,104.79,31.41,-0.21,-4.3,-13.7,9.7,-724.2,-2778,0.05,-0.015,-0.016,0.00,238,,724,0,2133,724,0.07,27.3,0.96,0.037
158.70,BASE,108.61,104.76,31.30,-0.25,-4.2,-14.1,9.6,-723.8,-2781,0.05,0.031,-0.019,0.00,235,,724,0,2136,724,0.07,27.3,0.91,0.028
158.80,BASE,108.58,104.71,31.18,-0.25,-4.0,-14.4,9.6,-723.4,-2784,0.05,-0.008,-0.021,0.00,232,,723,0,2139,723,0.08,27.3,0.86,0.020
158.90,BASE,108.56,104.65,31.06,-0.18,-3.6,-14.7,9.5,-722.9,-2787,0.05,-0.037,-0.028,0.00,229,,723,0,2142,723,0.08,27.3,0.81,0.010
159.00,BASE,108.54,104.59,30.94,-0.10,-3.5,-14.9,9.5,-722.5,-2790,0.05,-0.041,-0.032,0.00,226,,722,0,2145,722,0.09,27.3,0.76,-0.000
159.10,BASE,108.53,104.53,30.82,-0.05,-3.4,-14.9,9.3,-722.0,-2793,0.05,-0.032,-0.031,0.00,223,,722,0,2148,722,0.09,27.3,0.71,-0.010
159.20,BASE,108.53,104.47,30.70,-0.02,-3.5,-15.0,9.2,-721.5,-2796,0.05,-0.025,-0.034,0.00,220,,721,0,2151,721,0.09,27.3,0.66,-0.018
159.30,BASE,108.53,104.41,30.58,-0.02,-3.5,-15.1,9.0,-721.0,-2799,0.05,-0.024,-0.033,0.00,217,,721,0,2154,721,0.09,27.3,0.61,-0.025
159.40,BASE,108.53,104.35,30.46,-0.03,-3.6,-15.2,8.8,-720.4,-2801,0.05,-0.027,-0.036,0.00,214,,720,0,2156,720,0.09,27.3,0.56,-0.031
159.50,BASE,108.52,104.28,30.35,-0.05,-3.6,-15.3,8.6,-719.9,-2804,0.05,-0.029,-0.035,0.00,211,,720,0,2159,720,0.09,27.3,0.51,-0.035
159.60,BASE,108.52,104.21,30.23,-0.08,-3.7,-15.4,8.3,-719.3,-2807,0.05,-0.029,-0.033,0.00,208,,719,0,2162,719,0.09,27.3,0.50,-0.036
159.70,BASE,108.51,104.13,30.12,-0.13,-3.7,-15.5,8.1,-718.7,-2810,0.05,-0.027,-0.038,0.00,206,,719,0,2165,719,0.09,27.3,0.50,-0.037
159.80,BASE,108.49,104.04,30.01,-0.18,-3.8,-15.5,7.8,-718.1,-2813,0.05,-0.026,-0.036,0.00,203,,718,0,2168,718,0.09,27.3,0.50,-0.037
159.90,BASE,108.47,103.95,29.91,-0.23,-3.8,-15.5,7.6,-717.4,-2815,0.05,-0.024,-0.036,0.00,200,,717,0,2170,717,0.10,27.3,0.50,-0.036
160.00,BASE,108.45,103.86,29.80,-0.29,-3.9,-15.5,7.4,-716.8,-2818,0.05,-0.023,-0.035,0.00,197,,717,0,2173,717,0.10,27.3,0.50,-0.036
160.10,BASE,108.42,103.75,29.70,-0.34,-3.9,-15.6,7.1,-716.1,-2821,0.05,-0.023,-0.036,0.00,195,,716,0,2176,716,0.11,27.3,0.50,-0.035
160.20,BASE,108.38,103.64,29.60,-0.40,-4.0,-15.6,6.9,-715.4,-2824,0.06,-0.020,-0.036,0.00,192,,715,0,2179,715,0.12,27.3,0.51,-0.033
160.30,BASE,108.34,103.53,29.51,-0.45,-4.0,-15.7,6.7,-714.7,-2826,0.09,-0.020,-0.034,0.00,189,,715,0,2181,715,0.13,27.3,0.56,-0.032
160.40,BASE,108.29,103.41,29.42,-0.49,-4.0,-15.8,6.6,-714.0,-2829,0.13,-0.020,-0.037,0.00,187,,714,0,2184,714,0.13,27.3,0.61,-0.032
160.50,BASE,108.24,103.29,29.35,-0.53,-4.0,-15.8,6.4,-713.2,-2832,0.16,-0.021,-0.035,0.00,184,,713,0,2187,713,0.14,27.3,0.66,-0.031
160.60,BASE,108.19,103.16,29.28,-0.57,-4.0,-15.9,6.3,-712.4,-2834,0.19,-0.022,-0.040,0.00,181,,712,0,2189,712,0.16,27.3,0.71,-0.030
160.70,BASE,108.13,103.03,29.23,-0.60,-4.0,-15.9,6.2,-711.6,-2837,0.21,-0.022,-0.039,0.00,179,,712,0,2192,712,0.17,27.3,0.76,-0.030
160.80,BASE,108.07,102.91,29.17,-0.62,-4.0,-15.8,6.1,-710.8,-2839,0.24,-0.021,-0.040,0.00,176,,711,0,2194,711,0.18,27.3,0.81,-0.029
160.90,BASE,108.01,102.78,29.12,-0.63,-4.0,-15.9,6.0,-710.0,-2842,0.26,-0.022,-0.040,0.00,173,,710,0,2197,710,0.19,27.3,0.86,-0.029
161.00,BASE,107.95,102.65,29.08,-0.64,-4.0,-15.9,5.9,-709.1,-2845,0.27,-0.022,-0.040,0.00,171,,709,0,2200,709,0.20,27.3,0.91,-0.028
161.10,BASE,107.88,102.53,29.04,-0.65,-4.0,-15.9,5.9,-708.2,-2847,0.29,-0.022,-0.041,0.00,168,,708,0,2202,708,0.22,27.3,0.96,-0.028
161.20,BASE,107.82,102.40,29.01,-0.65,-4.0,-15.9,5.9,-707.3,-2850,0.30,-0.022,-0.039,0.00,166,,707,0,2205,707,0.23,27.3,1.00,-0.028
161.30,BASE,107.75,102.28,28.98,-0.65,-4.0,-16.0,5.8,-706.4,-2852,0.32,-0.021,-0.042,0.00,163,,706,0,2207,706,0.24,27.3,1.00,-0.026
161.40,BASE,107.68,102.17,28.95,-0.65,-3.9,-16.0,5.8,-705.5,-2855,0.33,-0.020,-0.040,0.00,161,,705,0,2210,705,0.26,27.3,1.00,-0.024
161.50,BASE,107.62,102.06,28.92,-0.64,-3.9,-16.0,5.8,-704.5,-2857,0.34,-0.020,-0.043,0.00,158,,704,0,2212,704,0.27,27.3,1.00,-0.022
161.60,BASE,107.56,101.94,28.90,-0.63,-3.8,-16.0,5.8,-703.5,-2860,0.35,-0.020,-0.041,0.00,156,,703,0,2215,703,0.28,27.3,1.00,-0.021
161.70,BASE,107.49,101.83,28.87,-0.62,-3.8,-16.1,5.8,-702.5,-2862,0.36,-0.020,-0.044,0.00,153,,702,0,2217,702,0.29,27.3,1.00,-0.019
161.80,BASE,107.43,101.72,28.85,-0.60,-3.7,-16.0,5.8,-701.4,-2864,0.37,-0.020,-0.042,0.00,151,,701,0,2219,701,0.31,27.3,1.00,-0.017
161.90,BASE,107.37,101.61,28.83,-0.58,-3.7,-16.0,5.8,-700.4,-2867,0.38,-0.020,-0.044,0.00,149,,700,0,2222,700,0.32,27.3,1.00,-0.016
162.00,BASE,107.31,101.50,28.81,-0.56,-3.6,-16.0,5.8,-699.3,-2869,0.38,-0.020,-0.042,0.00,146,,699,0,2224,699,0.33,27.3,1.00,-0.014
162.10,BASE,107.26,101.40,28.79,-0.54,-3.6,-16.0,5.8,-698.2,-2872,0.39,-0.020,-0.045,0.00,144,,698,0,2227,698,0.34,27.3,1.00,-0.013
162.20,BASE,107.21,101.30,28.77,-0.51,-3.5,-15.9,5.8,-697.1,-2874,0.40,-0.020,-0.044,0.00,142,,697,0,2229,697,0.35,27.3,1.00,-0.012
162.30,BASE,107.16,101.21,28.76,-0.48,-3.4,-15.8,5.8,-695.9,-2876,0.40,-0.019,-0.042,0.00,139,,696,0,2231,696,0.36,27.3,1.00,-0.011
162.40,BASE,107.11,101.12,28.74,-0.45,-3.4,-15.7,5.8,-694.7,-2879,0.41,-0.020,-0.043,0.00,137,,695,0,2234,695,0.37,27.3,1.00,-0.010
162.50,BASE,107.07,101.03,28.72,-0.42,-3.3,-15.6,5.8,-693.6,-2881,0.41,-0.020,-0.041,0.00,135,,694,0,2236,694,0.38,27.3,1.00,-0.009
162.60,BASE,107.03,100.95,28.70,-0.38,-3.2,-15.6,5.8,-692.3,-2883,0.42,-0.020,-0.042,0.00,132,,692,0,2238,692,0.39,27.3,1.00,-0.008
162.70,BASE,106.99,100.87,28.69,-0.35,-3.2,-15.5,5.8,-691.1,-2886,0.42,-0.021,-0.040,0.00,130,,691,0,2241,691,0.40,27.3,1.00,-0.008
162.80,BASE,106.96,100.79,28.67,-0.31,-3.1,-15.4,5.9,-689.8,-2888,0.43,-0.021,-0.042,0.00,128,,690,0,2243,690,0.40,27.3,1.00,-0.007
162.90,BASE,106.93,100.72,28.65,-0.28,-3.0,-15.3,5.9,-688.6,-2890,0.43,-0.021,-0.039,0.00,126,,689,0,2245,689,0.41,27.3,1.00,-0.007
163.00,BASE,106.90,100.66,28.63,-0.24,-3.0,-15.3,5.9,-687.3,-2892,0.44,-0.022,-0.041,0.00,123,,687,0,2247,687,0.41,27.3,1.00,-0.007
163.10,BASE,106.88,100.60,28.62,-0.21,-2.9,-15.2,5.9,-686.0,-2894,0.44,-0.022,-0.038,0.00,121,,686,0,2249,686,0.42,27.3,1.00,-0.006
163.20,BASE,106.86,100.54,28.60,-0.17,-2.9,-15.2,5.9,-684.6,-2897,0.44,-0.023,-0.040,0.00,119,,685,0,2252,685,0.42,27.3,1.00,-0.006
163.30,BASE,106.84,100.49,28.58,-0.14,-2.8,-15.1,5.9,-683.3,-2899,0.45,-0.023,-0.038,0.00,117,,683,0,2254,683,0.43,27.3,1.00,-0.006
163.40,BASE,106.83,100.44,28.56,-0.11,-2.8,-15.1,5.9,-681.9,-2901,0.45,-0.024,-0.039,0.00,115,,682,0,2256,682,0.43,27.3,1.00,-0.006
163.50,BASE,106.82,100.41,28.55,-0.07,-2.7,-15.0,5.8,-680.5,-2903,0.46,-0.024,-0.037,0.00,113,,680,0,2258,680,0.43,27.3,1.00,-0.007
163.60,BASE,106.81,100.38,28.53,-0.04,-2.7,-14.9,5.8,-679.1,-2905,0.46,-0.025,-0.038,0.00,111,,679,0,2260,679,0.43,27.3,1.00,-0.007
163.70,BASE,106.81,100.35,28.51,-0.02,-2.6,-14.9,5.8,-677.6,-2907,0.46,-0.025,-0.036,0.00,108,,678,0,2262,678,0.43,27.3,1.00,-0.007
163.80,BASE,106.81,100.34,28.49,0.01,-2.6,-14.8,5.8,-676.2,-2909,0.47,-0.026,-0.037,0.00,106,,676,0,2264,676,0.43,27.3,1.00,-0.007
163.90,BASE,106.81,100.33,28.48,0.04,-2.5,-14.7,5.8,-674.7,-2911,0.47,-0.026,-0.035,0.00,104,,675,0,2266,675,0.43,27.3,1.00,-0.007
164.00,BASE,106.81,100.33,28.46,0.06,-2.5,-14.7,5.8,-673.2,-2913,0.47,-0.027,-0.037,0.00,102,,673,0,2268,673,0.43,27.3,1.00,-0.008
164.10,BASE,106.82,100.33,28.44,0.08,-2.4,-14.6,5.7,-671.7,-2915,0.47,-0.027,-0.037,0.00,100,,672,0,2270,672,0.43,27.3,1.00,-0.008
164.20,BASE,106.83,100.34,28.42,0.11,-2.4,-14.5,5.7,-670.2,-2917,0.48,-0.028,-0.037,0.00,98,,670,0,2272,670,0.43,27.3,1.00,-0.008
164.30,BASE,106.84,100.35,28.41,0.13,-2.4,-14.3,5.7,-668.7,-2919,0.48,-0.027,-0.035,0.00,96,,669,0,2274,669,0.43,27.3,1.00,-0.009
164.40,BASE,106.86,100.38,28.39,0.15,-2.3,-14.2,5.7,-667.1,-2921,0.48,-0.028,-0.035,0.00,95,,667,0,2276,667,0.42,27.3,1.00,-0.009
164.50,BASE,106.87,100.40,28.37,0.17,-2.3,-14.1,5.7,-665.6,-2923,0.49,-0.028,-0.033,0.00,93,,666,0,2278,666,0.42,27.3,1.00,-0.010
164.60,BASE,106.89,100.44,28.35,0.19,-2.3,-14.0,5.7,-664.0,-2925,0.49,-0.029,-0.034,0.00,91,,664,0,2280,664,0.42,27.3,1.00,-0.010
164.70,BASE,106.91,100.48,28.34,0.21,-2.3,-13.9,5.7,-662.4,-2927,0.49,-0.030,-0.032,0.00,89,,662,0,2282,662,0.41,27.3,1.00,-0.011
164.80,BASE,106.93,100.53,28.32,0.22,-2.2,-13.9,5.7,-660.8,-2929,0.49,-0.030,-0.034,0.00,87,,661,0,2284,661,0.41,27.3,1.00,-0.011
164.90,BASE,106.95,100.58,28.30,0.24,-2.2,-13.8,5.7,-659.1,-2930,0.49,-0.030,-0.031,0.00,85,,659,0,2285,659,0.40,27.3,1.00,-0.012
165.00,BASE,106.98,100.63,28.29,0.26,-2.2,-13.7,5.6,-657.5,-2932,0.50,-0.031,-0.033,0.00,83,,658,0,2287,658,0.40,27.3,1.00,-0.012
165.10,BASE,107.00,100.69,28.27,0.27,-2.2,-13.6,5.6,-655.8,-2934,0.50,-0.031,-0.031,0.00,82,,656,0,2289,656,0.39,27.3,1.00,-0.013
165.20,BASE,107.03,100.75,28.25,0.28,-2.2,-13.6,5.6,-654.2,-2936,0.50,-0.032,-0.032,0.00,80,,654,0,2291,654,0.39,27.3,1.00,-0.013
165.30,BASE,107.06,100.81,28.24,0.29,-2.2,-13.5,5.5,-652.5,-2937,0.50,-0.032,-0.030,0.00,78,,652,0,2292,652,0.38,27.3,1.00,-0.014
165.40,BASE,107.09,100.87,28.22,0.30,-2.2,-13.5,5.5,-650.8,-2939,0.50,-0.032,-0.031,0.00,76,,651,0,2294,651,0.38,27.3,1.00,-0.015
165.50,BASE,107.12,100.93,28.20,0.31,-2.1,-13.4,5.5,-649.1,-2941,0.50,-0.033,-0.029,0.00,75,,649,0,2296,649,0.37,27.3,1.00,-0.015
165.60,BASE,107.15,100.98,28.19,0.32,-2.1,-13.4,5.4,-647.4,-2943,0.51,-0.033,-0.030,0.00,73,,647,0,2298,647,0.36,27.3,1.00,-0.016
165.70,BASE,107.18,101.04,28.17,0.32,-2.1,-13.3,5.3,-645.6,-2944,0.51,-0.033,-0.028,0.00,71,,646,0,2299,646,0.36,27.3,1.00,-0.016
165.80,BASE,107.21,101.09,28.16,0.33,-2.1,-13.3,5.3,-643.9,-2946,0.51,-0.033,-0.029,0.00,70,,644,0,2301,644,0.35,27.3,1.00,-0.017
165.90,BASE,107.25,101.14,28.14,0.33,-2.1,-13.2,5.2,-642.1,-2948,0.51,-0.034,-0.027,0.00,68,,642,0,2303,642,0.34,27.3,1.00,-0.017
166.00,BASE,107.28,101.19,28.13,0.33,-2.1,-13.2,5.1,-640.4,-2949,0.51,-0.034,-0.028,0.00,66,,640,0,2304,640,0.34,27.3,1.00,-0.017
166.10,BASE,107.31,101.23,28.12,0.33,-2.1,-13.2,5.1,-638.6,-2951,0.51,-0.034,-0.026,0.00,65,,639,0,2306,639,0.33,27.3,1.00,-0.018
166.20,BASE,107.35,101.27,28.10,0.33,-2.1,-13.2,5.0,-636.8,-2952,0.51,-0.034,-0.027,0.00,63,,637,0,2307,637,0.32,27.3,1.00,-0.018
166.30,BASE,107.38,101.30,28.09,0.33,-2.1,-13.1,4.9,-635.0,-2954,0.52,-0.034,-0.026,0.00,62,,635,0,2309,635,0.32,27.3,1.00,-0.018
166.40,BASE,107.41,101.33,28.08,0.33,-2.1,-13.1,4.9,-633.2,-2955,0.52,-0.034,-0.026,0.00,60,,633,0,2310,633,0.31,27.3,1.00,-0.019
166.50,BASE,107.45,101.36,28.06,0.33,-2.1,-13.1,4.8,-631.3,-2957,0.52,-0.034,-0.025,0.00,59,,631,0,2312,631,0.30,27.3,1.00,-0.019
166.60,BASE,107.48,101.38,28.05,0.33,-2.1,-13.0,4.7,-629.5,-2958,0.52,-0.034,-0.025,0.00,57,,629,0,2313,629,0.30,27.3,1.00,-0.019
166.70,BASE,107.51,101.39,28.04,0.33,-2.1,-13.0,4.7,-627.6,-2960,0.52,-0.035,-0.027,0.00,56,,628,0,2315,628,0.29,27.3,1.00,-0.020
166.80,BASE,107.55,101.40,28.03,0.33,-2.1,-12.8,4.6,-625.8,-2961,0.52,-0.034,-0.026,0.00,54,,626,0,2316,626,0.28,27.3,1.00,-0.020
166.90,BASE,107.58,101.41,28.02,0.33,-2.1,-12.7,4.6,-623.9,-2963,0.52,-0.034,-0.025,0.00,53,,624,0,2318,624,0.28,27.3,1.00,-0.020
167.00,BASE,107.61,101.42,28.01,0.33,-2.1,-12.6,4.5,-622.0,-2964,0.52,-0.034,-0.024,0.00,51,,622,0,2319,622,0.27,27.3,1.00,-0.020
167.10,BASE,107.64,101.42,28.00,0.32,-2.1,-12.6,4.5,-620.1,-2966,0.52,-0.034,-0.024,0.00,50,,620,0,2321,620,0.26,27.3,1.00,-0.021
167.20,BASE,107.68,101.41,27.98,0.33,-2.2,-12.5,4.5,-618.2,-2967,0.52,-0.035,-0.024,0.00,49,,618,0,2322,618,0.26,27.3,1.00,-0.021
167.30,BASE,107.71,101.41,27.97,0.33,-2.2,-12.4,4.4,-616.3,-2968,0.52,-0.035,-0.024,0.00,47,,616,0,2323,616,0.25,27.3,1.00,-0.021
167.40,BASE,107.74,101.40,27.96,0.33,-2.2,-12.4,4.4,-614.4,-2970,0.52,-0.035,-0.023,0.00,46,,614,0,2325,614,0.25,27.3,1.00,-0.022
167.50,BASE,107.77,101.38,27.95,0.33,-2.2,-12.4,4.4,-612.5,-2971,0.52,-0.035,-0.024,0.00,45,,612,0,2326,612,0.24,27.3,1.00,-0.022
167.60,BASE,107.81,101.37,27.94,0.33,-2.2,-12.3,4.3,-610.5,-2972,0.52,-0.035,-0.022,0.00,43,,611,0,2327,611,0.23,27.3,1.00,-0.023
167.70,BASE,107.84,101.35,27.93,0.32,-2.2,-12.3,4.3,-608.6,-2974,0.52,-0.035,-0.023,0.00,42,,609,0,2329,609,0.23,27.3,1.00,-0.023
167.80,BASE,107.87,101.32,27.92,0.32,-2.2,-12.2,4.2,-606.6,-2975,0.52,-0.035,-0.021,0.00,41,,607,0,2330,607,0.22,27.3,1.00,-0.023
167.90,BASE,107.90,101.29,27.91,0.32,-2.2,-12.2,4.1,-604.7,-2976,0.52,-0.035,-0.022,0.00,40,,605,0,2331,605,0.21,27.3,1.00,-0.024
168.00,BASE,107.94,101.26,27.90,0.32,-2.2,-12.2,4.1,-602.7,-2977,0.52,-0.036,-0.021,0.00,38,,603,0,2332,603,0.21,27.3,1.00,-0.024
168.10,BASE,107.97,101.23,27.89,0.32,-2.2,-12.1,4.0,-600.7,-2978,0.52,-0.035,-0.021,0.00,37,,601,0,2333,601,0.20,27.3,1.00,-0.024
168.20,BASE,108.00,101.20,27.88,0.31,-2.2,-12.1,3.9,-598.7,-2980,0.52,-0.036,-0.020,0.00,36,,599,0,2335,599,0.19,27.3,1.00,-0.025
168.30,BASE,108.03,101.16,27.87,0.31,-2.2,-12.1,3.8,-596.7,-2981,0.52,-0.036,-0.020,0.00,35,,597,0,2336,597,0.19,27.3,1.00,-0.025
168.40,BASE,108.06,101.12,27.87,0.30,-2.2,-12.1,3.7,-594.7,-2982,0.52,-0.036,-0.021,0.00,34,,595,0,2337,595,0.18,27.3,1.00,-0.025
168.50,BASE,108.09,101.08,27.86,0.30,-2.3,-12.0,3.6,-592.7,-2983,0.52,-0.036,-0.019,0.00,33,,593,0,2338,593,0.18,27.3,1.00,-0.025
168.60,BASE,108.12,101.04,27.85,0.29,-2.3,-12.0,3.5,-590.7,-2984,0.53,-0.036,-0.020,0.00,31,,591,0,2339,591,0.17,27.3,1.00,-0.025
168.70,BASE,108.15,100.99,27.84,0.29,-2.3,-12.0,3.4,-588.7,-2985,0.53,-0.036,-0.018,0.00,30,,589,0,2340,589,0.16,27.3,1.00,-0.026
168.80,BASE,108.18,100.94,27.83,0.28,-2.3,-12.0,3.3,-586.6,-2986,0.53,-0.036,-0.019,0.00,29,,587,0,2341,587,0.16,27.3,1.00,-0.026
168.90,BASE,108.21,100.89,27.83,0.28,-2.3,-11.9,3.3,-584.6,-2987,0.53,-0.036,-0.017,0.00,28,,585,0,2342,585,0.15,27.3,1.00,-0.026
169.00,BASE,108.23,100.84,27.82,0.27,-2.3,-11.9,3.2,-582.5,-2988,0.53,-0.035,-0.018,0.00,27,,583,0,2343,583,0.15,27.3,1.00,-0.026
169.10,BASE,108.26,100.78,27.81,0.27,-2.3,-11.9,3.1,-580.5,-2989,0.53,-0.036,-0.016,0.00,26,,580,0,2344,580,0.14,27.3,1.00,-0.026
169.20,BASE,108.29,100.73,27.80,0.26,-2.3,-11.9,3.0,-578.4,-2990,0.53,-0.035,-0.017,0.00,25,,578,0,2345,578,0.14,27.3,1.00,-0.026
169.30,BASE,108.31,100.68,27.80,0.26,-2.3,-11.9,2.9,-576.3,-2991,0.52,-0.035,-0.015,0.00,24,,576,0,2346,576,0.13,27.3,1.00,-0.026
169.40,BASE,108.34,100.62,27.79,0.25,-2.3,-11.9,2.8,-574.3,-2992,0.52,-0.035,-0.016,0.00,23,,574,0,2347,574,0.13,27.3,1.00,-0.027
169.50,BASE,108.36,100.57,27.78,0.25,-2.3,-11.9,2.8,-572.2,-2993,0.52,-0.035,-0.015,0.00,22,,572,0,2348,572,0.12,27.3,1.00,-0.027
169.60,BASE,108.39,100.52,27.78,0.24,-2.3,-11.9,2.7,-570.1,-2994,0.52,-0.035,-0.015,0.00,21,,570,0,2349,570,0.12,27.3,1.00,-0.027
169.70,BASE,108.41,100.47,27.77,0.24,-2.3,-11.9,2.6,-568.0,-2995,0.52,-0.035,-0.016,0.00,21,,568,0,2350,568,0.11,27.3,1.00,-0.027
169.80,BASE,108.44,100.43,27.77,0.23,-2.3,-11.8,2.5,-565.9,-2996,0.52,-0.035,-0.014,0.00,20,,566,0,2351,566,0.11,27.3,1.00,-0.027
169.90,BASE,108.46,100.38,27.76,0.23,-2.4,-11.8,2.5,-563.8,-2997,0.52,-0.035,-0.015,0.00,19,,564,0,2352,564,0.10,27.3,1.00,-0.027
170.00,BASE,108.48,100.34,27.75,0.23,-2.4,-11.8,2.4,-561.7,-2998,0.52,-0.035,-0.013,0.00,18,,562,0,2353,562,0.10,27.3,1.00,-0.027
170.10,BASE,108.51,100.31,27.75,0.22,-2.4,-11.8,2.4,-559.6,-2998,0.52,-0.035,-0.015,0.00,17,,560,0,2353,560,0.09,27.3,1.00,-0.028
170.20,BASE,108.53,100.27,27.74,0.22,-2.4,-11.8,2.3,-557.4,-2999,0.52,-0.035,-0.013,0.00,16,,557,0,2354,557,0.09,27.3,1.00,-0.028
170.30,BASE,108.55,100.25,27.74,0.22,-2.4,-11.8,2.2,-555.3,-3000,0.52,-0.035,-0.014,0.00,16,,555,0,2355,555,0.08,27.3,1.00,-0.028
170.40,BASE,108.57,100.22,27.73,0.22,-2.4,-11.7,2.2,-553.2,-3001,0.52,-0.035,-0.012,0.00,15,,553,0,2356,553,0.08,27.3,1.00,-0.028
170.50,BASE,108.59,100.20,27.73,0.22,-2.4,-11.7,2.1,-551.0,-3001,0.52,-0.035,-0.013,0.00,14,,551,0,2356,551,0.07,27.3,1.00,-0.028
170.60,BASE,108.62,100.18,27.72,0.21,-2.4,-11.6,2.1,-548.9,-3002,0.52,-0.035,-0.012,0.00,13,,549,0,2357,549,0.07,27.3,1.00,-0.028
170.70,BASE,108.64,100.17,27.72,0.21,-2.4,-11.6,2.0,-546.8,-3003,0.52,-0.035,-0.013,0.00,13,,547,0,2358,547,0.07,27.3,1.00,-0.029
170.80,BASE,108.66,100.16,27.71,0.21,-2.4,-11.5,2.0,-544.6,-3003,0.52,-0.035,-0.013,0.00,12,,545,0,2358,545,0.06,27.3,1.00,-0.029
170.90,BASE,108.68,100.16,27.71,0.21,-2.4,-11.5,1.9,-542.5,-3004,0.52,-0.035,-0.012,0.00,11,,542,0,2359,542,0.06,27.3,1.00,-0.029
171.00,BASE,108.70,100.15,27.70,0.21,-2.4,-11.4,1.8,-540.3,-3005,0.52,-0.035,-0.013,0.00,11,,540,0,2360,540,0.05,27.3,1.00,-0.029
171.10,BASE,108.72,100.16,27.70,0.21,-2.4,-11.3,1.8,-538.1,-3005,0.52,-0.035,-0.011,0.00,10,,538,0,2360,538,0.05,27.3,1.00,-0.030
171.20,BASE,108.74,100.16,27.69,0.21,-2.4,-11.2,1.7,-536.0,-3006,0.52,-0.035,-0.012,0.00,10,,536,0,2361,536,0.05,27.3,1.00,-0.030
171.30,BASE,108.76,100.17,27.68,0.21,-2.4,-11.1,1.7,-533.8,-3007,0.52,-0.035,-0.010,0.00,9,,534,0,2362,534,0.04,27.3,1.00,-0.030
171.40,BASE,108.78,100.18,27.68,0.21,-2.5,-11.0,1.6,-531.6,-3007,0.52,-0.035,-0.011,0.00,8,,532,0,2362,532,0.04,27.3,1.00,-0.030
171.50,BASE,108.80,100.19,27.67,0.21,-2.5,-10.8,1.6,-529.4,-3008,0.52,-0.036,-0.010,0.00,8,,529,0,2363,529,0.03,27.3,1.00,-0.031
171.60,BASE,108.82,100.21,27.67,0.21,-2.5,-10.7,1.5,-527.3,-3008,0.52,-0.036,-0.010,0.00,7,,527,0,2363,527,0.03,27.3,1.00,-0.031
171.70,BASE,108.85,100.23,27.66,0.21,-2.5,-10.5,1.4,-525.1,-3009,0.52,-0.036,-0.010,0.00,7,,525,0,2364,525,0.02,27.3,1.00,-0.031
171.80,BASE,108.87,100.25,27.66,0.21,-2.5,-10.3,1.4,-522.9,-3009,0.52,-0.036,-0.010,0.00,6,,523,0,2364,523,0.02,27.3,1.00,-0.032
171.90,BASE,108.89,100.28,27.65,0.22,-2.5,-10.1,1.3,-520.7,-3010,0.52,-0.036,-0.009,0.00,6,,521,0,2365,521,0.02,27.3,1.00,-0.032
172.00,BASE,108.91,100.31,27.65,0.22,-2.5,-10.0,1.3,-518.5,-3010,0.52,-0.037,-0.008,0.00,6,,519,0,2365,519,0.01,27.3,1.00,-0.033
172.10,BASE,108.93,100.34,27.64,0.22,-2.5,-9.8,1.2,-516.3,-3010,0.52,-0.037,-0.008,0.00,5,,516,0,2365,516,0.01,27.3,1.00,-0.033
172.20,BASE,108.95,100.37,27.63,0.22,-2.5,-9.6,1.1,-514.1,-3011,0.52,-0.037,-0.008,0.00,5,,514,0,2366,514,0.00,27.3,1.00,-0.034
172.30,BASE,108.98,100.40,27.63,0.23,-2.5,-9.4,1.1,-511.9,-3011,0.52,-0.038,-0.007,0.00,4,,512,0,2366,512,-0.00,27.3,1.00,-0.034
172.40,BASE,109.00,100.43,27.62,0.23,-2.5,-9.2,1.0,-509.7,-3012,0.52,-0.038,-0.007,0.00,4,,510,0,2367,510,-0.01,27.3,1.00,-0.035
172.50,BASE,109.02,100.47,27.62,0.23,-2.6,-9.0,0.9,-507.5,-3012,0.52,-0.037,-0.006,0.00,4,,508,0,2367,508,-0.01,27.3,1.00,-0.035
172.60,BASE,109.05,100.50,27.61,0.23,-2.6,-8.8,0.8,-505.3,-3012,0.52,-0.035,-0.006,0.00,3,,505,0,2367,505,-0.02,27.3,1.00,-0.036
172.70,BASE,109.07,100.54,27.60,0.22,-2.6,-8.6,0.6,-503.1,-3013,0.52,-0.034,-0.005,0.00,3,,503,0,2368,503,-0.02,27.3,1.00,-0.036
172.80,BASE,109.09,100.57,27.60,0.22,-2.6,-8.4,0.5,-500.9,-3013,0.52,-0.035,-0.004,0.00,3,,501,0,2368,501,-0.02,27.3,1.00,-0.036
172.90,BASE,109.11,100.60,27.59,0.21,-2.6,-8.2,0.4,-498.7,-3013,0.51,-0.036,-0.004,0.00,2,,499,0,2368,499,-0.03,27.3,1.00,-0.037
173.00,BASE,109.13,100.64,27.59,0.21,-2.7,-8.0,0.2,-496.5,-3014,0.51,-0.036,-0.004,0.00,2,,497,0,2369,497,-0.03,27.3,1.00,-0.037
173.10,BASE,109.15,100.67,27.58,0.20,-2.7,-7.7,0.1,-494.3,-3014,0.51,-0.036,-0.003,0.00,2,,494,0,2369,494,-0.04,27.3,1.00,-0.037
173.20,BASE,109.17,100.71,27.58,0.20,-2.7,-7.5,-0.1,-492.1,-3014,0.51,-0.036,-0.003,0.00,1,,492,0,2369,492,-0.04,27.3,1.00,-0.037
173.30,BASE,109.19,100.74,27.57,0.19,-2.7,-7.3,-0.3,-489.9,-3014,0.51,-0.036,-0.002,0.00,1,,490,0,2369,490,-0.05,27.3,1.00,-0.038
173.40,BASE,109.21,100.78,27.57,0.19,-2.7,-7.1,-0.5,-487.7,-3015,0.51,-0.036,-0.002,0.00,1,,488,0,2370,488,-0.05,27.3,1.00,-0.038
173.50,BASE,109.23,100.81,27.57,0.19,-2.7,-6.9,-0.7,-485.5,-3015,0.51,-0.036,-0.001,0.00,1,,485,0,2370,485,-0.05,27.3,1.00,-0.038
173.60,BASE,109.25,100.84,27.56,0.18,-2.7,-6.7,-0.9,-483.3,-3015,0.51,-0.036,-0.001,0.00,1,,483,0,2370,483,-0.06,27.3,1.00,-0.038
173.70,BASE,109.27,100.88,27.56,0.18,-2.8,-6.5,-1.1,-481.1,-3015,0.51,-0.036,0.000,0.00,0,,481,0,2370,481,-0.06,27.3,1.00,-0.039
173.80,BASE,109.29,100.91,27.55,0.17,-2.8,-6.2,-1.4,-478.8,-3015,0.51,-0.037,0.000,0.00,0,,479,0,2370,479,-0.06,27.3,1.00,-0.039
173.90,BASE,109.30,100.95,27.55,0.17,-2.8,-6.0,-1.6,-476.6,-3016,0.51,-0.037,0.001,0.00,0,,477,0,2371,477,-0.07,27.3,1.00,-0.039
174.00,BASE,109.32,100.99,27.55,0.17,-2.8,-5.8,-1.8,-474.4,-3016,0.51,-0.037,0.001,0.00,0,,474,0,2371,474,-0.07,27.3,1.00,-0.039
174.10,BASE,109.34,101.04,27.54,0.16,-2.8,-5.6,-2.1,-472.2,-3016,0.51,-0.037,0.002,0.00,0,,472,0,2371,472,-0.07,27.3,1.00,-0.039
174.20,BASE,109.35,101.09,27.54,0.16,-2.8,-5.4,-2.3,-470.0,-3016,0.51,-0.037,0.002,0.00,0,,470,0,2371,470,-0.08,27.3,1.00,-0.040
174.30,BASE,109.37,101.14,27.54,0.15,-2.8,-5.2,-2.5,-467.8,-3016,0.51,-0.037,-0.000,0.00,1,,468,0,2371,468,-0.08,27.3,1.00,-0.040
174.40,BASE,109.38,101.19,27.53,0.15,-2.8,-5.0,-2.3,-465.6,-3016,0.51,-0.037,-0.017,0.00,1,,466,0,2371,466,-0.08,27.3,1.00,-0.040
174.50,BASE,109.40,101.25,27.53,0.15,-2.8,-4.8,-2.2,-463.4,-3016,0.51,-0.037,-0.023,0.00,1,,463,0,2371,463,-0.09,27.3,1.00,-0.040
174.60,BASE,109.41,101.30,27.53,0.14,-2.8,-4.6,-2.0,-461.2,-3016,0.51,-0.037,-0.025,0.00,1,,461,0,2371,461,-0.09,27.3,1.00,-0.040
174.70,BASE,109.43,101.36,27.52,0.14,-2.8,-4.4,-1.9,-458.9,-3017,0.51,-0.038,-0.024,0.00,1,,459,0,2372,459,-0.09,27.3,1.00,-0.040
174.80,BASE,109.44,101.42,27.52,0.14,-2.8,-4.2,-1.8,-456.7,-3017,0.51,-0.038,-0.022,0.00,1,,457,0,2372,457,-0.09,27.3,1.00,-0.041
174.90,BASE,109.46,101.49,27.52,0.13,-2.8,-4.0,-1.7,-454.5,-3017,0.51,-0.038,-0.020,0.00,1,,455,0,2372,455,-0.10,27.3,1.00,-0.041
175.00,BASE,109.47,101.55,27.52,0.13,-2.8,-3.8,-1.7,-452.3,-3017,0.51,-0.038,-0.018,0.00,1,,452,0,2372,452,-0.10,27.3,1.00,-0.041
175.10,BASE,109.48,101.62,27.51,0.12,-2.9,-3.6,-1.7,-450.1,-3017,0.51,-0.037,-0.016,0.00,1,,450,0,2372,450,-0.10,27.3,1.00,-0.041
175.20,BASE,109.49,101.68,27.51,0.12,-2.9,-3.4,-1.6,-447.9,-3017,0.51,-0.037,-0.014,0.00,1,,448,0,2372,448,-0.11,27.3,1.00,-0.041
175.30,BASE,109.50,101.75,27.51,0.11,-2.9,-3.2,-1.6,-445.7,-3017,0.51,-0.037,-0.012,0.00,1,,446,0,2372,446,-0.11,27.3,1.00,-0.041
175.40,BASE,109.52,101.82,27.51,0.11,-2.9,-3.1,-1.5,-443.5,-3017,0.51,-0.037,-0.010,0.00,1,,443,0,2372,443,-0.11,27.3,1.00,-0.041
175.50,BASE,109.53,101.88,27.50,0.11,-2.9,-2.9,-1.4,-441.3,-3017,0.51,-0.037,-0.008,0.00,2,,441,0,2372,441,-0.11,27.3,1.00,-0.041
175.60,BASE,109.54,101.95,27.50,0.10,-2.9,-2.8,-1.4,-439.0,-3017,0.51,-0.037,-0.007,0.00,2,,439,0,2372,439,-0.11,27.3,1.00,-0.041
175.70,BASE,109.55,102.02,27.50,0.10,-2.9,-2.6,-1.3,-436.8,-3017,0.50,-0.037,-0.006,0.00,2,,437,0,2372,437,-0.12,27.3,1.00,-0.041
175.80,BASE,109.56,102.09,27.50,0.10,-2.9,-2.5,-1.1,-434.6,-3017,0.50,-0.037,-0.006,0.00,2,,435,0,2372,435,-0.12,27.3,1.00,-0.041
175.90,BASE,109.57,102.16,27.50,0.09,-2.9,-2.4,-1.0,-432.4,-3017,0.50,-0.037,-0.005,0.00,2,,432,0,2372,432,-0.12,27.3,1.00,-0.041
176.00,BASE,109.58,102.22,27.49,0.09,-2.9,-2.3,-0.9,-430.2,-3017,0.50,-0.037,-0.005,0.00,2,,430,0,2372,430,-0.12,27.3,1.00,-0.041
176.10,BASE,109.59,102.29,27.49,0.09,-2.9,-2.2,-0.7,-428.0,-3017,0.50,-0.037,-0.004,0.00,2,,428,0,2372,428,-0.12,27.3,1.00,-0.042
176.20,BASE,109.59,102.36,27.49,0.09,-2.9,-2.1,-0.5,-425.8,-3017,0.50,-0.036,-0.004,0.00,2,,426,0,2372,426,-0.13,27.3,1.00,-0.042
176.30,BASE,109.60,102.42,27.49,0.08,-2.9,-2.0,-0.4,-423.6,-3017,0.50,-0.036,-0.004,0.00,2,,424,0,2372,424,-0.13,27.3,1.00,-0.042
176.40,BASE,109.61,102.48,27.49,0.08,-2.9,-1.9,-0.2,-421.4,-3017,0.50,-0.036,-0.004,0.00,2,,421,0,2372,421,-0.13,27.3,1.00,-0.042
176.50,BASE,109.62,102.55,27.48,0.08,-2.9,-1.8,-0.0,-419.2,-3017,0.50,-0.036,-0.004,0.00,2,,419,0,2372,419,-0.13,27.3,1.00,-0.042
176.60,BASE,109.63,102.61,27.48,0.08,-2.9,-1.6,0.1,-417.0,-3017,0.50,-0.036,-0.004,0.00,2,,417,0,2372,417,-0.13,27.3,1.00,-0.042
176.70,BASE,109.63,102.67,27.48,0.08,-2.9,-1.6,0.3,-414.7,-3017,0.50,-0.036,-0.004,0.00,2,,415,0,2372,415,-0.13,27.3,1.00,-0.042
176.80,BASE,109.64,102.72,27.48,0.08,-3.0,-1.5,0.4,-412.5,-3017,0.50,-0.036,-0.004,0.00,2,,413,0,2372,413,-0.13,27.3,1.00,-0.042
176.90,BASE,109.65,102.77,27.48,0.07,-3.0,-1.4,0.5,-410.3,-3017,0.50,-0.036,-0.004,0.00,2,,410,0,2372,410,-0.14,27.3,1.00,-0.043
177.00,BASE,109.66,102.82,27.47,0.07,-3.0,-1.3,0.6,-408.1,-3017,0.50,-0.037,-0.003,0.00,2,,408,0,2372,408,-0.14,27.3,1.00,-0.043
177.10,BASE,109.66,102.86,27.47,0.07,-3.0,-1.2,0.7,-405.9,-3017,0.50,-0.037,-0.003,0.00,2,,406,0,2372,406,-0.14,27.3,1.00,-0.043
177.20,BASE,109.67,102.90,27.47,0.07,-3.0,-1.1,0.8,-403.7,-3017,0.50,-0.037,-0.003,0.00,2,,404,0,2372,404,-0.14,27.3,1.00,-0.043
177.30,BASE,109.68,102.93,27.47,0.06,-3.0,-1.0,0.8,-401.5,-3017,0.50,-0.037,-0.002,0.00,2,,402,0,2372,402,-0.14,27.3,1.00,-0.043
177.40,BASE,109.68,102.97,27.46,0.06,-3.0,-0.9,0.9,-399.3,-3017,0.50,-0.037,-0.002,0.00,2,,399,0,2372,399,-0.14,27.3,1.00,-0.043
177.50,BASE,109.69,102.99,27.46,0.06,-3.0,-0.8,0.9,-397.1,-3017,0.50,-0.036,-0.001,0.00,2,,397,0,2372,397,-0.14,27.3,1.00,-0.043
177.60,BASE,109.70,103.02,27.46,0.06,-3.0,-0.7,0.9,-394.9,-3017,0.50,-0.036,-0.001,0.00,1,,395,0,2372,395,-0.15,27.3,1.00,-0.043
177.70,BASE,109.70,103.04,27.46,0.05,-3.0,-0.6,0.9,-392.7,-3017,0.50,-0.036,-0.000,0.00,1,,393,0,2372,393,-0.15,27.3,1.00,-0.043
177.80,BASE,109.71,103.06,27.46,0.05,-3.0,-0.5,0.9,-390.5,-3017,0.50,-0.036,-0.000,0.00,1,,390,0,2372,390,-0.15,27.3,1.00,-0.043
177.90,BASE,109.71,103.08,27.46,0.05,-3.0,-0.4,0.9,-388.3,-3017,0.50,-0.036,0.001,0.00,1,,388,0,2372,388,-0.15,27.3,1.00,-0.043
178.00,BASE,109.72,103.10,27.45,0.05,-3.0,-0.4,0.9,-386.1,-3017,0.50,-0.036,0.001,0.00,1,,386,0,2372,386,-0.15,27.3,1.00,-0.043
178.10,BASE,109.72,103.11,27.45,0.04,-3.0,-0.3,0.9,-383.9,-3017,0.50,-0.036,0.001,0.00,1,,384,0,2372,384,-0.15,27.3,1.00,-0.044
178.20,BASE,109.73,103.13,27.45,0.04,-3.0,-0.2,0.9,-381.7,-3017,0.50,-0.036,0.002,0.00,1,,382,0,2372,382,-0.15,27.3,1.00,-0.044
178.30,BASE,109.73,103.14,27.45,0.04,-3.0,-0.2,0.9,-379.5,-3017,0.50,-0.036,0.002,0.00,1,,379,0,2372,379,-0.15,27.3,1.00,-0.044
178.40,BASE,109.73,103.16,27.45,0.04,-3.0,-0.1,0.9,-377.2,-3017,0.50,-0.036,0.002,0.00,1,,377,0,2372,377,-0.15,27.3,1.00,-0.044
178.50,BASE,109.74,103.17,27.45,0.03,-3.0,-0.0,0.9,-375.0,-3017,0.50,-0.036,0.003,0.00,1,,375,0,2372,375,-0.15,27.3,1.00,-0.044
178.60,BASE,109.74,103.19,27.45,0.03,-3.0,0.0,0.8,-372.8,-3017,0.50,-0.036,0.003,0.00,1,,373,0,2372,373,-0.15,27.3,1.00,-0.044
178.70,BASE,109.74,103.21,27.44,0.03,-3.0,0.0,0.8,-370.6,-3017,0.50,-0.036,0.003,0.00,1,,371,0,2372,371,-0.16,27.3,1.00,-0.044
178.80,BASE,109.75,103.23,27.44,0.03,-3.0,0.1,0.8,-368.4,-3017,0.50,-0.036,0.003,0.00,1,,368,0,2372,368,-0.16,27.3,1.00,-0.044
178.90,BASE,109.75,103.25,27.44,0.03,-3.0,0.1,0.8,-366.2,-3017,0.50,-0.036,0.003,0.00,1,,366,0,2372,366,-0.16,27.3,1.00,-0.044
179.00,BASE,109.75,103.27,27.44,0.02,-3.0,0.2,0.8,-364.0,-3017,0.50,-0.036,0.003,0.00,1,,364,0,2372,364,-0.16,27.3,1.00,-0.044
179.10,BASE,109.75,103.30,27.44,0.02,-3.0,0.2,0.8,-361.8,-3017,0.50,-0.036,0.003,0.00,1,,362,0,2372,362,-0.16,27.3,1.00,-0.044
179.20,BASE,109.76,103.33,27.44,0.02,-3.0,0.2,0.9,-359.6,-3016,0.50,-0.036,0.003,0.00,1,,360,0,2371,360,-0.16,27.3,1.00,-0.044
179.30,BASE,109.76,103.36,27.44,0.02,-3.0,0.2,0.9,-357.4,-3016,0.50,-0.036,0.003,0.00,1,,357,0,2371,357,-0.16,27.3,1.00,-0.044
179.40,BASE,109.76,103.40,27.44,0.02,-3.0,0.3,0.9,-355.2,-3016,0.50,-0.036,0.002,0.00,1,,355,0,2371,355,-0.16,27.3,1.00,-0.044
179.50,BASE,109.76,103.44,27.44,0.02,-3.0,0.3,0.9,-353.0,-3016,0.50,-0.036,0.002,0.00,1,,353,0,2371,353,-0.16,27.3,1.00,-0.044
179.60,BASE,109.76,103.48,27.43,0.02,-3.0,0.3,0.9,-350.8,-3016,0.50,-0.036,0.002,0.00,1,,351,0,2371,351,-0.16,27.3,1.00,-0.044
179.70,BASE,109.77,103.54,27.43,0.01,-3.0,0.3,0.9,-348.6,-3016,0.50,-0.035,0.002,0.00,1,,349,0,2371,349,-0.16,27.3,1.00,-0.044
179.80,BASE,109.77,103.59,27.43,0.01,-3.0,0.3,0.9,-346.4,-3016,0.50,-0.035,0.002,0.00,1,,346,0,2371,346,-0.16,27.3,1.00,-0.044
179.90,BASE,109.77,103.66,27.43,0.01,-3.1,0.3,0.9,-344.2,-3016,0.50,-0.035,0.002,0.00,1,,344,0,2371,344,-0.16,27.3,1.00,-0.044
180.00,BASE,109.77,103.72,27.43,0.01,-3.1,0.4,0.9,-342.0,-3016,0.50,-0.035,0.002,0.00,1,,342,0,2371,342,-0.16,27.3,1.00,-0.044
180.10,BASE,109.77,103.79,27.43,0.01,-3.1,0.4,0.8,-339.8,-3016,0.50,-0.035,0.002,0.00,1,,340,0,2371,340,-0.16,27.3,1.00,-0.044
180.20,BASE,109.77,103.87,27.43,0.01,-3.1,0.4,0.8,-337.6,-3016,0.50,-0.035,0.002,0.00,1,,338,0,2371,338,-0.16,27.3,1.00,-0.044
180.30,BASE,109.77,103.95,27.43,0.01,-3.1,0.4,0.8,-335.4,-3016,0.50,-0.035,0.002,0.00,1,,335,0,2371,335,-0.16,27.3,1.00,-0.044
180.40,BASE,109.77,104.03,27.43,0.01,-3.1,0.4,0.8,-333.2,-3016,0.50,-0.035,0.002,0.00,1,,333,0,2371,333,-0.16,27.3,1.00,-0.044
180.50,BASE,109.77,104.12,27.43,0.01,-3.1,0.4,0.8,-331.0,-3016,0.49,-0.035,0.002,0.00,1,,331,0,2371,331,-0.16,27.3,1.00,-0.044
180.60,BASE,109.77,104.20,27.43,0.00,-3.1,0.4,0.7,-328.8,-3016,0.49,-0.035,0.002,0.00,0,,329,0,2371,329,-0.16,27.3,1.00,-0.044
180.70,BASE,109.77,104.29,27.43,0.00,-3.1,0.4,0.7,-326.6,-3016,0.49,-0.035,0.002,0.00,0,,327,0,2371,327,-0.16,27.3,1.00,-0.044
180.80,BASE,109.77,104.39,27.43,0.00,-3.1,0.4,0.7,-324.4,-3016,0.49,-0.035,0.002,0.00,0,,324,0,2371,324,-0.16,27.3,1.00,-0.044
180.90,BASE,109.77,104.48,27.43,0.00,-3.1,0.4,0.7,-322.2,-3016,0.49,-0.035,0.002,0.00,0,,322,0,2371,322,-0.16,27.3,1.00,-0.044
181.00,BASE,109.77,104.58,27.43,0.00,-3.1,0.5,0.6,-320.0,-3016,0.49,-0.035,0.002,0.00,0,,320,0,2371,320,-0.16,27.3,1.00,-0.044
181.10,BASE,109.78,104.67,27.42,0.00,-3.1,0.5,0.6,-317.8,-3016,0.49,-0.035,0.002,0.00,0,,318,0,2371,318,-0.16,27.3,1.00,-0.044
181.20,BASE,109.78,104.77,27.42,0.00,-3.1,0.5,0.6,-315.6,-3016,0.49,-0.035,0.002,0.00,0,,316,0,2371,316,-0.16,27.3,1.00,-0.044
181.30,BASE,109.78,104.87,27.42,0.00,-3.1,0.5,0.6,-313.4,-3016,0.49,-0.035,0.002,0.00,0,,313,0,2371,313,-0.16,27.3,1.00,-0.044
181.40,BASE,109.78,104.97,27.42,0.00,-3.1,0.5,0.5,-311.2,-3016,0.49,-0.035,0.002,0.00,0,,311,0,2371,311,-0.16,27.3,1.00,-0.044
181.50,BASE,109.78,105.07,27.42,-0.00,-3.1,0.4,0.5,-309.0,-3016,0.49,-0.035,0.002,0.00,0,,309,0,2371,309,-0.16,27.3,1.00,-0.044
181.60,BASE,109.78,105.17,27.42,-0.00,-3.1,0.4,0.5,-306.8,-3016,0.49,-0.035,0.002,0.00,0,,307,0,2371,307,-0.16,27.3,1.00,-0.044
181.70,BASE,109.78,105.27,27.42,-0.00,-3.1,0.4,0.5,-304.6,-3016,0.49,-0.035,0.002,0.00,0,,305,0,2371,305,-0.16,27.3,1.00,-0.044
181.80,BASE,109.78,105.36,27.42,-0.00,-3.1,0.4,0.4,-302.4,-3016,0.49,-0.035,0.002,0.00,0,,302,0,2371,302,-0.16,27.3,1.00,-0.044
181.90,BASE,109.78,105.46,27.42,-0.00,-3.1,0.4,0.4,-300.2,-3016,0.49,-0.035,0.001,0.00,0,,300,0,2371,300,-0.16,27.3,1.00,-0.044
182.00,BASE,109.77,105.55,27.42,-0.00,-3.1,0.4,0.4,-298.0,-3016,0.49,-0.035,0.001,0.00,0,,298,0,2371,298,-0.16,27.3,1.00,-0.044
182.10,BASE,109.77,105.64,27.42,-0.00,-3.1,0.4,0.4,-295.8,-3016,0.49,-0.035,0.001,0.00,0,,296,0,2371,296,-0.16,27.3,1.00,-0.044
182.20,BASE,109.77,105.73,27.42,-0.00,-3.1,0.4,0.4,-293.6,-3016,0.49,-0.035,0.001,0.00,0,,294,0,2371,294,-0.16,27.3,1.00,-0.045
182.30,BASE,109.77,105.82,27.41,-0.00,-3.1,0.4,0.4,-291.4,-3016,0.49,-0.035,0.001,0.00,0,,291,0,2371,291,-0.16,27.3,1.00,-0.045
182.40,BASE,109.77,105.90,27.41,-0.00,-3.1,0.4,0.3,-289.2,-3016,0.49,-0.035,0.001,0.00,0,,289,0,2371,289,-0.16,27.3,1.00,-0.045
182.50,BASE,109.77,105.98,27.41,-0.00,-3.1,0.4,0.3,-287.0,-3016,0.49,-0.035,0.001,0.00,0,,287,0,2371,287,-0.16,27.3,1.00,-0.045
182.60,BASE,109.77,106.06,27.41,-0.00,-3.1,0.4,0.3,-284.8,-3016,0.49,-0.035,0.001,0.00,0,,285,0,2371,285,-0.16,27.3,1.00,-0.045
182.70,BASE,109.77,106.13,27.41,-0.01,-3.1,0.4,0.3,-282.6,-3016,0.49,-0.035,0.001,0.00,0,,283,0,2371,283,-0.16,27.3,1.00,-0.045
182.80,BASE,109.77,106.20,27.41,-0.01,-3.1,0.4,0.3,-280.4,-3016,0.49,-0.035,0.001,0.00,0,,280,0,2371,280,-0.16,27.3,1.00,-0.045
182.90,BASE,109.77,106.26,27.41,-0.01,-3.1,0.3,0.3,-278.2,-3016,0.49,-0.035,0.001,0.00,0,,278,0,2371,278,-0.16,27.3,1.00,-0.045
183.00,BASE,109.77,106.31,27.41,-0.01,-3.1,0.3,0.3,-276.0,-3016,0.49,-0.035,0.001,0.00,0,,276,0,2371,276,-0.16,27.3,1.00,-0.045
183.10,BASE,109.77,106.36,27.41,-0.01,-3.1,0.3,0.2,-273.8,-3016,0.49,-0.035,0.001,0.00,0,,274,0,2371,274,-0.16,27.3,1.00,-0.045
183.20,BASE,109.77,106.41,27.41,-0.01,-3.1,0.3,0.2,-271.6,-3016,0.49,-0.035,0.001,0.00,0,,272,0,2371,272,-0.16,27.3,1.00,-0.045
183.30,BASE,109.77,106.44,27.41,-0.01,-3.1,0.3,0.2,-269.4,-3016,0.49,-0.035,0.001,0.00,0,,269,0,2371,269,-0.16,27.3,1.00,-0.045
183.40,BASE,109.77,106.48,27.40,-0.01,-3.1,0.3,0.2,-267.2,-3016,0.49,-0.035,0.000,0.00,0,,267,0,2371,267,-0.16,27.3,1.00,-0.045
183.50,BASE,109.77,106.50,27.40,-0.01,-3.1,0.3,0.2,-265.0,-3016,0.49,-0.035,0.000,0.00,0,,265,0,2371,265,-0.16,27.3,1.00,-0.045
183.60,BASE,109.77,106.53,27.40,-0.01,-3.1,0.3,0.2,-262.8,-3016,0.49,-0.035,0.000,0.00,0,,263,0,2371,263,-0.16,27.3,1.00,-0.045
183.70,BASE,109.77,106.55,27.40,-0.01,-3.1,0.3,0.2,-260.6,-3016,0.49,-0.035,0.000,0.00,0,,261,0,2371,261,-0.16,27.3,1.00,-0.045
183.80,BASE,109.76,106.56,27.40,-0.01,-3.1,0.3,0.1,-258.4,-3016,0.49,-0.035,0.000,0.00,0,,258,0,2371,258,-0.16,27.3,1.00,-0.045
183.90,BASE,109.76,106.58,27.40,-0.01,-3.1,0.2,0.1,-256.2,-3016,0.49,-0.035,0.000,0.00,0,,256,0,2371,256,-0.16,27.3,1.00,-0.045
184.00,BASE,109.76,106.59,27.40,-0.01,-3.1,0.2,0.1,-254.0,-3015,0.49,-0.035,0.000,0.00,0,,254,0,2370,254,-0.16,27.3,1.00,-0.045
184.10,BASE,109.76,106.59,27.40,-0.01,-3.1,0.2,0.1,-251.8,-3015,0.49,-0.035,0.000,0.00,0,,252,0,2370,252,-0.16,27.3,1.00,-0.045
184.20,BASE,109.76,106.60,27.40,-0.01,-3.1,0.2,0.1,-249.6,-3015,0.49,-0.035,0.000,0.00,0,,250,0,2370,250,-0.16,27.3,1.00,-0.045
184.30,BASE,109.76,106.61,27.40,-0.01,-3.1,0.2,0.1,-247.4,-3015,0.49,-0.035,0.000,0.00,0,,247,0,2370,247,-0.16,27.3,1.00,-0.045
184.40,BASE,109.76,106.61,27.39,-0.01,-3.1,0.2,0.1,-245.2,-3015,0.49,-0.035,0.000,0.00,0,,245,0,2370,245,-0.16,27.3,1.00,-0.045
184.50,BASE,109.76,106.62,27.39,-0.01,-3.1,0.2,0.1,-243.0,-3015,0.49,-0.035,0.000,0.00,0,,243,0,2370,243,-0.16,27.3,1.00,-0.046
184.60,BASE,109.76,106.62,27.39,-0.01,-3.1,0.2,0.1,-240.8,-3015,0.49,-0.035,0.001,0.00,0,,241,0,2370,241,-0.16,27.3,1.00,-0.046
184.70,BASE,109.75,106.63,27.39,-0.01,-3.1,0.1,0.0,-238.6,-3015,0.49,-0.035,0.000,0.00,0,,239,0,2370,239,-0.16,27.3,1.00,-0.046
184.80,BASE,109.75,106.63,27.39,-0.01,-3.1,0.1,0.0,-236.5,-3015,0.49,-0.035,0.001,0.00,0,,236,0,2370,236,-0.16,27.3,1.00,-0.046
184.90,BASE,109.75,106.64,27.39,-0.01,-3.1,-0.0,0.0,-234.3,-3015,0.49,-0.035,0.001,0.00,0,,234,0,2370,234,-0.16,27.3,1.00,-0.046
185.00,BASE,109.75,106.65,27.39,-0.01,-3.1,-0.1,-0.0,-232.1,-3015,0.49,-0.034,0.002,0.00,0,,232,0,2370,232,-0.16,27.3,1.00,-0.046
185.10,BASE,109.75,106.66,27.39,-0.01,-3.1,-0.2,-0.0,-229.9,-3015,0.49,-0.034,0.001,0.00,0,,230,0,2370,230,-0.16,27.3,1.00,-0.046
185.20,BASE,109.75,106.68,27.39,-0.01,-3.1,-0.3,-0.1,-227.7,-3015,0.49,-0.034,0.000,0.00,0,,228,0,2370,228,-0.16,27.3,1.00,-0.046
185.30,BASE,109.75,106.70,27.39,-0.01,-3.1,-0.4,-0.1,-225.5,-3015,0.49,-0.034,0.001,0.00,0,,225,0,2370,225,-0.16,27.3,1.00,-0.046
185.40,BASE,109.74,106.73,27.39,-0.02,-3.1,-0.6,-0.1,-223.3,-3015,0.49,-0.034,0.000,0.00,0,,223,0,2370,223,-0.16,27.3,1.00,-0.046
185.50,BASE,109.74,106.77,27.39,-0.02,-3.1,-0.7,-0.2,-221.1,-3015,0.49,-0.034,0.002,0.00,0,,221,0,2370,221,-0.16,27.3,1.00,-0.046
185.60,BASE,109.74,106.82,27.39,-0.02,-3.1,-0.9,-0.2,-218.9,-3015,0.49,-0.034,0.001,0.00,0,,219,0,2370,219,-0.15,27.3,1.00,-0.046
185.70,BASE,109.74,106.87,27.39,-0.02,-3.1,-1.1,-0.2,-216.7,-3015,0.49,-0.035,0.003,0.00,0,,217,0,2370,217,-0.15,27.3,1.00,-0.046
185.80,BASE,109.74,106.93,27.39,-0.02,-3.1,-1.3,-0.3,-214.5,-3015,0.49,-0.035,0.001,0.00,0,,214,0,2370,214,-0.15,27.3,1.00,-0.046
185.90,BASE,109.74,107.00,27.39,-0.02,-3.1,-1.5,-0.3,-212.3,-3015,0.49,-0.035,0.002,0.00,0,,212,0,2370,212,-0.15,27.3,1.00,-0.046
186.00,BASE,109.73,107.08,27.39,-0.02,-3.1,-1.8,-0.3,-210.1,-3015,0.49,-0.035,0.002,0.00,0,,210,0,2370,210,-0.15,27.3,1.00,-0.046
186.10,BASE,109.73,107.18,27.39,-0.02,-3.1,-2.0,-0.4,-207.9,-3015,0.49,-0.035,0.001,0.00,0,,208,0,2370,208,-0.15,27.3,1.00,-0.046
186.20,BASE,109.73,107.29,27.39,-0.02,-3.1,-2.3,-0.4,-205.7,-3015,0.49,-0.035,0.002,0.00,0,,206,0,2370,206,-0.15,27.3,1.00,-0.046
186.30,BASE,109.73,107.42,27.39,-0.02,-3.1,-2.5,-0.4,-203.5,-3015,0.49,-0.035,0.001,0.00,0,,204,0,2370,204,-0.15,27.3,1.00,-0.045
186.40,BASE,109.73,107.55,27.39,-0.03,-3.1,-2.8,-0.4,-201.3,-3015,0.49,-0.035,0.003,0.00,0,,201,0,2370,201,-0.15,27.3,1.00,-0.045
186.50,BASE,109.72,107.69,27.39,-0.03,-3.1,-3.1,-0.4,-199.1,-3015,0.49,-0.034,0.001,0.00,0,,199,0,2370,199,-0.15,27.3,1.00,-0.045
186.60,BASE,109.72,107.81,27.39,-0.03,-3.1,-3.4,-0.4,-196.9,-3015,0.49,-0.034,0.003,0.00,0,,197,0,2370,197,-0.15,27.3,1.00,-0.045
186.70,BASE,109.72,107.93,27.39,-0.03,-3.0,-3.7,-0.3,-194.7,-3015,0.49,-0.034,0.001,0.00,0,,195,0,2370,195,-0.15,27.3,1.00,-0.045
186.80,BASE,109.71,108.04,27.39,-0.04,-3.0,-4.0,-0.3,-192.5,-3015,0.49,-0.034,0.002,0.00,0,,193,0,2370,193,-0.15,27.3,1.00,-0.045
186.90,BASE,109.71,108.13,27.39,-0.04,-3.0,-4.4,-0.2,-190.4,-3015,0.49,-0.034,0.001,0.00,0,,190,0,2370,190,-0.15,27.3,1.00,-0.045
187.00,BASE,109.71,108.25,27.39,-0.04,-3.0,-4.7,-0.1,-188.2,-3015,0.49,-0.034,-0.000,0.00,0,,188,0,2370,188,-0.15,27.3,1.00,-0.045
187.10,BASE,109.70,106.16,27.39,-0.05,-3.0,-5.0,-0.0,-186.0,-3015,0.49,-0.034,0.002,0.00,1,,186,0,2370,186,-0.15,27.3,1.00,-0.044
187.20,BASE,109.70,106.15,27.39,-0.05,-3.0,-5.4,0.1,-183.8,-3015,0.49,-0.034,-0.000,0.00,1,,184,0,2370,184,-0.15,27.3,1.00,-0.044
187.30,BASE,109.69,106.15,27.39,-0.06,-3.0,-5.7,0.2,-181.6,-3015,0.49,-0.034,0.002,0.00,1,,182,0,2370,182,-0.14,27.3,1.00,-0.044
187.40,BASE,109.69,106.14,27.39,-0.06,-3.0,-6.0,0.4,-179.4,-3015,0.49,-0.033,-0.000,0.00,1,,179,0,2370,179,-0.14,27.3,1.00,-0.044
187.50,BASE,109.68,106.13,27.39,-0.06,-3.0,-6.4,0.5,-177.2,-3015,0.49,-0.033,0.002,0.00,1,,177,0,2370,177,-0.14,27.3,1.00,-0.043
187.60,BASE,109.67,106.13,27.39,-0.07,-3.0,-6.7,0.7,-175.0,-3015,0.49,-0.033,-0.001,0.00,1,,175,0,2370,175,-0.14,27.3,1.00,-0.043
187.70,BASE,109.67,106.12,27.40,-0.07,-3.0,-7.1,0.9,-172.8,-3014,0.49,-0.033,-0.002,0.00,1,,173,0,2369,173,-0.14,27.3,1.00,-0.043
187.80,BASE,109.66,106.11,27.40,-0.08,-3.0,-7.4,1.1,-170.6,-3014,0.49,-0.032,-0.000,0.00,1,,171,0,2369,171,-0.14,27.3,1.00,-0.042
187.90,BASE,109.65,106.11,27.40,-0.08,-3.0,-7.8,1.3,-168.4,-3014,0.49,-0.032,-0.002,0.00,1,,168,0,2369,168,-0.14,27.3,1.00,-0.042
188.00,BASE,109.64,106.10,27.40,-0.09,-3.0,-8.1,1.5,-166.2,-3014,0.49,-0.032,-0.000,0.00,2,,166,0,2369,166,-0.13,27.3,1.00,-0.042
188.10,BASE,109.63,106.09,27.40,-0.10,-3.0,-8.5,1.8,-164.0,-3014,0.49,-0.031,-0.002,0.00,2,,164,0,2369,164,-0.13,27.3,1.00,-0.041
188.20,BASE,109.62,106.08,27.40,-0.10,-3.0,-8.8,2.0,-161.9,-3014,0.49,-0.031,-0.000,0.00,2,,162,0,2369,162,-0.13,27.3,1.00,-0.041
188.30,BASE,109.61,106.07,27.41,-0.11,-3.0,-9.1,2.2,-159.7,-3013,0.49,-0.030,0.003,0.00,2,,160,0,2368,160,-0.13,27.3,1.00,-0.040
188.40,BASE,109.60,106.06,27.41,-0.11,-3.0,-9.5,1.8,-157.5,-3013,0.49,-0.030,0.031,0.00,2,,157,0,2368,157,-0.13,27.3,1.00,-0.040
188.50,BASE,109.59,106.05,27.41,-0.11,-3.0,-9.8,1.3,-155.3,-3013,0.49,-0.029,0.042,0.00,2,,155,0,2368,155,-0.12,27.3,1.00,-0.039
188.60,BASE,109.58,106.03,27.41,-0.12,-3.0,-10.1,0.9,-153.1,-3013,0.49,-0.028,0.043,0.00,3,,153,0,2368,153,-0.12,27.3,1.00,-0.039
188.70,BASE,109.57,106.02,27.41,-0.12,-3.0,-10.5,0.6,-150.9,-3013,0.49,-0.027,0.045,0.00,3,,151,0,2368,151,-0.12,27.3,1.00,-0.039
188.80,BASE,109.56,106.01,27.42,-0.12,-3.0,-10.8,0.3,-148.7,-3012,0.49,-0.026,0.041,0.00,3,,149,0,2367,149,-0.12,27.3,1.00,-0.038
188.90,BASE,109.54,106.00,27.42,-0.12,-3.0,-11.2,0.0,-146.6,-3012,0.49,-0.025,0.039,0.00,4,,147,0,2367,147,-0.12,27.3,1.00,-0.038
189.00,BASE,109.53,105.99,27.42,-0.12,-3.0,-11.5,-0.2,-144.4,-3012,0.49,-0.024,0.034,0.00,4,,144,0,2367,144,-0.11,27.3,1.00,-0.038
189.10,BASE,109.52,105.97,27.42,-0.12,-3.0,-11.8,-0.4,-142.2,-3011,0.49,-0.024,0.033,0.00,4,,142,0,2366,142,-0.11,27.3,1.00,-0.038
189.20,BASE,109.51,105.96,27.42,-0.11,-3.0,-12.2,-0.6,-140.0,-3011,0.49,-0.024,0.028,0.00,5,,140,0,2366,140,-0.11,27.3,1.00,-0.037
189.30,BASE,109.50,105.95,27.42,-0.11,-3.0,-12.4,-0.9,-137.9,-3011,0.49,-0.023,0.029,0.00,5,,138,0,2366,138,-0.11,27.3,1.00,-0.037
189.40,BASE,109.49,105.94,27.42,-0.10,-3.0,-12.7,-1.1,-135.7,-3010,0.49,-0.023,0.024,0.00,5,,136,0,2365,136,-0.10,27.3,1.00,-0.037
189.50,BASE,109.48,105.93,27.42,-0.10,-3.0,-13.0,-1.3,-133.5,-3010,0.49,-0.025,0.023,0.00,6,,134,0,2365,134,-0.10,27.3,1.00,-0.037
189.60,BASE,109.47,105.92,27.42,-0.09,-3.0,-13.3,-1.6,-131.4,-3009,0.49,-0.030,0.021,0.00,6,,131,0,2364,131,-0.10,27.3,1.00,-0.037
189.70,BASE,109.46,105.91,27.42,-0.07,-2.9,-13.5,-1.9,-129.2,-3009,0.49,-0.035,0.018,0.00,7,,129,0,2364,129,-0.10,27.3,1.00,-0.038
189.80,FINAL,109.45,105.91,27.44,-0.05,-2.8,-13.7,-2.2,-127.1,-3008,0.68,-0.001,0.009,0.00,,-20,2488,0,2363,127,1.50,20.4,1.00,0.170
189.90,FINAL,109.45,105.90,27.48,-0.03,-2.6,-13.9,-2.5,-124.9,-3008,0.68,0.033,0.014,0.00,,-20,2488,0,2363,125,1.50,20.4,1.00,0.170
190.00,FINAL,109.44,105.90,27.51,0.03,-2.2,-14.1,-2.8,-122.7,-3007,0.68,0.041,0.017,0.00,,-20,2487,0,2362,123,1.50,20.4,1.00,0.170
190.10,FINAL,109.45,105.91,27.53,0.17,-1.4,-14.4,-3.1,-120.6,-3007,0.67,0.039,0.016,0.00,,-20,2487,0,2362,121,1.50,20.4,1.00,0.170
190.20,FINAL,109.48,105.93,27.54,0.39,-0.5,-14.6,-3.3,-118.5,-3006,0.66,0.010,0.017,0.00,,-20,2486,0,2361,118,1.50,20.4,1.00,0.170
190.30,FINAL,109.52,105.98,27.53,0.68,0.4,-15.0,-3.5,-116.3,-3006,0.64,-0.019,0.009,0.00,,-20,2486,0,2361,116,1.50,20.4,1.00,0.170
190.40,FINAL,109.60,106.06,27.51,0.98,1.2,-15.1,-3.8,-114.2,-3005,0.63,-0.017,0.011,0.00,,-20,2485,0,2360,114,1.50,20.4,1.00,0.170
190.50,FINAL,109.71,106.17,27.47,1.27,1.8,-15.3,-4.1,-112.1,-3004,0.62,-0.002,0.008,0.00,,-19,2484,0,2359,112,1.50,20.4,1.00,0.170
190.60,FINAL,109.85,106.30,27.43,1.53,2.3,-15.4,-4.4,-110.0,-3004,0.60,0.004,0.013,0.00,,-19,2484,0,2359,110,1.50,20.4,1.00,0.166
190.70,FINAL,110.01,106.46,27.37,1.76,2.7,-15.4,-4.7,-107.9,-3003,0.59,0.002,0.009,0.00,,-19,2483,0,2358,108,1.50,20.4,1.00,0.160
190.80,FINAL,110.19,106.65,27.31,1.98,3.1,-15.3,-4.9,-105.8,-3002,0.58,-0.002,0.012,0.00,,-19,2482,0,2357,106,1.50,20.4,1.00,0.153
190.90,FINAL,110.40,106.85,27.23,2.18,3.4,-15.2,-5.1,-103.8,-3001,0.58,-0.004,0.014,0.00,,-19,2481,0,2356,104,1.50,20.4,1.00,0.147
191.00,FINAL,110.62,107.07,27.16,2.35,3.7,-15.1,-5.3,-101.7,-3000,0.57,-0.005,0.014,0.00,,-18,2480,0,2355,102,1.50,20.4,1.00,0.141
191.10,FINAL,110.86,107.31,27.07,2.50,4.0,-15.1,-5.4,-99.7,-3000,0.56,-0.006,0.017,0.00,,-18,2480,0,2355,100,1.50,20.4,1.00,0.136
191.20,FINAL,111.11,107.57,26.99,2.63,4.1,-15.0,-5.5,-97.7,-2999,0.56,-0.006,0.016,0.00,,-18,2479,0,2354,98,1.50,20.4,1.00,0.131
191.30,FINAL,111.38,107.84,26.89,2.74,4.3,-15.0,-5.6,-95.7,-2998,0.56,-0.007,0.019,0.00,,-17,2478,0,2353,96,1.50,20.4,1.00,0.127
191.40,FINAL,111.66,108.11,26.80,2.84,4.4,-14.9,-5.6,-93.8,-2997,0.55,-0.008,0.017,0.00,,-17,2477,0,2352,94,1.50,20.4,1.00,0.123
191.50,FINAL,111.94,108.40,26.70,2.92,4.5,-14.9,-5.6,-91.8,-2996,0.55,-0.009,0.020,0.00,,-17,2476,0,2351,92,1.50,20.4,1.00,0.119
191.60,FINAL,112.24,108.69,26.60,2.99,4.6,-14.9,-5.6,-89.9,-2995,0.55,-0.010,0.017,0.00,,-16,2475,0,2350,90,1.50,20.4,1.00,0.116
191.70,FINAL,112.54,109.00,26.50,3.05,4.7,-14.8,-5.6,-88.0,-2994,0.55,-0.011,0.021,0.00,,-16,2474,0,2349,88,1.50,20.4,1.00,0.113
191.80,FINAL,112.85,109.30,26.40,3.09,4.8,-14.8,-5.6,-86.2,-2993,0.55,-0.012,0.017,0.00,,-16,2473,0,2348,86,1.50,20.4,1.00,0.111
191.90,FINAL,113.16,109.61,26.30,3.13,4.8,-14.7,-5.6,-84.3,-2992,0.55,-0.013,0.015,0.00,,-15,2472,0,2347,84,1.50,20.4,1.00,0.109
192.00,FINAL,113.47,109.93,26.19,3.16,4.8,-14.7,-5.6,-82.5,-2991,0.55,-0.013,0.018,0.00,,-15,2471,0,2346,82,1.50,20.4,1.00,0.107
192.10,FINAL,113.79,110.24,26.09,3.18,4.9,-14.6,-5.6,-80.7,-2990,0.55,-0.014,0.015,0.00,,-15,2470,0,2345,81,1.50,20.4,1.00,0.105
192.20,FINAL,114.11,110.56,25.99,3.19,4.9,-14.5,-5.7,-78.9,-2989,0.56,-0.014,0.020,0.00,,-14,2469,0,2344,79,1.50,20.4,1.00,0.104
192.30,FINAL,114.43,110.88,25.88,3.19,4.9,-14.5,-5.8,-77.1,-2988,0.56,-0.014,0.017,0.00,,-14,2468,0,2343,77,1.50,20.4,1.00,0.103
192.40,FINAL,114.74,111.20,25.78,3.19,4.9,-14.4,-5.9,-75.3,-2986,0.56,-0.015,0.022,0.00,,-14,2466,0,2341,75,1.50,20.4,1.00,0.102
192.50,FINAL,115.06,111.52,25.68,3.19,4.9,-14.4,-6.0,-73.6,-2985,0.56,-0.015,0.019,0.00,,-13,2465,0,2340,74,1.50,20.4,1.00,0.102
192.60,FINAL,115.38,111.84,25.58,3.17,5.0,-14.3,-6.2,-71.9,-2984,0.56,-0.018,0.017,0.00,,-13,2464,0,2339,72,1.46,20.4,1.00,0.099
192.70,FINAL,115.70,112.15,25.44,3.13,4.9,-14.1,-6.4,-70.2,-2983,0.05,-0.024,0.020,0.00,,-12,2463,0,2338,70,1.39,20.4,0.98,0.090
192.80,FINAL,116.01,112.46,25.23,3.05,4.8,-13.9,-6.6,-68.6,-2982,0.05,-0.022,0.020,0.00,,-12,2462,0,2337,69,1.33,20.4,0.93,0.078
192.90,FINAL,116.31,112.76,25.03,2.94,4.6,-13.7,-6.9,-66.9,-2981,0.05,-0.011,0.025,0.00,,-12,2461,0,2336,67,1.26,20.4,0.88,0.068
193.00,FINAL,116.60,113.05,24.83,2.81,4.3,-13.5,-7.2,-65.3,-2979,0.05,-0.004,0.024,0.00,,-11,2459,0,2334,65,1.20,20.4,0.83,0.056
193.10,FINAL,116.88,113.33,24.63,2.66,4.0,-13.3,-7.5,-63.8,-2978,0.05,-0.001,0.031,0.00,,-11,2458,0,2333,64,1.14,20.4,0.78,0.045
193.20,FINAL,117.14,113.59,24.44,2.50,3.6,-13.2,-7.8,-62.2,-2977,0.05,0.001,0.029,0.00,,-11,2457,0,2332,62,1.09,20.4,0.73,0.037
193.30,FINAL,117.38,113.84,24.26,2.32,3.3,-13.1,-8.1,-60.7,-2976,0.05,0.002,0.029,0.00,,-10,2456,0,2331,61,1.03,20.4,0.68,0.031
193.40,FINAL,117.61,114.06,24.09,2.14,2.9,-13.0,-8.4,-59.2,-2974,0.05,0.004,0.031,0.00,,-10,2454,0,2329,59,0.98,20.4,0.63,0.027
193.50,FINAL,117.81,114.27,23.93,1.95,2.6,-12.8,-8.7,-57.7,-2973,0.05,0.008,0.031,0.00,,-10,2453,0,2328,58,0.93,20.4,0.58,0.026
193.60,FINAL,118.00,114.46,23.77,1.77,2.3,-12.5,-9.0,-56.2,-2972,0.05,0.013,0.037,0.00,,-9,2452,0,2327,56,0.89,20.4,0.53,0.026
193.70,FINAL,118.17,114.63,23.62,1.58,2.0,-12.4,-9.2,-54.8,-2970,0.06,0.020,0.035,0.00,,-9,2450,0,2325,55,0.85,20.4,0.51,0.029
193.80,FINAL,118.33,114.78,23.48,1.40,1.7,-12.3,-9.5,-53.4,-2969,0.09,0.026,0.035,0.00,,-9,2449,0,2324,53,0.81,20.4,0.56,0.033
193.90,FINAL,118.46,114.92,23.36,1.23,1.5,-12.2,-9.8,-52.0,-2968,0.13,0.029,0.039,0.00,,-9,2448,0,2323,52,0.78,20.4,0.61,0.037
194.00,FINAL,118.58,115.03,23.25,1.08,1.3,-12.1,-10.0,-50.6,-2967,0.15,0.030,0.037,0.00,,-9,2447,0,2322,51,0.74,20.4,0.66,0.041
194.10,FINAL,118.68,115.14,23.15,0.94,1.1,-12.1,-10.2,-49.3,-2965,0.18,0.029,0.042,0.00,,-8,2445,0,2320,49,0.71,20.4,0.71,0.044
194.20,FINAL,118.77,115.23,23.06,0.81,1.0,-12.1,-10.4,-47.9,-2964,0.20,0.030,0.039,0.00,,-8,2444,0,2319,48,0.68,20.4,0.76,0.046
194.30,FINAL,118.85,115.30,22.98,0.70,0.8,-12.1,-10.7,-46.6,-2963,0.22,0.030,0.037,0.00,,-8,2443,0,2318,47,0.66,20.4,0.81,0.048
194.40,FINAL,118.91,115.37,22.91,0.59,0.7,-12.0,-10.9,-45.3,-2961,0.23,0.033,0.042,0.00,,-8,2441,0,2316,45,0.63,20.4,0.86,0.049
194.50,FINAL,118.97,115.43,22.85,0.50,0.6,-12.1,-11.1,-44.0,-2960,0.24,0.034,0.039,0.00,,-8,2440,0,2315,44,0.61,20.4,0.91,0.050
194.60,FINAL,119.02,115.47,22.79,0.41,0.5,-12.1,-11.3,-42.7,-2959,0.26,0.036,0.044,0.00,,-8,2439,0,2314,43,0.58,20.4,0.96,0.051
194.70,FINAL,119.06,115.51,22.73,0.33,0.4,-12.1,-11.5,-41.5,-2957,0.27,0.039,0.041,0.00,,-8,2437,0,2312,41,0.56,20.4,1.00,0.052
194.80,FINAL,119.09,115.54,22.69,0.26,0.3,-12.2,-11.7,-40.2,-2956,0.27,0.042,0.040,0.00,,-8,2436,0,2311,40,0.54,20.4,1.00,0.055
194.90,FINAL,119.11,115.57,22.64,0.19,0.2,-12.2,-11.9,-39.0,-2954,0.28,0.045,0.045,0.00,,-7,2434,0,2309,39,0.52,20.4,1.00,0.057
195.00,FINAL,119.13,115.58,22.60,0.12,0.1,-12.3,-12.1,-37.8,-2953,0.29,0.048,0.042,0.00,,-7,2433,0,2308,38,0.51,20.4,1.00,0.060
195.10,FINAL,119.14,115.59,22.56,0.06,0.1,-12.3,-12.3,-36.6,-2951,0.29,0.050,0.043,0.00,,-7,2431,0,2306,37,0.49,20.4,1.00,0.062
195.20,FINAL,119.14,115.60,22.53,0.01,0.0,-12.4,-12.5,-35.4,-2950,0.30,0.053,0.045,0.00,,-7,2430,0,2305,35,0.47,20.4,1.00,0.064
195.30,FINAL,119.14,115.60,22.50,-0.04,-0.0,-12.5,-12.7,-34.3,-2949,0.30,0.054,0.043,0.00,,-7,2429,0,2304,34,0.46,20.4,1.00,0.067
195.40,FINAL,119.14,115.59,22.47,-0.08,-0.0,-12.5,-12.8,-33.1,-2947,0.30,0.056,0.047,0.00,,-7,2427,0,2302,33,0.44,20.4,1.00,0.069
195.50,FINAL,119.13,115.58,22.44,-0.12,-0.1,-12.6,-13.0,-32.0,-2946,0.31,0.059,0.045,0.00,,-7,2426,0,2301,32,0.43,20.4,1.00,0.072
195.60,FINAL,119.11,115.57,22.42,-0.16,-0.1,-12.7,-13.1,-30.9,-2944,0.31,0.060,0.044,0.00,,-7,2424,0,2299,31,0.41,20.4,1.00,0.074
195.70,FINAL,119.10,115.55,22.39,-0.19,-0.1,-12.8,-13.3,-29.8,-2943,0.31,0.063,0.047,0.00,,-7,2423,0,2298,30,0.40,20.4,1.00,0.076
195.80,FINAL,119.08,115.53,22.37,-0.22,-0.1,-12.9,-13.4,-28.7,-2941,0.31,0.065,0.045,0.00,,-7,2421,0,2296,29,0.39,20.4,1.00,0.078
195.90,FINAL,119.05,115.51,22.35,-0.25,-0.1,-13.0,-13.6,-27.6,-2940,0.31,0.067,0.049,0.00,,-7,2420,0,2295,28,0.38,20.4,1.00,0.080
196.00,FINAL,119.03,115.48,22.33,-0.27,-0.2,-13.0,-13.7,-26.6,-2938,0.31,0.069,0.047,0.00,,-7,2418,0,2293,27,0.36,20.4,1.00,0.082
196.10,FINAL,119.00,115.46,22.31,-0.29,-0.1,-13.1,-13.8,-25.5,-2936,0.31,0.070,0.046,0.00,,-7,2416,0,2291,26,0.35,20.4,1.00,0.083
196.20,FINAL,118.97,115.43,22.29,-0.31,-0.2,-13.2,-13.9,-24.5,-2935,0.31,0.072,0.050,0.00,,-7,2415,0,2290,25,0.34,20.4,1.00,0.085
196.30,FINAL,118.94,115.39,22.27,-0.32,-0.1,-13.3,-14.0,-23.5,-2933,0.31,0.074,0.047,0.00,,-7,2413,0,2288,24,0.33,20.4,1.00,0.087
196.40,FINAL,118.91,115.36,22.25,-0.34,-0.1,-13.4,-14.1,-22.5,-2932,0.31,0.075,0.052,0.00,,-6,2412,0,2287,23,0.31,20.4,1.00,0.088
196.50,FINAL,118.87,115.33,22.24,-0.35,-0.1,-13.5,-14.2,-21.6,-2930,0.31,0.077,0.049,0.00,,-6,2410,0,2285,22,0.30,20.4,1.00,0.089
196.60,FINAL,118.84,115.29,22.22,-0.36,-0.1,-13.6,-14.2,-20.6,-2928,0.31,0.078,0.048,0.00,,-6,2408,0,2283,21,0.29,20.4,1.00,0.091
196.70,FINAL,118.80,115.26,22.20,-0.37,-0.1,-13.6,-14.3,-19.7,-2927,0.31,0.080,0.051,0.00,,-6,2407,0,2282,20,0.28,20.4,1.00,0.092
196.80,FINAL,118.76,115.22,22.18,-0.38,-0.1,-13.7,-14.4,-18.8,-2925,0.31,0.081,0.049,0.00,,-6,2405,0,2280,19,0.27,20.4,1.00,0.093
196.90,FINAL,118.73,115.18,22.17,-0.38,-0.1,-13.8,-14.4,-17.9,-2923,0.31,0.082,0.050,0.00,,-6,2403,0,2278,18,0.26,20.4,1.00,0.094
197.00,FINAL,118.69,115.14,22.15,-0.39,-0.1,-13.8,-14.5,-17.0,-2922,0.31,0.084,0.051,0.00,,-6,2402,0,2277,17,0.24,20.4,1.00,0.094
197.10,FINAL,118.65,115.10,22.13,-0.39,-0.1,-13.9,-14.5,-16.2,-2920,0.31,0.084,0.049,0.00,,-6,2400,0,2275,16,0.23,20.4,1.00,0.095
197.20,FINAL,118.61,115.07,22.11,-0.40,-0.1,-13.9,-14.5,-15.3,-2918,0.31,0.086,0.052,0.00,,-6,2398,0,2273,15,0.22,20.4,1.00,0.096
197.30,FINAL,118.57,115.03,22.10,-0.40,-0.1,-14.0,-14.6,-14.5,-2916,0.31,0.087,0.050,0.00,,-6,2396,0,2271,15,0.21,20.4,1.00,0.096
197.40,FINAL,118.53,114.99,22.08,-0.40,-0.1,-14.0,-14.6,-13.7,-2915,0.31,0.087,0.051,0.00,,-6,2395,0,2270,14,0.19,20.4,1.00,0.097
197.50,FINAL,118.49,114.95,22.06,-0.41,-0.1,-14.0,-14.6,-13.0,-2913,0.31,0.089,0.052,0.00,,-6,2393,0,2268,13,0.18,20.4,1.00,0.097
197.60,FINAL,118.45,114.90,22.04,-0.41,-0.1,-14.0,-14.6,-12.2,-2911,0.31,0.090,0.051,0.00,,-6,2391,0,2266,12,0.17,20.4,1.00,0.098
197.70,FINAL,118.41,114.86,22.02,-0.41,-0.1,-13.9,-14.6,-11.5,-2909,0.31,0.091,0.053,0.00,,-6,2389,0,2264,11,0.16,20.4,1.00,0.098
197.80,FINAL,118.37,114.82,22.01,-0.41,-0.0,-13.9,-14.6,-10.8,-2907,0.31,0.092,0.052,0.00,,-6,2387,0,2262,11,0.14,20.4,1.00,0.098
197.90,FINAL,118.33,114.78,21.99,-0.41,-0.0,-13.8,-14.6,-10.1,-2906,0.31,0.092,0.052,0.00,,-6,2386,0,2261,10,0.13,20.4,1.00,0.098
198.00,FINAL,118.29,114.74,21.97,-0.41,-0.0,-13.8,-14.5,-9.4,-2904,0.31,0.093,0.053,0.00,,-6,2384,0,2259,9,0.12,20.4,1.00,0.098
198.10,FINAL,118.25,114.70,21.95,-0.41,-0.0,-13.7,-14.5,-8.8,-2902,0.30,0.093,0.052,0.00,,-6,2382,0,2257,9,0.11,20.4,1.00,0.098
198.20,FINAL,118.20,114.66,21.93,-0.41,-0.0,-13.6,-14.5,-8.2,-2900,0.30,0.094,0.054,0.00,,-6,2380,0,2255,8,0.09,20.4,1.00,0.098
198.30,FINAL,118.16,114.62,21.92,-0.41,-0.0,-13.5,-14.5,-7.5,-2898,0.30,0.095,0.053,0.00,,-6,2378,0,2253,8,0.08,20.4,1.00,0.098
198.40,FINAL,118.12,114.58,21.90,-0.40,-0.0,-13.3,-14.4,-7.0,-2896,0.30,0.095,0.054,0.00,,-5,2376,0,2251,7,0.07,20.4,1.00,0.098
198.50,FINAL,118.08,114.54,21.88,-0.40,-0.1,-13.2,-14.4,-6.4,-2894,0.30,0.096,0.053,0.00,,-5,2374,0,2249,6,0.05,20.4,1.00,0.097
198.60,FINAL,118.04,114.50,21.86,-0.40,-0.1,-13.0,-14.4,-5.9,-2893,0.30,0.096,0.054,0.00,,-5,2373,0,2248,6,0.04,20.4,1.00,0.097
198.70,FINAL,118.00,114.46,21.84,-0.40,-0.1,-12.9,-14.4,-5.3,-2891,0.30,0.096,0.054,0.00,,-5,2371,0,2246,5,0.02,20.4,1.00,0.096
198.80,FINAL,117.96,114.42,21.82,-0.40,-0.1,-12.7,-14.4,-4.9,-2889,0.30,0.097,0.054,0.00,,-5,2369,0,2244,5,0.01,20.4,1.00,0.096
198.90,FINAL,117.92,114.38,21.80,-0.40,-0.1,-12.5,-14.4,-4.4,-2887,0.30,0.097,0.054,0.00,,-5,2367,0,2242,4,-0.00,20.4,1.00,0.095
199.00,FINAL,117.88,114.34,21.78,-0.40,-0.1,-12.3,-14.4,-3.9,-2885,0.30,0.097,0.055,0.00,,-5,2365,0,2240,4,-0.02,20.4,1.00,0.095
199.10,FINAL,117.84,114.30,21.76,-0.39,-0.1,-12.1,-14.4,-3.5,-2883,0.30,0.097,0.054,0.00,,-5,2363,0,2238,3,-0.03,20.4,1.00,0.094
199.20,FINAL,117.80,114.26,21.74,-0.39,-0.1,-11.9,-14.4,-3.1,-2881,0.30,0.097,0.055,0.00,,-5,2361,0,2236,3,-0.05,20.4,1.00,0.094
199.30,FINAL,117.76,114.22,21.72,-0.39,-0.1,-11.6,-14.4,-2.7,-2879,0.30,0.097,0.055,0.00,,-5,2359,0,2234,3,-0.06,20.4,1.00,0.093
199.40,FINAL,117.73,114.18,21.71,-0.39,-0.1,-11.3,-14.5,-2.3,-2877,0.30,0.096,0.056,0.00,,-5,2357,0,2232,2,-0.08,20.4,1.00,0.092
199.50,FINAL,117.69,114.14,21.69,-0.39,-0.1,-11.1,-14.6,-2.0,-2875,0.30,0.097,0.056,0.00,,-5,2355,0,2230,2,-0.09,20.4,1.00,0.092
199.60,FINAL,117.65,114.10,21.67,-0.39,-0.1,-10.8,-14.7,-1.6,-2873,0.30,0.096,0.056,0.00,,-5,2353,0,2228,2,-0.10,20.4,1.00,0.091
199.70,FINAL,117.61,114.06,21.65,-0.40,-0.1,-10.5,-14.8,-1.3,-2871,0.30,0.096,0.057,0.00,,-5,2351,0,2226,1,-0.12,20.4,1.00,0.090
199.80,FINAL,117.57,114.02,21.63,-0.40,-0.1,-10.2,-14.9,-1.0,-2869,0.30,0.096,0.057,0.00,,-5,2349,0,2224,1,-0.13,20.4,1.00,0.089
199.90,FINAL,117.53,113.98,21.61,-0.40,-0.1,-9.9,-15.0,-0.7,-2867,0.30,0.096,0.058,0.00,,-5,2347,0,2222,1,-0.15,20.4,1.00,0.089
200.00,FINAL,117.49,113.94,21.59,-0.40,-0.1,-9.6,-15.2,-0.5,-2865,0.30,0.096,0.058,0.00,,-4,2345,0,2220,0,-0.16,20.4,1.00,0.088
200.10,FINAL,117.45,113.90,21.57,-0.41,-0.1,-9.3,-15.3,-0.2,-2863,0.30,0.095,0.059,0.00,,-4,2343,0,2218,0,-0.18,20.4,1.00,0.087
200.20,FINAL,117.41,113.86,21.55,-0.41,-0.1,-9.0,-15.5,0.0,-2861,0.30,0.095,0.059,0.00,,-4,2341,0,2216,-0,-0.19,20.4,1.00,0.087
200.30,FINAL,117.36,113.82,21.54,-0.42,-0.1,-8.6,-15.7,0.2,-2859,0.30,0.095,0.060,0.00,,-4,2339,0,2214,-0,-0.21,20.4,1.00,0.086
200.40,FINAL,117.32,113.78,21.52,-0.42,-0.1,-8.3,-16.0,0.4,-2857,0.30,0.095,0.060,0.00,,-4,2337,0,2212,-0,-0.22,20.4,1.00,0.085
200.50,FINAL,117.28,113.74,21.50,-0.43,-0.2,-8.0,-16.2,0.6,-2855,0.29,0.095,0.061,0.00,,-4,2335,0,2210,-1,-0.23,20.4,1.00,0.085
200.60,FINAL,117.24,113.69,21.49,-0.43,-0.2,-7.7,-15.8,0.8,-2853,0.29,0.094,0.035,0.00,,-4,2333,0,2208,-1,-0.25,20.4,1.00,0.084
200.70,FINAL,117.19,113.65,21.47,-0.44,-0.2,-7.3,-15.4,0.9,-2851,0.29,0.094,0.024,0.00,,-4,2331,0,2206,-1,-0.26,20.4,1.00,0.084
200.80,FINAL,117.15,113.60,21.45,-0.45,-0.2,-7.0,-15.0,1.1,-2849,0.29,0.094,0.021,0.00,,-4,2329,0,2204,-1,-0.27,20.4,1.00,0.083
200.90,FINAL,117.10,113.56,21.44,-0.46,-0.1,-6.7,-14.7,1.2,-2847,0.29,0.093,0.022,0.00,,-4,2327,0,2202,-1,-0.29,20.4,1.00,0.083
201.00,FINAL,117.06,113.51,21.42,-0.47,-0.1,-6.3,-14.5,1.3,-2845,0.29,0.093,0.024,0.00,,-4,2325,0,2200,-1,-0.30,20.4,1.00,0.082
201.10,FINAL,117.01,113.47,21.41,-0.48,-0.1,-6.0,-14.3,1.4,-2843,0.29,0.093,0.027,0.00,,-4,2323,0,2198,-1,-0.31,20.4,1.00,0.082
201.20,FINAL,116.96,113.42,21.39,-0.49,-0.1,-5.6,-14.1,1.5,-2841,0.29,0.093,0.030,0.00,,-4,2321,0,2196,-1,-0.33,20.4,1.00,0.082
201.30,FINAL,116.91,113.37,21.38,-0.50,-0.1,-5.3,-13.9,1.6,-2839,0.29,0.093,0.034,0.00,,-4,2319,0,2194,-2,-0.34,20.4,1.00,0.081
201.40,FINAL,116.86,113.32,21.36,-0.51,-0.1,-5.0,-13.8,1.6,-2837,0.29,0.093,0.037,0.00,,-4,2317,0,2192,-2,-0.35,20.4,1.00,0.081
201.50,FINAL,116.81,113.27,21.35,-0.52,-0.1,-4.7,-13.6,1.7,-2835,0.29,0.093,0.040,0.00,,-4,2315,0,2190,-2,-0.36,20.4,1.00,0.081
201.60,FINAL,116.76,113.22,21.34,-0.53,-0.1,-4.4,-13.5,1.7,-2832,0.29,0.093,0.043,0.00,,-3,2312,0,2187,-2,-0.37,20.4,1.00,0.081
201.70,FINAL,116.71,113.16,21.33,-0.54,-0.1,-4.1,-13.4,1.8,-2830,0.29,0.094,0.046,0.00,,-3,2310,0,2185,-2,-0.38,20.4,1.00,0.080
201.80,FINAL,116.65,113.11,21.32,-0.55,-0.1,-3.8,-13.3,1.8,-2828,0.29,0.094,0.049,0.00,,-3,2308,0,2183,-2,-0.40,20.4,1.00,0.080
201.90,FINAL,116.60,113.05,21.30,-0.56,-0.1,-3.5,-13.2,1.8,-2826,0.29,0.095,0.051,0.00,,-3,2306,0,2181,-2,-0.41,20.4,1.00,0.080
202.00,FINAL,116.54,113.00,21.29,-0.57,-0.1,-3.3,-13.1,1.8,-2824,0.29,0.095,0.053,0.00,,-3,2304,0,2179,-2,-0.42,20.4,1.00,0.080
202.10,FINAL,116.49,112.94,21.28,-0.57,-0.1,-3.0,-13.0,1.8,-2822,0.28,0.095,0.055,0.00,,-3,2302,0,2177,-2,-0.43,20.4,1.00,0.080
202.20,FINAL,116.43,112.88,21.27,-0.58,-0.1,-2.8,-12.9,1.8,-2820,0.28,0.096,0.056,0.00,,-3,2300,0,2175,-2,-0.44,20.4,1.00,0.080
202.30,FINAL,116.37,112.83,21.26,-0.59,-0.1,-2.6,-12.8,1.8,-2818,0.28,0.096,0.058,0.00,,-3,2298,0,2173,-2,-0.45,20.4,1.00,0.080
202.40,FINAL,116.31,112.77,21.25,-0.60,-0.1,-2.4,-12.7,1.8,-2816,0.28,0.097,0.059,0.00,,-3,2296,0,2171,-2,-0.46,20.4,1.00,0.080
202.50,FINAL,116.25,112.71,21.24,-0.61,-0.1,-2.2,-12.6,1.8,-2814,0.28,0.097,0.060,0.00,,-3,2294,0,2169,-2,-0.47,20.4,1.00,0.080
202.60,FINAL,116.19,112.64,21.23,-0.62,-0.1,-2.0,-12.5,1.8,-2812,0.28,0.098,0.060,0.00,,-3,2292,0,2167,-2,-0.48,20.4,1.00,0.079
202.70,FINAL,116.13,112.58,21.22,-0.62,-0.1,-1.8,-12.3,1.8,-2810,0.28,0.098,0.061,0.00,,-3,2290,0,2165,-2,-0.48,20.4,1.00,0.079
202.80,FINAL,116.06,112.52,21.21,-0.63,-0.1,-1.7,-12.2,1.8,-2808,0.28,0.099,0.061,0.00,,-3,2288,0,2163,-2,-0.49,20.4,1.00,0.079
202.90,FINAL,116.00,112.46,21.20,-0.64,-0.1,-1.5,-12.1,1.7,-2806,0.28,0.099,0.062,0.00,,-3,2286,0,2161,-2,-0.50,20.4,1.00,0.079
203.00,FINAL,115.94,112.39,21.20,-0.65,-0.1,-1.4,-11.9,1.7,-2804,0.28,0.100,0.062,0.00,,-3,2284,0,2159,-2,-0.51,20.4,1.00,0.079
203.10,FINAL,115.87,112.33,21.19,-0.65,-0.1,-1.2,-11.8,1.7,-2802,0.28,0.100,0.062,0.00,,-3,2282,0,2157,-2,-0.52,20.4,1.00,0.079
203.20,FINAL,115.81,112.26,21.18,-0.66,-0.1,-1.1,-11.7,1.7,-2799,0.28,0.100,0.063,0.00,,-3,2279,0,2154,-2,-0.53,20.4,1.00,0.079
203.30,FINAL,115.74,112.19,21.17,-0.67,-0.1,-1.0,-11.5,1.6,-2797,0.28,0.101,0.063,0.00,,-3,2277,0,2152,-2,-0.54,20.4,1.00,0.079
203.40,FINAL,115.67,112.13,21.16,-0.68,-0.2,-0.9,-11.4,1.6,-2795,0.28,0.101,0.063,0.00,,-3,2275,0,2150,-2,-0.54,20.4,1.00,0.079
203.50,FINAL,115.60,112.06,21.15,-0.68,-0.2,-0.7,-11.3,1.5,-2793,0.28,0.102,0.063,0.00,,-3,2273,0,2148,-2,-0.55,20.4,1.00,0.079
203.60,FINAL,115.54,111.99,21.15,-0.69,-0.2,-0.6,-11.2,1.5,-2791,0.27,0.102,0.063,0.00,,-3,2271,0,2146,-1,-0.56,20.4,1.00,0.079
203.70,FINAL,115.47,111.92,21.14,-0.70,-0.2,-0.5,-11.1,1.4,-2789,0.27,0.103,0.063,0.00,,-3,2269,0,2144,-1,-0.57,20.4,1.00,0.079
203.80,FINAL,115.40,111.85,21.13,-0.70,-0.2,-0.4,-11.1,1.4,-2787,0.27,0.103,0.063,0.00,,-2,2267,0,2142,-1,-0.57,20.4,1.00,0.079
203.90,FINAL,115.33,111.78,21.12,-0.71,-0.2,-0.3,-11.0,1.3,-2785,0.27,0.104,0.063,0.00,,-2,2265,0,2140,-1,-0.58,20.4,1.00,0.079
204.00,FINAL,115.26,111.71,21.12,-0.72,-0.2,-0.2,-10.9,1.3,-2783,0.27,0.104,0.064,0.00,,-2,2263,0,2138,-1,-0.59,20.4,1.00,0.079
204.10,FINAL,115.18,111.64,21.11,-0.72,-0.2,-0.1,-10.9,1.2,-2781,0.27,0.104,0.064,0.00,,-2,2261,0,2136,-1,-0.59,20.4,1.00,0.079
204.20,FINAL,115.11,111.57,21.10,-0.73,-0.2,0.0,-11.3,1.2,-2779,0.27,0.105,0.084,0.00,,-2,2259,0,2134,-1,-0.60,20.4,1.00,0.079
204.30,FINAL,115.04,111.49,21.09,-0.74,-0.2,0.1,-11.2,1.1,-2777,0.27,0.105,0.072,0.00,,-2,2257,0,2132,-1,-0.61,20.4,1.00,0.079
204.40,FINAL,114.96,111.42,21.09,-0.74,-0.2,0.1,-11.2,1.1,-2775,0.27,0.106,0.064,0.00,,-2,2255,0,2130,-1,-0.61,20.4,1.00,0.079
204.50,FINAL,114.89,111.34,21.08,-0.75,-0.2,0.2,-11.2,1.0,-2773,0.27,0.106,0.062,0.00,,-2,2253,0,2128,-1,-0.62,20.4,1.00,0.079
204.60,FINAL,114.81,111.27,21.07,-0.75,-0.2,0.3,-11.2,1.0,-2771,0.27,0.107,0.062,0.00,,-2,2251,0,2126,-1,-0.63,20.4,1.00,0.079
204.70,FINAL,114.74,111.19,21.07,-0.76,-0.2,0.5,-11.2,0.9,-2769,0.27,0.107,0.063,0.00,,-2,2249,0,2124,-1,-0.63,20.4,1.00,0.079
204.80,FINAL,114.66,111.12,21.06,-0.76,-0.2,0.7,-11.2,0.9,-2767,0.27,0.107,0.064,0.00,,-2,2247,0,2122,-1,-0.64,20.4,1.00,0.079
204.90,FINAL,114.59,111.04,21.05,-0.77,-0.2,0.8,-11.2,0.8,-2764,0.27,0.108,0.064,0.00,,-2,2244,0,2119,-1,-0.64,20.4,1.00,0.079
205.00,FINAL,114.51,110.97,21.05,-0.77,-0.2,0.9,-11.2,0.7,-2762,0.27,0.108,0.065,0.00,,-2,2242,0,2117,-1,-0.65,20.4,1.00,0.079
205.10,FINAL,114.43,110.89,21.04,-0.78,-0.2,0.9,-11.3,0.7,-2760,0.27,0.109,0.065,0.00,,-2,2240,0,2115,-1,-0.65,20.4,1.00,0.079
205.20,FINAL,114.35,110.81,21.04,-0.78,-0.2,1.0,-11.3,0.6,-2758,0.27,0.109,0.066,0.00,,-2,2238,0,2113,-1,-0.66,20.4,1.00,0.079
205.30,FINAL,114.28,110.73,21.03,-0.78,-0.2,1.0,-11.4,0.6,-2756,0.27,0.109,0.066,0.00,,-2,2236,0,2111,-1,-0.67,20.4,1.00,0.079
205.40,FINAL,114.20,110.65,21.02,-0.79,-0.2,1.1,-11.4,0.5,-2754,0.27,0.110,0.067,0.00,,-2,2234,0,2109,-1,-0.67,20.4,1.00,0.079
205.50,FINAL,114.12,110.57,21.02,-0.79,-0.2,1.1,-11.5,0.5,-2752,0.27,0.110,0.067,0.00,,-2,2232,0,2107,-0,-0.68,20.4,1.00,0.079
205.60,FINAL,114.04,110.49,21.01,-0.79,-0.2,1.1,-11.6,0.4,-2750,0.26,0.111,0.068,0.00,,-2,2230,0,2105,-0,-0.68,20.4,1.00,0.079
205.70,FINAL,113.96,110.42,21.01,-0.80,-0.2,1.1,-11.7,0.4,-2748,0.26,0.111,0.068,0.00,,-2,2228,0,2103,-0,-0.69,20.4,1.00,0.079
205.80,FINAL,113.88,110.34,21.00,-0.80,-0.2,1.1,-11.7,0.3,-2746,0.26,0.111,0.068,0.00,,-2,2226,0,2101,-0,-0.69,20.4,1.00,0.079
205.90,FINAL,113.80,110.26,21.00,-0.80,-0.2,1.1,-11.8,0.3,-2744,0.26,0.112,0.069,0.00,,-2,2224,0,2099,-0,-0.69,20.4,1.00,0.079
206.00,FINAL,113.72,110.18,20.99,-0.80,-0.1,1.2,-11.9,0.2,-2742,0.26,0.112,0.069,0.00,,-2,2222,0,2097,-0,-0.70,20.4,1.00,0.079
206.10,FINAL,113.64,110.10,20.98,-0.80,-0.1,1.2,-12.0,0.2,-2740,0.26,0.112,0.069,0.00,,-2,2220,0,2095,-0,-0.70,20.4,1.00,0.079
206.20,FINAL,113.56,110.01,20.98,-0.81,-0.1,1.2,-12.1,0.2,-2738,0.26,0.112,0.070,0.00,,-2,2218,0,2093,-0,-0.71,20.4,1.00,0.079
206.30,FINAL,113.48,109.93,20.97,-0.81,-0.1,1.2,-12.2,0.1,-2736,0.26,0.113,0.070,0.00,,-2,2216,0,2091,-0,-0.71,20.4,1.00,0.079
206.40,FINAL,113.40,109.85,20.97,-0.81,-0.1,1.1,-12.3,0.1,-2734,0.26,0.113,0.070,0.00,,-2,2214,0,2089,-0,-0.72,20.4,1.00,0.078
206.50,FINAL,113.32,109.77,20.96,-0.81,-0.1,1.1,-12.4,0.1,-2732,0.26,0.113,0.070,0.00,,-2,2212,0,2087,-0,-0.72,20.4,1.00,0.078
206.60,FINAL,113.24,109.69,20.95,-0.81,-0.1,1.1,-12.5,0.0,-2730,0.26,0.113,0.071,0.00,,-2,2210,0,2085,-0,-0.73,20.4,1.00,0.078
206.70,FINAL,113.16,109.61,20.95,-0.81,-0.1,1.1,-12.6,-0.0,-2728,0.26,0.114,0.071,0.00,,-2,2208,0,2083,0,-0.73,20.4,1.00,0.078
206.80,FINAL,113.07,109.53,20.94,-0.81,-0.1,1.1,-12.6,-0.0,-2726,0.26,0.114,0.071,0.00,,-2,2206,0,2081,0,-0.74,20.4,1.00,0.078
206.90,FINAL,112.99,109.45,20.94,-0.81,-0.1,1.1,-12.7,-0.1,-2724,0.26,0.114,0.071,0.00,,-2,2204,0,2079,0,-0.74,20.4,1.00,0.078
207.00,FINAL,112.91,109.37,20.93,-0.81,-0.1,1.1,-12.7,-0.1,-2722,0.26,0.114,0.071,0.00,,-2,2202,0,2077,0,-0.74,20.4,1.00,0.077
207.10,FINAL,112.83,109.29,20.92,-0.81,-0.1,1.1,-12.8,-0.1,-2720,0.26,0.114,0.070,0.00,,-2,2200,0,2075,0,-0.75,20.4,1.00,0.077
207.20,FINAL,112.75,109.20,20.92,-0.82,-0.1,1.0,-12.8,-0.2,-2717,0.26,0.115,0.070,0.00,,-2,2197,0,2072,0,-0.75,20.4,1.00,0.077
207.30,FINAL,112.67,109.12,20.91,-0.82,-0.1,1.0,-12.9,-0.2,-2715,0.26,0.115,0.070,0.00,,-1,2195,0,2070,0,-0.76,20.4,1.00,0.077
207.40,FINAL,112.59,109.04,20.91,-0.82,-0.1,1.0,-12.9,-0.2,-2713,0.26,0.115,0.070,0.00,,-1,2193,0,2068,0,-0.76,20.4,1.00,0.077
207.50,FINAL,112.50,108.96,20.90,-0.82,-0.1,1.0,-12.9,-0.2,-2711,0.26,0.115,0.070,0.00,,-1,2191,0,2066,0,-0.77,20.4,1.00,0.077
207.60,FINAL,112.42,108.88,20.89,-0.82,-0.1,1.0,-12.9,-0.2,-2709,0.26,0.115,0.069,0.00,,-1,2189,0,2064,0,-0.77,20.4,1.00,0.076
207.70,FINAL,112.34,108.79,20.89,-0.82,-0.1,1.0,-13.0,-0.3,-2707,0.26,0.116,0.069,0.00,,-1,2187,0,2062,0,-0.77,20.4,1.00,0.076
207.80,FINAL,112.26,108.71,20.88,-0.82,-0.1,0.9,-13.0,-0.3,-2705,0.26,0.116,0.069,0.00,,-1,2185,0,2060,0,-0.78,20.4,1.00,0.076
207.90,FINAL,112.18,108.63,20.88,-0.82,-0.1,0.9,-13.0,-0.3,-2703,0.26,0.116,0.069,0.00,,-1,2183,0,2058,0,-0.78,20.4,1.00,0.076
208.00,FINAL,112.09,108.55,20.87,-0.83,-0.1,0.9,-13.0,-0.3,-2701,0.26,0.116,0.068,0.00,,-1,2181,0,2056,0,-0.79,20.4,1.00,0.076
208.10,FINAL,112.01,108.47,20.86,-0.83,-0.1,0.9,-13.0,-0.3,-2699,0.26,0.116,0.068,0.00,,-1,2179,0,2054,0,-0.79,20.4,1.00,0.075
208.20,FINAL,111.93,108.38,20.86,-0.83,-0.1,0.9,-13.0,-0.3,-2697,0.26,0.117,0.068,0.00,,-1,2177,0,2052,0,-0.79,20.4,1.00,0.075
208.30,FINAL,111.84,108.30,20.85,-0.83,-0.1,0.9,-13.0,-0.3,-2695,0.26,0.117,0.068,0.00,,-1,2175,0,2050,0,-0.80,20.4,1.00,0.075
208.40,FINAL,111.76,108.22,20.85,-0.83,-0.1,0.9,-13.0,-0.3,-2693,0.26,0.117,0.067,0.00,,-1,2173,0,2048,0,-0.80,20.4,1.00,0.075
208.50,FINAL,111.68,108.13,20.84,-0.83,-0.1,0.9,-13.0,-0.4,-2691,0.26,0.117,0.067,0.00,,-1,2171,0,2046,0,-0.81,20.4,1.00,0.075
208.60,FINAL,111.59,108.05,20.84,-0.83,-0.1,0.8,-13.0,-0.4,-2689,0.26,0.118,0.067,0.00,,-1,2169,0,2044,0,-0.81,20.4,1.00,0.074
208.70,FINAL,111.51,107.97,20.83,-0.84,-0.1,0.8,-13.0,-0.4,-2687,0.26,0.118,0.067,0.00,,-1,2167,0,2042,0,-0.81,20.4,1.00,0.074
208.80,FINAL,111.43,107.88,20.83,-0.84,-0.1,0.8,-13.0,-0.4,-2685,0.26,0.118,0.067,0.00,,-1,2165,0,2040,0,-0.82,20.4,1.00,0.074
208.90,FINAL,111.34,107.80,20.82,-0.84,-0.1,0.8,-13.1,-0.4,-2683,0.26,0.118,0.067,0.00,,-1,2163,0,2038,0,-0.82,20.4,1.00,0.074
209.00,FINAL,111.26,107.71,20.81,-0.84,-0.1,0.8,-13.1,-0.4,-2681,0.26,0.118,0.067,0.00,,-1,2161,0,2036,0,-0.83,20.4,1.00,0.074
209.10,FINAL,111.18,107.63,20.81,-0.84,-0.1,0.8,-13.1,-0.4,-2679,0.26,0.119,0.067,0.00,,-1,2159,0,2034,0,-0.83,20.4,1.00,0.074
209.20,FINAL,111.09,107.55,20.80,-0.85,-0.1,0.8,-13.1,-0.4,-2677,0.26,0.119,0.067,0.00,,-1,2157,0,2032,0,-0.83,20.4,1.00,0.073
209.30,FINAL,111.01,107.46,20.80,-0.85,-0.1,0.8,-13.1,-0.4,-2675,0.26,0.119,0.067,0.00,,-1,2155,0,2030,0,-0.84,20.4,1.00,0.073
209.40,FINAL,110.92,107.38,20.79,-0.85,-0.1,0.8,-13.2,-0.4,-2673,0.26,0.119,0.067,0.00,,-1,2153,0,2028,0,-0.84,20.4,1.00,0.073
209.50,FINAL,110.84,107.29,20.79,-0.85,-0.1,0.8,-13.2,-0.4,-2671,0.26,0.119,0.067,0.00,,-1,2151,0,2026,0,-0.84,20.4,1.00,0.073
209.60,FINAL,110.75,107.21,20.78,-0.85,-0.1,0.8,-13.2,-0.4,-2669,0.26,0.120,0.067,0.00,,-1,2149,0,2024,0,-0.85,20.4,1.00,0.073
209.70,FINAL,110.67,107.12,20.78,-0.85,-0.1,0.7,-13.3,-0.4,-2667,0.26,0.120,0.067,0.00,,-1,2147,0,2022,0,-0.85,20.4,1.00,0.072
209.80,FINAL,110.58,107.04,20.77,-0.86,-0.1,0.7,-13.3,-0.4,-2665,0.26,0.120,0.067,0.00,,-1,2145,0,2020,0,-0.85,20.4,1.00,0.072
209.90,FINAL,110.50,106.95,20.77,-0.86,-0.1,0.7,-13.4,-0.4,-2663,0.26,0.120,0.067,0.00,,-1,2143,0,2018,0,-0.86,20.4,1.00,0.072
210.00,FINAL,110.41,106.86,20.76,-0.86,-0.1,0.7,-13.4,-0.4,-2661,0.26,0.120,0.067,0.00,,-1,2141,0,2016,0,-0.86,20.4,1.00,0.072
210.10,FINAL,110.32,106.78,20.76,-0.86,-0.1,0.7,-13.5,-0.4,-2659,0.26,0.121,0.067,0.00,,-1,2139,0,2014,0,-0.86,20.4,1.00,0.072
210.20,FINAL,110.24,106.69,20.75,-0.86,-0.1,0.7,-13.5,-0.4,-2657,0.26,0.121,0.067,0.00,,-1,2137,0,2012,0,-0.87,20.4,1.00,0.072
210.30,FINAL,110.15,106.61,20.75,-0.86,-0.1,0.7,-13.5,-0.4,-2655,0.26,0.121,0.067,0.00,,-1,2135,0,2010,0,-0.87,20.4,1.00,0.071
210.40,FINAL,110.07,106.52,20.75,-0.86,-0.1,0.7,-13.6,-0.3,-2653,0.26,0.121,0.067,0.00,,-1,2133,0,2008,0,-0.87,20.4,1.00,0.071
210.50,FINAL,109.98,106.43,20.74,-0.86,-0.1,0.6,-13.6,-0.3,-2651,0.26,0.121,0.067,0.00,,-1,2131,0,2006,0,-0.88,20.4,1.00,0.071
210.60,FINAL,109.89,106.35,20.74,-0.87,-0.1,0.6,-13.7,-0.3,-2649,0.26,0.122,0.067,0.00,,-1,2129,0,2004,0,-0.88,20.4,1.00,0.071
210.70,FINAL,109.81,106.26,20.73,-0.87,-0.1,0.6,-13.7,-0.3,-2647,0.26,0.122,0.067,0.00,,-1,2127,0,2002,0,-0.88,20.4,1.00,0.071
210.80,FINAL,109.72,106.17,20.73,-0.87,-0.1,0.6,-13.8,-0.3,-2645,0.26,0.122,0.068,0.00,,-1,2125,0,2000,0,-0.89,20.4,1.00,0.070
210.90,FINAL,109.63,106.09,20.72,-0.87,-0.1,0.6,-13.8,-0.3,-2643,0.26,0.122,0.068,0.00,,-1,2123,0,1998,0,-0.89,20.4,1.00,0.070
211.00,FINAL,109.54,106.00,20.72,-0.87,-0.1,0.6,-13.8,-0.3,-2641,0.26,0.122,0.068,0.00,,-1,2121,0,1996,0,-0.89,20.4,1.00,0.070
211.10,FINAL,109.46,105.91,20.71,-0.87,-0.1,0.5,-13.9,-0.3,-2639,0.26,0.122,0.068,0.00,,-1,2119,0,1994,0,-0.90,20.4,1.00,0.070
211.20,FINAL,109.37,105.83,20.71,-0.87,-0.1,0.5,-13.9,-0.3,-2637,0.26,0.123,0.068,0.00,,-1,2117,0,1992,0,-0.90,20.4,1.00,0.070
211.30,FINAL,109.28,105.74,20.71,-0.87,-0.1,0.5,-13.9,-0.2,-2635,0.26,0.123,0.068,0.00,,-1,2115,0,1990,0,-0.90,20.4,1.00,0.069
211.40,FINAL,109.20,105.65,20.70,-0.88,-0.1,0.5,-13.9,-0.2,-2633,0.25,0.123,0.068,0.00,,-1,2113,0,1988,0,-0.90,20.4,1.00,0.069
211.50,FINAL,109.11,105.56,20.70,-0.88,-0.1,0.5,-14.0,-0.2,-2631,0.25,0.123,0.067,0.00,,-1,2111,0,1986,0,-0.91,20.4,1.00,0.069
211.60,FINAL,109.02,105.48,20.69,-0.88,-0.1,0.5,-14.0,-0.2,-2629,0.25,0.123,0.067,0.00,,-1,2109,0,1984,0,-0.91,20.4,1.00,0.069
211.70,FINAL,108.93,105.39,20.69,-0.88,-0.1,0.4,-14.0,-0.2,-2627,0.25,0.123,0.067,0.00,,-1,2107,0,1982,0,-0.91,20.4,1.00,0.069
211.80,FINAL,108.84,105.30,20.68,-0.88,-0.1,0.4,-14.0,-0.2,-2625,0.25,0.124,0.067,0.00,,-1,2105,0,1980,0,-0.92,20.4,1.00,0.068
211.90,FINAL,108.76,105.21,20.68,-0.88,-0.1,0.4,-14.0,-0.1,-2623,0.25,0.124,0.067,0.00,,-1,2103,0,1978,0,-0.92,20.4,1.00,0.068
212.00,FINAL,108.67,105.12,20.68,-0.88,-0.1,0.4,-14.1,-0.1,-2621,0.25,0.124,0.067,0.00,,-1,2101,0,1976,0,-0.92,20.4,1.00,0.068
212.10,FINAL,108.58,105.03,20.67,-0.88,-0.1,0.4,-14.1,-0.1,-2619,0.25,0.124,0.067,0.00,,-1,2099,0,1974,0,-0.92,20.4,1.00,0.068
212.20,FINAL,108.49,104.95,20.67,-0.89,-0.1,0.4,-14.1,-0.1,-2617,0.25,0.124,0.067,0.00,,-1,2097,0,1972,0,-0.93,20.4,1.00,0.068
212.30,FINAL,108.40,104.86,20.66,-0.89,-0.1,0.3,-14.1,-0.1,-2615,0.25,0.124,0.067,0.00,,-1,2095,0,1970,0,-0.93,20.4,1.00,0.067
212.40,FINAL,108.31,104.77,20.66,-0.89,-0.1,0.3,-14.1,-0.0,-2613,0.25,0.125,0.067,0.00,,-1,2093,0,1968,0,-0.93,20.4,1.00,0.067
212.50,FINAL,108.22,104.68,20.66,-0.89,-0.1,0.3,-14.1,-0.0,-2611,0.25,0.125,0.067,0.00,,-1,2091,0,1966,0,-0.94,20.4,1.00,0.067
212.60,FINAL,108.14,104.59,20.65,-0.89,-0.1,0.3,-14.1,-0.0,-2609,0.25,0.125,0.067,0.00,,0,2089,0,1964,0,-0.94,20.4,1.00,0.067
212.70,FINAL,108.05,104.50,20.65,-0.89,-0.1,0.3,-14.1,0.0,-2607,0.25,0.125,0.067,0.00,,0,2087,0,1962,-0,-0.94,20.4,1.00,0.067
212.80,FINAL,107.96,104.41,20.64,-0.89,-0.1,0.3,-14.1,0.0,-2605,0.25,0.125,0.067,0.00,,0,2085,0,1960,-0,-0.94,20.4,1.00,0.066
212.90,FINAL,107.87,104.32,20.64,-0.89,-0.1,0.3,-14.1,0.1,-2603,0.25,0.125,0.067,0.00,,0,2083,0,1958,-0,-0.95,20.4,1.00,0.066
213.00,FINAL,107.78,104.23,20.64,-0.90,-0.1,0.2,-14.1,0.1,-2601,0.25,0.125,0.066,0.00,,0,2081,0,1956,-0,-0.95,20.4,1.00,0.066
213.10,FINAL,107.69,104.14,20.63,-0.90,-0.1,0.2,-14.1,0.1,-2599,0.25,0.126,0.066,0.00,,0,2079,0,1954,-0,-0.95,20.4,1.00,0.066
213.20,FINAL,107.60,104.05,20.63,-0.90,-0.1,0.2,-14.1,0.1,-2597,0.25,0.126,0.066,0.00,,0,2077,0,1952,-0,-0.95,20.4,1.00,0.066
213.30,FINAL,107.51,103.96,20.63,-0.90,-0.1,0.2,-14.1,0.1,-2595,0.25,0.126,0.066,0.00,,0,2075,0,1950,-0,-0.96,20.4,1.00,0.065
213.40,FINAL,107.42,103.87,20.62,-0.90,-0.1,0.2,-14.2,0.2,-2593,0.25,0.126,0.066,0.00,,0,2073,0,1948,-0,-0.96,20.4,1.00,0.065
213.50,FINAL,107.33,103.78,20.62,-0.90,-0.1,0.2,-14.2,0.2,-2591,0.25,0.126,0.066,0.00,,0,2071,0,1946,-0,-0.96,20.4,1.00,0.065
213.60,FINAL,107.24,103.69,20.61,-0.90,-0.1,0.2,-14.2,0.2,-2589,0.25,0.126,0.066,0.00,,0,2069,0,1944,-0,-0.96,20.4,1.00,0.065
213.70,FINAL,107.15,103.60,20.61,-0.91,-0.1,0.2,-14.2,0.2,-2587,0.25,0.127,0.066,0.00,,0,2067,0,1942,-0,-0.97,20.4,1.00,0.065
213.80,FINAL,107.06,103.51,20.61,-0.91,-0.1,0.2,-14.2,0.2,-2585,0.25,0.127,0.066,0.00,,0,2065,0,1940,-0,-0.97,20.4,1.00,0.064
213.90,FINAL,106.97,103.42,20.60,-0.91,-0.1,0.2,-14.2,0.3,-2583,0.25,0.127,0.066,0.00,,0,2063,0,1938,-0,-0.97,20.4,1.00,0.064
214.00,FINAL,106.88,103.33,20.60,-0.91,-0.1,0.1,-14.2,0.3,-2581,0.25,0.127,0.066,0.00,,0,2061,0,1936,-0,-0.97,20.4,1.00,0.064
214.10,FINAL,106.79,103.24,20.60,-0.91,-0.1,0.1,-14.2,0.3,-2579,0.25,0.127,0.066,0.00,,0,2059,0,1934,-0,-0.98,20.4,1.00,0.064
214.20,FINAL,106.69,103.15,20.59,-0.91,-0.1,0.1,-14.2,0.3,-2577,0.25,0.127,0.066,0.00,,0,2057,0,1932,-0,-0.98,20.4,1.00,0.064
214.30,FINAL,106.60,103.06,20.59,-0.91,-0.1,0.1,-14.2,0.3,-2575,0.25,0.127,0.066,0.00,,0,2055,0,1930,-0,-0.98,20.4,1.00,0.063
214.40,FINAL,106.51,102.97,20.59,-0.91,-0.1,0.1,-14.2,0.4,-2573,0.25,0.128,0.066,0.00,,0,2053,0,1928,-0,-0.98,20.4,1.00,0.063
214.50,FINAL,106.42,102.88,20.58,-0.92,-0.1,0.1,-14.2,0.4,-2571,0.25,0.128,0.066,0.00,,0,2051,0,1926,-0,-0.98,20.4,1.00,0.063
214.60,FINAL,106.33,102.78,20.58,-0.92,-0.1,0.1,-14.2,0.4,-2569,0.25,0.128,0.066,0.00,,0,2049,0,1924,-0,-0.99,20.4,1.00,0.063
214.70,FINAL,106.24,102.69,20.58,-0.92,-0.1,0.1,-14.2,0.4,-2567,0.25,0.128,0.067,0.00,,0,2047,0,1922,-0,-0.99,20.4,1.00,0.063
214.80,FINAL,106.15,102.60,20.57,-0.92,-0.1,0.1,-14.2,0.4,-2565,0.25,0.128,0.067,0.00,,0,2045,0,1920,-0,-0.99,20.4,1.00,0.062
214.90,FINAL,106.05,102.51,20.57,-0.92,-0.1,0.1,-14.2,0.5,-2563,0.25,0.128,0.067,0.00,,0,2043,0,1918,-0,-0.99,20.4,1.00,0.062
215.00,FINAL,105.96,102.42,20.57,-0.92,-0.1,0.0,-14.2,0.5,-2561,0.25,0.128,0.067,0.00,,0,2041,0,1916,-0,-0.99,20.4,1.00,0.062
215.10,FINAL,105.87,102.32,20.57,-0.92,-0.1,0.0,-14.2,0.5,-2559,0.25,0.128,0.067,0.00,,0,2039,0,1914,-0,-1.00,20.4,1.00,0.062
215.20,FINAL,105.78,102.23,20.56,-0.92,-0.1,0.0,-14.2,0.5,-2557,0.25,0.129,0.067,0.00,,0,2037,0,1912,-1,-1.00,20.4,1.00,0.062
215.30,FINAL,105.68,102.14,20.56,-0.92,-0.1,0.0,-14.2,0.5,-2555,0.25,0.129,0.067,0.00,,0,2035,0,1910,-1,-1.00,20.4,1.00,0.061
215.40,FINAL,105.59,102.05,20.56,-0.93,-0.1,0.0,-14.2,0.6,-2553,0.25,0.129,0.067,0.00,,0,2033,0,1908,-1,-1.00,20.4,1.00,0.061
215.50,FINAL,105.50,101.95,20.55,-0.93,-0.1,0.0,-14.2,0.6,-2551,0.25,0.129,0.067,0.00,,0,2031,0,1906,-1,-1.01,20.4,1.00,0.061
215.60,FINAL,105.41,101.86,20.55,-0.93,-0.1,-0.0,-14.2,0.6,-2549,0.25,0.129,0.066,0.00,,0,2029,0,1904,-1,-1.01,20.4,1.00,0.061
215.70,FINAL,105.31,101.77,20.55,-0.93,-0.1,-0.0,-14.2,0.6,-2547,0.25,0.129,0.066,0.00,,0,2027,0,1902,-1,-1.01,20.4,1.00,0.061
215.80,FINAL,105.22,101.68,20.54,-0.93,-0.1,-0.0,-14.2,0.6,-2545,0.25,0.129,0.066,0.00,,0,2025,0,1900,-1,-1.01,20.4,1.00,0.061
215.90,FINAL,105.13,101.58,20.54,-0.93,-0.1,-0.0,-14.2,0.6,-2543,0.25,0.130,0.066,0.00,,0,2023,0,1898,-1,-1.01,20.4,1.00,0.060
216.00,FINAL,105.04,101.49,20.54,-0.93,-0.1,-0.0,-14.2,0.7,-2542,0.25,0.130,0.066,0.00,,0,2022,0,1897,-1,-1.01,20.4,1.00,0.060
216.10,FINAL,104.94,101.40,20.54,-0.93,-0.1,-0.0,-14.2,0.7,-2540,0.25,0.130,0.066,0.00,,0,2020,0,1895,-1,-1.02,20.4,1.00,0.060
216.20,FINAL,104.85,101.30,20.53,-0.93,-0.1,-0.0,-14.2,0.7,-2538,0.25,0.130,0.066,0.00,,0,2018,0,1893,-1,-1.02,20.4,1.00,0.060
216.30,FINAL,104.76,101.21,20.53,-0.94,-0.1,-0.1,-14.2,0.7,-2536,0.25,0.130,0.066,0.00,,0,2016,0,1891,-1,-1.02,20.4,1.00,0.060
216.40,FINAL,104.66,101.12,20.53,-0.94,-0.1,-0.1,-14.2,0.7,-2534,0.25,0.130,0.066,0.00,,0,2014,0,1889,-1,-1.02,20.4,1.00,0.059
216.50,FINAL,104.57,101.02,20.53,-0.94,-0.1,-0.1,-14.2,0.7,-2532,0.25,0.130,0.066,0.00,,0,2012,0,1887,-1,-1.02,20.4,1.00,0.059
216.60,FINAL,104.47,100.93,20.52,-0.94,-0.1,-0.1,-14.1,0.7,-2530,0.25,0.130,0.066,0.00,,0,2010,0,1885,-1,-1.03,20.4,1.00,0.059
216.70,FINAL,104.38,100.84,20.52,-0.94,-0.1,-0.1,-14.1,0.8,-2528,0.25,0.131,0.066,0.00,,0,2008,0,1883,-1,-1.03,20.4,1.00,0.059
216.80,FINAL,104.29,100.74,20.52,-0.94,-0.1,-0.1,-14.1,0.8,-2526,0.25,0.131,0.066,0.00,,0,2006,0,1881,-1,-1.03,20.4,1.00,0.059
216.90,FINAL,104.19,100.65,20.52,-0.94,-0.1,-0.1,-14.1,0.8,-2524,0.25,0.131,0.066,0.00,,0,2004,0,1879,-1,-1.03,20.4,1.00,0.058
217.00,FINAL,104.10,100.55,20.51,-0.94,-0.1,-0.1,-14.1,0.8,-2522,0.25,0.131,0.066,0.00,,0,2002,0,1877,-1,-1.03,20.4,1.00,0.058
217.10,FINAL,104.00,100.46,20.51,-0.94,-0.1,-0.1,-14.1,0.8,-2520,0.25,0.131,0.066,0.00,,0,2000,0,1875,-1,-1.03,20.4,1.00,0.058
217.20,FINAL,103.91,100.36,20.51,-0.94,-0.1,-0.1,-14.1,0.8,-2518,0.25,0.131,0.066,0.00,,0,1998,0,1873,-1,-1.04,20.4,1.00,0.058
217.30,FINAL,103.82,100.27,20.51,-0.95,-0.1,-0.1,-14.1,0.8,-2516,0.25,0.131,0.066,0.00,,0,1996,0,1871,-1,-1.04,20.4,1.00,0.058
217.40,FINAL,103.72,100.18,20.50,-0.95,-0.1,-0.1,-14.0,0.8,-2514,0.25,0.131,0.066,0.00,,0,1994,0,1869,-1,-1.04,20.4,1.00,0.057
217.50,FINAL,103.63,100.08,20.50,-0.95,-0.1,-0.1,-14.0,0.9,-2512,0.25,0.131,0.066,0.00,,0,1992,0,1867,-1,-1.04,20.4,1.00,0.057
217.60,FINAL,103.53,99.99,20.50,-0.95,-0.1,-0.1,-14.0,0.9,-2510,0.25,0.132,0.066,0.00,,0,1990,0,1865,-1,-1.04,20.4,1.00,0.057
217.70,FINAL,103.44,99.89,20.50,-0.95,-0.1,-0.1,-14.0,0.9,-2508,0.25,0.132,0.066,0.00,,0,1988,0,1863,-1,-1.04,20.4,1.00,0.057
217.80,FINAL,103.34,99.80,20.49,-0.95,-0.1,-0.1,-14.0,0.9,-2506,0.25,0.132,0.066,0.00,,0,1986,0,1861,-1,-1.05,20.4,1.00,0.057
217.90,FINAL,103.25,99.70,20.49,-0.95,-0.1,-0.1,-14.0,0.9,-2504,0.25,0.132,0.066,0.00,,0,1984,0,1859,-1,-1.05,20.4,1.00,0.057
218.00,FINAL,103.15,99.61,20.49,-0.95,-0.1,-0.1,-14.0,0.9,-2502,0.25,0.132,0.066,0.00,,0,1982,0,1857,-1,-1.05,20.4,1.00,0.056
218.10,FINAL,103.06,99.51,20.49,-0.95,-0.1,-0.1,-14.0,0.9,-2500,0.25,0.132,0.066,0.00,,0,1980,0,1855,-1,-1.05,20.4,1.00,0.056
218.20,FINAL,102.96,99.42,20.49,-0.95,-0.1,-0.1,-13.9,0.9,-2498,0.25,0.132,0.066,0.00,,0,1978,0,1853,-1,-1.05,20.4,1.00,0.056
218.30,FINAL,102.87,99.32,20.48,-0.95,-0.1,-0.1,-13.9,0.9,-2496,0.25,0.132,0.066,0.00,,0,1976,0,1851,-1,-1.05,20.4,1.00,0.056
218.40,FINAL,102.77,99.23,20.48,-0.96,-0.1,-0.1,-13.9,0.9,-2494,0.25,0.132,0.066,0.00,,0,1974,0,1849,-1,-1.05,20.4,1.00,0.056
218.50,FINAL,102.67,99.13,20.48,-0.96,-0.1,-0.1,-13.9,0.9,-2492,0.25,0.133,0.066,0.00,,0,1972,0,1847,-1,-1.06,20.4,1.00,0.055
218.60,FINAL,102.58,99.03,20.48,-0.96,-0.1,-0.1,-13.9,0.9,-2490,0.25,0.133,0.066,0.00,,0,1970,0,1845,-1,-1.06,20.4,1.00,0.055
218.70,FINAL,102.48,98.94,20.48,-0.96,-0.1,-0.1,-13.9,0.9,-2488,0.25,0.133,0.066,0.00,,0,1968,0,1843,-1,-1.06,20.4,1.00,0.055
218.80,FINAL,102.39,98.84,20.47,-0.96,-0.1,-0.1,-13.9,1.0,-2486,0.25,0.133,0.066,0.00,,0,1966,0,1841,-1,-1.06,20.4,1.00,0.055
218.90,FINAL,102.29,98.75,20.47,-0.96,-0.1,-0.1,-13.9,1.0,-2484,0.25,0.133,0.066,0.00,,0,1964,0,1839,-1,-1.06,20.4,1.00,0.055
219.00,FINAL,102.20,98.65,20.47,-0.96,-0.1,-0.1,-13.9,1.0,-2482,0.25,0.133,0.066,0.00,,0,1962,0,1837,-1,-1.06,20.4,1.00,0.054
219.10,FINAL,102.10,98.55,20.47,-0.96,-0.1,-0.1,-13.8,1.0,-2480,0.25,0.133,0.066,0.00,,0,1960,0,1835,-1,-1.06,20.4,1.00,0.054
219.20,FINAL,102.00,98.46,20.47,-0.96,-0.1,-0.1,-13.8,1.0,-2478,0.25,0.133,0.066,0.00,,0,1958,0,1833,-1,-1.07,20.4,1.00,0.054
219.30,FINAL,101.91,98.36,20.46,-0.96,-0.1,-0.1,-13.8,1.0,-2476,0.25,0.133,0.066,0.00,,0,1956,0,1831,-1,-1.07,20.4,1.00,0.054
219.40,FINAL,101.81,98.27,20.46,-0.96,-0.1,-0.1,-13.8,1.0,-2474,0.25,0.133,0.066,0.00,,0,1954,0,1829,-1,-1.07,20.4,1.00,0.054
219.50,FINAL,101.71,98.17,20.46,-0.96,-0.1,-0.1,-13.8,1.0,-2472,0.25,0.134,0.066,0.00,,0,1952,0,1827,-1,-1.07,20.4,1.00,0.054
219.60,FINAL,101.62,98.07,20.46,-0.96,-0.1,-0.1,-13.8,1.0,-2470,0.25,0.134,0.066,0.00,,0,1950,0,1825,-1,-1.07,20.4,1.00,0.053
219.70,FINAL,101.52,97.98,20.46,-0.97,-0.1,-0.1,-13.8,1.0,-2468,0.25,0.134,0.066,0.00,,0,1948,0,1823,-1,-1.07,20.4,1.00,0.053
219.80,FINAL,101.43,97.88,20.45,-0.97,-0.1,-0.1,-13.8,1.0,-2466,0.25,0.134,0.066,0.00,,0,1946,0,1821,-1,-1.07,20.4,1.00,0.053
219.90,FINAL,101.33,97.78,20.45,-0.97,-0.1,-0.1,-13.7,1.0,-2464,0.25,0.134,0.066,0.00,,0,1944,0,1819,-1,-1.07,20.4,1.00,0.053
220.00,FINAL,101.23,97.69,20.45,-0.97,-0.1,-0.1,-13.7,1.0,-2462,0.25,0.134,0.066,0.00,,0,1942,0,1817,-1,-1.08,20.4,1.00,0.053
220.10,FINAL,101.14,97.59,20.45,-0.97,-0.1,-0.1,-13.7,1.0,-2460,0.25,0.134,0.066,0.00,,0,1940,0,1815,-1,-1.08,20.4,1.00,0.052
220.20,FINAL,101.04,97.49,20.45,-0.97,-0.1,-0.1,-13.7,1.0,-2458,0.25,0.134,0.066,0.00,,0,1938,0,1813,-1,-1.08,20.4,1.00,0.052
220.30,FINAL,100.94,97.40,20.44,-0.97,-0.0,-0.1,-13.7,1.0,-2456,0.25,0.134,0.066,0.00,,0,1936,0,1811,-1,-1.08,20.4,1.00,0.052
220.40,FINAL,100.84,97.30,20.44,-0.97,-0.0,-0.1,-13.7,1.0,-2454,0.25,0.134,0.066,0.00,,0,1934,0,1809,-1,-1.08,20.4,1.00,0.052
220.50,FINAL,100.75,97.20,20.44,-0.97,-0.0,-0.1,-13.7,1.0,-2452,0.25,0.134,0.066,0.00,,0,1932,0,1807,-1,-1.08,20.4,1.00,0.052
220.60,FINAL,100.65,97.11,20.44,-0.97,-0.0,-0.1,-13.6,1.0,-2450,0.25,0.134,0.066,0.00,,0,1930,0,1805,-1,-1.08,20.4,1.00,0.051
220.70,FINAL,100.55,97.01,20.44,-0.97,-0.0,-0.1,-13.6,1.0,-2449,0.25,0.135,0.066,0.00,,0,1929,0,1804,-1,-1.08,20.4,1.00,0.051
220.80,FINAL,100.46,96.91,20.44,-0.97,-0.0,-0.0,-13.6,1.0,-2447,0.25,0.135,0.066,0.00,,0,1927,0,1802,-1,-1.08,20.4,1.00,0.051
220.90,FINAL,100.36,96.81,20.43,-0.97,-0.0,-0.0,-13.6,0.9,-2445,0.25,0.135,0.066,0.00,,0,1925,0,1800,-1,-1.09,20.4,1.00,0.051
221.00,FINAL,100.26,96.72,20.43,-0.97,-0.0,-0.0,-13.6,0.9,-2443,0.25,0.135,0.066,0.00,,0,1923,0,1798,-1,-1.09,20.4,1.00,0.051
221.10,FINAL,100.16,96.62,20.43,-0.98,-0.0,-0.0,-13.6,0.9,-2441,0.25,0.135,0.066,0.00,,0,1921,0,1796,-1,-1.09,20.4,1.00,0.051
221.20,FINAL,100.07,96.52,20.43,-0.98,-0.0,-0.0,-13.5,0.9,-2439,0.25,0.135,0.066,0.00,,0,1919,0,1794,-1,-1.09,20.4,1.00,0.050
221.30,FINAL,99.97,96.42,20.43,-0.98,-0.0,-0.0,-13.5,0.9,-2437,0.25,0.135,0.066,0.00,,0,1917,0,1792,-1,-1.09,20.4,1.00,0.050
221.40,FINAL,99.87,96.33,20.43,-0.98,-0.0,-0.0,-13.5,0.9,-2435,0.25,0.135,0.066,0.00,,0,1915,0,1790,-1,-1.09,20.4,1.00,0.050
221.50,FINAL,99.77,96.23,20.42,-0.98,-0.0,-0.0,-13.5,0.9,-2433,0.25,0.135,0.066,0.00,,0,1913,0,1788,-1,-1.09,20.4,1.00,0.050
221.60,FINAL,99.67,96.13,20.42,-0.98,-0.0,-0.0,-13.5,0.9,-2431,0.25,0.135,0.066,0.00,,0,1911,0,1786,-1,-1.09,20.4,1.00,0.050
221.70,FINAL,99.58,96.03,20.42,-0.98,-0.0,-0.0,-13.5,0.9,-2429,0.25,0.135,0.066,0.00,,0,1909,0,1784,-1,-1.09,20.4,1.00,0.049
221.80,FINAL,99.48,95.93,20.42,-0.98,-0.0,-0.0,-13.4,0.9,-2427,0.25,0.135,0.066,0.00,,0,1907,0,1782,-1,-1.09,20.4,1.00,0.049
221.90,FINAL,99.38,97.11,20.42,-0.98,-0.0,0.0,-13.4,0.9,-2425,0.25,0.135,0.066,0.00,,0,1905,0,1780,-1,-1.10,20.4,1.00,0.049
222.00,FINAL,99.28,96.87,20.42,-0.98,-0.0,0.0,-13.4,0.9,-2423,0.25,0.136,0.066,0.00,,0,1903,0,1778,-1,-1.10,20.4,1.00,0.049
222.10,FINAL,99.18,96.62,20.41,-0.98,-0.0,0.0,-13.4,0.9,-2421,0.25,0.136,0.066,0.00,,0,1901,0,1776,-1,-1.10,20.4,1.00,0.049
222.20,FINAL,99.09,96.36,20.41,-0.98,-0.0,0.0,-13.4,0.9,-2419,0.25,0.136,0.066,0.00,,0,1899,0,1774,-1,-1.10,20.4,1.00,0.048
222.30,FINAL,98.99,96.12,20.41,-0.98,-0.0,0.0,-13.4,0.9,-2417,0.25,0.136,0.066,0.00,,0,1897,0,1772,-1,-1.10,20.4,1.00,0.048
222.40,FINAL,98.89,95.89,20.41,-0.98,-0.0,0.0,-13.4,0.8,-2415,0.25,0.136,0.066,0.00,,0,1895,0,1770,-1,-1.10,20.4,1.00,0.048
222.50,FINAL,98.79,95.68,20.41,-0.98,-0.0,0.0,-13.4,0.8,-2413,0.25,0.136,0.066,0.00,,0,1893,0,1768,-1,-1.10,20.4,1.00,0.048
222.60,FINAL,98.69,95.48,20.41,-0.98,-0.0,0.0,-13.3,0.8,-2411,0.25,0.136,0.066,0.00,,0,1891,0,1766,-1,-1.10,20.4,1.00,0.048
222.70,FINAL,98.59,95.29,20.41,-0.99,-0.0,0.0,-13.3,0.8,-2409,0.25,0.136,0.066,0.00,,0,1889,0,1764,-1,-1.10,20.4,1.00,0.048
222.80,FINAL,98.50,95.11,20.40,-0.99,-0.0,0.0,-13.3,0.8,-2407,0.25,0.136,0.066,0.00,,0,1887,0,1762,-1,-1.10,20.4,1.00,0.047
222.90,FINAL,98.40,94.93,20.40,-0.99,-0.0,0.0,-13.3,0.8,-2405,0.25,0.136,0.066,0.00,,0,1885,0,1760,-1,-1.10,20.4,1.00,0.047
223.00,FINAL,98.30,94.75,20.40,-0.99,-0.0,0.1,-13.3,0.8,-2403,0.25,0.136,0.066,0.00,,0,1883,0,1758,-1,-1.10,20.4,1.00,0.047
223.10,FINAL,98.20,94.57,20.40,-0.99,-0.0,0.1,-13.3,0.8,-2401,0.25,0.136,0.066,0.00,,0,1881,0,1756,-1,-1.11,20.4,1.00,0.047
223.20,FINAL,98.10,94.38,20.40,-0.99,-0.0,0.1,-13.3,0.8,-2399,0.25,0.136,0.066,0.00,,0,1879,0,1754,-1,-1.11,20.4,1.00,0.047
223.30,FINAL,98.00,94.18,20.40,-0.99,-0.0,0.1,-13.2,0.8,-2397,0.25,0.136,0.066,0.00,,0,1877,0,1752,-1,-1.11,20.4,1.00,0.047
223.40,FINAL,97.90,93.97,20.40,-0.99,-0.0,0.1,-13.2,0.7,-2395,0.25,0.136,0.066,0.00,,0,1875,0,1750,-1,-1.11,20.4,1.00,0.046
223.50,FINAL,97.80,93.76,20.40,-0.99,-0.0,0.1,-13.2,0.7,-2393,0.25,0.136,0.066,0.00,,0,1873,0,1748,-1,-1.11,20.4,1.00,0.046
223.60,FINAL,97.71,93.56,20.39,-0.99,-0.0,0.1,-13.2,0.7,-2391,0.25,0.137,0.066,0.00,,0,1871,0,1746,-1,-1.11,20.4,1.00,0.046
223.70,FINAL,97.61,93.36,20.39,-0.99,-0.0,0.1,-13.2,0.7,-2389,0.25,0.137,0.066,0.00,,0,1869,0,1744,-1,-1.11,20.4,1.00,0.046
223.80,FINAL,97.51,93.19,20.39,-0.99,-0.0,0.1,-13.2,0.7,-2387,0.25,0.137,0.066,0.00,,0,1867,0,1742,-1,-1.11,20.4,1.00,0.046
223.90,FINAL,97.41,93.04,20.39,-0.99,-0.0,0.1,-13.2,0.7,-2385,0.25,0.137,0.066,0.00,,0,1865,0,1740,-1,-1.11,20.4,1.00,0.045
224.00,FINAL,97.31,92.89,20.39,-0.99,-0.0,0.1,-13.2,0.7,-2383,0.25,0.137,0.066,0.00,,0,1863,0,1738,-1,-1.11,20.4,1.00,0.045
224.10,FINAL,97.21,92.74,20.39,-0.99,-0.0,0.1,-13.2,0.7,-2381,0.25,0.137,0.066,0.00,,0,1861,0,1736,-1,-1.11,20.4,1.00,0.045
224.20,FINAL,97.11,92.59,20.39,-0.99,-0.0,0.1,-13.1,0.7,-2379,0.25,0.137,0.066,0.00,,0,1859,0,1734,-1,-1.11,20.4,1.00,0.045
224.30,FINAL,97.01,92.44,20.39,-0.99,-0.0,0.1,-13.1,0.6,-2377,0.25,0.137,0.066,0.00,,0,1857,0,1732,-1,-1.11,20.4,1.00,0.045
224.40,FINAL,96.91,92.30,20.39,-0.99,-0.0,0.1,-13.1,0.6,-2375,0.25,0.137,0.066,0.00,,0,1855,0,1730,-1,-1.11,20.4,1.00,0.045
224.50,FINAL,96.81,92.15,20.38,-0.99,-0.0,0.1,-13.1,0.6,-2373,0.25,0.137,0.066,0.00,,0,1853,0,1728,-1,-1.12,20.4,1.00,0.044
224.60,FINAL,96.71,92.01,20.38,-0.99,-0.0,0.1,-13.1,0.6,-2371,0.25,0.137,0.066,0.00,,0,1851,0,1726,-1,-1.12,20.4,1.00,0.044
224.70,FINAL,96.61,91.86,20.38,-1.00,-0.0,0.1,-13.1,0.6,-2369,0.25,0.137,0.066,0.00,,0,1849,0,1724,-1,-1.12,20.4,1.00,0.044
224.80,FINAL,96.51,91.72,20.38,-1.00,-0.0,0.1,-13.1,0.6,-2368,0.25,0.137,0.066,0.00,,0,1848,0,1723,-1,-1.12,20.4,1.00,0.044
224.90,FINAL,96.41,91.58,20.38,-1.00,-0.0,0.1,-13.1,0.6,-2366,0.25,0.137,0.066,0.00,,0,1846,0,1721,-1,-1.12,20.4,1.00,0.044
225.00,FINAL,96.32,91.44,20.38,-1.00,-0.0,0.2,-13.1,0.6,-2364,0.25,0.137,0.066,0.00,,0,1844,0,1719,-1,-1.12,20.4,1.00,0.044
225.10,FINAL,96.22,91.30,20.38,-1.00,-0.0,0.2,-13.1,0.5,-2362,0.25,0.137,0.066,0.00,,0,1842,0,1717,-1,-1.12,20.4,1.00,0.043
225.20,FINAL,96.12,91.16,20.38,-1.00,-0.0,0.2,-13.1,0.5,-2360,0.24,0.137,0.066,0.00,,0,1840,0,1715,-1,-1.12,20.4,1.00,0.043
225.30,FINAL,96.02,91.02,20.38,-1.00,-0.0,0.2,-13.1,0.5,-2358,0.24,0.137,0.066,0.00,,0,1838,0,1713,-1,-1.12,20.4,1.00,0.043
225.40,FINAL,95.92,90.89,20.37,-1.00,-0.0,0.2,-13.1,0.5,-2356,0.24,0.138,0.066,0.00,,0,1836,0,1711,-1,-1.12,20.4,1.00,0.043
225.50,FINAL,95.82,90.75,20.37,-1.00,-0.0,0.2,-13.0,0.5,-2354,0.24,0.138,0.066,0.00,,0,1834,0,1709,-0,-1.12,20.4,1.00,0.043
225.60,FINAL,95.72,90.62,20.37,-1.00,-0.0,0.2,-13.0,0.5,-2352,0.24,0.138,0.066,0.00,,0,1832,0,1707,-0,-1.12,20.4,1.00,0.043
225.70,FINAL,95.62,90.48,20.37,-1.00,-0.0,0.2,-13.0,0.5,-2350,0.24,0.138,0.066,0.00,,0,1830,0,1705,-0,-1.12,20.4,1.00,0.042
225.80,FINAL,95.52,90.35,20.37,-1.00,-0.0,0.2,-13.0,0.5,-2348,0.24,0.138,0.066,0.00,,0,1828,0,1703,-0,-1.12,20.4,1.00,0.042
225.90,FINAL,95.42,90.22,20.37,-1.00,-0.0,0.2,-13.0,0.4,-2346,0.24,0.138,0.066,0.00,,0,1826,0,1701,-0,-1.12,20.4,1.00,0.042
226.00,FINAL,95.32,90.09,20.37,-1.00,-0.0,0.2,-13.0,0.4,-2344,0.24,0.138,0.066,0.00,,0,1824,0,1699,-0,-1.12,20.4,1.00,0.042
226.10,FINAL,95.22,89.97,20.37,-1.00,-0.0,0.2,-13.0,0.4,-2342,0.24,0.138,0.066,0.00,,0,1822,0,1697,-0,-1.12,20.4,1.00,0.042
226.20,FINAL,95.12,89.84,20.37,-1.00,-0.0,0.2,-13.0,0.4,-2340,0.24,0.138,0.066,0.00,,0,1820,0,1695,-0,-1.12,20.4,1.00,0.042
226.30,FINAL,95.02,89.71,20.37,-1.00,-0.0,0.2,-13.0,0.4,-2338,0.24,0.138,0.066,0.00,,0,1818,0,1693,-0,-1.12,20.4,1.00,0.041
226.40,FINAL,94.92,89.59,20.37,-1.00,-0.0,0.2,-13.0,0.4,-2336,0.24,0.138,0.066,0.00,,0,1816,0,1691,-0,-1.13,20.4,1.00,0.041
226.50,FINAL,94.82,89.47,20.36,-1.00,-0.0,0.2,-13.0,0.4,-2334,0.24,0.138,0.066,0.00,,0,1814,0,1689,-0,-1.13,20.4,1.00,0.041
226.60,FINAL,94.72,89.34,20.36,-1.00,-0.0,0.2,-13.0,0.4,-2332,0.24,0.138,0.066,0.00,,0,1812,0,1687,-0,-1.13,20.4,1.00,0.041
226.70,FINAL,94.62,89.22,20.36,-1.00,-0.0,0.2,-13.0,0.4,-2330,0.24,0.138,0.066,0.00,,0,1810,0,1685,-0,-1.13,20.4,1.00,0.041
226.80,FINAL,94.52,89.10,20.36,-1.00,-0.0,0.2,-13.0,0.3,-2328,0.24,0.138,0.066,0.00,,0,1808,0,1683,-0,-1.13,20.4,1.00,0.040
226.90,FINAL,94.42,88.99,20.36,-1.00,-0.0,0.2,-13.0,0.3,-2326,0.24,0.138,0.066,0.00,,1,1806,0,1681,-0,-1.13,20.4,1.00,0.040
227.00,FINAL,94.32,88.87,20.36,-1.00,-0.0,0.2,-13.0,0.3,-2324,0.24,0.138,0.066,0.00,,1,1804,0,1679,-0,-1.13,20.4,1.00,0.040
227.10,FINAL,94.22,88.76,20.36,-1.00,-0.0,0.2,-13.0,0.3,-2322,0.24,0.138,0.066,0.00,,1,1802,0,1677,-0,-1.13,20.4,1.00,0.040
227.20,FINAL,94.12,88.65,20.36,-1.00,-0.0,0.2,-13.0,0.3,-2320,0.24,0.138,0.066,0.00,,1,1800,0,1675,-0,-1.13,20.4,1.00,0.040
227.30,FINAL,94.02,88.54,20.36,-1.00,-0.0,0.2,-13.0,0.3,-2318,0.24,0.138,0.066,0.00,,1,1798,0,1673,-0,-1.13,20.4,1.00,0.040
227.40,FINAL,93.91,88.43,20.36,-1.00,-0.0,0.2,-13.0,0.3,-2316,0.24,0.138,0.066,0.00,,1,1796,0,1671,-0,-1.13,20.4,1.00,0.039
227.50,FINAL,93.81,88.33,20.36,-1.00,-0.0,0.2,-13.0,0.3,-2314,0.24,0.138,0.066,0.00,,1,1794,0,1669,-0,-1.13,20.4,1.00,0.039
227.60,FINAL,93.71,88.23,20.36,-1.00,-0.0,0.2,-13.0,0.2,-2312,0.24,0.138,0.066,0.00,,1,1792,0,1667,-0,-1.13,20.4,1.00,0.039
227.70,FINAL,93.61,88.13,20.36,-1.00,-0.0,0.2,-13.0,0.2,-2310,0.24,0.138,0.066,0.00,,1,1790,0,1665,-0,-1.13,20.4,1.00,0.039
227.80,FINAL,93.51,88.04,20.35,-1.00,-0.0,0.2,-13.0,0.2,-2308,0.24,0.139,0.066,0.00,,1,1788,0,1663,-0,-1.13,20.4,1.00,0.039
227.90,FINAL,93.41,87.94,20.35,-1.01,-0.0,0.3,-13.0,0.2,-2306,0.24,0.139,0.066,0.00,,1,1786,0,1661,-0,-1.13,20.4,1.00,0.039
228.00,FINAL,93.31,87.85,20.35,-1.01,-0.0,0.3,-13.0,0.2,-2304,0.24,0.139,0.066,0.00,,1,1784,0,1659,-0,-1.13,20.4,1.00,0.038
228.10,FINAL,93.21,87.76,20.35,-1.01,-0.0,0.3,-13.0,0.2,-2302,0.24,0.139,0.066,0.00,,1,1782,0,1657,-0,-1.13,20.4,1.00,0.038
228.20,FINAL,93.11,87.67,20.35,-1.01,-0.0,0.3,-13.0,0.2,-2300,0.24,0.139,0.066,0.00,,1,1780,0,1655,-0,-1.13,20.4,1.00,0.038
228.30,FINAL,93.01,87.58,20.35,-1.01,-0.0,0.3,-13.0,0.2,-2298,0.24,0.139,0.066,0.00,,1,1778,0,1653,-0,-1.13,20.4,1.00,0.038
228.40,FINAL,92.91,87.50,20.35,-1.01,-0.0,0.3,-13.0,0.2,-2296,0.24,0.139,0.066,0.00,,1,1776,0,1651,-0,-1.13,20.4,1.00,0.038
228.50,FINAL,92.81,87.41,20.35,-1.01,-0.0,0.3,-13.0,0.2,-2295,0.24,0.139,0.066,0.00,,1,1775,0,1650,-0,-1.13,20.4,1.00,0.038
228.60,FINAL,92.71,87.32,20.35,-1.01,-0.0,0.3,-13.0,0.2,-2293,0.24,0.139,0.066,0.00,,1,1773,0,1648,-0,-1.13,20.4,1.00,0.037
228.70,FINAL,92.61,87.24,20.35,-1.01,-0.0,0.3,-13.0,0.1,-2291,0.24,0.139,0.066,0.00,,1,1771,0,1646,-0,-1.13,20.4,1.00,0.037
228.80,FINAL,92.51,87.15,20.35,-1.01,-0.0,0.3,-13.0,0.1,-2289,0.24,0.139,0.066,0.00,,1,1769,0,1644,-0,-1.13,20.4,1.00,0.037
228.90,FINAL,92.41,87.07,20.35,-1.01,-0.0,0.3,-13.0,0.1,-2287,0.24,0.139,0.066,0.00,,1,1767,0,1642,-0,-1.13,20.4,1.00,0.037
229.00,FINAL,92.31,86.98,20.35,-1.01,-0.0,0.3,-13.0,0.1,-2285,0.24,0.139,0.066,0.00,,1,1765,0,1640,-0,-1.13,20.4,1.00,0.037
229.10,FINAL,92.20,86.89,20.35,-1.01,-0.0,0.3,-13.0,0.1,-2283,0.24,0.139,0.066,0.00,,1,1763,0,1638,-0,-1.13,20.4,1.00,0.037
229.20,FINAL,92.10,86.81,20.35,-1.01,-0.0,0.3,-13.0,0.1,-2281,0.24,0.139,0.066,0.00,,1,1761,0,1636,-0,-1.13,20.4,1.00,0.037
229.30,FINAL,92.00,86.72,20.34,-1.01,-0.0,0.3,-13.0,0.1,-2279,0.24,0.139,0.066,0.00,,1,1759,0,1634,-0,-1.14,20.4,1.00,0.036
229.40,FINAL,91.90,86.63,20.34,-1.01,-0.0,0.3,-13.0,0.1,-2277,0.24,0.139,0.066,0.00,,1,1757,0,1632,-0,-1.14,20.4,1.00,0.036
229.50,FINAL,91.80,86.54,20.34,-1.01,-0.0,0.3,-13.0,0.1,-2275,0.24,0.139,0.066,0.00,,1,1755,0,1630,-0,-1.14,20.4,1.00,0.036
229.60,FINAL,91.70,86.45,20.34,-1.01,-0.0,0.3,-13.0,0.1,-2273,0.24,0.139,0.066,0.00,,1,1753,0,1628,-0,-1.14,20.4,1.00,0.036
229.70,FINAL,91.60,86.36,20.34,-1.01,-0.0,0.3,-13.0,0.1,-2271,0.24,0.139,0.066,0.00,,1,1751,0,1626,-0,-1.14,20.4,1.00,0.036
229.80,FINAL,91.50,86.26,20.34,-1.01,-0.0,0.3,-13.0,0.1,-2269,0.24,0.139,0.066,0.00,,1,1749,0,1624,-0,-1.14,20.4,1.00,0.036
229.90,FINAL,91.40,86.17,20.34,-1.01,-0.0,0.3,-13.0,0.0,-2267,0.24,0.139,0.066,0.00,,1,1747,0,1622,-0,-1.14,20.4,1.00,0.035
230.00,FINAL,91.30,86.07,20.34,-1.01,-0.0,0.3,-13.0,0.0,-2265,0.24,0.139,0.066,0.00,,1,1745,0,1620,-0,-1.14,20.4,1.00,0.035
230.10,FINAL,91.19,85.97,20.34,-1.01,-0.0,0.3,-13.0,0.0,-2263,0.24,0.139,0.066,0.00,,1,1743,0,1618,-0,-1.14,20.4,1.00,0.035
230.20,FINAL,91.09,85.87,20.34,-1.01,-0.0,0.3,-13.0,0.0,-2261,0.24,0.139,0.066,0.00,,1,1741,0,1616,-0,-1.14,20.4,1.00,0.035
230.30,FINAL,90.99,85.77,20.34,-1.01,-0.0,0.3,-13.0,0.0,-2259,0.24,0.139,0.066,0.00,,1,1739,0,1614,-0,-1.14,20.4,1.00,0.035
230.40,FINAL,90.89,85.66,20.34,-1.01,-0.0,0.3,-13.0,0.0,-2257,0.24,0.139,0.066,0.00,,1,1737,0,1612,-0,-1.14,20.4,1.00,0.035
230.50,FINAL,90.79,85.55,20.34,-1.01,-0.0,0.3,-13.0,0.0,-2255,0.24,0.139,0.066,0.00,,1,1735,0,1610,-0,-1.14,20.4,1.00,0.034
230.60,FINAL,90.69,85.44,20.34,-1.01,-0.0,0.3,-13.0,0.0,-2253,0.24,0.139,0.066,0.00,,1,1733,0,1608,-0,-1.14,20.4,1.00,0.034
230.70,FINAL,90.59,85.32,20.34,-1.01,-0.0,0.3,-13.0,0.0,-2251,0.24,0.139,0.066,0.00,,1,1731,0,1606,-0,-1.14,20.4,1.00,0.034
230.80,FINAL,90.49,85.21,20.34,-1.01,-0.0,0.3,-13.0,-0.0,-2249,0.24,0.139,0.066,0.00,,1,1729,0,1604,0,-1.14,20.4,1.00,0.034
230.90,FINAL,90.39,85.09,20.34,-1.01,-0.0,0.3,-13.0,-0.0,-2247,0.24,0.139,0.066,0.00,,1,1727,0,1602,0,-1.14,20.4,1.00,0.034
231.00,FINAL,90.28,84.97,20.34,-1.01,-0.0,0.3,-13.1,-0.0,-2245,0.24,0.139,0.066,0.00,,1,1725,0,1600,0,-1.14,20.4,1.00,0.034
231.10,FINAL,90.18,84.86,20.33,-1.01,-0.0,0.3,-13.1,-0.0,-2243,0.24,0.139,0.066,0.00,,1,1723,0,1598,0,-1.14,20.4,1.00,0.033
231.20,FINAL,90.08,84.74,20.33,-1.01,-0.0,0.3,-13.1,-0.0,-2241,0.24,0.139,0.066,0.00,,1,1721,0,1596,0,-1.14,20.4,1.00,0.033
231.30,FINAL,89.98,84.63,20.33,-1.01,-0.0,0.3,-13.1,-0.0,-2239,0.24,0.139,0.066,0.00,,1,1719,0,1594,0,-1.14,20.4,1.00,0.033
231.40,FINAL,89.88,84.51,20.33,-1.01,-0.0,0.3,-13.1,-0.0,-2237,0.24,0.139,0.066,0.00,,1,1717,0,1592,0,-1.14,20.4,1.00,0.033
231.50,FINAL,89.78,84.40,20.33,-1.01,-0.0,0.3,-13.1,-0.0,-2235,0.24,0.139,0.066,0.00,,1,1715,0,1590,0,-1.14,20.4,1.00,0.033
231.60,FINAL,89.68,84.28,20.33,-1.01,-0.0,0.3,-13.1,-0.0,-2233,0.24,0.139,0.066,0.00,,1,1713,0,1588,0,-1.14,20.4,1.00,0.033
231.70,FINAL,89.58,84.17,20.33,-1.01,-0.0,0.3,-13.1,-0.0,-2232,0.24,0.139,0.066,0.00,,1,1712,0,1587,0,-1.14,20.4,1.00,0.032
231.80,FINAL,89.47,84.06,20.33,-1.01,-0.0,0.3,-13.1,-0.0,-2230,0.24,0.139,0.066,0.00,,1,1710,0,1585,0,-1.14,20.4,1.00,0.032
231.90,FINAL,89.37,83.94,20.33,-1.01,-0.0,0.3,-13.1,-0.0,-2228,0.24,0.140,0.066,0.00,,1,1708,0,1583,0,-1.14,20.4,1.00,0.032
232.00,FINAL,89.27,83.83,20.33,-1.01,-0.0,0.3,-13.1,-0.0,-2226,0.24,0.140,0.066,0.00,,1,1706,0,1581,0,-1.14,20.4,1.00,0.032
232.10,FINAL,89.17,83.72,20.33,-1.01,-0.0,0.3,-13.1,-0.0,-2224,0.24,0.140,0.066,0.00,,1,1704,0,1579,0,-1.14,20.4,1.00,0.032
232.20,FINAL,89.07,83.61,20.33,-1.02,-0.0,0.3,-13.1,-0.1,-2222,0.24,0.140,0.066,0.00,,1,1702,0,1577,0,-1.14,20.4,1.00,0.032
232.30,FINAL,88.97,83.50,20.33,-1.02,-0.0,0.3,-13.1,-0.1,-2220,0.24,0.140,0.066,0.00,,1,1700,0,1575,0,-1.14,20.4,1.00,0.032
232.40,FINAL,88.86,83.39,20.33,-1.02,-0.0,0.3,-13.1,-0.1,-2218,0.24,0.140,0.066,0.00,,1,1698,0,1573,0,-1.14,20.4,1.00,0.031
232.50,FINAL,88.76,83.28,20.33,-1.02,-0.0,0.2,-13.1,-0.1,-2216,0.24,0.140,0.066,0.00,,1,1696,0,1571,0,-1.14,20.4,1.00,0.031
232.60,FINAL,88.66,83.17,20.33,-1.02,-0.0,0.2,-13.1,-0.1,-2214,0.24,0.140,0.065,0.00,,1,1694,0,1569,0,-1.14,20.4,1.00,0.031
232.70,FINAL,88.56,83.06,20.33,-1.02,-0.0,0.2,-13.1,-0.1,-2212,0.24,0.140,0.065,0.00,,1,1692,0,1567,0,-1.14,20.4,1.00,0.031
232.80,FINAL,88.46,82.95,20.33,-1.02,-0.0,0.2,-13.1,-0.1,-2210,0.24,0.140,0.065,0.00,,1,1690,0,1565,0,-1.14,20.4,1.00,0.031
232.90,FINAL,88.36,82.83,20.33,-1.02,-0.0,0.2,-13.1,-0.1,-2208,0.24,0.140,0.065,0.00,,1,1688,0,1563,0,-1.14,20.4,1.00,0.031
233.00,FINAL,88.26,82.72,20.33,-1.02,-0.0,0.2,-13.1,-0.1,-2206,0.24,0.140,0.065,0.00,,1,1686,0,1561,0,-1.14,20.4,1.00,0.030
233.10,FINAL,88.15,82.61,20.33,-1.02,-0.0,0.2,-13.1,-0.1,-2204,0.24,0.140,0.065,0.00,,1,1684,0,1559,0,-1.14,20.4,1.00,0.030
233.20,FINAL,88.05,82.50,20.33,-1.02,-0.0,0.2,-13.1,-0.1,-2202,0.24,0.140,0.065,0.00,,1,1682,0,1557,0,-1.14,20.4,1.00,0.030
233.30,FINAL,87.95,82.39,20.33,-1.02,-0.0,0.2,-13.1,-0.1,-2200,0.24,0.140,0.065,0.00,,1,1680,0,1555,0,-1.14,20.4,1.00,0.030
233.40,FINAL,87.85,82.27,20.33,-1.02,-0.0,0.2,-13.1,-0.1,-2198,0.24,0.140,0.065,0.00,,1,1678,0,1553,0,-1.14,20.4,1.00,0.030
233.50,FINAL,87.75,82.16,20.33,-1.02,-0.0,0.2,-13.1,-0.1,-2196,0.24,0.140,0.065,0.00,,1,1676,0,1551,0,-1.14,20.4,1.00,0.030
233.60,FINAL,87.64,82.05,20.32,-1.02,-0.0,0.2,-13.1,-0.1,-2194,0.24,0.140,0.065,0.00,,1,1674,0,1549,0,-1.14,20.4,1.00,0.030
233.70,FINAL,87.54,81.94,20.32,-1.02,-0.0,0.2,-13.1,-0.1,-2192,0.24,0.140,0.065,0.00,,1,1672,0,1547,0,-1.14,20.4,1.00,0.029
233.80,FINAL,87.44,81.82,20.32,-1.02,-0.0,0.2,-13.1,-0.1,-2190,0.24,0.140,0.065,0.00,,1,1670,0,1545,0,-1.14,20.4,1.00,0.029
233.90,FINAL,87.34,81.71,20.32,-1.02,-0.0,0.2,-13.1,-0.1,-2188,0.24,0.140,0.065,0.00,,1,1668,0,1543,0,-1.14,20.4,1.00,0.029
234.00,FINAL,87.24,81.59,20.32,-1.02,-0.0,0.2,-13.1,-0.1,-2186,0.24,0.140,0.065,0.00,,1,1666,0,1541,0,-1.14,20.4,1.00,0.029
234.10,FINAL,87.14,81.48,20.32,-1.02,-0.0,0.2,-13.1,-0.1,-2184,0.24,0.140,0.065,0.00,,1,1664,0,1539,0,-1.14,20.4,1.00,0.029
234.20,FINAL,87.03,81.37,20.32,-1.02,-0.0,0.2,-13.1,-0.1,-2182,0.24,0.140,0.065,0.00,,1,1662,0,1537,0,-1.14,20.4,1.00,0.029
234.30,FINAL,86.93,81.25,20.32,-1.02,-0.0,0.2,-13.1,-0.1,-2180,0.24,0.140,0.065,0.00,,1,1660,0,1535,0,-1.14,20.4,1.00,0.029
234.40,FINAL,86.83,81.14,20.32,-1.02,-0.0,0.2,-13.1,-0.1,-2178,0.24,0.140,0.065,0.00,,1,1658,0,1533,0,-1.14,20.4,1.00,0.028
234.50,FINAL,86.73,81.02,20.32,-1.02,-0.0,0.2,-13.1,-0.1,-2176,0.24,0.140,0.065,0.00,,1,1656,0,1531,0,-1.14,20.4,1.00,0.028
234.60,FINAL,86.63,80.91,20.32,-1.02,-0.0,0.2,-13.1,-0.1,-2174,0.24,0.140,0.065,0.00,,1,1654,0,1529,0,-1.14,20.4,1.00,0.028
234.70,FINAL,86.52,80.80,20.32,-1.02,-0.0,0.2,-13.1,-0.1,-2173,0.24,0.140,0.065,0.00,,1,1653,0,1528,0,-1.14,20.4,1.00,0.028
234.80,FINAL,86.42,80.69,20.32,-1.02,-0.0,0.2,-13.1,-0.1,-2171,0.24,0.140,0.065,0.00,,1,1651,0,1526,0,-1.14,20.4,1.00,0.028
234.90,FINAL,86.32,80.58,20.32,-1.02,-0.0,0.2,-13.1,-0.1,-2169,0.24,0.140,0.065,0.00,,1,1649,0,1524,0,-1.14,20.4,1.00,0.028
235.00,FINAL,86.22,80.47,20.32,-1.02,-0.0,0.2,-13.1,-0.1,-2167,0.24,0.140,0.065,0.00,,1,1647,0,1522,0,-1.14,20.4,1.00,0.028
235.10,FINAL,86.12,80.37,20.32,-1.02,-0.0,0.2,-13.1,-0.0,-2165,0.24,0.140,0.065,0.00,,1,1645,0,1520,0,-1.14,20.4,1.00,0.027
235.20,FINAL,86.01,80.26,20.32,-1.02,-0.0,0.2,-13.1,-0.0,-2163,0.24,0.140,0.065,0.00,,1,1643,0,1518,0,-1.14,20.4,1.00,0.027
235.30,FINAL,85.91,80.15,20.32,-1.02,-0.0,0.2,-13.1,-0.0,-2161,0.24,0.140,0.065,0.00,,1,1641,0,1516,0,-1.14,20.4,1.00,0.027
235.40,FINAL,85.81,80.05,20.32,-1.02,-0.0,0.2,-13.1,-0.0,-2159,0.24,0.140,0.065,0.00,,1,1639,0,1514,0,-1.14,20.4,1.00,0.027
235.50,FINAL,85.71,79.94,20.32,-1.02,-0.0,0.2,-13.2,-0.0,-2157,0.24,0.140,0.065,0.00,,1,1637,0,1512,0,-1.14,20.4,1.00,0.027
235.60,FINAL,85.61,79.84,20.32,-1.02,-0.0,0.2,-13.2,-0.0,-2155,0.24,0.140,0.065,0.00,,1,1635,0,1510,0,-1.14,20.4,1.00,0.027
235.70,FINAL,85.50,79.74,20.32,-1.02,-0.0,0.2,-13.2,-0.0,-2153,0.24,0.140,0.065,0.00,,1,1633,0,1508,0,-1.14,20.4,1.00,0.027
235.80,FINAL,85.40,79.64,20.32,-1.02,-0.0,0.2,-13.2,-0.0,-2151,0.24,0.140,0.065,0.00,,1,1631,0,1506,0,-1.14,20.4,1.00,0.026
235.90,FINAL,85.30,79.53,20.32,-1.02,-0.0,0.2,-13.2,-0.0,-2149,0.24,0.140,0.065,0.00,,1,1629,0,1504,0,-1.14,20.4,1.00,0.026
236.00,FINAL,85.20,79.43,20.32,-1.02,-0.0,0.2,-13.2,-0.0,-2147,0.24,0.140,0.065,0.00,,1,1627,0,1502,0,-1.14,20.4,1.00,0.026
236.10,FINAL,85.09,79.33,20.32,-1.02,-0.0,0.2,-13.2,-0.0,-2145,0.24,0.140,0.065,0.00,,1,1625,0,1500,0,-1.14,20.4,1.00,0.026
236.20,FINAL,84.99,79.23,20.32,-1.02,-0.0,0.2,-13.2,-0.0,-2143,0.24,0.140,0.065,0.00,,1,1623,0,1498,0,-1.14,20.4,1.00,0.026
236.30,FINAL,84.89,79.13,20.32,-1.02,-0.0,0.2,-13.2,-0.0,-2141,0.24,0.140,0.065,0.00,,1,1621,0,1496,0,-1.14,20.4,1.00,0.026
236.40,FINAL,84.79,79.03,20.32,-1.02,-0.0,0.2,-13.2,-0.0,-2139,0.24,0.140,0.065,0.00,,1,1619,0,1494,0,-1.14,20.4,1.00,0.026
236.50,FINAL,84.68,78.93,20.32,-1.02,-0.0,0.2,-13.2,-0.0,-2137,0.24,0.140,0.065,0.00,,1,1617,0,1492,0,-1.14,20.4,1.00,0.026
236.60,FINAL,84.58,78.83,20.32,-1.02,-0.0,0.2,-13.2,-0.0,-2135,0.24,0.140,0.065,0.00,,1,1615,0,1490,0,-1.14,20.4,1.00,0.025
236.70,FINAL,84.48,78.73,20.32,-1.02,-0.0,0.2,-13.2,-0.0,-2133,0.24,0.140,0.065,0.00,,1,1613,0,1488,0,-1.14,20.4,1.00,0.025
236.80,FINAL,84.38,78.63,20.32,-1.02,-0.0,0.2,-13.2,-0.0,-2131,0.24,0.140,0.065,0.00,,1,1611,0,1486,0,-1.14,20.4,1.00,0.025
236.90,FINAL,84.28,78.53,20.32,-1.02,-0.0,0.2,-13.2,-0.0,-2129,0.24,0.140,0.065,0.00,,1,1609,0,1484,0,-1.14,20.4,1.00,0.025
237.00,FINAL,84.17,78.43,20.32,-1.02,-0.0,0.2,-13.2,-0.0,-2127,0.24,0.140,0.065,0.00,,1,1607,0,1482,0,-1.14,20.4,1.00,0.025
237.10,FINAL,84.07,78.32,20.32,-1.02,-0.0,0.2,-13.2,0.0,-2125,0.24,0.140,0.065,0.00,,1,1605,0,1480,-0,-1.14,20.4,1.00,0.025
237.20,FINAL,83.97,78.22,20.32,-1.02,-0.0,0.2,-13.2,0.0,-2123,0.24,0.140,0.065,0.00,,1,1603,0,1478,-0,-1.14,20.4,1.00,0.025
237.30,FINAL,83.87,78.12,20.32,-1.02,-0.0,0.1,-13.1,0.0,-2121,0.24,0.140,0.065,0.00,,1,1601,0,1476,-0,-1.14,20.4,1.00,0.024
237.40,FINAL,83.76,78.02,20.32,-1.02,-0.0,0.1,-13.1,0.0,-2119,0.24,0.140,0.065,0.00,,1,1599,0,1474,-0,-1.14,20.4,1.00,0.024
237.50,FINAL,83.66,77.91,20.32,-1.03,-0.0,0.1,-13.1,0.0,-2117,0.24,0.140,0.065,0.00,,1,1597,0,1472,-0,-1.14,20.4,1.00,0.024
237.60,FINAL,83.56,77.81,20.32,-1.03,-0.0,0.1,-13.1,0.0,-2115,0.24,0.140,0.065,0.00,,1,1595,0,1470,-0,-1.14,20.4,1.00,0.024
237.70,FINAL,83.46,77.71,20.32,-1.03,-0.0,0.1,-13.1,0.0,-2114,0.24,0.140,0.065,0.00,,1,1594,0,1469,-0,-1.14,20.4,1.00,0.024
237.80,FINAL,83.35,77.60,20.32,-1.03,-0.0,0.1,-13.1,0.0,-2112,0.24,0.140,0.065,0.00,,1,1592,0,1467,-0,-1.14,20.4,1.00,0.024
237.90,FINAL,83.25,77.49,20.32,-1.03,-0.0,0.1,-13.1,0.0,-2110,0.24,0.140,0.065,0.00,,1,1590,0,1465,-0,-1.14,20.4,1.00,0.024
238.00,FINAL,83.15,77.39,20.32,-1.03,-0.0,0.1,-13.1,0.0,-2108,0.24,0.140,0.065,0.00,,1,1588,0,1463,-0,-1.14,20.4,1.00,0.024
238.10,FINAL,83.05,77.28,20.32,-1.03,-0.0,0.1,-13.1,0.0,-2106,0.24,0.140,0.065,0.00,,1,1586,0,1461,-0,-1.14,20.4,1.00,0.023
238.20,FINAL,82.94,77.17,20.32,-1.03,-0.0,0.1,-13.1,0.0,-2104,0.24,0.140,0.065,0.00,,1,1584,0,1459,-0,-1.14,20.4,1.00,0.023
238.30,FINAL,82.84,77.05,20.32,-1.03,-0.0,0.1,-13.1,0.0,-2102,0.24,0.140,0.065,0.00,,1,1582,0,1457,-0,-1.14,20.4,1.00,0.023
238.40,FINAL,82.74,76.93,20.32,-1.03,-0.0,0.1,-13.1,0.0,-2100,0.24,0.140,0.065,0.00,,1,1580,0,1455,-0,-1.14,20.4,1.00,0.023
238.50,FINAL,82.63,76.81,20.32,-1.03,-0.1,0.1,-13.1,0.0,-2098,0.24,0.140,0.065,0.00,,1,1578,0,1453,-0,-1.14,20.4,1.00,0.023
238.60,FINAL,82.53,76.69,20.32,-1.03,-0.1,0.1,-13.1,0.0,-2096,0.24,0.140,0.065,0.00,,1,1576,0,1451,-0,-1.14,20.4,1.00,0.023
238.70,FINAL,82.43,76.56,20.32,-1.03,-0.1,0.1,-13.1,0.1,-2094,0.24,0.140,0.065,0.00,,1,1574,0,1449,-0,-1.14,20.4,1.00,0.023
238.80,FINAL,82.33,76.43,20.32,-1.03,-0.1,0.1,-13.1,0.1,-2092,0.24,0.140,0.065,0.00,,1,1572,0,1447,-0,-1.14,20.4,1.00,0.023
238.90,FINAL,82.22,76.30,20.32,-1.03,-0.1,0.1,-13.1,0.1,-2090,0.24,0.140,0.065,0.00,,1,1570,0,1445,-0,-1.14,20.4,1.00,0.022
239.00,FINAL,82.12,76.16,20.32,-1.03,-0.1,0.1,-13.1,0.1,-2088,0.24,0.140,0.065,0.00,,1,1568,0,1443,-0,-1.14,20.4,1.00,0.022
239.10,FINAL,82.02,76.03,20.32,-1.03,-0.1,0.1,-13.1,0.1,-2086,0.24,0.140,0.065,0.00,,1,1566,0,1441,-0,-1.14,20.4,1.00,0.022
239.20,FINAL,81.92,75.89,20.32,-1.03,-0.1,0.1,-13.1,0.1,-2084,0.24,0.140,0.065,0.00,,1,1564,0,1439,-0,-1.14,20.4,1.00,0.022
239.30,FINAL,81.81,75.75,20.32,-1.03,-0.1,0.1,-13.1,0.1,-2082,0.24,0.140,0.065,0.00,,1,1562,0,1437,-0,-1.14,20.4,1.00,0.022
239.40,FINAL,81.71,75.61,20.32,-1.03,-0.1,0.1,-13.1,0.1,-2080,0.24,0.140,0.065,0.00,,1,1560,0,1435,-0,-1.14,20.4,1.00,0.022
239.50,FINAL,81.61,75.47,20.32,-1.03,-0.1,0.1,-13.1,0.1,-2078,0.24,0.140,0.065,0.00,,1,1558,0,1433,-0,-1.14,20.4,1.00,0.022
239.60,FINAL,81.50,75.32,20.32,-1.03,-0.1,0.1,-13.1,0.1,-2076,0.24,0.140,0.065,0.00,,1,1556,0,1431,-0,-1.14,20.4,1.00,0.022
239.70,FINAL,81.40,75.18,20.32,-1.03,-0.1,0.1,-13.1,0.1,-2074,0.24,0.140,0.065,0.00,,1,1554,0,1429,-0,-1.14,20.4,1.00,0.021
239.80,FINAL,81.30,75.03,20.32,-1.03,-0.1,0.1,-13.1,0.1,-2072,0.24,0.140,0.065,0.00,,1,1552,0,1427,-0,-1.14,20.4,1.00,0.021
239.90,FINAL,81.20,74.88,20.32,-1.03,-0.1,0.1,-13.1,0.1,-2070,0.24,0.140,0.065,0.00,,1,1550,0,1425,-0,-1.14,20.4,1.00,0.021
240.00,FINAL,81.09,74.73,20.32,-1.03,-0.1,0.1,-13.1,0.1,-2068,0.24,0.140,0.064,0.00,,1,1548,0,1423,-0,-1.14,20.4,1.00,0.021
240.10,FINAL,80.99,74.58,20.32,-1.03,-0.1,0.1,-13.1,0.1,-2066,0.24,0.140,0.064,0.00,,1,1546,0,1421,-0,-1.14,20.4,1.00,0.021
240.20,FINAL,80.89,74.43,20.32,-1.03,-0.1,0.1,-13.1,0.1,-2064,0.24,0.140,0.064,0.00,,1,1544,0,1419,-0,-1.14,20.4,1.00,0.021
240.30,FINAL,80.78,74.28,20.32,-1.03,-0.1,0.1,-13.1,0.1,-2062,0.24,0.140,0.064,0.00,,1,1542,0,1417,-0,-1.14,20.4,1.00,0.021
240.40,FINAL,80.68,74.12,20.32,-1.03,-0.1,0.1,-13.1,0.1,-2060,0.24,0.140,0.064,0.00,,1,1540,0,1415,-0,-1.14,20.4,1.00,0.021
240.50,FINAL,80.58,73.97,20.32,-1.03,-0.1,0.1,-13.1,0.1,-2058,0.24,0.140,0.064,0.00,,1,1538,0,1413,-0,-1.14,20.4,1.00,0.020
240.60,FINAL,80.48,73.82,20.32,-1.03,-0.1,0.1,-13.1,0.1,-2057,0.24,0.140,0.064,0.00,,1,1537,0,1412,-0,-1.14,20.4,1.00,0.020
240.70,FINAL,80.37,73.67,20.32,-1.03,-0.1,0.1,-13.1,0.1,-2055,0.24,0.140,0.064,0.00,,1,1535,0,1410,-0,-1.14,20.4,1.00,0.020
240.80,FINAL,80.27,73.53,20.32,-1.03,-0.1,0.1,-13.0,0.1,-2053,0.24,0.140,0.064,0.00,,1,1533,0,1408,-0,-1.14,20.4,1.00,0.020
240.90,FINAL,80.17,73.38,20.32,-1.03,-0.1,0.1,-13.0,0.1,-2051,0.24,0.140,0.064,0.00,,1,1531,0,1406,-0,-1.14,20.4,1.00,0.020
241.00,FINAL,80.06,73.23,20.32,-1.03,-0.1,0.1,-13.0,0.1,-2049,0.24,0.140,0.064,0.00,,1,1529,0,1404,-0,-1.14,20.4,1.00,0.020
241.10,FINAL,79.96,73.09,20.32,-1.03,-0.1,0.1,-13.0,0.1,-2047,0.24,0.140,0.064,0.00,,1,1527,0,1402,-0,-1.14,20.4,1.00,0.020
241.20,FINAL,79.86,72.95,20.32,-1.03,-0.1,0.1,-13.0,0.1,-2045,0.24,0.140,0.064,0.00,,1,1525,0,1400,-0,-1.14,20.4,1.00,0.020
241.30,FINAL,79.75,72.81,20.32,-1.03,-0.1,0.1,-13.0,0.1,-2043,0.24,0.140,0.064,0.00,,1,1523,0,1398,-0,-1.14,20.4,1.00,0.019
241.40,FINAL,79.65,72.67,20.32,-1.03,-0.1,0.1,-13.0,0.1,-2041,0.24,0.140,0.064,0.00,,1,1521,0,1396,-0,-1.14,20.4,1.00,0.019
241.50,FINAL,79.55,72.54,20.32,-1.03,-0.1,0.1,-13.0,0.1,-2039,0.24,0.140,0.064,0.00,,1,1519,0,1394,-0,-1.14,20.4,1.00,0.019
241.60,FINAL,79.44,72.41,20.32,-1.03,-0.1,0.1,-13.0,0.1,-2037,0.24,0.140,0.064,0.00,,1,1517,0,1392,-0,-1.14,20.4,1.00,0.019
241.70,FINAL,79.34,72.28,20.32,-1.03,-0.1,0.1,-13.0,0.1,-2035,0.24,0.140,0.064,0.00,,1,1515,0,1390,-0,-1.14,20.4,1.00,0.019
241.80,FINAL,79.24,72.16,20.32,-1.03,-0.1,0.1,-13.0,0.1,-2033,0.24,0.140,0.064,0.00,,1,1513,0,1388,-0,-1.14,20.4,1.00,0.019
241.90,FINAL,79.13,72.04,20.32,-1.03,-0.1,0.1,-13.0,0.1,-2031,0.24,0.140,0.064,0.00,,1,1511,0,1386,-0,-1.14,20.4,1.00,0.019
242.00,FINAL,79.03,71.92,20.32,-1.03,-0.1,0.1,-13.0,0.1,-2029,0.24,0.140,0.064,0.00,,1,1509,0,1384,-0,-1.14,20.4,1.00,0.019
242.10,FINAL,78.93,71.81,20.32,-1.03,-0.1,0.1,-13.0,0.1,-2027,0.24,0.140,0.064,0.00,,1,1507,0,1382,-0,-1.14,20.4,1.00,0.019
242.20,FINAL,78.83,71.70,20.32,-1.03,-0.1,0.1,-13.0,0.1,-2025,0.24,0.140,0.064,0.00,,1,1505,0,1380,-0,-1.14,20.4,1.00,0.019
242.30,FINAL,78.72,71.60,20.32,-1.03,-0.1,0.1,-13.0,0.1,-2023,0.24,0.140,0.064,0.00,,1,1503,0,1378,-0,-1.14,20.4,1.00,0.018
242.40,FINAL,78.62,71.49,20.32,-1.03,-0.1,0.1,-13.0,0.1,-2021,0.24,0.140,0.064,0.00,,1,1501,0,1376,-0,-1.14,20.4,1.00,0.018
242.50,FINAL,78.52,71.39,20.32,-1.03,-0.1,0.1,-13.0,0.1,-2019,0.24,0.140,0.064,0.00,,1,1499,0,1374,-0,-1.14,20.4,1.00,0.018
242.60,FINAL,78.41,71.29,20.32,-1.03,-0.1,0.1,-12.9,0.1,-2017,0.24,0.140,0.064,0.00,,1,1497,0,1372,-0,-1.14,20.4,1.00,0.018
242.70,FINAL,78.31,71.20,20.32,-1.03,-0.1,0.1,-12.9,0.1,-2015,0.24,0.140,0.064,0.00,,1,1495,0,1370,-0,-1.14,20.4,1.00,0.018
242.80,FINAL,78.21,71.11,20.32,-1.03,-0.1,0.1,-12.9,0.1,-2013,0.24,0.140,0.064,0.00,,1,1493,0,1368,-0,-1.14,20.4,1.00,0.018
242.90,FINAL,78.10,71.01,20.32,-1.03,-0.1,0.1,-12.9,0.1,-2011,0.24,0.140,0.064,0.00,,1,1491,0,1366,-0,-1.14,20.4,1.00,0.018
243.00,FINAL,78.00,70.92,20.32,-1.03,-0.1,0.1,-12.9,0.1,-2009,0.24,0.140,0.064,0.00,,1,1489,0,1364,-0,-1.14,20.4,1.00,0.018
243.10,FINAL,77.90,70.84,20.32,-1.03,-0.1,0.1,-12.9,0.1,-2007,0.24,0.140,0.064,0.00,,1,1487,0,1362,-0,-1.14,20.4,1.00,0.018
243.20,FINAL,77.79,70.75,20.32,-1.03,-0.1,0.1,-12.9,0.1,-2005,0.24,0.140,0.064,0.00,,1,1485,0,1360,-0,-1.14,20.4,1.00,0.017
243.30,FINAL,77.69,70.67,20.32,-1.03,-0.1,0.1,-12.9,0.1,-2003,0.24,0.140,0.064,0.00,,1,1483,0,1358,-0,-1.13,20.4,1.00,0.017
243.40,FINAL,77.59,70.58,20.32,-1.03,-0.1,0.1,-12.9,0.1,-2001,0.24,0.140,0.064,0.00,,1,1481,0,1356,-0,-1.13,20.4,1.00,0.017
243.50,FINAL,77.48,70.50,20.32,-1.03,-0.1,0.1,-12.9,0.1,-1999,0.24,0.140,0.064,0.00,,1,1479,0,1354,-0,-1.13,20.4,1.00,0.017
243.60,FINAL,77.38,70.41,20.32,-1.03,-0.1,0.1,-12.9,0.1,-1998,0.24,0.140,0.064,0.00,,1,1478,0,1353,-0,-1.13,20.4,1.00,0.017
243.70,FINAL,77.28,70.33,20.32,-1.03,-0.1,0.1,-12.9,0.1,-1996,0.24,0.140,0.064,0.00,,1,1476,0,1351,-0,-1.13,20.4,1.00,0.017
243.80,FINAL,77.17,70.25,20.32,-1.03,-0.1,0.1,-12.9,0.1,-1994,0.24,0.140,0.064,0.00,,1,1474,0,1349,-0,-1.13,20.4,1.00,0.017
243.90,FINAL,77.07,70.17,20.32,-1.03,-0.1,0.1,-12.9,0.1,-1992,0.24,0.140,0.064,0.00,,1,1472,0,1347,-0,-1.13,20.4,1.00,0.017
244.00,FINAL,76.97,70.08,20.32,-1.03,-0.1,0.1,-12.9,0.1,-1990,0.24,0.140,0.064,0.00,,1,1470,0,1345,-0,-1.13,20.4,1.00,0.017
244.10,FINAL,76.86,70.00,20.32,-1.03,-0.1,0.1,-12.9,0.1,-1988,0.24,0.140,0.064,0.00,,1,1468,0,1343,-0,-1.13,20.4,1.00,0.017
244.20,FINAL,76.76,69.91,20.32,-1.03,-0.1,0.1,-12.9,0.1,-1986,0.24,0.140,0.064,0.00,,1,1466,0,1341,-0,-1.13,20.4,1.00,0.016
244.30,FINAL,76.65,69.83,20.32,-1.03,-0.1,0.1,-12.9,0.1,-1984,0.24,0.140,0.064,0.00,,1,1464,0,1339,-0,-1.13,20.4,1.00,0.016
244.40,FINAL,76.55,69.74,20.32,-1.03,-0.1,0.1,-12.9,0.1,-1982,0.24,0.140,0.064,0.00,,1,1462,0,1337,-0,-1.13,20.4,1.00,0.016
244.50,FINAL,76.45,69.65,20.32,-1.03,-0.1,0.1,-12.9,0.1,-1980,0.24,0.140,0.064,0.00,,1,1460,0,1335,-0,-1.13,20.4,1.00,0.016
244.60,FINAL,76.34,69.56,20.32,-1.03,-0.1,0.1,-12.9,0.1,-1978,0.24,0.140,0.064,0.00,,1,1458,0,1333,-0,-1.13,20.4,1.00,0.016
244.70,FINAL,76.24,69.47,20.32,-1.03,-0.1,0.1,-12.9,0.1,-1976,0.24,0.140,0.064,0.00,,1,1456,0,1331,-0,-1.13,20.4,1.00,0.016
244.80,FINAL,76.14,69.38,20.32,-1.03,-0.1,0.1,-12.9,0.1,-1974,0.24,0.140,0.064,0.00,,1,1454,0,1329,-0,-1.13,20.4,1.00,0.016
244.90,FINAL,76.03,69.28,20.32,-1.03,-0.1,0.1,-12.9,0.1,-1972,0.24,0.140,0.064,0.00,,1,1452,0,1327,-0,-1.13,20.4,1.00,0.016
245.00,FINAL,75.93,69.19,20.32,-1.03,-0.1,0.1,-12.9,0.1,-1970,0.24,0.140,0.064,0.00,,1,1450,0,1325,-0,-1.13,20.4,1.00,0.016
245.10,FINAL,75.83,69.08,20.32,-1.03,-0.1,0.1,-12.8,0.1,-1968,0.24,0.140,0.064,0.00,,1,1448,0,1323,-0,-1.13,20.4,1.00,0.016
245.20,FINAL,75.72,68.98,20.32,-1.03,-0.1,0.1,-12.8,0.1,-1966,0.24,0.140,0.064,0.00,,1,1446,0,1321,-0,-1.13,20.4,1.00,0.015
245.30,FINAL,75.62,68.87,20.32,-1.04,-0.1,0.1,-12.8,0.1,-1964,0.24,0.140,0.064,0.00,,1,1444,0,1319,-0,-1.13,20.4,1.00,0.015
245.40,FINAL,75.52,68.76,20.32,-1.04,-0.1,0.1,-12.8,0.1,-1962,0.24,0.140,0.064,0.00,,1,1442,0,1317,-0,-1.13,20.4,1.00,0.015
245.50,FINAL,75.41,68.65,20.32,-1.04,-0.1,0.1,-12.8,0.1,-1960,0.24,0.140,0.064,0.00,,1,1440,0,1315,-0,-1.13,20.4,1.00,0.015
245.60,FINAL,75.31,68.53,20.33,-1.04,-0.1,0.1,-12.8,0.1,-1958,0.24,0.140,0.064,0.00,,1,1438,0,1313,-0,-1.13,20.4,1.00,0.015
245.70,FINAL,75.21,68.41,20.33,-1.04,-0.1,0.1,-12.8,0.1,-1956,0.24,0.140,0.064,0.00,,1,1436,0,1311,-0,-1.13,20.4,1.00,0.015
245.80,FINAL,75.10,68.29,20.33,-1.04,-0.1,0.1,-12.8,0.1,-1954,0.24,0.140,0.064,0.00,,1,1434,0,1309,-0,-1.13,20.4,1.00,0.015
245.90,FINAL,75.00,68.17,20.33,-1.04,-0.1,0.1,-12.8,0.1,-1952,0.24,0.140,0.064,0.00,,1,1432,0,1307,-0,-1.13,20.4,1.00,0.015
246.00,FINAL,74.90,68.05,20.33,-1.04,-0.1,0.1,-12.8,0.1,-1950,0.24,0.140,0.064,0.00,,1,1430,0,1305,-0,-1.13,20.4,1.00,0.015
246.10,FINAL,74.79,67.92,20.33,-1.04,-0.1,0.1,-12.8,0.1,-1948,0.24,0.140,0.064,0.00,,1,1428,0,1303,-0,-1.13,20.4,1.00,0.015
246.20,FINAL,74.69,67.80,20.33,-1.04,-0.1,0.1,-12.8,0.1,-1946,0.24,0.140,0.064,0.00,,1,1426,0,1301,-0,-1.13,20.4,1.00,0.014
246.30,FINAL,74.58,67.67,20.33,-1.04,-0.1,0.1,-12.8,0.1,-1944,0.24,0.140,0.064,0.00,,1,1424,0,1299,-0,-1.13,20.4,1.00,0.014
246.40,FINAL,74.48,67.55,20.33,-1.04,-0.1,0.1,-12.8,0.1,-1942,0.24,0.140,0.064,0.00,,1,1422,0,1297,-0,-1.13,20.4,1.00,0.014
246.50,FINAL,74.38,67.42,20.33,-1.04,-0.1,0.1,-12.8,0.1,-1940,0.24,0.140,0.064,0.00,,1,1420,0,1295,-0,-1.13,20.4,1.00,0.014
246.60,FINAL,74.27,67.29,20.33,-1.04,-0.1,0.1,-12.8,0.1,-1938,0.24,0.140,0.064,0.00,,1,1418,0,1293,-0,-1.13,20.4,1.00,0.014
246.70,FINAL,74.17,67.16,20.33,-1.04,-0.1,0.1,-12.8,0.1,-1936,0.24,0.140,0.064,0.00,,1,1416,0,1291,-0,-1.13,20.4,1.00,0.014
246.80,FINAL,74.07,67.03,20.33,-1.04,-0.1,0.1,-12.8,0.1,-1935,0.24,0.140,0.064,0.00,,1,1415,0,1290,-0,-1.13,20.4,1.00,0.014
246.90,FINAL,73.96,66.91,20.33,-1.04,-0.1,0.1,-12.8,0.1,-1933,0.24,0.140,0.064,0.00,,1,1413,0,1288,-0,-1.13,20.4,1.00,0.014
247.00,FINAL,73.86,66.78,20.33,-1.04,-0.1,0.1,-12.8,0.1,-1931,0.24,0.140,0.064,0.00,,1,1411,0,1286,-0,-1.13,20.4,1.00,0.014
247.10,FINAL,73.76,66.65,20.33,-1.04,-0.1,0.1,-12.8,0.1,-1929,0.24,0.140,0.064,0.00,,1,1409,0,1284,-0,-1.13,20.4,1.00,0.014
247.20,FINAL,73.65,66.52,20.33,-1.04,-0.1,0.1,-12.7,0.1,-1927,0.24,0.140,0.064,0.00,,1,1407,0,1282,-0,-1.13,20.4,1.00,0.014
247.30,FINAL,73.55,66.40,20.33,-1.04,-0.1,0.1,-12.7,0.1,-1925,0.24,0.140,0.064,0.00,,1,1405,0,1280,-0,-1.13,20.4,1.00,0.013
247.40,FINAL,73.44,66.27,20.33,-1.04,-0.1,0.1,-12.7,0.1,-1923,0.24,0.140,0.063,0.00,,1,1403,0,1278,-0,-1.13,20.4,1.00,0.013
247.50,FINAL,73.34,66.15,20.33,-1.04,-0.1,0.1,-12.7,0.1,-1921,0.24,0.140,0.063,0.00,,1,1401,0,1276,-0,-1.13,20.4,1.00,0.013
247.60,FINAL,73.24,66.03,20.33,-1.04,-0.1,0.1,-12.7,0.1,-1919,0.24,0.140,0.063,0.00,,1,1399,0,1274,-0,-1.13,20.4,1.00,0.013
247.70,FINAL,73.13,65.91,20.33,-1.04,-0.1,0.1,-12.7,0.1,-1917,0.24,0.140,0.063,0.00,,1,1397,0,1272,-0,-1.13,20.4,1.00,0.013
247.80,FINAL,73.03,65.79,20.33,-1.04,-0.1,0.1,-12.7,0.1,-1915,0.24,0.140,0.063,0.00,,0,1395,0,1270,-0,-1.13,20.4,1.00,0.013
247.90,FINAL,72.93,65.67,20.33,-1.04,-0.1,0.1,-12.7,0.1,-1913,0.24,0.140,0.063,0.00,,0,1393,0,1268,-0,-1.13,20.4,1.00,0.013
248.00,FINAL,72.82,65.56,20.33,-1.04,-0.1,0.1,-12.7,0.1,-1911,0.24,0.140,0.063,0.00,,0,1391,0,1266,-0,-1.13,20.4,1.00,0.013
248.10,FINAL,72.72,65.45,20.33,-1.04,-0.1,0.1,-12.7,0.1,-1909,0.24,0.140,0.063,0.00,,0,1389,0,1264,-0,-1.13,20.4,1.00,0.013
248.20,FINAL,72.62,65.34,20.33,-1.04,-0.1,0.1,-12.7,0.1,-1907,0.24,0.140,0.063,0.00,,0,1387,0,1262,-0,-1.12,20.4,1.00,0.013
248.30,FINAL,72.51,65.23,20.33,-1.04,-0.1,0.1,-12.7,0.1,-1905,0.24,0.140,0.063,0.00,,0,1385,0,1260,-0,-1.12,20.4,1.00,0.013
248.40,FINAL,72.41,65.13,20.33,-1.04,-0.1,0.1,-12.7,0.1,-1903,0.24,0.140,0.063,0.00,,0,1383,0,1258,-0,-1.12,20.4,1.00,0.013
248.50,FINAL,72.30,65.02,20.33,-1.04,-0.1,0.1,-12.7,0.1,-1901,0.24,0.140,0.063,0.00,,0,1381,0,1256,-0,-1.12,20.4,1.00,0.012
248.60,FINAL,72.20,64.92,20.33,-1.04,-0.1,0.1,-12.7,0.1,-1899,0.24,0.140,0.063,0.00,,0,1379,0,1254,-0,-1.12,20.4,1.00,0.012
248.70,FINAL,72.10,64.83,20.33,-1.04,-0.1,0.1,-12.7,0.1,-1897,0.24,0.140,0.063,0.00,,0,1377,0,1252,-0,-1.12,20.4,1.00,0.012
248.80,FINAL,71.99,64.73,20.33,-1.04,-0.1,0.1,-12.7,0.1,-1895,0.24,0.140,0.063,0.00,,0,1375,0,1250,-0,-1.12,20.4,1.00,0.012
248.90,FINAL,71.89,64.64,20.33,-1.04,-0.1,0.1,-12.7,0.1,-1893,0.24,0.140,0.063,0.00,,0,1373,0,1248,-0,-1.12,20.4,1.00,0.012
249.00,FINAL,71.79,64.56,20.33,-1.04,-0.1,0.1,-12.7,0.1,-1891,0.24,0.140,0.063,0.00,,0,1371,0,1246,-0,-1.12,20.4,1.00,0.012
249.10,FINAL,71.68,64.47,20.33,-1.04,-0.1,0.1,-12.7,0.1,-1889,0.24,0.140,0.063,0.00,,0,1369,0,1244,-0,-1.12,20.4,1.00,0.012
249.20,FINAL,71.58,64.39,20.33,-1.04,-0.1,0.1,-12.7,0.1,-1887,0.24,0.140,0.063,0.00,,0,1367,0,1242,-0,-1.12,20.4,1.00,0.012
249.30,FINAL,71.47,64.31,20.33,-1.04,-0.1,0.1,-12.6,0.1,-1885,0.24,0.140,0.063,0.00,,0,1365,0,1240,-0,-1.12,20.4,1.00,0.012
249.40,FINAL,71.37,64.23,20.33,-1.04,-0.1,0.1,-12.6,0.1,-1883,0.24,0.140,0.063,0.00,,0,1363,0,1238,-0,-1.12,20.4,1.00,0.012
249.50,FINAL,71.27,64.15,20.33,-1.04,-0.1,0.1,-12.6,0.1,-1881,0.24,0.140,0.063,0.00,,0,1361,0,1236,-0,-1.12,20.4,1.00,0.012
249.60,FINAL,71.16,64.08,20.33,-1.04,-0.1,0.1,-12.6,0.1,-1879,0.24,0.140,0.063,0.00,,0,1359,0,1234,-0,-1.12,20.4,1.00,0.012
249.70,FINAL,71.06,64.01,20.33,-1.04,-0.1,0.1,-12.6,0.1,-1877,0.24,0.140,0.063,0.00,,0,1357,0,1232,-0,-1.12,20.4,1.00,0.011
249.80,FINAL,70.96,63.94,20.33,-1.04,-0.1,0.1,-12.6,0.1,-1875,0.24,0.140,0.063,0.00,,0,1355,0,1230,-0,-1.12,20.4,1.00,0.011
249.90,FINAL,70.85,63.87,20.33,-1.04,-0.1,0.1,-12.6,0.1,-1873,0.24,0.140,0.063,0.00,,0,1353,0,1228,-0,-1.12,20.4,1.00,0.011
250.00,FINAL,70.75,63.80,20.34,-1.04,-0.1,0.1,-12.6,0.1,-1871,0.24,0.140,0.063,0.00,,0,1351,0,1226,-0,-1.12,20.4,1.00,0.011
250.10,FINAL,70.64,63.74,20.34,-1.04,-0.1,0.1,-12.6,0.1,-1869,0.24,0.140,0.063,0.00,,0,1349,0,1224,-0,-1.12,20.4,1.00,0.011
250.20,FINAL,70.54,63.68,20.34,-1.04,-0.1,0.1,-12.6,0.1,-1868,0.24,0.140,0.063,0.00,,0,1348,0,1223,-0,-1.12,20.4,1.00,0.011
250.30,FINAL,70.44,63.62,20.34,-1.04,-0.1,0.1,-12.6,0.1,-1866,0.24,0.140,0.063,0.00,,0,1346,0,1221,-0,-1.12,20.4,1.00,0.011
250.40,FINAL,70.33,63.55,20.34,-1.04,-0.1,0.1,-12.6,0.1,-1864,0.24,0.140,0.063,0.00,,0,1344,0,1219,-0,-1.12,20.4,1.00,0.011
250.50,FINAL,70.23,63.50,20.34,-1.04,-0.1,0.1,-12.6,0.1,-1862,0.24,0.140,0.063,0.00,,0,1342,0,1217,-0,-1.12,20.4,1.00,0.011
250.60,FINAL,70.12,63.44,20.34,-1.04,-0.1,0.1,-12.6,0.1,-1860,0.24,0.140,0.063,0.00,,0,1340,0,1215,-0,-1.12,20.4,1.00,0.011
250.70,FINAL,70.02,63.38,20.34,-1.04,-0.1,0.1,-12.6,0.1,-1858,0.24,0.140,0.063,0.00,,0,1338,0,1213,-0,-1.12,20.4,1.00,0.011
250.80,FINAL,69.92,63.33,20.34,-1.04,-0.1,0.1,-12.6,0.1,-1856,0.24,0.140,0.063,0.00,,0,1336,0,1211,-0,-1.12,20.4,1.00,0.011
250.90,FINAL,69.81,63.27,20.34,-1.04,-0.1,0.1,-12.6,0.1,-1854,0.24,0.140,0.063,0.00,,0,1334,0,1209,-0,-1.12,20.4,1.00,0.011
251.00,FINAL,69.71,63.22,20.34,-1.04,-0.1,0.1,-12.6,0.1,-1852,0.24,0.140,0.063,0.00,,0,1332,0,1207,-0,-1.12,20.4,1.00,0.011
251.10,FINAL,69.61,63.16,20.34,-1.04,-0.1,0.1,-12.6,0.1,-1850,0.24,0.140,0.063,0.00,,0,1330,0,1205,-0,-1.12,20.4,1.00,0.010
251.20,FINAL,69.50,63.11,20.34,-1.04,-0.1,0.1,-12.6,0.0,-1848,0.24,0.140,0.063,0.00,,0,1328,0,1203,-0,-1.12,20.4,1.00,0.010
251.30,FINAL,69.40,63.06,20.34,-1.04,-0.1,0.1,-12.6,0.0,-1846,0.24,0.140,0.063,0.00,,0,1326,0,1201,-0,-1.12,20.4,1.00,0.010
251.40,FINAL,69.29,63.01,20.34,-1.04,-0.1,0.1,-12.6,0.0,-1844,0.24,0.140,0.063,0.00,,0,1324,0,1199,-0,-1.12,20.4,1.00,0.010
251.50,FINAL,69.19,62.95,20.34,-1.04,-0.1,0.1,-12.6,0.0,-1842,0.24,0.140,0.063,0.00,,0,1322,0,1197,-0,-1.12,20.4,1.00,0.010
251.60,FINAL,69.09,62.90,20.34,-1.04,-0.1,0.1,-12.6,0.0,-1840,0.24,0.140,0.063,0.00,,0,1320,0,1195,-0,-1.12,20.4,1.00,0.010
251.70,FINAL,68.98,62.85,20.34,-1.04,-0.1,0.1,-12.6,0.0,-1838,0.24,0.140,0.063,0.00,,0,1318,0,1193,-0,-1.12,20.4,1.00,0.010
251.80,FINAL,68.88,62.80,20.34,-1.04,-0.1,0.1,-12.6,0.0,-1836,0.24,0.140,0.063,0.00,,0,1316,0,1191,-0,-1.12,20.4,1.00,0.010
251.90,FINAL,68.78,62.74,20.34,-1.04,-0.1,0.1,-12.6,0.0,-1834,0.24,0.140,0.063,0.00,,0,1314,0,1189,-0,-1.12,20.4,1.00,0.010
252.00,FINAL,68.67,62.69,20.34,-1.04,-0.1,0.1,-12.6,0.0,-1832,0.24,0.140,0.063,0.00,,0,1312,0,1187,-0,-1.12,20.4,1.00,0.010
252.10,FINAL,68.57,62.63,20.34,-1.04,-0.1,0.1,-12.6,0.0,-1830,0.24,0.140,0.063,0.00,,0,1310,0,1185,-0,-1.12,20.4,1.00,0.010
252.20,FINAL,68.46,62.58,20.34,-1.04,-0.1,0.1,-12.6,0.0,-1828,0.24,0.140,0.063,0.00,,0,1308,0,1183,-0,-1.12,20.4,1.00,0.010
252.30,FINAL,68.36,62.52,20.34,-1.04,-0.1,0.2,-12.6,0.0,-1826,0.24,0.140,0.063,0.00,,0,1306,0,1181,-0,-1.12,20.4,1.00,0.010
252.40,FINAL,68.26,62.46,20.34,-1.04,-0.1,0.2,-12.6,0.0,-1824,0.24,0.140,0.063,0.00,,0,1304,0,1179,-0,-1.11,20.4,1.00,0.009
252.50,FINAL,68.15,62.40,20.34,-1.04,-0.1,0.2,-12.6,0.0,-1822,0.24,0.140,0.063,0.00,,0,1302,0,1177,-0,-1.11,20.4,1.00,0.009
252.60,FINAL,68.05,62.34,20.34,-1.04,-0.1,0.2,-12.6,0.0,-1820,0.24,0.140,0.063,0.00,,0,1300,0,1175,-0,-1.11,20.4,1.00,0.009
252.70,FINAL,67.94,62.29,20.34,-1.04,-0.1,0.2,-12.6,0.0,-1818,0.24,0.140,0.063,0.00,,0,1298,0,1173,-0,-1.11,20.4,1.00,0.009
252.80,FINAL,67.84,62.23,20.34,-1.04,-0.1,0.2,-12.6,0.0,-1816,0.24,0.140,0.063,0.00,,0,1296,0,1171,-0,-1.11,20.4,1.00,0.009
252.90,FINAL,67.74,62.17,20.34,-1.04,-0.1,0.2,-12.6,0.0,-1814,0.24,0.140,0.063,0.00,,0,1294,0,1169,-0,-1.11,20.4,1.00,0.009
253.00,FINAL,67.63,62.11,20.34,-1.04,-0.1,0.2,-12.6,0.0,-1812,0.24,0.140,0.063,0.00,,0,1292,0,1167,-0,-1.11,20.4,1.00,0.009
253.10,FINAL,67.53,62.05,20.34,-1.04,-0.1,0.2,-12.6,0.0,-1810,0.24,0.140,0.063,0.00,,0,1290,0,1165,-0,-1.11,20.4,1.00,0.009
253.20,FINAL,67.43,61.99,20.34,-1.04,-0.1,0.2,-12.6,0.0,-1808,0.24,0.140,0.063,0.00,,0,1288,0,1163,-0,-1.11,20.4,1.00,0.009
253.30,FINAL,67.32,61.93,20.34,-1.04,-0.1,0.2,-12.6,0.0,-1806,0.24,0.140,0.063,0.00,,0,1286,0,1161,-0,-1.11,20.4,1.00,0.009
253.40,FINAL,67.22,61.87,20.34,-1.04,-0.1,0.2,-12.6,0.0,-1804,0.24,0.140,0.063,0.00,,0,1284,0,1159,-0,-1.11,20.4,1.00,0.009
253.50,FINAL,67.11,61.81,20.34,-1.04,-0.1,0.2,-12.6,0.0,-1802,0.24,0.140,0.063,0.00,,0,1282,0,1157,-0,-1.11,20.4,1.00,0.009
253.60,FINAL,67.01,61.75,20.35,-1.04,-0.1,0.2,-12.6,0.0,-1800,0.24,0.140,0.063,0.00,,0,1280,0,1155,-0,-1.11,20.4,1.00,0.009
253.70,FINAL,66.91,61.69,20.35,-1.04,-0.1,0.2,-12.6,0.0,-1799,0.24,0.140,0.063,0.00,,0,1279,0,1154,-0,-1.11,20.4,1.00,0.009
253.80,FINAL,66.80,61.62,20.35,-1.04,-0.1,0.2,-12.6,0.0,-1797,0.24,0.140,0.063,0.00,,0,1277,0,1152,-0,-1.11,20.4,1.00,0.008
253.90,FINAL,66.70,61.56,20.35,-1.04,-0.1,0.2,-12.6,0.0,-1795,0.24,0.140,0.063,0.00,,0,1275,0,1150,-0,-1.11,20.4,1.00,0.008
254.00,FINAL,66.60,61.49,20.35,-1.04,-0.1,0.2,-12.6,0.0,-1793,0.24,0.140,0.063,0.00,,0,1273,0,1148,-0,-1.11,20.4,1.00,0.008
254.10,FINAL,66.49,61.43,20.35,-1.04,-0.1,0.2,-12.6,0.0,-1791,0.24,0.140,0.063,0.00,,0,1271,0,1146,-0,-1.11,20.4,1.00,0.008
254.20,FINAL,66.39,61.36,20.35,-1.04,-0.1,0.2,-12.6,0.0,-1789,0.24,0.140,0.063,0.00,,0,1269,0,1144,-0,-1.11,20.4,1.00,0.008
254.30,FINAL,66.28,61.29,20.35,-1.04,-0.1,0.2,-12.6,0.0,-1787,0.24,0.140,0.063,0.00,,0,1267,0,1142,-0,-1.11,20.4,1.00,0.008
254.40,FINAL,66.18,61.22,20.35,-1.04,-0.1,0.2,-12.6,0.0,-1785,0.24,0.139,0.063,0.00,,0,1265,0,1140,-0,-1.11,20.4,1.00,0.008
254.50,FINAL,66.08,61.15,20.35,-1.04,-0.1,0.2,-12.6,0.0,-1783,0.24,0.139,0.063,0.00,,0,1263,0,1138,-0,-1.11,20.4,1.00,0.008
254.60,FINAL,65.97,61.07,20.35,-1.04,-0.1,0.2,-12.6,0.0,-1781,0.24,0.139,0.063,0.00,,0,1261,0,1136,-0,-1.11,20.4,1.00,0.008
254.70,FINAL,65.87,61.00,20.35,-1.04,-0.1,0.2,-12.6,0.0,-1779,0.24,0.139,0.063,0.00,,0,1259,0,1134,-0,-1.11,20.4,1.00,0.008
254.80,FINAL,65.76,60.92,20.35,-1.04,-0.1,0.2,-12.6,0.0,-1777,0.24,0.139,0.063,0.00,,0,1257,0,1132,-0,-1.11,20.4,1.00,0.008
254.90,FINAL,65.66,60.84,20.35,-1.04,-0.1,0.2,-12.6,0.0,-1775,0.24,0.139,0.063,0.00,,0,1255,0,1130,-0,-1.11,20.4,1.00,0.008
255.00,FINAL,65.56,60.76,20.35,-1.04,-0.1,0.2,-12.6,0.0,-1773,0.24,0.139,0.063,0.00,,0,1253,0,1128,-0,-1.11,20.4,1.00,0.008
255.10,FINAL,65.45,60.67,20.35,-1.04,-0.1,0.2,-12.6,0.0,-1771,0.24,0.139,0.063,0.00,,0,1251,0,1126,-0,-1.11,20.4,1.00,0.008
255.20,FINAL,65.35,60.59,20.35,-1.04,-0.1,0.2,-12.6,0.0,-1769,0.24,0.139,0.063,0.00,,0,1249,0,1124,-0,-1.11,20.4,1.00,0.008
255.30,FINAL,65.25,60.50,20.35,-1.04,-0.1,0.2,-12.6,-0.0,-1767,0.24,0.139,0.063,0.00,,0,1247,0,1122,0,-1.11,20.4,1.00,0.007
255.40,FINAL,65.14,60.41,20.35,-1.04,-0.1,0.2,-12.5,-0.0,-1765,0.24,0.139,0.063,0.00,,0,1245,0,1120,0,-1.11,20.4,1.00,0.007
255.50,FINAL,65.04,60.32,20.35,-1.04,-0.1,0.2,-12.5,-0.0,-1763,0.24,0.139,0.063,0.00,,0,1243,0,1118,0,-1.11,20.4,1.00,0.007
255.60,FINAL,64.93,60.22,20.35,-1.04,-0.1,0.2,-12.5,-0.0,-1761,0.24,0.139,0.063,0.00,,0,1241,0,1116,0,-1.11,20.4,1.00,0.007
255.70,FINAL,64.83,60.13,20.35,-1.04,-0.1,0.2,-12.5,-0.0,-1759,0.24,0.139,0.063,0.00,,0,1239,0,1114,0,-1.11,20.4,1.00,0.007
255.80,FINAL,64.73,60.03,20.35,-1.04,-0.1,0.2,-12.5,-0.0,-1757,0.24,0.139,0.063,0.00,,0,1237,0,1112,0,-1.11,20.4,1.00,0.007
255.90,FINAL,64.62,59.93,20.35,-1.04,-0.1,0.2,-12.5,-0.0,-1755,0.24,0.139,0.063,0.00,,0,1235,0,1110,0,-1.11,20.4,1.00,0.007
256.00,FINAL,64.52,59.83,20.35,-1.04,-0.1,0.1,-12.5,-0.0,-1753,0.24,0.139,0.063,0.00,,0,1233,0,1108,0,-1.11,20.4,1.00,0.007
256.10,FINAL,64.41,59.72,20.35,-1.04,-0.1,0.1,-12.5,-0.0,-1751,0.24,0.139,0.063,0.00,,0,1231,0,1106,0,-1.11,20.4,1.00,0.007
256.20,FINAL,64.31,59.62,20.35,-1.04,-0.1,0.1,-12.5,-0.0,-1749,0.24,0.139,0.063,0.00,,0,1229,0,1104,0,-1.11,20.4,1.00,0.007
256.30,FINAL,64.21,59.51,20.35,-1.04,-0.1,0.1,-12.5,-0.0,-1747,0.24,0.139,0.063,0.00,,0,1227,0,1102,0,-1.11,20.4,1.00,0.007
256.40,FINAL,64.10,59.40,20.35,-1.04,-0.1,0.1,-12.5,-0.0,-1745,0.24,0.139,0.063,0.00,,0,1225,0,1100,0,-1.11,20.4,1.00,0.007
256.50,FINAL,64.00,59.29,20.35,-1.04,-0.1,0.1,-12.5,-0.0,-1743,0.24,0.139,0.063,0.00,,0,1223,0,1098,0,-1.11,20.4,1.00,0.007
256.60,FINAL,63.89,59.18,20.35,-1.04,-0.1,0.1,-12.5,-0.0,-1741,0.24,0.139,0.063,0.00,,0,1221,0,1096,0,-1.10,20.4,1.00,0.007
256.70,FINAL,63.79,59.07,20.35,-1.04,-0.1,0.1,-12.5,-0.0,-1739,0.24,0.139,0.063,0.00,,0,1219,0,1094,0,-1.10,20.4,1.00,0.007
256.80,FINAL,63.69,58.95,20.35,-1.04,-0.1,0.1,-12.5,-0.0,-1737,0.24,0.139,0.063,0.00,,0,1217,0,1092,0,-1.10,20.4,1.00,0.007
256.90,FINAL,63.58,58.84,20.35,-1.04,-0.1,0.1,-12.5,-0.0,-1735,0.24,0.139,0.063,0.00,,0,1215,0,1090,0,-1.10,20.4,1.00,0.006
257.00,FINAL,63.48,58.72,20.35,-1.04,-0.1,0.1,-12.5,-0.0,-1733,0.24,0.139,0.062,0.00,,0,1213,0,1088,0,-1.10,20.4,1.00,0.006
257.10,FINAL,63.38,58.60,20.35,-1.04,-0.1,0.1,-12.5,-0.0,-1731,0.24,0.139,0.062,0.00,,0,1211,0,1086,0,-1.10,20.4,1.00,0.006
257.20,FINAL,63.27,58.48,20.35,-1.04,-0.1,0.1,-12.5,-0.0,-1729,0.24,0.139,0.062,0.00,,0,1209,0,1084,0,-1.10,20.4,1.00,0.006
257.30,FINAL,63.17,58.36,20.35,-1.04,-0.1,0.1,-12.5,-0.0,-1727,0.24,0.139,0.062,0.00,,0,1207,0,1082,0,-1.10,20.4,1.00,0.006
257.40,FINAL,63.06,58.24,20.35,-1.04,-0.1,0.1,-12.5,-0.0,-1726,0.24,0.139,0.062,0.00,,0,1206,0,1081,0,-1.10,20.4,1.00,0.006
257.50,FINAL,62.96,58.12,20.35,-1.04,-0.1,0.1,-12.5,-0.0,-1724,0.24,0.139,0.062,0.00,,0,1204,0,1079,0,-1.10,20.4,1.00,0.006
257.60,FINAL,62.86,58.00,20.35,-1.04,-0.1,0.1,-12.5,-0.0,-1722,0.24,0.139,0.062,0.00,,0,1202,0,1077,0,-1.10,20.4,1.00,0.006
257.70,FINAL,62.75,57.88,20.35,-1.04,-0.1,0.1,-12.5,-0.0,-1720,0.24,0.139,0.062,0.00,,0,1200,0,1075,0,-1.10,20.4,1.00,0.006
257.80,FINAL,62.65,57.76,20.35,-1.04,-0.1,0.1,-12.5,-0.0,-1718,0.24,0.139,0.062,0.00,,0,1198,0,1073,0,-1.10,20.4,1.00,0.006
257.90,FINAL,62.54,57.63,20.35,-1.04,-0.1,0.1,-12.5,-0.0,-1716,0.24,0.139,0.062,0.00,,0,1196,0,1071,0,-1.10,20.4,1.00,0.006
258.00,FINAL,62.44,57.51,20.35,-1.04,-0.1,0.1,-12.5,-0.0,-1714,0.24,0.139,0.062,0.00,,0,1194,0,1069,0,-1.10,20.4,1.00,0.006
258.10,FINAL,62.34,57.39,20.35,-1.04,-0.1,0.1,-12.5,-0.0,-1712,0.24,0.139,0.062,0.00,,0,1192,0,1067,0,-1.10,20.4,1.00,0.006
258.20,FINAL,62.23,57.26,20.35,-1.04,-0.1,0.1,-12.5,-0.0,-1710,0.24,0.139,0.062,0.00,,0,1190,0,1065,0,-1.10,20.4,1.00,0.006
258.30,FINAL,62.13,57.14,20.35,-1.04,-0.1,0.1,-12.5,-0.0,-1708,0.24,0.139,0.062,0.00,,0,1188,0,1063,0,-1.10,20.4,1.00,0.006
258.40,FINAL,62.02,57.02,20.36,-1.04,-0.1,0.1,-12.5,-0.0,-1706,0.24,0.139,0.062,0.00,,0,1186,0,1061,0,-1.10,20.4,1.00,0.006
258.50,FINAL,61.92,56.89,20.36,-1.04,-0.1,0.1,-12.5,-0.0,-1704,0.24,0.139,0.062,0.00,,0,1184,0,1059,0,-1.10,20.4,1.00,0.006
258.60,FINAL,61.82,56.77,20.36,-1.04,-0.1,0.1,-12.5,-0.0,-1702,0.24,0.139,0.062,0.00,,0,1182,0,1057,0,-1.10,20.4,1.00,0.005
258.70,FINAL,61.71,56.65,20.36,-1.04,-0.1,0.1,-12.5,-0.0,-1700,0.24,0.139,0.062,0.00,,0,1180,0,1055,0,-1.10,20.4,1.00,0.005
258.80,FINAL,61.61,56.53,20.36,-1.04,-0.1,0.1,-12.5,-0.0,-1698,0.24,0.139,0.062,0.00,,0,1178,0,1053,0,-1.10,20.4,1.00,0.005
258.90,FINAL,61.50,56.41,20.36,-1.04,-0.1,0.1,-12.5,-0.0,-1696,0.24,0.139,0.062,0.00,,0,1176,0,1051,0,-1.10,20.4,1.00,0.005
259.00,FINAL,61.40,56.29,20.36,-1.04,-0.1,0.1,-12.4,-0.0,-1694,0.24,0.139,0.062,0.00,,0,1174,0,1049,0,-1.10,20.4,1.00,0.005
259.10,FINAL,61.30,56.17,20.36,-1.04,-0.1,0.1,-12.4,-0.0,-1692,0.24,0.139,0.062,0.00,,0,1172,0,1047,0,-1.10,20.4,1.00,0.005
259.20,FINAL,61.19,56.05,20.36,-1.04,-0.1,0.1,-12.4,-0.0,-1690,0.24,0.139,0.062,0.00,,0,1170,0,1045,0,-1.10,20.4,1.00,0.005
259.30,FINAL,61.09,55.93,20.36,-1.04,-0.1,0.1,-12.4,-0.0,-1688,0.24,0.139,0.062,0.00,,0,1168,0,1043,0,-1.10,20.4,1.00,0.005
259.40,FINAL,60.99,55.82,20.36,-1.04,-0.1,0.1,-12.4,-0.0,-1686,0.24,0.139,0.062,0.00,,0,1166,0,1041,0,-1.10,20.4,1.00,0.005
259.50,FINAL,60.88,55.70,20.36,-1.04,-0.1,0.1,-12.4,-0.0,-1684,0.24,0.139,0.062,0.00,,0,1164,0,1039,0,-1.10,20.4,1.00,0.005
259.60,FINAL,60.78,55.58,20.36,-1.04,-0.1,0.1,-12.4,-0.0,-1682,0.24,0.139,0.062,0.00,,0,1162,0,1037,0,-1.10,20.4,1.00,0.005
259.70,FINAL,60.67,55.45,20.36,-1.04,-0.1,0.1,-12.4,-0.0,-1680,0.24,0.139,0.062,0.00,,0,1160,0,1035,0,-1.10,20.4,1.00,0.005
259.80,FINAL,60.57,55.33,20.36,-1.04,-0.1,0.1,-12.4,-0.0,-1678,0.24,0.139,0.062,0.00,,0,1158,0,1033,0,-1.10,20.4,1.00,0.005
259.90,FINAL,60.47,55.21,20.36,-1.04,-0.1,0.1,-12.4,-0.0,-1676,0.24,0.139,0.062,0.00,,0,1156,0,1031,0,-1.10,20.4,1.00,0.005
260.00,FINAL,60.36,55.08,20.36,-1.04,-0.1,0.1,-12.4,-0.0,-1674,0.24,0.139,0.062,0.00,,0,1154,0,1029,0,-1.10,20.4,1.00,0.005
260.10,FINAL,60.26,54.95,20.36,-1.04,-0.1,0.1,-12.4,-0.0,-1672,0.24,0.139,0.062,0.00,,0,1152,0,1027,0,-1.10,20.4,1.00,0.005
260.20,FINAL,60.15,54.83,20.36,-1.04,-0.1,0.1,-12.4,-0.0,-1670,0.24,0.139,0.062,0.00,,0,1150,0,1025,0,-1.10,20.4,1.00,0.005
260.30,FINAL,60.05,54.70,20.36,-1.04,-0.1,0.1,-12.4,-0.0,-1668,0.24,0.139,0.062,0.00,,0,1148,0,1023,0,-1.10,20.4,1.00,0.005
260.40,FINAL,59.95,54.58,20.36,-1.04,-0.1,0.1,-12.4,0.0,-1666,0.24,0.139,0.062,0.00,,0,1146,0,1021,-0,-1.10,20.4,1.00,0.005
260.50,FINAL,59.84,54.45,20.36,-1.04,-0.1,0.1,-12.4,0.0,-1664,0.24,0.139,0.062,0.00,,0,1144,0,1019,-0,-1.10,20.4,1.00,0.005
260.60,FINAL,59.74,54.32,20.36,-1.04,-0.1,0.1,-12.4,0.0,-1662,0.24,0.139,0.062,0.00,,0,1142,0,1017,-0,-1.10,20.4,1.00,0.004
260.70,FINAL,59.63,54.20,20.36,-1.04,-0.1,0.1,-12.4,0.0,-1660,0.24,0.139,0.062,0.00,,0,1140,0,1015,-0,-1.10,20.4,1.00,0.004
260.80,FINAL,59.53,54.07,20.36,-1.04,-0.1,0.1,-12.4,0.0,-1658,0.24,0.139,0.062,0.00,,0,1138,0,1013,-0,-1.10,20.4,1.00,0.004
260.90,FINAL,59.43,53.95,20.36,-1.04,-0.1,0.1,-12.4,0.0,-1656,0.24,0.139,0.062,0.00,,0,1136,0,1011,-0,-1.09,20.4,1.00,0.004
261.00,FINAL,59.32,53.82,20.36,-1.04,-0.1,0.1,-12.4,0.0,-1654,0.24,0.139,0.062,0.00,,0,1134,0,1009,-0,-1.09,20.4,1.00,0.004
261.10,FINAL,59.22,53.70,20.36,-1.04,-0.1,0.1,-12.4,0.0,-1652,0.24,0.139,0.062,0.00,,0,1132,0,1007,-0,-1.09,20.4,1.00,0.004
261.20,FINAL,59.11,53.58,20.36,-1.04,-0.1,0.1,-12.4,0.0,-1650,0.24,0.139,0.062,0.00,,0,1130,0,1005,-0,-1.09,20.4,1.00,0.004
261.30,FINAL,59.01,53.46,20.36,-1.04,-0.1,0.1,-12.4,0.0,-1649,0.24,0.139,0.062,0.00,,0,1129,0,1004,-0,-1.09,20.4,1.00,0.004
261.40,FINAL,58.91,53.34,20.36,-1.04,-0.1,0.1,-12.4,0.0,-1647,0.24,0.139,0.062,0.00,,0,1127,0,1002,-0,-1.09,20.4,1.00,0.004
261.50,FINAL,58.80,53.22,20.36,-1.04,-0.1,0.1,-12.4,0.0,-1645,0.24,0.139,0.062,0.00,,0,1125,0,1000,-0,-1.09,20.4,1.00,0.004
261.60,FINAL,58.70,53.11,20.36,-1.04,-0.1,0.1,-12.4,0.0,-1643,0.24,0.139,0.062,0.00,,0,1123,0,998,-0,-1.09,20.4,1.00,0.004
261.70,FINAL,58.59,52.99,20.36,-1.04,-0.1,0.1,-12.4,0.0,-1641,0.24,0.139,0.062,0.00,,0,1121,0,996,-0,-1.09,20.4,1.00,0.004
261.80,FINAL,58.49,52.88,20.36,-1.04,-0.1,0.1,-12.3,0.0,-1639,0.24,0.139,0.062,0.00,,0,1119,0,994,-0,-1.09,20.4,1.00,0.004
261.90,FINAL,58.39,52.77,20.36,-1.04,-0.1,0.1,-12.3,0.0,-1637,0.24,0.139,0.062,0.00,,0,1117,0,992,-0,-1.09,20.4,1.00,0.004
262.00,FINAL,58.28,52.67,20.36,-1.04,-0.1,0.1,-12.3,0.0,-1635,0.24,0.139,0.062,0.00,,0,1115,0,990,-0,-1.09,20.4,1.00,0.004
262.10,FINAL,58.18,52.56,20.36,-1.04,-0.1,0.1,-12.3,0.0,-1633,0.24,0.139,0.062,0.00,,0,1113,0,988,-0,-1.09,20.4,1.00,0.004
262.20,FINAL,58.07,52.46,20.36,-1.04,-0.1,0.1,-12.3,0.0,-1631,0.24,0.139,0.062,0.00,,0,1111,0,986,-0,-1.09,20.4,1.00,0.004
262.30,FINAL,57.97,52.36,20.36,-1.04,-0.1,0.1,-12.3,0.0,-1629,0.24,0.139,0.061,0.00,,0,1109,0,984,-0,-1.09,20.4,1.00,0.004
262.40,FINAL,57.87,52.26,20.37,-1.04,-0.1,0.1,-12.3,0.0,-1627,0.24,0.139,0.061,0.00,,0,1107,0,982,-0,-1.09,20.4,1.00,0.004
262.50,FINAL,57.76,52.16,20.37,-1.04,-0.1,0.1,-12.3,0.0,-1625,0.24,0.139,0.061,0.00,,0,1105,0,980,-0,-1.09,20.4,1.00,0.004
262.60,FINAL,57.66,52.07,20.37,-1.04,-0.1,0.1,-12.3,0.0,-1623,0.24,0.139,0.061,0.00,,0,1103,0,978,-0,-1.09,20.4,1.00,0.004
262.70,FINAL,57.55,51.98,20.37,-1.04,-0.1,0.1,-12.3,0.0,-1621,0.24,0.139,0.061,0.00,,0,1101,0,976,-0,-1.09,20.4,1.00,0.004
262.80,FINAL,57.45,51.89,20.37,-1.04,-0.1,0.1,-12.3,0.0,-1619,0.24,0.139,0.061,0.00,,0,1099,0,974,-0,-1.09,20.4,1.00,0.003
262.90,FINAL,57.35,51.80,20.37,-1.04,-0.1,0.1,-12.3,0.0,-1617,0.24,0.139,0.061,0.00,,0,1097,0,972,-0,-1.09,20.4,1.00,0.003
263.00,FINAL,57.24,51.71,20.37,-1.04,-0.1,0.1,-12.3,0.0,-1615,0.24,0.139,0.061,0.00,,0,1095,0,970,-0,-1.09,20.4,1.00,0.003
263.10,FINAL,57.14,51.63,20.37,-1.04,-0.1,0.1,-12.3,0.0,-1613,0.24,0.139,0.061,0.00,,0,1093,0,968,-0,-1.09,20.4,1.00,0.003
263.20,FINAL,57.03,51.55,20.37,-1.04,-0.1,0.1,-12.3,0.0,-1611,0.24,0.139,0.061,0.00,,0,1091,0,966,-0,-1.09,20.4,1.00,0.003
263.30,FINAL,56.93,51.47,20.37,-1.04,-0.1,0.1,-12.3,0.0,-1609,0.24,0.139,0.061,0.00,,0,1089,0,964,-0,-1.09,20.4,1.00,0.003
263.40,FINAL,56.83,51.39,20.37,-1.04,-0.1,0.1,-12.3,0.0,-1607,0.24,0.139,0.061,0.00,,0,1087,0,962,-0,-1.09,20.4,1.00,0.003
263.50,FINAL,56.72,51.31,20.37,-1.04,-0.1,0.1,-12.3,0.0,-1605,0.24,0.139,0.061,0.00,,0,1085,0,960,-0,-1.09,20.4,1.00,0.003
263.60,FINAL,56.62,51.24,20.37,-1.04,-0.1,0.1,-12.3,0.0,-1603,0.24,0.139,0.061,0.00,,0,1083,0,958,-0,-1.09,20.4,1.00,0.003
263.70,FINAL,56.52,51.16,20.37,-1.04,-0.1,0.1,-12.3,0.0,-1601,0.24,0.139,0.061,0.00,,0,1081,0,956,-0,-1.09,20.4,1.00,0.003
263.80,FINAL,56.41,51.09,20.37,-1.04,-0.1,0.1,-12.3,0.0,-1599,0.24,0.139,0.061,0.00,,0,1079,0,954,-0,-1.09,20.4,1.00,0.003
263.90,FINAL,56.31,51.01,20.37,-1.04,-0.1,0.1,-12.3,0.0,-1597,0.24,0.139,0.061,0.00,,0,1077,0,952,-0,-1.09,20.4,1.00,0.003
264.00,FINAL,56.20,50.94,20.37,-1.04,-0.1,0.1,-12.3,0.0,-1595,0.24,0.139,0.061,0.00,,0,1075,0,950,-0,-1.09,20.4,1.00,0.003
264.10,FINAL,56.10,50.87,20.37,-1.04,-0.1,0.1,-12.3,0.0,-1593,0.24,0.139,0.061,0.00,,0,1073,0,948,-0,-1.09,20.4,1.00,0.003
264.20,FINAL,56.00,50.79,20.37,-1.04,-0.1,0.1,-12.3,0.0,-1591,0.24,0.139,0.061,0.00,,0,1071,0,946,-0,-1.09,20.4,1.00,0.003
264.30,FINAL,55.89,50.72,20.37,-1.04,-0.1,0.1,-12.3,0.0,-1589,0.24,0.139,0.061,0.00,,0,1069,0,944,-0,-1.09,20.4,1.00,0.003
264.40,FINAL,55.79,50.64,20.37,-1.04,-0.1,0.1,-12.3,0.0,-1587,0.24,0.139,0.061,0.00,,0,1067,0,942,-0,-1.09,20.4,1.00,0.003
264.50,FINAL,55.68,50.57,20.37,-1.04,-0.1,0.1,-12.3,0.0,-1585,0.24,0.139,0.061,0.00,,0,1065,0,940,-0,-1.09,20.4,1.00,0.003
264.60,FINAL,55.58,50.50,20.37,-1.04,-0.1,0.1,-12.3,0.0,-1583,0.24,0.139,0.061,0.00,,0,1063,0,938,-0,-1.09,20.4,1.00,0.003
264.70,FINAL,55.48,50.42,20.37,-1.04,-0.1,0.1,-12.3,0.0,-1581,0.24,0.139,0.061,0.00,,0,1061,0,936,-0,-1.09,20.4,1.00,0.003
264.80,FINAL,55.37,50.34,20.37,-1.04,-0.1,0.1,-12.3,0.0,-1579,0.24,0.139,0.061,0.00,,0,1059,0,934,-0,-1.09,20.4,1.00,0.003
264.90,FINAL,55.27,50.27,20.37,-1.04,-0.1,0.1,-12.2,0.0,-1577,0.24,0.139,0.061,0.00,,0,1057,0,932,-0,-1.09,20.4,1.00,0.003
265.00,FINAL,55.16,50.19,20.37,-1.04,-0.1,0.1,-12.2,0.0,-1575,0.24,0.139,0.061,0.00,,0,1055,0,930,-0,-1.09,20.4,1.00,0.003
265.10,FINAL,55.06,50.11,20.37,-1.04,-0.1,0.1,-12.2,0.0,-1573,0.24,0.139,0.061,0.00,,0,1053,0,928,-0,-1.09,20.4,1.00,0.003
265.20,FINAL,54.96,50.03,20.37,-1.04,-0.1,0.1,-12.2,0.0,-1571,0.24,0.138,0.061,0.00,,0,1051,0,926,-0,-1.09,20.4,1.00,0.003
265.30,FINAL,54.85,49.95,20.37,-1.04,-0.1,0.1,-12.2,0.0,-1569,0.24,0.138,0.061,0.00,,0,1049,0,924,-0,-1.09,20.4,1.00,0.002
265.40,FINAL,54.75,49.87,20.37,-1.04,-0.1,0.1,-12.2,0.0,-1567,0.24,0.138,0.061,0.00,,0,1047,0,922,-0,-1.09,20.4,1.00,0.002
265.50,FINAL,54.64,49.78,20.37,-1.04,-0.1,0.1,-12.2,0.0,-1566,0.24,0.138,0.061,0.00,,0,1046,0,921,-0,-1.09,20.4,1.00,0.002
265.60,FINAL,54.54,49.70,20.37,-1.04,-0.1,0.1,-12.2,0.0,-1564,0.24,0.138,0.061,0.00,,0,1044,0,919,-0,-1.09,20.4,1.00,0.002
265.70,FINAL,54.44,49.61,20.37,-1.04,-0.2,0.1,-12.2,0.0,-1562,0.24,0.138,0.061,0.00,,0,1042,0,917,-0,-1.08,20.4,1.00,0.002
265.80,FINAL,54.33,49.53,20.37,-1.04,-0.2,0.1,-12.2,0.0,-1560,0.24,0.138,0.061,0.00,,0,1040,0,915,-0,-1.08,20.4,1.00,0.002
265.90,FINAL,54.23,49.44,20.38,-1.04,-0.2,0.1,-12.2,0.0,-1558,0.24,0.138,0.061,0.00,,0,1038,0,913,-0,-1.08,20.4,1.00,0.002
266.00,FINAL,54.12,49.34,20.38,-1.04,-0.2,0.1,-12.2,0.0,-1556,0.24,0.138,0.061,0.00,,0,1036,0,911,-0,-1.08,20.4,1.00,0.002
266.10,FINAL,54.02,49.25,20.38,-1.04,-0.2,0.1,-12.2,0.0,-1554,0.24,0.138,0.061,0.00,,0,1034,0,909,-0,-1.08,20.4,1.00,0.002
266.20,FINAL,53.92,49.16,20.38,-1.04,-0.2,0.1,-12.2,0.0,-1552,0.24,0.138,0.061,0.00,,0,1032,0,907,-0,-1.08,20.4,1.00,0.002
266.30,FINAL,53.81,49.06,20.38,-1.04,-0.2,0.1,-12.2,0.0,-1550,0.24,0.138,0.061,0.00,,0,1030,0,905,-0,-1.08,20.4,1.00,0.002
266.40,FINAL,53.71,48.96,20.38,-1.04,-0.2,0.1,-12.2,0.0,-1548,0.24,0.138,0.061,0.00,,0,1028,0,903,-0,-1.08,20.4,1.00,0.002
266.50,FINAL,53.60,48.87,20.38,-1.04,-0.2,0.1,-12.2,0.0,-1546,0.24,0.138,0.061,0.00,,0,1026,0,901,-0,-1.08,20.4,1.00,0.002
266.60,FINAL,53.50,48.77,20.38,-1.04,-0.2,0.1,-12.2,0.0,-1544,0.24,0.138,0.061,0.00,,0,1024,0,899,-0,-1.08,20.4,1.00,0.002
266.70,FINAL,53.40,48.68,20.38,-1.04,-0.2,0.1,-12.2,0.0,-1542,0.24,0.138,0.061,0.00,,0,1022,0,897,-0,-1.08,20.4,1.00,0.002
266.80,FINAL,53.29,48.59,20.38,-1.04,-0.2,0.1,-12.2,0.0,-1540,0.24,0.138,0.061,0.00,,0,1020,0,895,-0,-1.08,20.4,1.00,0.002
266.90,FINAL,53.19,48.49,20.38,-1.04,-0.2,0.1,-12.2,0.0,-1538,0.24,0.138,0.061,0.00,,0,1018,0,893,-0,-1.08,20.4,1.00,0.002
267.00,FINAL,53.09,48.40,20.38,-1.04,-0.2,0.1,-12.2,0.0,-1536,0.24,0.138,0.061,0.00,,0,1016,0,891,-0,-1.08,20.4,1.00,0.002
267.10,FINAL,52.98,48.31,20.38,-1.04,-0.2,0.1,-12.2,0.0,-1534,0.24,0.138,0.061,0.00,,0,1014,0,889,-0,-1.08,20.4,1.00,0.002
267.20,FINAL,52.88,48.22,20.38,-1.04,-0.2,0.1,-12.2,0.0,-1532,0.24,0.138,0.061,0.00,,0,1012,0,887,-0,-1.08,20.4,1.00,0.002
267.30,FINAL,52.77,48.12,20.38,-1.04,-0.2,0.1,-12.2,0.0,-1530,0.24,0.138,0.061,0.00,,0,1010,0,885,-0,-1.08,20.4,1.00,0.002
267.40,FINAL,52.67,48.03,20.38,-1.04,-0.2,0.1,-12.2,0.0,-1528,0.24,0.138,0.061,0.00,,0,1008,0,883,-0,-1.08,20.4,1.00,0.002
267.50,FINAL,52.57,47.94,20.38,-1.04,-0.2,0.1,-12.2,0.0,-1526,0.24,0.138,0.061,0.00,,0,1006,0,881,-0,-1.08,20.4,1.00,0.002
267.60,FINAL,52.46,47.85,20.38,-1.04,-0.2,0.1,-12.2,0.0,-1524,0.24,0.138,0.061,0.00,,0,1004,0,879,-0,-1.08,20.4,1.00,0.002
267.70,FINAL,52.36,47.76,20.38,-1.04,-0.2,0.1,-12.2,0.0,-1522,0.24,0.138,0.061,0.00,,0,1002,0,877,-0,-1.08,20.4,1.00,0.002
267.80,FINAL,52.25,47.66,20.38,-1.04,-0.2,0.1,-12.2,0.0,-1520,0.24,0.138,0.061,0.00,,0,1000,0,875,-0,-1.08,20.4,1.00,0.002
267.90,FINAL,52.15,47.57,20.38,-1.04,-0.2,0.1,-12.1,0.0,-1518,0.24,0.138,0.061,0.00,,0,998,0,873,-0,-1.08,20.4,1.00,0.002
268.00,FINAL,52.05,47.48,20.38,-1.04,-0.2,0.1,-12.1,0.0,-1516,0.24,0.138,0.061,0.00,,0,996,0,871,-0,-1.08,20.4,1.00,0.001
268.10,FINAL,51.94,47.39,20.38,-1.04,-0.2,0.1,-12.1,0.0,-1514,0.24,0.138,0.061,0.00,,0,994,0,869,-0,-1.08,20.4,1.00,0.001
268.20,FINAL,51.84,47.29,20.38,-1.04,-0.2,0.1,-12.1,0.0,-1512,0.24,0.138,0.061,0.00,,0,992,0,867,-0,-1.08,20.4,1.00,0.001
268.30,FINAL,51.73,47.20,20.38,-1.04,-0.2,0.1,-12.1,0.0,-1510,0.24,0.138,0.061,0.00,,0,990,0,865,-0,-1.08,20.4,1.00,0.001
268.40,FINAL,51.63,47.10,20.38,-1.04,-0.2,0.1,-12.1,0.0,-1508,0.24,0.138,0.061,0.00,,0,988,0,863,-0,-1.08,20.4,1.00,0.001
268.50,FINAL,51.53,47.00,20.38,-1.04,-0.2,0.1,-12.1,0.0,-1506,0.24,0.138,0.061,0.00,,0,986,0,861,-0,-1.08,20.4,1.00,0.001
268.60,FINAL,51.42,46.91,20.38,-1.04,-0.2,0.1,-12.1,0.0,-1504,0.24,0.138,0.061,0.00,,0,984,0,859,-0,-1.08,20.4,1.00,0.001
268.70,FINAL,51.32,46.81,20.38,-1.04,-0.2,0.1,-12.1,0.0,-1502,0.24,0.138,0.061,0.00,,0,982,0,857,-0,-1.08,20.4,1.00,0.001
268.80,FINAL,51.21,46.71,20.38,-1.04,-0.2,0.1,-12.1,0.0,-1500,0.24,0.138,0.061,0.00,,0,980,0,855,-0,-1.08,20.4,1.00,0.001
268.90,FINAL,51.11,46.61,20.38,-1.04,-0.2,0.1,-12.1,0.0,-1498,0.24,0.138,0.061,0.00,,0,978,0,853,-0,-1.08,20.4,1.00,0.001
269.00,FINAL,51.01,46.51,20.38,-1.04,-0.2,0.1,-12.1,0.0,-1496,0.24,0.138,0.061,0.00,,0,976,0,851,-0,-1.08,20.4,1.00,0.001
269.10,FINAL,50.90,46.40,20.38,-1.04,-0.2,0.1,-12.1,0.0,-1494,0.24,0.138,0.060,0.00,,0,974,0,849,-0,-1.08,20.4,1.00,0.001
269.20,FINAL,50.80,46.30,20.38,-1.04,-0.2,0.1,-12.1,0.0,-1492,0.24,0.138,0.060,0.00,,0,972,0,847,-0,-1.08,20.4,1.00,0.001
269.30,FINAL,50.69,46.19,20.38,-1.04,-0.2,0.1,-12.1,0.0,-1490,0.24,0.138,0.060,0.00,,0,970,0,845,-0,-1.08,20.4,1.00,0.001
269.40,FINAL,50.59,46.09,20.38,-1.04,-0.2,0.1,-12.1,0.0,-1488,0.24,0.138,0.060,0.00,,0,968,0,843,-0,-1.08,20.4,1.00,0.001
269.50,FINAL,50.49,45.98,20.38,-1.04,-0.2,0.1,-12.1,0.0,-1486,0.24,0.138,0.060,0.00,,0,966,0,841,-0,-1.08,20.4,1.00,0.001
269.60,FINAL,50.38,45.87,20.38,-1.04,-0.2,0.1,-12.1,0.0,-1484,0.24,0.138,0.060,0.00,,0,964,0,839,-0,-1.08,20.4,1.00,0.001
269.70,FINAL,50.28,45.76,20.38,-1.04,-0.2,0.1,-12.1,0.0,-1482,0.24,0.138,0.060,0.00,,0,962,0,837,-0,-1.08,20.4,1.00,0.001
269.80,FINAL,50.17,45.65,20.38,-1.04,-0.2,0.1,-12.1,0.0,-1480,0.24,0.138,0.060,0.00,,0,960,0,835,-0,-1.08,20.4,1.00,0.001
269.90,FINAL,50.07,45.54,20.38,-1.04,-0.2,0.1,-12.1,0.0,-1478,0.24,0.138,0.060,0.00,,0,958,0,833,-0,-1.08,20.4,1.00,0.001
270.00,FINAL,49.97,45.43,20.38,-1.04,-0.2,0.1,-12.1,0.0,-1476,0.24,0.138,0.060,0.00,,0,956,0,831,-0,-1.08,20.4,1.00,0.001
270.10,FINAL,49.86,45.32,20.38,-1.04,-0.2,0.1,-12.1,0.0,-1474,0.24,0.138,0.060,0.00,,0,954,0,829,-0,-1.08,20.4,1.00,0.001
270.20,FINAL,49.76,45.21,20.38,-1.04,-0.2,0.1,-12.1,0.0,-1473,0.24,0.138,0.060,0.00,,0,953,0,828,-0,-1.08,20.4,1.00,0.001
270.30,FINAL,49.65,45.10,20.38,-1.04,-0.2,0.1,-12.1,0.0,-1471,0.24,0.138,0.060,0.00,,0,951,0,826,-0,-1.08,20.4,1.00,0.001
270.40,FINAL,49.55,44.99,20.38,-1.04,-0.2,0.1,-12.0,0.0,-1469,0.24,0.138,0.060,0.00,,0,949,0,824,-0,-1.08,20.4,1.00,0.001
270.50,FINAL,49.45,44.89,20.38,-1.04,-0.2,0.1,-12.0,0.0,-1467,0.24,0.138,0.060,0.00,,0,947,0,822,-0,-1.08,20.4,1.00,0.001
270.60,FINAL,49.34,44.78,20.38,-1.04,-0.2,0.1,-12.0,0.0,-1465,0.24,0.138,0.060,0.00,,0,945,0,820,-0,-1.08,20.4,1.00,0.001
270.70,FINAL,49.24,44.67,20.38,-1.04,-0.2,0.1,-12.0,0.0,-1463,0.24,0.138,0.060,0.00,,0,943,0,818,-0,-1.08,20.4,1.00,0.001
270.80,FINAL,49.14,44.57,20.38,-1.04,-0.2,0.1,-12.0,0.0,-1461,0.24,0.138,0.060,0.00,,0,941,0,816,-0,-1.08,20.4,1.00,0.001
270.90,FINAL,49.03,44.46,20.39,-1.04,-0.2,0.1,-12.0,0.0,-1459,0.24,0.138,0.060,0.00,,0,939,0,814,-0,-1.08,20.4,1.00,0.001
271.00,FINAL,48.93,44.36,20.39,-1.04,-0.2,0.1,-12.0,0.0,-1457,0.24,0.138,0.060,0.00,,0,937,0,812,-0,-1.08,20.4,1.00,0.001
271.10,FINAL,48.82,44.25,20.39,-1.04,-0.2,0.1,-12.0,0.0,-1455,0.24,0.138,0.060,0.00,,0,935,0,810,-0,-1.07,20.4,1.00,0.001
271.20,FINAL,48.72,44.15,20.39,-1.04,-0.2,0.1,-12.0,0.0,-1453,0.24,0.138,0.060,0.00,,0,933,0,808,-0,-1.07,20.4,1.00,0.000
271.30,FINAL,48.62,44.04,20.39,-1.04,-0.2,0.1,-12.0,0.0,-1451,0.24,0.138,0.060,0.00,,0,931,0,806,-0,-1.07,20.4,1.00,0.000
271.40,FINAL,48.51,43.94,20.39,-1.04,-0.2,0.1,-12.0,0.0,-1449,0.24,0.138,0.060,0.00,,0,929,0,804,-0,-1.07,20.4,1.00,0.000
271.50,FINAL,48.41,43.84,20.39,-1.04,-0.2,0.1,-12.0,0.0,-1447,0.24,0.138,0.060,0.00,,0,927,0,802,-0,-1.07,20.4,1.00,0.000
271.60,FINAL,48.30,43.74,20.39,-1.04,-0.2,0.1,-12.0,0.0,-1445,0.24,0.138,0.060,0.00,,0,925,0,800,-0,-1.07,20.4,1.00,0.000
271.70,FINAL,48.20,43.63,20.39,-1.04,-0.2,0.1,-12.0,0.0,-1443,0.24,0.138,0.060,0.00,,0,923,0,798,-0,-1.07,20.4,1.00,0.000
271.80,FINAL,48.10,43.53,20.39,-1.04,-0.2,0.1,-12.0,0.0,-1441,0.24,0.138,0.060,0.00,,0,921,0,796,-0,-1.07,20.4,1.00,0.000
271.90,FINAL,47.99,43.43,20.39,-1.04,-0.2,0.1,-12.0,0.0,-1439,0.24,0.138,0.060,0.00,,0,919,0,794,-0,-1.07,20.4,1.00,0.000
272.00,FINAL,47.89,43.33,20.39,-1.04,-0.2,0.1,-12.0,0.0,-1437,0.24,0.138,0.060,0.00,,0,917,0,792,-0,-1.07,20.4,1.00,0.000
272.10,FINAL,47.78,43.23,20.39,-1.04,-0.2,0.1,-12.0,0.0,-1435,0.24,0.138,0.060,0.00,,0,915,0,790,-0,-1.07,20.4,1.00,0.000
272.20,FINAL,47.68,43.13,20.39,-1.04,-0.2,0.1,-12.0,0.0,-1433,0.24,0.138,0.060,0.00,,0,913,0,788,-0,-1.07,20.4,1.00,0.000
272.30,FINAL,47.58,43.03,20.39,-1.04,-0.2,0.1,-12.0,0.0,-1431,0.24,0.138,0.060,0.00,,0,911,0,786,-0,-1.07,20.4,1.00,0.000
272.40,FINAL,47.47,42.93,20.39,-1.04,-0.2,0.1,-12.0,0.0,-1429,0.24,0.138,0.060,0.00,,0,909,0,784,-0,-1.07,20.4,1.00,0.000
272.50,FINAL,47.37,42.83,20.39,-1.04,-0.2,0.1,-11.9,0.0,-1427,0.24,0.138,0.060,0.00,,0,907,0,782,-0,-1.07,20.4,1.00,0.000
272.60,FINAL,47.26,42.73,20.39,-1.04,-0.2,0.1,-11.9,0.0,-1425,0.24,0.138,0.060,0.00,,0,905,0,780,-0,-1.07,20.4,1.00,0.000
272.70,FINAL,47.16,42.63,20.39,-1.04,-0.2,0.1,-11.9,0.0,-1423,0.24,0.138,0.060,0.00,,0,903,0,778,-0,-1.07,20.4,1.00,0.000
272.80,FINAL,47.06,42.53,20.39,-1.04,-0.2,0.1,-11.9,0.0,-1421,0.24,0.138,0.060,0.00,,0,901,0,776,-0,-1.07,20.4,1.00,0.000
272.90,FINAL,46.95,42.44,20.39,-1.04,-0.2,0.1,-11.9,0.0,-1419,0.24,0.138,0.060,0.00,,0,899,0,774,-0,-1.07,20.4,1.00,0.000
273.00,FINAL,46.85,42.34,20.39,-1.04,-0.2,0.1,-11.9,0.0,-1417,0.24,0.138,0.060,0.00,,0,897,0,772,-0,-1.07,20.4,1.00,0.000
273.10,FINAL,46.74,42.24,20.39,-1.04,-0.2,0.1,-11.9,0.0,-1415,0.24,0.138,0.060,0.00,,0,895,0,770,-0,-1.07,20.4,1.00,-0.000
273.20,FINAL,46.64,42.15,20.39,-1.04,-0.2,0.1,-11.9,0.0,-1413,0.24,0.138,0.060,0.00,,0,893,0,768,-0,-1.07,20.4,1.00,-0.000
273.30,FINAL,46.54,42.05,20.39,-1.04,-0.2,0.1,-11.9,0.0,-1411,0.24,0.138,0.060,0.00,,0,891,0,766,-0,-1.07,20.4,1.00,-0.000
273.40,FINAL,46.43,41.95,20.39,-1.04,-0.2,0.1,-11.9,0.0,-1409,0.24,0.138,0.060,0.00,,0,889,0,764,-0,-1.07,20.4,1.00,-0.000
273.50,FINAL,46.33,41.85,20.39,-1.04,-0.2,0.1,-11.9,0.0,-1407,0.24,0.138,0.060,0.00,,0,887,0,762,-0,-1.07,20.4,1.00,-0.000
273.60,FINAL,46.22,41.76,20.39,-1.04,-0.2,0.1,-11.9,0.0,-1405,0.24,0.138,0.060,0.00,,0,885,0,760,-0,-1.07,20.4,1.00,-0.000
273.70,FINAL,46.12,41.66,20.39,-1.04,-0.2,0.1,-11.9,0.0,-1403,0.24,0.138,0.060,0.00,,0,883,0,758,-0,-1.07,20.4,1.00,-0.000
273.80,FINAL,46.02,41.56,20.39,-1.04,-0.2,0.1,-11.9,0.0,-1401,0.24,0.138,0.060,0.00,,0,881,0,756,-0,-1.07,20.4,1.00,-0.000
273.90,FINAL,45.91,41.46,20.39,-1.04,-0.2,0.1,-11.9,0.0,-1399,0.24,0.138,0.060,0.00,,0,879,0,754,-0,-1.07,20.4,1.00,-0.000
274.00,FINAL,45.81,41.36,20.39,-1.04,-0.2,0.1,-11.9,0.0,-1397,0.24,0.138,0.060,0.00,,0,877,0,752,-0,-1.07,20.4,1.00,-0.000
274.10,FINAL,45.70,41.26,20.39,-1.04,-0.2,0.1,-11.9,0.0,-1395,0.24,0.138,0.060,0.00,,0,875,0,750,-0,-1.07,20.4,1.00,-0.000
274.20,FINAL,45.60,41.16,20.39,-1.04,-0.2,0.1,-11.9,0.0,-1393,0.24,0.138,0.060,0.00,,0,873,0,748,-0,-1.07,20.4,1.00,-0.000
274.30,FINAL,45.50,41.07,20.39,-1.04,-0.2,0.1,-11.9,0.0,-1391,0.24,0.138,0.060,0.00,,0,871,0,746,-0,-1.07,20.4,1.00,-0.000
274.40,FINAL,45.39,40.97,20.39,-1.04,-0.2,0.1,-11.9,0.0,-1389,0.24,0.138,0.060,0.00,,0,869,0,744,-0,-1.07,20.4,1.00,-0.000
274.50,FINAL,45.29,40.87,20.39,-1.04,-0.2,0.1,-11.9,0.0,-1387,0.24,0.138,0.060,0.00,,0,867,0,742,-0,-1.07,20.4,1.00,-0.000
274.60,FINAL,45.18,40.77,20.39,-1.04,-0.2,0.1,-11.9,0.0,-1385,0.24,0.138,0.059,0.00,,0,865,0,740,-0,-1.07,20.4,1.00,-0.000
274.70,FINAL,45.08,40.68,20.39,-1.04,-0.2,0.1,-11.9,0.0,-1383,0.24,0.138,0.059,0.00,,0,863,0,738,-0,-1.07,20.4,1.00,-0.000
274.80,FINAL,44.98,40.58,20.39,-1.04,-0.2,0.1,-11.9,0.0,-1381,0.24,0.138,0.059,0.00,,0,861,0,736,-0,-1.07,20.4,1.00,-0.000
274.90,FINAL,44.87,40.49,20.39,-1.04,-0.2,0.1,-11.9,0.0,-1379,0.24,0.138,0.059,0.00,,0,859,0,734,-0,-1.07,20.4,1.00,-0.000
275.00,FINAL,44.77,40.39,20.39,-1.04,-0.2,0.1,-11.8,0.0,-1377,0.24,0.138,0.059,0.00,,0,857,0,732,-0,-1.07,20.4,1.00,-0.000
275.10,FINAL,44.67,40.30,20.39,-1.04,-0.2,0.1,-11.8,0.0,-1375,0.24,0.138,0.059,0.00,,0,855,0,730,-0,-1.07,20.4,1.00,-0.000
275.20,FINAL,44.56,40.20,20.39,-1.04,-0.2,0.1,-11.8,0.0,-1373,0.24,0.138,0.059,0.00,,0,853,0,728,-0,-1.07,20.4,1.00,-0.000
275.30,FINAL,44.46,40.11,20.39,-1.04,-0.2,0.1,-11.8,0.0,-1371,0.24,0.138,0.059,0.00,,0,851,0,726,-0,-1.07,20.4,1.00,-0.001
275.40,FINAL,44.35,40.02,20.39,-1.04,-0.2,0.1,-11.8,0.0,-1370,0.24,0.138,0.059,0.00,,0,850,0,725,-0,-1.07,20.4,1.00,-0.001
275.50,FINAL,44.25,39.93,20.39,-1.04,-0.2,0.1,-11.8,0.0,-1368,0.24,0.138,0.059,0.00,,0,848,0,723,-0,-1.07,20.4,1.00,-0.001
275.60,FINAL,44.15,39.84,20.39,-1.04,-0.2,0.1,-11.8,0.0,-1366,0.24,0.138,0.059,0.00,,0,846,0,721,-0,-1.07,20.4,1.00,-0.001
275.70,FINAL,44.04,39.75,20.39,-1.04,-0.2,0.1,-11.8,0.0,-1364,0.24,0.138,0.059,0.00,,0,844,0,719,-0,-1.07,20.4,1.00,-0.001
275.80,FINAL,43.94,39.67,20.40,-1.04,-0.2,0.1,-11.8,0.0,-1362,0.24,0.138,0.059,0.00,,0,842,0,717,-0,-1.07,20.4,1.00,-0.001
275.90,FINAL,43.83,39.58,20.40,-1.04,-0.2,0.1,-11.8,0.0,-1360,0.24,0.138,0.059,0.00,,0,840,0,715,-0,-1.07,20.4,1.00,-0.001
276.00,FINAL,43.73,39.50,20.40,-1.04,-0.2,0.1,-11.8,0.0,-1358,0.24,0.138,0.059,0.00,,0,838,0,713,-0,-1.07,20.4,1.00,-0.001
276.10,FINAL,43.63,39.41,20.40,-1.04,-0.2,0.1,-11.8,0.0,-1356,0.24,0.138,0.059,0.00,,0,836,0,711,-0,-1.07,20.4,1.00,-0.001
276.20,FINAL,43.52,39.33,20.40,-1.04,-0.2,0.1,-11.8,0.0,-1354,0.24,0.138,0.059,0.00,,0,834,0,709,-0,-1.07,20.4,1.00,-0.001
276.30,FINAL,43.42,39.25,20.40,-1.04,-0.2,0.1,-11.8,0.0,-1352,0.24,0.138,0.059,0.00,,0,832,0,707,-0,-1.07,20.4,1.00,-0.001
276.40,FINAL,43.31,39.17,20.40,-1.04,-0.2,0.1,-11.8,0.0,-1350,0.24,0.138,0.059,0.00,,0,830,0,705,-0,-1.07,20.4,1.00,-0.001
276.50,FINAL,43.21,39.09,20.40,-1.04,-0.2,0.1,-11.8,0.0,-1348,0.24,0.138,0.059,0.00,,0,828,0,703,-0,-1.07,20.4,1.00,-0.001
276.60,FINAL,43.11,39.02,20.40,-1.04,-0.2,0.1,-11.8,0.0,-1346,0.24,0.138,0.059,0.00,,0,826,0,701,-0,-1.07,20.4,1.00,-0.001
276.70,FINAL,43.00,38.94,20.40,-1.04,-0.2,0.1,-11.8,0.0,-1344,0.24,0.138,0.059,0.00,,0,824,0,699,-0,-1.07,20.4,1.00,-0.001
276.80,FINAL,42.90,38.87,20.40,-1.04,-0.2,0.1,-11.8,0.0,-1342,0.24,0.138,0.059,0.00,,0,822,0,697,-0,-1.07,20.4,1.00,-0.001
276.90,FINAL,42.79,38.79,20.40,-1.04,-0.2,0.1,-11.8,0.0,-1340,0.24,0.138,0.059,0.00,,0,820,0,695,-0,-1.07,20.4,1.00,-0.001
277.00,FINAL,42.69,38.72,20.40,-1.04,-0.2,0.1,-11.8,0.0,-1338,0.24,0.138,0.059,0.00,,0,818,0,693,-0,-1.07,20.4,1.00,-0.001
277.10,FINAL,42.59,38.64,20.40,-1.04,-0.2,0.1,-11.8,0.0,-1336,0.24,0.138,0.059,0.00,,0,816,0,691,-0,-1.07,20.4,1.00,-0.001
277.20,FINAL,42.48,38.57,20.40,-1.04,-0.2,0.1,-11.8,0.0,-1334,0.24,0.138,0.059,0.00,,0,814,0,689,-0,-1.07,20.4,1.00,-0.001
277.30,FINAL,42.38,38.50,20.40,-1.04,-0.2,0.1,-11.8,0.0,-1332,0.24,0.138,0.059,0.00,,0,812,0,687,-0,-1.07,20.4,1.00,-0.001
277.40,FINAL,42.27,38.42,20.40,-1.04,-0.2,0.1,-11.8,0.0,-1330,0.24,0.138,0.059,0.00,,0,810,0,685,-0,-1.07,20.4,1.00,-0.001
277.50,FINAL,42.17,38.35,20.40,-1.04,-0.2,0.1,-11.8,0.0,-1328,0.24,0.138,0.059,0.00,,0,808,0,683,-0,-1.07,20.4,1.00,-0.001
277.60,FINAL,42.07,38.28,20.40,-1.04,-0.2,0.1,-11.8,0.0,-1326,0.24,0.138,0.059,0.00,,0,806,0,681,-0,-1.06,20.4,1.00,-0.001
277.70,FINAL,41.96,38.21,20.40,-1.04,-0.2,0.1,-11.7,0.0,-1324,0.24,0.138,0.059,0.00,,0,804,0,679,-0,-1.06,20.4,1.00,-0.001
277.80,FINAL,41.86,38.13,20.40,-1.04,-0.2,0.1,-11.7,0.0,-1322,0.24,0.138,0.059,0.00,,0,802,0,677,-0,-1.06,20.4,1.00,-0.001
277.90,FINAL,41.76,38.06,20.40,-1.04,-0.2,0.1,-11.7,0.0,-1320,0.24,0.138,0.059,0.00,,0,800,0,675,-0,-1.06,20.4,1.00,-0.001
278.00,FINAL,41.65,37.99,20.40,-1.04,-0.2,0.1,-11.7,0.0,-1318,0.24,0.138,0.059,0.00,,0,798,0,673,-0,-1.06,20.4,1.00,-0.001
278.10,FINAL,41.55,37.92,20.40,-1.04,-0.2,0.1,-11.7,0.0,-1316,0.24,0.138,0.059,0.00,,0,796,0,671,-0,-1.06,20.4,1.00,-0.001
278.20,FINAL,41.44,37.85,20.40,-1.04,-0.2,0.1,-11.7,0.0,-1314,0.24,0.138,0.059,0.00,,0,794,0,669,-0,-1.06,20.4,1.00,-0.001
278.30,FINAL,41.34,37.78,20.40,-1.04,-0.2,0.1,-11.7,0.0,-1312,0.24,0.138,0.059,0.00,,0,792,0,667,-0,-1.06,20.4,1.00,-0.001
278.40,FINAL,41.24,37.70,20.40,-1.04,-0.2,0.1,-11.7,0.0,-1310,0.24,0.138,0.059,0.00,,0,790,0,665,-0,-1.06,20.4,1.00,-0.001
278.50,FINAL,41.13,37.63,20.40,-1.04,-0.2,0.1,-11.7,0.0,-1308,0.24,0.138,0.059,0.00,,0,788,0,663,-0,-1.06,20.4,1.00,-0.001
278.60,FINAL,41.03,37.56,20.40,-1.04,-0.2,0.1,-11.7,0.0,-1306,0.24,0.138,0.059,0.00,,0,786,0,661,-0,-1.06,20.4,1.00,-0.001
278.70,FINAL,40.92,37.49,20.40,-1.04,-0.2,0.1,-11.7,0.0,-1304,0.24,0.138,0.059,0.00,,0,784,0,659,-0,-1.06,20.4,1.00,-0.001
278.80,FINAL,40.82,37.42,20.40,-1.04,-0.2,0.1,-11.7,0.0,-1302,0.24,0.138,0.059,0.00,,0,782,0,657,-0,-1.06,20.4,1.00,-0.001
278.90,FINAL,40.72,37.35,20.40,-1.04,-0.2,0.1,-11.7,0.0,-1300,0.24,0.138,0.059,0.00,,0,780,0,655,-0,-1.06,20.4,1.00,-0.001
279.00,FINAL,40.61,37.28,20.40,-1.04,-0.2,0.1,-11.7,0.0,-1298,0.24,0.138,0.059,0.00,,0,778,0,653,-0,-1.06,20.4,1.00,-0.001
279.10,FINAL,40.51,37.22,20.40,-1.04,-0.2,0.1,-11.7,0.0,-1296,0.24,0.138,0.059,0.00,,0,776,0,651,-0,-1.06,20.4,1.00,-0.001
279.20,FINAL,40.40,37.15,20.40,-1.04,-0.2,0.1,-11.7,0.0,-1294,0.24,0.138,0.059,0.00,,0,774,0,649,-0,-1.06,20.4,1.00,-0.001
279.30,FINAL,40.30,37.08,20.40,-1.04,-0.2,0.1,-11.7,0.0,-1292,0.24,0.138,0.059,0.00,,0,772,0,647,-0,-1.06,20.4,1.00,-0.001
279.40,FINAL,40.20,37.01,20.40,-1.04,-0.2,0.1,-11.7,0.0,-1290,0.24,0.138,0.059,0.00,,0,770,0,645,-0,-1.06,20.4,1.00,-0.001
279.50,FINAL,40.09,36.94,20.40,-1.04,-0.2,0.1,-11.7,0.0,-1288,0.24,0.138,0.059,0.00,,0,768,0,643,-0,-1.06,20.4,1.00,-0.001
279.60,FINAL,39.99,36.88,20.40,-1.04,-0.2,0.1,-11.7,0.0,-1286,0.24,0.138,0.059,0.00,,0,766,0,641,-0,-1.06,20.4,1.00,-0.001
279.70,FINAL,39.89,36.81,20.40,-1.04,-0.2,0.1,-11.7,0.0,-1284,0.24,0.138,0.059,0.00,,0,764,0,639,-0,-1.06,20.4,1.00,-0.001
279.80,FINAL,39.78,36.75,20.40,-1.04,-0.2,0.1,-11.7,0.0,-1282,0.24,0.138,0.059,0.00,,0,762,0,637,-0,-1.06,20.4,1.00,-0.001
279.90,FINAL,39.68,36.68,20.40,-1.04,-0.2,0.1,-11.7,0.0,-1280,0.24,0.138,0.059,0.00,,0,760,0,635,-0,-1.06,20.4,1.00,-0.001
280.00,FINAL,39.57,36.62,20.40,-1.04,-0.2,0.1,-11.7,0.0,-1278,0.24,0.138,0.059,0.00,,0,758,0,633,-0,-1.06,20.4,1.00,-0.001
280.10,FINAL,39.47,36.55,20.40,-1.04,-0.2,0.1,-11.7,0.0,-1276,0.24,0.138,0.059,0.00,,0,756,0,631,-0,-1.06,20.4,1.00,-0.001
280.20,FINAL,39.37,36.49,20.40,-1.04,-0.2,0.1,-11.7,0.0,-1274,0.24,0.138,0.059,0.00,,0,754,0,629,-0,-1.06,20.4,1.00,-0.001
280.30,FINAL,39.26,36.43,20.40,-1.04,-0.2,0.1,-11.7,0.0,-1272,0.24,0.138,0.059,0.00,,0,752,0,627,-0,-1.06,20.4,1.00,-0.001
280.40,FINAL,39.16,36.37,20.40,-1.04,-0.2,0.1,-11.7,0.0,-1270,0.24,0.138,0.059,0.00,,0,750,0,625,-0,-1.06,20.4,1.00,-0.001
280.50,FINAL,39.05,36.30,20.40,-1.04,-0.2,0.1,-11.7,0.0,-1268,0.24,0.138,0.059,0.00,,0,748,0,623,-0,-1.06,20.4,1.00,-0.001
280.60,FINAL,38.95,36.24,20.40,-1.04,-0.2,0.1,-11.7,0.0,-1266,0.24,0.138,0.059,0.00,,0,746,0,621,-0,-1.06,20.4,1.00,-0.001
280.70,FINAL,38.85,36.18,20.40,-1.04,-0.2,0.1,-11.7,0.0,-1264,0.24,0.138,0.058,0.00,,0,744,0,619,-0,-1.06,20.4,1.00,-0.001
280.80,FINAL,38.74,36.12,20.40,-1.04,-0.2,0.1,-11.7,0.0,-1262,0.24,0.138,0.058,0.00,,0,742,0,617,-0,-1.06,20.4,1.00,-0.001
280.90,FINAL,38.64,36.06,20.40,-1.04,-0.2,0.1,-11.7,0.0,-1260,0.24,0.138,0.058,0.00,,0,740,0,615,-0,-1.06,20.4,1.00,-0.002
281.00,FINAL,38.54,36.00,20.40,-1.04,-0.2,0.1,-11.7,0.0,-1258,0.24,0.138,0.058,0.00,,0,738,0,613,-0,-1.06,20.4,1.00,-0.002
281.10,FINAL,38.43,35.94,20.41,-1.04,-0.2,0.1,-11.6,0.0,-1256,0.24,0.138,0.058,0.00,,0,736,0,611,-0,-1.06,20.4,1.00,-0.002
281.20,FINAL,38.33,35.88,20.41,-1.04,-0.2,0.1,-11.6,0.0,-1254,0.24,0.138,0.058,0.00,,0,734,0,609,-0,-1.06,20.4,1.00,-0.002
281.30,FINAL,38.22,35.82,20.41,-1.04,-0.2,0.1,-11.6,0.0,-1252,0.24,0.138,0.058,0.00,,0,732,0,607,-0,-1.06,20.4,1.00,-0.002
281.40,FINAL,38.12,35.77,20.41,-1.04,-0.2,0.1,-11.6,0.0,-1250,0.24,0.137,0.058,0.00,,0,730,0,605,-0,-1.06,20.4,1.00,-0.002
281.50,FINAL,38.02,35.71,20.41,-1.04,-0.2,0.1,-11.6,0.0,-1249,0.24,0.137,0.058,0.00,,0,729,0,604,-0,-1.06,20.4,1.00,-0.002
281.60,FINAL,37.91,35.65,20.41,-1.04,-0.2,0.1,-11.6,0.0,-1247,0.24,0.137,0.058,0.00,,0,727,0,602,-0,-1.06,20.4,1.00,-0.002
281.70,FINAL,37.81,35.59,20.41,-1.04,-0.2,0.1,-11.6,0.0,-1245,0.24,0.137,0.058,0.00,,0,725,0,600,-0,-1.06,20.4,1.00,-0.002
281.80,FINAL,37.70,35.53,20.41,-1.04,-0.2,0.1,-11.6,0.0,-1243,0.24,0.137,0.058,0.00,,0,723,0,598,-0,-1.06,20.4,1.00,-0.002
281.90,FINAL,37.60,35.47,20.41,-1.04,-0.2,0.1,-11.6,0.0,-1241,0.24,0.137,0.058,0.00,,0,721,0,596,-0,-1.06,20.4,1.00,-0.002
282.00,FINAL,37.50,35.41,20.41,-1.04,-0.2,0.1,-11.6,0.0,-1239,0.24,0.137,0.058,0.00,,0,719,0,594,-0,-1.06,20.4,1.00,-0.002
282.10,FINAL,37.39,35.35,20.41,-1.04,-0.2,0.1,-11.6,0.0,-1237,0.24,0.137,0.058,0.00,,0,717,0,592,-0,-1.06,20.4,1.00,-0.002
282.20,FINAL,37.29,35.29,20.41,-1.04,-0.2,0.1,-11.6,0.0,-1235,0.24,0.137,0.058,0.00,,0,715,0,590,-0,-1.06,20.4,1.00,-0.002
282.30,FINAL,37.18,35.23,20.41,-1.04,-0.2,0.1,-11.6,0.0,-1233,0.24,0.137,0.058,0.00,,0,713,0,588,-0,-1.06,20.4,1.00,-0.002
282.40,FINAL,37.08,35.16,20.41,-1.04,-0.2,0.1,-11.6,0.0,-1231,0.24,0.137,0.058,0.00,,0,711,0,586,-0,-1.06,20.4,1.00,-0.002
282.50,FINAL,36.98,35.10,20.41,-1.04,-0.2,0.1,-11.6,0.0,-1229,0.24,0.137,0.058,0.00,,0,709,0,584,-0,-1.06,20.4,1.00,-0.002
282.60,FINAL,36.87,35.04,20.41,-1.04,-0.2,0.1,-11.6,0.0,-1227,0.24,0.137,0.058,0.00,,0,707,0,582,-0,-1.06,20.4,1.00,-0.002
282.70,FINAL,36.77,34.98,20.41,-1.04,-0.2,0.1,-11.6,0.0,-1225,0.24,0.137,0.058,0.00,,0,705,0,580,-0,-1.06,20.4,1.00,-0.002
282.80,FINAL,36.67,34.92,20.41,-1.04,-0.2,0.1,-11.6,0.0,-1223,0.24,0.137,0.058,0.00,,0,703,0,578,-0,-1.06,20.4,1.00,-0.002
282.90,FINAL,36.56,34.85,20.41,-1.04,-0.2,0.1,-11.6,0.0,-1221,0.24,0.137,0.058,0.00,,0,701,0,576,-0,-1.06,20.4,1.00,-0.002
283.00,FINAL,36.46,34.79,20.41,-1.04,-0.2,0.1,-11.6,0.0,-1219,0.24,0.137,0.058,0.00,,0,699,0,574,-0,-1.06,20.4,1.00,-0.002
283.10,FINAL,36.35,34.72,20.41,-1.04,-0.2,0.1,-11.6,0.0,-1217,0.24,0.137,0.058,0.00,,0,697,0,572,-0,-1.06,20.4,1.00,-0.002
283.20,FINAL,36.25,34.66,20.41,-1.04,-0.2,0.1,-11.6,0.0,-1215,0.24,0.137,0.058,0.00,,0,695,0,570,-0,-1.06,20.4,1.00,-0.002
283.30,FINAL,36.15,34.59,20.41,-1.04,-0.2,0.1,-11.6,0.0,-1213,0.24,0.137,0.058,0.00,,0,693,0,568,-0,-1.06,20.4,1.00,-0.002
283.40,FINAL,36.04,34.53,20.41,-1.04,-0.2,0.1,-11.6,0.0,-1211,0.24,0.137,0.058,0.00,,0,691,0,566,-0,-1.06,20.4,1.00,-0.002
283.50,FINAL,35.94,34.46,20.41,-1.04,-0.2,0.1,-11.6,0.0,-1209,0.24,0.137,0.058,0.00,,0,689,0,564,-0,-1.06,20.4,1.00,-0.002
283.60,FINAL,35.83,34.39,20.41,-1.04,-0.2,0.1,-11.6,0.0,-1207,0.24,0.137,0.058,0.00,,0,687,0,562,-0,-1.06,20.4,1.00,-0.002
283.70,FINAL,35.73,34.32,20.41,-1.04,-0.2,0.1,-11.6,0.0,-1205,0.24,0.137,0.058,0.00,,0,685,0,560,-0,-1.06,20.4,1.00,-0.002
283.80,FINAL,35.63,34.25,20.41,-1.04,-0.2,0.1,-11.6,0.0,-1203,0.24,0.137,0.058,0.00,,0,683,0,558,-0,-1.06,20.4,1.00,-0.002
283.90,FINAL,35.52,34.18,20.41,-1.04,-0.2,0.1,-11.6,0.0,-1201,0.24,0.137,0.058,0.00,,0,681,0,556,-0,-1.06,20.4,1.00,-0.002
284.00,FINAL,35.42,34.11,20.41,-1.04,-0.2,0.1,-11.6,0.0,-1199,0.24,0.137,0.058,0.00,,0,679,0,554,-0,-1.06,20.4,1.00,-0.002
284.10,FINAL,35.32,34.04,20.41,-1.04,-0.2,0.1,-11.6,0.0,-1197,0.24,0.137,0.058,0.00,,0,677,0,552,-0,-1.06,20.4,1.00,-0.002
284.20,FINAL,35.21,33.97,20.41,-1.04,-0.2,0.1,-11.6,0.0,-1195,0.24,0.137,0.058,0.00,,0,675,0,550,-0,-1.06,20.4,1.00,-0.002
284.30,FINAL,35.11,33.89,20.41,-1.04,-0.2,0.1,-11.6,0.0,-1193,0.24,0.137,0.058,0.00,,0,673,0,548,-0,-1.06,20.4,1.00,-0.002
284.40,FINAL,35.00,33.82,20.41,-1.04,-0.2,0.1,-11.6,0.0,-1191,0.24,0.137,0.058,0.00,,0,671,0,546,-0,-1.06,20.4,1.00,-0.002
284.50,FINAL,34.90,33.75,20.41,-1.04,-0.2,0.1,-11.6,0.0,-1189,0.24,0.137,0.058,0.00,,0,669,0,544,-0,-1.06,20.4,1.00,-0.002
284.60,FINAL,34.80,33.67,20.41,-1.04,-0.2,0.1,-11.6,0.0,-1187,0.24,0.137,0.058,0.00,,0,667,0,542,-0,-1.06,20.4,1.00,-0.002
284.70,FINAL,34.69,33.60,20.41,-1.04,-0.2,0.1,-11.5,0.0,-1185,0.24,0.137,0.058,0.00,,0,665,0,540,-0,-1.06,20.4,1.00,-0.002
284.80,FINAL,34.59,33.52,20.41,-1.04,-0.2,0.1,-11.5,0.0,-1183,0.24,0.137,0.058,0.00,,0,663,0,538,-0,-1.06,20.4,1.00,-0.002
284.90,FINAL,34.48,33.44,20.41,-1.04,-0.2,0.1,-11.5,0.0,-1181,0.24,0.137,0.058,0.00,,0,661,0,536,-0,-1.06,20.4,1.00,-0.002
285.00,FINAL,34.38,33.36,20.41,-1.04,-0.2,0.1,-11.5,0.0,-1179,0.24,0.137,0.058,0.00,,0,659,0,534,-0,-1.06,20.4,1.00,-0.002
285.10,FINAL,34.28,33.29,20.41,-1.04,-0.2,0.1,-11.5,0.0,-1177,0.24,0.137,0.058,0.00,,0,657,0,532,-0,-1.06,20.4,1.00,-0.002
285.20,FINAL,34.17,33.21,20.41,-1.04,-0.2,0.1,-11.5,0.0,-1175,0.24,0.137,0.058,0.00,,0,655,0,530,-0,-1.06,20.4,1.00,-0.002
285.30,FINAL,34.07,33.13,20.41,-1.04,-0.2,0.1,-11.5,0.0,-1173,0.24,0.137,0.058,0.00,,0,653,0,528,-0,-1.06,20.4,1.00,-0.002
285.40,FINAL,33.97,33.05,20.41,-1.04,-0.2,0.1,-11.5,0.0,-1171,0.24,0.137,0.058,0.00,,0,651,0,526,-0,-1.06,20.4,1.00,-0.002
285.50,FINAL,33.86,32.97,20.41,-1.04,-0.2,0.1,-11.5,0.0,-1169,0.24,0.137,0.058,0.00,,0,649,0,524,-0,-1.06,20.4,1.00,-0.002
285.60,FINAL,33.76,32.89,20.41,-1.04,-0.2,0.1,-11.5,0.0,-1167,0.24,0.137,0.058,0.00,,0,647,0,522,-0,-1.06,20.4,1.00,-0.002
285.70,FINAL,33.65,32.81,20.41,-1.04,-0.2,0.1,-11.5,0.0,-1165,0.24,0.137,0.058,0.00,,0,645,0,520,-0,-1.06,20.4,1.00,-0.002
285.80,FINAL,33.55,32.73,20.41,-1.04,-0.2,0.1,-11.5,0.0,-1163,0.24,0.137,0.058,0.00,,0,643,0,518,-0,-1.06,20.4,1.00,-0.002
285.90,FINAL,33.45,32.65,20.41,-1.04,-0.2,0.1,-11.5,0.0,-1161,0.24,0.137,0.058,0.00,,0,641,0,516,-0,-1.06,20.4,1.00,-0.002
286.00,FINAL,33.34,32.56,20.41,-1.04,-0.2,0.1,-11.5,0.0,-1159,0.24,0.137,0.058,0.00,,0,639,0,514,-0,-1.06,20.4,1.00,-0.002
286.10,FINAL,33.24,32.48,20.41,-1.04,-0.2,0.1,-11.5,0.0,-1157,0.24,0.137,0.058,0.00,,0,637,0,512,-0,-1.06,20.4,1.00,-0.002
286.20,FINAL,33.14,32.40,20.41,-1.04,-0.2,0.1,-11.5,0.0,-1155,0.24,0.137,0.058,0.00,,0,635,0,510,-0,-1.06,20.4,1.00,-0.002
286.30,FINAL,33.03,32.32,20.41,-1.04,-0.2,0.1,-11.5,0.0,-1153,0.24,0.137,0.058,0.00,,0,633,0,508,-0,-1.06,20.4,1.00,-0.002
286.40,FINAL,32.93,32.24,20.41,-1.04,-0.2,0.1,-11.5,0.0,-1151,0.24,0.137,0.058,0.00,,0,631,0,506,-0,-1.06,20.4,1.00,-0.002
286.50,FINAL,32.82,32.16,20.41,-1.04,-0.2,0.1,-11.5,0.0,-1149,0.24,0.137,0.058,0.00,,0,629,0,504,-0,-1.05,20.4,1.00,-0.002
286.60,FINAL,32.72,32.07,20.41,-1.04,-0.2,0.1,-11.5,0.0,-1147,0.24,0.137,0.058,0.00,,0,627,0,502,-0,-1.05,20.4,1.00,-0.002
286.70,FINAL,32.62,31.99,20.41,-1.04,-0.2,0.1,-11.5,0.0,-1145,0.24,0.137,0.058,0.00,,0,625,0,500,-0,-1.05,20.4,1.00,-0.002
286.80,FINAL,32.51,31.91,20.41,-1.04,-0.2,0.1,-11.5,0.0,-1143,0.24,0.137,0.058,0.00,,0,623,0,498,-0,-1.05,20.4,1.00,-0.002
286.90,FINAL,32.41,31.83,20.41,-1.04,-0.2,0.1,-11.5,0.0,-1141,0.24,0.137,0.058,0.00,,0,621,0,496,-0,-1.05,20.4,1.00,-0.002
287.00,FINAL,32.30,31.75,20.41,-1.04,-0.2,0.1,-11.5,0.0,-1139,0.24,0.137,0.058,0.00,,0,619,0,494,-0,-1.05,20.4,1.00,-0.002
287.10,FINAL,32.20,31.67,20.41,-1.04,-0.2,0.1,-11.5,0.0,-1137,0.24,0.137,0.057,0.00,,0,617,0,492,-0,-1.05,20.4,1.00,-0.002
287.20,FINAL,32.10,31.59,20.41,-1.04,-0.2,0.1,-11.4,0.0,-1135,0.24,0.137,0.057,0.00,,0,615,0,490,-0,-1.05,20.4,1.00,-0.002
287.30,FINAL,31.99,31.50,20.41,-1.04,-0.2,0.1,-11.4,0.0,-1133,0.24,0.137,0.057,0.00,,0,613,0,488,-0,-1.05,20.4,1.00,-0.002
287.40,FINAL,31.89,31.42,20.41,-1.04,-0.2,0.1,-11.4,0.0,-1131,0.24,0.137,0.057,0.00,,0,611,0,486,-0,-1.05,20.4,1.00,-0.002
287.50,FINAL,31.78,31.34,20.41,-1.04,-0.2,0.1,-11.4,0.0,-1129,0.24,0.137,0.057,0.00,,0,609,0,484,-0,-1.05,20.4,1.00,-0.002
287.60,FINAL,31.68,31.26,20.41,-1.04,-0.2,0.1,-11.4,0.0,-1127,0.24,0.137,0.057,0.00,,0,607,0,482,-0,-1.05,20.4,1.00,-0.002
287.70,FINAL,31.58,31.18,20.41,-1.04,-0.2,0.1,-11.4,0.0,-1125,0.24,0.137,0.057,0.00,,0,605,0,480,-0,-1.05,20.4,1.00,-0.002
287.80,FINAL,31.47,31.10,20.41,-1.04,-0.2,0.1,-11.4,0.0,-1123,0.24,0.137,0.057,0.00,,0,603,0,478,-0,-1.05,20.4,1.00,-0.002
287.90,FINAL,31.37,31.02,20.41,-1.04,-0.2,0.1,-11.4,0.0,-1121,0.24,0.137,0.057,0.00,,0,601,0,476,-0,-1.05,20.4,1.00,-0.002
288.00,FINAL,31.27,30.94,20.41,-1.04,-0.2,0.1,-11.4,0.0,-1119,0.24,0.137,0.057,0.00,,0,599,0,474,-0,-1.05,20.4,1.00,-0.002
288.10,FINAL,31.16,30.86,20.41,-1.04,-0.2,0.1,-11.4,0.0,-1117,0.24,0.137,0.057,0.00,,0,597,0,472,-0,-1.05,20.4,1.00,-0.002
288.20,FINAL,31.06,30.78,20.41,-1.04,-0.2,0.1,-11.4,0.0,-1115,0.24,0.137,0.057,0.00,,0,595,0,470,-0,-1.05,20.4,1.00,-0.002
288.30,FINAL,30.95,30.69,20.41,-1.04,-0.2,0.1,-11.4,0.0,-1113,0.24,0.137,0.057,0.00,,0,593,0,468,-0,-1.05,20.4,1.00,-0.002
288.40,FINAL,30.85,30.61,20.41,-1.04,-0.2,0.1,-11.4,0.0,-1111,0.24,0.137,0.057,0.00,,0,591,0,466,-0,-1.05,20.4,1.00,-0.002
288.50,FINAL,30.75,30.53,20.41,-1.04,-0.2,0.1,-11.4,0.0,-1109,0.24,0.137,0.057,0.00,,0,589,0,464,-0,-1.05,20.4,1.00,-0.002
288.60,FINAL,30.64,30.44,20.41,-1.04,-0.2,0.1,-11.4,0.0,-1108,0.24,0.137,0.057,0.00,,0,588,0,463,-0,-1.05,20.4,1.00,-0.002
288.70,FINAL,30.54,30.36,20.41,-1.04,-0.2,0.1,-11.4,0.0,-1106,0.24,0.137,0.057,0.00,,0,586,0,461,-0,-1.05,20.4,1.00,-0.002
288.80,FINAL,30.43,30.28,20.41,-1.04,-0.2,0.1,-11.4,0.0,-1104,0.24,0.137,0.057,0.00,,0,584,0,459,-0,-1.05,20.4,1.00,-0.002
288.90,FINAL,30.33,30.19,20.41,-1.04,-0.2,0.1,-11.4,0.0,-1102,0.24,0.137,0.057,0.00,,0,582,0,457,-0,-1.05,20.4,1.00,-0.003
289.00,FINAL,30.23,30.10,20.41,-1.04,-0.2,0.1,-11.4,0.0,-1100,0.24,0.137,0.057,0.00,,0,580,0,455,-0,-1.05,20.4,1.00,-0.003
289.10,FINAL,30.12,30.02,20.41,-1.04,-0.2,0.1,-11.4,0.0,-1098,0.24,0.137,0.057,0.00,,0,578,0,453,-0,-1.05,20.4,1.00,-0.003
289.20,FINAL,30.02,29.93,20.41,-1.04,-0.2,0.1,-11.4,0.0,-1096,0.24,0.137,0.057,0.00,,0,576,0,451,-0,-1.05,20.4,1.00,-0.003
289.30,FINAL,29.92,29.84,20.41,-1.04,-0.2,0.1,-11.4,0.0,-1094,0.24,0.137,0.057,0.00,,0,574,0,449,-0,-1.05,20.4,1.00,-0.003
289.40,FINAL,29.81,29.75,20.41,-1.04,-0.2,0.1,-11.4,0.0,-1092,0.24,0.137,0.057,0.00,,0,572,0,447,-0,-1.05,20.4,1.00,-0.003
289.50,FINAL,29.71,29.66,20.41,-1.04,-0.2,0.1,-11.3,0.0,-1090,0.24,0.137,0.057,0.00,,0,570,0,445,-0,-1.05,20.4,1.00,-0.003
289.60,FINAL,29.60,29.57,20.41,-1.04,-0.2,0.1,-11.3,0.0,-1088,0.24,0.137,0.057,0.00,,0,568,0,443,-0,-1.05,20.4,1.00,-0.003
289.70,FINAL,29.50,29.48,20.41,-1.04,-0.2,0.1,-11.3,0.0,-1086,0.24,0.137,0.057,0.00,,0,566,0,441,-0,-1.05,20.4,1.00,-0.003
289.80,FINAL,29.40,29.39,20.41,-1.04,-0.2,0.1,-11.3,0.0,-1084,0.24,0.137,0.057,0.00,,0,564,0,439,-0,-1.05,20.4,1.00,-0.003
289.90,FINAL,29.29,29.30,20.41,-1.04,-0.2,0.1,-11.3,0.0,-1082,0.24,0.137,0.057,0.00,,0,562,0,437,-0,-1.05,20.4,1.00,-0.003
290.00,FINAL,29.19,29.20,20.41,-1.04,-0.2,0.1,-11.3,0.0,-1080,0.24,0.137,0.057,0.00,,0,560,0,435,-0,-1.05,20.4,1.00,-0.003
290.10,FINAL,29.08,29.11,20.41,-1.04,-0.2,0.1,-11.3,0.0,-1078,0.24,0.137,0.057,0.00,,0,558,0,433,-0,-1.05,20.4,1.00,-0.003
290.20,FINAL,28.98,29.01,20.41,-1.04,-0.2,0.1,-11.3,0.0,-1076,0.24,0.137,0.057,0.00,,0,556,0,431,-0,-1.05,20.4,1.00,-0.003
290.30,FINAL,28.88,28.92,20.41,-1.04,-0.2,0.1,-11.3,0.0,-1074,0.24,0.137,0.057,0.00,,0,554,0,429,-0,-1.05,20.4,1.00,-0.003
290.40,FINAL,28.77,28.82,20.41,-1.04,-0.2,0.1,-11.3,0.0,-1072,0.24,0.137,0.057,0.00,,0,552,0,427,-0,-1.05,20.4,1.00,-0.003
290.50,FINAL,28.67,28.72,20.41,-1.04,-0.2,0.1,-11.3,0.0,-1070,0.24,0.137,0.057,0.00,,0,550,0,425,-0,-1.05,20.4,1.00,-0.003
290.60,FINAL,28.57,28.62,20.41,-1.04,-0.2,0.1,-11.3,0.0,-1068,0.24,0.137,0.057,0.00,,0,548,0,423,-0,-1.05,20.4,1.00,-0.003
290.70,FINAL,28.46,28.52,20.41,-1.04,-0.2,0.1,-11.3,0.0,-1066,0.24,0.137,0.057,0.00,,0,546,0,421,-0,-1.05,20.4,1.00,-0.003
290.80,FINAL,28.36,28.42,20.41,-1.04,-0.2,0.1,-11.3,0.0,-1064,0.24,0.137,0.057,0.00,,0,544,0,419,-0,-1.05,20.4,1.00,-0.003
290.90,FINAL,28.25,28.32,20.41,-1.04,-0.2,0.1,-11.3,0.0,-1062,0.24,0.137,0.057,0.00,,0,542,0,417,-0,-1.05,20.4,1.00,-0.003
291.00,FINAL,28.15,28.22,20.41,-1.04,-0.2,0.1,-11.3,0.0,-1060,0.24,0.137,0.057,0.00,,0,540,0,415,-0,-1.05,20.4,1.00,-0.003
291.10,FINAL,28.05,28.11,20.41,-1.04,-0.2,0.1,-11.3,0.0,-1058,0.24,0.137,0.057,0.00,,0,538,0,413,-0,-1.05,20.4,1.00,-0.003
291.20,FINAL,27.94,28.01,20.42,-1.04,-0.2,0.1,-11.3,0.0,-1056,0.24,0.137,0.057,0.00,,0,536,0,411,-0,-1.05,20.4,1.00,-0.003
291.30,FINAL,27.84,27.91,20.42,-1.04,-0.2,0.1,-11.3,0.0,-1054,0.24,0.137,0.057,0.00,,0,534,0,409,-0,-1.05,20.4,1.00,-0.003
291.40,FINAL,27.73,27.80,20.42,-1.04,-0.2,0.1,-11.3,0.0,-1052,0.24,0.137,0.057,0.00,,0,532,0,407,-0,-1.05,20.4,1.00,-0.003
291.50,FINAL,27.63,27.70,20.42,-1.04,-0.2,0.1,-11.2,0.0,-1050,0.24,0.137,0.057,0.00,,0,530,0,405,-0,-1.05,20.4,1.00,-0.003
291.60,FINAL,27.53,27.59,20.42,-1.04,-0.2,0.1,-11.2,0.0,-1048,0.24,0.137,0.056,0.00,,0,528,0,403,-0,-1.05,20.4,1.00,-0.003
291.70,FINAL,27.42,27.48,20.42,-1.04,-0.2,0.1,-11.2,0.0,-1046,0.24,0.137,0.056,0.00,,0,526,0,401,-0,-1.05,20.4,1.00,-0.003
291.80,FINAL,27.32,27.38,20.42,-1.04,-0.2,0.1,-11.2,0.0,-1044,0.24,0.137,0.056,0.00,,0,524,0,399,-0,-1.05,20.4,1.00,-0.003
291.90,FINAL,27.21,27.27,20.42,-1.04,-0.2,0.1,-11.2,0.0,-1042,0.24,0.137,0.056,0.00,,0,522,0,397,-0,-1.05,20.4,1.00,-0.003
292.00,FINAL,27.11,27.16,20.42,-1.04,-0.2,0.1,-11.2,0.0,-1040,0.24,0.137,0.056,0.00,,0,520,0,395,-0,-1.05,20.4,1.00,-0.003
292.10,FINAL,27.01,27.06,20.42,-1.04,-0.2,0.1,-11.2,0.0,-1038,0.24,0.137,0.056,0.00,,0,518,0,393,-0,-1.05,20.4,1.00,-0.003
292.20,FINAL,26.90,26.95,20.42,-1.04,-0.2,0.1,-11.2,0.0,-1036,0.24,0.137,0.056,0.00,,0,516,0,391,-0,-1.05,20.4,1.00,-0.003
292.30,FINAL,26.80,26.84,20.42,-1.04,-0.2,0.1,-11.2,0.0,-1034,0.24,0.137,0.056,0.00,,0,514,0,389,-0,-1.05,20.4,1.00,-0.003
292.40,FINAL,26.70,26.73,20.42,-1.04,-0.2,0.1,-11.2,0.0,-1032,0.24,0.137,0.056,0.00,,0,512,0,387,-0,-1.05,20.4,1.00,-0.003
292.50,FINAL,26.59,26.63,20.42,-1.04,-0.2,0.1,-11.2,0.0,-1030,0.24,0.137,0.056,0.00,,0,510,0,385,-0,-1.05,20.4,1.00,-0.003
292.60,FINAL,26.49,26.52,20.42,-1.04,-0.2,0.1,-11.2,0.0,-1028,0.24,0.137,0.056,0.00,,0,508,0,383,-0,-1.05,20.4,1.00,-0.003
292.70,FINAL,26.38,26.42,20.42,-1.04,-0.2,0.1,-11.2,0.0,-1026,0.24,0.137,0.056,0.00,,0,506,0,381,-0,-1.05,20.4,1.00,-0.003
292.80,FINAL,26.28,26.31,20.42,-1.04,-0.2,0.1,-11.2,0.0,-1024,0.24,0.137,0.056,0.00,,0,504,0,379,-0,-1.05,20.4,1.00,-0.003
292.90,FINAL,26.18,26.21,20.42,-1.04,-0.2,0.1,-11.2,0.0,-1022,0.24,0.137,0.056,0.00,,0,502,0,377,-0,-1.05,20.4,1.00,-0.003
293.00,FINAL,26.07,26.10,20.42,-1.04,-0.2,0.1,-11.2,0.0,-1020,0.24,0.137,0.056,0.00,,0,500,0,375,-0,-1.05,20.4,1.00,-0.003
293.10,FINAL,25.97,26.00,20.42,-1.04,-0.2,0.1,-11.1,0.0,-1018,0.24,0.137,0.056,0.00,,0,498,0,373,-0,-1.05,20.4,1.00,-0.003
293.20,FINAL,25.86,25.90,20.42,-1.04,-0.2,0.1,-11.1,0.0,-1016,0.24,0.137,0.056,0.00,,0,496,0,371,-0,-1.05,20.4,1.00,-0.003
293.30,FINAL,25.76,25.80,20.42,-1.04,-0.2,0.1,-11.1,0.0,-1014,0.24,0.137,0.056,0.00,,0,494,0,369,-0,-1.05,20.4,1.00,-0.003
293.40,FINAL,25.66,25.70,20.42,-1.04,-0.2,0.1,-11.1,0.0,-1012,0.24,0.137,0.056,0.00,,0,492,0,367,-0,-1.05,20.4,1.00,-0.003
293.50,FINAL,25.55,25.60,20.42,-1.04,-0.2,0.1,-11.1,0.0,-1010,0.24,0.137,0.056,0.00,,0,490,0,365,-0,-1.05,20.4,1.00,-0.003
293.60,FINAL,25.45,25.50,20.42,-1.04,-0.2,0.1,-11.1,0.0,-1008,0.24,0.137,0.056,0.00,,0,488,0,363,-0,-1.05,20.4,1.00,-0.003
293.70,FINAL,25.34,25.40,20.42,-1.04,-0.2,0.1,-11.1,0.0,-1006,0.24,0.137,0.056,0.00,,0,486,0,361,-0,-1.05,20.4,1.00,-0.003
293.80,FINAL,25.24,25.30,20.42,-1.04,-0.2,0.1,-11.1,0.0,-1004,0.24,0.137,0.056,0.00,,0,484,0,359,-0,-1.05,20.4,1.00,-0.003
293.90,FINAL,25.14,25.20,20.42,-1.04,-0.2,0.1,-11.1,0.0,-1002,0.24,0.137,0.056,0.00,,0,482,0,357,-0,-1.05,20.4,1.00,-0.003
294.00,FINAL,25.03,25.10,20.42,-1.04,-0.2,0.1,-11.1,0.0,-1000,0.24,0.137,0.056,0.00,,0,480,0,355,-0,-1.05,20.4,1.00,-0.003
294.10,FINAL,24.93,25.00,20.42,-1.04,-0.2,0.1,-11.1,0.0,-998,0.24,0.137,0.056,0.00,,0,478,0,353,-0,-1.05,20.4,1.00,-0.003
294.20,FINAL,24.82,24.90,20.42,-1.04,-0.2,0.1,-11.1,0.0,-996,0.24,0.137,0.056,0.00,,0,476,0,351,-0,-1.05,20.4,1.00,-0.003
294.30,FINAL,24.72,24.80,20.42,-1.04,-0.2,0.1,-11.1,0.0,-994,0.24,0.137,0.056,0.00,,0,474,0,349,-0,-1.05,20.4,1.00,-0.003
294.40,FINAL,24.62,24.70,20.42,-1.04,-0.2,0.1,-11.1,0.0,-992,0.24,0.137,0.056,0.00,,0,472,0,347,-0,-1.05,20.4,1.00,-0.003
294.50,FINAL,24.51,24.60,20.42,-1.04,-0.2,0.1,-11.1,0.0,-990,0.24,0.137,0.056,0.00,,0,470,0,345,-0,-1.05,20.4,1.00,-0.003
294.60,FINAL,24.41,24.51,20.42,-1.04,-0.2,0.1,-11.0,0.0,-988,0.24,0.137,0.056,0.00,,0,468,0,343,-0,-1.05,20.4,1.00,-0.003
294.70,FINAL,24.31,24.41,20.42,-1.04,-0.2,0.1,-11.0,0.0,-986,0.24,0.137,0.056,0.00,,0,466,0,341,-0,-1.05,20.4,1.00,-0.003
294.80,FINAL,24.20,24.31,20.42,-1.04,-0.2,0.1,-11.0,0.0,-984,0.24,0.137,0.056,0.00,,0,464,0,339,-0,-1.05,20.4,1.00,-0.003
294.90,FINAL,24.10,24.22,20.42,-1.04,-0.2,0.1,-11.0,0.0,-982,0.24,0.137,0.056,0.00,,0,462,0,337,-0,-1.05,20.4,1.00,-0.003
295.00,FINAL,23.99,24.12,20.42,-1.04,-0.2,0.1,-11.0,0.0,-980,0.24,0.137,0.055,0.00,,0,460,0,335,-0,-1.05,20.4,1.00,-0.003
295.10,FINAL,23.89,24.02,20.42,-1.04,-0.2,0.1,-11.0,0.0,-978,0.24,0.137,0.055,0.00,,0,458,0,333,-0,-1.05,20.4,1.00,-0.003
295.20,FINAL,23.79,23.93,20.42,-1.04,-0.2,0.1,-11.0,0.0,-976,0.24,0.137,0.055,0.00,,0,456,0,331,-0,-1.05,20.4,1.00,-0.003
295.30,FINAL,23.68,23.83,20.42,-1.04,-0.2,0.1,-11.0,0.0,-974,0.24,0.137,0.055,0.00,,0,454,0,329,-0,-1.05,20.4,1.00,-0.003
295.40,FINAL,23.58,23.73,20.42,-1.04,-0.2,0.1,-11.0,0.0,-972,0.24,0.137,0.055,0.00,,0,452,0,327,-0,-1.05,20.4,1.00,-0.003
295.50,FINAL,23.47,23.64,20.42,-1.04,-0.2,0.1,-11.0,0.0,-970,0.24,0.137,0.055,0.00,,0,450,0,325,-0,-1.05,20.4,1.00,-0.003
295.60,FINAL,23.37,23.54,20.42,-1.04,-0.2,0.1,-11.0,0.0,-968,0.24,0.137,0.055,0.00,,0,448,0,323,-0,-1.05,20.4,1.00,-0.003
295.70,FINAL,23.27,23.45,20.42,-1.04,-0.2,0.1,-11.0,0.0,-966,0.24,0.137,0.055,0.00,,0,446,0,321,-0,-1.05,20.4,1.00,-0.003
295.80,FINAL,23.16,23.35,20.42,-1.04,-0.2,0.1,-11.0,0.0,-964,0.24,0.137,0.055,0.00,,0,444,0,319,-0,-1.05,20.4,1.00,-0.003
295.90,FINAL,23.06,23.26,20.42,-1.04,-0.2,0.1,-11.0,0.0,-962,0.24,0.137,0.055,0.00,,0,442,0,317,-0,-1.05,20.4,1.00,-0.003
296.00,FINAL,22.95,23.16,20.42,-1.04,-0.2,0.1,-11.0,0.0,-960,0.24,0.137,0.055,0.00,,0,440,0,315,-0,-1.05,20.4,1.00,-0.003
296.10,FINAL,22.85,23.07,20.42,-1.04,-0.2,0.1,-11.0,0.0,-958,0.24,0.137,0.055,0.00,,0,438,0,313,-0,-1.05,20.4,1.00,-0.003
296.20,FINAL,22.75,22.97,20.42,-1.04,-0.2,0.1,-11.0,0.0,-956,0.24,0.137,0.055,0.00,,0,436,0,311,-0,-1.05,20.4,1.00,-0.003
296.30,FINAL,22.64,22.88,20.42,-1.04,-0.2,0.1,-10.9,0.0,-954,0.24,0.137,0.055,0.00,,0,434,0,309,-0,-1.05,20.4,1.00,-0.003
296.40,FINAL,22.54,22.78,20.42,-1.04,-0.2,0.1,-10.9,0.0,-952,0.24,0.137,0.055,0.00,,0,432,0,307,-0,-1.05,20.4,1.00,-0.003
296.50,FINAL,22.43,22.69,20.42,-1.04,-0.2,0.1,-10.9,0.0,-950,0.24,0.137,0.055,0.00,,0,430,0,305,-0,-1.05,20.4,1.00,-0.003
296.60,FINAL,22.33,22.60,20.42,-1.04,-0.2,0.1,-10.9,0.0,-948,0.24,0.137,0.055,0.00,,0,428,0,303,-0,-1.05,20.4,1.00,-0.003
296.70,FINAL,22.23,22.50,20.42,-1.04,-0.2,0.1,-10.9,0.0,-946,0.24,0.137,0.055,0.00,,0,426,0,301,-0,-1.05,20.4,1.00,-0.003
296.80,FINAL,22.12,22.41,20.42,-1.04,-0.2,0.1,-10.9,0.0,-944,0.24,0.137,0.055,0.00,,0,424,0,299,-0,-1.05,20.4,1.00,-0.003
296.90,FINAL,22.02,22.32,20.42,-1.04,-0.2,0.1,-10.9,0.0,-942,0.24,0.137,0.055,0.00,,0,422,0,297,-0,-1.05,20.4,1.00,-0.003
297.00,FINAL,21.91,22.22,20.42,-1.04,-0.2,0.1,-10.9,0.0,-940,0.24,0.137,0.055,0.00,,0,420,0,295,-0,-1.05,20.4,1.00,-0.003
297.10,FINAL,21.81,22.13,20.42,-1.04,-0.2,0.1,-10.9,0.0,-938,0.24,0.137,0.055,0.00,,0,418,0,293,-0,-1.05,20.4,1.00,-0.003
297.20,FINAL,21.71,22.04,20.42,-1.04,-0.2,0.1,-10.9,0.0,-936,0.24,0.137,0.055,0.00,,0,416,0,291,-0,-1.05,20.4,1.00,-0.003
297.30,FINAL,21.60,21.95,20.42,-1.04,-0.2,0.1,-10.9,0.0,-934,0.24,0.137,0.055,0.00,,0,414,0,289,-0,-1.05,20.4,1.00,-0.003
297.40,FINAL,21.50,21.85,20.42,-1.04,-0.2,0.1,-10.9,0.0,-932,0.24,0.137,0.055,0.00,,0,412,0,287,-0,-1.05,20.4,1.00,-0.003
297.50,FINAL,21.39,21.76,20.42,-1.04,-0.2,0.1,-10.9,0.0,-930,0.24,0.137,0.055,0.00,,0,410,0,285,-0,-1.05,20.4,1.00,-0.003
297.60,FINAL,21.29,21.67,20.42,-1.04,-0.2,0.1,-10.9,0.0,-928,0.24,0.137,0.055,0.00,,0,408,0,283,-0,-1.05,20.4,1.00,-0.003
297.70,FINAL,21.19,21.58,20.42,-1.04,-0.2,0.1,-10.9,0.0,-926,0.24,0.137,0.055,0.00,,0,406,0,281,-0,-1.05,20.4,1.00,-0.003
297.80,FINAL,21.08,21.49,20.42,-1.04,-0.2,0.1,-10.8,0.0,-924,0.24,0.137,0.055,0.00,,0,404,0,279,-0,-1.05,20.4,1.00,-0.003
297.90,FINAL,20.98,21.39,20.42,-1.04,-0.2,0.1,-10.8,0.0,-922,0.24,0.137,0.055,0.00,,0,402,0,277,-0,-1.05,20.4,1.00,-0.003
298.00,FINAL,20.87,21.30,20.42,-1.04,-0.2,0.1,-10.8,0.0,-920,0.24,0.137,0.055,0.00,,0,400,0,275,-0,-1.05,20.4,1.00,-0.003
298.10,FINAL,20.77,21.21,20.42,-1.04,-0.2,0.1,-10.8,0.0,-919,0.24,0.137,0.055,0.00,,0,399,0,274,-0,-1.05,20.4,1.00,-0.003
298.20,FINAL,20.67,21.12,20.42,-1.04,-0.2,0.1,-10.8,0.0,-917,0.24,0.137,0.055,0.00,,0,397,0,272,-0,-1.05,20.4,1.00,-0.003
298.30,FINAL,20.56,21.03,20.42,-1.04,-0.2,0.1,-10.8,0.0,-915,0.24,0.137,0.054,0.00,,0,395,0,270,-0,-1.05,20.4,1.00,-0.003
298.40,FINAL,20.46,20.94,20.42,-1.04,-0.2,0.1,-10.8,0.0,-913,0.24,0.137,0.054,0.00,,0,393,0,268,-0,-1.05,20.4,1.00,-0.003
298.50,FINAL,20.35,20.84,20.42,-1.04,-0.2,0.1,-10.8,0.0,-911,0.24,0.137,0.054,0.00,,0,391,0,266,-0,-1.05,20.4,1.00,-0.003
298.60,FINAL,20.25,20.75,20.42,-1.04,-0.2,0.1,-10.8,0.0,-909,0.24,0.137,0.054,0.00,,0,389,0,264,-0,-1.05,20.4,1.00,-0.003
298.70,FINAL,20.15,20.66,20.42,-1.04,-0.2,0.1,-10.8,0.0,-907,0.24,0.137,0.054,0.00,,0,387,0,262,-0,-1.05,20.4,1.00,-0.003
298.80,FINAL,20.04,20.57,20.42,-1.04,-0.2,0.1,-10.8,0.0,-905,0.24,0.137,0.054,0.00,,0,385,0,260,-0,-1.05,20.4,1.00,-0.003
298.90,FINAL,19.94,20.48,20.42,-1.04,-0.2,0.1,-10.8,0.0,-903,0.24,0.137,0.054,0.00,,0,383,0,258,-0,-1.05,20.4,1.00,-0.003
299.00,FINAL,19.83,20.39,20.42,-1.04,-0.2,0.1,-10.8,0.0,-901,0.24,0.137,0.054,0.00,,0,381,0,256,-0,-1.05,20.4,1.00,-0.003
299.10,FINAL,19.73,20.30,20.42,-1.04,-0.2,0.1,-10.8,0.0,-899,0.24,0.137,0.054,0.00,,0,379,0,254,-0,-1.05,20.4,1.00,-0.003
299.20,FINAL,19.63,20.20,20.42,-1.04,-0.2,0.1,-10.8,0.0,-897,0.24,0.137,0.054,0.00,,0,377,0,252,-0,-1.05,20.4,1.00,-0.003
299.30,FINAL,19.52,20.11,20.42,-1.04,-0.2,0.1,-10.7,0.0,-895,0.24,0.137,0.054,0.00,,0,375,0,250,-0,-1.05,20.4,1.00,-0.003
299.40,FINAL,19.42,20.02,20.42,-1.04,-0.2,0.1,-10.7,0.0,-893,0.24,0.137,0.054,0.00,,0,373,0,248,-0,-1.05,20.4,1.00,-0.003
299.50,FINAL,19.31,19.93,20.42,-1.04,-0.2,0.1,-10.7,0.0,-891,0.24,0.137,0.054,0.00,,0,371,0,246,-0,-1.05,20.4,1.00,-0.003
299.60,FINAL,19.21,19.84,20.42,-1.04,-0.2,0.1,-10.7,0.0,-889,0.24,0.137,0.054,0.00,,0,369,0,244,-0,-1.05,20.4,1.00,-0.003
299.70,FINAL,19.11,19.75,20.42,-1.04,-0.2,0.1,-10.7,0.0,-887,0.24,0.137,0.054,0.00,,0,367,0,242,-0,-1.05,20.4,1.00,-0.003
299.80,FINAL,19.00,19.65,20.42,-1.04,-0.2,0.1,-10.7,0.0,-885,0.24,0.137,0.054,0.00,,0,365,0,240,-0,-1.05,20.4,1.00,-0.003
299.90,FINAL,18.90,19.56,20.42,-1.04,-0.2,0.1,-10.7,0.0,-883,0.24,0.137,0.054,0.00,,0,363,0,238,-0,-1.05,20.4,1.00,-0.003
300.00,FINAL,18.79,19.47,20.42,-1.04,-0.2,0.1,-10.7,0.0,-881,0.24,0.137,0.054,0.00,,0,361,0,236,-0,-1.05,20.4,1.00,-0.003
300.10,FINAL,18.69,19.38,20.42,-1.04,-0.2,0.1,-10.7,0.0,-879,0.24,0.137,0.054,0.00,,0,359,0,234,-0,-1.05,20.4,1.00,-0.003
300.20,FINAL,18.59,19.29,20.42,-1.04,-0.2,0.1,-10.7,0.0,-877,0.24,0.137,0.054,0.00,,0,357,0,232,-0,-1.05,20.4,1.00,-0.003
300.30,FINAL,18.48,19.19,20.42,-1.04,-0.2,0.1,-10.7,0.0,-875,0.24,0.137,0.054,0.00,,0,355,0,230,-0,-1.05,20.4,1.00,-0.003
300.40,FINAL,18.38,19.10,20.42,-1.04,-0.2,0.1,-10.7,0.0,-873,0.24,0.137,0.054,0.00,,0,353,0,228,-0,-1.05,20.4,1.00,-0.003
300.50,FINAL,18.27,19.01,20.42,-1.04,-0.2,0.1,-10.7,0.0,-871,0.24,0.137,0.054,0.00,,0,351,0,226,-0,-1.05,20.4,1.00,-0.003
300.60,FINAL,18.17,18.91,20.42,-1.04,-0.2,0.1,-10.7,0.0,-869,0.24,0.137,0.054,0.00,,0,349,0,224,-0,-1.05,20.4,1.00,-0.003
300.70,FINAL,18.07,18.82,20.42,-1.04,-0.2,0.1,-10.7,0.0,-867,0.24,0.138,0.054,0.00,,0,347,0,222,-0,-1.05,20.4,1.00,-0.003
300.80,FINAL,17.96,18.73,20.42,-1.04,-0.2,0.1,-10.6,0.0,-865,0.24,0.138,0.054,0.00,,0,345,0,220,-0,-1.05,20.4,1.00,-0.003
300.90,FINAL,17.86,18.64,20.42,-1.04,-0.2,0.1,-10.6,0.0,-863,0.24,0.138,0.054,0.00,,0,343,0,218,-0,-1.05,20.4,1.00,-0.003
301.00,FINAL,17.75,18.54,20.42,-1.04,-0.2,0.1,-10.6,0.0,-861,0.24,0.138,0.054,0.00,,0,341,0,216,-0,-1.05,20.4,1.00,-0.003
301.10,FINAL,17.65,18.45,20.42,-1.04,-0.2,0.1,-10.6,0.0,-859,0.24,0.138,0.054,0.00,,0,339,0,214,-0,-1.05,20.4,1.00,-0.003
301.20,FINAL,17.55,18.35,20.42,-1.04,-0.2,0.1,-10.6,0.0,-857,0.24,0.138,0.054,0.00,,0,337,0,212,-0,-1.05,20.4,1.00,-0.003
301.30,FINAL,17.44,18.26,20.42,-1.04,-0.2,0.1,-10.6,0.0,-855,0.24,0.138,0.054,0.00,,0,335,0,210,-0,-1.05,20.4,1.00,-0.003
301.40,FINAL,17.34,18.17,20.42,-1.04,-0.2,0.1,-10.6,0.0,-853,0.24,0.138,0.053,0.00,,0,333,0,208,-0,-1.05,20.4,1.00,-0.003
301.50,FINAL,17.23,18.07,20.42,-1.04,-0.2,0.1,-10.6,0.0,-851,0.24,0.138,0.053,0.00,,0,331,0,206,-0,-1.05,20.4,1.00,-0.003
301.60,FINAL,17.13,17.98,20.42,-1.04,-0.2,0.1,-10.6,0.0,-849,0.24,0.138,0.053,0.00,,0,329,0,204,-0,-1.05,20.4,1.00,-0.003
301.70,FINAL,17.03,17.88,20.42,-1.04,-0.2,0.1,-10.6,0.0,-847,0.24,0.138,0.053,0.00,,0,327,0,202,-0,-1.05,20.4,1.00,-0.003
301.80,FINAL,16.92,17.79,20.42,-1.04,-0.2,0.1,-10.6,0.0,-845,0.24,0.138,0.053,0.00,,0,325,0,200,-0,-1.05,20.4,1.00,-0.003
301.90,FINAL,16.82,17.69,20.42,-1.04,-0.2,0.1,-10.6,0.0,-843,0.24,0.138,0.053,0.00,,0,323,0,198,-0,-1.05,20.4,1.00,-0.003
302.00,FINAL,16.71,17.60,20.42,-1.04,-0.2,0.1,-10.6,0.0,-841,0.24,0.138,0.053,0.00,,0,321,0,196,-0,-1.05,20.4,1.00,-0.003
302.10,FINAL,16.61,17.50,20.42,-1.04,-0.2,0.1,-10.5,0.0,-839,0.24,0.138,0.053,0.00,,0,319,0,194,-0,-1.05,20.4,1.00,-0.003
302.20,FINAL,16.50,17.41,20.42,-1.04,-0.2,0.1,-10.5,0.0,-837,0.24,0.138,0.053,0.00,,0,317,0,192,-0,-1.05,20.4,1.00,-0.003
302.30,FINAL,16.40,17.31,20.42,-1.04,-0.2,0.1,-10.5,0.0,-835,0.24,0.138,0.053,0.00,,0,315,0,190,-0,-1.05,20.4,1.00,-0.003
302.40,FINAL,16.30,17.21,20.42,-1.04,-0.2,0.1,-10.5,0.0,-833,0.24,0.138,0.053,0.00,,0,313,0,188,-0,-1.05,20.4,1.00,-0.003
302.50,FINAL,16.19,17.12,20.42,-1.04,-0.2,0.1,-10.5,0.0,-831,0.24,0.138,0.053,0.00,,0,311,0,186,-0,-1.04,20.4,1.00,-0.003
302.60,FINAL,16.09,17.02,20.42,-1.04,-0.2,0.1,-10.5,0.0,-829,0.24,0.138,0.053,0.00,,0,309,0,184,-0,-1.04,20.4,1.00,-0.003
302.70,FINAL,15.98,16.92,20.42,-1.04,-0.2,0.1,-10.5,0.0,-827,0.24,0.138,0.053,0.00,,0,307,0,182,-0,-1.04,20.4,1.00,-0.003
302.80,FINAL,15.88,16.83,20.42,-1.04,-0.2,0.1,-10.5,0.0,-825,0.24,0.138,0.053,0.00,,0,305,0,180,-0,-1.04,20.4,1.00,-0.003
302.90,FINAL,15.78,16.73,20.42,-1.04,-0.2,0.1,-10.5,0.0,-823,0.24,0.138,0.053,0.00,,0,303,0,178,-0,-1.04,20.4,1.00,-0.003
303.00,FINAL,15.67,16.63,20.42,-1.04,-0.2,0.1,-10.5,0.0,-821,0.24,0.138,0.053,0.00,,0,301,0,176,-0,-1.04,20.4,1.00,-0.003
303.10,FINAL,15.57,16.53,20.42,-1.04,-0.2,0.1,-10.5,0.0,-819,0.24,0.138,0.053,0.00,,0,299,0,174,-0,-1.04,20.4,1.00,-0.003
303.20,FINAL,15.46,16.43,20.42,-1.04,-0.2,0.1,-10.5,0.0,-817,0.24,0.138,0.053,0.00,,0,297,0,172,-0,-1.04,20.4,1.00,-0.003
303.30,FINAL,15.36,16.33,20.43,-1.04,-0.2,0.1,-10.5,0.0,-815,0.24,0.138,0.053,0.00,,0,295,0,170,-0,-1.04,20.4,1.00,-0.003
303.40,FINAL,15.26,16.24,20.43,-1.04,-0.2,0.1,-10.4,0.0,-813,0.24,0.138,0.053,0.00,,0,293,0,168,-0,-1.04,20.4,1.00,-0.003
303.50,FINAL,15.15,16.14,20.43,-1.04,-0.2,0.1,-10.4,0.0,-811,0.24,0.138,0.053,0.00,,0,291,0,166,-0,-1.04,20.4,1.00,-0.003
303.60,FINAL,15.05,16.04,20.43,-1.04,-0.2,0.1,-10.4,0.0,-809,0.24,0.138,0.053,0.00,,0,289,0,164,-0,-1.04,20.4,1.00,-0.003
303.70,FINAL,14.94,15.94,20.43,-1.04,-0.2,0.1,-10.4,0.0,-807,0.24,0.138,0.053,0.00,,0,287,0,162,-0,-1.04,20.4,1.00,-0.003
303.80,FINAL,14.84,15.84,20.43,-1.04,-0.2,0.1,-10.4,0.0,-805,0.24,0.138,0.053,0.00,,0,285,0,160,-0,-1.04,20.4,1.00,-0.003
303.90,FINAL,14.73,15.74,20.43,-1.04,-0.2,0.1,-10.4,0.0,-803,0.24,0.138,0.052,0.00,,0,283,0,158,-0,-1.04,20.4,1.00,-0.003
304.00,FINAL,14.63,15.64,20.43,-1.04,-0.2,0.1,-10.4,0.0,-801,0.24,0.138,0.052,0.00,,0,281,0,156,-0,-1.04,20.4,1.00,-0.003
304.10,FINAL,14.53,15.54,20.43,-1.04,-0.2,0.1,-10.4,0.0,-799,0.24,0.138,0.052,0.00,,0,279,0,154,-0,-1.04,20.4,1.00,-0.003
304.20,FINAL,14.42,15.44,20.43,-1.04,-0.2,0.1,-10.4,0.0,-797,0.24,0.138,0.052,0.00,,0,277,0,152,-0,-1.04,20.4,1.00,-0.003
304.30,FINAL,14.32,15.33,20.43,-1.04,-0.2,0.1,-10.4,0.0,-795,0.24,0.138,0.052,0.00,,0,275,0,150,-0,-1.04,20.4,1.00,-0.003
304.40,FINAL,14.21,15.23,20.43,-1.04,-0.2,0.1,-10.4,0.0,-793,0.24,0.138,0.052,0.00,,0,273,0,148,-0,-1.04,20.4,1.00,-0.003
304.50,FINAL,14.11,15.13,20.43,-1.04,-0.2,0.1,-10.3,0.0,-791,0.24,0.138,0.052,0.00,,0,271,0,146,-0,-1.04,20.4,1.00,-0.003
304.60,FINAL,14.00,15.03,20.43,-1.04,-0.2,0.1,-10.3,0.0,-789,0.24,0.138,0.052,0.00,,0,269,0,144,-0,-1.04,20.4,1.00,-0.003
304.70,FINAL,13.90,14.93,20.43,-1.04,-0.2,0.1,-10.3,0.0,-787,0.24,0.138,0.052,0.00,,0,267,0,142,-0,-1.04,20.4,1.00,-0.003
304.80,FINAL,13.80,14.82,20.43,-1.04,-0.2,0.1,-10.3,0.0,-785,0.24,0.138,0.052,0.00,,0,265,0,140,-0,-1.04,20.4,1.00,-0.003
304.90,FINAL,13.69,14.72,20.43,-1.04,-0.2,0.1,-10.3,0.0,-783,0.24,0.138,0.052,0.00,,0,263,0,138,-0,-1.04,20.4,1.00,-0.003
305.00,FINAL,13.59,14.62,20.43,-1.04,-0.2,0.1,-10.3,0.0,-781,0.24,0.138,0.052,0.00,,0,261,0,136,-0,-1.04,20.4,1.00,-0.003
305.10,FINAL,13.48,14.52,20.43,-1.04,-0.2,0.1,-10.3,0.0,-779,0.24,0.138,0.052,0.00,,0,259,0,134,-0,-1.04,20.4,1.00,-0.003
305.20,FINAL,13.38,14.41,20.43,-1.04,-0.2,0.1,-10.3,0.0,-777,0.24,0.138,0.052,0.00,,0,257,0,132,-0,-1.04,20.4,1.00,-0.003
305.30,FINAL,13.28,14.31,20.43,-1.04,-0.2,0.1,-10.3,0.0,-775,0.24,0.138,0.052,0.00,,0,255,0,130,-0,-1.04,20.4,1.00,-0.003
305.40,FINAL,13.17,14.20,20.43,-1.04,-0.2,0.1,-10.3,0.0,-773,0.24,0.138,0.052,0.00,,0,253,0,128,-0,-1.04,20.4,1.00,-0.003
305.50,FINAL,13.07,14.10,20.43,-1.04,-0.2,0.1,-10.2,0.0,-771,0.24,0.138,0.052,0.00,,0,251,0,126,-0,-1.04,20.4,1.00,-0.003
305.60,FINAL,12.96,13.99,20.43,-1.04,-0.2,0.1,-10.2,0.0,-769,0.24,0.138,0.052,0.00,,0,249,0,124,-0,-1.04,20.4,1.00,-0.003
305.70,FINAL,12.86,13.89,20.43,-1.04,-0.2,0.1,-10.2,0.0,-767,0.24,0.138,0.052,0.00,,0,247,0,122,-0,-1.04,20.4,1.00,-0.003
305.80,FINAL,12.75,13.79,20.43,-1.04,-0.2,0.1,-10.2,0.0,-765,0.24,0.138,0.052,0.00,,0,245,0,120,-0,-1.04,20.4,1.00,-0.003
305.90,FINAL,12.65,13.68,20.43,-1.04,-0.2,0.1,-10.2,0.0,-763,0.24,0.138,0.052,0.00,,0,243,0,118,-0,-1.04,20.4,1.00,-0.003
306.00,FINAL,12.54,13.58,20.43,-1.04,-0.2,0.1,-10.2,0.0,-761,0.24,0.138,0.051,0.00,,0,241,0,116,-0,-1.04,20.4,1.00,-0.003
306.10,FINAL,12.44,13.47,20.43,-1.04,-0.2,0.1,-10.2,0.0,-759,0.24,0.138,0.051,0.00,,0,239,0,114,-0,-1.04,20.4,1.00,-0.003
306.20,FINAL,12.34,13.37,20.43,-1.04,-0.2,0.1,-10.2,0.0,-757,0.24,0.138,0.051,0.00,,0,237,0,112,-0,-1.04,20.4,1.00,-0.003
306.30,FINAL,12.23,13.26,20.43,-1.04,-0.2,0.1,-10.2,0.0,-755,0.24,0.138,0.051,0.00,,0,235,0,110,-0,-1.04,20.4,1.00,-0.003
306.40,FINAL,12.13,13.16,20.43,-1.04,-0.2,0.1,-10.2,0.0,-753,0.24,0.138,0.051,0.00,,0,233,0,108,-0,-1.04,20.4,1.00,-0.003
306.50,FINAL,12.02,13.06,20.43,-1.04,-0.2,0.1,-10.1,0.0,-751,0.24,0.138,0.051,0.00,,0,231,0,106,-0,-1.04,20.4,1.00,-0.003
306.60,FINAL,11.92,12.95,20.43,-1.04,-0.2,0.1,-10.1,0.0,-749,0.24,0.139,0.051,0.00,,0,229,0,104,-0,-1.04,20.4,1.00,-0.003
306.70,FINAL,11.81,12.85,20.43,-1.04,-0.2,0.1,-10.1,0.0,-747,0.24,0.139,0.051,0.00,,0,227,0,102,-0,-1.04,20.4,1.00,-0.003
306.80,FINAL,11.71,12.74,20.43,-1.04,-0.2,0.1,-10.1,0.0,-745,0.24,0.139,0.051,0.00,,0,225,0,100,-0,-1.04,20.4,1.00,-0.003
306.90,FINAL,11.61,12.64,20.43,-1.04,-0.2,0.1,-10.1,0.0,-743,0.24,0.139,0.051,0.00,,0,223,0,98,-0,-1.04,20.4,1.00,-0.003
307.00,FINAL,11.50,12.53,20.43,-1.04,-0.2,0.1,-10.1,0.0,-741,0.24,0.139,0.051,0.00,,0,221,0,96,-0,-1.04,20.4,1.00,-0.003
307.10,FINAL,11.40,12.43,20.43,-1.04,-0.2,0.1,-10.1,0.0,-739,0.24,0.139,0.051,0.00,,0,219,0,94,-0,-1.04,20.4,1.00,-0.003
307.20,FINAL,11.29,12.32,20.43,-1.04,-0.2,0.1,-10.1,0.0,-737,0.24,0.139,0.051,0.00,,0,217,0,92,-0,-1.04,20.4,1.00,-0.003
307.30,FINAL,11.19,12.22,20.43,-1.05,-0.2,0.1,-10.0,0.0,-735,0.24,0.139,0.051,0.00,,0,215,0,90,-0,-1.04,20.4,1.00,-0.003
307.40,FINAL,11.08,12.12,20.43,-1.05,-0.2,0.1,-10.0,0.0,-733,0.24,0.139,0.051,0.00,,0,213,0,88,-0,-1.04,20.4,1.00,-0.003
307.50,FINAL,10.98,12.01,20.43,-1.05,-0.2,0.1,-10.0,0.0,-731,0.24,0.139,0.051,0.00,,0,211,0,86,-0,-1.04,20.4,1.00,-0.003
307.60,FINAL,10.87,11.91,20.43,-1.05,-0.2,0.1,-10.0,0.0,-729,0.24,0.139,0.051,0.00,,0,209,0,84,-0,-1.04,20.4,1.00,-0.003
307.70,FINAL,10.77,11.80,20.43,-1.05,-0.2,0.1,-10.0,0.0,-727,0.24,0.139,0.051,0.00,,0,207,0,82,-0,-1.04,20.4,1.00,-0.003
307.80,FINAL,10.66,11.70,20.43,-1.05,-0.2,0.1,-10.0,0.0,-725,0.24,0.139,0.051,0.00,,0,205,0,80,-0,-1.04,20.4,1.00,-0.003
307.90,FINAL,10.56,11.59,20.43,-1.05,-0.2,0.1,-10.0,0.0,-723,0.24,0.139,0.050,0.00,,0,203,0,78,-0,-1.04,20.4,1.00,-0.003
308.00,FINAL,10.46,11.49,20.43,-1.05,-0.3,0.1,-10.0,0.0,-721,0.24,0.139,0.050,0.00,,0,201,0,76,-0,-1.04,20.4,1.00,-0.003
308.10,FINAL,10.35,11.38,20.43,-1.05,-0.3,0.1,-10.0,0.0,-719,0.24,0.139,0.050,0.00,,0,199,0,74,-0,-1.04,20.4,1.00,-0.003
308.20,FINAL,10.25,11.28,20.43,-1.05,-0.3,0.1,-9.9,0.0,-717,0.24,0.139,0.050,0.00,,0,197,0,72,-0,-1.04,20.4,1.00,-0.003
308.30,FINAL,10.14,11.17,20.43,-1.05,-0.3,0.1,-9.9,0.0,-715,0.24,0.139,0.050,0.00,,0,195,0,70,-0,-1.04,20.4,1.00,-0.003
308.40,FINAL,10.04,11.07,20.43,-1.05,-0.3,0.1,-9.9,0.0,-713,0.24,0.139,0.050,0.00,,0,193,0,68,-0,-1.04,20.4,1.00,-0.003
308.50,FINAL,9.93,10.96,20.43,-1.05,-0.3,0.1,-9.9,0.0,-711,0.24,0.139,0.050,0.00,,0,191,0,66,-0,-1.04,20.4,1.00,-0.003
308.60,FINAL,9.83,10.86,20.43,-1.05,-0.3,0.1,-9.9,0.0,-709,0.24,0.139,0.050,0.00,,0,189,0,64,-0,-1.04,20.4,1.00,-0.003
308.70,FINAL,9.72,10.76,20.43,-1.05,-0.3,0.1,-9.9,0.0,-707,0.24,0.139,0.050,0.00,,0,187,0,62,-0,-1.04,20.4,1.00,-0.002
308.80,FINAL,9.62,10.65,20.43,-1.05,-0.3,0.1,-9.9,0.0,-705,0.24,0.140,0.050,0.00,,0,185,0,60,-0,-1.04,20.4,1.00,-0.002
308.90,FINAL,9.51,10.55,20.43,-1.05,-0.3,0.1,-9.9,0.0,-703,0.24,0.140,0.050,0.00,,0,183,0,58,-0,-1.04,20.4,1.00,-0.002
309.00,FINAL,9.41,10.44,20.43,-1.05,-0.3,0.1,-9.8,0.0,-701,0.24,0.140,0.050,0.00,,0,181,0,56,-0,-1.04,20.4,1.00,-0.002
309.10,FINAL,9.30,10.34,20.43,-1.05,-0.3,0.1,-9.8,0.0,-699,0.24,0.140,0.050,0.00,,0,179,0,54,-0,-1.04,20.4,1.00,-0.002
309.20,FINAL,9.20,10.23,20.43,-1.05,-0.3,0.1,-9.8,0.0,-697,0.24,0.140,0.050,0.00,,0,177,0,52,-0,-1.04,20.4,1.00,-0.002
309.30,FINAL,9.09,10.13,20.43,-1.05,-0.3,0.1,-9.8,0.0,-695,0.24,0.140,0.050,0.00,,0,175,0,50,-0,-1.04,20.4,1.00,-0.002
309.40,FINAL,8.99,10.02,20.43,-1.05,-0.3,0.1,-9.8,0.0,-693,0.24,0.140,0.050,0.00,,0,173,0,48,-0,-1.04,20.4,1.00,-0.002
309.50,FINAL,8.88,9.92,20.43,-1.05,-0.3,0.1,-9.8,0.0,-691,0.24,0.140,0.049,0.00,,0,171,0,46,-0,-1.04,20.4,1.00,-0.002
309.60,FINAL,8.78,9.81,20.43,-1.05,-0.3,0.1,-9.8,0.0,-689,0.24,0.140,0.049,0.00,,0,169,0,44,-0,-1.04,20.4,1.00,-0.002
309.70,FINAL,8.68,9.71,20.43,-1.05,-0.3,0.1,-9.7,0.0,-687,0.24,0.140,0.049,0.00,,0,167,0,42,-0,-1.04,20.4,1.00,-0.002
309.80,FINAL,8.57,9.60,20.43,-1.05,-0.3,0.1,-9.7,0.0,-685,0.24,0.140,0.049,0.00,,0,165,0,40,-0,-1.04,20.4,1.00,-0.002
309.90,FINAL,8.47,9.50,20.43,-1.05,-0.3,0.1,-9.7,0.0,-683,0.24,0.140,0.049,0.00,,0,163,0,38,-0,-1.04,20.4,1.00,-0.002
310.00,FINAL,8.36,9.39,20.43,-1.05,-0.3,0.1,-9.7,0.0,-681,0.24,0.140,0.049,0.00,,0,161,0,36,-0,-1.04,20.4,1.00,-0.002
310.10,FINAL,8.26,9.29,20.43,-1.05,-0.3,0.1,-9.7,0.0,-679,0.24,0.141,0.049,0.00,,0,159,0,34,-0,-1.04,20.4,1.00,-0.002
310.20,FINAL,8.15,9.18,20.43,-1.05,-0.3,0.1,-9.7,0.0,-677,0.24,0.141,0.049,0.00,,0,157,0,32,-0,-1.04,20.4,1.00,-0.002
310.30,FINAL,8.05,9.08,20.43,-1.05,-0.3,0.1,-9.7,0.0,-675,0.24,0.141,0.049,0.00,,0,155,0,30,-0,-1.04,20.4,1.00,-0.002
310.40,FINAL,7.94,8.97,20.43,-1.05,-0.3,0.1,-9.6,0.0,-673,0.24,0.141,0.049,0.00,,0,153,0,28,-0,-1.04,20.4,1.00,-0.002
310.50,FINAL,7.83,8.87,20.43,-1.05,-0.3,0.1,-9.6,0.0,-671,0.24,0.141,0.049,0.00,,0,151,0,26,-0,-1.04,20.4,1.00,-0.002
310.60,FINAL,7.73,8.76,20.44,-1.05,-0.3,0.1,-9.6,0.0,-669,0.24,0.141,0.049,0.00,,0,149,0,24,-0,-1.04,20.4,1.00,-0.002
310.70,FINAL,7.62,8.66,20.44,-1.05,-0.3,0.1,-9.6,0.0,-667,0.24,0.141,0.049,0.00,,0,147,0,22,-0,-1.04,20.4,1.00,-0.002
310.80,FINAL,7.52,8.55,20.44,-1.05,-0.3,0.1,-9.6,0.0,-665,0.24,0.141,0.049,0.00,,0,145,0,20,-0,-1.04,20.4,1.00,-0.002
310.90,FINAL,7.41,8.45,20.44,-1.05,-0.3,0.1,-9.6,0.0,-663,0.24,0.141,0.048,0.00,,0,143,0,18,-0,-1.04,20.4,1.00,-0.002
311.00,FINAL,7.31,8.34,20.44,-1.05,-0.3,0.1,-9.6,0.0,-661,0.24,0.141,0.048,0.00,,0,141,0,16,-0,-1.04,20.4,1.00,-0.002
311.10,FINAL,7.20,8.24,20.44,-1.05,-0.3,0.1,-9.5,0.0,-659,0.24,0.142,0.048,0.00,,0,139,0,14,-0,-1.04,20.4,1.00,-0.002
311.20,FINAL,7.10,8.13,20.44,-1.05,-0.3,0.1,-9.5,0.0,-657,0.24,0.142,0.048,0.00,,0,137,0,12,-0,-1.04,20.4,1.00,-0.002
311.30,FINAL,6.99,8.02,20.44,-1.05,-0.3,0.1,-9.5,0.0,-655,0.24,0.142,0.048,0.00,,0,135,0,10,-0,-1.04,20.4,1.00,-0.001
311.40,FINAL,6.89,7.92,20.44,-1.05,-0.3,0.1,-9.5,0.0,-653,0.24,0.142,0.048,0.00,,0,133,0,8,-0,-1.04,20.4,1.00,-0.001
311.50,FINAL,6.78,7.81,20.44,-1.06,-0.3,0.1,-9.5,0.0,-651,0.24,0.142,0.048,0.00,,0,131,0,6,-0,-1.04,20.4,1.00,-0.001
311.60,FINAL,6.68,7.71,20.44,-1.06,-0.3,0.1,-9.5,0.0,-649,0.24,0.142,0.048,0.00,,0,129,0,4,-0,-1.04,20.4,1.00,-0.001
311.70,FINAL,6.57,7.60,20.44,-1.06,-0.3,0.1,-9.4,0.0,-647,0.24,0.142,0.048,0.00,,0,127,0,2,-0,-1.04,20.4,1.00,-0.001
311.80,FINAL,6.47,7.50,20.44,-1.06,-0.3,0.1,-9.4,0.0,-645,0.24,0.143,0.048,0.00,,0,125,0,-0,-0,-1.04,20.4,1.00,-0.001
311.90,FINAL,6.36,7.39,20.44,-1.06,-0.3,0.1,-9.4,0.0,-643,0.24,0.143,0.048,0.00,,0,123,0,-2,-0,-1.04,20.4,1.00,-0.001
312.00,FINAL,6.25,7.29,20.44,-1.06,-0.3,0.1,-9.4,0.0,-641,0.24,0.143,0.048,0.00,,0,121,0,-4,-0,-1.04,20.4,1.00,-0.001
312.10,FINAL,6.15,7.18,20.44,-1.06,-0.3,0.1,-9.4,0.0,-639,0.24,0.143,0.047,0.00,,0,119,0,-6,-0,-1.04,20.4,1.00,-0.001
312.20,FINAL,6.04,7.07,20.44,-1.06,-0.3,0.1,-9.4,0.0,-637,0.24,0.143,0.047,0.00,,0,117,0,-8,-0,-1.04,20.4,1.00,-0.001
312.30,FINAL,5.94,6.97,20.44,-1.06,-0.3,0.1,-9.3,0.0,-635,0.24,0.144,0.047,0.00,,0,115,0,-10,-0,-1.04,20.4,1.00,-0.001
312.40,FINAL,5.83,6.86,20.44,-1.06,-0.3,0.1,-9.3,0.0,-633,0.24,0.144,0.047,0.00,,0,113,0,-12,-0,-1.04,20.4,1.00,-0.001
312.50,FINAL,5.72,6.76,20.44,-1.06,-0.3,0.1,-9.3,0.0,-631,0.24,0.144,0.047,0.00,,0,111,0,-14,-0,-1.04,20.4,1.00,-0.001
312.60,FINAL,5.62,6.65,20.44,-1.06,-0.3,0.1,-9.3,0.0,-629,0.24,0.144,0.047,0.00,,0,109,0,-16,-0,-1.04,20.4,1.00,-0.000
312.70,FINAL,5.51,6.54,20.44,-1.06,-0.3,0.1,-9.3,0.0,-627,0.24,0.144,0.047,0.00,,0,107,0,-18,-0,-1.04,20.4,1.00,-0.000
312.80,FINAL,5.41,6.44,20.45,-1.06,-0.3,0.1,-9.2,0.0,-625,0.24,0.145,0.047,0.00,,0,105,0,-20,-0,-1.04,20.4,1.00,-0.000
312.90,FINAL,5.30,6.33,20.45,-1.06,-0.3,0.1,-9.2,0.0,-623,0.24,0.145,0.047,0.00,,0,103,0,-22,-0,-1.04,20.4,1.00,-0.000
313.00,FINAL,5.19,6.23,20.45,-1.06,-0.3,0.1,-9.2,0.0,-621,0.24,0.145,0.047,0.00,,0,101,0,-24,-0,-1.03,20.4,1.00,-0.000
313.10,FINAL,5.09,6.12,20.45,-1.07,-0.4,0.1,-9.2,0.0,-619,0.24,0.146,0.047,0.00,,0,99,0,-26,-0,-1.03,20.4,1.00,0.000
313.20,FLARE,4.98,6.01,20.43,-1.08,-0.4,0.1,-9.2,0.0,-617,0.00,0.099,0.046,0.00,,,,0,-28,-0,,,,
313.30,FLARE,4.87,5.90,20.38,-1.11,-0.5,0.1,-9.1,0.0,-615,0.00,0.115,0.045,0.00,,,,0,-30,-0,,,,
313.40,FLARE,4.76,5.79,20.33,-1.15,-0.8,0.1,-9.1,0.0,-613,0.00,0.145,0.045,0.00,,,,0,-32,-0,,,,
313.50,FLARE,4.64,5.67,20.28,-1.22,-1.1,0.2,-9.1,0.0,-611,0.00,0.179,0.045,0.00,,,,0,-34,-0,,,,
313.60,FLARE,4.52,5.55,20.24,-1.31,-1.4,0.2,-9.1,0.0,-609,0.00,0.242,0.045,0.00,,,,0,-36,-0,,,,
313.70,FLARE,4.38,5.41,20.21,-1.41,-1.5,0.2,-9.1,0.0,-607,0.00,0.299,0.045,0.00,,,,0,-38,-0,,,,
313.80,FLARE,4.24,5.27,20.18,-1.49,-1.5,0.2,-9.1,0.0,-605,0.04,0.316,0.046,0.00,,,,0,-40,-0,,,,
313.90,FLARE,4.09,5.12,20.15,-1.54,-1.2,0.3,-9.1,0.0,-603,0.09,0.314,0.046,0.00,,,,0,-42,-0,,,,
314.00,FLARE,3.93,4.97,20.14,-1.54,-0.7,0.3,-9.1,0.0,-601,0.12,0.299,0.047,0.00,,,,0,-44,-0,,,,
314.10,FLARE,3.78,4.81,20.13,-1.49,-0.1,0.3,-9.1,0.0,-599,0.12,0.289,0.047,0.00,,,,0,-46,-0,,,,
314.20,FLARE,3.63,4.67,20.11,-1.40,0.6,0.2,-9.1,-0.0,-597,0.12,0.272,0.047,0.00,,,,0,-48,0,,,,
314.30,FLARE,3.50,4.53,20.08,-1.29,1.2,0.2,-9.1,-0.0,-595,0.12,0.250,0.068,0.00,,,,0,-50,0,,,,
314.40,FLARE,3.37,4.40,20.04,-1.16,1.7,0.2,-9.0,-0.0,-593,0.12,0.230,0.196,0.00,,,,0,-52,0,,,,
314.50,FLARE,3.26,4.29,20.00,-1.04,2.0,0.2,-8.9,-0.0,-591,0.12,0.213,0.324,0.00,,,,0,-54,0,,,,
314.60,FLARE,3.16,4.19,19.94,-0.92,2.2,0.1,-8.7,-0.0,-589,0.09,0.203,0.350,0.00,,,,0,-56,0,,,,
314.70,FLARE,3.07,4.10,19.88,-0.84,2.2,-0.0,-8.3,-0.0,-587,0.07,0.203,0.350,0.00,,,,0,-58,0,,,,
314.80,FLARE,2.99,4.02,19.81,-0.78,2.1,-0.2,-7.8,-0.0,-585,0.04,0.213,0.334,0.00,,,,0,-60,0,,,,
314.90,FLARE,2.91,3.94,19.74,-0.77,1.9,-0.3,-7.2,-0.0,-583,0.03,0.234,0.314,0.00,,,,0,-62,0,,,,
315.00,FLARE,2.84,3.87,19.68,-0.78,1.7,-0.5,-6.5,-0.0,-581,0.03,0.261,0.292,0.00,,,,0,-64,0,,,,
315.10,FLARE,2.76,3.79,19.61,-0.81,1.5,-0.5,-5.8,-0.0,-579,0.03,0.290,0.269,0.00,,,,0,-66,0,,,,
315.20,FLARE,2.67,3.71,19.55,-0.85,1.4,-0.6,-5.1,-0.0,-577,0.05,0.298,0.246,0.00,,,,0,-68,0,,,,
315.30,FLARE,2.59,3.62,19.50,-0.89,1.4,-0.6,-4.4,-0.0,-576,0.08,0.299,0.222,0.00,,,,0,-69,0,,,,
315.40,FLARE,2.50,3.53,19.45,-0.91,1.5,-0.6,-3.6,-0.0,-574,0.10,0.303,0.200,0.00,,,,0,-71,0,,,,
315.50,FLARE,2.41,3.44,19.41,-0.92,1.7,-0.6,-2.9,-0.0,-572,0.12,0.294,0.180,0.00,,,,0,-73,0,,,,
315.60,FLARE,2.31,3.35,19.37,-0.92,1.9,-0.6,-2.2,-0.0,-570,0.13,0.300,0.162,0.00,,,,0,-75,0,,,,
315.70,FLARE,2.22,3.26,19.34,-0.91,2.2,-0.5,-1.6,-0.0,-568,0.15,0.295,0.146,0.00,,,,0,-77,0,,,,
315.80,FLARE,2.13,3.17,19.30,-0.88,2.4,-0.4,-1.1,-0.1,-566,0.15,0.298,0.134,0.00,,,,0,-79,0,,,,
315.90,FLARE,2.05,3.08,19.26,-0.85,2.7,-0.3,-0.6,-0.1,-564,0.16,0.299,0.125,0.00,,,,0,-81,0,,,,
316.00,FLARE,1.96,2.99,19.22,-0.81,2.9,-0.2,-0.2,-0.1,-562,0.17,0.300,0.119,0.00,,,,0,-83,0,,,,
316.10,FLARE,1.88,2.91,19.18,-0.77,3.1,-0.0,0.0,-0.1,-560,0.18,0.301,0.117,0.00,,,,0,-85,0,,,,
316.20,FLARE,1.81,2.84,19.15,-0.73,3.3,0.1,0.3,-0.2,-558,0.20,0.294,0.118,0.00,,,,0,-87,0,,,,
316.30,FLARE,1.73,2.77,19.11,-0.69,3.4,0.3,0.4,-0.2,-557,0.20,0.294,0.122,0.00,,,,0,-88,0,,,,
316.40,FLARE,1.67,2.70,19.07,-0.66,3.5,0.4,0.4,-0.2,-555,0.21,0.295,0.129,0.00,,,,0,-90,0,,,,
316.50,FLARE,1.60,2.63,19.04,-0.62,3.6,0.6,0.4,-0.3,-553,0.22,0.295,0.138,0.00,,,,0,-92,0,,,,
316.60,FLARE,1.54,2.57,19.00,-0.59,3.7,0.7,0.3,-0.3,-551,0.23,0.295,0.149,0.00,,,,0,-94,0,,,,
316.70,FLARE,1.48,2.51,18.97,-0.57,3.8,0.9,0.1,-0.3,-549,0.24,0.295,0.161,0.00,,,,0,-96,0,,,,
316.80,FLARE,1.43,2.46,18.94,-0.54,3.9,1.0,-0.1,-0.4,-547,0.25,0.294,0.175,0.00,,,,0,-98,0,,,,
316.90,FLARE,1.37,2.40,18.91,-0.52,4.0,1.1,-0.4,-0.4,-545,0.25,0.300,0.189,0.00,,,,0,-100,0,,,,
317.00,FLARE,1.32,2.35,18.88,-0.49,4.0,1.1,-0.6,-0.5,-543,0.25,0.299,0.203,0.00,,,,0,-102,0,,,,
317.10,FLARE,1.27,2.30,18.85,-0.47,4.1,1.2,-0.9,-0.5,-542,0.26,0.296,0.216,0.00,,,,0,-103,0,,,,
317.20,FLARE,1.23,2.26,18.82,-0.45,4.1,1.2,-1.1,-0.5,-540,0.26,0.295,0.229,0.00,,,,0,-105,1,,,,
317.30,FLARE,1.18,2.21,18.79,-0.43,4.2,1.2,-1.4,-0.6,-538,0.26,0.293,0.240,0.00,,,,0,-107,1,,,,
317.40,FLARE,1.14,2.17,18.76,-0.41,4.2,1.2,-1.6,-0.6,-536,0.26,0.292,0.250,0.00,,,,0,-109,1,,,,
317.50,FLARE,1.10,2.13,18.73,-0.40,4.2,1.2,-1.8,-0.6,-534,0.26,0.292,0.259,0.00,,,,0,-111,1,,,,
317.60,FLARE,1.06,2.09,18.70,-0.39,4.3,1.2,-2.0,-0.7,-532,0.26,0.293,0.266,0.00,,,,0,-113,1,,,,
317.70,FLARE,1.02,2.05,18.67,-0.38,4.2,1.1,-2.1,-0.7,-530,0.26,0.295,0.270,0.00,,,,0,-115,1,,,,
317.80,FLARE,0.98,2.01,18.64,-0.38,4.2,1.1,-2.2,-0.7,-529,0.26,0.299,0.273,0.00,,,,0,-116,1,,,,
317.90,FLARE,0.94,1.98,18.61,-0.38,4.2,1.0,-2.3,-0.7,-527,0.27,0.297,0.275,0.00,,,,0,-118,1,,,,
318.00,FLARE,0.91,1.94,18.58,-0.38,4.2,0.9,-2.3,-0.8,-525,0.27,0.301,0.274,0.00,,,,0,-120,1,,,,
318.10,FLARE,0.87,1.90,18.55,-0.38,4.2,0.8,-2.2,-0.8,-523,0.28,0.300,0.272,0.00,,,,0,-122,1,,,,
318.20,FLARE,0.83,1.86,18.53,-0.38,4.2,0.8,-2.1,-0.8,-521,0.29,0.299,0.269,0.00,,,,0,-124,1,,,,
318.30,FLARE,0.79,1.83,18.51,-0.39,4.2,0.7,-2.0,-0.8,-519,0.30,0.300,0.264,0.00,,,,0,-126,1,,,,
318.40,FLARE,0.75,1.79,18.49,-0.39,4.1,0.6,-1.9,-0.8,-518,0.30,0.301,0.258,0.00,,,,0,-127,1,,,,
318.50,FLARE,0.71,1.75,18.47,-0.40,4.1,0.6,-1.7,-0.8,-516,0.30,0.297,0.249,0.00,,,,0,-129,1,,,,
318.60,FLARE,0.67,1.71,18.45,-0.41,4.1,0.5,-1.5,-0.9,-514,0.30,0.301,0.239,0.00,,,,0,-131,1,,,,
318.70,FLARE,0.63,1.67,18.43,-0.42,4.0,0.5,-1.3,-0.9,-512,0.30,0.302,0.230,0.00,,,,0,-133,1,,,,
318.80,FLARE,0.59,1.62,18.42,-0.43,4.0,0.5,-1.1,-0.9,-510,0.30,0.299,0.221,0.00,,,,0,-135,1,,,,
318.90,FLARE,0.55,1.58,18.40,-0.45,3.9,0.5,-0.9,-0.9,-509,0.30,0.298,0.214,0.00,,,,0,-136,1,,,,
319.00,FLARE,0.50,1.53,18.39,-0.47,3.8,0.5,-0.7,-0.9,-507,0.30,0.299,0.207,0.00,,,,0,-138,1,,,,
319.10,FLARE,0.45,1.49,18.38,-0.49,3.7,0.5,-0.5,-0.9,-505,0.30,0.304,0.202,0.00,,,,0,-140,1,,,,
319.20,FLARE,0.40,1.44,18.37,-0.52,3.6,0.5,-0.4,-0.9,-503,0.30,0.304,0.198,0.00,,,,0,-142,1,,,,
319.30,FLARE,0.35,1.38,18.36,-0.54,3.5,0.6,-0.3,-1.0,-501,0.30,0.299,0.195,0.00,,,,0,-144,1,,,,
319.40,FLARE,0.30,1.33,18.35,-0.58,3.3,0.6,-0.2,-1.0,-500,0.30,0.303,0.194,0.00,,,,0,-145,1,,,,
319.50,FLARE,0.24,1.27,18.35,-0.61,3.2,0.7,-0.1,-1.0,-498,0.30,0.303,0.193,0.00,,,,0,-147,1,,,,
319.60,FLARE,0.18,1.21,18.35,-0.65,3.0,0.7,-0.0,-1.0,-496,0.30,0.304,0.194,0.00,,,,0,-149,1,,,,
319.70,ROLLOUT,0.11,1.14,18.30,-0.60,2.8,0.7,2.6,-1.0,-494,0.00,0.285,0.109,0.00,,,,2,-151,1,,,,
319.80,ROLLOUT,0.06,1.10,18.20,-0.14,2.7,0.4,2.5,-1.0,-492,0.00,0.350,-0.019,0.00,,,,2,-153,1,,,,
319.90,ROLLOUT,0.06,1.10,18.09,0.22,3.2,-0.2,2.3,-1.1,-491,0.00,0.350,-0.146,0.00,,,,2,-154,1,,,,
320.00,ROLLOUT,0.09,1.12,17.99,0.25,4.1,-0.6,1.8,-1.1,-489,0.00,0.350,-0.019,0.00,,,,2,-156,1,,,,
320.10,ROLLOUT,0.11,1.14,17.89,0.11,5.0,-0.7,1.1,-1.1,-487,0.00,0.350,0.109,0.00,,,,2,-158,1,,,,
320.20,ROLLOUT,0.12,1.15,17.79,0.02,5.8,-0.6,0.4,-1.1,-485,0.00,0.350,0.237,0.00,,,,1,-160,1,,,,
320.30,ROLLOUT,0.12,1.15,17.69,-0.04,6.3,-0.4,-0.3,-1.1,-483,0.00,0.350,0.332,0.00,,,,2,-162,1,,,,
320.40,ROLLOUT,0.11,1.14,17.58,-0.07,6.4,-0.3,-0.9,-1.1,-482,0.00,0.350,0.358,0.00,,,,2,-163,1,,,,
320.50,ROLLOUT,0.10,1.13,17.48,-0.12,6.4,-0.3,-1.4,-1.1,-480,0.00,0.350,0.355,0.00,,,,2,-165,1,,,,
320.60,ROLLOUT,0.09,1.12,17.39,-0.11,6.0,-0.3,-1.9,-1.2,-478,0.00,0.350,0.344,0.00,,,,2,-167,1,,,,
320.70,ROLLOUT,0.08,1.11,17.29,-0.01,5.6,-0.4,-2.4,-1.2,-477,0.00,0.350,0.367,0.00,,,,2,-168,1,,,,
320.80,ROLLOUT,0.08,1.12,17.20,0.06,5.3,-0.5,-2.9,-1.2,-475,0.00,0.350,0.400,0.00,,,,2,-170,1,,,,
320.90,ROLLOUT,0.09,1.12,17.11,0.05,5.0,-0.6,-3.5,-1.1,-473,0.00,0.350,0.451,0.00,,,,2,-172,1,,,,
321.00,ROLLOUT,0.09,1.13,17.03,-0.00,4.9,-0.6,-4.1,-1.1,-472,0.00,0.350,0.492,0.00,,,,2,-173,1,,,,
321.10,ROLLOUT,0.09,1.12,16.94,-0.03,4.8,-0.6,-4.7,-1.0,-470,0.00,0.350,0.515,0.00,,,,2,-175,1,,,,
321.20,ROLLOUT,0.09,1.12,16.86,-0.03,4.8,-0.6,-5.2,-1.0,-468,0.00,0.350,0.545,0.00,,,,2,-177,1,,,,
321.30,ROLLOUT,0.09,1.12,16.78,-0.01,4.9,-0.7,-5.8,-0.9,-467,0.00,0.350,0.571,0.00,,,,2,-178,1,,,,
321.40,ROLLOUT,0.09,1.12,16.69,-0.01,5.1,-0.7,-6.4,-0.8,-465,0.00,0.350,0.605,0.00,,,,2,-180,1,,,,
321.50,ROLLOUT,0.08,1.12,16.61,-0.01,5.4,-0.8,-7.0,-0.7,-463,0.00,0.350,0.632,0.00,,,,2,-182,1,,,,
321.60,ROLLOUT,0.08,1.11,16.52,-0.02,5.7,-0.8,-7.5,-0.6,-462,0.00,0.350,0.648,0.00,,,,2,-183,1,,,,
321.70,ROLLOUT,0.08,1.11,16.44,-0.03,6.0,-0.8,-8.0,-0.4,-460,0.00,0.350,0.666,0.00,,,,2,-185,0,,,,
321.80,ROLLOUT,0.08,1.11,16.35,-0.02,6.3,-0.8,-8.5,-0.3,-459,0.00,0.350,0.674,0.00,,,,2,-186,0,,,,
321.90,ROLLOUT,0.08,1.11,16.26,-0.02,6.5,-0.8,-9.0,-0.1,-457,0.00,0.350,0.686,0.00,,,,2,-188,0,,,,
322.00,ROLLOUT,0.07,1.11,16.17,-0.01,6.7,-0.9,-9.4,0.0,-455,0.00,0.350,0.694,0.00,,,,2,-190,-0,,,,
322.10,ROLLOUT,0.07,1.10,16.07,-0.01,6.8,-0.9,-9.8,0.2,-454,0.00,0.350,0.696,0.00,,,,2,-191,-0,,,,
322.20,ROLLOUT,0.07,1.10,15.98,-0.01,6.9,-1.0,-10.1,0.4,-452,0.00,0.350,0.699,0.00,,,,2,-193,-0,,,,
322.30,ROLLOUT,0.07,1.10,15.89,-0.01,7.0,-1.0,-10.4,0.5,-451,0.00,0.350,0.695,0.00,,,,2,-194,-1,,,,
322.40,ROLLOUT,0.07,1.10,15.80,-0.01,7.0,-1.1,-10.6,0.7,-449,0.00,0.350,0.692,0.00,,,,2,-196,-1,,,,
322.50,ROLLOUT,0.07,1.10,15.71,-0.01,7.0,-1.1,-10.8,0.9,-448,0.00,0.350,0.687,0.00,,,,2,-197,-1,,,,
322.60,ROLLOUT,0.07,1.10,15.61,-0.01,7.0,-1.2,-10.9,1.1,-446,0.00,0.350,0.677,0.00,,,,2,-199,-1,,,,
322.70,ROLLOUT,0.07,1.10,15.52,-0.01,7.0,-1.2,-11.0,1.3,-445,0.00,0.350,0.668,0.00,,,,2,-200,-1,,,,
322.80,ROLLOUT,0.06,1.10,15.42,-0.01,7.0,-1.2,-11.1,1.5,-443,0.00,0.350,0.651,0.00,,,,2,-202,-1,,,,
322.90,ROLLOUT,0.06,1.09,15.32,-0.02,7.1,-1.2,-11.1,1.6,-442,0.00,0.350,0.634,0.00,,,,2,-203,-2,,,,
323.00,ROLLOUT,0.06,1.09,15.22,-0.02,7.2,-1.3,-11.0,1.8,-441,0.00,0.350,0.612,0.00,,,,2,-204,-2,,,,
323.10,ROLLOUT,0.06,1.09,15.12,-0.02,7.3,-1.3,-10.9,2.0,-439,0.00,0.350,0.585,0.00,,,,2,-206,-2,,,,
323.20,ROLLOUT,0.06,1.09,15.01,-0.02,7.4,-1.3,-10.7,2.2,-438,0.00,0.350,0.508,0.00,,,,3,-207,-2,,,,
323.30,ROLLOUT,0.06,1.09,14.90,-0.02,7.6,-1.3,-10.5,2.3,-436,0.00,0.350,0.417,0.00,,,,3,-209,-2,,,,
323.40,ROLLOUT,0.05,1.09,14.78,-0.00,7.7,-1.3,-10.2,2.5,-435,0.00,0.350,0.396,0.00,,,,3,-210,-2,,,,
323.50,ROLLOUT,0.05,1.09,14.66,-0.01,7.7,-1.4,-9.7,2.6,-433,0.00,0.350,0.375,0.00,,,,3,-212,-3,,,,
323.60,ROLLOUT,0.05,1.09,14.54,-0.02,7.6,-1.4,-9.4,2.7,-432,0.00,0.350,0.365,0.00,,,,3,-213,-3,,,,
323.70,ROLLOUT,0.05,1.08,14.42,-0.02,7.7,-1.4,-8.8,2.8,-431,0.00,0.350,0.321,0.00,,,,3,-214,-3,,,,
323.80,ROLLOUT,0.05,1.08,14.29,-0.00,7.7,-1.4,-8.3,2.9,-429,0.00,0.350,0.299,0.00,,,,3,-216,-3,,,,
323.90,ROLLOUT,0.05,1.08,14.16,-0.01,7.7,-1.4,-7.7,3.0,-428,0.00,0.350,0.265,0.00,,,,3,-217,-3,,,,
324.00,ROLLOUT,0.05,1.08,14.03,-0.01,7.7,-1.4,-7.0,3.0,-427,0.00,0.350,0.226,0.00,,,,3,-218,-3,,,,
324.10,ROLLOUT,0.05,1.08,13.90,-0.01,7.7,-1.3,-6.2,3.0,-425,0.00,0.350,0.187,0.00,,,,3,-220,-3,,,,
324.20,ROLLOUT,0.05,1.08,13.76,-0.01,7.6,-1.3,-5.5,3.1,-424,0.00,0.350,0.145,0.00,,,,3,-221,-3,,,,
324.30,ROLLOUT,0.05,1.08,13.62,-0.01,7.6,-1.2,-4.7,3.1,-423,0.00,0.350,0.115,0.00,,,,3,-222,-3,,,,
324.40,ROLLOUT,0.04,1.08,13.49,-0.01,7.6,-1.2,-4.0,3.0,-421,0.00,0.350,0.074,0.00,,,,3,-224,-3,,,,
324.50,ROLLOUT,0.04,1.08,13.36,-0.01,7.6,-1.1,-3.3,3.0,-420,0.00,0.350,0.046,0.00,,,,3,-225,-3,,,,
324.60,ROLLOUT,0.04,1.08,13.23,-0.01,7.6,-1.0,-2.7,2.9,-419,0.00,0.350,0.026,0.00,,,,3,-226,-3,,,,
324.70,ROLLOUT,0.04,1.07,13.11,-0.01,7.6,-0.9,-2.1,2.8,-417,0.00,0.350,0.001,0.00,,,,3,-228,-3,,,,
324.80,ROLLOUT,0.04,1.07,13.00,-0.01,7.6,-0.8,-1.7,2.7,-416,0.00,0.350,-0.006,0.00,,,,3,-229,-3,,,,
324.90,ROLLOUT,0.04,1.07,12.89,-0.01,7.6,-0.7,-1.3,2.6,-415,0.00,0.350,-0.015,0.00,,,,3,-230,-3,,,,
325.00,ROLLOUT,0.04,1.07,12.79,-0.01,7.6,-0.6,-1.0,2.5,-413,0.00,0.350,-0.015,0.00,,,,3,-232,-3,,,,
325.10,ROLLOUT,0.04,1.07,12.70,-0.00,7.6,-0.5,-0.8,2.4,-412,0.00,0.350,-0.011,0.00,,,,3,-233,-2,,,,
325.20,ROLLOUT,0.04,1.07,12.61,-0.00,7.6,-0.5,-0.6,2.3,-411,0.00,0.350,-0.007,0.00,,,,3,-234,-2,,,,
325.30,ROLLOUT,0.04,1.07,12.54,-0.00,7.6,-0.4,-0.5,2.1,-410,0.00,0.350,0.005,0.00,,,,3,-235,-2,,,,
325.40,ROLLOUT,0.04,1.07,12.46,-0.00,7.6,-0.4,-0.5,2.0,-409,0.00,0.350,0.012,0.00,,,,3,-236,-2,,,,
325.50,ROLLOUT,0.04,1.07,12.40,-0.00,7.6,-0.4,-0.5,1.9,-407,0.00,0.350,0.023,0.00,,,,3,-238,-2,,,,
325.60,ROLLOUT,0.04,1.07,12.33,-0.00,7.6,-0.5,-0.5,1.7,-406,0.00,0.350,0.032,0.00,,,,3,-239,-2,,,,
325.70,ROLLOUT,0.04,1.07,12.27,-0.00,7.6,-0.5,-0.6,1.6,-405,0.00,0.350,0.039,0.00,,,,3,-240,-2,,,,
325.80,ROLLOUT,0.04,1.07,12.21,-0.00,7.6,-0.5,-0.6,1.5,-404,0.00,0.350,0.047,0.00,,,,3,-241,-2,,,,
325.90,ROLLOUT,0.04,1.07,12.16,-0.00,7.6,-0.6,-0.7,1.4,-402,0.00,0.350,0.052,0.00,,,,3,-243,-1,,,,
326.00,ROLLOUT,0.04,1.07,12.10,-0.00,7.6,-0.6,-0.8,1.3,-401,0.00,0.350,0.057,0.00,,,,3,-244,-1,,,,
326.10,ROLLOUT,0.04,1.07,12.04,-0.00,7.5,-0.6,-0.8,1.2,-400,0.00,0.350,0.061,0.00,,,,3,-245,-1,,,,
326.20,ROLLOUT,0.04,1.07,11.97,-0.01,7.5,-0.7,-0.9,1.2,-399,0.00,0.350,0.063,0.00,,,,3,-246,-1,,,,
326.30,ROLLOUT,0.04,1.07,11.91,-0.01,7.5,-0.7,-0.9,1.1,-398,0.00,0.350,0.065,0.00,,,,3,-247,-1,,,,
326.40,ROLLOUT,0.03,1.07,11.84,-0.01,7.5,-0.7,-1.0,1.0,-397,0.00,0.350,0.066,0.00,,,,3,-248,-1,,,,
326.50,ROLLOUT,0.03,1.07,11.77,-0.01,7.5,-0.7,-1.0,1.0,-395,0.00,0.350,0.067,0.00,,,,3,-250,-1,,,,
326.60,ROLLOUT,0.03,1.07,11.69,-0.01,7.5,-0.7,-1.0,0.9,-394,0.00,0.350,0.067,0.00,,,,3,-251,-1,,,,
326.70,ROLLOUT,0.03,1.07,11.61,-0.01,7.5,-0.7,-1.1,0.9,-393,0.00,0.350,0.067,0.00,,,,3,-252,-1,,,,
326.80,ROLLOUT,0.03,1.06,11.53,-0.01,7.5,-0.7,-1.1,0.8,-392,0.00,0.350,0.067,0.00,,,,3,-253,-1,,,,
326.90,ROLLOUT,0.03,1.06,11.44,-0.01,7.5,-0.7,-1.1,0.8,-391,0.00,0.350,0.066,0.00,,,,3,-254,-1,,,,
327.00,ROLLOUT,0.03,1.06,11.35,-0.01,7.5,-0.7,-1.1,0.8,-390,0.00,0.350,0.065,0.00,,,,3,-255,-1,,,,
327.10,ROLLOUT,0.03,1.06,11.25,-0.01,7.5,-0.7,-1.1,0.7,-389,0.00,0.350,0.065,0.00,,,,3,-256,-1,,,,
327.20,ROLLOUT,0.03,1.06,11.15,-0.01,7.5,-0.7,-1.1,0.7,-388,0.00,0.350,0.063,0.00,,,,3,-257,-1,,,,
327.30,ROLLOUT,0.03,1.06,11.05,-0.01,7.5,-0.7,-1.1,0.7,-387,0.00,0.350,0.062,0.00,,,,3,-258,-1,,,,
327.40,ROLLOUT,0.03,1.06,10.94,-0.01,7.5,-0.7,-1.1,0.7,-385,0.00,0.350,0.061,0.00,,,,3,-260,-1,,,,
327.50,ROLLOUT,0.03,1.06,10.84,-0.01,7.4,-0.7,-1.1,0.7,-384,0.00,0.350,0.060,0.00,,,,3,-261,-1,,,,
327.60,ROLLOUT,0.03,1.06,10.72,-0.01,7.4,-0.7,-1.1,0.6,-383,0.00,0.350,0.059,0.00,,,,3,-262,-1,,,,
327.70,ROLLOUT,0.03,1.06,10.60,-0.01,7.4,-0.7,-1.0,0.6,-382,0.00,0.350,0.058,0.00,,,,3,-263,-1,,,,
327.80,ROLLOUT,0.03,1.06,10.48,-0.01,7.4,-0.7,-1.0,0.6,-381,0.00,0.350,0.057,0.00,,,,3,-264,-1,,,,
327.90,ROLLOUT,0.02,1.06,10.36,-0.01,7.4,-0.7,-1.0,0.6,-380,0.00,0.350,0.056,0.00,,,,3,-265,-1,,,,
328.00,ROLLOUT,0.02,1.06,10.23,-0.01,7.4,-0.7,-1.0,0.6,-379,0.00,0.350,0.055,0.00,,,,3,-266,-1,,,,
328.10,ROLLOUT,0.02,1.06,10.10,-0.01,7.4,-0.7,-1.0,0.6,-378,0.00,0.350,0.054,0.00,,,,3,-267,-1,,,,
328.20,ROLLOUT,0.02,1.05,9.97,-0.01,7.4,-0.6,-1.0,0.5,-377,0.00,0.350,0.052,0.00,,,,3,-268,-1,,,,
328.30,ROLLOUT,0.02,1.05,9.83,-0.01,7.4,-0.6,-0.9,0.5,-377,0.00,0.350,0.051,0.00,,,,3,-268,-1,,,,
328.40,ROLLOUT,0.02,1.05,9.68,-0.01,7.4,-0.6,-0.9,0.5,-376,0.00,0.350,0.050,0.00,,,,3,-269,-1,,,,
328.50,ROLLOUT,0.02,1.05,9.54,-0.01,7.4,-0.6,-0.9,0.5,-375,0.00,0.350,0.049,0.00,,,,3,-270,-1,,,,
328.60,ROLLOUT,0.02,1.05,9.39,-0.01,7.3,-0.6,-0.9,0.5,-374,0.00,0.350,0.048,0.00,,,,3,-271,-0,,,,
328.70,ROLLOUT,0.02,1.05,9.25,-0.01,7.3,-0.6,-0.9,0.5,-373,0.00,0.350,0.047,0.00,,,,3,-272,-0,,,,
328.80,ROLLOUT,0.02,1.05,9.10,-0.01,7.3,-0.6,-0.8,0.5,-372,0.00,0.350,0.045,0.00,,,,3,-273,-0,,,,
328.90,ROLLOUT,0.02,1.05,8.95,-0.01,7.3,-0.6,-0.8,0.5,-371,0.00,0.350,0.044,0.00,,,,3,-274,-0,,,,
329.00,ROLLOUT,0.02,1.05,8.81,-0.01,7.3,-0.6,-0.8,0.5,-370,0.00,0.350,0.042,0.00,,,,3,-275,-0,,,,
329.10,ROLLOUT,0.01,1.05,8.66,-0.01,7.3,-0.6,-0.8,0.5,-370,0.00,0.350,0.040,0.00,,,,3,-275,-0,,,,
329.20,ROLLOUT,0.01,1.05,8.51,-0.01,7.3,-0.5,-0.7,0.4,-369,0.00,0.350,0.038,0.00,,,,3,-276,-0,,,,
329.30,ROLLOUT,0.01,1.05,8.36,-0.01,7.3,-0.5,-0.7,0.4,-368,0.00,0.350,0.037,0.00,,,,3,-277,-0,,,,
329.40,ROLLOUT,0.01,1.05,8.22,-0.01,7.3,-0.5,-0.7,0.4,-367,0.00,0.350,0.035,0.00,,,,3,-278,-0,,,,
329.50,ROLLOUT,0.01,1.04,8.07,-0.01,7.3,-0.5,-0.7,0.4,-366,0.00,0.350,0.033,0.00,,,,3,-279,-0,,,,
329.60,ROLLOUT,0.01,1.04,7.92,-0.01,7.3,-0.5,-0.6,0.4,-366,0.00,0.350,0.032,0.00,,,,3,-279,-0,,,,
329.70,ROLLOUT,0.01,1.04,7.77,-0.01,7.3,-0.5,-0.6,0.4,-365,0.00,0.350,0.030,0.00,,,,3,-280,-0,,,,
329.80,ROLLOUT,0.01,1.04,7.62,-0.01,7.3,-0.5,-0.6,0.4,-364,0.00,0.350,0.029,0.00,,,,3,-281,-0,,,,
329.90,ROLLOUT,0.01,1.04,7.48,-0.01,7.3,-0.4,-0.6,0.4,-364,0.00,0.350,0.027,0.00,,,,3,-281,-0,,,,
330.00,ROLLOUT,0.01,1.04,7.33,-0.01,7.2,-0.4,-0.5,0.4,-363,0.00,0.350,0.026,0.00,,,,3,-282,-0,,,,
330.10,ROLLOUT,0.01,1.04,7.18,-0.01,7.2,-0.4,-0.5,0.4,-362,0.00,0.350,0.025,0.00,,,,3,-283,-0,,,,
330.20,ROLLOUT,0.01,1.04,7.03,-0.01,7.2,-0.4,-0.5,0.4,-362,0.00,0.350,0.024,0.00,,,,3,-283,-0,,,,
330.30,ROLLOUT,0.01,1.04,6.88,-0.01,7.2,-0.4,-0.5,0.4,-361,0.00,0.350,0.023,0.00,,,,3,-284,-0,,,,
330.40,ROLLOUT,0.01,1.04,6.74,-0.01,7.2,-0.4,-0.4,0.4,-360,0.00,0.350,0.022,0.00,,,,3,-285,-0,,,,
330.50,ROLLOUT,0.01,1.04,6.59,-0.01,7.2,-0.4,-0.4,0.3,-360,0.00,0.350,0.021,0.00,,,,3,-285,-0,,,,
330.60,ROLLOUT,0.01,1.04,6.45,-0.01,7.2,-0.4,-0.4,0.3,-359,0.00,0.350,0.021,0.00,,,,3,-286,-0,,,,
330.70,ROLLOUT,0.00,1.04,6.30,-0.01,7.2,-0.3,-0.4,0.3,-359,0.00,0.350,0.020,0.00,,,,3,-286,-0,,,,
330.80,ROLLOUT,0.00,1.04,6.16,-0.01,7.2,-0.3,-0.4,0.3,-358,0.00,0.350,0.019,0.00,,,,3,-287,-0,,,,
330.90,ROLLOUT,0.00,1.04,6.01,-0.01,7.2,-0.3,-0.4,0.3,-358,0.00,0.350,0.019,0.00,,,,3,-287,-0,,,,
331.00,ROLLOUT,0.00,1.04,5.87,-0.00,7.2,-0.3,-0.4,0.3,-357,0.00,0.350,0.018,0.00,,,,3,-288,-0,,,,
331.10,ROLLOUT,0.00,1.04,5.73,-0.00,7.2,-0.3,-0.3,0.3,-357,0.00,0.350,0.017,0.00,,,,3,-288,-0,,,,
331.20,ROLLOUT,0.00,1.03,5.59,-0.00,7.2,-0.3,-0.3,0.3,-356,0.00,0.350,0.017,0.00,,,,3,-289,-0,,,,
331.30,ROLLOUT,0.00,1.03,5.45,-0.00,7.2,-0.3,-0.3,0.3,-356,0.00,0.350,0.016,0.00,,,,3,-289,-0,,,,
331.40,ROLLOUT,0.00,1.03,5.32,-0.00,7.2,-0.3,-0.3,0.3,-355,0.00,0.350,0.016,0.00,,,,3,-290,-0,,,,
331.50,ROLLOUT,0.00,1.03,5.18,-0.00,7.2,-0.3,-0.3,0.3,-355,0.00,0.350,0.015,0.00,,,,3,-290,-0,,,,
331.60,ROLLOUT,0.00,1.03,5.05,-0.00,7.2,-0.2,-0.3,0.3,-354,0.00,0.350,0.015,0.00,,,,3,-291,-0,,,,
331.70,ROLLOUT,0.00,1.03,4.91,-0.00,7.2,-0.2,-0.3,0.3,-354,0.00,0.350,0.014,0.00,,,,3,-291,-0,,,,
331.80,ROLLOUT,-0.00,1.03,4.78,-0.00,7.2,-0.2,-0.3,0.3,-354,0.00,0.350,0.014,0.00,,,,3,-291,-0,,,,
331.90,ROLLOUT,-0.00,1.03,4.66,-0.00,7.1,-0.2,-0.3,0.3,-353,0.00,0.350,0.013,0.00,,,,3,-292,-0,,,,
332.00,ROLLOUT,-0.00,1.03,4.54,-0.00,7.1,-0.2,-0.2,0.3,-353,0.00,0.350,0.013,0.00,,,,3,-292,-0,,,,
332.10,ROLLOUT,-0.00,1.03,4.43,0.00,7.2,-0.2,-0.2,0.3,-353,0.00,0.350,0.012,0.00,,,,3,-292,-0,,,,
332.20,ROLLOUT,-0.00,1.03,4.33,0.00,7.2,-0.2,-0.2,0.3,-352,0.00,0.350,0.012,0.00,,,,3,-293,-0,,,,
332.30,ROLLOUT,-0.00,1.03,4.23,0.00,7.2,-0.2,-0.2,0.3,-352,0.00,0.350,0.011,0.00,,,,3,-293,-0,,,,
332.40,ROLLOUT,-0.00,1.03,4.15,-0.00,7.2,-0.2,-0.2,0.3,-352,0.00,0.350,0.011,0.00,,,,3,-293,-0,,,,
332.50,ROLLOUT,-0.00,1.03,4.07,-0.00,7.2,-0.1,-0.2,0.3,-351,0.00,0.350,0.011,0.00,,,,3,-294,-0,,,,
332.60,ROLLOUT,-0.00,1.03,4.00,-0.00,7.2,-0.1,-0.2,0.3,-351,0.00,0.350,0.010,0.00,,,,3,-294,-0,,,,
332.70,ROLLOUT,-0.00,1.03,3.93,0.00,7.2,-0.1,-0.2,0.3,-351,0.00,0.350,0.010,0.00,,,,3,-294,-0,,,,
332.80,ROLLOUT,-0.00,1.03,3.87,0.00,7.2,-0.1,-0.2,0.3,-351,0.00,0.350,0.009,0.00,,,,3,-294,-0,,,,
332.90,ROLLOUT,-0.00,1.03,3.82,0.00,7.2,-0.1,-0.2,0.3,-350,0.00,0.350,0.009,0.00,,,,3,-295,-0,,,,
333.00,ROLLOUT,-0.00,1.03,3.77,0.00,7.2,-0.1,-0.2,0.3,-350,0.00,0.350,0.009,0.00,,,,3,-295,-0,,,,
333.10,ROLLOUT,-0.00,1.03,3.72,0.00,7.2,-0.1,-0.2,0.3,-350,0.00,0.350,0.009,0.00,,,,3,-295,-0,,,,
333.20,ROLLOUT,-0.00,1.03,3.68,0.00,7.2,-0.1,-0.2,0.3,-350,0.00,0.350,0.008,0.00,,,,3,-295,-0,,,,
333.30,ROLLOUT,-0.00,1.03,3.64,0.00,7.2,-0.1,-0.2,0.2,-350,0.00,0.350,0.008,0.00,,,,3,-295,-0,,,,
333.40,ROLLOUT,-0.00,1.03,3.61,0.00,7.2,-0.1,-0.2,0.2,-350,0.00,0.350,0.008,0.00,,,,3,-295,-0,,,,
333.50,ROLLOUT,-0.00,1.03,3.58,0.00,7.2,-0.1,-0.1,0.2,-349,0.00,0.350,0.008,0.00,,,,3,-296,-0,,,,
333.60,ROLLOUT,-0.00,1.03,3.55,0.00,7.2,-0.1,-0.1,0.2,-349,0.00,0.350,0.007,0.00,,,,3,-296,-0,,,,
333.70,ROLLOUT,-0.00,1.03,3.52,0.00,7.2,-0.1,-0.1,0.2,-349,0.00,0.350,0.007,0.00,,,,3,-296,-0,,,,
333.80,ROLLOUT,-0.00,1.03,3.50,0.00,7.2,-0.1,-0.1,0.2,-349,0.00,0.350,0.007,0.00,,,,3,-296,-0,,,,
333.90,ROLLOUT,-0.00,1.03,3.48,0.00,7.2,-0.1,-0.1,0.2,-349,0.00,0.350,0.007,0.00,,,,3,-296,-0,,,,
334.00,ROLLOUT,-0.00,1.03,3.45,0.00,7.2,-0.1,-0.1,0.2,-349,0.00,0.350,0.007,0.00,,,,3,-296,-0,,,,
334.10,ROLLOUT,-0.00,1.03,3.43,-0.00,7.2,-0.1,-0.1,0.2,-348,0.00,0.350,0.007,0.00,,,,3,-297,-0,,,,
334.20,ROLLOUT,-0.00,1.03,3.42,-0.00,7.2,-0.1,-0.1,0.2,-348,0.00,0.350,0.006,0.00,,,,3,-297,-0,,,,
334.30,ROLLOUT,-0.00,1.03,3.40,-0.00,7.2,-0.1,-0.1,0.2,-348,0.00,0.350,0.006,0.00,,,,3,-297,-0,,,,
334.40,ROLLOUT,-0.00,1.03,3.38,-0.00,7.2,-0.1,-0.1,0.2,-348,0.00,0.350,0.006,0.00,,,,3,-297,-0,,,,
334.50,ROLLOUT,-0.00,1.03,3.36,-0.00,7.2,-0.1,-0.1,0.2,-348,0.00,0.350,0.006,0.00,,,,3,-297,-0,,,,
334.60,ROLLOUT,-0.00,1.03,3.34,-0.00,7.2,-0.1,-0.1,0.2,-348,0.00,0.350,0.006,0.00,,,,3,-297,-0,,,,
334.70,ROLLOUT,-0.00,1.03,3.33,-0.00,7.2,-0.1,-0.1,0.2,-348,0.00,0.350,0.006,0.00,,,,3,-297,-0,,,,
334.80,ROLLOUT,-0.00,1.03,3.31,-0.00,7.2,-0.1,-0.1,0.2,-348,0.00,0.350,0.006,0.00,,,,3,-297,-0,,,,
334.90,ROLLOUT,-0.00,1.03,3.30,-0.00,7.2,-0.1,-0.1,0.2,-347,0.00,0.350,0.006,0.00,,,,3,-298,-0,,,,
335.00,ROLLOUT,-0.00,1.03,3.28,-0.00,7.2,-0.1,-0.1,0.2,-347,0.00,0.350,0.006,0.00,,,,3,-298,-0,,,,
335.10,ROLLOUT,-0.00,1.03,3.27,-0.00,7.2,-0.1,-0.1,0.2,-347,0.00,0.350,0.005,0.00,,,,3,-298,-0,,,,
335.20,ROLLOUT,-0.00,1.03,3.26,-0.00,7.2,-0.1,-0.1,0.2,-347,0.00,0.350,0.005,0.00,,,,3,-298,-0,,,,
335.30,ROLLOUT,-0.00,1.03,3.24,-0.00,7.2,-0.1,-0.1,0.2,-347,0.00,0.350,0.005,0.00,,,,3,-298,-0,,,,
335.40,ROLLOUT,-0.00,1.03,3.23,-0.00,7.2,-0.1,-0.1,0.2,-347,0.00,0.350,0.005,0.00,,,,3,-298,-0,,,,
335.50,ROLLOUT,-0.00,1.03,3.22,-0.00,7.2,-0.1,-0.1,0.2,-347,0.00,0.350,0.005,0.00,,,,3,-298,-0,,,,
335.60,ROLLOUT,-0.00,1.03,3.21,-0.00,7.2,-0.0,-0.1,0.2,-347,0.00,0.350,0.005,0.00,,,,3,-298,-0,,,,
335.70,ROLLOUT,-0.00,1.03,3.20,-0.00,7.2,-0.0,-0.1,0.2,-347,0.00,0.350,0.005,0.00,,,,3,-298,-0,,,,
335.80,ROLLOUT,-0.00,1.03,3.19,-0.00,7.2,-0.0,-0.1,0.2,-347,0.00,0.350,0.005,0.00,,,,3,-298,-0,,,,
335.90,ROLLOUT,-0.00,1.03,3.19,-0.00,7.2,-0.0,-0.1,0.2,-347,0.00,0.350,0.005,0.00,,,,3,-298,-0,,,,
336.00,ROLLOUT,-0.00,1.03,3.18,-0.00,7.2,-0.0,-0.1,0.2,-347,0.00,0.350,0.005,0.00,,,,3,-298,-0,,,,
336.10,ROLLOUT,-0.00,1.03,3.17,-0.00,7.2,-0.0,-0.1,0.2,-347,0.00,0.350,0.005,0.00,,,,3,-298,-0,,,,