t,phase,agl,aglT,V,vs,pitch,bank,e,xt,s,thr,de,dr,flap,offtrack,above,rem,onG,x,z,hdotC,Vc,wK,thC
0.00,ROLL,0.00,1.03,3.93,-0.00,7.2,-0.1,-1.5,0.0,396,0.00,0.009,0.021,0.00,,,,3,1,0,,,,
0.10,ROLL,-0.00,1.03,3.93,-0.00,7.2,-0.1,-1.5,0.0,396,0.00,0.010,0.150,0.02,,,,3,1,0,,,,
0.20,ROLL,-0.00,1.03,3.93,-0.00,7.2,-0.1,-1.5,0.0,396,0.00,0.010,0.128,0.03,,,,3,1,0,,,,
0.30,ROLL,-0.00,1.03,3.93,0.00,7.2,-0.1,-1.5,0.0,396,0.00,0.010,0.104,0.04,,,,3,1,0,,,,
0.40,ROLL,-0.00,1.03,3.93,0.00,7.2,-0.1,-1.5,0.0,396,0.00,0.010,0.093,0.06,,,,3,1,0,,,,
0.50,ROLL,-0.00,1.03,3.93,0.03,7.2,-0.1,-1.5,0.0,396,1.00,0.010,0.089,0.07,,,,3,1,0,,,,
0.60,ROLL,0.01,1.04,3.94,0.09,7.2,-0.1,-1.5,0.0,396,1.00,0.009,0.094,0.09,,,,3,1,0,,,,
0.70,ROLL,0.01,1.05,3.97,0.04,7.3,-0.1,-1.5,0.0,396,1.00,-0.002,0.096,0.10,,,,3,1,0,,,,
0.80,ROLL,0.02,1.05,4.00,-0.02,7.4,-0.2,-1.6,0.0,396,1.00,-0.000,0.097,0.11,,,,3,1,0,,,,
0.90,ROLL,0.01,1.05,4.04,-0.03,7.3,-0.3,-1.6,0.0,396,1.00,0.011,0.096,0.13,,,,3,1,0,,,,
1.00,ROLL,0.01,1.04,4.08,0.00,7.3,-0.4,-1.5,0.0,396,1.00,0.012,0.086,0.14,,,,3,1,0,,,,
1.10,ROLL,0.01,1.04,4.14,0.02,7.3,-0.5,-1.5,0.0,395,1.00,0.009,0.085,0.16,,,,3,0,0,,,,
1.20,ROLL,0.01,1.05,4.20,0.02,7.3,-0.5,-1.5,0.0,395,1.00,0.005,0.087,0.17,,,,3,0,0,,,,
1.30,ROLL,0.02,1.05,4.28,0.01,7.3,-0.6,-1.5,0.0,395,1.00,0.005,0.091,0.18,,,,3,0,0,,,,
1.40,ROLL,0.02,1.05,4.36,-0.00,7.3,-0.5,-1.6,-0.0,395,1.00,0.007,0.096,0.20,,,,3,-0,-0,,,,
1.50,ROLL,0.02,1.05,4.44,-0.00,7.3,-0.5,-1.6,-0.0,395,1.00,0.008,0.096,0.21,,,,3,-0,-0,,,,
1.60,ROLL,0.02,1.05,4.53,0.01,7.3,-0.4,-1.6,-0.0,395,1.00,0.009,0.095,0.23,,,,3,-0,-0,,,,
1.70,ROLL,0.02,1.05,4.62,0.01,7.3,-0.3,-1.6,-0.0,394,1.00,0.008,0.095,0.24,,,,3,-1,-0,,,,
1.80,ROLL,0.02,1.05,4.72,0.01,7.3,-0.3,-1.6,-0.0,394,1.00,0.007,0.096,0.25,,,,3,-1,-0,,,,
1.90,ROLL,0.02,1.05,4.83,0.00,7.4,-0.2,-1.6,-0.0,394,1.00,0.007,0.099,0.25,,,,3,-1,-0,,,,
2.00,ROLL,0.02,1.05,4.93,0.00,7.4,-0.2,-1.7,-0.0,394,1.00,0.007,0.101,0.25,,,,3,-1,-0,,,,
2.10,ROLL,0.02,1.05,5.05,0.00,7.4,-0.2,-1.7,-0.0,393,1.00,0.008,0.104,0.25,,,,3,-2,-0,,,,
2.20,ROLL,0.02,1.05,5.16,0.01,7.4,-0.2,-1.7,-0.1,393,1.00,0.008,0.106,0.25,,,,3,-2,-0,,,,
2.30,ROLL,0.02,1.05,5.28,0.01,7.4,-0.3,-1.8,-0.1,393,1.00,0.007,0.108,0.25,,,,3,-2,-0,,,,
2.40,ROLL,0.02,1.05,5.40,0.01,7.4,-0.3,-1.8,-0.1,392,1.00,0.007,0.111,0.25,,,,3,-3,-0,,,,
2.50,ROLL,0.02,1.05,5.53,0.01,7.4,-0.3,-1.8,-0.1,392,1.00,0.007,0.114,0.25,,,,3,-3,-0,,,,
2.60,ROLL,0.02,1.05,5.66,0.01,7.4,-0.3,-1.9,-0.1,392,1.00,0.007,0.117,0.25,,,,3,-3,-0,,,,
2.70,ROLL,0.02,1.05,5.79,0.01,7.4,-0.3,-1.9,-0.1,391,1.00,0.007,0.120,0.25,,,,3,-4,-0,,,,
2.80,ROLL,0.02,1.05,5.92,0.01,7.4,-0.3,-2.0,-0.1,391,1.00,0.007,0.122,0.25,,,,3,-4,-0,,,,
2.90,ROLL,0.02,1.06,6.06,0.01,7.4,-0.3,-2.0,-0.1,390,1.00,0.007,0.125,0.25,,,,3,-5,-0,,,,
3.00,ROLL,0.02,1.06,6.19,0.01,7.4,-0.3,-2.0,-0.1,390,1.00,0.007,0.128,0.25,,,,3,-5,-0,,,,
3.10,ROLL,0.02,1.06,6.33,0.01,7.4,-0.2,-2.1,-0.2,389,1.00,0.007,0.131,0.25,,,,3,-6,-0,,,,
3.20,ROLL,0.02,1.06,6.47,0.01,7.4,-0.2,-2.1,-0.2,389,1.00,0.007,0.133,0.25,,,,3,-6,-0,,,,
3.30,ROLL,0.03,1.06,6.61,0.01,7.4,-0.2,-2.2,-0.2,388,1.00,0.006,0.136,0.25,,,,3,-7,-0,,,,
3.40,ROLL,0.03,1.06,6.75,0.01,7.4,-0.2,-2.2,-0.2,388,1.00,0.006,0.139,0.25,,,,3,-7,-0,,,,
3.50,ROLL,0.03,1.06,6.89,0.01,7.4,-0.2,-2.3,-0.2,387,1.00,0.006,0.143,0.25,,,,3,-8,-0,,,,
3.60,ROLL,0.03,1.06,7.04,0.01,7.4,-0.2,-2.3,-0.2,387,1.00,0.006,0.146,0.25,,,,3,-8,-0,,,,
3.70,ROLL,0.03,1.06,7.18,0.01,7.4,-0.2,-2.4,-0.2,386,1.00,0.006,0.149,0.25,,,,3,-9,-0,,,,
3.80,ROLL,0.03,1.06,7.32,0.01,7.4,-0.2,-2.4,-0.3,386,1.00,0.006,0.153,0.25,,,,3,-9,-0,,,,
3.90,ROLL,0.03,1.06,7.47,0.01,7.4,-0.2,-2.5,-0.3,385,1.00,0.006,0.157,0.25,,,,3,-10,-0,,,,
4.00,ROLL,0.03,1.06,7.61,0.01,7.5,-0.1,-2.6,-0.3,384,1.00,0.006,0.162,0.25,,,,3,-11,-0,,,,
4.10,ROLL,0.03,1.06,7.76,0.01,7.5,-0.1,-2.6,-0.3,384,1.00,0.006,0.166,0.25,,,,3,-11,-0,,,,
4.20,ROLL,0.03,1.06,7.90,0.01,7.5,-0.1,-2.7,-0.3,383,1.00,0.005,0.172,0.25,,,,3,-12,-0,,,,
4.30,ROLL,0.03,1.06,8.05,0.01,7.5,-0.1,-2.8,-0.4,382,1.00,0.005,0.178,0.25,,,,3,-13,-0,,,,
4.40,ROLL,0.03,1.07,8.19,0.01,7.5,-0.1,-2.9,-0.4,382,1.00,0.005,0.185,0.25,,,,3,-13,-0,,,,
4.50,ROLL,0.03,1.07,8.34,0.01,7.5,-0.1,-3.0,-0.4,381,1.00,0.005,0.192,0.25,,,,3,-14,-0,,,,
4.60,ROLL,0.03,1.07,8.49,0.01,7.5,-0.0,-3.1,-0.4,380,1.00,0.005,0.199,0.25,,,,3,-15,-0,,,,
4.70,ROLL,0.04,1.07,8.63,0.01,7.5,-0.0,-3.2,-0.4,379,1.00,0.005,0.206,0.25,,,,3,-16,-0,,,,
4.80,ROLL,0.04,1.07,8.78,0.01,7.5,-0.0,-3.3,-0.5,379,1.00,0.005,0.214,0.25,,,,3,-16,-0,,,,
4.90,ROLL,0.04,1.07,8.92,0.01,7.5,0.0,-3.4,-0.5,378,1.00,0.005,0.221,0.25,,,,3,-17,-0,,,,
5.00,ROLL,0.04,1.07,9.07,0.01,7.5,0.0,-3.5,-0.5,377,1.00,0.004,0.229,0.25,,,,3,-18,-1,,,,
5.10,ROLL,0.04,1.07,9.21,0.01,7.5,0.1,-3.7,-0.5,376,1.00,0.004,0.236,0.25,,,,3,-19,-1,,,,
5.20,ROLL,0.04,1.07,9.36,0.01,7.5,0.1,-3.8,-0.6,375,1.00,0.005,0.243,0.25,,,,3,-20,-1,,,,
5.30,ROLL,0.04,1.07,9.50,0.01,7.5,0.1,-3.9,-0.6,375,1.00,0.006,0.248,0.25,,,,3,-20,-1,,,,
5.40,ROLL,0.04,1.07,9.65,0.01,7.5,0.1,-4.0,-0.6,374,1.00,0.010,0.252,0.25,,,,3,-21,-1,,,,
5.50,ROLL,0.04,1.08,9.79,0.01,7.4,0.1,-4.1,-0.7,373,1.00,0.015,0.254,0.25,,,,3,-22,-1,,,,
5.60,ROLL,0.04,1.08,9.93,0.01,7.4,0.1,-4.1,-0.7,372,1.00,0.021,0.255,0.25,,,,3,-23,-1,,,,
5.70,ROLL,0.05,1.08,10.07,0.02,7.3,0.1,-4.2,-0.7,371,1.00,0.026,0.254,0.25,,,,2,-24,-1,,,,
5.80,ROLL,0.05,1.08,10.21,0.02,7.1,0.1,-4.2,-0.8,370,1.00,0.031,0.382,0.25,,,,2,-25,-1,,,,
5.90,ROLL,0.05,1.08,10.36,0.01,7.0,0.1,-4.0,-0.8,369,1.00,0.035,0.460,0.25,,,,2,-26,-1,,,,
6.00,ROLL,0.05,1.08,10.49,0.01,6.9,0.0,-3.8,-0.8,368,1.00,0.036,0.351,0.25,,,,2,-27,-1,,,,
6.10,ROLL,0.05,1.08,10.61,0.01,6.8,0.0,-3.3,-0.9,367,1.00,0.038,0.223,0.25,,,,2,-28,-1,,,,
6.20,ROLL,0.05,1.09,10.73,0.02,6.7,-0.1,-2.9,-0.9,366,1.00,0.044,0.127,0.25,,,,2,-29,-1,,,,
6.30,ROLL,0.06,1.09,10.84,0.02,6.5,-0.2,-2.5,-0.9,365,1.00,0.050,0.098,0.25,,,,2,-30,-1,,,,
6.40,ROLL,0.06,1.09,10.95,0.02,6.4,-0.2,-2.2,-0.9,364,1.00,0.055,0.089,0.25,,,,2,-31,-1,,,,
6.50,ROLL,0.06,1.09,11.07,0.02,6.2,-0.2,-2.1,-0.9,363,1.00,0.059,0.126,0.25,,,,2,-32,-1,,,,
6.60,ROLL,0.06,1.09,11.20,0.02,6.1,-0.1,-2.1,-0.9,362,1.00,0.061,0.159,0.25,,,,2,-33,-1,,,,
6.70,ROLL,0.06,1.09,11.33,0.02,5.9,-0.0,-2.1,-0.9,361,1.00,0.061,0.192,0.25,,,,2,-34,-1,,,,
6.80,ROLL,0.06,1.10,11.47,0.02,5.8,0.1,-2.1,-0.9,360,1.00,0.061,0.214,0.25,,,,2,-35,-1,,,,
6.90,ROLL,0.07,1.10,11.61,0.01,5.7,0.2,-2.2,-0.9,359,1.00,0.061,0.223,0.25,,,,2,-36,-1,,,,
7.00,ROLL,0.07,1.10,11.76,0.01,5.6,0.3,-2.2,-0.9,358,1.00,0.061,0.233,0.25,,,,2,-37,-1,,,,
7.10,ROLL,0.07,1.10,11.90,0.01,5.5,0.3,-2.3,-0.9,357,1.00,0.063,0.228,0.25,,,,2,-38,-1,,,,
7.20,ROLL,0.07,1.10,12.05,0.02,5.4,0.3,-2.3,-0.9,356,1.00,0.065,0.231,0.25,,,,2,-39,-1,,,,
7.30,ROLL,0.07,1.10,12.19,0.02,5.3,0.3,-2.3,-0.9,355,1.00,0.067,0.230,0.25,,,,2,-40,-1,,,,
7.40,ROLL,0.07,1.11,12.34,0.02,5.2,0.3,-2.4,-0.9,353,1.00,0.070,0.229,0.25,,,,2,-42,-1,,,,
7.50,ROLL,0.07,1.11,12.48,0.02,5.1,0.3,-2.4,-0.9,352,1.00,0.073,0.232,0.25,,,,2,-43,-1,,,,
7.60,ROLL,0.08,1.11,12.63,0.02,5.0,0.3,-2.5,-0.9,351,1.00,0.075,0.231,0.25,,,,2,-44,-1,,,,
7.70,ROLL,0.08,1.11,12.77,0.02,4.9,0.3,-2.6,-0.8,350,1.00,0.078,0.233,0.25,,,,2,-45,-1,,,,
7.80,ROLL,0.08,1.11,12.92,0.02,4.8,0.3,-2.6,-0.8,349,1.00,0.080,0.233,0.25,,,,2,-46,-1,,,,
7.90,ROLL,0.08,1.11,13.07,0.01,4.7,0.3,-2.7,-0.8,347,1.00,0.082,0.233,0.25,,,,2,-48,-1,,,,
8.00,ROLL,0.08,1.11,13.21,0.01,4.6,0.3,-2.7,-0.8,346,1.00,0.083,0.233,0.25,,,,2,-49,-1,,,,
8.10,ROLL,0.08,1.12,13.36,0.01,4.5,0.3,-2.8,-0.8,345,1.00,0.085,0.231,0.25,,,,2,-50,-1,,,,
8.20,ROLL,0.08,1.12,13.50,0.01,4.4,0.3,-2.8,-0.8,344,1.00,0.087,0.232,0.25,,,,2,-51,-1,,,,
8.30,ROLL,0.09,1.12,13.64,0.01,4.3,0.3,-2.9,-0.8,342,1.00,0.089,0.231,0.25,,,,2,-53,-1,,,,
8.40,ROLL,0.09,1.12,13.79,0.01,4.2,0.3,-2.9,-0.8,341,1.00,0.090,0.231,0.25,,,,2,-54,-1,,,,
8.50,ROLL,0.09,1.12,13.93,0.01,4.1,0.3,-3.0,-0.8,340,1.00,0.092,0.231,0.25,,,,2,-55,-1,,,,
8.60,ROLL,0.09,1.12,14.07,0.01,4.0,0.3,-3.1,-0.8,338,1.00,0.094,0.231,0.25,,,,2,-57,-1,,,,
8.70,ROLL,0.09,1.12,14.22,0.01,3.9,0.3,-3.1,-0.9,337,1.00,0.095,0.231,0.25,,,,2,-58,-1,,,,
8.80,ROLL,0.09,1.13,14.36,0.01,3.9,0.3,-3.2,-0.9,336,1.00,0.097,0.230,0.25,,,,2,-59,-1,,,,
8.90,ROLL,0.09,1.13,14.50,0.01,3.8,0.3,-3.2,-0.9,334,1.00,0.099,0.230,0.25,,,,2,-61,-1,,,,
9.00,ROLL,0.10,1.13,14.64,0.01,3.7,0.3,-3.3,-0.9,333,1.00,0.100,0.229,0.25,,,,2,-62,-1,,,,
9.10,ROLL,0.10,1.13,14.78,0.01,3.6,0.4,-3.3,-0.9,331,1.00,0.102,0.229,0.25,,,,2,-64,-1,,,,
9.20,ROLL,0.10,1.13,14.92,0.01,3.5,0.4,-3.4,-0.9,330,1.00,0.103,0.228,0.25,,,,2,-65,-1,,,,
9.30,ROLL,0.10,1.13,15.06,0.01,3.5,0.4,-3.4,-0.9,328,1.00,0.105,0.228,0.25,,,,2,-67,-1,,,,
9.40,ROLL,0.10,1.13,15.20,0.01,3.4,0.4,-3.5,-0.9,327,1.00,0.106,0.228,0.25,,,,2,-68,-1,,,,
9.50,ROLL,0.10,1.13,15.34,0.01,3.3,0.4,-3.6,-0.9,326,1.00,0.108,0.227,0.25,,,,2,-69,-1,,,,
9.60,ROLL,0.10,1.14,15.47,0.01,3.2,0.4,-3.6,-0.9,324,1.00,0.109,0.227,0.25,,,,2,-71,-1,,,,
9.70,ROLL,0.10,1.14,15.61,0.01,3.2,0.4,-3.7,-1.0,323,1.00,0.110,0.227,0.25,,,,2,-72,-1,,,,
9.80,ROLL,0.11,1.14,15.75,0.01,3.1,0.4,-3.7,-1.0,321,1.00,0.112,0.226,0.25,,,,2,-74,-1,,,,
9.90,ROLL,0.11,1.14,15.88,0.01,3.0,0.4,-3.8,-1.0,319,1.00,0.113,0.226,0.25,,,,2,-76,-1,,,,
10.00,ROLL,0.11,1.14,16.02,0.00,3.0,0.4,-3.8,-1.0,318,1.00,0.174,0.226,0.25,,,,2,-77,-1,,,,
10.10,ROLL,0.11,1.14,16.15,-0.00,3.1,0.4,-3.9,-1.0,316,1.00,0.168,0.226,0.25,,,,2,-79,-1,,,,
10.20,ROLL,0.11,1.14,16.28,0.00,3.3,0.4,-4.0,-1.0,315,1.00,0.158,0.225,0.25,,,,2,-80,-1,,,,
10.30,ROLL,0.11,1.14,16.41,0.01,3.5,0.4,-4.0,-1.1,313,1.00,0.155,0.225,0.25,,,,2,-82,-1,,,,
10.40,ROLL,0.11,1.14,16.53,0.02,3.7,0.5,-4.1,-1.1,312,1.00,0.161,0.227,0.25,,,,2,-83,-1,,,,
10.50,ROLL,0.11,1.14,16.66,0.03,3.8,0.5,-4.1,-1.1,310,1.00,0.174,0.227,0.25,,,,2,-85,-1,,,,
10.60,ROLL,0.12,1.15,16.78,0.04,3.9,0.5,-4.2,-1.1,308,1.00,0.186,0.226,0.25,,,,2,-87,-1,,,,
10.70,ROLL,0.12,1.15,16.89,0.05,4.0,0.6,-4.2,-1.1,307,1.00,0.197,0.224,0.25,,,,2,-88,-1,,,,
10.80,ROLL,0.13,1.16,17.01,0.07,4.1,0.7,-4.2,-1.1,305,1.00,0.204,0.222,0.25,,,,2,-90,-1,,,,
10.90,ROLL,0.13,1.17,17.12,0.10,4.2,0.8,-4.2,-1.2,303,1.00,0.208,0.221,0.25,,,,1,-92,-1,,,,
11.00,ROLL,0.15,1.18,17.23,0.15,4.4,0.8,-4.3,-1.2,302,1.00,0.210,0.221,0.25,,,,1,-93,-1,,,,
11.10,LIFTOFF,0.16,1.19,17.33,0.20,4.6,0.9,-1.1,-1.2,300,1.00,0.205,0.115,0.25,,,,0,-95,-1,,,,
11.20,LIFTOFF,0.18,1.22,17.43,0.27,4.7,0.7,-1.3,-1.2,298,1.00,0.201,-0.000,0.25,,,,0,-97,-1,,,,
11.30,LIFTOFF,0.21,1.25,17.52,0.34,4.9,0.5,-1.6,-1.2,297,1.00,0.200,-0.005,0.25,,,,0,-98,-1,,,,
11.40,LIFTOFF,0.25,1.28,17.61,0.43,5.0,0.4,-2.2,-1.2,295,1.00,0.198,-0.003,0.25,,,,0,-100,-1,,,,
11.50,LIFTOFF,0.30,1.33,17.69,0.52,5.2,0.5,-3.0,-1.3,293,1.00,0.195,0.005,0.25,,,,0,-102,-1,,,,
11.60,LIFTOFF,0.35,1.38,17.77,0.61,5.4,0.7,-4.0,-1.3,292,1.00,0.190,0.015,0.25,,,,0,-103,-1,,,,
11.70,LIFTOFF,0.42,1.45,17.85,0.71,5.6,0.9,-5.1,-1.3,290,1.00,0.182,0.026,0.25,,,,0,-105,-1,,,,
11.80,LIFTOFF,0.49,1.52,17.92,0.81,5.8,1.1,-6.3,-1.3,288,1.00,0.174,0.037,0.25,,,,0,-107,-1,,,,
11.90,LIFTOFF,0.57,1.61,17.99,0.91,6.1,1.2,-7.5,-1.3,286,1.00,0.166,0.047,0.25,,,,0,-109,-1,,,,
12.00,LIFTOFF,0.67,1.70,18.06,1.03,6.4,1.3,-8.8,-1.3,285,1.00,0.158,0.056,0.25,,,,0,-110,-1,,,,
12.10,LIFTOFF,0.78,1.81,18.12,1.15,6.6,1.3,-10.1,-1.3,283,1.00,0.149,0.064,0.25,,,,0,-112,-1,,,,
12.20,LIFTOFF,0.89,1.93,18.17,1.27,7.0,1.2,-11.3,-1.3,281,1.00,0.141,0.071,0.25,,,,0,-114,-1,,,,
12.30,LIFTOFF,1.03,2.06,18.22,1.40,7.3,1.1,-12.4,-1.3,279,1.00,0.132,0.077,0.25,,,,0,-116,-1,,,,
12.40,LIFTOFF,1.17,2.20,18.25,1.53,7.6,1.0,-13.5,-1.4,278,1.00,0.122,0.082,0.25,,,,0,-117,-1,,,,
12.50,LIFTOFF,1.33,2.36,18.29,1.66,8.0,0.8,-14.5,-1.4,276,1.00,0.113,0.085,0.25,,,,0,-119,-1,,,,
12.60,LIFTOFF,1.50,2.53,18.31,1.79,8.4,0.6,-15.3,-1.4,274,1.00,0.104,0.087,0.25,,,,0,-121,-1,,,,
12.70,LIFTOFF,1.68,2.71,18.33,1.92,8.7,0.4,-16.1,-1.5,272,1.00,0.095,0.088,0.25,,,,0,-123,-1,,,,
12.80,LIFTOFF,1.88,2.91,18.34,2.05,9.1,0.2,-16.6,-1.5,271,1.00,0.087,0.088,0.25,,,,0,-124,-1,,,,
12.90,LIFTOFF,2.09,3.12,18.35,2.19,9.5,-0.1,-17.1,-1.5,269,1.00,0.079,0.087,0.25,,,,0,-126,-2,,,,
13.00,LIFTOFF,2.31,3.34,18.34,2.32,9.9,-0.3,-17.4,-1.6,267,1.00,0.072,0.085,0.25,,,,0,-128,-2,,,,
13.10,LIFTOFF,2.55,3.58,18.34,2.44,10.3,-0.5,-17.5,-1.6,265,1.00,0.065,0.082,0.25,,,,0,-130,-2,,,,
13.20,LIFTOFF,2.79,3.83,18.32,2.57,10.7,-0.7,-17.6,-1.7,264,1.00,0.059,0.079,0.25,,,,0,-131,-2,,,,
13.30,LIFTOFF,3.05,4.09,18.30,2.69,11.0,-1.0,-17.5,-1.7,262,1.00,0.053,0.075,0.25,,,,0,-133,-2,,,,
13.40,LIFTOFF,3.33,4.36,18.28,2.80,11.4,-1.1,-17.3,-1.8,260,1.00,0.047,0.071,0.25,,,,0,-135,-2,,,,
13.50,LIFTOFF,3.61,4.64,18.25,2.92,11.7,-1.3,-17.0,-1.8,258,1.00,0.043,0.067,0.25,,,,0,-137,-2,,,,
13.60,LIFTOFF,3.91,4.94,18.21,3.02,12.1,-1.4,-16.6,-1.9,257,1.00,0.038,0.062,0.25,,,,0,-138,-2,,,,
13.70,LIFTOFF,4.21,5.24,18.17,3.13,12.4,-1.5,-16.2,-1.9,255,1.00,0.034,0.058,0.25,,,,0,-140,-2,,,,
13.80,LIFTOFF,4.53,5.56,18.12,3.22,12.7,-1.6,-15.6,-1.9,253,1.00,0.030,0.054,0.25,,,,0,-142,-2,,,,
13.90,LIFTOFF,4.85,5.89,18.07,3.31,13.0,-1.6,-15.1,-2.0,251,1.00,0.027,0.050,0.25,,,,0,-144,-2,,,,
14.00,LIFTOFF,5.19,6.22,18.01,3.39,13.3,-1.6,-14.5,-2.0,250,1.00,0.024,0.047,0.25,,,,0,-145,-2,,,,
14.10,LIFTOFF,5.53,6.56,17.95,3.47,13.6,-1.6,-14.0,-2.0,248,1.00,0.021,0.044,0.25,,,,0,-147,-2,,,,
14.20,LIFTOFF,5.88,6.91,17.88,3.54,13.8,-1.6,-13.4,-2.0,246,1.00,0.018,0.041,0.25,,,,0,-149,-2,,,,
14.30,LIFTOFF,6.23,7.27,17.82,3.60,14.1,-1.5,-12.9,-2.0,245,1.00,0.016,0.039,0.25,,,,0,-150,-2,,,,
14.40,LIFTOFF,6.60,7.63,17.74,3.65,14.3,-1.4,-12.4,-2.0,243,1.00,0.014,0.038,0.25,,,,0,-152,-2,,,,
14.50,LIFTOFF,6.96,8.00,17.67,3.70,14.5,-1.3,-11.9,-2.0,241,1.00,0.012,0.037,0.25,,,,0,-154,-2,,,,
14.60,LIFTOFF,7.33,8.37,17.59,3.74,14.7,-1.1,-11.5,-2.0,240,1.00,0.011,0.037,0.25,,,,0,-155,-2,,,,
14.70,LIFTOFF,7.71,8.74,17.51,3.77,14.9,-1.0,-11.1,-2.0,238,1.00,0.009,0.037,0.25,,,,0,-157,-2,,,,
14.80,LIFTOFF,8.09,9.12,17.43,3.79,15.0,-0.8,-10.8,-2.0,236,1.00,0.008,0.038,0.25,,,,0,-159,-2,,,,
14.90,LIFTOFF,8.47,9.50,17.34,3.80,15.2,-0.6,-10.6,-2.0,235,1.00,0.008,0.039,0.25,,,,0,-160,-2,,,,
15.00,LIFTOFF,8.85,9.88,17.26,3.81,15.3,-0.4,-10.4,-1.9,233,1.00,0.007,0.041,0.25,,,,0,-162,-2,,,,
15.10,LIFTOFF,9.23,10.26,17.17,3.82,15.5,-0.2,-10.3,-1.9,232,1.00,0.007,0.043,0.25,,,,0,-163,-2,,,,
15.20,LIFTOFF,9.61,10.64,17.09,3.81,15.6,-0.0,-10.3,-1.9,230,1.00,0.006,0.045,0.25,,,,0,-165,-2,,,,
15.30,LIFTOFF,9.99,11.02,17.00,3.80,15.7,0.1,-10.3,-1.8,228,1.00,0.006,0.048,0.25,,,,0,-167,-2,,,,
15.40,LIFTOFF,10.37,11.40,16.92,3.79,15.8,0.3,-10.4,-1.8,227,1.00,0.006,0.050,0.25,,,,0,-168,-2,,,,
15.50,LIFTOFF,10.75,11.78,16.83,3.77,15.8,0.5,-10.5,-1.7,225,1.00,0.007,0.053,0.25,,,,0,-170,-2,,,,
15.60,LIFTOFF,11.12,12.16,16.75,3.75,15.9,0.7,-10.7,-1.7,224,1.00,0.007,0.057,0.25,,,,0,-171,-2,,,,
15.70,LIFTOFF,11.50,12.53,16.66,3.72,16.0,0.8,-11.0,-1.6,222,1.00,0.008,0.060,0.25,,,,0,-173,-2,,,,
15.80,LIFTOFF,11.87,12.90,16.58,3.70,16.0,1.0,-11.2,-1.6,221,1.00,0.008,0.063,0.25,,,,0,-174,-2,,,,
15.90,LIFTOFF,12.24,13.27,16.49,3.66,16.0,1.1,-11.5,-1.5,219,1.00,0.009,0.066,0.25,,,,0,-176,-2,,,,
16.00,LIFTOFF,12.60,13.64,16.41,3.63,16.1,1.2,-11.8,-1.5,217,1.00,0.010,0.069,0.25,,,,0,-178,-1,,,,
16.10,LIFTOFF,12.97,14.00,16.33,3.59,16.1,1.3,-12.2,-1.4,216,1.00,0.011,0.072,0.25,,,,0,-179,-1,,,,
16.20,LIFTOFF,13.32,14.36,16.25,3.55,16.1,1.4,-12.5,-1.4,214,1.00,0.012,0.074,0.25,,,,0,-181,-1,,,,
16.30,LIFTOFF,13.68,14.71,16.18,3.51,16.1,1.5,-12.8,-1.3,213,1.00,0.013,0.077,0.25,,,,0,-182,-1,,,,
16.40,LIFTOFF,14.03,15.06,16.10,3.47,16.1,1.5,-13.2,-1.3,211,1.00,0.004,0.079,0.25,,,,0,-184,-1,,,,
16.50,LIFTOFF,14.37,15.41,16.02,3.43,16.0,1.5,-13.5,-1.2,210,1.00,-0.045,0.080,0.25,,,,0,-185,-1,,,,
16.60,LIFTOFF,14.72,15.75,15.95,3.40,15.8,1.6,-13.8,-1.2,208,1.00,-0.078,0.082,0.25,,,,0,-187,-1,,,,
16.70,LIFTOFF,15.05,16.09,15.88,3.35,15.4,1.6,-14.1,-1.1,207,1.00,-0.096,0.084,0.25,,,,0,-188,-1,,,,
16.80,LIFTOFF,15.39,16.42,15.82,3.27,14.8,1.5,-14.3,-1.1,205,1.00,-0.057,0.085,0.25,,,,0,-190,-1,,,,
16.90,LIFTOFF,15.71,16.74,15.77,3.15,14.1,1.5,-14.6,-1.0,204,1.00,-0.028,0.087,0.25,,,,0,-191,-1,,,,
17.00,LIFTOFF,16.02,17.05,15.73,3.02,13.6,1.4,-14.8,-1.0,203,1.00,-0.020,0.089,0.25,,,,0,-192,-1,,,,
17.10,LIFTOFF,16.32,17.35,15.70,2.88,13.1,1.4,-15.0,-0.9,201,1.00,-0.024,0.090,0.25,,,,0,-194,-1,,,,
17.20,LIFTOFF,16.60,17.63,15.67,2.75,12.7,1.3,-15.1,-0.9,200,1.00,-0.030,0.090,0.25,,,,0,-195,-1,,,,
17.30,LIFTOFF,16.87,17.91,15.65,2.63,12.3,1.2,-15.3,-0.9,198,1.00,-0.034,0.090,0.25,,,,0,-197,-1,,,,
17.40,LIFTOFF,17.13,18.16,15.64,2.51,11.9,1.1,-15.4,-0.8,197,1.00,-0.034,0.089,0.25,,,,0,-198,-1,,,,
17.50,LIFTOFF,17.38,18.41,15.63,2.39,11.6,0.9,-15.5,-0.8,195,1.00,-0.032,0.089,0.25,,,,0,-200,-1,,,,
17.60,LIFTOFF,17.61,18.65,15.63,2.28,11.3,0.8,-15.6,-0.7,194,1.00,-0.027,0.088,0.25,,,,0,-201,-1,,,,
17.70,LIFTOFF,17.84,18.87,15.64,2.17,10.9,0.7,-15.6,-0.7,192,1.00,-0.023,0.088,0.25,,,,0,-203,-1,,,,
17.80,LIFTOFF,18.05,19.08,15.65,2.07,10.6,0.6,-15.7,-0.7,191,1.00,-0.020,0.087,0.25,,,,0,-204,-1,,,,
17.90,LIFTOFF,18.25,19.29,15.67,1.97,10.3,0.5,-15.7,-0.6,189,1.00,-0.017,0.086,0.25,,,,0,-206,-1,,,,
18.00,LIFTOFF,18.45,19.48,15.69,1.87,10.0,0.5,-15.7,-0.6,188,1.00,-0.014,0.085,0.25,,,,0,-207,-1,,,,
18.10,LIFTOFF,18.63,19.66,15.72,1.78,9.7,0.4,-15.7,-0.6,186,1.00,-0.012,0.084,0.25,,,,0,-209,-1,,,,
18.20,LIFTOFF,18.81,19.84,15.75,1.70,9.4,0.3,-15.7,-0.6,185,1.00,-0.009,0.083,0.25,,,,0,-210,-1,,,,
18.30,LIFTOFF,18.98,20.01,15.79,1.62,9.2,0.2,-15.6,-0.6,183,1.00,-0.007,0.083,0.25,,,,0,-212,-1,,,,
18.40,LIFTOFF,19.13,20.17,15.83,1.55,8.9,0.1,-15.6,-0.5,182,1.00,-0.005,0.082,0.25,,,,0,-213,-1,,,,
18.50,LIFTOFF,19.29,20.32,15.87,1.48,8.7,0.1,-15.5,-0.5,181,1.00,-0.003,0.081,0.25,,,,0,-214,-1,,,,
18.60,LIFTOFF,19.43,20.47,15.92,1.41,8.5,0.0,-15.5,-0.5,179,1.00,-0.001,0.080,0.25,,,,0,-216,-0,,,,
18.70,LIFTOFF,19.57,20.60,15.97,1.35,8.2,-0.0,-15.4,-0.5,178,1.00,0.000,0.079,0.25,,,,0,-217,-0,,,,
18.80,LIFTOFF,19.71,20.74,16.03,1.30,8.0,-0.1,-15.4,-0.5,176,1.00,0.002,0.078,0.25,,,,0,-219,-0,,,,
18.90,LIFTOFF,19.83,20.87,16.08,1.25,7.8,-0.1,-15.3,-0.4,175,1.00,0.003,0.078,0.25,,,,0,-220,-0,,,,
19.00,LIFTOFF,19.96,20.99,16.14,1.20,7.6,-0.1,-15.3,-0.4,173,1.00,0.004,0.077,0.25,,,,0,-222,-0,,,,
19.10,LIFTOFF,20.08,21.11,16.20,1.16,7.5,-0.2,-15.3,-0.4,172,1.00,0.005,0.076,0.25,,,,0,-223,-0,,,,
19.20,LIFTOFF,20.19,21.22,16.27,1.13,7.3,-0.2,-15.2,-0.4,170,1.00,0.005,0.076,0.25,,,,0,-225,-0,,,,
19.30,LIFTOFF,20.30,21.34,16.33,1.09,7.1,-0.2,-15.2,-0.4,168,1.00,0.006,0.075,0.25,,,,0,-227,-0,,,,
19.40,LIFTOFF,20.41,21.44,16.40,1.07,7.0,-0.2,-15.1,-0.4,167,1.00,0.006,0.075,0.25,,,,0,-228,-0,,,,
19.50,LIFTOFF,20.52,21.55,16.46,1.04,6.8,-0.2,-15.1,-0.4,165,1.00,0.006,0.075,0.25,,,,0,-230,-0,,,,
19.60,LIFTOFF,20.62,21.65,16.53,1.02,6.7,-0.2,-15.1,-0.4,164,1.00,0.006,0.074,0.25,,,,0,-231,-0,,,,
19.70,LIFTOFF,20.72,21.76,16.60,1.01,6.6,-0.3,-15.1,-0.4,162,1.00,0.006,0.074,0.25,,,,0,-233,-0,,,,
19.80,LIFTOFF,20.82,21.86,16.67,1.00,6.5,-0.3,-15.1,-0.4,161,1.00,0.006,0.074,0.25,,,,0,-234,-0,,,,
19.90,LIFTOFF,20.92,21.95,16.74,0.99,6.4,-0.3,-15.1,-0.4,159,1.00,0.005,0.074,0.25,,,,0,-236,-0,,,,
20.00,LIFTOFF,21.02,22.05,16.81,0.98,6.3,-0.3,-15.1,-0.4,158,1.00,0.004,0.074,0.25,,,,0,-237,-0,,,,
20.10,LIFTOFF,21.12,22.15,16.88,0.98,6.2,-0.3,-15.1,-0.4,156,1.00,0.004,0.073,0.25,,,,0,-239,-0,,,,
20.20,LIFTOFF,21.22,22.25,16.95,0.98,6.2,-0.3,-15.1,-0.4,154,1.00,0.003,0.073,0.25,,,,0,-241,-0,,,,
20.30,LIFTOFF,21.32,22.35,17.02,0.99,6.1,-0.3,-15.1,-0.4,153,1.00,0.002,0.073,0.25,,,,0,-242,-0,,,,
20.40,LIFTOFF,21.41,22.45,17.09,0.99,6.1,-0.3,-15.1,-0.4,151,1.00,0.001,0.073,0.25,,,,0,-244,-0,,,,
20.50,LIFTOFF,21.51,22.55,17.16,1.00,6.0,-0.3,-15.1,-0.4,150,1.00,-0.000,0.073,0.25,,,,0,-245,-0,,,,
20.60,LIFTOFF,21.62,22.65,17.23,1.02,6.0,-0.3,-15.2,-0.4,148,1.00,-0.001,0.073,0.25,,,,0,-247,-0,,,,
20.70,LIFTOFF,21.72,22.75,17.30,1.03,6.0,-0.3,-15.2,-0.4,146,1.00,-0.002,0.073,0.25,,,,0,-249,-0,,,,
20.80,LIFTOFF,21.82,22.85,17.37,1.05,5.9,-0.4,-15.2,-0.4,145,1.00,-0.004,0.073,0.25,,,,0,-250,-0,,,,
20.90,LIFTOFF,21.93,22.96,17.44,1.07,5.9,-0.4,-15.2,-0.4,143,1.00,-0.005,0.073,0.25,,,,0,-252,-0,,,,
21.00,LIFTOFF,22.04,23.07,17.50,1.09,5.9,-0.4,-15.2,-0.4,141,1.00,-0.006,0.073,0.25,,,,0,-254,-0,,,,
21.10,LIFTOFF,22.15,23.18,17.57,1.12,5.9,-0.4,-15.3,-0.4,140,1.00,-0.008,0.072,0.25,,,,0,-255,-0,,,,
21.20,LIFTOFF,22.26,23.29,17.63,1.14,5.9,-0.4,-15.3,-0.4,138,1.00,-0.009,0.072,0.25,,,,0,-257,-0,,,,
21.30,LIFTOFF,22.37,23.41,17.69,1.17,5.9,-0.4,-15.3,-0.4,136,1.00,-0.011,0.072,0.25,,,,0,-259,-0,,,,
21.40,LIFTOFF,22.49,23.52,17.75,1.20,5.9,-0.4,-15.3,-0.4,135,1.00,-0.012,0.072,0.25,,,,0,-260,-0,,,,
21.50,LIFTOFF,22.61,23.64,17.81,1.23,5.9,-0.4,-15.3,-0.4,133,1.00,-0.014,0.072,0.25,,,,0,-262,-0,,,,
21.60,LIFTOFF,22.74,23.77,17.87,1.26,6.0,-0.5,-15.3,-0.4,131,1.00,-0.015,0.072,0.25,,,,0,-264,-0,,,,
21.70,LIFTOFF,22.86,23.90,17.92,1.29,6.0,-0.5,-15.3,-0.4,130,1.00,-0.017,0.071,0.25,,,,0,-265,-0,,,,
21.80,LIFTOFF,22.99,24.03,17.98,1.33,6.0,-0.5,-15.3,-0.5,128,1.00,-0.018,0.071,0.25,,,,0,-267,-0,,,,
21.90,LIFTOFF,23.13,24.16,18.03,1.36,6.0,-0.5,-15.3,-0.5,126,1.00,-0.020,0.071,0.25,,,,0,-269,-0,,,,
22.00,LIFTOFF,23.27,24.30,18.08,1.39,6.1,-0.5,-15.3,-0.5,125,1.00,-0.022,0.071,0.25,,,,0,-270,-0,,,,
22.10,LIFTOFF,23.41,24.44,18.13,1.43,6.1,-0.5,-15.2,-0.5,123,1.00,-0.023,0.070,0.25,,,,0,-272,-0,,,,
22.20,LIFTOFF,23.55,24.58,18.18,1.46,6.1,-0.5,-15.2,-0.5,121,1.00,-0.025,0.070,0.25,,,,0,-274,-1,,,,
22.30,LIFTOFF,23.70,24.73,18.23,1.50,6.2,-0.5,-15.2,-0.5,119,1.00,-0.026,0.070,0.25,,,,0,-276,-1,,,,
22.40,LIFTOFF,23.85,24.88,18.27,1.54,6.2,-0.5,-15.2,-0.5,118,1.00,-0.028,0.070,0.25,,,,0,-277,-1,,,,
22.50,LIFTOFF,24.00,25.04,18.32,1.57,6.3,-0.5,-15.1,-0.5,116,1.00,-0.029,0.069,0.25,,,,0,-279,-1,,,,
22.60,LIFTOFF,24.16,25.19,18.36,1.61,6.3,-0.5,-15.1,-0.6,114,1.00,-0.031,0.069,0.25,,,,0,-281,-1,,,,
22.70,LIFTOFF,24.32,25.36,18.40,1.64,6.3,-0.5,-15.1,-0.6,112,1.00,-0.032,0.069,0.25,,,,0,-283,-1,,,,
22.80,LIFTOFF,24.49,25.52,18.44,1.68,6.4,-0.5,-15.0,-0.6,111,1.00,-0.034,0.069,0.25,,,,0,-284,-1,,,,
22.90,LIFTOFF,24.66,25.69,18.48,1.71,6.4,-0.5,-15.0,-0.6,109,1.00,-0.035,0.068,0.25,,,,0,-286,-1,,,,
23.00,LIFTOFF,24.83,25.86,18.51,1.75,6.5,-0.5,-15.0,-0.6,107,1.00,-0.036,0.068,0.25,,,,0,-288,-1,,,,
23.10,LIFTOFF,25.01,26.04,18.55,1.78,6.5,-0.5,-15.0,-0.6,105,1.00,-0.038,0.068,0.25,,,,0,-290,-1,,,,
23.20,LIFTOFF,25.18,26.22,18.58,1.81,6.6,-0.5,-14.9,-0.6,104,1.00,-0.039,0.068,0.25,,,,0,-291,-1,,,,
23.30,LIFTOFF,25.37,26.40,18.61,1.85,6.6,-0.5,-14.9,-0.6,102,1.00,-0.040,0.068,0.25,,,,0,-293,-1,,,,
23.40,LIFTOFF,25.55,26.58,18.64,1.88,6.6,-0.5,-14.9,-0.6,100,1.00,-0.042,0.068,0.25,,,,0,-295,-1,,,,
23.50,LIFTOFF,25.74,26.77,18.67,1.91,6.7,-0.4,-14.8,-0.6,98,1.00,-0.043,0.068,0.25,,,,0,-297,-1,,,,
23.60,LIFTOFF,25.93,26.97,18.70,1.94,6.7,-0.4,-14.8,-0.7,97,1.00,-0.044,0.068,0.25,,,,0,-298,-1,,,,
23.70,LIFTOFF,26.13,27.16,18.72,1.97,6.8,-0.4,-14.8,-0.7,95,1.00,-0.045,0.068,0.25,,,,0,-300,-1,,,,
23.80,LIFTOFF,26.33,27.36,18.75,2.00,6.8,-0.4,-14.8,-0.7,93,1.00,-0.047,0.068,0.25,,,,0,-302,-1,,,,
23.90,LIFTOFF,26.53,27.56,18.77,2.03,6.8,-0.4,-14.7,-0.7,91,1.00,-0.048,0.068,0.25,,,,0,-304,-1,,,,
24.00,LIFTOFF,26.73,27.76,18.79,2.06,6.9,-0.4,-14.7,-0.7,90,1.00,-0.049,0.068,0.25,,,,0,-305,-1,,,,
24.10,LIFTOFF,26.94,27.97,18.81,2.08,6.9,-0.4,-14.7,-0.7,88,1.00,-0.050,0.068,0.25,,,,0,-307,-1,,,,
24.20,LIFTOFF,27.15,28.18,18.83,2.11,7.0,-0.4,-14.7,-0.7,86,1.00,-0.051,0.068,0.25,,,,0,-309,-1,,,,
24.30,LIFTOFF,27.36,28.39,18.85,2.13,7.0,-0.3,-14.7,-0.7,84,1.00,-0.052,0.068,0.25,,,,0,-311,-1,,,,
24.40,LIFTOFF,27.57,28.60,18.87,2.16,7.0,-0.3,-14.7,-0.7,82,1.00,-0.053,0.068,0.25,,,,0,-313,-1,,,,
24.50,LIFTOFF,27.79,28.82,18.89,2.18,7.1,-0.3,-14.7,-0.7,81,1.00,-0.054,0.069,0.25,,,,0,-314,-1,,,,
24.60,CLIMB,28.01,29.04,18.90,2.20,7.1,-0.3,-14.7,-0.7,79,1.00,-0.055,0.069,0.25,,,,0,-316,-1,,,,
24.70,CLIMB,28.23,29.26,18.92,2.21,7.1,-0.3,-14.7,-0.7,77,1.00,-0.026,0.069,0.24,,,,0,-318,-1,3.13,24.3,1.05,0.050
24.80,CLIMB,28.45,29.48,18.94,2.23,7.3,-0.3,-14.6,-0.7,75,1.00,-0.047,0.069,0.22,,,,0,-320,-1,3.13,24.3,1.10,0.041
24.90,CLIMB,28.67,29.71,18.96,2.24,7.4,-0.3,-14.6,-0.7,73,1.00,-0.061,0.069,0.21,,,,0,-322,-1,3.13,24.3,1.15,0.032
25.00,CLIMB,28.90,29.93,18.98,2.25,7.4,-0.3,-14.6,-0.7,72,1.00,-0.064,0.069,0.19,,,,0,-323,-1,3.13,24.3,1.20,0.022
25.10,CLIMB,29.12,30.16,19.00,2.25,7.3,-0.3,-14.6,-0.7,70,1.00,-0.061,0.070,0.18,,,,0,-325,-1,3.13,24.3,1.25,0.013
25.20,CLIMB,29.35,30.38,19.02,2.24,7.2,-0.3,-14.6,-0.7,68,1.00,-0.056,0.070,0.17,,,,0,-327,-1,3.13,24.3,1.30,0.004
25.30,CLIMB,29.57,30.60,19.05,2.20,7.0,-0.3,-14.6,-0.7,66,1.00,-0.053,0.071,0.15,,,,0,-329,-1,3.13,24.3,1.35,-0.004
25.40,CLIMB,29.79,30.82,19.08,2.16,6.8,-0.3,-14.6,-0.7,65,1.00,-0.051,0.071,0.14,,,,0,-330,-1,3.13,24.3,1.40,-0.012
25.50,CLIMB,30.00,31.04,19.12,2.10,6.6,-0.3,-14.6,-0.7,63,1.00,-0.051,0.071,0.12,,,,0,-332,-1,3.13,24.3,1.45,-0.020
25.60,CLIMB,30.21,31.24,19.16,2.03,6.4,-0.3,-14.6,-0.7,61,1.00,-0.051,0.071,0.11,,,,0,-334,-1,3.13,24.3,1.50,-0.028
25.70,CLIMB,30.41,31.44,19.21,1.96,6.1,-0.4,-14.6,-0.7,59,1.00,-0.050,0.072,0.10,,,,0,-336,-1,3.13,24.3,1.55,-0.035
25.80,CLIMB,30.60,31.64,19.27,1.87,5.8,-0.4,-14.6,-0.7,57,1.00,-0.048,0.072,0.08,,,,0,-338,-1,3.13,24.3,1.60,-0.042
25.90,CLIMB,30.79,31.82,19.33,1.77,5.5,-0.4,-14.6,-0.7,55,1.00,-0.046,0.072,0.07,,,,0,-340,-1,3.13,24.3,1.65,-0.049
26.00,CLIMB,30.96,31.99,19.40,1.67,5.1,-0.5,-14.6,-0.7,54,1.00,-0.044,0.072,0.05,,,,0,-341,-1,3.13,24.3,1.70,-0.057
26.10,CLIMB,31.13,32.16,19.47,1.56,4.7,-0.5,-14.6,-0.7,52,1.00,-0.042,0.072,0.04,,,,0,-343,-1,3.13,24.3,1.75,-0.064
26.20,CLIMB,31.28,32.31,19.55,1.44,4.4,-0.6,-14.6,-0.7,50,1.00,-0.039,0.072,0.03,,,,0,-345,-1,3.13,24.3,1.80,-0.071
26.30,CLIMB,31.42,32.45,19.64,1.31,4.0,-0.6,-14.6,-0.7,48,1.00,-0.037,0.072,0.01,,,,0,-347,-1,3.13,24.3,1.85,-0.078
26.40,CLIMB,31.54,32.58,19.74,1.18,3.5,-0.7,-14.5,-0.7,46,1.00,-0.035,0.072,0.00,,,,0,-349,-1,3.13,24.3,1.90,-0.085
26.50,CLIMB,31.66,32.69,19.85,1.05,3.1,-0.7,-14.5,-0.8,44,1.00,-0.028,0.072,0.00,,,,0,-351,-1,3.13,24.3,1.95,-0.087
26.60,CLIMB,31.76,32.79,19.96,0.92,2.7,-0.8,-14.5,-0.8,42,1.00,-0.040,0.072,0.00,,,,0,-353,-1,3.13,24.3,2.00,-0.210
26.70,CLIMB,31.85,32.88,20.07,0.81,2.2,-0.9,-14.5,-0.8,40,1.00,-0.084,0.071,0.00,,,,0,-355,-1,3.13,24.3,2.00,-0.210
26.80,CLIMB,31.92,32.95,20.19,0.69,1.6,-0.9,-14.5,-0.8,39,1.00,-0.110,0.071,0.00,,,,0,-356,-1,3.13,24.3,2.00,-0.210
26.90,CLIMB,31.99,33.02,20.32,0.55,0.8,-1.0,-14.5,-0.8,37,1.00,-0.071,0.071,0.00,,,,0,-358,-1,3.13,24.3,2.00,-0.210
27.00,CLIMB,32.04,33.07,20.46,0.36,0.0,-1.0,-14.5,-0.8,35,1.00,-0.038,0.071,0.00,,,,0,-360,-1,3.13,24.3,2.00,-0.205
27.10,CLIMB,32.06,33.10,20.61,0.16,-0.7,-1.1,-14.5,-0.8,33,1.00,-0.020,0.071,0.00,,,,0,-362,-1,3.13,24.3,2.00,-0.192
27.20,CLIMB,32.07,33.11,20.77,-0.04,-1.2,-1.2,-14.5,-0.9,31,1.00,-0.020,0.070,0.00,,,,0,-364,-1,3.13,24.3,2.00,-0.177
27.30,CLIMB,32.06,33.10,20.94,-0.21,-1.6,-1.2,-14.4,-0.9,29,1.00,-0.023,0.070,0.00,,,,0,-366,-1,3.13,24.3,2.00,-0.162
27.40,CLIMB,32.04,33.07,21.11,-0.36,-1.9,-1.3,-14.4,-0.9,27,1.00,-0.023,0.069,0.00,,,,0,-368,-1,3.13,24.3,2.00,-0.147
27.50,CLIMB,32.00,33.03,21.28,-0.48,-2.1,-1.4,-14.4,-1.0,25,1.00,-0.018,0.068,0.00,,,,0,-370,-1,3.13,24.3,2.00,-0.131
27.60,CLIMB,31.95,32.98,21.45,-0.58,-2.2,-1.4,-14.4,-1.0,23,1.00,-0.010,0.067,0.00,,,,0,-372,-1,3.13,24.3,2.00,-0.115
27.70,CLIMB,31.88,32.92,21.63,-0.66,-2.3,-1.5,-14.3,-1.0,21,1.00,-0.002,0.067,0.00,,,,0,-374,-1,3.13,24.3,2.00,-0.098
27.80,CLIMB,31.82,32.85,21.80,-0.72,-2.3,-1.5,-14.3,-1.1,18,1.00,0.005,0.066,0.00,,,,0,-377,-1,3.13,24.3,2.00,-0.082
27.90,CLIMB,31.74,32.78,21.98,-0.75,-2.3,-1.6,-14.2,-1.1,16,1.00,0.010,0.065,0.00,,,,0,-379,-1,3.13,24.3,2.00,-0.066
28.00,CLIMB,31.67,32.70,22.15,-0.76,-2.2,-1.6,-14.2,-1.1,14,1.00,0.014,0.064,0.00,,,,0,-381,-1,3.13,24.3,2.00,-0.050
28.10,CLIMB,31.59,32.62,22.32,-0.74,-2.0,-1.6,-14.1,-1.2,12,1.00,0.019,0.063,0.00,,,,0,-383,-1,3.13,24.3,2.00,-0.035
28.20,CLIMB,31.52,32.55,22.49,-0.71,-1.9,-1.6,-14.1,-1.2,10,1.00,0.023,0.062,0.00,,,,0,-385,-1,3.13,24.3,2.00,-0.020
28.30,CLIMB,31.45,32.48,22.65,-0.65,-1.6,-1.7,-14.0,-1.3,8,1.00,0.026,0.062,0.00,,,,0,-387,-1,3.13,24.3,2.00,-0.006
28.40,CLIMB,31.39,32.42,22.80,-0.57,-1.4,-1.7,-13.9,-1.3,6,1.00,0.029,0.061,0.00,,,,0,-389,-1,3.13,24.3,2.00,0.008
28.50,CLIMB,31.33,32.37,22.95,-0.47,-1.1,-1.7,-13.8,-1.3,3,1.00,0.031,0.060,0.00,,,,0,-392,-1,3.13,24.3,2.00,0.020
28.60,CLIMB,31.29,32.32,23.09,-0.35,-0.7,-1.7,-13.8,-1.4,1,1.00,0.033,0.059,0.00,,,,0,-394,-1,3.13,24.3,2.00,0.032
28.70,CLIMB,31.26,32.29,23.23,-0.22,-0.4,-1.7,-13.7,-1.4,-1,1.00,0.034,0.058,0.00,,,,0,-396,-1,3.13,24.3,2.00,0.043
28.80,CLIMB,31.24,32.28,23.35,-0.08,-0.0,-1.7,-13.6,-1.5,-3,1.00,0.050,0.058,0.00,,,,0,-398,-1,3.13,24.3,1.98,0.170
28.90,CLIMB,31.24,32.27,23.47,0.07,0.4,-1.7,-13.5,-1.5,-6,1.00,0.087,0.057,0.00,,,,0,-401,-2,3.13,24.3,1.93,0.170
29.00,CLIMB,31.25,32.28,23.58,0.24,1.0,-1.6,-13.4,-1.5,-8,1.00,0.106,0.056,0.00,,,,0,-403,-2,3.13,24.3,1.88,0.170
29.10,CLIMB,31.28,32.32,23.68,0.46,1.9,-1.6,-13.3,-1.6,-10,1.00,0.062,0.055,0.00,,,,0,-405,-2,3.13,24.3,1.83,0.170
29.20,CLIMB,31.34,32.37,23.76,0.74,2.7,-1.6,-13.2,-1.6,-12,1.00,0.039,0.054,0.00,,,,0,-407,-2,3.13,24.3,1.78,0.170
29.30,CLIMB,31.42,32.45,23.83,1.03,3.3,-1.5,-13.1,-1.7,-15,1.00,0.039,0.054,0.00,,,,0,-410,-2,3.13,24.3,1.73,0.170
29.40,CLIMB,31.53,32.57,23.89,1.31,3.9,-1.5,-13.0,-1.7,-17,1.00,0.047,0.053,0.00,,,,0,-412,-2,3.13,24.3,1.68,0.170
29.50,CLIMB,31.67,32.71,23.94,1.57,4.4,-1.4,-12.9,-1.7,-19,1.00,0.051,0.053,0.00,,,,0,-414,-2,3.13,24.3,1.63,0.170
29.60,CLIMB,31.84,32.87,23.98,1.82,4.9,-1.3,-12.9,-1.7,-22,1.00,0.048,0.053,0.00,,,,0,-417,-2,3.13,24.3,1.58,0.170
29.70,CLIMB,32.03,33.06,24.01,2.06,5.3,-1.3,-12.8,-1.8,-24,1.00,0.042,0.053,0.00,,,,0,-419,-2,3.13,24.3,1.53,0.170
29.80,CLIMB,32.24,33.28,24.04,2.30,5.8,-1.2,-12.7,-1.8,-26,1.00,0.036,0.053,0.00,,,,0,-421,-2,3.13,24.3,1.48,0.170
29.90,CLIMB,32.48,33.51,24.05,2.53,6.2,-1.2,-12.6,-1.8,-29,1.00,0.032,0.053,0.00,,,,0,-424,-2,3.13,24.3,1.43,0.170
30.00,CLIMB,32.74,33.77,24.06,2.74,6.6,-1.1,-12.5,-1.8,-31,1.00,0.029,0.053,0.00,,,,0,-426,-2,3.13,24.3,1.38,0.170
30.10,CLIMB,33.02,34.06,24.06,2.95,7.0,-1.0,-12.5,-1.8,-33,1.00,0.017,0.053,0.00,,,,0,-428,-2,3.13,24.3,1.33,0.161
30.20,CLIMB,33.32,34.36,24.05,3.14,7.4,-1.0,-12.4,-1.8,-35,1.00,0.007,0.053,0.00,,,,0,-430,-2,3.13,24.3,1.28,0.151
30.30,CLIMB,33.65,34.68,24.04,3.32,7.6,-0.9,-12.4,-1.8,-38,1.00,0.000,0.053,0.00,,,,0,-433,-2,3.13,24.3,1.23,0.139
30.40,CLIMB,33.98,35.02,24.02,3.47,7.8,-0.9,-12.3,-1.8,-40,1.00,-0.004,0.054,0.00,,,,0,-435,-2,3.13,24.3,1.18,0.128
30.50,CLIMB,34.33,35.37,24.00,3.61,8.0,-0.8,-12.3,-1.8,-42,1.00,-0.009,0.054,0.00,,,,0,-437,-2,3.13,24.3,1.13,0.117
30.60,CLIMB,34.70,35.73,23.98,3.72,8.1,-0.7,-12.2,-1.8,-45,1.00,-0.014,0.055,0.00,,,,0,-440,-2,3.13,24.3,1.08,0.107
30.70,CLIMB,35.07,36.11,23.96,3.81,8.2,-0.7,-12.2,-1.8,-47,1.00,-0.020,0.055,0.00,,,,0,-442,-2,3.13,24.3,1.03,0.097
30.80,CLIMB,35.46,36.49,23.93,3.88,8.2,-0.6,-12.2,-1.8,-49,1.00,-0.023,0.056,0.00,,,,0,-444,-2,3.13,24.3,1.00,0.089
30.90,CLIMB,35.85,36.88,23.90,3.93,8.2,-0.6,-12.2,-1.8,-52,1.00,-0.025,0.057,0.00,,,,0,-447,-2,3.13,24.3,1.00,0.083
31.00,CLIMB,36.24,37.27,23.87,3.97,8.2,-0.6,-12.1,-1.8,-54,1.00,-0.028,0.057,0.00,,,,0,-449,-2,3.13,24.3,1.00,0.078
31.10,CLIMB,36.64,37.67,23.84,3.99,8.2,-0.5,-12.1,-1.8,-56,1.00,-0.031,0.058,0.00,,,,0,-451,-2,3.13,24.3,1.00,0.073
31.20,CLIMB,37.04,38.07,23.81,4.01,8.2,-0.5,-12.1,-1.8,-58,1.00,-0.033,0.058,0.00,,,,0,-453,-2,3.13,24.3,1.00,0.069
31.30,CLIMB,37.44,38.47,23.79,4.02,8.2,-0.5,-12.1,-1.7,-61,1.00,-0.035,0.059,0.00,,,,0,-456,-2,3.13,24.3,1.00,0.065
31.40,CLIMB,37.84,38.87,23.76,4.02,8.1,-0.5,-12.1,-1.7,-63,1.00,-0.037,0.059,0.00,,,,0,-458,-2,3.13,24.3,1.00,0.062
31.50,CLIMB,38.24,39.28,23.73,4.01,8.1,-0.4,-12.1,-1.7,-65,1.00,-0.038,0.060,0.00,,,,0,-460,-2,3.13,24.3,1.00,0.058
31.60,CLIMB,38.64,39.68,23.70,3.99,8.0,-0.4,-12.1,-1.7,-68,1.00,-0.039,0.060,0.00,,,,0,-463,-2,3.13,24.3,1.00,0.055
31.70,CLIMB,39.04,40.07,23.68,3.98,8.0,-0.4,-12.1,-1.6,-70,1.00,-0.040,0.060,0.00,,,,0,-465,-2,3.13,24.3,1.00,0.053
31.80,CLIMB,39.44,40.47,23.66,3.95,7.9,-0.4,-12.1,-1.6,-72,1.00,-0.041,0.061,0.00,,,,0,-467,-2,3.13,24.3,1.00,0.051
31.90,CLIMB,39.83,40.87,23.63,3.93,7.8,-0.3,-12.1,-1.6,-74,1.00,-0.041,0.061,0.00,,,,0,-469,-2,3.13,24.3,1.00,0.049
32.00,CLIMB,40.22,41.26,23.61,3.90,7.8,-0.3,-12.0,-1.6,-77,1.00,-0.041,0.061,0.00,,,,0,-472,-2,3.13,24.3,1.00,0.047
32.10,CLIMB,40.61,41.65,23.59,3.86,7.7,-0.3,-12.0,-1.5,-79,1.00,-0.042,0.061,0.00,,,,0,-474,-2,3.13,24.3,1.00,0.045
32.20,CLIMB,41.00,42.03,23.57,3.83,7.6,-0.3,-12.0,-1.5,-81,1.00,-0.042,0.062,0.00,,,,0,-476,-1,3.13,24.3,1.00,0.044
32.30,CLIMB,41.38,42.41,23.55,3.79,7.5,-0.3,-12.0,-1.5,-83,1.00,-0.042,0.062,0.00,,,,0,-478,-1,3.13,24.3,1.00,0.043
32.40,CLIMB,41.76,42.79,23.54,3.76,7.4,-0.3,-12.0,-1.4,-86,1.00,-0.041,0.062,0.00,,,,0,-481,-1,3.13,24.3,1.00,0.042
32.50,CLIMB,42.13,43.17,23.52,3.72,7.4,-0.2,-11.9,-1.4,-88,1.00,-0.041,0.062,0.00,,,,0,-483,-1,3.13,24.3,1.00,0.042
32.60,CLIMB,42.50,43.54,23.51,3.68,7.3,-0.2,-11.9,-1.3,-90,1.00,-0.041,0.062,0.00,,,,0,-485,-1,3.13,24.3,1.00,0.041
32.70,CLIMB,42.87,43.90,23.50,3.65,7.2,-0.2,-11.9,-1.3,-92,1.00,-0.041,0.062,0.00,,,,0,-487,-1,3.13,24.3,1.00,0.041
32.80,CLIMB,43.23,44.27,23.49,3.61,7.1,-0.2,-11.8,-1.3,-95,1.00,-0.040,0.062,0.00,,,,0,-490,-1,3.13,24.3,1.00,0.040
32.90,CLIMB,43.59,44.63,23.48,3.57,7.1,-0.2,-11.8,-1.2,-97,1.00,-0.040,0.062,0.00,,,,0,-492,-1,3.13,24.3,1.00,0.040
33.00,CLIMB,43.95,44.98,23.47,3.54,7.0,-0.1,-11.8,-1.2,-99,1.00,-0.039,0.062,0.00,,,,0,-494,-1,3.13,24.3,1.00,0.040
33.10,CLIMB,44.30,45.34,23.47,3.50,6.9,-0.1,-11.8,-1.1,-101,1.00,-0.039,0.062,0.00,,,,0,-496,-1,3.13,24.3,1.00,0.040
33.20,CLIMB,44.65,45.68,23.46,3.47,6.9,-0.1,-11.7,-1.1,-104,1.00,-0.038,0.062,0.00,,,,0,-499,-1,3.13,24.3,1.00,0.040
33.30,CLIMB,45.00,46.03,23.46,3.44,6.8,-0.1,-11.7,-1.0,-106,1.00,-0.038,0.063,0.00,,,,0,-501,-1,3.13,24.3,1.00,0.040
33.40,CLIMB,45.34,46.37,23.46,3.41,6.7,-0.1,-11.7,-1.0,-108,1.00,-0.037,0.063,0.00,,,,0,-503,-1,3.13,24.3,1.00,0.040
33.50,CLIMB,45.68,46.71,23.46,3.38,6.7,-0.0,-11.7,-1.0,-110,1.00,-0.037,0.063,0.00,,,,0,-505,-1,3.13,24.3,1.00,0.041
33.60,CLIMB,46.02,47.05,23.46,3.35,6.6,-0.0,-11.7,-0.9,-113,1.00,-0.036,0.063,0.00,,,,0,-508,-1,3.13,24.3,1.00,0.041
33.70,CLIMB,46.35,47.38,23.46,3.32,6.6,-0.0,-11.7,-0.9,-115,1.00,-0.036,0.063,0.00,,,,0,-510,-1,3.13,24.3,1.00,0.041
33.80,CLIMB,46.68,47.71,23.46,3.30,6.5,0.0,-11.6,-0.8,-117,1.00,-0.036,0.063,0.00,,,,0,-512,-1,3.13,24.3,1.00,0.042
33.90,CLIMB,47.01,48.04,23.46,3.27,6.5,0.0,-11.6,-0.8,-119,1.00,-0.035,0.063,0.00,,,,0,-514,-1,3.13,24.3,1.00,0.042
34.00,CLIMB,47.34,48.37,23.47,3.25,6.4,0.1,-11.6,-0.7,-122,1.00,-0.035,0.063,0.00,,,,0,-517,-1,3.13,24.3,1.00,0.042
34.10,CLIMB,47.66,48.69,23.47,3.23,6.4,0.1,-11.6,-0.7,-124,1.00,-0.034,0.063,0.00,,,,0,-519,-1,3.13,24.3,1.00,0.043
34.20,CLIMB,47.98,49.02,23.48,3.21,6.3,0.1,-11.6,-0.6,-126,1.00,-0.034,0.063,0.00,,,,0,-521,-1,3.13,24.3,1.00,0.043
34.30,CLIMB,48.30,49.34,23.48,3.19,6.3,0.1,-11.6,-0.6,-128,1.00,-0.034,0.064,0.00,,,,0,-523,-1,3.13,24.3,1.00,0.044
34.40,CLIMB,48.62,49.65,23.49,3.17,6.3,0.1,-11.6,-0.5,-131,1.00,-0.033,0.064,0.00,,,,0,-526,-1,3.13,24.3,1.00,0.044
34.50,CLIMB,48.94,49.97,23.49,3.16,6.2,0.2,-11.6,-0.5,-133,1.00,-0.033,0.064,0.00,,,,0,-528,-0,3.13,24.3,1.00,0.045
34.60,CLIMB,49.25,50.29,23.50,3.14,6.2,0.2,-11.6,-0.4,-135,1.00,-0.033,0.064,0.00,,,,0,-530,-0,3.13,24.3,1.00,0.045
34.70,CLIMB,49.57,50.60,23.51,3.13,6.2,0.2,-11.6,-0.4,-138,1.00,-0.032,0.064,0.00,,,,0,-533,-0,3.13,24.3,1.00,0.046
34.80,CLIMB,49.88,50.91,23.52,3.12,6.1,0.2,-11.6,-0.4,-140,1.00,-0.032,0.064,0.00,,,,0,-535,-0,3.13,24.3,1.00,0.046
34.90,CLIMB,50.19,51.22,23.53,3.11,6.1,0.2,-11.6,-0.3,-142,1.00,-0.032,0.064,0.00,,,,0,-537,-0,3.13,24.3,1.00,0.046
35.00,CLIMB,50.50,51.53,23.54,3.10,6.1,0.2,-11.6,-0.3,-144,1.00,-0.032,0.064,0.00,,,,0,-539,-0,3.13,24.3,1.00,0.047
35.10,CLIMB,50.81,51.84,23.54,3.09,6.1,0.2,-11.6,-0.2,-147,1.00,-0.031,0.064,0.00,,,,0,-542,-0,3.13,24.3,1.00,0.047
35.20,CLIMB,51.12,52.15,23.55,3.08,6.1,0.3,-11.6,-0.2,-149,1.00,-0.031,0.064,0.00,,,,0,-544,-0,3.13,24.3,1.00,0.048
35.30,CLIMB,51.43,52.46,23.56,3.07,6.0,0.3,-11.6,-0.1,-151,1.00,-0.031,0.064,0.00,,,,0,-546,-0,3.13,24.3,1.00,0.048
35.40,CLIMB,51.73,52.77,23.57,3.07,6.0,0.3,-11.6,-0.1,-153,1.00,-0.031,0.064,0.00,,,,0,-548,-0,3.13,24.3,1.00,0.048
35.50,CLIMB,52.04,53.07,23.58,3.06,6.0,0.3,-11.6,-0.0,-156,1.00,-0.031,0.064,0.00,,,,0,-551,-0,3.13,24.3,1.00,0.049
35.60,CLIMB,52.35,53.38,23.59,3.06,6.0,0.3,-11.6,0.0,-158,1.00,-0.031,0.064,0.00,,,,0,-553,0,3.13,24.3,1.00,0.049
35.70,CLIMB,52.65,53.68,23.60,3.05,6.0,0.3,-11.6,0.1,-160,1.00,-0.031,0.064,0.00,,,,0,-555,0,3.13,24.3,1.00,0.049
35.80,CLIMB,52.96,53.99,23.62,3.05,6.0,0.3,-11.6,0.1,-162,1.00,-0.031,0.064,0.00,,,,0,-557,0,3.13,24.3,1.00,0.050
35.90,CLIMB,53.26,54.30,23.63,3.05,6.0,0.4,-11.6,0.2,-165,1.00,-0.031,0.064,0.00,,,,0,-560,0,3.13,24.3,1.00,0.050
36.00,CLIMB,53.57,54.60,23.64,3.05,6.0,0.4,-11.6,0.2,-167,1.00,-0.031,0.064,0.00,,,,0,-562,0,3.13,24.3,1.00,0.050
36.10,CLIMB,53.87,54.90,23.65,3.04,5.9,0.4,-11.6,0.2,-169,1.00,-0.031,0.064,0.00,,,,0,-564,0,3.13,24.3,1.00,0.050
36.20,CLIMB,54.18,55.21,23.66,3.04,5.9,0.4,-11.6,0.3,-172,1.00,-0.031,0.064,0.00,,,,0,-567,0,3.13,24.3,1.00,0.051
36.30,CLIMB,54.48,55.51,23.67,3.04,5.9,0.4,-11.6,0.3,-174,1.00,-0.031,0.064,0.00,,,,0,-569,0,3.13,24.3,1.00,0.051
36.40,CLIMB,54.78,55.82,23.68,3.04,5.9,0.4,-11.7,0.4,-176,1.00,-0.031,0.064,0.00,,,,0,-571,0,3.13,24.3,1.00,0.051
36.50,CLIMB,55.09,56.12,23.69,3.04,5.9,0.4,-11.7,0.4,-178,1.00,-0.031,0.064,0.00,,,,0,-573,0,3.13,24.3,1.00,0.051
36.60,CLIMB,55.39,56.43,23.70,3.04,5.9,0.5,-11.7,0.5,-181,1.00,-0.031,0.064,0.00,,,,0,-576,0,3.13,24.3,1.00,0.051
36.70,CLIMB,55.70,56.73,23.71,3.04,5.9,0.5,-11.7,0.5,-183,1.00,-0.031,0.064,0.00,,,,0,-578,0,3.13,24.3,1.00,0.052
36.80,CLIMB,56.00,57.03,23.72,3.04,5.9,0.5,-11.7,0.5,-185,1.00,-0.031,0.064,0.00,,,,0,-580,1,3.13,24.3,1.00,0.052
36.90,CLIMB,56.31,57.34,23.73,3.04,5.9,0.5,-11.7,0.6,-187,1.00,-0.031,0.064,0.00,,,,0,-582,1,3.13,24.3,1.00,0.052
37.00,CLIMB,56.61,57.64,23.74,3.05,5.9,0.5,-11.7,0.6,-190,1.00,-0.031,0.064,0.00,,,,0,-585,1,3.13,24.3,1.00,0.052
37.10,CLIMB,56.92,57.95,23.75,3.05,5.9,0.5,-11.7,0.7,-192,1.00,-0.031,0.064,0.00,,,,0,-587,1,3.13,24.3,1.00,0.052
37.20,CLIMB,57.22,58.25,23.76,3.05,5.9,0.5,-11.7,0.7,-194,1.00,-0.031,0.064,0.00,,,,0,-589,1,3.13,24.3,1.00,0.052
37.30,CLIMB,57.53,58.56,23.77,3.05,5.9,0.5,-11.7,0.7,-197,1.00,-0.031,0.064,0.00,,,,0,-592,1,3.13,24.3,1.00,0.053
37.40,CLIMB,57.83,58.86,23.78,3.05,5.9,0.5,-11.8,0.8,-199,1.00,-0.031,0.064,0.00,,,,0,-594,1,3.13,24.3,1.00,0.053
37.50,CLIMB,58.14,59.17,23.79,3.05,5.9,0.5,-11.8,0.8,-201,1.00,-0.032,0.064,0.00,,,,0,-596,1,3.13,24.3,1.00,0.053
37.60,CLIMB,58.44,59.47,23.80,3.06,5.9,0.6,-11.8,0.8,-203,1.00,-0.032,0.064,0.00,,,,0,-598,1,3.13,24.3,1.00,0.053
37.70,CLIMB,58.75,59.78,23.81,3.06,5.9,0.6,-11.8,0.9,-206,1.00,-0.032,0.065,0.00,,,,0,-601,1,3.13,24.3,1.00,0.053
37.80,CLIMB,59.05,60.09,23.82,3.06,5.9,0.6,-11.8,0.9,-208,1.00,-0.032,0.065,0.00,,,,0,-603,1,3.13,24.3,1.00,0.053
37.90,CLIMB,59.36,60.39,23.83,3.06,5.9,0.6,-11.8,0.9,-210,1.00,-0.032,0.065,0.00,,,,0,-605,1,3.13,24.3,1.00,0.053
38.00,CLIMB,59.67,60.70,23.84,3.07,5.9,0.6,-11.9,1.0,-213,1.00,-0.032,0.065,0.00,,,,0,-608,1,3.13,24.3,1.00,0.053
38.10,CLIMB,59.97,61.00,23.85,3.07,5.8,0.6,-11.9,1.0,-215,1.00,-0.032,0.065,0.00,,,,0,-610,1,3.13,24.3,1.00,0.053
38.20,CLIMB,60.28,61.31,23.86,3.07,5.8,0.6,-11.9,1.0,-217,1.00,-0.032,0.065,0.00,,,,0,-612,1,3.13,24.3,1.00,0.053
38.30,CLIMB,60.59,61.62,23.87,3.07,5.8,0.6,-11.9,1.1,-220,1.00,-0.032,0.065,0.00,,,,0,-615,1,3.13,24.3,1.00,0.054
38.40,CLIMB,60.89,61.93,23.88,3.07,5.8,0.6,-11.9,1.1,-222,1.00,-0.033,0.065,0.00,,,,0,-617,1,3.13,24.3,1.00,0.054
38.50,CLIMB,61.20,62.23,23.89,3.08,5.8,0.6,-11.9,1.1,-224,1.00,-0.033,0.065,0.00,,,,0,-619,1,3.13,24.3,1.00,0.054
38.60,CLIMB,61.51,62.54,23.90,3.08,5.8,0.6,-12.0,1.2,-226,1.00,-0.033,0.065,0.00,,,,0,-621,1,3.13,24.3,1.00,0.054
38.70,CLIMB,61.82,62.85,23.91,3.08,5.8,0.6,-12.0,1.2,-229,1.00,-0.033,0.065,0.00,,,,0,-624,1,3.13,24.3,1.00,0.054
38.80,CLIMB,62.12,63.16,23.92,3.08,5.8,0.6,-12.0,1.2,-231,1.00,-0.033,0.065,0.00,,,,0,-626,1,3.13,24.3,1.00,0.054
38.90,CLIMB,62.43,63.47,23.93,3.09,5.8,0.6,-12.0,1.2,-233,1.00,-0.033,0.065,0.00,,,,0,-628,1,3.13,24.3,1.00,0.054
39.00,CLIMB,62.74,63.77,23.93,3.09,5.8,0.6,-12.0,1.3,-236,1.00,-0.033,0.065,0.00,,,,0,-631,1,3.13,24.3,1.00,0.054
39.10,CLIMB,63.05,64.08,23.94,3.09,5.8,0.6,-12.1,1.3,-238,1.00,-0.033,0.065,0.00,,,,0,-633,1,3.13,24.3,1.00,0.054
39.20,CLIMB,63.36,64.39,23.95,3.09,5.8,0.6,-12.1,1.3,-240,1.00,-0.034,0.065,0.00,,,,0,-635,1,3.13,24.3,1.00,0.054
39.30,CLIMB,63.67,64.70,23.96,3.09,5.8,0.6,-12.1,1.3,-242,1.00,-0.034,0.065,0.00,,,,0,-637,1,3.13,24.3,1.00,0.054
39.40,CLIMB,63.98,65.01,23.97,3.10,5.8,0.6,-12.1,1.4,-245,1.00,-0.034,0.065,0.00,,,,0,-640,1,3.13,24.3,1.00,0.054
39.50,CLIMB,64.29,65.32,23.98,3.10,5.8,0.6,-12.2,1.4,-247,1.00,-0.034,0.065,0.00,,,,0,-642,1,3.13,24.3,1.00,0.055
39.60,CLIMB,64.60,65.63,23.99,3.10,5.8,0.6,-12.2,1.4,-249,1.00,-0.034,0.065,0.00,,,,0,-644,1,3.13,24.3,1.00,0.055
39.70,CLIMB,64.91,65.94,23.99,3.10,5.8,0.6,-12.2,1.4,-252,1.00,-0.034,0.065,0.00,,,,0,-647,1,3.13,24.3,1.00,0.055
39.80,CLIMB,65.22,66.25,24.00,3.10,5.8,0.6,-12.2,1.4,-254,1.00,-0.034,0.065,0.00,,,,0,-649,1,3.13,24.3,1.00,0.055
39.90,CLIMB,65.53,66.56,24.01,3.11,5.8,0.6,-12.2,1.4,-256,1.00,-0.034,0.065,0.00,,,,0,-651,1,3.13,24.3,1.00,0.055
40.00,CLIMB,65.84,66.87,24.02,3.11,5.8,0.6,-12.3,1.5,-259,1.00,-0.034,0.065,0.00,,,,0,-654,1,3.13,24.3,1.00,0.055
40.10,CROSSWIND,66.15,67.18,24.03,3.11,5.8,0.6,167.4,-1.5,11,0.98,-0.016,0.083,0.00,188,,779,0,-656,1,3.13,22.1,1.00,0.115
40.20,CROSSWIND,66.46,67.49,24.03,3.09,5.8,0.5,167.4,-1.5,13,0.98,0.022,0.082,0.00,186,,779,0,-658,1,3.13,22.1,1.00,0.116
40.30,CROSSWIND,66.77,67.80,24.03,3.11,6.1,-0.1,-27.7,-1.5,16,0.97,-0.004,0.081,0.00,183,,779,0,-661,2,3.13,22.1,1.00,0.117
40.40,CROSSWIND,67.08,68.11,24.02,3.16,6.4,-1.0,-14.5,-1.5,18,0.97,-0.023,0.097,0.00,181,,779,0,-663,2,3.13,22.1,1.00,0.116
40.50,CROSSWIND,67.40,68.43,24.01,3.24,6.6,-2.2,-15.3,-1.5,20,0.97,-0.026,0.113,0.00,179,,779,0,-665,2,3.13,22.1,1.00,0.113
40.60,CROSSWIND,67.73,68.76,24.00,3.31,6.7,-3.6,-16.2,-1.6,22,0.96,-0.020,0.119,0.00,176,,779,0,-667,2,3.13,22.1,1.00,0.111
40.70,CROSSWIND,68.06,69.09,23.98,3.37,6.8,-5.0,-17.2,-1.6,25,0.96,-0.015,0.121,0.00,174,,779,0,-670,2,3.13,22.1,1.00,0.108
40.80,CROSSWIND,68.40,69.43,23.96,3.42,6.9,-6.6,-18.1,-1.6,27,0.96,-0.015,0.120,0.00,172,,779,0,-672,2,3.13,22.1,1.00,0.106
40.90,CROSSWIND,68.74,69.77,23.94,3.46,6.9,-8.3,-19.1,-1.7,29,0.96,-0.018,0.118,0.00,169,,779,0,-674,2,3.13,22.1,1.00,0.104
41.00,CROSSWIND,69.09,70.12,23.92,3.48,7.0,-10.1,-20.0,-1.7,32,0.96,-0.022,0.116,0.00,167,,779,0,-677,2,3.13,22.1,1.00,0.102
41.10,CROSSWIND,69.44,70.47,23.90,3.50,7.1,-11.9,-21.0,-1.8,34,0.96,-0.025,0.107,0.00,165,,779,0,-679,2,3.13,22.1,1.00,0.101
41.20,CROSSWIND,69.79,70.82,23.88,3.50,7.2,-13.5,-21.9,-1.9,36,0.96,-0.026,0.100,0.00,163,,779,0,-681,2,3.13,22.1,1.00,0.100
41.30,CROSSWIND,70.14,71.17,23.86,3.49,7.2,-14.6,-22.7,-2.0,39,0.96,-0.025,0.097,0.00,160,,778,0,-684,2,3.13,22.1,1.00,0.100
41.40,CROSSWIND,70.49,71.52,23.84,3.46,7.3,-15.6,-23.4,-2.1,41,0.97,-0.024,0.095,0.00,158,,778,0,-686,2,3.13,22.1,1.00,0.100
41.50,CROSSWIND,70.83,71.86,23.83,3.43,7.3,-16.4,-24.0,-2.3,43,0.97,-0.022,0.094,0.00,156,,778,0,-688,2,3.13,22.1,1.00,0.101
41.60,CROSSWIND,71.17,72.20,23.81,3.39,7.3,-17.0,-24.4,-2.4,45,0.97,-0.020,0.092,0.00,153,,778,0,-690,2,3.13,22.1,1.00,0.103
41.70,CROSSWIND,71.51,72.54,23.80,3.34,7.4,-17.7,-24.6,-2.6,48,0.97,-0.017,0.090,0.00,151,,778,0,-693,3,3.13,22.1,1.00,0.104
41.80,CROSSWIND,71.84,72.87,23.79,3.31,7.4,-18.2,-24.7,-2.9,50,0.98,-0.013,0.086,0.00,149,,778,0,-695,3,3.13,22.1,1.00,0.106
41.90,CROSSWIND,72.17,73.20,23.78,3.27,7.3,-18.7,-24.6,-3.1,52,0.98,-0.009,0.084,0.00,146,,777,0,-697,3,3.13,22.1,1.00,0.107
42.00,CROSSWIND,72.50,73.53,23.78,3.24,7.3,-19.1,-24.4,-3.4,55,0.98,-0.004,0.079,0.00,144,,777,0,-700,3,3.13,22.1,1.00,0.109
42.10,CROSSWIND,72.82,73.85,23.77,3.22,7.3,-19.5,-24.1,-3.7,57,0.98,-0.001,0.076,0.00,142,,777,0,-702,4,3.13,22.1,1.00,0.110
42.20,CROSSWIND,73.14,74.17,23.76,3.20,7.2,-19.8,-23.6,-4.0,59,0.98,0.003,0.070,0.00,139,,776,0,-704,4,3.13,22.1,1.00,0.111
42.30,CROSSWIND,73.46,74.49,23.75,3.19,7.2,-20.2,-23.1,-4.4,62,0.98,0.006,0.067,0.00,137,,776,0,-707,4,3.13,22.1,1.00,0.112
42.40,CROSSWIND,73.78,74.81,23.75,3.19,7.1,-20.4,-22.4,-4.8,64,0.98,0.009,0.061,0.00,135,,776,0,-709,5,3.13,22.1,1.00,0.112
42.50,CROSSWIND,74.10,75.13,23.74,3.20,7.1,-20.7,-21.8,-5.2,66,0.98,0.011,0.058,0.00,132,,775,0,-711,5,3.13,22.1,1.00,0.113
42.60,CROSSWIND,74.42,75.45,23.73,3.21,7.0,-20.9,-21.1,-5.7,69,0.98,0.012,0.054,0.00,130,,775,0,-714,6,3.13,22.1,1.00,0.112
42.70,CROSSWIND,74.74,75.77,23.71,3.23,7.0,-21.1,-20.4,-6.2,71,0.98,0.013,0.050,0.00,128,,774,0,-716,6,3.13,22.1,1.00,0.112
42.80,CROSSWIND,75.07,76.10,23.70,3.25,6.9,-21.2,-19.8,-6.8,74,0.98,0.013,0.048,0.00,125,,774,0,-719,7,3.13,22.1,1.00,0.111
42.90,CROSSWIND,75.39,76.42,23.68,3.27,6.8,-21.3,-19.1,-7.4,76,0.98,0.013,0.045,0.00,123,,773,0,-721,7,3.13,22.1,1.00,0.111
43.00,CROSSWIND,75.72,76.75,23.67,3.29,6.8,-21.4,-18.6,-8.0,78,0.98,0.012,0.044,0.00,121,,772,0,-723,8,3.13,22.1,1.00,0.110
43.10,CROSSWIND,76.05,77.08,23.65,3.31,6.7,-21.5,-18.1,-8.7,81,0.98,0.011,0.043,0.00,118,,772,0,-726,9,3.13,22.1,1.00,0.109
43.20,CROSSWIND,76.38,77.41,23.63,3.33,6.7,-21.5,-17.6,-9.4,83,0.98,0.010,0.043,0.00,116,,771,0,-728,9,3.13,22.1,1.00,0.108
43.30,CROSSWIND,76.71,77.75,23.61,3.34,6.7,-21.5,-17.2,-10.2,85,0.98,0.008,0.043,0.00,113,,770,0,-730,10,3.13,22.1,1.00,0.107
43.40,CROSSWIND,77.05,78.08,23.59,3.35,6.7,-21.5,-17.0,-11.0,88,0.98,0.006,0.045,0.00,111,,769,0,-733,11,3.13,22.1,1.00,0.107
43.50,CROSSWIND,77.38,78.42,23.58,3.36,6.6,-21.5,-16.7,-11.8,90,0.98,0.005,0.045,0.00,109,,769,0,-735,12,3.13,22.1,1.00,0.106
43.60,CROSSWIND,77.72,78.75,23.56,3.36,6.6,-21.5,-16.6,-12.7,92,0.98,0.003,0.049,0.00,106,,768,0,-737,13,3.13,22.1,1.00,0.106
43.70,CROSSWIND,78.05,79.09,23.54,3.35,6.6,-21.5,-16.4,-13.6,95,0.98,0.002,0.049,0.00,104,,767,0,-740,14,3.13,22.1,1.00,0.106
43.80,CROSSWIND,78.39,79.42,23.53,3.35,6.6,-21.4,-16.4,-14.5,97,0.99,0.001,0.053,0.00,102,,766,0,-742,15,3.13,22.1,1.00,0.106
43.90,CROSSWIND,78.72,79.76,23.51,3.34,6.6,-21.4,-16.3,-15.5,99,0.99,0.000,0.054,0.00,99,,765,0,-744,16,3.13,22.1,1.00,0.106
44.00,CROSSWIND,79.06,80.09,23.50,3.32,6.7,-21.3,-16.3,-16.6,102,0.99,-0.000,0.058,0.00,97,,764,0,-747,17,3.13,22.1,1.00,0.106
44.10,CROSSWIND,79.39,80.42,23.48,3.31,6.7,-21.3,-16.3,-17.6,104,0.99,-0.001,0.059,0.00,95,,763,0,-749,18,3.13,22.1,1.00,0.107
44.20,CROSSWIND,79.72,80.75,23.47,3.29,6.7,-21.2,-16.4,-18.7,106,0.99,-0.001,0.062,0.00,93,,762,0,-751,19,3.13,22.1,1.00,0.108
44.30,CROSSWIND,80.05,81.08,23.46,3.28,6.7,-21.2,-16.3,-19.9,108,0.99,-0.000,0.062,0.00,90,,761,0,-753,20,3.13,22.1,1.00,0.108
44.40,CROSSWIND,80.38,81.41,23.45,3.26,6.7,-21.2,-16.4,-21.1,111,0.99,0.000,0.066,0.00,88,,759,0,-756,21,3.13,22.1,1.00,0.109
44.50,CROSSWIND,80.70,81.73,23.45,3.24,6.7,-21.2,-16.3,-22.3,113,0.99,0.001,0.065,0.00,86,,758,0,-758,22,3.13,22.1,1.00,0.110
44.60,CROSSWIND,81.03,82.06,23.44,3.23,6.7,-21.2,-16.3,-23.5,115,0.99,0.002,0.068,0.00,83,,757,0,-760,24,3.13,22.1,1.00,0.111
44.70,CROSSWIND,81.35,82.38,23.43,3.21,6.8,-21.2,-16.2,-24.8,117,0.99,0.003,0.066,0.00,81,,756,0,-762,25,3.13,22.1,1.00,0.112
44.80,CROSSWIND,81.67,82.70,23.42,3.20,6.8,-21.2,-16.1,-26.1,120,0.99,0.004,0.068,0.00,79,,754,0,-765,26,3.13,22.1,1.00,0.113
44.90,CROSSWIND,81.99,83.02,23.42,3.19,6.8,-21.2,-15.9,-27.5,122,0.99,0.005,0.066,0.00,77,,753,0,-767,27,3.13,22.1,1.00,0.114
45.00,CROSSWIND,82.31,83.34,23.41,3.18,6.8,-21.2,-15.8,-28.9,124,0.99,0.006,0.068,0.00,75,,752,0,-769,29,3.13,22.1,1.00,0.114
45.10,CROSSWIND,82.63,83.66,23.40,3.18,6.8,-21.2,-15.6,-30.3,126,0.99,0.007,0.065,0.00,72,,750,0,-771,30,3.13,22.1,1.00,0.115
45.20,CROSSWIND,82.94,83.98,23.40,3.17,6.8,-21.2,-15.4,-31.8,129,0.99,0.008,0.067,0.00,70,,749,0,-774,32,3.13,22.1,1.00,0.116
45.30,CROSSWIND,83.26,84.29,23.39,3.17,6.8,-21.3,-15.2,-33.3,131,0.99,0.008,0.063,0.00,68,,747,0,-776,33,3.13,22.1,1.00,0.116
45.40,CROSSWIND,83.58,84.61,23.38,3.17,6.8,-21.3,-15.0,-34.8,133,0.99,0.009,0.065,0.00,66,,746,0,-778,35,3.13,22.1,1.00,0.117
45.50,CROSSWIND,83.89,84.93,23.37,3.17,6.8,-21.3,-14.7,-36.4,135,0.99,0.009,0.061,0.00,64,,744,0,-780,36,3.13,22.1,1.00,0.117
45.60,CROSSWIND,84.21,85.24,23.36,3.18,6.8,-21.3,-14.5,-38.0,137,0.99,0.010,0.062,0.00,62,,742,0,-782,38,3.13,22.1,1.00,0.117
45.70,CROSSWIND,84.53,85.56,23.36,3.18,6.8,-21.4,-14.2,-39.6,139,0.99,0.010,0.059,0.00,59,,741,0,-784,40,3.13,22.1,1.00,0.117
45.80,CROSSWIND,84.85,85.88,23.35,3.19,6.8,-21.4,-14.0,-41.3,141,0.99,0.010,0.061,0.00,57,,739,0,-786,41,3.13,22.1,1.00,0.117
45.90,CROSSWIND,85.17,86.20,23.34,3.19,6.8,-21.4,-13.7,-43.0,143,0.99,0.010,0.058,0.00,55,,737,0,-788,43,3.13,22.1,1.00,0.117
46.00,CROSSWIND,85.49,86.52,23.33,3.20,6.8,-21.4,-13.5,-44.7,146,0.99,0.010,0.059,0.00,53,,736,0,-791,45,3.13,22.1,1.00,0.117
46.10,CROSSWIND,85.81,86.84,23.32,3.20,6.8,-21.4,-13.3,-46.5,148,0.99,0.009,0.056,0.00,51,,734,0,-793,46,3.13,22.1,1.00,0.117
46.20,CROSSWIND,86.13,87.16,23.31,3.21,6.8,-21.4,-13.1,-48.3,150,0.99,0.009,0.058,0.00,49,,732,0,-795,48,3.13,22.1,1.00,0.117
46.30,CROSSWIND,86.45,87.48,23.29,3.21,6.8,-21.4,-12.9,-50.1,152,0.99,0.009,0.056,0.00,47,,730,0,-797,50,3.13,22.1,1.00,0.118
46.40,CROSSWIND,86.77,87.80,23.28,3.21,6.8,-21.4,-12.8,-52.0,154,0.99,0.008,0.057,0.00,45,,728,0,-799,52,3.13,22.1,1.00,0.118
46.50,CROSSWIND,87.09,88.12,23.27,3.21,6.8,-21.4,-12.6,-53.9,156,0.99,0.008,0.055,0.00,43,,727,0,-801,54,3.13,22.1,1.00,0.118
46.60,CROSSWIND,87.41,88.44,23.26,3.21,6.8,-21.4,-12.6,-55.8,158,0.99,0.007,0.057,0.00,41,,725,0,-803,56,3.13,22.1,1.00,0.118
46.70,CROSSWIND,87.73,88.76,23.25,3.21,6.9,-21.4,-12.4,-57.8,159,1.00,0.007,0.055,0.00,39,,723,0,-804,58,3.13,22.1,1.00,0.118
46.80,CROSSWIND,88.05,89.09,23.24,3.21,6.9,-21.4,-12.4,-59.8,161,1.00,0.007,0.057,0.00,37,,721,0,-806,60,3.13,22.1,1.00,0.118
46.90,CROSSWIND,88.37,89.41,23.23,3.21,6.9,-21.3,-12.2,-61.9,163,1.00,0.006,0.055,0.00,36,,719,0,-808,62,3.13,22.1,1.00,0.118
47.00,CROSSWIND,88.70,89.73,23.22,3.21,6.9,-21.3,-12.2,-63.9,165,1.00,0.006,0.057,0.00,34,,716,0,-810,64,3.13,22.1,1.00,0.118
47.10,CROSSWIND,89.02,90.05,23.21,3.21,6.9,-21.3,-12.1,-66.0,167,1.00,0.006,0.055,0.00,32,,714,0,-812,66,3.13,22.1,1.00,0.119
47.20,CROSSWIND,89.34,90.37,23.20,3.20,6.9,-21.3,-12.0,-68.1,169,1.00,0.006,0.057,0.00,30,,712,0,-814,68,3.13,22.1,1.00,0.119
47.30,CROSSWIND,89.66,90.69,23.19,3.20,7.0,-21.3,-11.9,-70.3,170,1.00,0.006,0.055,0.00,28,,710,0,-815,70,3.13,22.1,1.00,0.119
47.40,CROSSWIND,89.98,91.01,23.19,3.19,7.0,-21.3,-11.8,-72.5,172,1.00,0.006,0.052,0.00,27,,708,0,-817,72,3.13,22.1,1.00,0.120
47.50,CROSSWIND,90.30,91.33,23.18,3.19,7.0,-21.3,-11.8,-74.7,174,1.00,0.006,0.055,0.00,25,,706,0,-819,75,3.13,22.1,1.00,0.120
47.60,CROSSWIND,90.61,91.65,23.17,3.19,7.0,-21.3,-11.7,-76.9,176,1.00,0.006,0.052,0.00,23,,703,0,-821,77,3.13,22.1,1.00,0.120
47.70,CROSSWIND,90.93,91.97,23.16,3.18,7.0,-21.3,-11.7,-79.2,177,1.00,0.006,0.054,0.00,21,,701,0,-822,79,3.13,22.1,1.00,0.121
47.80,CROSSWIND,91.25,92.28,23.15,3.18,7.0,-21.3,-11.5,-81.5,179,1.00,0.006,0.051,0.00,20,,699,0,-824,81,3.13,22.1,1.00,0.121
47.90,CROSSWIND,91.57,92.60,23.14,3.18,7.1,-21.3,-11.5,-83.8,181,1.00,0.006,0.053,0.00,18,,697,0,-826,84,3.13,22.1,1.00,0.121
48.00,CROSSWIND,91.89,92.92,23.14,3.17,7.1,-21.3,-11.3,-86.1,182,1.00,0.006,0.050,0.00,17,,694,0,-827,86,3.13,22.1,1.00,0.122
48.10,CROSSWIND,92.20,93.24,23.13,3.17,7.1,-21.3,-11.3,-88.5,184,1.00,0.006,0.052,0.00,15,,692,0,-829,89,3.13,22.1,1.00,0.122
48.20,CROSSWIND,92.52,93.55,23.12,3.17,7.1,-21.3,-11.1,-90.9,185,1.00,0.006,0.049,0.00,13,,690,0,-830,91,3.13,22.1,1.00,0.122
48.30,CROSSWIND,92.84,93.87,23.11,3.17,7.1,-21.3,-11.1,-93.3,187,1.00,0.006,0.050,0.00,12,,687,0,-832,93,3.13,22.1,1.00,0.123
48.40,CROSSWIND,93.16,94.19,23.11,3.17,7.1,-21.3,-10.9,-95.8,188,1.00,0.006,0.047,0.00,10,,685,0,-833,96,3.13,22.1,1.00,0.123
48.50,CROSSWIND,93.47,94.50,23.10,3.17,7.2,-21.3,-10.9,-98.2,190,1.00,0.004,0.049,0.00,9,,682,0,-835,98,3.10,22.1,1.00,0.121
48.60,CROSSWIND,93.79,94.82,23.09,3.17,7.2,-21.3,-10.7,-100.7,191,0.99,-0.000,0.046,0.00,8,,680,0,-836,101,3.04,22.1,1.00,0.116
48.70,CROSSWIND,94.11,95.13,23.08,3.17,7.1,-21.3,-10.7,-103.2,193,0.98,-0.003,0.047,0.00,6,,677,0,-838,103,2.97,22.1,1.00,0.111
48.80,CROSSWIND,94.42,95.44,23.06,3.16,7.1,-21.3,-10.5,-105.8,194,0.97,-0.003,0.044,0.00,5,,675,0,-839,106,2.91,22.1,1.00,0.106
48.90,CROSSWIND,94.74,95.75,23.05,3.14,7.0,-21.3,-10.4,-108.3,195,0.96,-0.004,0.040,0.00,4,,672,0,-840,108,2.85,22.1,1.00,0.101
49.00,CROSSWIND,95.05,96.06,23.03,3.12,7.0,-21.3,-10.4,-110.9,197,0.95,-0.004,0.043,0.00,2,,669,0,-842,111,2.78,22.1,1.00,0.097
49.10,CROSSWIND,95.36,96.37,23.02,3.10,6.9,-21.3,-10.3,-113.5,198,0.94,-0.006,0.039,0.00,1,,667,0,-843,114,2.72,22.1,1.00,0.092
49.20,CROSSWIND,95.67,96.67,23.00,3.06,6.8,-21.3,-10.3,-116.1,199,0.94,-0.007,0.042,0.00,0,,664,0,-844,116,2.66,22.1,1.00,0.088
49.30,CROSSWIND,95.98,96.97,22.99,3.03,6.7,-21.3,-10.2,-118.8,200,0.93,-0.008,0.039,0.00,1,,662,0,-845,119,2.60,22.1,1.00,0.084
49.40,CROSSWIND,96.28,97.27,22.97,2.98,6.6,-21.3,-10.2,-121.4,201,0.92,-0.009,0.041,0.00,3,,659,0,-846,121,2.54,22.1,1.00,0.080
49.50,CROSSWIND,96.57,97.55,22.96,2.94,6.5,-21.3,-10.1,-124.1,203,0.92,-0.009,0.038,0.00,4,,656,0,-848,124,2.48,22.1,1.00,0.076
49.60,CROSSWIND,96.87,97.84,22.94,2.89,6.3,-21.2,-10.2,-126.8,204,0.91,-0.010,0.040,0.00,5,,654,0,-849,127,2.42,22.1,1.00,0.073
49.70,CROSSWIND,97.15,98.12,22.93,2.84,6.2,-21.2,-10.1,-129.5,205,0.90,-0.010,0.037,0.00,6,,651,0,-850,129,2.36,22.1,1.00,0.070
49.80,CROSSWIND,97.44,98.39,22.92,2.78,6.1,-21.2,-10.1,-132.2,206,0.90,-0.011,0.039,0.00,7,,648,0,-851,132,2.31,22.1,1.00,0.067
49.90,CROSSWIND,97.71,98.66,22.91,2.72,5.9,-21.2,-10.1,-135.0,207,0.89,-0.011,0.036,0.00,8,,645,0,-852,135,2.25,22.1,1.00,0.064
50.00,CROSSWIND,97.98,98.92,22.90,2.66,5.8,-21.2,-10.1,-137.7,208,0.89,-0.011,0.038,0.00,9,,643,0,-853,138,2.20,22.1,1.00,0.062
50.10,CROSSWIND,98.25,99.17,22.89,2.60,5.7,-21.2,-10.0,-140.5,209,0.88,-0.011,0.035,0.00,10,,640,0,-854,140,2.14,22.1,1.00,0.060
50.20,CROSSWIND,98.50,99.42,22.89,2.54,5.6,-21.2,-10.0,-143.3,210,0.87,-0.011,0.029,0.00,11,,637,0,-855,143,2.09,22.1,1.00,0.058
50.30,CROSSWIND,98.76,99.66,22.88,2.48,5.4,-21.2,-10.0,-146.1,210,0.87,-0.011,0.033,0.00,12,,634,0,-855,146,2.04,22.1,1.00,0.056
50.40,CROSSWIND,99.00,99.89,22.88,2.42,5.3,-21.2,-9.9,-148.9,211,0.86,-0.011,0.028,0.00,13,,632,0,-856,149,1.99,22.1,1.00,0.054
50.50,CROSSWIND,99.24,100.12,22.88,2.36,5.2,-21.2,-10.0,-151.7,212,0.86,-0.011,0.032,0.00,13,,629,0,-857,152,1.95,22.1,1.00,0.053
50.60,CROSSWIND,99.48,100.34,22.87,2.30,5.1,-21.1,-9.9,-154.6,213,0.85,-0.011,0.027,0.00,14,,626,0,-858,155,1.90,22.1,1.00,0.052
50.70,CROSSWIND,99.70,100.55,22.87,2.24,5.0,-21.1,-10.0,-157.4,214,0.84,-0.011,0.030,0.00,15,,623,0,-859,157,1.85,22.1,1.00,0.050
50.80,CROSSWIND,99.93,100.76,22.88,2.18,4.8,-21.1,-9.9,-160.3,214,0.84,-0.011,0.026,0.00,16,,620,0,-859,160,1.81,22.1,1.00,0.049
50.90,CROSSWIND,100.14,100.96,22.88,2.12,4.7,-21.1,-9.9,-163.1,215,0.83,-0.011,0.029,0.00,16,,617,0,-860,163,1.77,22.1,1.00,0.048
51.00,CROSSWIND,100.35,101.16,22.88,2.07,4.6,-21.1,-9.8,-166.0,216,0.83,-0.011,0.024,0.00,17,,614,0,-861,166,1.72,22.1,1.00,0.048
51.10,CROSSWIND,100.56,101.35,22.88,2.02,4.6,-21.1,-9.9,-168.9,216,0.82,-0.012,0.027,0.00,18,,611,0,-861,169,1.68,22.1,1.00,0.047
51.20,CROSSWIND,100.76,101.54,22.89,1.97,4.5,-21.1,-9.8,-171.8,217,0.81,-0.012,0.022,0.00,18,,609,0,-862,172,1.64,22.1,1.00,0.046
51.30,CROSSWIND,100.95,101.71,22.89,1.92,4.4,-21.1,-9.8,-174.8,217,0.81,-0.013,0.025,0.00,19,,606,0,-862,175,1.60,22.1,1.00,0.045
51.40,CROSSWIND,101.14,101.89,22.93,1.91,4.3,-21.1,-9.7,-177.7,218,1.00,-0.066,0.029,0.00,19,,603,0,-863,178,1.56,31.5,0.95,-0.096
51.50,CROSSWIND,101.34,102.07,22.98,1.90,4.1,-21.5,-9.7,-180.6,218,1.00,-0.103,0.020,0.00,20,,600,0,-863,181,1.53,31.5,0.90,-0.093
51.60,CROSSWIND,101.52,102.24,23.04,1.86,3.7,-22.0,-10.0,-183.6,219,1.00,-0.101,0.023,0.00,20,,597,0,-864,184,1.49,31.5,0.85,-0.091
51.70,CROSSWIND,101.71,102.41,23.10,1.75,3.1,-22.4,-10.1,-186.6,219,1.00,-0.054,0.018,0.00,21,,594,0,-864,187,1.45,31.5,0.80,-0.085
51.80,CROSSWIND,101.88,102.56,23.17,1.59,2.5,-22.6,-10.2,-189.5,220,1.00,-0.029,0.012,0.00,21,,591,0,-865,190,1.42,31.5,0.75,-0.076
51.90,CROSSWIND,102.03,102.70,23.25,1.42,2.1,-22.8,-9.6,-192.5,220,1.00,-0.027,-0.012,0.00,21,,588,0,-865,193,1.39,31.5,0.70,-0.066
52.00,CROSSWIND,102.17,102.82,23.33,1.26,1.8,-22.9,-8.9,-195.5,220,1.00,-0.035,-0.025,0.00,22,,585,0,-865,196,1.36,31.5,0.65,-0.055
52.10,CROSSWIND,102.29,102.92,23.42,1.13,1.7,-22.9,-8.3,-198.6,221,1.00,-0.044,-0.030,0.00,22,,582,0,-866,199,1.34,31.5,0.60,-0.045
52.20,CROSSWIND,102.40,103.01,23.51,1.01,1.6,-22.7,-7.6,-201.6,221,1.00,-0.037,-0.032,0.00,22,,579,0,-866,202,1.31,31.5,0.55,-0.035
52.30,CROSSWIND,102.50,103.08,23.61,0.90,1.4,-22.4,-6.9,-204.7,221,1.00,-0.021,-0.030,0.00,22,,576,0,-866,205,1.29,31.5,0.50,-0.024
52.40,CROSSWIND,102.58,103.16,23.71,0.79,1.2,-22.0,-6.2,-207.7,221,1.00,-0.008,-0.029,0.00,22,,573,0,-866,208,1.28,31.5,0.45,-0.014
52.50,CROSSWIND,102.66,103.22,23.81,0.70,1.1,-21.6,-5.5,-210.8,221,1.00,-0.001,-0.026,0.00,23,,570,0,-866,211,1.26,31.5,0.40,-0.004
52.60,CROSSWIND,102.73,103.28,23.91,0.63,1.0,-21.1,-4.7,-213.9,221,1.00,0.001,-0.026,0.00,23,,567,0,-866,214,1.25,31.5,0.35,0.005
52.70,CROSSWIND,102.79,103.33,24.02,0.59,1.0,-20.6,-3.8,-217.0,221,1.00,0.003,-0.027,0.00,23,,563,0,-866,217,1.24,31.5,0.30,0.013
52.80,CROSSWIND,102.85,103.37,24.12,0.56,1.0,-20.0,-2.9,-220.1,222,1.00,0.006,-0.026,0.00,23,,560,0,-867,220,1.22,31.5,0.25,0.020
52.90,CROSSWIND,102.90,103.40,24.22,0.56,1.0,-19.4,-2.0,-223.2,222,1.00,0.008,-0.027,0.00,23,,557,0,-867,223,1.21,31.5,0.20,0.025
53.00,CROSSWIND,102.96,103.44,24.32,0.58,1.0,-18.7,-1.0,-226.4,221,1.00,0.011,-0.028,0.00,23,,554,0,-866,226,1.20,31.5,0.15,0.029
53.10,CROSSWIND,103.02,103.48,24.42,0.61,1.0,-18.0,0.1,-229.5,221,1.00,0.012,-0.029,0.00,23,,551,0,-866,229,1.19,31.5,0.10,0.031
53.20,CROSSWIND,103.08,103.53,24.51,0.66,1.1,-17.3,1.2,-232.6,221,1.00,0.012,-0.033,0.00,23,,548,0,-866,233,1.18,31.5,0.05,0.033
53.30,CROSSWIND,103.15,103.58,24.60,0.73,1.1,-16.5,2.3,-235.8,221,1.00,0.010,-0.034,0.00,22,,545,0,-866,236,1.16,31.5,0.00,0.032
53.40,CROSSWIND,103.22,103.64,24.69,0.80,1.1,-15.6,3.4,-239.0,221,1.00,0.003,-0.036,0.00,22,,541,0,-866,239,1.15,31.5,0.00,0.026
53.50,CROSSWIND,103.31,103.71,24.77,0.88,1.1,-14.7,4.5,-242.1,221,1.00,-0.002,-0.038,0.00,22,,538,0,-866,242,1.13,31.5,0.00,0.020
53.60,CROSSWIND,103.40,103.78,24.85,0.97,1.1,-13.8,5.5,-245.3,221,1.00,-0.007,-0.038,0.00,22,,535,0,-866,245,1.11,31.5,0.00,0.012
53.70,CROSSWIND,103.50,103.87,24.93,1.05,1.1,-12.9,6.6,-248.5,220,1.00,-0.011,-0.040,0.00,22,,532,0,-865,248,1.09,31.5,0.00,0.005
53.80,CROSSWIND,103.60,103.96,25.00,1.12,1.0,-11.9,7.5,-251.7,220,1.00,-0.016,-0.041,0.00,21,,529,0,-865,252,1.07,31.5,0.00,-0.002
53.90,CROSSWIND,103.72,104.06,25.08,1.19,1.0,-11.0,8.4,-254.9,220,1.00,-0.024,-0.041,0.00,21,,526,0,-865,255,1.05,31.5,0.00,-0.009
54.00,CROSSWIND,103.84,104.17,25.15,1.27,1.1,-10.0,9.3,-258.1,219,1.00,-0.042,-0.042,0.00,21,,522,0,-864,258,1.03,31.5,0.00,-0.017
54.10,CROSSWIND,103.97,104.28,25.21,1.35,1.2,-9.1,10.0,-261.3,219,1.00,-0.062,-0.040,0.00,20,,519,0,-864,261,1.00,31.5,0.00,-0.025
54.20,CROSSWIND,104.11,104.41,25.28,1.44,1.2,-8.1,10.7,-264.5,219,1.00,-0.070,-0.041,0.00,20,,516,0,-864,264,0.97,31.5,0.00,-0.034
54.30,CROSSWIND,104.25,104.54,25.34,1.51,1.2,-7.2,11.2,-267.7,218,1.00,-0.068,-0.040,0.00,19,,513,0,-863,268,0.94,31.5,0.00,-0.042
54.40,CROSSWIND,104.41,104.68,25.40,1.55,1.1,-6.3,11.7,-270.9,218,1.00,-0.064,-0.036,0.00,19,,510,0,-863,271,0.91,31.5,0.00,-0.049
54.50,CROSSWIND,104.56,104.82,25.46,1.57,1.0,-5.4,12.0,-274.1,217,1.00,-0.062,-0.035,0.00,19,,506,0,-862,274,0.88,31.5,0.00,-0.055
54.60,CROSSWIND,104.72,104.97,25.52,1.58,0.9,-4.5,12.3,-277.3,217,1.00,-0.064,-0.032,0.00,18,,503,0,-862,277,0.85,31.5,0.00,-0.060
54.70,CROSSWIND,104.88,105.11,25.59,1.57,0.8,-3.7,12.4,-280.5,216,1.00,-0.066,-0.028,0.00,18,,500,0,-861,281,0.82,31.5,0.00,-0.064
54.80,CROSSWIND,105.03,105.26,25.65,1.56,0.6,-2.9,12.5,-283.7,216,1.00,-0.068,-0.026,0.00,17,,497,0,-861,284,0.79,31.5,0.00,-0.067
54.90,CROSSWIND,105.19,105.40,25.72,1.54,0.5,-2.2,12.5,-287.0,216,1.00,-0.068,-0.023,0.00,17,,493,0,-861,287,0.76,31.5,0.00,-0.070
55.00,CROSSWIND,105.34,105.54,25.79,1.51,0.4,-1.5,12.5,-290.2,215,1.00,-0.068,-0.019,0.00,16,,490,0,-860,290,0.73,31.5,0.00,-0.072
55.10,CROSSWIND,105.49,105.68,25.85,1.48,0.3,-0.9,12.4,-293.4,215,1.00,-0.068,-0.016,0.00,16,,487,0,-860,293,0.70,31.5,0.00,-0.074
55.20,CROSSWIND,105.64,105.82,25.92,1.44,0.2,-0.3,12.3,-296.7,214,1.00,-0.068,-0.012,0.00,15,,484,0,-859,297,0.67,31.5,0.00,-0.076
55.30,CROSSWIND,105.78,105.95,26.00,1.41,0.0,0.2,12.1,-299.9,214,1.00,-0.068,-0.010,0.00,15,,480,0,-859,300,0.64,31.5,0.00,-0.077
55.40,CROSSWIND,105.92,106.08,26.07,1.37,-0.1,0.6,11.9,-303.2,213,1.00,-0.068,-0.007,0.00,14,,477,0,-858,303,0.61,31.5,0.00,-0.079
55.50,CROSSWIND,106.06,106.21,26.14,1.33,-0.2,1.0,11.8,-306.5,213,1.00,-0.068,-0.005,0.00,14,,474,0,-858,306,0.58,31.5,0.00,-0.080
55.60,CROSSWIND,106.19,106.33,26.22,1.30,-0.3,1.3,11.6,-309.7,212,1.00,-0.068,-0.003,0.00,13,,471,0,-857,310,0.56,31.5,0.00,-0.081
55.70,CROSSWIND,106.32,106.46,26.29,1.26,-0.4,1.6,11.4,-313.0,212,1.00,-0.068,-0.001,0.00,13,,467,0,-857,313,0.53,31.5,0.00,-0.083
55.80,CROSSWIND,106.44,106.58,26.37,1.23,-0.5,1.8,11.2,-316.3,211,1.00,-0.068,0.000,0.00,12,,464,0,-856,316,0.50,31.5,0.00,-0.084
55.90,CROSSWIND,106.56,106.69,26.45,1.20,-0.6,1.9,11.1,-319.6,211,1.00,-0.067,0.001,0.00,12,,461,0,-856,320,0.48,31.5,0.00,-0.085
56.00,CROSSWIND,106.68,106.81,26.53,1.16,-0.7,2.0,10.9,-322.9,210,1.00,-0.067,0.002,0.00,11,,457,0,-855,323,0.46,31.5,0.00,-0.086
56.10,CROSSWIND,106.80,106.92,26.61,1.13,-0.8,2.1,10.8,-326.2,210,1.00,-0.067,0.002,0.00,11,,454,0,-855,326,0.43,31.5,0.00,-0.087
56.20,CROSSWIND,106.91,107.02,26.69,1.10,-0.9,2.1,10.7,-329.6,209,1.00,-0.067,0.003,0.00,10,,451,0,-854,330,0.41,31.5,0.00,-0.088
56.30,CROSSWIND,107.02,107.13,26.77,1.07,-1.0,2.0,10.6,-332.9,209,1.00,-0.067,0.003,0.00,10,,448,0,-854,333,0.39,31.5,0.00,-0.089
56.40,CROSSWIND,107.13,107.23,26.85,1.04,-1.1,2.0,10.5,-336.2,208,1.00,-0.067,0.003,0.00,9,,444,0,-853,336,0.37,31.5,0.00,-0.090
56.50,CROSSWIND,107.23,107.34,26.93,1.01,-1.2,1.8,10.4,-339.6,208,1.00,-0.067,0.003,0.00,9,,441,0,-853,340,0.35,31.5,0.00,-0.091
56.60,CROSSWIND,107.33,107.43,27.01,0.99,-1.3,1.6,10.3,-343.0,207,1.00,-0.067,0.003,0.00,8,,437,0,-852,343,0.33,31.5,0.00,-0.092
56.70,CROSSWIND,107.43,107.53,27.10,0.96,-1.4,1.4,10.2,-346.3,207,1.00,-0.067,0.001,0.00,8,,434,0,-852,346,0.31,31.5,0.00,-0.093
56.80,CROSSWIND,107.52,107.63,27.18,0.93,-1.5,1.2,10.1,-349.7,206,1.00,-0.067,0.001,0.00,7,,431,0,-851,350,0.29,31.5,0.00,-0.094
56.90,CROSSWIND,107.61,107.72,27.26,0.91,-1.6,0.9,10.0,-353.1,206,1.00,-0.067,0.002,0.00,7,,427,0,-851,353,0.27,31.5,0.00,-0.095
57.00,CROSSWIND,107.70,107.81,27.35,0.88,-1.7,0.7,9.9,-356.5,205,1.00,-0.067,-0.000,0.00,6,,424,0,-850,357,0.25,31.5,0.00,-0.095
57.10,CROSSWIND,107.79,107.89,27.43,0.86,-1.8,0.4,9.8,-359.9,205,1.00,-0.067,0.000,0.00,6,,421,0,-850,360,0.24,31.5,0.00,-0.096
57.20,CROSSWIND,107.88,107.98,27.52,0.83,-1.9,0.1,9.7,-363.3,204,1.00,-0.067,0.001,0.00,5,,417,0,-849,363,0.22,31.5,0.00,-0.097
57.30,CROSSWIND,107.96,108.06,27.61,0.81,-1.9,-0.2,9.6,-366.8,204,1.00,-0.067,-0.001,0.00,5,,414,0,-849,367,0.20,31.5,0.00,-0.098
57.40,CROSSWIND,108.04,108.14,27.69,0.79,-2.0,-0.5,9.5,-370.2,203,1.00,-0.067,-0.000,0.00,4,,410,0,-848,370,0.19,31.5,0.00,-0.099
57.50,CROSSWIND,108.12,108.22,27.78,0.76,-2.1,-0.9,9.4,-373.6,203,1.00,-0.067,0.000,0.00,4,,407,0,-848,374,0.17,31.5,0.00,-0.099
57.60,CROSSWIND,108.19,108.30,27.86,0.74,-2.2,-1.2,9.4,-377.1,202,1.00,-0.067,-0.001,0.00,3,,403,0,-847,377,0.15,31.5,0.00,-0.100
57.70,CROSSWIND,108.27,108.37,27.95,0.72,-2.3,-1.6,9.3,-380.5,202,1.00,-0.067,0.001,0.00,3,,400,0,-847,381,0.14,31.5,0.00,-0.101
57.80,CROSSWIND,108.34,108.45,28.04,0.70,-2.3,-2.1,9.2,-384.0,201,1.00,-0.067,0.001,0.00,2,,396,0,-846,384,0.13,31.5,0.00,-0.101
57.90,CROSSWIND,108.41,108.52,28.13,0.67,-2.4,-2.6,9.1,-387.5,201,1.00,-0.067,-0.002,0.00,2,,393,0,-846,387,0.11,31.5,0.00,-0.102
58.00,CROSSWIND,108.47,108.59,28.21,0.65,-2.5,-3.1,9.1,-391.0,200,1.00,-0.066,0.000,0.00,1,,389,0,-845,391,0.10,31.5,0.00,-0.102
58.10,CROSSWIND,108.54,108.66,28.30,0.63,-2.5,-3.5,8.5,-394.5,200,1.00,-0.066,0.019,0.00,1,,386,0,-845,394,0.09,31.5,0.00,-0.102
58.20,CROSSWIND,108.60,108.73,28.39,0.60,-2.6,-4.0,8.0,-398.0,199,1.00,-0.065,0.026,0.00,0,,382,0,-844,398,0.07,31.5,0.00,-0.103
58.30,CROSSWIND,108.66,108.79,28.48,0.58,-2.7,-4.5,7.6,-401.5,199,1.00,-0.065,0.027,0.00,0,,379,0,-844,401,0.06,31.5,0.00,-0.103
58.40,CROSSWIND,108.72,108.86,28.57,0.56,-2.7,-5.0,7.2,-405.0,198,1.00,-0.065,0.027,0.00,1,,375,0,-843,405,0.05,31.5,0.00,-0.103
58.50,CROSSWIND,108.77,108.92,28.66,0.53,-2.8,-5.4,6.9,-408.5,198,1.00,-0.065,0.025,0.00,1,,372,0,-843,409,0.04,31.5,0.00,-0.103
58.60,CROSSWIND,108.82,108.98,28.74,0.52,-2.9,-5.9,6.6,-412.0,197,1.00,-0.065,0.020,0.00,2,,368,0,-842,412,0.03,31.5,0.00,-0.104
58.70,CROSSWIND,108.87,109.04,28.83,0.50,-2.9,-6.4,6.3,-415.6,196,1.00,-0.065,0.018,0.00,2,,365,0,-841,416,0.02,31.5,0.00,-0.104
58.80,CROSSWIND,108.92,109.10,28.92,0.48,-3.0,-6.9,6.1,-419.1,196,1.00,-0.065,0.015,0.00,3,,361,0,-841,419,0.01,31.5,0.00,-0.104
58.90,CROSSWIND,108.97,109.16,29.01,0.47,-3.0,-7.4,5.8,-422.7,195,0.98,-0.065,0.012,0.00,3,,358,0,-840,423,-0.00,31.5,0.03,-0.105
59.00,CROSSWIND,109.02,109.22,29.09,0.45,-3.1,-7.9,5.6,-426.2,195,0.97,-0.065,0.009,0.00,4,,354,0,-840,426,-0.01,31.5,0.07,-0.104
59.10,CROSSWIND,109.06,109.27,29.17,0.44,-3.1,-8.4,5.3,-429.8,194,0.96,-0.064,0.009,0.00,5,,351,0,-839,430,-0.02,31.5,0.12,-0.104
59.20,CROSSWIND,109.11,109.32,29.25,0.43,-3.1,-9.0,5.1,-433.4,193,0.94,-0.064,0.006,0.00,5,,347,0,-838,433,-0.03,31.5,0.17,-0.103
59.30,CROSSWIND,109.15,109.38,29.32,0.41,-3.2,-9.6,4.8,-436.9,193,0.93,-0.063,0.002,0.00,6,,343,0,-838,437,-0.04,31.5,0.22,-0.102
59.40,CROSSWIND,109.19,109.43,29.39,0.39,-3.2,-10.0,4.4,-440.5,192,0.92,-0.063,0.001,0.00,7,,340,0,-837,441,-0.04,31.5,0.28,-0.101
59.50,DOWNWIND,109.23,109.47,29.46,0.38,-3.2,-10.5,4.1,-444.1,192,0.91,-0.062,0.001,0.00,336,,2201,0,-837,444,-0.05,31.5,0.33,-0.099
59.60,DOWNWIND,109.26,109.52,29.53,0.36,-3.2,-10.9,3.7,-447.7,191,0.90,-0.062,0.001,0.00,333,,2201,0,-836,448,-0.06,31.5,0.38,-0.098
59.70,DOWNWIND,109.30,109.56,29.59,0.34,-3.2,-11.3,3.4,-451.3,190,0.89,-0.061,-0.002,0.00,329,,2200,0,-835,451,-0.07,31.5,0.43,-0.096
59.80,DOWNWIND,109.33,109.61,29.65,0.33,-3.2,-11.7,3.0,-454.9,189,0.88,-0.060,-0.001,0.00,326,,2199,0,-834,455,-0.07,31.5,0.48,-0.094
59.90,DOWNWIND,109.37,109.65,29.71,0.31,-3.2,-12.1,2.7,-458.4,189,0.87,-0.060,-0.001,0.00,322,,2198,0,-834,458,-0.08,31.5,0.53,-0.093
60.00,DOWNWIND,109.40,109.68,29.77,0.29,-3.2,-12.5,2.4,-462.0,188,0.86,-0.059,-0.000,0.00,318,,2198,0,-833,462,-0.09,31.5,0.58,-0.091
60.10,DOWNWIND,109.43,109.72,29.83,0.28,-3.2,-12.9,2.1,-465.6,187,0.85,-0.058,-0.003,0.00,315,,2197,0,-832,466,-0.09,31.5,0.63,-0.089
60.20,DOWNWIND,109.45,109.75,29.88,0.26,-3.2,-13.3,1.8,-469.2,186,0.84,-0.057,-0.003,0.00,311,,2196,0,-831,469,-0.10,31.5,0.68,-0.087
60.30,DOWNWIND,109.48,109.78,29.93,0.25,-3.2,-13.7,1.5,-472.8,185,0.83,-0.057,-0.003,0.00,308,,2195,0,-830,473,-0.10,31.5,0.72,-0.085
60.40,DOWNWIND,109.50,109.81,29.98,0.24,-3.1,-14.0,1.3,-476.4,185,0.82,-0.056,-0.002,0.00,304,,2194,0,-830,476,-0.11,31.5,0.77,-0.084
60.50,DOWNWIND,109.53,109.84,30.03,0.23,-3.1,-14.4,1.1,-480.0,184,0.82,-0.055,-0.005,0.00,300,,2193,0,-829,480,-0.11,31.5,0.82,-0.082
60.60,DOWNWIND,109.55,109.87,30.08,0.23,-3.1,-14.8,1.0,-483.5,183,0.81,-0.055,-0.006,0.00,297,,2192,0,-828,484,-0.12,31.5,0.87,-0.080
60.70,DOWNWIND,109.57,109.90,30.12,0.23,-3.1,-15.1,0.8,-487.1,182,0.80,-0.054,-0.007,0.00,293,,2192,0,-827,487,-0.12,31.5,0.92,-0.079
60.80,DOWNWIND,109.60,109.92,30.16,0.23,-3.0,-15.5,0.8,-490.7,181,0.80,-0.054,-0.007,0.00,290,,2191,0,-826,491,-0.13,31.5,0.97,-0.077
60.90,DOWNWIND,109.62,109.95,30.20,0.23,-3.0,-15.8,0.7,-494.3,180,0.79,-0.054,-0.010,0.00,286,,2190,0,-825,494,-0.13,31.5,1.00,-0.077
61.00,DOWNWIND,109.64,109.98,30.24,0.24,-3.0,-16.1,0.7,-497.8,179,0.78,-0.055,-0.012,0.00,283,,2189,0,-824,498,-0.13,31.5,1.00,-0.077
61.10,DOWNWIND,109.67,110.01,30.28,0.24,-2.9,-16.4,0.6,-501.4,178,0.78,-0.055,-0.013,0.00,279,,2188,0,-823,501,-0.14,31.5,1.00,-0.078
61.20,DOWNWIND,109.69,110.03,30.31,0.25,-2.9,-16.7,0.6,-504.9,177,0.77,-0.054,-0.013,0.00,275,,2186,0,-822,505,-0.14,31.5,1.00,-0.078
61.30,DOWNWIND,109.71,110.06,30.34,0.25,-2.9,-17.0,0.6,-508.5,176,0.77,-0.054,-0.016,0.00,272,,2185,0,-821,508,-0.15,31.5,1.00,-0.079
61.40,DOWNWIND,109.74,110.09,30.37,0.26,-2.9,-17.2,0.7,-512.0,175,0.76,-0.054,-0.017,0.00,268,,2184,0,-820,512,-0.15,31.5,1.00,-0.079
61.50,DOWNWIND,109.77,110.12,30.40,0.26,-2.9,-17.5,0.7,-515.6,173,0.76,-0.055,-0.018,0.00,265,,2183,0,-818,516,-0.16,31.5,1.00,-0.080
61.60,DOWNWIND,109.79,110.15,30.43,0.26,-2.9,-17.7,0.7,-519.1,172,0.75,-0.055,-0.018,0.00,261,,2182,0,-817,519,-0.16,31.5,1.00,-0.081
61.70,DOWNWIND,109.82,110.17,30.46,0.26,-2.9,-17.9,0.7,-522.6,171,0.75,-0.055,-0.020,0.00,258,,2181,0,-816,523,-0.17,31.5,1.00,-0.081
61.80,DOWNWIND,109.84,110.20,30.48,0.26,-2.9,-18.1,0.7,-526.1,170,0.74,-0.055,-0.021,0.00,254,,2179,0,-815,526,-0.18,31.5,1.00,-0.082
61.90,DOWNWIND,109.87,110.23,30.51,0.25,-3.0,-18.3,0.8,-529.6,169,0.74,-0.055,-0.021,0.00,251,,2178,0,-814,530,-0.18,31.5,1.00,-0.082
62.00,DOWNWIND,109.89,110.25,30.53,0.24,-3.0,-18.5,0.8,-533.1,167,0.73,-0.055,-0.021,0.00,247,,2177,0,-812,533,-0.19,31.5,1.00,-0.083
62.10,DOWNWIND,109.92,110.28,30.56,0.23,-3.0,-18.7,0.8,-536.6,166,0.73,-0.055,-0.023,0.00,244,,2176,0,-811,537,-0.19,31.5,1.00,-0.083
62.20,DOWNWIND,109.94,110.30,30.58,0.22,-3.0,-18.9,0.8,-540.0,165,0.73,-0.055,-0.023,0.00,240,,2174,0,-810,540,-0.19,31.5,1.00,-0.083
62.30,DOWNWIND,109.96,110.32,30.60,0.21,-3.0,-19.0,0.8,-543.5,163,0.72,-0.056,-0.024,0.00,237,,2173,0,-808,543,-0.20,31.5,1.00,-0.084
62.40,DOWNWIND,109.98,110.34,30.62,0.20,-3.0,-19.2,0.8,-546.9,162,0.72,-0.055,-0.023,0.00,234,,2171,0,-807,547,-0.20,31.5,1.00,-0.084
62.50,DOWNWIND,110.00,110.36,30.65,0.18,-3.0,-19.3,0.9,-550.3,160,0.72,-0.055,-0.025,0.00,230,,2170,0,-805,550,-0.21,31.5,1.00,-0.084
62.60,DOWNWIND,110.02,110.38,30.67,0.17,-3.1,-19.4,0.9,-553.7,159,0.72,-0.055,-0.025,0.00,227,,2169,0,-804,554,-0.21,31.5,1.00,-0.084
62.70,DOWNWIND,110.04,110.39,30.69,0.15,-3.1,-19.6,0.9,-557.1,157,0.71,-0.055,-0.025,0.00,223,,2167,0,-802,557,-0.21,31.5,1.00,-0.084
62.80,DOWNWIND,110.05,110.41,30.71,0.14,-3.1,-19.7,1.0,-560.5,156,0.71,-0.055,-0.025,0.00,220,,2165,0,-801,560,-0.22,31.5,1.00,-0.084
62.90,DOWNWIND,110.06,110.42,30.73,0.12,-3.1,-19.8,1.0,-563.8,154,0.71,-0.055,-0.027,0.00,217,,2164,0,-799,564,-0.22,31.5,1.00,-0.084
63.00,DOWNWIND,110.08,110.43,30.75,0.10,-3.1,-19.9,1.1,-567.2,153,0.71,-0.054,-0.027,0.00,213,,2162,0,-798,567,-0.22,31.5,1.00,-0.084
63.10,DOWNWIND,110.09,110.44,30.77,0.09,-3.1,-20.0,1.1,-570.5,151,0.70,-0.054,-0.027,0.00,210,,2161,0,-796,571,-0.22,31.5,1.00,-0.084
63.20,DOWNWIND,110.09,110.45,30.79,0.08,-3.1,-20.1,1.2,-573.8,149,0.70,-0.054,-0.027,0.00,207,,2159,0,-794,574,-0.23,31.5,1.00,-0.083
63.30,DOWNWIND,110.10,110.46,30.81,0.06,-3.2,-20.2,1.3,-577.1,148,0.70,-0.054,-0.029,0.00,203,,2157,0,-793,577,-0.23,31.5,1.00,-0.083
63.40,DOWNWIND,110.11,110.46,30.83,0.05,-3.2,-20.3,1.4,-580.4,146,0.70,-0.054,-0.030,0.00,200,,2156,0,-791,580,-0.23,31.5,1.00,-0.083
63.50,DOWNWIND,110.11,110.47,30.85,0.04,-3.2,-20.4,1.5,-583.7,144,0.69,-0.054,-0.030,0.00,197,,2154,0,-789,584,-0.23,31.5,1.00,-0.083
63.60,DOWNWIND,110.11,110.47,30.87,0.03,-3.2,-20.4,1.6,-586.9,142,0.69,-0.053,-0.030,0.00,193,,2152,0,-787,587,-0.23,31.5,1.00,-0.083
63.70,DOWNWIND,110.12,110.47,30.89,0.02,-3.2,-20.5,1.7,-590.1,141,0.69,-0.053,-0.032,0.00,190,,2150,0,-786,590,-0.23,31.5,1.00,-0.083
63.80,DOWNWIND,110.12,110.48,30.91,0.01,-3.2,-20.6,1.8,-593.3,139,0.69,-0.053,-0.032,0.00,187,,2148,0,-784,593,-0.23,31.5,1.00,-0.082
63.90,DOWNWIND,110.12,110.48,30.93,0.00,-3.2,-20.6,2.0,-596.5,137,0.68,-0.053,-0.032,0.00,184,,2147,0,-782,597,-0.23,31.5,1.00,-0.082
64.00,DOWNWIND,110.12,110.48,30.94,-0.00,-3.2,-20.7,2.1,-599.7,135,0.68,-0.053,-0.032,0.00,181,,2145,0,-780,600,-0.23,31.5,1.00,-0.082
64.10,DOWNWIND,110.12,110.48,30.96,-0.01,-3.2,-20.7,2.2,-602.8,133,0.68,-0.053,-0.034,0.00,178,,2143,0,-778,603,-0.23,31.5,1.00,-0.082
64.20,DOWNWIND,110.12,110.48,30.98,-0.01,-3.3,-20.7,2.3,-606.0,131,0.68,-0.053,-0.035,0.00,174,,2141,0,-776,606,-0.23,31.5,1.00,-0.082
64.30,DOWNWIND,110.12,110.47,30.99,-0.02,-3.3,-20.7,2.5,-609.1,129,0.68,-0.053,-0.034,0.00,171,,2139,0,-774,609,-0.23,31.5,1.00,-0.082
64.40,DOWNWIND,110.12,110.47,31.01,-0.02,-3.3,-20.8,2.6,-612.1,127,0.67,-0.053,-0.034,0.00,168,,2137,0,-772,612,-0.23,31.5,1.00,-0.082
64.50,DOWNWIND,110.11,110.47,31.02,-0.03,-3.3,-20.8,2.7,-615.2,125,0.67,-0.053,-0.036,0.00,165,,2135,0,-770,615,-0.23,31.5,1.00,-0.082
64.60,DOWNWIND,110.11,110.46,31.04,-0.03,-3.3,-20.8,2.8,-618.2,123,0.67,-0.053,-0.036,0.00,162,,2133,0,-768,618,-0.23,31.5,1.00,-0.082
64.70,DOWNWIND,110.11,110.46,31.05,-0.03,-3.3,-20.8,3.0,-621.2,121,0.67,-0.053,-0.036,0.00,159,,2131,0,-766,621,-0.23,31.5,1.00,-0.081
64.80,DOWNWIND,110.10,110.45,31.06,-0.04,-3.3,-20.8,3.1,-624.2,119,0.67,-0.053,-0.036,0.00,156,,2128,0,-764,624,-0.23,31.5,1.00,-0.081
64.90,DOWNWIND,110.10,110.45,31.08,-0.04,-3.3,-20.8,3.2,-627.2,117,0.66,-0.053,-0.038,0.00,153,,2126,0,-762,627,-0.23,31.5,1.00,-0.081
65.00,DOWNWIND,110.10,110.44,31.09,-0.04,-3.3,-20.7,3.3,-630.1,114,0.66,-0.053,-0.038,0.00,150,,2124,0,-759,630,-0.23,31.5,1.00,-0.081
65.10,DOWNWIND,110.09,110.43,31.10,-0.04,-3.3,-20.7,3.5,-633.0,112,0.66,-0.053,-0.037,0.00,147,,2122,0,-757,633,-0.22,31.5,1.00,-0.081
65.20,DOWNWIND,110.09,110.43,31.11,-0.04,-3.3,-20.7,3.6,-635.9,110,0.66,-0.053,-0.038,0.00,145,,2120,0,-755,636,-0.22,31.5,1.00,-0.081
65.30,DOWNWIND,110.08,110.42,31.13,-0.05,-3.3,-20.7,3.7,-638.8,108,0.66,-0.053,-0.039,0.00,142,,2117,0,-753,639,-0.22,31.5,1.00,-0.081
65.40,DOWNWIND,110.08,110.41,31.14,-0.05,-3.3,-20.7,3.9,-641.6,105,0.66,-0.053,-0.039,0.00,139,,2115,0,-750,642,-0.22,31.5,1.00,-0.081
65.50,DOWNWIND,110.07,110.41,31.15,-0.05,-3.3,-20.6,4.0,-644.4,103,0.66,-0.053,-0.038,0.00,136,,2113,0,-748,644,-0.22,31.5,1.00,-0.081
65.60,DOWNWIND,110.07,110.40,31.16,-0.05,-3.3,-20.6,4.1,-647.2,101,0.65,-0.053,-0.041,0.00,133,,2110,0,-746,647,-0.22,31.5,1.00,-0.081
65.70,DOWNWIND,110.06,110.39,31.17,-0.05,-3.3,-20.6,4.2,-649.9,98,0.65,-0.053,-0.040,0.00,130,,2108,0,-743,650,-0.22,31.5,1.00,-0.081
65.80,DOWNWIND,110.06,110.39,31.18,-0.05,-3.3,-20.5,4.4,-652.7,96,0.65,-0.053,-0.040,0.00,128,,2106,0,-741,653,-0.22,31.5,1.00,-0.081
65.90,DOWNWIND,110.05,110.38,31.19,-0.05,-3.3,-20.5,4.5,-655.4,94,0.65,-0.054,-0.040,0.00,125,,2103,0,-739,655,-0.22,31.5,1.00,-0.081
66.00,DOWNWIND,110.05,110.38,31.20,-0.05,-3.3,-20.5,4.6,-658.0,91,0.65,-0.054,-0.042,0.00,122,,2101,0,-736,658,-0.22,31.5,1.00,-0.081
66.10,DOWNWIND,110.04,110.37,31.21,-0.05,-3.3,-20.4,4.8,-660.7,89,0.65,-0.054,-0.043,0.00,120,,2098,0,-734,661,-0.22,31.5,1.00,-0.081
66.20,DOWNWIND,110.04,110.37,31.22,-0.05,-3.4,-20.3,4.9,-663.3,86,0.65,-0.053,-0.043,0.00,117,,2096,0,-731,663,-0.21,31.5,1.00,-0.081
66.30,DOWNWIND,110.03,110.37,31.22,-0.05,-3.4,-20.1,5.0,-665.9,84,0.65,-0.053,-0.042,0.00,115,,2093,0,-729,666,-0.21,31.5,1.00,-0.081
66.40,DOWNWIND,110.03,110.36,31.23,-0.04,-3.4,-20.0,5.2,-668.4,81,0.64,-0.054,-0.043,0.00,112,,2091,0,-726,668,-0.21,31.5,1.00,-0.082
66.50,DOWNWIND,110.03,110.36,31.24,-0.04,-3.4,-19.9,5.3,-671.0,79,0.64,-0.054,-0.043,0.00,109,,2088,0,-724,671,-0.21,31.5,1.00,-0.082
66.60,DOWNWIND,110.02,110.36,31.25,-0.04,-3.4,-19.8,5.4,-673.5,76,0.64,-0.054,-0.043,0.00,107,,2086,0,-721,673,-0.21,31.5,1.00,-0.082
66.70,DOWNWIND,110.02,110.36,31.25,-0.03,-3.4,-19.8,5.6,-676.0,73,0.64,-0.055,-0.044,0.00,104,,2083,0,-718,676,-0.21,31.5,1.00,-0.082
66.80,DOWNWIND,110.02,110.37,31.26,-0.03,-3.4,-19.7,5.7,-678.4,71,0.64,-0.055,-0.044,0.00,102,,2081,0,-716,678,-0.21,31.5,1.00,-0.083
66.90,DOWNWIND,110.01,110.37,31.27,-0.02,-3.4,-19.6,5.8,-680.8,68,0.64,-0.055,-0.044,0.00,100,,2078,0,-713,681,-0.21,31.5,1.00,-0.083
67.00,DOWNWIND,110.01,110.38,31.27,-0.02,-3.4,-19.5,5.9,-683.2,66,0.64,-0.056,-0.044,0.00,97,,2075,0,-711,683,-0.21,31.5,1.00,-0.083
67.10,DOWNWIND,110.01,110.39,31.28,-0.02,-3.4,-19.4,6.0,-685.6,63,0.64,-0.056,-0.045,0.00,95,,2073,0,-708,686,-0.21,31.5,1.00,-0.083
67.20,DOWNWIND,110.01,110.39,31.28,-0.01,-3.4,-19.4,6.1,-687.9,60,0.64,-0.056,-0.045,0.00,93,,2070,0,-705,688,-0.21,31.5,1.00,-0.084
67.30,DOWNWIND,110.01,110.40,31.29,-0.01,-3.4,-19.3,6.2,-690.2,57,0.64,-0.056,-0.044,0.00,90,,2067,0,-702,690,-0.21,31.5,1.00,-0.084
67.40,DOWNWIND,110.01,110.41,31.29,-0.01,-3.4,-19.3,6.3,-692.5,55,0.64,-0.057,-0.046,0.00,88,,2064,0,-700,692,-0.21,31.5,1.00,-0.084
67.50,DOWNWIND,110.00,110.42,31.30,-0.01,-3.4,-19.2,6.4,-694.7,52,0.63,-0.057,-0.046,0.00,86,,2062,0,-697,695,-0.21,31.5,1.00,-0.084
67.60,DOWNWIND,110.00,110.43,31.30,-0.01,-3.4,-19.1,6.5,-696.9,49,0.63,-0.057,-0.045,0.00,83,,2059,0,-694,697,-0.21,31.5,1.00,-0.084
67.70,DOWNWIND,110.00,110.43,31.31,-0.01,-3.4,-19.1,6.6,-699.1,46,0.63,-0.057,-0.045,0.00,81,,2056,0,-691,699,-0.21,31.5,1.00,-0.084
67.80,DOWNWIND,110.00,110.44,31.31,-0.01,-3.4,-19.0,6.6,-701.3,44,0.63,-0.057,-0.046,0.00,79,,2053,0,-689,701,-0.21,31.5,1.00,-0.085
67.90,DOWNWIND,110.00,110.45,31.32,-0.02,-3.4,-18.9,6.7,-703.4,41,0.63,-0.057,-0.046,0.00,77,,2051,0,-686,703,-0.21,31.5,1.00,-0.085
68.00,DOWNWIND,110.00,110.45,31.32,-0.02,-3.5,-18.9,6.8,-705.5,38,0.63,-0.058,-0.045,0.00,75,,2048,0,-683,705,-0.21,31.5,1.00,-0.085
68.10,DOWNWIND,110.00,110.46,31.32,-0.02,-3.5,-18.8,6.8,-707.5,35,0.63,-0.057,-0.047,0.00,73,,2045,0,-680,708,-0.21,31.5,1.00,-0.085
68.20,DOWNWIND,109.99,110.46,31.33,-0.02,-3.5,-18.8,6.9,-709.6,32,0.63,-0.058,-0.047,0.00,71,,2042,0,-677,710,-0.21,31.5,1.00,-0.085
68.30,DOWNWIND,109.99,110.46,31.33,-0.03,-3.5,-18.7,7.0,-711.6,29,0.63,-0.058,-0.046,0.00,69,,2039,0,-674,712,-0.20,31.5,1.00,-0.085
68.40,DOWNWIND,109.99,110.47,31.33,-0.03,-3.5,-18.7,7.1,-713.6,27,0.63,-0.058,-0.046,0.00,67,,2036,0,-672,714,-0.20,31.5,1.00,-0.085
68.50,DOWNWIND,109.98,110.47,31.34,-0.03,-3.5,-18.6,7.1,-715.5,24,0.63,-0.058,-0.049,0.00,65,,2033,0,-669,716,-0.20,31.5,1.00,-0.085
68.60,DOWNWIND,109.98,110.47,31.34,-0.04,-3.5,-18.5,7.2,-717.4,21,0.63,-0.057,-0.048,0.00,63,,2030,0,-666,717,-0.20,31.5,1.00,-0.085
68.70,DOWNWIND,109.98,110.47,31.34,-0.04,-3.5,-18.3,7.3,-719.3,18,0.62,-0.057,-0.047,0.00,61,,2028,0,-663,719,-0.20,31.5,1.00,-0.085
68.80,DOWNWIND,109.97,110.46,31.35,-0.04,-3.5,-18.2,7.4,-721.2,15,0.62,-0.058,-0.048,0.00,59,,2025,0,-660,721,-0.20,31.5,1.00,-0.085
68.90,DOWNWIND,109.97,110.46,31.35,-0.03,-3.5,-18.2,7.5,-723.0,12,0.62,-0.058,-0.049,0.00,57,,2022,0,-657,723,-0.20,31.5,1.00,-0.086
69.00,DOWNWIND,109.97,110.46,31.35,-0.03,-3.5,-18.1,7.6,-724.8,9,0.62,-0.058,-0.048,0.00,56,,2019,0,-654,725,-0.20,31.5,1.00,-0.086
69.10,DOWNWIND,109.96,110.46,31.36,-0.03,-3.5,-18.0,7.7,-726.6,6,0.62,-0.058,-0.049,0.00,54,,2016,0,-651,727,-0.20,31.5,1.00,-0.086
69.20,DOWNWIND,109.96,110.46,31.36,-0.03,-3.6,-17.9,7.8,-728.3,3,0.62,-0.058,-0.050,0.00,52,,2013,0,-648,728,-0.20,31.5,1.00,-0.086
69.30,DOWNWIND,109.96,110.46,31.36,-0.03,-3.6,-17.9,7.8,-730.0,0,0.62,-0.059,-0.049,0.00,50,,2010,0,-645,730,-0.20,31.5,1.00,-0.086
69.40,DOWNWIND,109.95,110.46,31.36,-0.03,-3.6,-17.8,7.9,-731.7,-3,0.62,-0.059,-0.051,0.00,49,,2007,0,-642,732,-0.20,31.5,1.00,-0.087
69.50,DOWNWIND,109.95,110.46,31.36,-0.03,-3.6,-17.7,8.0,-733.3,-6,0.62,-0.059,-0.050,0.00,47,,2004,0,-639,733,-0.20,31.5,1.00,-0.087
69.60,DOWNWIND,109.95,110.46,31.37,-0.02,-3.6,-17.7,8.0,-735.0,-9,0.62,-0.059,-0.050,0.00,45,,2001,0,-636,735,-0.20,31.5,1.00,-0.087
69.70,DOWNWIND,109.95,110.46,31.37,-0.03,-3.6,-17.6,8.1,-736.5,-12,0.62,-0.060,-0.050,0.00,44,,1998,0,-633,737,-0.20,31.5,1.00,-0.087
69.80,DOWNWIND,109.94,110.46,31.37,-0.03,-3.6,-17.6,8.1,-738.1,-15,0.62,-0.060,-0.051,0.00,42,,1995,0,-630,738,-0.20,31.5,1.00,-0.087
69.90,DOWNWIND,109.94,110.46,31.37,-0.03,-3.6,-17.5,8.2,-739.6,-18,0.62,-0.060,-0.050,0.00,41,,1992,0,-627,740,-0.19,31.5,1.00,-0.087
70.00,DOWNWIND,109.94,110.46,31.37,-0.03,-3.6,-17.5,8.2,-741.1,-21,0.62,-0.060,-0.050,0.00,39,,1989,0,-624,741,-0.19,31.5,1.00,-0.087
70.10,DOWNWIND,109.94,110.46,31.38,-0.03,-3.6,-17.4,8.3,-742.6,-24,0.62,-0.060,-0.051,0.00,38,,1986,0,-621,743,-0.19,31.5,1.00,-0.087
70.20,DOWNWIND,109.93,110.46,31.38,-0.04,-3.6,-17.4,8.3,-744.1,-27,0.62,-0.060,-0.050,0.00,36,,1983,0,-618,744,-0.19,31.5,1.00,-0.087
70.30,DOWNWIND,109.93,110.46,31.38,-0.04,-3.6,-17.3,8.3,-745.5,-30,0.62,-0.060,-0.050,0.00,35,,1979,0,-615,745,-0.19,31.5,1.00,-0.087
70.40,DOWNWIND,109.93,110.46,31.38,-0.04,-3.6,-17.3,8.4,-746.9,-33,0.62,-0.060,-0.051,0.00,34,,1976,0,-612,747,-0.19,31.5,1.00,-0.087
70.50,DOWNWIND,109.92,110.46,31.38,-0.05,-3.6,-17.3,8.4,-748.2,-36,0.62,-0.060,-0.050,0.00,32,,1973,0,-609,748,-0.19,31.5,1.00,-0.087
70.60,DOWNWIND,109.92,110.46,31.39,-0.05,-3.6,-17.2,8.4,-749.5,-39,0.62,-0.060,-0.052,0.00,31,,1970,0,-606,750,-0.19,31.5,1.00,-0.087
70.70,DOWNWIND,109.91,110.46,31.39,-0.05,-3.6,-17.1,8.5,-750.8,-43,0.62,-0.060,-0.052,0.00,30,,1967,0,-602,751,-0.19,31.5,1.00,-0.087
70.80,DOWNWIND,109.91,110.45,31.39,-0.05,-3.7,-16.9,8.5,-752.1,-46,0.62,-0.060,-0.051,0.00,28,,1964,0,-599,752,-0.19,31.5,1.00,-0.087
70.90,DOWNWIND,109.90,110.45,31.39,-0.05,-3.7,-16.8,8.6,-753.3,-49,0.62,-0.060,-0.051,0.00,27,,1961,0,-596,753,-0.19,31.5,1.00,-0.087
71.00,DOWNWIND,109.89,110.44,31.39,-0.05,-3.7,-16.8,8.6,-754.5,-52,0.62,-0.060,-0.052,0.00,26,,1958,0,-593,755,-0.19,31.5,1.00,-0.087
71.10,DOWNWIND,109.89,110.44,31.40,-0.05,-3.7,-16.7,8.7,-755.7,-55,0.61,-0.060,-0.052,0.00,25,,1955,0,-590,756,-0.18,31.5,1.00,-0.087
71.20,DOWNWIND,109.88,110.44,31.40,-0.05,-3.7,-16.6,8.8,-756.9,-58,0.61,-0.060,-0.051,0.00,24,,1952,0,-587,757,-0.18,31.5,1.00,-0.087
71.30,DOWNWIND,109.88,110.43,31.40,-0.05,-3.7,-16.6,8.8,-758.0,-61,0.61,-0.060,-0.053,0.00,22,,1948,0,-584,758,-0.18,31.5,1.00,-0.088
71.40,DOWNWIND,109.87,110.43,31.40,-0.05,-3.7,-16.5,8.9,-759.1,-64,0.61,-0.061,-0.052,0.00,21,,1945,0,-581,759,-0.18,31.5,1.00,-0.088
71.50,DOWNWIND,109.87,110.42,31.40,-0.04,-3.7,-16.5,8.9,-760.2,-68,0.61,-0.061,-0.052,0.00,20,,1942,0,-577,760,-0.18,31.5,1.00,-0.088
71.60,DOWNWIND,109.87,110.42,31.40,-0.04,-3.7,-16.4,9.0,-761.2,-71,0.61,-0.061,-0.054,0.00,19,,1939,0,-574,761,-0.18,31.5,1.00,-0.088
71.70,DOWNWIND,109.86,110.42,31.40,-0.04,-3.7,-16.3,9.0,-762.2,-74,0.61,-0.061,-0.053,0.00,18,,1936,0,-571,762,-0.18,31.5,1.00,-0.088
71.80,DOWNWIND,109.86,110.41,31.41,-0.04,-3.7,-16.2,9.0,-763.2,-77,0.61,-0.061,-0.053,0.00,17,,1933,0,-568,763,-0.18,31.5,1.00,-0.088
71.90,DOWNWIND,109.85,110.41,31.41,-0.04,-3.7,-16.2,9.1,-764.1,-80,0.61,-0.061,-0.054,0.00,16,,1930,0,-565,764,-0.18,31.5,1.00,-0.088
72.00,DOWNWIND,109.85,110.41,31.41,-0.04,-3.7,-16.1,9.1,-765.1,-83,0.61,-0.061,-0.054,0.00,15,,1926,0,-562,765,-0.18,31.5,1.00,-0.088
72.10,DOWNWIND,109.85,110.40,31.41,-0.04,-3.7,-15.9,9.1,-765.9,-86,0.61,-0.061,-0.053,0.00,14,,1923,0,-559,766,-0.18,31.5,1.00,-0.088
72.20,DOWNWIND,109.84,110.40,31.41,-0.03,-3.7,-15.8,9.2,-766.8,-90,0.61,-0.061,-0.054,0.00,14,,1920,0,-555,767,-0.17,31.5,1.00,-0.089
72.30,DOWNWIND,109.84,110.40,31.41,-0.03,-3.7,-15.7,9.2,-767.7,-93,0.61,-0.062,-0.054,0.00,13,,1917,0,-552,768,-0.17,31.5,1.00,-0.089
72.40,DOWNWIND,109.84,110.39,31.41,-0.03,-3.8,-15.5,9.2,-768.5,-96,0.61,-0.062,-0.053,0.00,12,,1914,0,-549,768,-0.17,31.5,1.00,-0.089
72.50,DOWNWIND,109.83,110.39,31.41,-0.03,-3.8,-15.4,9.3,-769.3,-99,0.61,-0.062,-0.054,0.00,11,,1911,0,-546,769,-0.17,31.5,1.00,-0.089
72.60,DOWNWIND,109.83,110.39,31.41,-0.03,-3.8,-15.2,9.3,-770.0,-102,0.61,-0.062,-0.054,0.00,10,,1907,0,-543,770,-0.17,31.5,1.00,-0.089
72.70,DOWNWIND,109.83,110.39,31.41,-0.02,-3.8,-15.0,9.3,-770.7,-105,0.61,-0.062,-0.055,0.00,10,,1904,0,-540,771,-0.17,31.5,1.00,-0.089
72.80,DOWNWIND,109.83,110.39,31.41,-0.02,-3.8,-14.8,9.4,-771.5,-109,0.61,-0.062,-0.055,0.00,9,,1901,0,-536,771,-0.17,31.5,1.00,-0.090
72.90,DOWNWIND,109.82,110.39,31.41,-0.01,-3.8,-14.5,9.4,-772.1,-112,0.61,-0.062,-0.055,0.00,8,,1898,0,-533,772,-0.17,31.5,1.00,-0.090
73.00,DOWNWIND,109.82,110.40,31.41,-0.00,-3.8,-14.3,9.4,-772.8,-115,0.61,-0.062,-0.054,0.00,8,,1895,0,-530,773,-0.17,31.5,1.00,-0.090
73.10,DOWNWIND,109.82,110.40,31.41,0.00,-3.8,-14.1,9.5,-773.4,-118,0.61,-0.062,-0.055,0.00,7,,1892,0,-527,773,-0.17,31.5,1.00,-0.091
73.20,DOWNWIND,109.82,110.40,31.41,0.01,-3.8,-13.8,9.5,-774.0,-121,0.61,-0.063,-0.055,0.00,6,,1889,0,-524,774,-0.17,31.5,1.00,-0.091
73.30,DOWNWIND,109.82,110.41,31.41,0.02,-3.9,-13.6,9.5,-774.6,-124,0.61,-0.063,-0.055,0.00,6,,1885,0,-521,775,-0.17,31.5,1.00,-0.091
73.40,DOWNWIND,109.83,110.41,31.41,0.03,-3.9,-13.3,9.5,-775.2,-127,0.61,-0.063,-0.055,0.00,5,,1882,0,-518,775,-0.17,31.5,1.00,-0.092
73.50,DOWNWIND,109.83,110.42,31.41,0.03,-3.9,-13.0,9.5,-775.7,-131,0.61,-0.064,-0.055,0.00,5,,1879,0,-514,776,-0.17,31.5,1.00,-0.092
73.60,DOWNWIND,109.83,110.42,31.41,0.04,-3.9,-12.8,9.5,-776.2,-134,0.61,-0.064,-0.055,0.00,4,,1876,0,-511,776,-0.17,31.5,1.00,-0.093
73.70,DOWNWIND,109.84,110.43,31.41,0.05,-3.9,-12.5,9.5,-776.7,-137,0.61,-0.064,-0.055,0.00,4,,1873,0,-508,777,-0.17,31.5,1.00,-0.094
73.80,DOWNWIND,109.84,110.44,31.40,0.06,-3.9,-12.2,9.5,-777.2,-140,0.61,-0.065,-0.055,0.00,3,,1870,0,-505,777,-0.18,31.5,1.00,-0.094
73.90,DOWNWIND,109.85,110.45,31.40,0.06,-3.9,-11.9,9.5,-777.6,-143,0.61,-0.065,-0.055,0.00,3,,1866,0,-502,778,-0.18,31.5,1.00,-0.095
74.00,DOWNWIND,109.86,110.46,31.40,0.07,-4.0,-11.7,9.4,-778.0,-146,0.61,-0.066,-0.055,0.00,2,,1863,0,-499,778,-0.18,31.5,1.00,-0.095
74.10,DOWNWIND,109.86,110.46,31.40,0.07,-4.0,-11.4,9.4,-778.4,-150,0.61,-0.066,-0.055,0.00,2,,1860,0,-495,778,-0.18,31.5,1.00,-0.096
74.20,DOWNWIND,109.87,110.48,31.40,0.08,-4.0,-11.1,9.3,-778.8,-153,0.61,-0.066,-0.055,0.00,2,,1857,0,-492,779,-0.18,31.5,1.00,-0.096
74.30,DOWNWIND,109.88,110.49,31.39,0.08,-4.0,-10.8,9.2,-779.2,-156,0.61,-0.067,-0.054,0.00,1,,1854,0,-489,779,-0.18,31.5,1.00,-0.097
74.40,DOWNWIND,109.89,110.50,31.39,0.09,-4.0,-10.5,9.1,-779.5,-159,0.61,-0.067,-0.054,0.00,1,,1851,0,-486,780,-0.18,31.5,1.00,-0.097
74.50,DOWNWIND,109.89,110.51,31.39,0.09,-4.0,-10.2,9.0,-779.8,-162,0.61,-0.067,-0.054,0.00,1,,1848,0,-483,780,-0.19,31.5,1.00,-0.098
74.60,DOWNWIND,109.90,110.52,31.39,0.09,-4.0,-9.9,8.9,-780.2,-165,0.61,-0.068,-0.054,0.00,0,,1844,0,-480,780,-0.19,31.5,1.00,-0.098
74.70,DOWNWIND,109.91,110.53,31.39,0.09,-4.1,-9.6,8.8,-780.4,-168,0.61,-0.068,-0.053,0.00,0,,1841,0,-477,780,-0.19,31.5,1.00,-0.099
74.80,DOWNWIND,109.92,110.54,31.38,0.09,-4.1,-9.3,8.6,-780.7,-171,0.61,-0.068,-0.053,0.00,0,,1838,0,-474,781,-0.19,31.5,1.00,-0.099
74.90,DOWNWIND,109.93,110.56,31.38,0.09,-4.1,-9.0,8.5,-781.0,-175,0.61,-0.068,-0.053,0.00,1,,1835,0,-470,781,-0.19,31.5,1.00,-0.100
75.00,DOWNWIND,109.94,110.57,31.38,0.09,-4.1,-8.8,8.3,-781.2,-178,0.61,-0.069,-0.053,0.00,1,,1832,0,-467,781,-0.19,31.5,1.00,-0.100
75.10,DOWNWIND,109.95,110.58,31.38,0.09,-4.1,-8.5,8.2,-781.5,-181,0.61,-0.069,-0.053,0.00,1,,1829,0,-464,781,-0.20,31.5,1.00,-0.100
75.20,DOWNWIND,109.96,110.59,31.38,0.09,-4.2,-8.2,8.0,-781.7,-184,0.61,-0.069,-0.052,0.00,1,,1826,0,-461,782,-0.20,31.5,1.00,-0.101
75.30,DOWNWIND,109.97,110.61,31.37,0.09,-4.2,-7.9,7.9,-781.9,-187,0.61,-0.069,-0.052,0.00,1,,1823,0,-458,782,-0.20,31.5,1.00,-0.101
75.40,DOWNWIND,109.98,110.62,31.37,0.09,-4.2,-7.7,7.7,-782.1,-190,0.61,-0.070,-0.052,0.00,2,,1820,0,-455,782,-0.20,31.5,1.00,-0.102
75.50,DOWNWIND,109.99,110.63,31.37,0.09,-4.2,-7.4,7.7,-782.2,-193,0.61,-0.070,-0.061,0.00,2,,1816,0,-452,782,-0.20,31.5,1.00,-0.102
75.60,DOWNWIND,109.99,110.64,31.37,0.09,-4.2,-7.1,7.9,-782.4,-196,0.61,-0.070,-0.073,0.00,2,,1813,0,-449,782,-0.21,31.5,1.00,-0.102
75.70,DOWNWIND,110.00,110.66,31.37,0.08,-4.2,-6.9,8.1,-782.5,-199,0.61,-0.071,-0.077,0.00,2,,1810,0,-446,783,-0.21,31.5,1.00,-0.103
75.80,DOWNWIND,110.01,110.67,31.37,0.08,-4.3,-6.6,8.3,-782.7,-203,0.61,-0.071,-0.078,0.00,2,,1807,0,-442,783,-0.21,31.5,1.00,-0.103
75.90,DOWNWIND,110.02,110.68,31.37,0.08,-4.3,-6.3,8.4,-782.8,-206,0.61,-0.072,-0.077,0.00,2,,1804,0,-439,783,-0.21,31.5,1.00,-0.103
76.00,DOWNWIND,110.03,110.70,31.37,0.07,-4.3,-6.1,8.5,-782.9,-209,0.61,-0.072,-0.074,0.00,2,,1801,0,-436,783,-0.21,31.5,1.00,-0.103
76.10,DOWNWIND,110.03,110.71,31.36,0.07,-4.3,-5.8,8.6,-783.0,-212,0.61,-0.072,-0.073,0.00,3,,1798,0,-433,783,-0.21,31.5,1.00,-0.104
76.20,DOWNWIND,110.04,110.72,31.36,0.06,-4.3,-5.6,8.7,-783.1,-215,0.61,-0.072,-0.071,0.00,3,,1795,0,-430,783,-0.21,31.5,1.00,-0.104
76.30,DOWNWIND,110.05,110.73,31.36,0.05,-4.3,-5.3,8.8,-783.2,-218,0.61,-0.072,-0.068,0.00,3,,1792,0,-427,783,-0.22,31.5,1.00,-0.104
76.40,DOWNWIND,110.05,110.74,31.36,0.05,-4.3,-5.1,8.9,-783.3,-221,0.61,-0.072,-0.067,0.00,3,,1789,0,-424,783,-0.22,31.5,1.00,-0.104
76.50,DOWNWIND,110.06,110.75,31.36,0.04,-4.4,-4.9,9.0,-783.3,-224,0.61,-0.071,-0.065,0.00,3,,1785,0,-421,783,-0.22,31.5,1.00,-0.104
76.60,DOWNWIND,110.06,110.77,31.36,0.04,-4.4,-4.6,9.1,-783.4,-227,0.61,-0.071,-0.064,0.00,3,,1782,0,-418,783,-0.22,31.5,1.00,-0.104
76.70,DOWNWIND,110.06,110.78,31.36,0.03,-4.4,-4.4,9.2,-783.4,-230,0.61,-0.071,-0.063,0.00,3,,1779,0,-415,783,-0.22,31.5,1.00,-0.104
76.80,DOWNWIND,110.07,110.79,31.36,0.03,-4.4,-4.2,9.4,-783.5,-233,0.61,-0.071,-0.062,0.00,3,,1776,0,-412,783,-0.22,31.5,1.00,-0.104
76.90,DOWNWIND,110.07,110.80,31.36,0.03,-4.4,-4.1,9.6,-783.5,-237,0.61,-0.071,-0.061,0.00,3,,1773,0,-408,784,-0.22,31.5,1.00,-0.104
77.00,DOWNWIND,110.07,110.81,31.37,0.02,-4.4,-3.9,9.8,-783.5,-240,0.61,-0.071,-0.061,0.00,3,,1770,0,-405,784,-0.22,31.5,1.00,-0.104
77.10,DOWNWIND,110.07,110.82,31.37,0.02,-4.4,-3.7,10.0,-783.6,-243,0.61,-0.071,-0.061,0.00,3,,1767,0,-402,784,-0.22,31.5,1.00,-0.105
77.20,DOWNWIND,110.08,110.82,31.37,0.02,-4.5,-3.6,10.2,-783.6,-246,0.61,-0.071,-0.061,0.00,3,,1764,0,-399,784,-0.22,31.5,1.00,-0.105
77.30,DOWNWIND,110.08,110.83,31.37,0.02,-4.5,-3.4,10.4,-783.6,-249,0.61,-0.071,-0.061,0.00,3,,1761,0,-396,784,-0.22,31.5,1.00,-0.105
77.40,DOWNWIND,110.08,110.84,31.37,0.02,-4.5,-3.2,10.6,-783.6,-252,0.61,-0.071,-0.061,0.00,3,,1758,0,-393,784,-0.22,31.5,1.00,-0.105
77.50,DOWNWIND,110.08,110.85,31.37,0.02,-4.5,-3.1,10.8,-783.6,-255,0.60,-0.071,-0.061,0.00,3,,1755,0,-390,784,-0.22,31.5,1.00,-0.105
77.60,DOWNWIND,110.08,110.86,31.37,0.01,-4.5,-2.9,11.0,-783.6,-258,0.60,-0.071,-0.061,0.00,3,,1752,0,-387,784,-0.22,31.5,1.00,-0.105
77.70,DOWNWIND,110.09,110.87,31.37,0.01,-4.5,-2.8,11.2,-783.6,-261,0.60,-0.071,-0.061,0.00,3,,1748,0,-384,784,-0.22,31.5,1.00,-0.105
77.80,DOWNWIND,110.09,110.87,31.37,0.01,-4.5,-2.6,11.3,-783.6,-264,0.60,-0.071,-0.061,0.00,3,,1745,0,-381,784,-0.22,31.5,1.00,-0.105
77.90,DOWNWIND,110.09,110.88,31.37,0.01,-4.6,-2.5,11.5,-783.6,-267,0.60,-0.072,-0.061,0.00,3,,1742,0,-378,784,-0.22,31.5,1.00,-0.106
78.00,DOWNWIND,110.09,110.89,31.37,0.01,-4.6,-2.3,11.6,-783.6,-270,0.60,-0.072,-0.061,0.00,3,,1739,0,-375,784,-0.22,31.5,1.00,-0.106
78.10,DOWNWIND,110.09,110.89,31.37,0.00,-4.6,-2.2,11.7,-783.6,-273,0.60,-0.072,-0.060,0.00,3,,1736,0,-372,784,-0.22,31.5,1.00,-0.106
78.20,DOWNWIND,110.09,110.90,31.37,-0.00,-4.6,-2.0,11.8,-783.5,-277,0.60,-0.072,-0.059,0.00,3,,1733,0,-368,784,-0.22,31.5,1.00,-0.106
78.30,DOWNWIND,110.09,110.91,31.37,-0.00,-4.6,-1.9,11.8,-783.5,-280,0.60,-0.072,-0.059,0.00,3,,1730,0,-365,783,-0.22,31.5,1.00,-0.106
78.40,DOWNWIND,110.09,110.91,31.37,-0.01,-4.6,-1.7,11.9,-783.5,-283,0.60,-0.072,-0.058,0.00,3,,1727,0,-362,783,-0.22,31.5,1.00,-0.106
78.50,DOWNWIND,110.09,110.92,31.37,-0.01,-4.6,-1.6,11.9,-783.4,-286,0.60,-0.072,-0.058,0.00,3,,1724,0,-359,783,-0.22,31.5,1.00,-0.106
78.60,DOWNWIND,110.09,110.92,31.37,-0.02,-4.6,-1.5,11.9,-783.4,-289,0.60,-0.072,-0.057,0.00,3,,1721,0,-356,783,-0.22,31.5,1.00,-0.106
78.70,DOWNWIND,110.08,110.93,31.37,-0.02,-4.7,-1.3,11.9,-783.3,-292,0.60,-0.072,-0.056,0.00,3,,1718,0,-353,783,-0.22,31.5,1.00,-0.106
78.80,DOWNWIND,110.08,110.93,31.37,-0.02,-4.7,-1.2,11.9,-783.3,-295,0.60,-0.072,-0.056,0.00,3,,1715,0,-350,783,-0.22,31.5,1.00,-0.106
78.90,DOWNWIND,110.08,110.94,31.38,-0.03,-4.7,-1.1,11.9,-783.2,-298,0.60,-0.072,-0.055,0.00,3,,1712,0,-347,783,-0.22,31.5,1.00,-0.106
79.00,DOWNWIND,110.08,110.94,31.38,-0.03,-4.7,-1.0,11.9,-783.2,-301,0.60,-0.072,-0.055,0.00,3,,1709,0,-344,783,-0.22,31.5,1.00,-0.106
79.10,DOWNWIND,110.07,110.95,31.38,-0.03,-4.7,-0.9,12.0,-783.2,-304,0.60,-0.072,-0.055,0.00,3,,1706,0,-341,783,-0.22,31.5,1.00,-0.106
79.20,DOWNWIND,110.07,110.95,31.38,-0.04,-4.7,-0.8,12.0,-783.1,-307,0.60,-0.072,-0.054,0.00,3,,1702,0,-338,783,-0.22,31.5,1.00,-0.106
79.30,DOWNWIND,110.07,110.96,31.38,-0.04,-4.7,-0.7,12.0,-783.1,-310,0.60,-0.072,-0.054,0.00,3,,1699,0,-335,783,-0.22,31.5,1.00,-0.106
79.40,DOWNWIND,110.06,110.96,31.38,-0.04,-4.7,-0.6,12.0,-783.0,-313,0.60,-0.072,-0.054,0.00,3,,1696,0,-332,783,-0.22,31.5,1.00,-0.106
79.50,DOWNWIND,110.06,110.97,31.38,-0.05,-4.7,-0.6,12.0,-782.9,-316,0.60,-0.072,-0.054,0.00,3,,1693,0,-329,783,-0.22,31.5,1.00,-0.105
79.60,DOWNWIND,110.05,110.97,31.38,-0.05,-4.7,-0.5,12.1,-782.9,-319,0.60,-0.072,-0.054,0.00,2,,1690,0,-326,783,-0.22,31.5,1.00,-0.105
79.70,DOWNWIND,110.05,110.98,31.39,-0.05,-4.7,-0.4,12.1,-782.8,-323,0.60,-0.072,-0.054,0.00,2,,1687,0,-322,783,-0.22,31.5,1.00,-0.105
79.80,DOWNWIND,110.04,110.98,31.39,-0.05,-4.7,-0.4,12.1,-782.8,-326,0.60,-0.072,-0.054,0.00,2,,1684,0,-319,783,-0.21,31.5,1.00,-0.105
79.90,DOWNWIND,110.04,110.99,31.39,-0.06,-4.8,-0.3,12.2,-782.7,-329,0.60,-0.072,-0.054,0.00,2,,1681,0,-316,783,-0.21,31.5,1.00,-0.105
80.00,DOWNWIND,110.03,110.99,31.39,-0.06,-4.8,-0.2,12.2,-782.7,-332,0.60,-0.072,-0.054,0.00,2,,1678,0,-313,783,-0.21,31.5,1.00,-0.105
80.10,DOWNWIND,110.02,111.00,31.39,-0.06,-4.8,-0.2,12.2,-782.6,-335,0.60,-0.072,-0.055,0.00,2,,1675,0,-310,783,-0.21,31.5,1.00,-0.105
80.20,DOWNWIND,110.02,111.00,31.39,-0.06,-4.8,-0.1,12.2,-782.6,-338,0.60,-0.071,-0.054,0.00,2,,1672,0,-307,783,-0.21,31.5,1.00,-0.105
80.30,DOWNWIND,110.01,111.00,31.40,-0.07,-4.8,-0.1,12.2,-782.5,-341,0.60,-0.071,-0.055,0.00,2,,1669,0,-304,783,-0.21,31.5,1.00,-0.105
80.40,DOWNWIND,110.01,111.01,31.40,-0.07,-4.8,-0.0,12.3,-782.5,-344,0.60,-0.071,-0.055,0.00,2,,1666,0,-301,782,-0.21,31.5,1.00,-0.105
80.50,DOWNWIND,110.00,111.01,31.40,-0.07,-4.8,0.0,12.3,-782.4,-347,0.60,-0.071,-0.055,0.00,2,,1663,0,-298,782,-0.21,31.5,1.00,-0.105
80.60,DOWNWIND,109.99,111.01,31.40,-0.07,-4.8,0.1,12.3,-782.4,-350,0.60,-0.071,-0.055,0.00,2,,1660,0,-295,782,-0.20,31.5,1.00,-0.105
80.70,DOWNWIND,109.98,111.01,31.40,-0.07,-4.8,0.1,12.3,-782.3,-353,0.60,-0.071,-0.054,0.00,2,,1657,0,-292,782,-0.20,31.5,1.00,-0.104
80.80,DOWNWIND,109.98,111.00,31.40,-0.07,-4.8,0.1,12.2,-782.2,-356,0.60,-0.071,-0.054,0.00,2,,1653,0,-289,782,-0.20,31.5,1.00,-0.104
80.90,DOWNWIND,109.97,111.00,31.40,-0.07,-4.8,0.2,12.2,-782.2,-359,0.60,-0.071,-0.054,0.00,2,,1650,0,-286,782,-0.20,31.5,1.00,-0.104
81.00,DOWNWIND,109.96,110.99,31.41,-0.08,-4.8,0.2,12.2,-782.1,-362,0.60,-0.071,-0.054,0.00,2,,1647,0,-283,782,-0.20,31.5,1.00,-0.104
81.10,DOWNWIND,109.95,110.99,31.41,-0.08,-4.8,0.2,12.2,-782.1,-365,0.60,-0.071,-0.054,0.00,2,,1644,0,-280,782,-0.20,31.5,1.00,-0.104
81.20,DOWNWIND,109.95,110.98,31.41,-0.08,-4.8,0.3,12.1,-782.0,-368,0.60,-0.071,-0.054,0.00,2,,1641,0,-277,782,-0.20,31.5,1.00,-0.104
81.30,DOWNWIND,109.94,110.97,31.41,-0.08,-4.8,0.3,12.1,-782.0,-372,0.60,-0.071,-0.054,0.00,2,,1638,0,-273,782,-0.19,31.5,1.00,-0.104
81.40,DOWNWIND,109.93,110.96,31.41,-0.08,-4.8,0.3,12.1,-781.9,-375,0.60,-0.071,-0.054,0.00,2,,1635,0,-270,782,-0.19,31.5,1.00,-0.104
81.50,DOWNWIND,109.92,110.96,31.41,-0.08,-4.8,0.3,12.1,-781.9,-378,0.60,-0.071,-0.054,0.00,1,,1632,0,-267,782,-0.19,31.5,1.00,-0.104
81.60,DOWNWIND,109.92,110.95,31.42,-0.08,-4.8,0.4,12.0,-781.8,-381,0.60,-0.071,-0.054,0.00,1,,1629,0,-264,782,-0.19,31.5,1.00,-0.104
81.70,DOWNWIND,109.91,110.94,31.42,-0.08,-4.8,0.4,12.0,-781.8,-384,0.60,-0.071,-0.054,0.00,1,,1626,0,-261,782,-0.19,31.5,1.00,-0.104
81.80,DOWNWIND,109.90,110.93,31.42,-0.08,-4.8,0.4,12.0,-781.7,-387,0.60,-0.071,-0.054,0.00,1,,1623,0,-258,782,-0.19,31.5,1.00,-0.103
81.90,DOWNWIND,109.89,110.92,31.42,-0.08,-4.8,0.4,12.0,-781.7,-390,0.60,-0.071,-0.054,0.00,1,,1620,0,-255,782,-0.18,31.5,1.00,-0.103
82.00,DOWNWIND,109.88,110.91,31.42,-0.08,-4.8,0.4,11.9,-781.7,-393,0.60,-0.071,-0.054,0.00,1,,1617,0,-252,782,-0.18,31.5,1.00,-0.103
82.10,DOWNWIND,109.87,110.91,31.42,-0.08,-4.8,0.4,11.9,-781.6,-396,0.60,-0.071,-0.054,0.00,1,,1614,0,-249,782,-0.18,31.5,1.00,-0.103
82.20,DOWNWIND,109.86,110.90,31.42,-0.09,-4.8,0.4,11.9,-781.6,-399,0.60,-0.071,-0.054,0.00,1,,1611,0,-246,782,-0.18,31.5,1.00,-0.103
82.30,DOWNWIND,109.86,110.89,31.43,-0.09,-4.8,0.4,11.9,-781.5,-402,0.60,-0.071,-0.054,0.00,1,,1607,0,-243,782,-0.18,31.5,1.00,-0.103
82.40,DOWNWIND,109.85,110.88,31.43,-0.09,-4.8,0.4,11.9,-781.5,-405,0.60,-0.071,-0.054,0.00,1,,1604,0,-240,781,-0.18,31.5,1.00,-0.103
82.50,DOWNWIND,109.84,110.87,31.43,-0.09,-4.8,0.4,11.8,-781.5,-408,0.60,-0.071,-0.054,0.00,1,,1601,0,-237,781,-0.17,31.5,1.00,-0.103
82.60,DOWNWIND,109.83,110.86,31.43,-0.09,-4.8,0.4,11.8,-781.4,-411,0.60,-0.071,-0.054,0.00,1,,1598,0,-234,781,-0.17,31.5,1.00,-0.103
82.70,DOWNWIND,109.82,110.85,31.43,-0.09,-4.8,0.4,11.8,-781.4,-415,0.60,-0.071,-0.055,0.00,1,,1595,0,-230,781,-0.17,31.5,1.00,-0.103
82.80,DOWNWIND,109.81,110.85,31.43,-0.09,-4.8,0.4,11.8,-781.3,-418,0.60,-0.071,-0.055,0.00,1,,1592,0,-227,781,-0.17,31.5,1.00,-0.102
82.90,DOWNWIND,109.80,110.84,31.44,-0.09,-4.8,0.4,11.8,-781.3,-421,0.60,-0.071,-0.055,0.00,1,,1589,0,-224,781,-0.17,31.5,1.00,-0.102
83.00,DOWNWIND,109.80,110.83,31.44,-0.09,-4.8,0.4,11.7,-781.3,-424,0.60,-0.071,-0.055,0.00,1,,1586,0,-221,781,-0.17,31.5,1.00,-0.102
83.10,DOWNWIND,109.79,110.82,31.44,-0.09,-4.8,0.4,11.7,-781.2,-427,0.60,-0.071,-0.055,0.00,1,,1583,0,-218,781,-0.16,31.5,1.00,-0.102
83.20,DOWNWIND,109.78,110.81,31.44,-0.09,-4.8,0.4,11.7,-781.2,-430,0.60,-0.071,-0.055,0.00,1,,1580,0,-215,781,-0.16,31.5,1.00,-0.102
83.30,DOWNWIND,109.77,110.80,31.44,-0.09,-4.8,0.4,11.7,-781.2,-433,0.60,-0.071,-0.055,0.00,1,,1577,0,-212,781,-0.16,31.5,1.00,-0.102
83.40,DOWNWIND,109.76,110.79,31.44,-0.09,-4.8,0.4,11.6,-781.2,-436,0.60,-0.071,-0.055,0.00,1,,1574,0,-209,781,-0.16,31.5,1.00,-0.102
83.50,DOWNWIND,109.75,110.78,31.44,-0.09,-4.8,0.4,11.6,-781.1,-439,0.60,-0.071,-0.055,0.00,1,,1571,0,-206,781,-0.16,31.5,1.00,-0.102
83.60,DOWNWIND,109.74,110.78,31.44,-0.09,-4.8,0.4,11.6,-781.1,-442,0.60,-0.071,-0.055,0.00,1,,1567,0,-203,781,-0.16,31.5,1.00,-0.102
83.70,DOWNWIND,109.73,110.77,31.45,-0.09,-4.8,0.4,11.6,-781.1,-445,0.60,-0.071,-0.055,0.00,1,,1564,0,-200,781,-0.15,31.5,1.00,-0.102
83.80,DOWNWIND,109.73,110.76,31.45,-0.09,-4.8,0.4,11.5,-781.1,-448,0.60,-0.071,-0.055,0.00,1,,1561,0,-197,781,-0.15,31.5,1.00,-0.102
83.90,DOWNWIND,109.72,110.75,31.45,-0.09,-4.8,0.4,11.5,-781.0,-451,0.60,-0.071,-0.055,0.00,1,,1558,0,-194,781,-0.15,31.5,1.00,-0.101
84.00,DOWNWIND,109.71,110.74,31.45,-0.09,-4.8,0.3,11.5,-781.0,-455,0.60,-0.071,-0.055,0.00,1,,1555,0,-190,781,-0.15,31.5,1.00,-0.101
84.10,DOWNWIND,109.70,110.73,31.45,-0.09,-4.8,0.3,11.5,-781.0,-458,0.60,-0.071,-0.055,0.00,1,,1552,0,-187,781,-0.15,31.5,1.00,-0.101
84.20,DOWNWIND,109.69,110.72,31.45,-0.09,-4.8,0.3,11.4,-781.0,-461,0.60,-0.071,-0.055,0.00,1,,1549,0,-184,781,-0.14,31.5,1.00,-0.101
84.30,DOWNWIND,109.68,110.71,31.45,-0.09,-4.8,0.3,11.4,-780.9,-464,0.60,-0.072,-0.055,0.00,1,,1546,0,-181,781,-0.14,31.5,1.00,-0.101
84.40,DOWNWIND,109.67,110.71,31.46,-0.09,-4.8,0.3,11.4,-780.9,-467,0.60,-0.072,-0.055,0.00,1,,1543,0,-178,781,-0.14,31.5,1.00,-0.101
84.50,DOWNWIND,109.67,110.70,31.46,-0.09,-4.8,0.3,11.4,-780.9,-470,0.60,-0.072,-0.055,0.00,0,,1540,0,-175,781,-0.14,31.5,1.00,-0.101
84.60,DOWNWIND,109.66,110.69,31.46,-0.09,-4.8,0.3,11.4,-780.9,-473,0.60,-0.072,-0.055,0.00,0,,1537,0,-172,781,-0.14,31.5,1.00,-0.101
84.70,DOWNWIND,109.65,110.68,31.46,-0.08,-4.8,0.3,11.3,-780.9,-476,0.60,-0.072,-0.055,0.00,0,,1534,0,-169,781,-0.14,31.5,1.00,-0.101
84.80,DOWNWIND,109.64,110.67,31.46,-0.08,-4.8,0.2,11.3,-780.9,-479,0.60,-0.072,-0.055,0.00,0,,1531,0,-166,781,-0.13,31.5,1.00,-0.101
84.90,DOWNWIND,109.63,110.66,31.46,-0.08,-4.8,0.2,11.3,-780.8,-482,0.60,-0.072,-0.055,0.00,0,,1527,0,-163,781,-0.13,31.5,1.00,-0.100
85.00,DOWNWIND,109.62,110.66,31.46,-0.08,-4.8,0.2,11.3,-780.8,-485,0.60,-0.072,-0.055,0.00,0,,1524,0,-160,781,-0.13,31.5,1.00,-0.100
85.10,DOWNWIND,109.61,110.65,31.46,-0.08,-4.8,0.2,11.3,-780.8,-488,0.60,-0.072,-0.055,0.00,0,,1521,0,-157,781,-0.13,31.5,1.00,-0.100
85.20,DOWNWIND,109.61,110.64,31.47,-0.08,-4.8,0.2,11.3,-780.8,-491,0.60,-0.072,-0.055,0.00,0,,1518,0,-154,781,-0.13,31.5,1.00,-0.100
85.30,DOWNWIND,109.60,110.63,31.47,-0.08,-4.8,0.2,11.2,-780.8,-495,0.60,-0.072,-0.055,0.00,0,,1515,0,-150,781,-0.13,31.5,1.00,-0.100
85.40,DOWNWIND,109.59,110.62,31.47,-0.08,-4.8,0.2,11.2,-780.8,-498,0.60,-0.072,-0.055,0.00,0,,1512,0,-147,781,-0.12,31.5,1.00,-0.100
85.50,DOWNWIND,109.58,110.61,31.47,-0.08,-4.8,0.2,11.2,-780.8,-501,0.60,-0.072,-0.055,0.00,0,,1509,0,-144,781,-0.12,31.5,1.00,-0.100
85.60,DOWNWIND,109.57,110.61,31.47,-0.08,-4.8,0.1,11.2,-780.8,-504,0.60,-0.072,-0.055,0.00,0,,1506,0,-141,781,-0.12,31.5,1.00,-0.100
85.70,DOWNWIND,109.57,110.60,31.47,-0.08,-4.8,0.1,11.2,-780.8,-507,0.60,-0.072,-0.055,0.00,0,,1503,0,-138,781,-0.12,31.5,1.00,-0.100
85.80,DOWNWIND,109.56,110.59,31.47,-0.08,-4.8,0.1,11.2,-780.7,-510,0.60,-0.072,-0.056,0.00,0,,1500,0,-135,781,-0.12,31.5,1.00,-0.100
85.90,DOWNWIND,109.55,110.58,31.47,-0.08,-4.8,0.1,11.1,-780.7,-513,0.60,-0.072,-0.055,0.00,0,,1497,0,-132,781,-0.12,31.5,1.00,-0.100
86.00,DOWNWIND,109.54,110.57,31.47,-0.08,-4.8,0.1,11.1,-780.7,-516,0.60,-0.072,-0.056,0.00,0,,1494,0,-129,781,-0.11,31.5,1.00,-0.099
86.10,DOWNWIND,109.53,110.57,31.48,-0.08,-4.8,0.1,11.1,-780.7,-519,0.60,-0.072,-0.056,0.00,0,,1490,0,-126,781,-0.11,31.5,1.00,-0.099
86.20,DOWNWIND,109.53,110.56,31.48,-0.08,-4.8,0.1,11.1,-780.7,-522,0.60,-0.072,-0.056,0.00,0,,1487,0,-123,781,-0.11,31.5,1.00,-0.099
86.30,DOWNWIND,109.52,110.55,31.48,-0.08,-4.8,0.0,11.1,-780.7,-525,0.60,-0.072,-0.056,0.00,0,,1484,0,-120,781,-0.11,31.5,1.00,-0.099
86.40,DOWNWIND,109.51,110.54,31.48,-0.08,-4.8,0.0,11.1,-780.7,-528,0.60,-0.072,-0.056,0.00,0,,1481,0,-117,781,-0.11,31.5,1.00,-0.099
86.50,DOWNWIND,109.50,110.53,31.48,-0.08,-4.8,0.0,11.1,-780.7,-532,0.60,-0.072,-0.056,0.00,0,,1478,0,-113,781,-0.11,31.5,1.00,-0.099
86.60,DOWNWIND,109.49,110.53,31.48,-0.08,-4.8,0.0,11.1,-780.7,-535,0.60,-0.072,-0.056,0.00,0,,1475,0,-110,781,-0.11,31.5,1.00,-0.099
86.70,DOWNWIND,109.49,110.52,31.48,-0.08,-4.8,0.0,11.0,-780.7,-538,0.60,-0.072,-0.056,0.00,0,,1472,0,-107,781,-0.10,31.5,1.00,-0.099
86.80,DOWNWIND,109.48,110.51,31.48,-0.07,-4.8,-0.0,11.0,-780.7,-541,0.60,-0.072,-0.056,0.00,0,,1469,0,-104,781,-0.10,31.5,1.00,-0.099
86.90,DOWNWIND,109.47,110.50,31.48,-0.07,-4.8,-0.0,11.0,-780.7,-544,0.60,-0.072,-0.056,0.00,0,,1466,0,-101,781,-0.10,31.5,1.00,-0.099
87.00,DOWNWIND,109.46,110.50,31.48,-0.07,-4.8,-0.0,11.0,-780.7,-547,0.60,-0.072,-0.056,0.00,0,,1463,0,-98,781,-0.10,31.5,1.00,-0.099
87.10,DOWNWIND,109.46,110.49,31.49,-0.07,-4.8,-0.0,11.0,-780.7,-550,0.60,-0.072,-0.056,0.00,0,,1460,0,-95,781,-0.10,31.5,1.00,-0.098
87.20,DOWNWIND,109.45,110.48,31.49,-0.07,-4.8,-0.1,11.0,-780.7,-553,0.60,-0.072,-0.056,0.00,0,,1457,0,-92,781,-0.10,31.5,1.00,-0.098
87.30,DOWNWIND,109.44,110.48,31.49,-0.07,-4.8,-0.1,11.0,-780.7,-556,0.60,-0.072,-0.056,0.00,0,,1453,0,-89,781,-0.10,31.5,1.00,-0.098
87.40,DOWNWIND,109.44,110.47,31.49,-0.07,-4.8,-0.1,11.0,-780.7,-559,0.60,-0.072,-0.056,0.00,0,,1450,0,-86,781,-0.09,31.5,1.00,-0.098
87.50,DOWNWIND,109.43,110.46,31.49,-0.07,-4.8,-0.1,11.0,-780.7,-562,0.60,-0.072,-0.056,0.00,0,,1447,0,-83,781,-0.09,31.5,1.00,-0.098
87.60,DOWNWIND,109.42,110.45,31.49,-0.07,-4.8,-0.1,11.0,-780.7,-566,0.60,-0.072,-0.056,0.00,0,,1444,0,-79,781,-0.09,31.5,1.00,-0.098
87.70,DOWNWIND,109.41,110.45,31.49,-0.07,-4.8,-0.1,11.0,-780.7,-569,0.60,-0.072,-0.056,0.00,0,,1441,0,-76,781,-0.09,31.5,1.00,-0.098
87.80,DOWNWIND,109.41,110.44,31.49,-0.07,-4.8,-0.1,11.0,-780.7,-572,0.60,-0.072,-0.056,0.00,0,,1438,0,-73,781,-0.09,31.5,1.00,-0.098
87.90,DOWNWIND,109.40,110.43,31.49,-0.07,-4.8,-0.1,11.0,-780.7,-575,0.60,-0.072,-0.056,0.00,0,,1435,0,-70,781,-0.09,31.5,1.00,-0.098
88.00,DOWNWIND,109.39,110.43,31.49,-0.07,-4.8,-0.1,11.0,-780.7,-578,0.60,-0.072,-0.056,0.00,0,,1432,0,-67,781,-0.09,31.5,1.00,-0.098
88.10,DOWNWIND,109.39,110.42,31.49,-0.07,-4.8,-0.1,11.0,-780.7,-581,0.60,-0.072,-0.056,0.00,0,,1429,0,-64,781,-0.08,31.5,1.00,-0.098
88.20,DOWNWIND,109.38,110.41,31.50,-0.07,-4.8,-0.1,10.9,-780.7,-584,0.60,-0.072,-0.056,0.00,0,,1426,0,-61,781,-0.08,31.5,1.00,-0.098
88.30,DOWNWIND,109.37,110.41,31.50,-0.07,-4.8,-0.2,10.9,-780.7,-587,0.60,-0.072,-0.056,0.00,0,,1423,0,-58,781,-0.08,31.5,1.00,-0.097
88.40,DOWNWIND,109.37,110.40,31.50,-0.07,-4.8,-0.2,10.9,-780.7,-590,0.60,-0.072,-0.056,0.00,0,,1419,0,-55,781,-0.08,31.5,1.00,-0.097
88.50,DOWNWIND,109.36,110.39,31.50,-0.06,-4.8,-0.2,10.9,-780.7,-593,0.60,-0.072,-0.056,0.00,0,,1416,0,-52,781,-0.08,31.5,1.00,-0.097
88.60,DOWNWIND,109.35,110.39,31.50,-0.06,-4.8,-0.2,10.9,-780.7,-596,0.60,-0.072,-0.056,0.00,0,,1413,0,-49,781,-0.08,31.5,1.00,-0.097
88.70,DOWNWIND,109.35,110.38,31.50,-0.06,-4.8,-0.2,10.9,-780.7,-599,0.60,-0.072,-0.056,0.00,0,,1410,0,-46,781,-0.08,31.5,1.00,-0.097
88.80,DOWNWIND,109.34,110.37,31.50,-0.06,-4.8,-0.2,10.9,-780.7,-603,0.60,-0.072,-0.056,0.00,0,,1407,0,-42,781,-0.07,31.5,1.00,-0.097
88.90,DOWNWIND,109.33,110.37,31.50,-0.06,-4.8,-0.2,10.9,-780.7,-606,0.60,-0.072,-0.056,0.00,0,,1404,0,-39,781,-0.07,31.5,1.00,-0.097
89.00,DOWNWIND,109.33,110.36,31.50,-0.06,-4.8,-0.2,10.9,-780.7,-609,0.60,-0.072,-0.056,0.00,0,,1401,0,-36,781,-0.07,31.5,1.00,-0.097
89.10,DOWNWIND,109.32,110.35,31.50,-0.06,-4.8,-0.2,10.9,-780.7,-612,0.60,-0.072,-0.056,0.00,0,,1398,0,-33,781,-0.07,31.5,1.00,-0.097
89.20,DOWNWIND,109.32,110.35,31.50,-0.06,-4.8,-0.2,10.9,-780.7,-615,0.60,-0.072,-0.056,0.00,0,,1395,0,-30,781,-0.07,31.5,1.00,-0.097
89.30,DOWNWIND,109.31,110.34,31.50,-0.06,-4.8,-0.2,10.9,-780.7,-618,0.60,-0.072,-0.056,0.00,0,,1392,0,-27,781,-0.07,31.5,1.00,-0.097
89.40,DOWNWIND,109.30,110.34,31.51,-0.06,-4.8,-0.2,10.9,-780.7,-621,0.60,-0.072,-0.056,0.00,0,,1389,0,-24,781,-0.07,31.5,1.00,-0.097
89.50,DOWNWIND,109.30,110.33,31.51,-0.06,-4.8,-0.2,10.9,-780.7,-624,0.60,-0.072,-0.056,0.00,0,,1385,0,-21,781,-0.07,31.5,1.00,-0.097
89.60,DOWNWIND,109.29,110.32,31.51,-0.06,-4.8,-0.2,10.9,-780.7,-627,0.60,-0.072,-0.056,0.00,0,,1382,0,-18,781,-0.06,31.5,1.00,-0.096
89.70,DOWNWIND,109.29,110.32,31.51,-0.06,-4.8,-0.2,10.9,-780.7,-630,0.60,-0.072,-0.056,0.00,0,,1379,0,-15,781,-0.06,31.5,1.00,-0.096
89.80,DOWNWIND,109.28,110.31,31.51,-0.06,-4.8,-0.2,10.9,-780.7,-633,0.60,-0.072,-0.056,0.00,0,,1376,0,-12,781,-0.06,31.5,1.00,-0.096
89.90,DOWNWIND,109.28,110.31,31.51,-0.06,-4.8,-0.2,10.9,-780.7,-637,0.60,-0.072,-0.056,0.00,0,,1373,0,-8,781,-0.06,31.5,1.00,-0.096
90.00,DOWNWIND,109.27,110.30,31.51,-0.06,-4.8,-0.2,10.9,-780.7,-640,0.60,-0.072,-0.056,0.00,0,,1370,0,-5,781,-0.06,31.5,1.00,-0.096
90.10,DOWNWIND,109.26,110.30,31.51,-0.06,-4.8,-0.2,10.9,-780.7,-643,0.60,-0.072,-0.056,0.00,0,,1367,0,-2,781,-0.06,31.5,1.00,-0.096
90.20,DOWNWIND,109.26,110.29,31.51,-0.05,-4.8,-0.3,10.9,-780.7,-646,0.60,-0.072,-0.056,0.00,0,,1364,0,1,781,-0.06,31.5,1.00,-0.096
90.30,DOWNWIND,109.25,110.29,31.51,-0.05,-4.8,-0.3,10.9,-780.7,-649,0.60,-0.072,-0.056,0.00,0,,1361,0,4,781,-0.06,31.5,1.00,-0.096
90.40,DOWNWIND,109.25,110.28,31.51,-0.05,-4.8,-0.3,10.9,-780.8,-652,0.60,-0.072,-0.056,0.00,0,,1358,0,7,781,-0.06,31.5,1.00,-0.096
90.50,DOWNWIND,109.24,110.27,31.51,-0.05,-4.8,-0.3,10.9,-780.8,-655,0.60,-0.072,-0.056,0.00,0,,1355,0,10,781,-0.05,31.5,1.00,-0.096
90.60,DOWNWIND,109.24,110.27,31.51,-0.05,-4.8,-0.3,10.9,-780.8,-658,0.60,-0.072,-0.056,0.00,0,,1351,0,13,781,-0.05,31.5,1.00,-0.096
90.70,DOWNWIND,109.23,110.26,31.51,-0.05,-4.8,-0.3,10.9,-780.8,-661,0.60,-0.072,-0.056,0.00,0,,1348,0,16,781,-0.05,31.5,1.00,-0.096
90.80,DOWNWIND,109.23,110.26,31.51,-0.05,-4.8,-0.3,10.9,-780.8,-664,0.60,-0.072,-0.056,0.00,0,,1345,0,19,781,-0.05,31.5,1.00,-0.095
90.90,DOWNWIND,109.22,110.25,31.52,-0.05,-4.8,-0.3,10.9,-780.8,-667,0.60,-0.072,-0.056,0.00,0,,1342,0,22,781,-0.05,31.5,1.00,-0.095
91.00,DOWNWIND,109.22,110.25,31.52,-0.05,-4.8,-0.3,10.9,-780.8,-671,0.60,-0.072,-0.056,0.00,0,,1339,0,26,781,-0.05,31.5,1.00,-0.095
91.10,DOWNWIND,109.21,110.24,31.52,-0.05,-4.8,-0.3,10.9,-780.8,-674,0.60,-0.072,-0.056,0.00,0,,1336,0,29,781,-0.05,31.5,1.00,-0.095
91.20,DOWNWIND,109.21,110.24,31.52,-0.05,-4.8,-0.3,10.9,-780.8,-677,0.60,-0.072,-0.056,0.00,0,,1333,0,32,781,-0.05,31.5,1.00,-0.095
91.30,DOWNWIND,109.20,110.23,31.52,-0.05,-4.8,-0.3,10.9,-780.8,-680,0.60,-0.072,-0.056,0.00,0,,1330,0,35,781,-0.05,31.5,1.00,-0.095
91.40,DOWNWIND,109.20,110.23,31.52,-0.05,-4.8,-0.3,10.9,-780.8,-683,0.60,-0.072,-0.056,0.00,0,,1327,0,38,781,-0.05,31.5,1.00,-0.095
91.50,DOWNWIND,109.19,110.22,31.52,-0.05,-4.8,-0.3,10.9,-780.8,-686,0.60,-0.072,-0.056,0.00,0,,1324,0,41,781,-0.04,31.5,1.00,-0.095
91.60,DOWNWIND,109.19,110.22,31.52,-0.05,-4.8,-0.3,10.9,-780.8,-689,0.60,-0.072,-0.056,0.00,0,,1321,0,44,781,-0.04,31.5,1.00,-0.095
91.70,DOWNWIND,109.18,110.22,31.52,-0.05,-4.8,-0.3,10.9,-780.8,-692,0.60,-0.072,-0.056,0.00,0,,1317,0,47,781,-0.04,31.5,1.00,-0.095
91.80,DOWNWIND,109.18,110.21,31.52,-0.05,-4.8,-0.3,10.9,-780.8,-695,0.60,-0.072,-0.056,0.00,0,,1314,0,50,781,-0.04,31.5,1.00,-0.095
91.90,DOWNWIND,109.17,110.21,31.52,-0.05,-4.8,-0.3,10.9,-780.8,-698,0.60,-0.072,-0.056,0.00,0,,1311,0,53,781,-0.04,31.5,1.00,-0.095
92.00,DOWNWIND,109.17,110.20,31.52,-0.04,-4.8,-0.3,10.9,-780.8,-701,0.60,-0.072,-0.056,0.00,0,,1308,0,56,781,-0.04,31.5,1.00,-0.095
92.10,DOWNWIND,109.16,110.20,31.52,-0.04,-4.8,-0.3,10.9,-780.8,-705,0.60,-0.072,-0.056,0.00,0,,1305,0,60,781,-0.04,31.5,1.00,-0.095
92.20,DOWNWIND,109.16,110.19,31.52,-0.04,-4.8,-0.3,10.9,-780.8,-708,0.60,-0.072,-0.056,0.00,0,,1302,0,63,781,-0.04,31.5,1.00,-0.095
92.30,DOWNWIND,109.16,110.19,31.52,-0.04,-4.8,-0.3,10.9,-780.8,-711,0.60,-0.072,-0.056,0.00,0,,1299,0,66,781,-0.04,31.5,1.00,-0.095
92.40,DOWNWIND,109.15,110.18,31.52,-0.04,-4.8,-0.3,10.9,-780.8,-714,0.60,-0.072,-0.056,0.00,0,,1296,0,69,781,-0.04,31.5,1.00,-0.094
92.50,DOWNWIND,109.15,110.18,31.52,-0.04,-4.8,-0.3,10.9,-780.8,-717,0.60,-0.072,-0.056,0.00,0,,1293,0,72,781,-0.04,31.5,1.00,-0.094
92.60,DOWNWIND,109.14,110.18,31.52,-0.04,-4.7,-0.3,10.9,-780.8,-720,0.60,-0.072,-0.056,0.00,0,,1290,0,75,781,-0.04,31.5,1.00,-0.094
92.70,DOWNWIND,109.14,110.17,31.52,-0.04,-4.7,-0.3,10.9,-780.8,-723,0.60,-0.072,-0.056,0.00,0,,1287,0,78,781,-0.03,31.5,1.00,-0.094
92.80,DOWNWIND,109.14,110.17,31.52,-0.04,-4.7,-0.3,10.9,-780.8,-726,0.60,-0.072,-0.056,0.00,0,,1283,0,81,781,-0.03,31.5,1.00,-0.094
92.90,DOWNWIND,109.13,110.16,31.52,-0.04,-4.7,-0.3,10.9,-780.8,-729,0.60,-0.072,-0.056,0.00,0,,1280,0,84,781,-0.03,31.5,1.00,-0.094
93.00,DOWNWIND,109.13,110.16,31.53,-0.04,-4.7,-0.3,10.9,-780.8,-732,0.60,-0.072,-0.056,0.00,0,,1277,0,87,781,-0.03,31.5,1.00,-0.094
93.10,DOWNWIND,109.12,110.16,31.53,-0.04,-4.7,-0.3,10.9,-780.8,-735,0.60,-0.072,-0.056,0.00,0,,1274,0,90,781,-0.03,31.5,1.00,-0.094
93.20,DOWNWIND,109.12,110.15,31.53,-0.04,-4.7,-0.3,10.9,-780.8,-739,0.60,-0.072,-0.056,0.00,0,,1271,0,94,781,-0.03,31.5,1.00,-0.094
93.30,DOWNWIND,109.12,110.15,31.53,-0.04,-4.7,-0.3,10.9,-780.8,-742,0.60,-0.072,-0.056,0.00,0,,1268,0,97,781,-0.03,31.5,1.00,-0.094
93.40,DOWNWIND,109.11,110.14,31.53,-0.04,-4.7,-0.3,10.9,-780.8,-745,0.60,-0.072,-0.056,0.00,0,,1265,0,100,781,-0.03,31.5,1.00,-0.094
93.50,DOWNWIND,109.11,110.14,31.53,-0.04,-4.7,-0.3,10.9,-780.8,-748,0.60,-0.072,-0.056,0.00,0,,1262,0,103,781,-0.03,31.5,1.00,-0.094
93.60,DOWNWIND,109.10,110.14,31.53,-0.04,-4.7,-0.3,10.9,-780.8,-751,0.60,-0.072,-0.056,0.00,0,,1259,0,106,781,-0.03,31.5,1.00,-0.094
93.70,DOWNWIND,109.10,110.13,31.53,-0.04,-4.7,-0.3,10.9,-780.8,-754,0.60,-0.072,-0.056,0.00,0,,1256,0,109,781,-0.03,31.5,1.00,-0.094
93.80,DOWNWIND,109.10,110.13,31.53,-0.04,-4.7,-0.3,10.9,-780.8,-757,0.60,-0.072,-0.056,0.00,0,,1253,0,112,781,-0.03,31.5,1.00,-0.094
93.90,DOWNWIND,109.09,110.13,31.53,-0.04,-4.7,-0.3,10.9,-780.8,-760,0.60,-0.072,-0.056,0.00,0,,1249,0,115,781,-0.03,31.5,1.00,-0.094
94.00,DOWNWIND,109.09,110.12,31.53,-0.04,-4.7,-0.3,10.9,-780.8,-763,0.60,-0.072,-0.055,0.00,0,,1246,0,118,781,-0.02,31.5,1.00,-0.093
94.10,DOWNWIND,109.09,110.12,31.53,-0.03,-4.7,-0.3,10.9,-780.8,-766,0.60,-0.072,-0.056,0.00,0,,1243,0,121,781,-0.02,31.5,1.00,-0.093
94.20,DOWNWIND,109.08,110.11,31.53,-0.03,-4.7,-0.3,10.9,-780.8,-769,0.60,-0.072,-0.056,0.00,0,,1240,0,124,781,-0.02,31.5,1.00,-0.093
94.30,DOWNWIND,109.08,110.11,31.53,-0.03,-4.7,-0.3,10.9,-780.8,-773,0.60,-0.072,-0.055,0.00,0,,1237,0,128,781,-0.02,31.5,1.00,-0.093
94.40,DOWNWIND,109.08,110.10,31.53,-0.03,-4.7,-0.3,10.9,-780.8,-776,0.60,-0.072,-0.056,0.00,0,,1234,0,131,781,-0.02,31.5,1.00,-0.093
94.50,DOWNWIND,109.07,110.09,31.53,-0.03,-4.7,-0.3,10.9,-780.8,-779,0.60,-0.072,-0.056,0.00,0,,1231,0,134,781,-0.02,31.5,1.00,-0.093
94.60,DOWNWIND,109.07,110.09,31.53,-0.03,-4.7,-0.3,10.9,-780.8,-782,0.60,-0.072,-0.055,0.00,0,,1228,0,137,781,-0.02,31.5,1.00,-0.093
94.70,DOWNWIND,109.07,110.08,31.53,-0.03,-4.7,-0.3,10.9,-780.8,-785,0.60,-0.072,-0.056,0.00,0,,1225,0,140,781,-0.02,31.5,1.00,-0.093
94.80,DOWNWIND,109.06,110.07,31.53,-0.03,-4.7,-0.3,10.9,-780.8,-788,0.60,-0.072,-0.055,0.00,0,,1222,0,143,781,-0.02,31.5,1.00,-0.093
94.90,DOWNWIND,109.06,110.06,31.53,-0.03,-4.7,-0.3,10.9,-780.8,-791,0.60,-0.072,-0.055,0.00,0,,1219,0,146,781,-0.02,31.5,1.00,-0.093
95.00,DOWNWIND,109.06,110.05,31.53,-0.03,-4.7,-0.3,10.9,-780.8,-794,0.60,-0.072,-0.056,0.00,0,,1215,0,149,781,-0.02,31.5,1.00,-0.093
95.10,DOWNWIND,109.05,110.04,31.53,-0.03,-4.7,-0.3,10.9,-780.8,-797,0.60,-0.072,-0.055,0.00,0,,1212,0,152,781,-0.02,31.5,1.00,-0.093
95.20,DOWNWIND,109.05,110.04,31.53,-0.03,-4.7,-0.3,10.9,-780.8,-800,0.60,-0.072,-0.055,0.00,0,,1209,0,155,781,-0.02,31.5,1.00,-0.093
95.30,DOWNWIND,109.05,110.03,31.53,-0.03,-4.7,-0.3,10.9,-780.8,-803,0.60,-0.072,-0.056,0.00,0,,1206,0,158,781,-0.02,31.5,1.00,-0.093
95.40,DOWNWIND,109.04,110.02,31.53,-0.03,-4.7,-0.3,10.9,-780.8,-807,0.60,-0.072,-0.055,0.00,0,,1203,0,162,781,-0.02,31.5,1.00,-0.093
95.50,DOWNWIND,109.04,110.01,31.53,-0.03,-4.7,-0.3,10.9,-780.8,-810,0.60,-0.072,-0.055,0.00,0,,1200,0,165,781,-0.01,31.5,1.00,-0.093
95.60,DOWNWIND,109.04,110.01,31.53,-0.03,-4.7,-0.3,10.9,-780.8,-813,0.60,-0.072,-0.055,0.00,0,,1197,0,168,781,-0.01,31.5,1.00,-0.093
95.70,DOWNWIND,109.04,110.00,31.53,-0.03,-4.7,-0.3,10.9,-780.8,-816,0.60,-0.072,-0.055,0.00,0,,1194,0,171,781,-0.01,31.5,1.00,-0.092
95.80,DOWNWIND,109.03,110.00,31.53,-0.03,-4.7,-0.3,10.9,-780.9,-819,0.60,-0.072,-0.055,0.00,0,,1191,0,174,781,-0.01,31.5,1.00,-0.092
95.90,DOWNWIND,109.03,109.99,31.53,-0.03,-4.7,-0.3,10.9,-780.9,-822,0.60,-0.072,-0.055,0.00,0,,1188,0,177,781,-0.01,31.5,1.00,-0.092
96.00,DOWNWIND,109.03,109.99,31.53,-0.03,-4.7,-0.3,10.9,-780.9,-825,0.60,-0.072,-0.055,0.00,0,,1185,0,180,781,-0.01,31.5,1.00,-0.092
96.10,DOWNWIND,109.02,109.98,31.54,-0.03,-4.7,-0.3,10.9,-780.9,-828,0.60,-0.072,-0.055,0.00,0,,1181,0,183,781,-0.01,31.5,1.00,-0.092
96.20,DOWNWIND,109.02,109.98,31.54,-0.03,-4.7,-0.3,10.9,-780.9,-831,0.60,-0.072,-0.055,0.00,0,,1178,0,186,781,-0.01,31.5,1.00,-0.092
96.30,DOWNWIND,109.02,109.98,31.54,-0.03,-4.7,-0.3,11.0,-780.9,-834,0.60,-0.072,-0.055,0.00,0,,1175,0,189,781,-0.01,31.5,1.00,-0.092
96.40,DOWNWIND,109.02,109.98,31.54,-0.03,-4.7,-0.3,11.0,-780.9,-837,0.60,-0.072,-0.055,0.00,0,,1172,0,192,781,-0.01,31.5,1.00,-0.092
96.50,DOWNWIND,109.01,109.97,31.54,-0.03,-4.7,-0.3,11.0,-780.9,-841,0.60,-0.072,-0.055,0.00,0,,1169,0,196,781,-0.01,31.5,1.00,-0.092
96.60,DOWNWIND,109.01,109.97,31.54,-0.03,-4.7,-0.3,11.0,-780.9,-844,0.60,-0.072,-0.055,0.00,0,,1166,0,199,781,-0.01,31.5,1.00,-0.092
96.70,DOWNWIND,109.01,109.97,31.54,-0.02,-4.7,-0.3,11.0,-780.9,-847,0.60,-0.072,-0.055,0.00,0,,1163,0,202,781,-0.01,31.5,1.00,-0.092
96.80,DOWNWIND,109.01,109.97,31.54,-0.02,-4.7,-0.3,11.0,-780.9,-850,0.60,-0.072,-0.055,0.00,0,,1160,0,205,781,-0.01,31.5,1.00,-0.092
96.90,DOWNWIND,109.00,109.97,31.54,-0.02,-4.7,-0.3,11.0,-780.9,-853,0.60,-0.072,-0.055,0.00,0,,1157,0,208,781,-0.01,31.5,1.00,-0.092
97.00,DOWNWIND,109.00,109.97,31.54,-0.02,-4.7,-0.3,11.0,-780.9,-856,0.60,-0.072,-0.055,0.00,0,,1154,0,211,781,-0.01,31.5,1.00,-0.092
97.10,DOWNWIND,109.00,109.97,31.54,-0.02,-4.7,-0.3,11.0,-780.9,-859,0.60,-0.072,-0.055,0.00,0,,1151,0,214,781,-0.01,31.5,1.00,-0.092
97.20,DOWNWIND,109.00,109.97,31.54,-0.02,-4.7,-0.3,11.0,-780.9,-862,0.60,-0.072,-0.055,0.00,0,,1147,0,217,781,-0.01,31.5,1.00,-0.092
97.30,DOWNWIND,108.99,109.97,31.54,-0.02,-4.7,-0.3,11.0,-780.9,-865,0.60,-0.072,-0.055,0.00,0,,1144,0,220,781,-0.01,31.5,1.00,-0.092
97.40,DOWNWIND,108.99,109.96,31.54,-0.02,-4.7,-0.3,11.0,-780.9,-868,0.60,-0.072,-0.055,0.00,0,,1141,0,223,781,-0.00,31.5,1.00,-0.092
97.50,DOWNWIND,108.99,109.96,31.54,-0.02,-4.7,-0.3,11.0,-780.9,-872,0.60,-0.072,-0.055,0.00,0,,1138,0,227,781,-0.00,31.5,1.00,-0.092
97.60,DOWNWIND,108.99,109.96,31.54,-0.02,-4.7,-0.3,11.0,-780.9,-875,0.60,-0.072,-0.055,0.00,0,,1135,0,230,781,-0.00,31.5,1.00,-0.091
97.70,DOWNWIND,108.99,109.96,31.54,-0.02,-4.7,-0.3,11.0,-780.9,-878,0.60,-0.072,-0.055,0.00,0,,1132,0,233,781,-0.00,31.5,1.00,-0.091
97.80,DOWNWIND,108.98,109.96,31.54,-0.02,-4.7,-0.3,11.0,-780.9,-881,0.60,-0.072,-0.055,0.00,0,,1129,0,236,781,-0.00,31.5,1.00,-0.091
97.90,DOWNWIND,108.98,109.96,31.54,-0.02,-4.7,-0.3,11.0,-780.9,-884,0.60,-0.072,-0.055,0.00,0,,1126,0,239,781,-0.00,31.5,1.00,-0.091
98.00,DOWNWIND,108.98,109.95,31.54,-0.02,-4.7,-0.3,11.0,-780.9,-887,0.60,-0.072,-0.055,0.00,0,,1123,0,242,781,-0.00,31.5,1.00,-0.091
98.10,DOWNWIND,108.98,109.95,31.54,-0.02,-4.7,-0.3,11.0,-780.9,-890,0.60,-0.072,-0.055,0.00,0,,1120,0,245,781,-0.00,31.5,1.00,-0.091
98.20,DOWNWIND,108.97,109.95,31.54,-0.02,-4.7,-0.3,11.0,-780.9,-893,0.60,-0.072,-0.055,0.00,0,,1117,0,248,781,-0.00,31.5,1.00,-0.091
98.30,DOWNWIND,108.97,109.94,31.54,-0.02,-4.7,-0.3,11.0,-780.9,-896,0.60,-0.072,-0.055,0.00,0,,1113,0,251,781,-0.00,31.5,1.00,-0.091
98.40,DOWNWIND,108.97,109.94,31.54,-0.02,-4.7,-0.3,11.0,-780.9,-899,0.60,-0.072,-0.055,0.00,0,,1110,0,254,781,-0.00,31.5,1.00,-0.091
98.50,DOWNWIND,108.97,109.94,31.54,-0.02,-4.7,-0.3,11.0,-780.9,-902,0.60,-0.072,-0.055,0.00,0,,1107,0,257,781,-0.00,31.5,1.00,-0.091
98.60,DOWNWIND,108.97,109.93,31.54,-0.02,-4.7,-0.3,11.0,-780.9,-906,0.60,-0.072,-0.055,0.00,0,,1104,0,261,781,0.00,31.5,1.00,-0.091
98.70,DOWNWIND,108.97,109.93,31.54,-0.02,-4.7,-0.3,11.0,-780.9,-909,0.60,-0.072,-0.055,0.00,0,,1101,0,264,781,0.00,31.5,1.00,-0.091
98.80,DOWNWIND,108.96,109.93,31.54,-0.02,-4.7,-0.3,11.0,-780.9,-912,0.60,-0.072,-0.055,0.00,0,,1098,0,267,781,0.00,31.5,1.00,-0.091
98.90,DOWNWIND,108.96,109.92,31.54,-0.02,-4.7,-0.3,11.0,-780.9,-915,0.60,-0.072,-0.055,0.00,0,,1095,0,270,781,0.00,31.5,1.00,-0.091
99.00,DOWNWIND,108.96,109.92,31.54,-0.02,-4.7,-0.3,11.0,-780.9,-918,0.60,-0.072,-0.055,0.00,0,,1092,0,273,781,0.00,31.5,1.00,-0.091
99.10,DOWNWIND,108.96,109.91,31.54,-0.02,-4.7,-0.3,11.0,-780.9,-921,0.60,-0.072,-0.055,0.00,0,,1089,0,276,781,0.00,31.5,1.00,-0.091
99.20,DOWNWIND,108.96,109.91,31.54,-0.02,-4.7,-0.3,11.0,-780.9,-924,0.60,-0.072,-0.055,0.00,0,,1086,0,279,781,0.00,31.5,1.00,-0.091
99.30,DOWNWIND,108.95,109.90,31.54,-0.02,-4.7,-0.3,11.0,-780.9,-927,0.60,-0.072,-0.055,0.00,0,,1083,0,282,781,0.00,31.5,1.00,-0.091
99.40,DOWNWIND,108.95,109.90,31.54,-0.02,-4.7,-0.3,11.0,-780.9,-930,0.60,-0.072,-0.055,0.00,0,,1079,0,285,781,0.00,31.5,1.00,-0.091
99.50,DOWNWIND,108.95,109.90,31.54,-0.02,-4.7,-0.3,11.0,-780.9,-933,0.60,-0.072,-0.055,0.00,0,,1076,0,288,781,0.00,31.5,1.00,-0.091
99.60,DOWNWIND,108.95,109.89,31.54,-0.02,-4.7,-0.3,11.0,-780.9,-936,0.60,-0.072,-0.055,0.00,0,,1073,0,291,781,0.00,31.5,1.00,-0.091
99.70,DOWNWIND,108.95,109.89,31.54,-0.02,-4.7,-0.3,11.0,-780.9,-940,0.60,-0.072,-0.055,0.00,0,,1070,0,295,781,0.00,31.5,1.00,-0.090
99.80,DOWNWIND,108.95,109.89,31.54,-0.02,-4.7,-0.3,11.0,-780.9,-943,0.60,-0.072,-0.055,0.00,0,,1067,0,298,781,0.00,31.5,1.00,-0.090
99.90,DOWNWIND,108.94,109.88,31.54,-0.02,-4.7,-0.3,11.0,-780.9,-946,0.60,-0.072,-0.055,0.00,0,,1064,0,301,781,0.00,31.5,1.00,-0.090
100.00,DOWNWIND,108.94,109.88,31.54,-0.02,-4.7,-0.3,11.0,-780.9,-949,0.60,-0.072,-0.055,0.00,0,,1061,0,304,781,0.01,31.5,1.00,-0.090
100.10,DOWNWIND,108.94,109.88,31.54,-0.02,-4.7,-0.3,11.0,-780.9,-952,0.60,-0.072,-0.055,0.00,0,,1058,0,307,781,0.01,31.5,1.00,-0.090
100.20,DOWNWIND,108.94,109.87,31.54,-0.02,-4.7,-0.3,11.0,-780.9,-955,0.60,-0.072,-0.055,0.00,0,,1055,0,310,781,0.01,31.5,1.00,-0.090
100.30,DOWNWIND,108.94,109.87,31.54,-0.02,-4.7,-0.3,11.0,-780.9,-958,0.60,-0.072,-0.055,0.00,0,,1052,0,313,781,0.01,31.5,1.00,-0.090
100.40,DOWNWIND,108.94,109.87,31.54,-0.01,-4.7,-0.3,11.0,-780.9,-961,0.60,-0.072,-0.055,0.00,0,,1048,0,316,781,0.01,31.5,1.00,-0.090
100.50,DOWNWIND,108.93,109.86,31.54,-0.01,-4.7,-0.3,11.0,-780.9,-964,0.60,-0.072,-0.055,0.00,0,,1045,0,319,781,0.01,31.5,1.00,-0.090
100.60,DOWNWIND,108.93,109.86,31.54,-0.01,-4.7,-0.3,11.0,-780.9,-967,0.61,-0.072,-0.055,0.00,0,,1042,0,322,781,0.01,31.5,1.00,-0.090
100.70,DOWNWIND,108.93,109.86,31.54,-0.01,-4.7,-0.3,11.0,-780.9,-970,0.61,-0.072,-0.055,0.00,0,,1039,0,325,781,0.01,31.5,1.00,-0.090
100.80,DOWNWIND,108.93,109.86,31.54,-0.01,-4.7,-0.3,11.0,-780.9,-974,0.61,-0.072,-0.055,0.00,0,,1036,0,329,781,0.01,31.5,1.00,-0.090
100.90,DOWNWIND,108.93,109.85,31.54,-0.01,-4.7,-0.3,11.0,-780.9,-977,0.61,-0.072,-0.055,0.00,0,,1033,0,332,781,0.01,31.5,1.00,-0.090
101.00,DOWNWIND,108.93,109.85,31.54,-0.01,-4.7,-0.3,11.0,-780.9,-980,0.61,-0.072,-0.055,0.00,0,,1030,0,335,781,0.01,31.5,1.00,-0.090
101.10,DOWNWIND,108.93,109.85,31.54,-0.01,-4.7,-0.3,11.0,-780.9,-983,0.61,-0.072,-0.055,0.00,0,,1027,0,338,781,0.01,31.5,1.00,-0.090
101.20,DOWNWIND,108.93,109.85,31.54,-0.01,-4.7,-0.3,11.0,-780.9,-986,0.61,-0.072,-0.055,0.00,0,,1024,0,341,781,0.01,31.5,1.00,-0.090
101.30,DOWNWIND,108.92,109.84,31.54,-0.01,-4.7,-0.3,11.0,-780.9,-989,0.61,-0.072,-0.055,0.00,0,,1021,0,344,781,0.01,31.5,1.00,-0.090
101.40,DOWNWIND,108.92,109.84,31.54,-0.01,-4.7,-0.3,11.0,-780.9,-992,0.61,-0.072,-0.055,0.00,0,,1018,0,347,781,0.01,31.5,1.00,-0.090
101.50,DOWNWIND,108.92,109.84,31.54,-0.01,-4.7,-0.3,11.0,-780.9,-995,0.61,-0.072,-0.055,0.00,0,,1014,0,350,781,0.01,31.5,1.00,-0.090
101.60,DOWNWIND,108.92,109.83,31.54,-0.01,-4.7,-0.3,11.0,-780.9,-998,0.61,-0.072,-0.055,0.00,0,,1011,0,353,781,0.01,31.5,1.00,-0.090
101.70,DOWNWIND,108.92,109.83,31.54,-0.01,-4.7,-0.3,11.0,-780.9,-1001,0.61,-0.072,-0.055,0.00,0,,1008,0,356,781,0.01,31.5,1.00,-0.090
101.80,DOWNWIND,108.92,109.83,31.54,-0.01,-4.7,-0.3,11.0,-780.9,-1004,0.61,-0.072,-0.055,0.00,0,,1005,0,359,781,0.01,31.5,1.00,-0.090
101.90,DOWNWIND,108.92,109.83,31.54,-0.01,-4.7,-0.3,11.0,-780.9,-1008,0.61,-0.072,-0.055,0.00,0,,1002,0,363,781,0.01,31.5,1.00,-0.090
102.00,DOWNWIND,108.92,109.82,31.54,-0.01,-4.7,-0.3,11.0,-780.9,-1011,0.61,-0.072,-0.055,0.00,0,,999,0,366,781,0.01,31.5,1.00,-0.089
102.10,DOWNWIND,108.91,109.82,31.54,-0.01,-4.7,-0.3,11.0,-780.9,-1014,0.61,-0.072,-0.055,0.00,0,,996,0,369,781,0.01,31.5,1.00,-0.089
102.20,DOWNWIND,108.91,109.82,31.54,-0.01,-4.7,-0.3,11.0,-780.9,-1017,0.61,-0.072,-0.055,0.00,0,,993,0,372,781,0.01,31.5,1.00,-0.089
102.30,DOWNWIND,108.91,109.84,31.54,-0.01,-4.7,-0.3,11.0,-780.9,-1020,0.61,-0.072,-0.055,0.00,0,,990,0,375,781,0.01,31.5,1.00,-0.089
102.40,DOWNWIND,108.91,110.19,31.54,-0.01,-4.7,-0.3,11.0,-780.9,-1023,0.61,-0.072,-0.055,0.00,0,,987,0,378,781,0.01,31.5,1.00,-0.089
102.50,DOWNWIND,108.91,110.79,31.54,-0.01,-4.7,-0.3,11.0,-780.9,-1026,0.60,-0.072,-0.055,0.00,0,,984,0,381,781,0.01,31.5,1.00,-0.089
102.60,DOWNWIND,108.91,111.48,31.55,-0.01,-4.7,-0.3,11.0,-780.9,-1029,0.60,-0.072,-0.055,0.00,0,,980,0,384,781,0.01,31.5,1.00,-0.089
102.70,DOWNWIND,108.91,109.82,31.55,-0.01,-4.7,-0.3,11.0,-780.9,-1032,0.60,-0.072,-0.055,0.00,0,,977,0,387,781,0.01,31.5,1.00,-0.089
102.80,DOWNWIND,108.91,109.81,31.55,-0.01,-4.7,-0.3,11.0,-780.9,-1035,0.60,-0.072,-0.055,0.00,0,,974,0,390,781,0.01,31.5,1.00,-0.089
102.90,DOWNWIND,108.91,109.80,31.55,-0.01,-4.7,-0.3,11.0,-780.9,-1039,0.60,-0.072,-0.055,0.00,0,,971,0,394,781,0.01,31.5,1.00,-0.089
103.00,DOWNWIND,108.90,109.80,31.55,-0.01,-4.7,-0.3,11.0,-780.9,-1042,0.60,-0.072,-0.055,0.00,0,,968,0,397,781,0.01,31.5,1.00,-0.089
103.10,DOWNWIND,108.90,111.05,31.54,-0.01,-4.7,-0.3,11.0,-780.9,-1045,0.61,-0.073,-0.056,0.00,0,,965,0,400,781,0.01,31.5,1.00,-0.089
103.20,DOWNWIND,108.90,110.39,31.54,-0.01,-4.7,-0.3,11.0,-780.9,-1048,0.61,-0.073,-0.056,0.00,0,,962,0,403,781,0.01,31.5,1.00,-0.089
103.30,DOWNWIND,108.90,109.91,31.54,-0.01,-4.7,-0.3,11.0,-780.9,-1051,0.61,-0.073,-0.056,0.00,0,,959,0,406,781,0.01,31.5,1.00,-0.089
103.40,DOWNWIND,108.90,109.79,31.54,-0.01,-4.7,-0.3,11.0,-780.9,-1054,0.61,-0.072,-0.056,0.00,0,,956,0,409,781,0.01,31.5,1.00,-0.089
103.50,DOWNWIND,108.90,109.79,31.54,-0.01,-4.7,-0.3,11.0,-780.9,-1057,0.61,-0.072,-0.056,0.00,0,,953,0,412,781,0.01,31.5,1.00,-0.089
103.60,DOWNWIND,108.90,109.78,31.54,-0.01,-4.7,-0.3,11.0,-780.9,-1060,0.61,-0.072,-0.056,0.00,0,,950,0,415,781,0.01,31.5,1.00,-0.089
103.70,DOWNWIND,108.90,109.78,31.54,-0.01,-4.7,-0.3,11.0,-780.9,-1063,0.61,-0.073,-0.056,0.00,0,,946,0,418,781,0.01,31.5,1.00,-0.089
103.80,DOWNWIND,108.90,109.77,31.54,-0.01,-4.7,-0.3,11.0,-780.9,-1066,0.61,-0.072,-0.056,0.00,0,,943,0,421,781,0.01,31.5,1.00,-0.089
103.90,DOWNWIND,108.90,109.77,31.54,-0.01,-4.7,-0.3,11.0,-780.9,-1069,0.61,-0.072,-0.056,0.00,0,,940,0,424,781,0.01,31.5,1.00,-0.089
104.00,DOWNWIND,108.90,109.76,31.54,-0.01,-4.7,-0.3,11.0,-780.9,-1073,0.61,-0.072,-0.055,0.00,0,,937,0,428,781,0.01,31.5,1.00,-0.089
104.10,DOWNWIND,108.90,109.76,31.54,-0.01,-4.7,-0.3,11.0,-780.9,-1076,0.61,-0.072,-0.055,0.00,0,,934,0,431,781,0.01,31.5,1.00,-0.089
104.20,DOWNWIND,108.89,109.75,31.54,-0.01,-4.7,-0.2,11.0,-780.9,-1079,0.61,-0.072,-0.055,0.00,0,,931,0,434,781,0.01,31.5,1.00,-0.089
104.30,DOWNWIND,108.89,109.75,31.54,-0.01,-4.7,-0.2,10.9,-780.9,-1082,0.61,-0.072,-0.055,0.00,0,,928,0,437,781,0.01,31.5,1.00,-0.089
104.40,DOWNWIND,108.89,109.74,31.54,-0.01,-4.7,-0.2,10.9,-780.9,-1085,0.61,-0.072,-0.055,0.00,0,,925,0,440,781,0.01,31.5,1.00,-0.089
104.50,DOWNWIND,108.89,109.74,31.54,-0.01,-4.7,-0.2,10.9,-780.9,-1088,0.61,-0.072,-0.055,0.00,0,,922,0,443,781,0.02,31.5,1.00,-0.089
104.60,DOWNWIND,108.89,109.73,31.54,-0.01,-4.7,-0.2,10.9,-780.9,-1091,0.61,-0.072,-0.055,0.00,0,,919,0,446,781,0.02,31.5,1.00,-0.088
104.70,DOWNWIND,108.89,109.72,31.54,-0.01,-4.7,-0.2,10.9,-780.9,-1094,0.61,-0.072,-0.055,0.00,0,,916,0,449,781,0.02,31.5,1.00,-0.088
104.80,DOWNWIND,108.89,109.72,31.54,-0.01,-4.7,-0.2,10.9,-780.9,-1097,0.61,-0.072,-0.055,0.00,0,,912,0,452,781,0.02,31.5,1.00,-0.088
104.90,DOWNWIND,108.89,109.71,31.54,-0.01,-4.7,-0.2,10.9,-780.9,-1100,0.61,-0.072,-0.055,0.00,0,,909,0,455,781,0.02,31.5,1.00,-0.088
105.00,DOWNWIND,108.89,109.70,31.54,-0.01,-4.7,-0.3,10.9,-780.9,-1103,0.61,-0.072,-0.055,0.00,0,,906,0,458,781,0.02,31.5,1.00,-0.088
105.10,DOWNWIND,108.89,109.69,31.54,-0.01,-4.7,-0.3,10.9,-780.9,-1107,0.61,-0.072,-0.055,0.00,0,,903,0,462,781,0.02,31.5,1.00,-0.088
105.20,DOWNWIND,108.89,109.69,31.54,-0.01,-4.7,-0.3,10.9,-780.9,-1110,0.61,-0.072,-0.055,0.00,0,,900,0,465,781,0.02,31.5,1.00,-0.088
105.30,DOWNWIND,108.89,109.68,31.54,-0.01,-4.7,-0.3,10.9,-780.9,-1113,0.61,-0.072,-0.055,0.00,0,,897,0,468,781,0.02,31.5,1.00,-0.088
105.40,DOWNWIND,108.89,109.67,31.54,-0.01,-4.7,-0.3,10.9,-780.9,-1116,0.61,-0.072,-0.055,0.00,0,,894,0,471,781,0.02,31.5,1.00,-0.088
105.50,DOWNWIND,108.88,109.66,31.54,-0.01,-4.7,-0.3,11.0,-780.9,-1119,0.61,-0.072,-0.055,0.00,0,,891,0,474,781,0.02,31.5,1.00,-0.088
105.60,DOWNWIND,108.88,109.65,31.54,-0.01,-4.7,-0.3,11.0,-780.9,-1122,0.61,-0.072,-0.055,0.00,0,,888,0,477,781,0.02,31.5,1.00,-0.088
105.70,DOWNWIND,108.88,109.64,31.54,-0.01,-4.7,-0.3,11.0,-780.9,-1125,0.61,-0.072,-0.055,0.00,0,,885,0,480,781,0.02,31.5,1.00,-0.088
105.80,DOWNWIND,108.88,109.63,31.54,-0.01,-4.7,-0.3,11.0,-780.9,-1128,0.61,-0.072,-0.055,0.00,0,,881,0,483,781,0.02,31.5,1.00,-0.088
105.90,DOWNWIND,108.88,109.63,31.54,-0.01,-4.7,-0.3,11.0,-780.9,-1131,0.61,-0.072,-0.055,0.00,0,,878,0,486,781,0.02,31.5,1.00,-0.088
106.00,DOWNWIND,108.88,109.62,31.54,-0.01,-4.7,-0.3,11.0,-780.9,-1134,0.61,-0.072,-0.055,0.00,0,,875,0,489,781,0.02,31.5,1.00,-0.088
106.10,DOWNWIND,108.88,109.61,31.54,-0.01,-4.7,-0.3,11.0,-780.9,-1137,0.61,-0.072,-0.055,0.00,0,,872,0,492,781,0.02,31.5,1.00,-0.088
106.20,DOWNWIND,108.88,109.60,31.54,-0.01,-4.7,-0.3,11.0,-780.9,-1141,0.61,-0.072,-0.055,0.00,0,,869,0,496,781,0.02,31.5,1.00,-0.088
106.30,DOWNWIND,108.88,109.58,31.54,-0.01,-4.7,-0.3,11.0,-780.9,-1144,0.61,-0.072,-0.055,0.00,0,,866,0,499,781,0.02,31.5,1.00,-0.088
106.40,DOWNWIND,108.88,109.57,31.54,-0.01,-4.7,-0.3,11.0,-780.9,-1147,0.61,-0.072,-0.055,0.00,0,,863,0,502,781,0.02,31.5,1.00,-0.088
106.50,DOWNWIND,108.88,109.56,31.54,-0.01,-4.7,-0.3,11.0,-780.9,-1150,0.61,-0.072,-0.055,0.00,0,,860,0,505,781,0.02,31.5,1.00,-0.088
106.60,DOWNWIND,108.88,109.55,31.54,-0.00,-4.7,-0.3,11.0,-780.9,-1153,0.61,-0.072,-0.055,0.00,0,,857,0,508,781,0.02,31.5,1.00,-0.088
106.70,DOWNWIND,108.88,109.54,31.54,-0.00,-4.7,-0.3,10.9,-780.9,-1156,0.61,-0.072,-0.055,0.00,0,,854,0,511,781,0.02,31.5,1.00,-0.088
106.80,DOWNWIND,108.88,109.53,31.54,-0.00,-4.7,-0.3,10.9,-780.9,-1159,0.61,-0.072,-0.055,0.00,0,,851,0,514,781,0.02,31.5,1.00,-0.088
106.90,DOWNWIND,108.88,109.52,31.54,-0.00,-4.7,-0.3,10.9,-780.9,-1162,0.61,-0.072,-0.055,0.00,0,,847,0,517,781,0.02,31.5,1.00,-0.088
107.00,DOWNWIND,108.88,109.51,31.54,-0.00,-4.7,-0.3,10.9,-780.9,-1165,0.61,-0.072,-0.055,0.00,0,,844,0,520,781,0.02,31.5,1.00,-0.088
107.10,DOWNWIND,108.88,109.49,31.54,-0.00,-4.7,-0.3,10.9,-780.9,-1168,0.61,-0.072,-0.055,0.00,0,,841,0,523,781,0.02,31.5,1.00,-0.088
107.20,DOWNWIND,108.88,109.48,31.54,-0.00,-4.7,-0.3,10.9,-780.9,-1171,0.61,-0.072,-0.055,0.00,0,,838,0,526,781,0.02,31.5,1.00,-0.088
107.30,DOWNWIND,108.88,109.47,31.54,-0.00,-4.7,-0.3,10.9,-780.9,-1175,0.61,-0.072,-0.055,0.00,0,,835,0,530,781,0.02,31.5,1.00,-0.088
107.40,DOWNWIND,108.87,109.46,31.54,-0.00,-4.7,-0.3,10.9,-780.9,-1178,0.61,-0.072,-0.055,0.00,0,,832,0,533,781,0.02,31.5,1.00,-0.088
107.50,DOWNWIND,108.87,109.45,31.54,-0.00,-4.7,-0.3,10.9,-780.9,-1181,0.61,-0.072,-0.055,0.00,0,,829,0,536,781,0.02,31.5,1.00,-0.088
107.60,DOWNWIND,108.87,109.43,31.54,-0.00,-4.7,-0.3,10.9,-780.9,-1184,0.61,-0.072,-0.055,0.00,0,,826,0,539,781,0.02,31.5,1.00,-0.087
107.70,DOWNWIND,108.87,109.42,31.54,-0.00,-4.7,-0.3,10.9,-780.9,-1187,0.61,-0.072,-0.055,0.00,0,,823,0,542,781,0.02,31.5,1.00,-0.087
107.80,DOWNWIND,108.87,109.41,31.54,-0.00,-4.7,-0.3,10.9,-780.9,-1190,0.61,-0.072,-0.055,0.00,0,,820,0,545,781,0.02,31.5,1.00,-0.087
107.90,DOWNWIND,108.87,109.40,31.54,-0.00,-4.7,-0.3,10.9,-780.9,-1193,0.61,-0.072,-0.055,0.00,0,,817,0,548,781,0.02,31.5,1.00,-0.087
108.00,DOWNWIND,108.87,109.39,31.54,-0.00,-4.7,-0.3,10.9,-780.9,-1196,0.61,-0.072,-0.055,0.00,0,,813,0,551,781,0.02,31.5,1.00,-0.087
108.10,DOWNWIND,108.87,109.37,31.54,-0.00,-4.7,-0.3,10.9,-780.9,-1199,0.61,-0.072,-0.055,0.00,0,,810,0,554,781,0.02,31.5,1.00,-0.087
108.20,DOWNWIND,108.87,109.36,31.54,-0.00,-4.7,-0.3,10.9,-780.9,-1202,0.61,-0.072,-0.055,0.00,0,,807,0,557,781,0.02,31.5,1.00,-0.087
108.30,DOWNWIND,108.87,109.34,31.54,-0.00,-4.7,-0.3,10.9,-780.9,-1206,0.61,-0.072,-0.055,0.00,0,,804,0,561,781,0.02,31.5,1.00,-0.087
108.40,DOWNWIND,108.87,109.33,31.54,-0.00,-4.7,-0.3,10.9,-780.9,-1209,0.61,-0.072,-0.055,0.00,0,,801,0,564,781,0.02,31.5,1.00,-0.087
108.50,DOWNWIND,108.87,109.31,31.54,-0.00,-4.7,-0.3,10.9,-780.9,-1212,0.61,-0.073,-0.055,0.00,0,,798,0,567,781,0.02,31.5,1.00,-0.087
108.60,DOWNWIND,108.87,109.30,31.54,-0.00,-4.7,-0.3,10.9,-780.9,-1215,0.61,-0.073,-0.055,0.00,0,,795,0,570,781,0.02,31.5,1.00,-0.087
108.70,DOWNWIND,108.87,109.28,31.54,-0.00,-4.7,-0.3,10.9,-780.9,-1218,0.61,-0.073,-0.055,0.00,0,,792,0,573,781,0.02,31.5,1.00,-0.087
108.80,DOWNWIND,108.87,109.27,31.54,-0.00,-4.7,-0.3,10.9,-780.9,-1221,0.61,-0.073,-0.055,0.00,0,,789,0,576,781,0.02,31.5,1.00,-0.087
108.90,DOWNWIND,108.87,109.25,31.54,-0.00,-4.7,-0.3,10.9,-780.9,-1224,0.61,-0.073,-0.055,0.00,0,,786,0,579,781,0.02,31.5,1.00,-0.087
109.00,DOWNWIND,108.87,109.23,31.54,-0.00,-4.7,-0.3,10.9,-780.9,-1227,0.61,-0.073,-0.055,0.00,0,,783,0,582,781,0.02,31.5,1.00,-0.087
109.10,DOWNWIND,108.87,109.21,31.54,-0.00,-4.7,-0.3,10.9,-780.9,-1230,0.61,-0.073,-0.055,0.00,0,,779,0,585,781,0.02,31.5,1.00,-0.087
109.20,DOWNWIND,108.87,109.19,31.54,-0.00,-4.7,-0.3,10.9,-780.9,-1233,0.61,-0.073,-0.055,0.00,0,,776,0,588,781,0.02,31.5,1.00,-0.087
109.30,DOWNWIND,108.87,109.16,31.54,-0.00,-4.7,-0.3,10.9,-780.9,-1236,0.61,-0.073,-0.055,0.00,0,,773,0,591,781,0.02,31.5,1.00,-0.087
109.40,DOWNWIND,108.87,109.14,31.54,-0.00,-4.7,-0.3,10.9,-780.9,-1240,0.61,-0.073,-0.055,0.00,0,,770,0,595,781,0.02,31.5,1.00,-0.087
109.50,DOWNWIND,108.87,109.12,31.54,-0.00,-4.7,-0.3,10.9,-780.9,-1243,0.61,-0.073,-0.055,0.00,0,,767,0,598,781,0.02,31.5,1.00,-0.087
109.60,DOWNWIND,108.87,109.10,31.54,-0.00,-4.7,-0.3,10.9,-780.9,-1246,0.61,-0.073,-0.055,0.00,0,,764,0,601,781,0.02,31.5,1.00,-0.087
109.70,DOWNWIND,108.87,109.08,31.54,-0.00,-4.7,-0.3,10.9,-780.9,-1249,0.61,-0.073,-0.055,0.00,0,,761,0,604,781,0.02,31.5,1.00,-0.087
109.80,DOWNWIND,108.87,109.06,31.54,-0.00,-4.7,-0.3,10.9,-780.9,-1252,0.61,-0.073,-0.055,0.00,0,,758,0,607,781,0.02,31.5,1.00,-0.087
109.90,DOWNWIND,108.87,109.03,31.54,-0.00,-4.7,-0.3,10.9,-780.9,-1255,0.61,-0.073,-0.055,0.00,0,,755,0,610,781,0.02,31.5,1.00,-0.087
110.00,DOWNWIND,108.87,109.01,31.54,-0.00,-4.7,-0.3,10.9,-780.9,-1258,0.61,-0.073,-0.055,0.00,0,,752,0,613,781,0.02,31.5,1.00,-0.087
110.10,DOWNWIND,108.87,108.99,31.54,-0.00,-4.7,-0.3,10.9,-780.9,-1261,0.61,-0.073,-0.055,0.00,0,,748,0,616,781,0.02,31.5,1.00,-0.087
110.20,DOWNWIND,108.87,108.97,31.54,-0.00,-4.7,-0.3,10.9,-780.9,-1264,0.61,-0.073,-0.055,0.00,0,,745,0,619,781,0.02,31.5,1.00,-0.087
110.30,DOWNWIND,108.87,108.94,31.54,-0.00,-4.7,-0.3,10.9,-780.9,-1267,0.61,-0.073,-0.055,0.00,0,,742,0,622,781,0.02,31.5,1.00,-0.087
110.40,DOWNWIND,108.87,108.92,31.54,-0.00,-4.7,-0.3,10.9,-780.9,-1270,0.61,-0.073,-0.055,0.00,0,,739,0,625,781,0.02,31.5,1.00,-0.087
110.50,DOWNWIND,108.87,108.89,31.54,-0.00,-4.7,-0.3,10.9,-780.9,-1274,0.61,-0.073,-0.055,0.00,0,,736,0,629,781,0.02,31.5,1.00,-0.087
110.60,DOWNWIND,108.87,108.87,31.54,-0.00,-4.7,-0.3,10.9,-780.9,-1277,0.61,-0.073,-0.055,0.00,0,,733,0,632,781,0.02,31.5,1.00,-0.087
110.70,DOWNWIND,108.87,108.84,31.54,-0.00,-4.7,-0.3,10.9,-780.9,-1280,0.61,-0.073,-0.055,0.00,0,,730,0,635,781,0.02,31.5,1.00,-0.087
110.80,DOWNWIND,108.87,108.81,31.54,-0.00,-4.7,-0.3,10.9,-780.9,-1283,0.61,-0.073,-0.055,0.00,0,,727,0,638,781,0.02,31.5,1.00,-0.087
110.90,DOWNWIND,108.87,108.78,31.54,-0.00,-4.7,-0.3,10.9,-780.9,-1286,0.61,-0.073,-0.055,0.00,0,,724,0,641,781,0.02,31.5,1.00,-0.087
111.00,DOWNWIND,108.87,108.75,31.54,-0.00,-4.7,-0.3,10.9,-780.9,-1289,0.61,-0.073,-0.055,0.00,0,,721,0,644,781,0.02,31.5,1.00,-0.087
111.10,DOWNWIND,108.87,108.72,31.54,-0.00,-4.7,-0.3,10.9,-780.9,-1292,0.61,-0.073,-0.055,0.00,0,,718,0,647,781,0.02,31.5,1.00,-0.086
111.20,DOWNWIND,108.87,108.68,31.54,-0.00,-4.7,-0.3,10.9,-780.9,-1295,0.61,-0.073,-0.055,0.00,0,,714,0,650,781,0.02,31.5,1.00,-0.086
111.30,DOWNWIND,108.87,108.64,31.54,-0.00,-4.7,-0.3,10.9,-780.9,-1298,0.61,-0.073,-0.055,0.00,0,,711,0,653,781,0.02,31.5,1.00,-0.086
111.40,DOWNWIND,108.87,108.60,31.54,-0.00,-4.7,-0.3,10.9,-780.9,-1301,0.61,-0.073,-0.055,0.00,0,,708,0,656,781,0.02,31.5,1.00,-0.086
111.50,DOWNWIND,108.87,108.56,31.54,-0.00,-4.7,-0.3,10.9,-780.9,-1304,0.61,-0.073,-0.055,0.00,0,,705,0,659,781,0.02,31.5,1.00,-0.086
111.60,DOWNWIND,108.87,108.52,31.54,-0.00,-4.7,-0.3,10.9,-780.9,-1308,0.61,-0.073,-0.055,0.00,0,,702,0,663,781,0.02,31.5,1.00,-0.086
111.70,DOWNWIND,108.87,108.47,31.54,-0.00,-4.7,-0.3,10.9,-780.9,-1311,0.61,-0.073,-0.055,0.00,0,,699,0,666,781,0.02,31.5,1.00,-0.086
111.80,DOWNWIND,108.87,108.42,31.54,-0.00,-4.7,-0.3,10.9,-780.9,-1314,0.61,-0.073,-0.055,0.00,0,,696,0,669,781,0.02,31.5,1.00,-0.086
111.90,DOWNWIND,108.87,108.37,31.54,-0.00,-4.7,-0.3,10.9,-780.9,-1317,0.61,-0.073,-0.055,0.00,0,,693,0,672,781,0.02,31.5,1.00,-0.086
112.00,DOWNWIND,108.87,108.32,31.54,-0.00,-4.7,-0.3,10.9,-780.9,-1320,0.61,-0.073,-0.055,0.00,0,,690,0,675,781,0.02,31.5,1.00,-0.086
112.10,DOWNWIND,108.87,108.26,31.54,-0.00,-4.7,-0.3,10.9,-780.9,-1323,0.61,-0.073,-0.055,0.00,0,,687,0,678,781,0.02,31.5,1.00,-0.086
112.20,DOWNWIND,108.87,108.21,31.54,-0.00,-4.7,-0.3,10.9,-780.9,-1326,0.61,-0.073,-0.055,0.00,0,,684,0,681,781,0.02,31.5,1.00,-0.086
112.30,DOWNWIND,108.87,108.15,31.54,-0.00,-4.7,-0.3,10.9,-780.9,-1329,0.61,-0.073,-0.055,0.00,0,,680,0,684,781,0.02,31.5,1.00,-0.086
112.40,DOWNWIND,108.87,108.10,31.54,-0.00,-4.7,-0.3,10.9,-780.9,-1332,0.61,-0.073,-0.055,0.00,0,,677,0,687,781,0.02,31.5,1.00,-0.086
112.50,DOWNWIND,108.87,108.04,31.54,-0.00,-4.7,-0.3,10.9,-780.9,-1335,0.61,-0.073,-0.055,0.00,0,,674,0,690,781,0.02,31.5,1.00,-0.086
112.60,DOWNWIND,108.87,107.98,31.54,-0.00,-4.7,-0.3,10.9,-780.9,-1338,0.61,-0.073,-0.055,0.00,0,,671,0,693,781,0.02,31.5,1.00,-0.086
112.70,DOWNWIND,108.87,107.93,31.54,-0.00,-4.7,-0.3,10.9,-780.9,-1342,0.61,-0.073,-0.055,0.00,0,,668,0,697,781,0.02,31.5,1.00,-0.086
112.80,DOWNWIND,108.87,107.87,31.54,-0.00,-4.7,-0.3,10.9,-780.9,-1345,0.61,-0.073,-0.055,0.00,0,,665,0,700,781,0.02,31.5,1.00,-0.086
112.90,DOWNWIND,108.87,107.81,31.54,-0.00,-4.7,-0.3,10.9,-780.9,-1348,0.61,-0.073,-0.055,0.00,0,,662,0,703,781,0.02,31.5,1.00,-0.086
113.00,DOWNWIND,108.87,107.76,31.54,-0.00,-4.7,-0.3,10.9,-780.9,-1351,0.61,-0.073,-0.055,0.00,0,,659,0,706,781,0.02,31.5,1.00,-0.086
113.10,DOWNWIND,108.87,107.70,31.54,-0.00,-4.7,-0.3,10.9,-780.9,-1354,0.61,-0.073,-0.055,0.00,0,,656,0,709,781,0.02,31.5,1.00,-0.086
113.20,DOWNWIND,108.87,107.64,31.54,-0.00,-4.7,-0.3,10.9,-780.9,-1357,0.61,-0.073,-0.055,0.00,0,,653,0,712,781,0.02,31.5,1.00,-0.086
113.30,DOWNWIND,108.87,107.59,31.54,-0.00,-4.7,-0.3,10.9,-780.9,-1360,0.61,-0.073,-0.055,0.00,0,,650,0,715,781,0.02,31.5,1.00,-0.086
113.40,DOWNWIND,108.87,107.54,31.54,0.00,-4.7,-0.3,10.9,-780.9,-1363,0.61,-0.073,-0.055,0.00,0,,646,0,718,781,0.02,31.5,1.00,-0.086
113.50,DOWNWIND,108.87,107.49,31.54,0.00,-4.7,-0.3,10.9,-780.9,-1366,0.61,-0.073,-0.055,0.00,0,,643,0,721,781,0.02,31.5,1.00,-0.086
113.60,DOWNWIND,108.87,107.43,31.54,0.00,-4.7,-0.3,10.9,-780.9,-1369,0.61,-0.073,-0.055,0.00,0,,640,0,724,781,0.02,31.5,1.00,-0.086
113.70,DOWNWIND,108.87,107.38,31.54,0.00,-4.7,-0.3,10.9,-780.9,-1373,0.61,-0.073,-0.055,0.00,0,,637,0,728,781,0.02,31.5,1.00,-0.086
113.80,DOWNWIND,108.87,107.33,31.54,0.00,-4.7,-0.3,10.9,-780.9,-1376,0.61,-0.073,-0.055,0.00,0,,634,0,731,781,0.02,31.5,1.00,-0.086
113.90,DOWNWIND,108.87,107.27,31.54,0.00,-4.7,-0.3,10.9,-780.9,-1379,0.61,-0.073,-0.055,0.00,0,,631,0,734,781,0.02,31.5,1.00,-0.086
114.00,DOWNWIND,108.87,107.20,31.54,0.00,-4.7,-0.3,10.9,-780.9,-1382,0.61,-0.073,-0.055,0.00,0,,628,0,737,781,0.02,31.5,1.00,-0.086
114.10,DOWNWIND,108.87,107.14,31.54,0.00,-4.7,-0.3,10.9,-780.9,-1385,0.61,-0.073,-0.055,0.00,0,,625,0,740,781,0.02,31.5,1.00,-0.086
114.20,DOWNWIND,108.87,107.07,31.54,0.00,-4.7,-0.3,10.9,-780.9,-1388,0.61,-0.073,-0.055,0.00,0,,622,0,743,781,0.02,31.5,1.00,-0.086
114.30,DOWNWIND,108.87,107.00,31.54,0.00,-4.7,-0.3,10.9,-780.9,-1391,0.61,-0.073,-0.055,0.00,0,,619,0,746,781,0.02,31.5,1.00,-0.086
114.40,DOWNWIND,108.87,106.93,31.54,0.00,-4.7,-0.3,10.9,-780.9,-1394,0.61,-0.073,-0.055,0.00,0,,616,0,749,781,0.02,31.5,1.00,-0.086
114.50,DOWNWIND,108.87,106.85,31.54,0.00,-4.7,-0.3,10.9,-780.9,-1397,0.61,-0.073,-0.055,0.00,0,,612,0,752,781,0.02,31.5,1.00,-0.086
114.60,DOWNWIND,108.87,106.78,31.54,0.00,-4.7,-0.3,10.9,-780.9,-1400,0.61,-0.073,-0.055,0.00,0,,609,0,755,781,0.02,31.5,1.00,-0.086
114.70,DOWNWIND,108.87,106.70,31.54,0.00,-4.7,-0.3,10.9,-780.9,-1403,0.61,-0.073,-0.055,0.00,0,,606,0,758,781,0.02,31.5,1.00,-0.086
114.80,DOWNWIND,108.87,106.62,31.54,0.00,-4.7,-0.3,10.9,-780.9,-1407,0.61,-0.073,-0.055,0.00,0,,603,0,762,781,0.02,31.5,1.00,-0.086
114.90,DOWNWIND,108.87,106.54,31.54,0.00,-4.7,-0.3,10.9,-780.9,-1410,0.61,-0.073,-0.055,0.00,0,,600,0,765,781,0.02,31.5,1.00,-0.086
115.00,DOWNWIND,108.87,106.46,31.54,0.00,-4.7,-0.3,10.9,-780.9,-1413,0.61,-0.073,-0.055,0.00,0,,597,0,768,781,0.02,31.5,1.00,-0.086
115.10,DOWNWIND,108.87,106.37,31.54,0.00,-4.7,-0.3,10.9,-780.9,-1416,0.61,-0.073,-0.055,0.00,0,,594,0,771,781,0.02,31.5,1.00,-0.086
115.20,DOWNWIND,108.87,106.29,31.54,0.00,-4.7,-0.3,10.9,-780.9,-1419,0.61,-0.073,-0.055,0.00,0,,591,0,774,781,0.02,31.5,1.00,-0.086
115.30,DOWNWIND,108.87,106.20,31.54,0.00,-4.7,-0.3,10.9,-780.9,-1422,0.61,-0.073,-0.055,0.00,0,,588,0,777,781,0.02,31.5,1.00,-0.086
115.40,DOWNWIND,108.87,106.12,31.54,0.00,-4.7,-0.3,10.9,-780.9,-1425,0.61,-0.073,-0.055,0.00,0,,585,0,780,781,0.02,31.5,1.00,-0.086
115.50,DOWNWIND,108.87,106.04,31.54,0.00,-4.7,-0.3,10.9,-780.9,-1428,0.61,-0.073,-0.055,0.00,0,,581,0,783,781,0.02,31.5,1.00,-0.085
115.60,DOWNWIND,108.87,105.96,31.54,0.00,-4.7,-0.3,10.9,-780.9,-1431,0.61,-0.073,-0.055,0.00,0,,578,0,786,781,0.02,31.5,1.00,-0.085
115.70,DOWNWIND,108.87,105.87,31.53,0.00,-4.7,-0.3,10.9,-780.9,-1434,0.61,-0.073,-0.055,0.00,0,,575,0,789,781,0.02,31.5,1.00,-0.085
115.80,DOWNWIND,108.87,105.80,31.53,0.00,-4.7,-0.3,10.9,-780.9,-1437,0.61,-0.073,-0.055,0.00,0,,572,0,792,781,0.02,31.5,1.00,-0.085
115.90,DOWNWIND,108.87,105.72,31.53,0.00,-4.7,-0.3,10.9,-780.9,-1441,0.61,-0.073,-0.055,0.00,0,,569,0,796,781,0.02,31.5,1.00,-0.085
116.00,DOWNWIND,108.87,105.64,31.53,0.00,-4.7,-0.3,10.9,-780.9,-1444,0.61,-0.073,-0.055,0.00,0,,566,0,799,781,0.02,31.5,1.00,-0.085
116.10,DOWNWIND,108.87,105.57,31.53,0.00,-4.7,-0.3,10.9,-780.9,-1447,0.61,-0.073,-0.055,0.00,0,,563,0,802,781,0.02,31.5,1.00,-0.085
116.20,DOWNWIND,108.87,105.50,31.53,0.00,-4.7,-0.3,10.9,-780.9,-1450,0.61,-0.073,-0.055,0.00,0,,560,0,805,781,0.02,31.5,1.00,-0.085
116.30,DOWNWIND,108.87,105.42,31.53,0.00,-4.7,-0.3,10.9,-780.9,-1453,0.61,-0.073,-0.055,0.00,0,,557,0,808,781,0.02,31.5,1.00,-0.085
116.40,DOWNWIND,108.87,105.35,31.53,0.00,-4.7,-0.3,10.9,-780.9,-1456,0.61,-0.073,-0.055,0.00,0,,554,0,811,781,0.02,31.5,1.00,-0.085
116.50,DOWNWIND,108.87,105.28,31.53,0.00,-4.7,-0.3,10.9,-780.9,-1459,0.61,-0.073,-0.055,0.00,0,,551,0,814,781,0.02,31.5,1.00,-0.085
116.60,DOWNWIND,108.87,105.21,31.53,0.00,-4.7,-0.3,10.9,-780.9,-1462,0.61,-0.073,-0.055,0.00,0,,547,0,817,781,0.02,31.5,1.00,-0.085
116.70,DOWNWIND,108.87,105.14,31.53,0.00,-4.7,-0.3,10.9,-780.9,-1465,0.61,-0.073,-0.055,0.00,0,,544,0,820,781,0.02,31.5,1.00,-0.085
116.80,DOWNWIND,108.87,105.07,31.53,0.00,-4.7,-0.3,10.9,-780.9,-1468,0.61,-0.073,-0.055,0.00,0,,541,0,823,781,0.02,31.5,1.00,-0.085
116.90,DOWNWIND,108.87,105.00,31.53,0.00,-4.7,-0.3,10.9,-780.9,-1471,0.61,-0.073,-0.055,0.00,0,,538,0,826,781,0.02,31.5,1.00,-0.085
117.00,DOWNWIND,108.87,104.93,31.53,0.00,-4.7,-0.3,10.9,-780.9,-1475,0.61,-0.073,-0.055,0.00,0,,535,0,830,781,0.02,31.5,1.00,-0.085
117.10,DOWNWIND,108.87,104.86,31.53,0.00,-4.7,-0.3,10.9,-780.9,-1478,0.61,-0.073,-0.055,0.00,0,,532,0,833,781,0.02,31.5,1.00,-0.085
117.20,DOWNWIND,108.87,104.79,31.53,0.00,-4.7,-0.3,10.9,-780.9,-1481,0.61,-0.073,-0.055,0.00,0,,529,0,836,781,0.02,31.5,1.00,-0.085
117.30,DOWNWIND,108.87,104.72,31.53,0.00,-4.7,-0.3,10.9,-780.9,-1484,0.61,-0.073,-0.055,0.00,0,,526,0,839,781,0.02,31.5,1.00,-0.085
117.40,DOWNWIND,108.87,104.65,31.53,0.00,-4.7,-0.3,10.9,-780.9,-1487,0.61,-0.073,-0.055,0.00,0,,523,0,842,781,0.02,31.5,1.00,-0.085
117.50,DOWNWIND,108.87,104.57,31.53,0.00,-4.7,-0.3,10.9,-780.9,-1490,0.61,-0.073,-0.055,0.00,0,,520,0,845,781,0.02,31.5,1.00,-0.085
117.60,DOWNWIND,108.87,104.50,31.53,0.00,-4.7,-0.3,10.9,-780.9,-1493,0.61,-0.073,-0.055,0.00,0,,517,0,848,781,0.02,31.5,1.00,-0.085
117.70,DOWNWIND,108.87,104.43,31.53,0.00,-4.7,-0.3,10.9,-780.9,-1496,0.61,-0.073,-0.055,0.00,0,,513,0,851,781,0.02,31.5,1.00,-0.085
117.80,DOWNWIND,108.87,104.36,31.53,0.00,-4.7,-0.3,10.9,-780.9,-1499,0.61,-0.073,-0.055,0.00,0,,510,0,854,781,0.02,31.5,1.00,-0.085
117.90,DOWNWIND,108.87,104.28,31.53,0.00,-4.7,-0.3,10.9,-780.9,-1502,0.61,-0.073,-0.055,0.00,0,,507,0,857,781,0.02,31.5,1.00,-0.085
118.00,DOWNWIND,108.87,104.21,31.53,0.00,-4.7,-0.3,10.9,-780.9,-1506,0.61,-0.073,-0.055,0.00,0,,504,0,861,781,0.02,31.5,1.00,-0.085
118.10,DOWNWIND,108.87,104.13,31.53,0.00,-4.7,-0.3,10.9,-780.9,-1509,0.61,-0.073,-0.055,0.00,0,,501,0,864,781,0.02,31.5,1.00,-0.085
118.20,DOWNWIND,108.87,104.05,31.53,0.00,-4.7,-0.3,10.9,-780.9,-1512,0.61,-0.073,-0.055,0.00,0,,498,0,867,781,0.02,31.5,1.00,-0.085
118.30,DOWNWIND,108.87,103.97,31.53,0.00,-4.7,-0.3,10.9,-780.9,-1515,0.61,-0.073,-0.055,0.00,0,,495,0,870,781,0.02,31.5,1.00,-0.085
118.40,DOWNWIND,108.87,103.88,31.53,0.00,-4.7,-0.3,10.9,-780.9,-1518,0.61,-0.073,-0.055,0.00,0,,492,0,873,781,0.02,31.5,1.00,-0.085
118.50,DOWNWIND,108.87,103.80,31.53,0.00,-4.7,-0.3,10.9,-780.9,-1521,0.61,-0.073,-0.055,0.00,0,,489,0,876,781,0.02,31.5,1.00,-0.085
118.60,DOWNWIND,108.87,103.71,31.53,0.00,-4.7,-0.3,10.9,-780.9,-1524,0.61,-0.073,-0.055,0.00,0,,486,0,879,781,0.02,31.5,1.00,-0.085
118.70,DOWNWIND,108.87,103.63,31.53,0.00,-4.7,-0.3,10.9,-780.9,-1527,0.61,-0.073,-0.055,0.00,0,,483,0,882,781,0.02,31.5,1.00,-0.085
118.80,DOWNWIND,108.87,103.55,31.53,0.00,-4.7,-0.3,10.9,-780.9,-1530,0.61,-0.073,-0.055,0.00,0,,479,0,885,781,0.02,31.5,1.00,-0.085
118.90,DOWNWIND,108.87,103.47,31.53,0.00,-4.7,-0.3,10.9,-780.9,-1533,0.61,-0.073,-0.055,0.00,0,,476,0,888,781,0.02,31.5,1.00,-0.085
119.00,DOWNWIND,108.87,103.40,31.53,0.00,-4.7,-0.3,10.9,-780.9,-1536,0.61,-0.073,-0.055,0.00,0,,473,0,891,781,0.02,31.5,1.00,-0.085
119.10,DOWNWIND,108.87,103.32,31.53,0.00,-4.7,-0.3,10.9,-780.9,-1540,0.61,-0.073,-0.055,0.00,0,,470,0,895,781,0.02,31.5,1.00,-0.085
119.20,DOWNWIND,108.87,103.25,31.53,0.00,-4.7,-0.3,10.9,-780.8,-1543,0.61,-0.073,-0.055,0.00,0,,467,0,898,781,0.02,31.5,1.00,-0.085
119.30,DOWNWIND,108.87,103.18,31.53,0.00,-4.7,-0.2,10.9,-780.8,-1546,0.61,-0.073,-0.055,0.00,0,,464,0,901,781,0.02,31.5,1.00,-0.085
119.40,DOWNWIND,108.87,103.11,31.53,0.00,-4.7,-0.3,10.9,-780.8,-1549,0.61,-0.073,-0.055,0.00,0,,461,0,904,781,0.02,31.5,1.00,-0.085
119.50,DOWNWIND,108.87,103.05,31.53,0.00,-4.7,-0.2,10.9,-780.8,-1552,0.61,-0.073,-0.055,0.00,0,,458,0,907,781,0.02,31.5,1.00,-0.085
119.60,DOWNWIND,108.87,102.99,31.53,0.00,-4.7,-0.3,10.9,-780.8,-1555,0.61,-0.073,-0.055,0.00,0,,455,0,910,781,0.02,31.5,1.00,-0.085
119.70,DOWNWIND,108.87,102.93,31.53,0.00,-4.7,-0.3,10.9,-780.8,-1558,0.61,-0.072,-0.055,0.00,0,,452,0,913,781,0.02,31.5,1.00,-0.085
119.80,DOWNWIND,108.87,102.87,31.53,0.00,-4.7,-0.2,10.9,-780.8,-1561,0.61,-0.072,-0.055,0.00,0,,448,0,916,781,0.02,31.5,1.00,-0.085
119.90,DOWNWIND,108.87,102.83,31.53,0.00,-4.7,-0.2,10.9,-780.8,-1564,0.61,-0.072,-0.055,0.00,0,,445,0,919,781,0.02,31.5,1.00,-0.085
120.00,DOWNWIND,108.87,102.78,31.53,0.00,-4.7,-0.2,10.9,-780.8,-1567,0.61,-0.072,-0.055,0.00,0,,442,0,922,781,0.02,31.5,1.00,-0.085
120.10,DOWNWIND,108.87,102.74,31.53,0.00,-4.7,-0.3,10.9,-780.8,-1570,0.61,-0.072,-0.055,0.00,0,,439,0,925,781,0.02,31.5,1.00,-0.085
120.20,DOWNWIND,108.87,102.71,31.53,0.00,-4.7,-0.3,10.9,-780.8,-1574,0.61,-0.072,-0.055,0.00,0,,436,0,929,781,0.02,31.5,1.00,-0.085
120.30,DOWNWIND,108.87,102.68,31.53,0.00,-4.7,-0.3,10.9,-780.8,-1577,0.61,-0.072,-0.055,0.00,0,,433,0,932,781,0.02,31.5,1.00,-0.085
120.40,DOWNWIND,108.87,102.65,31.53,0.00,-4.7,-0.3,10.9,-780.8,-1580,0.61,-0.072,-0.055,0.00,0,,430,0,935,781,0.02,31.5,1.00,-0.085
120.50,DOWNWIND,108.87,102.64,31.53,0.00,-4.7,-0.3,10.9,-780.8,-1583,0.61,-0.072,-0.055,0.00,0,,427,0,938,781,0.02,31.5,1.00,-0.085
120.60,DOWNWIND,108.87,102.63,31.53,0.00,-4.7,-0.3,10.9,-780.8,-1586,0.61,-0.072,-0.055,0.00,0,,424,0,941,781,0.02,31.5,1.00,-0.085
120.70,DOWNWIND,108.87,102.64,31.53,0.00,-4.7,-0.3,10.9,-780.8,-1589,0.61,-0.072,-0.055,0.00,0,,421,0,944,781,0.02,31.5,1.00,-0.084
120.80,DOWNWIND,108.88,102.66,31.53,0.00,-4.7,-0.3,10.8,-780.8,-1592,0.61,-0.072,-0.055,0.00,0,,418,0,947,781,0.02,31.5,1.00,-0.084
120.90,DOWNWIND,108.88,102.69,31.53,0.00,-4.7,-0.3,10.8,-780.8,-1595,0.61,-0.072,-0.055,0.00,0,,414,0,950,781,0.02,31.5,1.00,-0.084
121.00,DOWNWIND,108.88,102.73,31.53,0.00,-4.7,-0.3,10.9,-780.8,-1598,0.61,-0.072,-0.055,0.00,0,,411,0,953,781,0.02,31.5,1.00,-0.084
121.10,DOWNWIND,108.88,102.78,31.53,0.00,-4.7,-0.3,10.8,-780.8,-1601,0.61,-0.072,-0.055,0.00,0,,408,0,956,781,0.02,31.5,1.00,-0.084
121.20,DOWNWIND,108.88,102.84,31.53,0.00,-4.7,-0.3,10.9,-780.8,-1604,0.61,-0.072,-0.055,0.00,0,,405,0,959,781,0.02,31.5,1.00,-0.084
121.30,DOWNWIND,108.88,102.90,31.53,0.00,-4.7,-0.3,10.9,-780.8,-1608,0.61,-0.072,-0.055,0.00,0,,402,0,963,781,0.02,31.5,1.00,-0.084
121.40,DOWNWIND,108.88,102.97,31.53,0.00,-4.7,-0.3,10.9,-780.8,-1611,0.61,-0.072,-0.055,0.00,0,,399,0,966,781,0.02,31.5,1.00,-0.084
121.50,DOWNWIND,108.88,103.04,31.53,0.00,-4.7,-0.3,10.9,-780.8,-1614,0.61,-0.072,-0.055,0.00,0,,396,0,969,781,0.02,31.5,1.00,-0.084
121.60,DOWNWIND,108.88,103.11,31.53,0.00,-4.7,-0.3,10.9,-780.8,-1617,0.61,-0.072,-0.055,0.00,0,,393,0,972,781,0.02,31.5,1.00,-0.084
121.70,DOWNWIND,108.88,103.17,31.53,0.00,-4.7,-0.3,10.9,-780.8,-1620,0.61,-0.072,-0.055,0.00,0,,390,0,975,781,0.02,31.5,1.00,-0.084
121.80,DOWNWIND,108.88,103.24,31.53,0.00,-4.7,-0.3,10.9,-780.8,-1623,0.61,-0.072,-0.055,0.00,0,,387,0,978,781,0.02,31.5,1.00,-0.084
121.90,DOWNWIND,108.88,103.30,31.53,0.00,-4.7,-0.3,10.9,-780.8,-1626,0.61,-0.072,-0.055,0.00,0,,384,0,981,781,0.02,31.5,1.00,-0.084
122.00,DOWNWIND,108.88,103.35,31.53,0.00,-4.7,-0.3,10.9,-780.8,-1629,0.61,-0.072,-0.055,0.00,0,,380,0,984,781,0.02,31.5,1.00,-0.084
122.10,DOWNWIND,108.88,103.40,31.53,0.00,-4.7,-0.3,10.9,-780.8,-1632,0.61,-0.072,-0.055,0.00,0,,377,0,987,781,0.02,31.5,1.00,-0.084
122.20,DOWNWIND,108.88,103.44,31.53,0.00,-4.7,-0.3,10.9,-780.8,-1635,0.61,-0.072,-0.055,0.00,0,,374,0,990,781,0.02,31.5,1.00,-0.084
122.30,DOWNWIND,108.88,103.47,31.53,0.00,-4.7,-0.3,10.9,-780.8,-1639,0.61,-0.072,-0.055,0.00,0,,371,0,994,781,0.02,31.5,1.00,-0.084
122.40,DOWNWIND,108.88,103.48,31.53,0.00,-4.7,-0.3,10.9,-780.8,-1642,0.61,-0.072,-0.055,0.00,0,,368,0,997,781,0.02,31.5,1.00,-0.084
122.50,DOWNWIND,108.88,103.49,31.53,0.00,-4.7,-0.3,10.9,-780.8,-1645,0.61,-0.073,-0.055,0.00,0,,365,0,1000,781,0.02,31.5,1.00,-0.084
122.60,DOWNWIND,108.88,103.47,31.53,0.00,-4.7,-0.3,10.9,-780.8,-1648,0.61,-0.073,-0.054,0.00,0,,362,0,1003,781,0.02,31.5,1.00,-0.084
122.70,DOWNWIND,108.88,103.45,31.53,0.00,-4.7,-0.4,10.9,-780.8,-1651,0.61,-0.073,-0.055,0.00,0,,359,0,1006,781,0.02,31.5,1.00,-0.084
122.80,DOWNWIND,108.88,103.41,31.53,0.00,-4.7,-0.4,10.8,-780.8,-1654,0.61,-0.073,-0.054,0.00,0,,356,0,1009,781,0.02,31.5,1.00,-0.084
122.90,DOWNWIND,108.88,103.36,31.53,0.00,-4.7,-0.5,10.8,-780.8,-1657,0.61,-0.073,-0.055,0.00,0,,353,0,1012,781,0.02,31.5,1.00,-0.084
123.00,DOWNWIND,108.88,103.31,31.53,0.00,-4.7,-0.6,10.8,-780.8,-1660,0.61,-0.073,-0.054,0.00,0,,350,0,1015,781,0.02,31.5,1.00,-0.084
123.10,DOWNWIND,108.88,103.25,31.53,0.00,-4.7,-0.7,10.8,-780.8,-1663,0.61,-0.073,-0.053,0.00,0,,346,0,1018,781,0.02,31.5,1.00,-0.084
123.20,DOWNWIND,108.88,103.20,31.53,-0.00,-4.7,-0.9,10.8,-780.8,-1666,0.61,-0.073,-0.054,0.00,0,,343,0,1021,781,0.02,31.5,1.00,-0.084
123.30,DOWNWIND,108.88,103.13,31.53,-0.00,-4.7,-1.0,10.7,-780.8,-1669,0.61,-0.073,-0.053,0.00,0,,340,0,1024,781,0.02,31.5,1.00,-0.084
123.40,DOWNWIND,108.88,103.06,31.53,-0.00,-4.7,-1.2,10.7,-780.8,-1673,0.61,-0.073,-0.053,0.00,0,,337,0,1028,781,0.02,31.5,1.00,-0.084
123.50,DOWNWIND,108.88,102.98,31.53,-0.01,-4.7,-1.5,10.7,-780.8,-1676,0.61,-0.073,-0.054,0.00,0,,334,0,1031,781,0.02,31.5,1.00,-0.084
123.60,DOWNWIND,108.88,102.90,31.53,-0.01,-4.7,-1.7,10.6,-780.8,-1679,0.61,-0.073,-0.052,0.00,0,,331,0,1034,781,0.02,31.5,1.00,-0.084
123.70,DOWNWIND,108.88,102.80,31.53,-0.01,-4.6,-1.9,10.6,-780.8,-1682,0.61,-0.073,-0.054,0.00,0,,328,0,1037,781,0.02,31.5,1.00,-0.084
123.80,DOWNWIND,108.88,102.71,31.53,-0.01,-4.6,-2.2,10.6,-780.8,-1685,0.61,-0.073,-0.053,0.00,0,,325,0,1040,781,0.02,31.5,1.00,-0.083
123.90,DOWNWIND,108.88,102.60,31.53,-0.02,-4.6,-2.5,10.5,-780.8,-1688,0.61,-0.074,-0.052,0.00,0,,322,0,1043,781,0.02,31.5,1.00,-0.083
124.00,DOWNWIND,108.88,102.49,31.53,-0.02,-4.6,-2.8,10.5,-780.8,-1691,0.61,-0.074,-0.053,0.00,0,,319,0,1046,781,0.02,31.5,1.00,-0.083
124.10,DOWNWIND,108.87,102.37,31.53,-0.02,-4.6,-3.1,10.5,-780.8,-1694,0.61,-0.074,-0.052,0.00,0,,316,0,1049,781,0.02,31.5,1.00,-0.083
124.20,DOWNWIND,108.87,102.25,31.53,-0.03,-4.6,-3.4,10.5,-780.7,-1697,0.61,-0.074,-0.054,0.00,0,,312,0,1052,781,0.02,31.5,1.00,-0.083
124.30,DOWNWIND,108.87,102.12,31.53,-0.03,-4.6,-3.7,10.5,-780.7,-1700,0.61,-0.074,-0.053,0.00,0,,309,0,1055,781,0.02,31.5,1.00,-0.082
124.40,DOWNWIND,108.86,101.98,31.53,-0.04,-4.6,-4.1,10.5,-780.7,-1703,0.61,-0.074,-0.052,0.00,0,,306,0,1058,781,0.02,31.5,1.00,-0.082
124.50,DOWNWIND,108.86,101.84,31.54,-0.05,-4.6,-4.4,10.6,-780.6,-1706,0.61,-0.074,-0.053,0.00,0,,303,0,1061,781,0.02,31.5,1.00,-0.082
124.60,DOWNWIND,108.85,101.69,31.54,-0.05,-4.6,-4.8,10.6,-780.6,-1710,0.61,-0.074,-0.053,0.00,0,,300,0,1065,781,0.02,31.5,1.00,-0.081
124.70,DOWNWIND,108.85,101.54,31.54,-0.06,-4.6,-5.2,10.7,-780.5,-1713,0.61,-0.074,-0.053,0.00,0,,297,0,1068,781,0.02,31.5,1.00,-0.081
124.80,DOWNWIND,108.84,101.39,31.54,-0.07,-4.5,-5.6,10.8,-780.5,-1716,0.61,-0.073,-0.054,0.00,0,,294,0,1071,780,0.02,31.5,1.00,-0.081
124.90,DOWNWIND,108.84,101.23,31.54,-0.07,-4.5,-6.0,10.8,-780.4,-1719,0.61,-0.073,-0.052,0.00,0,,291,0,1074,780,0.03,31.5,1.00,-0.080
125.00,DOWNWIND,108.83,101.06,31.54,-0.08,-4.5,-6.4,11.0,-780.3,-1722,0.61,-0.073,-0.055,0.00,0,,288,0,1077,780,0.03,31.5,1.00,-0.080
125.10,DOWNWIND,108.82,100.90,31.55,-0.09,-4.5,-6.8,11.1,-780.2,-1725,0.61,-0.073,-0.054,0.00,0,,285,0,1080,780,0.03,31.5,1.00,-0.079
125.20,DOWNWIND,108.81,100.72,31.55,-0.10,-4.5,-7.2,11.2,-780.1,-1728,0.61,-0.073,-0.053,0.00,0,,282,0,1083,780,0.03,31.5,1.00,-0.079
125.30,DOWNWIND,108.80,100.54,31.55,-0.11,-4.5,-7.7,11.4,-780.0,-1731,0.61,-0.072,-0.055,0.00,0,,279,0,1086,780,0.03,31.5,1.00,-0.078
125.40,DOWNWIND,108.79,100.35,31.55,-0.11,-4.5,-8.0,11.5,-779.9,-1734,0.61,-0.072,-0.054,0.00,1,,276,0,1089,780,0.04,31.5,1.00,-0.077
125.50,DOWNWIND,108.78,100.15,31.56,-0.12,-4.4,-8.5,11.7,-779.8,-1737,0.61,-0.072,-0.056,0.00,1,,272,0,1092,780,0.04,31.5,1.00,-0.077
125.60,DOWNWIND,108.77,99.95,31.56,-0.13,-4.4,-8.9,11.9,-779.6,-1740,0.61,-0.071,-0.055,0.00,1,,269,0,1095,780,0.04,31.5,1.00,-0.076
125.70,DOWNWIND,108.75,99.75,31.56,-0.14,-4.4,-9.3,12.1,-779.5,-1743,0.61,-0.072,-0.054,0.00,1,,266,0,1098,779,0.04,31.5,1.00,-0.076
125.80,DOWNWIND,108.74,99.55,31.57,-0.15,-4.4,-9.7,12.3,-779.3,-1746,0.61,-0.071,-0.056,0.00,1,,263,0,1101,779,0.05,31.5,1.00,-0.075
125.90,DOWNWIND,108.72,99.34,31.57,-0.15,-4.4,-10.1,12.6,-779.1,-1749,0.61,-0.071,-0.055,0.00,1,,260,0,1104,779,0.05,31.5,1.00,-0.074
126.00,DOWNWIND,108.71,99.13,31.58,-0.16,-4.4,-10.5,12.8,-778.9,-1753,0.61,-0.071,-0.055,0.00,1,,257,0,1108,779,0.05,31.5,1.00,-0.073
126.10,DOWNWIND,108.69,98.92,31.58,-0.17,-4.3,-10.9,13.1,-778.7,-1756,0.61,-0.070,-0.057,0.00,2,,254,0,1111,779,0.06,31.5,1.00,-0.073
126.20,DOWNWIND,108.67,98.71,31.58,-0.18,-4.3,-11.2,13.3,-778.5,-1759,0.61,-0.070,-0.055,0.00,2,,251,0,1114,778,0.06,31.5,1.00,-0.072
126.30,DOWNWIND,108.66,98.50,31.59,-0.19,-4.3,-11.6,13.3,-778.2,-1762,0.61,-0.069,-0.043,0.00,2,,248,0,1117,778,0.06,31.5,1.00,-0.071
126.40,DOWNWIND,108.64,98.29,31.59,-0.19,-4.3,-12.0,13.0,-778.0,-1765,0.61,-0.068,-0.024,0.00,2,,245,0,1120,778,0.07,31.5,1.00,-0.070
126.50,DOWNWIND,108.62,98.08,31.60,-0.20,-4.3,-12.4,12.6,-777.7,-1768,0.61,-0.067,-0.017,0.00,3,,242,0,1123,778,0.07,31.5,1.00,-0.069
126.60,DOWNWIND,108.60,97.88,31.60,-0.20,-4.3,-12.7,12.4,-777.4,-1771,0.61,-0.065,-0.017,0.00,3,,239,0,1126,777,0.07,31.5,1.00,-0.069
126.70,BASE,108.58,97.68,31.60,-0.21,-4.3,-13.1,12.2,-777.0,-1774,0.05,-0.055,-0.017,0.00,236,,777,0,1129,777,0.08,25.5,0.99,0.051
126.80,BASE,108.56,97.48,31.49,-0.26,-4.3,-13.5,12.0,-776.7,-1777,0.05,0.000,-0.020,0.00,233,,777,0,1132,777,0.08,25.5,0.94,0.044
126.90,BASE,108.53,97.29,31.37,-0.30,-4.1,-13.8,12.0,-776.3,-1780,0.05,0.034,-0.021,0.00,230,,776,0,1135,776,0.09,25.5,0.89,0.038
127.00,BASE,108.50,97.10,31.26,-0.27,-3.8,-14.2,11.9,-776.0,-1783,0.05,-0.008,-0.027,0.00,227,,776,0,1138,776,0.09,25.5,0.84,0.032
127.10,BASE,108.48,96.92,31.14,-0.18,-3.4,-14.4,12.0,-775.6,-1786,0.05,-0.033,-0.033,0.00,224,,776,0,1141,776,0.10,25.5,0.79,0.024
127.20,BASE,108.46,96.76,31.01,-0.08,-3.2,-14.5,12.0,-775.2,-1789,0.05,-0.034,-0.035,0.00,221,,775,0,1144,775,0.10,25.5,0.74,0.014
127.30,BASE,108.46,96.62,30.89,0.00,-3.2,-14.7,11.9,-774.7,-1791,0.05,-0.026,-0.040,0.00,218,,775,0,1146,775,0.10,25.5,0.69,0.005
127.40,BASE,108.46,96.49,30.77,0.05,-3.2,-14.9,11.8,-774.3,-1794,0.05,-0.019,-0.041,0.00,215,,774,0,1149,774,0.10,25.5,0.64,-0.003
127.50,BASE,108.46,96.38,30.64,0.08,-3.2,-15.0,11.6,-773.8,-1797,0.05,-0.020,-0.039,0.00,213,,774,0,1152,774,0.10,25.5,0.59,-0.010
127.60,BASE,108.47,96.27,30.52,0.10,-3.2,-15.1,11.5,-773.3,-1800,0.05,-0.024,-0.043,0.00,210,,773,0,1155,773,0.10,25.5,0.54,-0.016
127.70,BASE,108.48,96.17,30.40,0.10,-3.2,-15.2,11.3,-772.8,-1803,0.05,-0.026,-0.045,0.00,207,,773,0,1158,773,0.10,25.5,0.50,-0.021
127.80,BASE,108.49,96.08,30.27,0.08,-3.2,-15.3,11.1,-772.2,-1806,0.05,-0.024,-0.046,0.00,204,,772,0,1161,772,0.10,25.5,0.50,-0.021
127.90,BASE,108.50,96.00,30.16,0.06,-3.3,-15.3,10.9,-771.6,-1808,0.05,-0.021,-0.045,0.00,201,,772,0,1163,772,0.09,25.5,0.50,-0.021
128.00,BASE,108.50,95.92,30.04,0.03,-3.3,-15.3,10.7,-771.1,-1811,0.05,-0.021,-0.044,0.00,199,,771,0,1166,771,0.09,25.5,0.50,-0.021
128.10,BASE,108.51,95.84,29.92,-0.01,-3.3,-15.3,10.4,-770.5,-1814,0.05,-0.022,-0.046,0.00,196,,770,0,1169,770,0.09,25.5,0.50,-0.022
128.20,BASE,108.50,95.77,29.81,-0.04,-3.3,-15.4,10.2,-769.9,-1817,0.05,-0.023,-0.043,0.00,193,,770,0,1172,770,0.09,25.5,0.50,-0.022
128.30,BASE,108.50,95.70,29.70,-0.08,-3.4,-15.5,9.9,-769.2,-1819,0.05,-0.022,-0.046,0.00,190,,769,0,1174,769,0.09,25.5,0.50,-0.022
128.40,BASE,108.49,95.63,29.59,-0.13,-3.4,-15.5,9.7,-768.6,-1822,0.05,-0.020,-0.044,0.00,188,,769,0,1177,769,0.10,25.5,0.50,-0.022
128.50,BASE,108.47,95.56,29.48,-0.17,-3.4,-15.6,9.4,-767.9,-1825,0.05,-0.019,-0.048,0.00,185,,768,0,1180,768,0.10,25.5,0.50,-0.021
128.60,BASE,108.46,95.48,29.38,-0.22,-3.4,-15.5,9.2,-767.2,-1827,0.05,-0.016,-0.046,0.00,183,,767,0,1182,767,0.10,25.5,0.50,-0.020
128.70,BASE,108.43,95.41,29.27,-0.27,-3.5,-15.5,9.0,-766.5,-1830,0.05,-0.015,-0.047,0.00,180,,766,0,1185,766,0.11,25.5,0.50,-0.019
128.80,BASE,108.40,95.33,29.17,-0.32,-3.5,-15.5,8.8,-765.8,-1832,0.05,-0.014,-0.046,0.00,177,,766,0,1187,766,0.11,25.5,0.50,-0.018
128.90,BASE,108.37,95.25,29.07,-0.36,-3.5,-15.5,8.7,-765.0,-1835,0.05,-0.012,-0.046,0.00,175,,765,0,1190,765,0.12,25.5,0.50,-0.017
129.00,BASE,108.33,95.17,28.97,-0.40,-3.5,-15.6,8.5,-764.3,-1837,0.05,-0.010,-0.047,0.00,172,,764,0,1192,764,0.13,25.5,0.50,-0.016
129.10,BASE,108.29,95.08,28.88,-0.45,-3.6,-15.6,8.4,-763.5,-1840,0.05,-0.008,-0.045,0.00,170,,763,0,1195,763,0.14,25.5,0.50,-0.014
129.20,BASE,108.25,94.99,28.78,-0.49,-3.6,-15.7,8.3,-762.7,-1842,0.05,-0.006,-0.049,0.00,167,,763,0,1197,763,0.14,25.5,0.50,-0.013
129.30,BASE,108.20,94.90,28.69,-0.52,-3.6,-15.7,8.2,-761.9,-1845,0.05,-0.005,-0.049,0.00,165,,762,0,1200,762,0.15,25.5,0.50,-0.011
129.40,BASE,108.14,94.81,28.60,-0.56,-3.6,-15.6,8.2,-761.0,-1847,0.05,-0.002,-0.050,0.00,162,,761,0,1202,761,0.17,25.5,0.50,-0.009
129.50,BASE,108.09,94.72,28.51,-0.59,-3.6,-15.6,8.1,-760.2,-1850,0.05,0.000,-0.049,0.00,160,,760,0,1205,760,0.18,25.5,0.50,-0.008
129.60,BASE,108.03,94.62,28.42,-0.61,-3.6,-15.6,8.1,-759.3,-1852,0.05,0.001,-0.051,0.00,158,,759,0,1207,759,0.19,25.5,0.50,-0.006
129.70,BASE,107.96,94.52,28.33,-0.64,-3.6,-15.6,8.1,-758.5,-1855,0.05,0.003,-0.050,0.00,155,,758,0,1210,758,0.20,25.5,0.50,-0.005
129.80,BASE,107.90,94.42,28.25,-0.66,-3.6,-15.6,8.1,-757.6,-1857,0.05,0.004,-0.053,0.00,153,,758,0,1212,758,0.21,25.5,0.50,-0.003
129.90,BASE,107.83,94.31,28.16,-0.68,-3.6,-15.6,8.1,-756.6,-1859,0.06,0.005,-0.051,0.00,150,,757,0,1214,757,0.23,25.5,0.52,-0.002
130.00,BASE,107.77,94.20,28.08,-0.69,-3.6,-15.6,8.2,-755.7,-1862,0.09,0.006,-0.054,0.00,148,,756,0,1217,756,0.24,25.5,0.57,-0.001
130.10,BASE,107.70,94.09,28.01,-0.70,-3.6,-15.6,8.2,-754.7,-1864,0.12,0.004,-0.056,0.00,146,,755,0,1219,755,0.25,25.5,0.62,-0.001
130.20,BASE,107.63,93.97,27.94,-0.70,-3.6,-15.5,8.2,-753.8,-1866,0.15,0.003,-0.056,0.00,144,,754,0,1221,754,0.27,25.5,0.67,-0.001
130.30,BASE,107.56,93.86,27.89,-0.70,-3.6,-15.4,8.3,-752.8,-1868,0.17,0.002,-0.055,0.00,141,,753,0,1223,753,0.28,25.5,0.72,-0.001
130.40,BASE,107.49,93.73,27.83,-0.70,-3.5,-15.3,8.3,-751.8,-1871,0.19,0.001,-0.056,0.00,139,,752,0,1226,752,0.30,25.5,0.77,-0.002
130.50,BASE,107.42,93.61,27.78,-0.69,-3.5,-15.2,8.3,-750.8,-1873,0.21,0.000,-0.055,0.00,137,,751,0,1228,751,0.31,25.5,0.82,-0.002
130.60,BASE,107.35,93.48,27.73,-0.68,-3.5,-15.1,8.3,-749.7,-1875,0.23,-0.001,-0.057,0.00,135,,750,0,1230,750,0.32,25.5,0.87,-0.002
130.70,BASE,107.28,93.36,27.69,-0.66,-3.4,-15.0,8.4,-748.7,-1877,0.24,-0.002,-0.054,0.00,133,,749,0,1232,749,0.34,25.5,0.92,-0.002
130.80,BASE,107.21,93.23,27.65,-0.65,-3.4,-15.0,8.4,-747.6,-1879,0.26,-0.002,-0.056,0.00,130,,748,0,1234,748,0.35,25.5,0.97,-0.002
130.90,BASE,107.15,93.10,27.61,-0.64,-3.4,-14.9,8.4,-746.5,-1881,0.27,-0.003,-0.053,0.00,128,,746,0,1236,746,0.36,25.5,1.00,-0.002
131.00,BASE,107.09,92.97,27.58,-0.62,-3.3,-14.8,8.4,-745.4,-1884,0.28,-0.002,-0.055,0.00,126,,745,0,1239,745,0.38,25.5,1.00,-0.000
131.10,BASE,107.03,92.84,27.55,-0.61,-3.3,-14.7,8.3,-744.2,-1886,0.30,-0.002,-0.052,0.00,124,,744,0,1241,744,0.39,25.5,1.00,0.001
131.20,BASE,106.97,92.71,27.52,-0.59,-3.2,-14.7,8.3,-743.1,-1888,0.31,-0.002,-0.054,0.00,122,,743,0,1243,743,0.40,25.5,1.00,0.003
131.30,BASE,106.91,92.58,27.49,-0.57,-3.2,-14.6,8.3,-741.9,-1890,0.32,-0.003,-0.054,0.00,120,,742,0,1245,742,0.41,25.5,1.00,0.004
131.40,BASE,106.85,92.45,27.46,-0.55,-3.1,-14.4,8.3,-740.7,-1892,0.33,-0.003,-0.053,0.00,118,,741,0,1247,741,0.42,25.5,1.00,0.006
131.50,BASE,106.80,92.33,27.44,-0.52,-3.0,-14.2,8.3,-739.5,-1894,0.33,-0.002,-0.050,0.00,116,,740,0,1249,740,0.43,25.5,1.00,0.007
131.60,BASE,106.75,92.20,27.41,-0.49,-3.0,-14.1,8.3,-738.3,-1896,0.34,-0.003,-0.051,0.00,114,,738,0,1251,738,0.44,25.5,1.00,0.008
131.70,BASE,106.70,92.08,27.39,-0.46,-2.9,-13.9,8.2,-737.1,-1898,0.35,-0.003,-0.049,0.00,112,,737,0,1253,737,0.45,25.5,1.00,0.009
131.80,BASE,106.65,91.96,27.36,-0.43,-2.8,-13.9,8.3,-735.8,-1900,0.36,-0.003,-0.050,0.00,110,,736,0,1255,736,0.46,25.5,1.00,0.010
131.90,BASE,106.61,91.85,27.34,-0.40,-2.7,-13.7,8.2,-734.5,-1902,0.36,-0.004,-0.048,0.00,108,,735,0,1257,735,0.47,25.5,1.00,0.011
132.00,BASE,106.57,91.75,27.32,-0.36,-2.7,-13.6,8.3,-733.3,-1904,0.37,-0.004,-0.048,0.00,106,,733,0,1259,733,0.48,25.5,1.00,0.012
132.10,BASE,106.54,91.65,27.29,-0.33,-2.6,-13.5,8.3,-732.0,-1905,0.37,-0.004,-0.049,0.00,104,,732,0,1260,732,0.49,25.5,1.00,0.013
132.20,BASE,106.50,91.56,27.27,-0.29,-2.5,-13.4,8.3,-730.6,-1907,0.38,-0.005,-0.047,0.00,102,,731,0,1262,731,0.49,25.5,1.00,0.013
132.30,BASE,106.48,91.48,27.25,-0.26,-2.5,-13.4,8.3,-729.3,-1909,0.38,-0.005,-0.048,0.00,100,,729,0,1264,729,0.50,25.5,1.00,0.013
132.40,BASE,106.45,91.40,27.23,-0.22,-2.4,-13.2,8.3,-728.0,-1911,0.39,-0.006,-0.045,0.00,99,,728,0,1266,728,0.50,25.5,1.00,0.014
132.50,BASE,106.43,91.34,27.21,-0.18,-2.3,-13.2,8.3,-726.6,-1913,0.39,-0.006,-0.047,0.00,97,,727,0,1268,727,0.51,25.5,1.00,0.014
132.60,BASE,106.41,91.29,27.18,-0.15,-2.2,-13.1,8.3,-725.2,-1915,0.40,-0.007,-0.044,0.00,95,,725,0,1270,725,0.51,25.5,1.00,0.014
132.70,BASE,106.40,91.25,27.16,-0.11,-2.2,-13.0,8.3,-723.9,-1916,0.40,-0.007,-0.045,0.00,93,,724,0,1271,724,0.51,25.5,1.00,0.014
132.80,BASE,106.39,91.22,27.14,-0.08,-2.1,-12.9,8.3,-722.5,-1918,0.41,-0.008,-0.043,0.00,91,,722,0,1273,722,0.52,25.5,1.00,0.014
132.90,BASE,106.38,91.20,27.12,-0.05,-2.1,-12.9,8.3,-721.0,-1920,0.41,-0.009,-0.044,0.00,90,,721,0,1275,721,0.52,25.5,1.00,0.014
133.00,BASE,106.38,91.19,27.10,-0.01,-2.0,-12.8,8.2,-719.6,-1922,0.42,-0.009,-0.042,0.00,88,,720,0,1277,720,0.52,25.5,1.00,0.013
133.10,BASE,106.38,91.20,27.07,0.02,-1.9,-12.7,8.2,-718.2,-1923,0.42,-0.010,-0.044,0.00,86,,718,0,1278,718,0.52,25.5,1.00,0.013
133.20,BASE,106.38,91.23,27.05,0.05,-1.9,-12.5,8.2,-716.7,-1925,0.42,-0.010,-0.042,0.00,85,,717,0,1280,717,0.52,25.5,1.00,0.013
133.30,BASE,106.39,91.26,27.03,0.08,-1.8,-12.3,8.2,-715.3,-1927,0.43,-0.011,-0.042,0.00,83,,715,0,1282,715,0.52,25.5,1.00,0.012
133.40,BASE,106.40,91.31,27.01,0.10,-1.8,-12.2,8.2,-713.8,-1928,0.43,-0.011,-0.042,0.00,81,,714,0,1283,714,0.51,25.5,1.00,0.012
133.50,BASE,106.41,91.37,26.99,0.13,-1.8,-12.1,8.2,-712.3,-1930,0.43,-0.012,-0.040,0.00,80,,712,0,1285,712,0.51,25.5,1.00,0.012
133.60,BASE,106.42,91.43,26.97,0.16,-1.7,-12.0,8.2,-710.8,-1932,0.44,-0.013,-0.041,0.00,78,,711,0,1287,711,0.51,25.5,1.00,0.011
133.70,BASE,106.44,91.50,26.94,0.18,-1.7,-11.9,8.2,-709.3,-1933,0.44,-0.013,-0.039,0.00,76,,709,0,1288,709,0.51,25.5,1.00,0.010
133.80,BASE,106.46,91.58,26.92,0.21,-1.6,-11.8,8.1,-707.8,-1935,0.44,-0.014,-0.040,0.00,75,,708,0,1290,708,0.50,25.5,1.00,0.010
133.90,BASE,106.48,91.67,26.90,0.23,-1.6,-11.7,8.1,-706.2,-1936,0.44,-0.015,-0.037,0.00,73,,706,0,1291,706,0.50,25.5,1.00,0.009
134.00,BASE,106.50,91.76,26.88,0.25,-1.6,-11.6,8.1,-704.7,-1938,0.45,-0.015,-0.038,0.00,72,,705,0,1293,705,0.49,25.5,1.00,0.008
134.10,BASE,106.53,91.85,26.86,0.27,-1.6,-11.5,8.0,-703.1,-1939,0.45,-0.016,-0.037,0.00,70,,703,0,1294,703,0.49,25.5,1.00,0.008
134.20,BASE,106.55,91.94,26.84,0.28,-1.5,-11.5,8.0,-701.6,-1941,0.45,-0.016,-0.037,0.00,69,,702,0,1296,702,0.48,25.5,1.00,0.007
134.30,BASE,106.58,92.04,26.82,0.30,-1.5,-11.4,7.9,-700.0,-1942,0.45,-0.017,-0.038,0.00,67,,700,0,1297,700,0.48,25.5,1.00,0.007
134.40,BASE,106.61,92.14,26.80,0.31,-1.5,-11.3,7.9,-698.4,-1944,0.46,-0.018,-0.035,0.00,66,,698,0,1299,698,0.47,25.5,1.00,0.006
134.50,BASE,106.64,92.23,26.78,0.32,-1.5,-11.3,7.8,-696.8,-1945,0.46,-0.018,-0.036,0.00,64,,697,0,1300,697,0.46,25.5,1.00,0.005
134.60,BASE,106.68,92.32,26.76,0.33,-1.5,-11.2,7.7,-695.2,-1947,0.46,-0.019,-0.034,0.00,63,,695,0,1302,695,0.46,25.5,1.00,0.005
134.70,BASE,106.71,92.42,26.74,0.34,-1.4,-11.2,7.6,-693.6,-1948,0.46,-0.019,-0.035,0.00,62,,694,0,1303,694,0.45,25.5,1.00,0.004
134.80,BASE,106.74,92.51,26.72,0.35,-1.4,-11.1,7.5,-692.0,-1950,0.47,-0.019,-0.033,0.00,60,,692,0,1305,692,0.44,25.5,1.00,0.004
134.90,BASE,106.78,92.59,26.70,0.35,-1.4,-11.0,7.5,-690.4,-1951,0.47,-0.019,-0.033,0.00,59,,690,0,1306,690,0.44,25.5,1.00,0.003
135.00,BASE,106.82,92.68,26.68,0.36,-1.4,-11.0,7.4,-688.8,-1952,0.47,-0.020,-0.034,0.00,57,,689,0,1307,689,0.43,25.5,1.00,0.002
135.10,BASE,106.85,92.76,26.66,0.36,-1.4,-10.9,7.3,-687.1,-1954,0.47,-0.020,-0.031,0.00,56,,687,0,1309,687,0.42,25.5,1.00,0.002
135.20,BASE,106.89,92.84,26.65,0.37,-1.4,-10.9,7.2,-685.5,-1955,0.47,-0.020,-0.034,0.00,55,,685,0,1310,685,0.42,25.5,1.00,0.002
135.30,BASE,106.92,92.92,26.63,0.37,-1.4,-10.8,7.1,-683.8,-1956,0.47,-0.020,-0.032,0.00,53,,684,0,1311,684,0.41,25.5,1.00,0.001
135.40,BASE,106.96,92.99,26.61,0.37,-1.4,-10.6,7.0,-682.2,-1958,0.48,-0.020,-0.032,0.00,52,,682,0,1313,682,0.40,25.5,1.00,0.001
135.50,BASE,107.00,93.07,26.60,0.37,-1.4,-10.5,7.0,-680.5,-1959,0.48,-0.020,-0.030,0.00,51,,681,0,1314,681,0.39,25.5,1.00,0.000
135.60,BASE,107.04,93.14,26.58,0.37,-1.4,-10.4,6.9,-678.8,-1960,0.48,-0.021,-0.030,0.00,50,,679,0,1315,679,0.39,25.5,1.00,-0.000
135.70,BASE,107.07,93.21,26.56,0.37,-1.4,-10.4,6.9,-677.2,-1961,0.48,-0.021,-0.030,0.00,48,,677,0,1316,677,0.38,25.5,1.00,-0.001
135.80,BASE,107.11,93.28,26.55,0.38,-1.4,-10.3,6.8,-675.5,-1963,0.48,-0.021,-0.029,0.00,47,,675,0,1318,675,0.37,25.5,1.00,-0.001
135.90,BASE,107.15,93.36,26.53,0.38,-1.4,-10.3,6.7,-673.8,-1964,0.48,-0.021,-0.030,0.00,46,,674,0,1319,674,0.36,25.5,1.00,-0.002
136.00,BASE,107.19,93.43,26.52,0.38,-1.4,-10.2,6.7,-672.1,-1965,0.48,-0.021,-0.028,0.00,45,,672,0,1320,672,0.36,25.5,1.00,-0.002
136.10,BASE,107.22,93.51,26.50,0.38,-1.4,-10.2,6.6,-670.4,-1966,0.48,-0.022,-0.029,0.00,44,,670,0,1321,670,0.35,25.5,1.00,-0.002
136.20,BASE,107.26,93.58,26.49,0.38,-1.4,-10.1,6.5,-668.6,-1967,0.48,-0.022,-0.029,0.00,42,,669,0,1322,669,0.34,25.5,1.00,-0.003
136.30,BASE,107.30,93.66,26.47,0.38,-1.4,-10.1,6.5,-666.9,-1968,0.48,-0.022,-0.028,0.00,41,,667,0,1323,667,0.33,25.5,1.00,-0.003
136.40,BASE,107.34,93.75,26.46,0.38,-1.4,-10.1,6.4,-665.2,-1970,0.48,-0.022,-0.029,0.00,40,,665,0,1325,665,0.33,25.5,1.00,-0.004
136.50,BASE,107.38,93.83,26.45,0.38,-1.4,-10.0,6.3,-663.5,-1971,0.48,-0.023,-0.026,0.00,39,,663,0,1326,663,0.32,25.5,1.00,-0.004
136.60,BASE,107.41,93.92,26.43,0.38,-1.4,-10.0,6.2,-661.7,-1972,0.49,-0.023,-0.027,0.00,38,,662,0,1327,662,0.31,25.5,1.00,-0.005
136.70,BASE,107.45,94.00,26.42,0.37,-1.4,-9.9,6.1,-660.0,-1973,0.49,-0.023,-0.026,0.00,37,,660,0,1328,660,0.30,25.5,1.00,-0.005
136.80,BASE,107.49,94.07,26.41,0.37,-1.4,-9.9,6.0,-658.2,-1974,0.49,-0.023,-0.026,0.00,36,,658,0,1329,658,0.30,25.5,1.00,-0.005
136.90,BASE,107.52,94.15,26.40,0.37,-1.4,-9.9,5.9,-656.5,-1975,0.49,-0.023,-0.027,0.00,35,,656,0,1330,656,0.29,25.5,1.00,-0.006
137.00,BASE,107.56,94.22,26.38,0.36,-1.4,-9.9,5.8,-654.7,-1976,0.49,-0.023,-0.024,0.00,34,,655,0,1331,655,0.28,25.5,1.00,-0.006
137.10,BASE,107.60,94.28,26.37,0.36,-1.4,-9.9,5.7,-652.9,-1977,0.49,-0.023,-0.025,0.00,33,,653,0,1332,653,0.27,25.5,1.00,-0.006
137.20,BASE,107.63,94.34,26.36,0.36,-1.4,-9.8,5.6,-651.2,-1978,0.49,-0.024,-0.023,0.00,32,,651,0,1333,651,0.27,25.5,1.00,-0.007
137.30,BASE,107.67,94.40,26.35,0.35,-1.4,-9.8,5.5,-649.4,-1979,0.49,-0.023,-0.024,0.00,31,,649,0,1334,649,0.26,25.5,1.00,-0.007
137.40,BASE,107.70,94.46,26.34,0.35,-1.4,-9.8,5.4,-647.6,-1980,0.49,-0.024,-0.024,0.00,30,,648,0,1335,648,0.25,25.5,1.00,-0.007
137.50,BASE,107.74,94.51,26.33,0.34,-1.4,-9.7,5.3,-645.8,-1981,0.49,-0.023,-0.022,0.00,29,,646,0,1336,646,0.25,25.5,1.00,-0.007
137.60,BASE,107.77,94.56,26.32,0.34,-1.5,-9.7,5.2,-644.0,-1982,0.49,-0.024,-0.023,0.00,28,,644,0,1337,644,0.24,25.5,1.00,-0.008
137.70,BASE,107.81,94.60,26.31,0.33,-1.5,-9.7,5.1,-642.2,-1983,0.49,-0.024,-0.021,0.00,27,,642,0,1338,642,0.23,25.5,1.00,-0.008
137.80,BASE,107.84,94.65,26.30,0.33,-1.5,-9.7,5.0,-640.4,-1984,0.49,-0.023,-0.022,0.00,26,,640,0,1339,640,0.23,25.5,1.00,-0.008
137.90,BASE,107.87,94.69,26.29,0.32,-1.5,-9.7,4.9,-638.6,-1984,0.49,-0.024,-0.022,0.00,25,,639,0,1339,639,0.22,25.5,1.00,-0.008
138.00,BASE,107.90,94.73,26.28,0.32,-1.5,-9.7,4.8,-636.8,-1985,0.49,-0.024,-0.021,0.00,24,,637,0,1340,637,0.21,25.5,1.00,-0.008
138.10,BASE,107.94,94.77,26.27,0.31,-1.5,-9.7,4.7,-635.0,-1986,0.49,-0.024,-0.022,0.00,24,,635,0,1341,635,0.21,25.5,1.00,-0.009
138.20,BASE,107.97,94.80,26.26,0.31,-1.5,-9.6,4.6,-633.2,-1987,0.49,-0.024,-0.019,0.00,23,,633,0,1342,633,0.20,25.5,1.00,-0.009
138.30,BASE,108.00,94.84,26.25,0.31,-1.5,-9.6,4.5,-631.4,-1988,0.49,-0.024,-0.020,0.00,22,,631,0,1343,631,0.19,25.5,1.00,-0.009
138.40,BASE,108.03,94.88,26.24,0.30,-1.5,-9.6,4.4,-629.5,-1989,0.49,-0.024,-0.021,0.00,21,,630,0,1344,630,0.19,25.5,1.00,-0.009
138.50,BASE,108.06,94.92,26.23,0.30,-1.5,-9.6,4.3,-627.7,-1989,0.49,-0.024,-0.019,0.00,20,,628,0,1344,628,0.18,25.5,1.00,-0.010
138.60,BASE,108.09,94.96,26.22,0.30,-1.5,-9.6,4.3,-625.9,-1990,0.49,-0.024,-0.020,0.00,20,,626,0,1345,626,0.18,25.5,1.00,-0.010
138.70,BASE,108.12,95.00,26.21,0.29,-1.5,-9.5,4.2,-624.0,-1991,0.49,-0.025,-0.020,0.00,19,,624,0,1346,624,0.17,25.5,1.00,-0.010
138.80,BASE,108.15,95.05,26.20,0.29,-1.5,-9.5,4.1,-622.2,-1992,0.49,-0.024,-0.020,0.00,18,,622,0,1347,622,0.16,25.5,1.00,-0.010
138.90,BASE,108.18,95.10,26.19,0.29,-1.5,-9.3,4.0,-620.3,-1992,0.49,-0.024,-0.019,0.00,17,,620,0,1347,620,0.16,25.5,1.00,-0.011
139.00,BASE,108.20,95.14,26.19,0.29,-1.5,-9.3,4.0,-618.5,-1993,0.49,-0.024,-0.018,0.00,17,,618,0,1348,618,0.15,25.5,1.00,-0.011
139.10,BASE,108.23,95.20,26.18,0.29,-1.5,-9.2,3.9,-616.6,-1994,0.49,-0.025,-0.018,0.00,16,,617,0,1349,617,0.15,25.5,1.00,-0.011
139.20,BASE,108.26,95.25,26.17,0.29,-1.5,-9.1,3.9,-614.8,-1994,0.49,-0.025,-0.017,0.00,15,,615,0,1349,615,0.14,25.5,1.00,-0.012
139.30,BASE,108.29,95.31,26.16,0.29,-1.5,-9.1,3.8,-612.9,-1995,0.49,-0.026,-0.017,0.00,15,,613,0,1350,613,0.14,25.5,1.00,-0.012
139.40,BASE,108.32,95.37,26.15,0.29,-1.5,-9.1,3.7,-611.0,-1996,0.49,-0.026,-0.017,0.00,14,,611,0,1351,611,0.13,25.5,1.00,-0.012
139.50,BASE,108.35,95.43,26.14,0.29,-1.5,-9.0,3.7,-609.2,-1996,0.49,-0.026,-0.016,0.00,13,,609,0,1351,609,0.12,25.5,1.00,-0.013
139.60,BASE,108.38,95.50,26.14,0.29,-1.5,-9.0,3.6,-607.3,-1997,0.49,-0.027,-0.016,0.00,13,,607,0,1352,607,0.12,25.5,1.00,-0.013
139.70,BASE,108.40,95.57,26.13,0.29,-1.5,-9.0,3.5,-605.4,-1998,0.49,-0.027,-0.015,0.00,12,,605,0,1353,605,0.11,25.5,1.00,-0.014
139.80,BASE,108.43,95.65,26.12,0.29,-1.6,-8.9,3.4,-603.6,-1998,0.49,-0.027,-0.016,0.00,12,,604,0,1353,604,0.11,25.5,1.00,-0.014
139.90,BASE,108.46,95.73,26.11,0.29,-1.6,-8.9,3.3,-601.7,-1999,0.49,-0.028,-0.015,0.00,11,,602,0,1354,602,0.10,25.5,1.00,-0.015
140.00,BASE,108.49,95.82,26.10,0.29,-1.6,-8.9,3.2,-599.8,-1999,0.49,-0.028,-0.014,0.00,10,,600,0,1354,600,0.10,25.5,1.00,-0.015
140.10,BASE,108.52,95.92,26.09,0.29,-1.6,-8.8,3.1,-597.9,-2000,0.48,-0.029,-0.015,0.00,10,,598,0,1355,598,0.09,25.5,1.00,-0.016
140.20,BASE,108.55,96.02,26.09,0.28,-1.6,-8.8,3.0,-596.0,-2000,0.48,-0.029,-0.013,0.00,9,,596,0,1355,596,0.08,25.5,1.00,-0.016
140.30,BASE,108.58,96.12,26.08,0.28,-1.6,-8.7,2.9,-594.2,-2001,0.48,-0.029,-0.013,0.00,9,,594,0,1356,594,0.08,25.5,1.00,-0.016
140.40,BASE,108.60,96.23,26.07,0.28,-1.6,-8.7,2.7,-592.3,-2001,0.48,-0.030,-0.013,0.00,8,,592,0,1356,592,0.07,25.5,1.00,-0.017
140.50,BASE,108.63,96.34,26.06,0.28,-1.6,-8.6,2.6,-590.4,-2002,0.48,-0.030,-0.012,0.00,8,,590,0,1357,590,0.07,25.5,1.00,-0.017
140.60,BASE,108.66,96.46,26.06,0.28,-1.6,-8.5,2.5,-588.5,-2002,0.48,-0.031,-0.012,0.00,7,,588,0,1357,588,0.06,25.5,1.00,-0.018
140.70,BASE,108.69,96.57,26.05,0.28,-1.6,-8.4,2.4,-586.6,-2003,0.48,-0.031,-0.011,0.00,7,,587,0,1358,587,0.06,25.5,1.00,-0.018
140.80,BASE,108.72,96.69,26.04,0.28,-1.6,-8.4,2.3,-584.7,-2003,0.48,-0.032,-0.011,0.00,7,,585,0,1358,585,0.05,25.5,1.00,-0.019
140.90,BASE,108.74,96.80,26.03,0.28,-1.6,-8.3,2.2,-582.8,-2004,0.48,-0.033,-0.011,0.00,6,,583,0,1359,583,0.04,25.5,1.00,-0.019
141.00,BASE,108.77,96.92,26.02,0.28,-1.6,-8.2,2.1,-580.9,-2004,0.48,-0.033,-0.010,0.00,6,,581,0,1359,581,0.04,25.5,1.00,-0.020
141.10,BASE,108.80,97.03,26.02,0.28,-1.6,-8.1,2.0,-579.0,-2004,0.48,-0.034,-0.010,0.00,5,,579,0,1359,579,0.03,25.5,1.00,-0.020
141.20,BASE,108.83,97.15,26.01,0.28,-1.6,-8.0,1.9,-577.1,-2005,0.48,-0.035,-0.009,0.00,5,,577,0,1360,577,0.03,25.5,1.00,-0.021
141.30,BASE,108.86,97.26,26.00,0.29,-1.6,-7.8,1.8,-575.2,-2005,0.48,-0.035,-0.009,0.00,5,,575,0,1360,575,0.02,25.5,1.00,-0.022
141.40,BASE,108.89,97.38,25.99,0.29,-1.6,-7.7,1.7,-573.3,-2005,0.48,-0.032,-0.009,0.00,4,,573,0,1360,573,0.02,25.5,1.00,-0.022
141.50,BASE,108.91,97.49,25.98,0.27,-1.7,-7.6,1.6,-571.4,-2006,0.48,-0.022,-0.008,0.00,4,,571,0,1361,571,0.01,25.5,1.00,-0.023
141.60,BASE,108.94,97.59,25.98,0.25,-1.8,-7.5,1.5,-569.5,-2006,0.48,-0.015,-0.008,0.00,4,,570,0,1361,570,0.01,25.5,1.00,-0.023
141.70,BASE,108.96,97.70,25.97,0.22,-1.9,-7.3,1.3,-567.6,-2006,0.48,-0.014,-0.007,0.00,3,,568,0,1361,568,0.00,25.5,1.00,-0.022
141.80,BASE,108.99,97.79,25.97,0.19,-1.9,-7.2,1.2,-565.7,-2007,0.48,-0.015,-0.006,0.00,3,,566,0,1362,566,-0.00,25.5,1.00,-0.021
141.90,BASE,109.00,97.88,25.97,0.17,-2.0,-7.1,1.1,-563.8,-2007,0.48,-0.017,-0.006,0.00,3,,564,0,1362,564,-0.01,25.5,1.00,-0.021
142.00,BASE,109.02,97.97,25.96,0.15,-2.0,-6.9,1.0,-561.9,-2007,0.48,-0.017,-0.006,0.00,2,,562,0,1362,562,-0.01,25.5,1.00,-0.020
142.10,BASE,109.03,98.04,25.96,0.13,-2.0,-6.8,0.9,-560.0,-2007,0.48,-0.017,-0.006,0.00,2,,560,0,1362,560,-0.01,25.5,1.00,-0.019
142.20,BASE,109.05,98.12,25.96,0.11,-2.1,-6.6,0.8,-558.1,-2008,0.48,-0.016,-0.006,0.00,2,,558,0,1363,558,-0.02,25.5,1.00,-0.019
142.30,BASE,109.06,98.18,25.96,0.10,-2.1,-6.5,0.7,-556.2,-2008,0.48,-0.015,-0.005,0.00,2,,556,0,1363,556,-0.02,25.5,1.00,-0.018
142.40,BASE,109.07,98.24,25.96,0.08,-2.1,-6.3,0.5,-554.2,-2008,0.48,-0.014,-0.005,0.00,2,,554,0,1363,554,-0.02,25.5,1.00,-0.018
142.50,BASE,109.07,98.29,25.96,0.07,-2.2,-6.1,0.4,-552.3,-2008,0.48,-0.014,-0.004,0.00,1,,552,0,1363,552,-0.02,25.5,1.00,-0.017
142.60,BASE,109.08,98.34,25.96,0.06,-2.2,-6.0,0.2,-550.4,-2009,0.48,-0.014,-0.004,0.00,1,,550,0,1364,550,-0.02,25.5,1.00,-0.016
142.70,BASE,109.09,98.38,25.96,0.05,-2.2,-5.8,0.0,-548.5,-2009,0.48,-0.014,-0.004,0.00,1,,549,0,1364,549,-0.02,25.5,1.00,-0.016
142.80,BASE,109.09,98.41,25.96,0.04,-2.2,-5.6,-0.1,-546.6,-2009,0.48,-0.013,-0.003,0.00,1,,547,0,1364,547,-0.02,25.5,1.00,-0.015
142.90,BASE,109.10,98.45,25.96,0.04,-2.2,-5.5,-0.3,-544.7,-2009,0.48,-0.013,-0.003,0.00,1,,545,0,1364,545,-0.03,25.5,1.00,-0.015
143.00,BASE,109.10,98.48,25.96,0.03,-2.2,-5.3,-0.5,-542.8,-2009,0.48,-0.013,-0.002,0.00,0,,543,0,1364,543,-0.03,25.5,1.00,-0.015
143.10,BASE,109.10,98.52,25.96,0.03,-2.2,-5.1,-0.7,-540.8,-2009,0.48,-0.012,-0.002,0.00,0,,541,0,1364,541,-0.03,25.5,1.00,-0.014
143.20,BASE,109.11,98.55,25.95,0.03,-2.2,-5.0,-0.9,-538.9,-2010,0.48,-0.012,-0.001,0.00,0,,539,0,1365,539,-0.03,25.5,1.00,-0.014
143.30,BASE,109.11,98.59,25.95,0.03,-2.2,-4.8,-1.2,-537.0,-2010,0.48,-0.012,-0.001,0.00,0,,537,0,1365,537,-0.03,25.5,1.00,-0.014
143.40,BASE,109.11,98.63,25.95,0.02,-2.2,-4.6,-1.4,-535.1,-2010,0.47,-0.012,-0.000,0.00,0,,535,0,1365,535,-0.03,25.5,1.00,-0.013
143.50,BASE,109.11,98.67,25.95,0.02,-2.2,-4.4,-1.6,-533.2,-2010,0.47,-0.012,0.000,0.00,0,,533,0,1365,533,-0.03,25.5,1.00,-0.013
143.60,BASE,109.12,98.71,25.95,0.02,-2.2,-4.3,-1.9,-531.3,-2010,0.47,-0.012,0.001,0.00,0,,531,0,1365,531,-0.03,25.5,1.00,-0.013
143.70,BASE,109.12,98.75,25.95,0.03,-2.2,-4.1,-1.9,-529.3,-2010,0.47,-0.012,-0.009,0.00,0,,529,0,1365,529,-0.03,25.5,1.00,-0.013
143.80,BASE,109.12,98.80,25.95,0.03,-2.2,-3.9,-1.8,-527.4,-2010,0.47,-0.012,-0.019,0.00,1,,527,0,1365,527,-0.03,25.5,1.00,-0.013
143.90,BASE,109.12,98.85,25.95,0.03,-2.2,-3.8,-1.6,-525.5,-2010,0.47,-0.012,-0.023,0.00,1,,526,0,1365,526,-0.03,25.5,1.00,-0.012
144.00,BASE,109.13,98.90,25.95,0.03,-2.2,-3.6,-1.5,-523.6,-2010,0.47,-0.012,-0.023,0.00,1,,524,0,1365,524,-0.03,25.5,1.00,-0.012
144.10,BASE,109.13,98.95,25.94,0.03,-2.2,-3.4,-1.4,-521.7,-2010,0.47,-0.012,-0.022,0.00,1,,522,0,1365,522,-0.03,25.5,1.00,-0.012
144.20,BASE,109.13,99.00,25.94,0.03,-2.2,-3.3,-1.4,-519.8,-2011,0.47,-0.012,-0.020,0.00,1,,520,0,1366,520,-0.03,25.5,1.00,-0.012
144.30,BASE,109.14,99.05,25.94,0.04,-2.2,-3.1,-1.3,-517.8,-2011,0.47,-0.012,-0.018,0.00,1,,518,0,1366,518,-0.03,25.5,1.00,-0.012
144.40,BASE,109.14,99.10,25.94,0.04,-2.1,-2.9,-1.3,-515.9,-2011,0.47,-0.012,-0.016,0.00,1,,516,0,1366,516,-0.03,25.5,1.00,-0.012
144.50,BASE,109.14,99.15,25.94,0.04,-2.1,-2.8,-1.3,-514.0,-2011,0.47,-0.012,-0.014,0.00,1,,514,0,1366,514,-0.04,25.5,1.00,-0.012
144.60,BASE,109.15,99.20,25.93,0.04,-2.1,-2.6,-1.2,-512.1,-2011,0.47,-0.012,-0.012,0.00,1,,512,0,1366,512,-0.04,25.5,1.00,-0.012
144.70,BASE,109.15,99.25,25.93,0.04,-2.1,-2.5,-1.2,-510.2,-2011,0.47,-0.012,-0.010,0.00,1,,510,0,1366,510,-0.04,25.5,1.00,-0.012
144.80,BASE,109.16,99.29,25.93,0.04,-2.1,-2.3,-1.2,-508.3,-2011,0.47,-0.012,-0.009,0.00,1,,508,0,1366,508,-0.04,25.5,1.00,-0.012
144.90,BASE,109.16,99.34,25.93,0.05,-2.1,-2.2,-1.1,-506.3,-2011,0.47,-0.012,-0.008,0.00,1,,506,0,1366,506,-0.04,25.5,1.00,-0.012
145.00,BASE,109.16,99.38,25.92,0.05,-2.1,-2.1,-1.0,-504.4,-2011,0.47,-0.012,-0.006,0.00,1,,504,0,1366,504,-0.04,25.5,1.00,-0.012
145.10,BASE,109.17,99.42,25.92,0.05,-2.1,-2.0,-1.0,-502.5,-2011,0.47,-0.012,-0.006,0.00,1,,503,0,1366,503,-0.04,25.5,1.00,-0.012
145.20,BASE,109.17,99.47,25.92,0.05,-2.1,-1.9,-0.9,-500.6,-2011,0.47,-0.011,-0.005,0.00,1,,501,0,1366,501,-0.04,25.5,1.00,-0.013
145.30,BASE,109.18,99.51,25.91,0.05,-2.1,-1.8,-0.8,-498.7,-2011,0.47,-0.011,-0.004,0.00,1,,499,0,1366,499,-0.04,25.5,1.00,-0.013
145.40,BASE,109.19,99.55,25.91,0.06,-2.1,-1.7,-0.7,-496.8,-2011,0.47,-0.011,-0.004,0.00,1,,497,0,1366,497,-0.04,25.5,1.00,-0.013
145.50,BASE,109.19,99.58,25.91,0.06,-2.1,-1.6,-0.5,-494.9,-2011,0.47,-0.011,-0.003,0.00,1,,495,0,1366,495,-0.04,25.5,1.00,-0.013
145.60,BASE,109.20,99.62,25.90,0.06,-2.1,-1.5,-0.4,-492.9,-2011,0.47,-0.011,-0.003,0.00,1,,493,0,1366,493,-0.05,25.5,1.00,-0.013
145.70,BASE,109.20,99.66,25.90,0.06,-2.1,-1.4,-0.3,-491.0,-2011,0.47,-0.012,-0.003,0.00,1,,491,0,1366,491,-0.05,25.5,1.00,-0.013
145.80,BASE,109.21,99.69,25.90,0.06,-2.1,-1.4,-0.1,-489.1,-2011,0.47,-0.012,-0.003,0.00,1,,489,0,1366,489,-0.05,25.5,1.00,-0.013
145.90,BASE,109.22,99.72,25.89,0.06,-2.1,-1.3,-0.0,-487.2,-2011,0.47,-0.012,-0.003,0.00,1,,487,0,1366,487,-0.05,25.5,1.00,-0.013
146.00,BASE,109.22,99.75,25.89,0.07,-2.1,-1.2,0.1,-485.3,-2011,0.47,-0.012,-0.003,0.00,1,,485,0,1366,485,-0.05,25.5,1.00,-0.014
146.10,BASE,109.23,99.78,25.89,0.07,-2.1,-1.1,0.2,-483.4,-2011,0.47,-0.012,-0.003,0.00,1,,483,0,1366,483,-0.05,25.5,1.00,-0.014
146.20,BASE,109.23,99.80,25.88,0.07,-2.1,-1.1,0.4,-481.5,-2011,0.47,-0.012,-0.003,0.00,1,,481,0,1366,481,-0.05,25.5,1.00,-0.014
146.30,BASE,109.24,99.82,25.88,0.07,-2.1,-1.0,0.5,-479.6,-2011,0.47,-0.012,-0.003,0.00,1,,480,0,1366,480,-0.05,25.5,1.00,-0.014
146.40,BASE,109.25,99.83,25.88,0.07,-2.1,-0.9,0.6,-477.6,-2011,0.47,-0.012,-0.003,0.00,1,,478,0,1366,478,-0.06,25.5,1.00,-0.014
146.50,BASE,109.26,99.83,25.87,0.07,-2.1,-0.9,0.6,-475.7,-2011,0.47,-0.012,-0.002,0.00,1,,476,0,1366,476,-0.06,25.5,1.00,-0.014
146.60,BASE,109.26,99.84,25.87,0.07,-2.1,-0.8,0.7,-473.8,-2011,0.47,-0.012,-0.002,0.00,1,,474,0,1366,474,-0.06,25.5,1.00,-0.015
146.70,BASE,109.27,99.83,25.86,0.07,-2.1,-0.7,0.8,-471.9,-2011,0.47,-0.012,-0.002,0.00,1,,472,0,1366,472,-0.06,25.5,1.00,-0.015
146.80,BASE,109.28,99.83,25.86,0.07,-2.1,-0.6,0.8,-470.0,-2011,0.47,-0.012,-0.002,0.00,1,,470,0,1366,470,-0.06,25.5,1.00,-0.015
146.90,BASE,109.28,99.82,25.86,0.07,-2.1,-0.6,0.8,-468.1,-2011,0.47,-0.012,-0.001,0.00,1,,468,0,1366,468,-0.06,25.5,1.00,-0.015
147.00,BASE,109.29,99.81,25.85,0.07,-2.1,-0.5,0.9,-466.2,-2011,0.47,-0.012,-0.001,0.00,1,,466,0,1366,466,-0.06,25.5,1.00,-0.015
147.10,BASE,109.30,99.79,25.85,0.07,-2.1,-0.4,0.9,-464.3,-2011,0.47,-0.012,-0.000,0.00,1,,464,0,1366,464,-0.07,25.5,1.00,-0.015
147.20,BASE,109.30,99.78,25.85,0.07,-2.1,-0.4,0.9,-462.4,-2011,0.47,-0.012,-0.000,0.00,1,,462,0,1366,462,-0.07,25.5,1.00,-0.015
147.30,BASE,109.31,99.76,25.84,0.07,-2.1,-0.3,0.9,-460.5,-2011,0.47,-0.012,0.000,0.00,1,,460,0,1366,460,-0.07,25.5,1.00,-0.016
147.40,BASE,109.32,99.74,25.84,0.06,-2.1,-0.2,0.9,-458.6,-2011,0.47,-0.012,0.001,0.00,1,,459,0,1366,459,-0.07,25.5,1.00,-0.016
147.50,BASE,109.32,99.71,25.84,0.06,-2.1,-0.2,0.8,-456.6,-2011,0.47,-0.012,0.001,0.00,1,,457,0,1366,457,-0.07,25.5,1.00,-0.016
147.60,BASE,109.33,99.69,25.83,0.06,-2.1,-0.1,0.8,-454.7,-2011,0.47,-0.012,0.002,0.00,1,,455,0,1366,455,-0.07,25.5,1.00,-0.016
147.70,BASE,109.34,99.67,25.83,0.06,-2.1,-0.1,0.8,-452.8,-2011,0.47,-0.012,0.002,0.00,1,,453,0,1366,453,-0.07,25.5,1.00,-0.016
147.80,BASE,109.34,99.64,25.83,0.06,-2.1,-0.0,0.8,-450.9,-2011,0.47,-0.012,0.002,0.00,1,,451,0,1366,451,-0.07,25.5,1.00,-0.016
147.90,BASE,109.35,99.62,25.82,0.06,-2.1,0.0,0.8,-449.0,-2011,0.47,-0.012,0.002,0.00,1,,449,0,1366,449,-0.08,25.5,1.00,-0.016
148.00,BASE,109.35,99.59,25.82,0.06,-2.1,0.0,0.7,-447.1,-2011,0.47,-0.012,0.002,0.00,1,,447,0,1366,447,-0.08,25.5,1.00,-0.016
148.10,BASE,109.36,99.56,25.82,0.06,-2.1,0.1,0.7,-445.2,-2011,0.47,-0.012,0.003,0.00,1,,445,0,1366,445,-0.08,25.5,1.00,-0.016
148.20,BASE,109.36,99.54,25.82,0.06,-2.1,0.1,0.7,-443.3,-2010,0.47,-0.011,0.003,0.00,1,,443,0,1365,443,-0.08,25.5,1.00,-0.016
148.30,BASE,109.37,99.52,25.81,0.05,-2.1,0.1,0.7,-441.4,-2010,0.47,-0.011,0.003,0.00,1,,441,0,1365,441,-0.08,25.5,1.00,-0.016
148.40,BASE,109.38,99.49,25.81,0.05,-2.1,0.2,0.7,-439.5,-2010,0.47,-0.011,0.003,0.00,1,,440,0,1365,440,-0.08,25.5,1.00,-0.016
148.50,BASE,109.38,99.47,25.81,0.05,-2.1,0.2,0.7,-437.6,-2010,0.47,-0.011,0.003,0.00,1,,438,0,1365,438,-0.08,25.5,1.00,-0.017
148.60,BASE,109.39,99.45,25.80,0.05,-2.1,0.2,0.7,-435.7,-2010,0.47,-0.011,0.003,0.00,1,,436,0,1365,436,-0.08,25.5,1.00,-0.017
148.70,BASE,109.39,99.43,25.80,0.05,-2.1,0.2,0.7,-433.8,-2010,0.47,-0.011,0.003,0.00,1,,434,0,1365,434,-0.08,25.5,1.00,-0.017
148.80,BASE,109.40,99.42,25.80,0.05,-2.1,0.2,0.7,-431.9,-2010,0.47,-0.011,0.003,0.00,1,,432,0,1365,432,-0.09,25.5,1.00,-0.017
148.90,BASE,109.40,99.41,25.80,0.05,-2.1,0.2,0.7,-430.0,-2010,0.47,-0.011,0.003,0.00,1,,430,0,1365,430,-0.09,25.5,1.00,-0.017
149.00,BASE,109.40,99.40,25.79,0.05,-2.1,0.3,0.7,-428.1,-2010,0.47,-0.011,0.003,0.00,1,,428,0,1365,428,-0.09,25.5,1.00,-0.017
149.10,BASE,109.41,99.39,25.79,0.05,-2.1,0.3,0.7,-426.2,-2010,0.47,-0.011,0.002,0.00,1,,426,0,1365,426,-0.09,25.5,1.00,-0.017
149.20,BASE,109.41,99.39,25.79,0.04,-2.1,0.3,0.7,-424.3,-2010,0.47,-0.011,0.002,0.00,1,,424,0,1365,424,-0.09,25.5,1.00,-0.017
149.30,BASE,109.42,99.39,25.79,0.04,-2.1,0.3,0.7,-422.4,-2010,0.47,-0.011,0.002,0.00,1,,422,0,1365,422,-0.09,25.5,1.00,-0.017
149.40,BASE,109.42,99.40,25.79,0.04,-2.1,0.3,0.7,-420.5,-2010,0.47,-0.011,0.002,0.00,1,,420,0,1365,420,-0.09,25.5,1.00,-0.017
149.50,BASE,109.43,99.42,25.78,0.04,-2.1,0.3,0.6,-418.6,-2010,0.47,-0.011,0.002,0.00,0,,419,0,1365,419,-0.09,25.5,1.00,-0.017
149.60,BASE,109.43,99.44,25.78,0.04,-2.1,0.3,0.6,-416.7,-2010,0.47,-0.011,0.002,0.00,0,,417,0,1365,417,-0.09,25.5,1.00,-0.017
149.70,BASE,109.44,99.46,25.78,0.04,-2.1,0.3,0.6,-414.8,-2010,0.47,-0.011,0.002,0.00,0,,415,0,1365,415,-0.09,25.5,1.00,-0.017
149.80,BASE,109.44,99.48,25.78,0.04,-2.1,0.3,0.6,-412.9,-2010,0.47,-0.011,0.002,0.00,0,,413,0,1365,413,-0.09,25.5,1.00,-0.017
149.90,BASE,109.44,99.52,25.78,0.04,-2.1,0.3,0.6,-411.0,-2010,0.47,-0.011,0.002,0.00,0,,411,0,1365,411,-0.10,25.5,1.00,-0.017
150.00,BASE,109.45,99.55,25.77,0.04,-2.1,0.3,0.6,-409.1,-2010,0.47,-0.010,0.002,0.00,0,,409,0,1365,409,-0.10,25.5,1.00,-0.017
150.10,BASE,109.45,99.59,25.77,0.04,-2.1,0.3,0.6,-407.2,-2010,0.47,-0.010,0.002,0.00,0,,407,0,1365,407,-0.10,25.5,1.00,-0.017
150.20,BASE,109.46,99.63,25.77,0.04,-2.1,0.3,0.6,-405.3,-2010,0.47,-0.010,0.002,0.00,0,,405,0,1365,405,-0.10,25.5,1.00,-0.017
150.30,BASE,109.46,99.67,25.77,0.04,-2.1,0.3,0.5,-403.4,-2010,0.47,-0.010,0.002,0.00,0,,403,0,1365,403,-0.10,25.5,1.00,-0.017
150.40,BASE,109.46,99.72,25.77,0.04,-2.1,0.3,0.5,-401.5,-2010,0.47,-0.010,0.002,0.00,0,,401,0,1365,401,-0.10,25.5,1.00,-0.017
150.50,BASE,109.47,99.76,25.77,0.04,-2.1,0.3,0.5,-399.6,-2010,0.47,-0.010,0.002,0.00,0,,400,0,1365,400,-0.10,25.5,1.00,-0.017
150.60,BASE,109.47,99.81,25.76,0.04,-2.1,0.3,0.5,-397.7,-2010,0.47,-0.010,0.002,0.00,0,,398,0,1365,398,-0.10,25.5,1.00,-0.017
150.70,BASE,109.47,99.86,25.76,0.04,-2.1,0.3,0.5,-395.8,-2010,0.47,-0.010,0.001,0.00,0,,396,0,1365,396,-0.10,25.5,1.00,-0.017
150.80,BASE,109.48,99.92,25.76,0.03,-2.1,0.3,0.4,-393.9,-2010,0.47,-0.010,0.001,0.00,0,,394,0,1365,394,-0.10,25.5,1.00,-0.017
150.90,BASE,109.48,99.97,25.76,0.03,-2.1,0.3,0.4,-392.0,-2010,0.47,-0.010,0.001,0.00,0,,392,0,1365,392,-0.10,25.5,1.00,-0.018
151.00,BASE,109.48,100.02,25.76,0.03,-2.1,0.3,0.4,-390.1,-2010,0.47,-0.010,0.001,0.00,0,,390,0,1365,390,-0.10,25.5,1.00,-0.018
151.10,BASE,109.49,100.08,25.75,0.03,-2.1,0.3,0.4,-388.2,-2010,0.47,-0.010,0.001,0.00,0,,388,0,1365,388,-0.10,25.5,1.00,-0.018
151.20,BASE,109.49,100.13,25.75,0.03,-2.1,0.3,0.3,-386.3,-2010,0.47,-0.010,0.001,0.00,0,,386,0,1365,386,-0.10,25.5,1.00,-0.018
151.30,BASE,109.49,100.19,25.75,0.03,-2.1,0.3,0.3,-384.4,-2010,0.47,-0.010,0.001,0.00,0,,384,0,1365,384,-0.11,25.5,1.00,-0.018
151.40,BASE,109.50,100.24,25.75,0.03,-2.1,0.3,0.3,-382.5,-2010,0.47,-0.010,0.001,0.00,0,,382,0,1365,382,-0.11,25.5,1.00,-0.018
151.50,BASE,109.50,100.30,25.75,0.03,-2.1,0.3,0.3,-380.6,-2010,0.47,-0.010,0.001,0.00,0,,381,0,1365,381,-0.11,25.5,1.00,-0.018
151.60,BASE,109.50,100.36,25.74,0.03,-2.1,0.3,0.3,-378.7,-2010,0.47,-0.010,0.001,0.00,0,,379,0,1365,379,-0.11,25.5,1.00,-0.018
151.70,BASE,109.51,100.41,25.74,0.03,-2.1,0.3,0.3,-376.8,-2010,0.47,-0.010,0.001,0.00,0,,377,0,1365,377,-0.11,25.5,1.00,-0.018
151.80,BASE,109.51,100.47,25.74,0.03,-2.1,0.3,0.3,-374.9,-2010,0.47,-0.010,0.001,0.00,0,,375,0,1365,375,-0.11,25.5,1.00,-0.018
151.90,BASE,109.51,100.53,25.74,0.03,-2.1,0.3,0.2,-373.0,-2010,0.47,-0.010,0.001,0.00,0,,373,0,1365,373,-0.11,25.5,1.00,-0.018
152.00,BASE,109.52,100.58,25.74,0.03,-2.1,0.3,0.2,-371.1,-2010,0.47,-0.010,0.001,0.00,0,,371,0,1365,371,-0.11,25.5,1.00,-0.018
152.10,BASE,109.52,100.64,25.74,0.03,-2.1,0.3,0.2,-369.2,-2010,0.47,-0.010,0.001,0.00,0,,369,0,1365,369,-0.11,25.5,1.00,-0.018
152.20,BASE,109.52,100.69,25.73,0.03,-2.1,0.3,0.2,-367.3,-2010,0.47,-0.010,0.001,0.00,0,,367,0,1365,367,-0.11,25.5,1.00,-0.018
152.30,BASE,109.52,100.74,25.73,0.03,-2.1,0.2,0.2,-365.4,-2010,0.47,-0.010,0.001,0.00,0,,365,0,1365,365,-0.11,25.5,1.00,-0.018
152.40,BASE,109.53,100.78,25.73,0.03,-2.1,0.2,0.2,-363.5,-2010,0.47,-0.010,0.001,0.00,0,,364,0,1365,364,-0.11,25.5,1.00,-0.018
152.50,BASE,109.53,100.82,25.73,0.03,-2.1,0.2,0.2,-361.6,-2010,0.47,-0.010,0.001,0.00,0,,362,0,1365,362,-0.11,25.5,1.00,-0.019
152.60,BASE,109.53,100.86,25.73,0.03,-2.1,0.2,0.2,-359.7,-2010,0.47,-0.010,0.001,0.00,0,,360,0,1365,360,-0.11,25.5,1.00,-0.019
152.70,BASE,109.54,100.90,25.72,0.03,-2.1,0.2,0.2,-357.8,-2010,0.47,-0.009,0.000,0.00,0,,358,0,1365,358,-0.11,25.5,1.00,-0.019
152.80,BASE,109.54,100.93,25.72,0.03,-2.1,0.2,0.1,-355.9,-2010,0.47,-0.009,0.000,0.00,0,,356,0,1365,356,-0.11,25.5,1.00,-0.019
152.90,BASE,109.54,100.96,25.72,0.03,-2.1,0.2,0.1,-354.0,-2010,0.47,-0.009,0.000,0.00,0,,354,0,1365,354,-0.11,25.5,1.00,-0.019
153.00,BASE,109.54,101.00,25.72,0.03,-2.1,0.2,0.1,-352.2,-2010,0.47,-0.009,0.000,0.00,0,,352,0,1365,352,-0.12,25.5,1.00,-0.019
153.10,BASE,109.55,101.03,25.72,0.02,-2.1,0.2,0.1,-350.3,-2010,0.47,-0.009,0.000,0.00,0,,350,0,1365,350,-0.12,25.5,1.00,-0.019
153.20,BASE,109.55,101.06,25.71,0.02,-2.1,0.2,0.1,-348.4,-2010,0.47,-0.009,0.000,0.00,0,,348,0,1365,348,-0.12,25.5,1.00,-0.019
153.30,BASE,109.55,101.10,25.71,0.02,-2.1,0.2,0.1,-346.5,-2010,0.47,-0.009,0.000,0.00,0,,346,0,1365,346,-0.12,25.5,1.00,-0.019
153.40,BASE,109.55,101.13,25.71,0.02,-2.1,0.2,0.1,-344.6,-2010,0.47,-0.009,0.000,0.00,0,,345,0,1365,345,-0.12,25.5,1.00,-0.019
153.50,BASE,109.56,101.16,25.71,0.02,-2.1,0.2,0.1,-342.7,-2010,0.47,-0.009,0.000,0.00,0,,343,0,1365,343,-0.12,25.5,1.00,-0.019
153.60,BASE,109.56,101.19,25.71,0.02,-2.1,0.2,0.1,-340.8,-2010,0.47,-0.009,0.000,0.00,0,,341,0,1365,341,-0.12,25.5,1.00,-0.019
153.70,BASE,109.56,101.22,25.71,0.02,-2.1,0.1,0.1,-338.9,-2010,0.47,-0.009,0.000,0.00,0,,339,0,1365,339,-0.12,25.5,1.00,-0.019
153.80,BASE,109.56,101.26,25.70,0.02,-2.1,0.1,0.1,-337.0,-2010,0.47,-0.009,0.000,0.00,0,,337,0,1365,337,-0.12,25.5,1.00,-0.019
153.90,BASE,109.56,101.29,25.70,0.02,-2.1,0.1,0.1,-335.1,-2010,0.47,-0.009,0.000,0.00,0,,335,0,1365,335,-0.12,25.5,1.00,-0.019
154.00,BASE,109.57,101.32,25.70,0.02,-2.1,0.1,0.0,-333.2,-2010,0.47,-0.009,0.000,0.00,0,,333,0,1365,333,-0.12,25.5,1.00,-0.020
154.10,BASE,109.57,101.35,25.70,0.02,-2.1,0.1,0.0,-331.3,-2010,0.47,-0.009,0.000,0.00,0,,331,0,1365,331,-0.12,25.5,1.00,-0.020
154.20,BASE,109.57,101.38,25.70,0.02,-2.1,0.1,0.0,-329.4,-2010,0.47,-0.009,0.000,0.00,0,,329,0,1365,329,-0.12,25.5,1.00,-0.020
154.30,BASE,109.57,101.41,25.70,0.02,-2.1,0.1,0.0,-327.6,-2010,0.47,-0.009,0.000,0.00,0,,328,0,1365,328,-0.12,25.5,1.00,-0.020
154.40,BASE,109.57,101.45,25.69,0.02,-2.1,0.1,0.0,-325.7,-2010,0.47,-0.009,0.000,0.00,0,,326,0,1365,326,-0.12,25.5,1.00,-0.020
154.50,BASE,109.58,101.48,25.69,0.02,-2.1,0.1,0.0,-323.8,-2010,0.47,-0.009,-0.000,0.00,0,,324,0,1365,324,-0.12,25.5,1.00,-0.020
154.60,BASE,109.58,101.51,25.69,0.02,-2.1,0.1,0.0,-321.9,-2010,0.46,-0.009,-0.000,0.00,0,,322,0,1365,322,-0.12,25.5,1.00,-0.020
154.70,BASE,109.58,101.54,25.69,0.02,-2.1,0.1,0.0,-320.0,-2010,0.46,-0.009,-0.000,0.00,0,,320,0,1365,320,-0.12,25.5,1.00,-0.020
154.80,BASE,109.58,101.58,25.69,0.02,-2.1,0.1,0.0,-318.1,-2010,0.46,-0.009,-0.000,0.00,0,,318,0,1365,318,-0.12,25.5,1.00,-0.020
154.90,BASE,109.58,101.61,25.69,0.02,-2.1,0.1,-0.0,-316.2,-2010,0.46,-0.009,-0.000,0.00,0,,316,0,1365,316,-0.12,25.5,1.00,-0.020
155.00,BASE,109.58,101.64,25.68,0.02,-2.1,0.1,-0.0,-314.3,-2010,0.46,-0.009,-0.000,0.00,0,,314,0,1365,314,-0.12,25.5,1.00,-0.020
155.10,BASE,109.59,101.68,25.68,0.01,-2.1,0.1,-0.0,-312.4,-2010,0.46,-0.009,-0.000,0.00,0,,312,0,1365,312,-0.12,25.5,1.00,-0.020
155.20,BASE,109.59,101.71,25.68,0.01,-2.1,0.1,-0.0,-310.5,-2010,0.46,-0.009,-0.000,0.00,0,,311,0,1365,311,-0.12,25.5,1.00,-0.020
155.30,BASE,109.59,101.75,25.68,0.01,-2.1,0.1,-0.0,-308.7,-2010,0.46,-0.009,-0.000,0.00,0,,309,0,1365,309,-0.12,25.5,1.00,-0.020
155.40,BASE,109.59,101.78,25.68,0.01,-2.1,0.1,-0.0,-306.8,-2010,0.46,-0.009,-0.000,0.00,0,,307,0,1365,307,-0.12,25.5,1.00,-0.020
155.50,BASE,109.59,101.82,25.68,0.01,-2.1,0.1,-0.0,-304.9,-2010,0.46,-0.009,-0.000,0.00,0,,305,0,1365,305,-0.12,25.5,1.00,-0.020
155.60,BASE,109.59,101.86,25.68,0.01,-2.1,0.0,-0.0,-303.0,-2010,0.46,-0.009,-0.000,0.00,0,,303,0,1365,303,-0.13,25.5,1.00,-0.020
155.70,BASE,109.59,101.89,25.67,0.01,-2.1,0.0,-0.0,-301.1,-2010,0.46,-0.009,-0.000,0.00,0,,301,0,1365,301,-0.13,25.5,1.00,-0.020
155.80,BASE,109.60,101.93,25.67,0.01,-2.1,0.0,-0.0,-299.2,-2010,0.46,-0.009,-0.000,0.00,0,,299,0,1365,299,-0.13,25.5,1.00,-0.020
155.90,BASE,109.60,101.97,25.67,0.01,-2.1,0.0,-0.0,-297.3,-2010,0.46,-0.009,-0.000,0.00,0,,297,0,1365,297,-0.13,25.5,1.00,-0.021
156.00,BASE,109.60,102.01,25.67,0.01,-2.1,0.0,-0.0,-295.4,-2010,0.46,-0.009,-0.000,0.00,0,,295,0,1365,295,-0.13,25.5,1.00,-0.021
156.10,BASE,109.60,102.05,25.67,0.01,-2.1,0.0,-0.0,-293.5,-2010,0.46,-0.009,-0.000,0.00,0,,294,0,1365,294,-0.13,25.5,1.00,-0.021
156.20,BASE,109.60,102.09,25.67,0.01,-2.1,0.0,-0.0,-291.7,-2010,0.46,-0.008,-0.000,0.00,0,,292,0,1365,292,-0.13,25.5,1.00,-0.021
156.30,BASE,109.60,102.13,25.67,0.01,-2.1,0.0,-0.0,-289.8,-2010,0.46,-0.008,-0.000,0.00,0,,290,0,1365,290,-0.13,25.5,1.00,-0.021
156.40,BASE,109.60,102.17,25.66,0.01,-2.1,0.0,-0.0,-287.9,-2010,0.46,-0.008,-0.000,0.00,0,,288,0,1365,288,-0.13,25.5,1.00,-0.021
156.50,BASE,109.60,102.21,25.66,0.01,-2.1,0.0,-0.0,-286.0,-2010,0.46,-0.008,-0.000,0.00,0,,286,0,1365,286,-0.13,25.5,1.00,-0.021
156.60,BASE,109.60,102.25,25.66,0.01,-2.1,0.0,-0.0,-284.1,-2010,0.46,-0.008,-0.000,0.00,0,,284,0,1365,284,-0.13,25.5,1.00,-0.021
156.70,BASE,109.61,102.28,25.66,0.01,-2.1,0.0,-0.0,-282.2,-2010,0.46,-0.008,-0.000,0.00,0,,282,0,1365,282,-0.13,25.5,1.00,-0.021
156.80,BASE,109.61,102.31,25.66,0.01,-2.1,0.0,-0.0,-280.3,-2010,0.46,-0.008,-0.000,0.00,0,,280,0,1365,280,-0.13,25.5,1.00,-0.021
156.90,BASE,109.61,102.35,25.66,0.01,-2.1,0.0,-0.0,-278.4,-2010,0.46,-0.008,-0.000,0.00,0,,278,0,1365,278,-0.13,25.5,1.00,-0.021
157.00,BASE,109.61,102.37,25.66,0.01,-2.1,0.0,-0.0,-276.6,-2010,0.46,-0.008,-0.000,0.00,0,,277,0,1365,277,-0.13,25.5,1.00,-0.021
157.10,BASE,109.61,102.40,25.66,0.01,-2.1,0.0,-0.0,-274.7,-2010,0.46,-0.008,-0.000,0.00,0,,275,0,1365,275,-0.13,25.5,1.00,-0.021
157.20,BASE,109.61,102.43,25.65,0.01,-2.1,0.0,-0.0,-272.8,-2010,0.46,-0.008,-0.000,0.00,0,,273,0,1365,273,-0.13,25.5,1.00,-0.021
157.30,BASE,109.61,102.45,25.65,0.01,-2.1,0.0,-0.0,-270.9,-2010,0.46,-0.008,-0.000,0.00,0,,271,0,1365,271,-0.13,25.5,1.00,-0.021
157.40,BASE,109.61,102.48,25.65,0.01,-2.1,0.0,-0.0,-269.0,-2010,0.46,-0.008,-0.000,0.00,0,,269,0,1365,269,-0.13,25.5,1.00,-0.021
157.50,BASE,109.61,102.50,25.65,0.01,-2.1,0.0,-0.0,-267.1,-2010,0.46,-0.008,-0.000,0.00,0,,267,0,1365,267,-0.13,25.5,1.00,-0.021
157.60,BASE,109.61,102.52,25.65,0.01,-2.1,0.0,-0.0,-265.2,-2010,0.46,-0.008,-0.000,0.00,0,,265,0,1365,265,-0.13,25.5,1.00,-0.021
157.70,BASE,109.61,102.53,25.65,0.01,-2.1,-0.0,-0.0,-263.4,-2010,0.46,-0.008,-0.000,0.00,0,,263,0,1365,263,-0.13,25.5,1.00,-0.022
157.80,BASE,109.61,102.55,25.65,0.01,-2.1,-0.0,-0.0,-261.5,-2010,0.46,-0.008,-0.000,0.00,0,,261,0,1365,261,-0.13,25.5,1.00,-0.022
157.90,BASE,109.61,102.56,25.64,0.01,-2.1,-0.0,-0.0,-259.6,-2010,0.46,-0.008,-0.000,0.00,0,,260,0,1365,260,-0.13,25.5,1.00,-0.022
158.00,BASE,109.61,102.57,25.64,0.01,-2.1,-0.0,-0.0,-257.7,-2010,0.46,-0.008,-0.000,0.00,0,,258,0,1365,258,-0.13,25.5,1.00,-0.022
158.10,BASE,109.62,102.58,25.64,0.01,-2.1,-0.0,-0.0,-255.8,-2010,0.46,-0.008,-0.000,0.00,0,,256,0,1365,256,-0.13,25.5,1.00,-0.022
158.20,BASE,109.62,102.59,25.64,0.00,-2.1,-0.0,-0.0,-253.9,-2010,0.46,-0.008,-0.000,0.00,0,,254,0,1365,254,-0.13,25.5,1.00,-0.022
158.30,BASE,109.62,102.59,25.64,0.00,-2.1,-0.0,-0.0,-252.1,-2010,0.46,-0.008,-0.000,0.00,0,,252,0,1365,252,-0.13,25.5,1.00,-0.022
158.40,BASE,109.62,102.59,25.64,0.00,-2.1,-0.0,-0.0,-250.2,-2010,0.46,-0.008,-0.000,0.00,0,,250,0,1365,250,-0.13,25.5,1.00,-0.022
158.50,BASE,109.62,102.59,25.64,0.00,-2.1,-0.0,-0.0,-248.3,-2010,0.46,-0.008,-0.000,0.00,0,,248,0,1365,248,-0.13,25.5,1.00,-0.022
158.60,BASE,109.62,102.59,25.64,0.00,-2.1,-0.0,-0.0,-246.4,-2010,0.46,-0.008,-0.000,0.00,0,,246,0,1365,246,-0.13,25.5,1.00,-0.022
158.70,BASE,109.62,102.58,25.63,0.00,-2.1,-0.0,-0.0,-244.5,-2010,0.46,-0.008,-0.000,0.00,0,,245,0,1365,245,-0.13,25.5,1.00,-0.022
158.80,BASE,109.62,102.57,25.63,0.00,-2.1,-0.0,-0.0,-242.6,-2010,0.46,-0.008,-0.000,0.00,0,,243,0,1365,243,-0.13,25.5,1.00,-0.022
158.90,BASE,109.62,102.56,25.63,0.00,-2.1,-0.0,-0.0,-240.8,-2010,0.46,-0.008,-0.000,0.00,0,,241,0,1365,241,-0.13,25.5,1.00,-0.022
159.00,BASE,109.62,102.55,25.63,0.00,-2.1,-0.0,-0.0,-238.9,-2010,0.46,-0.008,-0.000,0.00,0,,239,0,1365,239,-0.13,25.5,1.00,-0.022
159.10,BASE,109.62,102.54,25.63,0.00,-2.1,-0.0,-0.0,-237.0,-2010,0.46,-0.008,-0.000,0.00,0,,237,0,1365,237,-0.13,25.5,1.00,-0.022
159.20,BASE,109.62,102.53,25.63,0.00,-2.1,-0.0,-0.0,-235.1,-2010,0.46,-0.008,-0.000,0.00,0,,235,0,1365,235,-0.13,25.5,1.00,-0.022
159.30,BASE,109.62,102.52,25.63,0.00,-2.1,-0.0,-0.0,-233.2,-2010,0.46,-0.008,-0.000,0.00,0,,233,0,1365,233,-0.13,25.5,1.00,-0.022
159.40,BASE,109.62,102.51,25.63,0.00,-2.1,-0.0,-0.0,-231.3,-2010,0.46,-0.008,-0.000,0.00,0,,231,0,1365,231,-0.13,25.5,1.00,-0.022
159.50,BASE,109.62,102.50,25.62,0.00,-2.1,-0.0,-0.0,-229.5,-2010,0.47,-0.008,-0.000,0.00,0,,229,0,1365,229,-0.13,25.5,1.00,-0.023
159.60,BASE,109.62,102.49,25.62,0.00,-2.1,-0.0,-0.0,-227.6,-2010,0.47,-0.008,-0.000,0.00,0,,228,0,1365,228,-0.13,25.5,1.00,-0.023
159.70,BASE,109.62,102.47,25.62,0.00,-2.1,-0.0,-0.0,-225.7,-2010,0.47,-0.008,-0.000,0.00,0,,226,0,1365,226,-0.13,25.5,1.00,-0.023
159.80,BASE,109.62,102.46,25.62,0.00,-2.1,-0.0,-0.0,-223.8,-2010,0.47,-0.008,-0.000,0.00,0,,224,0,1365,224,-0.13,25.5,1.00,-0.023
159.90,BASE,109.62,102.44,25.62,-0.00,-2.1,-0.0,-0.0,-221.9,-2010,0.47,-0.008,-0.000,0.00,0,,222,0,1365,222,-0.13,25.5,1.00,-0.023
160.00,BASE,109.62,102.43,25.62,-0.00,-2.1,-0.0,-0.0,-220.0,-2010,0.47,-0.008,-0.000,0.00,0,,220,0,1365,220,-0.13,25.5,1.00,-0.023
160.10,BASE,109.62,102.40,25.62,-0.00,-2.1,-0.0,-0.0,-218.2,-2010,0.47,-0.008,-0.000,0.00,0,,218,0,1365,218,-0.13,25.5,1.00,-0.023
160.20,BASE,109.62,102.38,25.62,-0.00,-2.1,-0.0,-0.0,-216.3,-2010,0.47,-0.008,-0.000,0.00,0,,216,0,1365,216,-0.13,25.5,1.00,-0.023
160.30,BASE,109.62,102.36,25.61,-0.00,-2.1,-0.0,-0.0,-214.4,-2010,0.47,-0.008,-0.000,0.00,0,,214,0,1365,214,-0.13,25.5,1.00,-0.023
160.40,BASE,109.62,102.33,25.61,-0.00,-2.1,-0.0,-0.0,-212.5,-2010,0.47,-0.008,-0.000,0.00,0,,213,0,1365,213,-0.13,25.5,1.00,-0.023
160.50,BASE,109.62,102.30,25.61,-0.00,-2.1,-0.0,-0.0,-210.6,-2010,0.47,-0.008,0.000,0.00,0,,211,0,1365,211,-0.13,25.5,1.00,-0.023
160.60,BASE,109.62,102.27,25.61,-0.00,-2.1,-0.0,-0.0,-208.8,-2010,0.47,-0.008,0.000,0.00,0,,209,0,1365,209,-0.13,25.5,1.00,-0.023
160.70,BASE,109.62,102.24,25.61,-0.00,-2.1,-0.0,-0.0,-206.9,-2010,0.47,-0.008,-0.000,0.00,0,,207,0,1365,207,-0.13,25.5,1.00,-0.023
160.80,BASE,109.62,102.21,25.61,-0.00,-2.1,-0.1,-0.0,-205.0,-2010,0.47,-0.008,0.002,0.00,0,,205,0,1365,205,-0.13,25.5,1.00,-0.023
160.90,BASE,109.62,102.18,25.61,-0.00,-2.1,-0.2,-0.0,-203.1,-2010,0.47,-0.008,0.001,0.00,0,,203,0,1365,203,-0.13,25.5,1.00,-0.023
161.00,BASE,109.62,102.15,25.61,-0.00,-2.1,-0.3,-0.0,-201.2,-2010,0.47,-0.008,0.000,0.00,0,,201,0,1365,201,-0.13,25.5,1.00,-0.023
161.10,BASE,109.62,102.11,25.61,-0.00,-2.1,-0.3,-0.1,-199.3,-2010,0.47,-0.008,0.001,0.00,0,,199,0,1365,199,-0.13,25.5,1.00,-0.023
161.20,BASE,109.62,102.08,25.61,-0.00,-2.1,-0.5,-0.1,-197.5,-2010,0.47,-0.008,0.000,0.00,0,,197,0,1365,197,-0.13,25.5,1.00,-0.023
161.30,BASE,109.62,102.04,25.60,-0.00,-2.1,-0.6,-0.1,-195.6,-2010,0.47,-0.008,0.002,0.00,0,,196,0,1365,196,-0.13,25.5,1.00,-0.023
161.40,BASE,109.62,102.01,25.60,-0.00,-2.1,-0.7,-0.1,-193.7,-2010,0.47,-0.008,0.001,0.00,0,,194,0,1365,194,-0.13,25.5,1.00,-0.023
161.50,BASE,109.62,101.98,25.60,-0.00,-2.1,-0.9,-0.2,-191.8,-2010,0.47,-0.008,0.000,0.00,0,,192,0,1365,192,-0.13,25.5,1.00,-0.024
161.60,BASE,109.62,101.94,25.60,-0.00,-2.1,-1.0,-0.2,-189.9,-2010,0.47,-0.008,0.002,0.00,0,,190,0,1365,190,-0.13,25.5,1.00,-0.024
161.70,BASE,109.62,101.91,25.60,-0.01,-2.1,-1.2,-0.3,-188.1,-2010,0.47,-0.008,0.001,0.00,0,,188,0,1365,188,-0.13,25.5,1.00,-0.024
161.80,BASE,109.61,101.88,25.60,-0.01,-2.1,-1.3,-0.3,-186.2,-2010,0.47,-0.008,0.000,0.00,0,,186,0,1365,186,-0.13,25.5,1.00,-0.024
161.90,BASE,109.61,101.85,25.60,-0.01,-2.1,-1.5,-0.3,-184.3,-2010,0.47,-0.008,0.002,0.00,0,,184,0,1365,184,-0.13,25.5,1.00,-0.024
162.00,BASE,109.61,101.82,25.60,-0.01,-2.1,-1.7,-0.4,-182.4,-2010,0.47,-0.008,0.001,0.00,0,,182,0,1365,182,-0.13,25.5,1.00,-0.024
162.10,BASE,109.61,101.79,25.60,-0.01,-2.1,-1.9,-0.4,-180.5,-2010,0.47,-0.008,0.003,0.00,0,,181,0,1365,181,-0.13,25.5,1.00,-0.024
162.20,BASE,109.61,101.76,25.60,-0.01,-2.1,-2.1,-0.4,-178.7,-2010,0.47,-0.008,0.002,0.00,0,,179,0,1365,179,-0.13,25.5,1.00,-0.024
162.30,BASE,109.61,101.73,25.60,-0.01,-2.1,-2.4,-0.4,-176.8,-2010,0.47,-0.008,0.001,0.00,0,,177,0,1365,177,-0.13,25.5,1.00,-0.024
162.40,BASE,109.61,101.70,25.60,-0.01,-2.1,-2.5,-0.4,-174.9,-2010,0.47,-0.008,0.003,0.00,0,,175,0,1365,175,-0.13,25.5,1.00,-0.023
162.50,BASE,109.61,101.68,25.60,-0.02,-2.0,-2.8,-0.4,-173.0,-2010,0.47,-0.008,0.001,0.00,0,,173,0,1365,173,-0.13,25.5,1.00,-0.023
162.60,BASE,109.61,101.66,25.60,-0.02,-2.0,-3.1,-0.4,-171.1,-2009,0.47,-0.008,0.000,0.00,0,,171,0,1364,171,-0.13,25.5,1.00,-0.023
162.70,BASE,109.60,101.64,25.59,-0.02,-2.0,-3.3,-0.3,-169.2,-2009,0.47,-0.007,0.002,0.00,0,,169,0,1364,169,-0.13,25.5,1.00,-0.023
162.80,BASE,109.60,101.62,25.59,-0.02,-2.0,-3.6,-0.3,-167.4,-2009,0.47,-0.007,0.000,0.00,0,,167,0,1364,167,-0.13,25.5,1.00,-0.023
162.90,BASE,109.60,101.60,25.60,-0.03,-2.0,-3.8,-0.2,-165.5,-2009,0.47,-0.007,0.002,0.00,0,,165,0,1364,165,-0.13,25.5,1.00,-0.023
163.00,BASE,109.60,101.59,25.60,-0.03,-2.0,-4.1,-0.1,-163.6,-2009,0.47,-0.007,0.001,0.00,0,,164,0,1364,164,-0.13,25.5,1.00,-0.023
163.10,BASE,109.59,101.57,25.60,-0.03,-2.0,-4.4,-0.0,-161.7,-2009,0.47,-0.007,-0.001,0.00,0,,162,0,1364,162,-0.13,25.5,1.00,-0.023
163.20,BASE,109.59,101.56,25.60,-0.04,-2.0,-4.6,0.1,-159.8,-2009,0.47,-0.007,0.002,0.00,0,,160,0,1364,160,-0.12,25.5,1.00,-0.023
163.30,BASE,109.59,101.55,25.60,-0.04,-2.0,-4.9,0.2,-158.0,-2009,0.47,-0.007,0.000,0.00,1,,158,0,1364,158,-0.12,25.5,1.00,-0.022
163.40,BASE,109.58,101.55,25.60,-0.04,-2.0,-5.2,0.4,-156.1,-2009,0.47,-0.007,-0.001,0.00,1,,156,0,1364,156,-0.12,25.5,1.00,-0.022
163.50,BASE,109.58,101.53,25.60,-0.05,-2.0,-5.5,0.5,-154.2,-2009,0.47,-0.006,0.001,0.00,1,,154,0,1364,154,-0.12,25.5,1.00,-0.022
163.60,BASE,109.57,101.52,25.60,-0.05,-2.0,-5.8,0.7,-152.3,-2009,0.47,-0.006,-0.001,0.00,1,,152,0,1364,152,-0.12,25.5,1.00,-0.022
163.70,BASE,109.57,101.51,25.60,-0.05,-2.0,-6.0,0.9,-150.5,-2009,0.47,-0.006,0.001,0.00,1,,150,0,1364,150,-0.12,25.5,1.00,-0.021
163.80,BASE,109.56,101.49,25.60,-0.06,-2.0,-6.3,1.1,-148.6,-2009,0.47,-0.005,-0.000,0.00,1,,149,0,1364,149,-0.12,25.5,1.00,-0.021
163.90,BASE,109.56,101.47,25.60,-0.06,-2.0,-6.6,1.3,-146.7,-2009,0.47,-0.005,-0.002,0.00,1,,147,0,1364,147,-0.12,25.5,1.00,-0.021
164.00,BASE,109.55,101.45,25.60,-0.06,-2.0,-6.9,1.5,-144.8,-2008,0.47,-0.005,0.001,0.00,1,,145,0,1363,145,-0.12,25.5,1.00,-0.021
164.10,BASE,109.55,101.43,25.60,-0.07,-2.0,-7.2,1.8,-142.9,-2008,0.47,-0.005,-0.001,0.00,1,,143,0,1363,143,-0.12,25.5,1.00,-0.020
164.20,BASE,109.54,101.41,25.60,-0.07,-2.0,-7.5,2.0,-141.1,-2008,0.47,-0.004,-0.003,0.00,2,,141,0,1363,141,-0.11,25.5,1.00,-0.020
164.30,BASE,109.53,101.38,25.61,-0.07,-2.0,-7.7,2.3,-139.2,-2008,0.47,-0.004,0.000,0.00,2,,139,0,1363,139,-0.11,25.5,1.00,-0.020
164.40,BASE,109.52,101.35,25.61,-0.08,-2.0,-8.0,2.2,-137.3,-2008,0.47,-0.004,0.013,0.00,2,,137,0,1363,137,-0.11,25.5,1.00,-0.019
164.50,BASE,109.52,101.33,25.61,-0.08,-2.0,-8.2,1.7,-135.4,-2008,0.47,-0.003,0.038,0.00,2,,135,0,1363,135,-0.11,25.5,1.00,-0.019
164.60,BASE,109.51,101.30,25.61,-0.08,-2.0,-8.5,1.3,-133.6,-2007,0.47,-0.002,0.044,0.00,2,,134,0,1362,134,-0.11,25.5,1.00,-0.019
164.70,BASE,109.50,101.27,25.61,-0.08,-2.0,-8.8,0.9,-131.7,-2007,0.47,-0.002,0.044,0.00,3,,132,0,1362,132,-0.11,25.5,1.00,-0.018
164.80,BASE,109.49,101.24,25.61,-0.09,-2.0,-9.1,0.6,-129.8,-2007,0.47,-0.000,0.047,0.00,3,,130,0,1362,130,-0.10,25.5,1.00,-0.018
164.90,BASE,109.48,101.21,25.61,-0.09,-2.0,-9.4,0.3,-127.9,-2007,0.47,0.000,0.041,0.00,3,,128,0,1362,128,-0.10,25.5,1.00,-0.018
165.00,BASE,109.47,101.18,25.61,-0.09,-2.0,-9.7,0.0,-126.1,-2006,0.47,0.001,0.039,0.00,3,,126,0,1361,126,-0.10,25.5,1.00,-0.018
165.10,BASE,109.47,101.15,25.61,-0.08,-2.0,-9.9,-0.3,-124.2,-2006,0.47,0.002,0.037,0.00,4,,124,0,1361,124,-0.10,25.5,1.00,-0.017
165.20,BASE,109.46,101.12,25.61,-0.08,-2.0,-10.2,-0.5,-122.3,-2006,0.47,0.001,0.032,0.00,4,,122,0,1361,122,-0.10,25.5,1.00,-0.017
165.30,BASE,109.45,101.09,25.61,-0.08,-2.0,-10.5,-0.8,-120.5,-2005,0.47,0.002,0.033,0.00,4,,120,0,1360,120,-0.10,25.5,1.00,-0.017
165.40,BASE,109.44,101.06,25.61,-0.07,-2.0,-10.7,-1.0,-118.6,-2005,0.47,0.002,0.027,0.00,5,,119,0,1360,119,-0.09,25.5,1.00,-0.017
165.50,BASE,109.43,101.04,25.61,-0.07,-2.0,-11.0,-1.3,-116.8,-2005,0.47,0.002,0.024,0.00,5,,117,0,1360,117,-0.09,25.5,1.00,-0.017
165.60,BASE,109.43,101.01,25.61,-0.06,-2.0,-11.2,-1.5,-114.9,-2004,0.47,0.002,0.026,0.00,5,,115,0,1359,115,-0.09,25.5,1.00,-0.017
165.70,BASE,109.42,100.99,25.61,-0.05,-1.9,-11.4,-1.8,-113.0,-2004,0.47,-0.009,0.021,0.00,6,,113,0,1359,113,-0.09,25.5,1.00,-0.017
165.80,BASE,109.42,100.97,25.61,-0.02,-1.8,-11.6,-2.1,-111.2,-2004,0.47,-0.024,0.025,0.00,6,,111,0,1359,111,-0.09,25.5,1.00,-0.018
165.90,BASE,109.42,100.95,25.61,0.02,-1.6,-11.8,-2.4,-109.3,-2003,0.47,-0.033,0.020,0.00,6,,109,0,1358,109,-0.09,25.5,1.00,-0.020
166.00,BASE,109.42,100.94,25.60,0.07,-1.5,-12.0,-2.8,-107.5,-2003,0.47,-0.034,0.017,0.00,7,,108,0,1358,108,-0.09,25.5,1.00,-0.022
166.10,BASE,109.43,100.94,25.59,0.11,-1.5,-12.1,-3.2,-105.7,-2002,0.46,-0.030,0.021,0.00,7,,106,0,1357,106,-0.09,25.5,1.00,-0.024
166.20,BASE,109.44,100.94,25.58,0.14,-1.4,-12.3,-3.6,-103.8,-2002,0.46,-0.026,0.018,0.00,8,,104,0,1357,104,-0.09,25.5,1.00,-0.026
166.30,BASE,109.46,100.94,25.57,0.16,-1.4,-12.4,-4.0,-102.0,-2001,0.47,-0.024,0.024,0.00,8,,102,0,1356,102,-0.10,25.5,1.00,-0.027
166.40,BASE,109.47,100.95,25.57,0.17,-1.4,-12.5,-4.4,-100.2,-2001,0.47,-0.023,0.021,0.00,9,,100,0,1356,100,-0.10,25.5,1.00,-0.029
166.50,BASE,109.49,100.97,25.56,0.17,-1.4,-12.7,-4.9,-98.4,-2000,0.47,-0.024,0.021,0.00,9,,98,0,1355,98,-0.10,25.5,1.00,-0.030
166.60,FINAL,109.51,100.98,25.55,0.17,-1.4,-12.8,-48.4,-96.6,-2000,0.64,-0.014,0.018,0.00,,-38,1480,0,1355,97,1.50,17.5,1.00,0.170
166.70,FINAL,109.52,101.00,25.58,0.18,-1.4,-12.9,-5.7,-94.8,-1999,0.64,0.032,0.017,0.02,,-38,1479,0,1354,95,1.50,17.5,1.00,0.170
166.80,FINAL,109.54,101.02,25.60,0.21,-1.1,-13.0,-6.1,-92.9,-1998,0.64,0.053,0.026,0.03,,-38,1478,0,1353,93,1.50,17.5,1.00,0.170
166.90,FINAL,109.57,101.05,25.62,0.31,-0.5,-13.2,-6.4,-91.1,-1998,0.63,0.056,0.023,0.04,,-38,1478,0,1353,91,1.50,17.5,1.00,0.170
167.00,FINAL,109.60,101.10,25.62,0.48,0.3,-13.4,-6.6,-89.4,-1997,0.62,0.039,0.019,0.06,,-38,1477,0,1352,89,1.50,17.5,1.00,0.170
167.10,FINAL,109.66,101.16,25.60,0.73,1.2,-13.5,-6.8,-87.6,-1996,0.61,-0.002,0.019,0.07,,-38,1476,0,1351,88,1.50,17.5,1.00,0.170
167.20,FINAL,109.74,101.26,25.57,1.04,2.0,-13.6,-6.9,-85.8,-1996,0.60,-0.016,0.013,0.09,,-38,1476,0,1351,86,1.50,17.5,1.00,0.170
167.30,FINAL,109.85,101.38,25.52,1.35,2.7,-13.7,-7.1,-84.0,-1995,0.58,-0.009,0.016,0.10,,-38,1475,0,1350,84,1.50,17.5,1.00,0.170
167.40,FINAL,110.00,101.54,25.45,1.64,3.3,-13.8,-7.3,-82.3,-1994,0.57,0.001,0.012,0.11,,-37,1474,0,1349,82,1.50,17.5,1.00,0.170
167.50,FINAL,110.17,101.73,25.37,1.92,3.8,-13.8,-7.5,-80.6,-1993,0.56,0.003,0.010,0.13,,-37,1473,0,1348,81,1.50,17.5,1.00,0.170
167.60,FINAL,110.37,101.94,25.28,2.19,4.3,-13.7,-7.6,-78.9,-1993,0.55,-0.009,0.014,0.14,,-37,1473,0,1348,79,1.50,17.5,1.00,0.161
167.70,FINAL,110.60,102.19,25.17,2.44,4.7,-13.7,-7.7,-77.2,-1992,0.54,-0.023,0.011,0.16,,-37,1472,0,1347,77,1.50,17.5,1.00,0.151
167.80,FINAL,110.85,102.46,25.06,2.69,5.1,-13.6,-7.8,-75.5,-1991,0.53,-0.033,0.017,0.17,,-36,1471,0,1346,76,1.50,17.5,1.00,0.140
167.90,FINAL,111.13,102.76,24.93,2.91,5.5,-13.6,-7.9,-73.9,-1990,0.52,-0.039,0.013,0.18,,-36,1470,0,1345,74,1.50,17.5,1.00,0.130
168.00,FINAL,111.43,103.07,24.79,3.11,5.8,-13.5,-7.9,-72.3,-1989,0.52,-0.046,0.012,0.20,,-35,1469,0,1344,72,1.50,17.5,1.00,0.120
168.10,FINAL,111.75,103.41,24.65,3.29,6.0,-13.3,-8.0,-70.7,-1988,0.51,-0.052,0.018,0.21,,-35,1468,0,1343,71,1.50,17.5,1.00,0.110
168.20,FINAL,112.08,103.77,24.50,3.45,6.2,-13.2,-8.0,-69.1,-1987,0.51,-0.060,0.015,0.23,,-35,1467,0,1342,69,1.50,17.5,1.00,0.101
168.30,FINAL,112.43,104.15,24.34,3.59,6.4,-13.1,-8.0,-67.6,-1986,0.51,-0.069,0.011,0.24,,-34,1466,0,1341,68,1.50,17.5,1.00,0.092
168.40,FINAL,112.79,104.53,24.17,3.71,6.6,-12.7,-8.0,-66.1,-1985,0.50,-0.077,0.016,0.25,,-34,1465,0,1340,66,1.50,17.5,1.00,0.083
168.50,FINAL,113.17,104.93,24.01,3.82,6.7,-12.4,-8.0,-64.6,-1984,0.50,-0.086,0.016,0.27,,-33,1464,0,1339,65,1.50,17.5,1.00,0.075
168.60,FINAL,113.55,105.35,23.83,3.92,6.9,-12.1,-8.0,-63.2,-1983,0.50,-0.094,0.022,0.28,,-33,1463,0,1338,63,1.50,17.5,1.00,0.067
168.70,FINAL,113.95,105.77,23.65,4.00,7.0,-11.9,-7.9,-61.7,-1982,0.50,-0.102,0.019,0.30,,-32,1462,0,1337,62,1.50,17.5,1.00,0.059
168.80,FINAL,114.35,106.20,23.47,4.07,7.1,-11.6,-7.9,-60.4,-1981,0.50,-0.111,0.018,0.31,,-32,1461,0,1336,60,1.50,17.5,1.00,0.051
168.90,FINAL,114.76,106.64,23.28,4.13,7.2,-11.3,-7.9,-59.0,-1980,0.50,-0.118,0.024,0.32,,-31,1460,0,1335,59,1.50,17.5,1.00,0.044
169.00,FINAL,115.17,107.08,23.10,4.18,7.3,-11.1,-7.9,-57.7,-1979,0.50,-0.127,0.022,0.34,,-31,1459,0,1334,58,1.50,17.5,1.00,0.037
169.10,FINAL,115.59,107.53,22.90,4.22,7.4,-10.9,-7.9,-56.4,-1978,0.50,-0.135,0.021,0.35,,-30,1458,0,1333,56,1.50,17.5,1.00,0.030
169.20,FINAL,116.02,107.98,22.71,4.25,7.5,-10.6,-8.0,-55.1,-1977,0.51,-0.142,0.023,0.37,,-30,1457,0,1332,55,1.50,17.5,1.00,0.024
169.30,FINAL,116.44,108.44,22.52,4.28,7.5,-10.2,-8.1,-53.8,-1976,0.51,-0.150,0.023,0.38,,-29,1456,0,1331,54,1.50,17.5,1.00,0.018
169.40,FINAL,116.87,108.90,22.32,4.29,7.6,-9.8,-8.1,-52.6,-1974,0.51,-0.157,0.024,0.39,,-29,1454,0,1329,53,1.50,17.5,1.00,0.012
169.50,FINAL,117.30,109.36,22.12,4.30,7.7,-9.4,-8.3,-51.4,-1973,0.51,-0.164,0.031,0.41,,-28,1453,0,1328,51,1.50,17.5,1.00,0.006
169.60,FINAL,117.73,109.81,21.92,4.30,7.7,-9.1,-8.4,-50.3,-1972,0.51,-0.175,0.030,0.42,,-27,1452,0,1327,50,1.50,17.5,1.00,-0.002
169.70,FINAL,118.16,110.27,21.72,4.30,7.8,-8.8,-8.6,-49.1,-1971,0.52,-0.187,0.030,0.44,,-27,1451,0,1326,49,1.50,17.5,1.00,-0.012
169.80,FINAL,118.59,110.73,21.52,4.29,7.8,-8.4,-8.8,-48.0,-1970,0.52,-0.196,0.037,0.45,,-26,1450,0,1325,48,1.50,17.5,1.00,-0.023
169.90,FINAL,119.02,111.18,21.32,4.27,7.8,-8.2,-9.0,-46.9,-1969,0.52,-0.204,0.036,0.46,,-26,1449,0,1324,47,1.50,17.5,1.00,-0.033
170.00,FINAL,119.44,111.63,21.12,4.25,7.8,-7.9,-9.2,-45.8,-1968,0.53,-0.211,0.032,0.48,,-25,1448,0,1323,46,1.50,17.5,1.00,-0.043
170.10,FINAL,119.87,112.08,20.92,4.21,7.7,-7.5,-9.6,-44.8,-1967,0.53,-0.217,0.040,0.49,,-25,1447,0,1322,45,1.50,17.5,1.00,-0.052
170.20,FINAL,120.29,112.53,20.72,4.17,7.7,-7.1,-9.8,-43.8,-1966,0.53,-0.222,0.040,0.51,,-24,1446,0,1321,44,1.50,17.5,1.00,-0.061
170.30,FINAL,120.70,112.96,20.52,4.12,7.6,-6.8,-10.1,-42.8,-1964,0.54,-0.226,0.042,0.52,,-24,1444,0,1319,43,1.50,17.5,1.00,-0.070
170.40,FINAL,121.11,113.39,20.33,4.06,7.5,-6.4,-10.5,-41.8,-1963,0.54,-0.229,0.050,0.53,,-23,1443,0,1318,42,1.50,17.5,1.00,-0.078
170.50,FINAL,121.52,113.81,20.14,3.99,7.3,-6.2,-10.8,-40.9,-1962,0.54,-0.231,0.049,0.55,,-23,1442,0,1317,41,1.50,17.5,1.00,-0.085
170.60,FINAL,121.91,114.23,19.95,3.92,7.1,-6.0,-11.1,-39.9,-1961,0.55,-0.231,0.048,0.56,,-22,1441,0,1316,40,1.50,17.5,1.00,-0.093
170.70,FINAL,122.30,114.63,19.76,3.83,6.9,-5.7,-11.5,-39.0,-1960,0.55,-0.230,0.057,0.58,,-22,1440,0,1315,39,1.50,17.5,1.00,-0.099
170.80,FINAL,122.68,115.03,19.57,3.74,6.7,-5.5,-11.8,-38.1,-1959,0.56,-0.228,0.055,0.59,,-21,1439,0,1314,38,1.50,17.5,1.00,-0.105
170.90,FINAL,123.05,115.41,19.39,3.64,6.4,-5.4,-12.1,-37.3,-1958,0.56,-0.226,0.054,0.60,,-21,1438,0,1313,37,1.50,17.5,1.00,-0.110
171.00,FINAL,123.41,115.78,19.21,3.54,6.1,-5.2,-12.5,-36.4,-1957,0.57,-0.222,0.054,0.62,,-20,1437,0,1312,36,1.50,17.5,1.00,-0.115
171.10,FINAL,123.76,116.14,19.04,3.42,5.8,-5.0,-12.9,-35.6,-1956,0.58,-0.218,0.061,0.63,,-20,1436,0,1311,36,1.50,17.5,1.00,-0.119
171.20,FINAL,124.10,116.49,18.87,3.31,5.5,-4.9,-13.3,-34.8,-1954,0.58,-0.215,0.059,0.65,,-19,1434,0,1309,35,1.50,17.5,1.00,-0.122
171.30,FINAL,124.43,116.83,18.70,3.18,5.2,-4.8,-13.6,-34.0,-1953,0.59,-0.213,0.059,0.66,,-19,1433,0,1308,34,1.50,17.5,1.00,-0.125
171.40,FINAL,124.74,117.15,18.55,3.06,4.9,-4.7,-14.0,-33.2,-1952,0.61,-0.213,0.067,0.67,,-18,1432,0,1307,33,1.50,17.5,1.00,-0.127
171.50,FINAL,125.05,117.47,18.40,2.94,4.7,-4.6,-14.4,-32.4,-1951,0.63,-0.215,0.065,0.69,,-18,1431,0,1306,32,1.50,17.5,1.00,-0.129
171.60,FINAL,125.34,117.76,18.26,2.83,4.4,-4.5,-14.7,-31.7,-1950,0.65,-0.218,0.063,0.70,,-18,1430,0,1305,32,1.50,17.5,1.00,-0.130
171.70,FINAL,125.62,118.05,18.12,2.73,4.2,-4.4,-15.0,-30.9,-1949,0.67,-0.223,0.063,0.72,,-17,1429,0,1304,31,1.50,17.5,1.00,-0.131
171.80,FINAL,125.88,118.33,18.00,2.63,4.1,-4.3,-15.4,-30.2,-1948,0.69,-0.228,0.069,0.73,,-17,1428,0,1303,30,1.50,17.5,1.00,-0.132
171.90,FINAL,126.15,118.60,17.88,2.55,4.0,-4.3,-15.7,-29.5,-1947,0.71,-0.234,0.067,0.74,,-17,1427,0,1302,30,1.50,17.5,1.00,-0.133
172.00,FINAL,126.40,118.86,17.76,2.48,3.9,-4.3,-16.0,-28.8,-1946,0.72,-0.239,0.066,0.76,,-16,1426,0,1301,29,1.50,17.5,1.00,-0.134
172.10,FINAL,126.64,119.11,17.65,2.41,3.8,-4.2,-16.4,-28.1,-1945,0.74,-0.245,0.073,0.77,,-16,1425,0,1300,28,1.50,17.5,1.00,-0.135
172.20,FINAL,126.88,119.35,17.54,2.36,3.7,-4.2,-16.6,-27.4,-1944,0.75,-0.251,0.070,0.79,,-15,1424,0,1299,27,1.50,17.5,1.00,-0.136
172.30,FINAL,127.12,119.59,17.44,2.31,3.7,-4.2,-16.9,-26.8,-1942,0.76,-0.257,0.067,0.80,,-15,1422,0,1297,27,1.50,17.5,1.00,-0.138
172.40,FINAL,127.35,119.83,17.33,2.27,3.7,-4.2,-17.2,-26.1,-1941,0.77,-0.263,0.066,0.81,,-15,1421,0,1296,26,1.50,17.5,1.00,-0.140
172.50,FINAL,127.57,120.06,17.23,2.24,3.7,-4.1,-17.5,-25.5,-1940,0.78,-0.268,0.073,0.83,,-14,1420,0,1295,25,1.50,17.5,1.00,-0.142
172.60,FINAL,127.80,120.29,17.13,2.22,3.7,-4.1,-17.7,-24.9,-1939,0.80,-0.274,0.070,0.84,,-14,1419,0,1294,25,1.50,17.5,1.00,-0.144
172.70,FINAL,128.02,120.51,17.03,2.20,3.7,-4.1,-18.0,-24.3,-1938,0.81,-0.279,0.068,0.86,,-14,1418,0,1293,24,1.50,17.5,1.00,-0.147
172.80,FINAL,128.24,120.74,16.94,2.19,3.7,-4.1,-18.2,-23.6,-1937,0.81,-0.291,0.066,0.87,,-13,1417,0,1292,24,1.45,17.5,1.00,-0.156
172.90,FINAL,128.46,120.96,16.84,2.17,3.7,-4.1,-18.5,-23.1,-1936,0.81,-0.300,0.072,0.88,,-13,1416,0,1291,23,1.39,17.5,1.00,-0.165
173.00,FINAL,128.67,121.18,16.73,2.16,3.7,-4.1,-18.8,-22.5,-1935,0.81,-0.300,0.069,0.90,,-13,1415,0,1290,22,1.33,17.5,1.00,-0.175
173.10,FINAL,128.89,121.40,16.63,2.14,3.7,-4.1,-19.0,-21.9,-1934,0.81,-0.300,0.067,0.91,,-13,1414,0,1289,22,1.27,17.5,1.00,-0.185
173.20,FINAL,129.10,121.62,16.53,2.13,3.7,-4.1,-19.2,-21.4,-1933,0.81,-0.300,0.067,0.93,,-12,1413,0,1288,21,1.22,17.5,1.00,-0.195
173.30,FINAL,129.31,121.84,16.42,2.11,3.7,-4.0,-19.5,-20.8,-1932,0.81,-0.300,0.072,0.94,,-12,1412,0,1287,21,1.16,17.5,1.00,-0.206
173.40,FINAL,129.52,122.05,16.32,2.09,3.7,-4.0,-19.8,-20.3,-1931,0.81,-0.300,0.070,0.95,,-12,1411,0,1286,20,1.11,17.5,1.00,-0.210
173.50,FINAL,129.73,122.26,16.21,2.08,3.8,-4.0,-20.0,-19.8,-1930,0.81,-0.300,0.068,0.97,,-11,1410,0,1285,20,1.05,17.5,1.00,-0.210
173.60,FINAL,129.94,122.48,16.10,2.06,3.8,-4.0,-20.2,-19.3,-1929,0.82,-0.300,0.068,0.98,,-11,1409,0,1284,19,1.00,17.5,1.00,-0.210
173.70,FINAL,130.15,122.69,15.99,2.05,3.9,-3.9,-20.5,-18.8,-1928,0.82,-0.300,0.073,1.00,,-11,1408,0,1283,19,0.94,17.5,1.00,-0.210
173.80,FINAL,130.35,122.90,15.87,2.04,4.1,-3.9,-20.7,-18.3,-1926,0.82,-0.300,0.071,1.00,,-10,1406,0,1281,18,0.89,17.5,1.00,-0.210
173.90,FINAL,130.55,123.10,15.76,2.03,4.2,-3.9,-20.9,-17.8,-1925,0.82,-0.300,0.070,1.00,,-10,1405,0,1280,18,0.83,17.5,1.00,-0.210
174.00,FINAL,130.76,123.31,15.65,2.02,4.4,-3.8,-21.1,-17.4,-1924,0.82,-0.300,0.070,1.00,,-10,1404,0,1279,17,0.78,17.5,1.00,-0.210
174.10,FINAL,130.96,123.51,15.54,2.00,4.6,-3.8,-21.4,-16.9,-1923,0.82,-0.300,0.076,1.00,,-9,1403,0,1278,17,0.72,17.5,1.00,-0.210
174.20,FINAL,131.16,123.72,15.44,1.98,4.8,-3.8,-21.6,-16.5,-1922,0.82,-0.300,0.074,1.00,,-9,1402,0,1277,17,0.67,17.5,1.00,-0.210
174.30,FINAL,131.36,123.92,15.33,1.97,5.0,-3.7,-21.7,-16.1,-1921,0.83,-0.300,0.074,1.00,,-9,1401,0,1276,16,0.62,17.5,1.00,-0.210
174.40,FINAL,131.55,124.12,15.22,1.95,5.2,-3.7,-21.9,-15.7,-1920,0.83,-0.300,0.074,1.00,,-8,1400,0,1275,16,0.57,17.5,1.00,-0.210
174.50,FINAL,131.75,124.32,15.12,1.94,5.4,-3.6,-22.2,-15.3,-1919,0.83,-0.300,0.080,1.00,,-8,1399,0,1274,15,0.51,17.5,1.00,-0.210
174.60,FINAL,131.94,124.52,15.01,1.93,5.7,-3.6,-22.3,-14.9,-1918,0.83,-0.300,0.078,1.00,,-8,1398,0,1273,15,0.46,17.5,1.00,-0.210
174.70,FINAL,132.13,124.71,14.91,1.92,6.0,-3.5,-22.5,-14.6,-1917,0.83,-0.300,0.077,1.00,,-8,1397,0,1272,15,0.41,17.5,1.00,-0.210
174.80,FINAL,132.32,124.91,14.80,1.91,6.4,-3.5,-22.6,-14.2,-1916,0.83,-0.300,0.076,1.00,,-7,1396,0,1271,14,0.36,17.5,1.00,-0.210
174.90,FINAL,132.51,125.10,14.69,1.91,6.7,-3.4,-22.8,-13.8,-1915,0.83,-0.300,0.083,1.00,,-7,1395,0,1270,14,0.31,17.5,1.05,-0.210
175.00,FINAL,132.71,125.30,14.58,1.91,7.0,-3.4,-23.0,-13.5,-1914,0.83,-0.300,0.080,1.00,,-7,1394,0,1269,14,0.25,17.5,1.10,-0.210
175.10,FINAL,132.90,125.49,14.47,1.91,7.3,-3.3,-23.1,-13.2,-1913,0.83,-0.300,0.078,1.00,,-6,1393,0,1268,13,0.20,17.5,1.15,-0.210
175.20,FINAL,133.09,125.69,14.35,1.91,7.6,-3.3,-23.2,-12.9,-1912,0.83,-0.300,0.077,1.00,,-6,1392,0,1267,13,0.15,17.5,1.20,-0.210
175.30,FINAL,133.28,125.88,14.24,1.91,7.7,-3.2,-23.3,-12.6,-1911,0.83,-0.300,0.078,1.00,,-6,1391,0,1266,13,0.10,17.5,1.25,-0.210
175.40,FINAL,133.47,126.08,14.12,1.90,7.9,-3.1,-23.6,-12.3,-1910,0.83,-0.300,0.083,1.00,,-6,1390,0,1265,12,0.05,17.5,1.30,-0.210
175.50,FINAL,133.66,126.27,14.01,1.88,7.9,-3.0,-23.7,-12.0,-1909,0.83,-0.300,0.082,1.00,,-5,1389,0,1264,12,0.00,17.5,1.35,-0.210
175.60,FINAL,133.85,126.46,13.90,1.85,7.9,-3.0,-23.8,-11.8,-1908,0.83,-0.300,0.082,1.00,,-5,1388,0,1263,12,-0.05,17.5,1.40,-0.210
175.70,FINAL,134.03,126.65,13.79,1.81,7.9,-2.9,-23.9,-11.5,-1907,0.83,-0.300,0.083,1.00,,-5,1387,0,1262,12,-0.10,17.5,1.45,-0.210
175.80,FINAL,134.21,126.83,13.69,1.77,7.8,-2.8,-24.0,-11.3,-1906,0.83,-0.300,0.085,1.00,,-4,1386,0,1261,11,-0.14,17.5,1.50,-0.210
175.90,FINAL,134.38,127.01,13.59,1.71,7.7,-2.7,-24.2,-11.0,-1905,0.83,-0.300,0.089,1.00,,-4,1385,0,1260,11,-0.19,17.5,1.55,-0.210
176.00,FINAL,134.55,127.18,13.49,1.65,7.5,-2.6,-24.3,-10.8,-1904,0.83,-0.300,0.090,1.00,,-4,1384,0,1259,11,-0.24,17.5,1.60,-0.210
176.10,FINAL,134.72,127.35,13.40,1.58,7.3,-2.5,-24.4,-10.6,-1903,0.83,-0.300,0.090,1.00,,-4,1383,0,1258,11,-0.29,17.5,1.65,-0.210
176.20,FINAL,134.87,127.51,13.32,1.51,7.0,-2.4,-24.5,-10.4,-1902,0.84,-0.300,0.092,1.00,,-3,1382,0,1257,10,-0.33,17.5,1.70,-0.210
176.30,FINAL,135.02,127.67,13.24,1.43,6.7,-2.4,-24.7,-10.2,-1901,0.84,-0.300,0.099,1.00,,-3,1381,0,1256,10,-0.37,17.5,1.75,-0.210
176.40,FINAL,135.16,127.81,13.17,1.34,6.4,-2.3,-24.8,-10.0,-1900,0.84,-0.300,0.098,1.00,,-3,1380,0,1255,10,-0.42,17.5,1.80,-0.210
176.50,FINAL,135.29,127.95,13.11,1.25,6.1,-2.2,-24.9,-9.8,-1899,0.84,-0.300,0.098,1.00,,-3,1379,0,1254,10,-0.46,17.5,1.85,-0.210
176.60,FINAL,135.41,128.08,13.06,1.16,5.7,-2.1,-25.0,-9.6,-1898,0.84,-0.300,0.099,1.00,,-2,1378,0,1253,10,-0.50,17.5,1.90,-0.210
176.70,FINAL,135.53,128.20,13.01,1.06,5.3,-2.0,-25.1,-9.5,-1897,0.84,-0.300,0.100,1.00,,-2,1377,0,1252,9,-0.54,17.5,1.95,-0.210
176.80,FINAL,135.63,128.31,12.97,0.96,4.9,-2.0,-25.3,-9.3,-1896,0.84,-0.300,0.107,1.00,,-2,1376,0,1251,9,-0.57,17.5,2.00,-0.210
176.90,FINAL,135.72,128.40,12.94,0.85,4.5,-1.9,-25.5,-9.1,-1895,0.84,-0.300,0.106,1.00,,-2,1375,0,1250,9,-0.61,17.5,2.00,-0.210
177.00,FINAL,135.80,128.49,12.92,0.75,4.0,-1.8,-25.6,-9.0,-1894,0.84,-0.300,0.106,1.00,,-2,1374,0,1249,9,-0.65,17.5,2.00,-0.210
177.10,FINAL,135.87,128.57,12.90,0.64,3.5,-1.8,-25.7,-8.8,-1894,0.84,-0.300,0.106,1.00,,-1,1374,0,1249,9,-0.68,17.5,2.00,-0.210
177.20,FINAL,135.93,128.64,12.90,0.53,3.0,-1.7,-25.8,-8.6,-1893,0.84,-0.300,0.107,1.00,,-1,1373,0,1248,9,-0.71,17.5,2.00,-0.210
177.30,FINAL,135.98,128.70,12.90,0.41,2.5,-1.7,-26.0,-8.5,-1892,0.84,-0.300,0.112,1.00,,-1,1372,0,1247,8,-0.74,17.5,2.00,-0.210
177.40,FINAL,136.02,128.75,12.91,0.30,1.9,-1.6,-26.2,-8.3,-1891,0.85,-0.296,0.111,1.00,,-1,1371,0,1246,8,-0.77,17.5,2.00,-0.210
177.50,FINAL,136.05,128.78,12.93,0.18,1.4,-1.6,-26.3,-8.2,-1890,0.85,-0.286,0.110,1.00,,-1,1370,0,1245,8,-0.80,17.5,2.00,-0.210
177.60,FINAL,136.06,128.81,12.96,0.07,0.9,-1.5,-26.5,-8.0,-1889,0.85,-0.279,0.110,1.00,,-1,1369,0,1244,8,-0.83,17.5,2.00,-0.210
177.70,FINAL,136.06,128.82,13.00,-0.05,0.4,-1.5,-26.7,-7.9,-1888,0.85,-0.275,0.111,1.00,,-1,1368,0,1243,8,-0.85,17.5,2.00,-0.210
177.80,FINAL,136.06,128.82,13.04,-0.16,-0.1,-1.5,-27.0,-7.7,-1887,0.85,-0.273,0.114,1.00,,-1,1367,0,1242,8,-0.88,17.5,2.00,-0.210
177.90,FINAL,136.04,128.82,13.10,-0.26,-0.5,-1.4,-27.2,-7.6,-1886,0.84,-0.271,0.112,1.00,,-1,1366,0,1241,8,-0.90,17.5,2.00,-0.210
178.00,FINAL,136.01,128.80,13.15,-0.36,-0.9,-1.4,-27.4,-7.4,-1885,0.84,-0.270,0.111,1.00,,0,1365,0,1240,7,-0.92,17.5,2.00,-0.210
178.10,FINAL,135.97,128.77,13.21,-0.45,-1.3,-1.4,-27.6,-7.3,-1884,0.84,-0.268,0.111,1.00,,0,1364,0,1239,7,-0.94,17.5,2.00,-0.210
178.20,FINAL,135.92,128.73,13.28,-0.54,-1.7,-1.4,-28.0,-7.1,-1883,0.84,-0.265,0.116,1.00,,0,1363,0,1238,7,-0.96,17.5,2.00,-0.210
178.30,FINAL,135.86,128.69,13.35,-0.62,-2.0,-1.4,-28.2,-7.0,-1882,0.84,-0.263,0.112,1.00,,0,1362,0,1237,7,-0.97,17.5,2.00,-0.210
178.40,FINAL,135.80,128.64,13.43,-0.70,-2.3,-1.4,-28.5,-6.8,-1881,0.83,-0.262,0.111,1.00,,0,1361,0,1236,7,-0.99,17.5,2.00,-0.210
178.50,FINAL,135.73,128.58,13.51,-0.77,-2.7,-1.4,-28.8,-6.7,-1880,0.83,-0.260,0.110,1.00,,0,1360,0,1235,7,-1.01,17.5,2.00,-0.210
178.60,FINAL,135.65,128.51,13.59,-0.84,-2.9,-1.4,-29.2,-6.5,-1879,0.82,-0.259,0.109,1.00,,0,1359,0,1234,6,-1.02,17.5,2.00,-0.210
178.70,FINAL,135.56,128.44,13.67,-0.90,-3.2,-1.4,-29.6,-6.3,-1878,0.82,-0.259,0.112,1.00,,0,1358,0,1233,6,-1.03,17.5,2.00,-0.210
178.80,FINAL,135.47,128.37,13.75,-0.95,-3.4,-1.4,-30.0,-6.2,-1876,0.81,-0.259,0.110,1.00,,0,1356,0,1231,6,-1.04,17.5,2.00,-0.210
178.90,FINAL,135.37,128.29,13.84,-1.00,-3.7,-1.5,-30.4,-6.0,-1875,0.81,-0.260,0.108,1.00,,0,1355,0,1230,6,-1.06,17.5,2.00,-0.210
179.00,FINAL,135.27,128.20,13.92,-1.04,-3.9,-1.5,-30.8,-5.8,-1874,0.80,-0.260,0.107,1.00,,0,1354,0,1229,6,-1.07,17.5,2.00,-0.210
179.10,FINAL,135.16,128.11,14.01,-1.08,-4.1,-1.5,-31.3,-5.7,-1873,0.80,-0.261,0.111,1.00,,0,1353,0,1228,6,-1.08,17.5,2.00,-0.210
179.20,FINAL,135.06,128.02,14.09,-1.11,-4.2,-1.5,-31.7,-5.5,-1872,0.79,-0.263,0.108,1.00,,0,1352,0,1227,5,-1.09,17.5,2.00,-0.210
179.30,FINAL,134.94,127.93,14.18,-1.14,-4.4,-1.6,-32.2,-5.3,-1871,0.79,-0.264,0.104,1.00,,0,1351,0,1226,5,-1.10,17.5,2.00,-0.210
179.40,FINAL,134.83,127.83,14.26,-1.16,-4.5,-1.6,-32.2,-5.1,-1870,0.78,-0.266,0.088,1.00,,0,1350,0,1225,5,-1.11,17.5,2.00,-0.210
179.50,FINAL,134.71,127.74,14.34,-1.18,-4.6,-1.6,-32.2,-5.0,-1869,0.78,-0.267,0.081,1.00,,0,1349,0,1224,5,-1.11,17.5,2.00,-0.210
179.60,FINAL,134.59,127.64,14.42,-1.20,-4.7,-1.7,-32.3,-4.8,-1868,0.77,-0.269,0.078,1.00,,0,1348,0,1223,5,-1.12,17.5,2.00,-0.210
179.70,FINAL,134.47,127.54,14.50,-1.21,-4.8,-1.7,-32.3,-4.6,-1867,0.76,-0.271,0.078,1.00,,0,1347,0,1222,5,-1.13,17.5,2.00,-0.210
179.80,FINAL,134.35,127.45,14.58,-1.21,-4.8,-1.8,-32.5,-4.4,-1865,0.76,-0.274,0.079,1.00,,0,1345,0,1220,4,-1.14,17.5,2.00,-0.210
179.90,FINAL,134.23,127.35,14.65,-1.21,-4.9,-1.8,-32.6,-4.2,-1864,0.75,-0.276,0.080,1.00,,0,1344,0,1219,4,-1.15,17.5,2.00,-0.210
180.00,FINAL,134.11,127.25,14.73,-1.21,-4.9,-1.9,-32.7,-4.1,-1863,0.74,-0.279,0.082,1.00,,0,1343,0,1218,4,-1.15,17.5,2.00,-0.210
180.10,FINAL,133.99,127.16,14.80,-1.21,-4.9,-1.9,-32.8,-3.9,-1862,0.74,-0.281,0.083,1.00,,0,1342,0,1217,4,-1.16,17.5,2.00,-0.210
180.20,FINAL,133.87,127.07,14.86,-1.20,-4.9,-2.0,-33.0,-3.7,-1861,0.73,-0.284,0.085,1.00,,0,1341,0,1216,4,-1.17,17.5,1.95,-0.210
180.30,FINAL,133.75,126.97,14.93,-1.19,-4.9,-2.1,-33.1,-3.5,-1860,0.72,-0.286,0.086,1.00,,0,1340,0,1215,3,-1.18,17.5,1.90,-0.210
180.40,FINAL,133.63,126.89,14.99,-1.17,-4.9,-2.1,-33.2,-3.3,-1858,0.72,-0.288,0.088,1.00,,0,1338,0,1213,3,-1.18,17.5,1.85,-0.210
180.50,FINAL,133.51,126.80,15.05,-1.16,-4.9,-2.2,-33.3,-3.1,-1857,0.71,-0.290,0.089,1.00,,0,1337,0,1212,3,-1.19,17.5,1.80,-0.210
180.60,FINAL,133.40,126.72,15.10,-1.14,-4.9,-2.3,-33.4,-2.9,-1856,0.70,-0.292,0.090,1.00,,0,1336,0,1211,3,-1.20,17.5,1.75,-0.210
180.70,FINAL,133.28,126.63,15.16,-1.12,-4.9,-2.4,-33.5,-2.7,-1855,0.70,-0.293,0.091,1.00,,0,1335,0,1210,3,-1.21,17.5,1.70,-0.210
180.80,FINAL,133.17,126.56,15.20,-1.10,-4.9,-2.5,-33.6,-2.5,-1853,0.69,-0.294,0.091,1.00,,0,1333,0,1208,3,-1.22,17.5,1.65,-0.210
180.90,FINAL,133.06,126.48,15.25,-1.09,-4.9,-2.6,-33.6,-2.4,-1852,0.68,-0.296,0.091,1.00,,0,1332,0,1207,2,-1.22,17.5,1.60,-0.210
181.00,FINAL,132.95,126.41,15.29,-1.07,-4.8,-2.7,-33.6,-2.2,-1851,0.67,-0.297,0.092,1.00,,0,1331,0,1206,2,-1.23,17.5,1.55,-0.210
181.10,FINAL,132.85,126.34,15.33,-1.05,-4.8,-2.8,-33.5,-2.0,-1850,0.66,-0.297,0.092,1.00,,0,1330,0,1205,2,-1.24,17.5,1.50,-0.210
181.20,FINAL,132.74,126.27,15.37,-1.04,-4.8,-2.9,-33.5,-1.8,-1848,0.65,-0.297,0.092,1.00,,0,1328,0,1203,2,-1.25,17.5,1.45,-0.210
181.30,FINAL,132.64,126.20,15.40,-1.03,-4.8,-3.0,-33.4,-1.6,-1847,0.64,-0.297,0.092,1.00,,0,1327,0,1202,2,-1.26,17.5,1.40,-0.210
181.40,FINAL,132.54,126.14,15.43,-1.01,-4.8,-3.1,-33.3,-1.4,-1846,0.64,-0.296,0.092,1.00,,0,1326,0,1201,1,-1.27,17.5,1.35,-0.210
181.50,FINAL,132.44,126.08,15.46,-1.00,-4.8,-3.2,-33.1,-1.3,-1845,0.63,-0.295,0.092,1.00,,0,1325,0,1200,1,-1.28,17.5,1.30,-0.210
181.60,FINAL,132.34,126.01,15.48,-1.00,-4.9,-3.3,-33.0,-1.1,-1843,0.62,-0.293,0.091,1.00,,0,1323,0,1198,1,-1.29,17.5,1.25,-0.210
181.70,FINAL,132.24,125.95,15.51,-0.99,-4.9,-3.4,-32.8,-0.9,-1842,0.62,-0.292,0.091,1.00,,0,1322,0,1197,1,-1.30,17.5,1.20,-0.210
181.80,FINAL,132.14,125.90,15.53,-0.99,-5.0,-3.5,-32.6,-0.7,-1841,0.61,-0.290,0.091,1.00,,0,1321,0,1196,1,-1.31,17.5,1.15,-0.210
181.90,FINAL,132.04,125.84,15.55,-0.98,-5.0,-3.6,-32.3,-0.6,-1840,0.60,-0.288,0.091,1.00,,0,1320,0,1195,1,-1.32,17.5,1.10,-0.210
182.00,FINAL,131.94,125.78,15.57,-0.99,-5.1,-3.7,-32.1,-0.4,-1838,0.60,-0.286,0.091,1.00,,0,1318,0,1193,0,-1.33,17.5,1.05,-0.210
182.10,FINAL,131.84,125.72,15.59,-0.99,-5.1,-3.8,-31.8,-0.2,-1837,0.59,-0.284,0.090,1.00,,0,1317,0,1192,0,-1.34,17.5,1.00,-0.210
182.20,FINAL,131.74,125.66,15.60,-0.99,-5.2,-3.8,-31.5,-0.1,-1836,0.59,-0.282,0.090,1.00,,0,1316,0,1191,0,-1.35,17.5,1.00,-0.210
182.30,FINAL,131.64,125.60,15.62,-1.00,-5.3,-3.9,-31.2,0.1,-1834,0.58,-0.280,0.090,1.00,,0,1314,0,1189,-0,-1.37,17.5,1.00,-0.210
182.40,FINAL,131.54,125.54,15.64,-1.01,-5.4,-3.9,-30.8,0.2,-1833,0.58,-0.277,0.090,1.00,,0,1313,0,1188,-0,-1.38,17.5,1.00,-0.210
182.50,FINAL,131.44,125.48,15.65,-1.02,-5.5,-4.0,-30.5,0.3,-1832,0.58,-0.275,0.090,1.00,,0,1312,0,1187,-0,-1.39,17.5,1.00,-0.210
182.60,FINAL,131.34,125.42,15.67,-1.04,-5.6,-4.0,-30.1,0.5,-1830,0.57,-0.273,0.090,1.00,,0,1310,0,1185,-0,-1.40,17.5,1.00,-0.210
182.70,FINAL,131.24,125.35,15.68,-1.05,-5.7,-4.0,-29.8,0.6,-1829,0.57,-0.270,0.090,1.00,,0,1309,0,1184,-1,-1.41,17.5,1.00,-0.210
182.80,FINAL,131.13,125.28,15.70,-1.07,-5.8,-4.1,-29.4,0.7,-1828,0.56,-0.267,0.089,1.00,,0,1308,0,1183,-1,-1.42,17.5,1.00,-0.210
182.90,FINAL,131.02,125.21,15.71,-1.09,-5.9,-4.1,-29.0,0.9,-1826,0.56,-0.265,0.090,1.00,,0,1306,0,1181,-1,-1.43,17.5,1.00,-0.210
183.00,FINAL,130.91,125.14,15.73,-1.11,-6.1,-4.0,-28.7,1.0,-1825,0.56,-0.263,0.090,1.00,,0,1305,0,1180,-1,-1.44,17.5,1.00,-0.210
183.10,FINAL,130.80,125.06,15.75,-1.14,-6.2,-4.0,-28.3,1.1,-1824,0.55,-0.261,0.090,1.00,,0,1304,0,1179,-1,-1.45,17.5,1.00,-0.210
183.20,FINAL,130.68,124.99,15.76,-1.16,-6.3,-4.0,-27.9,1.2,-1822,0.55,-0.260,0.090,1.00,,0,1302,0,1177,-1,-1.46,17.5,1.00,-0.210
183.30,FINAL,130.57,124.90,15.78,-1.19,-6.4,-4.0,-27.6,1.3,-1821,0.55,-0.259,0.090,1.00,,0,1301,0,1176,-1,-1.46,17.5,1.00,-0.210
183.40,FINAL,130.45,124.82,15.80,-1.21,-6.5,-4.0,-27.2,1.4,-1820,0.54,-0.258,0.091,1.00,,0,1300,0,1175,-1,-1.47,17.5,1.00,-0.210
183.50,FINAL,130.33,124.73,15.82,-1.24,-6.6,-3.9,-26.8,1.5,-1818,0.54,-0.258,0.090,1.00,,1,1298,0,1173,-1,-1.48,17.5,1.00,-0.210
183.60,FINAL,130.20,124.65,15.84,-1.26,-6.7,-3.9,-26.5,1.5,-1817,0.54,-0.257,0.091,1.00,,1,1297,0,1172,-2,-1.49,17.5,1.00,-0.210
183.70,FINAL,130.08,124.55,15.86,-1.28,-6.8,-3.8,-26.1,1.6,-1816,0.53,-0.257,0.091,1.00,,1,1296,0,1171,-2,-1.49,17.5,1.00,-0.210
183.80,FINAL,129.95,124.46,15.88,-1.31,-6.9,-3.8,-25.8,1.7,-1814,0.53,-0.256,0.092,1.00,,1,1294,0,1169,-2,-1.50,17.5,1.00,-0.210
183.90,FINAL,129.81,124.36,15.90,-1.33,-7.0,-3.7,-25.5,1.8,-1813,0.53,-0.256,0.092,1.00,,1,1293,0,1168,-2,-1.51,17.5,1.00,-0.210
184.00,FINAL,129.68,124.26,15.92,-1.35,-7.1,-3.6,-25.2,1.8,-1811,0.52,-0.255,0.092,1.00,,1,1291,0,1166,-2,-1.51,17.5,1.00,-0.210
184.10,FINAL,129.55,124.16,15.94,-1.37,-7.1,-3.6,-24.8,1.9,-1810,0.52,-0.255,0.093,1.00,,1,1290,0,1165,-2,-1.52,17.5,1.00,-0.210
184.20,FINAL,129.41,124.06,15.96,-1.39,-7.2,-3.5,-24.5,1.9,-1809,0.52,-0.254,0.093,1.00,,1,1289,0,1164,-2,-1.53,17.5,1.00,-0.210
184.30,FINAL,129.27,123.95,15.98,-1.41,-7.3,-3.4,-24.3,2.0,-1807,0.52,-0.254,0.093,1.00,,1,1287,0,1162,-2,-1.53,17.5,1.00,-0.210
184.40,FINAL,129.13,123.84,16.00,-1.43,-7.4,-3.3,-24.0,2.0,-1806,0.51,-0.253,0.094,1.00,,1,1286,0,1161,-2,-1.53,17.5,1.00,-0.210
184.50,FINAL,128.98,123.73,16.02,-1.45,-7.4,-3.2,-23.7,2.1,-1804,0.51,-0.253,0.095,1.00,,1,1284,0,1159,-2,-1.54,17.5,1.00,-0.210
184.60,FINAL,128.84,123.62,16.04,-1.47,-7.5,-3.1,-23.5,2.1,-1803,0.51,-0.252,0.094,1.00,,1,1283,0,1158,-2,-1.54,17.5,1.00,-0.210
184.70,FINAL,128.69,123.50,16.06,-1.49,-7.6,-3.0,-23.2,2.1,-1801,0.50,-0.252,0.095,1.00,,1,1281,0,1156,-2,-1.55,17.5,1.00,-0.210
184.80,FINAL,128.54,123.38,16.09,-1.50,-7.6,-2.9,-23.0,2.2,-1800,0.50,-0.252,0.096,1.00,,1,1280,0,1155,-2,-1.55,17.5,1.00,-0.210
184.90,FINAL,128.39,123.26,16.11,-1.52,-7.7,-2.9,-22.8,2.2,-1799,0.50,-0.251,0.096,1.00,,1,1279,0,1154,-2,-1.55,17.5,1.00,-0.210
185.00,FINAL,128.23,123.14,16.13,-1.54,-7.8,-2.8,-22.5,2.2,-1797,0.49,-0.251,0.096,1.00,,1,1277,0,1152,-2,-1.56,17.5,1.00,-0.210
185.10,FINAL,128.08,123.01,16.15,-1.55,-7.8,-2.7,-22.3,2.2,-1796,0.49,-0.251,0.097,1.00,,1,1276,0,1151,-2,-1.56,17.5,1.00,-0.210
185.20,FINAL,127.93,122.88,16.17,-1.57,-7.9,-2.6,-22.1,2.2,-1794,0.49,-0.250,0.098,1.00,,1,1274,0,1149,-2,-1.56,17.5,1.00,-0.210
185.30,FINAL,127.77,122.75,16.19,-1.58,-7.9,-2.5,-22.0,2.2,-1793,0.49,-0.250,0.098,1.00,,0,1273,0,1148,-2,-1.56,17.5,1.00,-0.210
185.40,FINAL,127.61,122.62,16.21,-1.59,-8.0,-2.4,-21.8,2.2,-1791,0.48,-0.250,0.098,1.00,,0,1271,0,1146,-2,-1.56,17.5,1.00,-0.210
185.50,FINAL,127.45,122.49,16.23,-1.60,-8.0,-2.3,-21.6,2.2,-1790,0.48,-0.249,0.099,1.00,,0,1270,0,1145,-2,-1.56,17.5,1.00,-0.210
185.60,FINAL,127.29,122.35,16.26,-1.62,-8.1,-2.2,-21.4,2.2,-1788,0.48,-0.249,0.099,1.00,,0,1268,0,1143,-2,-1.57,17.5,1.00,-0.210
185.70,FINAL,127.13,122.22,16.28,-1.63,-8.1,-2.1,-21.3,2.2,-1787,0.48,-0.249,0.099,1.00,,0,1267,0,1142,-2,-1.57,17.5,1.00,-0.210
185.80,FINAL,126.96,122.08,16.30,-1.64,-8.2,-2.0,-21.1,2.2,-1785,0.47,-0.248,0.100,1.00,,0,1265,0,1140,-2,-1.57,17.5,1.00,-0.210
185.90,FINAL,126.80,121.94,16.32,-1.65,-8.2,-1.9,-21.0,2.2,-1784,0.47,-0.248,0.100,1.00,,0,1264,0,1139,-2,-1.57,17.5,1.00,-0.210
186.00,FINAL,126.63,121.79,16.34,-1.66,-8.3,-1.8,-20.9,2.2,-1782,0.47,-0.248,0.100,1.00,,0,1262,0,1137,-2,-1.57,17.5,1.00,-0.210
186.10,FINAL,126.47,121.65,16.36,-1.67,-8.3,-1.7,-20.7,2.2,-1781,0.47,-0.247,0.100,1.00,,0,1261,0,1136,-2,-1.57,17.5,1.00,-0.210
186.20,FINAL,126.30,121.50,16.38,-1.68,-8.4,-1.6,-20.6,2.1,-1780,0.47,-0.247,0.101,1.00,,0,1260,0,1135,-2,-1.57,17.5,1.00,-0.210
186.30,FINAL,126.13,121.35,16.40,-1.69,-8.4,-1.5,-20.5,2.1,-1778,0.46,-0.247,0.101,1.00,,0,1258,0,1133,-2,-1.57,17.5,1.00,-0.210
186.40,FINAL,125.96,121.20,16.42,-1.70,-8.4,-1.4,-20.4,2.1,-1777,0.46,-0.247,0.101,1.00,,0,1257,0,1132,-2,-1.57,17.5,1.00,-0.210
186.50,FINAL,125.79,121.04,16.44,-1.71,-8.5,-1.3,-20.3,2.1,-1775,0.46,-0.246,0.101,1.00,,0,1255,0,1130,-2,-1.56,17.5,1.00,-0.210
186.60,FINAL,125.62,120.89,16.46,-1.72,-8.5,-1.2,-20.2,2.0,-1774,0.46,-0.246,0.101,1.00,,0,1254,0,1129,-2,-1.56,17.5,1.00,-0.210
186.70,FINAL,125.45,120.73,16.48,-1.72,-8.6,-1.1,-20.1,2.0,-1772,0.46,-0.246,0.101,1.00,,0,1252,0,1127,-2,-1.56,17.5,1.00,-0.210
186.80,FINAL,125.28,120.57,16.50,-1.73,-8.6,-1.0,-20.0,2.0,-1771,0.46,-0.246,0.102,1.00,,0,1251,0,1126,-2,-1.56,17.5,1.00,-0.210
186.90,FINAL,125.10,120.41,16.52,-1.74,-8.6,-0.9,-19.9,1.9,-1769,0.45,-0.246,0.102,1.00,,0,1249,0,1124,-2,-1.56,17.5,1.00,-0.210
187.00,FINAL,124.93,120.24,16.53,-1.75,-8.7,-0.8,-19.8,1.9,-1768,0.45,-0.245,0.102,1.00,,0,1248,0,1123,-2,-1.56,17.5,1.00,-0.210
187.10,FINAL,124.76,120.08,16.55,-1.75,-8.7,-0.7,-19.7,1.9,-1766,0.45,-0.245,0.102,1.00,,0,1246,0,1121,-2,-1.55,17.5,1.00,-0.210
187.20,FINAL,124.58,119.91,16.57,-1.76,-8.7,-0.6,-19.7,1.8,-1765,0.45,-0.245,0.102,1.00,,0,1245,0,1120,-2,-1.55,17.5,1.00,-0.210
187.30,FINAL,124.40,119.74,16.59,-1.77,-8.8,-0.6,-19.6,1.8,-1763,0.45,-0.245,0.102,1.00,,0,1243,0,1118,-2,-1.55,17.5,1.00,-0.210
187.40,FINAL,124.23,119.57,16.61,-1.77,-8.8,-0.5,-19.6,1.8,-1761,0.45,-0.245,0.102,1.00,,0,1241,0,1116,-2,-1.55,17.5,1.00,-0.210
187.50,FINAL,124.05,119.40,16.63,-1.78,-8.8,-0.4,-19.5,1.7,-1760,0.45,-0.245,0.102,1.00,,0,1240,0,1115,-2,-1.54,17.5,1.00,-0.210
187.60,FINAL,123.87,119.22,16.64,-1.78,-8.9,-0.4,-19.5,1.7,-1758,0.44,-0.244,0.102,1.00,,0,1238,0,1113,-2,-1.54,17.5,1.00,-0.210
187.70,FINAL,123.69,119.05,16.66,-1.79,-8.9,-0.3,-19.4,1.6,-1757,0.44,-0.244,0.102,1.00,,0,1237,0,1112,-2,-1.54,17.5,1.00,-0.210
187.80,FINAL,123.51,118.87,16.68,-1.79,-8.9,-0.3,-19.4,1.6,-1755,0.44,-0.244,0.102,1.00,,0,1235,0,1110,-2,-1.53,17.5,1.00,-0.210
187.90,FINAL,123.33,118.69,16.70,-1.80,-9.0,-0.2,-19.4,1.6,-1754,0.44,-0.244,0.102,1.00,,0,1234,0,1109,-2,-1.53,17.5,1.00,-0.210
188.00,FINAL,123.15,118.51,16.71,-1.80,-9.0,-0.1,-19.3,1.5,-1752,0.44,-0.243,0.102,1.00,,0,1232,0,1107,-2,-1.53,17.5,1.00,-0.210
188.10,FINAL,122.97,118.33,16.73,-1.81,-9.0,-0.1,-19.3,1.5,-1751,0.44,-0.243,0.102,1.00,,0,1231,0,1106,-1,-1.52,17.5,1.00,-0.210
188.20,FINAL,122.79,118.14,16.75,-1.81,-9.1,-0.0,-19.3,1.5,-1749,0.44,-0.243,0.102,1.00,,0,1229,0,1104,-1,-1.52,17.5,1.00,-0.210
188.30,FINAL,122.61,117.96,16.76,-1.81,-9.1,-0.0,-19.3,1.4,-1748,0.44,-0.242,0.102,1.00,,0,1228,0,1103,-1,-1.52,17.5,1.00,-0.210
188.40,FINAL,122.43,117.77,16.78,-1.82,-9.1,0.0,-19.3,1.4,-1746,0.44,-0.242,0.102,1.00,,0,1226,0,1101,-1,-1.51,17.5,1.00,-0.210
188.50,FINAL,122.25,117.58,16.80,-1.82,-9.1,0.1,-19.3,1.3,-1745,0.44,-0.241,0.102,1.00,,0,1225,0,1100,-1,-1.51,17.5,1.00,-0.210
188.60,FINAL,122.07,117.39,16.81,-1.83,-9.2,0.1,-19.3,1.3,-1743,0.44,-0.241,0.102,1.00,,0,1223,0,1098,-1,-1.51,17.5,1.00,-0.210
188.70,FINAL,121.88,117.20,16.83,-1.83,-9.2,0.1,-19.3,1.3,-1742,0.44,-0.240,0.102,1.00,,0,1222,0,1097,-1,-1.50,17.5,1.00,-0.210
188.80,FINAL,121.70,117.01,16.84,-1.83,-9.3,0.2,-19.3,1.2,-1740,0.44,-0.240,0.102,1.00,,0,1220,0,1095,-1,-1.50,17.5,1.00,-0.210
188.90,FINAL,121.52,116.81,16.86,-1.84,-9.3,0.2,-19.4,1.2,-1738,0.43,-0.239,0.101,1.00,,0,1218,0,1093,-1,-1.49,17.5,1.00,-0.210
189.00,FINAL,121.33,116.62,16.88,-1.84,-9.3,0.2,-19.4,1.1,-1737,0.43,-0.239,0.102,1.00,,0,1217,0,1092,-1,-1.49,17.5,1.00,-0.210
189.10,FINAL,121.15,116.42,16.89,-1.85,-9.4,0.3,-19.4,1.1,-1735,0.43,-0.239,0.102,1.00,,0,1215,0,1090,-1,-1.48,17.5,1.00,-0.210
189.20,FINAL,120.96,116.23,16.91,-1.85,-9.4,0.3,-19.4,1.1,-1734,0.43,-0.240,0.102,1.00,,0,1214,0,1089,-1,-1.48,17.5,1.00,-0.210
189.30,FINAL,120.78,116.03,16.92,-1.86,-9.4,0.3,-19.5,1.0,-1732,0.43,-0.241,0.101,1.00,,0,1212,0,1087,-1,-1.48,17.5,1.00,-0.210
189.40,FINAL,120.59,115.83,16.94,-1.86,-9.4,0.3,-19.5,1.0,-1731,0.43,-0.241,0.101,1.00,,0,1211,0,1086,-1,-1.47,17.5,1.00,-0.210
189.50,FINAL,120.41,115.63,16.95,-1.86,-9.4,0.3,-19.5,1.0,-1729,0.43,-0.242,0.101,1.00,,-1,1209,0,1084,-1,-1.47,17.5,1.00,-0.210
189.60,FINAL,120.22,115.43,16.97,-1.86,-9.4,0.4,-19.5,0.9,-1728,0.43,-0.243,0.101,1.00,,-1,1208,0,1083,-1,-1.46,17.5,1.00,-0.210
189.70,FINAL,120.03,115.23,16.98,-1.86,-9.4,0.4,-19.6,0.9,-1726,0.43,-0.243,0.101,1.00,,-1,1206,0,1081,-1,-1.46,17.5,1.00,-0.210
189.80,FINAL,119.85,115.03,17.00,-1.86,-9.4,0.4,-19.6,0.9,-1724,0.43,-0.244,0.101,1.00,,-1,1204,0,1079,-1,-1.45,17.5,1.00,-0.210
189.90,FINAL,119.66,114.83,17.01,-1.86,-9.5,0.4,-19.6,0.8,-1723,0.43,-0.243,0.101,1.00,,-1,1203,0,1078,-1,-1.45,17.5,1.00,-0.208
190.00,FINAL,119.48,114.63,17.02,-1.86,-9.4,0.4,-19.7,0.8,-1721,0.43,-0.243,0.101,1.00,,-1,1201,0,1076,-1,-1.44,17.5,1.00,-0.207
190.10,FINAL,119.29,114.42,17.03,-1.85,-9.4,0.4,-19.7,0.8,-1720,0.43,-0.243,0.101,1.00,,-1,1200,0,1075,-1,-1.44,17.5,1.00,-0.206
190.20,FINAL,119.11,114.22,17.05,-1.85,-9.4,0.4,-19.7,0.8,-1718,0.43,-0.243,0.100,1.00,,-1,1198,0,1073,-1,-1.43,17.5,1.00,-0.206
190.30,FINAL,118.92,114.02,17.06,-1.85,-9.4,0.4,-19.7,0.7,-1717,0.43,-0.243,0.100,1.00,,-1,1197,0,1072,-1,-1.43,17.5,1.00,-0.205
190.40,FINAL,118.74,113.82,17.07,-1.84,-9.4,0.4,-19.8,0.7,-1715,0.43,-0.244,0.100,1.00,,-1,1195,0,1070,-1,-1.42,17.5,1.00,-0.204
190.50,FINAL,118.55,113.62,17.08,-1.83,-9.4,0.4,-19.8,0.7,-1714,0.43,-0.244,0.100,1.00,,-1,1194,0,1069,-1,-1.42,17.5,1.00,-0.203
190.60,FINAL,118.37,113.42,17.09,-1.83,-9.4,0.4,-19.8,0.7,-1712,0.43,-0.245,0.100,1.00,,-1,1192,0,1067,-1,-1.41,17.5,1.00,-0.203
190.70,FINAL,118.19,113.22,17.10,-1.82,-9.3,0.4,-19.8,0.6,-1710,0.43,-0.245,0.099,1.00,,-1,1190,0,1065,-1,-1.41,17.5,1.00,-0.202
190.80,FINAL,118.01,113.03,17.10,-1.81,-9.3,0.4,-19.8,0.6,-1709,0.43,-0.246,0.099,1.00,,-1,1189,0,1064,-1,-1.41,17.5,1.00,-0.202
190.90,FINAL,117.83,112.83,17.11,-1.80,-9.3,0.4,-19.9,0.6,-1707,0.43,-0.247,0.099,1.00,,-1,1187,0,1062,-1,-1.40,17.5,1.00,-0.201
191.00,FINAL,117.65,112.63,17.12,-1.79,-9.2,0.4,-19.9,0.6,-1706,0.43,-0.247,0.099,1.00,,-1,1186,0,1061,-1,-1.40,17.5,1.00,-0.201
191.10,FINAL,117.47,112.44,17.13,-1.78,-9.2,0.4,-19.9,0.6,-1704,0.43,-0.248,0.099,1.00,,-1,1184,0,1059,-1,-1.39,17.5,1.00,-0.201
191.20,FINAL,117.29,112.25,17.13,-1.77,-9.2,0.4,-19.9,0.5,-1703,0.43,-0.249,0.098,1.00,,-1,1183,0,1058,-1,-1.39,17.5,1.00,-0.201
191.30,FINAL,117.11,112.06,17.14,-1.76,-9.1,0.4,-19.9,0.5,-1701,0.43,-0.250,0.098,1.00,,-1,1181,0,1056,-1,-1.39,17.5,1.00,-0.201
191.40,FINAL,116.94,111.87,17.14,-1.75,-9.1,0.4,-19.9,0.5,-1699,0.43,-0.250,0.098,1.00,,-1,1179,0,1054,-0,-1.38,17.5,1.00,-0.201
191.50,FINAL,116.76,111.68,17.14,-1.73,-9.1,0.4,-19.9,0.5,-1698,0.44,-0.251,0.098,1.00,,-1,1178,0,1053,-0,-1.38,17.5,1.00,-0.201
191.60,FINAL,116.59,111.49,17.15,-1.72,-9.1,0.3,-19.9,0.5,-1696,0.44,-0.252,0.098,1.00,,-1,1176,0,1051,-0,-1.38,17.5,1.00,-0.201
191.70,FINAL,116.42,111.31,17.15,-1.71,-9.0,0.3,-20.0,0.4,-1695,0.44,-0.253,0.098,1.00,,-1,1175,0,1050,-0,-1.37,17.5,1.00,-0.201
191.80,FINAL,116.25,111.12,17.15,-1.70,-9.0,0.3,-20.0,0.4,-1693,0.44,-0.254,0.097,1.00,,-1,1173,0,1048,-0,-1.37,17.5,1.00,-0.202
191.90,FINAL,116.08,110.94,17.16,-1.69,-9.0,0.3,-20.0,0.4,-1692,0.44,-0.255,0.097,1.00,,-1,1172,0,1047,-0,-1.37,17.5,1.00,-0.202
192.00,FINAL,115.91,110.76,17.16,-1.68,-8.9,0.3,-20.0,0.4,-1690,0.44,-0.256,0.097,1.00,,-1,1170,0,1045,-0,-1.37,17.5,1.00,-0.202
192.10,FINAL,115.74,110.59,17.16,-1.67,-8.9,0.3,-20.0,0.4,-1688,0.44,-0.257,0.097,1.00,,-1,1168,0,1043,-0,-1.36,17.5,1.00,-0.203
192.20,FINAL,115.58,110.41,17.16,-1.66,-8.9,0.3,-20.0,0.4,-1687,0.44,-0.258,0.097,1.00,,-1,1167,0,1042,-0,-1.36,17.5,1.00,-0.203
192.30,FINAL,115.41,110.23,17.16,-1.65,-8.9,0.3,-20.0,0.3,-1685,0.44,-0.259,0.097,1.00,,-1,1165,0,1040,-0,-1.36,17.5,1.00,-0.203
192.40,FINAL,115.25,110.05,17.16,-1.64,-8.9,0.3,-20.0,0.3,-1684,0.44,-0.259,0.097,1.00,,-1,1164,0,1039,-0,-1.36,17.5,1.00,-0.204
192.50,FINAL,115.08,109.88,17.16,-1.63,-8.8,0.3,-20.0,0.3,-1682,0.44,-0.260,0.097,1.00,,-1,1162,0,1037,-0,-1.36,17.5,1.00,-0.204
192.60,FINAL,114.92,109.70,17.16,-1.62,-8.8,0.3,-20.0,0.3,-1680,0.44,-0.261,0.097,1.00,,-1,1160,0,1035,-0,-1.36,17.5,1.00,-0.205
192.70,FINAL,114.76,109.52,17.16,-1.61,-8.8,0.3,-20.0,0.3,-1679,0.44,-0.262,0.097,1.00,,-1,1159,0,1034,-0,-1.36,17.5,1.00,-0.205
192.80,FINAL,114.60,109.35,17.16,-1.60,-8.8,0.3,-20.0,0.3,-1677,0.44,-0.263,0.096,1.00,,-1,1157,0,1032,-0,-1.36,17.5,1.00,-0.206
192.90,FINAL,114.44,109.17,17.16,-1.60,-8.8,0.3,-20.0,0.3,-1676,0.44,-0.264,0.096,1.00,,-1,1156,0,1031,-0,-1.36,17.5,1.00,-0.206
193.00,FINAL,114.28,108.99,17.16,-1.59,-8.8,0.3,-20.0,0.2,-1674,0.45,-0.265,0.096,1.00,,-1,1154,0,1029,-0,-1.35,17.5,1.00,-0.207
193.10,FINAL,114.12,108.82,17.15,-1.58,-8.7,0.3,-20.0,0.2,-1673,0.45,-0.266,0.096,1.00,,-1,1153,0,1028,-0,-1.35,17.5,1.00,-0.207
193.20,FINAL,113.96,108.64,17.15,-1.58,-8.7,0.3,-20.0,0.2,-1671,0.45,-0.266,0.096,1.00,,-1,1151,0,1026,-0,-1.35,17.5,1.00,-0.207
193.30,FINAL,113.81,108.47,17.15,-1.57,-8.7,0.3,-20.0,0.2,-1669,0.45,-0.267,0.096,1.00,,-1,1149,0,1024,-0,-1.35,17.5,1.00,-0.208
193.40,FINAL,113.65,108.29,17.15,-1.56,-8.7,0.3,-20.0,0.2,-1668,0.45,-0.268,0.096,1.00,,-1,1148,0,1023,-0,-1.35,17.5,1.00,-0.208
193.50,FINAL,113.49,108.12,17.15,-1.56,-8.7,0.3,-20.0,0.2,-1666,0.45,-0.269,0.096,1.00,,-1,1146,0,1021,-0,-1.35,17.5,1.00,-0.209
193.60,FINAL,113.34,107.94,17.15,-1.55,-8.7,0.3,-20.0,0.2,-1665,0.45,-0.270,0.096,1.00,,-1,1145,0,1020,-0,-1.35,17.5,1.00,-0.209
193.70,FINAL,113.18,107.77,17.15,-1.55,-8.7,0.3,-20.0,0.2,-1663,0.45,-0.270,0.096,1.00,,-1,1143,0,1018,-0,-1.35,17.5,1.00,-0.210
193.80,FINAL,113.03,107.60,17.15,-1.55,-8.7,0.3,-20.0,0.2,-1662,0.45,-0.271,0.096,1.00,,-1,1142,0,1017,-0,-1.35,17.5,1.00,-0.210
193.90,FINAL,112.87,107.43,17.14,-1.54,-8.7,0.3,-20.0,0.1,-1660,0.45,-0.271,0.096,1.00,,-1,1140,0,1015,-0,-1.35,17.5,1.00,-0.210
194.00,FINAL,112.72,107.26,17.14,-1.54,-8.7,0.3,-20.0,0.1,-1658,0.45,-0.272,0.096,1.00,,-1,1138,0,1013,-0,-1.36,17.5,1.00,-0.210
194.10,FINAL,112.56,107.09,17.14,-1.54,-8.7,0.3,-20.0,0.1,-1657,0.45,-0.272,0.096,1.00,,-1,1137,0,1012,-0,-1.36,17.5,1.00,-0.210
194.20,FINAL,112.41,106.92,17.14,-1.53,-8.7,0.3,-20.1,0.1,-1655,0.45,-0.272,0.096,1.00,,-1,1135,0,1010,-0,-1.36,17.5,1.00,-0.210
194.30,FINAL,112.26,106.75,17.14,-1.53,-8.6,0.3,-20.1,0.1,-1654,0.45,-0.273,0.096,1.00,,-1,1134,0,1009,-0,-1.36,17.5,1.00,-0.210
194.40,FINAL,112.10,106.58,17.14,-1.53,-8.6,0.3,-20.1,0.1,-1652,0.45,-0.273,0.096,1.00,,-1,1132,0,1007,-0,-1.36,17.5,1.00,-0.210
194.50,FINAL,111.95,106.41,17.14,-1.53,-8.6,0.3,-20.1,0.1,-1651,0.45,-0.274,0.096,1.00,,-1,1131,0,1006,-0,-1.36,17.5,1.00,-0.210
194.60,FINAL,111.80,106.25,17.14,-1.52,-8.6,0.3,-20.1,0.1,-1649,0.46,-0.274,0.096,1.00,,-1,1129,0,1004,-0,-1.36,17.5,1.00,-0.210
194.70,FINAL,111.65,106.08,17.13,-1.52,-8.6,0.3,-20.1,0.1,-1647,0.46,-0.274,0.096,1.00,,-1,1127,0,1002,-0,-1.36,17.5,1.00,-0.210
194.80,FINAL,111.49,105.92,17.13,-1.52,-8.6,0.3,-20.1,0.1,-1646,0.46,-0.275,0.096,1.00,,-1,1126,0,1001,-0,-1.36,17.5,1.00,-0.210
194.90,FINAL,111.34,105.76,17.13,-1.52,-8.6,0.3,-20.1,0.1,-1644,0.46,-0.275,0.096,1.00,,-1,1124,0,999,-0,-1.36,17.5,1.00,-0.210
195.00,FINAL,111.19,105.60,17.13,-1.52,-8.6,0.3,-20.1,0.0,-1643,0.46,-0.275,0.096,1.00,,-1,1123,0,998,-0,-1.36,17.5,1.00,-0.210
195.10,FINAL,111.04,105.44,17.13,-1.51,-8.6,0.3,-20.1,0.0,-1641,0.46,-0.276,0.096,1.00,,-1,1121,0,996,-0,-1.36,17.5,1.00,-0.210
195.20,FINAL,110.89,105.28,17.13,-1.51,-8.6,0.3,-20.1,0.0,-1640,0.46,-0.276,0.096,1.00,,-1,1120,0,995,-0,-1.36,17.5,1.00,-0.210
195.30,FINAL,110.74,105.13,17.13,-1.51,-8.6,0.3,-20.1,0.0,-1638,0.46,-0.276,0.096,1.00,,-1,1118,0,993,-0,-1.37,17.5,1.00,-0.210
195.40,FINAL,110.59,104.97,17.13,-1.51,-8.6,0.3,-20.1,0.0,-1636,0.46,-0.276,0.096,1.00,,-1,1116,0,991,-0,-1.37,17.5,1.00,-0.210
195.50,FINAL,110.43,104.82,17.13,-1.51,-8.6,0.3,-20.1,0.0,-1635,0.46,-0.277,0.096,1.00,,-1,1115,0,990,-0,-1.37,17.5,1.00,-0.210
195.60,FINAL,110.28,104.67,17.13,-1.51,-8.6,0.3,-20.1,0.0,-1633,0.46,-0.277,0.096,1.00,,-1,1113,0,988,-0,-1.37,17.5,1.00,-0.210
195.70,FINAL,110.13,104.52,17.13,-1.51,-8.6,0.3,-20.1,-0.0,-1632,0.46,-0.277,0.096,1.00,,-1,1112,0,987,0,-1.37,17.5,1.00,-0.210
195.80,FINAL,109.98,104.37,17.12,-1.51,-8.6,0.3,-20.1,-0.0,-1630,0.46,-0.277,0.096,1.00,,-1,1110,0,985,0,-1.37,17.5,1.00,-0.210
195.90,FINAL,109.83,104.22,17.12,-1.51,-8.6,0.3,-20.1,-0.0,-1629,0.46,-0.278,0.096,1.00,,-1,1109,0,984,0,-1.37,17.5,1.00,-0.210
196.00,FINAL,109.68,104.07,17.12,-1.51,-8.6,0.3,-20.2,-0.0,-1627,0.46,-0.278,0.096,1.00,,-1,1107,0,982,0,-1.37,17.5,1.00,-0.210
196.10,FINAL,109.53,103.93,17.12,-1.51,-8.6,0.3,-20.2,-0.0,-1625,0.46,-0.278,0.096,1.00,,-1,1105,0,980,0,-1.37,17.5,1.00,-0.210
196.20,FINAL,109.38,103.79,17.12,-1.51,-8.6,0.3,-20.2,-0.0,-1624,0.46,-0.278,0.096,1.00,,-1,1104,0,979,0,-1.38,17.5,1.00,-0.210
196.30,FINAL,109.23,103.64,17.12,-1.51,-8.6,0.3,-20.2,-0.0,-1622,0.46,-0.279,0.096,1.00,,-1,1102,0,977,0,-1.38,17.5,1.00,-0.210
196.40,FINAL,109.08,103.50,17.12,-1.51,-8.6,0.3,-20.2,-0.0,-1621,0.46,-0.279,0.096,1.00,,-1,1101,0,976,0,-1.38,17.5,1.00,-0.210
196.50,FINAL,108.93,103.36,17.12,-1.51,-8.6,0.3,-20.2,-0.0,-1619,0.46,-0.279,0.096,1.00,,-1,1099,0,974,0,-1.38,17.5,1.00,-0.210
196.60,FINAL,108.78,103.22,17.12,-1.51,-8.6,0.3,-20.2,-0.0,-1618,0.46,-0.279,0.096,1.00,,-1,1098,0,973,0,-1.38,17.5,1.00,-0.210
196.70,FINAL,108.62,103.09,17.12,-1.51,-8.6,0.3,-20.2,-0.0,-1616,0.46,-0.279,0.096,1.00,,-1,1096,0,971,0,-1.38,17.5,1.00,-0.210
196.80,FINAL,108.47,102.95,17.12,-1.51,-8.6,0.3,-20.2,-0.1,-1614,0.46,-0.280,0.096,1.00,,-1,1094,0,969,0,-1.38,17.5,1.00,-0.210
196.90,FINAL,108.32,102.82,17.12,-1.51,-8.6,0.3,-20.2,-0.1,-1613,0.46,-0.280,0.096,1.00,,-1,1093,0,968,0,-1.38,17.5,1.00,-0.210
197.00,FINAL,108.17,102.69,17.12,-1.51,-8.6,0.3,-20.2,-0.1,-1611,0.46,-0.280,0.096,1.00,,-1,1091,0,966,0,-1.38,17.5,1.00,-0.210
197.10,FINAL,108.02,102.55,17.12,-1.51,-8.7,0.3,-20.2,-0.1,-1610,0.46,-0.280,0.096,1.00,,-1,1090,0,965,0,-1.39,17.5,1.00,-0.210
197.20,FINAL,107.87,102.42,17.12,-1.51,-8.7,0.3,-20.2,-0.1,-1608,0.46,-0.280,0.096,1.00,,-1,1088,0,963,0,-1.39,17.5,1.00,-0.210
197.30,FINAL,107.72,102.29,17.12,-1.51,-8.7,0.3,-20.2,-0.1,-1607,0.46,-0.281,0.095,1.00,,-1,1087,0,962,0,-1.39,17.5,1.00,-0.210
197.40,FINAL,107.57,102.16,17.12,-1.51,-8.7,0.3,-20.2,-0.1,-1605,0.46,-0.281,0.095,1.00,,-1,1085,0,960,0,-1.39,17.5,1.00,-0.210
197.50,FINAL,107.42,102.03,17.12,-1.51,-8.7,0.3,-20.2,-0.1,-1603,0.46,-0.281,0.095,1.00,,-1,1083,0,958,0,-1.39,17.5,1.00,-0.210
197.60,FINAL,107.27,101.90,17.13,-1.51,-8.7,0.3,-20.2,-0.1,-1602,0.46,-0.281,0.095,1.00,,-1,1082,0,957,0,-1.39,17.5,1.00,-0.210
197.70,FINAL,107.11,101.77,17.13,-1.51,-8.7,0.2,-20.2,-0.1,-1600,0.46,-0.281,0.095,1.00,,-1,1080,0,955,0,-1.39,17.5,1.00,-0.210
197.80,FINAL,106.96,101.65,17.13,-1.52,-8.7,0.2,-20.2,-0.1,-1599,0.46,-0.282,0.095,1.00,,-1,1079,0,954,0,-1.39,17.5,1.00,-0.210
197.90,FINAL,106.81,101.52,17.13,-1.52,-8.7,0.2,-20.3,-0.1,-1597,0.46,-0.282,0.095,1.00,,-1,1077,0,952,0,-1.39,17.5,1.00,-0.210
198.00,FINAL,106.66,101.39,17.13,-1.52,-8.7,0.2,-20.3,-0.1,-1596,0.46,-0.282,0.095,1.00,,-1,1076,0,951,0,-1.40,17.5,1.00,-0.210
198.10,FINAL,106.51,101.26,17.13,-1.52,-8.7,0.2,-20.3,-0.1,-1594,0.46,-0.282,0.095,1.00,,-1,1074,0,949,0,-1.40,17.5,1.00,-0.210
198.20,FINAL,106.36,101.14,17.13,-1.52,-8.7,0.2,-20.3,-0.1,-1592,0.46,-0.282,0.095,1.00,,-1,1072,0,947,0,-1.40,17.5,1.00,-0.210
198.30,FINAL,106.20,101.01,17.13,-1.52,-8.7,0.2,-20.3,-0.1,-1591,0.46,-0.283,0.095,1.00,,-1,1071,0,946,0,-1.40,17.5,1.00,-0.210
198.40,FINAL,106.05,100.88,17.13,-1.52,-8.7,0.2,-20.3,-0.1,-1589,0.46,-0.283,0.095,1.00,,-1,1069,0,944,0,-1.40,17.5,1.00,-0.210
198.50,FINAL,105.90,100.75,17.13,-1.52,-8.7,0.2,-20.3,-0.1,-1588,0.46,-0.283,0.095,1.00,,-1,1068,0,943,0,-1.40,17.5,1.00,-0.210
198.60,FINAL,105.75,100.62,17.13,-1.52,-8.7,0.2,-20.3,-0.1,-1586,0.46,-0.283,0.095,1.00,,-1,1066,0,941,0,-1.40,17.5,1.00,-0.210
198.70,FINAL,105.59,100.49,17.13,-1.53,-8.7,0.2,-20.3,-0.1,-1585,0.46,-0.283,0.095,1.00,,-1,1065,0,940,0,-1.40,17.5,1.00,-0.210
198.80,FINAL,105.44,100.36,17.14,-1.53,-8.8,0.2,-20.3,-0.1,-1583,0.46,-0.283,0.095,1.00,,-1,1063,0,938,0,-1.40,17.5,1.00,-0.210
198.90,FINAL,105.29,100.23,17.14,-1.53,-8.8,0.2,-20.3,-0.1,-1582,0.46,-0.283,0.095,1.00,,-1,1062,0,937,0,-1.41,17.5,1.00,-0.210
199.00,FINAL,105.14,100.10,17.14,-1.53,-8.8,0.2,-20.3,-0.1,-1580,0.46,-0.284,0.095,1.00,,-1,1060,0,935,0,-1.41,17.5,1.00,-0.210
199.10,FINAL,104.98,99.97,17.14,-1.53,-8.8,0.2,-20.3,-0.1,-1578,0.46,-0.284,0.095,1.00,,-1,1058,0,933,0,-1.41,17.5,1.00,-0.210
199.20,FINAL,104.83,99.84,17.14,-1.53,-8.8,0.2,-20.3,-0.1,-1577,0.46,-0.284,0.095,1.00,,-1,1057,0,932,0,-1.41,17.5,1.00,-0.210
199.30,FINAL,104.68,99.71,17.14,-1.54,-8.8,0.2,-20.3,-0.1,-1575,0.46,-0.284,0.095,1.00,,-1,1055,0,930,0,-1.41,17.5,1.00,-0.210
199.40,FINAL,104.52,99.57,17.14,-1.54,-8.8,0.2,-20.3,-0.1,-1574,0.46,-0.284,0.095,1.00,,-1,1054,0,929,0,-1.41,17.5,1.00,-0.210
199.50,FINAL,104.37,99.44,17.15,-1.54,-8.8,0.2,-20.3,-0.1,-1572,0.46,-0.284,0.095,1.00,,-1,1052,0,927,0,-1.41,17.5,1.00,-0.210
199.60,FINAL,104.22,99.30,17.15,-1.54,-8.8,0.2,-20.3,-0.1,-1571,0.46,-0.284,0.095,1.00,,-1,1051,0,926,0,-1.41,17.5,1.00,-0.210
199.70,FINAL,104.06,99.17,17.15,-1.54,-8.8,0.2,-20.3,-0.1,-1569,0.46,-0.285,0.095,1.00,,-1,1049,0,924,0,-1.41,17.5,1.00,-0.210
199.80,FINAL,103.91,99.03,17.15,-1.54,-8.8,0.2,-20.3,-0.1,-1567,0.46,-0.285,0.095,1.00,,-1,1047,0,922,0,-1.41,17.5,1.00,-0.210
199.90,FINAL,103.75,98.89,17.15,-1.54,-8.8,0.1,-20.3,-0.1,-1566,0.46,-0.285,0.095,1.00,,-1,1046,0,921,0,-1.41,17.5,1.00,-0.210
200.00,FINAL,103.60,98.75,17.15,-1.55,-8.9,0.1,-20.3,-0.1,-1564,0.46,-0.285,0.095,1.00,,-1,1044,0,919,0,-1.41,17.5,1.00,-0.210
200.10,FINAL,103.44,98.61,17.16,-1.55,-8.9,0.1,-20.3,-0.1,-1563,0.46,-0.285,0.095,1.00,,-1,1043,0,918,0,-1.42,17.5,1.00,-0.210
200.20,FINAL,103.29,98.47,17.16,-1.55,-8.9,0.1,-20.2,-0.1,-1561,0.46,-0.285,0.095,1.00,,-1,1041,0,916,0,-1.42,17.5,1.00,-0.210
200.30,FINAL,103.13,98.33,17.16,-1.55,-8.9,0.1,-20.2,-0.1,-1560,0.46,-0.285,0.095,1.00,,-1,1040,0,915,0,-1.42,17.5,1.00,-0.210
200.40,FINAL,102.98,98.19,17.16,-1.55,-8.9,0.1,-20.2,-0.1,-1558,0.46,-0.285,0.095,1.00,,-1,1038,0,913,0,-1.42,17.5,1.00,-0.210
200.50,FINAL,102.82,98.04,17.17,-1.56,-8.9,0.1,-20.2,-0.1,-1556,0.46,-0.285,0.095,1.00,,-1,1036,0,911,0,-1.42,17.5,1.00,-0.210
200.60,FINAL,102.67,97.89,17.17,-1.56,-8.9,0.1,-20.2,-0.0,-1555,0.46,-0.285,0.095,1.00,,-1,1035,0,910,0,-1.42,17.5,1.00,-0.210
200.70,FINAL,102.51,97.75,17.17,-1.56,-8.9,0.1,-20.2,-0.0,-1553,0.46,-0.285,0.095,1.00,,-1,1033,0,908,0,-1.42,17.5,1.00,-0.210
200.80,FINAL,102.36,97.60,17.17,-1.56,-8.9,0.1,-20.2,-0.0,-1552,0.46,-0.285,0.095,1.00,,-1,1032,0,907,0,-1.42,17.5,1.00,-0.210
200.90,FINAL,102.20,97.45,17.17,-1.56,-8.9,0.1,-20.2,-0.0,-1550,0.46,-0.286,0.095,1.00,,-1,1030,0,905,0,-1.42,17.5,1.00,-0.210
201.00,FINAL,102.04,97.30,17.18,-1.57,-9.0,0.1,-20.2,-0.0,-1548,0.46,-0.286,0.095,1.00,,-1,1028,0,903,0,-1.42,17.5,1.00,-0.210
201.10,FINAL,101.89,97.15,17.18,-1.57,-9.0,0.1,-20.2,-0.0,-1547,0.46,-0.286,0.095,1.00,,-1,1027,0,902,0,-1.42,17.5,1.00,-0.210
201.20,FINAL,101.73,96.99,17.18,-1.57,-9.0,0.1,-20.2,-0.0,-1545,0.46,-0.286,0.095,1.00,,-1,1025,0,900,0,-1.42,17.5,1.00,-0.210
201.30,FINAL,101.57,96.85,17.19,-1.57,-9.0,0.1,-20.2,-0.0,-1544,0.46,-0.286,0.095,1.00,,-1,1024,0,899,0,-1.42,17.5,1.00,-0.210
201.40,FINAL,101.41,96.70,17.19,-1.57,-9.0,0.1,-20.2,-0.0,-1542,0.46,-0.286,0.094,1.00,,-1,1022,0,897,0,-1.42,17.5,1.00,-0.210
201.50,FINAL,101.26,96.55,17.19,-1.58,-9.0,0.1,-20.2,-0.0,-1541,0.46,-0.286,0.094,1.00,,-1,1021,0,896,0,-1.42,17.5,1.00,-0.210
201.60,FINAL,101.10,96.40,17.19,-1.58,-9.0,0.1,-20.2,-0.0,-1539,0.46,-0.286,0.094,1.00,,-1,1019,0,894,0,-1.42,17.5,1.00,-0.210
201.70,FINAL,100.94,96.25,17.20,-1.58,-9.0,0.1,-20.2,-0.0,-1537,0.46,-0.286,0.094,1.00,,-1,1017,0,892,0,-1.42,17.5,1.00,-0.210
201.80,FINAL,100.78,96.10,17.20,-1.58,-9.0,0.1,-20.2,-0.0,-1536,0.46,-0.286,0.094,1.00,,-1,1016,0,891,0,-1.42,17.5,1.00,-0.210
201.90,FINAL,100.62,95.95,17.20,-1.59,-9.1,0.1,-20.2,-0.0,-1534,0.46,-0.286,0.094,1.00,,-1,1014,0,889,0,-1.42,17.5,1.00,-0.210
202.00,FINAL,100.47,95.80,17.21,-1.59,-9.1,0.1,-20.2,-0.0,-1533,0.46,-0.287,0.094,1.00,,-1,1013,0,888,0,-1.42,17.5,1.00,-0.210
202.10,FINAL,100.31,95.65,17.21,-1.59,-9.1,0.1,-20.1,-0.0,-1531,0.46,-0.287,0.094,1.00,,-1,1011,0,886,0,-1.42,17.5,1.00,-0.210
202.20,FINAL,100.15,95.50,17.21,-1.59,-9.1,0.1,-20.1,-0.0,-1530,0.46,-0.287,0.094,1.00,,-1,1010,0,885,0,-1.42,17.5,1.00,-0.210
202.30,FINAL,99.99,95.35,17.22,-1.59,-9.1,0.1,-20.1,-0.0,-1528,0.46,-0.287,0.094,1.00,,-1,1008,0,883,0,-1.42,17.5,1.00,-0.210
202.40,FINAL,99.83,95.20,17.22,-1.60,-9.1,0.1,-20.1,-0.0,-1526,0.46,-0.287,0.094,1.00,,-1,1006,0,881,0,-1.42,17.5,1.00,-0.210
202.50,FINAL,99.67,95.05,17.22,-1.60,-9.1,0.1,-20.1,-0.0,-1525,0.46,-0.287,0.094,1.00,,-1,1005,0,880,0,-1.42,17.5,1.00,-0.210
202.60,FINAL,99.51,94.90,17.23,-1.60,-9.1,0.1,-20.1,-0.0,-1523,0.46,-0.287,0.094,1.00,,-1,1003,0,878,0,-1.42,17.5,1.00,-0.210
202.70,FINAL,99.35,94.75,17.23,-1.60,-9.1,0.1,-20.1,-0.0,-1522,0.46,-0.287,0.094,1.00,,-1,1002,0,877,0,-1.42,17.5,1.00,-0.210
202.80,FINAL,99.19,94.60,17.23,-1.60,-9.1,0.1,-20.1,0.0,-1520,0.46,-0.287,0.094,1.00,,-1,1000,0,875,-0,-1.42,17.5,1.00,-0.210
202.90,FINAL,99.03,94.45,17.24,-1.60,-9.2,0.1,-20.1,0.0,-1519,0.46,-0.288,0.094,1.00,,-1,999,0,874,-0,-1.42,17.5,1.00,-0.210
203.00,FINAL,98.87,94.30,17.24,-1.61,-9.2,0.1,-20.1,0.0,-1517,0.46,-0.288,0.094,1.00,,-1,997,0,872,-0,-1.42,17.5,1.00,-0.210
203.10,FINAL,98.71,94.15,17.24,-1.61,-9.2,0.1,-20.1,0.0,-1515,0.46,-0.288,0.094,1.00,,-1,995,0,870,-0,-1.42,17.5,1.00,-0.210
203.20,FINAL,98.55,93.99,17.25,-1.61,-9.2,0.1,-20.1,0.0,-1514,0.46,-0.288,0.094,1.00,,-1,994,0,869,-0,-1.42,17.5,1.00,-0.210
203.30,FINAL,98.39,93.84,17.25,-1.61,-9.2,0.1,-20.1,0.0,-1512,0.46,-0.288,0.094,1.00,,-1,992,0,867,-0,-1.42,17.5,1.00,-0.210
203.40,FINAL,98.23,93.69,17.25,-1.61,-9.2,0.1,-20.0,0.0,-1511,0.46,-0.288,0.094,1.00,,-1,991,0,866,-0,-1.42,17.5,1.00,-0.210
203.50,FINAL,98.06,93.53,17.26,-1.61,-9.2,0.1,-20.0,0.0,-1509,0.46,-0.288,0.094,1.00,,-1,989,0,864,-0,-1.42,17.5,1.00,-0.210
203.60,FINAL,97.90,93.38,17.26,-1.62,-9.2,0.0,-20.0,0.0,-1507,0.46,-0.288,0.094,1.00,,-1,987,0,862,-0,-1.42,17.5,1.00,-0.210
203.70,FINAL,97.74,93.22,17.26,-1.62,-9.2,0.0,-20.0,0.0,-1506,0.46,-0.288,0.094,1.00,,-1,986,0,861,-0,-1.42,17.5,1.00,-0.210
203.80,FINAL,97.58,93.06,17.27,-1.62,-9.2,0.0,-20.0,0.0,-1504,0.46,-0.289,0.094,1.00,,-1,984,0,859,-0,-1.42,17.5,1.00,-0.210
203.90,FINAL,97.42,92.91,17.27,-1.62,-9.2,0.0,-20.0,0.0,-1503,0.46,-0.289,0.094,1.00,,-1,983,0,858,-0,-1.42,17.5,1.00,-0.210
204.00,FINAL,97.25,92.75,17.27,-1.62,-9.2,0.0,-20.0,0.0,-1501,0.45,-0.289,0.094,1.00,,-1,981,0,856,-0,-1.42,17.5,1.00,-0.210
204.10,FINAL,97.09,92.59,17.28,-1.62,-9.3,0.0,-20.0,0.0,-1500,0.45,-0.289,0.094,1.00,,-1,980,0,855,-0,-1.42,17.5,1.00,-0.210
204.20,FINAL,96.93,92.43,17.28,-1.62,-9.3,0.0,-20.0,0.0,-1498,0.45,-0.289,0.094,1.00,,-1,978,0,853,-0,-1.42,17.5,1.00,-0.210
204.30,FINAL,96.77,92.27,17.29,-1.63,-9.3,0.0,-20.0,0.0,-1496,0.45,-0.289,0.094,1.00,,-1,976,0,851,-0,-1.42,17.5,1.00,-0.210
204.40,FINAL,96.61,92.11,17.29,-1.63,-9.3,0.0,-20.0,0.0,-1495,0.45,-0.289,0.094,1.00,,-1,975,0,850,-0,-1.42,17.5,1.00,-0.210
204.50,FINAL,96.44,91.94,17.29,-1.63,-9.3,0.0,-19.9,0.0,-1493,0.45,-0.290,0.094,1.00,,-1,973,0,848,-0,-1.42,17.5,1.00,-0.210
204.60,FINAL,96.28,91.78,17.30,-1.63,-9.3,0.0,-19.9,0.0,-1492,0.45,-0.289,0.094,1.00,,-1,972,0,847,-0,-1.42,17.5,1.00,-0.210
204.70,FINAL,96.12,91.61,17.30,-1.63,-9.3,0.0,-19.9,0.0,-1490,0.45,-0.289,0.094,1.00,,-1,970,0,845,-0,-1.42,17.5,1.00,-0.209
204.80,FINAL,95.95,91.45,17.30,-1.63,-9.3,0.0,-19.9,0.0,-1488,0.45,-0.289,0.094,1.00,,-1,968,0,843,-0,-1.42,17.5,1.00,-0.209
204.90,FINAL,95.79,91.28,17.31,-1.63,-9.3,0.0,-19.9,0.0,-1487,0.45,-0.289,0.093,1.00,,-1,967,0,842,-0,-1.42,17.5,1.00,-0.209
205.00,FINAL,95.63,91.11,17.31,-1.63,-9.3,0.0,-19.9,0.1,-1485,0.45,-0.289,0.093,1.00,,-1,965,0,840,-0,-1.42,17.5,1.00,-0.208
205.10,FINAL,95.46,90.95,17.31,-1.63,-9.3,0.0,-19.9,0.1,-1484,0.45,-0.289,0.093,1.00,,-1,964,0,839,-0,-1.42,17.5,1.00,-0.208
205.20,FINAL,95.30,90.78,17.32,-1.63,-9.3,0.0,-19.9,0.1,-1482,0.45,-0.289,0.093,1.00,,-1,962,0,837,-0,-1.42,17.5,1.00,-0.208
205.30,FINAL,95.14,90.61,17.32,-1.63,-9.3,0.0,-19.9,0.1,-1480,0.45,-0.289,0.093,1.00,,-1,960,0,835,-0,-1.42,17.5,1.00,-0.207
205.40,FINAL,94.97,90.44,17.32,-1.63,-9.3,0.0,-19.8,0.1,-1479,0.45,-0.289,0.093,1.00,,-1,959,0,834,-0,-1.42,17.5,1.00,-0.207
205.50,FINAL,94.81,90.27,17.33,-1.63,-9.3,0.0,-19.8,0.1,-1477,0.45,-0.289,0.093,1.00,,-1,957,0,832,-0,-1.42,17.5,1.00,-0.207
205.60,FINAL,94.65,90.10,17.33,-1.63,-9.3,0.0,-19.8,0.1,-1476,0.45,-0.289,0.093,1.00,,-1,956,0,831,-0,-1.42,17.5,1.00,-0.207
205.70,FINAL,94.48,89.94,17.33,-1.63,-9.3,0.0,-19.8,0.1,-1474,0.45,-0.289,0.093,1.00,,-1,954,0,829,-0,-1.42,17.5,1.00,-0.206
205.80,FINAL,94.32,89.77,17.33,-1.63,-9.3,0.0,-19.8,0.1,-1472,0.45,-0.290,0.093,1.00,,-1,952,0,827,-0,-1.42,17.5,1.00,-0.206
205.90,FINAL,94.16,89.60,17.34,-1.63,-9.3,0.0,-19.8,0.1,-1471,0.45,-0.290,0.093,1.00,,-1,951,0,826,-0,-1.42,17.5,1.00,-0.206
206.00,FINAL,93.99,89.44,17.34,-1.63,-9.3,0.0,-19.8,0.1,-1469,0.45,-0.290,0.093,1.00,,-1,949,0,824,-0,-1.42,17.5,1.00,-0.206
206.10,FINAL,93.83,89.27,17.34,-1.63,-9.3,0.0,-19.8,0.1,-1468,0.45,-0.290,0.093,1.00,,-1,948,0,823,-0,-1.42,17.5,1.00,-0.206
206.20,FINAL,93.67,89.11,17.34,-1.63,-9.3,0.0,-19.8,0.1,-1466,0.45,-0.290,0.093,1.00,,-1,946,0,821,-0,-1.42,17.5,1.00,-0.205
206.30,FINAL,93.51,88.94,17.35,-1.63,-9.3,0.0,-19.7,0.1,-1465,0.45,-0.290,0.093,1.00,,-1,945,0,820,-0,-1.42,17.5,1.00,-0.205
206.40,FINAL,93.34,88.78,17.35,-1.63,-9.3,0.0,-19.7,0.1,-1463,0.45,-0.290,0.093,1.00,,-1,943,0,818,-0,-1.41,17.5,1.00,-0.205
206.50,FINAL,93.18,88.61,17.35,-1.62,-9.3,0.0,-19.7,0.1,-1461,0.45,-0.290,0.093,1.00,,-1,941,0,816,-0,-1.41,17.5,1.00,-0.205
206.60,FINAL,93.02,88.45,17.35,-1.62,-9.3,0.0,-19.7,0.1,-1460,0.45,-0.290,0.093,1.00,,-1,940,0,815,-0,-1.41,17.5,1.00,-0.205
206.70,FINAL,92.86,88.29,17.36,-1.62,-9.3,0.0,-19.7,0.1,-1458,0.45,-0.290,0.093,1.00,,-1,938,0,813,-0,-1.41,17.5,1.00,-0.205
206.80,FINAL,92.69,88.12,17.36,-1.62,-9.3,0.0,-19.7,0.1,-1457,0.45,-0.291,0.093,1.00,,-1,937,0,812,-0,-1.41,17.5,1.00,-0.204
206.90,FINAL,92.53,87.96,17.36,-1.62,-9.3,0.0,-19.7,0.1,-1455,0.45,-0.291,0.093,1.00,,-1,935,0,810,-0,-1.41,17.5,1.00,-0.204
207.00,FINAL,92.37,87.80,17.36,-1.62,-9.3,0.0,-19.7,0.1,-1453,0.45,-0.291,0.093,1.00,,-1,933,0,808,-0,-1.41,17.5,1.00,-0.204
207.10,FINAL,92.21,87.64,17.36,-1.62,-9.3,0.0,-19.7,0.1,-1452,0.45,-0.291,0.093,1.00,,-1,932,0,807,-0,-1.41,17.5,1.00,-0.204
207.20,FINAL,92.05,87.48,17.36,-1.61,-9.3,0.0,-19.6,0.1,-1450,0.45,-0.291,0.093,1.00,,-1,930,0,805,-0,-1.41,17.5,1.00,-0.204
207.30,FINAL,91.89,87.32,17.37,-1.61,-9.3,0.0,-19.6,0.1,-1449,0.45,-0.291,0.093,1.00,,-1,929,0,804,-0,-1.41,17.5,1.00,-0.204
207.40,FINAL,91.72,87.15,17.37,-1.61,-9.3,0.1,-19.6,0.1,-1447,0.45,-0.291,0.093,1.00,,-1,927,0,802,-0,-1.41,17.5,1.00,-0.204
207.50,FINAL,91.56,86.99,17.37,-1.61,-9.3,0.1,-19.6,0.1,-1445,0.45,-0.291,0.093,1.00,,-1,925,0,800,-0,-1.41,17.5,1.00,-0.204
207.60,FINAL,91.40,86.84,17.37,-1.61,-9.3,0.1,-19.6,0.1,-1444,0.45,-0.292,0.093,1.00,,-1,924,0,799,-0,-1.41,17.5,1.00,-0.204
207.70,FINAL,91.24,86.68,17.37,-1.61,-9.3,0.1,-19.6,0.1,-1442,0.45,-0.292,0.093,1.00,,-1,922,0,797,-0,-1.41,17.5,1.00,-0.204
207.80,FINAL,91.08,86.52,17.37,-1.61,-9.3,0.1,-19.6,0.1,-1441,0.45,-0.292,0.093,1.00,,-1,921,0,796,-0,-1.41,17.5,1.00,-0.203
207.90,FINAL,90.92,86.36,17.37,-1.61,-9.3,0.1,-19.6,0.1,-1439,0.45,-0.292,0.093,1.00,,-1,919,0,794,-0,-1.41,17.5,1.00,-0.203
208.00,FINAL,90.76,86.20,17.37,-1.61,-9.3,0.1,-19.6,0.1,-1437,0.45,-0.292,0.093,1.00,,-1,917,0,792,-0,-1.41,17.5,1.00,-0.203
208.10,FINAL,90.60,86.04,17.38,-1.60,-9.3,0.1,-19.5,0.1,-1436,0.45,-0.292,0.093,1.00,,-1,916,0,791,-0,-1.41,17.5,1.00,-0.203
208.20,FINAL,90.44,85.88,17.38,-1.60,-9.3,0.1,-19.5,0.1,-1434,0.45,-0.292,0.093,1.00,,-1,914,0,789,-0,-1.41,17.5,1.00,-0.203
208.30,FINAL,90.28,85.73,17.38,-1.60,-9.3,0.1,-19.5,0.1,-1433,0.45,-0.292,0.093,1.00,,-1,913,0,788,-0,-1.41,17.5,1.00,-0.203
208.40,FINAL,90.12,85.57,17.38,-1.60,-9.3,0.1,-19.5,0.1,-1431,0.45,-0.293,0.093,1.00,,-1,911,0,786,-0,-1.41,17.5,1.00,-0.203
208.50,FINAL,89.96,85.41,17.38,-1.60,-9.3,0.1,-19.5,0.1,-1429,0.45,-0.293,0.093,1.00,,-1,909,0,784,-0,-1.41,17.5,1.00,-0.203
208.60,FINAL,89.80,85.26,17.38,-1.60,-9.3,0.1,-19.5,0.1,-1428,0.45,-0.293,0.092,1.00,,-1,908,0,783,-0,-1.41,17.5,1.00,-0.203
208.70,FINAL,89.64,85.10,17.38,-1.60,-9.3,0.1,-19.5,0.1,-1426,0.45,-0.293,0.092,1.00,,-1,906,0,781,-0,-1.42,17.5,1.00,-0.203
208.80,FINAL,89.48,84.95,17.38,-1.60,-9.3,0.1,-19.5,0.1,-1425,0.45,-0.293,0.092,1.00,,-1,905,0,780,-0,-1.42,17.5,1.00,-0.203
208.90,FINAL,89.32,84.79,17.38,-1.60,-9.3,0.1,-19.5,0.1,-1423,0.45,-0.293,0.092,1.00,,-1,903,0,778,-0,-1.42,17.5,1.00,-0.203
209.00,FINAL,89.16,84.63,17.38,-1.60,-9.3,0.1,-19.5,0.1,-1421,0.45,-0.293,0.092,1.00,,-1,901,0,776,-0,-1.42,17.5,1.00,-0.203
209.10,FINAL,89.00,84.48,17.39,-1.60,-9.3,0.1,-19.4,0.1,-1420,0.45,-0.293,0.092,1.00,,-1,900,0,775,-0,-1.42,17.5,1.00,-0.202
209.20,FINAL,88.84,84.33,17.39,-1.60,-9.3,0.1,-19.4,0.1,-1418,0.45,-0.293,0.092,1.00,,-1,898,0,773,-0,-1.42,17.5,1.00,-0.202
209.30,FINAL,88.68,84.17,17.39,-1.60,-9.3,0.1,-19.4,0.1,-1417,0.45,-0.294,0.092,1.00,,-1,897,0,772,-0,-1.42,17.5,1.00,-0.202
209.40,FINAL,88.52,84.02,17.39,-1.60,-9.3,0.1,-19.4,0.1,-1415,0.45,-0.294,0.092,1.00,,-1,895,0,770,-0,-1.42,17.5,1.00,-0.202
209.50,FINAL,88.36,83.86,17.39,-1.60,-9.3,0.1,-19.4,0.1,-1413,0.45,-0.294,0.092,1.00,,-1,893,0,768,-0,-1.42,17.5,1.00,-0.202
209.60,FINAL,88.20,83.71,17.39,-1.60,-9.3,0.1,-19.4,0.1,-1412,0.45,-0.294,0.092,1.00,,-1,892,0,767,-0,-1.42,17.5,1.00,-0.202
209.70,FINAL,88.04,83.56,17.39,-1.60,-9.3,0.1,-19.4,0.1,-1410,0.45,-0.294,0.092,1.00,,-1,890,0,765,-0,-1.42,17.5,1.00,-0.202
209.80,FINAL,87.88,83.40,17.39,-1.60,-9.3,0.1,-19.4,0.1,-1408,0.45,-0.294,0.092,1.00,,-1,888,0,763,-0,-1.42,17.5,1.00,-0.202
209.90,FINAL,87.72,83.25,17.39,-1.60,-9.3,0.1,-19.4,0.1,-1407,0.45,-0.294,0.092,1.00,,-1,887,0,762,-0,-1.42,17.5,1.00,-0.202
210.00,FINAL,87.56,83.09,17.39,-1.60,-9.3,0.1,-19.4,0.1,-1405,0.45,-0.294,0.092,1.00,,-1,885,0,760,-0,-1.42,17.5,1.00,-0.202
210.10,FINAL,87.40,82.94,17.39,-1.60,-9.3,0.1,-19.4,0.1,-1404,0.45,-0.294,0.092,1.00,,-1,884,0,759,-0,-1.42,17.5,1.00,-0.202
210.20,FINAL,87.24,82.78,17.40,-1.60,-9.3,0.1,-19.4,0.1,-1402,0.45,-0.294,0.092,1.00,,-1,882,0,757,-0,-1.42,17.5,1.00,-0.201
210.30,FINAL,87.08,82.63,17.40,-1.60,-9.3,0.1,-19.4,0.1,-1400,0.45,-0.294,0.092,1.00,,-1,880,0,755,-0,-1.42,17.5,1.00,-0.201
210.40,FINAL,86.92,82.47,17.40,-1.60,-9.3,0.1,-19.4,0.1,-1399,0.45,-0.295,0.092,1.00,,-1,879,0,754,-0,-1.42,17.5,1.00,-0.201
210.50,FINAL,86.76,82.32,17.40,-1.60,-9.3,0.1,-19.3,0.0,-1397,0.45,-0.295,0.092,1.00,,-1,877,0,752,-0,-1.42,17.5,1.00,-0.201
210.60,FINAL,86.60,82.16,17.40,-1.60,-9.3,0.1,-19.3,0.0,-1396,0.45,-0.295,0.092,1.00,,-1,876,0,751,-0,-1.42,17.5,1.00,-0.201
210.70,FINAL,86.44,82.01,17.40,-1.60,-9.3,0.1,-19.3,0.0,-1394,0.45,-0.295,0.092,1.00,,-1,874,0,749,-0,-1.42,17.5,1.00,-0.201
210.80,FINAL,86.28,81.85,17.40,-1.60,-9.3,0.1,-19.3,0.0,-1392,0.45,-0.295,0.092,1.00,,-1,872,0,747,-0,-1.42,17.5,1.00,-0.201
210.90,FINAL,86.13,81.70,17.40,-1.60,-9.3,0.1,-19.3,0.0,-1391,0.45,-0.295,0.092,1.00,,-1,871,0,746,-0,-1.42,17.5,1.00,-0.201
211.00,FINAL,85.97,81.54,17.40,-1.60,-9.3,0.1,-19.3,0.0,-1389,0.45,-0.295,0.092,1.00,,-1,869,0,744,-0,-1.42,17.5,1.00,-0.201
211.10,FINAL,85.81,81.39,17.40,-1.60,-9.3,0.1,-19.3,0.0,-1388,0.45,-0.295,0.092,1.00,,-1,868,0,743,-0,-1.42,17.5,1.00,-0.201
211.20,FINAL,85.65,81.23,17.40,-1.60,-9.3,0.1,-19.3,0.0,-1386,0.45,-0.295,0.092,1.00,,-1,866,0,741,-0,-1.42,17.5,1.00,-0.200
211.30,FINAL,85.49,81.08,17.41,-1.60,-9.3,0.1,-19.3,0.0,-1384,0.45,-0.295,0.092,1.00,,-1,864,0,739,-0,-1.42,17.5,1.00,-0.200
211.40,FINAL,85.33,80.93,17.41,-1.60,-9.3,0.1,-19.3,0.0,-1383,0.45,-0.295,0.092,1.00,,-1,863,0,738,-0,-1.42,17.5,1.00,-0.200
211.50,FINAL,85.17,80.77,17.41,-1.60,-9.3,0.1,-19.3,0.0,-1381,0.45,-0.295,0.092,1.00,,-1,861,0,736,-0,-1.42,17.5,1.00,-0.200
211.60,FINAL,85.01,80.62,17.41,-1.60,-9.3,0.1,-19.3,0.0,-1380,0.45,-0.295,0.092,1.00,,-1,860,0,735,-0,-1.42,17.5,1.00,-0.200
211.70,FINAL,84.85,80.47,17.41,-1.60,-9.3,0.1,-19.3,0.0,-1378,0.45,-0.295,0.092,1.00,,-1,858,0,733,-0,-1.43,17.5,1.00,-0.200
211.80,FINAL,84.69,80.32,17.41,-1.60,-9.3,0.1,-19.3,0.0,-1376,0.45,-0.295,0.092,1.00,,-1,856,0,731,-0,-1.43,17.5,1.00,-0.200
211.90,FINAL,84.53,80.16,17.41,-1.60,-9.3,0.1,-19.3,0.0,-1375,0.45,-0.295,0.092,1.00,,-1,855,0,730,-0,-1.43,17.5,1.00,-0.200
212.00,FINAL,84.37,80.01,17.41,-1.60,-9.3,0.1,-19.3,0.0,-1373,0.45,-0.295,0.092,1.00,,-1,853,0,728,-0,-1.43,17.5,1.00,-0.200
212.10,FINAL,84.21,79.86,17.41,-1.60,-9.3,0.1,-19.3,0.0,-1372,0.45,-0.295,0.092,1.00,,-1,852,0,727,-0,-1.43,17.5,1.00,-0.199
212.20,FINAL,84.05,79.72,17.41,-1.60,-9.3,0.1,-19.3,0.0,-1370,0.45,-0.296,0.092,1.00,,-1,850,0,725,-0,-1.43,17.5,1.00,-0.199
212.30,FINAL,83.89,79.57,17.41,-1.60,-9.3,0.1,-19.3,0.0,-1368,0.45,-0.296,0.092,1.00,,-1,848,0,723,-0,-1.43,17.5,1.00,-0.199
212.40,FINAL,83.73,79.42,17.42,-1.60,-9.3,0.1,-19.2,0.0,-1367,0.45,-0.296,0.092,1.00,,-1,847,0,722,-0,-1.43,17.5,1.00,-0.199
212.50,FINAL,83.57,79.27,17.42,-1.60,-9.3,0.1,-19.2,0.0,-1365,0.45,-0.296,0.092,1.00,,-1,845,0,720,-0,-1.43,17.5,1.00,-0.199
212.60,FINAL,83.41,79.12,17.42,-1.60,-9.3,0.1,-19.2,0.0,-1364,0.45,-0.296,0.092,1.00,,-1,844,0,719,-0,-1.43,17.5,1.00,-0.199
212.70,FINAL,83.25,78.98,17.42,-1.60,-9.4,0.1,-19.2,0.0,-1362,0.45,-0.296,0.092,1.00,,-1,842,0,717,-0,-1.43,17.5,1.00,-0.199
212.80,FINAL,83.09,78.83,17.42,-1.60,-9.4,0.1,-19.2,0.0,-1360,0.45,-0.296,0.092,1.00,,-1,840,0,715,-0,-1.43,17.5,1.00,-0.199
212.90,FINAL,82.93,78.69,17.42,-1.60,-9.4,0.1,-19.2,0.0,-1359,0.45,-0.296,0.092,1.00,,-1,839,0,714,-0,-1.43,17.5,1.00,-0.199
213.00,FINAL,82.77,78.55,17.42,-1.60,-9.4,0.1,-19.2,0.0,-1357,0.45,-0.296,0.092,1.00,,-1,837,0,712,-0,-1.43,17.5,1.00,-0.198
213.10,FINAL,82.61,78.40,17.42,-1.60,-9.4,0.1,-19.2,0.0,-1355,0.45,-0.296,0.092,1.00,,-1,835,0,710,-0,-1.43,17.5,1.00,-0.198
213.20,FINAL,82.45,78.26,17.42,-1.60,-9.4,0.1,-19.2,0.0,-1354,0.45,-0.296,0.092,1.00,,-1,834,0,709,-0,-1.43,17.5,1.00,-0.198
213.30,FINAL,82.29,78.12,17.42,-1.60,-9.4,0.1,-19.2,0.0,-1352,0.45,-0.296,0.092,1.00,,-1,832,0,707,-0,-1.43,17.5,1.00,-0.198
213.40,FINAL,82.13,77.98,17.42,-1.60,-9.4,0.1,-19.2,0.0,-1351,0.45,-0.296,0.091,1.00,,-1,831,0,706,-0,-1.43,17.5,1.00,-0.198
213.50,FINAL,81.97,77.84,17.43,-1.60,-9.4,0.1,-19.2,0.0,-1349,0.45,-0.296,0.091,1.00,,-1,829,0,704,-0,-1.43,17.5,1.00,-0.198
213.60,FINAL,81.82,77.70,17.43,-1.60,-9.4,0.1,-19.2,0.0,-1347,0.45,-0.296,0.091,1.00,,-1,827,0,702,-0,-1.43,17.5,1.00,-0.198
213.70,FINAL,81.66,77.56,17.43,-1.60,-9.4,0.1,-19.2,0.0,-1346,0.45,-0.296,0.091,1.00,,-1,826,0,701,-0,-1.43,17.5,1.00,-0.198
213.80,FINAL,81.50,77.43,17.43,-1.60,-9.4,0.1,-19.2,0.0,-1344,0.45,-0.296,0.091,1.00,,-1,824,0,699,-0,-1.43,17.5,1.00,-0.198
213.90,FINAL,81.34,77.29,17.43,-1.60,-9.4,0.1,-19.2,0.0,-1343,0.45,-0.296,0.091,1.00,,-1,823,0,698,-0,-1.43,17.5,1.00,-0.197
214.00,FINAL,81.18,77.15,17.43,-1.60,-9.4,0.1,-19.2,0.0,-1341,0.45,-0.296,0.091,1.00,,-1,821,0,696,-0,-1.43,17.5,1.00,-0.197
214.10,FINAL,81.02,77.02,17.43,-1.60,-9.4,0.1,-19.2,0.0,-1339,0.45,-0.296,0.091,1.00,,-1,819,0,694,-0,-1.43,17.5,1.00,-0.197
214.20,FINAL,80.86,76.88,17.43,-1.60,-9.4,0.1,-19.2,0.0,-1338,0.45,-0.296,0.091,1.00,,-1,818,0,693,-0,-1.43,17.5,1.00,-0.197
214.30,FINAL,80.70,76.75,17.43,-1.60,-9.4,0.1,-19.2,0.0,-1336,0.45,-0.296,0.091,1.00,,-1,816,0,691,-0,-1.43,17.5,1.00,-0.197
214.40,FINAL,80.54,76.61,17.43,-1.60,-9.4,0.1,-19.2,0.0,-1335,0.45,-0.296,0.091,1.00,,-1,815,0,690,-0,-1.44,17.5,1.00,-0.197
214.50,FINAL,80.38,76.48,17.43,-1.60,-9.4,0.1,-19.1,0.0,-1333,0.45,-0.296,0.091,1.00,,-1,813,0,688,-0,-1.44,17.5,1.00,-0.197
214.60,FINAL,80.22,76.34,17.44,-1.60,-9.4,0.1,-19.1,0.0,-1331,0.45,-0.296,0.091,1.00,,-1,811,0,686,-0,-1.44,17.5,1.00,-0.197
214.70,FINAL,80.06,76.21,17.44,-1.60,-9.4,0.1,-19.1,0.0,-1330,0.45,-0.297,0.091,1.00,,-1,810,0,685,-0,-1.44,17.5,1.00,-0.196
214.80,FINAL,79.90,76.07,17.44,-1.60,-9.4,0.1,-19.1,0.0,-1328,0.45,-0.297,0.091,1.00,,-1,808,0,683,-0,-1.44,17.5,1.00,-0.196
214.90,FINAL,79.74,75.94,17.44,-1.60,-9.4,0.1,-19.1,0.0,-1326,0.45,-0.297,0.091,1.00,,-1,806,0,681,-0,-1.44,17.5,1.00,-0.196
215.00,FINAL,79.58,75.80,17.44,-1.60,-9.4,0.1,-19.1,0.0,-1325,0.45,-0.297,0.091,1.00,,-1,805,0,680,-0,-1.44,17.5,1.00,-0.196
215.10,FINAL,79.42,75.67,17.44,-1.60,-9.4,0.1,-19.1,0.0,-1323,0.45,-0.297,0.091,1.00,,-1,803,0,678,-0,-1.44,17.5,1.00,-0.196
215.20,FINAL,79.26,75.54,17.44,-1.60,-9.4,0.1,-19.1,0.0,-1322,0.45,-0.297,0.091,1.00,,-1,802,0,677,-0,-1.44,17.5,1.00,-0.196
215.30,FINAL,79.10,75.40,17.44,-1.60,-9.4,0.1,-19.1,0.0,-1320,0.45,-0.297,0.091,1.00,,-1,800,0,675,-0,-1.44,17.5,1.00,-0.196
215.40,FINAL,78.94,75.27,17.44,-1.60,-9.4,0.1,-19.1,0.0,-1318,0.45,-0.297,0.091,1.00,,-1,798,0,673,-0,-1.44,17.5,1.00,-0.196
215.50,FINAL,78.78,75.14,17.44,-1.60,-9.4,0.1,-19.1,0.0,-1317,0.45,-0.297,0.091,1.00,,-1,797,0,672,-0,-1.44,17.5,1.00,-0.196
215.60,FINAL,78.62,75.00,17.44,-1.60,-9.4,0.1,-19.1,0.0,-1315,0.45,-0.297,0.091,1.00,,-1,795,0,670,-0,-1.44,17.5,1.00,-0.196
215.70,FINAL,78.46,74.87,17.44,-1.60,-9.4,0.1,-19.1,0.0,-1314,0.45,-0.297,0.091,1.00,,-1,794,0,669,-0,-1.44,17.5,1.00,-0.195
215.80,FINAL,78.30,74.73,17.44,-1.60,-9.4,0.1,-19.1,0.0,-1312,0.45,-0.297,0.091,1.00,,-1,792,0,667,-0,-1.44,17.5,1.00,-0.195
215.90,FINAL,78.14,74.60,17.45,-1.60,-9.4,0.1,-19.1,0.0,-1310,0.45,-0.297,0.091,1.00,,-1,790,0,665,-0,-1.44,17.5,1.00,-0.195
216.00,FINAL,77.98,74.47,17.45,-1.60,-9.4,0.1,-19.1,0.0,-1309,0.45,-0.297,0.091,1.00,,-1,789,0,664,-0,-1.44,17.5,1.00,-0.195
216.10,FINAL,77.82,74.34,17.45,-1.60,-9.4,0.1,-19.1,0.0,-1307,0.45,-0.297,0.091,1.00,,-1,787,0,662,-0,-1.44,17.5,1.00,-0.195
216.20,FINAL,77.66,74.20,17.45,-1.60,-9.4,0.1,-19.1,0.0,-1306,0.45,-0.297,0.091,1.00,,-1,786,0,661,-0,-1.44,17.5,1.00,-0.195
216.30,FINAL,77.50,74.07,17.45,-1.60,-9.4,0.1,-19.1,0.0,-1304,0.45,-0.297,0.091,1.00,,-1,784,0,659,-0,-1.44,17.5,1.00,-0.195
216.40,FINAL,77.34,73.94,17.45,-1.60,-9.4,0.1,-19.1,0.0,-1302,0.45,-0.297,0.091,1.00,,-1,782,0,657,-0,-1.44,17.5,1.00,-0.195
216.50,FINAL,77.18,73.81,17.45,-1.60,-9.4,0.1,-19.0,0.0,-1301,0.45,-0.297,0.091,1.00,,-1,781,0,656,-0,-1.44,17.5,1.00,-0.195
216.60,FINAL,77.02,73.67,17.45,-1.60,-9.4,0.1,-19.0,0.0,-1299,0.45,-0.297,0.091,1.00,,-1,779,0,654,-0,-1.44,17.5,1.00,-0.194
216.70,FINAL,76.86,73.54,17.45,-1.60,-9.4,0.1,-19.0,0.0,-1297,0.45,-0.297,0.091,1.00,,-1,777,0,652,-0,-1.44,17.5,1.00,-0.194
216.80,FINAL,76.70,73.41,17.45,-1.60,-9.4,0.1,-19.0,0.0,-1296,0.45,-0.297,0.091,1.00,,-1,776,0,651,-0,-1.44,17.5,1.00,-0.194
216.90,FINAL,76.54,73.28,17.45,-1.60,-9.4,0.1,-19.0,0.0,-1294,0.45,-0.297,0.091,1.00,,-1,774,0,649,-0,-1.45,17.5,1.00,-0.194
217.00,FINAL,76.38,73.15,17.45,-1.60,-9.4,0.1,-19.0,0.0,-1293,0.45,-0.297,0.091,1.00,,-1,773,0,648,-0,-1.45,17.5,1.00,-0.194
217.10,FINAL,76.22,73.02,17.45,-1.60,-9.4,0.1,-19.0,0.0,-1291,0.45,-0.297,0.091,1.00,,-1,771,0,646,-0,-1.45,17.5,1.00,-0.194
217.20,FINAL,76.06,72.89,17.45,-1.60,-9.4,0.1,-19.0,0.0,-1289,0.45,-0.297,0.091,1.00,,-1,769,0,644,-0,-1.45,17.5,1.00,-0.194
217.30,FINAL,75.90,72.76,17.46,-1.60,-9.4,0.1,-19.0,0.0,-1288,0.45,-0.297,0.091,1.00,,-1,768,0,643,-0,-1.45,17.5,1.00,-0.194
217.40,FINAL,75.74,72.63,17.46,-1.60,-9.4,0.1,-19.0,0.0,-1286,0.45,-0.297,0.091,1.00,,-1,766,0,641,-0,-1.45,17.5,1.00,-0.194
217.50,FINAL,75.58,72.50,17.46,-1.60,-9.4,0.1,-19.0,0.0,-1285,0.45,-0.297,0.091,1.00,,-1,765,0,640,-0,-1.45,17.5,1.00,-0.193
217.60,FINAL,75.42,72.37,17.46,-1.60,-9.4,0.1,-19.0,0.0,-1283,0.45,-0.297,0.091,1.00,,-1,763,0,638,-0,-1.45,17.5,1.00,-0.193
217.70,FINAL,75.26,72.24,17.46,-1.60,-9.4,0.1,-19.0,0.0,-1281,0.45,-0.298,0.090,1.00,,-1,761,0,636,-0,-1.45,17.5,1.00,-0.193
217.80,FINAL,75.10,72.11,17.46,-1.60,-9.4,0.1,-19.0,0.0,-1280,0.45,-0.298,0.090,1.00,,-1,760,0,635,-0,-1.45,17.5,1.00,-0.193
217.90,FINAL,74.94,71.99,17.46,-1.60,-9.4,0.1,-19.0,0.0,-1278,0.45,-0.298,0.090,1.00,,-1,758,0,633,-0,-1.45,17.5,1.00,-0.193
218.00,FINAL,74.78,71.86,17.46,-1.60,-9.4,0.1,-19.0,0.0,-1276,0.45,-0.298,0.090,1.00,,-1,756,0,631,-0,-1.45,17.5,1.00,-0.193
218.10,FINAL,74.62,71.73,17.46,-1.60,-9.4,0.1,-19.0,0.0,-1275,0.45,-0.298,0.090,1.00,,-1,755,0,630,-0,-1.45,17.5,1.00,-0.193
218.20,FINAL,74.46,71.60,17.46,-1.60,-9.4,0.1,-19.0,0.0,-1273,0.45,-0.298,0.090,1.00,,-1,753,0,628,-0,-1.45,17.5,1.00,-0.193
218.30,FINAL,74.30,71.48,17.46,-1.60,-9.4,0.1,-18.9,0.0,-1272,0.45,-0.298,0.090,1.00,,-1,752,0,627,-0,-1.45,17.5,1.00,-0.193
218.40,FINAL,74.14,71.35,17.46,-1.60,-9.4,0.1,-18.9,0.0,-1270,0.45,-0.298,0.090,1.00,,-1,750,0,625,-0,-1.45,17.5,1.00,-0.193
218.50,FINAL,73.98,71.23,17.46,-1.60,-9.4,0.1,-18.9,0.0,-1268,0.45,-0.298,0.090,1.00,,-1,748,0,623,-0,-1.45,17.5,1.00,-0.192
218.60,FINAL,73.82,71.10,17.46,-1.60,-9.4,0.1,-18.9,0.0,-1267,0.45,-0.298,0.090,1.00,,-1,747,0,622,-0,-1.45,17.5,1.00,-0.192
218.70,FINAL,73.66,70.98,17.46,-1.60,-9.4,0.1,-18.9,0.0,-1265,0.45,-0.298,0.090,1.00,,-1,745,0,620,-0,-1.45,17.5,1.00,-0.192
218.80,FINAL,73.50,70.85,17.47,-1.60,-9.4,0.1,-18.9,0.0,-1264,0.45,-0.298,0.090,1.00,,-1,744,0,619,-0,-1.45,17.5,1.00,-0.192
218.90,FINAL,73.34,70.73,17.47,-1.60,-9.4,0.1,-18.9,0.0,-1262,0.45,-0.298,0.090,1.00,,-1,742,0,617,-0,-1.45,17.5,1.00,-0.192
219.00,FINAL,73.18,70.60,17.47,-1.60,-9.4,0.1,-18.9,0.0,-1260,0.45,-0.298,0.090,1.00,,-1,740,0,615,-0,-1.45,17.5,1.00,-0.192
219.10,FINAL,73.02,70.48,17.47,-1.60,-9.4,0.1,-18.9,0.0,-1259,0.45,-0.298,0.090,1.00,,-1,739,0,614,-0,-1.45,17.5,1.00,-0.192
219.20,FINAL,72.86,70.36,17.47,-1.60,-9.4,0.1,-18.9,0.0,-1257,0.45,-0.298,0.090,1.00,,-1,737,0,612,-0,-1.45,17.5,1.00,-0.192
219.30,FINAL,72.70,70.23,17.47,-1.60,-9.4,0.1,-18.9,0.0,-1255,0.45,-0.298,0.090,1.00,,-1,735,0,610,-0,-1.46,17.5,1.00,-0.192
219.40,FINAL,72.54,70.11,17.47,-1.60,-9.4,0.1,-18.9,0.0,-1254,0.45,-0.298,0.090,1.00,,-1,734,0,609,-0,-1.46,17.5,1.00,-0.192
219.50,FINAL,72.38,69.98,17.47,-1.60,-9.4,0.1,-18.9,0.0,-1252,0.45,-0.298,0.090,1.00,,-1,732,0,607,-0,-1.46,17.5,1.00,-0.191
219.60,FINAL,72.22,69.86,17.47,-1.60,-9.4,0.1,-18.9,0.0,-1251,0.45,-0.298,0.090,1.00,,-1,731,0,606,-0,-1.46,17.5,1.00,-0.191
219.70,FINAL,72.06,69.74,17.47,-1.60,-9.4,0.1,-18.9,0.0,-1249,0.45,-0.298,0.090,1.00,,-1,729,0,604,-0,-1.46,17.5,1.00,-0.191
219.80,FINAL,71.90,69.61,17.47,-1.60,-9.4,0.1,-18.9,0.0,-1247,0.45,-0.298,0.090,1.00,,-1,727,0,602,-0,-1.46,17.5,1.00,-0.191
219.90,FINAL,71.74,69.49,17.47,-1.60,-9.4,0.1,-18.9,0.0,-1246,0.45,-0.298,0.090,1.00,,-1,726,0,601,-0,-1.46,17.5,1.00,-0.191
220.00,FINAL,71.58,69.36,17.47,-1.60,-9.4,0.1,-18.9,0.0,-1244,0.45,-0.298,0.090,1.00,,-1,724,0,599,-0,-1.46,17.5,1.00,-0.191
220.10,FINAL,71.42,69.24,17.47,-1.60,-9.4,0.1,-18.8,0.0,-1243,0.45,-0.298,0.090,1.00,,-1,723,0,598,-0,-1.46,17.5,1.00,-0.191
220.20,FINAL,71.26,69.12,17.47,-1.60,-9.4,0.1,-18.8,0.0,-1241,0.45,-0.298,0.090,1.00,,-1,721,0,596,-0,-1.46,17.5,1.00,-0.191
220.30,FINAL,71.10,68.99,17.47,-1.60,-9.4,0.1,-18.8,0.0,-1239,0.45,-0.298,0.090,1.00,,-1,719,0,594,-0,-1.46,17.5,1.00,-0.191
220.40,FINAL,70.94,68.87,17.47,-1.60,-9.4,0.1,-18.8,0.0,-1238,0.45,-0.298,0.090,1.00,,-1,718,0,593,-0,-1.46,17.5,1.00,-0.191
220.50,FINAL,70.77,68.74,17.48,-1.60,-9.4,0.1,-18.8,0.0,-1236,0.45,-0.298,0.090,1.00,,-1,716,0,591,-0,-1.46,17.5,1.00,-0.190
220.60,FINAL,70.61,68.62,17.48,-1.60,-9.5,0.1,-18.8,0.0,-1234,0.45,-0.298,0.090,1.00,,-1,714,0,589,-0,-1.46,17.5,1.00,-0.190
220.70,FINAL,70.45,68.49,17.48,-1.60,-9.5,0.1,-18.8,0.0,-1233,0.45,-0.298,0.090,1.00,,-1,713,0,588,-0,-1.46,17.5,1.00,-0.190
220.80,FINAL,70.29,68.37,17.48,-1.60,-9.5,0.1,-18.8,0.0,-1231,0.45,-0.298,0.090,1.00,,-1,711,0,586,-0,-1.46,17.5,1.00,-0.190
220.90,FINAL,70.13,68.24,17.48,-1.60,-9.5,0.1,-18.8,0.0,-1230,0.45,-0.298,0.090,1.00,,-1,710,0,585,-0,-1.46,17.5,1.00,-0.190
221.00,FINAL,69.97,68.11,17.48,-1.60,-9.5,0.1,-18.8,0.0,-1228,0.45,-0.298,0.090,1.00,,-1,708,0,583,-0,-1.46,17.5,1.00,-0.190
221.10,FINAL,69.81,67.99,17.48,-1.60,-9.5,0.1,-18.8,0.0,-1226,0.45,-0.298,0.090,1.00,,-1,706,0,581,-0,-1.46,17.5,1.00,-0.190
221.20,FINAL,69.65,67.86,17.48,-1.60,-9.5,0.1,-18.8,0.0,-1225,0.45,-0.298,0.090,1.00,,-1,705,0,580,-0,-1.46,17.5,1.00,-0.190
221.30,FINAL,69.49,67.73,17.48,-1.60,-9.5,0.1,-18.8,0.0,-1223,0.45,-0.298,0.090,1.00,,-1,703,0,578,-0,-1.46,17.5,1.00,-0.190
221.40,FINAL,69.33,67.61,17.48,-1.60,-9.5,0.1,-18.8,0.0,-1221,0.45,-0.298,0.090,1.00,,-1,701,0,576,-0,-1.46,17.5,1.00,-0.190
221.50,FINAL,69.17,67.48,17.48,-1.60,-9.5,0.1,-18.8,0.0,-1220,0.45,-0.298,0.090,1.00,,-1,700,0,575,-0,-1.46,17.5,1.00,-0.189
221.60,FINAL,69.01,67.35,17.48,-1.60,-9.5,0.1,-18.8,0.0,-1218,0.45,-0.298,0.090,1.00,,-1,698,0,573,-0,-1.47,17.5,1.00,-0.189
221.70,FINAL,68.85,67.22,17.48,-1.60,-9.5,0.1,-18.8,0.0,-1217,0.45,-0.298,0.090,1.00,,-1,697,0,572,-0,-1.47,17.5,1.00,-0.189
221.80,FINAL,68.69,67.09,17.48,-1.60,-9.5,0.1,-18.8,0.0,-1215,0.45,-0.298,0.090,1.00,,-1,695,0,570,-0,-1.47,17.5,1.00,-0.189
221.90,FINAL,68.53,66.97,17.48,-1.60,-9.5,0.1,-18.7,0.0,-1213,0.45,-0.298,0.090,1.00,,-1,693,0,568,-0,-1.47,17.5,1.00,-0.189
222.00,FINAL,68.37,66.84,17.48,-1.60,-9.5,0.1,-18.7,0.0,-1212,0.45,-0.298,0.090,1.00,,-1,692,0,567,-0,-1.47,17.5,1.00,-0.189
222.10,FINAL,68.21,66.71,17.48,-1.60,-9.5,0.1,-18.7,0.0,-1210,0.45,-0.298,0.090,1.00,,-1,690,0,565,-0,-1.47,17.5,1.00,-0.189
222.20,FINAL,68.05,66.57,17.48,-1.60,-9.5,0.1,-18.7,0.0,-1209,0.45,-0.298,0.090,1.00,,-1,689,0,564,-0,-1.47,17.5,1.00,-0.189
222.30,FINAL,67.89,66.44,17.48,-1.60,-9.5,0.1,-18.7,0.0,-1207,0.45,-0.298,0.090,1.00,,-1,687,0,562,-0,-1.47,17.5,1.00,-0.189
222.40,FINAL,67.73,66.31,17.48,-1.60,-9.5,0.1,-18.7,0.0,-1205,0.45,-0.298,0.090,1.00,,-1,685,0,560,-0,-1.47,17.5,1.00,-0.189
222.50,FINAL,67.57,66.18,17.48,-1.60,-9.5,0.1,-18.7,0.0,-1204,0.45,-0.298,0.089,1.00,,-1,684,0,559,-0,-1.47,17.5,1.00,-0.189
222.60,FINAL,67.41,66.05,17.49,-1.61,-9.5,0.1,-18.7,0.0,-1202,0.45,-0.298,0.089,1.00,,-1,682,0,557,-0,-1.47,17.5,1.00,-0.188
222.70,FINAL,67.25,65.91,17.49,-1.61,-9.5,0.1,-18.7,0.0,-1200,0.45,-0.298,0.089,1.00,,-1,680,0,555,-0,-1.47,17.5,1.00,-0.188
222.80,FINAL,67.09,65.78,17.49,-1.61,-9.5,0.1,-18.7,0.0,-1199,0.45,-0.298,0.089,1.00,,-1,679,0,554,-0,-1.47,17.5,1.00,-0.188
222.90,FINAL,66.93,65.65,17.49,-1.61,-9.5,0.1,-18.7,0.0,-1197,0.45,-0.298,0.089,1.00,,-1,677,0,552,-0,-1.47,17.5,1.00,-0.188
223.00,FINAL,66.76,65.51,17.49,-1.61,-9.5,0.1,-18.7,0.0,-1196,0.45,-0.298,0.089,1.00,,-1,676,0,551,-0,-1.47,17.5,1.00,-0.188
223.10,FINAL,66.60,65.38,17.49,-1.61,-9.5,0.1,-18.7,0.0,-1194,0.45,-0.298,0.089,1.00,,-1,674,0,549,-0,-1.47,17.5,1.00,-0.188
223.20,FINAL,66.44,65.24,17.49,-1.61,-9.5,0.1,-18.7,0.0,-1192,0.45,-0.298,0.089,1.00,,-1,672,0,547,-0,-1.47,17.5,1.00,-0.188
223.30,FINAL,66.28,65.10,17.49,-1.61,-9.5,0.1,-18.7,0.0,-1191,0.45,-0.298,0.089,1.00,,-1,671,0,546,-0,-1.47,17.5,1.00,-0.188
223.40,FINAL,66.12,64.97,17.49,-1.61,-9.5,0.1,-18.7,0.0,-1189,0.45,-0.298,0.089,1.00,,-1,669,0,544,-0,-1.47,17.5,1.00,-0.188
223.50,FINAL,65.96,64.83,17.49,-1.61,-9.5,0.1,-18.7,0.0,-1187,0.45,-0.298,0.089,1.00,,-1,667,0,542,-0,-1.47,17.5,1.00,-0.188
223.60,FINAL,65.80,64.69,17.49,-1.61,-9.5,0.1,-18.7,0.0,-1186,0.45,-0.298,0.089,1.00,,-1,666,0,541,-0,-1.47,17.5,1.00,-0.188
223.70,FINAL,65.64,64.55,17.49,-1.61,-9.5,0.1,-18.6,0.0,-1184,0.45,-0.298,0.089,1.00,,-1,664,0,539,-0,-1.47,17.5,1.00,-0.187
223.80,FINAL,65.48,64.42,17.49,-1.61,-9.5,0.1,-18.6,0.0,-1183,0.45,-0.298,0.089,1.00,,-1,663,0,538,-0,-1.47,17.5,1.00,-0.187
223.90,FINAL,65.32,64.28,17.49,-1.61,-9.5,0.1,-18.6,0.0,-1181,0.45,-0.298,0.089,1.00,,-1,661,0,536,-0,-1.47,17.5,1.00,-0.187
224.00,FINAL,65.16,64.14,17.49,-1.61,-9.5,0.1,-18.6,0.0,-1179,0.45,-0.298,0.089,1.00,,-1,659,0,534,-0,-1.47,17.5,1.00,-0.187
224.10,FINAL,65.00,64.00,17.49,-1.61,-9.5,0.1,-18.6,0.0,-1178,0.45,-0.298,0.089,1.00,,-1,658,0,533,-0,-1.48,17.5,1.00,-0.187
224.20,FINAL,64.84,63.86,17.49,-1.61,-9.5,0.1,-18.6,0.0,-1176,0.45,-0.298,0.089,1.00,,-1,656,0,531,-0,-1.48,17.5,1.00,-0.187
224.30,FINAL,64.68,63.72,17.49,-1.61,-9.5,0.1,-18.6,0.0,-1174,0.45,-0.298,0.089,1.00,,-1,654,0,529,-0,-1.48,17.5,1.00,-0.187
224.40,FINAL,64.52,63.58,17.49,-1.61,-9.5,0.1,-18.6,0.0,-1173,0.45,-0.298,0.089,1.00,,-1,653,0,528,-0,-1.48,17.5,1.00,-0.187
224.50,FINAL,64.36,63.44,17.49,-1.61,-9.5,0.1,-18.6,0.0,-1171,0.45,-0.298,0.089,1.00,,-1,651,0,526,-0,-1.48,17.5,1.00,-0.187
224.60,FINAL,64.19,63.29,17.49,-1.61,-9.5,0.1,-18.6,0.0,-1170,0.45,-0.298,0.089,1.00,,-1,650,0,525,-0,-1.48,17.5,1.00,-0.187
224.70,FINAL,64.03,63.15,17.49,-1.61,-9.5,0.1,-18.6,0.0,-1168,0.45,-0.299,0.089,1.00,,-1,648,0,523,-0,-1.48,17.5,1.00,-0.187
224.80,FINAL,63.87,63.01,17.49,-1.61,-9.5,0.1,-18.6,0.0,-1166,0.45,-0.299,0.089,1.00,,-1,646,0,521,-0,-1.48,17.5,1.00,-0.186
224.90,FINAL,63.71,62.87,17.49,-1.61,-9.5,0.1,-18.6,0.0,-1165,0.45,-0.299,0.089,1.00,,-1,645,0,520,-0,-1.48,17.5,1.00,-0.186
225.00,FINAL,63.55,62.73,17.49,-1.61,-9.5,0.1,-18.6,0.0,-1163,0.45,-0.299,0.089,1.00,,-1,643,0,518,-0,-1.48,17.5,1.00,-0.186
225.10,FINAL,63.39,62.59,17.49,-1.61,-9.5,0.1,-18.6,0.0,-1161,0.45,-0.299,0.089,1.00,,-1,641,0,516,-0,-1.48,17.5,1.00,-0.186
225.20,FINAL,63.23,62.44,17.49,-1.61,-9.5,0.1,-18.6,0.0,-1160,0.45,-0.299,0.089,1.00,,-1,640,0,515,-0,-1.48,17.5,1.00,-0.186
225.30,FINAL,63.07,62.30,17.49,-1.61,-9.5,0.1,-18.5,0.0,-1158,0.45,-0.299,0.089,1.00,,-1,638,0,513,-0,-1.48,17.5,1.00,-0.186
225.40,FINAL,62.91,62.16,17.50,-1.61,-9.5,0.1,-18.5,0.0,-1157,0.45,-0.299,0.089,1.00,,-1,637,0,512,-0,-1.48,17.5,1.00,-0.186
225.50,FINAL,62.75,62.02,17.50,-1.61,-9.5,0.1,-18.5,0.0,-1155,0.45,-0.299,0.089,1.00,,-1,635,0,510,-0,-1.48,17.5,1.00,-0.186
225.60,FINAL,62.59,61.87,17.50,-1.61,-9.5,0.1,-18.5,0.0,-1153,0.45,-0.299,0.089,1.00,,-1,633,0,508,-0,-1.48,17.5,1.00,-0.186
225.70,FINAL,62.43,61.73,17.50,-1.61,-9.5,0.1,-18.5,0.0,-1152,0.45,-0.299,0.089,1.00,,-1,632,0,507,-0,-1.48,17.5,1.00,-0.186
225.80,FINAL,62.27,61.59,17.50,-1.61,-9.5,0.1,-18.5,0.0,-1150,0.45,-0.299,0.089,1.00,,-1,630,0,505,-0,-1.48,17.5,1.00,-0.186
225.90,FINAL,62.11,61.45,17.50,-1.61,-9.5,0.1,-18.5,0.0,-1148,0.45,-0.299,0.089,1.00,,-1,628,0,503,-0,-1.48,17.5,1.00,-0.185
226.00,FINAL,61.94,61.30,17.50,-1.61,-9.5,0.1,-18.5,0.0,-1147,0.45,-0.299,0.089,1.00,,-1,627,0,502,-0,-1.48,17.5,1.00,-0.185
226.10,FINAL,61.78,61.16,17.50,-1.61,-9.5,0.1,-18.5,0.0,-1145,0.45,-0.299,0.089,1.00,,-1,625,0,500,-0,-1.48,17.5,1.00,-0.185
226.20,FINAL,61.62,61.02,17.50,-1.61,-9.5,0.1,-18.5,0.0,-1144,0.45,-0.299,0.089,1.00,,-1,624,0,499,-0,-1.48,17.5,1.00,-0.185
226.30,FINAL,61.46,60.88,17.50,-1.61,-9.5,0.1,-18.5,0.0,-1142,0.45,-0.299,0.089,1.00,,-1,622,0,497,-0,-1.48,17.5,1.00,-0.185
226.40,FINAL,61.30,60.73,17.50,-1.61,-9.5,0.1,-18.5,0.0,-1140,0.45,-0.299,0.089,1.00,,-1,620,0,495,-0,-1.49,17.5,1.00,-0.185
226.50,FINAL,61.14,60.59,17.50,-1.61,-9.5,0.1,-18.5,0.0,-1139,0.45,-0.299,0.089,1.00,,-1,619,0,494,-0,-1.49,17.5,1.00,-0.185
226.60,FINAL,60.98,60.45,17.50,-1.61,-9.5,0.1,-18.5,0.0,-1137,0.45,-0.299,0.088,1.00,,-1,617,0,492,-0,-1.49,17.5,1.00,-0.185
226.70,FINAL,60.82,60.31,17.50,-1.61,-9.5,0.1,-18.5,0.0,-1136,0.45,-0.299,0.088,1.00,,-1,616,0,491,-0,-1.49,17.5,1.00,-0.185
226.80,FINAL,60.66,60.16,17.50,-1.61,-9.5,0.1,-18.4,0.0,-1134,0.45,-0.299,0.088,1.00,,-1,614,0,489,-0,-1.49,17.5,1.00,-0.185
226.90,FINAL,60.50,60.02,17.50,-1.61,-9.5,0.1,-18.4,0.0,-1132,0.45,-0.299,0.088,1.00,,-1,612,0,487,-0,-1.49,17.5,1.00,-0.185
227.00,FINAL,60.34,59.88,17.50,-1.61,-9.5,0.1,-18.4,0.0,-1131,0.45,-0.299,0.088,1.00,,-1,611,0,486,-0,-1.49,17.5,1.00,-0.185
227.10,FINAL,60.17,59.74,17.50,-1.61,-9.5,0.1,-18.4,0.0,-1129,0.45,-0.299,0.088,1.00,,-1,609,0,484,-0,-1.49,17.5,1.00,-0.184
227.20,FINAL,60.01,59.60,17.50,-1.61,-9.5,0.1,-18.4,0.0,-1127,0.45,-0.299,0.088,1.00,,-1,607,0,482,-0,-1.49,17.5,1.00,-0.184
227.30,FINAL,59.85,59.45,17.50,-1.61,-9.5,0.1,-18.4,0.0,-1126,0.45,-0.299,0.088,1.00,,-1,606,0,481,-0,-1.49,17.5,1.00,-0.184
227.40,FINAL,59.69,59.31,17.50,-1.61,-9.5,0.1,-18.4,0.0,-1124,0.45,-0.299,0.088,1.00,,-1,604,0,479,-0,-1.49,17.5,1.00,-0.184
227.50,FINAL,59.53,59.17,17.50,-1.61,-9.5,0.1,-18.4,0.0,-1123,0.45,-0.299,0.088,1.00,,-1,603,0,478,-0,-1.49,17.5,1.00,-0.184
227.60,FINAL,59.37,59.03,17.50,-1.61,-9.5,0.1,-18.4,0.0,-1121,0.45,-0.299,0.088,1.00,,-1,601,0,476,-0,-1.49,17.5,1.00,-0.184
227.70,FINAL,59.21,58.88,17.50,-1.61,-9.5,0.1,-18.4,0.0,-1119,0.45,-0.299,0.088,1.00,,-1,599,0,474,-0,-1.49,17.5,1.00,-0.184
227.80,FINAL,59.05,58.74,17.50,-1.61,-9.5,0.1,-18.4,0.0,-1118,0.45,-0.299,0.088,1.00,,-1,598,0,473,-0,-1.49,17.5,1.00,-0.184
227.90,FINAL,58.89,58.60,17.50,-1.61,-9.5,0.1,-18.4,0.0,-1116,0.45,-0.299,0.088,1.00,,-1,596,0,471,-0,-1.49,17.5,1.00,-0.184
228.00,FINAL,58.73,58.46,17.50,-1.61,-9.5,0.1,-18.4,0.0,-1114,0.45,-0.299,0.088,1.00,,-1,594,0,469,-0,-1.49,17.5,1.00,-0.184
228.10,FINAL,58.57,58.31,17.50,-1.61,-9.5,0.1,-18.4,0.0,-1113,0.45,-0.299,0.088,1.00,,-1,593,0,468,-0,-1.49,17.5,1.00,-0.184
228.20,FINAL,58.40,58.17,17.50,-1.61,-9.5,0.1,-18.4,0.0,-1111,0.45,-0.299,0.088,1.00,,-1,591,0,466,-0,-1.49,17.5,1.00,-0.184
228.30,FINAL,58.24,58.02,17.50,-1.61,-9.5,0.1,-18.3,0.0,-1109,0.45,-0.299,0.088,1.00,,-1,589,0,464,-0,-1.49,17.5,1.00,-0.184
228.40,FINAL,58.08,57.88,17.50,-1.61,-9.5,0.1,-18.3,0.0,-1108,0.45,-0.299,0.088,1.00,,-1,588,0,463,-0,-1.49,17.5,1.00,-0.183
228.50,FINAL,57.92,57.74,17.50,-1.61,-9.5,0.1,-18.3,0.0,-1106,0.45,-0.299,0.088,1.00,,-1,586,0,461,-0,-1.49,17.5,1.00,-0.183
228.60,FINAL,57.76,57.59,17.50,-1.61,-9.5,0.1,-18.3,0.0,-1105,0.45,-0.299,0.088,1.00,,-1,585,0,460,-0,-1.49,17.5,1.00,-0.183
228.70,FINAL,57.60,57.45,17.50,-1.61,-9.5,0.1,-18.3,0.0,-1103,0.45,-0.299,0.088,1.00,,-1,583,0,458,-0,-1.49,17.5,1.00,-0.183
228.80,FINAL,57.44,57.30,17.50,-1.61,-9.5,0.1,-18.3,0.0,-1101,0.45,-0.299,0.088,1.00,,-1,581,0,456,-0,-1.50,17.5,1.00,-0.183
228.90,FINAL,57.28,57.15,17.50,-1.61,-9.5,0.1,-18.3,0.0,-1100,0.45,-0.299,0.088,1.00,,-1,580,0,455,-0,-1.50,17.5,1.00,-0.183
229.00,FINAL,57.12,57.01,17.51,-1.61,-9.5,0.1,-18.3,0.0,-1098,0.45,-0.299,0.088,1.00,,-1,578,0,453,-0,-1.50,17.5,1.00,-0.183
229.10,FINAL,56.95,56.86,17.51,-1.61,-9.5,0.1,-18.3,0.0,-1096,0.45,-0.299,0.088,1.00,,-1,576,0,451,-0,-1.50,17.5,1.00,-0.183
229.20,FINAL,56.79,56.71,17.51,-1.61,-9.5,0.1,-18.3,0.0,-1095,0.45,-0.299,0.088,1.00,,-1,575,0,450,-0,-1.50,17.5,1.00,-0.183
229.30,FINAL,56.63,56.56,17.51,-1.61,-9.5,0.1,-18.3,0.0,-1093,0.45,-0.299,0.088,1.00,,-1,573,0,448,-0,-1.50,17.5,1.00,-0.183
229.40,FINAL,56.47,56.41,17.51,-1.61,-9.5,0.1,-18.3,0.0,-1092,0.45,-0.299,0.088,1.00,,-1,572,0,447,-0,-1.50,17.5,1.00,-0.183
229.50,FINAL,56.31,56.26,17.51,-1.61,-9.5,0.1,-18.3,0.0,-1090,0.45,-0.299,0.088,1.00,,-1,570,0,445,-0,-1.50,17.5,1.00,-0.183
229.60,FINAL,56.15,56.11,17.51,-1.61,-9.5,0.1,-18.3,0.0,-1088,0.45,-0.299,0.088,1.00,,-1,568,0,443,-0,-1.50,17.5,1.00,-0.183
229.70,FINAL,55.99,55.96,17.51,-1.61,-9.5,0.1,-18.3,0.0,-1087,0.45,-0.299,0.088,1.00,,-1,567,0,442,-0,-1.50,17.5,1.00,-0.182
229.80,FINAL,55.83,55.81,17.51,-1.61,-9.5,0.1,-18.2,0.0,-1085,0.45,-0.299,0.088,1.00,,-1,565,0,440,-0,-1.50,17.5,1.00,-0.182
229.90,FINAL,55.67,55.66,17.51,-1.61,-9.5,0.1,-18.2,0.0,-1083,0.45,-0.299,0.088,1.00,,-1,563,0,438,-0,-1.50,17.5,1.00,-0.182
230.00,FINAL,55.50,55.51,17.51,-1.61,-9.5,0.1,-18.2,0.0,-1082,0.45,-0.299,0.088,1.00,,-1,562,0,437,-0,-1.50,17.5,1.00,-0.182
230.10,FINAL,55.34,55.36,17.51,-1.61,-9.5,0.1,-18.2,0.0,-1080,0.45,-0.299,0.088,1.00,,-1,560,0,435,-0,-1.50,17.5,1.00,-0.182
230.20,FINAL,55.18,55.20,17.51,-1.61,-9.5,0.1,-18.2,0.0,-1079,0.45,-0.299,0.088,1.00,,-1,559,0,434,-0,-1.50,17.5,1.00,-0.182
230.30,FINAL,55.02,55.05,17.51,-1.61,-9.5,0.1,-18.2,0.0,-1077,0.45,-0.299,0.088,1.00,,-1,557,0,432,-0,-1.50,17.5,1.00,-0.182
230.40,FINAL,54.86,54.89,17.51,-1.61,-9.5,0.1,-18.2,0.0,-1075,0.45,-0.299,0.087,1.00,,-1,555,0,430,-0,-1.50,17.5,1.00,-0.182
230.50,FINAL,54.70,54.74,17.51,-1.61,-9.5,0.1,-18.2,0.0,-1074,0.45,-0.299,0.087,1.00,,-1,554,0,429,-0,-1.50,17.5,1.00,-0.182
230.60,FINAL,54.54,54.58,17.51,-1.61,-9.5,0.1,-18.2,0.0,-1072,0.45,-0.299,0.087,1.00,,-1,552,0,427,-0,-1.50,17.5,1.00,-0.182
230.70,FINAL,54.38,54.42,17.51,-1.61,-9.5,0.1,-18.2,0.0,-1070,0.45,-0.299,0.087,1.00,,-1,550,0,425,-0,-1.50,17.5,1.00,-0.182
230.80,FINAL,54.21,54.27,17.51,-1.61,-9.5,0.1,-18.2,0.0,-1069,0.45,-0.299,0.087,1.00,,-1,549,0,424,-0,-1.50,17.5,1.00,-0.182
230.90,FINAL,54.05,54.11,17.51,-1.61,-9.5,0.1,-18.2,0.0,-1067,0.45,-0.299,0.087,1.00,,-1,547,0,422,-0,-1.50,17.5,1.00,-0.182
231.00,FINAL,53.89,53.95,17.51,-1.61,-9.5,0.1,-18.2,0.0,-1066,0.45,-0.299,0.087,1.00,,-1,546,0,421,-0,-1.50,17.5,1.00,-0.182
231.10,FINAL,53.73,53.79,17.51,-1.61,-9.5,0.1,-18.2,0.0,-1064,0.45,-0.299,0.087,1.00,,-1,544,0,419,-0,-1.50,17.5,1.00,-0.181
231.20,FINAL,53.57,53.63,17.51,-1.61,-9.5,0.1,-18.1,0.0,-1062,0.45,-0.299,0.087,1.00,,-1,542,0,417,-0,-1.51,17.5,1.00,-0.181
231.30,FINAL,53.41,53.47,17.51,-1.61,-9.5,0.1,-18.1,0.0,-1061,0.45,-0.299,0.087,1.00,,-1,541,0,416,-0,-1.51,17.5,1.00,-0.181
231.40,FINAL,53.25,53.31,17.51,-1.61,-9.5,0.1,-18.1,0.0,-1059,0.45,-0.299,0.087,1.00,,-1,539,0,414,-0,-1.51,17.5,1.00,-0.181
231.50,FINAL,53.09,53.15,17.51,-1.61,-9.5,0.1,-18.1,0.0,-1057,0.45,-0.299,0.087,1.00,,-1,537,0,412,-0,-1.51,17.5,1.00,-0.181
231.60,FINAL,52.92,52.99,17.51,-1.61,-9.5,0.1,-18.1,0.0,-1056,0.45,-0.298,0.087,1.00,,-1,536,0,411,-0,-1.51,17.5,1.00,-0.181
231.70,FINAL,52.76,52.83,17.51,-1.61,-9.5,0.1,-18.1,0.0,-1054,0.45,-0.298,0.087,1.00,,-1,534,0,409,-0,-1.51,17.5,1.00,-0.181
231.80,FINAL,52.60,52.67,17.51,-1.61,-9.5,0.1,-18.1,0.0,-1053,0.45,-0.298,0.087,1.00,,-1,533,0,408,-0,-1.51,17.5,1.00,-0.181
231.90,FINAL,52.44,52.51,17.51,-1.61,-9.5,0.1,-18.1,0.0,-1051,0.45,-0.298,0.087,1.00,,-1,531,0,406,-0,-1.51,17.5,1.00,-0.181
232.00,FINAL,52.28,52.34,17.51,-1.61,-9.5,0.1,-18.1,0.0,-1049,0.45,-0.298,0.087,1.00,,-1,529,0,404,-0,-1.51,17.5,1.00,-0.181
232.10,FINAL,52.12,52.18,17.51,-1.61,-9.5,0.1,-18.1,0.0,-1048,0.45,-0.298,0.087,1.00,,-1,528,0,403,-0,-1.51,17.5,1.00,-0.181
232.20,FINAL,51.96,52.02,17.51,-1.61,-9.5,0.1,-18.1,0.0,-1046,0.45,-0.298,0.087,1.00,,-1,526,0,401,-0,-1.51,17.5,1.00,-0.181
232.30,FINAL,51.79,51.85,17.51,-1.61,-9.5,0.1,-18.1,0.0,-1044,0.45,-0.298,0.087,1.00,,-1,524,0,399,-0,-1.51,17.5,1.00,-0.181
232.40,FINAL,51.63,51.69,17.51,-1.61,-9.5,0.1,-18.0,0.0,-1043,0.45,-0.298,0.087,1.00,,-1,523,0,398,-0,-1.51,17.5,1.00,-0.181
232.50,FINAL,51.47,51.52,17.51,-1.61,-9.5,0.1,-18.0,0.0,-1041,0.45,-0.298,0.087,1.00,,-1,521,0,396,-0,-1.51,17.5,1.00,-0.180
232.60,FINAL,51.31,51.36,17.51,-1.62,-9.5,0.1,-18.0,0.0,-1039,0.45,-0.298,0.087,1.00,,-1,519,0,394,-0,-1.51,17.5,1.00,-0.180
232.70,FINAL,51.15,51.20,17.51,-1.62,-9.5,0.1,-18.0,0.0,-1038,0.45,-0.298,0.087,1.00,,-1,518,0,393,-0,-1.51,17.5,1.00,-0.180
232.80,FINAL,50.99,51.03,17.51,-1.62,-9.5,0.1,-18.0,0.0,-1036,0.45,-0.298,0.087,1.00,,-1,516,0,391,-0,-1.51,17.5,1.00,-0.180
232.90,FINAL,50.82,50.87,17.51,-1.62,-9.5,0.1,-18.0,0.0,-1035,0.45,-0.298,0.087,1.00,,-1,515,0,390,-0,-1.51,17.5,1.00,-0.180
233.00,FINAL,50.66,50.70,17.51,-1.62,-9.5,0.1,-18.0,0.0,-1033,0.45,-0.298,0.087,1.00,,-1,513,0,388,-0,-1.51,17.5,1.00,-0.180
233.10,FINAL,50.50,50.54,17.51,-1.62,-9.5,0.1,-18.0,0.0,-1031,0.45,-0.298,0.087,1.00,,-1,511,0,386,-0,-1.51,17.5,1.00,-0.180
233.20,FINAL,50.34,50.38,17.51,-1.62,-9.5,0.1,-18.0,0.0,-1030,0.45,-0.298,0.087,1.00,,-1,510,0,385,-0,-1.51,17.5,1.00,-0.180
233.30,FINAL,50.18,50.21,17.51,-1.62,-9.5,0.1,-18.0,0.0,-1028,0.45,-0.298,0.087,1.00,,-1,508,0,383,-0,-1.51,17.5,1.00,-0.180
233.40,FINAL,50.02,50.05,17.51,-1.62,-9.5,0.1,-18.0,0.0,-1026,0.45,-0.298,0.087,1.00,,-1,506,0,381,-0,-1.51,17.5,1.00,-0.180
233.50,FINAL,49.86,49.89,17.51,-1.62,-9.5,0.1,-18.0,0.0,-1025,0.45,-0.298,0.086,1.00,,-1,505,0,380,-0,-1.51,17.5,1.00,-0.180
233.60,FINAL,49.69,49.73,17.51,-1.62,-9.5,0.1,-17.9,0.0,-1023,0.45,-0.298,0.086,1.00,,-1,503,0,378,-0,-1.52,17.5,1.00,-0.180
233.70,FINAL,49.53,49.56,17.51,-1.62,-9.5,0.1,-17.9,0.0,-1022,0.45,-0.298,0.086,1.00,,-1,502,0,377,-0,-1.52,17.5,1.00,-0.180
233.80,FINAL,49.37,49.40,17.51,-1.62,-9.5,0.1,-17.9,0.0,-1020,0.45,-0.298,0.086,1.00,,-1,500,0,375,-0,-1.52,17.5,1.00,-0.180
233.90,FINAL,49.21,49.24,17.51,-1.62,-9.5,0.1,-17.9,0.0,-1018,0.45,-0.298,0.086,1.00,,-1,498,0,373,-0,-1.52,17.5,1.00,-0.180
234.00,FINAL,49.05,49.08,17.51,-1.62,-9.5,0.1,-17.9,0.0,-1017,0.45,-0.298,0.086,1.00,,-1,497,0,372,-0,-1.52,17.5,1.00,-0.179
234.10,FINAL,48.89,48.92,17.51,-1.62,-9.5,0.1,-17.9,0.0,-1015,0.45,-0.298,0.086,1.00,,-1,495,0,370,-0,-1.52,17.5,1.00,-0.179
234.20,FINAL,48.72,48.76,17.51,-1.62,-9.6,0.1,-17.9,0.0,-1013,0.45,-0.298,0.086,1.00,,-1,493,0,368,-0,-1.52,17.5,1.00,-0.179
234.30,FINAL,48.56,48.60,17.51,-1.62,-9.6,0.1,-17.9,0.0,-1012,0.45,-0.298,0.086,1.00,,-1,492,0,367,-0,-1.52,17.5,1.00,-0.179
234.40,FINAL,48.40,48.44,17.51,-1.62,-9.6,0.1,-17.9,0.0,-1010,0.45,-0.298,0.086,1.00,,-1,490,0,365,-0,-1.52,17.5,1.00,-0.179
234.50,FINAL,48.24,48.28,17.51,-1.62,-9.6,0.1,-17.9,0.0,-1008,0.45,-0.298,0.086,1.00,,-1,488,0,363,-0,-1.52,17.5,1.00,-0.179
234.60,FINAL,48.08,48.13,17.51,-1.62,-9.6,0.1,-17.9,0.0,-1007,0.45,-0.298,0.086,1.00,,-1,487,0,362,-0,-1.52,17.5,1.00,-0.179
234.70,FINAL,47.92,47.97,17.51,-1.62,-9.6,0.1,-17.9,0.0,-1005,0.45,-0.298,0.086,1.00,,-1,485,0,360,-0,-1.52,17.5,1.00,-0.179
234.80,FINAL,47.75,47.81,17.51,-1.62,-9.6,0.1,-17.8,0.0,-1004,0.45,-0.298,0.086,1.00,,-1,484,0,359,-0,-1.52,17.5,1.00,-0.179
234.90,FINAL,47.59,47.65,17.51,-1.62,-9.6,0.1,-17.8,0.0,-1002,0.45,-0.298,0.086,1.00,,-1,482,0,357,-0,-1.52,17.5,1.00,-0.179
235.00,FINAL,47.43,47.49,17.51,-1.62,-9.6,0.1,-17.8,0.0,-1000,0.45,-0.298,0.086,1.00,,-1,480,0,355,-0,-1.52,17.5,1.00,-0.179
235.10,FINAL,47.27,47.34,17.51,-1.62,-9.6,0.1,-17.8,0.0,-999,0.45,-0.298,0.086,1.00,,-1,479,0,354,-0,-1.52,17.5,1.00,-0.179
235.20,FINAL,47.11,47.18,17.51,-1.62,-9.6,0.1,-17.8,0.0,-997,0.45,-0.298,0.086,1.00,,-1,477,0,352,-0,-1.52,17.5,1.00,-0.179
235.30,FINAL,46.94,47.02,17.51,-1.62,-9.6,0.1,-17.8,0.0,-995,0.45,-0.298,0.086,1.00,,-1,475,0,350,-0,-1.52,17.5,1.00,-0.179
235.40,FINAL,46.78,46.86,17.51,-1.62,-9.6,0.1,-17.8,0.0,-994,0.45,-0.298,0.086,1.00,,-1,474,0,349,-0,-1.52,17.5,1.00,-0.179
235.50,FINAL,46.62,46.71,17.51,-1.62,-9.6,0.1,-17.8,0.0,-992,0.45,-0.298,0.086,1.00,,-1,472,0,347,-0,-1.52,17.5,1.00,-0.178
235.60,FINAL,46.46,46.55,17.51,-1.62,-9.6,0.1,-17.8,0.0,-991,0.45,-0.298,0.086,1.00,,-1,471,0,346,-0,-1.52,17.5,1.00,-0.178
235.70,FINAL,46.30,46.39,17.51,-1.62,-9.6,0.1,-17.8,0.0,-989,0.45,-0.298,0.086,1.00,,-1,469,0,344,-0,-1.52,17.5,1.00,-0.178
235.80,FINAL,46.14,46.24,17.51,-1.62,-9.6,0.1,-17.8,0.0,-987,0.45,-0.298,0.086,1.00,,-1,467,0,342,-0,-1.52,17.5,1.00,-0.178
235.90,FINAL,45.97,46.08,17.51,-1.62,-9.6,0.1,-17.7,0.0,-986,0.45,-0.298,0.086,1.00,,-1,466,0,341,-0,-1.52,17.5,1.00,-0.178
236.00,FINAL,45.81,45.92,17.51,-1.62,-9.6,0.1,-17.7,0.0,-984,0.45,-0.298,0.086,1.00,,-1,464,0,339,-0,-1.52,17.5,1.00,-0.178
236.10,FINAL,45.65,45.77,17.51,-1.62,-9.6,0.1,-17.7,0.0,-982,0.45,-0.298,0.086,1.00,,-1,462,0,337,-0,-1.53,17.5,1.00,-0.178
236.20,FINAL,45.49,45.61,17.51,-1.62,-9.6,0.1,-17.7,0.0,-981,0.45,-0.298,0.086,1.00,,-1,461,0,336,-0,-1.53,17.5,1.00,-0.178
236.30,FINAL,45.33,45.46,17.51,-1.62,-9.6,0.1,-17.7,0.0,-979,0.45,-0.298,0.086,1.00,,-1,459,0,334,-0,-1.53,17.5,1.00,-0.178
236.40,FINAL,45.16,45.30,17.52,-1.62,-9.6,0.1,-17.7,0.0,-977,0.45,-0.298,0.085,1.00,,-1,457,0,332,-0,-1.53,17.5,1.00,-0.178
236.50,FINAL,45.00,45.14,17.52,-1.62,-9.6,0.1,-17.7,0.0,-976,0.45,-0.298,0.085,1.00,,-1,456,0,331,-0,-1.53,17.5,1.00,-0.178
236.60,FINAL,44.84,44.99,17.52,-1.62,-9.6,0.1,-17.7,0.0,-974,0.45,-0.298,0.085,1.00,,-1,454,0,329,-0,-1.53,17.5,1.00,-0.178
236.70,FINAL,44.68,44.83,17.52,-1.62,-9.6,0.1,-17.7,0.0,-973,0.45,-0.298,0.085,1.00,,-1,453,0,328,-0,-1.53,17.5,1.00,-0.178
236.80,FINAL,44.52,44.68,17.52,-1.62,-9.6,0.1,-17.7,0.0,-971,0.45,-0.298,0.085,1.00,,-1,451,0,326,-0,-1.53,17.5,1.00,-0.178
236.90,FINAL,44.35,44.52,17.52,-1.62,-9.6,0.1,-17.7,0.0,-969,0.45,-0.298,0.085,1.00,,-1,449,0,324,-0,-1.53,17.5,1.00,-0.178
237.00,FINAL,44.19,44.37,17.52,-1.62,-9.6,0.1,-17.7,0.0,-968,0.45,-0.298,0.085,1.00,,-1,448,0,323,-0,-1.53,17.5,1.00,-0.178
237.10,FINAL,44.03,44.21,17.52,-1.62,-9.6,0.1,-17.6,0.0,-966,0.45,-0.298,0.085,1.00,,-1,446,0,321,-0,-1.53,17.5,1.00,-0.178
237.20,FINAL,43.87,44.06,17.52,-1.62,-9.6,0.1,-17.6,0.0,-964,0.45,-0.298,0.085,1.00,,-1,444,0,319,-0,-1.53,17.5,1.00,-0.177
237.30,FINAL,43.71,43.90,17.52,-1.62,-9.6,0.1,-17.6,0.0,-963,0.45,-0.298,0.085,1.00,,-1,443,0,318,-0,-1.53,17.5,1.00,-0.177
237.40,FINAL,43.54,43.75,17.52,-1.62,-9.6,0.1,-17.6,0.0,-961,0.45,-0.298,0.085,1.00,,-1,441,0,316,-0,-1.53,17.5,1.00,-0.177
237.50,FINAL,43.38,43.59,17.52,-1.62,-9.6,0.1,-17.6,0.0,-959,0.45,-0.298,0.085,1.00,,-1,439,0,314,-0,-1.53,17.5,1.00,-0.177
237.60,FINAL,43.22,43.44,17.52,-1.62,-9.6,0.1,-17.6,0.0,-958,0.45,-0.298,0.085,1.00,,-1,438,0,313,-0,-1.53,17.5,1.00,-0.177
237.70,FINAL,43.06,43.29,17.52,-1.62,-9.6,0.1,-17.6,0.0,-956,0.45,-0.298,0.085,1.00,,-1,436,0,311,-0,-1.53,17.5,1.00,-0.177
237.80,FINAL,42.90,43.13,17.52,-1.62,-9.6,0.1,-17.6,0.0,-955,0.45,-0.298,0.085,1.00,,-1,435,0,310,-0,-1.53,17.5,1.00,-0.177
237.90,FINAL,42.73,42.98,17.52,-1.62,-9.6,0.1,-17.6,0.0,-953,0.45,-0.298,0.085,1.00,,-1,433,0,308,-0,-1.53,17.5,1.00,-0.177
238.00,FINAL,42.57,42.82,17.52,-1.62,-9.6,0.1,-17.6,0.0,-951,0.45,-0.298,0.085,1.00,,-1,431,0,306,-0,-1.53,17.5,1.00,-0.177
238.10,FINAL,42.41,42.67,17.52,-1.62,-9.6,0.1,-17.6,0.0,-950,0.45,-0.298,0.085,1.00,,-1,430,0,305,-0,-1.53,17.5,1.00,-0.177
238.20,FINAL,42.25,42.52,17.52,-1.62,-9.6,0.1,-17.5,0.0,-948,0.45,-0.298,0.085,1.00,,-1,428,0,303,-0,-1.53,17.5,1.00,-0.177
238.30,FINAL,42.08,42.36,17.52,-1.62,-9.6,0.1,-17.5,0.0,-946,0.45,-0.298,0.085,1.00,,-1,426,0,301,-0,-1.53,17.5,1.00,-0.177
238.40,FINAL,41.92,42.21,17.52,-1.62,-9.6,0.1,-17.5,0.0,-945,0.45,-0.298,0.085,1.00,,-1,425,0,300,-0,-1.53,17.5,1.00,-0.177
238.50,FINAL,41.76,42.05,17.52,-1.62,-9.6,0.1,-17.5,0.0,-943,0.45,-0.298,0.085,1.00,,-1,423,0,298,-0,-1.54,17.5,1.00,-0.177
238.60,FINAL,41.60,41.90,17.52,-1.62,-9.6,0.1,-17.5,0.0,-941,0.45,-0.298,0.085,1.00,,-1,421,0,296,-0,-1.54,17.5,1.00,-0.177
238.70,FINAL,41.44,41.75,17.52,-1.62,-9.6,0.1,-17.5,0.0,-940,0.45,-0.298,0.085,1.00,,-1,420,0,295,-0,-1.54,17.5,1.00,-0.177
238.80,FINAL,41.27,41.60,17.52,-1.62,-9.6,0.1,-17.5,0.0,-938,0.45,-0.298,0.085,1.00,,-1,418,0,293,-0,-1.54,17.5,1.00,-0.177
238.90,FINAL,41.11,41.44,17.52,-1.62,-9.6,0.1,-17.5,0.0,-937,0.45,-0.298,0.085,1.00,,-1,417,0,292,-0,-1.54,17.5,1.00,-0.176
239.00,FINAL,40.95,41.29,17.52,-1.62,-9.6,0.1,-17.5,0.0,-935,0.45,-0.298,0.085,1.00,,-1,415,0,290,-0,-1.54,17.5,1.00,-0.176
239.10,FINAL,40.79,41.14,17.52,-1.62,-9.6,0.1,-17.5,0.0,-933,0.45,-0.298,0.084,1.00,,-1,413,0,288,-0,-1.54,17.5,1.00,-0.176
239.20,FINAL,40.62,40.99,17.52,-1.62,-9.6,0.1,-17.5,0.0,-932,0.45,-0.298,0.084,1.00,,-1,412,0,287,-0,-1.54,17.5,1.00,-0.176
239.30,FINAL,40.46,40.83,17.52,-1.62,-9.6,0.1,-17.4,0.0,-930,0.45,-0.298,0.084,1.00,,-1,410,0,285,-0,-1.54,17.5,1.00,-0.176
239.40,FINAL,40.30,40.68,17.52,-1.62,-9.6,0.1,-17.4,0.0,-928,0.45,-0.298,0.084,1.00,,-1,408,0,283,-0,-1.54,17.5,1.00,-0.176
239.50,FINAL,40.14,40.53,17.52,-1.62,-9.6,0.1,-17.4,0.0,-927,0.45,-0.298,0.084,1.00,,-1,407,0,282,-0,-1.54,17.5,1.00,-0.176
239.60,FINAL,39.97,40.38,17.52,-1.62,-9.6,0.1,-17.4,0.0,-925,0.45,-0.298,0.084,1.00,,-1,405,0,280,-0,-1.54,17.5,1.00,-0.176
239.70,FINAL,39.81,40.22,17.52,-1.62,-9.6,0.1,-17.4,0.0,-923,0.45,-0.298,0.084,1.00,,-1,403,0,278,-0,-1.54,17.5,1.00,-0.176
239.80,FINAL,39.65,40.07,17.52,-1.62,-9.6,0.1,-17.4,0.0,-922,0.45,-0.297,0.084,1.00,,-1,402,0,277,-0,-1.54,17.5,1.00,-0.176
239.90,FINAL,39.49,39.92,17.52,-1.62,-9.6,0.1,-17.4,0.0,-920,0.45,-0.297,0.084,1.00,,-1,400,0,275,-0,-1.54,17.5,1.00,-0.176
240.00,FINAL,39.33,39.77,17.52,-1.62,-9.6,0.1,-17.4,0.0,-919,0.45,-0.297,0.084,1.00,,-1,399,0,274,-0,-1.54,17.5,1.00,-0.176
240.10,FINAL,39.16,39.61,17.52,-1.62,-9.6,0.1,-17.4,0.0,-917,0.45,-0.297,0.084,1.00,,-1,397,0,272,-0,-1.54,17.5,1.00,-0.176
240.20,FINAL,39.00,39.46,17.52,-1.62,-9.6,0.1,-17.4,0.0,-915,0.45,-0.297,0.084,1.00,,-1,395,0,270,-0,-1.54,17.5,1.00,-0.176
240.30,FINAL,38.84,39.31,17.52,-1.62,-9.6,0.1,-17.3,0.0,-914,0.45,-0.297,0.084,1.00,,-1,394,0,269,-0,-1.54,17.5,1.00,-0.176
240.40,FINAL,38.68,39.16,17.52,-1.62,-9.6,0.1,-17.3,0.0,-912,0.45,-0.297,0.084,1.00,,-1,392,0,267,-0,-1.54,17.5,1.00,-0.176
240.50,FINAL,38.51,39.00,17.52,-1.62,-9.6,0.1,-17.3,0.0,-910,0.45,-0.297,0.084,1.00,,-1,390,0,265,-0,-1.54,17.5,1.00,-0.176
240.60,FINAL,38.35,38.85,17.52,-1.62,-9.6,0.1,-17.3,0.0,-909,0.45,-0.297,0.084,1.00,,-1,389,0,264,-0,-1.54,17.5,1.00,-0.176
240.70,FINAL,38.19,38.70,17.52,-1.63,-9.6,0.1,-17.3,0.0,-907,0.45,-0.297,0.084,1.00,,-1,387,0,262,-0,-1.54,17.5,1.00,-0.176
240.80,FINAL,38.03,38.55,17.52,-1.63,-9.6,0.1,-17.3,0.0,-905,0.45,-0.297,0.084,1.00,,-1,385,0,260,-0,-1.54,17.5,1.00,-0.175
240.90,FINAL,37.86,38.40,17.52,-1.63,-9.6,0.1,-17.3,0.0,-904,0.45,-0.297,0.084,1.00,,-1,384,0,259,-0,-1.54,17.5,1.00,-0.175
241.00,FINAL,37.70,38.24,17.52,-1.63,-9.6,0.1,-17.3,0.0,-902,0.45,-0.297,0.084,1.00,,-1,382,0,257,-0,-1.54,17.5,1.00,-0.175
241.10,FINAL,37.54,38.09,17.52,-1.63,-9.6,0.1,-17.3,0.0,-900,0.45,-0.297,0.084,1.00,,-1,380,0,255,-0,-1.55,17.5,1.00,-0.175
241.20,FINAL,37.38,37.94,17.52,-1.63,-9.6,0.1,-17.3,0.0,-899,0.45,-0.297,0.084,1.00,,-1,379,0,254,-0,-1.55,17.5,1.00,-0.175
241.30,FINAL,37.21,37.79,17.52,-1.63,-9.6,0.1,-17.3,0.0,-897,0.45,-0.297,0.084,1.00,,-1,377,0,252,-0,-1.55,17.5,1.00,-0.175
241.40,FINAL,37.05,37.63,17.52,-1.63,-9.6,0.1,-17.2,0.0,-896,0.45,-0.297,0.084,1.00,,-1,376,0,251,-0,-1.55,17.5,1.00,-0.175
241.50,FINAL,36.89,37.48,17.52,-1.63,-9.6,0.1,-17.2,0.0,-894,0.45,-0.297,0.084,1.00,,-1,374,0,249,-0,-1.55,17.5,1.00,-0.175
241.60,FINAL,36.72,37.33,17.52,-1.63,-9.6,0.1,-17.2,0.0,-892,0.45,-0.297,0.084,1.00,,-1,372,0,247,-0,-1.55,17.5,1.00,-0.175
241.70,FINAL,36.56,37.18,17.52,-1.63,-9.6,0.1,-17.2,0.0,-891,0.45,-0.297,0.083,1.00,,-1,371,0,246,-0,-1.55,17.5,1.00,-0.175
241.80,FINAL,36.40,37.02,17.52,-1.63,-9.6,0.1,-17.2,0.0,-889,0.45,-0.297,0.083,1.00,,-1,369,0,244,-0,-1.55,17.5,1.00,-0.175
241.90,FINAL,36.24,36.87,17.52,-1.63,-9.6,0.1,-17.2,0.0,-887,0.45,-0.297,0.083,1.00,,-1,367,0,242,-0,-1.55,17.5,1.00,-0.175
242.00,FINAL,36.07,36.72,17.52,-1.63,-9.6,0.1,-17.2,0.0,-886,0.45,-0.297,0.083,1.00,,0,366,0,241,-0,-1.55,17.5,1.00,-0.175
242.10,FINAL,35.91,36.57,17.52,-1.63,-9.6,0.1,-17.2,0.0,-884,0.45,-0.297,0.083,1.00,,0,364,0,239,-0,-1.55,17.5,1.00,-0.175
242.20,FINAL,35.75,36.41,17.52,-1.63,-9.6,0.1,-17.2,0.0,-882,0.45,-0.297,0.083,1.00,,0,362,0,237,-0,-1.55,17.5,1.00,-0.175
242.30,FINAL,35.59,36.26,17.52,-1.63,-9.6,0.1,-17.2,0.0,-881,0.45,-0.297,0.083,1.00,,0,361,0,236,-0,-1.55,17.5,1.00,-0.175
242.40,FINAL,35.42,36.11,17.52,-1.63,-9.6,0.1,-17.1,0.0,-879,0.45,-0.297,0.083,1.00,,0,359,0,234,-0,-1.55,17.5,1.00,-0.175
242.50,FINAL,35.26,35.95,17.52,-1.63,-9.6,0.1,-17.1,0.0,-878,0.45,-0.297,0.083,1.00,,0,358,0,233,-0,-1.55,17.5,1.00,-0.175
242.60,FINAL,35.10,35.80,17.52,-1.63,-9.6,0.1,-17.1,0.0,-876,0.45,-0.297,0.083,1.00,,0,356,0,231,-0,-1.55,17.5,1.00,-0.175
242.70,FINAL,34.94,35.65,17.52,-1.63,-9.6,0.1,-17.1,0.0,-874,0.45,-0.297,0.083,1.00,,0,354,0,229,-0,-1.55,17.5,1.00,-0.175
242.80,FINAL,34.77,35.49,17.52,-1.63,-9.6,0.1,-17.1,0.0,-873,0.45,-0.297,0.083,1.00,,0,353,0,228,-0,-1.55,17.5,1.00,-0.175
242.90,FINAL,34.61,35.34,17.52,-1.63,-9.6,0.1,-17.1,0.0,-871,0.45,-0.297,0.083,1.00,,0,351,0,226,-0,-1.55,17.5,1.00,-0.174
243.00,FINAL,34.45,35.19,17.52,-1.63,-9.6,0.1,-17.1,0.0,-869,0.45,-0.297,0.083,1.00,,0,349,0,224,-0,-1.55,17.5,1.00,-0.174
243.10,FINAL,34.28,35.03,17.52,-1.63,-9.6,0.1,-17.1,0.0,-868,0.45,-0.297,0.083,1.00,,0,348,0,223,-0,-1.55,17.5,1.00,-0.174
243.20,FINAL,34.12,34.88,17.52,-1.63,-9.6,0.1,-17.1,0.0,-866,0.45,-0.297,0.083,1.00,,0,346,0,221,-0,-1.55,17.5,1.00,-0.174
243.30,FINAL,33.96,34.73,17.52,-1.63,-9.6,0.1,-17.0,0.0,-864,0.45,-0.297,0.083,1.00,,0,344,0,219,-0,-1.55,17.5,1.00,-0.174
243.40,FINAL,33.80,34.57,17.52,-1.63,-9.6,0.1,-17.0,0.0,-863,0.45,-0.297,0.083,1.00,,0,343,0,218,-0,-1.55,17.5,1.00,-0.174
243.50,FINAL,33.63,34.42,17.52,-1.63,-9.6,0.1,-17.0,0.0,-861,0.45,-0.297,0.083,1.00,,0,341,0,216,-0,-1.55,17.5,1.00,-0.174
243.60,FINAL,33.47,34.26,17.52,-1.63,-9.6,0.1,-17.0,0.0,-859,0.45,-0.297,0.083,1.00,,0,339,0,214,-0,-1.55,17.5,1.00,-0.174
243.70,FINAL,33.31,34.11,17.52,-1.63,-9.6,0.1,-17.0,0.0,-858,0.45,-0.297,0.083,1.00,,0,338,0,213,-0,-1.56,17.5,1.00,-0.174
243.80,FINAL,33.14,33.96,17.52,-1.63,-9.6,0.1,-17.0,0.0,-856,0.45,-0.297,0.083,1.00,,0,336,0,211,-0,-1.56,17.5,1.00,-0.174
243.90,FINAL,32.98,33.80,17.52,-1.63,-9.6,0.1,-17.0,0.0,-855,0.45,-0.297,0.083,1.00,,0,335,0,210,-0,-1.56,17.5,1.00,-0.174
244.00,FINAL,32.82,33.65,17.52,-1.63,-9.6,0.1,-17.0,0.0,-853,0.45,-0.297,0.082,1.00,,0,333,0,208,-0,-1.56,17.5,1.00,-0.174
244.10,FINAL,32.65,33.49,17.52,-1.63,-9.6,0.1,-17.0,0.0,-851,0.45,-0.297,0.082,1.00,,0,331,0,206,-0,-1.56,17.5,1.00,-0.174
244.20,FINAL,32.49,33.34,17.52,-1.63,-9.6,0.1,-17.0,0.0,-850,0.45,-0.297,0.082,1.00,,0,330,0,205,-0,-1.56,17.5,1.00,-0.174
244.30,FINAL,32.33,33.18,17.52,-1.63,-9.6,0.1,-16.9,0.0,-848,0.45,-0.297,0.082,1.00,,0,328,0,203,-0,-1.56,17.5,1.00,-0.174
244.40,FINAL,32.17,33.02,17.52,-1.63,-9.6,0.1,-16.9,0.0,-846,0.45,-0.297,0.082,1.00,,0,326,0,201,-0,-1.56,17.5,1.00,-0.174
244.50,FINAL,32.00,32.87,17.52,-1.63,-9.6,0.1,-16.9,0.0,-845,0.45,-0.297,0.082,1.00,,0,325,0,200,-0,-1.56,17.5,1.00,-0.174
244.60,FINAL,31.84,32.71,17.52,-1.63,-9.6,0.1,-16.9,0.0,-843,0.45,-0.297,0.082,1.00,,0,323,0,198,-0,-1.56,17.5,1.00,-0.174
244.70,FINAL,31.68,32.56,17.52,-1.63,-9.6,0.1,-16.9,0.0,-841,0.45,-0.296,0.082,1.00,,0,321,0,196,-0,-1.56,17.5,1.00,-0.174
244.80,FINAL,31.51,32.40,17.52,-1.63,-9.6,0.1,-16.9,0.0,-840,0.45,-0.296,0.082,1.00,,0,320,0,195,-0,-1.56,17.5,1.00,-0.174
244.90,FINAL,31.35,32.25,17.52,-1.63,-9.6,0.1,-16.9,0.0,-838,0.45,-0.296,0.082,1.00,,0,318,0,193,-0,-1.56,17.5,1.00,-0.174
245.00,FINAL,31.19,32.09,17.52,-1.63,-9.6,0.1,-16.9,0.0,-836,0.45,-0.296,0.082,1.00,,0,316,0,191,-0,-1.56,17.5,1.00,-0.174
245.10,FINAL,31.02,31.93,17.52,-1.63,-9.6,0.1,-16.9,0.0,-835,0.45,-0.296,0.082,1.00,,0,315,0,190,-0,-1.56,17.5,1.00,-0.173
245.20,FINAL,30.86,31.78,17.52,-1.63,-9.6,0.1,-16.8,0.0,-833,0.45,-0.296,0.082,1.00,,0,313,0,188,-0,-1.56,17.5,1.00,-0.173
245.30,FINAL,30.70,31.62,17.52,-1.63,-9.6,0.1,-16.8,0.0,-832,0.45,-0.296,0.082,1.00,,0,312,0,187,-0,-1.56,17.5,1.00,-0.173
245.40,FINAL,30.53,31.46,17.52,-1.63,-9.6,0.1,-16.8,0.0,-830,0.45,-0.296,0.082,1.00,,0,310,0,185,-0,-1.56,17.5,1.00,-0.173
245.50,FINAL,30.37,31.30,17.52,-1.63,-9.6,0.1,-16.8,0.0,-828,0.45,-0.296,0.082,1.00,,0,308,0,183,-0,-1.56,17.5,1.00,-0.173
245.60,FINAL,30.21,31.15,17.52,-1.63,-9.6,0.1,-16.8,0.0,-827,0.45,-0.296,0.082,1.00,,0,307,0,182,-0,-1.56,17.5,1.00,-0.173
245.70,FINAL,30.04,30.99,17.52,-1.63,-9.6,0.1,-16.8,0.0,-825,0.45,-0.296,0.082,1.00,,0,305,0,180,-0,-1.56,17.5,1.00,-0.173
245.80,FINAL,29.88,30.83,17.52,-1.63,-9.6,0.1,-16.8,0.0,-823,0.45,-0.296,0.082,1.00,,0,303,0,178,-0,-1.56,17.5,1.00,-0.173
245.90,FINAL,29.72,30.67,17.52,-1.63,-9.6,0.1,-16.8,0.0,-822,0.45,-0.296,0.082,1.00,,0,302,0,177,-0,-1.56,17.5,1.00,-0.173
246.00,FINAL,29.55,30.52,17.52,-1.63,-9.6,0.1,-16.7,0.0,-820,0.45,-0.296,0.082,1.00,,0,300,0,175,-0,-1.56,17.5,1.00,-0.173
246.10,FINAL,29.39,30.36,17.52,-1.63,-9.6,0.1,-16.7,0.0,-818,0.45,-0.296,0.081,1.00,,0,298,0,173,-0,-1.56,17.5,1.00,-0.173
246.20,FINAL,29.23,30.20,17.52,-1.63,-9.6,0.1,-16.7,0.0,-817,0.45,-0.296,0.081,1.00,,0,297,0,172,-0,-1.56,17.5,1.00,-0.173
246.30,FINAL,29.06,30.04,17.52,-1.63,-9.6,0.1,-16.7,0.0,-815,0.45,-0.296,0.081,1.00,,0,295,0,170,-0,-1.56,17.5,1.00,-0.173
246.40,FINAL,28.90,29.88,17.52,-1.63,-9.6,0.1,-16.7,0.0,-813,0.45,-0.296,0.081,1.00,,0,293,0,168,-0,-1.57,17.5,1.00,-0.173
246.50,FINAL,28.74,29.72,17.52,-1.63,-9.6,0.1,-16.7,0.0,-812,0.45,-0.296,0.081,1.00,,0,292,0,167,-0,-1.57,17.5,1.00,-0.173
246.60,FINAL,28.57,29.56,17.52,-1.63,-9.6,0.1,-16.7,0.0,-810,0.45,-0.296,0.081,1.00,,0,290,0,165,-0,-1.57,17.5,1.00,-0.173
246.70,FINAL,28.41,29.40,17.52,-1.63,-9.6,0.1,-16.7,0.0,-809,0.45,-0.296,0.081,1.00,,0,289,0,164,-0,-1.57,17.5,1.00,-0.173
246.80,FINAL,28.25,29.24,17.52,-1.63,-9.6,0.1,-16.6,0.0,-807,0.45,-0.296,0.081,1.00,,0,287,0,162,-0,-1.57,17.5,1.00,-0.173
246.90,FINAL,28.08,29.08,17.52,-1.63,-9.6,0.1,-16.6,0.0,-805,0.45,-0.296,0.081,1.00,,0,285,0,160,-0,-1.57,17.5,1.00,-0.173
247.00,FINAL,27.92,28.92,17.52,-1.63,-9.6,0.1,-16.6,0.0,-804,0.45,-0.296,0.081,1.00,,0,284,0,159,-0,-1.57,17.5,1.00,-0.173
247.10,FINAL,27.76,28.76,17.52,-1.64,-9.6,0.1,-16.6,0.0,-802,0.45,-0.296,0.081,1.00,,0,282,0,157,-0,-1.57,17.5,1.00,-0.173
247.20,FINAL,27.59,28.60,17.52,-1.64,-9.6,0.1,-16.6,0.0,-800,0.45,-0.296,0.081,1.00,,0,280,0,155,-0,-1.57,17.5,1.00,-0.173
247.30,FINAL,27.43,28.44,17.52,-1.64,-9.6,0.1,-16.6,0.0,-799,0.45,-0.296,0.081,1.00,,0,279,0,154,-0,-1.57,17.5,1.00,-0.173
247.40,FINAL,27.27,28.28,17.52,-1.64,-9.6,0.1,-16.6,0.0,-797,0.45,-0.296,0.081,1.00,,0,277,0,152,-0,-1.57,17.5,1.00,-0.173
247.50,FINAL,27.10,28.12,17.52,-1.64,-9.6,0.1,-16.6,0.0,-795,0.45,-0.296,0.081,1.00,,0,275,0,150,-0,-1.57,17.5,1.00,-0.173
247.60,FINAL,26.94,27.96,17.52,-1.64,-9.6,0.1,-16.5,0.0,-794,0.45,-0.296,0.081,1.00,,0,274,0,149,-0,-1.57,17.5,1.00,-0.172
247.70,FINAL,26.78,27.80,17.52,-1.64,-9.6,0.1,-16.5,0.0,-792,0.45,-0.296,0.081,1.00,,0,272,0,147,-0,-1.57,17.5,1.00,-0.172
247.80,FINAL,26.61,27.64,17.52,-1.64,-9.6,0.1,-16.5,0.0,-790,0.45,-0.296,0.081,1.00,,0,270,0,145,-0,-1.57,17.5,1.00,-0.172
247.90,FINAL,26.45,27.47,17.52,-1.64,-9.6,0.1,-16.5,0.0,-789,0.45,-0.296,0.081,1.00,,0,269,0,144,-0,-1.57,17.5,1.00,-0.172
248.00,FINAL,26.28,27.31,17.52,-1.64,-9.6,0.1,-16.5,0.0,-787,0.45,-0.296,0.080,1.00,,0,267,0,142,-0,-1.57,17.5,1.00,-0.172
248.10,FINAL,26.12,27.15,17.52,-1.64,-9.6,0.1,-16.5,0.0,-785,0.45,-0.296,0.080,1.00,,0,265,0,140,-0,-1.57,17.5,1.00,-0.172
248.20,FINAL,25.96,26.99,17.52,-1.64,-9.6,0.1,-16.5,0.0,-784,0.45,-0.296,0.080,1.00,,0,264,0,139,-0,-1.57,17.5,1.00,-0.172
248.30,FINAL,25.79,26.82,17.52,-1.64,-9.6,0.1,-16.5,0.0,-782,0.45,-0.295,0.080,1.00,,0,262,0,137,-0,-1.57,17.5,1.00,-0.172
248.40,FINAL,25.63,26.66,17.52,-1.64,-9.6,0.1,-16.4,0.0,-780,0.45,-0.295,0.080,1.00,,0,260,0,135,-0,-1.57,17.5,1.00,-0.172
248.50,FINAL,25.47,26.50,17.52,-1.64,-9.6,0.1,-16.4,0.0,-779,0.45,-0.295,0.080,1.00,,0,259,0,134,-0,-1.57,17.5,1.00,-0.172
248.60,FINAL,25.30,26.33,17.52,-1.64,-9.6,0.1,-16.4,0.0,-777,0.45,-0.295,0.080,1.00,,0,257,0,132,-0,-1.57,17.5,1.00,-0.172
248.70,FINAL,25.14,26.17,17.52,-1.64,-9.6,0.1,-16.4,0.0,-776,0.45,-0.295,0.080,1.00,,0,256,0,131,-0,-1.57,17.5,1.00,-0.172
248.80,FINAL,24.97,26.01,17.52,-1.64,-9.6,0.1,-16.4,0.0,-774,0.45,-0.295,0.080,1.00,,0,254,0,129,-0,-1.57,17.5,1.00,-0.172
248.90,FINAL,24.81,25.84,17.52,-1.64,-9.6,0.1,-16.4,0.0,-772,0.45,-0.295,0.080,1.00,,0,252,0,127,-0,-1.57,17.5,1.00,-0.172
249.00,FINAL,24.65,25.68,17.52,-1.64,-9.6,0.1,-16.4,0.0,-771,0.45,-0.295,0.080,1.00,,0,251,0,126,-0,-1.57,17.5,1.00,-0.172
249.10,FINAL,24.48,25.52,17.52,-1.64,-9.6,0.1,-16.3,0.0,-769,0.45,-0.295,0.080,1.00,,0,249,0,124,-0,-1.58,17.5,1.00,-0.172
249.20,FINAL,24.32,25.35,17.52,-1.64,-9.6,0.1,-16.3,0.0,-767,0.45,-0.295,0.080,1.00,,0,247,0,122,-0,-1.58,17.5,1.00,-0.172
249.30,FINAL,24.16,25.19,17.52,-1.64,-9.6,0.1,-16.3,0.0,-766,0.45,-0.295,0.080,1.00,,0,246,0,121,-0,-1.58,17.5,1.00,-0.172
249.40,FINAL,23.99,25.02,17.52,-1.64,-9.6,0.1,-16.3,0.0,-764,0.45,-0.295,0.080,1.00,,0,244,0,119,-0,-1.58,17.5,1.00,-0.172
249.50,FINAL,23.83,24.86,17.52,-1.64,-9.6,0.1,-16.3,0.0,-762,0.45,-0.295,0.080,1.00,,0,242,0,117,-0,-1.58,17.5,1.00,-0.172
249.60,FINAL,23.66,24.70,17.52,-1.64,-9.6,0.1,-16.3,0.0,-761,0.45,-0.295,0.080,1.00,,0,241,0,116,-0,-1.58,17.5,1.00,-0.172
249.70,FINAL,23.50,24.53,17.52,-1.64,-9.6,0.1,-16.2,0.0,-759,0.45,-0.295,0.079,1.00,,0,239,0,114,-0,-1.58,17.5,1.00,-0.172
249.80,FINAL,23.34,24.37,17.52,-1.64,-9.6,0.1,-16.2,0.0,-757,0.45,-0.295,0.079,1.00,,0,237,0,112,-0,-1.58,17.5,1.00,-0.172
249.90,FINAL,23.17,24.20,17.52,-1.64,-9.6,0.1,-16.2,0.0,-756,0.44,-0.295,0.079,1.00,,0,236,0,111,-0,-1.58,17.5,1.00,-0.172
250.00,FINAL,23.01,24.04,17.52,-1.64,-9.6,0.1,-16.2,0.0,-754,0.44,-0.295,0.079,1.00,,0,234,0,109,-0,-1.58,17.5,1.00,-0.172
250.10,FINAL,22.84,23.88,17.52,-1.64,-9.6,0.1,-16.2,0.0,-752,0.44,-0.295,0.079,1.00,,0,232,0,107,-0,-1.58,17.5,1.00,-0.172
250.20,FINAL,22.68,23.71,17.52,-1.64,-9.6,0.1,-16.2,0.0,-751,0.44,-0.295,0.079,1.00,,0,231,0,106,-0,-1.58,17.5,1.00,-0.171
250.30,FINAL,22.51,23.55,17.52,-1.64,-9.6,0.1,-16.2,0.0,-749,0.44,-0.295,0.079,1.00,,0,229,0,104,-0,-1.58,17.5,1.00,-0.171
250.40,FINAL,22.35,23.38,17.52,-1.64,-9.6,0.1,-16.1,0.0,-747,0.44,-0.295,0.079,1.00,,0,227,0,102,-0,-1.58,17.5,1.00,-0.171
250.50,FINAL,22.19,23.22,17.52,-1.64,-9.6,0.1,-16.1,0.0,-746,0.44,-0.295,0.079,1.00,,0,226,0,101,-0,-1.58,17.5,1.00,-0.171
250.60,FINAL,22.02,23.05,17.52,-1.64,-9.6,0.1,-16.1,0.0,-744,0.44,-0.295,0.079,1.00,,0,224,0,99,-0,-1.58,17.5,1.00,-0.171
250.70,FINAL,21.86,22.89,17.52,-1.64,-9.6,0.1,-16.1,0.0,-743,0.44,-0.295,0.079,1.00,,0,223,0,98,-0,-1.58,17.5,1.00,-0.171
250.80,FINAL,21.69,22.73,17.52,-1.64,-9.6,0.1,-16.1,0.0,-741,0.44,-0.295,0.079,1.00,,0,221,0,96,-0,-1.58,17.5,1.00,-0.171
250.90,FINAL,21.53,22.56,17.52,-1.64,-9.6,0.1,-16.1,0.0,-739,0.44,-0.295,0.079,1.00,,0,219,0,94,-0,-1.58,17.5,1.00,-0.171
251.00,FINAL,21.37,22.40,17.52,-1.64,-9.6,0.1,-16.0,0.0,-738,0.44,-0.295,0.079,1.00,,0,218,0,93,-0,-1.58,17.5,1.00,-0.171
251.10,FINAL,21.20,22.23,17.52,-1.64,-9.6,0.1,-16.0,0.0,-736,0.44,-0.295,0.079,1.00,,0,216,0,91,-0,-1.58,17.5,1.00,-0.171
251.20,FINAL,21.04,22.07,17.52,-1.64,-9.6,0.1,-16.0,0.0,-734,0.44,-0.295,0.078,1.00,,0,214,0,89,-0,-1.58,17.5,1.00,-0.171
251.30,FINAL,20.87,21.90,17.52,-1.64,-9.6,0.1,-16.0,0.0,-733,0.44,-0.295,0.078,1.00,,0,213,0,88,-0,-1.58,17.5,1.00,-0.171
251.40,FINAL,20.71,21.74,17.51,-1.64,-9.6,0.1,-16.0,0.0,-731,0.44,-0.295,0.078,1.00,,0,211,0,86,-0,-1.58,17.5,1.00,-0.171
251.50,FINAL,20.54,21.58,17.51,-1.64,-9.6,0.1,-16.0,0.0,-729,0.44,-0.295,0.078,1.00,,0,209,0,84,-0,-1.58,17.5,1.00,-0.171
251.60,FINAL,20.38,21.41,17.51,-1.64,-9.6,0.1,-15.9,0.0,-728,0.44,-0.295,0.078,1.00,,0,208,0,83,-0,-1.58,17.5,1.00,-0.171
251.70,FINAL,20.21,21.25,17.51,-1.64,-9.6,0.1,-15.9,0.0,-726,0.44,-0.295,0.078,1.00,,0,206,0,81,-0,-1.58,17.5,1.00,-0.171
251.80,FINAL,20.05,21.08,17.51,-1.64,-9.6,0.1,-15.9,0.0,-724,0.44,-0.295,0.078,1.00,,0,204,0,79,-0,-1.59,17.5,1.00,-0.171
251.90,FINAL,19.89,20.92,17.51,-1.64,-9.6,0.1,-15.9,0.0,-723,0.44,-0.295,0.078,1.00,,0,203,0,78,-0,-1.59,17.5,1.00,-0.171
252.00,FINAL,19.72,20.75,17.51,-1.64,-9.6,0.1,-15.9,0.0,-721,0.44,-0.295,0.078,1.00,,0,201,0,76,-0,-1.59,17.5,1.00,-0.171
252.10,FINAL,19.56,20.59,17.51,-1.64,-9.6,0.1,-15.9,0.0,-719,0.44,-0.295,0.078,1.00,,0,199,0,74,-0,-1.59,17.5,1.00,-0.171
252.20,FINAL,19.39,20.43,17.51,-1.64,-9.6,0.1,-15.8,0.0,-718,0.44,-0.295,0.078,1.00,,0,198,0,73,-0,-1.59,17.5,1.00,-0.171
252.30,FINAL,19.23,20.26,17.51,-1.64,-9.6,0.1,-15.8,0.0,-716,0.44,-0.295,0.078,1.00,,0,196,0,71,-0,-1.59,17.5,1.00,-0.171
252.40,FINAL,19.06,20.10,17.51,-1.64,-9.6,0.1,-15.8,0.0,-714,0.44,-0.295,0.078,1.00,,0,194,0,69,-0,-1.59,17.5,1.00,-0.171
252.50,FINAL,18.90,19.93,17.51,-1.64,-9.6,0.1,-15.8,0.0,-713,0.44,-0.295,0.077,1.00,,0,193,0,68,-0,-1.59,17.5,1.00,-0.171
252.60,FINAL,18.74,19.77,17.51,-1.64,-9.6,0.1,-15.8,0.0,-711,0.44,-0.295,0.077,1.00,,0,191,0,66,-0,-1.59,17.5,1.00,-0.171
252.70,FINAL,18.57,19.60,17.51,-1.64,-9.6,0.1,-15.8,0.0,-709,0.44,-0.295,0.077,1.00,,0,189,0,64,-0,-1.59,17.5,1.00,-0.171
252.80,FINAL,18.41,19.44,17.51,-1.64,-9.6,0.1,-15.7,0.0,-708,0.44,-0.295,0.077,1.00,,0,188,0,63,-0,-1.59,17.5,1.00,-0.171
252.90,FINAL,18.24,19.27,17.51,-1.64,-9.6,0.1,-15.7,0.0,-706,0.44,-0.295,0.077,1.00,,0,186,0,61,-0,-1.59,17.5,1.00,-0.171
253.00,FINAL,18.08,19.11,17.51,-1.64,-9.6,0.1,-15.7,0.0,-704,0.44,-0.295,0.077,1.00,,0,184,0,59,-0,-1.59,17.5,1.00,-0.171
253.10,FINAL,17.91,18.95,17.51,-1.64,-9.6,0.1,-15.7,0.0,-703,0.44,-0.295,0.077,1.00,,0,183,0,58,-0,-1.59,17.5,1.00,-0.171
253.20,FINAL,17.75,18.78,17.51,-1.64,-9.6,0.1,-15.7,0.0,-701,0.44,-0.295,0.077,1.00,,0,181,0,56,-0,-1.59,17.5,1.00,-0.171
253.30,FINAL,17.58,18.62,17.51,-1.64,-9.6,0.1,-15.6,0.0,-700,0.44,-0.295,0.077,1.00,,0,180,0,55,-0,-1.59,17.5,1.00,-0.171
253.40,FINAL,17.42,18.45,17.51,-1.64,-9.6,0.1,-15.6,0.0,-698,0.44,-0.295,0.077,1.00,,0,178,0,53,-0,-1.59,17.5,1.00,-0.171
253.50,FINAL,17.26,18.29,17.51,-1.64,-9.6,0.1,-15.6,0.0,-696,0.44,-0.295,0.077,1.00,,0,176,0,51,-0,-1.59,17.5,1.00,-0.171
253.60,FINAL,17.09,18.12,17.51,-1.65,-9.6,0.1,-15.6,0.0,-695,0.44,-0.295,0.077,1.00,,0,175,0,50,-0,-1.59,17.5,1.00,-0.171
253.70,FINAL,16.93,17.96,17.51,-1.65,-9.6,0.1,-15.6,0.0,-693,0.44,-0.295,0.077,1.00,,0,173,0,48,-0,-1.59,17.5,1.00,-0.171
253.80,FINAL,16.76,17.79,17.51,-1.65,-9.6,0.1,-15.6,0.0,-691,0.44,-0.295,0.076,1.00,,0,171,0,46,-0,-1.59,17.5,1.00,-0.171
253.90,FINAL,16.60,17.63,17.51,-1.65,-9.6,0.1,-15.5,0.0,-690,0.44,-0.295,0.076,1.00,,0,170,0,45,-0,-1.59,17.5,1.00,-0.171
254.00,FINAL,16.43,17.46,17.51,-1.65,-9.6,0.1,-15.5,0.0,-688,0.44,-0.295,0.076,1.00,,0,168,0,43,-0,-1.59,17.5,1.00,-0.171
254.10,FINAL,16.27,17.30,17.51,-1.65,-9.6,0.1,-15.5,0.0,-686,0.44,-0.295,0.076,1.00,,0,166,0,41,-0,-1.59,17.5,1.00,-0.171
254.20,FINAL,16.10,17.14,17.51,-1.65,-9.6,0.1,-15.5,0.0,-685,0.44,-0.295,0.076,1.00,,0,165,0,40,-0,-1.59,17.5,1.00,-0.171
254.30,FINAL,15.94,16.97,17.51,-1.65,-9.6,0.1,-15.5,0.0,-683,0.44,-0.295,0.076,1.00,,0,163,0,38,-0,-1.60,17.5,1.00,-0.171
254.40,FINAL,15.77,16.81,17.51,-1.65,-9.6,0.1,-15.4,0.0,-681,0.44,-0.295,0.076,1.00,,0,161,0,36,-0,-1.60,17.5,1.00,-0.171
254.50,FINAL,15.61,16.64,17.51,-1.65,-9.6,0.1,-15.4,0.0,-680,0.44,-0.295,0.076,1.00,,0,160,0,35,-0,-1.60,17.5,1.00,-0.171
254.60,FINAL,15.45,16.48,17.51,-1.65,-9.6,0.1,-15.4,0.0,-678,0.44,-0.295,0.076,1.00,,0,158,0,33,-0,-1.60,17.5,1.00,-0.171
254.70,FINAL,15.28,16.31,17.51,-1.65,-9.6,0.1,-15.4,0.0,-676,0.44,-0.295,0.076,1.00,,0,156,0,31,-0,-1.60,17.5,1.00,-0.171
254.80,FINAL,15.12,16.15,17.51,-1.65,-9.6,0.1,-15.4,0.0,-675,0.44,-0.295,0.076,1.00,,0,155,0,30,-0,-1.60,17.5,1.00,-0.171
254.90,FINAL,14.95,15.98,17.51,-1.65,-9.6,0.1,-15.3,0.0,-673,0.44,-0.295,0.076,1.00,,0,153,0,28,-0,-1.60,17.5,1.00,-0.171
255.00,FINAL,14.79,15.82,17.51,-1.65,-9.6,0.1,-15.3,0.0,-671,0.44,-0.295,0.075,1.00,,0,151,0,26,-0,-1.60,17.5,1.00,-0.171
255.10,FINAL,14.62,15.65,17.51,-1.65,-9.6,0.1,-15.3,0.0,-670,0.44,-0.295,0.075,1.00,,0,150,0,25,-0,-1.60,17.5,1.00,-0.171
255.20,FINAL,14.46,15.49,17.51,-1.65,-9.6,0.1,-15.3,0.0,-668,0.44,-0.295,0.075,1.00,,0,148,0,23,-0,-1.60,17.5,1.00,-0.171
255.30,FINAL,14.29,15.32,17.51,-1.65,-9.6,0.1,-15.2,0.0,-666,0.44,-0.295,0.075,1.00,,0,146,0,21,-0,-1.60,17.5,1.00,-0.171
255.40,FINAL,14.13,15.16,17.51,-1.65,-9.6,0.1,-15.2,0.0,-665,0.44,-0.295,0.075,1.00,,0,145,0,20,-0,-1.60,17.5,1.00,-0.171
255.50,FINAL,13.96,15.00,17.51,-1.65,-9.6,0.1,-15.2,0.0,-663,0.44,-0.295,0.075,1.00,,0,143,0,18,-0,-1.60,17.5,1.00,-0.171
255.60,FINAL,13.80,14.83,17.51,-1.65,-9.6,0.1,-15.2,0.0,-661,0.44,-0.295,0.075,1.00,,0,141,0,16,-0,-1.60,17.5,1.00,-0.171
255.70,FINAL,13.63,14.67,17.51,-1.65,-9.6,0.1,-15.2,0.0,-660,0.44,-0.295,0.075,1.00,,0,140,0,15,-0,-1.60,17.5,1.00,-0.171
255.80,FINAL,13.47,14.50,17.51,-1.65,-9.6,0.1,-15.1,0.0,-658,0.44,-0.295,0.075,1.00,,0,138,0,13,-0,-1.60,17.5,1.00,-0.171
255.90,FINAL,13.30,14.34,17.51,-1.65,-9.6,0.1,-15.1,0.0,-656,0.44,-0.296,0.075,1.00,,0,136,0,11,-0,-1.60,17.5,1.00,-0.171
256.00,FINAL,13.14,14.17,17.51,-1.65,-9.6,0.1,-15.1,0.0,-655,0.44,-0.296,0.074,1.00,,0,135,0,10,-0,-1.60,17.5,1.00,-0.171
256.10,FINAL,12.98,14.01,17.51,-1.65,-9.6,0.1,-15.1,0.0,-653,0.44,-0.296,0.074,1.00,,0,133,0,8,-0,-1.60,17.5,1.00,-0.171
256.20,FINAL,12.81,13.84,17.51,-1.64,-9.6,0.1,-15.0,0.0,-651,0.44,-0.296,0.074,1.00,,0,131,0,6,-0,-1.60,17.5,1.00,-0.171
256.30,FINAL,12.65,13.68,17.50,-1.64,-9.6,0.1,-15.0,0.0,-650,0.44,-0.296,0.074,1.00,,0,130,0,5,-0,-1.61,17.5,1.00,-0.171
256.40,FINAL,12.48,13.51,17.50,-1.64,-9.6,0.1,-15.0,0.0,-648,0.44,-0.296,0.074,1.00,,0,128,0,3,-0,-1.61,17.5,1.00,-0.171
256.50,FINAL,12.32,13.35,17.50,-1.64,-9.6,0.1,-15.0,0.0,-646,0.44,-0.296,0.074,1.00,,0,126,0,1,-0,-1.61,17.5,1.00,-0.171
256.60,FINAL,12.15,13.19,17.50,-1.64,-9.6,0.1,-14.9,0.0,-645,0.44,-0.296,0.074,1.00,,0,125,0,-0,-0,-1.61,17.5,1.00,-0.171
256.70,FINAL,11.99,13.02,17.50,-1.64,-9.6,0.1,-14.9,0.0,-643,0.44,-0.296,0.074,1.00,,0,123,0,-2,-0,-1.61,17.5,1.00,-0.171
256.80,FINAL,11.82,12.86,17.50,-1.64,-9.6,0.1,-14.9,0.0,-641,0.44,-0.296,0.074,1.00,,0,121,0,-4,-0,-1.61,17.5,1.00,-0.171
256.90,FINAL,11.66,12.69,17.50,-1.64,-9.6,0.1,-14.9,0.0,-640,0.44,-0.296,0.073,1.00,,0,120,0,-5,-0,-1.61,17.5,1.00,-0.171
257.00,FINAL,11.50,12.53,17.50,-1.64,-9.6,0.1,-14.8,0.0,-638,0.44,-0.296,0.073,1.00,,0,118,0,-7,-0,-1.61,17.5,1.00,-0.171
257.10,FINAL,11.33,12.36,17.50,-1.64,-9.6,0.1,-14.8,0.0,-636,0.44,-0.296,0.073,1.00,,0,116,0,-9,-0,-1.61,17.5,1.00,-0.171
257.20,FINAL,11.17,12.20,17.50,-1.64,-9.6,0.1,-14.8,0.0,-635,0.44,-0.296,0.073,1.00,,0,115,0,-10,-0,-1.61,17.5,1.00,-0.171
257.30,FINAL,11.00,12.03,17.50,-1.64,-9.6,0.1,-14.8,0.0,-633,0.44,-0.296,0.073,1.00,,0,113,0,-12,-0,-1.61,17.5,1.00,-0.172
257.40,FINAL,10.84,11.87,17.50,-1.65,-9.6,0.1,-14.7,0.0,-631,0.44,-0.296,0.073,1.00,,0,111,0,-14,-0,-1.61,17.5,1.00,-0.172
257.50,FINAL,10.67,11.71,17.50,-1.65,-9.6,0.1,-14.7,0.0,-630,0.44,-0.296,0.073,1.00,,0,110,0,-15,-0,-1.61,17.5,1.00,-0.172
257.60,FINAL,10.51,11.54,17.50,-1.65,-9.6,0.1,-14.7,0.0,-628,0.44,-0.296,0.073,1.00,,0,108,0,-17,-0,-1.61,17.5,1.00,-0.172
257.70,FINAL,10.34,11.38,17.50,-1.65,-9.6,0.1,-14.7,0.0,-626,0.44,-0.297,0.073,1.00,,0,106,0,-19,-0,-1.61,17.5,1.00,-0.172
257.80,FINAL,10.18,11.21,17.50,-1.65,-9.6,0.1,-14.6,0.0,-625,0.44,-0.297,0.072,1.00,,0,105,0,-20,-0,-1.61,17.5,1.00,-0.172
257.90,FINAL,10.01,11.05,17.50,-1.65,-9.6,0.1,-14.6,0.0,-623,0.44,-0.297,0.072,1.00,,0,103,0,-22,-0,-1.62,17.5,1.00,-0.172
258.00,FINAL,9.85,10.88,17.50,-1.65,-9.6,0.1,-14.6,0.0,-621,0.44,-0.297,0.072,1.00,,0,101,0,-24,-0,-1.62,17.5,1.00,-0.172
258.10,FINAL,9.69,10.72,17.50,-1.65,-9.6,0.1,-14.6,0.0,-620,0.44,-0.297,0.072,1.00,,0,100,0,-25,-0,-1.62,17.5,1.00,-0.172
258.20,FINAL,9.52,10.55,17.50,-1.65,-9.6,0.1,-14.5,0.0,-618,0.44,-0.297,0.072,1.00,,0,98,0,-27,-0,-1.62,17.5,1.00,-0.172
258.30,FINAL,9.36,10.39,17.50,-1.65,-9.6,0.1,-14.5,0.0,-616,0.44,-0.297,0.072,1.00,,0,96,0,-29,-0,-1.62,17.5,1.00,-0.172
258.40,FINAL,9.19,10.22,17.50,-1.65,-9.6,0.1,-14.5,0.0,-615,0.44,-0.297,0.072,1.00,,0,95,0,-30,-0,-1.62,17.5,1.00,-0.172
258.50,FINAL,9.03,10.06,17.50,-1.65,-9.6,0.1,-14.4,0.0,-613,0.44,-0.297,0.072,1.00,,0,93,0,-32,-0,-1.62,17.5,1.00,-0.172
258.60,FINAL,8.86,9.89,17.50,-1.65,-9.6,0.1,-14.4,0.0,-611,0.44,-0.297,0.071,1.00,,0,91,0,-34,-0,-1.62,17.5,1.00,-0.172
258.70,FINAL,8.70,9.73,17.50,-1.65,-9.6,0.1,-14.4,0.0,-610,0.44,-0.297,0.071,1.00,,0,90,0,-35,-0,-1.62,17.5,1.00,-0.172
258.80,FINAL,8.53,9.56,17.50,-1.65,-9.6,0.1,-14.3,0.0,-608,0.44,-0.297,0.071,1.00,,0,88,0,-37,-0,-1.62,17.5,1.00,-0.172
258.90,FINAL,8.37,9.40,17.50,-1.65,-9.6,0.1,-14.3,0.0,-606,0.44,-0.297,0.071,1.00,,0,86,0,-39,-0,-1.62,17.5,1.00,-0.172
259.00,FINAL,8.20,9.23,17.50,-1.65,-9.6,0.1,-14.3,0.0,-605,0.44,-0.297,0.071,1.00,,0,85,0,-40,-0,-1.62,17.5,1.00,-0.172
259.10,FLARE,8.04,9.07,17.48,-1.69,-9.6,0.1,-14.3,0.0,-603,0.00,-0.300,0.068,1.00,,,,0,-42,-0,,,,
259.20,FLARE,7.86,8.90,17.40,-1.79,-9.7,0.1,-14.2,0.0,-601,0.00,-0.300,0.064,1.00,,,,0,-44,-0,,,,
259.30,FLARE,7.68,8.71,17.32,-1.89,-9.9,0.2,-14.2,0.0,-600,0.00,-0.300,0.064,1.00,,,,0,-45,-0,,,,
259.40,FLARE,7.49,8.52,17.24,-1.99,-10.2,0.4,-14.2,-0.0,-598,0.00,-0.238,0.065,1.00,,,,0,-47,0,,,,
259.50,FLARE,7.29,8.32,17.17,-2.11,-10.6,0.5,-14.2,-0.0,-596,0.00,-0.134,0.066,1.00,,,,0,-49,0,,,,
259.60,FLARE,7.07,8.11,17.11,-2.24,-10.9,0.7,-14.2,-0.0,-595,0.00,-0.027,0.068,1.00,,,,0,-50,0,,,,
259.70,FLARE,6.85,7.88,17.05,-2.36,-11.1,0.8,-14.2,-0.0,-593,0.00,0.074,0.069,1.00,,,,0,-52,0,,,,
259.80,FLARE,6.60,7.64,16.99,-2.48,-11.0,0.8,-14.2,-0.0,-592,0.00,0.160,0.070,1.00,,,,0,-53,0,,,,
259.90,FLARE,6.35,7.39,16.93,-2.58,-10.7,0.9,-14.2,-0.1,-590,0.00,0.229,0.071,1.00,,,,0,-55,0,,,,
260.00,FLARE,6.09,7.12,16.87,-2.65,-10.2,0.9,-14.2,-0.1,-588,0.00,0.287,0.072,1.00,,,,0,-57,0,,,,
260.10,FLARE,5.83,6.86,16.81,-2.67,-9.4,1.0,-14.3,-0.1,-587,0.03,0.314,0.072,1.00,,,,0,-58,0,,,,
260.20,FLARE,5.56,6.59,16.75,-2.64,-8.4,1.0,-14.3,-0.1,-585,0.05,0.267,0.074,1.00,,,,0,-60,0,,,,
260.30,FLARE,5.30,6.33,16.69,-2.56,-7.2,1.0,-14.4,-0.1,-584,0.05,0.204,0.075,1.00,,,,0,-61,0,,,,
260.40,FLARE,5.05,6.08,16.61,-2.44,-6.0,0.9,-14.4,-0.1,-582,0.02,0.157,0.075,1.00,,,,0,-63,0,,,,
260.50,FLARE,4.81,5.84,16.52,-2.30,-4.9,0.9,-14.5,-0.1,-580,0.00,0.130,0.075,1.00,,,,0,-65,0,,,,
260.60,FLARE,4.58,5.61,16.42,-2.14,-3.9,0.9,-14.5,-0.2,-579,0.00,0.120,0.074,1.00,,,,0,-66,0,,,,
260.70,FLARE,4.37,5.41,16.31,-1.99,-3.1,0.9,-14.6,-0.2,-577,0.00,0.124,0.073,1.00,,,,0,-68,0,,,,
260.80,FLARE,4.18,5.21,16.19,-1.84,-2.4,0.9,-14.6,-0.2,-576,0.00,0.136,0.073,1.00,,,,0,-69,0,,,,
260.90,FLARE,4.00,5.03,16.06,-1.70,-2.0,1.0,-14.6,-0.2,-574,0.00,0.154,0.072,1.00,,,,0,-71,0,,,,
261.00,FLARE,3.84,4.87,15.93,-1.58,-1.6,1.0,-14.6,-0.2,-573,0.00,0.174,0.072,1.00,,,,0,-72,0,,,,
261.10,FLARE,3.68,4.71,15.80,-1.49,-1.4,1.1,-14.6,-0.2,-571,0.00,0.195,0.072,1.00,,,,0,-74,0,,,,
261.20,FLARE,3.53,4.57,15.67,-1.42,-1.2,1.1,-14.6,-0.2,-570,0.00,0.215,0.072,1.00,,,,0,-75,0,,,,
261.30,FLARE,3.39,4.43,15.53,-1.37,-1.2,1.2,-14.6,-0.3,-568,0.00,0.234,0.179,1.00,,,,0,-77,0,,,,
261.40,FLARE,3.26,4.29,15.41,-1.34,-1.1,1.2,-14.5,-0.3,-567,0.03,0.250,0.307,1.00,,,,0,-78,0,,,,
261.50,FLARE,3.13,4.16,15.28,-1.31,-1.1,1.3,-14.4,-0.3,-565,0.08,0.261,0.350,1.00,,,,0,-80,0,,,,
261.60,FLARE,3.00,4.03,15.17,-1.28,-1.1,1.3,-14.2,-0.3,-564,0.13,0.264,0.350,1.00,,,,0,-81,0,,,,
261.70,FLARE,2.87,3.90,15.07,-1.26,-1.0,1.2,-13.9,-0.3,-562,0.18,0.258,0.350,1.00,,,,0,-83,0,,,,
261.80,FLARE,2.74,3.78,14.98,-1.22,-0.7,1.1,-13.5,-0.4,-561,0.23,0.245,0.350,1.00,,,,0,-84,0,,,,
261.90,FLARE,2.62,3.65,14.90,-1.17,-0.4,0.9,-13.0,-0.4,-560,0.28,0.225,0.350,1.00,,,,0,-85,0,,,,
262.00,FLARE,2.51,3.54,14.82,-1.12,-0.1,0.7,-12.4,-0.4,-558,0.33,0.201,0.350,1.00,,,,0,-87,0,,,,
262.10,FLARE,2.40,3.43,14.75,-1.05,0.4,0.5,-11.7,-0.4,-557,0.38,0.171,0.350,1.00,,,,0,-88,0,,,,
262.20,FLARE,2.30,3.33,14.69,-0.96,1.0,0.3,-11.0,-0.4,-555,0.40,0.131,0.350,1.00,,,,0,-90,0,,,,
262.30,FLARE,2.20,3.24,14.63,-0.86,1.7,0.1,-10.1,-0.4,-554,0.40,0.052,0.350,1.00,,,,0,-91,0,,,,
262.40,FLARE,2.12,3.15,14.55,-0.75,2.3,-0.1,-9.2,-0.4,-553,0.40,-0.022,0.350,1.00,,,,0,-92,0,,,,
262.50,FLARE,2.05,3.08,14.47,-0.64,2.7,-0.3,-8.3,-0.4,-551,0.40,-0.077,0.350,1.00,,,,0,-94,0,,,,
262.60,FLARE,1.99,3.02,14.38,-0.54,2.9,-0.5,-7.3,-0.5,-550,0.40,-0.108,0.350,1.00,,,,0,-95,0,,,,
262.70,FLARE,1.94,2.97,14.30,-0.48,2.7,-0.6,-6.2,-0.5,-548,0.40,-0.116,0.334,1.00,,,,0,-97,0,,,,
262.80,FLARE,1.89,2.92,14.22,-0.45,2.2,-0.7,-5.2,-0.5,-547,0.40,-0.106,0.291,1.00,,,,0,-98,0,,,,
262.90,FLARE,1.85,2.88,14.16,-0.47,1.6,-0.8,-4.1,-0.5,-546,0.40,-0.083,0.251,1.00,,,,0,-99,0,,,,
263.00,FLARE,1.80,2.83,14.10,-0.52,0.9,-0.8,-3.2,-0.5,-544,0.40,-0.052,0.215,1.00,,,,0,-101,1,,,,
263.10,FLARE,1.74,2.77,14.05,-0.61,0.2,-0.7,-2.2,-0.5,-543,0.40,-0.016,0.185,1.00,,,,0,-102,1,,,,
263.20,FLARE,1.68,2.71,14.01,-0.71,-0.5,-0.6,-1.4,-0.6,-542,0.40,0.026,0.160,1.00,,,,0,-103,1,,,,
263.30,FLARE,1.60,2.64,13.98,-0.84,-1.1,-0.5,-0.7,-0.6,-540,0.40,0.073,0.141,1.00,,,,0,-105,1,,,,
263.40,FLARE,1.52,2.55,13.96,-0.97,-1.5,-0.3,-0.0,-0.6,-539,0.40,0.123,0.128,1.00,,,,0,-106,1,,,,
263.50,FLARE,1.41,2.45,13.94,-1.10,-1.9,-0.1,0.5,-0.7,-538,0.40,0.174,0.120,1.00,,,,0,-107,1,,,,
263.60,FLARE,1.30,2.33,13.93,-1.23,-2.1,0.1,0.8,-0.7,-536,0.40,0.224,0.117,1.00,,,,0,-109,1,,,,
263.70,FLARE,1.17,2.20,13.93,-1.35,-2.1,0.4,1.1,-0.8,-535,0.40,0.270,0.118,1.00,,,,0,-110,1,,,,
263.80,FLARE,1.03,2.07,13.93,-1.45,-1.9,0.6,1.2,-0.8,-534,0.40,0.300,0.123,1.00,,,,0,-111,1,,,,
263.90,FLARE,0.89,1.92,13.93,-1.52,-1.6,0.9,1.3,-0.9,-532,0.40,0.301,0.132,1.00,,,,0,-113,1,,,,
264.00,FLARE,0.73,1.76,13.93,-1.58,-1.1,1.1,1.2,-0.9,-531,0.40,0.283,0.143,1.00,,,,0,-114,1,,,,
264.10,FLARE,0.57,1.61,13.93,-1.60,-0.6,1.4,1.1,-1.0,-530,0.40,0.251,0.157,1.00,,,,0,-115,1,,,,
264.20,FLARE,0.41,1.45,13.93,-1.59,-0.0,1.6,0.8,-1.0,-528,0.40,0.230,0.172,1.00,,,,0,-117,1,,,,
264.30,FLARE,0.26,1.29,13.92,-1.56,0.5,1.8,0.6,-1.1,-527,0.40,0.225,0.188,1.00,,,,0,-118,1,,,,
264.40,ROLLOUT,0.10,1.14,13.85,-1.28,0.8,1.7,3.2,-1.1,-526,0.00,0.271,0.132,0.99,,,,2,-119,1,,,,
264.50,ROLLOUT,0.01,1.04,13.69,-0.24,1.4,1.5,2.8,-1.2,-524,0.00,0.350,0.004,0.98,,,,2,-121,1,,,,
264.60,ROLLOUT,0.01,1.05,13.57,0.50,2.9,0.7,2.1,-1.2,-523,0.00,0.350,0.099,0.97,,,,2,-122,1,,,,
264.70,ROLLOUT,0.07,1.10,13.44,0.52,5.1,0.0,1.3,-1.2,-522,0.00,0.350,0.228,0.95,,,,2,-123,1,,,,
264.80,ROLLOUT,0.11,1.15,13.28,0.26,7.3,-0.3,0.2,-1.2,-520,0.00,0.350,0.356,0.94,,,,0,-125,1,,,,
264.90,ROLLOUT,0.13,1.17,13.13,0.18,8.9,-0.3,-0.6,-1.2,-519,0.00,0.350,0.228,0.92,,,,1,-126,1,,,,
265.00,ROLLOUT,0.15,1.18,12.97,0.07,8.9,-0.3,-0.7,-1.2,-518,0.00,0.350,0.128,0.91,,,,1,-127,1,,,,
265.10,ROLLOUT,0.15,1.18,12.82,-0.12,8.1,-0.2,-1.7,-1.2,-517,0.00,0.350,0.145,0.90,,,,0,-128,1,,,,
265.20,ROLLOUT,0.13,1.16,12.69,-0.34,7.0,-0.2,-1.7,-1.2,-515,0.00,0.350,0.101,0.88,,,,0,-130,1,,,,
265.30,ROLLOUT,0.09,1.12,12.58,-0.48,5.7,0.3,-1.9,-1.2,-514,0.00,0.350,0.198,0.87,,,,2,-131,1,,,,
265.40,ROLLOUT,0.05,1.08,12.51,-0.15,4.4,0.4,-2.8,-1.2,-513,0.00,0.350,0.327,0.85,,,,2,-132,1,,,,
265.50,ROLLOUT,0.05,1.08,12.46,0.17,3.7,0.1,-3.2,-1.1,-512,0.00,0.350,0.455,0.84,,,,2,-133,1,,,,
265.60,ROLLOUT,0.07,1.10,12.38,0.22,3.6,-0.1,-4.5,-1.1,-511,0.00,0.350,0.583,0.83,,,,2,-134,1,,,,
265.70,ROLLOUT,0.09,1.12,12.29,0.05,3.8,-0.4,-5.6,-1.0,-510,0.00,0.350,0.711,0.81,,,,2,-135,1,,,,
265.80,ROLLOUT,0.09,1.12,12.21,-0.11,4.1,-0.5,-6.8,-0.9,-508,0.00,0.350,0.839,0.80,,,,2,-137,1,,,,
265.90,ROLLOUT,0.07,1.11,12.13,-0.16,4.6,-0.4,-8.2,-0.8,-507,0.00,0.350,0.950,0.78,,,,2,-138,1,,,,
266.00,ROLLOUT,0.06,1.09,12.05,-0.10,5.3,-0.4,-9.4,-0.6,-506,0.00,0.350,0.950,0.77,,,,2,-139,1,,,,
266.10,ROLLOUT,0.05,1.08,11.96,-0.04,6.3,-0.2,-11.2,-0.5,-505,0.00,0.350,0.950,0.76,,,,2,-140,0,,,,
266.20,ROLLOUT,0.05,1.08,11.88,-0.03,7.4,-0.2,-12.6,-0.3,-504,0.00,0.350,0.918,0.74,,,,3,-141,0,,,,
266.30,ROLLOUT,0.05,1.08,11.76,0.04,7.9,-0.1,-13.6,-0.1,-503,0.00,0.350,0.913,0.73,,,,3,-142,0,,,,
266.40,ROLLOUT,0.05,1.08,11.66,-0.01,7.5,-0.2,-15.3,0.1,-502,0.00,0.350,0.909,0.71,,,,3,-143,-0,,,,
266.50,ROLLOUT,0.05,1.08,11.57,-0.03,7.1,-0.3,-16.4,0.3,-501,0.00,0.350,0.950,0.70,,,,2,-144,-0,,,,
266.60,ROLLOUT,0.05,1.08,11.47,-0.03,6.9,-0.4,-17.3,0.5,-500,0.00,0.350,0.950,0.69,,,,2,-145,-1,,,,
266.70,ROLLOUT,0.04,1.08,11.37,-0.02,7.0,-0.4,-18.9,0.8,-499,0.00,0.350,0.950,0.67,,,,2,-146,-1,,,,
266.80,ROLLOUT,0.04,1.07,11.27,-0.03,7.3,-0.5,-20.0,1.0,-498,0.00,0.350,0.907,0.66,,,,3,-147,-1,,,,
266.90,ROLLOUT,0.04,1.07,11.16,0.00,7.7,-0.4,-21.4,1.2,-497,0.00,0.350,0.889,0.64,,,,3,-148,-1,,,,
267.00,ROLLOUT,0.04,1.07,11.04,-0.01,7.6,-0.4,-22.4,1.5,-496,0.00,0.350,0.885,0.63,,,,3,-149,-2,,,,
267.10,ROLLOUT,0.04,1.07,10.93,-0.03,7.5,-0.5,-23.7,1.8,-496,0.00,0.350,0.880,0.62,,,,3,-149,-2,,,,
267.20,ROLLOUT,0.03,1.07,10.81,-0.02,7.5,-0.5,-24.7,2.0,-495,0.00,0.350,0.876,0.60,,,,3,-150,-2,,,,
267.30,ROLLOUT,0.03,1.07,10.68,-0.01,7.5,-0.6,-25.3,2.3,-494,0.00,0.350,0.871,0.59,,,,3,-151,-2,,,,
267.40,ROLLOUT,0.03,1.06,10.54,-0.01,7.5,-0.6,-26.6,2.6,-493,0.00,0.350,0.865,0.57,,,,3,-152,-3,,,,
267.50,ROLLOUT,0.03,1.06,10.41,-0.01,7.5,-0.7,-27.1,2.9,-492,0.00,0.350,0.860,0.56,,,,3,-153,-3,,,,
267.60,ROLLOUT,0.03,1.06,10.26,-0.02,7.5,-0.8,-27.5,3.1,-491,0.00,0.350,0.854,0.55,,,,3,-154,-3,,,,
267.70,ROLLOUT,0.03,1.06,10.10,-0.02,7.5,-0.8,-28.2,3.4,-491,0.00,0.350,0.847,0.53,,,,3,-154,-3,,,,
267.80,ROLLOUT,0.03,1.06,9.93,-0.02,7.4,-0.9,-28.3,3.7,-490,0.00,0.350,0.841,0.52,,,,3,-155,-4,,,,
267.90,ROLLOUT,0.03,1.06,9.76,-0.02,7.4,-0.9,-28.5,3.9,-489,0.00,0.350,0.834,0.50,,,,3,-156,-4,,,,
268.00,ROLLOUT,0.02,1.06,9.57,-0.01,7.4,-1.0,-28.4,4.1,-488,0.00,0.350,0.827,0.49,,,,3,-157,-4,,,,
268.10,ROLLOUT,0.02,1.05,9.38,-0.01,7.4,-1.1,-28.1,4.4,-488,0.00,0.350,0.819,0.48,,,,3,-157,-4,,,,
268.20,ROLLOUT,0.02,1.05,9.18,-0.02,7.4,-1.2,-27.6,4.6,-487,0.00,0.350,0.812,0.46,,,,3,-158,-5,,,,
268.30,ROLLOUT,0.02,1.05,8.97,-0.02,7.4,-1.3,-26.8,4.8,-486,0.00,0.350,0.803,0.45,,,,3,-159,-5,,,,
268.40,ROLLOUT,0.02,1.05,8.75,-0.02,7.3,-1.3,-25.9,5.0,-486,0.00,0.350,0.794,0.43,,,,3,-159,-5,,,,
268.50,ROLLOUT,0.02,1.05,8.52,-0.02,7.3,-1.4,-24.5,5.1,-485,0.00,0.350,0.785,0.42,,,,3,-160,-5,,,,
268.60,ROLLOUT,0.01,1.05,8.27,-0.01,7.3,-1.5,-22.9,5.3,-484,0.00,0.350,0.776,0.41,,,,3,-161,-5,,,,
268.70,ROLLOUT,0.01,1.05,8.01,-0.01,7.3,-1.6,-21.2,5.4,-484,0.00,0.350,0.765,0.39,,,,3,-161,-5,,,,
268.80,ROLLOUT,0.01,1.04,7.73,-0.02,7.3,-1.6,-19.0,5.5,-483,0.00,0.350,0.729,0.38,,,,3,-162,-6,,,,
268.90,ROLLOUT,0.01,1.04,7.45,-0.01,7.3,-1.6,-16.9,5.6,-483,0.00,0.350,0.601,0.36,,,,3,-162,-6,,,,
269.00,ROLLOUT,0.01,1.04,7.16,-0.01,7.2,-1.5,-14.7,5.6,-482,0.00,0.350,0.473,0.35,,,,3,-163,-6,,,,
269.10,ROLLOUT,0.01,1.04,6.89,-0.01,7.2,-1.3,-12.6,5.6,-481,0.00,0.350,0.345,0.34,,,,3,-164,-6,,,,
269.20,ROLLOUT,0.01,1.04,6.62,-0.01,7.2,-1.0,-10.7,5.6,-481,0.00,0.350,0.225,0.32,,,,3,-164,-6,,,,
269.30,ROLLOUT,0.00,1.04,6.36,-0.01,7.2,-0.7,-9.0,5.6,-480,0.00,0.350,0.153,0.31,,,,3,-165,-6,,,,
269.40,ROLLOUT,0.00,1.04,6.13,-0.01,7.2,-0.4,-7.5,5.5,-480,0.00,0.350,0.114,0.29,,,,3,-165,-6,,,,
269.50,ROLLOUT,0.00,1.03,5.91,-0.01,7.2,-0.1,-6.3,5.5,-479,0.00,0.350,0.085,0.28,,,,3,-166,-5,,,,
269.60,ROLLOUT,0.00,1.03,5.71,-0.01,7.2,0.2,-5.3,5.4,-479,0.00,0.350,0.081,0.27,,,,3,-166,-5,,,,
269.70,ROLLOUT,0.00,1.03,5.53,-0.00,7.2,0.4,-4.6,5.3,-478,0.00,0.350,0.092,0.25,,,,3,-167,-5,,,,
269.80,ROLLOUT,0.00,1.03,5.38,-0.00,7.2,0.4,-4.1,5.3,-478,0.00,0.350,0.099,0.24,,,,3,-167,-5,,,,
269.90,ROLLOUT,0.00,1.03,5.24,-0.00,7.2,0.4,-3.7,5.2,-477,0.00,0.350,0.106,0.22,,,,3,-168,-5,,,,
270.00,ROLLOUT,-0.00,1.03,5.12,-0.00,7.1,0.2,-3.3,5.1,-477,0.00,0.350,0.102,0.21,,,,3,-168,-5,,,,
270.10,ROLLOUT,-0.00,1.03,4.99,-0.00,7.1,0.0,-2.9,5.0,-477,0.00,0.350,0.090,0.20,,,,3,-168,-5,,,,
270.20,ROLLOUT,-0.00,1.03,4.87,-0.00,7.1,-0.2,-2.6,5.0,-476,0.00,0.350,0.073,0.18,,,,3,-169,-5,,,,
270.30,ROLLOUT,-0.00,1.03,4.76,-0.00,7.1,-0.4,-2.2,4.9,-476,0.00,0.350,0.058,0.17,,,,3,-169,-5,,,,
270.40,ROLLOUT,-0.00,1.03,4.66,-0.00,7.1,-0.5,-1.9,4.8,-476,0.00,0.350,0.048,0.15,,,,3,-169,-5,,,,
270.50,ROLLOUT,-0.00,1.03,4.57,-0.00,7.1,-0.5,-1.7,4.7,-475,0.00,0.350,0.040,0.14,,,,3,-170,-5,,,,
270.60,ROLLOUT,-0.00,1.03,4.49,0.00,7.1,-0.5,-1.4,4.7,-475,0.00,0.350,0.034,0.13,,,,3,-170,-5,,,,
270.70,ROLLOUT,-0.00,1.03,4.42,0.00,7.1,-0.4,-1.2,4.6,-475,0.00,0.350,0.028,0.11,,,,3,-170,-5,,,,
270.80,ROLLOUT,-0.00,1.03,4.36,0.00,7.2,-0.3,-1.1,4.6,-474,0.00,0.350,0.022,0.10,,,,3,-171,-5,,,,
270.90,ROLLOUT,-0.00,1.03,4.30,-0.00,7.2,-0.1,-0.9,4.5,-474,0.00,0.350,0.016,0.08,,,,3,-171,-5,,,,
271.00,ROLLOUT,-0.00,1.03,4.24,0.00,7.2,-0.0,-0.7,4.4,-474,0.00,0.350,0.010,0.07,,,,3,-171,-4,,,,
271.10,ROLLOUT,-0.00,1.03,4.20,0.00,7.2,0.1,-0.6,4.4,-474,0.00,0.350,0.005,0.06,,,,3,-171,-4,,,,
271.20,ROLLOUT,-0.00,1.03,4.15,0.00,7.2,0.2,-0.5,4.3,-473,0.00,0.350,0.000,0.04,,,,3,-172,-4,,,,
271.30,ROLLOUT,-0.00,1.03,4.11,0.00,7.2,0.2,-0.4,4.3,-473,0.00,0.350,-0.004,0.03,,,,3,-172,-4,,,,
271.40,ROLLOUT,-0.00,1.03,4.08,0.00,7.2,0.1,-0.3,4.3,-473,0.00,0.350,-0.008,0.01,,,,3,-172,-4,,,,
271.50,ROLLOUT,-0.00,1.03,4.05,0.00,7.2,0.0,-0.2,4.2,-473,0.00,0.350,-0.012,0.00,,,,3,-172,-4,,,,
271.60,ROLLOUT,-0.00,1.03,4.02,0.00,7.2,-0.1,-0.1,4.2,-472,0.00,0.350,-0.015,0.00,,,,3,-173,-4,,,,
271.70,ROLLOUT,-0.00,1.03,4.00,0.00,7.2,-0.1,0.0,4.1,-472,0.00,0.350,-0.018,0.00,,,,3,-173,-4,,,,
271.80,ROLLOUT,-0.00,1.03,3.99,0.00,7.2,-0.2,0.1,4.1,-472,0.00,0.350,-0.021,0.00,,,,3,-173,-4,,,,
271.90,ROLLOUT,-0.00,1.03,3.97,0.00,7.2,-0.3,0.2,4.1,-472,0.00,0.350,-0.024,0.00,,,,3,-173,-4,,,,
272.00,ROLLOUT,-0.00,1.03,3.96,0.00,7.2,-0.3,0.2,4.0,-472,0.00,0.350,-0.026,0.00,,,,3,-173,-4,,,,
272.10,ROLLOUT,-0.00,1.03,3.95,0.00,7.2,-0.2,0.3,4.0,-472,0.00,0.350,-0.028,0.00,,,,3,-173,-4,,,,
272.20,ROLLOUT,-0.00,1.03,3.94,0.00,7.2,-0.2,0.3,4.0,-471,0.00,0.350,-0.031,0.00,,,,3,-174,-4,,,,
272.30,ROLLOUT,-0.00,1.03,3.93,0.00,7.2,-0.1,0.4,3.9,-471,0.00,0.350,-0.033,0.00,,,,3,-174,-4,,,,
272.40,ROLLOUT,-0.00,1.03,3.92,0.00,7.2,-0.0,0.4,3.9,-471,0.00,0.350,-0.035,0.00,,,,3,-174,-4,,,,
272.50,ROLLOUT,-0.00,1.03,3.91,0.00,7.2,0.0,0.5,3.9,-471,0.00,0.350,-0.037,0.00,,,,3,-174,-4,,,,
272.60,ROLLOUT,-0.00,1.03,3.90,-0.00,7.2,0.1,0.5,3.8,-471,0.00,0.350,-0.039,0.00,,,,3,-174,-4,,,,
272.70,ROLLOUT,-0.00,1.03,3.90,-0.00,7.2,0.1,0.6,3.8,-471,0.00,0.350,-0.040,0.00,,,,3,-174,-4,,,,
272.80,ROLLOUT,-0.00,1.03,3.89,-0.00,7.2,0.1,0.6,3.8,-471,0.00,0.350,-0.042,0.00,,,,3,-174,-4,,,,
272.90,ROLLOUT,-0.00,1.03,3.88,0.00,7.2,0.0,0.6,3.8,-470,0.00,0.350,-0.043,0.00,,,,3,-175,-4,,,,
273.00,ROLLOUT,-0.00,1.03,3.88,0.00,7.2,-0.0,0.7,3.7,-470,0.00,0.350,-0.044,0.00,,,,3,-175,-4,,,,
273.10,ROLLOUT,-0.00,1.03,3.87,-0.00,7.2,-0.1,0.7,3.7,-470,0.00,0.350,-0.046,0.00,,,,3,-175,-4,,,,
273.20,ROLLOUT,-0.00,1.03,3.87,-0.00,7.2,-0.1,0.7,3.7,-470,0.00,0.350,-0.047,0.00,,,,3,-175,-4,,,,
273.30,ROLLOUT,-0.00,1.03,3.87,-0.00,7.2,-0.2,0.7,3.7,-470,0.00,0.350,-0.048,0.00,,,,3,-175,-4,,,,
273.40,ROLLOUT,-0.00,1.03,3.87,-0.00,7.2,-0.2,0.8,3.6,-470,0.00,0.350,-0.048,0.00,,,,3,-175,-4,,,,
273.50,ROLLOUT,-0.00,1.03,3.86,0.00,7.2,-0.2,0.8,3.6,-470,0.00,0.350,-0.049,0.00,,,,3,-175,-4,,,,
273.60,ROLLOUT,-0.00,1.03,3.86,0.00,7.2,-0.2,0.8,3.6,-470,0.00,0.350,-0.050,0.00,,,,3,-175,-4,,,,
273.70,ROLLOUT,-0.00,1.03,3.86,-0.00,7.2,-0.1,0.8,3.6,-470,0.00,0.350,-0.051,0.00,,,,3,-175,-4,,,,
273.80,ROLLOUT,-0.00,1.03,3.86,-0.00,7.2,-0.1,0.8,3.6,-470,0.00,0.350,-0.051,0.00,,,,3,-175,-4,,,,
273.90,ROLLOUT,-0.00,1.03,3.86,-0.00,7.2,-0.0,0.8,3.6,-469,0.00,0.350,-0.052,0.00,,,,3,-176,-4,,,,
274.00,ROLLOUT,-0.00,1.03,3.86,0.00,7.2,0.0,0.9,3.5,-469,0.00,0.350,-0.053,0.00,,,,3,-176,-4,,,,
274.10,ROLLOUT,-0.00,1.03,3.86,-0.00,7.2,0.0,0.9,3.5,-469,0.00,0.350,-0.053,0.00,,,,3,-176,-4,,,,
274.20,ROLLOUT,-0.00,1.03,3.86,-0.00,7.2,0.0,0.9,3.5,-469,0.00,0.350,-0.053,0.00,,,,3,-176,-4,,,,
274.30,ROLLOUT,-0.00,1.03,3.86,-0.00,7.2,0.0,0.9,3.5,-469,0.00,0.350,-0.054,0.00,,,,3,-176,-4,,,,
274.40,ROLLOUT,-0.00,1.03,3.87,-0.00,7.2,-0.0,0.9,3.5,-469,0.00,0.350,-0.054,0.00,,,,3,-176,-3,,,,
274.50,ROLLOUT,-0.00,1.03,3.87,-0.00,7.2,-0.1,0.9,3.5,-469,0.00,0.350,-0.055,0.00,,,,3,-176,-3,,,,
274.60,ROLLOUT,-0.00,1.03,3.87,-0.00,7.2,-0.1,0.9,3.5,-469,0.00,0.350,-0.055,0.00,,,,3,-176,-3,,,,