t,phase,agl,aglT,V,vs,pitch,bank,e,xt,s,thr,de,dr,flap,offtrack,above,rem,onG,x,z,hdotC,Vc,wK,thC
0.00,ROLL,0.00,1.03,3.93,-0.00,7.2,-0.1,-1.5,0.0,396,0.00,0.009,0.021,0.00,,,,3,1,0,,,,
0.10,ROLL,-0.00,1.03,3.93,-0.00,7.2,-0.1,-1.5,0.0,396,0.00,0.010,0.149,0.02,,,,3,1,0,,,,
0.20,ROLL,-0.00,1.03,3.93,-0.00,7.2,-0.1,-1.5,0.0,396,0.00,0.010,0.128,0.03,,,,3,1,0,,,,
0.30,ROLL,-0.00,1.03,3.93,0.00,7.2,-0.1,-1.5,0.0,396,0.00,0.010,0.104,0.04,,,,3,1,0,,,,
0.40,ROLL,-0.00,1.03,3.93,0.00,7.2,-0.1,-1.5,0.0,396,0.00,0.010,0.093,0.06,,,,3,1,0,,,,
0.50,ROLL,-0.00,1.03,3.93,0.03,7.2,-0.1,-1.5,0.0,396,1.00,0.010,0.089,0.07,,,,3,1,0,,,,
0.60,ROLL,0.01,1.04,3.94,0.09,7.2,-0.1,-1.5,0.0,396,1.00,0.009,0.094,0.09,,,,3,1,0,,,,
0.70,ROLL,0.01,1.05,3.97,0.04,7.3,-0.1,-1.5,0.0,396,1.00,-0.002,0.096,0.10,,,,3,1,0,,,,
0.80,ROLL,0.02,1.05,4.00,-0.02,7.4,-0.2,-1.6,0.0,396,1.00,-0.000,0.097,0.11,,,,3,1,0,,,,
0.90,ROLL,0.01,1.05,4.04,-0.03,7.3,-0.3,-1.6,0.0,396,1.00,0.011,0.096,0.13,,,,3,1,0,,,,
1.00,ROLL,0.01,1.04,4.08,0.00,7.3,-0.4,-1.5,0.0,396,1.00,0.012,0.086,0.14,,,,3,1,0,,,,
1.10,ROLL,0.01,1.04,4.14,0.02,7.3,-0.5,-1.5,0.0,395,1.00,0.009,0.085,0.16,,,,3,0,0,,,,
1.20,ROLL,0.01,1.05,4.20,0.02,7.3,-0.5,-1.5,0.0,395,1.00,0.005,0.087,0.17,,,,3,0,0,,,,
1.30,ROLL,0.02,1.05,4.28,0.01,7.3,-0.6,-1.5,0.0,395,1.00,0.005,0.091,0.18,,,,3,0,0,,,,
1.40,ROLL,0.02,1.05,4.36,-0.00,7.3,-0.5,-1.6,-0.0,395,1.00,0.007,0.096,0.20,,,,3,-0,-0,,,,
1.50,ROLL,0.02,1.05,4.44,-0.00,7.3,-0.5,-1.6,-0.0,395,1.00,0.008,0.096,0.21,,,,3,-0,-0,,,,
1.60,ROLL,0.02,1.05,4.53,0.01,7.3,-0.4,-1.6,-0.0,395,1.00,0.009,0.095,0.23,,,,3,-0,-0,,,,
1.70,ROLL,0.02,1.05,4.62,0.01,7.3,-0.3,-1.6,-0.0,394,1.00,0.008,0.095,0.24,,,,3,-1,-0,,,,
1.80,ROLL,0.02,1.05,4.72,0.01,7.3,-0.3,-1.6,-0.0,394,1.00,0.007,0.096,0.25,,,,3,-1,-0,,,,
1.90,ROLL,0.02,1.05,4.83,0.00,7.4,-0.2,-1.6,-0.0,394,1.00,0.007,0.099,0.25,,,,3,-1,-0,,,,
2.00,ROLL,0.02,1.05,4.93,0.00,7.4,-0.2,-1.7,-0.0,394,1.00,0.007,0.101,0.25,,,,3,-1,-0,,,,
2.10,ROLL,0.02,1.05,5.05,0.00,7.4,-0.2,-1.7,-0.0,393,1.00,0.008,0.104,0.25,,,,3,-2,-0,,,,
2.20,ROLL,0.02,1.05,5.16,0.01,7.4,-0.2,-1.7,-0.1,393,1.00,0.008,0.106,0.25,,,,3,-2,-0,,,,
2.30,ROLL,0.02,1.05,5.28,0.01,7.4,-0.3,-1.8,-0.1,393,1.00,0.007,0.108,0.25,,,,3,-2,-0,,,,
2.40,ROLL,0.02,1.05,5.40,0.01,7.4,-0.3,-1.8,-0.1,392,1.00,0.007,0.111,0.25,,,,3,-3,-0,,,,
2.50,ROLL,0.02,1.05,5.53,0.01,7.4,-0.3,-1.8,-0.1,392,1.00,0.007,0.114,0.25,,,,3,-3,-0,,,,
2.60,ROLL,0.02,1.05,5.66,0.01,7.4,-0.3,-1.9,-0.1,392,1.00,0.007,0.117,0.25,,,,3,-3,-0,,,,
2.70,ROLL,0.02,1.05,5.79,0.01,7.4,-0.3,-1.9,-0.1,391,1.00,0.007,0.120,0.25,,,,3,-4,-0,,,,
2.80,ROLL,0.02,1.05,5.92,0.01,7.4,-0.3,-2.0,-0.1,391,1.00,0.007,0.122,0.25,,,,3,-4,-0,,,,
2.90,ROLL,0.02,1.06,6.06,0.01,7.4,-0.3,-2.0,-0.1,390,1.00,0.007,0.125,0.25,,,,3,-5,-0,,,,
3.00,ROLL,0.02,1.06,6.19,0.01,7.4,-0.3,-2.0,-0.1,390,1.00,0.007,0.128,0.25,,,,3,-5,-0,,,,
3.10,ROLL,0.02,1.06,6.33,0.01,7.4,-0.2,-2.1,-0.2,389,1.00,0.007,0.131,0.25,,,,3,-6,-0,,,,
3.20,ROLL,0.02,1.06,6.47,0.01,7.4,-0.2,-2.1,-0.2,389,1.00,0.007,0.133,0.25,,,,3,-6,-0,,,,
3.30,ROLL,0.03,1.06,6.61,0.01,7.4,-0.2,-2.2,-0.2,388,1.00,0.006,0.136,0.25,,,,3,-7,-0,,,,
3.40,ROLL,0.03,1.06,6.75,0.01,7.4,-0.2,-2.2,-0.2,388,1.00,0.006,0.139,0.25,,,,3,-7,-0,,,,
3.50,ROLL,0.03,1.06,6.89,0.01,7.4,-0.2,-2.3,-0.2,387,1.00,0.006,0.143,0.25,,,,3,-8,-0,,,,
3.60,ROLL,0.03,1.06,7.04,0.01,7.4,-0.2,-2.3,-0.2,387,1.00,0.006,0.146,0.25,,,,3,-8,-0,,,,
3.70,ROLL,0.03,1.06,7.18,0.01,7.4,-0.2,-2.4,-0.2,386,1.00,0.006,0.149,0.25,,,,3,-9,-0,,,,
3.80,ROLL,0.03,1.06,7.32,0.01,7.4,-0.2,-2.4,-0.3,386,1.00,0.006,0.153,0.25,,,,3,-9,-0,,,,
3.90,ROLL,0.03,1.06,7.47,0.01,7.4,-0.2,-2.5,-0.3,385,1.00,0.006,0.157,0.25,,,,3,-10,-0,,,,
4.00,ROLL,0.03,1.06,7.61,0.01,7.5,-0.1,-2.6,-0.3,384,1.00,0.006,0.162,0.25,,,,3,-11,-0,,,,
4.10,ROLL,0.03,1.06,7.76,0.01,7.5,-0.1,-2.6,-0.3,384,1.00,0.006,0.166,0.25,,,,3,-11,-0,,,,
4.20,ROLL,0.03,1.06,7.90,0.01,7.5,-0.1,-2.7,-0.3,383,1.00,0.005,0.172,0.25,,,,3,-12,-0,,,,
4.30,ROLL,0.03,1.06,8.05,0.01,7.5,-0.1,-2.8,-0.4,382,1.00,0.005,0.178,0.25,,,,3,-13,-0,,,,
4.40,ROLL,0.03,1.07,8.19,0.01,7.5,-0.1,-2.9,-0.4,382,1.00,0.005,0.185,0.25,,,,3,-13,-0,,,,
4.50,ROLL,0.03,1.07,8.34,0.01,7.5,-0.1,-3.0,-0.4,381,1.00,0.005,0.192,0.25,,,,3,-14,-0,,,,
4.60,ROLL,0.03,1.07,8.49,0.01,7.5,-0.0,-3.1,-0.4,380,1.00,0.005,0.199,0.25,,,,3,-15,-0,,,,
4.70,ROLL,0.04,1.07,8.63,0.01,7.5,-0.0,-3.2,-0.4,379,1.00,0.005,0.206,0.25,,,,3,-16,-0,,,,
4.80,ROLL,0.04,1.07,8.78,0.01,7.5,-0.0,-3.3,-0.5,379,1.00,0.005,0.214,0.25,,,,3,-16,-0,,,,
4.90,ROLL,0.04,1.07,8.92,0.01,7.5,0.0,-3.4,-0.5,378,1.00,0.005,0.221,0.25,,,,3,-17,-0,,,,
5.00,ROLL,0.04,1.07,9.07,0.01,7.5,0.0,-3.5,-0.5,377,1.00,0.004,0.229,0.25,,,,3,-18,-1,,,,
5.10,ROLL,0.04,1.07,9.21,0.01,7.5,0.1,-3.7,-0.5,376,1.00,0.004,0.236,0.25,,,,3,-19,-1,,,,
5.20,ROLL,0.04,1.07,9.36,0.01,7.5,0.1,-3.8,-0.6,375,1.00,0.005,0.243,0.25,,,,3,-20,-1,,,,
5.30,ROLL,0.04,1.07,9.50,0.01,7.5,0.1,-3.9,-0.6,375,1.00,0.006,0.248,0.25,,,,3,-20,-1,,,,
5.40,ROLL,0.04,1.07,9.65,0.01,7.5,0.1,-4.0,-0.6,374,1.00,0.010,0.252,0.25,,,,3,-21,-1,,,,
5.50,ROLL,0.04,1.08,9.79,0.01,7.4,0.1,-4.1,-0.7,373,1.00,0.015,0.254,0.25,,,,3,-22,-1,,,,
5.60,ROLL,0.04,1.08,9.93,0.01,7.4,0.1,-4.1,-0.7,372,1.00,0.021,0.255,0.25,,,,3,-23,-1,,,,
5.70,ROLL,0.05,1.08,10.07,0.02,7.3,0.1,-4.2,-0.7,371,1.00,0.026,0.254,0.25,,,,2,-24,-1,,,,
5.80,ROLL,0.05,1.08,10.21,0.02,7.2,0.1,-4.2,-0.8,370,1.00,0.032,0.382,0.25,,,,2,-25,-1,,,,
5.90,ROLL,0.05,1.08,10.36,0.01,7.0,0.1,-4.0,-0.8,369,1.00,0.035,0.460,0.25,,,,2,-26,-1,,,,
6.00,ROLL,0.05,1.08,10.49,0.01,6.9,0.0,-3.8,-0.8,368,1.00,0.036,0.351,0.25,,,,2,-27,-1,,,,
6.10,ROLL,0.05,1.08,10.61,0.01,6.8,0.0,-3.3,-0.9,367,1.00,0.038,0.224,0.25,,,,2,-28,-1,,,,
6.20,ROLL,0.05,1.09,10.73,0.02,6.7,-0.1,-2.9,-0.9,366,1.00,0.044,0.127,0.25,,,,2,-29,-1,,,,
6.30,ROLL,0.06,1.09,10.84,0.02,6.5,-0.2,-2.5,-0.9,365,1.00,0.050,0.098,0.25,,,,2,-30,-1,,,,
6.40,ROLL,0.06,1.09,10.95,0.02,6.4,-0.2,-2.2,-0.9,364,1.00,0.056,0.088,0.25,,,,2,-31,-1,,,,
6.50,ROLL,0.06,1.09,11.07,0.02,6.2,-0.2,-2.1,-0.9,363,1.00,0.059,0.126,0.25,,,,2,-32,-1,,,,
6.60,ROLL,0.06,1.09,11.20,0.02,6.1,-0.1,-2.1,-0.9,362,1.00,0.061,0.159,0.25,,,,2,-33,-1,,,,
6.70,ROLL,0.06,1.09,11.33,0.02,5.9,-0.0,-2.1,-0.9,361,1.00,0.061,0.192,0.25,,,,2,-34,-1,,,,
6.80,ROLL,0.06,1.10,11.47,0.02,5.8,0.1,-2.1,-0.9,360,1.00,0.061,0.214,0.25,,,,2,-35,-1,,,,
6.90,ROLL,0.07,1.10,11.61,0.01,5.7,0.2,-2.2,-0.9,359,1.00,0.061,0.223,0.25,,,,2,-36,-1,,,,
7.00,ROLL,0.07,1.10,11.76,0.01,5.6,0.3,-2.2,-0.9,358,1.00,0.061,0.233,0.25,,,,2,-37,-1,,,,
7.10,ROLL,0.07,1.10,11.90,0.01,5.5,0.3,-2.3,-0.9,357,1.00,0.063,0.228,0.25,,,,2,-38,-1,,,,
7.20,ROLL,0.07,1.10,12.05,0.02,5.4,0.3,-2.3,-0.9,356,1.00,0.065,0.231,0.25,,,,2,-39,-1,,,,
7.30,ROLL,0.07,1.10,12.19,0.02,5.3,0.3,-2.3,-0.9,355,1.00,0.067,0.230,0.25,,,,2,-40,-1,,,,
7.40,ROLL,0.07,1.11,12.34,0.02,5.2,0.3,-2.4,-0.9,353,1.00,0.070,0.229,0.25,,,,2,-42,-1,,,,
7.50,ROLL,0.07,1.11,12.48,0.02,5.1,0.3,-2.4,-0.9,352,1.00,0.073,0.232,0.25,,,,2,-43,-1,,,,
7.60,ROLL,0.08,1.11,12.63,0.02,5.0,0.3,-2.5,-0.9,351,1.00,0.076,0.231,0.25,,,,2,-44,-1,,,,
7.70,ROLL,0.08,1.11,12.77,0.02,4.9,0.3,-2.6,-0.8,350,1.00,0.078,0.233,0.25,,,,2,-45,-1,,,,
7.80,ROLL,0.08,1.11,12.92,0.02,4.8,0.3,-2.6,-0.8,349,1.00,0.080,0.233,0.25,,,,2,-46,-1,,,,
7.90,ROLL,0.08,1.11,13.07,0.01,4.7,0.3,-2.7,-0.8,347,1.00,0.082,0.233,0.25,,,,2,-48,-1,,,,
8.00,ROLL,0.08,1.11,13.21,0.01,4.6,0.3,-2.7,-0.8,346,1.00,0.084,0.233,0.25,,,,2,-49,-1,,,,
8.10,ROLL,0.08,1.12,13.36,0.01,4.5,0.3,-2.8,-0.8,345,1.00,0.085,0.231,0.25,,,,2,-50,-1,,,,
8.20,ROLL,0.08,1.12,13.50,0.01,4.4,0.3,-2.8,-0.8,344,1.00,0.087,0.232,0.25,,,,2,-51,-1,,,,
8.30,ROLL,0.09,1.12,13.64,0.01,4.3,0.3,-2.9,-0.8,342,1.00,0.089,0.231,0.25,,,,2,-53,-1,,,,
8.40,ROLL,0.09,1.12,13.79,0.01,4.2,0.3,-2.9,-0.8,341,1.00,0.090,0.231,0.25,,,,2,-54,-1,,,,
8.50,ROLL,0.09,1.12,13.93,0.01,4.1,0.3,-3.0,-0.8,340,1.00,0.092,0.231,0.25,,,,2,-55,-1,,,,
8.60,ROLL,0.09,1.12,14.07,0.01,4.0,0.3,-3.1,-0.8,338,1.00,0.094,0.231,0.25,,,,2,-57,-1,,,,
8.70,ROLL,0.09,1.12,14.22,0.01,3.9,0.3,-3.1,-0.9,337,1.00,0.095,0.231,0.25,,,,2,-58,-1,,,,
8.80,ROLL,0.09,1.13,14.36,0.01,3.9,0.3,-3.2,-0.9,336,1.00,0.097,0.230,0.25,,,,2,-59,-1,,,,
8.90,ROLL,0.09,1.13,14.50,0.01,3.8,0.3,-3.2,-0.9,334,1.00,0.099,0.230,0.25,,,,2,-61,-1,,,,
9.00,ROLL,0.10,1.13,14.64,0.01,3.7,0.3,-3.3,-0.9,333,1.00,0.100,0.229,0.25,,,,2,-62,-1,,,,
9.10,ROLL,0.10,1.13,14.78,0.01,3.6,0.4,-3.3,-0.9,331,1.00,0.102,0.229,0.25,,,,2,-64,-1,,,,
9.20,ROLL,0.10,1.13,14.92,0.01,3.5,0.4,-3.4,-0.9,330,1.00,0.103,0.228,0.25,,,,2,-65,-1,,,,
9.30,ROLL,0.10,1.13,15.06,0.01,3.5,0.4,-3.4,-0.9,328,1.00,0.105,0.228,0.25,,,,2,-67,-1,,,,
9.40,ROLL,0.10,1.13,15.20,0.01,3.4,0.4,-3.5,-0.9,327,1.00,0.106,0.228,0.25,,,,2,-68,-1,,,,
9.50,ROLL,0.10,1.13,15.34,0.01,3.3,0.4,-3.6,-0.9,326,1.00,0.108,0.227,0.25,,,,2,-69,-1,,,,
9.60,ROLL,0.10,1.14,15.47,0.01,3.2,0.4,-3.6,-0.9,324,1.00,0.109,0.227,0.25,,,,2,-71,-1,,,,
9.70,ROLL,0.10,1.14,15.61,0.01,3.2,0.4,-3.7,-1.0,323,1.00,0.110,0.227,0.25,,,,2,-72,-1,,,,
9.80,ROLL,0.11,1.14,15.75,0.01,3.1,0.4,-3.7,-1.0,321,1.00,0.112,0.226,0.25,,,,2,-74,-1,,,,
9.90,ROLL,0.11,1.14,15.88,0.01,3.0,0.4,-3.8,-1.0,319,1.00,0.113,0.226,0.25,,,,2,-76,-1,,,,
10.00,ROLL,0.11,1.14,16.02,0.00,3.0,0.4,-3.8,-1.0,318,1.00,0.174,0.226,0.25,,,,2,-77,-1,,,,
10.10,ROLL,0.11,1.14,16.15,-0.00,3.1,0.4,-3.9,-1.0,316,1.00,0.168,0.226,0.25,,,,2,-79,-1,,,,
10.20,ROLL,0.11,1.14,16.28,0.00,3.3,0.4,-4.0,-1.0,315,1.00,0.158,0.225,0.25,,,,2,-80,-1,,,,
10.30,ROLL,0.11,1.14,16.41,0.01,3.5,0.4,-4.0,-1.1,313,1.00,0.155,0.225,0.25,,,,2,-82,-1,,,,
10.40,ROLL,0.11,1.14,16.53,0.02,3.7,0.5,-4.1,-1.1,312,1.00,0.161,0.227,0.25,,,,2,-83,-1,,,,
10.50,ROLL,0.11,1.14,16.66,0.03,3.8,0.5,-4.1,-1.1,310,1.00,0.174,0.227,0.25,,,,2,-85,-1,,,,
10.60,ROLL,0.12,1.15,16.78,0.04,3.9,0.5,-4.2,-1.1,308,1.00,0.186,0.226,0.25,,,,2,-87,-1,,,,
10.70,ROLL,0.12,1.15,16.89,0.05,4.0,0.6,-4.2,-1.1,307,1.00,0.197,0.224,0.25,,,,2,-88,-1,,,,
10.80,ROLL,0.13,1.16,17.01,0.07,4.1,0.7,-4.2,-1.1,305,1.00,0.204,0.222,0.25,,,,2,-90,-1,,,,
10.90,ROLL,0.13,1.17,17.12,0.10,4.2,0.8,-4.2,-1.2,303,1.00,0.208,0.221,0.25,,,,1,-92,-1,,,,
11.00,ROLL,0.15,1.18,17.23,0.15,4.4,0.8,-4.3,-1.2,302,1.00,0.210,0.221,0.25,,,,1,-93,-1,,,,
11.10,LIFTOFF,0.16,1.19,17.33,0.20,4.6,0.9,-1.1,-1.2,300,1.00,0.205,0.115,0.25,,,,0,-95,-1,,,,
11.20,LIFTOFF,0.18,1.22,17.43,0.27,4.7,0.7,-1.3,-1.2,298,1.00,0.201,-0.000,0.25,,,,0,-97,-1,,,,
11.30,LIFTOFF,0.21,1.25,17.52,0.34,4.9,0.5,-1.6,-1.2,297,1.00,0.199,-0.005,0.25,,,,0,-98,-1,,,,
11.40,LIFTOFF,0.25,1.28,17.61,0.43,5.0,0.4,-2.2,-1.2,295,1.00,0.198,-0.003,0.25,,,,0,-100,-1,,,,
11.50,LIFTOFF,0.30,1.33,17.69,0.52,5.2,0.5,-3.0,-1.3,293,1.00,0.195,0.005,0.25,,,,0,-102,-1,,,,
11.60,LIFTOFF,0.35,1.38,17.77,0.61,5.4,0.7,-4.0,-1.3,292,1.00,0.190,0.015,0.25,,,,0,-103,-1,,,,
11.70,LIFTOFF,0.42,1.45,17.85,0.70,5.6,0.9,-5.1,-1.3,290,1.00,0.182,0.026,0.25,,,,0,-105,-1,,,,
11.80,LIFTOFF,0.49,1.52,17.92,0.81,5.8,1.1,-6.3,-1.3,288,1.00,0.174,0.036,0.25,,,,0,-107,-1,,,,
11.90,LIFTOFF,0.57,1.61,17.99,0.91,6.1,1.2,-7.5,-1.3,286,1.00,0.166,0.047,0.25,,,,0,-109,-1,,,,
12.00,LIFTOFF,0.67,1.70,18.06,1.03,6.4,1.3,-8.8,-1.3,285,1.00,0.158,0.056,0.25,,,,0,-110,-1,,,,
12.10,LIFTOFF,0.78,1.81,18.12,1.15,6.6,1.3,-10.1,-1.3,283,1.00,0.149,0.064,0.25,,,,0,-112,-1,,,,
12.20,LIFTOFF,0.89,1.93,18.17,1.27,7.0,1.2,-11.3,-1.3,281,1.00,0.141,0.071,0.25,,,,0,-114,-1,,,,
12.30,LIFTOFF,1.02,2.06,18.22,1.39,7.3,1.1,-12.4,-1.3,279,1.00,0.132,0.077,0.25,,,,0,-116,-1,,,,
12.40,LIFTOFF,1.17,2.20,18.26,1.52,7.6,1.0,-13.5,-1.4,278,1.00,0.122,0.082,0.25,,,,0,-117,-1,,,,
12.50,LIFTOFF,1.33,2.36,18.29,1.66,8.0,0.8,-14.5,-1.4,276,1.00,0.113,0.085,0.25,,,,0,-119,-1,,,,
12.60,LIFTOFF,1.50,2.53,18.31,1.79,8.4,0.6,-15.3,-1.4,274,1.00,0.104,0.087,0.25,,,,0,-121,-1,,,,
12.70,LIFTOFF,1.68,2.71,18.33,1.92,8.7,0.4,-16.1,-1.5,272,1.00,0.095,0.088,0.25,,,,0,-123,-1,,,,
12.80,LIFTOFF,1.88,2.91,18.34,2.05,9.1,0.2,-16.6,-1.5,271,1.00,0.087,0.088,0.25,,,,0,-124,-1,,,,
12.90,LIFTOFF,2.09,3.12,18.35,2.19,9.5,-0.1,-17.1,-1.5,269,1.00,0.079,0.087,0.25,,,,0,-126,-2,,,,
13.00,LIFTOFF,2.31,3.34,18.35,2.31,9.9,-0.3,-17.4,-1.6,267,1.00,0.072,0.085,0.25,,,,0,-128,-2,,,,
13.10,LIFTOFF,2.54,3.58,18.34,2.44,10.3,-0.5,-17.5,-1.6,265,1.00,0.065,0.082,0.25,,,,0,-130,-2,,,,
13.20,LIFTOFF,2.79,3.82,18.32,2.57,10.7,-0.7,-17.6,-1.7,264,1.00,0.059,0.079,0.25,,,,0,-131,-2,,,,
13.30,LIFTOFF,3.05,4.08,18.30,2.69,11.0,-0.9,-17.5,-1.7,262,1.00,0.053,0.075,0.25,,,,0,-133,-2,,,,
13.40,LIFTOFF,3.33,4.36,18.28,2.80,11.4,-1.1,-17.3,-1.8,260,1.00,0.047,0.071,0.25,,,,0,-135,-2,,,,
13.50,LIFTOFF,3.61,4.64,18.25,2.92,11.7,-1.3,-17.0,-1.8,258,1.00,0.043,0.067,0.25,,,,0,-137,-2,,,,
13.60,LIFTOFF,3.90,4.94,18.21,3.02,12.1,-1.4,-16.6,-1.9,257,1.00,0.038,0.062,0.25,,,,0,-138,-2,,,,
13.70,LIFTOFF,4.21,5.24,18.17,3.12,12.4,-1.5,-16.2,-1.9,255,1.00,0.034,0.058,0.25,,,,0,-140,-2,,,,
13.80,LIFTOFF,4.53,5.56,18.12,3.22,12.7,-1.6,-15.6,-1.9,253,1.00,0.030,0.054,0.25,,,,0,-142,-2,,,,
13.90,LIFTOFF,4.85,5.88,18.07,3.31,13.0,-1.6,-15.1,-2.0,251,1.00,0.027,0.050,0.25,,,,0,-144,-2,,,,
14.00,LIFTOFF,5.18,6.22,18.01,3.39,13.3,-1.6,-14.5,-2.0,250,1.00,0.024,0.047,0.25,,,,0,-145,-2,,,,
14.10,LIFTOFF,5.53,6.56,17.95,3.47,13.6,-1.6,-14.0,-2.0,248,1.00,0.021,0.044,0.25,,,,0,-147,-2,,,,
14.20,LIFTOFF,5.88,6.91,17.89,3.54,13.8,-1.6,-13.4,-2.0,246,1.00,0.018,0.041,0.25,,,,0,-149,-2,,,,
14.30,LIFTOFF,6.23,7.26,17.82,3.60,14.1,-1.5,-12.9,-2.0,245,1.00,0.016,0.039,0.25,,,,0,-150,-2,,,,
14.40,LIFTOFF,6.59,7.63,17.74,3.65,14.3,-1.4,-12.4,-2.0,243,1.00,0.014,0.038,0.25,,,,0,-152,-2,,,,
14.50,LIFTOFF,6.96,7.99,17.67,3.70,14.5,-1.3,-11.9,-2.0,241,1.00,0.012,0.037,0.25,,,,0,-154,-2,,,,
14.60,LIFTOFF,7.33,8.36,17.59,3.73,14.7,-1.1,-11.5,-2.0,240,1.00,0.011,0.037,0.25,,,,0,-155,-2,,,,
14.70,LIFTOFF,7.71,8.74,17.51,3.76,14.9,-1.0,-11.1,-2.0,238,1.00,0.009,0.037,0.25,,,,0,-157,-2,,,,
14.80,LIFTOFF,8.08,9.12,17.43,3.79,15.0,-0.8,-10.8,-2.0,236,1.00,0.008,0.038,0.25,,,,0,-159,-2,,,,
14.90,LIFTOFF,8.46,9.49,17.35,3.80,15.2,-0.6,-10.6,-2.0,235,1.00,0.008,0.039,0.25,,,,0,-160,-2,,,,
15.00,LIFTOFF,8.84,9.87,17.26,3.81,15.3,-0.4,-10.4,-1.9,233,1.00,0.007,0.041,0.25,,,,0,-162,-2,,,,
15.10,LIFTOFF,9.22,10.26,17.18,3.81,15.5,-0.2,-10.3,-1.9,232,1.00,0.007,0.043,0.25,,,,0,-163,-2,,,,
15.20,LIFTOFF,9.61,10.64,17.09,3.81,15.6,-0.1,-10.3,-1.9,230,1.00,0.006,0.045,0.25,,,,0,-165,-2,,,,
15.30,LIFTOFF,9.99,11.02,17.00,3.80,15.7,0.1,-10.3,-1.8,228,1.00,0.006,0.048,0.25,,,,0,-167,-2,,,,
15.40,LIFTOFF,10.37,11.40,16.92,3.79,15.8,0.3,-10.4,-1.8,227,1.00,0.006,0.050,0.25,,,,0,-168,-2,,,,
15.50,LIFTOFF,10.74,11.78,16.83,3.77,15.8,0.5,-10.6,-1.7,225,1.00,0.007,0.053,0.25,,,,0,-170,-2,,,,
15.60,LIFTOFF,11.12,12.15,16.75,3.75,15.9,0.7,-10.7,-1.7,224,1.00,0.007,0.057,0.25,,,,0,-171,-2,,,,
15.70,LIFTOFF,11.50,12.53,16.66,3.72,16.0,0.8,-11.0,-1.6,222,1.00,0.008,0.060,0.25,,,,0,-173,-2,,,,
15.80,LIFTOFF,11.87,12.90,16.58,3.70,16.0,1.0,-11.2,-1.6,221,1.00,0.008,0.063,0.25,,,,0,-174,-2,,,,
15.90,LIFTOFF,12.24,13.27,16.50,3.66,16.0,1.1,-11.5,-1.5,219,1.00,0.009,0.066,0.25,,,,0,-176,-2,,,,
16.00,LIFTOFF,12.60,13.63,16.41,3.63,16.1,1.2,-11.8,-1.5,217,1.00,0.010,0.069,0.25,,,,0,-178,-1,,,,
16.10,LIFTOFF,12.96,13.99,16.33,3.59,16.1,1.3,-12.2,-1.4,216,1.00,0.011,0.072,0.25,,,,0,-179,-1,,,,
16.20,LIFTOFF,13.32,14.35,16.26,3.55,16.1,1.4,-12.5,-1.4,214,1.00,0.011,0.074,0.25,,,,0,-181,-1,,,,
16.30,LIFTOFF,13.67,14.71,16.18,3.51,16.1,1.5,-12.8,-1.3,213,1.00,0.013,0.076,0.25,,,,0,-182,-1,,,,
16.40,LIFTOFF,14.02,15.06,16.10,3.47,16.1,1.5,-13.2,-1.3,211,1.00,0.004,0.079,0.25,,,,0,-184,-1,,,,
16.50,LIFTOFF,14.37,15.40,16.03,3.44,16.0,1.5,-13.5,-1.2,210,1.00,-0.045,0.080,0.25,,,,0,-185,-1,,,,
16.60,LIFTOFF,14.71,15.75,15.95,3.40,15.8,1.6,-13.8,-1.2,208,1.00,-0.078,0.082,0.25,,,,0,-187,-1,,,,
16.70,LIFTOFF,15.05,16.08,15.88,3.35,15.4,1.6,-14.1,-1.1,207,1.00,-0.096,0.084,0.25,,,,0,-188,-1,,,,
16.80,LIFTOFF,15.38,16.42,15.82,3.27,14.8,1.5,-14.3,-1.1,205,1.00,-0.057,0.085,0.25,,,,0,-190,-1,,,,
16.90,LIFTOFF,15.71,16.74,15.77,3.16,14.2,1.5,-14.6,-1.0,204,1.00,-0.028,0.087,0.25,,,,0,-191,-1,,,,
17.00,LIFTOFF,16.02,17.05,15.73,3.02,13.6,1.4,-14.8,-1.0,203,1.00,-0.020,0.089,0.25,,,,0,-192,-1,,,,
17.10,LIFTOFF,16.32,17.35,15.70,2.89,13.1,1.4,-15.0,-0.9,201,1.00,-0.024,0.090,0.25,,,,0,-194,-1,,,,
17.20,LIFTOFF,16.60,17.63,15.67,2.75,12.7,1.3,-15.1,-0.9,200,1.00,-0.030,0.090,0.25,,,,0,-195,-1,,,,
17.30,LIFTOFF,16.87,17.90,15.65,2.63,12.3,1.2,-15.3,-0.8,198,1.00,-0.034,0.090,0.25,,,,0,-197,-1,,,,
17.40,LIFTOFF,17.13,18.16,15.64,2.51,12.0,1.1,-15.4,-0.8,197,1.00,-0.034,0.089,0.25,,,,0,-198,-1,,,,
17.50,LIFTOFF,17.38,18.41,15.64,2.39,11.6,0.9,-15.5,-0.8,195,1.00,-0.032,0.089,0.25,,,,0,-200,-1,,,,
17.60,LIFTOFF,17.61,18.65,15.64,2.28,11.3,0.8,-15.6,-0.7,194,1.00,-0.027,0.088,0.25,,,,0,-201,-1,,,,
17.70,LIFTOFF,17.84,18.87,15.64,2.17,10.9,0.7,-15.6,-0.7,192,1.00,-0.023,0.088,0.25,,,,0,-203,-1,,,,
17.80,LIFTOFF,18.05,19.08,15.65,2.07,10.6,0.6,-15.7,-0.7,191,1.00,-0.020,0.087,0.25,,,,0,-204,-1,,,,
17.90,LIFTOFF,18.25,19.29,15.67,1.97,10.3,0.5,-15.7,-0.6,189,1.00,-0.017,0.086,0.25,,,,0,-206,-1,,,,
18.00,LIFTOFF,18.45,19.48,15.69,1.88,10.0,0.5,-15.7,-0.6,188,1.00,-0.014,0.085,0.25,,,,0,-207,-1,,,,
18.10,LIFTOFF,18.63,19.67,15.72,1.79,9.7,0.4,-15.7,-0.6,186,1.00,-0.012,0.084,0.25,,,,0,-209,-1,,,,
18.20,LIFTOFF,18.81,19.84,15.75,1.70,9.5,0.3,-15.7,-0.6,185,1.00,-0.009,0.083,0.25,,,,0,-210,-1,,,,
18.30,LIFTOFF,18.98,20.01,15.79,1.62,9.2,0.2,-15.6,-0.5,183,1.00,-0.007,0.083,0.25,,,,0,-212,-1,,,,
18.40,LIFTOFF,19.14,20.17,15.83,1.55,8.9,0.2,-15.6,-0.5,182,1.00,-0.005,0.082,0.25,,,,0,-213,-1,,,,
18.50,LIFTOFF,19.29,20.32,15.87,1.48,8.7,0.1,-15.5,-0.5,181,1.00,-0.003,0.081,0.25,,,,0,-214,-1,,,,
18.60,LIFTOFF,19.43,20.47,15.92,1.42,8.5,0.0,-15.5,-0.5,179,1.00,-0.001,0.080,0.25,,,,0,-216,-0,,,,
18.70,LIFTOFF,19.57,20.61,15.97,1.36,8.2,-0.0,-15.4,-0.5,178,1.00,0.000,0.079,0.25,,,,0,-217,-0,,,,
18.80,LIFTOFF,19.71,20.74,16.03,1.30,8.0,-0.1,-15.4,-0.5,176,1.00,0.002,0.078,0.25,,,,0,-219,-0,,,,
18.90,LIFTOFF,19.84,20.87,16.08,1.25,7.8,-0.1,-15.3,-0.4,175,1.00,0.003,0.078,0.25,,,,0,-220,-0,,,,
19.00,LIFTOFF,19.96,20.99,16.14,1.21,7.6,-0.1,-15.3,-0.4,173,1.00,0.004,0.077,0.25,,,,0,-222,-0,,,,
19.10,LIFTOFF,20.08,21.11,16.20,1.17,7.5,-0.2,-15.2,-0.4,171,1.00,0.005,0.076,0.25,,,,0,-224,-0,,,,
19.20,LIFTOFF,20.20,21.23,16.26,1.13,7.3,-0.2,-15.2,-0.4,170,1.00,0.005,0.076,0.25,,,,0,-225,-0,,,,
19.30,LIFTOFF,20.31,21.34,16.33,1.10,7.1,-0.2,-15.2,-0.4,168,1.00,0.006,0.075,0.25,,,,0,-227,-0,,,,
19.40,LIFTOFF,20.42,21.45,16.39,1.07,7.0,-0.2,-15.1,-0.4,167,1.00,0.006,0.075,0.25,,,,0,-228,-0,,,,
19.50,LIFTOFF,20.52,21.55,16.46,1.04,6.9,-0.2,-15.1,-0.4,165,1.00,0.006,0.075,0.25,,,,0,-230,-0,,,,
19.60,LIFTOFF,20.63,21.66,16.53,1.02,6.7,-0.2,-15.1,-0.4,164,1.00,0.006,0.074,0.25,,,,0,-231,-0,,,,
19.70,LIFTOFF,20.73,21.76,16.60,1.01,6.6,-0.3,-15.1,-0.4,162,1.00,0.006,0.074,0.25,,,,0,-233,-0,,,,
19.80,LIFTOFF,20.83,21.86,16.67,1.00,6.5,-0.3,-15.1,-0.4,161,1.00,0.006,0.074,0.25,,,,0,-234,-0,,,,
19.90,LIFTOFF,20.93,21.96,16.74,0.99,6.4,-0.3,-15.1,-0.4,159,1.00,0.005,0.074,0.25,,,,0,-236,-0,,,,
20.00,LIFTOFF,21.03,22.06,16.81,0.98,6.3,-0.3,-15.1,-0.4,158,1.00,0.004,0.074,0.25,,,,0,-237,-0,,,,
20.10,LIFTOFF,21.12,22.16,16.88,0.98,6.2,-0.3,-15.1,-0.4,156,1.00,0.004,0.074,0.25,,,,0,-239,-0,,,,
20.20,LIFTOFF,21.22,22.25,16.95,0.98,6.2,-0.3,-15.1,-0.4,154,1.00,0.003,0.073,0.25,,,,0,-241,-0,,,,
20.30,LIFTOFF,21.32,22.35,17.02,0.99,6.1,-0.3,-15.1,-0.4,153,1.00,0.002,0.073,0.25,,,,0,-242,-0,,,,
20.40,LIFTOFF,21.42,22.45,17.09,0.99,6.1,-0.3,-15.1,-0.4,151,1.00,0.001,0.073,0.25,,,,0,-244,-0,,,,
20.50,LIFTOFF,21.52,22.55,17.16,1.01,6.0,-0.3,-15.1,-0.4,150,1.00,-0.000,0.073,0.25,,,,0,-245,-0,,,,
20.60,LIFTOFF,21.62,22.65,17.23,1.02,6.0,-0.3,-15.2,-0.4,148,1.00,-0.001,0.073,0.25,,,,0,-247,-0,,,,
20.70,LIFTOFF,21.72,22.75,17.30,1.03,6.0,-0.3,-15.2,-0.4,146,1.00,-0.002,0.073,0.25,,,,0,-249,-0,,,,
20.80,LIFTOFF,21.83,22.86,17.37,1.05,5.9,-0.4,-15.2,-0.4,145,1.00,-0.004,0.073,0.25,,,,0,-250,-0,,,,
20.90,LIFTOFF,21.93,22.96,17.43,1.07,5.9,-0.4,-15.2,-0.4,143,1.00,-0.005,0.073,0.25,,,,0,-252,-0,,,,
21.00,LIFTOFF,22.04,23.07,17.50,1.09,5.9,-0.4,-15.2,-0.4,141,1.00,-0.006,0.073,0.25,,,,0,-254,-0,,,,
21.10,LIFTOFF,22.15,23.18,17.56,1.12,5.9,-0.4,-15.3,-0.4,140,1.00,-0.008,0.073,0.25,,,,0,-255,-0,,,,
21.20,LIFTOFF,22.26,23.30,17.63,1.14,5.9,-0.4,-15.3,-0.4,138,1.00,-0.009,0.072,0.25,,,,0,-257,-0,,,,
21.30,LIFTOFF,22.38,23.41,17.69,1.17,5.9,-0.4,-15.3,-0.4,136,1.00,-0.011,0.072,0.25,,,,0,-259,-0,,,,
21.40,LIFTOFF,22.50,23.53,17.75,1.20,5.9,-0.4,-15.3,-0.4,135,1.00,-0.012,0.072,0.25,,,,0,-260,-0,,,,
21.50,LIFTOFF,22.62,23.65,17.81,1.23,5.9,-0.4,-15.3,-0.4,133,1.00,-0.014,0.072,0.25,,,,0,-262,-0,,,,
21.60,LIFTOFF,22.74,23.77,17.86,1.26,6.0,-0.5,-15.3,-0.4,131,1.00,-0.015,0.072,0.25,,,,0,-264,-0,,,,
21.70,LIFTOFF,22.87,23.90,17.92,1.29,6.0,-0.5,-15.3,-0.4,130,1.00,-0.017,0.071,0.25,,,,0,-265,-0,,,,
21.80,LIFTOFF,23.00,24.03,17.98,1.33,6.0,-0.5,-15.3,-0.5,128,1.00,-0.018,0.071,0.25,,,,0,-267,-0,,,,
21.90,LIFTOFF,23.13,24.16,18.03,1.36,6.0,-0.5,-15.3,-0.5,126,1.00,-0.020,0.071,0.25,,,,0,-269,-0,,,,
22.00,LIFTOFF,23.27,24.30,18.08,1.39,6.1,-0.5,-15.3,-0.5,125,1.00,-0.022,0.071,0.25,,,,0,-270,-0,,,,
22.10,LIFTOFF,23.41,24.44,18.13,1.43,6.1,-0.5,-15.2,-0.5,123,1.00,-0.023,0.070,0.25,,,,0,-272,-0,,,,
22.20,LIFTOFF,23.55,24.59,18.18,1.46,6.1,-0.5,-15.2,-0.5,121,1.00,-0.025,0.070,0.25,,,,0,-274,-0,,,,
22.30,LIFTOFF,23.70,24.73,18.23,1.50,6.2,-0.5,-15.2,-0.5,119,1.00,-0.026,0.070,0.25,,,,0,-276,-1,,,,
22.40,LIFTOFF,23.85,24.89,18.27,1.53,6.2,-0.5,-15.2,-0.5,118,1.00,-0.028,0.070,0.25,,,,0,-277,-1,,,,
22.50,LIFTOFF,24.01,25.04,18.31,1.57,6.3,-0.5,-15.1,-0.5,116,1.00,-0.029,0.069,0.25,,,,0,-279,-1,,,,
22.60,LIFTOFF,24.17,25.20,18.36,1.60,6.3,-0.5,-15.1,-0.5,114,1.00,-0.031,0.069,0.25,,,,0,-281,-1,,,,
22.70,LIFTOFF,24.33,25.36,18.40,1.64,6.3,-0.5,-15.1,-0.6,112,1.00,-0.032,0.069,0.25,,,,0,-283,-1,,,,
22.80,LIFTOFF,24.49,25.52,18.44,1.67,6.4,-0.5,-15.1,-0.6,111,1.00,-0.034,0.069,0.25,,,,0,-284,-1,,,,
22.90,LIFTOFF,24.66,25.69,18.47,1.71,6.4,-0.5,-15.0,-0.6,109,1.00,-0.035,0.069,0.25,,,,0,-286,-1,,,,
23.00,LIFTOFF,24.83,25.87,18.51,1.74,6.5,-0.5,-15.0,-0.6,107,1.00,-0.036,0.068,0.25,,,,0,-288,-1,,,,
23.10,LIFTOFF,25.01,26.04,18.54,1.78,6.5,-0.5,-15.0,-0.6,105,1.00,-0.038,0.068,0.25,,,,0,-290,-1,,,,
23.20,LIFTOFF,25.19,26.22,18.58,1.81,6.6,-0.5,-14.9,-0.6,104,1.00,-0.039,0.068,0.25,,,,0,-291,-1,,,,
23.30,LIFTOFF,25.37,26.40,18.61,1.84,6.6,-0.5,-14.9,-0.6,102,1.00,-0.040,0.068,0.25,,,,0,-293,-1,,,,
23.40,LIFTOFF,25.55,26.59,18.64,1.88,6.6,-0.5,-14.9,-0.6,100,1.00,-0.042,0.068,0.25,,,,0,-295,-1,,,,
23.50,LIFTOFF,25.74,26.78,18.67,1.91,6.7,-0.4,-14.8,-0.6,98,1.00,-0.043,0.068,0.25,,,,0,-297,-1,,,,
23.60,LIFTOFF,25.94,26.97,18.69,1.94,6.7,-0.4,-14.8,-0.6,97,1.00,-0.044,0.068,0.25,,,,0,-298,-1,,,,
23.70,LIFTOFF,26.13,27.16,18.72,1.97,6.8,-0.4,-14.8,-0.7,95,1.00,-0.045,0.068,0.25,,,,0,-300,-1,,,,
23.80,LIFTOFF,26.33,27.36,18.75,2.00,6.8,-0.4,-14.8,-0.7,93,1.00,-0.047,0.068,0.25,,,,0,-302,-1,,,,
23.90,LIFTOFF,26.53,27.56,18.77,2.03,6.8,-0.4,-14.7,-0.7,91,1.00,-0.048,0.068,0.25,,,,0,-304,-1,,,,
24.00,LIFTOFF,26.73,27.76,18.79,2.05,6.9,-0.4,-14.7,-0.7,90,1.00,-0.049,0.068,0.25,,,,0,-305,-1,,,,
24.10,LIFTOFF,26.94,27.97,18.81,2.08,6.9,-0.4,-14.7,-0.7,88,1.00,-0.050,0.068,0.25,,,,0,-307,-1,,,,
24.20,LIFTOFF,27.15,28.18,18.83,2.11,7.0,-0.4,-14.7,-0.7,86,1.00,-0.051,0.068,0.25,,,,0,-309,-1,,,,
24.30,LIFTOFF,27.36,28.39,18.85,2.13,7.0,-0.3,-14.7,-0.7,84,1.00,-0.052,0.068,0.25,,,,0,-311,-1,,,,
24.40,LIFTOFF,27.57,28.61,18.87,2.16,7.0,-0.3,-14.7,-0.7,82,1.00,-0.053,0.068,0.25,,,,0,-313,-1,,,,
24.50,LIFTOFF,27.79,28.82,18.89,2.18,7.1,-0.3,-14.7,-0.7,81,1.00,-0.054,0.069,0.25,,,,0,-314,-1,,,,
24.60,CLIMB,28.01,29.04,18.90,2.20,7.1,-0.3,-14.7,-0.7,79,1.00,-0.055,0.069,0.25,,,,0,-316,-1,,,,
24.70,CLIMB,28.23,29.26,18.92,2.21,7.1,-0.3,-14.7,-0.7,77,1.00,-0.004,0.069,0.24,,,,0,-318,-1,3.13,24.3,1.05,0.159
24.80,CLIMB,28.45,29.48,18.94,2.21,7.3,-0.3,-14.6,-0.7,75,1.00,0.031,0.069,0.22,,,,0,-320,-1,3.13,24.3,1.10,0.150
24.90,CLIMB,28.67,29.70,18.96,2.22,7.7,-0.3,-14.6,-0.7,73,1.00,0.015,0.069,0.21,,,,0,-322,-1,3.13,24.3,1.15,0.140
25.00,CLIMB,28.89,29.93,18.97,2.27,8.2,-0.3,-14.6,-0.7,72,1.00,-0.026,0.069,0.19,,,,0,-323,-1,3.13,24.3,1.20,0.129
25.10,CLIMB,29.12,30.16,18.98,2.34,8.6,-0.3,-14.6,-0.7,70,1.00,-0.042,0.068,0.18,,,,0,-325,-1,3.13,24.3,1.25,0.117
25.20,CLIMB,29.36,30.39,18.98,2.40,8.8,-0.3,-14.6,-0.7,68,1.00,-0.038,0.068,0.17,,,,0,-327,-1,3.13,24.3,1.30,0.105
25.30,CLIMB,29.60,30.63,18.99,2.45,8.9,-0.2,-14.6,-0.7,66,1.00,-0.028,0.069,0.15,,,,0,-329,-1,3.13,24.3,1.35,0.094
25.40,CLIMB,29.85,30.88,19.00,2.47,8.8,-0.2,-14.6,-0.7,65,1.00,-0.020,0.069,0.14,,,,0,-330,-1,3.13,24.3,1.40,0.083
25.50,CLIMB,30.10,31.13,19.01,2.48,8.7,-0.2,-14.6,-0.7,63,1.00,-0.018,0.070,0.12,,,,0,-332,-1,3.13,24.3,1.45,0.073
25.60,CLIMB,30.34,31.38,19.02,2.47,8.6,-0.2,-14.6,-0.7,61,1.00,-0.019,0.070,0.11,,,,0,-334,-1,3.13,24.3,1.50,0.063
25.70,CLIMB,30.59,31.62,19.04,2.44,8.5,-0.2,-14.6,-0.7,59,1.00,-0.022,0.070,0.10,,,,0,-336,-1,3.13,24.3,1.55,0.053
25.80,CLIMB,30.83,31.86,19.06,2.40,8.3,-0.2,-14.6,-0.7,57,1.00,-0.023,0.071,0.08,,,,0,-338,-1,3.13,24.3,1.60,0.044
25.90,CLIMB,31.07,32.10,19.09,2.36,8.1,-0.2,-14.5,-0.7,56,1.00,-0.024,0.071,0.07,,,,0,-339,-1,3.13,24.3,1.65,0.034
26.00,CLIMB,31.30,32.34,19.12,2.29,7.9,-0.2,-14.5,-0.7,54,1.00,-0.023,0.071,0.05,,,,0,-341,-1,3.13,24.3,1.70,0.025
26.10,CLIMB,31.53,32.56,19.16,2.22,7.6,-0.3,-14.5,-0.7,52,1.00,-0.022,0.072,0.04,,,,0,-343,-1,3.13,24.3,1.75,0.015
26.20,CLIMB,31.75,32.78,19.20,2.14,7.3,-0.3,-14.5,-0.7,50,1.00,-0.022,0.072,0.03,,,,0,-345,-1,3.13,24.3,1.80,0.006
26.30,CLIMB,31.96,32.99,19.25,2.04,6.9,-0.3,-14.5,-0.7,48,1.00,-0.021,0.072,0.01,,,,0,-347,-1,3.13,24.3,1.85,-0.004
26.40,CLIMB,32.16,33.19,19.31,1.94,6.6,-0.4,-14.5,-0.7,46,1.00,-0.020,0.072,0.00,,,,0,-349,-1,3.13,24.3,1.90,-0.013
26.50,CLIMB,32.35,33.38,19.37,1.83,6.2,-0.4,-14.5,-0.7,45,1.00,-0.019,0.072,0.00,,,,0,-350,-1,3.13,24.3,1.95,-0.023
26.60,CLIMB,32.53,33.56,19.44,1.72,5.8,-0.4,-14.5,-0.7,43,1.00,-0.034,0.072,0.00,,,,0,-352,-1,3.13,24.3,2.00,-0.180
26.70,CLIMB,32.70,33.73,19.51,1.62,5.3,-0.5,-14.5,-0.7,41,1.00,-0.074,0.072,0.00,,,,0,-354,-1,3.13,24.3,2.00,-0.180
26.80,CLIMB,32.86,33.89,19.59,1.52,4.7,-0.5,-14.5,-0.7,39,1.00,-0.097,0.072,0.00,,,,0,-356,-1,3.13,24.3,2.00,-0.180
26.90,CLIMB,33.01,34.04,19.68,1.38,3.9,-0.6,-14.5,-0.7,37,1.00,-0.088,0.072,0.00,,,,0,-358,-1,3.13,24.3,2.00,-0.180
27.00,CLIMB,33.14,34.17,19.78,1.21,3.0,-0.6,-14.5,-0.7,35,1.00,-0.050,0.073,0.00,,,,0,-360,-1,3.13,24.3,2.00,-0.180
27.10,CLIMB,33.25,34.29,19.89,1.00,2.1,-0.7,-14.5,-0.7,33,1.00,-0.034,0.073,0.00,,,,0,-362,-1,3.13,24.3,2.00,-0.180
27.20,CLIMB,33.35,34.38,20.01,0.79,1.4,-0.8,-14.5,-0.7,32,1.00,-0.037,0.073,0.00,,,,0,-363,-1,3.13,24.3,2.00,-0.180
27.30,CLIMB,33.42,34.45,20.14,0.59,0.8,-0.8,-14.5,-0.7,30,1.00,-0.039,0.073,0.00,,,,0,-365,-1,3.13,24.3,2.00,-0.173
27.40,CLIMB,33.47,34.50,20.28,0.39,0.3,-0.9,-14.5,-0.7,28,1.00,-0.036,0.072,0.00,,,,0,-367,-1,3.13,24.3,2.00,-0.164
27.50,CLIMB,33.50,34.54,20.43,0.22,-0.2,-1.0,-14.5,-0.7,26,1.00,-0.032,0.072,0.00,,,,0,-369,-1,3.13,24.3,2.00,-0.153
27.60,CLIMB,33.52,34.55,20.58,0.06,-0.5,-1.1,-14.5,-0.8,24,1.00,-0.026,0.071,0.00,,,,0,-371,-1,3.13,24.3,2.00,-0.142
27.70,CLIMB,33.52,34.55,20.74,-0.09,-0.8,-1.1,-14.5,-0.8,22,1.00,-0.020,0.070,0.00,,,,0,-373,-1,3.13,24.3,2.00,-0.130
27.80,CLIMB,33.51,34.54,20.90,-0.21,-1.1,-1.2,-14.4,-0.8,20,1.00,-0.014,0.070,0.00,,,,0,-375,-1,3.13,24.3,2.00,-0.118
27.90,CLIMB,33.48,34.51,21.07,-0.32,-1.3,-1.2,-14.4,-0.8,18,1.00,-0.008,0.069,0.00,,,,0,-377,-1,3.13,24.3,2.00,-0.105
28.00,CLIMB,33.45,34.48,21.23,-0.40,-1.4,-1.3,-14.4,-0.9,16,1.00,-0.003,0.068,0.00,,,,0,-379,-1,3.13,24.3,2.00,-0.092
28.10,CLIMB,33.41,34.44,21.40,-0.47,-1.5,-1.3,-14.4,-0.9,14,1.00,0.002,0.068,0.00,,,,0,-381,-1,3.13,24.3,2.00,-0.079
28.20,CLIMB,33.36,34.39,21.56,-0.51,-1.5,-1.4,-14.3,-0.9,12,1.00,0.007,0.067,0.00,,,,0,-383,-1,3.13,24.3,2.00,-0.066
28.30,CLIMB,33.30,34.34,21.73,-0.54,-1.5,-1.4,-14.3,-0.9,10,1.00,0.011,0.066,0.00,,,,0,-385,-1,3.13,24.3,2.00,-0.054
28.40,CLIMB,33.25,34.28,21.89,-0.54,-1.4,-1.5,-14.3,-1.0,8,1.00,0.015,0.065,0.00,,,,0,-387,-1,3.13,24.3,2.00,-0.041
28.50,CLIMB,33.20,34.23,22.05,-0.52,-1.3,-1.5,-14.2,-1.0,5,1.00,0.018,0.065,0.00,,,,0,-390,-1,3.13,24.3,2.00,-0.029
28.60,CLIMB,33.15,34.18,22.21,-0.49,-1.2,-1.5,-14.1,-1.1,3,1.00,0.022,0.064,0.00,,,,0,-392,-1,3.13,24.3,2.00,-0.017
28.70,CLIMB,33.10,34.13,22.36,-0.44,-1.0,-1.5,-14.1,-1.1,1,1.00,0.024,0.063,0.00,,,,0,-394,-1,3.13,24.3,2.00,-0.005
28.80,CLIMB,33.06,34.09,22.51,-0.37,-0.8,-1.5,-14.0,-1.1,-1,1.00,0.026,0.062,0.00,,,,0,-396,-1,3.13,24.3,2.00,0.006
28.90,CLIMB,33.02,34.05,22.66,-0.29,-0.5,-1.6,-14.0,-1.2,-3,1.00,0.028,0.061,0.00,,,,0,-398,-1,3.13,24.3,2.00,0.016
29.00,CLIMB,33.00,34.03,22.79,-0.19,-0.3,-1.6,-13.9,-1.2,-5,1.00,0.029,0.061,0.00,,,,0,-400,-1,3.13,24.3,2.00,0.026
29.10,CLIMB,32.98,34.01,22.93,-0.08,0.0,-1.6,-13.8,-1.2,-8,1.00,0.030,0.060,0.00,,,,0,-403,-1,3.13,24.3,2.00,0.035
29.20,CLIMB,32.98,34.01,23.05,0.05,0.3,-1.5,-13.7,-1.3,-10,1.00,0.030,0.059,0.00,,,,0,-405,-1,3.13,24.3,2.00,0.044
29.30,CLIMB,32.99,34.02,23.17,0.18,0.6,-1.5,-13.7,-1.3,-12,1.00,0.030,0.059,0.00,,,,0,-407,-1,3.13,24.3,2.00,0.051
29.40,CLIMB,33.01,34.04,23.28,0.32,0.9,-1.5,-13.6,-1.4,-14,1.00,0.030,0.058,0.00,,,,0,-409,-1,3.13,24.3,2.00,0.058
29.50,CLIMB,33.05,34.08,23.39,0.46,1.3,-1.5,-13.5,-1.4,-16,1.00,0.061,0.057,0.00,,,,0,-411,-1,3.13,24.3,1.96,0.170
29.60,CLIMB,33.10,34.13,23.48,0.61,1.7,-1.5,-13.4,-1.4,-19,1.00,0.094,0.057,0.00,,,,0,-414,-1,3.13,24.3,1.91,0.170
29.70,CLIMB,33.16,34.20,23.57,0.78,2.4,-1.5,-13.3,-1.5,-21,1.00,0.078,0.056,0.00,,,,0,-416,-1,3.13,24.3,1.86,0.170
29.80,CLIMB,33.25,34.28,23.64,1.02,3.2,-1.4,-13.2,-1.5,-23,1.00,0.042,0.055,0.00,,,,0,-418,-2,3.13,24.3,1.81,0.170
29.90,CLIMB,33.36,34.39,23.71,1.28,3.9,-1.4,-13.1,-1.5,-26,1.00,0.031,0.055,0.00,,,,0,-421,-2,3.13,24.3,1.76,0.170
30.00,CLIMB,33.50,34.53,23.76,1.54,4.4,-1.3,-13.0,-1.6,-28,1.00,0.037,0.054,0.00,,,,0,-423,-2,3.13,24.3,1.71,0.170
30.10,CLIMB,33.66,34.69,23.80,1.79,4.9,-1.3,-13.0,-1.6,-30,1.00,0.045,0.054,0.00,,,,0,-425,-2,3.13,24.3,1.66,0.170
30.20,CLIMB,33.85,34.88,23.84,2.02,5.3,-1.2,-12.9,-1.6,-32,1.00,0.045,0.054,0.00,,,,0,-427,-2,3.13,24.3,1.61,0.170
30.30,CLIMB,34.05,35.09,23.86,2.25,5.8,-1.2,-12.8,-1.6,-35,1.00,0.040,0.054,0.00,,,,0,-430,-2,3.13,24.3,1.56,0.170
30.40,CLIMB,34.29,35.32,23.88,2.46,6.2,-1.1,-12.7,-1.6,-37,1.00,0.034,0.054,0.00,,,,0,-432,-2,3.13,24.3,1.51,0.170
30.50,CLIMB,34.54,35.57,23.89,2.67,6.6,-1.0,-12.7,-1.7,-39,1.00,0.030,0.054,0.00,,,,0,-434,-2,3.13,24.3,1.46,0.170
30.60,CLIMB,34.81,35.85,23.89,2.87,7.0,-1.0,-12.6,-1.7,-42,1.00,0.023,0.054,0.00,,,,0,-437,-2,3.13,24.3,1.41,0.167
30.70,CLIMB,35.11,36.14,23.89,3.07,7.4,-0.9,-12.6,-1.7,-44,1.00,0.012,0.054,0.00,,,,0,-439,-2,3.13,24.3,1.36,0.157
30.80,CLIMB,35.42,36.45,23.88,3.24,7.7,-0.9,-12.5,-1.7,-46,1.00,0.005,0.054,0.00,,,,0,-441,-2,3.13,24.3,1.31,0.147
30.90,CLIMB,35.75,36.78,23.86,3.40,7.9,-0.8,-12.5,-1.7,-49,1.00,-0.000,0.055,0.00,,,,0,-444,-2,3.13,24.3,1.26,0.137
31.00,CLIMB,36.10,37.13,23.84,3.54,8.1,-0.7,-12.4,-1.7,-51,1.00,-0.004,0.055,0.00,,,,0,-446,-2,3.13,24.3,1.21,0.127
31.10,CLIMB,36.45,37.49,23.82,3.65,8.2,-0.7,-12.4,-1.7,-53,1.00,-0.009,0.056,0.00,,,,0,-448,-2,3.13,24.3,1.16,0.117
31.20,CLIMB,36.82,37.85,23.80,3.75,8.3,-0.6,-12.4,-1.7,-55,1.00,-0.014,0.056,0.00,,,,0,-450,-2,3.13,24.3,1.11,0.107
31.30,CLIMB,37.20,38.23,23.77,3.83,8.3,-0.6,-12.3,-1.7,-58,1.00,-0.019,0.057,0.00,,,,0,-453,-2,3.13,24.3,1.06,0.098
31.40,CLIMB,37.59,38.62,23.74,3.89,8.4,-0.6,-12.3,-1.7,-60,1.00,-0.024,0.057,0.00,,,,0,-455,-2,3.13,24.3,1.01,0.090
31.50,CLIMB,37.98,39.01,23.72,3.94,8.4,-0.5,-12.3,-1.6,-62,1.00,-0.025,0.058,0.00,,,,0,-457,-2,3.13,24.3,1.00,0.084
31.60,CLIMB,38.37,39.40,23.69,3.97,8.4,-0.5,-12.3,-1.6,-64,1.00,-0.027,0.058,0.00,,,,0,-459,-2,3.13,24.3,1.00,0.080
31.70,CLIMB,38.77,39.80,23.66,3.99,8.4,-0.5,-12.3,-1.6,-67,1.00,-0.029,0.059,0.00,,,,0,-462,-2,3.13,24.3,1.00,0.075
31.80,CLIMB,39.17,40.20,23.63,4.00,8.3,-0.4,-12.3,-1.6,-69,1.00,-0.032,0.059,0.00,,,,0,-464,-2,3.13,24.3,1.00,0.071
31.90,CLIMB,39.57,40.60,23.60,4.00,8.3,-0.4,-12.3,-1.6,-71,1.00,-0.034,0.060,0.00,,,,0,-466,-2,3.13,24.3,1.00,0.068
32.00,CLIMB,39.97,41.00,23.57,4.00,8.3,-0.4,-12.2,-1.6,-73,1.00,-0.035,0.060,0.00,,,,0,-468,-2,3.13,24.3,1.00,0.065
32.10,CLIMB,40.37,41.40,23.55,3.99,8.2,-0.4,-12.2,-1.5,-76,1.00,-0.036,0.060,0.00,,,,0,-471,-2,3.13,24.3,1.00,0.062
32.20,CLIMB,40.77,41.80,23.52,3.97,8.2,-0.3,-12.2,-1.5,-78,1.00,-0.037,0.061,0.00,,,,0,-473,-2,3.13,24.3,1.00,0.060
32.30,CLIMB,41.16,42.19,23.50,3.95,8.1,-0.3,-12.2,-1.5,-80,1.00,-0.038,0.061,0.00,,,,0,-475,-1,3.13,24.3,1.00,0.057
32.40,CLIMB,41.56,42.59,23.47,3.93,8.0,-0.3,-12.2,-1.4,-82,1.00,-0.038,0.061,0.00,,,,0,-477,-1,3.13,24.3,1.00,0.055
32.50,CLIMB,41.95,42.98,23.45,3.90,8.0,-0.3,-12.2,-1.4,-85,1.00,-0.038,0.062,0.00,,,,0,-480,-1,3.13,24.3,1.00,0.054
32.60,CLIMB,42.34,43.37,23.43,3.87,7.9,-0.3,-12.2,-1.4,-87,1.00,-0.039,0.062,0.00,,,,0,-482,-1,3.13,24.3,1.00,0.052
32.70,CLIMB,42.72,43.76,23.41,3.84,7.8,-0.2,-12.2,-1.4,-89,1.00,-0.039,0.062,0.00,,,,0,-484,-1,3.13,24.3,1.00,0.051
32.80,CLIMB,43.11,44.14,23.39,3.81,7.8,-0.2,-12.1,-1.3,-91,1.00,-0.039,0.062,0.00,,,,0,-486,-1,3.13,24.3,1.00,0.050
32.90,CLIMB,43.49,44.52,23.37,3.77,7.7,-0.2,-12.1,-1.3,-94,1.00,-0.039,0.062,0.00,,,,0,-489,-1,3.13,24.3,1.00,0.049
33.00,CLIMB,43.86,44.89,23.36,3.74,7.6,-0.2,-12.1,-1.2,-96,1.00,-0.039,0.063,0.00,,,,0,-491,-1,3.13,24.3,1.00,0.048
33.10,CLIMB,44.24,45.27,23.34,3.70,7.5,-0.2,-12.1,-1.2,-98,1.00,-0.038,0.063,0.00,,,,0,-493,-1,3.13,24.3,1.00,0.047
33.20,CLIMB,44.60,45.64,23.33,3.67,7.5,-0.1,-12.0,-1.2,-100,1.00,-0.038,0.063,0.00,,,,0,-495,-1,3.13,24.3,1.00,0.047
33.30,CLIMB,44.97,46.00,23.32,3.63,7.4,-0.1,-12.0,-1.1,-103,1.00,-0.038,0.063,0.00,,,,0,-498,-1,3.13,24.3,1.00,0.047
33.40,CLIMB,45.33,46.36,23.31,3.60,7.3,-0.1,-12.0,-1.1,-105,1.00,-0.037,0.063,0.00,,,,0,-500,-1,3.13,24.3,1.02,0.046
33.50,CLIMB,45.69,46.72,23.30,3.56,7.2,-0.1,-12.0,-1.1,-107,1.00,-0.038,0.063,0.00,,,,0,-502,-1,3.13,24.3,1.07,0.046
33.60,CLIMB,46.05,47.08,23.29,3.53,7.2,-0.1,-12.0,-1.0,-109,1.00,-0.038,0.063,0.00,,,,0,-504,-1,3.13,24.3,1.12,0.045
33.70,CLIMB,46.40,47.43,23.28,3.50,7.1,-0.1,-11.9,-1.0,-112,1.00,-0.037,0.063,0.00,,,,0,-507,-1,3.13,24.3,1.17,0.044
33.80,CLIMB,46.75,47.78,23.28,3.46,7.0,-0.0,-11.9,-0.9,-114,1.00,-0.037,0.063,0.00,,,,0,-509,-1,3.13,24.3,1.22,0.043
33.90,CLIMB,47.09,48.12,23.28,3.43,7.0,-0.0,-11.9,-0.9,-116,1.00,-0.037,0.063,0.00,,,,0,-511,-1,3.13,24.3,1.27,0.042
34.00,CLIMB,47.43,48.47,23.27,3.40,6.9,-0.0,-11.9,-0.9,-118,1.00,-0.037,0.064,0.00,,,,0,-513,-1,3.13,24.3,1.32,0.041
34.10,CLIMB,47.77,48.80,23.27,3.37,6.8,0.0,-11.9,-0.8,-120,1.00,-0.037,0.064,0.00,,,,0,-515,-1,3.13,24.3,1.37,0.040
34.20,CLIMB,48.11,49.14,23.27,3.33,6.7,0.0,-11.9,-0.8,-123,1.00,-0.037,0.064,0.00,,,,0,-518,-1,3.13,24.3,1.42,0.039
34.30,CLIMB,48.44,49.47,23.27,3.30,6.6,0.1,-11.8,-0.7,-125,1.00,-0.037,0.064,0.00,,,,0,-520,-1,3.13,24.3,1.47,0.038
34.40,CLIMB,48.77,49.80,23.28,3.27,6.6,0.1,-11.8,-0.7,-127,1.00,-0.037,0.064,0.00,,,,0,-522,-1,3.13,24.3,1.52,0.036
34.50,CLIMB,49.10,50.13,23.28,3.24,6.5,0.1,-11.8,-0.6,-129,1.00,-0.037,0.064,0.00,,,,0,-524,-1,3.13,24.3,1.57,0.035
34.60,CLIMB,49.42,50.45,23.29,3.21,6.4,0.1,-11.8,-0.6,-132,1.00,-0.037,0.064,0.00,,,,0,-527,-1,3.13,24.3,1.62,0.034
34.70,CLIMB,49.74,50.77,23.29,3.18,6.3,0.1,-11.8,-0.6,-134,1.00,-0.037,0.064,0.00,,,,0,-529,-1,3.13,24.3,1.67,0.033
34.80,CLIMB,50.05,51.09,23.30,3.15,6.2,0.1,-11.8,-0.5,-136,1.00,-0.037,0.064,0.00,,,,0,-531,-1,3.13,24.3,1.72,0.032
34.90,CLIMB,50.37,51.40,23.31,3.12,6.2,0.1,-11.8,-0.5,-138,1.00,-0.037,0.064,0.00,,,,0,-533,-0,3.13,24.3,1.75,0.032
35.00,CLIMB,50.68,51.71,23.32,3.08,6.1,0.2,-11.8,-0.4,-141,1.00,-0.034,0.065,0.00,,,,0,-536,-0,3.13,24.3,1.70,0.033
35.10,CLIMB,50.99,52.02,23.33,3.05,6.0,0.2,-11.8,-0.4,-143,1.00,-0.033,0.065,0.00,,,,0,-538,-0,3.13,24.3,1.65,0.035
35.20,CLIMB,51.29,52.32,23.35,3.03,6.0,0.2,-11.8,-0.3,-145,1.00,-0.032,0.065,0.00,,,,0,-540,-0,3.13,24.3,1.60,0.037
35.30,CLIMB,51.59,52.62,23.36,3.00,5.9,0.2,-11.8,-0.3,-147,1.00,-0.032,0.065,0.00,,,,0,-542,-0,3.13,24.3,1.55,0.039
35.40,CLIMB,51.89,52.92,23.37,2.98,5.9,0.2,-11.8,-0.2,-150,1.00,-0.031,0.065,0.00,,,,0,-545,-0,3.13,24.3,1.50,0.041
35.50,CLIMB,52.19,53.22,23.39,2.97,5.9,0.2,-11.8,-0.2,-152,1.00,-0.030,0.065,0.00,,,,0,-547,-0,3.13,24.3,1.45,0.043
35.60,CLIMB,52.49,53.52,23.40,2.95,5.8,0.2,-11.8,-0.2,-154,1.00,-0.029,0.065,0.00,,,,0,-549,-0,3.13,24.3,1.40,0.045
35.70,CLIMB,52.78,53.81,23.42,2.94,5.8,0.2,-11.8,-0.1,-156,1.00,-0.029,0.065,0.00,,,,0,-551,-0,3.13,24.3,1.35,0.046
35.80,CLIMB,53.07,54.11,23.43,2.93,5.8,0.3,-11.8,-0.1,-159,1.00,-0.028,0.065,0.00,,,,0,-554,-0,3.13,24.3,1.30,0.048
35.90,CLIMB,53.37,54.40,23.45,2.93,5.8,0.3,-11.8,-0.0,-161,1.00,-0.027,0.065,0.00,,,,0,-556,-0,3.13,24.3,1.25,0.050
36.00,CLIMB,53.66,54.69,23.46,2.92,5.8,0.3,-11.8,0.0,-163,1.00,-0.027,0.065,0.00,,,,0,-558,0,3.13,24.3,1.20,0.052
36.10,CLIMB,53.95,54.98,23.48,2.93,5.8,0.3,-11.8,0.0,-165,1.00,-0.026,0.065,0.00,,,,0,-560,0,3.13,24.3,1.15,0.053
36.20,CLIMB,54.24,55.28,23.49,2.93,5.8,0.3,-11.8,0.1,-168,1.00,-0.026,0.065,0.00,,,,0,-563,0,3.13,24.3,1.10,0.054
36.30,CLIMB,54.54,55.57,23.51,2.93,5.9,0.3,-11.9,0.1,-170,1.00,-0.026,0.065,0.00,,,,0,-565,0,3.13,24.3,1.05,0.056
36.40,CLIMB,54.83,55.86,23.52,2.94,5.9,0.3,-11.9,0.2,-172,1.00,-0.026,0.065,0.00,,,,0,-567,0,3.13,24.3,1.00,0.057
36.50,CLIMB,55.13,56.16,23.54,2.95,5.9,0.3,-11.9,0.2,-174,1.00,-0.027,0.065,0.00,,,,0,-569,0,3.13,24.3,1.00,0.057
36.60,CLIMB,55.42,56.45,23.55,2.95,5.9,0.3,-11.9,0.2,-177,1.00,-0.027,0.065,0.00,,,,0,-572,0,3.13,24.3,1.00,0.057
36.70,CLIMB,55.72,56.75,23.56,2.96,5.9,0.4,-11.9,0.3,-179,1.00,-0.027,0.065,0.00,,,,0,-574,0,3.13,24.3,1.00,0.056
36.80,CLIMB,56.01,57.04,23.58,2.97,5.9,0.4,-11.9,0.3,-181,1.00,-0.027,0.065,0.00,,,,0,-576,0,3.13,24.3,1.00,0.056
36.90,CLIMB,56.31,57.34,23.59,2.98,5.9,0.4,-11.9,0.4,-183,1.00,-0.027,0.065,0.00,,,,0,-578,0,3.13,24.3,1.00,0.056
37.00,CLIMB,56.61,57.64,23.60,2.99,5.9,0.4,-11.9,0.4,-186,1.00,-0.028,0.065,0.00,,,,0,-581,0,3.13,24.3,1.00,0.056
37.10,CLIMB,56.91,57.94,23.61,3.00,5.9,0.4,-11.9,0.4,-188,1.00,-0.028,0.065,0.00,,,,0,-583,0,3.13,24.3,1.00,0.056
37.20,CLIMB,57.21,58.24,23.62,3.00,5.9,0.4,-11.9,0.5,-190,1.00,-0.028,0.065,0.00,,,,0,-585,0,3.13,24.3,1.00,0.056
37.30,CLIMB,57.51,58.54,23.63,3.01,5.9,0.4,-11.9,0.5,-193,1.00,-0.029,0.065,0.00,,,,0,-588,1,3.13,24.3,1.00,0.055
37.40,CLIMB,57.81,58.84,23.65,3.02,5.9,0.4,-11.9,0.5,-195,1.00,-0.029,0.065,0.00,,,,0,-590,1,3.13,24.3,1.00,0.055
37.50,CLIMB,58.11,59.14,23.66,3.02,5.9,0.5,-11.9,0.6,-197,1.00,-0.029,0.065,0.00,,,,0,-592,1,3.13,24.3,1.00,0.055
37.60,CLIMB,58.41,59.45,23.67,3.03,5.9,0.5,-11.9,0.6,-199,1.00,-0.029,0.065,0.00,,,,0,-594,1,3.13,24.3,1.00,0.055
37.70,CLIMB,58.72,59.75,23.68,3.03,5.9,0.5,-11.9,0.6,-202,1.00,-0.030,0.065,0.00,,,,0,-597,1,3.13,24.3,1.00,0.055
37.80,CLIMB,59.02,60.05,23.69,3.04,5.9,0.5,-11.9,0.7,-204,1.00,-0.030,0.065,0.00,,,,0,-599,1,3.13,24.3,1.00,0.055
37.90,CLIMB,59.32,60.36,23.70,3.04,5.9,0.5,-12.0,0.7,-206,1.00,-0.030,0.065,0.00,,,,0,-601,1,3.13,24.3,1.00,0.055
38.00,CLIMB,59.63,60.66,23.71,3.04,5.9,0.5,-12.0,0.7,-208,1.00,-0.030,0.065,0.00,,,,0,-603,1,3.13,24.3,1.00,0.054
38.10,CLIMB,59.93,60.96,23.72,3.05,5.9,0.5,-12.0,0.8,-211,1.00,-0.031,0.065,0.00,,,,0,-606,1,3.13,24.3,1.00,0.054
38.20,CLIMB,60.24,61.27,23.73,3.05,5.9,0.5,-12.0,0.8,-213,1.00,-0.031,0.065,0.00,,,,0,-608,1,3.13,24.3,1.00,0.054
38.30,CLIMB,60.54,61.57,23.74,3.05,5.9,0.5,-12.0,0.8,-215,1.00,-0.031,0.065,0.00,,,,0,-610,1,3.13,24.3,1.00,0.054
38.40,CLIMB,60.85,61.88,23.75,3.06,5.9,0.5,-12.0,0.9,-218,1.00,-0.031,0.065,0.00,,,,0,-613,1,3.13,24.3,1.00,0.054
38.50,CLIMB,61.15,62.19,23.76,3.06,5.9,0.5,-12.1,0.9,-220,1.00,-0.031,0.065,0.00,,,,0,-615,1,3.13,24.3,1.00,0.054
38.60,CLIMB,61.46,62.49,23.77,3.06,5.9,0.5,-12.1,0.9,-222,1.00,-0.031,0.065,0.00,,,,0,-617,1,3.13,24.3,1.00,0.054
38.70,CLIMB,61.76,62.80,23.78,3.06,5.9,0.5,-12.1,1.0,-224,1.00,-0.032,0.065,0.00,,,,0,-619,1,3.13,24.3,1.00,0.054
38.80,CLIMB,62.07,63.10,23.79,3.06,5.9,0.6,-12.1,1.0,-227,1.00,-0.032,0.065,0.00,,,,0,-622,1,3.13,24.3,1.00,0.054
38.90,CLIMB,62.38,63.41,23.80,3.07,5.9,0.6,-12.1,1.0,-229,1.00,-0.032,0.065,0.00,,,,0,-624,1,3.13,24.3,1.00,0.054
39.00,CLIMB,62.68,63.72,23.81,3.07,5.9,0.6,-12.1,1.0,-231,1.00,-0.032,0.065,0.00,,,,0,-626,1,3.13,24.3,1.00,0.054
39.10,CLIMB,62.99,64.02,23.82,3.07,5.9,0.6,-12.2,1.1,-234,1.00,-0.032,0.065,0.00,,,,0,-629,1,3.13,24.3,1.00,0.054
39.20,CLIMB,63.30,64.33,23.83,3.07,5.9,0.6,-12.2,1.1,-236,1.00,-0.032,0.065,0.00,,,,0,-631,1,3.13,24.3,1.00,0.054
39.30,CLIMB,63.60,64.64,23.83,3.07,5.9,0.6,-12.2,1.1,-238,1.00,-0.033,0.065,0.00,,,,0,-633,1,3.13,24.3,1.00,0.054
39.40,CLIMB,63.91,64.94,23.84,3.07,5.9,0.6,-12.2,1.1,-240,1.00,-0.033,0.065,0.00,,,,0,-635,1,3.13,24.3,1.00,0.054
39.50,CLIMB,64.22,65.25,23.85,3.07,5.8,0.6,-12.2,1.2,-243,1.00,-0.033,0.065,0.00,,,,0,-638,1,3.13,24.3,1.00,0.054
39.60,CLIMB,64.53,65.56,23.86,3.07,5.8,0.6,-12.2,1.2,-245,1.00,-0.033,0.065,0.00,,,,0,-640,1,3.13,24.3,1.00,0.054
39.70,CLIMB,64.83,65.87,23.87,3.07,5.8,0.6,-12.3,1.2,-247,1.00,-0.033,0.065,0.00,,,,0,-642,1,3.13,24.3,1.00,0.054
39.80,CLIMB,65.14,66.17,23.88,3.07,5.8,0.6,-12.3,1.2,-250,1.00,-0.033,0.065,0.00,,,,0,-645,1,3.13,24.3,1.00,0.054
39.90,CLIMB,65.45,66.48,23.89,3.08,5.8,0.6,-12.3,1.2,-252,1.00,-0.033,0.065,0.00,,,,0,-647,1,3.13,24.3,1.00,0.054
40.00,CLIMB,65.76,66.79,23.90,3.08,5.8,0.6,-12.3,1.3,-254,1.00,-0.033,0.065,0.00,,,,0,-649,1,3.13,24.3,1.00,0.054
40.10,CROSSWIND,66.06,67.10,23.91,3.08,5.8,0.6,-12.6,-1.3,6,1.00,-0.024,0.082,0.00,186,,775,0,-651,1,3.13,22.1,1.00,0.114
40.20,CROSSWIND,66.37,67.40,23.92,3.06,5.8,0.5,167.4,-1.3,9,1.00,0.024,0.081,0.00,184,,775,0,-654,1,3.13,22.1,1.00,0.115
40.30,CROSSWIND,66.68,67.71,23.92,3.08,6.0,-0.0,-40.9,-1.3,11,1.00,0.002,0.081,0.00,182,,775,0,-656,1,3.13,22.1,1.00,0.116
40.40,CROSSWIND,66.99,68.02,23.92,3.13,6.3,-0.9,-14.4,-1.3,13,0.99,-0.021,0.101,0.00,180,,775,0,-658,1,3.13,22.1,1.00,0.115
40.50,CROSSWIND,67.30,68.33,23.92,3.20,6.6,-2.0,-15.2,-1.3,16,0.99,-0.026,0.115,0.00,177,,775,0,-661,1,3.13,22.1,1.00,0.114
40.60,CROSSWIND,67.62,68.66,23.91,3.28,6.7,-3.4,-16.1,-1.4,18,0.98,-0.021,0.120,0.00,175,,775,0,-663,1,3.13,22.1,1.00,0.111
40.70,CROSSWIND,67.95,68.99,23.90,3.34,6.8,-4.8,-17.0,-1.4,20,0.98,-0.015,0.121,0.00,173,,775,0,-665,1,3.13,22.1,1.00,0.109
40.80,CROSSWIND,68.29,69.32,23.88,3.39,6.9,-6.4,-18.0,-1.4,23,0.98,-0.014,0.120,0.00,170,,775,0,-668,1,3.13,22.1,1.00,0.107
40.90,CROSSWIND,68.63,69.66,23.87,3.44,7.0,-8.1,-18.9,-1.5,25,0.98,-0.016,0.118,0.00,168,,775,0,-670,1,3.13,22.1,1.00,0.105
41.00,CROSSWIND,68.98,70.01,23.85,3.47,7.0,-9.8,-19.8,-1.5,27,0.97,-0.020,0.116,0.00,166,,775,0,-672,2,3.13,22.1,1.00,0.103
41.10,CROSSWIND,69.32,70.36,23.83,3.49,7.1,-11.7,-20.8,-1.6,29,0.97,-0.024,0.107,0.00,164,,775,0,-674,2,3.13,22.1,1.00,0.102
41.20,CROSSWIND,69.67,70.71,23.81,3.50,7.2,-13.2,-21.7,-1.7,32,0.98,-0.025,0.100,0.00,161,,775,0,-677,2,3.13,22.1,1.00,0.101
41.30,CROSSWIND,70.02,71.06,23.80,3.49,7.3,-14.5,-22.6,-1.8,34,0.98,-0.025,0.097,0.00,159,,774,0,-679,2,3.13,22.1,1.00,0.101
41.40,CROSSWIND,70.37,71.40,23.78,3.47,7.3,-15.4,-23.3,-1.9,36,0.98,-0.024,0.095,0.00,157,,774,0,-681,2,3.13,22.1,1.00,0.102
41.50,CROSSWIND,70.72,71.75,23.77,3.44,7.4,-16.2,-23.9,-2.1,39,0.98,-0.022,0.094,0.00,154,,774,0,-684,2,3.13,22.1,1.00,0.102
41.60,CROSSWIND,71.06,72.09,23.76,3.41,7.4,-16.9,-24.3,-2.2,41,0.98,-0.020,0.092,0.00,152,,774,0,-686,2,3.13,22.1,1.00,0.104
41.70,CROSSWIND,71.40,72.43,23.75,3.37,7.4,-17.5,-24.6,-2.4,43,0.98,-0.017,0.090,0.00,150,,774,0,-688,2,3.13,22.1,1.00,0.105
41.80,CROSSWIND,71.74,72.77,23.74,3.33,7.4,-18.1,-24.7,-2.6,46,0.99,-0.013,0.087,0.00,147,,774,0,-691,3,3.13,22.1,1.00,0.107
41.90,CROSSWIND,72.07,73.10,23.73,3.30,7.4,-18.6,-24.7,-2.9,48,0.99,-0.009,0.084,0.00,145,,773,0,-693,3,3.13,22.1,1.00,0.108
42.00,CROSSWIND,72.40,73.43,23.72,3.27,7.4,-19.0,-24.5,-3.2,50,0.99,-0.005,0.080,0.00,143,,773,0,-695,3,3.13,22.1,1.00,0.110
42.10,CROSSWIND,72.72,73.76,23.72,3.24,7.4,-19.4,-24.2,-3.5,53,0.99,-0.001,0.077,0.00,140,,773,0,-698,3,3.13,22.1,1.00,0.111
42.20,CROSSWIND,73.05,74.08,23.71,3.23,7.4,-19.8,-23.8,-3.8,55,0.99,0.003,0.071,0.00,138,,772,0,-700,4,3.13,22.1,1.00,0.112
42.30,CROSSWIND,73.37,74.40,23.71,3.22,7.3,-20.1,-23.3,-4.2,57,0.99,0.006,0.068,0.00,136,,772,0,-702,4,3.13,22.1,1.00,0.113
42.40,CROSSWIND,73.69,74.72,23.70,3.22,7.3,-20.4,-22.7,-4.6,60,0.99,0.009,0.062,0.00,133,,772,0,-705,5,3.13,22.1,1.00,0.113
42.50,CROSSWIND,74.01,75.05,23.69,3.23,7.2,-20.6,-22.0,-5.0,62,0.99,0.011,0.059,0.00,131,,771,0,-707,5,3.13,22.1,1.00,0.114
42.60,CROSSWIND,74.34,75.37,23.68,3.24,7.2,-20.9,-21.4,-5.5,64,0.99,0.012,0.056,0.00,129,,771,0,-709,5,3.13,22.1,1.00,0.114
42.70,CROSSWIND,74.66,75.69,23.67,3.26,7.1,-21.0,-20.7,-6.0,67,0.99,0.013,0.051,0.00,126,,770,0,-712,6,3.13,22.1,1.00,0.113
42.80,CROSSWIND,74.99,76.02,23.66,3.28,7.0,-21.2,-20.0,-6.5,69,0.99,0.014,0.049,0.00,124,,770,0,-714,7,3.13,22.1,1.00,0.113
42.90,CROSSWIND,75.32,76.35,23.64,3.30,7.0,-21.3,-19.4,-7.1,71,0.99,0.013,0.046,0.00,122,,769,0,-716,7,3.13,22.1,1.00,0.112
43.00,CROSSWIND,75.65,76.68,23.63,3.32,6.9,-21.4,-18.8,-7.8,74,0.99,0.013,0.045,0.00,119,,768,0,-719,8,3.13,22.1,1.00,0.111
43.10,CROSSWIND,75.98,77.01,23.61,3.34,6.9,-21.5,-18.3,-8.4,76,0.99,0.012,0.043,0.00,117,,768,0,-721,8,3.13,22.1,1.00,0.111
43.20,CROSSWIND,76.31,77.35,23.59,3.36,6.9,-21.5,-17.8,-9.1,78,0.99,0.010,0.044,0.00,115,,767,0,-723,9,3.13,22.1,1.00,0.110
43.30,CROSSWIND,76.65,77.68,23.57,3.37,6.8,-21.6,-17.4,-9.9,81,0.99,0.009,0.043,0.00,112,,766,0,-726,10,3.13,22.1,1.00,0.109
43.40,CROSSWIND,76.99,78.02,23.55,3.39,6.8,-21.6,-17.1,-10.7,83,0.99,0.007,0.045,0.00,110,,766,0,-728,11,3.13,22.1,1.00,0.108
43.50,CROSSWIND,77.33,78.36,23.54,3.39,6.8,-21.5,-16.9,-11.5,85,0.99,0.006,0.045,0.00,108,,765,0,-730,12,3.13,22.1,1.00,0.108
43.60,CROSSWIND,77.67,78.70,23.52,3.40,6.8,-21.5,-16.7,-12.4,88,0.99,0.004,0.048,0.00,105,,764,0,-733,12,3.13,22.1,1.00,0.108
43.70,CROSSWIND,78.01,79.04,23.50,3.40,6.8,-21.5,-16.5,-13.3,90,0.99,0.003,0.049,0.00,103,,763,0,-735,13,3.13,22.1,1.00,0.107
43.80,CROSSWIND,78.35,79.38,23.48,3.39,6.8,-21.4,-16.5,-14.2,92,0.99,0.002,0.053,0.00,101,,762,0,-737,14,3.13,22.1,1.00,0.108
43.90,CROSSWIND,78.68,79.72,23.47,3.38,6.8,-21.4,-16.4,-15.2,95,1.00,0.001,0.053,0.00,98,,761,0,-740,15,3.13,22.1,1.00,0.108
44.00,CROSSWIND,79.02,80.05,23.45,3.37,6.8,-21.4,-16.4,-16.3,97,1.00,0.000,0.057,0.00,96,,760,0,-742,16,3.13,22.1,1.00,0.108
44.10,CROSSWIND,79.36,80.39,23.44,3.36,6.8,-21.3,-16.4,-17.3,99,1.00,-0.000,0.058,0.00,94,,759,0,-744,17,3.13,22.1,1.00,0.109
44.20,CROSSWIND,79.70,80.73,23.43,3.35,6.8,-21.3,-16.4,-18.4,101,1.00,-0.000,0.062,0.00,91,,758,0,-746,18,3.13,22.1,1.00,0.109
44.30,CROSSWIND,80.03,81.06,23.42,3.33,6.9,-21.2,-16.4,-19.6,104,1.00,0.000,0.062,0.00,89,,757,0,-749,20,3.13,22.1,1.00,0.110
44.40,CROSSWIND,80.36,81.39,23.41,3.31,6.9,-21.2,-16.4,-20.7,106,1.00,0.000,0.065,0.00,87,,756,0,-751,21,3.13,22.1,1.00,0.111
44.50,CROSSWIND,80.69,81.72,23.40,3.30,6.9,-21.2,-16.4,-21.9,108,1.00,0.001,0.065,0.00,85,,754,0,-753,22,3.13,22.1,1.00,0.112
44.60,CROSSWIND,81.02,82.05,23.39,3.28,6.9,-21.2,-16.4,-23.2,111,1.00,0.002,0.068,0.00,82,,753,0,-756,23,3.13,22.1,1.00,0.113
44.70,CROSSWIND,81.35,82.38,23.38,3.27,6.9,-21.2,-16.3,-24.5,113,1.00,0.003,0.066,0.00,80,,752,0,-758,24,3.13,22.1,1.00,0.113
44.80,CROSSWIND,81.68,82.71,23.37,3.26,6.9,-21.2,-16.2,-25.8,115,1.00,0.004,0.069,0.00,78,,750,0,-760,26,3.13,22.1,1.00,0.114
44.90,CROSSWIND,82.00,83.03,23.37,3.25,6.9,-21.2,-16.1,-27.1,117,1.00,0.005,0.067,0.00,76,,749,0,-762,27,3.13,22.1,1.00,0.115
45.00,CROSSWIND,82.33,83.36,23.36,3.24,6.9,-21.2,-16.0,-28.5,119,1.00,0.006,0.068,0.00,74,,748,0,-764,29,3.13,22.1,1.00,0.116
45.10,CROSSWIND,82.65,83.68,23.35,3.23,6.9,-21.2,-15.8,-29.9,122,1.00,0.007,0.066,0.00,71,,746,0,-767,30,3.13,22.1,1.00,0.116
45.20,CROSSWIND,82.97,84.00,23.34,3.23,7.0,-21.3,-15.6,-31.4,124,1.00,0.008,0.067,0.00,69,,745,0,-769,31,3.13,22.1,1.00,0.117
45.30,CROSSWIND,83.30,84.33,23.33,3.22,7.0,-21.3,-15.3,-32.9,126,1.00,0.008,0.064,0.00,67,,743,0,-771,33,3.13,22.1,1.00,0.118
45.40,CROSSWIND,83.62,84.65,23.33,3.22,7.0,-21.3,-15.1,-34.4,128,1.00,0.009,0.065,0.00,65,,742,0,-773,34,3.13,22.1,1.00,0.118
45.50,CROSSWIND,83.94,84.97,23.32,3.22,7.0,-21.3,-14.9,-36.0,130,1.00,0.010,0.062,0.00,63,,740,0,-775,36,3.13,22.1,1.00,0.118
45.60,CROSSWIND,84.26,85.29,23.31,3.23,7.0,-21.4,-14.7,-37.6,132,1.00,0.010,0.063,0.00,61,,739,0,-777,38,3.13,22.1,1.00,0.119
45.70,CROSSWIND,84.58,85.62,23.30,3.23,7.0,-21.4,-14.4,-39.2,135,1.00,0.010,0.060,0.00,58,,737,0,-780,39,3.13,22.1,1.00,0.119
45.80,CROSSWIND,84.91,85.94,23.29,3.23,7.0,-21.4,-14.2,-40.9,137,1.00,0.010,0.061,0.00,56,,735,0,-782,41,3.13,22.1,1.00,0.119
45.90,CROSSWIND,85.23,86.26,23.28,3.24,7.0,-21.4,-13.9,-42.6,139,1.00,0.010,0.058,0.00,54,,734,0,-784,43,3.13,22.1,1.00,0.119
46.00,CROSSWIND,85.55,86.59,23.27,3.24,7.0,-21.4,-13.7,-44.3,141,1.00,0.010,0.059,0.00,52,,732,0,-786,44,3.13,22.1,1.00,0.119
46.10,CROSSWIND,85.88,86.91,23.26,3.25,7.0,-21.4,-13.5,-46.1,143,1.00,0.010,0.057,0.00,50,,730,0,-788,46,3.13,22.1,1.00,0.119
46.20,CROSSWIND,86.20,87.24,23.25,3.25,7.0,-21.4,-13.3,-47.9,145,1.00,0.009,0.058,0.00,48,,728,0,-790,48,3.13,22.1,1.00,0.119
46.30,CROSSWIND,86.53,87.56,23.23,3.25,7.0,-21.4,-13.1,-49.7,147,1.00,0.009,0.056,0.00,46,,726,0,-792,50,3.13,22.1,1.00,0.119
46.40,CROSSWIND,86.85,87.89,23.22,3.26,7.0,-21.4,-13.0,-51.6,149,1.00,0.009,0.057,0.00,44,,725,0,-794,52,3.13,22.1,1.00,0.119
46.50,CROSSWIND,87.18,88.21,23.21,3.26,7.0,-21.4,-12.8,-53.5,151,1.00,0.008,0.056,0.00,42,,723,0,-796,54,3.13,22.1,1.00,0.119
46.60,CROSSWIND,87.51,88.54,23.20,3.26,7.0,-21.4,-12.7,-55.4,153,1.00,0.008,0.057,0.00,40,,721,0,-798,55,3.13,22.1,1.00,0.119
46.70,CROSSWIND,87.83,88.86,23.19,3.26,7.0,-21.4,-12.6,-57.4,155,1.00,0.008,0.056,0.00,38,,719,0,-800,57,3.13,22.1,1.00,0.120
46.80,CROSSWIND,88.16,89.19,23.18,3.26,7.0,-21.4,-12.5,-59.4,157,1.00,0.007,0.057,0.00,36,,717,0,-802,59,3.13,22.1,1.00,0.120
46.90,CROSSWIND,88.48,89.52,23.17,3.25,7.0,-21.4,-12.4,-61.4,158,1.00,0.007,0.056,0.00,35,,715,0,-803,61,3.13,22.1,1.00,0.120
47.00,CROSSWIND,88.81,89.84,23.16,3.25,7.1,-21.4,-12.3,-63.5,160,1.00,0.007,0.052,0.00,33,,713,0,-805,64,3.13,22.1,1.00,0.120
47.10,CROSSWIND,89.13,90.17,23.15,3.25,7.1,-21.3,-12.2,-65.6,162,1.00,0.007,0.056,0.00,31,,711,0,-807,66,3.13,22.1,1.00,0.120
47.20,CROSSWIND,89.46,90.49,23.13,3.24,7.1,-21.3,-12.1,-67.7,164,1.00,0.007,0.052,0.00,29,,709,0,-809,68,3.13,22.1,1.00,0.121
47.30,CROSSWIND,89.78,90.81,23.12,3.24,7.1,-21.3,-12.1,-69.9,166,1.00,0.006,0.056,0.00,27,,706,0,-811,70,3.13,22.1,1.00,0.121
47.40,CROSSWIND,90.11,91.14,23.11,3.23,7.1,-21.3,-12.0,-72.0,167,1.00,0.007,0.053,0.00,26,,704,0,-812,72,3.13,22.1,1.00,0.121
47.50,CROSSWIND,90.43,91.46,23.10,3.23,7.1,-21.3,-12.0,-74.2,169,1.00,0.007,0.055,0.00,24,,702,0,-814,74,3.13,22.1,1.00,0.122
47.60,CROSSWIND,90.75,91.78,23.09,3.22,7.2,-21.3,-11.8,-76.5,171,1.00,0.007,0.052,0.00,22,,700,0,-816,76,3.13,22.1,1.00,0.122
47.70,CROSSWIND,91.07,92.11,23.08,3.22,7.2,-21.3,-11.8,-78.7,172,1.00,0.007,0.055,0.00,21,,697,0,-817,79,3.13,22.1,1.00,0.123
47.80,CROSSWIND,91.40,92.43,23.08,3.22,7.2,-21.3,-11.7,-81.0,174,1.00,0.007,0.052,0.00,19,,695,0,-819,81,3.13,22.1,1.00,0.123
47.90,CROSSWIND,91.72,92.75,23.07,3.21,7.2,-21.3,-11.7,-83.3,176,1.00,0.007,0.054,0.00,17,,693,0,-821,83,3.13,22.1,1.00,0.123
48.00,CROSSWIND,92.04,93.07,23.06,3.21,7.2,-21.3,-11.5,-85.7,177,1.00,0.007,0.051,0.00,16,,691,0,-822,86,3.13,22.1,1.00,0.124
48.10,CROSSWIND,92.36,93.39,23.05,3.20,7.2,-21.3,-11.5,-88.0,179,1.00,0.007,0.052,0.00,14,,688,0,-824,88,3.13,22.1,1.00,0.124
48.20,CROSSWIND,92.68,93.71,23.04,3.20,7.3,-21.3,-11.3,-90.4,180,1.00,0.007,0.050,0.00,13,,686,0,-825,90,3.13,22.1,1.00,0.124
48.30,CROSSWIND,93.00,94.03,23.03,3.20,7.3,-21.3,-11.3,-92.8,182,1.00,0.007,0.051,0.00,11,,683,0,-827,93,3.13,22.1,1.00,0.125
48.40,CROSSWIND,93.32,94.35,23.02,3.20,7.3,-21.3,-11.1,-95.3,183,1.00,0.007,0.048,0.00,10,,681,0,-828,95,3.13,22.1,1.00,0.125
48.50,CROSSWIND,93.64,94.67,23.01,3.20,7.3,-21.3,-11.0,-97.7,185,1.00,0.003,0.043,0.00,8,,678,0,-830,98,3.07,22.1,1.00,0.120
48.60,CROSSWIND,93.96,94.99,23.00,3.20,7.3,-21.3,-10.9,-100.2,186,1.00,-0.001,0.047,0.00,7,,676,0,-831,100,3.00,22.1,1.00,0.115
48.70,CROSSWIND,94.28,95.30,22.99,3.19,7.3,-21.3,-10.8,-102.7,188,0.99,-0.002,0.042,0.00,5,,673,0,-833,103,2.94,22.1,1.00,0.110
48.80,CROSSWIND,94.60,95.62,22.98,3.18,7.2,-21.3,-10.7,-105.3,189,0.98,-0.003,0.045,0.00,4,,671,0,-834,105,2.87,22.1,1.00,0.106
48.90,CROSSWIND,94.91,95.93,22.97,3.16,7.2,-21.3,-10.6,-107.8,190,0.97,-0.003,0.042,0.00,3,,668,0,-835,108,2.81,22.1,1.00,0.101
49.00,CROSSWIND,95.23,96.24,22.95,3.14,7.1,-21.3,-10.6,-110.4,192,0.96,-0.004,0.044,0.00,1,,666,0,-837,110,2.75,22.1,1.00,0.096
49.10,CROSSWIND,95.54,96.55,22.94,3.11,7.0,-21.3,-10.5,-113.0,193,0.95,-0.005,0.041,0.00,0,,663,0,-838,113,2.68,22.1,1.00,0.092
49.20,CROSSWIND,95.85,96.86,22.92,3.08,6.9,-21.3,-10.5,-115.6,194,0.94,-0.007,0.043,0.00,1,,661,0,-839,116,2.62,22.1,1.00,0.088
49.30,CROSSWIND,96.16,97.16,22.91,3.04,6.8,-21.3,-10.4,-118.2,195,0.94,-0.008,0.040,0.00,2,,658,0,-840,118,2.56,22.1,1.00,0.084
49.40,CROSSWIND,96.46,97.45,22.90,3.00,6.7,-21.3,-10.4,-120.9,196,0.93,-0.008,0.042,0.00,3,,655,0,-841,121,2.50,22.1,1.00,0.080
49.50,CROSSWIND,96.76,97.74,22.88,2.95,6.6,-21.3,-10.3,-123.6,198,0.92,-0.009,0.039,0.00,5,,653,0,-843,124,2.44,22.1,1.00,0.077
49.60,CROSSWIND,97.06,98.03,22.87,2.90,6.4,-21.3,-10.3,-126.2,199,0.92,-0.010,0.041,0.00,6,,650,0,-844,126,2.38,22.1,1.00,0.074
49.70,CROSSWIND,97.34,98.31,22.86,2.85,6.3,-21.3,-10.3,-128.9,200,0.91,-0.010,0.038,0.00,7,,647,0,-845,129,2.32,22.1,1.00,0.071
49.80,CROSSWIND,97.63,98.58,22.85,2.80,6.2,-21.2,-10.2,-131.7,201,0.90,-0.010,0.033,0.00,8,,645,0,-846,132,2.27,22.1,1.00,0.068
49.90,CROSSWIND,97.91,98.85,22.84,2.74,6.1,-21.2,-10.2,-134.4,202,0.90,-0.011,0.037,0.00,9,,642,0,-847,134,2.21,22.1,1.00,0.065
50.00,CROSSWIND,98.18,99.11,22.83,2.68,5.9,-21.2,-10.1,-137.1,203,0.89,-0.011,0.032,0.00,10,,639,0,-848,137,2.16,22.1,1.00,0.063
50.10,CROSSWIND,98.44,99.37,22.82,2.62,5.8,-21.2,-10.2,-139.9,204,0.89,-0.011,0.036,0.00,11,,636,0,-849,140,2.10,22.1,1.00,0.061
50.20,CROSSWIND,98.70,99.62,22.82,2.56,5.7,-21.2,-10.1,-142.7,205,0.88,-0.011,0.031,0.00,12,,634,0,-850,143,2.05,22.1,1.00,0.059
50.30,CROSSWIND,98.96,99.86,22.81,2.50,5.5,-21.2,-10.2,-145.5,205,0.87,-0.011,0.034,0.00,12,,631,0,-850,145,2.00,22.1,1.00,0.057
50.40,CROSSWIND,99.21,100.10,22.81,2.44,5.4,-21.2,-10.1,-148.3,206,0.87,-0.011,0.030,0.00,13,,628,0,-851,148,1.95,22.1,1.00,0.055
50.50,CROSSWIND,99.45,100.33,22.81,2.38,5.3,-21.2,-10.2,-151.1,207,0.86,-0.011,0.033,0.00,14,,625,0,-852,151,1.90,22.1,1.00,0.054
50.60,CROSSWIND,99.68,100.55,22.81,2.32,5.2,-21.2,-10.1,-154.0,208,0.86,-0.011,0.029,0.00,15,,622,0,-853,154,1.86,22.1,1.00,0.052
50.70,CROSSWIND,99.91,100.77,22.81,2.26,5.1,-21.1,-10.1,-156.8,209,0.85,-0.011,0.031,0.00,16,,619,0,-854,157,1.81,22.1,1.00,0.051
50.80,CROSSWIND,100.14,100.98,22.81,2.20,5.0,-21.1,-10.1,-159.7,209,0.84,-0.011,0.028,0.00,16,,617,0,-854,160,1.77,22.1,1.00,0.050
50.90,CROSSWIND,100.36,101.18,22.81,2.14,4.8,-21.1,-10.1,-162.5,210,0.84,-0.011,0.029,0.00,17,,614,0,-855,163,1.72,22.1,1.00,0.049
51.00,CROSSWIND,100.57,101.38,22.81,2.09,4.7,-21.1,-10.0,-165.4,211,0.83,-0.012,0.026,0.00,18,,611,0,-856,165,1.68,22.1,1.00,0.048
51.10,CROSSWIND,100.78,101.57,22.82,2.04,4.7,-21.1,-9.9,-168.3,211,0.82,-0.012,0.019,0.00,18,,608,0,-856,168,1.64,22.1,1.00,0.047
51.20,CROSSWIND,100.98,101.76,22.82,1.99,4.6,-21.1,-10.0,-171.2,212,1.00,-0.021,0.025,0.00,19,,605,0,-857,171,1.60,31.4,0.99,-0.095
51.30,CROSSWIND,101.18,101.94,22.87,1.98,4.5,-21.2,-9.9,-174.1,212,1.00,-0.072,0.027,0.00,19,,602,0,-857,174,1.56,31.4,0.94,-0.093
51.40,CROSSWIND,101.37,102.12,22.91,1.96,4.2,-21.6,-10.0,-177.1,213,1.00,-0.105,0.028,0.00,20,,599,0,-858,177,1.52,31.4,0.89,-0.092
51.50,CROSSWIND,101.57,102.30,22.97,1.90,3.7,-22.1,-10.2,-180.0,213,1.00,-0.091,0.020,0.00,20,,596,0,-858,180,1.48,31.4,0.84,-0.089
51.60,CROSSWIND,101.75,102.47,23.03,1.78,3.1,-22.4,-10.5,-183.0,214,1.00,-0.048,0.025,0.00,21,,593,0,-859,183,1.44,31.4,0.79,-0.084
51.70,CROSSWIND,101.93,102.63,23.10,1.62,2.5,-22.7,-10.7,-185.9,214,1.00,-0.028,0.023,0.00,21,,590,0,-859,186,1.41,31.4,0.74,-0.076
51.80,CROSSWIND,102.08,102.77,23.18,1.44,2.1,-22.8,-10.4,-188.9,215,1.00,-0.027,0.002,0.00,22,,587,0,-860,189,1.38,31.4,0.69,-0.066
51.90,CROSSWIND,102.22,102.89,23.26,1.29,1.9,-22.9,-9.6,-191.9,215,1.00,-0.036,-0.016,0.00,22,,584,0,-860,192,1.35,31.4,0.64,-0.056
52.00,CROSSWIND,102.34,103.00,23.35,1.15,1.7,-23.1,-8.9,-194.9,215,1.00,-0.044,-0.027,0.00,22,,581,0,-860,195,1.32,31.4,0.59,-0.047
52.10,CROSSWIND,102.46,103.09,23.44,1.04,1.7,-23.1,-8.2,-197.9,215,1.00,-0.046,-0.030,0.00,22,,578,0,-860,198,1.30,31.4,0.54,-0.038
52.20,CROSSWIND,102.56,103.17,23.53,0.93,1.5,-22.9,-7.5,-201.0,216,1.00,-0.034,-0.032,0.00,23,,575,0,-861,201,1.28,31.4,0.49,-0.029
52.30,CROSSWIND,102.65,103.24,23.63,0.83,1.3,-22.6,-6.8,-204.0,216,1.00,-0.015,-0.029,0.00,23,,572,0,-861,204,1.26,31.4,0.44,-0.020
52.40,CROSSWIND,102.73,103.30,23.73,0.73,1.2,-22.2,-6.2,-207.1,216,1.00,-0.003,-0.028,0.00,23,,569,0,-861,207,1.25,31.4,0.39,-0.011
52.50,CROSSWIND,102.80,103.36,23.84,0.65,1.1,-21.8,-5.4,-210.2,216,1.00,0.002,-0.028,0.00,23,,566,0,-861,210,1.23,31.4,0.34,-0.002
52.60,CROSSWIND,102.86,103.42,23.94,0.58,1.0,-21.3,-4.6,-213.3,216,1.00,0.003,-0.025,0.00,23,,563,0,-861,213,1.22,31.4,0.29,0.006
52.70,CROSSWIND,102.91,103.46,24.05,0.54,1.0,-20.8,-3.7,-216.4,216,1.00,0.004,-0.026,0.00,23,,560,0,-861,216,1.21,31.4,0.24,0.012
52.80,CROSSWIND,102.97,103.50,24.15,0.53,1.0,-20.2,-2.8,-219.5,216,1.00,0.006,-0.026,0.00,23,,557,0,-861,219,1.20,31.4,0.19,0.018
52.90,CROSSWIND,103.02,103.52,24.25,0.53,1.0,-19.6,-1.8,-222.6,216,1.00,0.009,-0.027,0.00,23,,554,0,-861,223,1.19,31.4,0.14,0.022
53.00,CROSSWIND,103.07,103.56,24.35,0.55,1.0,-19.0,-0.7,-225.8,216,1.00,0.011,-0.029,0.00,23,,550,0,-861,226,1.18,31.4,0.09,0.024
53.10,CROSSWIND,103.13,103.60,24.45,0.58,1.0,-18.3,0.3,-228.9,216,1.00,0.011,-0.030,0.00,23,,547,0,-861,229,1.17,31.4,0.04,0.026
53.20,CROSSWIND,103.19,103.64,24.55,0.63,1.0,-17.5,1.4,-232.1,216,1.00,0.009,-0.034,0.00,23,,544,0,-861,232,1.16,31.4,0.00,0.025
53.30,CROSSWIND,103.25,103.69,24.64,0.69,1.0,-16.6,2.6,-235.2,216,1.00,0.004,-0.036,0.00,23,,541,0,-861,235,1.14,31.4,0.00,0.020
53.40,CROSSWIND,103.33,103.74,24.73,0.77,1.0,-15.7,3.7,-238.4,216,1.00,-0.001,-0.036,0.00,23,,538,0,-861,238,1.13,31.4,0.00,0.013
53.50,CROSSWIND,103.40,103.81,24.81,0.84,0.9,-14.8,4.8,-241.6,216,1.00,-0.005,-0.038,0.00,23,,535,0,-861,242,1.11,31.4,0.00,0.006
53.60,CROSSWIND,103.49,103.88,24.90,0.91,0.9,-13.9,5.9,-244.7,215,1.00,-0.009,-0.039,0.00,22,,531,0,-860,245,1.10,31.4,0.00,-0.001
53.70,CROSSWIND,103.58,103.96,24.98,0.99,0.8,-12.9,6.9,-247.9,215,1.00,-0.014,-0.040,0.00,22,,528,0,-860,248,1.08,31.4,0.00,-0.008
53.80,CROSSWIND,103.69,104.04,25.05,1.05,0.8,-12.0,7.9,-251.1,215,1.00,-0.020,-0.042,0.00,22,,525,0,-860,251,1.06,31.4,0.00,-0.016
53.90,CROSSWIND,103.79,104.14,25.13,1.11,0.7,-11.0,8.8,-254.3,214,1.00,-0.031,-0.041,0.00,21,,522,0,-859,254,1.04,31.4,0.00,-0.022
54.00,CROSSWIND,103.91,104.23,25.20,1.18,0.8,-10.1,9.6,-257.5,214,1.00,-0.051,-0.042,0.00,21,,519,0,-859,258,1.01,31.4,0.00,-0.030
54.10,CROSSWIND,104.03,104.34,25.27,1.27,0.9,-9.1,10.3,-260.7,214,1.00,-0.067,-0.043,0.00,21,,516,0,-859,261,0.99,31.4,0.00,-0.038
54.20,CROSSWIND,104.16,104.46,25.34,1.34,0.9,-8.1,11.0,-263.9,213,1.00,-0.070,-0.040,0.00,20,,512,0,-858,264,0.96,31.4,0.00,-0.047
54.30,CROSSWIND,104.29,104.58,25.41,1.39,0.8,-7.2,11.5,-267.1,213,1.00,-0.067,-0.039,0.00,20,,509,0,-858,267,0.94,31.4,0.00,-0.055
54.40,CROSSWIND,104.43,104.70,25.47,1.42,0.7,-6.3,11.9,-270.3,212,1.00,-0.063,-0.038,0.00,19,,506,0,-857,270,0.91,31.4,0.00,-0.061
54.50,CROSSWIND,104.58,104.83,25.54,1.43,0.5,-5.4,12.2,-273.5,212,1.00,-0.063,-0.034,0.00,19,,503,0,-857,274,0.88,31.4,0.00,-0.066
54.60,CROSSWIND,104.72,104.96,25.61,1.43,0.4,-4.5,12.5,-276.8,212,1.00,-0.065,-0.031,0.00,19,,499,0,-857,277,0.85,31.4,0.00,-0.070
54.70,CROSSWIND,104.86,105.09,25.68,1.42,0.3,-3.7,12.6,-280.0,211,1.00,-0.067,-0.029,0.00,18,,496,0,-856,280,0.82,31.4,0.00,-0.074
54.80,CROSSWIND,105.00,105.22,25.75,1.40,0.2,-2.9,12.7,-283.2,211,1.00,-0.069,-0.026,0.00,18,,493,0,-856,283,0.79,31.4,0.00,-0.077
54.90,CROSSWIND,105.14,105.35,25.82,1.37,0.1,-2.1,12.7,-286.5,210,1.00,-0.069,-0.022,0.00,17,,490,0,-855,286,0.77,31.4,0.00,-0.080
55.00,CROSSWIND,105.28,105.47,25.90,1.34,-0.0,-1.4,12.7,-289.7,210,1.00,-0.069,-0.018,0.00,17,,487,0,-855,290,0.74,31.4,0.00,-0.082
55.10,CROSSWIND,105.41,105.60,25.97,1.31,-0.2,-0.8,12.6,-292.9,209,1.00,-0.069,-0.015,0.00,16,,483,0,-854,293,0.71,31.4,0.00,-0.084
55.20,CROSSWIND,105.54,105.71,26.05,1.27,-0.3,-0.3,12.4,-296.2,209,1.00,-0.069,-0.012,0.00,16,,480,0,-854,296,0.69,31.4,0.00,-0.085
55.30,CROSSWIND,105.67,105.83,26.13,1.23,-0.4,0.2,12.3,-299.5,208,1.00,-0.069,-0.009,0.00,15,,477,0,-853,299,0.66,31.4,0.00,-0.087
55.40,CROSSWIND,105.79,105.94,26.21,1.20,-0.5,0.7,12.1,-302.7,208,1.00,-0.069,-0.007,0.00,15,,473,0,-853,303,0.64,31.4,0.00,-0.088
55.50,CROSSWIND,105.91,106.05,26.29,1.16,-0.7,1.0,11.9,-306.0,207,1.00,-0.068,-0.004,0.00,14,,470,0,-852,306,0.61,31.4,0.00,-0.089
55.60,CROSSWIND,106.02,106.16,26.37,1.12,-0.8,1.3,11.8,-309.3,206,1.00,-0.068,-0.002,0.00,14,,467,0,-851,309,0.59,31.4,0.00,-0.090
55.70,CROSSWIND,106.13,106.26,26.45,1.09,-0.9,1.6,11.6,-312.6,206,1.00,-0.068,-0.001,0.00,13,,464,0,-851,313,0.57,31.4,0.00,-0.092
55.80,CROSSWIND,106.24,106.36,26.53,1.05,-1.0,1.8,11.4,-315.9,205,1.00,-0.068,0.001,0.00,12,,460,0,-850,316,0.55,31.4,0.00,-0.093
55.90,CROSSWIND,106.34,106.46,26.62,1.02,-1.1,1.9,11.3,-319.2,205,1.00,-0.068,0.001,0.00,12,,457,0,-850,319,0.52,31.4,0.00,-0.094
56.00,CROSSWIND,106.44,106.56,26.70,0.99,-1.2,2.0,11.2,-322.6,204,1.00,-0.068,0.002,0.00,11,,454,0,-849,323,0.50,31.4,0.00,-0.095
56.10,CROSSWIND,106.54,106.65,26.78,0.95,-1.3,2.0,11.0,-325.9,204,1.00,-0.068,0.003,0.00,11,,450,0,-849,326,0.49,31.4,0.00,-0.096
56.20,CROSSWIND,106.64,106.74,26.87,0.92,-1.4,2.0,10.9,-329.2,203,1.00,-0.068,0.003,0.00,10,,447,0,-848,329,0.47,31.4,0.00,-0.097
56.30,CROSSWIND,106.73,106.83,26.96,0.89,-1.5,2.0,10.8,-332.6,203,1.00,-0.068,0.003,0.00,10,,444,0,-848,333,0.45,31.4,0.00,-0.098
56.40,CROSSWIND,106.82,106.91,27.04,0.86,-1.6,1.8,10.7,-336.0,202,1.00,-0.068,0.003,0.00,9,,440,0,-847,336,0.43,31.4,0.00,-0.099
56.50,CROSSWIND,106.90,107.00,27.13,0.83,-1.7,1.7,10.6,-339.3,202,1.00,-0.068,0.002,0.00,9,,437,0,-847,339,0.41,31.4,0.00,-0.100
56.60,CROSSWIND,106.98,107.08,27.22,0.81,-1.8,1.5,10.5,-342.7,201,1.00,-0.068,0.002,0.00,8,,434,0,-846,343,0.40,31.4,0.00,-0.101
56.70,CROSSWIND,107.06,107.16,27.31,0.78,-1.9,1.3,10.4,-346.1,201,1.00,-0.068,0.002,0.00,8,,430,0,-846,346,0.38,31.4,0.00,-0.102
56.80,CROSSWIND,107.14,107.23,27.40,0.75,-2.0,1.1,10.3,-349.5,200,1.00,-0.068,0.000,0.00,7,,427,0,-845,349,0.37,31.4,0.00,-0.103
56.90,CROSSWIND,107.21,107.31,27.49,0.73,-2.1,0.8,10.2,-352.9,200,1.00,-0.068,0.001,0.00,7,,423,0,-845,353,0.35,31.4,0.00,-0.104
57.00,CROSSWIND,107.29,107.38,27.58,0.70,-2.2,0.6,10.1,-356.3,199,1.00,-0.068,0.001,0.00,6,,420,0,-844,356,0.34,31.4,0.00,-0.105
57.10,CROSSWIND,107.36,107.45,27.67,0.68,-2.3,0.3,10.0,-359.7,199,1.00,-0.067,-0.001,0.00,6,,416,0,-844,360,0.32,31.4,0.00,-0.105
57.20,CROSSWIND,107.42,107.52,27.76,0.65,-2.3,0.0,10.0,-363.2,198,1.00,-0.067,-0.000,0.00,5,,413,0,-843,363,0.31,31.4,0.00,-0.106
57.30,CROSSWIND,107.49,107.58,27.85,0.63,-2.4,-0.3,9.9,-366.6,198,1.00,-0.067,0.000,0.00,5,,410,0,-843,367,0.30,31.4,0.00,-0.107
57.40,CROSSWIND,107.55,107.65,27.94,0.61,-2.5,-0.7,9.8,-370.1,197,1.00,-0.067,-0.001,0.00,4,,406,0,-842,370,0.28,31.4,0.00,-0.108
57.50,CROSSWIND,107.61,107.71,28.03,0.58,-2.6,-1.0,9.7,-373.6,197,1.00,-0.067,0.001,0.00,4,,403,0,-842,374,0.27,31.4,0.00,-0.108
57.60,CROSSWIND,107.67,107.77,28.12,0.56,-2.7,-1.5,9.6,-377.0,196,1.00,-0.067,0.001,0.00,3,,399,0,-841,377,0.26,31.4,0.00,-0.109
57.70,CROSSWIND,107.72,107.83,28.22,0.54,-2.7,-2.0,9.5,-380.5,196,1.00,-0.067,-0.002,0.00,3,,396,0,-841,381,0.25,31.4,0.00,-0.109
57.80,CROSSWIND,107.77,107.88,28.31,0.51,-2.8,-2.4,9.4,-384.0,195,1.00,-0.067,-0.001,0.00,2,,392,0,-840,384,0.24,31.4,0.00,-0.110
57.90,CROSSWIND,107.83,107.94,28.40,0.49,-2.9,-2.9,9.4,-387.5,195,1.00,-0.067,-0.000,0.00,2,,389,0,-840,388,0.23,31.4,0.00,-0.110
58.00,CROSSWIND,107.87,107.99,28.49,0.46,-2.9,-3.3,9.0,-391.0,194,1.00,-0.066,0.014,0.00,1,,385,0,-839,391,0.22,31.4,0.00,-0.111
58.10,CROSSWIND,107.92,108.04,28.59,0.44,-3.0,-3.8,8.5,-394.5,194,1.00,-0.066,0.024,0.00,1,,382,0,-839,395,0.21,31.4,0.00,-0.111
58.20,CROSSWIND,107.96,108.09,28.68,0.42,-3.1,-4.2,8.0,-398.1,193,1.00,-0.066,0.028,0.00,0,,378,0,-838,398,0.20,31.4,0.00,-0.111
58.30,CROSSWIND,108.00,108.14,28.77,0.39,-3.1,-4.7,7.6,-401.6,193,1.00,-0.065,0.028,0.00,0,,375,0,-838,402,0.19,31.4,0.00,-0.111
58.40,CROSSWIND,108.04,108.19,28.86,0.37,-3.2,-5.2,7.2,-405.1,192,1.00,-0.065,0.025,0.00,1,,371,0,-837,405,0.19,31.4,0.00,-0.111
58.50,CROSSWIND,108.08,108.23,28.96,0.35,-3.3,-5.7,6.9,-408.7,192,1.00,-0.065,0.022,0.00,1,,368,0,-837,409,0.18,31.4,0.00,-0.112
58.60,CROSSWIND,108.11,108.28,29.05,0.34,-3.3,-6.2,6.6,-412.2,191,1.00,-0.065,0.020,0.00,2,,364,0,-836,412,0.17,31.4,0.00,-0.112
58.70,CROSSWIND,108.15,108.32,29.14,0.32,-3.4,-6.7,6.4,-415.8,190,0.98,-0.065,0.017,0.00,3,,360,0,-835,416,0.16,31.4,0.03,-0.112
58.80,CROSSWIND,108.18,108.36,29.23,0.30,-3.4,-7.2,6.1,-419.4,190,0.97,-0.064,0.015,0.00,3,,357,0,-835,419,0.16,31.4,0.07,-0.111
58.90,CROSSWIND,108.21,108.40,29.31,0.29,-3.5,-7.8,5.9,-423.0,189,0.95,-0.064,0.012,0.00,4,,353,0,-834,423,0.15,31.4,0.12,-0.110
59.00,CROSSWIND,108.24,108.44,29.39,0.27,-3.5,-8.4,5.6,-426.5,189,0.94,-0.063,0.009,0.00,4,,350,0,-834,427,0.15,31.4,0.17,-0.109
59.10,CROSSWIND,108.26,108.47,29.47,0.26,-3.5,-9.0,5.3,-430.1,188,0.93,-0.063,0.004,0.00,5,,346,0,-833,430,0.14,31.4,0.22,-0.107
59.20,CROSSWIND,108.29,108.51,29.54,0.25,-3.5,-9.4,5.0,-433.7,187,0.92,-0.062,0.003,0.00,6,,343,0,-832,434,0.14,31.4,0.28,-0.106
59.30,DOWNWIND,108.31,108.54,29.62,0.24,-3.5,-9.9,4.7,-437.3,187,0.90,-0.062,0.003,0.00,339,,3202,0,-832,437,0.13,31.4,0.33,-0.104
59.40,DOWNWIND,108.34,108.57,29.69,0.23,-3.5,-10.4,4.4,-440.9,186,0.89,-0.061,0.002,0.00,335,,3201,0,-831,441,0.13,31.4,0.38,-0.102
59.50,DOWNWIND,108.36,108.60,29.75,0.22,-3.5,-10.8,4.0,-444.5,185,0.88,-0.061,-0.001,0.00,332,,3201,0,-830,445,0.12,31.4,0.43,-0.100
59.60,DOWNWIND,108.38,108.63,29.81,0.21,-3.5,-11.2,3.6,-448.1,184,0.87,-0.060,-0.001,0.00,328,,3200,0,-829,448,0.12,31.4,0.48,-0.098
59.70,DOWNWIND,108.40,108.66,29.88,0.20,-3.5,-11.6,3.3,-451.7,184,0.86,-0.059,-0.000,0.00,325,,3199,0,-829,452,0.11,31.4,0.53,-0.096
59.80,DOWNWIND,108.42,108.69,29.93,0.19,-3.5,-12.0,2.9,-455.3,183,0.85,-0.059,0.000,0.00,321,,3199,0,-828,455,0.11,31.4,0.58,-0.094
59.90,DOWNWIND,108.44,108.71,29.99,0.18,-3.5,-12.4,2.6,-458.9,182,0.84,-0.058,-0.002,0.00,317,,3198,0,-827,459,0.11,31.4,0.63,-0.092
60.00,DOWNWIND,108.46,108.74,30.05,0.17,-3.4,-12.8,2.3,-462.5,181,0.83,-0.057,-0.002,0.00,314,,3197,0,-826,463,0.10,31.4,0.68,-0.090
60.10,DOWNWIND,108.47,108.76,30.10,0.16,-3.4,-13.2,2.0,-466.2,181,0.83,-0.057,-0.002,0.00,310,,3196,0,-826,466,0.10,31.4,0.72,-0.088
60.20,DOWNWIND,108.49,108.78,30.15,0.16,-3.4,-13.6,1.7,-469.8,180,0.82,-0.056,-0.002,0.00,306,,3195,0,-825,470,0.10,31.4,0.77,-0.086
60.30,DOWNWIND,108.51,108.80,30.19,0.16,-3.3,-14.0,1.5,-473.4,179,0.81,-0.055,-0.004,0.00,303,,3194,0,-824,473,0.09,31.4,0.82,-0.084
60.40,DOWNWIND,108.52,108.83,30.24,0.16,-3.3,-14.3,1.3,-477.0,178,0.80,-0.055,-0.005,0.00,299,,3194,0,-823,477,0.09,31.4,0.87,-0.083
60.50,DOWNWIND,108.54,108.85,30.28,0.16,-3.3,-14.7,1.1,-480.6,177,0.80,-0.054,-0.005,0.00,296,,3193,0,-822,481,0.09,31.4,0.92,-0.081
60.60,DOWNWIND,108.55,108.87,30.32,0.16,-3.2,-15.0,1.0,-484.2,176,0.79,-0.053,-0.006,0.00,292,,3192,0,-821,484,0.08,31.4,0.97,-0.079
60.70,DOWNWIND,108.57,108.89,30.36,0.17,-3.2,-15.4,0.9,-487.8,175,0.78,-0.054,-0.009,0.00,288,,3191,0,-820,488,0.08,31.4,1.00,-0.079
60.80,DOWNWIND,108.59,108.91,30.40,0.18,-3.1,-15.7,0.8,-491.3,174,0.78,-0.055,-0.010,0.00,285,,3190,0,-819,491,0.08,31.4,1.00,-0.079
60.90,DOWNWIND,108.60,108.94,30.44,0.19,-3.1,-16.0,0.8,-494.9,173,0.77,-0.054,-0.011,0.00,281,,3189,0,-818,495,0.07,31.4,1.00,-0.079
61.00,DOWNWIND,108.62,108.96,30.47,0.20,-3.1,-16.4,0.7,-498.5,172,0.76,-0.054,-0.012,0.00,278,,3188,0,-817,498,0.07,31.4,1.00,-0.080
61.10,DOWNWIND,108.64,108.98,30.50,0.21,-3.1,-16.7,0.7,-502.1,171,0.76,-0.054,-0.014,0.00,274,,3187,0,-816,502,0.06,31.4,1.00,-0.080
61.20,DOWNWIND,108.67,109.01,30.53,0.22,-3.1,-16.9,0.7,-505.6,170,0.75,-0.054,-0.015,0.00,271,,3185,0,-815,506,0.06,31.4,1.00,-0.081
61.30,DOWNWIND,108.69,109.03,30.56,0.22,-3.0,-17.2,0.7,-509.2,169,0.75,-0.054,-0.016,0.00,267,,3184,0,-814,509,0.06,31.4,1.00,-0.081
61.40,DOWNWIND,108.71,109.06,30.58,0.23,-3.0,-17.5,0.7,-512.7,168,0.74,-0.054,-0.017,0.00,264,,3183,0,-813,513,0.05,31.4,1.00,-0.082
61.50,DOWNWIND,108.73,109.08,30.61,0.23,-3.0,-17.7,0.7,-516.3,166,0.74,-0.055,-0.019,0.00,260,,3182,0,-811,516,0.05,31.4,1.00,-0.082
61.60,DOWNWIND,108.75,109.11,30.63,0.23,-3.0,-17.9,0.7,-519.8,165,0.74,-0.055,-0.020,0.00,256,,3181,0,-810,520,0.04,31.4,1.00,-0.083
61.70,DOWNWIND,108.78,109.13,30.66,0.23,-3.0,-18.1,0.8,-523.3,164,0.73,-0.055,-0.020,0.00,253,,3180,0,-809,523,0.04,31.4,1.00,-0.083
61.80,DOWNWIND,108.80,109.15,30.68,0.22,-3.0,-18.3,0.8,-526.8,163,0.73,-0.055,-0.021,0.00,249,,3178,0,-808,527,0.03,31.4,1.00,-0.084
61.90,DOWNWIND,108.82,109.18,30.70,0.22,-3.0,-18.5,0.8,-530.3,161,0.73,-0.055,-0.022,0.00,246,,3177,0,-806,530,0.03,31.4,1.00,-0.084
62.00,DOWNWIND,108.84,109.20,30.72,0.21,-3.1,-18.7,0.8,-533.8,160,0.72,-0.055,-0.023,0.00,242,,3176,0,-805,534,0.02,31.4,1.00,-0.084
62.10,DOWNWIND,108.87,109.22,30.75,0.20,-3.1,-18.9,0.8,-537.3,159,0.72,-0.055,-0.023,0.00,239,,3174,0,-804,537,0.02,31.4,1.00,-0.085
62.20,DOWNWIND,108.89,109.24,30.77,0.19,-3.1,-19.1,0.8,-540.7,157,0.72,-0.055,-0.023,0.00,236,,3173,0,-802,541,0.02,31.4,1.00,-0.085
62.30,DOWNWIND,108.90,109.26,30.79,0.18,-3.1,-19.2,0.8,-544.2,156,0.71,-0.055,-0.024,0.00,232,,3171,0,-801,544,0.01,31.4,1.00,-0.085
62.40,DOWNWIND,108.92,109.28,30.81,0.17,-3.1,-19.4,0.8,-547.6,154,0.71,-0.055,-0.024,0.00,229,,3170,0,-799,548,0.01,31.4,1.00,-0.085
62.50,DOWNWIND,108.94,109.29,30.83,0.16,-3.1,-19.5,0.9,-551.0,153,0.71,-0.055,-0.025,0.00,225,,3168,0,-798,551,0.01,31.4,1.00,-0.085
62.60,DOWNWIND,108.95,109.31,30.85,0.14,-3.1,-19.6,0.9,-554.4,151,0.71,-0.055,-0.025,0.00,222,,3167,0,-796,554,0.00,31.4,1.00,-0.085
62.70,DOWNWIND,108.97,109.32,30.86,0.13,-3.1,-19.8,0.9,-557.8,150,0.71,-0.055,-0.025,0.00,218,,3165,0,-795,558,0.00,31.4,1.00,-0.085
62.80,DOWNWIND,108.98,109.34,30.88,0.11,-3.1,-19.9,1.0,-561.2,148,0.70,-0.055,-0.026,0.00,215,,3164,0,-793,561,-0.00,31.4,1.00,-0.085
62.90,DOWNWIND,108.99,109.35,30.90,0.10,-3.1,-20.0,1.0,-564.5,147,0.70,-0.055,-0.027,0.00,212,,3162,0,-792,565,-0.00,31.4,1.00,-0.084
63.00,DOWNWIND,109.00,109.36,30.92,0.09,-3.2,-20.1,1.1,-567.9,145,0.70,-0.054,-0.027,0.00,208,,3161,0,-790,568,-0.01,31.4,1.00,-0.084
63.10,DOWNWIND,109.01,109.36,30.94,0.07,-3.2,-20.2,1.2,-571.2,143,0.70,-0.054,-0.027,0.00,205,,3159,0,-788,571,-0.01,31.4,1.00,-0.084
63.20,DOWNWIND,109.02,109.37,30.96,0.06,-3.2,-20.4,1.3,-574.5,142,0.69,-0.054,-0.029,0.00,202,,3157,0,-787,575,-0.01,31.4,1.00,-0.084
63.30,DOWNWIND,109.02,109.38,30.97,0.05,-3.2,-20.4,1.3,-577.8,140,0.69,-0.054,-0.029,0.00,198,,3155,0,-785,578,-0.01,31.4,1.00,-0.083
63.40,DOWNWIND,109.03,109.38,30.99,0.04,-3.2,-20.5,1.4,-581.1,138,0.69,-0.054,-0.029,0.00,195,,3154,0,-783,581,-0.01,31.4,1.00,-0.083
63.50,DOWNWIND,109.03,109.39,31.01,0.03,-3.2,-20.6,1.5,-584.3,136,0.69,-0.053,-0.029,0.00,192,,3152,0,-781,584,-0.01,31.4,1.00,-0.083
63.60,DOWNWIND,109.03,109.39,31.02,0.03,-3.2,-20.7,1.7,-587.6,135,0.69,-0.053,-0.032,0.00,189,,3150,0,-780,588,-0.01,31.4,1.00,-0.083
63.70,DOWNWIND,109.04,109.39,31.04,0.02,-3.2,-20.7,1.8,-590.8,133,0.68,-0.053,-0.032,0.00,185,,3148,0,-778,591,-0.01,31.4,1.00,-0.082
63.80,DOWNWIND,109.04,109.39,31.06,0.01,-3.2,-20.8,1.9,-594.0,131,0.68,-0.053,-0.031,0.00,182,,3146,0,-776,594,-0.01,31.4,1.00,-0.082
63.90,DOWNWIND,109.04,109.40,31.07,0.01,-3.2,-20.8,2.0,-597.1,129,0.68,-0.053,-0.033,0.00,179,,3144,0,-774,597,-0.01,31.4,1.00,-0.082
64.00,DOWNWIND,109.04,109.40,31.09,0.01,-3.2,-20.9,2.1,-600.3,127,0.68,-0.053,-0.034,0.00,176,,3143,0,-772,600,-0.01,31.4,1.00,-0.082
64.10,DOWNWIND,109.04,109.40,31.10,0.00,-3.2,-20.9,2.3,-603.4,125,0.68,-0.053,-0.034,0.00,173,,3141,0,-770,603,-0.01,31.4,1.00,-0.082
64.20,DOWNWIND,109.04,109.40,31.11,0.00,-3.2,-20.9,2.4,-606.5,123,0.67,-0.053,-0.034,0.00,170,,3139,0,-768,607,-0.01,31.4,1.00,-0.082
64.30,DOWNWIND,109.04,109.40,31.13,-0.00,-3.2,-20.9,2.5,-609.6,121,0.67,-0.053,-0.036,0.00,167,,3137,0,-766,610,-0.01,31.4,1.00,-0.081
64.40,DOWNWIND,109.04,109.40,31.14,-0.00,-3.2,-20.9,2.7,-612.6,119,0.67,-0.053,-0.036,0.00,164,,3134,0,-764,613,-0.01,31.4,1.00,-0.081
64.50,DOWNWIND,109.04,109.39,31.15,-0.00,-3.2,-20.9,2.8,-615.7,117,0.67,-0.053,-0.036,0.00,161,,3132,0,-762,616,-0.01,31.4,1.00,-0.081
64.60,DOWNWIND,109.04,109.39,31.16,-0.01,-3.3,-20.9,2.9,-618.7,115,0.67,-0.053,-0.035,0.00,158,,3130,0,-760,619,-0.01,31.4,1.00,-0.081
64.70,DOWNWIND,109.04,109.39,31.18,-0.01,-3.3,-20.9,3.0,-621.7,113,0.67,-0.053,-0.038,0.00,155,,3128,0,-758,622,-0.01,31.4,1.00,-0.081
64.80,DOWNWIND,109.04,109.38,31.19,-0.01,-3.3,-20.9,3.2,-624.6,110,0.66,-0.053,-0.038,0.00,152,,3126,0,-755,625,-0.01,31.4,1.00,-0.081
64.90,DOWNWIND,109.04,109.38,31.20,-0.01,-3.3,-20.9,3.3,-627.6,108,0.66,-0.053,-0.037,0.00,149,,3124,0,-753,628,-0.01,31.4,1.00,-0.081
65.00,DOWNWIND,109.04,109.38,31.21,-0.01,-3.3,-20.9,3.4,-630.5,106,0.66,-0.053,-0.037,0.00,146,,3122,0,-751,630,-0.01,31.4,1.00,-0.081
65.10,DOWNWIND,109.03,109.37,31.22,-0.01,-3.3,-20.9,3.5,-633.4,104,0.66,-0.053,-0.039,0.00,143,,3119,0,-749,633,-0.01,31.4,1.00,-0.081
65.20,DOWNWIND,109.03,109.37,31.23,-0.01,-3.3,-20.9,3.7,-636.2,101,0.66,-0.053,-0.039,0.00,140,,3117,0,-746,636,-0.01,31.4,1.00,-0.081
65.30,DOWNWIND,109.03,109.37,31.24,-0.01,-3.3,-20.8,3.8,-639.1,99,0.66,-0.053,-0.038,0.00,137,,3115,0,-744,639,-0.01,31.4,1.00,-0.081
65.40,DOWNWIND,109.03,109.36,31.25,-0.01,-3.3,-20.8,3.9,-641.9,97,0.66,-0.053,-0.039,0.00,134,,3112,0,-742,642,-0.01,31.4,1.00,-0.081
65.50,DOWNWIND,109.03,109.36,31.26,-0.01,-3.3,-20.8,4.0,-644.7,95,0.65,-0.053,-0.040,0.00,132,,3110,0,-740,645,-0.01,31.4,1.00,-0.081
65.60,DOWNWIND,109.03,109.36,31.26,-0.01,-3.3,-20.7,4.2,-647.4,92,0.65,-0.054,-0.040,0.00,129,,3108,0,-737,647,-0.01,31.4,1.00,-0.081
65.70,DOWNWIND,109.03,109.35,31.27,-0.01,-3.3,-20.7,4.3,-650.1,90,0.65,-0.054,-0.039,0.00,126,,3105,0,-735,650,-0.01,31.4,1.00,-0.081
65.80,DOWNWIND,109.03,109.35,31.28,-0.01,-3.3,-20.7,4.4,-652.8,87,0.65,-0.054,-0.042,0.00,123,,3103,0,-732,653,-0.01,31.4,1.00,-0.081
65.90,DOWNWIND,109.03,109.35,31.29,-0.01,-3.3,-20.6,4.6,-655.5,85,0.65,-0.054,-0.043,0.00,121,,3100,0,-730,656,-0.01,31.4,1.00,-0.081
66.00,DOWNWIND,109.02,109.35,31.30,-0.01,-3.3,-20.5,4.7,-658.1,82,0.65,-0.054,-0.043,0.00,118,,3098,0,-727,658,-0.01,31.4,1.00,-0.081
66.10,DOWNWIND,109.02,109.35,31.30,-0.01,-3.3,-20.4,4.8,-660.8,80,0.65,-0.053,-0.042,0.00,115,,3095,0,-725,661,-0.01,31.4,1.00,-0.081
66.20,DOWNWIND,109.02,109.35,31.31,-0.00,-3.3,-20.3,5.0,-663.3,77,0.65,-0.053,-0.043,0.00,113,,3093,0,-722,663,-0.01,31.4,1.00,-0.081
66.30,DOWNWIND,109.02,109.35,31.31,0.00,-3.3,-20.2,5.1,-665.9,75,0.65,-0.054,-0.043,0.00,110,,3090,0,-720,666,-0.01,31.4,1.00,-0.081
66.40,DOWNWIND,109.02,109.36,31.32,0.01,-3.3,-20.1,5.3,-668.4,72,0.64,-0.054,-0.043,0.00,108,,3088,0,-717,668,-0.01,31.4,1.00,-0.081
66.50,DOWNWIND,109.02,109.36,31.33,0.01,-3.3,-20.0,5.4,-670.9,70,0.64,-0.055,-0.042,0.00,105,,3085,0,-715,671,-0.01,31.4,1.00,-0.081
66.60,DOWNWIND,109.03,109.37,31.33,0.02,-3.3,-19.9,5.5,-673.4,67,0.64,-0.055,-0.044,0.00,103,,3083,0,-712,673,-0.01,31.4,1.00,-0.081
66.70,DOWNWIND,109.03,109.38,31.34,0.02,-3.3,-19.8,5.7,-675.8,64,0.64,-0.055,-0.044,0.00,100,,3080,0,-709,676,-0.01,31.4,1.00,-0.082
66.80,DOWNWIND,109.03,109.39,31.34,0.03,-3.3,-19.8,5.8,-678.2,62,0.64,-0.056,-0.044,0.00,98,,3077,0,-707,678,-0.01,31.4,1.00,-0.082
66.90,DOWNWIND,109.03,109.40,31.34,0.03,-3.3,-19.7,5.9,-680.6,59,0.64,-0.055,-0.045,0.00,96,,3075,0,-704,681,-0.01,31.4,1.00,-0.082
67.00,DOWNWIND,109.04,109.41,31.35,0.04,-3.3,-19.6,6.0,-683.0,56,0.64,-0.056,-0.045,0.00,93,,3072,0,-701,683,-0.01,31.4,1.00,-0.082
67.10,DOWNWIND,109.04,109.42,31.35,0.04,-3.3,-19.5,6.1,-685.3,54,0.64,-0.056,-0.044,0.00,91,,3069,0,-699,685,-0.01,31.4,1.00,-0.083
67.20,DOWNWIND,109.04,109.44,31.35,0.04,-3.3,-19.5,6.2,-687.6,51,0.64,-0.056,-0.044,0.00,89,,3067,0,-696,688,-0.02,31.4,1.00,-0.083
67.30,DOWNWIND,109.05,109.45,31.36,0.04,-3.3,-19.4,6.3,-689.9,48,0.64,-0.057,-0.046,0.00,86,,3064,0,-693,690,-0.02,31.4,1.00,-0.083
67.40,DOWNWIND,109.05,109.46,31.36,0.04,-3.3,-19.3,6.3,-692.1,46,0.64,-0.057,-0.045,0.00,84,,3061,0,-691,692,-0.02,31.4,1.00,-0.083
67.50,DOWNWIND,109.06,109.48,31.36,0.04,-3.3,-19.3,6.4,-694.3,43,0.64,-0.057,-0.044,0.00,82,,3058,0,-688,694,-0.02,31.4,1.00,-0.083
67.60,DOWNWIND,109.06,109.49,31.37,0.04,-3.3,-19.2,6.5,-696.5,40,0.64,-0.057,-0.046,0.00,80,,3055,0,-685,696,-0.02,31.4,1.00,-0.084
67.70,DOWNWIND,109.06,109.50,31.37,0.04,-3.4,-19.2,6.6,-698.6,37,0.64,-0.057,-0.046,0.00,78,,3053,0,-682,699,-0.02,31.4,1.00,-0.084
67.80,DOWNWIND,109.07,109.51,31.37,0.03,-3.4,-19.1,6.6,-700.7,34,0.64,-0.058,-0.045,0.00,76,,3050,0,-679,701,-0.02,31.4,1.00,-0.084
67.90,DOWNWIND,109.07,109.52,31.38,0.03,-3.4,-19.1,6.7,-702.8,32,0.64,-0.058,-0.045,0.00,73,,3047,0,-677,703,-0.02,31.4,1.00,-0.084
68.00,DOWNWIND,109.07,109.53,31.38,0.03,-3.4,-19.0,6.8,-704.9,29,0.63,-0.058,-0.047,0.00,71,,3044,0,-674,705,-0.02,31.4,1.00,-0.084
68.10,DOWNWIND,109.08,109.54,31.38,0.03,-3.4,-18.9,6.9,-706.9,26,0.63,-0.058,-0.046,0.00,69,,3041,0,-671,707,-0.02,31.4,1.00,-0.084
68.20,DOWNWIND,109.08,109.54,31.38,0.03,-3.4,-18.9,6.9,-708.9,23,0.63,-0.058,-0.047,0.00,67,,3038,0,-668,709,-0.02,31.4,1.00,-0.084
68.30,DOWNWIND,109.08,109.55,31.39,0.02,-3.4,-18.8,7.0,-710.8,20,0.63,-0.058,-0.048,0.00,65,,3036,0,-665,711,-0.02,31.4,1.00,-0.084
68.40,DOWNWIND,109.08,109.56,31.39,0.02,-3.4,-18.6,7.1,-712.8,17,0.63,-0.057,-0.048,0.00,63,,3033,0,-662,713,-0.02,31.4,1.00,-0.084
68.50,DOWNWIND,109.09,109.56,31.39,0.02,-3.4,-18.5,7.2,-714.7,14,0.63,-0.058,-0.047,0.00,62,,3030,0,-659,715,-0.02,31.4,1.00,-0.084
68.60,DOWNWIND,109.09,109.57,31.39,0.03,-3.4,-18.4,7.3,-716.5,11,0.63,-0.058,-0.048,0.00,60,,3027,0,-656,717,-0.02,31.4,1.00,-0.084
68.70,DOWNWIND,109.09,109.57,31.40,0.03,-3.4,-18.3,7.4,-718.4,8,0.63,-0.058,-0.049,0.00,58,,3024,0,-653,718,-0.02,31.4,1.00,-0.084
68.80,DOWNWIND,109.09,109.58,31.40,0.03,-3.4,-18.2,7.5,-720.2,5,0.63,-0.058,-0.048,0.00,56,,3021,0,-650,720,-0.03,31.4,1.00,-0.084
68.90,DOWNWIND,109.10,109.58,31.40,0.03,-3.4,-18.2,7.6,-722.0,2,0.63,-0.058,-0.049,0.00,54,,3018,0,-647,722,-0.03,31.4,1.00,-0.085
69.00,DOWNWIND,109.10,109.59,31.40,0.04,-3.4,-18.1,7.7,-723.7,-1,0.63,-0.058,-0.050,0.00,52,,3015,0,-644,724,-0.03,31.4,1.00,-0.085
69.10,DOWNWIND,109.10,109.60,31.40,0.04,-3.4,-18.0,7.8,-725.5,-4,0.63,-0.059,-0.049,0.00,51,,3012,0,-641,725,-0.03,31.4,1.00,-0.085
69.20,DOWNWIND,109.11,109.60,31.40,0.04,-3.4,-18.0,7.8,-727.2,-7,0.63,-0.059,-0.049,0.00,49,,3009,0,-638,727,-0.03,31.4,1.00,-0.085
69.30,DOWNWIND,109.11,109.61,31.40,0.04,-3.5,-17.9,7.9,-728.8,-10,0.63,-0.059,-0.050,0.00,47,,3006,0,-635,729,-0.03,31.4,1.00,-0.085
69.40,DOWNWIND,109.12,109.62,31.40,0.04,-3.5,-17.8,8.0,-730.4,-13,0.62,-0.060,-0.049,0.00,46,,3003,0,-632,730,-0.03,31.4,1.00,-0.086
69.50,DOWNWIND,109.12,109.62,31.40,0.04,-3.5,-17.8,8.0,-732.1,-16,0.62,-0.060,-0.049,0.00,44,,3000,0,-629,732,-0.03,31.4,1.00,-0.086
69.60,DOWNWIND,109.12,109.63,31.40,0.04,-3.5,-17.8,8.1,-733.6,-19,0.62,-0.060,-0.051,0.00,43,,2997,0,-626,734,-0.03,31.4,1.00,-0.086
69.70,DOWNWIND,109.13,109.64,31.41,0.04,-3.5,-17.7,8.1,-735.2,-22,0.62,-0.060,-0.050,0.00,41,,2994,0,-623,735,-0.03,31.4,1.00,-0.086
69.80,DOWNWIND,109.13,109.64,31.41,0.03,-3.5,-17.6,8.1,-736.7,-25,0.62,-0.060,-0.049,0.00,40,,2991,0,-620,737,-0.03,31.4,1.00,-0.086
69.90,DOWNWIND,109.14,109.65,31.41,0.03,-3.5,-17.6,8.2,-738.2,-28,0.62,-0.060,-0.051,0.00,38,,2988,0,-617,738,-0.03,31.4,1.00,-0.086
70.00,DOWNWIND,109.14,109.66,31.41,0.03,-3.5,-17.5,8.2,-739.6,-31,0.62,-0.060,-0.050,0.00,37,,2985,0,-614,740,-0.03,31.4,1.00,-0.086
70.10,DOWNWIND,109.14,109.66,31.41,0.02,-3.5,-17.5,8.2,-741.0,-34,0.62,-0.061,-0.049,0.00,35,,2982,0,-611,741,-0.03,31.4,1.00,-0.086
70.20,DOWNWIND,109.14,109.67,31.41,0.02,-3.5,-17.5,8.3,-742.4,-37,0.62,-0.060,-0.051,0.00,34,,2979,0,-608,742,-0.04,31.4,1.00,-0.086
70.30,DOWNWIND,109.15,109.67,31.41,0.02,-3.5,-17.4,8.3,-743.8,-40,0.62,-0.061,-0.052,0.00,32,,2975,0,-605,744,-0.04,31.4,1.00,-0.086
70.40,DOWNWIND,109.15,109.68,31.41,0.01,-3.5,-17.3,8.4,-745.1,-43,0.62,-0.061,-0.051,0.00,31,,2972,0,-602,745,-0.04,31.4,1.00,-0.086
70.50,DOWNWIND,109.15,109.68,31.41,0.01,-3.5,-17.2,8.4,-746.4,-46,0.62,-0.060,-0.051,0.00,30,,2969,0,-599,746,-0.04,31.4,1.00,-0.086
70.60,DOWNWIND,109.15,109.68,31.41,0.01,-3.5,-17.1,8.5,-747.7,-49,0.62,-0.060,-0.051,0.00,29,,2966,0,-596,748,-0.04,31.4,1.00,-0.086
70.70,DOWNWIND,109.15,109.69,31.41,0.01,-3.5,-17.0,8.5,-749.0,-52,0.62,-0.060,-0.051,0.00,27,,2963,0,-593,749,-0.04,31.4,1.00,-0.086
70.80,DOWNWIND,109.15,109.69,31.42,0.01,-3.6,-16.9,8.6,-750.2,-56,0.62,-0.060,-0.052,0.00,26,,2960,0,-589,750,-0.04,31.4,1.00,-0.086
70.90,DOWNWIND,109.15,109.69,31.42,0.01,-3.6,-16.9,8.7,-751.4,-59,0.62,-0.061,-0.052,0.00,25,,2957,0,-586,751,-0.04,31.4,1.00,-0.086
71.00,DOWNWIND,109.15,109.70,31.42,0.01,-3.6,-16.8,8.7,-752.5,-62,0.62,-0.061,-0.051,0.00,24,,2954,0,-583,753,-0.04,31.4,1.00,-0.086
71.10,DOWNWIND,109.15,109.70,31.42,0.01,-3.6,-16.7,8.8,-753.7,-65,0.62,-0.061,-0.053,0.00,23,,2951,0,-580,754,-0.04,31.4,1.00,-0.086
71.20,DOWNWIND,109.16,109.70,31.42,0.02,-3.6,-16.7,8.8,-754.8,-68,0.62,-0.061,-0.053,0.00,21,,2947,0,-577,755,-0.04,31.4,1.00,-0.087
71.30,DOWNWIND,109.16,109.70,31.42,0.02,-3.6,-16.6,8.9,-755.8,-71,0.62,-0.061,-0.052,0.00,20,,2944,0,-574,756,-0.04,31.4,1.00,-0.087
71.40,DOWNWIND,109.16,109.71,31.42,0.02,-3.6,-16.6,8.9,-756.9,-74,0.62,-0.061,-0.054,0.00,19,,2941,0,-571,757,-0.04,31.4,1.00,-0.087
71.50,DOWNWIND,109.16,109.71,31.42,0.02,-3.6,-16.5,9.0,-757.9,-78,0.62,-0.061,-0.053,0.00,18,,2938,0,-567,758,-0.04,31.4,1.00,-0.087
71.60,DOWNWIND,109.16,109.71,31.42,0.02,-3.6,-16.4,9.0,-758.9,-81,0.62,-0.061,-0.053,0.00,17,,2935,0,-564,759,-0.04,31.4,1.00,-0.087
71.70,DOWNWIND,109.17,109.72,31.42,0.02,-3.6,-16.3,9.0,-759.8,-84,0.62,-0.061,-0.054,0.00,16,,2932,0,-561,760,-0.04,31.4,1.00,-0.087
71.80,DOWNWIND,109.17,109.72,31.42,0.02,-3.6,-16.2,9.1,-760.8,-87,0.62,-0.061,-0.054,0.00,15,,2929,0,-558,761,-0.04,31.4,1.00,-0.087
71.90,DOWNWIND,109.17,109.72,31.42,0.02,-3.6,-16.1,9.1,-761.7,-90,0.62,-0.062,-0.053,0.00,15,,2925,0,-555,762,-0.04,31.4,1.00,-0.087
72.00,DOWNWIND,109.17,109.72,31.42,0.02,-3.6,-16.0,9.1,-762.5,-93,0.62,-0.061,-0.054,0.00,14,,2922,0,-552,763,-0.04,31.4,1.00,-0.087
72.10,DOWNWIND,109.17,109.73,31.42,0.02,-3.6,-15.8,9.2,-763.4,-96,0.62,-0.062,-0.054,0.00,13,,2919,0,-549,763,-0.04,31.4,1.00,-0.088
72.20,DOWNWIND,109.18,109.73,31.42,0.03,-3.6,-15.7,9.2,-764.2,-100,0.62,-0.062,-0.053,0.00,12,,2916,0,-545,764,-0.04,31.4,1.00,-0.088
72.30,DOWNWIND,109.18,109.74,31.42,0.03,-3.7,-15.5,9.2,-765.0,-103,0.62,-0.062,-0.054,0.00,11,,2913,0,-542,765,-0.04,31.4,1.00,-0.088
72.40,DOWNWIND,109.18,109.74,31.42,0.03,-3.7,-15.3,9.3,-765.8,-106,0.62,-0.062,-0.055,0.00,10,,2910,0,-539,766,-0.04,31.4,1.00,-0.088
72.50,DOWNWIND,109.18,109.75,31.42,0.03,-3.7,-15.1,9.3,-766.5,-109,0.62,-0.062,-0.054,0.00,10,,2906,0,-536,767,-0.04,31.4,1.00,-0.088
72.60,DOWNWIND,109.19,109.76,31.42,0.04,-3.7,-14.8,9.3,-767.2,-112,0.62,-0.062,-0.054,0.00,9,,2903,0,-533,767,-0.04,31.4,1.00,-0.089
72.70,DOWNWIND,109.19,109.76,31.42,0.05,-3.7,-14.6,9.4,-767.9,-115,0.62,-0.062,-0.055,0.00,8,,2900,0,-530,768,-0.04,31.4,1.00,-0.089
72.80,DOWNWIND,109.20,109.77,31.41,0.05,-3.7,-14.4,9.4,-768.6,-119,0.61,-0.062,-0.054,0.00,8,,2897,0,-526,769,-0.05,31.4,1.00,-0.089
72.90,DOWNWIND,109.20,109.78,31.41,0.06,-3.7,-14.1,9.5,-769.2,-122,0.61,-0.063,-0.055,0.00,7,,2894,0,-523,769,-0.05,31.4,1.00,-0.090
73.00,DOWNWIND,109.21,109.79,31.41,0.07,-3.7,-13.9,9.5,-769.8,-125,0.61,-0.063,-0.055,0.00,6,,2891,0,-520,770,-0.05,31.4,1.00,-0.090
73.10,DOWNWIND,109.22,109.80,31.41,0.07,-3.8,-13.6,9.5,-770.4,-128,0.61,-0.063,-0.055,0.00,6,,2888,0,-517,770,-0.05,31.4,1.00,-0.090
73.20,DOWNWIND,109.22,109.81,31.41,0.08,-3.8,-13.4,9.5,-770.9,-131,0.61,-0.064,-0.055,0.00,5,,2884,0,-514,771,-0.05,31.4,1.00,-0.091
73.30,DOWNWIND,109.23,109.82,31.41,0.09,-3.8,-13.1,9.5,-771.5,-134,0.61,-0.064,-0.055,0.00,5,,2881,0,-511,771,-0.05,31.4,1.00,-0.092
73.40,DOWNWIND,109.24,109.83,31.40,0.10,-3.8,-12.8,9.5,-772.0,-137,0.61,-0.064,-0.055,0.00,4,,2878,0,-508,772,-0.05,31.4,1.00,-0.092
73.50,DOWNWIND,109.25,109.85,31.40,0.10,-3.8,-12.6,9.5,-772.5,-141,0.61,-0.065,-0.055,0.00,4,,2875,0,-504,772,-0.06,31.4,1.00,-0.093
73.60,DOWNWIND,109.26,109.86,31.40,0.11,-3.8,-12.3,9.5,-773.0,-144,0.61,-0.065,-0.055,0.00,3,,2872,0,-501,773,-0.06,31.4,1.00,-0.093
73.70,DOWNWIND,109.27,109.87,31.40,0.12,-3.8,-12.0,9.4,-773.4,-147,0.61,-0.065,-0.055,0.00,3,,2869,0,-498,773,-0.06,31.4,1.00,-0.094
73.80,DOWNWIND,109.29,109.89,31.39,0.12,-3.9,-11.7,9.4,-773.8,-150,0.61,-0.066,-0.055,0.00,2,,2865,0,-495,774,-0.06,31.4,1.00,-0.094
73.90,DOWNWIND,109.30,109.90,31.39,0.13,-3.9,-11.4,9.3,-774.2,-153,0.61,-0.066,-0.054,0.00,2,,2862,0,-492,774,-0.07,31.4,1.00,-0.095
74.00,DOWNWIND,109.31,109.92,31.39,0.13,-3.9,-11.1,9.3,-774.6,-156,0.61,-0.066,-0.054,0.00,2,,2859,0,-489,775,-0.07,31.4,1.00,-0.095
74.10,DOWNWIND,109.32,109.93,31.38,0.13,-3.9,-10.9,9.2,-775.0,-159,0.61,-0.067,-0.054,0.00,1,,2856,0,-486,775,-0.07,31.4,1.00,-0.096
74.20,DOWNWIND,109.34,109.95,31.38,0.13,-3.9,-10.6,9.1,-775.3,-163,0.61,-0.067,-0.054,0.00,1,,2853,0,-482,775,-0.07,31.4,1.00,-0.096
74.30,DOWNWIND,109.35,109.97,31.38,0.14,-3.9,-10.3,9.0,-775.7,-166,0.61,-0.067,-0.054,0.00,1,,2850,0,-479,776,-0.08,31.4,1.00,-0.097
74.40,DOWNWIND,109.36,109.98,31.38,0.14,-4.0,-10.0,8.9,-776.0,-169,0.61,-0.068,-0.053,0.00,0,,2847,0,-476,776,-0.08,31.4,1.00,-0.097
74.50,DOWNWIND,109.38,110.00,31.37,0.14,-4.0,-9.7,8.7,-776.3,-172,0.61,-0.068,-0.053,0.00,0,,2844,0,-473,776,-0.08,31.4,1.00,-0.098
74.60,DOWNWIND,109.39,110.02,31.37,0.14,-4.0,-9.4,8.6,-776.5,-175,0.61,-0.068,-0.053,0.00,0,,2840,0,-470,777,-0.08,31.4,1.00,-0.098
74.70,DOWNWIND,109.41,110.03,31.37,0.14,-4.0,-9.1,8.5,-776.8,-178,0.61,-0.069,-0.053,0.00,1,,2837,0,-467,777,-0.09,31.4,1.00,-0.099
74.80,DOWNWIND,109.42,110.05,31.36,0.14,-4.0,-8.8,8.3,-777.0,-181,0.61,-0.069,-0.053,0.00,1,,2834,0,-464,777,-0.09,31.4,1.00,-0.099
74.90,DOWNWIND,109.43,110.07,31.36,0.14,-4.0,-8.5,8.2,-777.3,-184,0.61,-0.069,-0.052,0.00,1,,2831,0,-461,777,-0.09,31.4,1.00,-0.100
75.00,DOWNWIND,109.45,110.08,31.36,0.14,-4.1,-8.3,8.0,-777.5,-188,0.61,-0.069,-0.052,0.00,1,,2828,0,-457,777,-0.10,31.4,1.00,-0.100
75.10,DOWNWIND,109.46,110.10,31.36,0.14,-4.1,-8.0,7.8,-777.7,-191,0.61,-0.069,-0.052,0.00,1,,2825,0,-454,778,-0.10,31.4,1.00,-0.100
75.20,DOWNWIND,109.47,110.12,31.35,0.14,-4.1,-7.7,7.7,-777.9,-194,0.61,-0.070,-0.052,0.00,2,,2822,0,-451,778,-0.10,31.4,1.00,-0.101
75.30,DOWNWIND,109.49,110.14,31.35,0.13,-4.1,-7.5,7.7,-778.1,-197,0.61,-0.070,-0.061,0.00,2,,2819,0,-448,778,-0.10,31.4,1.00,-0.101
75.40,DOWNWIND,109.50,110.15,31.35,0.13,-4.1,-7.2,7.9,-778.2,-200,0.61,-0.070,-0.073,0.00,2,,2815,0,-445,778,-0.11,31.4,1.00,-0.101
75.50,DOWNWIND,109.51,110.17,31.35,0.13,-4.2,-6.9,8.1,-778.4,-203,0.61,-0.071,-0.077,0.00,2,,2812,0,-442,778,-0.11,31.4,1.00,-0.102
75.60,DOWNWIND,109.53,110.19,31.35,0.12,-4.2,-6.7,8.3,-778.5,-206,0.61,-0.072,-0.078,0.00,2,,2809,0,-439,779,-0.11,31.4,1.00,-0.102
75.70,DOWNWIND,109.54,110.20,31.34,0.12,-4.2,-6.4,8.4,-778.6,-209,0.61,-0.072,-0.077,0.00,2,,2806,0,-436,779,-0.11,31.4,1.00,-0.102
75.80,DOWNWIND,109.55,110.22,31.34,0.12,-4.2,-6.1,8.5,-778.7,-212,0.61,-0.072,-0.075,0.00,3,,2803,0,-433,779,-0.12,31.4,1.00,-0.103
75.90,DOWNWIND,109.56,110.24,31.34,0.11,-4.2,-5.9,8.6,-778.8,-216,0.61,-0.072,-0.073,0.00,3,,2800,0,-429,779,-0.12,31.4,1.00,-0.103
76.00,DOWNWIND,109.57,110.25,31.34,0.10,-4.2,-5.6,8.7,-778.9,-219,0.61,-0.072,-0.071,0.00,3,,2797,0,-426,779,-0.12,31.4,1.00,-0.103
76.10,DOWNWIND,109.58,110.27,31.34,0.10,-4.2,-5.3,8.8,-779.0,-222,0.61,-0.072,-0.068,0.00,3,,2794,0,-423,779,-0.12,31.4,1.00,-0.103
76.20,DOWNWIND,109.59,110.28,31.34,0.09,-4.3,-5.1,8.8,-779.1,-225,0.61,-0.072,-0.067,0.00,3,,2791,0,-420,779,-0.13,31.4,1.00,-0.103
76.30,DOWNWIND,109.60,110.30,31.34,0.09,-4.3,-4.9,9.0,-779.2,-228,0.61,-0.071,-0.065,0.00,3,,2788,0,-417,779,-0.13,31.4,1.00,-0.103
76.40,DOWNWIND,109.61,110.31,31.34,0.08,-4.3,-4.7,9.1,-779.2,-231,0.61,-0.071,-0.064,0.00,3,,2785,0,-414,779,-0.13,31.4,1.00,-0.103
76.50,DOWNWIND,109.62,110.33,31.34,0.07,-4.3,-4.5,9.2,-779.3,-234,0.61,-0.071,-0.063,0.00,3,,2781,0,-411,779,-0.13,31.4,1.00,-0.103
76.60,DOWNWIND,109.63,110.34,31.34,0.07,-4.3,-4.3,9.4,-779.3,-237,0.61,-0.071,-0.062,0.00,3,,2778,0,-408,779,-0.13,31.4,1.00,-0.103
76.70,DOWNWIND,109.63,110.36,31.34,0.07,-4.3,-4.1,9.5,-779.4,-240,0.61,-0.071,-0.061,0.00,3,,2775,0,-405,779,-0.13,31.4,1.00,-0.103
76.80,DOWNWIND,109.64,110.37,31.34,0.06,-4.4,-3.9,9.7,-779.4,-243,0.61,-0.071,-0.061,0.00,3,,2772,0,-402,779,-0.13,31.4,1.00,-0.104
76.90,DOWNWIND,109.65,110.39,31.34,0.06,-4.4,-3.7,10.0,-779.4,-246,0.61,-0.071,-0.061,0.00,3,,2769,0,-399,779,-0.14,31.4,1.00,-0.104
77.00,DOWNWIND,109.65,110.40,31.34,0.06,-4.4,-3.6,10.2,-779.4,-249,0.61,-0.071,-0.061,0.00,3,,2766,0,-396,779,-0.14,31.4,1.00,-0.104
77.10,DOWNWIND,109.66,110.41,31.34,0.06,-4.4,-3.4,10.4,-779.4,-253,0.61,-0.071,-0.061,0.00,3,,2763,0,-392,779,-0.14,31.4,1.00,-0.104
77.20,DOWNWIND,109.66,110.42,31.34,0.06,-4.4,-3.3,10.6,-779.5,-256,0.61,-0.071,-0.061,0.00,3,,2760,0,-389,779,-0.14,31.4,1.00,-0.104
77.30,DOWNWIND,109.67,110.44,31.34,0.05,-4.4,-3.1,10.8,-779.5,-259,0.61,-0.071,-0.061,0.00,3,,2757,0,-386,779,-0.14,31.4,1.00,-0.104
77.40,DOWNWIND,109.67,110.45,31.33,0.05,-4.4,-2.9,11.0,-779.5,-262,0.61,-0.071,-0.061,0.00,3,,2754,0,-383,779,-0.14,31.4,1.00,-0.104
77.50,DOWNWIND,109.68,110.46,31.33,0.05,-4.5,-2.8,11.2,-779.5,-265,0.61,-0.071,-0.061,0.00,3,,2751,0,-380,779,-0.14,31.4,1.00,-0.104
77.60,DOWNWIND,109.68,110.47,31.33,0.05,-4.5,-2.6,11.3,-779.4,-268,0.61,-0.071,-0.061,0.00,3,,2748,0,-377,779,-0.14,31.4,1.00,-0.105
77.70,DOWNWIND,109.69,110.48,31.33,0.04,-4.5,-2.5,11.5,-779.4,-271,0.61,-0.072,-0.061,0.00,3,,2745,0,-374,779,-0.14,31.4,1.00,-0.105
77.80,DOWNWIND,109.69,110.49,31.33,0.04,-4.5,-2.3,11.6,-779.4,-274,0.60,-0.072,-0.061,0.00,3,,2742,0,-371,779,-0.15,31.4,1.00,-0.105
77.90,DOWNWIND,109.70,110.51,31.33,0.04,-4.5,-2.2,11.7,-779.4,-277,0.60,-0.072,-0.060,0.00,3,,2738,0,-368,779,-0.15,31.4,1.00,-0.105
78.00,DOWNWIND,109.70,110.52,31.33,0.04,-4.5,-2.0,11.8,-779.4,-280,0.60,-0.072,-0.060,0.00,3,,2735,0,-365,779,-0.15,31.4,1.00,-0.105
78.10,DOWNWIND,109.70,110.53,31.33,0.03,-4.5,-1.9,11.8,-779.3,-283,0.60,-0.072,-0.059,0.00,3,,2732,0,-362,779,-0.15,31.4,1.00,-0.105
78.20,DOWNWIND,109.71,110.54,31.33,0.03,-4.5,-1.7,11.9,-779.3,-286,0.60,-0.072,-0.058,0.00,3,,2729,0,-359,779,-0.15,31.4,1.00,-0.105
78.30,DOWNWIND,109.71,110.54,31.33,0.02,-4.6,-1.6,11.9,-779.3,-289,0.60,-0.072,-0.058,0.00,3,,2726,0,-356,779,-0.15,31.4,1.00,-0.105
78.40,DOWNWIND,109.71,110.55,31.33,0.02,-4.6,-1.5,11.9,-779.2,-292,0.60,-0.072,-0.057,0.00,3,,2723,0,-353,779,-0.15,31.4,1.00,-0.105
78.50,DOWNWIND,109.71,110.56,31.34,0.01,-4.6,-1.3,11.9,-779.2,-295,0.60,-0.072,-0.056,0.00,3,,2720,0,-350,779,-0.15,31.4,1.00,-0.105
78.60,DOWNWIND,109.72,110.57,31.34,0.01,-4.6,-1.2,11.9,-779.1,-299,0.60,-0.072,-0.056,0.00,3,,2717,0,-346,779,-0.15,31.4,1.00,-0.105
78.70,DOWNWIND,109.72,110.58,31.34,0.01,-4.6,-1.1,11.9,-779.1,-302,0.60,-0.072,-0.055,0.00,3,,2714,0,-343,779,-0.15,31.4,1.00,-0.105
78.80,DOWNWIND,109.72,110.59,31.34,0.00,-4.6,-1.0,12.0,-779.0,-305,0.60,-0.072,-0.055,0.00,3,,2711,0,-340,779,-0.15,31.4,1.00,-0.105
78.90,DOWNWIND,109.72,110.60,31.34,-0.00,-4.6,-0.9,12.0,-779.0,-308,0.60,-0.072,-0.055,0.00,3,,2708,0,-337,779,-0.15,31.4,1.00,-0.105
79.00,DOWNWIND,109.72,110.61,31.34,-0.01,-4.6,-0.8,12.0,-778.9,-311,0.60,-0.072,-0.054,0.00,3,,2705,0,-334,779,-0.15,31.4,1.00,-0.105
79.10,DOWNWIND,109.72,110.61,31.34,-0.01,-4.6,-0.7,12.0,-778.9,-314,0.60,-0.072,-0.054,0.00,3,,2702,0,-331,779,-0.15,31.4,1.00,-0.105
79.20,DOWNWIND,109.72,110.62,31.34,-0.01,-4.6,-0.6,12.0,-778.8,-317,0.60,-0.071,-0.054,0.00,3,,2699,0,-328,779,-0.15,31.4,1.00,-0.105
79.30,DOWNWIND,109.71,110.63,31.34,-0.02,-4.7,-0.6,12.1,-778.8,-320,0.60,-0.071,-0.054,0.00,3,,2696,0,-325,779,-0.15,31.4,1.00,-0.105
79.40,DOWNWIND,109.71,110.64,31.34,-0.02,-4.7,-0.5,12.1,-778.7,-323,0.60,-0.071,-0.054,0.00,3,,2693,0,-322,779,-0.15,31.4,1.00,-0.104
79.50,DOWNWIND,109.71,110.65,31.34,-0.02,-4.7,-0.4,12.1,-778.7,-326,0.60,-0.071,-0.054,0.00,2,,2689,0,-319,779,-0.15,31.4,1.00,-0.104
79.60,DOWNWIND,109.71,110.65,31.34,-0.02,-4.7,-0.4,12.1,-778.6,-329,0.60,-0.071,-0.054,0.00,2,,2686,0,-316,779,-0.15,31.4,1.00,-0.104
79.70,DOWNWIND,109.71,110.66,31.34,-0.03,-4.7,-0.3,12.2,-778.6,-332,0.60,-0.071,-0.054,0.00,2,,2683,0,-313,779,-0.15,31.4,1.00,-0.104
79.80,DOWNWIND,109.70,110.67,31.35,-0.03,-4.7,-0.2,12.2,-778.5,-335,0.60,-0.071,-0.054,0.00,2,,2680,0,-310,779,-0.15,31.4,1.00,-0.104
79.90,DOWNWIND,109.70,110.67,31.35,-0.03,-4.7,-0.2,12.2,-778.5,-338,0.60,-0.071,-0.055,0.00,2,,2677,0,-307,778,-0.15,31.4,1.00,-0.104
80.00,DOWNWIND,109.70,110.68,31.35,-0.03,-4.7,-0.1,12.2,-778.4,-341,0.60,-0.071,-0.054,0.00,2,,2674,0,-304,778,-0.15,31.4,1.00,-0.104
80.10,DOWNWIND,109.69,110.68,31.35,-0.04,-4.7,-0.1,12.3,-778.4,-344,0.60,-0.071,-0.055,0.00,2,,2671,0,-301,778,-0.15,31.4,1.00,-0.104
80.20,DOWNWIND,109.69,110.69,31.35,-0.04,-4.7,-0.0,12.3,-778.3,-347,0.60,-0.071,-0.055,0.00,2,,2668,0,-298,778,-0.14,31.4,1.00,-0.104
80.30,DOWNWIND,109.69,110.69,31.35,-0.04,-4.7,0.0,12.3,-778.2,-351,0.60,-0.071,-0.055,0.00,2,,2665,0,-294,778,-0.14,31.4,1.00,-0.104
80.40,DOWNWIND,109.68,110.69,31.35,-0.04,-4.7,0.0,12.3,-778.2,-354,0.60,-0.071,-0.055,0.00,2,,2662,0,-291,778,-0.14,31.4,1.00,-0.104
80.50,DOWNWIND,109.68,110.69,31.35,-0.04,-4.7,0.1,12.3,-778.1,-357,0.60,-0.071,-0.055,0.00,2,,2659,0,-288,778,-0.14,31.4,1.00,-0.104
80.60,DOWNWIND,109.67,110.69,31.35,-0.05,-4.7,0.1,12.3,-778.1,-360,0.60,-0.071,-0.055,0.00,2,,2656,0,-285,778,-0.14,31.4,1.00,-0.103
80.70,DOWNWIND,109.67,110.69,31.36,-0.05,-4.7,0.2,12.2,-778.0,-363,0.60,-0.071,-0.055,0.00,2,,2653,0,-282,778,-0.14,31.4,1.00,-0.103
80.80,DOWNWIND,109.66,110.69,31.36,-0.05,-4.7,0.2,12.2,-778.0,-366,0.60,-0.071,-0.054,0.00,2,,2650,0,-279,778,-0.14,31.4,1.00,-0.103
80.90,DOWNWIND,109.66,110.68,31.36,-0.05,-4.7,0.2,12.2,-777.9,-369,0.60,-0.071,-0.054,0.00,2,,2647,0,-276,778,-0.14,31.4,1.00,-0.103
81.00,DOWNWIND,109.65,110.68,31.36,-0.05,-4.7,0.3,12.2,-777.9,-372,0.60,-0.071,-0.054,0.00,2,,2644,0,-273,778,-0.14,31.4,1.00,-0.103
81.10,DOWNWIND,109.65,110.68,31.36,-0.05,-4.7,0.3,12.1,-777.8,-375,0.60,-0.071,-0.054,0.00,2,,2641,0,-270,778,-0.14,31.4,1.00,-0.103
81.20,DOWNWIND,109.64,110.67,31.36,-0.05,-4.7,0.3,12.1,-777.8,-378,0.60,-0.071,-0.054,0.00,2,,2637,0,-267,778,-0.13,31.4,1.00,-0.103
81.30,DOWNWIND,109.64,110.67,31.36,-0.06,-4.7,0.3,12.1,-777.7,-381,0.60,-0.071,-0.054,0.00,1,,2634,0,-264,778,-0.13,31.4,1.00,-0.103
81.40,DOWNWIND,109.63,110.66,31.36,-0.06,-4.8,0.4,12.1,-777.7,-384,0.60,-0.071,-0.054,0.00,1,,2631,0,-261,778,-0.13,31.4,1.00,-0.103
81.50,DOWNWIND,109.63,110.66,31.37,-0.06,-4.8,0.4,12.0,-777.6,-387,0.60,-0.071,-0.054,0.00,1,,2628,0,-258,778,-0.13,31.4,1.00,-0.103
81.60,DOWNWIND,109.62,110.65,31.37,-0.06,-4.8,0.4,12.0,-777.6,-390,0.60,-0.071,-0.054,0.00,1,,2625,0,-255,778,-0.13,31.4,1.00,-0.103
81.70,DOWNWIND,109.61,110.65,31.37,-0.06,-4.8,0.4,12.0,-777.5,-393,0.60,-0.071,-0.054,0.00,1,,2622,0,-252,778,-0.13,31.4,1.00,-0.102
81.80,DOWNWIND,109.61,110.64,31.37,-0.06,-4.8,0.4,12.0,-777.5,-396,0.60,-0.071,-0.054,0.00,1,,2619,0,-249,777,-0.13,31.4,1.00,-0.102
81.90,DOWNWIND,109.60,110.63,31.37,-0.06,-4.8,0.4,11.9,-777.5,-400,0.60,-0.071,-0.054,0.00,1,,2616,0,-245,777,-0.13,31.4,1.00,-0.102
82.00,DOWNWIND,109.60,110.63,31.37,-0.06,-4.8,0.4,11.9,-777.4,-403,0.60,-0.071,-0.054,0.00,1,,2613,0,-242,777,-0.13,31.4,1.00,-0.102
82.10,DOWNWIND,109.59,110.62,31.37,-0.06,-4.8,0.4,11.9,-777.4,-406,0.60,-0.071,-0.054,0.00,1,,2610,0,-239,777,-0.12,31.4,1.00,-0.102
82.20,DOWNWIND,109.58,110.62,31.37,-0.06,-4.8,0.4,11.9,-777.3,-409,0.60,-0.071,-0.054,0.00,1,,2607,0,-236,777,-0.12,31.4,1.00,-0.102
82.30,DOWNWIND,109.58,110.61,31.37,-0.06,-4.8,0.4,11.9,-777.3,-412,0.60,-0.071,-0.054,0.00,1,,2604,0,-233,777,-0.12,31.4,1.00,-0.102
82.40,DOWNWIND,109.57,110.60,31.38,-0.06,-4.8,0.4,11.8,-777.3,-415,0.60,-0.071,-0.054,0.00,1,,2601,0,-230,777,-0.12,31.4,1.00,-0.102
82.50,DOWNWIND,109.57,110.60,31.38,-0.06,-4.8,0.4,11.8,-777.2,-418,0.60,-0.071,-0.055,0.00,1,,2598,0,-227,777,-0.12,31.4,1.00,-0.102
82.60,DOWNWIND,109.56,110.59,31.38,-0.06,-4.8,0.4,11.8,-777.2,-421,0.60,-0.071,-0.055,0.00,1,,2595,0,-224,777,-0.12,31.4,1.00,-0.102
82.70,DOWNWIND,109.55,110.58,31.38,-0.06,-4.8,0.4,11.8,-777.1,-424,0.60,-0.071,-0.055,0.00,1,,2591,0,-221,777,-0.12,31.4,1.00,-0.101
82.80,DOWNWIND,109.55,110.58,31.38,-0.06,-4.8,0.4,11.8,-777.1,-427,0.60,-0.071,-0.055,0.00,1,,2588,0,-218,777,-0.12,31.4,1.00,-0.101
82.90,DOWNWIND,109.54,110.57,31.38,-0.06,-4.8,0.4,11.7,-777.1,-430,0.60,-0.071,-0.055,0.00,1,,2585,0,-215,777,-0.11,31.4,1.00,-0.101
83.00,DOWNWIND,109.53,110.57,31.38,-0.07,-4.8,0.4,11.7,-777.1,-433,0.60,-0.071,-0.055,0.00,1,,2582,0,-212,777,-0.11,31.4,1.00,-0.101
83.10,DOWNWIND,109.53,110.56,31.38,-0.07,-4.8,0.4,11.7,-777.0,-436,0.60,-0.071,-0.055,0.00,1,,2579,0,-209,777,-0.11,31.4,1.00,-0.101
83.20,DOWNWIND,109.52,110.55,31.38,-0.07,-4.8,0.4,11.7,-777.0,-439,0.60,-0.071,-0.055,0.00,1,,2576,0,-206,777,-0.11,31.4,1.00,-0.101
83.30,DOWNWIND,109.51,110.55,31.38,-0.07,-4.8,0.4,11.6,-777.0,-442,0.60,-0.071,-0.055,0.00,1,,2573,0,-203,777,-0.11,31.4,1.00,-0.101
83.40,DOWNWIND,109.51,110.54,31.39,-0.07,-4.8,0.4,11.6,-776.9,-446,0.60,-0.071,-0.055,0.00,1,,2570,0,-199,777,-0.11,31.4,1.00,-0.101
83.50,DOWNWIND,109.50,110.53,31.39,-0.07,-4.8,0.4,11.6,-776.9,-449,0.60,-0.071,-0.055,0.00,1,,2567,0,-196,777,-0.11,31.4,1.00,-0.101
83.60,DOWNWIND,109.49,110.53,31.39,-0.07,-4.8,0.4,11.6,-776.9,-452,0.60,-0.071,-0.055,0.00,1,,2564,0,-193,777,-0.11,31.4,1.00,-0.101
83.70,DOWNWIND,109.49,110.52,31.39,-0.07,-4.8,0.4,11.5,-776.9,-455,0.60,-0.071,-0.055,0.00,1,,2561,0,-190,777,-0.10,31.4,1.00,-0.100
83.80,DOWNWIND,109.48,110.51,31.39,-0.07,-4.8,0.3,11.5,-776.8,-458,0.60,-0.071,-0.055,0.00,1,,2558,0,-187,777,-0.10,31.4,1.00,-0.100
83.90,DOWNWIND,109.47,110.51,31.39,-0.07,-4.8,0.3,11.5,-776.8,-461,0.60,-0.071,-0.055,0.00,1,,2555,0,-184,777,-0.10,31.4,1.00,-0.100
84.00,DOWNWIND,109.47,110.50,31.39,-0.07,-4.8,0.3,11.5,-776.8,-464,0.60,-0.071,-0.055,0.00,1,,2552,0,-181,777,-0.10,31.4,1.00,-0.100
84.10,DOWNWIND,109.46,110.49,31.39,-0.07,-4.8,0.3,11.4,-776.8,-467,0.60,-0.071,-0.055,0.00,1,,2548,0,-178,777,-0.10,31.4,1.00,-0.100
84.20,DOWNWIND,109.45,110.49,31.39,-0.07,-4.8,0.3,11.4,-776.8,-470,0.60,-0.071,-0.055,0.00,1,,2545,0,-175,777,-0.10,31.4,1.00,-0.100
84.30,DOWNWIND,109.45,110.48,31.39,-0.07,-4.8,0.3,11.4,-776.7,-473,0.60,-0.071,-0.055,0.00,1,,2542,0,-172,777,-0.10,31.4,1.00,-0.100
84.40,DOWNWIND,109.44,110.47,31.40,-0.07,-4.8,0.3,11.4,-776.7,-476,0.60,-0.071,-0.055,0.00,0,,2539,0,-169,777,-0.09,31.4,1.00,-0.100
84.50,DOWNWIND,109.43,110.47,31.40,-0.07,-4.8,0.3,11.4,-776.7,-479,0.60,-0.071,-0.055,0.00,0,,2536,0,-166,777,-0.09,31.4,1.00,-0.100
84.60,DOWNWIND,109.43,110.46,31.40,-0.06,-4.8,0.2,11.3,-776.7,-482,0.60,-0.071,-0.055,0.00,0,,2533,0,-163,777,-0.09,31.4,1.00,-0.100
84.70,DOWNWIND,109.42,110.45,31.40,-0.06,-4.8,0.2,11.3,-776.7,-485,0.60,-0.071,-0.055,0.00,0,,2530,0,-160,777,-0.09,31.4,1.00,-0.100
84.80,DOWNWIND,109.42,110.45,31.40,-0.06,-4.8,0.2,11.3,-776.7,-489,0.60,-0.071,-0.055,0.00,0,,2527,0,-156,777,-0.09,31.4,1.00,-0.099
84.90,DOWNWIND,109.41,110.44,31.40,-0.06,-4.8,0.2,11.3,-776.6,-492,0.60,-0.071,-0.055,0.00,0,,2524,0,-153,777,-0.09,31.4,1.00,-0.099
85.00,DOWNWIND,109.40,110.43,31.40,-0.06,-4.8,0.2,11.3,-776.6,-495,0.60,-0.071,-0.055,0.00,0,,2521,0,-150,777,-0.09,31.4,1.00,-0.099
85.10,DOWNWIND,109.40,110.43,31.40,-0.06,-4.8,0.2,11.3,-776.6,-498,0.60,-0.071,-0.055,0.00,0,,2518,0,-147,777,-0.09,31.4,1.00,-0.099
85.20,DOWNWIND,109.39,110.42,31.40,-0.06,-4.8,0.2,11.2,-776.6,-501,0.60,-0.071,-0.055,0.00,0,,2515,0,-144,777,-0.08,31.4,1.00,-0.099
85.30,DOWNWIND,109.38,110.42,31.40,-0.06,-4.8,0.1,11.2,-776.6,-504,0.60,-0.071,-0.056,0.00,0,,2512,0,-141,777,-0.08,31.4,1.00,-0.099
85.40,DOWNWIND,109.38,110.41,31.40,-0.06,-4.8,0.1,11.2,-776.6,-507,0.60,-0.071,-0.056,0.00,0,,2509,0,-138,777,-0.08,31.4,1.00,-0.099
85.50,DOWNWIND,109.37,110.40,31.41,-0.06,-4.8,0.1,11.2,-776.6,-510,0.60,-0.071,-0.056,0.00,0,,2505,0,-135,777,-0.08,31.4,1.00,-0.099
85.60,DOWNWIND,109.36,110.40,31.41,-0.06,-4.8,0.1,11.2,-776.6,-513,0.60,-0.071,-0.056,0.00,0,,2502,0,-132,777,-0.08,31.4,1.00,-0.099
85.70,DOWNWIND,109.36,110.39,31.41,-0.06,-4.8,0.1,11.2,-776.6,-516,0.60,-0.071,-0.056,0.00,0,,2499,0,-129,777,-0.08,31.4,1.00,-0.099
85.80,DOWNWIND,109.35,110.38,31.41,-0.06,-4.8,0.1,11.2,-776.6,-519,0.60,-0.071,-0.056,0.00,0,,2496,0,-126,777,-0.08,31.4,1.00,-0.099
85.90,DOWNWIND,109.35,110.38,31.41,-0.06,-4.8,0.1,11.1,-776.6,-522,0.60,-0.071,-0.056,0.00,0,,2493,0,-123,777,-0.08,31.4,1.00,-0.098
86.00,DOWNWIND,109.34,110.37,31.41,-0.06,-4.8,0.1,11.1,-776.6,-525,0.60,-0.071,-0.056,0.00,0,,2490,0,-120,777,-0.07,31.4,1.00,-0.098
86.10,DOWNWIND,109.33,110.37,31.41,-0.06,-4.8,0.0,11.1,-776.5,-529,0.60,-0.071,-0.056,0.00,0,,2487,0,-116,777,-0.07,31.4,1.00,-0.098
86.20,DOWNWIND,109.33,110.36,31.41,-0.06,-4.8,0.0,11.1,-776.5,-532,0.60,-0.071,-0.056,0.00,0,,2484,0,-113,777,-0.07,31.4,1.00,-0.098
86.30,DOWNWIND,109.32,110.35,31.41,-0.06,-4.8,0.0,11.1,-776.5,-535,0.60,-0.071,-0.056,0.00,0,,2481,0,-110,777,-0.07,31.4,1.00,-0.098
86.40,DOWNWIND,109.32,110.35,31.41,-0.06,-4.8,0.0,11.1,-776.5,-538,0.60,-0.071,-0.056,0.00,0,,2478,0,-107,777,-0.07,31.4,1.00,-0.098
86.50,DOWNWIND,109.31,110.34,31.41,-0.06,-4.8,-0.0,11.1,-776.5,-541,0.60,-0.071,-0.056,0.00,0,,2475,0,-104,777,-0.07,31.4,1.00,-0.098
86.60,DOWNWIND,109.30,110.34,31.41,-0.06,-4.8,-0.0,11.1,-776.5,-544,0.60,-0.071,-0.056,0.00,0,,2472,0,-101,777,-0.07,31.4,1.00,-0.098
86.70,DOWNWIND,109.30,110.33,31.41,-0.06,-4.8,-0.0,11.1,-776.5,-547,0.60,-0.071,-0.056,0.00,0,,2469,0,-98,777,-0.07,31.4,1.00,-0.098
86.80,DOWNWIND,109.29,110.32,31.42,-0.06,-4.8,-0.0,11.0,-776.5,-550,0.60,-0.071,-0.056,0.00,0,,2465,0,-95,777,-0.06,31.4,1.00,-0.098
86.90,DOWNWIND,109.29,110.32,31.42,-0.06,-4.8,-0.0,11.0,-776.5,-553,0.60,-0.071,-0.056,0.00,0,,2462,0,-92,777,-0.06,31.4,1.00,-0.098
87.00,DOWNWIND,109.28,110.31,31.42,-0.06,-4.7,-0.1,11.0,-776.5,-556,0.60,-0.071,-0.056,0.00,0,,2459,0,-89,777,-0.06,31.4,1.00,-0.097
87.10,DOWNWIND,109.28,110.31,31.42,-0.06,-4.7,-0.1,11.0,-776.5,-559,0.60,-0.071,-0.056,0.00,0,,2456,0,-86,777,-0.06,31.4,1.00,-0.097
87.20,DOWNWIND,109.27,110.30,31.42,-0.06,-4.7,-0.1,11.0,-776.5,-562,0.60,-0.071,-0.056,0.00,0,,2453,0,-83,777,-0.06,31.4,1.00,-0.097
87.30,DOWNWIND,109.26,110.30,31.42,-0.06,-4.7,-0.1,11.0,-776.5,-566,0.60,-0.071,-0.056,0.00,0,,2450,0,-79,777,-0.06,31.4,1.00,-0.097
87.40,DOWNWIND,109.26,110.29,31.42,-0.06,-4.7,-0.1,11.0,-776.5,-569,0.60,-0.071,-0.056,0.00,0,,2447,0,-76,777,-0.06,31.4,1.00,-0.097
87.50,DOWNWIND,109.25,110.29,31.42,-0.05,-4.7,-0.1,11.0,-776.5,-572,0.60,-0.071,-0.056,0.00,0,,2444,0,-73,777,-0.06,31.4,1.00,-0.097
87.60,DOWNWIND,109.25,110.28,31.42,-0.05,-4.7,-0.1,11.0,-776.5,-575,0.60,-0.071,-0.056,0.00,0,,2441,0,-70,777,-0.06,31.4,1.00,-0.097
87.70,DOWNWIND,109.24,110.27,31.42,-0.05,-4.7,-0.1,11.0,-776.5,-578,0.60,-0.071,-0.056,0.00,0,,2438,0,-67,777,-0.05,31.4,1.00,-0.097
87.80,DOWNWIND,109.24,110.27,31.42,-0.05,-4.7,-0.1,11.0,-776.5,-581,0.60,-0.071,-0.056,0.00,0,,2435,0,-64,777,-0.05,31.4,1.00,-0.097
87.90,DOWNWIND,109.23,110.26,31.42,-0.05,-4.7,-0.1,11.0,-776.5,-584,0.60,-0.071,-0.056,0.00,0,,2432,0,-61,777,-0.05,31.4,1.00,-0.097
88.00,DOWNWIND,109.23,110.26,31.42,-0.05,-4.7,-0.1,11.0,-776.5,-587,0.60,-0.071,-0.056,0.00,0,,2428,0,-58,777,-0.05,31.4,1.00,-0.097
88.10,DOWNWIND,109.22,110.25,31.42,-0.05,-4.7,-0.2,11.0,-776.5,-590,0.60,-0.071,-0.056,0.00,0,,2425,0,-55,777,-0.05,31.4,1.00,-0.097
88.20,DOWNWIND,109.22,110.25,31.42,-0.05,-4.7,-0.2,11.0,-776.5,-593,0.60,-0.071,-0.056,0.00,0,,2422,0,-52,777,-0.05,31.4,1.00,-0.096
88.30,DOWNWIND,109.21,110.24,31.43,-0.05,-4.7,-0.2,11.0,-776.5,-596,0.60,-0.071,-0.056,0.00,0,,2419,0,-49,777,-0.05,31.4,1.00,-0.096
88.40,DOWNWIND,109.21,110.24,31.43,-0.05,-4.7,-0.2,11.0,-776.5,-599,0.60,-0.071,-0.056,0.00,0,,2416,0,-46,777,-0.05,31.4,1.00,-0.096
88.50,DOWNWIND,109.20,110.23,31.43,-0.05,-4.7,-0.2,11.0,-776.5,-602,0.60,-0.071,-0.056,0.00,0,,2413,0,-43,777,-0.05,31.4,1.00,-0.096
88.60,DOWNWIND,109.20,110.23,31.43,-0.05,-4.7,-0.2,10.9,-776.5,-606,0.60,-0.071,-0.056,0.00,0,,2410,0,-39,777,-0.05,31.4,1.00,-0.096
88.70,DOWNWIND,109.19,110.22,31.43,-0.05,-4.7,-0.2,10.9,-776.5,-609,0.60,-0.071,-0.056,0.00,0,,2407,0,-36,777,-0.04,31.4,1.00,-0.096
88.80,DOWNWIND,109.19,110.22,31.43,-0.05,-4.7,-0.2,10.9,-776.5,-612,0.60,-0.071,-0.056,0.00,0,,2404,0,-33,777,-0.04,31.4,1.00,-0.096
88.90,DOWNWIND,109.18,110.21,31.43,-0.05,-4.7,-0.2,10.9,-776.5,-615,0.60,-0.071,-0.056,0.00,0,,2401,0,-30,777,-0.04,31.4,1.00,-0.096
89.00,DOWNWIND,109.18,110.21,31.43,-0.05,-4.7,-0.2,10.9,-776.5,-618,0.60,-0.071,-0.056,0.00,0,,2398,0,-27,777,-0.04,31.4,1.00,-0.096
89.10,DOWNWIND,109.17,110.20,31.43,-0.05,-4.7,-0.2,10.9,-776.5,-621,0.60,-0.071,-0.056,0.00,0,,2395,0,-24,777,-0.04,31.4,1.00,-0.096
89.20,DOWNWIND,109.17,110.20,31.43,-0.05,-4.7,-0.2,10.9,-776.5,-624,0.60,-0.071,-0.056,0.00,0,,2391,0,-21,777,-0.04,31.4,1.00,-0.096
89.30,DOWNWIND,109.16,110.19,31.43,-0.05,-4.7,-0.2,10.9,-776.6,-627,0.60,-0.071,-0.056,0.00,0,,2388,0,-18,777,-0.04,31.4,1.00,-0.096
89.40,DOWNWIND,109.16,110.19,31.43,-0.05,-4.7,-0.2,10.9,-776.6,-630,0.60,-0.071,-0.056,0.00,0,,2385,0,-15,777,-0.04,31.4,1.00,-0.096
89.50,DOWNWIND,109.15,110.19,31.43,-0.04,-4.7,-0.2,10.9,-776.6,-633,0.60,-0.071,-0.056,0.00,0,,2382,0,-12,777,-0.04,31.4,1.00,-0.095
89.60,DOWNWIND,109.15,110.18,31.43,-0.04,-4.7,-0.2,10.9,-776.6,-636,0.60,-0.071,-0.056,0.00,0,,2379,0,-9,777,-0.04,31.4,1.00,-0.095
89.70,DOWNWIND,109.14,110.18,31.43,-0.04,-4.7,-0.2,10.9,-776.6,-639,0.60,-0.071,-0.056,0.00,0,,2376,0,-6,777,-0.04,31.4,1.00,-0.095
89.80,DOWNWIND,109.14,110.17,31.43,-0.04,-4.7,-0.2,10.9,-776.6,-643,0.60,-0.071,-0.056,0.00,0,,2373,0,-2,777,-0.03,31.4,1.00,-0.095
89.90,DOWNWIND,109.14,110.17,31.43,-0.04,-4.7,-0.2,10.9,-776.6,-646,0.60,-0.071,-0.056,0.00,0,,2370,0,1,777,-0.03,31.4,1.00,-0.095
90.00,DOWNWIND,109.13,110.16,31.43,-0.04,-4.7,-0.3,10.9,-776.6,-649,0.60,-0.071,-0.056,0.00,0,,2367,0,4,777,-0.03,31.4,1.00,-0.095
90.10,DOWNWIND,109.13,110.16,31.43,-0.04,-4.7,-0.3,10.9,-776.6,-652,0.60,-0.071,-0.056,0.00,0,,2364,0,7,777,-0.03,31.4,1.00,-0.095
90.20,DOWNWIND,109.12,110.16,31.43,-0.04,-4.7,-0.3,10.9,-776.6,-655,0.60,-0.071,-0.056,0.00,0,,2361,0,10,777,-0.03,31.4,1.00,-0.095
90.30,DOWNWIND,109.12,110.15,31.44,-0.04,-4.7,-0.3,10.9,-776.6,-658,0.60,-0.071,-0.056,0.00,0,,2358,0,13,777,-0.03,31.4,1.00,-0.095
90.40,DOWNWIND,109.11,110.15,31.44,-0.04,-4.7,-0.3,10.9,-776.6,-661,0.60,-0.071,-0.056,0.00,0,,2355,0,16,777,-0.03,31.4,1.00,-0.095
90.50,DOWNWIND,109.11,110.14,31.44,-0.04,-4.7,-0.3,10.9,-776.6,-664,0.60,-0.071,-0.056,0.00,0,,2351,0,19,777,-0.03,31.4,1.00,-0.095
90.60,DOWNWIND,109.11,110.14,31.44,-0.04,-4.7,-0.3,10.9,-776.6,-667,0.60,-0.071,-0.056,0.00,0,,2348,0,22,777,-0.03,31.4,1.00,-0.094
90.70,DOWNWIND,109.10,110.13,31.44,-0.04,-4.7,-0.3,10.9,-776.6,-670,0.60,-0.071,-0.056,0.00,0,,2345,0,25,777,-0.03,31.4,1.00,-0.094
90.80,DOWNWIND,109.10,110.13,31.44,-0.04,-4.7,-0.3,10.9,-776.6,-673,0.60,-0.072,-0.056,0.00,0,,2342,0,28,777,-0.03,31.4,1.00,-0.094
90.90,DOWNWIND,109.09,110.13,31.44,-0.04,-4.7,-0.3,10.9,-776.6,-676,0.60,-0.072,-0.056,0.00,0,,2339,0,31,777,-0.03,31.4,1.00,-0.095
91.00,DOWNWIND,109.09,110.12,31.44,-0.04,-4.7,-0.3,10.9,-776.6,-680,0.60,-0.072,-0.056,0.00,0,,2336,0,35,777,-0.02,31.4,1.00,-0.094
91.10,DOWNWIND,109.09,110.12,31.44,-0.04,-4.7,-0.3,10.9,-776.6,-683,0.60,-0.072,-0.056,0.00,0,,2333,0,38,777,-0.02,31.4,1.00,-0.094
91.20,DOWNWIND,109.08,110.12,31.44,-0.04,-4.7,-0.3,10.9,-776.6,-686,0.60,-0.072,-0.056,0.00,0,,2330,0,41,777,-0.02,31.4,1.00,-0.094
91.30,DOWNWIND,109.08,110.11,31.44,-0.04,-4.7,-0.3,11.0,-776.6,-689,0.60,-0.072,-0.056,0.00,0,,2327,0,44,777,-0.02,31.4,1.00,-0.094
91.40,DOWNWIND,109.08,110.11,31.44,-0.04,-4.7,-0.3,11.0,-776.6,-692,0.60,-0.072,-0.056,0.00,0,,2324,0,47,777,-0.02,31.4,1.00,-0.094
91.50,DOWNWIND,109.07,110.11,31.44,-0.04,-4.7,-0.3,11.0,-776.6,-695,0.60,-0.072,-0.056,0.00,0,,2321,0,50,777,-0.02,31.4,1.00,-0.094
91.60,DOWNWIND,109.07,110.10,31.44,-0.04,-4.7,-0.3,10.9,-776.6,-698,0.60,-0.072,-0.056,0.00,0,,2318,0,53,777,-0.02,31.4,1.00,-0.094
91.70,DOWNWIND,109.07,110.10,31.44,-0.03,-4.7,-0.3,10.9,-776.6,-701,0.60,-0.072,-0.056,0.00,0,,2314,0,56,777,-0.02,31.4,1.00,-0.094
91.80,DOWNWIND,109.06,110.09,31.44,-0.03,-4.7,-0.3,10.9,-776.6,-704,0.60,-0.072,-0.056,0.00,0,,2311,0,59,777,-0.02,31.4,1.00,-0.094
91.90,DOWNWIND,109.06,110.09,31.44,-0.03,-4.7,-0.3,10.9,-776.6,-707,0.60,-0.072,-0.056,0.00,0,,2308,0,62,777,-0.02,31.4,1.00,-0.094
92.00,DOWNWIND,109.06,110.09,31.44,-0.03,-4.7,-0.3,10.9,-776.6,-710,0.60,-0.072,-0.056,0.00,0,,2305,0,65,777,-0.02,31.4,1.00,-0.094
92.10,DOWNWIND,109.05,110.08,31.44,-0.03,-4.7,-0.3,10.9,-776.6,-713,0.60,-0.072,-0.056,0.00,0,,2302,0,68,777,-0.02,31.4,1.00,-0.094
92.20,DOWNWIND,109.05,110.08,31.44,-0.03,-4.7,-0.3,10.9,-776.6,-717,0.60,-0.072,-0.056,0.00,0,,2299,0,72,777,-0.02,31.4,1.00,-0.094
92.30,DOWNWIND,109.05,110.08,31.44,-0.03,-4.7,-0.3,10.9,-776.6,-720,0.60,-0.072,-0.056,0.00,0,,2296,0,75,777,-0.02,31.4,1.00,-0.094
92.40,DOWNWIND,109.04,110.07,31.44,-0.03,-4.7,-0.3,10.9,-776.6,-723,0.60,-0.072,-0.056,0.00,0,,2293,0,78,777,-0.01,31.4,1.00,-0.093
92.50,DOWNWIND,109.04,110.07,31.44,-0.03,-4.7,-0.3,10.9,-776.6,-726,0.60,-0.072,-0.056,0.00,0,,2290,0,81,777,-0.01,31.4,1.00,-0.093
92.60,DOWNWIND,109.04,110.07,31.44,-0.03,-4.7,-0.3,10.9,-776.6,-729,0.60,-0.072,-0.056,0.00,0,,2287,0,84,777,-0.01,31.4,1.00,-0.093
92.70,DOWNWIND,109.03,110.07,31.44,-0.03,-4.7,-0.3,10.9,-776.6,-732,0.60,-0.072,-0.056,0.00,0,,2284,0,87,777,-0.01,31.4,1.00,-0.093
92.80,DOWNWIND,109.03,110.06,31.44,-0.03,-4.7,-0.3,10.9,-776.6,-735,0.60,-0.072,-0.056,0.00,0,,2281,0,90,777,-0.01,31.4,1.00,-0.093
92.90,DOWNWIND,109.03,110.06,31.44,-0.03,-4.7,-0.3,10.9,-776.6,-738,0.60,-0.072,-0.056,0.00,0,,2277,0,93,777,-0.01,31.4,1.00,-0.093
93.00,DOWNWIND,109.02,110.06,31.44,-0.03,-4.7,-0.3,10.9,-776.6,-741,0.60,-0.072,-0.056,0.00,0,,2274,0,96,777,-0.01,31.4,1.00,-0.093
93.10,DOWNWIND,109.02,110.05,31.44,-0.03,-4.7,-0.3,11.0,-776.6,-744,0.60,-0.072,-0.056,0.00,0,,2271,0,99,777,-0.01,31.4,1.00,-0.093
93.20,DOWNWIND,109.02,110.05,31.44,-0.03,-4.7,-0.3,11.0,-776.7,-747,0.60,-0.072,-0.056,0.00,0,,2268,0,102,777,-0.01,31.4,1.00,-0.093
93.30,DOWNWIND,109.02,110.05,31.44,-0.03,-4.7,-0.3,11.0,-776.7,-750,0.60,-0.072,-0.056,0.00,0,,2265,0,105,777,-0.01,31.4,1.00,-0.093
93.40,DOWNWIND,109.01,110.04,31.44,-0.03,-4.7,-0.3,11.0,-776.7,-754,0.60,-0.072,-0.056,0.00,0,,2262,0,109,777,-0.01,31.4,1.00,-0.093
93.50,DOWNWIND,109.01,110.04,31.45,-0.03,-4.7,-0.3,11.0,-776.7,-757,0.60,-0.072,-0.056,0.00,0,,2259,0,112,777,-0.01,31.4,1.00,-0.093
93.60,DOWNWIND,109.01,110.04,31.45,-0.03,-4.7,-0.3,11.0,-776.7,-760,0.60,-0.072,-0.056,0.00,0,,2256,0,115,777,-0.01,31.4,1.00,-0.093
93.70,DOWNWIND,109.00,110.04,31.45,-0.03,-4.7,-0.3,11.0,-776.7,-763,0.60,-0.072,-0.056,0.00,0,,2253,0,118,777,-0.01,31.4,1.00,-0.093
93.80,DOWNWIND,109.00,110.03,31.45,-0.03,-4.7,-0.3,11.0,-776.7,-766,0.60,-0.072,-0.056,0.00,0,,2250,0,121,777,-0.01,31.4,1.00,-0.093
93.90,DOWNWIND,109.00,110.02,31.45,-0.03,-4.7,-0.3,11.0,-776.7,-769,0.60,-0.072,-0.056,0.00,0,,2247,0,124,777,-0.01,31.4,1.00,-0.093
94.00,DOWNWIND,109.00,110.02,31.45,-0.03,-4.7,-0.3,11.0,-776.7,-772,0.60,-0.072,-0.056,0.00,0,,2244,0,127,777,-0.01,31.4,1.00,-0.092
94.10,DOWNWIND,108.99,110.01,31.45,-0.03,-4.7,-0.3,11.0,-776.7,-775,0.60,-0.072,-0.056,0.00,0,,2240,0,130,777,-0.01,31.4,1.00,-0.092
94.20,DOWNWIND,108.99,110.00,31.45,-0.03,-4.7,-0.3,11.0,-776.7,-778,0.60,-0.072,-0.056,0.00,0,,2237,0,133,777,-0.00,31.4,1.00,-0.092
94.30,DOWNWIND,108.99,109.99,31.45,-0.02,-4.7,-0.3,11.0,-776.7,-781,0.60,-0.072,-0.056,0.00,0,,2234,0,136,777,-0.00,31.4,1.00,-0.092
94.40,DOWNWIND,108.99,109.99,31.45,-0.02,-4.7,-0.3,11.0,-776.7,-784,0.60,-0.072,-0.056,0.00,0,,2231,0,139,777,-0.00,31.4,1.00,-0.092
94.50,DOWNWIND,108.98,109.98,31.45,-0.02,-4.7,-0.3,11.0,-776.7,-787,0.60,-0.072,-0.056,0.00,0,,2228,0,142,777,-0.00,31.4,1.00,-0.092
94.60,DOWNWIND,108.98,109.97,31.45,-0.02,-4.7,-0.3,11.0,-776.7,-791,0.60,-0.072,-0.056,0.00,0,,2225,0,146,777,-0.00,31.4,1.00,-0.092
94.70,DOWNWIND,108.98,109.96,31.45,-0.02,-4.7,-0.3,11.0,-776.7,-794,0.60,-0.072,-0.056,0.00,0,,2222,0,149,777,-0.00,31.4,1.00,-0.092
94.80,DOWNWIND,108.98,109.95,31.45,-0.02,-4.7,-0.3,11.0,-776.7,-797,0.60,-0.072,-0.056,0.00,0,,2219,0,152,777,-0.00,31.4,1.00,-0.092
94.90,DOWNWIND,108.97,109.95,31.45,-0.02,-4.7,-0.3,11.0,-776.7,-800,0.60,-0.072,-0.056,0.00,0,,2216,0,155,777,-0.00,31.4,1.00,-0.092
95.00,DOWNWIND,108.97,109.94,31.45,-0.02,-4.7,-0.3,11.0,-776.7,-803,0.60,-0.072,-0.056,0.00,0,,2213,0,158,777,-0.00,31.4,1.00,-0.092
95.10,DOWNWIND,108.97,109.93,31.45,-0.02,-4.7,-0.3,11.0,-776.7,-806,0.60,-0.072,-0.056,0.00,0,,2210,0,161,777,-0.00,31.4,1.00,-0.092
95.20,DOWNWIND,108.97,109.92,31.45,-0.02,-4.7,-0.3,11.0,-776.7,-809,0.60,-0.072,-0.056,0.00,0,,2207,0,164,777,0.00,31.4,1.00,-0.092
95.30,DOWNWIND,108.97,109.92,31.45,-0.02,-4.7,-0.3,11.0,-776.7,-812,0.60,-0.072,-0.056,0.00,0,,2203,0,167,777,0.00,31.4,1.00,-0.092
95.40,DOWNWIND,108.96,109.91,31.45,-0.02,-4.7,-0.3,11.0,-776.7,-815,0.60,-0.072,-0.056,0.00,0,,2200,0,170,777,0.00,31.4,1.00,-0.092
95.50,DOWNWIND,108.96,109.91,31.45,-0.02,-4.7,-0.3,11.0,-776.7,-818,0.60,-0.072,-0.056,0.00,0,,2197,0,173,777,0.00,31.4,1.00,-0.092
95.60,DOWNWIND,108.96,109.90,31.45,-0.02,-4.7,-0.3,11.0,-776.7,-821,0.60,-0.072,-0.056,0.00,0,,2194,0,176,777,0.00,31.4,1.00,-0.092
95.70,DOWNWIND,108.96,109.90,31.45,-0.02,-4.7,-0.3,11.0,-776.7,-824,0.60,-0.072,-0.056,0.00,0,,2191,0,179,777,0.00,31.4,1.00,-0.092
95.80,DOWNWIND,108.96,109.90,31.45,-0.02,-4.7,-0.3,11.0,-776.7,-827,0.60,-0.072,-0.056,0.00,0,,2188,0,182,777,0.00,31.4,1.00,-0.091
95.90,DOWNWIND,108.95,109.89,31.45,-0.02,-4.7,-0.3,11.0,-776.7,-831,0.60,-0.072,-0.056,0.00,0,,2185,0,186,777,0.00,31.4,1.00,-0.091
96.00,DOWNWIND,108.95,109.89,31.45,-0.02,-4.7,-0.3,11.0,-776.7,-834,0.60,-0.072,-0.056,0.00,0,,2182,0,189,777,0.00,31.4,1.00,-0.091
96.10,DOWNWIND,108.95,109.89,31.45,-0.02,-4.7,-0.3,11.0,-776.7,-837,0.60,-0.072,-0.056,0.00,0,,2179,0,192,777,0.00,31.4,1.00,-0.091
96.20,DOWNWIND,108.95,109.89,31.45,-0.02,-4.7,-0.3,11.0,-776.7,-840,0.60,-0.072,-0.056,0.00,0,,2176,0,195,777,0.00,31.4,1.00,-0.091
96.30,DOWNWIND,108.95,109.89,31.45,-0.02,-4.7,-0.3,11.0,-776.7,-843,0.60,-0.072,-0.056,0.00,0,,2173,0,198,777,0.00,31.4,1.00,-0.091
96.40,DOWNWIND,108.94,109.89,31.45,-0.02,-4.7,-0.3,11.0,-776.7,-846,0.60,-0.072,-0.056,0.00,0,,2170,0,201,777,0.00,31.4,1.00,-0.091
96.50,DOWNWIND,108.94,109.89,31.45,-0.02,-4.7,-0.3,11.0,-776.7,-849,0.60,-0.072,-0.056,0.00,0,,2166,0,204,777,0.01,31.4,1.00,-0.091
96.60,DOWNWIND,108.94,109.89,31.45,-0.02,-4.7,-0.3,11.0,-776.7,-852,0.60,-0.072,-0.056,0.00,0,,2163,0,207,777,0.01,31.4,1.00,-0.091
96.70,DOWNWIND,108.94,109.89,31.45,-0.02,-4.7,-0.3,11.0,-776.7,-855,0.60,-0.072,-0.056,0.00,0,,2160,0,210,777,0.01,31.4,1.00,-0.091
96.80,DOWNWIND,108.94,109.89,31.45,-0.02,-4.7,-0.3,11.0,-776.7,-858,0.60,-0.072,-0.056,0.00,0,,2157,0,213,777,0.01,31.4,1.00,-0.091
96.90,DOWNWIND,108.93,109.89,31.45,-0.02,-4.7,-0.3,11.0,-776.7,-861,0.60,-0.072,-0.056,0.00,0,,2154,0,216,777,0.01,31.4,1.00,-0.091
97.00,DOWNWIND,108.93,109.89,31.45,-0.02,-4.7,-0.3,11.0,-776.7,-864,0.60,-0.072,-0.056,0.00,0,,2151,0,219,777,0.01,31.4,1.00,-0.091
97.10,DOWNWIND,108.93,109.89,31.45,-0.02,-4.7,-0.3,11.0,-776.7,-868,0.60,-0.072,-0.056,0.00,0,,2148,0,223,777,0.01,31.4,1.00,-0.091
97.20,DOWNWIND,108.93,109.89,31.45,-0.02,-4.7,-0.3,11.0,-776.7,-871,0.60,-0.072,-0.056,0.00,0,,2145,0,226,777,0.01,31.4,1.00,-0.091
97.30,DOWNWIND,108.93,109.89,31.45,-0.02,-4.7,-0.3,11.0,-776.7,-874,0.60,-0.072,-0.056,0.00,0,,2142,0,229,777,0.01,31.4,1.00,-0.091
97.40,DOWNWIND,108.93,109.89,31.45,-0.02,-4.7,-0.3,11.0,-776.7,-877,0.60,-0.072,-0.056,0.00,0,,2139,0,232,777,0.01,31.4,1.00,-0.091
97.50,DOWNWIND,108.93,109.89,31.45,-0.02,-4.7,-0.3,11.0,-776.7,-880,0.60,-0.072,-0.056,0.00,0,,2136,0,235,777,0.01,31.4,1.00,-0.091
97.60,DOWNWIND,108.92,109.89,31.45,-0.02,-4.7,-0.3,11.0,-776.7,-883,0.60,-0.072,-0.056,0.00,0,,2133,0,238,777,0.01,31.4,1.00,-0.091
97.70,DOWNWIND,108.92,109.88,31.45,-0.01,-4.7,-0.3,11.0,-776.7,-886,0.60,-0.072,-0.056,0.00,0,,2129,0,241,777,0.01,31.4,1.00,-0.090
97.80,DOWNWIND,108.92,109.88,31.45,-0.01,-4.7,-0.3,11.0,-776.7,-889,0.60,-0.072,-0.056,0.00,0,,2126,0,244,777,0.01,31.4,1.00,-0.090
97.90,DOWNWIND,108.92,109.88,31.45,-0.01,-4.7,-0.3,11.0,-776.7,-892,0.60,-0.072,-0.056,0.00,0,,2123,0,247,777,0.01,31.4,1.00,-0.090
98.00,DOWNWIND,108.92,109.88,31.45,-0.01,-4.7,-0.3,11.0,-776.7,-895,0.60,-0.072,-0.056,0.00,0,,2120,0,250,777,0.01,31.4,1.00,-0.090
98.10,DOWNWIND,108.92,109.87,31.45,-0.01,-4.7,-0.3,11.0,-776.7,-898,0.60,-0.072,-0.056,0.00,0,,2117,0,253,777,0.01,31.4,1.00,-0.090
98.20,DOWNWIND,108.91,109.87,31.45,-0.01,-4.7,-0.3,11.0,-776.7,-901,0.60,-0.072,-0.056,0.00,0,,2114,0,256,777,0.01,31.4,1.00,-0.090
98.30,DOWNWIND,108.91,109.87,31.45,-0.01,-4.7,-0.3,11.0,-776.7,-905,0.60,-0.072,-0.056,0.00,0,,2111,0,260,777,0.01,31.4,1.00,-0.090
98.40,DOWNWIND,108.91,109.86,31.45,-0.01,-4.7,-0.3,11.0,-776.7,-908,0.60,-0.072,-0.056,0.00,0,,2108,0,263,777,0.01,31.4,1.00,-0.090
98.50,DOWNWIND,108.91,109.86,31.45,-0.01,-4.7,-0.3,11.0,-776.7,-911,0.60,-0.072,-0.056,0.00,0,,2105,0,266,777,0.01,31.4,1.00,-0.090
98.60,DOWNWIND,108.91,109.86,31.45,-0.01,-4.7,-0.3,11.0,-776.7,-914,0.60,-0.072,-0.056,0.00,0,,2102,0,269,777,0.01,31.4,1.00,-0.090
98.70,DOWNWIND,108.91,109.85,31.45,-0.01,-4.7,-0.3,11.0,-776.7,-917,0.60,-0.072,-0.056,0.00,0,,2099,0,272,777,0.01,31.4,1.00,-0.090
98.80,DOWNWIND,108.91,109.85,31.45,-0.01,-4.7,-0.3,11.0,-776.7,-920,0.60,-0.072,-0.056,0.00,0,,2096,0,275,777,0.01,31.4,1.00,-0.090
98.90,DOWNWIND,108.91,109.84,31.45,-0.01,-4.7,-0.3,11.0,-776.7,-923,0.60,-0.072,-0.056,0.00,0,,2092,0,278,777,0.01,31.4,1.00,-0.090
99.00,DOWNWIND,108.90,109.84,31.45,-0.01,-4.7,-0.3,11.0,-776.7,-926,0.60,-0.072,-0.056,0.00,0,,2089,0,281,777,0.01,31.4,1.00,-0.090
99.10,DOWNWIND,108.90,109.83,31.45,-0.01,-4.7,-0.3,11.0,-776.7,-929,0.60,-0.072,-0.056,0.00,0,,2086,0,284,777,0.01,31.4,1.00,-0.090
99.20,DOWNWIND,108.90,109.83,31.45,-0.01,-4.7,-0.3,11.0,-776.7,-932,0.60,-0.072,-0.056,0.00,0,,2083,0,287,777,0.01,31.4,1.00,-0.090
99.30,DOWNWIND,108.90,109.83,31.45,-0.01,-4.7,-0.3,11.0,-776.7,-935,0.60,-0.072,-0.056,0.00,0,,2080,0,290,777,0.01,31.4,1.00,-0.090
99.40,DOWNWIND,108.90,109.82,31.45,-0.01,-4.7,-0.3,11.0,-776.7,-938,0.60,-0.072,-0.056,0.00,0,,2077,0,293,777,0.01,31.4,1.00,-0.090
99.50,DOWNWIND,108.90,109.82,31.45,-0.01,-4.7,-0.3,11.0,-776.7,-942,0.60,-0.072,-0.056,0.00,0,,2074,0,297,777,0.01,31.4,1.00,-0.090
99.60,DOWNWIND,108.90,109.82,31.45,-0.01,-4.7,-0.3,11.0,-776.7,-945,0.60,-0.072,-0.056,0.00,0,,2071,0,300,777,0.01,31.4,1.00,-0.090
99.70,DOWNWIND,108.90,109.81,31.45,-0.01,-4.7,-0.3,11.0,-776.7,-948,0.60,-0.072,-0.056,0.00,0,,2068,0,303,777,0.01,31.4,1.00,-0.090
99.80,DOWNWIND,108.90,109.81,31.45,-0.01,-4.7,-0.3,11.0,-776.7,-951,0.60,-0.072,-0.056,0.00,0,,2065,0,306,777,0.01,31.4,1.00,-0.090
99.90,DOWNWIND,108.89,109.81,31.45,-0.01,-4.7,-0.3,11.0,-776.7,-954,0.60,-0.072,-0.056,0.00,0,,2062,0,309,777,0.01,31.4,1.00,-0.089
100.00,DOWNWIND,108.89,109.81,31.45,-0.01,-4.7,-0.3,11.0,-776.7,-957,0.60,-0.072,-0.056,0.00,0,,2059,0,312,777,0.01,31.4,1.00,-0.089
100.10,DOWNWIND,108.89,109.80,31.45,-0.01,-4.7,-0.3,11.0,-776.7,-960,0.60,-0.072,-0.056,0.00,0,,2055,0,315,777,0.02,31.4,1.00,-0.089
100.20,DOWNWIND,108.89,109.80,31.45,-0.01,-4.7,-0.3,11.0,-776.7,-963,0.60,-0.072,-0.056,0.00,0,,2052,0,318,777,0.02,31.4,1.00,-0.089
100.30,DOWNWIND,108.89,109.80,31.45,-0.01,-4.7,-0.3,11.0,-776.7,-966,0.60,-0.072,-0.056,0.00,0,,2049,0,321,777,0.02,31.4,1.00,-0.089
100.40,DOWNWIND,108.89,109.80,31.45,-0.01,-4.7,-0.3,11.0,-776.7,-969,0.60,-0.072,-0.056,0.00,0,,2046,0,324,777,0.02,31.4,1.00,-0.089
100.50,DOWNWIND,108.89,109.80,31.45,-0.01,-4.7,-0.3,11.0,-776.7,-972,0.60,-0.072,-0.056,0.00,0,,2043,0,327,777,0.02,31.4,1.00,-0.089
100.60,DOWNWIND,108.89,109.79,31.45,-0.01,-4.7,-0.3,11.0,-776.7,-975,0.60,-0.072,-0.056,0.00,0,,2040,0,330,777,0.02,31.4,1.00,-0.089
100.70,DOWNWIND,108.89,109.79,31.45,-0.01,-4.7,-0.3,11.0,-776.7,-979,0.60,-0.072,-0.056,0.00,0,,2037,0,334,777,0.02,31.4,1.00,-0.089
100.80,DOWNWIND,108.89,109.79,31.45,-0.01,-4.7,-0.3,11.0,-776.7,-982,0.60,-0.072,-0.056,0.00,0,,2034,0,337,777,0.02,31.4,1.00,-0.089
100.90,DOWNWIND,108.88,109.79,31.45,-0.01,-4.7,-0.3,11.0,-776.7,-985,0.60,-0.072,-0.056,0.00,0,,2031,0,340,777,0.02,31.4,1.00,-0.089
101.00,DOWNWIND,108.88,109.79,31.45,-0.01,-4.7,-0.3,11.0,-776.7,-988,0.60,-0.072,-0.056,0.00,0,,2028,0,343,777,0.02,31.4,1.00,-0.089
101.10,DOWNWIND,108.88,109.78,31.45,-0.01,-4.7,-0.3,11.0,-776.7,-991,0.60,-0.072,-0.056,0.00,0,,2025,0,346,777,0.02,31.4,1.00,-0.089
101.20,DOWNWIND,108.88,109.78,31.45,-0.01,-4.7,-0.3,11.0,-776.7,-994,0.60,-0.072,-0.056,0.00,0,,2022,0,349,777,0.02,31.4,1.00,-0.089
101.30,DOWNWIND,108.88,109.78,31.45,-0.01,-4.7,-0.3,11.0,-776.7,-997,0.60,-0.072,-0.056,0.00,0,,2018,0,352,777,0.02,31.4,1.00,-0.089
101.40,DOWNWIND,108.88,109.78,31.45,-0.01,-4.7,-0.3,11.0,-776.7,-1000,0.60,-0.072,-0.056,0.00,0,,2015,0,355,777,0.02,31.4,1.00,-0.089
101.50,DOWNWIND,108.88,109.78,31.45,-0.01,-4.7,-0.3,11.0,-776.7,-1003,0.60,-0.072,-0.056,0.00,0,,2012,0,358,777,0.02,31.4,1.00,-0.089
101.60,DOWNWIND,108.88,109.77,31.45,-0.01,-4.7,-0.3,11.0,-776.7,-1006,0.60,-0.072,-0.056,0.00,0,,2009,0,361,777,0.02,31.4,1.00,-0.089
101.70,DOWNWIND,108.88,109.77,31.45,-0.01,-4.7,-0.3,11.0,-776.7,-1009,0.60,-0.072,-0.056,0.00,0,,2006,0,364,777,0.02,31.4,1.00,-0.089
101.80,DOWNWIND,108.88,109.77,31.45,-0.01,-4.7,-0.3,11.0,-776.7,-1012,0.60,-0.072,-0.056,0.00,0,,2003,0,367,777,0.02,31.4,1.00,-0.089
101.90,DOWNWIND,108.88,109.77,31.45,-0.01,-4.7,-0.3,11.0,-776.7,-1016,0.60,-0.072,-0.056,0.00,0,,2000,0,371,777,0.02,31.4,1.00,-0.089
102.00,DOWNWIND,108.88,109.77,31.45,-0.01,-4.7,-0.3,11.0,-776.7,-1019,0.60,-0.072,-0.056,0.00,0,,1997,0,374,777,0.02,31.4,1.00,-0.089
102.10,DOWNWIND,108.88,109.77,31.45,-0.01,-4.7,-0.3,11.0,-776.7,-1022,0.60,-0.072,-0.056,0.00,0,,1994,0,377,777,0.02,31.4,1.00,-0.089
102.20,DOWNWIND,108.87,109.84,31.45,-0.01,-4.7,-0.3,11.0,-776.7,-1025,0.60,-0.072,-0.056,0.00,0,,1991,0,380,777,0.02,31.4,1.00,-0.089
102.30,DOWNWIND,108.87,110.26,31.45,-0.01,-4.7,-0.3,11.0,-776.7,-1028,0.60,-0.072,-0.056,0.00,0,,1988,0,383,777,0.02,31.4,1.00,-0.088
102.40,DOWNWIND,108.87,110.90,31.45,-0.01,-4.7,-0.3,11.0,-776.7,-1031,0.60,-0.072,-0.056,0.00,0,,1985,0,386,777,0.02,31.4,1.00,-0.088
102.50,DOWNWIND,108.87,111.58,31.45,-0.01,-4.7,-0.3,11.0,-776.7,-1034,0.60,-0.072,-0.056,0.00,0,,1981,0,389,777,0.02,31.4,1.00,-0.088
102.60,DOWNWIND,108.87,109.77,31.45,-0.01,-4.7,-0.3,11.0,-776.7,-1037,0.60,-0.072,-0.056,0.00,0,,1978,0,392,777,0.02,31.4,1.00,-0.088
102.70,DOWNWIND,108.87,109.76,31.45,-0.01,-4.7,-0.3,11.0,-776.7,-1040,0.60,-0.072,-0.056,0.00,0,,1975,0,395,777,0.02,31.4,1.00,-0.088
102.80,DOWNWIND,108.87,109.75,31.45,-0.01,-4.7,-0.3,11.0,-776.7,-1043,0.60,-0.072,-0.056,0.00,0,,1972,0,398,777,0.02,31.4,1.00,-0.088
102.90,DOWNWIND,108.87,111.55,31.45,-0.00,-4.7,-0.3,11.0,-776.7,-1046,0.60,-0.072,-0.056,0.00,0,,1969,0,401,777,0.02,31.4,1.00,-0.088
103.00,DOWNWIND,108.87,110.77,31.45,-0.00,-4.7,-0.3,11.0,-776.7,-1049,0.60,-0.072,-0.056,0.00,0,,1966,0,404,777,0.02,31.4,1.00,-0.088
103.10,DOWNWIND,108.87,110.01,31.45,-0.00,-4.7,-0.3,11.0,-776.7,-1053,0.60,-0.072,-0.056,0.00,0,,1963,0,408,777,0.02,31.4,1.00,-0.088
103.20,DOWNWIND,108.87,109.75,31.45,-0.00,-4.7,-0.3,11.0,-776.7,-1056,0.60,-0.072,-0.056,0.00,0,,1960,0,411,777,0.02,31.4,1.00,-0.088
103.30,DOWNWIND,108.87,109.75,31.45,-0.00,-4.7,-0.3,11.0,-776.7,-1059,0.60,-0.072,-0.056,0.00,0,,1957,0,414,777,0.02,31.4,1.00,-0.088
103.40,DOWNWIND,108.87,109.74,31.45,-0.00,-4.7,-0.3,11.0,-776.7,-1062,0.60,-0.072,-0.056,0.00,0,,1954,0,417,777,0.02,31.4,1.00,-0.088
103.50,DOWNWIND,108.87,109.74,31.45,-0.00,-4.7,-0.3,11.0,-776.7,-1065,0.60,-0.072,-0.056,0.00,0,,1951,0,420,777,0.02,31.4,1.00,-0.088
103.60,DOWNWIND,108.87,109.73,31.45,-0.00,-4.7,-0.3,11.0,-776.7,-1068,0.60,-0.072,-0.056,0.00,0,,1948,0,423,777,0.02,31.4,1.00,-0.088
103.70,DOWNWIND,108.87,109.73,31.45,-0.00,-4.7,-0.3,11.0,-776.7,-1071,0.60,-0.072,-0.056,0.00,0,,1944,0,426,777,0.02,31.4,1.00,-0.088
103.80,DOWNWIND,108.87,109.73,31.45,-0.01,-4.7,-0.3,11.0,-776.7,-1074,0.60,-0.072,-0.056,0.00,0,,1941,0,429,777,0.02,31.4,1.00,-0.088
103.90,DOWNWIND,108.87,109.72,31.45,-0.01,-4.7,-0.3,11.0,-776.7,-1077,0.60,-0.072,-0.056,0.00,0,,1938,0,432,777,0.02,31.4,1.00,-0.088
104.00,DOWNWIND,108.87,109.72,31.45,-0.01,-4.7,-0.3,11.0,-776.7,-1080,0.60,-0.072,-0.056,0.00,0,,1935,0,435,777,0.02,31.4,1.00,-0.088
104.10,DOWNWIND,108.86,109.71,31.45,-0.01,-4.7,-0.2,11.0,-776.7,-1083,0.60,-0.072,-0.056,0.00,0,,1932,0,438,777,0.02,31.4,1.00,-0.088
104.20,DOWNWIND,108.86,109.70,31.45,-0.01,-4.7,-0.2,11.0,-776.7,-1086,0.60,-0.072,-0.055,0.00,0,,1929,0,441,777,0.02,31.4,1.00,-0.088
104.30,DOWNWIND,108.86,109.70,31.45,-0.00,-4.7,-0.2,11.0,-776.7,-1090,0.60,-0.072,-0.055,0.00,0,,1926,0,445,777,0.02,31.4,1.00,-0.088
104.40,DOWNWIND,108.86,109.69,31.45,-0.00,-4.7,-0.2,11.0,-776.7,-1093,0.60,-0.072,-0.055,0.00,0,,1923,0,448,777,0.02,31.4,1.00,-0.088
104.50,DOWNWIND,108.86,109.69,31.45,-0.00,-4.7,-0.2,11.0,-776.7,-1096,0.60,-0.072,-0.055,0.00,0,,1920,0,451,777,0.02,31.4,1.00,-0.088
104.60,DOWNWIND,108.86,109.68,31.45,-0.00,-4.7,-0.2,11.0,-776.7,-1099,0.60,-0.072,-0.055,0.00,0,,1917,0,454,777,0.02,31.4,1.00,-0.088
104.70,DOWNWIND,108.86,109.67,31.45,-0.00,-4.7,-0.2,11.0,-776.7,-1102,0.60,-0.072,-0.055,0.00,0,,1914,0,457,777,0.02,31.4,1.00,-0.088
104.80,DOWNWIND,108.86,109.67,31.45,-0.00,-4.7,-0.2,11.0,-776.7,-1105,0.60,-0.072,-0.055,0.00,0,,1911,0,460,777,0.02,31.4,1.00,-0.088
104.90,DOWNWIND,108.86,109.66,31.45,-0.00,-4.7,-0.3,11.0,-776.7,-1108,0.60,-0.072,-0.055,0.00,0,,1907,0,463,777,0.02,31.4,1.00,-0.088
105.00,DOWNWIND,108.86,109.65,31.45,-0.00,-4.7,-0.3,11.0,-776.7,-1111,0.60,-0.072,-0.055,0.00,0,,1904,0,466,777,0.02,31.4,1.00,-0.087
105.10,DOWNWIND,108.86,109.64,31.45,-0.00,-4.7,-0.3,11.0,-776.7,-1114,0.60,-0.072,-0.056,0.00,0,,1901,0,469,777,0.02,31.4,1.00,-0.087
105.20,DOWNWIND,108.86,109.64,31.45,-0.00,-4.7,-0.3,11.0,-776.7,-1117,0.60,-0.072,-0.056,0.00,0,,1898,0,472,777,0.02,31.4,1.00,-0.087
105.30,DOWNWIND,108.86,109.63,31.45,-0.00,-4.7,-0.3,11.0,-776.7,-1120,0.60,-0.072,-0.056,0.00,0,,1895,0,475,777,0.02,31.4,1.00,-0.087
105.40,DOWNWIND,108.86,109.62,31.45,-0.00,-4.7,-0.3,11.0,-776.7,-1123,0.60,-0.072,-0.056,0.00,0,,1892,0,478,777,0.02,31.4,1.00,-0.087
105.50,DOWNWIND,108.86,109.61,31.45,-0.00,-4.7,-0.3,11.0,-776.7,-1127,0.60,-0.072,-0.056,0.00,0,,1889,0,482,777,0.02,31.4,1.00,-0.087
105.60,DOWNWIND,108.86,109.60,31.45,-0.00,-4.7,-0.3,11.0,-776.7,-1130,0.60,-0.072,-0.056,0.00,0,,1886,0,485,777,0.02,31.4,1.00,-0.087
105.70,DOWNWIND,108.86,109.59,31.45,-0.00,-4.7,-0.3,11.0,-776.7,-1133,0.60,-0.072,-0.056,0.00,0,,1883,0,488,777,0.02,31.4,1.00,-0.087
105.80,DOWNWIND,108.86,109.58,31.45,-0.00,-4.7,-0.3,11.0,-776.7,-1136,0.60,-0.072,-0.056,0.00,0,,1880,0,491,777,0.02,31.4,1.00,-0.087
105.90,DOWNWIND,108.86,109.57,31.45,-0.00,-4.7,-0.3,11.0,-776.7,-1139,0.60,-0.072,-0.056,0.00,0,,1877,0,494,777,0.02,31.4,1.00,-0.087
106.00,DOWNWIND,108.86,109.56,31.45,-0.00,-4.7,-0.3,11.0,-776.7,-1142,0.60,-0.072,-0.056,0.00,0,,1874,0,497,777,0.02,31.4,1.00,-0.087
106.10,DOWNWIND,108.86,109.55,31.45,-0.00,-4.7,-0.3,11.0,-776.7,-1145,0.60,-0.072,-0.056,0.00,0,,1870,0,500,777,0.02,31.4,1.00,-0.087
106.20,DOWNWIND,108.86,109.54,31.45,-0.00,-4.7,-0.3,11.0,-776.7,-1148,0.60,-0.072,-0.056,0.00,0,,1867,0,503,777,0.02,31.4,1.00,-0.087
106.30,DOWNWIND,108.86,109.53,31.45,-0.00,-4.7,-0.3,11.0,-776.7,-1151,0.60,-0.072,-0.056,0.00,0,,1864,0,506,777,0.02,31.4,1.00,-0.087
106.40,DOWNWIND,108.86,109.52,31.45,-0.00,-4.7,-0.3,11.0,-776.7,-1154,0.60,-0.072,-0.056,0.00,0,,1861,0,509,777,0.02,31.4,1.00,-0.087
106.50,DOWNWIND,108.86,109.51,31.45,-0.00,-4.7,-0.3,11.0,-776.7,-1157,0.60,-0.072,-0.056,0.00,0,,1858,0,512,777,0.02,31.4,1.00,-0.087
106.60,DOWNWIND,108.86,109.50,31.45,-0.00,-4.7,-0.3,11.0,-776.7,-1160,0.60,-0.072,-0.056,0.00,0,,1855,0,515,777,0.02,31.4,1.00,-0.087
106.70,DOWNWIND,108.86,109.49,31.45,-0.00,-4.7,-0.3,11.0,-776.7,-1164,0.60,-0.072,-0.056,0.00,0,,1852,0,519,777,0.02,31.4,1.00,-0.087
106.80,DOWNWIND,108.86,109.47,31.45,-0.00,-4.7,-0.3,11.0,-776.7,-1167,0.60,-0.072,-0.056,0.00,0,,1849,0,522,777,0.02,31.4,1.00,-0.087
106.90,DOWNWIND,108.86,109.46,31.45,-0.00,-4.7,-0.3,11.0,-776.7,-1170,0.60,-0.072,-0.056,0.00,0,,1846,0,525,777,0.02,31.4,1.00,-0.087
107.00,DOWNWIND,108.86,109.45,31.45,-0.00,-4.7,-0.3,11.0,-776.7,-1173,0.60,-0.072,-0.055,0.00,0,,1843,0,528,777,0.02,31.4,1.00,-0.087
107.10,DOWNWIND,108.85,109.44,31.45,-0.00,-4.7,-0.3,11.0,-776.7,-1176,0.60,-0.072,-0.056,0.00,0,,1840,0,531,777,0.02,31.4,1.00,-0.087
107.20,DOWNWIND,108.85,109.43,31.45,-0.00,-4.7,-0.3,11.0,-776.7,-1179,0.60,-0.072,-0.056,0.00,0,,1837,0,534,777,0.02,31.4,1.00,-0.087
107.30,DOWNWIND,108.85,109.41,31.45,-0.00,-4.7,-0.3,11.0,-776.7,-1182,0.60,-0.072,-0.056,0.00,0,,1833,0,537,777,0.02,31.4,1.00,-0.087
107.40,DOWNWIND,108.85,109.40,31.45,-0.00,-4.7,-0.3,11.0,-776.7,-1185,0.60,-0.072,-0.056,0.00,0,,1830,0,540,777,0.02,31.4,1.00,-0.087
107.50,DOWNWIND,108.85,109.39,31.45,-0.00,-4.7,-0.3,11.0,-776.7,-1188,0.60,-0.072,-0.056,0.00,0,,1827,0,543,777,0.02,31.4,1.00,-0.087
107.60,DOWNWIND,108.85,109.37,31.45,-0.00,-4.7,-0.3,11.0,-776.7,-1191,0.60,-0.072,-0.056,0.00,0,,1824,0,546,777,0.02,31.4,1.00,-0.087
107.70,DOWNWIND,108.85,109.36,31.45,-0.00,-4.7,-0.3,11.0,-776.7,-1194,0.60,-0.072,-0.056,0.00,0,,1821,0,549,777,0.02,31.4,1.00,-0.087
107.80,DOWNWIND,108.85,109.34,31.45,-0.00,-4.7,-0.3,11.0,-776.7,-1197,0.60,-0.072,-0.056,0.00,0,,1818,0,552,777,0.02,31.4,1.00,-0.087
107.90,DOWNWIND,108.85,109.33,31.45,-0.00,-4.7,-0.3,11.0,-776.7,-1201,0.60,-0.072,-0.056,0.00,0,,1815,0,556,777,0.02,31.4,1.00,-0.087
108.00,DOWNWIND,108.85,109.31,31.45,-0.00,-4.7,-0.3,11.0,-776.7,-1204,0.60,-0.072,-0.056,0.00,0,,1812,0,559,777,0.02,31.4,1.00,-0.087
108.10,DOWNWIND,108.85,109.30,31.45,-0.00,-4.7,-0.3,11.0,-776.7,-1207,0.60,-0.072,-0.056,0.00,0,,1809,0,562,777,0.02,31.4,1.00,-0.087
108.20,DOWNWIND,108.85,109.28,31.45,-0.00,-4.7,-0.3,11.0,-776.7,-1210,0.60,-0.072,-0.056,0.00,0,,1806,0,565,777,0.02,31.4,1.00,-0.086
108.30,DOWNWIND,108.85,109.26,31.45,-0.00,-4.7,-0.3,11.0,-776.7,-1213,0.60,-0.072,-0.056,0.00,0,,1803,0,568,777,0.02,31.4,1.00,-0.086
108.40,DOWNWIND,108.85,109.24,31.45,-0.00,-4.7,-0.3,11.0,-776.7,-1216,0.60,-0.072,-0.056,0.00,0,,1800,0,571,777,0.02,31.4,1.00,-0.086
108.50,DOWNWIND,108.85,109.23,31.45,-0.00,-4.7,-0.3,11.0,-776.7,-1219,0.60,-0.072,-0.056,0.00,0,,1796,0,574,777,0.02,31.4,1.00,-0.086
108.60,DOWNWIND,108.85,109.21,31.45,-0.00,-4.7,-0.3,11.0,-776.7,-1222,0.60,-0.072,-0.056,0.00,0,,1793,0,577,777,0.02,31.4,1.00,-0.086
108.70,DOWNWIND,108.85,109.19,31.45,-0.00,-4.7,-0.3,11.0,-776.7,-1225,0.60,-0.072,-0.056,0.00,0,,1790,0,580,777,0.02,31.4,1.00,-0.086
108.80,DOWNWIND,108.85,109.17,31.45,-0.00,-4.7,-0.3,11.0,-776.7,-1228,0.60,-0.072,-0.056,0.00,0,,1787,0,583,777,0.02,31.4,1.00,-0.086
108.90,DOWNWIND,108.85,109.14,31.45,-0.00,-4.7,-0.3,11.0,-776.7,-1231,0.60,-0.072,-0.056,0.00,0,,1784,0,586,777,0.02,31.4,1.00,-0.086
109.00,DOWNWIND,108.85,109.12,31.45,-0.00,-4.7,-0.3,11.0,-776.7,-1234,0.60,-0.072,-0.056,0.00,0,,1781,0,589,777,0.02,31.4,1.00,-0.086
109.10,DOWNWIND,108.85,109.10,31.45,-0.00,-4.7,-0.3,11.0,-776.7,-1238,0.60,-0.072,-0.056,0.00,0,,1778,0,593,777,0.02,31.4,1.00,-0.086
109.20,DOWNWIND,108.85,109.08,31.45,-0.00,-4.7,-0.3,11.0,-776.7,-1241,0.60,-0.072,-0.056,0.00,0,,1775,0,596,777,0.02,31.4,1.00,-0.086
109.30,DOWNWIND,108.85,109.06,31.45,-0.00,-4.7,-0.3,11.0,-776.7,-1244,0.60,-0.072,-0.056,0.00,0,,1772,0,599,777,0.02,31.4,1.00,-0.086
109.40,DOWNWIND,108.85,109.04,31.44,-0.00,-4.7,-0.3,11.0,-776.7,-1247,0.60,-0.072,-0.056,0.00,0,,1769,0,602,777,0.02,31.4,1.00,-0.086
109.50,DOWNWIND,108.85,109.02,31.44,0.00,-4.7,-0.3,11.0,-776.7,-1250,0.60,-0.072,-0.056,0.00,0,,1766,0,605,777,0.02,31.4,1.00,-0.086
109.60,DOWNWIND,108.85,108.99,31.44,0.00,-4.7,-0.3,11.0,-776.7,-1253,0.60,-0.072,-0.055,0.00,0,,1763,0,608,777,0.02,31.4,1.00,-0.086
109.70,DOWNWIND,108.85,108.97,31.44,0.00,-4.7,-0.3,11.0,-776.7,-1256,0.60,-0.072,-0.056,0.00,0,,1759,0,611,777,0.02,31.4,1.00,-0.086
109.80,DOWNWIND,108.85,108.95,31.44,0.00,-4.7,-0.3,11.0,-776.7,-1259,0.60,-0.072,-0.056,0.00,0,,1756,0,614,777,0.02,31.4,1.00,-0.086
109.90,DOWNWIND,108.85,108.93,31.44,0.00,-4.7,-0.3,11.0,-776.7,-1262,0.60,-0.072,-0.055,0.00,0,,1753,0,617,777,0.02,31.4,1.00,-0.086
110.00,DOWNWIND,108.85,108.90,31.44,0.00,-4.7,-0.3,11.0,-776.7,-1265,0.60,-0.072,-0.056,0.00,0,,1750,0,620,777,0.02,31.4,1.00,-0.086
110.10,DOWNWIND,108.85,108.88,31.44,0.00,-4.7,-0.3,11.0,-776.7,-1268,0.60,-0.072,-0.056,0.00,0,,1747,0,623,777,0.02,31.4,1.00,-0.086
110.20,DOWNWIND,108.85,108.86,31.44,0.00,-4.7,-0.3,11.0,-776.7,-1271,0.60,-0.072,-0.056,0.00,0,,1744,0,626,777,0.02,31.4,1.00,-0.086
110.30,DOWNWIND,108.85,108.83,31.44,0.00,-4.7,-0.3,11.0,-776.7,-1275,0.60,-0.072,-0.056,0.00,0,,1741,0,630,777,0.02,31.4,1.00,-0.086
110.40,DOWNWIND,108.85,108.81,31.44,0.00,-4.7,-0.3,11.0,-776.7,-1278,0.60,-0.072,-0.055,0.00,0,,1738,0,633,777,0.02,31.4,1.00,-0.086
110.50,DOWNWIND,108.85,108.78,31.44,0.00,-4.7,-0.3,11.0,-776.7,-1281,0.60,-0.072,-0.056,0.00,0,,1735,0,636,777,0.02,31.4,1.00,-0.086
110.60,DOWNWIND,108.85,108.75,31.44,0.00,-4.7,-0.3,11.0,-776.7,-1284,0.60,-0.072,-0.056,0.00,0,,1732,0,639,777,0.02,31.4,1.00,-0.086
110.70,DOWNWIND,108.85,108.72,31.44,0.00,-4.7,-0.3,11.0,-776.7,-1287,0.60,-0.072,-0.055,0.00,0,,1729,0,642,777,0.02,31.4,1.00,-0.086
110.80,DOWNWIND,108.85,108.69,31.44,0.00,-4.7,-0.3,11.0,-776.7,-1290,0.60,-0.072,-0.056,0.00,0,,1726,0,645,777,0.02,31.4,1.00,-0.086
110.90,DOWNWIND,108.85,108.65,31.44,0.00,-4.7,-0.3,11.0,-776.7,-1293,0.60,-0.072,-0.055,0.00,0,,1722,0,648,777,0.02,31.4,1.00,-0.086
111.00,DOWNWIND,108.85,108.62,31.44,0.00,-4.7,-0.3,11.0,-776.7,-1296,0.60,-0.072,-0.056,0.00,0,,1719,0,651,777,0.02,31.4,1.00,-0.086
111.10,DOWNWIND,108.85,108.58,31.44,0.00,-4.7,-0.3,11.0,-776.7,-1299,0.60,-0.072,-0.056,0.00,0,,1716,0,654,777,0.02,31.4,1.00,-0.086
111.20,DOWNWIND,108.85,108.54,31.44,0.00,-4.7,-0.3,11.0,-776.7,-1302,0.60,-0.072,-0.055,0.00,0,,1713,0,657,777,0.02,31.4,1.00,-0.086
111.30,DOWNWIND,108.85,108.49,31.44,0.00,-4.7,-0.3,11.0,-776.7,-1305,0.60,-0.072,-0.056,0.00,0,,1710,0,660,777,0.02,31.4,1.00,-0.086
111.40,DOWNWIND,108.85,108.45,31.44,0.00,-4.7,-0.3,11.0,-776.7,-1308,0.60,-0.072,-0.056,0.00,0,,1707,0,663,777,0.02,31.4,1.00,-0.086
111.50,DOWNWIND,108.85,108.40,31.44,0.00,-4.7,-0.3,11.0,-776.7,-1312,0.60,-0.072,-0.055,0.00,0,,1704,0,667,777,0.02,31.4,1.00,-0.086
111.60,DOWNWIND,108.85,108.35,31.44,0.00,-4.7,-0.3,11.0,-776.7,-1315,0.60,-0.072,-0.056,0.00,0,,1701,0,670,777,0.02,31.4,1.00,-0.086
111.70,DOWNWIND,108.85,108.30,31.44,0.00,-4.7,-0.3,11.0,-776.7,-1318,0.60,-0.072,-0.055,0.00,0,,1698,0,673,777,0.02,31.4,1.00,-0.086
111.80,DOWNWIND,108.85,108.25,31.44,0.00,-4.7,-0.3,11.0,-776.7,-1321,0.60,-0.072,-0.055,0.00,0,,1695,0,676,777,0.02,31.4,1.00,-0.086
111.90,DOWNWIND,108.85,108.20,31.44,0.00,-4.7,-0.3,11.0,-776.7,-1324,0.60,-0.072,-0.056,0.00,0,,1692,0,679,777,0.02,31.4,1.00,-0.086
112.00,DOWNWIND,108.85,108.14,31.44,0.00,-4.7,-0.3,11.0,-776.7,-1327,0.60,-0.072,-0.055,0.00,0,,1689,0,682,777,0.02,31.4,1.00,-0.086
112.10,DOWNWIND,108.86,108.09,31.44,0.00,-4.7,-0.3,11.0,-776.7,-1330,0.60,-0.072,-0.055,0.00,0,,1685,0,685,777,0.02,31.4,1.00,-0.085
112.20,DOWNWIND,108.86,108.03,31.44,0.00,-4.7,-0.3,11.0,-776.7,-1333,0.60,-0.072,-0.055,0.00,0,,1682,0,688,777,0.02,31.4,1.00,-0.085
112.30,DOWNWIND,108.86,107.98,31.44,0.00,-4.7,-0.3,11.0,-776.7,-1336,0.60,-0.072,-0.055,0.00,0,,1679,0,691,777,0.02,31.4,1.00,-0.085
112.40,DOWNWIND,108.86,107.92,31.44,0.00,-4.7,-0.3,11.0,-776.7,-1339,0.60,-0.072,-0.055,0.00,0,,1676,0,694,777,0.02,31.4,1.00,-0.085
112.50,DOWNWIND,108.86,107.87,31.44,0.00,-4.7,-0.3,11.0,-776.7,-1342,0.60,-0.072,-0.055,0.00,0,,1673,0,697,777,0.02,31.4,1.00,-0.085
112.60,DOWNWIND,108.86,107.81,31.44,0.00,-4.7,-0.3,11.0,-776.7,-1345,0.60,-0.072,-0.055,0.00,0,,1670,0,700,777,0.02,31.4,1.00,-0.085
112.70,DOWNWIND,108.86,107.76,31.44,0.00,-4.7,-0.3,11.0,-776.7,-1349,0.60,-0.072,-0.055,0.00,0,,1667,0,704,777,0.02,31.4,1.00,-0.085
112.80,DOWNWIND,108.86,107.70,31.44,0.00,-4.7,-0.3,11.0,-776.7,-1352,0.60,-0.072,-0.055,0.00,0,,1664,0,707,777,0.02,31.4,1.00,-0.085
112.90,DOWNWIND,108.86,107.65,31.44,0.00,-4.7,-0.3,11.0,-776.7,-1355,0.60,-0.072,-0.055,0.00,0,,1661,0,710,777,0.02,31.4,1.00,-0.085
113.00,DOWNWIND,108.86,107.59,31.44,0.00,-4.7,-0.3,11.0,-776.7,-1358,0.60,-0.072,-0.055,0.00,0,,1658,0,713,777,0.02,31.4,1.00,-0.085
113.10,DOWNWIND,108.86,107.54,31.44,0.00,-4.7,-0.3,11.0,-776.7,-1361,0.60,-0.072,-0.055,0.00,0,,1655,0,716,777,0.02,31.4,1.00,-0.085
113.20,DOWNWIND,108.86,107.49,31.44,0.00,-4.7,-0.3,11.0,-776.7,-1364,0.60,-0.072,-0.055,0.00,0,,1652,0,719,777,0.02,31.4,1.00,-0.085
113.30,DOWNWIND,108.86,107.44,31.44,0.00,-4.7,-0.3,11.0,-776.7,-1367,0.60,-0.072,-0.055,0.00,0,,1649,0,722,777,0.02,31.4,1.00,-0.085
113.40,DOWNWIND,108.86,107.38,31.44,0.00,-4.7,-0.3,11.0,-776.7,-1370,0.60,-0.072,-0.055,0.00,0,,1645,0,725,777,0.02,31.4,1.00,-0.085
113.50,DOWNWIND,108.86,107.33,31.44,0.00,-4.7,-0.3,11.0,-776.7,-1373,0.60,-0.072,-0.055,0.00,0,,1642,0,728,777,0.02,31.4,1.00,-0.085
113.60,DOWNWIND,108.86,107.27,31.44,0.00,-4.7,-0.3,11.0,-776.7,-1376,0.60,-0.072,-0.055,0.00,0,,1639,0,731,777,0.02,31.4,1.00,-0.085
113.70,DOWNWIND,108.86,107.21,31.44,0.00,-4.7,-0.3,11.0,-776.7,-1379,0.60,-0.072,-0.055,0.00,0,,1636,0,734,777,0.02,31.4,1.00,-0.085
113.80,DOWNWIND,108.86,107.14,31.44,0.00,-4.7,-0.3,11.0,-776.7,-1382,0.60,-0.072,-0.055,0.00,0,,1633,0,737,777,0.02,31.4,1.00,-0.085
113.90,DOWNWIND,108.86,107.07,31.44,0.00,-4.7,-0.3,11.0,-776.7,-1386,0.60,-0.072,-0.055,0.00,0,,1630,0,741,777,0.02,31.4,1.00,-0.085
114.00,DOWNWIND,108.86,107.00,31.44,0.00,-4.6,-0.3,11.0,-776.7,-1389,0.60,-0.072,-0.055,0.00,0,,1627,0,744,777,0.02,31.4,1.00,-0.085
114.10,DOWNWIND,108.86,106.93,31.44,0.00,-4.6,-0.3,10.9,-776.7,-1392,0.60,-0.072,-0.055,0.00,0,,1624,0,747,777,0.02,31.4,1.00,-0.085
114.20,DOWNWIND,108.86,106.85,31.44,0.00,-4.6,-0.3,10.9,-776.7,-1395,0.60,-0.072,-0.055,0.00,0,,1621,0,750,777,0.02,31.4,1.00,-0.085
114.30,DOWNWIND,108.86,106.77,31.44,0.00,-4.6,-0.3,10.9,-776.7,-1398,0.60,-0.072,-0.055,0.00,0,,1618,0,753,777,0.02,31.4,1.00,-0.085
114.40,DOWNWIND,108.86,106.69,31.44,0.00,-4.6,-0.3,10.9,-776.7,-1401,0.60,-0.072,-0.055,0.00,0,,1615,0,756,777,0.02,31.4,1.00,-0.085
114.50,DOWNWIND,108.86,106.60,31.44,0.00,-4.6,-0.3,10.9,-776.7,-1404,0.60,-0.072,-0.055,0.00,0,,1612,0,759,777,0.02,31.4,1.00,-0.085
114.60,DOWNWIND,108.86,106.52,31.44,0.00,-4.6,-0.3,10.9,-776.7,-1407,0.60,-0.072,-0.055,0.00,0,,1608,0,762,777,0.02,31.4,1.00,-0.085
114.70,DOWNWIND,108.86,106.43,31.44,0.00,-4.6,-0.3,10.9,-776.7,-1410,0.60,-0.072,-0.055,0.00,0,,1605,0,765,777,0.02,31.4,1.00,-0.085
114.80,DOWNWIND,108.86,106.35,31.44,0.00,-4.6,-0.3,10.9,-776.7,-1413,0.60,-0.072,-0.055,0.00,0,,1602,0,768,777,0.02,31.4,1.00,-0.085
114.90,DOWNWIND,108.86,106.26,31.44,0.00,-4.6,-0.3,10.9,-776.7,-1416,0.60,-0.072,-0.055,0.00,0,,1599,0,771,777,0.02,31.4,1.00,-0.085
115.00,DOWNWIND,108.86,106.17,31.44,0.00,-4.6,-0.3,10.9,-776.7,-1419,0.60,-0.072,-0.055,0.00,0,,1596,0,774,777,0.02,31.4,1.00,-0.085
115.10,DOWNWIND,108.86,106.08,31.44,0.00,-4.6,-0.3,10.9,-776.7,-1423,0.60,-0.072,-0.055,0.00,0,,1593,0,778,777,0.02,31.4,1.00,-0.085
115.20,DOWNWIND,108.86,105.99,31.44,0.00,-4.6,-0.3,10.9,-776.7,-1426,0.60,-0.072,-0.055,0.00,0,,1590,0,781,777,0.02,31.4,1.00,-0.085
115.30,DOWNWIND,108.86,105.91,31.44,0.00,-4.6,-0.3,10.9,-776.7,-1429,0.60,-0.072,-0.055,0.00,0,,1587,0,784,777,0.02,31.4,1.00,-0.085
115.40,DOWNWIND,108.86,105.82,31.44,0.00,-4.6,-0.3,10.9,-776.7,-1432,0.60,-0.072,-0.055,0.00,0,,1584,0,787,777,0.02,31.4,1.00,-0.085
115.50,DOWNWIND,108.86,105.74,31.44,0.00,-4.6,-0.3,10.9,-776.7,-1435,0.60,-0.072,-0.055,0.00,0,,1581,0,790,777,0.02,31.4,1.00,-0.085
115.60,DOWNWIND,108.86,105.66,31.44,0.00,-4.6,-0.3,10.9,-776.7,-1438,0.60,-0.072,-0.055,0.00,0,,1578,0,793,777,0.02,31.4,1.00,-0.085
115.70,DOWNWIND,108.86,105.59,31.44,0.00,-4.6,-0.3,10.9,-776.7,-1441,0.60,-0.072,-0.055,0.00,0,,1575,0,796,777,0.02,31.4,1.00,-0.085
115.80,DOWNWIND,108.86,105.51,31.44,0.00,-4.6,-0.3,10.9,-776.7,-1444,0.60,-0.072,-0.055,0.00,0,,1571,0,799,777,0.02,31.4,1.00,-0.085
115.90,DOWNWIND,108.86,105.43,31.44,0.00,-4.6,-0.3,10.9,-776.7,-1447,0.60,-0.072,-0.055,0.00,0,,1568,0,802,777,0.02,31.4,1.00,-0.085
116.00,DOWNWIND,108.86,105.36,31.44,0.00,-4.6,-0.3,10.9,-776.7,-1450,0.60,-0.072,-0.055,0.00,0,,1565,0,805,777,0.02,31.4,1.00,-0.085
116.10,DOWNWIND,108.86,105.29,31.44,0.00,-4.6,-0.3,10.9,-776.7,-1453,0.60,-0.072,-0.055,0.00,0,,1562,0,808,777,0.02,31.4,1.00,-0.085
116.20,DOWNWIND,108.86,105.22,31.44,0.00,-4.6,-0.3,10.9,-776.7,-1456,0.60,-0.072,-0.055,0.00,0,,1559,0,811,777,0.02,31.4,1.00,-0.085
116.30,DOWNWIND,108.86,105.15,31.44,0.00,-4.6,-0.3,10.9,-776.7,-1460,0.60,-0.072,-0.055,0.00,0,,1556,0,815,777,0.02,31.4,1.00,-0.085
116.40,DOWNWIND,108.86,105.08,31.44,0.00,-4.6,-0.3,10.9,-776.7,-1463,0.60,-0.072,-0.055,0.00,0,,1553,0,818,777,0.02,31.4,1.00,-0.085
116.50,DOWNWIND,108.86,105.01,31.44,0.00,-4.6,-0.3,10.9,-776.7,-1466,0.60,-0.072,-0.055,0.00,0,,1550,0,821,777,0.02,31.4,1.00,-0.085
116.60,DOWNWIND,108.86,104.94,31.44,0.00,-4.6,-0.3,10.9,-776.7,-1469,0.60,-0.072,-0.055,0.00,0,,1547,0,824,777,0.02,31.4,1.00,-0.085
116.70,DOWNWIND,108.86,104.87,31.44,0.00,-4.6,-0.3,10.9,-776.7,-1472,0.60,-0.072,-0.055,0.00,0,,1544,0,827,777,0.02,31.4,1.00,-0.085
116.80,DOWNWIND,108.86,104.80,31.44,0.00,-4.6,-0.3,10.9,-776.7,-1475,0.60,-0.072,-0.055,0.00,0,,1541,0,830,777,0.02,31.4,1.00,-0.084
116.90,DOWNWIND,108.86,104.73,31.44,0.00,-4.6,-0.3,10.9,-776.7,-1478,0.60,-0.072,-0.055,0.00,0,,1538,0,833,777,0.02,31.4,1.00,-0.084
117.00,DOWNWIND,108.86,104.66,31.44,0.00,-4.6,-0.3,10.9,-776.7,-1481,0.60,-0.072,-0.055,0.00,0,,1534,0,836,777,0.02,31.4,1.00,-0.084
117.10,DOWNWIND,108.86,104.59,31.44,0.00,-4.6,-0.3,10.9,-776.7,-1484,0.60,-0.072,-0.055,0.00,0,,1531,0,839,777,0.02,31.4,1.00,-0.084
117.20,DOWNWIND,108.86,104.52,31.44,0.00,-4.6,-0.3,10.9,-776.7,-1487,0.60,-0.072,-0.055,0.00,0,,1528,0,842,777,0.02,31.4,1.00,-0.084
117.30,DOWNWIND,108.86,104.45,31.44,0.00,-4.6,-0.3,10.9,-776.7,-1490,0.60,-0.072,-0.055,0.00,0,,1525,0,845,777,0.02,31.4,1.00,-0.084
117.40,DOWNWIND,108.86,104.38,31.44,0.00,-4.6,-0.3,10.9,-776.7,-1493,0.60,-0.072,-0.055,0.00,0,,1522,0,848,777,0.02,31.4,1.00,-0.084
117.50,DOWNWIND,108.86,104.31,31.43,0.00,-4.6,-0.3,10.9,-776.7,-1497,0.60,-0.072,-0.055,0.00,0,,1519,0,852,777,0.02,31.4,1.00,-0.084
117.60,DOWNWIND,108.86,104.24,31.43,0.00,-4.6,-0.3,10.9,-776.7,-1500,0.60,-0.072,-0.055,0.00,0,,1516,0,855,777,0.02,31.4,1.00,-0.084
117.70,DOWNWIND,108.87,104.16,31.43,0.00,-4.6,-0.3,10.9,-776.7,-1503,0.60,-0.072,-0.055,0.00,0,,1513,0,858,777,0.02,31.4,1.00,-0.084
117.80,DOWNWIND,108.87,104.09,31.43,0.00,-4.6,-0.3,10.9,-776.7,-1506,0.60,-0.072,-0.055,0.00,0,,1510,0,861,777,0.02,31.4,1.00,-0.084
117.90,DOWNWIND,108.87,104.01,31.43,0.00,-4.6,-0.3,10.9,-776.7,-1509,0.60,-0.072,-0.055,0.00,0,,1507,0,864,777,0.02,31.4,1.00,-0.084
118.00,DOWNWIND,108.87,103.93,31.43,0.00,-4.6,-0.2,10.9,-776.7,-1512,0.60,-0.072,-0.055,0.00,0,,1504,0,867,777,0.02,31.4,1.00,-0.084
118.10,DOWNWIND,108.87,103.84,31.43,0.00,-4.6,-0.3,10.9,-776.7,-1515,0.60,-0.072,-0.055,0.00,0,,1501,0,870,777,0.02,31.4,1.00,-0.084
118.20,DOWNWIND,108.87,103.76,31.43,0.00,-4.6,-0.3,10.9,-776.7,-1518,0.60,-0.072,-0.055,0.00,0,,1497,0,873,777,0.02,31.4,1.00,-0.084
118.30,DOWNWIND,108.87,103.67,31.43,0.00,-4.6,-0.3,10.9,-776.7,-1521,0.60,-0.072,-0.055,0.00,0,,1494,0,876,777,0.02,31.4,1.00,-0.084
118.40,DOWNWIND,108.87,103.59,31.43,0.00,-4.6,-0.3,10.9,-776.7,-1524,0.60,-0.072,-0.055,0.00,0,,1491,0,879,777,0.02,31.4,1.00,-0.084
118.50,DOWNWIND,108.87,103.50,31.43,0.00,-4.6,-0.2,10.9,-776.7,-1527,0.60,-0.072,-0.055,0.00,0,,1488,0,882,777,0.02,31.4,1.00,-0.084
118.60,DOWNWIND,108.87,103.42,31.43,0.00,-4.6,-0.2,10.9,-776.7,-1530,0.60,-0.072,-0.055,0.00,0,,1485,0,885,777,0.02,31.4,1.00,-0.084
118.70,DOWNWIND,108.87,103.34,31.43,0.00,-4.6,-0.2,10.9,-776.7,-1533,0.60,-0.072,-0.055,0.00,0,,1482,0,888,777,0.02,31.4,1.00,-0.084
118.80,DOWNWIND,108.87,103.26,31.43,0.00,-4.6,-0.2,10.9,-776.7,-1537,0.60,-0.072,-0.055,0.00,0,,1479,0,892,777,0.02,31.4,1.00,-0.084
118.90,DOWNWIND,108.87,103.19,31.43,0.00,-4.6,-0.3,10.9,-776.7,-1540,0.60,-0.072,-0.055,0.00,0,,1476,0,895,777,0.02,31.4,1.00,-0.084
119.00,DOWNWIND,108.87,103.11,31.43,0.00,-4.6,-0.2,10.9,-776.7,-1543,0.60,-0.072,-0.055,0.00,0,,1473,0,898,777,0.02,31.4,1.00,-0.084
119.10,DOWNWIND,108.87,103.04,31.43,0.00,-4.6,-0.2,10.9,-776.7,-1546,0.60,-0.072,-0.055,0.00,0,,1470,0,901,777,0.02,31.4,1.00,-0.084
119.20,DOWNWIND,108.87,102.97,31.43,0.00,-4.6,-0.2,10.9,-776.7,-1549,0.60,-0.072,-0.055,0.00,0,,1467,0,904,777,0.02,31.4,1.00,-0.084
119.30,DOWNWIND,108.87,102.91,31.43,0.00,-4.6,-0.2,10.9,-776.7,-1552,0.60,-0.072,-0.055,0.00,0,,1464,0,907,777,0.02,31.4,1.00,-0.084
119.40,DOWNWIND,108.87,102.84,31.43,0.00,-4.6,-0.2,10.9,-776.7,-1555,0.60,-0.072,-0.055,0.00,0,,1460,0,910,777,0.02,31.4,1.00,-0.084
119.50,DOWNWIND,108.87,102.79,31.43,0.00,-4.6,-0.2,10.9,-776.7,-1558,0.60,-0.072,-0.055,0.00,0,,1457,0,913,777,0.02,31.4,1.00,-0.084
119.60,DOWNWIND,108.87,102.73,31.43,0.00,-4.6,-0.2,10.9,-776.7,-1561,0.60,-0.072,-0.055,0.00,0,,1454,0,916,777,0.02,31.4,1.00,-0.084
119.70,DOWNWIND,108.87,102.68,31.43,0.00,-4.6,-0.2,10.9,-776.7,-1564,0.60,-0.072,-0.055,0.00,0,,1451,0,919,777,0.02,31.4,1.00,-0.084
119.80,DOWNWIND,108.87,102.64,31.43,0.00,-4.6,-0.2,10.9,-776.7,-1567,0.60,-0.072,-0.055,0.00,0,,1448,0,922,777,0.02,31.4,1.00,-0.084
119.90,DOWNWIND,108.87,102.60,31.43,0.00,-4.6,-0.2,10.9,-776.7,-1570,0.60,-0.072,-0.055,0.00,0,,1445,0,925,777,0.02,31.4,1.00,-0.084
120.00,DOWNWIND,108.87,102.56,31.43,0.00,-4.6,-0.2,10.9,-776.7,-1574,0.60,-0.072,-0.055,0.00,0,,1442,0,929,777,0.02,31.4,1.00,-0.084
120.10,DOWNWIND,108.87,102.53,31.43,0.00,-4.6,-0.2,10.9,-776.7,-1577,0.60,-0.072,-0.055,0.00,0,,1439,0,932,777,0.02,31.4,1.00,-0.084
120.20,DOWNWIND,108.87,102.51,31.43,0.00,-4.6,-0.3,10.9,-776.7,-1580,0.60,-0.072,-0.055,0.00,0,,1436,0,935,777,0.02,31.4,1.00,-0.084
120.30,DOWNWIND,108.87,102.49,31.43,0.00,-4.6,-0.3,10.9,-776.7,-1583,0.60,-0.072,-0.055,0.00,0,,1433,0,938,777,0.02,31.4,1.00,-0.084
120.40,DOWNWIND,108.87,102.49,31.43,0.00,-4.6,-0.2,10.9,-776.7,-1586,0.60,-0.072,-0.055,0.00,0,,1430,0,941,777,0.02,31.4,1.00,-0.084
120.50,DOWNWIND,108.87,102.50,31.43,0.00,-4.6,-0.3,10.9,-776.7,-1589,0.60,-0.072,-0.055,0.00,0,,1427,0,944,777,0.02,31.4,1.00,-0.084
120.60,DOWNWIND,108.87,102.52,31.43,0.00,-4.6,-0.2,10.9,-776.7,-1592,0.60,-0.072,-0.055,0.00,0,,1423,0,947,777,0.02,31.4,1.00,-0.084
120.70,DOWNWIND,108.87,102.55,31.43,0.00,-4.6,-0.3,10.9,-776.7,-1595,0.60,-0.072,-0.055,0.00,0,,1420,0,950,777,0.02,31.4,1.00,-0.084
120.80,DOWNWIND,108.87,102.60,31.43,0.00,-4.6,-0.3,10.9,-776.7,-1598,0.60,-0.072,-0.055,0.00,0,,1417,0,953,777,0.02,31.4,1.00,-0.084
120.90,DOWNWIND,108.87,102.65,31.43,0.00,-4.6,-0.3,10.9,-776.7,-1601,0.60,-0.072,-0.055,0.00,0,,1414,0,956,777,0.02,31.4,1.00,-0.084
121.00,DOWNWIND,108.87,102.71,31.43,0.00,-4.6,-0.3,10.9,-776.7,-1604,0.60,-0.072,-0.055,0.00,0,,1411,0,959,777,0.02,31.4,1.00,-0.084
121.10,DOWNWIND,108.87,102.77,31.43,0.00,-4.6,-0.3,10.9,-776.7,-1607,0.60,-0.072,-0.055,0.00,0,,1408,0,962,777,0.02,31.4,1.00,-0.084
121.20,DOWNWIND,108.88,102.84,31.43,0.00,-4.6,-0.3,10.9,-776.7,-1611,0.60,-0.072,-0.055,0.00,0,,1405,0,966,777,0.02,31.4,1.00,-0.084
121.30,DOWNWIND,108.88,102.91,31.43,0.00,-4.6,-0.3,10.9,-776.7,-1614,0.60,-0.072,-0.055,0.00,0,,1402,0,969,777,0.02,31.4,1.00,-0.084
121.40,DOWNWIND,108.88,102.98,31.43,0.00,-4.6,-0.3,10.9,-776.7,-1617,0.60,-0.072,-0.055,0.00,0,,1399,0,972,777,0.02,31.4,1.00,-0.084
121.50,DOWNWIND,108.88,103.05,31.43,0.00,-4.6,-0.3,10.9,-776.7,-1620,0.60,-0.072,-0.055,0.00,0,,1396,0,975,777,0.02,31.4,1.00,-0.084
121.60,DOWNWIND,108.88,103.11,31.43,0.00,-4.6,-0.3,10.9,-776.7,-1623,0.60,-0.072,-0.055,0.00,0,,1393,0,978,777,0.02,31.4,1.00,-0.084
121.70,DOWNWIND,108.88,103.17,31.43,0.00,-4.6,-0.3,10.9,-776.7,-1626,0.60,-0.072,-0.055,0.00,0,,1390,0,981,777,0.02,31.4,1.00,-0.084
121.80,DOWNWIND,108.88,103.23,31.43,0.00,-4.6,-0.3,10.9,-776.7,-1629,0.60,-0.072,-0.055,0.00,0,,1386,0,984,777,0.02,31.4,1.00,-0.084
121.90,DOWNWIND,108.88,103.28,31.43,0.00,-4.6,-0.3,10.9,-776.7,-1632,0.60,-0.072,-0.055,0.00,0,,1383,0,987,777,0.02,31.4,1.00,-0.084
122.00,DOWNWIND,108.88,103.31,31.43,0.00,-4.6,-0.3,10.9,-776.7,-1635,0.60,-0.072,-0.055,0.00,0,,1380,0,990,777,0.02,31.4,1.00,-0.084
122.10,DOWNWIND,108.88,103.34,31.43,0.00,-4.6,-0.3,10.9,-776.7,-1638,0.60,-0.072,-0.055,0.00,0,,1377,0,993,777,0.02,31.4,1.00,-0.084
122.20,DOWNWIND,108.88,103.36,31.43,0.00,-4.6,-0.3,10.9,-776.7,-1641,0.60,-0.072,-0.055,0.00,0,,1374,0,996,777,0.02,31.4,1.00,-0.084
122.30,DOWNWIND,108.88,103.36,31.43,0.00,-4.6,-0.3,10.9,-776.7,-1644,0.60,-0.072,-0.055,0.00,0,,1371,0,999,777,0.02,31.4,1.00,-0.084
122.40,DOWNWIND,108.88,103.35,31.43,0.00,-4.6,-0.3,10.9,-776.7,-1648,0.60,-0.072,-0.055,0.00,0,,1368,0,1003,777,0.02,31.4,1.00,-0.084
122.50,DOWNWIND,108.88,103.32,31.43,0.00,-4.6,-0.3,10.9,-776.7,-1651,0.60,-0.072,-0.055,0.00,0,,1365,0,1006,777,0.02,31.4,1.00,-0.084
122.60,DOWNWIND,108.88,103.28,31.43,0.00,-4.6,-0.3,10.9,-776.7,-1654,0.60,-0.072,-0.055,0.00,0,,1362,0,1009,777,0.02,31.4,1.00,-0.084
122.70,DOWNWIND,108.88,103.23,31.43,0.00,-4.6,-0.3,10.9,-776.7,-1657,0.60,-0.072,-0.055,0.00,0,,1359,0,1012,777,0.02,31.4,1.00,-0.084
122.80,DOWNWIND,108.88,103.18,31.43,0.00,-4.6,-0.3,10.9,-776.7,-1660,0.60,-0.072,-0.055,0.00,0,,1356,0,1015,777,0.02,31.4,1.00,-0.084
122.90,DOWNWIND,108.88,103.13,31.43,0.00,-4.6,-0.3,10.9,-776.7,-1663,0.60,-0.072,-0.055,0.00,0,,1353,0,1018,777,0.02,31.4,1.00,-0.084
123.00,DOWNWIND,108.88,103.06,31.43,0.00,-4.6,-0.3,10.9,-776.7,-1666,0.60,-0.072,-0.055,0.00,0,,1349,0,1021,777,0.02,31.4,1.00,-0.084
123.10,DOWNWIND,108.88,103.00,31.43,0.00,-4.6,-0.3,10.9,-776.7,-1669,0.60,-0.072,-0.055,0.00,0,,1346,0,1024,777,0.02,31.4,1.00,-0.084
123.20,DOWNWIND,108.88,102.93,31.43,0.00,-4.6,-0.3,10.9,-776.7,-1672,0.60,-0.072,-0.055,0.00,0,,1343,0,1027,777,0.02,31.4,1.00,-0.084
123.30,DOWNWIND,108.88,102.85,31.43,0.00,-4.6,-0.3,10.9,-776.7,-1675,0.60,-0.072,-0.055,0.00,0,,1340,0,1030,777,0.02,31.4,1.00,-0.083
123.40,DOWNWIND,108.88,102.76,31.43,0.00,-4.6,-0.3,10.9,-776.7,-1678,0.60,-0.072,-0.055,0.00,0,,1337,0,1033,777,0.02,31.4,1.00,-0.083
123.50,DOWNWIND,108.88,102.67,31.43,0.00,-4.6,-0.3,10.9,-776.7,-1681,0.60,-0.072,-0.055,0.00,0,,1334,0,1036,777,0.02,31.4,1.00,-0.083
123.60,DOWNWIND,108.88,102.57,31.43,0.00,-4.6,-0.3,10.9,-776.7,-1685,0.60,-0.072,-0.055,0.00,0,,1331,0,1040,777,0.02,31.4,1.00,-0.083
123.70,DOWNWIND,108.89,102.46,31.43,0.00,-4.6,-0.3,10.9,-776.7,-1688,0.60,-0.072,-0.055,0.00,0,,1328,0,1043,777,0.02,31.4,1.00,-0.083
123.80,DOWNWIND,108.89,102.35,31.43,0.00,-4.6,-0.3,10.9,-776.7,-1691,0.60,-0.072,-0.055,0.00,0,,1325,0,1046,777,0.02,31.4,1.00,-0.083
123.90,DOWNWIND,108.89,102.23,31.43,0.00,-4.6,-0.3,10.9,-776.7,-1694,0.60,-0.072,-0.055,0.00,0,,1322,0,1049,777,0.02,31.4,1.00,-0.083
124.00,DOWNWIND,108.89,102.11,31.43,0.00,-4.6,-0.2,10.9,-776.7,-1697,0.60,-0.072,-0.055,0.00,0,,1319,0,1052,777,0.02,31.4,1.00,-0.083
124.10,DOWNWIND,108.89,101.98,31.43,0.00,-4.6,-0.3,10.9,-776.7,-1700,0.60,-0.072,-0.055,0.00,0,,1316,0,1055,777,0.02,31.4,1.00,-0.083
124.20,DOWNWIND,108.89,101.85,31.43,0.00,-4.6,-0.2,10.9,-776.7,-1703,0.60,-0.072,-0.055,0.00,0,,1312,0,1058,777,0.02,31.4,1.00,-0.083
124.30,DOWNWIND,108.89,101.71,31.43,0.00,-4.6,-0.2,10.9,-776.7,-1706,0.60,-0.072,-0.055,0.00,0,,1309,0,1061,777,0.02,31.4,1.00,-0.083
124.40,DOWNWIND,108.89,101.57,31.43,0.00,-4.6,-0.2,10.9,-776.7,-1709,0.60,-0.072,-0.055,0.00,0,,1306,0,1064,777,0.02,31.4,1.00,-0.083
124.50,DOWNWIND,108.89,101.42,31.43,0.00,-4.6,-0.2,10.9,-776.7,-1712,0.60,-0.072,-0.055,0.00,0,,1303,0,1067,777,0.02,31.4,1.00,-0.083
124.60,DOWNWIND,108.89,101.27,31.43,0.00,-4.6,-0.2,10.9,-776.7,-1715,0.60,-0.072,-0.055,0.00,0,,1300,0,1070,777,0.02,31.4,1.00,-0.083
124.70,DOWNWIND,108.89,101.12,31.43,0.00,-4.6,-0.2,10.9,-776.7,-1718,0.60,-0.072,-0.055,0.00,0,,1297,0,1073,777,0.02,31.4,1.00,-0.083
124.80,DOWNWIND,108.89,100.97,31.43,0.00,-4.6,-0.2,10.9,-776.7,-1722,0.60,-0.072,-0.055,0.00,0,,1294,0,1077,777,0.02,31.4,1.00,-0.083
124.90,DOWNWIND,108.89,100.81,31.43,0.00,-4.6,-0.2,10.9,-776.7,-1725,0.60,-0.072,-0.055,0.00,0,,1291,0,1080,777,0.02,31.4,1.00,-0.083
125.00,DOWNWIND,108.89,100.65,31.43,0.00,-4.6,-0.2,10.9,-776.7,-1728,0.60,-0.072,-0.055,0.00,0,,1288,0,1083,777,0.02,31.4,1.00,-0.083
125.10,DOWNWIND,108.89,100.48,31.43,0.00,-4.6,-0.2,10.9,-776.7,-1731,0.60,-0.072,-0.055,0.00,0,,1285,0,1086,777,0.02,31.4,1.00,-0.083
125.20,DOWNWIND,108.89,100.30,31.43,0.00,-4.6,-0.2,10.9,-776.7,-1734,0.60,-0.072,-0.055,0.00,0,,1282,0,1089,777,0.02,31.4,1.00,-0.083
125.30,DOWNWIND,108.89,100.13,31.42,0.00,-4.6,-0.2,10.9,-776.7,-1737,0.60,-0.072,-0.055,0.00,0,,1279,0,1092,777,0.02,31.4,1.00,-0.083
125.40,DOWNWIND,108.89,99.95,31.42,0.00,-4.6,-0.2,10.9,-776.7,-1740,0.60,-0.072,-0.055,0.00,0,,1275,0,1095,777,0.02,31.4,1.00,-0.083
125.50,DOWNWIND,108.89,99.76,31.42,0.00,-4.6,-0.2,10.9,-776.7,-1743,0.60,-0.072,-0.055,0.00,0,,1272,0,1098,777,0.02,31.4,1.00,-0.083
125.60,DOWNWIND,108.89,99.58,31.42,0.00,-4.6,-0.2,10.9,-776.7,-1746,0.60,-0.072,-0.055,0.00,0,,1269,0,1101,777,0.02,31.4,1.00,-0.083
125.70,DOWNWIND,108.89,99.39,31.42,0.00,-4.6,-0.2,10.8,-776.7,-1749,0.60,-0.072,-0.055,0.00,0,,1266,0,1104,777,0.02,31.4,1.00,-0.083
125.80,DOWNWIND,108.89,99.21,31.42,0.00,-4.6,-0.2,10.8,-776.7,-1752,0.60,-0.072,-0.055,0.00,0,,1263,0,1107,777,0.02,31.4,1.00,-0.083
125.90,DOWNWIND,108.89,99.02,31.42,0.00,-4.6,-0.2,10.8,-776.7,-1755,0.60,-0.072,-0.055,0.00,0,,1260,0,1110,777,0.02,31.4,1.00,-0.083
126.00,DOWNWIND,108.89,98.84,31.42,0.00,-4.6,-0.2,10.8,-776.7,-1759,0.60,-0.072,-0.055,0.00,0,,1257,0,1114,777,0.02,31.4,1.00,-0.083
126.10,DOWNWIND,108.89,98.66,31.42,0.00,-4.6,-0.2,10.8,-776.7,-1762,0.60,-0.072,-0.055,0.00,0,,1254,0,1117,777,0.02,31.4,1.00,-0.083
126.20,DOWNWIND,108.89,98.48,31.42,0.00,-4.6,-0.2,10.8,-776.7,-1765,0.60,-0.072,-0.055,0.00,0,,1251,0,1120,777,0.02,31.4,1.00,-0.083
126.30,DOWNWIND,108.89,98.30,31.42,0.00,-4.6,-0.2,10.8,-776.7,-1768,0.60,-0.072,-0.055,0.00,0,,1248,0,1123,777,0.02,31.4,1.00,-0.083
126.40,DOWNWIND,108.89,98.13,31.42,0.00,-4.6,-0.2,10.8,-776.7,-1771,0.60,-0.072,-0.055,0.00,0,,1245,0,1126,777,0.02,31.4,1.00,-0.083
126.50,DOWNWIND,108.89,97.96,31.42,0.00,-4.6,-0.2,10.8,-776.7,-1774,0.60,-0.072,-0.055,0.00,0,,1242,0,1129,777,0.02,31.4,1.00,-0.083
126.60,DOWNWIND,108.89,97.80,31.42,0.00,-4.6,-0.2,10.8,-776.7,-1777,0.60,-0.072,-0.055,0.00,0,,1239,0,1132,777,0.02,31.4,1.00,-0.083
126.70,DOWNWIND,108.89,97.64,31.42,0.00,-4.6,-0.2,10.8,-776.7,-1780,0.60,-0.072,-0.055,0.00,0,,1235,0,1135,777,0.02,31.4,1.00,-0.083
126.80,DOWNWIND,108.89,97.50,31.42,0.00,-4.6,-0.2,10.8,-776.7,-1783,0.60,-0.072,-0.055,0.00,0,,1232,0,1138,777,0.02,31.4,1.00,-0.083
126.90,DOWNWIND,108.89,97.36,31.42,0.00,-4.6,-0.2,10.8,-776.7,-1786,0.60,-0.072,-0.055,0.00,0,,1229,0,1141,777,0.02,31.4,1.00,-0.083
127.00,DOWNWIND,108.89,97.23,31.42,0.00,-4.6,-0.2,10.8,-776.7,-1789,0.60,-0.072,-0.055,0.00,0,,1226,0,1144,777,0.02,31.4,1.00,-0.083
127.10,DOWNWIND,108.89,97.11,31.42,0.00,-4.6,-0.2,10.8,-776.7,-1792,0.60,-0.072,-0.055,0.00,0,,1223,0,1147,777,0.02,31.4,1.00,-0.083
127.20,DOWNWIND,108.89,97.00,31.42,0.00,-4.6,-0.2,10.8,-776.7,-1796,0.60,-0.072,-0.055,0.00,0,,1220,0,1151,777,0.02,31.4,1.00,-0.083
127.30,DOWNWIND,108.89,96.90,31.42,0.00,-4.6,-0.2,10.8,-776.7,-1799,0.60,-0.072,-0.055,0.00,0,,1217,0,1154,777,0.02,31.4,1.00,-0.083
127.40,DOWNWIND,108.89,96.81,31.42,0.00,-4.6,-0.2,10.8,-776.7,-1802,0.60,-0.072,-0.055,0.00,0,,1214,0,1157,777,0.02,31.4,1.00,-0.083
127.50,DOWNWIND,108.89,96.72,31.42,0.00,-4.6,-0.2,10.8,-776.7,-1805,0.60,-0.072,-0.055,0.00,0,,1211,0,1160,777,0.02,31.4,1.00,-0.083
127.60,DOWNWIND,108.89,96.65,31.42,0.00,-4.6,-0.2,10.8,-776.7,-1808,0.60,-0.072,-0.055,0.00,0,,1208,0,1163,777,0.01,31.4,1.00,-0.083
127.70,DOWNWIND,108.89,96.58,31.42,0.00,-4.6,-0.2,10.8,-776.7,-1811,0.60,-0.072,-0.055,0.00,0,,1205,0,1166,777,0.01,31.4,1.00,-0.083
127.80,DOWNWIND,108.89,96.52,31.42,0.00,-4.6,-0.2,10.8,-776.7,-1814,0.60,-0.072,-0.055,0.00,0,,1202,0,1169,777,0.01,31.4,1.00,-0.083
127.90,DOWNWIND,108.89,96.48,31.42,0.00,-4.6,-0.2,10.8,-776.7,-1817,0.60,-0.072,-0.055,0.00,0,,1198,0,1172,777,0.01,31.4,1.00,-0.083
128.00,DOWNWIND,108.89,96.44,31.42,0.00,-4.6,-0.2,10.8,-776.7,-1820,0.60,-0.072,-0.055,0.00,0,,1195,0,1175,777,0.01,31.4,1.00,-0.083
128.10,DOWNWIND,108.89,96.40,31.42,0.00,-4.6,-0.2,10.8,-776.7,-1823,0.60,-0.072,-0.055,0.00,0,,1192,0,1178,777,0.01,31.4,1.00,-0.083
128.20,DOWNWIND,108.89,96.37,31.42,0.00,-4.6,-0.2,10.8,-776.7,-1826,0.60,-0.072,-0.055,0.00,0,,1189,0,1181,777,0.01,31.4,1.00,-0.083
128.30,DOWNWIND,108.89,96.35,31.42,0.00,-4.6,-0.2,10.8,-776.7,-1829,0.60,-0.072,-0.055,0.00,0,,1186,0,1184,777,0.01,31.4,1.00,-0.083
128.40,DOWNWIND,108.89,96.32,31.42,0.00,-4.6,-0.2,10.8,-776.7,-1833,0.60,-0.072,-0.055,0.00,0,,1183,0,1188,777,0.01,31.4,1.00,-0.083
128.50,DOWNWIND,108.90,96.30,31.42,0.00,-4.6,-0.2,10.8,-776.7,-1836,0.60,-0.072,-0.055,0.00,0,,1180,0,1191,777,0.01,31.4,1.00,-0.083
128.60,DOWNWIND,108.90,96.29,31.42,0.00,-4.6,-0.2,10.8,-776.7,-1839,0.60,-0.072,-0.055,0.00,0,,1177,0,1194,777,0.01,31.4,1.00,-0.083
128.70,DOWNWIND,108.90,96.27,31.42,0.00,-4.6,-0.2,10.8,-776.7,-1842,0.60,-0.072,-0.055,0.00,0,,1174,0,1197,777,0.01,31.4,1.00,-0.083
128.80,DOWNWIND,108.90,96.26,31.42,0.00,-4.6,-0.2,10.8,-776.7,-1845,0.60,-0.072,-0.055,0.00,0,,1171,0,1200,777,0.01,31.4,1.00,-0.083
128.90,DOWNWIND,108.90,96.25,31.42,0.00,-4.6,-0.2,10.8,-776.7,-1848,0.60,-0.072,-0.055,0.00,0,,1168,0,1203,777,0.01,31.4,1.00,-0.083
129.00,DOWNWIND,108.90,96.24,31.42,0.00,-4.6,-0.2,10.8,-776.7,-1851,0.60,-0.072,-0.055,0.00,0,,1165,0,1206,777,0.01,31.4,1.00,-0.083
129.10,DOWNWIND,108.90,96.23,31.42,0.00,-4.6,-0.2,10.8,-776.7,-1854,0.60,-0.072,-0.055,0.00,0,,1161,0,1209,777,0.01,31.4,1.00,-0.083
129.20,DOWNWIND,108.90,96.23,31.42,0.00,-4.6,-0.2,10.8,-776.7,-1857,0.60,-0.072,-0.055,0.00,0,,1158,0,1212,777,0.01,31.4,1.00,-0.083
129.30,DOWNWIND,108.90,96.22,31.42,0.00,-4.6,-0.2,10.8,-776.7,-1860,0.60,-0.072,-0.055,0.00,0,,1155,0,1215,777,0.01,31.4,1.00,-0.083
129.40,DOWNWIND,108.90,96.21,31.42,0.00,-4.6,-0.2,10.8,-776.7,-1863,0.60,-0.072,-0.055,0.00,0,,1152,0,1218,777,0.01,31.4,1.00,-0.083
129.50,DOWNWIND,108.90,96.20,31.42,0.00,-4.6,-0.2,10.8,-776.7,-1866,0.60,-0.072,-0.055,0.00,0,,1149,0,1221,777,0.01,31.4,1.00,-0.083
129.60,DOWNWIND,108.90,96.19,31.42,0.00,-4.6,-0.2,10.8,-776.7,-1870,0.60,-0.072,-0.055,0.00,0,,1146,0,1225,777,0.01,31.4,1.00,-0.083
129.70,DOWNWIND,108.90,96.17,31.42,0.00,-4.6,-0.2,10.8,-776.7,-1873,0.60,-0.072,-0.055,0.00,0,,1143,0,1228,777,0.01,31.4,1.00,-0.083
129.80,DOWNWIND,108.90,96.16,31.42,0.00,-4.6,-0.2,10.8,-776.7,-1876,0.60,-0.072,-0.055,0.00,0,,1140,0,1231,777,0.01,31.4,1.00,-0.083
129.90,DOWNWIND,108.90,96.15,31.42,0.00,-4.6,-0.2,10.8,-776.7,-1879,0.60,-0.072,-0.055,0.00,0,,1137,0,1234,777,0.01,31.4,1.00,-0.083
130.00,DOWNWIND,108.90,96.13,31.42,0.00,-4.6,-0.2,10.8,-776.7,-1882,0.60,-0.072,-0.055,0.00,0,,1134,0,1237,777,0.01,31.4,1.00,-0.083
130.10,DOWNWIND,108.90,96.12,31.42,0.00,-4.6,-0.2,10.8,-776.7,-1885,0.60,-0.072,-0.055,0.00,0,,1131,0,1240,777,0.01,31.4,1.00,-0.083
130.20,DOWNWIND,108.90,96.11,31.42,0.00,-4.6,-0.2,10.8,-776.7,-1888,0.60,-0.072,-0.055,0.00,0,,1128,0,1243,777,0.01,31.4,1.00,-0.083
130.30,DOWNWIND,108.90,96.10,31.42,0.00,-4.6,-0.2,10.8,-776.7,-1891,0.60,-0.072,-0.055,0.00,0,,1124,0,1246,777,0.01,31.4,1.00,-0.083
130.40,DOWNWIND,108.90,96.09,31.42,0.00,-4.6,-0.2,10.8,-776.7,-1894,0.60,-0.072,-0.055,0.00,0,,1121,0,1249,777,0.01,31.4,1.00,-0.083
130.50,DOWNWIND,108.90,96.08,31.42,0.00,-4.6,-0.2,10.8,-776.7,-1897,0.60,-0.072,-0.055,0.00,0,,1118,0,1252,777,0.01,31.4,1.00,-0.083
130.60,DOWNWIND,108.90,96.08,31.42,0.00,-4.6,-0.2,10.8,-776.7,-1900,0.60,-0.072,-0.055,0.00,0,,1115,0,1255,777,0.01,31.4,1.00,-0.083
130.70,DOWNWIND,108.90,96.07,31.42,0.00,-4.6,-0.2,10.8,-776.7,-1903,0.60,-0.072,-0.055,0.00,0,,1112,0,1258,777,0.01,31.4,1.00,-0.083
130.80,DOWNWIND,108.90,96.07,31.42,0.00,-4.6,-0.2,10.8,-776.7,-1907,0.60,-0.072,-0.055,0.00,0,,1109,0,1262,777,0.01,31.4,1.00,-0.083
130.90,DOWNWIND,108.90,96.08,31.42,0.00,-4.6,-0.2,10.8,-776.7,-1910,0.60,-0.072,-0.055,0.00,0,,1106,0,1265,777,0.01,31.4,1.00,-0.083
131.00,DOWNWIND,108.90,96.08,31.42,0.00,-4.6,-0.2,10.8,-776.7,-1913,0.60,-0.072,-0.055,0.00,0,,1103,0,1268,777,0.01,31.4,1.00,-0.083
131.10,DOWNWIND,108.91,96.09,31.42,0.00,-4.6,-0.2,10.8,-776.7,-1916,0.60,-0.072,-0.055,0.00,0,,1100,0,1271,777,0.01,31.4,1.00,-0.083
131.20,DOWNWIND,108.91,96.11,31.42,0.00,-4.6,-0.2,10.8,-776.7,-1919,0.60,-0.072,-0.055,0.00,0,,1097,0,1274,777,0.01,31.4,1.00,-0.083
131.30,DOWNWIND,108.91,96.12,31.42,0.00,-4.6,-0.2,10.8,-776.7,-1922,0.60,-0.072,-0.055,0.00,0,,1094,0,1277,777,0.01,31.4,1.00,-0.083
131.40,DOWNWIND,108.91,96.15,31.42,0.00,-4.6,-0.2,10.8,-776.7,-1925,0.60,-0.072,-0.055,0.00,0,,1091,0,1280,777,0.01,31.4,1.00,-0.083
131.50,DOWNWIND,108.91,96.17,31.42,0.00,-4.6,-0.2,10.8,-776.7,-1928,0.60,-0.072,-0.055,0.00,0,,1087,0,1283,777,0.01,31.4,1.00,-0.083
131.60,DOWNWIND,108.91,96.18,31.42,0.00,-4.6,-0.2,10.8,-776.7,-1931,0.60,-0.072,-0.055,0.00,0,,1084,0,1286,777,0.01,31.4,1.00,-0.083
131.70,DOWNWIND,108.91,96.19,31.42,0.00,-4.6,-0.2,10.8,-776.7,-1934,0.60,-0.072,-0.055,0.00,0,,1081,0,1289,777,0.01,31.4,1.00,-0.083
131.80,DOWNWIND,108.91,96.19,31.42,0.00,-4.6,-0.2,10.8,-776.7,-1937,0.60,-0.072,-0.055,0.00,0,,1078,0,1292,777,0.01,31.4,1.00,-0.083
131.90,DOWNWIND,108.91,96.19,31.42,0.00,-4.6,-0.2,10.8,-776.7,-1940,0.60,-0.072,-0.055,0.00,0,,1075,0,1295,777,0.01,31.4,1.00,-0.083
132.00,DOWNWIND,108.91,96.18,31.42,0.00,-4.6,-0.2,10.8,-776.7,-1944,0.60,-0.072,-0.055,0.00,0,,1072,0,1299,777,0.01,31.4,1.00,-0.083
132.10,DOWNWIND,108.91,96.16,31.42,0.00,-4.6,-0.2,10.8,-776.7,-1947,0.60,-0.072,-0.055,0.00,0,,1069,0,1302,777,0.01,31.4,1.00,-0.083
132.20,DOWNWIND,108.91,96.14,31.42,0.00,-4.6,-0.2,10.8,-776.7,-1950,0.60,-0.072,-0.055,0.00,0,,1066,0,1305,777,0.01,31.4,1.00,-0.083
132.30,DOWNWIND,108.91,96.12,31.42,0.00,-4.6,-0.2,10.8,-776.7,-1953,0.60,-0.072,-0.055,0.00,0,,1063,0,1308,777,0.01,31.4,1.00,-0.082
132.40,DOWNWIND,108.91,96.10,31.42,0.00,-4.6,-0.2,10.8,-776.7,-1956,0.60,-0.072,-0.055,0.00,0,,1060,0,1311,777,0.01,31.4,1.00,-0.082
132.50,DOWNWIND,108.91,96.07,31.42,0.00,-4.6,-0.2,10.8,-776.7,-1959,0.60,-0.072,-0.055,0.00,0,,1057,0,1314,777,0.01,31.4,1.00,-0.082
132.60,DOWNWIND,108.91,96.04,31.42,0.00,-4.6,-0.2,10.8,-776.7,-1962,0.60,-0.072,-0.055,0.00,0,,1054,0,1317,777,0.01,31.4,1.00,-0.082
132.70,DOWNWIND,108.91,96.01,31.42,0.00,-4.6,-0.2,10.8,-776.7,-1965,0.60,-0.072,-0.055,0.00,0,,1050,0,1320,777,0.01,31.4,1.00,-0.082
132.80,DOWNWIND,108.91,95.99,31.42,0.00,-4.6,-0.2,10.8,-776.7,-1968,0.60,-0.072,-0.055,0.00,0,,1047,0,1323,777,0.01,31.4,1.00,-0.082
132.90,DOWNWIND,108.91,95.96,31.42,0.00,-4.6,-0.2,10.8,-776.7,-1971,0.60,-0.072,-0.055,0.00,0,,1044,0,1326,777,0.01,31.4,1.00,-0.082
133.00,DOWNWIND,108.91,95.93,31.42,0.00,-4.6,-0.2,10.8,-776.7,-1974,0.60,-0.072,-0.055,0.00,0,,1041,0,1329,777,0.01,31.4,1.00,-0.082
133.10,DOWNWIND,108.91,95.91,31.42,0.00,-4.6,-0.2,10.8,-776.7,-1977,0.60,-0.072,-0.055,0.00,0,,1038,0,1332,777,0.01,31.4,1.00,-0.082
133.20,DOWNWIND,108.91,95.89,31.42,0.00,-4.6,-0.2,10.8,-776.7,-1981,0.60,-0.072,-0.055,0.00,0,,1035,0,1336,777,0.01,31.4,1.00,-0.082
133.30,DOWNWIND,108.91,95.87,31.42,0.00,-4.6,-0.2,10.8,-776.7,-1984,0.60,-0.072,-0.055,0.00,0,,1032,0,1339,777,0.01,31.4,1.00,-0.082
133.40,DOWNWIND,108.91,95.86,31.42,0.00,-4.6,-0.2,10.8,-776.7,-1987,0.60,-0.072,-0.055,0.00,0,,1029,0,1342,777,0.01,31.4,1.00,-0.082
133.50,DOWNWIND,108.91,95.86,31.42,0.00,-4.6,-0.2,10.8,-776.7,-1990,0.60,-0.072,-0.055,0.00,0,,1026,0,1345,777,0.01,31.4,1.00,-0.082
133.60,DOWNWIND,108.91,95.86,31.42,0.00,-4.6,-0.2,10.8,-776.7,-1993,0.60,-0.072,-0.055,0.00,0,,1023,0,1348,777,0.01,31.4,1.00,-0.082
133.70,DOWNWIND,108.91,95.86,31.42,0.00,-4.6,-0.2,10.8,-776.7,-1996,0.60,-0.072,-0.055,0.00,0,,1020,0,1351,777,0.01,31.4,1.00,-0.082
133.80,DOWNWIND,108.91,95.88,31.42,0.00,-4.6,-0.2,10.8,-776.7,-1999,0.60,-0.072,-0.055,0.00,0,,1017,0,1354,777,0.01,31.4,1.00,-0.082
133.90,DOWNWIND,108.91,95.89,31.42,0.00,-4.6,-0.2,10.8,-776.7,-2002,0.60,-0.072,-0.055,0.00,0,,1013,0,1357,777,0.01,31.4,1.00,-0.082
134.00,DOWNWIND,108.91,95.92,31.42,0.00,-4.6,-0.2,10.8,-776.7,-2005,0.60,-0.072,-0.055,0.00,0,,1010,0,1360,777,0.01,31.4,1.00,-0.082
134.10,DOWNWIND,108.91,95.94,31.42,0.00,-4.6,-0.2,10.8,-776.7,-2008,0.60,-0.072,-0.055,0.00,0,,1007,0,1363,777,0.01,31.4,1.00,-0.082
134.20,DOWNWIND,108.92,95.97,31.42,0.00,-4.6,-0.2,10.8,-776.7,-2011,0.60,-0.072,-0.055,0.00,0,,1004,0,1366,777,0.01,31.4,1.00,-0.082
134.30,DOWNWIND,108.92,96.00,31.42,0.00,-4.6,-0.2,10.8,-776.7,-2014,0.60,-0.072,-0.055,0.00,0,,1001,0,1369,777,0.01,31.4,1.00,-0.082
134.40,DOWNWIND,108.92,96.04,31.42,0.00,-4.6,-0.2,10.8,-776.7,-2018,0.60,-0.072,-0.055,0.00,0,,998,0,1373,777,0.01,31.4,1.00,-0.082
134.50,DOWNWIND,108.92,96.07,31.42,0.00,-4.6,-0.2,10.8,-776.7,-2021,0.60,-0.072,-0.055,0.00,0,,995,0,1376,777,0.01,31.4,1.00,-0.082
134.60,DOWNWIND,108.92,96.11,31.42,0.00,-4.6,-0.2,10.8,-776.7,-2024,0.60,-0.072,-0.055,0.00,0,,992,0,1379,777,0.01,31.4,1.00,-0.082
134.70,DOWNWIND,108.92,96.15,31.42,0.00,-4.6,-0.2,10.8,-776.7,-2027,0.60,-0.072,-0.055,0.00,0,,989,0,1382,777,0.01,31.4,1.00,-0.082
134.80,DOWNWIND,108.92,96.19,31.42,0.00,-4.6,-0.2,10.8,-776.7,-2030,0.60,-0.072,-0.055,0.00,0,,986,0,1385,777,0.01,31.4,1.00,-0.082
134.90,DOWNWIND,108.92,96.23,31.42,0.00,-4.6,-0.2,10.8,-776.7,-2033,0.60,-0.072,-0.055,0.00,0,,983,0,1388,777,0.01,31.4,1.00,-0.082
135.00,DOWNWIND,108.92,96.26,31.42,0.00,-4.6,-0.2,10.8,-776.7,-2036,0.60,-0.072,-0.055,0.00,0,,980,0,1391,777,0.01,31.4,1.00,-0.082
135.10,DOWNWIND,108.92,96.30,31.42,0.00,-4.6,-0.2,10.8,-776.7,-2039,0.60,-0.072,-0.055,0.00,0,,976,0,1394,777,0.01,31.4,1.00,-0.082
135.20,DOWNWIND,108.92,96.33,31.42,0.00,-4.6,-0.2,10.8,-776.7,-2042,0.60,-0.072,-0.055,0.00,0,,973,0,1397,777,0.01,31.4,1.00,-0.082
135.30,DOWNWIND,108.92,96.37,31.42,0.00,-4.6,-0.3,10.8,-776.7,-2045,0.60,-0.072,-0.055,0.00,0,,970,0,1400,777,0.01,31.4,1.00,-0.082
135.40,DOWNWIND,108.92,96.40,31.42,0.00,-4.6,-0.3,10.8,-776.7,-2048,0.60,-0.072,-0.055,0.00,0,,967,0,1403,777,0.01,31.4,1.00,-0.082
135.50,DOWNWIND,108.92,96.42,31.42,0.00,-4.6,-0.3,10.8,-776.7,-2051,0.60,-0.072,-0.055,0.00,0,,964,0,1406,777,0.01,31.4,1.00,-0.082
135.60,DOWNWIND,108.92,96.44,31.42,0.00,-4.6,-0.3,10.8,-776.7,-2055,0.60,-0.072,-0.055,0.00,0,,961,0,1410,777,0.01,31.4,1.00,-0.082
135.70,DOWNWIND,108.92,96.46,31.42,0.00,-4.6,-0.2,10.8,-776.7,-2058,0.60,-0.072,-0.055,0.00,0,,958,0,1413,777,0.01,31.4,1.00,-0.082
135.80,DOWNWIND,108.92,96.49,31.42,0.00,-4.6,-0.3,10.8,-776.7,-2061,0.60,-0.072,-0.055,0.00,0,,955,0,1416,777,0.01,31.4,1.00,-0.082
135.90,DOWNWIND,108.92,96.52,31.42,0.00,-4.6,-0.3,10.8,-776.7,-2064,0.60,-0.072,-0.055,0.00,0,,952,0,1419,777,0.01,31.4,1.00,-0.082
136.00,DOWNWIND,108.92,96.55,31.42,0.00,-4.6,-0.3,10.8,-776.7,-2067,0.60,-0.072,-0.055,0.00,0,,949,0,1422,777,0.01,31.4,1.00,-0.082
136.10,DOWNWIND,108.92,96.58,31.42,0.00,-4.6,-0.3,10.8,-776.7,-2070,0.60,-0.072,-0.055,0.00,0,,946,0,1425,777,0.01,31.4,1.00,-0.082
136.20,DOWNWIND,108.92,96.62,31.42,0.00,-4.6,-0.3,10.8,-776.7,-2073,0.60,-0.072,-0.055,0.00,0,,943,0,1428,777,0.01,31.4,1.00,-0.082
136.30,DOWNWIND,108.92,96.66,31.42,0.00,-4.6,-0.2,10.8,-776.7,-2076,0.60,-0.072,-0.055,0.00,0,,939,0,1431,777,0.01,31.4,1.00,-0.082
136.40,DOWNWIND,108.92,96.71,31.42,0.00,-4.6,-0.2,10.8,-776.7,-2079,0.60,-0.072,-0.055,0.00,0,,936,0,1434,777,0.01,31.4,1.00,-0.082
136.50,DOWNWIND,108.92,96.75,31.42,0.00,-4.6,-0.2,10.8,-776.7,-2082,0.60,-0.072,-0.055,0.00,0,,933,0,1437,777,0.01,31.4,1.00,-0.082
136.60,DOWNWIND,108.92,96.81,31.42,0.00,-4.6,-0.3,10.8,-776.7,-2085,0.60,-0.072,-0.055,0.00,0,,930,0,1440,777,0.01,31.4,1.00,-0.082
136.70,DOWNWIND,108.92,96.86,31.42,0.00,-4.6,-0.2,10.8,-776.7,-2088,0.60,-0.072,-0.055,0.00,0,,927,0,1443,777,0.01,31.4,1.00,-0.082
136.80,DOWNWIND,108.92,96.93,31.42,0.00,-4.6,-0.2,10.8,-776.7,-2092,0.60,-0.072,-0.055,0.00,0,,924,0,1447,777,0.01,31.4,1.00,-0.082
136.90,DOWNWIND,108.92,96.99,31.42,0.00,-4.6,-0.2,10.8,-776.7,-2095,0.60,-0.072,-0.055,0.00,0,,921,0,1450,777,0.01,31.4,1.00,-0.082
137.00,DOWNWIND,108.92,97.07,31.42,0.00,-4.6,-0.2,10.8,-776.7,-2098,0.60,-0.072,-0.055,0.00,0,,918,0,1453,777,0.01,31.4,1.00,-0.082
137.10,DOWNWIND,108.92,97.15,31.42,0.00,-4.6,-0.3,10.8,-776.7,-2101,0.60,-0.072,-0.055,0.00,0,,915,0,1456,777,0.01,31.4,1.00,-0.082
137.20,DOWNWIND,108.92,97.24,31.42,0.00,-4.6,-0.3,10.8,-776.7,-2104,0.60,-0.072,-0.055,0.00,0,,912,0,1459,777,0.01,31.4,1.00,-0.082
137.30,DOWNWIND,108.92,97.34,31.42,0.00,-4.6,-0.3,10.8,-776.7,-2107,0.60,-0.072,-0.055,0.00,0,,909,0,1462,777,0.01,31.4,1.00,-0.082
137.40,DOWNWIND,108.92,97.44,31.42,0.00,-4.6,-0.3,10.8,-776.7,-2110,0.60,-0.072,-0.055,0.00,0,,906,0,1465,777,0.01,31.4,1.00,-0.082
137.50,DOWNWIND,108.92,97.56,31.42,0.00,-4.6,-0.3,10.8,-776.7,-2113,0.60,-0.072,-0.055,0.00,0,,902,0,1468,777,0.01,31.4,1.00,-0.082
137.60,DOWNWIND,108.92,97.68,31.42,0.00,-4.6,-0.3,10.8,-776.7,-2116,0.60,-0.072,-0.055,0.00,0,,899,0,1471,777,0.01,31.4,1.00,-0.082
137.70,DOWNWIND,108.93,97.82,31.42,0.00,-4.6,-0.3,10.8,-776.7,-2119,0.60,-0.072,-0.055,0.00,0,,896,0,1474,777,0.01,31.4,1.00,-0.082
137.80,DOWNWIND,108.93,97.97,31.42,0.00,-4.6,-0.3,10.8,-776.7,-2122,0.60,-0.072,-0.055,0.00,0,,893,0,1477,777,0.01,31.4,1.00,-0.082
137.90,DOWNWIND,108.93,98.13,31.42,0.00,-4.6,-0.3,10.8,-776.7,-2125,0.60,-0.072,-0.055,0.00,0,,890,0,1480,777,0.01,31.4,1.00,-0.082
138.00,DOWNWIND,108.93,98.30,31.42,0.00,-4.6,-0.3,10.8,-776.7,-2128,0.60,-0.072,-0.055,0.00,0,,887,0,1483,777,0.01,31.4,1.00,-0.082
138.10,DOWNWIND,108.93,98.49,31.42,0.00,-4.6,-0.3,10.8,-776.7,-2132,0.60,-0.072,-0.055,0.00,0,,884,0,1487,777,0.01,31.4,1.00,-0.082
138.20,DOWNWIND,108.93,98.68,31.42,0.00,-4.6,-0.3,10.8,-776.7,-2135,0.60,-0.072,-0.055,0.00,0,,881,0,1490,777,0.01,31.4,1.00,-0.082
138.30,DOWNWIND,108.93,98.88,31.42,0.00,-4.6,-0.3,10.8,-776.7,-2138,0.60,-0.072,-0.055,0.00,0,,878,0,1493,777,0.01,31.4,1.00,-0.082
138.40,DOWNWIND,108.93,99.09,31.42,0.00,-4.6,-0.3,10.8,-776.7,-2141,0.60,-0.072,-0.055,0.00,0,,875,0,1496,777,0.01,31.4,1.00,-0.082
138.50,DOWNWIND,108.93,99.30,31.42,0.00,-4.6,-0.3,10.8,-776.7,-2144,0.60,-0.072,-0.055,0.00,0,,872,0,1499,777,0.01,31.4,1.00,-0.082
138.60,DOWNWIND,108.93,99.52,31.42,0.00,-4.6,-0.3,10.8,-776.7,-2147,0.60,-0.072,-0.055,0.00,0,,869,0,1502,777,0.01,31.4,1.00,-0.082
138.70,DOWNWIND,108.93,99.73,31.42,0.00,-4.6,-0.3,10.8,-776.7,-2150,0.60,-0.072,-0.055,0.00,0,,865,0,1505,777,0.01,31.4,1.00,-0.082
138.80,DOWNWIND,108.93,99.95,31.42,0.00,-4.6,-0.3,10.8,-776.7,-2153,0.60,-0.072,-0.055,0.00,0,,862,0,1508,777,0.01,31.4,1.00,-0.082
138.90,DOWNWIND,108.93,100.17,31.42,0.00,-4.6,-0.3,10.8,-776.7,-2156,0.60,-0.072,-0.055,0.00,0,,859,0,1511,777,0.01,31.4,1.00,-0.082
139.00,DOWNWIND,108.93,100.38,31.42,0.00,-4.6,-0.3,10.8,-776.7,-2159,0.60,-0.072,-0.055,0.00,0,,856,0,1514,777,0.01,31.4,1.00,-0.082
139.10,DOWNWIND,108.93,100.59,31.42,0.00,-4.6,-0.3,10.8,-776.7,-2162,0.60,-0.072,-0.055,0.00,0,,853,0,1517,777,0.01,31.4,1.00,-0.082
139.20,DOWNWIND,108.93,100.80,31.42,0.00,-4.6,-0.3,10.9,-776.7,-2165,0.60,-0.072,-0.055,0.00,0,,850,0,1520,777,0.01,31.4,1.00,-0.082
139.30,DOWNWIND,108.93,101.00,31.42,0.00,-4.6,-0.3,10.9,-776.7,-2169,0.60,-0.072,-0.055,0.00,0,,847,0,1524,777,0.01,31.4,1.00,-0.082
139.40,DOWNWIND,108.93,101.19,31.42,0.00,-4.6,-0.3,10.9,-776.7,-2172,0.60,-0.072,-0.055,0.00,0,,844,0,1527,777,0.01,31.4,1.00,-0.082
139.50,DOWNWIND,108.93,101.37,31.42,0.00,-4.6,-0.3,10.9,-776.7,-2175,0.60,-0.072,-0.055,0.00,0,,841,0,1530,777,0.01,31.4,1.00,-0.082
139.60,DOWNWIND,108.93,101.54,31.42,0.00,-4.6,-0.3,10.9,-776.7,-2178,0.60,-0.072,-0.055,0.00,0,,838,0,1533,777,0.01,31.4,1.00,-0.082
139.70,DOWNWIND,108.93,101.71,31.42,0.00,-4.6,-0.3,10.9,-776.7,-2181,0.60,-0.072,-0.055,0.00,0,,835,0,1536,777,0.01,31.4,1.00,-0.082
139.80,DOWNWIND,108.93,101.87,31.42,0.00,-4.6,-0.3,10.9,-776.7,-2184,0.60,-0.072,-0.055,0.00,0,,832,0,1539,777,0.01,31.4,1.00,-0.082
139.90,DOWNWIND,108.93,102.02,31.42,0.00,-4.6,-0.3,10.9,-776.7,-2187,0.60,-0.072,-0.055,0.00,0,,828,0,1542,777,0.01,31.4,1.00,-0.082
140.00,DOWNWIND,108.93,102.17,31.42,0.00,-4.6,-0.3,10.9,-776.7,-2190,0.60,-0.072,-0.055,0.00,0,,825,0,1545,777,0.01,31.4,1.00,-0.082
140.10,DOWNWIND,108.93,102.32,31.42,0.00,-4.6,-0.3,10.9,-776.7,-2193,0.60,-0.072,-0.055,0.00,0,,822,0,1548,777,0.01,31.4,1.00,-0.082
140.20,DOWNWIND,108.93,102.46,31.42,0.00,-4.6,-0.3,10.9,-776.7,-2196,0.60,-0.072,-0.055,0.00,0,,819,0,1551,777,0.01,31.4,1.00,-0.082
140.30,DOWNWIND,108.93,102.59,31.42,0.00,-4.6,-0.3,10.9,-776.7,-2199,0.60,-0.072,-0.055,0.00,0,,816,0,1554,777,0.01,31.4,1.00,-0.082
140.40,DOWNWIND,108.93,102.72,31.42,0.00,-4.6,-0.3,10.9,-776.7,-2202,0.60,-0.072,-0.055,0.00,0,,813,0,1557,777,0.01,31.4,1.00,-0.082
140.50,DOWNWIND,108.94,102.84,31.42,0.00,-4.6,-0.3,10.9,-776.7,-2206,0.60,-0.072,-0.055,0.00,0,,810,0,1561,777,0.01,31.4,1.00,-0.082
140.60,DOWNWIND,108.94,102.95,31.42,0.00,-4.6,-0.3,10.9,-776.7,-2209,0.60,-0.072,-0.055,0.00,0,,807,0,1564,777,0.01,31.4,1.00,-0.082
140.70,DOWNWIND,108.94,103.06,31.42,0.00,-4.6,-0.3,10.9,-776.7,-2212,0.60,-0.072,-0.055,0.00,0,,804,0,1567,777,0.01,31.4,1.00,-0.082
140.80,DOWNWIND,108.94,103.16,31.42,0.00,-4.6,-0.3,10.9,-776.7,-2215,0.60,-0.072,-0.055,0.00,0,,801,0,1570,777,0.01,31.4,1.00,-0.082
140.90,DOWNWIND,108.94,103.25,31.42,0.00,-4.6,-0.3,10.9,-776.7,-2218,0.60,-0.072,-0.055,0.00,0,,798,0,1573,777,0.01,31.4,1.00,-0.082
141.00,DOWNWIND,108.94,103.33,31.42,0.00,-4.6,-0.3,10.9,-776.7,-2221,0.60,-0.072,-0.055,0.00,0,,795,0,1576,777,0.01,31.4,1.00,-0.082
141.10,DOWNWIND,108.94,103.40,31.42,0.00,-4.6,-0.3,10.9,-776.7,-2224,0.60,-0.072,-0.055,0.00,0,,792,0,1579,777,0.01,31.4,1.00,-0.082
141.20,DOWNWIND,108.94,103.47,31.42,0.00,-4.6,-0.3,10.9,-776.7,-2227,0.60,-0.072,-0.055,0.00,0,,788,0,1582,777,0.01,31.4,1.00,-0.082
141.30,DOWNWIND,108.94,103.52,31.42,0.00,-4.6,-0.3,10.9,-776.7,-2230,0.60,-0.072,-0.055,0.00,0,,785,0,1585,777,0.01,31.4,1.00,-0.082
141.40,DOWNWIND,108.94,103.58,31.42,0.00,-4.6,-0.3,10.9,-776.7,-2233,0.60,-0.072,-0.055,0.00,0,,782,0,1588,777,0.01,31.4,1.00,-0.082
141.50,DOWNWIND,108.94,103.63,31.41,0.00,-4.6,-0.3,10.9,-776.7,-2236,0.60,-0.072,-0.055,0.00,0,,779,0,1591,777,0.01,31.4,1.00,-0.082
141.60,DOWNWIND,108.94,103.68,31.41,0.00,-4.6,-0.3,10.9,-776.7,-2239,0.60,-0.072,-0.055,0.00,0,,776,0,1594,777,0.01,31.4,1.00,-0.082
141.70,DOWNWIND,108.94,103.72,31.41,0.00,-4.6,-0.3,10.9,-776.7,-2243,0.60,-0.072,-0.055,0.00,0,,773,0,1598,777,0.01,31.4,1.00,-0.082
141.80,DOWNWIND,108.94,103.76,31.41,0.00,-4.6,-0.3,10.9,-776.7,-2246,0.60,-0.072,-0.055,0.00,0,,770,0,1601,777,0.01,31.4,1.00,-0.082
141.90,DOWNWIND,108.94,103.79,31.41,0.00,-4.6,-0.3,10.9,-776.7,-2249,0.60,-0.072,-0.055,0.00,0,,767,0,1604,777,0.01,31.4,1.00,-0.082
142.00,DOWNWIND,108.94,103.82,31.41,0.00,-4.6,-0.3,10.9,-776.7,-2252,0.60,-0.072,-0.055,0.00,0,,764,0,1607,777,0.01,31.4,1.00,-0.082
142.10,DOWNWIND,108.94,103.85,31.41,0.00,-4.6,-0.3,10.9,-776.7,-2255,0.60,-0.072,-0.055,0.00,0,,761,0,1610,777,0.01,31.4,1.00,-0.082
142.20,DOWNWIND,108.94,103.87,31.41,0.00,-4.6,-0.3,10.9,-776.7,-2258,0.60,-0.072,-0.055,0.00,0,,758,0,1613,777,0.01,31.4,1.00,-0.082
142.30,DOWNWIND,108.94,103.89,31.41,0.00,-4.6,-0.3,10.9,-776.7,-2261,0.60,-0.072,-0.055,0.00,0,,755,0,1616,777,0.01,31.4,1.00,-0.082
142.40,DOWNWIND,108.94,103.91,31.41,0.00,-4.6,-0.3,10.9,-776.7,-2264,0.60,-0.072,-0.055,0.00,0,,751,0,1619,777,0.01,31.4,1.00,-0.082
142.50,DOWNWIND,108.94,103.92,31.41,0.00,-4.6,-0.3,10.9,-776.7,-2267,0.60,-0.072,-0.055,0.00,0,,748,0,1622,777,0.01,31.4,1.00,-0.082
142.60,DOWNWIND,108.94,103.93,31.41,0.00,-4.6,-0.3,10.9,-776.7,-2270,0.60,-0.072,-0.055,0.00,0,,745,0,1625,777,0.01,31.4,1.00,-0.082
142.70,DOWNWIND,108.94,103.95,31.41,0.00,-4.6,-0.3,10.9,-776.7,-2273,0.60,-0.072,-0.055,0.00,0,,742,0,1628,777,0.01,31.4,1.00,-0.082
142.80,DOWNWIND,108.94,103.96,31.41,0.00,-4.6,-0.3,10.9,-776.7,-2276,0.60,-0.072,-0.055,0.00,0,,739,0,1631,777,0.01,31.4,1.00,-0.082
142.90,DOWNWIND,108.94,103.97,31.41,0.00,-4.6,-0.3,10.9,-776.7,-2279,0.60,-0.072,-0.055,0.00,0,,736,0,1634,777,0.01,31.4,1.00,-0.082
143.00,DOWNWIND,108.94,103.98,31.41,0.00,-4.6,-0.3,10.9,-776.7,-2283,0.60,-0.072,-0.055,0.00,0,,733,0,1638,777,0.01,31.4,1.00,-0.082
143.10,DOWNWIND,108.94,103.99,31.41,0.00,-4.6,-0.3,10.9,-776.7,-2286,0.60,-0.072,-0.055,0.00,0,,730,0,1641,777,0.01,31.4,1.00,-0.082
143.20,DOWNWIND,108.94,104.00,31.41,0.00,-4.6,-0.3,10.9,-776.7,-2289,0.60,-0.072,-0.055,0.00,0,,727,0,1644,777,0.01,31.4,1.00,-0.082
143.30,DOWNWIND,108.94,104.02,31.41,0.00,-4.6,-0.3,10.9,-776.7,-2292,0.60,-0.072,-0.055,0.00,0,,724,0,1647,777,0.01,31.4,1.00,-0.082
143.40,DOWNWIND,108.94,104.03,31.41,0.00,-4.6,-0.3,10.9,-776.7,-2295,0.60,-0.072,-0.055,0.00,0,,721,0,1650,777,0.01,31.4,1.00,-0.082
143.50,DOWNWIND,108.94,104.05,31.41,0.00,-4.6,-0.3,10.9,-776.7,-2298,0.60,-0.072,-0.055,0.00,0,,718,0,1653,777,0.01,31.4,1.00,-0.082
143.60,DOWNWIND,108.94,104.06,31.41,0.00,-4.6,-0.3,10.9,-776.7,-2301,0.60,-0.072,-0.055,0.00,0,,714,0,1656,777,0.01,31.4,1.00,-0.082
143.70,DOWNWIND,108.94,104.08,31.41,0.00,-4.6,-0.3,10.9,-776.7,-2304,0.60,-0.072,-0.055,0.00,0,,711,0,1659,777,0.01,31.4,1.00,-0.082
143.80,DOWNWIND,108.94,104.11,31.41,0.00,-4.6,-0.3,10.9,-776.7,-2307,0.60,-0.072,-0.055,0.00,0,,708,0,1662,777,0.01,31.4,1.00,-0.082
143.90,DOWNWIND,108.94,104.13,31.41,0.00,-4.6,-0.3,10.9,-776.7,-2310,0.60,-0.072,-0.055,0.00,0,,705,0,1665,777,0.01,31.4,1.00,-0.082
144.00,DOWNWIND,108.94,104.16,31.41,0.00,-4.6,-0.3,10.9,-776.7,-2313,0.60,-0.072,-0.055,0.00,0,,702,0,1668,777,0.01,31.4,1.00,-0.082
144.10,DOWNWIND,108.94,104.19,31.41,0.00,-4.6,-0.3,10.9,-776.7,-2316,0.60,-0.072,-0.055,0.00,0,,699,0,1671,777,0.01,31.4,1.00,-0.082
144.20,DOWNWIND,108.94,104.22,31.41,0.00,-4.6,-0.3,10.9,-776.7,-2320,0.60,-0.072,-0.055,0.00,0,,696,0,1675,777,0.01,31.4,1.00,-0.082
144.30,DOWNWIND,108.94,104.25,31.41,0.00,-4.6,-0.3,10.9,-776.7,-2323,0.60,-0.072,-0.055,0.00,0,,693,0,1678,777,0.01,31.4,1.00,-0.082
144.40,DOWNWIND,108.94,104.28,31.41,0.00,-4.6,-0.3,10.9,-776.7,-2326,0.60,-0.072,-0.055,0.00,0,,690,0,1681,777,0.01,31.4,1.00,-0.082
144.50,DOWNWIND,108.94,104.32,31.41,0.00,-4.6,-0.3,10.9,-776.7,-2329,0.60,-0.072,-0.055,0.00,0,,687,0,1684,777,0.01,31.4,1.00,-0.082
144.60,DOWNWIND,108.94,104.35,31.41,0.00,-4.6,-0.3,10.9,-776.7,-2332,0.60,-0.072,-0.055,0.00,0,,684,0,1687,777,0.01,31.4,1.00,-0.082
144.70,DOWNWIND,108.94,104.39,31.41,0.00,-4.6,-0.3,10.9,-776.7,-2335,0.60,-0.072,-0.055,0.00,0,,681,0,1690,777,0.01,31.4,1.00,-0.082
144.80,DOWNWIND,108.94,104.42,31.41,0.00,-4.6,-0.3,10.9,-776.7,-2338,0.60,-0.072,-0.055,0.00,0,,678,0,1693,777,0.01,31.4,1.00,-0.082
144.90,DOWNWIND,108.94,104.46,31.41,0.00,-4.6,-0.3,10.9,-776.7,-2341,0.60,-0.072,-0.055,0.00,0,,674,0,1696,777,0.01,31.4,1.00,-0.082
145.00,DOWNWIND,108.94,104.49,31.41,0.00,-4.6,-0.3,10.9,-776.7,-2344,0.60,-0.072,-0.055,0.00,0,,671,0,1699,777,0.01,31.4,1.00,-0.082
145.10,DOWNWIND,108.94,104.52,31.41,0.00,-4.6,-0.3,10.9,-776.7,-2347,0.60,-0.072,-0.055,0.00,0,,668,0,1702,777,0.01,31.4,1.00,-0.082
145.20,DOWNWIND,108.94,104.55,31.41,0.00,-4.6,-0.3,10.9,-776.7,-2350,0.60,-0.072,-0.055,0.00,0,,665,0,1705,777,0.01,31.4,1.00,-0.082
145.30,DOWNWIND,108.94,104.58,31.41,0.00,-4.6,-0.3,10.9,-776.7,-2353,0.60,-0.072,-0.055,0.00,0,,662,0,1708,777,0.01,31.4,1.00,-0.082
145.40,DOWNWIND,108.94,104.61,31.41,0.00,-4.6,-0.3,10.9,-776.7,-2356,0.60,-0.072,-0.055,0.00,0,,659,0,1711,777,0.01,31.4,1.00,-0.082
145.50,DOWNWIND,108.94,104.63,31.41,0.00,-4.6,-0.3,10.9,-776.7,-2360,0.60,-0.072,-0.055,0.00,0,,656,0,1715,777,0.01,31.4,1.00,-0.082
145.60,DOWNWIND,108.94,104.65,31.41,0.00,-4.6,-0.3,10.9,-776.7,-2363,0.60,-0.072,-0.055,0.00,0,,653,0,1718,777,0.01,31.4,1.00,-0.082
145.70,DOWNWIND,108.94,104.68,31.41,0.00,-4.6,-0.3,10.9,-776.7,-2366,0.60,-0.072,-0.055,0.00,0,,650,0,1721,777,0.01,31.4,1.00,-0.082
145.80,DOWNWIND,108.94,104.71,31.41,0.00,-4.6,-0.3,10.9,-776.7,-2369,0.60,-0.072,-0.055,0.00,0,,647,0,1724,777,0.01,31.4,1.00,-0.082
145.90,DOWNWIND,108.94,104.75,31.41,0.00,-4.6,-0.3,10.9,-776.7,-2372,0.60,-0.072,-0.055,0.00,0,,644,0,1727,777,0.00,31.4,1.00,-0.082
146.00,DOWNWIND,108.94,104.78,31.41,0.00,-4.6,-0.3,10.9,-776.7,-2375,0.60,-0.072,-0.055,0.00,0,,641,0,1730,777,0.00,31.4,1.00,-0.082
146.10,DOWNWIND,108.94,104.82,31.41,0.00,-4.6,-0.3,10.9,-776.7,-2378,0.60,-0.072,-0.055,0.00,0,,637,0,1733,777,0.00,31.4,1.00,-0.082
146.20,DOWNWIND,108.94,104.86,31.41,0.00,-4.6,-0.3,10.9,-776.7,-2381,0.60,-0.072,-0.055,0.00,0,,634,0,1736,777,0.00,31.4,1.00,-0.082
146.30,DOWNWIND,108.94,104.91,31.41,0.00,-4.6,-0.3,10.9,-776.7,-2384,0.60,-0.072,-0.055,0.00,0,,631,0,1739,777,0.00,31.4,1.00,-0.082
146.40,DOWNWIND,108.94,104.95,31.41,0.00,-4.6,-0.3,10.9,-776.7,-2387,0.60,-0.072,-0.055,0.00,0,,628,0,1742,777,0.00,31.4,1.00,-0.082
146.50,DOWNWIND,108.94,104.99,31.41,0.00,-4.6,-0.3,10.9,-776.7,-2390,0.60,-0.072,-0.055,0.00,0,,625,0,1745,777,0.00,31.4,1.00,-0.082
146.60,DOWNWIND,108.94,105.04,31.41,0.00,-4.6,-0.3,10.9,-776.7,-2393,0.60,-0.072,-0.055,0.00,0,,622,0,1748,777,0.00,31.4,1.00,-0.082
146.70,DOWNWIND,108.94,105.08,31.41,0.00,-4.6,-0.3,10.9,-776.7,-2397,0.60,-0.072,-0.055,0.00,0,,619,0,1752,777,0.00,31.4,1.00,-0.082
146.80,DOWNWIND,108.94,105.13,31.41,0.00,-4.6,-0.3,10.9,-776.7,-2400,0.60,-0.072,-0.055,0.00,0,,616,0,1755,777,0.00,31.4,1.00,-0.082
146.90,DOWNWIND,108.94,105.18,31.41,0.00,-4.6,-0.3,10.9,-776.7,-2403,0.60,-0.072,-0.055,0.00,0,,613,0,1758,777,0.00,31.4,1.00,-0.082
147.00,DOWNWIND,108.94,105.22,31.41,0.00,-4.6,-0.3,10.9,-776.7,-2406,0.60,-0.072,-0.055,0.00,0,,610,0,1761,777,0.00,31.4,1.00,-0.082
147.10,DOWNWIND,108.94,105.27,31.41,0.00,-4.6,-0.3,10.9,-776.7,-2409,0.60,-0.072,-0.055,0.00,0,,607,0,1764,777,0.00,31.4,1.00,-0.082
147.20,DOWNWIND,108.94,105.31,31.41,0.00,-4.6,-0.3,10.9,-776.7,-2412,0.60,-0.072,-0.055,0.00,0,,604,0,1767,777,0.00,31.4,1.00,-0.082
147.30,DOWNWIND,108.94,105.35,31.41,0.00,-4.6,-0.3,10.9,-776.7,-2415,0.60,-0.072,-0.055,0.00,0,,601,0,1770,777,0.00,31.4,1.00,-0.082
147.40,DOWNWIND,108.94,105.40,31.41,0.00,-4.6,-0.3,10.9,-776.7,-2418,0.60,-0.072,-0.055,0.00,0,,597,0,1773,777,0.00,31.4,1.00,-0.082
147.50,DOWNWIND,108.94,105.44,31.41,0.00,-4.6,-0.3,10.9,-776.7,-2421,0.60,-0.072,-0.055,0.00,0,,594,0,1776,777,0.00,31.4,1.00,-0.082
147.60,DOWNWIND,108.95,105.47,31.41,0.00,-4.6,-0.3,10.9,-776.7,-2424,0.60,-0.072,-0.055,0.00,0,,591,0,1779,777,0.00,31.4,1.00,-0.082
147.70,DOWNWIND,108.95,105.50,31.41,0.00,-4.6,-0.3,10.9,-776.7,-2427,0.60,-0.072,-0.055,0.00,0,,588,0,1782,777,0.00,31.4,1.00,-0.082
147.80,DOWNWIND,108.95,105.51,31.41,0.00,-4.6,-0.3,10.9,-776.7,-2430,0.60,-0.072,-0.055,0.00,0,,585,0,1785,777,0.00,31.4,1.00,-0.082
147.90,DOWNWIND,108.95,105.52,31.41,0.00,-4.6,-0.3,10.9,-776.7,-2433,0.60,-0.072,-0.055,0.00,0,,582,0,1788,777,0.00,31.4,1.00,-0.082
148.00,DOWNWIND,108.95,105.52,31.41,0.00,-4.6,-0.3,10.9,-776.7,-2437,0.60,-0.072,-0.055,0.00,0,,579,0,1792,777,0.00,31.4,1.00,-0.082
148.10,DOWNWIND,108.95,105.52,31.41,0.00,-4.6,-0.3,10.9,-776.7,-2440,0.60,-0.072,-0.055,0.00,0,,576,0,1795,777,0.00,31.4,1.00,-0.082
148.20,DOWNWIND,108.95,105.51,31.41,0.00,-4.6,-0.3,10.9,-776.7,-2443,0.60,-0.072,-0.055,0.00,0,,573,0,1798,777,0.00,31.4,1.00,-0.082
148.30,DOWNWIND,108.95,105.50,31.41,0.00,-4.6,-0.3,10.9,-776.7,-2446,0.60,-0.072,-0.055,0.00,0,,570,0,1801,777,0.00,31.4,1.00,-0.082
148.40,DOWNWIND,108.95,105.50,31.41,0.00,-4.6,-0.3,10.9,-776.7,-2449,0.60,-0.072,-0.055,0.00,0,,567,0,1804,777,0.00,31.4,1.00,-0.082
148.50,DOWNWIND,108.95,105.49,31.41,0.00,-4.6,-0.3,10.9,-776.7,-2452,0.60,-0.072,-0.055,0.00,0,,564,0,1807,777,0.00,31.4,1.00,-0.082
148.60,DOWNWIND,108.95,105.48,31.41,0.00,-4.6,-0.3,10.9,-776.7,-2455,0.60,-0.072,-0.055,0.00,0,,560,0,1810,777,0.00,31.4,1.00,-0.082
148.70,DOWNWIND,108.95,105.47,31.41,0.00,-4.6,-0.3,10.9,-776.7,-2458,0.60,-0.072,-0.055,0.00,0,,557,0,1813,777,0.00,31.4,1.00,-0.082
148.80,DOWNWIND,108.95,105.47,31.41,0.00,-4.6,-0.3,10.9,-776.7,-2461,0.60,-0.072,-0.055,0.00,0,,554,0,1816,777,0.00,31.4,1.00,-0.082
148.90,DOWNWIND,108.95,105.47,31.41,0.00,-4.6,-0.3,10.9,-776.7,-2464,0.60,-0.072,-0.055,0.00,0,,551,0,1819,777,0.00,31.4,1.00,-0.082
149.00,DOWNWIND,108.95,105.48,31.41,0.00,-4.6,-0.3,10.9,-776.7,-2467,0.60,-0.072,-0.055,0.00,0,,548,0,1822,777,0.00,31.4,1.00,-0.082
149.10,DOWNWIND,108.95,105.49,31.41,0.00,-4.6,-0.3,10.9,-776.7,-2470,0.60,-0.072,-0.055,0.00,0,,545,0,1825,777,0.00,31.4,1.00,-0.082
149.20,DOWNWIND,108.95,105.51,31.41,0.00,-4.6,-0.3,10.9,-776.7,-2474,0.60,-0.072,-0.055,0.00,0,,542,0,1829,777,0.00,31.4,1.00,-0.082
149.30,DOWNWIND,108.95,105.53,31.41,0.00,-4.6,-0.3,10.9,-776.7,-2477,0.60,-0.072,-0.055,0.00,0,,539,0,1832,777,0.00,31.4,1.00,-0.082
149.40,DOWNWIND,108.95,105.56,31.41,0.00,-4.6,-0.3,10.9,-776.7,-2480,0.60,-0.072,-0.055,0.00,0,,536,0,1835,777,0.00,31.4,1.00,-0.082
149.50,DOWNWIND,108.95,105.61,31.41,0.00,-4.6,-0.3,10.9,-776.7,-2483,0.60,-0.072,-0.055,0.00,0,,533,0,1838,777,0.00,31.4,1.00,-0.082
149.60,DOWNWIND,108.95,105.67,31.41,0.00,-4.6,-0.3,10.9,-776.7,-2486,0.60,-0.072,-0.055,0.00,0,,530,0,1841,777,0.00,31.4,1.00,-0.082
149.70,DOWNWIND,108.95,105.74,31.41,0.00,-4.6,-0.3,10.9,-776.7,-2489,0.60,-0.072,-0.055,0.00,0,,527,0,1844,777,0.00,31.4,1.00,-0.082
149.80,DOWNWIND,108.95,105.82,31.41,0.00,-4.6,-0.3,10.9,-776.7,-2492,0.60,-0.072,-0.055,0.00,0,,524,0,1847,777,0.00,31.4,1.00,-0.082
149.90,DOWNWIND,108.95,105.91,31.41,0.00,-4.6,-0.3,10.9,-776.7,-2495,0.60,-0.072,-0.055,0.00,0,,520,0,1850,777,0.00,31.4,1.00,-0.082
150.00,DOWNWIND,108.95,106.02,31.41,0.00,-4.6,-0.3,10.9,-776.7,-2498,0.60,-0.072,-0.055,0.00,0,,517,0,1853,777,0.00,31.4,1.00,-0.082
150.10,DOWNWIND,108.95,106.13,31.41,0.00,-4.6,-0.3,10.9,-776.7,-2501,0.60,-0.072,-0.055,0.00,0,,514,0,1856,777,0.00,31.4,1.00,-0.082
150.20,DOWNWIND,108.95,106.24,31.41,0.00,-4.6,-0.3,10.9,-776.7,-2504,0.60,-0.072,-0.055,0.00,0,,511,0,1859,777,0.00,31.4,1.00,-0.082
150.30,DOWNWIND,108.95,106.37,31.41,0.00,-4.6,-0.3,10.9,-776.7,-2507,0.60,-0.072,-0.055,0.00,0,,508,0,1862,777,0.00,31.4,1.00,-0.082
150.40,DOWNWIND,108.95,106.49,31.41,0.00,-4.6,-0.3,10.9,-776.7,-2510,0.60,-0.072,-0.055,0.00,0,,505,0,1865,777,0.00,31.4,1.00,-0.082
150.50,DOWNWIND,108.95,106.62,31.41,0.00,-4.6,-0.3,10.9,-776.7,-2514,0.60,-0.072,-0.055,0.00,0,,502,0,1869,777,0.00,31.4,1.00,-0.082
150.60,DOWNWIND,108.95,106.74,31.41,0.00,-4.6,-0.3,10.9,-776.7,-2517,0.60,-0.072,-0.055,0.00,0,,499,0,1872,777,0.00,31.4,1.00,-0.082
150.70,DOWNWIND,108.95,106.86,31.41,0.00,-4.6,-0.3,10.9,-776.7,-2520,0.60,-0.072,-0.055,0.00,0,,496,0,1875,777,0.00,31.4,1.00,-0.082
150.80,DOWNWIND,108.95,106.98,31.41,0.00,-4.6,-0.3,11.0,-776.7,-2523,0.60,-0.072,-0.055,0.00,0,,493,0,1878,777,0.00,31.4,1.00,-0.082
150.90,DOWNWIND,108.95,107.09,31.41,0.00,-4.6,-0.3,11.0,-776.7,-2526,0.60,-0.072,-0.055,0.00,0,,490,0,1881,777,0.00,31.4,1.00,-0.082
151.00,DOWNWIND,108.95,107.20,31.41,0.00,-4.6,-0.3,11.0,-776.7,-2529,0.60,-0.072,-0.055,0.00,0,,487,0,1884,777,0.00,31.4,1.00,-0.082
151.10,DOWNWIND,108.95,107.29,31.41,0.00,-4.6,-0.3,11.0,-776.7,-2532,0.60,-0.072,-0.055,0.00,0,,483,0,1887,777,0.00,31.4,1.00,-0.082
151.20,DOWNWIND,108.95,107.38,31.41,0.00,-4.6,-0.3,11.0,-776.7,-2535,0.60,-0.072,-0.055,0.00,0,,480,0,1890,777,0.00,31.4,1.00,-0.082
151.30,DOWNWIND,108.95,107.45,31.41,0.00,-4.6,-0.3,11.0,-776.7,-2538,0.60,-0.072,-0.055,0.00,0,,477,0,1893,777,0.00,31.4,1.00,-0.082
151.40,DOWNWIND,108.95,107.51,31.41,0.00,-4.6,-0.3,11.0,-776.7,-2541,0.60,-0.072,-0.055,0.00,0,,474,0,1896,777,0.00,31.4,1.00,-0.082
151.50,DOWNWIND,108.95,107.56,31.41,0.00,-4.6,-0.3,11.0,-776.7,-2544,0.60,-0.072,-0.056,0.00,0,,471,0,1899,777,0.00,31.4,1.00,-0.082
151.60,DOWNWIND,108.95,107.60,31.41,0.00,-4.6,-0.3,11.0,-776.7,-2547,0.60,-0.072,-0.055,0.00,0,,468,0,1902,777,0.00,31.4,1.00,-0.082
151.70,DOWNWIND,108.95,107.63,31.41,0.00,-4.6,-0.3,11.0,-776.7,-2551,0.60,-0.072,-0.056,0.00,0,,465,0,1906,777,0.00,31.4,1.00,-0.082
151.80,DOWNWIND,108.95,107.66,31.41,0.00,-4.6,-0.3,11.0,-776.7,-2554,0.60,-0.072,-0.056,0.00,0,,462,0,1909,777,0.00,31.4,1.00,-0.082
151.90,DOWNWIND,108.95,107.69,31.41,0.00,-4.6,-0.3,11.0,-776.7,-2557,0.60,-0.072,-0.056,0.00,0,,459,0,1912,777,0.00,31.4,1.00,-0.082
152.00,DOWNWIND,108.95,107.71,31.41,0.00,-4.6,-0.3,11.0,-776.7,-2560,0.60,-0.072,-0.056,0.00,0,,456,0,1915,777,0.00,31.4,1.00,-0.082
152.10,DOWNWIND,108.95,107.73,31.41,0.00,-4.6,-0.3,11.0,-776.7,-2563,0.60,-0.072,-0.056,0.00,0,,453,0,1918,777,0.00,31.4,1.00,-0.082
152.20,DOWNWIND,108.95,107.75,31.41,0.00,-4.6,-0.3,11.0,-776.7,-2566,0.60,-0.072,-0.056,0.00,0,,450,0,1921,777,0.00,31.4,1.00,-0.082
152.30,DOWNWIND,108.95,107.76,31.41,0.00,-4.6,-0.3,11.0,-776.7,-2569,0.60,-0.072,-0.056,0.00,0,,447,0,1924,777,0.00,31.4,1.00,-0.082
152.40,DOWNWIND,108.95,107.77,31.41,0.00,-4.6,-0.3,11.0,-776.7,-2572,0.60,-0.072,-0.056,0.00,0,,443,0,1927,777,0.00,31.4,1.00,-0.082
152.50,DOWNWIND,108.95,107.78,31.41,0.00,-4.6,-0.3,11.0,-776.7,-2575,0.60,-0.072,-0.056,0.00,0,,440,0,1930,777,0.00,31.4,1.00,-0.082
152.60,DOWNWIND,108.95,107.80,31.41,0.00,-4.6,-0.3,11.0,-776.7,-2578,0.60,-0.072,-0.055,0.00,0,,437,0,1933,777,0.00,31.4,1.00,-0.082
152.70,DOWNWIND,108.95,107.81,31.41,0.00,-4.6,-0.3,11.0,-776.7,-2581,0.60,-0.072,-0.055,0.00,0,,434,0,1936,777,0.00,31.4,1.00,-0.082
152.80,DOWNWIND,108.95,107.82,31.41,0.00,-4.6,-0.3,11.0,-776.7,-2584,0.60,-0.072,-0.056,0.00,0,,431,0,1939,777,0.00,31.4,1.00,-0.082
152.90,DOWNWIND,108.95,107.84,31.41,0.00,-4.6,-0.3,11.0,-776.7,-2587,0.60,-0.072,-0.055,0.00,0,,428,0,1942,777,0.00,31.4,1.00,-0.082
153.00,DOWNWIND,108.95,107.86,31.41,0.00,-4.6,-0.3,11.0,-776.7,-2591,0.60,-0.072,-0.056,0.00,0,,425,0,1946,777,0.00,31.4,1.00,-0.082
153.10,DOWNWIND,108.95,107.88,31.41,0.00,-4.6,-0.3,11.0,-776.7,-2594,0.60,-0.072,-0.056,0.00,0,,422,0,1949,777,0.00,31.4,1.00,-0.082
153.20,DOWNWIND,108.95,107.91,31.41,0.00,-4.6,-0.3,11.0,-776.7,-2597,0.60,-0.072,-0.055,0.00,0,,419,0,1952,777,0.00,31.4,1.00,-0.082
153.30,DOWNWIND,108.95,107.94,31.41,0.00,-4.6,-0.3,11.0,-776.7,-2600,0.60,-0.072,-0.056,0.00,0,,416,0,1955,777,0.00,31.4,1.00,-0.082
153.40,DOWNWIND,108.95,107.98,31.41,0.00,-4.6,-0.3,11.0,-776.7,-2603,0.60,-0.072,-0.055,0.00,0,,413,0,1958,777,0.00,31.4,1.00,-0.082
153.50,DOWNWIND,108.95,108.02,31.41,0.00,-4.6,-0.3,11.0,-776.7,-2606,0.60,-0.072,-0.056,0.00,0,,410,0,1961,777,0.00,31.4,1.00,-0.082
153.60,DOWNWIND,108.95,108.06,31.41,0.00,-4.6,-0.3,11.0,-776.7,-2609,0.60,-0.072,-0.056,0.00,0,,406,0,1964,777,0.00,31.4,1.00,-0.082
153.70,DOWNWIND,108.95,108.10,31.41,0.00,-4.6,-0.3,11.0,-776.7,-2612,0.60,-0.072,-0.055,0.00,0,,403,0,1967,777,0.00,31.4,1.00,-0.082
153.80,DOWNWIND,108.95,108.14,31.41,0.00,-4.6,-0.3,11.0,-776.7,-2615,0.60,-0.072,-0.055,0.00,0,,400,0,1970,777,0.00,31.4,1.00,-0.082
153.90,DOWNWIND,108.95,108.18,31.41,0.00,-4.6,-0.3,11.0,-776.7,-2618,0.60,-0.072,-0.055,0.00,0,,397,0,1973,777,0.00,31.4,1.00,-0.081
154.00,DOWNWIND,108.95,108.22,31.41,0.00,-4.6,-0.3,11.0,-776.7,-2621,0.60,-0.072,-0.055,0.00,0,,394,0,1976,777,0.00,31.4,1.00,-0.081
154.10,DOWNWIND,108.95,108.25,31.41,0.00,-4.6,-0.3,11.0,-776.7,-2624,0.60,-0.072,-0.055,0.00,0,,391,0,1979,777,0.00,31.4,1.00,-0.081
154.20,DOWNWIND,108.95,108.29,31.41,0.00,-4.6,-0.4,11.0,-776.7,-2628,0.60,-0.072,-0.055,0.00,0,,388,0,1983,777,0.00,31.4,1.00,-0.081
154.30,DOWNWIND,108.95,108.31,31.41,-0.00,-4.6,-0.4,11.0,-776.7,-2631,0.60,-0.072,-0.055,0.00,0,,385,0,1986,777,0.00,31.4,1.00,-0.081
154.40,DOWNWIND,108.95,108.33,31.41,-0.00,-4.6,-0.5,10.9,-776.7,-2634,0.60,-0.072,-0.054,0.00,0,,382,0,1989,777,0.00,31.4,1.00,-0.081
154.50,DOWNWIND,108.95,108.34,31.41,-0.00,-4.6,-0.6,10.9,-776.7,-2637,0.60,-0.072,-0.055,0.00,0,,379,0,1992,777,0.00,31.4,1.00,-0.081
154.60,DOWNWIND,108.95,108.35,31.41,-0.00,-4.6,-0.7,10.9,-776.7,-2640,0.60,-0.072,-0.054,0.00,0,,376,0,1995,777,0.00,31.4,1.00,-0.081
154.70,DOWNWIND,108.95,108.36,31.41,-0.00,-4.6,-0.8,10.9,-776.7,-2643,0.60,-0.072,-0.055,0.00,0,,373,0,1998,777,0.00,31.4,1.00,-0.081
154.80,DOWNWIND,108.95,108.36,31.41,-0.00,-4.6,-1.0,10.9,-776.7,-2646,0.60,-0.072,-0.054,0.00,0,,370,0,2001,777,0.00,31.4,1.00,-0.081
154.90,DOWNWIND,108.95,108.35,31.41,-0.01,-4.6,-1.2,10.8,-776.7,-2649,0.60,-0.072,-0.053,0.00,0,,366,0,2004,777,0.00,31.4,1.00,-0.081
155.00,DOWNWIND,108.95,108.34,31.41,-0.01,-4.6,-1.3,10.8,-776.7,-2652,0.60,-0.072,-0.054,0.00,0,,363,0,2007,777,0.00,31.4,1.00,-0.081
155.10,DOWNWIND,108.95,108.33,31.41,-0.01,-4.6,-1.5,10.8,-776.7,-2655,0.60,-0.072,-0.053,0.00,0,,360,0,2010,777,0.00,31.4,1.00,-0.081
155.20,DOWNWIND,108.95,108.31,31.41,-0.01,-4.6,-1.8,10.7,-776.6,-2658,0.60,-0.072,-0.055,0.00,0,,357,0,2013,777,0.00,31.4,1.00,-0.081
155.30,DOWNWIND,108.95,108.29,31.41,-0.01,-4.6,-2.0,10.7,-776.6,-2661,0.60,-0.072,-0.054,0.00,0,,354,0,2016,777,0.00,31.4,1.00,-0.081
155.40,DOWNWIND,108.95,108.26,31.41,-0.02,-4.6,-2.2,10.7,-776.6,-2664,0.60,-0.073,-0.053,0.00,0,,351,0,2019,777,0.00,31.4,1.00,-0.081
155.50,DOWNWIND,108.95,108.23,31.41,-0.02,-4.6,-2.5,10.7,-776.6,-2668,0.60,-0.073,-0.054,0.00,0,,348,0,2023,777,0.00,31.4,1.00,-0.081
155.60,DOWNWIND,108.94,108.20,31.41,-0.02,-4.6,-2.8,10.7,-776.6,-2671,0.60,-0.073,-0.053,0.00,0,,345,0,2026,777,0.00,31.4,1.00,-0.080
155.70,DOWNWIND,108.94,108.15,31.41,-0.03,-4.6,-3.1,10.7,-776.6,-2674,0.60,-0.073,-0.053,0.00,0,,342,0,2029,777,0.01,31.4,1.00,-0.080
155.80,DOWNWIND,108.94,108.11,31.41,-0.03,-4.6,-3.4,10.7,-776.5,-2677,0.60,-0.073,-0.054,0.00,0,,339,0,2032,777,0.01,31.4,1.00,-0.080
155.90,DOWNWIND,108.93,108.06,31.41,-0.04,-4.6,-3.7,10.7,-776.5,-2680,0.60,-0.073,-0.053,0.00,0,,336,0,2035,777,0.01,31.4,1.00,-0.080
156.00,DOWNWIND,108.93,108.00,31.41,-0.04,-4.6,-4.0,10.7,-776.5,-2683,0.60,-0.073,-0.055,0.00,0,,333,0,2038,776,0.01,31.4,1.00,-0.080
156.10,DOWNWIND,108.93,107.94,31.42,-0.05,-4.5,-4.4,10.8,-776.4,-2686,0.60,-0.073,-0.053,0.00,0,,330,0,2041,776,0.01,31.4,1.00,-0.079
156.20,DOWNWIND,108.92,107.87,31.42,-0.05,-4.5,-4.7,10.8,-776.4,-2689,0.60,-0.073,-0.054,0.00,0,,327,0,2044,776,0.01,31.4,1.00,-0.079
156.30,DOWNWIND,108.92,107.81,31.42,-0.06,-4.5,-5.0,10.9,-776.3,-2692,0.60,-0.072,-0.054,0.00,0,,323,0,2047,776,0.01,31.4,1.00,-0.079
156.40,DOWNWIND,108.91,107.73,31.42,-0.06,-4.5,-5.4,11.0,-776.3,-2695,0.60,-0.072,-0.053,0.00,0,,320,0,2050,776,0.01,31.4,1.00,-0.078
156.50,DOWNWIND,108.90,107.66,31.42,-0.07,-4.5,-5.8,11.1,-776.2,-2698,0.60,-0.072,-0.055,0.00,0,,317,0,2053,776,0.01,31.4,1.00,-0.078
156.60,DOWNWIND,108.90,107.59,31.42,-0.08,-4.5,-6.1,11.2,-776.1,-2701,0.60,-0.072,-0.055,0.00,0,,314,0,2056,776,0.01,31.4,1.00,-0.077
156.70,DOWNWIND,108.89,107.51,31.43,-0.08,-4.5,-6.5,11.3,-776.0,-2704,0.60,-0.072,-0.054,0.00,0,,311,0,2059,776,0.02,31.4,1.00,-0.077
156.80,DOWNWIND,108.88,107.43,31.43,-0.09,-4.5,-6.9,11.5,-775.9,-2707,0.60,-0.072,-0.056,0.00,0,,308,0,2062,776,0.02,31.4,1.00,-0.076
156.90,DOWNWIND,108.87,107.35,31.43,-0.10,-4.5,-7.2,11.6,-775.8,-2710,0.60,-0.072,-0.055,0.00,0,,305,0,2065,776,0.02,31.4,1.00,-0.076
157.00,DOWNWIND,108.86,107.27,31.43,-0.10,-4.4,-7.6,11.8,-775.7,-2714,0.60,-0.071,-0.057,0.00,1,,302,0,2069,776,0.02,31.4,1.00,-0.075
157.10,DOWNWIND,108.85,107.19,31.44,-0.11,-4.4,-7.9,11.9,-775.6,-2717,0.60,-0.071,-0.056,0.00,1,,299,0,2072,776,0.02,31.4,1.00,-0.075
157.20,DOWNWIND,108.84,107.11,31.44,-0.12,-4.4,-8.3,12.1,-775.4,-2720,0.60,-0.071,-0.055,0.00,1,,296,0,2075,775,0.03,31.4,1.00,-0.074
157.30,DOWNWIND,108.83,107.04,31.44,-0.12,-4.4,-8.7,12.3,-775.3,-2723,0.60,-0.070,-0.057,0.00,1,,293,0,2078,775,0.03,31.4,1.00,-0.074
157.40,DOWNWIND,108.81,106.96,31.45,-0.13,-4.4,-9.0,12.5,-775.1,-2726,0.60,-0.070,-0.056,0.00,1,,290,0,2081,775,0.03,31.4,1.00,-0.073
157.50,DOWNWIND,108.80,106.89,31.45,-0.14,-4.4,-9.4,12.7,-774.9,-2729,0.60,-0.070,-0.056,0.00,1,,287,0,2084,775,0.03,31.4,1.00,-0.073
157.60,DOWNWIND,108.79,106.83,31.45,-0.14,-4.3,-9.7,13.0,-774.7,-2732,0.60,-0.069,-0.057,0.00,1,,284,0,2087,775,0.04,31.4,1.00,-0.072
157.70,DOWNWIND,108.77,106.77,31.46,-0.15,-4.3,-10.1,13.2,-774.5,-2735,0.60,-0.070,-0.055,0.00,2,,281,0,2090,775,0.04,31.4,1.00,-0.071
157.80,DOWNWIND,108.76,106.72,31.46,-0.16,-4.3,-10.4,13.3,-774.3,-2738,0.60,-0.069,-0.046,0.00,2,,278,0,2093,774,0.04,31.4,1.00,-0.071
157.90,DOWNWIND,108.74,106.67,31.46,-0.16,-4.3,-10.7,12.9,-774.1,-2741,0.60,-0.068,-0.028,0.00,2,,275,0,2096,774,0.05,31.4,1.00,-0.070
158.00,DOWNWIND,108.73,106.63,31.47,-0.16,-4.3,-11.1,12.6,-773.8,-2744,0.60,-0.067,-0.022,0.00,2,,272,0,2099,774,0.05,31.4,1.00,-0.069
158.10,DOWNWIND,108.71,106.60,31.47,-0.17,-4.3,-11.4,12.4,-773.5,-2747,0.60,-0.065,-0.021,0.00,3,,269,0,2102,774,0.05,31.4,1.00,-0.069
158.20,DOWNWIND,108.69,106.57,31.48,-0.17,-4.3,-11.7,12.2,-773.3,-2750,0.60,-0.065,-0.021,0.00,3,,266,0,2105,773,0.06,31.4,1.00,-0.068
158.30,DOWNWIND,108.68,106.55,31.48,-0.17,-4.3,-12.1,12.1,-772.9,-2753,0.60,-0.065,-0.026,0.00,3,,263,0,2108,773,0.06,31.4,1.00,-0.068
158.40,DOWNWIND,108.66,106.53,31.48,-0.17,-4.3,-12.4,12.0,-772.6,-2756,0.60,-0.064,-0.027,0.00,4,,260,0,2111,773,0.06,31.4,1.00,-0.067
158.50,DOWNWIND,108.64,106.51,31.49,-0.16,-4.3,-12.7,11.9,-772.3,-2759,0.60,-0.064,-0.029,0.00,4,,257,0,2114,772,0.07,31.4,1.00,-0.067
158.60,DOWNWIND,108.63,106.50,31.49,-0.15,-4.3,-13.0,11.8,-771.9,-2762,0.60,-0.063,-0.034,0.00,4,,254,0,2117,772,0.07,31.4,1.00,-0.067
158.70,DOWNWIND,108.61,106.48,31.49,-0.14,-4.2,-13.3,11.7,-771.5,-2765,0.60,-0.063,-0.035,0.00,5,,251,0,2120,772,0.07,31.4,1.00,-0.066
158.80,DOWNWIND,108.60,106.47,31.49,-0.14,-4.2,-13.6,11.6,-771.1,-2768,0.60,-0.064,-0.040,0.00,5,,248,0,2123,771,0.07,31.4,1.00,-0.066
158.90,DOWNWIND,108.58,106.45,31.49,-0.13,-4.2,-13.7,11.5,-770.7,-2771,0.60,-0.063,-0.041,0.00,6,,245,0,2126,771,0.08,31.4,1.00,-0.066
159.00,DOWNWIND,108.57,106.43,31.50,-0.12,-4.2,-13.8,11.3,-770.2,-2774,0.60,-0.063,-0.040,0.00,6,,242,0,2129,770,0.08,31.4,1.00,-0.066
159.10,DOWNWIND,108.56,106.40,31.50,-0.12,-4.2,-13.9,11.1,-769.8,-2777,0.60,-0.064,-0.043,0.00,6,,239,0,2132,770,0.08,31.4,1.00,-0.066
159.20,DOWNWIND,108.55,106.37,31.50,-0.11,-4.2,-14.0,10.9,-769.3,-2780,0.60,-0.064,-0.042,0.00,7,,236,0,2135,769,0.08,31.4,1.00,-0.065
159.30,DOWNWIND,108.54,106.33,31.50,-0.11,-4.2,-14.2,10.7,-768.7,-2782,0.60,-0.065,-0.044,0.00,7,,233,0,2137,769,0.09,31.4,1.00,-0.065
159.40,DOWNWIND,108.52,106.29,31.50,-0.11,-4.2,-14.3,10.4,-768.2,-2785,0.60,-0.065,-0.043,0.00,8,,230,0,2140,768,0.09,31.4,1.00,-0.065
159.50,DOWNWIND,108.51,106.23,31.50,-0.11,-4.2,-14.4,10.1,-767.6,-2788,0.60,-0.065,-0.041,0.00,9,,227,0,2143,768,0.09,31.4,1.00,-0.065
159.60,BASE,108.50,106.18,31.48,-0.13,-4.1,-14.6,9.8,-767.0,-2791,0.05,-0.046,-0.043,0.00,224,,767,0,2146,767,0.09,27.3,0.98,0.044
159.70,BASE,108.49,106.11,31.37,-0.19,-4.1,-14.7,9.6,-766.4,-2794,0.05,0.008,-0.039,0.00,221,,766,0,2149,766,0.10,27.3,0.93,0.035
159.80,BASE,108.47,106.04,31.25,-0.23,-3.9,-14.9,9.3,-765.8,-2797,0.05,0.010,-0.040,0.00,219,,766,0,2152,766,0.10,27.3,0.88,0.027
159.90,BASE,108.44,105.97,31.13,-0.21,-3.6,-15.0,9.2,-765.2,-2800,0.05,-0.027,-0.040,0.00,216,,765,0,2155,765,0.10,27.3,0.83,0.018
160.00,BASE,108.43,105.90,31.01,-0.15,-3.3,-15.1,9.0,-764.5,-2803,0.05,-0.043,-0.041,0.00,213,,764,0,2158,764,0.11,27.3,0.78,0.008
160.10,BASE,108.41,105.84,30.89,-0.09,-3.2,-15.3,8.9,-763.8,-2805,0.05,-0.038,-0.047,0.00,210,,764,0,2160,764,0.11,27.3,0.73,-0.001
160.20,BASE,108.41,105.78,30.78,-0.06,-3.2,-15.3,8.7,-763.1,-2808,0.05,-0.028,-0.045,0.00,207,,763,0,2163,763,0.11,27.3,0.68,-0.010
160.30,BASE,108.40,105.72,30.66,-0.06,-3.3,-15.3,8.6,-762.4,-2811,0.05,-0.023,-0.045,0.00,205,,762,0,2166,762,0.11,27.3,0.63,-0.017
160.40,BASE,108.39,105.66,30.54,-0.07,-3.3,-15.3,8.5,-761.7,-2814,0.05,-0.022,-0.044,0.00,202,,762,0,2169,762,0.11,27.3,0.58,-0.022
160.50,BASE,108.39,105.60,30.42,-0.09,-3.4,-15.3,8.4,-760.9,-2816,0.05,-0.026,-0.045,0.00,199,,761,0,2171,761,0.12,27.3,0.53,-0.026
160.60,BASE,108.38,105.54,30.31,-0.11,-3.4,-15.4,8.3,-760.1,-2819,0.05,-0.026,-0.046,0.00,197,,760,0,2174,760,0.12,27.3,0.50,-0.029
160.70,BASE,108.36,105.47,30.20,-0.15,-3.5,-15.4,8.3,-759.3,-2822,0.05,-0.024,-0.045,0.00,194,,759,0,2177,759,0.12,27.3,0.50,-0.030
160.80,BASE,108.35,105.41,30.09,-0.18,-3.5,-15.5,8.3,-758.5,-2824,0.05,-0.022,-0.048,0.00,191,,759,0,2179,759,0.12,27.3,0.50,-0.030
160.90,BASE,108.33,105.34,29.98,-0.22,-3.6,-15.5,8.3,-757.7,-2827,0.05,-0.021,-0.049,0.00,189,,758,0,2182,758,0.13,27.3,0.50,-0.031
161.00,BASE,108.30,105.26,29.87,-0.26,-3.7,-15.4,8.3,-756.9,-2829,0.05,-0.020,-0.050,0.00,186,,757,0,2184,757,0.13,27.3,0.50,-0.031
161.10,BASE,108.28,105.19,29.77,-0.30,-3.7,-15.3,8.3,-756.0,-2832,0.05,-0.019,-0.049,0.00,184,,756,0,2187,756,0.14,27.3,0.50,-0.030
161.20,BASE,108.25,105.11,29.67,-0.34,-3.8,-15.3,8.3,-755.1,-2835,0.05,-0.018,-0.052,0.00,181,,755,0,2190,755,0.14,27.3,0.50,-0.030
161.30,BASE,108.21,105.02,29.57,-0.37,-3.8,-15.3,8.3,-754.3,-2837,0.08,-0.017,-0.051,0.00,178,,754,0,2192,754,0.15,27.3,0.53,-0.030
161.40,BASE,108.17,104.94,29.48,-0.41,-3.9,-15.3,8.4,-753.3,-2840,0.12,-0.018,-0.054,0.00,176,,753,0,2195,753,0.16,27.3,0.58,-0.030
161.50,BASE,108.13,104.85,29.40,-0.43,-3.9,-15.3,8.4,-752.4,-2842,0.15,-0.019,-0.053,0.00,173,,752,0,2197,752,0.17,27.3,0.63,-0.030
161.60,BASE,108.09,104.76,29.32,-0.46,-3.9,-15.3,8.4,-751.5,-2845,0.18,-0.021,-0.053,0.00,171,,751,0,2200,751,0.18,27.3,0.68,-0.030
161.70,BASE,108.04,104.66,29.26,-0.48,-3.9,-15.3,8.3,-750.5,-2847,0.20,-0.023,-0.056,0.00,169,,751,0,2202,751,0.19,27.3,0.73,-0.030
161.80,BASE,107.99,104.57,29.20,-0.49,-3.9,-15.2,8.3,-749.5,-2849,0.23,-0.023,-0.054,0.00,166,,750,0,2204,750,0.20,27.3,0.78,-0.030
161.90,BASE,107.94,104.48,29.14,-0.50,-3.9,-15.1,8.3,-748.5,-2852,0.25,-0.023,-0.055,0.00,164,,749,0,2207,749,0.20,27.3,0.83,-0.030
162.00,BASE,107.89,104.38,29.10,-0.51,-3.9,-15.0,8.2,-747.5,-2854,0.27,-0.024,-0.053,0.00,161,,748,0,2209,748,0.22,27.3,0.88,-0.030
162.10,BASE,107.84,104.27,29.05,-0.52,-3.9,-14.9,8.2,-746.5,-2856,0.29,-0.025,-0.054,0.00,159,,746,0,2211,746,0.23,27.3,0.93,-0.030
162.20,BASE,107.79,104.15,29.01,-0.52,-3.9,-14.8,8.1,-745.4,-2859,0.30,-0.026,-0.052,0.00,157,,745,0,2214,745,0.24,27.3,0.98,-0.030
162.30,BASE,107.74,104.03,28.97,-0.53,-3.9,-14.8,8.1,-744.4,-2861,0.32,-0.025,-0.053,0.00,154,,744,0,2216,744,0.25,27.3,1.00,-0.029
162.40,BASE,107.68,103.90,28.94,-0.53,-3.8,-14.7,8.0,-743.3,-2863,0.33,-0.024,-0.051,0.00,152,,743,0,2218,743,0.26,27.3,1.00,-0.028
162.50,BASE,107.63,103.76,28.91,-0.53,-3.8,-14.7,7.9,-742.2,-2866,0.34,-0.024,-0.052,0.00,150,,742,0,2221,742,0.27,27.3,1.00,-0.026
162.60,BASE,107.58,103.62,28.88,-0.53,-3.8,-14.6,7.9,-741.1,-2868,0.35,-0.024,-0.049,0.00,148,,741,0,2223,741,0.28,27.3,1.00,-0.025
162.70,BASE,107.52,103.47,28.86,-0.52,-3.7,-14.6,7.8,-739.9,-2870,0.36,-0.024,-0.051,0.00,145,,740,0,2225,740,0.29,27.3,1.00,-0.023
162.80,BASE,107.47,103.33,28.83,-0.51,-3.7,-14.5,7.8,-738.8,-2872,0.37,-0.024,-0.048,0.00,143,,739,0,2227,739,0.30,27.3,1.00,-0.021
162.90,BASE,107.42,103.18,28.81,-0.50,-3.6,-14.5,7.8,-737.6,-2875,0.38,-0.024,-0.050,0.00,141,,738,0,2230,738,0.31,27.3,1.00,-0.020
163.00,BASE,107.37,103.03,28.79,-0.49,-3.6,-14.4,7.7,-736.4,-2877,0.39,-0.024,-0.048,0.00,139,,736,0,2232,736,0.32,27.3,1.00,-0.019
163.10,BASE,107.32,102.89,28.77,-0.47,-3.5,-14.4,7.7,-735.2,-2879,0.39,-0.024,-0.050,0.00,136,,735,0,2234,735,0.33,27.3,1.00,-0.017
163.20,BASE,107.28,102.74,28.75,-0.45,-3.5,-14.2,7.7,-733.9,-2881,0.40,-0.023,-0.048,0.00,134,,734,0,2236,734,0.34,27.3,1.00,-0.016
163.30,BASE,107.23,102.60,28.73,-0.42,-3.4,-14.1,7.7,-732.7,-2883,0.41,-0.023,-0.048,0.00,132,,733,0,2238,733,0.35,27.3,1.00,-0.015
163.40,BASE,107.19,102.46,28.71,-0.40,-3.4,-14.0,7.7,-731.4,-2885,0.41,-0.023,-0.047,0.00,130,,731,0,2240,731,0.36,27.3,1.00,-0.014
163.50,BASE,107.15,102.33,28.70,-0.37,-3.3,-13.9,7.8,-730.1,-2888,0.42,-0.023,-0.048,0.00,128,,730,0,2243,730,0.36,27.3,1.00,-0.013
163.60,BASE,107.12,102.20,28.68,-0.34,-3.2,-13.8,7.8,-728.8,-2890,0.42,-0.023,-0.046,0.00,126,,729,0,2245,729,0.37,27.3,1.00,-0.012
163.70,BASE,107.08,102.07,28.66,-0.30,-3.2,-13.7,7.9,-727.5,-2892,0.43,-0.023,-0.048,0.00,124,,728,0,2247,728,0.38,27.3,1.00,-0.012
163.80,BASE,107.06,101.95,28.64,-0.27,-3.1,-13.6,7.9,-726.2,-2894,0.43,-0.024,-0.046,0.00,122,,726,0,2249,726,0.38,27.3,1.00,-0.011
163.90,BASE,107.03,101.84,28.62,-0.24,-3.1,-13.6,8.0,-724.8,-2896,0.43,-0.024,-0.047,0.00,120,,725,0,2251,725,0.39,27.3,1.00,-0.011
164.00,BASE,107.01,101.74,28.61,-0.20,-3.0,-13.5,8.0,-723.5,-2898,0.44,-0.025,-0.045,0.00,118,,723,0,2253,723,0.39,27.3,1.00,-0.011
164.10,BASE,106.99,101.65,28.59,-0.17,-3.0,-13.4,8.0,-722.1,-2900,0.44,-0.025,-0.047,0.00,116,,722,0,2255,722,0.40,27.3,1.00,-0.011
164.20,BASE,106.97,101.56,28.57,-0.13,-2.9,-13.3,8.1,-720.7,-2902,0.45,-0.026,-0.045,0.00,114,,721,0,2257,721,0.40,27.3,1.00,-0.011
164.30,BASE,106.96,101.48,28.55,-0.10,-2.9,-13.3,8.1,-719.3,-2904,0.45,-0.026,-0.046,0.00,112,,719,0,2259,719,0.40,27.3,1.00,-0.011
164.40,BASE,106.95,101.41,28.53,-0.07,-2.8,-13.2,8.1,-717.8,-2906,0.45,-0.027,-0.044,0.00,110,,718,0,2261,718,0.40,27.3,1.00,-0.011
164.50,BASE,106.95,101.34,28.52,-0.04,-2.8,-13.1,8.1,-716.4,-2908,0.46,-0.027,-0.045,0.00,108,,716,0,2263,716,0.40,27.3,1.00,-0.011
164.60,BASE,106.94,101.29,28.50,-0.01,-2.7,-13.0,8.1,-714.9,-2909,0.46,-0.028,-0.043,0.00,106,,715,0,2264,715,0.40,27.3,1.00,-0.011
164.70,BASE,106.94,101.23,28.48,0.02,-2.7,-12.9,8.1,-713.5,-2911,0.46,-0.029,-0.044,0.00,104,,713,0,2266,713,0.40,27.3,1.00,-0.012
164.80,BASE,106.95,101.19,28.46,0.05,-2.6,-12.9,8.0,-712.0,-2913,0.47,-0.029,-0.042,0.00,102,,712,0,2268,712,0.40,27.3,1.00,-0.012
164.90,BASE,106.95,101.15,28.44,0.07,-2.6,-12.8,8.0,-710.5,-2915,0.47,-0.030,-0.042,0.00,101,,710,0,2270,710,0.40,27.3,1.00,-0.012
165.00,BASE,106.96,101.11,28.43,0.09,-2.6,-12.7,8.0,-709.0,-2917,0.47,-0.030,-0.042,0.00,99,,709,0,2272,709,0.40,27.3,1.00,-0.013
165.10,BASE,106.97,101.08,28.41,0.11,-2.5,-12.5,8.0,-707.5,-2919,0.48,-0.030,-0.042,0.00,97,,707,0,2274,707,0.40,27.3,1.00,-0.013
165.20,BASE,106.98,101.06,28.39,0.14,-2.5,-12.3,7.9,-705.9,-2920,0.48,-0.030,-0.041,0.00,95,,706,0,2275,706,0.40,27.3,1.00,-0.013
165.30,BASE,107.00,101.04,28.37,0.16,-2.5,-12.2,7.9,-704.4,-2922,0.48,-0.031,-0.040,0.00,93,,704,0,2277,704,0.39,27.3,1.00,-0.014
165.40,BASE,107.01,101.03,28.35,0.17,-2.4,-12.1,7.9,-702.8,-2924,0.48,-0.032,-0.040,0.00,92,,703,0,2279,703,0.39,27.3,1.00,-0.014
165.50,BASE,107.03,101.03,28.34,0.19,-2.4,-12.0,7.8,-701.3,-2926,0.49,-0.032,-0.038,0.00,90,,701,0,2281,701,0.39,27.3,1.00,-0.015
165.60,BASE,107.05,101.03,28.32,0.21,-2.4,-11.9,7.8,-699.7,-2927,0.49,-0.033,-0.039,0.00,88,,700,0,2282,700,0.38,27.3,1.00,-0.015
165.70,BASE,107.07,101.03,28.30,0.22,-2.4,-11.8,7.8,-698.1,-2929,0.49,-0.033,-0.037,0.00,86,,698,0,2284,698,0.38,27.3,1.00,-0.016
165.80,BASE,107.09,101.04,28.29,0.24,-2.3,-11.8,7.7,-696.5,-2931,0.49,-0.033,-0.038,0.00,85,,696,0,2286,696,0.37,27.3,1.00,-0.016
165.90,BASE,107.12,101.05,28.27,0.25,-2.3,-11.7,7.7,-694.9,-2932,0.49,-0.034,-0.036,0.00,83,,695,0,2287,695,0.37,27.3,1.00,-0.017
166.00,BASE,107.14,101.07,28.25,0.26,-2.3,-11.6,7.6,-693.2,-2934,0.50,-0.034,-0.037,0.00,81,,693,0,2289,693,0.36,27.3,1.00,-0.017
166.10,BASE,107.17,101.09,28.24,0.27,-2.3,-11.5,7.6,-691.6,-2936,0.50,-0.034,-0.035,0.00,80,,692,0,2291,692,0.36,27.3,1.00,-0.018
166.20,BASE,107.20,101.11,28.22,0.28,-2.3,-11.5,7.5,-689.9,-2937,0.50,-0.034,-0.036,0.00,78,,690,0,2292,690,0.35,27.3,1.00,-0.018
166.30,BASE,107.23,101.14,28.21,0.29,-2.3,-11.4,7.5,-688.3,-2939,0.50,-0.035,-0.034,0.00,77,,688,0,2294,688,0.35,27.3,1.00,-0.018
166.40,BASE,107.26,101.16,28.19,0.30,-2.3,-11.4,7.4,-686.6,-2940,0.50,-0.035,-0.035,0.00,75,,687,0,2295,687,0.34,27.3,1.00,-0.019
166.50,BASE,107.29,101.19,28.18,0.31,-2.3,-11.4,7.4,-684.9,-2942,0.50,-0.035,-0.033,0.00,74,,685,0,2297,685,0.34,27.3,1.00,-0.019
166.60,BASE,107.32,101.23,28.16,0.31,-2.3,-11.3,7.3,-683.3,-2944,0.51,-0.036,-0.033,0.00,72,,683,0,2299,683,0.33,27.3,1.00,-0.020
166.70,BASE,107.35,101.26,28.15,0.31,-2.3,-11.3,7.2,-681.6,-2945,0.51,-0.036,-0.034,0.00,70,,682,0,2300,682,0.32,27.3,1.00,-0.020
166.80,BASE,107.38,101.30,28.13,0.32,-2.2,-11.2,7.1,-679.9,-2947,0.51,-0.036,-0.032,0.00,69,,680,0,2302,680,0.32,27.3,1.00,-0.021
166.90,BASE,107.41,101.35,28.12,0.32,-2.2,-11.2,7.1,-678.1,-2948,0.51,-0.036,-0.033,0.00,67,,678,0,2303,678,0.31,27.3,1.00,-0.021
167.00,BASE,107.44,101.39,28.10,0.32,-2.2,-11.1,7.0,-676.4,-2950,0.51,-0.036,-0.031,0.00,66,,676,0,2305,676,0.30,27.3,1.00,-0.021
167.10,BASE,107.48,101.44,28.09,0.32,-2.2,-11.1,6.9,-674.7,-2951,0.51,-0.036,-0.032,0.00,65,,675,0,2306,675,0.30,27.3,1.00,-0.022
167.20,BASE,107.51,101.48,28.08,0.32,-2.2,-11.1,6.9,-672.9,-2952,0.51,-0.036,-0.030,0.00,63,,673,0,2307,673,0.29,27.3,1.00,-0.022
167.30,BASE,107.54,101.53,28.07,0.32,-2.2,-11.0,6.8,-671.2,-2954,0.51,-0.036,-0.031,0.00,62,,671,0,2309,671,0.29,27.3,1.00,-0.022
167.40,BASE,107.57,101.57,28.05,0.32,-2.2,-11.0,6.7,-669.4,-2955,0.51,-0.037,-0.031,0.00,60,,669,0,2310,669,0.28,27.3,1.00,-0.022
167.50,BASE,107.61,101.62,28.04,0.32,-2.2,-10.9,6.7,-667.7,-2957,0.51,-0.036,-0.031,0.00,59,,668,0,2312,668,0.27,27.3,1.00,-0.023
167.60,BASE,107.64,101.66,28.03,0.32,-2.3,-10.8,6.6,-665.9,-2958,0.51,-0.036,-0.029,0.00,58,,666,0,2313,666,0.27,27.3,1.00,-0.023
167.70,BASE,107.67,101.70,28.02,0.32,-2.3,-10.7,6.5,-664.1,-2959,0.52,-0.036,-0.030,0.00,56,,664,0,2314,664,0.26,27.3,1.00,-0.023
167.80,BASE,107.70,101.74,28.01,0.32,-2.3,-10.6,6.5,-662.3,-2961,0.52,-0.036,-0.030,0.00,55,,662,0,2316,662,0.25,27.3,1.00,-0.024
167.90,BASE,107.73,101.78,28.00,0.32,-2.3,-10.5,6.5,-660.5,-2962,0.52,-0.037,-0.029,0.00,54,,661,0,2317,661,0.25,27.3,1.00,-0.024
168.00,BASE,107.77,101.82,27.99,0.32,-2.3,-10.5,6.4,-658.7,-2963,0.52,-0.037,-0.029,0.00,52,,659,0,2318,659,0.24,27.3,1.00,-0.024
168.10,BASE,107.80,101.85,27.98,0.32,-2.3,-10.4,6.3,-656.9,-2965,0.52,-0.037,-0.028,0.00,51,,657,0,2320,657,0.23,27.3,1.00,-0.025
168.20,BASE,107.83,101.88,27.96,0.32,-2.3,-10.4,6.3,-655.1,-2966,0.52,-0.037,-0.029,0.00,50,,655,0,2321,655,0.23,27.3,1.00,-0.025
168.30,BASE,107.86,101.91,27.95,0.32,-2.3,-10.3,6.2,-653.3,-2967,0.52,-0.037,-0.027,0.00,48,,653,0,2322,653,0.22,27.3,1.00,-0.025
168.40,BASE,107.89,101.94,27.94,0.32,-2.3,-10.3,6.2,-651.5,-2968,0.52,-0.037,-0.028,0.00,47,,651,0,2323,651,0.21,27.3,1.00,-0.026
168.50,BASE,107.92,101.96,27.93,0.32,-2.3,-10.3,6.1,-649.6,-2970,0.52,-0.037,-0.026,0.00,46,,650,0,2325,650,0.21,27.3,1.00,-0.026
168.60,BASE,107.96,101.98,27.92,0.31,-2.3,-10.2,6.0,-647.8,-2971,0.52,-0.037,-0.027,0.00,45,,648,0,2326,648,0.20,27.3,1.00,-0.026
168.70,BASE,107.99,102.00,27.91,0.31,-2.3,-10.2,5.9,-645.9,-2972,0.52,-0.037,-0.027,0.00,44,,646,0,2327,646,0.20,27.3,1.00,-0.026
168.80,BASE,108.02,102.01,27.90,0.31,-2.3,-10.2,5.8,-644.1,-2973,0.52,-0.037,-0.025,0.00,42,,644,0,2328,644,0.19,27.3,1.00,-0.027
168.90,BASE,108.05,102.02,27.90,0.30,-2.3,-10.1,5.8,-642.2,-2974,0.52,-0.037,-0.026,0.00,41,,642,0,2329,642,0.18,27.3,1.00,-0.027
169.00,BASE,108.08,102.03,27.89,0.30,-2.3,-10.1,5.7,-640.3,-2975,0.52,-0.038,-0.024,0.00,40,,640,0,2330,640,0.18,27.3,1.00,-0.027
169.10,BASE,108.11,102.04,27.88,0.30,-2.3,-10.1,5.6,-638.4,-2976,0.52,-0.037,-0.025,0.00,39,,638,0,2331,638,0.17,27.3,1.00,-0.027
169.20,BASE,108.14,102.04,27.87,0.29,-2.4,-10.1,5.5,-636.6,-2978,0.52,-0.038,-0.023,0.00,38,,637,0,2333,637,0.17,27.3,1.00,-0.028
169.30,BASE,108.17,102.04,27.86,0.29,-2.4,-10.0,5.4,-634.7,-2979,0.52,-0.037,-0.024,0.00,37,,635,0,2334,635,0.16,27.3,1.00,-0.028
169.40,BASE,108.20,102.04,27.85,0.28,-2.4,-10.0,5.3,-632.8,-2980,0.52,-0.037,-0.024,0.00,36,,633,0,2335,633,0.15,27.3,1.00,-0.028
169.50,BASE,108.22,102.03,27.84,0.28,-2.4,-10.0,5.2,-630.9,-2981,0.52,-0.037,-0.023,0.00,35,,631,0,2336,631,0.15,27.3,1.00,-0.028
169.60,BASE,108.25,102.02,27.84,0.27,-2.4,-10.0,5.1,-629.0,-2982,0.52,-0.037,-0.023,0.00,34,,629,0,2337,629,0.14,27.3,1.00,-0.028
169.70,BASE,108.28,102.01,27.83,0.27,-2.4,-10.0,4.9,-627.1,-2983,0.52,-0.037,-0.021,0.00,33,,627,0,2338,627,0.14,27.3,1.00,-0.028
169.80,BASE,108.31,102.00,27.82,0.26,-2.4,-10.0,4.9,-625.1,-2984,0.52,-0.037,-0.022,0.00,32,,625,0,2339,625,0.13,27.3,1.00,-0.029
169.90,BASE,108.33,101.99,27.82,0.26,-2.4,-9.9,4.8,-623.2,-2985,0.52,-0.037,-0.020,0.00,31,,623,0,2340,623,0.13,27.3,1.00,-0.029
170.00,BASE,108.36,101.97,27.81,0.25,-2.4,-9.9,4.7,-621.3,-2986,0.52,-0.037,-0.021,0.00,30,,621,0,2341,621,0.12,27.3,1.00,-0.029
170.10,BASE,108.38,101.95,27.80,0.25,-2.4,-9.9,4.6,-619.3,-2987,0.52,-0.037,-0.020,0.00,29,,619,0,2342,619,0.12,27.3,1.00,-0.029
170.20,BASE,108.41,101.92,27.79,0.24,-2.4,-9.9,4.5,-617.4,-2988,0.52,-0.037,-0.020,0.00,28,,617,0,2343,617,0.11,27.3,1.00,-0.029
170.30,BASE,108.43,101.89,27.79,0.24,-2.4,-9.9,4.4,-615.5,-2989,0.52,-0.037,-0.021,0.00,27,,615,0,2344,615,0.11,27.3,1.00,-0.029
170.40,BASE,108.45,101.86,27.78,0.23,-2.4,-9.9,4.3,-613.5,-2990,0.52,-0.037,-0.019,0.00,26,,614,0,2345,614,0.10,27.3,1.00,-0.029
170.50,BASE,108.48,101.82,27.78,0.23,-2.5,-9.9,4.3,-611.6,-2990,0.52,-0.037,-0.020,0.00,25,,612,0,2345,612,0.10,27.3,1.00,-0.029
170.60,BASE,108.50,101.78,27.77,0.23,-2.5,-9.8,4.2,-609.6,-2991,0.52,-0.037,-0.018,0.00,24,,610,0,2346,610,0.09,27.3,1.00,-0.030
170.70,BASE,108.52,101.74,27.76,0.22,-2.5,-9.9,4.1,-607.6,-2992,0.52,-0.037,-0.019,0.00,23,,608,0,2347,608,0.09,27.3,1.00,-0.030
170.80,BASE,108.55,101.69,27.76,0.22,-2.5,-9.8,4.0,-605.7,-2993,0.52,-0.037,-0.018,0.00,23,,606,0,2348,606,0.08,27.3,1.00,-0.030
170.90,BASE,108.57,101.64,27.75,0.22,-2.5,-9.8,4.0,-603.7,-2994,0.52,-0.036,-0.018,0.00,22,,604,0,2349,604,0.08,27.3,1.00,-0.030
171.00,BASE,108.59,101.59,27.75,0.21,-2.5,-9.8,3.9,-601.7,-2995,0.52,-0.037,-0.019,0.00,21,,602,0,2350,602,0.08,27.3,1.00,-0.030
171.10,BASE,108.61,101.54,27.74,0.21,-2.5,-9.8,3.8,-599.7,-2995,0.52,-0.037,-0.017,0.00,20,,600,0,2350,600,0.07,27.3,1.00,-0.030
171.20,BASE,108.63,101.48,27.73,0.21,-2.5,-9.8,3.7,-597.8,-2996,0.52,-0.037,-0.018,0.00,19,,598,0,2351,598,0.07,27.3,1.00,-0.031
171.30,BASE,108.65,101.43,27.73,0.21,-2.5,-9.7,3.7,-595.8,-2997,0.52,-0.037,-0.016,0.00,19,,596,0,2352,596,0.06,27.3,1.00,-0.031
171.40,BASE,108.67,101.38,27.72,0.20,-2.5,-9.7,3.6,-593.8,-2998,0.52,-0.036,-0.017,0.00,18,,594,0,2353,594,0.06,27.3,1.00,-0.031
171.50,BASE,108.69,101.32,27.72,0.20,-2.5,-9.7,3.5,-591.8,-2998,0.52,-0.037,-0.016,0.00,17,,592,0,2353,592,0.06,27.3,1.00,-0.031
171.60,BASE,108.71,101.27,27.71,0.20,-2.5,-9.7,3.4,-589.8,-2999,0.52,-0.037,-0.016,0.00,16,,590,0,2354,590,0.05,27.3,1.00,-0.031
171.70,BASE,108.73,101.22,27.71,0.19,-2.5,-9.7,3.4,-587.8,-3000,0.52,-0.037,-0.017,0.00,16,,588,0,2355,588,0.05,27.3,1.00,-0.031
171.80,BASE,108.75,101.16,27.70,0.19,-2.5,-9.7,3.3,-585.8,-3001,0.52,-0.037,-0.015,0.00,15,,586,0,2356,586,0.04,27.3,1.00,-0.032
171.90,BASE,108.77,101.11,27.70,0.19,-2.5,-9.6,3.2,-583.8,-3001,0.52,-0.037,-0.017,0.00,14,,584,0,2356,584,0.04,27.3,1.00,-0.032
172.00,BASE,108.79,101.06,27.69,0.19,-2.5,-9.5,3.1,-581.7,-3002,0.52,-0.036,-0.015,0.00,14,,582,0,2357,582,0.04,27.3,1.00,-0.032
172.10,BASE,108.81,101.01,27.69,0.19,-2.6,-9.4,3.1,-579.7,-3002,0.52,-0.036,-0.015,0.00,13,,580,0,2357,580,0.03,27.3,1.00,-0.032
172.20,BASE,108.83,100.97,27.68,0.18,-2.6,-9.3,3.0,-577.7,-3003,0.52,-0.037,-0.013,0.00,12,,578,0,2358,578,0.03,27.3,1.00,-0.032
172.30,BASE,108.84,100.92,27.68,0.18,-2.6,-9.3,2.9,-575.7,-3004,0.52,-0.037,-0.014,0.00,12,,576,0,2359,576,0.02,27.3,1.00,-0.032
172.40,BASE,108.86,100.88,27.67,0.18,-2.6,-9.2,2.8,-573.6,-3004,0.52,-0.037,-0.013,0.00,11,,574,0,2359,574,0.02,27.3,1.00,-0.033
172.50,BASE,108.88,100.84,27.67,0.18,-2.6,-9.2,2.8,-571.6,-3005,0.52,-0.037,-0.013,0.00,11,,572,0,2360,572,0.02,27.3,1.00,-0.033
172.60,BASE,108.90,100.80,27.66,0.18,-2.6,-9.1,2.7,-569.6,-3005,0.52,-0.037,-0.013,0.00,10,,570,0,2360,570,0.01,27.3,1.00,-0.033
172.70,BASE,108.92,100.76,27.66,0.18,-2.6,-9.1,2.6,-567.5,-3006,0.52,-0.037,-0.012,0.00,10,,568,0,2361,568,0.01,27.3,1.00,-0.033
172.80,BASE,108.94,100.73,27.65,0.18,-2.6,-9.0,2.5,-565.5,-3006,0.52,-0.037,-0.012,0.00,9,,566,0,2361,566,0.01,27.3,1.00,-0.034
172.90,BASE,108.95,100.70,27.65,0.18,-2.6,-8.9,2.4,-563.5,-3007,0.52,-0.037,-0.012,0.00,9,,563,0,2362,563,0.00,27.3,1.00,-0.034
173.00,BASE,108.97,100.67,27.64,0.18,-2.6,-8.9,2.4,-561.4,-3007,0.52,-0.037,-0.011,0.00,8,,561,0,2362,561,-0.00,27.3,1.00,-0.034
173.10,BASE,108.99,100.64,27.64,0.18,-2.6,-8.8,2.3,-559.4,-3008,0.51,-0.037,-0.011,0.00,8,,559,0,2363,559,-0.00,27.3,1.00,-0.034
173.20,BASE,109.01,100.62,27.63,0.18,-2.6,-8.7,2.2,-557.3,-3008,0.51,-0.037,-0.010,0.00,7,,557,0,2363,557,-0.01,27.3,1.00,-0.035
173.30,BASE,109.02,100.59,27.63,0.17,-2.6,-8.6,2.1,-555.3,-3009,0.51,-0.037,-0.010,0.00,7,,555,0,2364,555,-0.01,27.3,1.00,-0.035
173.40,BASE,109.04,100.57,27.62,0.17,-2.6,-8.5,2.0,-553.2,-3009,0.51,-0.038,-0.009,0.00,6,,553,0,2364,553,-0.01,27.3,1.00,-0.035
173.50,BASE,109.06,100.56,27.62,0.17,-2.6,-8.4,1.9,-551.2,-3010,0.51,-0.038,-0.009,0.00,6,,551,0,2365,551,-0.02,27.3,1.00,-0.035
173.60,BASE,109.08,100.54,27.61,0.17,-2.6,-8.3,1.8,-549.1,-3010,0.51,-0.038,-0.009,0.00,5,,549,0,2365,549,-0.02,27.3,1.00,-0.036
173.70,BASE,109.09,100.53,27.61,0.17,-2.7,-8.2,1.7,-547.1,-3010,0.51,-0.038,-0.008,0.00,5,,547,0,2365,547,-0.03,27.3,1.00,-0.036
173.80,BASE,109.11,100.52,27.61,0.17,-2.7,-8.1,1.6,-545.0,-3011,0.51,-0.038,-0.008,0.00,5,,545,0,2366,545,-0.03,27.3,1.00,-0.036
173.90,BASE,109.13,100.51,27.60,0.17,-2.7,-8.0,1.5,-542.9,-3011,0.51,-0.038,-0.007,0.00,4,,543,0,2366,543,-0.03,27.3,1.00,-0.037
174.00,BASE,109.14,100.51,27.60,0.17,-2.7,-7.8,1.4,-540.9,-3012,0.51,-0.036,-0.007,0.00,4,,541,0,2367,541,-0.04,27.3,1.00,-0.037
174.10,BASE,109.16,100.51,27.59,0.16,-2.7,-7.7,1.3,-538.8,-3012,0.51,-0.035,-0.006,0.00,4,,539,0,2367,539,-0.04,27.3,1.00,-0.037
174.20,BASE,109.18,100.51,27.59,0.16,-2.7,-7.6,1.2,-536.7,-3012,0.51,-0.035,-0.006,0.00,3,,537,0,2367,537,-0.04,27.3,1.00,-0.037
174.30,BASE,109.19,100.51,27.58,0.15,-2.7,-7.4,1.0,-534.7,-3012,0.51,-0.036,-0.006,0.00,3,,535,0,2367,535,-0.04,27.3,1.00,-0.037
174.40,BASE,109.21,100.51,27.58,0.15,-2.8,-7.3,0.9,-532.6,-3013,0.51,-0.036,-0.005,0.00,3,,533,0,2368,533,-0.05,27.3,1.00,-0.037
174.50,BASE,109.22,100.52,27.58,0.14,-2.8,-7.1,0.8,-530.5,-3013,0.51,-0.036,-0.005,0.00,2,,531,0,2368,531,-0.05,27.3,1.00,-0.037
174.60,BASE,109.24,100.52,27.57,0.14,-2.8,-7.0,0.7,-528.5,-3013,0.51,-0.036,-0.005,0.00,2,,528,0,2368,528,-0.05,27.3,1.00,-0.038
174.70,BASE,109.25,100.53,27.57,0.14,-2.8,-6.8,0.5,-526.4,-3014,0.51,-0.036,-0.004,0.00,2,,526,0,2369,526,-0.06,27.3,1.00,-0.038
174.80,BASE,109.26,100.55,27.57,0.14,-2.8,-6.6,0.4,-524.3,-3014,0.51,-0.036,-0.004,0.00,2,,524,0,2369,524,-0.06,27.3,1.00,-0.038
174.90,BASE,109.28,100.56,27.56,0.13,-2.8,-6.5,0.3,-522.3,-3014,0.51,-0.036,-0.004,0.00,1,,522,0,2369,522,-0.06,27.3,1.00,-0.038
175.00,BASE,109.29,100.58,27.56,0.13,-2.8,-6.3,0.1,-520.2,-3014,0.51,-0.036,-0.003,0.00,1,,520,0,2369,520,-0.06,27.3,1.00,-0.038
175.10,BASE,109.30,100.60,27.56,0.13,-2.8,-6.1,-0.0,-518.1,-3014,0.51,-0.036,-0.003,0.00,1,,518,0,2369,518,-0.07,27.3,1.00,-0.038
175.20,BASE,109.32,100.62,27.56,0.13,-2.8,-6.0,-0.2,-516.1,-3015,0.51,-0.036,-0.003,0.00,1,,516,0,2370,516,-0.07,27.3,1.00,-0.038
175.30,BASE,109.33,100.64,27.55,0.12,-2.8,-5.8,-0.4,-514.0,-3015,0.51,-0.036,-0.002,0.00,1,,514,0,2370,514,-0.07,27.3,1.00,-0.039
175.40,BASE,109.34,100.67,27.55,0.12,-2.8,-5.6,-0.5,-511.9,-3015,0.51,-0.036,-0.002,0.00,0,,512,0,2370,512,-0.07,27.3,1.00,-0.039
175.50,BASE,109.35,100.69,27.55,0.12,-2.9,-5.5,-0.7,-509.8,-3015,0.51,-0.036,-0.001,0.00,0,,510,0,2370,510,-0.08,27.3,1.00,-0.039
175.60,BASE,109.37,100.71,27.54,0.12,-2.9,-5.3,-0.9,-507.8,-3015,0.51,-0.036,-0.001,0.00,0,,508,0,2370,508,-0.08,27.3,1.00,-0.039
175.70,BASE,109.38,100.74,27.54,0.12,-2.9,-5.1,-1.1,-505.7,-3016,0.51,-0.036,-0.001,0.00,0,,506,0,2371,506,-0.08,27.3,1.00,-0.039
175.80,BASE,109.39,100.76,27.54,0.12,-2.9,-4.9,-1.3,-503.6,-3016,0.51,-0.036,-0.000,0.00,0,,504,0,2371,504,-0.08,27.3,1.00,-0.039
175.90,BASE,109.40,100.79,27.53,0.12,-2.9,-4.8,-1.5,-501.5,-3016,0.51,-0.036,0.000,0.00,0,,502,0,2371,502,-0.09,27.3,1.00,-0.039
176.00,BASE,109.41,100.81,27.53,0.11,-2.9,-4.6,-1.8,-499.5,-3016,0.51,-0.036,0.001,0.00,0,,499,0,2371,499,-0.09,27.3,1.00,-0.040
176.10,BASE,109.42,100.84,27.53,0.11,-2.9,-4.4,-2.0,-497.4,-3016,0.51,-0.036,0.001,0.00,0,,497,0,2371,497,-0.09,27.3,1.00,-0.040
176.20,BASE,109.44,100.87,27.53,0.11,-2.9,-4.3,-2.0,-495.3,-3016,0.51,-0.036,-0.009,0.00,1,,495,0,2371,495,-0.09,27.3,1.00,-0.040
176.30,BASE,109.45,100.89,27.52,0.11,-2.9,-4.1,-1.8,-493.3,-3016,0.51,-0.037,-0.019,0.00,1,,493,0,2371,493,-0.10,27.3,1.00,-0.040
176.40,BASE,109.46,100.92,27.52,0.11,-2.9,-3.9,-1.7,-491.2,-3016,0.51,-0.037,-0.022,0.00,1,,491,0,2371,491,-0.10,27.3,1.00,-0.040
176.50,BASE,109.47,100.95,27.52,0.10,-2.9,-3.8,-1.6,-489.1,-3016,0.51,-0.037,-0.022,0.00,1,,489,0,2371,489,-0.10,27.3,1.00,-0.040
176.60,BASE,109.48,100.98,27.52,0.10,-2.9,-3.6,-1.5,-487.0,-3016,0.51,-0.037,-0.021,0.00,1,,487,0,2371,487,-0.10,27.3,1.00,-0.041
176.70,BASE,109.49,101.01,27.51,0.10,-2.9,-3.4,-1.5,-485.0,-3017,0.50,-0.037,-0.019,0.00,1,,485,0,2372,485,-0.10,27.3,1.00,-0.041
176.80,BASE,109.50,101.04,27.51,0.10,-2.9,-3.2,-1.4,-482.9,-3017,0.50,-0.037,-0.017,0.00,1,,483,0,2372,483,-0.11,27.3,1.00,-0.041
176.90,BASE,109.51,101.07,27.51,0.09,-2.9,-3.1,-1.4,-480.8,-3017,0.50,-0.037,-0.015,0.00,1,,481,0,2372,481,-0.11,27.3,1.00,-0.041
177.00,BASE,109.52,101.10,27.51,0.09,-2.9,-2.9,-1.4,-478.7,-3017,0.50,-0.037,-0.013,0.00,1,,479,0,2372,479,-0.11,27.3,1.00,-0.041
177.10,BASE,109.53,101.13,27.50,0.09,-2.9,-2.8,-1.3,-476.7,-3017,0.50,-0.037,-0.011,0.00,1,,477,0,2372,477,-0.11,27.3,1.00,-0.041
177.20,BASE,109.53,101.17,27.50,0.08,-2.9,-2.6,-1.3,-474.6,-3017,0.50,-0.037,-0.009,0.00,1,,475,0,2372,475,-0.11,27.3,1.00,-0.041
177.30,BASE,109.54,101.21,27.50,0.08,-2.9,-2.5,-1.3,-472.5,-3017,0.50,-0.037,-0.008,0.00,1,,473,0,2372,473,-0.11,27.3,1.00,-0.041
177.40,BASE,109.55,101.25,27.50,0.08,-2.9,-2.3,-1.2,-470.5,-3017,0.50,-0.037,-0.007,0.00,1,,470,0,2372,470,-0.12,27.3,1.00,-0.041
177.50,BASE,109.56,101.29,27.50,0.08,-2.9,-2.2,-1.1,-468.4,-3017,0.50,-0.037,-0.006,0.00,1,,468,0,2372,468,-0.12,27.3,1.00,-0.041
177.60,BASE,109.57,101.34,27.49,0.07,-2.9,-2.1,-1.0,-466.3,-3017,0.50,-0.036,-0.005,0.00,1,,466,0,2372,466,-0.12,27.3,1.00,-0.041
177.70,BASE,109.57,101.38,27.49,0.07,-2.9,-2.0,-0.9,-464.2,-3017,0.50,-0.036,-0.004,0.00,1,,464,0,2372,464,-0.12,27.3,1.00,-0.041
177.80,BASE,109.58,101.43,27.49,0.07,-2.9,-1.9,-0.8,-462.2,-3017,0.50,-0.036,-0.004,0.00,1,,462,0,2372,462,-0.12,27.3,1.00,-0.042
177.90,BASE,109.59,101.48,27.49,0.07,-3.0,-1.8,-0.7,-460.1,-3017,0.50,-0.036,-0.004,0.00,1,,460,0,2372,460,-0.12,27.3,1.00,-0.042
178.00,BASE,109.59,101.54,27.49,0.07,-3.0,-1.7,-0.5,-458.0,-3017,0.50,-0.036,-0.004,0.00,1,,458,0,2372,458,-0.13,27.3,1.00,-0.042
178.10,BASE,109.60,101.59,27.48,0.06,-3.0,-1.6,-0.4,-456.0,-3017,0.50,-0.036,-0.003,0.00,1,,456,0,2372,456,-0.13,27.3,1.00,-0.042
178.20,BASE,109.61,101.65,27.48,0.06,-3.0,-1.6,-0.3,-453.9,-3017,0.50,-0.036,-0.004,0.00,1,,454,0,2372,454,-0.13,27.3,1.00,-0.042
178.30,BASE,109.61,101.70,27.48,0.06,-3.0,-1.5,-0.1,-451.8,-3017,0.50,-0.036,-0.003,0.00,1,,452,0,2372,452,-0.13,27.3,1.00,-0.042
178.40,BASE,109.62,101.76,27.48,0.06,-3.0,-1.4,0.0,-449.7,-3017,0.50,-0.036,-0.003,0.00,1,,450,0,2372,450,-0.13,27.3,1.00,-0.042
178.50,BASE,109.62,101.82,27.48,0.06,-3.0,-1.3,0.2,-447.7,-3017,0.50,-0.036,-0.003,0.00,1,,448,0,2372,448,-0.13,27.3,1.00,-0.042
178.60,BASE,109.63,101.88,27.48,0.06,-3.0,-1.2,0.3,-445.6,-3017,0.50,-0.036,-0.003,0.00,1,,446,0,2372,446,-0.13,27.3,1.00,-0.042
178.70,BASE,109.64,101.94,27.47,0.06,-3.0,-1.2,0.4,-443.5,-3017,0.50,-0.036,-0.003,0.00,1,,444,0,2372,444,-0.13,27.3,1.00,-0.042
178.80,BASE,109.64,102.00,27.47,0.05,-3.0,-1.1,0.5,-441.5,-3017,0.50,-0.036,-0.003,0.00,1,,441,0,2372,441,-0.13,27.3,1.00,-0.042
178.90,BASE,109.65,102.06,27.47,0.05,-3.0,-1.0,0.6,-439.4,-3017,0.50,-0.036,-0.003,0.00,1,,439,0,2372,439,-0.14,27.3,1.00,-0.043
179.00,BASE,109.65,102.12,27.47,0.05,-3.0,-0.9,0.6,-437.3,-3017,0.50,-0.036,-0.003,0.00,1,,437,0,2372,437,-0.14,27.3,1.00,-0.043
179.10,BASE,109.66,102.18,27.47,0.05,-3.0,-0.8,0.7,-435.3,-3017,0.50,-0.036,-0.002,0.00,1,,435,0,2372,435,-0.14,27.3,1.00,-0.043
179.20,BASE,109.66,102.24,27.47,0.05,-3.0,-0.8,0.7,-433.2,-3017,0.50,-0.036,-0.002,0.00,1,,433,0,2372,433,-0.14,27.3,1.00,-0.043
179.30,BASE,109.67,102.30,27.46,0.05,-3.0,-0.7,0.8,-431.1,-3017,0.50,-0.036,-0.001,0.00,1,,431,0,2372,431,-0.14,27.3,1.00,-0.043
179.40,BASE,109.67,102.36,27.46,0.04,-3.0,-0.6,0.8,-429.1,-3017,0.50,-0.036,-0.001,0.00,1,,429,0,2372,429,-0.14,27.3,1.00,-0.043
179.50,BASE,109.68,102.42,27.46,0.04,-3.0,-0.5,0.8,-427.0,-3017,0.50,-0.036,-0.000,0.00,1,,427,0,2372,427,-0.14,27.3,1.00,-0.043
179.60,BASE,109.68,102.48,27.46,0.04,-3.0,-0.5,0.8,-424.9,-3017,0.50,-0.036,0.000,0.00,1,,425,0,2372,425,-0.14,27.3,1.00,-0.043
179.70,BASE,109.68,102.54,27.46,0.04,-3.0,-0.4,0.8,-422.8,-3017,0.50,-0.036,0.000,0.00,1,,423,0,2372,423,-0.14,27.3,1.00,-0.043
179.80,BASE,109.69,102.59,27.46,0.04,-3.0,-0.3,0.8,-420.8,-3017,0.50,-0.036,0.001,0.00,1,,421,0,2372,421,-0.14,27.3,1.00,-0.043
179.90,BASE,109.69,102.65,27.46,0.04,-3.0,-0.3,0.8,-418.7,-3017,0.50,-0.036,0.001,0.00,1,,419,0,2372,419,-0.14,27.3,1.00,-0.043
180.00,BASE,109.70,102.70,27.45,0.03,-3.0,-0.2,0.8,-416.6,-3017,0.50,-0.036,0.002,0.00,1,,417,0,2372,417,-0.15,27.3,1.00,-0.043
180.10,BASE,109.70,102.75,27.45,0.03,-3.0,-0.2,0.7,-414.6,-3017,0.50,-0.036,0.002,0.00,1,,415,0,2372,415,-0.15,27.3,1.00,-0.043
180.20,BASE,109.70,102.80,27.45,0.03,-3.0,-0.1,0.7,-412.5,-3017,0.50,-0.036,0.002,0.00,1,,413,0,2372,413,-0.15,27.3,1.00,-0.043
180.30,BASE,109.70,102.85,27.45,0.03,-3.0,-0.1,0.7,-410.5,-3017,0.50,-0.036,0.002,0.00,1,,410,0,2372,410,-0.15,27.3,1.00,-0.043
180.40,BASE,109.71,102.89,27.45,0.03,-3.0,-0.0,0.7,-408.4,-3017,0.50,-0.036,0.002,0.00,1,,408,0,2372,408,-0.15,27.3,1.00,-0.043
180.50,BASE,109.71,102.92,27.45,0.03,-3.0,0.0,0.7,-406.3,-3017,0.50,-0.036,0.003,0.00,1,,406,0,2372,406,-0.15,27.3,1.00,-0.043
180.60,BASE,109.71,102.96,27.45,0.02,-3.0,0.1,0.7,-404.3,-3016,0.50,-0.036,0.003,0.00,1,,404,0,2371,404,-0.15,27.3,1.00,-0.043
180.70,BASE,109.71,102.99,27.44,0.02,-3.0,0.1,0.7,-402.2,-3016,0.50,-0.036,0.003,0.00,1,,402,0,2371,402,-0.15,27.3,1.00,-0.044
180.80,BASE,109.72,103.01,27.44,0.02,-3.0,0.1,0.7,-400.1,-3016,0.50,-0.036,0.003,0.00,1,,400,0,2371,400,-0.15,27.3,1.00,-0.044
180.90,BASE,109.72,103.04,27.44,0.02,-3.0,0.1,0.7,-398.1,-3016,0.50,-0.036,0.003,0.00,1,,398,0,2371,398,-0.15,27.3,1.00,-0.044
181.00,BASE,109.72,103.06,27.44,0.02,-3.0,0.2,0.7,-396.0,-3016,0.50,-0.036,0.003,0.00,1,,396,0,2371,396,-0.15,27.3,1.00,-0.044
181.10,BASE,109.72,103.07,27.44,0.02,-3.0,0.2,0.7,-393.9,-3016,0.50,-0.036,0.003,0.00,1,,394,0,2371,394,-0.15,27.3,1.00,-0.044
181.20,BASE,109.72,103.09,27.44,0.02,-3.0,0.2,0.7,-391.9,-3016,0.50,-0.035,0.002,0.00,1,,392,0,2371,392,-0.15,27.3,1.00,-0.044
181.30,BASE,109.73,103.10,27.44,0.01,-3.0,0.2,0.7,-389.8,-3016,0.50,-0.035,0.002,0.00,1,,390,0,2371,390,-0.15,27.3,1.00,-0.044
181.40,BASE,109.73,103.12,27.44,0.01,-3.1,0.2,0.7,-387.7,-3016,0.50,-0.035,0.002,0.00,1,,388,0,2371,388,-0.15,27.3,1.00,-0.044
181.50,BASE,109.73,103.13,27.43,0.01,-3.1,0.2,0.7,-385.7,-3016,0.50,-0.035,0.002,0.00,1,,386,0,2371,386,-0.15,27.3,1.00,-0.044
181.60,BASE,109.73,103.14,27.43,0.01,-3.1,0.3,0.7,-383.6,-3016,0.50,-0.035,0.002,0.00,1,,384,0,2371,384,-0.15,27.3,1.00,-0.044
181.70,BASE,109.73,103.15,27.43,0.01,-3.1,0.3,0.7,-381.5,-3016,0.50,-0.035,0.002,0.00,1,,382,0,2371,382,-0.15,27.3,1.00,-0.044
181.80,BASE,109.73,103.16,27.43,0.01,-3.1,0.3,0.7,-379.5,-3016,0.50,-0.035,0.002,0.00,1,,379,0,2371,379,-0.15,27.3,1.00,-0.044
181.90,BASE,109.73,103.17,27.43,0.01,-3.1,0.3,0.7,-377.4,-3016,0.50,-0.035,0.002,0.00,1,,377,0,2371,377,-0.15,27.3,1.00,-0.044
182.00,BASE,109.73,103.18,27.43,0.01,-3.1,0.3,0.7,-375.4,-3016,0.50,-0.035,0.002,0.00,1,,375,0,2371,375,-0.15,27.3,1.00,-0.044
182.10,BASE,109.73,103.20,27.43,0.01,-3.1,0.3,0.7,-373.3,-3016,0.50,-0.035,0.002,0.00,1,,373,0,2371,373,-0.15,27.3,1.00,-0.044
182.20,BASE,109.73,103.21,27.43,0.00,-3.1,0.3,0.7,-371.2,-3016,0.50,-0.035,0.002,0.00,0,,371,0,2371,371,-0.15,27.3,1.00,-0.044
182.30,BASE,109.73,103.23,27.43,0.00,-3.1,0.3,0.7,-369.2,-3016,0.50,-0.035,0.002,0.00,0,,369,0,2371,369,-0.15,27.3,1.00,-0.044
182.40,BASE,109.73,103.24,27.42,0.00,-3.1,0.3,0.6,-367.1,-3016,0.50,-0.035,0.002,0.00,0,,367,0,2371,367,-0.15,27.3,1.00,-0.044
182.50,BASE,109.73,103.26,27.42,0.00,-3.1,0.4,0.6,-365.0,-3016,0.50,-0.035,0.002,0.00,0,,365,0,2371,365,-0.15,27.3,1.00,-0.044
182.60,BASE,109.74,103.28,27.42,0.00,-3.1,0.4,0.6,-363.0,-3016,0.50,-0.035,0.002,0.00,0,,363,0,2371,363,-0.15,27.3,1.00,-0.044
182.70,BASE,109.74,103.30,27.42,0.00,-3.1,0.4,0.6,-360.9,-3016,0.50,-0.035,0.002,0.00,0,,361,0,2371,361,-0.15,27.3,1.00,-0.044
182.80,BASE,109.74,103.33,27.42,0.00,-3.1,0.4,0.6,-358.8,-3016,0.50,-0.035,0.002,0.00,0,,359,0,2371,359,-0.15,27.3,1.00,-0.044
182.90,BASE,109.74,103.36,27.42,-0.00,-3.1,0.4,0.5,-356.8,-3016,0.49,-0.035,0.002,0.00,0,,357,0,2371,357,-0.15,27.3,1.00,-0.044
183.00,BASE,109.74,103.39,27.42,-0.00,-3.1,0.4,0.5,-354.7,-3016,0.49,-0.035,0.002,0.00,0,,355,0,2371,355,-0.15,27.3,1.00,-0.044
183.10,BASE,109.74,103.43,27.42,-0.00,-3.1,0.4,0.5,-352.7,-3016,0.49,-0.035,0.002,0.00,0,,353,0,2371,353,-0.15,27.3,1.00,-0.044
183.20,BASE,109.74,103.47,27.42,-0.00,-3.1,0.4,0.5,-350.6,-3016,0.49,-0.035,0.002,0.00,0,,351,0,2371,351,-0.15,27.3,1.00,-0.044
183.30,BASE,109.73,103.52,27.42,-0.00,-3.1,0.4,0.4,-348.5,-3016,0.49,-0.035,0.002,0.00,0,,349,0,2371,349,-0.15,27.3,1.00,-0.044
183.40,BASE,109.73,103.57,27.42,-0.00,-3.1,0.4,0.4,-346.5,-3016,0.49,-0.035,0.002,0.00,0,,346,0,2371,346,-0.15,27.3,1.00,-0.044
183.50,BASE,109.73,103.63,27.42,-0.00,-3.1,0.4,0.4,-344.4,-3016,0.49,-0.035,0.002,0.00,0,,344,0,2371,344,-0.15,27.3,1.00,-0.044
183.60,BASE,109.73,103.69,27.42,-0.00,-3.1,0.4,0.4,-342.4,-3016,0.49,-0.035,0.001,0.00,0,,342,0,2371,342,-0.15,27.3,1.00,-0.044
183.70,BASE,109.73,103.75,27.42,-0.00,-3.1,0.4,0.4,-340.3,-3016,0.49,-0.035,0.001,0.00,0,,340,0,2371,340,-0.15,27.3,1.00,-0.044
183.80,BASE,109.73,103.82,27.41,-0.00,-3.1,0.3,0.4,-338.2,-3016,0.49,-0.035,0.001,0.00,0,,338,0,2371,338,-0.15,27.3,1.00,-0.044
183.90,BASE,109.73,103.89,27.41,-0.00,-3.1,0.3,0.3,-336.2,-3016,0.49,-0.035,0.001,0.00,0,,336,0,2371,336,-0.15,27.3,1.00,-0.044
184.00,BASE,109.73,103.97,27.41,-0.00,-3.1,0.3,0.3,-334.1,-3016,0.49,-0.035,0.001,0.00,0,,334,0,2371,334,-0.15,27.3,1.00,-0.044
184.10,BASE,109.73,104.04,27.41,-0.00,-3.1,0.3,0.3,-332.0,-3016,0.49,-0.035,0.001,0.00,0,,332,0,2371,332,-0.15,27.3,1.00,-0.044
184.20,BASE,109.73,104.12,27.41,-0.00,-3.1,0.3,0.3,-330.0,-3016,0.49,-0.035,0.001,0.00,0,,330,0,2371,330,-0.15,27.3,1.00,-0.044
184.30,BASE,109.73,104.21,27.41,-0.00,-3.1,0.3,0.3,-327.9,-3016,0.49,-0.035,0.001,0.00,0,,328,0,2371,328,-0.15,27.3,1.00,-0.044
184.40,BASE,109.73,104.29,27.41,-0.01,-3.1,0.3,0.3,-325.9,-3016,0.49,-0.035,0.001,0.00,0,,326,0,2371,326,-0.15,27.3,1.00,-0.044
184.50,BASE,109.73,104.38,27.41,-0.01,-3.1,0.3,0.3,-323.8,-3016,0.49,-0.035,0.001,0.00,0,,324,0,2371,324,-0.15,27.3,1.00,-0.045
184.60,BASE,109.73,104.46,27.41,-0.01,-3.1,0.3,0.3,-321.7,-3016,0.49,-0.035,0.001,0.00,0,,322,0,2371,322,-0.15,27.3,1.00,-0.045
184.70,BASE,109.73,104.55,27.41,-0.01,-3.1,0.3,0.2,-319.7,-3016,0.49,-0.035,0.001,0.00,0,,320,0,2371,320,-0.15,27.3,1.00,-0.045
184.80,BASE,109.73,104.64,27.41,-0.01,-3.1,0.3,0.2,-317.6,-3016,0.49,-0.035,0.001,0.00,0,,318,0,2371,318,-0.15,27.3,1.00,-0.045
184.90,BASE,109.73,104.73,27.41,-0.01,-3.1,0.3,0.2,-315.6,-3016,0.49,-0.035,0.001,0.00,0,,316,0,2371,316,-0.15,27.3,1.00,-0.045
185.00,BASE,109.73,104.83,27.41,-0.01,-3.1,0.3,0.2,-313.5,-3016,0.49,-0.035,0.001,0.00,0,,314,0,2371,314,-0.15,27.3,1.00,-0.045
185.10,BASE,109.73,104.92,27.41,-0.01,-3.1,0.3,0.2,-311.4,-3016,0.49,-0.035,0.000,0.00,0,,311,0,2371,311,-0.15,27.3,1.00,-0.045
185.20,BASE,109.73,105.01,27.41,-0.01,-3.1,0.2,0.2,-309.4,-3016,0.49,-0.035,0.000,0.00,0,,309,0,2371,309,-0.15,27.3,1.00,-0.045
185.30,BASE,109.73,105.10,27.41,-0.01,-3.1,0.2,0.2,-307.3,-3016,0.49,-0.034,0.000,0.00,0,,307,0,2371,307,-0.15,27.3,1.00,-0.045
185.40,BASE,109.72,105.19,27.40,-0.01,-3.1,0.2,0.2,-305.3,-3016,0.49,-0.034,0.000,0.00,0,,305,0,2371,305,-0.15,27.3,1.00,-0.045
185.50,BASE,109.72,105.28,27.40,-0.01,-3.1,0.2,0.2,-303.2,-3016,0.49,-0.034,0.000,0.00,0,,303,0,2371,303,-0.15,27.3,1.00,-0.045
185.60,BASE,109.72,105.37,27.40,-0.01,-3.1,0.2,0.1,-301.1,-3016,0.49,-0.034,0.000,0.00,0,,301,0,2371,301,-0.15,27.3,1.00,-0.045
185.70,BASE,109.72,105.46,27.40,-0.01,-3.1,0.2,0.1,-299.1,-3016,0.49,-0.034,0.000,0.00,0,,299,0,2371,299,-0.15,27.3,1.00,-0.045
185.80,BASE,109.72,105.55,27.40,-0.01,-3.1,0.2,0.1,-297.0,-3016,0.49,-0.034,0.000,0.00,0,,297,0,2371,297,-0.15,27.3,1.00,-0.045
185.90,BASE,109.72,105.63,27.40,-0.01,-3.1,0.2,0.1,-295.0,-3016,0.49,-0.034,0.000,0.00,0,,295,0,2371,295,-0.15,27.3,1.00,-0.045
186.00,BASE,109.72,105.71,27.40,-0.01,-3.1,0.2,0.1,-292.9,-3016,0.49,-0.034,0.000,0.00,0,,293,0,2371,293,-0.15,27.3,1.00,-0.045
186.10,BASE,109.72,105.79,27.40,-0.01,-3.1,0.2,0.1,-290.9,-3016,0.49,-0.034,0.000,0.00,0,,291,0,2371,291,-0.15,27.3,1.00,-0.045
186.20,BASE,109.72,105.87,27.40,-0.01,-3.1,0.2,0.1,-288.8,-3015,0.49,-0.034,0.000,0.00,0,,289,0,2370,289,-0.15,27.3,1.00,-0.045
186.30,BASE,109.72,105.94,27.40,-0.01,-3.1,0.2,0.1,-286.7,-3015,0.49,-0.034,0.000,0.00,0,,287,0,2370,287,-0.15,27.3,1.00,-0.045
186.40,BASE,109.72,106.01,27.40,-0.01,-3.1,0.2,0.1,-284.7,-3015,0.49,-0.034,0.000,0.00,0,,285,0,2370,285,-0.15,27.3,1.00,-0.045
186.50,BASE,109.72,106.08,27.40,-0.01,-3.1,0.2,0.1,-282.6,-3015,0.49,-0.034,0.000,0.00,0,,283,0,2370,283,-0.15,27.3,1.00,-0.045
186.60,BASE,109.72,106.14,27.40,-0.01,-3.1,0.1,0.0,-280.6,-3015,0.49,-0.034,0.000,0.00,0,,281,0,2370,281,-0.15,27.3,1.00,-0.045
186.70,BASE,109.72,106.20,27.39,-0.01,-3.1,0.1,0.0,-278.5,-3015,0.49,-0.034,0.000,0.00,0,,279,0,2370,279,-0.15,27.3,1.00,-0.045
186.80,BASE,109.71,106.25,27.39,-0.01,-3.1,0.1,0.0,-276.4,-3015,0.49,-0.034,0.000,0.00,0,,276,0,2370,276,-0.15,27.3,1.00,-0.045
186.90,BASE,109.71,106.30,27.39,-0.01,-3.1,0.1,0.0,-274.4,-3015,0.49,-0.034,0.000,0.00,0,,274,0,2370,274,-0.15,27.3,1.00,-0.045
187.00,BASE,109.71,106.34,27.39,-0.01,-3.1,0.1,0.0,-272.3,-3015,0.49,-0.034,0.000,0.00,0,,272,0,2370,272,-0.15,27.3,1.00,-0.045
187.10,BASE,109.71,106.37,27.39,-0.01,-3.1,0.1,0.0,-270.3,-3015,0.49,-0.034,-0.000,0.00,0,,270,0,2370,270,-0.15,27.3,1.00,-0.046
187.20,BASE,109.71,106.41,27.39,-0.01,-3.1,0.1,0.0,-268.2,-3015,0.49,-0.034,-0.000,0.00,0,,268,0,2370,268,-0.15,27.3,1.00,-0.046
187.30,BASE,109.71,106.43,27.39,-0.01,-3.1,0.1,0.0,-266.2,-3015,0.49,-0.034,-0.000,0.00,0,,266,0,2370,266,-0.15,27.3,1.00,-0.046
187.40,BASE,109.71,106.46,27.39,-0.01,-3.1,0.1,0.0,-264.1,-3015,0.49,-0.034,-0.000,0.00,0,,264,0,2370,264,-0.15,27.3,1.00,-0.046
187.50,BASE,109.71,106.48,27.39,-0.01,-3.1,0.1,0.0,-262.0,-3015,0.49,-0.034,-0.000,0.00,0,,262,0,2370,262,-0.15,27.3,1.00,-0.046
187.60,BASE,109.71,106.49,27.39,-0.01,-3.1,0.1,-0.0,-260.0,-3015,0.49,-0.034,-0.000,0.00,0,,260,0,2370,260,-0.15,27.3,1.00,-0.046
187.70,BASE,109.70,106.51,27.38,-0.01,-3.1,0.1,-0.0,-257.9,-3015,0.49,-0.034,0.000,0.00,0,,258,0,2370,258,-0.15,27.3,1.00,-0.046
187.80,BASE,109.70,106.52,27.38,-0.01,-3.1,0.1,-0.0,-255.9,-3015,0.49,-0.034,-0.000,0.00,0,,256,0,2370,256,-0.15,27.3,1.00,-0.046
187.90,BASE,109.70,106.53,27.38,-0.01,-3.1,0.1,-0.0,-253.8,-3015,0.49,-0.034,-0.000,0.00,0,,254,0,2370,254,-0.15,27.3,1.00,-0.046
188.00,BASE,109.70,106.54,27.38,-0.01,-3.1,0.0,-0.0,-251.8,-3015,0.49,-0.034,0.000,0.00,0,,252,0,2370,252,-0.15,27.3,1.00,-0.046
188.10,BASE,109.70,106.54,27.38,-0.01,-3.1,-0.0,-0.0,-249.7,-3015,0.49,-0.034,-0.000,0.00,0,,250,0,2370,250,-0.15,27.3,1.00,-0.046
188.20,BASE,109.70,106.55,27.38,-0.01,-3.1,-0.0,-0.0,-247.7,-3015,0.49,-0.034,0.001,0.00,0,,248,0,2370,248,-0.15,27.3,1.00,-0.046
188.30,BASE,109.70,106.55,27.38,-0.01,-3.1,-0.1,-0.0,-245.6,-3015,0.49,-0.034,0.000,0.00,0,,246,0,2370,246,-0.15,27.3,1.00,-0.046
188.40,BASE,109.70,106.55,27.38,-0.01,-3.1,-0.2,-0.1,-243.5,-3015,0.49,-0.034,-0.000,0.00,0,,244,0,2370,244,-0.15,27.3,1.00,-0.046
188.50,BASE,109.69,106.56,27.38,-0.01,-3.1,-0.2,-0.1,-241.5,-3015,0.49,-0.034,0.001,0.00,0,,241,0,2370,241,-0.15,27.3,1.00,-0.046
188.60,BASE,109.69,106.56,27.38,-0.01,-3.1,-0.4,-0.1,-239.4,-3015,0.49,-0.034,0.000,0.00,0,,239,0,2370,239,-0.15,27.3,1.00,-0.046
188.70,BASE,109.69,106.57,27.38,-0.02,-3.1,-0.4,-0.1,-237.4,-3015,0.49,-0.034,0.001,0.00,0,,237,0,2370,237,-0.14,27.3,1.00,-0.046
188.80,BASE,109.69,106.57,27.38,-0.02,-3.1,-0.6,-0.1,-235.3,-3015,0.49,-0.034,0.000,0.00,0,,235,0,2370,235,-0.14,27.3,1.00,-0.046
188.90,BASE,109.69,106.58,27.38,-0.02,-3.1,-0.7,-0.2,-233.3,-3015,0.49,-0.034,-0.000,0.00,0,,233,0,2370,233,-0.14,27.3,1.00,-0.046
189.00,BASE,109.69,106.59,27.37,-0.02,-3.1,-0.8,-0.2,-231.2,-3015,0.49,-0.034,0.001,0.00,0,,231,0,2370,231,-0.14,27.3,1.00,-0.046
189.10,BASE,109.69,106.61,27.37,-0.02,-3.1,-1.0,-0.2,-229.2,-3015,0.49,-0.034,0.000,0.00,0,,229,0,2370,229,-0.14,27.3,1.00,-0.046
189.20,BASE,109.68,106.62,27.37,-0.02,-3.1,-1.1,-0.3,-227.1,-3015,0.49,-0.034,0.002,0.00,0,,227,0,2370,227,-0.14,27.3,1.00,-0.046
189.30,BASE,109.68,106.65,27.37,-0.02,-3.1,-1.3,-0.3,-225.1,-3015,0.49,-0.034,0.001,0.00,0,,225,0,2370,225,-0.14,27.3,1.00,-0.046
189.40,BASE,109.68,106.67,27.37,-0.02,-3.1,-1.5,-0.3,-223.0,-3015,0.49,-0.034,0.001,0.00,0,,223,0,2370,223,-0.14,27.3,1.00,-0.046
189.50,BASE,109.68,106.71,27.37,-0.02,-3.1,-1.7,-0.3,-220.9,-3015,0.49,-0.034,0.001,0.00,0,,221,0,2370,221,-0.14,27.3,1.00,-0.046
189.60,BASE,109.68,106.75,27.37,-0.02,-3.1,-1.9,-0.3,-218.9,-3015,0.49,-0.034,0.000,0.00,0,,219,0,2370,219,-0.14,27.3,1.00,-0.046
189.70,BASE,109.67,106.80,27.37,-0.02,-3.1,-2.0,-0.3,-216.8,-3015,0.49,-0.034,0.002,0.00,0,,217,0,2370,217,-0.14,27.3,1.00,-0.046
189.80,BASE,109.67,106.86,27.37,-0.02,-3.1,-2.3,-0.3,-214.8,-3015,0.49,-0.034,0.000,0.00,0,,215,0,2370,215,-0.14,27.3,1.00,-0.046
189.90,BASE,109.67,106.92,27.37,-0.02,-3.1,-2.5,-0.3,-212.7,-3015,0.49,-0.034,0.002,0.00,0,,213,0,2370,213,-0.14,27.3,1.00,-0.046
190.00,BASE,109.67,106.99,27.37,-0.03,-3.1,-2.7,-0.3,-210.7,-3015,0.49,-0.034,0.001,0.00,0,,211,0,2370,211,-0.14,27.3,1.00,-0.046
190.10,BASE,109.66,107.08,27.37,-0.03,-3.1,-3.0,-0.3,-208.6,-3015,0.49,-0.034,-0.000,0.00,0,,209,0,2370,209,-0.14,27.3,1.00,-0.046
190.20,BASE,109.66,107.18,27.37,-0.03,-3.1,-3.2,-0.2,-206.6,-3015,0.49,-0.034,0.002,0.00,0,,207,0,2370,207,-0.14,27.3,1.00,-0.046
190.30,BASE,109.66,107.29,27.37,-0.03,-3.0,-3.5,-0.2,-204.5,-3015,0.49,-0.034,-0.000,0.00,0,,205,0,2370,205,-0.14,27.3,1.00,-0.046
190.40,BASE,109.66,107.42,27.37,-0.03,-3.0,-3.7,-0.1,-202.5,-3015,0.49,-0.034,0.002,0.00,0,,202,0,2370,202,-0.14,27.3,1.00,-0.045
190.50,BASE,109.65,107.54,27.38,-0.04,-3.0,-4.0,-0.0,-200.4,-3015,0.49,-0.034,0.000,0.00,0,,200,0,2370,200,-0.14,27.3,1.00,-0.045
190.60,BASE,109.65,107.66,27.38,-0.04,-3.0,-4.3,0.1,-198.3,-3015,0.49,-0.034,-0.001,0.00,0,,198,0,2370,198,-0.14,27.3,1.00,-0.045
190.70,BASE,109.64,107.78,27.38,-0.04,-3.0,-4.5,0.2,-196.3,-3015,0.49,-0.034,0.001,0.00,1,,196,0,2370,196,-0.14,27.3,1.00,-0.045
190.80,BASE,109.64,107.89,27.38,-0.04,-3.0,-4.8,0.3,-194.2,-3015,0.49,-0.034,-0.001,0.00,1,,194,0,2370,194,-0.13,27.3,1.00,-0.045
190.90,BASE,109.64,107.98,27.38,-0.05,-3.0,-5.0,0.4,-192.2,-3015,0.49,-0.033,0.001,0.00,1,,192,0,2370,192,-0.13,27.3,1.00,-0.045
191.00,BASE,109.63,108.07,27.38,-0.05,-3.0,-5.3,0.6,-190.1,-3015,0.49,-0.033,-0.001,0.00,1,,190,0,2370,190,-0.13,27.3,1.00,-0.044
191.10,BASE,109.63,108.18,27.38,-0.05,-3.0,-5.6,0.7,-188.1,-3015,0.49,-0.033,-0.002,0.00,1,,188,0,2370,188,-0.13,27.3,1.00,-0.044
191.20,BASE,109.62,106.08,27.38,-0.05,-3.0,-5.8,0.9,-186.0,-3015,0.49,-0.033,-0.000,0.00,1,,186,0,2370,186,-0.13,27.3,1.00,-0.044
191.30,BASE,109.61,106.07,27.38,-0.06,-3.0,-6.1,1.0,-184.0,-3014,0.49,-0.033,-0.002,0.00,1,,184,0,2369,184,-0.13,27.3,1.00,-0.044
191.40,BASE,109.61,106.06,27.38,-0.06,-3.0,-6.4,1.2,-181.9,-3014,0.49,-0.032,0.000,0.00,1,,182,0,2369,182,-0.13,27.3,1.00,-0.044
191.50,BASE,109.60,106.06,27.38,-0.06,-3.0,-6.7,1.4,-179.9,-3014,0.49,-0.032,-0.002,0.00,1,,180,0,2369,180,-0.13,27.3,1.00,-0.043
191.60,BASE,109.60,106.05,27.39,-0.07,-3.0,-6.9,1.6,-177.8,-3014,0.49,-0.032,-0.001,0.00,1,,178,0,2369,178,-0.13,27.3,1.00,-0.043
191.70,BASE,109.59,106.04,27.39,-0.07,-3.0,-7.2,1.9,-175.8,-3014,0.49,-0.032,-0.001,0.00,2,,176,0,2369,176,-0.12,27.3,1.00,-0.043
191.80,BASE,109.58,106.04,27.39,-0.07,-3.0,-7.5,1.6,-173.7,-3014,0.49,-0.032,0.018,0.00,2,,174,0,2369,174,-0.12,27.3,1.00,-0.043
191.90,BASE,109.58,106.03,27.39,-0.08,-3.0,-7.7,1.2,-171.7,-3014,0.49,-0.031,0.034,0.00,2,,172,0,2369,172,-0.12,27.3,1.00,-0.042
192.00,BASE,109.57,106.02,27.39,-0.08,-3.0,-8.0,0.8,-169.6,-3013,0.49,-0.030,0.037,0.00,2,,170,0,2368,170,-0.12,27.3,1.00,-0.042
192.10,BASE,109.56,106.01,27.39,-0.08,-3.0,-8.2,0.5,-167.6,-3013,0.49,-0.030,0.041,0.00,2,,168,0,2368,168,-0.12,27.3,1.00,-0.042
192.20,BASE,109.55,106.01,27.39,-0.08,-3.0,-8.5,0.2,-165.5,-3013,0.49,-0.028,0.037,0.00,3,,166,0,2368,166,-0.12,27.3,1.00,-0.042
192.30,BASE,109.54,106.00,27.39,-0.08,-3.0,-8.8,-0.0,-163.5,-3013,0.49,-0.028,0.034,0.00,3,,163,0,2368,163,-0.12,27.3,1.00,-0.041
192.40,BASE,109.54,105.99,27.39,-0.08,-3.0,-9.0,-0.2,-161.4,-3012,0.49,-0.028,0.033,0.00,3,,161,0,2367,161,-0.11,27.3,1.00,-0.041
192.50,BASE,109.53,105.98,27.40,-0.08,-3.0,-9.3,-0.4,-159.4,-3012,0.49,-0.027,0.028,0.00,3,,159,0,2367,159,-0.11,27.3,1.00,-0.041
192.60,BASE,109.52,105.98,27.40,-0.07,-3.0,-9.6,-0.6,-157.4,-3012,0.49,-0.027,0.028,0.00,4,,157,0,2367,157,-0.11,27.3,1.00,-0.041
192.70,BASE,109.51,105.97,27.40,-0.07,-3.0,-9.8,-0.8,-155.3,-3012,0.49,-0.027,0.024,0.00,4,,155,0,2367,155,-0.11,27.3,1.00,-0.041
192.80,BASE,109.51,105.96,27.40,-0.07,-3.0,-10.0,-1.1,-153.3,-3011,0.49,-0.027,0.025,0.00,4,,153,0,2366,153,-0.11,27.3,1.00,-0.041
192.90,BASE,109.50,105.96,27.40,-0.06,-3.0,-10.3,-1.3,-151.3,-3011,0.49,-0.027,0.020,0.00,4,,151,0,2366,151,-0.11,27.3,1.00,-0.041
193.00,BASE,109.49,105.95,27.39,-0.06,-3.0,-10.5,-1.5,-149.2,-3011,0.49,-0.027,0.018,0.00,5,,149,0,2366,149,-0.11,27.3,1.00,-0.041
193.10,BASE,109.49,105.94,27.39,-0.06,-3.0,-10.7,-1.8,-147.2,-3010,0.49,-0.027,0.019,0.00,5,,147,0,2365,147,-0.10,27.3,1.00,-0.041
193.20,BASE,109.48,105.94,27.39,-0.06,-3.0,-10.9,-2.1,-145.2,-3010,0.49,-0.027,0.017,0.00,6,,145,0,2365,145,-0.10,27.3,1.00,-0.041
193.30,BASE,109.48,105.93,27.39,-0.06,-3.0,-11.0,-2.5,-143.1,-3010,0.49,-0.029,0.019,0.00,6,,143,0,2365,143,-0.10,27.3,1.00,-0.041
193.40,BASE,109.47,105.93,27.39,-0.05,-3.0,-11.2,-2.8,-141.1,-3009,0.49,-0.033,0.017,0.00,6,,141,0,2364,141,-0.10,27.3,1.00,-0.041
193.50,BASE,109.47,105.92,27.39,-0.04,-2.9,-11.3,-3.2,-139.1,-3009,0.49,-0.036,0.020,0.00,7,,139,0,2364,139,-0.10,27.3,1.00,-0.041
193.60,BASE,109.46,105.92,27.39,-0.03,-2.9,-11.5,-3.5,-137.1,-3008,0.49,-0.037,0.017,0.00,7,,137,0,2363,137,-0.10,27.3,1.00,-0.042
193.70,BASE,109.46,105.91,27.39,-0.03,-2.9,-11.6,-3.9,-135.1,-3008,0.49,-0.036,0.017,0.00,8,,135,0,2363,135,-0.10,27.3,1.00,-0.042
193.80,BASE,109.46,105.91,27.39,-0.02,-2.9,-11.8,-4.3,-133.1,-3007,0.49,-0.035,0.019,0.00,8,,133,0,2362,133,-0.10,27.3,1.00,-0.042
193.90,BASE,109.45,105.91,27.39,-0.02,-2.9,-11.9,-4.7,-131.1,-3007,0.49,-0.034,0.019,0.00,9,,131,0,2362,131,-0.10,27.3,1.00,-0.042
194.00,BASE,109.45,105.91,27.38,-0.03,-2.8,-12.0,-5.0,-129.1,-3006,0.49,-0.034,0.022,0.00,9,,129,0,2361,129,-0.10,27.3,1.00,-0.042
194.10,BASE,109.45,105.90,27.38,-0.03,-2.8,-12.2,-5.4,-127.1,-3006,0.49,-0.033,0.020,0.00,10,,127,0,2361,127,-0.10,27.3,1.00,-0.042
194.20,BASE,109.45,105.90,27.38,-0.03,-2.8,-12.3,-5.7,-125.1,-3005,0.50,-0.033,0.022,0.00,10,,125,0,2360,125,-0.10,27.3,1.00,-0.042
194.30,BASE,109.44,105.90,27.38,-0.04,-2.8,-12.5,-6.1,-123.1,-3005,0.50,-0.033,0.022,0.00,11,,123,0,2360,123,-0.09,27.3,1.00,-0.042
194.40,BASE,109.44,105.89,27.38,-0.05,-2.8,-12.6,-6.4,-121.1,-3004,0.50,-0.032,0.021,0.00,12,,121,0,2359,121,-0.09,27.3,1.00,-0.042
194.50,BASE,109.43,105.89,27.38,-0.05,-2.8,-12.8,-6.7,-119.1,-3003,0.50,-0.032,0.023,0.00,12,,119,0,2358,119,-0.09,27.3,1.00,-0.041
194.60,BASE,109.43,105.88,27.38,-0.06,-2.8,-12.9,-6.9,-117.2,-3003,0.50,-0.031,0.022,0.00,13,,117,0,2358,117,-0.09,27.3,1.00,-0.041
194.70,FINAL,109.42,105.88,27.38,-0.06,-2.8,-13.0,-7.2,-115.2,-3002,0.50,-0.031,0.023,0.00,14,,115,0,2357,115,-0.09,27.3,1.00,-0.041
194.80,FINAL,109.42,105.87,27.41,-0.07,-2.8,-13.2,-7.4,-113.2,-3001,0.67,0.018,0.016,0.00,,-20,2481,0,2356,113,1.50,20.4,1.00,0.170
194.90,FINAL,109.41,105.86,27.45,-0.05,-2.5,-13.4,-7.5,-111.3,-3001,0.67,0.041,0.021,0.00,,-20,2481,0,2356,111,1.50,20.4,1.00,0.170
195.00,FINAL,109.41,105.86,27.48,0.02,-2.0,-13.6,-7.6,-109.3,-3000,0.67,0.044,0.022,0.00,,-20,2480,0,2355,109,1.50,20.4,1.00,0.170
195.10,FINAL,109.41,105.87,27.50,0.17,-1.2,-13.9,-7.6,-107.4,-2999,0.66,0.045,0.016,0.00,,-19,2479,0,2354,107,1.50,20.4,1.00,0.170
195.20,FINAL,109.44,105.89,27.51,0.40,-0.3,-14.1,-7.6,-105.4,-2998,0.65,0.008,0.015,0.00,,-19,2478,0,2353,105,1.50,20.4,1.00,0.170
195.30,FINAL,109.49,105.94,27.50,0.69,0.6,-14.3,-7.5,-103.5,-2997,0.64,-0.009,0.009,0.00,,-19,2477,0,2352,103,1.50,20.4,1.00,0.170
195.40,FINAL,109.57,106.02,27.47,0.99,1.2,-14.4,-7.6,-101.6,-2997,0.62,-0.001,0.010,0.00,,-19,2477,0,2352,102,1.50,20.4,1.00,0.170
195.50,FINAL,109.67,106.13,27.43,1.27,1.7,-14.5,-7.6,-99.6,-2996,0.61,0.013,0.007,0.00,,-19,2476,0,2351,100,1.50,20.4,1.00,0.170
195.60,FINAL,109.81,106.27,27.39,1.52,2.2,-14.5,-7.7,-97.7,-2995,0.60,0.014,0.012,0.00,,-19,2475,0,2350,98,1.50,20.4,1.00,0.166
195.70,FINAL,109.97,106.43,27.33,1.76,2.6,-14.5,-7.7,-95.9,-2994,0.59,0.010,0.010,0.00,,-19,2474,0,2349,96,1.50,20.4,1.00,0.159
195.80,FINAL,110.15,106.61,27.26,1.98,3.0,-14.4,-7.7,-94.0,-2993,0.58,0.004,0.009,0.00,,-18,2473,0,2348,94,1.50,20.4,1.00,0.152
195.90,FINAL,110.36,106.81,27.19,2.18,3.3,-14.3,-7.7,-92.2,-2992,0.57,0.001,0.014,0.00,,-18,2472,0,2347,92,1.50,20.4,1.00,0.146
196.00,FINAL,110.58,107.04,27.11,2.36,3.6,-14.3,-7.7,-90.3,-2991,0.56,-0.000,0.013,0.00,,-18,2471,0,2346,90,1.50,20.4,1.00,0.140
196.10,FINAL,110.82,107.28,27.02,2.51,3.8,-14.1,-7.8,-88.5,-2990,0.56,-0.002,0.018,0.00,,-18,2470,0,2345,89,1.50,20.4,1.00,0.135
196.20,FINAL,111.08,107.54,26.93,2.65,4.0,-14.0,-7.7,-86.8,-2989,0.55,-0.002,0.014,0.00,,-17,2469,0,2344,87,1.50,20.4,1.00,0.130
196.30,FINAL,111.35,107.80,26.84,2.76,4.2,-13.8,-7.7,-85.0,-2988,0.55,-0.005,0.019,0.00,,-17,2468,0,2343,85,1.50,20.4,1.00,0.125
196.40,FINAL,111.63,108.08,26.74,2.86,4.3,-13.5,-7.7,-83.3,-2986,0.55,-0.006,0.019,0.00,,-17,2466,0,2341,83,1.50,20.4,1.00,0.121
196.50,FINAL,111.92,108.37,26.64,2.94,4.4,-13.3,-7.6,-81.6,-2985,0.54,-0.008,0.020,0.00,,-16,2465,0,2340,82,1.50,20.4,1.00,0.117
196.60,FINAL,112.21,108.67,26.54,3.01,4.5,-13.2,-7.6,-79.9,-2984,0.54,-0.010,0.022,0.00,,-16,2464,0,2339,80,1.50,20.4,1.00,0.114
196.70,FINAL,112.52,108.97,26.44,3.07,4.6,-13.0,-7.5,-78.2,-2983,0.54,-0.011,0.021,0.00,,-16,2463,0,2338,78,1.50,20.4,1.00,0.111
196.80,FINAL,112.83,109.28,26.34,3.12,4.6,-12.8,-7.5,-76.5,-2982,0.54,-0.012,0.025,0.00,,-15,2462,0,2337,77,1.50,20.4,1.00,0.109
196.90,FINAL,113.14,109.60,26.23,3.16,4.7,-12.7,-7.5,-74.9,-2981,0.54,-0.013,0.023,0.00,,-15,2461,0,2336,75,1.50,20.4,1.00,0.106
197.00,FINAL,113.46,109.91,26.13,3.18,4.7,-12.5,-7.5,-73.3,-2979,0.54,-0.014,0.025,0.00,,-14,2459,0,2334,73,1.50,20.4,1.00,0.105
197.10,FINAL,113.78,110.23,26.02,3.20,4.8,-12.4,-7.6,-71.7,-2978,0.55,-0.015,0.026,0.00,,-14,2458,0,2333,72,1.50,20.4,1.00,0.103
197.20,FINAL,114.10,110.55,25.92,3.21,4.8,-12.2,-7.6,-70.1,-2977,0.55,-0.015,0.026,0.00,,-14,2457,0,2332,70,1.50,20.4,1.00,0.102
197.30,FINAL,114.42,110.87,25.81,3.22,4.8,-12.1,-7.7,-68.6,-2976,0.55,-0.016,0.030,0.00,,-13,2456,0,2331,69,1.50,20.4,1.00,0.101
197.40,FINAL,114.74,111.19,25.71,3.21,4.9,-12.0,-7.8,-67.0,-2974,0.55,-0.016,0.028,0.00,,-13,2454,0,2329,67,1.50,20.4,1.00,0.100
197.50,FINAL,115.06,111.52,25.61,3.21,4.9,-11.8,-8.0,-65.5,-2973,0.55,-0.020,0.033,0.00,,-13,2453,0,2328,66,1.46,20.4,1.00,0.097
197.60,FINAL,115.38,111.84,25.45,3.16,4.9,-11.7,-8.2,-64.0,-2972,0.05,-0.025,0.031,0.00,,-12,2452,0,2327,64,1.39,20.4,0.97,0.086
197.70,FINAL,115.69,112.15,25.24,3.08,4.7,-11.6,-8.4,-62.6,-2971,0.05,-0.023,0.030,0.00,,-12,2451,0,2326,63,1.32,20.4,0.92,0.074
197.80,FINAL,116.00,112.45,25.03,2.97,4.5,-11.4,-8.7,-61.2,-2969,0.05,-0.012,0.032,0.00,,-11,2449,0,2324,61,1.26,20.4,0.87,0.063
197.90,FINAL,116.29,112.75,24.83,2.84,4.2,-11.1,-8.9,-59.7,-2968,0.05,-0.006,0.034,0.00,,-11,2448,0,2323,60,1.19,20.4,0.82,0.051
198.00,FINAL,116.57,113.02,24.64,2.69,3.9,-10.8,-9.2,-58.4,-2967,0.05,-0.004,0.040,0.00,,-11,2447,0,2322,58,1.13,20.4,0.77,0.040
198.10,FINAL,116.83,113.29,24.45,2.53,3.5,-10.6,-9.5,-57.0,-2965,0.05,-0.003,0.040,0.00,,-10,2445,0,2320,57,1.07,20.4,0.72,0.032
198.20,FINAL,117.08,113.54,24.27,2.35,3.2,-10.4,-9.8,-55.7,-2964,0.05,-0.002,0.040,0.00,,-10,2444,0,2319,56,1.02,20.4,0.67,0.026
198.30,FINAL,117.31,113.76,24.10,2.17,2.9,-10.2,-10.1,-54.3,-2963,0.05,0.000,0.045,0.00,,-10,2443,0,2318,54,0.97,20.4,0.62,0.022
198.40,FINAL,117.52,113.98,23.93,1.99,2.5,-10.1,-10.4,-53.1,-2961,0.05,0.004,0.044,0.00,,-9,2441,0,2316,53,0.92,20.4,0.57,0.020
198.50,FINAL,117.71,114.17,23.77,1.80,2.2,-10.0,-10.7,-51.8,-2960,0.05,0.009,0.046,0.00,,-9,2440,0,2315,52,0.87,20.4,0.52,0.020
198.60,FINAL,117.89,114.34,23.62,1.62,1.9,-9.9,-11.0,-50.5,-2959,0.05,0.015,0.045,0.00,,-9,2439,0,2314,51,0.83,20.4,0.50,0.023
198.70,FINAL,118.04,114.50,23.48,1.44,1.6,-9.7,-11.2,-49.3,-2957,0.08,0.022,0.046,0.00,,-9,2437,0,2312,49,0.79,20.4,0.53,0.027
198.80,FINAL,118.18,114.64,23.36,1.26,1.4,-9.5,-11.5,-48.1,-2956,0.11,0.026,0.051,0.00,,-8,2436,0,2311,48,0.75,20.4,0.58,0.031
198.90,FINAL,118.30,114.76,23.24,1.11,1.2,-9.3,-11.7,-46.9,-2955,0.14,0.028,0.050,0.00,,-8,2435,0,2310,47,0.72,20.4,0.63,0.035
199.00,FINAL,118.41,114.86,23.14,0.96,1.0,-9.2,-12.0,-45.7,-2953,0.17,0.027,0.050,0.00,,-8,2433,0,2308,46,0.69,20.4,0.68,0.038
199.10,FINAL,118.50,114.95,23.05,0.83,0.9,-9.2,-12.2,-44.5,-2952,0.19,0.028,0.054,0.00,,-8,2432,0,2307,45,0.66,20.4,0.73,0.040
199.20,FINAL,118.58,115.03,22.97,0.72,0.7,-9.1,-12.4,-43.4,-2951,0.21,0.028,0.052,0.00,,-8,2431,0,2306,43,0.63,20.4,0.78,0.042
199.30,FINAL,118.65,115.10,22.89,0.61,0.6,-9.1,-12.6,-42.2,-2949,0.22,0.029,0.053,0.00,,-8,2429,0,2304,42,0.60,20.4,0.83,0.043
199.40,FINAL,118.70,115.16,22.83,0.52,0.5,-9.1,-12.9,-41.1,-2948,0.23,0.032,0.054,0.00,,-8,2428,0,2303,41,0.58,20.4,0.88,0.044
199.50,FINAL,118.75,115.21,22.77,0.43,0.4,-9.1,-13.1,-40.0,-2946,0.25,0.033,0.053,0.00,,-7,2426,0,2301,40,0.56,20.4,0.93,0.045
199.60,FINAL,118.79,115.25,22.71,0.35,0.3,-9.1,-13.3,-38.9,-2945,0.26,0.036,0.057,0.00,,-7,2425,0,2300,39,0.53,20.4,0.98,0.046
199.70,FINAL,118.83,115.28,22.66,0.27,0.2,-9.1,-13.5,-37.8,-2944,0.27,0.039,0.055,0.00,,-7,2424,0,2299,38,0.51,20.4,1.00,0.048
199.80,FINAL,118.85,115.31,22.61,0.20,0.1,-9.2,-13.7,-36.7,-2942,0.27,0.041,0.054,0.00,,-7,2422,0,2297,37,0.50,20.4,1.00,0.050
199.90,FINAL,118.87,115.32,22.57,0.14,0.0,-9.2,-13.9,-35.7,-2941,0.28,0.044,0.058,0.00,,-7,2421,0,2296,36,0.48,20.4,1.00,0.052
200.00,FINAL,118.88,115.34,22.53,0.08,-0.1,-9.3,-14.1,-34.6,-2939,0.28,0.046,0.056,0.00,,-7,2419,0,2294,35,0.46,20.4,1.00,0.055
200.10,FINAL,118.89,115.34,22.50,0.03,-0.1,-9.3,-14.3,-33.6,-2938,0.29,0.048,0.055,0.00,,-7,2418,0,2293,34,0.44,20.4,1.00,0.057
200.20,FINAL,118.89,115.34,22.47,-0.02,-0.2,-9.4,-14.6,-32.6,-2936,0.29,0.050,0.058,0.00,,-7,2416,0,2291,33,0.43,20.4,1.00,0.059
200.30,FINAL,118.88,115.34,22.44,-0.07,-0.2,-9.5,-14.8,-31.6,-2935,0.30,0.052,0.057,0.00,,-7,2415,0,2290,32,0.41,20.4,1.00,0.062
200.40,FINAL,118.88,115.33,22.41,-0.11,-0.2,-9.5,-15.0,-30.6,-2933,0.30,0.054,0.061,0.00,,-7,2413,0,2288,31,0.40,20.4,1.00,0.064
200.50,FINAL,118.86,115.32,22.38,-0.14,-0.3,-9.6,-15.2,-29.6,-2932,0.30,0.056,0.059,0.00,,-7,2412,0,2287,30,0.38,20.4,1.00,0.066
200.60,FINAL,118.85,115.30,22.36,-0.17,-0.3,-9.7,-15.4,-28.6,-2930,0.30,0.058,0.058,0.00,,-6,2410,0,2285,29,0.37,20.4,1.00,0.068
200.70,FINAL,118.83,115.29,22.33,-0.20,-0.3,-9.8,-15.6,-27.7,-2929,0.30,0.060,0.061,0.00,,-6,2409,0,2284,28,0.36,20.4,1.00,0.070
200.80,FINAL,118.81,115.26,22.31,-0.23,-0.3,-9.9,-15.8,-26.7,-2927,0.31,0.061,0.059,0.00,,-6,2407,0,2282,27,0.34,20.4,1.00,0.072
200.90,FINAL,118.79,115.24,22.29,-0.25,-0.3,-10.0,-16.0,-25.8,-2926,0.31,0.063,0.059,0.00,,-6,2406,0,2281,26,0.33,20.4,1.00,0.074
201.00,FINAL,118.76,115.22,22.27,-0.27,-0.3,-10.0,-16.2,-24.9,-2924,0.31,0.065,0.062,0.00,,-6,2404,0,2279,25,0.32,20.4,1.00,0.075
201.10,FINAL,118.73,115.19,22.25,-0.29,-0.3,-10.2,-16.4,-24.0,-2923,0.31,0.066,0.060,0.00,,-6,2403,0,2278,24,0.31,20.4,1.00,0.077
201.20,FINAL,118.70,115.16,22.23,-0.31,-0.3,-10.2,-16.5,-23.1,-2921,0.31,0.068,0.062,0.00,,-6,2401,0,2276,23,0.30,20.4,1.00,0.078
201.30,FINAL,118.67,115.13,22.21,-0.32,-0.3,-10.3,-16.7,-22.2,-2920,0.31,0.069,0.062,0.00,,-6,2400,0,2275,22,0.28,20.4,1.00,0.080
201.40,FINAL,118.64,115.09,22.19,-0.33,-0.3,-10.5,-16.9,-21.3,-2918,0.31,0.070,0.061,0.00,,-6,2398,0,2273,21,0.27,20.4,1.00,0.081
201.50,FINAL,118.61,115.06,22.17,-0.34,-0.3,-10.5,-17.0,-20.5,-2916,0.31,0.072,0.065,0.00,,-6,2396,0,2271,20,0.26,20.4,1.00,0.082
201.60,FINAL,118.57,115.03,22.16,-0.35,-0.3,-10.7,-17.2,-19.6,-2915,0.31,0.073,0.063,0.00,,-6,2395,0,2270,20,0.25,20.4,1.00,0.083
201.70,FINAL,118.53,114.99,22.14,-0.36,-0.3,-10.8,-17.3,-18.8,-2913,0.31,0.074,0.063,0.00,,-6,2393,0,2268,19,0.24,20.4,1.00,0.085
201.80,FINAL,118.50,114.95,22.12,-0.37,-0.2,-10.8,-17.4,-18.0,-2912,0.31,0.076,0.065,0.00,,-6,2392,0,2267,18,0.23,20.4,1.00,0.086
201.90,FINAL,118.46,114.92,22.10,-0.38,-0.2,-11.0,-17.5,-17.2,-2910,0.31,0.077,0.064,0.00,,-6,2390,0,2265,17,0.22,20.4,1.00,0.086
202.00,FINAL,118.42,114.88,22.09,-0.38,-0.2,-11.1,-17.6,-16.4,-2908,0.31,0.078,0.065,0.00,,-6,2388,0,2263,16,0.20,20.4,1.00,0.087
202.10,FINAL,118.38,114.84,22.07,-0.39,-0.2,-11.2,-17.8,-15.7,-2907,0.31,0.079,0.065,0.00,,-6,2387,0,2262,16,0.19,20.4,1.00,0.088
202.20,FINAL,118.35,114.80,22.05,-0.39,-0.2,-11.3,-17.8,-14.9,-2905,0.31,0.080,0.065,0.00,,-6,2385,0,2260,15,0.18,20.4,1.00,0.089
202.30,FINAL,118.31,114.76,22.03,-0.40,-0.2,-11.4,-17.9,-14.2,-2903,0.30,0.081,0.066,0.00,,-6,2383,0,2258,14,0.17,20.4,1.00,0.089
202.40,FINAL,118.27,114.72,22.02,-0.40,-0.2,-11.4,-18.0,-13.5,-2902,0.30,0.082,0.065,0.00,,-6,2382,0,2257,13,0.16,20.4,1.00,0.090
202.50,FINAL,118.23,114.68,22.00,-0.40,-0.2,-11.5,-18.1,-12.8,-2900,0.30,0.083,0.065,0.00,,-6,2380,0,2255,13,0.15,20.4,1.00,0.090
202.60,FINAL,118.19,114.64,21.98,-0.41,-0.2,-11.6,-18.1,-12.1,-2898,0.30,0.084,0.068,0.00,,-5,2378,0,2253,12,0.13,20.4,1.00,0.090
202.70,FINAL,118.14,114.60,21.97,-0.41,-0.1,-11.7,-18.2,-11.4,-2896,0.30,0.085,0.066,0.00,,-5,2376,0,2251,11,0.12,20.4,1.00,0.091
202.80,FINAL,118.10,114.56,21.95,-0.41,-0.1,-11.8,-18.2,-10.7,-2895,0.30,0.086,0.068,0.00,,-5,2375,0,2250,11,0.11,20.4,1.00,0.091
202.90,FINAL,118.06,114.52,21.93,-0.42,-0.1,-11.8,-18.3,-10.1,-2893,0.30,0.086,0.066,0.00,,-5,2373,0,2248,10,0.10,20.4,1.00,0.091
203.00,FINAL,118.02,114.48,21.92,-0.42,-0.1,-11.9,-18.3,-9.5,-2891,0.30,0.087,0.066,0.00,,-5,2371,0,2246,9,0.08,20.4,1.00,0.091
203.10,FINAL,117.98,114.43,21.90,-0.42,-0.1,-11.9,-18.3,-8.9,-2889,0.30,0.088,0.067,0.00,,-5,2369,0,2244,9,0.07,20.4,1.00,0.092
203.20,FINAL,117.94,114.39,21.88,-0.42,-0.1,-11.9,-18.4,-8.3,-2888,0.30,0.089,0.067,0.00,,-5,2368,0,2243,8,0.06,20.4,1.00,0.092
203.30,FINAL,117.89,114.35,21.87,-0.43,-0.1,-11.8,-18.4,-7.7,-2886,0.30,0.090,0.066,0.00,,-5,2366,0,2241,8,0.05,20.4,1.00,0.092
203.40,FINAL,117.85,114.31,21.85,-0.43,-0.1,-11.8,-18.4,-7.2,-2884,0.30,0.091,0.068,0.00,,-5,2364,0,2239,7,0.03,20.4,1.00,0.092
203.50,FINAL,117.81,114.26,21.83,-0.43,-0.1,-11.7,-18.4,-6.7,-2882,0.30,0.091,0.067,0.00,,-5,2362,0,2237,7,0.02,20.4,1.00,0.092
203.60,FINAL,117.77,114.22,21.81,-0.43,-0.1,-11.6,-18.3,-6.2,-2880,0.30,0.092,0.069,0.00,,-5,2360,0,2235,6,0.01,20.4,1.00,0.092
203.70,FINAL,117.72,114.18,21.80,-0.43,-0.1,-11.5,-18.3,-5.7,-2879,0.30,0.093,0.068,0.00,,-5,2359,0,2234,6,-0.00,20.4,1.00,0.091
203.80,FINAL,117.68,114.13,21.78,-0.44,-0.2,-11.4,-18.3,-5.2,-2877,0.30,0.093,0.067,0.00,,-5,2357,0,2232,5,-0.02,20.4,1.00,0.091
203.90,FINAL,117.63,114.09,21.76,-0.44,-0.2,-11.3,-18.3,-4.7,-2875,0.30,0.094,0.069,0.00,,-5,2355,0,2230,5,-0.03,20.4,1.00,0.091
204.00,FINAL,117.59,114.05,21.75,-0.44,-0.2,-11.2,-18.2,-4.3,-2873,0.30,0.094,0.068,0.00,,-5,2353,0,2228,4,-0.04,20.4,1.00,0.091
204.10,FINAL,117.55,114.00,21.73,-0.44,-0.2,-11.0,-18.2,-3.9,-2871,0.30,0.094,0.069,0.00,,-5,2351,0,2226,4,-0.06,20.4,1.00,0.090
204.20,FINAL,117.50,113.96,21.71,-0.44,-0.2,-10.8,-18.2,-3.5,-2869,0.30,0.095,0.069,0.00,,-5,2349,0,2224,3,-0.07,20.4,1.00,0.090
204.30,FINAL,117.46,113.91,21.69,-0.44,-0.2,-10.7,-18.1,-3.1,-2867,0.30,0.095,0.069,0.00,,-5,2347,0,2222,3,-0.08,20.4,1.00,0.089
204.40,FINAL,117.42,113.87,21.68,-0.44,-0.2,-10.5,-18.1,-2.7,-2865,0.30,0.095,0.069,0.00,,-5,2345,0,2220,3,-0.10,20.4,1.00,0.089
204.50,FINAL,117.37,113.83,21.66,-0.44,-0.2,-10.3,-18.1,-2.4,-2864,0.30,0.095,0.069,0.00,,-4,2344,0,2219,2,-0.11,20.4,1.00,0.088
204.60,FINAL,117.33,113.78,21.64,-0.44,-0.2,-10.1,-18.1,-2.0,-2862,0.29,0.095,0.070,0.00,,-4,2342,0,2217,2,-0.12,20.4,1.00,0.088
204.70,FINAL,117.28,113.74,21.62,-0.45,-0.2,-9.8,-18.2,-1.7,-2860,0.29,0.096,0.070,0.00,,-4,2340,0,2215,2,-0.14,20.4,1.00,0.087
204.80,FINAL,117.24,113.69,21.61,-0.45,-0.2,-9.6,-18.2,-1.4,-2858,0.29,0.096,0.070,0.00,,-4,2338,0,2213,1,-0.15,20.4,1.00,0.087
204.90,FINAL,117.19,113.65,21.59,-0.45,-0.2,-9.4,-18.2,-1.1,-2856,0.29,0.096,0.071,0.00,,-4,2336,0,2211,1,-0.16,20.4,1.00,0.086
205.00,FINAL,117.15,113.60,21.57,-0.45,-0.2,-9.1,-18.3,-0.9,-2854,0.29,0.096,0.071,0.00,,-4,2334,0,2209,1,-0.18,20.4,1.00,0.086
205.10,FINAL,117.10,113.56,21.55,-0.46,-0.3,-8.9,-18.4,-0.6,-2852,0.29,0.095,0.071,0.00,,-4,2332,0,2207,1,-0.19,20.4,1.00,0.085
205.20,FINAL,117.06,113.51,21.54,-0.46,-0.3,-8.6,-18.5,-0.4,-2850,0.29,0.095,0.072,0.00,,-4,2330,0,2205,0,-0.20,20.4,1.00,0.085
205.30,FINAL,117.01,113.47,21.52,-0.46,-0.3,-8.3,-18.6,-0.2,-2848,0.29,0.095,0.073,0.00,,-4,2328,0,2203,0,-0.21,20.4,1.00,0.084
205.40,FINAL,116.96,113.42,21.50,-0.47,-0.3,-8.1,-18.8,0.0,-2846,0.29,0.095,0.073,0.00,,-4,2326,0,2201,-0,-0.23,20.4,1.00,0.084
205.50,FINAL,116.92,113.37,21.49,-0.48,-0.3,-7.8,-18.9,0.2,-2844,0.29,0.095,0.073,0.00,,-4,2324,0,2199,-0,-0.24,20.4,1.00,0.083
205.60,FINAL,116.87,113.32,21.47,-0.48,-0.3,-7.5,-19.1,0.4,-2842,0.29,0.095,0.074,0.00,,-4,2322,0,2197,-0,-0.25,20.4,1.00,0.083
205.70,FINAL,116.82,113.28,21.46,-0.49,-0.3,-7.2,-19.4,0.6,-2840,0.29,0.095,0.075,0.00,,-4,2320,0,2195,-1,-0.27,20.4,1.00,0.082
205.80,FINAL,116.77,113.23,21.44,-0.49,-0.3,-7.0,-19.1,0.7,-2838,0.29,0.095,0.056,0.00,,-4,2318,0,2193,-1,-0.28,20.4,1.00,0.082
205.90,FINAL,116.72,113.18,21.43,-0.50,-0.3,-6.7,-18.7,0.9,-2836,0.29,0.095,0.043,0.00,,-4,2316,0,2191,-1,-0.29,20.4,1.00,0.082
206.00,FINAL,116.67,113.13,21.41,-0.51,-0.3,-6.4,-18.4,1.0,-2834,0.29,0.095,0.040,0.00,,-4,2314,0,2189,-1,-0.30,20.4,1.00,0.081
206.10,FINAL,116.62,113.08,21.40,-0.52,-0.3,-6.1,-18.1,1.1,-2832,0.29,0.094,0.040,0.00,,-4,2312,0,2187,-1,-0.31,20.4,1.00,0.081
206.20,FINAL,116.57,113.02,21.39,-0.53,-0.3,-5.8,-17.9,1.2,-2830,0.29,0.094,0.042,0.00,,-4,2310,0,2185,-1,-0.33,20.4,1.00,0.081
206.30,FINAL,116.52,112.97,21.37,-0.54,-0.3,-5.5,-17.7,1.3,-2828,0.29,0.094,0.045,0.00,,-4,2308,0,2183,-1,-0.34,20.4,1.00,0.080
206.40,FINAL,116.46,112.92,21.36,-0.55,-0.3,-5.2,-17.5,1.4,-2826,0.29,0.094,0.048,0.00,,-3,2306,0,2181,-1,-0.35,20.4,1.00,0.080
206.50,FINAL,116.41,112.86,21.35,-0.55,-0.3,-4.9,-17.4,1.4,-2824,0.29,0.095,0.051,0.00,,-3,2304,0,2179,-1,-0.36,20.4,1.00,0.080
206.60,FINAL,116.35,112.81,21.34,-0.56,-0.3,-4.6,-17.2,1.5,-2822,0.29,0.095,0.054,0.00,,-3,2302,0,2177,-1,-0.37,20.4,1.00,0.080
206.70,FINAL,116.29,112.75,21.33,-0.57,-0.2,-4.3,-17.1,1.5,-2820,0.29,0.095,0.057,0.00,,-3,2300,0,2175,-2,-0.38,20.4,1.00,0.080
206.80,FINAL,116.24,112.69,21.31,-0.58,-0.2,-4.0,-17.0,1.6,-2818,0.28,0.095,0.060,0.00,,-3,2298,0,2173,-2,-0.39,20.4,1.00,0.080
206.90,FINAL,116.18,112.63,21.30,-0.59,-0.2,-3.7,-16.9,1.6,-2816,0.28,0.096,0.062,0.00,,-3,2296,0,2171,-2,-0.40,20.4,1.00,0.080
207.00,FINAL,116.12,112.57,21.29,-0.60,-0.2,-3.5,-16.8,1.6,-2814,0.28,0.096,0.065,0.00,,-3,2294,0,2169,-2,-0.41,20.4,1.00,0.080
207.10,FINAL,116.06,112.51,21.28,-0.61,-0.2,-3.2,-16.7,1.7,-2812,0.28,0.096,0.067,0.00,,-3,2292,0,2167,-2,-0.42,20.4,1.00,0.080
207.20,FINAL,116.00,112.45,21.27,-0.62,-0.2,-3.0,-16.6,1.7,-2810,0.28,0.097,0.069,0.00,,-3,2290,0,2165,-2,-0.43,20.4,1.00,0.080
207.30,FINAL,115.94,112.39,21.26,-0.62,-0.2,-2.8,-16.5,1.7,-2808,0.28,0.097,0.071,0.00,,-3,2288,0,2163,-2,-0.44,20.4,1.00,0.080
207.40,FINAL,115.87,112.33,21.26,-0.63,-0.2,-2.6,-16.4,1.7,-2806,0.28,0.098,0.072,0.00,,-3,2286,0,2161,-2,-0.45,20.4,1.00,0.080
207.50,FINAL,115.81,112.26,21.25,-0.64,-0.2,-2.4,-16.3,1.7,-2804,0.28,0.098,0.073,0.00,,-3,2284,0,2159,-2,-0.46,20.4,1.00,0.080
207.60,FINAL,115.75,112.20,21.24,-0.64,-0.2,-2.2,-16.2,1.7,-2802,0.28,0.099,0.074,0.00,,-3,2282,0,2157,-2,-0.46,20.4,1.00,0.080
207.70,FINAL,115.68,112.14,21.23,-0.65,-0.2,-2.0,-16.1,1.7,-2800,0.28,0.099,0.075,0.00,,-3,2280,0,2155,-2,-0.47,20.4,1.00,0.080
207.80,FINAL,115.62,112.07,21.22,-0.66,-0.2,-1.8,-15.9,1.7,-2798,0.28,0.099,0.076,0.00,,-3,2278,0,2153,-2,-0.48,20.4,1.00,0.080
207.90,FINAL,115.55,112.00,21.21,-0.66,-0.2,-1.7,-15.8,1.6,-2796,0.28,0.100,0.076,0.00,,-3,2276,0,2151,-2,-0.49,20.4,1.00,0.080
208.00,FINAL,115.48,111.94,21.20,-0.67,-0.2,-1.5,-15.7,1.6,-2794,0.28,0.100,0.077,0.00,,-3,2274,0,2149,-2,-0.50,20.4,1.00,0.079
208.10,FINAL,115.42,111.87,21.19,-0.68,-0.2,-1.4,-15.6,1.6,-2792,0.28,0.101,0.077,0.00,,-3,2272,0,2147,-2,-0.50,20.4,1.00,0.079
208.20,FINAL,115.35,111.80,21.19,-0.68,-0.2,-1.3,-15.4,1.6,-2790,0.28,0.101,0.078,0.00,,-3,2270,0,2145,-2,-0.51,20.4,1.00,0.079
208.30,FINAL,115.28,111.73,21.18,-0.69,-0.2,-1.1,-15.3,1.5,-2788,0.28,0.102,0.078,0.00,,-3,2268,0,2143,-2,-0.52,20.4,1.00,0.079
208.40,FINAL,115.21,111.67,21.17,-0.69,-0.2,-1.0,-15.2,1.5,-2786,0.27,0.102,0.078,0.00,,-3,2266,0,2141,-2,-0.53,20.4,1.00,0.079
208.50,FINAL,115.14,111.60,21.16,-0.70,-0.2,-0.9,-15.1,1.5,-2784,0.27,0.102,0.078,0.00,,-3,2264,0,2139,-1,-0.53,20.4,1.00,0.079
208.60,FINAL,115.07,111.53,21.15,-0.70,-0.2,-0.8,-15.0,1.4,-2782,0.27,0.103,0.078,0.00,,-3,2262,0,2137,-1,-0.54,20.4,1.00,0.079
208.70,FINAL,115.00,111.46,21.15,-0.71,-0.2,-0.6,-14.9,1.4,-2780,0.27,0.103,0.078,0.00,,-3,2260,0,2135,-1,-0.55,20.4,1.00,0.079
208.80,FINAL,114.93,111.38,21.14,-0.71,-0.2,-0.5,-14.8,1.4,-2778,0.27,0.104,0.079,0.00,,-2,2258,0,2133,-1,-0.55,20.4,1.00,0.079
208.90,FINAL,114.86,111.31,21.13,-0.72,-0.2,-0.4,-14.7,1.3,-2776,0.27,0.104,0.079,0.00,,-2,2256,0,2131,-1,-0.56,20.4,1.00,0.079
209.00,FINAL,114.79,111.24,21.12,-0.72,-0.2,-0.3,-14.6,1.3,-2774,0.27,0.104,0.079,0.00,,-2,2254,0,2129,-1,-0.57,20.4,1.00,0.079
209.10,FINAL,114.71,111.17,21.12,-0.73,-0.2,-0.2,-14.6,1.2,-2772,0.27,0.105,0.079,0.00,,-2,2252,0,2127,-1,-0.57,20.4,1.00,0.079
209.20,FINAL,114.64,111.09,21.11,-0.73,-0.2,-0.1,-14.5,1.2,-2770,0.27,0.105,0.079,0.00,,-2,2250,0,2125,-1,-0.58,20.4,1.00,0.079
209.30,FINAL,114.57,111.02,21.10,-0.74,-0.2,-0.0,-14.5,1.1,-2768,0.27,0.106,0.080,0.00,,-2,2248,0,2123,-1,-0.59,20.4,1.00,0.079
209.40,FINAL,114.49,110.95,21.10,-0.74,-0.2,0.1,-14.5,1.1,-2766,0.27,0.106,0.080,0.00,,-2,2246,0,2121,-1,-0.59,20.4,1.00,0.079
209.50,FINAL,114.42,110.87,21.09,-0.75,-0.2,0.2,-14.4,1.0,-2764,0.27,0.106,0.080,0.00,,-2,2244,0,2119,-1,-0.60,20.4,1.00,0.079
209.60,FINAL,114.34,110.80,21.08,-0.75,-0.2,0.2,-14.4,1.0,-2762,0.27,0.107,0.080,0.00,,-2,2242,0,2117,-1,-0.60,20.4,1.00,0.079
209.70,FINAL,114.27,110.72,21.08,-0.76,-0.2,0.3,-14.5,0.9,-2760,0.27,0.107,0.081,0.00,,-2,2240,0,2115,-1,-0.61,20.4,1.00,0.079
209.80,FINAL,114.19,110.65,21.07,-0.76,-0.2,0.4,-14.5,0.9,-2758,0.27,0.108,0.081,0.00,,-2,2238,0,2113,-1,-0.61,20.4,1.00,0.079
209.90,FINAL,114.12,110.57,21.06,-0.76,-0.2,0.5,-14.5,0.8,-2756,0.27,0.108,0.081,0.00,,-2,2236,0,2111,-1,-0.62,20.4,1.00,0.079
210.00,FINAL,114.04,110.49,21.06,-0.77,-0.2,0.6,-14.5,0.8,-2754,0.27,0.108,0.082,0.00,,-2,2234,0,2109,-1,-0.62,20.4,1.00,0.079
210.10,FINAL,113.96,110.42,21.05,-0.77,-0.1,0.6,-14.6,0.7,-2752,0.27,0.109,0.082,0.00,,-2,2232,0,2107,-1,-0.63,20.4,1.00,0.079
210.20,FINAL,113.88,110.34,21.04,-0.77,-0.1,0.7,-14.6,0.6,-2750,0.27,0.109,0.082,0.00,,-2,2230,0,2105,-1,-0.63,20.4,1.00,0.079
210.30,FINAL,113.81,110.26,21.04,-0.78,-0.1,0.7,-14.7,0.6,-2748,0.27,0.109,0.083,0.00,,-2,2228,0,2103,-1,-0.64,20.4,1.00,0.079
210.40,FINAL,113.73,110.18,21.03,-0.78,-0.1,0.8,-14.8,0.5,-2746,0.27,0.110,0.083,0.00,,-2,2226,0,2101,-1,-0.64,20.4,1.00,0.079
210.50,FINAL,113.65,110.11,21.03,-0.78,-0.1,0.9,-14.8,0.5,-2744,0.27,0.110,0.083,0.00,,-2,2224,0,2099,-0,-0.65,20.4,1.00,0.079
210.60,FINAL,113.57,110.03,21.02,-0.78,-0.1,0.9,-14.9,0.4,-2742,0.27,0.110,0.084,0.00,,-2,2222,0,2097,-0,-0.65,20.4,1.00,0.079
210.70,FINAL,113.49,109.95,21.01,-0.79,-0.1,0.9,-15.0,0.4,-2740,0.27,0.111,0.084,0.00,,-2,2220,0,2095,-0,-0.66,20.4,1.00,0.079
210.80,FINAL,113.42,109.87,21.01,-0.79,-0.1,1.0,-15.0,0.3,-2738,0.27,0.111,0.084,0.00,,-2,2218,0,2093,-0,-0.66,20.4,1.00,0.079
210.90,FINAL,113.34,109.79,21.00,-0.79,-0.1,1.0,-15.1,0.3,-2736,0.27,0.111,0.084,0.00,,-2,2216,0,2091,-0,-0.67,20.4,1.00,0.079
211.00,FINAL,113.26,109.71,20.99,-0.79,-0.1,1.0,-15.2,0.3,-2734,0.27,0.111,0.085,0.00,,-2,2214,0,2089,-0,-0.67,20.4,1.00,0.079
211.10,FINAL,113.18,109.63,20.99,-0.79,-0.1,1.1,-15.3,0.2,-2732,0.27,0.112,0.085,0.00,,-2,2212,0,2087,-0,-0.68,20.4,1.00,0.079
211.20,FINAL,113.10,109.55,20.98,-0.79,-0.1,1.1,-15.4,0.2,-2730,0.27,0.112,0.085,0.00,,-2,2210,0,2085,-0,-0.68,20.4,1.00,0.079
211.30,FINAL,113.02,109.48,20.98,-0.79,-0.1,1.1,-15.4,0.1,-2728,0.26,0.112,0.085,0.00,,-2,2208,0,2083,-0,-0.69,20.4,1.00,0.079
211.40,FINAL,112.94,109.40,20.97,-0.80,-0.1,1.1,-15.5,0.1,-2726,0.26,0.112,0.085,0.00,,-2,2206,0,2081,-0,-0.69,20.4,1.00,0.079
211.50,FINAL,112.86,109.32,20.96,-0.80,-0.1,1.1,-15.6,0.0,-2724,0.26,0.113,0.085,0.00,,-2,2204,0,2079,-0,-0.69,20.4,1.00,0.079
211.60,FINAL,112.78,109.24,20.96,-0.80,-0.1,1.1,-15.7,-0.0,-2722,0.26,0.113,0.085,0.00,,-2,2202,0,2077,0,-0.70,20.4,1.00,0.078
211.70,FINAL,112.70,109.16,20.95,-0.80,-0.1,1.1,-15.7,-0.0,-2720,0.26,0.113,0.085,0.00,,-2,2200,0,2075,0,-0.70,20.4,1.00,0.078
211.80,FINAL,112.62,109.08,20.95,-0.80,-0.1,1.1,-15.8,-0.1,-2718,0.26,0.113,0.085,0.00,,-2,2198,0,2073,0,-0.71,20.4,1.00,0.078
211.90,FINAL,112.54,109.00,20.94,-0.80,-0.1,1.1,-15.8,-0.1,-2716,0.26,0.113,0.085,0.00,,-2,2196,0,2071,0,-0.71,20.4,1.00,0.078
212.00,FINAL,112.46,108.92,20.93,-0.80,-0.1,1.1,-15.9,-0.1,-2714,0.26,0.114,0.085,0.00,,-2,2194,0,2069,0,-0.72,20.4,1.00,0.078
212.10,FINAL,112.38,108.84,20.93,-0.80,-0.1,1.1,-16.0,-0.2,-2712,0.26,0.114,0.085,0.00,,-2,2192,0,2067,0,-0.72,20.4,1.00,0.078
212.20,FINAL,112.30,108.76,20.92,-0.80,-0.1,1.1,-16.0,-0.2,-2710,0.26,0.114,0.085,0.00,,-2,2190,0,2065,0,-0.72,20.4,1.00,0.078
212.30,FINAL,112.22,108.68,20.92,-0.80,-0.1,1.1,-16.1,-0.2,-2708,0.26,0.114,0.085,0.00,,-2,2188,0,2063,0,-0.73,20.4,1.00,0.077
212.40,FINAL,112.14,108.60,20.91,-0.80,-0.1,1.0,-16.1,-0.3,-2706,0.26,0.114,0.085,0.00,,-2,2186,0,2061,0,-0.73,20.4,1.00,0.077
212.50,FINAL,112.06,108.52,20.90,-0.80,-0.0,1.0,-16.1,-0.3,-2704,0.26,0.115,0.085,0.00,,-1,2184,0,2059,0,-0.74,20.4,1.00,0.077
212.60,FINAL,111.98,108.44,20.90,-0.80,-0.0,1.0,-16.2,-0.3,-2702,0.26,0.115,0.084,0.00,,-1,2182,0,2057,0,-0.74,20.4,1.00,0.077
212.70,FINAL,111.90,108.36,20.89,-0.80,-0.0,1.0,-16.2,-0.3,-2700,0.26,0.115,0.084,0.00,,-1,2180,0,2055,0,-0.74,20.4,1.00,0.077
212.80,FINAL,111.82,108.28,20.88,-0.81,-0.0,1.0,-16.3,-0.4,-2698,0.26,0.115,0.084,0.00,,-1,2178,0,2053,0,-0.75,20.4,1.00,0.076
212.90,FINAL,111.74,108.19,20.88,-0.81,-0.0,1.0,-16.3,-0.4,-2696,0.26,0.115,0.084,0.00,,-1,2176,0,2051,0,-0.75,20.4,1.00,0.076
213.00,FINAL,111.66,108.11,20.87,-0.81,-0.0,0.9,-16.3,-0.4,-2694,0.26,0.116,0.084,0.00,,-1,2174,0,2049,0,-0.76,20.4,1.00,0.076
213.10,FINAL,111.58,108.03,20.87,-0.81,-0.0,0.9,-16.4,-0.4,-2692,0.26,0.116,0.084,0.00,,-1,2172,0,2047,0,-0.76,20.4,1.00,0.076
213.20,FINAL,111.50,107.95,20.86,-0.81,-0.0,0.9,-16.4,-0.4,-2690,0.26,0.116,0.084,0.00,,-1,2170,0,2045,0,-0.76,20.4,1.00,0.076
213.30,FINAL,111.42,107.87,20.85,-0.81,-0.0,0.9,-16.4,-0.5,-2688,0.26,0.116,0.083,0.00,,-1,2168,0,2043,0,-0.77,20.4,1.00,0.075
213.40,FINAL,111.34,107.79,20.85,-0.81,-0.0,0.9,-16.5,-0.5,-2686,0.26,0.116,0.083,0.00,,-1,2166,0,2041,0,-0.77,20.4,1.00,0.075
213.50,FINAL,111.25,107.71,20.84,-0.81,-0.0,0.8,-16.5,-0.5,-2684,0.26,0.116,0.083,0.00,,-1,2164,0,2039,0,-0.78,20.4,1.00,0.075
213.60,FINAL,111.17,107.63,20.84,-0.81,-0.0,0.8,-16.5,-0.5,-2682,0.26,0.117,0.083,0.00,,-1,2162,0,2037,1,-0.78,20.4,1.00,0.075
213.70,FINAL,111.09,107.55,20.83,-0.81,-0.0,0.8,-16.6,-0.5,-2680,0.26,0.117,0.083,0.00,,-1,2160,0,2035,1,-0.78,20.4,1.00,0.075
213.80,FINAL,111.01,107.47,20.83,-0.82,-0.0,0.8,-16.6,-0.5,-2678,0.26,0.117,0.083,0.00,,-1,2158,0,2033,1,-0.79,20.4,1.00,0.074
213.90,FINAL,110.93,107.38,20.82,-0.82,-0.0,0.8,-16.6,-0.6,-2676,0.26,0.117,0.083,0.00,,-1,2156,0,2031,1,-0.79,20.4,1.00,0.074
214.00,FINAL,110.85,107.30,20.81,-0.82,-0.0,0.8,-16.6,-0.6,-2674,0.26,0.117,0.083,0.00,,-1,2154,0,2029,1,-0.79,20.4,1.00,0.074
214.10,FINAL,110.77,107.22,20.81,-0.82,-0.0,0.7,-16.7,-0.6,-2672,0.26,0.118,0.083,0.00,,-1,2152,0,2027,1,-0.80,20.4,1.00,0.074
214.20,FINAL,110.68,107.14,20.80,-0.82,-0.0,0.7,-16.7,-0.6,-2670,0.26,0.118,0.083,0.00,,-1,2150,0,2025,1,-0.80,20.4,1.00,0.074
214.30,FINAL,110.60,107.06,20.80,-0.82,-0.0,0.7,-16.7,-0.6,-2668,0.26,0.118,0.082,0.00,,-1,2148,0,2023,1,-0.81,20.4,1.00,0.073
214.40,FINAL,110.52,106.97,20.79,-0.82,-0.0,0.7,-16.8,-0.6,-2666,0.26,0.118,0.083,0.00,,-1,2146,0,2021,1,-0.81,20.4,1.00,0.073
214.50,FINAL,110.44,106.89,20.79,-0.82,-0.0,0.7,-16.8,-0.6,-2664,0.26,0.118,0.082,0.00,,-1,2144,0,2019,1,-0.81,20.4,1.00,0.073
214.60,FINAL,110.35,106.81,20.78,-0.83,-0.0,0.7,-16.8,-0.6,-2662,0.26,0.118,0.082,0.00,,-1,2142,0,2017,1,-0.82,20.4,1.00,0.073
214.70,FINAL,110.27,106.73,20.78,-0.83,-0.0,0.6,-16.8,-0.6,-2660,0.26,0.119,0.082,0.00,,-1,2140,0,2015,1,-0.82,20.4,1.00,0.072
214.80,FINAL,110.19,106.64,20.77,-0.83,-0.0,0.6,-16.8,-0.6,-2658,0.26,0.119,0.082,0.00,,-1,2138,0,2013,1,-0.82,20.4,1.00,0.072
214.90,FINAL,110.11,106.56,20.77,-0.83,-0.0,0.6,-16.9,-0.6,-2656,0.26,0.119,0.082,0.00,,-1,2136,0,2011,1,-0.83,20.4,1.00,0.072
215.00,FINAL,110.02,106.48,20.76,-0.83,-0.0,0.6,-16.9,-0.6,-2654,0.26,0.119,0.082,0.00,,-1,2134,0,2009,1,-0.83,20.4,1.00,0.072
215.10,FINAL,109.94,106.39,20.76,-0.83,-0.0,0.6,-16.9,-0.6,-2652,0.26,0.119,0.082,0.00,,-1,2132,0,2007,1,-0.83,20.4,1.00,0.072
215.20,FINAL,109.86,106.31,20.75,-0.83,-0.0,0.6,-16.9,-0.6,-2650,0.26,0.120,0.082,0.00,,-1,2130,0,2005,1,-0.84,20.4,1.00,0.072
215.30,FINAL,109.77,106.23,20.75,-0.84,-0.0,0.5,-16.9,-0.6,-2648,0.26,0.120,0.082,0.00,,-1,2128,0,2003,1,-0.84,20.4,1.00,0.071
215.40,FINAL,109.69,106.14,20.74,-0.84,-0.0,0.5,-17.0,-0.6,-2646,0.26,0.120,0.082,0.00,,-1,2126,0,2001,1,-0.84,20.4,1.00,0.071
215.50,FINAL,109.61,106.06,20.74,-0.84,-0.0,0.5,-17.0,-0.6,-2645,0.26,0.120,0.082,0.00,,-1,2125,0,2000,1,-0.85,20.4,1.00,0.071
215.60,FINAL,109.52,105.98,20.73,-0.84,-0.0,0.5,-17.0,-0.6,-2643,0.26,0.120,0.082,0.00,,-1,2123,0,1998,1,-0.85,20.4,1.00,0.071
215.70,FINAL,109.44,105.89,20.73,-0.84,-0.0,0.5,-17.0,-0.6,-2641,0.26,0.120,0.082,0.00,,-1,2121,0,1996,1,-0.85,20.4,1.00,0.071
215.80,FINAL,109.35,105.81,20.72,-0.84,-0.0,0.5,-17.0,-0.6,-2639,0.26,0.121,0.082,0.00,,-1,2119,0,1994,1,-0.86,20.4,1.00,0.070
215.90,FINAL,109.27,105.72,20.72,-0.84,-0.0,0.5,-17.0,-0.6,-2637,0.26,0.121,0.082,0.00,,-1,2117,0,1992,1,-0.86,20.4,1.00,0.070
216.00,FINAL,109.18,105.64,20.71,-0.85,-0.0,0.4,-17.1,-0.6,-2635,0.26,0.121,0.082,0.00,,-1,2115,0,1990,1,-0.86,20.4,1.00,0.070
216.10,FINAL,109.10,105.56,20.71,-0.85,-0.0,0.4,-17.1,-0.6,-2633,0.26,0.121,0.082,0.00,,-1,2113,0,1988,1,-0.87,20.4,1.00,0.070
216.20,FINAL,109.02,105.47,20.71,-0.85,-0.0,0.4,-17.1,-0.6,-2631,0.26,0.121,0.082,0.00,,-1,2111,0,1986,1,-0.87,20.4,1.00,0.070
216.30,FINAL,108.93,105.39,20.70,-0.85,-0.0,0.4,-17.1,-0.6,-2629,0.26,0.122,0.082,0.00,,-1,2109,0,1984,1,-0.87,20.4,1.00,0.069
216.40,FINAL,108.85,105.30,20.70,-0.85,-0.0,0.4,-17.1,-0.6,-2627,0.26,0.122,0.082,0.00,,-1,2107,0,1982,1,-0.88,20.4,1.00,0.069
216.50,FINAL,108.76,105.22,20.69,-0.85,-0.0,0.4,-17.1,-0.6,-2625,0.26,0.122,0.082,0.00,,-1,2105,0,1980,1,-0.88,20.4,1.00,0.069
216.60,FINAL,108.67,105.13,20.69,-0.85,-0.0,0.4,-17.1,-0.6,-2623,0.26,0.122,0.082,0.00,,-1,2103,0,1978,1,-0.88,20.4,1.00,0.069
216.70,FINAL,108.59,105.04,20.68,-0.86,-0.0,0.4,-17.1,-0.6,-2621,0.26,0.122,0.082,0.00,,-1,2101,0,1976,1,-0.88,20.4,1.00,0.069
216.80,FINAL,108.50,104.96,20.68,-0.86,-0.0,0.3,-17.1,-0.6,-2619,0.26,0.122,0.082,0.00,,-1,2099,0,1974,1,-0.89,20.4,1.00,0.068
216.90,FINAL,108.42,104.87,20.68,-0.86,-0.0,0.3,-17.1,-0.6,-2617,0.26,0.123,0.082,0.00,,-1,2097,0,1972,1,-0.89,20.4,1.00,0.068
217.00,FINAL,108.33,104.79,20.67,-0.86,-0.0,0.3,-17.1,-0.6,-2615,0.26,0.123,0.082,0.00,,-1,2095,0,1970,1,-0.89,20.4,1.00,0.068
217.10,FINAL,108.25,104.70,20.67,-0.86,-0.0,0.3,-17.1,-0.6,-2613,0.26,0.123,0.082,0.00,,-1,2093,0,1968,1,-0.90,20.4,1.00,0.068
217.20,FINAL,108.16,104.61,20.66,-0.86,-0.0,0.3,-17.1,-0.6,-2611,0.26,0.123,0.082,0.00,,-1,2091,0,1966,1,-0.90,20.4,1.00,0.068
217.30,FINAL,108.07,104.53,20.66,-0.87,-0.0,0.3,-17.1,-0.6,-2609,0.26,0.123,0.082,0.00,,-1,2089,0,1964,1,-0.90,20.4,1.00,0.067
217.40,FINAL,107.99,104.44,20.66,-0.87,-0.0,0.3,-17.1,-0.6,-2607,0.26,0.123,0.082,0.00,,-1,2087,0,1962,1,-0.90,20.4,1.00,0.067
217.50,FINAL,107.90,104.35,20.65,-0.87,-0.0,0.3,-17.1,-0.6,-2605,0.26,0.124,0.082,0.00,,-1,2085,0,1960,1,-0.91,20.4,1.00,0.067
217.60,FINAL,107.81,104.27,20.65,-0.87,-0.0,0.3,-17.1,-0.6,-2603,0.26,0.124,0.082,0.00,,-1,2083,0,1958,1,-0.91,20.4,1.00,0.067
217.70,FINAL,107.73,104.18,20.65,-0.87,-0.0,0.3,-17.1,-0.6,-2601,0.26,0.124,0.082,0.00,,-1,2081,0,1956,1,-0.91,20.4,1.00,0.067
217.80,FINAL,107.64,104.09,20.64,-0.87,-0.0,0.3,-17.1,-0.6,-2600,0.26,0.124,0.082,0.00,,0,2080,0,1955,1,-0.92,20.4,1.00,0.067
217.90,FINAL,107.55,104.01,20.64,-0.87,-0.0,0.3,-17.1,-0.6,-2598,0.26,0.124,0.082,0.00,,0,2078,0,1953,1,-0.92,20.4,1.00,0.066
218.00,FINAL,107.46,103.92,20.63,-0.88,-0.0,0.3,-17.1,-0.6,-2596,0.26,0.124,0.082,0.00,,0,2076,0,1951,1,-0.92,20.4,1.00,0.066
218.10,FINAL,107.38,103.83,20.63,-0.88,-0.0,0.2,-17.1,-0.6,-2594,0.26,0.125,0.082,0.00,,0,2074,0,1949,1,-0.92,20.4,1.00,0.066
218.20,FINAL,107.29,103.74,20.63,-0.88,-0.0,0.2,-17.1,-0.6,-2592,0.26,0.125,0.082,0.00,,0,2072,0,1947,1,-0.93,20.4,1.00,0.066
218.30,FINAL,107.20,103.66,20.62,-0.88,-0.0,0.2,-17.1,-0.6,-2590,0.26,0.125,0.082,0.00,,0,2070,0,1945,1,-0.93,20.4,1.00,0.066
218.40,FINAL,107.11,103.57,20.62,-0.88,-0.0,0.2,-17.1,-0.6,-2588,0.26,0.125,0.082,0.00,,0,2068,0,1943,1,-0.93,20.4,1.00,0.065
218.50,FINAL,107.02,103.48,20.62,-0.88,-0.0,0.2,-17.1,-0.6,-2586,0.26,0.125,0.082,0.00,,0,2066,0,1941,1,-0.93,20.4,1.00,0.065
218.60,FINAL,106.94,103.39,20.61,-0.88,0.0,0.2,-17.1,-0.6,-2584,0.26,0.125,0.082,0.00,,0,2064,0,1939,1,-0.94,20.4,1.00,0.065
218.70,FINAL,106.85,103.30,20.61,-0.88,0.0,0.2,-17.1,-0.6,-2582,0.26,0.125,0.082,0.00,,0,2062,0,1937,1,-0.94,20.4,1.00,0.065
218.80,FINAL,106.76,103.21,20.60,-0.89,0.0,0.2,-17.1,-0.6,-2580,0.26,0.126,0.082,0.00,,0,2060,0,1935,1,-0.94,20.4,1.00,0.065
218.90,FINAL,106.67,103.13,20.60,-0.89,0.0,0.2,-17.1,-0.6,-2578,0.26,0.126,0.082,0.00,,0,2058,0,1933,1,-0.94,20.4,1.00,0.064
219.00,FINAL,106.58,103.04,20.60,-0.89,0.0,0.2,-17.1,-0.6,-2576,0.26,0.126,0.082,0.00,,0,2056,0,1931,1,-0.95,20.4,1.00,0.064
219.10,FINAL,106.49,102.95,20.59,-0.89,0.0,0.2,-17.1,-0.6,-2574,0.26,0.126,0.082,0.00,,0,2054,0,1929,1,-0.95,20.4,1.00,0.064
219.20,FINAL,106.40,102.86,20.59,-0.89,0.0,0.2,-17.1,-0.6,-2572,0.26,0.126,0.082,0.00,,0,2052,0,1927,1,-0.95,20.4,1.00,0.064
219.30,FINAL,106.32,102.77,20.59,-0.89,0.0,0.2,-17.1,-0.6,-2570,0.26,0.126,0.082,0.00,,0,2050,0,1925,1,-0.95,20.4,1.00,0.064
219.40,FINAL,106.23,102.68,20.58,-0.89,0.0,0.2,-17.1,-0.5,-2568,0.26,0.126,0.082,0.00,,0,2048,0,1923,1,-0.95,20.4,1.00,0.063
219.50,FINAL,106.14,102.59,20.58,-0.90,0.0,0.2,-17.1,-0.5,-2566,0.26,0.127,0.082,0.00,,0,2046,0,1921,1,-0.96,20.4,1.00,0.063
219.60,FINAL,106.05,102.50,20.58,-0.90,0.0,0.2,-17.1,-0.5,-2564,0.26,0.127,0.082,0.00,,0,2044,0,1919,1,-0.96,20.4,1.00,0.063
219.70,FINAL,105.96,102.41,20.57,-0.90,0.0,0.2,-17.1,-0.5,-2563,0.26,0.127,0.082,0.00,,0,2043,0,1918,1,-0.96,20.4,1.00,0.063
219.80,FINAL,105.87,102.32,20.57,-0.90,0.0,0.2,-17.1,-0.5,-2561,0.26,0.127,0.082,0.00,,0,2041,0,1916,1,-0.96,20.4,1.00,0.063
219.90,FINAL,105.78,102.23,20.57,-0.90,0.0,0.2,-17.1,-0.5,-2559,0.26,0.127,0.082,0.00,,0,2039,0,1914,1,-0.97,20.4,1.00,0.063
220.00,FINAL,105.69,102.14,20.57,-0.90,0.0,0.2,-17.1,-0.5,-2557,0.26,0.127,0.082,0.00,,0,2037,0,1912,1,-0.97,20.4,1.00,0.062
220.10,FINAL,105.60,102.05,20.56,-0.90,0.0,0.2,-17.1,-0.5,-2555,0.26,0.127,0.082,0.00,,0,2035,0,1910,1,-0.97,20.4,1.00,0.062
220.20,FINAL,105.51,101.96,20.56,-0.90,0.0,0.2,-17.1,-0.5,-2553,0.26,0.127,0.082,0.00,,0,2033,0,1908,1,-0.97,20.4,1.00,0.062
220.30,FINAL,105.42,101.87,20.56,-0.90,0.0,0.2,-17.1,-0.5,-2551,0.26,0.128,0.082,0.00,,0,2031,0,1906,1,-0.97,20.4,1.00,0.062
220.40,FINAL,105.33,101.78,20.55,-0.91,0.0,0.2,-17.1,-0.5,-2549,0.26,0.128,0.082,0.00,,0,2029,0,1904,1,-0.98,20.4,1.00,0.062
220.50,FINAL,105.24,101.69,20.55,-0.91,0.0,0.2,-17.1,-0.5,-2547,0.26,0.128,0.082,0.00,,0,2027,0,1902,1,-0.98,20.4,1.00,0.061
220.60,FINAL,105.15,101.60,20.55,-0.91,0.0,0.2,-17.1,-0.5,-2545,0.26,0.128,0.082,0.00,,0,2025,0,1900,1,-0.98,20.4,1.00,0.061
220.70,FINAL,105.05,101.51,20.55,-0.91,0.0,0.2,-17.1,-0.5,-2543,0.26,0.128,0.082,0.00,,0,2023,0,1898,1,-0.98,20.4,1.00,0.061
220.80,FINAL,104.96,101.42,20.54,-0.91,0.0,0.2,-17.1,-0.5,-2541,0.26,0.128,0.082,0.00,,0,2021,0,1896,1,-0.98,20.4,1.00,0.061
220.90,FINAL,104.87,101.33,20.54,-0.91,0.0,0.2,-17.0,-0.5,-2539,0.26,0.128,0.082,0.00,,0,2019,0,1894,1,-0.98,20.4,1.00,0.061
221.00,FINAL,104.78,101.24,20.54,-0.91,0.0,0.2,-17.0,-0.5,-2537,0.26,0.129,0.082,0.00,,0,2017,0,1892,1,-0.99,20.4,1.00,0.061
221.10,FINAL,104.69,101.14,20.53,-0.91,0.0,0.2,-17.0,-0.5,-2535,0.26,0.129,0.082,0.00,,0,2015,0,1890,1,-0.99,20.4,1.00,0.060
221.20,FINAL,104.60,101.05,20.53,-0.91,0.0,0.2,-17.0,-0.5,-2533,0.26,0.129,0.082,0.00,,0,2013,0,1888,0,-0.99,20.4,1.00,0.060
221.30,FINAL,104.51,100.96,20.53,-0.91,0.0,0.2,-17.0,-0.5,-2531,0.26,0.129,0.082,0.00,,0,2011,0,1886,0,-0.99,20.4,1.00,0.060
221.40,FINAL,104.42,100.87,20.53,-0.92,0.0,0.2,-17.0,-0.5,-2530,0.26,0.129,0.082,0.00,,0,2010,0,1885,0,-0.99,20.4,1.00,0.060
221.50,FINAL,104.32,100.78,20.52,-0.92,0.0,0.2,-17.0,-0.5,-2528,0.26,0.129,0.082,0.00,,0,2008,0,1883,0,-1.00,20.4,1.00,0.060
221.60,FINAL,104.23,100.69,20.52,-0.92,0.0,0.2,-17.0,-0.5,-2526,0.26,0.129,0.082,0.00,,0,2006,0,1881,0,-1.00,20.4,1.00,0.059
221.70,FINAL,104.14,100.60,20.52,-0.92,0.0,0.2,-17.0,-0.5,-2524,0.26,0.129,0.082,0.00,,0,2004,0,1879,0,-1.00,20.4,1.00,0.059
221.80,FINAL,104.05,100.50,20.52,-0.92,0.0,0.2,-17.0,-0.5,-2522,0.26,0.130,0.082,0.00,,0,2002,0,1877,0,-1.00,20.4,1.00,0.059
221.90,FINAL,103.96,100.41,20.51,-0.92,0.0,0.2,-17.0,-0.5,-2520,0.25,0.130,0.082,0.00,,0,2000,0,1875,0,-1.00,20.4,1.00,0.059
222.00,FINAL,103.86,100.32,20.51,-0.92,0.0,0.2,-17.0,-0.5,-2518,0.25,0.130,0.082,0.00,,0,1998,0,1873,0,-1.00,20.4,1.00,0.059
222.10,FINAL,103.77,100.23,20.51,-0.92,0.0,0.2,-17.0,-0.5,-2516,0.25,0.130,0.082,0.00,,0,1996,0,1871,0,-1.01,20.4,1.00,0.059
222.20,FINAL,103.68,100.14,20.51,-0.92,0.0,0.2,-17.0,-0.5,-2514,0.25,0.130,0.082,0.00,,0,1994,0,1869,0,-1.01,20.4,1.00,0.058
222.30,FINAL,103.59,100.04,20.51,-0.92,0.0,0.2,-17.0,-0.5,-2512,0.25,0.130,0.082,0.00,,0,1992,0,1867,0,-1.01,20.4,1.00,0.058
222.40,FINAL,103.50,99.95,20.50,-0.92,0.0,0.2,-17.0,-0.5,-2510,0.25,0.130,0.082,0.00,,0,1990,0,1865,0,-1.01,20.4,1.00,0.058
222.50,FINAL,103.40,99.86,20.50,-0.93,0.0,0.2,-17.0,-0.5,-2508,0.25,0.130,0.082,0.00,,0,1988,0,1863,0,-1.01,20.4,1.00,0.058
222.60,FINAL,103.31,99.77,20.50,-0.93,0.0,0.2,-17.0,-0.5,-2506,0.25,0.130,0.082,0.00,,0,1986,0,1861,0,-1.01,20.4,1.00,0.058
222.70,FINAL,103.22,99.67,20.50,-0.93,0.0,0.2,-17.0,-0.5,-2504,0.25,0.131,0.082,0.00,,0,1984,0,1859,0,-1.01,20.4,1.00,0.057
222.80,FINAL,103.12,99.58,20.49,-0.93,0.0,0.2,-17.0,-0.5,-2502,0.25,0.131,0.082,0.00,,0,1982,0,1857,0,-1.02,20.4,1.00,0.057
222.90,FINAL,103.03,99.49,20.49,-0.93,0.0,0.2,-17.0,-0.5,-2500,0.25,0.131,0.082,0.00,,0,1980,0,1855,0,-1.02,20.4,1.00,0.057
223.00,FINAL,102.94,99.39,20.49,-0.93,0.0,0.2,-17.0,-0.5,-2499,0.25,0.131,0.082,0.00,,0,1979,0,1854,0,-1.02,20.4,1.00,0.057
223.10,FINAL,102.85,99.30,20.49,-0.93,0.0,0.2,-17.0,-0.5,-2497,0.25,0.131,0.082,0.00,,0,1977,0,1852,0,-1.02,20.4,1.00,0.057
223.20,FINAL,102.75,99.21,20.49,-0.93,0.0,0.2,-17.0,-0.5,-2495,0.25,0.131,0.082,0.00,,0,1975,0,1850,0,-1.02,20.4,1.00,0.057
223.30,FINAL,102.66,99.12,20.48,-0.93,0.0,0.2,-17.0,-0.5,-2493,0.25,0.131,0.082,0.00,,0,1973,0,1848,0,-1.02,20.4,1.00,0.056
223.40,FINAL,102.57,99.02,20.48,-0.93,0.0,0.2,-17.0,-0.5,-2491,0.25,0.131,0.082,0.00,,0,1971,0,1846,0,-1.03,20.4,1.00,0.056
223.50,FINAL,102.47,98.93,20.48,-0.93,0.0,0.2,-17.0,-0.5,-2489,0.25,0.131,0.082,0.00,,0,1969,0,1844,0,-1.03,20.4,1.00,0.056
223.60,FINAL,102.38,98.84,20.48,-0.93,0.0,0.2,-17.0,-0.5,-2487,0.25,0.131,0.082,0.00,,0,1967,0,1842,0,-1.03,20.4,1.00,0.056
223.70,FINAL,102.29,98.74,20.48,-0.93,0.0,0.2,-17.0,-0.5,-2485,0.25,0.132,0.082,0.00,,0,1965,0,1840,0,-1.03,20.4,1.00,0.056
223.80,FINAL,102.19,98.65,20.47,-0.93,0.0,0.2,-17.0,-0.5,-2483,0.25,0.132,0.082,0.00,,0,1963,0,1838,0,-1.03,20.4,1.00,0.055
223.90,FINAL,102.10,98.56,20.47,-0.94,0.0,0.2,-17.0,-0.5,-2481,0.25,0.132,0.082,0.00,,0,1961,0,1836,0,-1.03,20.4,1.00,0.055
224.00,FINAL,102.01,98.46,20.47,-0.94,0.0,0.2,-17.0,-0.5,-2479,0.25,0.132,0.082,0.00,,0,1959,0,1834,0,-1.03,20.4,1.00,0.055
224.10,FINAL,101.91,98.37,20.47,-0.94,0.0,0.2,-17.0,-0.5,-2477,0.25,0.132,0.082,0.00,,0,1957,0,1832,0,-1.03,20.4,1.00,0.055
224.20,FINAL,101.82,98.27,20.47,-0.94,0.0,0.2,-17.0,-0.5,-2475,0.25,0.132,0.082,0.00,,0,1955,0,1830,0,-1.04,20.4,1.00,0.055
224.30,FINAL,101.73,98.18,20.46,-0.94,0.0,0.2,-17.0,-0.5,-2473,0.25,0.132,0.082,0.00,,0,1953,0,1828,0,-1.04,20.4,1.00,0.054
224.40,FINAL,101.63,98.09,20.46,-0.94,0.0,0.2,-17.0,-0.5,-2471,0.25,0.132,0.082,0.00,,0,1951,0,1826,0,-1.04,20.4,1.00,0.054
224.50,FINAL,101.54,97.99,20.46,-0.94,0.0,0.2,-17.0,-0.5,-2469,0.25,0.132,0.082,0.00,,0,1949,0,1824,0,-1.04,20.4,1.00,0.054
224.60,FINAL,101.44,97.90,20.46,-0.94,0.0,0.2,-17.0,-0.5,-2468,0.25,0.132,0.082,0.00,,0,1948,0,1823,0,-1.04,20.4,1.00,0.054
224.70,FINAL,101.35,97.80,20.46,-0.94,0.0,0.2,-17.0,-0.5,-2466,0.25,0.132,0.082,0.00,,0,1946,0,1821,0,-1.04,20.4,1.00,0.054
224.80,FINAL,101.26,97.71,20.45,-0.94,0.0,0.2,-17.0,-0.5,-2464,0.25,0.132,0.082,0.00,,0,1944,0,1819,0,-1.04,20.4,1.00,0.054
224.90,FINAL,101.16,97.62,20.45,-0.94,0.0,0.2,-17.0,-0.5,-2462,0.25,0.133,0.082,0.00,,0,1942,0,1817,0,-1.04,20.4,1.00,0.053
225.00,FINAL,101.07,97.52,20.45,-0.94,0.0,0.2,-17.0,-0.5,-2460,0.25,0.133,0.082,0.00,,0,1940,0,1815,0,-1.05,20.4,1.00,0.053
225.10,FINAL,100.97,97.43,20.45,-0.94,0.0,0.2,-17.0,-0.5,-2458,0.25,0.133,0.082,0.00,,0,1938,0,1813,0,-1.05,20.4,1.00,0.053
225.20,FINAL,100.88,97.33,20.45,-0.94,0.0,0.2,-17.0,-0.5,-2456,0.25,0.133,0.082,0.00,,0,1936,0,1811,0,-1.05,20.4,1.00,0.053
225.30,FINAL,100.78,97.24,20.44,-0.94,0.0,0.2,-17.0,-0.5,-2454,0.25,0.133,0.082,0.00,,0,1934,0,1809,0,-1.05,20.4,1.00,0.053
225.40,FINAL,100.69,97.14,20.44,-0.95,0.0,0.2,-17.0,-0.5,-2452,0.25,0.133,0.082,0.00,,0,1932,0,1807,0,-1.05,20.4,1.00,0.052
225.50,FINAL,100.60,97.05,20.44,-0.95,0.0,0.2,-17.0,-0.5,-2450,0.25,0.133,0.082,0.00,,0,1930,0,1805,0,-1.05,20.4,1.00,0.052
225.60,FINAL,100.50,96.96,20.44,-0.95,0.0,0.2,-17.0,-0.5,-2448,0.25,0.133,0.082,0.00,,0,1928,0,1803,0,-1.05,20.4,1.00,0.052
225.70,FINAL,100.41,96.86,20.44,-0.95,0.0,0.2,-17.0,-0.5,-2446,0.25,0.133,0.082,0.00,,0,1926,0,1801,0,-1.05,20.4,1.00,0.052
225.80,FINAL,100.31,96.77,20.43,-0.95,0.0,0.2,-16.9,-0.5,-2444,0.25,0.133,0.082,0.00,,0,1924,0,1799,0,-1.05,20.4,1.00,0.052
225.90,FINAL,100.22,96.67,20.43,-0.95,0.0,0.2,-16.9,-0.5,-2442,0.25,0.133,0.082,0.00,,0,1922,0,1797,0,-1.06,20.4,1.00,0.051
226.00,FINAL,100.12,96.58,20.43,-0.95,0.0,0.2,-16.9,-0.5,-2441,0.25,0.133,0.082,0.00,,0,1921,0,1796,0,-1.06,20.4,1.00,0.051
226.10,FINAL,100.03,96.48,20.43,-0.95,0.0,0.2,-16.9,-0.5,-2439,0.25,0.133,0.082,0.00,,0,1919,0,1794,0,-1.06,20.4,1.00,0.051
226.20,FINAL,99.93,96.39,20.43,-0.95,0.0,0.2,-16.9,-0.5,-2437,0.25,0.134,0.082,0.00,,0,1917,0,1792,0,-1.06,20.4,1.00,0.051
226.30,FINAL,99.84,96.29,20.43,-0.95,0.0,0.2,-16.9,-0.5,-2435,0.25,0.134,0.082,0.00,,0,1915,0,1790,0,-1.06,20.4,1.00,0.051
226.40,FINAL,99.74,96.20,20.42,-0.95,0.0,0.2,-16.9,-0.4,-2433,0.25,0.134,0.082,0.00,,0,1913,0,1788,0,-1.06,20.4,1.00,0.051
226.50,FINAL,99.65,96.10,20.42,-0.95,0.0,0.2,-16.9,-0.4,-2431,0.25,0.134,0.082,0.00,,0,1911,0,1786,0,-1.06,20.4,1.00,0.050
226.60,FINAL,99.55,96.01,20.42,-0.95,0.0,0.2,-16.9,-0.4,-2429,0.25,0.134,0.082,0.00,,0,1909,0,1784,0,-1.06,20.4,1.00,0.050
226.70,FINAL,99.46,95.91,20.42,-0.95,0.0,0.2,-16.9,-0.4,-2427,0.25,0.134,0.082,0.00,,0,1907,0,1782,0,-1.06,20.4,1.00,0.050
226.80,FINAL,99.36,97.11,20.42,-0.95,0.0,0.2,-16.9,-0.4,-2425,0.25,0.134,0.082,0.00,,0,1905,0,1780,0,-1.06,20.4,1.00,0.050
226.90,FINAL,99.27,96.87,20.42,-0.95,0.0,0.2,-16.9,-0.4,-2423,0.25,0.134,0.082,0.00,,0,1903,0,1778,0,-1.07,20.4,1.00,0.050
227.00,FINAL,99.17,96.63,20.41,-0.95,0.0,0.2,-16.9,-0.4,-2421,0.25,0.134,0.082,0.00,,0,1901,0,1776,0,-1.07,20.4,1.00,0.049
227.10,FINAL,99.07,96.38,20.41,-0.96,0.0,0.2,-16.9,-0.4,-2419,0.25,0.134,0.082,0.00,,0,1899,0,1774,0,-1.07,20.4,1.00,0.049
227.20,FINAL,98.98,96.13,20.41,-0.96,0.0,0.2,-16.9,-0.4,-2417,0.25,0.134,0.082,0.00,,0,1897,0,1772,0,-1.07,20.4,1.00,0.049
227.30,FINAL,98.88,95.88,20.41,-0.96,0.0,0.2,-16.9,-0.4,-2415,0.25,0.134,0.082,0.00,,0,1895,0,1770,0,-1.07,20.4,1.00,0.049
227.40,FINAL,98.79,95.64,20.41,-0.96,0.0,0.2,-16.9,-0.4,-2413,0.25,0.134,0.082,0.00,,0,1893,0,1768,0,-1.07,20.4,1.00,0.049
227.50,FINAL,98.69,95.42,20.41,-0.96,0.0,0.2,-16.9,-0.4,-2412,0.25,0.134,0.082,0.00,,0,1892,0,1767,0,-1.07,20.4,1.00,0.048
227.60,FINAL,98.60,95.22,20.40,-0.96,0.0,0.2,-16.9,-0.4,-2410,0.25,0.134,0.082,0.00,,0,1890,0,1765,0,-1.07,20.4,1.00,0.048
227.70,FINAL,98.50,95.02,20.40,-0.96,0.0,0.2,-16.9,-0.4,-2408,0.25,0.134,0.081,0.00,,0,1888,0,1763,0,-1.07,20.4,1.00,0.048
227.80,FINAL,98.40,94.84,20.40,-0.96,0.0,0.2,-16.9,-0.4,-2406,0.25,0.134,0.082,0.00,,0,1886,0,1761,0,-1.07,20.4,1.00,0.048
227.90,FINAL,98.31,94.66,20.40,-0.96,0.0,0.2,-16.9,-0.4,-2404,0.25,0.135,0.081,0.00,,0,1884,0,1759,0,-1.07,20.4,1.00,0.048
228.00,FINAL,98.21,94.49,20.40,-0.96,0.0,0.2,-16.9,-0.4,-2402,0.25,0.135,0.081,0.00,,0,1882,0,1757,0,-1.08,20.4,1.00,0.047
228.10,FINAL,98.12,94.31,20.40,-0.96,0.0,0.2,-16.9,-0.4,-2400,0.25,0.135,0.081,0.00,,0,1880,0,1755,0,-1.08,20.4,1.00,0.047
228.20,FINAL,98.02,94.13,20.40,-0.96,0.0,0.2,-16.9,-0.4,-2398,0.25,0.135,0.081,0.00,,0,1878,0,1753,0,-1.08,20.4,1.00,0.047
228.30,FINAL,97.92,93.94,20.39,-0.96,0.0,0.2,-16.9,-0.4,-2396,0.25,0.135,0.081,0.00,,0,1876,0,1751,0,-1.08,20.4,1.00,0.047
228.40,FINAL,97.83,93.76,20.39,-0.96,0.0,0.2,-16.9,-0.4,-2394,0.25,0.135,0.081,0.00,,0,1874,0,1749,0,-1.08,20.4,1.00,0.047
228.50,FINAL,97.73,93.57,20.39,-0.96,0.0,0.2,-16.9,-0.4,-2392,0.25,0.135,0.081,0.00,,0,1872,0,1747,0,-1.08,20.4,1.00,0.047
228.60,FINAL,97.64,93.40,20.39,-0.96,0.0,0.2,-16.8,-0.4,-2390,0.25,0.135,0.081,0.00,,0,1870,0,1745,0,-1.08,20.4,1.00,0.046
228.70,FINAL,97.54,93.24,20.39,-0.96,0.0,0.2,-16.8,-0.4,-2388,0.25,0.135,0.081,0.00,,0,1868,0,1743,0,-1.08,20.4,1.00,0.046
228.80,FINAL,97.44,93.09,20.39,-0.96,0.0,0.2,-16.8,-0.4,-2386,0.25,0.135,0.081,0.00,,0,1866,0,1741,0,-1.08,20.4,1.00,0.046
228.90,FINAL,97.35,92.94,20.39,-0.97,0.0,0.2,-16.8,-0.4,-2385,0.25,0.135,0.081,0.00,,0,1865,0,1740,0,-1.08,20.4,1.00,0.046
229.00,FINAL,97.25,92.80,20.39,-0.97,0.0,0.2,-16.8,-0.4,-2383,0.25,0.135,0.081,0.00,,0,1863,0,1738,0,-1.08,20.4,1.00,0.046
229.10,FINAL,97.15,92.65,20.39,-0.97,0.0,0.2,-16.8,-0.4,-2381,0.25,0.135,0.081,0.00,,0,1861,0,1736,0,-1.08,20.4,1.00,0.046
229.20,FINAL,97.06,92.51,20.38,-0.97,0.0,0.2,-16.8,-0.4,-2379,0.25,0.135,0.081,0.00,,0,1859,0,1734,0,-1.08,20.4,1.00,0.045
229.30,FINAL,96.96,92.36,20.38,-0.97,0.0,0.2,-16.8,-0.4,-2377,0.25,0.135,0.081,0.00,,0,1857,0,1732,0,-1.08,20.4,1.00,0.045
229.40,FINAL,96.86,92.22,20.38,-0.97,0.0,0.2,-16.8,-0.4,-2375,0.25,0.135,0.081,0.00,,0,1855,0,1730,0,-1.09,20.4,1.00,0.045
229.50,FINAL,96.77,92.08,20.38,-0.97,0.0,0.2,-16.8,-0.4,-2373,0.25,0.136,0.081,0.00,,0,1853,0,1728,0,-1.09,20.4,1.00,0.045
229.60,FINAL,96.67,91.94,20.38,-0.97,0.0,0.2,-16.8,-0.4,-2371,0.25,0.136,0.081,0.00,,0,1851,0,1726,0,-1.09,20.4,1.00,0.045
229.70,FINAL,96.57,91.80,20.38,-0.97,0.0,0.2,-16.8,-0.4,-2369,0.25,0.136,0.081,0.00,,0,1849,0,1724,0,-1.09,20.4,1.00,0.045
229.80,FINAL,96.48,91.66,20.38,-0.97,0.0,0.2,-16.8,-0.4,-2367,0.25,0.136,0.081,0.00,,0,1847,0,1722,0,-1.09,20.4,1.00,0.044
229.90,FINAL,96.38,91.52,20.38,-0.97,0.0,0.2,-16.8,-0.4,-2365,0.25,0.136,0.081,0.00,,0,1845,0,1720,0,-1.09,20.4,1.00,0.044
230.00,FINAL,96.28,91.38,20.38,-0.97,0.0,0.2,-16.8,-0.4,-2363,0.25,0.136,0.081,0.00,,0,1843,0,1718,0,-1.09,20.4,1.00,0.044
230.10,FINAL,96.18,91.25,20.37,-0.97,0.0,0.2,-16.8,-0.4,-2361,0.25,0.136,0.081,0.00,,0,1841,0,1716,0,-1.09,20.4,1.00,0.044
230.20,FINAL,96.09,91.11,20.37,-0.97,0.0,0.2,-16.8,-0.4,-2359,0.25,0.136,0.081,0.00,,0,1839,0,1714,0,-1.09,20.4,1.00,0.044
230.30,FINAL,95.99,90.98,20.37,-0.97,0.0,0.2,-16.8,-0.4,-2358,0.25,0.136,0.081,0.00,,0,1838,0,1713,0,-1.09,20.4,1.00,0.043
230.40,FINAL,95.89,90.85,20.37,-0.97,0.0,0.2,-16.8,-0.4,-2356,0.25,0.136,0.081,0.00,,0,1836,0,1711,0,-1.09,20.4,1.00,0.043
230.50,FINAL,95.80,90.71,20.37,-0.97,0.0,0.2,-16.8,-0.4,-2354,0.25,0.136,0.081,0.00,,0,1834,0,1709,0,-1.09,20.4,1.00,0.043
230.60,FINAL,95.70,90.58,20.37,-0.97,0.0,0.2,-16.8,-0.4,-2352,0.25,0.136,0.081,0.00,,0,1832,0,1707,0,-1.09,20.4,1.00,0.043
230.70,FINAL,95.60,90.45,20.37,-0.97,0.0,0.2,-16.8,-0.4,-2350,0.25,0.136,0.081,0.00,,0,1830,0,1705,0,-1.09,20.4,1.00,0.043
230.80,FINAL,95.50,90.33,20.37,-0.97,0.0,0.2,-16.8,-0.4,-2348,0.25,0.136,0.081,0.00,,0,1828,0,1703,0,-1.09,20.4,1.00,0.043
230.90,FINAL,95.41,90.20,20.37,-0.97,0.0,0.2,-16.8,-0.4,-2346,0.25,0.136,0.081,0.00,,0,1826,0,1701,0,-1.09,20.4,1.00,0.042
231.00,FINAL,95.31,90.07,20.37,-0.97,0.0,0.2,-16.8,-0.4,-2344,0.25,0.136,0.081,0.00,,0,1824,0,1699,0,-1.09,20.4,1.00,0.042
231.10,FINAL,95.21,89.95,20.37,-0.97,0.0,0.2,-16.8,-0.4,-2342,0.25,0.136,0.081,0.00,,0,1822,0,1697,0,-1.10,20.4,1.00,0.042
231.20,FINAL,95.11,89.82,20.36,-0.97,0.0,0.2,-16.8,-0.4,-2340,0.25,0.136,0.081,0.00,,0,1820,0,1695,0,-1.10,20.4,1.00,0.042
231.30,FINAL,95.02,89.70,20.36,-0.98,0.0,0.2,-16.8,-0.4,-2338,0.25,0.136,0.081,0.00,,0,1818,0,1693,0,-1.10,20.4,1.00,0.042
231.40,FINAL,94.92,89.58,20.36,-0.98,0.0,0.2,-16.8,-0.4,-2336,0.25,0.136,0.081,0.00,,0,1816,0,1691,0,-1.10,20.4,1.00,0.042
231.50,FINAL,94.82,89.46,20.36,-0.98,0.0,0.2,-16.8,-0.4,-2334,0.25,0.136,0.081,0.00,,0,1814,0,1689,0,-1.10,20.4,1.00,0.041
231.60,FINAL,94.72,89.34,20.36,-0.98,0.0,0.2,-16.8,-0.4,-2333,0.25,0.137,0.081,0.00,,0,1813,0,1688,0,-1.10,20.4,1.00,0.041
231.70,FINAL,94.63,89.22,20.36,-0.98,0.0,0.2,-16.8,-0.4,-2331,0.25,0.137,0.081,0.00,,0,1811,0,1686,0,-1.10,20.4,1.00,0.041
231.80,FINAL,94.53,89.10,20.36,-0.98,0.0,0.2,-16.8,-0.4,-2329,0.25,0.137,0.081,0.00,,0,1809,0,1684,0,-1.10,20.4,1.00,0.041
231.90,FINAL,94.43,88.99,20.36,-0.98,0.0,0.2,-16.8,-0.4,-2327,0.25,0.137,0.081,0.00,,0,1807,0,1682,0,-1.10,20.4,1.00,0.041
232.00,FINAL,94.33,88.87,20.36,-0.98,0.0,0.2,-16.8,-0.4,-2325,0.25,0.137,0.081,0.00,,0,1805,0,1680,0,-1.10,20.4,1.00,0.041
232.10,FINAL,94.24,88.76,20.36,-0.98,0.0,0.2,-16.8,-0.4,-2323,0.25,0.137,0.081,0.00,,0,1803,0,1678,0,-1.10,20.4,1.00,0.040
232.20,FINAL,94.14,88.65,20.36,-0.98,0.0,0.2,-16.7,-0.4,-2321,0.25,0.137,0.081,0.00,,0,1801,0,1676,0,-1.10,20.4,1.00,0.040
232.30,FINAL,94.04,88.55,20.36,-0.98,0.0,0.2,-16.7,-0.4,-2319,0.25,0.137,0.081,0.00,,0,1799,0,1674,0,-1.10,20.4,1.00,0.040
232.40,FINAL,93.94,88.44,20.36,-0.98,0.0,0.2,-16.7,-0.4,-2317,0.25,0.137,0.081,0.00,,0,1797,0,1672,0,-1.10,20.4,1.00,0.040
232.50,FINAL,93.84,88.34,20.35,-0.98,0.0,0.2,-16.7,-0.4,-2315,0.25,0.137,0.081,0.00,,0,1795,0,1670,0,-1.10,20.4,1.00,0.040
232.60,FINAL,93.75,88.24,20.35,-0.98,0.0,0.2,-16.7,-0.4,-2313,0.25,0.137,0.081,0.00,,0,1793,0,1668,0,-1.10,20.4,1.00,0.040
232.70,FINAL,93.65,88.15,20.35,-0.98,0.0,0.2,-16.7,-0.4,-2311,0.25,0.137,0.081,0.00,,1,1791,0,1666,0,-1.10,20.4,1.00,0.039
232.80,FINAL,93.55,88.05,20.35,-0.98,0.0,0.2,-16.7,-0.4,-2309,0.25,0.137,0.081,0.00,,1,1789,0,1664,0,-1.10,20.4,1.00,0.039
232.90,FINAL,93.45,87.96,20.35,-0.98,0.0,0.2,-16.7,-0.4,-2307,0.25,0.137,0.081,0.00,,1,1787,0,1662,0,-1.10,20.4,1.00,0.039
233.00,FINAL,93.35,87.87,20.35,-0.98,0.0,0.2,-16.7,-0.4,-2306,0.25,0.137,0.081,0.00,,1,1786,0,1661,0,-1.10,20.4,1.00,0.039
233.10,FINAL,93.26,87.78,20.35,-0.98,0.0,0.2,-16.7,-0.4,-2304,0.25,0.137,0.081,0.00,,1,1784,0,1659,0,-1.10,20.4,1.00,0.039
233.20,FINAL,93.16,87.69,20.35,-0.98,0.0,0.2,-16.7,-0.4,-2302,0.25,0.137,0.081,0.00,,1,1782,0,1657,0,-1.10,20.4,1.00,0.039
233.30,FINAL,93.06,87.61,20.35,-0.98,0.0,0.2,-16.7,-0.4,-2300,0.25,0.137,0.081,0.00,,1,1780,0,1655,0,-1.11,20.4,1.00,0.038
233.40,FINAL,92.96,87.52,20.35,-0.98,0.0,0.2,-16.7,-0.4,-2298,0.25,0.137,0.081,0.00,,1,1778,0,1653,0,-1.11,20.4,1.00,0.038
233.50,FINAL,92.86,87.44,20.35,-0.98,0.0,0.2,-16.7,-0.4,-2296,0.25,0.137,0.081,0.00,,1,1776,0,1651,0,-1.11,20.4,1.00,0.038
233.60,FINAL,92.77,87.35,20.35,-0.98,0.0,0.2,-16.7,-0.4,-2294,0.25,0.137,0.081,0.00,,1,1774,0,1649,0,-1.11,20.4,1.00,0.038
233.70,FINAL,92.67,87.27,20.35,-0.98,0.0,0.2,-16.7,-0.4,-2292,0.25,0.137,0.081,0.00,,1,1772,0,1647,0,-1.11,20.4,1.00,0.038
233.80,FINAL,92.57,87.19,20.35,-0.98,0.0,0.2,-16.7,-0.4,-2290,0.25,0.137,0.081,0.00,,1,1770,0,1645,0,-1.11,20.4,1.00,0.038
233.90,FINAL,92.47,87.10,20.35,-0.98,0.0,0.2,-16.7,-0.4,-2288,0.25,0.137,0.081,0.00,,1,1768,0,1643,0,-1.11,20.4,1.00,0.037
234.00,FINAL,92.37,87.02,20.35,-0.98,0.0,0.2,-16.7,-0.4,-2286,0.25,0.137,0.081,0.00,,1,1766,0,1641,0,-1.11,20.4,1.00,0.037
234.10,FINAL,92.27,86.94,20.34,-0.98,0.0,0.2,-16.7,-0.4,-2284,0.25,0.137,0.081,0.00,,1,1764,0,1639,0,-1.11,20.4,1.00,0.037
234.20,FINAL,92.18,86.85,20.34,-0.98,0.0,0.2,-16.7,-0.4,-2282,0.25,0.137,0.081,0.00,,1,1762,0,1637,0,-1.11,20.4,1.00,0.037
234.30,FINAL,92.08,86.77,20.34,-0.99,0.0,0.2,-16.7,-0.4,-2281,0.25,0.138,0.081,0.00,,1,1761,0,1636,0,-1.11,20.4,1.00,0.037
234.40,FINAL,91.98,86.68,20.34,-0.99,0.0,0.2,-16.7,-0.4,-2279,0.25,0.138,0.081,0.00,,1,1759,0,1634,0,-1.11,20.4,1.00,0.037
234.50,FINAL,91.88,86.59,20.34,-0.99,0.0,0.2,-16.7,-0.4,-2277,0.25,0.138,0.081,0.00,,1,1757,0,1632,0,-1.11,20.4,1.00,0.036
234.60,FINAL,91.78,86.51,20.34,-0.99,0.0,0.2,-16.7,-0.4,-2275,0.25,0.138,0.081,0.00,,1,1755,0,1630,0,-1.11,20.4,1.00,0.036
234.70,FINAL,91.68,86.42,20.34,-0.99,0.0,0.2,-16.7,-0.4,-2273,0.25,0.138,0.081,0.00,,1,1753,0,1628,0,-1.11,20.4,1.00,0.036
234.80,FINAL,91.58,86.33,20.34,-0.99,0.0,0.2,-16.7,-0.4,-2271,0.25,0.138,0.081,0.00,,1,1751,0,1626,0,-1.11,20.4,1.00,0.036
234.90,FINAL,91.49,86.24,20.34,-0.99,0.0,0.2,-16.7,-0.4,-2269,0.25,0.138,0.081,0.00,,1,1749,0,1624,0,-1.11,20.4,1.00,0.036
235.00,FINAL,91.39,86.14,20.34,-0.99,0.0,0.2,-16.7,-0.4,-2267,0.25,0.138,0.081,0.00,,1,1747,0,1622,0,-1.11,20.4,1.00,0.036
235.10,FINAL,91.29,86.05,20.34,-0.99,0.0,0.2,-16.7,-0.4,-2265,0.25,0.138,0.081,0.00,,1,1745,0,1620,0,-1.11,20.4,1.00,0.035
235.20,FINAL,91.19,85.95,20.34,-0.99,0.0,0.2,-16.7,-0.4,-2263,0.25,0.138,0.081,0.00,,1,1743,0,1618,0,-1.11,20.4,1.00,0.035
235.30,FINAL,91.09,85.85,20.34,-0.99,0.0,0.2,-16.7,-0.4,-2261,0.25,0.138,0.081,0.00,,1,1741,0,1616,0,-1.11,20.4,1.00,0.035
235.40,FINAL,90.99,85.75,20.34,-0.99,0.0,0.2,-16.7,-0.4,-2259,0.25,0.138,0.081,0.00,,1,1739,0,1614,0,-1.11,20.4,1.00,0.035
235.50,FINAL,90.89,85.65,20.34,-0.99,0.0,0.2,-16.7,-0.4,-2257,0.25,0.138,0.081,0.00,,1,1737,0,1612,0,-1.11,20.4,1.00,0.035
235.60,FINAL,90.79,85.54,20.34,-0.99,0.0,0.2,-16.7,-0.4,-2255,0.25,0.138,0.081,0.00,,1,1735,0,1610,0,-1.11,20.4,1.00,0.035
235.70,FINAL,90.69,85.43,20.34,-0.99,0.0,0.2,-16.7,-0.4,-2254,0.25,0.138,0.081,0.00,,1,1734,0,1609,0,-1.11,20.4,1.00,0.035
235.80,FINAL,90.60,85.32,20.34,-0.99,0.0,0.2,-16.7,-0.4,-2252,0.25,0.138,0.081,0.00,,1,1732,0,1607,0,-1.11,20.4,1.00,0.034
235.90,FINAL,90.50,85.21,20.33,-0.99,0.0,0.2,-16.7,-0.4,-2250,0.25,0.138,0.081,0.00,,1,1730,0,1605,0,-1.11,20.4,1.00,0.034
236.00,FINAL,90.40,85.10,20.33,-0.99,0.0,0.2,-16.7,-0.4,-2248,0.25,0.138,0.081,0.00,,1,1728,0,1603,0,-1.11,20.4,1.00,0.034
236.10,FINAL,90.30,84.98,20.33,-0.99,0.0,0.2,-16.7,-0.4,-2246,0.25,0.138,0.081,0.00,,1,1726,0,1601,0,-1.11,20.4,1.00,0.034
236.20,FINAL,90.20,84.87,20.33,-0.99,0.0,0.2,-16.7,-0.4,-2244,0.25,0.138,0.081,0.00,,1,1724,0,1599,0,-1.11,20.4,1.00,0.034
236.30,FINAL,90.10,84.76,20.33,-0.99,0.0,0.2,-16.7,-0.4,-2242,0.25,0.138,0.081,0.00,,1,1722,0,1597,0,-1.11,20.4,1.00,0.034
236.40,FINAL,90.00,84.64,20.33,-0.99,0.0,0.2,-16.7,-0.4,-2240,0.25,0.138,0.081,0.00,,1,1720,0,1595,0,-1.11,20.4,1.00,0.033
236.50,FINAL,89.90,84.53,20.33,-0.99,0.0,0.2,-16.7,-0.4,-2238,0.25,0.138,0.081,0.00,,1,1718,0,1593,0,-1.11,20.4,1.00,0.033
236.60,FINAL,89.80,84.42,20.33,-0.99,0.0,0.2,-16.7,-0.4,-2236,0.25,0.138,0.081,0.00,,1,1716,0,1591,0,-1.11,20.4,1.00,0.033
236.70,FINAL,89.70,84.31,20.33,-0.99,0.0,0.2,-16.7,-0.4,-2234,0.25,0.138,0.080,0.00,,1,1714,0,1589,0,-1.11,20.4,1.00,0.033
236.80,FINAL,89.60,84.19,20.33,-0.99,0.0,0.2,-16.7,-0.4,-2232,0.25,0.138,0.081,0.00,,1,1712,0,1587,0,-1.11,20.4,1.00,0.033
236.90,FINAL,89.51,84.08,20.33,-0.99,0.0,0.2,-16.6,-0.4,-2230,0.25,0.138,0.080,0.00,,1,1710,0,1585,0,-1.11,20.4,1.00,0.033
237.00,FINAL,89.41,83.98,20.33,-0.99,0.0,0.2,-16.6,-0.4,-2229,0.25,0.138,0.080,0.00,,1,1709,0,1584,0,-1.11,20.4,1.00,0.033
237.10,FINAL,89.31,83.87,20.33,-0.99,0.0,0.2,-16.6,-0.4,-2227,0.25,0.138,0.080,0.00,,1,1707,0,1582,0,-1.11,20.4,1.00,0.032
237.20,FINAL,89.21,83.76,20.33,-0.99,0.0,0.2,-16.6,-0.4,-2225,0.25,0.138,0.080,0.00,,1,1705,0,1580,0,-1.11,20.4,1.00,0.032
237.30,FINAL,89.11,83.65,20.33,-0.99,0.0,0.2,-16.6,-0.4,-2223,0.25,0.138,0.080,0.00,,1,1703,0,1578,0,-1.12,20.4,1.00,0.032
237.40,FINAL,89.01,83.54,20.33,-0.99,0.0,0.2,-16.6,-0.4,-2221,0.25,0.138,0.080,0.00,,1,1701,0,1576,0,-1.12,20.4,1.00,0.032
237.50,FINAL,88.91,83.44,20.33,-0.99,0.0,0.2,-16.6,-0.4,-2219,0.25,0.138,0.080,0.00,,1,1699,0,1574,0,-1.12,20.4,1.00,0.032
237.60,FINAL,88.81,83.33,20.33,-0.99,0.0,0.2,-16.6,-0.4,-2217,0.25,0.138,0.080,0.00,,1,1697,0,1572,0,-1.12,20.4,1.00,0.032
237.70,FINAL,88.71,83.22,20.33,-0.99,0.0,0.2,-16.6,-0.4,-2215,0.25,0.138,0.080,0.00,,1,1695,0,1570,0,-1.12,20.4,1.00,0.031
237.80,FINAL,88.61,83.11,20.33,-1.00,0.0,0.2,-16.6,-0.4,-2213,0.25,0.138,0.080,0.00,,1,1693,0,1568,0,-1.12,20.4,1.00,0.031
237.90,FINAL,88.51,83.00,20.33,-1.00,0.0,0.2,-16.6,-0.4,-2211,0.25,0.138,0.080,0.00,,1,1691,0,1566,0,-1.12,20.4,1.00,0.031
238.00,FINAL,88.41,82.89,20.33,-1.00,0.0,0.2,-16.6,-0.4,-2209,0.25,0.138,0.080,0.00,,1,1689,0,1564,0,-1.12,20.4,1.00,0.031
238.10,FINAL,88.31,82.78,20.33,-1.00,0.0,0.2,-16.6,-0.4,-2207,0.25,0.138,0.080,0.00,,1,1687,0,1562,0,-1.12,20.4,1.00,0.031
238.20,FINAL,88.21,82.68,20.33,-1.00,0.0,0.2,-16.6,-0.4,-2205,0.25,0.138,0.080,0.00,,1,1685,0,1560,0,-1.12,20.4,1.00,0.031
238.30,FINAL,88.11,82.57,20.33,-1.00,0.0,0.2,-16.6,-0.4,-2204,0.25,0.138,0.080,0.00,,1,1684,0,1559,0,-1.12,20.4,1.00,0.031
238.40,FINAL,88.01,82.46,20.33,-1.00,0.0,0.2,-16.6,-0.4,-2202,0.25,0.138,0.080,0.00,,1,1682,0,1557,0,-1.12,20.4,1.00,0.030
238.50,FINAL,87.91,82.35,20.33,-1.00,0.0,0.2,-16.6,-0.4,-2200,0.25,0.138,0.080,0.00,,1,1680,0,1555,0,-1.12,20.4,1.00,0.030
238.60,FINAL,87.81,82.24,20.32,-1.00,0.0,0.2,-16.6,-0.4,-2198,0.25,0.138,0.080,0.00,,1,1678,0,1553,0,-1.12,20.4,1.00,0.030
238.70,FINAL,87.71,82.13,20.32,-1.00,0.0,0.2,-16.6,-0.4,-2196,0.25,0.138,0.080,0.00,,1,1676,0,1551,0,-1.12,20.4,1.00,0.030
238.80,FINAL,87.61,82.02,20.32,-1.00,0.0,0.2,-16.6,-0.4,-2194,0.25,0.138,0.080,0.00,,1,1674,0,1549,0,-1.12,20.4,1.00,0.030
238.90,FINAL,87.52,81.91,20.32,-1.00,0.0,0.2,-16.6,-0.4,-2192,0.25,0.138,0.080,0.00,,1,1672,0,1547,0,-1.12,20.4,1.00,0.030
239.00,FINAL,87.42,81.80,20.32,-1.00,0.0,0.2,-16.6,-0.4,-2190,0.25,0.138,0.080,0.00,,1,1670,0,1545,0,-1.12,20.4,1.00,0.030
239.10,FINAL,87.32,81.69,20.32,-1.00,0.0,0.2,-16.6,-0.4,-2188,0.25,0.138,0.080,0.00,,1,1668,0,1543,0,-1.12,20.4,1.00,0.029
239.20,FINAL,87.22,81.57,20.32,-1.00,0.0,0.2,-16.6,-0.4,-2186,0.25,0.138,0.080,0.00,,1,1666,0,1541,0,-1.12,20.4,1.00,0.029
239.30,FINAL,87.12,81.46,20.32,-1.00,0.0,0.2,-16.6,-0.4,-2184,0.25,0.139,0.080,0.00,,1,1664,0,1539,0,-1.12,20.4,1.00,0.029
239.40,FINAL,87.02,81.35,20.32,-1.00,0.0,0.2,-16.6,-0.4,-2182,0.25,0.139,0.080,0.00,,1,1662,0,1537,0,-1.12,20.4,1.00,0.029
239.50,FINAL,86.92,81.24,20.32,-1.00,0.0,0.2,-16.6,-0.4,-2180,0.25,0.139,0.080,0.00,,1,1660,0,1535,0,-1.12,20.4,1.00,0.029
239.60,FINAL,86.82,81.13,20.32,-1.00,0.0,0.2,-16.6,-0.4,-2178,0.25,0.139,0.080,0.00,,1,1658,0,1533,0,-1.12,20.4,1.00,0.029
239.70,FINAL,86.72,81.02,20.32,-1.00,0.0,0.2,-16.6,-0.4,-2177,0.25,0.139,0.080,0.00,,1,1657,0,1532,0,-1.12,20.4,1.00,0.029
239.80,FINAL,86.62,80.91,20.32,-1.00,0.0,0.2,-16.6,-0.4,-2175,0.25,0.139,0.080,0.00,,1,1655,0,1530,0,-1.12,20.4,1.00,0.028
239.90,FINAL,86.52,80.80,20.32,-1.00,0.0,0.2,-16.6,-0.4,-2173,0.25,0.139,0.080,0.00,,1,1653,0,1528,0,-1.12,20.4,1.00,0.028
240.00,FINAL,86.42,80.69,20.32,-1.00,0.0,0.2,-16.6,-0.4,-2171,0.25,0.139,0.080,0.00,,1,1651,0,1526,0,-1.12,20.4,1.00,0.028
240.10,FINAL,86.32,80.58,20.32,-1.00,0.0,0.2,-16.5,-0.4,-2169,0.25,0.139,0.080,0.00,,1,1649,0,1524,0,-1.12,20.4,1.00,0.028
240.20,FINAL,86.22,80.48,20.32,-1.00,0.0,0.2,-16.5,-0.4,-2167,0.25,0.139,0.080,0.00,,1,1647,0,1522,0,-1.12,20.4,1.00,0.028
240.30,FINAL,86.12,80.37,20.32,-1.00,0.0,0.2,-16.5,-0.4,-2165,0.25,0.139,0.080,0.00,,1,1645,0,1520,0,-1.12,20.4,1.00,0.028
240.40,FINAL,86.02,80.27,20.32,-1.00,0.0,0.2,-16.5,-0.4,-2163,0.25,0.139,0.080,0.00,,1,1643,0,1518,0,-1.12,20.4,1.00,0.028
240.50,FINAL,85.92,80.16,20.32,-1.00,0.0,0.2,-16.5,-0.4,-2161,0.25,0.139,0.080,0.00,,1,1641,0,1516,0,-1.12,20.4,1.00,0.028
240.60,FINAL,85.82,80.06,20.32,-1.00,0.0,0.2,-16.5,-0.4,-2159,0.25,0.139,0.080,0.00,,1,1639,0,1514,0,-1.12,20.4,1.00,0.027
240.70,FINAL,85.72,79.96,20.32,-1.00,0.0,0.2,-16.5,-0.4,-2157,0.25,0.139,0.080,0.00,,1,1637,0,1512,0,-1.12,20.4,1.00,0.027
240.80,FINAL,85.62,79.86,20.32,-1.00,0.0,0.2,-16.5,-0.4,-2155,0.25,0.139,0.080,0.00,,1,1635,0,1510,0,-1.12,20.4,1.00,0.027
240.90,FINAL,85.52,79.76,20.32,-1.00,0.0,0.2,-16.5,-0.4,-2153,0.25,0.139,0.080,0.00,,1,1633,0,1508,0,-1.12,20.4,1.00,0.027
241.00,FINAL,85.42,79.66,20.32,-1.00,0.0,0.2,-16.5,-0.4,-2152,0.25,0.139,0.080,0.00,,1,1632,0,1507,0,-1.12,20.4,1.00,0.027
241.10,FINAL,85.32,79.56,20.32,-1.00,0.0,0.2,-16.5,-0.4,-2150,0.25,0.139,0.080,0.00,,1,1630,0,1505,0,-1.12,20.4,1.00,0.027
241.20,FINAL,85.22,79.46,20.32,-1.00,0.0,0.2,-16.5,-0.4,-2148,0.25,0.139,0.080,0.00,,1,1628,0,1503,0,-1.12,20.4,1.00,0.027
241.30,FINAL,85.12,79.36,20.32,-1.00,0.0,0.2,-16.5,-0.4,-2146,0.25,0.139,0.080,0.00,,1,1626,0,1501,0,-1.12,20.4,1.00,0.026
241.40,FINAL,85.01,79.26,20.32,-1.00,0.0,0.2,-16.5,-0.4,-2144,0.25,0.139,0.080,0.00,,1,1624,0,1499,0,-1.12,20.4,1.00,0.026
241.50,FINAL,84.91,79.16,20.32,-1.00,0.0,0.2,-16.5,-0.4,-2142,0.25,0.139,0.080,0.00,,1,1622,0,1497,0,-1.12,20.4,1.00,0.026
241.60,FINAL,84.81,79.06,20.32,-1.00,0.0,0.2,-16.5,-0.4,-2140,0.25,0.139,0.080,0.00,,1,1620,0,1495,0,-1.12,20.4,1.00,0.026
241.70,FINAL,84.71,78.96,20.32,-1.00,0.0,0.2,-16.5,-0.4,-2138,0.25,0.139,0.080,0.00,,1,1618,0,1493,0,-1.12,20.4,1.00,0.026
241.80,FINAL,84.61,78.86,20.32,-1.00,0.0,0.2,-16.5,-0.4,-2136,0.25,0.139,0.080,0.00,,1,1616,0,1491,0,-1.12,20.4,1.00,0.026
241.90,FINAL,84.51,78.76,20.32,-1.00,0.0,0.2,-16.5,-0.4,-2134,0.25,0.139,0.080,0.00,,1,1614,0,1489,0,-1.12,20.4,1.00,0.026
242.00,FINAL,84.41,78.67,20.32,-1.00,0.0,0.2,-16.5,-0.4,-2132,0.25,0.139,0.080,0.00,,1,1612,0,1487,0,-1.12,20.4,1.00,0.026
242.10,FINAL,84.31,78.57,20.32,-1.00,0.0,0.2,-16.5,-0.4,-2130,0.25,0.139,0.080,0.00,,1,1610,0,1485,0,-1.12,20.4,1.00,0.025
242.20,FINAL,84.21,78.47,20.32,-1.00,0.0,0.2,-16.5,-0.4,-2128,0.25,0.139,0.080,0.00,,1,1608,0,1483,0,-1.12,20.4,1.00,0.025
242.30,FINAL,84.11,78.37,20.32,-1.00,0.0,0.2,-16.5,-0.4,-2127,0.25,0.139,0.080,0.00,,1,1607,0,1482,0,-1.12,20.4,1.00,0.025
242.40,FINAL,84.01,78.27,20.32,-1.00,0.0,0.2,-16.5,-0.4,-2125,0.25,0.139,0.080,0.00,,1,1605,0,1480,0,-1.12,20.4,1.00,0.025
242.50,FINAL,83.91,78.17,20.32,-1.00,0.0,0.2,-16.5,-0.4,-2123,0.25,0.139,0.080,0.00,,1,1603,0,1478,0,-1.12,20.4,1.00,0.025
242.60,FINAL,83.81,78.07,20.32,-1.00,0.0,0.2,-16.5,-0.4,-2121,0.25,0.139,0.080,0.00,,1,1601,0,1476,0,-1.12,20.4,1.00,0.025
242.70,FINAL,83.71,77.97,20.32,-1.00,0.0,0.2,-16.5,-0.4,-2119,0.25,0.139,0.080,0.00,,1,1599,0,1474,0,-1.12,20.4,1.00,0.025
242.80,FINAL,83.61,77.87,20.32,-1.00,0.0,0.2,-16.5,-0.4,-2117,0.25,0.139,0.080,0.00,,1,1597,0,1472,0,-1.12,20.4,1.00,0.025
242.90,FINAL,83.51,77.76,20.32,-1.00,0.0,0.2,-16.5,-0.4,-2115,0.25,0.139,0.080,0.00,,1,1595,0,1470,0,-1.12,20.4,1.00,0.024
243.00,FINAL,83.41,77.66,20.32,-1.01,0.0,0.2,-16.5,-0.4,-2113,0.25,0.139,0.080,0.00,,1,1593,0,1468,0,-1.12,20.4,1.00,0.024
243.10,FINAL,83.31,77.56,20.32,-1.01,0.0,0.2,-16.5,-0.4,-2111,0.25,0.139,0.080,0.00,,1,1591,0,1466,0,-1.12,20.4,1.00,0.024
243.20,FINAL,83.21,77.45,20.32,-1.01,0.0,0.2,-16.5,-0.4,-2109,0.25,0.139,0.080,0.00,,1,1589,0,1464,0,-1.12,20.4,1.00,0.024
243.30,FINAL,83.11,77.35,20.32,-1.01,0.0,0.2,-16.5,-0.4,-2107,0.25,0.139,0.080,0.00,,1,1587,0,1462,0,-1.12,20.4,1.00,0.024
243.40,FINAL,83.01,77.24,20.32,-1.01,0.0,0.2,-16.5,-0.4,-2105,0.25,0.139,0.080,0.00,,1,1585,0,1460,0,-1.12,20.4,1.00,0.024
243.50,FINAL,82.91,77.13,20.32,-1.01,0.0,0.2,-16.4,-0.4,-2103,0.25,0.139,0.080,0.00,,1,1583,0,1458,0,-1.12,20.4,1.00,0.024
243.60,FINAL,82.81,77.02,20.32,-1.01,0.0,0.2,-16.4,-0.4,-2101,0.25,0.139,0.080,0.00,,1,1581,0,1456,0,-1.12,20.4,1.00,0.024
243.70,FINAL,82.71,76.90,20.32,-1.01,0.0,0.2,-16.4,-0.4,-2100,0.25,0.139,0.080,0.00,,1,1580,0,1455,0,-1.12,20.4,1.00,0.023
243.80,FINAL,82.60,76.78,20.32,-1.01,0.0,0.2,-16.4,-0.4,-2098,0.25,0.139,0.080,0.00,,1,1578,0,1453,0,-1.12,20.4,1.00,0.023
243.90,FINAL,82.50,76.66,20.32,-1.01,0.0,0.2,-16.4,-0.4,-2096,0.25,0.139,0.080,0.00,,1,1576,0,1451,0,-1.12,20.4,1.00,0.023
244.00,FINAL,82.40,76.54,20.32,-1.01,0.0,0.2,-16.4,-0.4,-2094,0.25,0.139,0.080,0.00,,1,1574,0,1449,0,-1.12,20.4,1.00,0.023
244.10,FINAL,82.30,76.41,20.32,-1.01,0.0,0.2,-16.4,-0.4,-2092,0.25,0.139,0.080,0.00,,1,1572,0,1447,0,-1.12,20.4,1.00,0.023
244.20,FINAL,82.20,76.28,20.32,-1.01,0.0,0.2,-16.4,-0.4,-2090,0.25,0.139,0.080,0.00,,1,1570,0,1445,0,-1.12,20.4,1.00,0.023
244.30,FINAL,82.10,76.15,20.32,-1.01,0.0,0.2,-16.4,-0.4,-2088,0.25,0.139,0.080,0.00,,1,1568,0,1443,0,-1.12,20.4,1.00,0.023
244.40,FINAL,82.00,76.02,20.32,-1.01,0.0,0.2,-16.4,-0.4,-2086,0.25,0.139,0.080,0.00,,1,1566,0,1441,0,-1.12,20.4,1.00,0.023
244.50,FINAL,81.90,75.88,20.32,-1.01,0.0,0.2,-16.4,-0.4,-2084,0.25,0.139,0.080,0.00,,1,1564,0,1439,0,-1.12,20.4,1.00,0.022
244.60,FINAL,81.80,75.74,20.32,-1.01,0.0,0.2,-16.4,-0.4,-2082,0.25,0.139,0.080,0.00,,1,1562,0,1437,0,-1.12,20.4,1.00,0.022
244.70,FINAL,81.70,75.61,20.32,-1.01,0.0,0.2,-16.4,-0.4,-2080,0.25,0.139,0.080,0.00,,1,1560,0,1435,0,-1.12,20.4,1.00,0.022
244.80,FINAL,81.60,75.47,20.32,-1.01,0.0,0.2,-16.4,-0.4,-2078,0.25,0.139,0.079,0.00,,1,1558,0,1433,0,-1.12,20.4,1.00,0.022
244.90,FINAL,81.50,75.32,20.32,-1.01,0.0,0.2,-16.4,-0.4,-2076,0.25,0.139,0.080,0.00,,1,1556,0,1431,0,-1.11,20.4,1.00,0.022
245.00,FINAL,81.40,75.18,20.32,-1.01,0.0,0.2,-16.4,-0.4,-2075,0.25,0.139,0.079,0.00,,1,1555,0,1430,0,-1.11,20.4,1.00,0.022
245.10,FINAL,81.30,75.04,20.32,-1.01,0.0,0.2,-16.4,-0.4,-2073,0.25,0.139,0.079,0.00,,1,1553,0,1428,0,-1.11,20.4,1.00,0.022
245.20,FINAL,81.19,74.89,20.32,-1.01,-0.0,0.2,-16.4,-0.4,-2071,0.25,0.139,0.079,0.00,,1,1551,0,1426,0,-1.11,20.4,1.00,0.022
245.30,FINAL,81.09,74.74,20.32,-1.01,-0.0,0.2,-16.4,-0.4,-2069,0.25,0.139,0.079,0.00,,1,1549,0,1424,0,-1.11,20.4,1.00,0.021
245.40,FINAL,80.99,74.59,20.32,-1.01,-0.0,0.2,-16.4,-0.4,-2067,0.25,0.139,0.079,0.00,,1,1547,0,1422,0,-1.11,20.4,1.00,0.021
245.50,FINAL,80.89,74.45,20.32,-1.01,-0.0,0.2,-16.4,-0.4,-2065,0.25,0.139,0.079,0.00,,1,1545,0,1420,0,-1.11,20.4,1.00,0.021
245.60,FINAL,80.79,74.30,20.32,-1.01,-0.0,0.2,-16.4,-0.4,-2063,0.25,0.139,0.079,0.00,,1,1543,0,1418,0,-1.11,20.4,1.00,0.021
245.70,FINAL,80.69,74.15,20.32,-1.01,-0.0,0.2,-16.4,-0.4,-2061,0.25,0.139,0.079,0.00,,1,1541,0,1416,0,-1.11,20.4,1.00,0.021
245.80,FINAL,80.59,74.00,20.32,-1.01,-0.0,0.2,-16.4,-0.4,-2059,0.25,0.139,0.079,0.00,,1,1539,0,1414,0,-1.11,20.4,1.00,0.021
245.90,FINAL,80.49,73.85,20.32,-1.01,-0.0,0.2,-16.4,-0.4,-2057,0.25,0.139,0.079,0.00,,1,1537,0,1412,0,-1.11,20.4,1.00,0.021
246.00,FINAL,80.39,73.71,20.32,-1.01,-0.0,0.2,-16.3,-0.4,-2055,0.25,0.139,0.079,0.00,,1,1535,0,1410,0,-1.11,20.4,1.00,0.021
246.10,FINAL,80.29,73.56,20.32,-1.01,-0.0,0.2,-16.3,-0.4,-2053,0.25,0.139,0.079,0.00,,1,1533,0,1408,0,-1.11,20.4,1.00,0.020
246.20,FINAL,80.19,73.42,20.32,-1.01,-0.0,0.2,-16.3,-0.4,-2051,0.25,0.139,0.079,0.00,,1,1531,0,1406,0,-1.11,20.4,1.00,0.020
246.30,FINAL,80.08,73.27,20.32,-1.01,-0.0,0.2,-16.3,-0.4,-2049,0.25,0.139,0.079,0.00,,1,1529,0,1404,0,-1.11,20.4,1.00,0.020
246.40,FINAL,79.98,73.13,20.32,-1.01,-0.0,0.2,-16.3,-0.4,-2048,0.25,0.139,0.079,0.00,,1,1528,0,1403,0,-1.11,20.4,1.00,0.020
246.50,FINAL,79.88,72.99,20.32,-1.01,-0.0,0.2,-16.3,-0.4,-2046,0.25,0.139,0.079,0.00,,1,1526,0,1401,0,-1.11,20.4,1.00,0.020
246.60,FINAL,79.78,72.85,20.32,-1.01,-0.0,0.2,-16.3,-0.4,-2044,0.25,0.139,0.079,0.00,,1,1524,0,1399,0,-1.11,20.4,1.00,0.020
246.70,FINAL,79.68,72.72,20.32,-1.01,-0.0,0.2,-16.3,-0.4,-2042,0.25,0.139,0.079,0.00,,1,1522,0,1397,0,-1.11,20.4,1.00,0.020
246.80,FINAL,79.58,72.58,20.32,-1.01,-0.0,0.2,-16.3,-0.4,-2040,0.25,0.139,0.079,0.00,,1,1520,0,1395,0,-1.11,20.4,1.00,0.020
246.90,FINAL,79.48,72.45,20.32,-1.01,-0.0,0.2,-16.3,-0.4,-2038,0.25,0.139,0.079,0.00,,1,1518,0,1393,0,-1.11,20.4,1.00,0.020
247.00,FINAL,79.38,72.33,20.32,-1.01,-0.0,0.2,-16.3,-0.4,-2036,0.25,0.139,0.079,0.00,,1,1516,0,1391,0,-1.11,20.4,1.00,0.019
247.10,FINAL,79.28,72.20,20.32,-1.01,-0.0,0.2,-16.3,-0.4,-2034,0.25,0.139,0.079,0.00,,1,1514,0,1389,0,-1.11,20.4,1.00,0.019
247.20,FINAL,79.17,72.08,20.32,-1.01,-0.0,0.2,-16.3,-0.4,-2032,0.25,0.139,0.079,0.00,,1,1512,0,1387,0,-1.11,20.4,1.00,0.019
247.30,FINAL,79.07,71.97,20.32,-1.01,-0.0,0.2,-16.3,-0.4,-2030,0.25,0.139,0.079,0.00,,1,1510,0,1385,0,-1.11,20.4,1.00,0.019
247.40,FINAL,78.97,71.86,20.32,-1.01,-0.0,0.2,-16.3,-0.4,-2028,0.25,0.139,0.079,0.00,,1,1508,0,1383,0,-1.11,20.4,1.00,0.019
247.50,FINAL,78.87,71.75,20.32,-1.01,-0.0,0.2,-16.3,-0.4,-2026,0.25,0.139,0.079,0.00,,1,1506,0,1381,0,-1.11,20.4,1.00,0.019
247.60,FINAL,78.77,71.64,20.32,-1.01,-0.0,0.2,-16.3,-0.4,-2024,0.25,0.139,0.079,0.00,,1,1504,0,1379,0,-1.11,20.4,1.00,0.019
247.70,FINAL,78.67,71.54,20.32,-1.01,-0.0,0.2,-16.3,-0.4,-2023,0.25,0.139,0.079,0.00,,1,1503,0,1378,0,-1.11,20.4,1.00,0.019
247.80,FINAL,78.57,71.44,20.32,-1.01,-0.0,0.2,-16.3,-0.4,-2021,0.25,0.139,0.079,0.00,,1,1501,0,1376,0,-1.11,20.4,1.00,0.019
247.90,FINAL,78.47,71.34,20.32,-1.01,-0.0,0.2,-16.3,-0.4,-2019,0.25,0.139,0.079,0.00,,1,1499,0,1374,0,-1.11,20.4,1.00,0.019
248.00,FINAL,78.37,71.24,20.32,-1.01,-0.0,0.2,-16.3,-0.4,-2017,0.25,0.139,0.079,0.00,,1,1497,0,1372,0,-1.11,20.4,1.00,0.018
248.10,FINAL,78.26,71.15,20.32,-1.01,-0.0,0.2,-16.2,-0.4,-2015,0.25,0.139,0.079,0.00,,1,1495,0,1370,0,-1.11,20.4,1.00,0.018
248.20,FINAL,78.16,71.06,20.32,-1.01,-0.0,0.2,-16.2,-0.4,-2013,0.25,0.139,0.079,0.00,,1,1493,0,1368,0,-1.11,20.4,1.00,0.018
248.30,FINAL,78.06,70.97,20.32,-1.01,-0.0,0.2,-16.2,-0.4,-2011,0.25,0.139,0.079,0.00,,1,1491,0,1366,0,-1.11,20.4,1.00,0.018
248.40,FINAL,77.96,70.88,20.32,-1.01,-0.0,0.2,-16.2,-0.4,-2009,0.25,0.139,0.079,0.00,,1,1489,0,1364,0,-1.11,20.4,1.00,0.018
248.50,FINAL,77.86,70.80,20.32,-1.01,-0.0,0.2,-16.2,-0.4,-2007,0.25,0.139,0.079,0.00,,1,1487,0,1362,0,-1.11,20.4,1.00,0.018
248.60,FINAL,77.76,70.71,20.32,-1.01,-0.0,0.2,-16.2,-0.4,-2005,0.25,0.139,0.079,0.00,,1,1485,0,1360,0,-1.11,20.4,1.00,0.018
248.70,FINAL,77.66,70.63,20.32,-1.01,-0.0,0.2,-16.2,-0.4,-2003,0.25,0.139,0.079,0.00,,1,1483,0,1358,0,-1.11,20.4,1.00,0.018
248.80,FINAL,77.56,70.54,20.32,-1.01,-0.0,0.2,-16.2,-0.4,-2001,0.25,0.139,0.079,0.00,,1,1481,0,1356,0,-1.11,20.4,1.00,0.018
248.90,FINAL,77.45,70.46,20.32,-1.01,-0.0,0.2,-16.2,-0.4,-1999,0.25,0.139,0.079,0.00,,1,1479,0,1354,0,-1.11,20.4,1.00,0.018
249.00,FINAL,77.35,70.38,20.32,-1.01,-0.0,0.2,-16.2,-0.4,-1997,0.25,0.139,0.079,0.00,,1,1477,0,1352,0,-1.11,20.4,1.00,0.017
249.10,FINAL,77.25,70.30,20.32,-1.01,-0.0,0.2,-16.2,-0.4,-1996,0.25,0.139,0.079,0.00,,1,1476,0,1351,0,-1.11,20.4,1.00,0.017
249.20,FINAL,77.15,70.22,20.32,-1.01,-0.0,0.2,-16.2,-0.4,-1994,0.25,0.139,0.079,0.00,,1,1474,0,1349,0,-1.11,20.4,1.00,0.017
249.30,FINAL,77.05,70.14,20.32,-1.01,-0.0,0.2,-16.2,-0.4,-1992,0.25,0.139,0.079,0.00,,1,1472,0,1347,0,-1.11,20.4,1.00,0.017
249.40,FINAL,76.95,70.05,20.32,-1.01,-0.0,0.2,-16.2,-0.4,-1990,0.25,0.139,0.079,0.00,,1,1470,0,1345,0,-1.11,20.4,1.00,0.017
249.50,FINAL,76.85,69.97,20.32,-1.01,-0.0,0.2,-16.2,-0.4,-1988,0.25,0.139,0.079,0.00,,1,1468,0,1343,0,-1.11,20.4,1.00,0.017
249.60,FINAL,76.75,69.89,20.32,-1.01,-0.0,0.2,-16.2,-0.4,-1986,0.25,0.139,0.079,0.00,,1,1466,0,1341,0,-1.11,20.4,1.00,0.017
249.70,FINAL,76.64,69.81,20.32,-1.01,-0.0,0.2,-16.2,-0.4,-1984,0.25,0.139,0.079,0.00,,1,1464,0,1339,0,-1.11,20.4,1.00,0.017
249.80,FINAL,76.54,69.72,20.32,-1.01,-0.0,0.2,-16.2,-0.4,-1982,0.25,0.139,0.079,0.00,,1,1462,0,1337,0,-1.11,20.4,1.00,0.017
249.90,FINAL,76.44,69.63,20.33,-1.01,-0.0,0.2,-16.2,-0.4,-1980,0.25,0.139,0.079,0.00,,1,1460,0,1335,0,-1.11,20.4,1.00,0.017
250.00,FINAL,76.34,69.55,20.33,-1.01,-0.0,0.2,-16.2,-0.4,-1978,0.25,0.139,0.079,0.00,,1,1458,0,1333,0,-1.11,20.4,1.00,0.017
250.10,FINAL,76.24,69.46,20.33,-1.01,-0.0,0.2,-16.2,-0.4,-1976,0.25,0.139,0.079,0.00,,1,1456,0,1331,0,-1.11,20.4,1.00,0.016
250.20,FINAL,76.14,69.37,20.33,-1.01,-0.0,0.2,-16.2,-0.4,-1974,0.25,0.139,0.079,0.00,,1,1454,0,1329,0,-1.11,20.4,1.00,0.016
250.30,FINAL,76.04,69.27,20.33,-1.01,-0.0,0.2,-16.2,-0.4,-1972,0.25,0.139,0.079,0.00,,1,1452,0,1327,0,-1.11,20.4,1.00,0.016
250.40,FINAL,75.93,69.18,20.33,-1.01,-0.0,0.2,-16.2,-0.4,-1970,0.25,0.139,0.079,0.00,,1,1450,0,1325,0,-1.11,20.4,1.00,0.016
250.50,FINAL,75.83,69.08,20.33,-1.01,-0.0,0.2,-16.2,-0.4,-1969,0.25,0.139,0.079,0.00,,1,1449,0,1324,0,-1.11,20.4,1.00,0.016
250.60,FINAL,75.73,68.98,20.33,-1.01,-0.0,0.2,-16.2,-0.4,-1967,0.25,0.139,0.079,0.00,,1,1447,0,1322,0,-1.11,20.4,1.00,0.016
250.70,FINAL,75.63,68.87,20.33,-1.01,-0.0,0.2,-16.2,-0.4,-1965,0.25,0.139,0.079,0.00,,1,1445,0,1320,0,-1.11,20.4,1.00,0.016
250.80,FINAL,75.53,68.77,20.33,-1.01,-0.0,0.2,-16.2,-0.4,-1963,0.25,0.139,0.079,0.00,,1,1443,0,1318,0,-1.11,20.4,1.00,0.016
250.90,FINAL,75.43,68.65,20.33,-1.01,-0.0,0.2,-16.2,-0.4,-1961,0.25,0.139,0.079,0.00,,1,1441,0,1316,0,-1.11,20.4,1.00,0.016
251.00,FINAL,75.33,68.54,20.33,-1.01,-0.0,0.2,-16.2,-0.4,-1959,0.25,0.139,0.079,0.00,,1,1439,0,1314,0,-1.11,20.4,1.00,0.016
251.10,FINAL,75.23,68.43,20.33,-1.01,-0.0,0.2,-16.2,-0.4,-1957,0.25,0.139,0.079,0.00,,1,1437,0,1312,0,-1.11,20.4,1.00,0.015
251.20,FINAL,75.12,68.31,20.33,-1.01,-0.0,0.2,-16.2,-0.4,-1955,0.25,0.139,0.078,0.00,,1,1435,0,1310,0,-1.11,20.4,1.00,0.015
251.30,FINAL,75.02,68.19,20.33,-1.01,-0.0,0.2,-16.2,-0.4,-1953,0.25,0.139,0.078,0.00,,1,1433,0,1308,0,-1.10,20.4,1.00,0.015
251.40,FINAL,74.92,68.07,20.33,-1.01,-0.0,0.2,-16.2,-0.4,-1951,0.25,0.139,0.078,0.00,,1,1431,0,1306,0,-1.10,20.4,1.00,0.015
251.50,FINAL,74.82,67.95,20.33,-1.01,-0.0,0.2,-16.2,-0.4,-1949,0.25,0.139,0.078,0.00,,0,1429,0,1304,0,-1.10,20.4,1.00,0.015
251.60,FINAL,74.72,67.83,20.33,-1.01,-0.0,0.2,-16.1,-0.4,-1947,0.25,0.139,0.078,0.00,,0,1427,0,1302,0,-1.10,20.4,1.00,0.015
251.70,FINAL,74.62,67.70,20.33,-1.01,-0.0,0.2,-16.1,-0.4,-1945,0.25,0.139,0.078,0.00,,0,1425,0,1300,0,-1.10,20.4,1.00,0.015
251.80,FINAL,74.52,67.58,20.33,-1.01,-0.0,0.2,-16.1,-0.4,-1943,0.25,0.139,0.078,0.00,,0,1423,0,1298,0,-1.10,20.4,1.00,0.015
251.90,FINAL,74.41,67.46,20.33,-1.01,-0.0,0.2,-16.1,-0.4,-1942,0.25,0.139,0.078,0.00,,0,1422,0,1297,0,-1.10,20.4,1.00,0.015
252.00,FINAL,74.31,67.33,20.33,-1.01,-0.0,0.2,-16.1,-0.4,-1940,0.25,0.139,0.078,0.00,,0,1420,0,1295,0,-1.10,20.4,1.00,0.015
252.10,FINAL,74.21,67.21,20.33,-1.01,-0.0,0.2,-16.1,-0.4,-1938,0.25,0.139,0.078,0.00,,0,1418,0,1293,0,-1.10,20.4,1.00,0.014
252.20,FINAL,74.11,67.08,20.33,-1.01,-0.0,0.2,-16.1,-0.4,-1936,0.25,0.139,0.078,0.00,,0,1416,0,1291,0,-1.10,20.4,1.00,0.014
252.30,FINAL,74.01,66.96,20.33,-1.02,-0.0,0.2,-16.1,-0.4,-1934,0.25,0.139,0.078,0.00,,0,1414,0,1289,0,-1.10,20.4,1.00,0.014
252.40,FINAL,73.91,66.83,20.33,-1.02,-0.0,0.2,-16.1,-0.4,-1932,0.25,0.139,0.078,0.00,,0,1412,0,1287,0,-1.10,20.4,1.00,0.014
252.50,FINAL,73.80,66.71,20.33,-1.02,-0.0,0.2,-16.1,-0.4,-1930,0.25,0.139,0.078,0.00,,0,1410,0,1285,0,-1.10,20.4,1.00,0.014
252.60,FINAL,73.70,66.58,20.33,-1.02,-0.0,0.2,-16.1,-0.4,-1928,0.25,0.139,0.078,0.00,,0,1408,0,1283,0,-1.10,20.4,1.00,0.014
252.70,FINAL,73.60,66.46,20.33,-1.02,-0.0,0.2,-16.1,-0.4,-1926,0.25,0.139,0.078,0.00,,0,1406,0,1281,0,-1.10,20.4,1.00,0.014
252.80,FINAL,73.50,66.34,20.33,-1.02,-0.0,0.2,-16.1,-0.4,-1924,0.25,0.139,0.078,0.00,,0,1404,0,1279,0,-1.10,20.4,1.00,0.014
252.90,FINAL,73.40,66.21,20.33,-1.02,-0.0,0.2,-16.1,-0.4,-1922,0.25,0.139,0.078,0.00,,0,1402,0,1277,0,-1.10,20.4,1.00,0.014
253.00,FINAL,73.30,66.09,20.33,-1.02,-0.0,0.2,-16.1,-0.4,-1920,0.25,0.139,0.078,0.00,,0,1400,0,1275,0,-1.10,20.4,1.00,0.014
253.10,FINAL,73.20,65.98,20.33,-1.02,-0.0,0.2,-16.1,-0.4,-1918,0.25,0.139,0.078,0.00,,0,1398,0,1273,0,-1.10,20.4,1.00,0.014
253.20,FINAL,73.09,65.86,20.33,-1.02,-0.0,0.2,-16.1,-0.4,-1916,0.25,0.139,0.078,0.00,,0,1396,0,1271,0,-1.10,20.4,1.00,0.013
253.30,FINAL,72.99,65.74,20.33,-1.02,-0.0,0.2,-16.1,-0.4,-1914,0.25,0.139,0.078,0.00,,0,1394,0,1269,0,-1.10,20.4,1.00,0.013
253.40,FINAL,72.89,65.63,20.33,-1.02,-0.0,0.2,-16.1,-0.4,-1913,0.25,0.139,0.078,0.00,,0,1393,0,1268,0,-1.10,20.4,1.00,0.013
253.50,FINAL,72.79,65.52,20.33,-1.02,-0.0,0.2,-16.1,-0.4,-1911,0.25,0.139,0.078,0.00,,0,1391,0,1266,0,-1.10,20.4,1.00,0.013
253.60,FINAL,72.69,65.41,20.33,-1.02,-0.0,0.2,-16.1,-0.4,-1909,0.25,0.139,0.078,0.00,,0,1389,0,1264,0,-1.10,20.4,1.00,0.013
253.70,FINAL,72.59,65.31,20.33,-1.02,-0.0,0.2,-16.0,-0.4,-1907,0.25,0.139,0.078,0.00,,0,1387,0,1262,0,-1.10,20.4,1.00,0.013
253.80,FINAL,72.48,65.20,20.33,-1.02,-0.0,0.2,-16.0,-0.4,-1905,0.25,0.139,0.078,0.00,,0,1385,0,1260,0,-1.10,20.4,1.00,0.013
253.90,FINAL,72.38,65.10,20.33,-1.02,-0.0,0.2,-16.0,-0.4,-1903,0.25,0.139,0.078,0.00,,0,1383,0,1258,0,-1.10,20.4,1.00,0.013
254.00,FINAL,72.28,65.00,20.33,-1.02,-0.0,0.2,-16.0,-0.4,-1901,0.25,0.139,0.078,0.00,,0,1381,0,1256,0,-1.10,20.4,1.00,0.013
254.10,FINAL,72.18,64.90,20.33,-1.02,-0.0,0.2,-16.0,-0.4,-1899,0.25,0.139,0.078,0.00,,0,1379,0,1254,0,-1.10,20.4,1.00,0.013
254.20,FINAL,72.08,64.81,20.33,-1.02,-0.0,0.2,-16.0,-0.4,-1897,0.25,0.139,0.078,0.00,,0,1377,0,1252,0,-1.10,20.4,1.00,0.013
254.30,FINAL,71.98,64.71,20.33,-1.02,-0.0,0.2,-16.0,-0.4,-1895,0.25,0.139,0.078,0.00,,0,1375,0,1250,0,-1.10,20.4,1.00,0.013
254.40,FINAL,71.87,64.63,20.33,-1.02,-0.0,0.2,-16.0,-0.4,-1893,0.25,0.139,0.078,0.00,,0,1373,0,1248,0,-1.10,20.4,1.00,0.013
254.50,FINAL,71.77,64.54,20.33,-1.02,-0.0,0.2,-16.0,-0.4,-1891,0.25,0.139,0.078,0.00,,0,1371,0,1246,0,-1.10,20.4,1.00,0.012
254.60,FINAL,71.67,64.46,20.33,-1.02,-0.0,0.2,-16.0,-0.4,-1889,0.25,0.139,0.078,0.00,,0,1369,0,1244,0,-1.10,20.4,1.00,0.012
254.70,FINAL,71.57,64.38,20.33,-1.02,-0.0,0.2,-16.0,-0.4,-1887,0.25,0.139,0.078,0.00,,0,1367,0,1242,0,-1.10,20.4,1.00,0.012
254.80,FINAL,71.47,64.30,20.33,-1.02,-0.0,0.2,-16.0,-0.4,-1886,0.25,0.139,0.078,0.00,,0,1366,0,1241,0,-1.10,20.4,1.00,0.012
254.90,FINAL,71.37,64.22,20.34,-1.02,-0.0,0.2,-16.0,-0.4,-1884,0.25,0.139,0.078,0.00,,0,1364,0,1239,0,-1.10,20.4,1.00,0.012
255.00,FINAL,71.26,64.14,20.34,-1.02,-0.0,0.2,-16.0,-0.4,-1882,0.25,0.139,0.078,0.00,,0,1362,0,1237,0,-1.10,20.4,1.00,0.012
255.10,FINAL,71.16,64.07,20.34,-1.02,-0.0,0.2,-16.0,-0.4,-1880,0.25,0.139,0.078,0.00,,0,1360,0,1235,0,-1.10,20.4,1.00,0.012
255.20,FINAL,71.06,64.00,20.34,-1.02,-0.0,0.2,-16.0,-0.4,-1878,0.25,0.139,0.078,0.00,,0,1358,0,1233,0,-1.10,20.4,1.00,0.012
255.30,FINAL,70.96,63.93,20.34,-1.02,-0.0,0.2,-16.0,-0.4,-1876,0.25,0.139,0.078,0.00,,0,1356,0,1231,0,-1.10,20.4,1.00,0.012
255.40,FINAL,70.86,63.86,20.34,-1.02,-0.0,0.2,-16.0,-0.4,-1874,0.25,0.139,0.078,0.00,,0,1354,0,1229,0,-1.10,20.4,1.00,0.012
255.50,FINAL,70.76,63.80,20.34,-1.02,-0.0,0.2,-16.0,-0.4,-1872,0.25,0.139,0.078,0.00,,0,1352,0,1227,0,-1.10,20.4,1.00,0.012
255.60,FINAL,70.65,63.73,20.34,-1.02,-0.0,0.2,-16.0,-0.4,-1870,0.25,0.139,0.078,0.00,,0,1350,0,1225,0,-1.10,20.4,1.00,0.012
255.70,FINAL,70.55,63.67,20.34,-1.02,-0.0,0.2,-16.0,-0.4,-1868,0.25,0.139,0.078,0.00,,0,1348,0,1223,0,-1.10,20.4,1.00,0.012
255.80,FINAL,70.45,63.61,20.34,-1.02,-0.0,0.2,-16.0,-0.4,-1866,0.25,0.139,0.078,0.00,,0,1346,0,1221,0,-1.10,20.4,1.00,0.011
255.90,FINAL,70.35,63.55,20.34,-1.02,-0.0,0.2,-16.0,-0.4,-1864,0.25,0.139,0.078,0.00,,0,1344,0,1219,0,-1.10,20.4,1.00,0.011
256.00,FINAL,70.25,63.49,20.34,-1.02,-0.0,0.2,-16.0,-0.4,-1862,0.25,0.138,0.078,0.00,,0,1342,0,1217,0,-1.10,20.4,1.00,0.011
256.10,FINAL,70.15,63.43,20.34,-1.02,-0.0,0.2,-16.0,-0.4,-1860,0.25,0.138,0.078,0.00,,0,1340,0,1215,0,-1.10,20.4,1.00,0.011
256.20,FINAL,70.04,63.37,20.34,-1.02,-0.0,0.2,-16.0,-0.4,-1858,0.25,0.138,0.078,0.00,,0,1338,0,1213,0,-1.09,20.4,1.00,0.011
256.30,FINAL,69.94,63.32,20.34,-1.02,-0.0,0.2,-16.0,-0.4,-1857,0.25,0.138,0.078,0.00,,0,1337,0,1212,0,-1.09,20.4,1.00,0.011
256.40,FINAL,69.84,63.26,20.34,-1.02,-0.0,0.2,-16.0,-0.4,-1855,0.25,0.138,0.078,0.00,,0,1335,0,1210,0,-1.09,20.4,1.00,0.011
256.50,FINAL,69.74,63.21,20.34,-1.02,-0.0,0.2,-16.0,-0.4,-1853,0.25,0.138,0.078,0.00,,0,1333,0,1208,0,-1.09,20.4,1.00,0.011
256.60,FINAL,69.64,63.16,20.34,-1.02,-0.0,0.2,-16.0,-0.4,-1851,0.25,0.138,0.078,0.00,,0,1331,0,1206,0,-1.09,20.4,1.00,0.011
256.70,FINAL,69.53,63.10,20.34,-1.02,-0.0,0.2,-16.0,-0.4,-1849,0.25,0.138,0.078,0.00,,0,1329,0,1204,0,-1.09,20.4,1.00,0.011
256.80,FINAL,69.43,63.05,20.34,-1.02,-0.0,0.2,-16.0,-0.4,-1847,0.25,0.138,0.078,0.00,,0,1327,0,1202,0,-1.09,20.4,1.00,0.011
256.90,FINAL,69.33,63.00,20.34,-1.02,-0.0,0.2,-15.9,-0.4,-1845,0.25,0.138,0.078,0.00,,0,1325,0,1200,0,-1.09,20.4,1.00,0.011
257.00,FINAL,69.23,62.95,20.34,-1.02,-0.0,0.2,-15.9,-0.4,-1843,0.25,0.138,0.078,0.00,,0,1323,0,1198,0,-1.09,20.4,1.00,0.011
257.10,FINAL,69.13,62.89,20.34,-1.02,-0.0,0.2,-15.9,-0.4,-1841,0.25,0.138,0.078,0.00,,0,1321,0,1196,0,-1.09,20.4,1.00,0.011
257.20,FINAL,69.03,62.84,20.34,-1.02,-0.1,0.2,-15.9,-0.4,-1839,0.25,0.138,0.078,0.00,,0,1319,0,1194,0,-1.09,20.4,1.00,0.010
257.30,FINAL,68.92,62.79,20.34,-1.02,-0.1,0.2,-15.9,-0.4,-1837,0.25,0.138,0.078,0.00,,0,1317,0,1192,0,-1.09,20.4,1.00,0.010
257.40,FINAL,68.82,62.74,20.34,-1.02,-0.1,0.2,-15.9,-0.4,-1835,0.25,0.138,0.078,0.00,,0,1315,0,1190,0,-1.09,20.4,1.00,0.010
257.50,FINAL,68.72,62.69,20.34,-1.02,-0.1,0.2,-15.9,-0.4,-1833,0.25,0.138,0.078,0.00,,0,1313,0,1188,0,-1.09,20.4,1.00,0.010
257.60,FINAL,68.62,62.63,20.34,-1.02,-0.1,0.2,-15.9,-0.4,-1831,0.25,0.138,0.078,0.00,,0,1311,0,1186,0,-1.09,20.4,1.00,0.010
257.70,FINAL,68.52,62.58,20.34,-1.02,-0.1,0.2,-15.9,-0.4,-1829,0.25,0.138,0.078,0.00,,0,1309,0,1184,0,-1.09,20.4,1.00,0.010
257.80,FINAL,68.42,62.52,20.34,-1.02,-0.1,0.2,-15.9,-0.4,-1828,0.25,0.138,0.077,0.00,,0,1308,0,1183,0,-1.09,20.4,1.00,0.010
257.90,FINAL,68.31,62.47,20.34,-1.02,-0.1,0.2,-15.9,-0.4,-1826,0.25,0.138,0.078,0.00,,0,1306,0,1181,0,-1.09,20.4,1.00,0.010
258.00,FINAL,68.21,62.41,20.34,-1.02,-0.1,0.2,-15.9,-0.4,-1824,0.25,0.138,0.077,0.00,,0,1304,0,1179,0,-1.09,20.4,1.00,0.010
258.10,FINAL,68.11,62.35,20.35,-1.02,-0.1,0.2,-15.9,-0.4,-1822,0.25,0.138,0.078,0.00,,0,1302,0,1177,0,-1.09,20.4,1.00,0.010
258.20,FINAL,68.01,62.29,20.35,-1.02,-0.1,0.2,-15.9,-0.4,-1820,0.24,0.138,0.077,0.00,,0,1300,0,1175,0,-1.09,20.4,1.00,0.010
258.30,FINAL,67.91,62.24,20.35,-1.02,-0.1,0.2,-15.9,-0.4,-1818,0.24,0.138,0.077,0.00,,0,1298,0,1173,0,-1.09,20.4,1.00,0.010
258.40,FINAL,67.81,62.18,20.35,-1.02,-0.1,0.2,-15.9,-0.4,-1816,0.24,0.138,0.077,0.00,,0,1296,0,1171,0,-1.09,20.4,1.00,0.010
258.50,FINAL,67.70,62.12,20.35,-1.02,-0.1,0.2,-15.9,-0.4,-1814,0.24,0.138,0.077,0.00,,0,1294,0,1169,0,-1.09,20.4,1.00,0.010
258.60,FINAL,67.60,62.07,20.35,-1.02,-0.1,0.2,-15.9,-0.4,-1812,0.24,0.138,0.077,0.00,,0,1292,0,1167,0,-1.09,20.4,1.00,0.009
258.70,FINAL,67.50,62.01,20.35,-1.02,-0.1,0.2,-15.9,-0.4,-1810,0.24,0.138,0.077,0.00,,0,1290,0,1165,0,-1.09,20.4,1.00,0.009
258.80,FINAL,67.40,61.95,20.35,-1.02,-0.1,0.2,-15.9,-0.4,-1808,0.24,0.138,0.077,0.00,,0,1288,0,1163,0,-1.09,20.4,1.00,0.009
258.90,FINAL,67.30,61.89,20.35,-1.02,-0.1,0.2,-15.9,-0.4,-1806,0.24,0.138,0.077,0.00,,0,1286,0,1161,0,-1.09,20.4,1.00,0.009
259.00,FINAL,67.19,61.83,20.35,-1.02,-0.1,0.2,-15.9,-0.4,-1804,0.24,0.138,0.077,0.00,,0,1284,0,1159,0,-1.09,20.4,1.00,0.009
259.10,FINAL,67.09,61.77,20.35,-1.02,-0.1,0.2,-15.9,-0.4,-1802,0.24,0.138,0.077,0.00,,0,1282,0,1157,0,-1.09,20.4,1.00,0.009
259.20,FINAL,66.99,61.71,20.35,-1.02,-0.1,0.2,-15.9,-0.4,-1800,0.24,0.138,0.077,0.00,,0,1280,0,1155,0,-1.09,20.4,1.00,0.009
259.30,FINAL,66.89,61.65,20.35,-1.02,-0.1,0.2,-15.9,-0.4,-1799,0.24,0.138,0.077,0.00,,0,1279,0,1154,0,-1.09,20.4,1.00,0.009
259.40,FINAL,66.79,61.59,20.35,-1.02,-0.1,0.2,-15.9,-0.4,-1797,0.24,0.138,0.077,0.00,,0,1277,0,1152,0,-1.09,20.4,1.00,0.009
259.50,FINAL,66.69,61.53,20.35,-1.02,-0.1,0.2,-15.9,-0.4,-1795,0.24,0.138,0.077,0.00,,0,1275,0,1150,0,-1.09,20.4,1.00,0.009
259.60,FINAL,66.58,61.47,20.35,-1.02,-0.1,0.2,-15.9,-0.4,-1793,0.24,0.138,0.077,0.00,,0,1273,0,1148,0,-1.09,20.4,1.00,0.009
259.70,FINAL,66.48,61.40,20.35,-1.02,-0.1,0.2,-15.9,-0.4,-1791,0.24,0.138,0.077,0.00,,0,1271,0,1146,0,-1.09,20.4,1.00,0.009
259.80,FINAL,66.38,61.33,20.35,-1.02,-0.1,0.2,-15.9,-0.4,-1789,0.24,0.138,0.077,0.00,,0,1269,0,1144,0,-1.09,20.4,1.00,0.009
259.90,FINAL,66.28,61.27,20.35,-1.02,-0.1,0.2,-15.9,-0.4,-1787,0.24,0.138,0.077,0.00,,0,1267,0,1142,0,-1.09,20.4,1.00,0.009
260.00,FINAL,66.18,61.20,20.35,-1.02,-0.1,0.2,-15.9,-0.4,-1785,0.24,0.138,0.077,0.00,,0,1265,0,1140,0,-1.09,20.4,1.00,0.009
260.10,FINAL,66.08,61.13,20.35,-1.02,-0.1,0.2,-15.9,-0.4,-1783,0.24,0.138,0.077,0.00,,0,1263,0,1138,0,-1.09,20.4,1.00,0.009
260.20,FINAL,65.97,61.06,20.35,-1.02,-0.1,0.2,-15.9,-0.4,-1781,0.24,0.138,0.077,0.00,,0,1261,0,1136,0,-1.09,20.4,1.00,0.008
260.30,FINAL,65.87,60.98,20.35,-1.02,-0.1,0.2,-15.9,-0.4,-1779,0.24,0.138,0.077,0.00,,0,1259,0,1134,0,-1.09,20.4,1.00,0.008
260.40,FINAL,65.77,60.90,20.35,-1.02,-0.1,0.2,-15.9,-0.4,-1777,0.24,0.138,0.077,0.00,,0,1257,0,1132,0,-1.09,20.4,1.00,0.008
260.50,FINAL,65.67,60.83,20.35,-1.02,-0.1,0.2,-15.9,-0.4,-1775,0.24,0.138,0.077,0.00,,0,1255,0,1130,0,-1.09,20.4,1.00,0.008
260.60,FINAL,65.57,60.75,20.35,-1.02,-0.1,0.2,-15.9,-0.4,-1773,0.24,0.138,0.077,0.00,,0,1253,0,1128,0,-1.09,20.4,1.00,0.008
260.70,FINAL,65.46,60.67,20.35,-1.02,-0.1,0.2,-15.9,-0.4,-1771,0.24,0.138,0.077,0.00,,0,1251,0,1126,0,-1.08,20.4,1.00,0.008
260.80,FINAL,65.36,60.58,20.35,-1.02,-0.1,0.2,-15.9,-0.4,-1770,0.24,0.138,0.077,0.00,,0,1250,0,1125,0,-1.08,20.4,1.00,0.008
260.90,FINAL,65.26,60.50,20.35,-1.02,-0.1,0.2,-15.9,-0.4,-1768,0.24,0.138,0.077,0.00,,0,1248,0,1123,0,-1.08,20.4,1.00,0.008
261.00,FINAL,65.16,60.41,20.35,-1.02,-0.1,0.2,-15.9,-0.4,-1766,0.25,0.138,0.077,0.00,,0,1246,0,1121,0,-1.08,20.4,1.00,0.008
261.10,FINAL,65.06,60.32,20.35,-1.02,-0.1,0.2,-15.9,-0.4,-1764,0.25,0.138,0.077,0.00,,0,1244,0,1119,0,-1.08,20.4,1.00,0.008
261.20,FINAL,64.96,60.23,20.35,-1.02,-0.1,0.2,-15.8,-0.4,-1762,0.25,0.138,0.077,0.00,,0,1242,0,1117,0,-1.08,20.4,1.00,0.008
261.30,FINAL,64.85,60.14,20.35,-1.02,-0.1,0.2,-15.8,-0.4,-1760,0.25,0.138,0.077,0.00,,0,1240,0,1115,0,-1.08,20.4,1.00,0.008
261.40,FINAL,64.75,60.04,20.35,-1.02,-0.1,0.2,-15.8,-0.4,-1758,0.25,0.138,0.077,0.00,,0,1238,0,1113,0,-1.08,20.4,1.00,0.008
261.50,FINAL,64.65,59.94,20.35,-1.02,-0.1,0.2,-15.8,-0.4,-1756,0.25,0.138,0.077,0.00,,0,1236,0,1111,0,-1.08,20.4,1.00,0.008
261.60,FINAL,64.55,59.85,20.35,-1.02,-0.1,0.2,-15.8,-0.4,-1754,0.25,0.138,0.077,0.00,,0,1234,0,1109,0,-1.08,20.4,1.00,0.008
261.70,FINAL,64.45,59.75,20.35,-1.02,-0.1,0.2,-15.8,-0.4,-1752,0.25,0.138,0.077,0.00,,0,1232,0,1107,0,-1.08,20.4,1.00,0.007
261.80,FINAL,64.34,59.64,20.35,-1.02,-0.1,0.2,-15.8,-0.4,-1750,0.25,0.138,0.077,0.00,,0,1230,0,1105,0,-1.08,20.4,1.00,0.007
261.90,FINAL,64.24,59.54,20.35,-1.02,-0.1,0.2,-15.8,-0.4,-1748,0.25,0.138,0.077,0.00,,0,1228,0,1103,0,-1.08,20.4,1.00,0.007
262.00,FINAL,64.14,59.43,20.35,-1.02,-0.1,0.2,-15.8,-0.4,-1746,0.25,0.138,0.077,0.00,,0,1226,0,1101,0,-1.08,20.4,1.00,0.007
262.10,FINAL,64.04,59.33,20.35,-1.02,-0.1,0.2,-15.8,-0.4,-1744,0.25,0.138,0.077,0.00,,0,1224,0,1099,0,-1.08,20.4,1.00,0.007
262.20,FINAL,63.94,59.22,20.35,-1.02,-0.1,0.2,-15.8,-0.4,-1742,0.25,0.138,0.077,0.00,,0,1222,0,1097,0,-1.08,20.4,1.00,0.007
262.30,FINAL,63.83,59.11,20.35,-1.02,-0.1,0.2,-15.8,-0.4,-1741,0.25,0.138,0.077,0.00,,0,1221,0,1096,0,-1.08,20.4,1.00,0.007
262.40,FINAL,63.73,59.00,20.35,-1.02,-0.1,0.2,-15.8,-0.4,-1739,0.25,0.138,0.077,0.00,,0,1219,0,1094,0,-1.08,20.4,1.00,0.007
262.50,FINAL,63.63,58.89,20.35,-1.02,-0.1,0.2,-15.8,-0.4,-1737,0.25,0.138,0.077,0.00,,0,1217,0,1092,0,-1.08,20.4,1.00,0.007
262.60,FINAL,63.53,58.77,20.35,-1.02,-0.1,0.2,-15.8,-0.4,-1735,0.25,0.138,0.077,0.00,,0,1215,0,1090,0,-1.08,20.4,1.00,0.007
262.70,FINAL,63.43,58.66,20.35,-1.02,-0.1,0.2,-15.8,-0.4,-1733,0.25,0.138,0.077,0.00,,0,1213,0,1088,0,-1.08,20.4,1.00,0.007
262.80,FINAL,63.32,58.54,20.35,-1.02,-0.1,0.2,-15.8,-0.4,-1731,0.25,0.138,0.077,0.00,,0,1211,0,1086,0,-1.08,20.4,1.00,0.007
262.90,FINAL,63.22,58.43,20.35,-1.02,-0.1,0.2,-15.8,-0.4,-1729,0.25,0.138,0.077,0.00,,0,1209,0,1084,0,-1.08,20.4,1.00,0.007
263.00,FINAL,63.12,58.31,20.35,-1.02,-0.1,0.2,-15.8,-0.4,-1727,0.25,0.138,0.077,0.00,,0,1207,0,1082,0,-1.08,20.4,1.00,0.007
263.10,FINAL,63.02,58.19,20.35,-1.02,-0.1,0.2,-15.8,-0.4,-1725,0.25,0.138,0.077,0.00,,0,1205,0,1080,0,-1.08,20.4,1.00,0.007
263.20,FINAL,62.92,58.07,20.36,-1.02,-0.1,0.2,-15.8,-0.4,-1723,0.25,0.138,0.077,0.00,,0,1203,0,1078,0,-1.08,20.4,1.00,0.007
263.30,FINAL,62.82,57.96,20.36,-1.02,-0.1,0.2,-15.8,-0.4,-1721,0.25,0.138,0.077,0.00,,0,1201,0,1076,0,-1.08,20.4,1.00,0.007
263.40,FINAL,62.71,57.84,20.36,-1.02,-0.1,0.2,-15.8,-0.4,-1719,0.25,0.138,0.077,0.00,,0,1199,0,1074,0,-1.08,20.4,1.00,0.006
263.50,FINAL,62.61,57.72,20.36,-1.02,-0.1,0.2,-15.8,-0.4,-1717,0.25,0.138,0.077,0.00,,0,1197,0,1072,0,-1.08,20.4,1.00,0.006
263.60,FINAL,62.51,57.60,20.36,-1.02,-0.1,0.2,-15.8,-0.4,-1715,0.25,0.138,0.077,0.00,,0,1195,0,1070,0,-1.08,20.4,1.00,0.006
263.70,FINAL,62.41,57.48,20.36,-1.02,-0.1,0.2,-15.7,-0.4,-1713,0.25,0.138,0.077,0.00,,0,1193,0,1068,0,-1.08,20.4,1.00,0.006
263.80,FINAL,62.31,57.36,20.36,-1.02,-0.1,0.2,-15.7,-0.4,-1711,0.25,0.138,0.077,0.00,,0,1191,0,1066,0,-1.08,20.4,1.00,0.006
263.90,FINAL,62.20,57.23,20.36,-1.02,-0.1,0.2,-15.7,-0.4,-1710,0.25,0.138,0.077,0.00,,0,1190,0,1065,0,-1.08,20.4,1.00,0.006
264.00,FINAL,62.10,57.11,20.36,-1.02,-0.1,0.2,-15.7,-0.4,-1708,0.25,0.138,0.077,0.00,,0,1188,0,1063,0,-1.08,20.4,1.00,0.006
264.10,FINAL,62.00,56.99,20.36,-1.02,-0.1,0.2,-15.7,-0.4,-1706,0.25,0.138,0.077,0.00,,0,1186,0,1061,0,-1.08,20.4,1.00,0.006
264.20,FINAL,61.90,56.87,20.36,-1.02,-0.1,0.2,-15.7,-0.4,-1704,0.25,0.138,0.077,0.00,,0,1184,0,1059,0,-1.08,20.4,1.00,0.006
264.30,FINAL,61.80,56.75,20.36,-1.02,-0.1,0.2,-15.7,-0.4,-1702,0.25,0.138,0.077,0.00,,0,1182,0,1057,0,-1.08,20.4,1.00,0.006
264.40,FINAL,61.69,56.64,20.36,-1.02,-0.1,0.2,-15.7,-0.4,-1700,0.25,0.138,0.077,0.00,,0,1180,0,1055,0,-1.08,20.4,1.00,0.006
264.50,FINAL,61.59,56.52,20.36,-1.02,-0.1,0.2,-15.7,-0.4,-1698,0.25,0.138,0.077,0.00,,0,1178,0,1053,0,-1.08,20.4,1.00,0.006
264.60,FINAL,61.49,56.40,20.36,-1.02,-0.1,0.2,-15.7,-0.4,-1696,0.25,0.138,0.077,0.00,,0,1176,0,1051,0,-1.08,20.4,1.00,0.006
264.70,FINAL,61.39,56.28,20.36,-1.02,-0.1,0.2,-15.7,-0.4,-1694,0.25,0.138,0.076,0.00,,0,1174,0,1049,0,-1.08,20.4,1.00,0.006
264.80,FINAL,61.29,56.16,20.36,-1.02,-0.1,0.2,-15.7,-0.4,-1692,0.25,0.138,0.077,0.00,,0,1172,0,1047,0,-1.08,20.4,1.00,0.006
264.90,FINAL,61.18,56.05,20.36,-1.02,-0.1,0.2,-15.7,-0.4,-1690,0.25,0.138,0.076,0.00,,0,1170,0,1045,0,-1.08,20.4,1.00,0.006
265.00,FINAL,61.08,55.93,20.36,-1.02,-0.1,0.2,-15.7,-0.4,-1688,0.25,0.138,0.076,0.00,,0,1168,0,1043,0,-1.08,20.4,1.00,0.006
265.10,FINAL,60.98,55.82,20.36,-1.02,-0.1,0.2,-15.7,-0.4,-1686,0.25,0.138,0.076,0.00,,0,1166,0,1041,0,-1.08,20.4,1.00,0.006
265.20,FINAL,60.88,55.70,20.36,-1.02,-0.1,0.2,-15.7,-0.4,-1684,0.25,0.138,0.076,0.00,,0,1164,0,1039,0,-1.08,20.4,1.00,0.006
265.30,FINAL,60.78,55.58,20.36,-1.02,-0.1,0.2,-15.7,-0.4,-1682,0.25,0.138,0.076,0.00,,0,1162,0,1037,0,-1.07,20.4,1.00,0.006
265.40,FINAL,60.67,55.46,20.36,-1.02,-0.1,0.2,-15.7,-0.4,-1680,0.25,0.138,0.076,0.00,,0,1160,0,1035,0,-1.07,20.4,1.00,0.005
265.50,FINAL,60.57,55.34,20.36,-1.02,-0.1,0.2,-15.7,-0.4,-1679,0.25,0.138,0.076,0.00,,0,1159,0,1034,0,-1.07,20.4,1.00,0.005
265.60,FINAL,60.47,55.22,20.36,-1.02,-0.1,0.2,-15.6,-0.4,-1677,0.25,0.138,0.076,0.00,,0,1157,0,1032,0,-1.07,20.4,1.00,0.005
265.70,FINAL,60.37,55.10,20.36,-1.02,-0.1,0.2,-15.6,-0.4,-1675,0.25,0.138,0.076,0.00,,0,1155,0,1030,0,-1.07,20.4,1.00,0.005
265.80,FINAL,60.27,54.98,20.36,-1.02,-0.1,0.2,-15.6,-0.4,-1673,0.25,0.138,0.076,0.00,,0,1153,0,1028,0,-1.07,20.4,1.00,0.005
265.90,FINAL,60.16,54.85,20.36,-1.02,-0.1,0.2,-15.6,-0.4,-1671,0.25,0.138,0.076,0.00,,0,1151,0,1026,0,-1.07,20.4,1.00,0.005
266.00,FINAL,60.06,54.73,20.36,-1.02,-0.1,0.2,-15.6,-0.4,-1669,0.25,0.138,0.076,0.00,,0,1149,0,1024,0,-1.07,20.4,1.00,0.005
266.10,FINAL,59.96,54.61,20.36,-1.02,-0.1,0.2,-15.6,-0.4,-1667,0.25,0.138,0.076,0.00,,0,1147,0,1022,0,-1.07,20.4,1.00,0.005
266.20,FINAL,59.86,54.48,20.36,-1.02,-0.1,0.2,-15.6,-0.4,-1665,0.25,0.138,0.076,0.00,,0,1145,0,1020,0,-1.07,20.4,1.00,0.005
266.30,FINAL,59.76,54.36,20.36,-1.02,-0.1,0.2,-15.6,-0.4,-1663,0.25,0.138,0.076,0.00,,0,1143,0,1018,0,-1.07,20.4,1.00,0.005
266.40,FINAL,59.65,54.23,20.36,-1.02,-0.1,0.2,-15.6,-0.4,-1661,0.25,0.138,0.076,0.00,,0,1141,0,1016,0,-1.07,20.4,1.00,0.005
266.50,FINAL,59.55,54.11,20.36,-1.02,-0.1,0.2,-15.6,-0.4,-1659,0.25,0.138,0.076,0.00,,0,1139,0,1014,0,-1.07,20.4,1.00,0.005
266.60,FINAL,59.45,53.99,20.36,-1.02,-0.1,0.2,-15.6,-0.4,-1657,0.25,0.137,0.076,0.00,,0,1137,0,1012,0,-1.07,20.4,1.00,0.005
266.70,FINAL,59.35,53.87,20.36,-1.02,-0.1,0.2,-15.6,-0.4,-1655,0.25,0.137,0.076,0.00,,0,1135,0,1010,0,-1.07,20.4,1.00,0.005
266.80,FINAL,59.25,53.75,20.36,-1.02,-0.1,0.2,-15.6,-0.4,-1653,0.25,0.137,0.076,0.00,,0,1133,0,1008,0,-1.07,20.4,1.00,0.005
266.90,FINAL,59.14,53.63,20.36,-1.02,-0.1,0.2,-15.6,-0.4,-1651,0.25,0.137,0.076,0.00,,0,1131,0,1006,0,-1.07,20.4,1.00,0.005
267.00,FINAL,59.04,53.51,20.36,-1.02,-0.1,0.2,-15.6,-0.4,-1649,0.25,0.137,0.076,0.00,,0,1129,0,1004,0,-1.07,20.4,1.00,0.005
267.10,FINAL,58.94,53.39,20.36,-1.02,-0.1,0.2,-15.6,-0.4,-1648,0.25,0.137,0.076,0.00,,0,1128,0,1003,0,-1.07,20.4,1.00,0.005
267.20,FINAL,58.84,53.28,20.36,-1.02,-0.1,0.2,-15.6,-0.4,-1646,0.25,0.137,0.076,0.00,,0,1126,0,1001,0,-1.07,20.4,1.00,0.005
267.30,FINAL,58.74,53.16,20.36,-1.02,-0.1,0.2,-15.6,-0.4,-1644,0.25,0.137,0.076,0.00,,0,1124,0,999,0,-1.07,20.4,1.00,0.005
267.40,FINAL,58.63,53.05,20.36,-1.02,-0.1,0.2,-15.6,-0.4,-1642,0.25,0.137,0.076,0.00,,0,1122,0,997,0,-1.07,20.4,1.00,0.005
267.50,FINAL,58.53,52.94,20.37,-1.02,-0.1,0.2,-15.6,-0.4,-1640,0.25,0.137,0.076,0.00,,0,1120,0,995,0,-1.07,20.4,1.00,0.004
267.60,FINAL,58.43,52.83,20.37,-1.02,-0.1,0.2,-15.5,-0.4,-1638,0.25,0.137,0.076,0.00,,0,1118,0,993,0,-1.07,20.4,1.00,0.004
267.70,FINAL,58.33,52.73,20.37,-1.02,-0.1,0.2,-15.5,-0.4,-1636,0.25,0.137,0.076,0.00,,0,1116,0,991,0,-1.07,20.4,1.00,0.004
267.80,FINAL,58.23,52.62,20.37,-1.02,-0.1,0.2,-15.5,-0.4,-1634,0.25,0.137,0.076,0.00,,0,1114,0,989,0,-1.07,20.4,1.00,0.004
267.90,FINAL,58.12,52.52,20.37,-1.02,-0.1,0.2,-15.5,-0.4,-1632,0.25,0.137,0.076,0.00,,0,1112,0,987,0,-1.07,20.4,1.00,0.004
268.00,FINAL,58.02,52.42,20.37,-1.02,-0.1,0.2,-15.5,-0.4,-1630,0.25,0.137,0.076,0.00,,0,1110,0,985,0,-1.07,20.4,1.00,0.004
268.10,FINAL,57.92,52.32,20.37,-1.02,-0.1,0.2,-15.5,-0.4,-1628,0.25,0.137,0.076,0.00,,0,1108,0,983,0,-1.07,20.4,1.00,0.004
268.20,FINAL,57.82,52.23,20.37,-1.02,-0.1,0.2,-15.5,-0.4,-1626,0.25,0.137,0.076,0.00,,0,1106,0,981,0,-1.07,20.4,1.00,0.004
268.30,FINAL,57.72,52.13,20.37,-1.02,-0.1,0.2,-15.5,-0.4,-1624,0.25,0.137,0.076,0.00,,0,1104,0,979,0,-1.07,20.4,1.00,0.004
268.40,FINAL,57.61,52.04,20.37,-1.02,-0.1,0.2,-15.5,-0.4,-1622,0.25,0.137,0.076,0.00,,0,1102,0,977,0,-1.07,20.4,1.00,0.004
268.50,FINAL,57.51,51.95,20.37,-1.02,-0.1,0.2,-15.5,-0.4,-1620,0.25,0.137,0.076,0.00,,0,1100,0,975,0,-1.07,20.4,1.00,0.004
268.60,FINAL,57.41,51.86,20.37,-1.02,-0.1,0.2,-15.5,-0.4,-1618,0.25,0.137,0.076,0.00,,0,1098,0,973,0,-1.07,20.4,1.00,0.004
268.70,FINAL,57.31,51.78,20.37,-1.02,-0.1,0.2,-15.5,-0.4,-1617,0.25,0.137,0.076,0.00,,0,1097,0,972,0,-1.07,20.4,1.00,0.004
268.80,FINAL,57.21,51.69,20.37,-1.02,-0.1,0.2,-15.5,-0.4,-1615,0.25,0.137,0.076,0.00,,0,1095,0,970,0,-1.07,20.4,1.00,0.004
268.90,FINAL,57.10,51.61,20.37,-1.02,-0.1,0.2,-15.5,-0.4,-1613,0.25,0.137,0.076,0.00,,0,1093,0,968,0,-1.07,20.4,1.00,0.004
269.00,FINAL,57.00,51.53,20.37,-1.02,-0.1,0.2,-15.5,-0.4,-1611,0.25,0.137,0.076,0.00,,0,1091,0,966,0,-1.07,20.4,1.00,0.004
269.10,FINAL,56.90,51.45,20.37,-1.02,-0.1,0.2,-15.5,-0.4,-1609,0.25,0.137,0.076,0.00,,0,1089,0,964,0,-1.07,20.4,1.00,0.004
269.20,FINAL,56.80,51.38,20.37,-1.02,-0.1,0.2,-15.5,-0.4,-1607,0.24,0.137,0.076,0.00,,0,1087,0,962,0,-1.07,20.4,1.00,0.004
269.30,FINAL,56.69,51.30,20.37,-1.02,-0.1,0.2,-15.5,-0.4,-1605,0.24,0.137,0.076,0.00,,0,1085,0,960,0,-1.07,20.4,1.00,0.004
269.40,FINAL,56.59,51.22,20.37,-1.02,-0.1,0.2,-15.5,-0.4,-1603,0.24,0.137,0.075,0.00,,0,1083,0,958,0,-1.07,20.4,1.00,0.004
269.50,FINAL,56.49,51.15,20.37,-1.02,-0.1,0.2,-15.5,-0.4,-1601,0.24,0.137,0.076,0.00,,0,1081,0,956,0,-1.07,20.4,1.00,0.004
269.60,FINAL,56.39,51.08,20.37,-1.02,-0.1,0.2,-15.5,-0.4,-1599,0.24,0.137,0.075,0.00,,0,1079,0,954,0,-1.07,20.4,1.00,0.004
269.70,FINAL,56.29,51.01,20.37,-1.02,-0.1,0.2,-15.5,-0.4,-1597,0.24,0.137,0.076,0.00,,0,1077,0,952,0,-1.07,20.4,1.00,0.004
269.80,FINAL,56.18,50.93,20.37,-1.02,-0.1,0.2,-15.5,-0.4,-1595,0.24,0.137,0.075,0.00,,0,1075,0,950,0,-1.07,20.4,1.00,0.004
269.90,FINAL,56.08,50.86,20.37,-1.02,-0.1,0.2,-15.4,-0.4,-1593,0.24,0.137,0.075,0.00,,0,1073,0,948,0,-1.07,20.4,1.00,0.004
270.00,FINAL,55.98,50.79,20.37,-1.02,-0.1,0.2,-15.4,-0.4,-1591,0.24,0.137,0.075,0.00,,0,1071,0,946,0,-1.07,20.4,1.00,0.004
270.10,FINAL,55.88,50.72,20.37,-1.02,-0.1,0.2,-15.4,-0.4,-1589,0.24,0.137,0.075,0.00,,0,1069,0,944,0,-1.07,20.4,1.00,0.003
270.20,FINAL,55.78,50.64,20.37,-1.02,-0.1,0.2,-15.4,-0.4,-1587,0.24,0.137,0.075,0.00,,0,1067,0,942,0,-1.07,20.4,1.00,0.003
270.30,FINAL,55.67,50.57,20.37,-1.02,-0.1,0.2,-15.4,-0.4,-1585,0.24,0.137,0.075,0.00,,0,1065,0,940,0,-1.06,20.4,1.00,0.003
270.40,FINAL,55.57,50.50,20.37,-1.02,-0.1,0.2,-15.4,-0.4,-1584,0.24,0.137,0.075,0.00,,0,1064,0,939,0,-1.06,20.4,1.00,0.003
270.50,FINAL,55.47,50.42,20.37,-1.02,-0.1,0.2,-15.4,-0.4,-1582,0.24,0.137,0.075,0.00,,0,1062,0,937,0,-1.06,20.4,1.00,0.003
270.60,FINAL,55.37,50.35,20.37,-1.02,-0.1,0.2,-15.4,-0.4,-1580,0.24,0.137,0.075,0.00,,0,1060,0,935,0,-1.06,20.4,1.00,0.003
270.70,FINAL,55.27,50.27,20.38,-1.02,-0.1,0.2,-15.4,-0.4,-1578,0.24,0.137,0.075,0.00,,0,1058,0,933,0,-1.06,20.4,1.00,0.003
270.80,FINAL,55.16,50.20,20.38,-1.02,-0.1,0.2,-15.4,-0.4,-1576,0.24,0.137,0.075,0.00,,0,1056,0,931,0,-1.06,20.4,1.00,0.003
270.90,FINAL,55.06,50.12,20.38,-1.02,-0.1,0.2,-15.4,-0.4,-1574,0.24,0.137,0.075,0.00,,0,1054,0,929,0,-1.06,20.4,1.00,0.003
271.00,FINAL,54.96,50.04,20.38,-1.02,-0.1,0.2,-15.4,-0.4,-1572,0.24,0.137,0.075,0.00,,0,1052,0,927,0,-1.06,20.4,1.00,0.003
271.10,FINAL,54.86,49.96,20.38,-1.02,-0.1,0.2,-15.4,-0.4,-1570,0.24,0.137,0.075,0.00,,0,1050,0,925,0,-1.06,20.4,1.00,0.003
271.20,FINAL,54.76,49.88,20.38,-1.02,-0.1,0.2,-15.4,-0.4,-1568,0.24,0.137,0.075,0.00,,0,1048,0,923,0,-1.06,20.4,1.00,0.003
271.30,FINAL,54.65,49.80,20.38,-1.02,-0.1,0.2,-15.4,-0.4,-1566,0.24,0.137,0.075,0.00,,0,1046,0,921,0,-1.06,20.4,1.00,0.003
271.40,FINAL,54.55,49.72,20.38,-1.02,-0.1,0.2,-15.4,-0.4,-1564,0.24,0.137,0.075,0.00,,0,1044,0,919,0,-1.06,20.4,1.00,0.003
271.50,FINAL,54.45,49.64,20.38,-1.02,-0.1,0.2,-15.4,-0.4,-1562,0.24,0.137,0.075,0.00,,0,1042,0,917,0,-1.06,20.4,1.00,0.003
271.60,FINAL,54.35,49.55,20.38,-1.02,-0.1,0.2,-15.4,-0.4,-1560,0.24,0.137,0.075,0.00,,0,1040,0,915,0,-1.06,20.4,1.00,0.003
271.70,FINAL,54.25,49.46,20.38,-1.02,-0.1,0.2,-15.4,-0.4,-1558,0.24,0.137,0.075,0.00,,0,1038,0,913,0,-1.06,20.4,1.00,0.003
271.80,FINAL,54.14,49.37,20.38,-1.02,-0.1,0.2,-15.4,-0.4,-1556,0.24,0.137,0.075,0.00,,0,1036,0,911,0,-1.06,20.4,1.00,0.003
271.90,FINAL,54.04,49.28,20.38,-1.02,-0.1,0.2,-15.4,-0.4,-1554,0.24,0.137,0.075,0.00,,0,1034,0,909,0,-1.06,20.4,1.00,0.003
272.00,FINAL,53.94,49.19,20.38,-1.02,-0.1,0.2,-15.4,-0.4,-1552,0.24,0.137,0.075,0.00,,0,1032,0,907,0,-1.06,20.4,1.00,0.003
272.10,FINAL,53.84,49.10,20.38,-1.02,-0.1,0.2,-15.4,-0.4,-1551,0.24,0.137,0.075,0.00,,0,1031,0,906,0,-1.06,20.4,1.00,0.003
272.20,FINAL,53.74,49.00,20.38,-1.02,-0.1,0.2,-15.4,-0.4,-1549,0.24,0.137,0.075,0.00,,0,1029,0,904,0,-1.06,20.4,1.00,0.003
272.30,FINAL,53.63,48.91,20.38,-1.02,-0.1,0.2,-15.4,-0.4,-1547,0.24,0.137,0.075,0.00,,0,1027,0,902,0,-1.06,20.4,1.00,0.003
272.40,FINAL,53.53,48.81,20.38,-1.02,-0.1,0.2,-15.4,-0.4,-1545,0.24,0.137,0.075,0.00,,0,1025,0,900,0,-1.06,20.4,1.00,0.003
272.50,FINAL,53.43,48.72,20.38,-1.02,-0.1,0.2,-15.4,-0.4,-1543,0.24,0.137,0.075,0.00,,0,1023,0,898,0,-1.06,20.4,1.00,0.003
272.60,FINAL,53.33,48.63,20.38,-1.02,-0.1,0.2,-15.4,-0.4,-1541,0.24,0.137,0.075,0.00,,0,1021,0,896,0,-1.06,20.4,1.00,0.003
272.70,FINAL,53.23,48.54,20.38,-1.02,-0.1,0.2,-15.4,-0.4,-1539,0.24,0.137,0.075,0.00,,0,1019,0,894,0,-1.06,20.4,1.00,0.002
272.80,FINAL,53.12,48.44,20.38,-1.02,-0.1,0.2,-15.4,-0.4,-1537,0.24,0.137,0.075,0.00,,0,1017,0,892,0,-1.06,20.4,1.00,0.002
272.90,FINAL,53.02,48.35,20.38,-1.02,-0.1,0.2,-15.3,-0.4,-1535,0.24,0.137,0.075,0.00,,0,1015,0,890,0,-1.06,20.4,1.00,0.002
273.00,FINAL,52.92,48.26,20.38,-1.02,-0.1,0.2,-15.3,-0.4,-1533,0.24,0.137,0.075,0.00,,0,1013,0,888,0,-1.06,20.4,1.00,0.002
273.10,FINAL,52.82,48.17,20.38,-1.02,-0.1,0.2,-15.3,-0.4,-1531,0.24,0.137,0.075,0.00,,0,1011,0,886,0,-1.06,20.4,1.00,0.002
273.20,FINAL,52.72,48.08,20.38,-1.02,-0.1,0.2,-15.3,-0.4,-1529,0.24,0.137,0.075,0.00,,0,1009,0,884,0,-1.06,20.4,1.00,0.002
273.30,FINAL,52.61,47.99,20.38,-1.02,-0.1,0.2,-15.3,-0.4,-1527,0.24,0.137,0.075,0.00,,0,1007,0,882,0,-1.06,20.4,1.00,0.002
273.40,FINAL,52.51,47.90,20.38,-1.02,-0.1,0.2,-15.3,-0.4,-1525,0.24,0.137,0.075,0.00,,0,1005,0,880,0,-1.06,20.4,1.00,0.002
273.50,FINAL,52.41,47.81,20.38,-1.02,-0.1,0.2,-15.3,-0.4,-1523,0.24,0.137,0.075,0.00,,0,1003,0,878,0,-1.06,20.4,1.00,0.002
273.60,FINAL,52.31,47.72,20.38,-1.02,-0.1,0.2,-15.3,-0.4,-1521,0.24,0.137,0.075,0.00,,0,1001,0,876,0,-1.06,20.4,1.00,0.002
273.70,FINAL,52.21,47.63,20.38,-1.02,-0.1,0.2,-15.3,-0.4,-1519,0.24,0.137,0.075,0.00,,0,999,0,874,0,-1.06,20.4,1.00,0.002
273.80,FINAL,52.10,47.54,20.38,-1.02,-0.1,0.2,-15.3,-0.4,-1517,0.24,0.137,0.075,0.00,,0,997,0,872,0,-1.06,20.4,1.00,0.002
273.90,FINAL,52.00,47.45,20.38,-1.02,-0.1,0.2,-15.3,-0.4,-1516,0.24,0.137,0.075,0.00,,0,996,0,871,0,-1.06,20.4,1.00,0.002
274.00,FINAL,51.90,47.35,20.38,-1.02,-0.1,0.2,-15.3,-0.4,-1514,0.24,0.137,0.075,0.00,,0,994,0,869,0,-1.06,20.4,1.00,0.002
274.10,FINAL,51.80,47.26,20.38,-1.02,-0.1,0.2,-15.3,-0.4,-1512,0.24,0.137,0.075,0.00,,0,992,0,867,0,-1.06,20.4,1.00,0.002
274.20,FINAL,51.70,47.17,20.38,-1.02,-0.1,0.2,-15.3,-0.4,-1510,0.24,0.137,0.075,0.00,,0,990,0,865,0,-1.06,20.4,1.00,0.002
274.30,FINAL,51.59,47.07,20.38,-1.02,-0.1,0.2,-15.3,-0.4,-1508,0.24,0.137,0.075,0.00,,0,988,0,863,0,-1.06,20.4,1.00,0.002
274.40,FINAL,51.49,46.98,20.38,-1.02,-0.1,0.2,-15.3,-0.4,-1506,0.24,0.137,0.075,0.00,,0,986,0,861,0,-1.06,20.4,1.00,0.002
274.50,FINAL,51.39,46.88,20.38,-1.02,-0.1,0.2,-15.3,-0.4,-1504,0.24,0.137,0.075,0.00,,0,984,0,859,0,-1.06,20.4,1.00,0.002
274.60,FINAL,51.29,46.78,20.38,-1.02,-0.1,0.2,-15.3,-0.4,-1502,0.24,0.137,0.075,0.00,,0,982,0,857,0,-1.06,20.4,1.00,0.002
274.70,FINAL,51.19,46.69,20.38,-1.02,-0.1,0.2,-15.3,-0.4,-1500,0.24,0.137,0.075,0.00,,0,980,0,855,0,-1.06,20.4,1.00,0.002
274.80,FINAL,51.08,46.59,20.38,-1.02,-0.1,0.2,-15.3,-0.4,-1498,0.24,0.137,0.075,0.00,,0,978,0,853,0,-1.06,20.4,1.00,0.002
274.90,FINAL,50.98,46.49,20.38,-1.02,-0.1,0.2,-15.2,-0.4,-1496,0.24,0.137,0.075,0.00,,0,976,0,851,0,-1.06,20.4,1.00,0.002
275.00,FINAL,50.88,46.39,20.38,-1.02,-0.1,0.2,-15.2,-0.4,-1494,0.24,0.137,0.075,0.00,,0,974,0,849,0,-1.06,20.4,1.00,0.002
275.10,FINAL,50.78,46.28,20.38,-1.02,-0.1,0.2,-15.2,-0.4,-1492,0.24,0.137,0.075,0.00,,0,972,0,847,0,-1.06,20.4,1.00,0.002
275.20,FINAL,50.67,46.18,20.38,-1.02,-0.1,0.2,-15.2,-0.4,-1490,0.24,0.137,0.075,0.00,,0,970,0,845,0,-1.06,20.4,1.00,0.002
275.30,FINAL,50.57,46.07,20.38,-1.02,-0.1,0.2,-15.2,-0.4,-1488,0.24,0.137,0.075,0.00,,0,968,0,843,0,-1.06,20.4,1.00,0.002
275.40,FINAL,50.47,45.97,20.38,-1.02,-0.1,0.2,-15.2,-0.4,-1486,0.24,0.137,0.075,0.00,,0,966,0,841,0,-1.06,20.4,1.00,0.002
275.50,FINAL,50.37,45.86,20.38,-1.02,-0.1,0.2,-15.2,-0.4,-1484,0.24,0.137,0.074,0.00,,0,964,0,839,0,-1.06,20.4,1.00,0.002
275.60,FINAL,50.27,45.75,20.38,-1.02,-0.1,0.2,-15.2,-0.4,-1482,0.24,0.137,0.075,0.00,,0,962,0,837,0,-1.06,20.4,1.00,0.002
275.70,FINAL,50.16,45.64,20.38,-1.02,-0.1,0.2,-15.2,-0.4,-1481,0.24,0.137,0.074,0.00,,0,961,0,836,0,-1.06,20.4,1.00,0.002
275.80,FINAL,50.06,45.53,20.38,-1.02,-0.1,0.2,-15.2,-0.4,-1479,0.24,0.137,0.074,0.00,,0,959,0,834,0,-1.06,20.4,1.00,0.001
275.90,FINAL,49.96,45.43,20.39,-1.02,-0.1,0.2,-15.2,-0.4,-1477,0.24,0.137,0.074,0.00,,0,957,0,832,0,-1.06,20.4,1.00,0.001
276.00,FINAL,49.86,45.32,20.39,-1.02,-0.1,0.2,-15.2,-0.4,-1475,0.24,0.137,0.074,0.00,,0,955,0,830,0,-1.06,20.4,1.00,0.001
276.10,FINAL,49.76,45.21,20.39,-1.02,-0.1,0.2,-15.2,-0.4,-1473,0.24,0.137,0.074,0.00,,0,953,0,828,0,-1.06,20.4,1.00,0.001
276.20,FINAL,49.65,45.10,20.39,-1.02,-0.1,0.2,-15.2,-0.4,-1471,0.24,0.137,0.074,0.00,,0,951,0,826,0,-1.05,20.4,1.00,0.001
276.30,FINAL,49.55,45.00,20.39,-1.02,-0.1,0.2,-15.2,-0.4,-1469,0.24,0.137,0.074,0.00,,0,949,0,824,0,-1.05,20.4,1.00,0.001
276.40,FINAL,49.45,44.89,20.39,-1.02,-0.1,0.2,-15.2,-0.4,-1467,0.24,0.137,0.074,0.00,,0,947,0,822,0,-1.05,20.4,1.00,0.001
276.50,FINAL,49.35,44.79,20.39,-1.02,-0.1,0.2,-15.2,-0.4,-1465,0.24,0.137,0.074,0.00,,0,945,0,820,0,-1.05,20.4,1.00,0.001
276.60,FINAL,49.25,44.68,20.39,-1.02,-0.1,0.2,-15.2,-0.4,-1463,0.24,0.137,0.074,0.00,,0,943,0,818,0,-1.05,20.4,1.00,0.001
276.70,FINAL,49.14,44.58,20.39,-1.02,-0.1,0.2,-15.2,-0.4,-1461,0.24,0.137,0.074,0.00,,0,941,0,816,0,-1.05,20.4,1.00,0.001
276.80,FINAL,49.04,44.48,20.39,-1.02,-0.1,0.2,-15.2,-0.4,-1459,0.24,0.137,0.074,0.00,,0,939,0,814,0,-1.05,20.4,1.00,0.001
276.90,FINAL,48.94,44.37,20.39,-1.02,-0.1,0.2,-15.1,-0.4,-1457,0.24,0.137,0.074,0.00,,0,937,0,812,0,-1.05,20.4,1.00,0.001
277.00,FINAL,48.84,44.27,20.39,-1.02,-0.1,0.2,-15.1,-0.4,-1455,0.24,0.137,0.074,0.00,,0,935,0,810,0,-1.05,20.4,1.00,0.001
277.10,FINAL,48.74,44.17,20.39,-1.02,-0.1,0.2,-15.1,-0.4,-1453,0.24,0.137,0.074,0.00,,0,933,0,808,0,-1.05,20.4,1.00,0.001
277.20,FINAL,48.63,44.06,20.39,-1.02,-0.1,0.2,-15.1,-0.4,-1451,0.24,0.137,0.074,0.00,,0,931,0,806,0,-1.05,20.4,1.00,0.001
277.30,FINAL,48.53,43.96,20.39,-1.02,-0.1,0.2,-15.1,-0.4,-1449,0.24,0.137,0.074,0.00,,0,929,0,804,0,-1.05,20.4,1.00,0.001
277.40,FINAL,48.43,43.86,20.39,-1.02,-0.1,0.2,-15.1,-0.4,-1447,0.24,0.137,0.074,0.00,,0,927,0,802,0,-1.05,20.4,1.00,0.001
277.50,FINAL,48.33,43.76,20.39,-1.02,-0.1,0.2,-15.1,-0.4,-1446,0.24,0.137,0.074,0.00,,0,926,0,801,0,-1.05,20.4,1.00,0.001
277.60,FINAL,48.22,43.66,20.39,-1.02,-0.1,0.2,-15.1,-0.4,-1444,0.24,0.137,0.074,0.00,,0,924,0,799,0,-1.05,20.4,1.00,0.001
277.70,FINAL,48.12,43.56,20.39,-1.02,-0.1,0.2,-15.1,-0.4,-1442,0.24,0.137,0.074,0.00,,0,922,0,797,0,-1.05,20.4,1.00,0.001
277.80,FINAL,48.02,43.46,20.39,-1.02,-0.1,0.2,-15.1,-0.4,-1440,0.24,0.137,0.074,0.00,,0,920,0,795,0,-1.05,20.4,1.00,0.001
277.90,FINAL,47.92,43.36,20.39,-1.02,-0.1,0.2,-15.1,-0.4,-1438,0.24,0.137,0.074,0.00,,0,918,0,793,0,-1.05,20.4,1.00,0.001
278.00,FINAL,47.82,43.26,20.39,-1.02,-0.1,0.2,-15.1,-0.4,-1436,0.24,0.137,0.074,0.00,,0,916,0,791,0,-1.05,20.4,1.00,0.001
278.10,FINAL,47.71,43.16,20.39,-1.02,-0.1,0.2,-15.1,-0.4,-1434,0.24,0.137,0.074,0.00,,0,914,0,789,0,-1.05,20.4,1.00,0.001
278.20,FINAL,47.61,43.06,20.39,-1.02,-0.1,0.2,-15.1,-0.4,-1432,0.24,0.137,0.074,0.00,,0,912,0,787,0,-1.05,20.4,1.00,0.001
278.30,FINAL,47.51,42.96,20.39,-1.02,-0.1,0.2,-15.1,-0.4,-1430,0.24,0.137,0.074,0.00,,0,910,0,785,0,-1.05,20.4,1.00,0.001
278.40,FINAL,47.41,42.87,20.39,-1.02,-0.1,0.2,-15.1,-0.4,-1428,0.24,0.137,0.074,0.00,,0,908,0,783,0,-1.05,20.4,1.00,0.001
278.50,FINAL,47.31,42.77,20.39,-1.02,-0.1,0.2,-15.1,-0.4,-1426,0.24,0.137,0.074,0.00,,0,906,0,781,0,-1.05,20.4,1.00,0.001
278.60,FINAL,47.20,42.67,20.39,-1.02,-0.1,0.2,-15.1,-0.4,-1424,0.24,0.137,0.074,0.00,,0,904,0,779,0,-1.05,20.4,1.00,0.001
278.70,FINAL,47.10,42.57,20.39,-1.02,-0.1,0.2,-15.1,-0.4,-1422,0.24,0.137,0.074,0.00,,0,902,0,777,0,-1.05,20.4,1.00,0.001
278.80,FINAL,47.00,42.48,20.39,-1.02,-0.1,0.2,-15.0,-0.4,-1420,0.24,0.137,0.074,0.00,,0,900,0,775,0,-1.05,20.4,1.00,0.001
278.90,FINAL,46.90,42.38,20.39,-1.02,-0.1,0.2,-15.0,-0.4,-1418,0.24,0.137,0.074,0.00,,0,898,0,773,0,-1.05,20.4,1.00,0.001
279.00,FINAL,46.79,42.29,20.39,-1.02,-0.1,0.2,-15.0,-0.4,-1416,0.24,0.137,0.074,0.00,,0,896,0,771,0,-1.05,20.4,1.00,0.001
279.10,FINAL,46.69,42.19,20.39,-1.02,-0.1,0.2,-15.0,-0.4,-1414,0.24,0.137,0.074,0.00,,0,894,0,769,0,-1.05,20.4,1.00,0.001
279.20,FINAL,46.59,42.10,20.39,-1.02,-0.1,0.2,-15.0,-0.4,-1412,0.24,0.137,0.074,0.00,,0,892,0,767,0,-1.05,20.4,1.00,0.001
279.30,FINAL,46.49,42.00,20.39,-1.02,-0.1,0.2,-15.0,-0.4,-1411,0.24,0.137,0.074,0.00,,0,891,0,766,0,-1.05,20.4,1.00,0.001
279.40,FINAL,46.39,41.91,20.39,-1.02,-0.1,0.2,-15.0,-0.4,-1409,0.24,0.137,0.074,0.00,,0,889,0,764,0,-1.05,20.4,1.00,0.001
279.50,FINAL,46.28,41.81,20.39,-1.02,-0.1,0.2,-15.0,-0.4,-1407,0.24,0.137,0.074,0.00,,0,887,0,762,0,-1.05,20.4,1.00,0.001
279.60,FINAL,46.18,41.71,20.39,-1.02,-0.1,0.2,-15.0,-0.4,-1405,0.24,0.137,0.074,0.00,,0,885,0,760,0,-1.05,20.4,1.00,0.001
279.70,FINAL,46.08,41.62,20.39,-1.02,-0.1,0.2,-15.0,-0.4,-1403,0.24,0.137,0.074,0.00,,0,883,0,758,0,-1.05,20.4,1.00,0.001
279.80,FINAL,45.98,41.52,20.39,-1.02,-0.1,0.2,-15.0,-0.4,-1401,0.24,0.137,0.074,0.00,,0,881,0,756,0,-1.05,20.4,1.00,0.000
279.90,FINAL,45.88,41.42,20.39,-1.02,-0.1,0.2,-15.0,-0.4,-1399,0.24,0.137,0.073,0.00,,0,879,0,754,0,-1.05,20.4,1.00,0.000
280.00,FINAL,45.77,41.33,20.39,-1.02,-0.1,0.2,-15.0,-0.4,-1397,0.24,0.137,0.074,0.00,,0,877,0,752,0,-1.05,20.4,1.00,0.000
280.10,FINAL,45.67,41.23,20.39,-1.02,-0.1,0.2,-15.0,-0.4,-1395,0.24,0.137,0.073,0.00,,0,875,0,750,0,-1.05,20.4,1.00,0.000
280.20,FINAL,45.57,41.13,20.39,-1.02,-0.1,0.2,-15.0,-0.4,-1393,0.24,0.137,0.073,0.00,,0,873,0,748,0,-1.05,20.4,1.00,0.000
280.30,FINAL,45.47,41.04,20.39,-1.02,-0.1,0.2,-15.0,-0.4,-1391,0.24,0.137,0.073,0.00,,0,871,0,746,0,-1.05,20.4,1.00,0.000
280.40,FINAL,45.37,40.94,20.39,-1.02,-0.1,0.2,-15.0,-0.4,-1389,0.24,0.137,0.073,0.00,,0,869,0,744,0,-1.05,20.4,1.00,0.000
280.50,FINAL,45.26,40.85,20.39,-1.02,-0.1,0.2,-15.0,-0.4,-1387,0.24,0.137,0.073,0.00,,0,867,0,742,0,-1.05,20.4,1.00,0.000
280.60,FINAL,45.16,40.75,20.39,-1.02,-0.1,0.2,-15.0,-0.4,-1385,0.24,0.137,0.073,0.00,,0,865,0,740,0,-1.05,20.4,1.00,0.000
280.70,FINAL,45.06,40.66,20.39,-1.02,-0.1,0.2,-15.0,-0.4,-1383,0.24,0.137,0.073,0.00,,0,863,0,738,0,-1.05,20.4,1.00,0.000
280.80,FINAL,44.96,40.56,20.39,-1.02,-0.1,0.2,-14.9,-0.4,-1381,0.24,0.137,0.073,0.00,,0,861,0,736,0,-1.05,20.4,1.00,0.000
280.90,FINAL,44.85,40.47,20.39,-1.02,-0.1,0.2,-14.9,-0.4,-1379,0.24,0.137,0.073,0.00,,0,859,0,734,0,-1.05,20.4,1.00,0.000
281.00,FINAL,44.75,40.37,20.40,-1.02,-0.1,0.2,-14.9,-0.4,-1377,0.24,0.137,0.073,0.00,,0,857,0,732,0,-1.05,20.4,1.00,0.000
281.10,FINAL,44.65,40.28,20.40,-1.02,-0.1,0.2,-14.9,-0.4,-1375,0.24,0.137,0.073,0.00,,0,855,0,730,0,-1.05,20.4,1.00,0.000
281.20,FINAL,44.55,40.19,20.40,-1.02,-0.1,0.2,-14.9,-0.4,-1373,0.24,0.137,0.073,0.00,,0,853,0,728,0,-1.05,20.4,1.00,0.000
281.30,FINAL,44.45,40.10,20.40,-1.02,-0.1,0.2,-14.9,-0.4,-1372,0.24,0.137,0.073,0.00,,0,852,0,727,0,-1.05,20.4,1.00,0.000
281.40,FINAL,44.34,40.01,20.40,-1.02,-0.1,0.2,-14.9,-0.4,-1370,0.24,0.137,0.073,0.00,,0,850,0,725,0,-1.05,20.4,1.00,0.000
281.50,FINAL,44.24,39.92,20.40,-1.02,-0.1,0.2,-14.9,-0.4,-1368,0.24,0.137,0.073,0.00,,0,848,0,723,0,-1.05,20.4,1.00,0.000
281.60,FINAL,44.14,39.84,20.40,-1.02,-0.1,0.2,-14.9,-0.4,-1366,0.24,0.137,0.073,0.00,,0,846,0,721,0,-1.05,20.4,1.00,0.000
281.70,FINAL,44.04,39.75,20.40,-1.02,-0.1,0.2,-14.9,-0.4,-1364,0.24,0.137,0.073,0.00,,0,844,0,719,0,-1.05,20.4,1.00,0.000
281.80,FINAL,43.94,39.66,20.40,-1.02,-0.1,0.2,-14.9,-0.4,-1362,0.24,0.137,0.073,0.00,,0,842,0,717,0,-1.05,20.4,1.00,0.000
281.90,FINAL,43.83,39.58,20.40,-1.02,-0.1,0.2,-14.9,-0.4,-1360,0.24,0.137,0.073,0.00,,0,840,0,715,0,-1.05,20.4,1.00,0.000
282.00,FINAL,43.73,39.50,20.40,-1.02,-0.1,0.2,-14.9,-0.4,-1358,0.24,0.137,0.073,0.00,,0,838,0,713,0,-1.05,20.4,1.00,0.000
282.10,FINAL,43.63,39.42,20.40,-1.02,-0.1,0.2,-14.9,-0.4,-1356,0.24,0.137,0.073,0.00,,0,836,0,711,0,-1.05,20.4,1.00,0.000
282.20,FINAL,43.53,39.33,20.40,-1.02,-0.1,0.2,-14.9,-0.4,-1354,0.24,0.137,0.073,0.00,,0,834,0,709,0,-1.05,20.4,1.00,0.000
282.30,FINAL,43.42,39.26,20.40,-1.02,-0.1,0.2,-14.9,-0.4,-1352,0.24,0.137,0.073,0.00,,0,832,0,707,0,-1.05,20.4,1.00,-0.000
282.40,FINAL,43.32,39.18,20.40,-1.02,-0.1,0.2,-14.9,-0.4,-1350,0.24,0.137,0.073,0.00,,0,830,0,705,0,-1.05,20.4,1.00,-0.000
282.50,FINAL,43.22,39.10,20.40,-1.02,-0.1,0.2,-14.9,-0.4,-1348,0.24,0.137,0.073,0.00,,0,828,0,703,0,-1.05,20.4,1.00,-0.000
282.60,FINAL,43.12,39.02,20.40,-1.02,-0.1,0.2,-14.9,-0.4,-1346,0.24,0.136,0.073,0.00,,0,826,0,701,0,-1.05,20.4,1.00,-0.000
282.70,FINAL,43.02,38.95,20.40,-1.02,-0.1,0.2,-14.9,-0.4,-1344,0.24,0.136,0.073,0.00,,0,824,0,699,0,-1.05,20.4,1.00,-0.000
282.80,FINAL,42.91,38.88,20.40,-1.02,-0.1,0.2,-14.8,-0.4,-1342,0.24,0.136,0.073,0.00,,0,822,0,697,0,-1.05,20.4,1.00,-0.000
282.90,FINAL,42.81,38.80,20.40,-1.02,-0.1,0.2,-14.8,-0.4,-1340,0.24,0.136,0.073,0.00,,0,820,0,695,0,-1.05,20.4,1.00,-0.000
283.00,FINAL,42.71,38.73,20.40,-1.02,-0.1,0.2,-14.8,-0.4,-1338,0.24,0.136,0.073,0.00,,0,818,0,693,0,-1.05,20.4,1.00,-0.000
283.10,FINAL,42.61,38.66,20.40,-1.02,-0.1,0.2,-14.8,-0.4,-1336,0.24,0.136,0.073,0.00,,0,816,0,691,0,-1.05,20.4,1.00,-0.000
283.20,FINAL,42.51,38.58,20.40,-1.02,-0.1,0.2,-14.8,-0.4,-1335,0.24,0.136,0.073,0.00,,0,815,0,690,0,-1.05,20.4,1.00,-0.000
283.30,FINAL,42.40,38.51,20.40,-1.02,-0.1,0.2,-14.8,-0.4,-1333,0.24,0.136,0.073,0.00,,0,813,0,688,0,-1.05,20.4,1.00,-0.000
283.40,FINAL,42.30,38.44,20.40,-1.02,-0.1,0.2,-14.8,-0.4,-1331,0.24,0.136,0.073,0.00,,0,811,0,686,0,-1.05,20.4,1.00,-0.000
283.50,FINAL,42.20,38.37,20.40,-1.02,-0.1,0.2,-14.8,-0.4,-1329,0.24,0.136,0.073,0.00,,0,809,0,684,0,-1.05,20.4,1.00,-0.000
283.60,FINAL,42.10,38.30,20.40,-1.02,-0.1,0.2,-14.8,-0.4,-1327,0.24,0.136,0.073,0.00,,0,807,0,682,0,-1.04,20.4,1.00,-0.000
283.70,FINAL,41.99,38.22,20.40,-1.02,-0.1,0.2,-14.8,-0.4,-1325,0.24,0.136,0.073,0.00,,0,805,0,680,0,-1.04,20.4,1.00,-0.000
283.80,FINAL,41.89,38.15,20.40,-1.02,-0.1,0.2,-14.8,-0.4,-1323,0.24,0.136,0.073,0.00,,0,803,0,678,0,-1.04,20.4,1.00,-0.000
283.90,FINAL,41.79,38.08,20.40,-1.02,-0.1,0.2,-14.8,-0.4,-1321,0.24,0.136,0.073,0.00,,0,801,0,676,0,-1.04,20.4,1.00,-0.000
284.00,FINAL,41.69,38.01,20.40,-1.02,-0.1,0.2,-14.8,-0.4,-1319,0.24,0.136,0.073,0.00,,0,799,0,674,0,-1.04,20.4,1.00,-0.000
284.10,FINAL,41.59,37.94,20.40,-1.02,-0.1,0.2,-14.8,-0.4,-1317,0.24,0.136,0.073,0.00,,0,797,0,672,0,-1.04,20.4,1.00,-0.000
284.20,FINAL,41.48,37.87,20.40,-1.02,-0.1,0.2,-14.8,-0.4,-1315,0.24,0.136,0.073,0.00,,0,795,0,670,0,-1.04,20.4,1.00,-0.000
284.30,FINAL,41.38,37.80,20.40,-1.02,-0.1,0.2,-14.8,-0.4,-1313,0.24,0.136,0.073,0.00,,0,793,0,668,0,-1.04,20.4,1.00,-0.000
284.40,FINAL,41.28,37.73,20.40,-1.02,-0.1,0.2,-14.8,-0.4,-1311,0.24,0.136,0.073,0.00,,0,791,0,666,0,-1.04,20.4,1.00,-0.000
284.50,FINAL,41.18,37.66,20.40,-1.02,-0.1,0.2,-14.8,-0.4,-1309,0.24,0.136,0.073,0.00,,0,789,0,664,0,-1.04,20.4,1.00,-0.000
284.60,FINAL,41.08,37.59,20.40,-1.02,-0.1,0.2,-14.8,-0.4,-1307,0.24,0.136,0.073,0.00,,0,787,0,662,0,-1.04,20.4,1.00,-0.000
284.70,FINAL,40.97,37.52,20.40,-1.02,-0.1,0.2,-14.8,-0.4,-1305,0.24,0.136,0.073,0.00,,0,785,0,660,0,-1.04,20.4,1.00,-0.000
284.80,FINAL,40.87,37.45,20.40,-1.02,-0.1,0.2,-14.8,-0.4,-1303,0.24,0.136,0.073,0.00,,0,783,0,658,0,-1.04,20.4,1.00,-0.000
284.90,FINAL,40.77,37.38,20.40,-1.02,-0.1,0.2,-14.8,-0.4,-1301,0.24,0.136,0.073,0.00,,0,781,0,656,0,-1.04,20.4,1.00,-0.000
285.00,FINAL,40.67,37.31,20.40,-1.02,-0.1,0.2,-14.8,-0.4,-1299,0.24,0.136,0.072,0.00,,0,779,0,654,0,-1.04,20.4,1.00,-0.000
285.10,FINAL,40.57,37.24,20.40,-1.02,-0.1,0.2,-14.8,-0.4,-1297,0.24,0.136,0.073,0.00,,0,777,0,652,0,-1.04,20.4,1.00,-0.000
285.20,FINAL,40.46,37.18,20.40,-1.02,-0.1,0.2,-14.8,-0.4,-1296,0.24,0.136,0.072,0.00,,0,776,0,651,0,-1.04,20.4,1.00,-0.000
285.30,FINAL,40.36,37.11,20.40,-1.02,-0.1,0.2,-14.8,-0.4,-1294,0.24,0.136,0.072,0.00,,0,774,0,649,0,-1.04,20.4,1.00,-0.001
285.40,FINAL,40.26,37.04,20.40,-1.02,-0.1,0.2,-14.7,-0.3,-1292,0.24,0.136,0.072,0.00,,0,772,0,647,0,-1.04,20.4,1.00,-0.001
285.50,FINAL,40.16,36.98,20.40,-1.02,-0.1,0.2,-14.7,-0.3,-1290,0.24,0.136,0.072,0.00,,0,770,0,645,0,-1.04,20.4,1.00,-0.001
285.60,FINAL,40.05,36.91,20.40,-1.02,-0.1,0.2,-14.7,-0.3,-1288,0.24,0.136,0.072,0.00,,0,768,0,643,0,-1.04,20.4,1.00,-0.001
285.70,FINAL,39.95,36.84,20.40,-1.02,-0.1,0.2,-14.7,-0.3,-1286,0.24,0.136,0.072,0.00,,0,766,0,641,0,-1.04,20.4,1.00,-0.001
285.80,FINAL,39.85,36.78,20.40,-1.02,-0.1,0.2,-14.7,-0.3,-1284,0.24,0.136,0.072,0.00,,0,764,0,639,0,-1.04,20.4,1.00,-0.001
285.90,FINAL,39.75,36.71,20.40,-1.02,-0.1,0.2,-14.7,-0.3,-1282,0.24,0.136,0.072,0.00,,0,762,0,637,0,-1.04,20.4,1.00,-0.001
286.00,FINAL,39.65,36.65,20.41,-1.02,-0.1,0.2,-14.7,-0.3,-1280,0.24,0.136,0.072,0.00,,0,760,0,635,0,-1.04,20.4,1.00,-0.001
286.10,FINAL,39.54,36.59,20.41,-1.02,-0.1,0.2,-14.7,-0.3,-1278,0.24,0.136,0.072,0.00,,0,758,0,633,0,-1.04,20.4,1.00,-0.001
286.20,FINAL,39.44,36.52,20.41,-1.02,-0.1,0.2,-14.7,-0.3,-1276,0.24,0.136,0.072,0.00,,0,756,0,631,0,-1.04,20.4,1.00,-0.001
286.30,FINAL,39.34,36.46,20.41,-1.02,-0.1,0.2,-14.7,-0.3,-1274,0.24,0.136,0.072,0.00,,0,754,0,629,0,-1.04,20.4,1.00,-0.001
286.40,FINAL,39.24,36.40,20.41,-1.02,-0.1,0.2,-14.7,-0.3,-1272,0.24,0.136,0.072,0.00,,0,752,0,627,0,-1.04,20.4,1.00,-0.001
286.50,FINAL,39.14,36.34,20.41,-1.02,-0.1,0.2,-14.7,-0.3,-1270,0.24,0.136,0.072,0.00,,0,750,0,625,0,-1.04,20.4,1.00,-0.001
286.60,FINAL,39.03,36.28,20.41,-1.02,-0.1,0.2,-14.7,-0.3,-1268,0.24,0.136,0.072,0.00,,0,748,0,623,0,-1.04,20.4,1.00,-0.001
286.70,FINAL,38.93,36.22,20.41,-1.02,-0.1,0.2,-14.7,-0.3,-1266,0.24,0.136,0.072,0.00,,0,746,0,621,0,-1.04,20.4,1.00,-0.001
286.80,FINAL,38.83,36.16,20.41,-1.02,-0.1,0.2,-14.7,-0.3,-1264,0.24,0.136,0.072,0.00,,0,744,0,619,0,-1.04,20.4,1.00,-0.001
286.90,FINAL,38.73,36.10,20.41,-1.02,-0.1,0.2,-14.7,-0.3,-1262,0.24,0.136,0.072,0.00,,0,742,0,617,0,-1.04,20.4,1.00,-0.001
287.00,FINAL,38.62,36.04,20.41,-1.02,-0.1,0.2,-14.7,-0.3,-1260,0.24,0.136,0.072,0.00,,0,740,0,615,0,-1.04,20.4,1.00,-0.001
287.10,FINAL,38.52,35.99,20.41,-1.02,-0.1,0.2,-14.7,-0.3,-1258,0.24,0.136,0.072,0.00,,0,738,0,613,0,-1.04,20.4,1.00,-0.001
287.20,FINAL,38.42,35.93,20.41,-1.02,-0.1,0.2,-14.7,-0.3,-1256,0.24,0.136,0.072,0.00,,0,736,0,611,0,-1.04,20.4,1.00,-0.001
287.30,FINAL,38.32,35.87,20.41,-1.02,-0.1,0.2,-14.7,-0.3,-1255,0.24,0.136,0.072,0.00,,0,735,0,610,0,-1.04,20.4,1.00,-0.001
287.40,FINAL,38.22,35.81,20.41,-1.02,-0.1,0.2,-14.7,-0.3,-1253,0.24,0.136,0.072,0.00,,0,733,0,608,0,-1.04,20.4,1.00,-0.001
287.50,FINAL,38.11,35.75,20.41,-1.02,-0.1,0.2,-14.7,-0.3,-1251,0.24,0.136,0.072,0.00,,0,731,0,606,0,-1.04,20.4,1.00,-0.001
287.60,FINAL,38.01,35.69,20.41,-1.02,-0.1,0.2,-14.7,-0.3,-1249,0.24,0.136,0.072,0.00,,0,729,0,604,0,-1.04,20.4,1.00,-0.001
287.70,FINAL,37.91,35.64,20.41,-1.02,-0.1,0.2,-14.7,-0.3,-1247,0.24,0.136,0.072,0.00,,0,727,0,602,0,-1.04,20.4,1.00,-0.001
287.80,FINAL,37.81,35.58,20.41,-1.02,-0.1,0.2,-14.7,-0.3,-1245,0.24,0.136,0.072,0.00,,0,725,0,600,0,-1.04,20.4,1.00,-0.001
287.90,FINAL,37.71,35.52,20.41,-1.02,-0.1,0.2,-14.7,-0.3,-1243,0.24,0.136,0.072,0.00,,0,723,0,598,0,-1.04,20.4,1.00,-0.001
288.00,FINAL,37.60,35.46,20.41,-1.02,-0.1,0.2,-14.6,-0.3,-1241,0.24,0.136,0.072,0.00,,0,721,0,596,0,-1.04,20.4,1.00,-0.001
288.10,FINAL,37.50,35.40,20.41,-1.02,-0.1,0.2,-14.6,-0.3,-1239,0.24,0.136,0.072,0.00,,0,719,0,594,0,-1.04,20.4,1.00,-0.001
288.20,FINAL,37.40,35.34,20.41,-1.02,-0.1,0.2,-14.6,-0.3,-1237,0.24,0.136,0.072,0.00,,0,717,0,592,0,-1.04,20.4,1.00,-0.001
288.30,FINAL,37.30,35.28,20.41,-1.02,-0.1,0.2,-14.6,-0.3,-1235,0.24,0.136,0.072,0.00,,0,715,0,590,0,-1.04,20.4,1.00,-0.001
288.40,FINAL,37.20,35.22,20.41,-1.02,-0.1,0.2,-14.6,-0.3,-1233,0.24,0.136,0.072,0.00,,0,713,0,588,0,-1.04,20.4,1.00,-0.001
288.50,FINAL,37.09,35.16,20.41,-1.02,-0.1,0.2,-14.6,-0.3,-1231,0.24,0.136,0.072,0.00,,0,711,0,586,0,-1.04,20.4,1.00,-0.001
288.60,FINAL,36.99,35.10,20.41,-1.02,-0.1,0.2,-14.6,-0.3,-1229,0.24,0.136,0.072,0.00,,0,709,0,584,0,-1.04,20.4,1.00,-0.001
288.70,FINAL,36.89,35.04,20.41,-1.02,-0.1,0.2,-14.6,-0.3,-1227,0.24,0.136,0.072,0.00,,0,707,0,582,0,-1.04,20.4,1.00,-0.001
288.80,FINAL,36.79,34.98,20.41,-1.02,-0.1,0.2,-14.6,-0.3,-1225,0.24,0.136,0.072,0.00,,0,705,0,580,0,-1.04,20.4,1.00,-0.001
288.90,FINAL,36.68,34.92,20.41,-1.02,-0.1,0.2,-14.6,-0.3,-1223,0.24,0.136,0.072,0.00,,0,703,0,578,0,-1.04,20.4,1.00,-0.001
289.00,FINAL,36.58,34.86,20.41,-1.02,-0.1,0.2,-14.6,-0.3,-1221,0.24,0.136,0.072,0.00,,0,701,0,576,0,-1.04,20.4,1.00,-0.001
289.10,FINAL,36.48,34.80,20.41,-1.02,-0.1,0.2,-14.6,-0.3,-1219,0.24,0.136,0.072,0.00,,0,699,0,574,0,-1.04,20.4,1.00,-0.001
289.20,FINAL,36.38,34.73,20.41,-1.02,-0.1,0.2,-14.6,-0.3,-1217,0.24,0.136,0.072,0.00,,0,697,0,572,0,-1.04,20.4,1.00,-0.001
289.30,FINAL,36.28,34.67,20.41,-1.02,-0.1,0.2,-14.6,-0.3,-1215,0.24,0.136,0.072,0.00,,0,695,0,570,0,-1.04,20.4,1.00,-0.001
289.40,FINAL,36.17,34.60,20.41,-1.02,-0.1,0.2,-14.6,-0.3,-1214,0.24,0.136,0.072,0.00,,0,694,0,569,0,-1.04,20.4,1.00,-0.001
289.50,FINAL,36.07,34.54,20.41,-1.02,-0.1,0.2,-14.6,-0.3,-1212,0.24,0.136,0.072,0.00,,0,692,0,567,0,-1.04,20.4,1.00,-0.001
289.60,FINAL,35.97,34.47,20.41,-1.02,-0.1,0.2,-14.6,-0.3,-1210,0.24,0.136,0.072,0.00,,0,690,0,565,0,-1.04,20.4,1.00,-0.001
289.70,FINAL,35.87,34.41,20.41,-1.02,-0.1,0.2,-14.6,-0.3,-1208,0.24,0.136,0.072,0.00,,0,688,0,563,0,-1.04,20.4,1.00,-0.001
289.80,FINAL,35.77,34.34,20.41,-1.02,-0.1,0.2,-14.6,-0.3,-1206,0.24,0.136,0.072,0.00,,0,686,0,561,0,-1.04,20.4,1.00,-0.001
289.90,FINAL,35.66,34.27,20.41,-1.02,-0.1,0.2,-14.6,-0.3,-1204,0.24,0.136,0.072,0.00,,0,684,0,559,0,-1.04,20.4,1.00,-0.001
290.00,FINAL,35.56,34.20,20.41,-1.02,-0.1,0.2,-14.6,-0.3,-1202,0.24,0.136,0.072,0.00,,0,682,0,557,0,-1.04,20.4,1.00,-0.001
290.10,FINAL,35.46,34.13,20.41,-1.02,-0.1,0.2,-14.6,-0.3,-1200,0.24,0.136,0.072,0.00,,0,680,0,555,0,-1.04,20.4,1.00,-0.001
290.20,FINAL,35.36,34.06,20.41,-1.02,-0.1,0.2,-14.6,-0.3,-1198,0.24,0.136,0.072,0.00,,0,678,0,553,0,-1.04,20.4,1.00,-0.001
290.30,FINAL,35.26,33.99,20.41,-1.02,-0.1,0.2,-14.6,-0.3,-1196,0.24,0.136,0.072,0.00,,0,676,0,551,0,-1.04,20.4,1.00,-0.001
290.40,FINAL,35.15,33.92,20.41,-1.02,-0.1,0.2,-14.6,-0.3,-1194,0.24,0.136,0.072,0.00,,0,674,0,549,0,-1.04,20.4,1.00,-0.001
290.50,FINAL,35.05,33.85,20.41,-1.02,-0.1,0.2,-14.6,-0.3,-1192,0.24,0.136,0.072,0.00,,0,672,0,547,0,-1.04,20.4,1.00,-0.001
290.60,FINAL,34.95,33.78,20.41,-1.02,-0.1,0.2,-14.6,-0.3,-1190,0.24,0.136,0.072,0.00,,0,670,0,545,0,-1.04,20.4,1.00,-0.001
290.70,FINAL,34.85,33.70,20.41,-1.02,-0.1,0.2,-14.6,-0.3,-1188,0.24,0.136,0.072,0.00,,0,668,0,543,0,-1.04,20.4,1.00,-0.001
290.80,FINAL,34.74,33.63,20.41,-1.02,-0.1,0.2,-14.5,-0.3,-1186,0.24,0.136,0.072,0.00,,0,666,0,541,0,-1.04,20.4,1.00,-0.001
290.90,FINAL,34.64,33.55,20.41,-1.02,-0.1,0.2,-14.5,-0.3,-1184,0.24,0.136,0.072,0.00,,0,664,0,539,0,-1.04,20.4,1.00,-0.001
291.00,FINAL,34.54,33.48,20.41,-1.02,-0.1,0.2,-14.5,-0.3,-1182,0.24,0.136,0.072,0.00,,0,662,0,537,0,-1.04,20.4,1.00,-0.001
291.10,FINAL,34.44,33.40,20.41,-1.02,-0.1,0.2,-14.5,-0.3,-1180,0.24,0.136,0.071,0.00,,0,660,0,535,0,-1.04,20.4,1.00,-0.001
291.20,FINAL,34.34,33.33,20.41,-1.02,-0.1,0.2,-14.5,-0.3,-1178,0.24,0.136,0.071,0.00,,0,658,0,533,0,-1.04,20.4,1.00,-0.001
291.30,FINAL,34.23,33.25,20.41,-1.02,-0.1,0.2,-14.5,-0.3,-1176,0.24,0.136,0.071,0.00,,0,656,0,531,0,-1.04,20.4,1.00,-0.001
291.40,FINAL,34.13,33.17,20.41,-1.02,-0.1,0.2,-14.5,-0.3,-1174,0.24,0.136,0.071,0.00,,0,654,0,529,0,-1.04,20.4,1.00,-0.001
291.50,FINAL,34.03,33.09,20.41,-1.02,-0.1,0.2,-14.5,-0.3,-1172,0.24,0.136,0.071,0.00,,0,652,0,527,0,-1.04,20.4,1.00,-0.001
291.60,FINAL,33.93,33.01,20.41,-1.02,-0.1,0.2,-14.5,-0.3,-1171,0.24,0.136,0.071,0.00,,0,651,0,526,0,-1.04,20.4,1.00,-0.001
291.70,FINAL,33.83,32.94,20.41,-1.02,-0.1,0.1,-14.5,-0.3,-1169,0.24,0.136,0.071,0.00,,0,649,0,524,0,-1.04,20.4,1.00,-0.001
291.80,FINAL,33.72,32.86,20.41,-1.02,-0.1,0.2,-14.5,-0.3,-1167,0.24,0.136,0.071,0.00,,0,647,0,522,0,-1.04,20.4,1.00,-0.001
291.90,FINAL,33.62,32.78,20.41,-1.02,-0.1,0.1,-14.5,-0.3,-1165,0.24,0.136,0.071,0.00,,0,645,0,520,0,-1.04,20.4,1.00,-0.001
292.00,FINAL,33.52,32.70,20.41,-1.02,-0.1,0.1,-14.5,-0.3,-1163,0.24,0.136,0.071,0.00,,0,643,0,518,0,-1.04,20.4,1.00,-0.001
292.10,FINAL,33.42,32.62,20.41,-1.02,-0.1,0.1,-14.5,-0.3,-1161,0.24,0.136,0.071,0.00,,0,641,0,516,0,-1.04,20.4,1.00,-0.001
292.20,FINAL,33.31,32.54,20.41,-1.02,-0.1,0.1,-14.5,-0.3,-1159,0.24,0.136,0.071,0.00,,0,639,0,514,0,-1.04,20.4,1.00,-0.001
292.30,FINAL,33.21,32.46,20.41,-1.02,-0.1,0.1,-14.5,-0.3,-1157,0.24,0.136,0.071,0.00,,0,637,0,512,0,-1.04,20.4,1.00,-0.001
292.40,FINAL,33.11,32.38,20.41,-1.02,-0.1,0.1,-14.5,-0.3,-1155,0.24,0.136,0.071,0.00,,0,635,0,510,0,-1.04,20.4,1.00,-0.001
292.50,FINAL,33.01,32.30,20.41,-1.02,-0.1,0.1,-14.5,-0.3,-1153,0.24,0.136,0.071,0.00,,0,633,0,508,0,-1.04,20.4,1.00,-0.002
292.60,FINAL,32.91,32.22,20.41,-1.02,-0.1,0.1,-14.5,-0.3,-1151,0.24,0.136,0.071,0.00,,0,631,0,506,0,-1.04,20.4,1.00,-0.002
292.70,FINAL,32.80,32.14,20.41,-1.02,-0.1,0.1,-14.5,-0.3,-1149,0.24,0.136,0.071,0.00,,0,629,0,504,0,-1.04,20.4,1.00,-0.002
292.80,FINAL,32.70,32.06,20.41,-1.02,-0.1,0.1,-14.4,-0.3,-1147,0.24,0.136,0.071,0.00,,0,627,0,502,0,-1.04,20.4,1.00,-0.002
292.90,FINAL,32.60,31.98,20.41,-1.02,-0.1,0.1,-14.4,-0.3,-1145,0.24,0.136,0.071,0.00,,0,625,0,500,0,-1.04,20.4,1.00,-0.002
293.00,FINAL,32.50,31.90,20.41,-1.02,-0.2,0.1,-14.4,-0.3,-1143,0.24,0.136,0.071,0.00,,0,623,0,498,0,-1.04,20.4,1.00,-0.002
293.10,FINAL,32.39,31.82,20.41,-1.02,-0.2,0.1,-14.4,-0.3,-1141,0.24,0.136,0.071,0.00,,0,621,0,496,0,-1.04,20.4,1.00,-0.002
293.20,FINAL,32.29,31.74,20.41,-1.02,-0.2,0.1,-14.4,-0.3,-1139,0.24,0.136,0.071,0.00,,0,619,0,494,0,-1.04,20.4,1.00,-0.002
293.30,FINAL,32.19,31.66,20.41,-1.02,-0.2,0.1,-14.4,-0.3,-1137,0.24,0.136,0.071,0.00,,0,617,0,492,0,-1.04,20.4,1.00,-0.002
293.40,FINAL,32.09,31.58,20.41,-1.02,-0.2,0.1,-14.4,-0.3,-1135,0.24,0.136,0.071,0.00,,0,615,0,490,0,-1.04,20.4,1.00,-0.002
293.50,FINAL,31.99,31.50,20.41,-1.02,-0.2,0.1,-14.4,-0.3,-1133,0.24,0.136,0.071,0.00,,0,613,0,488,0,-1.04,20.4,1.00,-0.002
293.60,FINAL,31.88,31.42,20.41,-1.02,-0.2,0.1,-14.4,-0.3,-1131,0.24,0.136,0.071,0.00,,0,611,0,486,0,-1.04,20.4,1.00,-0.002
293.70,FINAL,31.78,31.34,20.41,-1.02,-0.2,0.1,-14.4,-0.3,-1129,0.24,0.136,0.071,0.00,,0,609,0,484,0,-1.04,20.4,1.00,-0.002
293.80,FINAL,31.68,31.26,20.41,-1.02,-0.2,0.1,-14.4,-0.3,-1128,0.24,0.136,0.071,0.00,,0,608,0,483,0,-1.04,20.4,1.00,-0.002
293.90,FINAL,31.58,31.18,20.41,-1.02,-0.2,0.1,-14.4,-0.3,-1126,0.24,0.136,0.071,0.00,,0,606,0,481,0,-1.04,20.4,1.00,-0.002
294.00,FINAL,31.48,31.10,20.41,-1.02,-0.2,0.1,-14.4,-0.3,-1124,0.24,0.136,0.071,0.00,,0,604,0,479,0,-1.04,20.4,1.00,-0.002
294.10,FINAL,31.37,31.02,20.41,-1.02,-0.2,0.1,-14.4,-0.3,-1122,0.24,0.136,0.071,0.00,,0,602,0,477,0,-1.04,20.4,1.00,-0.002
294.20,FINAL,31.27,30.94,20.41,-1.02,-0.2,0.1,-14.4,-0.3,-1120,0.24,0.136,0.071,0.00,,0,600,0,475,0,-1.04,20.4,1.00,-0.002
294.30,FINAL,31.17,30.86,20.41,-1.02,-0.2,0.1,-14.4,-0.3,-1118,0.24,0.136,0.071,0.00,,0,598,0,473,0,-1.04,20.4,1.00,-0.002
294.40,FINAL,31.07,30.78,20.41,-1.02,-0.2,0.1,-14.4,-0.3,-1116,0.24,0.136,0.071,0.00,,0,596,0,471,0,-1.04,20.4,1.00,-0.002
294.50,FINAL,30.96,30.70,20.41,-1.02,-0.2,0.1,-14.4,-0.3,-1114,0.24,0.136,0.071,0.00,,0,594,0,469,0,-1.04,20.4,1.00,-0.002
294.60,FINAL,30.86,30.62,20.41,-1.02,-0.2,0.1,-14.3,-0.3,-1112,0.24,0.136,0.071,0.00,,0,592,0,467,0,-1.04,20.4,1.00,-0.002
294.70,FINAL,30.76,30.54,20.41,-1.02,-0.2,0.1,-14.3,-0.3,-1110,0.24,0.136,0.071,0.00,,0,590,0,465,0,-1.04,20.4,1.00,-0.002
294.80,FINAL,30.66,30.45,20.41,-1.02,-0.2,0.1,-14.3,-0.3,-1108,0.24,0.136,0.071,0.00,,0,588,0,463,0,-1.03,20.4,1.00,-0.002
294.90,FINAL,30.56,30.37,20.41,-1.02,-0.2,0.1,-14.3,-0.3,-1106,0.24,0.136,0.071,0.00,,0,586,0,461,0,-1.03,20.4,1.00,-0.002
295.00,FINAL,30.45,30.29,20.41,-1.02,-0.2,0.1,-14.3,-0.3,-1104,0.24,0.136,0.071,0.00,,0,584,0,459,0,-1.03,20.4,1.00,-0.002
295.10,FINAL,30.35,30.20,20.41,-1.02,-0.2,0.1,-14.3,-0.3,-1102,0.24,0.136,0.071,0.00,,0,582,0,457,0,-1.03,20.4,1.00,-0.002
295.20,FINAL,30.25,30.12,20.41,-1.02,-0.2,0.1,-14.3,-0.3,-1100,0.24,0.136,0.071,0.00,,0,580,0,455,0,-1.03,20.4,1.00,-0.002
295.30,FINAL,30.15,30.04,20.41,-1.02,-0.2,0.1,-14.3,-0.3,-1098,0.24,0.136,0.070,0.00,,0,578,0,453,0,-1.03,20.4,1.00,-0.002
295.40,FINAL,30.04,29.95,20.41,-1.02,-0.2,0.1,-14.3,-0.3,-1096,0.24,0.136,0.071,0.00,,0,576,0,451,0,-1.03,20.4,1.00,-0.002
295.50,FINAL,29.94,29.86,20.41,-1.02,-0.2,0.1,-14.3,-0.3,-1094,0.24,0.136,0.070,0.00,,0,574,0,449,0,-1.03,20.4,1.00,-0.002
295.60,FINAL,29.84,29.78,20.41,-1.02,-0.2,0.1,-14.3,-0.3,-1092,0.24,0.136,0.070,0.00,,0,572,0,447,0,-1.03,20.4,1.00,-0.002
295.70,FINAL,29.74,29.69,20.41,-1.02,-0.2,0.1,-14.3,-0.3,-1090,0.24,0.136,0.070,0.00,,0,570,0,445,0,-1.03,20.4,1.00,-0.002
295.80,FINAL,29.64,29.60,20.41,-1.02,-0.2,0.1,-14.3,-0.3,-1088,0.24,0.136,0.070,0.00,,0,568,0,443,0,-1.03,20.4,1.00,-0.002
295.90,FINAL,29.53,29.51,20.41,-1.02,-0.2,0.1,-14.3,-0.3,-1086,0.24,0.136,0.070,0.00,,0,566,0,441,0,-1.03,20.4,1.00,-0.002
296.00,FINAL,29.43,29.42,20.41,-1.02,-0.2,0.1,-14.3,-0.3,-1085,0.24,0.136,0.070,0.00,,0,565,0,440,0,-1.03,20.4,1.00,-0.002
296.10,FINAL,29.33,29.33,20.41,-1.02,-0.2,0.1,-14.3,-0.3,-1083,0.24,0.136,0.070,0.00,,0,563,0,438,0,-1.03,20.4,1.00,-0.002
296.20,FINAL,29.23,29.24,20.41,-1.02,-0.2,0.1,-14.3,-0.3,-1081,0.24,0.136,0.070,0.00,,0,561,0,436,0,-1.03,20.4,1.00,-0.002
296.30,FINAL,29.12,29.14,20.41,-1.02,-0.2,0.1,-14.3,-0.3,-1079,0.24,0.136,0.070,0.00,,0,559,0,434,0,-1.03,20.4,1.00,-0.002
296.40,FINAL,29.02,29.05,20.41,-1.02,-0.2,0.1,-14.2,-0.3,-1077,0.24,0.136,0.070,0.00,,0,557,0,432,0,-1.03,20.4,1.00,-0.002
296.50,FINAL,28.92,28.96,20.41,-1.02,-0.2,0.1,-14.2,-0.3,-1075,0.24,0.136,0.070,0.00,,0,555,0,430,0,-1.03,20.4,1.00,-0.002
296.60,FINAL,28.82,28.86,20.41,-1.02,-0.2,0.1,-14.2,-0.3,-1073,0.24,0.136,0.070,0.00,,0,553,0,428,0,-1.03,20.4,1.00,-0.002
296.70,FINAL,28.72,28.76,20.41,-1.02,-0.2,0.1,-14.2,-0.3,-1071,0.24,0.136,0.070,0.00,,0,551,0,426,0,-1.03,20.4,1.00,-0.002
296.80,FINAL,28.61,28.67,20.41,-1.02,-0.2,0.1,-14.2,-0.3,-1069,0.24,0.136,0.070,0.00,,0,549,0,424,0,-1.03,20.4,1.00,-0.002
296.90,FINAL,28.51,28.57,20.42,-1.02,-0.2,0.1,-14.2,-0.3,-1067,0.24,0.136,0.070,0.00,,0,547,0,422,0,-1.03,20.4,1.00,-0.002
297.00,FINAL,28.41,28.47,20.42,-1.02,-0.2,0.1,-14.2,-0.3,-1065,0.24,0.136,0.070,0.00,,0,545,0,420,0,-1.03,20.4,1.00,-0.002
297.10,FINAL,28.31,28.37,20.42,-1.02,-0.2,0.1,-14.2,-0.3,-1063,0.24,0.136,0.070,0.00,,0,543,0,418,0,-1.03,20.4,1.00,-0.002
297.20,FINAL,28.20,28.27,20.42,-1.02,-0.2,0.1,-14.2,-0.3,-1061,0.24,0.136,0.070,0.00,,0,541,0,416,0,-1.03,20.4,1.00,-0.002
297.30,FINAL,28.10,28.17,20.42,-1.02,-0.2,0.1,-14.2,-0.3,-1059,0.24,0.136,0.070,0.00,,0,539,0,414,0,-1.03,20.4,1.00,-0.002
297.40,FINAL,28.00,28.07,20.42,-1.02,-0.2,0.1,-14.2,-0.3,-1057,0.24,0.136,0.070,0.00,,0,537,0,412,0,-1.03,20.4,1.00,-0.002
297.50,FINAL,27.90,27.97,20.42,-1.02,-0.2,0.1,-14.2,-0.3,-1055,0.24,0.136,0.070,0.00,,0,535,0,410,0,-1.03,20.4,1.00,-0.002
297.60,FINAL,27.80,27.86,20.42,-1.02,-0.2,0.1,-14.2,-0.3,-1053,0.24,0.136,0.070,0.00,,0,533,0,408,0,-1.03,20.4,1.00,-0.002
297.70,FINAL,27.69,27.76,20.42,-1.02,-0.2,0.1,-14.2,-0.3,-1051,0.24,0.136,0.070,0.00,,0,531,0,406,0,-1.03,20.4,1.00,-0.002
297.80,FINAL,27.59,27.66,20.42,-1.02,-0.2,0.1,-14.2,-0.3,-1049,0.24,0.136,0.070,0.00,,0,529,0,404,0,-1.03,20.4,1.00,-0.002
297.90,FINAL,27.49,27.55,20.42,-1.02,-0.2,0.1,-14.1,-0.3,-1047,0.24,0.136,0.070,0.00,,0,527,0,402,0,-1.03,20.4,1.00,-0.002
298.00,FINAL,27.39,27.45,20.42,-1.02,-0.2,0.1,-14.1,-0.3,-1045,0.24,0.136,0.070,0.00,,0,525,0,400,0,-1.03,20.4,1.00,-0.002
298.10,FINAL,27.28,27.34,20.42,-1.02,-0.2,0.1,-14.1,-0.3,-1043,0.24,0.136,0.070,0.00,,0,523,0,398,0,-1.03,20.4,1.00,-0.002
298.20,FINAL,27.18,27.24,20.42,-1.02,-0.2,0.1,-14.1,-0.3,-1041,0.24,0.136,0.070,0.00,,0,521,0,396,0,-1.03,20.4,1.00,-0.002
298.30,FINAL,27.08,27.13,20.42,-1.02,-0.2,0.1,-14.1,-0.3,-1039,0.24,0.136,0.070,0.00,,0,519,0,394,0,-1.03,20.4,1.00,-0.002
298.40,FINAL,26.98,27.02,20.42,-1.02,-0.2,0.1,-14.1,-0.3,-1038,0.24,0.136,0.070,0.00,,0,518,0,393,0,-1.03,20.4,1.00,-0.002
298.50,FINAL,26.87,26.92,20.42,-1.02,-0.2,0.1,-14.1,-0.3,-1036,0.24,0.136,0.070,0.00,,0,516,0,391,0,-1.03,20.4,1.00,-0.002
298.60,FINAL,26.77,26.81,20.42,-1.02,-0.2,0.1,-14.1,-0.3,-1034,0.24,0.136,0.070,0.00,,0,514,0,389,0,-1.03,20.4,1.00,-0.002
298.70,FINAL,26.67,26.71,20.42,-1.02,-0.2,0.1,-14.1,-0.3,-1032,0.24,0.136,0.070,0.00,,0,512,0,387,0,-1.03,20.4,1.00,-0.002
298.80,FINAL,26.57,26.60,20.42,-1.02,-0.2,0.1,-14.1,-0.3,-1030,0.24,0.136,0.069,0.00,,0,510,0,385,0,-1.03,20.4,1.00,-0.002
298.90,FINAL,26.47,26.50,20.42,-1.02,-0.2,0.1,-14.1,-0.3,-1028,0.24,0.136,0.069,0.00,,0,508,0,383,0,-1.03,20.4,1.00,-0.002
299.00,FINAL,26.36,26.40,20.42,-1.02,-0.2,0.1,-14.1,-0.3,-1026,0.24,0.136,0.069,0.00,,0,506,0,381,0,-1.03,20.4,1.00,-0.002
299.10,FINAL,26.26,26.29,20.42,-1.02,-0.2,0.1,-14.1,-0.3,-1024,0.24,0.136,0.069,0.00,,0,504,0,379,0,-1.03,20.4,1.00,-0.002
299.20,FINAL,26.16,26.19,20.42,-1.02,-0.2,0.1,-14.0,-0.3,-1022,0.24,0.136,0.069,0.00,,0,502,0,377,0,-1.03,20.4,1.00,-0.002
299.30,FINAL,26.06,26.09,20.42,-1.02,-0.2,0.1,-14.0,-0.3,-1020,0.24,0.136,0.069,0.00,,0,500,0,375,0,-1.03,20.4,1.00,-0.002
299.40,FINAL,25.95,25.99,20.42,-1.02,-0.2,0.1,-14.0,-0.3,-1018,0.24,0.136,0.069,0.00,,0,498,0,373,0,-1.03,20.4,1.00,-0.002
299.50,FINAL,25.85,25.89,20.42,-1.02,-0.2,0.1,-14.0,-0.3,-1016,0.24,0.136,0.069,0.00,,0,496,0,371,0,-1.03,20.4,1.00,-0.002
299.60,FINAL,25.75,25.79,20.42,-1.02,-0.2,0.1,-14.0,-0.3,-1014,0.24,0.136,0.069,0.00,,0,494,0,369,0,-1.03,20.4,1.00,-0.002
299.70,FINAL,25.65,25.69,20.42,-1.02,-0.2,0.1,-14.0,-0.3,-1012,0.24,0.136,0.069,0.00,,0,492,0,367,0,-1.03,20.4,1.00,-0.002
299.80,FINAL,25.54,25.59,20.42,-1.02,-0.2,0.1,-14.0,-0.3,-1010,0.24,0.136,0.069,0.00,,0,490,0,365,0,-1.03,20.4,1.00,-0.002
299.90,FINAL,25.44,25.49,20.42,-1.02,-0.2,0.1,-14.0,-0.3,-1008,0.24,0.136,0.069,0.00,,0,488,0,363,0,-1.03,20.4,1.00,-0.002
300.00,FINAL,25.34,25.39,20.42,-1.02,-0.2,0.1,-14.0,-0.3,-1006,0.24,0.136,0.069,0.00,,0,486,0,361,0,-1.03,20.4,1.00,-0.002
300.10,FINAL,25.24,25.29,20.42,-1.02,-0.2,0.1,-14.0,-0.3,-1004,0.24,0.136,0.069,0.00,,0,484,0,359,0,-1.03,20.4,1.00,-0.002
300.20,FINAL,25.13,25.19,20.42,-1.02,-0.2,0.1,-14.0,-0.3,-1002,0.24,0.136,0.069,0.00,,0,482,0,357,0,-1.03,20.4,1.00,-0.002
300.30,FINAL,25.03,25.10,20.42,-1.02,-0.2,0.1,-14.0,-0.3,-1000,0.24,0.136,0.069,0.00,,0,480,0,355,0,-1.03,20.4,1.00,-0.002
300.40,FINAL,24.93,25.00,20.42,-1.02,-0.2,0.1,-13.9,-0.3,-998,0.24,0.136,0.069,0.00,,0,478,0,353,0,-1.03,20.4,1.00,-0.002
300.50,FINAL,24.83,24.90,20.42,-1.02,-0.2,0.1,-13.9,-0.3,-996,0.24,0.136,0.069,0.00,,0,476,0,351,0,-1.03,20.4,1.00,-0.002
300.60,FINAL,24.73,24.80,20.42,-1.02,-0.2,0.1,-13.9,-0.3,-994,0.24,0.136,0.069,0.00,,0,474,0,349,0,-1.03,20.4,1.00,-0.002
300.70,FINAL,24.62,24.71,20.42,-1.02,-0.2,0.1,-13.9,-0.3,-992,0.24,0.136,0.069,0.00,,0,472,0,347,0,-1.03,20.4,1.00,-0.002
300.80,FINAL,24.52,24.61,20.42,-1.02,-0.2,0.1,-13.9,-0.3,-991,0.24,0.136,0.069,0.00,,0,471,0,346,0,-1.03,20.4,1.00,-0.002
300.90,FINAL,24.42,24.51,20.42,-1.02,-0.2,0.1,-13.9,-0.3,-989,0.24,0.136,0.069,0.00,,0,469,0,344,0,-1.03,20.4,1.00,-0.002
301.00,FINAL,24.32,24.42,20.42,-1.02,-0.2,0.1,-13.9,-0.3,-987,0.24,0.136,0.069,0.00,,0,467,0,342,0,-1.03,20.4,1.00,-0.002
301.10,FINAL,24.21,24.32,20.42,-1.02,-0.2,0.1,-13.9,-0.3,-985,0.24,0.136,0.069,0.00,,0,465,0,340,0,-1.03,20.4,1.00,-0.002
301.20,FINAL,24.11,24.23,20.42,-1.02,-0.2,0.1,-13.9,-0.3,-983,0.24,0.136,0.069,0.00,,0,463,0,338,0,-1.03,20.4,1.00,-0.002
301.30,FINAL,24.01,24.13,20.42,-1.02,-0.2,0.1,-13.9,-0.3,-981,0.24,0.136,0.069,0.00,,0,461,0,336,0,-1.03,20.4,1.00,-0.002
301.40,FINAL,23.91,24.04,20.42,-1.02,-0.2,0.1,-13.9,-0.3,-979,0.24,0.136,0.069,0.00,,0,459,0,334,0,-1.03,20.4,1.00,-0.002
301.50,FINAL,23.80,23.94,20.42,-1.02,-0.2,0.1,-13.9,-0.3,-977,0.24,0.136,0.069,0.00,,0,457,0,332,0,-1.03,20.4,1.00,-0.002
301.60,FINAL,23.70,23.85,20.42,-1.02,-0.2,0.1,-13.9,-0.3,-975,0.24,0.136,0.068,0.00,,0,455,0,330,0,-1.03,20.4,1.00,-0.002
301.70,FINAL,23.60,23.75,20.42,-1.02,-0.2,0.1,-13.8,-0.3,-973,0.24,0.136,0.068,0.00,,0,453,0,328,0,-1.03,20.4,1.00,-0.002
301.80,FINAL,23.50,23.66,20.42,-1.02,-0.2,0.1,-13.8,-0.3,-971,0.24,0.136,0.068,0.00,,0,451,0,326,0,-1.03,20.4,1.00,-0.002
301.90,FINAL,23.39,23.56,20.42,-1.02,-0.2,0.1,-13.8,-0.3,-969,0.24,0.136,0.068,0.00,,0,449,0,324,0,-1.03,20.4,1.00,-0.002
302.00,FINAL,23.29,23.47,20.42,-1.02,-0.2,0.1,-13.8,-0.3,-967,0.24,0.136,0.068,0.00,,0,447,0,322,0,-1.03,20.4,1.00,-0.002
302.10,FINAL,23.19,23.38,20.42,-1.02,-0.2,0.1,-13.8,-0.3,-965,0.24,0.136,0.068,0.00,,0,445,0,320,0,-1.03,20.4,1.00,-0.002
302.20,FINAL,23.09,23.28,20.42,-1.02,-0.2,0.1,-13.8,-0.3,-963,0.24,0.136,0.068,0.00,,0,443,0,318,0,-1.03,20.4,1.00,-0.002
302.30,FINAL,22.98,23.19,20.42,-1.02,-0.2,0.1,-13.8,-0.3,-961,0.24,0.136,0.068,0.00,,0,441,0,316,0,-1.03,20.4,1.00,-0.002
302.40,FINAL,22.88,23.10,20.42,-1.02,-0.2,0.1,-13.8,-0.3,-959,0.24,0.136,0.068,0.00,,0,439,0,314,0,-1.03,20.4,1.00,-0.002
302.50,FINAL,22.78,23.00,20.42,-1.02,-0.2,0.1,-13.8,-0.3,-957,0.24,0.136,0.068,0.00,,0,437,0,312,0,-1.03,20.4,1.00,-0.002
302.60,FINAL,22.68,22.91,20.42,-1.02,-0.2,0.1,-13.8,-0.3,-955,0.24,0.136,0.068,0.00,,0,435,0,310,0,-1.03,20.4,1.00,-0.002
302.70,FINAL,22.57,22.82,20.42,-1.02,-0.2,0.1,-13.8,-0.3,-953,0.24,0.136,0.068,0.00,,0,433,0,308,0,-1.03,20.4,1.00,-0.002
302.80,FINAL,22.47,22.72,20.42,-1.02,-0.2,0.1,-13.8,-0.3,-951,0.24,0.136,0.068,0.00,,0,431,0,306,0,-1.03,20.4,1.00,-0.002
302.90,FINAL,22.37,22.63,20.42,-1.02,-0.2,0.1,-13.8,-0.3,-949,0.24,0.136,0.068,0.00,,0,429,0,304,0,-1.03,20.4,1.00,-0.002
303.00,FINAL,22.27,22.54,20.42,-1.02,-0.2,0.1,-13.7,-0.3,-947,0.24,0.136,0.068,0.00,,0,427,0,302,0,-1.03,20.4,1.00,-0.002
303.10,FINAL,22.16,22.45,20.42,-1.02,-0.2,0.1,-13.7,-0.3,-945,0.24,0.136,0.068,0.00,,0,425,0,300,0,-1.03,20.4,1.00,-0.002
303.20,FINAL,22.06,22.36,20.42,-1.02,-0.2,0.1,-13.7,-0.3,-943,0.24,0.136,0.068,0.00,,0,423,0,298,0,-1.03,20.4,1.00,-0.002
303.30,FINAL,21.96,22.26,20.42,-1.02,-0.2,0.1,-13.7,-0.3,-941,0.24,0.136,0.068,0.00,,0,421,0,296,0,-1.03,20.4,1.00,-0.002
303.40,FINAL,21.86,22.17,20.42,-1.02,-0.2,0.1,-13.7,-0.3,-939,0.24,0.136,0.068,0.00,,0,419,0,294,0,-1.03,20.4,1.00,-0.002
303.50,FINAL,21.76,22.08,20.42,-1.02,-0.2,0.1,-13.7,-0.3,-938,0.24,0.136,0.068,0.00,,0,418,0,293,0,-1.03,20.4,1.00,-0.002
303.60,FINAL,21.65,21.99,20.42,-1.02,-0.2,0.1,-13.7,-0.3,-936,0.24,0.136,0.068,0.00,,0,416,0,291,0,-1.03,20.4,1.00,-0.002
303.70,FINAL,21.55,21.90,20.42,-1.02,-0.2,0.1,-13.7,-0.3,-934,0.24,0.136,0.068,0.00,,0,414,0,289,0,-1.03,20.4,1.00,-0.002
303.80,FINAL,21.45,21.81,20.42,-1.02,-0.2,0.1,-13.7,-0.3,-932,0.24,0.136,0.068,0.00,,0,412,0,287,0,-1.03,20.4,1.00,-0.002
303.90,FINAL,21.35,21.72,20.42,-1.02,-0.2,0.1,-13.7,-0.3,-930,0.24,0.136,0.068,0.00,,0,410,0,285,0,-1.03,20.4,1.00,-0.002
304.00,FINAL,21.24,21.63,20.42,-1.02,-0.2,0.1,-13.7,-0.3,-928,0.24,0.136,0.068,0.00,,0,408,0,283,0,-1.03,20.4,1.00,-0.002
304.10,FINAL,21.14,21.54,20.42,-1.02,-0.2,0.1,-13.7,-0.3,-926,0.24,0.136,0.068,0.00,,0,406,0,281,0,-1.03,20.4,1.00,-0.002
304.20,FINAL,21.04,21.45,20.42,-1.02,-0.2,0.1,-13.6,-0.3,-924,0.24,0.136,0.068,0.00,,0,404,0,279,0,-1.03,20.4,1.00,-0.002
304.30,FINAL,20.94,21.36,20.42,-1.02,-0.2,0.1,-13.6,-0.3,-922,0.24,0.136,0.068,0.00,,0,402,0,277,0,-1.03,20.4,1.00,-0.002
304.40,FINAL,20.83,21.26,20.42,-1.02,-0.2,0.1,-13.6,-0.3,-920,0.24,0.136,0.067,0.00,,0,400,0,275,0,-1.03,20.4,1.00,-0.002
304.50,FINAL,20.73,21.17,20.42,-1.02,-0.2,0.1,-13.6,-0.3,-918,0.24,0.136,0.067,0.00,,0,398,0,273,0,-1.03,20.4,1.00,-0.002
304.60,FINAL,20.63,21.08,20.42,-1.02,-0.2,0.1,-13.6,-0.3,-916,0.24,0.136,0.067,0.00,,0,396,0,271,0,-1.03,20.4,1.00,-0.002
304.70,FINAL,20.53,20.99,20.42,-1.02,-0.2,0.1,-13.6,-0.3,-914,0.24,0.136,0.067,0.00,,0,394,0,269,0,-1.03,20.4,1.00,-0.002
304.80,FINAL,20.42,20.90,20.42,-1.03,-0.2,0.1,-13.6,-0.3,-912,0.24,0.136,0.067,0.00,,0,392,0,267,0,-1.03,20.4,1.00,-0.002
304.90,FINAL,20.32,20.81,20.42,-1.03,-0.2,0.1,-13.6,-0.3,-910,0.24,0.136,0.067,0.00,,0,390,0,265,0,-1.03,20.4,1.00,-0.002
305.00,FINAL,20.22,20.72,20.42,-1.03,-0.2,0.1,-13.6,-0.3,-908,0.24,0.136,0.067,0.00,,0,388,0,263,0,-1.03,20.4,1.00,-0.002
305.10,FINAL,20.12,20.63,20.42,-1.03,-0.2,0.1,-13.6,-0.3,-906,0.24,0.136,0.067,0.00,,0,386,0,261,0,-1.03,20.4,1.00,-0.002
305.20,FINAL,20.01,20.54,20.42,-1.03,-0.2,0.1,-13.6,-0.3,-904,0.24,0.136,0.067,0.00,,0,384,0,259,0,-1.03,20.4,1.00,-0.002
305.30,FINAL,19.91,20.45,20.42,-1.03,-0.2,0.1,-13.6,-0.3,-902,0.24,0.136,0.067,0.00,,0,382,0,257,0,-1.03,20.4,1.00,-0.002
305.40,FINAL,19.81,20.36,20.42,-1.03,-0.2,0.1,-13.5,-0.3,-900,0.24,0.136,0.067,0.00,,0,380,0,255,0,-1.03,20.4,1.00,-0.002
305.50,FINAL,19.71,20.27,20.42,-1.03,-0.2,0.1,-13.5,-0.3,-898,0.24,0.136,0.067,0.00,,0,378,0,253,0,-1.03,20.4,1.00,-0.002
305.60,FINAL,19.60,20.18,20.42,-1.03,-0.2,0.1,-13.5,-0.3,-896,0.24,0.136,0.067,0.00,,0,376,0,251,0,-1.03,20.4,1.00,-0.002
305.70,FINAL,19.50,20.09,20.42,-1.03,-0.2,0.1,-13.5,-0.3,-894,0.24,0.136,0.067,0.00,,0,374,0,249,0,-1.03,20.4,1.00,-0.002
305.80,FINAL,19.40,20.00,20.42,-1.03,-0.2,0.1,-13.5,-0.3,-892,0.24,0.136,0.067,0.00,,0,372,0,247,0,-1.03,20.4,1.00,-0.002
305.90,FINAL,19.30,19.91,20.42,-1.03,-0.2,0.1,-13.5,-0.3,-890,0.24,0.136,0.067,0.00,,0,370,0,245,0,-1.03,20.4,1.00,-0.002
306.00,FINAL,19.19,19.82,20.42,-1.03,-0.2,0.1,-13.5,-0.3,-888,0.24,0.136,0.067,0.00,,0,368,0,243,0,-1.03,20.4,1.00,-0.002
306.10,FINAL,19.09,19.73,20.42,-1.03,-0.2,0.1,-13.5,-0.3,-886,0.24,0.136,0.067,0.00,,0,366,0,241,0,-1.03,20.4,1.00,-0.002
306.20,FINAL,18.99,19.64,20.42,-1.03,-0.2,0.1,-13.5,-0.3,-885,0.24,0.136,0.067,0.00,,0,365,0,240,0,-1.03,20.4,1.00,-0.002
306.30,FINAL,18.88,19.55,20.42,-1.03,-0.2,0.1,-13.5,-0.3,-883,0.24,0.136,0.067,0.00,,0,363,0,238,0,-1.03,20.4,1.00,-0.002
306.40,FINAL,18.78,19.46,20.42,-1.03,-0.2,0.1,-13.5,-0.3,-881,0.24,0.136,0.067,0.00,,0,361,0,236,0,-1.03,20.4,1.00,-0.002
306.50,FINAL,18.68,19.37,20.42,-1.03,-0.2,0.1,-13.5,-0.3,-879,0.24,0.136,0.067,0.00,,0,359,0,234,0,-1.03,20.4,1.00,-0.002
306.60,FINAL,18.58,19.28,20.42,-1.03,-0.2,0.1,-13.4,-0.3,-877,0.24,0.136,0.067,0.00,,0,357,0,232,0,-1.03,20.4,1.00,-0.002
306.70,FINAL,18.47,19.18,20.42,-1.03,-0.2,0.1,-13.4,-0.3,-875,0.24,0.136,0.067,0.00,,0,355,0,230,0,-1.03,20.4,1.00,-0.002
306.80,FINAL,18.37,19.09,20.42,-1.03,-0.2,0.1,-13.4,-0.3,-873,0.24,0.136,0.067,0.00,,0,353,0,228,0,-1.03,20.4,1.00,-0.002
306.90,FINAL,18.27,19.00,20.42,-1.03,-0.2,0.1,-13.4,-0.3,-871,0.24,0.136,0.067,0.00,,0,351,0,226,0,-1.03,20.4,1.00,-0.002
307.00,FINAL,18.17,18.91,20.42,-1.03,-0.2,0.1,-13.4,-0.3,-869,0.24,0.136,0.066,0.00,,0,349,0,224,0,-1.03,20.4,1.00,-0.002
307.10,FINAL,18.06,18.82,20.42,-1.03,-0.2,0.1,-13.4,-0.3,-867,0.24,0.136,0.066,0.00,,0,347,0,222,0,-1.03,20.4,1.00,-0.002
307.20,FINAL,17.96,18.73,20.42,-1.03,-0.2,0.1,-13.4,-0.3,-865,0.24,0.136,0.066,0.00,,0,345,0,220,0,-1.03,20.4,1.00,-0.002
307.30,FINAL,17.86,18.64,20.42,-1.03,-0.2,0.1,-13.4,-0.3,-863,0.24,0.136,0.066,0.00,,0,343,0,218,0,-1.03,20.4,1.00,-0.002
307.40,FINAL,17.76,18.54,20.42,-1.03,-0.2,0.1,-13.4,-0.3,-861,0.24,0.136,0.066,0.00,,0,341,0,216,0,-1.03,20.4,1.00,-0.002
307.50,FINAL,17.65,18.45,20.42,-1.03,-0.2,0.1,-13.4,-0.3,-859,0.24,0.137,0.066,0.00,,0,339,0,214,0,-1.03,20.4,1.00,-0.002
307.60,FINAL,17.55,18.36,20.42,-1.03,-0.2,0.1,-13.4,-0.3,-857,0.24,0.137,0.066,0.00,,0,337,0,212,0,-1.03,20.4,1.00,-0.002
307.70,FINAL,17.45,18.27,20.42,-1.03,-0.2,0.1,-13.3,-0.3,-855,0.24,0.137,0.066,0.00,,0,335,0,210,0,-1.03,20.4,1.00,-0.002
307.80,FINAL,17.35,18.17,20.42,-1.03,-0.2,0.1,-13.3,-0.3,-853,0.24,0.137,0.066,0.00,,0,333,0,208,0,-1.03,20.4,1.00,-0.002
307.90,FINAL,17.24,18.08,20.42,-1.03,-0.2,0.1,-13.3,-0.3,-851,0.24,0.137,0.066,0.00,,0,331,0,206,0,-1.03,20.4,1.00,-0.002
308.00,FINAL,17.14,17.99,20.42,-1.03,-0.2,0.1,-13.3,-0.3,-849,0.24,0.137,0.066,0.00,,0,329,0,204,0,-1.03,20.4,1.00,-0.002
308.10,FINAL,17.04,17.89,20.42,-1.03,-0.2,0.1,-13.3,-0.3,-847,0.24,0.137,0.066,0.00,,0,327,0,202,0,-1.03,20.4,1.00,-0.002
308.20,FINAL,16.94,17.80,20.42,-1.03,-0.2,0.1,-13.3,-0.3,-845,0.24,0.137,0.066,0.00,,0,325,0,200,0,-1.03,20.4,1.00,-0.002
308.30,FINAL,16.83,17.71,20.42,-1.03,-0.2,0.1,-13.3,-0.3,-843,0.24,0.137,0.066,0.00,,0,323,0,198,0,-1.03,20.4,1.00,-0.002
308.40,FINAL,16.73,17.61,20.42,-1.03,-0.2,0.1,-13.3,-0.3,-841,0.24,0.137,0.066,0.00,,0,321,0,196,0,-1.03,20.4,1.00,-0.002
308.50,FINAL,16.63,17.52,20.42,-1.03,-0.2,0.1,-13.3,-0.3,-839,0.24,0.137,0.066,0.00,,0,319,0,194,0,-1.03,20.4,1.00,-0.002
308.60,FINAL,16.52,17.42,20.42,-1.03,-0.2,0.1,-13.3,-0.3,-837,0.24,0.137,0.066,0.00,,0,317,0,192,0,-1.03,20.4,1.00,-0.002
308.70,FINAL,16.42,17.33,20.42,-1.03,-0.2,0.1,-13.3,-0.3,-835,0.24,0.137,0.066,0.00,,0,315,0,190,0,-1.03,20.4,1.00,-0.002
308.80,FINAL,16.32,17.23,20.42,-1.03,-0.2,0.1,-13.2,-0.3,-833,0.24,0.137,0.066,0.00,,0,313,0,188,0,-1.03,20.4,1.00,-0.002
308.90,FINAL,16.22,17.14,20.42,-1.03,-0.2,0.1,-13.2,-0.3,-831,0.24,0.137,0.066,0.00,,0,311,0,186,0,-1.03,20.4,1.00,-0.002
309.00,FINAL,16.11,17.04,20.42,-1.03,-0.2,0.1,-13.2,-0.3,-829,0.24,0.137,0.066,0.00,,0,309,0,184,0,-1.03,20.4,1.00,-0.002
309.10,FINAL,16.01,16.95,20.42,-1.03,-0.2,0.1,-13.2,-0.3,-827,0.24,0.137,0.066,0.00,,0,307,0,182,0,-1.03,20.4,1.00,-0.002
309.20,FINAL,15.91,16.85,20.42,-1.03,-0.2,0.1,-13.2,-0.3,-826,0.24,0.137,0.066,0.00,,0,306,0,181,0,-1.03,20.4,1.00,-0.002
309.30,FINAL,15.81,16.76,20.42,-1.03,-0.2,0.1,-13.2,-0.3,-824,0.24,0.137,0.065,0.00,,0,304,0,179,0,-1.03,20.4,1.00,-0.002
309.40,FINAL,15.70,16.66,20.42,-1.03,-0.2,0.1,-13.2,-0.3,-822,0.24,0.137,0.065,0.00,,0,302,0,177,0,-1.03,20.4,1.00,-0.002
309.50,FINAL,15.60,16.56,20.42,-1.03,-0.2,0.1,-13.2,-0.3,-820,0.24,0.137,0.065,0.00,,0,300,0,175,0,-1.03,20.4,1.00,-0.002
309.60,FINAL,15.50,16.46,20.42,-1.03,-0.2,0.1,-13.2,-0.3,-818,0.24,0.137,0.065,0.00,,0,298,0,173,0,-1.03,20.4,1.00,-0.002
309.70,FINAL,15.39,16.37,20.42,-1.03,-0.2,0.1,-13.1,-0.3,-816,0.24,0.137,0.065,0.00,,0,296,0,171,0,-1.03,20.4,1.00,-0.002
309.80,FINAL,15.29,16.27,20.42,-1.03,-0.2,0.1,-13.1,-0.3,-814,0.24,0.137,0.065,0.00,,0,294,0,169,0,-1.03,20.4,1.00,-0.002
309.90,FINAL,15.19,16.17,20.42,-1.03,-0.2,0.1,-13.1,-0.3,-812,0.24,0.137,0.065,0.00,,0,292,0,167,0,-1.03,20.4,1.00,-0.002
310.00,FINAL,15.09,16.07,20.42,-1.03,-0.2,0.1,-13.1,-0.3,-810,0.24,0.137,0.065,0.00,,0,290,0,165,0,-1.03,20.4,1.00,-0.002
310.10,FINAL,14.98,15.98,20.42,-1.03,-0.2,0.1,-13.1,-0.3,-808,0.24,0.137,0.065,0.00,,0,288,0,163,0,-1.03,20.4,1.00,-0.002
310.20,FINAL,14.88,15.88,20.42,-1.03,-0.2,0.1,-13.1,-0.3,-806,0.24,0.137,0.065,0.00,,0,286,0,161,0,-1.03,20.4,1.00,-0.002
310.30,FINAL,14.78,15.78,20.42,-1.03,-0.2,0.1,-13.1,-0.3,-804,0.24,0.137,0.065,0.00,,0,284,0,159,0,-1.03,20.4,1.00,-0.002
310.40,FINAL,14.68,15.68,20.42,-1.03,-0.2,0.1,-13.1,-0.3,-802,0.24,0.137,0.065,0.00,,0,282,0,157,0,-1.03,20.4,1.00,-0.002
310.50,FINAL,14.57,15.58,20.42,-1.03,-0.2,0.1,-13.1,-0.3,-800,0.24,0.137,0.065,0.00,,0,280,0,155,0,-1.03,20.4,1.00,-0.002
310.60,FINAL,14.47,15.48,20.42,-1.03,-0.2,0.1,-13.0,-0.3,-798,0.24,0.137,0.065,0.00,,0,278,0,153,0,-1.03,20.4,1.00,-0.002
310.70,FINAL,14.37,15.38,20.42,-1.03,-0.2,0.1,-13.0,-0.3,-796,0.24,0.137,0.065,0.00,,0,276,0,151,0,-1.03,20.4,1.00,-0.002
310.80,FINAL,14.26,15.28,20.42,-1.03,-0.2,0.1,-13.0,-0.3,-794,0.24,0.137,0.065,0.00,,0,274,0,149,0,-1.03,20.4,1.00,-0.002
310.90,FINAL,14.16,15.18,20.42,-1.03,-0.2,0.1,-13.0,-0.3,-792,0.24,0.137,0.065,0.00,,0,272,0,147,0,-1.03,20.4,1.00,-0.002
311.00,FINAL,14.06,15.08,20.42,-1.03,-0.2,0.1,-13.0,-0.3,-790,0.24,0.137,0.065,0.00,,0,270,0,145,0,-1.03,20.4,1.00,-0.002
311.10,FINAL,13.96,14.98,20.42,-1.03,-0.2,0.1,-13.0,-0.3,-788,0.24,0.137,0.065,0.00,,0,268,0,143,0,-1.03,20.4,1.00,-0.002
311.20,FINAL,13.85,14.88,20.42,-1.03,-0.2,0.1,-13.0,-0.3,-786,0.24,0.137,0.065,0.00,,0,266,0,141,0,-1.03,20.4,1.00,-0.002
311.30,FINAL,13.75,14.78,20.42,-1.03,-0.2,0.1,-13.0,-0.3,-784,0.24,0.137,0.064,0.00,,0,264,0,139,0,-1.03,20.4,1.00,-0.002
311.40,FINAL,13.65,14.68,20.42,-1.03,-0.2,0.1,-13.0,-0.3,-782,0.24,0.137,0.064,0.00,,0,262,0,137,0,-1.03,20.4,1.00,-0.002
311.50,FINAL,13.54,14.57,20.42,-1.03,-0.2,0.1,-12.9,-0.3,-780,0.24,0.137,0.064,0.00,,0,260,0,135,0,-1.03,20.4,1.00,-0.002
311.60,FINAL,13.44,14.47,20.42,-1.03,-0.2,0.1,-12.9,-0.3,-778,0.24,0.137,0.064,0.00,,0,258,0,133,0,-1.03,20.4,1.00,-0.002
311.70,FINAL,13.34,14.37,20.42,-1.03,-0.2,0.1,-12.9,-0.3,-776,0.24,0.137,0.064,0.00,,0,256,0,131,0,-1.03,20.4,1.00,-0.002
311.80,FINAL,13.23,14.27,20.42,-1.03,-0.2,0.1,-12.9,-0.3,-774,0.24,0.137,0.064,0.00,,0,254,0,129,0,-1.03,20.4,1.00,-0.002
311.90,FINAL,13.13,14.16,20.42,-1.03,-0.2,0.1,-12.9,-0.3,-772,0.24,0.137,0.064,0.00,,0,252,0,127,0,-1.03,20.4,1.00,-0.002
312.00,FINAL,13.03,14.06,20.42,-1.03,-0.2,0.1,-12.9,-0.3,-770,0.24,0.137,0.064,0.00,,0,250,0,125,0,-1.03,20.4,1.00,-0.002
312.10,FINAL,12.93,13.96,20.42,-1.03,-0.2,0.1,-12.9,-0.3,-768,0.24,0.137,0.064,0.00,,0,248,0,123,0,-1.03,20.4,1.00,-0.002
312.20,FINAL,12.82,13.85,20.42,-1.03,-0.2,0.1,-12.9,-0.3,-766,0.24,0.137,0.064,0.00,,0,246,0,121,0,-1.03,20.4,1.00,-0.002
312.30,FINAL,12.72,13.75,20.42,-1.03,-0.2,0.1,-12.8,-0.3,-764,0.24,0.137,0.064,0.00,,0,244,0,119,0,-1.03,20.4,1.00,-0.002
312.40,FINAL,12.62,13.65,20.43,-1.03,-0.2,0.1,-12.8,-0.3,-762,0.24,0.137,0.064,0.00,,0,242,0,117,0,-1.03,20.4,1.00,-0.002
312.50,FINAL,12.51,13.55,20.43,-1.03,-0.2,0.1,-12.8,-0.3,-760,0.24,0.137,0.064,0.00,,0,240,0,115,0,-1.03,20.4,1.00,-0.002
312.60,FINAL,12.41,13.44,20.43,-1.03,-0.2,0.1,-12.8,-0.3,-759,0.24,0.137,0.064,0.00,,0,239,0,114,0,-1.03,20.4,1.00,-0.002
312.70,FINAL,12.31,13.34,20.43,-1.03,-0.2,0.1,-12.8,-0.3,-757,0.24,0.137,0.064,0.00,,0,237,0,112,0,-1.03,20.4,1.00,-0.002
312.80,FINAL,12.20,13.24,20.43,-1.03,-0.2,0.1,-12.8,-0.3,-755,0.24,0.137,0.064,0.00,,0,235,0,110,0,-1.03,20.4,1.00,-0.002
312.90,FINAL,12.10,13.13,20.43,-1.03,-0.2,0.1,-12.8,-0.3,-753,0.24,0.137,0.063,0.00,,0,233,0,108,0,-1.03,20.4,1.00,-0.002
313.00,FINAL,12.00,13.03,20.43,-1.03,-0.2,0.1,-12.7,-0.3,-751,0.24,0.137,0.063,0.00,,0,231,0,106,0,-1.03,20.4,1.00,-0.002
313.10,FINAL,11.89,12.93,20.43,-1.03,-0.2,0.1,-12.7,-0.3,-749,0.24,0.138,0.063,0.00,,0,229,0,104,0,-1.03,20.4,1.00,-0.002
313.20,FINAL,11.79,12.82,20.43,-1.03,-0.2,0.1,-12.7,-0.3,-747,0.24,0.138,0.063,0.00,,0,227,0,102,0,-1.03,20.4,1.00,-0.002
313.30,FINAL,11.69,12.72,20.43,-1.03,-0.2,0.1,-12.7,-0.3,-745,0.24,0.138,0.063,0.00,,0,225,0,100,0,-1.03,20.4,1.00,-0.002
313.40,FINAL,11.59,12.62,20.43,-1.03,-0.2,0.1,-12.7,-0.3,-743,0.24,0.138,0.063,0.00,,0,223,0,98,0,-1.03,20.4,1.00,-0.002
313.50,FINAL,11.48,12.51,20.43,-1.03,-0.2,0.1,-12.7,-0.3,-741,0.24,0.138,0.063,0.00,,0,221,0,96,0,-1.03,20.4,1.00,-0.002
313.60,FINAL,11.38,12.41,20.43,-1.03,-0.2,0.1,-12.7,-0.3,-739,0.24,0.138,0.063,0.00,,0,219,0,94,0,-1.03,20.4,1.00,-0.002
313.70,FINAL,11.28,12.31,20.43,-1.03,-0.2,0.1,-12.6,-0.3,-737,0.24,0.138,0.063,0.00,,0,217,0,92,0,-1.03,20.4,1.00,-0.002
313.80,FINAL,11.17,12.20,20.43,-1.03,-0.2,0.1,-12.6,-0.3,-735,0.24,0.138,0.063,0.00,,0,215,0,90,0,-1.03,20.4,1.00,-0.002
313.90,FINAL,11.07,12.10,20.43,-1.03,-0.2,0.1,-12.6,-0.3,-733,0.24,0.138,0.063,0.00,,0,213,0,88,0,-1.03,20.4,1.00,-0.002
314.00,FINAL,10.97,12.00,20.43,-1.03,-0.2,0.1,-12.6,-0.3,-731,0.24,0.138,0.063,0.00,,0,211,0,86,0,-1.03,20.4,1.00,-0.002
314.10,FINAL,10.86,11.90,20.43,-1.03,-0.2,0.1,-12.6,-0.3,-729,0.24,0.138,0.063,0.00,,0,209,0,84,0,-1.03,20.4,1.00,-0.002
314.20,FINAL,10.76,11.79,20.43,-1.03,-0.2,0.1,-12.6,-0.3,-727,0.24,0.138,0.063,0.00,,0,207,0,82,0,-1.03,20.4,1.00,-0.002
314.30,FINAL,10.66,11.69,20.43,-1.03,-0.2,0.1,-12.6,-0.3,-725,0.24,0.138,0.063,0.00,,0,205,0,80,0,-1.03,20.4,1.00,-0.002
314.40,FINAL,10.55,11.59,20.43,-1.03,-0.2,0.1,-12.5,-0.3,-723,0.24,0.138,0.062,0.00,,0,203,0,78,0,-1.03,20.4,1.00,-0.002
314.50,FINAL,10.45,11.48,20.43,-1.03,-0.2,0.1,-12.5,-0.3,-721,0.24,0.138,0.062,0.00,,0,201,0,76,0,-1.03,20.4,1.00,-0.002
314.60,FINAL,10.35,11.38,20.43,-1.03,-0.2,0.1,-12.5,-0.3,-719,0.24,0.138,0.062,0.00,,0,199,0,74,0,-1.03,20.4,1.00,-0.002
314.70,FINAL,10.24,11.28,20.43,-1.03,-0.2,0.1,-12.5,-0.3,-717,0.24,0.138,0.062,0.00,,0,197,0,72,0,-1.03,20.4,1.00,-0.002
314.80,FINAL,10.14,11.17,20.43,-1.03,-0.2,0.1,-12.5,-0.3,-715,0.24,0.138,0.062,0.00,,0,195,0,70,0,-1.03,20.4,1.00,-0.002
314.90,FINAL,10.04,11.07,20.43,-1.03,-0.2,0.1,-12.5,-0.3,-713,0.24,0.138,0.062,0.00,,0,193,0,68,0,-1.03,20.4,1.00,-0.002
315.00,FINAL,9.93,10.96,20.43,-1.03,-0.2,0.1,-12.4,-0.3,-711,0.24,0.138,0.062,0.00,,0,191,0,66,0,-1.03,20.4,1.00,-0.002
315.10,FINAL,9.83,10.86,20.43,-1.03,-0.2,0.1,-12.4,-0.3,-709,0.24,0.138,0.062,0.00,,0,189,0,64,0,-1.03,20.4,1.00,-0.002
315.20,FINAL,9.73,10.76,20.43,-1.03,-0.2,0.1,-12.4,-0.3,-707,0.24,0.138,0.062,0.00,,0,187,0,62,0,-1.03,20.4,1.00,-0.002
315.30,FINAL,9.62,10.65,20.43,-1.04,-0.2,0.1,-12.4,-0.3,-705,0.24,0.139,0.062,0.00,,0,185,0,60,0,-1.03,20.4,1.00,-0.002
315.40,FINAL,9.52,10.55,20.43,-1.04,-0.2,0.1,-12.4,-0.3,-703,0.24,0.139,0.062,0.00,,0,183,0,58,0,-1.03,20.4,1.00,-0.002
315.50,FINAL,9.42,10.45,20.43,-1.04,-0.2,0.1,-12.4,-0.3,-701,0.24,0.139,0.062,0.00,,0,181,0,56,0,-1.03,20.4,1.00,-0.002
315.60,FINAL,9.31,10.34,20.43,-1.04,-0.2,0.1,-12.4,-0.3,-699,0.24,0.139,0.062,0.00,,0,179,0,54,0,-1.03,20.4,1.00,-0.002
315.70,FINAL,9.21,10.24,20.43,-1.04,-0.2,0.1,-12.3,-0.3,-697,0.24,0.139,0.062,0.00,,0,177,0,52,0,-1.03,20.4,1.00,-0.002
315.80,FINAL,9.10,10.14,20.43,-1.04,-0.2,0.1,-12.3,-0.3,-695,0.24,0.139,0.061,0.00,,0,175,0,50,0,-1.03,20.4,1.00,-0.002
315.90,FINAL,9.00,10.03,20.43,-1.04,-0.2,0.1,-12.3,-0.3,-693,0.24,0.139,0.061,0.00,,0,173,0,48,0,-1.03,20.4,1.00,-0.002
316.00,FINAL,8.90,9.93,20.43,-1.04,-0.2,0.1,-12.3,-0.3,-691,0.24,0.139,0.061,0.00,,0,171,0,46,0,-1.03,20.4,1.00,-0.002
316.10,FINAL,8.79,9.83,20.43,-1.04,-0.2,0.1,-12.3,-0.3,-689,0.24,0.139,0.061,0.00,,0,169,0,44,0,-1.03,20.4,1.00,-0.002
316.20,FINAL,8.69,9.72,20.43,-1.04,-0.2,0.1,-12.2,-0.3,-687,0.24,0.139,0.061,0.00,,0,167,0,42,0,-1.03,20.4,1.00,-0.002
316.30,FINAL,8.59,9.62,20.43,-1.04,-0.2,0.1,-12.2,-0.3,-685,0.24,0.139,0.061,0.00,,0,165,0,40,0,-1.03,20.4,1.00,-0.002
316.40,FINAL,8.48,9.51,20.43,-1.04,-0.2,0.1,-12.2,-0.3,-683,0.24,0.139,0.061,0.00,,0,163,0,38,0,-1.03,20.4,1.00,-0.002
316.50,FINAL,8.38,9.41,20.43,-1.04,-0.2,0.1,-12.2,-0.3,-681,0.24,0.139,0.061,0.00,,0,161,0,36,0,-1.03,20.4,1.00,-0.002
316.60,FINAL,8.27,9.31,20.43,-1.04,-0.2,0.1,-12.2,-0.3,-679,0.24,0.139,0.061,0.00,,0,159,0,34,0,-1.03,20.4,1.00,-0.001
316.70,FINAL,8.17,9.20,20.43,-1.04,-0.2,0.1,-12.2,-0.3,-678,0.24,0.140,0.061,0.00,,0,158,0,33,0,-1.03,20.4,1.00,-0.001
316.80,FINAL,8.07,9.10,20.43,-1.04,-0.2,0.1,-12.1,-0.3,-676,0.24,0.140,0.061,0.00,,0,156,0,31,0,-1.03,20.4,1.00,-0.001
316.90,FINAL,7.96,9.00,20.43,-1.04,-0.2,0.1,-12.1,-0.3,-674,0.24,0.140,0.061,0.00,,0,154,0,29,0,-1.03,20.4,1.00,-0.001
317.00,FINAL,7.86,8.89,20.43,-1.04,-0.2,0.1,-12.1,-0.3,-672,0.24,0.140,0.060,0.00,,0,152,0,27,0,-1.03,20.4,1.00,-0.001
317.10,FINAL,7.76,8.79,20.43,-1.04,-0.2,0.1,-12.1,-0.3,-670,0.24,0.140,0.060,0.00,,0,150,0,25,0,-1.03,20.4,1.00,-0.001
317.20,FINAL,7.65,8.68,20.43,-1.04,-0.3,0.1,-12.1,-0.3,-668,0.24,0.140,0.060,0.00,,0,148,0,23,0,-1.03,20.4,1.00,-0.001
317.30,FINAL,7.55,8.58,20.43,-1.04,-0.3,0.1,-12.0,-0.3,-666,0.24,0.140,0.060,0.00,,0,146,0,21,0,-1.03,20.4,1.00,-0.001
317.40,FINAL,7.44,8.48,20.43,-1.04,-0.3,0.1,-12.0,-0.3,-664,0.24,0.140,0.060,0.00,,0,144,0,19,0,-1.03,20.4,1.00,-0.001
317.50,FINAL,7.34,8.37,20.43,-1.04,-0.3,0.1,-12.0,-0.3,-662,0.24,0.140,0.060,0.00,,0,142,0,17,0,-1.03,20.4,1.00,-0.001
317.60,FINAL,7.23,8.27,20.43,-1.04,-0.3,0.1,-12.0,-0.3,-660,0.24,0.141,0.060,0.00,,0,140,0,15,0,-1.03,20.4,1.00,-0.001
317.70,FINAL,7.13,8.16,20.43,-1.04,-0.3,0.1,-12.0,-0.3,-658,0.24,0.141,0.060,0.00,,0,138,0,13,0,-1.03,20.4,1.00,-0.001
317.80,FINAL,7.03,8.06,20.43,-1.04,-0.3,0.1,-11.9,-0.3,-656,0.24,0.141,0.060,0.00,,0,136,0,11,0,-1.03,20.4,1.00,-0.001
317.90,FINAL,6.92,7.95,20.43,-1.04,-0.3,0.1,-11.9,-0.3,-654,0.24,0.141,0.060,0.00,,0,134,0,9,0,-1.03,20.4,1.00,-0.001
318.00,FINAL,6.82,7.85,20.43,-1.04,-0.3,0.1,-11.9,-0.3,-652,0.24,0.141,0.060,0.00,,0,132,0,7,0,-1.03,20.4,1.00,-0.001
318.10,FINAL,6.71,7.75,20.44,-1.04,-0.3,0.1,-11.9,-0.3,-650,0.24,0.141,0.059,0.00,,0,130,0,5,0,-1.02,20.4,1.00,-0.001
318.20,FINAL,6.61,7.64,20.44,-1.04,-0.3,0.1,-11.9,-0.3,-648,0.24,0.141,0.059,0.00,,0,128,0,3,0,-1.02,20.4,1.00,-0.001
318.30,FINAL,6.50,7.54,20.44,-1.05,-0.3,0.1,-11.8,-0.3,-646,0.24,0.142,0.059,0.00,,0,126,0,1,0,-1.02,20.4,1.00,-0.001
318.40,FINAL,6.40,7.43,20.44,-1.05,-0.3,0.1,-11.8,-0.3,-644,0.24,0.142,0.059,0.00,,0,124,0,-1,0,-1.02,20.4,1.00,-0.001
318.50,FINAL,6.30,7.33,20.44,-1.05,-0.3,0.1,-11.8,-0.3,-642,0.24,0.142,0.059,0.00,,0,122,0,-3,0,-1.02,20.4,1.00,-0.000
318.60,FINAL,6.19,7.22,20.44,-1.05,-0.3,0.1,-11.8,-0.3,-640,0.24,0.142,0.059,0.00,,0,120,0,-5,0,-1.02,20.4,1.00,-0.000
318.70,FINAL,6.09,7.12,20.44,-1.05,-0.3,0.1,-11.8,-0.3,-638,0.24,0.142,0.059,0.00,,0,118,0,-7,0,-1.02,20.4,1.00,-0.000
318.80,FINAL,5.98,7.01,20.44,-1.05,-0.3,0.1,-11.7,-0.3,-636,0.24,0.142,0.059,0.00,,0,116,0,-9,0,-1.02,20.4,1.00,-0.000
318.90,FINAL,5.88,6.91,20.44,-1.05,-0.3,0.1,-11.7,-0.3,-634,0.24,0.143,0.059,0.00,,0,114,0,-11,0,-1.02,20.4,1.00,-0.000
319.00,FINAL,5.77,6.80,20.44,-1.05,-0.3,0.1,-11.7,-0.3,-632,0.24,0.143,0.059,0.00,,0,112,0,-13,0,-1.02,20.4,1.00,-0.000
319.10,FINAL,5.67,6.70,20.44,-1.05,-0.3,0.1,-11.7,-0.3,-630,0.24,0.143,0.058,0.00,,0,110,0,-15,0,-1.02,20.4,1.00,0.000
319.20,FINAL,5.56,6.59,20.44,-1.05,-0.3,0.1,-11.6,-0.3,-628,0.24,0.143,0.058,0.00,,0,108,0,-17,0,-1.02,20.4,1.00,0.000
319.30,FINAL,5.46,6.49,20.44,-1.05,-0.3,0.1,-11.6,-0.3,-626,0.24,0.144,0.058,0.00,,0,106,0,-19,0,-1.02,20.4,1.00,0.000
319.40,FINAL,5.35,6.38,20.44,-1.05,-0.3,0.1,-11.6,-0.3,-624,0.24,0.144,0.058,0.00,,0,104,0,-21,0,-1.02,20.4,1.00,0.000
319.50,FINAL,5.25,6.28,20.44,-1.05,-0.3,0.1,-11.6,-0.3,-622,0.24,0.144,0.058,0.00,,0,102,0,-23,0,-1.02,20.4,1.00,0.000
319.60,FINAL,5.14,6.17,20.44,-1.05,-0.3,0.1,-11.5,-0.3,-620,0.24,0.144,0.058,0.00,,0,100,0,-25,0,-1.02,20.4,1.00,0.001
319.70,FLARE,5.03,6.07,20.44,-1.06,-0.3,0.1,-11.5,-0.3,-618,0.24,0.145,0.058,0.00,,0,98,0,-27,0,-1.02,20.4,1.00,0.001
319.80,FLARE,4.93,5.96,20.40,-1.08,-0.4,0.1,-11.4,-0.3,-616,0.00,0.103,0.051,0.00,,,,0,-29,0,,,,
319.90,FLARE,4.82,5.85,20.35,-1.12,-0.6,0.2,-11.4,-0.3,-614,0.00,0.130,0.054,0.00,,,,0,-31,0,,,,
320.00,FLARE,4.71,5.74,20.30,-1.18,-0.9,0.3,-11.3,-0.3,-612,0.00,0.158,0.055,0.00,,,,0,-33,0,,,,
320.10,FLARE,4.58,5.62,20.25,-1.26,-1.2,0.4,-11.3,-0.3,-610,0.00,0.212,0.056,0.00,,,,0,-35,0,,,,
320.20,FLARE,4.46,5.49,20.21,-1.36,-1.4,0.4,-11.3,-0.3,-608,0.00,0.273,0.056,0.00,,,,0,-37,0,,,,
320.30,FLARE,4.32,5.35,20.18,-1.45,-1.5,0.5,-11.3,-0.3,-606,0.03,0.307,0.057,0.00,,,,0,-39,0,,,,
320.40,FLARE,4.17,5.20,20.15,-1.52,-1.3,0.5,-11.2,-0.3,-604,0.07,0.319,0.057,0.00,,,,0,-41,0,,,,
320.50,FLARE,4.02,5.05,20.14,-1.54,-0.9,0.5,-11.2,-0.3,-602,0.12,0.303,0.058,0.00,,,,0,-43,0,,,,
320.60,FLARE,3.86,4.90,20.13,-1.51,-0.3,0.5,-11.2,-0.3,-600,0.13,0.293,0.059,0.00,,,,0,-45,0,,,,
320.70,FLARE,3.71,4.75,20.11,-1.44,0.3,0.4,-11.2,-0.3,-598,0.13,0.277,0.059,0.00,,,,0,-47,0,,,,
320.80,FLARE,3.57,4.61,20.08,-1.34,1.0,0.4,-11.2,-0.3,-596,0.13,0.257,0.058,0.00,,,,0,-49,0,,,,
320.90,FLARE,3.44,4.48,20.05,-1.22,1.5,0.4,-11.2,-0.3,-594,0.13,0.235,0.122,0.00,,,,0,-51,0,,,,
321.00,FLARE,3.33,4.36,20.01,-1.08,1.9,0.4,-11.2,-0.3,-593,0.13,0.216,0.250,0.00,,,,0,-52,0,,,,
321.10,FLARE,3.22,4.25,19.96,-0.97,2.2,0.4,-11.0,-0.3,-591,0.10,0.204,0.350,0.00,,,,0,-54,0,,,,
321.20,FLARE,3.13,4.16,19.90,-0.87,2.2,0.3,-10.8,-0.3,-589,0.08,0.200,0.350,0.00,,,,0,-56,0,,,,
321.30,FLARE,3.04,4.08,19.84,-0.80,2.2,0.1,-10.4,-0.3,-587,0.05,0.207,0.350,0.00,,,,0,-58,0,,,,
321.40,FLARE,2.97,4.00,19.77,-0.77,2.0,-0.0,-9.9,-0.3,-585,0.03,0.224,0.350,0.00,,,,0,-60,0,,,,
321.50,FLARE,2.89,3.92,19.70,-0.77,1.8,-0.2,-9.3,-0.3,-583,0.03,0.249,0.350,0.00,,,,0,-62,0,,,,
321.60,FLARE,2.81,3.84,19.63,-0.80,1.6,-0.3,-8.6,-0.3,-581,0.03,0.277,0.350,0.00,,,,0,-64,0,,,,
321.70,FLARE,2.73,3.76,19.57,-0.84,1.5,-0.4,-7.9,-0.3,-579,0.04,0.298,0.350,0.00,,,,0,-66,0,,,,
321.80,FLARE,2.64,3.68,19.51,-0.87,1.5,-0.4,-7.1,-0.3,-577,0.07,0.302,0.350,0.00,,,,0,-68,0,,,,
321.90,FLARE,2.56,3.59,19.46,-0.90,1.5,-0.5,-6.2,-0.3,-575,0.09,0.298,0.329,0.00,,,,0,-70,0,,,,
322.00,FLARE,2.47,3.50,19.42,-0.92,1.7,-0.5,-5.3,-0.3,-573,0.11,0.299,0.302,0.00,,,,0,-72,0,,,,
322.10,FLARE,2.37,3.41,19.38,-0.92,1.9,-0.6,-4.5,-0.3,-571,0.12,0.296,0.275,0.00,,,,0,-74,0,,,,
322.20,FLARE,2.28,3.31,19.34,-0.91,2.2,-0.6,-3.6,-0.3,-570,0.13,0.301,0.250,0.00,,,,0,-75,0,,,,
322.30,FLARE,2.19,3.22,19.30,-0.89,2.4,-0.6,-2.8,-0.3,-568,0.15,0.297,0.222,0.00,,,,0,-77,0,,,,
322.40,FLARE,2.10,3.13,19.26,-0.87,2.6,-0.5,-2.1,-0.3,-566,0.16,0.301,0.198,0.00,,,,0,-79,0,,,,
322.50,FLARE,2.02,3.05,19.22,-0.83,2.9,-0.5,-1.4,-0.3,-564,0.17,0.297,0.180,0.00,,,,0,-81,0,,,,
322.60,FLARE,1.93,2.97,19.18,-0.80,3.1,-0.3,-0.8,-0.4,-562,0.18,0.302,0.166,0.00,,,,0,-83,0,,,,
322.70,FLARE,1.86,2.89,19.14,-0.77,3.2,-0.2,-0.4,-0.4,-560,0.20,0.298,0.157,0.00,,,,0,-85,0,,,,
322.80,FLARE,1.78,2.81,19.11,-0.73,3.4,-0.0,0.0,-0.4,-558,0.22,0.295,0.153,0.00,,,,0,-87,0,,,,
322.90,FLARE,1.71,2.74,19.07,-0.70,3.5,0.2,0.3,-0.4,-556,0.22,0.300,0.154,0.00,,,,0,-89,0,,,,
323.00,FLARE,1.64,2.67,19.04,-0.68,3.6,0.4,0.4,-0.5,-555,0.24,0.297,0.158,0.00,,,,0,-90,0,,,,
323.10,FLARE,1.57,2.60,19.01,-0.65,3.7,0.6,0.5,-0.5,-553,0.25,0.302,0.165,0.00,,,,0,-92,1,,,,
323.20,FLARE,1.51,2.54,18.99,-0.63,3.8,0.7,0.5,-0.6,-551,0.27,0.298,0.176,0.00,,,,0,-94,1,,,,
323.30,FLARE,1.44,2.48,18.96,-0.60,3.9,0.9,0.3,-0.6,-549,0.28,0.300,0.188,0.00,,,,0,-96,1,,,,
323.40,FLARE,1.39,2.42,18.94,-0.58,3.9,1.1,0.2,-0.6,-547,0.28,0.301,0.203,0.00,,,,0,-98,1,,,,
323.50,FLARE,1.33,2.36,18.92,-0.55,4.0,1.2,-0.1,-0.7,-545,0.29,0.301,0.219,0.00,,,,0,-100,1,,,,
323.60,FLARE,1.27,2.31,18.90,-0.53,4.1,1.3,-0.3,-0.7,-543,0.30,0.298,0.235,0.00,,,,0,-102,1,,,,
323.70,FLARE,1.22,2.25,18.88,-0.50,4.2,1.4,-0.7,-0.8,-542,0.30,0.295,0.251,0.00,,,,0,-103,1,,,,
323.80,FLARE,1.17,2.21,18.86,-0.47,4.3,1.5,-1.0,-0.8,-540,0.30,0.292,0.267,0.00,,,,0,-105,1,,,,
323.90,FLARE,1.13,2.16,18.84,-0.44,4.4,1.5,-1.3,-0.9,-538,0.30,0.289,0.281,0.00,,,,0,-107,1,,,,
324.00,FLARE,1.08,2.12,18.81,-0.42,4.4,1.5,-1.6,-0.9,-536,0.30,0.286,0.292,0.00,,,,0,-109,1,,,,
324.10,FLARE,1.04,2.08,18.79,-0.39,4.4,1.5,-1.9,-0.9,-534,0.30,0.284,0.301,0.00,,,,0,-111,1,,,,
324.20,FLARE,1.00,2.04,18.76,-0.38,4.4,1.5,-2.1,-1.0,-532,0.30,0.284,0.308,0.00,,,,0,-113,1,,,,
324.30,FLARE,0.97,2.00,18.74,-0.36,4.4,1.5,-2.3,-1.0,-531,0.30,0.285,0.313,0.00,,,,0,-114,1,,,,
324.40,FLARE,0.93,1.96,18.72,-0.35,4.4,1.4,-2.5,-1.0,-529,0.30,0.287,0.315,0.00,,,,0,-116,1,,,,
324.50,FLARE,0.90,1.93,18.69,-0.35,4.3,1.3,-2.6,-1.0,-527,0.30,0.290,0.316,0.00,,,,0,-118,1,,,,
324.60,FLARE,0.86,1.89,18.67,-0.35,4.3,1.3,-2.7,-1.1,-525,0.30,0.293,0.315,0.00,,,,0,-120,1,,,,
324.70,FLARE,0.83,1.86,18.65,-0.36,4.2,1.2,-2.7,-1.1,-523,0.30,0.297,0.312,0.00,,,,0,-122,1,,,,
324.80,FLARE,0.79,1.82,18.63,-0.37,4.2,1.1,-2.7,-1.1,-521,0.30,0.296,0.308,0.00,,,,0,-124,1,,,,
324.90,FLARE,0.75,1.78,18.61,-0.37,4.2,1.1,-2.7,-1.1,-520,0.30,0.300,0.303,0.00,,,,0,-125,1,,,,
325.00,FLARE,0.71,1.75,18.59,-0.38,4.2,1.0,-2.6,-1.1,-518,0.30,0.300,0.298,0.00,,,,0,-127,1,,,,
325.10,FLARE,0.68,1.71,18.57,-0.39,4.2,0.9,-2.6,-1.2,-516,0.30,0.296,0.291,0.00,,,,0,-129,1,,,,
325.20,FLARE,0.64,1.67,18.55,-0.40,4.1,0.9,-2.4,-1.2,-514,0.30,0.300,0.285,0.00,,,,0,-131,1,,,,
325.30,FLARE,0.60,1.63,18.53,-0.41,4.1,0.8,-2.3,-1.2,-512,0.30,0.300,0.278,0.00,,,,0,-133,1,,,,
325.40,FLARE,0.56,1.59,18.51,-0.42,4.0,0.8,-2.2,-1.2,-511,0.30,0.297,0.271,0.00,,,,0,-134,1,,,,
325.50,FLARE,0.51,1.54,18.49,-0.44,4.0,0.8,-2.1,-1.2,-509,0.30,0.302,0.265,0.00,,,,0,-136,1,,,,
325.60,FLARE,0.47,1.50,18.48,-0.46,3.9,0.8,-1.9,-1.2,-507,0.30,0.297,0.260,0.00,,,,0,-138,1,,,,
325.70,FLARE,0.42,1.45,18.46,-0.48,3.8,0.8,-1.8,-1.2,-505,0.30,0.301,0.255,0.00,,,,0,-140,1,,,,
325.80,FLARE,0.37,1.41,18.45,-0.51,3.7,0.8,-1.7,-1.3,-503,0.30,0.301,0.251,0.00,,,,0,-142,1,,,,
325.90,FLARE,0.32,1.35,18.44,-0.53,3.5,0.8,-1.6,-1.3,-502,0.30,0.304,0.247,0.00,,,,0,-143,1,,,,
326.00,FLARE,0.27,1.30,18.43,-0.57,3.4,0.8,-1.5,-1.3,-500,0.30,0.301,0.245,0.00,,,,0,-145,1,,,,
326.10,FLARE,0.21,1.24,18.43,-0.60,3.2,0.8,-1.4,-1.3,-498,0.30,0.301,0.243,0.00,,,,0,-147,1,,,,
326.20,ROLLOUT,0.15,1.18,18.41,-0.66,3.0,0.9,2.0,-1.3,-496,0.00,0.281,0.221,0.00,,,,1,-149,1,,,,
326.30,ROLLOUT,0.09,1.12,18.33,-0.42,2.8,0.7,2.0,-1.3,-494,0.00,0.286,0.093,0.00,,,,2,-151,1,,,,
326.40,ROLLOUT,0.06,1.09,18.24,0.04,2.8,0.1,1.8,-1.3,-493,0.00,0.343,-0.030,0.00,,,,2,-152,1,,,,
326.50,ROLLOUT,0.07,1.11,18.16,0.26,3.4,-0.5,1.3,-1.3,-491,0.00,0.350,0.096,0.00,,,,2,-154,1,,,,
326.60,ROLLOUT,0.10,1.13,18.06,0.19,4.3,-0.7,0.6,-1.3,-489,0.00,0.350,0.224,0.00,,,,2,-156,1,,,,
326.70,ROLLOUT,0.11,1.15,17.96,0.05,5.1,-0.7,-0.2,-1.3,-487,0.00,0.350,0.339,0.00,,,,2,-158,1,,,,
326.80,ROLLOUT,0.12,1.15,17.87,-0.03,5.7,-0.5,-0.9,-1.3,-486,0.00,0.350,0.384,0.00,,,,2,-159,1,,,,
326.90,ROLLOUT,0.11,1.14,17.76,-0.09,6.1,-0.4,-1.5,-1.3,-484,0.00,0.350,0.410,0.00,,,,2,-161,1,,,,
327.00,ROLLOUT,0.10,1.13,17.66,-0.13,6.1,-0.3,-2.1,-1.2,-482,0.00,0.350,0.412,0.00,,,,2,-163,1,,,,
327.10,ROLLOUT,0.09,1.12,17.57,-0.10,6.0,-0.4,-2.6,-1.2,-480,0.00,0.350,0.414,0.00,,,,2,-165,1,,,,
327.20,ROLLOUT,0.08,1.11,17.48,0.01,5.7,-0.4,-3.2,-1.2,-479,0.00,0.350,0.441,0.00,,,,2,-166,1,,,,
327.30,ROLLOUT,0.09,1.12,17.39,0.06,5.5,-0.5,-3.8,-1.2,-477,0.00,0.350,0.480,0.00,,,,2,-168,1,,,,
327.40,ROLLOUT,0.09,1.12,17.30,0.04,5.4,-0.6,-4.4,-1.1,-475,0.00,0.350,0.527,0.00,,,,2,-170,1,,,,
327.50,ROLLOUT,0.09,1.13,17.21,-0.01,5.2,-0.6,-5.1,-1.1,-474,0.00,0.350,0.557,0.00,,,,2,-171,1,,,,
327.60,ROLLOUT,0.09,1.12,17.13,-0.03,5.1,-0.6,-5.6,-1.0,-472,0.00,0.350,0.577,0.00,,,,2,-173,1,,,,
327.70,ROLLOUT,0.09,1.12,17.05,-0.02,5.0,-0.7,-6.2,-0.9,-470,0.00,0.350,0.601,0.00,,,,2,-175,1,,,,
327.80,ROLLOUT,0.09,1.12,16.97,-0.00,5.0,-0.7,-6.8,-0.8,-469,0.00,0.350,0.628,0.00,,,,2,-176,1,,,,
327.90,ROLLOUT,0.09,1.12,16.89,-0.00,5.1,-0.8,-7.4,-0.7,-467,0.00,0.350,0.664,0.00,,,,2,-178,1,,,,
328.00,ROLLOUT,0.09,1.12,16.81,-0.01,5.3,-0.8,-8.0,-0.6,-465,0.00,0.350,0.694,0.00,,,,2,-180,1,,,,
328.10,ROLLOUT,0.09,1.12,16.73,-0.02,5.5,-0.8,-8.6,-0.5,-464,0.00,0.350,0.718,0.00,,,,2,-181,0,,,,
328.20,ROLLOUT,0.08,1.11,16.65,-0.02,5.7,-0.9,-9.2,-0.3,-462,0.00,0.350,0.739,0.00,,,,2,-183,0,,,,
328.30,ROLLOUT,0.08,1.11,16.57,-0.02,6.0,-0.9,-9.7,-0.2,-461,0.00,0.350,0.753,0.00,,,,2,-184,0,,,,
328.40,ROLLOUT,0.08,1.11,16.48,-0.02,6.2,-0.9,-10.2,-0.0,-459,0.00,0.350,0.768,0.00,,,,2,-186,0,,,,
328.50,ROLLOUT,0.08,1.11,16.40,-0.02,6.4,-0.9,-10.7,0.2,-458,0.00,0.350,0.778,0.00,,,,2,-187,-0,,,,
328.60,ROLLOUT,0.08,1.11,16.31,-0.02,6.6,-1.0,-11.2,0.3,-456,0.00,0.350,0.788,0.00,,,,2,-189,-0,,,,
328.70,ROLLOUT,0.07,1.11,16.22,-0.02,6.7,-1.0,-11.6,0.5,-455,0.00,0.350,0.797,0.00,,,,2,-190,-1,,,,
328.80,ROLLOUT,0.07,1.10,16.13,-0.02,6.8,-1.0,-11.9,0.7,-453,0.00,0.350,0.800,0.00,,,,2,-192,-1,,,,
328.90,ROLLOUT,0.07,1.10,16.04,-0.01,6.9,-1.1,-12.3,0.9,-452,0.00,0.350,0.802,0.00,,,,2,-193,-1,,,,
329.00,ROLLOUT,0.07,1.10,15.95,-0.01,6.9,-1.1,-12.5,1.1,-450,0.00,0.350,0.799,0.00,,,,2,-195,-1,,,,
329.10,ROLLOUT,0.07,1.10,15.86,-0.01,7.0,-1.2,-12.7,1.3,-449,0.00,0.350,0.793,0.00,,,,2,-196,-1,,,,
329.20,ROLLOUT,0.07,1.10,15.77,-0.01,7.0,-1.2,-12.9,1.5,-447,0.00,0.350,0.786,0.00,,,,2,-198,-2,,,,
329.30,ROLLOUT,0.07,1.10,15.67,-0.01,7.0,-1.3,-13.0,1.7,-446,0.00,0.350,0.774,0.00,,,,2,-199,-2,,,,
329.40,ROLLOUT,0.06,1.10,15.57,-0.02,7.1,-1.3,-13.1,1.9,-444,0.00,0.350,0.760,0.00,,,,2,-201,-2,,,,
329.50,ROLLOUT,0.06,1.09,15.47,-0.02,7.2,-1.3,-13.1,2.1,-443,0.00,0.350,0.741,0.00,,,,2,-202,-2,,,,
329.60,ROLLOUT,0.06,1.09,15.37,-0.02,7.3,-1.3,-13.0,2.3,-441,0.00,0.350,0.719,0.00,,,,2,-204,-2,,,,
329.70,ROLLOUT,0.06,1.09,15.26,-0.02,7.4,-1.3,-12.9,2.5,-440,0.00,0.350,0.677,0.00,,,,3,-205,-3,,,,
329.80,ROLLOUT,0.06,1.09,15.15,-0.02,7.5,-1.4,-12.8,2.7,-439,0.00,0.350,0.549,0.00,,,,3,-206,-3,,,,
329.90,ROLLOUT,0.05,1.09,15.03,-0.01,7.7,-1.4,-12.5,2.9,-437,0.00,0.350,0.497,0.00,,,,3,-208,-3,,,,
330.00,ROLLOUT,0.05,1.09,14.91,-0.00,7.7,-1.4,-12.2,3.0,-436,0.00,0.350,0.470,0.00,,,,3,-209,-3,,,,
330.10,ROLLOUT,0.05,1.09,14.79,-0.01,7.7,-1.4,-11.9,3.2,-434,0.00,0.350,0.471,0.00,,,,3,-211,-3,,,,
330.20,ROLLOUT,0.05,1.08,14.66,-0.02,7.7,-1.4,-11.5,3.3,-433,0.00,0.350,0.445,0.00,,,,3,-212,-3,,,,
330.30,ROLLOUT,0.05,1.08,14.53,-0.01,7.7,-1.4,-10.9,3.4,-432,0.00,0.350,0.409,0.00,,,,3,-213,-3,,,,
330.40,ROLLOUT,0.05,1.08,14.39,-0.01,7.7,-1.4,-10.4,3.5,-430,0.00,0.350,0.393,0.00,,,,3,-215,-4,,,,
330.50,ROLLOUT,0.05,1.08,14.25,-0.01,7.7,-1.4,-9.7,3.6,-429,0.00,0.350,0.351,0.00,,,,3,-216,-4,,,,
330.60,ROLLOUT,0.05,1.08,14.11,-0.01,7.7,-1.4,-8.9,3.6,-428,0.00,0.350,0.308,0.00,,,,3,-217,-4,,,,
330.70,ROLLOUT,0.05,1.08,13.96,-0.01,7.6,-1.4,-8.1,3.7,-426,0.00,0.350,0.268,0.00,,,,3,-219,-4,,,,
330.80,ROLLOUT,0.05,1.08,13.82,-0.01,7.6,-1.4,-7.3,3.7,-425,0.00,0.350,0.218,0.00,,,,3,-220,-4,,,,
330.90,ROLLOUT,0.04,1.08,13.67,-0.01,7.6,-1.4,-6.4,3.7,-424,0.00,0.350,0.178,0.00,,,,3,-221,-4,,,,
331.00,ROLLOUT,0.04,1.08,13.51,-0.01,7.6,-1.3,-5.5,3.7,-422,0.00,0.350,0.129,0.00,,,,3,-223,-4,,,,
331.10,ROLLOUT,0.04,1.07,13.37,-0.01,7.6,-1.2,-4.7,3.6,-421,0.00,0.350,0.094,0.00,,,,3,-224,-4,,,,
331.20,ROLLOUT,0.04,1.07,13.22,-0.01,7.6,-1.1,-3.9,3.6,-420,0.00,0.350,0.062,0.00,,,,3,-225,-4,,,,
331.30,ROLLOUT,0.04,1.07,13.08,-0.01,7.6,-1.0,-3.2,3.5,-418,0.00,0.350,0.029,0.00,,,,3,-227,-3,,,,
331.40,ROLLOUT,0.04,1.07,12.95,-0.01,7.6,-0.9,-2.6,3.4,-417,0.00,0.350,0.015,0.00,,,,3,-228,-3,,,,
331.50,ROLLOUT,0.04,1.07,12.83,-0.01,7.6,-0.8,-2.0,3.2,-416,0.00,0.350,-0.002,0.00,,,,3,-229,-3,,,,
331.60,ROLLOUT,0.04,1.07,12.72,-0.01,7.6,-0.7,-1.6,3.1,-415,0.00,0.350,-0.008,0.00,,,,3,-230,-3,,,,
331.70,ROLLOUT,0.04,1.07,12.62,-0.01,7.6,-0.6,-1.3,3.0,-413,0.00,0.350,-0.008,0.00,,,,3,-232,-3,,,,
331.80,ROLLOUT,0.04,1.07,12.53,-0.00,7.6,-0.5,-1.0,2.8,-412,0.00,0.350,-0.005,0.00,,,,3,-233,-3,,,,
331.90,ROLLOUT,0.04,1.07,12.45,-0.00,7.6,-0.5,-0.8,2.7,-411,0.00,0.350,0.003,0.00,,,,3,-234,-3,,,,
332.00,ROLLOUT,0.04,1.07,12.38,-0.00,7.6,-0.5,-0.7,2.5,-410,0.00,0.350,0.011,0.00,,,,3,-235,-3,,,,
332.10,ROLLOUT,0.04,1.07,12.32,-0.00,7.6,-0.5,-0.7,2.4,-409,0.00,0.350,0.021,0.00,,,,3,-236,-2,,,,
332.20,ROLLOUT,0.04,1.07,12.26,-0.00,7.5,-0.5,-0.7,2.2,-407,0.00,0.350,0.030,0.00,,,,3,-238,-2,,,,
332.30,ROLLOUT,0.04,1.07,12.21,-0.00,7.5,-0.5,-0.7,2.1,-406,0.00,0.350,0.038,0.00,,,,3,-239,-2,,,,
332.40,ROLLOUT,0.04,1.07,12.16,-0.00,7.5,-0.5,-0.7,2.0,-405,0.00,0.350,0.046,0.00,,,,3,-240,-2,,,,
332.50,ROLLOUT,0.04,1.07,12.10,-0.00,7.5,-0.6,-0.8,1.8,-404,0.00,0.350,0.052,0.00,,,,3,-241,-2,,,,
332.60,ROLLOUT,0.04,1.07,12.05,-0.00,7.5,-0.6,-0.8,1.7,-403,0.00,0.350,0.058,0.00,,,,3,-242,-2,,,,
332.70,ROLLOUT,0.03,1.07,12.00,-0.00,7.5,-0.7,-0.9,1.6,-401,0.00,0.350,0.062,0.00,,,,3,-244,-2,,,,
332.80,ROLLOUT,0.03,1.07,11.94,-0.00,7.5,-0.7,-0.9,1.5,-400,0.00,0.350,0.066,0.00,,,,3,-245,-2,,,,
332.90,ROLLOUT,0.03,1.07,11.88,-0.00,7.5,-0.7,-1.0,1.4,-399,0.00,0.350,0.069,0.00,,,,3,-246,-1,,,,
333.00,ROLLOUT,0.03,1.07,11.81,-0.01,7.5,-0.7,-1.1,1.3,-398,0.00,0.350,0.072,0.00,,,,3,-247,-1,,,,
333.10,ROLLOUT,0.03,1.07,11.75,-0.01,7.5,-0.7,-1.1,1.3,-397,0.00,0.350,0.073,0.00,,,,3,-248,-1,,,,
333.20,ROLLOUT,0.03,1.06,11.67,-0.01,7.5,-0.8,-1.1,1.2,-396,0.00,0.350,0.075,0.00,,,,3,-249,-1,,,,
333.30,ROLLOUT,0.03,1.06,11.60,-0.01,7.5,-0.8,-1.2,1.1,-395,0.00,0.350,0.076,0.00,,,,3,-250,-1,,,,
333.40,ROLLOUT,0.03,1.06,11.52,-0.01,7.5,-0.8,-1.2,1.1,-394,0.00,0.350,0.076,0.00,,,,3,-251,-1,,,,
333.50,ROLLOUT,0.03,1.06,11.43,-0.01,7.5,-0.8,-1.2,1.0,-392,0.00,0.350,0.076,0.00,,,,3,-253,-1,,,,
333.60,ROLLOUT,0.03,1.06,11.35,-0.01,7.5,-0.8,-1.2,1.0,-391,0.00,0.350,0.076,0.00,,,,3,-254,-1,,,,
333.70,ROLLOUT,0.03,1.06,11.25,-0.01,7.5,-0.8,-1.2,1.0,-390,0.00,0.350,0.075,0.00,,,,3,-255,-1,,,,
333.80,ROLLOUT,0.03,1.06,11.16,-0.01,7.5,-0.8,-1.3,0.9,-389,0.00,0.350,0.075,0.00,,,,3,-256,-1,,,,
333.90,ROLLOUT,0.03,1.06,11.06,-0.01,7.4,-0.8,-1.3,0.9,-388,0.00,0.350,0.074,0.00,,,,3,-257,-1,,,,
334.00,ROLLOUT,0.03,1.06,10.95,-0.01,7.4,-0.8,-1.3,0.9,-387,0.00,0.350,0.073,0.00,,,,3,-258,-1,,,,
334.10,ROLLOUT,0.03,1.06,10.84,-0.01,7.4,-0.8,-1.2,0.8,-386,0.00,0.350,0.072,0.00,,,,3,-259,-1,,,,
334.20,ROLLOUT,0.03,1.06,10.73,-0.01,7.4,-0.7,-1.2,0.8,-385,0.00,0.350,0.071,0.00,,,,3,-260,-1,,,,
334.30,ROLLOUT,0.02,1.06,10.61,-0.01,7.4,-0.7,-1.2,0.8,-384,0.00,0.350,0.070,0.00,,,,3,-261,-1,,,,
334.40,ROLLOUT,0.02,1.06,10.49,-0.01,7.4,-0.7,-1.2,0.8,-383,0.00,0.350,0.068,0.00,,,,3,-262,-1,,,,
334.50,ROLLOUT,0.02,1.06,10.37,-0.01,7.4,-0.7,-1.2,0.7,-382,0.00,0.350,0.066,0.00,,,,3,-263,-1,,,,
334.60,ROLLOUT,0.02,1.05,10.24,-0.01,7.4,-0.7,-1.2,0.7,-381,0.00,0.350,0.065,0.00,,,,3,-264,-1,,,,
334.70,ROLLOUT,0.02,1.05,10.11,-0.01,7.4,-0.7,-1.1,0.7,-380,0.00,0.350,0.063,0.00,,,,3,-265,-1,,,,
334.80,ROLLOUT,0.02,1.05,9.97,-0.01,7.4,-0.7,-1.1,0.7,-379,0.00,0.350,0.061,0.00,,,,3,-266,-1,,,,
334.90,ROLLOUT,0.02,1.05,9.83,-0.01,7.4,-0.7,-1.1,0.7,-378,0.00,0.350,0.059,0.00,,,,3,-267,-1,,,,
335.00,ROLLOUT,0.02,1.05,9.69,-0.01,7.3,-0.7,-1.1,0.7,-377,0.00,0.350,0.056,0.00,,,,3,-268,-1,,,,
335.10,ROLLOUT,0.02,1.05,9.55,-0.01,7.3,-0.7,-1.0,0.6,-377,0.00,0.350,0.054,0.00,,,,3,-268,-1,,,,
335.20,ROLLOUT,0.02,1.05,9.41,-0.01,7.3,-0.6,-1.0,0.6,-376,0.00,0.350,0.052,0.00,,,,3,-269,-1,,,,
335.30,ROLLOUT,0.02,1.05,9.27,-0.01,7.3,-0.6,-1.0,0.6,-375,0.00,0.350,0.049,0.00,,,,3,-270,-1,,,,
335.40,ROLLOUT,0.02,1.05,9.12,-0.01,7.3,-0.6,-0.9,0.6,-374,0.00,0.350,0.047,0.00,,,,3,-271,-1,,,,
335.50,ROLLOUT,0.02,1.05,8.98,-0.01,7.3,-0.6,-0.9,0.6,-373,0.00,0.350,0.045,0.00,,,,3,-272,-1,,,,
335.60,ROLLOUT,0.01,1.05,8.84,-0.01,7.3,-0.6,-0.9,0.6,-372,0.00,0.350,0.043,0.00,,,,3,-273,-1,,,,
335.70,ROLLOUT,0.01,1.05,8.70,-0.01,7.3,-0.6,-0.8,0.6,-372,0.00,0.350,0.041,0.00,,,,3,-273,-1,,,,
335.80,ROLLOUT,0.01,1.05,8.55,-0.01,7.3,-0.6,-0.8,0.5,-371,0.00,0.350,0.039,0.00,,,,3,-274,-1,,,,
335.90,ROLLOUT,0.01,1.04,8.41,-0.01,7.3,-0.6,-0.8,0.5,-370,0.00,0.350,0.038,0.00,,,,3,-275,-1,,,,
336.00,ROLLOUT,0.01,1.04,8.27,-0.01,7.3,-0.5,-0.7,0.5,-369,0.00,0.350,0.037,0.00,,,,3,-276,-1,,,,
336.10,ROLLOUT,0.01,1.04,8.13,-0.01,7.3,-0.5,-0.7,0.5,-369,0.00,0.350,0.035,0.00,,,,3,-276,-1,,,,
336.20,ROLLOUT,0.01,1.04,7.99,-0.01,7.3,-0.5,-0.7,0.5,-368,0.00,0.350,0.034,0.00,,,,3,-277,-1,,,,
336.30,ROLLOUT,0.01,1.04,7.85,-0.01,7.3,-0.5,-0.7,0.5,-367,0.00,0.350,0.033,0.00,,,,3,-278,-0,,,,
336.40,ROLLOUT,0.01,1.04,7.71,-0.01,7.2,-0.5,-0.6,0.5,-367,0.00,0.350,0.032,0.00,,,,3,-278,-0,,,,
336.50,ROLLOUT,0.01,1.04,7.57,-0.01,7.2,-0.5,-0.6,0.5,-366,0.00,0.350,0.031,0.00,,,,3,-279,-0,,,,
336.60,ROLLOUT,0.01,1.04,7.43,-0.01,7.2,-0.5,-0.6,0.5,-365,0.00,0.350,0.030,0.00,,,,3,-280,-0,,,,
336.70,ROLLOUT,0.01,1.04,7.29,-0.01,7.2,-0.5,-0.6,0.5,-365,0.00,0.350,0.029,0.00,,,,3,-280,-0,,,,
336.80,ROLLOUT,0.01,1.04,7.15,-0.01,7.2,-0.4,-0.6,0.4,-364,0.00,0.350,0.028,0.00,,,,3,-281,-0,,,,
336.90,ROLLOUT,0.01,1.04,7.01,-0.01,7.2,-0.4,-0.5,0.4,-363,0.00,0.350,0.027,0.00,,,,3,-282,-0,,,,
337.00,ROLLOUT,0.01,1.04,6.88,-0.01,7.2,-0.4,-0.5,0.4,-363,0.00,0.350,0.026,0.00,,,,3,-282,-0,,,,
337.10,ROLLOUT,0.00,1.04,6.74,-0.01,7.2,-0.4,-0.5,0.4,-362,0.00,0.350,0.026,0.00,,,,3,-283,-0,,,,
337.20,ROLLOUT,0.00,1.04,6.61,-0.01,7.2,-0.4,-0.5,0.4,-362,0.00,0.350,0.025,0.00,,,,3,-283,-0,,,,
337.30,ROLLOUT,0.00,1.04,6.47,-0.01,7.2,-0.4,-0.5,0.4,-361,0.00,0.350,0.024,0.00,,,,3,-284,-0,,,,
337.40,ROLLOUT,0.00,1.04,6.34,-0.00,7.2,-0.4,-0.5,0.4,-361,0.00,0.350,0.023,0.00,,,,3,-284,-0,,,,
337.50,ROLLOUT,0.00,1.04,6.21,-0.00,7.2,-0.3,-0.4,0.4,-360,0.00,0.350,0.023,0.00,,,,3,-285,-0,,,,
337.60,ROLLOUT,0.00,1.03,6.08,-0.00,7.2,-0.3,-0.4,0.4,-360,0.00,0.350,0.022,0.00,,,,3,-285,-0,,,,
337.70,ROLLOUT,0.00,1.03,5.95,-0.00,7.2,-0.3,-0.4,0.4,-359,0.00,0.350,0.021,0.00,,,,3,-286,-0,,,,
337.80,ROLLOUT,0.00,1.03,5.83,-0.00,7.2,-0.3,-0.4,0.4,-359,0.00,0.350,0.021,0.00,,,,3,-286,-0,,,,
337.90,ROLLOUT,0.00,1.03,5.71,-0.00,7.2,-0.3,-0.4,0.4,-358,0.00,0.350,0.020,0.00,,,,3,-287,-0,,,,
338.00,ROLLOUT,0.00,1.03,5.58,-0.00,7.2,-0.3,-0.4,0.4,-358,0.00,0.350,0.020,0.00,,,,3,-287,-0,,,,
338.10,ROLLOUT,0.00,1.03,5.46,-0.00,7.2,-0.3,-0.4,0.4,-358,0.00,0.350,0.019,0.00,,,,3,-287,-0,,,,
338.20,ROLLOUT,-0.00,1.03,5.35,-0.00,7.2,-0.3,-0.4,0.4,-357,0.00,0.350,0.018,0.00,,,,3,-288,-0,,,,
338.30,ROLLOUT,-0.00,1.03,5.23,-0.00,7.1,-0.3,-0.3,0.4,-357,0.00,0.350,0.018,0.00,,,,3,-288,-0,,,,
338.40,ROLLOUT,-0.00,1.03,5.13,-0.00,7.1,-0.2,-0.3,0.4,-357,0.00,0.350,0.018,0.00,,,,3,-288,-0,,,,
338.50,ROLLOUT,-0.00,1.03,5.03,0.00,7.1,-0.2,-0.3,0.3,-356,0.00,0.350,0.017,0.00,,,,3,-289,-0,,,,
338.60,ROLLOUT,-0.00,1.03,4.94,0.00,7.2,-0.2,-0.3,0.3,-356,0.00,0.350,0.016,0.00,,,,3,-289,-0,,,,
338.70,ROLLOUT,-0.00,1.03,4.85,0.00,7.2,-0.2,-0.3,0.3,-356,0.00,0.350,0.016,0.00,,,,3,-289,-0,,,,
338.80,ROLLOUT,-0.00,1.03,4.78,0.00,7.2,-0.2,-0.3,0.3,-355,0.00,0.350,0.015,0.00,,,,3,-290,-0,,,,
338.90,ROLLOUT,-0.00,1.03,4.71,-0.00,7.2,-0.2,-0.3,0.3,-355,0.00,0.350,0.015,0.00,,,,3,-290,-0,,,,
339.00,ROLLOUT,-0.00,1.03,4.65,-0.00,7.2,-0.2,-0.3,0.3,-355,0.00,0.350,0.014,0.00,,,,3,-290,-0,,,,
339.10,ROLLOUT,-0.00,1.03,4.59,0.00,7.2,-0.2,-0.3,0.3,-355,0.00,0.350,0.014,0.00,,,,3,-290,-0,,,,
339.20,ROLLOUT,-0.00,1.03,4.54,0.00,7.2,-0.2,-0.3,0.3,-354,0.00,0.350,0.014,0.00,,,,3,-291,-0,,,,
339.30,ROLLOUT,-0.00,1.03,4.49,0.00,7.2,-0.2,-0.3,0.3,-354,0.00,0.350,0.013,0.00,,,,3,-291,-0,,,,
339.40,ROLLOUT,-0.00,1.03,4.45,0.00,7.2,-0.1,-0.2,0.3,-354,0.00,0.350,0.013,0.00,,,,3,-291,-0,,,,
339.50,ROLLOUT,-0.00,1.03,4.41,0.00,7.2,-0.1,-0.2,0.3,-354,0.00,0.350,0.013,0.00,,,,3,-291,-0,,,,
339.60,ROLLOUT,-0.00,1.03,4.37,0.00,7.2,-0.1,-0.2,0.3,-353,0.00,0.350,0.012,0.00,,,,3,-292,-0,,,,
339.70,ROLLOUT,-0.00,1.03,4.34,0.00,7.2,-0.1,-0.2,0.3,-353,0.00,0.350,0.012,0.00,,,,3,-292,-0,,,,
339.80,ROLLOUT,-0.00,1.03,4.31,0.00,7.2,-0.1,-0.2,0.3,-353,0.00,0.350,0.012,0.00,,,,3,-292,-0,,,,
339.90,ROLLOUT,-0.00,1.03,4.28,0.00,7.2,-0.1,-0.2,0.3,-353,0.00,0.350,0.011,0.00,,,,3,-292,-0,,,,
340.00,ROLLOUT,-0.00,1.03,4.26,0.00,7.2,-0.1,-0.2,0.3,-353,0.00,0.350,0.011,0.00,,,,3,-292,-0,,,,
340.10,ROLLOUT,-0.00,1.03,4.24,0.00,7.2,-0.1,-0.2,0.3,-353,0.00,0.350,0.011,0.00,,,,3,-292,-0,,,,
340.20,ROLLOUT,-0.00,1.03,4.22,0.00,7.2,-0.1,-0.2,0.3,-352,0.00,0.350,0.011,0.00,,,,3,-293,-0,,,,
340.30,ROLLOUT,-0.00,1.03,4.20,0.00,7.2,-0.1,-0.2,0.3,-352,0.00,0.350,0.011,0.00,,,,3,-293,-0,,,,
340.40,ROLLOUT,-0.00,1.03,4.18,0.00,7.2,-0.1,-0.2,0.3,-352,0.00,0.350,0.010,0.00,,,,3,-293,-0,,,,
340.50,ROLLOUT,-0.00,1.03,4.17,-0.00,7.2,-0.1,-0.2,0.3,-352,0.00,0.350,0.010,0.00,,,,3,-293,-0,,,,
340.60,ROLLOUT,-0.00,1.03,4.15,-0.00,7.2,-0.1,-0.2,0.3,-352,0.00,0.350,0.010,0.00,,,,3,-293,-0,,,,
340.70,ROLLOUT,-0.00,1.03,4.13,-0.00,7.2,-0.1,-0.2,0.3,-352,0.00,0.350,0.010,0.00,,,,3,-293,-0,,,,
340.80,ROLLOUT,-0.00,1.03,4.12,-0.00,7.2,-0.1,-0.2,0.3,-352,0.00,0.350,0.010,0.00,,,,3,-293,-0,,,,
340.90,ROLLOUT,-0.00,1.03,4.11,-0.00,7.2,-0.1,-0.2,0.3,-351,0.00,0.350,0.010,0.00,,,,3,-294,-0,,,,
341.00,ROLLOUT,-0.00,1.03,4.09,-0.00,7.2,-0.1,-0.2,0.3,-351,0.00,0.350,0.009,0.00,,,,3,-294,-0,,,,
341.10,ROLLOUT,-0.00,1.03,4.08,-0.00,7.2,-0.1,-0.2,0.3,-351,0.00,0.350,0.009,0.00,,,,3,-294,-0,,,,
341.20,ROLLOUT,-0.00,1.03,4.07,-0.00,7.2,-0.1,-0.2,0.3,-351,0.00,0.350,0.009,0.00,,,,3,-294,-0,,,,
341.30,ROLLOUT,-0.00,1.03,4.05,-0.00,7.2,-0.1,-0.2,0.3,-351,0.00,0.350,0.009,0.00,,,,3,-294,-0,,,,
341.40,ROLLOUT,-0.00,1.03,4.04,-0.00,7.2,-0.1,-0.2,0.3,-351,0.00,0.350,0.009,0.00,,,,3,-294,-0,,,,
341.50,ROLLOUT,-0.00,1.03,4.03,-0.00,7.2,-0.1,-0.2,0.3,-351,0.00,0.350,0.009,0.00,,,,3,-294,-0,,,,
341.60,ROLLOUT,-0.00,1.03,4.02,-0.00,7.2,-0.1,-0.2,0.3,-351,0.00,0.350,0.009,0.00,,,,3,-294,-0,,,,
341.70,ROLLOUT,-0.00,1.03,4.01,-0.00,7.2,-0.1,-0.2,0.3,-351,0.00,0.350,0.009,0.00,,,,3,-294,-0,,,,
341.80,ROLLOUT,-0.00,1.03,4.00,-0.00,7.2,-0.1,-0.2,0.3,-351,0.00,0.350,0.009,0.00,,,,3,-294,-0,,,,
341.90,ROLLOUT,-0.00,1.03,3.99,-0.00,7.2,-0.1,-0.2,0.3,-350,0.00,0.350,0.009,0.00,,,,3,-295,-0,,,,
342.00,ROLLOUT,-0.00,1.03,3.98,-0.00,7.2,-0.1,-0.2,0.3,-350,0.00,0.350,0.008,0.00,,,,3,-295,-0,,,,
342.10,ROLLOUT,-0.00,1.03,3.98,-0.00,7.2,-0.1,-0.1,0.3,-350,0.00,0.350,0.008,0.00,,,,3,-295,-0,,,,
342.20,ROLLOUT,-0.00,1.03,3.97,-0.00,7.2,-0.1,-0.1,0.3,-350,0.00,0.350,0.008,0.00,,,,3,-295,-0,,,,
342.30,ROLLOUT,-0.00,1.03,3.96,-0.00,7.2,-0.1,-0.1,0.3,-350,0.00,0.350,0.008,0.00,,,,3,-295,-0,,,,
342.40,ROLLOUT,-0.00,1.03,3.96,-0.00,7.2,-0.1,-0.1,0.3,-350,0.00,0.350,0.008,0.00,,,,3,-295,-0,,,,
342.50,ROLLOUT,-0.00,1.03,3.95,-0.00,7.2,-0.1,-0.1,0.3,-350,0.00,0.350,0.008,0.00,,,,3,-295,-0,,,,