t,phase,agl,aglT,V,vs,pitch,bank,e,xt,s,thr,de,dr,flap,offtrack,above,rem,onG,x,z,hdotC,Vc,wK,thC
0.00,ROLL,0.00,1.03,3.15,-0.00,7.2,-0.0,-0.9,0.0,396,0.00,0.009,0.021,0.00,,,,3,1,0,,,,
0.10,ROLL,-0.00,1.03,3.15,-0.00,7.2,-0.0,-0.9,0.0,396,0.00,0.010,0.119,0.02,,,,3,1,0,,,,
0.20,ROLL,-0.00,1.03,3.15,-0.00,7.2,-0.0,-0.9,0.0,396,0.00,0.010,0.083,0.03,,,,3,1,0,,,,
0.30,ROLL,-0.00,1.03,3.15,0.00,7.2,-0.0,-0.9,0.0,396,0.00,0.010,0.067,0.04,,,,3,1,0,,,,
0.40,ROLL,-0.00,1.03,3.15,0.00,7.2,-0.0,-0.9,0.0,396,0.00,0.010,0.061,0.06,,,,3,1,0,,,,
0.50,ROLL,-0.00,1.03,3.15,0.03,7.2,-0.0,-0.9,0.0,396,1.00,0.010,0.058,0.07,,,,3,1,0,,,,
0.60,ROLL,0.01,1.04,3.15,0.09,7.2,-0.0,-1.0,0.0,396,1.00,0.009,0.064,0.09,,,,3,1,0,,,,
0.70,ROLL,0.01,1.05,3.18,0.04,7.3,-0.1,-1.0,0.0,396,1.00,-0.002,0.065,0.10,,,,3,1,0,,,,
0.80,ROLL,0.02,1.05,3.22,-0.02,7.4,-0.2,-1.0,0.0,396,1.00,-0.000,0.067,0.11,,,,3,1,0,,,,
0.90,ROLL,0.01,1.05,3.26,-0.03,7.3,-0.3,-1.1,0.0,396,1.00,0.011,0.067,0.13,,,,3,1,0,,,,
1.00,ROLL,0.01,1.04,3.31,0.00,7.3,-0.4,-1.0,0.0,396,1.00,0.012,0.058,0.14,,,,3,1,0,,,,
1.10,ROLL,0.01,1.04,3.38,0.02,7.3,-0.4,-1.0,0.0,395,1.00,0.009,0.057,0.16,,,,3,0,0,,,,
1.20,ROLL,0.01,1.05,3.46,0.02,7.3,-0.5,-1.0,0.0,395,1.00,0.006,0.060,0.17,,,,3,0,0,,,,
1.30,ROLL,0.02,1.05,3.54,0.01,7.3,-0.5,-1.1,0.0,395,1.00,0.005,0.064,0.18,,,,3,0,0,,,,
1.40,ROLL,0.02,1.05,3.64,-0.00,7.3,-0.4,-1.1,-0.0,395,1.00,0.007,0.069,0.20,,,,3,-0,-0,,,,
1.50,ROLL,0.02,1.05,3.73,-0.00,7.3,-0.4,-1.1,-0.0,395,1.00,0.009,0.070,0.21,,,,3,-0,-0,,,,
1.60,ROLL,0.02,1.05,3.84,0.01,7.3,-0.3,-1.1,-0.0,395,1.00,0.009,0.070,0.23,,,,3,-0,-0,,,,
1.70,ROLL,0.02,1.05,3.95,0.01,7.3,-0.3,-1.1,-0.0,394,1.00,0.008,0.070,0.24,,,,3,-1,-0,,,,
1.80,ROLL,0.02,1.05,4.06,0.01,7.3,-0.2,-1.2,-0.0,394,1.00,0.007,0.071,0.25,,,,3,-1,-0,,,,
1.90,ROLL,0.02,1.05,4.18,0.00,7.4,-0.2,-1.2,-0.0,394,1.00,0.007,0.074,0.25,,,,3,-1,-0,,,,
2.00,ROLL,0.02,1.05,4.30,0.00,7.4,-0.1,-1.2,-0.0,394,1.00,0.007,0.076,0.25,,,,3,-1,-0,,,,
2.10,ROLL,0.02,1.05,4.43,0.00,7.4,-0.2,-1.3,-0.0,393,1.00,0.008,0.079,0.25,,,,3,-2,-0,,,,
2.20,ROLL,0.02,1.05,4.56,0.01,7.4,-0.2,-1.3,-0.0,393,1.00,0.008,0.081,0.25,,,,3,-2,-0,,,,
2.30,ROLL,0.02,1.05,4.69,0.01,7.4,-0.2,-1.3,-0.0,393,1.00,0.007,0.083,0.25,,,,3,-2,-0,,,,
2.40,ROLL,0.02,1.05,4.83,0.01,7.4,-0.2,-1.3,-0.1,392,1.00,0.007,0.085,0.25,,,,3,-3,-0,,,,
2.50,ROLL,0.02,1.05,4.97,0.01,7.4,-0.2,-1.4,-0.1,392,1.00,0.007,0.087,0.25,,,,3,-3,-0,,,,
2.60,ROLL,0.02,1.05,5.11,0.01,7.4,-0.3,-1.4,-0.1,392,1.00,0.007,0.089,0.25,,,,3,-3,-0,,,,
2.70,ROLL,0.02,1.05,5.25,0.01,7.4,-0.3,-1.4,-0.1,391,1.00,0.007,0.091,0.25,,,,3,-4,-0,,,,
2.80,ROLL,0.02,1.05,5.40,0.01,7.4,-0.2,-1.5,-0.1,391,1.00,0.007,0.093,0.25,,,,3,-4,-0,,,,
2.90,ROLL,0.02,1.06,5.54,0.01,7.4,-0.2,-1.5,-0.1,390,1.00,0.007,0.095,0.25,,,,3,-5,-0,,,,
3.00,ROLL,0.02,1.06,5.69,0.01,7.4,-0.2,-1.6,-0.1,390,1.00,0.007,0.097,0.25,,,,3,-5,-0,,,,
3.10,ROLL,0.02,1.06,5.84,0.01,7.4,-0.2,-1.6,-0.1,389,1.00,0.007,0.099,0.25,,,,3,-6,-0,,,,
3.20,ROLL,0.02,1.06,5.99,0.01,7.4,-0.2,-1.6,-0.1,389,1.00,0.006,0.101,0.25,,,,3,-6,-0,,,,
3.30,ROLL,0.03,1.06,6.14,0.01,7.4,-0.2,-1.7,-0.1,388,1.00,0.006,0.103,0.25,,,,3,-7,-0,,,,
3.40,ROLL,0.03,1.06,6.29,0.01,7.4,-0.2,-1.7,-0.1,388,1.00,0.006,0.105,0.25,,,,3,-7,-0,,,,
3.50,ROLL,0.03,1.06,6.44,0.01,7.4,-0.2,-1.7,-0.2,387,1.00,0.006,0.107,0.25,,,,3,-8,-0,,,,
3.60,ROLL,0.03,1.06,6.59,0.01,7.4,-0.2,-1.8,-0.2,387,1.00,0.006,0.109,0.25,,,,3,-8,-0,,,,
3.70,ROLL,0.03,1.06,6.74,0.01,7.4,-0.1,-1.8,-0.2,386,1.00,0.006,0.111,0.25,,,,3,-9,-0,,,,
3.80,ROLL,0.03,1.06,6.89,0.01,7.4,-0.1,-1.8,-0.2,386,1.00,0.006,0.113,0.25,,,,3,-9,-0,,,,
3.90,ROLL,0.03,1.06,7.04,0.01,7.5,-0.1,-1.9,-0.2,385,1.00,0.006,0.115,0.25,,,,3,-10,-0,,,,
4.00,ROLL,0.03,1.06,7.20,0.01,7.5,-0.1,-1.9,-0.2,384,1.00,0.006,0.118,0.25,,,,3,-11,-0,,,,
4.10,ROLL,0.03,1.06,7.35,0.01,7.5,-0.1,-1.9,-0.2,384,1.00,0.005,0.121,0.25,,,,3,-11,-0,,,,
4.20,ROLL,0.03,1.06,7.50,0.01,7.5,-0.1,-2.0,-0.2,383,1.00,0.005,0.123,0.25,,,,3,-12,-0,,,,
4.30,ROLL,0.03,1.06,7.65,0.01,7.5,-0.1,-2.0,-0.3,382,1.00,0.005,0.126,0.25,,,,3,-13,-0,,,,
4.40,ROLL,0.03,1.07,7.80,0.01,7.5,-0.1,-2.1,-0.3,382,1.00,0.005,0.129,0.25,,,,3,-13,-0,,,,
4.50,ROLL,0.03,1.07,7.96,0.01,7.5,-0.1,-2.1,-0.3,381,1.00,0.005,0.133,0.25,,,,3,-14,-0,,,,
4.60,ROLL,0.03,1.07,8.11,0.01,7.5,-0.1,-2.2,-0.3,380,1.00,0.005,0.136,0.25,,,,3,-15,-0,,,,
4.70,ROLL,0.04,1.07,8.26,0.01,7.5,-0.0,-2.2,-0.3,379,1.00,0.005,0.140,0.25,,,,3,-16,-0,,,,
4.80,ROLL,0.04,1.07,8.41,0.01,7.5,-0.0,-2.3,-0.3,379,1.00,0.005,0.145,0.25,,,,3,-16,-0,,,,
4.90,ROLL,0.04,1.07,8.56,0.01,7.5,-0.0,-2.4,-0.4,378,1.00,0.005,0.149,0.25,,,,3,-17,-0,,,,
5.00,ROLL,0.04,1.07,8.71,0.01,7.5,0.0,-2.4,-0.4,377,1.00,0.004,0.155,0.25,,,,3,-18,-0,,,,
5.10,ROLL,0.04,1.07,8.86,0.01,7.5,0.0,-2.5,-0.4,376,1.00,0.004,0.160,0.25,,,,3,-19,-0,,,,
5.20,ROLL,0.04,1.07,9.01,0.01,7.5,0.0,-2.6,-0.4,375,1.00,0.004,0.167,0.25,,,,3,-20,-0,,,,
5.30,ROLL,0.04,1.07,9.15,0.01,7.5,0.1,-2.7,-0.4,375,1.00,0.004,0.174,0.25,,,,3,-20,-0,,,,
5.40,ROLL,0.04,1.07,9.30,0.01,7.6,0.1,-2.8,-0.4,374,1.00,0.004,0.182,0.25,,,,3,-21,-0,,,,
5.50,ROLL,0.04,1.07,9.45,0.01,7.6,0.1,-2.9,-0.5,373,1.00,0.005,0.189,0.25,,,,3,-22,-0,,,,
5.60,ROLL,0.04,1.08,9.60,0.01,7.5,0.1,-3.0,-0.5,372,1.00,0.007,0.195,0.25,,,,3,-23,-0,,,,
5.70,ROLL,0.04,1.08,9.74,0.01,7.5,0.2,-3.1,-0.5,371,1.00,0.012,0.200,0.25,,,,3,-24,-1,,,,
5.80,ROLL,0.05,1.08,9.89,0.01,7.4,0.2,-3.2,-0.5,370,1.00,0.018,0.203,0.25,,,,3,-25,-1,,,,
5.90,ROLL,0.05,1.08,10.04,0.02,7.3,0.2,-3.2,-0.6,369,1.00,0.024,0.205,0.25,,,,3,-26,-1,,,,
6.00,ROLL,0.05,1.08,10.18,0.02,7.2,0.2,-3.3,-0.6,368,1.00,0.029,0.269,0.25,,,,2,-27,-1,,,,
6.10,ROLL,0.05,1.08,10.33,0.02,7.1,0.1,-3.3,-0.6,367,1.00,0.034,0.397,0.25,,,,2,-28,-1,,,,
6.20,ROLL,0.05,1.08,10.47,0.02,7.0,0.1,-3.1,-0.6,366,1.00,0.037,0.323,0.25,,,,2,-29,-1,,,,
6.30,ROLL,0.05,1.09,10.61,0.02,6.9,0.1,-2.8,-0.7,365,1.00,0.039,0.214,0.25,,,,2,-30,-1,,,,
6.40,ROLL,0.06,1.09,10.74,0.02,6.7,0.0,-2.4,-0.7,364,1.00,0.043,0.119,0.25,,,,2,-31,-1,,,,
6.50,ROLL,0.06,1.09,10.86,0.02,6.6,-0.0,-2.1,-0.7,363,1.00,0.048,0.090,0.25,,,,2,-32,-1,,,,
6.60,ROLL,0.06,1.09,10.99,0.02,6.4,-0.1,-1.9,-0.7,362,1.00,0.053,0.071,0.25,,,,2,-33,-1,,,,
6.70,ROLL,0.06,1.09,11.12,0.02,6.3,-0.1,-1.7,-0.7,361,1.00,0.057,0.089,0.25,,,,2,-34,-1,,,,
6.80,ROLL,0.06,1.09,11.25,0.02,6.1,-0.0,-1.7,-0.8,360,1.00,0.059,0.119,0.25,,,,2,-35,-1,,,,
6.90,ROLL,0.06,1.10,11.39,0.02,6.0,0.0,-1.7,-0.7,359,1.00,0.061,0.142,0.25,,,,2,-36,-1,,,,
7.00,ROLL,0.07,1.10,11.53,0.02,5.9,0.1,-1.7,-0.7,358,1.00,0.061,0.165,0.25,,,,2,-37,-1,,,,
7.10,ROLL,0.07,1.10,11.67,0.02,5.8,0.2,-1.7,-0.7,357,1.00,0.062,0.171,0.25,,,,2,-38,-1,,,,
7.20,ROLL,0.07,1.10,11.82,0.02,5.7,0.3,-1.8,-0.7,356,1.00,0.063,0.181,0.25,,,,2,-39,-1,,,,
7.30,ROLL,0.07,1.10,11.96,0.02,5.5,0.3,-1.8,-0.7,354,1.00,0.064,0.179,0.25,,,,2,-41,-1,,,,
7.40,ROLL,0.07,1.10,12.11,0.02,5.4,0.3,-1.8,-0.7,353,1.00,0.066,0.179,0.25,,,,2,-42,-1,,,,
7.50,ROLL,0.07,1.11,12.25,0.02,5.3,0.3,-1.9,-0.7,352,1.00,0.068,0.182,0.25,,,,2,-43,-1,,,,
7.60,ROLL,0.07,1.11,12.40,0.02,5.2,0.3,-1.9,-0.7,351,1.00,0.071,0.179,0.25,,,,2,-44,-1,,,,
7.70,ROLL,0.08,1.11,12.54,0.02,5.1,0.3,-1.9,-0.7,350,1.00,0.073,0.183,0.25,,,,2,-45,-1,,,,
7.80,ROLL,0.08,1.11,12.69,0.02,5.0,0.3,-2.0,-0.7,349,1.00,0.076,0.182,0.25,,,,2,-46,-1,,,,
7.90,ROLL,0.08,1.11,12.84,0.02,4.9,0.3,-2.0,-0.7,347,1.00,0.078,0.184,0.25,,,,2,-48,-1,,,,
8.00,ROLL,0.08,1.11,12.98,0.01,4.8,0.3,-2.1,-0.7,346,1.00,0.080,0.184,0.25,,,,2,-49,-1,,,,
8.10,ROLL,0.08,1.11,13.13,0.01,4.7,0.3,-2.1,-0.7,345,1.00,0.082,0.183,0.25,,,,2,-50,-1,,,,
8.20,ROLL,0.08,1.12,13.27,0.01,4.6,0.3,-2.2,-0.7,343,1.00,0.084,0.184,0.25,,,,2,-52,-1,,,,
8.30,ROLL,0.09,1.12,13.42,0.01,4.5,0.4,-2.2,-0.7,342,1.00,0.085,0.183,0.25,,,,2,-53,-1,,,,
8.40,ROLL,0.09,1.12,13.56,0.01,4.4,0.4,-2.3,-0.7,341,1.00,0.087,0.183,0.25,,,,2,-54,-1,,,,
8.50,ROLL,0.09,1.12,13.71,0.01,4.3,0.4,-2.3,-0.7,340,1.00,0.089,0.183,0.25,,,,2,-55,-1,,,,
8.60,ROLL,0.09,1.12,13.85,0.01,4.2,0.4,-2.3,-0.7,338,1.00,0.091,0.183,0.25,,,,2,-57,-1,,,,
8.70,ROLL,0.09,1.12,13.99,0.01,4.1,0.4,-2.4,-0.7,337,1.00,0.092,0.183,0.25,,,,2,-58,-1,,,,
8.80,ROLL,0.09,1.12,14.14,0.01,4.0,0.4,-2.4,-0.7,335,1.00,0.094,0.182,0.25,,,,2,-60,-1,,,,
8.90,ROLL,0.09,1.13,14.28,0.01,3.9,0.4,-2.5,-0.7,334,1.00,0.096,0.183,0.25,,,,2,-61,-1,,,,
9.00,ROLL,0.10,1.13,14.42,0.01,3.8,0.4,-2.5,-0.7,333,1.00,0.097,0.182,0.25,,,,2,-62,-1,,,,
9.10,ROLL,0.10,1.13,14.56,0.01,3.8,0.4,-2.6,-0.7,331,1.00,0.099,0.182,0.25,,,,2,-64,-1,,,,
9.20,ROLL,0.10,1.13,14.70,0.01,3.7,0.4,-2.6,-0.7,330,1.00,0.100,0.182,0.25,,,,2,-65,-1,,,,
9.30,ROLL,0.10,1.13,14.84,0.01,3.6,0.4,-2.7,-0.7,328,1.00,0.102,0.181,0.25,,,,2,-67,-1,,,,
9.40,ROLL,0.10,1.13,14.98,0.01,3.5,0.4,-2.7,-0.7,327,1.00,0.103,0.181,0.25,,,,2,-68,-1,,,,
9.50,ROLL,0.10,1.13,15.12,0.01,3.4,0.4,-2.7,-0.7,326,1.00,0.105,0.181,0.25,,,,2,-69,-1,,,,
9.60,ROLL,0.10,1.14,15.26,0.01,3.4,0.4,-2.8,-0.7,324,1.00,0.106,0.181,0.25,,,,2,-71,-1,,,,
9.70,ROLL,0.10,1.14,15.40,0.01,3.3,0.4,-2.8,-0.7,323,1.00,0.108,0.180,0.25,,,,2,-72,-1,,,,
9.80,ROLL,0.11,1.14,15.54,0.01,3.2,0.5,-2.9,-0.8,321,1.00,0.109,0.180,0.25,,,,2,-74,-1,,,,
9.90,ROLL,0.11,1.14,15.67,0.01,3.2,0.5,-2.9,-0.8,319,1.00,0.111,0.180,0.25,,,,2,-76,-1,,,,
10.00,ROLL,0.11,1.14,15.81,0.01,3.1,0.5,-3.0,-0.8,318,1.00,0.112,0.180,0.25,,,,2,-77,-1,,,,
10.10,ROLL,0.11,1.14,15.95,0.01,3.0,0.5,-3.0,-0.8,316,1.00,0.145,0.180,0.25,,,,2,-79,-1,,,,
10.20,ROLL,0.11,1.14,16.08,-0.00,3.0,0.5,-3.1,-0.8,315,1.00,0.172,0.180,0.25,,,,2,-80,-1,,,,
10.30,ROLL,0.11,1.14,16.21,0.00,3.2,0.5,-3.1,-0.8,313,1.00,0.162,0.180,0.25,,,,2,-82,-1,,,,
10.40,ROLL,0.11,1.14,16.34,0.01,3.4,0.5,-3.2,-0.8,312,1.00,0.155,0.180,0.25,,,,2,-83,-1,,,,
10.50,ROLL,0.11,1.14,16.47,0.02,3.6,0.5,-3.2,-0.9,310,1.00,0.157,0.181,0.25,,,,2,-85,-1,,,,
10.60,ROLL,0.11,1.15,16.60,0.04,3.7,0.5,-3.3,-0.9,308,1.00,0.166,0.182,0.25,,,,2,-87,-1,,,,
10.70,ROLL,0.12,1.15,16.72,0.05,3.9,0.6,-3.3,-0.9,307,1.00,0.178,0.181,0.25,,,,2,-88,-1,,,,
10.80,ROLL,0.12,1.16,16.84,0.07,4.0,0.7,-3.3,-0.9,305,1.00,0.190,0.180,0.25,,,,2,-90,-1,,,,
10.90,ROLL,0.13,1.16,16.95,0.10,4.1,0.8,-3.3,-0.9,303,1.00,0.198,0.178,0.25,,,,1,-92,-1,,,,
11.00,ROLL,0.14,1.18,17.06,0.13,4.2,0.9,-3.4,-0.9,302,1.00,0.202,0.178,0.25,,,,1,-93,-1,,,,
11.10,LIFTOFF,0.16,1.19,17.17,0.18,4.4,0.9,-0.9,-1.0,300,1.00,0.200,0.114,0.25,,,,0,-95,-1,,,,
11.20,LIFTOFF,0.18,1.21,17.28,0.24,4.6,1.0,-1.0,-1.0,298,1.00,0.194,-0.014,0.25,,,,0,-97,-1,,,,
11.30,LIFTOFF,0.20,1.24,17.37,0.31,4.7,1.1,-1.2,-1.0,297,1.00,0.190,-0.026,0.25,,,,0,-98,-1,,,,
11.40,LIFTOFF,0.24,1.27,17.46,0.38,4.9,1.4,-1.6,-1.0,295,1.00,0.188,-0.002,0.25,,,,0,-100,-1,,,,
11.50,LIFTOFF,0.28,1.31,17.55,0.46,5.1,1.5,-2.2,-1.0,293,1.00,0.186,0.013,0.25,,,,0,-102,-1,,,,
11.60,LIFTOFF,0.33,1.36,17.64,0.54,5.2,1.5,-3.0,-1.0,292,1.00,0.183,0.022,0.25,,,,0,-103,-1,,,,
11.70,LIFTOFF,0.38,1.42,17.72,0.63,5.4,1.4,-3.8,-1.0,290,1.00,0.179,0.029,0.25,,,,0,-105,-1,,,,
11.80,LIFTOFF,0.45,1.48,17.80,0.73,5.6,1.3,-4.8,-1.0,288,1.00,0.173,0.036,0.25,,,,0,-107,-1,,,,
11.90,LIFTOFF,0.53,1.56,17.87,0.83,5.8,1.3,-5.8,-1.1,286,1.00,0.166,0.043,0.25,,,,0,-109,-1,,,,
12.00,LIFTOFF,0.61,1.64,17.94,0.93,6.1,1.2,-6.9,-1.1,285,1.00,0.158,0.049,0.25,,,,0,-110,-1,,,,
12.10,LIFTOFF,0.71,1.74,18.01,1.04,6.3,1.1,-8.0,-1.1,283,1.00,0.150,0.056,0.25,,,,0,-112,-1,,,,
12.20,LIFTOFF,0.82,1.85,18.06,1.16,6.6,1.0,-9.0,-1.1,281,1.00,0.141,0.061,0.25,,,,0,-114,-1,,,,
12.30,LIFTOFF,0.94,1.97,18.11,1.28,6.9,0.9,-10.0,-1.2,279,1.00,0.133,0.066,0.25,,,,0,-116,-1,,,,
12.40,LIFTOFF,1.07,2.10,18.16,1.40,7.2,0.7,-11.0,-1.2,278,1.00,0.124,0.070,0.25,,,,0,-117,-1,,,,
12.50,LIFTOFF,1.21,2.24,18.20,1.52,7.6,0.6,-11.8,-1.2,276,1.00,0.115,0.073,0.25,,,,0,-119,-1,,,,
12.60,LIFTOFF,1.37,2.40,18.23,1.64,7.9,0.4,-12.6,-1.3,274,1.00,0.106,0.075,0.25,,,,0,-121,-1,,,,
12.70,LIFTOFF,1.54,2.57,18.25,1.77,8.3,0.2,-13.2,-1.3,272,1.00,0.098,0.076,0.25,,,,0,-123,-1,,,,
12.80,LIFTOFF,1.72,2.75,18.27,1.89,8.6,-0.0,-13.8,-1.3,270,1.00,0.090,0.076,0.25,,,,0,-125,-1,,,,
12.90,LIFTOFF,1.91,2.94,18.28,2.02,9.0,-0.2,-14.2,-1.4,269,1.00,0.082,0.075,0.25,,,,0,-126,-1,,,,
13.00,LIFTOFF,2.12,3.15,18.29,2.14,9.4,-0.4,-14.4,-1.4,267,1.00,0.075,0.073,0.25,,,,0,-128,-1,,,,
13.10,LIFTOFF,2.33,3.37,18.29,2.26,9.7,-0.7,-14.6,-1.5,265,1.00,0.068,0.071,0.25,,,,0,-130,-1,,,,
13.20,LIFTOFF,2.56,3.60,18.28,2.38,10.1,-0.9,-14.7,-1.6,263,1.00,0.062,0.068,0.25,,,,0,-132,-2,,,,
13.30,LIFTOFF,2.81,3.84,18.27,2.50,10.4,-1.0,-14.6,-1.6,262,1.00,0.056,0.065,0.25,,,,0,-133,-2,,,,
13.40,LIFTOFF,3.06,4.09,18.25,2.61,10.8,-1.2,-14.4,-1.7,260,1.00,0.051,0.061,0.25,,,,0,-135,-2,,,,
13.50,LIFTOFF,3.32,4.36,18.22,2.72,11.1,-1.4,-14.2,-1.7,258,1.00,0.046,0.058,0.25,,,,0,-137,-2,,,,
13.60,LIFTOFF,3.60,4.63,18.19,2.83,11.5,-1.5,-13.9,-1.7,256,1.00,0.041,0.054,0.25,,,,0,-139,-2,,,,
13.70,LIFTOFF,3.89,4.92,18.16,2.93,11.8,-1.6,-13.5,-1.8,255,1.00,0.037,0.050,0.25,,,,0,-140,-2,,,,
13.80,LIFTOFF,4.18,5.21,18.12,3.02,12.1,-1.7,-13.0,-1.8,253,1.00,0.033,0.046,0.25,,,,0,-142,-2,,,,
13.90,LIFTOFF,4.49,5.52,18.07,3.12,12.4,-1.7,-12.6,-1.9,251,1.00,0.029,0.042,0.25,,,,0,-144,-2,,,,
14.00,LIFTOFF,4.80,5.83,18.02,3.20,12.7,-1.7,-12.1,-1.9,249,1.00,0.026,0.039,0.25,,,,0,-146,-2,,,,
14.10,LIFTOFF,5.13,6.16,17.97,3.28,12.9,-1.7,-11.6,-1.9,248,1.00,0.023,0.036,0.25,,,,0,-147,-2,,,,
14.20,LIFTOFF,5.46,6.49,17.91,3.35,13.2,-1.7,-11.1,-2.0,246,1.00,0.020,0.034,0.25,,,,0,-149,-2,,,,
14.30,LIFTOFF,5.79,6.83,17.85,3.42,13.4,-1.6,-10.6,-2.0,244,1.00,0.018,0.032,0.25,,,,0,-151,-2,,,,
14.40,LIFTOFF,6.14,7.17,17.79,3.48,13.7,-1.6,-10.1,-2.0,243,1.00,0.015,0.030,0.25,,,,0,-152,-2,,,,
14.50,LIFTOFF,6.49,7.52,17.72,3.53,13.9,-1.5,-9.7,-2.0,241,1.00,0.013,0.029,0.25,,,,0,-154,-2,,,,
14.60,LIFTOFF,6.84,7.87,17.65,3.57,14.1,-1.3,-9.3,-2.0,239,1.00,0.012,0.029,0.25,,,,0,-156,-2,,,,
14.70,LIFTOFF,7.20,8.23,17.57,3.61,14.3,-1.2,-9.0,-2.0,237,1.00,0.010,0.029,0.25,,,,0,-158,-2,,,,
14.80,LIFTOFF,7.56,8.59,17.50,3.64,14.5,-1.1,-8.7,-2.0,236,1.00,0.009,0.029,0.25,,,,0,-159,-2,,,,
14.90,LIFTOFF,7.93,8.96,17.42,3.67,14.6,-0.9,-8.4,-2.0,234,1.00,0.008,0.030,0.25,,,,0,-161,-2,,,,
15.00,LIFTOFF,8.29,9.33,17.34,3.69,14.8,-0.8,-8.3,-1.9,232,1.00,0.007,0.031,0.25,,,,0,-163,-2,,,,
15.10,LIFTOFF,8.66,9.70,17.26,3.70,14.9,-0.6,-8.1,-1.9,231,1.00,0.006,0.032,0.25,,,,0,-164,-2,,,,
15.20,LIFTOFF,9.03,10.07,17.18,3.70,15.0,-0.4,-8.1,-1.9,229,1.00,0.005,0.034,0.25,,,,0,-166,-2,,,,
15.30,LIFTOFF,9.40,10.44,17.10,3.70,15.1,-0.3,-8.1,-1.9,228,1.00,0.005,0.036,0.25,,,,0,-167,-2,,,,
15.40,LIFTOFF,9.77,10.81,17.02,3.70,15.2,-0.1,-8.1,-1.8,226,1.00,0.005,0.039,0.25,,,,0,-169,-2,,,,
15.50,LIFTOFF,10.14,11.18,16.94,3.69,15.3,0.1,-8.2,-1.8,224,1.00,0.005,0.041,0.25,,,,0,-171,-2,,,,
15.60,LIFTOFF,10.51,11.54,16.85,3.68,15.4,0.2,-8.3,-1.8,223,1.00,0.005,0.044,0.25,,,,0,-172,-2,,,,
15.70,LIFTOFF,10.88,11.91,16.77,3.66,15.5,0.3,-8.5,-1.7,221,1.00,0.005,0.046,0.25,,,,0,-174,-2,,,,
15.80,LIFTOFF,11.24,12.28,16.69,3.64,15.5,0.5,-8.7,-1.7,220,1.00,0.005,0.049,0.25,,,,0,-175,-2,,,,
15.90,LIFTOFF,11.61,12.64,16.61,3.62,15.6,0.6,-8.9,-1.6,218,1.00,0.006,0.052,0.25,,,,0,-177,-2,,,,
16.00,LIFTOFF,11.97,13.00,16.53,3.59,15.6,0.7,-9.2,-1.6,216,1.00,0.006,0.054,0.25,,,,0,-179,-2,,,,
16.10,LIFTOFF,12.33,13.36,16.45,3.56,15.7,0.8,-9.4,-1.6,215,1.00,0.007,0.057,0.25,,,,0,-180,-2,,,,
16.20,LIFTOFF,12.68,13.71,16.37,3.53,15.7,0.8,-9.7,-1.5,213,1.00,0.008,0.059,0.25,,,,0,-182,-2,,,,
16.30,LIFTOFF,13.03,14.07,16.30,3.49,15.7,0.9,-9.9,-1.5,212,1.00,0.009,0.061,0.25,,,,0,-183,-1,,,,
16.40,LIFTOFF,13.38,14.41,16.22,3.46,15.7,1.0,-10.2,-1.4,210,1.00,0.010,0.063,0.25,,,,0,-185,-1,,,,
16.50,LIFTOFF,13.73,14.76,16.15,3.42,15.7,1.0,-10.5,-1.4,209,1.00,0.011,0.064,0.25,,,,0,-186,-1,,,,
16.60,LIFTOFF,14.07,15.10,16.08,3.38,15.7,1.0,-10.7,-1.3,207,1.00,-0.007,0.066,0.25,,,,0,-188,-1,,,,
16.70,LIFTOFF,14.40,15.43,16.01,3.35,15.6,1.0,-11.0,-1.3,206,1.00,-0.054,0.067,0.25,,,,0,-189,-1,,,,
16.80,LIFTOFF,14.74,15.77,15.94,3.31,15.4,1.0,-11.2,-1.3,204,1.00,-0.084,0.068,0.25,,,,0,-191,-1,,,,
16.90,LIFTOFF,15.07,16.10,15.87,3.26,14.9,1.0,-11.4,-1.2,203,1.00,-0.094,0.069,0.25,,,,0,-192,-1,,,,
17.00,LIFTOFF,15.39,16.42,15.81,3.17,14.3,1.0,-11.5,-1.2,201,1.00,-0.052,0.070,0.25,,,,0,-194,-1,,,,
17.10,LIFTOFF,15.70,16.73,15.77,3.05,13.7,0.9,-11.7,-1.1,200,1.00,-0.028,0.071,0.25,,,,0,-195,-1,,,,
17.20,LIFTOFF,16.00,17.04,15.73,2.92,13.1,0.9,-11.8,-1.1,198,1.00,-0.022,0.072,0.25,,,,0,-197,-1,,,,
17.30,LIFTOFF,16.29,17.32,15.71,2.79,12.6,0.8,-11.9,-1.1,197,1.00,-0.027,0.073,0.25,,,,0,-198,-1,,,,
17.40,LIFTOFF,16.56,17.60,15.69,2.66,12.2,0.7,-12.0,-1.0,195,1.00,-0.034,0.073,0.25,,,,0,-200,-1,,,,
17.50,LIFTOFF,16.83,17.86,15.67,2.53,11.8,0.7,-12.1,-1.0,194,1.00,-0.037,0.072,0.25,,,,0,-201,-1,,,,
17.60,LIFTOFF,17.08,18.11,15.66,2.41,11.5,0.6,-12.1,-0.9,192,1.00,-0.036,0.072,0.25,,,,0,-203,-1,,,,
17.70,LIFTOFF,17.31,18.35,15.66,2.30,11.2,0.5,-12.1,-0.9,191,1.00,-0.033,0.071,0.25,,,,0,-204,-1,,,,
17.80,LIFTOFF,17.54,18.57,15.67,2.19,10.8,0.4,-12.2,-0.9,189,1.00,-0.029,0.070,0.25,,,,0,-206,-1,,,,
17.90,LIFTOFF,17.75,18.79,15.68,2.08,10.5,0.3,-12.2,-0.9,188,1.00,-0.025,0.070,0.25,,,,0,-207,-1,,,,
18.00,LIFTOFF,17.96,18.99,15.70,1.98,10.2,0.3,-12.1,-0.8,186,1.00,-0.022,0.069,0.25,,,,0,-209,-1,,,,
18.10,LIFTOFF,18.15,19.19,15.72,1.88,9.9,0.2,-12.1,-0.8,185,1.00,-0.019,0.068,0.25,,,,0,-210,-1,,,,
18.20,LIFTOFF,18.34,19.37,15.75,1.79,9.6,0.1,-12.1,-0.8,183,1.00,-0.016,0.067,0.25,,,,0,-212,-1,,,,
18.30,LIFTOFF,18.52,19.55,15.78,1.70,9.3,0.1,-12.0,-0.7,182,1.00,-0.014,0.067,0.25,,,,0,-213,-1,,,,
18.40,LIFTOFF,18.68,19.71,15.82,1.62,9.0,0.0,-12.0,-0.7,180,1.00,-0.011,0.066,0.25,,,,0,-215,-1,,,,
18.50,LIFTOFF,18.84,19.87,15.86,1.54,8.8,0.0,-11.9,-0.7,178,1.00,-0.009,0.065,0.25,,,,0,-217,-1,,,,
18.60,LIFTOFF,18.99,20.03,15.90,1.47,8.5,-0.0,-11.9,-0.7,177,1.00,-0.007,0.065,0.25,,,,0,-218,-1,,,,
18.70,LIFTOFF,19.14,20.17,15.95,1.41,8.3,-0.1,-11.8,-0.7,175,1.00,-0.005,0.064,0.25,,,,0,-220,-1,,,,
18.80,LIFTOFF,19.28,20.31,16.00,1.34,8.1,-0.1,-11.8,-0.6,174,1.00,-0.004,0.063,0.25,,,,0,-221,-1,,,,
18.90,LIFTOFF,19.41,20.44,16.06,1.29,7.8,-0.1,-11.7,-0.6,172,1.00,-0.002,0.063,0.25,,,,0,-223,-1,,,,
19.00,LIFTOFF,19.54,20.57,16.11,1.24,7.6,-0.1,-11.7,-0.6,171,1.00,-0.001,0.062,0.25,,,,0,-224,-1,,,,
19.10,LIFTOFF,19.66,20.69,16.17,1.19,7.4,-0.1,-11.6,-0.6,169,1.00,-0.000,0.062,0.25,,,,0,-226,-1,,,,
19.20,LIFTOFF,19.78,20.81,16.24,1.15,7.3,-0.2,-11.6,-0.6,168,1.00,0.001,0.061,0.25,,,,0,-227,-1,,,,
19.30,LIFTOFF,19.89,20.92,16.30,1.11,7.1,-0.2,-11.6,-0.5,166,1.00,0.001,0.061,0.25,,,,0,-229,-1,,,,
19.40,LIFTOFF,20.00,21.03,16.37,1.07,6.9,-0.2,-11.5,-0.5,165,1.00,0.002,0.061,0.25,,,,0,-230,-1,,,,
19.50,LIFTOFF,20.11,21.14,16.44,1.04,6.8,-0.2,-11.5,-0.5,163,1.00,0.002,0.060,0.25,,,,0,-232,-1,,,,
19.60,LIFTOFF,20.21,21.24,16.50,1.02,6.6,-0.2,-11.5,-0.5,161,1.00,0.002,0.060,0.25,,,,0,-234,-0,,,,
19.70,LIFTOFF,20.31,21.34,16.57,1.00,6.5,-0.2,-11.5,-0.5,160,1.00,0.002,0.060,0.25,,,,0,-235,-0,,,,
19.80,LIFTOFF,20.41,21.44,16.65,0.98,6.4,-0.2,-11.5,-0.5,158,1.00,0.002,0.060,0.25,,,,0,-237,-0,,,,
19.90,LIFTOFF,20.51,21.54,16.72,0.97,6.3,-0.2,-11.5,-0.4,157,1.00,0.002,0.060,0.25,,,,0,-238,-0,,,,
20.00,LIFTOFF,20.60,21.64,16.79,0.96,6.2,-0.2,-11.5,-0.4,155,1.00,0.001,0.060,0.25,,,,0,-240,-0,,,,
20.10,LIFTOFF,20.70,21.73,16.86,0.95,6.1,-0.2,-11.5,-0.4,153,1.00,0.001,0.060,0.25,,,,0,-242,-0,,,,
20.20,LIFTOFF,20.80,21.83,16.94,0.95,6.0,-0.2,-11.5,-0.4,152,1.00,0.000,0.060,0.25,,,,0,-243,-0,,,,
20.30,LIFTOFF,20.89,21.92,17.01,0.95,6.0,-0.2,-11.5,-0.4,150,1.00,-0.001,0.060,0.25,,,,0,-245,-0,,,,
20.40,LIFTOFF,20.99,22.02,17.08,0.96,5.9,-0.2,-11.5,-0.4,148,1.00,-0.002,0.060,0.25,,,,0,-247,-0,,,,
20.50,LIFTOFF,21.08,22.11,17.15,0.97,5.9,-0.2,-11.6,-0.4,147,1.00,-0.003,0.060,0.25,,,,0,-248,-0,,,,
20.60,LIFTOFF,21.18,22.21,17.22,0.98,5.8,-0.2,-11.6,-0.4,145,1.00,-0.004,0.060,0.25,,,,0,-250,-0,,,,
20.70,LIFTOFF,21.28,22.31,17.30,0.99,5.8,-0.2,-11.6,-0.4,143,1.00,-0.005,0.060,0.25,,,,0,-252,-0,,,,
20.80,LIFTOFF,21.38,22.41,17.37,1.01,5.7,-0.2,-11.6,-0.4,142,1.00,-0.006,0.059,0.25,,,,0,-253,-0,,,,
20.90,LIFTOFF,21.48,22.51,17.43,1.02,5.7,-0.2,-11.7,-0.4,140,1.00,-0.007,0.059,0.25,,,,0,-255,-0,,,,
21.00,LIFTOFF,21.58,22.61,17.50,1.04,5.7,-0.2,-11.7,-0.4,138,1.00,-0.009,0.059,0.25,,,,0,-257,-0,,,,
21.10,LIFTOFF,21.69,22.72,17.57,1.07,5.7,-0.2,-11.7,-0.4,137,1.00,-0.010,0.059,0.25,,,,0,-258,-0,,,,
21.20,LIFTOFF,21.79,22.83,17.64,1.09,5.7,-0.3,-11.7,-0.4,135,1.00,-0.012,0.059,0.25,,,,0,-260,-0,,,,
21.30,LIFTOFF,21.90,22.94,17.70,1.12,5.7,-0.3,-11.7,-0.3,133,1.00,-0.013,0.059,0.25,,,,0,-262,-0,,,,
21.40,LIFTOFF,22.02,23.05,17.77,1.14,5.7,-0.3,-11.7,-0.3,132,1.00,-0.014,0.059,0.25,,,,0,-263,-0,,,,
21.50,LIFTOFF,22.13,23.16,17.83,1.17,5.7,-0.3,-11.7,-0.3,130,1.00,-0.016,0.059,0.25,,,,0,-265,-0,,,,
21.60,LIFTOFF,22.25,23.28,17.89,1.20,5.7,-0.3,-11.8,-0.3,128,1.00,-0.017,0.058,0.25,,,,0,-267,-0,,,,
21.70,LIFTOFF,22.37,23.40,17.95,1.24,5.7,-0.3,-11.8,-0.3,126,1.00,-0.019,0.058,0.25,,,,0,-269,-0,,,,
21.80,LIFTOFF,22.50,23.53,18.00,1.27,5.8,-0.3,-11.8,-0.3,125,1.00,-0.021,0.058,0.25,,,,0,-270,-0,,,,
21.90,LIFTOFF,22.62,23.66,18.06,1.30,5.8,-0.3,-11.7,-0.3,123,1.00,-0.022,0.058,0.25,,,,0,-272,-0,,,,
22.00,LIFTOFF,22.76,23.79,18.12,1.34,5.8,-0.3,-11.7,-0.4,121,1.00,-0.024,0.057,0.25,,,,0,-274,-0,,,,
22.10,LIFTOFF,22.89,23.92,18.17,1.37,5.9,-0.3,-11.7,-0.4,119,1.00,-0.025,0.057,0.25,,,,0,-276,-0,,,,
22.20,LIFTOFF,23.03,24.06,18.22,1.41,5.9,-0.3,-11.7,-0.4,118,1.00,-0.027,0.057,0.25,,,,0,-277,-0,,,,
22.30,LIFTOFF,23.17,24.20,18.27,1.44,5.9,-0.3,-11.7,-0.4,116,1.00,-0.028,0.057,0.25,,,,0,-279,-0,,,,
22.40,LIFTOFF,23.32,24.35,18.32,1.48,6.0,-0.3,-11.7,-0.4,114,1.00,-0.030,0.056,0.25,,,,0,-281,-0,,,,
22.50,LIFTOFF,23.46,24.50,18.36,1.51,6.0,-0.3,-11.7,-0.4,112,1.00,-0.031,0.056,0.25,,,,0,-283,-0,,,,
22.60,LIFTOFF,23.62,24.65,18.41,1.55,6.0,-0.3,-11.6,-0.4,111,1.00,-0.033,0.056,0.25,,,,0,-284,-0,,,,
22.70,LIFTOFF,23.77,24.80,18.45,1.59,6.1,-0.3,-11.6,-0.4,109,1.00,-0.034,0.056,0.25,,,,0,-286,-0,,,,
22.80,LIFTOFF,23.93,24.96,18.49,1.62,6.1,-0.3,-11.6,-0.4,107,1.00,-0.036,0.056,0.25,,,,0,-288,-0,,,,
22.90,LIFTOFF,24.10,25.13,18.53,1.66,6.2,-0.3,-11.6,-0.4,105,1.00,-0.037,0.055,0.25,,,,0,-290,-0,,,,
23.00,LIFTOFF,24.26,25.29,18.57,1.69,6.2,-0.3,-11.5,-0.4,103,1.00,-0.039,0.055,0.25,,,,0,-292,-0,,,,
23.10,LIFTOFF,24.43,25.47,18.61,1.73,6.3,-0.3,-11.5,-0.4,102,1.00,-0.040,0.055,0.25,,,,0,-293,-0,,,,
23.20,LIFTOFF,24.61,25.64,18.65,1.76,6.3,-0.3,-11.5,-0.4,100,1.00,-0.041,0.055,0.25,,,,0,-295,-0,,,,
23.30,LIFTOFF,24.78,25.82,18.68,1.80,6.4,-0.3,-11.5,-0.4,98,1.00,-0.043,0.055,0.25,,,,0,-297,-0,,,,
23.40,LIFTOFF,24.97,26.00,18.71,1.83,6.4,-0.3,-11.5,-0.4,96,1.00,-0.044,0.055,0.25,,,,0,-299,-0,,,,
23.50,LIFTOFF,25.15,26.18,18.74,1.86,6.4,-0.3,-11.4,-0.4,94,1.00,-0.045,0.055,0.25,,,,0,-301,-0,,,,
23.60,LIFTOFF,25.34,26.37,18.77,1.90,6.5,-0.3,-11.4,-0.4,93,1.00,-0.047,0.055,0.25,,,,0,-302,-0,,,,
23.70,LIFTOFF,25.53,26.56,18.80,1.93,6.5,-0.2,-11.4,-0.4,91,1.00,-0.048,0.055,0.25,,,,0,-304,-0,,,,
23.80,LIFTOFF,25.72,26.75,18.83,1.96,6.6,-0.2,-11.4,-0.4,89,1.00,-0.049,0.055,0.25,,,,0,-306,-0,,,,
23.90,LIFTOFF,25.92,26.95,18.85,1.99,6.6,-0.2,-11.4,-0.4,87,1.00,-0.050,0.055,0.25,,,,0,-308,-0,,,,
24.00,LIFTOFF,26.12,27.15,18.88,2.02,6.7,-0.2,-11.4,-0.4,85,1.00,-0.052,0.055,0.25,,,,0,-310,-0,,,,
24.10,LIFTOFF,26.32,27.35,18.90,2.05,6.7,-0.2,-11.4,-0.4,84,1.00,-0.053,0.055,0.25,,,,0,-311,-0,,,,
24.20,LIFTOFF,26.53,27.56,18.92,2.07,6.7,-0.2,-11.4,-0.4,82,1.00,-0.054,0.055,0.25,,,,0,-313,-0,,,,
24.30,LIFTOFF,26.73,27.77,18.94,2.10,6.8,-0.2,-11.4,-0.4,80,1.00,-0.055,0.055,0.25,,,,0,-315,-0,,,,
24.40,LIFTOFF,26.95,27.98,18.96,2.13,6.8,-0.2,-11.4,-0.4,78,1.00,-0.056,0.055,0.25,,,,0,-317,-0,,,,
24.50,LIFTOFF,27.16,28.19,18.98,2.15,6.9,-0.2,-11.4,-0.4,76,1.00,-0.057,0.055,0.25,,,,0,-319,-0,,,,
24.60,LIFTOFF,27.37,28.41,19.00,2.18,6.9,-0.2,-11.4,-0.4,74,1.00,-0.058,0.055,0.25,,,,0,-321,-0,,,,
24.70,LIFTOFF,27.59,28.63,19.02,2.20,6.9,-0.1,-11.4,-0.4,73,1.00,-0.059,0.055,0.25,,,,0,-322,-0,,,,
24.80,LIFTOFF,27.81,28.85,19.03,2.22,7.0,-0.1,-11.4,-0.4,71,1.00,-0.060,0.056,0.25,,,,0,-324,-0,,,,
24.90,CLIMB,28.04,29.07,19.05,2.24,7.0,-0.1,-11.4,-0.4,69,1.00,-0.061,0.056,0.25,,,,0,-326,-0,,,,
25.00,CLIMB,28.26,29.29,19.06,2.25,7.0,-0.1,-11.4,-0.4,67,1.00,-0.036,0.056,0.24,,,,0,-328,-0,3.13,24.3,1.05,0.047
25.10,CLIMB,28.49,29.52,19.08,2.26,7.1,-0.1,-11.4,-0.4,65,1.00,-0.055,0.056,0.22,,,,0,-330,-0,3.13,24.3,1.10,0.037
25.20,CLIMB,28.71,29.75,19.09,2.28,7.2,-0.1,-11.4,-0.4,63,1.00,-0.068,0.056,0.21,,,,0,-332,-0,3.13,24.3,1.15,0.028
25.30,CLIMB,28.94,29.98,19.11,2.29,7.2,-0.1,-11.4,-0.4,62,1.00,-0.070,0.056,0.19,,,,0,-333,-0,3.13,24.3,1.20,0.019
25.40,CLIMB,29.17,30.20,19.13,2.28,7.2,-0.1,-11.4,-0.4,60,1.00,-0.066,0.056,0.18,,,,0,-335,-0,3.13,24.3,1.25,0.009
25.50,CLIMB,29.40,30.43,19.16,2.26,7.0,-0.1,-11.4,-0.4,58,1.00,-0.062,0.057,0.17,,,,0,-337,-0,3.13,24.3,1.30,0.001
25.60,CLIMB,29.62,30.66,19.18,2.22,6.8,-0.1,-11.4,-0.4,56,1.00,-0.059,0.057,0.15,,,,0,-339,-0,3.13,24.3,1.35,-0.007
25.70,CLIMB,29.84,30.88,19.22,2.17,6.6,-0.1,-11.4,-0.3,54,1.00,-0.057,0.057,0.14,,,,0,-341,-0,3.13,24.3,1.40,-0.015
25.80,CLIMB,30.06,31.09,19.26,2.11,6.4,-0.1,-11.4,-0.3,52,1.00,-0.057,0.058,0.12,,,,0,-343,-0,3.13,24.3,1.45,-0.023
25.90,CLIMB,30.27,31.30,19.30,2.04,6.1,-0.2,-11.4,-0.3,50,1.00,-0.056,0.058,0.11,,,,0,-345,-0,3.13,24.3,1.50,-0.030
26.00,CLIMB,30.47,31.50,19.35,1.96,5.9,-0.2,-11.4,-0.3,49,1.00,-0.055,0.058,0.10,,,,0,-346,-0,3.13,24.3,1.55,-0.037
26.10,CLIMB,30.66,31.69,19.40,1.87,5.6,-0.2,-11.3,-0.3,47,1.00,-0.053,0.058,0.08,,,,0,-348,-0,3.13,24.3,1.60,-0.045
26.20,CLIMB,30.85,31.88,19.47,1.77,5.2,-0.3,-11.3,-0.3,45,1.00,-0.051,0.058,0.07,,,,0,-350,-0,3.13,24.3,1.65,-0.052
26.30,CLIMB,31.02,32.05,19.54,1.66,4.9,-0.3,-11.3,-0.3,43,1.00,-0.049,0.058,0.05,,,,0,-352,-0,3.13,24.3,1.70,-0.059
26.40,CLIMB,31.18,32.21,19.61,1.54,4.5,-0.3,-11.3,-0.3,41,1.00,-0.046,0.058,0.04,,,,0,-354,-0,3.13,24.3,1.75,-0.066
26.50,CLIMB,31.33,32.36,19.70,1.42,4.1,-0.4,-11.3,-0.3,39,1.00,-0.044,0.058,0.03,,,,0,-356,-0,3.13,24.3,1.80,-0.073
26.60,CLIMB,31.47,32.50,19.79,1.29,3.7,-0.4,-11.3,-0.4,37,1.00,-0.040,0.058,0.01,,,,0,-358,-0,3.13,24.3,1.85,-0.078
26.70,CLIMB,31.59,32.63,19.89,1.15,3.3,-0.4,-11.3,-0.4,35,1.00,-0.033,0.058,0.00,,,,0,-360,-0,3.13,24.3,1.90,-0.080
26.80,CLIMB,31.71,32.74,19.99,1.02,2.9,-0.5,-11.3,-0.4,33,1.00,-0.027,0.058,0.00,,,,0,-362,-0,3.13,24.3,1.95,-0.081
26.90,CLIMB,31.80,32.83,20.10,0.89,2.5,-0.5,-11.3,-0.4,31,1.00,-0.041,0.057,0.00,,,,0,-364,-0,3.13,24.3,2.00,-0.210
27.00,CLIMB,31.89,32.92,20.22,0.78,2.1,-0.6,-11.3,-0.4,29,1.00,-0.087,0.057,0.00,,,,0,-366,-0,3.13,24.3,2.00,-0.210
27.10,CLIMB,31.96,32.99,20.34,0.67,1.5,-0.6,-11.3,-0.4,27,1.00,-0.112,0.057,0.00,,,,0,-368,-0,3.13,24.3,2.00,-0.210
27.20,CLIMB,32.02,33.06,20.47,0.53,0.7,-0.7,-11.3,-0.4,25,1.00,-0.076,0.057,0.00,,,,0,-370,-0,3.13,24.3,2.00,-0.208
27.30,CLIMB,32.07,33.10,20.61,0.34,-0.1,-0.7,-11.3,-0.4,23,1.00,-0.034,0.057,0.00,,,,0,-372,-0,3.13,24.3,2.00,-0.196
27.40,CLIMB,32.10,33.13,20.76,0.14,-0.8,-0.8,-11.3,-0.4,21,1.00,-0.018,0.057,0.00,,,,0,-374,-0,3.13,24.3,2.00,-0.182
27.50,CLIMB,32.11,33.14,20.92,-0.06,-1.3,-0.8,-11.3,-0.4,19,1.00,-0.020,0.056,0.00,,,,0,-376,-0,3.13,24.3,2.00,-0.168
27.60,CLIMB,32.09,33.13,21.09,-0.22,-1.7,-0.9,-11.3,-0.5,17,1.00,-0.025,0.056,0.00,,,,0,-378,-0,3.13,24.3,2.00,-0.153
27.70,CLIMB,32.07,33.10,21.26,-0.37,-1.9,-0.9,-11.3,-0.5,15,1.00,-0.025,0.055,0.00,,,,0,-380,-0,3.13,24.3,2.00,-0.137
27.80,CLIMB,32.03,33.06,21.43,-0.48,-2.1,-1.0,-11.2,-0.5,13,1.00,-0.019,0.055,0.00,,,,0,-382,-1,3.13,24.3,2.00,-0.121
27.90,CLIMB,31.98,33.01,21.60,-0.58,-2.2,-1.0,-11.2,-0.5,11,1.00,-0.010,0.054,0.00,,,,0,-384,-1,3.13,24.3,2.00,-0.105
28.00,CLIMB,31.91,32.95,21.78,-0.65,-2.3,-1.1,-11.2,-0.6,9,1.00,-0.002,0.053,0.00,,,,0,-386,-1,3.13,24.3,2.00,-0.089
28.10,CLIMB,31.85,32.88,21.95,-0.70,-2.3,-1.1,-11.2,-0.6,7,1.00,0.004,0.053,0.00,,,,0,-388,-1,3.13,24.3,2.00,-0.072
28.20,CLIMB,31.78,32.81,22.12,-0.73,-2.2,-1.1,-11.1,-0.6,5,1.00,0.009,0.052,0.00,,,,0,-390,-1,3.13,24.3,2.00,-0.056
28.30,CLIMB,31.70,32.74,22.29,-0.73,-2.1,-1.2,-11.1,-0.6,3,1.00,0.014,0.051,0.00,,,,0,-392,-1,3.13,24.3,2.00,-0.041
28.40,CLIMB,31.63,32.66,22.46,-0.71,-2.0,-1.2,-11.1,-0.7,0,1.00,0.018,0.051,0.00,,,,0,-395,-1,3.13,24.3,2.00,-0.026
28.50,CLIMB,31.56,32.60,22.62,-0.66,-1.8,-1.2,-11.0,-0.7,-2,1.00,0.021,0.050,0.00,,,,0,-397,-1,3.13,24.3,2.00,-0.011
28.60,CLIMB,31.50,32.53,22.78,-0.60,-1.5,-1.2,-11.0,-0.7,-4,1.00,0.025,0.050,0.00,,,,0,-399,-1,3.13,24.3,2.00,0.003
28.70,CLIMB,31.44,32.47,22.93,-0.51,-1.3,-1.2,-10.9,-0.8,-6,1.00,0.028,0.049,0.00,,,,0,-401,-1,3.13,24.3,2.00,0.016
28.80,CLIMB,31.39,32.43,23.08,-0.41,-0.9,-1.2,-10.9,-0.8,-8,1.00,0.030,0.048,0.00,,,,0,-403,-1,3.13,24.3,2.00,0.029
28.90,CLIMB,31.36,32.39,23.22,-0.29,-0.6,-1.2,-10.8,-0.8,-11,1.00,0.031,0.048,0.00,,,,0,-406,-1,3.13,24.3,2.00,0.040
29.00,CLIMB,31.33,32.37,23.35,-0.15,-0.3,-1.2,-10.8,-0.9,-13,1.00,0.040,0.047,0.00,,,,0,-408,-1,3.13,24.3,1.98,0.170
29.10,CLIMB,31.32,32.36,23.47,-0.01,0.1,-1.2,-10.7,-0.9,-15,1.00,0.080,0.047,0.00,,,,0,-410,-1,3.13,24.3,1.93,0.170
29.20,CLIMB,31.33,32.36,23.59,0.14,0.7,-1.2,-10.6,-0.9,-18,1.00,0.102,0.046,0.00,,,,0,-413,-1,3.13,24.3,1.88,0.170
29.30,CLIMB,31.35,32.38,23.69,0.35,1.5,-1.2,-10.6,-1.0,-20,1.00,0.067,0.045,0.00,,,,0,-415,-1,3.13,24.3,1.83,0.170
29.40,CLIMB,31.39,32.42,23.78,0.62,2.3,-1.2,-10.5,-1.0,-22,1.00,0.039,0.044,0.00,,,,0,-417,-1,3.13,24.3,1.78,0.170
29.50,CLIMB,31.46,32.50,23.86,0.91,3.0,-1.1,-10.4,-1.0,-25,1.00,0.036,0.044,0.00,,,,0,-420,-1,3.13,24.3,1.73,0.170
29.60,CLIMB,31.56,32.59,23.92,1.18,3.6,-1.1,-10.4,-1.1,-27,1.00,0.044,0.043,0.00,,,,0,-422,-1,3.13,24.3,1.68,0.170
29.70,CLIMB,31.69,32.72,23.97,1.45,4.1,-1.0,-10.3,-1.1,-29,1.00,0.050,0.043,0.00,,,,0,-424,-1,3.13,24.3,1.63,0.170
29.80,CLIMB,31.84,32.88,24.02,1.70,4.5,-1.0,-10.2,-1.1,-32,1.00,0.048,0.043,0.00,,,,0,-427,-1,3.13,24.3,1.58,0.170
29.90,CLIMB,32.02,33.05,24.06,1.94,5.0,-1.0,-10.2,-1.1,-34,1.00,0.042,0.043,0.00,,,,0,-429,-1,3.13,24.3,1.53,0.170
30.00,CLIMB,32.22,33.26,24.08,2.18,5.5,-0.9,-10.1,-1.2,-36,1.00,0.035,0.043,0.00,,,,0,-431,-1,3.13,24.3,1.48,0.170
30.10,CLIMB,32.45,33.48,24.10,2.41,5.9,-0.9,-10.0,-1.2,-39,1.00,0.031,0.043,0.00,,,,0,-434,-1,3.13,24.3,1.43,0.170
30.20,CLIMB,32.70,33.73,24.11,2.62,6.3,-0.8,-10.0,-1.2,-41,1.00,0.028,0.043,0.00,,,,0,-436,-1,3.13,24.3,1.38,0.170
30.30,CLIMB,32.97,34.00,24.12,2.83,6.7,-0.8,-9.9,-1.2,-43,1.00,0.024,0.043,0.00,,,,0,-438,-1,3.13,24.3,1.33,0.169
30.40,CLIMB,33.26,34.29,24.12,3.03,7.1,-0.7,-9.9,-1.2,-46,1.00,0.011,0.043,0.00,,,,0,-441,-1,3.13,24.3,1.28,0.159
30.50,CLIMB,33.56,34.60,24.11,3.21,7.4,-0.7,-9.8,-1.2,-48,1.00,0.002,0.043,0.00,,,,0,-443,-1,3.13,24.3,1.23,0.148
30.60,CLIMB,33.89,34.92,24.09,3.38,7.6,-0.6,-9.8,-1.2,-50,1.00,-0.004,0.043,0.00,,,,0,-445,-1,3.13,24.3,1.18,0.137
30.70,CLIMB,34.23,35.27,24.08,3.52,7.8,-0.6,-9.8,-1.2,-53,1.00,-0.008,0.044,0.00,,,,0,-448,-1,3.13,24.3,1.13,0.126
30.80,CLIMB,34.59,35.62,24.05,3.64,7.9,-0.6,-9.8,-1.2,-55,1.00,-0.013,0.044,0.00,,,,0,-450,-1,3.13,24.3,1.08,0.115
30.90,CLIMB,34.96,35.99,24.03,3.74,8.0,-0.5,-9.7,-1.2,-57,1.00,-0.018,0.045,0.00,,,,0,-452,-1,3.13,24.3,1.03,0.105
31.00,CLIMB,35.33,36.37,24.01,3.82,8.1,-0.5,-9.7,-1.2,-60,1.00,-0.022,0.045,0.00,,,,0,-455,-1,3.13,24.3,1.00,0.096
31.10,CLIMB,35.72,36.75,23.98,3.88,8.1,-0.5,-9.7,-1.2,-62,1.00,-0.024,0.045,0.00,,,,0,-457,-1,3.13,24.3,1.00,0.090
31.20,CLIMB,36.11,37.14,23.95,3.93,8.1,-0.4,-9.7,-1.2,-64,1.00,-0.027,0.046,0.00,,,,0,-459,-1,3.13,24.3,1.00,0.085
31.30,CLIMB,36.50,37.53,23.92,3.96,8.1,-0.4,-9.7,-1.2,-67,1.00,-0.030,0.046,0.00,,,,0,-462,-1,3.13,24.3,1.00,0.080
31.40,CLIMB,36.90,37.93,23.89,3.98,8.1,-0.4,-9.7,-1.2,-69,1.00,-0.033,0.047,0.00,,,,0,-464,-1,3.13,24.3,1.00,0.075
31.50,CLIMB,37.30,38.33,23.87,4.00,8.1,-0.4,-9.7,-1.2,-71,1.00,-0.035,0.047,0.00,,,,0,-466,-1,3.13,24.3,1.00,0.071
31.60,CLIMB,37.70,38.73,23.84,4.00,8.1,-0.3,-9.7,-1.2,-74,1.00,-0.037,0.047,0.00,,,,0,-469,-1,3.13,24.3,1.00,0.068
31.70,CLIMB,38.10,39.13,23.81,4.00,8.0,-0.3,-9.7,-1.2,-76,1.00,-0.038,0.048,0.00,,,,0,-471,-1,3.13,24.3,1.00,0.064
31.80,CLIMB,38.50,39.53,23.78,3.99,8.0,-0.3,-9.7,-1.1,-78,1.00,-0.039,0.048,0.00,,,,0,-473,-1,3.13,24.3,1.00,0.061
31.90,CLIMB,38.89,39.93,23.76,3.97,7.9,-0.3,-9.7,-1.1,-81,1.00,-0.040,0.048,0.00,,,,0,-476,-1,3.13,24.3,1.00,0.059
32.00,CLIMB,39.29,40.32,23.73,3.95,7.9,-0.3,-9.6,-1.1,-83,1.00,-0.041,0.049,0.00,,,,0,-478,-1,3.13,24.3,1.00,0.056
32.10,CLIMB,39.68,40.72,23.71,3.93,7.8,-0.3,-9.6,-1.1,-85,1.00,-0.041,0.049,0.00,,,,0,-480,-1,3.13,24.3,1.00,0.054
32.20,CLIMB,40.08,41.11,23.69,3.90,7.7,-0.2,-9.6,-1.1,-87,1.00,-0.042,0.049,0.00,,,,0,-482,-1,3.13,24.3,1.00,0.052
32.30,CLIMB,40.47,41.50,23.67,3.87,7.6,-0.2,-9.6,-1.1,-90,1.00,-0.042,0.049,0.00,,,,0,-485,-1,3.13,24.3,1.00,0.050
32.40,CLIMB,40.85,41.88,23.65,3.84,7.6,-0.2,-9.6,-1.0,-92,1.00,-0.042,0.049,0.00,,,,0,-487,-1,3.13,24.3,1.00,0.049
32.50,CLIMB,41.24,42.27,23.63,3.81,7.5,-0.2,-9.6,-1.0,-94,1.00,-0.042,0.049,0.00,,,,0,-489,-1,3.13,24.3,1.00,0.048
32.60,CLIMB,41.61,42.65,23.61,3.77,7.4,-0.2,-9.6,-1.0,-97,1.00,-0.042,0.050,0.00,,,,0,-492,-1,3.13,24.3,1.00,0.047
32.70,CLIMB,41.99,43.02,23.60,3.74,7.3,-0.2,-9.6,-1.0,-99,1.00,-0.042,0.050,0.00,,,,0,-494,-1,3.13,24.3,1.00,0.046
32.80,CLIMB,42.36,43.40,23.58,3.70,7.3,-0.2,-9.5,-0.9,-101,1.00,-0.042,0.050,0.00,,,,0,-496,-1,3.13,24.3,1.00,0.045
32.90,CLIMB,42.73,43.76,23.57,3.66,7.2,-0.2,-9.5,-0.9,-103,1.00,-0.041,0.050,0.00,,,,0,-498,-1,3.13,24.3,1.00,0.045
33.00,CLIMB,43.10,44.13,23.56,3.63,7.1,-0.1,-9.5,-0.9,-106,1.00,-0.041,0.050,0.00,,,,0,-501,-1,3.13,24.3,1.00,0.044
33.10,CLIMB,43.46,44.49,23.55,3.59,7.0,-0.1,-9.5,-0.9,-108,1.00,-0.041,0.050,0.00,,,,0,-503,-1,3.13,24.3,1.00,0.044
33.20,CLIMB,43.82,44.85,23.54,3.56,7.0,-0.1,-9.5,-0.8,-110,1.00,-0.040,0.050,0.00,,,,0,-505,-1,3.13,24.3,1.00,0.044
33.30,CLIMB,44.17,45.20,23.53,3.52,6.9,-0.1,-9.4,-0.8,-113,1.00,-0.040,0.050,0.00,,,,0,-508,-1,3.13,24.3,1.00,0.044
33.40,CLIMB,44.52,45.56,23.53,3.49,6.8,-0.1,-9.4,-0.8,-115,1.00,-0.039,0.050,0.00,,,,0,-510,-1,3.13,24.3,1.00,0.044
33.50,CLIMB,44.87,45.90,23.52,3.46,6.8,-0.1,-9.4,-0.7,-117,1.00,-0.039,0.050,0.00,,,,0,-512,-1,3.13,24.3,1.00,0.044
33.60,CLIMB,45.22,46.25,23.52,3.43,6.7,-0.1,-9.4,-0.7,-119,1.00,-0.038,0.050,0.00,,,,0,-514,-1,3.13,24.3,1.00,0.044
33.70,CLIMB,45.56,46.59,23.52,3.40,6.7,-0.0,-9.4,-0.7,-122,1.00,-0.038,0.050,0.00,,,,0,-517,-1,3.13,24.3,1.00,0.044
33.80,CLIMB,45.90,46.93,23.52,3.37,6.6,-0.0,-9.4,-0.6,-124,1.00,-0.038,0.050,0.00,,,,0,-519,-1,3.13,24.3,1.00,0.045
33.90,CLIMB,46.23,47.26,23.52,3.34,6.5,-0.0,-9.4,-0.6,-126,1.00,-0.037,0.051,0.00,,,,0,-521,-1,3.13,24.3,1.00,0.045
34.00,CLIMB,46.57,47.60,23.52,3.32,6.5,-0.0,-9.3,-0.6,-129,1.00,-0.037,0.051,0.00,,,,0,-524,-1,3.13,24.3,1.00,0.045
34.10,CLIMB,46.90,47.93,23.52,3.29,6.4,0.0,-9.3,-0.5,-131,1.00,-0.036,0.051,0.00,,,,0,-526,-1,3.13,24.3,1.00,0.046
34.20,CLIMB,47.22,48.26,23.52,3.27,6.4,0.0,-9.3,-0.5,-133,1.00,-0.036,0.051,0.00,,,,0,-528,-1,3.13,24.3,1.00,0.046
34.30,CLIMB,47.55,48.58,23.53,3.25,6.4,0.0,-9.3,-0.5,-135,1.00,-0.035,0.051,0.00,,,,0,-530,-0,3.13,24.3,1.00,0.046
34.40,CLIMB,47.87,48.91,23.53,3.23,6.3,0.1,-9.3,-0.4,-138,1.00,-0.035,0.051,0.00,,,,0,-533,-0,3.13,24.3,1.00,0.047
34.50,CLIMB,48.20,49.23,23.53,3.21,6.3,0.1,-9.3,-0.4,-140,1.00,-0.035,0.051,0.00,,,,0,-535,-0,3.13,24.3,1.00,0.047
34.60,CLIMB,48.52,49.55,23.54,3.19,6.2,0.1,-9.3,-0.4,-142,1.00,-0.034,0.051,0.00,,,,0,-537,-0,3.13,24.3,1.00,0.048
34.70,CLIMB,48.84,49.87,23.55,3.17,6.2,0.1,-9.3,-0.3,-145,1.00,-0.034,0.051,0.00,,,,0,-540,-0,3.13,24.3,1.00,0.048
34.80,CLIMB,49.15,50.18,23.55,3.16,6.2,0.1,-9.3,-0.3,-147,1.00,-0.034,0.051,0.00,,,,0,-542,-0,3.13,24.3,1.00,0.049
34.90,CLIMB,49.47,50.50,23.56,3.15,6.2,0.1,-9.3,-0.3,-149,1.00,-0.033,0.051,0.00,,,,0,-544,-0,3.13,24.3,1.00,0.049
35.00,CLIMB,49.78,50.81,23.57,3.13,6.1,0.1,-9.3,-0.2,-151,1.00,-0.033,0.051,0.00,,,,0,-546,-0,3.13,24.3,1.00,0.049
35.10,CLIMB,50.09,51.13,23.57,3.12,6.1,0.1,-9.3,-0.2,-154,1.00,-0.033,0.051,0.00,,,,0,-549,-0,3.13,24.3,1.00,0.050
35.20,CLIMB,50.41,51.44,23.58,3.11,6.1,0.2,-9.3,-0.2,-156,1.00,-0.033,0.051,0.00,,,,0,-551,-0,3.13,24.3,1.00,0.050
35.30,CLIMB,50.72,51.75,23.59,3.10,6.1,0.2,-9.3,-0.1,-158,1.00,-0.032,0.051,0.00,,,,0,-553,-0,3.13,24.3,1.00,0.051
35.40,CLIMB,51.03,52.06,23.60,3.10,6.0,0.2,-9.3,-0.1,-161,1.00,-0.032,0.052,0.00,,,,0,-556,-0,3.13,24.3,1.00,0.051
35.50,CLIMB,51.34,52.37,23.61,3.09,6.0,0.2,-9.3,-0.1,-163,1.00,-0.032,0.052,0.00,,,,0,-558,-0,3.13,24.3,1.00,0.051
35.60,CLIMB,51.65,52.68,23.62,3.08,6.0,0.2,-9.3,-0.0,-165,1.00,-0.032,0.052,0.00,,,,0,-560,-0,3.13,24.3,1.00,0.052
35.70,CLIMB,51.95,52.99,23.63,3.08,6.0,0.2,-9.3,-0.0,-168,1.00,-0.032,0.052,0.00,,,,0,-563,-0,3.13,24.3,1.00,0.052
35.80,CLIMB,52.26,53.29,23.64,3.07,6.0,0.2,-9.3,0.0,-170,1.00,-0.032,0.052,0.00,,,,0,-565,0,3.13,24.3,1.00,0.052
35.90,CLIMB,52.57,53.60,23.65,3.07,6.0,0.2,-9.3,0.0,-172,1.00,-0.032,0.052,0.00,,,,0,-567,0,3.13,24.3,1.00,0.053
36.00,CLIMB,52.87,53.91,23.66,3.06,5.9,0.2,-9.3,0.1,-174,1.00,-0.032,0.052,0.00,,,,0,-569,0,3.13,24.3,1.00,0.053
36.10,CLIMB,53.18,54.21,23.67,3.06,5.9,0.3,-9.3,0.1,-177,1.00,-0.032,0.052,0.00,,,,0,-572,0,3.13,24.3,1.00,0.053
36.20,CLIMB,53.49,54.52,23.68,3.06,5.9,0.3,-9.3,0.1,-179,1.00,-0.032,0.052,0.00,,,,0,-574,0,3.13,24.3,1.00,0.053
36.30,CLIMB,53.79,54.82,23.69,3.06,5.9,0.3,-9.3,0.2,-181,1.00,-0.032,0.052,0.00,,,,0,-576,0,3.13,24.3,1.00,0.054
36.40,CLIMB,54.10,55.13,23.70,3.05,5.9,0.3,-9.3,0.2,-184,1.00,-0.032,0.052,0.00,,,,0,-579,0,3.13,24.3,1.00,0.054
36.50,CLIMB,54.40,55.44,23.71,3.05,5.9,0.3,-9.3,0.2,-186,1.00,-0.032,0.052,0.00,,,,0,-581,0,3.13,24.3,1.00,0.054
36.60,CLIMB,54.71,55.74,23.72,3.05,5.9,0.3,-9.3,0.3,-188,1.00,-0.032,0.052,0.00,,,,0,-583,0,3.13,24.3,1.00,0.054
36.70,CLIMB,55.01,56.05,23.73,3.05,5.9,0.3,-9.3,0.3,-191,1.00,-0.032,0.052,0.00,,,,0,-586,0,3.13,24.3,1.00,0.055
36.80,CLIMB,55.32,56.35,23.74,3.05,5.9,0.3,-9.3,0.3,-193,1.00,-0.032,0.052,0.00,,,,0,-588,0,3.13,24.3,1.00,0.055
36.90,CLIMB,55.62,56.66,23.75,3.05,5.9,0.3,-9.4,0.4,-195,1.00,-0.032,0.052,0.00,,,,0,-590,0,3.13,24.3,1.00,0.055
37.00,CLIMB,55.93,56.96,23.76,3.05,5.9,0.3,-9.4,0.4,-198,1.00,-0.032,0.052,0.00,,,,0,-593,0,3.13,24.3,1.00,0.055
37.10,CLIMB,56.24,57.27,23.77,3.06,5.9,0.3,-9.4,0.4,-200,1.00,-0.032,0.052,0.00,,,,0,-595,0,3.13,24.3,1.00,0.055
37.20,CLIMB,56.54,57.57,23.78,3.06,5.9,0.4,-9.4,0.4,-202,1.00,-0.032,0.052,0.00,,,,0,-597,0,3.13,24.3,1.00,0.055
37.30,CLIMB,56.85,57.88,23.79,3.06,5.9,0.4,-9.4,0.5,-204,1.00,-0.032,0.052,0.00,,,,0,-599,0,3.13,24.3,1.00,0.056
37.40,CLIMB,57.15,58.19,23.79,3.06,5.9,0.4,-9.4,0.5,-207,1.00,-0.032,0.052,0.00,,,,0,-602,1,3.13,24.3,1.00,0.056
37.50,CLIMB,57.46,58.49,23.80,3.06,5.8,0.4,-9.4,0.5,-209,1.00,-0.032,0.052,0.00,,,,0,-604,1,3.13,24.3,1.00,0.056
37.60,CLIMB,57.76,58.80,23.81,3.06,5.8,0.4,-9.4,0.6,-211,1.00,-0.032,0.052,0.00,,,,0,-606,1,3.13,24.3,1.00,0.056
37.70,CLIMB,58.07,59.10,23.82,3.06,5.8,0.4,-9.4,0.6,-214,1.00,-0.032,0.052,0.00,,,,0,-609,1,3.13,24.3,1.00,0.056
37.80,CLIMB,58.38,59.41,23.83,3.07,5.8,0.4,-9.4,0.6,-216,1.00,-0.032,0.052,0.00,,,,0,-611,1,3.13,24.3,1.00,0.056
37.90,CLIMB,58.68,59.72,23.84,3.07,5.8,0.4,-9.4,0.6,-218,1.00,-0.033,0.052,0.00,,,,0,-613,1,3.13,24.3,1.00,0.056
38.00,CLIMB,58.99,60.02,23.85,3.07,5.8,0.4,-9.5,0.7,-221,1.00,-0.033,0.052,0.00,,,,0,-616,1,3.13,24.3,1.00,0.056
38.10,CLIMB,59.30,60.33,23.86,3.07,5.8,0.4,-9.5,0.7,-223,1.00,-0.033,0.052,0.00,,,,0,-618,1,3.13,24.3,1.00,0.056
38.20,CLIMB,59.61,60.64,23.87,3.07,5.8,0.4,-9.5,0.7,-225,1.00,-0.033,0.052,0.00,,,,0,-620,1,3.13,24.3,1.00,0.056
38.30,CLIMB,59.91,60.95,23.88,3.08,5.8,0.4,-9.5,0.7,-228,1.00,-0.033,0.052,0.00,,,,0,-623,1,3.13,24.3,1.00,0.057
38.40,CLIMB,60.22,61.25,23.89,3.08,5.8,0.4,-9.5,0.8,-230,1.00,-0.033,0.052,0.00,,,,0,-625,1,3.13,24.3,1.00,0.057
38.50,CLIMB,60.53,61.56,23.90,3.08,5.8,0.4,-9.5,0.8,-232,1.00,-0.033,0.052,0.00,,,,0,-627,1,3.13,24.3,1.00,0.057
38.60,CLIMB,60.84,61.87,23.91,3.08,5.8,0.4,-9.5,0.8,-235,1.00,-0.033,0.052,0.00,,,,0,-630,1,3.13,24.3,1.00,0.057
38.70,CLIMB,61.15,62.18,23.91,3.09,5.8,0.4,-9.5,0.8,-237,1.00,-0.033,0.052,0.00,,,,0,-632,1,3.13,24.3,1.00,0.057
38.80,CLIMB,61.45,62.49,23.92,3.09,5.8,0.4,-9.6,0.8,-239,1.00,-0.033,0.052,0.00,,,,0,-634,1,3.13,24.3,1.00,0.057
38.90,CLIMB,61.76,62.80,23.93,3.09,5.8,0.4,-9.6,0.9,-242,1.00,-0.034,0.052,0.00,,,,0,-637,1,3.13,24.3,1.00,0.057
39.00,CLIMB,62.07,63.10,23.94,3.09,5.8,0.5,-9.6,0.9,-244,1.00,-0.034,0.052,0.00,,,,0,-639,1,3.13,24.3,1.00,0.057
39.10,CLIMB,62.38,63.41,23.95,3.09,5.8,0.5,-9.6,0.9,-246,1.00,-0.034,0.052,0.00,,,,0,-641,1,3.13,24.3,1.00,0.057
39.20,CLIMB,62.69,63.72,23.96,3.10,5.8,0.5,-9.6,0.9,-249,1.00,-0.034,0.052,0.00,,,,0,-644,1,3.13,24.3,1.00,0.057
39.30,CLIMB,63.00,64.03,23.96,3.10,5.8,0.5,-9.6,0.9,-251,1.00,-0.034,0.052,0.00,,,,0,-646,1,3.13,24.3,1.00,0.057
39.40,CLIMB,63.31,64.34,23.97,3.10,5.8,0.5,-9.6,1.0,-253,1.00,-0.034,0.052,0.00,,,,0,-648,1,3.13,24.3,1.00,0.057
39.50,CLIMB,63.62,64.65,23.98,3.10,5.8,0.5,-9.7,1.0,-256,1.00,-0.034,0.052,0.00,,,,0,-651,1,3.13,24.3,1.00,0.057
39.60,CLIMB,63.93,64.96,23.99,3.10,5.8,0.5,-9.7,1.0,-258,1.00,-0.034,0.052,0.00,,,,0,-653,1,3.13,24.3,1.00,0.058
39.70,CLIMB,64.24,65.27,24.00,3.11,5.8,0.5,-9.7,1.0,-260,1.00,-0.034,0.052,0.00,,,,0,-655,1,3.13,24.3,1.00,0.058
39.80,CLIMB,64.55,65.58,24.00,3.11,5.8,0.5,-9.7,1.0,-263,1.00,-0.034,0.052,0.00,,,,0,-658,1,3.13,24.3,1.00,0.058
39.90,CLIMB,64.86,65.89,24.01,3.11,5.8,0.5,-9.7,1.0,-265,1.00,-0.035,0.052,0.00,,,,0,-660,1,3.13,24.3,1.00,0.058
40.00,CLIMB,65.17,66.21,24.02,3.11,5.8,0.5,-9.7,1.0,-267,1.00,-0.035,0.052,0.00,,,,0,-662,1,3.13,24.3,1.00,0.058
40.10,CLIMB,65.48,66.52,24.03,3.11,5.8,0.5,-9.8,1.1,-270,1.00,-0.035,0.052,0.00,,,,0,-665,1,3.13,24.3,1.00,0.058
40.20,CLIMB,65.80,66.83,24.03,3.11,5.8,0.5,-9.8,1.1,-272,1.00,-0.035,0.052,0.00,,,,0,-667,1,3.13,24.3,1.00,0.058
40.30,CROSSWIND,66.11,67.14,24.04,3.11,5.8,0.5,170.0,-1.1,24,0.97,-0.017,0.067,0.00,188,,731,0,-669,1,3.13,22.1,1.00,0.118
40.40,CROSSWIND,66.42,67.45,24.04,3.10,5.8,0.3,170.0,-1.1,27,0.97,0.021,0.067,0.00,186,,731,0,-672,1,3.13,22.1,1.00,0.119
40.50,CROSSWIND,66.73,67.76,24.04,3.11,6.1,-0.3,-20.4,-1.1,29,0.97,-0.004,0.068,0.00,183,,731,0,-674,1,3.13,22.1,1.00,0.120
40.60,CROSSWIND,67.04,68.07,24.03,3.17,6.3,-1.2,-12.0,-1.1,31,0.97,-0.024,0.091,0.00,181,,731,0,-676,1,3.13,22.1,1.00,0.119
40.70,CROSSWIND,67.36,68.39,24.02,3.24,6.6,-2.4,-12.9,-1.1,34,0.96,-0.027,0.104,0.00,179,,731,0,-679,1,3.13,22.1,1.00,0.116
40.80,CROSSWIND,67.69,68.72,24.01,3.31,6.7,-3.7,-13.8,-1.2,36,0.96,-0.022,0.108,0.00,176,,731,0,-681,1,3.13,22.1,1.00,0.114
40.90,CROSSWIND,68.02,69.05,23.99,3.36,6.8,-5.2,-14.7,-1.2,38,0.96,-0.017,0.109,0.00,174,,731,0,-683,1,3.13,22.1,1.00,0.112
41.00,CROSSWIND,68.36,69.39,23.97,3.41,6.8,-6.8,-15.6,-1.2,41,0.96,-0.016,0.108,0.00,172,,731,0,-686,1,3.13,22.1,1.00,0.109
41.10,CROSSWIND,68.70,69.73,23.95,3.44,6.9,-8.5,-16.5,-1.2,43,0.96,-0.019,0.106,0.00,169,,731,0,-688,1,3.13,22.1,1.00,0.107
41.20,CROSSWIND,69.04,70.08,23.93,3.47,7.0,-10.3,-17.5,-1.3,45,0.96,-0.023,0.104,0.00,167,,731,0,-690,1,3.13,22.1,1.00,0.106
41.30,CROSSWIND,69.39,70.42,23.91,3.48,7.1,-12.1,-18.4,-1.4,48,0.96,-0.026,0.094,0.00,165,,731,0,-693,1,3.13,22.1,1.00,0.105
41.40,CROSSWIND,69.74,70.77,23.89,3.48,7.2,-13.6,-19.3,-1.5,50,0.96,-0.027,0.088,0.00,162,,731,0,-695,1,3.13,22.1,1.00,0.104
41.50,CROSSWIND,70.09,71.12,23.87,3.46,7.2,-14.7,-20.1,-1.6,52,0.96,-0.026,0.085,0.00,160,,731,0,-697,2,3.13,22.1,1.00,0.104
41.60,CROSSWIND,70.43,71.46,23.85,3.43,7.3,-15.6,-20.8,-1.7,55,0.97,-0.025,0.083,0.00,158,,731,0,-700,2,3.13,22.1,1.00,0.105
41.70,CROSSWIND,70.77,71.81,23.84,3.39,7.3,-16.4,-21.4,-1.8,57,0.97,-0.022,0.081,0.00,155,,731,0,-702,2,3.13,22.1,1.00,0.106
41.80,CROSSWIND,71.11,72.14,23.83,3.35,7.4,-17.1,-21.8,-2.0,59,0.97,-0.020,0.079,0.00,153,,731,0,-704,2,3.13,22.1,1.00,0.107
41.90,CROSSWIND,71.45,72.48,23.82,3.31,7.4,-17.7,-22.0,-2.2,62,0.97,-0.016,0.076,0.00,151,,730,0,-707,2,3.13,22.1,1.00,0.109
42.00,CROSSWIND,71.78,72.81,23.81,3.27,7.4,-18.2,-22.1,-2.4,64,0.98,-0.012,0.074,0.00,148,,730,0,-709,2,3.13,22.1,1.00,0.111
42.10,CROSSWIND,72.10,73.13,23.80,3.23,7.4,-18.7,-22.0,-2.7,66,0.98,-0.008,0.071,0.00,146,,730,0,-711,3,3.13,22.1,1.00,0.112
42.20,CROSSWIND,72.42,73.46,23.79,3.20,7.4,-19.1,-21.8,-3.0,69,0.98,-0.004,0.067,0.00,144,,730,0,-714,3,3.13,22.1,1.00,0.114
42.30,CROSSWIND,72.74,73.77,23.79,3.18,7.3,-19.5,-21.5,-3.3,71,0.98,-0.000,0.063,0.00,141,,729,0,-716,3,3.13,22.1,1.00,0.115
42.40,CROSSWIND,73.06,74.09,23.78,3.16,7.3,-19.8,-21.0,-3.6,73,0.98,0.003,0.058,0.00,139,,729,0,-718,4,3.13,22.1,1.00,0.116
42.50,CROSSWIND,73.38,74.41,23.77,3.16,7.2,-20.1,-20.5,-4.0,76,0.98,0.007,0.054,0.00,137,,729,0,-721,4,3.13,22.1,1.00,0.117
42.60,CROSSWIND,73.69,74.72,23.77,3.16,7.2,-20.4,-19.9,-4.4,78,0.98,0.009,0.049,0.00,134,,728,0,-723,4,3.13,22.1,1.00,0.118
42.70,CROSSWIND,74.01,75.04,23.76,3.16,7.1,-20.7,-19.2,-4.8,80,0.98,0.011,0.045,0.00,132,,728,0,-725,5,3.13,22.1,1.00,0.118
42.80,CROSSWIND,74.32,75.36,23.75,3.18,7.1,-20.9,-18.5,-5.3,83,0.98,0.012,0.040,0.00,130,,727,0,-728,5,3.13,22.1,1.00,0.118
42.90,CROSSWIND,74.64,75.67,23.74,3.19,7.0,-21.0,-17.9,-5.8,85,0.98,0.013,0.038,0.00,127,,727,0,-730,6,3.13,22.1,1.00,0.118
43.00,CROSSWIND,74.96,75.99,23.72,3.21,7.0,-21.2,-17.2,-6.4,88,0.98,0.013,0.034,0.00,125,,726,0,-733,6,3.13,22.1,1.00,0.117
43.10,CROSSWIND,75.28,76.32,23.71,3.24,6.9,-21.3,-16.6,-7.0,90,0.98,0.013,0.032,0.00,122,,726,0,-735,7,3.13,22.1,1.00,0.117
43.20,CROSSWIND,75.61,76.64,23.69,3.26,6.9,-21.4,-16.1,-7.6,92,0.98,0.012,0.030,0.00,120,,725,0,-737,8,3.13,22.1,1.00,0.116
43.30,CROSSWIND,75.93,76.97,23.68,3.28,6.8,-21.5,-15.6,-8.3,95,0.98,0.011,0.030,0.00,118,,724,0,-740,8,3.13,22.1,1.00,0.115
43.40,CROSSWIND,76.26,77.30,23.66,3.29,6.8,-21.5,-15.1,-9.0,97,0.98,0.009,0.028,0.00,115,,724,0,-742,9,3.13,22.1,1.00,0.114
43.50,CROSSWIND,76.59,77.63,23.64,3.31,6.8,-21.5,-14.8,-9.7,99,0.98,0.008,0.030,0.00,113,,723,0,-744,10,3.13,22.1,1.00,0.113
43.60,CROSSWIND,76.92,77.96,23.62,3.32,6.8,-21.5,-14.5,-10.5,102,0.98,0.006,0.030,0.00,111,,722,0,-747,11,3.13,22.1,1.00,0.113
43.70,CROSSWIND,77.26,78.29,23.60,3.33,6.8,-21.5,-14.3,-11.4,104,0.98,0.004,0.033,0.00,108,,721,0,-749,11,3.13,22.1,1.00,0.112
43.80,CROSSWIND,77.59,78.62,23.59,3.33,6.8,-21.5,-14.1,-12.2,106,0.98,0.003,0.033,0.00,106,,720,0,-751,12,3.13,22.1,1.00,0.112
43.90,CROSSWIND,77.92,78.95,23.57,3.33,6.8,-21.4,-14.0,-13.2,109,0.98,0.002,0.037,0.00,104,,719,0,-754,13,3.13,22.1,1.00,0.112
44.00,CROSSWIND,78.25,79.29,23.56,3.32,6.8,-21.4,-13.9,-14.1,111,0.98,0.001,0.037,0.00,101,,718,0,-756,14,3.13,22.1,1.00,0.112
44.10,CROSSWIND,78.59,79.62,23.54,3.31,6.8,-21.3,-13.9,-15.1,113,0.98,-0.000,0.041,0.00,99,,717,0,-758,15,3.13,22.1,1.00,0.112
44.20,CROSSWIND,78.92,79.95,23.53,3.30,6.8,-21.3,-13.9,-16.1,115,0.98,-0.001,0.042,0.00,97,,716,0,-760,16,3.13,22.1,1.00,0.112
44.30,CROSSWIND,79.25,80.28,23.52,3.29,6.8,-21.2,-13.9,-17.2,118,0.99,-0.001,0.046,0.00,95,,715,0,-763,17,3.13,22.1,1.00,0.113
44.40,CROSSWIND,79.58,80.61,23.50,3.27,6.8,-21.2,-13.9,-18.3,120,0.99,-0.001,0.046,0.00,92,,714,0,-765,18,3.13,22.1,1.00,0.114
44.50,CROSSWIND,79.90,80.93,23.49,3.26,6.8,-21.2,-13.9,-19.4,122,0.99,-0.000,0.050,0.00,90,,713,0,-767,19,3.13,22.1,1.00,0.114
44.60,CROSSWIND,80.23,81.26,23.48,3.24,6.9,-21.2,-13.8,-20.6,125,0.99,0.000,0.049,0.00,88,,712,0,-770,21,3.13,22.1,1.00,0.115
44.70,CROSSWIND,80.55,81.58,23.48,3.23,6.9,-21.1,-13.8,-21.8,127,0.99,0.001,0.052,0.00,86,,711,0,-772,22,3.13,22.1,1.00,0.116
44.80,CROSSWIND,80.87,81.91,23.47,3.21,6.9,-21.1,-13.7,-23.0,129,0.99,0.002,0.051,0.00,83,,710,0,-774,23,3.13,22.1,1.00,0.117
44.90,CROSSWIND,81.19,82.23,23.46,3.20,6.9,-21.1,-13.7,-24.3,131,0.99,0.003,0.054,0.00,81,,708,0,-776,24,3.13,22.1,1.00,0.118
45.00,CROSSWIND,81.51,82.54,23.45,3.19,6.9,-21.1,-13.6,-25.6,133,0.99,0.004,0.055,0.00,79,,707,0,-778,26,3.13,22.1,1.00,0.119
45.10,CROSSWIND,81.83,82.86,23.45,3.18,6.9,-21.2,-13.4,-27.0,136,0.99,0.005,0.054,0.00,77,,706,0,-781,27,3.13,22.1,1.00,0.120
45.20,CROSSWIND,82.15,83.18,23.44,3.17,6.9,-21.2,-13.3,-28.3,138,0.99,0.006,0.054,0.00,75,,704,0,-783,28,3.13,22.1,1.00,0.120
45.30,CROSSWIND,82.46,83.50,23.43,3.16,6.9,-21.2,-13.0,-29.8,140,0.99,0.007,0.053,0.00,72,,703,0,-785,30,3.13,22.1,1.00,0.121
45.40,CROSSWIND,82.78,83.81,23.42,3.16,6.9,-21.2,-12.8,-31.2,142,0.99,0.008,0.053,0.00,70,,701,0,-787,31,3.13,22.1,1.00,0.122
45.50,CROSSWIND,83.10,84.13,23.42,3.16,7.0,-21.2,-12.6,-32.7,144,0.99,0.008,0.051,0.00,68,,700,0,-789,33,3.13,22.1,1.00,0.122
45.60,CROSSWIND,83.41,84.45,23.41,3.16,7.0,-21.3,-12.3,-34.2,146,0.99,0.009,0.047,0.00,66,,698,0,-791,34,3.13,22.1,1.00,0.122
45.70,CROSSWIND,83.73,84.76,23.40,3.16,7.0,-21.3,-12.1,-35.8,148,0.99,0.009,0.049,0.00,64,,697,0,-793,36,3.13,22.1,1.00,0.123
45.80,CROSSWIND,84.05,85.08,23.39,3.17,7.0,-21.3,-11.8,-37.3,151,0.99,0.009,0.045,0.00,62,,695,0,-796,37,3.13,22.1,1.00,0.123
45.90,CROSSWIND,84.36,85.39,23.38,3.17,7.0,-21.3,-11.5,-39.0,153,0.99,0.010,0.047,0.00,60,,694,0,-798,39,3.13,22.1,1.00,0.123
46.00,CROSSWIND,84.68,85.71,23.37,3.18,7.0,-21.3,-11.2,-40.6,155,0.99,0.010,0.043,0.00,58,,692,0,-800,41,3.13,22.1,1.00,0.123
46.10,CROSSWIND,85.00,86.03,23.36,3.18,7.0,-21.4,-11.0,-42.3,157,0.99,0.009,0.045,0.00,56,,690,0,-802,42,3.13,22.1,1.00,0.123
46.20,CROSSWIND,85.32,86.35,23.35,3.19,7.0,-21.4,-10.7,-44.0,159,0.99,0.009,0.042,0.00,54,,689,0,-804,44,3.13,22.1,1.00,0.123
46.30,CROSSWIND,85.63,86.67,23.34,3.19,7.0,-21.4,-10.6,-45.8,161,0.99,0.009,0.044,0.00,52,,687,0,-806,46,3.13,22.1,1.00,0.123
46.40,CROSSWIND,85.95,86.99,23.33,3.20,7.0,-21.4,-10.3,-47.5,163,0.99,0.009,0.041,0.00,50,,685,0,-808,48,3.13,22.1,1.00,0.123
46.50,CROSSWIND,86.27,87.31,23.32,3.20,7.0,-21.4,-10.2,-49.4,165,0.99,0.008,0.043,0.00,48,,683,0,-810,49,3.13,22.1,1.00,0.123
46.60,CROSSWIND,86.59,87.63,23.31,3.20,7.0,-21.4,-9.9,-51.2,166,0.99,0.008,0.041,0.00,46,,681,0,-811,51,3.13,22.1,1.00,0.123
46.70,CROSSWIND,86.91,87.95,23.30,3.21,7.0,-21.4,-9.8,-53.1,168,0.99,0.007,0.043,0.00,44,,679,0,-813,53,3.13,22.1,1.00,0.123
46.80,CROSSWIND,87.24,88.27,23.29,3.21,7.0,-21.4,-9.6,-55.0,170,0.99,0.007,0.040,0.00,42,,678,0,-815,55,3.13,22.1,1.00,0.123
46.90,CROSSWIND,87.56,88.59,23.28,3.21,7.0,-21.3,-9.5,-56.9,172,0.99,0.007,0.043,0.00,40,,676,0,-817,57,3.13,22.1,1.00,0.123
47.00,CROSSWIND,87.88,88.91,23.27,3.21,7.0,-21.3,-9.4,-58.9,174,0.99,0.006,0.040,0.00,38,,674,0,-819,59,3.13,22.1,1.00,0.123
47.10,CROSSWIND,88.20,89.23,23.25,3.21,7.1,-21.3,-9.3,-60.9,176,0.99,0.006,0.043,0.00,37,,672,0,-821,61,3.13,22.1,1.00,0.124
47.20,CROSSWIND,88.52,89.55,23.24,3.21,7.1,-21.3,-9.2,-62.9,177,0.99,0.006,0.041,0.00,35,,670,0,-822,63,3.13,22.1,1.00,0.124
47.30,CROSSWIND,88.84,89.87,23.23,3.20,7.1,-21.3,-9.1,-65.0,179,0.99,0.006,0.043,0.00,33,,668,0,-824,65,3.13,22.1,1.00,0.124
47.40,CROSSWIND,89.16,90.19,23.22,3.20,7.1,-21.3,-9.0,-67.1,181,0.99,0.006,0.041,0.00,31,,665,0,-826,67,3.13,22.1,1.00,0.124
47.50,CROSSWIND,89.48,90.51,23.22,3.20,7.1,-21.3,-8.9,-69.2,183,0.99,0.005,0.043,0.00,30,,663,0,-828,69,3.13,22.1,1.00,0.125
47.60,CROSSWIND,89.80,90.83,23.21,3.19,7.1,-21.3,-8.8,-71.3,184,0.99,0.005,0.041,0.00,28,,661,0,-829,71,3.13,22.1,1.00,0.125
47.70,CROSSWIND,90.12,91.15,23.20,3.19,7.2,-21.3,-8.7,-73.5,186,0.99,0.005,0.043,0.00,26,,659,0,-831,73,3.13,22.1,1.00,0.125
47.80,CROSSWIND,90.44,91.47,23.19,3.19,7.2,-21.3,-8.6,-75.7,188,0.99,0.006,0.041,0.00,25,,657,0,-833,76,3.13,22.1,1.00,0.126
47.90,CROSSWIND,90.76,91.79,23.18,3.18,7.2,-21.3,-8.5,-77.9,189,1.00,0.006,0.043,0.00,23,,655,0,-834,78,3.13,22.1,1.00,0.126
48.00,CROSSWIND,91.07,92.11,23.17,3.18,7.2,-21.3,-8.4,-80.1,191,1.00,0.006,0.040,0.00,22,,652,0,-836,80,3.13,22.1,1.00,0.126
48.10,CROSSWIND,91.39,92.42,23.16,3.18,7.2,-21.3,-8.3,-82.4,192,1.00,0.006,0.042,0.00,20,,650,0,-837,82,3.13,22.1,1.00,0.127
48.20,CROSSWIND,91.71,92.74,23.15,3.18,7.2,-21.3,-8.1,-84.7,194,1.00,0.006,0.039,0.00,19,,648,0,-839,85,3.13,22.1,1.00,0.127
48.30,CROSSWIND,92.03,93.06,23.15,3.17,7.3,-21.3,-8.1,-87.0,195,1.00,0.006,0.040,0.00,17,,646,0,-840,87,3.13,22.1,1.00,0.127
48.40,CROSSWIND,92.34,93.38,23.14,3.17,7.3,-21.3,-7.9,-89.4,197,1.00,0.006,0.038,0.00,16,,643,0,-842,89,3.13,22.1,1.00,0.127
48.50,CROSSWIND,92.66,93.69,23.13,3.17,7.3,-21.3,-7.7,-91.7,198,1.00,0.006,0.034,0.00,14,,641,0,-843,92,3.13,22.1,1.00,0.128
48.60,CROSSWIND,92.98,94.01,23.12,3.17,7.3,-21.3,-7.6,-94.1,199,1.00,0.006,0.037,0.00,13,,638,0,-844,94,3.13,22.1,1.00,0.128
48.70,CROSSWIND,93.30,94.33,23.11,3.17,7.3,-21.3,-7.4,-96.5,201,1.00,0.006,0.033,0.00,12,,636,0,-846,97,3.13,22.1,1.00,0.128
48.80,CROSSWIND,93.61,94.64,23.10,3.17,7.3,-21.3,-7.3,-99.0,202,0.99,0.001,0.035,0.00,10,,634,0,-847,99,3.07,22.1,1.00,0.124
48.90,CROSSWIND,93.93,94.96,23.09,3.17,7.3,-21.3,-7.2,-101.4,203,0.98,-0.002,0.032,0.00,9,,631,0,-848,101,3.01,22.1,1.00,0.119
49.00,CROSSWIND,94.25,95.27,23.08,3.17,7.3,-21.3,-7.1,-103.9,205,0.97,-0.004,0.034,0.00,8,,629,0,-850,104,2.94,22.1,1.00,0.114
49.10,CROSSWIND,94.57,95.58,23.06,3.16,7.3,-21.3,-6.9,-106.4,206,0.96,-0.004,0.031,0.00,6,,626,0,-851,106,2.88,22.1,1.00,0.109
49.20,CROSSWIND,94.88,95.90,23.05,3.14,7.2,-21.3,-6.9,-108.9,207,0.95,-0.005,0.033,0.00,5,,624,0,-852,109,2.82,22.1,1.00,0.104
49.30,CROSSWIND,95.19,96.21,23.03,3.12,7.1,-21.3,-6.7,-111.4,208,0.94,-0.006,0.030,0.00,4,,621,0,-853,111,2.75,22.1,1.00,0.099
49.40,CROSSWIND,95.51,96.51,23.02,3.09,7.0,-21.3,-6.7,-114.0,209,0.94,-0.007,0.032,0.00,3,,619,0,-854,114,2.69,22.1,1.00,0.095
49.50,CROSSWIND,95.81,96.81,23.00,3.06,6.9,-21.3,-6.6,-116.5,210,0.93,-0.008,0.030,0.00,2,,616,0,-855,117,2.63,22.1,1.00,0.090
49.60,CROSSWIND,96.12,97.11,22.98,3.02,6.8,-21.3,-6.6,-119.1,212,0.92,-0.010,0.032,0.00,1,,613,0,-857,119,2.57,22.1,1.00,0.086
49.70,CROSSWIND,96.42,97.40,22.97,2.97,6.7,-21.3,-6.4,-121.7,213,0.92,-0.010,0.029,0.00,0,,611,0,-858,122,2.51,22.1,1.00,0.083
49.80,CROSSWIND,96.71,97.69,22.95,2.93,6.6,-21.2,-6.4,-124.3,214,0.91,-0.011,0.031,0.00,1,,608,0,-859,124,2.45,22.1,1.00,0.079
49.90,CROSSWIND,97.01,97.98,22.94,2.88,6.5,-21.2,-6.3,-126.9,215,0.90,-0.012,0.029,0.00,2,,606,0,-860,127,2.39,22.1,1.00,0.076
50.00,CROSSWIND,97.29,98.25,22.93,2.82,6.3,-21.2,-6.3,-129.6,215,0.90,-0.012,0.030,0.00,3,,603,0,-860,130,2.34,22.1,1.00,0.073
50.10,CROSSWIND,97.57,98.53,22.92,2.77,6.2,-21.2,-6.2,-132.2,216,0.89,-0.013,0.027,0.00,4,,600,0,-861,132,2.28,22.1,1.00,0.070
50.20,CROSSWIND,97.85,98.79,22.91,2.71,6.1,-21.2,-6.1,-134.9,217,0.89,-0.013,0.023,0.00,5,,598,0,-862,135,2.22,22.1,1.00,0.067
50.30,CROSSWIND,98.12,99.05,22.90,2.65,5.9,-21.2,-6.1,-137.6,218,0.88,-0.013,0.026,0.00,6,,595,0,-863,138,2.17,22.1,1.00,0.065
50.40,CROSSWIND,98.38,99.30,22.89,2.59,5.8,-21.2,-6.1,-140.3,219,0.87,-0.013,0.023,0.00,6,,592,0,-864,140,2.12,22.1,1.00,0.063
50.50,CROSSWIND,98.64,99.55,22.88,2.53,5.7,-21.2,-6.1,-143.0,220,0.87,-0.014,0.025,0.00,7,,590,0,-865,143,2.07,22.1,1.00,0.061
50.60,CROSSWIND,98.89,99.79,22.88,2.47,5.6,-21.2,-6.0,-145.7,220,0.86,-0.014,0.022,0.00,8,,587,0,-865,146,2.02,22.1,1.00,0.059
50.70,CROSSWIND,99.13,100.02,22.87,2.41,5.4,-21.2,-6.0,-148.4,221,0.86,-0.014,0.024,0.00,9,,584,0,-866,148,1.97,22.1,1.00,0.057
50.80,CROSSWIND,99.37,100.25,22.87,2.35,5.3,-21.2,-5.9,-151.2,222,0.85,-0.014,0.021,0.00,9,,581,0,-867,151,1.92,22.1,1.00,0.055
50.90,CROSSWIND,99.61,100.47,22.87,2.29,5.2,-21.1,-5.9,-153.9,222,0.84,-0.014,0.023,0.00,10,,579,0,-867,154,1.87,22.1,1.00,0.054
51.00,CROSSWIND,99.83,100.68,22.87,2.24,5.1,-21.1,-5.8,-156.7,223,0.84,-0.015,0.019,0.00,11,,576,0,-868,157,1.83,22.1,1.00,0.053
51.10,CROSSWIND,100.06,100.89,22.87,2.18,5.0,-21.1,-5.8,-159.4,223,0.83,-0.015,0.021,0.00,11,,573,0,-868,159,1.78,22.1,1.00,0.052
51.20,CROSSWIND,100.27,101.10,22.87,2.13,4.9,-21.1,-5.7,-162.2,224,0.83,-0.016,0.018,0.00,12,,570,0,-869,162,1.74,22.1,1.00,0.050
51.30,CROSSWIND,100.48,101.29,22.87,2.08,4.8,-21.1,-5.7,-165.0,224,0.82,-0.017,0.019,0.00,12,,568,0,-869,165,1.70,22.1,1.00,0.049
51.40,CROSSWIND,100.69,101.49,22.87,2.03,4.7,-21.1,-5.6,-167.8,225,0.81,-0.018,0.016,0.00,13,,565,0,-870,168,1.66,22.1,1.00,0.048
51.50,CROSSWIND,100.89,101.67,22.87,1.98,4.7,-21.1,-5.5,-170.6,225,0.81,-0.019,0.010,0.00,13,,562,0,-870,171,1.62,22.1,1.00,0.047
51.60,CROSSWIND,101.09,101.86,22.90,1.96,4.6,-21.0,-5.5,-173.4,226,1.00,-0.057,0.012,0.00,13,,559,0,-871,173,1.58,31.5,0.97,-0.095
51.70,CROSSWIND,101.28,102.04,22.94,1.96,4.4,-20.9,-5.4,-176.2,226,1.00,-0.100,0.005,0.00,14,,556,0,-871,176,1.54,31.5,0.92,-0.093
51.80,CROSSWIND,101.48,102.22,22.99,1.94,4.1,-20.6,-5.5,-179.1,226,1.00,-0.121,0.008,0.00,14,,553,0,-871,179,1.50,31.5,0.87,-0.091
51.90,CROSSWIND,101.67,102.40,23.05,1.87,3.5,-20.2,-5.5,-181.9,227,1.00,-0.072,0.004,0.00,14,,551,0,-872,182,1.46,31.5,0.82,-0.087
52.00,CROSSWIND,101.86,102.56,23.11,1.74,2.8,-19.7,-5.6,-184.8,227,1.00,-0.031,0.011,0.00,15,,548,0,-872,185,1.42,31.5,0.77,-0.081
52.10,CROSSWIND,102.02,102.72,23.18,1.58,2.2,-19.3,-5.6,-187.6,227,1.00,-0.011,0.008,0.00,15,,545,0,-872,188,1.39,31.5,0.72,-0.072
52.20,CROSSWIND,102.18,102.85,23.26,1.42,1.7,-18.8,-5.2,-190.5,227,1.00,-0.012,-0.010,0.00,15,,542,0,-872,191,1.36,31.5,0.67,-0.061
52.30,CROSSWIND,102.31,102.98,23.34,1.28,1.5,-18.3,-4.3,-193.4,228,1.00,-0.021,-0.032,0.00,15,,539,0,-873,193,1.33,31.5,0.62,-0.051
52.40,CROSSWIND,102.44,103.08,23.43,1.17,1.3,-17.8,-3.5,-196.3,228,1.00,-0.025,-0.042,0.00,15,,536,0,-873,196,1.31,31.5,0.57,-0.042
52.50,CROSSWIND,102.55,103.18,23.52,1.08,1.1,-17.2,-2.6,-199.2,228,1.00,-0.026,-0.045,0.00,15,,533,0,-873,199,1.28,31.5,0.52,-0.033
52.60,CROSSWIND,102.66,103.27,23.61,1.01,1.0,-16.6,-1.9,-202.1,228,1.00,-0.022,-0.046,0.00,15,,530,0,-873,202,1.26,31.5,0.47,-0.026
52.70,CROSSWIND,102.76,103.34,23.70,0.95,0.9,-16.0,-1.2,-205.1,228,1.00,-0.017,-0.044,0.00,16,,527,0,-873,205,1.24,31.5,0.42,-0.018
52.80,CROSSWIND,102.85,103.43,23.80,0.91,0.8,-15.3,-0.5,-208.0,228,1.00,-0.015,-0.043,0.00,16,,525,0,-873,208,1.22,31.5,0.37,-0.012
52.90,CROSSWIND,102.94,103.51,23.89,0.88,0.8,-14.6,0.1,-210.9,228,1.00,-0.013,-0.041,0.00,16,,522,0,-873,211,1.21,31.5,0.32,-0.006
53.00,CROSSWIND,103.03,103.59,23.98,0.86,0.8,-13.9,0.7,-213.9,228,1.00,-0.013,-0.040,0.00,15,,519,0,-873,214,1.19,31.5,0.27,-0.001
53.10,CROSSWIND,103.11,103.66,24.08,0.86,0.8,-13.2,1.3,-216.9,228,1.00,-0.013,-0.038,0.00,15,,516,0,-873,217,1.17,31.5,0.22,0.003
53.20,CROSSWIND,103.20,103.73,24.17,0.87,0.8,-12.4,1.9,-219.9,228,1.00,-0.013,-0.034,0.00,15,,513,0,-873,220,1.15,31.5,0.17,0.006
53.30,CROSSWIND,103.29,103.79,24.26,0.89,0.8,-11.6,2.5,-222.8,228,1.00,-0.013,-0.032,0.00,15,,510,0,-873,223,1.14,31.5,0.12,0.008
53.40,CROSSWIND,103.38,103.86,24.35,0.92,0.8,-10.8,3.0,-225.8,227,1.00,-0.014,-0.031,0.00,15,,507,0,-872,226,1.12,31.5,0.07,0.009
53.50,CROSSWIND,103.47,103.94,24.44,0.96,0.9,-10.1,3.6,-228.8,227,1.00,-0.015,-0.028,0.00,15,,504,0,-872,229,1.10,31.5,0.02,0.009
53.60,CROSSWIND,103.57,104.02,24.52,1.00,0.9,-9.3,4.1,-231.8,227,1.00,-0.020,-0.028,0.00,15,,501,0,-872,232,1.08,31.5,0.00,0.006
53.70,CROSSWIND,103.67,104.11,24.61,1.04,0.9,-8.6,4.6,-234.9,227,1.00,-0.024,-0.025,0.00,15,,498,0,-872,235,1.06,31.5,0.00,0.001
53.80,CROSSWIND,103.78,104.20,24.69,1.09,0.9,-7.9,5.1,-237.9,227,1.00,-0.027,-0.025,0.00,14,,495,0,-872,238,1.04,31.5,0.00,-0.005
53.90,CROSSWIND,103.89,104.30,24.77,1.13,0.9,-7.2,5.6,-240.9,227,1.00,-0.029,-0.025,0.00,14,,492,0,-872,241,1.02,31.5,0.00,-0.010
54.00,CROSSWIND,104.00,104.40,24.85,1.17,0.9,-6.5,6.1,-243.9,226,1.00,-0.032,-0.022,0.00,14,,489,0,-871,244,0.99,31.5,0.00,-0.015
54.10,CROSSWIND,104.12,104.50,24.92,1.20,0.8,-5.9,6.5,-247.0,226,1.00,-0.035,-0.022,0.00,14,,486,0,-871,247,0.97,31.5,0.00,-0.020
54.20,CROSSWIND,104.24,104.61,25.00,1.23,0.8,-5.2,6.9,-250.0,226,1.00,-0.038,-0.020,0.00,13,,483,0,-871,250,0.95,31.5,0.00,-0.025
54.30,CROSSWIND,104.36,104.72,25.08,1.25,0.7,-4.6,7.3,-253.1,225,1.00,-0.041,-0.020,0.00,13,,479,0,-870,253,0.92,31.5,0.00,-0.030
54.40,CROSSWIND,104.49,104.83,25.15,1.27,0.7,-4.0,7.6,-256.1,225,1.00,-0.044,-0.020,0.00,13,,476,0,-870,256,0.90,31.5,0.00,-0.034
54.50,CROSSWIND,104.62,104.94,25.23,1.29,0.6,-3.5,7.9,-259.2,225,1.00,-0.046,-0.018,0.00,13,,473,0,-870,259,0.87,31.5,0.00,-0.038
54.60,CROSSWIND,104.75,105.06,25.30,1.29,0.5,-2.9,8.2,-262.3,225,1.00,-0.049,-0.018,0.00,12,,470,0,-870,262,0.84,31.5,0.00,-0.042
54.70,CROSSWIND,104.88,105.18,25.38,1.30,0.5,-2.4,8.4,-265.4,224,1.00,-0.051,-0.016,0.00,12,,467,0,-869,265,0.82,31.5,0.00,-0.046
54.80,CROSSWIND,105.01,105.29,25.45,1.30,0.4,-1.9,8.5,-268.5,224,1.00,-0.056,-0.014,0.00,12,,464,0,-869,268,0.79,31.5,0.00,-0.049
54.90,CROSSWIND,105.14,105.41,25.53,1.31,0.4,-1.5,8.6,-271.5,224,1.00,-0.065,-0.013,0.00,11,,461,0,-869,272,0.77,31.5,0.00,-0.053
55.00,CROSSWIND,105.27,105.53,25.60,1.32,0.4,-1.1,8.7,-274.6,223,1.00,-0.071,-0.012,0.00,11,,458,0,-868,275,0.74,31.5,0.00,-0.057
55.10,CROSSWIND,105.40,105.65,25.68,1.33,0.3,-0.7,8.7,-277.8,223,1.00,-0.071,-0.010,0.00,11,,455,0,-868,278,0.71,31.5,0.00,-0.061
55.20,CROSSWIND,105.53,105.77,25.75,1.33,0.2,-0.4,8.7,-280.9,223,1.00,-0.069,-0.009,0.00,10,,452,0,-868,281,0.69,31.5,0.00,-0.064
55.30,CROSSWIND,105.67,105.89,25.82,1.33,0.1,-0.2,8.6,-284.0,222,1.00,-0.067,-0.007,0.00,10,,449,0,-867,284,0.66,31.5,0.00,-0.068
55.40,CROSSWIND,105.80,106.01,25.90,1.31,0.0,0.1,8.6,-287.1,222,1.00,-0.067,-0.005,0.00,10,,445,0,-867,287,0.63,31.5,0.00,-0.070
55.50,CROSSWIND,105.93,106.14,25.97,1.30,-0.1,0.3,8.5,-290.3,222,1.00,-0.067,-0.004,0.00,9,,442,0,-867,290,0.61,31.5,0.00,-0.073
55.60,CROSSWIND,106.06,106.25,26.05,1.28,-0.2,0.4,8.3,-293.4,221,1.00,-0.066,-0.003,0.00,9,,439,0,-866,293,0.58,31.5,0.00,-0.075
55.70,CROSSWIND,106.19,106.37,26.13,1.25,-0.3,0.5,8.2,-296.6,221,1.00,-0.065,-0.001,0.00,8,,436,0,-866,297,0.56,31.5,0.00,-0.077
55.80,CROSSWIND,106.31,106.49,26.20,1.22,-0.4,0.6,8.1,-299.7,220,1.00,-0.065,0.001,0.00,8,,433,0,-865,300,0.53,31.5,0.00,-0.078
55.90,CROSSWIND,106.43,106.60,26.28,1.19,-0.5,0.6,7.9,-302.9,220,1.00,-0.066,0.001,0.00,8,,430,0,-865,303,0.51,31.5,0.00,-0.079
56.00,CROSSWIND,106.55,106.71,26.36,1.16,-0.6,0.6,7.8,-306.1,220,1.00,-0.067,0.003,0.00,7,,426,0,-865,306,0.48,31.5,0.00,-0.081
56.10,CROSSWIND,106.67,106.82,26.44,1.14,-0.7,0.5,7.6,-309.3,219,1.00,-0.068,0.003,0.00,7,,423,0,-864,309,0.46,31.5,0.00,-0.082
56.20,CROSSWIND,106.78,106.93,26.52,1.11,-0.8,0.5,7.5,-312.4,219,1.00,-0.068,0.005,0.00,7,,420,0,-864,312,0.44,31.5,0.00,-0.083
56.30,CROSSWIND,106.89,107.03,26.60,1.09,-0.9,0.3,7.4,-315.6,219,1.00,-0.068,0.006,0.00,6,,417,0,-864,316,0.42,31.5,0.00,-0.085
56.40,CROSSWIND,107.00,107.14,26.68,1.06,-1.0,0.1,7.2,-318.9,218,1.00,-0.069,0.004,0.00,6,,414,0,-863,319,0.39,31.5,0.00,-0.086
56.50,CROSSWIND,107.10,107.24,26.77,1.04,-1.1,-0.2,7.1,-322.1,218,1.00,-0.069,0.005,0.00,6,,410,0,-863,322,0.37,31.5,0.00,-0.087
56.60,CROSSWIND,107.20,107.34,26.85,1.01,-1.2,-0.4,7.0,-325.3,218,1.00,-0.070,0.006,0.00,5,,407,0,-863,325,0.35,31.5,0.00,-0.089
56.70,CROSSWIND,107.31,107.43,26.93,0.99,-1.3,-0.6,7.0,-328.5,217,1.00,-0.071,0.004,0.00,5,,404,0,-862,329,0.33,31.5,0.00,-0.090
56.80,CROSSWIND,107.40,107.53,27.02,0.97,-1.3,-0.9,6.9,-331.8,217,1.00,-0.071,0.005,0.00,5,,401,0,-862,332,0.31,31.5,0.00,-0.091
56.90,CROSSWIND,107.50,107.62,27.10,0.95,-1.4,-1.2,6.8,-335.0,217,1.00,-0.072,0.005,0.00,4,,398,0,-862,335,0.29,31.5,0.00,-0.092
57.00,CROSSWIND,107.59,107.72,27.18,0.93,-1.5,-1.5,6.8,-338.3,216,1.00,-0.072,0.003,0.00,4,,394,0,-861,338,0.27,31.5,0.00,-0.093
57.10,CROSSWIND,107.69,107.81,27.27,0.91,-1.6,-1.8,6.8,-341.6,216,1.00,-0.073,0.004,0.00,3,,391,0,-861,342,0.26,31.5,0.00,-0.095
57.20,CROSSWIND,107.78,107.89,27.35,0.89,-1.6,-2.2,6.8,-344.8,215,1.00,-0.073,0.004,0.00,3,,388,0,-860,345,0.24,31.5,0.00,-0.096
57.30,CROSSWIND,107.86,107.98,27.44,0.87,-1.7,-2.5,6.8,-348.1,215,1.00,-0.074,0.002,0.00,3,,384,0,-860,348,0.22,31.5,0.00,-0.097
57.40,CROSSWIND,107.95,108.07,27.52,0.85,-1.8,-2.9,6.8,-351.4,215,1.00,-0.075,0.002,0.00,2,,381,0,-860,351,0.20,31.5,0.00,-0.098
57.50,CROSSWIND,108.03,108.15,27.61,0.83,-1.9,-3.3,6.9,-354.7,214,1.00,-0.075,0.002,0.00,2,,378,0,-859,355,0.19,31.5,0.00,-0.099
57.60,CROSSWIND,108.12,108.23,27.69,0.81,-1.9,-3.6,6.9,-358.0,214,1.00,-0.076,0.000,0.00,2,,374,0,-859,358,0.17,31.5,0.00,-0.100
57.70,CROSSWIND,108.20,108.31,27.78,0.79,-2.0,-4.0,7.0,-361.4,214,1.00,-0.076,0.000,0.00,1,,371,0,-859,361,0.15,31.5,0.00,-0.101
57.80,CROSSWIND,108.27,108.39,27.87,0.77,-2.1,-4.5,7.0,-364.7,213,1.00,-0.077,0.003,0.00,1,,368,0,-858,365,0.14,31.5,0.00,-0.102
57.90,CROSSWIND,108.35,108.46,27.95,0.75,-2.1,-5.0,6.9,-368.0,213,1.00,-0.077,0.008,0.00,0,,365,0,-858,368,0.12,31.5,0.00,-0.103
58.00,CROSSWIND,108.42,108.53,28.04,0.73,-2.2,-5.5,6.5,-371.4,212,1.00,-0.078,0.023,0.00,0,,361,0,-857,371,0.11,31.5,0.00,-0.104
58.10,CROSSWIND,108.50,108.61,28.12,0.71,-2.2,-5.9,6.1,-374.7,212,1.00,-0.078,0.029,0.00,0,,358,0,-857,375,0.09,31.5,0.00,-0.105
58.20,CROSSWIND,108.57,108.68,28.21,0.69,-2.3,-6.4,5.7,-378.1,211,1.00,-0.077,0.027,0.00,1,,354,0,-856,378,0.08,31.5,0.00,-0.106
58.30,CROSSWIND,108.64,108.75,28.30,0.68,-2.4,-6.9,5.4,-381.4,211,1.00,-0.077,0.027,0.00,1,,351,0,-856,381,0.07,31.5,0.00,-0.106
58.40,CROSSWIND,108.70,108.81,28.38,0.66,-2.4,-7.3,5.1,-384.8,211,1.00,-0.078,0.025,0.00,2,,348,0,-856,385,0.05,31.5,0.00,-0.107
58.50,CROSSWIND,108.77,108.88,28.47,0.64,-2.5,-7.8,4.9,-388.2,210,1.00,-0.077,0.020,0.00,2,,344,0,-855,388,0.04,31.5,0.00,-0.108
58.60,CROSSWIND,108.83,108.95,28.56,0.62,-2.6,-8.2,4.7,-391.6,210,1.00,-0.070,0.018,0.00,3,,341,0,-855,392,0.03,31.5,0.00,-0.108
58.70,CROSSWIND,108.89,109.01,28.65,0.58,-2.8,-8.7,4.5,-395.0,209,1.00,-0.062,0.016,0.00,3,,338,0,-854,395,0.02,31.5,0.00,-0.108
58.80,CROSSWIND,108.95,109.07,28.73,0.53,-2.9,-9.1,4.3,-398.4,209,1.00,-0.060,0.013,0.00,4,,334,0,-854,398,0.00,31.5,0.00,-0.107
58.90,CROSSWIND,109.00,109.13,28.82,0.49,-3.0,-9.6,4.0,-401.8,208,1.00,-0.062,0.010,0.00,4,,331,0,-853,402,-0.01,31.5,0.00,-0.106
59.00,CROSSWIND,109.05,109.18,28.91,0.46,-3.0,-10.0,3.8,-405.2,208,0.99,-0.065,0.008,0.00,5,,327,0,-853,405,-0.02,31.5,0.00,-0.106
59.10,CROSSWIND,109.09,109.24,29.00,0.43,-3.1,-10.4,3.6,-408.6,207,0.98,-0.065,0.007,0.00,5,,324,0,-852,409,-0.03,31.5,0.04,-0.105
59.20,CROSSWIND,109.14,109.29,29.08,0.41,-3.1,-10.8,3.3,-412.0,206,0.97,-0.064,0.006,0.00,6,,321,0,-851,412,-0.03,31.5,0.09,-0.103
59.30,CROSSWIND,109.18,109.34,29.17,0.38,-3.2,-11.3,3.0,-415.4,206,0.95,-0.063,0.005,0.00,7,,317,0,-851,415,-0.04,31.5,0.14,-0.102
59.40,CROSSWIND,109.21,109.38,29.24,0.35,-3.2,-11.8,2.7,-418.9,205,0.94,-0.062,0.004,0.00,7,,314,0,-850,419,-0.05,31.5,0.19,-0.100
59.50,DOWNWIND,109.25,109.43,29.32,0.32,-3.2,-12.3,2.4,-422.3,205,0.93,-0.062,0.001,0.00,310,,2214,0,-850,422,-0.06,31.5,0.24,-0.099
59.60,DOWNWIND,109.28,109.47,29.39,0.30,-3.3,-12.6,2.1,-425.7,204,0.92,-0.061,0.001,0.00,307,,2214,0,-849,426,-0.06,31.5,0.29,-0.097
59.70,DOWNWIND,109.31,109.51,29.47,0.27,-3.3,-13.0,1.8,-429.2,203,0.91,-0.060,0.002,0.00,303,,2213,0,-848,429,-0.07,31.5,0.34,-0.095
59.80,DOWNWIND,109.33,109.55,29.54,0.25,-3.3,-13.4,1.5,-432.6,203,0.90,-0.059,0.001,0.00,300,,2212,0,-848,433,-0.07,31.5,0.39,-0.092
59.90,DOWNWIND,109.36,109.58,29.60,0.22,-3.3,-13.7,1.2,-436.0,202,0.88,-0.058,0.000,0.00,296,,2211,0,-847,436,-0.08,31.5,0.44,-0.090
60.00,DOWNWIND,109.38,109.62,29.67,0.20,-3.3,-14.1,0.9,-439.5,201,0.88,-0.057,0.001,0.00,293,,2211,0,-846,439,-0.08,31.5,0.49,-0.088
60.10,DOWNWIND,109.40,109.65,29.73,0.18,-3.3,-14.4,0.6,-442.9,200,0.87,-0.057,0.001,0.00,290,,2210,0,-845,443,-0.09,31.5,0.54,-0.086
60.20,DOWNWIND,109.42,109.67,29.79,0.17,-3.2,-14.8,0.4,-446.4,200,0.86,-0.056,-0.001,0.00,286,,2209,0,-845,446,-0.09,31.5,0.59,-0.084
60.30,DOWNWIND,109.43,109.70,29.85,0.16,-3.2,-15.1,0.3,-449.8,199,0.85,-0.055,-0.002,0.00,283,,2208,0,-844,450,-0.09,31.5,0.64,-0.082
60.40,DOWNWIND,109.45,109.72,29.91,0.15,-3.2,-15.4,0.1,-453.3,198,0.84,-0.054,-0.002,0.00,279,,2208,0,-843,453,-0.10,31.5,0.69,-0.080
60.50,DOWNWIND,109.46,109.75,29.96,0.15,-3.2,-15.7,-0.0,-456.7,197,0.83,-0.054,-0.002,0.00,276,,2207,0,-842,457,-0.10,31.5,0.74,-0.078
60.60,DOWNWIND,109.48,109.77,30.01,0.15,-3.1,-16.0,-0.1,-460.1,196,0.82,-0.053,-0.005,0.00,272,,2206,0,-841,460,-0.10,31.5,0.79,-0.076
60.70,DOWNWIND,109.49,109.79,30.06,0.15,-3.1,-16.3,-0.1,-463.6,195,0.81,-0.052,-0.006,0.00,269,,2205,0,-840,464,-0.11,31.5,0.84,-0.075
60.80,DOWNWIND,109.51,109.81,30.11,0.16,-3.1,-16.6,-0.2,-467.0,194,0.81,-0.052,-0.006,0.00,266,,2204,0,-839,467,-0.11,31.5,0.89,-0.074
60.90,DOWNWIND,109.52,109.83,30.15,0.17,-3.0,-16.9,-0.2,-470.4,193,0.80,-0.051,-0.008,0.00,262,,2203,0,-838,470,-0.11,31.5,0.94,-0.072
61.00,DOWNWIND,109.54,109.85,30.19,0.18,-3.0,-17.1,-0.1,-473.8,192,0.79,-0.051,-0.010,0.00,259,,2202,0,-837,474,-0.11,31.5,0.99,-0.071
61.10,DOWNWIND,109.56,109.88,30.23,0.19,-3.0,-17.4,-0.1,-477.3,191,0.78,-0.052,-0.011,0.00,255,,2201,0,-836,477,-0.12,31.5,1.00,-0.071
61.20,DOWNWIND,109.58,109.90,30.27,0.21,-2.9,-17.6,-0.1,-480.7,190,0.78,-0.053,-0.012,0.00,252,,2200,0,-835,481,-0.12,31.5,1.00,-0.072
61.30,DOWNWIND,109.60,109.93,30.30,0.23,-2.9,-17.8,-0.0,-484.1,189,0.77,-0.053,-0.014,0.00,248,,2199,0,-834,484,-0.13,31.5,1.00,-0.073
61.40,DOWNWIND,109.62,109.95,30.34,0.24,-2.9,-18.0,0.0,-487.5,188,0.77,-0.053,-0.015,0.00,245,,2198,0,-833,487,-0.13,31.5,1.00,-0.074
61.50,DOWNWIND,109.65,109.98,30.37,0.25,-2.9,-18.2,0.0,-490.8,187,0.76,-0.053,-0.016,0.00,242,,2196,0,-832,491,-0.14,31.5,1.00,-0.074
61.60,DOWNWIND,109.67,110.01,30.40,0.26,-2.9,-18.4,0.1,-494.2,185,0.76,-0.053,-0.016,0.00,238,,2195,0,-830,494,-0.14,31.5,1.00,-0.075
61.70,DOWNWIND,109.70,110.04,30.42,0.26,-2.9,-18.6,0.1,-497.6,184,0.75,-0.054,-0.017,0.00,235,,2194,0,-829,498,-0.15,31.5,1.00,-0.076
61.80,DOWNWIND,109.73,110.07,30.45,0.27,-2.9,-18.7,0.2,-500.9,183,0.75,-0.054,-0.018,0.00,232,,2193,0,-828,501,-0.15,31.5,1.00,-0.077
61.90,DOWNWIND,109.75,110.10,30.47,0.27,-2.9,-18.8,0.2,-504.3,182,0.74,-0.054,-0.018,0.00,228,,2191,0,-827,504,-0.16,31.5,1.00,-0.078
62.00,DOWNWIND,109.78,110.13,30.50,0.26,-2.9,-19.0,0.2,-507.6,180,0.74,-0.054,-0.018,0.00,225,,2190,0,-825,508,-0.16,31.5,1.00,-0.078
62.10,DOWNWIND,109.81,110.16,30.52,0.26,-2.9,-19.1,0.2,-510.9,179,0.73,-0.055,-0.019,0.00,222,,2189,0,-824,511,-0.17,31.5,1.00,-0.079
62.20,DOWNWIND,109.83,110.18,30.55,0.25,-2.9,-19.2,0.2,-514.2,178,0.73,-0.055,-0.019,0.00,218,,2187,0,-823,514,-0.17,31.5,1.00,-0.080
62.30,DOWNWIND,109.86,110.21,30.57,0.24,-2.9,-19.3,0.3,-517.5,176,0.73,-0.055,-0.019,0.00,215,,2186,0,-821,518,-0.18,31.5,1.00,-0.080
62.40,DOWNWIND,109.88,110.24,30.59,0.23,-3.0,-19.4,0.3,-520.8,175,0.73,-0.055,-0.020,0.00,212,,2185,0,-820,521,-0.18,31.5,1.00,-0.081
62.50,DOWNWIND,109.90,110.26,30.61,0.22,-3.0,-19.5,0.3,-524.0,173,0.72,-0.055,-0.020,0.00,208,,2183,0,-818,524,-0.19,31.5,1.00,-0.081
62.60,DOWNWIND,109.93,110.28,30.63,0.21,-3.0,-19.6,0.4,-527.3,172,0.72,-0.055,-0.020,0.00,205,,2182,0,-817,527,-0.19,31.5,1.00,-0.081
62.70,DOWNWIND,109.95,110.30,30.65,0.20,-3.0,-19.7,0.4,-530.5,170,0.72,-0.055,-0.020,0.00,202,,2180,0,-815,531,-0.20,31.5,1.00,-0.081
62.80,DOWNWIND,109.96,110.32,30.68,0.18,-3.0,-19.8,0.5,-533.7,169,0.71,-0.055,-0.021,0.00,199,,2178,0,-814,534,-0.20,31.5,1.00,-0.082
62.90,DOWNWIND,109.98,110.34,30.70,0.17,-3.1,-19.9,0.5,-536.9,167,0.71,-0.055,-0.021,0.00,196,,2177,0,-812,537,-0.20,31.5,1.00,-0.082
63.00,DOWNWIND,110.00,110.36,30.72,0.15,-3.1,-20.0,0.6,-540.1,166,0.71,-0.054,-0.021,0.00,192,,2175,0,-811,540,-0.21,31.5,1.00,-0.082
63.10,DOWNWIND,110.01,110.37,30.74,0.14,-3.1,-20.1,0.6,-543.3,164,0.71,-0.054,-0.021,0.00,189,,2174,0,-809,543,-0.21,31.5,1.00,-0.082
63.20,DOWNWIND,110.03,110.39,30.75,0.13,-3.1,-20.1,0.7,-546.4,162,0.70,-0.054,-0.023,0.00,186,,2172,0,-807,546,-0.21,31.5,1.00,-0.082
63.30,DOWNWIND,110.04,110.40,30.77,0.12,-3.1,-20.2,0.8,-549.6,160,0.70,-0.054,-0.023,0.00,183,,2170,0,-805,550,-0.21,31.5,1.00,-0.082
63.40,DOWNWIND,110.05,110.41,30.79,0.10,-3.1,-20.2,0.9,-552.7,159,0.70,-0.054,-0.023,0.00,180,,2168,0,-804,553,-0.22,31.5,1.00,-0.082
63.50,DOWNWIND,110.06,110.42,30.81,0.09,-3.2,-20.3,1.0,-555.8,157,0.70,-0.054,-0.024,0.00,177,,2167,0,-802,556,-0.22,31.5,1.00,-0.082
63.60,DOWNWIND,110.07,110.43,30.83,0.08,-3.2,-20.4,1.1,-558.9,155,0.69,-0.054,-0.025,0.00,174,,2165,0,-800,559,-0.22,31.5,1.00,-0.082
63.70,DOWNWIND,110.08,110.43,30.85,0.07,-3.2,-20.4,1.2,-561.9,153,0.69,-0.054,-0.025,0.00,171,,2163,0,-798,562,-0.22,31.5,1.00,-0.082
63.80,DOWNWIND,110.08,110.44,30.87,0.06,-3.2,-20.4,1.3,-565.0,151,0.69,-0.054,-0.025,0.00,168,,2161,0,-796,565,-0.22,31.5,1.00,-0.082
63.90,DOWNWIND,110.09,110.45,30.88,0.06,-3.2,-20.5,1.4,-568.0,150,0.69,-0.053,-0.026,0.00,165,,2159,0,-795,568,-0.22,31.5,1.00,-0.082
64.00,DOWNWIND,110.10,110.45,30.90,0.05,-3.2,-20.5,1.5,-571.0,148,0.69,-0.054,-0.027,0.00,162,,2157,0,-793,571,-0.23,31.5,1.00,-0.082
64.10,DOWNWIND,110.10,110.46,30.92,0.04,-3.3,-20.5,1.6,-574.0,146,0.68,-0.054,-0.026,0.00,159,,2155,0,-791,574,-0.23,31.5,1.00,-0.082
64.20,DOWNWIND,110.10,110.46,30.93,0.03,-3.3,-20.5,1.7,-576.9,144,0.68,-0.054,-0.028,0.00,156,,2153,0,-789,577,-0.23,31.5,1.00,-0.082
64.30,DOWNWIND,110.11,110.46,30.95,0.03,-3.3,-20.5,1.8,-579.9,142,0.68,-0.053,-0.028,0.00,153,,2151,0,-787,580,-0.23,31.5,1.00,-0.082
64.40,DOWNWIND,110.11,110.47,30.96,0.02,-3.3,-20.5,1.9,-582.8,140,0.68,-0.054,-0.028,0.00,150,,2149,0,-785,583,-0.23,31.5,1.00,-0.082
64.50,DOWNWIND,110.11,110.47,30.98,0.02,-3.3,-20.6,2.0,-585.7,138,0.68,-0.054,-0.028,0.00,147,,2147,0,-783,586,-0.23,31.5,1.00,-0.082
64.60,DOWNWIND,110.11,110.47,30.99,0.01,-3.3,-20.6,2.1,-588.5,136,0.67,-0.054,-0.029,0.00,144,,2145,0,-781,589,-0.23,31.5,1.00,-0.082
64.70,DOWNWIND,110.11,110.47,31.01,0.01,-3.3,-20.5,2.2,-591.4,133,0.67,-0.054,-0.029,0.00,141,,2143,0,-778,591,-0.23,31.5,1.00,-0.082
64.80,DOWNWIND,110.12,110.47,31.02,0.00,-3.3,-20.5,2.3,-594.2,131,0.67,-0.054,-0.029,0.00,138,,2141,0,-776,594,-0.23,31.5,1.00,-0.082
64.90,DOWNWIND,110.12,110.47,31.03,-0.00,-3.3,-20.5,2.4,-597.0,129,0.67,-0.054,-0.029,0.00,136,,2139,0,-774,597,-0.23,31.5,1.00,-0.082
65.00,DOWNWIND,110.11,110.47,31.05,-0.01,-3.3,-20.5,2.5,-599.8,127,0.67,-0.054,-0.031,0.00,133,,2137,0,-772,600,-0.23,31.5,1.00,-0.082
65.10,DOWNWIND,110.11,110.47,31.06,-0.01,-3.4,-20.5,2.6,-602.5,125,0.67,-0.054,-0.030,0.00,130,,2134,0,-770,603,-0.23,31.5,1.00,-0.082
65.20,DOWNWIND,110.11,110.47,31.07,-0.02,-3.4,-20.5,2.7,-605.2,122,0.66,-0.054,-0.029,0.00,127,,2132,0,-767,605,-0.23,31.5,1.00,-0.082
65.30,DOWNWIND,110.11,110.47,31.08,-0.02,-3.4,-20.5,2.8,-607.9,120,0.66,-0.054,-0.032,0.00,125,,2130,0,-765,608,-0.23,31.5,1.00,-0.082
65.40,DOWNWIND,110.11,110.46,31.10,-0.02,-3.4,-20.4,2.9,-610.6,118,0.66,-0.054,-0.031,0.00,122,,2127,0,-763,611,-0.23,31.5,1.00,-0.082
65.50,DOWNWIND,110.11,110.46,31.11,-0.02,-3.4,-20.4,3.0,-613.2,115,0.66,-0.054,-0.031,0.00,119,,2125,0,-760,613,-0.23,31.5,1.00,-0.082
65.60,DOWNWIND,110.10,110.46,31.12,-0.03,-3.4,-20.4,3.1,-615.8,113,0.66,-0.054,-0.031,0.00,117,,2123,0,-758,616,-0.23,31.5,1.00,-0.082
65.70,DOWNWIND,110.10,110.45,31.13,-0.03,-3.4,-20.3,3.2,-618.4,111,0.66,-0.054,-0.033,0.00,114,,2120,0,-756,618,-0.23,31.5,1.00,-0.082
65.80,DOWNWIND,110.10,110.45,31.14,-0.03,-3.4,-20.3,3.4,-621.0,108,0.65,-0.054,-0.032,0.00,112,,2118,0,-753,621,-0.23,31.5,1.00,-0.082
65.90,DOWNWIND,110.10,110.44,31.15,-0.03,-3.4,-20.3,3.5,-623.5,106,0.65,-0.054,-0.031,0.00,109,,2116,0,-751,624,-0.23,31.5,1.00,-0.082
66.00,DOWNWIND,110.09,110.44,31.16,-0.03,-3.4,-20.2,3.6,-626.0,103,0.65,-0.054,-0.034,0.00,106,,2113,0,-748,626,-0.23,31.5,1.00,-0.082
66.10,DOWNWIND,110.09,110.43,31.17,-0.03,-3.4,-20.2,3.7,-628.5,101,0.65,-0.054,-0.033,0.00,104,,2111,0,-746,629,-0.22,31.5,1.00,-0.082
66.20,DOWNWIND,110.09,110.42,31.18,-0.03,-3.4,-20.1,3.8,-631.0,98,0.65,-0.054,-0.032,0.00,102,,2108,0,-743,631,-0.22,31.5,1.00,-0.082
66.30,DOWNWIND,110.08,110.42,31.19,-0.03,-3.4,-20.1,3.9,-633.4,96,0.65,-0.054,-0.035,0.00,99,,2106,0,-741,633,-0.22,31.5,1.00,-0.082
66.40,DOWNWIND,110.08,110.41,31.20,-0.03,-3.4,-20.0,4.0,-635.8,93,0.65,-0.054,-0.034,0.00,97,,2103,0,-738,636,-0.22,31.5,1.00,-0.082
66.50,DOWNWIND,110.08,110.41,31.20,-0.03,-3.4,-20.0,4.1,-638.2,91,0.65,-0.055,-0.034,0.00,94,,2101,0,-736,638,-0.22,31.5,1.00,-0.082
66.60,DOWNWIND,110.07,110.40,31.21,-0.03,-3.5,-20.0,4.2,-640.5,88,0.65,-0.055,-0.034,0.00,92,,2098,0,-733,641,-0.22,31.5,1.00,-0.082
66.70,DOWNWIND,110.07,110.40,31.22,-0.03,-3.5,-19.9,4.3,-642.8,86,0.64,-0.055,-0.035,0.00,90,,2095,0,-731,643,-0.22,31.5,1.00,-0.082
66.80,DOWNWIND,110.07,110.39,31.23,-0.03,-3.5,-19.9,4.4,-645.1,83,0.64,-0.055,-0.035,0.00,87,,2093,0,-728,645,-0.22,31.5,1.00,-0.082
66.90,DOWNWIND,110.06,110.39,31.24,-0.03,-3.5,-19.8,4.5,-647.4,80,0.64,-0.055,-0.034,0.00,85,,2090,0,-725,647,-0.22,31.5,1.00,-0.082
67.00,DOWNWIND,110.06,110.39,31.24,-0.03,-3.5,-19.7,4.6,-649.6,78,0.64,-0.055,-0.037,0.00,83,,2087,0,-723,650,-0.22,31.5,1.00,-0.083
67.10,DOWNWIND,110.06,110.38,31.25,-0.03,-3.5,-19.5,4.7,-651.8,75,0.64,-0.055,-0.036,0.00,81,,2085,0,-720,652,-0.22,31.5,1.00,-0.083
67.20,DOWNWIND,110.05,110.38,31.26,-0.03,-3.5,-19.4,4.8,-654.0,72,0.64,-0.055,-0.036,0.00,79,,2082,0,-717,654,-0.22,31.5,1.00,-0.083
67.30,DOWNWIND,110.05,110.38,31.26,-0.03,-3.5,-19.3,4.9,-656.1,70,0.64,-0.055,-0.036,0.00,76,,2079,0,-715,656,-0.22,31.5,1.00,-0.083
67.40,DOWNWIND,110.05,110.38,31.27,-0.02,-3.5,-19.2,5.0,-658.2,67,0.64,-0.056,-0.037,0.00,74,,2077,0,-712,658,-0.22,31.5,1.00,-0.083
67.50,DOWNWIND,110.05,110.38,31.27,-0.02,-3.5,-19.1,5.1,-660.3,64,0.64,-0.056,-0.036,0.00,72,,2074,0,-709,660,-0.22,31.5,1.00,-0.083
67.60,DOWNWIND,110.04,110.38,31.28,-0.02,-3.5,-19.0,5.2,-662.3,61,0.64,-0.056,-0.036,0.00,70,,2071,0,-706,662,-0.22,31.5,1.00,-0.084
67.70,DOWNWIND,110.04,110.38,31.28,-0.01,-3.5,-19.0,5.3,-664.3,59,0.63,-0.056,-0.037,0.00,68,,2068,0,-704,664,-0.21,31.5,1.00,-0.084
67.80,DOWNWIND,110.04,110.39,31.29,-0.01,-3.5,-18.9,5.3,-666.3,56,0.63,-0.057,-0.037,0.00,66,,2065,0,-701,666,-0.21,31.5,1.00,-0.084
67.90,DOWNWIND,110.04,110.39,31.29,-0.01,-3.5,-18.8,5.4,-668.3,53,0.63,-0.057,-0.036,0.00,64,,2063,0,-698,668,-0.21,31.5,1.00,-0.084
68.00,DOWNWIND,110.04,110.40,31.30,-0.01,-3.5,-18.8,5.5,-670.2,50,0.63,-0.057,-0.038,0.00,62,,2060,0,-695,670,-0.21,31.5,1.00,-0.085
68.10,DOWNWIND,110.04,110.40,31.30,-0.01,-3.6,-18.7,5.5,-672.1,47,0.63,-0.057,-0.038,0.00,60,,2057,0,-692,672,-0.21,31.5,1.00,-0.085
68.20,DOWNWIND,110.04,110.41,31.30,-0.01,-3.6,-18.6,5.6,-674.0,44,0.63,-0.058,-0.037,0.00,59,,2054,0,-689,674,-0.21,31.5,1.00,-0.085
68.30,DOWNWIND,110.04,110.41,31.31,-0.01,-3.6,-18.6,5.6,-675.8,42,0.63,-0.058,-0.038,0.00,57,,2051,0,-687,676,-0.21,31.5,1.00,-0.085
68.40,DOWNWIND,110.04,110.42,31.31,-0.01,-3.6,-18.5,5.7,-677.6,39,0.63,-0.058,-0.038,0.00,55,,2048,0,-684,678,-0.21,31.5,1.00,-0.085
68.50,DOWNWIND,110.04,110.43,31.32,-0.01,-3.6,-18.5,5.7,-679.4,36,0.63,-0.058,-0.037,0.00,53,,2045,0,-681,679,-0.21,31.5,1.00,-0.086
68.60,DOWNWIND,110.03,110.43,31.32,-0.01,-3.6,-18.4,5.8,-681.2,33,0.63,-0.058,-0.039,0.00,51,,2043,0,-678,681,-0.21,31.5,1.00,-0.086
68.70,DOWNWIND,110.03,110.44,31.32,-0.02,-3.6,-18.4,5.8,-682.9,30,0.63,-0.058,-0.038,0.00,50,,2040,0,-675,683,-0.21,31.5,1.00,-0.086
68.80,DOWNWIND,110.03,110.44,31.33,-0.02,-3.6,-18.3,5.9,-684.6,27,0.63,-0.059,-0.037,0.00,48,,2037,0,-672,685,-0.21,31.5,1.00,-0.086
68.90,DOWNWIND,110.03,110.44,31.33,-0.02,-3.6,-18.3,5.9,-686.2,24,0.62,-0.058,-0.037,0.00,46,,2034,0,-669,686,-0.21,31.5,1.00,-0.086
69.00,DOWNWIND,110.03,110.44,31.33,-0.03,-3.6,-18.2,5.9,-687.9,21,0.62,-0.059,-0.038,0.00,45,,2031,0,-666,688,-0.21,31.5,1.00,-0.086
69.10,DOWNWIND,110.02,110.44,31.33,-0.03,-3.6,-18.2,6.0,-689.5,18,0.62,-0.059,-0.038,0.00,43,,2028,0,-663,689,-0.21,31.5,1.00,-0.086
69.20,DOWNWIND,110.02,110.44,31.34,-0.03,-3.6,-18.2,6.0,-691.0,15,0.62,-0.059,-0.038,0.00,41,,2025,0,-660,691,-0.21,31.5,1.00,-0.086
69.30,DOWNWIND,110.02,110.44,31.34,-0.04,-3.6,-18.1,6.1,-692.6,12,0.62,-0.059,-0.039,0.00,40,,2022,0,-657,693,-0.21,31.5,1.00,-0.086
69.40,DOWNWIND,110.01,110.44,31.34,-0.04,-3.6,-18.1,6.1,-694.1,9,0.62,-0.059,-0.038,0.00,38,,2019,0,-654,694,-0.21,31.5,1.00,-0.086
69.50,DOWNWIND,110.01,110.43,31.35,-0.04,-3.6,-18.1,6.2,-695.6,6,0.62,-0.059,-0.038,0.00,37,,2016,0,-651,696,-0.21,31.5,1.00,-0.086
69.60,DOWNWIND,110.00,110.43,31.35,-0.05,-3.7,-18.0,6.2,-697.0,3,0.62,-0.059,-0.040,0.00,36,,2013,0,-648,697,-0.21,31.5,1.00,-0.086
69.70,DOWNWIND,110.00,110.42,31.35,-0.05,-3.7,-18.0,6.2,-698.5,0,0.62,-0.059,-0.041,0.00,34,,2010,0,-645,698,-0.21,31.5,1.00,-0.086
69.80,DOWNWIND,109.99,110.42,31.36,-0.05,-3.7,-17.9,6.3,-699.8,-3,0.62,-0.059,-0.040,0.00,33,,2007,0,-642,700,-0.21,31.5,1.00,-0.086
69.90,DOWNWIND,109.99,110.41,31.36,-0.05,-3.7,-17.7,6.4,-701.2,-6,0.62,-0.058,-0.040,0.00,31,,2004,0,-639,701,-0.20,31.5,1.00,-0.086
70.00,DOWNWIND,109.98,110.41,31.36,-0.05,-3.7,-17.6,6.4,-702.5,-9,0.62,-0.058,-0.040,0.00,30,,2001,0,-636,703,-0.20,31.5,1.00,-0.086
70.10,DOWNWIND,109.98,110.40,31.36,-0.05,-3.7,-17.6,6.5,-703.8,-12,0.62,-0.059,-0.040,0.00,29,,1997,0,-633,704,-0.20,31.5,1.00,-0.086
70.20,DOWNWIND,109.97,110.40,31.37,-0.05,-3.7,-17.5,6.6,-705.1,-15,0.62,-0.059,-0.041,0.00,27,,1994,0,-630,705,-0.20,31.5,1.00,-0.086
70.30,DOWNWIND,109.97,110.39,31.37,-0.05,-3.7,-17.4,6.6,-706.3,-18,0.62,-0.059,-0.041,0.00,26,,1991,0,-627,706,-0.20,31.5,1.00,-0.087
70.40,DOWNWIND,109.96,110.39,31.37,-0.04,-3.7,-17.3,6.7,-707.6,-21,0.62,-0.059,-0.040,0.00,25,,1988,0,-624,708,-0.20,31.5,1.00,-0.087
70.50,DOWNWIND,109.96,110.39,31.37,-0.04,-3.7,-17.3,6.7,-708.7,-25,0.62,-0.059,-0.042,0.00,24,,1985,0,-620,709,-0.20,31.5,1.00,-0.087
70.60,DOWNWIND,109.96,110.38,31.37,-0.04,-3.7,-17.2,6.8,-709.9,-28,0.62,-0.060,-0.041,0.00,23,,1982,0,-617,710,-0.20,31.5,1.00,-0.087
70.70,DOWNWIND,109.95,110.38,31.38,-0.04,-3.7,-17.2,6.8,-711.0,-31,0.62,-0.060,-0.041,0.00,22,,1979,0,-614,711,-0.20,31.5,1.00,-0.087
70.80,DOWNWIND,109.95,110.38,31.38,-0.04,-3.7,-17.1,6.8,-712.1,-34,0.62,-0.060,-0.042,0.00,20,,1976,0,-611,712,-0.20,31.5,1.00,-0.087
70.90,DOWNWIND,109.94,110.38,31.38,-0.04,-3.7,-17.0,6.8,-713.2,-37,0.62,-0.060,-0.042,0.00,19,,1973,0,-608,713,-0.20,31.5,1.00,-0.087
71.00,DOWNWIND,109.94,110.38,31.38,-0.04,-3.8,-17.0,6.9,-714.2,-40,0.61,-0.060,-0.041,0.00,18,,1970,0,-605,714,-0.19,31.5,1.00,-0.087
71.10,DOWNWIND,109.94,110.38,31.38,-0.04,-3.8,-16.9,6.9,-715.2,-43,0.61,-0.060,-0.042,0.00,17,,1966,0,-602,715,-0.19,31.5,1.00,-0.087
71.20,DOWNWIND,109.93,110.38,31.38,-0.04,-3.8,-16.8,6.9,-716.2,-46,0.61,-0.060,-0.042,0.00,16,,1963,0,-599,716,-0.19,31.5,1.00,-0.088
71.30,DOWNWIND,109.93,110.38,31.39,-0.04,-3.8,-16.7,6.9,-717.1,-49,0.61,-0.060,-0.041,0.00,15,,1960,0,-596,717,-0.19,31.5,1.00,-0.088
71.40,DOWNWIND,109.92,110.38,31.39,-0.04,-3.8,-16.6,7.0,-718.0,-53,0.61,-0.060,-0.043,0.00,15,,1957,0,-592,718,-0.19,31.5,1.00,-0.088
71.50,DOWNWIND,109.92,110.38,31.39,-0.04,-3.8,-16.4,7.0,-718.9,-56,0.61,-0.060,-0.042,0.00,14,,1954,0,-589,719,-0.19,31.5,1.00,-0.088
71.60,DOWNWIND,109.91,110.37,31.39,-0.04,-3.8,-16.3,7.0,-719.8,-59,0.61,-0.060,-0.042,0.00,13,,1951,0,-586,720,-0.19,31.5,1.00,-0.088
71.70,DOWNWIND,109.91,110.37,31.39,-0.04,-3.8,-16.1,7.0,-720.6,-62,0.61,-0.060,-0.043,0.00,12,,1948,0,-583,721,-0.19,31.5,1.00,-0.088
71.80,DOWNWIND,109.91,110.37,31.39,-0.03,-3.8,-15.9,7.1,-721.4,-65,0.61,-0.060,-0.042,0.00,11,,1945,0,-580,721,-0.19,31.5,1.00,-0.088
71.90,DOWNWIND,109.90,110.37,31.39,-0.03,-3.8,-15.7,7.1,-722.2,-68,0.61,-0.061,-0.042,0.00,10,,1941,0,-577,722,-0.19,31.5,1.00,-0.088
72.00,DOWNWIND,109.90,110.37,31.39,-0.02,-3.8,-15.5,7.1,-722.9,-71,0.61,-0.061,-0.043,0.00,10,,1938,0,-574,723,-0.19,31.5,1.00,-0.089
72.10,DOWNWIND,109.90,110.37,31.39,-0.02,-3.8,-15.3,7.2,-723.7,-75,0.61,-0.061,-0.044,0.00,9,,1935,0,-570,724,-0.19,31.5,1.00,-0.089
72.20,DOWNWIND,109.90,110.37,31.39,-0.01,-3.9,-15.0,7.2,-724.3,-78,0.61,-0.061,-0.043,0.00,8,,1932,0,-567,724,-0.19,31.5,1.00,-0.089
72.30,DOWNWIND,109.90,110.38,31.39,-0.00,-3.9,-14.8,7.2,-725.0,-81,0.61,-0.061,-0.044,0.00,8,,1929,0,-564,725,-0.19,31.5,1.00,-0.090
72.40,DOWNWIND,109.90,110.38,31.39,0.00,-3.9,-14.5,7.3,-725.7,-84,0.61,-0.062,-0.044,0.00,7,,1926,0,-561,726,-0.19,31.5,1.00,-0.090
72.50,DOWNWIND,109.90,110.38,31.39,0.01,-3.9,-14.2,7.3,-726.3,-87,0.61,-0.062,-0.044,0.00,6,,1922,0,-558,726,-0.19,31.5,1.00,-0.091
72.60,DOWNWIND,109.90,110.38,31.39,0.02,-3.9,-14.0,7.3,-726.9,-90,0.61,-0.062,-0.044,0.00,6,,1919,0,-555,727,-0.19,31.5,1.00,-0.091
72.70,DOWNWIND,109.90,110.39,31.39,0.03,-3.9,-13.7,7.3,-727.4,-94,0.61,-0.063,-0.044,0.00,5,,1916,0,-551,727,-0.19,31.5,1.00,-0.092
72.80,DOWNWIND,109.91,110.39,31.39,0.04,-3.9,-13.4,7.3,-728.0,-97,0.61,-0.063,-0.044,0.00,5,,1913,0,-548,728,-0.19,31.5,1.00,-0.092
72.90,DOWNWIND,109.91,110.40,31.39,0.05,-3.9,-13.1,7.3,-728.5,-100,0.61,-0.064,-0.044,0.00,4,,1910,0,-545,728,-0.19,31.5,1.00,-0.093
73.00,DOWNWIND,109.91,110.41,31.39,0.06,-4.0,-12.8,7.3,-729.0,-103,0.61,-0.064,-0.044,0.00,4,,1907,0,-542,729,-0.19,31.5,1.00,-0.094
73.10,DOWNWIND,109.92,110.41,31.38,0.06,-4.0,-12.5,7.2,-729.4,-106,0.61,-0.065,-0.044,0.00,3,,1904,0,-539,729,-0.19,31.5,1.00,-0.094
73.20,DOWNWIND,109.93,110.42,31.38,0.07,-4.0,-12.2,7.2,-729.9,-109,0.61,-0.065,-0.044,0.00,3,,1900,0,-536,730,-0.19,31.5,1.00,-0.095
73.30,DOWNWIND,109.93,110.43,31.38,0.08,-4.0,-11.9,7.1,-730.3,-112,0.61,-0.065,-0.043,0.00,2,,1897,0,-533,730,-0.19,31.5,1.00,-0.095
73.40,DOWNWIND,109.94,110.44,31.38,0.08,-4.0,-11.6,7.0,-730.7,-116,0.61,-0.066,-0.043,0.00,2,,1894,0,-529,731,-0.19,31.5,1.00,-0.096
73.50,DOWNWIND,109.95,110.45,31.38,0.09,-4.0,-11.3,6.9,-731.1,-119,0.61,-0.066,-0.043,0.00,1,,1891,0,-526,731,-0.20,31.5,1.00,-0.097
73.60,DOWNWIND,109.96,110.47,31.37,0.09,-4.0,-11.0,6.8,-731.5,-122,0.61,-0.067,-0.043,0.00,1,,1888,0,-523,731,-0.20,31.5,1.00,-0.097
73.70,DOWNWIND,109.97,110.48,31.37,0.09,-4.1,-10.7,6.7,-731.8,-125,0.61,-0.067,-0.043,0.00,1,,1885,0,-520,732,-0.20,31.5,1.00,-0.098
73.80,DOWNWIND,109.98,110.49,31.37,0.09,-4.1,-10.4,6.6,-732.1,-128,0.61,-0.067,-0.042,0.00,0,,1881,0,-517,732,-0.20,31.5,1.00,-0.098
73.90,DOWNWIND,109.99,110.50,31.37,0.10,-4.1,-10.1,6.4,-732.4,-131,0.61,-0.068,-0.042,0.00,0,,1878,0,-514,732,-0.20,31.5,1.00,-0.099
74.00,DOWNWIND,110.00,110.52,31.37,0.10,-4.1,-9.7,6.3,-732.7,-134,0.61,-0.068,-0.042,0.00,0,,1875,0,-511,733,-0.21,31.5,1.00,-0.099
74.10,DOWNWIND,110.01,110.53,31.36,0.10,-4.1,-9.4,6.1,-733.0,-138,0.61,-0.068,-0.042,0.00,0,,1872,0,-507,733,-0.21,31.5,1.00,-0.100
74.20,DOWNWIND,110.02,110.54,31.36,0.10,-4.1,-9.1,5.9,-733.3,-141,0.61,-0.069,-0.041,0.00,1,,1869,0,-504,733,-0.21,31.5,1.00,-0.100
74.30,DOWNWIND,110.03,110.56,31.36,0.10,-4.2,-8.8,5.8,-733.5,-144,0.61,-0.069,-0.041,0.00,1,,1866,0,-501,733,-0.21,31.5,1.00,-0.101
74.40,DOWNWIND,110.04,110.57,31.36,0.10,-4.2,-8.5,5.6,-733.7,-147,0.61,-0.069,-0.041,0.00,1,,1863,0,-498,734,-0.21,31.5,1.00,-0.101
74.50,DOWNWIND,110.05,110.58,31.36,0.10,-4.2,-8.2,5.4,-733.9,-150,0.61,-0.069,-0.041,0.00,1,,1860,0,-495,734,-0.22,31.5,1.00,-0.101
74.60,DOWNWIND,110.06,110.60,31.35,0.09,-4.2,-8.0,5.2,-734.1,-153,0.61,-0.070,-0.041,0.00,2,,1856,0,-492,734,-0.22,31.5,1.00,-0.102
74.70,DOWNWIND,110.06,110.61,31.35,0.09,-4.2,-7.7,5.3,-734.3,-156,0.61,-0.070,-0.054,0.00,2,,1853,0,-489,734,-0.22,31.5,1.00,-0.102
74.80,DOWNWIND,110.07,110.62,31.35,0.09,-4.3,-7.4,5.6,-734.5,-160,0.61,-0.070,-0.065,0.00,2,,1850,0,-485,734,-0.22,31.5,1.00,-0.103
74.90,DOWNWIND,110.08,110.63,31.35,0.09,-4.3,-7.1,5.8,-734.6,-163,0.61,-0.071,-0.068,0.00,2,,1847,0,-482,735,-0.22,31.5,1.00,-0.103
75.00,DOWNWIND,110.09,110.65,31.35,0.08,-4.3,-6.8,5.9,-734.8,-166,0.61,-0.072,-0.068,0.00,2,,1844,0,-479,735,-0.22,31.5,1.00,-0.103
75.10,DOWNWIND,110.10,110.66,31.35,0.08,-4.3,-6.5,6.1,-734.9,-169,0.61,-0.072,-0.067,0.00,2,,1841,0,-476,735,-0.23,31.5,1.00,-0.104
75.20,DOWNWIND,110.11,110.67,31.35,0.08,-4.3,-6.3,6.2,-735.0,-172,0.61,-0.072,-0.065,0.00,2,,1838,0,-473,735,-0.23,31.5,1.00,-0.104
75.30,DOWNWIND,110.12,110.68,31.35,0.07,-4.3,-6.0,6.3,-735.1,-175,0.61,-0.072,-0.062,0.00,3,,1835,0,-470,735,-0.23,31.5,1.00,-0.104
75.40,DOWNWIND,110.12,110.69,31.35,0.06,-4.3,-5.7,6.3,-735.2,-178,0.61,-0.072,-0.060,0.00,3,,1831,0,-467,735,-0.23,31.5,1.00,-0.104
75.50,DOWNWIND,110.13,110.69,31.35,0.05,-4.3,-5.5,6.4,-735.3,-181,0.61,-0.071,-0.057,0.00,3,,1828,0,-464,735,-0.23,31.5,1.00,-0.104
75.60,DOWNWIND,110.13,110.70,31.35,0.05,-4.4,-5.3,6.5,-735.4,-185,0.61,-0.071,-0.056,0.00,3,,1825,0,-460,735,-0.23,31.5,1.00,-0.104
75.70,DOWNWIND,110.14,110.70,31.35,0.04,-4.4,-5.0,6.6,-735.5,-188,0.61,-0.071,-0.054,0.00,3,,1822,0,-457,735,-0.23,31.5,1.00,-0.104
75.80,DOWNWIND,110.14,110.71,31.35,0.03,-4.4,-4.8,6.7,-735.5,-191,0.61,-0.071,-0.053,0.00,3,,1819,0,-454,736,-0.23,31.5,1.00,-0.104
75.90,DOWNWIND,110.14,110.71,31.35,0.03,-4.4,-4.6,6.9,-735.6,-194,0.61,-0.071,-0.052,0.00,3,,1816,0,-451,736,-0.24,31.5,1.00,-0.104
76.00,DOWNWIND,110.15,110.71,31.35,0.02,-4.4,-4.4,7.0,-735.6,-197,0.61,-0.071,-0.051,0.00,3,,1813,0,-448,736,-0.24,31.5,1.00,-0.104
76.10,DOWNWIND,110.15,110.71,31.35,0.02,-4.4,-4.2,7.2,-735.7,-200,0.61,-0.071,-0.050,0.00,3,,1810,0,-445,736,-0.24,31.5,1.00,-0.104
76.20,DOWNWIND,110.15,110.72,31.35,0.02,-4.5,-4.0,7.4,-735.7,-203,0.61,-0.071,-0.050,0.00,3,,1807,0,-442,736,-0.24,31.5,1.00,-0.105
76.30,DOWNWIND,110.15,110.72,31.35,0.01,-4.5,-3.8,7.7,-735.7,-206,0.61,-0.071,-0.050,0.00,3,,1803,0,-439,736,-0.24,31.5,1.00,-0.105
76.40,DOWNWIND,110.15,110.72,31.35,0.01,-4.5,-3.7,7.9,-735.7,-209,0.61,-0.071,-0.050,0.00,3,,1800,0,-436,736,-0.24,31.5,1.00,-0.105
76.50,DOWNWIND,110.16,110.72,31.35,0.01,-4.5,-3.5,8.1,-735.8,-212,0.61,-0.071,-0.051,0.00,3,,1797,0,-433,736,-0.24,31.5,1.00,-0.105
76.60,DOWNWIND,110.16,110.72,31.35,0.01,-4.5,-3.3,8.4,-735.8,-216,0.60,-0.071,-0.050,0.00,3,,1794,0,-429,736,-0.24,31.5,1.00,-0.105
76.70,DOWNWIND,110.16,110.72,31.35,0.01,-4.5,-3.2,8.6,-735.8,-219,0.60,-0.071,-0.051,0.00,3,,1791,0,-426,736,-0.24,31.5,1.00,-0.105
76.80,DOWNWIND,110.16,110.73,31.35,0.01,-4.5,-3.0,8.8,-735.8,-222,0.60,-0.071,-0.051,0.00,3,,1788,0,-423,736,-0.24,31.5,1.00,-0.105
76.90,DOWNWIND,110.16,110.73,31.35,0.01,-4.6,-2.8,9.0,-735.8,-225,0.60,-0.071,-0.051,0.00,3,,1785,0,-420,736,-0.24,31.5,1.00,-0.105
77.00,DOWNWIND,110.16,110.74,31.35,0.00,-4.6,-2.7,9.1,-735.8,-228,0.60,-0.072,-0.051,0.00,3,,1782,0,-417,736,-0.24,31.5,1.00,-0.105
77.10,DOWNWIND,110.16,110.74,31.35,0.00,-4.6,-2.5,9.3,-735.7,-231,0.60,-0.072,-0.050,0.00,3,,1779,0,-414,736,-0.24,31.5,1.00,-0.106
77.20,DOWNWIND,110.16,110.75,31.36,0.00,-4.6,-2.4,9.4,-735.7,-234,0.60,-0.072,-0.050,0.00,3,,1775,0,-411,736,-0.24,31.5,1.00,-0.106
77.30,DOWNWIND,110.16,110.75,31.36,-0.00,-4.6,-2.2,9.5,-735.7,-237,0.60,-0.072,-0.050,0.00,3,,1772,0,-408,736,-0.24,31.5,1.00,-0.106
77.40,DOWNWIND,110.16,110.76,31.36,-0.01,-4.6,-2.0,9.6,-735.7,-240,0.60,-0.072,-0.049,0.00,3,,1769,0,-405,736,-0.24,31.5,1.00,-0.106
77.50,DOWNWIND,110.16,110.77,31.36,-0.01,-4.6,-1.9,9.6,-735.6,-243,0.60,-0.072,-0.048,0.00,3,,1766,0,-402,736,-0.24,31.5,1.00,-0.106
77.60,DOWNWIND,110.16,110.78,31.36,-0.01,-4.6,-1.7,9.7,-735.6,-247,0.60,-0.072,-0.048,0.00,3,,1763,0,-398,736,-0.24,31.5,1.00,-0.106
77.70,DOWNWIND,110.16,110.78,31.36,-0.02,-4.6,-1.6,9.7,-735.6,-250,0.60,-0.072,-0.047,0.00,3,,1760,0,-395,736,-0.24,31.5,1.00,-0.106
77.80,DOWNWIND,110.16,110.79,31.36,-0.02,-4.7,-1.5,9.7,-735.5,-253,0.60,-0.072,-0.046,0.00,3,,1757,0,-392,736,-0.24,31.5,1.00,-0.106
77.90,DOWNWIND,110.15,110.80,31.36,-0.02,-4.7,-1.3,9.7,-735.5,-256,0.60,-0.072,-0.046,0.00,3,,1754,0,-389,735,-0.24,31.5,1.00,-0.106
78.00,DOWNWIND,110.15,110.81,31.36,-0.03,-4.7,-1.2,9.7,-735.4,-259,0.60,-0.072,-0.045,0.00,3,,1751,0,-386,735,-0.24,31.5,1.00,-0.106
78.10,DOWNWIND,110.15,110.81,31.36,-0.03,-4.7,-1.1,9.7,-735.4,-262,0.60,-0.072,-0.045,0.00,3,,1748,0,-383,735,-0.24,31.5,1.00,-0.106
78.20,DOWNWIND,110.14,110.82,31.36,-0.03,-4.7,-1.0,9.7,-735.3,-265,0.60,-0.072,-0.044,0.00,3,,1745,0,-380,735,-0.24,31.5,1.00,-0.106
78.30,DOWNWIND,110.14,110.83,31.37,-0.04,-4.7,-0.9,9.8,-735.3,-268,0.60,-0.072,-0.044,0.00,3,,1741,0,-377,735,-0.23,31.5,1.00,-0.106
78.40,DOWNWIND,110.14,110.83,31.37,-0.04,-4.7,-0.8,9.8,-735.2,-271,0.60,-0.072,-0.043,0.00,3,,1738,0,-374,735,-0.23,31.5,1.00,-0.106
78.50,DOWNWIND,110.13,110.84,31.37,-0.05,-4.7,-0.7,9.8,-735.2,-274,0.60,-0.072,-0.043,0.00,3,,1735,0,-371,735,-0.23,31.5,1.00,-0.106
78.60,DOWNWIND,110.13,110.84,31.37,-0.05,-4.7,-0.6,9.8,-735.1,-278,0.60,-0.072,-0.043,0.00,3,,1732,0,-367,735,-0.23,31.5,1.00,-0.106
78.70,DOWNWIND,110.12,110.85,31.37,-0.05,-4.7,-0.5,9.8,-735.1,-281,0.60,-0.072,-0.043,0.00,3,,1729,0,-364,735,-0.23,31.5,1.00,-0.106
78.80,DOWNWIND,110.12,110.85,31.37,-0.05,-4.7,-0.4,9.9,-735.0,-284,0.60,-0.072,-0.043,0.00,2,,1726,0,-361,735,-0.23,31.5,1.00,-0.105
78.90,DOWNWIND,110.11,110.86,31.38,-0.06,-4.8,-0.4,9.9,-734.9,-287,0.60,-0.072,-0.043,0.00,2,,1723,0,-358,735,-0.23,31.5,1.00,-0.105
79.00,DOWNWIND,110.11,110.86,31.38,-0.06,-4.8,-0.3,9.9,-734.9,-290,0.60,-0.072,-0.043,0.00,2,,1720,0,-355,735,-0.23,31.5,1.00,-0.105
79.10,DOWNWIND,110.10,110.86,31.38,-0.06,-4.8,-0.2,10.0,-734.8,-293,0.60,-0.072,-0.043,0.00,2,,1717,0,-352,735,-0.23,31.5,1.00,-0.105
79.20,DOWNWIND,110.09,110.86,31.38,-0.07,-4.8,-0.2,10.0,-734.8,-296,0.60,-0.072,-0.043,0.00,2,,1714,0,-349,735,-0.23,31.5,1.00,-0.105
79.30,DOWNWIND,110.09,110.87,31.38,-0.07,-4.8,-0.1,10.0,-734.7,-299,0.60,-0.072,-0.044,0.00,2,,1711,0,-346,735,-0.22,31.5,1.00,-0.105
79.40,DOWNWIND,110.08,110.87,31.38,-0.07,-4.8,-0.1,10.0,-734.7,-302,0.60,-0.072,-0.044,0.00,2,,1707,0,-343,735,-0.22,31.5,1.00,-0.105
79.50,DOWNWIND,110.07,110.87,31.39,-0.07,-4.8,-0.0,10.1,-734.6,-305,0.60,-0.072,-0.044,0.00,2,,1704,0,-340,735,-0.22,31.5,1.00,-0.105
79.60,DOWNWIND,110.07,110.87,31.39,-0.07,-4.8,0.0,10.1,-734.5,-308,0.60,-0.072,-0.044,0.00,2,,1701,0,-337,735,-0.22,31.5,1.00,-0.105
79.70,DOWNWIND,110.06,110.87,31.39,-0.07,-4.8,0.1,10.1,-734.5,-312,0.60,-0.071,-0.044,0.00,2,,1698,0,-333,734,-0.22,31.5,1.00,-0.105
79.80,DOWNWIND,110.05,110.86,31.39,-0.08,-4.8,0.1,10.1,-734.4,-315,0.60,-0.071,-0.044,0.00,2,,1695,0,-330,734,-0.22,31.5,1.00,-0.105
79.90,DOWNWIND,110.04,110.86,31.39,-0.08,-4.8,0.2,10.1,-734.4,-318,0.60,-0.071,-0.044,0.00,2,,1692,0,-327,734,-0.22,31.5,1.00,-0.105
80.00,DOWNWIND,110.04,110.86,31.39,-0.08,-4.8,0.2,10.0,-734.3,-321,0.60,-0.071,-0.044,0.00,2,,1689,0,-324,734,-0.21,31.5,1.00,-0.104
80.10,DOWNWIND,110.03,110.86,31.40,-0.08,-4.8,0.3,10.0,-734.3,-324,0.60,-0.071,-0.044,0.00,2,,1686,0,-321,734,-0.21,31.5,1.00,-0.104
80.20,DOWNWIND,110.02,110.85,31.40,-0.08,-4.8,0.3,10.0,-734.2,-327,0.60,-0.071,-0.044,0.00,2,,1683,0,-318,734,-0.21,31.5,1.00,-0.104
80.30,DOWNWIND,110.01,110.85,31.40,-0.08,-4.8,0.3,10.0,-734.1,-330,0.60,-0.071,-0.043,0.00,2,,1680,0,-315,734,-0.21,31.5,1.00,-0.104
80.40,DOWNWIND,110.00,110.85,31.40,-0.08,-4.8,0.4,9.9,-734.1,-333,0.60,-0.071,-0.043,0.00,2,,1676,0,-312,734,-0.21,31.5,1.00,-0.104
80.50,DOWNWIND,110.00,110.84,31.40,-0.08,-4.8,0.4,9.9,-734.0,-336,0.60,-0.071,-0.043,0.00,2,,1673,0,-309,734,-0.21,31.5,1.00,-0.104
80.60,DOWNWIND,109.99,110.84,31.40,-0.09,-4.8,0.4,9.9,-734.0,-339,0.60,-0.071,-0.043,0.00,1,,1670,0,-306,734,-0.20,31.5,1.00,-0.104
80.70,DOWNWIND,109.98,110.83,31.41,-0.09,-4.8,0.4,9.9,-733.9,-343,0.60,-0.071,-0.043,0.00,1,,1667,0,-302,734,-0.20,31.5,1.00,-0.104
80.80,DOWNWIND,109.97,110.83,31.41,-0.09,-4.8,0.4,9.8,-733.9,-346,0.60,-0.071,-0.043,0.00,1,,1664,0,-299,734,-0.20,31.5,1.00,-0.104
80.90,DOWNWIND,109.96,110.82,31.41,-0.09,-4.8,0.5,9.8,-733.8,-349,0.60,-0.071,-0.043,0.00,1,,1661,0,-296,734,-0.20,31.5,1.00,-0.104
81.00,DOWNWIND,109.95,110.81,31.41,-0.09,-4.8,0.5,9.8,-733.8,-352,0.60,-0.071,-0.043,0.00,1,,1658,0,-293,734,-0.20,31.5,1.00,-0.103
81.10,DOWNWIND,109.94,110.81,31.41,-0.09,-4.8,0.5,9.7,-733.7,-355,0.60,-0.071,-0.043,0.00,1,,1655,0,-290,734,-0.20,31.5,1.00,-0.103
81.20,DOWNWIND,109.93,110.80,31.41,-0.09,-4.8,0.5,9.7,-733.7,-358,0.60,-0.071,-0.043,0.00,1,,1652,0,-287,734,-0.19,31.5,1.00,-0.103
81.30,DOWNWIND,109.93,110.79,31.42,-0.09,-4.8,0.5,9.7,-733.7,-361,0.60,-0.071,-0.043,0.00,1,,1649,0,-284,734,-0.19,31.5,1.00,-0.103
81.40,DOWNWIND,109.92,110.79,31.42,-0.09,-4.8,0.5,9.7,-733.6,-364,0.60,-0.071,-0.043,0.00,1,,1645,0,-281,734,-0.19,31.5,1.00,-0.103
81.50,DOWNWIND,109.91,110.78,31.42,-0.09,-4.8,0.5,9.7,-733.6,-367,0.60,-0.071,-0.043,0.00,1,,1642,0,-278,734,-0.19,31.5,1.00,-0.103
81.60,DOWNWIND,109.90,110.77,31.42,-0.09,-4.8,0.5,9.6,-733.5,-370,0.60,-0.071,-0.043,0.00,1,,1639,0,-275,734,-0.19,31.5,1.00,-0.103
81.70,DOWNWIND,109.89,110.76,31.42,-0.09,-4.8,0.5,9.6,-733.5,-373,0.60,-0.071,-0.044,0.00,1,,1636,0,-272,733,-0.18,31.5,1.00,-0.103
81.80,DOWNWIND,109.88,110.76,31.42,-0.09,-4.8,0.5,9.6,-733.5,-377,0.60,-0.071,-0.044,0.00,1,,1633,0,-268,733,-0.18,31.5,1.00,-0.103
81.90,DOWNWIND,109.87,110.75,31.42,-0.09,-4.8,0.5,9.6,-733.4,-380,0.60,-0.071,-0.044,0.00,1,,1630,0,-265,733,-0.18,31.5,1.00,-0.103
82.00,DOWNWIND,109.86,110.74,31.43,-0.09,-4.8,0.5,9.6,-733.4,-383,0.60,-0.071,-0.044,0.00,1,,1627,0,-262,733,-0.18,31.5,1.00,-0.102
82.10,DOWNWIND,109.85,110.74,31.43,-0.09,-4.8,0.5,9.5,-733.3,-386,0.60,-0.071,-0.044,0.00,1,,1624,0,-259,733,-0.18,31.5,1.00,-0.102
82.20,DOWNWIND,109.84,110.73,31.43,-0.09,-4.8,0.5,9.5,-733.3,-389,0.60,-0.071,-0.044,0.00,1,,1621,0,-256,733,-0.17,31.5,1.00,-0.102
82.30,DOWNWIND,109.83,110.72,31.43,-0.09,-4.8,0.5,9.5,-733.3,-392,0.60,-0.071,-0.044,0.00,1,,1618,0,-253,733,-0.17,31.5,1.00,-0.102
82.40,DOWNWIND,109.82,110.72,31.43,-0.09,-4.8,0.5,9.5,-733.2,-395,0.60,-0.071,-0.044,0.00,1,,1614,0,-250,733,-0.17,31.5,1.00,-0.102
82.50,DOWNWIND,109.81,110.71,31.43,-0.09,-4.8,0.5,9.4,-733.2,-398,0.60,-0.071,-0.044,0.00,1,,1611,0,-247,733,-0.17,31.5,1.00,-0.102
82.60,DOWNWIND,109.81,110.70,31.44,-0.09,-4.8,0.5,9.4,-733.2,-401,0.60,-0.071,-0.044,0.00,1,,1608,0,-244,733,-0.17,31.5,1.00,-0.102
82.70,DOWNWIND,109.80,110.70,31.44,-0.09,-4.8,0.5,9.4,-733.2,-405,0.60,-0.071,-0.044,0.00,1,,1605,0,-240,733,-0.17,31.5,1.00,-0.102
82.80,DOWNWIND,109.79,110.69,31.44,-0.09,-4.8,0.5,9.4,-733.1,-408,0.60,-0.071,-0.044,0.00,1,,1602,0,-237,733,-0.16,31.5,1.00,-0.102
82.90,DOWNWIND,109.78,110.68,31.44,-0.09,-4.8,0.4,9.3,-733.1,-411,0.60,-0.071,-0.044,0.00,1,,1599,0,-234,733,-0.16,31.5,1.00,-0.102
83.00,DOWNWIND,109.77,110.68,31.44,-0.09,-4.8,0.4,9.3,-733.1,-414,0.60,-0.071,-0.044,0.00,1,,1596,0,-231,733,-0.16,31.5,1.00,-0.101
83.10,DOWNWIND,109.76,110.67,31.44,-0.09,-4.8,0.4,9.3,-733.1,-417,0.60,-0.071,-0.044,0.00,1,,1593,0,-228,733,-0.16,31.5,1.00,-0.101
83.20,DOWNWIND,109.75,110.67,31.44,-0.09,-4.8,0.4,9.2,-733.0,-420,0.60,-0.071,-0.044,0.00,0,,1590,0,-225,733,-0.16,31.5,1.00,-0.101
83.30,DOWNWIND,109.74,110.66,31.45,-0.09,-4.8,0.4,9.2,-733.0,-423,0.60,-0.071,-0.044,0.00,0,,1587,0,-222,733,-0.15,31.5,1.00,-0.101
83.40,DOWNWIND,109.73,110.65,31.45,-0.09,-4.8,0.4,9.2,-733.0,-426,0.60,-0.071,-0.044,0.00,0,,1583,0,-219,733,-0.15,31.5,1.00,-0.101
83.50,DOWNWIND,109.72,110.65,31.45,-0.09,-4.8,0.4,9.2,-733.0,-429,0.60,-0.071,-0.044,0.00,0,,1580,0,-216,733,-0.15,31.5,1.00,-0.101
83.60,DOWNWIND,109.71,110.64,31.45,-0.09,-4.8,0.4,9.2,-732.9,-432,0.60,-0.071,-0.044,0.00,0,,1577,0,-213,733,-0.15,31.5,1.00,-0.101
83.70,DOWNWIND,109.70,110.64,31.45,-0.09,-4.8,0.3,9.1,-732.9,-436,0.60,-0.071,-0.044,0.00,0,,1574,0,-209,733,-0.15,31.5,1.00,-0.101
83.80,DOWNWIND,109.70,110.63,31.45,-0.09,-4.8,0.3,9.1,-732.9,-439,0.60,-0.071,-0.044,0.00,0,,1571,0,-206,733,-0.15,31.5,1.00,-0.101
83.90,DOWNWIND,109.69,110.62,31.45,-0.09,-4.8,0.3,9.1,-732.9,-442,0.60,-0.071,-0.044,0.00,0,,1568,0,-203,733,-0.14,31.5,1.00,-0.101
84.00,DOWNWIND,109.68,110.62,31.45,-0.09,-4.8,0.3,9.1,-732.9,-445,0.60,-0.071,-0.044,0.00,0,,1565,0,-200,733,-0.14,31.5,1.00,-0.100
84.10,DOWNWIND,109.67,110.61,31.46,-0.09,-4.8,0.3,9.1,-732.9,-448,0.60,-0.071,-0.044,0.00,0,,1562,0,-197,733,-0.14,31.5,1.00,-0.100
84.20,DOWNWIND,109.66,110.61,31.46,-0.09,-4.8,0.3,9.0,-732.9,-451,0.60,-0.071,-0.044,0.00,0,,1559,0,-194,733,-0.14,31.5,1.00,-0.100
84.30,DOWNWIND,109.65,110.60,31.46,-0.09,-4.8,0.3,9.0,-732.8,-454,0.60,-0.071,-0.044,0.00,0,,1555,0,-191,733,-0.14,31.5,1.00,-0.100
84.40,DOWNWIND,109.64,110.60,31.46,-0.09,-4.8,0.2,9.0,-732.8,-457,0.60,-0.071,-0.045,0.00,0,,1552,0,-188,733,-0.14,31.5,1.00,-0.100
84.50,DOWNWIND,109.63,110.59,31.46,-0.09,-4.8,0.2,9.0,-732.8,-460,0.60,-0.071,-0.045,0.00,0,,1549,0,-185,733,-0.13,31.5,1.00,-0.100
84.60,DOWNWIND,109.63,110.59,31.46,-0.09,-4.8,0.2,9.0,-732.8,-464,0.60,-0.071,-0.045,0.00,0,,1546,0,-181,733,-0.13,31.5,1.00,-0.100
84.70,DOWNWIND,109.62,110.58,31.46,-0.09,-4.8,0.2,9.0,-732.8,-467,0.60,-0.071,-0.045,0.00,0,,1543,0,-178,733,-0.13,31.5,1.00,-0.100
84.80,DOWNWIND,109.61,110.57,31.46,-0.08,-4.8,0.2,8.9,-732.8,-470,0.60,-0.071,-0.045,0.00,0,,1540,0,-175,733,-0.13,31.5,1.00,-0.100
84.90,DOWNWIND,109.60,110.57,31.47,-0.08,-4.8,0.2,8.9,-732.8,-473,0.60,-0.071,-0.045,0.00,0,,1537,0,-172,733,-0.13,31.5,1.00,-0.100
85.00,DOWNWIND,109.59,110.56,31.47,-0.08,-4.8,0.2,8.9,-732.8,-476,0.60,-0.071,-0.045,0.00,0,,1534,0,-169,733,-0.12,31.5,1.00,-0.100
85.10,DOWNWIND,109.58,110.56,31.47,-0.08,-4.8,0.1,8.9,-732.8,-479,0.60,-0.071,-0.045,0.00,0,,1531,0,-166,733,-0.12,31.5,1.00,-0.099
85.20,DOWNWIND,109.57,110.55,31.47,-0.08,-4.8,0.1,8.9,-732.8,-482,0.60,-0.072,-0.045,0.00,0,,1527,0,-163,733,-0.12,31.5,1.00,-0.099
85.30,DOWNWIND,109.57,110.54,31.47,-0.08,-4.8,0.1,8.9,-732.8,-485,0.60,-0.072,-0.045,0.00,0,,1524,0,-160,733,-0.12,31.5,1.00,-0.099
85.40,DOWNWIND,109.56,110.54,31.47,-0.08,-4.8,0.1,8.9,-732.7,-488,0.60,-0.072,-0.045,0.00,0,,1521,0,-157,733,-0.12,31.5,1.00,-0.099
85.50,DOWNWIND,109.55,110.53,31.47,-0.08,-4.8,0.1,8.8,-732.7,-492,0.60,-0.072,-0.045,0.00,0,,1518,0,-153,733,-0.12,31.5,1.00,-0.099
85.60,DOWNWIND,109.54,110.53,31.47,-0.08,-4.8,0.1,8.8,-732.7,-495,0.60,-0.072,-0.045,0.00,0,,1515,0,-150,733,-0.11,31.5,1.00,-0.099
85.70,DOWNWIND,109.53,110.52,31.48,-0.08,-4.8,0.1,8.8,-732.7,-498,0.60,-0.072,-0.045,0.00,0,,1512,0,-147,733,-0.11,31.5,1.00,-0.099
85.80,DOWNWIND,109.53,110.51,31.48,-0.08,-4.8,0.1,8.8,-732.7,-501,0.60,-0.072,-0.045,0.00,0,,1509,0,-144,733,-0.11,31.5,1.00,-0.099
85.90,DOWNWIND,109.52,110.51,31.48,-0.08,-4.8,0.0,8.8,-732.7,-504,0.60,-0.072,-0.045,0.00,0,,1506,0,-141,733,-0.11,31.5,1.00,-0.099
86.00,DOWNWIND,109.51,110.50,31.48,-0.08,-4.8,0.0,8.8,-732.7,-507,0.60,-0.072,-0.045,0.00,0,,1503,0,-138,733,-0.11,31.5,1.00,-0.099
86.10,DOWNWIND,109.50,110.50,31.48,-0.08,-4.8,0.0,8.8,-732.7,-510,0.60,-0.072,-0.045,0.00,0,,1499,0,-135,733,-0.11,31.5,1.00,-0.099
86.20,DOWNWIND,109.49,110.49,31.48,-0.08,-4.8,0.0,8.8,-732.7,-513,0.60,-0.072,-0.045,0.00,0,,1496,0,-132,733,-0.11,31.5,1.00,-0.098
86.30,DOWNWIND,109.49,110.49,31.48,-0.08,-4.8,0.0,8.8,-732.7,-517,0.60,-0.072,-0.045,0.00,0,,1493,0,-128,733,-0.10,31.5,1.00,-0.098
86.40,DOWNWIND,109.48,110.48,31.48,-0.08,-4.8,-0.0,8.8,-732.7,-520,0.60,-0.072,-0.045,0.00,0,,1490,0,-125,733,-0.10,31.5,1.00,-0.098
86.50,DOWNWIND,109.47,110.48,31.48,-0.07,-4.8,-0.0,8.8,-732.7,-523,0.60,-0.072,-0.045,0.00,0,,1487,0,-122,733,-0.10,31.5,1.00,-0.098
86.60,DOWNWIND,109.46,110.47,31.48,-0.07,-4.8,-0.0,8.7,-732.7,-526,0.60,-0.072,-0.045,0.00,0,,1484,0,-119,733,-0.10,31.5,1.00,-0.098
86.70,DOWNWIND,109.46,110.47,31.49,-0.07,-4.8,-0.0,8.7,-732.7,-529,0.60,-0.072,-0.045,0.00,0,,1481,0,-116,733,-0.10,31.5,1.00,-0.098
86.80,DOWNWIND,109.45,110.46,31.49,-0.07,-4.8,-0.1,8.7,-732.7,-532,0.60,-0.072,-0.045,0.00,0,,1478,0,-113,733,-0.10,31.5,1.00,-0.098
86.90,DOWNWIND,109.44,110.46,31.49,-0.07,-4.8,-0.1,8.7,-732.7,-535,0.60,-0.072,-0.045,0.00,0,,1474,0,-110,733,-0.09,31.5,1.00,-0.098
87.00,DOWNWIND,109.44,110.45,31.49,-0.07,-4.8,-0.1,8.7,-732.7,-538,0.60,-0.072,-0.045,0.00,0,,1471,0,-107,733,-0.09,31.5,1.00,-0.098
87.10,DOWNWIND,109.43,110.45,31.49,-0.07,-4.8,-0.1,8.7,-732.7,-541,0.60,-0.072,-0.045,0.00,0,,1468,0,-104,733,-0.09,31.5,1.00,-0.098
87.20,DOWNWIND,109.42,110.44,31.49,-0.07,-4.8,-0.1,8.7,-732.7,-545,0.60,-0.072,-0.045,0.00,0,,1465,0,-100,733,-0.09,31.5,1.00,-0.098
87.30,DOWNWIND,109.41,110.44,31.49,-0.07,-4.8,-0.1,8.7,-732.7,-548,0.60,-0.072,-0.045,0.00,0,,1462,0,-97,733,-0.09,31.5,1.00,-0.098
87.40,DOWNWIND,109.41,110.43,31.49,-0.07,-4.8,-0.1,8.7,-732.7,-551,0.60,-0.072,-0.045,0.00,0,,1459,0,-94,733,-0.09,31.5,1.00,-0.097
87.50,DOWNWIND,109.40,110.42,31.49,-0.07,-4.8,-0.1,8.7,-732.7,-554,0.60,-0.072,-0.045,0.00,0,,1456,0,-91,733,-0.09,31.5,1.00,-0.097
87.60,DOWNWIND,109.39,110.42,31.49,-0.07,-4.8,-0.1,8.7,-732.7,-557,0.60,-0.072,-0.045,0.00,0,,1453,0,-88,733,-0.09,31.5,1.00,-0.097
87.70,DOWNWIND,109.39,110.41,31.49,-0.07,-4.8,-0.1,8.7,-732.7,-560,0.60,-0.072,-0.045,0.00,0,,1450,0,-85,733,-0.08,31.5,1.00,-0.097
87.80,DOWNWIND,109.38,110.40,31.50,-0.07,-4.8,-0.1,8.7,-732.7,-563,0.60,-0.072,-0.045,0.00,0,,1446,0,-82,733,-0.08,31.5,1.00,-0.097
87.90,DOWNWIND,109.37,110.39,31.50,-0.07,-4.8,-0.1,8.7,-732.7,-566,0.60,-0.072,-0.045,0.00,0,,1443,0,-79,733,-0.08,31.5,1.00,-0.097
88.00,DOWNWIND,109.37,110.38,31.50,-0.07,-4.8,-0.1,8.7,-732.7,-569,0.60,-0.072,-0.045,0.00,0,,1440,0,-76,733,-0.08,31.5,1.00,-0.097
88.10,DOWNWIND,109.36,110.38,31.50,-0.06,-4.8,-0.2,8.7,-732.7,-573,0.60,-0.072,-0.045,0.00,0,,1437,0,-72,733,-0.08,31.5,1.00,-0.097
88.20,DOWNWIND,109.35,110.37,31.50,-0.06,-4.8,-0.2,8.7,-732.7,-576,0.60,-0.072,-0.045,0.00,0,,1434,0,-69,733,-0.08,31.5,1.00,-0.097
88.30,DOWNWIND,109.35,110.36,31.50,-0.06,-4.8,-0.2,8.7,-732.8,-579,0.60,-0.072,-0.045,0.00,0,,1431,0,-66,733,-0.08,31.5,1.00,-0.097
88.40,DOWNWIND,109.34,110.35,31.50,-0.06,-4.8,-0.2,8.7,-732.8,-582,0.60,-0.072,-0.045,0.00,0,,1428,0,-63,733,-0.07,31.5,1.00,-0.097
88.50,DOWNWIND,109.33,110.34,31.50,-0.06,-4.8,-0.2,8.7,-732.8,-585,0.60,-0.072,-0.045,0.00,0,,1425,0,-60,733,-0.07,31.5,1.00,-0.097
88.60,DOWNWIND,109.33,110.33,31.50,-0.06,-4.8,-0.2,8.7,-732.8,-588,0.60,-0.072,-0.045,0.00,0,,1421,0,-57,733,-0.07,31.5,1.00,-0.097
88.70,DOWNWIND,109.32,110.32,31.50,-0.06,-4.8,-0.2,8.7,-732.8,-591,0.60,-0.072,-0.045,0.00,0,,1418,0,-54,733,-0.07,31.5,1.00,-0.096
88.80,DOWNWIND,109.32,110.31,31.50,-0.06,-4.8,-0.2,8.7,-732.8,-594,0.60,-0.072,-0.045,0.00,0,,1415,0,-51,733,-0.07,31.5,1.00,-0.096
88.90,DOWNWIND,109.31,110.30,31.50,-0.06,-4.8,-0.2,8.7,-732.8,-598,0.60,-0.072,-0.045,0.00,0,,1412,0,-47,733,-0.07,31.5,1.00,-0.096
89.00,DOWNWIND,109.30,110.29,31.50,-0.06,-4.8,-0.2,8.7,-732.8,-601,0.60,-0.072,-0.045,0.00,0,,1409,0,-44,733,-0.07,31.5,1.00,-0.096
89.10,DOWNWIND,109.30,110.28,31.50,-0.06,-4.8,-0.2,8.7,-732.8,-604,0.60,-0.072,-0.045,0.00,0,,1406,0,-41,733,-0.07,31.5,1.00,-0.096
89.20,DOWNWIND,109.29,110.27,31.51,-0.06,-4.8,-0.2,8.7,-732.8,-607,0.60,-0.072,-0.045,0.00,0,,1403,0,-38,733,-0.07,31.5,1.00,-0.096
89.30,DOWNWIND,109.29,110.26,31.51,-0.06,-4.8,-0.2,8.7,-732.8,-610,0.60,-0.072,-0.045,0.00,0,,1400,0,-35,733,-0.06,31.5,1.00,-0.096
89.40,DOWNWIND,109.28,110.25,31.51,-0.06,-4.8,-0.2,8.7,-732.8,-613,0.60,-0.072,-0.045,0.00,0,,1397,0,-32,733,-0.06,31.5,1.00,-0.096
89.50,DOWNWIND,109.28,110.25,31.51,-0.06,-4.8,-0.2,8.7,-732.8,-616,0.60,-0.072,-0.045,0.00,0,,1393,0,-29,733,-0.06,31.5,1.00,-0.096
89.60,DOWNWIND,109.27,110.24,31.51,-0.06,-4.8,-0.2,8.7,-732.8,-619,0.60,-0.072,-0.045,0.00,0,,1390,0,-26,733,-0.06,31.5,1.00,-0.096
89.70,DOWNWIND,109.26,110.23,31.51,-0.05,-4.8,-0.2,8.7,-732.8,-622,0.60,-0.072,-0.045,0.00,0,,1387,0,-23,733,-0.06,31.5,1.00,-0.096
89.80,DOWNWIND,109.26,110.22,31.51,-0.05,-4.8,-0.2,8.7,-732.8,-626,0.60,-0.072,-0.045,0.00,0,,1384,0,-19,733,-0.06,31.5,1.00,-0.096
89.90,DOWNWIND,109.25,110.22,31.51,-0.05,-4.8,-0.2,8.7,-732.8,-629,0.60,-0.072,-0.045,0.00,0,,1381,0,-16,733,-0.06,31.5,1.00,-0.096
90.00,DOWNWIND,109.25,110.21,31.51,-0.05,-4.8,-0.2,8.7,-732.8,-632,0.60,-0.072,-0.045,0.00,0,,1378,0,-13,733,-0.06,31.5,1.00,-0.096
90.10,DOWNWIND,109.24,110.21,31.51,-0.05,-4.8,-0.2,8.7,-732.8,-635,0.60,-0.072,-0.045,0.00,0,,1375,0,-10,733,-0.06,31.5,1.00,-0.095
90.20,DOWNWIND,109.24,110.20,31.51,-0.05,-4.8,-0.2,8.7,-732.8,-638,0.60,-0.072,-0.045,0.00,0,,1372,0,-7,733,-0.05,31.5,1.00,-0.095
90.30,DOWNWIND,109.23,110.20,31.51,-0.05,-4.8,-0.2,8.7,-732.8,-641,0.60,-0.072,-0.045,0.00,0,,1368,0,-4,733,-0.05,31.5,1.00,-0.095
90.40,DOWNWIND,109.23,110.20,31.51,-0.05,-4.8,-0.2,8.7,-732.8,-644,0.60,-0.072,-0.045,0.00,0,,1365,0,-1,733,-0.05,31.5,1.00,-0.095
90.50,DOWNWIND,109.22,110.20,31.51,-0.05,-4.8,-0.2,8.7,-732.8,-647,0.60,-0.072,-0.045,0.00,0,,1362,0,2,733,-0.05,31.5,1.00,-0.095
90.60,DOWNWIND,109.22,110.20,31.51,-0.05,-4.8,-0.2,8.7,-732.8,-651,0.60,-0.072,-0.045,0.00,0,,1359,0,6,733,-0.05,31.5,1.00,-0.095
90.70,DOWNWIND,109.21,110.19,31.51,-0.05,-4.8,-0.2,8.7,-732.8,-654,0.60,-0.072,-0.045,0.00,0,,1356,0,9,733,-0.05,31.5,1.00,-0.095
90.80,DOWNWIND,109.21,110.19,31.52,-0.05,-4.8,-0.2,8.7,-732.8,-657,0.60,-0.072,-0.045,0.00,0,,1353,0,12,733,-0.05,31.5,1.00,-0.095
90.90,DOWNWIND,109.20,110.50,31.52,-0.05,-4.8,-0.2,8.7,-732.8,-660,0.60,-0.072,-0.045,0.00,0,,1350,0,15,733,-0.05,31.5,1.00,-0.095
91.00,DOWNWIND,109.20,111.45,31.52,-0.05,-4.8,-0.2,8.7,-732.8,-663,0.60,-0.072,-0.045,0.00,0,,1347,0,18,733,-0.05,31.5,1.00,-0.095
91.10,DOWNWIND,109.19,110.19,31.52,-0.05,-4.8,-0.2,8.7,-732.8,-666,0.60,-0.072,-0.045,0.00,0,,1344,0,21,733,-0.05,31.5,1.00,-0.095
91.20,DOWNWIND,109.19,110.18,31.52,-0.05,-4.8,-0.2,8.7,-732.8,-669,0.60,-0.072,-0.045,0.00,0,,1340,0,24,733,-0.04,31.5,1.00,-0.095
91.30,DOWNWIND,109.18,111.93,31.52,-0.05,-4.8,-0.2,8.7,-732.8,-672,0.60,-0.072,-0.045,0.00,0,,1337,0,27,733,-0.04,31.5,1.00,-0.095
91.40,DOWNWIND,109.18,110.90,31.52,-0.04,-4.8,-0.2,8.7,-732.8,-675,0.60,-0.072,-0.045,0.00,0,,1334,0,30,733,-0.04,31.5,1.00,-0.095
91.50,DOWNWIND,109.18,110.21,31.52,-0.04,-4.8,-0.2,8.7,-732.8,-679,0.60,-0.072,-0.045,0.00,0,,1331,0,34,733,-0.04,31.5,1.00,-0.095
91.60,DOWNWIND,109.17,110.17,31.52,-0.04,-4.8,-0.2,8.7,-732.8,-682,0.60,-0.072,-0.045,0.00,0,,1328,0,37,733,-0.04,31.5,1.00,-0.095
91.70,DOWNWIND,109.17,110.17,31.52,-0.04,-4.8,-0.2,8.7,-732.8,-685,0.60,-0.072,-0.045,0.00,0,,1325,0,40,733,-0.04,31.5,1.00,-0.094
91.80,DOWNWIND,109.16,110.16,31.52,-0.04,-4.8,-0.2,8.7,-732.9,-688,0.60,-0.072,-0.045,0.00,0,,1322,0,43,733,-0.04,31.5,1.00,-0.094
91.90,DOWNWIND,109.16,110.16,31.52,-0.04,-4.8,-0.2,8.7,-732.9,-691,0.60,-0.072,-0.045,0.00,0,,1319,0,46,733,-0.04,31.5,1.00,-0.094
92.00,DOWNWIND,109.15,110.15,31.52,-0.04,-4.8,-0.2,8.7,-732.9,-694,0.60,-0.072,-0.045,0.00,0,,1315,0,49,733,-0.04,31.5,1.00,-0.094
92.10,DOWNWIND,109.15,110.14,31.52,-0.04,-4.8,-0.2,8.7,-732.9,-697,0.60,-0.072,-0.045,0.00,0,,1312,0,52,733,-0.04,31.5,1.00,-0.094
92.20,DOWNWIND,109.15,110.14,31.52,-0.04,-4.8,-0.2,8.7,-732.9,-700,0.60,-0.072,-0.045,0.00,0,,1309,0,55,733,-0.04,31.5,1.00,-0.094
92.30,DOWNWIND,109.14,110.13,31.52,-0.04,-4.8,-0.2,8.7,-732.9,-704,0.60,-0.072,-0.045,0.00,0,,1306,0,59,733,-0.03,31.5,1.00,-0.094
92.40,DOWNWIND,109.14,110.12,31.52,-0.04,-4.8,-0.2,8.7,-732.9,-707,0.60,-0.072,-0.045,0.00,0,,1303,0,62,733,-0.03,31.5,1.00,-0.094
92.50,DOWNWIND,109.13,110.11,31.52,-0.04,-4.8,-0.2,8.7,-732.9,-710,0.60,-0.072,-0.045,0.00,0,,1300,0,65,733,-0.03,31.5,1.00,-0.094
92.60,DOWNWIND,109.13,110.11,31.52,-0.04,-4.7,-0.2,8.7,-732.9,-713,0.60,-0.072,-0.045,0.00,0,,1297,0,68,733,-0.03,31.5,1.00,-0.094
92.70,DOWNWIND,109.13,110.10,31.52,-0.04,-4.7,-0.2,8.7,-732.9,-716,0.60,-0.072,-0.045,0.00,0,,1294,0,71,733,-0.03,31.5,1.00,-0.094
92.80,DOWNWIND,109.12,110.09,31.52,-0.04,-4.7,-0.2,8.7,-732.9,-719,0.60,-0.072,-0.045,0.00,0,,1291,0,74,733,-0.03,31.5,1.00,-0.094
92.90,DOWNWIND,109.12,110.08,31.52,-0.04,-4.7,-0.2,8.7,-732.9,-722,0.60,-0.072,-0.045,0.00,0,,1287,0,77,733,-0.03,31.5,1.00,-0.094
93.00,DOWNWIND,109.11,110.08,31.53,-0.04,-4.7,-0.2,8.7,-732.9,-725,0.60,-0.072,-0.045,0.00,0,,1284,0,80,733,-0.03,31.5,1.00,-0.094
93.10,DOWNWIND,109.11,110.07,31.53,-0.04,-4.7,-0.2,8.7,-732.9,-729,0.60,-0.072,-0.045,0.00,0,,1281,0,84,733,-0.03,31.5,1.00,-0.094
93.20,DOWNWIND,109.11,110.06,31.53,-0.04,-4.7,-0.2,8.7,-732.9,-732,0.60,-0.072,-0.045,0.00,0,,1278,0,87,733,-0.03,31.5,1.00,-0.093
93.30,DOWNWIND,109.10,110.05,31.53,-0.04,-4.7,-0.2,8.7,-732.9,-735,0.60,-0.072,-0.045,0.00,0,,1275,0,90,733,-0.03,31.5,1.00,-0.093
93.40,DOWNWIND,109.10,110.05,31.53,-0.04,-4.7,-0.2,8.7,-732.9,-738,0.60,-0.072,-0.045,0.00,0,,1272,0,93,733,-0.03,31.5,1.00,-0.093
93.50,DOWNWIND,109.10,110.04,31.53,-0.04,-4.7,-0.2,8.7,-732.9,-741,0.60,-0.072,-0.045,0.00,0,,1269,0,96,733,-0.03,31.5,1.00,-0.093
93.60,DOWNWIND,109.09,110.03,31.53,-0.03,-4.7,-0.2,8.7,-732.9,-744,0.60,-0.072,-0.045,0.00,0,,1266,0,99,733,-0.03,31.5,1.00,-0.093
93.70,DOWNWIND,109.09,110.03,31.53,-0.03,-4.7,-0.2,8.7,-732.9,-747,0.60,-0.072,-0.045,0.00,0,,1262,0,102,733,-0.02,31.5,1.00,-0.093
93.80,DOWNWIND,109.09,110.02,31.53,-0.03,-4.7,-0.2,8.7,-732.9,-750,0.60,-0.072,-0.045,0.00,0,,1259,0,105,733,-0.02,31.5,1.00,-0.093
93.90,DOWNWIND,109.08,110.01,31.53,-0.03,-4.7,-0.2,8.7,-732.9,-753,0.60,-0.072,-0.045,0.00,0,,1256,0,108,733,-0.02,31.5,1.00,-0.093
94.00,DOWNWIND,109.08,110.01,31.53,-0.03,-4.7,-0.2,8.7,-732.9,-757,0.60,-0.072,-0.045,0.00,0,,1253,0,112,733,-0.02,31.5,1.00,-0.093
94.10,DOWNWIND,109.08,110.00,31.53,-0.03,-4.7,-0.2,8.7,-732.9,-760,0.60,-0.072,-0.045,0.00,0,,1250,0,115,733,-0.02,31.5,1.00,-0.093
94.20,DOWNWIND,109.07,110.00,31.53,-0.03,-4.7,-0.2,8.7,-732.9,-763,0.60,-0.072,-0.045,0.00,0,,1247,0,118,733,-0.02,31.5,1.00,-0.093
94.30,DOWNWIND,109.07,109.99,31.53,-0.03,-4.7,-0.2,8.7,-732.9,-766,0.60,-0.072,-0.045,0.00,0,,1244,0,121,733,-0.02,31.5,1.00,-0.093
94.40,DOWNWIND,109.07,109.98,31.53,-0.03,-4.7,-0.2,8.7,-732.9,-769,0.60,-0.072,-0.045,0.00,0,,1241,0,124,733,-0.02,31.5,1.00,-0.093
94.50,DOWNWIND,109.06,109.97,31.53,-0.03,-4.7,-0.2,8.7,-732.9,-772,0.60,-0.072,-0.045,0.00,0,,1237,0,127,733,-0.02,31.5,1.00,-0.093
94.60,DOWNWIND,109.06,109.96,31.53,-0.03,-4.7,-0.2,8.7,-732.9,-775,0.60,-0.072,-0.045,0.00,0,,1234,0,130,733,-0.02,31.5,1.00,-0.093
94.70,DOWNWIND,109.06,109.95,31.53,-0.03,-4.7,-0.2,8.7,-732.9,-778,0.60,-0.072,-0.045,0.00,0,,1231,0,133,733,-0.02,31.5,1.00,-0.093
94.80,DOWNWIND,109.05,109.94,31.53,-0.03,-4.7,-0.2,8.7,-732.9,-782,0.60,-0.072,-0.045,0.00,0,,1228,0,137,733,-0.02,31.5,1.00,-0.093
94.90,DOWNWIND,109.05,109.93,31.53,-0.03,-4.7,-0.2,8.7,-732.9,-785,0.60,-0.072,-0.045,0.00,0,,1225,0,140,733,-0.02,31.5,1.00,-0.092
95.00,DOWNWIND,109.05,109.92,31.53,-0.03,-4.7,-0.2,8.7,-732.9,-788,0.60,-0.072,-0.045,0.00,0,,1222,0,143,733,-0.02,31.5,1.00,-0.092
95.10,DOWNWIND,109.05,109.91,31.53,-0.03,-4.7,-0.2,8.7,-732.9,-791,0.60,-0.072,-0.045,0.00,0,,1219,0,146,733,-0.02,31.5,1.00,-0.092
95.20,DOWNWIND,109.04,109.90,31.53,-0.03,-4.7,-0.2,8.7,-732.9,-794,0.60,-0.072,-0.045,0.00,0,,1216,0,149,733,-0.01,31.5,1.00,-0.092
95.30,DOWNWIND,109.04,109.88,31.53,-0.03,-4.7,-0.2,8.7,-732.9,-797,0.60,-0.072,-0.045,0.00,0,,1213,0,152,733,-0.01,31.5,1.00,-0.092
95.40,DOWNWIND,109.04,109.87,31.53,-0.03,-4.7,-0.2,8.7,-732.9,-800,0.60,-0.072,-0.045,0.00,0,,1209,0,155,733,-0.01,31.5,1.00,-0.092
95.50,DOWNWIND,109.03,109.86,31.53,-0.03,-4.7,-0.2,8.7,-732.9,-803,0.60,-0.072,-0.045,0.00,0,,1206,0,158,733,-0.01,31.5,1.00,-0.092
95.60,DOWNWIND,109.03,109.85,31.53,-0.03,-4.7,-0.2,8.7,-732.9,-807,0.60,-0.072,-0.045,0.00,0,,1203,0,162,733,-0.01,31.5,1.00,-0.092
95.70,DOWNWIND,109.03,109.84,31.53,-0.03,-4.7,-0.2,8.7,-732.9,-810,0.60,-0.072,-0.045,0.00,0,,1200,0,165,733,-0.01,31.5,1.00,-0.092
95.80,DOWNWIND,109.03,109.84,31.53,-0.03,-4.7,-0.2,8.7,-732.9,-813,0.60,-0.072,-0.045,0.00,0,,1197,0,168,733,-0.01,31.5,1.00,-0.092
95.90,DOWNWIND,109.02,109.83,31.53,-0.03,-4.7,-0.2,8.7,-732.9,-816,0.60,-0.072,-0.045,0.00,0,,1194,0,171,733,-0.01,31.5,1.00,-0.092
96.00,DOWNWIND,109.02,109.82,31.53,-0.03,-4.7,-0.2,8.7,-732.9,-819,0.60,-0.072,-0.045,0.00,0,,1191,0,174,733,-0.01,31.5,1.00,-0.092
96.10,DOWNWIND,109.02,109.82,31.53,-0.03,-4.7,-0.2,8.7,-732.9,-822,0.60,-0.072,-0.045,0.00,0,,1188,0,177,733,-0.01,31.5,1.00,-0.092
96.20,DOWNWIND,109.02,109.81,31.53,-0.02,-4.7,-0.2,8.7,-732.9,-825,0.60,-0.072,-0.045,0.00,0,,1184,0,180,733,-0.01,31.5,1.00,-0.092
96.30,DOWNWIND,109.01,109.81,31.53,-0.02,-4.7,-0.2,8.7,-732.9,-828,0.60,-0.072,-0.045,0.00,0,,1181,0,183,733,-0.01,31.5,1.00,-0.092
96.40,DOWNWIND,109.01,109.81,31.54,-0.02,-4.7,-0.2,8.7,-732.9,-831,0.60,-0.072,-0.045,0.00,0,,1178,0,186,733,-0.01,31.5,1.00,-0.092
96.50,DOWNWIND,109.01,109.81,31.54,-0.02,-4.7,-0.2,8.7,-732.9,-835,0.60,-0.072,-0.045,0.00,0,,1175,0,190,733,-0.01,31.5,1.00,-0.092
96.60,DOWNWIND,109.01,109.81,31.54,-0.02,-4.7,-0.2,8.7,-732.9,-838,0.60,-0.072,-0.045,0.00,0,,1172,0,193,733,-0.01,31.5,1.00,-0.092
96.70,DOWNWIND,109.00,109.81,31.54,-0.02,-4.7,-0.2,8.7,-732.9,-841,0.60,-0.072,-0.045,0.00,0,,1169,0,196,733,-0.01,31.5,1.00,-0.092
96.80,DOWNWIND,109.00,109.81,31.54,-0.02,-4.7,-0.2,8.7,-732.9,-844,0.60,-0.072,-0.045,0.00,0,,1166,0,199,733,-0.01,31.5,1.00,-0.092
96.90,DOWNWIND,109.00,109.81,31.54,-0.02,-4.7,-0.2,8.7,-732.9,-847,0.60,-0.072,-0.045,0.00,0,,1163,0,202,733,-0.01,31.5,1.00,-0.091
97.00,DOWNWIND,109.00,109.81,31.54,-0.02,-4.7,-0.2,8.7,-732.9,-850,0.60,-0.072,-0.045,0.00,0,,1159,0,205,733,-0.01,31.5,1.00,-0.091
97.10,DOWNWIND,108.99,109.81,31.54,-0.02,-4.7,-0.2,8.7,-732.9,-853,0.60,-0.072,-0.045,0.00,0,,1156,0,208,733,-0.01,31.5,1.00,-0.091
97.20,DOWNWIND,108.99,109.81,31.54,-0.02,-4.7,-0.2,8.7,-732.9,-856,0.60,-0.072,-0.045,0.00,0,,1153,0,211,733,-0.00,31.5,1.00,-0.091
97.30,DOWNWIND,108.99,109.82,31.54,-0.02,-4.7,-0.2,8.7,-732.9,-860,0.60,-0.072,-0.045,0.00,0,,1150,0,215,733,-0.00,31.5,1.00,-0.091
97.40,DOWNWIND,108.99,109.82,31.54,-0.02,-4.7,-0.2,8.7,-732.9,-863,0.60,-0.072,-0.045,0.00,0,,1147,0,218,733,-0.00,31.5,1.00,-0.091
97.50,DOWNWIND,108.99,109.82,31.54,-0.02,-4.7,-0.2,8.7,-732.9,-866,0.60,-0.072,-0.045,0.00,0,,1144,0,221,733,-0.00,31.5,1.00,-0.091
97.60,DOWNWIND,108.98,109.82,31.54,-0.02,-4.7,-0.2,8.7,-732.9,-869,0.60,-0.072,-0.045,0.00,0,,1141,0,224,733,-0.00,31.5,1.00,-0.091
97.70,DOWNWIND,108.98,109.82,31.54,-0.02,-4.7,-0.2,8.7,-732.9,-872,0.60,-0.072,-0.045,0.00,0,,1138,0,227,733,-0.00,31.5,1.00,-0.091
97.80,DOWNWIND,108.98,109.82,31.54,-0.02,-4.7,-0.2,8.7,-732.9,-875,0.60,-0.072,-0.045,0.00,0,,1135,0,230,733,-0.00,31.5,1.00,-0.091
97.90,DOWNWIND,108.98,109.82,31.54,-0.02,-4.7,-0.2,8.7,-732.9,-878,0.60,-0.072,-0.045,0.00,0,,1131,0,233,733,-0.00,31.5,1.00,-0.091
98.00,DOWNWIND,108.98,109.82,31.54,-0.02,-4.7,-0.2,8.7,-732.9,-881,0.60,-0.072,-0.045,0.00,0,,1128,0,236,733,-0.00,31.5,1.00,-0.091
98.10,DOWNWIND,108.97,109.82,31.54,-0.02,-4.7,-0.2,8.7,-732.9,-885,0.60,-0.072,-0.045,0.00,0,,1125,0,240,733,-0.00,31.5,1.00,-0.091
98.20,DOWNWIND,108.97,109.82,31.54,-0.02,-4.7,-0.2,8.7,-732.9,-888,0.60,-0.072,-0.045,0.00,0,,1122,0,243,733,-0.00,31.5,1.00,-0.091
98.30,DOWNWIND,108.97,109.82,31.54,-0.02,-4.7,-0.2,8.7,-732.9,-891,0.60,-0.072,-0.045,0.00,0,,1119,0,246,733,-0.00,31.5,1.00,-0.091
98.40,DOWNWIND,108.97,109.81,31.54,-0.02,-4.7,-0.2,8.7,-732.9,-894,0.60,-0.072,-0.045,0.00,0,,1116,0,249,733,-0.00,31.5,1.00,-0.091
98.50,DOWNWIND,108.97,109.81,31.54,-0.02,-4.7,-0.2,8.7,-732.9,-897,0.60,-0.072,-0.045,0.00,0,,1113,0,252,733,0.00,31.5,1.00,-0.091
98.60,DOWNWIND,108.96,109.80,31.54,-0.02,-4.7,-0.2,8.7,-732.9,-900,0.60,-0.072,-0.045,0.00,0,,1110,0,255,733,0.00,31.5,1.00,-0.091
98.70,DOWNWIND,108.96,109.79,31.54,-0.02,-4.7,-0.2,8.7,-732.9,-903,0.60,-0.072,-0.045,0.00,0,,1106,0,258,733,0.00,31.5,1.00,-0.091
98.80,DOWNWIND,108.96,109.79,31.54,-0.02,-4.7,-0.2,8.7,-732.9,-906,0.60,-0.072,-0.045,0.00,0,,1103,0,261,733,0.00,31.5,1.00,-0.091
98.90,DOWNWIND,108.96,109.78,31.54,-0.02,-4.7,-0.2,8.7,-732.9,-910,0.60,-0.072,-0.045,0.00,0,,1100,0,265,733,0.00,31.5,1.00,-0.091
99.00,DOWNWIND,108.96,109.77,31.54,-0.02,-4.7,-0.2,8.7,-732.9,-913,0.60,-0.072,-0.045,0.00,0,,1097,0,268,733,0.00,31.5,1.00,-0.090
99.10,DOWNWIND,108.96,109.76,31.54,-0.02,-4.7,-0.2,8.7,-732.9,-916,0.60,-0.072,-0.045,0.00,0,,1094,0,271,733,0.00,31.5,1.00,-0.090
99.20,DOWNWIND,108.95,109.75,31.54,-0.02,-4.7,-0.2,8.7,-732.9,-919,0.60,-0.072,-0.045,0.00,0,,1091,0,274,733,0.00,31.5,1.00,-0.090
99.30,DOWNWIND,108.95,109.74,31.54,-0.02,-4.7,-0.2,8.7,-732.9,-922,0.60,-0.072,-0.045,0.00,0,,1088,0,277,733,0.00,31.5,1.00,-0.090
99.40,DOWNWIND,108.95,109.73,31.54,-0.02,-4.7,-0.2,8.7,-732.9,-925,0.60,-0.072,-0.045,0.00,0,,1085,0,280,733,0.00,31.5,1.00,-0.090
99.50,DOWNWIND,108.95,109.72,31.54,-0.02,-4.7,-0.2,8.7,-732.9,-928,0.60,-0.072,-0.045,0.00,0,,1081,0,283,733,0.00,31.5,1.00,-0.090
99.60,DOWNWIND,108.95,109.71,31.54,-0.02,-4.7,-0.2,8.7,-732.9,-931,0.60,-0.072,-0.045,0.00,0,,1078,0,286,733,0.00,31.5,1.00,-0.090
99.70,DOWNWIND,108.95,109.70,31.54,-0.02,-4.7,-0.2,8.7,-732.9,-934,0.60,-0.072,-0.045,0.00,0,,1075,0,289,733,0.00,31.5,1.00,-0.090
99.80,DOWNWIND,108.94,109.70,31.54,-0.02,-4.7,-0.2,8.7,-732.9,-938,0.60,-0.072,-0.045,0.00,0,,1072,0,293,733,0.00,31.5,1.00,-0.090
99.90,DOWNWIND,108.94,109.69,31.54,-0.02,-4.7,-0.2,8.7,-732.9,-941,0.60,-0.072,-0.045,0.00,0,,1069,0,296,733,0.00,31.5,1.00,-0.090
100.00,DOWNWIND,108.94,109.68,31.54,-0.01,-4.7,-0.2,8.7,-732.9,-944,0.60,-0.072,-0.045,0.00,0,,1066,0,299,733,0.01,31.5,1.00,-0.090
100.10,DOWNWIND,108.94,109.68,31.54,-0.01,-4.7,-0.2,8.7,-732.9,-947,0.60,-0.072,-0.045,0.00,0,,1063,0,302,733,0.01,31.5,1.00,-0.090
100.20,DOWNWIND,108.94,109.67,31.54,-0.01,-4.7,-0.2,8.7,-732.9,-950,0.60,-0.072,-0.045,0.00,0,,1060,0,305,733,0.01,31.5,1.00,-0.090
100.30,DOWNWIND,108.94,109.67,31.54,-0.01,-4.7,-0.2,8.7,-732.9,-953,0.60,-0.072,-0.045,0.00,0,,1056,0,308,733,0.01,31.5,1.00,-0.090
100.40,DOWNWIND,108.94,109.67,31.54,-0.01,-4.7,-0.2,8.7,-732.9,-956,0.60,-0.072,-0.045,0.00,0,,1053,0,311,733,0.01,31.5,1.00,-0.090
100.50,DOWNWIND,108.93,109.67,31.54,-0.01,-4.7,-0.2,8.7,-732.9,-959,0.60,-0.072,-0.045,0.00,0,,1050,0,314,733,0.01,31.5,1.00,-0.090
100.60,DOWNWIND,108.93,109.67,31.54,-0.01,-4.7,-0.2,8.7,-732.9,-963,0.60,-0.072,-0.045,0.00,0,,1047,0,318,733,0.01,31.5,1.00,-0.090
100.70,DOWNWIND,108.93,109.67,31.54,-0.01,-4.7,-0.2,8.7,-732.9,-966,0.60,-0.072,-0.045,0.00,0,,1044,0,321,733,0.01,31.5,1.00,-0.090
100.80,DOWNWIND,108.93,109.67,31.54,-0.01,-4.7,-0.2,8.7,-732.9,-969,0.60,-0.072,-0.045,0.00,0,,1041,0,324,733,0.01,31.5,1.00,-0.090
100.90,DOWNWIND,108.93,109.67,31.54,-0.01,-4.7,-0.2,8.7,-732.9,-972,0.60,-0.072,-0.045,0.00,0,,1038,0,327,733,0.01,31.5,1.00,-0.090
101.00,DOWNWIND,108.93,109.67,31.54,-0.01,-4.7,-0.2,8.7,-732.9,-975,0.60,-0.072,-0.045,0.00,0,,1035,0,330,733,0.01,31.5,1.00,-0.090
101.10,DOWNWIND,108.93,109.67,31.54,-0.01,-4.7,-0.2,8.7,-732.9,-978,0.60,-0.072,-0.045,0.00,0,,1032,0,333,733,0.01,31.5,1.00,-0.090
101.20,DOWNWIND,108.93,109.67,31.54,-0.01,-4.7,-0.2,8.7,-732.9,-981,0.60,-0.072,-0.045,0.00,0,,1028,0,336,733,0.01,31.5,1.00,-0.090
101.30,DOWNWIND,108.92,109.67,31.54,-0.01,-4.7,-0.2,8.7,-732.9,-984,0.60,-0.072,-0.045,0.00,0,,1025,0,339,733,0.01,31.5,1.00,-0.089
101.40,DOWNWIND,108.92,109.67,31.54,-0.01,-4.7,-0.2,8.7,-732.9,-988,0.60,-0.072,-0.045,0.00,0,,1022,0,343,733,0.01,31.5,1.00,-0.089
101.50,DOWNWIND,108.92,109.67,31.54,-0.01,-4.7,-0.2,8.7,-732.9,-991,0.60,-0.072,-0.045,0.00,0,,1019,0,346,733,0.01,31.5,1.00,-0.089
101.60,DOWNWIND,108.92,109.67,31.54,-0.01,-4.7,-0.2,8.7,-732.9,-994,0.60,-0.072,-0.045,0.00,0,,1016,0,349,733,0.01,31.5,1.00,-0.089
101.70,DOWNWIND,108.92,109.67,31.54,-0.01,-4.7,-0.2,8.7,-732.9,-997,0.60,-0.072,-0.045,0.00,0,,1013,0,352,733,0.01,31.5,1.00,-0.089
101.80,DOWNWIND,108.92,109.67,31.54,-0.01,-4.7,-0.2,8.7,-732.9,-1000,0.60,-0.072,-0.045,0.00,0,,1010,0,355,733,0.01,31.5,1.00,-0.089
101.90,DOWNWIND,108.92,109.67,31.54,-0.01,-4.7,-0.2,8.7,-732.9,-1003,0.60,-0.072,-0.045,0.00,0,,1007,0,358,733,0.01,31.5,1.00,-0.089
102.00,DOWNWIND,108.92,109.67,31.54,-0.01,-4.7,-0.2,8.7,-732.9,-1006,0.61,-0.072,-0.045,0.00,0,,1003,0,361,733,0.01,31.5,1.00,-0.089
102.10,DOWNWIND,108.91,109.67,31.54,-0.01,-4.7,-0.2,8.7,-732.9,-1009,0.61,-0.072,-0.045,0.00,0,,1000,0,364,733,0.01,31.5,1.00,-0.089
102.20,DOWNWIND,108.91,109.67,31.54,-0.01,-4.7,-0.2,8.7,-732.9,-1012,0.61,-0.072,-0.045,0.00,0,,997,0,367,733,0.01,31.5,1.00,-0.089
102.30,DOWNWIND,108.91,109.68,31.54,-0.01,-4.7,-0.2,8.7,-732.9,-1016,0.61,-0.072,-0.045,0.00,0,,994,0,371,733,0.01,31.5,1.00,-0.089
102.40,DOWNWIND,108.91,109.68,31.54,-0.01,-4.7,-0.2,8.7,-732.9,-1019,0.61,-0.072,-0.045,0.00,0,,991,0,374,733,0.01,31.5,1.00,-0.089
102.50,DOWNWIND,108.91,109.68,31.54,-0.01,-4.7,-0.2,8.7,-732.9,-1022,0.61,-0.072,-0.045,0.00,0,,988,0,377,733,0.01,31.5,1.00,-0.089
102.60,DOWNWIND,108.91,109.68,31.54,-0.01,-4.7,-0.2,8.7,-732.9,-1025,0.61,-0.072,-0.045,0.00,0,,985,0,380,733,0.01,31.5,1.00,-0.089
102.70,DOWNWIND,108.91,109.68,31.54,-0.01,-4.7,-0.2,8.7,-732.9,-1028,0.61,-0.072,-0.045,0.00,0,,982,0,383,733,0.01,31.5,1.00,-0.089
102.80,DOWNWIND,108.91,109.68,31.54,-0.01,-4.7,-0.2,8.7,-732.9,-1031,0.61,-0.072,-0.045,0.00,0,,978,0,386,733,0.01,31.5,1.00,-0.089
102.90,DOWNWIND,108.91,110.07,31.54,-0.01,-4.7,-0.2,8.7,-732.9,-1034,0.60,-0.072,-0.045,0.00,0,,975,0,389,733,0.01,31.5,1.00,-0.089
103.00,DOWNWIND,108.91,110.99,31.54,-0.01,-4.7,-0.2,8.7,-732.9,-1037,0.60,-0.072,-0.045,0.00,0,,972,0,392,733,0.01,31.5,1.00,-0.089
103.10,DOWNWIND,108.90,109.74,31.54,-0.01,-4.7,-0.2,8.7,-732.9,-1041,0.60,-0.072,-0.045,0.00,0,,969,0,396,733,0.01,31.5,1.00,-0.089
103.20,DOWNWIND,108.90,109.74,31.54,-0.01,-4.7,-0.2,8.7,-732.9,-1044,0.60,-0.072,-0.045,0.00,0,,966,0,399,733,0.01,31.5,1.00,-0.089
103.30,DOWNWIND,108.90,109.74,31.54,-0.01,-4.7,-0.2,8.7,-732.9,-1047,0.60,-0.072,-0.045,0.00,0,,963,0,402,733,0.01,31.5,1.00,-0.089
103.40,DOWNWIND,108.90,110.82,31.54,-0.01,-4.7,-0.2,8.7,-732.9,-1050,0.61,-0.072,-0.045,0.00,0,,960,0,405,733,0.01,31.5,1.00,-0.089
103.50,DOWNWIND,108.90,109.96,31.54,-0.01,-4.7,-0.2,8.7,-732.9,-1053,0.61,-0.072,-0.045,0.00,0,,957,0,408,733,0.01,31.5,1.00,-0.089
103.60,DOWNWIND,108.90,109.69,31.54,-0.01,-4.7,-0.2,8.7,-732.9,-1056,0.61,-0.072,-0.045,0.00,0,,953,0,411,733,0.01,31.5,1.00,-0.089
103.70,DOWNWIND,108.90,109.69,31.54,-0.01,-4.7,-0.2,8.7,-732.9,-1059,0.61,-0.072,-0.045,0.00,0,,950,0,414,733,0.01,31.5,1.00,-0.089
103.80,DOWNWIND,108.90,109.69,31.54,-0.01,-4.7,-0.2,8.7,-732.9,-1062,0.61,-0.072,-0.045,0.00,0,,947,0,417,733,0.01,31.5,1.00,-0.089
103.90,DOWNWIND,108.90,109.69,31.54,-0.01,-4.7,-0.2,8.7,-732.9,-1066,0.61,-0.072,-0.045,0.00,0,,944,0,421,733,0.01,31.5,1.00,-0.089
104.00,DOWNWIND,108.90,109.68,31.54,-0.01,-4.7,-0.2,8.7,-732.9,-1069,0.61,-0.072,-0.045,0.00,0,,941,0,424,733,0.01,31.5,1.00,-0.089
104.10,DOWNWIND,108.90,109.68,31.54,-0.01,-4.7,-0.2,8.7,-732.9,-1072,0.61,-0.072,-0.045,0.00,0,,938,0,427,733,0.01,31.5,1.00,-0.088
104.20,DOWNWIND,108.90,109.68,31.54,-0.01,-4.7,-0.2,8.7,-732.9,-1075,0.61,-0.072,-0.045,0.00,0,,935,0,430,733,0.01,31.5,1.00,-0.088
104.30,DOWNWIND,108.90,109.67,31.54,-0.01,-4.7,-0.2,8.7,-732.9,-1078,0.61,-0.072,-0.045,0.00,0,,932,0,433,733,0.01,31.5,1.00,-0.088
104.40,DOWNWIND,108.89,109.67,31.54,-0.01,-4.7,-0.2,8.7,-732.9,-1081,0.61,-0.072,-0.045,0.00,0,,929,0,436,733,0.01,31.5,1.00,-0.088
104.50,DOWNWIND,108.89,109.66,31.54,-0.01,-4.7,-0.2,8.7,-732.9,-1084,0.61,-0.072,-0.045,0.00,0,,925,0,439,733,0.01,31.5,1.00,-0.088
104.60,DOWNWIND,108.89,109.66,31.54,-0.01,-4.7,-0.2,8.7,-732.9,-1087,0.61,-0.072,-0.045,0.00,0,,922,0,442,733,0.01,31.5,1.00,-0.088
104.70,DOWNWIND,108.89,109.65,31.54,-0.01,-4.7,-0.2,8.7,-732.9,-1091,0.61,-0.072,-0.045,0.00,0,,919,0,446,733,0.02,31.5,1.00,-0.088
104.80,DOWNWIND,108.89,109.64,31.54,-0.01,-4.7,-0.2,8.7,-732.9,-1094,0.61,-0.072,-0.045,0.00,0,,916,0,449,733,0.02,31.5,1.00,-0.088
104.90,DOWNWIND,108.89,109.63,31.54,-0.01,-4.7,-0.2,8.7,-732.9,-1097,0.61,-0.072,-0.045,0.00,0,,913,0,452,733,0.02,31.5,1.00,-0.088
105.00,DOWNWIND,108.89,109.63,31.54,-0.01,-4.7,-0.2,8.7,-732.9,-1100,0.61,-0.072,-0.045,0.00,0,,910,0,455,733,0.02,31.5,1.00,-0.088
105.10,DOWNWIND,108.89,109.62,31.54,-0.01,-4.7,-0.2,8.7,-732.9,-1103,0.61,-0.072,-0.045,0.00,0,,907,0,458,733,0.02,31.5,1.00,-0.088
105.20,DOWNWIND,108.89,109.61,31.54,-0.01,-4.7,-0.2,8.7,-732.9,-1106,0.61,-0.072,-0.045,0.00,0,,904,0,461,733,0.02,31.5,1.00,-0.088
105.30,DOWNWIND,108.89,109.60,31.54,-0.01,-4.7,-0.2,8.7,-732.9,-1109,0.61,-0.072,-0.045,0.00,0,,900,0,464,733,0.02,31.5,1.00,-0.088
105.40,DOWNWIND,108.89,109.59,31.54,-0.01,-4.7,-0.2,8.7,-732.9,-1112,0.61,-0.072,-0.045,0.00,0,,897,0,467,733,0.02,31.5,1.00,-0.088
105.50,DOWNWIND,108.89,109.58,31.54,-0.01,-4.7,-0.2,8.7,-732.9,-1115,0.61,-0.072,-0.045,0.00,0,,894,0,470,733,0.02,31.5,1.00,-0.088
105.60,DOWNWIND,108.89,109.57,31.54,-0.01,-4.7,-0.2,8.7,-732.9,-1119,0.61,-0.072,-0.045,0.00,0,,891,0,474,733,0.02,31.5,1.00,-0.088
105.70,DOWNWIND,108.89,109.56,31.54,-0.01,-4.7,-0.2,8.7,-732.9,-1122,0.61,-0.072,-0.045,0.00,0,,888,0,477,733,0.02,31.5,1.00,-0.088
105.80,DOWNWIND,108.89,109.55,31.54,-0.01,-4.7,-0.2,8.7,-732.9,-1125,0.61,-0.072,-0.045,0.00,0,,885,0,480,733,0.02,31.5,1.00,-0.088
105.90,DOWNWIND,108.89,109.54,31.54,-0.01,-4.7,-0.2,8.7,-732.9,-1128,0.61,-0.072,-0.045,0.00,0,,882,0,483,733,0.02,31.5,1.00,-0.088
106.00,DOWNWIND,108.88,109.53,31.54,-0.01,-4.7,-0.2,8.7,-732.9,-1131,0.61,-0.072,-0.045,0.00,0,,879,0,486,733,0.02,31.5,1.00,-0.088
106.10,DOWNWIND,108.88,109.51,31.54,-0.01,-4.7,-0.2,8.7,-732.9,-1134,0.61,-0.072,-0.045,0.00,0,,875,0,489,733,0.02,31.5,1.00,-0.088
106.20,DOWNWIND,108.88,109.50,31.54,-0.01,-4.7,-0.2,8.7,-732.9,-1137,0.61,-0.072,-0.045,0.00,0,,872,0,492,733,0.02,31.5,1.00,-0.088
106.30,DOWNWIND,108.88,109.49,31.54,-0.00,-4.7,-0.2,8.7,-732.9,-1140,0.61,-0.072,-0.045,0.00,0,,869,0,495,733,0.02,31.5,1.00,-0.088
106.40,DOWNWIND,108.88,109.48,31.54,-0.00,-4.7,-0.2,8.7,-732.9,-1144,0.61,-0.072,-0.045,0.00,0,,866,0,499,733,0.02,31.5,1.00,-0.088
106.50,DOWNWIND,108.88,109.46,31.54,-0.00,-4.7,-0.2,8.7,-732.9,-1147,0.61,-0.072,-0.045,0.00,0,,863,0,502,733,0.02,31.5,1.00,-0.088
106.60,DOWNWIND,108.88,109.45,31.54,-0.00,-4.7,-0.2,8.7,-732.9,-1150,0.61,-0.072,-0.045,0.00,0,,860,0,505,733,0.02,31.5,1.00,-0.088
106.70,DOWNWIND,108.88,109.44,31.54,-0.00,-4.7,-0.2,8.7,-732.9,-1153,0.61,-0.072,-0.045,0.00,0,,857,0,508,733,0.02,31.5,1.00,-0.088
106.80,DOWNWIND,108.88,109.42,31.54,-0.00,-4.7,-0.2,8.7,-732.9,-1156,0.61,-0.072,-0.045,0.00,0,,854,0,511,733,0.02,31.5,1.00,-0.088
106.90,DOWNWIND,108.88,109.41,31.54,-0.00,-4.7,-0.2,8.7,-732.9,-1159,0.61,-0.072,-0.045,0.00,0,,850,0,514,733,0.02,31.5,1.00,-0.087
107.00,DOWNWIND,108.88,109.39,31.54,-0.00,-4.7,-0.2,8.7,-732.9,-1162,0.61,-0.072,-0.045,0.00,0,,847,0,517,733,0.02,31.5,1.00,-0.087
107.10,DOWNWIND,108.88,109.38,31.54,-0.00,-4.7,-0.2,8.7,-732.9,-1165,0.61,-0.072,-0.045,0.00,0,,844,0,520,733,0.02,31.5,1.00,-0.087
107.20,DOWNWIND,108.88,109.36,31.54,-0.00,-4.7,-0.2,8.7,-732.9,-1169,0.61,-0.072,-0.045,0.00,0,,841,0,524,733,0.02,31.5,1.00,-0.087
107.30,DOWNWIND,108.88,109.34,31.54,-0.00,-4.7,-0.2,8.7,-732.9,-1172,0.61,-0.072,-0.045,0.00,0,,838,0,527,733,0.02,31.5,1.00,-0.087
107.40,DOWNWIND,108.88,109.32,31.54,-0.00,-4.7,-0.2,8.7,-732.9,-1175,0.61,-0.072,-0.045,0.00,0,,835,0,530,733,0.02,31.5,1.00,-0.087
107.50,DOWNWIND,108.88,109.30,31.54,-0.00,-4.7,-0.2,8.7,-732.9,-1178,0.61,-0.072,-0.045,0.00,0,,832,0,533,733,0.02,31.5,1.00,-0.087
107.60,DOWNWIND,108.88,109.29,31.54,-0.00,-4.7,-0.2,8.7,-732.9,-1181,0.61,-0.072,-0.045,0.00,0,,829,0,536,733,0.02,31.5,1.00,-0.087
107.70,DOWNWIND,108.88,109.27,31.54,-0.00,-4.7,-0.2,8.7,-732.9,-1184,0.61,-0.072,-0.045,0.00,0,,826,0,539,733,0.02,31.5,1.00,-0.087
107.80,DOWNWIND,108.88,109.25,31.54,-0.00,-4.7,-0.2,8.7,-732.9,-1187,0.61,-0.072,-0.045,0.00,0,,822,0,542,733,0.02,31.5,1.00,-0.087
107.90,DOWNWIND,108.88,109.23,31.54,-0.00,-4.7,-0.2,8.7,-732.9,-1190,0.61,-0.072,-0.045,0.00,0,,819,0,545,733,0.02,31.5,1.00,-0.087
108.00,DOWNWIND,108.88,109.21,31.54,-0.00,-4.7,-0.2,8.7,-732.9,-1194,0.61,-0.072,-0.045,0.00,0,,816,0,549,733,0.02,31.5,1.00,-0.087
108.10,DOWNWIND,108.88,109.19,31.54,-0.00,-4.7,-0.2,8.7,-732.9,-1197,0.61,-0.072,-0.045,0.00,0,,813,0,552,733,0.02,31.5,1.00,-0.087
108.20,DOWNWIND,108.88,109.17,31.54,-0.00,-4.7,-0.2,8.7,-732.9,-1200,0.61,-0.072,-0.045,0.00,0,,810,0,555,733,0.02,31.5,1.00,-0.087
108.30,DOWNWIND,108.88,109.14,31.54,-0.00,-4.7,-0.2,8.7,-732.9,-1203,0.61,-0.072,-0.045,0.00,0,,807,0,558,733,0.02,31.5,1.00,-0.087
108.40,DOWNWIND,108.88,109.12,31.54,-0.00,-4.7,-0.2,8.7,-732.9,-1206,0.61,-0.072,-0.045,0.00,0,,804,0,561,733,0.02,31.5,1.00,-0.087
108.50,DOWNWIND,108.87,109.10,31.54,-0.00,-4.7,-0.2,8.7,-732.9,-1209,0.61,-0.072,-0.045,0.00,0,,801,0,564,733,0.02,31.5,1.00,-0.087
108.60,DOWNWIND,108.87,109.08,31.54,-0.00,-4.7,-0.2,8.7,-732.9,-1212,0.61,-0.072,-0.045,0.00,0,,797,0,567,733,0.02,31.5,1.00,-0.087
108.70,DOWNWIND,108.87,109.06,31.54,-0.00,-4.7,-0.2,8.7,-732.9,-1215,0.61,-0.072,-0.045,0.00,0,,794,0,570,733,0.02,31.5,1.00,-0.087
108.80,DOWNWIND,108.87,109.04,31.54,-0.00,-4.7,-0.2,8.7,-732.9,-1218,0.61,-0.072,-0.045,0.00,0,,791,0,573,733,0.02,31.5,1.00,-0.087
108.90,DOWNWIND,108.87,109.02,31.54,-0.00,-4.7,-0.2,8.7,-732.9,-1222,0.61,-0.072,-0.045,0.00,0,,788,0,577,733,0.02,31.5,1.00,-0.087
109.00,DOWNWIND,108.87,109.00,31.54,-0.00,-4.7,-0.2,8.7,-732.9,-1225,0.61,-0.072,-0.045,0.00,0,,785,0,580,733,0.02,31.5,1.00,-0.087
109.10,DOWNWIND,108.87,108.98,31.54,-0.00,-4.7,-0.2,8.7,-732.9,-1228,0.61,-0.072,-0.045,0.00,0,,782,0,583,733,0.02,31.5,1.00,-0.087
109.20,DOWNWIND,108.87,108.95,31.54,-0.00,-4.7,-0.2,8.7,-732.9,-1231,0.61,-0.072,-0.045,0.00,0,,779,0,586,733,0.02,31.5,1.00,-0.087
109.30,DOWNWIND,108.87,108.93,31.54,-0.00,-4.7,-0.2,8.7,-732.9,-1234,0.61,-0.072,-0.045,0.00,0,,776,0,589,733,0.02,31.5,1.00,-0.087
109.40,DOWNWIND,108.87,108.90,31.54,-0.00,-4.7,-0.2,8.7,-732.9,-1237,0.61,-0.072,-0.045,0.00,0,,772,0,592,733,0.02,31.5,1.00,-0.087
109.50,DOWNWIND,108.87,108.88,31.54,-0.00,-4.7,-0.2,8.7,-732.9,-1240,0.61,-0.072,-0.045,0.00,0,,769,0,595,733,0.02,31.5,1.00,-0.087
109.60,DOWNWIND,108.87,108.85,31.54,-0.00,-4.7,-0.2,8.7,-732.9,-1243,0.61,-0.072,-0.045,0.00,0,,766,0,598,733,0.02,31.5,1.00,-0.087
109.70,DOWNWIND,108.87,108.82,31.54,-0.00,-4.7,-0.2,8.7,-732.9,-1247,0.61,-0.072,-0.045,0.00,0,,763,0,602,733,0.02,31.5,1.00,-0.087
109.80,DOWNWIND,108.87,108.79,31.54,-0.00,-4.7,-0.2,8.7,-732.9,-1250,0.61,-0.072,-0.045,0.00,0,,760,0,605,733,0.02,31.5,1.00,-0.087
109.90,DOWNWIND,108.87,108.76,31.54,-0.00,-4.7,-0.2,8.7,-732.9,-1253,0.61,-0.072,-0.045,0.00,0,,757,0,608,733,0.02,31.5,1.00,-0.087
110.00,DOWNWIND,108.87,108.73,31.54,-0.00,-4.7,-0.2,8.7,-732.9,-1256,0.61,-0.072,-0.045,0.00,0,,754,0,611,733,0.02,31.5,1.00,-0.087
110.10,DOWNWIND,108.87,108.70,31.54,-0.00,-4.7,-0.2,8.7,-732.9,-1259,0.61,-0.072,-0.045,0.00,0,,751,0,614,733,0.02,31.5,1.00,-0.087
110.20,DOWNWIND,108.87,108.66,31.54,-0.00,-4.7,-0.2,8.7,-732.9,-1262,0.61,-0.072,-0.045,0.00,0,,748,0,617,733,0.02,31.5,1.00,-0.087
110.30,DOWNWIND,108.87,108.62,31.54,-0.00,-4.7,-0.2,8.7,-732.9,-1265,0.61,-0.072,-0.045,0.00,0,,744,0,620,733,0.02,31.5,1.00,-0.087
110.40,DOWNWIND,108.87,108.58,31.54,-0.00,-4.7,-0.2,8.7,-732.9,-1268,0.61,-0.072,-0.045,0.00,0,,741,0,623,733,0.02,31.5,1.00,-0.087
110.50,DOWNWIND,108.87,108.54,31.54,-0.00,-4.7,-0.2,8.7,-732.9,-1272,0.61,-0.072,-0.045,0.00,0,,738,0,627,733,0.02,31.5,1.00,-0.086
110.60,DOWNWIND,108.87,108.50,31.54,-0.00,-4.7,-0.2,8.7,-732.9,-1275,0.61,-0.072,-0.045,0.00,0,,735,0,630,733,0.02,31.5,1.00,-0.086
110.70,DOWNWIND,108.87,108.46,31.54,-0.00,-4.7,-0.2,8.7,-732.9,-1278,0.61,-0.072,-0.045,0.00,0,,732,0,633,733,0.02,31.5,1.00,-0.086
110.80,DOWNWIND,108.87,108.41,31.54,-0.00,-4.7,-0.2,8.7,-732.9,-1281,0.61,-0.072,-0.045,0.00,0,,729,0,636,733,0.02,31.5,1.00,-0.086
110.90,DOWNWIND,108.87,108.36,31.54,-0.00,-4.7,-0.2,8.7,-732.9,-1284,0.61,-0.072,-0.045,0.00,0,,726,0,639,733,0.02,31.5,1.00,-0.086
111.00,DOWNWIND,108.87,108.32,31.54,-0.00,-4.7,-0.2,8.7,-732.9,-1287,0.61,-0.072,-0.045,0.00,0,,723,0,642,733,0.02,31.5,1.00,-0.086
111.10,DOWNWIND,108.87,108.27,31.54,-0.00,-4.7,-0.2,8.7,-732.9,-1290,0.61,-0.072,-0.045,0.00,0,,719,0,645,733,0.02,31.5,1.00,-0.086
111.20,DOWNWIND,108.87,108.22,31.54,-0.00,-4.7,-0.2,8.7,-732.9,-1293,0.61,-0.072,-0.045,0.00,0,,716,0,648,733,0.02,31.5,1.00,-0.086
111.30,DOWNWIND,108.87,108.17,31.54,-0.00,-4.7,-0.2,8.7,-732.9,-1297,0.61,-0.072,-0.045,0.00,0,,713,0,652,733,0.02,31.5,1.00,-0.086
111.40,DOWNWIND,108.87,108.12,31.54,-0.00,-4.7,-0.2,8.7,-732.9,-1300,0.61,-0.072,-0.045,0.00,0,,710,0,655,733,0.02,31.5,1.00,-0.086
111.50,DOWNWIND,108.87,108.07,31.54,-0.00,-4.7,-0.2,8.7,-732.9,-1303,0.61,-0.072,-0.045,0.00,0,,707,0,658,733,0.02,31.5,1.00,-0.086
111.60,DOWNWIND,108.87,108.02,31.54,-0.00,-4.7,-0.2,8.7,-732.9,-1306,0.61,-0.072,-0.045,0.00,0,,704,0,661,733,0.02,31.5,1.00,-0.086
111.70,DOWNWIND,108.87,107.97,31.54,-0.00,-4.7,-0.2,8.7,-732.9,-1309,0.61,-0.072,-0.045,0.00,0,,701,0,664,733,0.02,31.5,1.00,-0.086
111.80,DOWNWIND,108.87,107.92,31.54,-0.00,-4.7,-0.2,8.7,-732.9,-1312,0.61,-0.072,-0.045,0.00,0,,698,0,667,733,0.02,31.5,1.00,-0.086
111.90,DOWNWIND,108.87,107.87,31.54,-0.00,-4.7,-0.2,8.7,-732.9,-1315,0.61,-0.072,-0.045,0.00,0,,694,0,670,733,0.02,31.5,1.00,-0.086
112.00,DOWNWIND,108.87,107.82,31.54,-0.00,-4.7,-0.2,8.7,-732.9,-1318,0.61,-0.072,-0.045,0.00,0,,691,0,673,733,0.02,31.5,1.00,-0.086
112.10,DOWNWIND,108.87,107.77,31.54,-0.00,-4.7,-0.2,8.7,-732.9,-1321,0.61,-0.072,-0.045,0.00,0,,688,0,676,733,0.02,31.5,1.00,-0.086
112.20,DOWNWIND,108.87,107.72,31.54,-0.00,-4.7,-0.2,8.7,-732.9,-1325,0.61,-0.072,-0.045,0.00,0,,685,0,680,733,0.02,31.5,1.00,-0.086
112.30,DOWNWIND,108.87,107.67,31.54,-0.00,-4.7,-0.2,8.7,-732.9,-1328,0.61,-0.072,-0.045,0.00,0,,682,0,683,733,0.02,31.5,1.00,-0.086
112.40,DOWNWIND,108.87,107.62,31.54,-0.00,-4.7,-0.2,8.7,-732.9,-1331,0.61,-0.072,-0.045,0.00,0,,679,0,686,733,0.02,31.5,1.00,-0.086
112.50,DOWNWIND,108.87,107.57,31.54,-0.00,-4.7,-0.2,8.7,-732.9,-1334,0.61,-0.072,-0.045,0.00,0,,676,0,689,733,0.02,31.5,1.00,-0.086
112.60,DOWNWIND,108.87,107.52,31.54,-0.00,-4.7,-0.2,8.7,-732.9,-1337,0.61,-0.072,-0.045,0.00,0,,673,0,692,733,0.02,31.5,1.00,-0.086
112.70,DOWNWIND,108.87,107.47,31.54,-0.00,-4.7,-0.2,8.7,-732.9,-1340,0.61,-0.072,-0.044,0.00,0,,669,0,695,733,0.02,31.5,1.00,-0.086
112.80,DOWNWIND,108.87,107.42,31.54,-0.00,-4.7,-0.2,8.7,-732.9,-1343,0.61,-0.072,-0.045,0.00,0,,666,0,698,733,0.02,31.5,1.00,-0.086
112.90,DOWNWIND,108.87,107.37,31.54,0.00,-4.7,-0.2,8.7,-732.9,-1346,0.61,-0.072,-0.045,0.00,0,,663,0,701,733,0.02,31.5,1.00,-0.086
113.00,DOWNWIND,108.87,107.31,31.54,0.00,-4.7,-0.2,8.7,-732.9,-1350,0.61,-0.072,-0.044,0.00,0,,660,0,705,733,0.02,31.5,1.00,-0.086
113.10,DOWNWIND,108.87,107.26,31.54,0.00,-4.7,-0.2,8.7,-732.9,-1353,0.61,-0.072,-0.045,0.00,0,,657,0,708,733,0.02,31.5,1.00,-0.086
113.20,DOWNWIND,108.87,107.21,31.54,0.00,-4.7,-0.2,8.7,-732.9,-1356,0.61,-0.072,-0.045,0.00,0,,654,0,711,733,0.02,31.5,1.00,-0.086
113.30,DOWNWIND,108.87,107.15,31.54,0.00,-4.7,-0.2,8.7,-732.9,-1359,0.61,-0.072,-0.044,0.00,0,,651,0,714,733,0.02,31.5,1.00,-0.086
113.40,DOWNWIND,108.87,107.10,31.54,0.00,-4.7,-0.2,8.7,-732.9,-1362,0.61,-0.072,-0.045,0.00,0,,648,0,717,733,0.02,31.5,1.00,-0.086
113.50,DOWNWIND,108.87,107.04,31.54,0.00,-4.7,-0.2,8.7,-732.9,-1365,0.61,-0.072,-0.044,0.00,0,,645,0,720,733,0.02,31.5,1.00,-0.086
113.60,DOWNWIND,108.87,106.97,31.54,0.00,-4.7,-0.2,8.7,-732.9,-1368,0.61,-0.072,-0.045,0.00,0,,641,0,723,733,0.02,31.5,1.00,-0.086
113.70,DOWNWIND,108.87,106.91,31.54,0.00,-4.7,-0.2,8.7,-732.9,-1371,0.61,-0.072,-0.045,0.00,0,,638,0,726,733,0.02,31.5,1.00,-0.086
113.80,DOWNWIND,108.87,106.84,31.54,0.00,-4.7,-0.2,8.7,-732.9,-1375,0.61,-0.072,-0.044,0.00,0,,635,0,730,733,0.02,31.5,1.00,-0.086
113.90,DOWNWIND,108.87,106.77,31.54,0.00,-4.7,-0.2,8.7,-732.9,-1378,0.61,-0.072,-0.044,0.00,0,,632,0,733,733,0.02,31.5,1.00,-0.086
114.00,DOWNWIND,108.87,106.69,31.54,0.00,-4.7,-0.2,8.7,-732.9,-1381,0.61,-0.072,-0.044,0.00,0,,629,0,736,733,0.02,31.5,1.00,-0.086
114.10,DOWNWIND,108.87,106.62,31.54,0.00,-4.7,-0.2,8.7,-732.9,-1384,0.61,-0.072,-0.044,0.00,0,,626,0,739,733,0.02,31.5,1.00,-0.086
114.20,DOWNWIND,108.87,106.54,31.54,0.00,-4.7,-0.2,8.7,-732.9,-1387,0.61,-0.072,-0.044,0.00,0,,623,0,742,733,0.02,31.5,1.00,-0.086
114.30,DOWNWIND,108.87,106.46,31.54,0.00,-4.7,-0.2,8.7,-732.9,-1390,0.61,-0.072,-0.044,0.00,0,,620,0,745,733,0.02,31.5,1.00,-0.086
114.40,DOWNWIND,108.87,106.38,31.54,0.00,-4.7,-0.2,8.7,-732.9,-1393,0.61,-0.072,-0.044,0.00,0,,616,0,748,733,0.02,31.5,1.00,-0.086
114.50,DOWNWIND,108.87,106.29,31.54,0.00,-4.7,-0.2,8.7,-732.9,-1396,0.61,-0.072,-0.044,0.00,0,,613,0,751,733,0.02,31.5,1.00,-0.086
114.60,DOWNWIND,108.87,106.21,31.53,0.00,-4.7,-0.2,8.7,-732.9,-1399,0.61,-0.072,-0.044,0.00,0,,610,0,754,733,0.02,31.5,1.00,-0.086
114.70,DOWNWIND,108.87,106.12,31.53,0.00,-4.7,-0.2,8.7,-732.9,-1403,0.61,-0.072,-0.044,0.00,0,,607,0,758,733,0.02,31.5,1.00,-0.086
114.80,DOWNWIND,108.87,106.03,31.53,0.00,-4.7,-0.2,8.7,-732.9,-1406,0.61,-0.072,-0.044,0.00,0,,604,0,761,733,0.02,31.5,1.00,-0.086
114.90,DOWNWIND,108.87,105.94,31.53,0.00,-4.7,-0.2,8.7,-732.9,-1409,0.61,-0.072,-0.044,0.00,0,,601,0,764,733,0.02,31.5,1.00,-0.086
115.00,DOWNWIND,108.87,105.85,31.53,0.00,-4.7,-0.2,8.7,-732.9,-1412,0.61,-0.072,-0.044,0.00,0,,598,0,767,733,0.02,31.5,1.00,-0.085
115.10,DOWNWIND,108.87,105.76,31.53,0.00,-4.7,-0.2,8.7,-732.9,-1415,0.61,-0.072,-0.044,0.00,0,,595,0,770,733,0.02,31.5,1.00,-0.085
115.20,DOWNWIND,108.87,105.67,31.53,0.00,-4.7,-0.2,8.7,-732.9,-1418,0.61,-0.072,-0.044,0.00,0,,591,0,773,733,0.02,31.5,1.00,-0.085
115.30,DOWNWIND,108.87,105.58,31.53,0.00,-4.7,-0.2,8.7,-732.9,-1421,0.61,-0.072,-0.044,0.00,0,,588,0,776,733,0.02,31.5,1.00,-0.085
115.40,DOWNWIND,108.87,105.49,31.53,0.00,-4.7,-0.2,8.7,-732.9,-1424,0.61,-0.072,-0.044,0.00,0,,585,0,779,733,0.02,31.5,1.00,-0.085
115.50,DOWNWIND,108.87,105.41,31.53,0.00,-4.7,-0.2,8.7,-732.9,-1428,0.61,-0.072,-0.044,0.00,0,,582,0,783,733,0.02,31.5,1.00,-0.085
115.60,DOWNWIND,108.87,105.32,31.53,0.00,-4.7,-0.2,8.7,-732.9,-1431,0.61,-0.072,-0.044,0.00,0,,579,0,786,733,0.02,31.5,1.00,-0.085
115.70,DOWNWIND,108.87,105.23,31.53,0.00,-4.7,-0.2,8.7,-732.9,-1434,0.61,-0.072,-0.044,0.00,0,,576,0,789,733,0.02,31.5,1.00,-0.085
115.80,DOWNWIND,108.87,105.15,31.53,0.00,-4.7,-0.2,8.7,-732.9,-1437,0.61,-0.072,-0.044,0.00,0,,573,0,792,733,0.02,31.5,1.00,-0.085
115.90,DOWNWIND,108.87,105.07,31.53,0.00,-4.7,-0.2,8.7,-732.9,-1440,0.61,-0.072,-0.044,0.00,0,,570,0,795,733,0.02,31.5,1.00,-0.085
116.00,DOWNWIND,108.87,104.99,31.53,0.00,-4.7,-0.2,8.7,-732.9,-1443,0.61,-0.072,-0.044,0.00,0,,566,0,798,733,0.02,31.5,1.00,-0.085
116.10,DOWNWIND,108.87,104.91,31.53,0.00,-4.7,-0.2,8.7,-732.9,-1446,0.61,-0.072,-0.044,0.00,0,,563,0,801,733,0.02,31.5,1.00,-0.085
116.20,DOWNWIND,108.87,104.84,31.53,0.00,-4.7,-0.2,8.7,-732.9,-1449,0.61,-0.072,-0.044,0.00,0,,560,0,804,733,0.02,31.5,1.00,-0.085
116.30,DOWNWIND,108.87,104.77,31.53,0.00,-4.7,-0.2,8.7,-732.9,-1453,0.61,-0.072,-0.044,0.00,0,,557,0,808,733,0.02,31.5,1.00,-0.085
116.40,DOWNWIND,108.87,104.71,31.53,0.00,-4.7,-0.2,8.7,-732.9,-1456,0.61,-0.072,-0.044,0.00,0,,554,0,811,733,0.02,31.5,1.00,-0.085
116.50,DOWNWIND,108.87,104.64,31.53,0.00,-4.7,-0.2,8.7,-732.9,-1459,0.61,-0.072,-0.044,0.00,0,,551,0,814,733,0.02,31.5,1.00,-0.085
116.60,DOWNWIND,108.87,104.58,31.53,0.00,-4.7,-0.2,8.7,-732.9,-1462,0.61,-0.072,-0.044,0.00,0,,548,0,817,733,0.02,31.5,1.00,-0.085
116.70,DOWNWIND,108.87,104.51,31.53,0.00,-4.7,-0.2,8.7,-732.9,-1465,0.61,-0.072,-0.044,0.00,0,,545,0,820,733,0.02,31.5,1.00,-0.085
116.80,DOWNWIND,108.87,104.45,31.53,0.00,-4.7,-0.2,8.7,-732.9,-1468,0.61,-0.072,-0.044,0.00,0,,542,0,823,733,0.02,31.5,1.00,-0.085
116.90,DOWNWIND,108.87,104.39,31.53,0.00,-4.7,-0.2,8.7,-732.9,-1471,0.61,-0.072,-0.044,0.00,0,,538,0,826,733,0.02,31.5,1.00,-0.085
117.00,DOWNWIND,108.87,104.33,31.53,0.00,-4.7,-0.2,8.7,-732.9,-1474,0.61,-0.072,-0.044,0.00,0,,535,0,829,733,0.02,31.5,1.00,-0.085
117.10,DOWNWIND,108.87,104.27,31.53,0.00,-4.7,-0.2,8.7,-732.9,-1478,0.61,-0.072,-0.044,0.00,0,,532,0,833,733,0.02,31.5,1.00,-0.085
117.20,DOWNWIND,108.87,104.20,31.53,0.00,-4.7,-0.2,8.7,-732.9,-1481,0.61,-0.072,-0.044,0.00,0,,529,0,836,733,0.02,31.5,1.00,-0.085
117.30,DOWNWIND,108.87,104.14,31.53,0.00,-4.7,-0.2,8.7,-732.9,-1484,0.61,-0.072,-0.044,0.00,0,,526,0,839,733,0.02,31.5,1.00,-0.085
117.40,DOWNWIND,108.87,104.08,31.53,0.00,-4.7,-0.2,8.7,-732.9,-1487,0.61,-0.072,-0.044,0.00,0,,523,0,842,733,0.02,31.5,1.00,-0.085
117.50,DOWNWIND,108.87,104.01,31.53,0.00,-4.7,-0.2,8.7,-732.9,-1490,0.61,-0.072,-0.044,0.00,0,,520,0,845,733,0.02,31.5,1.00,-0.085
117.60,DOWNWIND,108.87,103.94,31.53,0.00,-4.7,-0.2,8.7,-732.9,-1493,0.61,-0.072,-0.044,0.00,0,,517,0,848,733,0.02,31.5,1.00,-0.085
117.70,DOWNWIND,108.87,103.86,31.53,0.00,-4.7,-0.2,8.7,-732.9,-1496,0.61,-0.072,-0.044,0.00,0,,513,0,851,733,0.02,31.5,1.00,-0.085
117.80,DOWNWIND,108.87,103.78,31.53,0.00,-4.7,-0.2,8.7,-732.9,-1499,0.61,-0.072,-0.044,0.00,0,,510,0,854,733,0.02,31.5,1.00,-0.085
117.90,DOWNWIND,108.87,103.70,31.53,0.00,-4.7,-0.2,8.7,-732.9,-1502,0.61,-0.072,-0.044,0.00,0,,507,0,857,733,0.02,31.5,1.00,-0.085
118.00,DOWNWIND,108.87,103.62,31.53,0.00,-4.7,-0.2,8.7,-732.9,-1506,0.61,-0.072,-0.044,0.00,0,,504,0,861,733,0.02,31.5,1.00,-0.085
118.10,DOWNWIND,108.87,103.53,31.53,0.00,-4.7,-0.2,8.7,-732.9,-1509,0.61,-0.072,-0.044,0.00,0,,501,0,864,733,0.02,31.5,1.00,-0.085
118.20,DOWNWIND,108.87,103.43,31.53,0.00,-4.7,-0.2,8.7,-732.9,-1512,0.61,-0.072,-0.044,0.00,0,,498,0,867,733,0.02,31.5,1.00,-0.085
118.30,DOWNWIND,108.87,103.34,31.53,0.00,-4.7,-0.2,8.7,-732.9,-1515,0.61,-0.072,-0.044,0.00,0,,495,0,870,733,0.02,31.5,1.00,-0.085
118.40,DOWNWIND,108.88,103.25,31.53,0.00,-4.7,-0.2,8.7,-732.9,-1518,0.61,-0.072,-0.044,0.00,0,,492,0,873,733,0.02,31.5,1.00,-0.085
118.50,DOWNWIND,108.88,103.16,31.53,0.00,-4.7,-0.2,8.7,-732.9,-1521,0.61,-0.072,-0.044,0.00,0,,488,0,876,733,0.02,31.5,1.00,-0.085
118.60,DOWNWIND,108.88,103.08,31.53,0.00,-4.7,-0.2,8.7,-732.9,-1524,0.61,-0.072,-0.044,0.00,0,,485,0,879,733,0.02,31.5,1.00,-0.085
118.70,DOWNWIND,108.88,102.99,31.53,0.00,-4.7,-0.2,8.6,-732.9,-1527,0.61,-0.072,-0.044,0.00,0,,482,0,882,733,0.02,31.5,1.00,-0.085
118.80,DOWNWIND,108.88,102.91,31.53,0.00,-4.7,-0.2,8.6,-732.9,-1531,0.61,-0.072,-0.044,0.00,0,,479,0,886,733,0.02,31.5,1.00,-0.085
118.90,DOWNWIND,108.88,102.83,31.53,0.00,-4.7,-0.2,8.6,-732.9,-1534,0.61,-0.072,-0.044,0.00,0,,476,0,889,733,0.02,31.5,1.00,-0.085
119.00,DOWNWIND,108.88,102.75,31.53,0.00,-4.7,-0.2,8.6,-732.9,-1537,0.61,-0.072,-0.044,0.00,0,,473,0,892,733,0.02,31.5,1.00,-0.085
119.10,DOWNWIND,108.88,102.68,31.53,0.00,-4.7,-0.2,8.6,-732.9,-1540,0.61,-0.072,-0.044,0.00,0,,470,0,895,733,0.02,31.5,1.00,-0.085
119.20,DOWNWIND,108.88,102.61,31.53,0.00,-4.7,-0.2,8.6,-732.9,-1543,0.61,-0.072,-0.044,0.00,0,,467,0,898,733,0.02,31.5,1.00,-0.085
119.30,DOWNWIND,108.88,102.54,31.53,0.00,-4.7,-0.2,8.6,-732.9,-1546,0.61,-0.072,-0.044,0.00,0,,464,0,901,733,0.02,31.5,1.00,-0.085
119.40,DOWNWIND,108.88,102.47,31.53,0.00,-4.7,-0.2,8.6,-732.9,-1549,0.61,-0.072,-0.044,0.00,0,,460,0,904,733,0.02,31.5,1.00,-0.085
119.50,DOWNWIND,108.88,102.41,31.53,0.00,-4.7,-0.2,8.6,-732.9,-1552,0.61,-0.072,-0.044,0.00,0,,457,0,907,733,0.02,31.5,1.00,-0.085
119.60,DOWNWIND,108.88,102.35,31.53,0.00,-4.7,-0.2,8.6,-732.9,-1556,0.61,-0.072,-0.044,0.00,0,,454,0,911,733,0.02,31.5,1.00,-0.085
119.70,DOWNWIND,108.88,102.29,31.53,0.00,-4.7,-0.2,8.6,-732.9,-1559,0.61,-0.072,-0.044,0.00,0,,451,0,914,733,0.02,31.5,1.00,-0.085
119.80,DOWNWIND,108.88,102.24,31.53,0.00,-4.7,-0.2,8.6,-732.9,-1562,0.61,-0.072,-0.044,0.00,0,,448,0,917,733,0.02,31.5,1.00,-0.085
119.90,DOWNWIND,108.88,102.19,31.53,0.00,-4.7,-0.2,8.6,-732.9,-1565,0.61,-0.072,-0.044,0.00,0,,445,0,920,733,0.02,31.5,1.00,-0.085
120.00,DOWNWIND,108.88,102.15,31.53,0.00,-4.7,-0.2,8.6,-732.9,-1568,0.61,-0.072,-0.044,0.00,0,,442,0,923,733,0.02,31.5,1.00,-0.085
120.10,DOWNWIND,108.88,102.11,31.53,0.00,-4.7,-0.2,8.6,-732.9,-1571,0.61,-0.072,-0.044,0.00,0,,439,0,926,733,0.02,31.5,1.00,-0.085
120.20,DOWNWIND,108.88,102.07,31.53,0.00,-4.7,-0.2,8.6,-732.9,-1574,0.61,-0.072,-0.044,0.00,0,,435,0,929,733,0.02,31.5,1.00,-0.085
120.30,DOWNWIND,108.88,102.04,31.53,0.00,-4.7,-0.2,8.6,-732.9,-1577,0.61,-0.072,-0.044,0.00,0,,432,0,932,733,0.02,31.5,1.00,-0.085
120.40,DOWNWIND,108.88,102.01,31.53,0.00,-4.7,-0.2,8.6,-732.9,-1581,0.61,-0.072,-0.044,0.00,0,,429,0,936,733,0.02,31.5,1.00,-0.085
120.50,DOWNWIND,108.88,101.99,31.53,0.00,-4.7,-0.2,8.6,-732.9,-1584,0.61,-0.072,-0.044,0.00,0,,426,0,939,733,0.02,31.5,1.00,-0.084
120.60,DOWNWIND,108.88,101.97,31.53,0.00,-4.7,-0.2,8.6,-732.9,-1587,0.61,-0.072,-0.044,0.00,0,,423,0,942,733,0.02,31.5,1.00,-0.084
120.70,DOWNWIND,108.88,101.95,31.53,0.00,-4.7,-0.2,8.6,-732.9,-1590,0.61,-0.072,-0.044,0.00,0,,420,0,945,733,0.02,31.5,1.00,-0.084
120.80,DOWNWIND,108.88,101.94,31.53,0.00,-4.7,-0.2,8.6,-732.9,-1593,0.61,-0.072,-0.044,0.00,0,,417,0,948,733,0.02,31.5,1.00,-0.084
120.90,DOWNWIND,108.88,101.93,31.53,0.00,-4.7,-0.2,8.6,-732.9,-1596,0.61,-0.072,-0.044,0.00,0,,414,0,951,733,0.02,31.5,1.00,-0.084
121.00,DOWNWIND,108.88,101.92,31.53,0.00,-4.7,-0.2,8.6,-732.9,-1599,0.61,-0.072,-0.044,0.00,0,,410,0,954,733,0.02,31.5,1.00,-0.084
121.10,DOWNWIND,108.88,101.91,31.53,0.00,-4.7,-0.2,8.6,-732.9,-1602,0.61,-0.072,-0.044,0.00,0,,407,0,957,733,0.02,31.5,1.00,-0.084
121.20,DOWNWIND,108.88,101.90,31.53,0.00,-4.7,-0.2,8.6,-732.9,-1605,0.61,-0.072,-0.044,0.00,0,,404,0,960,733,0.02,31.5,1.00,-0.084
121.30,DOWNWIND,108.88,101.90,31.53,0.00,-4.7,-0.2,8.6,-732.9,-1609,0.61,-0.072,-0.044,0.00,0,,401,0,964,733,0.02,31.5,1.00,-0.084
121.40,DOWNWIND,108.88,101.89,31.53,0.00,-4.7,-0.2,8.6,-732.9,-1612,0.61,-0.072,-0.044,0.00,0,,398,0,967,733,0.02,31.5,1.00,-0.084
121.50,DOWNWIND,108.88,101.88,31.53,0.00,-4.7,-0.2,8.6,-732.9,-1615,0.61,-0.072,-0.044,0.00,0,,395,0,970,733,0.02,31.5,1.00,-0.084
121.60,DOWNWIND,108.88,101.86,31.53,0.00,-4.7,-0.2,8.6,-732.9,-1618,0.61,-0.072,-0.044,0.00,0,,392,0,973,733,0.02,31.5,1.00,-0.084
121.70,DOWNWIND,108.88,101.84,31.53,0.00,-4.7,-0.2,8.6,-732.9,-1621,0.61,-0.072,-0.044,0.00,0,,389,0,976,733,0.02,31.5,1.00,-0.084
121.80,DOWNWIND,108.88,101.83,31.53,0.00,-4.7,-0.2,8.6,-732.9,-1624,0.61,-0.072,-0.044,0.00,0,,385,0,979,733,0.02,31.5,1.00,-0.084
121.90,DOWNWIND,108.88,101.80,31.53,0.00,-4.7,-0.2,8.6,-732.9,-1627,0.61,-0.072,-0.044,0.00,0,,382,0,982,733,0.02,31.5,1.00,-0.084
122.00,DOWNWIND,108.88,101.78,31.53,0.00,-4.7,-0.2,8.6,-732.9,-1630,0.61,-0.072,-0.044,0.00,0,,379,0,985,733,0.02,31.5,1.00,-0.084
122.10,DOWNWIND,108.88,101.74,31.53,0.00,-4.7,-0.2,8.6,-732.9,-1634,0.61,-0.072,-0.044,0.00,0,,376,0,989,733,0.02,31.5,1.00,-0.084
122.20,DOWNWIND,108.88,101.71,31.53,0.00,-4.7,-0.2,8.6,-732.9,-1637,0.61,-0.072,-0.044,0.00,0,,373,0,992,733,0.02,31.5,1.00,-0.084
122.30,DOWNWIND,108.88,101.67,31.53,0.00,-4.7,-0.2,8.6,-732.9,-1640,0.61,-0.072,-0.044,0.00,0,,370,0,995,733,0.02,31.5,1.00,-0.084
122.40,DOWNWIND,108.88,101.63,31.53,0.00,-4.7,-0.2,8.6,-732.9,-1643,0.61,-0.072,-0.044,0.00,0,,367,0,998,733,0.02,31.5,1.00,-0.084
122.50,DOWNWIND,108.88,101.58,31.53,0.00,-4.7,-0.2,8.6,-732.9,-1646,0.61,-0.072,-0.044,0.00,0,,364,0,1001,733,0.02,31.5,1.00,-0.084
122.60,DOWNWIND,108.89,101.52,31.53,0.00,-4.7,-0.2,8.6,-732.9,-1649,0.61,-0.072,-0.044,0.00,0,,361,0,1004,733,0.02,31.5,1.00,-0.084
122.70,DOWNWIND,108.89,101.46,31.53,0.00,-4.7,-0.2,8.6,-732.9,-1652,0.61,-0.072,-0.044,0.00,0,,357,0,1007,733,0.02,31.5,1.00,-0.084
122.80,DOWNWIND,108.89,101.38,31.53,0.00,-4.7,-0.2,8.6,-732.9,-1655,0.61,-0.072,-0.044,0.00,0,,354,0,1010,733,0.02,31.5,1.00,-0.084
122.90,DOWNWIND,108.89,101.30,31.53,0.00,-4.7,-0.2,8.6,-732.9,-1659,0.61,-0.072,-0.044,0.00,0,,351,0,1014,733,0.02,31.5,1.00,-0.084
123.00,DOWNWIND,108.89,101.21,31.53,0.00,-4.7,-0.2,8.6,-732.9,-1662,0.61,-0.072,-0.044,0.00,0,,348,0,1017,733,0.02,31.5,1.00,-0.084
123.10,DOWNWIND,108.89,101.11,31.53,0.00,-4.7,-0.2,8.6,-732.9,-1665,0.61,-0.072,-0.044,0.00,0,,345,0,1020,733,0.02,31.5,1.00,-0.084
123.20,DOWNWIND,108.89,101.01,31.53,0.00,-4.7,-0.3,8.6,-732.9,-1668,0.61,-0.073,-0.044,0.00,0,,342,0,1023,733,0.02,31.5,1.00,-0.084
123.30,DOWNWIND,108.89,100.89,31.53,0.00,-4.7,-0.4,8.6,-732.9,-1671,0.61,-0.073,-0.043,0.00,0,,339,0,1026,733,0.02,31.5,1.00,-0.084
123.40,DOWNWIND,108.89,100.77,31.53,0.00,-4.7,-0.4,8.6,-732.9,-1674,0.61,-0.073,-0.044,0.00,0,,336,0,1029,733,0.02,31.5,1.00,-0.084
123.50,DOWNWIND,108.89,100.64,31.53,0.00,-4.7,-0.6,8.6,-732.9,-1677,0.61,-0.073,-0.043,0.00,0,,332,0,1032,733,0.02,31.5,1.00,-0.084
123.60,DOWNWIND,108.89,100.50,31.53,0.00,-4.7,-0.7,8.6,-732.9,-1680,0.61,-0.073,-0.044,0.00,0,,329,0,1035,733,0.02,31.5,1.00,-0.084
123.70,DOWNWIND,108.89,100.35,31.53,-0.00,-4.7,-0.8,8.5,-732.9,-1683,0.61,-0.073,-0.043,0.00,0,,326,0,1038,733,0.02,31.5,1.00,-0.084
123.80,DOWNWIND,108.89,100.20,31.53,-0.00,-4.7,-1.0,8.5,-732.9,-1687,0.61,-0.073,-0.042,0.00,0,,323,0,1042,733,0.02,31.5,1.00,-0.084
123.90,DOWNWIND,108.89,100.05,31.53,-0.00,-4.7,-1.2,8.5,-732.9,-1690,0.61,-0.073,-0.043,0.00,0,,320,0,1045,733,0.02,31.5,1.00,-0.084
124.00,DOWNWIND,108.89,99.89,31.53,-0.01,-4.7,-1.4,8.4,-732.9,-1693,0.61,-0.073,-0.042,0.00,0,,317,0,1048,733,0.02,31.5,1.00,-0.084
124.10,DOWNWIND,108.89,99.73,31.53,-0.01,-4.7,-1.7,8.4,-732.9,-1696,0.61,-0.073,-0.042,0.00,0,,314,0,1051,733,0.02,31.5,1.00,-0.084
124.20,DOWNWIND,108.89,99.56,31.53,-0.01,-4.7,-1.9,8.3,-732.9,-1699,0.61,-0.073,-0.042,0.00,0,,311,0,1054,733,0.02,31.5,1.00,-0.084
124.30,DOWNWIND,108.88,99.40,31.53,-0.01,-4.7,-2.2,8.3,-732.8,-1702,0.61,-0.073,-0.041,0.00,0,,307,0,1057,733,0.02,31.5,1.00,-0.083
124.40,DOWNWIND,108.88,99.23,31.53,-0.02,-4.6,-2.5,8.3,-732.8,-1705,0.61,-0.073,-0.043,0.00,0,,304,0,1060,733,0.02,31.5,1.00,-0.083
124.50,DOWNWIND,108.88,99.07,31.53,-0.02,-4.6,-2.9,8.3,-732.8,-1708,0.61,-0.073,-0.042,0.00,0,,301,0,1063,733,0.02,31.5,1.00,-0.083
124.60,DOWNWIND,108.88,98.90,31.53,-0.02,-4.6,-3.2,8.2,-732.8,-1712,0.61,-0.073,-0.040,0.00,0,,298,0,1067,733,0.02,31.5,1.00,-0.083
124.70,DOWNWIND,108.88,98.74,31.53,-0.03,-4.6,-3.5,8.2,-732.8,-1715,0.61,-0.073,-0.042,0.00,0,,295,0,1070,733,0.02,31.5,1.00,-0.083
124.80,DOWNWIND,108.87,98.58,31.53,-0.03,-4.6,-3.9,8.2,-732.7,-1718,0.61,-0.073,-0.041,0.00,0,,292,0,1073,733,0.02,31.5,1.00,-0.082
124.90,DOWNWIND,108.87,98.43,31.53,-0.04,-4.6,-4.3,8.2,-732.7,-1721,0.61,-0.074,-0.041,0.00,0,,289,0,1076,733,0.02,31.5,1.00,-0.082
125.00,DOWNWIND,108.86,98.27,31.53,-0.05,-4.6,-4.7,8.3,-732.6,-1724,0.61,-0.073,-0.042,0.00,0,,286,0,1079,733,0.02,31.5,1.00,-0.082
125.10,DOWNWIND,108.86,98.12,31.54,-0.05,-4.6,-5.1,8.3,-732.6,-1727,0.61,-0.073,-0.041,0.00,0,,283,0,1082,733,0.02,31.5,1.00,-0.081
125.20,DOWNWIND,108.85,97.97,31.54,-0.06,-4.6,-5.5,8.4,-732.5,-1730,0.61,-0.073,-0.043,0.00,0,,279,0,1085,733,0.02,31.5,1.00,-0.081
125.30,DOWNWIND,108.85,97.82,31.54,-0.07,-4.6,-6.0,8.5,-732.5,-1733,0.61,-0.073,-0.042,0.00,0,,276,0,1088,732,0.02,31.5,1.00,-0.080
125.40,DOWNWIND,108.84,97.67,31.54,-0.08,-4.5,-6.4,8.6,-732.4,-1736,0.61,-0.073,-0.041,0.00,0,,273,0,1091,732,0.03,31.5,1.00,-0.080
125.50,DOWNWIND,108.83,97.53,31.54,-0.08,-4.5,-6.9,8.7,-732.3,-1740,0.61,-0.073,-0.043,0.00,0,,270,0,1095,732,0.03,31.5,1.00,-0.080
125.60,DOWNWIND,108.82,97.38,31.55,-0.09,-4.5,-7.3,8.8,-732.2,-1743,0.61,-0.073,-0.043,0.00,0,,267,0,1098,732,0.03,31.5,1.00,-0.079
125.70,DOWNWIND,108.81,97.24,31.55,-0.10,-4.5,-7.8,8.9,-732.1,-1746,0.61,-0.073,-0.043,0.00,0,,264,0,1101,732,0.03,31.5,1.00,-0.078
125.80,DOWNWIND,108.80,97.11,31.55,-0.11,-4.5,-8.2,9.1,-732.0,-1749,0.61,-0.072,-0.044,0.00,1,,261,0,1104,732,0.03,31.5,1.00,-0.078
125.90,DOWNWIND,108.79,96.97,31.56,-0.12,-4.5,-8.7,9.3,-731.9,-1752,0.61,-0.072,-0.043,0.00,1,,258,0,1107,732,0.03,31.5,1.00,-0.077
126.00,DOWNWIND,108.78,96.83,31.56,-0.13,-4.5,-9.1,9.5,-731.7,-1755,0.61,-0.071,-0.045,0.00,1,,255,0,1110,732,0.04,31.5,1.00,-0.076
126.10,DOWNWIND,108.77,96.70,31.56,-0.14,-4.4,-9.6,9.7,-731.6,-1758,0.61,-0.071,-0.044,0.00,1,,252,0,1113,732,0.04,31.5,1.00,-0.076
126.20,DOWNWIND,108.75,96.56,31.57,-0.15,-4.4,-10.1,9.9,-731.4,-1761,0.61,-0.071,-0.043,0.00,1,,248,0,1116,731,0.04,31.5,1.00,-0.075
126.30,BASE,108.74,96.43,31.55,-0.17,-4.4,-10.5,10.1,-731.2,-1764,0.05,-0.052,-0.045,0.00,245,,731,0,1119,731,0.05,25.5,0.98,0.044
126.40,BASE,108.72,96.29,31.44,-0.23,-4.4,-10.9,10.4,-731.0,-1767,0.05,0.002,-0.043,0.00,242,,731,0,1122,731,0.05,25.5,0.93,0.038
126.50,BASE,108.69,96.16,31.32,-0.28,-4.2,-11.4,10.7,-730.8,-1770,0.05,0.021,-0.044,0.00,239,,731,0,1125,731,0.05,25.5,0.88,0.033
126.60,BASE,108.67,96.02,31.20,-0.25,-3.8,-11.8,11.1,-730.6,-1774,0.05,-0.021,-0.045,0.00,236,,731,0,1129,731,0.06,25.5,0.83,0.026
126.70,BASE,108.64,95.88,31.09,-0.17,-3.5,-12.2,11.5,-730.4,-1777,0.05,-0.042,-0.045,0.00,233,,730,0,1132,730,0.06,25.5,0.78,0.018
126.80,BASE,108.63,95.76,30.97,-0.09,-3.3,-12.6,11.7,-730.1,-1780,0.05,-0.040,-0.037,0.00,230,,730,0,1135,730,0.07,25.5,0.73,0.009
126.90,BASE,108.62,95.64,30.84,-0.03,-3.2,-13.0,11.3,-729.8,-1783,0.05,-0.029,-0.014,0.00,227,,730,0,1138,730,0.07,25.5,0.68,0.001
127.00,BASE,108.62,95.53,30.72,-0.00,-3.2,-13.3,11.0,-729.5,-1786,0.05,-0.023,-0.010,0.00,224,,730,0,1141,730,0.07,25.5,0.63,-0.006
127.10,BASE,108.62,95.43,30.60,0.01,-3.2,-13.5,10.7,-729.2,-1788,0.05,-0.021,-0.007,0.00,221,,729,0,1143,729,0.07,25.5,0.58,-0.012
127.20,BASE,108.62,95.33,30.48,0.01,-3.2,-13.7,10.5,-728.9,-1791,0.05,-0.023,-0.006,0.00,218,,729,0,1146,729,0.07,25.5,0.53,-0.018
127.30,BASE,108.62,95.24,30.36,0.00,-3.3,-13.9,10.4,-728.5,-1794,0.05,-0.023,-0.011,0.00,215,,729,0,1149,729,0.07,25.5,0.50,-0.021
127.40,BASE,108.62,95.16,30.25,-0.01,-3.3,-14.2,10.3,-728.1,-1797,0.05,-0.020,-0.013,0.00,212,,728,0,1152,728,0.07,25.5,0.50,-0.021
127.50,BASE,108.62,95.08,30.13,-0.03,-3.3,-14.4,10.2,-727.7,-1800,0.05,-0.019,-0.017,0.00,210,,728,0,1155,728,0.07,25.5,0.50,-0.021
127.60,BASE,108.62,95.01,30.02,-0.05,-3.4,-14.7,10.1,-727.3,-1803,0.05,-0.018,-0.020,0.00,207,,727,0,1158,727,0.07,25.5,0.50,-0.021
127.70,BASE,108.61,94.95,29.90,-0.07,-3.4,-14.9,10.0,-726.9,-1806,0.05,-0.019,-0.021,0.00,204,,727,0,1161,727,0.07,25.5,0.50,-0.022
127.80,BASE,108.60,94.89,29.79,-0.09,-3.4,-15.1,10.0,-726.4,-1809,0.05,-0.019,-0.029,0.00,201,,726,0,1164,726,0.07,25.5,0.50,-0.023
127.90,BASE,108.60,94.84,29.68,-0.11,-3.5,-15.2,9.9,-726.0,-1811,0.05,-0.018,-0.029,0.00,198,,726,0,1166,726,0.07,25.5,0.50,-0.023
128.00,BASE,108.58,94.79,29.57,-0.14,-3.5,-15.3,9.7,-725.5,-1814,0.05,-0.017,-0.032,0.00,195,,725,0,1169,725,0.08,25.5,0.50,-0.024
128.10,BASE,108.57,94.74,29.46,-0.17,-3.6,-15.4,9.6,-725.0,-1817,0.05,-0.016,-0.033,0.00,193,,725,0,1172,725,0.08,25.5,0.50,-0.024
128.20,BASE,108.55,94.69,29.36,-0.20,-3.6,-15.5,9.4,-724.4,-1820,0.05,-0.016,-0.034,0.00,190,,724,0,1175,724,0.08,25.5,0.50,-0.024
128.30,BASE,108.53,94.64,29.25,-0.24,-3.6,-15.6,9.2,-723.9,-1823,0.05,-0.015,-0.036,0.00,187,,724,0,1178,724,0.09,25.5,0.50,-0.023
128.40,BASE,108.50,94.60,29.15,-0.28,-3.7,-15.7,9.0,-723.3,-1825,0.05,-0.014,-0.034,0.00,184,,723,0,1180,723,0.09,25.5,0.50,-0.023
128.50,BASE,108.47,94.55,29.05,-0.32,-3.7,-15.8,8.7,-722.7,-1828,0.05,-0.014,-0.037,0.00,182,,723,0,1183,723,0.10,25.5,0.50,-0.022
128.60,BASE,108.44,94.50,28.95,-0.36,-3.7,-15.9,8.4,-722.1,-1831,0.05,-0.012,-0.038,0.00,179,,722,0,1186,722,0.11,25.5,0.50,-0.021
128.70,BASE,108.40,94.44,28.85,-0.40,-3.7,-15.9,8.2,-721.4,-1833,0.05,-0.011,-0.038,0.00,176,,721,0,1188,721,0.11,25.5,0.50,-0.019
128.80,BASE,108.36,94.39,28.76,-0.45,-3.8,-15.9,7.9,-720.8,-1836,0.05,-0.009,-0.037,0.00,174,,721,0,1191,721,0.12,25.5,0.50,-0.018
128.90,BASE,108.32,94.33,28.67,-0.49,-3.8,-15.9,7.6,-720.1,-1839,0.05,-0.007,-0.036,0.00,171,,720,0,1194,720,0.13,25.5,0.50,-0.016
129.00,BASE,108.27,94.26,28.57,-0.54,-3.8,-16.0,7.4,-719.4,-1841,0.05,-0.006,-0.037,0.00,169,,719,0,1196,719,0.14,25.5,0.50,-0.014
129.10,BASE,108.21,94.20,28.49,-0.58,-3.8,-16.0,7.1,-718.7,-1844,0.05,-0.004,-0.034,0.00,166,,719,0,1199,719,0.15,25.5,0.50,-0.012
129.20,BASE,108.15,94.13,28.40,-0.62,-3.8,-16.1,6.8,-717.9,-1846,0.05,-0.002,-0.037,0.00,163,,718,0,1201,718,0.16,25.5,0.50,-0.010
129.30,BASE,108.09,94.05,28.31,-0.66,-3.8,-16.1,6.6,-717.2,-1849,0.05,0.000,-0.034,0.00,161,,717,0,1204,717,0.18,25.5,0.50,-0.008
129.40,BASE,108.02,93.97,28.23,-0.70,-3.8,-16.2,6.4,-716.4,-1851,0.05,0.002,-0.038,0.00,158,,716,0,1206,716,0.19,25.5,0.50,-0.005
129.50,BASE,107.95,93.89,28.14,-0.73,-3.7,-16.3,6.2,-715.6,-1854,0.06,0.004,-0.038,0.00,156,,716,0,1209,716,0.20,25.5,0.52,-0.003
129.60,BASE,107.88,93.79,28.07,-0.76,-3.7,-16.2,6.1,-714.8,-1856,0.09,0.005,-0.039,0.00,153,,715,0,1211,715,0.22,25.5,0.57,-0.002
129.70,BASE,107.80,93.69,28.00,-0.78,-3.7,-16.2,6.0,-714.0,-1859,0.12,0.005,-0.038,0.00,151,,714,0,1214,714,0.23,25.5,0.62,-0.001
129.80,BASE,107.72,93.57,27.94,-0.79,-3.7,-16.2,5.9,-713.1,-1861,0.15,0.004,-0.040,0.00,149,,713,0,1216,713,0.25,25.5,0.67,-0.001
129.90,BASE,107.64,93.45,27.88,-0.80,-3.7,-16.2,5.9,-712.2,-1864,0.17,0.004,-0.039,0.00,146,,712,0,1219,712,0.27,25.5,0.72,-0.000
130.00,BASE,107.56,93.33,27.83,-0.80,-3.6,-16.2,5.8,-711.3,-1866,0.19,0.003,-0.042,0.00,144,,711,0,1221,711,0.28,25.5,0.77,0.000
130.10,BASE,107.48,93.20,27.78,-0.80,-3.6,-16.2,5.8,-710.4,-1868,0.21,0.003,-0.041,0.00,141,,710,0,1223,710,0.30,25.5,0.82,0.001
130.20,BASE,107.40,93.07,27.74,-0.79,-3.5,-16.3,5.8,-709.5,-1871,0.23,0.003,-0.043,0.00,139,,709,0,1226,709,0.31,25.5,0.87,0.001
130.30,BASE,107.32,92.94,27.70,-0.78,-3.5,-16.3,5.8,-708.5,-1873,0.24,0.002,-0.042,0.00,137,,708,0,1228,708,0.33,25.5,0.92,0.001
130.40,BASE,107.24,92.81,27.66,-0.77,-3.5,-16.3,5.8,-707.5,-1875,0.26,0.002,-0.045,0.00,134,,708,0,1230,708,0.34,25.5,0.97,0.001
130.50,BASE,107.17,92.68,27.63,-0.76,-3.4,-16.3,5.9,-706.5,-1878,0.27,0.002,-0.043,0.00,132,,706,0,1233,706,0.36,25.5,1.00,0.002
130.60,BASE,107.09,92.56,27.60,-0.74,-3.4,-16.3,5.9,-705.5,-1880,0.28,0.003,-0.046,0.00,130,,705,0,1235,705,0.38,25.5,1.00,0.004
130.70,BASE,107.02,92.44,27.57,-0.72,-3.3,-16.3,5.9,-704.4,-1882,0.29,0.004,-0.044,0.00,128,,704,0,1237,704,0.39,25.5,1.00,0.006
130.80,BASE,106.95,92.33,27.54,-0.70,-3.3,-16.3,5.9,-703.3,-1884,0.30,0.003,-0.047,0.00,125,,703,0,1239,703,0.40,25.5,1.00,0.007
130.90,BASE,106.88,92.22,27.52,-0.67,-3.2,-16.2,6.0,-702.2,-1887,0.31,0.003,-0.046,0.00,123,,702,0,1242,702,0.42,25.5,1.00,0.009
131.00,BASE,106.81,92.12,27.49,-0.64,-3.1,-16.0,6.0,-701.1,-1889,0.32,0.003,-0.046,0.00,121,,701,0,1244,701,0.43,25.5,1.00,0.011
131.10,BASE,106.75,92.03,27.47,-0.61,-3.1,-16.0,6.0,-700.0,-1891,0.33,0.003,-0.045,0.00,119,,700,0,1246,700,0.44,25.5,1.00,0.012
131.20,BASE,106.69,91.95,27.44,-0.58,-3.0,-15.9,6.1,-698.8,-1893,0.34,0.003,-0.045,0.00,116,,699,0,1248,699,0.46,25.5,1.00,0.013
131.30,BASE,106.63,91.88,27.42,-0.54,-2.9,-15.8,6.1,-697.6,-1895,0.34,0.002,-0.045,0.00,114,,698,0,1250,698,0.47,25.5,1.00,0.014
131.40,BASE,106.58,91.83,27.40,-0.50,-2.8,-15.7,6.1,-696.4,-1897,0.35,0.001,-0.045,0.00,112,,696,0,1252,696,0.48,25.5,1.00,0.015
131.50,BASE,106.53,91.78,27.37,-0.46,-2.8,-15.6,6.1,-695.2,-1900,0.36,0.001,-0.044,0.00,110,,695,0,1255,695,0.49,25.5,1.00,0.016
131.60,BASE,106.49,91.74,27.35,-0.42,-2.7,-15.6,6.1,-694.0,-1902,0.36,0.000,-0.044,0.00,108,,694,0,1257,694,0.50,25.5,1.00,0.017
131.70,BASE,106.45,91.72,27.33,-0.38,-2.6,-15.5,6.1,-692.7,-1904,0.37,0.000,-0.042,0.00,106,,693,0,1259,693,0.50,25.5,1.00,0.017
131.80,BASE,106.41,91.71,27.31,-0.34,-2.5,-15.4,6.1,-691.4,-1906,0.38,-0.001,-0.044,0.00,104,,691,0,1261,691,0.51,25.5,1.00,0.018
131.90,BASE,106.38,91.70,27.29,-0.30,-2.4,-15.3,6.1,-690.1,-1908,0.38,-0.001,-0.041,0.00,102,,690,0,1263,690,0.52,25.5,1.00,0.018
132.00,BASE,106.35,91.71,27.26,-0.26,-2.4,-15.3,6.1,-688.8,-1910,0.39,-0.002,-0.042,0.00,100,,689,0,1265,689,0.52,25.5,1.00,0.019
132.10,BASE,106.32,91.72,27.24,-0.23,-2.3,-15.2,6.1,-687.4,-1912,0.39,-0.003,-0.040,0.00,98,,687,0,1267,687,0.53,25.5,1.00,0.019
132.20,BASE,106.30,91.75,27.22,-0.19,-2.2,-15.2,6.1,-686.1,-1914,0.40,-0.003,-0.041,0.00,96,,686,0,1269,686,0.53,25.5,1.00,0.019
132.30,BASE,106.28,91.78,27.20,-0.15,-2.1,-15.1,6.0,-684.7,-1916,0.40,-0.004,-0.038,0.00,94,,685,0,1271,685,0.54,25.5,1.00,0.019
132.40,BASE,106.27,91.82,27.18,-0.12,-2.1,-15.0,6.0,-683.3,-1918,0.40,-0.004,-0.040,0.00,92,,683,0,1273,683,0.54,25.5,1.00,0.019
132.50,BASE,106.26,91.86,27.15,-0.09,-2.0,-14.9,6.0,-681.9,-1920,0.41,-0.005,-0.039,0.00,90,,682,0,1275,682,0.54,25.5,1.00,0.019
132.60,BASE,106.25,91.91,27.13,-0.05,-1.9,-14.8,5.9,-680.4,-1921,0.41,-0.005,-0.039,0.00,88,,680,0,1276,680,0.54,25.5,1.00,0.019
132.70,BASE,106.24,91.96,27.11,-0.02,-1.9,-14.6,5.9,-679.0,-1923,0.42,-0.005,-0.037,0.00,86,,679,0,1278,679,0.54,25.5,1.00,0.019
132.80,BASE,106.24,92.02,27.09,0.01,-1.8,-14.5,5.9,-677.5,-1925,0.42,-0.006,-0.037,0.00,85,,678,0,1280,678,0.54,25.5,1.00,0.018
132.90,BASE,106.25,92.07,27.07,0.04,-1.8,-14.3,5.9,-676.0,-1927,0.42,-0.007,-0.035,0.00,83,,676,0,1282,676,0.54,25.5,1.00,0.018
133.00,BASE,106.25,92.13,27.04,0.07,-1.7,-14.2,5.9,-674.6,-1929,0.43,-0.007,-0.036,0.00,81,,675,0,1284,675,0.54,25.5,1.00,0.018
133.10,BASE,106.26,92.19,27.02,0.10,-1.7,-14.1,5.9,-673.0,-1930,0.43,-0.008,-0.034,0.00,79,,673,0,1285,673,0.54,25.5,1.00,0.017
133.20,BASE,106.27,92.25,27.00,0.13,-1.6,-14.0,5.9,-671.5,-1932,0.44,-0.009,-0.035,0.00,77,,672,0,1287,672,0.54,25.5,1.00,0.016
133.30,BASE,106.28,92.31,26.98,0.16,-1.6,-13.9,5.9,-670.0,-1934,0.44,-0.009,-0.033,0.00,76,,670,0,1289,670,0.54,25.5,1.00,0.016
133.40,BASE,106.30,92.37,26.96,0.18,-1.6,-13.9,5.9,-668.4,-1936,0.44,-0.010,-0.034,0.00,74,,668,0,1291,668,0.53,25.5,1.00,0.015
133.50,BASE,106.32,92.43,26.93,0.21,-1.5,-13.8,5.9,-666.8,-1937,0.44,-0.011,-0.033,0.00,72,,667,0,1292,667,0.53,25.5,1.00,0.014
133.60,BASE,106.34,92.49,26.91,0.23,-1.5,-13.7,5.9,-665.3,-1939,0.45,-0.011,-0.033,0.00,71,,665,0,1294,665,0.53,25.5,1.00,0.014
133.70,BASE,106.36,92.55,26.89,0.25,-1.5,-13.7,5.8,-663.7,-1941,0.45,-0.012,-0.034,0.00,69,,664,0,1296,664,0.52,25.5,1.00,0.013
133.80,BASE,106.39,92.61,26.87,0.27,-1.4,-13.6,5.8,-662.1,-1942,0.45,-0.013,-0.032,0.00,67,,662,0,1297,662,0.52,25.5,1.00,0.012
133.90,BASE,106.42,92.67,26.85,0.29,-1.4,-13.5,5.8,-660.4,-1944,0.46,-0.013,-0.033,0.00,66,,660,0,1299,660,0.51,25.5,1.00,0.012
134.00,BASE,106.45,92.74,26.83,0.30,-1.4,-13.5,5.7,-658.8,-1946,0.46,-0.014,-0.031,0.00,64,,659,0,1301,659,0.50,25.5,1.00,0.011
134.10,BASE,106.48,92.80,26.81,0.32,-1.4,-13.4,5.7,-657.2,-1947,0.46,-0.014,-0.032,0.00,63,,657,0,1302,657,0.50,25.5,1.00,0.010
134.20,BASE,106.51,92.87,26.79,0.33,-1.3,-13.3,5.6,-655.5,-1949,0.46,-0.015,-0.029,0.00,61,,656,0,1304,656,0.49,25.5,1.00,0.009
134.30,BASE,106.54,92.93,26.77,0.34,-1.3,-13.3,5.5,-653.8,-1950,0.47,-0.015,-0.031,0.00,60,,654,0,1305,654,0.48,25.5,1.00,0.009
134.40,BASE,106.58,93.00,26.75,0.35,-1.3,-13.2,5.5,-652.2,-1952,0.47,-0.016,-0.028,0.00,58,,652,0,1307,652,0.48,25.5,1.00,0.008
134.50,BASE,106.61,93.06,26.73,0.36,-1.3,-13.2,5.4,-650.5,-1953,0.47,-0.016,-0.029,0.00,57,,650,0,1308,650,0.47,25.5,1.00,0.008
134.60,BASE,106.65,93.12,26.71,0.36,-1.3,-13.2,5.3,-648.8,-1955,0.47,-0.017,-0.027,0.00,55,,649,0,1310,649,0.46,25.5,1.00,0.007
134.70,BASE,106.69,93.18,26.69,0.37,-1.3,-13.1,5.2,-647.0,-1956,0.47,-0.017,-0.030,0.00,54,,647,0,1311,647,0.46,25.5,1.00,0.006
134.80,BASE,106.72,93.24,26.67,0.37,-1.3,-12.9,5.2,-645.3,-1957,0.48,-0.017,-0.027,0.00,52,,645,0,1312,645,0.45,25.5,1.00,0.006
134.90,BASE,106.76,93.29,26.65,0.38,-1.3,-12.8,5.1,-643.6,-1959,0.48,-0.017,-0.027,0.00,51,,644,0,1314,644,0.44,25.5,1.00,0.005
135.00,BASE,106.80,93.34,26.63,0.38,-1.3,-12.7,5.1,-641.8,-1960,0.48,-0.017,-0.027,0.00,49,,642,0,1315,642,0.43,25.5,1.00,0.005
135.10,BASE,106.84,93.38,26.62,0.38,-1.3,-12.6,5.0,-640.1,-1962,0.48,-0.018,-0.026,0.00,48,,640,0,1317,640,0.43,25.5,1.00,0.004
135.20,BASE,106.87,93.43,26.60,0.39,-1.3,-12.5,5.0,-638.3,-1963,0.48,-0.018,-0.026,0.00,47,,638,0,1318,638,0.42,25.5,1.00,0.004
135.30,BASE,106.91,93.47,26.58,0.39,-1.3,-12.5,4.9,-636.5,-1964,0.48,-0.018,-0.024,0.00,45,,637,0,1319,637,0.41,25.5,1.00,0.003
135.40,BASE,106.95,93.51,26.57,0.39,-1.3,-12.4,4.8,-634.8,-1966,0.48,-0.018,-0.026,0.00,44,,635,0,1321,635,0.40,25.5,1.00,0.003
135.50,BASE,106.99,93.54,26.55,0.39,-1.3,-12.3,4.8,-633.0,-1967,0.48,-0.019,-0.023,0.00,43,,633,0,1322,633,0.40,25.5,1.00,0.002
135.60,BASE,107.03,93.58,26.54,0.39,-1.3,-12.3,4.7,-631.2,-1968,0.49,-0.019,-0.025,0.00,42,,631,0,1323,631,0.39,25.5,1.00,0.002
135.70,BASE,107.07,93.62,26.52,0.40,-1.3,-12.3,4.7,-629.3,-1969,0.49,-0.019,-0.023,0.00,40,,629,0,1324,629,0.38,25.5,1.00,0.001
135.80,BASE,107.11,93.66,26.51,0.40,-1.3,-12.2,4.6,-627.5,-1971,0.49,-0.019,-0.024,0.00,39,,628,0,1326,628,0.37,25.5,1.00,0.001
135.90,BASE,107.15,93.70,26.49,0.40,-1.3,-12.2,4.5,-625.7,-1972,0.49,-0.020,-0.024,0.00,38,,626,0,1327,626,0.36,25.5,1.00,0.000
136.00,BASE,107.19,93.74,26.48,0.39,-1.3,-12.1,4.5,-623.9,-1973,0.49,-0.020,-0.022,0.00,37,,624,0,1328,624,0.36,25.5,1.00,-0.000
136.10,BASE,107.23,93.79,26.46,0.39,-1.3,-12.1,4.4,-622.0,-1974,0.49,-0.020,-0.024,0.00,36,,622,0,1329,622,0.35,25.5,1.00,-0.001
136.20,BASE,107.27,93.84,26.45,0.39,-1.3,-12.1,4.3,-620.2,-1975,0.49,-0.020,-0.021,0.00,34,,620,0,1330,620,0.34,25.5,1.00,-0.001
136.30,BASE,107.31,93.89,26.43,0.39,-1.3,-12.1,4.2,-618.3,-1976,0.49,-0.020,-0.022,0.00,33,,618,0,1331,618,0.33,25.5,1.00,-0.001
136.40,BASE,107.34,93.95,26.42,0.39,-1.3,-12.0,4.1,-616.4,-1978,0.49,-0.021,-0.020,0.00,32,,616,0,1333,616,0.32,25.5,1.00,-0.002
136.50,BASE,107.38,94.01,26.41,0.38,-1.3,-12.0,4.0,-614.6,-1979,0.49,-0.021,-0.021,0.00,31,,615,0,1334,615,0.32,25.5,1.00,-0.002
136.60,BASE,107.42,94.08,26.40,0.38,-1.3,-12.0,3.9,-612.7,-1980,0.49,-0.021,-0.022,0.00,30,,613,0,1335,613,0.31,25.5,1.00,-0.002
136.70,BASE,107.46,94.15,26.38,0.37,-1.3,-11.9,3.8,-610.8,-1981,0.49,-0.021,-0.020,0.00,29,,611,0,1336,611,0.30,25.5,1.00,-0.003
136.80,BASE,107.50,94.22,26.37,0.37,-1.3,-11.9,3.7,-608.9,-1982,0.49,-0.021,-0.021,0.00,28,,609,0,1337,609,0.29,25.5,1.00,-0.003
136.90,BASE,107.53,94.30,26.36,0.37,-1.3,-11.9,3.6,-607.0,-1983,0.49,-0.021,-0.018,0.00,27,,607,0,1338,607,0.29,25.5,1.00,-0.003
137.00,BASE,107.57,94.39,26.35,0.36,-1.3,-11.9,3.6,-605.1,-1984,0.49,-0.021,-0.019,0.00,26,,605,0,1339,605,0.28,25.5,1.00,-0.003
137.10,BASE,107.61,94.49,26.34,0.36,-1.3,-11.9,3.5,-603.2,-1985,0.49,-0.021,-0.017,0.00,25,,603,0,1340,603,0.27,25.5,1.00,-0.004
137.20,BASE,107.64,94.59,26.33,0.35,-1.3,-11.9,3.4,-601.3,-1986,0.49,-0.021,-0.018,0.00,24,,601,0,1341,601,0.27,25.5,1.00,-0.004
137.30,BASE,107.68,94.70,26.32,0.35,-1.3,-11.8,3.3,-599.3,-1987,0.49,-0.021,-0.017,0.00,23,,599,0,1342,599,0.26,25.5,1.00,-0.004
137.40,BASE,107.71,94.82,26.31,0.34,-1.3,-11.8,3.2,-597.4,-1988,0.49,-0.021,-0.017,0.00,22,,597,0,1343,597,0.25,25.5,1.00,-0.004
137.50,BASE,107.74,94.94,26.30,0.34,-1.3,-11.8,3.1,-595.5,-1988,0.49,-0.021,-0.018,0.00,21,,595,0,1343,595,0.24,25.5,1.00,-0.005
137.60,BASE,107.78,95.07,26.29,0.33,-1.3,-11.8,3.0,-593.5,-1989,0.49,-0.022,-0.016,0.00,20,,594,0,1344,594,0.24,25.5,1.00,-0.005
137.70,BASE,107.81,95.20,26.28,0.33,-1.3,-11.8,3.0,-591.6,-1990,0.49,-0.022,-0.017,0.00,20,,592,0,1345,592,0.23,25.5,1.00,-0.005
137.80,BASE,107.84,95.34,26.27,0.33,-1.3,-11.7,2.9,-589.6,-1991,0.49,-0.022,-0.015,0.00,19,,590,0,1346,590,0.22,25.5,1.00,-0.005
137.90,BASE,107.88,95.48,26.26,0.32,-1.4,-11.8,2.8,-587.6,-1992,0.49,-0.022,-0.016,0.00,18,,588,0,1347,588,0.22,25.5,1.00,-0.006
138.00,BASE,107.91,95.62,26.25,0.32,-1.4,-11.7,2.7,-585.7,-1993,0.49,-0.022,-0.015,0.00,17,,586,0,1348,586,0.21,25.5,1.00,-0.006
138.10,BASE,107.94,95.76,26.24,0.32,-1.4,-11.7,2.7,-583.7,-1993,0.49,-0.022,-0.015,0.00,16,,584,0,1348,584,0.21,25.5,1.00,-0.006
138.20,BASE,107.97,95.90,26.23,0.32,-1.4,-11.7,2.6,-581.7,-1994,0.49,-0.022,-0.017,0.00,16,,582,0,1349,582,0.20,25.5,1.00,-0.006
138.30,BASE,108.00,96.04,26.23,0.31,-1.4,-11.5,2.6,-579.7,-1995,0.49,-0.022,-0.015,0.00,15,,580,0,1350,580,0.19,25.5,1.00,-0.007
138.40,BASE,108.04,96.18,26.22,0.31,-1.4,-11.4,2.5,-577.8,-1996,0.49,-0.022,-0.015,0.00,14,,578,0,1351,578,0.19,25.5,1.00,-0.007
138.50,BASE,108.07,96.32,26.21,0.31,-1.4,-11.3,2.5,-575.8,-1996,0.49,-0.023,-0.014,0.00,13,,576,0,1351,576,0.18,25.5,1.00,-0.007
138.60,BASE,108.10,96.46,26.20,0.31,-1.4,-11.2,2.4,-573.8,-1997,0.49,-0.023,-0.014,0.00,13,,574,0,1352,574,0.17,25.5,1.00,-0.008
138.70,BASE,108.13,96.59,26.19,0.32,-1.4,-11.1,2.4,-571.8,-1998,0.49,-0.024,-0.014,0.00,12,,572,0,1353,572,0.17,25.5,1.00,-0.008
138.80,BASE,108.16,96.72,26.18,0.32,-1.4,-11.1,2.3,-569.8,-1998,0.49,-0.024,-0.014,0.00,11,,570,0,1353,570,0.16,25.5,1.00,-0.009
138.90,BASE,108.19,96.85,26.17,0.32,-1.4,-11.0,2.3,-567.8,-1999,0.49,-0.025,-0.014,0.00,11,,568,0,1354,568,0.15,25.5,1.00,-0.009
139.00,BASE,108.23,96.97,26.16,0.32,-1.4,-10.9,2.3,-565.8,-1999,0.49,-0.025,-0.013,0.00,10,,566,0,1354,566,0.15,25.5,1.00,-0.010
139.10,BASE,108.26,97.09,26.15,0.33,-1.4,-10.8,2.2,-563.7,-2000,0.49,-0.026,-0.013,0.00,10,,564,0,1355,564,0.14,25.5,1.00,-0.011
139.20,BASE,108.29,97.21,26.14,0.33,-1.4,-10.6,2.1,-561.7,-2001,0.49,-0.026,-0.012,0.00,9,,562,0,1356,562,0.14,25.5,1.00,-0.011
139.30,BASE,108.32,97.31,26.13,0.33,-1.4,-10.5,2.1,-559.7,-2001,0.49,-0.027,-0.012,0.00,8,,560,0,1356,560,0.13,25.5,1.00,-0.012
139.40,BASE,108.36,97.42,26.12,0.33,-1.4,-10.4,2.0,-557.7,-2002,0.49,-0.028,-0.012,0.00,8,,558,0,1357,558,0.12,25.5,1.00,-0.013
139.50,BASE,108.39,97.52,26.11,0.34,-1.4,-10.3,1.9,-555.7,-2002,0.49,-0.028,-0.011,0.00,7,,556,0,1357,556,0.12,25.5,1.00,-0.014
139.60,BASE,108.42,97.61,26.10,0.34,-1.4,-10.1,1.9,-553.6,-2003,0.49,-0.029,-0.011,0.00,7,,554,0,1358,554,0.11,25.5,1.00,-0.014
139.70,BASE,108.46,97.69,26.09,0.34,-1.4,-10.0,1.8,-551.6,-2003,0.49,-0.030,-0.010,0.00,6,,552,0,1358,552,0.10,25.5,1.00,-0.015
139.80,BASE,108.49,97.77,26.08,0.35,-1.4,-9.8,1.7,-549.6,-2004,0.49,-0.031,-0.010,0.00,6,,550,0,1359,550,0.09,25.5,1.00,-0.016
139.90,BASE,108.53,97.84,26.07,0.35,-1.4,-9.7,1.6,-547.5,-2004,0.49,-0.032,-0.009,0.00,6,,548,0,1359,548,0.09,25.5,1.00,-0.017
140.00,BASE,108.56,97.91,26.06,0.35,-1.4,-9.5,1.5,-545.5,-2005,0.49,-0.033,-0.009,0.00,5,,546,0,1360,546,0.08,25.5,1.00,-0.018
140.10,BASE,108.60,97.98,26.05,0.36,-1.4,-9.3,1.4,-543.5,-2005,0.49,-0.034,-0.009,0.00,5,,543,0,1360,543,0.07,25.5,1.00,-0.019
140.20,BASE,108.63,98.04,26.04,0.36,-1.4,-9.2,1.2,-541.4,-2005,0.49,-0.035,-0.008,0.00,4,,541,0,1360,541,0.07,25.5,1.00,-0.019
140.30,BASE,108.67,98.12,26.03,0.36,-1.4,-9.0,1.1,-539.4,-2006,0.49,-0.036,-0.008,0.00,4,,539,0,1361,539,0.06,25.5,1.00,-0.020
140.40,BASE,108.71,98.19,26.02,0.36,-1.5,-8.8,1.0,-537.4,-2006,0.49,-0.030,-0.006,0.00,4,,537,0,1361,537,0.05,25.5,1.00,-0.021
140.50,BASE,108.74,98.26,26.01,0.35,-1.6,-8.6,0.8,-535.3,-2006,0.49,-0.020,-0.006,0.00,3,,535,0,1361,535,0.05,25.5,1.00,-0.022
140.60,BASE,108.78,98.33,26.00,0.32,-1.7,-8.4,0.7,-533.3,-2007,0.49,-0.014,-0.005,0.00,3,,533,0,1362,533,0.04,25.5,1.00,-0.022
140.70,BASE,108.81,98.41,25.99,0.29,-1.8,-8.2,0.5,-531.2,-2007,0.49,-0.014,-0.004,0.00,3,,531,0,1362,531,0.03,25.5,1.00,-0.021
140.80,BASE,108.83,98.48,25.99,0.26,-1.8,-8.0,0.4,-529.2,-2007,0.49,-0.016,-0.004,0.00,2,,529,0,1362,529,0.03,25.5,1.00,-0.021
140.90,BASE,108.86,98.55,25.98,0.24,-1.9,-7.8,0.2,-527.1,-2008,0.49,-0.018,-0.003,0.00,2,,527,0,1363,527,0.02,25.5,1.00,-0.020
141.00,BASE,108.88,98.62,25.98,0.21,-1.9,-7.6,0.1,-525.1,-2008,0.49,-0.018,-0.003,0.00,2,,525,0,1363,525,0.02,25.5,1.00,-0.020
141.10,BASE,108.90,98.69,25.98,0.19,-1.9,-7.4,-0.1,-523.0,-2008,0.49,-0.017,-0.003,0.00,2,,523,0,1363,523,0.01,25.5,1.00,-0.019
141.20,BASE,108.92,98.76,25.97,0.18,-2.0,-7.2,-0.3,-521.0,-2008,0.49,-0.016,-0.003,0.00,1,,521,0,1363,521,0.01,25.5,1.00,-0.019
141.30,BASE,108.94,98.83,25.97,0.16,-2.0,-7.0,-0.5,-518.9,-2009,0.49,-0.016,-0.002,0.00,1,,519,0,1364,519,0.01,25.5,1.00,-0.018
141.40,BASE,108.95,98.90,25.97,0.14,-2.0,-6.8,-0.7,-516.9,-2009,0.49,-0.015,-0.002,0.00,1,,517,0,1364,517,0.00,25.5,1.00,-0.018
141.50,BASE,108.97,98.96,25.97,0.13,-2.1,-6.6,-0.9,-514.8,-2009,0.49,-0.015,-0.002,0.00,1,,515,0,1364,515,-0.00,25.5,1.00,-0.017
141.60,BASE,108.98,99.02,25.97,0.12,-2.1,-6.4,-1.1,-512.8,-2009,0.49,-0.015,-0.001,0.00,0,,513,0,1364,513,-0.00,25.5,1.00,-0.017
141.70,BASE,108.99,99.08,25.97,0.11,-2.1,-6.2,-1.3,-510.7,-2009,0.48,-0.014,-0.001,0.00,0,,511,0,1364,511,-0.00,25.5,1.00,-0.016
141.80,BASE,109.00,99.13,25.96,0.10,-2.1,-6.0,-1.6,-508.7,-2010,0.48,-0.014,-0.000,0.00,0,,509,0,1365,509,-0.01,25.5,1.00,-0.016
141.90,BASE,109.01,99.19,25.96,0.09,-2.1,-5.8,-1.8,-506.6,-2010,0.48,-0.014,-0.000,0.00,0,,507,0,1365,507,-0.01,25.5,1.00,-0.015
142.00,BASE,109.02,99.24,25.96,0.09,-2.1,-5.6,-2.1,-504.6,-2010,0.48,-0.013,0.000,0.00,0,,505,0,1365,505,-0.01,25.5,1.00,-0.015
142.10,BASE,109.03,99.29,25.96,0.08,-2.1,-5.4,-2.3,-502.5,-2010,0.48,-0.013,0.001,0.00,0,,503,0,1365,503,-0.01,25.5,1.00,-0.015
142.20,BASE,109.04,99.33,25.96,0.08,-2.1,-5.2,-2.6,-500.5,-2010,0.48,-0.013,-0.000,0.00,0,,500,0,1365,500,-0.01,25.5,1.00,-0.014
142.30,BASE,109.05,99.38,25.96,0.07,-2.1,-5.0,-2.3,-498.4,-2010,0.48,-0.013,-0.018,0.00,1,,498,0,1365,498,-0.02,25.5,1.00,-0.014
142.40,BASE,109.05,99.42,25.96,0.07,-2.1,-4.8,-2.1,-496.4,-2010,0.48,-0.013,-0.025,0.00,1,,496,0,1365,496,-0.02,25.5,1.00,-0.014
142.50,BASE,109.06,99.46,25.96,0.07,-2.1,-4.6,-2.0,-494.3,-2010,0.48,-0.013,-0.027,0.00,1,,494,0,1365,494,-0.02,25.5,1.00,-0.014
142.60,BASE,109.07,99.50,25.95,0.07,-2.1,-4.4,-1.9,-492.3,-2011,0.48,-0.013,-0.027,0.00,1,,492,0,1366,492,-0.02,25.5,1.00,-0.013
142.70,BASE,109.07,99.54,25.95,0.07,-2.1,-4.2,-1.8,-490.2,-2011,0.48,-0.013,-0.025,0.00,1,,490,0,1366,490,-0.02,25.5,1.00,-0.013
142.80,BASE,109.08,99.57,25.95,0.06,-2.1,-4.0,-1.7,-488.1,-2011,0.48,-0.013,-0.022,0.00,1,,488,0,1366,488,-0.02,25.5,1.00,-0.013
142.90,BASE,109.09,99.61,25.95,0.06,-2.1,-3.8,-1.6,-486.1,-2011,0.48,-0.013,-0.020,0.00,1,,486,0,1366,486,-0.02,25.5,1.00,-0.013
143.00,BASE,109.09,99.64,25.95,0.06,-2.1,-3.6,-1.6,-484.0,-2011,0.48,-0.013,-0.017,0.00,1,,484,0,1366,484,-0.02,25.5,1.00,-0.013
143.10,BASE,109.10,99.66,25.95,0.06,-2.1,-3.4,-1.6,-482.0,-2011,0.48,-0.013,-0.015,0.00,1,,482,0,1366,482,-0.03,25.5,1.00,-0.013
143.20,BASE,109.10,99.68,25.94,0.06,-2.1,-3.2,-1.5,-479.9,-2011,0.47,-0.013,-0.013,0.00,1,,480,0,1366,480,-0.03,25.5,1.00,-0.013
143.30,BASE,109.11,99.69,25.94,0.06,-2.1,-3.0,-1.5,-477.9,-2011,0.47,-0.013,-0.011,0.00,1,,478,0,1366,478,-0.03,25.5,1.00,-0.013
143.40,BASE,109.12,99.69,25.94,0.06,-2.1,-2.9,-1.4,-475.8,-2011,0.47,-0.012,-0.009,0.00,1,,476,0,1366,476,-0.03,25.5,1.00,-0.013
143.50,BASE,109.12,99.69,25.94,0.06,-2.1,-2.7,-1.3,-473.8,-2011,0.47,-0.012,-0.008,0.00,1,,474,0,1366,474,-0.03,25.5,1.00,-0.013
143.60,BASE,109.13,99.69,25.93,0.06,-2.1,-2.6,-1.2,-471.7,-2011,0.47,-0.012,-0.007,0.00,1,,472,0,1366,472,-0.03,25.5,1.00,-0.013
143.70,BASE,109.14,99.68,25.93,0.06,-2.1,-2.4,-1.1,-469.7,-2011,0.47,-0.012,-0.006,0.00,1,,470,0,1366,470,-0.03,25.5,1.00,-0.013
143.80,BASE,109.14,99.67,25.93,0.07,-2.1,-2.3,-1.0,-467.6,-2011,0.47,-0.012,-0.005,0.00,2,,468,0,1366,468,-0.03,25.5,1.00,-0.013
143.90,BASE,109.15,99.66,25.93,0.07,-2.1,-2.2,-0.9,-465.5,-2011,0.47,-0.012,-0.005,0.00,2,,466,0,1366,466,-0.04,25.5,1.00,-0.013
144.00,BASE,109.16,99.64,25.92,0.07,-2.1,-2.1,-0.7,-463.5,-2011,0.47,-0.012,-0.004,0.00,2,,463,0,1366,463,-0.04,25.5,1.00,-0.013
144.10,BASE,109.16,99.62,25.92,0.07,-2.1,-2.0,-0.6,-461.4,-2011,0.47,-0.012,-0.004,0.00,2,,461,0,1366,461,-0.04,25.5,1.00,-0.013
144.20,BASE,109.17,99.59,25.92,0.07,-2.1,-1.9,-0.4,-459.4,-2011,0.47,-0.012,-0.004,0.00,2,,459,0,1366,459,-0.04,25.5,1.00,-0.013
144.30,BASE,109.18,99.57,25.91,0.07,-2.1,-1.8,-0.3,-457.3,-2011,0.47,-0.012,-0.004,0.00,2,,457,0,1366,457,-0.04,25.5,1.00,-0.013
144.40,BASE,109.18,99.54,25.91,0.07,-2.1,-1.7,-0.1,-455.3,-2011,0.47,-0.012,-0.004,0.00,2,,455,0,1366,455,-0.04,25.5,1.00,-0.013
144.50,BASE,109.19,99.52,25.90,0.08,-2.1,-1.6,0.1,-453.2,-2011,0.47,-0.012,-0.004,0.00,2,,453,0,1366,453,-0.04,25.5,1.00,-0.014
144.60,BASE,109.20,99.49,25.90,0.08,-2.1,-1.5,0.2,-451.2,-2011,0.47,-0.012,-0.004,0.00,2,,451,0,1366,451,-0.05,25.5,1.00,-0.014
144.70,BASE,109.21,99.46,25.90,0.08,-2.1,-1.4,0.4,-449.1,-2011,0.47,-0.012,-0.004,0.00,2,,449,0,1366,449,-0.05,25.5,1.00,-0.014
144.80,BASE,109.21,99.44,25.89,0.08,-2.1,-1.3,0.5,-447.1,-2011,0.47,-0.012,-0.004,0.00,2,,447,0,1366,447,-0.05,25.5,1.00,-0.014
144.90,BASE,109.22,99.41,25.89,0.08,-2.1,-1.2,0.6,-445.0,-2011,0.47,-0.012,-0.003,0.00,2,,445,0,1366,445,-0.05,25.5,1.00,-0.014
145.00,BASE,109.23,99.38,25.89,0.08,-2.1,-1.1,0.7,-443.0,-2011,0.47,-0.012,-0.003,0.00,2,,443,0,1366,443,-0.05,25.5,1.00,-0.014
145.10,BASE,109.24,99.36,25.88,0.08,-2.1,-1.0,0.8,-440.9,-2011,0.47,-0.012,-0.003,0.00,1,,441,0,1366,441,-0.05,25.5,1.00,-0.015
145.20,BASE,109.25,99.34,25.88,0.08,-2.1,-0.9,0.9,-438.9,-2011,0.47,-0.012,-0.003,0.00,1,,439,0,1366,439,-0.06,25.5,1.00,-0.015
145.30,BASE,109.25,99.32,25.88,0.08,-2.1,-0.9,0.9,-436.8,-2011,0.47,-0.012,-0.002,0.00,1,,437,0,1366,437,-0.06,25.5,1.00,-0.015
145.40,BASE,109.26,99.30,25.87,0.08,-2.1,-0.8,1.0,-434.8,-2011,0.47,-0.012,-0.002,0.00,1,,435,0,1366,435,-0.06,25.5,1.00,-0.015
145.50,BASE,109.27,99.28,25.87,0.08,-2.1,-0.7,1.0,-432.7,-2011,0.47,-0.012,-0.002,0.00,1,,433,0,1366,433,-0.06,25.5,1.00,-0.015
145.60,BASE,109.28,99.27,25.87,0.08,-2.1,-0.6,1.0,-430.7,-2011,0.47,-0.012,-0.001,0.00,1,,431,0,1366,431,-0.06,25.5,1.00,-0.015
145.70,BASE,109.29,99.26,25.86,0.08,-2.1,-0.5,1.1,-428.6,-2011,0.47,-0.012,-0.000,0.00,1,,429,0,1366,429,-0.06,25.5,1.00,-0.015
145.80,BASE,109.29,99.26,25.86,0.08,-2.1,-0.4,1.1,-426.6,-2011,0.47,-0.012,-0.000,0.00,1,,427,0,1366,427,-0.07,25.5,1.00,-0.015
145.90,BASE,109.30,99.26,25.86,0.07,-2.1,-0.4,1.0,-424.5,-2011,0.47,-0.012,0.000,0.00,1,,425,0,1366,425,-0.07,25.5,1.00,-0.016
146.00,BASE,109.31,99.27,25.85,0.07,-2.1,-0.3,1.0,-422.5,-2011,0.47,-0.012,0.001,0.00,1,,422,0,1366,422,-0.07,25.5,1.00,-0.016
146.10,BASE,109.32,99.28,25.85,0.07,-2.1,-0.2,1.0,-420.4,-2011,0.47,-0.012,0.001,0.00,1,,420,0,1366,420,-0.07,25.5,1.00,-0.016
146.20,BASE,109.32,99.30,25.85,0.07,-2.1,-0.1,1.0,-418.4,-2011,0.47,-0.012,0.002,0.00,1,,418,0,1366,418,-0.07,25.5,1.00,-0.016
146.30,BASE,109.33,99.32,25.84,0.07,-2.1,-0.1,1.0,-416.3,-2011,0.47,-0.012,0.002,0.00,1,,416,0,1366,416,-0.07,25.5,1.00,-0.016
146.40,BASE,109.34,99.35,25.84,0.07,-2.1,-0.0,0.9,-414.3,-2011,0.47,-0.012,0.002,0.00,1,,414,0,1366,414,-0.07,25.5,1.00,-0.016
146.50,BASE,109.34,99.38,25.84,0.07,-2.1,0.0,0.9,-412.3,-2011,0.47,-0.012,0.003,0.00,1,,412,0,1366,412,-0.08,25.5,1.00,-0.016
146.60,BASE,109.35,99.42,25.84,0.07,-2.1,0.1,0.9,-410.2,-2011,0.47,-0.012,0.003,0.00,1,,410,0,1366,410,-0.08,25.5,1.00,-0.016
146.70,BASE,109.36,99.46,25.83,0.07,-2.1,0.1,0.9,-408.2,-2011,0.47,-0.012,0.003,0.00,1,,408,0,1366,408,-0.08,25.5,1.00,-0.016
146.80,BASE,109.36,99.51,25.83,0.06,-2.1,0.1,0.9,-406.1,-2011,0.47,-0.012,0.003,0.00,1,,406,0,1366,406,-0.08,25.5,1.00,-0.016
146.90,BASE,109.37,99.55,25.83,0.06,-2.1,0.2,0.9,-404.1,-2011,0.47,-0.012,0.003,0.00,1,,404,0,1366,404,-0.08,25.5,1.00,-0.016
147.00,BASE,109.38,99.61,25.83,0.06,-2.1,0.2,0.8,-402.0,-2011,0.47,-0.012,0.003,0.00,1,,402,0,1366,402,-0.08,25.5,1.00,-0.016
147.10,BASE,109.38,99.66,25.82,0.06,-2.1,0.2,0.8,-400.0,-2011,0.47,-0.012,0.003,0.00,1,,400,0,1366,400,-0.08,25.5,1.00,-0.016
147.20,BASE,109.39,99.72,25.82,0.06,-2.1,0.2,0.8,-397.9,-2011,0.47,-0.012,0.003,0.00,1,,398,0,1366,398,-0.08,25.5,1.00,-0.016
147.30,BASE,109.39,99.77,25.82,0.06,-2.1,0.3,0.8,-395.9,-2010,0.47,-0.011,0.003,0.00,1,,396,0,1365,396,-0.09,25.5,1.00,-0.016
147.40,BASE,109.40,99.83,25.82,0.06,-2.1,0.3,0.8,-393.9,-2010,0.47,-0.011,0.003,0.00,1,,394,0,1365,394,-0.09,25.5,1.00,-0.017
147.50,BASE,109.41,99.89,25.81,0.06,-2.1,0.3,0.8,-391.8,-2010,0.47,-0.011,0.003,0.00,1,,392,0,1365,392,-0.09,25.5,1.00,-0.017
147.60,BASE,109.41,99.95,25.81,0.05,-2.1,0.3,0.8,-389.8,-2010,0.47,-0.011,0.003,0.00,1,,390,0,1365,390,-0.09,25.5,1.00,-0.017
147.70,BASE,109.42,100.01,25.81,0.05,-2.1,0.3,0.8,-387.7,-2010,0.47,-0.011,0.002,0.00,1,,388,0,1365,388,-0.09,25.5,1.00,-0.017
147.80,BASE,109.42,100.08,25.81,0.05,-2.1,0.3,0.8,-385.7,-2010,0.47,-0.011,0.002,0.00,1,,386,0,1365,386,-0.09,25.5,1.00,-0.017
147.90,BASE,109.43,100.14,25.80,0.05,-2.1,0.4,0.8,-383.7,-2010,0.47,-0.011,0.002,0.00,1,,384,0,1365,384,-0.09,25.5,1.00,-0.017
148.00,BASE,109.43,100.20,25.80,0.05,-2.1,0.4,0.8,-381.6,-2010,0.47,-0.011,0.002,0.00,1,,382,0,1365,382,-0.09,25.5,1.00,-0.017
148.10,BASE,109.44,100.26,25.80,0.05,-2.1,0.4,0.8,-379.6,-2010,0.47,-0.011,0.002,0.00,1,,380,0,1365,380,-0.09,25.5,1.00,-0.017
148.20,BASE,109.44,100.33,25.80,0.05,-2.1,0.4,0.8,-377.5,-2010,0.47,-0.011,0.002,0.00,1,,378,0,1365,378,-0.09,25.5,1.00,-0.017
148.30,BASE,109.45,100.39,25.80,0.05,-2.1,0.4,0.8,-375.5,-2010,0.47,-0.011,0.002,0.00,1,,375,0,1365,375,-0.10,25.5,1.00,-0.017
148.40,BASE,109.45,100.45,25.79,0.05,-2.1,0.4,0.8,-373.5,-2010,0.47,-0.011,0.002,0.00,0,,373,0,1365,373,-0.10,25.5,1.00,-0.017
148.50,BASE,109.46,100.51,25.79,0.05,-2.1,0.4,0.7,-371.4,-2010,0.47,-0.011,0.002,0.00,0,,371,0,1365,371,-0.10,25.5,1.00,-0.017
148.60,BASE,109.46,100.57,25.79,0.05,-2.1,0.4,0.7,-369.4,-2010,0.47,-0.011,0.002,0.00,0,,369,0,1365,369,-0.10,25.5,1.00,-0.017
148.70,BASE,109.47,100.63,25.79,0.04,-2.1,0.4,0.7,-367.3,-2010,0.47,-0.011,0.002,0.00,0,,367,0,1365,367,-0.10,25.5,1.00,-0.017
148.80,BASE,109.47,100.68,25.78,0.04,-2.1,0.4,0.7,-365.3,-2010,0.47,-0.011,0.002,0.00,0,,365,0,1365,365,-0.10,25.5,1.00,-0.017
148.90,BASE,109.47,100.73,25.78,0.04,-2.1,0.4,0.7,-363.3,-2010,0.47,-0.011,0.002,0.00,0,,363,0,1365,363,-0.10,25.5,1.00,-0.017
149.00,BASE,109.48,100.78,25.78,0.04,-2.1,0.4,0.6,-361.2,-2010,0.47,-0.011,0.002,0.00,0,,361,0,1365,361,-0.10,25.5,1.00,-0.017
149.10,BASE,109.48,100.82,25.78,0.04,-2.1,0.4,0.6,-359.2,-2010,0.47,-0.011,0.002,0.00,0,,359,0,1365,359,-0.10,25.5,1.00,-0.018
149.20,BASE,109.49,100.86,25.78,0.04,-2.1,0.4,0.6,-357.1,-2010,0.47,-0.010,0.002,0.00,0,,357,0,1365,357,-0.10,25.5,1.00,-0.018
149.30,BASE,109.49,100.90,25.77,0.04,-2.1,0.4,0.5,-355.1,-2010,0.47,-0.010,0.002,0.00,0,,355,0,1365,355,-0.10,25.5,1.00,-0.018
149.40,BASE,109.50,100.94,25.77,0.04,-2.1,0.4,0.5,-353.1,-2010,0.47,-0.010,0.002,0.00,0,,353,0,1365,353,-0.11,25.5,1.00,-0.018
149.50,BASE,109.50,100.97,25.77,0.04,-2.1,0.4,0.5,-351.0,-2010,0.47,-0.010,0.002,0.00,0,,351,0,1365,351,-0.11,25.5,1.00,-0.018
149.60,BASE,109.50,101.01,25.77,0.04,-2.1,0.4,0.5,-349.0,-2010,0.47,-0.010,0.002,0.00,0,,349,0,1365,349,-0.11,25.5,1.00,-0.018
149.70,BASE,109.51,101.04,25.76,0.04,-2.1,0.4,0.4,-347.0,-2010,0.47,-0.010,0.002,0.00,0,,347,0,1365,347,-0.11,25.5,1.00,-0.018
149.80,BASE,109.51,101.08,25.76,0.04,-2.1,0.4,0.4,-344.9,-2010,0.47,-0.010,0.002,0.00,0,,345,0,1365,345,-0.11,25.5,1.00,-0.018
149.90,BASE,109.51,101.12,25.76,0.04,-2.1,0.4,0.4,-342.9,-2010,0.47,-0.010,0.001,0.00,0,,343,0,1365,343,-0.11,25.5,1.00,-0.018
150.00,BASE,109.52,101.15,25.76,0.03,-2.1,0.4,0.4,-340.8,-2010,0.47,-0.010,0.001,0.00,0,,341,0,1365,341,-0.11,25.5,1.00,-0.018
150.10,BASE,109.52,101.19,25.76,0.03,-2.1,0.4,0.4,-338.8,-2010,0.47,-0.010,0.001,0.00,0,,339,0,1365,339,-0.11,25.5,1.00,-0.018
150.20,BASE,109.52,101.22,25.75,0.03,-2.1,0.4,0.3,-336.8,-2010,0.47,-0.010,0.001,0.00,0,,337,0,1365,337,-0.11,25.5,1.00,-0.018
150.30,BASE,109.53,101.26,25.75,0.03,-2.1,0.4,0.3,-334.7,-2010,0.47,-0.010,0.001,0.00,0,,335,0,1365,335,-0.11,25.5,1.00,-0.018
150.40,BASE,109.53,101.29,25.75,0.03,-2.1,0.4,0.3,-332.7,-2010,0.47,-0.010,0.001,0.00,0,,333,0,1365,333,-0.11,25.5,1.00,-0.018
150.50,BASE,109.53,101.33,25.75,0.03,-2.1,0.3,0.3,-330.7,-2010,0.47,-0.010,0.001,0.00,0,,331,0,1365,331,-0.11,25.5,1.00,-0.018
150.60,BASE,109.54,101.36,25.75,0.03,-2.1,0.3,0.3,-328.6,-2010,0.47,-0.010,0.001,0.00,0,,329,0,1365,329,-0.11,25.5,1.00,-0.018
150.70,BASE,109.54,101.40,25.74,0.03,-2.1,0.3,0.3,-326.6,-2010,0.47,-0.010,0.001,0.00,0,,327,0,1365,327,-0.11,25.5,1.00,-0.018
150.80,BASE,109.54,101.43,25.74,0.03,-2.1,0.3,0.2,-324.6,-2010,0.47,-0.010,0.001,0.00,0,,325,0,1365,325,-0.11,25.5,1.00,-0.019
150.90,BASE,109.55,101.47,25.74,0.03,-2.1,0.3,0.2,-322.5,-2010,0.47,-0.010,0.001,0.00,0,,323,0,1365,323,-0.12,25.5,1.00,-0.019
151.00,BASE,109.55,101.50,25.74,0.03,-2.1,0.3,0.2,-320.5,-2010,0.47,-0.010,0.001,0.00,0,,321,0,1365,321,-0.12,25.5,1.00,-0.019
151.10,BASE,109.55,101.54,25.74,0.03,-2.1,0.3,0.2,-318.5,-2010,0.47,-0.010,0.001,0.00,0,,318,0,1365,318,-0.12,25.5,1.00,-0.019
151.20,BASE,109.55,101.58,25.73,0.03,-2.1,0.3,0.2,-316.4,-2010,0.47,-0.010,0.001,0.00,0,,316,0,1365,316,-0.12,25.5,1.00,-0.019
151.30,BASE,109.56,101.61,25.73,0.03,-2.1,0.3,0.2,-314.4,-2010,0.47,-0.010,0.000,0.00,0,,314,0,1365,314,-0.12,25.5,1.00,-0.019
151.40,BASE,109.56,101.65,25.73,0.03,-2.1,0.3,0.2,-312.4,-2010,0.47,-0.010,0.000,0.00,0,,312,0,1365,312,-0.12,25.5,1.00,-0.019
151.50,BASE,109.56,101.69,25.73,0.02,-2.1,0.2,0.2,-310.3,-2010,0.47,-0.010,0.000,0.00,0,,310,0,1365,310,-0.12,25.5,1.00,-0.019
151.60,BASE,109.56,101.73,25.73,0.02,-2.1,0.2,0.2,-308.3,-2010,0.47,-0.010,0.000,0.00,0,,308,0,1365,308,-0.12,25.5,1.00,-0.019
151.70,BASE,109.57,101.77,25.72,0.02,-2.1,0.2,0.1,-306.3,-2010,0.47,-0.010,0.000,0.00,0,,306,0,1365,306,-0.12,25.5,1.00,-0.019
151.80,BASE,109.57,101.81,25.72,0.02,-2.1,0.2,0.1,-304.2,-2010,0.47,-0.010,0.000,0.00,0,,304,0,1365,304,-0.12,25.5,1.00,-0.019
151.90,BASE,109.57,101.85,25.72,0.02,-2.1,0.2,0.1,-302.2,-2010,0.47,-0.009,0.000,0.00,0,,302,0,1365,302,-0.12,25.5,1.00,-0.019
152.00,BASE,109.57,101.89,25.72,0.02,-2.1,0.2,0.1,-300.2,-2010,0.47,-0.009,0.000,0.00,0,,300,0,1365,300,-0.12,25.5,1.00,-0.019
152.10,BASE,109.58,101.93,25.72,0.02,-2.1,0.2,0.1,-298.1,-2010,0.47,-0.009,0.000,0.00,0,,298,0,1365,298,-0.12,25.5,1.00,-0.019
152.20,BASE,109.58,101.98,25.72,0.02,-2.1,0.2,0.1,-296.1,-2010,0.47,-0.009,0.000,0.00,0,,296,0,1365,296,-0.12,25.5,1.00,-0.019
152.30,BASE,109.58,102.02,25.71,0.02,-2.1,0.2,0.1,-294.1,-2010,0.47,-0.009,0.000,0.00,0,,294,0,1365,294,-0.12,25.5,1.00,-0.019
152.40,BASE,109.58,102.07,25.71,0.02,-2.1,0.2,0.1,-292.1,-2010,0.47,-0.009,0.000,0.00,0,,292,0,1365,292,-0.12,25.5,1.00,-0.019
152.50,BASE,109.58,102.11,25.71,0.02,-2.1,0.2,0.1,-290.0,-2010,0.47,-0.009,0.000,0.00,0,,290,0,1365,290,-0.12,25.5,1.00,-0.019
152.60,BASE,109.59,102.15,25.71,0.02,-2.1,0.2,0.1,-288.0,-2010,0.47,-0.009,0.000,0.00,0,,288,0,1365,288,-0.12,25.5,1.00,-0.019
152.70,BASE,109.59,102.19,25.71,0.02,-2.1,0.2,0.0,-286.0,-2010,0.47,-0.009,0.000,0.00,0,,286,0,1365,286,-0.12,25.5,1.00,-0.020
152.80,BASE,109.59,102.23,25.71,0.02,-2.1,0.1,0.0,-283.9,-2010,0.47,-0.009,0.000,0.00,0,,284,0,1365,284,-0.12,25.5,1.00,-0.020
152.90,BASE,109.59,102.27,25.70,0.02,-2.1,0.1,0.0,-281.9,-2010,0.47,-0.009,0.000,0.00,0,,282,0,1365,282,-0.12,25.5,1.00,-0.020
153.00,BASE,109.59,102.31,25.70,0.02,-2.1,0.1,0.0,-279.9,-2010,0.47,-0.009,0.000,0.00,0,,280,0,1365,280,-0.13,25.5,1.00,-0.020
153.10,BASE,109.59,102.34,25.70,0.02,-2.1,0.1,0.0,-277.8,-2010,0.47,-0.009,-0.000,0.00,0,,278,0,1365,278,-0.13,25.5,1.00,-0.020
153.20,BASE,109.60,102.37,25.70,0.02,-2.1,0.1,0.0,-275.8,-2010,0.47,-0.009,-0.000,0.00,0,,276,0,1365,276,-0.13,25.5,1.00,-0.020
153.30,BASE,109.60,102.40,25.70,0.02,-2.1,0.1,0.0,-273.8,-2010,0.47,-0.009,-0.000,0.00,0,,274,0,1365,274,-0.13,25.5,1.00,-0.020
153.40,BASE,109.60,102.43,25.70,0.02,-2.1,0.1,-0.0,-271.8,-2010,0.47,-0.009,-0.000,0.00,0,,272,0,1365,272,-0.13,25.5,1.00,-0.020
153.50,BASE,109.60,102.46,25.69,0.02,-2.1,0.1,-0.0,-269.7,-2010,0.47,-0.009,-0.000,0.00,0,,270,0,1365,270,-0.13,25.5,1.00,-0.020
153.60,BASE,109.60,102.48,25.69,0.02,-2.1,0.1,-0.0,-267.7,-2010,0.47,-0.009,-0.000,0.00,0,,268,0,1365,268,-0.13,25.5,1.00,-0.020
153.70,BASE,109.60,102.50,25.69,0.01,-2.1,0.1,-0.0,-265.7,-2010,0.47,-0.009,-0.000,0.00,0,,266,0,1365,266,-0.13,25.5,1.00,-0.020
153.80,BASE,109.61,102.52,25.69,0.01,-2.1,0.1,-0.0,-263.6,-2010,0.47,-0.009,-0.000,0.00,0,,264,0,1365,264,-0.13,25.5,1.00,-0.020
153.90,BASE,109.61,102.54,25.69,0.01,-2.1,0.1,-0.0,-261.6,-2010,0.47,-0.009,-0.000,0.00,0,,262,0,1365,262,-0.13,25.5,1.00,-0.020
154.00,BASE,109.61,102.56,25.69,0.01,-2.1,0.1,-0.0,-259.6,-2010,0.47,-0.009,-0.000,0.00,0,,260,0,1365,260,-0.13,25.5,1.00,-0.020
154.10,BASE,109.61,102.57,25.68,0.01,-2.1,0.1,-0.0,-257.6,-2010,0.47,-0.009,-0.000,0.00,0,,258,0,1365,258,-0.13,25.5,1.00,-0.020
154.20,BASE,109.61,102.58,25.68,0.01,-2.1,0.1,-0.0,-255.5,-2010,0.47,-0.009,-0.000,0.00,0,,256,0,1365,256,-0.13,25.5,1.00,-0.020
154.30,BASE,109.61,102.58,25.68,0.01,-2.1,0.1,-0.0,-253.5,-2010,0.47,-0.009,-0.000,0.00,0,,254,0,1365,254,-0.13,25.5,1.00,-0.020
154.40,BASE,109.61,102.59,25.68,0.01,-2.1,0.0,-0.0,-251.5,-2010,0.47,-0.009,-0.000,0.00,0,,251,0,1365,251,-0.13,25.5,1.00,-0.021
154.50,BASE,109.62,102.59,25.68,0.01,-2.1,0.0,-0.0,-249.4,-2010,0.47,-0.009,-0.000,0.00,0,,249,0,1365,249,-0.13,25.5,1.00,-0.021
154.60,BASE,109.62,102.59,25.68,0.01,-2.1,0.0,-0.0,-247.4,-2010,0.47,-0.009,-0.000,0.00,0,,247,0,1365,247,-0.13,25.5,1.00,-0.021
154.70,BASE,109.62,102.58,25.68,0.01,-2.1,0.0,-0.0,-245.4,-2010,0.47,-0.009,-0.000,0.00,0,,245,0,1365,245,-0.13,25.5,1.00,-0.021
154.80,BASE,109.62,102.58,25.67,0.01,-2.1,0.0,-0.0,-243.4,-2010,0.47,-0.009,-0.000,0.00,0,,243,0,1365,243,-0.13,25.5,1.00,-0.021
154.90,BASE,109.62,102.57,25.67,0.01,-2.1,0.0,-0.0,-241.3,-2010,0.47,-0.009,-0.000,0.00,0,,241,0,1365,241,-0.13,25.5,1.00,-0.021
155.00,BASE,109.62,102.56,25.67,0.01,-2.1,0.0,-0.0,-239.3,-2010,0.47,-0.009,-0.000,0.00,0,,239,0,1365,239,-0.13,25.5,1.00,-0.021
155.10,BASE,109.62,102.55,25.67,0.01,-2.1,0.0,-0.0,-237.3,-2010,0.47,-0.009,-0.000,0.00,0,,237,0,1365,237,-0.13,25.5,1.00,-0.021
155.20,BASE,109.62,102.54,25.67,0.01,-2.1,0.0,-0.0,-235.3,-2010,0.47,-0.009,-0.000,0.00,0,,235,0,1365,235,-0.13,25.5,1.00,-0.021
155.30,BASE,109.62,102.52,25.67,0.01,-2.1,0.0,-0.0,-233.2,-2010,0.47,-0.009,-0.000,0.00,0,,233,0,1365,233,-0.13,25.5,1.00,-0.021
155.40,BASE,109.62,102.51,25.66,0.01,-2.1,0.0,-0.0,-231.2,-2010,0.47,-0.009,-0.000,0.00,0,,231,0,1365,231,-0.13,25.5,1.00,-0.021
155.50,BASE,109.63,102.50,25.66,0.01,-2.1,0.0,-0.0,-229.2,-2010,0.47,-0.009,-0.000,0.00,0,,229,0,1365,229,-0.13,25.5,1.00,-0.021
155.60,BASE,109.63,102.49,25.66,0.01,-2.1,0.0,-0.0,-227.2,-2010,0.47,-0.009,-0.000,0.00,0,,227,0,1365,227,-0.13,25.5,1.00,-0.021
155.70,BASE,109.63,102.48,25.66,0.01,-2.1,0.0,-0.0,-225.1,-2010,0.47,-0.009,-0.000,0.00,0,,225,0,1365,225,-0.13,25.5,1.00,-0.021
155.80,BASE,109.63,102.46,25.66,0.01,-2.1,0.0,-0.0,-223.1,-2010,0.47,-0.008,-0.000,0.00,0,,223,0,1365,223,-0.13,25.5,1.00,-0.021
155.90,BASE,109.63,102.44,25.66,0.01,-2.1,0.0,-0.0,-221.1,-2010,0.47,-0.008,-0.000,0.00,0,,221,0,1365,221,-0.13,25.5,1.00,-0.021
156.00,BASE,109.63,102.42,25.66,0.01,-2.1,0.0,-0.0,-219.1,-2010,0.47,-0.008,-0.000,0.00,0,,219,0,1365,219,-0.13,25.5,1.00,-0.021
156.10,BASE,109.63,102.40,25.65,0.01,-2.1,-0.0,-0.0,-217.0,-2010,0.47,-0.008,-0.000,0.00,0,,217,0,1365,217,-0.13,25.5,1.00,-0.022
156.20,BASE,109.63,102.37,25.65,0.01,-2.1,-0.0,-0.0,-215.0,-2010,0.47,-0.008,-0.000,0.00,0,,215,0,1365,215,-0.13,25.5,1.00,-0.022
156.30,BASE,109.63,102.35,25.65,0.01,-2.1,-0.0,-0.0,-213.0,-2010,0.47,-0.008,-0.000,0.00,0,,213,0,1365,213,-0.13,25.5,1.00,-0.022
156.40,BASE,109.63,102.32,25.65,0.00,-2.1,-0.0,-0.0,-211.0,-2010,0.47,-0.008,-0.000,0.00,0,,211,0,1365,211,-0.13,25.5,1.00,-0.022
156.50,BASE,109.63,102.29,25.65,0.00,-2.1,-0.0,-0.0,-208.9,-2010,0.47,-0.008,-0.000,0.00,0,,209,0,1365,209,-0.13,25.5,1.00,-0.022
156.60,BASE,109.63,102.26,25.65,0.00,-2.1,-0.0,-0.0,-206.9,-2010,0.47,-0.008,0.000,0.00,0,,207,0,1365,207,-0.13,25.5,1.00,-0.022
156.70,BASE,109.63,102.22,25.65,0.00,-2.1,-0.0,-0.0,-204.9,-2010,0.47,-0.008,-0.000,0.00,0,,205,0,1365,205,-0.13,25.5,1.00,-0.022
156.80,BASE,109.63,102.19,25.65,0.00,-2.1,-0.0,-0.0,-202.9,-2010,0.47,-0.008,-0.000,0.00,0,,203,0,1365,203,-0.13,25.5,1.00,-0.022
156.90,BASE,109.63,102.15,25.64,0.00,-2.1,-0.1,-0.0,-200.8,-2010,0.47,-0.008,0.000,0.00,0,,201,0,1365,201,-0.13,25.5,1.00,-0.022
157.00,BASE,109.63,102.12,25.64,0.00,-2.1,-0.1,-0.1,-198.8,-2010,0.47,-0.008,0.000,0.00,0,,199,0,1365,199,-0.13,25.5,1.00,-0.022
157.10,BASE,109.63,102.08,25.64,0.00,-2.1,-0.2,-0.1,-196.8,-2010,0.47,-0.008,0.001,0.00,0,,197,0,1365,197,-0.13,25.5,1.00,-0.022
157.20,BASE,109.63,102.05,25.64,0.00,-2.1,-0.2,-0.1,-194.8,-2010,0.47,-0.008,0.000,0.00,0,,195,0,1365,195,-0.13,25.5,1.00,-0.022
157.30,BASE,109.63,102.01,25.64,0.00,-2.1,-0.3,-0.1,-192.8,-2010,0.47,-0.008,0.000,0.00,0,,193,0,1365,193,-0.13,25.5,1.00,-0.022
157.40,BASE,109.63,101.98,25.64,0.00,-2.1,-0.4,-0.1,-190.7,-2010,0.47,-0.008,0.001,0.00,0,,191,0,1365,191,-0.13,25.5,1.00,-0.022
157.50,BASE,109.63,101.94,25.64,0.00,-2.1,-0.5,-0.1,-188.7,-2010,0.47,-0.008,0.000,0.00,0,,189,0,1365,189,-0.13,25.5,1.00,-0.022
157.60,BASE,109.63,101.91,25.64,0.00,-2.1,-0.6,-0.2,-186.7,-2010,0.47,-0.008,0.002,0.00,0,,187,0,1365,187,-0.13,25.5,1.00,-0.022
157.70,BASE,109.63,101.87,25.63,0.00,-2.1,-0.8,-0.2,-184.7,-2010,0.47,-0.008,0.001,0.00,0,,185,0,1365,185,-0.13,25.5,1.00,-0.022
157.80,BASE,109.63,101.84,25.63,0.00,-2.1,-1.0,-0.2,-182.6,-2010,0.47,-0.008,0.000,0.00,0,,183,0,1365,183,-0.13,25.5,1.00,-0.022
157.90,BASE,109.63,101.81,25.63,-0.00,-2.1,-1.1,-0.3,-180.6,-2010,0.47,-0.008,0.002,0.00,0,,181,0,1365,181,-0.13,25.5,1.00,-0.022
158.00,BASE,109.63,101.78,25.63,-0.00,-2.1,-1.3,-0.3,-178.6,-2010,0.47,-0.008,0.001,0.00,0,,179,0,1365,179,-0.13,25.5,1.00,-0.022
158.10,BASE,109.63,101.75,25.63,-0.00,-2.1,-1.5,-0.3,-176.6,-2010,0.47,-0.008,0.003,0.00,0,,177,0,1365,177,-0.13,25.5,1.00,-0.022
158.20,BASE,109.63,101.72,25.63,-0.00,-2.1,-1.8,-0.4,-174.5,-2010,0.47,-0.008,0.002,0.00,0,,175,0,1365,175,-0.13,25.5,1.00,-0.022
158.30,BASE,109.63,101.70,25.63,-0.00,-2.1,-2.0,-0.4,-172.5,-2010,0.47,-0.008,0.001,0.00,0,,173,0,1365,173,-0.13,25.5,1.00,-0.022
158.40,BASE,109.63,101.68,25.63,-0.01,-2.1,-2.2,-0.4,-170.5,-2010,0.47,-0.008,0.003,0.00,0,,171,0,1365,171,-0.13,25.5,1.00,-0.022
158.50,BASE,109.63,101.66,25.63,-0.01,-2.1,-2.5,-0.4,-168.5,-2010,0.47,-0.008,0.001,0.00,0,,168,0,1365,168,-0.13,25.5,1.00,-0.022
158.60,BASE,109.63,101.64,25.63,-0.01,-2.1,-2.8,-0.4,-166.5,-2010,0.47,-0.008,0.004,0.00,0,,166,0,1365,166,-0.13,25.5,1.00,-0.022
158.70,BASE,109.63,101.63,25.63,-0.01,-2.1,-3.1,-0.4,-164.4,-2010,0.47,-0.008,0.002,0.00,0,,164,0,1365,164,-0.13,25.5,1.00,-0.022
158.80,BASE,109.63,101.61,25.63,-0.02,-2.1,-3.4,-0.4,-162.4,-2009,0.47,-0.008,0.002,0.00,0,,162,0,1364,162,-0.13,25.5,1.00,-0.022
158.90,BASE,109.63,101.60,25.62,-0.02,-2.0,-3.7,-0.4,-160.4,-2009,0.47,-0.008,0.003,0.00,0,,160,0,1364,160,-0.13,25.5,1.00,-0.022
159.00,BASE,109.63,101.60,25.62,-0.02,-2.0,-4.0,-0.4,-158.4,-2009,0.47,-0.008,0.001,0.00,0,,158,0,1364,158,-0.13,25.5,1.00,-0.022
159.10,BASE,109.62,101.59,25.62,-0.03,-2.0,-4.3,-0.3,-156.3,-2009,0.47,-0.008,0.004,0.00,0,,156,0,1364,156,-0.13,25.5,1.00,-0.022
159.20,BASE,109.62,101.58,25.62,-0.03,-2.0,-4.7,-0.2,-154.3,-2009,0.47,-0.008,0.001,0.00,0,,154,0,1364,154,-0.13,25.5,1.00,-0.021
159.30,BASE,109.62,101.57,25.63,-0.04,-2.0,-5.0,-0.2,-152.3,-2009,0.47,-0.008,0.002,0.00,0,,152,0,1364,152,-0.13,25.5,1.00,-0.021
159.40,BASE,109.61,101.55,25.63,-0.04,-2.0,-5.3,-0.0,-150.3,-2009,0.47,-0.007,0.002,0.00,1,,150,0,1364,150,-0.13,25.5,1.00,-0.021
159.50,BASE,109.61,101.54,25.63,-0.05,-2.0,-5.7,0.1,-148.3,-2009,0.47,-0.007,0.000,0.00,1,,148,0,1364,148,-0.13,25.5,1.00,-0.021
159.60,BASE,109.60,101.52,25.63,-0.05,-2.0,-6.0,0.2,-146.2,-2009,0.47,-0.007,0.003,0.00,1,,146,0,1364,146,-0.13,25.5,1.00,-0.020
159.70,BASE,109.60,101.50,25.63,-0.06,-2.0,-6.4,0.4,-144.2,-2009,0.47,-0.006,0.000,0.00,1,,144,0,1364,144,-0.13,25.5,1.00,-0.020
159.80,BASE,109.59,101.48,25.63,-0.06,-2.0,-6.8,0.6,-142.2,-2009,0.47,-0.006,0.001,0.00,1,,142,0,1364,142,-0.13,25.5,1.00,-0.020
159.90,BASE,109.59,101.46,25.63,-0.07,-2.0,-7.1,0.8,-140.2,-2009,0.47,-0.006,0.001,0.00,1,,140,0,1364,140,-0.12,25.5,1.00,-0.019
160.00,BASE,109.58,101.43,25.63,-0.07,-2.0,-7.5,1.0,-138.2,-2009,0.47,-0.006,-0.001,0.00,1,,138,0,1364,138,-0.12,25.5,1.00,-0.019
160.10,BASE,109.57,101.40,25.63,-0.08,-2.0,-7.8,1.2,-136.1,-2008,0.47,-0.005,0.002,0.00,1,,136,0,1363,136,-0.12,25.5,1.00,-0.018
160.20,BASE,109.56,101.38,25.63,-0.09,-2.0,-8.2,1.5,-134.1,-2008,0.47,-0.004,-0.001,0.00,1,,134,0,1363,134,-0.12,25.5,1.00,-0.018
160.30,BASE,109.55,101.35,25.64,-0.09,-2.0,-8.6,1.7,-132.1,-2008,0.47,-0.005,-0.000,0.00,2,,132,0,1363,132,-0.12,25.5,1.00,-0.017
160.40,BASE,109.55,101.32,25.64,-0.10,-2.0,-8.9,2.1,-130.1,-2008,0.47,-0.003,-0.000,0.00,2,,130,0,1363,130,-0.12,25.5,1.00,-0.017
160.50,BASE,109.54,101.28,25.64,-0.10,-1.9,-9.3,2.4,-128.1,-2008,0.47,-0.003,-0.002,0.00,2,,128,0,1363,128,-0.11,25.5,1.00,-0.016
160.60,BASE,109.52,101.25,25.64,-0.11,-1.9,-9.7,2.7,-126.1,-2008,0.47,-0.003,0.001,0.00,2,,126,0,1363,126,-0.11,25.5,1.00,-0.016
160.70,BASE,109.51,101.22,25.65,-0.12,-1.9,-10.0,2.8,-124.0,-2007,0.47,-0.002,0.010,0.00,2,,124,0,1362,124,-0.11,25.5,1.00,-0.015
160.80,BASE,109.50,101.19,25.65,-0.12,-1.9,-10.4,2.2,-122.0,-2007,0.47,-0.002,0.043,0.00,3,,122,0,1362,122,-0.11,25.5,1.00,-0.015
160.90,BASE,109.49,101.15,25.65,-0.13,-1.9,-10.8,1.7,-120.0,-2007,0.47,0.000,0.051,0.00,3,,120,0,1362,120,-0.10,25.5,1.00,-0.014
161.00,BASE,109.48,101.12,25.65,-0.13,-1.9,-11.1,1.2,-118.0,-2007,0.47,0.001,0.052,0.00,3,,118,0,1362,118,-0.10,25.5,1.00,-0.014
161.10,BASE,109.46,101.09,25.65,-0.13,-1.9,-11.5,0.8,-116.0,-2006,0.47,0.003,0.054,0.00,3,,116,0,1361,116,-0.10,25.5,1.00,-0.013
161.20,BASE,109.45,101.06,25.66,-0.14,-1.9,-11.9,0.5,-114.0,-2006,0.47,0.004,0.049,0.00,4,,114,0,1361,114,-0.10,25.5,1.00,-0.013
161.30,BASE,109.44,101.03,25.66,-0.14,-1.9,-12.3,0.1,-112.0,-2006,0.47,0.005,0.050,0.00,4,,112,0,1361,112,-0.09,25.5,1.00,-0.012
161.40,FINAL,109.42,101.00,25.66,-0.13,-2.0,-12.6,-0.1,-110.0,-2005,0.47,0.006,0.043,0.00,4,,110,0,1360,110,-0.09,25.5,1.00,-0.012
161.50,FINAL,109.41,100.98,25.70,-0.12,-1.9,-13.0,-0.4,-108.0,-2005,0.66,0.054,0.030,0.01,,-39,1485,0,1360,108,1.50,17.5,1.00,0.170
161.60,FINAL,109.40,100.95,25.73,-0.08,-1.7,-13.4,-0.6,-106.0,-2005,0.66,0.079,0.033,0.03,,-39,1485,0,1360,106,1.50,17.5,1.00,0.170
161.70,FINAL,109.40,100.94,25.76,0.03,-1.1,-13.7,-0.7,-104.0,-2004,0.65,0.073,0.028,0.04,,-39,1484,0,1359,104,1.50,17.5,1.00,0.170
161.80,FINAL,109.40,100.94,25.77,0.25,-0.1,-14.1,-0.8,-102.0,-2004,0.64,0.026,0.026,0.06,,-39,1484,0,1359,102,1.50,17.5,1.00,0.170
161.90,FINAL,109.44,100.98,25.77,0.57,1.0,-14.4,-0.9,-100.0,-2003,0.63,-0.025,0.016,0.07,,-39,1483,0,1358,100,1.50,17.5,1.00,0.170
162.00,FINAL,109.51,101.04,25.73,0.93,1.9,-14.6,-1.0,-98.0,-2003,0.61,-0.036,0.014,0.08,,-39,1483,0,1358,98,1.50,17.5,1.00,0.170
162.10,FINAL,109.61,101.15,25.68,1.30,2.6,-14.8,-1.2,-96.0,-2002,0.60,-0.020,0.008,0.10,,-39,1482,0,1357,96,1.50,17.5,1.00,0.170
162.20,FINAL,109.75,101.29,25.62,1.63,3.2,-14.9,-1.4,-94.1,-2002,0.58,-0.005,0.007,0.11,,-38,1482,0,1357,94,1.50,17.5,1.00,0.170
162.30,FINAL,109.93,101.47,25.53,1.93,3.7,-15.0,-1.8,-92.1,-2001,0.57,0.000,0.008,0.13,,-38,1481,0,1356,92,1.50,17.5,1.00,0.170
162.40,FINAL,110.13,101.68,25.44,2.22,4.2,-15.0,-2.0,-90.2,-2000,0.56,-0.008,0.006,0.14,,-38,1480,0,1355,90,1.50,17.5,1.00,0.166
162.50,FINAL,110.36,101.93,25.33,2.49,4.7,-15.0,-2.4,-88.3,-2000,0.55,-0.027,0.011,0.15,,-38,1480,0,1355,88,1.50,17.5,1.00,0.155
162.60,FINAL,110.62,102.19,25.21,2.75,5.2,-15.0,-2.6,-86.4,-1999,0.54,-0.039,0.008,0.17,,-37,1479,0,1354,86,1.50,17.5,1.00,0.144
162.70,FINAL,110.90,102.49,25.08,2.99,5.6,-14.9,-3.0,-84.6,-1998,0.53,-0.046,0.015,0.18,,-37,1478,0,1353,85,1.50,17.5,1.00,0.133
162.80,FINAL,111.21,102.81,24.94,3.20,5.9,-14.8,-3.3,-82.7,-1998,0.52,-0.051,0.011,0.20,,-37,1478,0,1353,83,1.50,17.5,1.00,0.123
162.90,FINAL,111.53,103.15,24.79,3.38,6.1,-14.7,-3.5,-80.9,-1997,0.52,-0.057,0.012,0.21,,-36,1477,0,1352,81,1.50,17.5,1.00,0.113
163.00,FINAL,111.88,103.51,24.64,3.53,6.4,-14.6,-3.9,-79.2,-1996,0.51,-0.064,0.016,0.22,,-36,1476,0,1351,79,1.50,17.5,1.00,0.103
163.10,FINAL,112.24,103.88,24.48,3.67,6.6,-14.5,-4.1,-77.4,-1995,0.51,-0.072,0.010,0.24,,-35,1475,0,1350,77,1.50,17.5,1.00,0.094
163.20,FINAL,112.61,104.27,24.31,3.79,6.7,-14.3,-4.4,-75.7,-1994,0.51,-0.081,0.017,0.25,,-35,1474,0,1349,76,1.50,17.5,1.00,0.086
163.30,FINAL,112.99,104.67,24.14,3.89,6.9,-14.0,-4.6,-74.0,-1993,0.51,-0.088,0.015,0.27,,-34,1473,0,1348,74,1.50,17.5,1.00,0.077
163.40,FINAL,113.38,105.08,23.97,3.98,7.0,-13.7,-4.7,-72.3,-1993,0.51,-0.096,0.017,0.28,,-34,1473,0,1348,72,1.50,17.5,1.00,0.069
163.50,FINAL,113.78,105.50,23.79,4.05,7.1,-13.5,-4.9,-70.7,-1992,0.51,-0.103,0.019,0.29,,-33,1472,0,1347,71,1.50,17.5,1.00,0.062
163.60,FINAL,114.19,105.93,23.61,4.12,7.2,-13.3,-5.0,-69.1,-1991,0.51,-0.111,0.016,0.31,,-33,1471,0,1346,69,1.50,17.5,1.00,0.054
163.70,FINAL,114.60,106.37,23.42,4.17,7.3,-13.1,-5.2,-67.5,-1990,0.51,-0.119,0.023,0.32,,-32,1470,0,1345,68,1.50,17.5,1.00,0.047
163.80,FINAL,115.02,106.81,23.23,4.21,7.4,-13.0,-5.3,-66.0,-1989,0.51,-0.126,0.018,0.34,,-32,1469,0,1344,66,1.50,17.5,1.00,0.040
163.90,FINAL,115.44,107.26,23.04,4.25,7.5,-12.8,-5.4,-64.5,-1988,0.51,-0.134,0.015,0.35,,-31,1468,0,1343,64,1.50,17.5,1.00,0.034
164.00,FINAL,115.87,107.71,22.85,4.27,7.6,-12.5,-5.6,-63.0,-1987,0.51,-0.141,0.018,0.36,,-31,1467,0,1342,63,1.50,17.5,1.00,0.028
164.10,FINAL,116.30,108.17,22.66,4.30,7.6,-12.2,-5.7,-61.5,-1986,0.52,-0.148,0.017,0.38,,-30,1466,0,1341,61,1.50,17.5,1.00,0.022
164.20,FINAL,116.73,108.63,22.46,4.31,7.7,-11.9,-5.9,-60.1,-1985,0.52,-0.155,0.025,0.39,,-30,1465,0,1340,60,1.50,17.5,1.00,0.016
164.30,FINAL,117.16,109.09,22.26,4.32,7.7,-11.6,-6.0,-58.7,-1984,0.52,-0.162,0.021,0.41,,-29,1464,0,1339,59,1.50,17.5,1.00,0.010
164.40,FINAL,117.59,109.55,22.07,4.32,7.8,-11.4,-6.1,-57.3,-1983,0.52,-0.169,0.019,0.42,,-29,1463,0,1338,57,1.50,17.5,1.00,0.005
164.50,FINAL,118.02,110.01,21.87,4.32,7.8,-11.1,-6.3,-55.9,-1982,0.53,-0.180,0.026,0.43,,-28,1462,0,1337,56,1.50,17.5,1.00,-0.005
164.60,FINAL,118.45,110.47,21.67,4.32,7.9,-10.9,-6.5,-54.6,-1981,0.53,-0.191,0.022,0.45,,-28,1461,0,1336,55,1.50,17.5,1.00,-0.015
164.70,FINAL,118.89,110.93,21.46,4.30,7.9,-10.7,-6.6,-53.3,-1980,0.53,-0.199,0.017,0.46,,-27,1460,0,1335,53,1.50,17.5,1.00,-0.025
164.80,FINAL,119.31,111.39,21.26,4.28,7.9,-10.4,-6.9,-52.0,-1979,0.53,-0.206,0.025,0.48,,-27,1459,0,1334,52,1.50,17.5,1.00,-0.035
164.90,FINAL,119.74,111.85,21.06,4.25,7.8,-10.0,-7.1,-50.8,-1978,0.54,-0.212,0.024,0.49,,-26,1458,0,1333,51,1.50,17.5,1.00,-0.045
165.00,FINAL,120.17,112.30,20.87,4.21,7.8,-9.7,-7.3,-49.6,-1977,0.54,-0.217,0.024,0.50,,-26,1457,0,1332,50,1.50,17.5,1.00,-0.054
165.10,FINAL,120.59,112.75,20.67,4.17,7.7,-9.4,-7.6,-48.4,-1976,0.54,-0.221,0.032,0.52,,-25,1456,0,1331,48,1.50,17.5,1.00,-0.063
165.20,FINAL,121.00,113.20,20.47,4.11,7.5,-9.2,-7.9,-47.2,-1975,0.55,-0.225,0.029,0.53,,-24,1455,0,1330,47,1.50,17.5,1.00,-0.071
165.30,FINAL,121.41,113.63,20.28,4.05,7.4,-9.0,-8.2,-46.1,-1974,0.55,-0.226,0.029,0.55,,-24,1454,0,1329,46,1.50,17.5,1.00,-0.079
165.40,FINAL,121.81,114.06,20.08,3.98,7.2,-8.7,-8.5,-45.0,-1973,0.56,-0.227,0.034,0.56,,-23,1453,0,1328,45,1.50,17.5,1.00,-0.086
165.50,FINAL,122.21,114.49,19.89,3.89,7.0,-8.5,-8.9,-43.9,-1971,0.56,-0.227,0.032,0.57,,-23,1451,0,1326,44,1.50,17.5,1.00,-0.093
165.60,FINAL,122.59,114.90,19.71,3.80,6.8,-8.1,-9.1,-42.8,-1970,0.57,-0.225,0.033,0.59,,-22,1450,0,1325,43,1.50,17.5,1.00,-0.099
165.70,FINAL,122.97,115.30,19.52,3.71,6.5,-7.8,-9.6,-41.7,-1969,0.57,-0.223,0.041,0.60,,-22,1449,0,1324,42,1.50,17.5,1.00,-0.105
165.80,FINAL,123.34,115.69,19.34,3.60,6.2,-7.6,-9.9,-40.7,-1968,0.58,-0.220,0.040,0.62,,-21,1448,0,1323,41,1.50,17.5,1.00,-0.110
165.90,FINAL,123.69,116.07,19.16,3.49,5.9,-7.4,-10.2,-39.7,-1967,0.58,-0.217,0.039,0.63,,-21,1447,0,1322,40,1.50,17.5,1.00,-0.114
166.00,FINAL,124.04,116.44,18.99,3.37,5.6,-7.2,-10.6,-38.7,-1966,0.59,-0.215,0.048,0.64,,-21,1446,0,1321,39,1.50,17.5,1.00,-0.118
166.10,FINAL,124.37,116.79,18.82,3.25,5.3,-7.1,-10.9,-37.8,-1965,0.60,-0.216,0.045,0.66,,-20,1445,0,1320,38,1.50,17.5,1.00,-0.121
166.20,FINAL,124.70,117.13,18.66,3.13,5.1,-7.0,-11.3,-36.8,-1964,0.60,-0.218,0.044,0.67,,-20,1444,0,1319,37,1.50,17.5,1.00,-0.124
166.30,FINAL,125.00,117.46,18.51,3.02,4.9,-6.8,-11.7,-35.9,-1963,0.63,-0.221,0.052,0.69,,-19,1443,0,1318,36,1.50,17.5,1.00,-0.126
166.40,FINAL,125.30,117.77,18.36,2.91,4.6,-6.8,-12.0,-35.0,-1962,0.65,-0.226,0.049,0.70,,-19,1442,0,1317,35,1.50,17.5,1.00,-0.127
166.50,FINAL,125.59,118.07,18.22,2.81,4.5,-6.7,-12.3,-34.1,-1961,0.67,-0.231,0.047,0.71,,-18,1441,0,1316,34,1.50,17.5,1.00,-0.129
166.60,FINAL,125.87,118.36,18.09,2.72,4.3,-6.6,-12.7,-33.2,-1960,0.69,-0.236,0.056,0.73,,-18,1440,0,1315,33,1.50,17.5,1.00,-0.130
166.70,FINAL,126.14,118.64,17.96,2.64,4.2,-6.5,-13.1,-32.3,-1959,0.70,-0.242,0.052,0.74,,-18,1439,0,1314,32,1.50,17.5,1.00,-0.132
166.80,FINAL,126.40,118.91,17.84,2.57,4.1,-6.5,-13.4,-31.5,-1958,0.72,-0.247,0.049,0.76,,-17,1438,0,1313,31,1.50,17.5,1.00,-0.133
166.90,FINAL,126.65,119.18,17.72,2.51,4.1,-6.5,-13.6,-30.6,-1956,0.73,-0.252,0.048,0.77,,-17,1436,0,1311,31,1.50,17.5,1.00,-0.135
167.00,FINAL,126.90,119.44,17.61,2.45,4.0,-6.4,-14.0,-29.8,-1955,0.75,-0.258,0.055,0.78,,-17,1435,0,1310,30,1.50,17.5,1.00,-0.137
167.10,FINAL,127.15,119.69,17.50,2.41,4.0,-6.4,-14.3,-29.0,-1954,0.76,-0.263,0.052,0.80,,-16,1434,0,1309,29,1.50,17.5,1.00,-0.139
167.20,FINAL,127.39,119.93,17.39,2.37,3.9,-6.4,-14.6,-28.2,-1953,0.77,-0.268,0.050,0.81,,-16,1433,0,1308,28,1.50,17.5,1.00,-0.141
167.30,FINAL,127.62,120.18,17.29,2.33,3.9,-6.4,-15.0,-27.4,-1952,0.79,-0.272,0.058,0.83,,-16,1432,0,1307,27,1.50,17.5,1.00,-0.143
167.40,FINAL,127.85,120.41,17.18,2.31,3.9,-6.4,-15.2,-26.7,-1951,0.80,-0.278,0.054,0.84,,-15,1431,0,1306,27,1.50,17.5,1.00,-0.146
167.50,FINAL,128.08,120.65,17.08,2.28,3.9,-6.4,-15.5,-25.9,-1950,0.81,-0.283,0.052,0.85,,-15,1430,0,1305,26,1.50,17.5,1.00,-0.149
167.60,FINAL,128.31,120.88,16.98,2.26,3.9,-6.4,-15.7,-25.2,-1949,0.82,-0.288,0.050,0.87,,-15,1429,0,1304,25,1.50,17.5,1.00,-0.152
167.70,FINAL,128.54,121.11,16.88,2.25,3.9,-6.3,-16.1,-24.5,-1948,0.83,-0.294,0.057,0.88,,-14,1428,0,1303,24,1.50,17.5,1.00,-0.155
167.80,FINAL,128.76,121.34,16.78,2.23,3.9,-6.4,-16.3,-23.8,-1947,0.83,-0.300,0.054,0.90,,-14,1427,0,1302,24,1.46,17.5,1.00,-0.162
167.90,FINAL,128.98,121.57,16.68,2.22,3.9,-6.4,-16.5,-23.1,-1946,0.83,-0.300,0.052,0.91,,-14,1426,0,1301,23,1.40,17.5,1.00,-0.172
168.00,FINAL,129.21,121.79,16.58,2.21,3.9,-6.3,-16.8,-22.4,-1944,0.83,-0.300,0.061,0.92,,-13,1424,0,1299,22,1.34,17.5,1.00,-0.183
168.10,FINAL,129.43,122.02,16.47,2.19,4.0,-6.3,-17.0,-21.7,-1943,0.83,-0.300,0.057,0.94,,-13,1423,0,1298,22,1.28,17.5,1.00,-0.193
168.20,FINAL,129.65,122.24,16.37,2.18,4.1,-6.3,-17.2,-21.1,-1942,0.83,-0.300,0.054,0.95,,-13,1422,0,1297,21,1.23,17.5,1.00,-0.204
168.30,FINAL,129.86,122.46,16.26,2.18,4.2,-6.3,-17.4,-20.5,-1941,0.84,-0.300,0.052,0.97,,-12,1421,0,1296,20,1.17,17.5,1.00,-0.210
168.40,FINAL,130.08,122.68,16.15,2.17,4.3,-6.3,-17.7,-19.9,-1940,0.84,-0.300,0.060,0.98,,-12,1420,0,1295,20,1.11,17.5,1.00,-0.210
168.50,FINAL,130.30,122.91,16.03,2.17,4.5,-6.3,-17.8,-19.3,-1939,0.84,-0.300,0.056,0.99,,-12,1419,0,1294,19,1.05,17.5,1.00,-0.210
168.60,FINAL,130.52,123.13,15.91,2.17,4.7,-6.3,-18.0,-18.7,-1938,0.84,-0.300,0.054,1.00,,-11,1418,0,1293,19,0.99,17.5,1.00,-0.210
168.70,FINAL,130.73,123.35,15.80,2.17,5.0,-6.2,-18.1,-18.1,-1937,0.84,-0.300,0.053,1.00,,-11,1417,0,1292,18,0.94,17.5,1.00,-0.210
168.80,FINAL,130.95,123.57,15.68,2.18,5.2,-6.2,-18.3,-17.6,-1936,0.84,-0.300,0.059,1.00,,-11,1416,0,1291,18,0.88,17.5,1.00,-0.210
168.90,FINAL,131.17,123.79,15.56,2.17,5.5,-6.2,-18.4,-17.0,-1935,0.84,-0.300,0.056,1.00,,-10,1415,0,1290,17,0.82,17.5,1.00,-0.210
169.00,FINAL,131.39,124.01,15.44,2.17,5.8,-6.1,-18.5,-16.5,-1933,0.84,-0.300,0.055,1.00,,-10,1413,0,1288,17,0.76,17.5,1.00,-0.210
169.10,FINAL,131.60,124.23,15.32,2.17,6.1,-6.1,-18.6,-16.0,-1932,0.84,-0.300,0.057,1.00,,-10,1412,0,1287,16,0.71,17.5,1.00,-0.210
169.20,FINAL,131.82,124.45,15.21,2.18,6.5,-6.0,-18.8,-15.5,-1931,0.84,-0.300,0.060,1.00,,-9,1411,0,1286,16,0.65,17.5,1.00,-0.210
169.30,FINAL,132.04,124.67,15.09,2.18,6.8,-5.9,-18.9,-15.0,-1930,0.84,-0.300,0.058,1.00,,-9,1410,0,1285,15,0.59,17.5,1.00,-0.210
169.40,FINAL,132.26,124.89,14.96,2.18,7.2,-5.9,-18.9,-14.6,-1929,0.84,-0.300,0.057,1.00,,-9,1409,0,1284,15,0.53,17.5,1.00,-0.210
169.50,FINAL,132.47,125.11,14.84,2.19,7.6,-5.8,-19.0,-14.2,-1928,0.84,-0.300,0.059,1.00,,-8,1408,0,1283,14,0.48,17.5,1.00,-0.210
169.60,FINAL,132.69,125.33,14.71,2.20,8.0,-5.7,-19.1,-13.7,-1927,0.84,-0.300,0.061,1.00,,-8,1407,0,1282,14,0.42,17.5,1.04,-0.210
169.70,FINAL,132.91,125.55,14.58,2.21,8.4,-5.6,-19.1,-13.3,-1926,0.84,-0.300,0.059,1.00,,-8,1406,0,1281,13,0.36,17.5,1.09,-0.210
169.80,FINAL,133.14,125.77,14.45,2.22,8.7,-5.5,-19.2,-12.9,-1925,0.84,-0.300,0.058,1.00,,-7,1405,0,1280,13,0.30,17.5,1.14,-0.210
169.90,FINAL,133.36,125.99,14.31,2.22,8.9,-5.4,-19.2,-12.6,-1924,0.84,-0.300,0.060,1.00,,-7,1404,0,1279,13,0.25,17.5,1.19,-0.210
170.00,FINAL,133.58,126.22,14.18,2.22,9.1,-5.3,-19.3,-12.2,-1923,0.84,-0.300,0.063,1.00,,-7,1403,0,1278,12,0.19,17.5,1.24,-0.210
170.10,FINAL,133.80,126.44,14.04,2.20,9.3,-5.2,-19.3,-11.9,-1922,0.84,-0.300,0.062,1.00,,-6,1402,0,1277,12,0.14,17.5,1.29,-0.210
170.20,FINAL,134.02,126.66,13.91,2.18,9.3,-5.1,-19.4,-11.5,-1920,0.84,-0.300,0.062,1.00,,-6,1400,0,1275,12,0.08,17.5,1.34,-0.210
170.30,FINAL,134.24,126.88,13.78,2.15,9.3,-5.0,-19.4,-11.2,-1919,0.84,-0.300,0.063,1.00,,-6,1399,0,1274,11,0.02,17.5,1.39,-0.210
170.40,FINAL,134.45,127.09,13.65,2.11,9.3,-4.8,-19.5,-10.9,-1918,0.85,-0.300,0.069,1.00,,-5,1398,0,1273,11,-0.03,17.5,1.44,-0.210
170.50,FINAL,134.66,127.30,13.53,2.05,9.2,-4.7,-19.5,-10.6,-1917,0.85,-0.300,0.069,1.00,,-5,1397,0,1272,11,-0.09,17.5,1.49,-0.210
170.60,FINAL,134.86,127.50,13.41,1.99,9.0,-4.6,-19.5,-10.4,-1916,0.85,-0.300,0.070,1.00,,-5,1396,0,1271,10,-0.14,17.5,1.54,-0.210
170.70,FINAL,135.06,127.70,13.30,1.92,8.8,-4.4,-19.5,-10.1,-1915,0.85,-0.300,0.071,1.00,,-4,1395,0,1270,10,-0.19,17.5,1.59,-0.210
170.80,FINAL,135.25,127.89,13.19,1.84,8.6,-4.3,-19.7,-9.8,-1914,0.85,-0.300,0.078,1.00,,-4,1394,0,1269,10,-0.24,17.5,1.64,-0.210
170.90,FINAL,135.43,128.07,13.10,1.76,8.4,-4.1,-19.7,-9.6,-1913,0.85,-0.300,0.077,1.00,,-4,1393,0,1268,10,-0.29,17.5,1.69,-0.210
171.00,FINAL,135.60,128.25,13.00,1.67,8.1,-4.0,-19.7,-9.4,-1912,0.85,-0.300,0.078,1.00,,-4,1392,0,1267,9,-0.34,17.5,1.74,-0.210
171.10,FINAL,135.77,128.41,12.92,1.57,7.7,-3.9,-19.7,-9.2,-1911,0.85,-0.300,0.079,1.00,,-3,1391,0,1266,9,-0.39,17.5,1.79,-0.210
171.20,FINAL,135.92,128.57,12.84,1.47,7.4,-3.7,-19.7,-9.0,-1910,0.85,-0.300,0.081,1.00,,-3,1390,0,1265,9,-0.44,17.5,1.84,-0.210
171.30,FINAL,136.07,128.71,12.77,1.36,7.0,-3.6,-19.9,-8.8,-1909,0.85,-0.300,0.085,1.00,,-3,1389,0,1264,9,-0.48,17.5,1.89,-0.210
171.40,FINAL,136.20,128.85,12.71,1.25,6.6,-3.5,-19.9,-8.6,-1908,0.84,-0.300,0.085,1.00,,-3,1388,0,1263,9,-0.52,17.5,1.94,-0.210
171.50,FINAL,136.32,128.97,12.66,1.13,6.1,-3.4,-19.9,-8.4,-1907,0.84,-0.300,0.085,1.00,,-2,1387,0,1262,8,-0.57,17.5,1.99,-0.210
171.60,FINAL,136.43,129.08,12.61,1.01,5.6,-3.2,-20.0,-8.2,-1906,0.84,-0.300,0.086,1.00,,-2,1386,0,1261,8,-0.61,17.5,2.00,-0.210
171.70,FINAL,136.52,129.18,12.58,0.89,5.1,-3.1,-20.2,-8.0,-1905,0.84,-0.300,0.093,1.00,,-2,1385,0,1260,8,-0.64,17.5,2.00,-0.210
171.80,FINAL,136.61,129.27,12.55,0.76,4.5,-3.0,-20.2,-7.9,-1904,0.84,-0.300,0.091,1.00,,-2,1384,0,1259,8,-0.68,17.5,2.00,-0.210
171.90,FINAL,136.68,129.34,12.54,0.63,3.9,-2.9,-20.3,-7.7,-1903,0.84,-0.300,0.091,1.00,,-2,1383,0,1258,8,-0.72,17.5,2.00,-0.210
172.00,FINAL,136.74,129.41,12.53,0.50,3.3,-2.8,-20.4,-7.5,-1902,0.84,-0.300,0.091,1.00,,-1,1382,0,1257,8,-0.75,17.5,2.00,-0.210
172.10,FINAL,136.78,129.46,12.54,0.36,2.6,-2.7,-20.5,-7.4,-1901,0.84,-0.295,0.093,1.00,,-1,1381,0,1256,7,-0.78,17.5,2.00,-0.210
172.20,FINAL,136.82,129.49,12.56,0.23,2.0,-2.6,-20.8,-7.2,-1900,0.84,-0.282,0.097,1.00,,-1,1380,0,1255,7,-0.81,17.5,2.00,-0.210
172.30,FINAL,136.83,129.52,12.59,0.09,1.3,-2.5,-20.9,-7.1,-1899,0.85,-0.273,0.095,1.00,,-1,1379,0,1254,7,-0.84,17.5,2.00,-0.210
172.40,FINAL,136.84,129.53,12.63,-0.04,0.7,-2.4,-21.1,-6.9,-1898,0.85,-0.268,0.095,1.00,,-1,1378,0,1253,7,-0.87,17.5,2.00,-0.210
172.50,FINAL,136.83,129.52,12.68,-0.17,0.2,-2.3,-21.3,-6.8,-1897,0.85,-0.266,0.095,1.00,,-1,1377,0,1252,7,-0.90,17.5,2.00,-0.210
172.60,FINAL,136.81,129.51,12.73,-0.29,-0.3,-2.2,-21.6,-6.6,-1896,0.85,-0.264,0.100,1.00,,-1,1376,0,1251,7,-0.92,17.5,2.00,-0.210
172.70,FINAL,136.78,129.48,12.80,-0.41,-0.8,-2.1,-21.8,-6.5,-1895,0.86,-0.262,0.098,1.00,,-1,1375,0,1250,6,-0.94,17.5,2.00,-0.210
172.80,FINAL,136.73,129.45,12.87,-0.51,-1.3,-2.1,-22.1,-6.3,-1894,0.86,-0.260,0.097,1.00,,-1,1374,0,1249,6,-0.96,17.5,2.00,-0.210
172.90,FINAL,136.68,129.40,12.95,-0.61,-1.7,-2.0,-22.3,-6.2,-1892,0.86,-0.257,0.096,1.00,,-1,1372,0,1247,6,-0.98,17.5,2.00,-0.210
173.00,FINAL,136.61,129.35,13.04,-0.70,-2.1,-1.9,-22.7,-6.1,-1891,0.86,-0.255,0.101,1.00,,-1,1371,0,1246,6,-1.00,17.5,2.00,-0.210
173.10,FINAL,136.54,129.29,13.12,-0.79,-2.5,-1.9,-23.0,-5.9,-1890,0.86,-0.254,0.098,1.00,,0,1370,0,1245,6,-1.02,17.5,2.00,-0.210
173.20,FINAL,136.46,129.22,13.22,-0.87,-2.8,-1.9,-23.4,-5.8,-1889,0.85,-0.253,0.096,1.00,,0,1369,0,1244,6,-1.04,17.5,2.00,-0.210
173.30,FINAL,136.37,129.14,13.31,-0.94,-3.1,-1.8,-23.7,-5.6,-1888,0.85,-0.252,0.095,1.00,,0,1368,0,1243,6,-1.05,17.5,2.00,-0.210
173.40,FINAL,136.27,129.05,13.41,-1.01,-3.4,-1.8,-24.2,-5.5,-1887,0.84,-0.252,0.100,1.00,,0,1367,0,1242,5,-1.07,17.5,2.00,-0.210
173.50,FINAL,136.17,128.96,13.51,-1.07,-3.7,-1.8,-24.6,-5.3,-1886,0.84,-0.252,0.097,1.00,,0,1366,0,1241,5,-1.08,17.5,2.00,-0.210
173.60,FINAL,136.06,128.87,13.61,-1.13,-4.0,-1.7,-25.0,-5.2,-1885,0.83,-0.252,0.095,1.00,,0,1365,0,1240,5,-1.09,17.5,2.00,-0.210
173.70,FINAL,135.94,128.77,13.71,-1.18,-4.2,-1.7,-25.0,-5.0,-1883,0.82,-0.253,0.073,1.00,,0,1363,0,1238,5,-1.10,17.5,2.00,-0.210
173.80,FINAL,135.83,128.66,13.81,-1.22,-4.4,-1.7,-24.9,-4.9,-1882,0.82,-0.254,0.065,1.00,,0,1362,0,1237,5,-1.12,17.5,2.00,-0.210
173.90,FINAL,135.70,128.56,13.91,-1.25,-4.6,-1.7,-24.9,-4.7,-1881,0.81,-0.256,0.062,1.00,,0,1361,0,1236,5,-1.13,17.5,2.00,-0.210
174.00,FINAL,135.58,128.45,14.01,-1.28,-4.7,-1.7,-25.0,-4.6,-1880,0.80,-0.258,0.062,1.00,,0,1360,0,1235,5,-1.14,17.5,2.00,-0.210
174.10,FINAL,135.45,128.33,14.11,-1.31,-4.9,-1.7,-25.0,-4.4,-1879,0.80,-0.260,0.063,1.00,,0,1359,0,1234,4,-1.15,17.5,2.00,-0.210
174.20,FINAL,135.31,128.22,14.20,-1.33,-5.0,-1.7,-25.2,-4.3,-1877,0.79,-0.263,0.064,1.00,,0,1357,0,1232,4,-1.15,17.5,2.00,-0.210
174.30,FINAL,135.18,128.11,14.30,-1.34,-5.1,-1.7,-25.3,-4.1,-1876,0.78,-0.266,0.067,1.00,,0,1356,0,1231,4,-1.16,17.5,2.00,-0.210
174.40,FINAL,135.05,127.99,14.39,-1.35,-5.1,-1.7,-25.4,-4.0,-1875,0.78,-0.268,0.069,1.00,,0,1355,0,1230,4,-1.17,17.5,2.00,-0.210
174.50,FINAL,134.91,127.88,14.48,-1.35,-5.2,-1.7,-25.6,-3.8,-1874,0.77,-0.271,0.071,1.00,,0,1354,0,1229,4,-1.18,17.5,2.00,-0.210
174.60,FINAL,134.78,127.76,14.57,-1.35,-5.2,-1.7,-25.8,-3.6,-1872,0.76,-0.274,0.072,1.00,,0,1352,0,1227,4,-1.19,17.5,2.00,-0.210
174.70,FINAL,134.64,127.65,14.65,-1.35,-5.2,-1.8,-25.9,-3.5,-1871,0.75,-0.277,0.075,1.00,,0,1351,0,1226,3,-1.19,17.5,2.00,-0.210
174.80,FINAL,134.51,127.54,14.73,-1.34,-5.3,-1.8,-26.1,-3.3,-1870,0.75,-0.280,0.076,1.00,,0,1350,0,1225,3,-1.20,17.5,2.00,-0.210
174.90,FINAL,134.37,127.43,14.81,-1.33,-5.3,-1.8,-26.2,-3.2,-1869,0.74,-0.283,0.077,1.00,,0,1349,0,1224,3,-1.21,17.5,1.99,-0.210
175.00,FINAL,134.24,127.33,14.88,-1.31,-5.2,-1.9,-26.4,-3.0,-1867,0.73,-0.285,0.078,1.00,,0,1347,0,1222,3,-1.22,17.5,1.94,-0.210
175.10,FINAL,134.11,127.22,14.95,-1.29,-5.2,-2.0,-26.5,-2.8,-1866,0.72,-0.287,0.080,1.00,,0,1346,0,1221,3,-1.23,17.5,1.89,-0.210
175.20,FINAL,133.98,127.12,15.02,-1.27,-5.2,-2.0,-26.6,-2.7,-1865,0.72,-0.289,0.080,1.00,,0,1345,0,1220,3,-1.23,17.5,1.84,-0.210
175.30,FINAL,133.86,127.03,15.08,-1.25,-5.2,-2.1,-26.6,-2.5,-1863,0.71,-0.291,0.081,1.00,,0,1343,0,1218,3,-1.24,17.5,1.79,-0.210
175.40,FINAL,133.73,126.93,15.14,-1.23,-5.2,-2.2,-26.7,-2.3,-1862,0.69,-0.293,0.082,1.00,,0,1342,0,1217,2,-1.25,17.5,1.74,-0.210
175.50,FINAL,133.61,126.84,15.19,-1.21,-5.1,-2.3,-26.7,-2.2,-1861,0.68,-0.294,0.082,1.00,,0,1341,0,1216,2,-1.26,17.5,1.69,-0.210
175.60,FINAL,133.49,126.75,15.25,-1.19,-5.1,-2.4,-26.7,-2.0,-1859,0.67,-0.295,0.081,1.00,,0,1339,0,1214,2,-1.27,17.5,1.64,-0.210
175.70,FINAL,133.37,126.67,15.29,-1.17,-5.1,-2.5,-26.6,-1.9,-1858,0.66,-0.296,0.081,1.00,,0,1338,0,1213,2,-1.28,17.5,1.59,-0.210
175.80,FINAL,133.25,126.59,15.33,-1.15,-5.1,-2.6,-26.6,-1.7,-1857,0.65,-0.296,0.081,1.00,,0,1337,0,1212,2,-1.29,17.5,1.54,-0.210
175.90,FINAL,133.14,126.51,15.37,-1.13,-5.1,-2.7,-26.5,-1.5,-1855,0.64,-0.295,0.081,1.00,,0,1335,0,1210,2,-1.30,17.5,1.49,-0.210
176.00,FINAL,133.03,126.43,15.41,-1.12,-5.1,-2.8,-26.4,-1.4,-1854,0.64,-0.294,0.080,1.00,,0,1334,0,1209,1,-1.31,17.5,1.44,-0.210
176.10,FINAL,132.92,126.36,15.44,-1.10,-5.1,-2.9,-26.2,-1.2,-1853,0.63,-0.293,0.080,1.00,,0,1333,0,1208,1,-1.32,17.5,1.39,-0.210
176.20,FINAL,132.81,126.29,15.48,-1.09,-5.1,-3.0,-26.1,-1.1,-1851,0.62,-0.292,0.080,1.00,,0,1331,0,1206,1,-1.33,17.5,1.34,-0.210
176.30,FINAL,132.70,126.22,15.50,-1.08,-5.1,-3.1,-25.9,-0.9,-1850,0.61,-0.290,0.079,1.00,,0,1330,0,1205,1,-1.34,17.5,1.29,-0.210
176.40,FINAL,132.59,126.15,15.53,-1.08,-5.2,-3.2,-25.7,-0.8,-1848,0.61,-0.289,0.079,1.00,,0,1328,0,1203,1,-1.35,17.5,1.24,-0.210
176.50,FINAL,132.48,126.08,15.56,-1.07,-5.2,-3.2,-25.4,-0.6,-1847,0.60,-0.287,0.078,1.00,,0,1327,0,1202,1,-1.36,17.5,1.19,-0.210
176.60,FINAL,132.37,126.02,15.58,-1.07,-5.3,-3.3,-25.2,-0.5,-1846,0.59,-0.285,0.078,1.00,,0,1326,0,1201,1,-1.37,17.5,1.14,-0.210
176.70,FINAL,132.27,125.95,15.60,-1.07,-5.4,-3.3,-24.9,-0.4,-1844,0.59,-0.282,0.077,1.00,,0,1324,0,1199,0,-1.38,17.5,1.09,-0.210
176.80,FINAL,132.16,125.89,15.62,-1.07,-5.4,-3.4,-24.7,-0.2,-1843,0.58,-0.279,0.077,1.00,,0,1323,0,1198,0,-1.39,17.5,1.04,-0.210
176.90,FINAL,132.05,125.82,15.64,-1.08,-5.5,-3.4,-24.4,-0.1,-1841,0.58,-0.277,0.077,1.00,,0,1321,0,1196,0,-1.40,17.5,1.00,-0.210
177.00,FINAL,131.94,125.75,15.66,-1.09,-5.6,-3.5,-24.1,-0.0,-1840,0.57,-0.274,0.076,1.00,,0,1320,0,1195,0,-1.41,17.5,1.00,-0.210
177.10,FINAL,131.84,125.69,15.68,-1.10,-5.7,-3.5,-23.8,0.1,-1839,0.57,-0.271,0.076,1.00,,0,1319,0,1194,-0,-1.42,17.5,1.00,-0.210
177.20,FINAL,131.72,125.62,15.69,-1.11,-5.9,-3.5,-23.5,0.2,-1837,0.57,-0.268,0.076,1.00,,0,1317,0,1192,-0,-1.43,17.5,1.00,-0.210
177.30,FINAL,131.61,125.55,15.71,-1.13,-6.0,-3.5,-23.2,0.3,-1836,0.56,-0.266,0.075,1.00,,0,1316,0,1191,-0,-1.44,17.5,1.00,-0.210
177.40,FINAL,131.50,125.47,15.73,-1.15,-6.1,-3.5,-22.8,0.4,-1834,0.56,-0.263,0.075,1.00,,0,1314,0,1189,-0,-1.45,17.5,1.00,-0.210
177.50,FINAL,131.38,125.40,15.75,-1.17,-6.2,-3.5,-22.5,0.5,-1833,0.55,-0.261,0.075,1.00,,0,1313,0,1188,-1,-1.46,17.5,1.00,-0.210
177.60,FINAL,131.27,125.32,15.77,-1.19,-6.3,-3.5,-22.2,0.6,-1832,0.55,-0.260,0.075,1.00,,0,1312,0,1187,-1,-1.47,17.5,1.00,-0.210
177.70,FINAL,131.15,125.24,15.78,-1.21,-6.4,-3.4,-21.9,0.7,-1830,0.55,-0.259,0.075,1.00,,0,1310,0,1185,-1,-1.48,17.5,1.00,-0.210
177.80,FINAL,131.02,125.16,15.80,-1.24,-6.6,-3.4,-21.5,0.8,-1829,0.54,-0.257,0.075,1.00,,0,1309,0,1184,-1,-1.49,17.5,1.00,-0.210
177.90,FINAL,130.90,125.07,15.82,-1.26,-6.7,-3.4,-21.2,0.9,-1827,0.54,-0.256,0.075,1.00,,0,1307,0,1182,-1,-1.49,17.5,1.00,-0.210
178.00,FINAL,130.77,124.98,15.84,-1.29,-6.8,-3.3,-20.9,0.9,-1826,0.54,-0.256,0.075,1.00,,0,1306,0,1181,-1,-1.50,17.5,1.00,-0.210
178.10,FINAL,130.64,124.89,15.86,-1.31,-6.9,-3.2,-20.6,1.0,-1824,0.53,-0.255,0.075,1.00,,0,1304,0,1179,-1,-1.51,17.5,1.00,-0.210
178.20,FINAL,130.51,124.80,15.88,-1.33,-7.0,-3.2,-20.3,1.1,-1823,0.53,-0.254,0.076,1.00,,0,1303,0,1178,-1,-1.52,17.5,1.00,-0.210
178.30,FINAL,130.38,124.70,15.91,-1.36,-7.1,-3.1,-20.0,1.1,-1821,0.53,-0.253,0.076,1.00,,0,1301,0,1176,-1,-1.52,17.5,1.00,-0.210
178.40,FINAL,130.24,124.60,15.93,-1.38,-7.2,-3.0,-19.8,1.2,-1820,0.52,-0.252,0.076,1.00,,0,1300,0,1175,-1,-1.53,17.5,1.00,-0.210
178.50,FINAL,130.10,124.50,15.95,-1.40,-7.3,-3.0,-19.5,1.2,-1818,0.52,-0.251,0.076,1.00,,0,1298,0,1173,-1,-1.53,17.5,1.00,-0.210
178.60,FINAL,129.96,124.39,15.97,-1.43,-7.3,-2.9,-19.2,1.3,-1817,0.52,-0.250,0.076,1.00,,0,1297,0,1172,-1,-1.54,17.5,1.00,-0.210
178.70,FINAL,129.82,124.28,15.99,-1.45,-7.4,-2.8,-19.0,1.3,-1815,0.51,-0.250,0.077,1.00,,0,1295,0,1170,-1,-1.54,17.5,1.00,-0.210
178.80,FINAL,129.67,124.17,16.02,-1.47,-7.5,-2.7,-18.7,1.4,-1814,0.51,-0.249,0.077,1.00,,0,1294,0,1169,-1,-1.55,17.5,1.00,-0.210
178.90,FINAL,129.52,124.06,16.04,-1.49,-7.6,-2.6,-18.5,1.4,-1812,0.51,-0.248,0.077,1.00,,0,1292,0,1167,-1,-1.55,17.5,1.00,-0.210
179.00,FINAL,129.37,123.95,16.06,-1.51,-7.7,-2.5,-18.3,1.4,-1811,0.50,-0.247,0.077,1.00,,0,1291,0,1166,-1,-1.56,17.5,1.00,-0.210
179.10,FINAL,129.22,123.83,16.09,-1.53,-7.8,-2.5,-18.1,1.4,-1810,0.50,-0.246,0.078,1.00,,0,1290,0,1165,-1,-1.56,17.5,1.00,-0.210
179.20,FINAL,129.07,123.71,16.11,-1.55,-7.9,-2.4,-17.9,1.5,-1808,0.50,-0.245,0.078,1.00,,0,1288,0,1163,-1,-1.56,17.5,1.00,-0.210
179.30,FINAL,128.91,123.59,16.13,-1.57,-7.9,-2.3,-17.7,1.5,-1806,0.49,-0.244,0.079,1.00,,0,1286,0,1161,-1,-1.57,17.5,1.00,-0.210
179.40,FINAL,128.76,123.46,16.16,-1.59,-8.0,-2.2,-17.5,1.5,-1805,0.49,-0.243,0.079,1.00,,0,1285,0,1160,-2,-1.57,17.5,1.00,-0.210
179.50,FINAL,128.60,123.34,16.18,-1.61,-8.1,-2.1,-17.4,1.5,-1803,0.49,-0.243,0.080,1.00,,0,1283,0,1158,-2,-1.57,17.5,1.00,-0.210
179.60,FINAL,128.44,123.21,16.20,-1.63,-8.2,-2.0,-17.2,1.5,-1802,0.49,-0.242,0.080,1.00,,0,1282,0,1157,-2,-1.57,17.5,1.00,-0.210
179.70,FINAL,128.27,123.08,16.23,-1.64,-8.2,-1.9,-17.1,1.5,-1800,0.48,-0.242,0.080,1.00,,0,1280,0,1155,-2,-1.57,17.5,1.00,-0.210
179.80,FINAL,128.11,122.95,16.25,-1.66,-8.3,-1.8,-16.9,1.5,-1799,0.48,-0.241,0.081,1.00,,0,1279,0,1154,-2,-1.58,17.5,1.00,-0.210
179.90,FINAL,127.94,122.81,16.27,-1.68,-8.4,-1.7,-16.8,1.5,-1797,0.48,-0.241,0.081,1.00,,0,1277,0,1152,-2,-1.58,17.5,1.00,-0.210
180.00,FINAL,127.77,122.67,16.30,-1.69,-8.4,-1.6,-16.7,1.5,-1796,0.48,-0.240,0.081,1.00,,0,1276,0,1151,-2,-1.58,17.5,1.00,-0.210
180.10,FINAL,127.60,122.53,16.32,-1.71,-8.5,-1.5,-16.6,1.5,-1794,0.47,-0.239,0.082,1.00,,0,1274,0,1149,-2,-1.58,17.5,1.00,-0.210
180.20,FINAL,127.43,122.39,16.35,-1.72,-8.6,-1.4,-16.5,1.5,-1793,0.47,-0.239,0.082,1.00,,0,1273,0,1148,-2,-1.58,17.5,1.00,-0.210
180.30,FINAL,127.26,122.25,16.37,-1.73,-8.6,-1.3,-16.4,1.5,-1791,0.47,-0.238,0.082,1.00,,0,1271,0,1146,-2,-1.58,17.5,1.00,-0.210
180.40,FINAL,127.09,122.10,16.39,-1.75,-8.7,-1.2,-16.3,1.5,-1790,0.47,-0.238,0.082,1.00,,0,1270,0,1145,-1,-1.58,17.5,1.00,-0.210
180.50,FINAL,126.91,121.95,16.42,-1.76,-8.7,-1.2,-16.2,1.5,-1788,0.46,-0.237,0.083,1.00,,0,1268,0,1143,-1,-1.57,17.5,1.00,-0.210
180.60,FINAL,126.73,121.80,16.44,-1.77,-8.8,-1.1,-16.1,1.5,-1787,0.46,-0.237,0.083,1.00,,0,1267,0,1142,-1,-1.57,17.5,1.00,-0.210
180.70,FINAL,126.56,121.65,16.46,-1.79,-8.9,-1.0,-16.1,1.5,-1785,0.46,-0.236,0.083,1.00,,0,1265,0,1140,-1,-1.57,17.5,1.00,-0.210
180.80,FINAL,126.38,121.49,16.48,-1.80,-8.9,-0.9,-16.0,1.4,-1784,0.46,-0.236,0.083,1.00,,0,1264,0,1139,-1,-1.57,17.5,1.00,-0.210
180.90,FINAL,126.20,121.33,16.51,-1.81,-9.0,-0.9,-15.9,1.4,-1782,0.46,-0.235,0.083,1.00,,0,1262,0,1137,-1,-1.57,17.5,1.00,-0.210
181.00,FINAL,126.02,121.17,16.53,-1.82,-9.0,-0.8,-15.9,1.4,-1780,0.45,-0.234,0.083,1.00,,0,1260,0,1135,-1,-1.57,17.5,1.00,-0.210
181.10,FINAL,125.83,121.01,16.55,-1.83,-9.1,-0.7,-15.8,1.4,-1779,0.45,-0.234,0.084,1.00,,0,1259,0,1134,-1,-1.56,17.5,1.00,-0.210
181.20,FINAL,125.65,120.85,16.57,-1.84,-9.1,-0.7,-15.8,1.4,-1777,0.45,-0.233,0.084,1.00,,0,1257,0,1132,-1,-1.56,17.5,1.00,-0.210
181.30,FINAL,125.47,120.68,16.60,-1.85,-9.2,-0.6,-15.7,1.3,-1776,0.45,-0.233,0.084,1.00,,0,1256,0,1131,-1,-1.56,17.5,1.00,-0.210
181.40,FINAL,125.28,120.51,16.62,-1.86,-9.2,-0.5,-15.7,1.3,-1774,0.45,-0.232,0.084,1.00,,0,1254,0,1129,-1,-1.55,17.5,1.00,-0.210
181.50,FINAL,125.09,120.34,16.64,-1.87,-9.3,-0.5,-15.7,1.3,-1773,0.45,-0.232,0.084,1.00,,0,1253,0,1128,-1,-1.55,17.5,1.00,-0.210
181.60,FINAL,124.91,120.17,16.66,-1.88,-9.3,-0.4,-15.6,1.3,-1771,0.45,-0.232,0.084,1.00,,0,1251,0,1126,-1,-1.55,17.5,1.00,-0.210
181.70,FINAL,124.72,119.99,16.68,-1.89,-9.4,-0.4,-15.6,1.2,-1769,0.44,-0.232,0.084,1.00,,0,1249,0,1124,-1,-1.54,17.5,1.00,-0.210
181.80,FINAL,124.53,119.82,16.71,-1.89,-9.4,-0.3,-15.6,1.2,-1768,0.44,-0.233,0.084,1.00,,0,1248,0,1123,-1,-1.54,17.5,1.00,-0.210
181.90,FINAL,124.34,119.64,16.73,-1.90,-9.4,-0.3,-15.5,1.2,-1766,0.44,-0.233,0.084,1.00,,0,1246,0,1121,-1,-1.54,17.5,1.00,-0.210
182.00,FINAL,124.15,119.46,16.75,-1.91,-9.4,-0.3,-15.5,1.2,-1765,0.44,-0.234,0.084,1.00,,0,1245,0,1120,-1,-1.53,17.5,1.00,-0.210
182.10,FINAL,123.96,119.27,16.77,-1.91,-9.5,-0.2,-15.5,1.1,-1763,0.44,-0.234,0.084,1.00,,0,1243,0,1118,-1,-1.53,17.5,1.00,-0.210
182.20,FINAL,123.77,119.09,16.79,-1.91,-9.5,-0.2,-15.5,1.1,-1762,0.44,-0.235,0.084,1.00,,0,1242,0,1117,-1,-1.52,17.5,1.00,-0.210
182.30,FINAL,123.58,118.90,16.81,-1.92,-9.5,-0.2,-15.5,1.1,-1760,0.44,-0.235,0.084,1.00,,0,1240,0,1115,-1,-1.52,17.5,1.00,-0.210
182.40,FINAL,123.38,118.72,16.83,-1.92,-9.5,-0.1,-15.5,1.1,-1758,0.44,-0.236,0.084,1.00,,0,1238,0,1113,-1,-1.51,17.5,1.00,-0.210
182.50,FINAL,123.19,118.53,16.85,-1.92,-9.5,-0.1,-15.5,1.0,-1757,0.43,-0.237,0.083,1.00,,0,1237,0,1112,-1,-1.51,17.5,1.00,-0.210
182.60,FINAL,123.00,118.34,16.86,-1.92,-9.5,-0.1,-15.5,1.0,-1755,0.43,-0.237,0.083,1.00,,-1,1235,0,1110,-1,-1.51,17.5,1.00,-0.210
182.70,FINAL,122.81,118.15,16.88,-1.92,-9.5,-0.0,-15.4,1.0,-1754,0.43,-0.238,0.083,1.00,,-1,1234,0,1109,-1,-1.50,17.5,1.00,-0.210
182.80,FINAL,122.62,117.95,16.90,-1.92,-9.5,-0.0,-15.4,1.0,-1752,0.43,-0.239,0.083,1.00,,-1,1232,0,1107,-1,-1.50,17.5,1.00,-0.210
182.90,FINAL,122.42,117.76,16.92,-1.92,-9.5,0.0,-15.4,0.9,-1750,0.43,-0.239,0.083,1.00,,-1,1230,0,1105,-1,-1.49,17.5,1.00,-0.210
183.00,FINAL,122.23,117.57,16.93,-1.91,-9.5,0.0,-15.4,0.9,-1749,0.43,-0.239,0.083,1.00,,-1,1229,0,1104,-1,-1.49,17.5,1.00,-0.209
183.10,FINAL,122.04,117.37,16.95,-1.91,-9.5,0.1,-15.4,0.9,-1747,0.43,-0.239,0.083,1.00,,-1,1227,0,1102,-1,-1.48,17.5,1.00,-0.208
183.20,FINAL,121.85,117.17,16.96,-1.90,-9.5,0.1,-15.4,0.9,-1746,0.43,-0.239,0.083,1.00,,-1,1226,0,1101,-1,-1.48,17.5,1.00,-0.207
183.30,FINAL,121.66,116.98,16.98,-1.90,-9.5,0.1,-15.5,0.8,-1744,0.43,-0.240,0.083,1.00,,-1,1224,0,1099,-1,-1.47,17.5,1.00,-0.206
183.40,FINAL,121.47,116.78,16.99,-1.89,-9.4,0.1,-15.5,0.8,-1742,0.43,-0.240,0.082,1.00,,-1,1222,0,1097,-1,-1.47,17.5,1.00,-0.205
183.50,FINAL,121.28,116.58,17.00,-1.88,-9.4,0.1,-15.5,0.8,-1741,0.43,-0.241,0.082,1.00,,-1,1221,0,1096,-1,-1.46,17.5,1.00,-0.205
183.60,FINAL,121.09,116.39,17.01,-1.87,-9.4,0.1,-15.5,0.8,-1739,0.43,-0.242,0.082,1.00,,-1,1219,0,1094,-1,-1.46,17.5,1.00,-0.204
183.70,FINAL,120.91,116.19,17.02,-1.87,-9.4,0.1,-15.5,0.7,-1737,0.43,-0.242,0.082,1.00,,-1,1217,0,1092,-1,-1.46,17.5,1.00,-0.204
183.80,FINAL,120.72,115.99,17.03,-1.86,-9.3,0.2,-15.5,0.7,-1736,0.43,-0.243,0.082,1.00,,-1,1216,0,1091,-1,-1.45,17.5,1.00,-0.204
183.90,FINAL,120.54,115.80,17.04,-1.84,-9.3,0.2,-15.5,0.7,-1734,0.43,-0.244,0.082,1.00,,-1,1214,0,1089,-1,-1.45,17.5,1.00,-0.203
184.00,FINAL,120.35,115.60,17.05,-1.83,-9.3,0.2,-15.5,0.7,-1733,0.43,-0.245,0.082,1.00,,-1,1213,0,1088,-1,-1.44,17.5,1.00,-0.203
184.10,FINAL,120.17,115.40,17.06,-1.82,-9.2,0.2,-15.5,0.7,-1731,0.43,-0.245,0.082,1.00,,-1,1211,0,1086,-1,-1.44,17.5,1.00,-0.203
184.20,FINAL,119.99,115.21,17.07,-1.81,-9.2,0.2,-15.5,0.6,-1729,0.43,-0.246,0.082,1.00,,-1,1209,0,1084,-1,-1.44,17.5,1.00,-0.203
184.30,FINAL,119.81,115.01,17.07,-1.80,-9.2,0.2,-15.5,0.6,-1728,0.43,-0.247,0.082,1.00,,-1,1208,0,1083,-1,-1.43,17.5,1.00,-0.203
184.40,FINAL,119.63,114.82,17.08,-1.79,-9.1,0.2,-15.5,0.6,-1726,0.43,-0.248,0.081,1.00,,-1,1206,0,1081,-1,-1.43,17.5,1.00,-0.203
184.50,FINAL,119.45,114.63,17.08,-1.78,-9.1,0.2,-15.5,0.6,-1725,0.43,-0.249,0.081,1.00,,-1,1205,0,1080,-1,-1.43,17.5,1.00,-0.203
184.60,FINAL,119.27,114.43,17.09,-1.76,-9.1,0.3,-15.5,0.6,-1723,0.43,-0.250,0.081,1.00,,-1,1203,0,1078,-1,-1.43,17.5,1.00,-0.204
184.70,FINAL,119.10,114.24,17.09,-1.75,-9.1,0.3,-15.5,0.5,-1721,0.43,-0.251,0.081,1.00,,-1,1201,0,1076,-1,-1.42,17.5,1.00,-0.204
184.80,FINAL,118.92,114.05,17.09,-1.74,-9.0,0.3,-15.5,0.5,-1720,0.43,-0.252,0.081,1.00,,-1,1200,0,1075,-1,-1.42,17.5,1.00,-0.204
184.90,FINAL,118.75,113.86,17.10,-1.73,-9.0,0.3,-15.6,0.5,-1718,0.43,-0.253,0.081,1.00,,-1,1198,0,1073,-0,-1.42,17.5,1.00,-0.205
185.00,FINAL,118.57,113.67,17.10,-1.72,-9.0,0.3,-15.6,0.5,-1716,0.43,-0.254,0.081,1.00,,-1,1196,0,1071,-0,-1.42,17.5,1.00,-0.205
185.10,FINAL,118.40,113.48,17.10,-1.71,-8.9,0.3,-15.6,0.5,-1715,0.43,-0.256,0.081,1.00,,-1,1195,0,1070,-0,-1.42,17.5,1.00,-0.206
185.20,FINAL,118.23,113.30,17.10,-1.70,-8.9,0.3,-15.6,0.4,-1713,0.43,-0.257,0.081,1.00,,-1,1193,0,1068,-0,-1.41,17.5,1.00,-0.206
185.30,FINAL,118.06,113.11,17.10,-1.69,-8.9,0.3,-15.6,0.4,-1712,0.43,-0.258,0.080,1.00,,-1,1192,0,1067,-0,-1.41,17.5,1.00,-0.207
185.40,FINAL,117.90,112.93,17.10,-1.68,-8.9,0.3,-15.6,0.4,-1710,0.43,-0.259,0.080,1.00,,-1,1190,0,1065,-0,-1.41,17.5,1.00,-0.207
185.50,FINAL,117.73,112.74,17.10,-1.67,-8.8,0.3,-15.6,0.4,-1708,0.43,-0.260,0.080,1.00,,-1,1188,0,1063,-0,-1.41,17.5,1.00,-0.208
185.60,FINAL,117.56,112.56,17.10,-1.66,-8.8,0.3,-15.6,0.4,-1707,0.43,-0.261,0.080,1.00,,-1,1187,0,1062,-0,-1.41,17.5,1.00,-0.208
185.70,FINAL,117.40,112.38,17.10,-1.65,-8.8,0.3,-15.6,0.4,-1705,0.43,-0.262,0.080,1.00,,-1,1185,0,1060,-0,-1.41,17.5,1.00,-0.209
185.80,FINAL,117.23,112.20,17.10,-1.64,-8.8,0.3,-15.6,0.3,-1703,0.43,-0.263,0.080,1.00,,-1,1183,0,1058,-0,-1.41,17.5,1.00,-0.209
185.90,FINAL,117.07,112.02,17.10,-1.63,-8.8,0.3,-15.6,0.3,-1702,0.44,-0.264,0.080,1.00,,-1,1182,0,1057,-0,-1.41,17.5,1.00,-0.210
186.00,FINAL,116.91,111.84,17.10,-1.62,-8.8,0.3,-15.6,0.3,-1700,0.44,-0.264,0.080,1.00,,-1,1180,0,1055,-0,-1.41,17.5,1.00,-0.210
186.10,FINAL,116.74,111.67,17.10,-1.62,-8.7,0.3,-15.6,0.3,-1699,0.44,-0.265,0.080,1.00,,-1,1179,0,1054,-0,-1.41,17.5,1.00,-0.210
186.20,FINAL,116.58,111.49,17.10,-1.61,-8.7,0.3,-15.6,0.3,-1697,0.44,-0.265,0.080,1.00,,-1,1177,0,1052,-0,-1.41,17.5,1.00,-0.210
186.30,FINAL,116.42,111.32,17.10,-1.60,-8.7,0.3,-15.7,0.3,-1695,0.44,-0.266,0.080,1.00,,-1,1175,0,1050,-0,-1.41,17.5,1.00,-0.210
186.40,FINAL,116.26,111.14,17.10,-1.60,-8.7,0.3,-15.7,0.2,-1694,0.44,-0.266,0.080,1.00,,-1,1174,0,1049,-0,-1.41,17.5,1.00,-0.210
186.50,FINAL,116.10,110.97,17.09,-1.59,-8.7,0.3,-15.7,0.2,-1692,0.44,-0.267,0.080,1.00,,-1,1172,0,1047,-0,-1.41,17.5,1.00,-0.210
186.60,FINAL,115.94,110.80,17.09,-1.59,-8.7,0.3,-15.7,0.2,-1690,0.44,-0.267,0.080,1.00,,-1,1170,0,1045,-0,-1.41,17.5,1.00,-0.210
186.70,FINAL,115.78,110.63,17.09,-1.58,-8.7,0.3,-15.7,0.2,-1689,0.44,-0.268,0.080,1.00,,-1,1169,0,1044,-0,-1.41,17.5,1.00,-0.210
186.80,FINAL,115.63,110.46,17.09,-1.58,-8.7,0.3,-15.7,0.2,-1687,0.44,-0.268,0.080,1.00,,-1,1167,0,1042,-0,-1.41,17.5,1.00,-0.210
186.90,FINAL,115.47,110.29,17.09,-1.57,-8.6,0.3,-15.7,0.2,-1686,0.44,-0.268,0.080,1.00,,-1,1166,0,1041,-0,-1.41,17.5,1.00,-0.210
187.00,FINAL,115.31,110.12,17.09,-1.57,-8.6,0.3,-15.7,0.2,-1684,0.44,-0.269,0.080,1.00,,-1,1164,0,1039,-0,-1.41,17.5,1.00,-0.210
187.10,FINAL,115.15,109.95,17.08,-1.57,-8.6,0.3,-15.7,0.2,-1682,0.44,-0.269,0.080,1.00,,-1,1162,0,1037,-0,-1.41,17.5,1.00,-0.210
187.20,FINAL,115.00,109.78,17.08,-1.56,-8.6,0.3,-15.7,0.1,-1681,0.44,-0.270,0.079,1.00,,-1,1161,0,1036,-0,-1.41,17.5,1.00,-0.210
187.30,FINAL,114.84,109.61,17.08,-1.56,-8.6,0.3,-15.7,0.1,-1679,0.44,-0.270,0.079,1.00,,-1,1159,0,1034,-0,-1.41,17.5,1.00,-0.210
187.40,FINAL,114.68,109.44,17.08,-1.56,-8.6,0.3,-15.7,0.1,-1678,0.45,-0.270,0.079,1.00,,-1,1158,0,1033,-0,-1.41,17.5,1.00,-0.210
187.50,FINAL,114.53,109.26,17.08,-1.55,-8.6,0.3,-15.7,0.1,-1676,0.45,-0.271,0.079,1.00,,-1,1156,0,1031,-0,-1.42,17.5,1.00,-0.210
187.60,FINAL,114.37,109.09,17.07,-1.55,-8.6,0.3,-15.7,0.1,-1674,0.45,-0.271,0.079,1.00,,-1,1154,0,1029,-0,-1.42,17.5,1.00,-0.210
187.70,FINAL,114.22,108.92,17.07,-1.55,-8.6,0.3,-15.8,0.1,-1673,0.45,-0.271,0.079,1.00,,-1,1153,0,1028,-0,-1.42,17.5,1.00,-0.210
187.80,FINAL,114.06,108.75,17.07,-1.54,-8.6,0.3,-15.8,0.1,-1671,0.45,-0.271,0.079,1.00,,-1,1151,0,1026,-0,-1.42,17.5,1.00,-0.210
187.90,FINAL,113.91,108.57,17.07,-1.54,-8.6,0.3,-15.8,0.1,-1669,0.45,-0.272,0.079,1.00,,-1,1149,0,1024,-0,-1.42,17.5,1.00,-0.210
188.00,FINAL,113.76,108.40,17.07,-1.54,-8.6,0.3,-15.8,0.1,-1668,0.45,-0.272,0.079,1.00,,-1,1148,0,1023,-0,-1.42,17.5,1.00,-0.210
188.10,FINAL,113.60,108.23,17.07,-1.54,-8.6,0.3,-15.8,0.1,-1666,0.45,-0.272,0.079,1.00,,-1,1146,0,1021,-0,-1.42,17.5,1.00,-0.210
188.20,FINAL,113.45,108.06,17.06,-1.54,-8.6,0.3,-15.8,0.0,-1665,0.45,-0.273,0.079,1.00,,-1,1145,0,1020,-0,-1.42,17.5,1.00,-0.210
188.30,FINAL,113.29,107.89,17.06,-1.54,-8.6,0.3,-15.8,0.0,-1663,0.45,-0.273,0.079,1.00,,-1,1143,0,1018,-0,-1.43,17.5,1.00,-0.210
188.40,FINAL,113.14,107.71,17.06,-1.53,-8.6,0.3,-15.8,0.0,-1661,0.45,-0.273,0.079,1.00,,-1,1141,0,1016,-0,-1.43,17.5,1.00,-0.210
188.50,FINAL,112.99,107.54,17.06,-1.53,-8.6,0.3,-15.8,0.0,-1660,0.45,-0.273,0.079,1.00,,-1,1140,0,1015,-0,-1.43,17.5,1.00,-0.210
188.60,FINAL,112.83,107.37,17.06,-1.53,-8.6,0.3,-15.8,0.0,-1658,0.45,-0.273,0.079,1.00,,-1,1138,0,1013,-0,-1.43,17.5,1.00,-0.210
188.70,FINAL,112.68,107.20,17.06,-1.53,-8.6,0.3,-15.8,0.0,-1656,0.45,-0.274,0.079,1.00,,-1,1136,0,1011,-0,-1.43,17.5,1.00,-0.210
188.80,FINAL,112.53,107.03,17.06,-1.53,-8.6,0.3,-15.9,-0.0,-1655,0.45,-0.274,0.079,1.00,,-1,1135,0,1010,0,-1.43,17.5,1.00,-0.210
188.90,FINAL,112.37,106.86,17.05,-1.53,-8.6,0.3,-15.9,-0.0,-1653,0.45,-0.274,0.079,1.00,,-1,1133,0,1008,0,-1.43,17.5,1.00,-0.210
189.00,FINAL,112.22,106.70,17.05,-1.53,-8.6,0.3,-15.9,-0.0,-1652,0.45,-0.274,0.079,1.00,,-1,1132,0,1007,0,-1.44,17.5,1.00,-0.210
189.10,FINAL,112.07,106.53,17.05,-1.53,-8.6,0.3,-15.9,-0.0,-1650,0.45,-0.275,0.079,1.00,,-1,1130,0,1005,0,-1.44,17.5,1.00,-0.210
189.20,FINAL,111.91,106.36,17.05,-1.53,-8.6,0.3,-15.9,-0.0,-1648,0.45,-0.275,0.079,1.00,,-1,1128,0,1003,0,-1.44,17.5,1.00,-0.210
189.30,FINAL,111.76,106.20,17.05,-1.53,-8.6,0.3,-15.9,-0.0,-1647,0.45,-0.275,0.079,1.00,,-1,1127,0,1002,0,-1.44,17.5,1.00,-0.210
189.40,FINAL,111.61,106.03,17.05,-1.53,-8.6,0.3,-15.9,-0.0,-1645,0.45,-0.275,0.079,1.00,,-1,1125,0,1000,0,-1.44,17.5,1.00,-0.210
189.50,FINAL,111.46,105.87,17.05,-1.53,-8.6,0.3,-15.9,-0.0,-1644,0.45,-0.275,0.079,1.00,,-1,1124,0,999,0,-1.44,17.5,1.00,-0.210
189.60,FINAL,111.30,105.71,17.05,-1.53,-8.6,0.3,-15.9,-0.0,-1642,0.45,-0.275,0.079,1.00,,-1,1122,0,997,0,-1.44,17.5,1.00,-0.210
189.70,FINAL,111.15,105.55,17.05,-1.54,-8.6,0.3,-15.9,-0.1,-1640,0.45,-0.276,0.079,1.00,,-1,1120,0,995,0,-1.45,17.5,1.00,-0.210
189.80,FINAL,110.99,105.39,17.05,-1.54,-8.6,0.3,-15.9,-0.1,-1639,0.45,-0.276,0.079,1.00,,-1,1119,0,994,0,-1.45,17.5,1.00,-0.210
189.90,FINAL,110.84,105.23,17.05,-1.54,-8.6,0.3,-15.9,-0.1,-1637,0.45,-0.276,0.079,1.00,,-1,1117,0,992,0,-1.45,17.5,1.00,-0.210
190.00,FINAL,110.69,105.08,17.05,-1.54,-8.6,0.3,-16.0,-0.1,-1635,0.45,-0.276,0.079,1.00,,-1,1115,0,990,0,-1.45,17.5,1.00,-0.210
190.10,FINAL,110.53,104.92,17.05,-1.54,-8.6,0.3,-16.0,-0.1,-1634,0.45,-0.276,0.079,1.00,,-1,1114,0,989,0,-1.45,17.5,1.00,-0.210
190.20,FINAL,110.38,104.77,17.05,-1.54,-8.6,0.3,-16.0,-0.1,-1632,0.45,-0.276,0.079,1.00,,-1,1112,0,987,0,-1.45,17.5,1.00,-0.210
190.30,FINAL,110.23,104.61,17.05,-1.54,-8.6,0.3,-16.0,-0.1,-1631,0.45,-0.277,0.079,1.00,,-1,1111,0,986,0,-1.46,17.5,1.00,-0.210
190.40,FINAL,110.07,104.46,17.05,-1.54,-8.7,0.3,-16.0,-0.1,-1629,0.45,-0.277,0.079,1.00,,-1,1109,0,984,0,-1.46,17.5,1.00,-0.210
190.50,FINAL,109.92,104.31,17.05,-1.55,-8.7,0.3,-16.0,-0.1,-1627,0.45,-0.277,0.079,1.00,,-1,1107,0,982,0,-1.46,17.5,1.00,-0.210
190.60,FINAL,109.76,104.16,17.05,-1.55,-8.7,0.3,-16.0,-0.1,-1626,0.45,-0.277,0.079,1.00,,-1,1106,0,981,0,-1.46,17.5,1.00,-0.210
190.70,FINAL,109.61,104.02,17.05,-1.55,-8.7,0.2,-16.0,-0.1,-1624,0.45,-0.277,0.079,1.00,,-1,1104,0,979,0,-1.46,17.5,1.00,-0.210
190.80,FINAL,109.45,103.87,17.05,-1.55,-8.7,0.2,-16.0,-0.1,-1623,0.45,-0.277,0.079,1.00,,-1,1103,0,978,0,-1.46,17.5,1.00,-0.210
190.90,FINAL,109.30,103.72,17.05,-1.55,-8.7,0.2,-16.0,-0.1,-1621,0.45,-0.277,0.079,1.00,,-1,1101,0,976,0,-1.46,17.5,1.00,-0.210
191.00,FINAL,109.14,103.58,17.05,-1.55,-8.7,0.2,-16.0,-0.1,-1619,0.45,-0.278,0.079,1.00,,-1,1099,0,974,0,-1.46,17.5,1.00,-0.210
191.10,FINAL,108.99,103.44,17.06,-1.56,-8.7,0.2,-16.0,-0.1,-1618,0.45,-0.278,0.079,1.00,,-1,1098,0,973,0,-1.47,17.5,1.00,-0.210
191.20,FINAL,108.83,103.30,17.06,-1.56,-8.7,0.2,-16.0,-0.1,-1616,0.45,-0.278,0.079,1.00,,-1,1096,0,971,0,-1.47,17.5,1.00,-0.210
191.30,FINAL,108.68,103.16,17.06,-1.56,-8.7,0.2,-16.0,-0.1,-1614,0.45,-0.278,0.079,1.00,,-1,1094,0,969,0,-1.47,17.5,1.00,-0.210
191.40,FINAL,108.52,103.02,17.06,-1.56,-8.7,0.2,-16.0,-0.1,-1613,0.45,-0.278,0.078,1.00,,-1,1093,0,968,0,-1.47,17.5,1.00,-0.210
191.50,FINAL,108.36,102.88,17.06,-1.56,-8.7,0.2,-16.0,-0.1,-1611,0.45,-0.278,0.079,1.00,,-1,1091,0,966,0,-1.47,17.5,1.00,-0.210
191.60,FINAL,108.21,102.74,17.06,-1.56,-8.7,0.2,-16.0,-0.1,-1610,0.45,-0.279,0.078,1.00,,-1,1090,0,965,0,-1.47,17.5,1.00,-0.210
191.70,FINAL,108.05,102.60,17.06,-1.57,-8.8,0.2,-16.0,-0.1,-1608,0.45,-0.279,0.078,1.00,,-1,1088,0,963,0,-1.47,17.5,1.00,-0.210
191.80,FINAL,107.89,102.47,17.06,-1.57,-8.8,0.2,-16.0,-0.1,-1606,0.45,-0.279,0.078,1.00,,-1,1086,0,961,0,-1.47,17.5,1.00,-0.210
191.90,FINAL,107.74,102.33,17.07,-1.57,-8.8,0.2,-16.0,-0.1,-1605,0.45,-0.279,0.078,1.00,,-1,1085,0,960,0,-1.48,17.5,1.00,-0.210
192.00,FINAL,107.58,102.20,17.07,-1.57,-8.8,0.2,-16.0,-0.1,-1603,0.45,-0.279,0.078,1.00,,-1,1083,0,958,0,-1.48,17.5,1.00,-0.210
192.10,FINAL,107.42,102.07,17.07,-1.57,-8.8,0.2,-16.0,-0.1,-1602,0.45,-0.279,0.078,1.00,,-1,1082,0,957,0,-1.48,17.5,1.00,-0.210
192.20,FINAL,107.27,101.93,17.07,-1.58,-8.8,0.2,-16.1,-0.1,-1600,0.45,-0.279,0.078,1.00,,-1,1080,0,955,0,-1.48,17.5,1.00,-0.210
192.30,FINAL,107.11,101.80,17.07,-1.58,-8.8,0.2,-16.1,-0.1,-1598,0.45,-0.280,0.078,1.00,,-1,1078,0,953,0,-1.48,17.5,1.00,-0.210
192.40,FINAL,106.95,101.67,17.07,-1.58,-8.8,0.2,-16.1,-0.1,-1597,0.45,-0.280,0.078,1.00,,-1,1077,0,952,0,-1.48,17.5,1.00,-0.210
192.50,FINAL,106.79,101.53,17.08,-1.58,-8.8,0.2,-16.1,-0.1,-1595,0.45,-0.280,0.078,1.00,,-1,1075,0,950,0,-1.48,17.5,1.00,-0.210
192.60,FINAL,106.63,101.40,17.08,-1.58,-8.8,0.1,-16.1,-0.1,-1593,0.45,-0.280,0.078,1.00,,-1,1073,0,948,0,-1.48,17.5,1.00,-0.210
192.70,FINAL,106.48,101.27,17.08,-1.58,-8.8,0.1,-16.1,-0.1,-1592,0.45,-0.280,0.078,1.00,,-1,1072,0,947,0,-1.48,17.5,1.00,-0.210
192.80,FINAL,106.32,101.13,17.08,-1.59,-8.8,0.1,-16.1,-0.1,-1590,0.45,-0.280,0.078,1.00,,-1,1070,0,945,0,-1.48,17.5,1.00,-0.210
192.90,FINAL,106.16,101.00,17.08,-1.59,-8.9,0.1,-16.1,-0.1,-1589,0.45,-0.280,0.078,1.00,,-1,1069,0,944,0,-1.48,17.5,1.00,-0.210
193.00,FINAL,106.00,100.86,17.09,-1.59,-8.9,0.1,-16.1,-0.1,-1587,0.45,-0.281,0.078,1.00,,-1,1067,0,942,0,-1.49,17.5,1.00,-0.210
193.10,FINAL,105.84,100.73,17.09,-1.59,-8.9,0.1,-16.1,-0.1,-1585,0.45,-0.281,0.078,1.00,,-1,1065,0,940,0,-1.49,17.5,1.00,-0.210
193.20,FINAL,105.68,100.59,17.09,-1.59,-8.9,0.1,-16.1,-0.1,-1584,0.45,-0.281,0.078,1.00,,-1,1064,0,939,0,-1.49,17.5,1.00,-0.210
193.30,FINAL,105.52,100.46,17.09,-1.60,-8.9,0.1,-16.0,-0.1,-1582,0.45,-0.281,0.078,1.00,,-1,1062,0,937,0,-1.49,17.5,1.00,-0.210
193.40,FINAL,105.36,100.32,17.10,-1.60,-8.9,0.1,-16.0,-0.1,-1581,0.45,-0.281,0.078,1.00,,-1,1061,0,936,0,-1.49,17.5,1.00,-0.210
193.50,FINAL,105.20,100.18,17.10,-1.60,-8.9,0.1,-16.0,-0.1,-1579,0.45,-0.281,0.078,1.00,,-1,1059,0,934,0,-1.49,17.5,1.00,-0.210
193.60,FINAL,105.04,100.05,17.10,-1.60,-8.9,0.1,-16.0,-0.1,-1577,0.45,-0.282,0.078,1.00,,-1,1057,0,932,0,-1.49,17.5,1.00,-0.210
193.70,FINAL,104.88,99.91,17.10,-1.60,-8.9,0.1,-16.0,-0.1,-1576,0.45,-0.282,0.078,1.00,,-1,1056,0,931,0,-1.49,17.5,1.00,-0.210
193.80,FINAL,104.72,99.77,17.10,-1.60,-8.9,0.1,-16.0,-0.1,-1574,0.45,-0.282,0.078,1.00,,-1,1054,0,929,0,-1.49,17.5,1.00,-0.210
193.90,FINAL,104.56,99.63,17.11,-1.60,-8.9,0.1,-16.0,-0.1,-1572,0.45,-0.282,0.078,1.00,,-1,1052,0,927,0,-1.49,17.5,1.00,-0.210
194.00,FINAL,104.40,99.49,17.11,-1.61,-8.9,0.1,-16.0,-0.1,-1571,0.45,-0.282,0.078,1.00,,-1,1051,0,926,0,-1.49,17.5,1.00,-0.210
194.10,FINAL,104.24,99.34,17.11,-1.61,-9.0,0.1,-16.0,-0.1,-1569,0.45,-0.282,0.078,1.00,,-1,1049,0,924,0,-1.49,17.5,1.00,-0.210
194.20,FINAL,104.08,99.20,17.11,-1.61,-9.0,0.1,-16.0,-0.1,-1568,0.45,-0.282,0.078,1.00,,-1,1048,0,923,0,-1.49,17.5,1.00,-0.210
194.30,FINAL,103.92,99.06,17.12,-1.61,-9.0,0.1,-16.0,-0.1,-1566,0.45,-0.282,0.078,1.00,,-1,1046,0,921,0,-1.49,17.5,1.00,-0.210
194.40,FINAL,103.76,98.91,17.12,-1.61,-9.0,0.1,-16.0,-0.1,-1564,0.45,-0.282,0.078,1.00,,-1,1044,0,919,0,-1.49,17.5,1.00,-0.210
194.50,FINAL,103.60,98.77,17.12,-1.61,-9.0,0.1,-16.0,-0.1,-1563,0.45,-0.283,0.078,1.00,,-1,1043,0,918,0,-1.49,17.5,1.00,-0.210
194.60,FINAL,103.43,98.62,17.12,-1.62,-9.0,0.1,-16.0,-0.1,-1561,0.45,-0.283,0.078,1.00,,-1,1041,0,916,0,-1.49,17.5,1.00,-0.210
194.70,FINAL,103.27,98.47,17.13,-1.62,-9.0,0.1,-16.0,-0.1,-1559,0.45,-0.283,0.078,1.00,,-1,1039,0,914,0,-1.50,17.5,1.00,-0.210
194.80,FINAL,103.11,98.32,17.13,-1.62,-9.0,0.1,-16.0,-0.1,-1558,0.45,-0.283,0.078,1.00,,-1,1038,0,913,0,-1.50,17.5,1.00,-0.210
194.90,FINAL,102.95,98.17,17.13,-1.62,-9.0,0.1,-16.0,-0.1,-1556,0.45,-0.283,0.078,1.00,,-1,1036,0,911,0,-1.50,17.5,1.00,-0.210
195.00,FINAL,102.79,98.02,17.14,-1.62,-9.0,0.1,-16.0,-0.0,-1555,0.45,-0.283,0.078,1.00,,-1,1035,0,910,0,-1.50,17.5,1.00,-0.210
195.10,FINAL,102.62,97.86,17.14,-1.62,-9.0,0.1,-16.0,-0.0,-1553,0.45,-0.283,0.078,1.00,,-1,1033,0,908,0,-1.50,17.5,1.00,-0.210
195.20,FINAL,102.46,97.71,17.14,-1.63,-9.1,0.1,-16.0,-0.0,-1551,0.45,-0.283,0.078,1.00,,-1,1031,0,906,0,-1.50,17.5,1.00,-0.210
195.30,FINAL,102.30,97.55,17.14,-1.63,-9.1,0.1,-16.0,-0.0,-1550,0.45,-0.283,0.078,1.00,,-1,1030,0,905,0,-1.50,17.5,1.00,-0.210
195.40,FINAL,102.14,97.39,17.15,-1.63,-9.1,0.1,-16.0,-0.0,-1548,0.45,-0.283,0.078,1.00,,-1,1028,0,903,0,-1.50,17.5,1.00,-0.210
195.50,FINAL,101.97,97.23,17.15,-1.63,-9.1,0.1,-15.9,-0.0,-1546,0.45,-0.284,0.078,1.00,,-1,1026,0,901,0,-1.50,17.5,1.00,-0.210
195.60,FINAL,101.81,97.08,17.15,-1.63,-9.1,0.1,-15.9,-0.0,-1545,0.45,-0.284,0.078,1.00,,-1,1025,0,900,0,-1.50,17.5,1.00,-0.210
195.70,FINAL,101.65,96.92,17.16,-1.64,-9.1,0.1,-15.9,-0.0,-1543,0.45,-0.284,0.077,1.00,,-1,1023,0,898,0,-1.50,17.5,1.00,-0.210
195.80,FINAL,101.48,96.77,17.16,-1.64,-9.1,0.1,-15.9,-0.0,-1542,0.45,-0.284,0.077,1.00,,-1,1022,0,897,0,-1.50,17.5,1.00,-0.210
195.90,FINAL,101.32,96.61,17.16,-1.64,-9.1,0.1,-15.9,-0.0,-1540,0.45,-0.284,0.077,1.00,,-1,1020,0,895,0,-1.50,17.5,1.00,-0.210
196.00,FINAL,101.16,96.46,17.17,-1.64,-9.1,0.1,-15.9,-0.0,-1538,0.45,-0.284,0.077,1.00,,-1,1018,0,893,0,-1.50,17.5,1.00,-0.210
196.10,FINAL,100.99,96.30,17.17,-1.64,-9.1,0.1,-15.9,-0.0,-1537,0.45,-0.284,0.077,1.00,,-1,1017,0,892,0,-1.50,17.5,1.00,-0.210
196.20,FINAL,100.83,96.15,17.17,-1.64,-9.2,0.1,-15.9,-0.0,-1535,0.45,-0.284,0.077,1.00,,-1,1015,0,890,0,-1.50,17.5,1.00,-0.210
196.30,FINAL,100.66,95.99,17.18,-1.65,-9.2,0.1,-15.9,-0.0,-1533,0.45,-0.284,0.077,1.00,,-1,1013,0,888,0,-1.50,17.5,1.00,-0.210
196.40,FINAL,100.50,95.84,17.18,-1.65,-9.2,0.0,-15.9,-0.0,-1532,0.45,-0.284,0.077,1.00,,-1,1012,0,887,0,-1.50,17.5,1.00,-0.210
196.50,FINAL,100.33,95.68,17.18,-1.65,-9.2,0.0,-15.9,-0.0,-1530,0.45,-0.284,0.077,1.00,,-1,1010,0,885,0,-1.50,17.5,1.00,-0.210
196.60,FINAL,100.17,95.53,17.19,-1.65,-9.2,0.0,-15.9,-0.0,-1529,0.45,-0.285,0.077,1.00,,-1,1009,0,884,0,-1.50,17.5,1.00,-0.210
196.70,FINAL,100.00,95.37,17.19,-1.65,-9.2,0.0,-15.9,-0.0,-1527,0.44,-0.285,0.077,1.00,,-1,1007,0,882,0,-1.50,17.5,1.00,-0.210
196.80,FINAL,99.84,95.22,17.19,-1.65,-9.2,0.0,-15.9,-0.0,-1525,0.44,-0.285,0.077,1.00,,-1,1005,0,880,0,-1.50,17.5,1.00,-0.210
196.90,FINAL,99.67,95.06,17.20,-1.66,-9.2,0.0,-15.8,-0.0,-1524,0.44,-0.285,0.077,1.00,,-1,1004,0,879,0,-1.50,17.5,1.00,-0.210
197.00,FINAL,99.51,94.91,17.20,-1.66,-9.2,0.0,-15.8,-0.0,-1522,0.44,-0.285,0.077,1.00,,-1,1002,0,877,0,-1.50,17.5,1.00,-0.210
197.10,FINAL,99.34,94.75,17.20,-1.66,-9.2,0.0,-15.8,-0.0,-1520,0.44,-0.285,0.077,1.00,,-1,1000,0,875,0,-1.50,17.5,1.00,-0.210
197.20,FINAL,99.18,94.59,17.21,-1.66,-9.3,0.0,-15.8,-0.0,-1519,0.44,-0.285,0.077,1.00,,-1,999,0,874,0,-1.50,17.5,1.00,-0.210
197.30,FINAL,99.01,94.44,17.21,-1.66,-9.3,0.0,-15.8,-0.0,-1517,0.44,-0.285,0.077,1.00,,-1,997,0,872,0,-1.50,17.5,1.00,-0.210
197.40,FINAL,98.84,94.28,17.22,-1.66,-9.3,0.0,-15.8,-0.0,-1516,0.44,-0.285,0.077,1.00,,-1,996,0,871,0,-1.50,17.5,1.00,-0.210
197.50,FINAL,98.68,94.12,17.22,-1.67,-9.3,0.0,-15.8,-0.0,-1514,0.44,-0.285,0.077,1.00,,-1,994,0,869,0,-1.50,17.5,1.00,-0.210
197.60,FINAL,98.51,93.96,17.22,-1.67,-9.3,0.0,-15.8,-0.0,-1512,0.44,-0.286,0.077,1.00,,-1,992,0,867,0,-1.50,17.5,1.00,-0.210
197.70,FINAL,98.34,93.80,17.23,-1.67,-9.3,0.0,-15.8,-0.0,-1511,0.44,-0.286,0.077,1.00,,-1,991,0,866,0,-1.50,17.5,1.00,-0.210
197.80,FINAL,98.18,93.64,17.23,-1.67,-9.3,0.0,-15.8,-0.0,-1509,0.44,-0.286,0.077,1.00,,-1,989,0,864,0,-1.50,17.5,1.00,-0.210
197.90,FINAL,98.01,93.48,17.23,-1.67,-9.3,0.0,-15.8,0.0,-1507,0.44,-0.286,0.077,1.00,,-1,987,0,862,-0,-1.50,17.5,1.00,-0.210
198.00,FINAL,97.84,93.32,17.24,-1.67,-9.3,0.0,-15.8,0.0,-1506,0.44,-0.286,0.077,1.00,,-1,986,0,861,-0,-1.50,17.5,1.00,-0.210
198.10,FINAL,97.68,93.16,17.24,-1.67,-9.3,0.0,-15.8,0.0,-1504,0.44,-0.286,0.077,1.00,,-1,984,0,859,-0,-1.50,17.5,1.00,-0.210
198.20,FINAL,97.51,93.00,17.24,-1.68,-9.3,0.0,-15.8,0.0,-1502,0.44,-0.286,0.077,1.00,,-1,982,0,857,-0,-1.50,17.5,1.00,-0.210
198.30,FINAL,97.34,92.83,17.25,-1.68,-9.4,0.0,-15.7,0.0,-1501,0.44,-0.286,0.077,1.00,,-1,981,0,856,-0,-1.50,17.5,1.00,-0.210
198.40,FINAL,97.17,92.67,17.25,-1.68,-9.4,0.0,-15.7,0.0,-1499,0.44,-0.286,0.077,1.00,,-1,979,0,854,-0,-1.49,17.5,1.00,-0.210
198.50,FINAL,97.00,92.50,17.26,-1.68,-9.4,0.0,-15.7,0.0,-1498,0.44,-0.287,0.077,1.00,,-1,978,0,853,-0,-1.49,17.5,1.00,-0.210
198.60,FINAL,96.84,92.34,17.26,-1.68,-9.4,0.0,-15.7,0.0,-1496,0.44,-0.287,0.077,1.00,,-1,976,0,851,-0,-1.49,17.5,1.00,-0.210
198.70,FINAL,96.67,92.17,17.26,-1.68,-9.4,0.0,-15.7,0.0,-1494,0.44,-0.287,0.077,1.00,,-1,974,0,849,-0,-1.49,17.5,1.00,-0.210
198.80,FINAL,96.50,92.00,17.27,-1.68,-9.4,0.0,-15.7,0.0,-1493,0.44,-0.287,0.077,1.00,,-1,973,0,848,-0,-1.49,17.5,1.00,-0.210
198.90,FINAL,96.33,91.83,17.27,-1.68,-9.4,0.0,-15.7,0.0,-1491,0.44,-0.287,0.077,1.00,,-1,971,0,846,-0,-1.49,17.5,1.00,-0.210
199.00,FINAL,96.16,91.66,17.27,-1.68,-9.4,0.0,-15.7,0.0,-1489,0.44,-0.287,0.077,1.00,,-1,969,0,844,-0,-1.49,17.5,1.00,-0.210
199.10,FINAL,96.00,91.49,17.28,-1.69,-9.4,0.0,-15.7,0.0,-1488,0.44,-0.287,0.077,1.00,,-1,968,0,843,-0,-1.49,17.5,1.00,-0.210
199.20,FINAL,95.83,91.32,17.28,-1.69,-9.4,0.0,-15.7,0.0,-1486,0.44,-0.287,0.077,1.00,,-1,966,0,841,-0,-1.49,17.5,1.00,-0.210
199.30,FINAL,95.66,91.14,17.29,-1.69,-9.4,0.0,-15.7,0.0,-1484,0.44,-0.287,0.077,1.00,,-1,964,0,839,-0,-1.49,17.5,1.00,-0.210
199.40,FINAL,95.49,90.97,17.29,-1.69,-9.4,0.0,-15.7,0.0,-1483,0.44,-0.287,0.077,1.00,,-1,963,0,838,-0,-1.49,17.5,1.00,-0.210
199.50,FINAL,95.32,90.80,17.29,-1.69,-9.5,0.0,-15.7,0.0,-1481,0.44,-0.288,0.077,1.00,,-1,961,0,836,-0,-1.49,17.5,1.00,-0.210
199.60,FINAL,95.15,90.62,17.30,-1.69,-9.5,0.0,-15.6,0.0,-1480,0.44,-0.288,0.077,1.00,,-1,960,0,835,-0,-1.49,17.5,1.00,-0.210
199.70,FINAL,94.98,90.45,17.30,-1.69,-9.5,0.0,-15.6,0.0,-1478,0.44,-0.288,0.077,1.00,,-1,958,0,833,-0,-1.49,17.5,1.00,-0.210
199.80,FINAL,94.81,90.27,17.30,-1.69,-9.5,0.0,-15.6,0.0,-1476,0.44,-0.288,0.077,1.00,,-1,956,0,831,-0,-1.49,17.5,1.00,-0.210
199.90,FINAL,94.64,90.10,17.31,-1.69,-9.5,0.0,-15.6,0.0,-1475,0.44,-0.288,0.076,1.00,,-1,955,0,830,-0,-1.49,17.5,1.00,-0.210
200.00,FINAL,94.47,89.93,17.31,-1.69,-9.5,0.0,-15.6,0.0,-1473,0.44,-0.288,0.076,1.00,,-1,953,0,828,-0,-1.49,17.5,1.00,-0.210
200.10,FINAL,94.30,89.75,17.31,-1.70,-9.5,0.0,-15.6,0.0,-1471,0.44,-0.288,0.076,1.00,,-1,951,0,826,-0,-1.49,17.5,1.00,-0.210
200.20,FINAL,94.14,89.58,17.32,-1.70,-9.5,0.0,-15.6,0.0,-1470,0.44,-0.288,0.076,1.00,,-1,950,0,825,-0,-1.49,17.5,1.00,-0.210
200.30,FINAL,93.97,89.41,17.32,-1.70,-9.5,0.0,-15.6,0.0,-1468,0.44,-0.288,0.076,1.00,,-1,948,0,823,-0,-1.48,17.5,1.00,-0.210
200.40,FINAL,93.80,89.23,17.33,-1.70,-9.5,0.0,-15.6,0.0,-1466,0.44,-0.289,0.076,1.00,,-1,946,0,821,-0,-1.48,17.5,1.00,-0.210
200.50,FINAL,93.63,89.06,17.33,-1.70,-9.5,0.0,-15.6,0.0,-1465,0.44,-0.289,0.076,1.00,,-1,945,0,820,-0,-1.48,17.5,1.00,-0.210
200.60,FINAL,93.46,88.89,17.33,-1.70,-9.5,0.0,-15.6,0.0,-1463,0.44,-0.289,0.076,1.00,,-1,943,0,818,-0,-1.48,17.5,1.00,-0.210
200.70,FINAL,93.29,88.72,17.34,-1.70,-9.5,0.0,-15.6,0.0,-1461,0.44,-0.289,0.076,1.00,,-1,941,0,816,-0,-1.48,17.5,1.00,-0.210
200.80,FINAL,93.12,88.55,17.34,-1.70,-9.6,0.0,-15.6,0.0,-1460,0.44,-0.289,0.076,1.00,,-1,940,0,815,-0,-1.48,17.5,1.00,-0.210
200.90,FINAL,92.95,88.38,17.34,-1.70,-9.6,0.0,-15.5,0.0,-1458,0.44,-0.289,0.076,1.00,,-1,938,0,813,-0,-1.48,17.5,1.00,-0.210
201.00,FINAL,92.78,88.20,17.35,-1.70,-9.6,0.0,-15.5,0.0,-1457,0.44,-0.289,0.076,1.00,,-1,937,0,812,-0,-1.48,17.5,1.00,-0.210
201.10,FINAL,92.60,88.03,17.35,-1.70,-9.6,0.0,-15.5,0.0,-1455,0.44,-0.289,0.076,1.00,,-1,935,0,810,-0,-1.48,17.5,1.00,-0.210
201.20,FINAL,92.43,87.86,17.36,-1.71,-9.6,0.0,-15.5,0.0,-1453,0.44,-0.289,0.076,1.00,,-1,933,0,808,-0,-1.48,17.5,1.00,-0.210
201.30,FINAL,92.26,87.69,17.36,-1.71,-9.6,0.0,-15.5,0.0,-1452,0.44,-0.289,0.076,1.00,,-1,932,0,807,-0,-1.48,17.5,1.00,-0.210
201.40,FINAL,92.09,87.52,17.36,-1.71,-9.6,0.0,-15.5,0.0,-1450,0.44,-0.290,0.076,1.00,,-1,930,0,805,-0,-1.48,17.5,1.00,-0.210
201.50,FINAL,91.92,87.35,17.37,-1.71,-9.6,0.0,-15.5,0.0,-1448,0.44,-0.290,0.076,1.00,,-1,928,0,803,-0,-1.48,17.5,1.00,-0.210
201.60,FINAL,91.75,87.18,17.37,-1.71,-9.6,0.0,-15.5,0.0,-1447,0.44,-0.290,0.076,1.00,,-1,927,0,802,-0,-1.48,17.5,1.00,-0.210
201.70,FINAL,91.58,87.01,17.37,-1.71,-9.6,0.0,-15.5,0.0,-1445,0.44,-0.290,0.076,1.00,,-1,925,0,800,-0,-1.47,17.5,1.00,-0.210
201.80,FINAL,91.41,86.84,17.38,-1.71,-9.6,0.0,-15.5,0.0,-1443,0.44,-0.290,0.076,1.00,,-1,923,0,798,-0,-1.47,17.5,1.00,-0.210
201.90,FINAL,91.24,86.67,17.38,-1.71,-9.6,0.0,-15.5,0.0,-1442,0.44,-0.290,0.076,1.00,,-1,922,0,797,-0,-1.47,17.5,1.00,-0.209
202.00,FINAL,91.07,86.50,17.38,-1.71,-9.6,0.0,-15.5,0.0,-1440,0.44,-0.289,0.076,1.00,,-1,920,0,795,-0,-1.47,17.5,1.00,-0.209
202.10,FINAL,90.90,86.34,17.39,-1.71,-9.6,0.0,-15.5,0.0,-1438,0.44,-0.289,0.076,1.00,,-1,918,0,793,-0,-1.47,17.5,1.00,-0.209
202.20,FINAL,90.73,86.17,17.39,-1.71,-9.6,0.0,-15.4,0.0,-1437,0.44,-0.289,0.076,1.00,,-1,917,0,792,-0,-1.47,17.5,1.00,-0.208
202.30,FINAL,90.55,86.00,17.40,-1.71,-9.6,0.0,-15.4,0.0,-1435,0.44,-0.289,0.076,1.00,,-1,915,0,790,-0,-1.47,17.5,1.00,-0.208
202.40,FINAL,90.38,85.83,17.40,-1.71,-9.6,0.0,-15.4,0.0,-1433,0.44,-0.289,0.076,1.00,,-1,913,0,788,-0,-1.47,17.5,1.00,-0.207
202.50,FINAL,90.21,85.66,17.40,-1.71,-9.6,0.0,-15.4,0.0,-1432,0.44,-0.289,0.076,1.00,,-1,912,0,787,-0,-1.47,17.5,1.00,-0.207
202.60,FINAL,90.04,85.49,17.41,-1.71,-9.6,0.0,-15.4,0.0,-1430,0.44,-0.289,0.076,1.00,,-1,910,0,785,-0,-1.47,17.5,1.00,-0.207
202.70,FINAL,89.87,85.33,17.41,-1.71,-9.6,0.0,-15.4,0.0,-1428,0.44,-0.289,0.076,1.00,,-1,908,0,783,-0,-1.47,17.5,1.00,-0.206
202.80,FINAL,89.70,85.16,17.41,-1.71,-9.6,0.0,-15.4,0.0,-1427,0.44,-0.289,0.076,1.00,,-1,907,0,782,-0,-1.47,17.5,1.00,-0.206
202.90,FINAL,89.53,84.99,17.41,-1.71,-9.6,0.0,-15.4,0.0,-1425,0.44,-0.289,0.076,1.00,,-1,905,0,780,-0,-1.47,17.5,1.00,-0.206
203.00,FINAL,89.36,84.83,17.42,-1.71,-9.6,0.0,-15.4,0.0,-1424,0.44,-0.289,0.076,1.00,,-1,904,0,779,-0,-1.46,17.5,1.00,-0.205
203.10,FINAL,89.19,84.66,17.42,-1.70,-9.6,0.0,-15.4,0.0,-1422,0.44,-0.290,0.076,1.00,,-1,902,0,777,-0,-1.46,17.5,1.00,-0.205
203.20,FINAL,89.02,84.50,17.42,-1.70,-9.6,0.0,-15.4,0.0,-1420,0.44,-0.290,0.076,1.00,,-1,900,0,775,-0,-1.46,17.5,1.00,-0.205
203.30,FINAL,88.85,84.33,17.42,-1.70,-9.6,0.1,-15.4,0.0,-1419,0.44,-0.290,0.076,1.00,,-1,899,0,774,-0,-1.46,17.5,1.00,-0.205
203.40,FINAL,88.68,84.17,17.43,-1.70,-9.6,0.1,-15.4,0.0,-1417,0.44,-0.290,0.075,1.00,,-1,897,0,772,-0,-1.46,17.5,1.00,-0.204
203.50,FINAL,88.51,84.00,17.43,-1.70,-9.6,0.1,-15.3,0.0,-1415,0.44,-0.290,0.075,1.00,,-1,895,0,770,-0,-1.46,17.5,1.00,-0.204
203.60,FINAL,88.34,83.84,17.43,-1.69,-9.6,0.1,-15.3,0.0,-1414,0.44,-0.290,0.075,1.00,,-1,894,0,769,-0,-1.46,17.5,1.00,-0.204
203.70,FINAL,88.17,83.68,17.43,-1.69,-9.6,0.1,-15.3,0.0,-1412,0.44,-0.290,0.075,1.00,,-1,892,0,767,-0,-1.46,17.5,1.00,-0.204
203.80,FINAL,88.00,83.51,17.43,-1.69,-9.6,0.1,-15.3,0.0,-1410,0.44,-0.290,0.075,1.00,,-1,890,0,765,-0,-1.46,17.5,1.00,-0.204
203.90,FINAL,87.83,83.35,17.44,-1.69,-9.6,0.1,-15.3,0.0,-1409,0.44,-0.290,0.075,1.00,,-1,889,0,764,-0,-1.46,17.5,1.00,-0.203
204.00,FINAL,87.66,83.19,17.44,-1.69,-9.6,0.1,-15.3,0.0,-1407,0.44,-0.290,0.075,1.00,,-1,887,0,762,-0,-1.46,17.5,1.00,-0.203
204.10,FINAL,87.49,83.02,17.44,-1.68,-9.6,0.1,-15.3,0.0,-1405,0.44,-0.290,0.075,1.00,,-1,885,0,760,-0,-1.46,17.5,1.00,-0.203
204.20,FINAL,87.32,82.86,17.44,-1.68,-9.6,0.1,-15.3,0.0,-1404,0.44,-0.291,0.075,1.00,,-1,884,0,759,-0,-1.46,17.5,1.00,-0.203
204.30,FINAL,87.15,82.70,17.44,-1.68,-9.6,0.1,-15.3,0.0,-1402,0.44,-0.291,0.075,1.00,,-1,882,0,757,-0,-1.46,17.5,1.00,-0.203
204.40,FINAL,86.99,82.53,17.44,-1.68,-9.6,0.1,-15.3,0.0,-1400,0.44,-0.291,0.075,1.00,,-1,880,0,755,-0,-1.46,17.5,1.00,-0.203
204.50,FINAL,86.82,82.37,17.44,-1.68,-9.6,0.1,-15.3,0.0,-1399,0.44,-0.291,0.075,1.00,,-1,879,0,754,-0,-1.46,17.5,1.00,-0.203
204.60,FINAL,86.65,82.21,17.44,-1.67,-9.6,0.1,-15.3,0.0,-1397,0.44,-0.291,0.075,1.00,,-1,877,0,752,-0,-1.46,17.5,1.00,-0.203
204.70,FINAL,86.48,82.04,17.44,-1.67,-9.6,0.1,-15.3,0.0,-1395,0.44,-0.291,0.075,1.00,,-1,875,0,750,-0,-1.46,17.5,1.00,-0.203
204.80,FINAL,86.32,81.88,17.45,-1.67,-9.6,0.1,-15.2,0.0,-1394,0.44,-0.291,0.075,1.00,,-1,874,0,749,-0,-1.46,17.5,1.00,-0.202
204.90,FINAL,86.15,81.72,17.45,-1.67,-9.6,0.1,-15.2,0.0,-1392,0.44,-0.291,0.075,1.00,,-1,872,0,747,-0,-1.46,17.5,1.00,-0.202
205.00,FINAL,85.98,81.56,17.45,-1.67,-9.5,0.1,-15.2,0.0,-1390,0.44,-0.291,0.075,1.00,,-1,870,0,745,-0,-1.46,17.5,1.00,-0.202
205.10,FINAL,85.82,81.39,17.45,-1.67,-9.5,0.1,-15.2,0.0,-1389,0.44,-0.292,0.075,1.00,,-1,869,0,744,-0,-1.46,17.5,1.00,-0.202
205.20,FINAL,85.65,81.23,17.45,-1.66,-9.5,0.1,-15.2,0.0,-1387,0.44,-0.292,0.075,1.00,,-1,867,0,742,-0,-1.46,17.5,1.00,-0.202
205.30,FINAL,85.48,81.07,17.45,-1.66,-9.5,0.1,-15.2,0.0,-1385,0.44,-0.292,0.075,1.00,,-1,865,0,740,-0,-1.46,17.5,1.00,-0.202
205.40,FINAL,85.32,80.91,17.45,-1.66,-9.5,0.1,-15.2,0.0,-1384,0.44,-0.292,0.075,1.00,,-1,864,0,739,-0,-1.46,17.5,1.00,-0.202
205.50,FINAL,85.15,80.75,17.45,-1.66,-9.5,0.1,-15.2,0.0,-1382,0.44,-0.292,0.075,1.00,,-1,862,0,737,-0,-1.46,17.5,1.00,-0.202
205.60,FINAL,84.99,80.59,17.45,-1.66,-9.5,0.1,-15.2,0.0,-1380,0.44,-0.292,0.075,1.00,,-1,860,0,735,-0,-1.46,17.5,1.00,-0.202
205.70,FINAL,84.82,80.44,17.45,-1.66,-9.5,0.1,-15.2,0.0,-1379,0.44,-0.292,0.075,1.00,,-1,859,0,734,-0,-1.46,17.5,1.00,-0.202
205.80,FINAL,84.65,80.28,17.45,-1.66,-9.5,0.1,-15.2,0.0,-1377,0.44,-0.292,0.075,1.00,,-1,857,0,732,-0,-1.46,17.5,1.00,-0.202
205.90,FINAL,84.49,80.12,17.45,-1.66,-9.5,0.1,-15.2,0.0,-1375,0.44,-0.292,0.075,1.00,,-1,855,0,730,-0,-1.46,17.5,1.00,-0.202
206.00,FINAL,84.32,79.96,17.45,-1.66,-9.5,0.1,-15.2,0.0,-1374,0.44,-0.292,0.075,1.00,,-1,854,0,729,-0,-1.46,17.5,1.00,-0.201
206.10,FINAL,84.16,79.81,17.45,-1.65,-9.5,0.1,-15.2,0.0,-1372,0.44,-0.292,0.075,1.00,,-1,852,0,727,-0,-1.46,17.5,1.00,-0.201
206.20,FINAL,83.99,79.65,17.45,-1.65,-9.5,0.1,-15.1,0.0,-1370,0.44,-0.292,0.075,1.00,,-1,850,0,725,-0,-1.46,17.5,1.00,-0.201
206.30,FINAL,83.83,79.50,17.45,-1.65,-9.5,0.1,-15.1,0.0,-1369,0.44,-0.292,0.075,1.00,,-1,849,0,724,-0,-1.46,17.5,1.00,-0.201
206.40,FINAL,83.66,79.35,17.45,-1.65,-9.5,0.1,-15.1,0.0,-1367,0.44,-0.293,0.075,1.00,,-1,847,0,722,-0,-1.46,17.5,1.00,-0.201
206.50,FINAL,83.50,79.19,17.46,-1.65,-9.5,0.1,-15.1,0.0,-1365,0.44,-0.293,0.075,1.00,,-1,845,0,720,-0,-1.46,17.5,1.00,-0.201
206.60,FINAL,83.33,79.04,17.46,-1.65,-9.5,0.1,-15.1,0.0,-1364,0.44,-0.293,0.075,1.00,,-1,844,0,719,-0,-1.46,17.5,1.00,-0.201
206.70,FINAL,83.17,78.89,17.46,-1.65,-9.5,0.1,-15.1,0.0,-1362,0.44,-0.293,0.075,1.00,,-1,842,0,717,-0,-1.46,17.5,1.00,-0.201
206.80,FINAL,83.00,78.74,17.46,-1.65,-9.5,0.1,-15.1,0.0,-1360,0.44,-0.293,0.075,1.00,,-1,840,0,715,-0,-1.46,17.5,1.00,-0.201
206.90,FINAL,82.84,78.59,17.46,-1.65,-9.5,0.1,-15.1,0.0,-1359,0.44,-0.293,0.075,1.00,,-1,839,0,714,-0,-1.46,17.5,1.00,-0.201
207.00,FINAL,82.67,78.44,17.46,-1.65,-9.5,0.1,-15.1,0.0,-1357,0.44,-0.293,0.075,1.00,,-1,837,0,712,-0,-1.46,17.5,1.00,-0.200
207.10,FINAL,82.51,78.29,17.46,-1.65,-9.5,0.1,-15.1,0.0,-1355,0.44,-0.293,0.075,1.00,,-1,835,0,710,-0,-1.46,17.5,1.00,-0.200
207.20,FINAL,82.34,78.15,17.46,-1.65,-9.5,0.1,-15.1,0.0,-1354,0.44,-0.293,0.075,1.00,,-1,834,0,709,-0,-1.46,17.5,1.00,-0.200
207.30,FINAL,82.18,78.00,17.46,-1.65,-9.5,0.1,-15.1,0.0,-1352,0.44,-0.293,0.075,1.00,,-1,832,0,707,-0,-1.46,17.5,1.00,-0.200
207.40,FINAL,82.01,77.86,17.46,-1.65,-9.5,0.1,-15.1,0.0,-1351,0.44,-0.293,0.075,1.00,,-1,831,0,706,-0,-1.46,17.5,1.00,-0.200
207.50,FINAL,81.85,77.71,17.46,-1.65,-9.5,0.1,-15.1,0.0,-1349,0.44,-0.293,0.075,1.00,,-1,829,0,704,-0,-1.46,17.5,1.00,-0.200
207.60,FINAL,81.68,77.57,17.46,-1.65,-9.5,0.1,-15.1,0.0,-1347,0.44,-0.293,0.075,1.00,,-1,827,0,702,-0,-1.46,17.5,1.00,-0.200
207.70,FINAL,81.52,77.43,17.46,-1.65,-9.5,0.1,-15.1,0.0,-1346,0.44,-0.293,0.075,1.00,,-1,826,0,701,-0,-1.46,17.5,1.00,-0.200
207.80,FINAL,81.35,77.29,17.46,-1.65,-9.5,0.1,-15.1,0.0,-1344,0.44,-0.293,0.075,1.00,,-1,824,0,699,-0,-1.46,17.5,1.00,-0.199
207.90,FINAL,81.19,77.15,17.46,-1.65,-9.5,0.1,-15.1,0.0,-1342,0.44,-0.293,0.075,1.00,,-1,822,0,697,-0,-1.46,17.5,1.00,-0.199
208.00,FINAL,81.02,77.01,17.46,-1.65,-9.5,0.1,-15.1,0.0,-1341,0.44,-0.293,0.075,1.00,,-1,821,0,696,-0,-1.46,17.5,1.00,-0.199
208.10,FINAL,80.86,76.87,17.46,-1.65,-9.5,0.1,-15.1,0.0,-1339,0.44,-0.293,0.075,1.00,,-1,819,0,694,-0,-1.46,17.5,1.00,-0.199
208.20,FINAL,80.69,76.73,17.46,-1.65,-9.5,0.1,-15.1,0.0,-1337,0.44,-0.293,0.075,1.00,,-1,817,0,692,-0,-1.47,17.5,1.00,-0.199
208.30,FINAL,80.53,76.59,17.47,-1.65,-9.5,0.1,-15.1,0.0,-1336,0.44,-0.293,0.075,1.00,,-1,816,0,691,-0,-1.47,17.5,1.00,-0.199
208.40,FINAL,80.36,76.45,17.47,-1.65,-9.5,0.1,-15.0,0.0,-1334,0.44,-0.293,0.075,1.00,,-1,814,0,689,-0,-1.47,17.5,1.00,-0.199
208.50,FINAL,80.20,76.31,17.47,-1.65,-9.5,0.1,-15.0,-0.0,-1332,0.44,-0.293,0.075,1.00,,-1,812,0,687,0,-1.47,17.5,1.00,-0.199
208.60,FINAL,80.03,76.17,17.47,-1.65,-9.6,0.1,-15.0,-0.0,-1331,0.44,-0.293,0.074,1.00,,-1,811,0,686,0,-1.47,17.5,1.00,-0.199
208.70,FINAL,79.87,76.03,17.47,-1.65,-9.6,0.1,-15.0,-0.0,-1329,0.44,-0.294,0.074,1.00,,-1,809,0,684,0,-1.47,17.5,1.00,-0.198
208.80,FINAL,79.70,75.89,17.47,-1.65,-9.6,0.1,-15.0,-0.0,-1327,0.44,-0.294,0.074,1.00,,-1,807,0,682,0,-1.47,17.5,1.00,-0.198
208.90,FINAL,79.54,75.75,17.47,-1.65,-9.6,0.1,-15.0,-0.0,-1326,0.44,-0.294,0.074,1.00,,-1,806,0,681,0,-1.47,17.5,1.00,-0.198
209.00,FINAL,79.37,75.62,17.47,-1.65,-9.6,0.1,-15.0,-0.0,-1324,0.44,-0.294,0.074,1.00,,-1,804,0,679,0,-1.47,17.5,1.00,-0.198
209.10,FINAL,79.21,75.48,17.47,-1.65,-9.6,0.1,-15.0,-0.0,-1322,0.44,-0.294,0.074,1.00,,-1,802,0,677,0,-1.47,17.5,1.00,-0.198
209.20,FINAL,79.04,75.34,17.47,-1.65,-9.6,0.1,-15.0,-0.0,-1321,0.44,-0.294,0.074,1.00,,-1,801,0,676,0,-1.47,17.5,1.00,-0.198
209.30,FINAL,78.88,75.20,17.47,-1.65,-9.6,0.1,-15.0,-0.0,-1319,0.44,-0.294,0.074,1.00,,-1,799,0,674,0,-1.47,17.5,1.00,-0.198
209.40,FINAL,78.72,75.06,17.47,-1.65,-9.6,0.1,-15.0,-0.0,-1317,0.44,-0.294,0.074,1.00,,-1,797,0,672,0,-1.47,17.5,1.00,-0.198
209.50,FINAL,78.55,74.93,17.47,-1.65,-9.6,0.1,-15.0,-0.0,-1316,0.44,-0.294,0.074,1.00,,-1,796,0,671,0,-1.47,17.5,1.00,-0.197
209.60,FINAL,78.39,74.79,17.47,-1.65,-9.6,0.1,-15.0,-0.0,-1314,0.44,-0.294,0.074,1.00,,-1,794,0,669,0,-1.47,17.5,1.00,-0.197
209.70,FINAL,78.22,74.65,17.47,-1.65,-9.6,0.1,-15.0,-0.0,-1312,0.44,-0.294,0.074,1.00,,-1,792,0,667,0,-1.47,17.5,1.00,-0.197
209.80,FINAL,78.06,74.52,17.47,-1.65,-9.6,0.1,-15.0,-0.0,-1311,0.44,-0.294,0.074,1.00,,-1,791,0,666,0,-1.47,17.5,1.00,-0.197
209.90,FINAL,77.89,74.38,17.47,-1.65,-9.6,0.1,-15.0,-0.0,-1309,0.44,-0.294,0.074,1.00,,-1,789,0,664,0,-1.47,17.5,1.00,-0.197
210.00,FINAL,77.73,74.24,17.47,-1.65,-9.6,0.1,-15.0,-0.0,-1307,0.44,-0.294,0.074,1.00,,-1,787,0,662,0,-1.47,17.5,1.00,-0.197
210.10,FINAL,77.56,74.11,17.48,-1.65,-9.6,0.1,-15.0,-0.0,-1306,0.44,-0.294,0.074,1.00,,-1,786,0,661,0,-1.47,17.5,1.00,-0.197
210.20,FINAL,77.40,73.97,17.48,-1.65,-9.6,0.1,-15.0,-0.0,-1304,0.44,-0.294,0.074,1.00,,-1,784,0,659,0,-1.47,17.5,1.00,-0.197
210.30,FINAL,77.23,73.83,17.48,-1.65,-9.6,0.1,-15.0,-0.0,-1302,0.44,-0.294,0.074,1.00,,-1,782,0,657,0,-1.47,17.5,1.00,-0.197
210.40,FINAL,77.07,73.70,17.48,-1.65,-9.6,0.1,-15.0,-0.0,-1301,0.44,-0.294,0.074,1.00,,-1,781,0,656,0,-1.47,17.5,1.00,-0.196
210.50,FINAL,76.90,73.56,17.48,-1.65,-9.6,0.1,-15.0,-0.0,-1299,0.44,-0.294,0.074,1.00,,-1,779,0,654,0,-1.47,17.5,1.00,-0.196
210.60,FINAL,76.74,73.43,17.48,-1.65,-9.6,0.1,-15.0,-0.0,-1297,0.44,-0.294,0.074,1.00,,-1,777,0,652,0,-1.48,17.5,1.00,-0.196
210.70,FINAL,76.58,73.29,17.48,-1.65,-9.6,0.1,-15.0,-0.0,-1296,0.44,-0.294,0.074,1.00,,-1,776,0,651,0,-1.48,17.5,1.00,-0.196
210.80,FINAL,76.41,73.16,17.48,-1.65,-9.6,0.1,-15.0,-0.0,-1294,0.44,-0.294,0.074,1.00,,-1,774,0,649,0,-1.48,17.5,1.00,-0.196
210.90,FINAL,76.25,73.02,17.48,-1.65,-9.6,0.1,-15.0,-0.0,-1292,0.44,-0.294,0.074,1.00,,-1,772,0,647,0,-1.48,17.5,1.00,-0.196
211.00,FINAL,76.08,72.89,17.48,-1.65,-9.6,0.1,-15.0,-0.0,-1291,0.44,-0.294,0.074,1.00,,-1,771,0,646,0,-1.48,17.5,1.00,-0.196
211.10,FINAL,75.92,72.75,17.48,-1.65,-9.6,0.1,-15.0,-0.0,-1289,0.44,-0.294,0.074,1.00,,-1,769,0,644,0,-1.48,17.5,1.00,-0.196
211.20,FINAL,75.75,72.62,17.48,-1.65,-9.6,0.1,-15.0,-0.0,-1287,0.44,-0.294,0.074,1.00,,-1,767,0,642,0,-1.48,17.5,1.00,-0.196
211.30,FINAL,75.59,72.49,17.48,-1.65,-9.6,0.1,-15.0,-0.0,-1286,0.44,-0.294,0.074,1.00,,-1,766,0,641,0,-1.48,17.5,1.00,-0.195
211.40,FINAL,75.42,72.35,17.48,-1.65,-9.6,0.1,-15.0,-0.0,-1284,0.44,-0.294,0.074,1.00,,-1,764,0,639,0,-1.48,17.5,1.00,-0.195
211.50,FINAL,75.26,72.22,17.48,-1.65,-9.6,0.1,-14.9,-0.0,-1282,0.44,-0.294,0.074,1.00,,-1,762,0,637,0,-1.48,17.5,1.00,-0.195
211.60,FINAL,75.09,72.09,17.48,-1.65,-9.6,0.1,-14.9,-0.0,-1281,0.44,-0.294,0.074,1.00,,-1,761,0,636,0,-1.48,17.5,1.00,-0.195
211.70,FINAL,74.93,71.96,17.48,-1.65,-9.6,0.1,-14.9,-0.0,-1279,0.44,-0.294,0.074,1.00,,-1,759,0,634,0,-1.48,17.5,1.00,-0.195
211.80,FINAL,74.77,71.83,17.48,-1.65,-9.6,0.1,-14.9,-0.0,-1277,0.44,-0.294,0.074,1.00,,-1,757,0,632,0,-1.48,17.5,1.00,-0.195
211.90,FINAL,74.60,71.70,17.48,-1.65,-9.6,0.1,-14.9,-0.0,-1276,0.44,-0.294,0.074,1.00,,-1,756,0,631,0,-1.48,17.5,1.00,-0.195
212.00,FINAL,74.44,71.57,17.48,-1.65,-9.6,0.1,-14.9,-0.0,-1274,0.44,-0.294,0.074,1.00,,-1,754,0,629,0,-1.48,17.5,1.00,-0.195
212.10,FINAL,74.27,71.44,17.49,-1.65,-9.6,0.1,-14.9,-0.0,-1272,0.44,-0.294,0.074,1.00,,-1,752,0,627,0,-1.48,17.5,1.00,-0.195
212.20,FINAL,74.11,71.31,17.49,-1.65,-9.6,0.1,-14.9,-0.0,-1271,0.44,-0.295,0.074,1.00,,-1,751,0,626,0,-1.48,17.5,1.00,-0.194
212.30,FINAL,73.94,71.18,17.49,-1.65,-9.6,0.1,-14.9,-0.0,-1269,0.44,-0.295,0.074,1.00,,-1,749,0,624,0,-1.48,17.5,1.00,-0.194
212.40,FINAL,73.78,71.05,17.49,-1.65,-9.6,0.1,-14.9,-0.0,-1267,0.44,-0.295,0.074,1.00,,-1,747,0,622,0,-1.48,17.5,1.00,-0.194
212.50,FINAL,73.61,70.92,17.49,-1.65,-9.6,0.1,-14.9,-0.0,-1266,0.44,-0.295,0.074,1.00,,-1,746,0,621,0,-1.48,17.5,1.00,-0.194
212.60,FINAL,73.45,70.79,17.49,-1.64,-9.6,0.1,-14.9,-0.0,-1264,0.44,-0.295,0.074,1.00,,-1,744,0,619,0,-1.48,17.5,1.00,-0.194
212.70,FINAL,73.28,70.67,17.49,-1.64,-9.6,0.1,-14.9,-0.0,-1262,0.44,-0.295,0.074,1.00,,-1,742,0,617,0,-1.48,17.5,1.00,-0.194
212.80,FINAL,73.12,70.54,17.49,-1.64,-9.6,0.1,-14.9,-0.0,-1261,0.44,-0.295,0.074,1.00,,-1,741,0,616,0,-1.49,17.5,1.00,-0.194
212.90,FINAL,72.96,70.41,17.49,-1.64,-9.6,0.1,-14.9,-0.0,-1259,0.44,-0.295,0.074,1.00,,-1,739,0,614,0,-1.49,17.5,1.00,-0.194
213.00,FINAL,72.79,70.28,17.49,-1.64,-9.6,0.1,-14.9,-0.0,-1257,0.44,-0.295,0.074,1.00,,-1,737,0,612,0,-1.49,17.5,1.00,-0.194
213.10,FINAL,72.63,70.16,17.49,-1.64,-9.6,0.1,-14.9,-0.0,-1256,0.44,-0.295,0.074,1.00,,-1,736,0,611,0,-1.49,17.5,1.00,-0.193
213.20,FINAL,72.46,70.03,17.49,-1.64,-9.6,0.1,-14.9,-0.0,-1254,0.44,-0.295,0.074,1.00,,-1,734,0,609,0,-1.49,17.5,1.00,-0.193
213.30,FINAL,72.30,69.90,17.49,-1.64,-9.6,0.1,-14.9,-0.0,-1252,0.44,-0.295,0.074,1.00,,-1,732,0,607,0,-1.49,17.5,1.00,-0.193
213.40,FINAL,72.13,69.78,17.49,-1.64,-9.6,0.1,-14.9,-0.0,-1251,0.44,-0.295,0.074,1.00,,-1,731,0,606,0,-1.49,17.5,1.00,-0.193
213.50,FINAL,71.97,69.65,17.49,-1.64,-9.6,0.1,-14.9,-0.0,-1249,0.44,-0.295,0.074,1.00,,-1,729,0,604,0,-1.49,17.5,1.00,-0.193
213.60,FINAL,71.80,69.52,17.49,-1.64,-9.6,0.1,-14.9,-0.0,-1247,0.44,-0.295,0.074,1.00,,-1,727,0,602,0,-1.49,17.5,1.00,-0.193
213.70,FINAL,71.64,69.39,17.49,-1.64,-9.6,0.1,-14.9,-0.0,-1246,0.44,-0.295,0.073,1.00,,-1,726,0,601,0,-1.49,17.5,1.00,-0.193
213.80,FINAL,71.48,69.27,17.49,-1.64,-9.6,0.1,-14.9,-0.0,-1244,0.44,-0.295,0.073,1.00,,-1,724,0,599,0,-1.49,17.5,1.00,-0.193
213.90,FINAL,71.31,69.14,17.49,-1.64,-9.6,0.1,-14.9,-0.0,-1242,0.44,-0.295,0.073,1.00,,-1,722,0,597,0,-1.49,17.5,1.00,-0.193
214.00,FINAL,71.15,69.01,17.49,-1.64,-9.6,0.1,-14.9,-0.0,-1241,0.44,-0.295,0.073,1.00,,-1,721,0,596,0,-1.49,17.5,1.00,-0.193
214.10,FINAL,70.98,68.88,17.49,-1.64,-9.6,0.1,-14.8,-0.0,-1239,0.44,-0.295,0.073,1.00,,-1,719,0,594,0,-1.49,17.5,1.00,-0.193
214.20,FINAL,70.82,68.76,17.49,-1.64,-9.6,0.1,-14.8,-0.0,-1237,0.44,-0.295,0.073,1.00,,-1,717,0,592,0,-1.49,17.5,1.00,-0.192
214.30,FINAL,70.65,68.63,17.49,-1.64,-9.6,0.1,-14.8,-0.0,-1236,0.44,-0.295,0.073,1.00,,-1,716,0,591,0,-1.49,17.5,1.00,-0.192
214.40,FINAL,70.49,68.50,17.49,-1.64,-9.6,0.1,-14.8,-0.0,-1234,0.44,-0.295,0.073,1.00,,-1,714,0,589,0,-1.49,17.5,1.00,-0.192
214.50,FINAL,70.32,68.37,17.50,-1.64,-9.6,0.1,-14.8,-0.0,-1232,0.44,-0.295,0.073,1.00,,-1,712,0,587,0,-1.49,17.5,1.00,-0.192
214.60,FINAL,70.16,68.24,17.50,-1.64,-9.6,0.1,-14.8,-0.0,-1231,0.44,-0.295,0.073,1.00,,-1,711,0,586,0,-1.49,17.5,1.00,-0.192
214.70,FINAL,70.00,68.11,17.50,-1.64,-9.6,0.1,-14.8,-0.0,-1229,0.44,-0.295,0.073,1.00,,-1,709,0,584,0,-1.50,17.5,1.00,-0.192
214.80,FINAL,69.83,67.98,17.50,-1.64,-9.6,0.1,-14.8,-0.0,-1227,0.44,-0.295,0.073,1.00,,-1,707,0,582,0,-1.50,17.5,1.00,-0.192
214.90,FINAL,69.67,67.86,17.50,-1.64,-9.6,0.1,-14.8,-0.0,-1226,0.44,-0.295,0.073,1.00,,-1,706,0,581,0,-1.50,17.5,1.00,-0.192
215.00,FINAL,69.50,67.73,17.50,-1.64,-9.6,0.1,-14.8,-0.0,-1224,0.44,-0.295,0.073,1.00,,-1,704,0,579,0,-1.50,17.5,1.00,-0.192
215.10,FINAL,69.34,67.60,17.50,-1.64,-9.6,0.1,-14.8,-0.0,-1222,0.44,-0.295,0.073,1.00,,-1,702,0,577,0,-1.50,17.5,1.00,-0.192
215.20,FINAL,69.17,67.47,17.50,-1.64,-9.6,0.1,-14.8,-0.0,-1221,0.44,-0.295,0.073,1.00,,-1,701,0,576,0,-1.50,17.5,1.00,-0.192
215.30,FINAL,69.01,67.33,17.50,-1.64,-9.6,0.1,-14.8,-0.0,-1219,0.44,-0.295,0.073,1.00,,-1,699,0,574,0,-1.50,17.5,1.00,-0.191
215.40,FINAL,68.84,67.20,17.50,-1.64,-9.6,0.1,-14.8,-0.0,-1217,0.44,-0.295,0.073,1.00,,-1,697,0,572,0,-1.50,17.5,1.00,-0.191
215.50,FINAL,68.68,67.07,17.50,-1.64,-9.6,0.1,-14.8,-0.0,-1216,0.44,-0.295,0.073,1.00,,-1,696,0,571,0,-1.50,17.5,1.00,-0.191
215.60,FINAL,68.52,66.94,17.50,-1.64,-9.6,0.1,-14.8,-0.0,-1214,0.44,-0.296,0.073,1.00,,-1,694,0,569,0,-1.50,17.5,1.00,-0.191
215.70,FINAL,68.35,66.81,17.50,-1.64,-9.6,0.1,-14.8,-0.0,-1212,0.44,-0.296,0.073,1.00,,-1,692,0,567,0,-1.50,17.5,1.00,-0.191
215.80,FINAL,68.19,66.67,17.50,-1.64,-9.6,0.1,-14.8,-0.0,-1211,0.44,-0.296,0.073,1.00,,-1,691,0,566,0,-1.50,17.5,1.00,-0.191
215.90,FINAL,68.02,66.54,17.50,-1.64,-9.6,0.1,-14.8,-0.0,-1209,0.44,-0.296,0.073,1.00,,-1,689,0,564,0,-1.50,17.5,1.00,-0.191
216.00,FINAL,67.86,66.41,17.50,-1.64,-9.6,0.1,-14.8,-0.0,-1207,0.44,-0.296,0.073,1.00,,-1,687,0,562,0,-1.50,17.5,1.00,-0.191
216.10,FINAL,67.69,66.27,17.50,-1.64,-9.6,0.1,-14.8,-0.0,-1206,0.44,-0.296,0.073,1.00,,-1,686,0,561,0,-1.50,17.5,1.00,-0.191
216.20,FINAL,67.53,66.14,17.50,-1.64,-9.6,0.1,-14.8,-0.0,-1204,0.44,-0.296,0.073,1.00,,-1,684,0,559,0,-1.50,17.5,1.00,-0.191
216.30,FINAL,67.36,66.00,17.50,-1.64,-9.6,0.1,-14.8,-0.0,-1202,0.44,-0.296,0.073,1.00,,-1,682,0,557,0,-1.50,17.5,1.00,-0.191
216.40,FINAL,67.20,65.86,17.50,-1.64,-9.6,0.1,-14.8,-0.0,-1201,0.44,-0.296,0.073,1.00,,-1,681,0,556,0,-1.50,17.5,1.00,-0.191
216.50,FINAL,67.04,65.73,17.50,-1.64,-9.6,0.1,-14.7,-0.0,-1199,0.44,-0.296,0.073,1.00,,-1,679,0,554,0,-1.50,17.5,1.00,-0.190
216.60,FINAL,66.87,65.59,17.50,-1.64,-9.6,0.1,-14.7,-0.0,-1197,0.44,-0.296,0.073,1.00,,-1,677,0,552,0,-1.51,17.5,1.00,-0.190
216.70,FINAL,66.71,65.45,17.50,-1.64,-9.6,0.1,-14.7,-0.0,-1196,0.44,-0.296,0.073,1.00,,-1,676,0,551,0,-1.51,17.5,1.00,-0.190
216.80,FINAL,66.54,65.31,17.50,-1.64,-9.6,0.1,-14.7,-0.0,-1194,0.44,-0.296,0.073,1.00,,-1,674,0,549,0,-1.51,17.5,1.00,-0.190
216.90,FINAL,66.38,65.17,17.50,-1.65,-9.6,0.1,-14.7,-0.0,-1192,0.44,-0.296,0.073,1.00,,-1,672,0,547,0,-1.51,17.5,1.00,-0.190
217.00,FINAL,66.21,65.03,17.50,-1.65,-9.6,0.1,-14.7,-0.0,-1191,0.44,-0.296,0.073,1.00,,-1,671,0,546,0,-1.51,17.5,1.00,-0.190
217.10,FINAL,66.05,64.89,17.50,-1.65,-9.6,0.1,-14.7,-0.0,-1189,0.44,-0.296,0.073,1.00,,-1,669,0,544,0,-1.51,17.5,1.00,-0.190
217.20,FINAL,65.88,64.75,17.50,-1.65,-9.6,0.1,-14.7,-0.0,-1187,0.44,-0.296,0.073,1.00,,-1,667,0,542,0,-1.51,17.5,1.00,-0.190
217.30,FINAL,65.72,64.61,17.50,-1.65,-9.6,0.1,-14.7,-0.0,-1186,0.44,-0.296,0.073,1.00,,-1,666,0,541,0,-1.51,17.5,1.00,-0.190
217.40,FINAL,65.55,64.47,17.50,-1.65,-9.6,0.1,-14.7,-0.0,-1184,0.44,-0.296,0.073,1.00,,-1,664,0,539,0,-1.51,17.5,1.00,-0.190
217.50,FINAL,65.39,64.33,17.50,-1.65,-9.6,0.1,-14.7,-0.0,-1182,0.44,-0.296,0.073,1.00,,-1,662,0,537,0,-1.51,17.5,1.00,-0.190
217.60,FINAL,65.23,64.19,17.50,-1.65,-9.6,0.1,-14.7,-0.0,-1181,0.44,-0.296,0.073,1.00,,-1,661,0,536,0,-1.51,17.5,1.00,-0.190
217.70,FINAL,65.06,64.04,17.50,-1.65,-9.6,0.1,-14.7,-0.0,-1179,0.44,-0.296,0.073,1.00,,-1,659,0,534,0,-1.51,17.5,1.00,-0.189
217.80,FINAL,64.90,63.90,17.50,-1.65,-9.6,0.1,-14.7,-0.0,-1177,0.44,-0.296,0.073,1.00,,-1,657,0,532,0,-1.51,17.5,1.00,-0.189
217.90,FINAL,64.73,63.76,17.50,-1.65,-9.6,0.1,-14.7,-0.0,-1176,0.44,-0.296,0.073,1.00,,-1,656,0,531,0,-1.51,17.5,1.00,-0.189
218.00,FINAL,64.57,63.61,17.50,-1.65,-9.6,0.1,-14.7,-0.0,-1174,0.44,-0.296,0.073,1.00,,-1,654,0,529,0,-1.51,17.5,1.00,-0.189
218.10,FINAL,64.40,63.47,17.50,-1.65,-9.6,0.1,-14.7,-0.0,-1172,0.44,-0.296,0.073,1.00,,-1,652,0,527,0,-1.51,17.5,1.00,-0.189
218.20,FINAL,64.24,63.33,17.51,-1.65,-9.6,0.1,-14.7,-0.0,-1171,0.44,-0.296,0.073,1.00,,-1,651,0,526,0,-1.51,17.5,1.00,-0.189
218.30,FINAL,64.07,63.18,17.51,-1.65,-9.6,0.1,-14.7,-0.0,-1169,0.44,-0.296,0.073,1.00,,-1,649,0,524,0,-1.51,17.5,1.00,-0.189
218.40,FINAL,63.91,63.04,17.51,-1.65,-9.6,0.1,-14.7,-0.0,-1167,0.44,-0.296,0.073,1.00,,-1,647,0,522,0,-1.51,17.5,1.00,-0.189
218.50,FINAL,63.74,62.89,17.51,-1.65,-9.6,0.1,-14.7,-0.0,-1166,0.44,-0.296,0.073,1.00,,-1,646,0,521,0,-1.52,17.5,1.00,-0.189
218.60,FINAL,63.58,62.75,17.51,-1.65,-9.6,0.1,-14.6,-0.0,-1164,0.44,-0.296,0.073,1.00,,-1,644,0,519,0,-1.52,17.5,1.00,-0.189
218.70,FINAL,63.42,62.60,17.51,-1.65,-9.6,0.1,-14.6,-0.0,-1162,0.44,-0.296,0.073,1.00,,-1,642,0,517,0,-1.52,17.5,1.00,-0.189
218.80,FINAL,63.25,62.46,17.51,-1.65,-9.6,0.1,-14.6,-0.0,-1161,0.44,-0.296,0.073,1.00,,-1,641,0,516,0,-1.52,17.5,1.00,-0.189
218.90,FINAL,63.09,62.31,17.51,-1.65,-9.6,0.1,-14.6,-0.0,-1159,0.44,-0.296,0.072,1.00,,-1,639,0,514,0,-1.52,17.5,1.00,-0.189
219.00,FINAL,62.92,62.16,17.51,-1.65,-9.6,0.1,-14.6,-0.0,-1157,0.44,-0.296,0.072,1.00,,-1,637,0,512,0,-1.52,17.5,1.00,-0.188
219.10,FINAL,62.76,62.02,17.51,-1.65,-9.6,0.1,-14.6,-0.0,-1156,0.44,-0.296,0.072,1.00,,-1,636,0,511,0,-1.52,17.5,1.00,-0.188
219.20,FINAL,62.59,61.87,17.51,-1.65,-9.6,0.1,-14.6,-0.0,-1154,0.44,-0.296,0.072,1.00,,-1,634,0,509,0,-1.52,17.5,1.00,-0.188
219.30,FINAL,62.43,61.73,17.51,-1.65,-9.6,0.1,-14.6,-0.0,-1152,0.44,-0.296,0.072,1.00,,-1,632,0,507,0,-1.52,17.5,1.00,-0.188
219.40,FINAL,62.26,61.58,17.51,-1.65,-9.6,0.1,-14.6,-0.0,-1151,0.44,-0.297,0.072,1.00,,-1,631,0,506,0,-1.52,17.5,1.00,-0.188
219.50,FINAL,62.10,61.44,17.51,-1.65,-9.6,0.1,-14.6,-0.0,-1149,0.44,-0.297,0.072,1.00,,-1,629,0,504,0,-1.52,17.5,1.00,-0.188
219.60,FINAL,61.93,61.29,17.51,-1.65,-9.6,0.1,-14.6,-0.0,-1147,0.44,-0.297,0.072,1.00,,-1,627,0,502,0,-1.52,17.5,1.00,-0.188
219.70,FINAL,61.77,61.14,17.51,-1.65,-9.6,0.1,-14.6,-0.0,-1146,0.44,-0.297,0.072,1.00,,-1,626,0,501,0,-1.52,17.5,1.00,-0.188
219.80,FINAL,61.60,61.00,17.51,-1.65,-9.6,0.1,-14.6,-0.0,-1144,0.44,-0.297,0.072,1.00,,-1,624,0,499,0,-1.52,17.5,1.00,-0.188
219.90,FINAL,61.44,60.85,17.51,-1.65,-9.6,0.1,-14.6,-0.0,-1142,0.44,-0.297,0.072,1.00,,-1,622,0,497,0,-1.52,17.5,1.00,-0.188
220.00,FINAL,61.27,60.70,17.51,-1.65,-9.6,0.1,-14.6,-0.0,-1141,0.44,-0.297,0.072,1.00,,-1,621,0,496,0,-1.52,17.5,1.00,-0.188
220.10,FINAL,61.11,60.56,17.51,-1.65,-9.6,0.1,-14.6,-0.0,-1139,0.44,-0.297,0.072,1.00,,-1,619,0,494,0,-1.52,17.5,1.00,-0.188
220.20,FINAL,60.95,60.41,17.51,-1.65,-9.6,0.1,-14.6,-0.0,-1137,0.44,-0.297,0.072,1.00,,-1,617,0,492,0,-1.52,17.5,1.00,-0.188
220.30,FINAL,60.78,60.27,17.51,-1.65,-9.6,0.1,-14.6,-0.0,-1136,0.44,-0.297,0.072,1.00,,-1,616,0,491,0,-1.52,17.5,1.00,-0.187
220.40,FINAL,60.62,60.12,17.51,-1.65,-9.6,0.1,-14.6,-0.0,-1134,0.44,-0.297,0.072,1.00,,-1,614,0,489,0,-1.53,17.5,1.00,-0.187
220.50,FINAL,60.45,59.98,17.51,-1.65,-9.6,0.1,-14.6,-0.0,-1132,0.44,-0.297,0.072,1.00,,-1,612,0,487,0,-1.53,17.5,1.00,-0.187
220.60,FINAL,60.29,59.83,17.51,-1.65,-9.6,0.1,-14.5,-0.0,-1130,0.44,-0.297,0.072,1.00,,-1,610,0,485,0,-1.53,17.5,1.00,-0.187
220.70,FINAL,60.12,59.69,17.51,-1.65,-9.6,0.1,-14.5,-0.0,-1129,0.44,-0.297,0.072,1.00,,-1,609,0,484,0,-1.53,17.5,1.00,-0.187
220.80,FINAL,59.96,59.54,17.51,-1.65,-9.6,0.1,-14.5,-0.0,-1127,0.44,-0.297,0.072,1.00,,-1,607,0,482,0,-1.53,17.5,1.00,-0.187
220.90,FINAL,59.79,59.40,17.51,-1.65,-9.6,0.1,-14.5,-0.0,-1125,0.44,-0.297,0.072,1.00,,-1,605,0,480,0,-1.53,17.5,1.00,-0.187
221.00,FINAL,59.63,59.25,17.51,-1.65,-9.6,0.1,-14.5,-0.0,-1124,0.44,-0.297,0.072,1.00,,-1,604,0,479,0,-1.53,17.5,1.00,-0.187
221.10,FINAL,59.46,59.10,17.51,-1.65,-9.6,0.1,-14.5,-0.0,-1122,0.44,-0.297,0.072,1.00,,-1,602,0,477,0,-1.53,17.5,1.00,-0.187
221.20,FINAL,59.30,58.96,17.51,-1.65,-9.6,0.1,-14.5,-0.0,-1120,0.44,-0.297,0.072,1.00,,-1,600,0,475,0,-1.53,17.5,1.00,-0.187
221.30,FINAL,59.13,58.81,17.51,-1.65,-9.6,0.1,-14.5,-0.0,-1119,0.44,-0.297,0.072,1.00,,-1,599,0,474,0,-1.53,17.5,1.00,-0.187
221.40,FINAL,58.97,58.67,17.51,-1.65,-9.6,0.1,-14.5,-0.0,-1117,0.44,-0.297,0.072,1.00,,-1,597,0,472,0,-1.53,17.5,1.00,-0.187
221.50,FINAL,58.80,58.52,17.51,-1.65,-9.6,0.1,-14.5,-0.0,-1115,0.44,-0.297,0.072,1.00,,-1,595,0,470,0,-1.53,17.5,1.00,-0.187
221.60,FINAL,58.64,58.37,17.51,-1.65,-9.6,0.1,-14.5,-0.0,-1114,0.44,-0.297,0.072,1.00,,-1,594,0,469,0,-1.53,17.5,1.00,-0.187
221.70,FINAL,58.47,58.23,17.51,-1.65,-9.6,0.1,-14.5,-0.0,-1112,0.44,-0.297,0.072,1.00,,-1,592,0,467,0,-1.53,17.5,1.00,-0.186
221.80,FINAL,58.31,58.08,17.51,-1.65,-9.6,0.1,-14.5,-0.0,-1110,0.44,-0.297,0.072,1.00,,-1,590,0,465,0,-1.53,17.5,1.00,-0.186
221.90,FINAL,58.14,57.93,17.51,-1.65,-9.6,0.1,-14.5,-0.0,-1109,0.44,-0.297,0.072,1.00,,-1,589,0,464,0,-1.53,17.5,1.00,-0.186
222.00,FINAL,57.98,57.78,17.51,-1.65,-9.6,0.1,-14.5,-0.0,-1107,0.44,-0.297,0.072,1.00,,-1,587,0,462,0,-1.53,17.5,1.00,-0.186
222.10,FINAL,57.81,57.64,17.51,-1.65,-9.6,0.1,-14.5,-0.0,-1105,0.44,-0.297,0.072,1.00,,-1,585,0,460,0,-1.53,17.5,1.00,-0.186
222.20,FINAL,57.65,57.49,17.51,-1.65,-9.6,0.1,-14.5,-0.0,-1104,0.44,-0.297,0.072,1.00,,-1,584,0,459,0,-1.53,17.5,1.00,-0.186
222.30,FINAL,57.48,57.34,17.51,-1.65,-9.6,0.1,-14.5,-0.0,-1102,0.44,-0.297,0.072,1.00,,-1,582,0,457,0,-1.54,17.5,1.00,-0.186
222.40,FINAL,57.32,57.19,17.51,-1.65,-9.6,0.1,-14.5,-0.0,-1100,0.44,-0.297,0.072,1.00,,-1,580,0,455,0,-1.54,17.5,1.00,-0.186
222.50,FINAL,57.15,57.04,17.51,-1.65,-9.6,0.1,-14.5,-0.0,-1099,0.44,-0.297,0.072,1.00,,-1,579,0,454,0,-1.54,17.5,1.00,-0.186
222.60,FINAL,56.99,56.89,17.51,-1.65,-9.6,0.1,-14.4,-0.0,-1097,0.44,-0.297,0.072,1.00,,-1,577,0,452,0,-1.54,17.5,1.00,-0.186
222.70,FINAL,56.82,56.74,17.51,-1.65,-9.6,0.1,-14.4,-0.0,-1095,0.44,-0.297,0.072,1.00,,-1,575,0,450,0,-1.54,17.5,1.00,-0.186
222.80,FINAL,56.66,56.59,17.51,-1.65,-9.6,0.1,-14.4,-0.0,-1094,0.44,-0.297,0.072,1.00,,-1,574,0,449,0,-1.54,17.5,1.00,-0.186
222.90,FINAL,56.49,56.43,17.51,-1.65,-9.6,0.1,-14.4,-0.0,-1092,0.44,-0.297,0.072,1.00,,-1,572,0,447,0,-1.54,17.5,1.00,-0.186
223.00,FINAL,56.33,56.28,17.51,-1.65,-9.6,0.1,-14.4,-0.0,-1090,0.44,-0.297,0.072,1.00,,-1,570,0,445,0,-1.54,17.5,1.00,-0.186
223.10,FINAL,56.16,56.13,17.51,-1.65,-9.6,0.1,-14.4,-0.0,-1089,0.44,-0.297,0.072,1.00,,-1,569,0,444,0,-1.54,17.5,1.00,-0.186
223.20,FINAL,56.00,55.97,17.51,-1.65,-9.6,0.1,-14.4,-0.0,-1087,0.44,-0.297,0.072,1.00,,-1,567,0,442,0,-1.54,17.5,1.00,-0.185
223.30,FINAL,55.83,55.82,17.51,-1.65,-9.6,0.1,-14.4,-0.0,-1085,0.44,-0.297,0.071,1.00,,-1,565,0,440,0,-1.54,17.5,1.00,-0.185
223.40,FINAL,55.67,55.66,17.51,-1.65,-9.6,0.1,-14.4,-0.0,-1084,0.44,-0.297,0.071,1.00,,-1,564,0,439,0,-1.54,17.5,1.00,-0.185
223.50,FINAL,55.50,55.51,17.51,-1.65,-9.6,0.1,-14.4,-0.0,-1082,0.44,-0.297,0.071,1.00,,-1,562,0,437,0,-1.54,17.5,1.00,-0.185
223.60,FINAL,55.34,55.35,17.51,-1.65,-9.6,0.1,-14.4,-0.0,-1080,0.44,-0.298,0.071,1.00,,-1,560,0,435,0,-1.54,17.5,1.00,-0.185
223.70,FINAL,55.17,55.19,17.51,-1.65,-9.6,0.1,-14.4,-0.0,-1079,0.44,-0.298,0.071,1.00,,-1,559,0,434,0,-1.54,17.5,1.00,-0.185
223.80,FINAL,55.01,55.04,17.51,-1.65,-9.6,0.1,-14.4,-0.0,-1077,0.44,-0.298,0.071,1.00,,-1,557,0,432,0,-1.54,17.5,1.00,-0.185
223.90,FINAL,54.84,54.88,17.51,-1.65,-9.6,0.1,-14.4,-0.0,-1075,0.44,-0.298,0.071,1.00,,-1,555,0,430,0,-1.54,17.5,1.00,-0.185
224.00,FINAL,54.68,54.72,17.51,-1.65,-9.6,0.1,-14.4,-0.0,-1074,0.44,-0.298,0.071,1.00,,-1,554,0,429,0,-1.54,17.5,1.00,-0.185
224.10,FINAL,54.51,54.56,17.51,-1.65,-9.6,0.1,-14.4,-0.0,-1072,0.44,-0.298,0.071,1.00,,-1,552,0,427,0,-1.54,17.5,1.00,-0.185
224.20,FINAL,54.35,54.40,17.51,-1.65,-9.6,0.1,-14.4,-0.0,-1070,0.44,-0.298,0.071,1.00,,-1,550,0,425,0,-1.54,17.5,1.00,-0.185
224.30,FINAL,54.18,54.24,17.51,-1.65,-9.6,0.1,-14.4,-0.0,-1069,0.44,-0.298,0.071,1.00,,-1,549,0,424,0,-1.55,17.5,1.00,-0.185
224.40,FINAL,54.02,54.08,17.51,-1.65,-9.6,0.1,-14.3,-0.0,-1067,0.44,-0.298,0.071,1.00,,-1,547,0,422,0,-1.55,17.5,1.00,-0.185
224.50,FINAL,53.85,53.91,17.51,-1.65,-9.6,0.1,-14.3,-0.0,-1065,0.44,-0.298,0.071,1.00,,-1,545,0,420,0,-1.55,17.5,1.00,-0.185
224.60,FINAL,53.69,53.75,17.51,-1.65,-9.6,0.1,-14.3,-0.0,-1064,0.44,-0.298,0.071,1.00,,-1,544,0,419,0,-1.55,17.5,1.00,-0.185
224.70,FINAL,53.52,53.59,17.51,-1.65,-9.6,0.1,-14.3,-0.0,-1062,0.44,-0.298,0.071,1.00,,-1,542,0,417,0,-1.55,17.5,1.00,-0.185
224.80,FINAL,53.36,53.43,17.51,-1.65,-9.6,0.1,-14.3,-0.0,-1060,0.44,-0.298,0.071,1.00,,-1,540,0,415,0,-1.55,17.5,1.00,-0.185
224.90,FINAL,53.19,53.26,17.51,-1.65,-9.6,0.1,-14.3,-0.0,-1059,0.44,-0.298,0.071,1.00,,-1,539,0,414,0,-1.55,17.5,1.00,-0.185
225.00,FINAL,53.03,53.10,17.51,-1.65,-9.6,0.1,-14.3,-0.0,-1057,0.44,-0.298,0.071,1.00,,-1,537,0,412,0,-1.55,17.5,1.00,-0.184
225.10,FINAL,52.86,52.93,17.52,-1.65,-9.6,0.1,-14.3,-0.0,-1055,0.44,-0.298,0.071,1.00,,-1,535,0,410,0,-1.55,17.5,1.00,-0.184
225.20,FINAL,52.70,52.77,17.52,-1.65,-9.6,0.1,-14.3,-0.0,-1054,0.44,-0.298,0.071,1.00,,-1,534,0,409,0,-1.55,17.5,1.00,-0.184
225.30,FINAL,52.53,52.60,17.52,-1.65,-9.6,0.1,-14.3,-0.0,-1052,0.44,-0.298,0.071,1.00,,-1,532,0,407,0,-1.55,17.5,1.00,-0.184
225.40,FINAL,52.37,52.44,17.52,-1.65,-9.6,0.1,-14.3,-0.0,-1050,0.44,-0.298,0.071,1.00,,-1,530,0,405,0,-1.55,17.5,1.00,-0.184
225.50,FINAL,52.20,52.27,17.52,-1.65,-9.6,0.1,-14.3,-0.0,-1049,0.44,-0.298,0.071,1.00,,-1,529,0,404,0,-1.55,17.5,1.00,-0.184
225.60,FINAL,52.04,52.10,17.52,-1.65,-9.6,0.1,-14.3,-0.0,-1047,0.44,-0.298,0.071,1.00,,-1,527,0,402,0,-1.55,17.5,1.00,-0.184
225.70,FINAL,51.87,51.93,17.52,-1.65,-9.6,0.1,-14.3,-0.0,-1045,0.44,-0.298,0.071,1.00,,-1,525,0,400,0,-1.55,17.5,1.00,-0.184
225.80,FINAL,51.71,51.77,17.52,-1.65,-9.6,0.1,-14.3,-0.0,-1044,0.44,-0.298,0.071,1.00,,-1,524,0,399,0,-1.55,17.5,1.00,-0.184
225.90,FINAL,51.54,51.60,17.52,-1.65,-9.6,0.1,-14.3,-0.0,-1042,0.44,-0.298,0.071,1.00,,-1,522,0,397,0,-1.55,17.5,1.00,-0.184
226.00,FINAL,51.38,51.43,17.52,-1.65,-9.6,0.1,-14.2,-0.0,-1040,0.44,-0.298,0.071,1.00,,-1,520,0,395,0,-1.55,17.5,1.00,-0.184
226.10,FINAL,51.21,51.26,17.52,-1.65,-9.6,0.1,-14.2,-0.0,-1039,0.44,-0.298,0.071,1.00,,-1,519,0,394,0,-1.55,17.5,1.00,-0.184
226.20,FINAL,51.05,51.09,17.52,-1.65,-9.6,0.1,-14.2,-0.0,-1037,0.44,-0.298,0.071,1.00,,-1,517,0,392,0,-1.55,17.5,1.00,-0.184
226.30,FINAL,50.88,50.93,17.52,-1.65,-9.6,0.1,-14.2,-0.0,-1035,0.44,-0.298,0.071,1.00,,-1,515,0,390,0,-1.56,17.5,1.00,-0.184
226.40,FINAL,50.72,50.76,17.52,-1.65,-9.6,0.1,-14.2,-0.0,-1033,0.44,-0.298,0.071,1.00,,-1,513,0,388,0,-1.56,17.5,1.00,-0.184
226.50,FINAL,50.55,50.59,17.52,-1.65,-9.6,0.1,-14.2,-0.0,-1032,0.44,-0.298,0.071,1.00,,-1,512,0,387,0,-1.56,17.5,1.00,-0.184
226.60,FINAL,50.39,50.42,17.52,-1.65,-9.6,0.1,-14.2,-0.0,-1030,0.44,-0.298,0.071,1.00,,-1,510,0,385,0,-1.56,17.5,1.00,-0.184
226.70,FINAL,50.22,50.26,17.52,-1.65,-9.6,0.1,-14.2,-0.0,-1028,0.44,-0.298,0.071,1.00,,-1,508,0,383,0,-1.56,17.5,1.00,-0.184
226.80,FINAL,50.06,50.09,17.52,-1.65,-9.6,0.1,-14.2,-0.0,-1027,0.44,-0.298,0.071,1.00,,-1,507,0,382,0,-1.56,17.5,1.00,-0.184
226.90,FINAL,49.89,49.92,17.52,-1.65,-9.6,0.1,-14.2,-0.0,-1025,0.44,-0.298,0.071,1.00,,-1,505,0,380,0,-1.56,17.5,1.00,-0.183
227.00,FINAL,49.72,49.76,17.52,-1.65,-9.6,0.1,-14.2,-0.0,-1023,0.44,-0.298,0.070,1.00,,-1,503,0,378,0,-1.56,17.5,1.00,-0.183
227.10,FINAL,49.56,49.59,17.52,-1.65,-9.6,0.1,-14.2,-0.0,-1022,0.44,-0.298,0.070,1.00,,-1,502,0,377,0,-1.56,17.5,1.00,-0.183
227.20,FINAL,49.39,49.43,17.52,-1.65,-9.6,0.1,-14.2,-0.0,-1020,0.44,-0.298,0.070,1.00,,-1,500,0,375,0,-1.56,17.5,1.00,-0.183
227.30,FINAL,49.23,49.26,17.52,-1.65,-9.6,0.1,-14.2,-0.0,-1018,0.44,-0.298,0.070,1.00,,-1,498,0,373,0,-1.56,17.5,1.00,-0.183
227.40,FINAL,49.06,49.10,17.52,-1.65,-9.6,0.1,-14.2,-0.0,-1017,0.44,-0.299,0.070,1.00,,-1,497,0,372,0,-1.56,17.5,1.00,-0.183
227.50,FINAL,48.90,48.93,17.52,-1.65,-9.6,0.1,-14.1,-0.0,-1015,0.44,-0.299,0.070,1.00,,-1,495,0,370,0,-1.56,17.5,1.00,-0.183
227.60,FINAL,48.73,48.77,17.52,-1.65,-9.6,0.1,-14.1,-0.0,-1013,0.44,-0.299,0.070,1.00,,-1,493,0,368,0,-1.56,17.5,1.00,-0.183
227.70,FINAL,48.57,48.61,17.52,-1.65,-9.6,0.1,-14.1,-0.0,-1012,0.44,-0.299,0.070,1.00,,-1,492,0,367,0,-1.56,17.5,1.00,-0.183
227.80,FINAL,48.40,48.45,17.52,-1.65,-9.6,0.1,-14.1,-0.0,-1010,0.44,-0.299,0.070,1.00,,-1,490,0,365,0,-1.56,17.5,1.00,-0.183
227.90,FINAL,48.24,48.28,17.52,-1.65,-9.6,0.1,-14.1,-0.0,-1008,0.44,-0.299,0.070,1.00,,-1,488,0,363,0,-1.56,17.5,1.00,-0.183
228.00,FINAL,48.07,48.12,17.52,-1.65,-9.6,0.1,-14.1,-0.0,-1007,0.44,-0.299,0.070,1.00,,-1,487,0,362,0,-1.56,17.5,1.00,-0.183
228.10,FINAL,47.91,47.96,17.52,-1.65,-9.6,0.1,-14.1,-0.0,-1005,0.44,-0.299,0.070,1.00,,-1,485,0,360,0,-1.56,17.5,1.00,-0.183
228.20,FINAL,47.74,47.80,17.52,-1.65,-9.6,0.1,-14.1,-0.0,-1003,0.44,-0.299,0.070,1.00,,-1,483,0,358,0,-1.56,17.5,1.00,-0.183
228.30,FINAL,47.58,47.64,17.52,-1.65,-9.6,0.1,-14.1,-0.0,-1002,0.44,-0.299,0.070,1.00,,-1,482,0,357,0,-1.57,17.5,1.00,-0.183
228.40,FINAL,47.41,47.47,17.52,-1.65,-9.6,0.1,-14.1,-0.0,-1000,0.44,-0.299,0.070,1.00,,-1,480,0,355,0,-1.57,17.5,1.00,-0.183
228.50,FINAL,47.24,47.31,17.52,-1.65,-9.6,0.1,-14.1,-0.0,-998,0.44,-0.299,0.070,1.00,,-1,478,0,353,0,-1.57,17.5,1.00,-0.183
228.60,FINAL,47.08,47.15,17.52,-1.65,-9.6,0.1,-14.1,-0.0,-997,0.44,-0.299,0.070,1.00,,-1,477,0,352,0,-1.57,17.5,1.00,-0.183
228.70,FINAL,46.91,46.99,17.52,-1.66,-9.6,0.1,-14.1,-0.0,-995,0.44,-0.299,0.070,1.00,,-1,475,0,350,0,-1.57,17.5,1.00,-0.183
228.80,FINAL,46.75,46.83,17.52,-1.66,-9.6,0.1,-14.1,-0.0,-993,0.44,-0.299,0.070,1.00,,-1,473,0,348,0,-1.57,17.5,1.00,-0.183
228.90,FINAL,46.58,46.67,17.52,-1.66,-9.6,0.1,-14.0,-0.0,-992,0.44,-0.299,0.070,1.00,,-1,472,0,347,0,-1.57,17.5,1.00,-0.182
229.00,FINAL,46.42,46.51,17.52,-1.66,-9.6,0.1,-14.0,-0.0,-990,0.44,-0.299,0.070,1.00,,-1,470,0,345,0,-1.57,17.5,1.00,-0.182
229.10,FINAL,46.25,46.35,17.52,-1.66,-9.6,0.1,-14.0,-0.0,-988,0.44,-0.299,0.070,1.00,,-1,468,0,343,0,-1.57,17.5,1.00,-0.182
229.20,FINAL,46.09,46.19,17.52,-1.66,-9.6,0.1,-14.0,-0.0,-987,0.44,-0.299,0.070,1.00,,-1,467,0,342,0,-1.57,17.5,1.00,-0.182
229.30,FINAL,45.92,46.03,17.52,-1.66,-9.6,0.1,-14.0,-0.0,-985,0.44,-0.299,0.070,1.00,,-1,465,0,340,0,-1.57,17.5,1.00,-0.182
229.40,FINAL,45.75,45.87,17.52,-1.66,-9.6,0.1,-14.0,-0.0,-983,0.44,-0.299,0.070,1.00,,-1,463,0,338,0,-1.57,17.5,1.00,-0.182
229.50,FINAL,45.59,45.71,17.52,-1.66,-9.6,0.1,-14.0,-0.0,-982,0.44,-0.299,0.070,1.00,,-1,462,0,337,0,-1.57,17.5,1.00,-0.182
229.60,FINAL,45.42,45.55,17.52,-1.66,-9.6,0.1,-14.0,-0.0,-980,0.44,-0.299,0.070,1.00,,-1,460,0,335,0,-1.57,17.5,1.00,-0.182
229.70,FINAL,45.26,45.39,17.52,-1.66,-9.6,0.1,-14.0,-0.0,-978,0.44,-0.299,0.070,1.00,,-1,458,0,333,0,-1.57,17.5,1.00,-0.182
229.80,FINAL,45.09,45.23,17.52,-1.66,-9.6,0.1,-14.0,-0.0,-977,0.44,-0.299,0.070,1.00,,-1,457,0,332,0,-1.57,17.5,1.00,-0.182
229.90,FINAL,44.93,45.07,17.52,-1.66,-9.6,0.1,-14.0,-0.0,-975,0.44,-0.299,0.070,1.00,,-1,455,0,330,0,-1.57,17.5,1.00,-0.182
230.00,FINAL,44.76,44.91,17.52,-1.66,-9.6,0.1,-14.0,-0.0,-973,0.44,-0.299,0.070,1.00,,-1,453,0,328,0,-1.57,17.5,1.00,-0.182
230.10,FINAL,44.60,44.76,17.52,-1.66,-9.6,0.1,-14.0,-0.0,-971,0.44,-0.299,0.070,1.00,,-1,451,0,326,0,-1.57,17.5,1.00,-0.182
230.20,FINAL,44.43,44.60,17.52,-1.66,-9.6,0.1,-14.0,-0.0,-970,0.44,-0.299,0.070,1.00,,-1,450,0,325,0,-1.57,17.5,1.00,-0.182
230.30,FINAL,44.26,44.44,17.52,-1.66,-9.6,0.1,-14.0,-0.0,-968,0.44,-0.299,0.069,1.00,,-1,448,0,323,0,-1.57,17.5,1.00,-0.182
230.40,FINAL,44.10,44.28,17.52,-1.66,-9.6,0.1,-13.9,-0.0,-966,0.44,-0.299,0.069,1.00,,-1,446,0,321,0,-1.57,17.5,1.00,-0.182
230.50,FINAL,43.93,44.12,17.52,-1.66,-9.6,0.1,-13.9,-0.0,-965,0.44,-0.299,0.069,1.00,,-1,445,0,320,0,-1.58,17.5,1.00,-0.182
230.60,FINAL,43.77,43.96,17.52,-1.66,-9.6,0.1,-13.9,-0.0,-963,0.44,-0.299,0.069,1.00,,-1,443,0,318,0,-1.58,17.5,1.00,-0.182
230.70,FINAL,43.60,43.80,17.52,-1.66,-9.6,0.1,-13.9,-0.0,-961,0.44,-0.299,0.069,1.00,,-1,441,0,316,0,-1.58,17.5,1.00,-0.182
230.80,FINAL,43.44,43.65,17.52,-1.66,-9.6,0.1,-13.9,-0.0,-960,0.44,-0.299,0.069,1.00,,-1,440,0,315,0,-1.58,17.5,1.00,-0.182
230.90,FINAL,43.27,43.49,17.52,-1.66,-9.6,0.1,-13.9,-0.0,-958,0.44,-0.299,0.069,1.00,,-1,438,0,313,0,-1.58,17.5,1.00,-0.182
231.00,FINAL,43.10,43.33,17.52,-1.66,-9.6,0.1,-13.9,-0.0,-956,0.44,-0.299,0.069,1.00,,-1,436,0,311,0,-1.58,17.5,1.00,-0.182
231.10,FINAL,42.94,43.17,17.52,-1.66,-9.6,0.1,-13.9,-0.0,-955,0.44,-0.299,0.069,1.00,,-1,435,0,310,0,-1.58,17.5,1.00,-0.182
231.20,FINAL,42.77,43.02,17.52,-1.66,-9.6,0.1,-13.9,-0.0,-953,0.44,-0.299,0.069,1.00,,-1,433,0,308,0,-1.58,17.5,1.00,-0.181
231.30,FINAL,42.61,42.86,17.52,-1.66,-9.6,0.1,-13.9,-0.0,-951,0.44,-0.299,0.069,1.00,,-1,431,0,306,0,-1.58,17.5,1.00,-0.181
231.40,FINAL,42.44,42.70,17.52,-1.66,-9.6,0.1,-13.9,-0.0,-950,0.44,-0.299,0.069,1.00,,-1,430,0,305,0,-1.58,17.5,1.00,-0.181
231.50,FINAL,42.28,42.54,17.52,-1.66,-9.6,0.1,-13.9,-0.0,-948,0.44,-0.299,0.069,1.00,,-1,428,0,303,0,-1.58,17.5,1.00,-0.181
231.60,FINAL,42.11,42.39,17.52,-1.66,-9.6,0.1,-13.9,-0.0,-946,0.44,-0.299,0.069,1.00,,-1,426,0,301,0,-1.58,17.5,1.00,-0.181
231.70,FINAL,41.94,42.23,17.52,-1.66,-9.6,0.1,-13.9,-0.0,-945,0.44,-0.300,0.069,1.00,,-1,425,0,300,0,-1.58,17.5,1.00,-0.181
231.80,FINAL,41.78,42.07,17.52,-1.66,-9.6,0.1,-13.8,-0.0,-943,0.44,-0.300,0.069,1.00,,-1,423,0,298,0,-1.58,17.5,1.00,-0.181
231.90,FINAL,41.61,41.92,17.52,-1.66,-9.6,0.1,-13.8,-0.0,-941,0.44,-0.300,0.069,1.00,,-1,421,0,296,0,-1.58,17.5,1.00,-0.181
232.00,FINAL,41.45,41.76,17.52,-1.66,-9.6,0.1,-13.8,-0.0,-940,0.44,-0.300,0.069,1.00,,-1,420,0,295,0,-1.58,17.5,1.00,-0.181
232.10,FINAL,41.28,41.60,17.52,-1.66,-9.6,0.1,-13.8,-0.0,-938,0.44,-0.300,0.069,1.00,,-1,418,0,293,0,-1.58,17.5,1.00,-0.181
232.20,FINAL,41.11,41.45,17.52,-1.66,-9.6,0.1,-13.8,-0.0,-936,0.44,-0.300,0.069,1.00,,-1,416,0,291,0,-1.58,17.5,1.00,-0.181
232.30,FINAL,40.95,41.29,17.52,-1.66,-9.6,0.1,-13.8,-0.0,-935,0.43,-0.300,0.069,1.00,,-1,415,0,290,0,-1.58,17.5,1.00,-0.181
232.40,FINAL,40.78,41.14,17.52,-1.66,-9.6,0.1,-13.8,-0.0,-933,0.43,-0.300,0.069,1.00,,-1,413,0,288,0,-1.58,17.5,1.00,-0.181
232.50,FINAL,40.62,40.98,17.52,-1.66,-9.6,0.1,-13.8,-0.0,-931,0.43,-0.300,0.069,1.00,,-1,411,0,286,0,-1.58,17.5,1.00,-0.181
232.60,FINAL,40.45,40.82,17.52,-1.66,-9.6,0.1,-13.8,-0.0,-930,0.43,-0.300,0.069,1.00,,-1,410,0,285,0,-1.58,17.5,1.00,-0.181
232.70,FINAL,40.29,40.67,17.52,-1.66,-9.6,0.1,-13.8,-0.0,-928,0.43,-0.300,0.069,1.00,,-1,408,0,283,0,-1.59,17.5,1.00,-0.181
232.80,FINAL,40.12,40.51,17.52,-1.66,-9.6,0.1,-13.8,-0.0,-926,0.43,-0.300,0.069,1.00,,-1,406,0,281,0,-1.59,17.5,1.00,-0.181
232.90,FINAL,39.95,40.36,17.52,-1.66,-9.6,0.1,-13.8,-0.0,-925,0.43,-0.300,0.069,1.00,,-1,405,0,280,0,-1.59,17.5,1.00,-0.181
233.00,FINAL,39.79,40.20,17.52,-1.66,-9.6,0.1,-13.8,-0.0,-923,0.43,-0.300,0.069,1.00,,0,403,0,278,0,-1.59,17.5,1.00,-0.181
233.10,FINAL,39.62,40.05,17.52,-1.66,-9.6,0.1,-13.8,-0.0,-921,0.43,-0.300,0.069,1.00,,0,401,0,276,0,-1.59,17.5,1.00,-0.181
233.20,FINAL,39.46,39.89,17.52,-1.66,-9.6,0.1,-13.7,-0.0,-920,0.43,-0.300,0.069,1.00,,0,400,0,275,0,-1.59,17.5,1.00,-0.181
233.30,FINAL,39.29,39.73,17.52,-1.66,-9.6,0.1,-13.7,-0.0,-918,0.43,-0.300,0.069,1.00,,0,398,0,273,0,-1.59,17.5,1.00,-0.181
233.40,FINAL,39.12,39.58,17.52,-1.66,-9.6,0.1,-13.7,-0.0,-916,0.43,-0.300,0.068,1.00,,0,396,0,271,0,-1.59,17.5,1.00,-0.181
233.50,FINAL,38.96,39.42,17.52,-1.66,-9.6,0.1,-13.7,-0.0,-914,0.43,-0.300,0.068,1.00,,0,394,0,269,0,-1.59,17.5,1.00,-0.181
233.60,FINAL,38.79,39.27,17.52,-1.66,-9.6,0.1,-13.7,-0.0,-913,0.43,-0.300,0.068,1.00,,0,393,0,268,0,-1.59,17.5,1.00,-0.181
233.70,FINAL,38.63,39.11,17.52,-1.66,-9.6,0.1,-13.7,-0.0,-911,0.43,-0.300,0.068,1.00,,0,391,0,266,0,-1.59,17.5,1.00,-0.181
233.80,FINAL,38.46,38.96,17.52,-1.66,-9.6,0.1,-13.7,-0.0,-909,0.43,-0.300,0.068,1.00,,0,389,0,264,0,-1.59,17.5,1.00,-0.180
233.90,FINAL,38.29,38.80,17.52,-1.66,-9.6,0.1,-13.7,-0.0,-908,0.43,-0.300,0.068,1.00,,0,388,0,263,0,-1.59,17.5,1.00,-0.180
234.00,FINAL,38.13,38.65,17.52,-1.66,-9.6,0.1,-13.7,-0.0,-906,0.43,-0.300,0.068,1.00,,0,386,0,261,0,-1.59,17.5,1.00,-0.180
234.10,FINAL,37.96,38.49,17.52,-1.66,-9.6,0.1,-13.7,-0.0,-904,0.43,-0.300,0.068,1.00,,0,384,0,259,0,-1.59,17.5,1.00,-0.180
234.20,FINAL,37.80,38.34,17.52,-1.66,-9.6,0.1,-13.7,-0.0,-903,0.43,-0.300,0.068,1.00,,0,383,0,258,0,-1.59,17.5,1.00,-0.180
234.30,FINAL,37.63,38.18,17.52,-1.66,-9.6,0.1,-13.7,-0.0,-901,0.43,-0.300,0.068,1.00,,0,381,0,256,0,-1.59,17.5,1.00,-0.180
234.40,FINAL,37.46,38.02,17.52,-1.66,-9.6,0.1,-13.7,-0.0,-899,0.43,-0.300,0.068,1.00,,0,379,0,254,0,-1.59,17.5,1.00,-0.180
234.50,FINAL,37.30,37.87,17.52,-1.66,-9.6,0.1,-13.6,-0.0,-898,0.43,-0.300,0.068,1.00,,0,378,0,253,0,-1.59,17.5,1.00,-0.180
234.60,FINAL,37.13,37.71,17.52,-1.66,-9.6,0.1,-13.6,-0.0,-896,0.43,-0.300,0.068,1.00,,0,376,0,251,0,-1.59,17.5,1.00,-0.180
234.70,FINAL,36.97,37.56,17.52,-1.66,-9.6,0.1,-13.6,-0.0,-894,0.43,-0.300,0.068,1.00,,0,374,0,249,0,-1.59,17.5,1.00,-0.180
234.80,FINAL,36.80,37.40,17.52,-1.66,-9.6,0.1,-13.6,-0.0,-893,0.43,-0.300,0.068,1.00,,0,373,0,248,0,-1.59,17.5,1.00,-0.180
234.90,FINAL,36.63,37.25,17.52,-1.66,-9.6,0.1,-13.6,-0.0,-891,0.43,-0.300,0.068,1.00,,0,371,0,246,0,-1.59,17.5,1.00,-0.180
235.00,FINAL,36.47,37.09,17.52,-1.66,-9.6,0.1,-13.6,-0.0,-889,0.43,-0.300,0.068,1.00,,0,369,0,244,0,-1.60,17.5,1.00,-0.180
235.10,FINAL,36.30,36.94,17.52,-1.66,-9.6,0.1,-13.6,-0.0,-888,0.43,-0.300,0.068,1.00,,0,368,0,243,0,-1.60,17.5,1.00,-0.180
235.20,FINAL,36.14,36.78,17.52,-1.66,-9.6,0.1,-13.6,-0.0,-886,0.43,-0.300,0.068,1.00,,0,366,0,241,0,-1.60,17.5,1.00,-0.180
235.30,FINAL,35.97,36.62,17.52,-1.66,-9.6,0.1,-13.6,-0.0,-884,0.43,-0.300,0.068,1.00,,0,364,0,239,0,-1.60,17.5,1.00,-0.180
235.40,FINAL,35.80,36.47,17.52,-1.66,-9.6,0.1,-13.6,-0.0,-883,0.43,-0.300,0.068,1.00,,0,363,0,238,0,-1.60,17.5,1.00,-0.180
235.50,FINAL,35.64,36.31,17.52,-1.66,-9.6,0.1,-13.6,-0.0,-881,0.43,-0.300,0.068,1.00,,0,361,0,236,0,-1.60,17.5,1.00,-0.180
235.60,FINAL,35.47,36.16,17.52,-1.66,-9.6,0.1,-13.6,-0.0,-879,0.43,-0.300,0.068,1.00,,0,359,0,234,0,-1.60,17.5,1.00,-0.180
235.70,FINAL,35.31,36.00,17.51,-1.66,-9.6,0.1,-13.6,-0.0,-878,0.43,-0.300,0.068,1.00,,0,358,0,233,0,-1.60,17.5,1.00,-0.180
235.80,FINAL,35.14,35.84,17.51,-1.66,-9.6,0.1,-13.5,-0.0,-876,0.43,-0.300,0.068,1.00,,0,356,0,231,0,-1.60,17.5,1.00,-0.180
235.90,FINAL,34.98,35.69,17.51,-1.65,-9.6,0.1,-13.5,-0.0,-874,0.43,-0.300,0.068,1.00,,0,354,0,229,0,-1.60,17.5,1.00,-0.180
236.00,FINAL,34.81,35.53,17.51,-1.65,-9.6,0.1,-13.5,-0.0,-872,0.43,-0.300,0.068,1.00,,0,352,0,227,0,-1.60,17.5,1.00,-0.181
236.10,FINAL,34.64,35.38,17.51,-1.65,-9.6,0.1,-13.5,-0.0,-871,0.43,-0.300,0.068,1.00,,0,351,0,226,0,-1.60,17.5,1.00,-0.181
236.20,FINAL,34.48,35.22,17.51,-1.65,-9.6,0.1,-13.5,-0.0,-869,0.43,-0.300,0.067,1.00,,0,349,0,224,0,-1.60,17.5,1.00,-0.181
236.30,FINAL,34.31,35.07,17.51,-1.65,-9.6,0.1,-13.5,-0.0,-867,0.43,-0.300,0.067,1.00,,0,347,0,222,0,-1.60,17.5,1.00,-0.181
236.40,FINAL,34.15,34.91,17.51,-1.65,-9.6,0.1,-13.5,-0.0,-866,0.43,-0.300,0.067,1.00,,0,346,0,221,0,-1.60,17.5,1.00,-0.181
236.50,FINAL,33.98,34.75,17.51,-1.65,-9.6,0.1,-13.5,-0.0,-864,0.43,-0.300,0.067,1.00,,0,344,0,219,0,-1.60,17.5,1.00,-0.181
236.60,FINAL,33.82,34.60,17.51,-1.65,-9.6,0.1,-13.5,-0.0,-862,0.43,-0.300,0.067,1.00,,0,342,0,217,0,-1.60,17.5,1.00,-0.181
236.70,FINAL,33.65,34.44,17.51,-1.65,-9.6,0.1,-13.5,-0.0,-861,0.43,-0.300,0.067,1.00,,0,341,0,216,0,-1.60,17.5,1.00,-0.181
236.80,FINAL,33.49,34.29,17.51,-1.65,-9.6,0.1,-13.5,-0.0,-859,0.43,-0.300,0.067,1.00,,0,339,0,214,0,-1.60,17.5,1.00,-0.181
236.90,FINAL,33.32,34.13,17.51,-1.65,-9.6,0.1,-13.5,-0.0,-857,0.43,-0.300,0.067,1.00,,0,337,0,212,0,-1.61,17.5,1.00,-0.181
237.00,FINAL,33.16,33.97,17.51,-1.65,-9.6,0.1,-13.4,-0.0,-856,0.43,-0.300,0.067,1.00,,0,336,0,211,0,-1.61,17.5,1.00,-0.181
237.10,FINAL,33.00,33.82,17.50,-1.65,-9.6,0.1,-13.4,-0.0,-854,0.43,-0.300,0.067,1.00,,0,334,0,209,0,-1.61,17.5,1.00,-0.182
237.20,FINAL,32.83,33.66,17.50,-1.64,-9.6,0.1,-13.4,-0.0,-852,0.43,-0.300,0.067,1.00,,0,332,0,207,0,-1.61,17.5,1.00,-0.182
237.30,FINAL,32.67,33.51,17.50,-1.64,-9.6,0.1,-13.4,-0.0,-851,0.43,-0.300,0.067,1.00,,0,331,0,206,0,-1.61,17.5,1.00,-0.182
237.40,FINAL,32.50,33.35,17.50,-1.64,-9.5,0.1,-13.4,-0.0,-849,0.43,-0.300,0.067,1.00,,0,329,0,204,0,-1.61,17.5,1.00,-0.182
237.50,FINAL,32.34,33.19,17.50,-1.64,-9.5,0.1,-13.4,-0.0,-847,0.43,-0.300,0.067,1.00,,0,327,0,202,0,-1.61,17.5,1.00,-0.182
237.60,FINAL,32.17,33.04,17.50,-1.64,-9.5,0.1,-13.4,-0.0,-846,0.43,-0.300,0.067,1.00,,0,326,0,201,0,-1.61,17.5,1.00,-0.182
237.70,FINAL,32.01,32.88,17.50,-1.64,-9.5,0.1,-13.4,-0.0,-844,0.43,-0.300,0.067,1.00,,0,324,0,199,0,-1.61,17.5,1.00,-0.183
237.80,FINAL,31.85,32.72,17.50,-1.64,-9.5,0.1,-13.4,-0.0,-842,0.43,-0.300,0.067,1.00,,0,322,0,197,0,-1.61,17.5,1.00,-0.183
237.90,FINAL,31.68,32.57,17.50,-1.64,-9.5,0.1,-13.4,-0.0,-841,0.43,-0.300,0.067,1.00,,0,321,0,196,0,-1.61,17.5,1.00,-0.183
238.00,FINAL,31.52,32.41,17.49,-1.64,-9.5,0.1,-13.4,-0.0,-839,0.43,-0.300,0.067,1.00,,0,319,0,194,0,-1.61,17.5,1.00,-0.183
238.10,FINAL,31.35,32.25,17.49,-1.64,-9.5,0.1,-13.3,-0.0,-837,0.43,-0.300,0.067,1.00,,0,317,0,192,0,-1.61,17.5,1.00,-0.183
238.20,FINAL,31.19,32.10,17.49,-1.63,-9.5,0.1,-13.3,-0.0,-836,0.43,-0.300,0.067,1.00,,0,316,0,191,0,-1.61,17.5,1.00,-0.183
238.30,FINAL,31.03,31.94,17.49,-1.63,-9.5,0.1,-13.3,-0.0,-834,0.43,-0.300,0.067,1.00,,0,314,0,189,0,-1.62,17.5,1.00,-0.184
238.40,FINAL,30.86,31.78,17.49,-1.63,-9.5,0.1,-13.3,-0.0,-832,0.43,-0.300,0.067,1.00,,0,312,0,187,0,-1.62,17.5,1.00,-0.184
238.50,FINAL,30.70,31.63,17.49,-1.63,-9.5,0.1,-13.3,-0.0,-831,0.43,-0.300,0.067,1.00,,0,311,0,186,0,-1.62,17.5,1.00,-0.184
238.60,FINAL,30.54,31.47,17.49,-1.63,-9.5,0.1,-13.3,-0.0,-829,0.43,-0.300,0.067,1.00,,0,309,0,184,0,-1.62,17.5,1.00,-0.184
238.70,FINAL,30.38,31.31,17.48,-1.63,-9.5,0.1,-13.3,-0.0,-827,0.43,-0.300,0.067,1.00,,0,307,0,182,0,-1.62,17.5,1.00,-0.184
238.80,FINAL,30.21,31.16,17.48,-1.63,-9.5,0.1,-13.3,-0.0,-825,0.43,-0.300,0.067,1.00,,0,305,0,180,0,-1.62,17.5,1.00,-0.185
238.90,FINAL,30.05,31.00,17.48,-1.63,-9.5,0.1,-13.3,-0.0,-824,0.43,-0.300,0.066,1.00,,0,304,0,179,0,-1.62,17.5,1.00,-0.185
239.00,FINAL,29.89,30.84,17.48,-1.63,-9.5,0.1,-13.3,-0.0,-822,0.43,-0.300,0.066,1.00,,0,302,0,177,0,-1.62,17.5,1.00,-0.185
239.10,FINAL,29.72,30.68,17.48,-1.63,-9.5,0.1,-13.3,-0.0,-820,0.43,-0.300,0.066,1.00,,0,300,0,175,0,-1.62,17.5,1.00,-0.185
239.20,FINAL,29.56,30.53,17.48,-1.63,-9.5,0.1,-13.2,-0.0,-819,0.43,-0.300,0.066,1.00,,0,299,0,174,0,-1.62,17.5,1.00,-0.186
239.30,FINAL,29.40,30.37,17.47,-1.62,-9.5,0.1,-13.2,-0.0,-817,0.43,-0.300,0.066,1.00,,0,297,0,172,0,-1.62,17.5,1.00,-0.186
239.40,FINAL,29.24,30.21,17.47,-1.62,-9.5,0.1,-13.2,-0.0,-815,0.43,-0.300,0.066,1.00,,0,295,0,170,0,-1.63,17.5,1.00,-0.186
239.50,FINAL,29.07,30.05,17.47,-1.62,-9.5,0.1,-13.2,-0.0,-814,0.43,-0.300,0.066,1.00,,0,294,0,169,0,-1.63,17.5,1.00,-0.186
239.60,FINAL,28.91,29.89,17.47,-1.62,-9.4,0.1,-13.2,-0.0,-812,0.43,-0.300,0.066,1.00,,0,292,0,167,0,-1.63,17.5,1.00,-0.187
239.70,FINAL,28.75,29.74,17.47,-1.62,-9.4,0.1,-13.2,-0.0,-810,0.43,-0.300,0.066,1.00,,0,290,0,165,0,-1.63,17.5,1.00,-0.187
239.80,FINAL,28.59,29.58,17.47,-1.62,-9.4,0.1,-13.2,-0.0,-809,0.43,-0.300,0.066,1.00,,0,289,0,164,0,-1.63,17.5,1.00,-0.187
239.90,FINAL,28.43,29.42,17.46,-1.62,-9.4,0.1,-13.2,-0.0,-807,0.43,-0.300,0.066,1.00,,0,287,0,162,0,-1.63,17.5,1.00,-0.187
240.00,FINAL,28.26,29.26,17.46,-1.62,-9.4,0.1,-13.2,-0.0,-805,0.43,-0.300,0.066,1.00,,0,285,0,160,0,-1.63,17.5,1.00,-0.188
240.10,FINAL,28.10,29.10,17.46,-1.62,-9.4,0.1,-13.2,-0.0,-804,0.43,-0.300,0.066,1.00,,0,284,0,159,0,-1.63,17.5,1.00,-0.188
240.20,FINAL,27.94,28.94,17.46,-1.62,-9.4,0.1,-13.2,-0.0,-802,0.43,-0.300,0.066,1.00,,0,282,0,157,0,-1.63,17.5,1.00,-0.188
240.30,FINAL,27.78,28.79,17.46,-1.62,-9.4,0.1,-13.1,-0.0,-800,0.43,-0.300,0.066,1.00,,0,280,0,155,0,-1.63,17.5,1.00,-0.188
240.40,FINAL,27.62,28.63,17.46,-1.62,-9.4,0.1,-13.1,-0.0,-799,0.43,-0.300,0.066,1.00,,0,279,0,154,0,-1.64,17.5,1.00,-0.189
240.50,FINAL,27.45,28.47,17.45,-1.62,-9.4,0.1,-13.1,-0.0,-797,0.43,-0.300,0.066,1.00,,0,277,0,152,0,-1.64,17.5,1.00,-0.189
240.60,FINAL,27.29,28.31,17.45,-1.62,-9.4,0.1,-13.1,-0.0,-795,0.43,-0.300,0.066,1.00,,0,275,0,150,0,-1.64,17.5,1.00,-0.189
240.70,FINAL,27.13,28.15,17.45,-1.62,-9.4,0.1,-13.1,-0.0,-794,0.43,-0.300,0.066,1.00,,0,274,0,149,0,-1.64,17.5,1.00,-0.189
240.80,FINAL,26.97,27.99,17.45,-1.62,-9.4,0.1,-13.1,-0.0,-792,0.43,-0.300,0.066,1.00,,0,272,0,147,0,-1.64,17.5,1.00,-0.190
240.90,FINAL,26.81,27.83,17.45,-1.62,-9.4,0.1,-13.1,-0.0,-790,0.43,-0.300,0.066,1.00,,0,270,0,145,0,-1.64,17.5,1.00,-0.190
241.00,FINAL,26.65,27.67,17.44,-1.61,-9.4,0.1,-13.1,-0.0,-789,0.43,-0.300,0.066,1.00,,0,269,0,144,0,-1.64,17.5,1.00,-0.190
241.10,FINAL,26.48,27.51,17.44,-1.61,-9.4,0.1,-13.1,-0.0,-787,0.43,-0.300,0.066,1.00,,0,267,0,142,0,-1.64,17.5,1.00,-0.190
241.20,FINAL,26.32,27.35,17.44,-1.61,-9.4,0.1,-13.1,-0.0,-785,0.43,-0.300,0.066,1.00,,0,265,0,140,0,-1.64,17.5,1.00,-0.191
241.30,FINAL,26.16,27.19,17.44,-1.61,-9.4,0.1,-13.1,-0.0,-784,0.43,-0.300,0.066,1.00,,0,264,0,139,0,-1.65,17.5,1.00,-0.191
241.40,FINAL,26.00,27.03,17.44,-1.61,-9.4,0.1,-13.0,-0.0,-782,0.43,-0.300,0.065,1.00,,0,262,0,137,0,-1.65,17.5,1.00,-0.191
241.50,FINAL,25.84,26.87,17.44,-1.61,-9.4,0.1,-13.0,-0.1,-780,0.43,-0.300,0.065,1.00,,0,260,0,135,0,-1.65,17.5,1.00,-0.192
241.60,FINAL,25.68,26.71,17.43,-1.61,-9.4,0.1,-13.0,-0.1,-778,0.43,-0.300,0.065,1.00,,0,258,0,133,0,-1.65,17.5,1.00,-0.192
241.70,FINAL,25.52,26.55,17.43,-1.61,-9.4,0.1,-13.0,-0.1,-777,0.43,-0.300,0.065,1.00,,0,257,0,132,0,-1.65,17.5,1.00,-0.192
241.80,FINAL,25.36,26.39,17.43,-1.61,-9.4,0.1,-13.0,-0.1,-775,0.43,-0.300,0.065,1.00,,0,255,0,130,0,-1.65,17.5,1.00,-0.192
241.90,FINAL,25.19,26.23,17.43,-1.61,-9.4,0.1,-13.0,-0.1,-773,0.43,-0.300,0.065,1.00,,0,253,0,128,0,-1.65,17.5,1.00,-0.193
242.00,FINAL,25.03,26.07,17.43,-1.61,-9.4,0.1,-13.0,-0.1,-772,0.43,-0.300,0.065,1.00,,0,252,0,127,0,-1.65,17.5,1.00,-0.193
242.10,FINAL,24.87,25.90,17.43,-1.61,-9.4,0.1,-13.0,-0.1,-770,0.43,-0.300,0.065,1.00,,0,250,0,125,0,-1.66,17.5,1.00,-0.193
242.20,FINAL,24.71,25.74,17.42,-1.61,-9.4,0.1,-13.0,-0.1,-768,0.43,-0.300,0.065,1.00,,0,248,0,123,0,-1.66,17.5,1.00,-0.194
242.30,FINAL,24.55,25.58,17.42,-1.61,-9.4,0.1,-13.0,-0.1,-767,0.43,-0.300,0.065,1.00,,0,247,0,122,0,-1.66,17.5,1.00,-0.194
242.40,FINAL,24.39,25.42,17.42,-1.61,-9.4,0.1,-12.9,-0.1,-765,0.43,-0.300,0.065,1.00,,0,245,0,120,0,-1.66,17.5,1.00,-0.194
242.50,FINAL,24.23,25.26,17.42,-1.61,-9.4,0.1,-12.9,-0.1,-763,0.43,-0.300,0.065,1.00,,0,243,0,118,0,-1.66,17.5,1.00,-0.194
242.60,FINAL,24.07,25.10,17.42,-1.61,-9.4,0.1,-12.9,-0.1,-762,0.43,-0.300,0.065,1.00,,0,242,0,117,0,-1.66,17.5,1.00,-0.195
242.70,FINAL,23.90,24.94,17.42,-1.61,-9.4,0.1,-12.9,-0.1,-760,0.43,-0.300,0.065,1.00,,0,240,0,115,0,-1.66,17.5,1.00,-0.195
242.80,FINAL,23.74,24.78,17.41,-1.61,-9.3,0.1,-12.9,-0.1,-758,0.43,-0.300,0.065,1.00,,0,238,0,113,0,-1.66,17.5,1.00,-0.195
242.90,FINAL,23.58,24.61,17.41,-1.61,-9.3,0.1,-12.9,-0.1,-757,0.43,-0.300,0.065,1.00,,0,237,0,112,0,-1.66,17.5,1.00,-0.195
243.00,FINAL,23.42,24.45,17.41,-1.61,-9.3,0.1,-12.9,-0.1,-755,0.43,-0.300,0.065,1.00,,0,235,0,110,0,-1.67,17.5,1.00,-0.196
243.10,FINAL,23.26,24.29,17.41,-1.61,-9.3,0.1,-12.9,-0.1,-753,0.43,-0.300,0.065,1.00,,0,233,0,108,0,-1.67,17.5,1.00,-0.196
243.20,FINAL,23.10,24.13,17.41,-1.61,-9.3,0.1,-12.9,-0.1,-752,0.43,-0.300,0.065,1.00,,0,232,0,107,0,-1.67,17.5,1.00,-0.196
243.30,FINAL,22.94,23.97,17.41,-1.61,-9.3,0.1,-12.9,-0.1,-750,0.43,-0.300,0.065,1.00,,0,230,0,105,0,-1.67,17.5,1.00,-0.197
243.40,FINAL,22.78,23.81,17.40,-1.61,-9.3,0.1,-12.8,-0.1,-748,0.43,-0.300,0.065,1.00,,0,228,0,103,0,-1.67,17.5,1.00,-0.197
243.50,FINAL,22.61,23.65,17.40,-1.61,-9.3,0.1,-12.8,-0.1,-747,0.43,-0.300,0.064,1.00,,0,227,0,102,0,-1.67,17.5,1.00,-0.197
243.60,FINAL,22.45,23.49,17.40,-1.61,-9.3,0.1,-12.8,-0.1,-745,0.43,-0.300,0.064,1.00,,0,225,0,100,0,-1.67,17.5,1.00,-0.197
243.70,FINAL,22.29,23.32,17.40,-1.61,-9.3,0.1,-12.8,-0.1,-743,0.43,-0.300,0.064,1.00,,0,223,0,98,0,-1.67,17.5,1.00,-0.198
243.80,FINAL,22.13,23.16,17.40,-1.61,-9.3,0.1,-12.8,-0.1,-742,0.43,-0.300,0.064,1.00,,0,222,0,97,0,-1.68,17.5,1.00,-0.198
243.90,FINAL,21.97,23.00,17.40,-1.61,-9.3,0.1,-12.8,-0.1,-740,0.43,-0.300,0.064,1.00,,0,220,0,95,0,-1.68,17.5,1.00,-0.198
244.00,FINAL,21.81,22.84,17.40,-1.61,-9.3,0.1,-12.8,-0.1,-738,0.43,-0.300,0.064,1.00,,0,218,0,93,0,-1.68,17.5,1.00,-0.199
244.10,FINAL,21.65,22.68,17.39,-1.61,-9.3,0.1,-12.8,-0.1,-737,0.43,-0.300,0.064,1.00,,0,217,0,92,0,-1.68,17.5,1.00,-0.199
244.20,FINAL,21.49,22.52,17.39,-1.61,-9.3,0.1,-12.8,-0.1,-735,0.43,-0.300,0.064,1.00,,0,215,0,90,0,-1.68,17.5,1.00,-0.199
244.30,FINAL,21.32,22.36,17.39,-1.61,-9.3,0.1,-12.8,-0.1,-733,0.43,-0.300,0.064,1.00,,0,213,0,88,0,-1.68,17.5,1.00,-0.199
244.40,FINAL,21.16,22.20,17.39,-1.61,-9.3,0.1,-12.7,-0.1,-732,0.43,-0.300,0.064,1.00,,0,212,0,87,0,-1.68,17.5,1.00,-0.200
244.50,FINAL,21.00,22.03,17.39,-1.61,-9.3,0.1,-12.7,-0.1,-730,0.43,-0.300,0.064,1.00,,0,210,0,85,0,-1.68,17.5,1.00,-0.200
244.60,FINAL,20.84,21.87,17.39,-1.61,-9.3,0.1,-12.7,-0.1,-728,0.43,-0.300,0.064,1.00,,0,208,0,83,0,-1.68,17.5,1.00,-0.200
244.70,FINAL,20.68,21.71,17.38,-1.61,-9.3,0.1,-12.7,-0.1,-727,0.43,-0.300,0.064,1.00,,0,207,0,82,0,-1.69,17.5,1.00,-0.201
244.80,FINAL,20.52,21.55,17.38,-1.61,-9.3,0.1,-12.7,-0.1,-725,0.43,-0.300,0.064,1.00,,0,205,0,80,0,-1.69,17.5,1.00,-0.201
244.90,FINAL,20.36,21.39,17.38,-1.61,-9.3,0.1,-12.7,-0.1,-723,0.43,-0.300,0.064,1.00,,0,203,0,78,0,-1.69,17.5,1.00,-0.201
245.00,FINAL,20.19,21.23,17.38,-1.61,-9.3,0.1,-12.7,-0.1,-722,0.43,-0.300,0.064,1.00,,0,202,0,77,0,-1.69,17.5,1.00,-0.202
245.10,FINAL,20.03,21.07,17.38,-1.62,-9.3,0.1,-12.7,-0.1,-720,0.43,-0.300,0.064,1.00,,0,200,0,75,0,-1.69,17.5,1.00,-0.202
245.20,FINAL,19.87,20.90,17.38,-1.62,-9.3,0.1,-12.7,-0.1,-718,0.43,-0.300,0.064,1.00,,0,198,0,73,0,-1.69,17.5,1.00,-0.202
245.30,FINAL,19.71,20.74,17.38,-1.62,-9.3,0.1,-12.6,-0.1,-717,0.43,-0.300,0.063,1.00,,0,197,0,72,0,-1.69,17.5,1.00,-0.202
245.40,FINAL,19.55,20.58,17.38,-1.62,-9.3,0.1,-12.6,-0.1,-715,0.43,-0.300,0.063,1.00,,0,195,0,70,0,-1.69,17.5,1.00,-0.203
245.50,FINAL,19.39,20.42,17.37,-1.62,-9.3,0.1,-12.6,-0.1,-713,0.43,-0.300,0.063,1.00,,0,193,0,68,0,-1.70,17.5,1.00,-0.203
245.60,FINAL,19.23,20.26,17.37,-1.62,-9.3,0.1,-12.6,-0.1,-712,0.43,-0.300,0.063,1.00,,0,192,0,67,0,-1.70,17.5,1.00,-0.203
245.70,FINAL,19.06,20.10,17.37,-1.62,-9.3,0.1,-12.6,-0.1,-710,0.43,-0.300,0.063,1.00,,0,190,0,65,0,-1.70,17.5,1.00,-0.204
245.80,FINAL,18.90,19.93,17.37,-1.62,-9.3,0.1,-12.6,-0.1,-708,0.43,-0.300,0.063,1.00,,0,188,0,63,0,-1.70,17.5,1.00,-0.204
245.90,FINAL,18.74,19.77,17.37,-1.62,-9.3,0.1,-12.6,-0.1,-706,0.43,-0.300,0.063,1.00,,0,186,0,61,0,-1.70,17.5,1.00,-0.204
246.00,FINAL,18.58,19.61,17.37,-1.62,-9.3,0.1,-12.6,-0.1,-705,0.43,-0.300,0.063,1.00,,0,185,0,60,0,-1.70,17.5,1.00,-0.204
246.10,FINAL,18.42,19.45,17.37,-1.62,-9.3,0.1,-12.5,-0.1,-703,0.43,-0.300,0.063,1.00,,0,183,0,58,0,-1.70,17.5,1.00,-0.205
246.20,FINAL,18.26,19.29,17.36,-1.62,-9.3,0.1,-12.5,-0.1,-701,0.43,-0.300,0.063,1.00,,0,181,0,56,0,-1.70,17.5,1.00,-0.205
246.30,FINAL,18.09,19.13,17.36,-1.62,-9.3,0.1,-12.5,-0.1,-700,0.43,-0.300,0.063,1.00,,0,180,0,55,0,-1.70,17.5,1.00,-0.205
246.40,FINAL,17.93,18.96,17.36,-1.62,-9.3,0.1,-12.5,-0.1,-698,0.43,-0.300,0.063,1.00,,0,178,0,53,0,-1.71,17.5,1.00,-0.206
246.50,FINAL,17.77,18.80,17.36,-1.62,-9.3,0.1,-12.5,-0.1,-696,0.43,-0.300,0.063,1.00,,0,176,0,51,0,-1.71,17.5,1.00,-0.206
246.60,FINAL,17.61,18.64,17.36,-1.62,-9.3,0.1,-12.5,-0.1,-695,0.43,-0.300,0.063,1.00,,0,175,0,50,0,-1.71,17.5,1.00,-0.206
246.70,FINAL,17.45,18.48,17.36,-1.62,-9.3,0.1,-12.5,-0.1,-693,0.43,-0.300,0.063,1.00,,0,173,0,48,0,-1.71,17.5,1.00,-0.207
246.80,FINAL,17.28,18.32,17.36,-1.62,-9.3,0.1,-12.5,-0.1,-691,0.43,-0.300,0.063,1.00,,0,171,0,46,0,-1.71,17.5,1.00,-0.207
246.90,FINAL,17.12,18.16,17.35,-1.62,-9.3,0.1,-12.4,-0.1,-690,0.43,-0.300,0.062,1.00,,0,170,0,45,0,-1.71,17.5,1.00,-0.207
247.00,FINAL,16.96,17.99,17.35,-1.62,-9.3,0.1,-12.4,-0.1,-688,0.43,-0.300,0.062,1.00,,0,168,0,43,0,-1.71,17.5,1.00,-0.208
247.10,FINAL,16.80,17.83,17.35,-1.62,-9.3,0.1,-12.4,-0.1,-686,0.43,-0.300,0.062,1.00,,0,166,0,41,0,-1.71,17.5,1.00,-0.208
247.20,FINAL,16.64,17.67,17.35,-1.62,-9.3,0.1,-12.4,-0.1,-685,0.43,-0.300,0.062,1.00,,0,165,0,40,0,-1.71,17.5,1.00,-0.208
247.30,FINAL,16.48,17.51,17.35,-1.62,-9.3,0.1,-12.4,-0.1,-683,0.43,-0.300,0.062,1.00,,0,163,0,38,0,-1.71,17.5,1.00,-0.209
247.40,FINAL,16.31,17.35,17.35,-1.62,-9.3,0.1,-12.4,-0.1,-681,0.43,-0.300,0.062,1.00,,0,161,0,36,0,-1.72,17.5,1.00,-0.209
247.50,FINAL,16.15,17.18,17.35,-1.62,-9.3,0.1,-12.4,-0.1,-680,0.43,-0.300,0.062,1.00,,0,160,0,35,0,-1.72,17.5,1.00,-0.209
247.60,FINAL,15.99,17.02,17.35,-1.62,-9.3,0.1,-12.3,-0.1,-678,0.43,-0.300,0.062,1.00,,0,158,0,33,0,-1.72,17.5,1.00,-0.209
247.70,FINAL,15.83,16.86,17.34,-1.62,-9.3,0.1,-12.3,-0.1,-676,0.43,-0.300,0.062,1.00,,0,156,0,31,0,-1.72,17.5,1.00,-0.210
247.80,FINAL,15.67,16.70,17.34,-1.62,-9.3,0.1,-12.3,-0.1,-675,0.43,-0.300,0.062,1.00,,0,155,0,30,0,-1.72,17.5,1.00,-0.210
247.90,FINAL,15.50,16.54,17.34,-1.62,-9.3,0.1,-12.3,-0.1,-673,0.43,-0.300,0.062,1.00,,0,153,0,28,0,-1.72,17.5,1.00,-0.210
248.00,FINAL,15.34,16.37,17.34,-1.62,-9.3,0.1,-12.3,-0.1,-671,0.43,-0.300,0.062,1.00,,0,151,0,26,0,-1.72,17.5,1.00,-0.210
248.10,FINAL,15.18,16.21,17.34,-1.62,-9.3,0.1,-12.3,-0.1,-670,0.43,-0.300,0.062,1.00,,0,150,0,25,0,-1.72,17.5,1.00,-0.210
248.20,FINAL,15.02,16.05,17.34,-1.62,-9.3,0.1,-12.2,-0.1,-668,0.43,-0.300,0.062,1.00,,0,148,0,23,0,-1.72,17.5,1.00,-0.210
248.30,FINAL,14.85,15.89,17.34,-1.63,-9.3,0.1,-12.2,-0.1,-666,0.43,-0.300,0.062,1.00,,0,146,0,21,0,-1.73,17.5,1.00,-0.210
248.40,FINAL,14.69,15.72,17.34,-1.63,-9.3,0.1,-12.2,-0.1,-665,0.43,-0.300,0.061,1.00,,0,145,0,20,0,-1.73,17.5,1.00,-0.210
248.50,FINAL,14.53,15.56,17.34,-1.63,-9.3,0.1,-12.2,-0.1,-663,0.43,-0.300,0.061,1.00,,0,143,0,18,0,-1.73,17.5,1.00,-0.210
248.60,FINAL,14.37,15.40,17.34,-1.63,-9.3,0.1,-12.2,-0.1,-661,0.43,-0.300,0.061,1.00,,0,141,0,16,0,-1.73,17.5,1.00,-0.210
248.70,FINAL,14.20,15.24,17.34,-1.63,-9.3,0.1,-12.2,-0.1,-660,0.43,-0.300,0.061,1.00,,0,140,0,15,0,-1.73,17.5,1.00,-0.210
248.80,FINAL,14.04,15.07,17.33,-1.63,-9.3,0.1,-12.2,-0.1,-658,0.43,-0.300,0.061,1.00,,0,138,0,13,0,-1.73,17.5,1.00,-0.210
248.90,FINAL,13.88,14.91,17.33,-1.63,-9.3,0.1,-12.1,-0.1,-656,0.43,-0.300,0.061,1.00,,0,136,0,11,0,-1.73,17.5,1.00,-0.210
249.00,FINAL,13.71,14.75,17.33,-1.63,-9.3,0.1,-12.1,-0.1,-655,0.43,-0.300,0.061,1.00,,0,135,0,10,0,-1.73,17.5,1.00,-0.210
249.10,FINAL,13.55,14.58,17.33,-1.63,-9.3,0.1,-12.1,-0.1,-653,0.43,-0.300,0.061,1.00,,0,133,0,8,0,-1.73,17.5,1.00,-0.210
249.20,FINAL,13.39,14.42,17.33,-1.64,-9.3,0.1,-12.1,-0.1,-651,0.43,-0.300,0.061,1.00,,0,131,0,6,0,-1.73,17.5,1.00,-0.210
249.30,FINAL,13.22,14.26,17.33,-1.64,-9.3,0.1,-12.1,-0.1,-650,0.43,-0.300,0.061,1.00,,0,130,0,5,0,-1.73,17.5,1.00,-0.210
249.40,FINAL,13.06,14.09,17.33,-1.64,-9.3,0.1,-12.1,-0.1,-648,0.43,-0.300,0.061,1.00,,0,128,0,3,0,-1.74,17.5,1.00,-0.210
249.50,FINAL,12.90,13.93,17.33,-1.64,-9.3,0.1,-12.0,-0.1,-646,0.43,-0.300,0.061,1.00,,0,126,0,1,0,-1.74,17.5,1.00,-0.210
249.60,FINAL,12.73,13.76,17.33,-1.64,-9.3,0.1,-12.0,-0.1,-645,0.43,-0.300,0.061,1.00,,0,125,0,-0,0,-1.74,17.5,1.00,-0.210
249.70,FINAL,12.57,13.60,17.33,-1.64,-9.3,0.1,-12.0,-0.1,-643,0.43,-0.300,0.060,1.00,,0,123,0,-2,0,-1.74,17.5,1.00,-0.210
249.80,FINAL,12.40,13.44,17.33,-1.64,-9.3,0.1,-12.0,-0.1,-641,0.43,-0.300,0.060,1.00,,0,121,0,-4,0,-1.74,17.5,1.00,-0.210
249.90,FINAL,12.24,13.27,17.33,-1.65,-9.3,0.1,-12.0,-0.1,-640,0.43,-0.300,0.060,1.00,,0,120,0,-5,0,-1.74,17.5,1.00,-0.210
250.00,FINAL,12.08,13.11,17.33,-1.65,-9.4,0.1,-12.0,-0.1,-638,0.43,-0.300,0.060,1.00,,0,118,0,-7,0,-1.74,17.5,1.00,-0.210
250.10,FINAL,11.91,12.94,17.33,-1.65,-9.4,0.1,-11.9,-0.1,-636,0.43,-0.300,0.060,1.00,,0,116,0,-9,0,-1.74,17.5,1.00,-0.210
250.20,FINAL,11.75,12.78,17.33,-1.65,-9.4,0.1,-11.9,-0.1,-635,0.43,-0.300,0.060,1.00,,0,115,0,-10,0,-1.74,17.5,1.00,-0.210
250.30,FINAL,11.58,12.61,17.33,-1.65,-9.4,0.1,-11.9,-0.1,-633,0.43,-0.300,0.060,1.00,,0,113,0,-12,0,-1.74,17.5,1.00,-0.210
250.40,FINAL,11.42,12.45,17.33,-1.65,-9.4,0.1,-11.9,-0.1,-631,0.43,-0.300,0.060,1.00,,0,111,0,-14,0,-1.74,17.5,1.00,-0.210
250.50,FINAL,11.25,12.28,17.33,-1.65,-9.4,0.1,-11.9,-0.1,-630,0.43,-0.300,0.060,1.00,,0,110,0,-15,0,-1.74,17.5,1.00,-0.210
250.60,FINAL,11.08,12.12,17.33,-1.65,-9.4,0.1,-11.8,-0.1,-628,0.43,-0.300,0.060,1.00,,0,108,0,-17,0,-1.74,17.5,1.00,-0.210
250.70,FINAL,10.92,11.95,17.33,-1.66,-9.4,0.1,-11.8,-0.1,-626,0.43,-0.300,0.060,1.00,,0,106,0,-19,0,-1.74,17.5,1.00,-0.210
250.80,FINAL,10.75,11.79,17.33,-1.66,-9.4,0.1,-11.8,-0.1,-624,0.43,-0.300,0.059,1.00,,0,104,0,-21,0,-1.75,17.5,1.00,-0.210
250.90,FINAL,10.59,11.62,17.33,-1.66,-9.4,0.1,-11.8,-0.1,-623,0.43,-0.300,0.059,1.00,,0,103,0,-22,0,-1.75,17.5,1.00,-0.210
251.00,FINAL,10.42,11.45,17.33,-1.66,-9.4,0.1,-11.8,-0.1,-621,0.43,-0.300,0.059,1.00,,0,101,0,-24,0,-1.75,17.5,1.00,-0.210
251.10,FINAL,10.26,11.29,17.33,-1.66,-9.4,0.1,-11.7,-0.1,-619,0.43,-0.300,0.059,1.00,,0,99,0,-26,0,-1.75,17.5,1.00,-0.210
251.20,FINAL,10.09,11.12,17.33,-1.66,-9.4,0.1,-11.7,-0.1,-618,0.43,-0.300,0.059,1.00,,0,98,0,-27,0,-1.75,17.5,1.00,-0.210
251.30,FINAL,9.92,10.96,17.33,-1.66,-9.4,0.1,-11.7,-0.1,-616,0.43,-0.300,0.059,1.00,,0,96,0,-29,0,-1.75,17.5,1.00,-0.210
251.40,FINAL,9.76,10.79,17.33,-1.67,-9.4,0.1,-11.7,-0.1,-614,0.42,-0.300,0.059,1.00,,0,94,0,-31,0,-1.75,17.5,1.00,-0.210
251.50,FINAL,9.59,10.62,17.33,-1.67,-9.4,0.1,-11.7,-0.1,-613,0.42,-0.300,0.059,1.00,,0,93,0,-32,0,-1.75,17.5,1.00,-0.210
251.60,FINAL,9.42,10.46,17.33,-1.67,-9.4,0.1,-11.6,-0.1,-611,0.42,-0.300,0.059,1.00,,0,91,0,-34,0,-1.75,17.5,1.00,-0.210
251.70,FINAL,9.26,10.29,17.33,-1.67,-9.4,0.1,-11.6,-0.1,-609,0.42,-0.300,0.059,1.00,,0,89,0,-36,0,-1.75,17.5,1.00,-0.210
251.80,FINAL,9.09,10.12,17.33,-1.67,-9.4,0.1,-11.6,-0.1,-608,0.42,-0.300,0.058,1.00,,0,88,0,-37,0,-1.75,17.5,1.00,-0.210
251.90,FINAL,8.92,9.96,17.33,-1.67,-9.4,0.1,-11.6,-0.1,-606,0.42,-0.300,0.058,1.00,,0,86,0,-39,0,-1.75,17.5,1.00,-0.210
252.00,FINAL,8.76,9.79,17.33,-1.67,-9.4,0.1,-11.5,-0.1,-604,0.42,-0.300,0.058,1.00,,0,84,0,-41,0,-1.75,17.5,1.00,-0.210
252.10,FINAL,8.59,9.62,17.33,-1.67,-9.4,0.1,-11.5,-0.1,-603,0.42,-0.300,0.058,1.00,,0,83,0,-42,0,-1.75,17.5,1.00,-0.210
252.20,FINAL,8.42,9.45,17.33,-1.67,-9.4,0.1,-11.5,-0.0,-601,0.42,-0.300,0.058,1.00,,0,81,0,-44,0,-1.75,17.5,1.00,-0.210
252.30,FINAL,8.25,9.29,17.34,-1.67,-9.4,0.1,-11.5,-0.0,-599,0.42,-0.300,0.058,1.00,,0,79,0,-46,0,-1.75,17.5,1.00,-0.210
252.40,FLARE,8.09,9.12,17.34,-1.69,-9.4,0.1,-11.4,-0.0,-598,0.00,-0.300,0.057,1.00,,,,0,-47,0,,,,
252.50,FLARE,7.92,8.95,17.25,-1.79,-9.5,0.1,-11.4,-0.0,-596,0.00,-0.300,0.052,1.00,,,,0,-49,0,,,,
252.60,FLARE,7.73,8.77,17.18,-1.89,-9.7,0.2,-11.4,-0.1,-594,0.00,-0.300,0.052,1.00,,,,0,-51,0,,,,
252.70,FLARE,7.54,8.57,17.10,-1.98,-10.0,0.3,-11.4,-0.1,-593,0.00,-0.266,0.053,1.00,,,,0,-52,0,,,,
252.80,FLARE,7.34,8.37,17.04,-2.09,-10.3,0.4,-11.4,-0.1,-591,0.00,-0.165,0.054,1.00,,,,0,-54,0,,,,
252.90,FLARE,7.13,8.16,16.98,-2.22,-10.7,0.5,-11.3,-0.1,-589,0.00,-0.056,0.055,1.00,,,,0,-56,0,,,,
253.00,FLARE,6.90,7.93,16.92,-2.35,-11.0,0.6,-11.3,-0.1,-588,0.00,0.054,0.056,1.00,,,,0,-57,0,,,,
253.10,FLARE,6.66,7.69,16.87,-2.48,-11.1,0.6,-11.4,-0.1,-586,0.00,0.151,0.057,1.00,,,,0,-59,0,,,,
253.20,FLARE,6.41,7.44,16.82,-2.59,-10.9,0.7,-11.4,-0.1,-584,0.00,0.228,0.058,1.00,,,,0,-61,0,,,,
253.30,FLARE,6.15,7.18,16.76,-2.67,-10.5,0.7,-11.4,-0.1,-583,0.00,0.289,0.058,1.00,,,,0,-62,0,,,,
253.40,FLARE,5.88,6.91,16.71,-2.72,-9.8,0.7,-11.4,-0.1,-581,0.03,0.336,0.059,1.00,,,,0,-64,0,,,,
253.50,FLARE,5.61,6.64,16.66,-2.71,-8.9,0.7,-11.5,-0.1,-580,0.07,0.288,0.060,1.00,,,,0,-65,0,,,,
253.60,FLARE,5.34,6.37,16.61,-2.64,-7.7,0.7,-11.5,-0.1,-578,0.07,0.226,0.061,1.00,,,,0,-67,0,,,,
253.70,FLARE,5.08,6.11,16.55,-2.53,-6.5,0.7,-11.6,-0.1,-576,0.05,0.170,0.062,1.00,,,,0,-69,0,,,,
253.80,FLARE,4.83,5.86,16.48,-2.39,-5.3,0.7,-11.6,-0.1,-575,0.03,0.134,0.061,1.00,,,,0,-70,0,,,,
253.90,FLARE,4.59,5.63,16.39,-2.24,-4.3,0.7,-11.6,-0.2,-573,0.00,0.117,0.061,1.00,,,,0,-72,0,,,,
254.00,FLARE,4.37,5.41,16.28,-2.08,-3.4,0.7,-11.7,-0.2,-572,0.00,0.116,0.060,1.00,,,,0,-73,0,,,,
254.10,FLARE,4.17,5.20,16.17,-1.93,-2.7,0.7,-11.7,-0.2,-570,0.00,0.126,0.059,1.00,,,,0,-75,0,,,,
254.20,FLARE,3.98,5.02,16.05,-1.78,-2.1,0.7,-11.7,-0.2,-569,0.00,0.143,0.059,1.00,,,,0,-76,0,,,,
254.30,FLARE,3.81,4.84,15.93,-1.66,-1.7,0.7,-11.7,-0.2,-567,0.00,0.165,0.059,1.00,,,,0,-78,0,,,,
254.40,FLARE,3.65,4.68,15.80,-1.56,-1.5,0.8,-11.7,-0.2,-565,0.00,0.188,0.059,1.00,,,,0,-80,0,,,,
254.50,FLARE,3.49,4.53,15.67,-1.48,-1.3,0.8,-11.7,-0.2,-564,0.00,0.211,0.080,1.00,,,,0,-81,0,,,,
254.60,FLARE,3.35,4.38,15.54,-1.42,-1.3,0.8,-11.7,-0.2,-562,0.00,0.232,0.208,1.00,,,,0,-83,0,,,,
254.70,FLARE,3.21,4.24,15.42,-1.38,-1.3,0.9,-11.6,-0.2,-561,0.03,0.250,0.336,1.00,,,,0,-84,0,,,,
254.80,FLARE,3.07,4.10,15.30,-1.35,-1.3,0.9,-11.5,-0.3,-559,0.07,0.263,0.350,1.00,,,,0,-86,0,,,,
254.90,FLARE,2.94,3.97,15.19,-1.33,-1.2,0.9,-11.2,-0.3,-558,0.12,0.269,0.350,1.00,,,,0,-87,0,,,,
255.00,FLARE,2.80,3.84,15.09,-1.30,-1.1,0.8,-10.9,-0.3,-556,0.17,0.265,0.350,1.00,,,,0,-89,0,,,,
255.10,FLARE,2.68,3.71,15.00,-1.26,-1.0,0.7,-10.4,-0.3,-555,0.22,0.253,0.350,1.00,,,,0,-90,0,,,,
255.20,FLARE,2.55,3.58,14.92,-1.22,-0.7,0.5,-9.9,-0.3,-554,0.28,0.235,0.350,1.00,,,,0,-91,0,,,,
255.30,FLARE,2.43,3.46,14.85,-1.16,-0.3,0.3,-9.3,-0.3,-552,0.33,0.211,0.350,1.00,,,,0,-93,0,,,,
255.40,FLARE,2.32,3.35,14.78,-1.09,0.1,0.2,-8.6,-0.3,-551,0.38,0.182,0.350,1.00,,,,0,-94,0,,,,
255.50,FLARE,2.21,3.24,14.72,-1.01,0.7,-0.1,-7.8,-0.3,-549,0.40,0.147,0.350,1.00,,,,0,-96,0,,,,
255.60,FLARE,2.11,3.14,14.66,-0.91,1.4,-0.3,-7.0,-0.3,-548,0.40,0.086,0.350,1.00,,,,0,-97,0,,,,
255.70,FLARE,2.02,3.06,14.59,-0.80,2.1,-0.5,-6.0,-0.3,-546,0.40,0.009,0.339,1.00,,,,0,-99,0,,,,
255.80,FLARE,1.95,2.98,14.51,-0.69,2.6,-0.7,-5.1,-0.3,-545,0.40,-0.054,0.296,1.00,,,,0,-100,0,,,,
255.90,FLARE,1.88,2.92,14.43,-0.58,2.8,-0.8,-4.0,-0.4,-544,0.40,-0.093,0.253,1.00,,,,0,-101,0,,,,
256.00,FLARE,1.83,2.86,14.35,-0.50,2.7,-0.9,-3.1,-0.4,-542,0.40,-0.109,0.214,1.00,,,,0,-103,0,,,,
256.10,FLARE,1.78,2.81,14.27,-0.46,2.3,-1.0,-2.1,-0.4,-541,0.40,-0.104,0.181,1.00,,,,0,-104,0,,,,
256.20,FLARE,1.73,2.77,14.20,-0.45,1.7,-1.0,-1.2,-0.4,-539,0.40,-0.086,0.151,1.00,,,,0,-106,0,,,,
256.30,FLARE,1.69,2.72,14.13,-0.49,1.1,-0.9,-0.4,-0.4,-538,0.40,-0.059,0.128,1.00,,,,0,-107,0,,,,
256.40,FLARE,1.64,2.67,14.08,-0.57,0.4,-0.7,0.3,-0.4,-537,0.40,-0.028,0.109,1.00,,,,0,-108,0,,,,
256.50,FLARE,1.58,2.61,14.04,-0.66,-0.3,-0.6,0.9,-0.5,-535,0.40,0.008,0.094,1.00,,,,0,-110,0,,,,
256.60,FLARE,1.51,2.54,14.01,-0.77,-0.9,-0.3,1.4,-0.5,-534,0.40,0.048,0.084,1.00,,,,0,-111,1,,,,
256.70,FLARE,1.43,2.46,13.98,-0.90,-1.4,-0.1,1.8,-0.5,-533,0.40,0.091,0.078,1.00,,,,0,-112,1,,,,
256.80,FLARE,1.33,2.36,13.96,-1.02,-1.7,0.1,2.0,-0.6,-531,0.40,0.136,0.077,1.00,,,,0,-114,1,,,,
256.90,FLARE,1.23,2.26,13.95,-1.14,-2.0,0.4,2.2,-0.6,-530,0.40,0.180,0.079,1.00,,,,0,-115,1,,,,
257.00,FLARE,1.11,2.14,13.95,-1.26,-2.0,0.6,2.2,-0.7,-529,0.40,0.220,0.086,1.00,,,,0,-116,1,,,,
257.10,FLARE,0.98,2.01,13.94,-1.35,-1.9,0.9,2.1,-0.7,-527,0.40,0.254,0.096,1.00,,,,0,-118,1,,,,
257.20,FLARE,0.84,1.87,13.94,-1.43,-1.6,1.1,2.0,-0.8,-526,0.40,0.281,0.108,1.00,,,,0,-119,1,,,,
257.30,FLARE,0.70,1.73,13.95,-1.48,-1.2,1.3,1.7,-0.8,-524,0.40,0.287,0.123,1.00,,,,0,-121,1,,,,
257.40,FLARE,0.55,1.58,13.95,-1.50,-0.6,1.5,1.4,-0.9,-523,0.40,0.251,0.140,1.00,,,,0,-122,1,,,,
257.50,FLARE,0.40,1.43,13.94,-1.49,-0.1,1.7,1.1,-0.9,-522,0.40,0.223,0.157,1.00,,,,0,-123,1,,,,
257.60,FLARE,0.25,1.28,13.93,-1.45,0.5,1.9,0.7,-1.0,-520,0.40,0.211,0.175,1.00,,,,0,-125,1,,,,
257.70,ROLLOUT,0.11,1.14,13.86,-1.19,0.9,1.8,2.9,-1.0,-519,0.00,0.254,0.119,0.99,,,,2,-126,1,,,,
257.80,ROLLOUT,0.02,1.05,13.69,-0.23,1.5,1.5,2.5,-1.1,-518,0.00,0.350,-0.009,0.98,,,,2,-127,1,,,,
257.90,ROLLOUT,0.02,1.05,13.54,0.46,3.0,0.8,1.8,-1.1,-516,0.00,0.350,-0.042,0.97,,,,2,-129,1,,,,
258.00,ROLLOUT,0.07,1.11,13.40,0.47,5.0,0.1,1.0,-1.1,-515,0.00,0.350,0.086,0.95,,,,2,-130,1,,,,
258.10,ROLLOUT,0.11,1.14,13.24,0.23,7.0,-0.2,-0.0,-1.1,-514,0.00,0.350,0.214,0.94,,,,0,-131,1,,,,
258.20,ROLLOUT,0.13,1.16,13.08,0.12,8.7,-0.2,-1.0,-1.1,-512,0.00,0.350,0.214,0.92,,,,1,-133,1,,,,
258.30,ROLLOUT,0.14,1.17,12.92,0.05,8.9,-0.0,-1.1,-1.1,-511,0.00,0.350,0.150,0.91,,,,1,-134,1,,,,
258.40,ROLLOUT,0.14,1.17,12.76,-0.13,8.1,0.1,-2.1,-1.1,-510,0.00,0.350,0.163,0.90,,,,0,-135,1,,,,
258.50,ROLLOUT,0.12,1.15,12.63,-0.32,7.1,0.1,-2.3,-1.1,-509,0.00,0.350,0.137,0.88,,,,1,-136,1,,,,
258.60,ROLLOUT,0.08,1.11,12.52,-0.41,5.8,0.4,-2.3,-1.1,-507,0.00,0.350,0.265,0.87,,,,2,-138,1,,,,
258.70,ROLLOUT,0.05,1.08,12.43,-0.08,4.6,0.4,-3.2,-1.1,-506,0.00,0.350,0.393,0.85,,,,2,-139,1,,,,
258.80,ROLLOUT,0.05,1.09,12.35,0.18,4.0,-0.1,-3.6,-1.0,-505,0.00,0.350,0.521,0.84,,,,2,-140,1,,,,
258.90,ROLLOUT,0.07,1.11,12.26,0.19,3.9,-0.3,-4.8,-0.9,-504,0.00,0.350,0.650,0.83,,,,2,-141,1,,,,
259.00,ROLLOUT,0.09,1.12,12.16,0.02,4.0,-0.5,-5.8,-0.8,-503,0.00,0.350,0.778,0.81,,,,2,-142,1,,,,
259.10,ROLLOUT,0.08,1.12,12.07,-0.12,4.3,-0.6,-6.8,-0.7,-502,0.00,0.350,0.906,0.80,,,,2,-143,1,,,,
259.20,ROLLOUT,0.07,1.10,11.97,-0.14,4.8,-0.4,-8.1,-0.6,-501,0.00,0.350,0.950,0.78,,,,2,-144,1,,,,
259.30,ROLLOUT,0.06,1.09,11.88,-0.08,5.4,-0.4,-9.0,-0.5,-499,0.00,0.350,0.950,0.77,,,,2,-146,0,,,,
259.40,ROLLOUT,0.05,1.08,11.78,-0.04,6.4,-0.3,-10.5,-0.3,-498,0.00,0.350,0.950,0.76,,,,2,-147,0,,,,
259.50,ROLLOUT,0.05,1.08,11.68,-0.03,7.4,-0.2,-11.8,-0.2,-497,0.00,0.350,0.910,0.74,,,,3,-148,0,,,,
259.60,ROLLOUT,0.05,1.08,11.54,0.04,7.9,-0.3,-12.4,-0.0,-496,0.00,0.350,0.894,0.73,,,,3,-149,0,,,,
259.70,ROLLOUT,0.05,1.08,11.42,-0.01,7.5,-0.3,-13.8,0.2,-495,0.00,0.350,0.900,0.71,,,,3,-150,-0,,,,
259.80,ROLLOUT,0.05,1.08,11.32,-0.03,7.1,-0.5,-14.6,0.4,-494,0.00,0.350,0.950,0.70,,,,2,-151,-0,,,,
259.90,ROLLOUT,0.04,1.08,11.20,-0.03,6.9,-0.6,-15.1,0.6,-493,0.00,0.350,0.950,0.69,,,,2,-152,-1,,,,
260.00,ROLLOUT,0.04,1.07,11.09,-0.03,7.1,-0.6,-16.4,0.8,-492,0.00,0.350,0.950,0.67,,,,2,-153,-1,,,,
260.10,ROLLOUT,0.04,1.07,10.97,-0.03,7.5,-0.7,-17.0,1.0,-491,0.00,0.350,0.882,0.66,,,,3,-154,-1,,,,
260.20,ROLLOUT,0.04,1.07,10.84,0.01,7.7,-0.6,-17.7,1.2,-490,0.00,0.350,0.877,0.64,,,,3,-155,-1,,,,
260.30,ROLLOUT,0.04,1.07,10.70,-0.02,7.5,-0.6,-18.4,1.5,-489,0.00,0.350,0.871,0.63,,,,3,-156,-1,,,,
260.40,ROLLOUT,0.04,1.07,10.57,-0.04,7.5,-0.8,-18.9,1.7,-488,0.00,0.350,0.866,0.62,,,,3,-157,-2,,,,
260.50,ROLLOUT,0.03,1.07,10.42,-0.01,7.5,-0.8,-19.2,1.9,-488,0.00,0.350,0.860,0.60,,,,3,-157,-2,,,,
260.60,ROLLOUT,0.03,1.06,10.27,-0.01,7.5,-0.9,-19.3,2.1,-487,0.00,0.350,0.854,0.59,,,,3,-158,-2,,,,
260.70,ROLLOUT,0.03,1.06,10.10,-0.01,7.5,-1.0,-19.4,2.4,-486,0.00,0.350,0.848,0.57,,,,3,-159,-2,,,,
260.80,ROLLOUT,0.03,1.06,9.93,-0.01,7.5,-1.0,-19.2,2.6,-485,0.00,0.350,0.841,0.56,,,,3,-160,-3,,,,
260.90,ROLLOUT,0.03,1.06,9.75,-0.02,7.5,-1.1,-18.7,2.8,-484,0.00,0.350,0.834,0.55,,,,3,-161,-3,,,,
261.00,ROLLOUT,0.03,1.06,9.55,-0.02,7.4,-1.2,-18.2,2.9,-483,0.00,0.350,0.826,0.53,,,,3,-162,-3,,,,
261.10,ROLLOUT,0.02,1.06,9.34,-0.02,7.4,-1.3,-17.3,3.1,-482,0.00,0.350,0.818,0.52,,,,3,-163,-3,,,,
261.20,ROLLOUT,0.02,1.05,9.12,-0.02,7.4,-1.4,-16.1,3.3,-482,0.00,0.350,0.738,0.50,,,,3,-163,-3,,,,
261.30,ROLLOUT,0.02,1.05,8.88,-0.01,7.4,-1.5,-14.8,3.4,-481,0.00,0.350,0.621,0.49,,,,3,-164,-3,,,,
261.40,ROLLOUT,0.02,1.05,8.63,-0.02,7.3,-1.5,-13.1,3.5,-480,0.00,0.350,0.493,0.48,,,,3,-165,-3,,,,
261.50,ROLLOUT,0.02,1.05,8.37,-0.02,7.3,-1.6,-11.4,3.6,-479,0.00,0.350,0.365,0.46,,,,3,-166,-4,,,,
261.60,ROLLOUT,0.02,1.05,8.10,-0.02,7.3,-1.5,-9.7,3.6,-479,0.00,0.350,0.237,0.45,,,,3,-166,-4,,,,
261.70,ROLLOUT,0.01,1.05,7.84,-0.02,7.3,-1.3,-8.0,3.6,-478,0.00,0.350,0.132,0.43,,,,3,-167,-4,,,,
261.80,ROLLOUT,0.01,1.05,7.59,-0.01,7.3,-1.1,-6.5,3.6,-477,0.00,0.350,0.059,0.42,,,,3,-168,-4,,,,
261.90,ROLLOUT,0.01,1.04,7.34,-0.01,7.3,-0.9,-5.1,3.6,-476,0.00,0.350,-0.000,0.41,,,,3,-169,-4,,,,
262.00,ROLLOUT,0.01,1.04,7.11,-0.01,7.3,-0.6,-3.9,3.6,-476,0.00,0.350,-0.039,0.39,,,,3,-169,-4,,,,
262.10,ROLLOUT,0.01,1.04,6.89,-0.01,7.2,-0.4,-2.8,3.5,-475,0.00,0.350,-0.066,0.38,,,,3,-170,-4,,,,
262.20,ROLLOUT,0.01,1.04,6.68,-0.01,7.2,-0.2,-2.0,3.4,-475,0.00,0.350,-0.072,0.36,,,,3,-170,-3,,,,
262.30,ROLLOUT,0.01,1.04,6.48,-0.01,7.2,-0.0,-1.5,3.4,-474,0.00,0.350,-0.052,0.35,,,,3,-171,-3,,,,
262.40,ROLLOUT,0.01,1.04,6.31,-0.01,7.2,0.1,-1.1,3.3,-473,0.00,0.350,-0.037,0.34,,,,3,-172,-3,,,,
262.50,ROLLOUT,0.01,1.04,6.16,-0.01,7.2,0.1,-0.9,3.2,-473,0.00,0.350,-0.013,0.32,,,,3,-172,-3,,,,
262.60,ROLLOUT,0.00,1.04,6.02,-0.01,7.2,0.1,-0.8,3.1,-472,0.00,0.350,0.004,0.31,,,,3,-173,-3,,,,
262.70,ROLLOUT,0.00,1.04,5.88,-0.01,7.2,-0.0,-0.7,3.0,-472,0.00,0.350,0.008,0.29,,,,3,-173,-3,,,,
262.80,ROLLOUT,0.00,1.04,5.74,-0.01,7.2,-0.1,-0.6,3.0,-471,0.00,0.350,0.004,0.28,,,,3,-174,-3,,,,
262.90,ROLLOUT,0.00,1.04,5.60,-0.01,7.2,-0.3,-0.4,2.9,-471,0.00,0.350,-0.004,0.27,,,,3,-174,-3,,,,
263.00,ROLLOUT,0.00,1.04,5.46,-0.01,7.2,-0.3,-0.3,2.8,-470,0.00,0.350,-0.011,0.25,,,,3,-175,-3,,,,
263.10,ROLLOUT,0.00,1.03,5.33,-0.01,7.2,-0.4,-0.2,2.8,-470,0.00,0.350,-0.016,0.24,,,,3,-175,-3,,,,
263.20,ROLLOUT,0.00,1.03,5.20,-0.00,7.2,-0.4,-0.1,2.7,-469,0.00,0.350,-0.020,0.22,,,,3,-176,-3,,,,
263.30,ROLLOUT,0.00,1.03,5.07,-0.00,7.2,-0.4,0.0,2.6,-469,0.00,0.350,-0.022,0.21,,,,3,-176,-3,,,,
263.40,ROLLOUT,0.00,1.03,4.94,-0.00,7.2,-0.3,0.1,2.6,-468,0.00,0.350,-0.024,0.20,,,,3,-177,-3,,,,
263.50,ROLLOUT,0.00,1.03,4.81,-0.00,7.2,-0.3,0.2,2.5,-468,0.00,0.350,-0.025,0.18,,,,3,-177,-3,,,,
263.60,ROLLOUT,-0.00,1.03,4.69,-0.00,7.2,-0.2,0.2,2.5,-467,0.00,0.350,-0.026,0.17,,,,3,-178,-2,,,,
263.70,ROLLOUT,-0.00,1.03,4.57,-0.00,7.1,-0.2,0.3,2.4,-467,0.00,0.350,-0.028,0.15,,,,3,-178,-2,,,,
263.80,ROLLOUT,-0.00,1.03,4.45,-0.00,7.1,-0.1,0.3,2.4,-467,0.00,0.350,-0.029,0.14,,,,3,-178,-2,,,,
263.90,ROLLOUT,-0.00,1.03,4.33,-0.00,7.1,-0.1,0.4,2.3,-466,0.00,0.350,-0.030,0.13,,,,3,-179,-2,,,,
264.00,ROLLOUT,-0.00,1.03,4.22,-0.00,7.1,-0.1,0.4,2.3,-466,0.00,0.350,-0.031,0.11,,,,3,-179,-2,,,,
264.10,ROLLOUT,-0.00,1.03,4.12,0.00,7.1,-0.1,0.4,2.2,-466,0.00,0.350,-0.032,0.10,,,,3,-179,-2,,,,
264.20,ROLLOUT,-0.00,1.03,4.04,0.00,7.2,-0.1,0.5,2.2,-465,0.00,0.350,-0.033,0.08,,,,3,-180,-2,,,,
264.30,ROLLOUT,-0.00,1.03,3.96,0.00,7.2,-0.1,0.5,2.2,-465,0.00,0.350,-0.034,0.07,,,,3,-180,-2,,,,
264.40,ROLLOUT,-0.00,1.03,3.88,-0.00,7.2,-0.1,0.5,2.1,-465,0.00,0.350,-0.035,0.06,,,,3,-180,-2,,,,
264.50,ROLLOUT,-0.00,1.03,3.82,-0.00,7.2,-0.2,0.5,2.1,-465,0.00,0.350,-0.036,0.04,,,,3,-180,-2,,,,
264.60,ROLLOUT,-0.00,1.03,3.76,0.00,7.2,-0.2,0.6,2.1,-464,0.00,0.350,-0.036,0.03,,,,3,-181,-2,,,,
264.70,ROLLOUT,-0.00,1.03,3.70,0.00,7.2,-0.2,0.6,2.1,-464,0.00,0.350,-0.037,0.01,,,,3,-181,-2,,,,
264.80,ROLLOUT,-0.00,1.03,3.65,0.00,7.2,-0.1,0.6,2.0,-464,0.00,0.350,-0.037,0.00,,,,3,-181,-2,,,,
264.90,ROLLOUT,-0.00,1.03,3.61,0.00,7.2,-0.1,0.6,2.0,-464,0.00,0.350,-0.038,0.00,,,,3,-181,-2,,,,
265.00,ROLLOUT,-0.00,1.03,3.57,0.00,7.2,-0.1,0.6,2.0,-464,0.00,0.350,-0.038,0.00,,,,3,-181,-2,,,,
265.10,ROLLOUT,-0.00,1.03,3.53,0.00,7.2,-0.1,0.6,2.0,-463,0.00,0.350,-0.039,0.00,,,,3,-182,-2,,,,
265.20,ROLLOUT,-0.00,1.03,3.50,0.00,7.2,-0.1,0.6,1.9,-463,0.00,0.350,-0.039,0.00,,,,3,-182,-2,,,,
265.30,ROLLOUT,-0.00,1.03,3.47,0.00,7.2,-0.1,0.6,1.9,-463,0.00,0.350,-0.039,0.00,,,,3,-182,-2,,,,
265.40,ROLLOUT,-0.00,1.03,3.44,0.00,7.2,-0.1,0.6,1.9,-463,0.00,0.350,-0.040,0.00,,,,3,-182,-2,,,,
265.50,ROLLOUT,-0.00,1.03,3.41,0.00,7.2,-0.1,0.7,1.9,-463,0.00,0.350,-0.040,0.00,,,,3,-182,-2,,,,
265.60,ROLLOUT,-0.00,1.03,3.39,0.00,7.2,-0.1,0.7,1.9,-462,0.00,0.350,-0.040,0.00,,,,3,-183,-2,,,,
265.70,ROLLOUT,-0.00,1.03,3.37,0.00,7.2,-0.1,0.7,1.8,-462,0.00,0.350,-0.040,0.00,,,,3,-183,-2,,,,
265.80,ROLLOUT,-0.00,1.03,3.35,0.00,7.2,-0.1,0.7,1.8,-462,0.00,0.350,-0.041,0.00,,,,3,-183,-2,,,,
265.90,ROLLOUT,-0.00,1.03,3.34,0.00,7.2,-0.1,0.7,1.8,-462,0.00,0.350,-0.041,0.00,,,,3,-183,-2,,,,
266.00,ROLLOUT,-0.00,1.03,3.32,0.00,7.2,-0.1,0.7,1.8,-462,0.00,0.350,-0.041,0.00,,,,3,-183,-2,,,,
266.10,ROLLOUT,-0.00,1.03,3.31,-0.00,7.2,-0.1,0.7,1.8,-462,0.00,0.350,-0.041,0.00,,,,3,-183,-2,,,,
266.20,ROLLOUT,-0.00,1.03,3.29,-0.00,7.2,-0.1,0.7,1.8,-462,0.00,0.350,-0.041,0.00,,,,3,-183,-2,,,,
266.30,ROLLOUT,-0.00,1.03,3.28,-0.00,7.2,-0.1,0.7,1.8,-461,0.00,0.350,-0.041,0.00,,,,3,-184,-2,,,,
266.40,ROLLOUT,-0.00,1.03,3.26,-0.00,7.2,-0.1,0.7,1.7,-461,0.00,0.350,-0.041,0.00,,,,3,-184,-2,,,,
266.50,ROLLOUT,-0.00,1.03,3.25,-0.00,7.2,-0.1,0.7,1.7,-461,0.00,0.350,-0.041,0.00,,,,3,-184,-2,,,,
266.60,ROLLOUT,-0.00,1.03,3.24,-0.00,7.2,-0.1,0.7,1.7,-461,0.00,0.350,-0.041,0.00,,,,3,-184,-2,,,,
266.70,ROLLOUT,-0.00,1.03,3.23,-0.00,7.2,-0.0,0.7,1.7,-461,0.00,0.350,-0.041,0.00,,,,3,-184,-2,,,,
266.80,ROLLOUT,-0.00,1.03,3.22,-0.00,7.2,-0.0,0.7,1.7,-461,0.00,0.350,-0.041,0.00,,,,3,-184,-2,,,,
266.90,ROLLOUT,-0.00,1.03,3.21,-0.00,7.2,-0.0,0.7,1.7,-461,0.00,0.350,-0.041,0.00,,,,3,-184,-2,,,,
267.00,ROLLOUT,-0.00,1.03,3.20,-0.00,7.2,-0.0,0.7,1.7,-461,0.00,0.350,-0.042,0.00,,,,3,-184,-2,,,,
267.10,ROLLOUT,-0.00,1.03,3.19,-0.00,7.2,-0.0,0.7,1.7,-461,0.00,0.350,-0.042,0.00,,,,3,-184,-2,,,,
267.20,ROLLOUT,-0.00,1.03,3.18,-0.00,7.2,-0.0,0.7,1.7,-460,0.00,0.350,-0.042,0.00,,,,3,-185,-2,,,,
267.30,ROLLOUT,-0.00,1.03,3.17,-0.00,7.2,-0.0,0.7,1.7,-460,0.00,0.350,-0.042,0.00,,,,3,-185,-2,,,,
267.40,ROLLOUT,-0.00,1.03,3.16,-0.00,7.2,-0.1,0.7,1.6,-460,0.00,0.350,-0.042,0.00,,,,3,-185,-2,,,,
267.50,ROLLOUT,-0.00,1.03,3.16,-0.00,7.2,-0.1,0.7,1.6,-460,0.00,0.350,-0.042,0.00,,,,3,-185,-2,,,,
267.60,ROLLOUT,-0.00,1.03,3.15,-0.00,7.2,-0.1,0.7,1.6,-460,0.00,0.350,-0.042,0.00,,,,3,-185,-2,,,,
267.70,ROLLOUT,-0.00,1.03,3.15,-0.00,7.2,-0.1,0.7,1.6,-460,0.00,0.350,-0.042,0.00,,,,3,-185,-2,,,,
267.80,ROLLOUT,-0.00,1.03,3.14,-0.00,7.2,-0.1,0.7,1.6,-460,0.00,0.350,-0.042,0.00,,,,3,-185,-2,,,,
267.90,ROLLOUT,-0.00,1.03,3.14,-0.00,7.2,-0.0,0.7,1.6,-460,0.00,0.350,-0.042,0.00,,,,3,-185,-2,,,,
268.00,ROLLOUT,-0.00,1.03,3.14,-0.00,7.2,-0.0,0.7,1.6,-460,0.00,0.350,-0.042,0.00,,,,3,-185,-2,,,,
268.10,ROLLOUT,-0.00,1.03,3.14,-0.00,7.2,-0.0,0.7,1.6,-460,0.00,0.350,-0.042,0.00,,,,3,-185,-2,,,,