t,phase,agl,aglT,V,vs,pitch,bank,e,xt,s,thr,de,dr,flap,offtrack,above,rem,onG,x,z,hdotC,Vc,wK,thC
0.00,ROLL,0.00,1.10,3.15,-0.00,7.2,-0.0,-1.0,0.0,396,0.00,0.009,0.021,0.00,,,,3,1,0,,,,
0.10,ROLL,-0.00,1.10,3.15,-0.00,7.2,-0.0,-1.0,0.0,396,0.00,0.010,0.123,0.02,,,,3,1,0,,,,
0.20,ROLL,-0.00,1.10,3.15,-0.00,7.2,-0.0,-1.0,0.0,396,0.00,0.010,0.086,0.03,,,,3,1,0,,,,
0.30,ROLL,-0.00,1.10,3.15,0.00,7.2,-0.0,-1.0,0.0,396,0.00,0.010,0.069,0.04,,,,3,1,0,,,,
0.40,ROLL,-0.00,1.10,3.15,0.00,7.2,-0.0,-1.0,0.0,396,0.00,0.010,0.062,0.06,,,,3,1,0,,,,
0.50,ROLL,-0.00,1.10,3.15,0.03,7.2,-0.0,-1.0,0.0,396,1.00,0.010,0.059,0.07,,,,3,1,0,,,,
0.60,ROLL,0.01,1.10,3.15,0.09,7.2,-0.0,-1.0,0.0,396,1.00,0.008,0.065,0.09,,,,3,1,0,,,,
0.70,ROLL,0.01,1.11,3.18,0.04,7.3,-0.1,-1.0,0.0,396,1.00,-0.002,0.066,0.10,,,,3,1,0,,,,
0.80,ROLL,0.02,1.11,3.21,-0.02,7.4,-0.2,-1.1,0.0,396,1.00,-0.000,0.068,0.11,,,,3,1,0,,,,
0.90,ROLL,0.01,1.11,3.25,-0.03,7.3,-0.2,-1.1,0.0,396,1.00,0.010,0.067,0.13,,,,3,1,0,,,,
1.00,ROLL,0.01,1.11,3.30,-0.00,7.3,-0.4,-1.1,0.0,396,1.00,0.012,0.058,0.14,,,,3,1,0,,,,
1.10,ROLL,0.01,1.11,3.36,0.02,7.3,-0.4,-1.0,0.0,395,1.00,0.009,0.057,0.16,,,,3,0,0,,,,
1.20,ROLL,0.01,1.11,3.43,0.02,7.3,-0.5,-1.0,0.0,395,1.00,0.006,0.059,0.17,,,,3,0,0,,,,
1.30,ROLL,0.02,1.11,3.52,0.01,7.3,-0.5,-1.1,0.0,395,1.00,0.005,0.063,0.18,,,,3,0,0,,,,
1.40,ROLL,0.02,1.11,3.60,-0.00,7.3,-0.4,-1.1,0.0,395,1.00,0.007,0.068,0.20,,,,3,-0,0,,,,
1.50,ROLL,0.02,1.11,3.70,-0.00,7.3,-0.4,-1.1,-0.0,395,1.00,0.009,0.068,0.21,,,,3,-0,-0,,,,
1.60,ROLL,0.02,1.11,3.79,0.01,7.3,-0.3,-1.1,-0.0,395,1.00,0.009,0.067,0.23,,,,3,-0,-0,,,,
1.70,ROLL,0.02,1.11,3.89,0.01,7.3,-0.3,-1.1,-0.0,394,1.00,0.008,0.067,0.24,,,,3,-1,-0,,,,
1.80,ROLL,0.02,1.11,4.00,0.01,7.3,-0.2,-1.1,-0.0,394,1.00,0.007,0.068,0.25,,,,3,-1,-0,,,,
1.90,ROLL,0.02,1.11,4.11,0.00,7.3,-0.2,-1.2,-0.0,394,1.00,0.007,0.071,0.25,,,,3,-1,-0,,,,
2.00,ROLL,0.02,1.11,4.22,0.00,7.3,-0.2,-1.2,-0.0,394,1.00,0.007,0.073,0.25,,,,3,-1,-0,,,,
2.10,ROLL,0.02,1.11,4.34,0.00,7.3,-0.2,-1.2,-0.0,393,1.00,0.008,0.075,0.25,,,,3,-2,-0,,,,
2.20,ROLL,0.02,1.11,4.46,0.00,7.4,-0.2,-1.2,-0.0,393,1.00,0.008,0.076,0.25,,,,3,-2,-0,,,,
2.30,ROLL,0.02,1.11,4.59,0.01,7.4,-0.2,-1.3,-0.0,393,1.00,0.007,0.077,0.25,,,,3,-2,-0,,,,
2.40,ROLL,0.02,1.11,4.72,0.01,7.4,-0.2,-1.3,-0.0,392,1.00,0.007,0.079,0.25,,,,3,-3,-0,,,,
2.50,ROLL,0.02,1.12,4.85,0.01,7.4,-0.3,-1.3,-0.1,392,1.00,0.007,0.081,0.25,,,,3,-3,-0,,,,
2.60,ROLL,0.02,1.12,4.98,0.00,7.4,-0.3,-1.3,-0.1,392,1.00,0.007,0.083,0.25,,,,3,-3,-0,,,,
2.70,ROLL,0.02,1.12,5.12,0.00,7.4,-0.3,-1.4,-0.1,391,1.00,0.007,0.084,0.25,,,,3,-4,-0,,,,
2.80,ROLL,0.02,1.12,5.26,0.01,7.4,-0.3,-1.4,-0.1,391,1.00,0.007,0.086,0.25,,,,3,-4,-0,,,,
2.90,ROLL,0.02,1.12,5.40,0.01,7.4,-0.3,-1.4,-0.1,390,1.00,0.007,0.088,0.25,,,,3,-5,-0,,,,
3.00,ROLL,0.02,1.12,5.54,0.01,7.4,-0.2,-1.5,-0.1,390,1.00,0.007,0.089,0.25,,,,3,-5,-0,,,,
3.10,ROLL,0.02,1.12,5.68,0.01,7.4,-0.2,-1.5,-0.1,390,1.00,0.007,0.091,0.25,,,,3,-5,-0,,,,
3.20,ROLL,0.02,1.12,5.82,0.01,7.4,-0.2,-1.5,-0.1,389,1.00,0.007,0.092,0.25,,,,3,-6,-0,,,,
3.30,ROLL,0.02,1.12,5.96,0.01,7.4,-0.2,-1.5,-0.1,389,1.00,0.007,0.093,0.25,,,,3,-6,-0,,,,
3.40,ROLL,0.02,1.12,6.11,0.01,7.4,-0.2,-1.6,-0.1,388,1.00,0.007,0.095,0.25,,,,3,-7,-0,,,,
3.50,ROLL,0.03,1.12,6.25,0.01,7.4,-0.2,-1.6,-0.1,388,1.00,0.006,0.096,0.25,,,,3,-7,-0,,,,
3.60,ROLL,0.03,1.12,6.39,0.01,7.4,-0.2,-1.6,-0.2,387,1.00,0.006,0.098,0.25,,,,3,-8,-0,,,,
3.70,ROLL,0.03,1.12,6.54,0.01,7.4,-0.2,-1.6,-0.2,386,1.00,0.006,0.100,0.25,,,,3,-9,-0,,,,
3.80,ROLL,0.03,1.12,6.68,0.01,7.4,-0.2,-1.7,-0.2,386,1.00,0.006,0.101,0.25,,,,3,-9,-0,,,,
3.90,ROLL,0.03,1.12,6.83,0.01,7.4,-0.2,-1.7,-0.2,385,1.00,0.006,0.103,0.25,,,,3,-10,-0,,,,
4.00,ROLL,0.03,1.12,6.97,0.01,7.4,-0.2,-1.7,-0.2,385,1.00,0.006,0.105,0.25,,,,3,-10,-0,,,,
4.10,ROLL,0.03,1.12,7.12,0.01,7.4,-0.2,-1.8,-0.2,384,1.00,0.006,0.107,0.25,,,,3,-11,-0,,,,
4.20,ROLL,0.03,1.13,7.27,0.01,7.5,-0.1,-1.8,-0.2,383,1.00,0.006,0.109,0.25,,,,3,-12,-0,,,,
4.30,ROLL,0.03,1.13,7.41,0.01,7.5,-0.1,-1.8,-0.2,383,1.00,0.006,0.111,0.25,,,,3,-12,-0,,,,
4.40,ROLL,0.03,1.13,7.56,0.01,7.5,-0.1,-1.9,-0.3,382,1.00,0.006,0.113,0.25,,,,3,-13,-0,,,,
4.50,ROLL,0.03,1.13,7.70,0.01,7.5,-0.1,-1.9,-0.3,381,1.00,0.005,0.116,0.25,,,,3,-14,-0,,,,
4.60,ROLL,0.03,1.13,7.85,0.01,7.5,-0.1,-1.9,-0.3,381,1.00,0.005,0.118,0.25,,,,3,-14,-0,,,,
4.70,ROLL,0.03,1.13,7.99,0.01,7.5,-0.1,-2.0,-0.3,380,1.00,0.005,0.121,0.25,,,,3,-15,-0,,,,
4.80,ROLL,0.03,1.13,8.14,0.01,7.5,-0.1,-2.0,-0.3,379,1.00,0.005,0.123,0.25,,,,3,-16,-0,,,,
4.90,ROLL,0.03,1.13,8.28,0.01,7.5,-0.1,-2.1,-0.3,379,1.00,0.005,0.127,0.25,,,,3,-16,-0,,,,
5.00,ROLL,0.04,1.13,8.43,0.01,7.5,-0.1,-2.1,-0.3,378,1.00,0.005,0.130,0.25,,,,3,-17,-0,,,,
5.10,ROLL,0.04,1.13,8.57,0.01,7.5,-0.0,-2.2,-0.3,377,1.00,0.005,0.134,0.25,,,,3,-18,-0,,,,
5.20,ROLL,0.04,1.13,8.71,0.01,7.5,-0.0,-2.2,-0.4,376,1.00,0.005,0.137,0.25,,,,3,-19,-0,,,,
5.30,ROLL,0.04,1.13,8.86,0.01,7.5,-0.0,-2.3,-0.4,375,1.00,0.005,0.142,0.25,,,,3,-20,-0,,,,
5.40,ROLL,0.04,1.13,9.00,0.01,7.5,0.0,-2.3,-0.4,375,1.00,0.004,0.146,0.25,,,,3,-20,-0,,,,
5.50,ROLL,0.04,1.13,9.14,0.01,7.5,0.0,-2.4,-0.4,374,1.00,0.004,0.151,0.25,,,,3,-21,-0,,,,
5.60,ROLL,0.04,1.14,9.28,0.01,7.5,0.0,-2.5,-0.4,373,1.00,0.004,0.157,0.25,,,,3,-22,-0,,,,
5.70,ROLL,0.04,1.14,9.43,0.01,7.6,0.1,-2.6,-0.4,372,1.00,0.004,0.163,0.25,,,,3,-23,-0,,,,
5.80,ROLL,0.04,1.14,9.57,0.01,7.6,0.1,-2.7,-0.5,371,1.00,0.004,0.170,0.25,,,,3,-24,-0,,,,
5.90,ROLL,0.04,1.14,9.71,0.01,7.6,0.1,-2.8,-0.5,370,1.00,0.004,0.178,0.25,,,,3,-25,-0,,,,
6.00,ROLL,0.04,1.14,9.85,0.01,7.6,0.1,-2.9,-0.5,369,1.00,0.004,0.185,0.25,,,,3,-26,-1,,,,
6.10,ROLL,0.04,1.14,9.99,0.01,7.6,0.1,-3.0,-0.5,368,1.00,0.006,0.192,0.25,,,,3,-27,-1,,,,
6.20,ROLL,0.05,1.14,10.12,0.01,7.5,0.2,-3.1,-0.5,367,1.00,0.010,0.197,0.25,,,,3,-28,-1,,,,
6.30,ROLL,0.05,1.14,10.26,0.01,7.5,0.2,-3.2,-0.6,366,1.00,0.015,0.201,0.25,,,,3,-29,-1,,,,
6.40,ROLL,0.05,1.14,10.40,0.01,7.4,0.2,-3.3,-0.6,365,1.00,0.021,0.204,0.25,,,,3,-30,-1,,,,
6.50,ROLL,0.05,1.14,10.54,0.01,7.3,0.2,-3.3,-0.6,364,1.00,0.026,0.204,0.25,,,,2,-31,-1,,,,
6.60,ROLL,0.05,1.15,10.68,0.02,7.2,0.2,-3.3,-0.6,363,1.00,0.031,0.331,0.25,,,,2,-32,-1,,,,
6.70,ROLL,0.05,1.15,10.81,0.01,7.1,0.2,-3.2,-0.7,362,1.00,0.035,0.347,0.25,,,,2,-33,-1,,,,
6.80,ROLL,0.05,1.15,10.94,0.01,7.0,0.2,-3.0,-0.7,361,1.00,0.037,0.263,0.25,,,,2,-34,-1,,,,
6.90,ROLL,0.06,1.15,11.07,0.02,6.8,0.1,-2.7,-0.7,360,1.00,0.039,0.159,0.25,,,,2,-35,-1,,,,
7.00,ROLL,0.06,1.15,11.19,0.02,6.7,0.0,-2.4,-0.8,359,1.00,0.044,0.110,0.25,,,,2,-36,-1,,,,
7.10,ROLL,0.06,1.15,11.31,0.02,6.6,-0.0,-2.1,-0.8,358,1.00,0.049,0.091,0.25,,,,2,-37,-1,,,,
7.20,ROLL,0.06,1.16,11.43,0.02,6.4,-0.0,-1.9,-0.8,357,1.00,0.053,0.087,0.25,,,,2,-38,-1,,,,
7.30,ROLL,0.06,1.16,11.55,0.02,6.3,-0.0,-1.9,-0.8,356,1.00,0.056,0.114,0.25,,,,2,-39,-1,,,,
7.40,ROLL,0.06,1.16,11.68,0.01,6.2,0.1,-1.8,-0.8,355,1.00,0.057,0.133,0.25,,,,2,-40,-1,,,,
7.50,ROLL,0.06,1.16,11.81,0.01,6.0,0.1,-1.8,-0.8,354,1.00,0.058,0.155,0.25,,,,2,-41,-1,,,,
7.60,ROLL,0.07,1.16,11.94,0.01,5.9,0.2,-1.8,-0.8,353,1.00,0.059,0.165,0.25,,,,2,-42,-1,,,,
7.70,ROLL,0.07,1.16,12.08,0.01,5.8,0.3,-1.8,-0.8,351,1.00,0.059,0.174,0.25,,,,2,-44,-1,,,,
7.80,ROLL,0.07,1.16,12.21,0.01,5.7,0.3,-1.9,-0.8,350,1.00,0.061,0.177,0.25,,,,2,-45,-1,,,,
7.90,ROLL,0.07,1.17,12.35,0.01,5.6,0.3,-1.9,-0.8,349,1.00,0.062,0.175,0.25,,,,2,-46,-1,,,,
8.00,ROLL,0.07,1.17,12.48,0.01,5.5,0.4,-1.9,-0.8,348,1.00,0.064,0.180,0.25,,,,2,-47,-1,,,,
8.10,ROLL,0.07,1.17,12.62,0.01,5.4,0.3,-2.0,-0.7,347,1.00,0.067,0.177,0.25,,,,2,-48,-1,,,,
8.20,ROLL,0.07,1.17,12.76,0.01,5.3,0.3,-2.0,-0.7,345,1.00,0.069,0.180,0.25,,,,2,-50,-1,,,,
8.30,ROLL,0.08,1.17,12.89,0.01,5.2,0.3,-2.0,-0.7,344,1.00,0.071,0.181,0.25,,,,2,-51,-1,,,,
8.40,ROLL,0.08,1.17,13.03,0.01,5.1,0.3,-2.1,-0.7,343,1.00,0.073,0.181,0.25,,,,2,-52,-1,,,,
8.50,ROLL,0.08,1.17,13.17,0.01,5.0,0.3,-2.1,-0.7,342,1.00,0.075,0.183,0.25,,,,2,-53,-1,,,,
8.60,ROLL,0.08,1.18,13.30,0.01,4.9,0.3,-2.1,-0.7,340,1.00,0.077,0.181,0.25,,,,2,-55,-1,,,,
8.70,ROLL,0.08,1.18,13.44,0.01,4.8,0.4,-2.2,-0.7,339,1.00,0.079,0.183,0.25,,,,2,-56,-1,,,,
8.80,ROLL,0.08,1.18,13.57,0.01,4.7,0.4,-2.2,-0.7,338,1.00,0.081,0.182,0.25,,,,2,-57,-1,,,,
8.90,ROLL,0.08,1.18,13.71,0.01,4.6,0.4,-2.3,-0.7,336,1.00,0.082,0.182,0.25,,,,2,-59,-1,,,,
9.00,ROLL,0.09,1.18,13.85,0.01,4.5,0.4,-2.3,-0.7,335,1.00,0.084,0.182,0.25,,,,2,-60,-1,,,,
9.10,ROLL,0.09,1.18,13.98,0.01,4.4,0.4,-2.4,-0.7,334,1.00,0.086,0.182,0.25,,,,2,-61,-1,,,,
9.20,ROLL,0.09,1.18,14.12,0.01,4.3,0.4,-2.4,-0.7,332,1.00,0.087,0.182,0.25,,,,2,-63,-1,,,,
9.30,ROLL,0.09,1.18,14.25,0.01,4.2,0.4,-2.4,-0.7,331,1.00,0.089,0.182,0.25,,,,2,-64,-1,,,,
9.40,ROLL,0.09,1.19,14.38,0.01,4.2,0.4,-2.5,-0.7,330,1.00,0.090,0.182,0.25,,,,2,-65,-1,,,,
9.50,ROLL,0.09,1.19,14.52,0.01,4.1,0.4,-2.5,-0.7,328,1.00,0.092,0.182,0.25,,,,2,-67,-1,,,,
9.60,ROLL,0.09,1.19,14.65,0.01,4.0,0.4,-2.6,-0.7,327,1.00,0.094,0.181,0.25,,,,2,-68,-1,,,,
9.70,ROLL,0.09,1.19,14.78,0.01,3.9,0.4,-2.6,-0.7,325,1.00,0.095,0.181,0.25,,,,2,-70,-1,,,,
9.80,ROLL,0.10,1.19,14.92,0.01,3.8,0.4,-2.7,-0.7,324,1.00,0.097,0.181,0.25,,,,2,-71,-1,,,,
9.90,ROLL,0.10,1.19,15.05,0.01,3.8,0.4,-2.7,-0.7,322,1.00,0.098,0.181,0.25,,,,2,-73,-1,,,,
10.00,ROLL,0.10,1.19,15.18,0.01,3.7,0.4,-2.7,-0.7,321,1.00,0.099,0.180,0.25,,,,2,-74,-1,,,,
10.10,ROLL,0.10,1.19,15.31,0.01,3.6,0.4,-2.8,-0.8,319,1.00,0.101,0.181,0.25,,,,2,-76,-1,,,,
10.20,ROLL,0.10,1.20,15.44,0.01,3.6,0.4,-2.8,-0.8,318,1.00,0.102,0.180,0.25,,,,2,-77,-1,,,,
10.30,ROLL,0.10,1.20,15.57,0.01,3.5,0.5,-2.9,-0.8,316,1.00,0.104,0.180,0.25,,,,2,-79,-1,,,,
10.40,ROLL,0.10,1.20,15.70,0.01,3.4,0.5,-2.9,-0.8,315,1.00,0.105,0.180,0.25,,,,2,-80,-1,,,,
10.50,ROLL,0.10,1.20,15.83,0.01,3.4,0.5,-3.0,-0.8,313,1.00,0.106,0.180,0.25,,,,2,-82,-1,,,,
10.60,ROLL,0.10,1.20,15.95,0.01,3.3,0.5,-3.0,-0.8,312,1.00,0.108,0.180,0.25,,,,2,-83,-1,,,,
10.70,ROLL,0.11,1.20,16.08,0.01,3.2,0.5,-3.0,-0.8,310,1.00,0.109,0.179,0.25,,,,2,-85,-1,,,,
10.80,ROLL,0.11,1.20,16.21,0.01,3.2,0.5,-3.1,-0.8,309,1.00,0.121,0.179,0.25,,,,2,-86,-1,,,,
10.90,ROLL,0.11,1.20,16.33,0.00,3.1,0.5,-3.1,-0.8,307,1.00,0.170,0.179,0.25,,,,2,-88,-1,,,,
11.00,ROLL,0.11,1.20,16.46,-0.00,3.2,0.5,-3.2,-0.9,305,1.00,0.163,0.180,0.25,,,,2,-90,-1,,,,
11.10,ROLL,0.11,1.20,16.58,0.01,3.4,0.5,-3.2,-0.9,304,1.00,0.153,0.180,0.25,,,,2,-91,-1,,,,
11.20,ROLL,0.11,1.20,16.70,0.02,3.6,0.5,-3.3,-0.9,302,1.00,0.152,0.180,0.25,,,,2,-93,-1,,,,
11.30,ROLL,0.11,1.21,16.81,0.03,3.8,0.5,-3.3,-0.9,301,1.00,0.159,0.181,0.25,,,,2,-94,-1,,,,
11.40,ROLL,0.11,1.21,16.93,0.05,4.0,0.6,-3.3,-0.9,299,1.00,0.171,0.181,0.25,,,,2,-96,-1,,,,
11.50,ROLL,0.12,1.21,17.04,0.06,4.1,0.7,-3.4,-0.9,297,1.00,0.183,0.180,0.25,,,,2,-98,-1,,,,
11.60,ROLL,0.13,1.22,17.15,0.07,4.2,0.8,-3.4,-1.0,296,1.00,0.193,0.178,0.25,,,,1,-99,-1,,,,
11.70,ROLL,0.13,1.23,17.25,0.10,4.3,0.8,-3.4,-1.0,294,1.00,0.200,0.177,0.25,,,,1,-101,-1,,,,
11.80,ROLL,0.14,1.24,17.36,0.13,4.4,0.9,-3.4,-1.0,292,1.00,0.203,0.178,0.25,,,,1,-103,-1,,,,
11.90,LIFTOFF,0.16,1.25,17.45,0.18,4.6,1.0,-0.8,-1.0,290,1.00,0.199,0.094,0.25,,,,0,-105,-1,,,,
12.00,LIFTOFF,0.18,1.27,17.55,0.24,4.7,1.0,-0.9,-1.0,289,1.00,0.194,-0.032,0.25,,,,0,-106,-1,,,,
12.10,LIFTOFF,0.21,1.30,17.63,0.30,4.9,1.2,-1.2,-1.0,287,1.00,0.191,-0.022,0.25,,,,0,-108,-1,,,,
12.20,LIFTOFF,0.24,1.33,17.72,0.37,5.1,1.5,-1.6,-1.0,285,1.00,0.189,0.001,0.25,,,,0,-110,-1,,,,
12.30,LIFTOFF,0.28,1.37,17.80,0.45,5.2,1.6,-2.3,-1.1,284,1.00,0.188,0.015,0.25,,,,0,-111,-1,,,,
12.40,LIFTOFF,0.32,1.42,17.88,0.52,5.4,1.5,-3.0,-1.1,282,1.00,0.185,0.023,0.25,,,,0,-113,-1,,,,
12.50,LIFTOFF,0.38,1.48,17.95,0.61,5.5,1.4,-3.9,-1.1,280,1.00,0.182,0.030,0.25,,,,0,-115,-1,,,,
12.60,LIFTOFF,0.44,1.54,18.02,0.70,5.7,1.3,-4.9,-1.1,278,1.00,0.176,0.037,0.25,,,,0,-117,-1,,,,
12.70,LIFTOFF,0.52,1.61,18.09,0.79,5.9,1.3,-6.0,-1.1,277,1.00,0.169,0.044,0.25,,,,0,-118,-1,,,,
12.80,LIFTOFF,0.60,1.70,18.15,0.89,6.2,1.2,-7.1,-1.1,275,1.00,0.162,0.050,0.25,,,,0,-120,-1,,,,
12.90,LIFTOFF,0.69,1.79,18.21,1.00,6.4,1.1,-8.1,-1.2,273,1.00,0.154,0.056,0.25,,,,0,-122,-1,,,,
13.00,LIFTOFF,0.80,1.89,18.26,1.11,6.7,1.0,-9.2,-1.2,271,1.00,0.146,0.062,0.25,,,,0,-124,-1,,,,
13.10,LIFTOFF,0.91,2.01,18.30,1.22,7.0,0.9,-10.2,-1.2,269,1.00,0.137,0.066,0.25,,,,0,-126,-1,,,,
13.20,LIFTOFF,1.04,2.13,18.34,1.33,7.3,0.7,-11.1,-1.2,268,1.00,0.129,0.070,0.25,,,,0,-127,-1,,,,
13.30,LIFTOFF,1.17,2.27,18.37,1.45,7.6,0.6,-11.9,-1.3,266,1.00,0.121,0.073,0.25,,,,0,-129,-1,,,,
13.40,LIFTOFF,1.32,2.42,18.40,1.56,7.9,0.4,-12.7,-1.3,264,1.00,0.112,0.075,0.25,,,,0,-131,-1,,,,
13.50,LIFTOFF,1.48,2.58,18.42,1.68,8.2,0.2,-13.3,-1.4,262,1.00,0.104,0.076,0.25,,,,0,-133,-1,,,,
13.60,LIFTOFF,1.65,2.75,18.43,1.80,8.6,-0.0,-13.8,-1.4,260,1.00,0.096,0.076,0.25,,,,0,-135,-1,,,,
13.70,LIFTOFF,1.84,2.93,18.44,1.91,8.9,-0.3,-14.2,-1.5,259,1.00,0.089,0.075,0.25,,,,0,-136,-1,,,,
13.80,LIFTOFF,2.03,3.13,18.44,2.03,9.3,-0.5,-14.4,-1.5,257,1.00,0.082,0.073,0.25,,,,0,-138,-2,,,,
13.90,LIFTOFF,2.24,3.34,18.44,2.15,9.6,-0.7,-14.6,-1.6,255,1.00,0.075,0.071,0.25,,,,0,-140,-2,,,,
14.00,LIFTOFF,2.46,3.55,18.43,2.26,10.0,-0.9,-14.6,-1.6,253,1.00,0.069,0.068,0.25,,,,0,-142,-2,,,,
14.10,LIFTOFF,2.69,3.78,18.41,2.37,10.3,-1.1,-14.5,-1.7,251,1.00,0.063,0.064,0.25,,,,0,-144,-2,,,,
14.20,LIFTOFF,2.93,4.02,18.39,2.48,10.7,-1.2,-14.3,-1.7,250,1.00,0.058,0.061,0.25,,,,0,-145,-2,,,,
14.30,LIFTOFF,3.18,4.28,18.37,2.58,11.0,-1.4,-14.1,-1.8,248,1.00,0.053,0.057,0.25,,,,0,-147,-2,,,,
14.40,LIFTOFF,3.44,4.54,18.34,2.68,11.3,-1.5,-13.7,-1.8,246,1.00,0.048,0.053,0.25,,,,0,-149,-2,,,,
14.50,LIFTOFF,3.71,4.81,18.30,2.78,11.6,-1.6,-13.3,-1.9,244,1.00,0.044,0.049,0.25,,,,0,-151,-2,,,,
14.60,LIFTOFF,3.99,5.09,18.26,2.87,11.9,-1.7,-12.9,-1.9,243,1.00,0.040,0.045,0.25,,,,0,-152,-2,,,,
14.70,LIFTOFF,4.28,5.38,18.21,2.96,12.2,-1.7,-12.4,-1.9,241,1.00,0.037,0.042,0.25,,,,0,-154,-2,,,,
14.80,LIFTOFF,4.58,5.68,18.16,3.04,12.5,-1.8,-11.9,-2.0,239,1.00,0.033,0.038,0.25,,,,0,-156,-2,,,,
14.90,LIFTOFF,4.89,5.99,18.11,3.12,12.8,-1.8,-11.3,-2.0,237,1.00,0.030,0.035,0.25,,,,0,-158,-2,,,,
15.00,LIFTOFF,5.21,6.30,18.05,3.19,13.0,-1.7,-10.8,-2.0,236,1.00,0.027,0.033,0.25,,,,0,-159,-2,,,,
15.10,LIFTOFF,5.53,6.62,17.99,3.26,13.2,-1.7,-10.3,-2.0,234,1.00,0.025,0.031,0.25,,,,0,-161,-2,,,,
15.20,LIFTOFF,5.85,6.95,17.93,3.31,13.5,-1.6,-9.9,-2.0,232,1.00,0.022,0.029,0.25,,,,0,-163,-2,,,,
15.30,LIFTOFF,6.19,7.28,17.86,3.36,13.7,-1.5,-9.4,-2.1,230,1.00,0.020,0.028,0.25,,,,0,-165,-2,,,,
15.40,LIFTOFF,6.53,7.62,17.79,3.41,13.9,-1.4,-9.0,-2.1,229,1.00,0.018,0.028,0.25,,,,0,-166,-2,,,,
15.50,LIFTOFF,6.87,7.96,17.71,3.45,14.1,-1.3,-8.7,-2.1,227,1.00,0.017,0.028,0.25,,,,0,-168,-2,,,,
15.60,LIFTOFF,7.21,8.31,17.64,3.48,14.3,-1.1,-8.4,-2.0,225,1.00,0.015,0.028,0.25,,,,0,-170,-2,,,,
15.70,LIFTOFF,7.56,8.66,17.56,3.50,14.4,-1.0,-8.2,-2.0,224,1.00,0.014,0.029,0.25,,,,0,-171,-2,,,,
15.80,LIFTOFF,7.91,9.01,17.48,3.52,14.6,-0.8,-8.0,-2.0,222,1.00,0.013,0.030,0.25,,,,0,-173,-2,,,,
15.90,LIFTOFF,8.27,9.36,17.40,3.53,14.7,-0.6,-7.9,-2.0,220,1.00,0.012,0.032,0.25,,,,0,-175,-2,,,,
16.00,LIFTOFF,8.62,9.71,17.32,3.54,14.9,-0.5,-7.8,-2.0,219,1.00,0.012,0.033,0.25,,,,0,-176,-2,,,,
16.10,LIFTOFF,8.97,10.07,17.24,3.54,15.0,-0.3,-7.8,-1.9,217,1.00,0.011,0.036,0.25,,,,0,-178,-2,,,,
16.20,LIFTOFF,9.33,10.42,17.16,3.54,15.1,-0.1,-7.9,-1.9,215,1.00,0.011,0.038,0.25,,,,0,-180,-2,,,,
16.30,LIFTOFF,9.68,10.78,17.07,3.53,15.2,0.0,-8.0,-1.9,214,1.00,0.011,0.040,0.25,,,,0,-181,-2,,,,
16.40,LIFTOFF,10.03,11.13,16.99,3.52,15.3,0.2,-8.1,-1.8,212,1.00,0.011,0.043,0.25,,,,0,-183,-2,,,,
16.50,LIFTOFF,10.39,11.48,16.91,3.51,15.3,0.3,-8.3,-1.8,211,1.00,0.011,0.046,0.25,,,,0,-184,-2,,,,
16.60,LIFTOFF,10.74,11.83,16.83,3.49,15.4,0.5,-8.5,-1.7,209,1.00,0.011,0.048,0.25,,,,0,-186,-2,,,,
16.70,LIFTOFF,11.08,12.18,16.75,3.46,15.4,0.6,-8.7,-1.7,207,1.00,0.012,0.051,0.25,,,,0,-188,-2,,,,
16.80,LIFTOFF,11.43,12.52,16.67,3.44,15.5,0.7,-9.0,-1.7,206,1.00,0.012,0.054,0.25,,,,0,-189,-2,,,,
16.90,LIFTOFF,11.77,12.87,16.59,3.41,15.5,0.8,-9.2,-1.6,204,1.00,0.013,0.056,0.25,,,,0,-191,-2,,,,
17.00,LIFTOFF,12.11,13.21,16.51,3.38,15.5,0.8,-9.5,-1.6,203,1.00,0.013,0.058,0.25,,,,0,-192,-2,,,,
17.10,LIFTOFF,12.45,13.54,16.43,3.34,15.6,0.9,-9.8,-1.5,201,1.00,0.014,0.060,0.25,,,,0,-194,-2,,,,
17.20,LIFTOFF,12.78,13.88,16.36,3.31,15.6,1.0,-10.1,-1.5,199,1.00,0.015,0.062,0.25,,,,0,-196,-1,,,,
17.30,LIFTOFF,13.11,14.21,16.28,3.27,15.6,1.0,-10.3,-1.4,198,1.00,0.016,0.064,0.25,,,,0,-197,-1,,,,
17.40,LIFTOFF,13.44,14.53,16.21,3.23,15.6,1.0,-10.6,-1.4,196,1.00,0.017,0.066,0.25,,,,0,-199,-1,,,,
17.50,LIFTOFF,13.76,14.85,16.14,3.19,15.5,1.0,-10.8,-1.3,195,1.00,0.018,0.067,0.25,,,,0,-200,-1,,,,
17.60,LIFTOFF,14.08,15.17,16.07,3.15,15.5,1.0,-11.1,-1.3,193,1.00,0.002,0.068,0.25,,,,0,-202,-1,,,,
17.70,LIFTOFF,14.39,15.49,16.00,3.11,15.4,1.0,-11.3,-1.3,192,1.00,-0.045,0.069,0.25,,,,0,-203,-1,,,,
17.80,LIFTOFF,14.70,15.80,15.93,3.08,15.2,1.0,-11.4,-1.2,190,1.00,-0.075,0.069,0.25,,,,0,-205,-1,,,,
17.90,LIFTOFF,15.01,16.10,15.87,3.02,14.8,1.0,-11.6,-1.2,189,1.00,-0.087,0.070,0.25,,,,0,-206,-1,,,,
18.00,LIFTOFF,15.31,16.40,15.82,2.94,14.1,0.9,-11.7,-1.1,187,1.00,-0.046,0.071,0.25,,,,0,-208,-1,,,,
18.10,LIFTOFF,15.60,16.69,15.78,2.82,13.5,0.9,-11.8,-1.1,186,1.00,-0.021,0.071,0.25,,,,0,-209,-1,,,,
18.20,LIFTOFF,15.87,16.97,15.74,2.69,12.9,0.8,-11.9,-1.1,184,1.00,-0.015,0.072,0.25,,,,0,-211,-1,,,,
18.30,LIFTOFF,16.14,17.23,15.72,2.56,12.4,0.7,-12.0,-1.0,183,1.00,-0.019,0.072,0.25,,,,0,-212,-1,,,,
18.40,LIFTOFF,16.39,17.49,15.70,2.43,12.0,0.7,-12.0,-1.0,181,1.00,-0.026,0.071,0.25,,,,0,-214,-1,,,,
18.50,LIFTOFF,16.63,17.72,15.69,2.31,11.7,0.6,-12.0,-1.0,180,1.00,-0.029,0.071,0.25,,,,0,-215,-1,,,,
18.60,LIFTOFF,16.86,17.95,15.69,2.19,11.3,0.5,-12.0,-0.9,178,1.00,-0.029,0.070,0.25,,,,0,-217,-1,,,,
18.70,LIFTOFF,17.07,18.17,15.69,2.07,11.0,0.4,-12.0,-0.9,177,1.00,-0.026,0.070,0.25,,,,0,-218,-1,,,,
18.80,LIFTOFF,17.27,18.37,15.70,1.96,10.7,0.3,-12.0,-0.9,175,1.00,-0.022,0.069,0.25,,,,0,-220,-1,,,,
18.90,LIFTOFF,17.47,18.56,15.71,1.86,10.3,0.3,-12.0,-0.8,174,1.00,-0.018,0.068,0.25,,,,0,-221,-1,,,,
19.00,LIFTOFF,17.65,18.74,15.73,1.76,10.0,0.2,-11.9,-0.8,172,1.00,-0.014,0.067,0.25,,,,0,-223,-1,,,,
19.10,LIFTOFF,17.82,18.92,15.76,1.66,9.7,0.2,-11.9,-0.8,171,1.00,-0.011,0.067,0.25,,,,0,-224,-1,,,,
19.20,LIFTOFF,17.98,19.08,15.79,1.57,9.4,0.1,-11.8,-0.7,169,1.00,-0.009,0.066,0.25,,,,0,-226,-1,,,,
19.30,LIFTOFF,18.14,19.23,15.82,1.48,9.1,0.1,-11.8,-0.7,168,1.00,-0.006,0.065,0.25,,,,0,-227,-1,,,,
19.40,LIFTOFF,18.28,19.38,15.86,1.40,8.8,0.0,-11.7,-0.7,166,1.00,-0.004,0.064,0.25,,,,0,-229,-1,,,,
19.50,LIFTOFF,18.42,19.52,15.90,1.32,8.6,0.0,-11.7,-0.7,165,1.00,-0.002,0.064,0.25,,,,0,-230,-1,,,,
19.60,LIFTOFF,18.55,19.65,15.95,1.25,8.3,-0.0,-11.6,-0.6,163,1.00,0.000,0.063,0.25,,,,0,-232,-1,,,,
19.70,LIFTOFF,18.67,19.77,16.00,1.18,8.1,-0.0,-11.6,-0.6,162,1.00,0.002,0.063,0.25,,,,0,-233,-1,,,,
19.80,LIFTOFF,18.79,19.88,16.06,1.12,7.9,-0.1,-11.5,-0.6,160,1.00,0.004,0.062,0.25,,,,0,-235,-1,,,,
19.90,LIFTOFF,18.90,19.99,16.11,1.06,7.6,-0.1,-11.5,-0.6,158,1.00,0.005,0.062,0.25,,,,0,-237,-1,,,,
20.00,LIFTOFF,19.00,20.10,16.17,1.01,7.4,-0.1,-11.4,-0.6,157,1.00,0.007,0.061,0.25,,,,0,-238,-1,,,,
20.10,LIFTOFF,19.10,20.20,16.24,0.96,7.2,-0.1,-11.4,-0.5,155,1.00,0.008,0.061,0.25,,,,0,-240,-1,,,,
20.20,LIFTOFF,19.20,20.29,16.30,0.92,7.1,-0.1,-11.4,-0.5,154,1.00,0.008,0.061,0.25,,,,0,-241,-1,,,,
20.30,LIFTOFF,19.29,20.38,16.37,0.88,6.9,-0.1,-11.4,-0.5,152,1.00,0.009,0.060,0.25,,,,0,-243,-1,,,,
20.40,LIFTOFF,19.38,20.47,16.44,0.85,6.7,-0.1,-11.3,-0.5,151,1.00,0.009,0.060,0.25,,,,0,-244,-0,,,,
20.50,LIFTOFF,19.46,20.55,16.51,0.82,6.6,-0.1,-11.3,-0.5,149,1.00,0.010,0.060,0.25,,,,0,-246,-0,,,,
20.60,LIFTOFF,19.54,20.64,16.58,0.79,6.4,-0.1,-11.3,-0.5,147,1.00,0.010,0.060,0.25,,,,0,-248,-0,,,,
20.70,LIFTOFF,19.62,20.71,16.65,0.77,6.3,-0.1,-11.3,-0.4,146,1.00,0.010,0.060,0.25,,,,0,-249,-0,,,,
20.80,LIFTOFF,19.70,20.79,16.73,0.76,6.2,-0.1,-11.4,-0.4,144,1.00,0.010,0.060,0.25,,,,0,-251,-0,,,,
20.90,LIFTOFF,19.77,20.87,16.80,0.74,6.1,-0.1,-11.4,-0.4,143,1.00,0.009,0.060,0.25,,,,0,-252,-0,,,,
21.00,LIFTOFF,19.84,20.94,16.87,0.73,6.0,-0.1,-11.4,-0.4,141,1.00,0.009,0.060,0.25,,,,0,-254,-0,,,,
21.10,LIFTOFF,19.92,21.01,16.95,0.73,5.9,-0.1,-11.4,-0.4,139,1.00,0.008,0.060,0.25,,,,0,-256,-0,,,,
21.20,LIFTOFF,19.99,21.09,17.02,0.73,5.8,-0.2,-11.4,-0.4,138,1.00,0.007,0.060,0.25,,,,0,-257,-0,,,,
21.30,LIFTOFF,20.06,21.16,17.10,0.73,5.7,-0.2,-11.5,-0.4,136,1.00,0.007,0.060,0.25,,,,0,-259,-0,,,,
21.40,LIFTOFF,20.14,21.23,17.17,0.73,5.7,-0.2,-11.5,-0.4,134,1.00,0.006,0.060,0.25,,,,0,-261,-0,,,,
21.50,LIFTOFF,20.21,21.31,17.25,0.74,5.6,-0.2,-11.5,-0.4,133,1.00,0.005,0.060,0.25,,,,0,-262,-0,,,,
21.60,LIFTOFF,20.28,21.38,17.32,0.75,5.6,-0.2,-11.5,-0.3,131,1.00,0.004,0.060,0.25,,,,0,-264,-0,,,,
21.70,LIFTOFF,20.36,21.46,17.39,0.77,5.6,-0.2,-11.6,-0.3,129,1.00,0.002,0.059,0.25,,,,0,-266,-0,,,,
21.80,LIFTOFF,20.44,21.53,17.47,0.78,5.5,-0.2,-11.6,-0.3,128,1.00,0.001,0.059,0.25,,,,0,-267,-0,,,,
21.90,LIFTOFF,20.52,21.61,17.54,0.80,5.5,-0.2,-11.6,-0.3,126,1.00,-0.000,0.059,0.25,,,,0,-269,-0,,,,
22.00,LIFTOFF,20.60,21.69,17.61,0.82,5.5,-0.2,-11.6,-0.3,124,1.00,-0.002,0.059,0.25,,,,0,-271,-0,,,,
22.10,LIFTOFF,20.68,21.78,17.68,0.85,5.5,-0.2,-11.7,-0.3,123,1.00,-0.003,0.059,0.25,,,,0,-272,-0,,,,
22.20,LIFTOFF,20.77,21.86,17.74,0.87,5.5,-0.3,-11.7,-0.3,121,1.00,-0.005,0.059,0.25,,,,0,-274,-0,,,,
22.30,LIFTOFF,20.85,21.95,17.81,0.90,5.5,-0.3,-11.7,-0.3,119,1.00,-0.006,0.058,0.25,,,,0,-276,-0,,,,
22.40,LIFTOFF,20.95,22.04,17.87,0.93,5.5,-0.3,-11.7,-0.3,117,1.00,-0.008,0.058,0.25,,,,0,-278,-0,,,,
22.50,LIFTOFF,21.04,22.14,17.94,0.96,5.5,-0.3,-11.7,-0.3,116,1.00,-0.009,0.058,0.25,,,,0,-279,-0,,,,
22.60,LIFTOFF,21.14,22.23,18.00,0.99,5.5,-0.3,-11.7,-0.3,114,1.00,-0.011,0.058,0.25,,,,0,-281,-0,,,,
22.70,LIFTOFF,21.24,22.33,18.06,1.02,5.5,-0.3,-11.7,-0.3,112,1.00,-0.012,0.057,0.25,,,,0,-283,-0,,,,
22.80,LIFTOFF,21.34,22.44,18.12,1.06,5.6,-0.3,-11.7,-0.3,110,1.00,-0.014,0.057,0.25,,,,0,-285,-0,,,,
22.90,LIFTOFF,21.45,22.54,18.18,1.09,5.6,-0.3,-11.7,-0.3,109,1.00,-0.015,0.057,0.25,,,,0,-286,-0,,,,
23.00,LIFTOFF,21.56,22.65,18.23,1.13,5.6,-0.3,-11.6,-0.3,107,1.00,-0.017,0.057,0.25,,,,0,-288,-0,,,,
23.10,LIFTOFF,21.67,22.77,18.29,1.16,5.7,-0.3,-11.6,-0.3,105,1.00,-0.019,0.056,0.25,,,,0,-290,-0,,,,
23.20,LIFTOFF,21.79,22.88,18.34,1.20,5.7,-0.3,-11.6,-0.3,103,1.00,-0.020,0.056,0.25,,,,0,-292,-0,,,,
23.30,LIFTOFF,21.91,23.00,18.39,1.24,5.7,-0.3,-11.6,-0.3,102,1.00,-0.022,0.056,0.25,,,,0,-293,-0,,,,
23.40,LIFTOFF,22.03,23.13,18.44,1.27,5.8,-0.3,-11.5,-0.4,100,1.00,-0.024,0.056,0.25,,,,0,-295,-0,,,,
23.50,LIFTOFF,22.16,23.26,18.48,1.31,5.8,-0.3,-11.5,-0.4,98,1.00,-0.025,0.055,0.25,,,,0,-297,-0,,,,
23.60,LIFTOFF,22.30,23.39,18.53,1.35,5.9,-0.3,-11.5,-0.4,96,1.00,-0.027,0.055,0.25,,,,0,-299,-0,,,,
23.70,LIFTOFF,22.43,23.53,18.57,1.39,5.9,-0.3,-11.5,-0.4,94,1.00,-0.028,0.055,0.25,,,,0,-301,-0,,,,
23.80,LIFTOFF,22.57,23.67,18.62,1.42,6.0,-0.3,-11.4,-0.4,93,1.00,-0.030,0.055,0.25,,,,0,-302,-0,,,,
23.90,LIFTOFF,22.71,23.81,18.66,1.46,6.0,-0.3,-11.4,-0.4,91,1.00,-0.031,0.055,0.25,,,,0,-304,-0,,,,
24.00,LIFTOFF,22.86,23.96,18.70,1.50,6.1,-0.3,-11.4,-0.4,89,1.00,-0.033,0.054,0.25,,,,0,-306,-0,,,,
24.10,LIFTOFF,23.01,24.11,18.73,1.53,6.1,-0.3,-11.4,-0.4,87,1.00,-0.034,0.054,0.25,,,,0,-308,-0,,,,
24.20,LIFTOFF,23.17,24.26,18.77,1.57,6.1,-0.3,-11.3,-0.4,85,1.00,-0.036,0.054,0.25,,,,0,-310,-0,,,,
24.30,LIFTOFF,23.33,24.42,18.80,1.61,6.2,-0.3,-11.3,-0.4,84,1.00,-0.037,0.054,0.25,,,,0,-311,-0,,,,
24.40,LIFTOFF,23.49,24.58,18.83,1.64,6.2,-0.3,-11.3,-0.4,82,1.00,-0.038,0.054,0.25,,,,0,-313,-0,,,,
24.50,LIFTOFF,23.65,24.75,18.87,1.67,6.3,-0.3,-11.3,-0.4,80,1.00,-0.040,0.054,0.25,,,,0,-315,-0,,,,
24.60,LIFTOFF,23.82,24.92,18.90,1.71,6.3,-0.3,-11.3,-0.4,78,1.00,-0.041,0.054,0.25,,,,0,-317,-0,,,,
24.70,LIFTOFF,23.99,25.09,18.92,1.74,6.4,-0.3,-11.3,-0.4,76,1.00,-0.043,0.054,0.25,,,,0,-319,-0,,,,
24.80,LIFTOFF,24.17,25.26,18.95,1.77,6.4,-0.3,-11.3,-0.4,74,1.00,-0.044,0.054,0.25,,,,0,-321,-0,,,,
24.90,LIFTOFF,24.35,25.44,18.98,1.81,6.5,-0.2,-11.2,-0.4,73,1.00,-0.045,0.054,0.25,,,,0,-322,-0,,,,
25.00,LIFTOFF,24.53,25.62,19.00,1.84,6.5,-0.2,-11.2,-0.4,71,1.00,-0.046,0.054,0.25,,,,0,-324,-0,,,,
25.10,LIFTOFF,24.71,25.81,19.02,1.87,6.6,-0.2,-11.2,-0.4,69,1.00,-0.047,0.054,0.25,,,,0,-326,-0,,,,
25.20,LIFTOFF,24.90,26.00,19.04,1.90,6.6,-0.2,-11.2,-0.4,67,1.00,-0.049,0.054,0.25,,,,0,-328,-0,,,,
25.30,LIFTOFF,25.09,26.19,19.06,1.92,6.7,-0.2,-11.2,-0.4,65,1.00,-0.050,0.054,0.25,,,,0,-330,-0,,,,
25.40,LIFTOFF,25.28,26.38,19.08,1.95,6.7,-0.2,-11.2,-0.4,63,1.00,-0.051,0.055,0.25,,,,0,-332,-0,,,,
25.50,LIFTOFF,25.48,26.58,19.10,1.98,6.7,-0.2,-11.2,-0.4,62,1.00,-0.052,0.055,0.25,,,,0,-333,-0,,,,
25.60,LIFTOFF,25.68,26.77,19.12,2.00,6.8,-0.2,-11.2,-0.4,60,1.00,-0.053,0.055,0.25,,,,0,-335,-0,,,,
25.70,LIFTOFF,25.88,26.98,19.13,2.03,6.8,-0.2,-11.2,-0.4,58,1.00,-0.054,0.055,0.25,,,,0,-337,-0,,,,
25.80,LIFTOFF,26.08,27.18,19.15,2.05,6.8,-0.2,-11.2,-0.4,56,1.00,-0.055,0.055,0.25,,,,0,-339,-0,,,,
25.90,LIFTOFF,26.29,27.39,19.16,2.08,6.9,-0.1,-11.2,-0.4,54,1.00,-0.056,0.055,0.25,,,,0,-341,-0,,,,
26.00,LIFTOFF,26.50,27.59,19.18,2.10,6.9,-0.1,-11.2,-0.4,52,1.00,-0.057,0.055,0.25,,,,0,-343,-0,,,,
26.10,LIFTOFF,26.71,27.80,19.19,2.12,6.9,-0.1,-11.2,-0.4,50,1.00,-0.058,0.055,0.25,,,,0,-345,-0,,,,
26.20,LIFTOFF,26.92,28.02,19.20,2.14,7.0,-0.1,-11.2,-0.4,49,1.00,-0.059,0.055,0.25,,,,0,-346,-0,,,,
26.30,LIFTOFF,27.14,28.23,19.21,2.16,7.0,-0.1,-11.2,-0.4,47,1.00,-0.059,0.055,0.25,,,,0,-348,-0,,,,
26.40,LIFTOFF,27.35,28.45,19.22,2.18,7.0,-0.1,-11.2,-0.4,45,1.00,-0.060,0.055,0.25,,,,0,-350,-0,,,,
26.50,LIFTOFF,27.57,28.67,19.23,2.19,7.1,-0.1,-11.2,-0.4,43,1.00,-0.061,0.055,0.25,,,,0,-352,-0,,,,
26.60,LIFTOFF,27.79,28.89,19.24,2.21,7.1,-0.1,-11.2,-0.4,41,1.00,-0.062,0.055,0.25,,,,0,-354,-0,,,,
26.70,CLIMB,28.01,29.11,19.25,2.23,7.1,-0.1,-11.2,-0.4,39,1.00,-0.063,0.055,0.25,,,,0,-356,-0,,,,
26.80,CLIMB,28.24,29.33,19.25,2.23,7.1,-0.1,-11.2,-0.4,37,1.00,-0.012,0.056,0.24,,,,0,-358,-0,2.97,24.8,1.05,0.138
26.90,CLIMB,28.46,29.55,19.26,2.22,7.3,-0.1,-11.2,-0.4,36,1.00,0.023,0.056,0.22,,,,0,-359,-0,2.97,24.8,1.10,0.129
27.00,CLIMB,28.68,29.78,19.27,2.23,7.7,-0.1,-11.2,-0.4,34,1.00,-0.012,0.056,0.21,,,,0,-361,-0,2.97,24.8,1.15,0.119
27.10,CLIMB,28.90,30.00,19.28,2.27,8.1,-0.1,-11.2,-0.4,32,1.00,-0.045,0.056,0.19,,,,0,-363,-0,2.97,24.8,1.20,0.109
27.20,CLIMB,29.13,30.23,19.28,2.32,8.3,-0.1,-11.2,-0.3,30,1.00,-0.054,0.055,0.18,,,,0,-365,-0,2.97,24.8,1.25,0.097
27.30,CLIMB,29.37,30.46,19.28,2.36,8.5,-0.1,-11.2,-0.3,28,1.00,-0.047,0.055,0.17,,,,0,-367,-0,2.97,24.8,1.30,0.086
27.40,CLIMB,29.60,30.70,19.29,2.39,8.5,-0.0,-11.2,-0.3,26,1.00,-0.037,0.056,0.15,,,,0,-369,-0,2.97,24.8,1.35,0.076
27.50,CLIMB,29.84,30.94,19.30,2.39,8.4,-0.0,-11.2,-0.3,24,1.00,-0.031,0.056,0.14,,,,0,-371,-0,2.97,24.8,1.40,0.065
27.60,CLIMB,30.08,31.18,19.31,2.37,8.3,-0.0,-11.2,-0.3,23,1.00,-0.030,0.056,0.12,,,,0,-372,-0,2.97,24.8,1.45,0.056
27.70,CLIMB,30.32,31.41,19.32,2.35,8.1,-0.0,-11.2,-0.3,21,1.00,-0.032,0.056,0.11,,,,0,-374,-0,2.97,24.8,1.50,0.046
27.80,CLIMB,30.55,31.65,19.34,2.31,8.0,-0.0,-11.2,-0.3,19,1.00,-0.034,0.057,0.10,,,,0,-376,-0,2.97,24.8,1.55,0.037
27.90,CLIMB,30.78,31.88,19.36,2.26,7.8,-0.0,-11.2,-0.3,17,1.00,-0.035,0.057,0.08,,,,0,-378,-0,2.97,24.8,1.60,0.028
28.00,CLIMB,31.00,32.10,19.39,2.20,7.5,-0.1,-11.2,-0.3,15,1.00,-0.035,0.057,0.07,,,,0,-380,-0,2.97,24.8,1.65,0.018
28.10,CLIMB,31.22,32.32,19.42,2.12,7.3,-0.1,-11.2,-0.3,13,1.00,-0.034,0.057,0.05,,,,0,-382,-0,2.97,24.8,1.70,0.009
28.20,CLIMB,31.43,32.53,19.46,2.04,7.0,-0.1,-11.2,-0.3,11,1.00,-0.034,0.057,0.04,,,,0,-384,-0,2.97,24.8,1.75,-0.000
28.30,CLIMB,31.63,32.73,19.50,1.94,6.7,-0.1,-11.2,-0.3,9,1.00,-0.033,0.058,0.03,,,,0,-386,-0,2.97,24.8,1.80,-0.009
28.40,CLIMB,31.82,32.92,19.56,1.84,6.3,-0.1,-11.2,-0.3,8,1.00,-0.032,0.058,0.01,,,,0,-387,-0,2.97,24.8,1.85,-0.018
28.50,CLIMB,32.00,33.10,19.62,1.72,5.9,-0.2,-11.2,-0.3,6,1.00,-0.031,0.058,0.00,,,,0,-389,-0,2.97,24.8,1.90,-0.028
28.60,CLIMB,32.17,33.27,19.68,1.61,5.5,-0.2,-11.2,-0.3,4,1.00,-0.030,0.058,0.00,,,,0,-391,-0,2.97,24.8,1.95,-0.037
28.70,CLIMB,32.33,33.42,19.75,1.49,5.1,-0.2,-11.2,-0.3,2,1.00,-0.045,0.058,0.00,,,,0,-393,-0,2.97,24.8,2.00,-0.180
28.80,CLIMB,32.47,33.57,19.83,1.39,4.7,-0.3,-11.2,-0.3,-0,1.00,-0.084,0.058,0.00,,,,0,-395,-0,2.97,24.8,2.00,-0.180
28.90,CLIMB,32.61,33.70,19.91,1.27,4.0,-0.3,-11.2,-0.3,-2,1.00,-0.107,0.058,0.00,,,,0,-397,-0,2.97,24.8,2.00,-0.180
29.00,CLIMB,32.73,33.83,20.01,1.13,3.2,-0.3,-11.2,-0.3,-4,1.00,-0.084,0.058,0.00,,,,0,-399,-0,2.97,24.8,2.00,-0.180
29.10,CLIMB,32.84,33.93,20.11,0.95,2.3,-0.4,-11.2,-0.3,-6,1.00,-0.052,0.058,0.00,,,,0,-401,-0,2.97,24.8,2.00,-0.180
29.20,CLIMB,32.93,34.02,20.23,0.75,1.6,-0.4,-11.2,-0.3,-8,1.00,-0.042,0.058,0.00,,,,0,-403,-0,2.97,24.8,2.00,-0.180
29.30,CLIMB,32.99,34.09,20.35,0.54,0.9,-0.5,-11.2,-0.3,-10,1.00,-0.047,0.058,0.00,,,,0,-405,-0,2.97,24.8,2.00,-0.180
29.40,CLIMB,33.04,34.14,20.48,0.35,0.3,-0.5,-11.2,-0.3,-12,1.00,-0.055,0.058,0.00,,,,0,-407,-0,2.97,24.8,2.00,-0.180
29.50,CLIMB,33.07,34.17,20.62,0.17,-0.2,-0.6,-11.2,-0.3,-14,1.00,-0.051,0.057,0.00,,,,0,-409,-0,2.97,24.8,2.00,-0.172
29.60,CLIMB,33.08,34.18,20.77,-0.01,-0.6,-0.6,-11.2,-0.3,-16,1.00,-0.042,0.057,0.00,,,,0,-411,-0,2.97,24.8,2.00,-0.161
29.70,CLIMB,33.08,34.17,20.93,-0.17,-1.0,-0.7,-11.2,-0.3,-18,1.00,-0.034,0.057,0.00,,,,0,-413,-0,2.97,24.8,2.00,-0.150
29.80,CLIMB,33.05,34.15,21.08,-0.31,-1.3,-0.7,-11.2,-0.3,-20,1.00,-0.028,0.056,0.00,,,,0,-415,-0,2.97,24.8,2.00,-0.138
29.90,CLIMB,33.02,34.11,21.25,-0.44,-1.6,-0.8,-11.2,-0.4,-22,1.00,-0.023,0.056,0.00,,,,0,-417,-0,2.97,24.8,2.00,-0.126
30.00,CLIMB,32.97,34.06,21.41,-0.55,-1.8,-0.8,-11.2,-0.4,-24,1.00,-0.018,0.055,0.00,,,,0,-419,-0,2.97,24.8,2.00,-0.113
30.10,CLIMB,32.91,34.01,21.58,-0.64,-1.9,-0.9,-11.2,-0.4,-26,1.00,-0.013,0.055,0.00,,,,0,-421,-0,2.97,24.8,2.00,-0.101
30.20,CLIMB,32.85,33.94,21.75,-0.71,-2.0,-0.9,-11.1,-0.4,-28,1.00,-0.008,0.054,0.00,,,,0,-423,-0,2.97,24.8,2.00,-0.088
30.30,CLIMB,32.77,33.87,21.92,-0.75,-2.0,-1.0,-11.1,-0.5,-30,1.00,-0.002,0.053,0.00,,,,0,-425,-0,2.97,24.8,2.00,-0.075
30.40,CLIMB,32.70,33.79,22.08,-0.78,-2.0,-1.0,-11.1,-0.5,-32,1.00,0.002,0.053,0.00,,,,0,-427,-0,2.97,24.8,2.00,-0.062
30.50,CLIMB,32.62,33.71,22.25,-0.79,-1.9,-1.0,-11.1,-0.5,-35,1.00,0.006,0.052,0.00,,,,0,-430,-1,2.97,24.8,2.00,-0.049
30.60,CLIMB,32.54,33.64,22.41,-0.78,-1.8,-1.1,-11.0,-0.5,-37,1.00,0.010,0.052,0.00,,,,0,-432,-1,2.97,24.8,2.00,-0.037
30.70,CLIMB,32.46,33.56,22.57,-0.75,-1.7,-1.1,-11.0,-0.6,-39,1.00,0.013,0.051,0.00,,,,0,-434,-1,2.97,24.8,2.00,-0.025
30.80,CLIMB,32.39,33.48,22.72,-0.70,-1.5,-1.1,-11.0,-0.6,-41,1.00,0.016,0.050,0.00,,,,0,-436,-1,2.97,24.8,2.00,-0.013
30.90,CLIMB,32.32,33.42,22.87,-0.64,-1.3,-1.1,-10.9,-0.6,-43,1.00,0.019,0.050,0.00,,,,0,-438,-1,2.97,24.8,2.00,-0.002
31.00,CLIMB,32.26,33.36,23.02,-0.56,-1.1,-1.1,-10.9,-0.7,-46,1.00,0.021,0.049,0.00,,,,0,-441,-1,2.97,24.8,2.00,0.008
31.10,CLIMB,32.21,33.30,23.16,-0.46,-0.8,-1.1,-10.8,-0.7,-48,1.00,0.022,0.048,0.00,,,,0,-443,-1,2.97,24.8,2.00,0.018
31.20,CLIMB,32.16,33.26,23.29,-0.36,-0.6,-1.1,-10.8,-0.7,-50,1.00,0.023,0.048,0.00,,,,0,-445,-1,2.97,24.8,2.00,0.027
31.30,CLIMB,32.13,33.23,23.42,-0.24,-0.3,-1.1,-10.7,-0.8,-52,1.00,0.024,0.047,0.00,,,,0,-447,-1,2.97,24.8,2.00,0.036
31.40,CLIMB,32.11,33.21,23.54,-0.11,0.0,-1.1,-10.6,-0.8,-55,1.00,0.024,0.047,0.00,,,,0,-450,-1,2.97,24.8,2.00,0.044
31.50,CLIMB,32.11,33.20,23.66,0.03,0.3,-1.1,-10.6,-0.8,-57,1.00,0.024,0.046,0.00,,,,0,-452,-1,2.97,24.8,2.00,0.051
31.60,CLIMB,32.11,33.21,23.77,0.17,0.7,-1.1,-10.5,-0.9,-59,1.00,0.024,0.046,0.00,,,,0,-454,-1,2.97,24.8,1.99,0.058
31.70,CLIMB,32.14,33.23,23.87,0.32,1.0,-1.1,-10.5,-0.9,-62,1.00,0.067,0.045,0.00,,,,0,-457,-1,2.97,24.8,1.94,0.170
31.80,CLIMB,32.17,33.27,23.96,0.47,1.5,-1.1,-10.4,-0.9,-64,1.00,0.093,0.045,0.00,,,,0,-459,-1,2.97,24.8,1.89,0.170
31.90,CLIMB,32.23,33.32,24.04,0.66,2.3,-1.1,-10.3,-0.9,-66,1.00,0.061,0.044,0.00,,,,0,-461,-1,2.97,24.8,1.84,0.170
32.00,CLIMB,32.30,33.40,24.11,0.91,3.0,-1.0,-10.3,-1.0,-69,1.00,0.031,0.044,0.00,,,,0,-464,-1,2.97,24.8,1.79,0.170
32.10,CLIMB,32.40,33.50,24.17,1.18,3.7,-1.0,-10.2,-1.0,-71,1.00,0.028,0.043,0.00,,,,0,-466,-1,2.97,24.8,1.74,0.170
32.20,CLIMB,32.53,33.62,24.21,1.44,4.2,-1.0,-10.2,-1.0,-74,1.00,0.036,0.043,0.00,,,,0,-469,-1,2.97,24.8,1.69,0.170
32.30,CLIMB,32.68,33.77,24.25,1.68,4.6,-0.9,-10.1,-1.1,-76,1.00,0.042,0.043,0.00,,,,0,-471,-1,2.97,24.8,1.64,0.170
32.40,CLIMB,32.86,33.95,24.28,1.92,5.1,-0.9,-10.0,-1.1,-78,1.00,0.040,0.043,0.00,,,,0,-473,-1,2.97,24.8,1.59,0.170
32.50,CLIMB,33.05,34.15,24.30,2.14,5.5,-0.8,-10.0,-1.1,-81,1.00,0.034,0.043,0.00,,,,0,-476,-1,2.97,24.8,1.54,0.170
32.60,CLIMB,33.28,34.37,24.31,2.36,6.0,-0.8,-9.9,-1.1,-83,1.00,0.027,0.043,0.00,,,,0,-478,-1,2.97,24.8,1.49,0.168
32.70,CLIMB,33.52,34.61,24.32,2.58,6.4,-0.8,-9.9,-1.1,-85,1.00,0.014,0.043,0.00,,,,0,-480,-1,2.97,24.8,1.44,0.159
32.80,CLIMB,33.78,34.88,24.32,2.78,6.7,-0.7,-9.9,-1.1,-88,1.00,0.007,0.043,0.00,,,,0,-483,-1,2.97,24.8,1.39,0.150
32.90,CLIMB,34.07,35.16,24.31,2.96,7.0,-0.7,-9.8,-1.1,-90,1.00,0.002,0.043,0.00,,,,0,-485,-1,2.97,24.8,1.34,0.140
33.00,CLIMB,34.37,35.46,24.30,3.12,7.2,-0.6,-9.8,-1.2,-92,1.00,-0.003,0.043,0.00,,,,0,-487,-1,2.97,24.8,1.29,0.130
33.10,CLIMB,34.69,35.78,24.28,3.26,7.4,-0.6,-9.8,-1.2,-95,1.00,-0.008,0.044,0.00,,,,0,-490,-1,2.97,24.8,1.24,0.120
33.20,CLIMB,35.02,36.11,24.27,3.38,7.5,-0.6,-9.7,-1.2,-97,1.00,-0.014,0.044,0.00,,,,0,-492,-1,2.97,24.8,1.19,0.111
33.30,CLIMB,35.36,36.45,24.24,3.49,7.6,-0.5,-9.7,-1.2,-100,1.00,-0.020,0.044,0.00,,,,0,-495,-1,2.97,24.8,1.14,0.101
33.40,CLIMB,35.71,36.81,24.22,3.57,7.7,-0.5,-9.7,-1.2,-102,1.00,-0.025,0.045,0.00,,,,0,-497,-1,2.97,24.8,1.09,0.092
33.50,CLIMB,36.07,37.16,24.20,3.64,7.7,-0.5,-9.7,-1.2,-104,1.00,-0.029,0.045,0.00,,,,0,-499,-1,2.97,24.8,1.04,0.084
33.60,CLIMB,36.44,37.53,24.17,3.69,7.8,-0.4,-9.7,-1.2,-107,1.00,-0.033,0.046,0.00,,,,0,-502,-1,2.97,24.8,1.00,0.077
33.70,CLIMB,36.81,37.90,24.14,3.73,7.8,-0.4,-9.7,-1.1,-109,1.00,-0.034,0.046,0.00,,,,0,-504,-1,2.97,24.8,1.00,0.072
33.80,CLIMB,37.18,38.28,24.11,3.76,7.7,-0.4,-9.6,-1.1,-111,1.00,-0.036,0.046,0.00,,,,0,-506,-1,2.97,24.8,1.00,0.068
33.90,CLIMB,37.56,38.65,24.09,3.77,7.7,-0.4,-9.6,-1.1,-114,1.00,-0.039,0.047,0.00,,,,0,-509,-1,2.97,24.8,1.00,0.064
34.00,CLIMB,37.93,39.03,24.06,3.78,7.7,-0.3,-9.6,-1.1,-116,1.00,-0.041,0.047,0.00,,,,0,-511,-1,2.97,24.8,1.00,0.060
34.10,CLIMB,38.31,39.41,24.03,3.78,7.7,-0.3,-9.6,-1.1,-118,1.00,-0.043,0.047,0.00,,,,0,-513,-1,2.97,24.8,1.00,0.057
34.20,CLIMB,38.69,39.79,24.01,3.78,7.6,-0.3,-9.6,-1.1,-121,1.00,-0.044,0.048,0.00,,,,0,-516,-1,2.97,24.8,1.00,0.054
34.30,CLIMB,39.07,40.16,23.98,3.76,7.6,-0.3,-9.6,-1.1,-123,1.00,-0.045,0.048,0.00,,,,0,-518,-1,2.97,24.8,1.00,0.052
34.40,CLIMB,39.44,40.54,23.96,3.75,7.5,-0.3,-9.6,-1.1,-125,1.00,-0.046,0.048,0.00,,,,0,-520,-1,2.97,24.8,1.00,0.049
34.50,CLIMB,39.82,40.91,23.94,3.73,7.5,-0.3,-9.6,-1.0,-128,1.00,-0.046,0.048,0.00,,,,0,-523,-1,2.97,24.8,1.00,0.047
34.60,CLIMB,40.19,41.28,23.91,3.70,7.4,-0.3,-9.6,-1.0,-130,1.00,-0.047,0.049,0.00,,,,0,-525,-1,2.97,24.8,1.00,0.045
34.70,CLIMB,40.56,41.65,23.89,3.68,7.3,-0.2,-9.6,-1.0,-132,1.00,-0.047,0.049,0.00,,,,0,-527,-1,2.97,24.8,1.00,0.044
34.80,CLIMB,40.93,42.02,23.87,3.65,7.3,-0.2,-9.6,-1.0,-135,1.00,-0.048,0.049,0.00,,,,0,-530,-1,2.97,24.8,1.00,0.042
34.90,CLIMB,41.29,42.38,23.86,3.62,7.2,-0.2,-9.5,-1.0,-137,1.00,-0.048,0.049,0.00,,,,0,-532,-1,2.97,24.8,1.00,0.041
35.00,CLIMB,41.65,42.75,23.84,3.59,7.1,-0.2,-9.5,-0.9,-139,1.00,-0.048,0.049,0.00,,,,0,-534,-1,2.97,24.8,1.00,0.040
35.10,CLIMB,42.01,43.10,23.82,3.55,7.1,-0.2,-9.5,-0.9,-142,1.00,-0.048,0.049,0.00,,,,0,-537,-1,2.97,24.8,1.00,0.039
35.20,CLIMB,42.36,43.46,23.81,3.52,7.0,-0.2,-9.5,-0.9,-144,1.00,-0.048,0.049,0.00,,,,0,-539,-1,2.97,24.8,1.00,0.039
35.30,CLIMB,42.71,43.81,23.80,3.49,6.9,-0.2,-9.5,-0.9,-146,1.00,-0.047,0.049,0.00,,,,0,-541,-1,2.97,24.8,1.00,0.038
35.40,CLIMB,43.06,44.16,23.78,3.45,6.8,-0.1,-9.5,-0.9,-148,1.00,-0.047,0.049,0.00,,,,0,-543,-1,2.97,24.8,1.00,0.038
35.50,CLIMB,43.41,44.50,23.77,3.42,6.8,-0.1,-9.4,-0.8,-151,1.00,-0.047,0.050,0.00,,,,0,-546,-1,2.97,24.8,1.00,0.037
35.60,CLIMB,43.75,44.84,23.77,3.39,6.7,-0.1,-9.4,-0.8,-153,1.00,-0.046,0.050,0.00,,,,0,-548,-1,2.97,24.8,1.00,0.037
35.70,CLIMB,44.08,45.18,23.76,3.35,6.6,-0.1,-9.4,-0.8,-155,1.00,-0.046,0.050,0.00,,,,0,-550,-1,2.97,24.8,1.00,0.037
35.80,CLIMB,44.42,45.51,23.75,3.32,6.6,-0.1,-9.4,-0.8,-158,1.00,-0.046,0.050,0.00,,,,0,-553,-1,2.97,24.8,1.00,0.037
35.90,CLIMB,44.75,45.84,23.75,3.29,6.5,-0.1,-9.4,-0.7,-160,1.00,-0.046,0.050,0.00,,,,0,-555,-1,2.97,24.8,1.04,0.036
36.00,CLIMB,45.08,46.17,23.74,3.26,6.4,-0.1,-9.4,-0.7,-162,1.00,-0.046,0.050,0.00,,,,0,-557,-1,2.97,24.8,1.09,0.035
36.10,CLIMB,45.40,46.50,23.74,3.23,6.4,-0.1,-9.4,-0.7,-165,1.00,-0.046,0.050,0.00,,,,0,-560,-1,2.97,24.8,1.14,0.034
36.20,CLIMB,45.72,46.82,23.74,3.20,6.3,-0.0,-9.3,-0.6,-167,1.00,-0.046,0.050,0.00,,,,0,-562,-1,2.97,24.8,1.19,0.034
36.30,CLIMB,46.04,47.14,23.74,3.17,6.2,-0.0,-9.3,-0.6,-169,1.00,-0.046,0.050,0.00,,,,0,-564,-1,2.97,24.8,1.24,0.033
36.40,CLIMB,46.36,47.45,23.74,3.14,6.2,-0.0,-9.3,-0.6,-172,1.00,-0.046,0.050,0.00,,,,0,-567,-1,2.97,24.8,1.29,0.032
36.50,CLIMB,46.67,47.77,23.74,3.11,6.1,-0.0,-9.3,-0.5,-174,1.00,-0.046,0.050,0.00,,,,0,-569,-1,2.97,24.8,1.34,0.031
36.60,CLIMB,46.98,48.08,23.74,3.08,6.0,0.0,-9.3,-0.5,-176,1.00,-0.046,0.050,0.00,,,,0,-571,-1,2.97,24.8,1.39,0.030
36.70,CLIMB,47.29,48.39,23.75,3.06,6.0,0.0,-9.3,-0.5,-178,1.00,-0.046,0.050,0.00,,,,0,-573,-0,2.97,24.8,1.44,0.029
36.80,CLIMB,47.59,48.69,23.75,3.03,5.9,0.0,-9.3,-0.5,-181,1.00,-0.045,0.051,0.00,,,,0,-576,-0,2.97,24.8,1.44,0.029
36.90,CLIMB,47.90,48.99,23.76,3.00,5.8,0.0,-9.3,-0.4,-183,1.00,-0.043,0.051,0.00,,,,0,-578,-0,2.97,24.8,1.39,0.030
37.00,CLIMB,48.19,49.29,23.77,2.97,5.8,0.1,-9.3,-0.4,-185,1.00,-0.042,0.051,0.00,,,,0,-580,-0,2.97,24.8,1.34,0.032
37.10,CLIMB,48.49,49.59,23.77,2.94,5.7,0.1,-9.3,-0.4,-188,1.00,-0.041,0.051,0.00,,,,0,-583,-0,2.97,24.8,1.29,0.033
37.20,CLIMB,48.78,49.88,23.78,2.92,5.7,0.1,-9.3,-0.3,-190,1.00,-0.041,0.051,0.00,,,,0,-585,-0,2.97,24.8,1.24,0.035
37.30,CLIMB,49.08,50.17,23.79,2.90,5.6,0.1,-9.3,-0.3,-192,1.00,-0.040,0.051,0.00,,,,0,-587,-0,2.97,24.8,1.19,0.037
37.40,CLIMB,49.37,50.46,23.80,2.88,5.6,0.1,-9.3,-0.3,-195,1.00,-0.039,0.051,0.00,,,,0,-590,-0,2.97,24.8,1.14,0.038
37.50,CLIMB,49.65,50.75,23.81,2.87,5.6,0.1,-9.3,-0.2,-197,1.00,-0.038,0.051,0.00,,,,0,-592,-0,2.97,24.8,1.09,0.040
37.60,CLIMB,49.94,51.04,23.83,2.86,5.6,0.1,-9.3,-0.2,-199,1.00,-0.038,0.051,0.00,,,,0,-594,-0,2.97,24.8,1.04,0.042
37.70,CLIMB,50.23,51.32,23.84,2.85,5.6,0.1,-9.3,-0.2,-202,1.00,-0.037,0.051,0.00,,,,0,-597,-0,2.97,24.8,1.00,0.043
37.80,CLIMB,50.51,51.61,23.85,2.84,5.6,0.1,-9.3,-0.1,-204,1.00,-0.038,0.051,0.00,,,,0,-599,-0,2.97,24.8,1.00,0.043
37.90,CLIMB,50.79,51.89,23.86,2.84,5.6,0.1,-9.3,-0.1,-206,1.00,-0.038,0.051,0.00,,,,0,-601,-0,2.97,24.8,1.00,0.044
38.00,CLIMB,51.08,52.17,23.87,2.84,5.6,0.2,-9.3,-0.1,-209,1.00,-0.038,0.051,0.00,,,,0,-604,-0,2.97,24.8,1.00,0.044
38.10,CLIMB,51.36,52.46,23.88,2.83,5.6,0.2,-9.3,-0.1,-211,1.00,-0.037,0.051,0.00,,,,0,-606,-0,2.97,24.8,1.00,0.044
38.20,CLIMB,51.65,52.74,23.89,2.83,5.5,0.2,-9.3,-0.0,-213,1.00,-0.037,0.051,0.00,,,,0,-608,-0,2.97,24.8,1.00,0.044
38.30,CLIMB,51.93,53.02,23.90,2.83,5.5,0.2,-9.3,0.0,-216,1.00,-0.037,0.051,0.00,,,,0,-611,0,2.97,24.8,1.00,0.044
38.40,CLIMB,52.21,53.31,23.92,2.83,5.5,0.2,-9.3,0.0,-218,1.00,-0.037,0.051,0.00,,,,0,-613,0,2.97,24.8,1.00,0.044
38.50,CLIMB,52.49,53.59,23.93,2.83,5.5,0.2,-9.3,0.1,-220,1.00,-0.037,0.051,0.00,,,,0,-615,0,2.97,24.8,1.00,0.044
38.60,CLIMB,52.78,53.87,23.94,2.83,5.5,0.2,-9.3,0.1,-223,1.00,-0.038,0.051,0.00,,,,0,-618,0,2.97,24.8,1.00,0.045
38.70,CLIMB,53.06,54.16,23.95,2.83,5.5,0.2,-9.3,0.1,-225,1.00,-0.038,0.051,0.00,,,,0,-620,0,2.97,24.8,1.00,0.045
38.80,CLIMB,53.34,54.44,23.96,2.83,5.5,0.2,-9.3,0.2,-227,1.00,-0.038,0.051,0.00,,,,0,-622,0,2.97,24.8,1.00,0.045
38.90,CLIMB,53.63,54.72,23.97,2.83,5.5,0.2,-9.3,0.2,-230,1.00,-0.038,0.051,0.00,,,,0,-625,0,2.97,24.8,1.00,0.045
39.00,CLIMB,53.91,55.00,23.98,2.83,5.5,0.3,-9.3,0.2,-232,1.00,-0.038,0.051,0.00,,,,0,-627,0,2.97,24.8,1.00,0.045
39.10,CLIMB,54.19,55.29,24.00,2.83,5.5,0.3,-9.3,0.2,-234,1.00,-0.038,0.051,0.00,,,,0,-629,0,2.97,24.8,1.00,0.045
39.20,CLIMB,54.47,55.57,24.01,2.83,5.5,0.3,-9.3,0.3,-237,1.00,-0.038,0.051,0.00,,,,0,-632,0,2.97,24.8,1.00,0.045
39.30,CLIMB,54.76,55.85,24.02,2.83,5.5,0.3,-9.3,0.3,-239,1.00,-0.038,0.051,0.00,,,,0,-634,0,2.97,24.8,1.00,0.045
39.40,CLIMB,55.04,56.14,24.03,2.83,5.4,0.3,-9.3,0.3,-241,1.00,-0.038,0.051,0.00,,,,0,-636,0,2.97,24.8,1.00,0.045
39.50,CLIMB,55.32,56.42,24.04,2.83,5.4,0.3,-9.3,0.3,-244,1.00,-0.038,0.051,0.00,,,,0,-639,0,2.97,24.8,1.00,0.045
39.60,CLIMB,55.61,56.70,24.05,2.83,5.4,0.3,-9.3,0.4,-246,1.00,-0.039,0.051,0.00,,,,0,-641,0,2.97,24.8,1.00,0.045
39.70,CLIMB,55.89,56.99,24.06,2.84,5.4,0.3,-9.3,0.4,-248,1.00,-0.039,0.051,0.00,,,,0,-643,0,2.97,24.8,1.00,0.045
39.80,CLIMB,56.17,57.27,24.07,2.84,5.4,0.3,-9.3,0.4,-251,1.00,-0.039,0.051,0.00,,,,0,-646,0,2.97,24.8,1.00,0.045
39.90,CLIMB,56.46,57.55,24.09,2.84,5.4,0.3,-9.3,0.5,-253,1.00,-0.039,0.051,0.00,,,,0,-648,0,2.97,24.8,1.00,0.045
40.00,CLIMB,56.74,57.84,24.10,2.84,5.4,0.3,-9.3,0.5,-255,1.00,-0.039,0.051,0.00,,,,0,-650,0,2.97,24.8,1.00,0.045
40.10,CLIMB,57.03,58.12,24.11,2.84,5.4,0.3,-9.3,0.5,-258,1.00,-0.039,0.051,0.00,,,,0,-653,1,2.97,24.8,1.00,0.045
40.20,CLIMB,57.31,58.41,24.12,2.84,5.4,0.3,-9.4,0.5,-260,1.00,-0.039,0.051,0.00,,,,0,-655,1,2.97,24.8,1.00,0.045
40.30,CLIMB,57.59,58.69,24.13,2.84,5.4,0.4,-9.4,0.6,-263,1.00,-0.039,0.051,0.00,,,,0,-658,1,2.97,24.8,1.00,0.045
40.40,CLIMB,57.88,58.97,24.14,2.84,5.4,0.4,-9.4,0.6,-265,1.00,-0.040,0.051,0.00,,,,0,-660,1,2.97,24.8,1.00,0.045
40.50,CLIMB,58.16,59.26,24.15,2.85,5.4,0.4,-9.4,0.6,-267,1.00,-0.040,0.051,0.00,,,,0,-662,1,2.97,24.8,1.00,0.046
40.60,CLIMB,58.45,59.54,24.16,2.85,5.4,0.4,-9.4,0.6,-270,1.00,-0.040,0.051,0.00,,,,0,-665,1,2.97,24.8,1.00,0.046
40.70,CLIMB,58.73,59.83,24.17,2.85,5.4,0.4,-9.4,0.6,-272,1.00,-0.040,0.051,0.00,,,,0,-667,1,2.97,24.8,1.00,0.046
40.80,CLIMB,59.02,60.11,24.18,2.85,5.4,0.4,-9.4,0.7,-274,1.00,-0.040,0.051,0.00,,,,0,-669,1,2.97,24.8,1.00,0.046
40.90,CLIMB,59.30,60.40,24.19,2.85,5.3,0.4,-9.4,0.7,-277,1.00,-0.040,0.051,0.00,,,,0,-672,1,2.97,24.8,1.00,0.046
41.00,CLIMB,59.59,60.68,24.20,2.85,5.3,0.4,-9.4,0.7,-279,1.00,-0.040,0.051,0.00,,,,0,-674,1,2.97,24.8,1.00,0.046
41.10,CLIMB,59.87,60.97,24.21,2.85,5.3,0.4,-9.5,0.7,-281,1.00,-0.040,0.051,0.00,,,,0,-676,1,2.97,24.8,1.00,0.046
41.20,CLIMB,60.16,61.25,24.22,2.86,5.3,0.4,-9.5,0.7,-284,1.00,-0.041,0.051,0.00,,,,0,-679,1,2.97,24.8,1.00,0.046
41.30,CLIMB,60.44,61.54,24.23,2.86,5.3,0.4,-9.5,0.8,-286,1.00,-0.041,0.051,0.00,,,,0,-681,1,2.97,24.8,1.00,0.046
41.40,CLIMB,60.73,61.83,24.24,2.86,5.3,0.4,-9.5,0.8,-288,1.00,-0.041,0.051,0.00,,,,0,-683,1,2.97,24.8,1.00,0.046
41.50,CLIMB,61.02,62.11,24.25,2.86,5.3,0.4,-9.5,0.8,-291,1.00,-0.041,0.051,0.00,,,,0,-686,1,2.97,24.8,1.00,0.046
41.60,CLIMB,61.30,62.40,24.26,2.86,5.3,0.4,-9.5,0.8,-293,1.00,-0.041,0.051,0.00,,,,0,-688,1,2.97,24.8,1.00,0.046
41.70,CLIMB,61.59,62.68,24.27,2.86,5.3,0.4,-9.5,0.8,-296,1.00,-0.041,0.051,0.00,,,,0,-691,1,2.97,24.8,1.00,0.046
41.80,CLIMB,61.87,62.97,24.28,2.87,5.3,0.4,-9.5,0.9,-298,1.00,-0.041,0.051,0.00,,,,0,-693,1,2.97,24.8,1.00,0.046
41.90,CLIMB,62.16,63.26,24.29,2.87,5.3,0.4,-9.5,0.9,-300,1.00,-0.041,0.051,0.00,,,,0,-695,1,2.97,24.8,1.00,0.046
42.00,CLIMB,62.45,63.54,24.30,2.87,5.3,0.4,-9.6,0.9,-303,1.00,-0.042,0.051,0.00,,,,0,-698,1,2.97,24.8,1.00,0.046
42.10,CLIMB,62.74,63.83,24.31,2.87,5.3,0.4,-9.6,0.9,-305,1.00,-0.042,0.051,0.00,,,,0,-700,1,2.97,24.8,1.00,0.046
42.20,CLIMB,63.02,64.12,24.32,2.87,5.3,0.4,-9.6,0.9,-307,1.00,-0.042,0.051,0.00,,,,0,-702,1,2.97,24.8,1.00,0.046
42.30,CLIMB,63.31,64.40,24.33,2.87,5.3,0.4,-9.6,0.9,-310,1.00,-0.042,0.051,0.00,,,,0,-705,1,2.97,24.8,1.00,0.046
42.40,CLIMB,63.60,64.69,24.34,2.87,5.3,0.4,-9.6,0.9,-312,1.00,-0.042,0.051,0.00,,,,0,-707,1,2.97,24.8,1.00,0.046
42.50,CLIMB,63.88,64.98,24.35,2.88,5.3,0.4,-9.6,1.0,-314,1.00,-0.042,0.051,0.00,,,,0,-709,1,2.97,24.8,1.00,0.046
42.60,CLIMB,64.17,65.27,24.36,2.88,5.3,0.4,-9.6,1.0,-317,1.00,-0.042,0.051,0.00,,,,0,-712,1,2.97,24.8,1.00,0.046
42.70,CLIMB,64.46,65.56,24.37,2.88,5.3,0.4,-9.7,1.0,-319,1.00,-0.042,0.051,0.00,,,,0,-714,1,2.97,24.8,1.00,0.046
42.80,CLIMB,64.75,65.84,24.38,2.88,5.2,0.4,-9.7,1.0,-322,1.00,-0.042,0.051,0.00,,,,0,-717,1,2.97,24.8,1.00,0.047
42.90,CLIMB,65.04,66.13,24.39,2.88,5.2,0.4,-9.7,1.0,-324,1.00,-0.043,0.051,0.00,,,,0,-719,1,2.97,24.8,1.00,0.047
43.00,CLIMB,65.32,66.42,24.40,2.88,5.2,0.4,-9.7,1.0,-326,1.00,-0.043,0.051,0.00,,,,0,-721,1,2.97,24.8,1.00,0.047
43.10,CLIMB,65.61,66.71,24.41,2.89,5.2,0.4,-9.7,1.0,-329,1.00,-0.043,0.051,0.00,,,,0,-724,1,2.97,24.8,1.00,0.047
43.20,CLIMB,65.90,67.00,24.42,2.89,5.2,0.4,-9.7,1.0,-331,1.00,-0.043,0.052,0.00,,,,0,-726,1,2.97,24.8,1.00,0.047
43.30,CLIMB,66.19,67.29,24.43,2.89,5.2,0.4,-9.7,1.0,-333,1.00,-0.043,0.052,0.00,,,,0,-728,1,2.97,24.8,1.00,0.047
43.40,CLIMB,66.48,67.57,24.44,2.89,5.2,0.4,-9.8,1.1,-336,1.00,-0.043,0.052,0.00,,,,0,-731,1,2.97,24.8,1.00,0.047
43.50,CLIMB,66.77,67.86,24.45,2.89,5.2,0.4,-9.8,1.1,-338,1.00,-0.043,0.052,0.00,,,,0,-733,1,2.97,24.8,1.00,0.047
43.60,CLIMB,67.06,68.15,24.45,2.89,5.2,0.4,-9.8,1.1,-341,1.00,-0.043,0.052,0.00,,,,0,-736,1,2.97,24.8,1.00,0.047
43.70,CLIMB,67.35,68.44,24.46,2.90,5.2,0.4,-9.8,1.1,-343,1.00,-0.043,0.052,0.00,,,,0,-738,1,2.97,24.8,1.00,0.047
43.80,CLIMB,67.64,68.73,24.47,2.90,5.2,0.4,-9.8,1.1,-345,1.00,-0.044,0.052,0.00,,,,0,-740,1,2.97,24.8,1.00,0.047
43.90,CLIMB,67.93,69.02,24.48,2.90,5.2,0.4,-9.8,1.1,-348,1.00,-0.044,0.052,0.00,,,,0,-743,1,2.97,24.8,1.00,0.047
44.00,CLIMB,68.22,69.31,24.49,2.90,5.2,0.4,-9.8,1.1,-350,1.00,-0.044,0.052,0.00,,,,0,-745,1,2.97,24.8,1.00,0.047
44.10,CLIMB,68.51,69.60,24.50,2.90,5.2,0.4,-9.9,1.1,-353,1.00,-0.044,0.052,0.00,,,,0,-748,1,2.97,24.8,1.00,0.047
44.20,CLIMB,68.80,69.89,24.51,2.90,5.2,0.4,-9.9,1.1,-355,1.00,-0.044,0.052,0.00,,,,0,-750,1,2.97,24.8,1.00,0.047
44.30,CROSSWIND,69.09,70.18,24.51,2.90,5.2,0.4,-10.1,-1.1,107,0.98,-0.035,0.066,0.00,196,,728,0,-752,1,2.97,22.5,1.00,0.108
44.40,CROSSWIND,69.38,70.47,24.52,2.89,5.2,0.3,169.9,-1.1,110,0.98,0.013,0.066,0.00,194,,728,0,-755,1,2.97,22.5,1.00,0.110
44.50,CROSSWIND,69.67,70.76,24.52,2.90,5.4,-0.2,-32.2,-1.1,112,0.98,-0.008,0.067,0.00,191,,728,0,-757,1,2.97,22.5,1.00,0.111
44.60,CROSSWIND,69.96,71.05,24.52,2.95,5.7,-1.1,-12.0,-1.1,114,0.98,-0.030,0.087,0.00,189,,728,0,-759,1,2.97,22.5,1.00,0.110
44.70,CROSSWIND,70.25,71.35,24.51,3.02,6.0,-2.2,-12.8,-1.1,117,0.97,-0.036,0.101,0.00,186,,728,0,-762,1,2.97,22.5,1.00,0.108
44.80,CROSSWIND,70.56,71.65,24.50,3.09,6.1,-3.5,-13.7,-1.1,119,0.97,-0.031,0.106,0.00,184,,728,0,-764,1,2.97,22.5,1.00,0.106
44.90,CROSSWIND,70.87,71.97,24.48,3.15,6.2,-5.0,-14.6,-1.1,122,0.96,-0.025,0.107,0.00,182,,728,0,-767,1,2.97,22.5,1.00,0.104
45.00,CROSSWIND,71.19,72.28,24.47,3.20,6.3,-6.5,-15.5,-1.2,124,0.96,-0.023,0.106,0.00,179,,728,0,-769,1,2.97,22.5,1.00,0.102
45.10,CROSSWIND,71.51,72.60,24.45,3.24,6.4,-8.2,-16.5,-1.2,126,0.95,-0.026,0.105,0.00,177,,727,0,-771,1,2.97,22.5,1.00,0.100
45.20,CROSSWIND,71.83,72.93,24.42,3.27,6.5,-10.0,-17.4,-1.2,129,0.95,-0.030,0.103,0.00,174,,727,0,-774,1,2.97,22.5,1.00,0.099
45.30,CROSSWIND,72.16,73.26,24.40,3.28,6.6,-11.7,-18.3,-1.3,131,0.95,-0.033,0.095,0.00,172,,727,0,-776,1,2.97,22.5,1.00,0.098
45.40,CROSSWIND,72.49,73.59,24.38,3.28,6.6,-13.3,-19.2,-1.4,134,0.95,-0.034,0.088,0.00,170,,727,0,-779,1,2.97,22.5,1.00,0.097
45.50,CROSSWIND,72.82,73.91,24.36,3.27,6.7,-14.5,-20.0,-1.4,136,0.95,-0.033,0.084,0.00,167,,727,0,-781,1,2.97,22.5,1.00,0.097
45.60,CROSSWIND,73.14,74.24,24.34,3.24,6.8,-15.5,-20.7,-1.6,138,0.95,-0.032,0.083,0.00,165,,727,0,-783,2,2.97,22.5,1.00,0.098
45.70,CROSSWIND,73.47,74.56,24.32,3.20,6.8,-16.3,-21.3,-1.7,141,0.95,-0.029,0.081,0.00,163,,727,0,-786,2,2.97,22.5,1.00,0.099
45.80,CROSSWIND,73.79,74.88,24.31,3.16,6.8,-17.0,-21.7,-1.9,143,0.95,-0.027,0.079,0.00,160,,727,0,-788,2,2.97,22.5,1.00,0.100
45.90,CROSSWIND,74.10,75.20,24.29,3.12,6.9,-17.6,-21.9,-2.0,145,0.95,-0.024,0.076,0.00,158,,727,0,-790,2,2.97,22.5,1.00,0.102
46.00,CROSSWIND,74.41,75.51,24.28,3.08,6.9,-18.1,-22.0,-2.3,148,0.96,-0.020,0.073,0.00,155,,726,0,-793,2,2.97,22.5,1.00,0.103
46.10,CROSSWIND,74.72,75.81,24.27,3.04,6.9,-18.6,-21.9,-2.5,150,0.96,-0.016,0.069,0.00,153,,726,0,-795,2,2.97,22.5,1.00,0.105
46.20,CROSSWIND,75.02,76.12,24.26,3.01,6.8,-19.0,-21.7,-2.8,153,0.96,-0.011,0.066,0.00,151,,726,0,-798,3,2.97,22.5,1.00,0.106
46.30,CROSSWIND,75.32,76.42,24.25,2.99,6.8,-19.4,-21.4,-3.1,155,0.96,-0.007,0.063,0.00,148,,726,0,-800,3,2.97,22.5,1.00,0.108
46.40,CROSSWIND,75.62,76.72,24.24,2.97,6.8,-19.8,-20.9,-3.4,157,0.96,-0.004,0.058,0.00,146,,725,0,-802,3,2.97,22.5,1.00,0.109
46.50,CROSSWIND,75.92,77.01,24.23,2.97,6.7,-20.1,-20.4,-3.7,160,0.96,-0.000,0.054,0.00,143,,725,0,-805,4,2.97,22.5,1.00,0.110
46.60,CROSSWIND,76.21,77.31,24.22,2.97,6.7,-20.3,-19.7,-4.1,162,0.96,0.002,0.049,0.00,141,,725,0,-807,4,2.97,22.5,1.00,0.110
46.70,CROSSWIND,76.51,77.61,24.21,2.97,6.6,-20.6,-19.1,-4.6,165,0.96,0.004,0.045,0.00,139,,724,0,-810,5,2.97,22.5,1.00,0.111
46.80,CROSSWIND,76.81,77.90,24.20,2.99,6.6,-20.8,-18.4,-5.0,167,0.96,0.006,0.040,0.00,136,,724,0,-812,5,2.97,22.5,1.00,0.111
46.90,CROSSWIND,77.11,78.20,24.18,3.00,6.5,-21.0,-17.8,-5.5,170,0.96,0.007,0.037,0.00,134,,723,0,-815,6,2.97,22.5,1.00,0.110
47.00,CROSSWIND,77.41,78.50,24.17,3.02,6.5,-21.1,-17.1,-6.1,172,0.96,0.007,0.034,0.00,131,,723,0,-817,6,2.97,22.5,1.00,0.110
47.10,CROSSWIND,77.71,78.81,24.15,3.04,6.4,-21.2,-16.6,-6.6,174,0.96,0.007,0.032,0.00,129,,722,0,-819,7,2.97,22.5,1.00,0.109
47.20,CROSSWIND,78.02,79.11,24.13,3.06,6.4,-21.3,-16.0,-7.3,177,0.96,0.006,0.030,0.00,126,,721,0,-822,7,2.97,22.5,1.00,0.109
47.30,CROSSWIND,78.32,79.42,24.11,3.08,6.3,-21.4,-15.5,-7.9,179,0.97,0.005,0.030,0.00,124,,721,0,-824,8,2.97,22.5,1.00,0.108
47.40,CROSSWIND,78.63,79.73,24.09,3.10,6.3,-21.4,-15.1,-8.6,182,0.97,0.003,0.029,0.00,122,,720,0,-827,9,2.97,22.5,1.00,0.107
47.50,CROSSWIND,78.94,80.04,24.08,3.12,6.3,-21.4,-14.8,-9.4,184,0.97,0.002,0.030,0.00,119,,719,0,-829,9,2.97,22.5,1.00,0.107
47.60,CROSSWIND,79.26,80.35,24.06,3.13,6.3,-21.4,-14.4,-10.1,186,0.97,0.000,0.030,0.00,117,,719,0,-831,10,2.97,22.5,1.00,0.106
47.70,CROSSWIND,79.57,80.66,24.04,3.13,6.3,-21.4,-14.3,-11.0,189,0.97,-0.002,0.033,0.00,115,,718,0,-834,11,2.97,22.5,1.00,0.106
47.80,CROSSWIND,79.88,80.98,24.02,3.14,6.3,-21.4,-14.1,-11.8,191,0.97,-0.003,0.033,0.00,112,,717,0,-836,12,2.97,22.5,1.00,0.106
47.90,CROSSWIND,80.19,81.29,24.00,3.13,6.3,-21.3,-14.0,-12.7,193,0.97,-0.004,0.037,0.00,110,,716,0,-838,13,2.97,22.5,1.00,0.106
48.00,CROSSWIND,80.51,81.60,23.98,3.13,6.3,-21.3,-13.9,-13.7,196,0.97,-0.005,0.038,0.00,107,,715,0,-841,14,2.97,22.5,1.00,0.106
48.10,CROSSWIND,80.82,81.92,23.97,3.12,6.3,-21.3,-13.9,-14.6,198,0.98,-0.006,0.041,0.00,105,,714,0,-843,15,2.97,22.5,1.00,0.107
48.20,CROSSWIND,81.13,82.23,23.95,3.11,6.3,-21.2,-13.9,-15.7,200,0.98,-0.007,0.042,0.00,103,,713,0,-845,16,2.97,22.5,1.00,0.107
48.30,CROSSWIND,81.44,82.54,23.94,3.10,6.3,-21.2,-13.9,-16.7,203,0.98,-0.007,0.046,0.00,100,,712,0,-848,17,2.97,22.5,1.00,0.108
48.40,CROSSWIND,81.75,82.85,23.93,3.09,6.4,-21.1,-13.9,-17.8,205,0.98,-0.007,0.046,0.00,98,,711,0,-850,18,2.97,22.5,1.00,0.108
48.50,CROSSWIND,82.06,83.16,23.92,3.07,6.4,-21.1,-13.9,-18.9,207,0.98,-0.007,0.050,0.00,96,,710,0,-852,19,2.97,22.5,1.00,0.109
48.60,CROSSWIND,82.37,83.46,23.90,3.06,6.4,-21.1,-13.9,-20.1,210,0.98,-0.006,0.050,0.00,94,,709,0,-855,20,2.97,22.5,1.00,0.110
48.70,CROSSWIND,82.67,83.77,23.89,3.04,6.4,-21.1,-13.8,-21.3,212,0.98,-0.005,0.053,0.00,91,,707,0,-857,21,2.97,22.5,1.00,0.111
48.80,CROSSWIND,82.98,84.07,23.89,3.03,6.5,-21.1,-13.8,-22.5,214,0.98,-0.005,0.052,0.00,89,,706,0,-859,22,2.97,22.5,1.00,0.112
48.90,CROSSWIND,83.28,84.37,23.88,3.02,6.5,-21.1,-13.7,-23.7,217,0.98,-0.004,0.054,0.00,87,,705,0,-862,24,2.97,22.5,1.00,0.113
49.00,CROSSWIND,83.58,84.68,23.87,3.01,6.5,-21.1,-13.5,-25.0,219,0.98,-0.002,0.052,0.00,84,,704,0,-864,25,2.97,22.5,1.00,0.114
49.10,CROSSWIND,83.88,84.98,23.86,3.00,6.5,-21.1,-13.4,-26.4,221,0.98,-0.001,0.054,0.00,82,,702,0,-866,26,2.97,22.5,1.00,0.115
49.20,CROSSWIND,84.18,85.28,23.85,2.99,6.5,-21.1,-13.2,-27.7,223,0.98,-0.000,0.052,0.00,80,,701,0,-868,28,2.97,22.5,1.00,0.115
49.30,CROSSWIND,84.48,85.58,23.84,2.99,6.5,-21.1,-13.0,-29.1,225,0.98,0.001,0.053,0.00,78,,700,0,-870,29,2.97,22.5,1.00,0.116
49.40,CROSSWIND,84.78,85.87,23.83,2.99,6.5,-21.2,-12.8,-30.6,228,0.98,0.001,0.050,0.00,76,,698,0,-873,31,2.97,22.5,1.00,0.117
49.50,CROSSWIND,85.08,86.17,23.82,2.99,6.5,-21.2,-12.6,-32.0,230,0.98,0.002,0.051,0.00,73,,697,0,-875,32,2.97,22.5,1.00,0.117
49.60,CROSSWIND,85.38,86.47,23.82,2.99,6.5,-21.2,-12.3,-33.5,232,0.98,0.003,0.048,0.00,71,,695,0,-877,34,2.97,22.5,1.00,0.117
49.70,CROSSWIND,85.68,86.77,23.81,2.99,6.5,-21.2,-12.0,-35.1,234,0.98,0.003,0.049,0.00,69,,694,0,-879,35,2.97,22.5,1.00,0.118
49.80,CROSSWIND,85.97,87.07,23.80,3.00,6.5,-21.3,-11.7,-36.7,236,0.98,0.004,0.046,0.00,67,,692,0,-881,37,2.97,22.5,1.00,0.118
49.90,CROSSWIND,86.27,87.37,23.78,3.00,6.5,-21.3,-11.5,-38.3,238,0.98,0.004,0.047,0.00,65,,690,0,-883,38,2.97,22.5,1.00,0.118
50.00,CROSSWIND,86.58,87.67,23.77,3.01,6.5,-21.3,-11.2,-39.9,241,0.98,0.004,0.045,0.00,63,,689,0,-886,40,2.97,22.5,1.00,0.118
50.10,CROSSWIND,86.88,87.97,23.76,3.02,6.6,-21.3,-11.0,-41.6,243,0.99,0.004,0.046,0.00,61,,687,0,-888,42,2.97,22.5,1.00,0.118
50.20,CROSSWIND,87.18,88.27,23.75,3.02,6.6,-21.3,-10.7,-43.3,245,0.99,0.003,0.043,0.00,59,,685,0,-890,43,2.97,22.5,1.00,0.118
50.30,CROSSWIND,87.48,88.58,23.74,3.03,6.6,-21.3,-10.5,-45.0,247,0.99,0.003,0.044,0.00,56,,684,0,-892,45,2.97,22.5,1.00,0.118
50.40,CROSSWIND,87.78,88.88,23.73,3.04,6.6,-21.3,-10.3,-46.8,249,0.99,0.003,0.042,0.00,54,,682,0,-894,47,2.97,22.5,1.00,0.118
50.50,CROSSWIND,88.09,89.18,23.71,3.04,6.6,-21.3,-10.1,-48.6,251,0.99,0.002,0.044,0.00,52,,680,0,-896,49,2.97,22.5,1.00,0.118
50.60,CROSSWIND,88.39,89.49,23.70,3.05,6.6,-21.3,-9.9,-50.4,253,0.99,0.002,0.042,0.00,50,,678,0,-898,50,2.97,22.5,1.00,0.119
50.70,CROSSWIND,88.70,89.79,23.69,3.05,6.6,-21.3,-9.8,-52.3,255,0.99,0.001,0.044,0.00,49,,676,0,-900,52,2.97,22.5,1.00,0.119
50.80,CROSSWIND,89.00,90.10,23.68,3.05,6.6,-21.3,-9.6,-54.2,257,0.99,0.001,0.042,0.00,47,,674,0,-902,54,2.97,22.5,1.00,0.119
50.90,CROSSWIND,89.31,90.40,23.67,3.05,6.6,-21.3,-9.5,-56.1,259,0.99,0.001,0.044,0.00,45,,673,0,-904,56,2.97,22.5,1.00,0.119
51.00,CROSSWIND,89.61,90.71,23.65,3.05,6.7,-21.3,-9.3,-58.1,260,0.99,0.000,0.042,0.00,43,,671,0,-905,58,2.97,22.5,1.00,0.119
51.10,CROSSWIND,89.92,91.01,23.64,3.05,6.7,-21.3,-9.3,-60.1,262,0.99,-0.000,0.044,0.00,41,,669,0,-907,60,2.97,22.5,1.00,0.119
51.20,CROSSWIND,90.22,91.32,23.63,3.05,6.7,-21.3,-9.1,-62.1,264,0.99,-0.000,0.043,0.00,39,,667,0,-909,62,2.97,22.5,1.00,0.120
51.30,CROSSWIND,90.53,91.62,23.62,3.05,6.7,-21.2,-9.0,-64.1,266,0.99,-0.001,0.040,0.00,37,,665,0,-911,64,2.97,22.5,1.00,0.120
51.40,CROSSWIND,90.83,91.93,23.61,3.05,6.7,-21.2,-8.9,-66.2,268,0.99,-0.001,0.043,0.00,36,,662,0,-913,66,2.97,22.5,1.00,0.120
51.50,CROSSWIND,91.14,92.23,23.60,3.05,6.8,-21.2,-8.8,-68.3,269,0.99,-0.001,0.040,0.00,34,,660,0,-914,68,2.97,22.5,1.00,0.120
51.60,CROSSWIND,91.44,92.54,23.59,3.04,6.8,-21.2,-8.7,-70.5,271,0.99,-0.001,0.043,0.00,32,,658,0,-916,70,2.97,22.5,1.00,0.121
51.70,CROSSWIND,91.75,92.84,23.58,3.04,6.8,-21.2,-8.6,-72.6,273,0.99,-0.001,0.040,0.00,30,,656,0,-918,73,2.97,22.5,1.00,0.121
51.80,CROSSWIND,92.05,93.15,23.57,3.04,6.8,-21.2,-8.5,-74.8,275,0.99,-0.001,0.043,0.00,29,,654,0,-920,75,2.97,22.5,1.00,0.121
51.90,CROSSWIND,92.35,93.45,23.56,3.04,6.8,-21.2,-8.4,-77.0,276,1.00,-0.001,0.040,0.00,27,,652,0,-921,77,2.97,22.5,1.00,0.122
52.00,CROSSWIND,92.66,93.75,23.55,3.03,6.9,-21.2,-8.3,-79.3,278,1.00,-0.000,0.042,0.00,25,,649,0,-923,79,2.97,22.5,1.00,0.122
52.10,CROSSWIND,92.96,94.06,23.54,3.03,6.9,-21.2,-8.1,-81.5,279,1.00,-0.000,0.039,0.00,24,,647,0,-924,82,2.97,22.5,1.00,0.123
52.20,CROSSWIND,93.26,94.36,23.53,3.03,6.9,-21.2,-8.0,-83.8,281,1.00,-0.000,0.041,0.00,22,,645,0,-926,84,2.97,22.5,1.00,0.123
52.30,CROSSWIND,93.57,94.66,23.52,3.03,6.9,-21.2,-7.9,-86.1,283,1.00,-0.000,0.038,0.00,21,,643,0,-928,86,2.97,22.5,1.00,0.123
52.40,CROSSWIND,93.87,94.96,23.51,3.03,6.9,-21.2,-7.8,-88.5,284,1.00,-0.000,0.040,0.00,19,,640,0,-929,88,2.97,22.5,1.00,0.123
52.50,CROSSWIND,94.17,95.27,23.50,3.03,6.9,-21.2,-7.6,-90.8,286,1.00,-0.000,0.037,0.00,18,,638,0,-931,91,2.97,22.5,1.00,0.124
52.60,CROSSWIND,94.48,95.57,23.49,3.03,7.0,-21.2,-7.5,-93.2,287,1.00,-0.000,0.038,0.00,16,,635,0,-932,93,2.97,22.5,1.00,0.124
52.70,CROSSWIND,94.78,95.87,23.48,3.03,7.0,-21.2,-7.3,-95.6,288,1.00,-0.000,0.036,0.00,15,,633,0,-933,96,2.97,22.5,1.00,0.124
52.80,CROSSWIND,95.08,96.17,23.47,3.03,7.0,-21.3,-7.2,-98.0,290,1.00,-0.001,0.037,0.00,13,,631,0,-935,98,2.97,22.5,1.00,0.124
52.90,CROSSWIND,95.39,96.48,23.46,3.04,7.0,-21.3,-7.0,-100.5,291,1.00,-0.001,0.035,0.00,12,,628,0,-936,100,2.97,22.5,1.00,0.124
53.00,CROSSWIND,95.69,96.78,23.45,3.04,7.0,-21.3,-6.8,-103.0,293,1.00,-0.001,0.031,0.00,11,,626,0,-938,103,2.97,22.5,1.00,0.125
53.10,CROSSWIND,95.99,97.08,23.44,3.04,7.1,-21.3,-6.7,-105.5,294,1.00,-0.001,0.033,0.00,9,,623,0,-939,105,2.97,22.5,1.00,0.125
53.20,CROSSWIND,96.30,97.38,23.43,3.04,7.1,-21.3,-6.5,-108.0,295,1.00,-0.002,0.030,0.00,8,,621,0,-940,108,2.97,22.5,1.00,0.125
53.30,CROSSWIND,96.60,97.68,23.42,3.05,7.1,-21.3,-6.4,-110.5,296,1.00,-0.002,0.032,0.00,7,,618,0,-941,111,2.97,22.5,1.00,0.125
53.40,CROSSWIND,96.91,97.98,23.41,3.05,7.1,-21.3,-6.3,-113.1,297,1.00,-0.002,0.028,0.00,6,,616,0,-942,113,2.97,22.5,1.00,0.125
53.50,CROSSWIND,97.21,98.28,23.40,3.05,7.1,-21.3,-6.2,-115.6,299,1.00,-0.003,0.031,0.00,5,,613,0,-944,116,2.97,22.5,1.00,0.125
53.60,CROSSWIND,97.52,98.58,23.39,3.05,7.2,-21.3,-6.0,-118.2,300,1.00,-0.003,0.028,0.00,3,,610,0,-945,118,2.97,22.5,1.00,0.125
53.70,CROSSWIND,97.82,98.88,23.38,3.06,7.2,-21.3,-5.9,-120.8,301,1.00,-0.004,0.029,0.00,2,,608,0,-946,121,2.97,22.5,1.00,0.125
53.80,CROSSWIND,98.13,99.18,23.37,3.06,7.2,-21.3,-5.8,-123.5,302,1.00,-0.004,0.027,0.00,1,,605,0,-947,123,2.97,22.5,1.00,0.125
53.90,CROSSWIND,98.43,99.47,23.36,3.06,7.2,-21.3,-5.7,-126.1,303,1.00,-0.005,0.028,0.00,0,,603,0,-948,126,2.97,22.5,1.00,0.125
54.00,CROSSWIND,98.74,99.77,23.35,3.06,7.3,-21.3,-5.5,-128.8,304,1.00,-0.006,0.026,0.00,1,,600,0,-949,129,2.97,22.5,1.00,0.125
54.10,CROSSWIND,99.05,100.07,23.34,3.06,7.3,-21.3,-5.5,-131.4,305,1.00,-0.006,0.027,0.00,2,,597,0,-950,131,2.97,22.5,1.00,0.125
54.20,CROSSWIND,99.35,100.37,23.33,3.07,7.3,-21.3,-5.3,-134.1,306,1.00,-0.011,0.025,0.00,3,,595,0,-951,134,2.91,22.5,1.00,0.121
54.30,CROSSWIND,99.66,100.66,23.31,3.07,7.3,-21.2,-5.2,-136.8,307,0.99,-0.015,0.021,0.00,4,,592,0,-952,137,2.85,22.5,1.00,0.116
54.40,CROSSWIND,99.97,100.96,23.30,3.06,7.3,-21.2,-5.1,-139.5,308,0.98,-0.017,0.024,0.00,4,,589,0,-953,140,2.79,22.5,1.00,0.111
54.50,CROSSWIND,100.27,101.26,23.29,3.05,7.3,-21.2,-5.0,-142.2,308,0.97,-0.017,0.021,0.00,5,,586,0,-953,142,2.73,22.5,1.00,0.106
54.60,CROSSWIND,100.58,101.55,23.27,3.04,7.2,-21.2,-5.0,-145.0,309,0.96,-0.018,0.024,0.00,6,,584,0,-954,145,2.67,22.5,1.00,0.101
54.70,CROSSWIND,100.88,101.84,23.25,3.02,7.1,-21.2,-4.9,-147.7,310,0.95,-0.019,0.021,0.00,7,,581,0,-955,148,2.61,22.5,1.00,0.097
54.80,CROSSWIND,101.18,102.13,23.23,2.99,7.1,-21.2,-4.9,-150.5,311,0.94,-0.021,0.023,0.00,7,,578,0,-956,150,2.54,22.5,1.00,0.093
54.90,CROSSWIND,101.48,102.42,23.22,2.96,7.0,-21.2,-4.7,-153.3,311,0.94,-0.022,0.020,0.00,8,,575,0,-956,153,2.49,22.5,1.00,0.089
55.00,CROSSWIND,101.77,102.70,23.20,2.92,6.9,-21.2,-4.7,-156.0,312,0.93,-0.024,0.022,0.00,9,,573,0,-957,156,2.43,22.5,1.00,0.085
55.10,CROSSWIND,102.06,102.98,23.18,2.88,6.8,-21.2,-4.6,-158.8,313,0.92,-0.025,0.019,0.00,9,,570,0,-958,159,2.37,22.5,1.00,0.081
55.20,CROSSWIND,102.35,103.25,23.17,2.84,6.7,-21.2,-4.6,-161.6,313,0.92,-0.027,0.021,0.00,10,,567,0,-958,162,2.31,22.5,1.00,0.077
55.30,CROSSWIND,102.63,103.52,23.15,2.80,6.6,-21.2,-4.5,-164.4,314,0.91,-0.028,0.018,0.00,10,,564,0,-959,164,2.25,22.5,1.00,0.074
55.40,CROSSWIND,102.91,103.79,23.14,2.75,6.5,-21.2,-4.5,-167.2,314,0.91,-0.029,0.020,0.00,11,,561,0,-959,167,2.20,22.5,1.00,0.071
55.50,CROSSWIND,103.18,104.05,23.12,2.70,6.4,-21.2,-4.4,-170.1,315,0.90,-0.031,0.017,0.00,11,,559,0,-960,170,2.14,22.5,1.00,0.068
55.60,CROSSWIND,103.45,104.30,23.11,2.65,6.3,-21.2,-4.2,-172.9,315,0.89,-0.032,0.010,0.00,12,,556,0,-960,173,2.09,22.5,1.00,0.065
55.70,CROSSWIND,103.72,104.55,23.10,2.60,6.2,-21.0,-4.2,-175.7,315,0.89,-0.033,0.012,0.00,12,,553,0,-960,176,2.04,22.5,1.00,0.062
55.80,CROSSWIND,103.98,104.80,23.09,2.56,6.1,-20.8,-4.0,-178.5,316,0.88,-0.035,0.006,0.00,13,,550,0,-961,179,1.99,22.5,1.00,0.059
55.90,CROSSWIND,104.23,105.04,23.08,2.51,6.0,-20.4,-4.0,-181.4,316,0.88,-0.036,0.009,0.00,13,,547,0,-961,181,1.93,22.5,1.00,0.056
56.00,CROSSWIND,104.48,105.27,23.07,2.47,5.9,-20.0,-3.8,-184.2,316,0.87,-0.039,0.004,0.00,13,,544,0,-961,184,1.88,22.5,1.00,0.054
56.10,CROSSWIND,104.73,105.50,23.06,2.44,5.8,-19.6,-3.6,-187.1,317,0.86,-0.042,0.005,0.00,13,,542,0,-962,187,1.84,22.5,1.00,0.051
56.20,CROSSWIND,104.97,105.73,23.04,2.40,5.7,-19.1,-3.4,-189.9,317,0.86,-0.038,0.000,0.00,14,,539,0,-962,190,1.79,22.5,1.00,0.048
56.30,CROSSWIND,105.21,105.96,23.03,2.36,5.4,-18.6,-3.3,-192.8,317,0.85,-0.019,0.002,0.00,14,,536,0,-962,193,1.74,22.5,1.00,0.045
56.40,CROSSWIND,105.44,106.17,23.03,2.29,5.1,-18.0,-3.2,-195.6,317,0.85,0.001,-0.001,0.00,14,,533,0,-962,196,1.69,22.5,1.00,0.043
56.50,CROSSWIND,105.67,106.39,23.02,2.20,4.8,-17.4,-2.5,-198.5,317,0.84,0.008,-0.026,0.00,14,,530,0,-962,198,1.65,22.5,1.00,0.042
56.60,CROSSWIND,105.88,106.58,23.02,2.12,4.5,-16.7,-1.6,-201.3,317,0.84,0.005,-0.043,0.00,14,,527,0,-962,201,1.60,22.5,1.00,0.042
56.70,CROSSWIND,106.09,106.77,23.05,2.07,4.3,-16.1,-0.7,-204.2,318,1.00,-0.054,-0.051,0.00,14,,524,0,-963,204,1.56,31.4,0.95,-0.091
56.80,CROSSWIND,106.30,106.96,23.09,2.04,4.0,-15.4,0.1,-207.1,318,1.00,-0.095,-0.053,0.00,14,,522,0,-963,207,1.52,31.4,0.90,-0.089
56.90,CROSSWIND,106.50,107.16,23.13,1.98,3.5,-14.7,0.7,-209.9,318,1.00,-0.088,-0.052,0.00,14,,519,0,-963,210,1.48,31.4,0.85,-0.086
57.00,CROSSWIND,106.70,107.34,23.18,1.86,2.9,-13.9,1.2,-212.8,318,1.00,-0.048,-0.047,0.00,14,,516,0,-963,213,1.44,31.4,0.80,-0.082
57.10,CROSSWIND,106.88,107.52,23.24,1.72,2.3,-13.1,1.7,-215.7,318,1.00,-0.032,-0.044,0.00,14,,513,0,-963,216,1.41,31.4,0.75,-0.074
57.20,CROSSWIND,107.04,107.67,23.31,1.57,1.9,-12.4,2.1,-218.6,317,1.00,-0.037,-0.040,0.00,14,,510,0,-962,219,1.37,31.4,0.70,-0.066
57.30,CROSSWIND,107.20,107.80,23.38,1.44,1.7,-11.6,2.6,-221.5,317,1.00,-0.046,-0.036,0.00,14,,507,0,-962,221,1.34,31.4,0.65,-0.058
57.40,CROSSWIND,107.34,107.92,23.45,1.33,1.5,-10.9,3.0,-224.4,317,1.00,-0.050,-0.034,0.00,14,,504,0,-962,224,1.31,31.4,0.60,-0.050
57.50,CROSSWIND,107.47,108.04,23.53,1.24,1.3,-10.2,3.3,-227.3,317,1.00,-0.048,-0.030,0.00,14,,501,0,-962,227,1.29,31.4,0.55,-0.043
57.60,CROSSWIND,107.59,108.14,23.61,1.16,1.2,-9.5,3.7,-230.2,317,1.00,-0.042,-0.029,0.00,14,,498,0,-962,230,1.26,31.4,0.50,-0.036
57.70,CROSSWIND,107.70,108.24,23.70,1.09,1.1,-8.8,4.0,-233.2,317,1.00,-0.038,-0.026,0.00,14,,496,0,-962,233,1.24,31.4,0.45,-0.030
57.80,CROSSWIND,107.81,108.34,23.78,1.03,1.0,-8.1,4.4,-236.1,317,1.00,-0.035,-0.024,0.00,13,,493,0,-962,236,1.22,31.4,0.40,-0.024
57.90,CROSSWIND,107.91,108.42,23.87,0.98,0.9,-7.5,4.7,-239.0,316,1.00,-0.033,-0.023,0.00,13,,490,0,-961,239,1.20,31.4,0.35,-0.018
58.00,CROSSWIND,108.01,108.51,23.95,0.95,0.9,-6.8,5.0,-242.0,316,1.00,-0.032,-0.020,0.00,13,,487,0,-961,242,1.18,31.4,0.30,-0.013
58.10,CROSSWIND,108.10,108.59,24.04,0.93,0.8,-6.2,5.3,-245.0,316,1.00,-0.031,-0.021,0.00,13,,484,0,-961,245,1.16,31.4,0.25,-0.009
58.20,CROSSWIND,108.19,108.67,24.12,0.92,0.8,-5.6,5.7,-247.9,316,1.00,-0.030,-0.020,0.00,13,,481,0,-961,248,1.14,31.4,0.20,-0.006
58.30,CROSSWIND,108.28,108.75,24.21,0.92,0.8,-5.0,6.0,-250.9,316,1.00,-0.029,-0.017,0.00,12,,478,0,-961,251,1.12,31.4,0.15,-0.004
58.40,CROSSWIND,108.38,108.83,24.29,0.93,0.8,-4.4,6.3,-253.9,315,1.00,-0.029,-0.017,0.00,12,,475,0,-960,254,1.11,31.4,0.10,-0.002
58.50,CROSSWIND,108.47,108.91,24.38,0.94,0.8,-3.9,6.6,-256.9,315,1.00,-0.029,-0.015,0.00,12,,472,0,-960,257,1.09,31.4,0.05,-0.001
58.60,CROSSWIND,108.56,108.99,24.46,0.96,0.9,-3.4,6.9,-259.9,315,1.00,-0.030,-0.015,0.00,12,,469,0,-960,260,1.07,31.4,0.00,0.000
58.70,CROSSWIND,108.66,109.08,24.54,0.98,0.9,-2.9,7.2,-262.9,315,1.00,-0.035,-0.015,0.00,11,,466,0,-960,263,1.05,31.4,0.00,-0.004
58.80,CROSSWIND,108.76,109.17,24.62,1.01,0.9,-2.5,7.4,-265.9,314,1.00,-0.039,-0.014,0.00,11,,463,0,-959,266,1.03,31.4,0.00,-0.009
58.90,CROSSWIND,108.86,109.26,24.70,1.03,0.8,-2.1,7.6,-268.9,314,1.00,-0.040,-0.014,0.00,11,,460,0,-959,269,1.01,31.4,0.00,-0.014
59.00,CROSSWIND,108.97,109.35,24.78,1.05,0.8,-1.7,7.8,-271.9,314,1.00,-0.041,-0.013,0.00,10,,457,0,-959,272,0.99,31.4,0.00,-0.018
59.10,CROSSWIND,109.07,109.45,24.85,1.07,0.8,-1.4,8.0,-275.0,313,1.00,-0.043,-0.012,0.00,10,,454,0,-958,275,0.97,31.4,0.00,-0.022
59.20,CROSSWIND,109.18,109.54,24.93,1.08,0.7,-1.1,8.1,-278.0,313,1.00,-0.045,-0.011,0.00,10,,451,0,-958,278,0.95,31.4,0.00,-0.026
59.30,CROSSWIND,109.29,109.64,25.01,1.09,0.6,-0.8,8.1,-281.1,313,1.00,-0.048,-0.011,0.00,10,,448,0,-958,281,0.92,31.4,0.00,-0.030
59.40,CROSSWIND,109.40,109.74,25.08,1.10,0.6,-0.5,8.2,-284.1,312,1.00,-0.050,-0.010,0.00,9,,445,0,-957,284,0.90,31.4,0.00,-0.034
59.50,CROSSWIND,109.51,109.84,25.16,1.10,0.5,-0.3,8.2,-287.2,312,1.00,-0.051,-0.009,0.00,9,,442,0,-957,287,0.88,31.4,0.00,-0.037
59.60,CROSSWIND,109.62,109.94,25.24,1.10,0.4,-0.2,8.1,-290.2,312,1.00,-0.053,-0.007,0.00,9,,438,0,-957,290,0.86,31.4,0.00,-0.041
59.70,CROSSWIND,109.73,110.04,25.31,1.09,0.4,-0.0,8.1,-293.3,311,1.00,-0.055,-0.006,0.00,8,,435,0,-956,293,0.84,31.4,0.00,-0.044
59.80,CROSSWIND,109.83,110.13,25.39,1.09,0.3,0.1,8.0,-296.4,311,1.00,-0.056,-0.004,0.00,8,,432,0,-956,296,0.81,31.4,0.00,-0.047
59.90,CROSSWIND,109.94,110.23,25.47,1.08,0.2,0.1,7.8,-299.5,311,1.00,-0.057,-0.003,0.00,8,,429,0,-956,300,0.79,31.4,0.00,-0.050
60.00,CROSSWIND,110.05,110.33,25.54,1.07,0.1,0.1,7.7,-302.6,310,1.00,-0.059,-0.001,0.00,7,,426,0,-955,303,0.77,31.4,0.00,-0.053
60.10,CROSSWIND,110.16,110.43,25.62,1.06,0.0,0.1,7.6,-305.7,310,1.00,-0.060,-0.001,0.00,7,,423,0,-955,306,0.75,31.4,0.00,-0.055
60.20,CROSSWIND,110.26,110.52,25.70,1.05,-0.1,0.1,7.4,-308.8,310,1.00,-0.061,0.001,0.00,7,,420,0,-955,309,0.73,31.4,0.00,-0.058
60.30,CROSSWIND,110.37,110.62,25.78,1.04,-0.1,0.0,7.2,-312.0,310,1.00,-0.062,0.001,0.00,6,,417,0,-955,312,0.71,31.4,0.00,-0.060
60.40,CROSSWIND,110.47,110.71,25.85,1.02,-0.2,-0.1,7.1,-315.1,309,1.00,-0.063,0.003,0.00,6,,414,0,-954,315,0.69,31.4,0.00,-0.062
60.50,CROSSWIND,110.57,110.81,25.93,1.01,-0.3,-0.2,6.9,-318.2,309,1.00,-0.065,0.004,0.00,6,,410,0,-954,318,0.67,31.4,0.00,-0.065
60.60,CROSSWIND,110.67,110.90,26.01,0.99,-0.4,-0.4,6.8,-321.4,309,1.00,-0.066,0.004,0.00,5,,407,0,-954,321,0.65,31.4,0.00,-0.067
60.70,CROSSWIND,110.77,110.99,26.09,0.98,-0.5,-0.6,6.7,-324.5,308,1.00,-0.067,0.005,0.00,5,,404,0,-953,325,0.63,31.4,0.00,-0.069
60.80,CROSSWIND,110.87,111.09,26.17,0.96,-0.6,-0.8,6.6,-327.7,308,1.00,-0.067,0.005,0.00,5,,401,0,-953,328,0.61,31.4,0.00,-0.071
60.90,CROSSWIND,110.96,111.18,26.25,0.94,-0.7,-1.0,6.5,-330.9,308,1.00,-0.068,0.005,0.00,4,,398,0,-953,331,0.59,31.4,0.00,-0.073
61.00,CROSSWIND,111.06,111.27,26.33,0.92,-0.7,-1.3,6.5,-334.1,307,1.00,-0.069,0.005,0.00,4,,395,0,-952,334,0.57,31.4,0.00,-0.074
61.10,CROSSWIND,111.15,111.36,26.41,0.90,-0.8,-1.6,6.4,-337.2,307,1.00,-0.070,0.005,0.00,4,,391,0,-952,337,0.55,31.4,0.00,-0.076
61.20,CROSSWIND,111.24,111.45,26.49,0.88,-0.9,-1.9,6.4,-340.4,306,1.00,-0.071,0.004,0.00,3,,388,0,-951,340,0.53,31.4,0.00,-0.078
61.30,CROSSWIND,111.33,111.54,26.58,0.87,-1.0,-2.2,6.4,-343.6,306,1.00,-0.072,0.004,0.00,3,,385,0,-951,344,0.52,31.4,0.00,-0.079
61.40,CROSSWIND,111.41,111.63,26.66,0.85,-1.1,-2.5,6.4,-346.9,306,1.00,-0.072,0.004,0.00,3,,382,0,-951,347,0.50,31.4,0.00,-0.081
61.50,CROSSWIND,111.50,111.72,26.74,0.83,-1.1,-3.0,6.5,-350.1,305,1.00,-0.073,0.004,0.00,2,,379,0,-950,350,0.48,31.4,0.00,-0.082
61.60,CROSSWIND,111.58,111.81,26.82,0.81,-1.2,-3.4,6.5,-353.3,305,1.00,-0.074,0.003,0.00,2,,375,0,-950,353,0.47,31.4,0.00,-0.084
61.70,CROSSWIND,111.66,111.89,26.91,0.79,-1.3,-3.8,6.5,-356.5,305,1.00,-0.075,0.001,0.00,2,,372,0,-950,357,0.45,31.4,0.00,-0.085
61.80,CROSSWIND,111.74,111.98,26.99,0.77,-1.4,-4.3,6.6,-359.8,304,1.00,-0.075,0.001,0.00,1,,369,0,-949,360,0.43,31.4,0.00,-0.087
61.90,CROSSWIND,111.81,112.06,27.07,0.75,-1.4,-4.7,6.7,-363.0,304,1.00,-0.076,0.001,0.00,1,,366,0,-949,363,0.42,31.4,0.00,-0.088
62.00,CROSSWIND,111.89,112.14,27.16,0.73,-1.5,-5.1,6.5,-366.3,304,1.00,-0.076,0.009,0.00,0,,362,0,-949,366,0.40,31.4,0.00,-0.089
62.10,CROSSWIND,111.96,112.22,27.24,0.71,-1.6,-5.5,6.1,-369.6,303,1.00,-0.077,0.023,0.00,0,,359,0,-948,370,0.39,31.4,0.00,-0.090
62.20,CROSSWIND,112.03,112.30,27.33,0.69,-1.6,-5.9,5.8,-372.8,303,1.00,-0.077,0.028,0.00,0,,356,0,-948,373,0.38,31.4,0.00,-0.091
62.30,CROSSWIND,112.10,112.38,27.41,0.67,-1.7,-6.3,5.5,-376.1,302,1.00,-0.077,0.027,0.00,1,,353,0,-947,376,0.36,31.4,0.00,-0.092
62.40,CROSSWIND,112.16,112.45,27.50,0.65,-1.8,-6.7,5.2,-379.4,302,1.00,-0.077,0.026,0.00,1,,349,0,-947,379,0.35,31.4,0.00,-0.093
62.50,CROSSWIND,112.23,112.52,27.58,0.63,-1.8,-7.2,5.0,-382.7,302,1.00,-0.078,0.024,0.00,2,,346,0,-947,383,0.34,31.4,0.00,-0.094
62.60,CROSSWIND,112.29,112.59,27.67,0.61,-1.9,-7.6,4.8,-386.0,301,1.00,-0.078,0.020,0.00,2,,343,0,-946,386,0.32,31.4,0.00,-0.095
62.70,CROSSWIND,112.35,112.66,27.75,0.59,-2.0,-8.0,4.6,-389.3,301,1.00,-0.078,0.017,0.00,3,,339,0,-946,389,0.31,31.4,0.00,-0.096
62.80,CROSSWIND,112.41,112.73,27.84,0.58,-2.1,-8.4,4.4,-392.6,300,1.00,-0.076,0.015,0.00,3,,336,0,-945,393,0.30,31.4,0.00,-0.097
62.90,CROSSWIND,112.46,112.79,27.93,0.55,-2.2,-8.9,4.2,-396.0,300,1.00,-0.075,0.013,0.00,4,,333,0,-945,396,0.29,31.4,0.00,-0.098
63.00,CROSSWIND,112.52,112.85,28.01,0.53,-2.2,-9.4,4.0,-399.3,299,1.00,-0.075,0.010,0.00,4,,329,0,-944,399,0.28,31.4,0.00,-0.099
63.10,CROSSWIND,112.57,112.91,28.10,0.51,-2.3,-9.9,3.8,-402.6,299,1.00,-0.076,0.009,0.00,5,,326,0,-944,403,0.27,31.4,0.00,-0.099
63.20,CROSSWIND,112.62,112.96,28.19,0.49,-2.4,-10.4,3.6,-406.0,298,1.00,-0.076,0.004,0.00,5,,323,0,-943,406,0.26,31.4,0.00,-0.100
63.30,CROSSWIND,112.67,113.01,28.27,0.46,-2.4,-10.7,3.3,-409.3,298,1.00,-0.076,0.004,0.00,6,,319,0,-943,409,0.25,31.4,0.00,-0.100
63.40,CROSSWIND,112.72,113.06,28.36,0.44,-2.5,-11.1,3.0,-412.7,297,1.00,-0.076,0.004,0.00,6,,316,0,-942,413,0.24,31.4,0.00,-0.100
63.50,CROSSWIND,112.76,113.10,28.45,0.41,-2.6,-11.5,2.7,-416.0,296,1.00,-0.076,0.003,0.00,7,,313,0,-941,416,0.23,31.4,0.00,-0.100
63.60,CROSSWIND,112.80,113.15,28.54,0.39,-2.6,-11.9,2.4,-419.4,296,1.00,-0.076,0.001,0.00,7,,309,0,-941,419,0.22,31.4,0.00,-0.100
63.70,CROSSWIND,112.84,113.18,28.62,0.36,-2.7,-12.2,2.1,-422.7,295,1.00,-0.076,0.002,0.00,8,,306,0,-940,423,0.21,31.4,0.00,-0.100
63.80,DOWNWIND,112.87,113.22,28.71,0.33,-2.7,-12.6,1.8,-426.1,294,1.00,-0.076,0.002,0.00,9,,303,0,-939,426,0.21,31.4,0.00,-0.100
63.90,DOWNWIND,112.90,113.25,28.80,0.30,-2.8,-12.9,1.5,-429.5,294,1.00,-0.076,0.001,0.00,299,,3404,0,-939,429,0.20,31.4,0.00,-0.100
64.00,DOWNWIND,112.93,113.28,28.89,0.28,-2.8,-13.2,1.2,-432.9,293,1.00,-0.075,0.001,0.00,296,,3404,0,-938,433,0.19,31.4,0.00,-0.099
64.10,DOWNWIND,112.96,113.31,28.98,0.25,-2.8,-13.6,1.0,-436.2,292,1.00,-0.075,0.002,0.00,292,,3403,0,-937,436,0.19,31.4,0.00,-0.099
64.20,DOWNWIND,112.98,113.33,29.07,0.22,-2.9,-13.9,0.8,-439.6,292,1.00,-0.075,-0.000,0.00,289,,3402,0,-937,440,0.18,31.4,0.00,-0.099
64.30,DOWNWIND,113.01,113.35,29.16,0.20,-2.9,-14.3,0.5,-443.0,291,1.00,-0.074,-0.000,0.00,286,,3401,0,-936,443,0.18,31.4,0.00,-0.098
64.40,DOWNWIND,113.02,113.37,29.25,0.17,-2.9,-14.6,0.4,-446.4,290,0.98,-0.074,0.002,0.00,282,,3401,0,-935,446,0.18,31.4,0.03,-0.098
64.50,DOWNWIND,113.04,113.39,29.33,0.15,-3.0,-15.0,0.2,-449.8,289,0.97,-0.073,-0.000,0.00,279,,3400,0,-934,450,0.17,31.4,0.07,-0.096
64.60,DOWNWIND,113.06,113.40,29.42,0.13,-3.0,-15.5,0.1,-453.2,288,0.96,-0.072,-0.003,0.00,275,,3399,0,-933,453,0.17,31.4,0.12,-0.095
64.70,DOWNWIND,113.07,113.41,29.50,0.11,-3.0,-15.8,-0.1,-456.6,288,0.94,-0.070,-0.003,0.00,272,,3398,0,-933,457,0.17,31.4,0.17,-0.093
64.80,DOWNWIND,113.08,113.43,29.57,0.08,-3.0,-16.2,-0.1,-460.0,287,0.93,-0.068,-0.003,0.00,269,,3397,0,-932,460,0.17,31.4,0.22,-0.091
64.90,DOWNWIND,113.08,113.44,29.65,0.07,-3.0,-16.5,-0.2,-463.4,286,0.92,-0.067,-0.007,0.00,265,,3396,0,-931,463,0.16,31.4,0.28,-0.089
65.00,DOWNWIND,113.09,113.45,29.72,0.05,-3.0,-16.8,-0.2,-466.8,285,0.91,-0.066,-0.007,0.00,262,,3395,0,-930,467,0.16,31.4,0.33,-0.087
65.10,DOWNWIND,113.10,113.45,29.79,0.04,-3.0,-17.1,-0.2,-470.1,284,0.90,-0.066,-0.007,0.00,259,,3394,0,-929,470,0.16,31.4,0.38,-0.085
65.20,DOWNWIND,113.10,113.46,29.85,0.04,-3.0,-17.4,-0.2,-473.5,283,0.89,-0.065,-0.009,0.00,255,,3393,0,-928,474,0.16,31.4,0.43,-0.083
65.30,DOWNWIND,113.10,113.47,29.91,0.03,-3.0,-17.7,-0.2,-476.9,282,0.88,-0.064,-0.012,0.00,252,,3392,0,-927,477,0.16,31.4,0.48,-0.081
65.40,DOWNWIND,113.11,113.48,29.97,0.03,-3.0,-17.9,-0.2,-480.3,281,0.87,-0.063,-0.012,0.00,248,,3391,0,-926,480,0.16,31.4,0.53,-0.079
65.50,DOWNWIND,113.11,113.49,30.03,0.04,-3.0,-18.1,-0.1,-483.6,280,0.86,-0.062,-0.012,0.00,245,,3390,0,-925,484,0.16,31.4,0.58,-0.077
65.60,DOWNWIND,113.11,113.50,30.08,0.04,-2.9,-18.4,-0.1,-487.0,278,0.85,-0.061,-0.015,0.00,242,,3389,0,-923,487,0.16,31.4,0.63,-0.076
65.70,DOWNWIND,113.12,113.51,30.14,0.05,-2.9,-18.6,-0.0,-490.4,277,0.84,-0.061,-0.016,0.00,238,,3388,0,-922,490,0.16,31.4,0.68,-0.074
65.80,DOWNWIND,113.12,113.52,30.19,0.06,-2.9,-18.7,0.0,-493.7,276,0.83,-0.060,-0.016,0.00,235,,3387,0,-921,494,0.16,31.4,0.72,-0.073
65.90,DOWNWIND,113.13,113.53,30.23,0.07,-2.9,-18.9,0.1,-497.1,275,0.82,-0.060,-0.017,0.00,232,,3385,0,-920,497,0.16,31.4,0.77,-0.071
66.00,DOWNWIND,113.14,113.55,30.28,0.08,-2.8,-19.1,0.1,-500.4,274,0.81,-0.059,-0.019,0.00,228,,3384,0,-919,500,0.15,31.4,0.82,-0.070
66.10,DOWNWIND,113.15,113.56,30.32,0.09,-2.8,-19.2,0.2,-503.7,272,0.81,-0.059,-0.019,0.00,225,,3383,0,-917,504,0.15,31.4,0.87,-0.069
66.20,DOWNWIND,113.16,113.57,30.36,0.11,-2.8,-19.3,0.3,-507.0,271,0.80,-0.059,-0.018,0.00,222,,3381,0,-916,507,0.15,31.4,0.92,-0.068
66.30,DOWNWIND,113.17,113.59,30.39,0.12,-2.7,-19.4,0.3,-510.3,270,0.79,-0.058,-0.020,0.00,218,,3380,0,-915,510,0.15,31.4,0.97,-0.067
66.40,DOWNWIND,113.18,113.61,30.43,0.14,-2.7,-19.6,0.4,-513.6,268,0.79,-0.059,-0.021,0.00,215,,3379,0,-913,514,0.15,31.4,1.00,-0.066
66.50,DOWNWIND,113.19,113.63,30.46,0.15,-2.7,-19.6,0.5,-516.9,267,0.78,-0.060,-0.020,0.00,212,,3377,0,-912,517,0.14,31.4,1.00,-0.067
66.60,DOWNWIND,113.21,113.65,30.49,0.17,-2.7,-19.7,0.5,-520.1,265,0.78,-0.060,-0.020,0.00,209,,3376,0,-910,520,0.14,31.4,1.00,-0.067
66.70,DOWNWIND,113.23,113.67,30.52,0.18,-2.6,-19.8,0.6,-523.4,264,0.77,-0.059,-0.022,0.00,205,,3374,0,-909,523,0.14,31.4,1.00,-0.068
66.80,DOWNWIND,113.24,113.69,30.55,0.19,-2.6,-19.9,0.7,-526.6,262,0.77,-0.059,-0.022,0.00,202,,3373,0,-907,527,0.13,31.4,1.00,-0.068
66.90,DOWNWIND,113.26,113.71,30.58,0.19,-2.6,-19.9,0.7,-529.8,261,0.76,-0.060,-0.021,0.00,199,,3371,0,-906,530,0.13,31.4,1.00,-0.069
67.00,DOWNWIND,113.28,113.73,30.60,0.20,-2.6,-20.0,0.8,-533.0,259,0.76,-0.060,-0.023,0.00,196,,3370,0,-904,533,0.12,31.4,1.00,-0.070
67.10,DOWNWIND,113.30,113.76,30.63,0.21,-2.6,-20.1,0.9,-536.2,258,0.75,-0.060,-0.023,0.00,192,,3368,0,-903,536,0.12,31.4,1.00,-0.070
67.20,DOWNWIND,113.32,113.78,30.65,0.21,-2.6,-20.1,1.0,-539.4,256,0.75,-0.060,-0.023,0.00,189,,3366,0,-901,539,0.12,31.4,1.00,-0.071
67.30,DOWNWIND,113.34,113.80,30.67,0.21,-2.6,-20.1,1.1,-542.5,254,0.75,-0.060,-0.022,0.00,186,,3365,0,-899,542,0.11,31.4,1.00,-0.071
67.40,DOWNWIND,113.37,113.82,30.69,0.21,-2.6,-20.2,1.2,-545.6,252,0.74,-0.060,-0.024,0.00,183,,3363,0,-897,546,0.11,31.4,1.00,-0.072
67.50,DOWNWIND,113.39,113.84,30.71,0.21,-2.7,-20.2,1.3,-548.7,251,0.74,-0.060,-0.024,0.00,180,,3361,0,-896,549,0.10,31.4,1.00,-0.072
67.60,DOWNWIND,113.41,113.87,30.73,0.21,-2.7,-20.3,1.4,-551.8,249,0.74,-0.060,-0.024,0.00,177,,3359,0,-894,552,0.10,31.4,1.00,-0.073
67.70,DOWNWIND,113.43,113.88,30.75,0.21,-2.7,-20.3,1.5,-554.9,247,0.73,-0.061,-0.024,0.00,174,,3358,0,-892,555,0.10,31.4,1.00,-0.073
67.80,DOWNWIND,113.45,113.90,30.77,0.20,-2.7,-20.3,1.6,-558.0,245,0.73,-0.061,-0.026,0.00,171,,3356,0,-890,558,0.09,31.4,1.00,-0.074
67.90,DOWNWIND,113.47,113.92,30.79,0.20,-2.7,-20.3,1.7,-561.0,243,0.73,-0.061,-0.026,0.00,168,,3354,0,-888,561,0.09,31.4,1.00,-0.074
68.00,DOWNWIND,113.49,113.94,30.81,0.19,-2.7,-20.3,1.8,-564.0,242,0.73,-0.061,-0.025,0.00,165,,3352,0,-887,564,0.08,31.4,1.00,-0.075
68.10,DOWNWIND,113.51,113.95,30.82,0.19,-2.7,-20.4,1.9,-567.0,240,0.72,-0.061,-0.027,0.00,162,,3350,0,-885,567,0.08,31.4,1.00,-0.075
68.20,DOWNWIND,113.53,113.97,30.84,0.18,-2.8,-20.4,2.0,-570.0,238,0.72,-0.061,-0.027,0.00,159,,3348,0,-883,570,0.08,31.4,1.00,-0.075
68.30,DOWNWIND,113.55,113.98,30.86,0.18,-2.8,-20.4,2.1,-572.9,236,0.72,-0.061,-0.027,0.00,156,,3346,0,-881,573,0.07,31.4,1.00,-0.075
68.40,DOWNWIND,113.56,113.99,30.87,0.17,-2.8,-20.4,2.2,-575.9,234,0.72,-0.061,-0.027,0.00,153,,3344,0,-879,576,0.07,31.4,1.00,-0.076
68.50,DOWNWIND,113.58,114.01,30.89,0.17,-2.8,-20.4,2.3,-578.8,232,0.71,-0.061,-0.029,0.00,150,,3342,0,-877,579,0.06,31.4,1.00,-0.076
68.60,DOWNWIND,113.60,114.02,30.90,0.16,-2.8,-20.4,2.4,-581.6,230,0.71,-0.061,-0.028,0.00,147,,3340,0,-875,582,0.06,31.4,1.00,-0.076
68.70,DOWNWIND,113.61,114.04,30.92,0.15,-2.8,-20.4,2.5,-584.5,228,0.71,-0.061,-0.028,0.00,144,,3338,0,-873,585,0.06,31.4,1.00,-0.076
68.80,DOWNWIND,113.63,114.05,30.93,0.14,-2.9,-20.4,2.5,-587.3,225,0.71,-0.061,-0.030,0.00,141,,3336,0,-870,587,0.06,31.4,1.00,-0.076
68.90,DOWNWIND,113.64,114.06,30.95,0.14,-2.9,-20.4,2.6,-590.2,223,0.71,-0.061,-0.029,0.00,139,,3334,0,-868,590,0.05,31.4,1.00,-0.077
69.00,DOWNWIND,113.65,114.08,30.96,0.13,-2.9,-20.3,2.7,-593.0,221,0.70,-0.062,-0.029,0.00,136,,3332,0,-866,593,0.05,31.4,1.00,-0.077
69.10,DOWNWIND,113.67,114.09,30.98,0.12,-2.9,-20.3,2.8,-595.7,219,0.70,-0.061,-0.029,0.00,133,,3329,0,-864,596,0.05,31.4,1.00,-0.077
69.20,DOWNWIND,113.68,114.10,30.99,0.11,-2.9,-20.3,2.9,-598.5,217,0.70,-0.061,-0.031,0.00,130,,3327,0,-862,598,0.05,31.4,1.00,-0.077
69.30,DOWNWIND,113.69,114.12,31.00,0.11,-2.9,-20.3,3.0,-601.2,214,0.70,-0.062,-0.030,0.00,128,,3325,0,-859,601,0.04,31.4,1.00,-0.077
69.40,DOWNWIND,113.70,114.13,31.02,0.10,-2.9,-20.3,3.1,-603.9,212,0.70,-0.061,-0.029,0.00,125,,3323,0,-857,604,0.04,31.4,1.00,-0.077
69.50,DOWNWIND,113.71,114.14,31.03,0.09,-3.0,-20.3,3.2,-606.5,210,0.70,-0.061,-0.032,0.00,122,,3320,0,-855,607,0.04,31.4,1.00,-0.077
69.60,DOWNWIND,113.72,114.15,31.04,0.09,-3.0,-20.3,3.3,-609.2,207,0.69,-0.061,-0.031,0.00,120,,3318,0,-852,609,0.04,31.4,1.00,-0.077
69.70,DOWNWIND,113.73,114.16,31.05,0.08,-3.0,-20.2,3.4,-611.8,205,0.69,-0.061,-0.031,0.00,117,,3316,0,-850,612,0.04,31.4,1.00,-0.077
69.80,DOWNWIND,113.74,114.17,31.07,0.08,-3.0,-20.2,3.5,-614.4,203,0.69,-0.061,-0.031,0.00,114,,3313,0,-848,614,0.03,31.4,1.00,-0.077
69.90,DOWNWIND,113.74,114.17,31.08,0.07,-3.0,-20.2,3.6,-616.9,200,0.69,-0.061,-0.032,0.00,112,,3311,0,-845,617,0.03,31.4,1.00,-0.077
70.00,DOWNWIND,113.75,114.18,31.09,0.07,-3.0,-20.1,3.7,-619.5,198,0.69,-0.061,-0.032,0.00,109,,3308,0,-843,619,0.03,31.4,1.00,-0.077
70.10,DOWNWIND,113.76,114.18,31.10,0.06,-3.0,-20.1,3.8,-622.0,195,0.69,-0.061,-0.031,0.00,107,,3306,0,-840,622,0.03,31.4,1.00,-0.077
70.20,DOWNWIND,113.76,114.18,31.11,0.06,-3.0,-20.1,3.9,-624.5,193,0.68,-0.061,-0.034,0.00,104,,3303,0,-838,624,0.03,31.4,1.00,-0.077
70.30,DOWNWIND,113.77,114.19,31.12,0.06,-3.0,-20.1,4.0,-626.9,191,0.68,-0.061,-0.033,0.00,102,,3301,0,-836,627,0.03,31.4,1.00,-0.076
70.40,DOWNWIND,113.77,114.19,31.13,0.05,-3.1,-20.0,4.1,-629.4,188,0.68,-0.061,-0.033,0.00,99,,3298,0,-833,629,0.03,31.4,1.00,-0.076
70.50,DOWNWIND,113.78,114.19,31.14,0.05,-3.1,-20.0,4.1,-631.8,185,0.68,-0.061,-0.035,0.00,97,,3296,0,-830,632,0.03,31.4,1.00,-0.076
70.60,DOWNWIND,113.78,114.19,31.15,0.05,-3.1,-20.0,4.2,-634.1,183,0.68,-0.061,-0.034,0.00,95,,3293,0,-828,634,0.02,31.4,1.00,-0.076
70.70,DOWNWIND,113.79,114.19,31.16,0.04,-3.1,-19.9,4.3,-636.5,180,0.68,-0.061,-0.036,0.00,92,,3291,0,-825,636,0.02,31.4,1.00,-0.076
70.80,DOWNWIND,113.79,114.19,31.17,0.04,-3.1,-19.8,4.4,-638.8,178,0.68,-0.061,-0.035,0.00,90,,3288,0,-823,639,0.02,31.4,1.00,-0.076
70.90,DOWNWIND,113.80,114.19,31.18,0.04,-3.1,-19.6,4.6,-641.1,175,0.67,-0.061,-0.035,0.00,88,,3286,0,-820,641,0.02,31.4,1.00,-0.077
71.00,DOWNWIND,113.80,114.19,31.19,0.04,-3.1,-19.5,4.7,-643.3,172,0.67,-0.061,-0.035,0.00,85,,3283,0,-817,643,0.02,31.4,1.00,-0.077
71.10,DOWNWIND,113.81,114.20,31.20,0.05,-3.1,-19.4,4.8,-645.6,170,0.67,-0.062,-0.035,0.00,83,,3280,0,-815,646,0.02,31.4,1.00,-0.077
71.20,DOWNWIND,113.81,114.20,31.21,0.05,-3.1,-19.4,4.9,-647.8,167,0.67,-0.062,-0.036,0.00,81,,3278,0,-812,648,0.02,31.4,1.00,-0.077
71.30,DOWNWIND,113.82,114.20,31.21,0.05,-3.1,-19.3,5.0,-649.9,164,0.67,-0.062,-0.036,0.00,79,,3275,0,-809,650,0.02,31.4,1.00,-0.077
71.40,DOWNWIND,113.82,114.21,31.22,0.05,-3.1,-19.2,5.0,-652.1,162,0.67,-0.062,-0.036,0.00,77,,3272,0,-807,652,0.02,31.4,1.00,-0.077
71.50,DOWNWIND,113.83,114.22,31.23,0.06,-3.1,-19.1,5.1,-654.2,159,0.67,-0.062,-0.037,0.00,75,,3269,0,-804,654,0.02,31.4,1.00,-0.077
71.60,DOWNWIND,113.83,114.22,31.23,0.06,-3.2,-19.1,5.2,-656.3,156,0.66,-0.062,-0.037,0.00,72,,3267,0,-801,656,0.01,31.4,1.00,-0.078
71.70,DOWNWIND,113.84,114.23,31.24,0.06,-3.2,-19.0,5.3,-658.3,153,0.66,-0.063,-0.036,0.00,70,,3264,0,-798,658,0.01,31.4,1.00,-0.078
71.80,DOWNWIND,113.84,114.24,31.25,0.06,-3.2,-19.0,5.3,-660.3,151,0.66,-0.063,-0.036,0.00,68,,3261,0,-796,660,0.01,31.4,1.00,-0.078
71.90,DOWNWIND,113.85,114.25,31.25,0.06,-3.2,-18.9,5.4,-662.3,148,0.66,-0.063,-0.038,0.00,66,,3258,0,-793,662,0.01,31.4,1.00,-0.078
72.00,DOWNWIND,113.86,114.25,31.26,0.06,-3.2,-18.8,5.5,-664.3,145,0.66,-0.064,-0.037,0.00,64,,3256,0,-790,664,0.01,31.4,1.00,-0.078
72.10,DOWNWIND,113.86,114.26,31.26,0.06,-3.2,-18.8,5.5,-666.2,142,0.66,-0.064,-0.036,0.00,62,,3253,0,-787,666,0.01,31.4,1.00,-0.078
72.20,DOWNWIND,113.87,114.27,31.27,0.06,-3.2,-18.7,5.6,-668.1,139,0.66,-0.064,-0.038,0.00,61,,3250,0,-784,668,0.01,31.4,1.00,-0.079
72.30,DOWNWIND,113.87,114.28,31.27,0.05,-3.2,-18.7,5.6,-670.0,137,0.66,-0.064,-0.037,0.00,59,,3247,0,-782,670,0.01,31.4,1.00,-0.079
72.40,DOWNWIND,113.88,114.29,31.28,0.05,-3.2,-18.6,5.6,-671.9,134,0.66,-0.064,-0.036,0.00,57,,3244,0,-779,672,0.01,31.4,1.00,-0.079
72.50,DOWNWIND,113.88,114.30,31.28,0.05,-3.2,-18.6,5.7,-673.7,131,0.66,-0.064,-0.038,0.00,55,,3241,0,-776,674,0.00,31.4,1.00,-0.079
72.60,DOWNWIND,113.89,114.31,31.29,0.05,-3.2,-18.6,5.7,-675.5,128,0.66,-0.064,-0.037,0.00,53,,3238,0,-773,675,0.00,31.4,1.00,-0.079
72.70,DOWNWIND,113.89,114.32,31.29,0.04,-3.2,-18.5,5.8,-677.2,125,0.66,-0.064,-0.037,0.00,51,,3235,0,-770,677,0.00,31.4,1.00,-0.079
72.80,DOWNWIND,113.90,114.32,31.30,0.04,-3.2,-18.5,5.8,-678.9,122,0.65,-0.064,-0.039,0.00,50,,3233,0,-767,679,0.00,31.4,1.00,-0.079
72.90,DOWNWIND,113.90,114.33,31.30,0.04,-3.2,-18.4,5.9,-680.6,119,0.65,-0.064,-0.038,0.00,48,,3230,0,-764,681,0.00,31.4,1.00,-0.079
73.00,DOWNWIND,113.90,114.34,31.31,0.04,-3.2,-18.4,5.9,-682.3,116,0.65,-0.064,-0.037,0.00,46,,3227,0,-761,682,-0.00,31.4,1.00,-0.079
73.10,DOWNWIND,113.91,114.34,31.31,0.03,-3.2,-18.4,6.0,-683.9,113,0.65,-0.064,-0.039,0.00,45,,3224,0,-758,684,-0.00,31.4,1.00,-0.079
73.20,DOWNWIND,113.91,114.35,31.31,0.03,-3.3,-18.3,6.0,-685.5,110,0.65,-0.064,-0.039,0.00,43,,3221,0,-755,686,-0.00,31.4,1.00,-0.079
73.30,DOWNWIND,113.91,114.36,31.32,0.03,-3.3,-18.3,6.1,-687.1,107,0.65,-0.064,-0.038,0.00,42,,3218,0,-752,687,-0.00,31.4,1.00,-0.079
73.40,DOWNWIND,113.92,114.36,31.32,0.03,-3.3,-18.3,6.1,-688.7,104,0.65,-0.064,-0.040,0.00,40,,3215,0,-749,689,-0.00,31.4,1.00,-0.079
73.50,DOWNWIND,113.92,114.37,31.33,0.03,-3.3,-18.2,6.2,-690.2,101,0.65,-0.064,-0.039,0.00,38,,3212,0,-746,690,-0.00,31.4,1.00,-0.079
73.60,DOWNWIND,113.92,114.38,31.33,0.02,-3.3,-18.2,6.2,-691.7,98,0.65,-0.064,-0.041,0.00,37,,3209,0,-743,692,-0.00,31.4,1.00,-0.079
73.70,DOWNWIND,113.92,114.38,31.33,0.02,-3.3,-18.0,6.3,-693.1,95,0.65,-0.064,-0.040,0.00,36,,3206,0,-740,693,-0.00,31.4,1.00,-0.079
73.80,DOWNWIND,113.93,114.39,31.34,0.02,-3.3,-17.9,6.4,-694.6,92,0.65,-0.064,-0.040,0.00,34,,3203,0,-737,695,-0.00,31.4,1.00,-0.079
73.90,DOWNWIND,113.93,114.40,31.34,0.03,-3.3,-17.8,6.4,-695.9,89,0.65,-0.064,-0.040,0.00,33,,3200,0,-734,696,-0.01,31.4,1.00,-0.079
74.00,DOWNWIND,113.93,114.41,31.35,0.03,-3.3,-17.7,6.5,-697.3,86,0.65,-0.065,-0.040,0.00,31,,3197,0,-731,697,-0.01,31.4,1.00,-0.079
74.10,DOWNWIND,113.94,114.41,31.35,0.03,-3.3,-17.7,6.6,-698.6,83,0.65,-0.065,-0.041,0.00,30,,3194,0,-728,699,-0.01,31.4,1.00,-0.079
74.20,DOWNWIND,113.94,114.42,31.35,0.04,-3.3,-17.6,6.6,-699.9,80,0.65,-0.065,-0.041,0.00,29,,3190,0,-725,700,-0.01,31.4,1.00,-0.079
74.30,DOWNWIND,113.94,114.43,31.35,0.04,-3.3,-17.5,6.7,-701.2,77,0.64,-0.065,-0.040,0.00,27,,3187,0,-722,701,-0.01,31.4,1.00,-0.080
74.40,DOWNWIND,113.95,114.44,31.36,0.04,-3.3,-17.5,6.7,-702.5,74,0.64,-0.065,-0.042,0.00,26,,3184,0,-719,702,-0.01,31.4,1.00,-0.080
74.50,DOWNWIND,113.95,114.45,31.36,0.04,-3.3,-17.4,6.8,-703.7,71,0.64,-0.065,-0.041,0.00,25,,3181,0,-716,704,-0.01,31.4,1.00,-0.080
74.60,DOWNWIND,113.95,114.46,31.36,0.04,-3.3,-17.4,6.8,-704.9,68,0.64,-0.066,-0.040,0.00,24,,3178,0,-713,705,-0.01,31.4,1.00,-0.080
74.70,DOWNWIND,113.96,114.47,31.36,0.04,-3.3,-17.3,6.8,-706.0,65,0.64,-0.066,-0.042,0.00,23,,3175,0,-710,706,-0.01,31.4,1.00,-0.080
74.80,DOWNWIND,113.96,114.48,31.36,0.04,-3.3,-17.3,6.8,-707.1,61,0.64,-0.066,-0.041,0.00,22,,3172,0,-706,707,-0.01,31.4,1.00,-0.080
74.90,DOWNWIND,113.97,114.49,31.37,0.04,-3.4,-17.2,6.9,-708.2,58,0.64,-0.066,-0.041,0.00,20,,3169,0,-703,708,-0.01,31.4,1.00,-0.080
75.00,DOWNWIND,113.97,114.50,31.37,0.04,-3.4,-17.2,6.9,-709.3,55,0.64,-0.066,-0.042,0.00,19,,3166,0,-700,709,-0.01,31.4,1.00,-0.080
75.10,DOWNWIND,113.98,114.51,31.37,0.04,-3.4,-17.1,6.9,-710.3,52,0.64,-0.066,-0.041,0.00,18,,3163,0,-697,710,-0.01,31.4,1.00,-0.080
75.20,DOWNWIND,113.98,114.51,31.37,0.04,-3.4,-17.0,6.9,-711.3,49,0.64,-0.066,-0.043,0.00,17,,3159,0,-694,711,-0.01,31.4,1.00,-0.081
75.30,DOWNWIND,113.98,114.52,31.37,0.04,-3.4,-16.9,6.9,-712.3,46,0.64,-0.066,-0.042,0.00,16,,3156,0,-691,712,-0.02,31.4,1.00,-0.081
75.40,DOWNWIND,113.99,114.53,31.37,0.04,-3.4,-16.7,7.0,-713.3,43,0.64,-0.066,-0.041,0.00,15,,3153,0,-688,713,-0.02,31.4,1.00,-0.081
75.50,DOWNWIND,113.99,114.53,31.38,0.04,-3.4,-16.6,7.0,-714.2,40,0.64,-0.066,-0.043,0.00,15,,3150,0,-685,714,-0.02,31.4,1.00,-0.081
75.60,DOWNWIND,113.99,114.54,31.38,0.04,-3.4,-16.5,7.0,-715.1,36,0.64,-0.066,-0.042,0.00,14,,3147,0,-681,715,-0.02,31.4,1.00,-0.081
75.70,DOWNWIND,114.00,114.55,31.38,0.04,-3.4,-16.3,7.1,-715.9,33,0.64,-0.066,-0.042,0.00,13,,3144,0,-678,716,-0.02,31.4,1.00,-0.081
75.80,DOWNWIND,114.00,114.55,31.38,0.04,-3.4,-16.2,7.1,-716.8,30,0.64,-0.066,-0.043,0.00,12,,3141,0,-675,717,-0.02,31.4,1.00,-0.081
75.90,DOWNWIND,114.01,114.56,31.38,0.05,-3.4,-16.0,7.1,-717.6,27,0.64,-0.066,-0.043,0.00,11,,3138,0,-672,718,-0.02,31.4,1.00,-0.081
76.00,DOWNWIND,114.01,114.56,31.38,0.05,-3.4,-15.8,7.2,-718.3,24,0.64,-0.066,-0.044,0.00,10,,3134,0,-669,718,-0.02,31.4,1.00,-0.082
76.10,DOWNWIND,114.02,114.57,31.38,0.06,-3.5,-15.6,7.2,-719.1,21,0.64,-0.066,-0.044,0.00,10,,3131,0,-666,719,-0.02,31.4,1.00,-0.082
76.20,DOWNWIND,114.02,114.57,31.38,0.06,-3.5,-15.3,7.3,-719.8,18,0.64,-0.067,-0.044,0.00,9,,3128,0,-663,720,-0.02,31.4,1.00,-0.082
76.30,DOWNWIND,114.03,114.58,31.38,0.07,-3.5,-15.1,7.3,-720.5,14,0.63,-0.067,-0.044,0.00,8,,3125,0,-659,720,-0.02,31.4,1.00,-0.083
76.40,DOWNWIND,114.04,114.59,31.38,0.08,-3.5,-14.8,7.4,-721.2,11,0.63,-0.067,-0.044,0.00,8,,3122,0,-656,721,-0.03,31.4,1.00,-0.083
76.50,DOWNWIND,114.04,114.60,31.38,0.09,-3.5,-14.6,7.4,-721.8,8,0.63,-0.068,-0.044,0.00,7,,3119,0,-653,722,-0.03,31.4,1.00,-0.084
76.60,DOWNWIND,114.05,114.60,31.38,0.10,-3.5,-14.3,7.4,-722.4,5,0.63,-0.068,-0.044,0.00,6,,3115,0,-650,722,-0.03,31.4,1.00,-0.084
76.70,DOWNWIND,114.06,114.61,31.38,0.10,-3.5,-14.0,7.4,-723.0,2,0.63,-0.068,-0.045,0.00,6,,3112,0,-647,723,-0.03,31.4,1.00,-0.085
76.80,DOWNWIND,114.07,114.62,31.38,0.11,-3.5,-13.7,7.4,-723.6,-1,0.63,-0.069,-0.045,0.00,5,,3109,0,-644,724,-0.03,31.4,1.00,-0.085
76.90,DOWNWIND,114.08,114.63,31.37,0.12,-3.6,-13.4,7.4,-724.1,-4,0.63,-0.069,-0.044,0.00,5,,3106,0,-641,724,-0.04,31.4,1.00,-0.086
77.00,DOWNWIND,114.10,114.65,31.37,0.13,-3.6,-13.1,7.4,-724.6,-8,0.63,-0.070,-0.045,0.00,4,,3103,0,-637,725,-0.04,31.4,1.00,-0.087
77.10,DOWNWIND,114.11,114.66,31.37,0.14,-3.6,-12.8,7.3,-725.1,-11,0.63,-0.070,-0.044,0.00,4,,3100,0,-634,725,-0.04,31.4,1.00,-0.087
77.20,DOWNWIND,114.12,114.67,31.37,0.14,-3.6,-12.5,7.3,-725.6,-14,0.63,-0.071,-0.044,0.00,3,,3097,0,-631,726,-0.04,31.4,1.00,-0.088
77.30,DOWNWIND,114.14,114.69,31.36,0.15,-3.6,-12.2,7.2,-726.0,-17,0.63,-0.071,-0.044,0.00,3,,3093,0,-628,726,-0.05,31.4,1.00,-0.089
77.40,DOWNWIND,114.15,114.70,31.36,0.15,-3.6,-11.9,7.2,-726.5,-20,0.63,-0.072,-0.044,0.00,2,,3090,0,-625,726,-0.05,31.4,1.00,-0.089
77.50,DOWNWIND,114.17,114.72,31.36,0.16,-3.7,-11.6,7.1,-726.9,-23,0.63,-0.072,-0.044,0.00,2,,3087,0,-622,727,-0.05,31.4,1.00,-0.090
77.60,DOWNWIND,114.18,114.73,31.36,0.16,-3.7,-11.3,7.0,-727.2,-27,0.63,-0.073,-0.043,0.00,1,,3084,0,-618,727,-0.06,31.4,1.00,-0.090
77.70,DOWNWIND,114.20,114.75,31.35,0.16,-3.7,-11.0,6.8,-727.6,-30,0.63,-0.073,-0.043,0.00,1,,3081,0,-615,728,-0.06,31.4,1.00,-0.091
77.80,DOWNWIND,114.22,114.76,31.35,0.16,-3.7,-10.7,6.7,-727.9,-33,0.63,-0.073,-0.043,0.00,1,,3078,0,-612,728,-0.06,31.4,1.00,-0.092
77.90,DOWNWIND,114.23,114.78,31.35,0.16,-3.7,-10.4,6.6,-728.3,-36,0.63,-0.074,-0.042,0.00,0,,3075,0,-609,728,-0.07,31.4,1.00,-0.092
78.00,DOWNWIND,114.25,114.80,31.35,0.16,-3.7,-10.1,6.4,-728.6,-39,0.63,-0.074,-0.042,0.00,0,,3071,0,-606,729,-0.07,31.4,1.00,-0.093
78.10,DOWNWIND,114.27,114.82,31.34,0.16,-3.8,-9.8,6.3,-728.9,-42,0.63,-0.074,-0.042,0.00,0,,3068,0,-603,729,-0.07,31.4,1.00,-0.093
78.20,DOWNWIND,114.28,114.83,31.34,0.16,-3.8,-9.4,6.1,-729.1,-45,0.63,-0.075,-0.042,0.00,0,,3065,0,-600,729,-0.08,31.4,1.00,-0.094
78.30,DOWNWIND,114.30,114.85,31.34,0.16,-3.8,-9.1,6.0,-729.4,-49,0.63,-0.075,-0.042,0.00,1,,3062,0,-596,729,-0.08,31.4,1.00,-0.094
78.40,DOWNWIND,114.32,114.87,31.34,0.16,-3.8,-8.8,5.8,-729.6,-52,0.63,-0.075,-0.041,0.00,1,,3059,0,-593,730,-0.08,31.4,1.00,-0.095
78.50,DOWNWIND,114.33,114.88,31.33,0.16,-3.8,-8.5,5.6,-729.9,-55,0.63,-0.075,-0.041,0.00,1,,3056,0,-590,730,-0.09,31.4,1.00,-0.095
78.60,DOWNWIND,114.35,114.90,31.33,0.16,-3.9,-8.2,5.4,-730.1,-58,0.63,-0.076,-0.041,0.00,1,,3053,0,-587,730,-0.09,31.4,1.00,-0.096
78.70,DOWNWIND,114.36,114.92,31.33,0.16,-3.9,-8.0,5.2,-730.3,-61,0.63,-0.076,-0.041,0.00,2,,3049,0,-584,730,-0.09,31.4,1.00,-0.096
78.80,DOWNWIND,114.38,114.93,31.33,0.16,-3.9,-7.7,5.4,-730.4,-64,0.63,-0.076,-0.057,0.00,2,,3046,0,-581,730,-0.09,31.4,1.00,-0.096
78.90,DOWNWIND,114.39,114.95,31.32,0.15,-3.9,-7.4,5.7,-730.6,-67,0.63,-0.077,-0.066,0.00,2,,3043,0,-578,731,-0.10,31.4,1.00,-0.097
79.00,DOWNWIND,114.41,114.96,31.32,0.15,-3.9,-7.1,5.9,-730.8,-70,0.63,-0.078,-0.069,0.00,2,,3040,0,-575,731,-0.10,31.4,1.00,-0.097
79.10,DOWNWIND,114.42,114.98,31.32,0.15,-3.9,-6.8,6.0,-730.9,-74,0.63,-0.078,-0.068,0.00,2,,3037,0,-571,731,-0.10,31.4,1.00,-0.097
79.20,DOWNWIND,114.44,114.99,31.32,0.14,-3.9,-6.6,6.2,-731.0,-77,0.63,-0.078,-0.067,0.00,2,,3034,0,-568,731,-0.11,31.4,1.00,-0.098
79.30,DOWNWIND,114.45,115.01,31.32,0.13,-4.0,-6.3,6.3,-731.1,-80,0.63,-0.078,-0.065,0.00,2,,3031,0,-565,731,-0.11,31.4,1.00,-0.098
79.40,DOWNWIND,114.47,115.02,31.32,0.13,-4.0,-6.0,6.3,-731.3,-83,0.63,-0.078,-0.062,0.00,3,,3028,0,-562,731,-0.11,31.4,1.00,-0.098
79.50,DOWNWIND,114.48,115.03,31.32,0.12,-4.0,-5.7,6.4,-731.3,-86,0.63,-0.078,-0.060,0.00,3,,3024,0,-559,731,-0.11,31.4,1.00,-0.098
79.60,DOWNWIND,114.49,115.04,31.32,0.11,-4.0,-5.5,6.5,-731.4,-89,0.63,-0.078,-0.058,0.00,3,,3021,0,-556,731,-0.12,31.4,1.00,-0.098
79.70,DOWNWIND,114.50,115.06,31.31,0.10,-4.0,-5.2,6.6,-731.5,-92,0.62,-0.078,-0.056,0.00,3,,3018,0,-553,732,-0.12,31.4,1.00,-0.099
79.80,DOWNWIND,114.51,115.07,31.31,0.10,-4.0,-5.0,6.7,-731.6,-95,0.62,-0.078,-0.055,0.00,3,,3015,0,-550,732,-0.12,31.4,1.00,-0.099
79.90,DOWNWIND,114.52,115.08,31.31,0.09,-4.1,-4.8,6.8,-731.6,-98,0.62,-0.078,-0.053,0.00,3,,3012,0,-547,732,-0.12,31.4,1.00,-0.099
80.00,DOWNWIND,114.53,115.09,31.31,0.08,-4.1,-4.6,7.0,-731.7,-102,0.62,-0.078,-0.052,0.00,3,,3009,0,-543,732,-0.12,31.4,1.00,-0.099
80.10,DOWNWIND,114.54,115.10,31.31,0.08,-4.1,-4.4,7.1,-731.7,-105,0.62,-0.077,-0.052,0.00,3,,3006,0,-540,732,-0.13,31.4,1.00,-0.099
80.20,DOWNWIND,114.54,115.11,31.31,0.07,-4.1,-4.2,7.3,-731.8,-108,0.62,-0.077,-0.051,0.00,3,,3003,0,-537,732,-0.13,31.4,1.00,-0.099
80.30,DOWNWIND,114.55,115.11,31.31,0.07,-4.1,-4.0,7.5,-731.8,-111,0.62,-0.077,-0.051,0.00,3,,3000,0,-534,732,-0.13,31.4,1.00,-0.099
80.40,DOWNWIND,114.56,115.12,31.31,0.07,-4.1,-3.8,7.8,-731.8,-114,0.62,-0.077,-0.051,0.00,3,,2996,0,-531,732,-0.13,31.4,1.00,-0.099
80.50,DOWNWIND,114.56,115.13,31.32,0.06,-4.2,-3.6,8.0,-731.9,-117,0.62,-0.077,-0.051,0.00,3,,2993,0,-528,732,-0.13,31.4,1.00,-0.099
80.60,DOWNWIND,114.57,115.14,31.32,0.06,-4.2,-3.5,8.2,-731.9,-120,0.62,-0.077,-0.051,0.00,3,,2990,0,-525,732,-0.13,31.4,1.00,-0.099
80.70,DOWNWIND,114.58,115.15,31.32,0.06,-4.2,-3.3,8.4,-731.9,-123,0.62,-0.077,-0.051,0.00,3,,2987,0,-522,732,-0.13,31.4,1.00,-0.099
80.80,DOWNWIND,114.58,115.16,31.32,0.06,-4.2,-3.1,8.7,-731.9,-126,0.62,-0.077,-0.051,0.00,3,,2984,0,-519,732,-0.14,31.4,1.00,-0.100
80.90,DOWNWIND,114.59,115.17,31.32,0.06,-4.2,-3.0,8.9,-731.9,-129,0.62,-0.078,-0.051,0.00,3,,2981,0,-516,732,-0.14,31.4,1.00,-0.100
81.00,DOWNWIND,114.59,115.17,31.32,0.05,-4.2,-2.8,9.1,-731.9,-133,0.62,-0.078,-0.051,0.00,3,,2978,0,-512,732,-0.14,31.4,1.00,-0.100
81.10,DOWNWIND,114.60,115.18,31.32,0.05,-4.3,-2.7,9.2,-731.9,-136,0.62,-0.078,-0.051,0.00,3,,2975,0,-509,732,-0.14,31.4,1.00,-0.100
81.20,DOWNWIND,114.60,115.19,31.32,0.05,-4.3,-2.5,9.4,-731.9,-139,0.62,-0.078,-0.051,0.00,3,,2972,0,-506,732,-0.14,31.4,1.00,-0.100
81.30,DOWNWIND,114.61,115.20,31.32,0.05,-4.3,-2.3,9.5,-731.8,-142,0.62,-0.078,-0.050,0.00,3,,2969,0,-503,732,-0.14,31.4,1.00,-0.100
81.40,DOWNWIND,114.61,115.20,31.32,0.04,-4.3,-2.2,9.6,-731.8,-145,0.62,-0.078,-0.050,0.00,3,,2966,0,-500,732,-0.14,31.4,1.00,-0.100
81.50,DOWNWIND,114.62,115.21,31.32,0.04,-4.3,-2.0,9.6,-731.8,-148,0.62,-0.078,-0.049,0.00,3,,2962,0,-497,732,-0.14,31.4,1.00,-0.100
81.60,DOWNWIND,114.62,115.22,31.32,0.03,-4.3,-1.9,9.7,-731.7,-151,0.62,-0.078,-0.049,0.00,3,,2959,0,-494,732,-0.14,31.4,1.00,-0.100
81.70,DOWNWIND,114.62,115.22,31.32,0.03,-4.3,-1.7,9.7,-731.7,-154,0.62,-0.078,-0.048,0.00,3,,2956,0,-491,732,-0.14,31.4,1.00,-0.100
81.80,DOWNWIND,114.63,115.23,31.32,0.03,-4.3,-1.6,9.8,-731.7,-157,0.62,-0.078,-0.047,0.00,3,,2953,0,-488,732,-0.14,31.4,1.00,-0.100
81.90,DOWNWIND,114.63,115.23,31.32,0.02,-4.3,-1.4,9.8,-731.6,-160,0.62,-0.078,-0.047,0.00,3,,2950,0,-485,732,-0.15,31.4,1.00,-0.100
82.00,DOWNWIND,114.63,115.24,31.32,0.02,-4.4,-1.3,9.8,-731.6,-163,0.62,-0.078,-0.046,0.00,3,,2947,0,-482,732,-0.15,31.4,1.00,-0.100
82.10,DOWNWIND,114.63,115.24,31.32,0.01,-4.4,-1.2,9.8,-731.5,-167,0.62,-0.078,-0.045,0.00,3,,2944,0,-478,732,-0.15,31.4,1.00,-0.100
82.20,DOWNWIND,114.63,115.25,31.32,0.01,-4.4,-1.1,9.8,-731.5,-170,0.62,-0.078,-0.045,0.00,3,,2941,0,-475,731,-0.15,31.4,1.00,-0.100
82.30,DOWNWIND,114.64,115.25,31.32,0.00,-4.4,-0.9,9.8,-731.4,-173,0.62,-0.078,-0.044,0.00,3,,2938,0,-472,731,-0.15,31.4,1.00,-0.100
82.40,DOWNWIND,114.64,115.25,31.32,0.00,-4.4,-0.8,9.8,-731.4,-176,0.62,-0.078,-0.044,0.00,3,,2935,0,-469,731,-0.15,31.4,1.00,-0.100
82.50,DOWNWIND,114.64,115.25,31.32,-0.00,-4.4,-0.7,9.8,-731.3,-179,0.62,-0.078,-0.044,0.00,3,,2932,0,-466,731,-0.15,31.4,1.00,-0.100
82.60,DOWNWIND,114.64,115.25,31.32,-0.01,-4.4,-0.6,9.9,-731.3,-182,0.61,-0.078,-0.044,0.00,3,,2928,0,-463,731,-0.15,31.4,1.00,-0.100
82.70,DOWNWIND,114.63,115.25,31.32,-0.01,-4.4,-0.6,9.9,-731.2,-185,0.61,-0.078,-0.044,0.00,3,,2925,0,-460,731,-0.15,31.4,1.00,-0.100
82.80,DOWNWIND,114.63,115.25,31.33,-0.01,-4.4,-0.5,9.9,-731.2,-188,0.61,-0.078,-0.043,0.00,2,,2922,0,-457,731,-0.15,31.4,1.00,-0.100
82.90,DOWNWIND,114.63,115.25,31.33,-0.02,-4.4,-0.4,9.9,-731.1,-191,0.61,-0.078,-0.043,0.00,2,,2919,0,-454,731,-0.15,31.4,1.00,-0.100
83.00,DOWNWIND,114.63,115.25,31.33,-0.02,-4.4,-0.3,10.0,-731.1,-194,0.61,-0.078,-0.044,0.00,2,,2916,0,-451,731,-0.15,31.4,1.00,-0.100
83.10,DOWNWIND,114.63,115.24,31.33,-0.02,-4.5,-0.3,10.0,-731.0,-197,0.61,-0.078,-0.043,0.00,2,,2913,0,-448,731,-0.14,31.4,1.00,-0.100
83.20,DOWNWIND,114.63,115.24,31.33,-0.03,-4.5,-0.2,10.0,-730.9,-201,0.61,-0.078,-0.044,0.00,2,,2910,0,-444,731,-0.14,31.4,1.00,-0.100
83.30,DOWNWIND,114.62,115.24,31.33,-0.03,-4.5,-0.2,10.1,-730.9,-204,0.61,-0.078,-0.044,0.00,2,,2907,0,-441,731,-0.14,31.4,1.00,-0.100
83.40,DOWNWIND,114.62,115.23,31.33,-0.03,-4.5,-0.1,10.1,-730.8,-207,0.61,-0.078,-0.044,0.00,2,,2904,0,-438,731,-0.14,31.4,1.00,-0.099
83.50,DOWNWIND,114.62,115.23,31.33,-0.04,-4.5,-0.0,10.1,-730.8,-210,0.61,-0.078,-0.044,0.00,2,,2901,0,-435,731,-0.14,31.4,1.00,-0.099
83.60,DOWNWIND,114.61,115.23,31.34,-0.04,-4.5,0.0,10.1,-730.7,-213,0.61,-0.078,-0.044,0.00,2,,2898,0,-432,731,-0.14,31.4,1.00,-0.099
83.70,DOWNWIND,114.61,115.23,31.34,-0.04,-4.5,0.1,10.1,-730.7,-216,0.61,-0.078,-0.044,0.00,2,,2894,0,-429,731,-0.14,31.4,1.00,-0.099
83.80,DOWNWIND,114.60,115.22,31.34,-0.04,-4.5,0.1,10.1,-730.6,-219,0.61,-0.078,-0.044,0.00,2,,2891,0,-426,731,-0.14,31.4,1.00,-0.099
83.90,DOWNWIND,114.60,115.22,31.34,-0.04,-4.5,0.1,10.1,-730.5,-222,0.61,-0.077,-0.044,0.00,2,,2888,0,-423,731,-0.14,31.4,1.00,-0.099
84.00,DOWNWIND,114.60,115.22,31.34,-0.05,-4.5,0.2,10.1,-730.5,-225,0.61,-0.077,-0.044,0.00,2,,2885,0,-420,730,-0.14,31.4,1.00,-0.099
84.10,DOWNWIND,114.59,115.22,31.34,-0.05,-4.5,0.2,10.1,-730.4,-228,0.61,-0.077,-0.044,0.00,2,,2882,0,-417,730,-0.14,31.4,1.00,-0.099
84.20,DOWNWIND,114.59,115.22,31.34,-0.05,-4.5,0.3,10.1,-730.4,-231,0.61,-0.077,-0.044,0.00,2,,2879,0,-414,730,-0.14,31.4,1.00,-0.099
84.30,DOWNWIND,114.58,115.22,31.35,-0.05,-4.5,0.3,10.1,-730.3,-235,0.61,-0.077,-0.044,0.00,2,,2876,0,-410,730,-0.14,31.4,1.00,-0.099
84.40,DOWNWIND,114.58,115.22,31.35,-0.05,-4.5,0.3,10.0,-730.3,-238,0.61,-0.077,-0.044,0.00,2,,2873,0,-407,730,-0.13,31.4,1.00,-0.098
84.50,DOWNWIND,114.57,115.23,31.35,-0.05,-4.5,0.4,10.0,-730.2,-241,0.61,-0.077,-0.044,0.00,2,,2870,0,-404,730,-0.13,31.4,1.00,-0.098
84.60,DOWNWIND,114.57,115.23,31.35,-0.05,-4.5,0.4,10.0,-730.2,-244,0.61,-0.077,-0.044,0.00,1,,2867,0,-401,730,-0.13,31.4,1.00,-0.098
84.70,DOWNWIND,114.56,115.23,31.35,-0.06,-4.5,0.4,9.9,-730.1,-247,0.61,-0.077,-0.043,0.00,1,,2864,0,-398,730,-0.13,31.4,1.00,-0.098
84.80,DOWNWIND,114.55,115.23,31.35,-0.06,-4.5,0.4,9.9,-730.1,-250,0.61,-0.077,-0.043,0.00,1,,2860,0,-395,730,-0.13,31.4,1.00,-0.098
84.90,DOWNWIND,114.55,115.24,31.35,-0.06,-4.5,0.5,9.9,-730.0,-253,0.61,-0.077,-0.043,0.00,1,,2857,0,-392,730,-0.13,31.4,1.00,-0.098
85.00,DOWNWIND,114.54,115.24,31.35,-0.06,-4.5,0.5,9.8,-730.0,-256,0.61,-0.077,-0.043,0.00,1,,2854,0,-389,730,-0.13,31.4,1.00,-0.098
85.10,DOWNWIND,114.54,115.24,31.36,-0.06,-4.5,0.5,9.8,-729.9,-259,0.61,-0.077,-0.043,0.00,1,,2851,0,-386,730,-0.13,31.4,1.00,-0.098
85.20,DOWNWIND,114.53,115.25,31.36,-0.06,-4.5,0.5,9.8,-729.9,-262,0.61,-0.077,-0.043,0.00,1,,2848,0,-383,730,-0.13,31.4,1.00,-0.098
85.30,DOWNWIND,114.52,115.25,31.36,-0.06,-4.5,0.5,9.8,-729.8,-265,0.61,-0.077,-0.043,0.00,1,,2845,0,-380,730,-0.12,31.4,1.00,-0.098
85.40,DOWNWIND,114.52,115.25,31.36,-0.06,-4.5,0.5,9.7,-729.8,-269,0.61,-0.077,-0.043,0.00,1,,2842,0,-376,730,-0.12,31.4,1.00,-0.097
85.50,DOWNWIND,114.51,115.26,31.36,-0.06,-4.5,0.5,9.7,-729.7,-272,0.61,-0.077,-0.044,0.00,1,,2839,0,-373,730,-0.12,31.4,1.00,-0.097
85.60,DOWNWIND,114.51,115.26,31.36,-0.06,-4.5,0.5,9.7,-729.7,-275,0.61,-0.077,-0.044,0.00,1,,2836,0,-370,730,-0.12,31.4,1.00,-0.097
85.70,DOWNWIND,114.50,115.26,31.36,-0.06,-4.5,0.5,9.7,-729.7,-278,0.61,-0.077,-0.044,0.00,1,,2833,0,-367,730,-0.12,31.4,1.00,-0.097
85.80,DOWNWIND,114.49,115.27,31.36,-0.06,-4.5,0.5,9.7,-729.6,-281,0.61,-0.077,-0.044,0.00,1,,2830,0,-364,730,-0.12,31.4,1.00,-0.097
85.90,DOWNWIND,114.49,115.27,31.37,-0.07,-4.5,0.5,9.6,-729.6,-284,0.61,-0.077,-0.044,0.00,1,,2826,0,-361,730,-0.12,31.4,1.00,-0.097
86.00,DOWNWIND,114.48,115.27,31.37,-0.07,-4.5,0.5,9.6,-729.5,-287,0.61,-0.077,-0.044,0.00,1,,2823,0,-358,730,-0.12,31.4,1.00,-0.097
86.10,DOWNWIND,114.47,115.28,31.37,-0.07,-4.5,0.5,9.6,-729.5,-290,0.61,-0.077,-0.044,0.00,1,,2820,0,-355,730,-0.11,31.4,1.00,-0.097
86.20,DOWNWIND,114.47,115.28,31.37,-0.07,-4.5,0.5,9.6,-729.5,-293,0.61,-0.077,-0.044,0.00,1,,2817,0,-352,729,-0.11,31.4,1.00,-0.097
86.30,DOWNWIND,114.46,115.28,31.37,-0.07,-4.5,0.5,9.6,-729.4,-296,0.61,-0.077,-0.044,0.00,1,,2814,0,-349,729,-0.11,31.4,1.00,-0.097
86.40,DOWNWIND,114.45,115.28,31.37,-0.07,-4.5,0.5,9.5,-729.4,-300,0.61,-0.077,-0.044,0.00,1,,2811,0,-345,729,-0.11,31.4,1.00,-0.096
86.50,DOWNWIND,114.45,115.28,31.37,-0.07,-4.5,0.5,9.5,-729.4,-303,0.61,-0.077,-0.044,0.00,1,,2808,0,-342,729,-0.11,31.4,1.00,-0.096
86.60,DOWNWIND,114.44,115.28,31.37,-0.07,-4.5,0.5,9.5,-729.3,-306,0.61,-0.077,-0.044,0.00,1,,2805,0,-339,729,-0.11,31.4,1.00,-0.096
86.70,DOWNWIND,114.43,115.28,31.38,-0.07,-4.5,0.5,9.5,-729.3,-309,0.61,-0.077,-0.044,0.00,1,,2802,0,-336,729,-0.11,31.4,1.00,-0.096
86.80,DOWNWIND,114.43,115.28,31.38,-0.07,-4.5,0.5,9.4,-729.3,-312,0.61,-0.077,-0.044,0.00,1,,2799,0,-333,729,-0.10,31.4,1.00,-0.096
86.90,DOWNWIND,114.42,115.28,31.38,-0.07,-4.5,0.5,9.4,-729.3,-315,0.61,-0.077,-0.044,0.00,1,,2795,0,-330,729,-0.10,31.4,1.00,-0.096
87.00,DOWNWIND,114.41,115.28,31.38,-0.07,-4.5,0.4,9.4,-729.2,-318,0.61,-0.077,-0.044,0.00,1,,2792,0,-327,729,-0.10,31.4,1.00,-0.096
87.10,DOWNWIND,114.41,115.28,31.38,-0.07,-4.5,0.4,9.4,-729.2,-321,0.61,-0.077,-0.044,0.00,1,,2789,0,-324,729,-0.10,31.4,1.00,-0.096
87.20,DOWNWIND,114.40,115.28,31.38,-0.07,-4.5,0.4,9.3,-729.2,-324,0.61,-0.077,-0.044,0.00,1,,2786,0,-321,729,-0.10,31.4,1.00,-0.096
87.30,DOWNWIND,114.39,115.28,31.38,-0.07,-4.5,0.4,9.3,-729.2,-327,0.61,-0.077,-0.044,0.00,0,,2783,0,-318,729,-0.10,31.4,1.00,-0.096
87.40,DOWNWIND,114.39,115.28,31.38,-0.07,-4.5,0.4,9.3,-729.1,-331,0.61,-0.077,-0.044,0.00,0,,2780,0,-314,729,-0.10,31.4,1.00,-0.095
87.50,DOWNWIND,114.38,115.27,31.38,-0.07,-4.5,0.4,9.3,-729.1,-334,0.61,-0.077,-0.044,0.00,0,,2777,0,-311,729,-0.10,31.4,1.00,-0.095
87.60,DOWNWIND,114.37,115.27,31.38,-0.07,-4.5,0.4,9.2,-729.1,-337,0.61,-0.077,-0.044,0.00,0,,2774,0,-308,729,-0.09,31.4,1.00,-0.095
87.70,DOWNWIND,114.37,115.27,31.39,-0.07,-4.5,0.4,9.2,-729.1,-340,0.61,-0.077,-0.045,0.00,0,,2771,0,-305,729,-0.09,31.4,1.00,-0.095
87.80,DOWNWIND,114.36,115.26,31.39,-0.07,-4.5,0.3,9.2,-729.1,-343,0.61,-0.077,-0.045,0.00,0,,2768,0,-302,729,-0.09,31.4,1.00,-0.095
87.90,DOWNWIND,114.35,115.26,31.39,-0.07,-4.5,0.3,9.2,-729.1,-346,0.61,-0.077,-0.045,0.00,0,,2764,0,-299,729,-0.09,31.4,1.00,-0.095
88.00,DOWNWIND,114.35,115.26,31.39,-0.07,-4.5,0.3,9.1,-729.0,-349,0.61,-0.077,-0.045,0.00,0,,2761,0,-296,729,-0.09,31.4,1.00,-0.095
88.10,DOWNWIND,114.34,115.25,31.39,-0.07,-4.5,0.3,9.1,-729.0,-352,0.61,-0.077,-0.045,0.00,0,,2758,0,-293,729,-0.09,31.4,1.00,-0.095
88.20,DOWNWIND,114.33,115.25,31.39,-0.07,-4.5,0.3,9.1,-729.0,-355,0.61,-0.077,-0.045,0.00,0,,2755,0,-290,729,-0.09,31.4,1.00,-0.095
88.30,DOWNWIND,114.33,115.24,31.39,-0.06,-4.5,0.3,9.1,-729.0,-358,0.61,-0.077,-0.045,0.00,0,,2752,0,-287,729,-0.08,31.4,1.00,-0.095
88.40,DOWNWIND,114.32,115.24,31.39,-0.06,-4.5,0.3,9.1,-729.0,-362,0.61,-0.077,-0.045,0.00,0,,2749,0,-283,729,-0.08,31.4,1.00,-0.095
88.50,DOWNWIND,114.31,115.23,31.39,-0.06,-4.5,0.2,9.1,-729.0,-365,0.61,-0.077,-0.045,0.00,0,,2746,0,-280,729,-0.08,31.4,1.00,-0.094
88.60,DOWNWIND,114.31,115.23,31.39,-0.06,-4.5,0.2,9.0,-729.0,-368,0.61,-0.077,-0.045,0.00,0,,2743,0,-277,729,-0.08,31.4,1.00,-0.094
88.70,DOWNWIND,114.30,115.22,31.40,-0.06,-4.5,0.2,9.0,-728.9,-371,0.61,-0.077,-0.045,0.00,0,,2740,0,-274,729,-0.08,31.4,1.00,-0.094
88.80,DOWNWIND,114.30,115.22,31.40,-0.06,-4.5,0.2,9.0,-728.9,-374,0.61,-0.077,-0.045,0.00,0,,2737,0,-271,729,-0.08,31.4,1.00,-0.094
88.90,DOWNWIND,114.29,115.22,31.40,-0.06,-4.5,0.2,9.0,-728.9,-377,0.61,-0.077,-0.045,0.00,0,,2733,0,-268,729,-0.08,31.4,1.00,-0.094
89.00,DOWNWIND,114.28,115.21,31.40,-0.06,-4.5,0.2,9.0,-728.9,-380,0.61,-0.077,-0.045,0.00,0,,2730,0,-265,729,-0.08,31.4,1.00,-0.094
89.10,DOWNWIND,114.28,115.21,31.40,-0.06,-4.5,0.2,9.0,-728.9,-383,0.61,-0.077,-0.045,0.00,0,,2727,0,-262,729,-0.07,31.4,1.00,-0.094
89.20,DOWNWIND,114.27,115.21,31.40,-0.06,-4.5,0.1,9.0,-728.9,-386,0.61,-0.077,-0.045,0.00,0,,2724,0,-259,729,-0.07,31.4,1.00,-0.094
89.30,DOWNWIND,114.26,115.20,31.40,-0.06,-4.5,0.1,8.9,-728.9,-389,0.61,-0.077,-0.045,0.00,0,,2721,0,-256,729,-0.07,31.4,1.00,-0.094
89.40,DOWNWIND,114.26,115.20,31.40,-0.06,-4.5,0.1,8.9,-728.9,-393,0.61,-0.077,-0.045,0.00,0,,2718,0,-252,729,-0.07,31.4,1.00,-0.094
89.50,DOWNWIND,114.25,115.20,31.40,-0.06,-4.5,0.1,8.9,-728.9,-396,0.61,-0.077,-0.045,0.00,0,,2715,0,-249,729,-0.07,31.4,1.00,-0.094
89.60,DOWNWIND,114.25,115.19,31.40,-0.06,-4.5,0.1,8.9,-728.9,-399,0.61,-0.077,-0.045,0.00,0,,2712,0,-246,729,-0.07,31.4,1.00,-0.093
89.70,DOWNWIND,114.24,115.19,31.40,-0.06,-4.5,0.1,8.9,-728.9,-402,0.61,-0.077,-0.045,0.00,0,,2709,0,-243,729,-0.07,31.4,1.00,-0.093
89.80,DOWNWIND,114.23,115.19,31.40,-0.06,-4.5,0.1,8.9,-728.9,-405,0.61,-0.077,-0.045,0.00,0,,2705,0,-240,729,-0.07,31.4,1.00,-0.093
89.90,DOWNWIND,114.23,115.18,31.41,-0.06,-4.5,0.1,8.9,-728.9,-408,0.61,-0.077,-0.045,0.00,0,,2702,0,-237,729,-0.06,31.4,1.00,-0.093
90.00,DOWNWIND,114.22,115.18,31.41,-0.06,-4.5,0.0,8.9,-728.9,-411,0.61,-0.077,-0.045,0.00,0,,2699,0,-234,729,-0.06,31.4,1.00,-0.093
90.10,DOWNWIND,114.22,115.18,31.41,-0.06,-4.5,0.0,8.9,-728.9,-414,0.61,-0.077,-0.045,0.00,0,,2696,0,-231,729,-0.06,31.4,1.00,-0.093
90.20,DOWNWIND,114.21,115.17,31.41,-0.06,-4.5,0.0,8.8,-728.9,-417,0.61,-0.077,-0.045,0.00,0,,2693,0,-228,729,-0.06,31.4,1.00,-0.093
90.30,DOWNWIND,114.20,115.17,31.41,-0.06,-4.5,0.0,8.8,-728.9,-421,0.61,-0.077,-0.045,0.00,0,,2690,0,-224,729,-0.06,31.4,1.00,-0.093
90.40,DOWNWIND,114.20,115.17,31.41,-0.06,-4.5,0.0,8.8,-728.9,-424,0.61,-0.077,-0.045,0.00,0,,2687,0,-221,729,-0.06,31.4,1.00,-0.093
90.50,DOWNWIND,114.19,115.17,31.41,-0.06,-4.5,-0.0,8.8,-728.9,-427,0.61,-0.077,-0.045,0.00,0,,2684,0,-218,729,-0.06,31.4,1.00,-0.093
90.60,DOWNWIND,114.19,115.16,31.41,-0.06,-4.5,-0.0,8.8,-728.9,-430,0.61,-0.077,-0.045,0.00,0,,2681,0,-215,729,-0.06,31.4,1.00,-0.093
90.70,DOWNWIND,114.18,115.16,31.41,-0.06,-4.5,-0.0,8.8,-728.9,-433,0.61,-0.077,-0.045,0.00,0,,2677,0,-212,729,-0.06,31.4,1.00,-0.093
90.80,DOWNWIND,114.18,115.16,31.41,-0.05,-4.5,-0.0,8.8,-728.9,-436,0.61,-0.077,-0.045,0.00,0,,2674,0,-209,729,-0.05,31.4,1.00,-0.092
90.90,DOWNWIND,114.17,115.16,31.41,-0.05,-4.5,-0.1,8.8,-728.9,-439,0.61,-0.077,-0.045,0.00,0,,2671,0,-206,729,-0.05,31.4,1.00,-0.092
91.00,DOWNWIND,114.17,115.15,31.41,-0.05,-4.5,-0.1,8.8,-728.9,-442,0.61,-0.077,-0.045,0.00,0,,2668,0,-203,729,-0.05,31.4,1.00,-0.092
91.10,DOWNWIND,114.16,115.15,31.41,-0.05,-4.5,-0.1,8.8,-728.9,-445,0.61,-0.077,-0.045,0.00,0,,2665,0,-200,729,-0.05,31.4,1.00,-0.092
91.20,DOWNWIND,114.16,115.15,31.41,-0.05,-4.5,-0.1,8.8,-728.9,-449,0.61,-0.077,-0.045,0.00,0,,2662,0,-196,729,-0.05,31.4,1.00,-0.092
91.30,DOWNWIND,114.15,115.15,31.42,-0.05,-4.5,-0.1,8.8,-728.9,-452,0.61,-0.077,-0.045,0.00,0,,2659,0,-193,729,-0.05,31.4,1.00,-0.092
91.40,DOWNWIND,114.14,115.15,31.42,-0.05,-4.5,-0.1,8.8,-728.9,-455,0.61,-0.077,-0.045,0.00,0,,2656,0,-190,729,-0.05,31.4,1.00,-0.092
91.50,DOWNWIND,114.14,115.15,31.42,-0.05,-4.5,-0.1,8.8,-728.9,-458,0.61,-0.077,-0.045,0.00,0,,2653,0,-187,729,-0.05,31.4,1.00,-0.092
91.60,DOWNWIND,114.13,115.14,31.42,-0.05,-4.5,-0.1,8.8,-728.9,-461,0.61,-0.077,-0.045,0.00,0,,2650,0,-184,729,-0.05,31.4,1.00,-0.092
91.70,DOWNWIND,114.13,115.14,31.42,-0.05,-4.5,-0.1,8.8,-728.9,-464,0.61,-0.077,-0.045,0.00,0,,2646,0,-181,729,-0.04,31.4,1.00,-0.092
91.80,DOWNWIND,114.12,115.14,31.42,-0.05,-4.5,-0.1,8.8,-728.9,-467,0.61,-0.077,-0.045,0.00,0,,2643,0,-178,729,-0.04,31.4,1.00,-0.092
91.90,DOWNWIND,114.12,115.14,31.42,-0.05,-4.5,-0.1,8.8,-728.9,-470,0.61,-0.077,-0.045,0.00,0,,2640,0,-175,729,-0.04,31.4,1.00,-0.092
92.00,DOWNWIND,114.11,115.14,31.42,-0.05,-4.5,-0.1,8.8,-728.9,-473,0.61,-0.078,-0.045,0.00,0,,2637,0,-172,729,-0.04,31.4,1.00,-0.092
92.10,DOWNWIND,114.11,115.14,31.42,-0.05,-4.5,-0.1,8.8,-728.9,-477,0.61,-0.078,-0.045,0.00,0,,2634,0,-168,729,-0.04,31.4,1.00,-0.091
92.20,DOWNWIND,114.10,115.13,31.42,-0.05,-4.5,-0.1,8.7,-728.9,-480,0.61,-0.078,-0.045,0.00,0,,2631,0,-165,729,-0.04,31.4,1.00,-0.091
92.30,DOWNWIND,114.10,115.13,31.42,-0.05,-4.5,-0.2,8.7,-728.9,-483,0.61,-0.078,-0.045,0.00,0,,2628,0,-162,729,-0.04,31.4,1.00,-0.091
92.40,DOWNWIND,114.10,115.13,31.42,-0.05,-4.5,-0.2,8.7,-728.9,-486,0.61,-0.078,-0.045,0.00,0,,2625,0,-159,729,-0.04,31.4,1.00,-0.091
92.50,DOWNWIND,114.09,115.13,31.42,-0.05,-4.5,-0.2,8.7,-728.9,-489,0.61,-0.078,-0.045,0.00,0,,2622,0,-156,729,-0.04,31.4,1.00,-0.091
92.60,DOWNWIND,114.09,115.13,31.42,-0.05,-4.5,-0.2,8.7,-728.9,-492,0.61,-0.078,-0.045,0.00,0,,2618,0,-153,729,-0.04,31.4,1.00,-0.091
92.70,DOWNWIND,114.08,115.12,31.42,-0.05,-4.5,-0.2,8.7,-728.9,-495,0.61,-0.078,-0.045,0.00,0,,2615,0,-150,729,-0.04,31.4,1.00,-0.091
92.80,DOWNWIND,114.08,115.12,31.42,-0.04,-4.5,-0.2,8.7,-728.9,-498,0.61,-0.078,-0.045,0.00,0,,2612,0,-147,729,-0.03,31.4,1.00,-0.091
92.90,DOWNWIND,114.07,115.12,31.42,-0.04,-4.5,-0.2,8.7,-728.9,-501,0.61,-0.078,-0.045,0.00,0,,2609,0,-144,729,-0.03,31.4,1.00,-0.091
93.00,DOWNWIND,114.07,115.12,31.42,-0.04,-4.5,-0.2,8.7,-728.9,-504,0.61,-0.078,-0.045,0.00,0,,2606,0,-141,729,-0.03,31.4,1.00,-0.091
93.10,DOWNWIND,114.06,115.11,31.43,-0.04,-4.5,-0.2,8.7,-728.9,-508,0.61,-0.078,-0.045,0.00,0,,2603,0,-137,729,-0.03,31.4,1.00,-0.091
93.20,DOWNWIND,114.06,115.11,31.43,-0.04,-4.5,-0.2,8.7,-728.9,-511,0.61,-0.078,-0.045,0.00,0,,2600,0,-134,729,-0.03,31.4,1.00,-0.091
93.30,DOWNWIND,114.06,115.11,31.43,-0.04,-4.5,-0.2,8.7,-728.9,-514,0.61,-0.078,-0.045,0.00,0,,2597,0,-131,729,-0.03,31.4,1.00,-0.091
93.40,DOWNWIND,114.05,115.11,31.43,-0.04,-4.5,-0.2,8.7,-728.9,-517,0.61,-0.078,-0.045,0.00,0,,2594,0,-128,729,-0.03,31.4,1.00,-0.091
93.50,DOWNWIND,114.05,115.11,31.43,-0.04,-4.5,-0.2,8.7,-728.9,-520,0.61,-0.078,-0.045,0.00,0,,2590,0,-125,729,-0.03,31.4,1.00,-0.090
93.60,DOWNWIND,114.04,115.11,31.43,-0.04,-4.5,-0.2,8.7,-728.9,-523,0.61,-0.078,-0.045,0.00,0,,2587,0,-122,729,-0.03,31.4,1.00,-0.090
93.70,DOWNWIND,114.04,115.11,31.43,-0.04,-4.5,-0.2,8.7,-728.9,-526,0.61,-0.078,-0.045,0.00,0,,2584,0,-119,729,-0.03,31.4,1.00,-0.090
93.80,DOWNWIND,114.03,115.10,31.43,-0.04,-4.5,-0.2,8.7,-728.9,-529,0.61,-0.078,-0.045,0.00,0,,2581,0,-116,729,-0.03,31.4,1.00,-0.090
93.90,DOWNWIND,114.03,115.10,31.43,-0.04,-4.5,-0.2,8.7,-728.9,-532,0.61,-0.078,-0.045,0.00,0,,2578,0,-113,729,-0.03,31.4,1.00,-0.090
94.00,DOWNWIND,114.03,115.10,31.43,-0.04,-4.5,-0.2,8.7,-728.9,-536,0.61,-0.078,-0.045,0.00,0,,2575,0,-109,729,-0.02,31.4,1.00,-0.090
94.10,DOWNWIND,114.02,115.10,31.43,-0.04,-4.5,-0.2,8.7,-728.9,-539,0.61,-0.078,-0.045,0.00,0,,2572,0,-106,729,-0.02,31.4,1.00,-0.090
94.20,DOWNWIND,114.02,115.10,31.43,-0.04,-4.5,-0.2,8.7,-728.9,-542,0.61,-0.078,-0.045,0.00,0,,2569,0,-103,729,-0.02,31.4,1.00,-0.090
94.30,DOWNWIND,114.02,115.10,31.43,-0.04,-4.5,-0.2,8.7,-729.0,-545,0.61,-0.078,-0.045,0.00,0,,2566,0,-100,729,-0.02,31.4,1.00,-0.090
94.40,DOWNWIND,114.01,115.09,31.43,-0.04,-4.5,-0.2,8.7,-729.0,-548,0.61,-0.078,-0.045,0.00,0,,2562,0,-97,729,-0.02,31.4,1.00,-0.090
94.50,DOWNWIND,114.01,115.09,31.43,-0.04,-4.5,-0.2,8.7,-729.0,-551,0.61,-0.078,-0.045,0.00,0,,2559,0,-94,729,-0.02,31.4,1.00,-0.090
94.60,DOWNWIND,114.00,115.09,31.43,-0.04,-4.5,-0.2,8.7,-729.0,-554,0.61,-0.078,-0.045,0.00,0,,2556,0,-91,729,-0.02,31.4,1.00,-0.090
94.70,DOWNWIND,114.00,115.08,31.43,-0.04,-4.5,-0.2,8.7,-729.0,-557,0.61,-0.078,-0.045,0.00,0,,2553,0,-88,729,-0.02,31.4,1.00,-0.090
94.80,DOWNWIND,114.00,115.08,31.43,-0.04,-4.5,-0.2,8.7,-729.0,-560,0.61,-0.078,-0.045,0.00,0,,2550,0,-85,729,-0.02,31.4,1.00,-0.090
94.90,DOWNWIND,113.99,115.07,31.43,-0.03,-4.5,-0.2,8.7,-729.0,-564,0.61,-0.078,-0.045,0.00,0,,2547,0,-81,729,-0.02,31.4,1.00,-0.090
95.00,DOWNWIND,113.99,115.07,31.43,-0.03,-4.5,-0.2,8.8,-729.0,-567,0.61,-0.078,-0.045,0.00,0,,2544,0,-78,729,-0.02,31.4,1.00,-0.089
95.10,DOWNWIND,113.99,115.06,31.43,-0.03,-4.5,-0.2,8.8,-729.0,-570,0.61,-0.078,-0.045,0.00,0,,2541,0,-75,729,-0.02,31.4,1.00,-0.089
95.20,DOWNWIND,113.98,115.06,31.43,-0.03,-4.5,-0.2,8.8,-729.0,-573,0.61,-0.078,-0.045,0.00,0,,2538,0,-72,729,-0.02,31.4,1.00,-0.089
95.30,DOWNWIND,113.98,115.05,31.43,-0.03,-4.5,-0.2,8.8,-729.0,-576,0.61,-0.078,-0.045,0.00,0,,2534,0,-69,729,-0.02,31.4,1.00,-0.089
95.40,DOWNWIND,113.98,115.05,31.43,-0.03,-4.5,-0.2,8.8,-729.0,-579,0.61,-0.078,-0.045,0.00,0,,2531,0,-66,729,-0.01,31.4,1.00,-0.089
95.50,DOWNWIND,113.97,115.04,31.43,-0.03,-4.5,-0.2,8.8,-729.0,-582,0.61,-0.078,-0.045,0.00,0,,2528,0,-63,729,-0.01,31.4,1.00,-0.089
95.60,DOWNWIND,113.97,115.03,31.43,-0.03,-4.5,-0.2,8.8,-729.0,-585,0.61,-0.078,-0.045,0.00,0,,2525,0,-60,729,-0.01,31.4,1.00,-0.089
95.70,DOWNWIND,113.97,115.03,31.44,-0.03,-4.5,-0.2,8.8,-729.0,-588,0.61,-0.078,-0.045,0.00,0,,2522,0,-57,729,-0.01,31.4,1.00,-0.089
95.80,DOWNWIND,113.96,115.02,31.44,-0.03,-4.5,-0.2,8.8,-729.0,-592,0.61,-0.078,-0.045,0.00,0,,2519,0,-53,729,-0.01,31.4,1.00,-0.089
95.90,DOWNWIND,113.96,115.01,31.44,-0.03,-4.5,-0.2,8.8,-729.0,-595,0.61,-0.078,-0.045,0.00,0,,2516,0,-50,729,-0.01,31.4,1.00,-0.089
96.00,DOWNWIND,113.96,115.01,31.44,-0.03,-4.5,-0.2,8.8,-729.0,-598,0.61,-0.078,-0.045,0.00,0,,2513,0,-47,729,-0.01,31.4,1.00,-0.089
96.10,DOWNWIND,113.96,115.00,31.44,-0.03,-4.5,-0.2,8.8,-729.0,-601,0.61,-0.078,-0.045,0.00,0,,2510,0,-44,729,-0.01,31.4,1.00,-0.089
96.20,DOWNWIND,113.95,114.99,31.44,-0.03,-4.5,-0.2,8.8,-729.0,-604,0.61,-0.078,-0.045,0.00,0,,2506,0,-41,729,-0.01,31.4,1.00,-0.089
96.30,DOWNWIND,113.95,114.99,31.44,-0.03,-4.5,-0.2,8.8,-729.0,-607,0.61,-0.078,-0.045,0.00,0,,2503,0,-38,729,-0.01,31.4,1.00,-0.089
96.40,DOWNWIND,113.95,114.98,31.44,-0.03,-4.5,-0.2,8.8,-729.0,-610,0.61,-0.078,-0.045,0.00,0,,2500,0,-35,729,-0.01,31.4,1.00,-0.089
96.50,DOWNWIND,113.94,114.98,31.44,-0.03,-4.5,-0.2,8.8,-729.0,-613,0.61,-0.078,-0.045,0.00,0,,2497,0,-32,729,-0.01,31.4,1.00,-0.089
96.60,DOWNWIND,113.94,114.97,31.44,-0.03,-4.5,-0.2,8.8,-729.0,-616,0.61,-0.078,-0.045,0.00,0,,2494,0,-29,729,-0.01,31.4,1.00,-0.089
96.70,DOWNWIND,113.94,114.97,31.44,-0.03,-4.5,-0.2,8.8,-729.0,-620,0.61,-0.078,-0.045,0.00,0,,2491,0,-25,729,-0.01,31.4,1.00,-0.088
96.80,DOWNWIND,113.94,114.96,31.44,-0.03,-4.5,-0.2,8.8,-729.0,-623,0.61,-0.078,-0.045,0.00,0,,2488,0,-22,729,-0.01,31.4,1.00,-0.088
96.90,DOWNWIND,113.93,114.96,31.44,-0.03,-4.5,-0.2,8.8,-729.0,-626,0.61,-0.078,-0.045,0.00,0,,2485,0,-19,729,-0.01,31.4,1.00,-0.088
97.00,DOWNWIND,113.93,114.95,31.44,-0.03,-4.5,-0.2,8.8,-729.0,-629,0.61,-0.078,-0.045,0.00,0,,2482,0,-16,729,-0.01,31.4,1.00,-0.088
97.10,DOWNWIND,113.93,114.95,31.44,-0.03,-4.5,-0.2,8.8,-729.0,-632,0.61,-0.078,-0.045,0.00,0,,2478,0,-13,729,-0.00,31.4,1.00,-0.088
97.20,DOWNWIND,113.92,114.95,31.44,-0.03,-4.5,-0.2,8.8,-729.0,-635,0.61,-0.078,-0.045,0.00,0,,2475,0,-10,729,-0.00,31.4,1.00,-0.088
97.30,DOWNWIND,113.92,114.95,31.44,-0.03,-4.5,-0.2,8.8,-729.0,-638,0.61,-0.078,-0.045,0.00,0,,2472,0,-7,729,-0.00,31.4,1.00,-0.088
97.40,DOWNWIND,113.92,114.95,31.44,-0.03,-4.5,-0.2,8.8,-729.0,-641,0.61,-0.078,-0.045,0.00,0,,2469,0,-4,729,-0.00,31.4,1.00,-0.088
97.50,DOWNWIND,113.92,114.95,31.44,-0.02,-4.5,-0.2,8.8,-729.0,-644,0.61,-0.078,-0.045,0.00,0,,2466,0,-1,729,-0.00,31.4,1.00,-0.088
97.60,DOWNWIND,113.91,114.95,31.44,-0.02,-4.5,-0.2,8.8,-729.0,-648,0.61,-0.078,-0.045,0.00,0,,2463,0,3,729,-0.00,31.4,1.00,-0.088
97.70,DOWNWIND,113.91,114.95,31.44,-0.02,-4.5,-0.2,8.8,-729.0,-651,0.61,-0.078,-0.045,0.00,0,,2460,0,6,729,-0.00,31.4,1.00,-0.088
97.80,DOWNWIND,113.91,114.95,31.44,-0.02,-4.5,-0.2,8.8,-729.0,-654,0.61,-0.078,-0.045,0.00,0,,2457,0,9,729,-0.00,31.4,1.00,-0.088
97.90,DOWNWIND,113.91,114.95,31.44,-0.02,-4.5,-0.2,8.8,-729.0,-657,0.61,-0.078,-0.045,0.00,0,,2454,0,12,729,-0.00,31.4,1.00,-0.088
98.00,DOWNWIND,113.90,115.29,31.44,-0.02,-4.5,-0.2,8.8,-729.0,-660,0.61,-0.078,-0.045,0.00,0,,2450,0,15,729,-0.00,31.4,1.00,-0.088
98.10,DOWNWIND,113.90,116.25,31.44,-0.02,-4.5,-0.2,8.8,-729.0,-663,0.61,-0.078,-0.045,0.00,0,,2447,0,18,729,0.00,31.4,1.00,-0.088
98.20,DOWNWIND,113.90,114.95,31.44,-0.02,-4.5,-0.2,8.8,-729.0,-666,0.61,-0.078,-0.045,0.00,0,,2444,0,21,729,0.00,31.4,1.00,-0.087
98.30,DOWNWIND,113.90,114.95,31.44,-0.02,-4.5,-0.2,8.8,-729.0,-669,0.61,-0.078,-0.045,0.00,0,,2441,0,24,729,0.00,31.4,1.00,-0.087
98.40,DOWNWIND,113.90,116.68,31.44,-0.02,-4.5,-0.2,8.8,-729.0,-672,0.61,-0.078,-0.045,0.00,0,,2438,0,27,729,0.00,31.4,1.00,-0.087
98.50,DOWNWIND,113.89,115.64,31.44,-0.02,-4.5,-0.2,8.8,-729.0,-676,0.61,-0.078,-0.045,0.00,0,,2435,0,31,729,0.00,31.4,1.00,-0.087
98.60,DOWNWIND,113.89,114.98,31.44,-0.02,-4.5,-0.2,8.8,-729.0,-679,0.61,-0.078,-0.045,0.00,0,,2432,0,34,729,0.00,31.4,1.00,-0.087
98.70,DOWNWIND,113.89,114.95,31.44,-0.02,-4.5,-0.2,8.8,-729.0,-682,0.61,-0.078,-0.045,0.00,0,,2429,0,37,729,0.00,31.4,1.00,-0.087
98.80,DOWNWIND,113.89,114.95,31.44,-0.02,-4.5,-0.2,8.8,-729.0,-685,0.61,-0.078,-0.045,0.00,0,,2426,0,40,729,0.00,31.4,1.00,-0.087
98.90,DOWNWIND,113.89,114.94,31.44,-0.02,-4.5,-0.2,8.8,-729.0,-688,0.61,-0.078,-0.045,0.00,0,,2422,0,43,729,0.00,31.4,1.00,-0.087
99.00,DOWNWIND,113.88,114.94,31.44,-0.02,-4.5,-0.2,8.8,-729.0,-691,0.61,-0.078,-0.045,0.00,0,,2419,0,46,729,0.00,31.4,1.00,-0.087
99.10,DOWNWIND,113.88,114.93,31.44,-0.02,-4.5,-0.2,8.8,-729.0,-694,0.61,-0.078,-0.045,0.00,0,,2416,0,49,729,0.00,31.4,1.00,-0.087
99.20,DOWNWIND,113.88,114.93,31.44,-0.02,-4.5,-0.2,8.8,-729.0,-697,0.61,-0.078,-0.045,0.00,0,,2413,0,52,729,0.00,31.4,1.00,-0.087
99.30,DOWNWIND,113.88,114.92,31.44,-0.02,-4.5,-0.2,8.8,-729.0,-700,0.61,-0.078,-0.045,0.00,0,,2410,0,55,729,0.01,31.4,1.00,-0.087
99.40,DOWNWIND,113.88,114.92,31.44,-0.02,-4.5,-0.2,8.8,-729.0,-704,0.61,-0.078,-0.045,0.00,0,,2407,0,59,729,0.01,31.4,1.00,-0.087
99.50,DOWNWIND,113.87,114.91,31.44,-0.02,-4.5,-0.2,8.8,-729.0,-707,0.61,-0.078,-0.045,0.00,0,,2404,0,62,729,0.01,31.4,1.00,-0.087
99.60,DOWNWIND,113.87,114.91,31.44,-0.02,-4.5,-0.2,8.8,-729.0,-710,0.61,-0.078,-0.045,0.00,0,,2401,0,65,729,0.01,31.4,1.00,-0.087
99.70,DOWNWIND,113.87,114.90,31.44,-0.02,-4.5,-0.2,8.8,-729.0,-713,0.61,-0.078,-0.045,0.00,0,,2398,0,68,729,0.01,31.4,1.00,-0.087
99.80,DOWNWIND,113.87,114.90,31.44,-0.02,-4.5,-0.2,8.8,-729.0,-716,0.61,-0.078,-0.045,0.00,0,,2394,0,71,729,0.01,31.4,1.00,-0.087
99.90,DOWNWIND,113.87,114.89,31.44,-0.02,-4.5,-0.2,8.8,-729.0,-719,0.61,-0.078,-0.045,0.00,0,,2391,0,74,729,0.01,31.4,1.00,-0.087
100.00,DOWNWIND,113.87,114.88,31.44,-0.02,-4.5,-0.2,8.8,-729.0,-722,0.61,-0.078,-0.045,0.00,0,,2388,0,77,729,0.01,31.4,1.00,-0.087
100.10,DOWNWIND,113.86,114.88,31.44,-0.02,-4.5,-0.2,8.8,-729.0,-725,0.61,-0.078,-0.045,0.00,0,,2385,0,80,729,0.01,31.4,1.00,-0.087
100.20,DOWNWIND,113.86,114.87,31.44,-0.02,-4.5,-0.2,8.8,-729.0,-728,0.61,-0.078,-0.045,0.00,0,,2382,0,83,729,0.01,31.4,1.00,-0.087
100.30,DOWNWIND,113.86,114.87,31.44,-0.02,-4.5,-0.2,8.8,-729.0,-732,0.61,-0.078,-0.045,0.00,0,,2379,0,87,729,0.01,31.4,1.00,-0.087
100.40,DOWNWIND,113.86,114.86,31.44,-0.02,-4.5,-0.2,8.8,-729.0,-735,0.61,-0.078,-0.045,0.00,0,,2376,0,90,729,0.01,31.4,1.00,-0.086
100.50,DOWNWIND,113.86,114.86,31.44,-0.02,-4.5,-0.2,8.8,-729.0,-738,0.61,-0.078,-0.045,0.00,0,,2373,0,93,729,0.01,31.4,1.00,-0.086
100.60,DOWNWIND,113.86,114.85,31.44,-0.02,-4.5,-0.2,8.8,-729.0,-741,0.61,-0.078,-0.045,0.00,0,,2370,0,96,729,0.01,31.4,1.00,-0.086
100.70,DOWNWIND,113.85,114.85,31.44,-0.02,-4.5,-0.2,8.8,-729.0,-744,0.61,-0.078,-0.045,0.00,0,,2366,0,99,729,0.01,31.4,1.00,-0.086
100.80,DOWNWIND,113.85,114.84,31.44,-0.02,-4.5,-0.2,8.8,-729.0,-747,0.61,-0.078,-0.045,0.00,0,,2363,0,102,729,0.01,31.4,1.00,-0.086
100.90,DOWNWIND,113.85,114.84,31.44,-0.02,-4.5,-0.2,8.8,-729.0,-750,0.61,-0.078,-0.045,0.00,0,,2360,0,105,729,0.01,31.4,1.00,-0.086
101.00,DOWNWIND,113.85,114.83,31.44,-0.01,-4.5,-0.2,8.8,-729.0,-753,0.61,-0.078,-0.045,0.00,0,,2357,0,108,729,0.01,31.4,1.00,-0.086
101.10,DOWNWIND,113.85,114.83,31.44,-0.01,-4.5,-0.2,8.8,-729.0,-756,0.61,-0.078,-0.045,0.00,0,,2354,0,111,729,0.01,31.4,1.00,-0.086
101.20,DOWNWIND,113.85,114.82,31.44,-0.01,-4.5,-0.2,8.8,-729.0,-760,0.61,-0.078,-0.045,0.00,0,,2351,0,115,729,0.01,31.4,1.00,-0.086
101.30,DOWNWIND,113.84,114.82,31.44,-0.01,-4.5,-0.2,8.8,-729.0,-763,0.61,-0.078,-0.045,0.00,0,,2348,0,118,729,0.01,31.4,1.00,-0.086
101.40,DOWNWIND,113.84,114.81,31.44,-0.01,-4.5,-0.2,8.8,-729.0,-766,0.61,-0.078,-0.045,0.00,0,,2345,0,121,729,0.01,31.4,1.00,-0.086
101.50,DOWNWIND,113.84,114.81,31.44,-0.01,-4.5,-0.2,8.8,-729.0,-769,0.61,-0.078,-0.045,0.00,0,,2342,0,124,729,0.01,31.4,1.00,-0.086
101.60,DOWNWIND,113.84,114.80,31.44,-0.01,-4.5,-0.2,8.8,-729.0,-772,0.61,-0.078,-0.045,0.00,0,,2338,0,127,729,0.01,31.4,1.00,-0.086
101.70,DOWNWIND,113.84,114.79,31.44,-0.01,-4.5,-0.2,8.8,-729.0,-775,0.61,-0.078,-0.045,0.00,0,,2335,0,130,729,0.01,31.4,1.00,-0.086
101.80,DOWNWIND,113.84,114.78,31.44,-0.01,-4.5,-0.2,8.8,-729.0,-778,0.61,-0.078,-0.045,0.00,0,,2332,0,133,729,0.01,31.4,1.00,-0.086
101.90,DOWNWIND,113.84,114.78,31.44,-0.01,-4.5,-0.2,8.8,-729.0,-781,0.61,-0.078,-0.045,0.00,0,,2329,0,136,729,0.01,31.4,1.00,-0.086
102.00,DOWNWIND,113.84,114.77,31.44,-0.01,-4.5,-0.2,8.8,-729.0,-784,0.61,-0.078,-0.045,0.00,0,,2326,0,139,729,0.01,31.4,1.00,-0.086
102.10,DOWNWIND,113.83,114.76,31.45,-0.01,-4.5,-0.2,8.8,-729.0,-788,0.61,-0.078,-0.045,0.00,0,,2323,0,143,729,0.01,31.4,1.00,-0.086
102.20,DOWNWIND,113.83,114.75,31.45,-0.01,-4.5,-0.2,8.8,-729.0,-791,0.61,-0.078,-0.045,0.00,0,,2320,0,146,729,0.01,31.4,1.00,-0.086
102.30,DOWNWIND,113.83,114.74,31.45,-0.01,-4.5,-0.2,8.8,-729.0,-794,0.61,-0.078,-0.045,0.00,0,,2317,0,149,729,0.01,31.4,1.00,-0.086
102.40,DOWNWIND,113.83,114.73,31.45,-0.01,-4.5,-0.2,8.8,-729.0,-797,0.61,-0.078,-0.045,0.00,0,,2314,0,152,729,0.01,31.4,1.00,-0.086
102.50,DOWNWIND,113.83,114.72,31.45,-0.01,-4.5,-0.2,8.8,-729.0,-800,0.61,-0.078,-0.045,0.00,0,,2310,0,155,729,0.02,31.4,1.00,-0.086
102.60,DOWNWIND,113.83,114.71,31.45,-0.01,-4.5,-0.2,8.8,-729.0,-803,0.61,-0.078,-0.045,0.00,0,,2307,0,158,729,0.02,31.4,1.00,-0.085
102.70,DOWNWIND,113.83,114.71,31.45,-0.01,-4.4,-0.2,8.8,-729.0,-806,0.61,-0.078,-0.045,0.00,0,,2304,0,161,729,0.02,31.4,1.00,-0.085
102.80,DOWNWIND,113.83,114.70,31.45,-0.01,-4.4,-0.2,8.8,-729.0,-809,0.61,-0.078,-0.045,0.00,0,,2301,0,164,729,0.02,31.4,1.00,-0.085
102.90,DOWNWIND,113.82,114.69,31.45,-0.01,-4.4,-0.2,8.8,-729.0,-812,0.61,-0.078,-0.045,0.00,0,,2298,0,167,729,0.02,31.4,1.00,-0.085
103.00,DOWNWIND,113.82,114.69,31.45,-0.01,-4.4,-0.2,8.8,-729.0,-816,0.61,-0.078,-0.045,0.00,0,,2295,0,171,729,0.02,31.4,1.00,-0.085
103.10,DOWNWIND,113.82,114.68,31.45,-0.01,-4.4,-0.2,8.8,-729.0,-819,0.61,-0.078,-0.045,0.00,0,,2292,0,174,729,0.02,31.4,1.00,-0.085
103.20,DOWNWIND,113.82,114.68,31.45,-0.01,-4.4,-0.2,8.8,-729.0,-822,0.61,-0.078,-0.045,0.00,0,,2289,0,177,729,0.02,31.4,1.00,-0.085
103.30,DOWNWIND,113.82,114.67,31.45,-0.01,-4.4,-0.2,8.8,-729.0,-825,0.61,-0.078,-0.045,0.00,0,,2286,0,180,729,0.02,31.4,1.00,-0.085
103.40,DOWNWIND,113.82,114.67,31.45,-0.01,-4.4,-0.2,8.8,-729.0,-828,0.61,-0.078,-0.045,0.00,0,,2282,0,183,729,0.02,31.4,1.00,-0.085
103.50,DOWNWIND,113.82,114.67,31.45,-0.01,-4.4,-0.2,8.8,-729.0,-831,0.61,-0.078,-0.045,0.00,0,,2279,0,186,729,0.02,31.4,1.00,-0.085
103.60,DOWNWIND,113.82,114.67,31.45,-0.01,-4.4,-0.2,8.8,-729.0,-834,0.61,-0.078,-0.045,0.00,0,,2276,0,189,729,0.02,31.4,1.00,-0.085
103.70,DOWNWIND,113.82,114.67,31.45,-0.01,-4.4,-0.2,8.8,-729.0,-837,0.61,-0.078,-0.045,0.00,0,,2273,0,192,729,0.02,31.4,1.00,-0.085
103.80,DOWNWIND,113.82,114.67,31.45,-0.01,-4.4,-0.2,8.8,-729.0,-840,0.61,-0.078,-0.045,0.00,0,,2270,0,195,729,0.02,31.4,1.00,-0.085
103.90,DOWNWIND,113.81,114.68,31.45,-0.01,-4.4,-0.2,8.8,-729.0,-844,0.61,-0.078,-0.045,0.00,0,,2267,0,199,729,0.02,31.4,1.00,-0.085
104.00,DOWNWIND,113.81,114.68,31.45,-0.01,-4.4,-0.2,8.8,-729.0,-847,0.61,-0.078,-0.045,0.00,0,,2264,0,202,729,0.02,31.4,1.00,-0.085
104.10,DOWNWIND,113.81,114.68,31.45,-0.01,-4.4,-0.2,8.8,-729.0,-850,0.61,-0.078,-0.045,0.00,0,,2261,0,205,729,0.02,31.4,1.00,-0.085
104.20,DOWNWIND,113.81,114.68,31.45,-0.01,-4.4,-0.2,8.8,-729.0,-853,0.61,-0.078,-0.045,0.00,0,,2258,0,208,729,0.02,31.4,1.00,-0.085
104.30,DOWNWIND,113.81,114.69,31.45,-0.01,-4.4,-0.2,8.8,-729.0,-856,0.61,-0.078,-0.045,0.00,0,,2254,0,211,729,0.02,31.4,1.00,-0.085
104.40,DOWNWIND,113.81,114.69,31.45,-0.01,-4.4,-0.2,8.8,-729.0,-859,0.61,-0.078,-0.045,0.00,0,,2251,0,214,729,0.02,31.4,1.00,-0.085
104.50,DOWNWIND,113.81,114.69,31.45,-0.01,-4.4,-0.2,8.8,-729.0,-862,0.61,-0.078,-0.045,0.00,0,,2248,0,217,729,0.02,31.4,1.00,-0.085
104.60,DOWNWIND,113.81,114.70,31.45,-0.01,-4.4,-0.2,8.8,-729.0,-865,0.61,-0.078,-0.045,0.00,0,,2245,0,220,729,0.02,31.4,1.00,-0.085
104.70,DOWNWIND,113.81,114.70,31.45,-0.01,-4.4,-0.2,8.8,-729.0,-868,0.61,-0.078,-0.045,0.00,0,,2242,0,223,729,0.02,31.4,1.00,-0.085
104.80,DOWNWIND,113.81,114.70,31.45,-0.01,-4.4,-0.2,8.8,-729.0,-872,0.61,-0.078,-0.045,0.00,0,,2239,0,227,729,0.02,31.4,1.00,-0.085
104.90,DOWNWIND,113.81,114.70,31.45,-0.01,-4.4,-0.2,8.8,-729.0,-875,0.61,-0.078,-0.045,0.00,0,,2236,0,230,729,0.02,31.4,1.00,-0.085
105.00,DOWNWIND,113.81,114.71,31.45,-0.01,-4.4,-0.2,8.8,-729.0,-878,0.61,-0.078,-0.045,0.00,0,,2233,0,233,729,0.02,31.4,1.00,-0.084
105.10,DOWNWIND,113.80,114.71,31.45,-0.01,-4.4,-0.2,8.8,-729.0,-881,0.61,-0.078,-0.045,0.00,0,,2230,0,236,729,0.02,31.4,1.00,-0.084
105.20,DOWNWIND,113.80,114.71,31.45,-0.01,-4.4,-0.2,8.8,-729.0,-884,0.61,-0.078,-0.045,0.00,0,,2226,0,239,729,0.02,31.4,1.00,-0.084
105.30,DOWNWIND,113.80,114.70,31.45,-0.01,-4.4,-0.2,8.8,-729.0,-887,0.61,-0.078,-0.045,0.00,0,,2223,0,242,729,0.02,31.4,1.00,-0.084
105.40,DOWNWIND,113.80,114.70,31.45,-0.01,-4.4,-0.2,8.8,-729.0,-890,0.61,-0.078,-0.045,0.00,0,,2220,0,245,729,0.02,31.4,1.00,-0.084
105.50,DOWNWIND,113.80,114.70,31.45,-0.01,-4.4,-0.2,8.8,-729.0,-893,0.61,-0.078,-0.045,0.00,0,,2217,0,248,729,0.02,31.4,1.00,-0.084
105.60,DOWNWIND,113.80,114.70,31.45,-0.01,-4.4,-0.2,8.8,-729.0,-896,0.61,-0.078,-0.045,0.00,0,,2214,0,251,729,0.02,31.4,1.00,-0.084
105.70,DOWNWIND,113.80,114.69,31.45,-0.01,-4.4,-0.2,8.8,-729.0,-900,0.61,-0.078,-0.045,0.00,0,,2211,0,255,729,0.02,31.4,1.00,-0.084
105.80,DOWNWIND,113.80,114.68,31.45,-0.01,-4.4,-0.2,8.8,-729.0,-903,0.61,-0.078,-0.045,0.00,0,,2208,0,258,729,0.02,31.4,1.00,-0.084
105.90,DOWNWIND,113.80,114.68,31.45,-0.01,-4.4,-0.2,8.8,-729.0,-906,0.61,-0.078,-0.045,0.00,0,,2205,0,261,729,0.02,31.4,1.00,-0.084
106.00,DOWNWIND,113.80,114.67,31.45,-0.01,-4.4,-0.2,8.8,-729.0,-909,0.61,-0.078,-0.045,0.00,0,,2202,0,264,729,0.02,31.4,1.00,-0.084
106.10,DOWNWIND,113.80,114.66,31.45,-0.01,-4.4,-0.2,8.8,-729.0,-912,0.61,-0.078,-0.045,0.00,0,,2198,0,267,729,0.02,31.4,1.00,-0.084
106.20,DOWNWIND,113.80,114.66,31.45,-0.01,-4.4,-0.2,8.8,-729.0,-915,0.61,-0.078,-0.045,0.00,0,,2195,0,270,729,0.02,31.4,1.00,-0.084
106.30,DOWNWIND,113.80,114.65,31.45,-0.01,-4.4,-0.2,8.8,-729.0,-918,0.61,-0.078,-0.045,0.00,0,,2192,0,273,729,0.02,31.4,1.00,-0.084
106.40,DOWNWIND,113.80,114.64,31.45,-0.01,-4.4,-0.2,8.8,-729.0,-921,0.61,-0.078,-0.045,0.00,0,,2189,0,276,729,0.02,31.4,1.00,-0.084
106.50,DOWNWIND,113.80,114.63,31.45,-0.01,-4.4,-0.2,8.8,-729.0,-924,0.61,-0.078,-0.045,0.00,0,,2186,0,279,729,0.02,31.4,1.00,-0.084
106.60,DOWNWIND,113.80,114.62,31.45,-0.01,-4.4,-0.2,8.8,-729.0,-928,0.61,-0.078,-0.045,0.00,0,,2183,0,283,729,0.02,31.4,1.00,-0.084
106.70,DOWNWIND,113.80,114.62,31.45,-0.01,-4.4,-0.2,8.8,-729.0,-931,0.61,-0.078,-0.045,0.00,0,,2180,0,286,729,0.02,31.4,1.00,-0.084
106.80,DOWNWIND,113.79,114.61,31.45,-0.00,-4.4,-0.2,8.8,-729.0,-934,0.61,-0.078,-0.045,0.00,0,,2177,0,289,729,0.02,31.4,1.00,-0.084
106.90,DOWNWIND,113.79,114.60,31.44,-0.00,-4.4,-0.2,8.8,-729.0,-937,0.61,-0.078,-0.045,0.00,0,,2174,0,292,729,0.02,31.4,1.00,-0.084
107.00,DOWNWIND,113.79,114.60,31.44,-0.00,-4.4,-0.2,8.8,-729.0,-940,0.61,-0.078,-0.045,0.00,0,,2170,0,295,729,0.02,31.4,1.00,-0.084
107.10,DOWNWIND,113.79,114.59,31.44,-0.00,-4.4,-0.2,8.8,-729.0,-943,0.61,-0.078,-0.045,0.00,0,,2167,0,298,729,0.02,31.4,1.00,-0.084
107.20,DOWNWIND,113.79,114.59,31.44,-0.00,-4.4,-0.2,8.8,-729.0,-946,0.61,-0.078,-0.045,0.00,0,,2164,0,301,729,0.02,31.4,1.00,-0.084
107.30,DOWNWIND,113.79,114.58,31.44,-0.00,-4.4,-0.2,8.8,-729.0,-949,0.61,-0.078,-0.045,0.00,0,,2161,0,304,729,0.02,31.4,1.00,-0.084
107.40,DOWNWIND,113.79,114.58,31.44,-0.00,-4.4,-0.2,8.8,-729.0,-952,0.61,-0.078,-0.045,0.00,0,,2158,0,307,729,0.02,31.4,1.00,-0.084
107.50,DOWNWIND,113.79,114.58,31.44,-0.00,-4.4,-0.2,8.8,-729.0,-956,0.61,-0.078,-0.045,0.00,0,,2155,0,311,729,0.02,31.4,1.00,-0.084
107.60,DOWNWIND,113.79,114.58,31.44,-0.00,-4.4,-0.2,8.8,-729.0,-959,0.61,-0.078,-0.045,0.00,0,,2152,0,314,729,0.02,31.4,1.00,-0.084
107.70,DOWNWIND,113.79,114.58,31.44,-0.00,-4.4,-0.2,8.8,-729.0,-962,0.61,-0.078,-0.045,0.00,0,,2149,0,317,729,0.02,31.4,1.00,-0.083
107.80,DOWNWIND,113.79,114.58,31.44,-0.00,-4.4,-0.2,8.8,-729.0,-965,0.61,-0.078,-0.045,0.00,0,,2146,0,320,729,0.02,31.4,1.00,-0.083
107.90,DOWNWIND,113.79,114.58,31.44,-0.00,-4.4,-0.2,8.8,-729.0,-968,0.61,-0.078,-0.045,0.00,0,,2142,0,323,729,0.02,31.4,1.00,-0.083
108.00,DOWNWIND,113.79,114.58,31.44,-0.00,-4.4,-0.2,8.8,-729.0,-971,0.61,-0.078,-0.045,0.00,0,,2139,0,326,729,0.02,31.4,1.00,-0.083
108.10,DOWNWIND,113.79,114.58,31.44,-0.00,-4.4,-0.2,8.8,-729.0,-974,0.61,-0.078,-0.045,0.00,0,,2136,0,329,729,0.02,31.4,1.00,-0.083
108.20,DOWNWIND,113.79,114.59,31.44,-0.00,-4.4,-0.2,8.8,-729.0,-977,0.61,-0.078,-0.045,0.00,0,,2133,0,332,729,0.02,31.4,1.00,-0.083
108.30,DOWNWIND,113.79,114.59,31.44,-0.00,-4.4,-0.2,8.8,-729.0,-980,0.61,-0.078,-0.045,0.00,0,,2130,0,335,729,0.02,31.4,1.00,-0.083
108.40,DOWNWIND,113.79,114.59,31.44,-0.00,-4.4,-0.2,8.8,-729.0,-984,0.61,-0.078,-0.045,0.00,0,,2127,0,339,729,0.02,31.4,1.00,-0.083
108.50,DOWNWIND,113.79,114.59,31.44,-0.00,-4.4,-0.2,8.8,-729.0,-987,0.61,-0.078,-0.045,0.00,0,,2124,0,342,729,0.02,31.4,1.00,-0.083
108.60,DOWNWIND,113.79,114.59,31.44,-0.00,-4.4,-0.2,8.8,-729.0,-990,0.61,-0.078,-0.045,0.00,0,,2121,0,345,729,0.02,31.4,1.00,-0.083
108.70,DOWNWIND,113.79,114.59,31.44,-0.00,-4.4,-0.2,8.8,-729.0,-993,0.61,-0.078,-0.045,0.00,0,,2118,0,348,729,0.02,31.4,1.00,-0.083
108.80,DOWNWIND,113.79,114.59,31.44,-0.00,-4.4,-0.2,8.8,-729.0,-996,0.61,-0.078,-0.045,0.00,0,,2114,0,351,729,0.02,31.4,1.00,-0.083
108.90,DOWNWIND,113.79,114.60,31.44,-0.00,-4.4,-0.2,8.8,-729.0,-999,0.61,-0.078,-0.045,0.00,0,,2111,0,354,729,0.02,31.4,1.00,-0.083
109.00,DOWNWIND,113.79,114.60,31.44,-0.00,-4.4,-0.2,8.8,-729.0,-1002,0.61,-0.078,-0.045,0.00,0,,2108,0,357,729,0.02,31.4,1.00,-0.083
109.10,DOWNWIND,113.79,114.60,31.44,-0.00,-4.4,-0.2,8.8,-729.0,-1005,0.61,-0.078,-0.045,0.00,0,,2105,0,360,729,0.02,31.4,1.00,-0.083
109.20,DOWNWIND,113.79,114.60,31.44,-0.00,-4.4,-0.2,8.8,-729.0,-1008,0.61,-0.078,-0.045,0.00,0,,2102,0,363,729,0.02,31.4,1.00,-0.083
109.30,DOWNWIND,113.79,114.60,31.44,-0.00,-4.4,-0.2,8.8,-729.0,-1012,0.61,-0.078,-0.045,0.00,0,,2099,0,367,729,0.02,31.4,1.00,-0.083
109.40,DOWNWIND,113.79,114.60,31.44,-0.00,-4.4,-0.2,8.8,-729.0,-1015,0.61,-0.078,-0.045,0.00,0,,2096,0,370,729,0.02,31.4,1.00,-0.083
109.50,DOWNWIND,113.79,114.61,31.44,-0.00,-4.4,-0.2,8.8,-729.0,-1018,0.61,-0.078,-0.045,0.00,0,,2093,0,373,729,0.02,31.4,1.00,-0.083
109.60,DOWNWIND,113.78,114.61,31.44,-0.00,-4.4,-0.2,8.8,-729.0,-1021,0.61,-0.078,-0.045,0.00,0,,2090,0,376,729,0.02,31.4,1.00,-0.083
109.70,DOWNWIND,113.78,114.61,31.44,-0.00,-4.4,-0.2,8.8,-729.0,-1024,0.61,-0.078,-0.045,0.00,0,,2086,0,379,729,0.02,31.4,1.00,-0.083
109.80,DOWNWIND,113.78,114.61,31.44,-0.00,-4.4,-0.2,8.8,-729.0,-1027,0.61,-0.078,-0.045,0.00,0,,2083,0,382,729,0.02,31.4,1.00,-0.083
109.90,DOWNWIND,113.78,114.61,31.44,-0.00,-4.4,-0.2,8.8,-729.0,-1030,0.61,-0.078,-0.045,0.00,0,,2080,0,385,729,0.02,31.4,1.00,-0.083
110.00,DOWNWIND,113.78,114.81,31.44,-0.00,-4.4,-0.2,8.8,-729.0,-1033,0.61,-0.078,-0.045,0.00,0,,2077,0,388,729,0.02,31.4,1.00,-0.083
110.10,DOWNWIND,113.78,115.61,31.44,-0.00,-4.4,-0.2,8.8,-729.0,-1036,0.61,-0.078,-0.045,0.00,0,,2074,0,391,729,0.02,31.4,1.00,-0.083
110.20,DOWNWIND,113.78,114.68,31.45,-0.00,-4.4,-0.2,8.8,-729.0,-1040,0.61,-0.078,-0.045,0.00,0,,2071,0,395,729,0.02,31.4,1.00,-0.083
110.30,DOWNWIND,113.78,114.68,31.45,-0.00,-4.4,-0.2,8.8,-729.0,-1043,0.61,-0.078,-0.045,0.00,0,,2068,0,398,729,0.02,31.4,1.00,-0.082
110.40,DOWNWIND,113.78,114.68,31.44,-0.00,-4.4,-0.2,8.8,-729.0,-1046,0.61,-0.078,-0.045,0.00,0,,2065,0,401,729,0.02,31.4,1.00,-0.083
110.50,DOWNWIND,113.78,116.08,31.44,-0.00,-4.4,-0.2,8.8,-729.0,-1049,0.61,-0.078,-0.045,0.00,0,,2062,0,404,729,0.02,31.4,1.00,-0.083
110.60,DOWNWIND,113.78,115.14,31.44,-0.00,-4.4,-0.2,8.8,-729.0,-1052,0.62,-0.078,-0.045,0.00,0,,2058,0,407,729,0.02,31.4,1.00,-0.083
110.70,DOWNWIND,113.78,114.63,31.44,-0.00,-4.4,-0.2,8.8,-729.0,-1055,0.62,-0.078,-0.045,0.00,0,,2055,0,410,729,0.02,31.4,1.00,-0.083
110.80,DOWNWIND,113.78,114.63,31.44,-0.00,-4.4,-0.2,8.8,-729.0,-1058,0.62,-0.078,-0.045,0.00,0,,2052,0,413,729,0.02,31.4,1.00,-0.083
110.90,DOWNWIND,113.78,114.63,31.44,-0.00,-4.4,-0.2,8.8,-729.0,-1061,0.62,-0.078,-0.045,0.00,0,,2049,0,416,729,0.02,31.4,1.00,-0.083
111.00,DOWNWIND,113.78,114.63,31.44,-0.00,-4.4,-0.2,8.8,-729.0,-1064,0.62,-0.078,-0.045,0.00,0,,2046,0,419,729,0.02,31.4,1.00,-0.083
111.10,DOWNWIND,113.78,114.62,31.44,-0.00,-4.4,-0.2,8.8,-729.0,-1068,0.62,-0.078,-0.045,0.00,0,,2043,0,423,729,0.02,31.4,1.00,-0.082
111.20,DOWNWIND,113.78,114.62,31.44,-0.00,-4.4,-0.2,8.8,-729.0,-1071,0.62,-0.078,-0.045,0.00,0,,2040,0,426,729,0.02,31.4,1.00,-0.082
111.30,DOWNWIND,113.78,114.62,31.44,-0.00,-4.4,-0.2,8.8,-729.0,-1074,0.62,-0.078,-0.045,0.00,0,,2037,0,429,729,0.02,31.4,1.00,-0.082
111.40,DOWNWIND,113.78,114.62,31.44,-0.00,-4.4,-0.2,8.8,-729.0,-1077,0.62,-0.078,-0.045,0.00,0,,2034,0,432,729,0.02,31.4,1.00,-0.082
111.50,DOWNWIND,113.78,114.61,31.44,-0.00,-4.4,-0.2,8.8,-729.0,-1080,0.62,-0.078,-0.045,0.00,0,,2030,0,435,729,0.02,31.4,1.00,-0.082
111.60,DOWNWIND,113.78,114.61,31.44,-0.00,-4.4,-0.2,8.8,-729.0,-1083,0.62,-0.078,-0.045,0.00,0,,2027,0,438,729,0.02,31.4,1.00,-0.082
111.70,DOWNWIND,113.78,114.60,31.44,-0.00,-4.4,-0.2,8.8,-729.0,-1086,0.62,-0.078,-0.045,0.00,0,,2024,0,441,729,0.02,31.4,1.00,-0.082
111.80,DOWNWIND,113.78,114.60,31.44,-0.00,-4.4,-0.2,8.8,-729.0,-1089,0.62,-0.078,-0.045,0.00,0,,2021,0,444,729,0.02,31.4,1.00,-0.082
111.90,DOWNWIND,113.78,114.59,31.44,-0.00,-4.4,-0.2,8.8,-729.0,-1092,0.62,-0.078,-0.045,0.00,0,,2018,0,447,729,0.02,31.4,1.00,-0.082
112.00,DOWNWIND,113.78,114.58,31.44,-0.00,-4.4,-0.2,8.8,-729.0,-1096,0.62,-0.078,-0.045,0.00,0,,2015,0,451,729,0.02,31.4,1.00,-0.082
112.10,DOWNWIND,113.78,114.57,31.44,-0.00,-4.4,-0.2,8.8,-729.0,-1099,0.62,-0.078,-0.045,0.00,0,,2012,0,454,729,0.02,31.4,1.00,-0.082
112.20,DOWNWIND,113.78,114.57,31.44,-0.00,-4.4,-0.2,8.8,-729.0,-1102,0.62,-0.078,-0.045,0.00,0,,2009,0,457,729,0.02,31.4,1.00,-0.082
112.30,DOWNWIND,113.78,114.56,31.44,-0.00,-4.4,-0.2,8.8,-729.0,-1105,0.62,-0.078,-0.045,0.00,0,,2006,0,460,729,0.02,31.4,1.00,-0.082
112.40,DOWNWIND,113.78,114.55,31.44,-0.00,-4.4,-0.2,8.8,-729.0,-1108,0.62,-0.078,-0.045,0.00,0,,2002,0,463,729,0.02,31.4,1.00,-0.082
112.50,DOWNWIND,113.78,114.54,31.44,-0.00,-4.4,-0.2,8.8,-729.0,-1111,0.62,-0.078,-0.045,0.00,0,,1999,0,466,729,0.02,31.4,1.00,-0.082
112.60,DOWNWIND,113.78,114.53,31.44,-0.00,-4.4,-0.2,8.8,-729.0,-1114,0.62,-0.078,-0.045,0.00,0,,1996,0,469,729,0.02,31.4,1.00,-0.082
112.70,DOWNWIND,113.78,114.52,31.44,-0.00,-4.4,-0.2,8.8,-729.0,-1117,0.62,-0.078,-0.045,0.00,0,,1993,0,472,729,0.02,31.4,1.00,-0.082
112.80,DOWNWIND,113.78,114.51,31.44,-0.00,-4.4,-0.2,8.8,-729.0,-1120,0.62,-0.078,-0.045,0.00,0,,1990,0,475,729,0.02,31.4,1.00,-0.082
112.90,DOWNWIND,113.78,114.50,31.44,0.00,-4.4,-0.2,8.8,-729.0,-1124,0.62,-0.078,-0.045,0.00,0,,1987,0,479,729,0.02,31.4,1.00,-0.082
113.00,DOWNWIND,113.78,114.49,31.44,0.00,-4.4,-0.2,8.8,-729.0,-1127,0.62,-0.078,-0.045,0.00,0,,1984,0,482,729,0.02,31.4,1.00,-0.082
113.10,DOWNWIND,113.78,114.48,31.44,0.00,-4.4,-0.2,8.8,-729.0,-1130,0.62,-0.078,-0.045,0.00,0,,1981,0,485,729,0.02,31.4,1.00,-0.082
113.20,DOWNWIND,113.78,114.47,31.44,0.00,-4.4,-0.2,8.8,-729.0,-1133,0.62,-0.078,-0.045,0.00,0,,1978,0,488,729,0.02,31.4,1.00,-0.082
113.30,DOWNWIND,113.78,114.45,31.44,0.00,-4.4,-0.2,8.8,-729.0,-1136,0.62,-0.078,-0.045,0.00,0,,1974,0,491,729,0.02,31.4,1.00,-0.082
113.40,DOWNWIND,113.78,114.44,31.44,0.00,-4.4,-0.2,8.8,-729.0,-1139,0.62,-0.078,-0.045,0.00,0,,1971,0,494,729,0.02,31.4,1.00,-0.082
113.50,DOWNWIND,113.78,114.43,31.44,0.00,-4.4,-0.2,8.8,-729.0,-1142,0.62,-0.078,-0.045,0.00,0,,1968,0,497,729,0.02,31.4,1.00,-0.082
113.60,DOWNWIND,113.78,114.42,31.44,0.00,-4.4,-0.2,8.8,-729.0,-1145,0.62,-0.078,-0.045,0.00,0,,1965,0,500,729,0.02,31.4,1.00,-0.082
113.70,DOWNWIND,113.78,114.40,31.44,0.00,-4.4,-0.2,8.8,-729.0,-1148,0.62,-0.078,-0.045,0.00,0,,1962,0,503,729,0.02,31.4,1.00,-0.082
113.80,DOWNWIND,113.78,114.39,31.44,0.00,-4.4,-0.2,8.8,-729.0,-1152,0.62,-0.078,-0.045,0.00,0,,1959,0,507,729,0.02,31.4,1.00,-0.082
113.90,DOWNWIND,113.78,114.38,31.44,0.00,-4.4,-0.2,8.8,-729.0,-1155,0.62,-0.078,-0.045,0.00,0,,1956,0,510,729,0.02,31.4,1.00,-0.082
114.00,DOWNWIND,113.78,114.36,31.44,0.00,-4.4,-0.2,8.8,-729.0,-1158,0.62,-0.078,-0.045,0.00,0,,1953,0,513,729,0.02,31.4,1.00,-0.082
114.10,DOWNWIND,113.78,114.35,31.44,0.00,-4.4,-0.2,8.8,-729.0,-1161,0.62,-0.078,-0.045,0.00,0,,1950,0,516,729,0.02,31.4,1.00,-0.082
114.20,DOWNWIND,113.78,114.33,31.44,0.00,-4.4,-0.2,8.8,-729.0,-1164,0.62,-0.078,-0.045,0.00,0,,1946,0,519,729,0.02,31.4,1.00,-0.082
114.30,DOWNWIND,113.78,114.31,31.44,0.00,-4.4,-0.2,8.8,-729.0,-1167,0.62,-0.078,-0.045,0.00,0,,1943,0,522,729,0.02,31.4,1.00,-0.082
114.40,DOWNWIND,113.78,114.30,31.44,0.00,-4.4,-0.2,8.8,-729.0,-1170,0.62,-0.078,-0.045,0.00,0,,1940,0,525,729,0.02,31.4,1.00,-0.082
114.50,DOWNWIND,113.78,114.28,31.44,0.00,-4.4,-0.2,8.8,-729.0,-1173,0.62,-0.078,-0.045,0.00,0,,1937,0,528,729,0.02,31.4,1.00,-0.082
114.60,DOWNWIND,113.78,114.26,31.44,0.00,-4.4,-0.2,8.8,-729.0,-1176,0.62,-0.078,-0.045,0.00,0,,1934,0,531,729,0.02,31.4,1.00,-0.082
114.70,DOWNWIND,113.78,114.25,31.44,0.00,-4.4,-0.2,8.8,-729.0,-1180,0.62,-0.078,-0.045,0.00,0,,1931,0,535,729,0.02,31.4,1.00,-0.081
114.80,DOWNWIND,113.78,114.23,31.44,0.00,-4.4,-0.2,8.8,-729.0,-1183,0.62,-0.078,-0.045,0.00,0,,1928,0,538,729,0.02,31.4,1.00,-0.081
114.90,DOWNWIND,113.78,114.21,31.44,0.00,-4.4,-0.2,8.8,-729.0,-1186,0.62,-0.078,-0.045,0.00,0,,1925,0,541,729,0.02,31.4,1.00,-0.081
115.00,DOWNWIND,113.78,114.19,31.44,0.00,-4.4,-0.2,8.8,-729.0,-1189,0.62,-0.078,-0.045,0.00,0,,1922,0,544,729,0.02,31.4,1.00,-0.081
115.10,DOWNWIND,113.78,114.18,31.44,0.00,-4.4,-0.2,8.8,-729.0,-1192,0.62,-0.078,-0.045,0.00,0,,1918,0,547,729,0.02,31.4,1.00,-0.081
115.20,DOWNWIND,113.78,114.16,31.44,0.00,-4.4,-0.2,8.8,-729.0,-1195,0.62,-0.078,-0.045,0.00,0,,1915,0,550,729,0.02,31.4,1.00,-0.081
115.30,DOWNWIND,113.78,114.14,31.44,0.00,-4.4,-0.2,8.8,-729.0,-1198,0.62,-0.078,-0.045,0.00,0,,1912,0,553,729,0.02,31.4,1.00,-0.081
115.40,DOWNWIND,113.78,114.12,31.44,0.00,-4.4,-0.2,8.8,-729.0,-1201,0.62,-0.078,-0.045,0.00,0,,1909,0,556,729,0.02,31.4,1.00,-0.081
115.50,DOWNWIND,113.78,114.10,31.44,0.00,-4.4,-0.2,8.8,-729.0,-1204,0.62,-0.078,-0.045,0.00,0,,1906,0,559,729,0.02,31.4,1.00,-0.081
115.60,DOWNWIND,113.78,114.08,31.44,0.00,-4.4,-0.2,8.8,-729.0,-1208,0.62,-0.078,-0.045,0.00,0,,1903,0,563,729,0.02,31.4,1.00,-0.081
115.70,DOWNWIND,113.78,114.07,31.44,0.00,-4.4,-0.2,8.8,-729.0,-1211,0.62,-0.078,-0.045,0.00,0,,1900,0,566,729,0.02,31.4,1.00,-0.081
115.80,DOWNWIND,113.78,114.05,31.44,0.00,-4.4,-0.2,8.8,-729.0,-1214,0.62,-0.078,-0.045,0.00,0,,1897,0,569,729,0.02,31.4,1.00,-0.081
115.90,DOWNWIND,113.78,114.03,31.44,0.00,-4.4,-0.2,8.8,-729.0,-1217,0.62,-0.078,-0.045,0.00,0,,1894,0,572,729,0.02,31.4,1.00,-0.081
116.00,DOWNWIND,113.79,114.01,31.44,0.00,-4.4,-0.2,8.8,-729.0,-1220,0.62,-0.078,-0.045,0.00,0,,1890,0,575,729,0.02,31.4,1.00,-0.081
116.10,DOWNWIND,113.79,113.99,31.44,0.00,-4.4,-0.2,8.8,-729.0,-1223,0.62,-0.078,-0.045,0.00,0,,1887,0,578,729,0.02,31.4,1.00,-0.081
116.20,DOWNWIND,113.79,113.97,31.44,0.00,-4.4,-0.2,8.8,-729.0,-1226,0.62,-0.078,-0.045,0.00,0,,1884,0,581,729,0.02,31.4,1.00,-0.081
116.30,DOWNWIND,113.79,113.95,31.44,0.00,-4.4,-0.2,8.8,-729.0,-1229,0.62,-0.078,-0.045,0.00,0,,1881,0,584,729,0.02,31.4,1.00,-0.081
116.40,DOWNWIND,113.79,113.92,31.44,0.00,-4.4,-0.2,8.8,-729.0,-1232,0.62,-0.078,-0.045,0.00,0,,1878,0,587,729,0.02,31.4,1.00,-0.081
116.50,DOWNWIND,113.79,113.90,31.44,0.00,-4.4,-0.2,8.8,-729.0,-1236,0.62,-0.078,-0.045,0.00,0,,1875,0,591,729,0.02,31.4,1.00,-0.081
116.60,DOWNWIND,113.79,113.87,31.44,0.00,-4.4,-0.2,8.8,-729.0,-1239,0.62,-0.078,-0.045,0.00,0,,1872,0,594,729,0.02,31.4,1.00,-0.081
116.70,DOWNWIND,113.79,113.84,31.44,0.00,-4.4,-0.2,8.8,-729.0,-1242,0.62,-0.078,-0.045,0.00,0,,1869,0,597,729,0.02,31.4,1.00,-0.081
116.80,DOWNWIND,113.79,113.82,31.44,0.00,-4.4,-0.2,8.8,-729.0,-1245,0.62,-0.078,-0.045,0.00,0,,1866,0,600,729,0.02,31.4,1.00,-0.081
116.90,DOWNWIND,113.79,113.78,31.44,0.00,-4.4,-0.2,8.8,-729.0,-1248,0.62,-0.078,-0.045,0.00,0,,1862,0,603,729,0.02,31.4,1.00,-0.081
117.00,DOWNWIND,113.79,113.75,31.44,0.00,-4.4,-0.2,8.8,-729.0,-1251,0.62,-0.078,-0.045,0.00,0,,1859,0,606,729,0.02,31.4,1.00,-0.081
117.10,DOWNWIND,113.79,113.72,31.44,0.00,-4.4,-0.2,8.8,-729.0,-1254,0.62,-0.078,-0.045,0.00,0,,1856,0,609,729,0.02,31.4,1.00,-0.081
117.20,DOWNWIND,113.79,113.68,31.44,0.00,-4.4,-0.2,8.8,-729.0,-1257,0.62,-0.078,-0.045,0.00,0,,1853,0,612,729,0.02,31.4,1.00,-0.081
117.30,DOWNWIND,113.79,113.64,31.44,0.00,-4.4,-0.2,8.8,-729.0,-1260,0.62,-0.078,-0.045,0.00,0,,1850,0,615,729,0.02,31.4,1.00,-0.081
117.40,DOWNWIND,113.79,113.60,31.44,0.00,-4.4,-0.2,8.8,-729.0,-1264,0.62,-0.078,-0.045,0.00,0,,1847,0,619,729,0.02,31.4,1.00,-0.081
117.50,DOWNWIND,113.79,113.56,31.44,0.00,-4.4,-0.2,8.8,-729.0,-1267,0.62,-0.078,-0.045,0.00,0,,1844,0,622,729,0.02,31.4,1.00,-0.081
117.60,DOWNWIND,113.79,113.52,31.44,0.00,-4.4,-0.2,8.8,-729.0,-1270,0.62,-0.078,-0.045,0.00,0,,1841,0,625,729,0.02,31.4,1.00,-0.081
117.70,DOWNWIND,113.79,113.47,31.44,0.00,-4.4,-0.2,8.8,-729.0,-1273,0.62,-0.078,-0.045,0.00,0,,1838,0,628,729,0.02,31.4,1.00,-0.081
117.80,DOWNWIND,113.79,113.43,31.44,0.00,-4.4,-0.2,8.8,-729.0,-1276,0.62,-0.078,-0.045,0.00,0,,1834,0,631,729,0.02,31.4,1.00,-0.081
117.90,DOWNWIND,113.79,113.38,31.44,0.00,-4.4,-0.2,8.8,-729.0,-1279,0.62,-0.078,-0.045,0.00,0,,1831,0,634,729,0.02,31.4,1.00,-0.081
118.00,DOWNWIND,113.79,113.33,31.44,0.00,-4.4,-0.2,8.8,-729.0,-1282,0.62,-0.078,-0.045,0.00,0,,1828,0,637,729,0.02,31.4,1.00,-0.081
118.10,DOWNWIND,113.79,113.28,31.44,0.00,-4.4,-0.2,8.8,-729.0,-1285,0.62,-0.078,-0.045,0.00,0,,1825,0,640,729,0.02,31.4,1.00,-0.081
118.20,DOWNWIND,113.79,113.23,31.44,0.00,-4.4,-0.2,8.8,-729.0,-1288,0.62,-0.078,-0.045,0.00,0,,1822,0,643,729,0.02,31.4,1.00,-0.081
118.30,DOWNWIND,113.79,113.18,31.43,0.00,-4.4,-0.2,8.8,-729.0,-1292,0.62,-0.078,-0.045,0.00,0,,1819,0,647,729,0.02,31.4,1.00,-0.081
118.40,DOWNWIND,113.79,113.13,31.43,0.00,-4.4,-0.2,8.8,-729.0,-1295,0.62,-0.078,-0.045,0.00,0,,1816,0,650,729,0.02,31.4,1.00,-0.081
118.50,DOWNWIND,113.79,113.08,31.43,0.00,-4.4,-0.2,8.8,-729.0,-1298,0.62,-0.078,-0.045,0.00,0,,1813,0,653,729,0.02,31.4,1.00,-0.081
118.60,DOWNWIND,113.79,113.03,31.43,0.00,-4.4,-0.2,8.8,-729.0,-1301,0.62,-0.078,-0.045,0.00,0,,1810,0,656,729,0.02,31.4,1.00,-0.081
118.70,DOWNWIND,113.79,112.98,31.43,0.00,-4.4,-0.2,8.8,-729.0,-1304,0.62,-0.078,-0.045,0.00,0,,1806,0,659,729,0.02,31.4,1.00,-0.081
118.80,DOWNWIND,113.79,112.93,31.43,0.00,-4.4,-0.2,8.8,-729.0,-1307,0.62,-0.078,-0.045,0.00,0,,1803,0,662,729,0.02,31.4,1.00,-0.081
118.90,DOWNWIND,113.79,112.88,31.43,0.00,-4.4,-0.2,8.8,-729.0,-1310,0.62,-0.078,-0.045,0.00,0,,1800,0,665,729,0.02,31.4,1.00,-0.081
119.00,DOWNWIND,113.79,112.83,31.43,0.00,-4.4,-0.2,8.8,-729.0,-1313,0.62,-0.078,-0.045,0.00,0,,1797,0,668,729,0.02,31.4,1.00,-0.081
119.10,DOWNWIND,113.79,112.79,31.43,0.00,-4.4,-0.2,8.8,-729.0,-1316,0.62,-0.078,-0.045,0.00,0,,1794,0,671,729,0.02,31.4,1.00,-0.081
119.20,DOWNWIND,113.79,112.74,31.43,0.00,-4.4,-0.2,8.8,-729.0,-1320,0.62,-0.078,-0.045,0.00,0,,1791,0,675,729,0.02,31.4,1.00,-0.081
119.30,DOWNWIND,113.79,112.69,31.43,0.00,-4.4,-0.2,8.8,-729.0,-1323,0.62,-0.078,-0.045,0.00,0,,1788,0,678,729,0.02,31.4,1.00,-0.081
119.40,DOWNWIND,113.79,112.64,31.43,0.00,-4.4,-0.2,8.8,-729.0,-1326,0.62,-0.078,-0.045,0.00,0,,1785,0,681,729,0.02,31.4,1.00,-0.081
119.50,DOWNWIND,113.79,112.59,31.43,0.00,-4.4,-0.2,8.8,-729.0,-1329,0.62,-0.078,-0.045,0.00,0,,1782,0,684,729,0.02,31.4,1.00,-0.080
119.60,DOWNWIND,113.79,112.55,31.43,0.00,-4.4,-0.2,8.8,-729.0,-1332,0.62,-0.078,-0.045,0.00,0,,1778,0,687,729,0.02,31.4,1.00,-0.080
119.70,DOWNWIND,113.79,112.50,31.43,0.00,-4.4,-0.2,8.8,-729.0,-1335,0.62,-0.078,-0.045,0.00,0,,1775,0,690,729,0.02,31.4,1.00,-0.080
119.80,DOWNWIND,113.79,112.45,31.43,0.00,-4.4,-0.2,8.8,-729.0,-1338,0.62,-0.078,-0.045,0.00,0,,1772,0,693,729,0.02,31.4,1.00,-0.080
119.90,DOWNWIND,113.79,112.40,31.43,0.00,-4.4,-0.2,8.8,-729.0,-1341,0.62,-0.078,-0.045,0.00,0,,1769,0,696,729,0.02,31.4,1.00,-0.080
120.00,DOWNWIND,113.79,112.35,31.43,0.00,-4.4,-0.2,8.8,-729.0,-1344,0.62,-0.078,-0.045,0.00,0,,1766,0,699,729,0.02,31.4,1.00,-0.080
120.10,DOWNWIND,113.79,112.30,31.43,0.00,-4.4,-0.2,8.8,-729.0,-1348,0.62,-0.078,-0.045,0.00,0,,1763,0,703,729,0.02,31.4,1.00,-0.080
120.20,DOWNWIND,113.79,112.25,31.43,0.00,-4.4,-0.2,8.8,-729.0,-1351,0.62,-0.078,-0.045,0.00,0,,1760,0,706,729,0.02,31.4,1.00,-0.080
120.30,DOWNWIND,113.79,112.20,31.43,0.00,-4.4,-0.2,8.8,-729.0,-1354,0.62,-0.078,-0.045,0.00,0,,1757,0,709,729,0.02,31.4,1.00,-0.080
120.40,DOWNWIND,113.79,112.15,31.43,0.00,-4.4,-0.2,8.8,-729.0,-1357,0.62,-0.078,-0.045,0.00,0,,1754,0,712,729,0.02,31.4,1.00,-0.080
120.50,DOWNWIND,113.80,112.09,31.43,0.00,-4.4,-0.2,8.8,-729.0,-1360,0.62,-0.078,-0.045,0.00,0,,1750,0,715,729,0.02,31.4,1.00,-0.080
120.60,DOWNWIND,113.80,112.03,31.43,0.00,-4.4,-0.2,8.8,-729.0,-1363,0.62,-0.078,-0.045,0.00,0,,1747,0,718,729,0.02,31.4,1.00,-0.080
120.70,DOWNWIND,113.80,111.97,31.43,0.00,-4.4,-0.2,8.8,-729.0,-1366,0.62,-0.078,-0.045,0.00,0,,1744,0,721,729,0.02,31.4,1.00,-0.080
120.80,DOWNWIND,113.80,111.91,31.43,0.00,-4.4,-0.2,8.8,-729.0,-1369,0.62,-0.078,-0.045,0.00,0,,1741,0,724,729,0.02,31.4,1.00,-0.080
120.90,DOWNWIND,113.80,111.84,31.43,0.00,-4.4,-0.2,8.8,-729.0,-1372,0.62,-0.078,-0.045,0.00,0,,1738,0,727,729,0.02,31.4,1.00,-0.080
121.00,DOWNWIND,113.80,111.77,31.43,0.00,-4.4,-0.2,8.8,-729.0,-1376,0.62,-0.078,-0.045,0.00,0,,1735,0,731,729,0.02,31.4,1.00,-0.080
121.10,DOWNWIND,113.80,111.70,31.43,0.00,-4.4,-0.2,8.8,-729.0,-1379,0.62,-0.078,-0.045,0.00,0,,1732,0,734,729,0.02,31.4,1.00,-0.080
121.20,DOWNWIND,113.80,111.63,31.43,0.00,-4.4,-0.2,8.8,-729.0,-1382,0.62,-0.078,-0.045,0.00,0,,1729,0,737,729,0.02,31.4,1.00,-0.080
121.30,DOWNWIND,113.80,111.55,31.43,0.00,-4.4,-0.2,8.8,-729.0,-1385,0.62,-0.078,-0.045,0.00,0,,1726,0,740,729,0.02,31.4,1.00,-0.080
121.40,DOWNWIND,113.80,111.47,31.43,0.00,-4.4,-0.2,8.8,-729.0,-1388,0.62,-0.078,-0.045,0.00,0,,1722,0,743,729,0.02,31.4,1.00,-0.080
121.50,DOWNWIND,113.80,111.39,31.43,0.00,-4.4,-0.2,8.8,-729.0,-1391,0.62,-0.078,-0.045,0.00,0,,1719,0,746,729,0.02,31.4,1.00,-0.080
121.60,DOWNWIND,113.80,111.31,31.43,0.00,-4.4,-0.2,8.8,-729.0,-1394,0.62,-0.078,-0.045,0.00,0,,1716,0,749,729,0.02,31.4,1.00,-0.080
121.70,DOWNWIND,113.80,111.23,31.43,0.00,-4.4,-0.2,8.8,-729.0,-1397,0.62,-0.078,-0.045,0.00,0,,1713,0,752,729,0.02,31.4,1.00,-0.080
121.80,DOWNWIND,113.80,111.14,31.43,0.00,-4.4,-0.2,8.8,-729.0,-1400,0.62,-0.078,-0.045,0.00,0,,1710,0,755,729,0.02,31.4,1.00,-0.080
121.90,DOWNWIND,113.80,111.06,31.43,0.00,-4.4,-0.2,8.8,-729.0,-1404,0.62,-0.078,-0.045,0.00,0,,1707,0,759,729,0.02,31.4,1.00,-0.080
122.00,DOWNWIND,113.80,110.97,31.43,0.00,-4.4,-0.2,8.8,-729.0,-1407,0.62,-0.078,-0.045,0.00,0,,1704,0,762,729,0.02,31.4,1.00,-0.080
122.10,DOWNWIND,113.80,110.89,31.43,0.00,-4.4,-0.2,8.8,-729.0,-1410,0.62,-0.078,-0.045,0.00,0,,1701,0,765,729,0.02,31.4,1.00,-0.080
122.20,DOWNWIND,113.80,110.80,31.43,0.00,-4.4,-0.2,8.8,-729.0,-1413,0.62,-0.078,-0.045,0.00,0,,1698,0,768,729,0.02,31.4,1.00,-0.080
122.30,DOWNWIND,113.80,110.71,31.43,0.00,-4.4,-0.2,8.8,-729.0,-1416,0.62,-0.078,-0.045,0.00,0,,1694,0,771,729,0.02,31.4,1.00,-0.080
122.40,DOWNWIND,113.80,110.62,31.43,0.00,-4.4,-0.2,8.8,-729.0,-1419,0.62,-0.078,-0.045,0.00,0,,1691,0,774,729,0.02,31.4,1.00,-0.080
122.50,DOWNWIND,113.80,110.53,31.43,0.00,-4.4,-0.2,8.8,-729.0,-1422,0.62,-0.078,-0.045,0.00,0,,1688,0,777,729,0.02,31.4,1.00,-0.080
122.60,DOWNWIND,113.80,110.45,31.43,0.00,-4.4,-0.2,8.8,-729.0,-1425,0.62,-0.078,-0.045,0.00,0,,1685,0,780,729,0.02,31.4,1.00,-0.080
122.70,DOWNWIND,113.80,110.36,31.43,0.00,-4.4,-0.2,8.8,-729.0,-1428,0.62,-0.078,-0.045,0.00,0,,1682,0,783,729,0.02,31.4,1.00,-0.080
122.80,DOWNWIND,113.80,110.27,31.43,0.00,-4.4,-0.2,8.8,-729.0,-1432,0.62,-0.078,-0.045,0.00,0,,1679,0,787,729,0.02,31.4,1.00,-0.080
122.90,DOWNWIND,113.80,110.19,31.43,0.00,-4.4,-0.2,8.8,-729.0,-1435,0.62,-0.078,-0.045,0.00,0,,1676,0,790,729,0.02,31.4,1.00,-0.080
123.00,DOWNWIND,113.80,110.10,31.43,0.00,-4.4,-0.2,8.8,-729.0,-1438,0.62,-0.078,-0.045,0.00,0,,1673,0,793,729,0.02,31.4,1.00,-0.080
123.10,DOWNWIND,113.80,110.02,31.43,0.00,-4.4,-0.2,8.8,-729.0,-1441,0.62,-0.078,-0.045,0.00,0,,1670,0,796,729,0.02,31.4,1.00,-0.080
123.20,DOWNWIND,113.80,109.95,31.43,0.00,-4.4,-0.2,8.8,-729.0,-1444,0.62,-0.078,-0.045,0.00,0,,1666,0,799,729,0.02,31.4,1.00,-0.080
123.30,DOWNWIND,113.80,109.88,31.43,0.00,-4.4,-0.2,8.8,-729.0,-1447,0.62,-0.078,-0.045,0.00,0,,1663,0,802,729,0.02,31.4,1.00,-0.080
123.40,DOWNWIND,113.80,109.81,31.43,0.00,-4.4,-0.2,8.8,-729.0,-1450,0.62,-0.078,-0.045,0.00,0,,1660,0,805,729,0.02,31.4,1.00,-0.080
123.50,DOWNWIND,113.80,109.74,31.43,0.00,-4.4,-0.2,8.7,-729.0,-1453,0.62,-0.078,-0.045,0.00,0,,1657,0,808,729,0.02,31.4,1.00,-0.080
123.60,DOWNWIND,113.80,109.68,31.43,0.00,-4.4,-0.2,8.7,-729.0,-1456,0.62,-0.078,-0.045,0.00,0,,1654,0,811,729,0.02,31.4,1.00,-0.080
123.70,DOWNWIND,113.80,109.61,31.43,0.00,-4.4,-0.2,8.7,-729.0,-1460,0.62,-0.078,-0.045,0.00,0,,1651,0,815,729,0.02,31.4,1.00,-0.080
123.80,DOWNWIND,113.80,109.55,31.43,0.00,-4.4,-0.2,8.7,-729.0,-1463,0.62,-0.078,-0.045,0.00,0,,1648,0,818,729,0.02,31.4,1.00,-0.080
123.90,DOWNWIND,113.80,109.49,31.43,0.00,-4.4,-0.2,8.7,-729.0,-1466,0.62,-0.078,-0.045,0.00,0,,1645,0,821,729,0.02,31.4,1.00,-0.080
124.00,DOWNWIND,113.81,109.43,31.43,0.00,-4.4,-0.2,8.7,-729.0,-1469,0.62,-0.078,-0.045,0.00,0,,1642,0,824,729,0.02,31.4,1.00,-0.080
124.10,DOWNWIND,113.81,109.37,31.43,0.00,-4.4,-0.2,8.7,-729.0,-1472,0.62,-0.078,-0.045,0.00,0,,1638,0,827,729,0.02,31.4,1.00,-0.080
124.20,DOWNWIND,113.81,109.31,31.43,0.00,-4.4,-0.2,8.7,-729.0,-1475,0.62,-0.078,-0.045,0.00,0,,1635,0,830,729,0.02,31.4,1.00,-0.080
124.30,DOWNWIND,113.81,109.25,31.43,0.00,-4.4,-0.2,8.7,-729.0,-1478,0.62,-0.078,-0.045,0.00,0,,1632,0,833,729,0.02,31.4,1.00,-0.080
124.40,DOWNWIND,113.81,109.19,31.43,0.00,-4.4,-0.2,8.7,-729.0,-1481,0.62,-0.078,-0.045,0.00,0,,1629,0,836,729,0.02,31.4,1.00,-0.080
124.50,DOWNWIND,113.81,109.13,31.43,0.00,-4.4,-0.2,8.7,-729.0,-1484,0.62,-0.078,-0.045,0.00,0,,1626,0,839,729,0.02,31.4,1.00,-0.080
124.60,DOWNWIND,113.81,109.06,31.43,0.00,-4.4,-0.2,8.7,-729.0,-1488,0.62,-0.078,-0.045,0.00,0,,1623,0,843,729,0.02,31.4,1.00,-0.080
124.70,DOWNWIND,113.81,109.00,31.43,0.00,-4.4,-0.2,8.7,-729.0,-1491,0.62,-0.078,-0.045,0.00,0,,1620,0,846,729,0.02,31.4,1.00,-0.080
124.80,DOWNWIND,113.81,108.93,31.43,0.00,-4.4,-0.2,8.7,-729.0,-1494,0.62,-0.078,-0.045,0.00,0,,1617,0,849,729,0.02,31.4,1.00,-0.080
124.90,DOWNWIND,113.81,108.85,31.43,0.00,-4.4,-0.2,8.7,-729.0,-1497,0.62,-0.078,-0.045,0.00,0,,1614,0,852,729,0.02,31.4,1.00,-0.080
125.00,DOWNWIND,113.81,108.77,31.43,0.00,-4.4,-0.2,8.7,-729.0,-1500,0.62,-0.078,-0.045,0.00,0,,1611,0,855,729,0.02,31.4,1.00,-0.080
125.10,DOWNWIND,113.81,108.69,31.43,0.00,-4.4,-0.2,8.7,-729.0,-1503,0.62,-0.078,-0.045,0.00,0,,1607,0,858,729,0.02,31.4,1.00,-0.080
125.20,DOWNWIND,113.81,108.60,31.43,0.00,-4.4,-0.2,8.7,-729.0,-1506,0.62,-0.078,-0.045,0.00,0,,1604,0,861,729,0.02,31.4,1.00,-0.080
125.30,DOWNWIND,113.81,108.51,31.43,0.00,-4.4,-0.2,8.7,-729.0,-1509,0.62,-0.078,-0.045,0.00,0,,1601,0,864,729,0.02,31.4,1.00,-0.080
125.40,DOWNWIND,113.81,108.42,31.43,0.00,-4.4,-0.2,8.7,-729.0,-1512,0.62,-0.078,-0.045,0.00,0,,1598,0,867,729,0.02,31.4,1.00,-0.080
125.50,DOWNWIND,113.81,108.33,31.43,0.00,-4.4,-0.2,8.7,-729.0,-1516,0.62,-0.078,-0.045,0.00,0,,1595,0,871,729,0.02,31.4,1.00,-0.080
125.60,DOWNWIND,113.81,108.24,31.43,0.00,-4.4,-0.2,8.7,-729.0,-1519,0.62,-0.078,-0.045,0.00,0,,1592,0,874,729,0.02,31.4,1.00,-0.080
125.70,DOWNWIND,113.81,108.16,31.43,0.00,-4.4,-0.2,8.7,-729.0,-1522,0.62,-0.078,-0.045,0.00,0,,1589,0,877,729,0.02,31.4,1.00,-0.080
125.80,DOWNWIND,113.81,108.07,31.43,0.00,-4.4,-0.2,8.7,-729.0,-1525,0.62,-0.078,-0.045,0.00,0,,1586,0,880,729,0.02,31.4,1.00,-0.080
125.90,DOWNWIND,113.81,107.99,31.43,0.00,-4.4,-0.2,8.7,-729.0,-1528,0.62,-0.078,-0.045,0.00,0,,1583,0,883,729,0.02,31.4,1.00,-0.080
126.00,DOWNWIND,113.81,107.91,31.43,0.00,-4.4,-0.2,8.7,-729.0,-1531,0.62,-0.078,-0.045,0.00,0,,1579,0,886,729,0.02,31.4,1.00,-0.079
126.10,DOWNWIND,113.81,107.83,31.43,0.00,-4.4,-0.2,8.7,-729.0,-1534,0.62,-0.078,-0.045,0.00,0,,1576,0,889,729,0.02,31.4,1.00,-0.079
126.20,DOWNWIND,113.81,107.75,31.43,0.00,-4.4,-0.2,8.7,-729.0,-1537,0.62,-0.078,-0.045,0.00,0,,1573,0,892,729,0.02,31.4,1.00,-0.079
126.30,DOWNWIND,113.81,107.68,31.43,0.00,-4.4,-0.2,8.7,-729.0,-1540,0.62,-0.078,-0.045,0.00,0,,1570,0,895,729,0.02,31.4,1.00,-0.079
126.40,DOWNWIND,113.81,107.61,31.43,0.00,-4.4,-0.2,8.7,-729.0,-1544,0.62,-0.078,-0.045,0.00,0,,1567,0,899,729,0.02,31.4,1.00,-0.079
126.50,DOWNWIND,113.81,107.54,31.43,0.00,-4.4,-0.2,8.7,-729.0,-1547,0.62,-0.078,-0.045,0.00,0,,1564,0,902,729,0.02,31.4,1.00,-0.079
126.60,DOWNWIND,113.81,107.48,31.43,0.00,-4.4,-0.2,8.7,-729.0,-1550,0.62,-0.078,-0.045,0.00,0,,1561,0,905,729,0.02,31.4,1.00,-0.079
126.70,DOWNWIND,113.81,107.41,31.43,0.00,-4.4,-0.2,8.7,-729.0,-1553,0.62,-0.078,-0.045,0.00,0,,1558,0,908,729,0.02,31.4,1.00,-0.079
126.80,DOWNWIND,113.81,107.36,31.43,0.00,-4.4,-0.2,8.7,-729.0,-1556,0.62,-0.078,-0.045,0.00,0,,1555,0,911,729,0.02,31.4,1.00,-0.079
126.90,DOWNWIND,113.81,107.30,31.43,0.00,-4.4,-0.2,8.7,-729.0,-1559,0.62,-0.078,-0.045,0.00,0,,1551,0,914,729,0.02,31.4,1.00,-0.079
127.00,DOWNWIND,113.81,107.25,31.43,0.00,-4.4,-0.2,8.7,-729.0,-1562,0.62,-0.078,-0.045,0.00,0,,1548,0,917,729,0.02,31.4,1.00,-0.079
127.10,DOWNWIND,113.81,107.20,31.43,0.00,-4.4,-0.2,8.7,-729.0,-1565,0.62,-0.078,-0.045,0.00,0,,1545,0,920,729,0.02,31.4,1.00,-0.079
127.20,DOWNWIND,113.82,107.16,31.43,0.00,-4.4,-0.2,8.7,-729.0,-1568,0.62,-0.078,-0.045,0.00,0,,1542,0,923,729,0.02,31.4,1.00,-0.079
127.30,DOWNWIND,113.82,107.12,31.43,0.00,-4.4,-0.2,8.7,-729.0,-1572,0.62,-0.078,-0.045,0.00,0,,1539,0,927,729,0.02,31.4,1.00,-0.079
127.40,DOWNWIND,113.82,107.08,31.43,0.00,-4.4,-0.2,8.7,-729.0,-1575,0.62,-0.078,-0.045,0.00,0,,1536,0,930,729,0.02,31.4,1.00,-0.079
127.50,DOWNWIND,113.82,107.05,31.43,0.00,-4.4,-0.2,8.7,-729.0,-1578,0.62,-0.078,-0.045,0.00,0,,1533,0,933,729,0.02,31.4,1.00,-0.079
127.60,DOWNWIND,113.82,107.02,31.43,0.00,-4.4,-0.2,8.7,-729.0,-1581,0.62,-0.078,-0.045,0.00,0,,1530,0,936,729,0.02,31.4,1.00,-0.079
127.70,DOWNWIND,113.82,107.00,31.43,0.00,-4.4,-0.2,8.7,-729.0,-1584,0.62,-0.078,-0.045,0.00,0,,1527,0,939,729,0.02,31.4,1.00,-0.079
127.80,DOWNWIND,113.82,106.97,31.43,0.00,-4.4,-0.2,8.7,-729.0,-1587,0.62,-0.078,-0.045,0.00,0,,1523,0,942,729,0.02,31.4,1.00,-0.079
127.90,DOWNWIND,113.82,106.95,31.43,0.00,-4.4,-0.2,8.7,-729.0,-1590,0.62,-0.078,-0.045,0.00,0,,1520,0,945,729,0.02,31.4,1.00,-0.079
128.00,DOWNWIND,113.82,106.92,31.43,0.00,-4.4,-0.2,8.7,-729.0,-1593,0.62,-0.078,-0.045,0.00,0,,1517,0,948,729,0.02,31.4,1.00,-0.079
128.10,DOWNWIND,113.82,106.90,31.43,0.00,-4.4,-0.2,8.7,-729.0,-1596,0.62,-0.078,-0.045,0.00,0,,1514,0,951,729,0.02,31.4,1.00,-0.079
128.20,DOWNWIND,113.82,106.88,31.42,0.00,-4.4,-0.2,8.7,-729.0,-1599,0.62,-0.078,-0.045,0.00,0,,1511,0,954,729,0.02,31.4,1.00,-0.079
128.30,DOWNWIND,113.82,106.87,31.42,0.00,-4.4,-0.2,8.7,-729.0,-1603,0.62,-0.078,-0.045,0.00,0,,1508,0,958,729,0.02,31.4,1.00,-0.079
128.40,DOWNWIND,113.82,106.85,31.42,0.00,-4.4,-0.2,8.7,-729.0,-1606,0.62,-0.078,-0.045,0.00,0,,1505,0,961,729,0.02,31.4,1.00,-0.079
128.50,DOWNWIND,113.82,106.83,31.42,0.00,-4.4,-0.2,8.7,-729.0,-1609,0.62,-0.078,-0.045,0.00,0,,1502,0,964,729,0.02,31.4,1.00,-0.079
128.60,DOWNWIND,113.82,106.81,31.42,0.00,-4.4,-0.2,8.7,-729.0,-1612,0.62,-0.078,-0.045,0.00,0,,1499,0,967,729,0.02,31.4,1.00,-0.079
128.70,DOWNWIND,113.82,106.78,31.42,0.00,-4.4,-0.2,8.7,-729.0,-1615,0.62,-0.078,-0.045,0.00,0,,1495,0,970,729,0.02,31.4,1.00,-0.079
128.80,DOWNWIND,113.82,106.76,31.42,0.00,-4.4,-0.2,8.7,-729.0,-1618,0.62,-0.078,-0.045,0.00,0,,1492,0,973,729,0.02,31.4,1.00,-0.079
128.90,DOWNWIND,113.82,106.73,31.42,0.00,-4.4,-0.2,8.7,-729.0,-1621,0.62,-0.078,-0.045,0.00,0,,1489,0,976,729,0.02,31.4,1.00,-0.079
129.00,DOWNWIND,113.82,106.70,31.42,0.00,-4.4,-0.2,8.7,-729.0,-1624,0.62,-0.078,-0.045,0.00,0,,1486,0,979,729,0.02,31.4,1.00,-0.079
129.10,DOWNWIND,113.82,106.67,31.42,0.00,-4.4,-0.2,8.7,-729.0,-1627,0.62,-0.078,-0.045,0.00,0,,1483,0,982,729,0.02,31.4,1.00,-0.079
129.20,DOWNWIND,113.82,106.63,31.42,0.00,-4.4,-0.2,8.7,-729.0,-1631,0.62,-0.078,-0.045,0.00,0,,1480,0,986,729,0.02,31.4,1.00,-0.079
129.30,DOWNWIND,113.82,106.59,31.42,0.00,-4.4,-0.2,8.7,-729.0,-1634,0.62,-0.078,-0.045,0.00,0,,1477,0,989,729,0.02,31.4,1.00,-0.079
129.40,DOWNWIND,113.82,106.55,31.42,0.00,-4.4,-0.2,8.7,-729.0,-1637,0.62,-0.078,-0.045,0.00,0,,1474,0,992,729,0.02,31.4,1.00,-0.079
129.50,DOWNWIND,113.82,106.50,31.42,0.00,-4.4,-0.2,8.7,-729.0,-1640,0.62,-0.078,-0.045,0.00,0,,1471,0,995,729,0.02,31.4,1.00,-0.079
129.60,DOWNWIND,113.82,106.45,31.42,0.00,-4.4,-0.2,8.7,-729.0,-1643,0.62,-0.078,-0.045,0.00,0,,1467,0,998,729,0.02,31.4,1.00,-0.079
129.70,DOWNWIND,113.82,106.40,31.42,0.00,-4.4,-0.2,8.7,-729.0,-1646,0.62,-0.078,-0.045,0.00,0,,1464,0,1001,729,0.02,31.4,1.00,-0.079
129.80,DOWNWIND,113.82,106.34,31.42,0.00,-4.4,-0.2,8.7,-729.0,-1649,0.62,-0.078,-0.045,0.00,0,,1461,0,1004,729,0.02,31.4,1.00,-0.079
129.90,DOWNWIND,113.82,106.27,31.42,0.00,-4.4,-0.2,8.7,-729.0,-1652,0.62,-0.078,-0.045,0.00,0,,1458,0,1007,729,0.02,31.4,1.00,-0.079
130.00,DOWNWIND,113.82,106.20,31.42,0.00,-4.4,-0.2,8.7,-729.0,-1655,0.62,-0.078,-0.045,0.00,0,,1455,0,1010,729,0.02,31.4,1.00,-0.079
130.10,DOWNWIND,113.82,106.11,31.42,0.00,-4.4,-0.2,8.7,-729.0,-1659,0.62,-0.078,-0.045,0.00,0,,1452,0,1014,729,0.02,31.4,1.00,-0.079
130.20,DOWNWIND,113.83,106.02,31.42,0.00,-4.4,-0.2,8.7,-729.0,-1662,0.62,-0.078,-0.045,0.00,0,,1449,0,1017,729,0.02,31.4,1.00,-0.079
130.30,DOWNWIND,113.83,105.92,31.42,0.00,-4.4,-0.2,8.7,-729.0,-1665,0.62,-0.078,-0.045,0.00,0,,1446,0,1020,729,0.02,31.4,1.00,-0.079
130.40,DOWNWIND,113.83,105.81,31.42,0.00,-4.4,-0.2,8.7,-729.0,-1668,0.62,-0.078,-0.045,0.00,0,,1443,0,1023,729,0.02,31.4,1.00,-0.079
130.50,DOWNWIND,113.83,105.69,31.42,0.00,-4.4,-0.2,8.7,-729.0,-1671,0.62,-0.078,-0.045,0.00,0,,1439,0,1026,729,0.02,31.4,1.00,-0.079
130.60,DOWNWIND,113.83,105.56,31.42,0.00,-4.4,-0.2,8.7,-729.0,-1674,0.62,-0.078,-0.045,0.00,0,,1436,0,1029,729,0.02,31.4,1.00,-0.079
130.70,DOWNWIND,113.83,105.42,31.42,0.00,-4.4,-0.2,8.7,-729.0,-1677,0.62,-0.078,-0.045,0.00,0,,1433,0,1032,729,0.02,31.4,1.00,-0.079
130.80,DOWNWIND,113.83,105.28,31.42,0.00,-4.4,-0.2,8.7,-729.0,-1680,0.62,-0.078,-0.045,0.00,0,,1430,0,1035,729,0.02,31.4,1.00,-0.079
130.90,DOWNWIND,113.83,105.13,31.42,0.00,-4.4,-0.2,8.7,-729.0,-1683,0.62,-0.078,-0.045,0.00,0,,1427,0,1038,729,0.02,31.4,1.00,-0.079
131.00,DOWNWIND,113.83,104.98,31.42,0.00,-4.4,-0.2,8.7,-729.0,-1687,0.62,-0.078,-0.045,0.00,0,,1424,0,1042,729,0.02,31.4,1.00,-0.079
131.10,DOWNWIND,113.83,104.83,31.42,0.00,-4.4,-0.2,8.7,-729.0,-1690,0.62,-0.078,-0.045,0.00,0,,1421,0,1045,729,0.02,31.4,1.00,-0.079
131.20,DOWNWIND,113.83,104.67,31.42,0.00,-4.4,-0.2,8.7,-729.0,-1693,0.62,-0.078,-0.044,0.00,0,,1418,0,1048,729,0.02,31.4,1.00,-0.079
131.30,DOWNWIND,113.83,104.51,31.42,0.00,-4.4,-0.2,8.7,-729.0,-1696,0.62,-0.078,-0.045,0.00,0,,1415,0,1051,729,0.02,31.4,1.00,-0.079
131.40,DOWNWIND,113.83,104.34,31.42,0.00,-4.4,-0.2,8.7,-729.0,-1699,0.62,-0.078,-0.044,0.00,0,,1411,0,1054,729,0.02,31.4,1.00,-0.079
131.50,DOWNWIND,113.83,104.18,31.42,0.00,-4.4,-0.2,8.7,-729.0,-1702,0.62,-0.078,-0.044,0.00,0,,1408,0,1057,729,0.02,31.4,1.00,-0.079
131.60,DOWNWIND,113.83,104.02,31.42,0.00,-4.4,-0.2,8.7,-729.0,-1705,0.62,-0.078,-0.044,0.00,0,,1405,0,1060,729,0.02,31.4,1.00,-0.079
131.70,DOWNWIND,113.83,103.86,31.42,0.00,-4.4,-0.2,8.7,-729.0,-1708,0.62,-0.078,-0.044,0.00,0,,1402,0,1063,729,0.01,31.4,1.00,-0.079
131.80,DOWNWIND,113.83,103.70,31.42,0.00,-4.4,-0.2,8.7,-729.0,-1711,0.62,-0.078,-0.044,0.00,0,,1399,0,1066,729,0.01,31.4,1.00,-0.079
131.90,DOWNWIND,113.83,103.54,31.42,0.00,-4.4,-0.2,8.7,-729.0,-1715,0.62,-0.078,-0.044,0.00,0,,1396,0,1070,729,0.01,31.4,1.00,-0.079
132.00,DOWNWIND,113.83,103.39,31.42,0.00,-4.4,-0.2,8.7,-729.0,-1718,0.62,-0.078,-0.044,0.00,0,,1393,0,1073,729,0.01,31.4,1.00,-0.079
132.10,DOWNWIND,113.83,103.25,31.42,0.00,-4.4,-0.2,8.7,-729.0,-1721,0.62,-0.078,-0.044,0.00,0,,1390,0,1076,729,0.01,31.4,1.00,-0.079
132.20,DOWNWIND,113.83,103.10,31.42,0.00,-4.4,-0.2,8.7,-729.0,-1724,0.62,-0.078,-0.044,0.00,0,,1387,0,1079,729,0.01,31.4,1.00,-0.079
132.30,DOWNWIND,113.83,102.96,31.42,0.00,-4.4,-0.2,8.7,-729.0,-1727,0.62,-0.078,-0.044,0.00,0,,1383,0,1082,729,0.01,31.4,1.00,-0.079
132.40,DOWNWIND,113.83,102.83,31.42,0.00,-4.4,-0.2,8.7,-729.0,-1730,0.62,-0.078,-0.044,0.00,0,,1380,0,1085,729,0.01,31.4,1.00,-0.079
132.50,DOWNWIND,113.83,102.70,31.42,0.00,-4.4,-0.2,8.7,-729.0,-1733,0.62,-0.078,-0.044,0.00,0,,1377,0,1088,729,0.01,31.4,1.00,-0.079
132.60,DOWNWIND,113.83,102.57,31.42,0.00,-4.4,-0.2,8.7,-729.0,-1736,0.62,-0.078,-0.044,0.00,0,,1374,0,1091,729,0.01,31.4,1.00,-0.079
132.70,DOWNWIND,113.83,102.44,31.42,0.00,-4.4,-0.2,8.7,-729.0,-1739,0.62,-0.078,-0.044,0.00,0,,1371,0,1094,729,0.01,31.4,1.00,-0.079
132.80,DOWNWIND,113.83,102.32,31.42,0.00,-4.4,-0.2,8.7,-729.0,-1743,0.62,-0.078,-0.044,0.00,0,,1368,0,1098,729,0.01,31.4,1.00,-0.079
132.90,DOWNWIND,113.83,102.21,31.42,0.00,-4.4,-0.2,8.7,-729.0,-1746,0.62,-0.078,-0.044,0.00,0,,1365,0,1101,729,0.01,31.4,1.00,-0.079
133.00,DOWNWIND,113.83,102.09,31.42,0.00,-4.4,-0.2,8.7,-729.0,-1749,0.62,-0.078,-0.044,0.00,0,,1362,0,1104,729,0.01,31.4,1.00,-0.079
133.10,DOWNWIND,113.83,101.98,31.42,0.00,-4.4,-0.2,8.7,-729.0,-1752,0.62,-0.078,-0.044,0.00,0,,1359,0,1107,729,0.01,31.4,1.00,-0.079
133.20,DOWNWIND,113.83,101.86,31.42,0.00,-4.4,-0.2,8.7,-729.0,-1755,0.62,-0.078,-0.044,0.00,0,,1355,0,1110,729,0.01,31.4,1.00,-0.079
133.30,DOWNWIND,113.83,101.75,31.42,0.00,-4.4,-0.2,8.7,-729.0,-1758,0.62,-0.078,-0.044,0.00,0,,1352,0,1113,729,0.01,31.4,1.00,-0.079
133.40,DOWNWIND,113.83,101.64,31.42,0.00,-4.4,-0.2,8.7,-729.0,-1761,0.62,-0.078,-0.044,0.00,0,,1349,0,1116,729,0.01,31.4,1.00,-0.079
133.50,DOWNWIND,113.83,101.53,31.42,0.00,-4.4,-0.2,8.7,-729.0,-1764,0.62,-0.078,-0.044,0.00,0,,1346,0,1119,729,0.01,31.4,1.00,-0.079
133.60,DOWNWIND,113.83,101.43,31.42,0.00,-4.4,-0.2,8.7,-729.0,-1767,0.62,-0.078,-0.044,0.00,0,,1343,0,1122,729,0.01,31.4,1.00,-0.079
133.70,DOWNWIND,113.83,101.32,31.42,0.00,-4.4,-0.2,8.7,-729.0,-1771,0.62,-0.078,-0.044,0.00,0,,1340,0,1126,729,0.01,31.4,1.00,-0.079
133.80,DOWNWIND,113.83,101.21,31.42,0.00,-4.4,-0.2,8.7,-729.0,-1774,0.62,-0.078,-0.044,0.00,0,,1337,0,1129,729,0.01,31.4,1.00,-0.079
133.90,DOWNWIND,113.84,101.11,31.42,0.00,-4.4,-0.2,8.7,-729.0,-1777,0.62,-0.078,-0.044,0.00,0,,1334,0,1132,729,0.01,31.4,1.00,-0.079
134.00,DOWNWIND,113.84,101.00,31.42,0.00,-4.4,-0.2,8.7,-729.0,-1780,0.62,-0.078,-0.044,0.00,0,,1331,0,1135,729,0.01,31.4,1.00,-0.079
134.10,DOWNWIND,113.84,100.89,31.42,0.00,-4.4,-0.2,8.7,-729.0,-1783,0.62,-0.078,-0.044,0.00,0,,1327,0,1138,729,0.01,31.4,1.00,-0.079
134.20,DOWNWIND,113.84,100.78,31.42,0.00,-4.4,-0.2,8.7,-729.0,-1786,0.62,-0.078,-0.044,0.00,0,,1324,0,1141,729,0.01,31.4,1.00,-0.079
134.30,DOWNWIND,113.84,100.68,31.42,0.00,-4.4,-0.2,8.6,-729.0,-1789,0.62,-0.078,-0.044,0.00,0,,1321,0,1144,729,0.01,31.4,1.00,-0.079
134.40,DOWNWIND,113.84,100.58,31.42,0.00,-4.4,-0.2,8.6,-729.0,-1792,0.62,-0.078,-0.044,0.00,0,,1318,0,1147,729,0.01,31.4,1.00,-0.079
134.50,DOWNWIND,113.84,100.49,31.42,0.00,-4.4,-0.2,8.6,-729.0,-1795,0.62,-0.078,-0.044,0.00,0,,1315,0,1150,729,0.01,31.4,1.00,-0.079
134.60,DOWNWIND,113.84,100.41,31.42,0.00,-4.4,-0.2,8.6,-729.0,-1799,0.62,-0.078,-0.044,0.00,0,,1312,0,1154,729,0.01,31.4,1.00,-0.079
134.70,DOWNWIND,113.84,100.34,31.42,0.00,-4.4,-0.2,8.6,-729.0,-1802,0.62,-0.078,-0.044,0.00,0,,1309,0,1157,729,0.01,31.4,1.00,-0.079
134.80,DOWNWIND,113.84,100.27,31.42,0.00,-4.4,-0.2,8.6,-729.0,-1805,0.62,-0.078,-0.044,0.00,0,,1306,0,1160,729,0.01,31.4,1.00,-0.079
134.90,DOWNWIND,113.84,100.21,31.42,0.00,-4.4,-0.2,8.6,-729.0,-1808,0.62,-0.078,-0.044,0.00,0,,1303,0,1163,729,0.01,31.4,1.00,-0.079
135.00,DOWNWIND,113.84,100.17,31.42,0.00,-4.4,-0.2,8.6,-729.0,-1811,0.62,-0.078,-0.044,0.00,0,,1299,0,1166,729,0.01,31.4,1.00,-0.079
135.10,DOWNWIND,113.84,100.12,31.42,0.00,-4.4,-0.2,8.6,-729.0,-1814,0.62,-0.078,-0.044,0.00,0,,1296,0,1169,729,0.01,31.4,1.00,-0.079
135.20,DOWNWIND,113.84,100.09,31.42,0.00,-4.4,-0.2,8.6,-729.0,-1817,0.62,-0.078,-0.044,0.00,0,,1293,0,1172,729,0.01,31.4,1.00,-0.079
135.30,DOWNWIND,113.84,100.06,31.42,0.00,-4.4,-0.2,8.6,-729.0,-1820,0.62,-0.078,-0.044,0.00,0,,1290,0,1175,729,0.01,31.4,1.00,-0.079
135.40,DOWNWIND,113.84,100.03,31.42,0.00,-4.4,-0.2,8.6,-729.0,-1823,0.62,-0.078,-0.044,0.00,0,,1287,0,1178,729,0.01,31.4,1.00,-0.078
135.50,DOWNWIND,113.84,100.01,31.42,0.00,-4.4,-0.2,8.6,-729.0,-1827,0.62,-0.078,-0.044,0.00,0,,1284,0,1182,729,0.01,31.4,1.00,-0.078
135.60,DOWNWIND,113.84,99.98,31.42,0.00,-4.4,-0.2,8.6,-729.0,-1830,0.62,-0.078,-0.044,0.00,0,,1281,0,1185,729,0.01,31.4,1.00,-0.078
135.70,DOWNWIND,113.84,99.96,31.42,0.00,-4.4,-0.2,8.6,-729.0,-1833,0.62,-0.078,-0.044,0.00,0,,1278,0,1188,729,0.01,31.4,1.00,-0.078
135.80,DOWNWIND,113.84,99.95,31.42,0.00,-4.4,-0.2,8.6,-729.0,-1836,0.62,-0.078,-0.044,0.00,0,,1275,0,1191,729,0.01,31.4,1.00,-0.078
135.90,DOWNWIND,113.84,99.93,31.42,0.00,-4.4,-0.2,8.6,-729.0,-1839,0.62,-0.078,-0.044,0.00,0,,1271,0,1194,729,0.01,31.4,1.00,-0.078
136.00,DOWNWIND,113.84,99.92,31.42,0.00,-4.4,-0.2,8.6,-729.0,-1842,0.62,-0.078,-0.044,0.00,0,,1268,0,1197,729,0.01,31.4,1.00,-0.078
136.10,DOWNWIND,113.84,99.90,31.42,0.00,-4.4,-0.2,8.6,-729.0,-1845,0.62,-0.078,-0.044,0.00,0,,1265,0,1200,729,0.01,31.4,1.00,-0.078
136.20,DOWNWIND,113.84,99.89,31.42,0.00,-4.4,-0.2,8.6,-729.0,-1848,0.62,-0.078,-0.044,0.00,0,,1262,0,1203,729,0.01,31.4,1.00,-0.078
136.30,DOWNWIND,113.84,99.87,31.42,0.00,-4.4,-0.2,8.6,-729.0,-1851,0.62,-0.078,-0.044,0.00,0,,1259,0,1206,729,0.01,31.4,1.00,-0.078
136.40,DOWNWIND,113.84,99.86,31.42,0.00,-4.4,-0.2,8.6,-729.0,-1855,0.62,-0.078,-0.044,0.00,0,,1256,0,1210,729,0.01,31.4,1.00,-0.078
136.50,DOWNWIND,113.84,99.84,31.42,0.00,-4.4,-0.2,8.6,-729.0,-1858,0.62,-0.078,-0.044,0.00,0,,1253,0,1213,729,0.01,31.4,1.00,-0.078
136.60,DOWNWIND,113.84,99.81,31.42,0.00,-4.4,-0.2,8.6,-729.0,-1861,0.62,-0.078,-0.044,0.00,0,,1250,0,1216,729,0.01,31.4,1.00,-0.078
136.70,DOWNWIND,113.84,99.77,31.42,0.00,-4.4,-0.2,8.6,-729.0,-1864,0.62,-0.078,-0.044,0.00,0,,1247,0,1219,729,0.01,31.4,1.00,-0.078
136.80,DOWNWIND,113.84,99.72,31.42,0.00,-4.4,-0.2,8.6,-729.0,-1867,0.62,-0.078,-0.044,0.00,0,,1243,0,1222,729,0.01,31.4,1.00,-0.078
136.90,DOWNWIND,113.84,99.67,31.42,0.00,-4.4,-0.2,8.6,-729.0,-1870,0.62,-0.078,-0.044,0.00,0,,1240,0,1225,729,0.01,31.4,1.00,-0.078
137.00,DOWNWIND,113.84,99.61,31.42,0.00,-4.4,-0.2,8.6,-729.0,-1873,0.62,-0.078,-0.044,0.00,0,,1237,0,1228,729,0.01,31.4,1.00,-0.078
137.10,DOWNWIND,113.84,99.55,31.42,0.00,-4.4,-0.2,8.6,-729.0,-1876,0.62,-0.078,-0.044,0.00,0,,1234,0,1231,729,0.01,31.4,1.00,-0.078
137.20,DOWNWIND,113.85,99.48,31.42,0.00,-4.4,-0.2,8.6,-729.0,-1879,0.62,-0.078,-0.044,0.00,0,,1231,0,1234,729,0.01,31.4,1.00,-0.078
137.30,DOWNWIND,113.85,99.41,31.42,0.00,-4.4,-0.2,8.6,-729.0,-1883,0.62,-0.078,-0.044,0.00,0,,1228,0,1238,729,0.01,31.4,1.00,-0.078
137.40,DOWNWIND,113.85,99.34,31.42,0.00,-4.4,-0.2,8.6,-729.0,-1886,0.62,-0.078,-0.044,0.00,0,,1225,0,1241,729,0.01,31.4,1.00,-0.078
137.50,DOWNWIND,113.85,99.27,31.42,0.00,-4.4,-0.2,8.6,-729.0,-1889,0.62,-0.078,-0.044,0.00,0,,1222,0,1244,729,0.01,31.4,1.00,-0.078
137.60,DOWNWIND,113.85,99.20,31.42,0.00,-4.4,-0.2,8.6,-729.0,-1892,0.62,-0.078,-0.044,0.00,0,,1219,0,1247,729,0.01,31.4,1.00,-0.078
137.70,DOWNWIND,113.85,99.13,31.42,0.00,-4.4,-0.2,8.6,-729.0,-1895,0.62,-0.078,-0.044,0.00,0,,1215,0,1250,729,0.01,31.4,1.00,-0.078
137.80,DOWNWIND,113.85,99.07,31.42,0.00,-4.4,-0.2,8.6,-729.0,-1898,0.62,-0.078,-0.044,0.00,0,,1212,0,1253,729,0.01,31.4,1.00,-0.078
137.90,DOWNWIND,113.85,99.02,31.42,0.00,-4.4,-0.2,8.6,-729.0,-1901,0.62,-0.078,-0.044,0.00,0,,1209,0,1256,729,0.01,31.4,1.00,-0.078
138.00,DOWNWIND,113.85,98.97,31.42,0.00,-4.4,-0.2,8.6,-729.0,-1904,0.62,-0.078,-0.044,0.00,0,,1206,0,1259,729,0.01,31.4,1.00,-0.078
138.10,DOWNWIND,113.85,98.92,31.42,0.00,-4.4,-0.2,8.6,-729.0,-1907,0.62,-0.078,-0.044,0.00,0,,1203,0,1262,729,0.01,31.4,1.00,-0.078
138.20,DOWNWIND,113.85,98.89,31.42,0.00,-4.4,-0.2,8.6,-729.0,-1911,0.62,-0.078,-0.044,0.00,0,,1200,0,1266,729,0.01,31.4,1.00,-0.078
138.30,DOWNWIND,113.85,98.87,31.42,0.00,-4.4,-0.2,8.6,-729.0,-1914,0.62,-0.078,-0.044,0.00,0,,1197,0,1269,729,0.01,31.4,1.00,-0.078
138.40,DOWNWIND,113.85,98.86,31.42,0.00,-4.4,-0.2,8.6,-729.0,-1917,0.62,-0.078,-0.044,0.00,0,,1194,0,1272,729,0.01,31.4,1.00,-0.078
138.50,DOWNWIND,113.85,98.86,31.42,0.00,-4.4,-0.2,8.6,-729.0,-1920,0.62,-0.078,-0.044,0.00,0,,1191,0,1275,729,0.01,31.4,1.00,-0.078
138.60,DOWNWIND,113.85,98.88,31.42,0.00,-4.4,-0.2,8.6,-729.0,-1923,0.61,-0.078,-0.044,0.00,0,,1187,0,1278,729,0.01,31.4,1.00,-0.078
138.70,DOWNWIND,113.85,98.92,31.42,0.00,-4.4,-0.2,8.6,-729.0,-1926,0.61,-0.078,-0.044,0.00,0,,1184,0,1281,729,0.01,31.4,1.00,-0.078
138.80,DOWNWIND,113.85,98.97,31.42,0.00,-4.4,-0.2,8.6,-729.0,-1929,0.61,-0.078,-0.044,0.00,0,,1181,0,1284,729,0.01,31.4,1.00,-0.078
138.90,DOWNWIND,113.85,99.04,31.42,0.00,-4.4,-0.2,8.6,-729.0,-1932,0.61,-0.078,-0.044,0.00,0,,1178,0,1287,729,0.01,31.4,1.00,-0.078
139.00,DOWNWIND,113.85,99.12,31.42,0.00,-4.4,-0.2,8.6,-729.0,-1935,0.61,-0.078,-0.044,0.00,0,,1175,0,1290,729,0.01,31.4,1.00,-0.078
139.10,DOWNWIND,113.85,99.21,31.42,0.00,-4.4,-0.2,8.6,-729.0,-1939,0.61,-0.078,-0.044,0.00,0,,1172,0,1294,729,0.01,31.4,1.00,-0.078
139.20,DOWNWIND,113.85,99.31,31.42,0.00,-4.4,-0.2,8.6,-729.0,-1942,0.61,-0.078,-0.044,0.00,0,,1169,0,1297,729,0.01,31.4,1.00,-0.078
139.30,DOWNWIND,113.85,99.42,31.42,0.00,-4.4,-0.2,8.6,-729.0,-1945,0.61,-0.078,-0.044,0.00,0,,1166,0,1300,729,0.01,31.4,1.00,-0.078
139.40,DOWNWIND,113.85,99.53,31.42,0.00,-4.4,-0.2,8.6,-729.0,-1948,0.61,-0.078,-0.044,0.00,0,,1163,0,1303,729,0.01,31.4,1.00,-0.078
139.50,DOWNWIND,113.85,99.65,31.42,0.00,-4.4,-0.2,8.6,-729.0,-1951,0.61,-0.078,-0.044,0.00,0,,1160,0,1306,729,0.01,31.4,1.00,-0.078
139.60,DOWNWIND,113.85,99.77,31.42,0.00,-4.4,-0.2,8.6,-729.0,-1954,0.61,-0.078,-0.044,0.00,0,,1156,0,1309,729,0.01,31.4,1.00,-0.078
139.70,DOWNWIND,113.85,99.89,31.42,0.00,-4.4,-0.2,8.6,-729.0,-1957,0.61,-0.078,-0.044,0.00,0,,1153,0,1312,729,0.01,31.4,1.00,-0.078
139.80,DOWNWIND,113.85,100.01,31.42,0.00,-4.4,-0.2,8.6,-729.0,-1960,0.61,-0.078,-0.044,0.00,0,,1150,0,1315,729,0.01,31.4,1.00,-0.078
139.90,DOWNWIND,113.85,100.13,31.42,0.00,-4.4,-0.2,8.6,-729.0,-1963,0.61,-0.078,-0.044,0.00,0,,1147,0,1318,729,0.01,31.4,1.00,-0.078
140.00,DOWNWIND,113.85,100.24,31.42,0.00,-4.4,-0.2,8.6,-729.0,-1967,0.61,-0.078,-0.044,0.00,0,,1144,0,1322,729,0.01,31.4,1.00,-0.078
140.10,DOWNWIND,113.85,100.35,31.42,0.00,-4.4,-0.2,8.6,-729.0,-1970,0.61,-0.078,-0.044,0.00,0,,1141,0,1325,729,0.01,31.4,1.00,-0.078
140.20,DOWNWIND,113.85,100.45,31.42,0.00,-4.4,-0.2,8.6,-729.0,-1973,0.61,-0.078,-0.044,0.00,0,,1138,0,1328,729,0.01,31.4,1.00,-0.078
140.30,DOWNWIND,113.85,100.54,31.42,0.00,-4.4,-0.2,8.6,-729.0,-1976,0.61,-0.078,-0.044,0.00,0,,1135,0,1331,729,0.01,31.4,1.00,-0.078
140.40,DOWNWIND,113.85,100.62,31.42,0.00,-4.4,-0.2,8.6,-729.0,-1979,0.61,-0.078,-0.044,0.00,0,,1132,0,1334,729,0.01,31.4,1.00,-0.078
140.50,DOWNWIND,113.86,100.68,31.42,0.00,-4.4,-0.2,8.6,-729.0,-1982,0.61,-0.078,-0.044,0.00,0,,1128,0,1337,729,0.01,31.4,1.00,-0.078
140.60,DOWNWIND,113.86,100.72,31.42,0.00,-4.4,-0.2,8.6,-729.0,-1985,0.61,-0.078,-0.044,0.00,0,,1125,0,1340,729,0.01,31.4,1.00,-0.078
140.70,DOWNWIND,113.86,100.75,31.42,0.00,-4.4,-0.2,8.6,-729.0,-1988,0.61,-0.078,-0.044,0.00,0,,1122,0,1343,729,0.01,31.4,1.00,-0.078
140.80,DOWNWIND,113.86,100.78,31.42,0.00,-4.4,-0.2,8.6,-729.0,-1991,0.61,-0.078,-0.044,0.00,0,,1119,0,1346,729,0.01,31.4,1.00,-0.078
140.90,DOWNWIND,113.86,100.81,31.42,0.00,-4.4,-0.2,8.6,-729.0,-1995,0.61,-0.078,-0.044,0.00,0,,1116,0,1350,729,0.01,31.4,1.00,-0.078
141.00,DOWNWIND,113.86,100.85,31.42,0.00,-4.4,-0.2,8.6,-729.0,-1998,0.61,-0.078,-0.044,0.00,0,,1113,0,1353,729,0.01,31.4,1.00,-0.078
141.10,DOWNWIND,113.86,100.89,31.42,0.00,-4.4,-0.2,8.7,-729.0,-2001,0.61,-0.078,-0.044,0.00,0,,1110,0,1356,729,0.01,31.4,1.00,-0.078
141.20,DOWNWIND,113.86,100.92,31.42,0.00,-4.4,-0.2,8.7,-729.0,-2004,0.61,-0.078,-0.044,0.00,0,,1107,0,1359,729,0.01,31.4,1.00,-0.078
141.30,DOWNWIND,113.86,100.97,31.42,0.00,-4.4,-0.2,8.7,-729.0,-2007,0.61,-0.078,-0.044,0.00,0,,1104,0,1362,729,0.01,31.4,1.00,-0.078
141.40,DOWNWIND,113.86,101.01,31.42,0.00,-4.4,-0.2,8.7,-729.0,-2010,0.61,-0.078,-0.044,0.00,0,,1100,0,1365,729,0.01,31.4,1.00,-0.078
141.50,DOWNWIND,113.86,101.05,31.42,0.00,-4.4,-0.2,8.7,-729.0,-2013,0.61,-0.078,-0.044,0.00,0,,1097,0,1368,729,0.01,31.4,1.00,-0.078
141.60,DOWNWIND,113.86,101.10,31.42,0.00,-4.4,-0.2,8.7,-729.0,-2016,0.61,-0.078,-0.044,0.00,0,,1094,0,1371,729,0.01,31.4,1.00,-0.078
141.70,DOWNWIND,113.86,101.15,31.42,0.00,-4.4,-0.2,8.6,-729.0,-2019,0.61,-0.078,-0.044,0.00,0,,1091,0,1374,729,0.01,31.4,1.00,-0.078
141.80,DOWNWIND,113.86,101.20,31.42,0.00,-4.4,-0.2,8.6,-729.0,-2023,0.61,-0.078,-0.044,0.00,0,,1088,0,1378,729,0.01,31.4,1.00,-0.078
141.90,DOWNWIND,113.86,101.25,31.42,0.00,-4.4,-0.2,8.6,-729.0,-2026,0.61,-0.078,-0.044,0.00,0,,1085,0,1381,729,0.01,31.4,1.00,-0.078
142.00,DOWNWIND,113.86,101.31,31.41,0.00,-4.4,-0.2,8.6,-729.0,-2029,0.61,-0.078,-0.044,0.00,0,,1082,0,1384,729,0.01,31.4,1.00,-0.078
142.10,DOWNWIND,113.86,101.36,31.41,0.00,-4.4,-0.2,8.6,-729.0,-2032,0.61,-0.078,-0.044,0.00,0,,1079,0,1387,729,0.01,31.4,1.00,-0.078
142.20,DOWNWIND,113.86,101.42,31.41,0.00,-4.4,-0.2,8.7,-729.0,-2035,0.61,-0.078,-0.044,0.00,0,,1076,0,1390,729,0.01,31.4,1.00,-0.078
142.30,DOWNWIND,113.86,101.47,31.41,0.00,-4.4,-0.2,8.7,-729.0,-2038,0.61,-0.078,-0.044,0.00,0,,1072,0,1393,729,0.01,31.4,1.00,-0.078
142.40,DOWNWIND,113.86,101.53,31.41,0.00,-4.4,-0.2,8.7,-729.0,-2041,0.61,-0.078,-0.044,0.00,0,,1069,0,1396,729,0.01,31.4,1.00,-0.078
142.50,DOWNWIND,113.86,101.59,31.41,0.00,-4.4,-0.2,8.7,-729.0,-2044,0.61,-0.078,-0.044,0.00,0,,1066,0,1399,729,0.01,31.4,1.00,-0.078
142.60,DOWNWIND,113.86,101.65,31.41,0.00,-4.4,-0.2,8.7,-729.0,-2047,0.61,-0.078,-0.044,0.00,0,,1063,0,1402,729,0.01,31.4,1.00,-0.078
142.70,DOWNWIND,113.86,101.71,31.41,0.00,-4.4,-0.2,8.7,-729.0,-2050,0.61,-0.078,-0.044,0.00,0,,1060,0,1405,729,0.01,31.4,1.00,-0.078
142.80,DOWNWIND,113.86,101.76,31.41,0.00,-4.4,-0.2,8.7,-729.0,-2054,0.61,-0.078,-0.044,0.00,0,,1057,0,1409,729,0.01,31.4,1.00,-0.078
142.90,DOWNWIND,113.86,101.81,31.41,0.00,-4.4,-0.2,8.7,-729.0,-2057,0.61,-0.078,-0.044,0.00,0,,1054,0,1412,729,0.01,31.4,1.00,-0.078
143.00,DOWNWIND,113.86,101.84,31.41,0.00,-4.4,-0.2,8.7,-729.0,-2060,0.61,-0.078,-0.044,0.00,0,,1051,0,1415,729,0.01,31.4,1.00,-0.078
143.10,DOWNWIND,113.86,101.87,31.41,0.00,-4.4,-0.2,8.7,-729.0,-2063,0.61,-0.078,-0.044,0.00,0,,1048,0,1418,729,0.01,31.4,1.00,-0.078
143.20,DOWNWIND,113.86,101.89,31.41,0.00,-4.4,-0.2,8.7,-729.0,-2066,0.61,-0.078,-0.044,0.00,0,,1044,0,1421,729,0.01,31.4,1.00,-0.078
143.30,DOWNWIND,113.86,101.90,31.41,0.00,-4.4,-0.2,8.7,-729.0,-2069,0.61,-0.078,-0.044,0.00,0,,1041,0,1424,729,0.01,31.4,1.00,-0.078
143.40,DOWNWIND,113.86,101.91,31.41,0.00,-4.4,-0.2,8.7,-729.0,-2072,0.61,-0.078,-0.044,0.00,0,,1038,0,1427,729,0.01,31.4,1.00,-0.078
143.50,DOWNWIND,113.86,101.91,31.41,0.00,-4.4,-0.2,8.7,-729.0,-2075,0.61,-0.078,-0.044,0.00,0,,1035,0,1430,729,0.01,31.4,1.00,-0.078
143.60,DOWNWIND,113.86,101.91,31.41,0.00,-4.4,-0.2,8.7,-729.0,-2078,0.61,-0.078,-0.044,0.00,0,,1032,0,1433,729,0.01,31.4,1.00,-0.078
143.70,DOWNWIND,113.86,101.92,31.41,0.00,-4.4,-0.2,8.7,-729.0,-2082,0.61,-0.078,-0.044,0.00,0,,1029,0,1437,729,0.01,31.4,1.00,-0.078
143.80,DOWNWIND,113.86,101.92,31.41,0.00,-4.4,-0.2,8.7,-729.0,-2085,0.61,-0.078,-0.044,0.00,0,,1026,0,1440,729,0.01,31.4,1.00,-0.078
143.90,DOWNWIND,113.86,101.93,31.41,0.00,-4.4,-0.2,8.7,-729.0,-2088,0.61,-0.078,-0.044,0.00,0,,1023,0,1443,729,0.01,31.4,1.00,-0.078
144.00,DOWNWIND,113.86,101.94,31.41,0.00,-4.4,-0.2,8.7,-729.0,-2091,0.61,-0.078,-0.044,0.00,0,,1020,0,1446,729,0.01,31.4,1.00,-0.078
144.10,DOWNWIND,113.86,101.96,31.41,0.00,-4.4,-0.2,8.7,-729.0,-2094,0.61,-0.078,-0.044,0.00,0,,1016,0,1449,729,0.01,31.4,1.00,-0.078
144.20,DOWNWIND,113.87,101.98,31.41,0.00,-4.4,-0.2,8.7,-729.0,-2097,0.61,-0.078,-0.044,0.00,0,,1013,0,1452,729,0.01,31.4,1.00,-0.078
144.30,DOWNWIND,113.87,102.02,31.41,0.00,-4.4,-0.2,8.7,-729.0,-2100,0.61,-0.078,-0.044,0.00,0,,1010,0,1455,729,0.01,31.4,1.00,-0.078
144.40,DOWNWIND,113.87,102.06,31.41,0.00,-4.4,-0.2,8.7,-729.0,-2103,0.61,-0.078,-0.044,0.00,0,,1007,0,1458,729,0.01,31.4,1.00,-0.078
144.50,DOWNWIND,113.87,102.12,31.41,0.00,-4.4,-0.2,8.7,-729.0,-2106,0.61,-0.078,-0.044,0.00,0,,1004,0,1461,729,0.01,31.4,1.00,-0.078
144.60,DOWNWIND,113.87,102.19,31.41,0.00,-4.4,-0.2,8.7,-729.0,-2110,0.61,-0.078,-0.044,0.00,0,,1001,0,1465,729,0.01,31.4,1.00,-0.078
144.70,DOWNWIND,113.87,102.28,31.41,0.00,-4.4,-0.2,8.7,-729.0,-2113,0.61,-0.078,-0.044,0.00,0,,998,0,1468,729,0.01,31.4,1.00,-0.078
144.80,DOWNWIND,113.87,102.38,31.41,0.00,-4.4,-0.2,8.7,-729.0,-2116,0.61,-0.078,-0.044,0.00,0,,995,0,1471,729,0.01,31.4,1.00,-0.078
144.90,DOWNWIND,113.87,102.48,31.41,0.00,-4.4,-0.2,8.7,-729.0,-2119,0.61,-0.078,-0.044,0.00,0,,992,0,1474,729,0.01,31.4,1.00,-0.078
145.00,DOWNWIND,113.87,102.58,31.41,0.00,-4.4,-0.2,8.7,-729.0,-2122,0.61,-0.078,-0.044,0.00,0,,988,0,1477,729,0.01,31.4,1.00,-0.078
145.10,DOWNWIND,113.87,102.68,31.41,0.00,-4.4,-0.2,8.7,-729.0,-2125,0.61,-0.078,-0.044,0.00,0,,985,0,1480,729,0.01,31.4,1.00,-0.078
145.20,DOWNWIND,113.87,102.77,31.41,0.00,-4.4,-0.2,8.7,-729.0,-2128,0.61,-0.078,-0.044,0.00,0,,982,0,1483,729,0.01,31.4,1.00,-0.078
145.30,DOWNWIND,113.87,102.86,31.41,0.00,-4.4,-0.2,8.7,-729.0,-2131,0.61,-0.078,-0.044,0.00,0,,979,0,1486,729,0.01,31.4,1.00,-0.078
145.40,DOWNWIND,113.87,102.95,31.41,0.00,-4.4,-0.2,8.7,-729.0,-2134,0.61,-0.078,-0.044,0.00,0,,976,0,1489,729,0.01,31.4,1.00,-0.078
145.50,DOWNWIND,113.87,103.04,31.41,0.00,-4.4,-0.2,8.7,-729.0,-2138,0.61,-0.078,-0.044,0.00,0,,973,0,1493,729,0.01,31.4,1.00,-0.078
145.60,DOWNWIND,113.87,103.12,31.41,0.00,-4.4,-0.2,8.7,-729.0,-2141,0.61,-0.078,-0.044,0.00,0,,970,0,1496,729,0.01,31.4,1.00,-0.078
145.70,DOWNWIND,113.87,103.21,31.41,0.00,-4.4,-0.2,8.7,-729.0,-2144,0.61,-0.078,-0.044,0.00,0,,967,0,1499,729,0.01,31.4,1.00,-0.078
145.80,DOWNWIND,113.87,103.30,31.41,0.00,-4.4,-0.2,8.7,-729.0,-2147,0.61,-0.078,-0.044,0.00,0,,964,0,1502,729,0.01,31.4,1.00,-0.078
145.90,DOWNWIND,113.87,103.38,31.41,0.00,-4.4,-0.2,8.7,-729.0,-2150,0.61,-0.078,-0.044,0.00,0,,960,0,1505,729,0.01,31.4,1.00,-0.078
146.00,DOWNWIND,113.87,103.47,31.41,0.00,-4.4,-0.2,8.7,-729.0,-2153,0.61,-0.078,-0.044,0.00,0,,957,0,1508,729,0.01,31.4,1.00,-0.078
146.10,DOWNWIND,113.87,103.55,31.41,0.00,-4.4,-0.2,8.7,-729.0,-2156,0.61,-0.078,-0.044,0.00,0,,954,0,1511,729,0.01,31.4,1.00,-0.078
146.20,DOWNWIND,113.87,103.64,31.41,0.00,-4.4,-0.2,8.7,-729.0,-2159,0.61,-0.078,-0.044,0.00,0,,951,0,1514,729,0.01,31.4,1.00,-0.078
146.30,DOWNWIND,113.87,103.73,31.41,0.00,-4.4,-0.2,8.7,-729.0,-2162,0.61,-0.078,-0.044,0.00,0,,948,0,1517,729,0.01,31.4,1.00,-0.078
146.40,DOWNWIND,113.87,103.82,31.41,0.00,-4.4,-0.2,8.7,-729.0,-2166,0.61,-0.078,-0.044,0.00,0,,945,0,1521,729,0.01,31.4,1.00,-0.078
146.50,DOWNWIND,113.87,103.92,31.41,0.00,-4.4,-0.2,8.7,-729.0,-2169,0.61,-0.078,-0.044,0.00,0,,942,0,1524,729,0.01,31.4,1.00,-0.078
146.60,DOWNWIND,113.87,104.02,31.41,0.00,-4.4,-0.2,8.7,-729.0,-2172,0.61,-0.078,-0.044,0.00,0,,939,0,1527,729,0.01,31.4,1.00,-0.078
146.70,DOWNWIND,113.87,104.12,31.41,0.00,-4.4,-0.2,8.7,-729.0,-2175,0.61,-0.078,-0.044,0.00,0,,936,0,1530,729,0.01,31.4,1.00,-0.078
146.80,DOWNWIND,113.87,104.22,31.41,0.00,-4.4,-0.2,8.7,-729.0,-2178,0.61,-0.078,-0.044,0.00,0,,932,0,1533,729,0.01,31.4,1.00,-0.078
146.90,DOWNWIND,113.87,104.32,31.41,0.00,-4.4,-0.2,8.7,-729.0,-2181,0.61,-0.078,-0.044,0.00,0,,929,0,1536,729,0.01,31.4,1.00,-0.078
147.00,DOWNWIND,113.87,104.42,31.41,0.00,-4.4,-0.2,8.7,-729.0,-2184,0.61,-0.078,-0.044,0.00,0,,926,0,1539,729,0.01,31.4,1.00,-0.078
147.10,DOWNWIND,113.87,104.51,31.41,0.00,-4.4,-0.2,8.7,-729.0,-2187,0.61,-0.078,-0.044,0.00,0,,923,0,1542,729,0.01,31.4,1.00,-0.078
147.20,DOWNWIND,113.87,104.60,31.41,0.00,-4.4,-0.2,8.7,-729.0,-2190,0.61,-0.078,-0.044,0.00,0,,920,0,1545,729,0.01,31.4,1.00,-0.078
147.30,DOWNWIND,113.87,104.69,31.41,0.00,-4.4,-0.2,8.7,-729.0,-2194,0.61,-0.078,-0.044,0.00,0,,917,0,1549,729,0.01,31.4,1.00,-0.078
147.40,DOWNWIND,113.87,104.77,31.41,0.00,-4.4,-0.2,8.7,-729.0,-2197,0.61,-0.078,-0.044,0.00,0,,914,0,1552,729,0.01,31.4,1.00,-0.078
147.50,DOWNWIND,113.87,104.85,31.41,0.00,-4.4,-0.2,8.7,-729.0,-2200,0.61,-0.078,-0.045,0.00,0,,911,0,1555,729,0.01,31.4,1.00,-0.078
147.60,DOWNWIND,113.87,104.92,31.41,0.00,-4.4,-0.2,8.7,-729.0,-2203,0.61,-0.078,-0.044,0.00,0,,908,0,1558,729,0.01,31.4,1.00,-0.078
147.70,DOWNWIND,113.87,104.99,31.41,0.00,-4.4,-0.2,8.7,-729.0,-2206,0.61,-0.078,-0.045,0.00,0,,905,0,1561,729,0.01,31.4,1.00,-0.078
147.80,DOWNWIND,113.87,105.06,31.41,0.00,-4.4,-0.2,8.7,-729.0,-2209,0.61,-0.078,-0.044,0.00,0,,901,0,1564,729,0.01,31.4,1.00,-0.078
147.90,DOWNWIND,113.87,105.12,31.41,0.00,-4.4,-0.2,8.7,-729.0,-2212,0.61,-0.078,-0.045,0.00,0,,898,0,1567,729,0.01,31.4,1.00,-0.078
148.00,DOWNWIND,113.87,105.19,31.41,0.00,-4.4,-0.2,8.7,-729.0,-2215,0.61,-0.078,-0.045,0.00,0,,895,0,1570,729,0.01,31.4,1.00,-0.078
148.10,DOWNWIND,113.87,105.25,31.41,0.00,-4.4,-0.2,8.7,-729.0,-2218,0.61,-0.078,-0.045,0.00,0,,892,0,1573,729,0.01,31.4,1.00,-0.078
148.20,DOWNWIND,113.87,105.30,31.41,0.00,-4.4,-0.2,8.7,-729.0,-2222,0.61,-0.078,-0.045,0.00,0,,889,0,1577,729,0.01,31.4,1.00,-0.078
148.30,DOWNWIND,113.87,105.36,31.41,0.00,-4.4,-0.2,8.7,-729.0,-2225,0.61,-0.078,-0.045,0.00,0,,886,0,1580,729,0.01,31.4,1.00,-0.078
148.40,DOWNWIND,113.87,105.41,31.41,0.00,-4.4,-0.2,8.7,-729.0,-2228,0.61,-0.078,-0.045,0.00,0,,883,0,1583,729,0.01,31.4,1.00,-0.078
148.50,DOWNWIND,113.87,105.46,31.41,0.00,-4.4,-0.2,8.7,-729.0,-2231,0.61,-0.078,-0.045,0.00,0,,880,0,1586,729,0.01,31.4,1.00,-0.078
148.60,DOWNWIND,113.87,105.52,31.41,0.00,-4.4,-0.2,8.7,-729.0,-2234,0.61,-0.078,-0.045,0.00,0,,877,0,1589,729,0.01,31.4,1.00,-0.078
148.70,DOWNWIND,113.87,105.58,31.41,0.00,-4.4,-0.2,8.7,-729.0,-2237,0.61,-0.078,-0.045,0.00,0,,873,0,1592,729,0.01,31.4,1.00,-0.078
148.80,DOWNWIND,113.87,105.64,31.41,0.00,-4.4,-0.2,8.7,-729.0,-2240,0.61,-0.078,-0.045,0.00,0,,870,0,1595,729,0.01,31.4,1.00,-0.078
148.90,DOWNWIND,113.88,105.70,31.41,0.00,-4.4,-0.2,8.7,-729.0,-2243,0.61,-0.078,-0.045,0.00,0,,867,0,1598,729,0.01,31.4,1.00,-0.078
149.00,DOWNWIND,113.88,105.78,31.41,0.00,-4.4,-0.2,8.7,-729.0,-2246,0.61,-0.078,-0.045,0.00,0,,864,0,1601,729,0.01,31.4,1.00,-0.078
149.10,DOWNWIND,113.88,105.86,31.41,0.00,-4.4,-0.2,8.7,-729.0,-2249,0.61,-0.078,-0.045,0.00,0,,861,0,1604,729,0.01,31.4,1.00,-0.078
149.20,DOWNWIND,113.88,105.95,31.41,0.00,-4.4,-0.2,8.7,-729.0,-2253,0.61,-0.078,-0.045,0.00,0,,858,0,1608,729,0.01,31.4,1.00,-0.078
149.30,DOWNWIND,113.88,106.04,31.41,0.00,-4.4,-0.2,8.7,-729.0,-2256,0.61,-0.078,-0.045,0.00,0,,855,0,1611,729,0.01,31.4,1.00,-0.078
149.40,DOWNWIND,113.88,106.14,31.41,0.00,-4.4,-0.2,8.7,-729.0,-2259,0.61,-0.078,-0.045,0.00,0,,852,0,1614,729,0.01,31.4,1.00,-0.078
149.50,DOWNWIND,113.88,106.24,31.41,0.00,-4.4,-0.2,8.7,-729.0,-2262,0.61,-0.078,-0.045,0.00,0,,849,0,1617,729,0.01,31.4,1.00,-0.078
149.60,DOWNWIND,113.88,106.34,31.41,0.00,-4.4,-0.2,8.7,-729.0,-2265,0.61,-0.078,-0.045,0.00,0,,845,0,1620,729,0.01,31.4,1.00,-0.078
149.70,DOWNWIND,113.88,106.45,31.41,0.00,-4.4,-0.2,8.7,-729.0,-2268,0.61,-0.078,-0.045,0.00,0,,842,0,1623,729,0.01,31.4,1.00,-0.078
149.80,DOWNWIND,113.88,106.55,31.41,0.00,-4.4,-0.2,8.7,-729.0,-2271,0.61,-0.078,-0.045,0.00,0,,839,0,1626,729,0.01,31.4,1.00,-0.078
149.90,DOWNWIND,113.88,106.65,31.41,0.00,-4.4,-0.2,8.7,-729.0,-2274,0.61,-0.078,-0.045,0.00,0,,836,0,1629,729,0.01,31.4,1.00,-0.078
150.00,DOWNWIND,113.88,106.76,31.41,0.00,-4.4,-0.2,8.7,-729.0,-2277,0.61,-0.078,-0.045,0.00,0,,833,0,1632,729,0.01,31.4,1.00,-0.078
150.10,DOWNWIND,113.88,106.86,31.41,0.00,-4.4,-0.2,8.7,-729.0,-2281,0.61,-0.078,-0.045,0.00,0,,830,0,1636,729,0.01,31.4,1.00,-0.078
150.20,DOWNWIND,113.88,106.95,31.41,0.00,-4.4,-0.2,8.7,-729.0,-2284,0.61,-0.078,-0.045,0.00,0,,827,0,1639,729,0.01,31.4,1.00,-0.078
150.30,DOWNWIND,113.88,107.04,31.41,0.00,-4.4,-0.2,8.7,-729.0,-2287,0.61,-0.078,-0.045,0.00,0,,824,0,1642,729,0.01,31.4,1.00,-0.078
150.40,DOWNWIND,113.88,107.13,31.41,0.00,-4.4,-0.2,8.7,-729.0,-2290,0.61,-0.078,-0.045,0.00,0,,821,0,1645,729,0.01,31.4,1.00,-0.078
150.50,DOWNWIND,113.88,107.21,31.41,0.00,-4.4,-0.2,8.7,-729.0,-2293,0.61,-0.078,-0.045,0.00,0,,817,0,1648,729,0.01,31.4,1.00,-0.078
150.60,DOWNWIND,113.88,107.28,31.41,0.00,-4.4,-0.2,8.7,-729.0,-2296,0.61,-0.078,-0.045,0.00,0,,814,0,1651,729,0.01,31.4,1.00,-0.078
150.70,DOWNWIND,113.88,107.34,31.41,0.00,-4.4,-0.2,8.7,-729.0,-2299,0.61,-0.078,-0.045,0.00,0,,811,0,1654,729,0.01,31.4,1.00,-0.078
150.80,DOWNWIND,113.88,107.40,31.41,0.00,-4.4,-0.2,8.7,-729.0,-2302,0.61,-0.078,-0.045,0.00,0,,808,0,1657,729,0.01,31.4,1.00,-0.078
150.90,DOWNWIND,113.88,107.46,31.41,0.00,-4.4,-0.2,8.7,-729.0,-2305,0.61,-0.078,-0.045,0.00,0,,805,0,1660,729,0.01,31.4,1.00,-0.078
151.00,DOWNWIND,113.88,107.54,31.41,0.00,-4.4,-0.2,8.7,-729.0,-2309,0.61,-0.078,-0.045,0.00,0,,802,0,1664,729,0.01,31.4,1.00,-0.078
151.10,DOWNWIND,113.88,107.62,31.41,0.00,-4.4,-0.2,8.7,-729.0,-2312,0.61,-0.078,-0.045,0.00,0,,799,0,1667,729,0.01,31.4,1.00,-0.078
151.20,DOWNWIND,113.88,107.71,31.41,0.00,-4.4,-0.2,8.7,-729.0,-2315,0.61,-0.078,-0.045,0.00,0,,796,0,1670,729,0.01,31.4,1.00,-0.078
151.30,DOWNWIND,113.88,107.80,31.41,0.00,-4.4,-0.2,8.7,-729.0,-2318,0.61,-0.078,-0.045,0.00,0,,793,0,1673,729,0.01,31.4,1.00,-0.078
151.40,DOWNWIND,113.88,107.90,31.41,0.00,-4.4,-0.2,8.7,-729.0,-2321,0.61,-0.078,-0.045,0.00,0,,789,0,1676,729,0.01,31.4,1.00,-0.078
151.50,DOWNWIND,113.88,108.00,31.41,0.00,-4.4,-0.2,8.7,-729.0,-2324,0.61,-0.078,-0.045,0.00,0,,786,0,1679,729,0.00,31.4,1.00,-0.078
151.60,DOWNWIND,113.88,108.09,31.41,0.00,-4.4,-0.2,8.7,-729.0,-2327,0.61,-0.078,-0.045,0.00,0,,783,0,1682,729,0.00,31.4,1.00,-0.078
151.70,DOWNWIND,113.88,108.19,31.41,0.00,-4.4,-0.2,8.7,-729.0,-2330,0.61,-0.078,-0.045,0.00,0,,780,0,1685,729,0.00,31.4,1.00,-0.078
151.80,DOWNWIND,113.88,108.29,31.41,0.00,-4.4,-0.2,8.7,-729.0,-2333,0.61,-0.078,-0.045,0.00,0,,777,0,1688,729,0.00,31.4,1.00,-0.078
151.90,DOWNWIND,113.88,108.39,31.41,0.00,-4.4,-0.2,8.7,-729.0,-2337,0.61,-0.078,-0.045,0.00,0,,774,0,1692,729,0.00,31.4,1.00,-0.078
152.00,DOWNWIND,113.88,108.48,31.41,0.00,-4.4,-0.2,8.7,-729.0,-2340,0.61,-0.078,-0.045,0.00,0,,771,0,1695,729,0.00,31.4,1.00,-0.078
152.10,DOWNWIND,113.88,108.56,31.41,0.00,-4.4,-0.2,8.7,-729.0,-2343,0.61,-0.078,-0.045,0.00,0,,768,0,1698,729,0.00,31.4,1.00,-0.078
152.20,DOWNWIND,113.88,108.64,31.41,0.00,-4.4,-0.2,8.7,-729.0,-2346,0.61,-0.078,-0.045,0.00,0,,765,0,1701,729,0.00,31.4,1.00,-0.078
152.30,DOWNWIND,113.88,108.71,31.41,0.00,-4.4,-0.2,8.7,-729.0,-2349,0.61,-0.078,-0.045,0.00,0,,761,0,1704,729,0.00,31.4,1.00,-0.078
152.40,DOWNWIND,113.88,108.77,31.41,0.00,-4.4,-0.2,8.7,-729.0,-2352,0.61,-0.078,-0.045,0.00,0,,758,0,1707,729,0.00,31.4,1.00,-0.078
152.50,DOWNWIND,113.88,108.82,31.41,0.00,-4.4,-0.2,8.7,-729.0,-2355,0.61,-0.078,-0.045,0.00,0,,755,0,1710,729,0.00,31.4,1.00,-0.078
152.60,DOWNWIND,113.88,108.86,31.41,0.00,-4.4,-0.2,8.7,-729.0,-2358,0.61,-0.078,-0.045,0.00,0,,752,0,1713,729,0.00,31.4,1.00,-0.078
152.70,DOWNWIND,113.88,108.89,31.41,0.00,-4.4,-0.2,8.7,-729.0,-2361,0.61,-0.078,-0.045,0.00,0,,749,0,1716,729,0.00,31.4,1.00,-0.078
152.80,DOWNWIND,113.88,108.90,31.41,0.00,-4.4,-0.2,8.7,-729.0,-2365,0.61,-0.078,-0.045,0.00,0,,746,0,1720,729,0.00,31.4,1.00,-0.078
152.90,DOWNWIND,113.88,108.91,31.41,0.00,-4.4,-0.2,8.7,-729.0,-2368,0.61,-0.078,-0.045,0.00,0,,743,0,1723,729,0.00,31.4,1.00,-0.078
153.00,DOWNWIND,113.88,108.91,31.41,0.00,-4.4,-0.2,8.7,-729.0,-2371,0.61,-0.078,-0.045,0.00,0,,740,0,1726,729,0.00,31.4,1.00,-0.078
153.10,DOWNWIND,113.88,108.90,31.41,0.00,-4.4,-0.2,8.7,-729.0,-2374,0.61,-0.078,-0.045,0.00,0,,737,0,1729,729,0.00,31.4,1.00,-0.078
153.20,DOWNWIND,113.88,108.88,31.41,0.00,-4.4,-0.2,8.7,-729.0,-2377,0.61,-0.078,-0.045,0.00,0,,734,0,1732,729,0.00,31.4,1.00,-0.078
153.30,DOWNWIND,113.88,108.86,31.41,0.00,-4.4,-0.2,8.7,-729.0,-2380,0.61,-0.078,-0.045,0.00,0,,730,0,1735,729,0.00,31.4,1.00,-0.078
153.40,DOWNWIND,113.88,108.84,31.41,0.00,-4.4,-0.2,8.7,-729.0,-2383,0.61,-0.078,-0.045,0.00,0,,727,0,1738,729,0.00,31.4,1.00,-0.078
153.50,DOWNWIND,113.88,108.81,31.41,0.00,-4.4,-0.2,8.7,-729.0,-2386,0.61,-0.078,-0.045,0.00,0,,724,0,1741,729,0.00,31.4,1.00,-0.078
153.60,DOWNWIND,113.88,108.78,31.41,0.00,-4.4,-0.2,8.7,-729.0,-2389,0.61,-0.078,-0.045,0.00,0,,721,0,1744,729,0.00,31.4,1.00,-0.078
153.70,DOWNWIND,113.88,108.76,31.41,0.00,-4.4,-0.2,8.7,-729.0,-2392,0.61,-0.078,-0.045,0.00,0,,718,0,1747,729,0.00,31.4,1.00,-0.078
153.80,DOWNWIND,113.88,108.73,31.41,0.00,-4.4,-0.2,8.7,-729.0,-2396,0.61,-0.078,-0.045,0.00,0,,715,0,1751,729,0.00,31.4,1.00,-0.078
153.90,DOWNWIND,113.88,108.70,31.41,0.00,-4.4,-0.2,8.7,-729.0,-2399,0.61,-0.078,-0.045,0.00,0,,712,0,1754,729,0.00,31.4,1.00,-0.078
154.00,DOWNWIND,113.88,108.68,31.41,0.00,-4.4,-0.2,8.7,-729.0,-2402,0.61,-0.078,-0.045,0.00,0,,709,0,1757,729,0.00,31.4,1.00,-0.078
154.10,DOWNWIND,113.88,108.66,31.41,0.00,-4.4,-0.2,8.7,-729.0,-2405,0.61,-0.078,-0.045,0.00,0,,706,0,1760,729,0.00,31.4,1.00,-0.078
154.20,DOWNWIND,113.88,108.64,31.41,0.00,-4.4,-0.2,8.7,-729.0,-2408,0.61,-0.078,-0.045,0.00,0,,702,0,1763,729,0.00,31.4,1.00,-0.078
154.30,DOWNWIND,113.88,108.63,31.41,0.00,-4.4,-0.2,8.7,-729.0,-2411,0.61,-0.078,-0.045,0.00,0,,699,0,1766,729,0.00,31.4,1.00,-0.078
154.40,DOWNWIND,113.88,108.63,31.41,0.00,-4.4,-0.2,8.7,-729.0,-2414,0.61,-0.078,-0.045,0.00,0,,696,0,1769,729,0.00,31.4,1.00,-0.078
154.50,DOWNWIND,113.88,108.63,31.41,0.00,-4.4,-0.2,8.7,-729.0,-2417,0.61,-0.078,-0.045,0.00,0,,693,0,1772,729,0.00,31.4,1.00,-0.078
154.60,DOWNWIND,113.88,108.65,31.41,0.00,-4.4,-0.2,8.7,-729.0,-2420,0.61,-0.078,-0.045,0.00,0,,690,0,1775,729,0.00,31.4,1.00,-0.078
154.70,DOWNWIND,113.88,108.67,31.41,0.00,-4.4,-0.2,8.7,-729.0,-2424,0.61,-0.078,-0.045,0.00,0,,687,0,1779,729,0.00,31.4,1.00,-0.078
154.80,DOWNWIND,113.88,108.69,31.41,0.00,-4.4,-0.2,8.7,-729.0,-2427,0.61,-0.078,-0.045,0.00,0,,684,0,1782,729,0.00,31.4,1.00,-0.078
154.90,DOWNWIND,113.88,108.71,31.41,0.00,-4.4,-0.2,8.7,-729.0,-2430,0.61,-0.078,-0.045,0.00,0,,681,0,1785,729,0.00,31.4,1.00,-0.078
155.00,DOWNWIND,113.88,108.74,31.41,0.00,-4.4,-0.2,8.7,-729.0,-2433,0.61,-0.078,-0.045,0.00,0,,678,0,1788,729,0.00,31.4,1.00,-0.078
155.10,DOWNWIND,113.88,108.76,31.41,0.00,-4.4,-0.2,8.7,-729.0,-2436,0.61,-0.078,-0.045,0.00,0,,674,0,1791,729,0.00,31.4,1.00,-0.078
155.20,DOWNWIND,113.88,108.78,31.41,0.00,-4.4,-0.2,8.7,-729.0,-2439,0.61,-0.078,-0.045,0.00,0,,671,0,1794,729,0.00,31.4,1.00,-0.078
155.30,DOWNWIND,113.88,108.80,31.41,0.00,-4.4,-0.2,8.7,-729.0,-2442,0.61,-0.078,-0.045,0.00,0,,668,0,1797,729,0.00,31.4,1.00,-0.078
155.40,DOWNWIND,113.88,108.83,31.41,0.00,-4.4,-0.2,8.7,-729.0,-2445,0.61,-0.078,-0.045,0.00,0,,665,0,1800,729,0.00,31.4,1.00,-0.078
155.50,DOWNWIND,113.88,108.85,31.41,0.00,-4.4,-0.2,8.7,-729.0,-2448,0.61,-0.078,-0.045,0.00,0,,662,0,1803,729,0.00,31.4,1.00,-0.078
155.60,DOWNWIND,113.88,108.87,31.41,0.00,-4.4,-0.2,8.7,-729.0,-2452,0.61,-0.078,-0.045,0.00,0,,659,0,1807,729,0.00,31.4,1.00,-0.078
155.70,DOWNWIND,113.88,108.89,31.41,0.00,-4.4,-0.2,8.7,-729.0,-2455,0.61,-0.078,-0.045,0.00,0,,656,0,1810,729,0.00,31.4,1.00,-0.078
155.80,DOWNWIND,113.88,108.92,31.41,0.00,-4.4,-0.2,8.7,-729.0,-2458,0.61,-0.078,-0.045,0.00,0,,653,0,1813,729,0.00,31.4,1.00,-0.078
155.90,DOWNWIND,113.88,108.94,31.41,0.00,-4.4,-0.2,8.7,-729.0,-2461,0.61,-0.078,-0.045,0.00,0,,650,0,1816,729,0.00,31.4,1.00,-0.078
156.00,DOWNWIND,113.88,108.96,31.41,0.00,-4.4,-0.2,8.7,-729.0,-2464,0.61,-0.078,-0.045,0.00,0,,646,0,1819,729,0.00,31.4,1.00,-0.078
156.10,DOWNWIND,113.89,108.99,31.41,0.00,-4.4,-0.2,8.7,-729.0,-2467,0.61,-0.078,-0.045,0.00,0,,643,0,1822,729,0.00,31.4,1.00,-0.078
156.20,DOWNWIND,113.89,109.01,31.41,0.00,-4.4,-0.2,8.7,-729.0,-2470,0.61,-0.078,-0.045,0.00,0,,640,0,1825,729,0.00,31.4,1.00,-0.078
156.30,DOWNWIND,113.89,109.04,31.41,0.00,-4.4,-0.2,8.7,-729.0,-2473,0.61,-0.078,-0.045,0.00,0,,637,0,1828,729,0.00,31.4,1.00,-0.078
156.40,DOWNWIND,113.89,109.07,31.41,0.00,-4.4,-0.2,8.7,-729.0,-2476,0.61,-0.078,-0.045,0.00,0,,634,0,1831,729,0.00,31.4,1.00,-0.078
156.50,DOWNWIND,113.89,109.10,31.41,0.00,-4.4,-0.2,8.7,-729.0,-2480,0.61,-0.078,-0.045,0.00,0,,631,0,1835,729,0.00,31.4,1.00,-0.078
156.60,DOWNWIND,113.89,109.13,31.41,0.00,-4.4,-0.2,8.7,-729.0,-2483,0.61,-0.078,-0.045,0.00,0,,628,0,1838,729,0.00,31.4,1.00,-0.078
156.70,DOWNWIND,113.89,109.16,31.41,0.00,-4.4,-0.2,8.7,-729.0,-2486,0.61,-0.078,-0.045,0.00,0,,625,0,1841,729,0.00,31.4,1.00,-0.078
156.80,DOWNWIND,113.89,109.21,31.41,0.00,-4.4,-0.2,8.7,-729.0,-2489,0.61,-0.078,-0.045,0.00,0,,622,0,1844,729,0.00,31.4,1.00,-0.078
156.90,DOWNWIND,113.89,109.27,31.41,0.00,-4.4,-0.2,8.7,-729.0,-2492,0.61,-0.078,-0.045,0.00,0,,619,0,1847,729,0.00,31.4,1.00,-0.078
157.00,DOWNWIND,113.89,109.35,31.41,0.00,-4.4,-0.2,8.7,-729.0,-2495,0.61,-0.078,-0.045,0.00,0,,615,0,1850,729,0.00,31.4,1.00,-0.078
157.10,DOWNWIND,113.89,109.43,31.41,0.00,-4.4,-0.2,8.7,-729.0,-2498,0.61,-0.078,-0.045,0.00,0,,612,0,1853,729,0.00,31.4,1.00,-0.078
157.20,DOWNWIND,113.89,109.52,31.41,0.00,-4.4,-0.2,8.7,-729.0,-2501,0.61,-0.078,-0.045,0.00,0,,609,0,1856,729,0.00,31.4,1.00,-0.078
157.30,DOWNWIND,113.89,109.61,31.41,0.00,-4.4,-0.2,8.7,-729.0,-2504,0.61,-0.078,-0.045,0.00,0,,606,0,1859,729,0.00,31.4,1.00,-0.078
157.40,DOWNWIND,113.89,109.71,31.41,0.00,-4.4,-0.2,8.7,-729.0,-2507,0.61,-0.078,-0.045,0.00,0,,603,0,1862,729,0.00,31.4,1.00,-0.078
157.50,DOWNWIND,113.89,109.81,31.41,0.00,-4.4,-0.2,8.7,-729.0,-2511,0.61,-0.078,-0.045,0.00,0,,600,0,1866,729,0.00,31.4,1.00,-0.078
157.60,DOWNWIND,113.89,109.92,31.41,0.00,-4.4,-0.2,8.8,-729.0,-2514,0.61,-0.078,-0.045,0.00,0,,597,0,1869,729,0.00,31.4,1.00,-0.077
157.70,DOWNWIND,113.89,110.02,31.41,0.00,-4.4,-0.2,8.8,-729.0,-2517,0.61,-0.078,-0.045,0.00,0,,594,0,1872,729,0.00,31.4,1.00,-0.077
157.80,DOWNWIND,113.89,110.12,31.41,0.00,-4.4,-0.2,8.8,-729.0,-2520,0.61,-0.078,-0.045,0.00,0,,591,0,1875,729,0.00,31.4,1.00,-0.077
157.90,DOWNWIND,113.89,110.22,31.41,0.00,-4.4,-0.2,8.8,-729.0,-2523,0.61,-0.078,-0.045,0.00,0,,587,0,1878,729,0.00,31.4,1.00,-0.077
158.00,DOWNWIND,113.89,110.32,31.41,0.00,-4.4,-0.2,8.8,-729.0,-2526,0.61,-0.078,-0.045,0.00,0,,584,0,1881,729,0.00,31.4,1.00,-0.077
158.10,DOWNWIND,113.89,110.41,31.41,0.00,-4.4,-0.2,8.8,-729.0,-2529,0.61,-0.078,-0.045,0.00,0,,581,0,1884,729,0.00,31.4,1.00,-0.077
158.20,DOWNWIND,113.89,110.49,31.41,0.00,-4.4,-0.2,8.8,-729.0,-2532,0.61,-0.078,-0.045,0.00,0,,578,0,1887,729,0.00,31.4,1.00,-0.077
158.30,DOWNWIND,113.89,110.56,31.41,0.00,-4.4,-0.2,8.8,-729.0,-2535,0.61,-0.078,-0.045,0.00,0,,575,0,1890,729,0.00,31.4,1.00,-0.077
158.40,DOWNWIND,113.89,110.63,31.41,0.00,-4.4,-0.2,8.8,-729.0,-2539,0.61,-0.078,-0.045,0.00,0,,572,0,1894,729,0.00,31.4,1.00,-0.077
158.50,DOWNWIND,113.89,110.68,31.41,0.00,-4.4,-0.2,8.8,-729.0,-2542,0.61,-0.078,-0.045,0.00,0,,569,0,1897,729,0.00,31.4,1.00,-0.077
158.60,DOWNWIND,113.89,110.72,31.41,0.00,-4.4,-0.2,8.8,-729.0,-2545,0.61,-0.078,-0.045,0.00,0,,566,0,1900,729,0.00,31.4,1.00,-0.077
158.70,DOWNWIND,113.89,110.75,31.41,0.00,-4.4,-0.2,8.8,-729.0,-2548,0.61,-0.078,-0.045,0.00,0,,563,0,1903,729,0.00,31.4,1.00,-0.077
158.80,DOWNWIND,113.89,110.77,31.41,0.00,-4.4,-0.2,8.8,-729.0,-2551,0.61,-0.078,-0.045,0.00,0,,559,0,1906,729,0.00,31.4,1.00,-0.077
158.90,DOWNWIND,113.89,110.78,31.41,0.00,-4.4,-0.2,8.8,-729.0,-2554,0.61,-0.078,-0.045,0.00,0,,556,0,1909,729,0.00,31.4,1.00,-0.077
159.00,DOWNWIND,113.89,110.79,31.41,0.00,-4.4,-0.2,8.8,-729.0,-2557,0.61,-0.078,-0.045,0.00,0,,553,0,1912,729,0.00,31.4,1.00,-0.078
159.10,DOWNWIND,113.89,110.79,31.41,0.00,-4.4,-0.2,8.8,-729.0,-2560,0.61,-0.078,-0.045,0.00,0,,550,0,1915,729,0.00,31.4,1.00,-0.078
159.20,DOWNWIND,113.89,110.78,31.41,0.00,-4.4,-0.2,8.8,-729.0,-2563,0.61,-0.078,-0.045,0.00,0,,547,0,1918,729,0.00,31.4,1.00,-0.078
159.30,DOWNWIND,113.89,110.77,31.41,0.00,-4.4,-0.2,8.8,-729.0,-2567,0.61,-0.078,-0.045,0.00,0,,544,0,1922,729,0.00,31.4,1.00,-0.078
159.40,DOWNWIND,113.89,110.76,31.41,0.00,-4.4,-0.2,8.8,-729.0,-2570,0.61,-0.078,-0.045,0.00,0,,541,0,1925,729,0.00,31.4,1.00,-0.078
159.50,DOWNWIND,113.89,110.74,31.41,0.00,-4.4,-0.2,8.8,-729.0,-2573,0.61,-0.078,-0.045,0.00,0,,538,0,1928,729,0.00,31.4,1.00,-0.078
159.60,DOWNWIND,113.89,110.72,31.41,0.00,-4.4,-0.2,8.8,-729.0,-2576,0.61,-0.078,-0.045,0.00,0,,535,0,1931,729,0.00,31.4,1.00,-0.078
159.70,DOWNWIND,113.89,110.70,31.41,0.00,-4.4,-0.2,8.8,-729.0,-2579,0.61,-0.078,-0.045,0.00,0,,531,0,1934,729,0.00,31.4,1.00,-0.078
159.80,DOWNWIND,113.89,110.69,31.41,0.00,-4.4,-0.2,8.8,-729.0,-2582,0.61,-0.078,-0.045,0.00,0,,528,0,1937,729,0.00,31.4,1.00,-0.078
159.90,DOWNWIND,113.89,110.67,31.41,0.00,-4.4,-0.2,8.8,-729.0,-2585,0.61,-0.078,-0.045,0.00,0,,525,0,1940,729,0.00,31.4,1.00,-0.078
160.00,DOWNWIND,113.89,110.66,31.41,0.00,-4.4,-0.2,8.8,-729.0,-2588,0.61,-0.078,-0.045,0.00,0,,522,0,1943,729,0.00,31.4,1.00,-0.078
160.10,DOWNWIND,113.89,110.65,31.41,0.00,-4.4,-0.2,8.8,-729.0,-2591,0.61,-0.078,-0.045,0.00,0,,519,0,1946,729,0.00,31.4,1.00,-0.078
160.20,DOWNWIND,113.89,110.65,31.41,0.00,-4.4,-0.2,8.8,-729.0,-2595,0.61,-0.078,-0.045,0.00,0,,516,0,1950,729,0.00,31.4,1.00,-0.078
160.30,DOWNWIND,113.89,110.65,31.41,0.00,-4.4,-0.2,8.8,-729.0,-2598,0.61,-0.078,-0.045,0.00,0,,513,0,1953,729,0.00,31.4,1.00,-0.078
160.40,DOWNWIND,113.89,110.66,31.41,0.00,-4.4,-0.2,8.8,-729.0,-2601,0.61,-0.078,-0.045,0.00,0,,510,0,1956,729,0.00,31.4,1.00,-0.077
160.50,DOWNWIND,113.89,110.68,31.41,0.00,-4.4,-0.2,8.8,-729.0,-2604,0.61,-0.078,-0.045,0.00,0,,507,0,1959,729,0.00,31.4,1.00,-0.077
160.60,DOWNWIND,113.89,110.71,31.41,0.00,-4.4,-0.2,8.8,-729.0,-2607,0.61,-0.078,-0.045,0.00,0,,504,0,1962,729,0.00,31.4,1.00,-0.077
160.70,DOWNWIND,113.89,110.74,31.41,0.00,-4.4,-0.2,8.8,-729.0,-2610,0.61,-0.078,-0.045,0.00,0,,500,0,1965,729,0.00,31.4,1.00,-0.077
160.80,DOWNWIND,113.89,110.78,31.41,0.00,-4.4,-0.2,8.8,-729.0,-2613,0.61,-0.078,-0.045,0.00,0,,497,0,1968,729,0.00,31.4,1.00,-0.077
160.90,DOWNWIND,113.89,110.81,31.41,0.00,-4.4,-0.2,8.8,-729.0,-2616,0.61,-0.078,-0.045,0.00,0,,494,0,1971,729,0.00,31.4,1.00,-0.077
161.00,DOWNWIND,113.89,110.85,31.41,0.00,-4.4,-0.2,8.8,-729.0,-2619,0.61,-0.078,-0.045,0.00,0,,491,0,1974,729,0.00,31.4,1.00,-0.077
161.10,DOWNWIND,113.89,110.88,31.41,0.00,-4.4,-0.2,8.8,-729.0,-2622,0.61,-0.078,-0.045,0.00,0,,488,0,1977,729,0.00,31.4,1.00,-0.077
161.20,DOWNWIND,113.89,110.92,31.41,0.00,-4.4,-0.2,8.8,-729.0,-2626,0.61,-0.078,-0.045,0.00,0,,485,0,1981,729,0.00,31.4,1.00,-0.077
161.30,DOWNWIND,113.89,110.95,31.41,0.00,-4.4,-0.2,8.8,-729.0,-2629,0.61,-0.078,-0.045,0.00,0,,482,0,1984,729,0.00,31.4,1.00,-0.077
161.40,DOWNWIND,113.89,110.98,31.41,0.00,-4.4,-0.2,8.8,-729.0,-2632,0.61,-0.078,-0.045,0.00,0,,479,0,1987,729,0.00,31.4,1.00,-0.077
161.50,DOWNWIND,113.89,111.00,31.41,0.00,-4.4,-0.2,8.8,-729.0,-2635,0.61,-0.078,-0.045,0.00,0,,476,0,1990,729,0.00,31.4,1.00,-0.077
161.60,DOWNWIND,113.89,111.02,31.41,0.00,-4.4,-0.2,8.8,-729.0,-2638,0.61,-0.078,-0.045,0.00,0,,472,0,1993,729,0.00,31.4,1.00,-0.077
161.70,DOWNWIND,113.89,111.04,31.41,0.00,-4.4,-0.2,8.8,-729.0,-2641,0.61,-0.078,-0.045,0.00,0,,469,0,1996,729,0.00,31.4,1.00,-0.077
161.80,DOWNWIND,113.89,111.05,31.41,0.00,-4.4,-0.2,8.8,-729.0,-2644,0.61,-0.078,-0.045,0.00,0,,466,0,1999,729,0.00,31.4,1.00,-0.077
161.90,DOWNWIND,113.89,111.06,31.41,0.00,-4.4,-0.2,8.8,-729.0,-2647,0.61,-0.078,-0.045,0.00,0,,463,0,2002,729,0.00,31.4,1.00,-0.077
162.00,DOWNWIND,113.89,111.07,31.41,0.00,-4.4,-0.2,8.8,-729.0,-2650,0.61,-0.078,-0.045,0.00,0,,460,0,2005,729,0.00,31.4,1.00,-0.077
162.10,DOWNWIND,113.89,111.07,31.41,0.00,-4.4,-0.2,8.8,-729.0,-2654,0.61,-0.078,-0.045,0.00,0,,457,0,2009,729,0.00,31.4,1.00,-0.077
162.20,DOWNWIND,113.89,111.07,31.41,0.00,-4.4,-0.2,8.8,-729.0,-2657,0.61,-0.078,-0.045,0.00,0,,454,0,2012,729,0.00,31.4,1.00,-0.077
162.30,DOWNWIND,113.89,111.07,31.41,0.00,-4.4,-0.2,8.8,-729.0,-2660,0.61,-0.078,-0.045,0.00,0,,451,0,2015,729,0.00,31.4,1.00,-0.077
162.40,DOWNWIND,113.89,111.06,31.41,0.00,-4.4,-0.2,8.8,-729.0,-2663,0.61,-0.078,-0.045,0.00,0,,448,0,2018,729,0.00,31.4,1.00,-0.077
162.50,DOWNWIND,113.89,111.05,31.41,0.00,-4.4,-0.2,8.8,-729.0,-2666,0.61,-0.078,-0.045,0.00,0,,444,0,2021,729,0.00,31.4,1.00,-0.077
162.60,DOWNWIND,113.89,111.04,31.41,0.00,-4.4,-0.2,8.8,-729.0,-2669,0.61,-0.078,-0.045,0.00,0,,441,0,2024,729,0.00,31.4,1.00,-0.077
162.70,DOWNWIND,113.89,111.03,31.41,0.00,-4.4,-0.2,8.8,-729.0,-2672,0.61,-0.078,-0.045,0.00,0,,438,0,2027,729,0.00,31.4,1.00,-0.077
162.80,DOWNWIND,113.89,111.00,31.40,0.00,-4.4,-0.2,8.8,-729.0,-2675,0.61,-0.078,-0.045,0.00,0,,435,0,2030,729,0.00,31.4,1.00,-0.077
162.90,DOWNWIND,113.89,110.98,31.40,0.00,-4.4,-0.2,8.8,-729.0,-2678,0.61,-0.078,-0.045,0.00,0,,432,0,2033,729,0.00,31.4,1.00,-0.077
163.00,DOWNWIND,113.89,110.94,31.40,0.00,-4.4,-0.2,8.8,-729.0,-2682,0.61,-0.078,-0.045,0.00,0,,429,0,2037,729,0.00,31.4,1.00,-0.077
163.10,DOWNWIND,113.89,110.90,31.40,0.00,-4.4,-0.2,8.8,-729.0,-2685,0.61,-0.078,-0.045,0.00,0,,426,0,2040,729,0.00,31.4,1.00,-0.077
163.20,DOWNWIND,113.89,110.86,31.40,0.00,-4.4,-0.2,8.8,-729.0,-2688,0.61,-0.078,-0.045,0.00,0,,423,0,2043,729,0.00,31.4,1.00,-0.077
163.30,DOWNWIND,113.89,110.81,31.40,0.00,-4.4,-0.2,8.8,-729.0,-2691,0.61,-0.078,-0.045,0.00,0,,420,0,2046,729,0.00,31.4,1.00,-0.077
163.40,DOWNWIND,113.89,110.76,31.40,0.00,-4.4,-0.2,8.8,-729.0,-2694,0.61,-0.078,-0.045,0.00,0,,417,0,2049,729,0.00,31.4,1.00,-0.077
163.50,DOWNWIND,113.89,110.71,31.40,0.00,-4.4,-0.2,8.8,-729.0,-2697,0.61,-0.078,-0.045,0.00,0,,413,0,2052,729,0.00,31.4,1.00,-0.077
163.60,DOWNWIND,113.89,110.65,31.40,0.00,-4.4,-0.2,8.8,-729.0,-2700,0.61,-0.078,-0.045,0.00,0,,410,0,2055,729,0.00,31.4,1.00,-0.077
163.70,DOWNWIND,113.89,110.59,31.40,0.00,-4.4,-0.2,8.8,-729.0,-2703,0.61,-0.078,-0.045,0.00,0,,407,0,2058,729,0.00,31.4,1.00,-0.077
163.80,DOWNWIND,113.89,110.54,31.40,0.00,-4.4,-0.2,8.8,-729.0,-2706,0.61,-0.078,-0.045,0.00,0,,404,0,2061,729,0.00,31.4,1.00,-0.077
163.90,DOWNWIND,113.89,110.48,31.40,0.00,-4.4,-0.2,8.8,-729.0,-2710,0.61,-0.078,-0.045,0.00,0,,401,0,2065,729,0.00,31.4,1.00,-0.077
164.00,DOWNWIND,113.89,110.42,31.40,0.00,-4.4,-0.2,8.8,-729.0,-2713,0.61,-0.078,-0.045,0.00,0,,398,0,2068,729,0.00,31.4,1.00,-0.077
164.10,DOWNWIND,113.89,110.37,31.40,0.00,-4.4,-0.2,8.8,-729.0,-2716,0.61,-0.078,-0.045,0.00,0,,395,0,2071,729,0.00,31.4,1.00,-0.077
164.20,DOWNWIND,113.89,110.31,31.40,0.00,-4.4,-0.2,8.8,-729.0,-2719,0.61,-0.078,-0.045,0.00,0,,392,0,2074,729,0.00,31.4,1.00,-0.077
164.30,DOWNWIND,113.89,110.26,31.40,0.00,-4.4,-0.2,8.8,-729.0,-2722,0.61,-0.078,-0.045,0.00,0,,389,0,2077,729,0.00,31.4,1.00,-0.077
164.40,DOWNWIND,113.89,110.22,31.40,0.00,-4.4,-0.2,8.8,-729.0,-2725,0.61,-0.078,-0.045,0.00,0,,385,0,2080,729,0.00,31.4,1.00,-0.077
164.50,DOWNWIND,113.89,110.17,31.40,0.00,-4.4,-0.2,8.8,-729.0,-2728,0.61,-0.078,-0.045,0.00,0,,382,0,2083,729,0.00,31.4,1.00,-0.077
164.60,DOWNWIND,113.89,110.13,31.40,0.00,-4.4,-0.2,8.8,-729.0,-2731,0.61,-0.078,-0.044,0.00,0,,379,0,2086,729,0.00,31.4,1.00,-0.077
164.70,DOWNWIND,113.89,110.10,31.40,0.00,-4.4,-0.2,8.8,-729.0,-2734,0.61,-0.078,-0.045,0.00,0,,376,0,2089,729,0.00,31.4,1.00,-0.077
164.80,DOWNWIND,113.89,110.09,31.40,0.00,-4.4,-0.3,8.7,-729.0,-2737,0.61,-0.078,-0.044,0.00,0,,373,0,2092,729,0.00,31.4,1.00,-0.077
164.90,DOWNWIND,113.89,110.08,31.40,-0.00,-4.4,-0.3,8.7,-729.0,-2741,0.61,-0.078,-0.044,0.00,0,,370,0,2096,729,0.00,31.4,1.00,-0.077
165.00,DOWNWIND,113.89,110.09,31.40,-0.00,-4.4,-0.4,8.7,-729.0,-2744,0.61,-0.078,-0.044,0.00,0,,367,0,2099,729,0.00,31.4,1.00,-0.077
165.10,DOWNWIND,113.89,110.10,31.40,-0.00,-4.4,-0.5,8.7,-729.0,-2747,0.61,-0.078,-0.044,0.00,0,,364,0,2102,729,0.00,31.4,1.00,-0.077
165.20,DOWNWIND,113.89,110.12,31.40,-0.00,-4.4,-0.6,8.7,-729.0,-2750,0.61,-0.078,-0.043,0.00,0,,361,0,2105,729,0.00,31.4,1.00,-0.077
165.30,DOWNWIND,113.89,110.14,31.40,-0.00,-4.4,-0.8,8.7,-729.0,-2753,0.61,-0.078,-0.044,0.00,0,,357,0,2108,729,0.00,31.4,1.00,-0.077
165.40,DOWNWIND,113.89,110.17,31.40,-0.00,-4.4,-0.9,8.6,-729.0,-2756,0.61,-0.078,-0.043,0.00,0,,354,0,2111,729,0.00,31.4,1.00,-0.077
165.50,DOWNWIND,113.89,110.20,31.40,-0.00,-4.4,-1.1,8.6,-729.0,-2759,0.61,-0.078,-0.044,0.00,0,,351,0,2114,729,0.00,31.4,1.00,-0.077
165.60,DOWNWIND,113.89,110.23,31.41,-0.01,-4.4,-1.3,8.6,-729.0,-2762,0.61,-0.078,-0.043,0.00,0,,348,0,2117,729,0.00,31.4,1.00,-0.077
165.70,DOWNWIND,113.89,110.26,31.41,-0.01,-4.4,-1.5,8.5,-729.0,-2765,0.61,-0.078,-0.042,0.00,0,,345,0,2120,729,0.00,31.4,1.00,-0.077
165.80,DOWNWIND,113.89,110.29,31.41,-0.01,-4.4,-1.8,8.5,-729.0,-2769,0.61,-0.078,-0.043,0.00,0,,342,0,2124,729,0.00,31.4,1.00,-0.077
165.90,DOWNWIND,113.89,110.31,31.41,-0.01,-4.4,-2.0,8.5,-729.0,-2772,0.61,-0.079,-0.042,0.00,0,,339,0,2127,729,0.00,31.4,1.00,-0.077
166.00,DOWNWIND,113.89,110.33,31.41,-0.02,-4.4,-2.3,8.5,-729.0,-2775,0.61,-0.079,-0.042,0.00,0,,336,0,2130,729,0.00,31.4,1.00,-0.077
166.10,DOWNWIND,113.89,110.34,31.41,-0.02,-4.4,-2.6,8.4,-729.0,-2778,0.61,-0.079,-0.043,0.00,0,,333,0,2133,729,0.00,31.4,1.00,-0.077
166.20,DOWNWIND,113.88,110.34,31.41,-0.02,-4.4,-2.8,8.4,-728.9,-2781,0.61,-0.079,-0.042,0.00,0,,330,0,2136,729,0.00,31.4,1.00,-0.076
166.30,DOWNWIND,113.88,110.33,31.41,-0.03,-4.4,-3.2,8.4,-728.9,-2784,0.61,-0.079,-0.043,0.00,0,,326,0,2139,729,0.00,31.4,1.00,-0.076
166.40,DOWNWIND,113.88,110.31,31.41,-0.03,-4.4,-3.5,8.4,-728.9,-2787,0.61,-0.079,-0.043,0.00,0,,323,0,2142,729,0.01,31.4,1.00,-0.076
166.50,DOWNWIND,113.88,110.28,31.41,-0.04,-4.4,-3.8,8.4,-728.8,-2790,0.61,-0.079,-0.041,0.00,0,,320,0,2145,729,0.01,31.4,1.00,-0.076
166.60,DOWNWIND,113.87,110.24,31.41,-0.04,-4.3,-4.2,8.5,-728.8,-2793,0.61,-0.079,-0.043,0.00,0,,317,0,2148,729,0.01,31.4,1.00,-0.075
166.70,DOWNWIND,113.87,110.20,31.41,-0.05,-4.3,-4.5,8.5,-728.8,-2796,0.61,-0.079,-0.042,0.00,0,,314,0,2151,729,0.01,31.4,1.00,-0.075
166.80,DOWNWIND,113.86,110.15,31.42,-0.05,-4.3,-4.9,8.6,-728.7,-2800,0.62,-0.079,-0.042,0.00,0,,311,0,2155,729,0.01,31.4,1.00,-0.075
166.90,DOWNWIND,113.86,110.11,31.42,-0.06,-4.3,-5.3,8.7,-728.7,-2803,0.62,-0.079,-0.044,0.00,0,,308,0,2158,729,0.01,31.4,1.00,-0.074
167.00,DOWNWIND,113.85,110.06,31.42,-0.06,-4.3,-5.7,8.7,-728.6,-2806,0.62,-0.079,-0.042,0.00,0,,305,0,2161,729,0.01,31.4,1.00,-0.074
167.10,DOWNWIND,113.84,110.00,31.42,-0.07,-4.3,-6.1,8.8,-728.5,-2809,0.62,-0.078,-0.044,0.00,0,,302,0,2164,729,0.01,31.4,1.00,-0.074
167.20,DOWNWIND,113.84,109.95,31.42,-0.08,-4.3,-6.4,9.0,-728.4,-2812,0.62,-0.078,-0.044,0.00,0,,299,0,2167,728,0.01,31.4,1.00,-0.073
167.30,DOWNWIND,113.83,109.89,31.43,-0.08,-4.3,-6.8,9.1,-728.3,-2815,0.62,-0.078,-0.043,0.00,0,,295,0,2170,728,0.02,31.4,1.00,-0.073
167.40,DOWNWIND,113.82,109.84,31.43,-0.09,-4.3,-7.3,9.2,-728.2,-2818,0.62,-0.078,-0.045,0.00,0,,292,0,2173,728,0.02,31.4,1.00,-0.072
167.50,DOWNWIND,113.81,109.78,31.43,-0.10,-4.2,-7.6,9.4,-728.1,-2821,0.62,-0.078,-0.044,0.00,1,,289,0,2176,728,0.02,31.4,1.00,-0.072
167.60,DOWNWIND,113.80,109.72,31.43,-0.11,-4.2,-8.1,9.6,-728.0,-2824,0.62,-0.077,-0.046,0.00,1,,286,0,2179,728,0.02,31.4,1.00,-0.071
167.70,DOWNWIND,113.79,109.67,31.44,-0.11,-4.2,-8.4,9.8,-727.9,-2827,0.62,-0.077,-0.045,0.00,1,,283,0,2182,728,0.02,31.4,1.00,-0.071
167.80,DOWNWIND,113.78,109.61,31.44,-0.12,-4.2,-8.8,9.9,-727.7,-2830,0.62,-0.077,-0.044,0.00,1,,280,0,2185,728,0.03,31.4,1.00,-0.070
167.90,DOWNWIND,113.77,109.55,31.44,-0.13,-4.2,-9.2,10.2,-727.6,-2834,0.62,-0.076,-0.046,0.00,1,,277,0,2189,728,0.03,31.4,1.00,-0.069
168.00,DOWNWIND,113.75,109.50,31.45,-0.14,-4.2,-9.6,10.4,-727.4,-2837,0.62,-0.076,-0.046,0.00,1,,274,0,2192,727,0.03,31.4,1.00,-0.069
168.10,DOWNWIND,113.74,109.45,31.45,-0.14,-4.1,-10.0,10.6,-727.2,-2840,0.62,-0.076,-0.046,0.00,1,,271,0,2195,727,0.03,31.4,1.00,-0.068
168.20,DOWNWIND,113.72,109.39,31.45,-0.15,-4.1,-10.4,10.9,-727.0,-2843,0.62,-0.075,-0.047,0.00,2,,268,0,2198,727,0.04,31.4,1.00,-0.067
168.30,DOWNWIND,113.71,109.35,31.46,-0.16,-4.1,-10.8,11.1,-726.8,-2846,0.62,-0.075,-0.045,0.00,2,,265,0,2201,727,0.04,31.4,1.00,-0.067
168.40,DOWNWIND,113.69,109.30,31.46,-0.17,-4.1,-11.1,11.1,-726.5,-2849,0.62,-0.075,-0.033,0.00,2,,262,0,2204,727,0.04,31.4,1.00,-0.066
168.50,DOWNWIND,113.68,109.26,31.47,-0.17,-4.1,-11.5,10.8,-726.3,-2852,0.62,-0.073,-0.015,0.00,2,,259,0,2207,726,0.05,31.4,1.00,-0.065
168.60,DOWNWIND,113.66,109.22,31.47,-0.18,-4.1,-11.9,10.5,-726.0,-2855,0.62,-0.073,-0.007,0.00,3,,255,0,2210,726,0.05,31.4,1.00,-0.065
168.70,DOWNWIND,113.64,109.17,31.47,-0.18,-4.1,-12.2,10.3,-725.7,-2858,0.62,-0.071,-0.009,0.00,3,,252,0,2213,726,0.05,31.4,1.00,-0.064
168.80,DOWNWIND,113.62,109.11,31.48,-0.18,-4.1,-12.6,10.1,-725.4,-2861,0.62,-0.070,-0.009,0.00,3,,249,0,2216,725,0.06,31.4,1.00,-0.063
168.90,DOWNWIND,113.60,109.05,31.48,-0.18,-4.1,-13.0,9.9,-725.0,-2864,0.62,-0.069,-0.014,0.00,4,,246,0,2219,725,0.06,31.4,1.00,-0.063
169.00,DOWNWIND,113.59,108.97,31.48,-0.18,-4.1,-13.3,9.8,-724.7,-2867,0.62,-0.068,-0.016,0.00,4,,243,0,2222,725,0.06,31.4,1.00,-0.062
169.10,DOWNWIND,113.57,108.90,31.49,-0.17,-4.1,-13.6,9.7,-724.3,-2870,0.62,-0.068,-0.017,0.00,4,,240,0,2225,724,0.07,31.4,1.00,-0.062
169.20,BASE,113.55,108.82,31.43,-0.19,-4.1,-14.0,9.6,-723.9,-2873,0.05,-0.029,-0.022,0.00,237,,724,0,2228,724,0.07,27.5,0.97,0.038
169.30,BASE,113.53,108.73,31.32,-0.24,-4.1,-14.3,9.5,-723.5,-2876,0.05,0.022,-0.022,0.00,234,,724,0,2231,724,0.07,27.5,0.92,0.029
169.40,BASE,113.50,108.64,31.20,-0.26,-3.9,-14.6,9.5,-723.1,-2879,0.05,-0.005,-0.025,0.00,231,,723,0,2234,723,0.08,27.5,0.87,0.021
169.50,BASE,113.48,108.54,31.09,-0.22,-3.6,-14.8,9.4,-722.6,-2882,0.05,-0.033,-0.030,0.00,228,,723,0,2237,723,0.08,27.5,0.82,0.012
169.60,BASE,113.46,108.45,30.97,-0.16,-3.4,-15.0,9.3,-722.1,-2885,0.05,-0.040,-0.033,0.00,225,,722,0,2240,722,0.09,27.5,0.77,0.003
169.70,BASE,113.45,108.36,30.86,-0.12,-3.4,-15.0,9.1,-721.6,-2888,0.05,-0.032,-0.035,0.00,222,,722,0,2243,722,0.09,27.5,0.72,-0.005
169.80,BASE,113.43,108.28,30.74,-0.11,-3.4,-15.1,9.0,-721.1,-2891,0.05,-0.025,-0.034,0.00,220,,721,0,2246,721,0.09,27.5,0.67,-0.013
169.90,BASE,113.42,108.19,30.63,-0.11,-3.5,-15.2,8.7,-720.6,-2894,0.05,-0.024,-0.034,0.00,217,,721,0,2249,721,0.10,27.5,0.62,-0.018
170.00,BASE,113.41,108.12,30.51,-0.13,-3.5,-15.3,8.5,-720.0,-2897,0.05,-0.025,-0.036,0.00,214,,720,0,2252,720,0.10,27.5,0.57,-0.023
170.10,BASE,113.40,108.04,30.40,-0.16,-3.6,-15.4,8.3,-719.4,-2900,0.05,-0.028,-0.033,0.00,211,,719,0,2255,719,0.10,27.5,0.52,-0.026
170.20,BASE,113.38,107.97,30.29,-0.20,-3.6,-15.5,8.0,-718.8,-2902,0.05,-0.027,-0.036,0.00,208,,719,0,2257,719,0.10,27.5,0.50,-0.027
170.30,BASE,113.36,107.89,30.19,-0.25,-3.7,-15.6,7.8,-718.2,-2905,0.05,-0.025,-0.037,0.00,205,,718,0,2260,718,0.11,27.5,0.50,-0.027
170.40,BASE,113.33,107.82,30.08,-0.30,-3.7,-15.6,7.5,-717.6,-2908,0.05,-0.024,-0.036,0.00,203,,718,0,2263,718,0.11,27.5,0.50,-0.027
170.50,BASE,113.30,107.75,29.98,-0.35,-3.8,-15.6,7.3,-716.9,-2911,0.05,-0.021,-0.036,0.00,200,,717,0,2266,717,0.12,27.5,0.50,-0.026
170.60,BASE,113.26,107.68,29.88,-0.40,-3.8,-15.6,7.1,-716.2,-2913,0.05,-0.020,-0.034,0.00,197,,716,0,2268,716,0.13,27.5,0.50,-0.025
170.70,BASE,113.22,107.61,29.78,-0.46,-3.9,-15.7,6.9,-715.5,-2916,0.08,-0.019,-0.037,0.00,194,,716,0,2271,716,0.14,27.5,0.53,-0.024
170.80,BASE,113.17,107.54,29.70,-0.50,-3.9,-15.7,6.7,-714.8,-2919,0.12,-0.019,-0.035,0.00,192,,715,0,2274,715,0.15,27.5,0.58,-0.023
170.90,BASE,113.12,107.48,29.62,-0.54,-3.9,-15.8,6.6,-714.1,-2922,0.15,-0.020,-0.038,0.00,189,,714,0,2277,714,0.16,27.5,0.63,-0.022
171.00,BASE,113.07,107.42,29.55,-0.58,-3.9,-15.8,6.4,-713.3,-2924,0.18,-0.021,-0.037,0.00,186,,713,0,2279,713,0.17,27.5,0.68,-0.021
171.10,BASE,113.01,107.37,29.49,-0.61,-3.9,-15.9,6.3,-712.5,-2927,0.21,-0.022,-0.040,0.00,184,,713,0,2282,713,0.18,27.5,0.73,-0.021
171.20,BASE,112.95,107.32,29.43,-0.63,-3.9,-16.0,6.2,-711.7,-2929,0.23,-0.023,-0.038,0.00,181,,712,0,2284,712,0.19,27.5,0.78,-0.020
171.30,BASE,112.88,107.27,29.38,-0.64,-3.8,-16.1,6.1,-710.9,-2932,0.25,-0.022,-0.040,0.00,178,,711,0,2287,711,0.20,27.5,0.83,-0.020
171.40,BASE,112.82,107.23,29.34,-0.66,-3.8,-16.0,6.0,-710.1,-2935,0.27,-0.022,-0.041,0.00,176,,710,0,2290,710,0.22,27.5,0.88,-0.019
171.50,BASE,112.75,107.18,29.30,-0.66,-3.8,-16.0,6.0,-709.2,-2937,0.29,-0.022,-0.040,0.00,173,,709,0,2292,709,0.23,27.5,0.93,-0.019
171.60,BASE,112.69,107.14,29.26,-0.67,-3.8,-16.0,6.0,-708.3,-2940,0.30,-0.022,-0.042,0.00,171,,708,0,2295,708,0.24,27.5,0.98,-0.018
171.70,BASE,112.62,107.11,29.23,-0.66,-3.8,-16.0,5.9,-707.4,-2942,0.32,-0.022,-0.041,0.00,168,,707,0,2297,707,0.26,27.5,1.00,-0.017
171.80,BASE,112.55,107.07,29.20,-0.66,-3.7,-16.0,5.9,-706.5,-2945,0.33,-0.021,-0.043,0.00,166,,706,0,2300,706,0.27,27.5,1.00,-0.016
171.90,BASE,112.49,107.03,29.17,-0.65,-3.7,-16.0,5.9,-705.5,-2947,0.34,-0.021,-0.042,0.00,163,,706,0,2302,706,0.28,27.5,1.00,-0.014
172.00,BASE,112.42,107.00,29.14,-0.64,-3.7,-16.0,5.9,-704.5,-2950,0.35,-0.021,-0.044,0.00,161,,705,0,2305,705,0.30,27.5,1.00,-0.012
172.10,BASE,112.36,106.96,29.11,-0.62,-3.6,-16.0,5.9,-703.5,-2952,0.36,-0.021,-0.043,0.00,158,,704,0,2307,704,0.31,27.5,1.00,-0.011
172.20,BASE,112.30,106.93,29.09,-0.60,-3.6,-16.0,5.9,-702.5,-2955,0.37,-0.021,-0.043,0.00,156,,703,0,2310,703,0.32,27.5,1.00,-0.010
172.30,BASE,112.24,106.89,29.07,-0.58,-3.5,-16.0,6.0,-701.5,-2957,0.38,-0.021,-0.043,0.00,153,,701,0,2312,701,0.33,27.5,1.00,-0.008
172.40,BASE,112.18,106.86,29.05,-0.56,-3.4,-16.0,5.9,-700.4,-2960,0.39,-0.021,-0.041,0.00,151,,700,0,2315,700,0.34,27.5,1.00,-0.007
172.50,BASE,112.12,106.82,29.03,-0.53,-3.4,-16.0,6.0,-699.3,-2962,0.40,-0.021,-0.044,0.00,148,,699,0,2317,699,0.36,27.5,1.00,-0.006
172.60,BASE,112.07,106.79,29.01,-0.50,-3.3,-16.0,5.9,-698.2,-2965,0.40,-0.022,-0.041,0.00,146,,698,0,2320,698,0.37,27.5,1.00,-0.005
172.70,BASE,112.02,106.75,28.99,-0.48,-3.2,-16.0,5.9,-697.0,-2967,0.41,-0.022,-0.044,0.00,144,,697,0,2322,697,0.38,27.5,1.00,-0.004
172.80,BASE,111.98,106.71,28.97,-0.45,-3.2,-15.9,5.9,-695.9,-2969,0.42,-0.022,-0.041,0.00,141,,696,0,2324,696,0.39,27.5,1.00,-0.003
172.90,BASE,111.93,106.67,28.95,-0.42,-3.1,-15.9,5.9,-694.7,-2972,0.42,-0.022,-0.045,0.00,139,,695,0,2327,695,0.39,27.5,1.00,-0.002
173.00,BASE,111.89,106.63,28.93,-0.38,-3.0,-15.8,5.9,-693.5,-2974,0.43,-0.022,-0.043,0.00,137,,694,0,2329,694,0.40,27.5,1.00,-0.001
173.10,BASE,111.86,106.59,28.91,-0.35,-3.0,-15.6,5.9,-692.3,-2976,0.43,-0.022,-0.042,0.00,134,,692,0,2331,692,0.41,27.5,1.00,-0.001
173.20,BASE,111.82,106.54,28.89,-0.32,-2.9,-15.5,5.9,-691.0,-2978,0.44,-0.023,-0.041,0.00,132,,691,0,2333,691,0.42,27.5,1.00,-0.000
173.30,BASE,111.79,106.50,28.87,-0.28,-2.9,-15.4,6.0,-689.8,-2981,0.44,-0.023,-0.042,0.00,130,,690,0,2336,690,0.42,27.5,1.00,-0.000
173.40,BASE,111.76,106.45,28.86,-0.25,-2.8,-15.3,6.0,-688.5,-2983,0.45,-0.024,-0.040,0.00,127,,688,0,2338,688,0.43,27.5,1.00,0.000
173.50,BASE,111.74,106.40,28.84,-0.21,-2.7,-15.3,6.0,-687.2,-2985,0.45,-0.024,-0.041,0.00,125,,687,0,2340,687,0.43,27.5,1.00,0.000
173.60,BASE,111.72,106.34,28.82,-0.18,-2.7,-15.2,6.0,-685.9,-2987,0.46,-0.025,-0.040,0.00,123,,686,0,2342,686,0.44,27.5,1.00,0.000
173.70,BASE,111.70,106.29,28.80,-0.14,-2.6,-15.1,6.0,-684.5,-2990,0.46,-0.025,-0.040,0.00,121,,685,0,2345,685,0.44,27.5,1.00,0.000
173.80,BASE,111.69,106.24,28.78,-0.11,-2.6,-15.0,6.0,-683.1,-2992,0.46,-0.026,-0.039,0.00,119,,683,0,2347,683,0.44,27.5,1.00,0.000
173.90,BASE,111.68,106.18,28.76,-0.08,-2.5,-15.0,6.0,-681.8,-2994,0.47,-0.027,-0.040,0.00,117,,682,0,2349,682,0.44,27.5,1.00,-0.000
174.00,BASE,111.67,106.13,28.74,-0.04,-2.5,-14.9,6.0,-680.4,-2996,0.47,-0.027,-0.038,0.00,114,,680,0,2351,680,0.45,27.5,1.00,-0.000
174.10,BASE,111.67,106.07,28.72,-0.01,-2.4,-14.8,6.0,-678.9,-2998,0.48,-0.028,-0.037,0.00,112,,679,0,2353,679,0.45,27.5,1.00,-0.001
174.20,BASE,111.67,106.02,28.70,0.01,-2.4,-14.8,6.0,-677.5,-3000,0.48,-0.028,-0.037,0.00,110,,677,0,2355,677,0.45,27.5,1.00,-0.001
174.30,BASE,111.67,105.97,28.68,0.04,-2.3,-14.7,6.0,-676.0,-3002,0.48,-0.029,-0.037,0.00,108,,676,0,2357,676,0.45,27.5,1.00,-0.001
174.40,BASE,111.68,105.91,28.67,0.07,-2.3,-14.7,5.9,-674.6,-3004,0.49,-0.029,-0.036,0.00,106,,675,0,2359,675,0.45,27.5,1.00,-0.002
174.50,BASE,111.69,105.86,28.65,0.09,-2.2,-14.6,5.9,-673.1,-3006,0.49,-0.030,-0.036,0.00,104,,673,0,2361,673,0.44,27.5,1.00,-0.002
174.60,BASE,111.70,105.80,28.63,0.12,-2.2,-14.6,5.9,-671.6,-3008,0.49,-0.031,-0.036,0.00,102,,672,0,2363,672,0.44,27.5,1.00,-0.003
174.70,BASE,111.71,105.75,28.61,0.14,-2.2,-14.5,5.9,-670.0,-3010,0.49,-0.031,-0.035,0.00,100,,670,0,2365,670,0.44,27.5,1.00,-0.003
174.80,BASE,111.72,105.69,28.59,0.16,-2.1,-14.4,5.8,-668.5,-3012,0.50,-0.032,-0.035,0.00,98,,668,0,2367,668,0.44,27.5,1.00,-0.004
174.90,BASE,111.74,105.64,28.57,0.18,-2.1,-14.4,5.8,-666.9,-3014,0.50,-0.032,-0.036,0.00,96,,667,0,2369,667,0.43,27.5,1.00,-0.004
175.00,BASE,111.76,105.58,28.55,0.19,-2.1,-14.2,5.8,-665.4,-3016,0.50,-0.032,-0.035,0.00,94,,665,0,2371,665,0.43,27.5,1.00,-0.005
175.10,BASE,111.78,105.52,28.54,0.21,-2.1,-14.0,5.8,-663.8,-3018,0.51,-0.032,-0.033,0.00,92,,664,0,2373,664,0.43,27.5,1.00,-0.005
175.20,BASE,111.80,105.47,28.52,0.23,-2.0,-13.9,5.7,-662.2,-3020,0.51,-0.033,-0.033,0.00,91,,662,0,2375,662,0.42,27.5,1.00,-0.006
175.30,BASE,111.82,105.41,28.50,0.24,-2.0,-13.8,5.7,-660.5,-3022,0.51,-0.034,-0.032,0.00,89,,661,0,2377,661,0.42,27.5,1.00,-0.006
175.40,BASE,111.85,105.35,28.48,0.26,-2.0,-13.8,5.7,-658.9,-3024,0.51,-0.034,-0.033,0.00,87,,659,0,2379,659,0.41,27.5,1.00,-0.007
175.50,BASE,111.87,105.29,28.46,0.27,-2.0,-13.7,5.7,-657.3,-3025,0.51,-0.035,-0.031,0.00,85,,657,0,2380,657,0.41,27.5,1.00,-0.007
175.60,BASE,111.90,105.23,28.45,0.29,-2.0,-13.6,5.7,-655.6,-3027,0.52,-0.035,-0.032,0.00,83,,656,0,2382,656,0.40,27.5,1.00,-0.008
175.70,BASE,111.93,105.18,28.43,0.30,-2.0,-13.5,5.6,-653.9,-3029,0.52,-0.036,-0.030,0.00,81,,654,0,2384,654,0.40,27.5,1.00,-0.009
175.80,BASE,111.96,105.12,28.41,0.31,-1.9,-13.5,5.6,-652.2,-3031,0.52,-0.036,-0.031,0.00,80,,652,0,2386,652,0.39,27.5,1.00,-0.009
175.90,BASE,111.99,105.06,28.40,0.32,-1.9,-13.4,5.6,-650.5,-3033,0.52,-0.036,-0.030,0.00,78,,651,0,2388,651,0.38,27.5,1.00,-0.010
176.00,BASE,112.02,105.01,28.38,0.33,-1.9,-13.4,5.5,-648.8,-3034,0.52,-0.037,-0.030,0.00,76,,649,0,2389,649,0.38,27.5,1.00,-0.010
176.10,BASE,112.06,104.96,28.36,0.33,-1.9,-13.3,5.5,-647.1,-3036,0.53,-0.037,-0.029,0.00,74,,647,0,2391,647,0.37,27.5,1.00,-0.011
176.20,BASE,112.09,104.91,28.35,0.34,-1.9,-13.3,5.4,-645.3,-3038,0.53,-0.037,-0.029,0.00,73,,645,0,2393,645,0.36,27.5,1.00,-0.012
176.30,BASE,112.12,104.86,28.33,0.34,-1.9,-13.3,5.4,-643.6,-3039,0.53,-0.038,-0.030,0.00,71,,644,0,2394,644,0.36,27.5,1.00,-0.012
176.40,BASE,112.16,104.81,28.32,0.35,-1.9,-13.2,5.3,-641.8,-3041,0.53,-0.038,-0.028,0.00,69,,642,0,2396,642,0.35,27.5,1.00,-0.013
176.50,BASE,112.19,104.77,28.30,0.35,-1.9,-13.2,5.2,-640.0,-3043,0.53,-0.038,-0.029,0.00,68,,640,0,2398,640,0.34,27.5,1.00,-0.013
176.60,BASE,112.23,104.73,28.29,0.35,-1.9,-13.1,5.2,-638.3,-3044,0.53,-0.038,-0.027,0.00,66,,638,0,2399,638,0.34,27.5,1.00,-0.013
176.70,BASE,112.26,104.69,28.27,0.35,-1.9,-13.1,5.1,-636.4,-3046,0.53,-0.039,-0.028,0.00,65,,636,0,2401,636,0.33,27.5,1.00,-0.014
176.80,BASE,112.30,104.65,28.26,0.35,-1.9,-13.1,5.0,-634.6,-3047,0.54,-0.039,-0.026,0.00,63,,635,0,2402,635,0.32,27.5,1.00,-0.014
176.90,BASE,112.33,104.62,28.25,0.35,-1.9,-13.0,4.9,-632.8,-3049,0.54,-0.039,-0.027,0.00,61,,633,0,2404,633,0.31,27.5,1.00,-0.015
177.00,BASE,112.37,104.58,28.23,0.35,-1.9,-13.0,4.9,-631.0,-3051,0.54,-0.039,-0.025,0.00,60,,631,0,2406,631,0.31,27.5,1.00,-0.015
177.10,BASE,112.40,104.55,28.22,0.35,-1.9,-13.0,4.8,-629.1,-3052,0.54,-0.039,-0.026,0.00,58,,629,0,2407,629,0.30,27.5,1.00,-0.015
177.20,BASE,112.44,104.51,28.21,0.35,-1.9,-12.9,4.7,-627.3,-3054,0.54,-0.039,-0.024,0.00,57,,627,0,2409,627,0.29,27.5,1.00,-0.016
177.30,BASE,112.47,104.48,28.20,0.34,-1.9,-12.9,4.7,-625.4,-3055,0.54,-0.039,-0.026,0.00,55,,625,0,2410,625,0.29,27.5,1.00,-0.016
177.40,BASE,112.51,104.44,28.19,0.34,-1.9,-12.9,4.6,-623.5,-3056,0.54,-0.039,-0.024,0.00,54,,624,0,2411,624,0.28,27.5,1.00,-0.016
177.50,BASE,112.54,104.41,28.17,0.34,-1.9,-12.9,4.5,-621.6,-3058,0.54,-0.039,-0.025,0.00,53,,622,0,2413,622,0.27,27.5,1.00,-0.016
177.60,BASE,112.57,104.37,28.16,0.33,-1.9,-12.8,4.5,-619.7,-3059,0.54,-0.039,-0.025,0.00,51,,620,0,2414,620,0.27,27.5,1.00,-0.017
177.70,BASE,112.61,104.34,28.15,0.33,-1.9,-12.7,4.4,-617.8,-3061,0.54,-0.039,-0.024,0.00,50,,618,0,2416,618,0.26,27.5,1.00,-0.017
177.80,BASE,112.64,104.31,28.14,0.33,-1.9,-12.5,4.4,-615.9,-3062,0.54,-0.039,-0.023,0.00,48,,616,0,2417,616,0.25,27.5,1.00,-0.017
177.90,BASE,112.67,104.29,28.13,0.33,-1.9,-12.5,4.4,-614.0,-3063,0.54,-0.039,-0.024,0.00,47,,614,0,2418,614,0.25,27.5,1.00,-0.017
178.00,BASE,112.71,104.27,28.12,0.33,-2.0,-12.4,4.3,-612.0,-3065,0.54,-0.039,-0.022,0.00,46,,612,0,2420,612,0.24,27.5,1.00,-0.018
178.10,BASE,112.74,104.25,28.11,0.33,-2.0,-12.4,4.3,-610.1,-3066,0.54,-0.039,-0.023,0.00,44,,610,0,2421,610,0.23,27.5,1.00,-0.018
178.20,BASE,112.77,104.24,28.10,0.33,-2.0,-12.3,4.3,-608.1,-3067,0.54,-0.039,-0.021,0.00,43,,608,0,2422,608,0.23,27.5,1.00,-0.018
178.30,BASE,112.80,104.23,28.09,0.33,-2.0,-12.3,4.2,-606.2,-3069,0.54,-0.039,-0.023,0.00,42,,606,0,2424,606,0.22,27.5,1.00,-0.019
178.40,BASE,112.84,104.23,28.08,0.33,-2.0,-12.2,4.2,-604.2,-3070,0.54,-0.040,-0.021,0.00,41,,604,0,2425,604,0.21,27.5,1.00,-0.019
178.50,BASE,112.87,104.22,28.07,0.32,-2.0,-12.2,4.1,-602.2,-3071,0.54,-0.039,-0.022,0.00,39,,602,0,2426,602,0.21,27.5,1.00,-0.020
178.60,BASE,112.90,104.22,28.06,0.32,-2.0,-12.1,4.1,-600.2,-3072,0.54,-0.040,-0.022,0.00,38,,600,0,2427,600,0.20,27.5,1.00,-0.020
178.70,BASE,112.93,104.21,28.06,0.32,-2.0,-12.1,4.0,-598.2,-3073,0.54,-0.040,-0.021,0.00,37,,598,0,2428,598,0.19,27.5,1.00,-0.020
178.80,BASE,112.97,104.21,28.05,0.32,-2.0,-12.1,3.9,-596.2,-3075,0.54,-0.040,-0.021,0.00,36,,596,0,2430,596,0.19,27.5,1.00,-0.021
178.90,BASE,113.00,104.20,28.04,0.32,-2.0,-12.0,3.9,-594.2,-3076,0.54,-0.040,-0.020,0.00,35,,594,0,2431,594,0.18,27.5,1.00,-0.021
179.00,BASE,113.03,104.20,28.03,0.31,-2.0,-12.0,3.8,-592.2,-3077,0.54,-0.040,-0.021,0.00,34,,592,0,2432,592,0.17,27.5,1.00,-0.021
179.10,BASE,113.06,104.19,28.02,0.31,-2.0,-12.0,3.7,-590.1,-3078,0.54,-0.040,-0.019,0.00,32,,590,0,2433,590,0.17,27.5,1.00,-0.021
179.20,BASE,113.09,104.19,28.01,0.30,-2.0,-12.0,3.6,-588.1,-3079,0.54,-0.040,-0.020,0.00,31,,588,0,2434,588,0.16,27.5,1.00,-0.022
179.30,BASE,113.12,104.18,28.00,0.30,-2.1,-11.9,3.5,-586.1,-3080,0.54,-0.040,-0.018,0.00,30,,586,0,2435,586,0.16,27.5,1.00,-0.022
179.40,BASE,113.15,104.17,28.00,0.29,-2.1,-11.9,3.4,-584.0,-3081,0.54,-0.040,-0.019,0.00,29,,584,0,2436,584,0.15,27.5,1.00,-0.022
179.50,BASE,113.18,104.15,27.99,0.29,-2.1,-11.9,3.3,-582.0,-3082,0.54,-0.040,-0.016,0.00,28,,582,0,2437,582,0.14,27.5,1.00,-0.022
179.60,BASE,113.21,104.14,27.98,0.28,-2.1,-11.9,3.2,-579.9,-3083,0.54,-0.040,-0.018,0.00,27,,580,0,2438,580,0.14,27.5,1.00,-0.023
179.70,BASE,113.24,104.12,27.97,0.28,-2.1,-11.9,3.1,-577.8,-3084,0.54,-0.040,-0.015,0.00,26,,578,0,2439,578,0.13,27.5,1.00,-0.023
179.80,BASE,113.27,104.10,27.97,0.27,-2.1,-11.8,3.0,-575.7,-3085,0.54,-0.040,-0.016,0.00,25,,576,0,2440,576,0.13,27.5,1.00,-0.023
179.90,BASE,113.29,104.07,27.96,0.27,-2.1,-11.8,2.9,-573.6,-3086,0.54,-0.040,-0.016,0.00,24,,574,0,2441,574,0.12,27.5,1.00,-0.023
180.00,BASE,113.32,104.05,27.95,0.26,-2.1,-11.8,2.8,-571.6,-3087,0.54,-0.040,-0.015,0.00,23,,572,0,2442,572,0.12,27.5,1.00,-0.023
180.10,BASE,113.35,104.02,27.95,0.26,-2.1,-11.8,2.8,-569.5,-3088,0.54,-0.040,-0.016,0.00,22,,569,0,2443,569,0.11,27.5,1.00,-0.023
180.20,BASE,113.37,103.99,27.94,0.25,-2.1,-11.8,2.7,-567.4,-3089,0.54,-0.040,-0.014,0.00,21,,567,0,2444,567,0.11,27.5,1.00,-0.024
180.30,BASE,113.40,103.96,27.93,0.25,-2.1,-11.8,2.6,-565.2,-3090,0.54,-0.040,-0.016,0.00,20,,565,0,2445,565,0.10,27.5,1.00,-0.024
180.40,BASE,113.42,103.93,27.93,0.24,-2.1,-11.8,2.5,-563.1,-3091,0.54,-0.040,-0.014,0.00,20,,563,0,2446,563,0.10,27.5,1.00,-0.024
180.50,BASE,113.44,103.90,27.92,0.24,-2.1,-11.8,2.5,-561.0,-3092,0.54,-0.040,-0.015,0.00,19,,561,0,2447,561,0.09,27.5,1.00,-0.024
180.60,BASE,113.47,103.86,27.92,0.24,-2.2,-11.7,2.4,-558.9,-3093,0.54,-0.040,-0.013,0.00,18,,559,0,2448,559,0.09,27.5,1.00,-0.024
180.70,BASE,113.49,103.83,27.91,0.23,-2.2,-11.8,2.3,-556.7,-3093,0.54,-0.040,-0.014,0.00,17,,557,0,2448,557,0.08,27.5,1.00,-0.024
180.80,BASE,113.52,103.80,27.91,0.23,-2.2,-11.7,2.3,-554.6,-3094,0.54,-0.040,-0.012,0.00,16,,555,0,2449,555,0.08,27.5,1.00,-0.025
180.90,BASE,113.54,103.76,27.90,0.23,-2.2,-11.7,2.2,-552.5,-3095,0.54,-0.040,-0.014,0.00,16,,552,0,2450,552,0.07,27.5,1.00,-0.025
181.00,BASE,113.56,103.73,27.89,0.22,-2.2,-11.7,2.1,-550.3,-3096,0.54,-0.040,-0.012,0.00,15,,550,0,2451,550,0.07,27.5,1.00,-0.025
181.10,BASE,113.58,103.70,27.89,0.22,-2.2,-11.7,2.1,-548.2,-3096,0.54,-0.040,-0.013,0.00,14,,548,0,2451,548,0.06,27.5,1.00,-0.025
181.20,BASE,113.60,103.67,27.88,0.22,-2.2,-11.6,2.0,-546.0,-3097,0.54,-0.040,-0.014,0.00,13,,546,0,2452,546,0.06,27.5,1.00,-0.025
181.30,BASE,113.63,103.64,27.88,0.22,-2.2,-11.6,2.0,-543.9,-3098,0.54,-0.040,-0.012,0.00,13,,544,0,2453,544,0.06,27.5,1.00,-0.026
181.40,BASE,113.65,103.61,27.87,0.21,-2.2,-11.5,1.9,-541.7,-3098,0.54,-0.040,-0.013,0.00,12,,542,0,2453,542,0.05,27.5,1.00,-0.026
181.50,BASE,113.67,103.58,27.87,0.21,-2.2,-11.4,1.9,-539.5,-3099,0.54,-0.041,-0.012,0.00,11,,540,0,2454,540,0.05,27.5,1.00,-0.026
181.60,BASE,113.69,103.56,27.86,0.21,-2.2,-11.4,1.8,-537.3,-3100,0.54,-0.041,-0.012,0.00,11,,537,0,2455,537,0.04,27.5,1.00,-0.026
181.70,BASE,113.71,103.54,27.86,0.21,-2.2,-11.3,1.8,-535.2,-3100,0.54,-0.041,-0.011,0.00,10,,535,0,2455,535,0.04,27.5,1.00,-0.027
181.80,BASE,113.73,103.53,27.85,0.21,-2.2,-11.2,1.7,-533.0,-3101,0.54,-0.041,-0.012,0.00,10,,533,0,2456,533,0.03,27.5,1.00,-0.027
181.90,BASE,113.75,103.51,27.85,0.21,-2.2,-11.1,1.7,-530.8,-3102,0.54,-0.041,-0.010,0.00,9,,531,0,2457,531,0.03,27.5,1.00,-0.027
182.00,BASE,113.78,103.50,27.84,0.21,-2.2,-11.0,1.6,-528.6,-3102,0.54,-0.041,-0.011,0.00,8,,529,0,2457,529,0.03,27.5,1.00,-0.028
182.10,BASE,113.80,103.50,27.83,0.22,-2.2,-10.8,1.5,-526.4,-3103,0.54,-0.042,-0.010,0.00,8,,526,0,2458,526,0.02,27.5,1.00,-0.028
182.20,BASE,113.82,103.50,27.83,0.22,-2.3,-10.7,1.5,-524.2,-3103,0.54,-0.042,-0.010,0.00,7,,524,0,2458,524,0.02,27.5,1.00,-0.029
182.30,BASE,113.84,103.51,27.82,0.22,-2.3,-10.6,1.4,-522.0,-3104,0.54,-0.042,-0.010,0.00,7,,522,0,2459,522,0.01,27.5,1.00,-0.029
182.40,BASE,113.86,103.51,27.82,0.22,-2.3,-10.4,1.4,-519.8,-3104,0.54,-0.043,-0.009,0.00,6,,520,0,2459,520,0.01,27.5,1.00,-0.029
182.50,BASE,113.89,103.52,27.81,0.23,-2.3,-10.2,1.3,-517.6,-3105,0.54,-0.043,-0.009,0.00,6,,518,0,2460,518,0.00,27.5,1.00,-0.030
182.60,BASE,113.91,103.54,27.80,0.23,-2.3,-10.1,1.3,-515.4,-3105,0.54,-0.044,-0.008,0.00,5,,515,0,2460,515,-0.00,27.5,1.00,-0.031
182.70,BASE,113.93,103.56,27.80,0.23,-2.3,-9.9,1.2,-513.2,-3105,0.53,-0.044,-0.009,0.00,5,,513,0,2460,513,-0.01,27.5,1.00,-0.031
182.80,BASE,113.95,103.58,27.79,0.24,-2.3,-9.7,1.1,-511.0,-3106,0.53,-0.045,-0.008,0.00,5,,511,0,2461,511,-0.01,27.5,1.00,-0.032
182.90,BASE,113.98,103.61,27.79,0.24,-2.3,-9.5,1.0,-508.8,-3106,0.53,-0.045,-0.007,0.00,4,,509,0,2461,509,-0.01,27.5,1.00,-0.032
183.00,BASE,114.00,103.64,27.78,0.24,-2.3,-9.2,1.0,-506.6,-3107,0.53,-0.044,-0.007,0.00,4,,507,0,2462,507,-0.02,27.5,1.00,-0.033
183.10,BASE,114.03,103.68,27.77,0.24,-2.3,-9.0,0.9,-504.4,-3107,0.53,-0.040,-0.006,0.00,3,,504,0,2462,504,-0.02,27.5,1.00,-0.033
183.20,BASE,114.05,103.72,27.77,0.23,-2.4,-8.8,0.7,-502.1,-3107,0.53,-0.037,-0.006,0.00,3,,502,0,2462,502,-0.03,27.5,1.00,-0.034
183.30,BASE,114.07,103.76,27.76,0.22,-2.4,-8.6,0.6,-499.9,-3108,0.53,-0.037,-0.005,0.00,3,,500,0,2463,500,-0.03,27.5,1.00,-0.034
183.40,BASE,114.09,103.81,27.76,0.21,-2.5,-8.4,0.5,-497.7,-3108,0.53,-0.039,-0.004,0.00,2,,498,0,2463,498,-0.04,27.5,1.00,-0.034
183.50,BASE,114.12,103.86,27.75,0.20,-2.5,-8.2,0.4,-495.5,-3108,0.53,-0.040,-0.004,0.00,2,,495,0,2463,495,-0.04,27.5,1.00,-0.034
183.60,BASE,114.14,103.91,27.75,0.19,-2.5,-8.0,0.2,-493.3,-3109,0.53,-0.040,-0.003,0.00,2,,493,0,2464,493,-0.05,27.5,1.00,-0.034
183.70,BASE,114.15,103.97,27.75,0.19,-2.5,-7.8,0.1,-491.1,-3109,0.53,-0.040,-0.003,0.00,2,,491,0,2464,491,-0.05,27.5,1.00,-0.034
183.80,BASE,114.17,104.03,27.74,0.18,-2.5,-7.5,-0.1,-488.8,-3109,0.53,-0.039,-0.003,0.00,1,,489,0,2464,489,-0.05,27.5,1.00,-0.034
183.90,BASE,114.19,104.09,27.74,0.17,-2.6,-7.3,-0.3,-486.6,-3109,0.53,-0.039,-0.002,0.00,1,,487,0,2464,487,-0.06,27.5,1.00,-0.034
184.00,BASE,114.21,104.16,27.74,0.17,-2.6,-7.1,-0.5,-484.4,-3110,0.53,-0.039,-0.002,0.00,1,,484,0,2465,484,-0.06,27.5,1.00,-0.034
184.10,BASE,114.22,104.23,27.73,0.16,-2.6,-6.9,-0.7,-482.2,-3110,0.53,-0.039,-0.001,0.00,1,,482,0,2465,482,-0.06,27.5,1.00,-0.035
184.20,BASE,114.24,104.29,27.73,0.15,-2.6,-6.7,-0.9,-479.9,-3110,0.53,-0.039,-0.001,0.00,0,,480,0,2465,480,-0.07,27.5,1.00,-0.035
184.30,BASE,114.25,104.36,27.73,0.15,-2.6,-6.5,-1.1,-477.7,-3110,0.53,-0.039,-0.000,0.00,0,,478,0,2465,478,-0.07,27.5,1.00,-0.035
184.40,BASE,114.27,104.43,27.72,0.14,-2.6,-6.2,-1.3,-475.5,-3110,0.53,-0.039,0.000,0.00,0,,475,0,2465,475,-0.07,27.5,1.00,-0.035
184.50,BASE,114.28,104.51,27.72,0.14,-2.6,-6.0,-1.5,-473.3,-3111,0.53,-0.039,0.001,0.00,0,,473,0,2466,473,-0.08,27.5,1.00,-0.035
184.60,BASE,114.30,104.58,27.72,0.13,-2.7,-5.8,-1.8,-471.0,-3111,0.53,-0.039,0.001,0.00,0,,471,0,2466,471,-0.08,27.5,1.00,-0.035
184.70,BASE,114.31,104.65,27.72,0.13,-2.7,-5.6,-2.0,-468.8,-3111,0.53,-0.039,0.002,0.00,0,,469,0,2466,469,-0.08,27.5,1.00,-0.035
184.80,BASE,114.32,104.73,27.71,0.13,-2.7,-5.4,-2.3,-466.6,-3111,0.53,-0.039,0.002,0.00,1,,467,0,2466,467,-0.08,27.5,1.00,-0.035
184.90,BASE,114.34,104.80,27.71,0.12,-2.7,-5.2,-2.4,-464.3,-3111,0.53,-0.039,-0.004,0.00,1,,464,0,2466,464,-0.09,27.5,1.00,-0.035
185.00,BASE,114.35,104.88,27.71,0.12,-2.7,-5.0,-2.2,-462.1,-3111,0.53,-0.040,-0.018,0.00,1,,462,0,2466,462,-0.09,27.5,1.00,-0.035
185.10,BASE,114.36,104.96,27.71,0.12,-2.7,-4.8,-2.1,-459.9,-3111,0.53,-0.040,-0.024,0.00,1,,460,0,2466,460,-0.09,27.5,1.00,-0.035
185.20,BASE,114.37,105.03,27.71,0.11,-2.7,-4.6,-1.9,-457.7,-3111,0.53,-0.040,-0.025,0.00,1,,458,0,2466,458,-0.09,27.5,1.00,-0.035
185.30,BASE,114.38,105.11,27.70,0.11,-2.7,-4.4,-1.8,-455.4,-3112,0.53,-0.040,-0.024,0.00,1,,455,0,2467,455,-0.10,27.5,1.00,-0.036
185.40,BASE,114.39,105.19,27.70,0.11,-2.7,-4.2,-1.8,-453.2,-3112,0.53,-0.040,-0.022,0.00,1,,453,0,2467,453,-0.10,27.5,1.00,-0.036
185.50,BASE,114.40,105.27,27.70,0.10,-2.7,-4.0,-1.7,-451.0,-3112,0.52,-0.040,-0.020,0.00,1,,451,0,2467,451,-0.10,27.5,1.00,-0.036
185.60,BASE,114.41,105.35,27.70,0.10,-2.7,-3.8,-1.7,-448.8,-3112,0.52,-0.040,-0.017,0.00,1,,449,0,2467,449,-0.10,27.5,1.00,-0.036
185.70,BASE,114.42,105.43,27.70,0.10,-2.7,-3.6,-1.6,-446.5,-3112,0.52,-0.040,-0.015,0.00,1,,447,0,2467,447,-0.10,27.5,1.00,-0.036
185.80,BASE,114.43,105.51,27.69,0.09,-2.7,-3.4,-1.6,-444.3,-3112,0.52,-0.040,-0.013,0.00,1,,444,0,2467,444,-0.11,27.5,1.00,-0.036
185.90,BASE,114.44,105.59,27.69,0.09,-2.7,-3.2,-1.5,-442.1,-3112,0.52,-0.040,-0.011,0.00,1,,442,0,2467,442,-0.11,27.5,1.00,-0.036
186.00,BASE,114.45,105.67,27.69,0.09,-2.7,-3.1,-1.5,-439.8,-3112,0.52,-0.040,-0.010,0.00,1,,440,0,2467,440,-0.11,27.5,1.00,-0.036
186.10,BASE,114.46,105.76,27.69,0.08,-2.7,-2.9,-1.4,-437.6,-3112,0.52,-0.040,-0.008,0.00,2,,438,0,2467,438,-0.11,27.5,1.00,-0.036
186.20,BASE,114.47,105.84,27.69,0.08,-2.7,-2.8,-1.3,-435.4,-3112,0.52,-0.039,-0.007,0.00,2,,435,0,2467,435,-0.11,27.5,1.00,-0.036
186.30,BASE,114.48,105.92,27.69,0.08,-2.7,-2.6,-1.2,-433.2,-3112,0.52,-0.039,-0.006,0.00,2,,433,0,2467,433,-0.11,27.5,1.00,-0.036
186.40,BASE,114.48,106.00,27.68,0.08,-2.7,-2.5,-1.1,-430.9,-3112,0.52,-0.039,-0.005,0.00,2,,431,0,2467,431,-0.12,27.5,1.00,-0.036
186.50,BASE,114.49,106.08,27.68,0.07,-2.7,-2.4,-1.0,-428.7,-3112,0.52,-0.039,-0.005,0.00,2,,429,0,2467,429,-0.12,27.5,1.00,-0.036
186.60,BASE,114.50,106.16,27.68,0.07,-2.7,-2.3,-0.8,-426.5,-3112,0.52,-0.039,-0.005,0.00,2,,426,0,2467,426,-0.12,27.5,1.00,-0.036
186.70,BASE,114.51,106.24,27.68,0.07,-2.7,-2.1,-0.7,-424.3,-3112,0.52,-0.039,-0.004,0.00,2,,424,0,2467,424,-0.12,27.5,1.00,-0.036
186.80,BASE,114.51,106.32,27.68,0.07,-2.7,-2.0,-0.5,-422.0,-3112,0.52,-0.039,-0.004,0.00,2,,422,0,2467,422,-0.12,27.5,1.00,-0.037
186.90,BASE,114.52,106.40,27.67,0.07,-2.7,-1.9,-0.3,-419.8,-3112,0.52,-0.039,-0.004,0.00,2,,420,0,2467,420,-0.12,27.5,1.00,-0.037
187.00,BASE,114.53,106.48,27.67,0.07,-2.8,-1.8,-0.2,-417.6,-3112,0.52,-0.039,-0.004,0.00,2,,418,0,2467,418,-0.12,27.5,1.00,-0.037
187.10,BASE,114.53,106.56,27.67,0.07,-2.8,-1.7,0.0,-415.4,-3112,0.52,-0.039,-0.004,0.00,2,,415,0,2467,415,-0.13,27.5,1.00,-0.037
187.20,BASE,114.54,106.64,27.67,0.07,-2.8,-1.6,0.2,-413.1,-3112,0.52,-0.039,-0.004,0.00,2,,413,0,2467,413,-0.13,27.5,1.00,-0.037
187.30,BASE,114.55,106.72,27.67,0.07,-2.8,-1.5,0.3,-410.9,-3112,0.52,-0.039,-0.004,0.00,2,,411,0,2467,411,-0.13,27.5,1.00,-0.037
187.40,BASE,114.55,106.80,27.67,0.06,-2.8,-1.4,0.4,-408.7,-3112,0.52,-0.039,-0.004,0.00,2,,409,0,2467,409,-0.13,27.5,1.00,-0.037
187.50,BASE,114.56,106.88,27.66,0.06,-2.8,-1.3,0.6,-406.5,-3112,0.52,-0.039,-0.004,0.00,2,,406,0,2467,406,-0.13,27.5,1.00,-0.037
187.60,BASE,114.57,106.96,27.66,0.06,-2.8,-1.2,0.7,-404.2,-3112,0.52,-0.039,-0.003,0.00,2,,404,0,2467,404,-0.13,27.5,1.00,-0.037
187.70,BASE,114.57,107.04,27.66,0.06,-2.8,-1.1,0.7,-402.0,-3112,0.52,-0.039,-0.003,0.00,2,,402,0,2467,402,-0.13,27.5,1.00,-0.038
187.80,BASE,114.58,107.12,27.66,0.06,-2.8,-1.0,0.8,-399.8,-3112,0.52,-0.039,-0.003,0.00,2,,400,0,2467,400,-0.13,27.5,1.00,-0.038
187.90,BASE,114.58,107.20,27.66,0.06,-2.8,-0.9,0.9,-397.6,-3112,0.52,-0.039,-0.003,0.00,2,,398,0,2467,398,-0.14,27.5,1.00,-0.038
188.00,BASE,114.59,107.27,27.65,0.05,-2.8,-0.8,0.9,-395.3,-3112,0.52,-0.039,-0.002,0.00,2,,395,0,2467,395,-0.14,27.5,1.00,-0.038
188.10,BASE,114.60,107.35,27.65,0.05,-2.8,-0.7,0.9,-393.1,-3112,0.52,-0.039,-0.001,0.00,2,,393,0,2467,393,-0.14,27.5,1.00,-0.038
188.20,BASE,114.60,107.42,27.65,0.05,-2.8,-0.7,0.9,-390.9,-3112,0.52,-0.039,-0.001,0.00,1,,391,0,2467,391,-0.14,27.5,1.00,-0.038
188.30,BASE,114.61,107.49,27.65,0.05,-2.8,-0.6,1.0,-388.7,-3112,0.52,-0.039,-0.000,0.00,1,,389,0,2467,389,-0.14,27.5,1.00,-0.038
188.40,BASE,114.61,107.56,27.65,0.05,-2.8,-0.5,0.9,-386.5,-3112,0.52,-0.039,0.000,0.00,1,,386,0,2467,386,-0.14,27.5,1.00,-0.038
188.50,BASE,114.62,107.63,27.65,0.04,-2.8,-0.4,0.9,-384.2,-3112,0.52,-0.039,0.001,0.00,1,,384,0,2467,384,-0.14,27.5,1.00,-0.038
188.60,BASE,114.62,107.70,27.64,0.04,-2.8,-0.3,0.9,-382.0,-3112,0.52,-0.039,0.001,0.00,1,,382,0,2467,382,-0.14,27.5,1.00,-0.038
188.70,BASE,114.62,107.76,27.64,0.04,-2.8,-0.3,0.9,-379.8,-3112,0.52,-0.039,0.001,0.00,1,,380,0,2467,380,-0.14,27.5,1.00,-0.038
188.80,BASE,114.63,107.83,27.64,0.04,-2.8,-0.2,0.9,-377.6,-3112,0.52,-0.039,0.002,0.00,1,,378,0,2467,378,-0.14,27.5,1.00,-0.038
188.90,BASE,114.63,107.89,27.64,0.04,-2.8,-0.1,0.9,-375.3,-3112,0.52,-0.039,0.002,0.00,1,,375,0,2467,375,-0.15,27.5,1.00,-0.039
189.00,BASE,114.64,107.96,27.64,0.03,-2.8,-0.1,0.9,-373.1,-3112,0.52,-0.039,0.002,0.00,1,,373,0,2467,373,-0.15,27.5,1.00,-0.039
189.10,BASE,114.64,108.02,27.64,0.03,-2.8,-0.0,0.9,-370.9,-3112,0.52,-0.039,0.003,0.00,1,,371,0,2467,371,-0.15,27.5,1.00,-0.039
189.20,BASE,114.64,108.08,27.64,0.03,-2.8,0.0,0.8,-368.7,-3112,0.52,-0.039,0.003,0.00,1,,369,0,2467,369,-0.15,27.5,1.00,-0.039
189.30,BASE,114.64,108.14,27.63,0.03,-2.8,0.1,0.8,-366.5,-3112,0.51,-0.039,0.003,0.00,1,,366,0,2467,366,-0.15,27.5,1.00,-0.039
189.40,BASE,114.65,108.20,27.63,0.03,-2.8,0.1,0.8,-364.2,-3112,0.51,-0.039,0.003,0.00,1,,364,0,2467,364,-0.15,27.5,1.00,-0.039
189.50,BASE,114.65,108.26,27.63,0.03,-2.8,0.1,0.8,-362.0,-3112,0.51,-0.038,0.003,0.00,1,,362,0,2467,362,-0.15,27.5,1.00,-0.039
189.60,BASE,114.65,108.32,27.63,0.02,-2.8,0.2,0.8,-359.8,-3111,0.51,-0.038,0.003,0.00,1,,360,0,2466,360,-0.15,27.5,1.00,-0.039
189.70,BASE,114.66,108.38,27.63,0.02,-2.8,0.2,0.8,-357.6,-3111,0.51,-0.038,0.003,0.00,1,,358,0,2466,358,-0.15,27.5,1.00,-0.039
189.80,BASE,114.66,108.43,27.63,0.02,-2.8,0.2,0.8,-355.4,-3111,0.51,-0.038,0.003,0.00,1,,355,0,2466,355,-0.15,27.5,1.00,-0.039
189.90,BASE,114.66,108.49,27.63,0.02,-2.8,0.2,0.9,-353.2,-3111,0.51,-0.038,0.003,0.00,1,,353,0,2466,353,-0.15,27.5,1.00,-0.039
190.00,BASE,114.66,108.54,27.63,0.02,-2.8,0.3,0.9,-350.9,-3111,0.51,-0.038,0.002,0.00,1,,351,0,2466,351,-0.15,27.5,1.00,-0.039
190.10,BASE,114.66,108.60,27.62,0.02,-2.8,0.3,0.9,-348.7,-3111,0.51,-0.038,0.002,0.00,1,,349,0,2466,349,-0.15,27.5,1.00,-0.039
190.20,BASE,114.66,108.65,27.62,0.02,-2.8,0.3,0.9,-346.5,-3111,0.51,-0.038,0.002,0.00,1,,346,0,2466,346,-0.15,27.5,1.00,-0.039
190.30,BASE,114.67,108.71,27.62,0.01,-2.8,0.3,0.9,-344.3,-3111,0.51,-0.038,0.002,0.00,1,,344,0,2466,344,-0.15,27.5,1.00,-0.039
190.40,BASE,114.67,108.76,27.62,0.01,-2.8,0.3,0.9,-342.1,-3111,0.51,-0.038,0.002,0.00,1,,342,0,2466,342,-0.15,27.5,1.00,-0.039
190.50,BASE,114.67,108.82,27.62,0.01,-2.8,0.4,0.9,-339.8,-3111,0.51,-0.038,0.002,0.00,1,,340,0,2466,340,-0.15,27.5,1.00,-0.039
190.60,BASE,114.67,108.88,27.62,0.01,-2.8,0.4,0.8,-337.6,-3111,0.51,-0.038,0.002,0.00,1,,338,0,2466,338,-0.15,27.5,1.00,-0.039
190.70,BASE,114.67,108.93,27.62,0.01,-2.9,0.4,0.8,-335.4,-3111,0.51,-0.038,0.002,0.00,1,,335,0,2466,335,-0.15,27.5,1.00,-0.039
190.80,BASE,114.67,108.99,27.62,0.01,-2.9,0.4,0.8,-333.2,-3111,0.51,-0.038,0.002,0.00,1,,333,0,2466,333,-0.15,27.5,1.00,-0.039
190.90,BASE,114.67,109.04,27.62,0.01,-2.9,0.4,0.8,-331.0,-3111,0.51,-0.038,0.002,0.00,1,,331,0,2466,331,-0.15,27.5,1.00,-0.039
191.00,BASE,114.67,109.09,27.62,0.01,-2.9,0.4,0.8,-328.8,-3111,0.51,-0.038,0.002,0.00,1,,329,0,2466,329,-0.15,27.5,1.00,-0.039
191.10,BASE,114.67,109.15,27.61,0.01,-2.9,0.4,0.8,-326.5,-3111,0.51,-0.038,0.002,0.00,1,,327,0,2466,327,-0.15,27.5,1.00,-0.039
191.20,BASE,114.67,109.20,27.61,0.00,-2.9,0.4,0.7,-324.3,-3111,0.51,-0.038,0.002,0.00,0,,324,0,2466,324,-0.15,27.5,1.00,-0.039
191.30,BASE,114.67,109.26,27.61,0.00,-2.9,0.4,0.7,-322.1,-3111,0.51,-0.038,0.002,0.00,0,,322,0,2466,322,-0.15,27.5,1.00,-0.039
191.40,BASE,114.68,109.31,27.61,0.00,-2.9,0.4,0.7,-319.9,-3111,0.51,-0.038,0.002,0.00,0,,320,0,2466,320,-0.15,27.5,1.00,-0.039
191.50,BASE,114.68,109.37,27.61,0.00,-2.9,0.4,0.7,-317.7,-3111,0.51,-0.038,0.002,0.00,0,,318,0,2466,318,-0.15,27.5,1.00,-0.039
191.60,BASE,114.68,109.42,27.61,0.00,-2.9,0.5,0.6,-315.4,-3111,0.51,-0.038,0.002,0.00,0,,315,0,2466,315,-0.15,27.5,1.00,-0.039
191.70,BASE,114.68,109.47,27.61,0.00,-2.9,0.5,0.6,-313.2,-3111,0.51,-0.038,0.002,0.00,0,,313,0,2466,313,-0.15,27.5,1.00,-0.039
191.80,BASE,114.68,109.53,27.61,0.00,-2.9,0.5,0.6,-311.0,-3111,0.51,-0.038,0.002,0.00,0,,311,0,2466,311,-0.15,27.5,1.00,-0.040
191.90,BASE,114.68,109.58,27.61,-0.00,-2.9,0.5,0.5,-308.8,-3111,0.51,-0.038,0.002,0.00,0,,309,0,2466,309,-0.15,27.5,1.00,-0.040
192.00,BASE,114.68,109.63,27.61,-0.00,-2.9,0.5,0.5,-306.6,-3111,0.51,-0.038,0.002,0.00,0,,307,0,2466,307,-0.15,27.5,1.00,-0.040
192.10,BASE,114.68,109.68,27.61,-0.00,-2.9,0.4,0.5,-304.4,-3111,0.51,-0.038,0.002,0.00,0,,304,0,2466,304,-0.15,27.5,1.00,-0.040
192.20,BASE,114.68,109.74,27.61,-0.00,-2.9,0.4,0.5,-302.2,-3111,0.51,-0.038,0.002,0.00,0,,302,0,2466,302,-0.15,27.5,1.00,-0.040
192.30,BASE,114.68,109.79,27.60,-0.00,-2.9,0.4,0.5,-299.9,-3111,0.51,-0.038,0.002,0.00,0,,300,0,2466,300,-0.15,27.5,1.00,-0.040
192.40,BASE,114.68,109.84,27.60,-0.00,-2.9,0.4,0.4,-297.7,-3111,0.51,-0.038,0.002,0.00,0,,298,0,2466,298,-0.15,27.5,1.00,-0.040
192.50,BASE,114.67,109.89,27.60,-0.00,-2.9,0.4,0.4,-295.5,-3111,0.51,-0.038,0.001,0.00,0,,296,0,2466,296,-0.15,27.5,1.00,-0.040
192.60,BASE,114.67,109.95,27.60,-0.00,-2.9,0.4,0.4,-293.3,-3111,0.51,-0.037,0.001,0.00,0,,293,0,2466,293,-0.15,27.5,1.00,-0.040
192.70,BASE,114.67,110.00,27.60,-0.00,-2.9,0.4,0.4,-291.1,-3111,0.51,-0.037,0.001,0.00,0,,291,0,2466,291,-0.15,27.5,1.00,-0.040
192.80,BASE,114.67,110.05,27.60,-0.00,-2.9,0.4,0.4,-288.9,-3111,0.51,-0.037,0.001,0.00,0,,289,0,2466,289,-0.15,27.5,1.00,-0.040
192.90,BASE,114.67,110.10,27.60,-0.00,-2.9,0.4,0.4,-286.6,-3111,0.51,-0.037,0.001,0.00,0,,287,0,2466,287,-0.15,27.5,1.00,-0.040
193.00,BASE,114.67,110.15,27.60,-0.00,-2.9,0.4,0.3,-284.4,-3111,0.51,-0.037,0.001,0.00,0,,284,0,2466,284,-0.15,27.5,1.00,-0.040
193.10,BASE,114.67,110.20,27.60,-0.01,-2.9,0.4,0.3,-282.2,-3111,0.51,-0.037,0.001,0.00,0,,282,0,2466,282,-0.15,27.5,1.00,-0.040
193.20,BASE,114.67,110.25,27.60,-0.01,-2.9,0.4,0.3,-280.0,-3111,0.51,-0.037,0.001,0.00,0,,280,0,2466,280,-0.15,27.5,1.00,-0.040
193.30,BASE,114.67,110.30,27.60,-0.01,-2.9,0.4,0.3,-277.8,-3111,0.51,-0.037,0.001,0.00,0,,278,0,2466,278,-0.15,27.5,1.00,-0.040
193.40,BASE,114.67,110.34,27.60,-0.01,-2.9,0.3,0.3,-275.6,-3111,0.51,-0.037,0.001,0.00,0,,276,0,2466,276,-0.15,27.5,1.00,-0.040
193.50,BASE,114.67,110.38,27.59,-0.01,-2.9,0.3,0.3,-273.4,-3111,0.51,-0.037,0.001,0.00,0,,273,0,2466,273,-0.15,27.5,1.00,-0.040
193.60,BASE,114.67,110.42,27.59,-0.01,-2.9,0.3,0.3,-271.1,-3111,0.51,-0.037,0.001,0.00,0,,271,0,2466,271,-0.15,27.5,1.00,-0.040
193.70,BASE,114.67,110.46,27.59,-0.01,-2.9,0.3,0.2,-268.9,-3111,0.51,-0.037,0.001,0.00,0,,269,0,2466,269,-0.15,27.5,1.00,-0.040
193.80,BASE,114.67,110.50,27.59,-0.01,-2.9,0.3,0.2,-266.7,-3110,0.51,-0.037,0.001,0.00,0,,267,0,2465,267,-0.15,27.5,1.00,-0.040
193.90,BASE,114.67,110.54,27.59,-0.01,-2.9,0.3,0.2,-264.5,-3110,0.51,-0.037,0.000,0.00,0,,264,0,2465,264,-0.15,27.5,1.00,-0.040
194.00,BASE,114.67,110.58,27.59,-0.01,-2.9,0.3,0.2,-262.3,-3110,0.51,-0.037,0.000,0.00,0,,262,0,2465,262,-0.15,27.5,1.00,-0.040
194.10,BASE,114.67,110.62,27.59,-0.01,-2.9,0.3,0.2,-260.1,-3110,0.51,-0.037,0.000,0.00,0,,260,0,2465,260,-0.15,27.5,1.00,-0.040
194.20,BASE,114.66,110.65,27.59,-0.01,-2.9,0.3,0.2,-257.9,-3110,0.51,-0.037,0.000,0.00,0,,258,0,2465,258,-0.15,27.5,1.00,-0.040
194.30,BASE,114.66,110.69,27.59,-0.01,-2.9,0.3,0.2,-255.6,-3110,0.51,-0.037,0.000,0.00,0,,256,0,2465,256,-0.15,27.5,1.00,-0.040
194.40,BASE,114.66,110.73,27.59,-0.01,-2.9,0.3,0.1,-253.4,-3110,0.51,-0.037,0.000,0.00,0,,253,0,2465,253,-0.15,27.5,1.00,-0.040
194.50,BASE,114.66,110.77,27.59,-0.01,-2.9,0.2,0.1,-251.2,-3110,0.51,-0.037,0.000,0.00,0,,251,0,2465,251,-0.15,27.5,1.00,-0.041
194.60,BASE,114.66,110.81,27.59,-0.01,-2.9,0.2,0.1,-249.0,-3110,0.51,-0.037,0.000,0.00,0,,249,0,2465,249,-0.15,27.5,1.00,-0.041
194.70,BASE,114.66,110.84,27.58,-0.01,-2.9,0.2,0.1,-246.8,-3110,0.51,-0.037,0.001,0.00,0,,247,0,2465,247,-0.15,27.5,1.00,-0.041
194.80,BASE,114.66,110.88,27.58,-0.01,-2.9,0.2,0.1,-244.6,-3110,0.51,-0.037,0.001,0.00,0,,245,0,2465,245,-0.15,27.5,1.00,-0.041
194.90,BASE,114.66,110.92,27.58,-0.01,-2.9,0.1,0.1,-242.4,-3110,0.51,-0.037,0.001,0.00,0,,242,0,2465,242,-0.15,27.5,1.00,-0.041
195.00,BASE,114.66,110.97,27.58,-0.01,-2.9,0.0,0.1,-240.1,-3110,0.51,-0.037,0.001,0.00,0,,240,0,2465,240,-0.15,27.5,1.00,-0.041
195.10,BASE,114.66,111.01,27.58,-0.01,-2.9,-0.0,0.0,-237.9,-3110,0.51,-0.037,0.000,0.00,0,,238,0,2465,238,-0.15,27.5,1.00,-0.041
195.20,BASE,114.66,111.05,27.58,-0.01,-2.9,-0.1,0.0,-235.7,-3110,0.51,-0.037,0.001,0.00,0,,236,0,2465,236,-0.15,27.5,1.00,-0.041
195.30,BASE,114.65,111.10,27.58,-0.01,-2.9,-0.2,-0.0,-233.5,-3110,0.51,-0.037,0.001,0.00,0,,234,0,2465,234,-0.15,27.5,1.00,-0.041
195.40,BASE,114.65,111.14,27.58,-0.01,-2.9,-0.3,-0.1,-231.3,-3110,0.51,-0.037,0.002,0.00,0,,231,0,2465,231,-0.15,27.5,1.00,-0.041
195.50,BASE,114.65,111.20,27.58,-0.01,-2.9,-0.5,-0.1,-229.1,-3110,0.51,-0.037,0.001,0.00,0,,229,0,2465,229,-0.15,27.5,1.00,-0.041
195.60,BASE,114.65,111.25,27.58,-0.01,-2.9,-0.6,-0.1,-226.9,-3110,0.51,-0.037,0.002,0.00,0,,227,0,2465,227,-0.15,27.5,1.00,-0.041
195.70,BASE,114.65,111.31,27.58,-0.01,-2.9,-0.8,-0.2,-224.7,-3110,0.51,-0.037,0.001,0.00,0,,225,0,2465,225,-0.15,27.5,1.00,-0.041
195.80,BASE,114.65,111.37,27.58,-0.01,-2.9,-1.0,-0.2,-222.4,-3110,0.51,-0.037,0.001,0.00,0,,222,0,2465,222,-0.15,27.5,1.00,-0.041
195.90,BASE,114.65,111.43,27.58,-0.01,-2.9,-1.2,-0.2,-220.2,-3110,0.51,-0.037,0.002,0.00,0,,220,0,2465,220,-0.15,27.5,1.00,-0.041
196.00,BASE,114.65,111.50,27.58,-0.01,-2.9,-1.4,-0.3,-218.0,-3110,0.51,-0.037,0.001,0.00,0,,218,0,2465,218,-0.15,27.5,1.00,-0.041
196.10,BASE,114.64,111.57,27.58,-0.02,-2.9,-1.6,-0.3,-215.8,-3110,0.51,-0.037,0.002,0.00,0,,216,0,2465,216,-0.15,27.5,1.00,-0.041
196.20,BASE,114.64,111.65,27.58,-0.02,-2.9,-1.9,-0.3,-213.6,-3110,0.51,-0.037,0.001,0.00,0,,214,0,2465,214,-0.15,27.5,1.00,-0.041
196.30,BASE,114.64,111.72,27.58,-0.02,-2.9,-2.1,-0.4,-211.4,-3110,0.51,-0.037,0.003,0.00,0,,211,0,2465,211,-0.15,27.5,1.00,-0.041
196.40,BASE,114.64,111.81,27.58,-0.02,-2.9,-2.4,-0.4,-209.2,-3110,0.51,-0.037,0.001,0.00,0,,209,0,2465,209,-0.15,27.5,1.00,-0.041
196.50,BASE,114.64,111.91,27.58,-0.02,-2.9,-2.6,-0.4,-207.0,-3110,0.51,-0.037,0.003,0.00,0,,207,0,2465,207,-0.15,27.5,1.00,-0.041
196.60,BASE,114.63,112.03,27.58,-0.02,-2.9,-2.9,-0.4,-204.8,-3110,0.51,-0.037,0.002,0.00,0,,205,0,2465,205,-0.15,27.5,1.00,-0.041
196.70,BASE,114.63,112.15,27.58,-0.03,-2.8,-3.2,-0.4,-202.5,-3110,0.51,-0.037,0.000,0.00,0,,203,0,2465,203,-0.15,27.5,1.00,-0.041
196.80,BASE,114.63,112.28,27.58,-0.03,-2.8,-3.5,-0.3,-200.3,-3110,0.51,-0.037,0.002,0.00,0,,200,0,2465,200,-0.15,27.5,1.00,-0.040
196.90,BASE,114.63,112.40,27.58,-0.03,-2.8,-3.9,-0.3,-198.1,-3110,0.51,-0.037,0.000,0.00,0,,198,0,2465,198,-0.14,27.5,1.00,-0.040
197.00,BASE,114.62,112.52,27.58,-0.04,-2.8,-4.1,-0.2,-195.9,-3110,0.51,-0.037,0.002,0.00,0,,196,0,2465,196,-0.14,27.5,1.00,-0.040
197.10,BASE,114.62,112.64,27.58,-0.04,-2.8,-4.5,-0.2,-193.7,-3110,0.51,-0.037,0.000,0.00,0,,194,0,2465,194,-0.14,27.5,1.00,-0.040
197.20,BASE,114.62,112.75,27.58,-0.04,-2.8,-4.8,-0.1,-191.5,-3110,0.51,-0.037,0.002,0.00,1,,191,0,2465,191,-0.14,27.5,1.00,-0.040
197.30,BASE,114.61,112.84,27.58,-0.05,-2.8,-5.2,0.0,-189.3,-3110,0.51,-0.036,0.000,0.00,1,,189,0,2465,189,-0.14,27.5,1.00,-0.040
197.40,BASE,114.61,111.12,27.58,-0.05,-2.8,-5.5,0.2,-187.1,-3110,0.51,-0.036,0.001,0.00,1,,187,0,2465,187,-0.14,27.5,1.00,-0.039
197.50,BASE,114.60,111.12,27.58,-0.06,-2.8,-5.8,0.3,-184.9,-3110,0.51,-0.036,0.000,0.00,1,,185,0,2465,185,-0.14,27.5,1.00,-0.039
197.60,BASE,114.60,111.11,27.58,-0.06,-2.8,-6.2,0.4,-182.7,-3110,0.51,-0.036,-0.001,0.00,1,,183,0,2465,183,-0.14,27.5,1.00,-0.039
197.70,BASE,114.59,111.11,27.58,-0.07,-2.8,-6.5,0.6,-180.4,-3110,0.51,-0.036,0.000,0.00,1,,180,0,2465,180,-0.14,27.5,1.00,-0.039
197.80,BASE,114.58,111.10,27.58,-0.07,-2.8,-6.9,0.8,-178.2,-3109,0.51,-0.035,-0.001,0.00,1,,178,0,2464,178,-0.14,27.5,1.00,-0.038
197.90,BASE,114.57,111.09,27.58,-0.08,-2.8,-7.2,1.0,-176.0,-3109,0.51,-0.035,0.001,0.00,1,,176,0,2464,176,-0.13,27.5,1.00,-0.038
198.00,BASE,114.57,111.09,27.58,-0.08,-2.8,-7.5,1.2,-173.8,-3109,0.51,-0.035,-0.001,0.00,1,,174,0,2464,174,-0.13,27.5,1.00,-0.038
198.10,BASE,114.56,111.08,27.59,-0.09,-2.8,-7.9,1.4,-171.6,-3109,0.51,-0.034,0.001,0.00,1,,172,0,2464,172,-0.13,27.5,1.00,-0.037
198.20,BASE,114.55,111.07,27.59,-0.09,-2.8,-8.2,1.7,-169.4,-3109,0.51,-0.034,-0.001,0.00,2,,169,0,2464,169,-0.13,27.5,1.00,-0.037
198.30,BASE,114.54,111.06,27.59,-0.10,-2.8,-8.5,1.9,-167.2,-3109,0.51,-0.034,-0.001,0.00,2,,167,0,2464,167,-0.13,27.5,1.00,-0.036
198.40,BASE,114.53,111.05,27.59,-0.10,-2.8,-8.9,2.2,-165.0,-3109,0.51,-0.033,-0.001,0.00,2,,165,0,2464,165,-0.13,27.5,1.00,-0.036
198.50,BASE,114.52,111.04,27.59,-0.11,-2.8,-9.2,1.9,-162.8,-3108,0.51,-0.033,0.022,0.00,2,,163,0,2463,163,-0.12,27.5,1.00,-0.036
198.60,BASE,114.51,111.03,27.60,-0.11,-2.8,-9.5,1.4,-160.6,-3108,0.51,-0.032,0.039,0.00,2,,161,0,2463,161,-0.12,27.5,1.00,-0.035
198.70,BASE,114.50,111.02,27.60,-0.12,-2.8,-9.9,1.0,-158.4,-3108,0.51,-0.031,0.042,0.00,3,,158,0,2463,158,-0.12,27.5,1.00,-0.035
198.80,BASE,114.49,111.00,27.60,-0.12,-2.8,-10.2,0.7,-156.2,-3108,0.51,-0.030,0.045,0.00,3,,156,0,2463,156,-0.12,27.5,1.00,-0.034
198.90,BASE,114.47,110.99,27.60,-0.12,-2.8,-10.6,0.4,-154.0,-3107,0.51,-0.029,0.041,0.00,3,,154,0,2462,154,-0.11,27.5,1.00,-0.034
199.00,BASE,114.46,110.98,27.60,-0.12,-2.8,-10.9,0.1,-151.8,-3107,0.51,-0.028,0.041,0.00,3,,152,0,2462,152,-0.11,27.5,1.00,-0.034
199.10,BASE,114.45,110.97,27.61,-0.12,-2.8,-11.3,-0.1,-149.6,-3107,0.51,-0.027,0.035,0.00,4,,150,0,2462,150,-0.11,27.5,1.00,-0.033
199.20,BASE,114.44,110.96,27.61,-0.12,-2.8,-11.6,-0.3,-147.4,-3106,0.51,-0.027,0.033,0.00,4,,147,0,2461,147,-0.11,27.5,1.00,-0.033
199.30,BASE,114.43,110.94,27.61,-0.12,-2.8,-11.9,-0.5,-145.2,-3106,0.51,-0.026,0.030,0.00,4,,145,0,2461,145,-0.10,27.5,1.00,-0.033
199.40,BASE,114.41,110.93,27.61,-0.11,-2.8,-12.2,-0.7,-143.0,-3106,0.51,-0.026,0.026,0.00,5,,143,0,2461,143,-0.10,27.5,1.00,-0.033
199.50,BASE,114.40,110.92,27.61,-0.11,-2.8,-12.5,-0.9,-140.8,-3105,0.51,-0.026,0.025,0.00,5,,141,0,2460,141,-0.10,27.5,1.00,-0.033
199.60,BASE,114.39,110.91,27.61,-0.10,-2.8,-12.7,-1.2,-138.6,-3105,0.51,-0.026,0.022,0.00,5,,139,0,2460,139,-0.10,27.5,1.00,-0.033
199.70,BASE,114.38,110.90,27.61,-0.10,-2.8,-13.0,-1.4,-136.4,-3105,0.51,-0.030,0.022,0.00,6,,136,0,2460,136,-0.10,27.5,1.00,-0.033
199.80,BASE,114.37,110.89,27.61,-0.08,-2.7,-13.2,-1.7,-134.3,-3104,0.51,-0.038,0.019,0.00,6,,134,0,2459,134,-0.09,27.5,1.00,-0.033
199.90,BASE,114.37,110.88,27.61,-0.06,-2.6,-13.5,-2.0,-132.1,-3104,0.51,-0.042,0.019,0.00,7,,132,0,2459,132,-0.09,27.5,1.00,-0.033
200.00,FINAL,114.36,110.88,27.61,-0.03,-2.6,-13.7,-2.3,-129.9,-3103,0.70,-0.024,0.004,0.00,,-20,2583,0,2458,130,1.50,20.8,1.00,0.170
200.10,FINAL,114.36,110.88,27.65,-0.01,-2.5,-13.9,-2.7,-127.8,-3103,0.70,0.018,0.014,0.00,,-20,2583,0,2458,128,1.50,20.8,1.00,0.170
200.20,FINAL,114.36,110.88,27.68,0.04,-2.1,-14.1,-3.0,-125.6,-3102,0.70,0.033,0.016,0.00,,-20,2582,0,2457,126,1.50,20.8,1.00,0.170
200.30,FINAL,114.37,110.88,27.70,0.14,-1.4,-14.3,-3.3,-123.4,-3102,0.69,0.033,0.018,0.00,,-20,2582,0,2457,123,1.50,20.8,1.00,0.170
200.40,FINAL,114.39,110.90,27.71,0.33,-0.6,-14.5,-3.5,-121.3,-3101,0.68,0.017,0.017,0.00,,-20,2581,0,2456,121,1.50,20.8,1.00,0.170
200.50,FINAL,114.43,110.95,27.71,0.59,0.4,-14.7,-3.6,-119.1,-3100,0.67,-0.018,0.012,0.00,,-20,2580,0,2455,119,1.50,20.8,1.00,0.170
200.60,FINAL,114.50,111.02,27.69,0.89,1.2,-15.0,-3.9,-117.0,-3100,0.65,-0.022,0.010,0.00,,-20,2580,0,2455,117,1.50,20.8,1.00,0.170
200.70,FINAL,114.60,111.11,27.66,1.17,1.7,-15.2,-4.2,-114.8,-3099,0.64,-0.009,0.007,0.00,,-20,2579,0,2454,115,1.50,20.8,1.00,0.170
200.80,FINAL,114.72,111.24,27.62,1.43,2.2,-15.3,-4.5,-112.7,-3098,0.62,0.005,0.009,0.00,,-19,2578,0,2453,113,1.50,20.8,1.00,0.170
200.90,FINAL,114.87,111.39,27.57,1.66,2.7,-15.3,-4.7,-110.6,-3098,0.61,0.005,0.009,0.00,,-19,2578,0,2453,111,1.50,20.8,1.00,0.166
201.00,FINAL,115.04,111.56,27.51,1.87,3.1,-15.2,-5.0,-108.5,-3097,0.60,-0.001,0.013,0.00,,-19,2577,0,2452,109,1.50,20.8,1.00,0.160
201.10,FINAL,115.24,111.76,27.44,2.08,3.5,-15.1,-5.1,-106.5,-3096,0.60,-0.005,0.013,0.00,,-19,2576,0,2451,106,1.50,20.8,1.00,0.154
201.20,FINAL,115.45,111.97,27.36,2.26,3.8,-15.1,-5.3,-104.4,-3095,0.59,-0.007,0.016,0.00,,-18,2575,0,2450,104,1.50,20.8,1.00,0.149
201.30,FINAL,115.68,112.20,27.28,2.42,4.0,-15.0,-5.4,-102.4,-3094,0.58,-0.006,0.015,0.00,,-18,2574,0,2449,102,1.50,20.8,1.00,0.143
201.40,FINAL,115.93,112.45,27.20,2.56,4.2,-15.0,-5.5,-100.4,-3093,0.58,-0.007,0.018,0.00,,-18,2573,0,2448,100,1.50,20.8,1.00,0.138
201.50,FINAL,116.19,112.71,27.11,2.68,4.4,-15.0,-5.5,-98.4,-3092,0.57,-0.007,0.016,0.00,,-18,2572,0,2447,98,1.50,20.8,1.00,0.134
201.60,FINAL,116.46,112.98,27.01,2.79,4.5,-14.9,-5.5,-96.4,-3092,0.57,-0.009,0.017,0.00,,-17,2572,0,2447,96,1.50,20.8,1.00,0.130
201.70,FINAL,116.74,113.26,26.92,2.88,4.6,-14.9,-5.6,-94.4,-3091,0.57,-0.010,0.017,0.00,,-17,2571,0,2446,94,1.50,20.8,1.00,0.126
201.80,FINAL,117.03,113.55,26.82,2.95,4.7,-14.8,-5.5,-92.5,-3090,0.57,-0.011,0.015,0.00,,-17,2570,0,2445,92,1.50,20.8,1.00,0.123
201.90,FINAL,117.33,113.85,26.72,3.02,4.8,-14.8,-5.6,-90.6,-3089,0.57,-0.012,0.018,0.00,,-16,2569,0,2444,91,1.50,20.8,1.00,0.120
202.00,FINAL,117.64,114.15,26.62,3.07,4.9,-14.7,-5.5,-88.7,-3088,0.57,-0.013,0.015,0.00,,-16,2568,0,2443,89,1.50,20.8,1.00,0.117
202.10,FINAL,117.94,114.46,26.51,3.11,5.0,-14.6,-5.5,-86.8,-3087,0.57,-0.014,0.018,0.00,,-16,2567,0,2442,87,1.50,20.8,1.00,0.115
202.20,FINAL,118.26,114.77,26.41,3.14,5.0,-14.6,-5.5,-85.0,-3085,0.57,-0.014,0.015,0.00,,-15,2565,0,2440,85,1.50,20.8,1.00,0.113
202.30,FINAL,118.57,115.09,26.31,3.17,5.0,-14.5,-5.6,-83.1,-3084,0.57,-0.015,0.020,0.00,,-15,2564,0,2439,83,1.50,20.8,1.00,0.111
202.40,FINAL,118.89,115.41,26.20,3.18,5.1,-14.5,-5.6,-81.3,-3083,0.57,-0.015,0.017,0.00,,-14,2563,0,2438,81,1.50,20.8,1.00,0.110
202.50,FINAL,119.21,115.73,26.10,3.19,5.1,-14.4,-5.7,-79.5,-3082,0.57,-0.016,0.015,0.00,,-14,2562,0,2437,80,1.50,20.8,1.00,0.109
202.60,FINAL,119.53,116.05,26.00,3.20,5.1,-14.3,-5.8,-77.8,-3081,0.57,-0.016,0.019,0.00,,-14,2561,0,2436,78,1.50,20.8,1.00,0.108
202.70,FINAL,119.85,116.37,25.89,3.19,5.1,-14.3,-5.9,-76.0,-3080,0.57,-0.017,0.017,0.00,,-13,2560,0,2435,76,1.50,20.8,1.00,0.107
202.80,FINAL,120.17,116.68,25.79,3.18,5.1,-14.2,-6.1,-74.3,-3079,0.57,-0.019,0.019,0.00,,-13,2559,0,2434,74,1.48,20.8,1.00,0.106
202.90,FINAL,120.48,117.00,25.67,3.15,5.1,-14.0,-6.2,-72.6,-3077,0.05,-0.025,0.019,0.00,,-13,2557,0,2432,73,1.41,20.8,0.98,0.098
203.00,FINAL,120.80,117.31,25.46,3.07,5.0,-13.7,-6.5,-70.9,-3076,0.05,-0.023,0.024,0.00,,-12,2556,0,2431,71,1.34,20.8,0.93,0.086
203.10,FINAL,121.10,117.62,25.25,2.97,4.8,-13.6,-6.7,-69.2,-3075,0.05,-0.010,0.023,0.00,,-12,2555,0,2430,69,1.28,20.8,0.88,0.073
203.20,FINAL,121.39,117.91,25.05,2.84,4.5,-13.4,-7.0,-67.6,-3074,0.05,-0.001,0.023,0.00,,-11,2554,0,2429,68,1.22,20.8,0.83,0.060
203.30,FINAL,121.67,118.19,24.86,2.68,4.1,-13.2,-7.3,-66.0,-3073,0.05,0.004,0.028,0.00,,-11,2553,0,2428,66,1.16,20.8,0.78,0.050
203.40,FINAL,121.94,118.45,24.67,2.51,3.7,-13.1,-7.6,-64.5,-3071,0.05,0.006,0.028,0.00,,-11,2551,0,2426,64,1.10,20.8,0.73,0.042
203.50,FINAL,122.18,118.70,24.49,2.33,3.4,-12.9,-7.9,-62.9,-3070,0.05,0.007,0.034,0.00,,-10,2550,0,2425,63,1.04,20.8,0.68,0.037
203.60,FINAL,122.41,118.93,24.32,2.14,3.0,-12.9,-8.2,-61.4,-3069,0.05,0.009,0.029,0.00,,-10,2549,0,2424,61,0.99,20.8,0.63,0.033
203.70,FINAL,122.62,119.13,24.16,1.95,2.7,-12.7,-8.5,-59.9,-3068,0.05,0.012,0.032,0.00,,-10,2548,0,2423,60,0.95,20.8,0.58,0.032
203.80,FINAL,122.80,119.32,24.00,1.76,2.4,-12.5,-8.8,-58.4,-3066,0.06,0.018,0.034,0.00,,-10,2546,0,2421,58,0.90,20.8,0.55,0.033
203.90,FINAL,122.97,119.49,23.86,1.57,2.1,-12.3,-9.1,-56.9,-3065,0.10,0.025,0.034,0.00,,-9,2545,0,2420,57,0.86,20.8,0.60,0.038
204.00,FINAL,123.13,119.64,23.73,1.39,1.8,-12.2,-9.3,-55.5,-3064,0.13,0.029,0.039,0.00,,-9,2544,0,2419,56,0.82,20.8,0.65,0.041
204.10,FINAL,123.26,119.78,23.61,1.23,1.6,-12.1,-9.6,-54.1,-3062,0.16,0.029,0.037,0.00,,-9,2542,0,2417,54,0.79,20.8,0.70,0.045
204.20,FINAL,123.38,119.89,23.51,1.08,1.4,-12.0,-9.8,-52.7,-3061,0.19,0.028,0.038,0.00,,-9,2541,0,2416,53,0.75,20.8,0.75,0.048
204.30,FINAL,123.48,120.00,23.42,0.94,1.2,-12.0,-10.0,-51.3,-3060,0.21,0.028,0.039,0.00,,-9,2540,0,2415,51,0.72,20.8,0.80,0.050
204.40,FINAL,123.57,120.09,23.34,0.82,1.1,-12.0,-10.3,-49.9,-3058,0.23,0.028,0.037,0.00,,-8,2538,0,2413,50,0.69,20.8,0.85,0.052
204.50,FINAL,123.65,120.17,23.26,0.71,1.0,-12.0,-10.5,-48.6,-3057,0.25,0.030,0.042,0.00,,-8,2537,0,2412,49,0.67,20.8,0.90,0.053
204.60,FINAL,123.71,120.23,23.19,0.60,0.9,-12.0,-10.7,-47.3,-3056,0.26,0.033,0.039,0.00,,-8,2536,0,2411,47,0.64,20.8,0.95,0.054
204.70,FINAL,123.77,120.29,23.13,0.51,0.8,-12.0,-10.9,-45.9,-3054,0.27,0.034,0.038,0.00,,-8,2534,0,2409,46,0.62,20.8,1.00,0.055
204.80,FINAL,123.82,120.34,23.07,0.42,0.6,-12.0,-11.1,-44.6,-3053,0.28,0.039,0.042,0.00,,-8,2533,0,2408,45,0.59,20.8,1.00,0.057
204.90,FINAL,123.86,120.38,23.02,0.34,0.5,-12.1,-11.3,-43.4,-3052,0.29,0.041,0.040,0.00,,-8,2532,0,2407,43,0.57,20.8,1.00,0.059
205.00,FINAL,123.89,120.41,22.98,0.26,0.5,-12.1,-11.6,-42.1,-3050,0.30,0.044,0.044,0.00,,-8,2530,0,2405,42,0.55,20.8,1.00,0.062
205.10,FINAL,123.91,120.43,22.94,0.20,0.4,-12.2,-11.7,-40.8,-3049,0.31,0.047,0.042,0.00,,-8,2529,0,2404,41,0.53,20.8,1.00,0.064
205.20,FINAL,123.93,120.45,22.90,0.13,0.3,-12.3,-11.9,-39.6,-3047,0.31,0.048,0.040,0.00,,-7,2527,0,2402,40,0.51,20.8,1.00,0.067
205.30,FINAL,123.94,120.46,22.86,0.07,0.2,-12.3,-12.1,-38.4,-3046,0.32,0.051,0.044,0.00,,-7,2526,0,2401,38,0.50,20.8,1.00,0.069
205.40,FINAL,123.95,120.47,22.83,0.02,0.2,-12.4,-12.3,-37.2,-3044,0.32,0.053,0.042,0.00,,-7,2524,0,2399,37,0.48,20.8,1.00,0.071
205.50,FINAL,123.95,120.47,22.80,-0.03,0.2,-12.5,-12.5,-36.0,-3043,0.32,0.055,0.046,0.00,,-7,2523,0,2398,36,0.46,20.8,1.00,0.074
205.60,FINAL,123.94,120.46,22.78,-0.07,0.1,-12.6,-12.6,-34.8,-3041,0.33,0.058,0.044,0.00,,-7,2521,0,2396,35,0.45,20.8,1.00,0.076
205.70,FINAL,123.94,120.45,22.75,-0.11,0.1,-12.7,-12.8,-33.6,-3040,0.33,0.060,0.043,0.00,,-7,2520,0,2395,34,0.43,20.8,1.00,0.078
205.80,FINAL,123.92,120.44,22.73,-0.15,0.1,-12.7,-13.0,-32.5,-3038,0.33,0.063,0.047,0.00,,-7,2518,0,2393,32,0.42,20.8,1.00,0.081
205.90,FINAL,123.91,120.43,22.70,-0.18,0.0,-12.8,-13.1,-31.3,-3037,0.33,0.064,0.045,0.00,,-7,2517,0,2392,31,0.41,20.8,1.00,0.083
206.00,FINAL,123.89,120.41,22.68,-0.21,0.0,-12.9,-13.2,-30.2,-3035,0.33,0.066,0.045,0.00,,-7,2515,0,2390,30,0.39,20.8,1.00,0.085
206.10,FINAL,123.87,120.39,22.66,-0.23,0.0,-13.0,-13.3,-29.1,-3034,0.33,0.069,0.047,0.00,,-7,2514,0,2389,29,0.38,20.8,1.00,0.086
206.20,FINAL,123.84,120.36,22.64,-0.26,0.0,-13.1,-13.5,-28.1,-3032,0.33,0.070,0.045,0.00,,-7,2512,0,2387,28,0.37,20.8,1.00,0.088
206.30,FINAL,123.82,120.33,22.62,-0.28,0.0,-13.1,-13.6,-27.0,-3031,0.33,0.072,0.049,0.00,,-7,2511,0,2386,27,0.35,20.8,1.00,0.090
206.40,FINAL,123.79,120.31,22.60,-0.30,0.0,-13.2,-13.7,-25.9,-3029,0.33,0.074,0.046,0.00,,-7,2509,0,2384,26,0.34,20.8,1.00,0.092
206.50,FINAL,123.76,120.28,22.59,-0.31,0.0,-13.3,-13.8,-24.9,-3027,0.33,0.075,0.046,0.00,,-7,2507,0,2382,25,0.33,20.8,1.00,0.093
206.60,FINAL,123.73,120.24,22.57,-0.33,0.0,-13.4,-13.8,-23.9,-3026,0.33,0.078,0.049,0.00,,-7,2506,0,2381,24,0.32,20.8,1.00,0.095
206.70,FINAL,123.69,120.21,22.55,-0.34,0.0,-13.5,-13.9,-22.9,-3024,0.33,0.079,0.047,0.00,,-7,2504,0,2379,23,0.31,20.8,1.00,0.096
206.80,FINAL,123.66,120.18,22.53,-0.35,0.0,-13.6,-14.0,-21.9,-3023,0.33,0.081,0.051,0.00,,-6,2503,0,2378,22,0.29,20.8,1.00,0.097
206.90,FINAL,123.62,120.14,22.52,-0.36,0.0,-13.7,-14.0,-21.0,-3021,0.33,0.082,0.048,0.00,,-6,2501,0,2376,21,0.28,20.8,1.00,0.098
207.00,FINAL,123.59,120.10,22.50,-0.37,0.0,-13.7,-14.1,-20.0,-3019,0.33,0.083,0.048,0.00,,-6,2499,0,2374,20,0.27,20.8,1.00,0.099
207.10,FINAL,123.55,120.07,22.48,-0.38,0.0,-13.8,-14.2,-19.1,-3017,0.33,0.085,0.050,0.00,,-6,2497,0,2372,19,0.26,20.8,1.00,0.100
207.20,FINAL,123.51,120.03,22.47,-0.38,0.0,-13.9,-14.2,-18.2,-3016,0.33,0.086,0.048,0.00,,-6,2496,0,2371,18,0.24,20.8,1.00,0.101
207.30,FINAL,123.47,119.99,22.45,-0.39,0.0,-13.9,-14.2,-17.3,-3014,0.33,0.087,0.051,0.00,,-6,2494,0,2369,17,0.23,20.8,1.00,0.102
207.40,FINAL,123.43,119.95,22.43,-0.40,0.1,-14.0,-14.3,-16.4,-3012,0.33,0.089,0.049,0.00,,-6,2492,0,2367,16,0.22,20.8,1.00,0.102
207.50,FINAL,123.39,119.91,22.42,-0.40,0.1,-14.1,-14.3,-15.6,-3011,0.33,0.089,0.050,0.00,,-6,2491,0,2366,16,0.21,20.8,1.00,0.103
207.60,FINAL,123.35,119.87,22.40,-0.40,0.1,-14.1,-14.3,-14.8,-3009,0.33,0.091,0.051,0.00,,-6,2489,0,2364,15,0.20,20.8,1.00,0.104
207.70,FINAL,123.31,119.83,22.38,-0.41,0.1,-14.1,-14.3,-14.0,-3007,0.33,0.092,0.050,0.00,,-6,2487,0,2362,14,0.18,20.8,1.00,0.104
207.80,FINAL,123.27,119.79,22.37,-0.41,0.1,-14.1,-14.4,-13.2,-3005,0.33,0.093,0.052,0.00,,-6,2485,0,2360,13,0.17,20.8,1.00,0.104
207.90,FINAL,123.23,119.75,22.35,-0.41,0.1,-14.1,-14.3,-12.4,-3003,0.32,0.094,0.051,0.00,,-6,2483,0,2358,12,0.16,20.8,1.00,0.105
208.00,FINAL,123.19,119.71,22.33,-0.42,0.1,-14.1,-14.3,-11.7,-3002,0.32,0.094,0.051,0.00,,-6,2482,0,2357,12,0.14,20.8,1.00,0.105
208.10,FINAL,123.15,119.66,22.32,-0.42,0.1,-14.0,-14.3,-11.0,-3000,0.32,0.096,0.052,0.00,,-6,2480,0,2355,11,0.13,20.8,1.00,0.105
208.20,FINAL,123.10,119.62,22.30,-0.42,0.1,-14.0,-14.3,-10.3,-2998,0.32,0.096,0.052,0.00,,-6,2478,0,2353,10,0.12,20.8,1.00,0.105
208.30,FINAL,123.06,119.58,22.28,-0.42,0.1,-13.9,-14.3,-9.6,-2996,0.32,0.097,0.053,0.00,,-6,2476,0,2351,10,0.11,20.8,1.00,0.105
208.40,FINAL,123.02,119.54,22.26,-0.42,0.1,-13.8,-14.3,-8.9,-2994,0.32,0.098,0.052,0.00,,-6,2474,0,2349,9,0.09,20.8,1.00,0.105
208.50,FINAL,122.98,119.50,22.25,-0.42,0.1,-13.7,-14.2,-8.3,-2992,0.32,0.098,0.053,0.00,,-6,2472,0,2347,8,0.08,20.8,1.00,0.105
208.60,FINAL,122.94,119.46,22.23,-0.42,0.1,-13.7,-14.2,-7.7,-2990,0.32,0.099,0.054,0.00,,-6,2470,0,2345,8,0.07,20.8,1.00,0.105
208.70,FINAL,122.89,119.41,22.21,-0.42,0.1,-13.6,-14.2,-7.1,-2988,0.32,0.100,0.053,0.00,,-5,2468,0,2343,7,0.05,20.8,1.00,0.105
208.80,FINAL,122.85,119.37,22.19,-0.42,0.1,-13.4,-14.2,-6.5,-2987,0.32,0.100,0.054,0.00,,-5,2467,0,2342,7,0.04,20.8,1.00,0.104
208.90,FINAL,122.81,119.33,22.17,-0.42,0.1,-13.3,-14.2,-6.0,-2985,0.32,0.101,0.053,0.00,,-5,2465,0,2340,6,0.02,20.8,1.00,0.104
209.00,FINAL,122.77,119.29,22.15,-0.42,0.1,-13.1,-14.1,-5.4,-2983,0.32,0.101,0.053,0.00,,-5,2463,0,2338,5,0.01,20.8,1.00,0.104
209.10,FINAL,122.73,119.25,22.14,-0.42,0.0,-13.0,-14.1,-4.9,-2981,0.32,0.102,0.054,0.00,,-5,2461,0,2336,5,-0.00,20.8,1.00,0.103
209.20,FINAL,122.69,119.20,22.12,-0.42,0.0,-12.8,-14.1,-4.4,-2979,0.32,0.102,0.053,0.00,,-5,2459,0,2334,4,-0.02,20.8,1.00,0.103
209.30,FINAL,122.64,119.16,22.10,-0.42,0.0,-12.5,-14.1,-4.0,-2977,0.32,0.102,0.055,0.00,,-5,2457,0,2332,4,-0.03,20.8,1.00,0.102
209.40,FINAL,122.60,119.12,22.08,-0.42,0.0,-12.3,-14.1,-3.5,-2975,0.32,0.102,0.054,0.00,,-5,2455,0,2330,4,-0.05,20.8,1.00,0.102
209.50,FINAL,122.56,119.08,22.06,-0.41,0.0,-12.1,-14.1,-3.1,-2973,0.32,0.102,0.055,0.00,,-5,2453,0,2328,3,-0.06,20.8,1.00,0.101
209.60,FINAL,122.52,119.04,22.04,-0.41,0.0,-11.8,-14.2,-2.7,-2971,0.32,0.102,0.055,0.00,,-5,2451,0,2326,3,-0.07,20.8,1.00,0.100
209.70,FINAL,122.48,119.00,22.02,-0.41,0.0,-11.6,-14.2,-2.3,-2969,0.32,0.102,0.055,0.00,,-5,2449,0,2324,2,-0.09,20.8,1.00,0.100
209.80,FINAL,122.44,118.95,22.01,-0.41,0.0,-11.3,-14.3,-2.0,-2967,0.31,0.102,0.056,0.00,,-5,2447,0,2322,2,-0.10,20.8,1.00,0.099
209.90,FINAL,122.40,118.91,21.99,-0.42,-0.0,-11.0,-14.3,-1.6,-2965,0.31,0.102,0.056,0.00,,-5,2445,0,2320,2,-0.12,20.8,1.00,0.098
210.00,FINAL,122.35,118.87,21.97,-0.42,-0.0,-10.7,-14.4,-1.3,-2963,0.31,0.101,0.056,0.00,,-5,2443,0,2318,1,-0.13,20.8,1.00,0.098
210.10,FINAL,122.31,118.83,21.95,-0.42,-0.0,-10.4,-14.5,-1.0,-2961,0.31,0.101,0.057,0.00,,-5,2441,0,2316,1,-0.15,20.8,1.00,0.097
210.20,FINAL,122.27,118.79,21.93,-0.42,-0.0,-10.1,-14.6,-0.7,-2959,0.31,0.101,0.057,0.00,,-5,2439,0,2314,1,-0.16,20.8,1.00,0.096
210.30,FINAL,122.23,118.75,21.91,-0.42,-0.0,-9.8,-14.7,-0.4,-2957,0.31,0.101,0.057,0.00,,-4,2437,0,2312,0,-0.18,20.8,1.00,0.095
210.40,FINAL,122.19,118.70,21.90,-0.42,-0.0,-9.5,-14.9,-0.2,-2955,0.31,0.101,0.058,0.00,,-4,2435,0,2310,0,-0.19,20.8,1.00,0.095
210.50,FINAL,122.14,118.66,21.88,-0.43,-0.0,-9.1,-15.1,0.0,-2953,0.31,0.100,0.058,0.00,,-4,2433,0,2308,-0,-0.20,20.8,1.00,0.094
210.60,FINAL,122.10,118.62,21.86,-0.43,-0.0,-8.8,-15.3,0.3,-2950,0.31,0.100,0.059,0.00,,-4,2430,0,2305,-0,-0.22,20.8,1.00,0.093
210.70,FINAL,122.06,118.58,21.84,-0.44,-0.0,-8.5,-15.5,0.5,-2948,0.31,0.100,0.059,0.00,,-4,2428,0,2303,-0,-0.23,20.8,1.00,0.093
210.80,FINAL,122.01,118.53,21.83,-0.44,-0.0,-8.2,-15.7,0.6,-2946,0.31,0.100,0.060,0.00,,-4,2426,0,2301,-1,-0.25,20.8,1.00,0.092
210.90,FINAL,121.97,118.49,21.81,-0.45,-0.0,-7.8,-15.6,0.8,-2944,0.31,0.100,0.044,0.00,,-4,2424,0,2299,-1,-0.26,20.8,1.00,0.091
211.00,FINAL,121.92,118.44,21.79,-0.45,-0.0,-7.5,-15.2,1.0,-2942,0.31,0.099,0.027,0.00,,-4,2422,0,2297,-1,-0.27,20.8,1.00,0.091
211.10,FINAL,121.88,118.40,21.78,-0.46,-0.0,-7.2,-14.8,1.1,-2940,0.31,0.099,0.021,0.00,,-4,2420,0,2295,-1,-0.29,20.8,1.00,0.090
211.20,FINAL,121.83,118.35,21.76,-0.47,-0.0,-6.8,-14.5,1.2,-2938,0.31,0.098,0.021,0.00,,-4,2418,0,2293,-1,-0.30,20.8,1.00,0.090
211.30,FINAL,121.78,118.30,21.74,-0.48,-0.0,-6.5,-14.3,1.3,-2936,0.31,0.098,0.023,0.00,,-4,2416,0,2291,-1,-0.31,20.8,1.00,0.089
211.40,FINAL,121.74,118.25,21.73,-0.49,-0.0,-6.1,-14.0,1.4,-2934,0.31,0.098,0.025,0.00,,-4,2414,0,2289,-1,-0.33,20.8,1.00,0.089
211.50,FINAL,121.69,118.21,21.72,-0.50,-0.0,-5.8,-13.8,1.5,-2932,0.31,0.098,0.029,0.00,,-4,2412,0,2287,-2,-0.34,20.8,1.00,0.089
211.60,FINAL,121.64,118.16,21.70,-0.50,-0.0,-5.5,-13.7,1.6,-2930,0.31,0.098,0.032,0.00,,-4,2410,0,2285,-2,-0.35,20.8,1.00,0.088
211.70,FINAL,121.59,118.11,21.69,-0.51,-0.0,-5.1,-13.5,1.7,-2928,0.31,0.098,0.035,0.00,,-4,2408,0,2283,-2,-0.36,20.8,1.00,0.088
211.80,FINAL,121.54,118.05,21.68,-0.52,-0.0,-4.8,-13.4,1.7,-2926,0.31,0.098,0.039,0.00,,-4,2406,0,2281,-2,-0.38,20.8,1.00,0.088
211.90,FINAL,121.48,118.00,21.66,-0.53,0.0,-4.5,-13.3,1.8,-2923,0.30,0.098,0.042,0.00,,-3,2403,0,2278,-2,-0.39,20.8,1.00,0.087
212.00,FINAL,121.43,117.95,21.65,-0.54,0.0,-4.2,-13.2,1.8,-2921,0.30,0.099,0.045,0.00,,-3,2401,0,2276,-2,-0.40,20.8,1.00,0.087
212.10,FINAL,121.37,117.89,21.64,-0.55,0.0,-3.9,-13.2,1.9,-2919,0.30,0.099,0.047,0.00,,-3,2399,0,2274,-2,-0.41,20.8,1.00,0.087
212.20,FINAL,121.32,117.84,21.63,-0.56,0.0,-3.6,-13.1,1.9,-2917,0.30,0.099,0.050,0.00,,-3,2397,0,2272,-2,-0.42,20.8,1.00,0.087
212.30,FINAL,121.26,117.78,21.62,-0.57,0.0,-3.4,-13.0,1.9,-2915,0.30,0.100,0.052,0.00,,-3,2395,0,2270,-2,-0.43,20.8,1.00,0.087
212.40,FINAL,121.20,117.72,21.61,-0.58,0.0,-3.1,-12.9,1.9,-2913,0.30,0.100,0.054,0.00,,-3,2393,0,2268,-2,-0.44,20.8,1.00,0.087
212.50,FINAL,121.15,117.66,21.60,-0.59,0.0,-2.9,-12.8,1.9,-2911,0.30,0.101,0.055,0.00,,-3,2391,0,2266,-2,-0.45,20.8,1.00,0.086
212.60,FINAL,121.09,117.60,21.59,-0.60,0.0,-2.7,-12.7,1.9,-2909,0.30,0.101,0.057,0.00,,-3,2389,0,2264,-2,-0.46,20.8,1.00,0.086
212.70,FINAL,121.03,117.54,21.58,-0.61,0.0,-2.5,-12.6,1.9,-2907,0.30,0.102,0.058,0.00,,-3,2387,0,2262,-2,-0.47,20.8,1.00,0.086
212.80,FINAL,120.96,117.48,21.57,-0.62,0.0,-2.3,-12.5,1.9,-2905,0.30,0.102,0.059,0.00,,-3,2385,0,2260,-2,-0.48,20.8,1.00,0.086
212.90,FINAL,120.90,117.42,21.56,-0.62,0.0,-2.1,-12.3,1.9,-2903,0.30,0.103,0.060,0.00,,-3,2383,0,2258,-2,-0.49,20.8,1.00,0.086
213.00,FINAL,120.84,117.36,21.55,-0.63,0.0,-1.9,-12.2,1.9,-2900,0.30,0.103,0.061,0.00,,-3,2380,0,2255,-2,-0.50,20.8,1.00,0.086
213.10,FINAL,120.78,117.29,21.54,-0.64,-0.0,-1.7,-12.1,1.8,-2898,0.30,0.104,0.061,0.00,,-3,2378,0,2253,-2,-0.51,20.8,1.00,0.086
213.20,FINAL,120.71,117.23,21.53,-0.65,-0.0,-1.6,-12.0,1.8,-2896,0.29,0.104,0.061,0.00,,-3,2376,0,2251,-2,-0.52,20.8,1.00,0.086
213.30,FINAL,120.65,117.17,21.52,-0.66,-0.0,-1.4,-11.8,1.8,-2894,0.29,0.105,0.062,0.00,,-3,2374,0,2249,-2,-0.53,20.8,1.00,0.085
213.40,FINAL,120.58,117.10,21.51,-0.66,-0.0,-1.3,-11.7,1.7,-2892,0.29,0.105,0.062,0.00,,-3,2372,0,2247,-2,-0.54,20.8,1.00,0.085
213.50,FINAL,120.51,117.03,21.50,-0.67,-0.0,-1.2,-11.6,1.7,-2890,0.29,0.105,0.062,0.00,,-3,2370,0,2245,-2,-0.55,20.8,1.00,0.085
213.60,FINAL,120.45,116.97,21.49,-0.68,-0.0,-1.0,-11.4,1.7,-2888,0.29,0.106,0.062,0.00,,-3,2368,0,2243,-2,-0.55,20.8,1.00,0.085
213.70,FINAL,120.38,116.90,21.49,-0.69,-0.0,-0.9,-11.3,1.6,-2886,0.29,0.106,0.062,0.00,,-3,2366,0,2241,-2,-0.56,20.8,1.00,0.085
213.80,FINAL,120.31,116.83,21.48,-0.69,-0.0,-0.8,-11.2,1.6,-2884,0.29,0.107,0.062,0.00,,-3,2364,0,2239,-2,-0.57,20.8,1.00,0.085
213.90,FINAL,120.24,116.76,21.47,-0.70,-0.0,-0.7,-11.1,1.5,-2882,0.29,0.107,0.062,0.00,,-3,2362,0,2237,-2,-0.58,20.8,1.00,0.085
214.00,FINAL,120.17,116.69,21.46,-0.71,-0.0,-0.5,-11.0,1.5,-2880,0.29,0.108,0.062,0.00,,-3,2360,0,2235,-1,-0.59,20.8,1.00,0.085
214.10,FINAL,120.10,116.62,21.45,-0.71,-0.0,-0.4,-10.9,1.4,-2877,0.29,0.108,0.062,0.00,,-2,2357,0,2232,-1,-0.59,20.8,1.00,0.085
214.20,FINAL,120.03,116.55,21.45,-0.72,-0.0,-0.3,-11.3,1.4,-2875,0.29,0.109,0.083,0.00,,-2,2355,0,2230,-1,-0.60,20.8,1.00,0.085
214.30,FINAL,119.96,116.47,21.44,-0.73,-0.0,-0.3,-11.2,1.3,-2873,0.29,0.109,0.067,0.00,,-2,2353,0,2228,-1,-0.61,20.8,1.00,0.085
214.40,FINAL,119.88,116.40,21.43,-0.73,-0.0,-0.2,-11.2,1.3,-2871,0.29,0.110,0.061,0.00,,-2,2351,0,2226,-1,-0.61,20.8,1.00,0.085
214.50,FINAL,119.81,116.33,21.43,-0.74,-0.0,-0.0,-11.1,1.2,-2869,0.29,0.110,0.060,0.00,,-2,2349,0,2224,-1,-0.62,20.8,1.00,0.085
214.60,FINAL,119.74,116.25,21.42,-0.75,-0.0,0.2,-11.0,1.2,-2867,0.29,0.110,0.060,0.00,,-2,2347,0,2222,-1,-0.63,20.8,1.00,0.085
214.70,FINAL,119.66,116.18,21.41,-0.75,-0.0,0.4,-11.0,1.1,-2865,0.29,0.111,0.061,0.00,,-2,2345,0,2220,-1,-0.63,20.8,1.00,0.085
214.80,FINAL,119.58,116.10,21.41,-0.76,-0.0,0.6,-10.9,1.1,-2863,0.28,0.111,0.061,0.00,,-2,2343,0,2218,-1,-0.64,20.8,1.00,0.085
214.90,FINAL,119.51,116.03,21.40,-0.77,-0.0,0.7,-10.9,1.0,-2861,0.28,0.112,0.062,0.00,,-2,2341,0,2216,-1,-0.65,20.8,1.00,0.085
215.00,FINAL,119.43,115.95,21.39,-0.77,-0.0,0.8,-10.9,1.0,-2859,0.28,0.112,0.062,0.00,,-2,2339,0,2214,-1,-0.65,20.8,1.00,0.085
215.10,FINAL,119.35,115.87,21.39,-0.78,-0.0,0.9,-10.9,0.9,-2856,0.28,0.113,0.063,0.00,,-2,2336,0,2211,-1,-0.66,20.8,1.00,0.085
215.20,FINAL,119.28,115.79,21.38,-0.78,-0.0,1.0,-10.9,0.8,-2854,0.28,0.113,0.063,0.00,,-2,2334,0,2209,-1,-0.66,20.8,1.00,0.085
215.30,FINAL,119.20,115.72,21.38,-0.79,-0.0,1.0,-10.9,0.8,-2852,0.28,0.114,0.064,0.00,,-2,2332,0,2207,-1,-0.67,20.8,1.00,0.085
215.40,FINAL,119.12,115.64,21.37,-0.79,-0.0,1.1,-11.0,0.7,-2850,0.28,0.114,0.064,0.00,,-2,2330,0,2205,-1,-0.67,20.8,1.00,0.085
215.50,FINAL,119.04,115.56,21.36,-0.80,-0.0,1.1,-11.1,0.7,-2848,0.28,0.115,0.065,0.00,,-2,2328,0,2203,-1,-0.68,20.8,1.00,0.085
215.60,FINAL,118.96,115.48,21.36,-0.80,-0.0,1.2,-11.2,0.6,-2846,0.28,0.115,0.065,0.00,,-2,2326,0,2201,-1,-0.69,20.8,1.00,0.085
215.70,FINAL,118.88,115.40,21.35,-0.81,-0.0,1.2,-11.3,0.6,-2844,0.28,0.116,0.066,0.00,,-2,2324,0,2199,-1,-0.69,20.8,1.00,0.085
215.80,FINAL,118.80,115.32,21.35,-0.81,-0.0,1.2,-11.4,0.5,-2842,0.28,0.116,0.067,0.00,,-2,2322,0,2197,-1,-0.70,20.8,1.00,0.085
215.90,FINAL,118.72,115.24,21.34,-0.81,-0.0,1.2,-11.5,0.5,-2840,0.28,0.117,0.067,0.00,,-2,2320,0,2195,-0,-0.70,20.8,1.00,0.085
216.00,FINAL,118.64,115.15,21.34,-0.81,-0.0,1.2,-11.6,0.4,-2838,0.28,0.117,0.068,0.00,,-2,2318,0,2193,-0,-0.71,20.8,1.00,0.085
216.10,FINAL,118.55,115.07,21.33,-0.81,-0.0,1.2,-11.8,0.4,-2836,0.28,0.117,0.068,0.00,,-2,2316,0,2191,-0,-0.71,20.8,1.00,0.085
216.20,FINAL,118.47,114.99,21.32,-0.82,-0.0,1.2,-11.9,0.4,-2834,0.28,0.118,0.069,0.00,,-2,2314,0,2189,-0,-0.71,20.8,1.00,0.085
216.30,FINAL,118.39,114.91,21.32,-0.82,-0.0,1.2,-12.0,0.3,-2832,0.28,0.118,0.070,0.00,,-2,2312,0,2187,-0,-0.72,20.8,1.00,0.085
216.40,FINAL,118.31,114.83,21.31,-0.82,-0.0,1.2,-12.2,0.3,-2829,0.28,0.118,0.070,0.00,,-2,2309,0,2184,-0,-0.72,20.8,1.00,0.085
216.50,FINAL,118.23,114.75,21.31,-0.82,-0.0,1.2,-12.3,0.2,-2827,0.28,0.118,0.070,0.00,,-2,2307,0,2182,-0,-0.73,20.8,1.00,0.085
216.60,FINAL,118.15,114.66,21.30,-0.82,-0.0,1.2,-12.4,0.2,-2825,0.28,0.119,0.071,0.00,,-2,2305,0,2180,-0,-0.73,20.8,1.00,0.085
216.70,FINAL,118.06,114.58,21.29,-0.82,-0.0,1.2,-12.5,0.2,-2823,0.28,0.119,0.071,0.00,,-2,2303,0,2178,-0,-0.74,20.8,1.00,0.085
216.80,FINAL,117.98,114.50,21.29,-0.82,-0.0,1.2,-12.6,0.1,-2821,0.28,0.119,0.071,0.00,,-2,2301,0,2176,-0,-0.74,20.8,1.00,0.084
216.90,FINAL,117.90,114.42,21.28,-0.82,-0.0,1.2,-12.7,0.1,-2819,0.28,0.119,0.071,0.00,,-2,2299,0,2174,-0,-0.75,20.8,1.00,0.084
217.00,FINAL,117.82,114.34,21.28,-0.82,-0.0,1.1,-12.8,0.1,-2817,0.28,0.120,0.071,0.00,,-2,2297,0,2172,-0,-0.75,20.8,1.00,0.084
217.10,FINAL,117.73,114.25,21.27,-0.82,-0.0,1.1,-12.8,0.1,-2815,0.28,0.120,0.071,0.00,,-2,2295,0,2170,-0,-0.76,20.8,1.00,0.084
217.20,FINAL,117.65,114.17,21.26,-0.82,-0.0,1.1,-12.9,0.0,-2813,0.28,0.120,0.071,0.00,,-2,2293,0,2168,-0,-0.76,20.8,1.00,0.084
217.30,FINAL,117.57,114.09,21.26,-0.83,0.0,1.1,-13.0,0.0,-2811,0.27,0.120,0.071,0.00,,-2,2291,0,2166,-0,-0.76,20.8,1.00,0.083
217.40,FINAL,117.49,114.01,21.25,-0.83,0.0,1.0,-13.0,-0.0,-2809,0.27,0.120,0.070,0.00,,-2,2289,0,2164,0,-0.77,20.8,1.00,0.083
217.50,FINAL,117.40,113.92,21.25,-0.83,0.0,1.0,-13.0,-0.0,-2807,0.27,0.121,0.070,0.00,,-2,2287,0,2162,0,-0.77,20.8,1.00,0.083
217.60,FINAL,117.32,113.84,21.24,-0.83,0.0,1.0,-13.0,-0.1,-2805,0.27,0.121,0.070,0.00,,-1,2285,0,2160,0,-0.78,20.8,1.00,0.083
217.70,FINAL,117.24,113.76,21.23,-0.83,0.0,1.0,-13.0,-0.1,-2803,0.27,0.121,0.069,0.00,,-1,2283,0,2158,0,-0.78,20.8,1.00,0.083
217.80,FINAL,117.16,113.67,21.23,-0.83,0.0,1.0,-13.0,-0.1,-2800,0.27,0.121,0.069,0.00,,-1,2280,0,2155,0,-0.79,20.8,1.00,0.082
217.90,FINAL,117.07,113.59,21.22,-0.83,0.0,0.9,-13.0,-0.1,-2798,0.27,0.121,0.069,0.00,,-1,2278,0,2153,0,-0.79,20.8,1.00,0.082
218.00,FINAL,116.99,113.51,21.22,-0.83,0.0,0.9,-13.0,-0.1,-2796,0.27,0.122,0.068,0.00,,-1,2276,0,2151,0,-0.80,20.8,1.00,0.082
218.10,FINAL,116.91,113.42,21.21,-0.83,0.0,0.9,-13.0,-0.1,-2794,0.27,0.122,0.068,0.00,,-1,2274,0,2149,0,-0.80,20.8,1.00,0.082
218.20,FINAL,116.82,113.34,21.20,-0.84,0.0,0.9,-13.0,-0.1,-2792,0.27,0.122,0.067,0.00,,-1,2272,0,2147,0,-0.80,20.8,1.00,0.082
218.30,FINAL,116.74,113.26,21.20,-0.84,0.0,0.9,-13.0,-0.1,-2790,0.27,0.122,0.067,0.00,,-1,2270,0,2145,0,-0.81,20.8,1.00,0.081
218.40,FINAL,116.66,113.17,21.19,-0.84,0.0,0.8,-13.0,-0.2,-2788,0.27,0.122,0.067,0.00,,-1,2268,0,2143,0,-0.81,20.8,1.00,0.081
218.50,FINAL,116.57,113.09,21.19,-0.84,0.0,0.8,-13.0,-0.2,-2786,0.27,0.123,0.066,0.00,,-1,2266,0,2141,0,-0.82,20.8,1.00,0.081
218.60,FINAL,116.49,113.01,21.18,-0.84,0.0,0.8,-13.0,-0.2,-2784,0.27,0.123,0.066,0.00,,-1,2264,0,2139,0,-0.82,20.8,1.00,0.081
218.70,FINAL,116.40,112.92,21.18,-0.84,0.0,0.8,-13.0,-0.2,-2782,0.27,0.123,0.066,0.00,,-1,2262,0,2137,0,-0.82,20.8,1.00,0.080
218.80,FINAL,116.32,112.84,21.17,-0.85,0.0,0.8,-13.0,-0.2,-2780,0.27,0.123,0.066,0.00,,-1,2260,0,2135,0,-0.83,20.8,1.00,0.080
218.90,FINAL,116.23,112.75,21.16,-0.85,0.0,0.8,-13.0,-0.2,-2778,0.27,0.124,0.066,0.00,,-1,2258,0,2133,0,-0.83,20.8,1.00,0.080
219.00,FINAL,116.15,112.67,21.16,-0.85,0.0,0.8,-13.0,-0.2,-2776,0.27,0.124,0.065,0.00,,-1,2256,0,2131,0,-0.84,20.8,1.00,0.080
219.10,FINAL,116.06,112.58,21.15,-0.85,0.0,0.8,-13.0,-0.2,-2774,0.27,0.124,0.065,0.00,,-1,2254,0,2129,0,-0.84,20.8,1.00,0.080
219.20,FINAL,115.98,112.50,21.15,-0.85,0.0,0.8,-13.0,-0.2,-2772,0.27,0.124,0.065,0.00,,-1,2252,0,2127,0,-0.84,20.8,1.00,0.080
219.30,FINAL,115.89,112.41,21.14,-0.86,0.0,0.8,-13.0,-0.2,-2770,0.27,0.125,0.065,0.00,,-1,2250,0,2125,0,-0.85,20.8,1.00,0.079
219.40,FINAL,115.81,112.33,21.14,-0.86,0.0,0.8,-13.0,-0.2,-2768,0.27,0.125,0.065,0.00,,-1,2248,0,2123,0,-0.85,20.8,1.00,0.079
219.50,FINAL,115.72,112.24,21.13,-0.86,0.0,0.8,-13.1,-0.2,-2766,0.27,0.125,0.065,0.00,,-1,2246,0,2121,0,-0.86,20.8,1.00,0.079
219.60,FINAL,115.64,112.15,21.13,-0.86,0.0,0.7,-13.1,-0.2,-2764,0.27,0.125,0.066,0.00,,-1,2244,0,2119,0,-0.86,20.8,1.00,0.079
219.70,FINAL,115.55,112.07,21.12,-0.86,0.0,0.7,-13.1,-0.2,-2761,0.27,0.125,0.066,0.00,,-1,2241,0,2116,0,-0.86,20.8,1.00,0.079
219.80,FINAL,115.46,111.98,21.12,-0.86,0.0,0.7,-13.2,-0.2,-2759,0.27,0.126,0.066,0.00,,-1,2239,0,2114,0,-0.87,20.8,1.00,0.078
219.90,FINAL,115.38,111.90,21.11,-0.87,0.0,0.7,-13.2,-0.2,-2757,0.27,0.126,0.066,0.00,,-1,2237,0,2112,0,-0.87,20.8,1.00,0.078
220.00,FINAL,115.29,111.81,21.11,-0.87,0.0,0.7,-13.3,-0.2,-2755,0.27,0.126,0.066,0.00,,-1,2235,0,2110,0,-0.87,20.8,1.00,0.078
220.10,FINAL,115.20,111.72,21.10,-0.87,0.0,0.7,-13.3,-0.2,-2753,0.27,0.126,0.066,0.00,,-1,2233,0,2108,0,-0.88,20.8,1.00,0.078
220.20,FINAL,115.12,111.64,21.10,-0.87,0.0,0.7,-13.4,-0.2,-2751,0.27,0.127,0.066,0.00,,-1,2231,0,2106,0,-0.88,20.8,1.00,0.078
220.30,FINAL,115.03,111.55,21.09,-0.87,0.0,0.7,-13.5,-0.1,-2749,0.27,0.127,0.067,0.00,,-1,2229,0,2104,0,-0.88,20.8,1.00,0.077
220.40,FINAL,114.94,111.46,21.09,-0.87,0.0,0.7,-13.5,-0.1,-2747,0.27,0.127,0.067,0.00,,-1,2227,0,2102,0,-0.89,20.8,1.00,0.077
220.50,FINAL,114.86,111.37,21.08,-0.87,0.0,0.6,-13.6,-0.1,-2745,0.27,0.127,0.067,0.00,,-1,2225,0,2100,0,-0.89,20.8,1.00,0.077
220.60,FINAL,114.77,111.29,21.08,-0.88,0.0,0.6,-13.6,-0.1,-2743,0.27,0.127,0.067,0.00,,-1,2223,0,2098,0,-0.89,20.8,1.00,0.077
220.70,FINAL,114.68,111.20,21.07,-0.88,0.0,0.6,-13.7,-0.1,-2741,0.27,0.127,0.067,0.00,,-1,2221,0,2096,0,-0.90,20.8,1.00,0.077
220.80,FINAL,114.59,111.11,21.07,-0.88,0.0,0.6,-13.7,-0.1,-2739,0.27,0.128,0.067,0.00,,-1,2219,0,2094,0,-0.90,20.8,1.00,0.076
220.90,FINAL,114.50,111.02,21.06,-0.88,0.0,0.6,-13.8,-0.1,-2737,0.27,0.128,0.067,0.00,,-1,2217,0,2092,0,-0.90,20.8,1.00,0.076
221.00,FINAL,114.42,110.94,21.06,-0.88,0.0,0.6,-13.8,-0.1,-2735,0.27,0.128,0.067,0.00,,-1,2215,0,2090,0,-0.91,20.8,1.00,0.076
221.10,FINAL,114.33,110.85,21.06,-0.88,0.0,0.5,-13.8,-0.1,-2733,0.27,0.128,0.067,0.00,,-1,2213,0,2088,0,-0.91,20.8,1.00,0.076
221.20,FINAL,114.24,110.76,21.05,-0.88,0.0,0.5,-13.9,-0.0,-2731,0.27,0.128,0.067,0.00,,-1,2211,0,2086,0,-0.91,20.8,1.00,0.076
221.30,FINAL,114.15,110.67,21.05,-0.88,0.1,0.5,-13.9,-0.0,-2729,0.27,0.129,0.067,0.00,,-1,2209,0,2084,0,-0.92,20.8,1.00,0.075
221.40,FINAL,114.06,110.58,21.04,-0.89,0.1,0.5,-13.9,-0.0,-2727,0.27,0.129,0.067,0.00,,-1,2207,0,2082,0,-0.92,20.8,1.00,0.075
221.50,FINAL,113.98,110.49,21.04,-0.89,0.1,0.5,-14.0,0.0,-2725,0.27,0.129,0.067,0.00,,-1,2205,0,2080,-0,-0.92,20.8,1.00,0.075
221.60,FINAL,113.89,110.40,21.03,-0.89,0.1,0.4,-14.0,0.0,-2723,0.27,0.129,0.067,0.00,,-1,2203,0,2078,-0,-0.93,20.8,1.00,0.075
221.70,FINAL,113.80,110.32,21.03,-0.89,0.1,0.4,-14.0,0.0,-2721,0.27,0.129,0.067,0.00,,-1,2201,0,2076,-0,-0.93,20.8,1.00,0.074
221.80,FINAL,113.71,110.23,21.02,-0.89,0.1,0.4,-14.0,0.1,-2719,0.27,0.129,0.067,0.00,,-1,2199,0,2074,-0,-0.93,20.8,1.00,0.074
221.90,FINAL,113.62,110.14,21.02,-0.89,0.1,0.4,-14.0,0.1,-2717,0.27,0.130,0.067,0.00,,-1,2197,0,2072,-0,-0.94,20.8,1.00,0.074
222.00,FINAL,113.53,110.05,21.02,-0.89,0.1,0.4,-14.0,0.1,-2715,0.27,0.130,0.067,0.00,,-1,2195,0,2070,-0,-0.94,20.8,1.00,0.074
222.10,FINAL,113.44,109.96,21.01,-0.89,0.1,0.3,-14.1,0.1,-2713,0.27,0.130,0.067,0.00,,-1,2193,0,2068,-0,-0.94,20.8,1.00,0.074
222.20,FINAL,113.35,109.87,21.01,-0.90,0.1,0.3,-14.1,0.1,-2711,0.27,0.130,0.067,0.00,,-1,2191,0,2066,-0,-0.94,20.8,1.00,0.073
222.30,FINAL,113.26,109.78,21.00,-0.90,0.1,0.3,-14.1,0.2,-2709,0.27,0.130,0.066,0.00,,-1,2189,0,2064,-0,-0.95,20.8,1.00,0.073
222.40,FINAL,113.17,109.69,21.00,-0.90,0.1,0.3,-14.1,0.2,-2707,0.27,0.130,0.066,0.00,,-1,2187,0,2062,-0,-0.95,20.8,1.00,0.073
222.50,FINAL,113.08,109.60,20.99,-0.90,0.1,0.3,-14.1,0.2,-2705,0.27,0.131,0.066,0.00,,-1,2185,0,2060,-0,-0.95,20.8,1.00,0.073
222.60,FINAL,112.99,109.51,20.99,-0.90,0.1,0.3,-14.1,0.2,-2702,0.27,0.131,0.066,0.00,,0,2182,0,2057,-0,-0.96,20.8,1.00,0.072
222.70,FINAL,112.90,109.42,20.99,-0.90,0.1,0.3,-14.1,0.2,-2700,0.27,0.131,0.066,0.00,,0,2180,0,2055,-0,-0.96,20.8,1.00,0.072
222.80,FINAL,112.81,109.33,20.98,-0.90,0.1,0.2,-14.1,0.3,-2698,0.27,0.131,0.066,0.00,,0,2178,0,2053,-0,-0.96,20.8,1.00,0.072
222.90,FINAL,112.72,109.24,20.98,-0.91,0.1,0.2,-14.1,0.3,-2696,0.27,0.131,0.066,0.00,,0,2176,0,2051,-0,-0.96,20.8,1.00,0.072
223.00,FINAL,112.63,109.15,20.97,-0.91,0.1,0.2,-14.1,0.3,-2694,0.27,0.131,0.066,0.00,,0,2174,0,2049,-0,-0.97,20.8,1.00,0.072
223.10,FINAL,112.54,109.06,20.97,-0.91,0.1,0.2,-14.1,0.3,-2692,0.27,0.132,0.066,0.00,,0,2172,0,2047,-0,-0.97,20.8,1.00,0.071
223.20,FINAL,112.45,108.97,20.97,-0.91,0.1,0.2,-14.1,0.3,-2690,0.27,0.132,0.066,0.00,,0,2170,0,2045,-0,-0.97,20.8,1.00,0.071
223.30,FINAL,112.36,108.88,20.96,-0.91,0.1,0.2,-14.1,0.4,-2688,0.27,0.132,0.066,0.00,,0,2168,0,2043,-0,-0.97,20.8,1.00,0.071
223.40,FINAL,112.27,108.79,20.96,-0.91,0.1,0.2,-14.1,0.4,-2686,0.27,0.132,0.066,0.00,,0,2166,0,2041,-0,-0.98,20.8,1.00,0.071
223.50,FINAL,112.18,108.69,20.96,-0.91,0.1,0.2,-14.1,0.4,-2684,0.27,0.132,0.066,0.00,,0,2164,0,2039,-0,-0.98,20.8,1.00,0.071
223.60,FINAL,112.08,108.60,20.95,-0.92,0.1,0.2,-14.1,0.4,-2682,0.27,0.132,0.066,0.00,,0,2162,0,2037,-0,-0.98,20.8,1.00,0.070
223.70,FINAL,111.99,108.51,20.95,-0.92,0.1,0.1,-14.1,0.4,-2680,0.27,0.133,0.066,0.00,,0,2160,0,2035,-0,-0.98,20.8,1.00,0.070
223.80,FINAL,111.90,108.42,20.94,-0.92,0.1,0.1,-14.1,0.5,-2678,0.27,0.133,0.066,0.00,,0,2158,0,2033,-0,-0.99,20.8,1.00,0.070
223.90,FINAL,111.81,108.33,20.94,-0.92,0.1,0.1,-14.1,0.5,-2676,0.27,0.133,0.066,0.00,,0,2156,0,2031,-0,-0.99,20.8,1.00,0.070
224.00,FINAL,111.72,108.24,20.94,-0.92,0.1,0.1,-14.1,0.5,-2674,0.27,0.133,0.066,0.00,,0,2154,0,2029,-0,-0.99,20.8,1.00,0.069
224.10,FINAL,111.63,108.14,20.93,-0.92,0.1,0.1,-14.1,0.5,-2672,0.27,0.133,0.066,0.00,,0,2152,0,2027,-1,-0.99,20.8,1.00,0.069
224.20,FINAL,111.53,108.05,20.93,-0.92,0.1,0.1,-14.1,0.5,-2670,0.27,0.133,0.066,0.00,,0,2150,0,2025,-1,-1.00,20.8,1.00,0.069
224.30,FINAL,111.44,107.96,20.93,-0.93,0.1,0.1,-14.1,0.6,-2668,0.27,0.134,0.066,0.00,,0,2148,0,2023,-1,-1.00,20.8,1.00,0.069
224.40,FINAL,111.35,107.87,20.92,-0.93,0.1,0.1,-14.1,0.6,-2666,0.27,0.134,0.066,0.00,,0,2146,0,2021,-1,-1.00,20.8,1.00,0.069
224.50,FINAL,111.26,107.77,20.92,-0.93,0.1,0.1,-14.1,0.6,-2664,0.27,0.134,0.066,0.00,,0,2144,0,2019,-1,-1.00,20.8,1.00,0.068
224.60,FINAL,111.16,107.68,20.92,-0.93,0.1,0.1,-14.1,0.6,-2662,0.27,0.134,0.066,0.00,,0,2142,0,2017,-1,-1.01,20.8,1.00,0.068
224.70,FINAL,111.07,107.59,20.91,-0.93,0.1,0.1,-14.1,0.6,-2660,0.27,0.134,0.066,0.00,,0,2140,0,2015,-1,-1.01,20.8,1.00,0.068
224.80,FINAL,110.98,107.49,20.91,-0.93,0.1,0.0,-14.1,0.7,-2658,0.27,0.134,0.066,0.00,,0,2138,0,2013,-1,-1.01,20.8,1.00,0.068
224.90,FINAL,110.88,107.40,20.91,-0.93,0.1,0.0,-14.1,0.7,-2656,0.27,0.134,0.066,0.00,,0,2136,0,2011,-1,-1.01,20.8,1.00,0.068
225.00,FINAL,110.79,107.31,20.91,-0.93,0.1,0.0,-14.1,0.7,-2654,0.27,0.135,0.066,0.00,,0,2134,0,2009,-1,-1.02,20.8,1.00,0.067
225.10,FINAL,110.70,107.21,20.90,-0.93,0.1,0.0,-14.1,0.7,-2652,0.27,0.135,0.066,0.00,,0,2132,0,2007,-1,-1.02,20.8,1.00,0.067
225.20,FINAL,110.60,107.12,20.90,-0.94,0.1,0.0,-14.1,0.7,-2650,0.27,0.135,0.066,0.00,,0,2130,0,2005,-1,-1.02,20.8,1.00,0.067
225.30,FINAL,110.51,107.03,20.90,-0.94,0.1,0.0,-14.1,0.7,-2648,0.27,0.135,0.066,0.00,,0,2128,0,2003,-1,-1.02,20.8,1.00,0.067
225.40,FINAL,110.42,106.93,20.89,-0.94,0.1,-0.0,-14.1,0.8,-2646,0.27,0.135,0.066,0.00,,0,2126,0,2001,-1,-1.02,20.8,1.00,0.067
225.50,FINAL,110.32,106.84,20.89,-0.94,0.1,-0.0,-14.1,0.8,-2644,0.27,0.135,0.066,0.00,,0,2124,0,1999,-1,-1.03,20.8,1.00,0.066
225.60,FINAL,110.23,106.75,20.89,-0.94,0.1,-0.0,-14.1,0.8,-2642,0.26,0.135,0.066,0.00,,0,2122,0,1997,-1,-1.03,20.8,1.00,0.066
225.70,FINAL,110.13,106.65,20.88,-0.94,0.1,-0.0,-14.1,0.8,-2640,0.26,0.136,0.066,0.00,,0,2120,0,1995,-1,-1.03,20.8,1.00,0.066
225.80,FINAL,110.04,106.56,20.88,-0.94,0.1,-0.0,-14.1,0.8,-2638,0.26,0.136,0.066,0.00,,0,2118,0,1993,-1,-1.03,20.8,1.00,0.066
225.90,FINAL,109.95,106.46,20.88,-0.94,0.1,-0.0,-14.1,0.8,-2636,0.26,0.136,0.066,0.00,,0,2116,0,1991,-1,-1.03,20.8,1.00,0.066
226.00,FINAL,109.85,106.37,20.88,-0.94,0.1,-0.1,-14.1,0.9,-2634,0.26,0.136,0.066,0.00,,0,2114,0,1989,-1,-1.04,20.8,1.00,0.065
226.10,FINAL,109.76,106.27,20.87,-0.95,0.1,-0.1,-14.1,0.9,-2632,0.26,0.136,0.066,0.00,,0,2112,0,1987,-1,-1.04,20.8,1.00,0.065
226.20,FINAL,109.66,106.18,20.87,-0.95,0.1,-0.1,-14.1,0.9,-2630,0.26,0.136,0.066,0.00,,0,2110,0,1985,-1,-1.04,20.8,1.00,0.065
226.30,FINAL,109.57,106.09,20.87,-0.95,0.1,-0.1,-14.1,0.9,-2628,0.26,0.136,0.066,0.00,,0,2108,0,1983,-1,-1.04,20.8,1.00,0.065
226.40,FINAL,109.47,105.99,20.87,-0.95,0.1,-0.1,-14.1,0.9,-2626,0.26,0.137,0.066,0.00,,0,2106,0,1981,-1,-1.04,20.8,1.00,0.065
226.50,FINAL,109.38,105.90,20.86,-0.95,0.1,-0.1,-14.1,0.9,-2624,0.26,0.137,0.066,0.00,,0,2104,0,1979,-1,-1.05,20.8,1.00,0.064
226.60,FINAL,109.28,105.80,20.86,-0.95,0.1,-0.1,-14.1,0.9,-2622,0.26,0.137,0.066,0.00,,0,2102,0,1977,-1,-1.05,20.8,1.00,0.064
226.70,FINAL,109.19,105.71,20.86,-0.95,0.1,-0.1,-14.0,1.0,-2620,0.26,0.137,0.066,0.00,,0,2100,0,1975,-1,-1.05,20.8,1.00,0.064
226.80,FINAL,109.09,105.61,20.85,-0.95,0.1,-0.1,-14.0,1.0,-2618,0.26,0.137,0.066,0.00,,0,2098,0,1973,-1,-1.05,20.8,1.00,0.064
226.90,FINAL,109.00,105.51,20.85,-0.95,0.1,-0.1,-14.0,1.0,-2616,0.26,0.137,0.066,0.00,,0,2096,0,1971,-1,-1.05,20.8,1.00,0.063
227.00,FINAL,108.90,105.42,20.85,-0.96,0.1,-0.1,-14.0,1.0,-2614,0.26,0.137,0.066,0.00,,0,2094,0,1969,-1,-1.06,20.8,1.00,0.063
227.10,FINAL,108.81,105.32,20.85,-0.96,0.1,-0.1,-14.0,1.0,-2612,0.26,0.137,0.066,0.00,,0,2092,0,1967,-1,-1.06,20.8,1.00,0.063
227.20,FINAL,108.71,105.23,20.84,-0.96,0.1,-0.1,-14.0,1.0,-2610,0.26,0.138,0.066,0.00,,0,2090,0,1965,-1,-1.06,20.8,1.00,0.063
227.30,FINAL,108.61,105.13,20.84,-0.96,0.1,-0.1,-14.0,1.0,-2608,0.26,0.138,0.066,0.00,,0,2088,0,1963,-1,-1.06,20.8,1.00,0.063
227.40,FINAL,108.52,105.04,20.84,-0.96,0.1,-0.1,-14.0,1.0,-2606,0.26,0.138,0.066,0.00,,0,2086,0,1961,-1,-1.06,20.8,1.00,0.062
227.50,FINAL,108.42,104.94,20.84,-0.96,0.1,-0.1,-13.9,1.0,-2604,0.26,0.138,0.066,0.00,,0,2084,0,1959,-1,-1.06,20.8,1.00,0.062
227.60,FINAL,108.33,104.84,20.83,-0.96,0.1,-0.1,-13.9,1.0,-2602,0.26,0.138,0.066,0.00,,0,2082,0,1957,-1,-1.07,20.8,1.00,0.062
227.70,FINAL,108.23,104.75,20.83,-0.96,0.1,-0.1,-13.9,1.1,-2600,0.26,0.138,0.066,0.00,,0,2080,0,1955,-1,-1.07,20.8,1.00,0.062
227.80,FINAL,108.13,104.65,20.83,-0.96,0.1,-0.1,-13.9,1.1,-2598,0.26,0.138,0.066,0.00,,0,2078,0,1953,-1,-1.07,20.8,1.00,0.062
227.90,FINAL,108.04,104.56,20.83,-0.96,0.1,-0.1,-13.9,1.1,-2596,0.26,0.138,0.066,0.00,,0,2076,0,1951,-1,-1.07,20.8,1.00,0.061
228.00,FINAL,107.94,104.46,20.83,-0.97,0.1,-0.1,-13.9,1.1,-2593,0.26,0.139,0.066,0.00,,0,2073,0,1948,-1,-1.07,20.8,1.00,0.061
228.10,FINAL,107.84,104.36,20.82,-0.97,0.1,-0.1,-13.9,1.1,-2591,0.26,0.139,0.066,0.00,,0,2071,0,1946,-1,-1.07,20.8,1.00,0.061
228.20,FINAL,107.75,104.27,20.82,-0.97,0.1,-0.1,-13.8,1.1,-2589,0.26,0.139,0.066,0.00,,0,2069,0,1944,-1,-1.07,20.8,1.00,0.061
228.30,FINAL,107.65,104.17,20.82,-0.97,0.1,-0.1,-13.8,1.1,-2587,0.26,0.139,0.066,0.00,,0,2067,0,1942,-1,-1.08,20.8,1.00,0.061
228.40,FINAL,107.55,104.07,20.82,-0.97,0.1,-0.1,-13.8,1.1,-2585,0.26,0.139,0.066,0.00,,0,2065,0,1940,-1,-1.08,20.8,1.00,0.060
228.50,FINAL,107.46,103.97,20.81,-0.97,0.1,-0.1,-13.8,1.1,-2583,0.26,0.139,0.066,0.00,,0,2063,0,1938,-1,-1.08,20.8,1.00,0.060
228.60,FINAL,107.36,103.88,20.81,-0.97,0.1,-0.1,-13.8,1.1,-2581,0.26,0.139,0.066,0.00,,0,2061,0,1936,-1,-1.08,20.8,1.00,0.060
228.70,FINAL,107.26,103.78,20.81,-0.97,0.1,-0.1,-13.8,1.1,-2579,0.26,0.139,0.066,0.00,,0,2059,0,1934,-1,-1.08,20.8,1.00,0.060
228.80,FINAL,107.17,103.68,20.81,-0.97,0.1,-0.1,-13.8,1.1,-2577,0.26,0.139,0.066,0.00,,0,2057,0,1932,-1,-1.08,20.8,1.00,0.060
228.90,FINAL,107.07,103.59,20.81,-0.97,0.1,-0.1,-13.8,1.1,-2575,0.26,0.139,0.066,0.00,,0,2055,0,1930,-1,-1.09,20.8,1.00,0.059
229.00,FINAL,106.97,103.49,20.80,-0.97,0.1,-0.1,-13.7,1.1,-2573,0.26,0.140,0.066,0.00,,0,2053,0,1928,-1,-1.09,20.8,1.00,0.059
229.10,FINAL,106.87,103.39,20.80,-0.98,0.1,-0.1,-13.7,1.1,-2571,0.26,0.140,0.066,0.00,,0,2051,0,1926,-1,-1.09,20.8,1.00,0.059
229.20,FINAL,106.78,103.29,20.80,-0.98,0.1,-0.1,-13.7,1.1,-2569,0.26,0.140,0.066,0.00,,0,2049,0,1924,-1,-1.09,20.8,1.00,0.059
229.30,FINAL,106.68,103.20,20.80,-0.98,0.1,-0.1,-13.7,1.1,-2567,0.26,0.140,0.066,0.00,,0,2047,0,1922,-1,-1.09,20.8,1.00,0.059
229.40,FINAL,106.58,103.10,20.79,-0.98,0.1,-0.1,-13.7,1.1,-2565,0.26,0.140,0.066,0.00,,0,2045,0,1920,-1,-1.09,20.8,1.00,0.058
229.50,FINAL,106.48,103.00,20.79,-0.98,0.1,-0.1,-13.7,1.1,-2563,0.26,0.140,0.066,0.00,,0,2043,0,1918,-1,-1.09,20.8,1.00,0.058
229.60,FINAL,106.38,102.90,20.79,-0.98,0.1,-0.1,-13.7,1.1,-2561,0.26,0.140,0.066,0.00,,0,2041,0,1916,-1,-1.09,20.8,1.00,0.058
229.70,FINAL,106.29,102.80,20.79,-0.98,0.1,-0.1,-13.6,1.1,-2559,0.26,0.140,0.066,0.00,,0,2039,0,1914,-1,-1.10,20.8,1.00,0.058
229.80,FINAL,106.19,102.71,20.79,-0.98,0.1,-0.1,-13.6,1.1,-2557,0.26,0.140,0.066,0.00,,0,2037,0,1912,-1,-1.10,20.8,1.00,0.058
229.90,FINAL,106.09,102.61,20.78,-0.98,0.1,-0.1,-13.6,1.1,-2555,0.26,0.140,0.066,0.00,,0,2035,0,1910,-1,-1.10,20.8,1.00,0.057
230.00,FINAL,105.99,102.51,20.78,-0.98,0.1,-0.1,-13.6,1.1,-2553,0.26,0.141,0.066,0.00,,0,2033,0,1908,-1,-1.10,20.8,1.00,0.057
230.10,FINAL,105.89,102.41,20.78,-0.98,0.1,-0.1,-13.6,1.1,-2551,0.26,0.141,0.066,0.00,,0,2031,0,1906,-1,-1.10,20.8,1.00,0.057
230.20,FINAL,105.79,102.31,20.78,-0.98,0.1,-0.1,-13.6,1.1,-2549,0.26,0.141,0.066,0.00,,0,2029,0,1904,-1,-1.10,20.8,1.00,0.057
230.30,FINAL,105.70,102.21,20.78,-0.99,0.1,-0.1,-13.5,1.1,-2547,0.26,0.141,0.066,0.00,,0,2027,0,1902,-1,-1.10,20.8,1.00,0.057
230.40,FINAL,105.60,102.12,20.78,-0.99,0.1,-0.1,-13.5,1.1,-2545,0.26,0.141,0.066,0.00,,0,2025,0,1900,-1,-1.10,20.8,1.00,0.056
230.50,FINAL,105.50,102.02,20.77,-0.99,0.1,-0.1,-13.5,1.1,-2543,0.26,0.141,0.066,0.00,,0,2023,0,1898,-1,-1.11,20.8,1.00,0.056
230.60,FINAL,105.40,101.92,20.77,-0.99,0.1,-0.1,-13.5,1.1,-2541,0.26,0.141,0.066,0.00,,0,2021,0,1896,-1,-1.11,20.8,1.00,0.056
230.70,FINAL,105.30,101.82,20.77,-0.99,0.1,-0.1,-13.5,1.1,-2539,0.26,0.141,0.066,0.00,,0,2019,0,1894,-1,-1.11,20.8,1.00,0.056
230.80,FINAL,105.20,101.72,20.77,-0.99,0.1,-0.0,-13.5,1.1,-2537,0.26,0.141,0.066,0.00,,0,2017,0,1892,-1,-1.11,20.8,1.00,0.056
230.90,FINAL,105.10,101.62,20.77,-0.99,0.1,-0.0,-13.4,1.1,-2535,0.26,0.141,0.066,0.00,,0,2015,0,1890,-1,-1.11,20.8,1.00,0.055
231.00,FINAL,105.00,101.52,20.77,-0.99,0.1,-0.0,-13.4,1.1,-2533,0.26,0.141,0.066,0.00,,0,2013,0,1888,-1,-1.11,20.8,1.00,0.055
231.10,FINAL,104.91,101.42,20.76,-0.99,0.1,-0.0,-13.4,1.1,-2531,0.26,0.142,0.066,0.00,,0,2011,0,1886,-1,-1.11,20.8,1.00,0.055
231.20,FINAL,104.81,101.32,20.76,-0.99,0.1,-0.0,-13.4,1.0,-2529,0.26,0.142,0.066,0.00,,0,2009,0,1884,-1,-1.11,20.8,1.00,0.055
231.30,FINAL,104.71,101.23,20.76,-0.99,0.1,-0.0,-13.4,1.0,-2527,0.26,0.142,0.066,0.00,,0,2007,0,1882,-1,-1.11,20.8,1.00,0.055
231.40,FINAL,104.61,101.13,20.76,-0.99,0.1,-0.0,-13.4,1.0,-2525,0.26,0.142,0.066,0.00,,0,2005,0,1880,-1,-1.12,20.8,1.00,0.054
231.50,FINAL,104.51,101.03,20.76,-0.99,0.1,-0.0,-13.3,1.0,-2523,0.26,0.142,0.066,0.00,,0,2003,0,1878,-1,-1.12,20.8,1.00,0.054
231.60,FINAL,104.41,100.93,20.76,-0.99,0.1,-0.0,-13.3,1.0,-2521,0.26,0.142,0.066,0.00,,0,2001,0,1876,-1,-1.12,20.8,1.00,0.054
231.70,FINAL,104.31,100.83,20.75,-1.00,0.1,-0.0,-13.3,1.0,-2519,0.26,0.142,0.066,0.00,,0,1999,0,1874,-1,-1.12,20.8,1.00,0.054
231.80,FINAL,104.21,100.73,20.75,-1.00,0.1,0.0,-13.3,1.0,-2517,0.26,0.142,0.066,0.00,,0,1997,0,1872,-1,-1.12,20.8,1.00,0.054
231.90,FINAL,104.11,100.63,20.75,-1.00,0.1,0.0,-13.3,1.0,-2515,0.26,0.142,0.066,0.00,,0,1995,0,1870,-1,-1.12,20.8,1.00,0.053
232.00,FINAL,104.01,100.53,20.75,-1.00,0.1,0.0,-13.3,1.0,-2513,0.26,0.142,0.066,0.00,,0,1993,0,1868,-1,-1.12,20.8,1.00,0.053
232.10,FINAL,103.91,100.43,20.75,-1.00,0.1,0.0,-13.3,1.0,-2511,0.26,0.142,0.066,0.00,,0,1991,0,1866,-1,-1.12,20.8,1.00,0.053
232.20,FINAL,103.81,100.33,20.75,-1.00,0.1,0.0,-13.2,1.0,-2509,0.26,0.142,0.066,0.00,,0,1989,0,1864,-1,-1.12,20.8,1.00,0.053
232.30,FINAL,103.71,100.23,20.75,-1.00,0.1,0.0,-13.2,0.9,-2507,0.26,0.143,0.066,0.00,,0,1987,0,1862,-1,-1.12,20.8,1.00,0.053
232.40,FINAL,103.61,100.13,20.74,-1.00,0.1,0.0,-13.2,0.9,-2505,0.26,0.143,0.066,0.00,,0,1985,0,1860,-1,-1.13,20.8,1.00,0.052
232.50,FINAL,103.51,100.03,20.74,-1.00,0.1,0.0,-13.2,0.9,-2503,0.26,0.143,0.066,0.00,,0,1983,0,1858,-1,-1.13,20.8,1.00,0.052
232.60,FINAL,103.41,99.93,20.74,-1.00,0.1,0.0,-13.2,0.9,-2501,0.26,0.143,0.066,0.00,,0,1981,0,1856,-1,-1.13,20.8,1.00,0.052
232.70,FINAL,103.31,99.83,20.74,-1.00,0.1,0.1,-13.2,0.9,-2499,0.26,0.143,0.066,0.00,,0,1979,0,1854,-1,-1.13,20.8,1.00,0.052
232.80,FINAL,103.21,99.73,20.74,-1.00,0.1,0.1,-13.2,0.9,-2497,0.26,0.143,0.066,0.00,,0,1977,0,1852,-1,-1.13,20.8,1.00,0.052
232.90,FINAL,103.11,99.63,20.74,-1.00,0.1,0.1,-13.2,0.9,-2495,0.26,0.143,0.066,0.00,,0,1975,0,1850,-1,-1.13,20.8,1.00,0.052
233.00,FINAL,103.01,99.53,20.74,-1.00,0.1,0.1,-13.2,0.9,-2493,0.26,0.143,0.066,0.00,,0,1973,0,1848,-1,-1.13,20.8,1.00,0.051
233.10,FINAL,102.91,99.43,20.74,-1.00,0.1,0.1,-13.1,0.9,-2491,0.26,0.143,0.066,0.00,,0,1971,0,1846,-1,-1.13,20.8,1.00,0.051
233.20,FINAL,102.81,99.33,20.73,-1.00,0.1,0.1,-13.1,0.8,-2489,0.26,0.143,0.066,0.00,,0,1969,0,1844,-1,-1.13,20.8,1.00,0.051
233.30,FINAL,102.71,99.23,20.73,-1.00,0.1,0.1,-13.1,0.8,-2487,0.26,0.143,0.066,0.00,,0,1967,0,1842,-1,-1.13,20.8,1.00,0.051
233.40,FINAL,102.61,99.13,20.73,-1.00,0.1,0.1,-13.1,0.8,-2485,0.26,0.143,0.066,0.00,,0,1965,0,1840,-1,-1.13,20.8,1.00,0.051
233.50,FINAL,102.51,99.03,20.73,-1.01,0.1,0.1,-13.1,0.8,-2483,0.26,0.143,0.066,0.00,,0,1963,0,1838,-1,-1.13,20.8,1.00,0.050
233.60,FINAL,102.41,98.93,20.73,-1.01,0.1,0.1,-13.1,0.8,-2481,0.26,0.143,0.066,0.00,,0,1961,0,1836,-1,-1.13,20.8,1.00,0.050
233.70,FINAL,102.31,98.83,20.73,-1.01,0.1,0.1,-13.1,0.8,-2479,0.26,0.143,0.066,0.00,,0,1959,0,1834,-1,-1.14,20.8,1.00,0.050
233.80,FINAL,102.21,98.73,20.73,-1.01,0.1,0.1,-13.1,0.8,-2477,0.26,0.144,0.066,0.00,,0,1957,0,1832,-1,-1.14,20.8,1.00,0.050
233.90,FINAL,102.11,98.62,20.73,-1.01,0.1,0.1,-13.1,0.7,-2475,0.26,0.144,0.066,0.00,,0,1955,0,1830,-1,-1.14,20.8,1.00,0.050
234.00,FINAL,102.01,98.52,20.72,-1.01,0.1,0.1,-13.1,0.7,-2473,0.26,0.144,0.066,0.00,,0,1953,0,1828,-1,-1.14,20.8,1.00,0.049
234.10,FINAL,101.90,98.42,20.72,-1.01,0.1,0.1,-13.1,0.7,-2471,0.26,0.144,0.066,0.00,,0,1951,0,1826,-1,-1.14,20.8,1.00,0.049
234.20,FINAL,101.80,98.32,20.72,-1.01,0.1,0.1,-13.1,0.7,-2469,0.26,0.144,0.066,0.00,,0,1949,0,1824,-1,-1.14,20.8,1.00,0.049
234.30,FINAL,101.70,98.22,20.72,-1.01,0.1,0.1,-13.1,0.7,-2467,0.26,0.144,0.066,0.00,,0,1947,0,1822,-1,-1.14,20.8,1.00,0.049
234.40,FINAL,101.60,98.12,20.72,-1.01,0.1,0.1,-13.1,0.7,-2465,0.26,0.144,0.066,0.00,,0,1945,0,1820,-1,-1.14,20.8,1.00,0.049
234.50,FINAL,101.50,98.02,20.72,-1.01,0.1,0.1,-13.0,0.7,-2463,0.26,0.144,0.066,0.00,,0,1943,0,1818,-1,-1.14,20.8,1.00,0.048
234.60,FINAL,101.40,97.92,20.72,-1.01,0.1,0.2,-13.0,0.7,-2461,0.26,0.144,0.066,0.00,,0,1941,0,1816,-1,-1.14,20.8,1.00,0.048
234.70,FINAL,101.30,97.82,20.72,-1.01,0.1,0.2,-13.0,0.6,-2459,0.26,0.144,0.066,0.00,,0,1939,0,1814,-1,-1.14,20.8,1.00,0.048
234.80,FINAL,101.20,97.72,20.71,-1.01,0.1,0.2,-13.0,0.6,-2457,0.26,0.144,0.066,0.00,,0,1937,0,1812,-1,-1.14,20.8,1.00,0.048
234.90,FINAL,101.10,97.62,20.71,-1.01,0.1,0.2,-13.0,0.6,-2455,0.26,0.144,0.066,0.00,,0,1935,0,1810,-1,-1.14,20.8,1.00,0.048
235.00,FINAL,101.00,97.51,20.71,-1.01,0.1,0.2,-13.0,0.6,-2453,0.26,0.144,0.066,0.00,,0,1933,0,1808,-1,-1.14,20.8,1.00,0.047
235.10,FINAL,100.89,97.41,20.71,-1.01,0.1,0.2,-13.0,0.6,-2451,0.26,0.144,0.066,0.00,,0,1931,0,1806,-1,-1.14,20.8,1.00,0.047
235.20,FINAL,100.79,97.31,20.71,-1.01,0.1,0.2,-13.0,0.6,-2449,0.26,0.144,0.066,0.00,,0,1929,0,1804,-1,-1.15,20.8,1.00,0.047
235.30,FINAL,100.69,97.21,20.71,-1.01,0.1,0.2,-13.0,0.6,-2447,0.26,0.144,0.066,0.00,,1,1927,0,1802,-1,-1.15,20.8,1.00,0.047
235.40,FINAL,100.59,97.11,20.71,-1.01,0.1,0.2,-13.0,0.5,-2445,0.26,0.144,0.066,0.00,,1,1925,0,1800,-1,-1.15,20.8,1.00,0.047
235.50,FINAL,100.49,97.01,20.71,-1.01,0.1,0.2,-13.0,0.5,-2443,0.26,0.144,0.066,0.00,,1,1923,0,1798,-1,-1.15,20.8,1.00,0.047
235.60,FINAL,100.39,96.91,20.71,-1.01,0.1,0.2,-13.0,0.5,-2441,0.26,0.144,0.066,0.00,,1,1921,0,1796,-1,-1.15,20.8,1.00,0.046
235.70,FINAL,100.29,96.80,20.71,-1.01,0.1,0.2,-13.0,0.5,-2439,0.26,0.145,0.066,0.00,,1,1919,0,1794,-1,-1.15,20.8,1.00,0.046
235.80,FINAL,100.18,96.70,20.70,-1.02,0.1,0.2,-13.0,0.5,-2437,0.26,0.145,0.066,0.00,,1,1917,0,1792,-0,-1.15,20.8,1.00,0.046
235.90,FINAL,100.08,96.60,20.70,-1.02,0.1,0.2,-13.0,0.5,-2435,0.26,0.145,0.066,0.00,,1,1915,0,1790,-0,-1.15,20.8,1.00,0.046
236.00,FINAL,99.98,96.50,20.70,-1.02,0.1,0.2,-12.9,0.5,-2433,0.26,0.145,0.066,0.00,,1,1913,0,1788,-0,-1.15,20.8,1.00,0.046
236.10,FINAL,99.88,96.40,20.70,-1.02,0.1,0.2,-12.9,0.4,-2431,0.26,0.145,0.066,0.00,,1,1911,0,1786,-0,-1.15,20.8,1.00,0.045
236.20,FINAL,99.78,96.30,20.70,-1.02,0.1,0.2,-12.9,0.4,-2429,0.26,0.145,0.066,0.00,,1,1909,0,1784,-0,-1.15,20.8,1.00,0.045
236.30,FINAL,99.68,96.20,20.70,-1.02,0.1,0.2,-12.9,0.4,-2427,0.26,0.145,0.066,0.00,,1,1907,0,1782,-0,-1.15,20.8,1.00,0.045
236.40,FINAL,99.58,97.36,20.70,-1.02,0.1,0.2,-12.9,0.4,-2425,0.26,0.145,0.066,0.00,,1,1905,0,1780,-0,-1.15,20.8,1.00,0.045
236.50,FINAL,99.47,97.11,20.70,-1.02,0.1,0.2,-12.9,0.4,-2423,0.26,0.145,0.066,0.00,,1,1903,0,1778,-0,-1.15,20.8,1.00,0.045
236.60,FINAL,99.37,96.85,20.70,-1.02,0.1,0.2,-12.9,0.4,-2421,0.26,0.145,0.066,0.00,,1,1901,0,1776,-0,-1.15,20.8,1.00,0.044
236.70,FINAL,99.27,96.59,20.69,-1.02,0.1,0.2,-12.9,0.4,-2419,0.26,0.145,0.066,0.00,,1,1899,0,1774,-0,-1.15,20.8,1.00,0.044
236.80,FINAL,99.17,96.33,20.69,-1.02,0.1,0.2,-12.9,0.4,-2417,0.26,0.145,0.066,0.00,,1,1897,0,1772,-0,-1.15,20.8,1.00,0.044
236.90,FINAL,99.07,96.09,20.69,-1.02,0.1,0.2,-12.9,0.3,-2415,0.26,0.145,0.066,0.00,,1,1895,0,1770,-0,-1.15,20.8,1.00,0.044
237.00,FINAL,98.96,95.86,20.69,-1.02,0.1,0.2,-12.9,0.3,-2413,0.26,0.145,0.066,0.00,,1,1893,0,1768,-0,-1.15,20.8,1.00,0.044
237.10,FINAL,98.86,95.65,20.69,-1.02,0.1,0.2,-12.9,0.3,-2411,0.26,0.145,0.066,0.00,,1,1891,0,1766,-0,-1.15,20.8,1.00,0.044
237.20,FINAL,98.76,95.45,20.69,-1.02,0.1,0.2,-12.9,0.3,-2409,0.26,0.145,0.066,0.00,,1,1889,0,1764,-0,-1.16,20.8,1.00,0.043
237.30,FINAL,98.66,95.26,20.69,-1.02,0.1,0.2,-12.9,0.3,-2407,0.26,0.145,0.066,0.00,,1,1887,0,1762,-0,-1.16,20.8,1.00,0.043
237.40,FINAL,98.56,95.07,20.69,-1.02,0.1,0.3,-12.9,0.3,-2405,0.26,0.145,0.066,0.00,,1,1885,0,1760,-0,-1.16,20.8,1.00,0.043
237.50,FINAL,98.45,94.89,20.69,-1.02,0.1,0.3,-12.9,0.3,-2403,0.26,0.145,0.066,0.00,,1,1883,0,1758,-0,-1.16,20.8,1.00,0.043
237.60,FINAL,98.35,94.71,20.69,-1.02,0.1,0.3,-12.9,0.3,-2401,0.26,0.145,0.066,0.00,,1,1881,0,1756,-0,-1.16,20.8,1.00,0.043
237.70,FINAL,98.25,94.51,20.69,-1.02,0.1,0.3,-12.9,0.3,-2399,0.26,0.145,0.066,0.00,,1,1879,0,1754,-0,-1.16,20.8,1.00,0.042
237.80,FINAL,98.15,94.31,20.69,-1.02,0.1,0.3,-12.9,0.2,-2397,0.26,0.145,0.066,0.00,,1,1877,0,1752,-0,-1.16,20.8,1.00,0.042
237.90,FINAL,98.05,94.10,20.68,-1.02,0.1,0.3,-12.9,0.2,-2395,0.26,0.145,0.066,0.00,,1,1875,0,1750,-0,-1.16,20.8,1.00,0.042
238.00,FINAL,97.94,93.90,20.68,-1.02,0.1,0.3,-12.9,0.2,-2393,0.26,0.145,0.066,0.00,,1,1873,0,1748,-0,-1.16,20.8,1.00,0.042
238.10,FINAL,97.84,93.70,20.68,-1.02,0.1,0.3,-12.9,0.2,-2391,0.26,0.145,0.066,0.00,,1,1871,0,1746,-0,-1.16,20.8,1.00,0.042
238.20,FINAL,97.74,93.52,20.68,-1.02,0.1,0.3,-12.9,0.2,-2389,0.26,0.145,0.065,0.00,,1,1869,0,1744,-0,-1.16,20.8,1.00,0.042
238.30,FINAL,97.64,93.36,20.68,-1.02,0.1,0.3,-12.9,0.2,-2387,0.26,0.145,0.065,0.00,,1,1867,0,1742,-0,-1.16,20.8,1.00,0.041
238.40,FINAL,97.53,93.20,20.68,-1.02,0.1,0.3,-12.9,0.2,-2385,0.26,0.146,0.065,0.00,,1,1865,0,1740,-0,-1.16,20.8,1.00,0.041
238.50,FINAL,97.43,93.05,20.68,-1.02,0.1,0.3,-12.9,0.2,-2383,0.26,0.146,0.065,0.00,,1,1863,0,1738,-0,-1.16,20.8,1.00,0.041
238.60,FINAL,97.33,92.89,20.68,-1.02,0.1,0.3,-12.9,0.2,-2381,0.26,0.146,0.065,0.00,,1,1861,0,1736,-0,-1.16,20.8,1.00,0.041
238.70,FINAL,97.23,92.74,20.68,-1.02,0.1,0.3,-12.9,0.1,-2379,0.26,0.146,0.065,0.00,,1,1859,0,1734,-0,-1.16,20.8,1.00,0.041
238.80,FINAL,97.12,92.59,20.68,-1.03,0.1,0.3,-12.9,0.1,-2377,0.26,0.146,0.065,0.00,,1,1857,0,1732,-0,-1.16,20.8,1.00,0.041
238.90,FINAL,97.02,92.44,20.68,-1.03,0.1,0.3,-12.9,0.1,-2375,0.26,0.146,0.065,0.00,,1,1855,0,1730,-0,-1.16,20.8,1.00,0.040
239.00,FINAL,96.92,92.29,20.68,-1.03,0.1,0.3,-12.9,0.1,-2373,0.26,0.146,0.065,0.00,,1,1853,0,1728,-0,-1.16,20.8,1.00,0.040
239.10,FINAL,96.82,92.14,20.68,-1.03,0.1,0.3,-12.9,0.1,-2371,0.26,0.146,0.065,0.00,,1,1851,0,1726,-0,-1.16,20.8,1.00,0.040
239.20,FINAL,96.71,92.00,20.68,-1.03,0.1,0.3,-12.9,0.1,-2368,0.26,0.146,0.065,0.00,,1,1848,0,1723,-0,-1.16,20.8,1.00,0.040
239.30,FINAL,96.61,91.85,20.68,-1.03,0.1,0.3,-12.9,0.1,-2366,0.26,0.146,0.065,0.00,,1,1846,0,1721,-0,-1.16,20.8,1.00,0.040
239.40,FINAL,96.51,91.70,20.68,-1.03,0.1,0.3,-12.9,0.1,-2364,0.26,0.146,0.065,0.00,,1,1844,0,1719,-0,-1.16,20.8,1.00,0.039
239.50,FINAL,96.41,91.56,20.67,-1.03,0.1,0.3,-12.9,0.1,-2362,0.26,0.146,0.065,0.00,,1,1842,0,1717,-0,-1.16,20.8,1.00,0.039
239.60,FINAL,96.30,91.42,20.67,-1.03,0.1,0.3,-12.9,0.1,-2360,0.26,0.146,0.065,0.00,,1,1840,0,1715,-0,-1.16,20.8,1.00,0.039
239.70,FINAL,96.20,91.28,20.67,-1.03,0.1,0.3,-12.9,0.1,-2358,0.26,0.146,0.065,0.00,,1,1838,0,1713,-0,-1.16,20.8,1.00,0.039
239.80,FINAL,96.10,91.14,20.67,-1.03,0.1,0.3,-12.9,0.1,-2356,0.26,0.146,0.065,0.00,,1,1836,0,1711,-0,-1.16,20.8,1.00,0.039
239.90,FINAL,95.99,91.00,20.67,-1.03,0.1,0.3,-12.9,0.1,-2354,0.26,0.146,0.065,0.00,,1,1834,0,1709,-0,-1.16,20.8,1.00,0.039
240.00,FINAL,95.89,90.86,20.67,-1.03,0.1,0.3,-12.9,0.0,-2352,0.26,0.146,0.065,0.00,,1,1832,0,1707,-0,-1.16,20.8,1.00,0.038
240.10,FINAL,95.79,90.72,20.67,-1.03,0.1,0.3,-12.9,0.0,-2350,0.26,0.146,0.065,0.00,,1,1830,0,1705,-0,-1.16,20.8,1.00,0.038
240.20,FINAL,95.69,90.59,20.67,-1.03,0.1,0.3,-12.9,0.0,-2348,0.26,0.146,0.065,0.00,,1,1828,0,1703,-0,-1.16,20.8,1.00,0.038
240.30,FINAL,95.58,90.45,20.67,-1.03,0.1,0.3,-12.9,0.0,-2346,0.26,0.146,0.065,0.00,,1,1826,0,1701,-0,-1.16,20.8,1.00,0.038
240.40,FINAL,95.48,90.32,20.67,-1.03,0.1,0.3,-12.9,0.0,-2344,0.26,0.146,0.065,0.00,,1,1824,0,1699,-0,-1.16,20.8,1.00,0.038
240.50,FINAL,95.38,90.19,20.67,-1.03,0.1,0.3,-12.9,0.0,-2342,0.26,0.146,0.065,0.00,,1,1822,0,1697,-0,-1.16,20.8,1.00,0.038
240.60,FINAL,95.27,90.06,20.67,-1.03,0.1,0.3,-12.9,0.0,-2340,0.26,0.146,0.065,0.00,,1,1820,0,1695,-0,-1.16,20.8,1.00,0.037
240.70,FINAL,95.17,89.93,20.67,-1.03,0.1,0.3,-12.9,0.0,-2338,0.26,0.146,0.065,0.00,,1,1818,0,1693,-0,-1.17,20.8,1.00,0.037
240.80,FINAL,95.07,89.80,20.67,-1.03,0.1,0.3,-12.9,-0.0,-2336,0.26,0.146,0.065,0.00,,1,1816,0,1691,0,-1.17,20.8,1.00,0.037
240.90,FINAL,94.97,89.67,20.67,-1.03,0.1,0.3,-12.9,-0.0,-2334,0.26,0.146,0.065,0.00,,1,1814,0,1689,0,-1.17,20.8,1.00,0.037
241.00,FINAL,94.86,89.55,20.67,-1.03,0.1,0.3,-12.9,-0.0,-2332,0.26,0.146,0.065,0.00,,1,1812,0,1687,0,-1.17,20.8,1.00,0.037
241.10,FINAL,94.76,89.42,20.67,-1.03,0.1,0.3,-12.9,-0.0,-2330,0.26,0.146,0.065,0.00,,1,1810,0,1685,0,-1.17,20.8,1.00,0.037
241.20,FINAL,94.66,89.30,20.67,-1.03,0.1,0.3,-12.9,-0.0,-2328,0.26,0.146,0.065,0.00,,1,1808,0,1683,0,-1.17,20.8,1.00,0.036
241.30,FINAL,94.55,89.18,20.67,-1.03,0.1,0.3,-12.9,-0.0,-2326,0.26,0.146,0.065,0.00,,1,1806,0,1681,0,-1.17,20.8,1.00,0.036
241.40,FINAL,94.45,89.06,20.67,-1.03,0.1,0.3,-12.9,-0.0,-2324,0.26,0.146,0.065,0.00,,1,1804,0,1679,0,-1.17,20.8,1.00,0.036
241.50,FINAL,94.35,88.94,20.67,-1.03,0.1,0.3,-12.9,-0.0,-2322,0.26,0.146,0.065,0.00,,1,1802,0,1677,0,-1.17,20.8,1.00,0.036
241.60,FINAL,94.24,88.83,20.66,-1.03,0.1,0.3,-12.9,-0.0,-2320,0.26,0.146,0.065,0.00,,1,1800,0,1675,0,-1.17,20.8,1.00,0.036
241.70,FINAL,94.14,88.72,20.66,-1.03,0.1,0.3,-12.9,-0.0,-2318,0.26,0.146,0.065,0.00,,1,1798,0,1673,0,-1.17,20.8,1.00,0.036
241.80,FINAL,94.04,88.61,20.66,-1.03,0.1,0.3,-13.0,-0.0,-2316,0.26,0.146,0.065,0.00,,1,1796,0,1671,0,-1.17,20.8,1.00,0.035
241.90,FINAL,93.93,88.51,20.66,-1.03,0.1,0.3,-13.0,-0.0,-2314,0.26,0.146,0.065,0.00,,1,1794,0,1669,0,-1.17,20.8,1.00,0.035
242.00,FINAL,93.83,88.40,20.66,-1.03,0.1,0.3,-13.0,-0.0,-2312,0.26,0.146,0.065,0.00,,1,1792,0,1667,0,-1.17,20.8,1.00,0.035
242.10,FINAL,93.73,88.30,20.66,-1.03,0.1,0.3,-13.0,-0.0,-2310,0.26,0.146,0.065,0.00,,1,1790,0,1665,0,-1.17,20.8,1.00,0.035
242.20,FINAL,93.62,88.20,20.66,-1.03,0.1,0.3,-13.0,-0.1,-2308,0.26,0.146,0.065,0.00,,1,1788,0,1663,0,-1.17,20.8,1.00,0.035
242.30,FINAL,93.52,88.11,20.66,-1.03,0.1,0.3,-13.0,-0.1,-2306,0.26,0.147,0.065,0.00,,1,1786,0,1661,0,-1.17,20.8,1.00,0.035
242.40,FINAL,93.42,88.01,20.66,-1.03,0.1,0.3,-13.0,-0.1,-2304,0.26,0.147,0.065,0.00,,1,1784,0,1659,0,-1.17,20.8,1.00,0.034
242.50,FINAL,93.31,87.92,20.66,-1.03,0.1,0.3,-13.0,-0.1,-2302,0.26,0.147,0.065,0.00,,1,1782,0,1657,0,-1.17,20.8,1.00,0.034
242.60,FINAL,93.21,87.83,20.66,-1.03,0.1,0.3,-13.0,-0.1,-2300,0.26,0.147,0.065,0.00,,1,1780,0,1655,0,-1.17,20.8,1.00,0.034
242.70,FINAL,93.11,87.74,20.66,-1.03,0.1,0.2,-13.0,-0.1,-2298,0.26,0.147,0.065,0.00,,1,1778,0,1653,0,-1.17,20.8,1.00,0.034
242.80,FINAL,93.00,87.65,20.66,-1.03,0.1,0.2,-13.0,-0.1,-2296,0.26,0.147,0.065,0.00,,1,1776,0,1651,0,-1.17,20.8,1.00,0.034
242.90,FINAL,92.90,87.56,20.66,-1.03,0.1,0.2,-13.0,-0.1,-2294,0.26,0.147,0.065,0.00,,1,1774,0,1649,0,-1.17,20.8,1.00,0.034
243.00,FINAL,92.80,87.47,20.66,-1.03,0.1,0.2,-13.0,-0.1,-2292,0.26,0.147,0.065,0.00,,1,1772,0,1647,0,-1.17,20.8,1.00,0.033
243.10,FINAL,92.69,87.38,20.66,-1.03,0.1,0.2,-13.0,-0.1,-2290,0.26,0.147,0.065,0.00,,1,1770,0,1645,0,-1.17,20.8,1.00,0.033
243.20,FINAL,92.59,87.29,20.66,-1.04,0.1,0.2,-13.0,-0.1,-2288,0.26,0.147,0.065,0.00,,1,1768,0,1643,0,-1.17,20.8,1.00,0.033
243.30,FINAL,92.49,87.21,20.66,-1.04,0.1,0.2,-13.0,-0.1,-2286,0.26,0.147,0.065,0.00,,1,1766,0,1641,0,-1.17,20.8,1.00,0.033
243.40,FINAL,92.38,87.12,20.66,-1.04,0.1,0.2,-13.0,-0.1,-2284,0.26,0.147,0.065,0.00,,1,1764,0,1639,0,-1.17,20.8,1.00,0.033
243.50,FINAL,92.28,87.03,20.66,-1.04,0.1,0.2,-13.0,-0.1,-2282,0.26,0.147,0.065,0.00,,1,1762,0,1637,0,-1.17,20.8,1.00,0.033
243.60,FINAL,92.18,86.94,20.66,-1.04,0.1,0.2,-13.0,-0.1,-2280,0.26,0.147,0.065,0.00,,1,1760,0,1635,0,-1.17,20.8,1.00,0.033
243.70,FINAL,92.07,86.85,20.66,-1.04,0.1,0.2,-13.0,-0.1,-2278,0.26,0.147,0.065,0.00,,1,1758,0,1633,0,-1.17,20.8,1.00,0.032
243.80,FINAL,91.97,86.76,20.66,-1.04,0.1,0.2,-13.0,-0.1,-2276,0.26,0.147,0.065,0.00,,1,1756,0,1631,0,-1.17,20.8,1.00,0.032
243.90,FINAL,91.87,86.67,20.66,-1.04,0.1,0.2,-13.0,-0.1,-2274,0.26,0.147,0.065,0.00,,1,1754,0,1629,0,-1.17,20.8,1.00,0.032
244.00,FINAL,91.76,86.57,20.66,-1.04,0.1,0.2,-13.0,-0.1,-2272,0.26,0.147,0.065,0.00,,1,1752,0,1627,0,-1.17,20.8,1.00,0.032
244.10,FINAL,91.66,86.48,20.66,-1.04,0.1,0.2,-13.0,-0.1,-2270,0.26,0.147,0.065,0.00,,1,1750,0,1625,0,-1.17,20.8,1.00,0.032
244.20,FINAL,91.55,86.38,20.66,-1.04,0.1,0.2,-13.0,-0.1,-2268,0.26,0.147,0.065,0.00,,1,1748,0,1623,0,-1.17,20.8,1.00,0.032
244.30,FINAL,91.45,86.28,20.66,-1.04,0.1,0.2,-13.0,-0.1,-2266,0.26,0.147,0.065,0.00,,1,1746,0,1621,0,-1.17,20.8,1.00,0.031
244.40,FINAL,91.35,86.18,20.66,-1.04,0.1,0.2,-13.0,-0.1,-2264,0.26,0.147,0.065,0.00,,1,1744,0,1619,0,-1.17,20.8,1.00,0.031
244.50,FINAL,91.24,86.08,20.66,-1.04,0.1,0.2,-13.0,-0.1,-2262,0.26,0.147,0.065,0.00,,1,1742,0,1617,0,-1.17,20.8,1.00,0.031
244.60,FINAL,91.14,85.98,20.66,-1.04,0.1,0.2,-13.0,-0.1,-2260,0.26,0.147,0.065,0.00,,1,1740,0,1615,0,-1.17,20.8,1.00,0.031
244.70,FINAL,91.04,85.87,20.66,-1.04,0.1,0.2,-13.0,-0.0,-2258,0.26,0.147,0.065,0.00,,1,1738,0,1613,0,-1.17,20.8,1.00,0.031
244.80,FINAL,90.93,85.76,20.66,-1.04,0.1,0.2,-13.0,-0.0,-2256,0.26,0.147,0.065,0.00,,1,1736,0,1611,0,-1.17,20.8,1.00,0.031
244.90,FINAL,90.83,85.64,20.66,-1.04,0.1,0.2,-13.0,-0.0,-2254,0.26,0.147,0.065,0.00,,1,1734,0,1609,0,-1.17,20.8,1.00,0.031
245.00,FINAL,90.72,85.53,20.66,-1.04,0.1,0.2,-13.0,-0.0,-2252,0.26,0.147,0.065,0.00,,1,1732,0,1607,0,-1.17,20.8,1.00,0.030
245.10,FINAL,90.62,85.41,20.66,-1.04,0.1,0.2,-13.0,-0.0,-2250,0.26,0.147,0.065,0.00,,1,1730,0,1605,0,-1.17,20.8,1.00,0.030
245.20,FINAL,90.52,85.29,20.66,-1.04,0.1,0.2,-13.1,-0.0,-2248,0.26,0.147,0.065,0.00,,1,1728,0,1603,0,-1.17,20.8,1.00,0.030
245.30,FINAL,90.41,85.17,20.66,-1.04,0.1,0.2,-13.1,-0.0,-2246,0.26,0.147,0.065,0.00,,1,1726,0,1601,0,-1.17,20.8,1.00,0.030
245.40,FINAL,90.31,85.05,20.65,-1.04,0.1,0.2,-13.1,-0.0,-2244,0.26,0.147,0.065,0.00,,1,1724,0,1599,0,-1.17,20.8,1.00,0.030
245.50,FINAL,90.20,84.94,20.65,-1.04,0.1,0.2,-13.1,-0.0,-2242,0.26,0.147,0.065,0.00,,1,1722,0,1597,0,-1.17,20.8,1.00,0.030
245.60,FINAL,90.10,84.82,20.65,-1.04,0.1,0.2,-13.1,-0.0,-2240,0.26,0.147,0.065,0.00,,1,1720,0,1595,0,-1.17,20.8,1.00,0.029
245.70,FINAL,90.00,84.70,20.65,-1.04,0.1,0.2,-13.1,-0.0,-2238,0.26,0.147,0.065,0.00,,1,1718,0,1593,0,-1.17,20.8,1.00,0.029
245.80,FINAL,89.89,84.58,20.65,-1.04,0.1,0.2,-13.1,-0.0,-2236,0.26,0.147,0.065,0.00,,1,1716,0,1591,0,-1.17,20.8,1.00,0.029
245.90,FINAL,89.79,84.46,20.65,-1.04,0.1,0.2,-13.1,-0.0,-2234,0.26,0.147,0.065,0.00,,1,1714,0,1589,0,-1.17,20.8,1.00,0.029
246.00,FINAL,89.68,84.35,20.65,-1.04,0.1,0.2,-13.1,-0.0,-2232,0.26,0.147,0.065,0.00,,1,1712,0,1587,0,-1.17,20.8,1.00,0.029
246.10,FINAL,89.58,84.23,20.65,-1.04,0.1,0.2,-13.1,-0.0,-2230,0.26,0.147,0.065,0.00,,1,1710,0,1585,0,-1.17,20.8,1.00,0.029
246.20,FINAL,89.48,84.12,20.65,-1.04,0.1,0.2,-13.1,-0.0,-2228,0.26,0.147,0.065,0.00,,1,1708,0,1583,0,-1.17,20.8,1.00,0.029
246.30,FINAL,89.37,84.00,20.65,-1.04,0.1,0.2,-13.1,-0.0,-2226,0.26,0.147,0.064,0.00,,1,1706,0,1581,0,-1.17,20.8,1.00,0.028
246.40,FINAL,89.27,83.89,20.65,-1.04,0.1,0.2,-13.1,-0.0,-2224,0.26,0.147,0.064,0.00,,1,1704,0,1579,0,-1.17,20.8,1.00,0.028
246.50,FINAL,89.16,83.78,20.65,-1.04,0.1,0.2,-13.1,-0.0,-2222,0.26,0.147,0.064,0.00,,1,1702,0,1577,0,-1.17,20.8,1.00,0.028
246.60,FINAL,89.06,83.66,20.65,-1.04,0.1,0.2,-13.1,0.0,-2220,0.26,0.147,0.064,0.00,,1,1700,0,1575,-0,-1.17,20.8,1.00,0.028
246.70,FINAL,88.96,83.55,20.65,-1.04,0.1,0.2,-13.1,0.0,-2218,0.26,0.147,0.064,0.00,,1,1698,0,1573,-0,-1.17,20.8,1.00,0.028
246.80,FINAL,88.85,83.43,20.65,-1.04,0.1,0.2,-13.1,0.0,-2216,0.26,0.147,0.064,0.00,,1,1696,0,1571,-0,-1.17,20.8,1.00,0.028
246.90,FINAL,88.75,83.32,20.65,-1.04,0.1,0.2,-13.1,0.0,-2214,0.26,0.147,0.064,0.00,,1,1694,0,1569,-0,-1.17,20.8,1.00,0.028
247.00,FINAL,88.64,83.21,20.65,-1.04,0.1,0.1,-13.1,0.0,-2212,0.26,0.147,0.064,0.00,,1,1692,0,1567,-0,-1.17,20.8,1.00,0.027
247.10,FINAL,88.54,83.09,20.65,-1.04,0.1,0.1,-13.0,0.0,-2210,0.26,0.147,0.064,0.00,,1,1690,0,1565,-0,-1.17,20.8,1.00,0.027
247.20,FINAL,88.43,82.98,20.65,-1.04,0.1,0.1,-13.0,0.0,-2208,0.26,0.147,0.064,0.00,,1,1688,0,1563,-0,-1.17,20.8,1.00,0.027
247.30,FINAL,88.33,82.86,20.65,-1.04,0.1,0.1,-13.0,0.0,-2206,0.26,0.147,0.064,0.00,,1,1686,0,1561,-0,-1.17,20.8,1.00,0.027
247.40,FINAL,88.23,82.75,20.65,-1.04,0.1,0.1,-13.0,0.0,-2204,0.26,0.147,0.064,0.00,,1,1684,0,1559,-0,-1.17,20.8,1.00,0.027
247.50,FINAL,88.12,82.63,20.65,-1.04,0.1,0.1,-13.0,0.0,-2202,0.26,0.147,0.064,0.00,,1,1682,0,1557,-0,-1.17,20.8,1.00,0.027
247.60,FINAL,88.02,82.52,20.65,-1.04,0.1,0.1,-13.0,0.0,-2200,0.26,0.147,0.064,0.00,,1,1680,0,1555,-0,-1.17,20.8,1.00,0.027
247.70,FINAL,87.91,82.40,20.65,-1.04,0.1,0.1,-13.0,0.0,-2198,0.26,0.147,0.064,0.00,,1,1678,0,1553,-0,-1.17,20.8,1.00,0.026
247.80,FINAL,87.81,82.29,20.65,-1.04,0.1,0.1,-13.0,0.0,-2196,0.26,0.147,0.064,0.00,,1,1676,0,1551,-0,-1.17,20.8,1.00,0.026
247.90,FINAL,87.70,82.17,20.65,-1.04,0.1,0.1,-13.0,0.0,-2194,0.26,0.147,0.064,0.00,,1,1674,0,1549,-0,-1.17,20.8,1.00,0.026
248.00,FINAL,87.60,82.06,20.65,-1.04,0.1,0.1,-13.0,0.0,-2192,0.26,0.147,0.064,0.00,,1,1672,0,1547,-0,-1.17,20.8,1.00,0.026
248.10,FINAL,87.49,81.94,20.65,-1.04,0.1,0.1,-13.0,0.0,-2190,0.26,0.147,0.064,0.00,,1,1670,0,1545,-0,-1.17,20.8,1.00,0.026
248.20,FINAL,87.39,81.82,20.65,-1.04,0.1,0.1,-13.0,0.1,-2188,0.26,0.147,0.064,0.00,,1,1668,0,1543,-0,-1.17,20.8,1.00,0.026
248.30,FINAL,87.29,81.71,20.65,-1.05,0.1,0.1,-13.0,0.1,-2186,0.26,0.147,0.064,0.00,,1,1666,0,1541,-0,-1.17,20.8,1.00,0.026
248.40,FINAL,87.18,81.59,20.65,-1.05,0.1,0.1,-13.0,0.1,-2184,0.26,0.147,0.064,0.00,,1,1664,0,1539,-0,-1.17,20.8,1.00,0.026
248.50,FINAL,87.08,81.47,20.65,-1.05,0.1,0.1,-13.0,0.1,-2182,0.26,0.147,0.064,0.00,,1,1662,0,1537,-0,-1.17,20.8,1.00,0.025
248.60,FINAL,86.97,81.36,20.65,-1.05,0.1,0.1,-13.0,0.1,-2180,0.26,0.147,0.064,0.00,,1,1660,0,1535,-0,-1.17,20.8,1.00,0.025
248.70,FINAL,86.87,81.24,20.65,-1.05,0.1,0.1,-13.0,0.1,-2178,0.26,0.147,0.064,0.00,,1,1658,0,1533,-0,-1.17,20.8,1.00,0.025
248.80,FINAL,86.76,81.12,20.65,-1.05,0.1,0.1,-13.0,0.1,-2176,0.26,0.147,0.064,0.00,,1,1656,0,1531,-0,-1.17,20.8,1.00,0.025
248.90,FINAL,86.66,81.01,20.65,-1.05,0.1,0.1,-13.0,0.1,-2174,0.26,0.147,0.064,0.00,,1,1654,0,1529,-0,-1.17,20.8,1.00,0.025
249.00,FINAL,86.55,80.89,20.65,-1.05,0.1,0.1,-13.0,0.1,-2172,0.26,0.147,0.064,0.00,,1,1652,0,1527,-0,-1.17,20.8,1.00,0.025
249.10,FINAL,86.45,80.78,20.65,-1.05,0.1,0.1,-13.0,0.1,-2170,0.26,0.147,0.064,0.00,,1,1650,0,1525,-0,-1.17,20.8,1.00,0.025
249.20,FINAL,86.34,80.67,20.65,-1.05,0.0,0.1,-13.0,0.1,-2168,0.26,0.147,0.064,0.00,,1,1648,0,1523,-0,-1.17,20.8,1.00,0.024
249.30,FINAL,86.24,80.56,20.65,-1.05,0.0,0.1,-13.0,0.1,-2166,0.26,0.147,0.064,0.00,,1,1646,0,1521,-0,-1.17,20.8,1.00,0.024
249.40,FINAL,86.14,80.45,20.65,-1.05,0.0,0.1,-13.0,0.1,-2164,0.26,0.147,0.064,0.00,,1,1644,0,1519,-0,-1.17,20.8,1.00,0.024
249.50,FINAL,86.03,80.34,20.65,-1.05,0.0,0.1,-13.0,0.1,-2162,0.26,0.147,0.064,0.00,,1,1642,0,1517,-0,-1.17,20.8,1.00,0.024
249.60,FINAL,85.93,80.23,20.65,-1.05,0.0,0.1,-13.0,0.1,-2160,0.26,0.147,0.064,0.00,,1,1640,0,1515,-0,-1.17,20.8,1.00,0.024
249.70,FINAL,85.82,80.12,20.65,-1.05,0.0,0.1,-13.0,0.1,-2158,0.26,0.147,0.064,0.00,,1,1638,0,1513,-0,-1.17,20.8,1.00,0.024
249.80,FINAL,85.72,80.02,20.65,-1.05,0.0,0.1,-13.0,0.1,-2156,0.26,0.147,0.064,0.00,,1,1636,0,1511,-0,-1.17,20.8,1.00,0.024
249.90,FINAL,85.61,79.91,20.65,-1.05,0.0,0.1,-13.0,0.1,-2154,0.26,0.147,0.064,0.00,,1,1634,0,1509,-0,-1.17,20.8,1.00,0.024
250.00,FINAL,85.51,79.80,20.65,-1.05,0.0,0.1,-13.0,0.1,-2152,0.26,0.147,0.064,0.00,,1,1632,0,1507,-0,-1.17,20.8,1.00,0.023
250.10,FINAL,85.40,79.70,20.65,-1.05,0.0,0.1,-13.0,0.1,-2150,0.26,0.147,0.064,0.00,,1,1630,0,1505,-0,-1.17,20.8,1.00,0.023
250.20,FINAL,85.30,79.60,20.65,-1.05,0.0,0.1,-13.0,0.1,-2148,0.26,0.147,0.064,0.00,,1,1628,0,1503,-0,-1.17,20.8,1.00,0.023
250.30,FINAL,85.19,79.49,20.65,-1.05,0.0,0.1,-13.0,0.1,-2146,0.26,0.147,0.064,0.00,,1,1626,0,1501,-0,-1.17,20.8,1.00,0.023
250.40,FINAL,85.09,79.39,20.65,-1.05,0.0,0.1,-13.0,0.1,-2144,0.26,0.147,0.064,0.00,,1,1624,0,1499,-0,-1.17,20.8,1.00,0.023
250.50,FINAL,84.98,79.28,20.65,-1.05,0.0,0.1,-13.0,0.1,-2142,0.26,0.147,0.064,0.00,,1,1622,0,1497,-0,-1.16,20.8,1.00,0.023
250.60,FINAL,84.88,79.18,20.65,-1.05,0.0,0.1,-13.0,0.1,-2140,0.26,0.147,0.064,0.00,,1,1620,0,1495,-0,-1.16,20.8,1.00,0.023
250.70,FINAL,84.77,79.08,20.65,-1.05,0.0,0.1,-13.0,0.1,-2138,0.26,0.147,0.064,0.00,,1,1618,0,1493,-0,-1.16,20.8,1.00,0.023
250.80,FINAL,84.67,78.97,20.65,-1.05,0.0,0.1,-13.0,0.1,-2136,0.26,0.147,0.064,0.00,,1,1616,0,1491,-0,-1.16,20.8,1.00,0.022
250.90,FINAL,84.56,78.87,20.65,-1.05,0.0,0.1,-13.0,0.1,-2134,0.26,0.147,0.064,0.00,,1,1614,0,1489,-0,-1.16,20.8,1.00,0.022
251.00,FINAL,84.46,78.77,20.65,-1.05,0.0,0.1,-12.9,0.1,-2132,0.26,0.147,0.064,0.00,,1,1612,0,1487,-0,-1.16,20.8,1.00,0.022
251.10,FINAL,84.35,78.67,20.65,-1.05,0.0,0.1,-12.9,0.1,-2130,0.26,0.147,0.064,0.00,,1,1610,0,1485,-0,-1.16,20.8,1.00,0.022
251.20,FINAL,84.25,78.56,20.65,-1.05,0.0,0.1,-12.9,0.1,-2128,0.26,0.147,0.064,0.00,,1,1608,0,1483,-0,-1.16,20.8,1.00,0.022
251.30,FINAL,84.14,78.46,20.65,-1.05,0.0,0.1,-12.9,0.1,-2126,0.26,0.147,0.064,0.00,,1,1606,0,1481,-0,-1.16,20.8,1.00,0.022
251.40,FINAL,84.04,78.35,20.66,-1.05,0.0,0.1,-12.9,0.1,-2124,0.26,0.147,0.064,0.00,,1,1604,0,1479,-0,-1.16,20.8,1.00,0.022
251.50,FINAL,83.93,78.25,20.66,-1.05,0.0,0.1,-12.9,0.1,-2122,0.26,0.147,0.064,0.00,,1,1602,0,1477,-0,-1.16,20.8,1.00,0.022
251.60,FINAL,83.83,78.15,20.66,-1.05,0.0,0.1,-12.9,0.1,-2120,0.26,0.147,0.064,0.00,,1,1600,0,1475,-0,-1.16,20.8,1.00,0.021
251.70,FINAL,83.72,78.04,20.66,-1.05,0.0,0.1,-12.9,0.1,-2118,0.26,0.147,0.064,0.00,,1,1598,0,1473,-0,-1.16,20.8,1.00,0.021
251.80,FINAL,83.62,77.93,20.66,-1.05,0.0,0.1,-12.9,0.1,-2116,0.26,0.147,0.064,0.00,,1,1596,0,1471,-0,-1.16,20.8,1.00,0.021
251.90,FINAL,83.51,77.83,20.66,-1.05,0.0,0.1,-12.9,0.1,-2114,0.26,0.147,0.064,0.00,,1,1594,0,1469,-0,-1.16,20.8,1.00,0.021
252.00,FINAL,83.41,77.72,20.66,-1.05,0.0,0.1,-12.9,0.1,-2112,0.26,0.147,0.064,0.00,,1,1592,0,1467,-0,-1.16,20.8,1.00,0.021
252.10,FINAL,83.30,77.61,20.66,-1.05,0.0,0.1,-12.9,0.1,-2110,0.26,0.147,0.064,0.00,,1,1590,0,1465,-0,-1.16,20.8,1.00,0.021
252.20,FINAL,83.20,77.50,20.66,-1.05,0.0,0.1,-12.9,0.2,-2108,0.26,0.147,0.064,0.00,,1,1588,0,1463,-0,-1.16,20.8,1.00,0.021
252.30,FINAL,83.09,77.39,20.66,-1.05,0.0,0.1,-12.9,0.2,-2106,0.26,0.147,0.064,0.00,,1,1586,0,1461,-0,-1.16,20.8,1.00,0.021
252.40,FINAL,82.99,77.28,20.66,-1.05,0.0,0.1,-12.9,0.2,-2104,0.26,0.147,0.064,0.00,,1,1584,0,1459,-0,-1.16,20.8,1.00,0.021
252.50,FINAL,82.88,77.16,20.66,-1.05,0.0,0.1,-12.9,0.2,-2102,0.26,0.147,0.064,0.00,,1,1582,0,1457,-0,-1.16,20.8,1.00,0.020
252.60,FINAL,82.78,77.04,20.66,-1.05,0.0,0.1,-12.9,0.2,-2100,0.26,0.147,0.064,0.00,,1,1580,0,1455,-0,-1.16,20.8,1.00,0.020
252.70,FINAL,82.67,76.92,20.66,-1.05,0.0,0.1,-12.9,0.2,-2098,0.26,0.147,0.064,0.00,,1,1578,0,1453,-0,-1.16,20.8,1.00,0.020
252.80,FINAL,82.57,76.79,20.66,-1.05,0.0,0.1,-12.9,0.2,-2096,0.26,0.147,0.064,0.00,,1,1576,0,1451,-0,-1.16,20.8,1.00,0.020
252.90,FINAL,82.46,76.66,20.66,-1.05,0.0,0.1,-12.9,0.2,-2094,0.26,0.147,0.064,0.00,,1,1574,0,1449,-0,-1.16,20.8,1.00,0.020
253.00,FINAL,82.36,76.53,20.66,-1.05,0.0,0.1,-12.9,0.2,-2092,0.26,0.147,0.064,0.00,,1,1572,0,1447,-0,-1.16,20.8,1.00,0.020
253.10,FINAL,82.25,76.40,20.66,-1.05,0.0,0.1,-12.9,0.2,-2090,0.26,0.147,0.064,0.00,,1,1570,0,1445,-0,-1.16,20.8,1.00,0.020
253.20,FINAL,82.15,76.26,20.66,-1.05,0.0,0.1,-12.9,0.2,-2088,0.26,0.147,0.064,0.00,,1,1568,0,1443,-0,-1.16,20.8,1.00,0.020
253.30,FINAL,82.04,76.12,20.66,-1.05,0.0,0.1,-12.8,0.2,-2086,0.26,0.147,0.064,0.00,,1,1566,0,1441,-0,-1.16,20.8,1.00,0.020
253.40,FINAL,81.94,75.98,20.66,-1.05,0.0,0.1,-12.8,0.2,-2084,0.26,0.147,0.064,0.00,,1,1564,0,1439,-0,-1.16,20.8,1.00,0.019
253.50,FINAL,81.83,75.84,20.66,-1.05,0.0,0.1,-12.8,0.2,-2082,0.26,0.147,0.064,0.00,,1,1562,0,1437,-0,-1.16,20.8,1.00,0.019
253.60,FINAL,81.73,75.69,20.66,-1.05,0.0,0.1,-12.8,0.2,-2080,0.26,0.147,0.064,0.00,,1,1560,0,1435,-0,-1.16,20.8,1.00,0.019
253.70,FINAL,81.62,75.55,20.66,-1.05,0.0,0.1,-12.8,0.2,-2078,0.26,0.147,0.064,0.00,,1,1558,0,1433,-0,-1.16,20.8,1.00,0.019
253.80,FINAL,81.51,75.40,20.66,-1.05,0.0,0.1,-12.8,0.2,-2076,0.26,0.147,0.064,0.00,,1,1556,0,1431,-0,-1.16,20.8,1.00,0.019
253.90,FINAL,81.41,75.25,20.66,-1.05,0.0,0.1,-12.8,0.2,-2074,0.26,0.147,0.064,0.00,,1,1554,0,1429,-0,-1.16,20.8,1.00,0.019
254.00,FINAL,81.30,75.10,20.66,-1.05,0.0,0.1,-12.8,0.2,-2072,0.26,0.147,0.064,0.00,,1,1552,0,1427,-0,-1.16,20.8,1.00,0.019
254.10,FINAL,81.20,74.95,20.66,-1.05,0.0,0.1,-12.8,0.2,-2070,0.26,0.147,0.064,0.00,,1,1550,0,1425,-0,-1.16,20.8,1.00,0.019
254.20,FINAL,81.09,74.79,20.66,-1.05,0.0,0.1,-12.8,0.2,-2068,0.26,0.147,0.063,0.00,,1,1548,0,1423,-0,-1.16,20.8,1.00,0.019
254.30,FINAL,80.99,74.64,20.66,-1.05,0.0,0.1,-12.8,0.2,-2066,0.26,0.147,0.063,0.00,,1,1546,0,1421,-0,-1.16,20.8,1.00,0.018
254.40,FINAL,80.88,74.49,20.66,-1.05,0.0,0.1,-12.8,0.2,-2064,0.26,0.147,0.063,0.00,,1,1544,0,1419,-0,-1.16,20.8,1.00,0.018
254.50,FINAL,80.78,74.33,20.66,-1.05,0.0,0.1,-12.8,0.2,-2062,0.26,0.147,0.063,0.00,,1,1542,0,1417,-0,-1.16,20.8,1.00,0.018
254.60,FINAL,80.67,74.18,20.66,-1.05,0.0,0.1,-12.8,0.2,-2060,0.26,0.147,0.063,0.00,,1,1540,0,1415,-0,-1.16,20.8,1.00,0.018
254.70,FINAL,80.57,74.02,20.66,-1.05,0.0,0.1,-12.8,0.2,-2058,0.26,0.147,0.063,0.00,,1,1538,0,1413,-0,-1.16,20.8,1.00,0.018
254.80,FINAL,80.46,73.87,20.66,-1.05,0.0,0.1,-12.8,0.2,-2056,0.26,0.147,0.063,0.00,,1,1536,0,1411,-0,-1.16,20.8,1.00,0.018
254.90,FINAL,80.36,73.72,20.66,-1.05,0.0,0.1,-12.8,0.2,-2054,0.26,0.147,0.063,0.00,,1,1534,0,1409,-0,-1.16,20.8,1.00,0.018
255.00,FINAL,80.25,73.57,20.66,-1.05,0.0,0.1,-12.7,0.2,-2052,0.26,0.147,0.063,0.00,,1,1532,0,1407,-0,-1.16,20.8,1.00,0.018
255.10,FINAL,80.15,73.42,20.66,-1.05,0.0,0.1,-12.7,0.2,-2050,0.26,0.147,0.063,0.00,,1,1530,0,1405,-0,-1.16,20.8,1.00,0.018
255.20,FINAL,80.04,73.27,20.66,-1.05,0.0,0.1,-12.7,0.2,-2048,0.26,0.147,0.063,0.00,,1,1528,0,1403,-0,-1.16,20.8,1.00,0.017
255.30,FINAL,79.93,73.12,20.66,-1.05,0.0,0.1,-12.7,0.2,-2046,0.26,0.147,0.063,0.00,,1,1526,0,1401,-0,-1.16,20.8,1.00,0.017
255.40,FINAL,79.83,72.98,20.66,-1.05,0.0,0.1,-12.7,0.2,-2044,0.26,0.147,0.063,0.00,,1,1524,0,1399,-0,-1.16,20.8,1.00,0.017
255.50,FINAL,79.72,72.84,20.66,-1.05,0.0,0.1,-12.7,0.2,-2042,0.26,0.147,0.063,0.00,,1,1522,0,1397,-0,-1.16,20.8,1.00,0.017
255.60,FINAL,79.62,72.70,20.66,-1.05,0.0,0.1,-12.7,0.2,-2040,0.26,0.147,0.063,0.00,,1,1520,0,1395,-0,-1.16,20.8,1.00,0.017
255.70,FINAL,79.51,72.56,20.66,-1.05,0.0,0.1,-12.7,0.2,-2038,0.26,0.147,0.063,0.00,,1,1518,0,1393,-0,-1.15,20.8,1.00,0.017
255.80,FINAL,79.41,72.43,20.66,-1.05,0.0,0.1,-12.7,0.1,-2036,0.26,0.147,0.063,0.00,,1,1516,0,1391,-0,-1.15,20.8,1.00,0.017
255.90,FINAL,79.30,72.30,20.66,-1.06,0.0,0.1,-12.7,0.1,-2034,0.26,0.147,0.063,0.00,,1,1514,0,1389,-0,-1.15,20.8,1.00,0.017
256.00,FINAL,79.20,72.18,20.66,-1.06,0.0,0.1,-12.7,0.1,-2032,0.26,0.147,0.063,0.00,,1,1512,0,1387,-0,-1.15,20.8,1.00,0.017
256.10,FINAL,79.09,72.05,20.66,-1.06,0.0,0.1,-12.7,0.1,-2030,0.26,0.147,0.063,0.00,,1,1510,0,1385,-0,-1.15,20.8,1.00,0.017
256.20,FINAL,78.98,71.94,20.66,-1.06,0.0,0.1,-12.7,0.1,-2028,0.26,0.147,0.063,0.00,,1,1508,0,1383,-0,-1.15,20.8,1.00,0.016
256.30,FINAL,78.88,71.82,20.66,-1.06,0.0,0.1,-12.7,0.1,-2026,0.26,0.147,0.063,0.00,,1,1506,0,1381,-0,-1.15,20.8,1.00,0.016
256.40,FINAL,78.77,71.71,20.66,-1.06,0.0,0.1,-12.7,0.1,-2024,0.26,0.147,0.063,0.00,,1,1504,0,1379,-0,-1.15,20.8,1.00,0.016
256.50,FINAL,78.67,71.60,20.66,-1.06,0.0,0.1,-12.7,0.1,-2022,0.25,0.147,0.063,0.00,,1,1502,0,1377,-0,-1.15,20.8,1.00,0.016
256.60,FINAL,78.56,71.50,20.66,-1.06,0.0,0.1,-12.7,0.1,-2020,0.25,0.147,0.063,0.00,,1,1500,0,1375,-0,-1.15,20.8,1.00,0.016
256.70,FINAL,78.46,71.40,20.66,-1.06,0.0,0.1,-12.6,0.1,-2018,0.25,0.147,0.063,0.00,,1,1498,0,1373,-0,-1.15,20.8,1.00,0.016
256.80,FINAL,78.35,71.30,20.67,-1.06,0.0,0.1,-12.6,0.1,-2016,0.25,0.147,0.063,0.00,,1,1496,0,1371,-0,-1.15,20.8,1.00,0.016
256.90,FINAL,78.25,71.20,20.67,-1.06,0.0,0.1,-12.6,0.1,-2014,0.25,0.147,0.063,0.00,,1,1494,0,1369,-0,-1.15,20.8,1.00,0.016
257.00,FINAL,78.14,71.11,20.67,-1.06,0.0,0.1,-12.6,0.1,-2012,0.25,0.147,0.063,0.00,,1,1492,0,1367,-0,-1.15,20.8,1.00,0.016
257.10,FINAL,78.03,71.02,20.67,-1.06,0.0,0.1,-12.6,0.1,-2010,0.25,0.147,0.063,0.00,,1,1490,0,1365,-0,-1.15,20.8,1.00,0.016
257.20,FINAL,77.93,70.93,20.67,-1.06,0.0,0.1,-12.6,0.1,-2008,0.25,0.147,0.063,0.00,,1,1488,0,1363,-0,-1.15,20.8,1.00,0.016
257.30,FINAL,77.82,70.84,20.67,-1.06,0.0,0.1,-12.6,0.1,-2006,0.25,0.147,0.063,0.00,,1,1486,0,1361,-0,-1.15,20.8,1.00,0.015
257.40,FINAL,77.72,70.75,20.67,-1.06,0.0,0.1,-12.6,0.1,-2004,0.25,0.147,0.063,0.00,,1,1484,0,1359,-0,-1.15,20.8,1.00,0.015
257.50,FINAL,77.61,70.66,20.67,-1.06,0.0,0.1,-12.6,0.1,-2002,0.25,0.147,0.063,0.00,,1,1482,0,1357,-0,-1.15,20.8,1.00,0.015
257.60,FINAL,77.51,70.58,20.67,-1.06,0.0,0.1,-12.6,0.1,-2000,0.25,0.147,0.063,0.00,,1,1480,0,1355,-0,-1.15,20.8,1.00,0.015
257.70,FINAL,77.40,70.49,20.67,-1.06,0.0,0.1,-12.6,0.1,-1998,0.25,0.147,0.063,0.00,,1,1478,0,1353,-0,-1.15,20.8,1.00,0.015
257.80,FINAL,77.30,70.41,20.67,-1.06,0.0,0.1,-12.6,0.1,-1996,0.25,0.147,0.063,0.00,,1,1476,0,1351,-0,-1.15,20.8,1.00,0.015
257.90,FINAL,77.19,70.32,20.67,-1.06,0.0,0.1,-12.6,0.1,-1994,0.25,0.147,0.063,0.00,,1,1474,0,1349,-0,-1.15,20.8,1.00,0.015
258.00,FINAL,77.08,70.24,20.67,-1.06,0.0,0.1,-12.6,0.1,-1992,0.25,0.147,0.063,0.00,,1,1472,0,1347,-0,-1.15,20.8,1.00,0.015
258.10,FINAL,76.98,70.15,20.67,-1.06,0.0,0.1,-12.6,0.1,-1990,0.25,0.147,0.063,0.00,,1,1470,0,1345,-0,-1.15,20.8,1.00,0.015
258.20,FINAL,76.87,70.07,20.67,-1.06,0.0,0.1,-12.6,0.1,-1988,0.25,0.147,0.063,0.00,,1,1468,0,1343,-0,-1.15,20.8,1.00,0.015
258.30,FINAL,76.77,69.98,20.67,-1.06,0.0,0.1,-12.6,0.1,-1986,0.25,0.147,0.063,0.00,,1,1466,0,1341,-0,-1.15,20.8,1.00,0.015
258.40,FINAL,76.66,69.89,20.67,-1.06,0.0,0.1,-12.6,0.1,-1984,0.25,0.147,0.063,0.00,,1,1464,0,1339,-0,-1.15,20.8,1.00,0.014
258.50,FINAL,76.56,69.81,20.67,-1.06,0.0,0.1,-12.6,0.1,-1982,0.25,0.147,0.063,0.00,,1,1462,0,1337,-0,-1.15,20.8,1.00,0.014
258.60,FINAL,76.45,69.72,20.67,-1.06,0.0,0.1,-12.6,0.1,-1980,0.25,0.147,0.063,0.00,,1,1460,0,1335,-0,-1.15,20.8,1.00,0.014
258.70,FINAL,76.34,69.62,20.67,-1.06,0.0,0.1,-12.6,0.1,-1978,0.25,0.147,0.063,0.00,,1,1458,0,1333,-0,-1.15,20.8,1.00,0.014
258.80,FINAL,76.24,69.53,20.67,-1.06,0.0,0.1,-12.6,0.1,-1976,0.25,0.147,0.063,0.00,,1,1456,0,1331,-0,-1.15,20.8,1.00,0.014
258.90,FINAL,76.13,69.44,20.67,-1.06,0.0,0.1,-12.6,0.1,-1974,0.25,0.147,0.063,0.00,,1,1454,0,1329,-0,-1.15,20.8,1.00,0.014
259.00,FINAL,76.03,69.34,20.67,-1.06,0.0,0.1,-12.6,0.1,-1972,0.25,0.147,0.063,0.00,,1,1452,0,1327,-0,-1.15,20.8,1.00,0.014
259.10,FINAL,75.92,69.24,20.67,-1.06,0.0,0.1,-12.6,0.1,-1970,0.25,0.147,0.063,0.00,,1,1450,0,1325,-0,-1.15,20.8,1.00,0.014
259.20,FINAL,75.82,69.14,20.67,-1.06,0.0,0.1,-12.6,0.1,-1968,0.25,0.147,0.063,0.00,,1,1448,0,1323,-0,-1.15,20.8,1.00,0.014
259.30,FINAL,75.71,69.03,20.67,-1.06,0.0,0.1,-12.6,0.1,-1966,0.25,0.147,0.063,0.00,,1,1446,0,1321,-0,-1.15,20.8,1.00,0.014
259.40,FINAL,75.61,68.92,20.67,-1.06,0.0,0.1,-12.6,0.1,-1964,0.25,0.147,0.063,0.00,,1,1444,0,1319,-0,-1.15,20.8,1.00,0.014
259.50,FINAL,75.50,68.81,20.67,-1.06,0.0,0.1,-12.6,0.1,-1962,0.25,0.147,0.063,0.00,,1,1442,0,1317,-0,-1.15,20.8,1.00,0.014
259.60,FINAL,75.39,68.69,20.67,-1.06,0.0,0.1,-12.6,0.1,-1960,0.25,0.147,0.063,0.00,,1,1440,0,1315,-0,-1.15,20.8,1.00,0.013
259.70,FINAL,75.29,68.57,20.67,-1.06,0.0,0.1,-12.5,0.1,-1958,0.25,0.147,0.063,0.00,,1,1438,0,1313,-0,-1.14,20.8,1.00,0.013
259.80,FINAL,75.18,68.45,20.67,-1.06,0.0,0.1,-12.5,0.1,-1956,0.25,0.147,0.063,0.00,,1,1436,0,1311,-0,-1.14,20.8,1.00,0.013
259.90,FINAL,75.08,68.33,20.67,-1.06,0.0,0.1,-12.5,0.1,-1954,0.25,0.147,0.063,0.00,,1,1434,0,1309,-0,-1.14,20.8,1.00,0.013
260.00,FINAL,74.97,68.20,20.67,-1.06,0.0,0.1,-12.5,0.1,-1952,0.25,0.147,0.063,0.00,,0,1432,0,1307,-0,-1.14,20.8,1.00,0.013
260.10,FINAL,74.87,68.08,20.67,-1.06,-0.0,0.1,-12.5,0.1,-1950,0.25,0.147,0.063,0.00,,0,1430,0,1305,-0,-1.14,20.8,1.00,0.013
260.20,FINAL,74.76,67.95,20.67,-1.06,-0.0,0.1,-12.5,0.1,-1948,0.25,0.147,0.063,0.00,,0,1428,0,1303,-0,-1.14,20.8,1.00,0.013
260.30,FINAL,74.65,67.82,20.67,-1.06,-0.0,0.1,-12.5,0.1,-1946,0.25,0.147,0.063,0.00,,0,1426,0,1301,-0,-1.14,20.8,1.00,0.013
260.40,FINAL,74.55,67.70,20.68,-1.06,-0.0,0.1,-12.5,0.1,-1944,0.25,0.147,0.063,0.00,,0,1424,0,1299,-0,-1.14,20.8,1.00,0.013
260.50,FINAL,74.44,67.57,20.68,-1.06,-0.0,0.1,-12.5,0.1,-1942,0.25,0.147,0.063,0.00,,0,1422,0,1297,-0,-1.14,20.8,1.00,0.013
260.60,FINAL,74.34,67.44,20.68,-1.06,-0.0,0.1,-12.5,0.1,-1940,0.25,0.147,0.063,0.00,,0,1420,0,1295,-0,-1.14,20.8,1.00,0.013
260.70,FINAL,74.23,67.31,20.68,-1.06,-0.0,0.1,-12.5,0.1,-1938,0.25,0.147,0.063,0.00,,0,1418,0,1293,-0,-1.14,20.8,1.00,0.012
260.80,FINAL,74.13,67.18,20.68,-1.06,-0.0,0.1,-12.5,0.1,-1936,0.25,0.147,0.063,0.00,,0,1416,0,1291,-0,-1.14,20.8,1.00,0.012
260.90,FINAL,74.02,67.04,20.68,-1.06,-0.0,0.1,-12.5,0.1,-1934,0.25,0.147,0.063,0.00,,0,1414,0,1289,-0,-1.14,20.8,1.00,0.012
261.00,FINAL,73.91,66.91,20.68,-1.06,-0.0,0.1,-12.5,0.1,-1932,0.25,0.146,0.063,0.00,,0,1412,0,1287,-0,-1.14,20.8,1.00,0.012
261.10,FINAL,73.81,66.78,20.68,-1.06,-0.0,0.1,-12.5,0.1,-1930,0.25,0.146,0.063,0.00,,0,1410,0,1285,-0,-1.14,20.8,1.00,0.012
261.20,FINAL,73.70,66.65,20.68,-1.06,-0.0,0.1,-12.5,0.1,-1928,0.25,0.146,0.063,0.00,,0,1408,0,1283,-0,-1.14,20.8,1.00,0.012
261.30,FINAL,73.60,66.52,20.68,-1.06,-0.0,0.1,-12.5,0.0,-1926,0.25,0.146,0.063,0.00,,0,1406,0,1281,-0,-1.14,20.8,1.00,0.012
261.40,FINAL,73.49,66.39,20.68,-1.06,-0.0,0.1,-12.5,0.0,-1924,0.25,0.146,0.063,0.00,,0,1404,0,1279,-0,-1.14,20.8,1.00,0.012
261.50,FINAL,73.39,66.27,20.68,-1.06,-0.0,0.1,-12.5,0.0,-1922,0.25,0.146,0.063,0.00,,0,1402,0,1277,-0,-1.14,20.8,1.00,0.012
261.60,FINAL,73.28,66.14,20.68,-1.06,-0.0,0.1,-12.5,0.0,-1920,0.25,0.146,0.062,0.00,,0,1400,0,1275,-0,-1.14,20.8,1.00,0.012
261.70,FINAL,73.17,66.02,20.68,-1.06,-0.0,0.1,-12.5,0.0,-1918,0.25,0.146,0.062,0.00,,0,1398,0,1273,-0,-1.14,20.8,1.00,0.012
261.80,FINAL,73.07,65.90,20.68,-1.06,-0.0,0.1,-12.5,0.0,-1916,0.25,0.146,0.062,0.00,,0,1396,0,1271,-0,-1.14,20.8,1.00,0.012
261.90,FINAL,72.96,65.78,20.68,-1.06,-0.0,0.1,-12.5,0.0,-1914,0.25,0.146,0.062,0.00,,0,1394,0,1269,-0,-1.14,20.8,1.00,0.012
262.00,FINAL,72.86,65.66,20.68,-1.06,-0.0,0.1,-12.5,0.0,-1912,0.25,0.146,0.062,0.00,,0,1392,0,1267,-0,-1.14,20.8,1.00,0.011
262.10,FINAL,72.75,65.55,20.68,-1.06,-0.0,0.1,-12.5,0.0,-1910,0.25,0.146,0.062,0.00,,0,1390,0,1265,-0,-1.14,20.8,1.00,0.011
262.20,FINAL,72.65,65.43,20.68,-1.06,-0.0,0.1,-12.5,0.0,-1908,0.25,0.146,0.062,0.00,,0,1388,0,1263,-0,-1.14,20.8,1.00,0.011
262.30,FINAL,72.54,65.32,20.68,-1.06,-0.0,0.1,-12.4,0.0,-1906,0.25,0.146,0.062,0.00,,0,1386,0,1261,-0,-1.14,20.8,1.00,0.011
262.40,FINAL,72.43,65.22,20.68,-1.06,-0.0,0.1,-12.4,0.0,-1904,0.25,0.146,0.062,0.00,,0,1384,0,1259,-0,-1.14,20.8,1.00,0.011
262.50,FINAL,72.33,65.11,20.68,-1.06,-0.0,0.1,-12.4,0.0,-1902,0.25,0.146,0.062,0.00,,0,1382,0,1257,-0,-1.14,20.8,1.00,0.011
262.60,FINAL,72.22,65.01,20.68,-1.06,-0.0,0.1,-12.4,0.0,-1900,0.25,0.146,0.062,0.00,,0,1380,0,1255,-0,-1.14,20.8,1.00,0.011
262.70,FINAL,72.12,64.91,20.68,-1.06,-0.0,0.1,-12.4,0.0,-1898,0.25,0.146,0.062,0.00,,0,1378,0,1253,-0,-1.14,20.8,1.00,0.011
262.80,FINAL,72.01,64.81,20.68,-1.06,-0.0,0.1,-12.4,0.0,-1896,0.25,0.146,0.062,0.00,,0,1376,0,1251,-0,-1.14,20.8,1.00,0.011
262.90,FINAL,71.90,64.72,20.68,-1.06,-0.0,0.1,-12.4,0.0,-1894,0.25,0.146,0.062,0.00,,0,1374,0,1249,-0,-1.14,20.8,1.00,0.011
263.00,FINAL,71.80,64.62,20.68,-1.06,-0.0,0.1,-12.4,0.0,-1892,0.25,0.146,0.062,0.00,,0,1372,0,1247,-0,-1.14,20.8,1.00,0.011
263.10,FINAL,71.69,64.54,20.68,-1.06,-0.0,0.2,-12.4,0.0,-1890,0.25,0.146,0.062,0.00,,0,1370,0,1245,-0,-1.14,20.8,1.00,0.011
263.20,FINAL,71.59,64.45,20.68,-1.06,-0.0,0.2,-12.4,0.0,-1888,0.25,0.146,0.062,0.00,,0,1368,0,1243,-0,-1.14,20.8,1.00,0.011
263.30,FINAL,71.48,64.37,20.68,-1.06,-0.0,0.2,-12.4,0.0,-1886,0.25,0.146,0.062,0.00,,0,1366,0,1241,-0,-1.14,20.8,1.00,0.011
263.40,FINAL,71.38,64.29,20.68,-1.06,-0.0,0.2,-12.4,0.0,-1884,0.25,0.146,0.062,0.00,,0,1364,0,1239,-0,-1.14,20.8,1.00,0.010
263.50,FINAL,71.27,64.21,20.68,-1.06,-0.0,0.2,-12.4,0.0,-1882,0.25,0.146,0.062,0.00,,0,1362,0,1237,-0,-1.13,20.8,1.00,0.010
263.60,FINAL,71.16,64.14,20.68,-1.06,-0.0,0.2,-12.4,0.0,-1880,0.25,0.146,0.062,0.00,,0,1360,0,1235,-0,-1.13,20.8,1.00,0.010
263.70,FINAL,71.06,64.06,20.68,-1.06,-0.0,0.2,-12.4,0.0,-1878,0.25,0.146,0.062,0.00,,0,1358,0,1233,-0,-1.13,20.8,1.00,0.010
263.80,FINAL,70.95,63.99,20.69,-1.06,-0.0,0.2,-12.4,0.0,-1876,0.25,0.146,0.062,0.00,,0,1356,0,1231,-0,-1.13,20.8,1.00,0.010
263.90,FINAL,70.85,63.92,20.69,-1.06,-0.0,0.2,-12.4,0.0,-1874,0.25,0.146,0.062,0.00,,0,1354,0,1229,-0,-1.13,20.8,1.00,0.010
264.00,FINAL,70.74,63.85,20.69,-1.06,-0.0,0.2,-12.4,0.0,-1872,0.25,0.146,0.062,0.00,,0,1352,0,1227,-0,-1.13,20.8,1.00,0.010
264.10,FINAL,70.64,63.79,20.69,-1.06,-0.0,0.2,-12.4,0.0,-1870,0.25,0.146,0.062,0.00,,0,1350,0,1225,-0,-1.13,20.8,1.00,0.010
264.20,FINAL,70.53,63.72,20.69,-1.06,-0.0,0.2,-12.4,0.0,-1868,0.25,0.146,0.062,0.00,,0,1348,0,1223,-0,-1.13,20.8,1.00,0.010
264.30,FINAL,70.42,63.66,20.69,-1.06,-0.0,0.2,-12.4,0.0,-1866,0.25,0.146,0.062,0.00,,0,1346,0,1221,-0,-1.13,20.8,1.00,0.010
264.40,FINAL,70.32,63.60,20.69,-1.06,-0.0,0.2,-12.4,0.0,-1864,0.25,0.146,0.062,0.00,,0,1344,0,1219,-0,-1.13,20.8,1.00,0.010
264.50,FINAL,70.21,63.54,20.69,-1.06,-0.0,0.2,-12.4,0.0,-1862,0.25,0.146,0.062,0.00,,0,1342,0,1217,-0,-1.13,20.8,1.00,0.010
264.60,FINAL,70.11,63.48,20.69,-1.06,-0.0,0.2,-12.4,0.0,-1860,0.25,0.146,0.062,0.00,,0,1340,0,1215,-0,-1.13,20.8,1.00,0.010
264.70,FINAL,70.00,63.42,20.69,-1.06,-0.0,0.2,-12.4,0.0,-1858,0.25,0.146,0.062,0.00,,0,1338,0,1213,-0,-1.13,20.8,1.00,0.010
264.80,FINAL,69.89,63.36,20.69,-1.06,-0.0,0.2,-12.4,0.0,-1856,0.25,0.146,0.062,0.00,,0,1336,0,1211,-0,-1.13,20.8,1.00,0.010
264.90,FINAL,69.79,63.31,20.69,-1.06,-0.0,0.2,-12.4,0.0,-1854,0.25,0.146,0.062,0.00,,0,1334,0,1209,-0,-1.13,20.8,1.00,0.009
265.00,FINAL,69.68,63.25,20.69,-1.06,-0.0,0.2,-12.4,-0.0,-1852,0.25,0.146,0.062,0.00,,0,1332,0,1207,0,-1.13,20.8,1.00,0.009
265.10,FINAL,69.58,63.20,20.69,-1.06,-0.0,0.2,-12.4,-0.0,-1850,0.25,0.146,0.062,0.00,,0,1330,0,1205,0,-1.13,20.8,1.00,0.009
265.20,FINAL,69.47,63.14,20.69,-1.06,-0.0,0.2,-12.4,-0.0,-1848,0.25,0.146,0.062,0.00,,0,1328,0,1203,0,-1.13,20.8,1.00,0.009
265.30,FINAL,69.37,63.09,20.69,-1.06,-0.0,0.2,-12.4,-0.0,-1846,0.25,0.146,0.062,0.00,,0,1326,0,1201,0,-1.13,20.8,1.00,0.009
265.40,FINAL,69.26,63.03,20.69,-1.06,-0.0,0.2,-12.4,-0.0,-1844,0.25,0.146,0.062,0.00,,0,1324,0,1199,0,-1.13,20.8,1.00,0.009
265.50,FINAL,69.15,62.98,20.69,-1.06,-0.0,0.2,-12.4,-0.0,-1842,0.25,0.146,0.062,0.00,,0,1322,0,1197,0,-1.13,20.8,1.00,0.009
265.60,FINAL,69.05,62.93,20.69,-1.06,-0.0,0.2,-12.4,-0.0,-1840,0.25,0.146,0.062,0.00,,0,1320,0,1195,0,-1.13,20.8,1.00,0.009
265.70,FINAL,68.94,62.87,20.69,-1.06,-0.0,0.2,-12.4,-0.0,-1838,0.25,0.146,0.062,0.00,,0,1318,0,1193,0,-1.13,20.8,1.00,0.009
265.80,FINAL,68.84,62.82,20.69,-1.06,-0.0,0.2,-12.4,-0.0,-1836,0.25,0.146,0.062,0.00,,0,1316,0,1191,0,-1.13,20.8,1.00,0.009
265.90,FINAL,68.73,62.77,20.69,-1.06,-0.0,0.2,-12.4,-0.0,-1834,0.25,0.146,0.062,0.00,,0,1314,0,1189,0,-1.13,20.8,1.00,0.009
266.00,FINAL,68.63,62.71,20.69,-1.06,-0.0,0.2,-12.4,-0.0,-1832,0.25,0.146,0.062,0.00,,0,1312,0,1187,0,-1.13,20.8,1.00,0.009
266.10,FINAL,68.52,62.65,20.69,-1.06,-0.0,0.2,-12.4,-0.0,-1830,0.25,0.146,0.062,0.00,,0,1310,0,1185,0,-1.13,20.8,1.00,0.009
266.20,FINAL,68.41,62.60,20.69,-1.06,-0.0,0.1,-12.4,-0.0,-1828,0.25,0.146,0.062,0.00,,0,1308,0,1183,0,-1.13,20.8,1.00,0.009
266.30,FINAL,68.31,62.54,20.69,-1.06,-0.0,0.1,-12.4,-0.0,-1826,0.25,0.146,0.062,0.00,,0,1306,0,1181,0,-1.13,20.8,1.00,0.009
266.40,FINAL,68.20,62.48,20.69,-1.06,-0.0,0.1,-12.4,-0.0,-1824,0.25,0.146,0.062,0.00,,0,1304,0,1179,0,-1.13,20.8,1.00,0.008
266.50,FINAL,68.10,62.42,20.69,-1.06,-0.0,0.1,-12.4,-0.0,-1822,0.25,0.146,0.062,0.00,,0,1302,0,1177,0,-1.13,20.8,1.00,0.008
266.60,FINAL,67.99,62.36,20.69,-1.06,-0.0,0.1,-12.4,-0.0,-1820,0.25,0.146,0.062,0.00,,0,1300,0,1175,0,-1.13,20.8,1.00,0.008
266.70,FINAL,67.88,62.30,20.69,-1.06,-0.0,0.1,-12.4,-0.0,-1818,0.25,0.146,0.062,0.00,,0,1298,0,1173,0,-1.13,20.8,1.00,0.008
266.80,FINAL,67.78,62.24,20.70,-1.06,-0.0,0.1,-12.4,-0.0,-1816,0.25,0.146,0.062,0.00,,0,1296,0,1171,0,-1.13,20.8,1.00,0.008
266.90,FINAL,67.67,62.18,20.70,-1.06,-0.0,0.1,-12.4,-0.0,-1814,0.25,0.146,0.062,0.00,,0,1294,0,1169,0,-1.13,20.8,1.00,0.008
267.00,FINAL,67.57,62.12,20.70,-1.06,-0.0,0.1,-12.4,-0.0,-1812,0.25,0.146,0.062,0.00,,0,1292,0,1167,0,-1.13,20.8,1.00,0.008
267.10,FINAL,67.46,62.06,20.70,-1.06,-0.0,0.1,-12.4,-0.0,-1810,0.25,0.146,0.062,0.00,,0,1290,0,1165,0,-1.13,20.8,1.00,0.008
267.20,FINAL,67.36,62.00,20.70,-1.06,-0.0,0.1,-12.4,-0.0,-1808,0.25,0.146,0.062,0.00,,0,1288,0,1163,0,-1.13,20.8,1.00,0.008
267.30,FINAL,67.25,61.94,20.70,-1.06,-0.0,0.1,-12.4,-0.0,-1806,0.25,0.146,0.062,0.00,,0,1286,0,1161,0,-1.13,20.8,1.00,0.008
267.40,FINAL,67.14,61.88,20.70,-1.06,-0.0,0.1,-12.4,-0.0,-1804,0.25,0.146,0.062,0.00,,0,1284,0,1159,0,-1.12,20.8,1.00,0.008
267.50,FINAL,67.04,61.82,20.70,-1.06,-0.0,0.1,-12.4,-0.0,-1802,0.25,0.146,0.062,0.00,,0,1282,0,1157,0,-1.12,20.8,1.00,0.008
267.60,FINAL,66.93,61.75,20.70,-1.06,-0.0,0.1,-12.4,-0.0,-1800,0.25,0.146,0.062,0.00,,0,1280,0,1155,0,-1.12,20.8,1.00,0.008
267.70,FINAL,66.83,61.69,20.70,-1.06,-0.0,0.1,-12.4,-0.0,-1798,0.25,0.146,0.062,0.00,,0,1278,0,1153,0,-1.12,20.8,1.00,0.008
267.80,FINAL,66.72,61.62,20.70,-1.06,-0.0,0.1,-12.4,-0.0,-1796,0.25,0.146,0.062,0.00,,0,1276,0,1151,0,-1.12,20.8,1.00,0.008
267.90,FINAL,66.62,61.56,20.70,-1.06,-0.0,0.1,-12.4,-0.0,-1794,0.25,0.146,0.062,0.00,,0,1274,0,1149,0,-1.12,20.8,1.00,0.008
268.00,FINAL,66.51,61.49,20.70,-1.06,-0.0,0.1,-12.4,-0.0,-1792,0.25,0.146,0.062,0.00,,0,1272,0,1147,0,-1.12,20.8,1.00,0.008
268.10,FINAL,66.40,61.42,20.70,-1.06,-0.0,0.1,-12.4,-0.0,-1790,0.25,0.146,0.062,0.00,,0,1270,0,1145,0,-1.12,20.8,1.00,0.007
268.20,FINAL,66.30,61.35,20.70,-1.06,-0.0,0.1,-12.4,-0.0,-1788,0.25,0.146,0.062,0.00,,0,1268,0,1143,0,-1.12,20.8,1.00,0.007
268.30,FINAL,66.19,61.28,20.70,-1.06,-0.0,0.1,-12.4,-0.0,-1786,0.25,0.146,0.062,0.00,,0,1266,0,1141,0,-1.12,20.8,1.00,0.007
268.40,FINAL,66.09,61.21,20.70,-1.06,-0.0,0.1,-12.4,-0.0,-1784,0.25,0.146,0.062,0.00,,0,1264,0,1139,0,-1.12,20.8,1.00,0.007
268.50,FINAL,65.98,61.13,20.70,-1.06,-0.0,0.1,-12.4,-0.0,-1782,0.25,0.146,0.062,0.00,,0,1262,0,1137,0,-1.12,20.8,1.00,0.007
268.60,FINAL,65.87,61.06,20.70,-1.06,-0.0,0.1,-12.4,-0.0,-1780,0.25,0.146,0.062,0.00,,0,1260,0,1135,0,-1.12,20.8,1.00,0.007
268.70,FINAL,65.77,60.98,20.70,-1.06,-0.0,0.1,-12.4,-0.0,-1778,0.25,0.146,0.062,0.00,,0,1258,0,1133,0,-1.12,20.8,1.00,0.007
268.80,FINAL,65.66,60.90,20.70,-1.06,-0.0,0.1,-12.4,-0.0,-1776,0.25,0.146,0.062,0.00,,0,1256,0,1131,0,-1.12,20.8,1.00,0.007
268.90,FINAL,65.56,60.81,20.70,-1.06,-0.0,0.1,-12.4,-0.0,-1774,0.25,0.146,0.062,0.00,,0,1254,0,1129,0,-1.12,20.8,1.00,0.007
269.00,FINAL,65.45,60.73,20.70,-1.06,-0.0,0.1,-12.4,-0.0,-1771,0.25,0.146,0.062,0.00,,0,1251,0,1126,0,-1.12,20.8,1.00,0.007
269.10,FINAL,65.35,60.64,20.70,-1.06,-0.0,0.1,-12.4,-0.0,-1769,0.25,0.146,0.062,0.00,,0,1249,0,1124,0,-1.12,20.8,1.00,0.007
269.20,FINAL,65.24,60.55,20.70,-1.06,-0.0,0.1,-12.4,-0.0,-1767,0.25,0.146,0.062,0.00,,0,1247,0,1122,0,-1.12,20.8,1.00,0.007
269.30,FINAL,65.13,60.46,20.70,-1.06,-0.0,0.1,-12.4,-0.0,-1765,0.25,0.146,0.062,0.00,,0,1245,0,1120,0,-1.12,20.8,1.00,0.007
269.40,FINAL,65.03,60.37,20.70,-1.06,-0.0,0.1,-12.4,-0.0,-1763,0.25,0.146,0.062,0.00,,0,1243,0,1118,0,-1.12,20.8,1.00,0.007
269.50,FINAL,64.92,60.27,20.70,-1.06,-0.0,0.1,-12.4,-0.0,-1761,0.25,0.146,0.062,0.00,,0,1241,0,1116,0,-1.12,20.8,1.00,0.007
269.60,FINAL,64.82,60.18,20.70,-1.06,-0.0,0.1,-12.3,-0.0,-1759,0.25,0.146,0.062,0.00,,0,1239,0,1114,0,-1.12,20.8,1.00,0.007
269.70,FINAL,64.71,60.08,20.70,-1.06,-0.0,0.1,-12.3,-0.0,-1757,0.25,0.146,0.062,0.00,,0,1237,0,1112,0,-1.12,20.8,1.00,0.007
269.80,FINAL,64.61,59.98,20.70,-1.06,-0.0,0.1,-12.3,-0.0,-1755,0.25,0.146,0.062,0.00,,0,1235,0,1110,0,-1.12,20.8,1.00,0.006
269.90,FINAL,64.50,59.87,20.70,-1.06,-0.0,0.1,-12.3,-0.0,-1753,0.25,0.146,0.062,0.00,,0,1233,0,1108,0,-1.12,20.8,1.00,0.006
270.00,FINAL,64.39,59.77,20.70,-1.06,-0.0,0.1,-12.3,-0.0,-1751,0.25,0.146,0.062,0.00,,0,1231,0,1106,0,-1.12,20.8,1.00,0.006
270.10,FINAL,64.29,59.66,20.70,-1.06,-0.0,0.1,-12.3,-0.0,-1749,0.25,0.146,0.062,0.00,,0,1229,0,1104,0,-1.12,20.8,1.00,0.006
270.20,FINAL,64.18,59.55,20.70,-1.06,-0.0,0.1,-12.3,-0.0,-1747,0.25,0.146,0.062,0.00,,0,1227,0,1102,0,-1.12,20.8,1.00,0.006
270.30,FINAL,64.08,59.44,20.70,-1.06,-0.0,0.1,-12.3,-0.0,-1745,0.25,0.146,0.062,0.00,,0,1225,0,1100,0,-1.12,20.8,1.00,0.006
270.40,FINAL,63.97,59.33,20.70,-1.06,-0.0,0.1,-12.3,-0.0,-1743,0.25,0.146,0.062,0.00,,0,1223,0,1098,0,-1.12,20.8,1.00,0.006
270.50,FINAL,63.86,59.21,20.70,-1.06,-0.0,0.1,-12.3,-0.0,-1741,0.25,0.146,0.062,0.00,,0,1221,0,1096,0,-1.12,20.8,1.00,0.006
270.60,FINAL,63.76,59.10,20.70,-1.06,-0.0,0.1,-12.3,-0.0,-1739,0.25,0.145,0.062,0.00,,0,1219,0,1094,0,-1.12,20.8,1.00,0.006
270.70,FINAL,63.65,58.98,20.70,-1.06,-0.0,0.1,-12.3,-0.0,-1737,0.25,0.145,0.062,0.00,,0,1217,0,1092,0,-1.12,20.8,1.00,0.006
270.80,FINAL,63.55,58.86,20.70,-1.06,-0.0,0.1,-12.3,0.0,-1735,0.25,0.145,0.061,0.00,,0,1215,0,1090,-0,-1.12,20.8,1.00,0.006
270.90,FINAL,63.44,58.75,20.71,-1.06,-0.0,0.1,-12.3,0.0,-1733,0.25,0.145,0.061,0.00,,0,1213,0,1088,-0,-1.12,20.8,1.00,0.006
271.00,FINAL,63.34,58.63,20.71,-1.06,-0.0,0.1,-12.3,0.0,-1731,0.25,0.145,0.061,0.00,,0,1211,0,1086,-0,-1.12,20.8,1.00,0.006
271.10,FINAL,63.23,58.50,20.71,-1.06,-0.0,0.1,-12.3,0.0,-1729,0.25,0.145,0.061,0.00,,0,1209,0,1084,-0,-1.12,20.8,1.00,0.006
271.20,FINAL,63.12,58.38,20.71,-1.06,-0.0,0.1,-12.3,0.0,-1727,0.25,0.145,0.061,0.00,,0,1207,0,1082,-0,-1.12,20.8,1.00,0.006
271.30,FINAL,63.02,58.26,20.71,-1.06,-0.0,0.1,-12.3,0.0,-1725,0.25,0.145,0.061,0.00,,0,1205,0,1080,-0,-1.12,20.8,1.00,0.006
271.40,FINAL,62.91,58.14,20.71,-1.06,-0.0,0.1,-12.3,0.0,-1723,0.25,0.145,0.061,0.00,,0,1203,0,1078,-0,-1.11,20.8,1.00,0.006
271.50,FINAL,62.81,58.01,20.71,-1.06,-0.0,0.1,-12.3,0.0,-1721,0.25,0.145,0.061,0.00,,0,1201,0,1076,-0,-1.11,20.8,1.00,0.006
271.60,FINAL,62.70,57.89,20.71,-1.06,-0.0,0.1,-12.3,0.0,-1719,0.25,0.145,0.061,0.00,,0,1199,0,1074,-0,-1.11,20.8,1.00,0.006
271.70,FINAL,62.59,57.76,20.71,-1.06,-0.0,0.1,-12.3,0.0,-1717,0.25,0.145,0.061,0.00,,0,1197,0,1072,-0,-1.11,20.8,1.00,0.005
271.80,FINAL,62.49,57.64,20.71,-1.06,-0.0,0.1,-12.3,0.0,-1715,0.25,0.145,0.061,0.00,,0,1195,0,1070,-0,-1.11,20.8,1.00,0.005
271.90,FINAL,62.38,57.51,20.71,-1.06,-0.0,0.1,-12.3,0.0,-1713,0.25,0.145,0.061,0.00,,0,1193,0,1068,-0,-1.11,20.8,1.00,0.005
272.00,FINAL,62.28,57.39,20.71,-1.06,-0.0,0.1,-12.3,0.0,-1711,0.25,0.145,0.061,0.00,,0,1191,0,1066,-0,-1.11,20.8,1.00,0.005
272.10,FINAL,62.17,57.26,20.71,-1.06,-0.0,0.1,-12.3,0.0,-1709,0.25,0.145,0.061,0.00,,0,1189,0,1064,-0,-1.11,20.8,1.00,0.005
272.20,FINAL,62.07,57.14,20.71,-1.06,-0.0,0.1,-12.3,0.0,-1707,0.25,0.145,0.061,0.00,,0,1187,0,1062,-0,-1.11,20.8,1.00,0.005
272.30,FINAL,61.96,57.01,20.71,-1.06,-0.0,0.1,-12.3,0.0,-1705,0.25,0.145,0.061,0.00,,0,1185,0,1060,-0,-1.11,20.8,1.00,0.005
272.40,FINAL,61.85,56.89,20.71,-1.06,-0.0,0.1,-12.3,0.0,-1703,0.25,0.145,0.061,0.00,,0,1183,0,1058,-0,-1.11,20.8,1.00,0.005
272.50,FINAL,61.75,56.76,20.71,-1.06,-0.0,0.1,-12.3,0.0,-1701,0.25,0.145,0.061,0.00,,0,1181,0,1056,-0,-1.11,20.8,1.00,0.005
272.60,FINAL,61.64,56.64,20.71,-1.06,-0.0,0.1,-12.3,0.0,-1699,0.25,0.145,0.061,0.00,,0,1179,0,1054,-0,-1.11,20.8,1.00,0.005
272.70,FINAL,61.54,56.51,20.71,-1.06,-0.0,0.1,-12.2,0.0,-1697,0.25,0.145,0.061,0.00,,0,1177,0,1052,-0,-1.11,20.8,1.00,0.005
272.80,FINAL,61.43,56.39,20.71,-1.06,-0.0,0.1,-12.2,0.0,-1695,0.25,0.145,0.061,0.00,,0,1175,0,1050,-0,-1.11,20.8,1.00,0.005
272.90,FINAL,61.32,56.27,20.71,-1.06,-0.0,0.1,-12.2,0.0,-1693,0.25,0.145,0.061,0.00,,0,1173,0,1048,-0,-1.11,20.8,1.00,0.005
273.00,FINAL,61.22,56.15,20.71,-1.06,-0.0,0.1,-12.2,0.0,-1691,0.25,0.145,0.061,0.00,,0,1171,0,1046,-0,-1.11,20.8,1.00,0.005
273.10,FINAL,61.11,56.03,20.71,-1.06,-0.0,0.1,-12.2,0.0,-1689,0.25,0.145,0.061,0.00,,0,1169,0,1044,-0,-1.11,20.8,1.00,0.005
273.20,FINAL,61.01,55.91,20.71,-1.06,-0.0,0.1,-12.2,0.0,-1687,0.25,0.145,0.061,0.00,,0,1167,0,1042,-0,-1.11,20.8,1.00,0.005
273.30,FINAL,60.90,55.79,20.71,-1.06,-0.0,0.1,-12.2,0.0,-1685,0.25,0.145,0.061,0.00,,0,1165,0,1040,-0,-1.11,20.8,1.00,0.005
273.40,FINAL,60.80,55.67,20.71,-1.06,-0.0,0.1,-12.2,0.0,-1683,0.25,0.145,0.061,0.00,,0,1163,0,1038,-0,-1.11,20.8,1.00,0.005
273.50,FINAL,60.69,55.54,20.71,-1.06,-0.0,0.1,-12.2,0.0,-1681,0.25,0.145,0.061,0.00,,0,1161,0,1036,-0,-1.11,20.8,1.00,0.005
273.60,FINAL,60.58,55.42,20.71,-1.06,-0.0,0.1,-12.2,0.0,-1679,0.25,0.145,0.061,0.00,,0,1159,0,1034,-0,-1.11,20.8,1.00,0.005
273.70,FINAL,60.48,55.29,20.71,-1.06,-0.0,0.1,-12.2,0.0,-1677,0.25,0.145,0.061,0.00,,0,1157,0,1032,-0,-1.11,20.8,1.00,0.005
273.80,FINAL,60.37,55.16,20.71,-1.06,-0.0,0.1,-12.2,0.0,-1675,0.25,0.145,0.061,0.00,,0,1155,0,1030,-0,-1.11,20.8,1.00,0.005
273.90,FINAL,60.27,55.04,20.71,-1.06,-0.0,0.1,-12.2,0.0,-1673,0.25,0.145,0.061,0.00,,0,1153,0,1028,-0,-1.11,20.8,1.00,0.004
274.00,FINAL,60.16,54.91,20.71,-1.06,-0.0,0.1,-12.2,0.0,-1671,0.25,0.145,0.061,0.00,,0,1151,0,1026,-0,-1.11,20.8,1.00,0.004
274.10,FINAL,60.05,54.78,20.71,-1.06,-0.1,0.1,-12.2,0.0,-1669,0.25,0.145,0.061,0.00,,0,1149,0,1024,-0,-1.11,20.8,1.00,0.004
274.20,FINAL,59.95,54.65,20.71,-1.06,-0.1,0.1,-12.2,0.0,-1667,0.25,0.145,0.061,0.00,,0,1147,0,1022,-0,-1.11,20.8,1.00,0.004
274.30,FINAL,59.84,54.52,20.71,-1.06,-0.1,0.1,-12.2,0.0,-1665,0.25,0.145,0.061,0.00,,0,1145,0,1020,-0,-1.11,20.8,1.00,0.004
274.40,FINAL,59.74,54.39,20.71,-1.06,-0.1,0.1,-12.2,0.0,-1663,0.25,0.145,0.061,0.00,,0,1143,0,1018,-0,-1.11,20.8,1.00,0.004
274.50,FINAL,59.63,54.26,20.71,-1.06,-0.1,0.1,-12.2,0.0,-1661,0.25,0.145,0.061,0.00,,0,1141,0,1016,-0,-1.11,20.8,1.00,0.004
274.60,FINAL,59.53,54.13,20.71,-1.06,-0.1,0.1,-12.2,0.0,-1659,0.25,0.145,0.061,0.00,,0,1139,0,1014,-0,-1.11,20.8,1.00,0.004
274.70,FINAL,59.42,54.01,20.71,-1.06,-0.1,0.1,-12.2,0.0,-1657,0.25,0.145,0.061,0.00,,0,1137,0,1012,-0,-1.11,20.8,1.00,0.004
274.80,FINAL,59.31,53.88,20.71,-1.06,-0.1,0.1,-12.2,0.0,-1655,0.25,0.145,0.061,0.00,,0,1135,0,1010,-0,-1.11,20.8,1.00,0.004
274.90,FINAL,59.21,53.76,20.71,-1.06,-0.1,0.1,-12.2,0.0,-1653,0.25,0.145,0.061,0.00,,0,1133,0,1008,-0,-1.11,20.8,1.00,0.004
275.00,FINAL,59.10,53.63,20.72,-1.06,-0.1,0.1,-12.2,0.0,-1651,0.25,0.145,0.061,0.00,,0,1131,0,1006,-0,-1.11,20.8,1.00,0.004
275.10,FINAL,59.00,53.51,20.72,-1.06,-0.1,0.1,-12.2,0.0,-1649,0.25,0.145,0.061,0.00,,0,1129,0,1004,-0,-1.11,20.8,1.00,0.004
275.20,FINAL,58.89,53.39,20.72,-1.06,-0.1,0.1,-12.1,0.0,-1647,0.25,0.145,0.061,0.00,,0,1127,0,1002,-0,-1.11,20.8,1.00,0.004
275.30,FINAL,58.78,53.27,20.72,-1.06,-0.1,0.1,-12.1,0.0,-1645,0.25,0.145,0.061,0.00,,0,1125,0,1000,-0,-1.11,20.8,1.00,0.004
275.40,FINAL,58.68,53.15,20.72,-1.06,-0.1,0.1,-12.1,0.0,-1643,0.25,0.145,0.061,0.00,,0,1123,0,998,-0,-1.11,20.8,1.00,0.004
275.50,FINAL,58.57,53.04,20.72,-1.06,-0.1,0.1,-12.1,0.0,-1641,0.25,0.145,0.061,0.00,,0,1121,0,996,-0,-1.11,20.8,1.00,0.004
275.60,FINAL,58.47,52.92,20.72,-1.06,-0.1,0.1,-12.1,0.0,-1639,0.25,0.145,0.061,0.00,,0,1119,0,994,-0,-1.11,20.8,1.00,0.004
275.70,FINAL,58.36,52.81,20.72,-1.06,-0.1,0.1,-12.1,0.0,-1637,0.25,0.145,0.061,0.00,,0,1117,0,992,-0,-1.11,20.8,1.00,0.004
275.80,FINAL,58.25,52.70,20.72,-1.06,-0.1,0.1,-12.1,0.0,-1635,0.25,0.145,0.061,0.00,,0,1115,0,990,-0,-1.11,20.8,1.00,0.004
275.90,FINAL,58.15,52.60,20.72,-1.06,-0.1,0.1,-12.1,0.0,-1633,0.25,0.145,0.061,0.00,,0,1113,0,988,-0,-1.10,20.8,1.00,0.004
276.00,FINAL,58.04,52.49,20.72,-1.06,-0.1,0.1,-12.1,0.0,-1631,0.25,0.145,0.061,0.00,,0,1111,0,986,-0,-1.10,20.8,1.00,0.004
276.10,FINAL,57.94,52.39,20.72,-1.06,-0.1,0.1,-12.1,0.0,-1629,0.25,0.145,0.060,0.00,,0,1109,0,984,-0,-1.10,20.8,1.00,0.004
276.20,FINAL,57.83,52.29,20.72,-1.06,-0.1,0.1,-12.1,0.0,-1627,0.25,0.145,0.060,0.00,,0,1107,0,982,-0,-1.10,20.8,1.00,0.004
276.30,FINAL,57.73,52.19,20.72,-1.06,-0.1,0.1,-12.1,0.0,-1625,0.25,0.145,0.060,0.00,,0,1105,0,980,-0,-1.10,20.8,1.00,0.004
276.40,FINAL,57.62,52.09,20.72,-1.06,-0.1,0.1,-12.1,0.0,-1623,0.25,0.145,0.060,0.00,,0,1103,0,978,-0,-1.10,20.8,1.00,0.004
276.50,FINAL,57.51,52.00,20.72,-1.06,-0.1,0.1,-12.1,0.0,-1621,0.25,0.145,0.060,0.00,,0,1101,0,976,-0,-1.10,20.8,1.00,0.003
276.60,FINAL,57.41,51.91,20.72,-1.06,-0.1,0.1,-12.1,0.0,-1619,0.25,0.145,0.060,0.00,,0,1099,0,974,-0,-1.10,20.8,1.00,0.003
276.70,FINAL,57.30,51.82,20.72,-1.06,-0.1,0.1,-12.1,0.0,-1617,0.25,0.145,0.060,0.00,,0,1097,0,972,-0,-1.10,20.8,1.00,0.003
276.80,FINAL,57.20,51.73,20.72,-1.06,-0.1,0.1,-12.1,0.0,-1615,0.25,0.145,0.060,0.00,,0,1095,0,970,-0,-1.10,20.8,1.00,0.003
276.90,FINAL,57.09,51.65,20.72,-1.06,-0.1,0.1,-12.1,0.0,-1613,0.25,0.145,0.060,0.00,,0,1093,0,968,-0,-1.10,20.8,1.00,0.003
277.00,FINAL,56.98,51.57,20.72,-1.06,-0.1,0.1,-12.1,0.0,-1611,0.25,0.145,0.060,0.00,,0,1091,0,966,-0,-1.10,20.8,1.00,0.003
277.10,FINAL,56.88,51.48,20.72,-1.06,-0.1,0.1,-12.1,0.0,-1609,0.25,0.145,0.060,0.00,,0,1089,0,964,-0,-1.10,20.8,1.00,0.003
277.20,FINAL,56.77,51.41,20.72,-1.06,-0.1,0.1,-12.1,0.0,-1607,0.25,0.145,0.060,0.00,,0,1087,0,962,-0,-1.10,20.8,1.00,0.003
277.30,FINAL,56.67,51.33,20.72,-1.06,-0.1,0.1,-12.1,0.0,-1605,0.25,0.145,0.060,0.00,,0,1085,0,960,-0,-1.10,20.8,1.00,0.003
277.40,FINAL,56.56,51.25,20.72,-1.06,-0.1,0.1,-12.1,0.0,-1603,0.25,0.145,0.060,0.00,,0,1083,0,958,-0,-1.10,20.8,1.00,0.003
277.50,FINAL,56.46,51.17,20.72,-1.06,-0.1,0.1,-12.1,0.0,-1601,0.25,0.145,0.060,0.00,,0,1081,0,956,-0,-1.10,20.8,1.00,0.003
277.60,FINAL,56.35,51.10,20.72,-1.06,-0.1,0.1,-12.1,0.0,-1599,0.25,0.145,0.060,0.00,,0,1079,0,954,-0,-1.10,20.8,1.00,0.003
277.70,FINAL,56.24,51.02,20.72,-1.06,-0.1,0.1,-12.0,0.0,-1597,0.25,0.145,0.060,0.00,,0,1077,0,952,-0,-1.10,20.8,1.00,0.003
277.80,FINAL,56.14,50.95,20.72,-1.06,-0.1,0.1,-12.0,0.0,-1595,0.25,0.145,0.060,0.00,,0,1075,0,950,-0,-1.10,20.8,1.00,0.003
277.90,FINAL,56.03,50.87,20.72,-1.06,-0.1,0.1,-12.0,0.0,-1593,0.25,0.145,0.060,0.00,,0,1073,0,948,-0,-1.10,20.8,1.00,0.003
278.00,FINAL,55.93,50.80,20.72,-1.06,-0.1,0.1,-12.0,0.0,-1591,0.25,0.145,0.060,0.00,,0,1071,0,946,-0,-1.10,20.8,1.00,0.003
278.10,FINAL,55.82,50.72,20.72,-1.06,-0.1,0.1,-12.0,0.0,-1588,0.25,0.145,0.060,0.00,,0,1068,0,943,-0,-1.10,20.8,1.00,0.003
278.20,FINAL,55.71,50.65,20.73,-1.06,-0.1,0.1,-12.0,0.0,-1586,0.25,0.145,0.060,0.00,,0,1066,0,941,-0,-1.10,20.8,1.00,0.003
278.30,FINAL,55.61,50.57,20.73,-1.06,-0.1,0.1,-12.0,0.0,-1584,0.25,0.145,0.060,0.00,,0,1064,0,939,-0,-1.10,20.8,1.00,0.003
278.40,FINAL,55.50,50.49,20.73,-1.06,-0.1,0.1,-12.0,0.0,-1582,0.25,0.145,0.060,0.00,,0,1062,0,937,-0,-1.10,20.8,1.00,0.003
278.50,FINAL,55.40,50.42,20.73,-1.06,-0.1,0.1,-12.0,0.0,-1580,0.25,0.145,0.060,0.00,,0,1060,0,935,-0,-1.10,20.8,1.00,0.003
278.60,FINAL,55.29,50.34,20.73,-1.06,-0.1,0.1,-12.0,0.0,-1578,0.25,0.145,0.060,0.00,,0,1058,0,933,-0,-1.10,20.8,1.00,0.003
278.70,FINAL,55.19,50.26,20.73,-1.06,-0.1,0.1,-12.0,0.0,-1576,0.25,0.145,0.060,0.00,,0,1056,0,931,-0,-1.10,20.8,1.00,0.003
278.80,FINAL,55.08,50.18,20.73,-1.06,-0.1,0.1,-12.0,0.0,-1574,0.25,0.145,0.060,0.00,,0,1054,0,929,-0,-1.10,20.8,1.00,0.003
278.90,FINAL,54.97,50.10,20.73,-1.06,-0.1,0.1,-12.0,0.0,-1572,0.25,0.145,0.060,0.00,,0,1052,0,927,-0,-1.10,20.8,1.00,0.003
279.00,FINAL,54.87,50.02,20.73,-1.06,-0.1,0.1,-12.0,0.0,-1570,0.25,0.145,0.060,0.00,,0,1050,0,925,-0,-1.10,20.8,1.00,0.003
279.10,FINAL,54.76,49.93,20.73,-1.06,-0.1,0.1,-12.0,0.0,-1568,0.25,0.145,0.060,0.00,,0,1048,0,923,-0,-1.10,20.8,1.00,0.003
279.20,FINAL,54.66,49.85,20.73,-1.06,-0.1,0.1,-12.0,0.0,-1566,0.25,0.145,0.060,0.00,,0,1046,0,921,-0,-1.10,20.8,1.00,0.003
279.30,FINAL,54.55,49.76,20.73,-1.06,-0.1,0.1,-12.0,0.0,-1564,0.25,0.145,0.060,0.00,,0,1044,0,919,-0,-1.10,20.8,1.00,0.003
279.40,FINAL,54.44,49.68,20.73,-1.06,-0.1,0.1,-12.0,0.0,-1562,0.25,0.145,0.060,0.00,,0,1042,0,917,-0,-1.10,20.8,1.00,0.003
279.50,FINAL,54.34,49.59,20.73,-1.06,-0.1,0.1,-12.0,0.0,-1560,0.25,0.145,0.060,0.00,,0,1040,0,915,-0,-1.10,20.8,1.00,0.002
279.60,FINAL,54.23,49.50,20.73,-1.06,-0.1,0.1,-12.0,0.0,-1558,0.25,0.145,0.060,0.00,,0,1038,0,913,-0,-1.10,20.8,1.00,0.002
279.70,FINAL,54.13,49.41,20.73,-1.06,-0.1,0.1,-12.0,0.0,-1556,0.25,0.145,0.060,0.00,,0,1036,0,911,-0,-1.10,20.8,1.00,0.002
279.80,FINAL,54.02,49.31,20.73,-1.06,-0.1,0.1,-12.0,0.0,-1554,0.25,0.145,0.060,0.00,,0,1034,0,909,-0,-1.10,20.8,1.00,0.002
279.90,FINAL,53.92,49.22,20.73,-1.06,-0.1,0.1,-12.0,0.0,-1552,0.25,0.145,0.060,0.00,,0,1032,0,907,-0,-1.10,20.8,1.00,0.002
280.00,FINAL,53.81,49.12,20.73,-1.06,-0.1,0.1,-12.0,0.0,-1550,0.25,0.145,0.060,0.00,,0,1030,0,905,-0,-1.10,20.8,1.00,0.002
280.10,FINAL,53.70,49.02,20.73,-1.06,-0.1,0.1,-12.0,0.0,-1548,0.25,0.145,0.060,0.00,,0,1028,0,903,-0,-1.10,20.8,1.00,0.002
280.20,FINAL,53.60,48.92,20.73,-1.06,-0.1,0.1,-12.0,0.0,-1546,0.25,0.145,0.060,0.00,,0,1026,0,901,-0,-1.10,20.8,1.00,0.002
280.30,FINAL,53.49,48.82,20.73,-1.06,-0.1,0.1,-12.0,0.0,-1544,0.25,0.145,0.060,0.00,,0,1024,0,899,-0,-1.10,20.8,1.00,0.002
280.40,FINAL,53.39,48.73,20.73,-1.06,-0.1,0.1,-12.0,0.0,-1542,0.25,0.145,0.060,0.00,,0,1022,0,897,-0,-1.10,20.8,1.00,0.002
280.50,FINAL,53.28,48.63,20.73,-1.06,-0.1,0.1,-12.0,0.0,-1540,0.25,0.145,0.060,0.00,,0,1020,0,895,-0,-1.10,20.8,1.00,0.002
280.60,FINAL,53.18,48.54,20.73,-1.06,-0.1,0.1,-12.0,0.0,-1538,0.25,0.145,0.060,0.00,,0,1018,0,893,-0,-1.10,20.8,1.00,0.002
280.70,FINAL,53.07,48.45,20.73,-1.06,-0.1,0.1,-12.0,0.0,-1536,0.25,0.145,0.060,0.00,,0,1016,0,891,-0,-1.10,20.8,1.00,0.002
280.80,FINAL,52.96,48.35,20.73,-1.06,-0.1,0.1,-12.0,0.0,-1534,0.25,0.145,0.060,0.00,,0,1014,0,889,-0,-1.10,20.8,1.00,0.002
280.90,FINAL,52.86,48.26,20.73,-1.06,-0.1,0.1,-12.0,0.0,-1532,0.25,0.145,0.060,0.00,,0,1012,0,887,-0,-1.09,20.8,1.00,0.002
281.00,FINAL,52.75,48.16,20.73,-1.06,-0.1,0.1,-11.9,0.0,-1530,0.25,0.145,0.060,0.00,,0,1010,0,885,-0,-1.09,20.8,1.00,0.002
281.10,FINAL,52.65,48.07,20.73,-1.06,-0.1,0.1,-11.9,0.0,-1528,0.25,0.145,0.060,0.00,,0,1008,0,883,-0,-1.09,20.8,1.00,0.002
281.20,FINAL,52.54,47.98,20.73,-1.06,-0.1,0.1,-11.9,0.0,-1526,0.25,0.145,0.060,0.00,,0,1006,0,881,-0,-1.09,20.8,1.00,0.002
281.30,FINAL,52.43,47.88,20.73,-1.06,-0.1,0.1,-11.9,0.0,-1524,0.25,0.144,0.060,0.00,,0,1004,0,879,-0,-1.09,20.8,1.00,0.002
281.40,FINAL,52.33,47.79,20.73,-1.06,-0.1,0.1,-11.9,0.0,-1522,0.25,0.144,0.060,0.00,,0,1002,0,877,-0,-1.09,20.8,1.00,0.002
281.50,FINAL,52.22,47.70,20.73,-1.06,-0.1,0.1,-11.9,0.0,-1520,0.25,0.144,0.060,0.00,,0,1000,0,875,-0,-1.09,20.8,1.00,0.002
281.60,FINAL,52.12,47.60,20.73,-1.06,-0.1,0.1,-11.9,0.0,-1518,0.25,0.144,0.060,0.00,,0,998,0,873,-0,-1.09,20.8,1.00,0.002
281.70,FINAL,52.01,47.51,20.73,-1.06,-0.1,0.1,-11.9,0.0,-1516,0.25,0.144,0.060,0.00,,0,996,0,871,-0,-1.09,20.8,1.00,0.002
281.80,FINAL,51.91,47.41,20.73,-1.06,-0.1,0.1,-11.9,0.0,-1514,0.25,0.144,0.060,0.00,,0,994,0,869,-0,-1.09,20.8,1.00,0.002
281.90,FINAL,51.80,47.32,20.73,-1.06,-0.1,0.1,-11.9,0.0,-1512,0.25,0.144,0.060,0.00,,0,992,0,867,-0,-1.09,20.8,1.00,0.002
282.00,FINAL,51.69,47.22,20.73,-1.06,-0.1,0.1,-11.9,0.0,-1510,0.25,0.144,0.060,0.00,,0,990,0,865,-0,-1.09,20.8,1.00,0.002
282.10,FINAL,51.59,47.12,20.73,-1.06,-0.1,0.1,-11.9,0.0,-1508,0.25,0.144,0.060,0.00,,0,988,0,863,-0,-1.09,20.8,1.00,0.002
282.20,FINAL,51.48,47.02,20.73,-1.06,-0.1,0.1,-11.9,0.0,-1506,0.25,0.144,0.060,0.00,,0,986,0,861,-0,-1.09,20.8,1.00,0.002
282.30,FINAL,51.38,46.92,20.73,-1.06,-0.1,0.1,-11.9,0.0,-1504,0.25,0.144,0.060,0.00,,0,984,0,859,-0,-1.09,20.8,1.00,0.002
282.40,FINAL,51.27,46.82,20.73,-1.06,-0.1,0.1,-11.9,0.0,-1502,0.25,0.144,0.060,0.00,,0,982,0,857,-0,-1.09,20.8,1.00,0.002
282.50,FINAL,51.16,46.72,20.73,-1.06,-0.1,0.1,-11.9,0.0,-1500,0.25,0.144,0.060,0.00,,0,980,0,855,-0,-1.09,20.8,1.00,0.002
282.60,FINAL,51.06,46.62,20.73,-1.06,-0.1,0.1,-11.9,0.0,-1498,0.25,0.144,0.060,0.00,,0,978,0,853,-0,-1.09,20.8,1.00,0.002
282.70,FINAL,50.95,46.52,20.73,-1.06,-0.1,0.1,-11.9,0.0,-1496,0.25,0.144,0.060,0.00,,0,976,0,851,-0,-1.09,20.8,1.00,0.002
282.80,FINAL,50.85,46.41,20.74,-1.06,-0.1,0.1,-11.9,0.0,-1494,0.25,0.144,0.060,0.00,,0,974,0,849,-0,-1.09,20.8,1.00,0.002
282.90,FINAL,50.74,46.30,20.74,-1.06,-0.1,0.1,-11.9,0.0,-1492,0.25,0.144,0.060,0.00,,0,972,0,847,-0,-1.09,20.8,1.00,0.001
283.00,FINAL,50.64,46.20,20.74,-1.06,-0.1,0.1,-11.9,0.0,-1490,0.25,0.144,0.059,0.00,,0,970,0,845,-0,-1.09,20.8,1.00,0.001
283.10,FINAL,50.53,46.09,20.74,-1.06,-0.1,0.1,-11.9,0.0,-1488,0.25,0.144,0.059,0.00,,0,968,0,843,-0,-1.09,20.8,1.00,0.001
283.20,FINAL,50.42,45.98,20.74,-1.06,-0.1,0.1,-11.9,0.0,-1486,0.25,0.144,0.059,0.00,,0,966,0,841,-0,-1.09,20.8,1.00,0.001
283.30,FINAL,50.32,45.86,20.74,-1.06,-0.1,0.1,-11.9,0.0,-1484,0.25,0.144,0.059,0.00,,0,964,0,839,-0,-1.09,20.8,1.00,0.001
283.40,FINAL,50.21,45.75,20.74,-1.06,-0.1,0.1,-11.9,0.0,-1482,0.25,0.144,0.059,0.00,,0,962,0,837,-0,-1.09,20.8,1.00,0.001
283.50,FINAL,50.11,45.64,20.74,-1.06,-0.1,0.1,-11.9,0.0,-1480,0.25,0.144,0.059,0.00,,0,960,0,835,-0,-1.09,20.8,1.00,0.001
283.60,FINAL,50.00,45.53,20.74,-1.06,-0.1,0.1,-11.8,0.0,-1478,0.25,0.144,0.059,0.00,,0,958,0,833,-0,-1.09,20.8,1.00,0.001
283.70,FINAL,49.90,45.42,20.74,-1.06,-0.1,0.1,-11.8,0.0,-1476,0.25,0.144,0.059,0.00,,0,956,0,831,-0,-1.09,20.8,1.00,0.001
283.80,FINAL,49.79,45.31,20.74,-1.06,-0.1,0.1,-11.8,0.0,-1474,0.25,0.144,0.059,0.00,,0,954,0,829,-0,-1.09,20.8,1.00,0.001
283.90,FINAL,49.68,45.19,20.74,-1.06,-0.1,0.1,-11.8,0.0,-1472,0.25,0.144,0.059,0.00,,0,952,0,827,-0,-1.09,20.8,1.00,0.001
284.00,FINAL,49.58,45.08,20.74,-1.06,-0.1,0.1,-11.8,0.0,-1470,0.25,0.144,0.059,0.00,,0,950,0,825,-0,-1.09,20.8,1.00,0.001
284.10,FINAL,49.47,44.98,20.74,-1.06,-0.1,0.1,-11.8,0.0,-1468,0.25,0.144,0.059,0.00,,0,948,0,823,-0,-1.09,20.8,1.00,0.001
284.20,FINAL,49.37,44.87,20.74,-1.06,-0.1,0.1,-11.8,0.0,-1466,0.25,0.144,0.059,0.00,,0,946,0,821,-0,-1.09,20.8,1.00,0.001
284.30,FINAL,49.26,44.76,20.74,-1.06,-0.1,0.1,-11.8,0.0,-1464,0.25,0.144,0.059,0.00,,0,944,0,819,-0,-1.09,20.8,1.00,0.001
284.40,FINAL,49.15,44.65,20.74,-1.06,-0.1,0.1,-11.8,0.0,-1462,0.25,0.144,0.059,0.00,,0,942,0,817,-0,-1.09,20.8,1.00,0.001
284.50,FINAL,49.05,44.54,20.74,-1.06,-0.1,0.1,-11.8,0.0,-1460,0.25,0.144,0.059,0.00,,0,940,0,815,-0,-1.09,20.8,1.00,0.001
284.60,FINAL,48.94,44.44,20.74,-1.06,-0.1,0.1,-11.8,0.0,-1458,0.25,0.144,0.059,0.00,,0,938,0,813,-0,-1.09,20.8,1.00,0.001
284.70,FINAL,48.84,44.33,20.74,-1.06,-0.1,0.1,-11.8,0.0,-1455,0.25,0.144,0.059,0.00,,0,935,0,810,-0,-1.09,20.8,1.00,0.001
284.80,FINAL,48.73,44.22,20.74,-1.06,-0.1,0.1,-11.8,0.0,-1453,0.25,0.144,0.059,0.00,,0,933,0,808,-0,-1.09,20.8,1.00,0.001
284.90,FINAL,48.63,44.12,20.74,-1.06,-0.1,0.1,-11.8,0.0,-1451,0.25,0.144,0.059,0.00,,0,931,0,806,-0,-1.09,20.8,1.00,0.001
285.00,FINAL,48.52,44.01,20.74,-1.06,-0.1,0.1,-11.8,0.0,-1449,0.25,0.144,0.059,0.00,,0,929,0,804,-0,-1.09,20.8,1.00,0.001
285.10,FINAL,48.41,43.91,20.74,-1.06,-0.1,0.1,-11.8,0.0,-1447,0.25,0.144,0.059,0.00,,0,927,0,802,-0,-1.09,20.8,1.00,0.001
285.20,FINAL,48.31,43.80,20.74,-1.06,-0.1,0.1,-11.8,0.0,-1445,0.25,0.144,0.059,0.00,,0,925,0,800,-0,-1.09,20.8,1.00,0.001
285.30,FINAL,48.20,43.70,20.74,-1.06,-0.1,0.1,-11.8,0.0,-1443,0.25,0.144,0.059,0.00,,0,923,0,798,-0,-1.09,20.8,1.00,0.001
285.40,FINAL,48.10,43.59,20.74,-1.06,-0.1,0.1,-11.8,0.0,-1441,0.25,0.144,0.059,0.00,,0,921,0,796,-0,-1.09,20.8,1.00,0.001
285.50,FINAL,47.99,43.49,20.74,-1.06,-0.1,0.1,-11.8,0.0,-1439,0.25,0.144,0.059,0.00,,0,919,0,794,-0,-1.09,20.8,1.00,0.001
285.60,FINAL,47.88,43.39,20.74,-1.06,-0.1,0.1,-11.8,0.0,-1437,0.25,0.144,0.059,0.00,,0,917,0,792,-0,-1.09,20.8,1.00,0.001
285.70,FINAL,47.78,43.29,20.74,-1.06,-0.1,0.1,-11.8,0.0,-1435,0.25,0.144,0.059,0.00,,0,915,0,790,-0,-1.09,20.8,1.00,0.001
285.80,FINAL,47.67,43.18,20.74,-1.06,-0.1,0.1,-11.7,0.0,-1433,0.25,0.144,0.059,0.00,,0,913,0,788,-0,-1.09,20.8,1.00,0.001
285.90,FINAL,47.57,43.08,20.74,-1.06,-0.1,0.1,-11.7,0.0,-1431,0.25,0.144,0.059,0.00,,0,911,0,786,-0,-1.09,20.8,1.00,0.001
286.00,FINAL,47.46,42.98,20.74,-1.06,-0.1,0.1,-11.7,0.0,-1429,0.25,0.144,0.059,0.00,,0,909,0,784,-0,-1.09,20.8,1.00,0.001
286.10,FINAL,47.36,42.88,20.74,-1.06,-0.1,0.1,-11.7,0.0,-1427,0.25,0.144,0.059,0.00,,0,907,0,782,-0,-1.09,20.8,1.00,0.001
286.20,FINAL,47.25,42.78,20.74,-1.06,-0.1,0.1,-11.7,0.0,-1425,0.25,0.144,0.059,0.00,,0,905,0,780,-0,-1.09,20.8,1.00,0.001
286.30,FINAL,47.14,42.68,20.74,-1.06,-0.1,0.1,-11.7,0.0,-1423,0.25,0.144,0.059,0.00,,0,903,0,778,-0,-1.09,20.8,1.00,0.001
286.40,FINAL,47.04,42.58,20.74,-1.06,-0.1,0.1,-11.7,0.0,-1421,0.25,0.144,0.059,0.00,,0,901,0,776,-0,-1.09,20.8,1.00,0.001
286.50,FINAL,46.93,42.48,20.74,-1.06,-0.1,0.1,-11.7,0.0,-1419,0.25,0.144,0.059,0.00,,0,899,0,774,-0,-1.09,20.8,1.00,0.001
286.60,FINAL,46.83,42.38,20.74,-1.06,-0.1,0.1,-11.7,0.0,-1417,0.25,0.144,0.059,0.00,,0,897,0,772,-0,-1.09,20.8,1.00,0.001
286.70,FINAL,46.72,42.28,20.74,-1.06,-0.1,0.1,-11.7,0.0,-1415,0.25,0.144,0.059,0.00,,0,895,0,770,-0,-1.09,20.8,1.00,0.001
286.80,FINAL,46.62,42.18,20.74,-1.06,-0.1,0.1,-11.7,0.0,-1413,0.25,0.144,0.059,0.00,,0,893,0,768,-0,-1.09,20.8,1.00,0.001
286.90,FINAL,46.51,42.09,20.74,-1.06,-0.1,0.1,-11.7,0.0,-1411,0.25,0.144,0.059,0.00,,0,891,0,766,-0,-1.08,20.8,1.00,0.001
287.00,FINAL,46.40,41.99,20.74,-1.06,-0.1,0.1,-11.7,0.0,-1409,0.25,0.144,0.059,0.00,,0,889,0,764,-0,-1.08,20.8,1.00,0.001
287.10,FINAL,46.30,41.89,20.74,-1.06,-0.1,0.1,-11.7,0.0,-1407,0.25,0.144,0.059,0.00,,0,887,0,762,-0,-1.08,20.8,1.00,0.001
287.20,FINAL,46.19,41.79,20.74,-1.06,-0.1,0.1,-11.7,0.0,-1405,0.25,0.144,0.059,0.00,,0,885,0,760,-0,-1.08,20.8,1.00,0.001
287.30,FINAL,46.09,41.69,20.74,-1.06,-0.1,0.1,-11.7,0.0,-1403,0.25,0.144,0.059,0.00,,0,883,0,758,-0,-1.08,20.8,1.00,0.001
287.40,FINAL,45.98,41.59,20.74,-1.06,-0.1,0.1,-11.7,0.0,-1401,0.25,0.144,0.059,0.00,,0,881,0,756,-0,-1.08,20.8,1.00,0.000
287.50,FINAL,45.87,41.49,20.74,-1.06,-0.1,0.1,-11.7,0.0,-1399,0.25,0.144,0.059,0.00,,0,879,0,754,-0,-1.08,20.8,1.00,0.000
287.60,FINAL,45.77,41.39,20.74,-1.06,-0.1,0.1,-11.7,0.0,-1397,0.25,0.144,0.059,0.00,,0,877,0,752,-0,-1.08,20.8,1.00,0.000
287.70,FINAL,45.66,41.29,20.74,-1.06,-0.1,0.1,-11.7,0.0,-1395,0.25,0.144,0.059,0.00,,0,875,0,750,-0,-1.08,20.8,1.00,0.000
287.80,FINAL,45.56,41.19,20.74,-1.06,-0.1,0.1,-11.7,0.0,-1393,0.25,0.144,0.059,0.00,,0,873,0,748,-0,-1.08,20.8,1.00,0.000
287.90,FINAL,45.45,41.09,20.74,-1.06,-0.1,0.1,-11.7,0.0,-1391,0.25,0.144,0.059,0.00,,0,871,0,746,-0,-1.08,20.8,1.00,0.000
288.00,FINAL,45.35,40.99,20.75,-1.06,-0.1,0.1,-11.7,0.0,-1389,0.25,0.144,0.059,0.00,,0,869,0,744,-0,-1.08,20.8,1.00,0.000
288.10,FINAL,45.24,40.89,20.75,-1.06,-0.1,0.1,-11.7,0.0,-1387,0.25,0.144,0.059,0.00,,0,867,0,742,-0,-1.08,20.8,1.00,0.000
288.20,FINAL,45.13,40.79,20.75,-1.06,-0.1,0.1,-11.7,0.0,-1385,0.25,0.144,0.059,0.00,,0,865,0,740,-0,-1.08,20.8,1.00,0.000
288.30,FINAL,45.03,40.69,20.75,-1.06,-0.1,0.1,-11.7,0.0,-1383,0.25,0.144,0.058,0.00,,0,863,0,738,-0,-1.08,20.8,1.00,0.000
288.40,FINAL,44.92,40.59,20.75,-1.06,-0.1,0.1,-11.6,0.0,-1381,0.25,0.144,0.058,0.00,,0,861,0,736,-0,-1.08,20.8,1.00,0.000
288.50,FINAL,44.82,40.50,20.75,-1.06,-0.1,0.1,-11.6,0.0,-1379,0.25,0.144,0.058,0.00,,0,859,0,734,-0,-1.08,20.8,1.00,0.000
288.60,FINAL,44.71,40.40,20.75,-1.06,-0.1,0.1,-11.6,0.0,-1377,0.25,0.144,0.058,0.00,,0,857,0,732,-0,-1.08,20.8,1.00,0.000
288.70,FINAL,44.61,40.30,20.75,-1.06,-0.1,0.1,-11.6,0.0,-1375,0.25,0.144,0.058,0.00,,0,855,0,730,-0,-1.08,20.8,1.00,0.000
288.80,FINAL,44.50,40.21,20.75,-1.06,-0.1,0.1,-11.6,0.0,-1373,0.25,0.144,0.058,0.00,,0,853,0,728,-0,-1.08,20.8,1.00,0.000
288.90,FINAL,44.39,40.12,20.75,-1.06,-0.1,0.1,-11.6,0.0,-1371,0.25,0.144,0.058,0.00,,0,851,0,726,-0,-1.08,20.8,1.00,0.000
289.00,FINAL,44.29,40.02,20.75,-1.06,-0.1,0.1,-11.6,0.0,-1369,0.25,0.144,0.058,0.00,,0,849,0,724,-0,-1.08,20.8,1.00,0.000
289.10,FINAL,44.18,39.93,20.75,-1.06,-0.1,0.1,-11.6,0.0,-1367,0.25,0.144,0.058,0.00,,0,847,0,722,-0,-1.08,20.8,1.00,0.000
289.20,FINAL,44.08,39.84,20.75,-1.06,-0.1,0.1,-11.6,0.0,-1365,0.25,0.144,0.058,0.00,,0,845,0,720,-0,-1.08,20.8,1.00,0.000
289.30,FINAL,43.97,39.75,20.75,-1.06,-0.1,0.1,-11.6,0.0,-1363,0.25,0.144,0.058,0.00,,0,843,0,718,-0,-1.08,20.8,1.00,0.000
289.40,FINAL,43.87,39.67,20.75,-1.06,-0.1,0.1,-11.6,0.0,-1361,0.25,0.144,0.058,0.00,,0,841,0,716,-0,-1.08,20.8,1.00,0.000
289.50,FINAL,43.76,39.58,20.75,-1.06,-0.1,0.1,-11.6,0.0,-1359,0.25,0.144,0.058,0.00,,0,839,0,714,-0,-1.08,20.8,1.00,0.000
289.60,FINAL,43.65,39.49,20.75,-1.06,-0.1,0.1,-11.6,0.0,-1357,0.25,0.144,0.058,0.00,,0,837,0,712,-0,-1.08,20.8,1.00,0.000
289.70,FINAL,43.55,39.41,20.75,-1.06,-0.1,0.1,-11.6,0.0,-1355,0.25,0.144,0.058,0.00,,0,835,0,710,-0,-1.08,20.8,1.00,0.000
289.80,FINAL,43.44,39.33,20.75,-1.06,-0.1,0.1,-11.6,0.0,-1353,0.25,0.144,0.058,0.00,,0,833,0,708,-0,-1.08,20.8,1.00,0.000
289.90,FINAL,43.34,39.25,20.75,-1.06,-0.1,0.1,-11.6,0.0,-1351,0.25,0.144,0.058,0.00,,0,831,0,706,-0,-1.08,20.8,1.00,0.000
290.00,FINAL,43.23,39.17,20.75,-1.06,-0.1,0.1,-11.6,0.0,-1349,0.25,0.144,0.058,0.00,,0,829,0,704,-0,-1.08,20.8,1.00,0.000
290.10,FINAL,43.13,39.09,20.75,-1.06,-0.1,0.1,-11.6,0.0,-1347,0.25,0.144,0.058,0.00,,0,827,0,702,-0,-1.08,20.8,1.00,0.000
290.20,FINAL,43.02,39.01,20.75,-1.06,-0.1,0.1,-11.6,0.0,-1345,0.25,0.144,0.058,0.00,,0,825,0,700,-0,-1.08,20.8,1.00,0.000
290.30,FINAL,42.91,38.93,20.75,-1.06,-0.1,0.1,-11.6,0.0,-1342,0.25,0.144,0.058,0.00,,0,822,0,697,-0,-1.08,20.8,1.00,0.000
290.40,FINAL,42.81,38.86,20.75,-1.06,-0.1,0.1,-11.6,0.0,-1340,0.25,0.144,0.058,0.00,,0,820,0,695,-0,-1.08,20.8,1.00,-0.000
290.50,FINAL,42.70,38.78,20.75,-1.06,-0.1,0.1,-11.6,0.0,-1338,0.25,0.144,0.058,0.00,,0,818,0,693,-0,-1.08,20.8,1.00,-0.000
290.60,FINAL,42.60,38.71,20.75,-1.06,-0.1,0.1,-11.6,0.0,-1336,0.25,0.144,0.058,0.00,,0,816,0,691,-0,-1.08,20.8,1.00,-0.000
290.70,FINAL,42.49,38.63,20.75,-1.06,-0.1,0.1,-11.6,0.0,-1334,0.25,0.144,0.058,0.00,,0,814,0,689,-0,-1.08,20.8,1.00,-0.000
290.80,FINAL,42.38,38.56,20.75,-1.06,-0.1,0.1,-11.6,0.0,-1332,0.25,0.144,0.058,0.00,,0,812,0,687,-0,-1.08,20.8,1.00,-0.000
290.90,FINAL,42.28,38.48,20.75,-1.06,-0.1,0.1,-11.6,0.0,-1330,0.25,0.144,0.058,0.00,,0,810,0,685,-0,-1.08,20.8,1.00,-0.000
291.00,FINAL,42.17,38.41,20.75,-1.06,-0.1,0.1,-11.6,0.0,-1328,0.25,0.144,0.058,0.00,,0,808,0,683,-0,-1.08,20.8,1.00,-0.000
291.10,FINAL,42.07,38.33,20.75,-1.06,-0.1,0.1,-11.5,0.0,-1326,0.25,0.144,0.058,0.00,,0,806,0,681,-0,-1.08,20.8,1.00,-0.000
291.20,FINAL,41.96,38.26,20.75,-1.06,-0.1,0.1,-11.5,0.0,-1324,0.25,0.144,0.058,0.00,,0,804,0,679,-0,-1.08,20.8,1.00,-0.000
291.30,FINAL,41.86,38.19,20.75,-1.06,-0.1,0.1,-11.5,0.0,-1322,0.25,0.144,0.058,0.00,,0,802,0,677,-0,-1.08,20.8,1.00,-0.000
291.40,FINAL,41.75,38.11,20.75,-1.06,-0.1,0.1,-11.5,0.0,-1320,0.25,0.144,0.058,0.00,,0,800,0,675,-0,-1.08,20.8,1.00,-0.000
291.50,FINAL,41.64,38.04,20.75,-1.06,-0.1,0.1,-11.5,0.0,-1318,0.25,0.144,0.058,0.00,,0,798,0,673,-0,-1.08,20.8,1.00,-0.000
291.60,FINAL,41.54,37.97,20.75,-1.06,-0.1,0.1,-11.5,0.0,-1316,0.25,0.144,0.058,0.00,,0,796,0,671,-0,-1.08,20.8,1.00,-0.000
291.70,FINAL,41.43,37.90,20.75,-1.06,-0.1,0.1,-11.5,0.0,-1314,0.25,0.144,0.058,0.00,,0,794,0,669,-0,-1.08,20.8,1.00,-0.000
291.80,FINAL,41.33,37.82,20.75,-1.06,-0.1,0.1,-11.5,0.0,-1312,0.25,0.144,0.058,0.00,,0,792,0,667,-0,-1.08,20.8,1.00,-0.000
291.90,FINAL,41.22,37.75,20.75,-1.06,-0.1,0.1,-11.5,0.0,-1310,0.25,0.144,0.058,0.00,,0,790,0,665,-0,-1.08,20.8,1.00,-0.000
292.00,FINAL,41.12,37.68,20.75,-1.06,-0.1,0.1,-11.5,0.0,-1308,0.25,0.144,0.058,0.00,,0,788,0,663,-0,-1.08,20.8,1.00,-0.000
292.10,FINAL,41.01,37.61,20.75,-1.06,-0.1,0.1,-11.5,0.0,-1306,0.25,0.144,0.058,0.00,,0,786,0,661,-0,-1.08,20.8,1.00,-0.000
292.20,FINAL,40.90,37.54,20.75,-1.06,-0.1,0.1,-11.5,0.0,-1304,0.25,0.144,0.058,0.00,,0,784,0,659,-0,-1.08,20.8,1.00,-0.000
292.30,FINAL,40.80,37.46,20.75,-1.06,-0.1,0.1,-11.5,0.0,-1302,0.25,0.144,0.058,0.00,,0,782,0,657,-0,-1.08,20.8,1.00,-0.000
292.40,FINAL,40.69,37.39,20.75,-1.06,-0.1,0.1,-11.5,0.0,-1300,0.25,0.144,0.058,0.00,,0,780,0,655,-0,-1.08,20.8,1.00,-0.000
292.50,FINAL,40.59,37.32,20.75,-1.06,-0.1,0.1,-11.5,0.0,-1298,0.25,0.144,0.058,0.00,,0,778,0,653,-0,-1.08,20.8,1.00,-0.000
292.60,FINAL,40.48,37.25,20.75,-1.06,-0.1,0.1,-11.5,0.0,-1296,0.25,0.144,0.058,0.00,,0,776,0,651,-0,-1.08,20.8,1.00,-0.000
292.70,FINAL,40.38,37.18,20.75,-1.06,-0.1,0.1,-11.5,0.0,-1294,0.25,0.144,0.058,0.00,,0,774,0,649,-0,-1.08,20.8,1.00,-0.000
292.80,FINAL,40.27,37.11,20.75,-1.06,-0.1,0.1,-11.5,0.0,-1292,0.25,0.144,0.058,0.00,,0,772,0,647,-0,-1.08,20.8,1.00,-0.000
292.90,FINAL,40.16,37.05,20.75,-1.06,-0.1,0.1,-11.5,0.0,-1290,0.25,0.144,0.058,0.00,,0,770,0,645,-0,-1.08,20.8,1.00,-0.000
293.00,FINAL,40.06,36.98,20.75,-1.06,-0.1,0.1,-11.5,0.0,-1288,0.25,0.144,0.058,0.00,,0,768,0,643,-0,-1.08,20.8,1.00,-0.000
293.10,FINAL,39.95,36.91,20.75,-1.06,-0.1,0.1,-11.5,0.0,-1286,0.25,0.144,0.058,0.00,,0,766,0,641,-0,-1.08,20.8,1.00,-0.000
293.20,FINAL,39.85,36.84,20.75,-1.06,-0.1,0.1,-11.5,0.0,-1284,0.25,0.144,0.058,0.00,,0,764,0,639,-0,-1.08,20.8,1.00,-0.000
293.30,FINAL,39.74,36.78,20.75,-1.06,-0.1,0.1,-11.5,0.0,-1282,0.25,0.144,0.058,0.00,,0,762,0,637,-0,-1.08,20.8,1.00,-0.000
293.40,FINAL,39.64,36.71,20.76,-1.06,-0.1,0.1,-11.5,0.0,-1280,0.25,0.144,0.058,0.00,,0,760,0,635,-0,-1.08,20.8,1.00,-0.000
293.50,FINAL,39.53,36.64,20.76,-1.06,-0.1,0.1,-11.5,0.0,-1278,0.25,0.144,0.058,0.00,,0,758,0,633,-0,-1.08,20.8,1.00,-0.000
293.60,FINAL,39.42,36.58,20.76,-1.06,-0.1,0.1,-11.5,0.0,-1276,0.25,0.144,0.058,0.00,,0,756,0,631,-0,-1.08,20.8,1.00,-0.000
293.70,FINAL,39.32,36.52,20.76,-1.06,-0.1,0.1,-11.5,0.0,-1274,0.25,0.144,0.058,0.00,,0,754,0,629,-0,-1.08,20.8,1.00,-0.000
293.80,FINAL,39.21,36.45,20.76,-1.06,-0.1,0.1,-11.5,0.0,-1272,0.25,0.144,0.058,0.00,,0,752,0,627,-0,-1.08,20.8,1.00,-0.000
293.90,FINAL,39.11,36.39,20.76,-1.06,-0.1,0.1,-11.5,0.0,-1270,0.25,0.144,0.058,0.00,,0,750,0,625,-0,-1.08,20.8,1.00,-0.000
294.00,FINAL,39.00,36.33,20.76,-1.06,-0.1,0.1,-11.5,0.0,-1268,0.25,0.144,0.058,0.00,,0,748,0,623,-0,-1.08,20.8,1.00,-0.000
294.10,FINAL,38.90,36.27,20.76,-1.06,-0.1,0.1,-11.5,0.0,-1266,0.25,0.144,0.058,0.00,,0,746,0,621,-0,-1.08,20.8,1.00,-0.001
294.20,FINAL,38.79,36.20,20.76,-1.06,-0.1,0.1,-11.5,0.0,-1264,0.25,0.144,0.058,0.00,,0,744,0,619,-0,-1.08,20.8,1.00,-0.001
294.30,FINAL,38.68,36.14,20.76,-1.06,-0.1,0.1,-11.5,0.0,-1262,0.25,0.144,0.058,0.00,,0,742,0,617,-0,-1.08,20.8,1.00,-0.001
294.40,FINAL,38.58,36.08,20.76,-1.06,-0.1,0.1,-11.5,0.0,-1260,0.25,0.144,0.058,0.00,,0,740,0,615,-0,-1.08,20.8,1.00,-0.001
294.50,FINAL,38.47,36.02,20.76,-1.06,-0.1,0.1,-11.4,0.0,-1258,0.25,0.144,0.057,0.00,,0,738,0,613,-0,-1.08,20.8,1.00,-0.001
294.60,FINAL,38.37,35.96,20.76,-1.06,-0.1,0.1,-11.4,0.0,-1256,0.25,0.144,0.057,0.00,,0,736,0,611,-0,-1.08,20.8,1.00,-0.001
294.70,FINAL,38.26,35.90,20.76,-1.06,-0.1,0.1,-11.4,0.0,-1254,0.25,0.144,0.057,0.00,,0,734,0,609,-0,-1.08,20.8,1.00,-0.001
294.80,FINAL,38.16,35.84,20.76,-1.06,-0.1,0.1,-11.4,0.0,-1252,0.25,0.144,0.057,0.00,,0,732,0,607,-0,-1.08,20.8,1.00,-0.001
294.90,FINAL,38.05,35.78,20.76,-1.06,-0.1,0.1,-11.4,0.0,-1250,0.25,0.144,0.057,0.00,,0,730,0,605,-0,-1.07,20.8,1.00,-0.001
295.00,FINAL,37.94,35.72,20.76,-1.06,-0.1,0.1,-11.4,0.0,-1248,0.25,0.144,0.057,0.00,,0,728,0,603,-0,-1.07,20.8,1.00,-0.001
295.10,FINAL,37.84,35.66,20.76,-1.06,-0.1,0.1,-11.4,0.0,-1246,0.25,0.144,0.057,0.00,,0,726,0,601,-0,-1.07,20.8,1.00,-0.001
295.20,FINAL,37.73,35.60,20.76,-1.06,-0.1,0.1,-11.4,0.0,-1244,0.25,0.144,0.057,0.00,,0,724,0,599,-0,-1.07,20.8,1.00,-0.001
295.30,FINAL,37.63,35.54,20.76,-1.06,-0.1,0.1,-11.4,0.0,-1241,0.25,0.144,0.057,0.00,,0,721,0,596,-0,-1.07,20.8,1.00,-0.001
295.40,FINAL,37.52,35.48,20.76,-1.06,-0.1,0.1,-11.4,0.0,-1239,0.25,0.144,0.057,0.00,,0,719,0,594,-0,-1.07,20.8,1.00,-0.001
295.50,FINAL,37.42,35.42,20.76,-1.06,-0.1,0.1,-11.4,0.0,-1237,0.25,0.144,0.057,0.00,,0,717,0,592,-0,-1.07,20.8,1.00,-0.001
295.60,FINAL,37.31,35.35,20.76,-1.06,-0.1,0.1,-11.4,0.0,-1235,0.25,0.144,0.057,0.00,,0,715,0,590,-0,-1.07,20.8,1.00,-0.001
295.70,FINAL,37.21,35.29,20.76,-1.06,-0.1,0.1,-11.4,0.0,-1233,0.25,0.144,0.057,0.00,,0,713,0,588,-0,-1.07,20.8,1.00,-0.001
295.80,FINAL,37.10,35.23,20.76,-1.06,-0.1,0.1,-11.4,0.0,-1231,0.25,0.144,0.057,0.00,,0,711,0,586,-0,-1.07,20.8,1.00,-0.001
295.90,FINAL,36.99,35.17,20.76,-1.06,-0.1,0.1,-11.4,0.0,-1229,0.25,0.144,0.057,0.00,,0,709,0,584,-0,-1.07,20.8,1.00,-0.001
296.00,FINAL,36.89,35.10,20.76,-1.06,-0.1,0.1,-11.4,0.0,-1227,0.25,0.144,0.057,0.00,,0,707,0,582,-0,-1.07,20.8,1.00,-0.001
296.10,FINAL,36.78,35.04,20.76,-1.06,-0.1,0.1,-11.4,0.0,-1225,0.25,0.144,0.057,0.00,,0,705,0,580,-0,-1.07,20.8,1.00,-0.001
296.20,FINAL,36.68,34.98,20.76,-1.06,-0.1,0.1,-11.4,0.0,-1223,0.25,0.144,0.057,0.00,,0,703,0,578,-0,-1.07,20.8,1.00,-0.001
296.30,FINAL,36.57,34.91,20.76,-1.06,-0.1,0.1,-11.4,0.0,-1221,0.25,0.144,0.057,0.00,,0,701,0,576,-0,-1.07,20.8,1.00,-0.001
296.40,FINAL,36.47,34.85,20.76,-1.06,-0.1,0.1,-11.4,0.0,-1219,0.25,0.144,0.057,0.00,,0,699,0,574,-0,-1.07,20.8,1.00,-0.001
296.50,FINAL,36.36,34.78,20.76,-1.06,-0.1,0.1,-11.4,0.0,-1217,0.25,0.144,0.057,0.00,,0,697,0,572,-0,-1.07,20.8,1.00,-0.001
296.60,FINAL,36.25,34.72,20.76,-1.06,-0.1,0.1,-11.4,0.0,-1215,0.25,0.144,0.057,0.00,,0,695,0,570,-0,-1.07,20.8,1.00,-0.001
296.70,FINAL,36.15,34.65,20.76,-1.06,-0.1,0.1,-11.4,0.0,-1213,0.25,0.144,0.057,0.00,,0,693,0,568,-0,-1.07,20.8,1.00,-0.001
296.80,FINAL,36.04,34.58,20.76,-1.06,-0.1,0.1,-11.4,0.0,-1211,0.25,0.144,0.057,0.00,,0,691,0,566,-0,-1.07,20.8,1.00,-0.001
296.90,FINAL,35.94,34.51,20.76,-1.06,-0.1,0.1,-11.4,0.0,-1209,0.25,0.144,0.057,0.00,,0,689,0,564,-0,-1.07,20.8,1.00,-0.001
297.00,FINAL,35.83,34.45,20.76,-1.06,-0.1,0.1,-11.4,0.0,-1207,0.25,0.144,0.057,0.00,,0,687,0,562,-0,-1.07,20.8,1.00,-0.001
297.10,FINAL,35.73,34.38,20.76,-1.06,-0.1,0.1,-11.4,0.0,-1205,0.25,0.144,0.057,0.00,,0,685,0,560,-0,-1.07,20.8,1.00,-0.001
297.20,FINAL,35.62,34.31,20.76,-1.06,-0.1,0.1,-11.4,0.0,-1203,0.25,0.144,0.057,0.00,,0,683,0,558,-0,-1.07,20.8,1.00,-0.001
297.30,FINAL,35.51,34.23,20.76,-1.06,-0.1,0.1,-11.4,0.0,-1201,0.25,0.144,0.057,0.00,,0,681,0,556,-0,-1.07,20.8,1.00,-0.001
297.40,FINAL,35.41,34.16,20.76,-1.06,-0.1,0.1,-11.4,0.0,-1199,0.25,0.144,0.057,0.00,,0,679,0,554,-0,-1.07,20.8,1.00,-0.001
297.50,FINAL,35.30,34.09,20.76,-1.06,-0.1,0.1,-11.4,0.0,-1197,0.25,0.144,0.057,0.00,,0,677,0,552,-0,-1.07,20.8,1.00,-0.001
297.60,FINAL,35.20,34.02,20.76,-1.06,-0.1,0.1,-11.4,0.0,-1195,0.25,0.144,0.057,0.00,,0,675,0,550,-0,-1.07,20.8,1.00,-0.001
297.70,FINAL,35.09,33.94,20.76,-1.06,-0.1,0.1,-11.4,0.0,-1193,0.25,0.144,0.057,0.00,,0,673,0,548,-0,-1.07,20.8,1.00,-0.001
297.80,FINAL,34.99,33.87,20.76,-1.06,-0.1,0.1,-11.4,0.0,-1191,0.25,0.144,0.057,0.00,,0,671,0,546,-0,-1.07,20.8,1.00,-0.001
297.90,FINAL,34.88,33.79,20.76,-1.06,-0.1,0.1,-11.4,0.0,-1189,0.25,0.144,0.057,0.00,,0,669,0,544,-0,-1.07,20.8,1.00,-0.001
298.00,FINAL,34.77,33.71,20.76,-1.06,-0.1,0.1,-11.4,0.0,-1187,0.25,0.144,0.057,0.00,,0,667,0,542,-0,-1.07,20.8,1.00,-0.001
298.10,FINAL,34.67,33.64,20.76,-1.06,-0.1,0.1,-11.3,0.0,-1185,0.25,0.144,0.057,0.00,,0,665,0,540,-0,-1.07,20.8,1.00,-0.001
298.20,FINAL,34.56,33.56,20.76,-1.06,-0.1,0.1,-11.3,0.0,-1183,0.25,0.144,0.057,0.00,,0,663,0,538,-0,-1.07,20.8,1.00,-0.001
298.30,FINAL,34.46,33.48,20.76,-1.06,-0.1,0.1,-11.3,0.0,-1181,0.25,0.144,0.057,0.00,,0,661,0,536,-0,-1.07,20.8,1.00,-0.001
298.40,FINAL,34.35,33.40,20.76,-1.06,-0.1,0.1,-11.3,0.0,-1179,0.25,0.144,0.057,0.00,,0,659,0,534,-0,-1.07,20.8,1.00,-0.001
298.50,FINAL,34.25,33.32,20.76,-1.06,-0.1,0.1,-11.3,0.0,-1177,0.25,0.144,0.057,0.00,,0,657,0,532,-0,-1.07,20.8,1.00,-0.001
298.60,FINAL,34.14,33.24,20.76,-1.06,-0.1,0.1,-11.3,0.0,-1175,0.25,0.144,0.057,0.00,,0,655,0,530,-0,-1.07,20.8,1.00,-0.001
298.70,FINAL,34.04,33.16,20.76,-1.06,-0.1,0.1,-11.3,0.0,-1173,0.25,0.144,0.057,0.00,,0,653,0,528,-0,-1.07,20.8,1.00,-0.001
298.80,FINAL,33.93,33.08,20.76,-1.06,-0.1,0.1,-11.3,0.0,-1171,0.25,0.144,0.057,0.00,,0,651,0,526,-0,-1.07,20.8,1.00,-0.001
298.90,FINAL,33.82,33.00,20.76,-1.06,-0.1,0.1,-11.3,0.0,-1169,0.25,0.144,0.057,0.00,,0,649,0,524,-0,-1.07,20.8,1.00,-0.001
299.00,FINAL,33.72,32.92,20.76,-1.06,-0.1,0.1,-11.3,0.0,-1167,0.25,0.144,0.057,0.00,,0,647,0,522,-0,-1.07,20.8,1.00,-0.001
299.10,FINAL,33.61,32.83,20.76,-1.06,-0.1,0.1,-11.3,0.0,-1165,0.25,0.144,0.057,0.00,,0,645,0,520,-0,-1.07,20.8,1.00,-0.001
299.20,FINAL,33.51,32.75,20.76,-1.06,-0.1,0.1,-11.3,0.0,-1163,0.25,0.144,0.057,0.00,,0,643,0,518,-0,-1.07,20.8,1.00,-0.001
299.30,FINAL,33.40,32.67,20.76,-1.06,-0.1,0.1,-11.3,0.0,-1161,0.25,0.144,0.057,0.00,,0,641,0,516,-0,-1.07,20.8,1.00,-0.001
299.40,FINAL,33.30,32.59,20.76,-1.06,-0.1,0.1,-11.3,0.0,-1159,0.25,0.144,0.057,0.00,,0,639,0,514,-0,-1.07,20.8,1.00,-0.001
299.50,FINAL,33.19,32.50,20.76,-1.06,-0.1,0.1,-11.3,0.0,-1157,0.25,0.144,0.057,0.00,,0,637,0,512,-0,-1.07,20.8,1.00,-0.001
299.60,FINAL,33.08,32.42,20.76,-1.06,-0.1,0.1,-11.3,0.0,-1155,0.25,0.144,0.057,0.00,,0,635,0,510,-0,-1.07,20.8,1.00,-0.001
299.70,FINAL,32.98,32.34,20.76,-1.06,-0.1,0.1,-11.3,0.0,-1153,0.25,0.144,0.057,0.00,,0,633,0,508,-0,-1.07,20.8,1.00,-0.001
299.80,FINAL,32.87,32.25,20.76,-1.06,-0.1,0.1,-11.3,0.0,-1151,0.25,0.144,0.057,0.00,,0,631,0,506,-0,-1.07,20.8,1.00,-0.001
299.90,FINAL,32.77,32.17,20.76,-1.06,-0.1,0.1,-11.3,0.0,-1148,0.25,0.144,0.057,0.00,,0,628,0,503,-0,-1.07,20.8,1.00,-0.001
300.00,FINAL,32.66,32.09,20.76,-1.06,-0.1,0.1,-11.3,0.0,-1146,0.25,0.144,0.057,0.00,,0,626,0,501,-0,-1.07,20.8,1.00,-0.001
300.10,FINAL,32.56,32.01,20.76,-1.06,-0.1,0.1,-11.3,0.0,-1144,0.25,0.144,0.057,0.00,,0,624,0,499,-0,-1.07,20.8,1.00,-0.001
300.20,FINAL,32.45,31.92,20.76,-1.06,-0.1,0.1,-11.3,0.0,-1142,0.25,0.144,0.057,0.00,,0,622,0,497,-0,-1.07,20.8,1.00,-0.001
300.30,FINAL,32.34,31.84,20.76,-1.06,-0.1,0.1,-11.3,0.0,-1140,0.25,0.144,0.057,0.00,,0,620,0,495,-0,-1.07,20.8,1.00,-0.001
300.40,FINAL,32.24,31.76,20.76,-1.06,-0.1,0.1,-11.3,0.0,-1138,0.25,0.144,0.057,0.00,,0,618,0,493,-0,-1.07,20.8,1.00,-0.001
300.50,FINAL,32.13,31.67,20.76,-1.06,-0.1,0.1,-11.2,0.0,-1136,0.25,0.144,0.057,0.00,,0,616,0,491,-0,-1.07,20.8,1.00,-0.001
300.60,FINAL,32.03,31.59,20.76,-1.06,-0.1,0.1,-11.2,0.0,-1134,0.25,0.144,0.057,0.00,,0,614,0,489,-0,-1.07,20.8,1.00,-0.001
300.70,FINAL,31.92,31.51,20.76,-1.06,-0.1,0.1,-11.2,0.0,-1132,0.25,0.144,0.057,0.00,,0,612,0,487,-0,-1.07,20.8,1.00,-0.001
300.80,FINAL,31.82,31.43,20.76,-1.06,-0.1,0.1,-11.2,0.0,-1130,0.25,0.144,0.056,0.00,,0,610,0,485,-0,-1.07,20.8,1.00,-0.001
300.90,FINAL,31.71,31.34,20.76,-1.06,-0.1,0.1,-11.2,0.0,-1128,0.25,0.144,0.056,0.00,,0,608,0,483,-0,-1.07,20.8,1.00,-0.001
301.00,FINAL,31.60,31.26,20.76,-1.06,-0.1,0.1,-11.2,0.0,-1126,0.25,0.144,0.056,0.00,,0,606,0,481,-0,-1.07,20.8,1.00,-0.001
301.10,FINAL,31.50,31.18,20.76,-1.06,-0.1,0.1,-11.2,0.0,-1124,0.25,0.144,0.056,0.00,,0,604,0,479,-0,-1.07,20.8,1.00,-0.001
301.20,FINAL,31.39,31.10,20.76,-1.06,-0.1,0.1,-11.2,0.0,-1122,0.25,0.144,0.056,0.00,,0,602,0,477,-0,-1.07,20.8,1.00,-0.001
301.30,FINAL,31.29,31.02,20.76,-1.06,-0.1,0.1,-11.2,0.0,-1120,0.25,0.144,0.056,0.00,,0,600,0,475,-0,-1.07,20.8,1.00,-0.001
301.40,FINAL,31.18,30.93,20.76,-1.06,-0.1,0.1,-11.2,0.0,-1118,0.25,0.144,0.056,0.00,,0,598,0,473,-0,-1.07,20.8,1.00,-0.001
301.50,FINAL,31.08,30.85,20.76,-1.06,-0.1,0.1,-11.2,0.0,-1116,0.25,0.144,0.056,0.00,,0,596,0,471,-0,-1.07,20.8,1.00,-0.001
301.60,FINAL,30.97,30.77,20.76,-1.06,-0.1,0.1,-11.2,0.0,-1114,0.25,0.144,0.056,0.00,,0,594,0,469,-0,-1.07,20.8,1.00,-0.001
301.70,FINAL,30.86,30.68,20.76,-1.06,-0.1,0.1,-11.2,0.0,-1112,0.25,0.144,0.056,0.00,,0,592,0,467,-0,-1.07,20.8,1.00,-0.001
301.80,FINAL,30.76,30.60,20.76,-1.06,-0.1,0.1,-11.2,0.0,-1110,0.25,0.144,0.056,0.00,,0,590,0,465,-0,-1.07,20.8,1.00,-0.001
301.90,FINAL,30.65,30.51,20.76,-1.06,-0.1,0.1,-11.2,0.0,-1108,0.25,0.144,0.056,0.00,,0,588,0,463,-0,-1.07,20.8,1.00,-0.001
302.00,FINAL,30.55,30.43,20.76,-1.06,-0.1,0.1,-11.2,0.0,-1106,0.25,0.144,0.056,0.00,,0,586,0,461,-0,-1.07,20.8,1.00,-0.001
302.10,FINAL,30.44,30.34,20.76,-1.06,-0.1,0.1,-11.2,0.0,-1104,0.25,0.144,0.056,0.00,,0,584,0,459,-0,-1.07,20.8,1.00,-0.001
302.20,FINAL,30.34,30.26,20.76,-1.06,-0.1,0.1,-11.2,0.0,-1102,0.25,0.144,0.056,0.00,,0,582,0,457,-0,-1.07,20.8,1.00,-0.001
302.30,FINAL,30.23,30.17,20.76,-1.06,-0.1,0.1,-11.2,0.0,-1100,0.25,0.144,0.056,0.00,,0,580,0,455,-0,-1.07,20.8,1.00,-0.001
302.40,FINAL,30.13,30.08,20.76,-1.06,-0.1,0.1,-11.2,0.0,-1098,0.25,0.144,0.056,0.00,,0,578,0,453,-0,-1.07,20.8,1.00,-0.001
302.50,FINAL,30.02,29.99,20.76,-1.06,-0.1,0.1,-11.2,0.0,-1096,0.25,0.144,0.056,0.00,,0,576,0,451,-0,-1.07,20.8,1.00,-0.001
302.60,FINAL,29.91,29.90,20.76,-1.06,-0.1,0.1,-11.2,0.0,-1094,0.25,0.144,0.056,0.00,,0,574,0,449,-0,-1.07,20.8,1.00,-0.001
302.70,FINAL,29.81,29.81,20.76,-1.06,-0.1,0.1,-11.2,0.0,-1092,0.25,0.144,0.056,0.00,,0,572,0,447,-0,-1.07,20.8,1.00,-0.001
302.80,FINAL,29.70,29.72,20.76,-1.06,-0.1,0.1,-11.2,0.0,-1090,0.25,0.144,0.056,0.00,,0,570,0,445,-0,-1.07,20.8,1.00,-0.001
302.90,FINAL,29.60,29.63,20.76,-1.06,-0.1,0.1,-11.1,0.0,-1088,0.25,0.144,0.056,0.00,,0,568,0,443,-0,-1.07,20.8,1.00,-0.001
303.00,FINAL,29.49,29.54,20.76,-1.06,-0.1,0.1,-11.1,0.0,-1086,0.25,0.144,0.056,0.00,,0,566,0,441,-0,-1.07,20.8,1.00,-0.001
303.10,FINAL,29.39,29.44,20.76,-1.06,-0.1,0.1,-11.1,0.0,-1084,0.25,0.144,0.056,0.00,,0,564,0,439,-0,-1.07,20.8,1.00,-0.001
303.20,FINAL,29.28,29.35,20.77,-1.06,-0.1,0.1,-11.1,0.0,-1082,0.25,0.143,0.056,0.00,,0,562,0,437,-0,-1.07,20.8,1.00,-0.001
303.30,FINAL,29.17,29.25,20.77,-1.06,-0.1,0.1,-11.1,0.0,-1080,0.25,0.143,0.056,0.00,,0,560,0,435,-0,-1.07,20.8,1.00,-0.001
303.40,FINAL,29.07,29.16,20.77,-1.06,-0.1,0.1,-11.1,0.0,-1078,0.25,0.143,0.056,0.00,,0,558,0,433,-0,-1.07,20.8,1.00,-0.001
303.50,FINAL,28.96,29.06,20.77,-1.06,-0.1,0.1,-11.1,0.0,-1076,0.25,0.143,0.056,0.00,,0,556,0,431,-0,-1.07,20.8,1.00,-0.001
303.60,FINAL,28.86,28.96,20.77,-1.06,-0.1,0.1,-11.1,0.0,-1074,0.25,0.143,0.056,0.00,,0,554,0,429,-0,-1.07,20.8,1.00,-0.001
303.70,FINAL,28.75,28.86,20.77,-1.06,-0.1,0.1,-11.1,0.0,-1072,0.25,0.143,0.056,0.00,,0,552,0,427,-0,-1.07,20.8,1.00,-0.001
303.80,FINAL,28.65,28.76,20.77,-1.06,-0.1,0.1,-11.1,0.0,-1070,0.25,0.143,0.056,0.00,,0,550,0,425,-0,-1.07,20.8,1.00,-0.001
303.90,FINAL,28.54,28.66,20.77,-1.06,-0.1,0.1,-11.1,0.0,-1068,0.25,0.143,0.056,0.00,,0,548,0,423,-0,-1.07,20.8,1.00,-0.001
304.00,FINAL,28.43,28.56,20.77,-1.06,-0.1,0.1,-11.1,0.0,-1066,0.25,0.143,0.056,0.00,,0,546,0,421,-0,-1.07,20.8,1.00,-0.001
304.10,FINAL,28.33,28.46,20.77,-1.06,-0.1,0.1,-11.1,0.0,-1064,0.25,0.143,0.056,0.00,,0,544,0,419,-0,-1.07,20.8,1.00,-0.001
304.20,FINAL,28.22,28.35,20.77,-1.06,-0.1,0.1,-11.1,0.0,-1061,0.25,0.143,0.056,0.00,,0,541,0,416,-0,-1.07,20.8,1.00,-0.001
304.30,FINAL,28.12,28.25,20.77,-1.06,-0.1,0.1,-11.1,0.0,-1059,0.25,0.143,0.056,0.00,,0,539,0,414,-0,-1.07,20.8,1.00,-0.001
304.40,FINAL,28.01,28.14,20.77,-1.06,-0.1,0.1,-11.1,0.0,-1057,0.25,0.143,0.056,0.00,,0,537,0,412,-0,-1.07,20.8,1.00,-0.001
304.50,FINAL,27.91,28.04,20.77,-1.06,-0.1,0.1,-11.1,0.0,-1055,0.25,0.143,0.056,0.00,,0,535,0,410,-0,-1.07,20.8,1.00,-0.001
304.60,FINAL,27.80,27.93,20.77,-1.06,-0.1,0.1,-11.1,0.0,-1053,0.25,0.143,0.056,0.00,,0,533,0,408,-0,-1.07,20.8,1.00,-0.001
304.70,FINAL,27.69,27.83,20.77,-1.06,-0.1,0.1,-11.1,0.0,-1051,0.25,0.143,0.056,0.00,,0,531,0,406,-0,-1.07,20.8,1.00,-0.001
304.80,FINAL,27.59,27.72,20.77,-1.06,-0.1,0.1,-11.0,0.0,-1049,0.25,0.143,0.056,0.00,,0,529,0,404,-0,-1.07,20.8,1.00,-0.001
304.90,FINAL,27.48,27.61,20.77,-1.06,-0.1,0.1,-11.0,0.0,-1047,0.25,0.143,0.056,0.00,,0,527,0,402,-0,-1.07,20.8,1.00,-0.002
305.00,FINAL,27.38,27.50,20.77,-1.06,-0.1,0.1,-11.0,0.0,-1045,0.25,0.143,0.056,0.00,,0,525,0,400,-0,-1.07,20.8,1.00,-0.002
305.10,FINAL,27.27,27.39,20.77,-1.06,-0.1,0.1,-11.0,0.0,-1043,0.25,0.143,0.056,0.00,,0,523,0,398,-0,-1.07,20.8,1.00,-0.002
305.20,FINAL,27.17,27.28,20.77,-1.06,-0.1,0.1,-11.0,0.0,-1041,0.25,0.143,0.055,0.00,,0,521,0,396,-0,-1.07,20.8,1.00,-0.002
305.30,FINAL,27.06,27.17,20.77,-1.06,-0.1,0.1,-11.0,0.0,-1039,0.25,0.143,0.055,0.00,,0,519,0,394,-0,-1.07,20.8,1.00,-0.002
305.40,FINAL,26.95,27.06,20.77,-1.06,-0.1,0.1,-11.0,0.0,-1037,0.25,0.143,0.055,0.00,,0,517,0,392,-0,-1.07,20.8,1.00,-0.002
305.50,FINAL,26.85,26.96,20.77,-1.06,-0.1,0.1,-11.0,0.0,-1035,0.25,0.143,0.055,0.00,,0,515,0,390,-0,-1.07,20.8,1.00,-0.002
305.60,FINAL,26.74,26.85,20.77,-1.06,-0.1,0.1,-11.0,0.0,-1033,0.25,0.143,0.055,0.00,,0,513,0,388,-0,-1.07,20.8,1.00,-0.002
305.70,FINAL,26.64,26.74,20.77,-1.06,-0.1,0.1,-11.0,0.0,-1031,0.25,0.143,0.055,0.00,,0,511,0,386,-0,-1.07,20.8,1.00,-0.002
305.80,FINAL,26.53,26.63,20.77,-1.06,-0.1,0.1,-11.0,0.0,-1029,0.25,0.143,0.055,0.00,,0,509,0,384,-0,-1.07,20.8,1.00,-0.002
305.90,FINAL,26.43,26.52,20.77,-1.06,-0.1,0.1,-11.0,0.0,-1027,0.25,0.143,0.055,0.00,,0,507,0,382,-0,-1.07,20.8,1.00,-0.002
306.00,FINAL,26.32,26.42,20.77,-1.06,-0.1,0.1,-11.0,0.0,-1025,0.25,0.143,0.055,0.00,,0,505,0,380,-0,-1.07,20.8,1.00,-0.002
306.10,FINAL,26.21,26.31,20.77,-1.06,-0.1,0.1,-11.0,0.0,-1023,0.25,0.143,0.055,0.00,,0,503,0,378,-0,-1.07,20.8,1.00,-0.002
306.20,FINAL,26.11,26.20,20.77,-1.06,-0.1,0.1,-11.0,0.0,-1021,0.25,0.143,0.055,0.00,,0,501,0,376,-0,-1.07,20.8,1.00,-0.002
306.30,FINAL,26.00,26.10,20.77,-1.06,-0.1,0.1,-11.0,0.0,-1019,0.25,0.143,0.055,0.00,,0,499,0,374,-0,-1.07,20.8,1.00,-0.002
306.40,FINAL,25.90,25.99,20.77,-1.06,-0.1,0.1,-10.9,0.0,-1017,0.25,0.143,0.055,0.00,,0,497,0,372,-0,-1.07,20.8,1.00,-0.002
306.50,FINAL,25.79,25.89,20.77,-1.06,-0.1,0.1,-10.9,0.0,-1015,0.25,0.143,0.055,0.00,,0,495,0,370,-0,-1.07,20.8,1.00,-0.002
306.60,FINAL,25.69,25.79,20.77,-1.06,-0.1,0.1,-10.9,0.0,-1013,0.25,0.143,0.055,0.00,,0,493,0,368,-0,-1.07,20.8,1.00,-0.002
306.70,FINAL,25.58,25.69,20.77,-1.06,-0.1,0.1,-10.9,0.0,-1011,0.25,0.143,0.055,0.00,,0,491,0,366,-0,-1.07,20.8,1.00,-0.002
306.80,FINAL,25.47,25.58,20.77,-1.06,-0.1,0.1,-10.9,0.0,-1009,0.25,0.143,0.055,0.00,,0,489,0,364,-0,-1.07,20.8,1.00,-0.002
306.90,FINAL,25.37,25.48,20.77,-1.06,-0.1,0.1,-10.9,0.0,-1007,0.25,0.143,0.055,0.00,,0,487,0,362,-0,-1.07,20.8,1.00,-0.002
307.00,FINAL,25.26,25.38,20.77,-1.06,-0.1,0.1,-10.9,0.0,-1005,0.25,0.143,0.055,0.00,,0,485,0,360,-0,-1.07,20.8,1.00,-0.002
307.10,FINAL,25.16,25.28,20.77,-1.06,-0.1,0.1,-10.9,0.0,-1003,0.25,0.143,0.055,0.00,,0,483,0,358,-0,-1.07,20.8,1.00,-0.002
307.20,FINAL,25.05,25.18,20.77,-1.06,-0.1,0.1,-10.9,0.0,-1001,0.25,0.143,0.055,0.00,,0,481,0,356,-0,-1.07,20.8,1.00,-0.002
307.30,FINAL,24.95,25.08,20.77,-1.06,-0.1,0.1,-10.9,0.0,-999,0.25,0.143,0.055,0.00,,0,479,0,354,-0,-1.07,20.8,1.00,-0.002
307.40,FINAL,24.84,24.98,20.77,-1.06,-0.1,0.1,-10.9,0.0,-997,0.25,0.144,0.055,0.00,,0,477,0,352,-0,-1.07,20.8,1.00,-0.002
307.50,FINAL,24.73,24.88,20.77,-1.06,-0.1,0.1,-10.9,0.0,-995,0.25,0.144,0.055,0.00,,0,475,0,350,-0,-1.07,20.8,1.00,-0.002
307.60,FINAL,24.63,24.78,20.77,-1.06,-0.1,0.1,-10.9,0.0,-993,0.25,0.144,0.055,0.00,,0,473,0,348,-0,-1.07,20.8,1.00,-0.002
307.70,FINAL,24.52,24.68,20.77,-1.06,-0.1,0.1,-10.9,0.0,-991,0.25,0.144,0.055,0.00,,0,471,0,346,-0,-1.07,20.8,1.00,-0.002
307.80,FINAL,24.42,24.58,20.77,-1.06,-0.1,0.1,-10.9,0.0,-989,0.25,0.144,0.055,0.00,,0,469,0,344,-0,-1.07,20.8,1.00,-0.002
307.90,FINAL,24.31,24.48,20.77,-1.06,-0.1,0.1,-10.8,0.0,-987,0.25,0.144,0.055,0.00,,0,467,0,342,-0,-1.07,20.8,1.00,-0.002
308.00,FINAL,24.21,24.38,20.77,-1.06,-0.1,0.1,-10.8,0.0,-985,0.25,0.144,0.055,0.00,,0,465,0,340,-0,-1.06,20.8,1.00,-0.002
308.10,FINAL,24.10,24.28,20.77,-1.06,-0.1,0.1,-10.8,0.0,-983,0.25,0.144,0.055,0.00,,0,463,0,338,-0,-1.06,20.8,1.00,-0.002
308.20,FINAL,23.99,24.18,20.77,-1.06,-0.1,0.1,-10.8,0.0,-980,0.25,0.144,0.055,0.00,,0,460,0,335,-0,-1.06,20.8,1.00,-0.002
308.30,FINAL,23.89,24.08,20.77,-1.06,-0.1,0.1,-10.8,0.0,-978,0.25,0.144,0.055,0.00,,0,458,0,333,-0,-1.06,20.8,1.00,-0.002
308.40,FINAL,23.78,23.99,20.77,-1.06,-0.1,0.1,-10.8,0.0,-976,0.25,0.144,0.055,0.00,,0,456,0,331,-0,-1.06,20.8,1.00,-0.002
308.50,FINAL,23.68,23.89,20.77,-1.06,-0.1,0.1,-10.8,0.0,-974,0.25,0.144,0.054,0.00,,0,454,0,329,-0,-1.06,20.8,1.00,-0.002
308.60,FINAL,23.57,23.79,20.77,-1.06,-0.1,0.1,-10.8,0.0,-972,0.25,0.144,0.054,0.00,,0,452,0,327,-0,-1.06,20.8,1.00,-0.002
308.70,FINAL,23.46,23.69,20.77,-1.06,-0.1,0.1,-10.8,0.0,-970,0.25,0.144,0.054,0.00,,0,450,0,325,-0,-1.06,20.8,1.00,-0.002
308.80,FINAL,23.36,23.60,20.77,-1.06,-0.1,0.1,-10.8,0.0,-968,0.25,0.144,0.054,0.00,,0,448,0,323,-0,-1.06,20.8,1.00,-0.002
308.90,FINAL,23.25,23.50,20.77,-1.06,-0.1,0.1,-10.8,0.0,-966,0.25,0.144,0.054,0.00,,0,446,0,321,-0,-1.06,20.8,1.00,-0.002
309.00,FINAL,23.15,23.40,20.77,-1.06,-0.1,0.1,-10.8,0.0,-964,0.25,0.144,0.054,0.00,,0,444,0,319,-0,-1.06,20.8,1.00,-0.002
309.10,FINAL,23.04,23.30,20.77,-1.06,-0.1,0.1,-10.8,0.0,-962,0.25,0.144,0.054,0.00,,0,442,0,317,-0,-1.06,20.8,1.00,-0.002
309.20,FINAL,22.94,23.21,20.77,-1.06,-0.1,0.1,-10.8,0.0,-960,0.25,0.144,0.054,0.00,,0,440,0,315,-0,-1.06,20.8,1.00,-0.002
309.30,FINAL,22.83,23.11,20.77,-1.06,-0.1,0.1,-10.8,0.0,-958,0.25,0.144,0.054,0.00,,0,438,0,313,-0,-1.06,20.8,1.00,-0.002
309.40,FINAL,22.72,23.02,20.77,-1.06,-0.1,0.1,-10.8,0.0,-956,0.25,0.144,0.054,0.00,,0,436,0,311,-0,-1.06,20.8,1.00,-0.002
309.50,FINAL,22.62,22.92,20.77,-1.06,-0.1,0.1,-10.8,0.0,-954,0.25,0.144,0.054,0.00,,0,434,0,309,-0,-1.06,20.8,1.00,-0.002
309.60,FINAL,22.51,22.82,20.77,-1.06,-0.1,0.1,-10.7,0.0,-952,0.25,0.144,0.054,0.00,,0,432,0,307,-0,-1.06,20.8,1.00,-0.002
309.70,FINAL,22.41,22.73,20.77,-1.06,-0.1,0.1,-10.7,0.0,-950,0.25,0.144,0.054,0.00,,0,430,0,305,-0,-1.06,20.8,1.00,-0.002
309.80,FINAL,22.30,22.63,20.77,-1.06,-0.1,0.1,-10.7,0.0,-948,0.25,0.144,0.054,0.00,,0,428,0,303,-0,-1.06,20.8,1.00,-0.002
309.90,FINAL,22.20,22.54,20.77,-1.06,-0.1,0.1,-10.7,0.0,-946,0.25,0.144,0.054,0.00,,0,426,0,301,-0,-1.06,20.8,1.00,-0.002
310.00,FINAL,22.09,22.44,20.77,-1.06,-0.1,0.1,-10.7,0.0,-944,0.25,0.144,0.054,0.00,,0,424,0,299,-0,-1.06,20.8,1.00,-0.002
310.10,FINAL,21.98,22.35,20.77,-1.06,-0.1,0.1,-10.7,0.0,-942,0.25,0.144,0.054,0.00,,0,422,0,297,-0,-1.06,20.8,1.00,-0.002
310.20,FINAL,21.88,22.25,20.77,-1.06,-0.1,0.1,-10.7,0.0,-940,0.25,0.144,0.054,0.00,,0,420,0,295,-0,-1.06,20.8,1.00,-0.002
310.30,FINAL,21.77,22.16,20.77,-1.06,-0.1,0.1,-10.7,0.0,-938,0.25,0.144,0.054,0.00,,0,418,0,293,-0,-1.06,20.8,1.00,-0.002
310.40,FINAL,21.67,22.07,20.77,-1.06,-0.1,0.1,-10.7,0.0,-936,0.25,0.144,0.054,0.00,,0,416,0,291,-0,-1.06,20.8,1.00,-0.002
310.50,FINAL,21.56,21.97,20.77,-1.06,-0.1,0.1,-10.7,0.0,-934,0.25,0.144,0.054,0.00,,0,414,0,289,-0,-1.06,20.8,1.00,-0.002
310.60,FINAL,21.45,21.88,20.77,-1.06,-0.1,0.1,-10.7,0.0,-932,0.25,0.144,0.054,0.00,,0,412,0,287,-0,-1.06,20.8,1.00,-0.002
310.70,FINAL,21.35,21.78,20.77,-1.06,-0.1,0.1,-10.7,0.0,-930,0.25,0.144,0.054,0.00,,0,410,0,285,-0,-1.06,20.8,1.00,-0.002
310.80,FINAL,21.24,21.69,20.77,-1.06,-0.1,0.1,-10.7,0.0,-928,0.25,0.144,0.054,0.00,,0,408,0,283,-0,-1.06,20.8,1.00,-0.002
310.90,FINAL,21.14,21.60,20.77,-1.06,-0.1,0.1,-10.7,0.0,-926,0.25,0.144,0.054,0.00,,0,406,0,281,-0,-1.06,20.8,1.00,-0.002
311.00,FINAL,21.03,21.50,20.77,-1.06,-0.1,0.1,-10.7,0.0,-924,0.25,0.144,0.054,0.00,,0,404,0,279,-0,-1.06,20.8,1.00,-0.002
311.10,FINAL,20.93,21.41,20.77,-1.06,-0.1,0.1,-10.6,0.0,-922,0.25,0.144,0.054,0.00,,0,402,0,277,-0,-1.06,20.8,1.00,-0.002
311.20,FINAL,20.82,21.32,20.77,-1.06,-0.1,0.1,-10.6,0.0,-920,0.25,0.144,0.054,0.00,,0,400,0,275,-0,-1.06,20.8,1.00,-0.002
311.30,FINAL,20.71,21.22,20.77,-1.06,-0.1,0.1,-10.6,0.0,-918,0.25,0.144,0.054,0.00,,0,398,0,273,-0,-1.06,20.8,1.00,-0.002
311.40,FINAL,20.61,21.13,20.77,-1.06,-0.1,0.1,-10.6,0.0,-916,0.25,0.144,0.054,0.00,,0,396,0,271,-0,-1.06,20.8,1.00,-0.002
311.50,FINAL,20.50,21.04,20.77,-1.06,-0.1,0.1,-10.6,0.0,-914,0.25,0.144,0.054,0.00,,0,394,0,269,-0,-1.06,20.8,1.00,-0.002
311.60,FINAL,20.40,20.94,20.77,-1.06,-0.1,0.1,-10.6,0.0,-912,0.25,0.144,0.054,0.00,,0,392,0,267,-0,-1.06,20.8,1.00,-0.002
311.70,FINAL,20.29,20.85,20.77,-1.06,-0.1,0.1,-10.6,0.0,-910,0.25,0.144,0.054,0.00,,0,390,0,265,-0,-1.06,20.8,1.00,-0.002
311.80,FINAL,20.18,20.76,20.77,-1.06,-0.1,0.1,-10.6,0.0,-907,0.25,0.144,0.053,0.00,,0,387,0,262,-0,-1.06,20.8,1.00,-0.002
311.90,FINAL,20.08,20.66,20.77,-1.06,-0.1,0.1,-10.6,0.0,-905,0.25,0.144,0.053,0.00,,0,385,0,260,-0,-1.06,20.8,1.00,-0.002
312.00,FINAL,19.97,20.57,20.77,-1.06,-0.1,0.1,-10.6,0.0,-903,0.25,0.144,0.053,0.00,,0,383,0,258,-0,-1.06,20.8,1.00,-0.002
312.10,FINAL,19.87,20.48,20.77,-1.06,-0.1,0.1,-10.6,0.0,-901,0.25,0.144,0.053,0.00,,0,381,0,256,-0,-1.06,20.8,1.00,-0.002
312.20,FINAL,19.76,20.39,20.77,-1.06,-0.1,0.1,-10.6,0.0,-899,0.25,0.144,0.053,0.00,,0,379,0,254,-0,-1.06,20.8,1.00,-0.002
312.30,FINAL,19.66,20.29,20.77,-1.06,-0.1,0.1,-10.6,0.0,-897,0.25,0.144,0.053,0.00,,0,377,0,252,-0,-1.06,20.8,1.00,-0.002
312.40,FINAL,19.55,20.20,20.77,-1.06,-0.1,0.1,-10.6,0.0,-895,0.25,0.144,0.053,0.00,,0,375,0,250,-0,-1.06,20.8,1.00,-0.002
312.50,FINAL,19.44,20.11,20.77,-1.06,-0.1,0.1,-10.6,0.0,-893,0.25,0.144,0.053,0.00,,0,373,0,248,-0,-1.06,20.8,1.00,-0.002
312.60,FINAL,19.34,20.01,20.77,-1.06,-0.1,0.1,-10.6,0.0,-891,0.25,0.144,0.053,0.00,,0,371,0,246,-0,-1.06,20.8,1.00,-0.002
312.70,FINAL,19.23,19.92,20.77,-1.06,-0.1,0.1,-10.5,0.0,-889,0.25,0.144,0.053,0.00,,0,369,0,244,-0,-1.06,20.8,1.00,-0.002
312.80,FINAL,19.13,19.83,20.77,-1.06,-0.1,0.1,-10.5,0.0,-887,0.25,0.144,0.053,0.00,,0,367,0,242,-0,-1.06,20.8,1.00,-0.002
312.90,FINAL,19.02,19.73,20.77,-1.06,-0.1,0.1,-10.5,0.0,-885,0.25,0.144,0.053,0.00,,0,365,0,240,-0,-1.06,20.8,1.00,-0.002
313.00,FINAL,18.91,19.64,20.77,-1.06,-0.1,0.1,-10.5,0.0,-883,0.25,0.144,0.053,0.00,,0,363,0,238,-0,-1.06,20.8,1.00,-0.002
313.10,FINAL,18.81,19.54,20.77,-1.06,-0.1,0.1,-10.5,0.0,-881,0.25,0.144,0.053,0.00,,0,361,0,236,-0,-1.06,20.8,1.00,-0.002
313.20,FINAL,18.70,19.45,20.77,-1.06,-0.1,0.1,-10.5,0.0,-879,0.25,0.144,0.053,0.00,,0,359,0,234,-0,-1.06,20.8,1.00,-0.002
313.30,FINAL,18.60,19.36,20.77,-1.06,-0.1,0.1,-10.5,0.0,-877,0.25,0.144,0.053,0.00,,0,357,0,232,-0,-1.06,20.8,1.00,-0.002
313.40,FINAL,18.49,19.26,20.77,-1.06,-0.1,0.1,-10.5,0.0,-875,0.25,0.144,0.053,0.00,,0,355,0,230,-0,-1.06,20.8,1.00,-0.002
313.50,FINAL,18.39,19.17,20.77,-1.06,-0.1,0.1,-10.5,0.0,-873,0.25,0.144,0.053,0.00,,0,353,0,228,-0,-1.06,20.8,1.00,-0.002
313.60,FINAL,18.28,19.07,20.77,-1.06,-0.1,0.1,-10.5,0.0,-871,0.25,0.144,0.053,0.00,,0,351,0,226,-0,-1.06,20.8,1.00,-0.002
313.70,FINAL,18.17,18.98,20.77,-1.06,-0.1,0.1,-10.5,0.0,-869,0.25,0.144,0.053,0.00,,0,349,0,224,-0,-1.06,20.8,1.00,-0.002
313.80,FINAL,18.07,18.89,20.77,-1.06,-0.1,0.1,-10.5,0.0,-867,0.25,0.144,0.053,0.00,,0,347,0,222,-0,-1.06,20.8,1.00,-0.002
313.90,FINAL,17.96,18.79,20.77,-1.06,-0.1,0.1,-10.5,0.0,-865,0.25,0.144,0.053,0.00,,0,345,0,220,-0,-1.06,20.8,1.00,-0.002
314.00,FINAL,17.86,18.70,20.77,-1.06,-0.1,0.1,-10.5,0.0,-863,0.25,0.144,0.053,0.00,,0,343,0,218,-0,-1.06,20.8,1.00,-0.002
314.10,FINAL,17.75,18.60,20.77,-1.06,-0.1,0.1,-10.4,0.0,-861,0.25,0.144,0.053,0.00,,0,341,0,216,-0,-1.06,20.8,1.00,-0.002
314.20,FINAL,17.64,18.51,20.77,-1.06,-0.1,0.1,-10.4,0.0,-859,0.25,0.144,0.053,0.00,,0,339,0,214,-0,-1.06,20.8,1.00,-0.002
314.30,FINAL,17.54,18.41,20.77,-1.06,-0.1,0.1,-10.4,0.0,-857,0.25,0.144,0.053,0.00,,0,337,0,212,-0,-1.06,20.8,1.00,-0.002
314.40,FINAL,17.43,18.31,20.77,-1.06,-0.1,0.1,-10.4,0.0,-855,0.25,0.144,0.053,0.00,,0,335,0,210,-0,-1.06,20.8,1.00,-0.002
314.50,FINAL,17.33,18.22,20.77,-1.06,-0.1,0.1,-10.4,0.0,-853,0.25,0.144,0.053,0.00,,0,333,0,208,-0,-1.06,20.8,1.00,-0.002
314.60,FINAL,17.22,18.12,20.77,-1.06,-0.1,0.1,-10.4,0.0,-851,0.25,0.144,0.053,0.00,,0,331,0,206,-0,-1.06,20.8,1.00,-0.002
314.70,FINAL,17.11,18.03,20.77,-1.06,-0.1,0.1,-10.4,0.0,-849,0.25,0.144,0.053,0.00,,0,329,0,204,-0,-1.06,20.8,1.00,-0.002
314.80,FINAL,17.01,17.93,20.77,-1.06,-0.1,0.1,-10.4,0.0,-847,0.25,0.144,0.052,0.00,,0,327,0,202,-0,-1.06,20.8,1.00,-0.002
314.90,FINAL,16.90,17.83,20.77,-1.06,-0.1,0.1,-10.4,0.0,-845,0.25,0.144,0.052,0.00,,0,325,0,200,-0,-1.06,20.8,1.00,-0.002
315.00,FINAL,16.80,17.74,20.77,-1.06,-0.1,0.1,-10.4,0.0,-843,0.25,0.144,0.052,0.00,,0,323,0,198,-0,-1.06,20.8,1.00,-0.002
315.10,FINAL,16.69,17.64,20.77,-1.06,-0.1,0.1,-10.4,0.0,-841,0.25,0.144,0.052,0.00,,0,321,0,196,-0,-1.06,20.8,1.00,-0.002
315.20,FINAL,16.59,17.54,20.77,-1.06,-0.1,0.1,-10.4,0.0,-838,0.25,0.144,0.052,0.00,,0,318,0,193,-0,-1.06,20.8,1.00,-0.002
315.30,FINAL,16.48,17.44,20.77,-1.06,-0.1,0.1,-10.4,0.0,-836,0.25,0.144,0.052,0.00,,0,316,0,191,-0,-1.06,20.8,1.00,-0.002
315.40,FINAL,16.37,17.35,20.77,-1.06,-0.1,0.1,-10.3,0.0,-834,0.25,0.144,0.052,0.00,,0,314,0,189,-0,-1.06,20.8,1.00,-0.002
315.50,FINAL,16.27,17.25,20.77,-1.06,-0.1,0.1,-10.3,0.0,-832,0.25,0.144,0.052,0.00,,0,312,0,187,-0,-1.06,20.8,1.00,-0.002
315.60,FINAL,16.16,17.15,20.77,-1.06,-0.1,0.1,-10.3,0.0,-830,0.25,0.144,0.052,0.00,,0,310,0,185,-0,-1.06,20.8,1.00,-0.002
315.70,FINAL,16.06,17.05,20.77,-1.06,-0.1,0.1,-10.3,0.0,-828,0.25,0.144,0.052,0.00,,0,308,0,183,-0,-1.06,20.8,1.00,-0.002
315.80,FINAL,15.95,16.95,20.77,-1.06,-0.1,0.1,-10.3,0.0,-826,0.25,0.144,0.052,0.00,,0,306,0,181,-0,-1.06,20.8,1.00,-0.002
315.90,FINAL,15.84,16.85,20.77,-1.06,-0.1,0.1,-10.3,0.0,-824,0.25,0.144,0.052,0.00,,0,304,0,179,-0,-1.06,20.8,1.00,-0.002
316.00,FINAL,15.74,16.75,20.77,-1.06,-0.1,0.1,-10.3,0.0,-822,0.25,0.144,0.052,0.00,,0,302,0,177,-0,-1.06,20.8,1.00,-0.002
316.10,FINAL,15.63,16.65,20.77,-1.06,-0.1,0.1,-10.3,0.0,-820,0.25,0.144,0.052,0.00,,0,300,0,175,-0,-1.06,20.8,1.00,-0.002
316.20,FINAL,15.53,16.56,20.77,-1.06,-0.1,0.1,-10.3,0.0,-818,0.25,0.144,0.052,0.00,,0,298,0,173,-0,-1.06,20.8,1.00,-0.002
316.30,FINAL,15.42,16.45,20.77,-1.06,-0.1,0.1,-10.3,0.0,-816,0.25,0.144,0.052,0.00,,0,296,0,171,-0,-1.06,20.8,1.00,-0.002
316.40,FINAL,15.31,16.35,20.77,-1.06,-0.1,0.1,-10.3,0.0,-814,0.25,0.144,0.052,0.00,,0,294,0,169,-0,-1.06,20.8,1.00,-0.002
316.50,FINAL,15.21,16.25,20.77,-1.06,-0.1,0.1,-10.3,0.0,-812,0.25,0.144,0.052,0.00,,0,292,0,167,-0,-1.06,20.8,1.00,-0.002
316.60,FINAL,15.10,16.15,20.77,-1.06,-0.1,0.1,-10.2,0.0,-810,0.25,0.144,0.052,0.00,,0,290,0,165,-0,-1.06,20.8,1.00,-0.002
316.70,FINAL,15.00,16.05,20.77,-1.06,-0.1,0.1,-10.2,0.0,-808,0.25,0.144,0.052,0.00,,0,288,0,163,-0,-1.06,20.8,1.00,-0.002
316.80,FINAL,14.89,15.95,20.77,-1.06,-0.1,0.1,-10.2,0.0,-806,0.25,0.144,0.052,0.00,,0,286,0,161,-0,-1.06,20.8,1.00,-0.002
316.90,FINAL,14.78,15.85,20.77,-1.06,-0.1,0.1,-10.2,0.0,-804,0.25,0.144,0.052,0.00,,0,284,0,159,-0,-1.06,20.8,1.00,-0.002
317.00,FINAL,14.68,15.75,20.77,-1.06,-0.1,0.1,-10.2,0.0,-802,0.25,0.144,0.052,0.00,,0,282,0,157,-0,-1.06,20.8,1.00,-0.002
317.10,FINAL,14.57,15.64,20.77,-1.06,-0.1,0.1,-10.2,0.0,-800,0.25,0.144,0.052,0.00,,0,280,0,155,-0,-1.06,20.8,1.00,-0.002
317.20,FINAL,14.47,15.54,20.77,-1.06,-0.1,0.1,-10.2,0.0,-798,0.25,0.144,0.052,0.00,,0,278,0,153,-0,-1.06,20.8,1.00,-0.002
317.30,FINAL,14.36,15.44,20.78,-1.06,-0.1,0.1,-10.2,0.0,-796,0.25,0.144,0.051,0.00,,0,276,0,151,-0,-1.06,20.8,1.00,-0.002
317.40,FINAL,14.25,15.34,20.78,-1.06,-0.1,0.1,-10.2,0.0,-794,0.25,0.144,0.051,0.00,,0,274,0,149,-0,-1.06,20.8,1.00,-0.002
317.50,FINAL,14.15,15.23,20.78,-1.06,-0.1,0.1,-10.2,0.0,-792,0.25,0.144,0.051,0.00,,0,272,0,147,-0,-1.06,20.8,1.00,-0.002
317.60,FINAL,14.04,15.13,20.78,-1.06,-0.1,0.1,-10.2,0.0,-790,0.25,0.144,0.051,0.00,,0,270,0,145,-0,-1.06,20.8,1.00,-0.002
317.70,FINAL,13.94,15.02,20.78,-1.06,-0.1,0.1,-10.2,0.0,-788,0.25,0.144,0.051,0.00,,0,268,0,143,-0,-1.06,20.8,1.00,-0.002
317.80,FINAL,13.83,14.92,20.78,-1.06,-0.1,0.1,-10.1,0.0,-786,0.25,0.144,0.051,0.00,,0,266,0,141,-0,-1.06,20.8,1.00,-0.002
317.90,FINAL,13.72,14.82,20.78,-1.06,-0.1,0.1,-10.1,0.0,-784,0.25,0.144,0.051,0.00,,0,264,0,139,-0,-1.06,20.8,1.00,-0.002
318.00,FINAL,13.62,14.71,20.78,-1.06,-0.1,0.1,-10.1,0.0,-782,0.25,0.144,0.051,0.00,,0,262,0,137,-0,-1.06,20.8,1.00,-0.002
318.10,FINAL,13.51,14.61,20.78,-1.06,-0.1,0.1,-10.1,0.0,-780,0.25,0.144,0.051,0.00,,0,260,0,135,-0,-1.06,20.8,1.00,-0.002
318.20,FINAL,13.41,14.50,20.78,-1.06,-0.1,0.1,-10.1,0.0,-778,0.25,0.144,0.051,0.00,,0,258,0,133,-0,-1.06,20.8,1.00,-0.002
318.30,FINAL,13.30,14.39,20.78,-1.06,-0.1,0.1,-10.1,0.0,-776,0.25,0.144,0.051,0.00,,0,256,0,131,-0,-1.06,20.8,1.00,-0.002
318.40,FINAL,13.19,14.29,20.78,-1.06,-0.1,0.1,-10.1,0.0,-773,0.25,0.145,0.051,0.00,,0,253,0,128,-0,-1.06,20.8,1.00,-0.002
318.50,FINAL,13.09,14.18,20.78,-1.06,-0.1,0.1,-10.1,0.0,-771,0.25,0.145,0.051,0.00,,0,251,0,126,-0,-1.06,20.8,1.00,-0.002
318.60,FINAL,12.98,14.08,20.78,-1.06,-0.1,0.1,-10.1,0.0,-769,0.25,0.145,0.051,0.00,,0,249,0,124,-0,-1.06,20.8,1.00,-0.001
318.70,FINAL,12.87,13.97,20.78,-1.06,-0.1,0.1,-10.1,0.0,-767,0.25,0.145,0.051,0.00,,0,247,0,122,-0,-1.06,20.8,1.00,-0.001
318.80,FINAL,12.77,13.86,20.78,-1.06,-0.1,0.1,-10.0,0.0,-765,0.25,0.145,0.051,0.00,,0,245,0,120,-0,-1.06,20.8,1.00,-0.001
318.90,FINAL,12.66,13.76,20.78,-1.06,-0.1,0.1,-10.0,0.0,-763,0.25,0.145,0.051,0.00,,0,243,0,118,-0,-1.06,20.8,1.00,-0.001
319.00,FINAL,12.56,13.65,20.78,-1.06,-0.1,0.1,-10.0,0.0,-761,0.25,0.145,0.051,0.00,,0,241,0,116,-0,-1.06,20.8,1.00,-0.001
319.10,FINAL,12.45,13.55,20.78,-1.06,-0.1,0.1,-10.0,0.0,-759,0.25,0.145,0.051,0.00,,0,239,0,114,-0,-1.06,20.8,1.00,-0.001
319.20,FINAL,12.34,13.44,20.78,-1.06,-0.1,0.1,-10.0,0.0,-757,0.25,0.145,0.051,0.00,,0,237,0,112,-0,-1.06,20.8,1.00,-0.001
319.30,FINAL,12.24,13.33,20.78,-1.06,-0.1,0.1,-10.0,0.0,-755,0.25,0.145,0.051,0.00,,0,235,0,110,-0,-1.06,20.8,1.00,-0.001
319.40,FINAL,12.13,13.23,20.78,-1.06,-0.1,0.1,-10.0,0.0,-753,0.25,0.145,0.050,0.00,,0,233,0,108,-0,-1.06,20.8,1.00,-0.001
319.50,FINAL,12.02,13.12,20.78,-1.06,-0.1,0.1,-10.0,0.0,-751,0.25,0.145,0.050,0.00,,0,231,0,106,-0,-1.06,20.8,1.00,-0.001
319.60,FINAL,11.92,13.01,20.78,-1.06,-0.1,0.1,-10.0,0.0,-749,0.25,0.145,0.050,0.00,,0,229,0,104,-0,-1.06,20.8,1.00,-0.001
319.70,FINAL,11.81,12.91,20.78,-1.06,-0.2,0.1,-9.9,0.0,-747,0.25,0.145,0.050,0.00,,0,227,0,102,-0,-1.06,20.8,1.00,-0.001
319.80,FINAL,11.71,12.80,20.78,-1.06,-0.2,0.1,-9.9,0.0,-745,0.25,0.145,0.050,0.00,,0,225,0,100,-0,-1.06,20.8,1.00,-0.001
319.90,FINAL,11.60,12.70,20.78,-1.06,-0.2,0.1,-9.9,0.0,-743,0.25,0.145,0.050,0.00,,0,223,0,98,-0,-1.06,20.8,1.00,-0.001
320.00,FINAL,11.49,12.59,20.78,-1.06,-0.2,0.1,-9.9,0.0,-741,0.25,0.145,0.050,0.00,,0,221,0,96,-0,-1.06,20.8,1.00,-0.001
320.10,FINAL,11.39,12.48,20.78,-1.06,-0.2,0.1,-9.9,0.0,-739,0.25,0.145,0.050,0.00,,0,219,0,94,-0,-1.06,20.8,1.00,-0.001
320.20,FINAL,11.28,12.38,20.78,-1.06,-0.2,0.1,-9.9,0.0,-737,0.25,0.145,0.050,0.00,,0,217,0,92,-0,-1.06,20.8,1.00,-0.001
320.30,FINAL,11.17,12.27,20.78,-1.06,-0.2,0.1,-9.9,0.0,-735,0.25,0.145,0.050,0.00,,0,215,0,90,-0,-1.06,20.8,1.00,-0.001
320.40,FINAL,11.07,12.16,20.78,-1.06,-0.2,0.1,-9.9,0.0,-733,0.25,0.145,0.050,0.00,,0,213,0,88,-0,-1.06,20.8,1.00,-0.001
320.50,FINAL,10.96,12.06,20.78,-1.06,-0.2,0.1,-9.9,0.0,-731,0.25,0.145,0.050,0.00,,0,211,0,86,-0,-1.06,20.8,1.00,-0.001
320.60,FINAL,10.86,11.95,20.78,-1.06,-0.2,0.1,-9.8,0.0,-729,0.25,0.145,0.050,0.00,,0,209,0,84,-0,-1.06,20.8,1.00,-0.001
320.70,FINAL,10.75,11.84,20.78,-1.06,-0.2,0.1,-9.8,0.0,-727,0.25,0.145,0.050,0.00,,0,207,0,82,-0,-1.06,20.8,1.00,-0.001
320.80,FINAL,10.64,11.74,20.78,-1.06,-0.2,0.1,-9.8,0.0,-725,0.25,0.145,0.050,0.00,,0,205,0,80,-0,-1.06,20.8,1.00,-0.001
320.90,FINAL,10.54,11.63,20.78,-1.06,-0.2,0.1,-9.8,0.0,-723,0.25,0.145,0.050,0.00,,0,203,0,78,-0,-1.06,20.8,1.00,-0.001
321.00,FINAL,10.43,11.53,20.78,-1.06,-0.2,0.1,-9.8,0.0,-721,0.25,0.145,0.050,0.00,,0,201,0,76,-0,-1.06,20.8,1.00,-0.001
321.10,FINAL,10.32,11.42,20.78,-1.06,-0.2,0.1,-9.8,0.0,-719,0.25,0.146,0.049,0.00,,0,199,0,74,-0,-1.06,20.8,1.00,-0.001
321.20,FINAL,10.22,11.31,20.78,-1.06,-0.2,0.1,-9.8,0.0,-717,0.25,0.146,0.049,0.00,,0,197,0,72,-0,-1.06,20.8,1.00,-0.001
321.30,FINAL,10.11,11.21,20.78,-1.06,-0.2,0.1,-9.8,0.0,-715,0.25,0.146,0.049,0.00,,0,195,0,70,-0,-1.06,20.8,1.00,-0.001
321.40,FINAL,10.00,11.10,20.78,-1.07,-0.2,0.1,-9.7,0.0,-712,0.25,0.146,0.049,0.00,,0,192,0,67,-0,-1.06,20.8,1.00,-0.001
321.50,FINAL,9.90,10.99,20.78,-1.07,-0.2,0.1,-9.7,0.0,-710,0.25,0.146,0.049,0.00,,0,190,0,65,-0,-1.06,20.8,1.00,-0.001
321.60,FINAL,9.79,10.89,20.78,-1.07,-0.2,0.1,-9.7,0.0,-708,0.25,0.146,0.049,0.00,,0,188,0,63,-0,-1.06,20.8,1.00,-0.001
321.70,FINAL,9.68,10.78,20.78,-1.07,-0.2,0.1,-9.7,0.0,-706,0.25,0.146,0.049,0.00,,0,186,0,61,-0,-1.06,20.8,1.00,-0.001
321.80,FINAL,9.58,10.67,20.78,-1.07,-0.2,0.1,-9.7,0.0,-704,0.25,0.146,0.049,0.00,,0,184,0,59,-0,-1.06,20.8,1.00,-0.001
321.90,FINAL,9.47,10.57,20.78,-1.07,-0.2,0.1,-9.7,0.0,-702,0.25,0.146,0.049,0.00,,0,182,0,57,-0,-1.06,20.8,1.00,-0.001
322.00,FINAL,9.36,10.46,20.78,-1.07,-0.2,0.1,-9.7,0.0,-700,0.25,0.146,0.049,0.00,,0,180,0,55,-0,-1.06,20.8,1.00,-0.001
322.10,FINAL,9.26,10.35,20.78,-1.07,-0.2,0.1,-9.7,0.0,-698,0.25,0.146,0.049,0.00,,0,178,0,53,-0,-1.06,20.8,1.00,-0.001
322.20,FINAL,9.15,10.25,20.78,-1.07,-0.2,0.1,-9.6,0.0,-696,0.25,0.146,0.049,0.00,,0,176,0,51,-0,-1.06,20.8,1.00,-0.001
322.30,FINAL,9.04,10.14,20.78,-1.07,-0.2,0.1,-9.6,0.0,-694,0.25,0.146,0.049,0.00,,0,174,0,49,-0,-1.06,20.8,1.00,-0.001
322.40,FINAL,8.94,10.03,20.78,-1.07,-0.2,0.1,-9.6,0.0,-692,0.25,0.146,0.049,0.00,,0,172,0,47,-0,-1.06,20.8,1.00,-0.001
322.50,FINAL,8.83,9.93,20.78,-1.07,-0.2,0.1,-9.6,0.0,-690,0.25,0.146,0.049,0.00,,0,170,0,45,-0,-1.06,20.8,1.00,-0.001
322.60,FINAL,8.72,9.82,20.78,-1.07,-0.2,0.1,-9.6,0.0,-688,0.25,0.147,0.049,0.00,,0,168,0,43,-0,-1.06,20.8,1.00,-0.001
322.70,FINAL,8.62,9.71,20.78,-1.07,-0.2,0.1,-9.6,0.0,-686,0.25,0.147,0.048,0.00,,0,166,0,41,-0,-1.06,20.8,1.00,-0.001
322.80,FINAL,8.51,9.61,20.78,-1.07,-0.2,0.1,-9.6,0.0,-684,0.25,0.147,0.048,0.00,,0,164,0,39,-0,-1.06,20.8,1.00,-0.001
322.90,FINAL,8.40,9.50,20.78,-1.07,-0.2,0.1,-9.5,0.0,-682,0.25,0.147,0.048,0.00,,0,162,0,37,-0,-1.06,20.8,1.00,-0.001
323.00,FINAL,8.30,9.39,20.78,-1.07,-0.2,0.1,-9.5,0.0,-680,0.25,0.147,0.048,0.00,,0,160,0,35,-0,-1.06,20.8,1.00,-0.001
323.10,FINAL,8.19,9.29,20.78,-1.07,-0.2,0.1,-9.5,0.0,-678,0.25,0.147,0.048,0.00,,0,158,0,33,-0,-1.06,20.8,1.00,-0.001
323.20,FINAL,8.08,9.18,20.78,-1.07,-0.2,0.1,-9.5,0.0,-676,0.25,0.147,0.048,0.00,,0,156,0,31,-0,-1.06,20.8,1.00,-0.000
323.30,FINAL,7.98,9.07,20.78,-1.07,-0.2,0.1,-9.5,0.0,-674,0.25,0.147,0.048,0.00,,0,154,0,29,-0,-1.06,20.8,1.00,-0.000
323.40,FINAL,7.87,8.97,20.78,-1.07,-0.2,0.1,-9.5,0.0,-672,0.25,0.147,0.048,0.00,,0,152,0,27,-0,-1.06,20.8,1.00,-0.000
323.50,FINAL,7.76,8.86,20.78,-1.07,-0.2,0.1,-9.5,0.0,-670,0.25,0.147,0.048,0.00,,0,150,0,25,-0,-1.06,20.8,1.00,-0.000
323.60,FINAL,7.66,8.75,20.78,-1.07,-0.2,0.1,-9.4,0.0,-668,0.25,0.147,0.048,0.00,,0,148,0,23,-0,-1.06,20.8,1.00,-0.000
323.70,FINAL,7.55,8.64,20.78,-1.07,-0.2,0.1,-9.4,0.0,-666,0.25,0.148,0.048,0.00,,0,146,0,21,-0,-1.06,20.8,1.00,-0.000
323.80,FINAL,7.44,8.54,20.79,-1.07,-0.2,0.1,-9.4,0.0,-664,0.25,0.148,0.048,0.00,,0,144,0,19,-0,-1.06,20.8,1.00,-0.000
323.90,FINAL,7.33,8.43,20.79,-1.07,-0.2,0.1,-9.4,0.0,-662,0.25,0.148,0.048,0.00,,0,142,0,17,-0,-1.06,20.8,1.00,-0.000
324.00,FINAL,7.23,8.32,20.79,-1.07,-0.2,0.1,-9.4,0.0,-660,0.25,0.148,0.048,0.00,,0,140,0,15,-0,-1.06,20.8,1.00,-0.000
324.10,FINAL,7.12,8.22,20.79,-1.07,-0.2,0.1,-9.4,0.0,-657,0.25,0.148,0.047,0.00,,0,137,0,12,-0,-1.06,20.8,1.00,0.000
324.20,FINAL,7.01,8.11,20.79,-1.07,-0.2,0.1,-9.3,0.0,-655,0.25,0.148,0.047,0.00,,0,135,0,10,-0,-1.06,20.8,1.00,0.000
324.30,FINAL,6.91,8.00,20.79,-1.07,-0.2,0.1,-9.3,0.0,-653,0.25,0.148,0.047,0.00,,0,133,0,8,-0,-1.06,20.8,1.00,0.000
324.40,FINAL,6.80,7.89,20.79,-1.07,-0.2,0.1,-9.3,0.0,-651,0.25,0.149,0.047,0.00,,0,131,0,6,-0,-1.06,20.8,1.00,0.000
324.50,FINAL,6.69,7.79,20.79,-1.07,-0.2,0.1,-9.3,0.0,-649,0.25,0.149,0.047,0.00,,0,129,0,4,-0,-1.06,20.8,1.00,0.000
324.60,FINAL,6.58,7.68,20.79,-1.07,-0.2,0.1,-9.3,0.0,-647,0.25,0.149,0.047,0.00,,0,127,0,2,-0,-1.06,20.8,1.00,0.000
324.70,FINAL,6.48,7.57,20.79,-1.08,-0.2,0.1,-9.3,0.0,-645,0.25,0.149,0.047,0.00,,0,125,0,0,-0,-1.05,20.8,1.00,0.000
324.80,FINAL,6.37,7.46,20.79,-1.08,-0.2,0.1,-9.2,0.0,-643,0.25,0.149,0.047,0.00,,0,123,0,-2,-0,-1.05,20.8,1.00,0.000
324.90,FINAL,6.26,7.36,20.79,-1.08,-0.2,0.1,-9.2,0.0,-641,0.25,0.149,0.047,0.00,,0,121,0,-4,-0,-1.05,20.8,1.00,0.001
325.00,FINAL,6.15,7.25,20.79,-1.08,-0.2,0.1,-9.2,0.0,-639,0.25,0.150,0.047,0.00,,0,119,0,-6,-0,-1.05,20.8,1.00,0.001
325.10,FINAL,6.05,7.14,20.79,-1.08,-0.2,0.1,-9.2,0.0,-637,0.25,0.150,0.047,0.00,,0,117,0,-8,-0,-1.05,20.8,1.00,0.001
325.20,FINAL,5.94,7.03,20.79,-1.08,-0.2,0.1,-9.2,0.0,-635,0.25,0.150,0.047,0.00,,0,115,0,-10,-0,-1.05,20.8,1.00,0.001
325.30,FINAL,5.83,6.92,20.79,-1.08,-0.2,0.1,-9.2,0.0,-633,0.25,0.150,0.046,0.00,,0,113,0,-12,-0,-1.05,20.8,1.00,0.001
325.40,FINAL,5.72,6.82,20.79,-1.08,-0.2,0.1,-9.1,0.0,-631,0.25,0.150,0.046,0.00,,0,111,0,-14,-0,-1.05,20.8,1.00,0.001
325.50,FINAL,5.61,6.71,20.79,-1.08,-0.2,0.1,-9.1,0.0,-629,0.25,0.151,0.046,0.00,,0,109,0,-16,-0,-1.05,20.8,1.00,0.001
325.60,FINAL,5.51,6.60,20.79,-1.08,-0.2,0.1,-9.1,0.0,-627,0.25,0.151,0.046,0.00,,0,107,0,-18,-0,-1.05,20.8,1.00,0.001
325.70,FINAL,5.40,6.49,20.79,-1.08,-0.2,0.1,-9.1,0.0,-625,0.25,0.151,0.046,0.00,,0,105,0,-20,-0,-1.05,20.8,1.00,0.001
325.80,FINAL,5.29,6.38,20.80,-1.08,-0.3,0.1,-9.1,0.0,-623,0.25,0.151,0.046,0.00,,0,103,0,-22,-0,-1.05,20.8,1.00,0.001
325.90,FINAL,5.18,6.28,20.80,-1.08,-0.3,0.1,-9.0,0.0,-621,0.25,0.152,0.046,0.00,,0,101,0,-24,-0,-1.05,20.8,1.00,0.002
326.00,FLARE,5.07,6.17,20.79,-1.09,-0.3,0.1,-9.0,0.0,-619,0.00,0.123,0.045,0.00,,,,0,-26,-0,,,,
326.10,FLARE,4.96,6.06,20.73,-1.12,-0.4,0.1,-9.0,0.0,-617,0.00,0.120,0.044,0.00,,,,0,-28,-0,,,,
326.20,FLARE,4.85,5.94,20.68,-1.17,-0.7,0.1,-9.0,0.0,-615,0.00,0.152,0.044,0.00,,,,0,-30,-0,,,,
326.30,FLARE,4.73,5.83,20.64,-1.24,-1.0,0.1,-9.0,0.0,-613,0.00,0.186,0.044,0.00,,,,0,-32,-0,,,,
326.40,FLARE,4.60,5.70,20.60,-1.33,-1.3,0.2,-9.0,0.0,-611,0.00,0.254,0.044,0.00,,,,0,-34,-0,,,,
326.50,FLARE,4.47,5.56,20.56,-1.44,-1.5,0.2,-9.0,0.0,-609,0.01,0.307,0.045,0.00,,,,0,-36,-0,,,,
326.60,FLARE,4.32,5.42,20.53,-1.52,-1.5,0.2,-8.9,0.0,-607,0.06,0.334,0.045,0.00,,,,0,-38,-0,,,,
326.70,FLARE,4.17,5.26,20.51,-1.58,-1.2,0.3,-8.9,0.0,-605,0.11,0.331,0.046,0.00,,,,0,-40,-0,,,,
326.80,FLARE,4.01,5.10,20.50,-1.57,-0.6,0.3,-8.9,0.0,-603,0.16,0.302,0.046,0.00,,,,0,-42,-0,,,,
326.90,FLARE,3.85,4.95,20.49,-1.52,0.0,0.2,-8.9,0.0,-601,0.17,0.283,0.047,0.00,,,,0,-44,-0,,,,
327.00,FLARE,3.70,4.80,20.48,-1.43,0.7,0.2,-8.9,-0.0,-598,0.17,0.263,0.047,0.00,,,,0,-47,0,,,,
327.10,FLARE,3.56,4.66,20.46,-1.30,1.3,0.2,-8.9,-0.0,-596,0.17,0.243,0.046,0.00,,,,0,-49,0,,,,
327.20,FLARE,3.44,4.53,20.43,-1.17,1.7,0.2,-8.9,-0.0,-594,0.17,0.225,0.131,0.00,,,,0,-51,0,,,,
327.30,FLARE,3.33,4.42,20.39,-1.04,2.0,0.2,-8.8,-0.0,-592,0.15,0.212,0.257,0.00,,,,0,-53,0,,,,
327.40,FLARE,3.22,4.32,20.34,-0.94,2.1,0.1,-8.6,-0.0,-590,0.12,0.206,0.350,0.00,,,,0,-55,0,,,,
327.50,FLARE,3.13,4.23,20.29,-0.86,2.1,0.0,-8.3,-0.0,-588,0.10,0.210,0.350,0.00,,,,0,-57,0,,,,
327.60,FLARE,3.05,4.15,20.23,-0.81,2.0,-0.1,-7.8,-0.0,-586,0.08,0.224,0.332,0.00,,,,0,-59,0,,,,
327.70,FLARE,2.97,4.06,20.17,-0.80,1.8,-0.3,-7.3,-0.0,-584,0.08,0.244,0.312,0.00,,,,0,-61,0,,,,
327.80,FLARE,2.89,3.98,20.11,-0.81,1.6,-0.4,-6.6,-0.0,-583,0.08,0.268,0.289,0.00,,,,0,-62,0,,,,
327.90,FLARE,2.81,3.90,20.06,-0.84,1.4,-0.5,-5.9,-0.0,-581,0.08,0.290,0.264,0.00,,,,0,-64,0,,,,
328.00,FLARE,2.72,3.82,20.01,-0.87,1.4,-0.6,-5.2,0.0,-579,0.10,0.297,0.240,0.00,,,,0,-66,-0,,,,
328.10,FLARE,2.64,3.73,19.96,-0.89,1.5,-0.7,-4.4,0.0,-577,0.11,0.299,0.216,0.00,,,,0,-68,-0,,,,
328.20,FLARE,2.55,3.64,19.92,-0.91,1.6,-0.7,-3.7,-0.0,-575,0.13,0.296,0.192,0.00,,,,0,-70,0,,,,
328.30,FLARE,2.45,3.55,19.88,-0.91,1.8,-0.7,-2.9,-0.0,-573,0.14,0.298,0.171,0.00,,,,0,-72,0,,,,
328.40,FLARE,2.36,3.46,19.84,-0.90,2.0,-0.6,-2.2,-0.0,-571,0.15,0.299,0.153,0.00,,,,0,-74,0,,,,
328.50,FLARE,2.28,3.37,19.80,-0.87,2.3,-0.6,-1.6,-0.0,-569,0.15,0.299,0.137,0.00,,,,0,-76,0,,,,
328.60,FLARE,2.19,3.28,19.76,-0.84,2.5,-0.5,-1.1,-0.0,-567,0.16,0.299,0.125,0.00,,,,0,-78,0,,,,
328.70,FLARE,2.11,3.20,19.72,-0.81,2.8,-0.4,-0.6,-0.1,-565,0.17,0.298,0.116,0.00,,,,0,-80,0,,,,
328.80,FLARE,2.03,3.12,19.68,-0.77,2.9,-0.2,-0.2,-0.1,-563,0.18,0.298,0.112,0.00,,,,0,-82,0,,,,
328.90,FLARE,1.95,3.05,19.64,-0.74,3.1,-0.1,0.1,-0.1,-561,0.19,0.298,0.110,0.00,,,,0,-84,0,,,,
329.00,FLARE,1.88,2.97,19.59,-0.70,3.3,0.1,0.2,-0.1,-559,0.20,0.299,0.112,0.00,,,,0,-86,0,,,,
329.10,FLARE,1.81,2.90,19.55,-0.67,3.4,0.2,0.3,-0.2,-557,0.20,0.299,0.117,0.00,,,,0,-88,0,,,,
329.20,FLARE,1.74,2.84,19.52,-0.64,3.5,0.4,0.4,-0.2,-555,0.21,0.300,0.125,0.00,,,,0,-90,0,,,,
329.30,FLARE,1.68,2.78,19.48,-0.61,3.6,0.6,0.3,-0.2,-553,0.22,0.301,0.135,0.00,,,,0,-92,0,,,,
329.40,FLARE,1.62,2.72,19.44,-0.59,3.6,0.7,0.2,-0.3,-551,0.24,0.294,0.148,0.00,,,,0,-94,0,,,,
329.50,FLARE,1.56,2.66,19.41,-0.57,3.7,0.8,-0.0,-0.3,-549,0.25,0.295,0.161,0.00,,,,0,-96,0,,,,
329.60,FLARE,1.51,2.60,19.38,-0.54,3.8,1.0,-0.2,-0.4,-548,0.25,0.294,0.176,0.00,,,,0,-97,0,,,,
329.70,FLARE,1.45,2.55,19.34,-0.52,3.8,1.1,-0.5,-0.4,-546,0.25,0.300,0.190,0.00,,,,0,-99,0,,,,
329.80,FLARE,1.40,2.50,19.31,-0.50,3.9,1.1,-0.8,-0.4,-544,0.26,0.299,0.205,0.00,,,,0,-101,0,,,,
329.90,FLARE,1.35,2.45,19.28,-0.48,3.9,1.2,-1.1,-0.5,-542,0.27,0.297,0.219,0.00,,,,0,-103,0,,,,
330.00,FLARE,1.30,2.40,19.25,-0.47,4.0,1.2,-1.3,-0.5,-540,0.27,0.301,0.231,0.00,,,,0,-105,0,,,,
330.10,FLARE,1.26,2.35,19.22,-0.45,4.1,1.2,-1.6,-0.5,-538,0.28,0.295,0.242,0.00,,,,0,-107,1,,,,
330.20,FLARE,1.21,2.31,19.20,-0.43,4.1,1.2,-1.8,-0.6,-536,0.28,0.293,0.252,0.00,,,,0,-109,1,,,,
330.30,FLARE,1.17,2.27,19.17,-0.41,4.2,1.1,-2.0,-0.6,-534,0.28,0.291,0.260,0.00,,,,0,-111,1,,,,
330.40,FLARE,1.13,2.23,19.13,-0.39,4.2,1.1,-2.2,-0.6,-532,0.28,0.291,0.265,0.00,,,,0,-113,1,,,,
330.50,FLARE,1.09,2.19,19.10,-0.38,4.2,1.0,-2.3,-0.6,-530,0.28,0.292,0.269,0.00,,,,0,-115,1,,,,
330.60,FLARE,1.05,2.15,19.07,-0.37,4.2,1.0,-2.3,-0.7,-529,0.28,0.294,0.271,0.00,,,,0,-116,1,,,,
330.70,FLARE,1.02,2.11,19.04,-0.37,4.2,0.9,-2.3,-0.7,-527,0.28,0.298,0.271,0.00,,,,0,-118,1,,,,
330.80,FLARE,0.98,2.08,19.01,-0.37,4.2,0.8,-2.3,-0.7,-525,0.29,0.297,0.269,0.00,,,,0,-120,1,,,,
330.90,FLARE,0.94,2.04,18.99,-0.37,4.1,0.8,-2.2,-0.7,-523,0.30,0.296,0.265,0.00,,,,0,-122,1,,,,
331.00,FLARE,0.90,2.00,18.96,-0.38,4.1,0.7,-2.1,-0.8,-521,0.30,0.301,0.261,0.00,,,,0,-124,1,,,,
331.10,FLARE,0.87,1.96,18.94,-0.38,4.1,0.6,-2.0,-0.8,-519,0.30,0.295,0.255,0.00,,,,0,-126,1,,,,
331.20,FLARE,0.83,1.92,18.91,-0.39,4.1,0.6,-1.8,-0.8,-517,0.30,0.297,0.249,0.00,,,,0,-128,1,,,,
331.30,FLARE,0.79,1.88,18.89,-0.40,4.0,0.5,-1.6,-0.8,-515,0.30,0.301,0.242,0.00,,,,0,-130,1,,,,
331.40,FLARE,0.75,1.84,18.87,-0.41,4.0,0.5,-1.4,-0.8,-514,0.30,0.302,0.234,0.00,,,,0,-131,1,,,,
331.50,FLARE,0.71,1.80,18.85,-0.43,4.0,0.5,-1.2,-0.8,-512,0.30,0.298,0.225,0.00,,,,0,-133,1,,,,
331.60,FLARE,0.66,1.76,18.83,-0.44,3.9,0.5,-1.0,-0.8,-510,0.30,0.297,0.216,0.00,,,,0,-135,1,,,,
331.70,FLARE,0.62,1.71,18.81,-0.46,3.8,0.5,-0.8,-0.9,-508,0.30,0.299,0.209,0.00,,,,0,-137,1,,,,
331.80,FLARE,0.57,1.67,18.80,-0.49,3.7,0.5,-0.6,-0.9,-506,0.30,0.303,0.203,0.00,,,,0,-139,1,,,,
331.90,FLARE,0.52,1.62,18.78,-0.52,3.6,0.5,-0.4,-0.9,-504,0.30,0.304,0.198,0.00,,,,0,-141,1,,,,
332.00,FLARE,0.47,1.56,18.77,-0.55,3.5,0.5,-0.3,-0.9,-502,0.30,0.299,0.195,0.00,,,,0,-143,1,,,,
332.10,FLARE,0.41,1.51,18.76,-0.58,3.3,0.6,-0.2,-0.9,-501,0.30,0.304,0.193,0.00,,,,0,-144,1,,,,
332.20,FLARE,0.35,1.45,18.75,-0.62,3.2,0.6,-0.1,-0.9,-499,0.30,0.303,0.192,0.00,,,,0,-146,1,,,,
332.30,FLARE,0.29,1.39,18.75,-0.66,3.0,0.7,-0.0,-1.0,-497,0.30,0.305,0.192,0.00,,,,0,-148,1,,,,
332.40,FLARE,0.22,1.32,18.74,-0.70,2.9,0.7,0.0,-1.0,-495,0.30,0.304,0.194,0.00,,,,0,-150,1,,,,
332.50,ROLLOUT,0.15,1.25,18.74,-0.75,2.7,0.8,0.0,-1.0,-493,0.00,0.307,0.196,0.00,,,,1,-152,1,,,,
332.60,ROLLOUT,0.08,1.18,18.66,-0.48,2.5,0.7,2.6,-1.0,-491,0.00,0.287,0.069,0.00,,,,2,-154,1,,,,
332.70,ROLLOUT,0.05,1.15,18.55,0.04,2.5,0.2,2.4,-1.0,-490,0.00,0.350,-0.057,0.00,,,,2,-155,1,,,,
332.80,ROLLOUT,0.07,1.16,18.45,0.31,3.1,-0.4,2.0,-1.0,-488,0.00,0.350,-0.082,0.00,,,,2,-157,1,,,,
332.90,ROLLOUT,0.10,1.19,18.35,0.23,4.1,-0.7,1.4,-1.1,-486,0.00,0.350,0.045,0.00,,,,2,-159,1,,,,
333.00,ROLLOUT,0.11,1.21,18.25,0.08,4.9,-0.7,0.7,-1.1,-484,0.00,0.350,0.171,0.00,,,,2,-161,1,,,,
333.10,ROLLOUT,0.12,1.21,18.15,-0.01,5.6,-0.6,-0.0,-1.1,-482,0.00,0.350,0.298,0.00,,,,1,-163,1,,,,
333.20,ROLLOUT,0.12,1.21,18.05,-0.07,6.0,-0.4,-0.6,-1.1,-481,0.00,0.350,0.354,0.00,,,,2,-164,1,,,,
333.30,ROLLOUT,0.11,1.20,17.95,-0.13,6.0,-0.3,-1.2,-1.1,-479,0.00,0.350,0.368,0.00,,,,2,-166,1,,,,
333.40,ROLLOUT,0.09,1.19,17.85,-0.14,5.8,-0.3,-1.7,-1.1,-477,0.00,0.350,0.352,0.00,,,,2,-168,1,,,,
333.50,ROLLOUT,0.08,1.18,17.75,-0.04,5.4,-0.4,-2.2,-1.1,-475,0.00,0.350,0.363,0.00,,,,2,-170,1,,,,
333.60,ROLLOUT,0.08,1.18,17.66,0.06,5.1,-0.5,-2.7,-1.1,-473,0.00,0.350,0.398,0.00,,,,2,-172,1,,,,
333.70,ROLLOUT,0.09,1.18,17.57,0.06,4.9,-0.6,-3.3,-1.1,-472,0.00,0.350,0.437,0.00,,,,2,-173,1,,,,
333.80,ROLLOUT,0.09,1.19,17.48,0.01,4.7,-0.7,-3.9,-1.0,-470,0.00,0.350,0.479,0.00,,,,2,-175,1,,,,
333.90,ROLLOUT,0.09,1.19,17.40,-0.03,4.6,-0.7,-4.4,-1.0,-468,0.00,0.350,0.497,0.00,,,,2,-177,1,,,,
334.00,ROLLOUT,0.09,1.18,17.31,-0.03,4.5,-0.7,-5.0,-0.9,-467,0.00,0.350,0.518,0.00,,,,2,-178,1,,,,
334.10,ROLLOUT,0.09,1.18,17.23,-0.01,4.5,-0.8,-5.5,-0.9,-465,0.00,0.350,0.541,0.00,,,,2,-180,1,,,,
334.20,ROLLOUT,0.09,1.18,17.15,-0.00,4.6,-0.8,-6.0,-0.8,-463,0.00,0.350,0.567,0.00,,,,2,-182,1,,,,
334.30,ROLLOUT,0.09,1.18,17.07,-0.01,4.8,-0.9,-6.6,-0.7,-462,0.00,0.350,0.596,0.00,,,,2,-183,1,,,,
334.40,ROLLOUT,0.08,1.18,16.98,-0.02,5.1,-0.9,-7.1,-0.5,-460,0.00,0.350,0.610,0.00,,,,2,-185,1,,,,
334.50,ROLLOUT,0.08,1.18,16.90,-0.02,5.4,-0.9,-7.6,-0.4,-458,0.00,0.350,0.624,0.00,,,,2,-187,0,,,,
334.60,ROLLOUT,0.08,1.18,16.81,-0.02,5.6,-0.9,-8.0,-0.3,-457,0.00,0.350,0.628,0.00,,,,2,-188,0,,,,
334.70,ROLLOUT,0.08,1.17,16.72,-0.02,5.9,-0.9,-8.5,-0.1,-455,0.00,0.350,0.630,0.00,,,,2,-190,0,,,,
334.80,ROLLOUT,0.08,1.17,16.64,-0.01,6.1,-1.0,-8.8,0.0,-454,0.00,0.350,0.633,0.00,,,,2,-191,-0,,,,
334.90,ROLLOUT,0.08,1.17,16.55,-0.01,6.2,-1.0,-9.2,0.2,-452,0.00,0.350,0.633,0.00,,,,2,-193,-0,,,,
335.00,ROLLOUT,0.07,1.17,16.46,-0.01,6.3,-1.0,-9.5,0.4,-450,0.00,0.350,0.636,0.00,,,,2,-195,-0,,,,
335.10,ROLLOUT,0.07,1.17,16.36,-0.01,6.4,-1.1,-9.7,0.5,-449,0.00,0.350,0.633,0.00,,,,2,-196,-1,,,,
335.20,ROLLOUT,0.07,1.17,16.27,-0.01,6.4,-1.1,-10.0,0.7,-447,0.00,0.350,0.630,0.00,,,,2,-198,-1,,,,
335.30,ROLLOUT,0.07,1.17,16.18,-0.01,6.4,-1.1,-10.1,0.9,-446,0.00,0.350,0.625,0.00,,,,2,-199,-1,,,,
335.40,ROLLOUT,0.07,1.16,16.09,-0.01,6.4,-1.2,-10.3,1.1,-444,0.00,0.350,0.616,0.00,,,,2,-201,-1,,,,
335.50,ROLLOUT,0.07,1.16,15.99,-0.01,6.4,-1.2,-10.4,1.3,-443,0.00,0.350,0.608,0.00,,,,2,-202,-1,,,,
335.60,ROLLOUT,0.07,1.16,15.90,-0.01,6.4,-1.2,-10.4,1.4,-441,0.00,0.350,0.594,0.00,,,,2,-204,-1,,,,
335.70,ROLLOUT,0.07,1.16,15.80,-0.01,6.5,-1.2,-10.4,1.6,-440,0.00,0.350,0.578,0.00,,,,2,-205,-2,,,,
335.80,ROLLOUT,0.06,1.16,15.70,-0.01,6.5,-1.2,-10.4,1.8,-438,0.00,0.350,0.560,0.00,,,,2,-207,-2,,,,
335.90,ROLLOUT,0.06,1.16,15.59,-0.02,6.6,-1.2,-10.3,2.0,-437,0.00,0.350,0.537,0.00,,,,2,-208,-2,,,,
336.00,ROLLOUT,0.06,1.16,15.49,-0.02,6.8,-1.2,-10.2,2.1,-435,0.00,0.350,0.513,0.00,,,,2,-210,-2,,,,
336.10,ROLLOUT,0.06,1.16,15.38,-0.02,6.9,-1.2,-10.0,2.3,-434,0.00,0.350,0.485,0.00,,,,2,-211,-2,,,,
336.20,ROLLOUT,0.06,1.15,15.27,-0.02,7.1,-1.2,-9.7,2.4,-432,0.00,0.350,0.456,0.00,,,,2,-213,-2,,,,
336.30,ROLLOUT,0.06,1.15,15.15,-0.02,7.3,-1.2,-9.5,2.5,-431,0.00,0.350,0.426,0.00,,,,2,-214,-3,,,,
336.40,ROLLOUT,0.05,1.15,15.03,-0.02,7.5,-1.2,-9.2,2.6,-429,0.00,0.350,0.343,0.00,,,,3,-216,-3,,,,
336.50,ROLLOUT,0.05,1.15,14.92,-0.01,7.7,-1.2,-8.8,2.7,-428,0.00,0.350,0.327,0.00,,,,3,-217,-3,,,,
336.60,ROLLOUT,0.05,1.15,14.79,0.00,7.7,-1.2,-8.3,2.8,-426,0.00,0.350,0.294,0.00,,,,3,-219,-3,,,,
336.70,ROLLOUT,0.05,1.15,14.67,-0.01,7.6,-1.2,-7.9,2.9,-425,0.00,0.350,0.286,0.00,,,,3,-220,-3,,,,
336.80,ROLLOUT,0.05,1.15,14.55,-0.02,7.6,-1.2,-7.3,2.9,-424,0.00,0.350,0.249,0.00,,,,3,-221,-3,,,,
336.90,ROLLOUT,0.05,1.14,14.42,-0.01,7.6,-1.2,-6.7,3.0,-422,0.00,0.350,0.221,0.00,,,,3,-223,-3,,,,
337.00,ROLLOUT,0.05,1.14,14.29,0.00,7.7,-1.1,-6.2,3.0,-421,0.00,0.350,0.197,0.00,,,,3,-224,-3,,,,
337.10,ROLLOUT,0.05,1.14,14.16,-0.01,7.6,-1.1,-5.5,3.0,-419,0.00,0.350,0.161,0.00,,,,3,-226,-3,,,,
337.20,ROLLOUT,0.05,1.14,14.04,-0.01,7.6,-1.1,-5.0,3.0,-418,0.00,0.350,0.137,0.00,,,,3,-227,-3,,,,
337.30,ROLLOUT,0.05,1.14,13.91,-0.01,7.6,-1.0,-4.3,3.0,-417,0.00,0.350,0.100,0.00,,,,3,-228,-3,,,,
337.40,ROLLOUT,0.04,1.14,13.79,-0.01,7.6,-1.0,-3.7,2.9,-415,0.00,0.350,0.080,0.00,,,,3,-230,-3,,,,
337.50,ROLLOUT,0.04,1.14,13.67,-0.01,7.6,-0.9,-3.2,2.9,-414,0.00,0.350,0.055,0.00,,,,3,-231,-3,,,,
337.60,ROLLOUT,0.04,1.14,13.55,-0.01,7.6,-0.8,-2.6,2.8,-413,0.00,0.350,0.032,0.00,,,,3,-232,-3,,,,
337.70,ROLLOUT,0.04,1.14,13.44,-0.01,7.6,-0.8,-2.2,2.7,-411,0.00,0.350,0.024,0.00,,,,3,-234,-3,,,,
337.80,ROLLOUT,0.04,1.14,13.34,-0.01,7.6,-0.7,-1.8,2.6,-410,0.00,0.350,0.007,0.00,,,,3,-235,-3,,,,
337.90,ROLLOUT,0.04,1.14,13.24,-0.01,7.6,-0.6,-1.4,2.5,-409,0.00,0.350,0.007,0.00,,,,3,-236,-2,,,,
338.00,ROLLOUT,0.04,1.14,13.14,-0.01,7.6,-0.6,-1.2,2.4,-407,0.00,0.350,0.004,0.00,,,,3,-238,-2,,,,
338.10,ROLLOUT,0.04,1.14,13.05,-0.00,7.6,-0.5,-1.0,2.3,-406,0.00,0.350,0.007,0.00,,,,3,-239,-2,,,,
338.20,ROLLOUT,0.04,1.14,12.97,-0.00,7.6,-0.5,-0.9,2.1,-405,0.00,0.350,0.015,0.00,,,,3,-240,-2,,,,
338.30,ROLLOUT,0.04,1.13,12.90,-0.00,7.6,-0.5,-0.8,2.0,-404,0.00,0.350,0.020,0.00,,,,3,-241,-2,,,,
338.40,ROLLOUT,0.04,1.13,12.82,-0.00,7.6,-0.5,-0.8,1.9,-402,0.00,0.350,0.033,0.00,,,,3,-243,-2,,,,
338.50,ROLLOUT,0.04,1.13,12.76,-0.00,7.6,-0.5,-0.8,1.8,-401,0.00,0.350,0.040,0.00,,,,3,-244,-2,,,,
338.60,ROLLOUT,0.04,1.13,12.69,-0.00,7.6,-0.5,-0.8,1.7,-400,0.00,0.350,0.050,0.00,,,,3,-245,-2,,,,
338.70,ROLLOUT,0.04,1.13,12.63,-0.00,7.6,-0.5,-0.9,1.6,-398,0.00,0.350,0.060,0.00,,,,3,-247,-2,,,,
338.80,ROLLOUT,0.04,1.13,12.57,-0.00,7.6,-0.6,-1.0,1.5,-397,0.00,0.350,0.066,0.00,,,,3,-248,-1,,,,
338.90,ROLLOUT,0.04,1.13,12.51,-0.00,7.6,-0.6,-1.0,1.4,-396,0.00,0.350,0.074,0.00,,,,3,-249,-1,,,,
339.00,ROLLOUT,0.04,1.13,12.45,-0.00,7.6,-0.7,-1.1,1.3,-395,0.00,0.350,0.078,0.00,,,,3,-250,-1,,,,
339.10,ROLLOUT,0.04,1.13,12.39,-0.00,7.6,-0.7,-1.2,1.2,-394,0.00,0.350,0.082,0.00,,,,3,-251,-1,,,,
339.20,ROLLOUT,0.04,1.13,12.33,-0.00,7.5,-0.7,-1.2,1.1,-392,0.00,0.350,0.085,0.00,,,,3,-253,-1,,,,
339.30,ROLLOUT,0.04,1.13,12.27,-0.01,7.5,-0.7,-1.3,1.1,-391,0.00,0.350,0.086,0.00,,,,3,-254,-1,,,,
339.40,ROLLOUT,0.04,1.13,12.20,-0.01,7.5,-0.8,-1.3,1.0,-390,0.00,0.350,0.088,0.00,,,,3,-255,-1,,,,
339.50,ROLLOUT,0.03,1.13,12.13,-0.01,7.5,-0.8,-1.4,1.0,-389,0.00,0.350,0.088,0.00,,,,3,-256,-1,,,,
339.60,ROLLOUT,0.03,1.13,12.06,-0.01,7.5,-0.8,-1.4,0.9,-388,0.00,0.350,0.087,0.00,,,,3,-257,-1,,,,
339.70,ROLLOUT,0.03,1.13,11.98,-0.01,7.5,-0.8,-1.4,0.9,-386,0.00,0.350,0.087,0.00,,,,3,-259,-1,,,,
339.80,ROLLOUT,0.03,1.13,11.90,-0.01,7.5,-0.8,-1.4,0.8,-385,0.00,0.350,0.085,0.00,,,,3,-260,-1,,,,
339.90,ROLLOUT,0.03,1.13,11.81,-0.01,7.5,-0.8,-1.4,0.8,-384,0.00,0.350,0.084,0.00,,,,3,-261,-1,,,,
340.00,ROLLOUT,0.03,1.13,11.72,-0.01,7.5,-0.8,-1.4,0.8,-383,0.00,0.350,0.083,0.00,,,,3,-262,-1,,,,
340.10,ROLLOUT,0.03,1.13,11.63,-0.01,7.5,-0.8,-1.4,0.8,-382,0.00,0.350,0.081,0.00,,,,3,-263,-1,,,,
340.20,ROLLOUT,0.03,1.13,11.54,-0.01,7.5,-0.8,-1.4,0.7,-381,0.00,0.350,0.079,0.00,,,,3,-264,-1,,,,
340.30,ROLLOUT,0.03,1.12,11.44,-0.01,7.5,-0.8,-1.4,0.7,-380,0.00,0.350,0.078,0.00,,,,3,-265,-1,,,,
340.40,ROLLOUT,0.03,1.12,11.33,-0.01,7.5,-0.7,-1.4,0.7,-378,0.00,0.350,0.076,0.00,,,,3,-267,-1,,,,
340.50,ROLLOUT,0.03,1.12,11.23,-0.01,7.5,-0.7,-1.4,0.7,-377,0.00,0.350,0.074,0.00,,,,3,-268,-1,,,,
340.60,ROLLOUT,0.03,1.12,11.12,-0.01,7.4,-0.7,-1.3,0.7,-376,0.00,0.350,0.072,0.00,,,,3,-269,-1,,,,
340.70,ROLLOUT,0.03,1.12,11.00,-0.01,7.4,-0.7,-1.3,0.7,-375,0.00,0.350,0.071,0.00,,,,3,-270,-1,,,,
340.80,ROLLOUT,0.03,1.12,10.89,-0.01,7.4,-0.7,-1.3,0.6,-374,0.00,0.350,0.069,0.00,,,,3,-271,-1,,,,
340.90,ROLLOUT,0.02,1.12,10.77,-0.01,7.4,-0.7,-1.3,0.6,-373,0.00,0.350,0.068,0.00,,,,3,-272,-1,,,,
341.00,ROLLOUT,0.02,1.12,10.64,-0.01,7.4,-0.7,-1.2,0.6,-372,0.00,0.350,0.066,0.00,,,,3,-273,-1,,,,
341.10,ROLLOUT,0.02,1.12,10.51,-0.01,7.4,-0.7,-1.2,0.6,-371,0.00,0.350,0.065,0.00,,,,3,-274,-1,,,,
341.20,ROLLOUT,0.02,1.12,10.38,-0.01,7.4,-0.7,-1.2,0.6,-370,0.00,0.350,0.064,0.00,,,,3,-275,-1,,,,
341.30,ROLLOUT,0.02,1.12,10.25,-0.01,7.4,-0.7,-1.2,0.6,-369,0.00,0.350,0.063,0.00,,,,3,-276,-1,,,,
341.40,ROLLOUT,0.02,1.12,10.11,-0.01,7.4,-0.7,-1.2,0.6,-368,0.00,0.350,0.061,0.00,,,,3,-277,-1,,,,
341.50,ROLLOUT,0.02,1.12,9.97,-0.01,7.4,-0.6,-1.1,0.6,-367,0.00,0.350,0.060,0.00,,,,3,-278,-1,,,,
341.60,ROLLOUT,0.02,1.11,9.82,-0.01,7.3,-0.6,-1.1,0.6,-366,0.00,0.350,0.059,0.00,,,,3,-279,-1,,,,
341.70,ROLLOUT,0.02,1.11,9.67,-0.01,7.3,-0.6,-1.1,0.5,-365,0.00,0.350,0.058,0.00,,,,3,-280,-1,,,,
341.80,ROLLOUT,0.02,1.11,9.53,-0.01,7.3,-0.6,-1.1,0.5,-364,0.00,0.350,0.056,0.00,,,,3,-281,-1,,,,
341.90,ROLLOUT,0.02,1.11,9.38,-0.01,7.3,-0.6,-1.0,0.5,-364,0.00,0.350,0.055,0.00,,,,3,-281,-1,,,,
342.00,ROLLOUT,0.02,1.11,9.23,-0.01,7.3,-0.6,-1.0,0.5,-363,0.00,0.350,0.053,0.00,,,,3,-282,-1,,,,
342.10,ROLLOUT,0.02,1.11,9.08,-0.01,7.3,-0.6,-1.0,0.5,-362,0.00,0.350,0.051,0.00,,,,3,-283,-1,,,,
342.20,ROLLOUT,0.01,1.11,8.93,-0.01,7.3,-0.6,-1.0,0.5,-361,0.00,0.350,0.049,0.00,,,,3,-284,-1,,,,
342.30,ROLLOUT,0.01,1.11,8.79,-0.01,7.3,-0.6,-0.9,0.5,-360,0.00,0.350,0.047,0.00,,,,3,-285,-0,,,,
342.40,ROLLOUT,0.01,1.11,8.64,-0.01,7.3,-0.6,-0.9,0.5,-359,0.00,0.350,0.045,0.00,,,,3,-286,-0,,,,
342.50,ROLLOUT,0.01,1.11,8.49,-0.01,7.3,-0.5,-0.9,0.5,-359,0.00,0.350,0.043,0.00,,,,3,-286,-0,,,,
342.60,ROLLOUT,0.01,1.11,8.34,-0.01,7.3,-0.5,-0.8,0.5,-358,0.00,0.350,0.041,0.00,,,,3,-287,-0,,,,
342.70,ROLLOUT,0.01,1.11,8.19,-0.01,7.3,-0.5,-0.8,0.5,-357,0.00,0.350,0.039,0.00,,,,3,-288,-0,,,,
342.80,ROLLOUT,0.01,1.11,8.04,-0.01,7.3,-0.5,-0.8,0.5,-356,0.00,0.350,0.037,0.00,,,,3,-289,-0,,,,
342.90,ROLLOUT,0.01,1.10,7.89,-0.01,7.2,-0.5,-0.7,0.4,-355,0.00,0.350,0.035,0.00,,,,3,-290,-0,,,,
343.00,ROLLOUT,0.01,1.10,7.74,-0.01,7.2,-0.5,-0.7,0.4,-355,0.00,0.350,0.034,0.00,,,,3,-290,-0,,,,
343.10,ROLLOUT,0.01,1.10,7.59,-0.01,7.2,-0.5,-0.7,0.4,-354,0.00,0.350,0.032,0.00,,,,3,-291,-0,,,,
343.20,ROLLOUT,0.01,1.10,7.44,-0.01,7.2,-0.4,-0.6,0.4,-353,0.00,0.350,0.030,0.00,,,,3,-292,-0,,,,
343.30,ROLLOUT,0.01,1.10,7.29,-0.01,7.2,-0.4,-0.6,0.4,-353,0.00,0.350,0.029,0.00,,,,3,-292,-0,,,,
343.40,ROLLOUT,0.01,1.10,7.14,-0.01,7.2,-0.4,-0.6,0.4,-352,0.00,0.350,0.028,0.00,,,,3,-293,-0,,,,
343.50,ROLLOUT,0.01,1.10,6.99,-0.01,7.2,-0.4,-0.6,0.4,-351,0.00,0.350,0.027,0.00,,,,3,-294,-0,,,,
343.60,ROLLOUT,0.00,1.10,6.84,-0.01,7.2,-0.4,-0.5,0.4,-351,0.00,0.350,0.026,0.00,,,,3,-294,-0,,,,
343.70,ROLLOUT,0.00,1.10,6.70,-0.01,7.2,-0.4,-0.5,0.4,-350,0.00,0.350,0.025,0.00,,,,3,-295,-0,,,,
343.80,ROLLOUT,0.00,1.10,6.55,-0.01,7.2,-0.4,-0.5,0.4,-350,0.00,0.350,0.024,0.00,,,,3,-295,-0,,,,
343.90,ROLLOUT,0.00,1.10,6.40,-0.01,7.2,-0.4,-0.5,0.4,-349,0.00,0.350,0.023,0.00,,,,3,-296,-0,,,,
344.00,ROLLOUT,0.00,1.10,6.26,-0.01,7.2,-0.3,-0.5,0.4,-348,0.00,0.350,0.022,0.00,,,,3,-297,-0,,,,
344.10,ROLLOUT,0.00,1.10,6.11,-0.01,7.2,-0.3,-0.4,0.4,-348,0.00,0.350,0.021,0.00,,,,3,-297,-0,,,,
344.20,ROLLOUT,0.00,1.10,5.97,-0.00,7.2,-0.3,-0.4,0.4,-347,0.00,0.350,0.021,0.00,,,,3,-298,-0,,,,
344.30,ROLLOUT,0.00,1.10,5.82,-0.00,7.2,-0.3,-0.4,0.4,-347,0.00,0.350,0.020,0.00,,,,3,-298,-0,,,,
344.40,ROLLOUT,0.00,1.10,5.68,-0.00,7.2,-0.3,-0.4,0.4,-346,0.00,0.350,0.019,0.00,,,,3,-299,-0,,,,
344.50,ROLLOUT,0.00,1.10,5.54,-0.00,7.2,-0.3,-0.4,0.3,-346,0.00,0.350,0.018,0.00,,,,3,-299,-0,,,,
344.60,ROLLOUT,-0.00,1.10,5.40,-0.00,7.2,-0.3,-0.4,0.3,-346,0.00,0.350,0.018,0.00,,,,3,-299,-0,,,,
344.70,ROLLOUT,-0.00,1.09,5.27,-0.00,7.1,-0.3,-0.3,0.3,-345,0.00,0.350,0.017,0.00,,,,3,-300,-0,,,,
344.80,ROLLOUT,-0.00,1.09,5.13,-0.00,7.1,-0.2,-0.3,0.3,-345,0.00,0.350,0.017,0.00,,,,3,-300,-0,,,,
344.90,ROLLOUT,-0.00,1.09,5.00,-0.00,7.1,-0.2,-0.3,0.3,-344,0.00,0.350,0.016,0.00,,,,3,-301,-0,,,,
345.00,ROLLOUT,-0.00,1.09,4.87,-0.00,7.1,-0.2,-0.3,0.3,-344,0.00,0.350,0.015,0.00,,,,3,-301,-0,,,,
345.10,ROLLOUT,-0.00,1.09,4.74,-0.00,7.1,-0.2,-0.3,0.3,-344,0.00,0.350,0.015,0.00,,,,3,-301,-0,,,,
345.20,ROLLOUT,-0.00,1.09,4.61,-0.00,7.1,-0.2,-0.3,0.3,-343,0.00,0.350,0.014,0.00,,,,3,-302,-0,,,,
345.30,ROLLOUT,-0.00,1.09,4.49,-0.00,7.1,-0.2,-0.3,0.3,-343,0.00,0.350,0.014,0.00,,,,3,-302,-0,,,,
345.40,ROLLOUT,-0.00,1.09,4.39,0.00,7.1,-0.2,-0.3,0.3,-343,0.00,0.350,0.013,0.00,,,,3,-302,-0,,,,
345.50,ROLLOUT,-0.00,1.09,4.29,0.00,7.1,-0.2,-0.3,0.3,-342,0.00,0.350,0.013,0.00,,,,3,-303,-0,,,,
345.60,ROLLOUT,-0.00,1.09,4.20,0.00,7.1,-0.2,-0.3,0.3,-342,0.00,0.350,0.012,0.00,,,,3,-303,-0,,,,
345.70,ROLLOUT,-0.00,1.09,4.11,-0.00,7.1,-0.1,-0.2,0.3,-342,0.00,0.350,0.012,0.00,,,,3,-303,-0,,,,
345.80,ROLLOUT,-0.00,1.09,4.04,-0.00,7.2,-0.1,-0.2,0.3,-341,0.00,0.350,0.011,0.00,,,,3,-304,-0,,,,
345.90,ROLLOUT,-0.00,1.09,3.97,0.00,7.2,-0.1,-0.2,0.3,-341,0.00,0.350,0.011,0.00,,,,3,-304,-0,,,,
346.00,ROLLOUT,-0.00,1.09,3.91,0.00,7.2,-0.1,-0.2,0.3,-341,0.00,0.350,0.011,0.00,,,,3,-304,-0,,,,
346.10,ROLLOUT,-0.00,1.09,3.85,0.00,7.2,-0.1,-0.2,0.3,-341,0.00,0.350,0.010,0.00,,,,3,-304,-0,,,,
346.20,ROLLOUT,-0.00,1.09,3.80,0.00,7.2,-0.1,-0.2,0.3,-340,0.00,0.350,0.010,0.00,,,,3,-305,-0,,,,
346.30,ROLLOUT,-0.00,1.09,3.75,0.00,7.2,-0.1,-0.2,0.3,-340,0.00,0.350,0.010,0.00,,,,3,-305,-0,,,,
346.40,ROLLOUT,-0.00,1.09,3.70,0.00,7.2,-0.1,-0.2,0.3,-340,0.00,0.350,0.009,0.00,,,,3,-305,-0,,,,
346.50,ROLLOUT,-0.00,1.09,3.66,0.00,7.2,-0.1,-0.2,0.3,-340,0.00,0.350,0.009,0.00,,,,3,-305,-0,,,,
346.60,ROLLOUT,-0.00,1.09,3.63,0.00,7.2,-0.1,-0.2,0.3,-340,0.00,0.350,0.009,0.00,,,,3,-305,-0,,,,
346.70,ROLLOUT,-0.00,1.09,3.59,0.00,7.2,-0.1,-0.2,0.3,-339,0.00,0.350,0.008,0.00,,,,3,-306,-0,,,,
346.80,ROLLOUT,-0.00,1.09,3.56,0.00,7.2,-0.1,-0.2,0.3,-339,0.00,0.350,0.008,0.00,,,,3,-306,-0,,,,
346.90,ROLLOUT,-0.00,1.09,3.53,0.00,7.2,-0.1,-0.2,0.3,-339,0.00,0.350,0.008,0.00,,,,3,-306,-0,,,,
347.00,ROLLOUT,-0.00,1.09,3.51,0.00,7.2,-0.1,-0.2,0.3,-339,0.00,0.350,0.008,0.00,,,,3,-306,-0,,,,
347.10,ROLLOUT,-0.00,1.09,3.49,0.00,7.2,-0.1,-0.1,0.3,-339,0.00,0.350,0.008,0.00,,,,3,-306,-0,,,,
347.20,ROLLOUT,-0.00,1.09,3.46,0.00,7.2,-0.1,-0.1,0.3,-339,0.00,0.350,0.007,0.00,,,,3,-306,-0,,,,
347.30,ROLLOUT,-0.00,1.09,3.44,-0.00,7.2,-0.1,-0.1,0.3,-339,0.00,0.350,0.007,0.00,,,,3,-306,-0,,,,
347.40,ROLLOUT,-0.00,1.09,3.42,-0.00,7.2,-0.1,-0.1,0.3,-338,0.00,0.350,0.007,0.00,,,,3,-307,-0,,,,
347.50,ROLLOUT,-0.00,1.09,3.41,-0.00,7.2,-0.1,-0.1,0.3,-338,0.00,0.350,0.007,0.00,,,,3,-307,-0,,,,
347.60,ROLLOUT,-0.00,1.09,3.39,-0.00,7.2,-0.1,-0.1,0.3,-338,0.00,0.350,0.007,0.00,,,,3,-307,-0,,,,
347.70,ROLLOUT,-0.00,1.09,3.37,-0.00,7.2,-0.1,-0.1,0.3,-338,0.00,0.350,0.006,0.00,,,,3,-307,-0,,,,
347.80,ROLLOUT,-0.00,1.09,3.35,-0.00,7.2,-0.1,-0.1,0.3,-338,0.00,0.350,0.006,0.00,,,,3,-307,-0,,,,
347.90,ROLLOUT,-0.00,1.09,3.34,-0.00,7.2,-0.1,-0.1,0.3,-338,0.00,0.350,0.006,0.00,,,,3,-307,-0,,,,
348.00,ROLLOUT,-0.00,1.09,3.32,-0.00,7.2,-0.1,-0.1,0.3,-338,0.00,0.350,0.006,0.00,,,,3,-307,-0,,,,
348.10,ROLLOUT,-0.00,1.09,3.30,-0.00,7.2,-0.1,-0.1,0.3,-338,0.00,0.350,0.006,0.00,,,,3,-307,-0,,,,
348.20,ROLLOUT,-0.00,1.09,3.29,-0.00,7.2,-0.1,-0.1,0.3,-337,0.00,0.350,0.006,0.00,,,,3,-308,-0,,,,
348.30,ROLLOUT,-0.00,1.09,3.28,-0.00,7.2,-0.1,-0.1,0.3,-337,0.00,0.350,0.006,0.00,,,,3,-308,-0,,,,
348.40,ROLLOUT,-0.00,1.09,3.26,-0.00,7.2,-0.1,-0.1,0.3,-337,0.00,0.350,0.006,0.00,,,,3,-308,-0,,,,
348.50,ROLLOUT,-0.00,1.09,3.25,-0.00,7.2,-0.1,-0.1,0.3,-337,0.00,0.350,0.006,0.00,,,,3,-308,-0,,,,
348.60,ROLLOUT,-0.00,1.09,3.24,-0.00,7.2,-0.1,-0.1,0.2,-337,0.00,0.350,0.006,0.00,,,,3,-308,-0,,,,
348.70,ROLLOUT,-0.00,1.09,3.23,-0.00,7.2,-0.1,-0.1,0.2,-337,0.00,0.350,0.005,0.00,,,,3,-308,-0,,,,
348.80,ROLLOUT,-0.00,1.09,3.22,-0.00,7.2,-0.0,-0.1,0.2,-337,0.00,0.350,0.005,0.00,,,,3,-308,-0,,,,
348.90,ROLLOUT,-0.00,1.09,3.21,-0.00,7.2,-0.0,-0.1,0.2,-337,0.00,0.350,0.005,0.00,,,,3,-308,-0,,,,
349.00,ROLLOUT,-0.00,1.09,3.20,-0.00,7.2,-0.0,-0.1,0.2,-337,0.00,0.350,0.005,0.00,,,,3,-308,-0,,,,
349.10,ROLLOUT,-0.00,1.09,3.19,-0.00,7.2,-0.0,-0.1,0.2,-337,0.00,0.350,0.005,0.00,,,,3,-308,-0,,,,
349.20,ROLLOUT,-0.00,1.09,3.18,-0.00,7.2,-0.0,-0.1,0.2,-337,0.00,0.350,0.005,0.00,,,,3,-308,-0,,,,
349.30,ROLLOUT,-0.00,1.09,3.17,-0.00,7.2,-0.0,-0.1,0.2,-337,0.00,0.350,0.005,0.00,,,,3,-308,-0,,,,
349.40,STOPPED,-0.00,1.09,3.17,-0.00,7.2,-0.0,-0.1,0.2,-337,0.00,0.350,0.005,0.00,,,,3,-308,-0,,,,